sim_ms,mote_id,src,R,Rhat,e,v1,v2,v3,v4,v5,v6,v7,AC,ML,t,type,action
25034,1,23,768,768,0,0,0,0,0,0,0,0,0,0,25,detection,
25089,3,23,768,768,0,0,0,0,0,0,0,0,0,0,25,detection,
25119,16,23,768,768,0,0,0,0,0,0,0,0,0,0,25,detection,
25153,17,23,768,768,0,0,0,0,0,0,0,0,0,0,25,detection,
26091,1,7,768,768,0,0,0,0,0,0,0,0,0,0,26,detection,
26155,17,6,512,512,0,0,0,0,0,0,0,0,0,0,26,detection,
26197,11,6,512,512,0,0,0,0,0,0,0,0,0,0,26,detection,
26215,3,6,512,512,0,0,0,0,0,0,0,0,0,0,26,detection,
26248,19,6,512,512,0,0,0,0,0,0,0,0,0,0,26,detection,
26266,1,9,512,512,0,0,0,0,0,0,0,0,0,0,26,detection,
26305,15,9,512,512,0,0,0,0,0,0,0,0,0,0,26,detection,
26351,1,22,512,512,0,0,0,0,0,0,0,0,0,0,26,detection,
26370,14,22,512,512,0,0,0,0,0,0,0,0,0,0,26,detection,
26372,19,20,512,512,0,0,0,0,0,0,0,0,0,0,26,detection,
26380,18,22,512,512,0,0,0,0,0,0,0,0,0,0,26,detection,
26498,21,15,768,768,0,0,0,0,0,0,0,0,0,0,26,detection,
26618,10,5,512,512,0,0,0,0,0,0,0,0,0,0,26,detection,
26634,7,5,512,512,0,0,0,0,0,0,0,0,0,0,26,detection,
26678,15,5,512,512,0,0,0,0,0,0,0,0,0,0,26,detection,
26791,1,28,512,512,0,0,0,0,0,0,0,0,0,0,26,detection,
26845,20,28,512,512,0,0,0,0,0,0,0,0,0,0,26,detection,
26858,6,28,512,512,0,0,0,0,0,0,0,0,0,0,26,detection,
26866,22,28,512,512,0,0,0,0,0,0,0,0,0,0,26,detection,
26871,10,28,512,512,0,0,0,0,0,0,0,0,0,0,26,detection,
26872,19,28,512,512,0,0,0,0,0,0,0,0,0,0,26,detection,
26880,5,28,512,512,0,0,0,0,0,0,0,0,0,0,26,detection,
26906,17,28,512,512,0,0,0,0,0,0,0,0,0,0,26,detection,
27056,15,24,512,512,0,0,0,0,0,0,0,0,0,0,27,detection,
27074,1,24,512,512,0,0,0,0,0,0,0,0,0,0,27,detection,
27094,20,24,512,512,0,0,0,0,0,0,0,0,0,0,27,detection,
27120,10,24,512,512,0,0,0,0,0,0,0,0,0,0,27,detection,
27124,21,24,512,512,0,0,0,0,0,0,0,0,0,0,27,detection,
27133,5,24,512,512,0,0,0,0,0,0,0,0,0,0,27,detection,
27140,7,24,512,512,0,0,0,0,0,0,0,0,0,0,27,detection,
28503,18,26,768,768,0,0,0,0,0,0,0,0,0,0,28,detection,
28553,9,26,768,768,0,0,0,0,0,0,0,0,0,0,28,detection,
28620,22,26,768,768,0,0,0,0,0,0,0,0,0,0,28,detection,
28625,19,11,1024,1024,0,0,0,0,0,0,0,0,0,0,28,detection,
28659,17,11,1024,1024,0,0,0,0,0,0,0,0,0,0,28,detection,
28718,3,17,768,768,0,0,0,0,0,0,0,0,0,0,28,detection,
28722,20,17,768,768,0,0,0,0,0,0,0,0,0,0,28,detection,
28733,6,17,768,768,0,0,0,0,0,0,0,0,0,0,28,detection,
28749,19,17,768,768,0,0,0,0,0,0,0,0,0,0,28,detection,
28771,13,17,768,768,0,0,0,0,0,0,0,0,0,0,28,detection,
28824,11,17,768,768,0,0,0,0,0,0,0,0,0,0,28,detection,
28868,16,31,1024,1024,0,0,0,0,0,0,0,0,0,0,28,detection,
28910,12,31,1024,1024,0,0,0,0,0,0,0,0,0,0,28,detection,
29073,2,29,1024,1024,0,0,0,0,0,0,0,0,0,0,29,detection,
29123,16,29,1024,1024,0,0,0,0,0,0,0,0,0,0,29,detection,
29159,17,29,1024,1024,0,0,0,0,0,0,0,0,0,0,29,detection,
29234,6,3,768,768,0,0,0,0,0,0,0,0,0,0,29,detection,
29245,16,3,768,768,0,0,0,0,0,0,0,0,0,0,29,detection,
29255,19,3,768,768,0,0,0,0,0,0,0,0,0,0,29,detection,
29285,17,3,768,768,0,0,0,0,0,0,0,0,0,0,29,detection,
29324,2,3,768,768,0,0,0,0,0,0,0,0,0,0,29,detection,
29325,11,3,768,768,0,0,0,0,0,0,0,0,0,0,29,detection,
29537,12,16,1024,1024,0,0,0,0,0,0,0,0,0,0,29,detection,
29578,2,16,1024,1024,0,0,0,0,0,0,0,0,0,0,29,detection,
29591,3,16,1024,1024,0,0,0,0,0,0,0,0,0,0,29,detection,
29997,22,18,1024,1024,0,0,0,0,0,0,0,0,0,0,29,detection,
29997,16,18,1024,1024,0,0,0,0,0,0,0,0,0,0,29,detection,
30096,20,25,1024,1024,0,0,0,0,0,0,0,0,0,0,30,detection,
30120,10,25,1024,1024,0,0,0,0,0,0,0,0,0,0,30,detection,
30127,19,25,1024,1024,0,0,0,0,0,0,0,0,0,0,30,detection,
30133,5,25,1024,1024,0,0,0,0,0,0,0,0,0,0,30,detection,
30144,13,25,1024,1024,0,0,0,0,0,0,0,0,0,0,30,detection,
30177,9,14,1024,1024,0,0,0,0,0,0,0,0,0,0,30,detection,
30244,4,14,1024,1024,0,0,0,0,0,0,0,0,0,0,30,detection,
30248,22,14,1024,1024,0,0,0,0,0,0,0,0,0,0,30,detection,
30260,5,10,1024,1024,0,0,0,0,0,0,0,0,0,0,30,detection,
30264,7,10,1024,1024,0,0,0,0,0,0,0,0,0,0,30,detection,
30294,1,10,1024,1024,0,0,0,0,0,0,0,0,0,0,30,detection,
30486,6,19,1024,1024,0,0,0,0,0,0,0,0,0,0,30,detection,
30496,10,19,1024,1024,0,0,0,0,0,0,0,0,0,0,30,detection,
30536,17,19,1024,1024,0,0,0,0,0,0,0,0,0,0,30,detection,
30552,8,19,1024,1024,0,0,0,0,0,0,0,0,0,0,30,detection,
30595,3,19,1024,1024,0,0,0,0,0,0,0,0,0,0,30,detection,
31458,1,24,512,512,0,0,0,0,0,0,0,0,0,0,31,detection,
31469,20,24,512,512,0,0,0,0,0,0,0,0,0,0,31,detection,
31495,10,24,512,512,0,0,0,0,0,0,0,0,0,0,31,detection,
31498,21,24,512,512,0,0,0,0,0,0,0,0,0,0,31,detection,
31507,5,24,512,512,0,0,0,0,0,0,0,0,0,0,31,detection,
31515,7,24,512,512,0,0,0,0,0,0,0,0,0,0,31,detection,
31554,15,24,512,512,0,0,0,0,0,0,0,0,0,0,31,detection,
31604,1,5,512,512,0,0,0,0,0,0,0,0,0,0,31,detection,
31625,21,5,512,512,0,0,0,0,0,0,0,0,0,0,31,detection,
31640,7,5,512,512,0,0,0,0,0,0,0,0,0,0,31,detection,
31679,15,5,512,512,0,0,0,0,0,0,0,0,0,0,31,detection,
31872,21,15,512,512,0,0,0,0,0,0,4,0,0,0,31,detection,
31883,5,15,512,512,0,0,0,0,0,0,0,0,0,0,31,detection,
31891,7,15,512,512,0,0,0,0,0,0,0,0,0,0,31,detection,
31929,9,15,512,512,0,0,0,0,0,0,0,0,0,0,31,detection,
32304,8,30,1280,1280,0,0,0,0,0,0,0,0,0,0,32,detection,
32326,11,30,1280,1280,0,0,0,0,0,0,0,0,0,0,32,detection,
32378,19,30,1280,1280,0,0,0,0,0,0,0,0,0,0,32,detection,
32663,12,2,1280,1280,0,0,0,0,0,0,0,0,0,0,32,detection,
32718,3,2,1280,1280,0,0,0,0,0,0,0,0,0,0,32,detection,
32802,8,13,1024,1024,0,0,0,0,0,0,0,0,0,0,32,detection,
33122,16,27,1280,1280,0,0,0,0,0,0,0,0,0,0,33,detection,
33129,18,27,1280,1280,0,0,0,0,0,0,0,0,0,0,33,detection,
33164,12,27,1280,1280,0,0,0,0,0,0,0,0,0,0,33,detection,
33202,2,27,1280,1280,0,0,0,0,0,0,0,0,0,0,33,detection,
33885,5,21,512,512,0,0,0,0,0,0,0,0,0,0,33,detection,
33930,15,21,512,512,0,0,0,0,0,0,0,0,0,0,33,detection,
33930,9,21,512,512,0,0,0,0,0,0,0,0,0,0,33,detection,
34075,2,29,1024,1024,0,0,0,0,0,0,1,0,0,0,34,detection,
34254,19,17,819,819,0,0,0,0,0,0,0,0,0,0,34,detection,
34269,13,17,819,819,0,0,0,0,0,0,1,0,0,0,34,detection,
34372,22,9,512,512,0,0,0,0,0,0,0,0,0,0,34,detection,
34373,14,9,512,512,0,0,0,0,0,0,0,0,0,0,34,detection,
34375,10,7,512,512,0,0,0,0,0,0,0,0,0,0,34,detection,
34391,1,9,512,512,0,0,0,0,0,0,0,0,0,0,34,detection,
34447,11,6,512,512,0,0,0,0,0,0,1,0,0,0,34,detection,
34466,3,6,512,512,0,0,0,0,0,0,0,0,0,0,34,detection,
34472,20,6,512,512,0,0,0,0,0,0,0,0,0,0,34,detection,
34499,10,6,512,512,0,0,0,0,0,0,0,0,0,0,34,detection,
34501,19,6,512,512,0,0,0,0,0,0,1,0,0,0,34,detection,
34512,5,6,512,512,0,0,0,0,0,0,0,0,0,0,34,detection,
34535,12,16,1024,1024,0,0,0,0,0,0,0,0,0,0,34,detection,
34578,2,16,1024,1024,0,0,0,0,0,0,1,0,0,0,34,detection,
34591,3,16,1024,1024,0,0,0,0,0,0,0,0,0,0,34,detection,
34670,1,23,512,512,0,0,0,0,0,0,4,0,0,0,34,detection,
34750,10,20,512,512,0,0,0,0,0,0,0,0,0,0,34,detection,
34842,1,22,512,512,0,0,0,0,0,0,0,0,0,0,34,detection,
34865,6,22,512,512,0,0,0,0,0,0,0,0,0,0,34,detection,
34885,1,28,512,512,0,0,0,0,0,0,0,0,0,0,34,detection,
34949,2,3,768,768,0,0,0,0,0,0,1,0,0,0,34,detection,
34997,10,28,512,512,0,0,0,0,0,0,0,0,0,0,34,detection,
35498,10,25,768,768,0,0,0,0,0,0,4,0,0,0,35,detection,
35503,19,25,768,768,0,0,0,0,0,0,4,0,0,0,35,detection,
35511,5,25,768,768,0,0,0,0,0,0,4,0,0,0,35,detection,
35521,13,25,768,768,0,0,0,0,0,0,4,0,0,0,35,detection,
35536,17,25,768,768,0,0,0,0,0,0,0,0,0,0,35,detection,
35595,20,25,768,768,0,0,0,0,0,0,4,0,0,0,35,detection,
35639,1,10,1024,1024,0,0,0,0,0,0,0,0,0,0,35,detection,
35970,3,18,1280,1280,0,0,0,0,0,0,0,0,0,0,35,detection,
35996,22,18,1280,1280,0,0,0,0,0,0,1,0,0,0,35,detection,
35997,16,18,1280,1280,0,0,0,0,0,0,1,0,0,0,35,detection,
36717,3,2,1536,1536,0,0,0,0,0,0,3,0,0,0,36,detection,
36787,12,2,1536,1536,0,0,0,0,0,0,3,0,0,0,36,detection,
37180,9,26,768,768,0,0,0,0,0,0,0,0,0,0,37,detection,
37245,22,26,768,768,0,0,0,0,0,0,0,0,0,0,37,detection,
37248,4,26,768,768,0,0,0,0,0,0,0,0,0,0,37,detection,
37249,14,26,768,768,0,0,0,0,0,0,0,0,0,0,37,detection,
37250,21,26,768,768,0,0,0,0,0,0,0,0,0,0,37,detection,
37252,18,26,768,768,0,0,0,0,0,0,0,0,0,0,37,detection,
37805,9,14,1024,1024,0,0,0,0,0,0,3,0,0,0,37,detection,
37827,11,13,1075,1075,0,0,0,0,0,0,0,0,0,0,37,detection,
37868,4,14,1024,1024,0,0,0,0,0,0,4,0,0,0,37,detection,
37870,22,14,1024,1024,0,0,0,0,0,0,3,0,0,0,37,detection,
37875,21,14,1024,1024,0,0,0,0,0,0,0,0,0,0,37,detection,
37926,8,13,1075,1075,0,0,0,0,0,0,0,0,0,0,37,detection,
38129,19,30,1331,1331,0,0,0,0,0,0,0,0,0,0,38,detection,
38148,13,30,1331,1331,0,0,0,0,0,0,0,0,0,0,38,detection,
38176,8,30,1331,1331,0,0,0,0,0,0,0,0,0,0,38,detection,
38523,13,11,1024,1024,0,0,0,0,0,0,0,0,0,0,38,detection,
38532,17,11,1024,1024,0,0,0,0,0,0,0,0,0,0,38,detection,
38552,8,11,1024,1024,0,0,0,0,0,0,0,0,0,0,38,detection,
38613,6,11,1024,1024,0,0,0,0,0,0,0,0,0,0,38,detection,
38626,19,11,1024,1024,0,0,0,0,0,0,0,0,0,0,38,detection,
38953,11,19,998,998,0,0,0,0,0,0,0,0,0,0,38,detection,
38969,3,19,998,998,0,0,0,0,0,0,0,0,0,0,38,detection,
38975,20,19,998,998,0,0,0,0,0,0,0,0,0,0,38,detection,
38986,6,19,998,998,0,0,0,0,0,0,0,0,0,0,38,detection,
39000,10,19,998,998,0,0,0,0,0,0,0,0,0,0,39,detection,
39025,13,19,998,998,0,0,0,0,0,0,0,0,0,0,39,detection,
39034,17,19,998,998,0,0,0,0,0,0,0,0,0,0,39,detection,
39052,8,19,998,998,0,0,0,0,0,0,1,0,0,0,39,detection,
40203,2,12,1280,1280,0,0,0,0,0,0,0,0,0,0,40,detection,
40248,16,12,1280,1280,0,0,0,0,0,0,0,0,0,0,40,detection,
41078,2,27,1280,1280,0,0,0,0,0,0,1,0,0,0,41,detection,
41122,16,27,1280,1280,0,0,0,0,0,0,0,0,0,0,41,detection,
41128,18,27,1280,1280,0,0,0,0,0,0,0,0,0,0,41,detection,
41495,14,4,1280,1280,0,0,0,0,0,0,0,0,0,0,41,detection,
42202,11,8,1254,1254,0,0,0,0,0,0,0,0,0,0,42,detection,
42274,13,8,1254,1254,0,0,0,0,0,0,0,0,0,0,42,detection,
44206,1,22,512,512,0,0,0,0,0,0,0,0,0,0,44,detection,
44237,6,22,512,512,0,0,0,0,0,0,0,0,0,0,44,detection,
44251,21,22,512,512,0,0,0,0,0,0,0,0,0,0,44,detection,
44255,18,22,512,512,0,0,0,0,0,0,1,0,0,0,44,detection,
44374,21,15,512,512,0,0,0,0,0,0,5,0,0,0,44,detection,
44384,5,15,512,512,0,0,0,0,0,0,0,0,0,0,44,detection,
44387,7,15,512,512,0,0,0,0,0,0,0,0,0,0,44,detection,
44730,1,7,512,512,0,0,0,0,0,0,4,0,0,0,44,detection,
44749,10,7,512,512,0,0,0,0,0,0,0,0,0,0,44,detection,
44760,5,7,512,512,0,0,0,0,0,0,0,0,0,0,44,detection,
44785,12,2,1280,1280,0,0,0,0,0,0,7,0,0,0,44,detection,
44842,3,2,1280,1280,0,0,0,0,0,0,7,0,0,0,44,detection,
44857,1,9,512,512,0,0,0,0,0,0,0,0,0,0,44,detection,
44869,22,9,512,512,0,0,0,0,0,0,0,0,0,0,44,detection,
44872,14,9,512,512,0,0,0,0,0,0,1,0,0,0,44,detection,
44873,16,2,1280,1280,0,0,0,0,0,0,0,0,0,0,44,detection,
44876,21,9,512,512,0,0,0,0,0,0,0,0,0,0,44,detection,
45378,19,20,512,512,0,0,0,0,0,0,0,0,0,0,45,detection,
45522,1,28,512,512,0,0,0,0,0,0,0,0,0,0,45,detection,
45535,17,28,512,512,0,0,0,0,0,0,1,0,0,0,45,detection,
45593,20,28,512,512,0,0,0,0,0,0,0,0,0,0,45,detection,
45611,6,28,512,512,0,0,0,0,0,0,0,0,0,0,45,detection,
45619,22,28,512,512,0,0,0,0,0,0,0,0,0,0,45,detection,
45624,10,28,512,512,0,0,0,0,0,0,0,0,0,0,45,detection,
45625,19,28,512,512,0,0,0,0,0,0,0,0,0,0,45,detection,
45642,5,28,512,512,0,0,0,0,0,0,0,0,0,0,45,detection,
45756,1,24,512,512,0,0,0,0,0,0,0,0,0,0,45,detection,
45761,5,24,512,512,0,0,0,0,0,0,0,0,0,0,45,detection,
45763,7,24,512,512,0,0,0,0,0,0,0,0,0,0,45,detection,
45806,15,24,512,512,0,0,0,0,0,0,0,0,0,0,45,detection,
45845,20,24,512,512,0,0,0,0,0,0,0,0,0,0,45,detection,
45872,10,24,512,512,0,0,0,0,0,0,0,0,0,0,45,detection,
45876,21,24,512,512,0,0,0,0,0,0,0,0,0,0,45,detection,
45930,9,14,768,768,0,0,0,0,0,0,7,0,0,0,45,detection,
45995,22,14,768,768,0,0,0,0,0,0,7,0,0,0,45,detection,
45997,4,14,768,768,0,0,0,0,0,0,8,0,0,0,45,detection,
46000,21,14,768,768,0,0,0,0,0,0,4,0,0,0,46,detection,
48150,1,23,512,512,0,0,0,0,0,0,5,0,0,0,48,detection,
48162,17,23,512,512,0,0,0,0,0,0,9,0,0,0,48,detection,
48238,6,23,512,512,0,0,0,0,0,0,0,0,0,0,48,detection,
48244,16,23,512,512,0,0,0,0,0,0,6,0,0,0,48,detection,
48246,22,23,512,512,0,0,0,0,0,0,0,0,0,0,48,detection,
48257,18,23,512,512,0,0,0,0,0,0,0,0,0,0,48,detection,
50012,5,21,512,512,0,0,0,0,0,0,0,0,0,0,50,detection,
50056,15,21,512,512,0,0,0,0,0,0,0,0,0,0,50,detection,
50427,8,13,1075,1075,0,0,0,0,0,0,0,0,0,0,50,detection,
50450,11,13,1075,1075,0,0,0,0,0,0,0,0,0,0,50,detection,
50622,10,19,976,976,0,0,0,0,0,0,0,0,0,0,50,detection,
50632,18,31,1187,1187,0,0,0,0,0,0,0,0,0,0,50,detection,
50647,13,19,976,976,0,0,0,0,0,0,0,0,0,0,50,detection,
50660,12,31,1187,1187,0,0,0,0,0,0,3,0,0,0,50,detection,
50681,15,5,534,534,0,0,0,0,0,0,0,0,0,0,50,detection,
50703,11,19,976,976,0,0,0,0,0,0,0,0,0,0,50,detection,
50747,10,5,534,534,0,0,0,0,0,0,1,0,0,0,50,detection,
50748,1,5,534,534,0,0,0,0,0,0,0,0,0,0,50,detection,
50751,21,5,534,534,0,0,0,0,0,0,0,0,0,0,50,detection,
50827,2,3,793,793,0,0,0,0,0,0,1,0,0,0,50,detection,
50863,6,3,793,793,0,0,0,0,0,0,0,0,0,0,50,detection,
50872,16,3,793,793,0,0,0,0,0,0,0,0,0,0,50,detection,
50876,19,3,793,793,0,0,0,0,0,0,0,0,0,0,50,detection,
50881,18,3,793,793,0,0,0,0,0,0,0,0,0,0,50,detection,
51159,17,6,512,512,0,0,0,0,0,0,3,0,0,0,51,detection,
51251,22,6,512,512,0,0,0,0,0,0,0,0,0,0,51,detection,
51258,5,6,512,512,0,0,0,0,0,0,0,0,0,0,51,detection,
51620,22,18,1024,1024,0,0,0,0,0,0,5,0,0,0,51,detection,
51627,16,18,1024,1024,0,0,0,0,0,0,5,0,0,0,51,detection,
51719,3,18,1024,1024,0,0,0,0,0,0,4,0,0,0,51,detection,
52370,14,4,1049,1049,0,0,0,0,0,0,0,0,0,0,52,detection,
52758,18,16,819,819,0,0,0,0,0,0,0,0,0,0,52,detection,
52788,12,16,819,819,0,0,0,0,0,0,0,0,0,0,52,detection,
52827,2,16,819,819,0,0,0,0,0,0,1,0,0,0,52,detection,
52841,3,16,819,819,0,0,0,0,0,0,0,0,0,0,52,detection,
53237,6,17,855,855,0,0,0,0,0,0,0,0,0,0,53,detection,
53251,19,17,855,855,0,0,0,0,0,0,0,0,0,0,53,detection,
53252,21,26,768,768,0,0,0,0,0,0,0,0,0,0,53,detection,
53305,9,26,768,768,0,0,0,0,0,0,0,0,0,0,53,detection,
53348,20,17,855,855,0,0,0,0,0,0,0,0,0,0,53,detection,
53371,22,26,768,768,0,0,0,0,0,0,0,0,0,0,53,detection,
53409,17,29,768,768,0,0,0,0,0,0,3,0,0,0,53,detection,
53451,2,29,768,768,0,0,0,0,0,0,2,0,0,0,53,detection,
53455,11,29,768,768,0,0,0,0,0,0,0,0,0,0,53,detection,
53467,3,29,768,768,0,0,0,0,0,0,0,0,0,0,53,detection,
53495,16,29,768,768,0,0,0,0,0,0,0,0,0,0,53,detection,
53648,13,11,1024,1024,0,0,0,0,0,0,0,0,0,0,53,detection,
53677,8,11,1024,1024,0,0,0,0,0,0,0,0,0,0,53,detection,
53738,6,11,1024,1024,0,0,0,0,0,0,0,0,0,0,53,detection,
53751,19,11,1024,1024,0,0,0,0,0,0,0,0,0,0,53,detection,
54722,20,25,813,813,0,0,0,0,0,0,4,0,0,0,54,detection,
54749,10,25,813,813,0,0,0,0,0,0,4,0,0,0,54,detection,
54750,19,25,813,813,0,0,0,0,0,0,4,0,0,0,54,detection,
54758,5,25,813,813,0,0,0,0,0,0,4,0,0,0,54,detection,
54773,13,25,813,813,0,0,0,0,0,0,4,0,0,0,54,detection,
54784,17,25,813,813,0,0,0,0,0,0,3,0,0,0,54,detection,
54830,1,10,1046,1046,0,0,0,0,0,0,0,0,0,0,54,detection,
54850,20,10,1046,1046,0,0,0,0,0,0,0,0,0,0,54,detection,
54887,5,10,1046,1046,0,0,0,0,0,0,0,0,0,0,54,detection,
54888,7,10,1046,1046,0,0,0,0,0,0,0,0,0,0,54,detection,
56329,2,12,1443,1443,0,0,0,0,0,0,0,0,0,0,56,detection,
56373,16,12,1443,1443,0,0,0,0,0,0,0,0,0,0,56,detection,
56594,3,18,768,768,0,0,0,0,0,0,10,0,0,0,56,detection,
56619,22,18,768,768,0,0,0,0,0,0,9,0,0,0,56,detection,
56626,16,18,768,768,0,0,0,0,0,0,9,0,0,0,56,detection,
56910,12,27,1024,1024,0,0,0,0,0,0,3,0,0,0,56,detection,
56953,2,27,1024,1024,0,0,0,0,0,0,4,0,0,0,56,detection,
57006,18,27,1024,1024,0,0,0,0,0,0,4,0,0,0,57,detection,
58899,13,8,1254,1254,0,0,0,0,0,0,0,0,0,0,58,detection,
58951,11,8,1254,1254,0,0,0,0,0,0,0,0,0,0,58,detection,
59181,9,14,768,768,0,0,0,0,0,0,8,0,0,0,59,detection,
59244,4,14,768,768,0,0,0,0,0,0,9,0,0,0,59,detection,
61163,12,2,1075,1075,0,0,0,0,0,0,8,0,0,0,61,detection,
61217,3,2,1075,1075,0,0,0,0,0,0,8,0,0,0,61,detection,
61247,16,2,1075,1075,0,0,0,0,0,0,0,0,0,0,61,detection,
64124,16,27,1024,1024,0,0,0,0,0,0,3,0,0,0,64,detection,
64131,18,27,1024,1024,0,0,0,0,0,0,4,0,0,0,64,detection,
69909,1,7,512,512,0,0,0,0,0,0,5,0,0,0,69,detection,
69932,15,7,512,512,0,0,0,0,0,0,0,0,0,0,69,detection,
69996,14,9,512,512,0,0,0,0,0,0,1,0,0,0,69,detection,
69997,10,7,512,512,0,0,0,0,0,0,0,0,0,0,69,detection,
69998,22,9,512,512,0,0,0,0,0,0,0,0,0,0,69,detection,
70036,1,9,512,512,0,0,0,0,0,0,0,0,0,0,70,detection,
70056,15,9,512,512,0,0,0,0,0,0,0,0,0,0,70,detection,
70968,3,18,768,768,0,0,0,0,0,0,13,0,0,0,70,detection,
70997,16,18,768,768,0,0,0,0,0,0,11,0,0,0,70,detection,
72094,3,6,512,512,0,0,0,0,0,0,0,0,0,0,72,detection,
72098,20,6,512,512,0,0,0,0,0,0,0,0,0,0,72,detection,
72120,22,6,512,512,0,0,0,0,0,0,0,0,0,0,72,detection,
72124,10,6,512,512,0,0,0,0,0,0,0,0,0,0,72,detection,
72133,5,6,512,512,0,0,0,0,0,0,0,0,0,0,72,detection,
72157,17,6,512,512,0,0,0,0,0,0,3,0,0,0,72,detection,
72200,11,6,512,512,0,0,0,0,0,0,1,0,0,0,72,detection,
72247,14,22,512,512,0,0,0,0,0,0,2,0,0,0,72,detection,
72257,18,22,512,512,0,0,0,0,0,0,2,0,0,0,72,detection,
72265,7,15,512,512,0,0,0,0,0,0,0,0,0,0,72,detection,
72288,1,22,512,512,0,0,0,0,0,0,0,0,0,0,72,detection,
72305,9,22,512,512,0,0,0,0,0,0,0,0,0,0,72,detection,
74382,18,31,1155,1155,0,0,0,0,0,0,0,0,0,0,74,detection,
74410,12,31,1155,1155,0,0,0,0,0,0,2,0,0,0,74,detection,
74535,17,3,793,793,0,0,0,0,0,0,3,0,0,0,74,detection,
74575,2,3,793,793,0,0,0,0,0,0,1,0,0,0,74,detection,
74576,11,3,793,793,0,0,0,0,0,0,0,0,0,0,74,detection,
74611,6,3,793,793,0,0,0,0,0,0,0,0,0,0,74,detection,
74624,16,3,793,793,0,0,0,0,0,0,0,0,0,0,74,detection,
74624,19,3,793,793,0,0,0,0,0,0,1,0,0,0,74,detection,
75521,1,23,512,512,0,0,0,0,0,0,4,0,0,0,75,detection,
75535,17,23,512,512,0,0,0,0,0,0,10,0,0,0,75,detection,
75612,6,23,512,512,0,0,0,0,0,0,0,0,0,0,75,detection,
75620,22,23,512,512,0,0,0,0,0,0,0,0,0,0,75,detection,
75625,16,23,512,512,0,0,0,0,0,0,6,0,0,0,75,detection,
75633,18,23,512,512,0,0,0,0,0,0,1,0,0,0,75,detection,
76078,2,27,1024,1024,0,0,0,0,0,0,4,0,0,0,76,detection,
76123,16,27,1024,1024,0,0,0,0,0,0,3,0,0,0,76,detection,
76131,18,27,1024,1024,0,0,0,0,0,0,4,0,0,0,76,detection,
76164,12,27,1024,1024,0,0,0,0,0,0,3,0,0,0,76,detection,
77688,1,24,512,512,0,0,0,0,0,0,0,0,0,0,77,detection,
77749,10,24,512,512,0,0,0,0,0,0,0,0,0,0,77,detection,
77764,7,24,512,512,0,0,0,0,0,0,0,0,0,0,77,detection,
77807,15,24,512,512,0,0,0,0,0,0,0,0,0,0,77,detection,
77899,13,8,1254,1254,0,0,0,0,0,0,0,0,0,0,77,detection,
77951,11,8,1254,1254,0,0,0,0,0,0,0,0,0,0,77,detection,
78117,6,20,512,512,0,0,0,0,0,0,0,0,0,0,78,detection,
78123,10,20,512,512,0,0,0,0,0,0,0,0,0,0,78,detection,
78130,19,20,512,512,0,0,0,0,0,0,3,0,0,0,78,detection,
78210,1,5,531,531,0,0,0,0,0,0,0,0,0,0,78,detection,
78258,10,5,531,531,0,0,0,0,0,0,1,0,0,0,78,detection,
78263,7,5,531,531,0,0,0,0,0,0,0,0,0,0,78,detection,
78308,15,5,531,531,0,0,0,0,0,0,0,0,0,0,78,detection,
78413,1,28,512,512,0,0,0,0,0,0,0,0,0,0,78,detection,
78469,20,28,512,512,0,0,0,0,0,0,0,0,0,0,78,detection,
78499,10,28,512,512,0,0,0,0,0,0,0,0,0,0,78,detection,
78503,19,28,512,512,0,0,0,0,0,0,5,0,0,0,78,detection,
78508,5,28,512,512,0,0,0,0,0,0,0,0,0,0,78,detection,
78537,17,28,512,512,0,0,0,0,0,0,5,0,0,0,78,detection,
78772,13,17,850,850,0,0,0,0,0,0,1,0,0,0,78,detection,
78824,11,17,850,850,0,0,0,0,0,0,0,0,0,0,78,detection,
78842,3,17,850,850,0,0,0,0,0,0,0,0,0,0,78,detection,
78846,20,17,850,850,0,0,0,0,0,0,0,0,0,0,78,detection,
78863,6,17,850,850,0,0,0,0,0,0,0,0,0,0,78,detection,
78876,19,17,850,850,0,0,0,0,0,0,6,0,0,0,78,detection,
79470,3,19,976,976,0,0,0,0,0,0,0,0,0,0,79,detection,
79486,20,19,976,976,0,0,0,0,0,0,0,0,0,0,79,detection,
79487,6,19,976,976,0,0,0,0,0,0,0,0,0,0,79,detection,
79524,13,19,976,976,0,0,0,0,0,0,0,0,0,0,79,detection,
81470,20,25,813,813,0,0,0,0,0,0,3,0,0,0,81,detection,
81496,10,25,813,813,0,0,0,0,0,0,3,0,0,0,81,detection,
81501,19,25,813,813,0,0,0,0,0,0,9,0,0,0,81,detection,
81509,5,25,813,813,0,0,0,0,0,0,3,0,0,0,81,detection,
81535,17,25,813,813,0,0,0,0,0,0,5,0,0,0,81,detection,
81803,8,30,1318,1318,0,0,0,0,0,0,0,0,0,0,81,detection,
81826,11,30,1318,1318,0,0,0,0,0,0,0,0,0,0,81,detection,
81879,19,30,1318,1318,0,0,0,0,0,0,5,0,0,0,81,detection,
81898,13,30,1318,1318,0,0,0,0,0,0,0,0,0,0,81,detection,
83371,22,21,512,512,0,0,0,0,0,0,0,0,0,0,83,detection,
83372,14,21,512,512,0,0,0,0,0,0,0,0,0,0,83,detection,
83382,5,21,512,512,0,0,0,0,0,0,0,0,0,0,83,detection,
83431,15,21,512,512,0,0,0,0,0,0,0,0,0,0,83,detection,
84305,9,26,768,768,0,0,0,0,0,0,0,0,0,0,84,detection,
84371,22,26,768,768,0,0,0,0,0,0,0,0,0,0,84,detection,
84372,4,26,768,768,0,0,0,0,0,0,0,0,0,0,84,detection,
84374,14,26,768,768,0,0,0,0,0,0,0,0,0,0,84,detection,
84375,21,26,768,768,0,0,0,0,0,0,0,0,0,0,84,detection,
84379,18,26,768,768,0,0,0,0,0,0,1,0,0,0,84,detection,
85575,2,29,768,768,0,0,0,0,0,0,2,0,0,0,85,detection,
85595,3,29,768,768,0,0,0,0,0,0,0,0,0,0,85,detection,
85620,16,29,768,768,0,0,0,0,0,0,0,0,0,0,85,detection,
85658,17,29,768,768,0,0,0,0,0,0,5,0,0,0,85,detection,
85866,1,10,1017,1017,0,0,0,0,0,0,0,0,0,0,85,detection,
85882,5,10,1017,1017,0,0,0,0,0,0,0,0,0,0,85,detection,
85889,7,10,1017,1017,0,0,0,0,0,0,0,0,0,0,85,detection,
85909,12,16,850,850,0,0,0,0,0,0,0,0,0,0,85,detection,
85948,2,16,850,850,0,0,0,0,0,0,1,0,0,0,85,detection,
85967,3,16,850,850,0,0,0,0,0,0,0,0,0,0,85,detection,
85973,20,10,1017,1017,0,0,0,0,0,0,0,0,0,0,85,detection,
86006,18,16,850,850,0,0,0,0,0,0,0,0,0,0,86,detection,
86930,9,15,512,512,0,0,0,0,0,0,0,0,0,0,86,detection,
87115,6,11,998,998,0,0,0,0,0,0,0,0,0,0,87,detection,
87148,13,11,998,998,0,0,0,0,0,0,0,0,0,0,87,detection,
87176,8,11,998,998,0,0,0,0,0,0,0,0,0,0,87,detection,
87661,12,2,1106,1106,0,0,0,0,0,0,9,0,0,0,87,detection,
87719,3,2,1106,1106,0,0,0,0,0,0,9,0,0,0,87,detection,
89122,22,26,768,768,0,0,0,0,0,0,0,0,0,0,89,detection,
89305,8,13,1131,1131,0,0,0,0,0,0,0,0,0,0,89,detection,
89328,11,13,1131,1131,0,0,0,0,0,0,0,0,0,0,89,detection,
89679,9,14,768,768,0,0,0,0,0,0,9,0,0,0,89,detection,
89701,2,12,1411,1411,0,0,0,0,0,0,0,0,0,0,89,detection,
89746,4,14,768,768,0,0,0,0,0,0,10,0,0,0,89,detection,
89749,21,14,768,768,0,0,0,0,0,0,5,0,0,0,89,detection,
89753,22,14,768,768,0,0,0,0,0,0,8,0,0,0,89,detection,
90748,14,4,1046,1046,0,0,0,0,0,0,0,0,0,0,90,detection,
92873,16,27,1024,1024,0,0,0,0,0,0,3,0,0,0,92,detection,
94703,11,8,1254,1254,0,0,0,0,0,0,0,0,0,0,94,detection,
95718,3,18,768,768,0,0,0,0,0,0,14,0,0,0,95,detection,
95747,16,18,768,768,0,0,0,0,0,0,12,0,0,0,95,detection,
103497,4,14,768,768,0,0,0,0,0,0,10,0,0,0,103,detection,
114249,16,27,1024,1024,0,0,0,0,0,0,3,0,0,0,114,detection,
114257,18,27,1024,1024,0,0,0,0,0,0,4,0,0,0,114,detection,
114285,12,27,1024,1024,0,0,0,0,0,0,3,0,0,0,114,detection,
114329,2,27,1024,1024,0,0,0,0,0,0,4,0,0,0,114,detection,
121220,3,19,976,976,0,0,0,0,0,0,0,0,0,0,121,detection,
121224,20,19,976,976,0,0,0,0,0,0,0,0,0,0,121,detection,
121237,6,19,976,976,0,0,0,0,0,0,1,0,0,0,121,detection,
121274,13,19,976,976,0,0,0,0,0,0,0,0,0,0,121,detection,
121284,17,19,976,976,0,0,0,0,0,0,5,0,0,0,121,detection,
121305,9,21,512,512,0,0,0,0,0,0,0,0,0,0,121,detection,
121371,22,21,512,512,0,0,0,0,0,0,0,0,0,0,121,detection,
121373,14,21,512,512,0,0,0,0,0,0,0,0,0,0,121,detection,
121488,6,11,998,998,0,0,0,0,0,0,1,0,0,0,121,detection,
121504,19,11,998,998,0,0,0,0,0,0,7,0,0,0,121,detection,
121538,17,11,998,998,0,0,0,0,0,0,7,0,0,0,121,detection,
121554,8,11,998,998,0,0,0,0,0,0,0,0,0,0,121,detection,
123552,8,30,1318,1318,0,0,0,0,0,0,0,0,0,0,123,detection,
123576,11,30,1318,1318,0,0,0,0,0,0,0,0,0,0,123,detection,
123647,13,30,1318,1318,0,0,0,0,0,0,0,0,0,0,123,detection,
124110,6,3,787,787,0,0,0,0,0,0,1,0,0,0,124,detection,
124127,19,3,787,787,0,0,0,0,0,0,7,0,0,0,124,detection,
124132,18,3,787,787,0,0,0,0,0,0,0,0,0,0,124,detection,
124157,17,3,787,787,0,0,0,0,0,0,7,0,0,0,124,detection,
124198,2,3,787,787,0,0,0,0,0,0,1,0,0,0,124,detection,
124199,11,3,787,787,0,0,0,0,0,0,0,0,0,0,124,detection,
125279,1,23,512,512,0,0,0,0,0,0,4,0,0,0,125,detection,
125284,17,23,512,512,0,0,0,0,0,0,13,0,0,0,125,detection,
125343,3,23,512,512,0,0,0,0,0,0,6,0,0,0,125,detection,
125362,6,23,512,512,0,0,0,0,0,0,1,0,0,0,125,detection,
125370,22,23,512,512,0,0,0,0,0,0,0,0,0,0,125,detection,
125373,16,23,512,512,0,0,0,0,0,0,6,0,0,0,125,detection,
125382,18,23,512,512,0,0,0,0,0,0,1,0,0,0,125,detection,
127826,11,17,841,841,0,0,0,0,0,0,0,0,0,0,127,detection,
127844,3,17,841,841,0,0,0,0,0,0,0,0,0,0,127,detection,
127848,20,17,841,841,0,0,0,0,0,0,0,0,0,0,127,detection,
127877,19,17,841,841,0,0,0,0,0,0,9,0,0,0,127,detection,
127898,13,17,841,841,0,0,0,0,0,0,1,0,0,0,127,detection,
127909,12,16,841,841,0,0,0,0,0,0,0,0,0,0,127,detection,
127953,2,16,841,841,0,0,0,0,0,0,1,0,0,0,127,detection,
127967,3,16,841,841,0,0,0,0,0,0,0,0,0,0,127,detection,
136625,19,20,512,512,0,0,0,0,0,0,9,0,0,0,136,detection,
136626,10,20,512,512,0,0,0,0,0,0,0,0,0,0,136,detection,
136737,6,20,512,512,0,0,0,0,0,0,1,0,0,0,136,detection,
136995,22,14,768,768,0,0,0,0,0,0,9,0,0,0,136,detection,
136995,4,14,768,768,0,0,0,0,0,0,10,0,0,0,136,detection,
137721,20,25,808,808,0,0,0,0,0,0,3,0,0,0,137,detection,
137746,10,25,808,808,0,0,0,0,0,0,3,0,0,0,137,detection,
137751,19,25,808,808,0,0,0,0,0,0,12,0,0,0,137,detection,
137759,5,25,808,808,0,0,0,0,0,0,3,0,0,0,137,detection,
137771,13,25,808,808,0,0,0,0,0,0,3,0,0,0,137,detection,
139121,22,26,768,768,0,0,0,0,0,0,0,0,0,0,139,detection,
139122,4,26,768,768,0,0,0,0,0,0,0,0,0,0,139,detection,
139125,21,26,768,768,0,0,0,0,0,0,0,0,0,0,139,detection,
139129,18,26,768,768,0,0,0,0,0,0,1,0,0,0,139,detection,
139179,9,26,768,768,0,0,0,0,0,0,0,0,0,0,139,detection,
140659,1,10,1017,1017,0,0,0,0,0,0,0,0,0,0,140,detection,
140723,20,10,1017,1017,0,0,0,0,0,0,0,0,0,0,140,detection,
140761,5,10,1017,1017,0,0,0,0,0,0,0,0,0,0,140,detection,
140763,7,10,1017,1017,0,0,0,0,0,0,0,0,0,0,140,detection,
143174,1,5,527,527,0,0,0,0,0,0,0,0,0,0,143,detection,
143180,15,5,527,527,0,0,0,0,0,0,0,0,0,0,143,detection,
143223,20,5,527,527,0,0,0,0,0,0,0,0,0,0,143,detection,
143249,10,5,527,527,0,0,0,0,0,0,1,0,0,0,143,detection,
143249,21,5,527,527,0,0,0,0,0,0,0,0,0,0,143,detection,
143265,7,5,527,527,0,0,0,0,0,0,0,0,0,0,143,detection,
143382,1,28,512,512,0,0,0,0,0,0,0,0,0,0,143,detection,
143385,5,28,512,512,0,0,0,0,0,0,0,0,0,0,143,detection,
143408,17,28,512,512,0,0,0,0,0,0,7,0,0,0,143,detection,
143478,20,28,512,512,0,0,0,0,0,0,0,0,0,0,143,detection,
143487,6,28,512,512,0,0,0,0,0,0,1,0,0,0,143,detection,
143496,10,28,512,512,0,0,0,0,0,0,0,0,0,0,143,detection,
143497,22,28,512,512,0,0,0,0,0,0,0,0,0,0,143,detection,
143502,19,28,512,512,0,0,0,0,0,0,9,0,0,0,143,detection,
143534,1,24,512,512,0,0,0,0,0,0,0,0,0,0,143,detection,
143623,10,24,512,512,0,0,0,0,0,0,0,0,0,0,143,detection,
143627,21,24,512,512,0,0,0,0,0,0,0,0,0,0,143,detection,
143638,7,24,512,512,0,0,0,0,0,0,0,0,0,0,143,detection,
145159,17,6,512,512,0,0,0,0,0,0,7,0,0,0,145,detection,
145197,11,6,512,512,0,0,0,0,0,0,1,0,0,0,145,detection,
145219,3,6,512,512,0,0,0,0,0,0,0,0,0,0,145,detection,
145246,22,6,512,512,0,0,0,0,0,0,0,0,0,0,145,detection,
145249,19,6,512,512,0,0,0,0,0,0,10,0,0,0,145,detection,
145250,10,6,512,512,0,0,0,0,0,0,0,0,0,0,145,detection,
145259,5,6,512,512,0,0,0,0,0,0,0,0,0,0,145,detection,
145299,1,22,537,537,0,0,0,0,0,0,0,0,0,0,145,detection,
145306,9,22,537,537,0,0,0,0,0,0,0,0,0,0,145,detection,
145363,6,22,537,537,0,0,0,0,0,0,1,0,0,0,145,detection,
145373,14,22,537,537,0,0,0,0,0,0,2,0,0,0,145,detection,
145376,21,22,537,537,0,0,0,0,0,0,0,0,0,0,145,detection,
145379,18,22,537,537,0,0,0,0,0,0,2,0,0,0,145,detection,
147055,9,15,512,512,0,0,0,0,0,0,0,0,0,0,147,detection,
147124,21,15,512,512,0,0,0,0,0,0,4,0,0,0,147,detection,
147134,5,15,512,512,0,0,0,0,0,0,0,0,0,0,147,detection,
147140,7,15,512,512,0,0,0,0,0,0,0,0,0,0,147,detection,
147688,1,7,512,512,0,0,0,0,0,0,4,0,0,0,147,detection,
147746,22,9,512,512,0,0,0,0,0,0,0,0,0,0,147,detection,
147748,14,9,512,512,0,0,0,0,0,0,1,0,0,0,147,detection,
147749,16,2,1097,1097,0,0,0,0,0,0,0,0,0,0,147,detection,
147785,12,2,1097,1097,0,0,0,0,0,0,9,0,0,0,147,detection,
149451,2,29,768,768,0,0,0,0,0,0,2,0,0,0,149,detection,
149454,11,29,768,768,0,0,0,0,0,0,0,0,0,0,149,detection,
149466,3,29,768,768,0,0,0,0,0,0,0,0,0,0,149,detection,
149495,16,29,768,768,0,0,0,0,0,0,0,0,0,0,149,detection,
149537,17,29,768,768,0,0,0,0,0,0,9,0,0,0,149,detection,
149633,18,27,1024,1024,0,0,0,0,0,0,4,0,0,0,149,detection,
149662,12,27,1024,1024,0,0,0,0,0,0,3,0,0,0,149,detection,
149702,2,27,1024,1024,0,0,0,0,0,0,4,0,0,0,149,detection,
150757,18,31,862,862,0,0,0,0,0,0,0,0,0,0,150,detection,
150784,12,31,862,862,0,0,0,0,0,0,2,0,0,0,150,detection,
151427,8,13,1119,1119,0,0,0,0,0,0,0,0,0,0,151,detection,
151451,11,13,1119,1119,0,0,0,0,0,0,0,0,0,0,151,detection,
152870,14,4,1041,1041,0,0,0,0,0,0,0,0,0,0,152,detection,
153997,16,12,1118,1118,0,0,0,0,0,0,0,0,0,0,153,detection,
154077,2,12,1118,1118,0,0,0,0,0,0,0,0,0,0,154,detection,
155651,13,8,1254,1254,0,0,0,0,0,0,0,0,0,0,155,detection,
155703,11,8,1254,1254,0,0,0,0,0,0,0,0,0,0,155,detection,
160005,18,31,852,852,0,0,0,0,0,0,0,0,0,0,160,detection,
161343,3,18,768,768,0,0,0,0,0,0,14,0,0,0,161,detection,
161373,16,18,768,768,0,0,0,0,0,0,13,0,0,0,161,detection,
165755,18,27,1024,1024,0,0,0,0,0,0,0,0,0,0,165,detection,
176126,21,14,768,768,0,0,0,0,0,0,4,0,0,0,176,detection,
185828,11,30,1064,1064,0,0,0,0,0,0,5,0,0,0,185,detection,
185876,19,30,1064,1064,0,0,0,0,0,0,15,0,0,0,185,detection,
185900,13,30,1064,1064,0,0,0,0,0,0,5,0,0,0,185,detection,
185929,8,30,1064,1064,0,0,0,0,0,0,5,0,0,0,185,detection,
186722,20,19,919,919,0,0,0,0,0,0,0,0,0,0,186,detection,
190328,11,19,768,768,0,0,0,0,0,0,6,0,0,0,190,detection,
190345,3,19,768,768,0,0,0,0,0,0,5,0,0,0,190,detection,
190349,20,19,768,768,0,0,0,0,0,0,5,0,0,0,190,detection,
190362,6,19,768,768,0,0,0,0,0,0,7,0,0,0,190,detection,
190375,10,19,768,768,0,0,0,0,0,0,5,0,0,0,190,detection,
190399,13,19,768,768,0,0,0,0,0,0,5,0,0,0,190,detection,
190409,17,19,768,768,0,0,0,0,0,0,15,0,0,0,190,detection,
190427,8,19,768,768,0,0,0,0,0,0,7,0,0,0,190,detection,
194129,19,30,1064,1064,0,0,0,0,0,0,18,0,0,0,194,detection,
194148,13,30,1064,1064,0,0,0,0,0,0,7,0,0,0,194,detection,
194177,8,30,1064,1064,0,0,0,0,0,0,6,0,0,0,194,detection,
194201,11,30,1064,1064,0,0,0,0,0,0,7,0,0,0,194,detection,
196306,15,21,512,512,0,0,0,0,0,0,0,0,0,0,196,detection,
196470,20,28,512,512,0,0,0,0,0,0,0,0,0,0,196,detection,
198219,3,29,768,768,0,0,0,0,0,0,0,0,0,0,198,detection,
198721,20,17,858,858,0,0,0,0,0,0,0,0,0,0,198,detection,
198914,17,3,783,783,0,0,0,0,0,0,11,0,0,0,198,detection,
199022,13,19,819,819,0,0,0,0,0,0,5,0,0,0,199,detection,
199040,17,19,819,819,0,0,0,0,0,0,19,0,0,0,199,detection,
199051,8,19,819,819,0,0,0,0,0,0,8,0,0,0,199,detection,
199075,11,19,819,819,0,0,0,0,0,0,6,0,0,0,199,detection,
199092,3,19,819,819,0,0,0,0,0,0,5,0,0,0,199,detection,
199096,20,19,819,819,0,0,0,0,0,0,5,0,0,0,199,detection,
199113,6,19,819,819,0,0,0,0,0,0,7,0,0,0,199,detection,
199121,10,19,819,819,0,0,0,0,0,0,6,0,0,0,199,detection,
201998,16,12,1118,1118,0,0,0,0,0,0,0,0,0,0,201,detection,
206005,19,30,764,1064,-300,100,86,100,57,12,18,0,97,100,206,detection,
206024,13,30,764,1064,-300,100,100,100,68,16,7,0,97,100,206,detection,
206077,11,30,764,1064,-300,100,100,100,68,16,7,0,97,100,206,detection,
210362,6,19,808,808,0,0,0,0,0,0,8,0,0,0,210,detection,
210375,10,19,808,808,0,0,0,0,0,0,6,0,0,0,210,detection,
210400,13,19,808,808,0,0,0,0,0,0,5,0,0,0,210,detection,
210410,17,19,808,808,0,0,0,0,0,0,19,0,0,0,210,detection,
210428,8,19,808,808,0,0,0,0,0,0,8,0,0,0,210,detection,
210452,11,19,808,808,0,0,0,0,0,0,6,0,0,0,210,detection,
210469,3,19,808,808,0,0,0,0,0,0,6,0,0,0,210,detection,
210474,20,19,808,808,0,0,0,0,0,0,5,0,0,0,210,detection,
219126,19,17,840,840,0,0,0,0,0,0,10,0,0,0,219,detection,
219149,13,17,840,840,0,0,0,0,0,0,1,0,0,0,219,detection,
219201,11,17,840,840,0,0,0,0,0,0,0,0,0,0,219,detection,
219218,20,17,840,840,0,0,0,0,0,0,0,0,0,0,219,detection,
219235,6,17,840,840,0,0,0,0,0,0,2,0,0,0,219,detection,
221257,18,26,468,768,-300,100,100,100,76,16,1,0,97,100,221,detection,
224544,1,23,212,512,-300,100,100,100,72,16,4,0,97,100,224,detection,
224595,3,23,212,512,-300,100,100,100,69,16,6,0,97,100,224,detection,
224614,6,23,212,512,-300,100,100,100,76,16,1,0,97,100,224,detection,
224625,16,23,212,512,-300,100,100,100,69,16,6,0,97,100,224,detection,
224626,22,23,212,512,-300,100,100,100,78,16,0,0,97,100,224,detection,
224634,18,23,212,512,-300,100,100,100,76,16,1,0,97,100,224,detection,
224668,17,23,212,512,-300,100,84,100,56,12,19,0,97,100,224,detection,
226998,16,31,542,842,-300,88,100,100,78,16,0,0,96,100,226,detection,
227007,18,31,542,842,-300,88,100,100,78,16,0,0,96,100,227,detection,
227039,12,31,542,842,-300,88,100,100,75,16,2,0,97,100,227,detection,
227998,16,2,1119,1119,0,0,0,0,0,0,0,0,0,0,227,detection,
228038,12,2,1119,1119,0,0,0,0,0,0,8,0,0,0,228,detection,
228092,3,2,1119,1119,0,0,0,0,0,0,8,0,0,0,228,detection,
230744,4,14,787,787,0,0,0,0,0,0,4,0,0,0,230,detection,
230747,22,14,787,787,0,0,0,0,0,0,9,0,0,0,230,detection,
230751,21,14,787,787,0,0,0,0,0,0,4,0,0,0,230,detection,
230805,9,14,787,787,0,0,0,0,0,0,9,0,0,0,230,detection,
230829,2,27,498,798,-300,100,100,100,67,16,8,0,97,100,230,detection,
230873,16,27,498,798,-300,100,100,100,68,16,7,0,97,100,230,detection,
230885,18,27,498,798,-300,100,100,100,73,16,3,0,97,100,230,detection,
230914,12,27,498,798,-300,100,100,100,68,16,7,0,97,100,230,detection,
230988,6,20,512,512,0,0,0,0,0,0,1,0,0,0,230,detection,
231877,21,5,518,518,0,0,0,0,0,0,0,0,0,0,231,detection,
231888,7,5,518,518,0,0,0,0,0,0,0,0,0,0,231,detection,
231903,1,5,518,518,0,0,0,0,0,0,0,0,0,0,231,detection,
231931,15,5,518,518,0,0,0,0,0,0,0,0,0,0,231,detection,
232871,14,21,512,512,0,0,0,0,0,0,0,0,0,0,232,detection,
232874,22,21,512,512,0,0,0,0,0,0,0,0,0,0,232,detection,
232886,5,21,512,512,0,0,0,0,0,0,0,0,0,0,232,detection,
232931,15,21,512,512,0,0,0,0,0,0,0,0,0,0,232,detection,
232991,1,9,512,512,0,0,0,0,0,0,0,0,0,0,232,detection,
232996,22,9,512,512,0,0,0,0,0,0,0,0,0,0,232,detection,
232998,14,9,512,512,0,0,0,0,0,0,1,0,0,0,232,detection,
233001,21,9,512,512,0,0,0,0,0,0,0,0,0,0,233,detection,
233058,15,9,512,512,0,0,0,0,0,0,0,0,0,0,233,detection,
233364,6,3,779,779,0,0,0,0,0,0,1,0,0,0,233,detection,
233373,16,3,779,779,0,0,0,0,0,0,0,0,0,0,233,detection,
233380,19,3,779,779,0,0,0,0,0,0,12,0,0,0,233,detection,
233381,18,3,779,779,0,0,0,0,0,0,0,0,0,0,233,detection,
233449,11,3,779,779,0,0,0,0,0,0,0,0,0,0,233,detection,
233452,2,3,779,779,0,0,0,0,0,0,2,0,0,0,233,detection,
234343,3,2,754,754,0,0,0,0,0,0,12,0,0,0,234,detection,
234373,16,2,754,754,0,0,0,0,0,0,3,0,0,0,234,detection,
234413,12,2,754,754,0,0,0,0,0,0,8,0,0,0,234,detection,
235804,8,19,822,822,0,0,0,0,0,0,7,0,0,0,235,detection,
235828,11,19,822,822,0,0,0,0,0,0,6,0,0,0,235,detection,
235875,10,19,822,822,0,0,0,0,0,0,6,0,0,0,235,detection,
235895,13,19,822,822,0,0,0,0,0,0,2,0,0,0,235,detection,
235910,17,19,822,822,0,0,0,0,0,0,19,0,0,0,235,detection,
236039,12,27,1098,798,300,0,100,100,100,33,7,0,82,75,236,detection,
236078,2,27,1098,798,300,0,100,100,100,33,4,0,82,75,236,detection,
236122,16,27,1098,798,300,0,100,100,100,33,3,0,82,75,236,detection,
236130,18,27,1098,798,300,0,100,100,100,33,3,0,82,75,236,detection,
236380,18,16,877,877,0,0,0,0,0,0,0,0,0,0,236,detection,
236411,12,16,877,877,0,0,0,0,0,0,0,0,0,0,236,detection,
236451,2,16,877,877,0,0,0,0,0,0,4,0,0,0,236,detection,
236469,3,16,877,877,0,0,0,0,0,0,0,0,0,0,236,detection,
238499,16,31,1121,821,300,0,100,100,100,33,0,0,82,75,238,detection,
238508,18,31,1121,821,300,0,100,100,100,33,0,0,82,75,238,detection,
238540,12,31,1121,821,300,0,100,100,100,33,2,0,82,75,238,detection,
239092,3,2,1152,1152,0,0,0,0,0,0,12,0,0,0,239,detection,
239123,16,2,1152,1152,0,0,0,0,0,0,7,0,0,0,239,detection,
239163,12,2,1152,1152,0,0,0,0,0,0,13,0,0,0,239,detection,
239204,11,30,1364,1064,300,0,100,100,100,33,8,0,82,75,239,detection,
239252,19,30,1364,1064,300,0,82,100,100,25,21,0,80,75,239,detection,
239276,13,30,1364,1064,300,0,100,100,100,33,8,0,82,75,239,detection,
239304,8,30,1364,1064,300,0,100,100,68,0,7,0,82,55,239,detection,
241201,2,27,724,1024,-300,100,97,100,100,0,10,0,96,100,241,detection,
241250,16,27,724,1024,-300,100,100,100,100,50,7,0,96,100,241,detection,
241258,18,27,724,1024,-300,100,100,100,100,50,7,0,96,100,241,detection,
241291,12,27,724,1024,-300,100,100,100,100,50,7,0,96,100,241,detection,
241874,16,12,1133,1133,0,0,0,0,0,0,3,0,0,0,241,detection,
243749,16,2,980,980,0,0,0,0,0,0,11,0,0,0,243,detection,
243785,12,2,980,980,0,0,0,0,0,0,16,0,0,0,243,detection,
243842,3,2,980,980,0,0,0,0,0,0,16,0,0,0,243,detection,
244634,18,31,1110,810,300,0,100,100,0,33,0,0,82,75,244,detection,
244661,12,31,1110,810,300,0,100,100,0,0,3,0,82,75,244,detection,
246134,5,15,512,512,0,0,0,0,0,0,0,0,0,0,246,detection,
246140,7,15,512,512,0,0,0,0,0,0,0,0,0,0,246,detection,
246179,9,15,512,512,0,0,0,0,0,0,0,0,0,0,246,detection,
246248,21,15,512,512,0,0,0,0,0,0,4,0,0,0,246,detection,
247577,2,27,1324,1024,300,0,96,100,100,14,11,0,82,75,247,detection,
247634,18,27,1324,1024,300,0,100,100,100,66,7,0,82,75,247,detection,
247662,12,27,1324,1024,300,0,100,100,100,66,7,0,82,75,247,detection,
249027,1,22,529,529,0,0,0,0,0,0,0,0,0,0,249,detection,
249056,9,22,529,529,0,0,0,0,0,0,0,0,0,0,249,detection,
249117,6,22,529,529,0,0,0,0,0,0,3,0,0,0,249,detection,
249123,14,22,529,529,0,0,0,0,0,0,2,0,0,0,249,detection,
249126,21,22,529,529,0,0,0,0,0,0,0,0,0,0,249,detection,
249129,18,22,529,529,0,0,0,0,0,0,2,0,0,0,249,detection,
249279,1,28,212,512,-300,100,100,100,78,16,0,0,97,100,249,detection,
249288,17,28,212,512,-300,100,93,100,62,14,13,0,97,100,249,detection,
249347,20,28,212,512,-300,100,100,100,78,16,0,0,97,100,249,detection,
249372,22,28,212,512,-300,100,100,100,78,16,0,0,97,100,249,detection,
249375,6,28,212,512,-300,100,100,100,73,16,3,0,97,100,249,detection,
249377,10,28,212,512,-300,100,100,100,78,16,0,0,97,100,249,detection,
249378,19,28,212,512,-300,100,94,100,63,14,12,0,97,100,249,detection,
249385,5,28,212,512,-300,100,100,100,78,16,0,0,97,100,249,detection,
250039,12,27,724,1024,-300,100,100,100,100,83,7,0,88,100,250,detection,
250247,16,2,1148,1148,0,0,0,0,0,0,11,0,0,0,250,detection,
250287,12,2,1148,1148,0,0,0,0,0,0,20,0,0,0,250,detection,
250372,16,23,812,512,300,0,100,100,100,33,5,0,82,75,250,detection,
250703,2,12,1133,1133,0,0,0,0,0,0,8,0,0,0,250,detection,
250748,16,12,1133,1133,0,0,0,0,0,0,3,0,0,0,250,detection,
251503,19,30,764,1064,-300,100,91,100,100,42,14,0,96,100,251,detection,
253078,2,27,1324,1024,300,0,94,100,0,0,12,0,82,75,253,detection,
253124,16,27,1324,1024,300,0,100,100,100,66,8,0,82,75,253,detection,
253131,18,27,1324,1024,300,0,100,100,0,66,7,0,82,75,253,detection,
253165,12,27,1324,1024,300,0,100,100,100,100,7,0,77,75,253,detection,
254086,1,24,212,512,-300,100,100,100,78,16,0,0,97,100,254,detection,
254100,20,24,212,512,-300,100,100,100,78,16,0,0,97,100,254,detection,
254125,10,24,212,512,-300,100,100,100,78,16,0,0,97,100,254,detection,
254129,21,24,212,512,-300,100,100,100,78,16,0,0,97,100,254,detection,
254138,5,24,212,512,-300,100,100,100,78,16,0,0,97,100,254,detection,
254141,7,24,212,512,-300,100,100,100,78,16,0,0,97,100,254,detection,
254184,15,24,212,512,-300,100,100,100,78,16,0,0,97,100,254,detection,
255075,11,6,512,512,0,0,0,0,0,0,1,0,0,0,255,detection,
255092,3,6,512,512,0,0,0,0,0,0,0,0,0,0,255,detection,
255098,20,6,512,512,0,0,0,0,0,0,0,0,0,0,255,detection,
255123,10,6,512,512,0,0,0,0,0,0,0,0,0,0,255,detection,
255124,22,6,512,512,0,0,0,0,0,0,0,0,0,0,255,detection,
255136,5,6,512,512,0,0,0,0,0,0,0,0,0,0,255,detection,
255873,10,20,512,512,0,0,0,0,0,0,0,0,0,0,255,detection,
255876,19,20,512,512,0,0,0,0,0,0,12,0,0,0,255,detection,
256574,1,7,512,512,0,0,0,0,0,0,4,0,0,0,256,detection,
256623,10,7,512,512,0,0,0,0,0,0,0,0,0,0,256,detection,
256681,15,7,512,512,0,0,0,0,0,0,0,0,0,0,256,detection,
256720,3,18,768,768,0,0,0,0,0,0,15,0,0,0,256,detection,
256745,22,18,768,768,0,0,0,0,0,0,11,0,0,0,256,detection,
256749,16,18,768,768,0,0,0,0,0,0,9,0,0,0,256,detection,
256826,2,16,1024,1024,0,0,0,0,0,0,10,0,0,0,256,detection,
256850,3,16,1024,1024,0,0,0,0,0,0,4,0,0,0,256,detection,
256883,18,16,1024,1024,0,0,0,0,0,0,4,0,0,0,256,detection,
256910,12,16,1024,1024,0,0,0,0,0,0,5,0,0,0,256,detection,
257557,15,7,512,512,0,0,0,0,0,0,0,0,0,0,257,detection,
257751,16,31,510,810,-300,100,100,100,100,50,1,0,96,100,257,detection,
257762,18,31,510,810,-300,100,100,100,100,50,0,0,96,100,257,detection,
257787,12,31,510,810,-300,100,100,100,100,16,2,0,96,100,257,detection,
259161,17,29,487,787,-300,100,93,100,62,14,13,0,97,100,259,detection,
259250,16,2,1291,1291,0,0,0,0,0,0,12,0,0,0,259,detection,
259285,12,2,1291,1291,0,0,0,0,0,0,21,0,0,0,259,detection,
259891,7,10,972,972,0,0,0,0,0,0,0,0,0,0,259,detection,
259892,1,10,972,972,0,0,0,0,0,0,0,0,0,0,259,detection,
259971,20,10,972,972,0,0,0,0,0,0,0,0,0,0,259,detection,
260009,5,10,972,972,0,0,0,0,0,0,0,0,0,0,260,detection,
260327,2,12,766,766,0,0,0,0,0,0,12,0,0,0,260,detection,
260371,16,12,766,766,0,0,0,0,0,0,8,0,0,0,260,detection,
260912,12,27,466,766,-300,100,94,100,100,100,12,0,87,100,260,detection,
263612,6,11,956,956,0,0,0,0,0,0,3,0,0,0,263,detection,
263626,19,11,956,956,0,0,0,0,0,0,12,0,0,0,263,detection,
263650,13,11,956,956,0,0,0,0,0,0,0,0,0,0,263,detection,
263660,17,11,956,956,0,0,0,0,0,0,13,0,0,0,263,detection,
263679,8,11,956,956,0,0,0,0,0,0,0,0,0,0,263,detection,
264525,13,8,1078,1078,0,0,0,0,0,0,0,0,0,0,264,detection,
264538,12,16,1087,1087,0,0,0,0,0,0,1,0,0,0,264,detection,
264577,2,16,1087,1087,0,0,0,0,0,0,5,0,0,0,264,detection,
264630,18,16,1087,1087,0,0,0,0,0,0,4,0,0,0,264,detection,
265384,5,24,812,512,300,0,100,100,100,33,0,0,82,75,265,detection,
265523,13,8,1078,1078,0,0,0,0,0,0,0,0,0,0,265,detection,
265792,17,25,538,838,-300,89,90,100,60,14,15,0,97,100,265,detection,
266625,16,27,1066,766,300,0,94,100,0,57,12,0,82,75,266,detection,
266633,18,27,1066,766,300,0,96,100,0,57,11,0,82,75,266,detection,
266662,12,27,1066,766,300,0,94,100,100,100,12,0,77,75,266,detection,
268824,2,12,766,766,0,0,0,0,0,0,12,0,0,0,268,detection,
268873,16,12,766,766,0,0,0,0,0,0,3,0,0,0,268,detection,
269910,12,2,1351,1351,0,0,0,0,0,0,21,0,0,0,269,detection,
269968,3,2,1351,1351,0,0,0,0,0,0,19,0,0,0,269,detection,
269999,16,2,1351,1351,0,0,0,0,0,0,12,0,0,0,269,detection,
271702,1,10,768,768,0,0,0,0,0,0,4,0,0,0,271,detection,
271723,20,10,768,768,0,0,0,0,0,0,5,0,0,0,271,detection,
271761,5,10,768,768,0,0,0,0,0,0,5,0,0,0,271,detection,
271763,7,10,768,768,0,0,0,0,0,0,5,0,0,0,271,detection,
274054,8,13,1131,1131,0,0,0,0,0,0,0,0,0,0,274,detection,
274077,11,13,1131,1131,0,0,0,0,0,0,0,0,0,0,274,detection,
275496,14,4,1051,1051,0,0,0,0,0,0,0,0,0,0,275,detection,
276077,2,16,1080,1080,0,0,0,0,0,0,5,0,0,0,276,detection,
280007,5,10,768,768,0,0,0,0,0,0,6,0,0,0,280,detection,
280008,1,10,768,768,0,0,0,0,0,0,2,0,0,0,280,detection,
280014,7,10,768,768,0,0,0,0,0,0,6,0,0,0,280,detection,
280097,20,10,768,768,0,0,0,0,0,0,6,0,0,0,280,detection,
280246,16,12,766,766,0,0,0,0,0,0,3,0,0,0,280,detection,
280307,9,26,1068,768,300,0,100,100,78,0,0,0,82,55,280,detection,
280325,2,12,766,766,0,0,0,0,0,0,7,0,0,0,280,detection,
280373,22,26,1068,768,300,0,100,100,78,0,0,0,82,55,280,detection,
280375,14,26,1068,768,300,0,100,100,78,0,0,0,82,55,280,detection,
280377,21,26,1068,768,300,0,100,100,78,0,0,0,82,55,280,detection,
281751,10,25,1138,838,300,0,100,100,73,0,3,0,82,55,281,detection,
281755,19,25,1138,838,300,0,90,100,60,0,15,0,82,55,281,detection,
281775,13,25,1138,838,300,0,100,100,73,0,3,0,82,55,281,detection,
281786,17,25,1138,838,300,0,90,100,100,28,15,0,82,75,281,detection,
285329,11,30,1546,1246,300,0,100,100,0,33,7,0,82,75,285,detection,
285377,19,30,1546,1246,300,0,87,100,100,50,17,0,82,75,285,detection,
285400,13,30,1546,1246,300,0,100,100,0,33,7,0,82,75,285,detection,
285429,8,30,1546,1246,300,0,100,100,0,0,6,0,82,55,285,detection,
286001,16,27,466,766,-300,100,94,100,100,71,12,0,91,100,286,detection,
286008,18,27,466,766,-300,100,96,100,100,71,11,0,91,100,286,detection,
286037,12,27,466,766,-300,100,94,100,100,100,12,0,87,100,286,detection,
291009,18,31,1097,797,300,0,100,100,100,66,0,0,82,75,291,detection,
291036,12,31,1097,797,300,0,100,100,100,33,3,0,82,75,291,detection,
292327,1,10,768,768,0,0,0,0,0,0,3,0,0,0,292,detection,
292348,20,10,768,768,0,0,0,0,0,0,7,0,0,0,292,detection,
292386,5,10,768,768,0,0,0,0,0,0,3,0,0,0,292,detection,
292388,7,10,768,768,0,0,0,0,0,0,3,0,0,0,292,detection,
293262,19,30,946,1246,-300,58,89,100,100,71,16,0,68,75,293,detection,
293305,8,30,946,1246,-300,58,100,100,100,16,6,0,67,55,293,detection,
293454,2,27,1324,1024,300,0,94,100,0,0,12,0,82,75,293,detection,
293499,16,27,1324,1024,300,0,89,100,100,85,16,0,77,75,293,detection,
293507,18,27,1324,1024,300,0,96,100,100,71,11,0,78,75,293,detection,
293540,12,27,1324,1024,300,0,87,100,100,87,17,0,77,75,293,detection,
293753,21,26,468,768,-300,100,100,100,100,16,0,0,96,100,293,detection,
298499,16,2,1343,1343,0,0,0,0,0,0,12,0,0,0,298,detection,
298535,12,2,1343,1343,0,0,0,0,0,0,21,0,0,0,298,detection,
298592,3,2,1343,1343,0,0,0,0,0,0,19,0,0,0,298,detection,
298987,6,19,795,795,0,0,0,0,0,0,6,0,0,0,298,detection,
298999,10,19,795,795,0,0,0,0,0,0,3,0,0,0,298,detection,
299024,13,19,795,795,0,0,0,0,0,0,2,0,0,0,299,detection,
299034,17,19,795,795,0,0,0,0,0,0,18,0,0,0,299,detection,
299052,8,19,795,795,0,0,0,0,0,0,7,0,0,0,299,detection,
299076,11,19,795,795,0,0,0,0,0,0,6,0,0,0,299,detection,
299093,3,19,795,795,0,0,0,0,0,0,2,0,0,0,299,detection,
299097,20,19,795,795,0,0,0,0,0,0,2,0,0,0,299,detection,
299540,12,27,724,1024,-300,100,94,100,100,0,12,0,96,100,299,detection,
299579,2,27,724,1024,-300,100,94,100,100,14,12,0,96,100,299,detection,
299623,16,27,724,1024,-300,100,89,100,100,85,16,0,87,100,299,detection,
299635,18,27,724,1024,-300,100,96,100,100,71,11,0,91,100,299,detection,
300010,5,15,512,512,0,0,0,0,0,0,0,0,0,0,300,detection,
300204,2,12,1353,1353,0,0,0,0,0,0,8,0,0,0,300,detection,
300248,16,12,1353,1353,0,0,0,0,0,0,3,0,0,0,300,detection,
302499,16,2,980,980,0,0,0,0,0,0,16,0,0,0,302,detection,
302534,12,2,980,980,0,0,0,0,0,0,25,0,0,0,302,detection,
302592,3,2,980,980,0,0,0,0,0,0,22,0,0,0,302,detection,
304343,3,16,1101,1101,0,0,0,0,0,0,0,0,0,0,304,detection,
304382,18,16,1101,1101,0,0,0,0,0,0,4,0,0,0,304,detection,
304413,12,16,1101,1101,0,0,0,0,0,0,2,0,0,0,304,detection,
304452,2,16,1101,1101,0,0,0,0,0,0,6,0,0,0,304,detection,
307553,8,30,1546,1246,300,0,100,100,100,33,5,0,82,55,307,detection,
307628,19,30,1546,1246,300,0,89,100,100,85,16,0,77,75,307,detection,
308163,12,2,980,980,0,0,0,0,0,0,20,0,0,0,308,detection,
308217,3,2,980,980,0,0,0,0,0,0,22,0,0,0,308,detection,
308247,16,2,980,980,0,0,0,0,0,0,16,0,0,0,308,detection,
309456,11,29,1094,794,300,0,100,100,78,0,0,0,82,55,309,detection,
311883,18,23,237,537,-300,100,100,100,0,16,1,0,97,100,311,detection,
313450,2,12,1353,1353,0,0,0,0,0,0,8,0,0,0,313,detection,
313580,2,27,1324,1024,300,0,93,100,100,28,13,0,82,75,313,detection,
313624,16,27,1324,1024,300,0,89,100,100,85,16,0,77,75,313,detection,
313632,18,27,1324,1024,300,0,96,100,100,71,11,0,78,75,313,detection,
316250,16,2,1280,1280,0,0,0,0,0,0,23,0,0,0,316,detection,
316285,12,2,1280,1280,0,0,0,0,0,0,25,0,0,0,316,detection,
316343,3,2,1280,1280,0,0,0,0,0,0,27,0,0,0,316,detection,
316664,1,10,768,768,0,0,0,0,0,0,4,0,0,0,316,detection,
316763,7,10,768,768,0,0,0,0,0,0,4,0,0,0,316,detection,
317123,16,12,1353,1353,0,0,0,0,0,0,3,0,0,0,317,detection,
317202,2,12,1353,1353,0,0,0,0,0,0,9,0,0,0,317,detection,
319474,20,6,512,512,0,0,0,0,0,0,0,0,0,0,319,detection,
322038,12,2,1254,1254,0,0,0,0,0,0,26,0,0,0,322,detection,
322092,3,2,1254,1254,0,0,0,0,0,0,27,0,0,0,322,detection,
322122,16,2,1254,1254,0,0,0,0,0,0,24,0,0,0,322,detection,
322249,16,31,494,794,-300,100,100,100,0,50,1,0,97,100,322,detection,
325305,15,9,519,519,0,0,0,0,0,0,0,0,0,0,325,detection,
327878,19,30,946,1246,-300,58,90,100,100,100,15,0,73,75,327,detection,
327927,8,30,946,1246,-300,58,100,100,100,50,5,0,67,55,327,detection,
330305,9,22,523,523,0,0,0,0,0,0,0,0,0,0,330,detection,
330827,2,27,724,1024,-300,100,90,100,100,0,15,0,96,100,330,detection,
333124,16,2,980,980,0,0,0,0,0,0,23,0,0,0,333,detection,
333159,12,2,980,980,0,0,0,0,0,0,29,0,0,0,333,detection,
333217,3,2,980,980,0,0,0,0,0,0,27,0,0,0,333,detection,
334785,12,2,980,980,0,0,0,0,0,0,29,0,0,0,334,detection,
335873,16,31,1094,794,300,0,100,100,100,66,1,0,82,75,335,detection,
335882,18,31,1094,794,300,0,100,100,0,66,0,0,82,75,335,detection,
337912,12,27,1324,1024,300,0,94,100,100,14,12,0,82,75,337,detection,
337932,15,24,212,512,-300,100,100,100,0,16,0,0,97,100,337,detection,
337999,16,27,1324,1024,300,0,96,100,0,71,11,0,78,75,337,detection,
338007,18,27,1324,1024,300,0,96,100,0,57,11,0,82,75,338,detection,
339594,3,2,980,980,0,0,0,0,0,0,27,0,0,0,339,detection,
339625,16,2,980,980,0,0,0,0,0,0,22,0,0,0,339,detection,
339660,12,2,980,980,0,0,0,0,0,0,29,0,0,0,339,detection,
341058,15,5,512,512,0,0,0,0,0,0,0,0,0,0,341,detection,
350878,19,11,904,904,0,0,0,0,0,0,12,0,0,0,350,detection,
351954,2,12,1353,1353,0,0,0,0,0,0,11,0,0,0,351,detection,
351998,16,12,1353,1353,0,0,0,0,0,0,3,0,0,0,351,detection,
354747,16,2,980,980,0,0,0,0,0,0,22,0,0,0,354,detection,
354787,12,2,980,980,0,0,0,0,0,0,29,0,0,0,354,detection,
356700,2,16,1086,1086,0,0,0,0,0,0,9,0,0,0,356,detection,
356758,18,16,1086,1086,0,0,0,0,0,0,4,0,0,0,356,detection,
356785,12,16,1086,1086,0,0,0,0,0,0,2,0,0,0,356,detection,
363381,18,3,799,799,0,0,0,0,0,0,0,0,0,0,363,detection,
369436,1,10,811,811,0,0,0,0,0,0,4,0,0,0,369,detection,
369480,20,10,811,811,0,0,0,0,0,0,3,0,0,0,369,detection,
369508,5,10,811,811,0,0,0,0,0,0,3,0,0,0,369,detection,
369514,7,10,811,811,0,0,0,0,0,0,4,0,0,0,369,detection,
380887,5,7,512,512,0,0,0,0,0,0,0,0,0,0,380,detection,
381638,7,10,811,811,0,0,0,0,0,0,4,0,0,0,381,detection,
382286,17,29,477,777,-300,100,90,100,0,14,15,0,97,100,382,detection,
383179,8,30,1525,1225,300,0,100,100,100,66,5,0,82,55,383,detection,
383201,11,30,1525,1225,300,0,100,100,0,33,7,0,82,75,383,detection,
383254,19,30,1525,1225,300,0,90,100,100,100,15,0,77,75,383,detection,
383273,13,30,1525,1225,300,0,100,100,0,33,7,0,82,75,383,detection,
385219,3,2,980,980,0,0,0,0,0,0,27,0,0,0,385,detection,
385250,16,2,980,980,0,0,0,0,0,0,21,0,0,0,385,detection,
385285,12,2,980,980,0,0,0,0,0,0,28,0,0,0,385,detection,
387039,12,27,724,1024,-300,100,94,100,100,28,12,0,96,100,387,detection,
387077,2,27,724,1024,-300,100,96,100,0,0,11,0,97,100,387,detection,
393622,22,14,815,815,0,0,0,0,0,0,8,0,0,0,393,detection,
397260,5,6,512,512,0,0,0,0,0,0,0,0,0,0,397,detection,
398204,11,8,1051,1051,0,0,0,0,0,0,0,0,0,0,398,detection,
398389,5,25,524,824,-300,95,100,100,75,16,2,0,97,100,398,detection,
403875,16,12,1210,1210,0,0,0,0,0,0,10,0,0,0,403,detection,
403954,2,12,1210,1210,0,0,0,0,0,0,18,0,0,0,403,detection,
407498,14,26,1068,768,300,0,100,100,0,0,0,0,82,55,407,detection,
408506,18,22,520,520,0,0,0,0,0,0,2,0,0,0,408,detection,
408999,10,28,212,512,-300,100,100,100,0,16,1,0,97,100,408,detection,
414753,1,28,812,512,300,0,100,100,100,33,0,0,82,75,414,detection,
414755,19,28,812,512,300,0,94,100,100,28,12,0,82,75,414,detection,
414785,17,28,812,512,300,0,90,100,100,28,15,0,82,75,414,detection,
414849,20,28,812,512,300,0,100,100,100,33,0,0,82,75,414,detection,
414867,6,28,812,512,300,0,100,100,100,33,5,0,82,75,414,detection,
414874,10,28,812,512,300,0,100,100,100,33,0,0,82,75,414,detection,
415118,6,23,812,512,300,0,100,100,100,33,7,0,82,75,415,detection,
418556,8,30,925,1225,-300,64,100,100,100,83,5,0,74,55,418,detection,
418951,2,12,1210,1210,0,0,0,0,0,0,19,0,0,0,418,detection,
419507,1,24,812,512,300,0,100,100,100,33,0,0,82,75,419,detection,
419511,5,24,812,512,300,0,100,100,0,33,0,0,82,75,419,detection,
419513,7,24,812,512,300,0,100,100,100,33,0,0,82,75,419,detection,
419556,15,24,812,512,300,0,100,100,100,33,0,0,82,75,419,detection,
419597,20,24,812,512,300,0,100,100,100,33,0,0,82,75,419,detection,
419626,21,24,812,512,300,0,100,100,100,33,0,0,82,75,419,detection,
419626,10,24,812,512,300,0,100,100,100,33,1,0,82,75,419,detection,
421873,22,26,468,768,-300,100,100,100,100,16,0,0,96,100,421,detection,
421875,4,26,468,768,-300,100,100,100,78,16,0,0,97,100,421,detection,
421876,14,26,468,768,-300,100,100,100,100,16,0,0,96,100,421,detection,
421877,21,26,468,768,-300,100,100,100,0,16,0,0,97,100,421,detection,
421882,18,26,468,768,-300,100,100,100,0,16,1,0,97,100,421,detection,
421932,9,26,468,768,-300,100,100,100,100,16,0,0,96,100,421,detection,
422399,13,19,788,788,0,0,0,0,0,0,2,0,0,0,422,detection,
422410,17,19,788,788,0,0,0,0,0,0,18,0,0,0,422,detection,
422427,8,19,788,788,0,0,0,0,0,0,3,0,0,0,422,detection,
422473,20,19,788,788,0,0,0,0,0,0,2,0,0,0,422,detection,
422499,10,19,788,788,0,0,0,0,0,0,4,0,0,0,422,detection,
423053,1,10,768,768,0,0,0,0,0,0,8,0,0,0,423,detection,
423096,20,10,768,768,0,0,0,0,0,0,7,0,0,0,423,detection,
423134,5,10,768,768,0,0,0,0,0,0,7,0,0,0,423,detection,
423502,19,17,822,822,0,0,0,0,0,0,12,0,0,0,423,detection,
423521,13,17,822,822,0,0,0,0,0,0,1,0,0,0,423,detection,
423577,11,17,822,822,0,0,0,0,0,0,0,0,0,0,423,detection,
423591,3,17,822,822,0,0,0,0,0,0,0,0,0,0,423,detection,
423595,20,17,822,822,0,0,0,0,0,0,0,0,0,0,423,detection,
424330,11,13,1117,1117,0,0,0,0,0,0,0,0,0,0,424,detection,
424624,14,4,724,724,0,0,0,0,0,0,3,33,0,0,424,detection,
424874,16,27,1324,1024,300,0,96,100,0,57,11,0,82,75,424,detection,
427401,13,8,1044,1044,0,0,0,0,0,0,0,0,0,0,427,detection,
427453,11,8,1044,1044,0,0,0,0,0,0,0,0,0,0,427,detection,
428764,1,10,768,768,0,0,0,0,0,0,8,0,0,0,428,detection,
428766,7,10,768,768,0,0,0,0,0,0,7,0,0,0,428,detection,
428846,20,10,768,768,0,0,0,0,0,0,8,0,0,0,428,detection,
428883,5,10,768,768,0,0,0,0,0,0,8,0,0,0,428,detection,
430996,14,4,724,724,0,0,0,0,0,0,3,67,98,100,430,detection,
432625,21,15,512,512,0,0,0,0,0,0,4,0,0,0,432,detection,
439126,21,9,537,537,0,0,0,0,0,0,0,0,0,0,439,detection,
441160,12,2,980,980,0,0,0,0,0,0,24,0,0,0,441,detection,
441218,3,2,980,980,0,0,0,0,0,0,27,0,0,0,441,detection,
441248,16,2,980,980,0,0,0,0,0,0,21,0,0,0,441,detection,
442998,14,4,724,724,0,0,0,0,0,0,0,67,98,100,442,detection,
442998,19,20,527,527,0,0,0,0,0,0,12,0,0,0,442,detection,
442999,10,20,527,527,0,0,0,0,0,0,2,0,0,0,442,detection,
443163,1,5,512,512,0,0,0,0,0,0,0,0,0,0,443,detection,
443178,15,5,512,512,0,0,0,0,0,0,0,0,0,0,443,detection,
443220,20,5,512,512,0,0,0,0,0,0,0,0,0,0,443,detection,
443252,10,5,512,512,0,0,0,0,0,0,3,0,0,0,443,detection,
443263,7,5,512,512,0,0,0,0,0,0,0,0,0,0,443,detection,
443908,1,10,768,768,0,0,0,0,0,0,8,0,0,0,443,detection,
443973,20,10,768,768,0,0,0,0,0,0,8,0,0,0,443,detection,
444011,5,10,768,768,0,0,0,0,0,0,8,0,0,0,444,detection,
444013,7,10,768,768,0,0,0,0,0,0,7,0,0,0,444,detection,
445708,1,9,537,537,0,0,0,0,0,0,0,0,0,0,445,detection,
445746,14,9,537,537,0,0,0,0,0,0,1,0,0,0,445,detection,
445805,15,9,537,537,0,0,0,0,0,0,0,0,0,0,445,detection,
445875,21,15,512,512,0,0,0,0,0,0,4,0,0,0,445,detection,
445885,5,15,512,512,0,0,0,0,0,0,0,0,0,0,445,detection,
445930,9,15,512,512,0,0,0,0,0,0,0,0,0,0,445,detection,
447124,16,12,1187,1187,0,0,0,0,0,0,11,0,0,0,447,detection,
447203,2,12,1187,1187,0,0,0,0,0,0,19,0,0,0,447,detection,
451495,22,14,844,844,0,0,0,0,0,0,4,0,0,0,451,detection,
451496,4,14,844,844,0,0,0,0,0,0,5,0,0,0,451,detection,
451876,21,24,212,512,-300,100,100,100,100,50,0,0,96,100,451,detection,
451929,8,13,1135,1135,0,0,0,0,0,0,0,0,0,0,451,detection,
451952,11,13,1135,1135,0,0,0,0,0,0,0,0,0,0,451,detection,
462251,16,31,500,800,-300,100,100,100,100,83,1,0,88,100,462,detection,
462260,18,31,500,800,-300,100,100,100,100,83,0,0,88,100,462,detection,
462287,12,31,500,800,-300,100,100,100,100,0,5,0,96,100,462,detection,
464626,16,12,801,801,0,0,0,0,0,0,15,0,0,0,464,detection,
465384,18,16,756,756,0,0,0,0,0,0,4,0,0,0,465,detection,
465411,12,16,756,756,0,0,0,0,0,0,9,0,0,0,465,detection,
465450,2,16,756,756,0,0,0,0,0,0,12,0,0,0,465,detection,
465469,3,16,756,756,0,0,0,0,0,0,4,0,0,0,465,detection,
466289,12,27,456,756,-300,100,86,100,0,0,18,0,97,100,466,detection,
466328,2,27,456,756,-300,100,90,100,0,0,15,0,97,100,466,detection,
466681,1,10,768,768,0,0,0,0,0,0,8,0,0,0,466,detection,
466721,20,10,768,768,0,0,0,0,0,0,8,0,0,0,466,detection,
466759,5,10,768,768,0,0,0,0,0,0,8,0,0,0,466,detection,
468373,16,12,801,801,0,0,0,0,0,0,10,0,0,0,468,detection,
469375,4,26,1093,793,300,0,100,100,100,33,1,0,82,75,469,detection,
469414,1,23,215,515,-300,100,100,100,0,16,4,0,97,100,469,detection,
469470,3,23,215,515,-300,100,100,100,0,16,6,0,97,100,469,detection,
469489,6,23,215,515,-300,100,100,100,100,50,7,0,96,100,469,detection,
469500,16,23,215,515,-300,100,100,100,100,0,7,0,96,100,469,detection,
471001,16,27,1056,756,300,0,89,100,0,57,16,0,82,75,471,detection,
471009,18,27,1056,756,300,0,90,100,0,57,15,0,82,75,471,detection,
471037,12,27,1056,756,300,0,86,100,100,12,18,0,82,75,471,detection,
471748,16,12,822,822,0,0,0,0,0,0,10,0,0,0,471,detection,
473499,14,4,1180,1180,0,0,0,0,0,0,4,0,0,0,473,detection,
473950,2,16,756,756,0,0,0,0,0,0,13,0,0,0,473,detection,
473968,3,16,756,756,0,0,0,0,0,0,4,0,0,0,473,detection,
474007,18,16,756,756,0,0,0,0,0,0,4,0,0,0,474,detection,
474034,12,16,756,756,0,0,0,0,0,0,9,0,0,0,474,detection,
475285,17,6,512,512,0,0,0,0,0,0,15,0,0,0,475,detection,
475341,3,6,512,512,0,0,0,0,0,0,0,0,0,0,475,detection,
475346,20,6,512,512,0,0,0,0,0,0,0,0,0,0,475,detection,
475372,22,6,512,512,0,0,0,0,0,0,0,0,0,0,475,detection,
475379,19,6,512,512,0,0,0,0,0,0,15,0,0,0,475,detection,
475385,5,6,512,512,0,0,0,0,0,0,0,0,0,0,475,detection,
476397,13,8,1120,1120,0,0,0,0,0,0,0,0,0,0,476,detection,
480747,14,4,1172,1172,0,0,0,0,0,0,4,0,0,0,480,detection,
482128,19,30,1513,1213,300,0,87,100,0,75,17,0,77,75,482,detection,
482148,13,30,1513,1213,300,0,100,100,0,33,6,0,82,75,482,detection,
482182,8,30,1513,1213,300,0,100,100,100,100,4,0,77,55,482,detection,
482205,11,30,1513,1213,300,0,100,100,0,33,6,0,82,75,482,detection,
482911,17,11,893,893,0,0,0,0,0,0,15,0,0,0,482,detection,
485552,8,11,893,893,0,0,0,0,0,0,0,0,0,0,485,detection,
485627,19,11,893,893,0,0,0,0,0,0,14,0,0,0,485,detection,
485647,13,11,893,893,0,0,0,0,0,0,0,0,0,0,485,detection,
485660,17,11,893,893,0,0,0,0,0,0,15,0,0,0,485,detection,
485759,18,16,756,756,0,0,0,0,0,0,4,0,0,0,485,detection,
485786,12,16,756,756,0,0,0,0,0,0,9,0,0,0,485,detection,
485825,2,16,756,756,0,0,0,0,0,0,13,0,0,0,485,detection,
485849,3,16,756,756,0,0,0,0,0,0,4,0,0,0,485,detection,
485995,16,12,822,822,0,0,0,0,0,0,9,0,0,0,485,detection,
486079,2,12,822,822,0,0,0,0,0,0,17,0,0,0,486,detection,
486202,2,27,456,756,-300,100,90,100,0,0,15,0,97,100,486,detection,
486251,16,27,456,756,-300,100,89,100,100,57,16,0,96,100,486,detection,
486259,18,27,456,756,-300,100,90,100,100,71,15,0,91,100,486,detection,
486288,12,27,456,756,-300,100,86,100,100,25,18,0,96,100,486,detection,
487841,3,16,756,756,0,0,0,0,0,0,4,0,0,0,487,detection,
490848,20,25,1133,833,300,0,100,100,75,0,2,0,82,55,490,detection,
490873,10,25,1133,833,300,0,100,100,0,0,4,0,82,55,490,detection,
490881,19,25,1133,833,300,0,86,100,0,0,18,0,82,55,490,detection,
490886,5,25,1133,833,300,0,100,100,100,33,2,0,82,75,490,detection,
490913,17,25,1133,833,300,0,90,100,0,28,15,0,82,75,490,detection,
492150,13,30,913,1213,-300,64,100,100,100,50,5,0,72,75,492,detection,
493010,5,28,212,512,-300,100,100,100,0,16,0,0,97,100,493,detection,
495786,17,29,477,777,-300,100,90,100,0,14,15,0,97,100,495,detection,
495827,2,29,477,777,-300,100,97,100,65,0,10,0,97,100,495,detection,
495830,11,29,477,777,-300,100,100,100,100,16,0,0,96,100,495,detection,
495847,3,29,477,777,-300,100,100,100,78,16,0,33,98,100,495,detection,
496499,14,4,1164,1164,0,0,0,0,0,0,4,0,0,0,496,detection,
498753,19,11,733,733,0,0,0,0,0,0,14,0,0,0,498,detection,
498773,13,11,733,733,0,0,0,0,0,0,5,0,0,0,498,detection,
498783,17,11,733,733,0,0,0,0,0,0,20,0,0,0,498,detection,
498802,8,11,733,733,0,0,0,0,0,0,5,0,0,0,498,detection,
498864,6,11,733,733,0,0,0,0,0,0,12,0,0,0,498,detection,
499999,21,14,871,871,0,0,0,0,0,0,4,0,0,0,499,detection,
500757,18,27,1056,756,300,0,90,100,100,71,15,0,78,75,500,detection,
501305,8,13,989,989,0,0,0,0,0,0,0,0,0,0,501,detection,
501328,11,13,989,989,0,0,0,0,0,0,0,0,0,0,501,detection,
501647,13,8,989,989,0,0,0,0,0,0,5,0,0,0,501,detection,
501700,11,8,989,989,0,0,0,0,0,0,0,0,0,0,501,detection,
504428,8,11,733,733,0,0,0,0,0,0,2,0,0,0,504,detection,
504490,6,11,733,733,0,0,0,0,0,0,13,0,0,0,504,detection,
504522,13,11,733,733,0,0,0,0,0,0,7,0,0,0,504,detection,
504532,17,11,733,733,0,0,0,0,0,0,17,0,0,0,504,detection,
504595,3,2,712,712,0,0,0,0,0,0,26,0,0,0,504,detection,
505875,21,5,512,512,0,0,0,0,0,0,0,0,0,0,505,detection,
508414,12,31,479,779,-300,100,100,100,0,0,7,0,97,100,508,detection,
508497,16,31,479,779,-300,100,100,100,0,83,1,0,89,100,508,detection,
508507,18,31,479,779,-300,100,100,100,0,66,0,0,97,100,508,detection,
508522,13,8,989,989,0,0,0,0,0,0,4,0,0,0,508,detection,
508578,11,8,989,989,0,0,0,0,0,0,0,0,0,0,508,detection,
508871,16,12,794,794,0,0,0,0,0,0,9,0,0,0,508,detection,
508951,2,12,794,794,0,0,0,0,0,0,17,0,0,0,508,detection,
510300,8,13,989,989,0,0,0,0,0,0,0,0,0,0,510,detection,
513499,10,7,512,512,0,0,0,0,0,0,2,0,0,0,513,detection,
515625,16,31,1076,776,300,0,100,100,100,83,1,0,77,75,515,detection,
515634,18,31,1076,776,300,0,100,100,100,66,0,0,82,75,515,detection,
515662,12,31,1076,776,300,0,100,100,100,16,7,0,82,75,515,detection,
518500,19,11,733,733,0,0,0,0,0,0,15,0,0,0,518,detection,
518524,13,11,733,733,0,0,0,0,0,0,3,0,0,0,518,detection,
518535,12,16,968,968,0,0,0,0,0,0,16,0,0,0,518,detection,
518554,8,11,733,733,0,0,0,0,0,0,3,0,0,0,518,detection,
518625,16,12,901,901,0,0,0,0,0,0,14,50,68,55,518,detection,
518704,2,12,901,901,0,0,0,0,0,0,20,0,0,0,518,detection,
519542,12,27,712,1012,-300,100,80,100,0,25,23,0,94,100,519,detection,
519581,2,27,712,1012,-300,100,86,100,0,0,18,0,97,100,519,detection,
519633,16,27,712,1012,-300,100,82,100,0,37,21,0,95,100,519,detection,
519633,18,27,712,1012,-300,100,86,100,100,62,18,0,96,100,519,detection,
521178,8,13,989,989,0,0,0,0,0,0,0,0,0,0,521,detection,
521202,11,13,989,989,0,0,0,0,0,0,0,0,0,0,521,detection,
522397,13,8,989,989,0,0,0,0,0,0,4,0,0,0,522,detection,
524910,12,16,1086,1086,0,0,0,0,0,0,20,0,0,0,524,detection,
524953,2,16,1086,1086,0,0,0,0,0,0,16,0,0,0,524,detection,
524968,3,16,1086,1086,0,0,0,0,0,0,10,0,0,0,524,detection,
525007,18,16,1086,1086,0,0,0,0,0,0,7,0,0,0,525,detection,
525245,14,4,1183,1183,0,0,0,0,0,0,4,0,0,0,525,detection,
525691,1,22,514,514,0,0,0,0,0,0,0,0,0,0,525,detection,
525747,14,22,514,514,0,0,0,0,0,0,2,0,0,0,525,detection,
525751,21,22,514,514,0,0,0,0,0,0,0,0,0,0,525,detection,
525760,18,22,514,514,0,0,0,0,0,0,2,0,0,0,525,detection,
525806,9,22,514,514,0,0,0,0,0,0,0,0,0,0,525,detection,
526874,1,10,768,768,0,0,0,0,0,0,4,0,0,0,526,detection,
526886,5,10,768,768,0,0,0,0,0,0,8,0,0,0,526,detection,
526888,7,10,768,768,0,0,0,0,0,0,7,0,0,0,526,detection,
526972,20,10,768,768,0,0,0,0,0,0,7,0,0,0,526,detection,
527250,16,12,1121,1121,0,0,0,0,0,0,14,0,0,0,527,detection,
527329,2,12,1121,1121,0,0,0,0,0,0,20,0,0,0,527,detection,
528259,18,27,1594,1294,300,0,82,100,100,62,21,0,80,75,528,detection,
528287,12,27,1594,1294,300,0,73,100,97,33,30,0,73,75,528,detection,
528326,2,27,1594,1294,300,0,78,100,100,11,25,0,77,75,528,detection,
529009,18,31,493,793,-300,100,100,100,100,83,0,0,88,100,529,detection,
529037,12,31,493,793,-300,100,99,100,100,0,9,0,96,100,529,detection,
531161,12,2,919,919,0,0,0,0,0,0,32,0,0,0,531,detection,
531219,3,2,919,919,0,0,0,0,0,0,31,0,0,0,531,detection,
531363,6,19,828,828,0,0,0,0,0,0,8,0,0,0,531,detection,
532122,16,12,791,791,0,0,0,0,0,0,18,0,0,0,532,detection,
532202,2,12,791,791,0,0,0,0,0,0,25,0,0,0,532,detection,
532251,16,27,449,749,-300,100,78,100,0,22,25,0,91,100,532,detection,
532259,18,27,449,749,-300,100,78,100,100,55,25,0,90,100,532,detection,
532287,12,27,449,749,-300,100,73,100,97,0,30,0,84,75,532,detection,
532331,2,27,449,749,-300,100,73,100,97,0,30,0,84,75,532,detection,
535036,12,16,705,705,0,0,0,0,0,0,20,0,0,0,535,detection,
535075,2,16,705,705,0,0,0,0,0,0,16,0,0,0,535,detection,
535093,3,16,705,705,0,0,0,0,0,0,13,0,0,0,535,detection,
535132,18,16,705,705,0,0,0,0,0,0,11,0,0,0,535,detection,
535621,16,3,804,804,0,0,0,0,0,0,5,0,0,0,535,detection,
537123,22,21,512,512,0,0,0,0,0,0,0,0,0,0,537,detection,
537124,14,21,512,512,0,0,0,0,0,0,0,0,0,0,537,detection,
537205,1,7,512,512,0,0,0,0,0,0,4,0,0,0,537,detection,
538285,12,2,756,756,0,0,0,0,0,0,35,0,0,0,538,detection,
538343,3,2,756,756,0,0,0,0,0,0,35,0,0,0,538,detection,
538374,16,2,756,756,0,0,0,0,0,0,25,0,0,0,538,detection,
540248,16,12,786,786,0,0,0,0,0,0,19,0,0,0,540,detection,
540328,2,12,786,786,0,0,0,0,0,0,25,0,0,0,540,detection,
540485,6,3,804,804,0,0,0,0,0,0,7,0,0,0,540,detection,
540503,19,3,804,804,0,0,0,0,0,0,16,0,0,0,540,detection,
540532,17,3,804,804,0,0,0,0,0,0,15,0,0,0,540,detection,
544078,2,16,705,705,0,0,0,0,0,0,16,0,0,0,544,detection,
544092,3,16,705,705,0,0,0,0,0,0,13,0,0,0,544,detection,
544131,18,16,705,705,0,0,0,0,0,0,11,0,0,0,544,detection,
545825,11,13,989,989,0,0,0,0,0,0,0,0,0,0,545,detection,
546024,13,11,770,770,0,0,0,0,0,0,3,0,0,0,546,detection,
546034,17,11,770,770,0,0,0,0,0,0,17,0,0,0,546,detection,
546053,8,11,770,770,0,0,0,0,0,0,3,0,0,0,546,detection,
546128,19,11,770,770,0,0,0,0,0,0,15,0,0,0,546,detection,
548150,13,8,1048,1048,0,0,0,0,0,0,4,0,0,0,548,detection,
548203,11,8,1048,1048,0,0,0,0,0,0,0,0,0,0,548,detection,
548875,16,31,1124,824,300,0,100,100,0,0,3,0,82,75,548,detection,
548884,18,31,1124,824,300,0,100,100,100,83,0,0,77,75,548,detection,
548912,12,31,1124,824,300,0,99,100,100,14,9,0,82,75,548,detection,
549133,5,21,512,512,0,0,0,0,0,0,0,0,0,0,549,detection,
549288,12,2,756,756,0,0,0,0,0,0,36,0,0,0,549,detection,
549342,3,2,756,756,0,0,0,0,0,0,34,0,0,0,549,detection,
549372,16,2,756,756,0,0,0,0,0,0,24,0,0,0,549,detection,
551912,12,27,661,961,-300,100,69,100,0,0,34,0,79,75,551,detection,
551955,2,27,661,961,-300,100,70,100,0,0,33,0,79,75,551,detection,
552000,16,27,661,961,-300,100,74,100,0,11,29,0,86,100,552,detection,
552008,18,27,661,961,-300,100,75,100,0,55,28,0,87,100,552,detection,
552204,2,12,1054,1054,0,0,0,0,0,0,28,0,0,0,552,detection,
556094,3,29,855,555,300,0,100,100,100,33,5,0,82,75,556,detection,
557662,12,2,662,662,0,0,0,0,0,0,37,45,19,0,557,detection,
557747,22,18,555,555,0,0,0,0,0,0,16,0,0,0,557,detection,
557999,16,31,255,555,-300,100,100,100,100,16,7,0,96,100,557,detection,
558008,18,31,255,555,-300,100,100,100,100,83,0,0,88,100,558,detection,
558040,12,31,255,555,-300,100,91,100,100,0,14,0,96,100,558,detection,
558789,17,29,255,555,-300,100,90,100,0,14,15,0,97,100,558,detection,
558828,11,29,255,555,-300,100,100,100,0,16,4,0,97,100,558,detection,
558829,2,29,255,555,-300,100,93,100,0,0,13,0,97,100,558,detection,
558845,3,29,255,555,-300,100,100,100,100,50,6,0,96,100,558,detection,
558873,16,29,255,555,-300,100,100,100,67,0,8,0,97,100,558,detection,
560200,1,23,812,512,300,0,100,100,100,33,3,0,82,75,560,detection,
560220,3,23,812,512,300,0,99,100,100,28,9,0,82,75,560,detection,
560240,6,23,812,512,300,0,99,100,100,57,9,0,82,75,560,detection,
560247,16,23,812,512,300,0,100,100,100,16,8,0,82,75,560,detection,
560248,22,23,812,512,300,0,100,100,100,33,0,0,82,75,560,detection,
560256,18,23,812,512,300,0,100,100,100,0,2,0,82,75,560,detection,
560290,17,23,812,512,300,0,83,100,100,25,20,0,82,75,560,detection,
561248,22,28,812,512,300,0,100,100,100,33,0,0,82,75,561,detection,
561532,17,3,800,800,0,0,0,0,0,0,15,0,0,0,561,detection,
561574,11,3,800,800,0,0,0,0,0,0,1,0,0,0,561,detection,
561626,19,3,800,800,0,0,0,0,0,0,16,0,0,0,561,detection,
563496,14,22,513,513,0,0,0,0,0,0,2,0,0,0,563,detection,
564284,12,16,1012,1012,0,0,0,0,0,0,25,0,0,0,564,detection,
564342,3,16,1012,1012,0,0,0,0,0,0,11,0,0,0,564,detection,
564381,18,16,1012,1012,0,0,0,0,0,0,16,0,0,0,564,detection,
566266,1,23,212,512,-300,100,100,100,100,50,3,0,96,100,566,detection,
566288,17,23,212,512,-300,100,83,100,100,37,20,0,96,100,566,detection,
566344,3,23,212,512,-300,100,97,100,100,42,10,0,96,100,566,detection,
566366,6,23,212,512,-300,100,100,100,100,83,7,0,88,100,566,detection,
566373,16,23,212,512,-300,100,97,100,100,28,10,0,96,100,566,detection,
566374,22,23,212,512,-300,100,100,100,100,50,0,0,96,100,566,detection,
567125,16,27,855,555,300,0,68,100,90,20,36,0,69,75,567,detection,
567133,18,27,855,555,300,0,69,100,93,60,34,0,71,75,567,detection,
567161,12,27,855,555,300,0,65,100,86,10,40,0,69,75,567,detection,
567235,6,3,800,800,0,0,0,0,0,0,9,0,0,0,567,detection,
567248,16,3,800,800,0,0,0,0,0,0,7,0,0,0,567,detection,
567253,19,3,800,800,0,0,0,0,0,0,13,0,0,0,567,detection,
567257,18,3,800,800,0,0,0,0,0,0,2,0,0,0,567,detection,
567282,17,3,800,800,0,0,0,0,0,0,16,0,0,0,567,detection,
567323,2,3,800,800,0,0,0,0,0,0,10,0,0,0,567,detection,
567330,11,3,800,800,0,0,0,0,0,0,1,0,0,0,567,detection,
568245,22,18,724,724,0,0,0,0,0,0,20,33,0,0,568,detection,
568371,16,12,1222,1222,0,0,0,0,0,0,20,0,0,0,568,detection,
568378,19,25,517,817,-300,99,90,100,100,14,15,0,96,100,568,detection,
568538,12,31,1024,724,300,0,91,100,100,14,14,0,82,75,568,detection,
568788,12,16,633,633,0,0,0,0,0,0,30,0,0,0,568,detection,
571326,2,12,908,908,0,0,0,0,0,0,34,0,0,0,571,detection,
571828,11,29,511,811,-300,100,100,100,0,16,8,0,97,100,571,detection,
571829,2,29,511,811,-300,100,93,100,0,0,13,0,97,100,571,detection,
571845,3,29,511,811,-300,100,100,100,0,50,6,0,97,100,571,detection,
571908,17,29,511,811,-300,100,84,100,0,12,19,0,97,100,571,detection,
573636,18,31,424,724,-300,100,100,100,0,83,5,0,89,100,573,detection,
573911,17,3,800,800,0,0,0,0,0,0,16,0,0,0,573,detection,
573987,6,3,800,800,0,0,0,0,0,0,7,0,0,0,573,detection,
573996,16,3,800,800,0,0,0,0,0,0,8,0,0,0,573,detection,
574001,19,3,800,800,0,0,0,0,0,0,13,0,0,0,574,detection,
574005,18,3,800,800,0,0,0,0,0,0,2,0,0,0,574,detection,
574373,16,18,749,749,0,0,0,0,0,0,20,0,0,0,574,detection,
574913,12,27,558,858,-300,81,63,98,84,0,42,0,67,75,574,detection,
575249,10,20,512,512,0,0,0,0,0,0,2,0,0,0,575,detection,
575375,16,31,1024,724,300,0,90,100,100,28,15,0,82,75,575,detection,
575415,12,31,1024,724,300,0,91,100,0,14,14,0,82,75,575,detection,
575538,12,16,618,618,0,0,0,0,0,0,30,0,0,0,575,detection,
575826,11,17,768,768,0,0,0,0,0,0,5,0,0,0,575,detection,
575840,3,17,768,768,0,0,0,0,0,0,10,0,0,0,575,detection,
575848,20,17,768,768,0,0,0,0,0,0,0,0,0,0,575,detection,
575861,6,17,768,768,0,0,0,0,0,0,13,0,0,0,575,detection,
575898,13,17,768,768,0,0,0,0,0,0,6,0,0,0,575,detection,
576829,11,29,1174,874,300,0,94,100,100,28,12,0,82,75,576,detection,
576830,2,29,1174,874,300,0,87,100,100,12,17,0,82,75,576,detection,
576852,3,29,1174,874,300,0,97,100,100,57,10,0,82,75,576,detection,
576874,16,29,1174,874,300,0,89,100,100,14,16,0,82,75,576,detection,
578499,16,12,940,940,0,0,0,0,0,0,26,0,0,0,578,detection,
578810,1,23,812,512,300,0,100,100,100,66,3,0,82,75,578,detection,
580862,6,11,971,971,0,0,0,0,0,0,13,0,0,0,580,detection,
580874,19,11,971,971,0,0,0,0,0,0,19,0,0,0,580,detection,
580899,13,11,971,971,0,0,0,0,0,0,6,0,0,0,580,detection,
580909,17,11,971,971,0,0,0,0,0,0,23,0,0,0,580,detection,
581737,6,3,816,816,0,0,0,0,0,0,7,0,0,0,581,detection,
581746,16,3,816,816,0,0,0,0,0,0,8,0,0,0,581,detection,
581750,19,3,816,816,0,0,0,0,0,0,13,0,0,0,581,detection,
581785,17,3,816,816,0,0,0,0,0,0,16,0,0,0,581,detection,
581825,2,3,816,816,0,0,0,0,0,0,10,0,0,0,581,detection,
581826,11,3,816,816,0,0,0,0,0,0,2,0,0,0,581,detection,
583097,3,23,212,512,-300,100,97,100,0,42,10,0,97,100,583,detection,
583223,20,17,768,768,0,0,0,0,0,0,0,0,0,0,583,detection,
583273,13,17,768,768,0,0,0,0,0,0,2,0,0,0,583,detection,
583536,17,29,577,877,-300,92,78,100,0,11,25,0,91,100,583,detection,
583625,16,29,577,877,-300,92,82,100,100,25,21,0,95,100,583,detection,
586426,8,11,977,977,0,0,0,0,0,0,6,0,0,0,586,detection,
586501,19,11,977,977,0,0,0,0,0,0,18,0,0,0,586,detection,
586521,13,11,977,977,0,0,0,0,0,0,7,0,0,0,586,detection,
586785,12,16,952,952,0,0,0,0,0,0,29,0,0,0,586,detection,
586824,2,16,952,952,0,0,0,0,0,0,22,0,0,0,586,detection,
586848,3,16,952,952,0,0,0,0,0,0,18,0,0,0,586,detection,
587162,12,27,944,1244,-300,100,64,100,0,0,41,0,69,75,587,detection,
587206,2,27,944,1244,-300,100,69,100,0,0,34,0,79,75,587,detection,
588375,16,12,1376,1376,0,0,0,0,0,0,31,0,0,0,588,detection,
589346,3,29,1372,1072,300,0,93,100,0,57,13,0,82,75,589,detection,
589371,16,29,1372,1072,300,0,82,100,100,37,21,0,80,75,589,detection,
589454,2,29,1372,1072,300,0,82,100,0,12,21,0,80,75,589,detection,
589661,12,2,1164,1164,0,0,0,0,0,0,42,0,0,0,589,detection,
590575,11,8,1151,1151,0,0,0,0,0,0,5,0,0,0,590,detection,
590620,16,18,772,772,0,0,0,0,0,0,22,0,0,0,590,detection,
590929,8,13,1095,1095,0,0,0,0,0,0,4,0,0,0,590,detection,
592091,3,16,1137,1137,0,0,0,0,0,0,22,0,0,0,592,detection,
592131,18,16,1137,1137,0,0,0,0,0,0,21,0,0,0,592,detection,
592162,12,16,1137,1137,0,0,0,0,0,0,33,0,0,0,592,detection,
592202,2,16,1137,1137,0,0,0,0,0,0,25,0,0,0,592,detection,
592950,11,17,768,768,0,0,0,0,0,0,6,0,0,0,592,detection,
594248,14,4,1235,1235,0,0,0,0,0,0,4,0,0,0,594,detection,
595947,11,17,768,768,0,0,0,0,0,0,1,0,0,0,595,detection,
595986,6,17,768,768,0,0,0,0,0,0,15,0,0,0,595,detection,
595999,19,17,768,768,0,0,0,0,0,0,13,0,0,0,595,detection,
596039,12,27,1495,1195,300,0,63,100,84,9,42,0,66,75,596,detection,
596078,2,27,1495,1195,300,0,68,100,92,0,35,0,70,75,596,detection,
596130,19,30,1545,1245,300,0,78,100,0,55,25,0,77,75,596,detection,
596151,13,30,1545,1245,300,0,94,100,100,57,12,0,82,75,596,detection,
596180,8,30,1545,1245,300,0,96,100,0,85,11,0,77,55,596,detection,
596286,17,29,794,1094,-300,100,74,100,0,11,29,0,86,100,596,detection,
596333,11,29,794,1094,-300,100,94,100,100,0,12,0,96,100,596,detection,
596850,20,24,812,512,300,0,100,100,0,33,0,0,82,75,596,detection,
596910,12,2,1164,1164,0,0,0,0,0,0,42,0,0,0,596,detection,
597389,7,15,512,512,0,0,0,0,0,0,0,0,0,0,597,detection,
598122,16,2,1164,1164,0,0,0,0,0,0,34,0,0,0,598,detection,
598826,2,12,1332,1332,0,0,0,0,0,0,34,0,0,0,598,detection,
599147,13,8,1140,1140,0,0,0,0,0,0,10,0,0,0,599,detection,
599258,18,16,1028,1028,0,0,0,0,0,0,20,0,0,0,599,detection,
599285,12,16,1028,1028,0,0,0,0,0,0,37,0,0,0,599,detection,
599303,8,11,983,983,0,0,0,0,0,0,7,0,0,0,599,detection,
599377,19,11,983,983,0,0,0,0,0,0,20,0,0,0,599,detection,
599400,13,11,983,983,0,0,0,0,0,0,7,0,0,0,599,detection,
599659,17,3,974,974,0,0,0,0,0,0,18,0,0,0,599,detection,
599700,11,3,974,974,0,0,0,0,0,0,3,0,0,0,599,detection,
599735,6,3,974,974,0,0,0,0,0,0,10,0,0,0,599,detection,
599753,19,3,974,974,0,0,0,0,0,0,16,0,0,0,599,detection,
599759,18,3,974,974,0,0,0,0,0,0,4,0,0,0,599,detection,
601430,8,13,1115,1115,0,0,0,0,0,0,5,0,0,0,601,detection,
602177,8,13,1115,1115,0,0,0,0,0,0,5,0,0,0,602,detection,
602535,12,2,1420,1420,0,0,0,0,0,0,42,0,0,0,602,detection,
602594,3,2,1420,1420,0,0,0,0,0,0,33,0,0,0,602,detection,
602624,16,2,1420,1420,0,0,0,0,0,0,34,0,0,0,602,detection,
603128,19,30,945,1245,-300,100,84,100,100,62,19,0,96,100,603,detection,
603151,13,30,945,1245,-300,100,93,100,100,57,13,0,96,100,603,detection,
603180,8,30,945,1245,-300,100,100,100,100,100,7,0,87,100,603,detection,
604577,11,30,1545,1245,300,0,93,100,0,28,13,0,82,75,604,detection,
608120,16,12,1344,1344,0,0,0,0,0,0,37,0,0,0,608,detection,
608122,22,9,512,512,0,0,0,0,0,0,0,0,0,0,608,detection,
608204,2,12,1344,1344,0,0,0,0,0,0,34,0,0,0,608,detection,
608662,12,16,1047,1047,0,0,0,0,0,0,37,0,0,0,608,detection,
608702,2,16,1047,1047,0,0,0,0,0,0,29,0,0,0,608,detection,
608826,2,12,1344,1344,0,0,0,0,0,0,34,0,0,0,608,detection,
609036,12,2,1378,1378,0,0,0,0,0,0,38,0,0,0,609,detection,
609090,3,2,1378,1378,0,0,0,0,0,0,33,0,0,0,609,detection,
610092,3,18,780,780,0,0,0,0,0,0,18,0,0,0,610,detection,
610899,13,8,1140,1140,0,0,0,0,0,0,10,0,0,0,610,detection,
610951,11,8,1140,1140,0,0,0,0,0,0,5,0,0,0,610,detection,
611498,22,18,774,774,0,0,0,0,0,0,16,67,98,100,611,detection,
611498,16,18,774,774,0,0,0,0,0,0,22,0,0,0,611,detection,
611627,16,29,1394,1094,300,0,82,100,0,0,21,0,80,75,611,detection,
611702,11,29,1394,1094,300,0,94,100,100,14,12,0,82,75,611,detection,
611704,2,29,1394,1094,300,0,82,100,0,12,21,0,80,75,611,detection,
614378,19,3,974,974,0,0,0,0,0,0,17,0,0,0,614,detection,
614992,6,23,812,512,300,0,99,100,100,85,9,0,77,75,614,detection,
614999,16,23,812,512,300,0,93,100,100,0,13,0,82,75,614,detection,
615003,1,23,812,512,300,0,100,100,0,66,3,0,82,75,615,detection,
615007,18,23,812,512,300,0,100,100,0,0,3,0,82,75,615,detection,
615038,17,23,812,512,300,0,82,100,100,50,21,0,80,75,615,detection,
615094,3,23,812,512,300,0,99,100,100,57,9,0,82,75,615,detection,
616874,16,12,1344,1344,0,0,0,0,0,0,37,0,0,0,616,detection,
617883,18,16,1043,1043,0,0,0,0,0,0,20,0,0,0,617,detection,
617910,12,16,1043,1043,0,0,0,0,0,0,33,0,0,0,617,detection,
617954,2,16,1043,1043,0,0,0,0,0,0,29,0,0,0,617,detection,
617968,3,16,1043,1043,0,0,0,0,0,0,27,0,0,0,617,detection,
618251,16,31,1046,746,300,0,87,100,0,25,17,0,82,75,618,detection,
618259,18,31,1046,746,300,0,100,100,100,83,5,0,77,75,618,detection,
618287,12,31,1046,746,300,0,91,100,0,14,14,0,82,75,618,detection,
620258,18,27,1495,1195,300,0,68,100,0,50,35,0,70,75,620,detection,
620262,19,30,945,1245,-300,100,84,100,0,50,19,0,97,100,620,detection,
620279,13,30,945,1245,-300,100,93,100,0,42,13,0,97,100,620,detection,
620287,12,27,1495,1195,300,0,63,98,0,0,42,0,66,75,620,detection,
620304,8,30,945,1245,-300,100,100,100,0,83,7,0,89,100,620,detection,
620330,2,27,1495,1195,300,0,68,100,0,0,35,0,70,75,620,detection,
621158,17,3,974,974,0,0,0,0,0,0,18,0,0,0,621,detection,
621199,11,3,974,974,0,0,0,0,0,0,3,0,0,0,621,detection,
621239,6,3,974,974,0,0,0,0,0,0,11,0,0,0,621,detection,
621281,19,3,974,974,0,0,0,0,0,0,17,0,0,0,621,detection,
623786,12,2,1359,1359,0,0,0,0,0,0,37,0,0,0,623,detection,
623910,17,29,755,1055,-300,100,71,100,0,0,32,0,81,75,623,detection,
623954,11,29,755,1055,-300,100,89,100,100,28,16,0,96,100,623,detection,
623956,2,29,755,1055,-300,100,78,100,100,22,25,0,90,100,623,detection,
623971,3,29,755,1055,-300,100,84,100,100,62,19,0,96,100,623,detection,
624001,16,29,755,1055,-300,100,78,100,100,11,25,0,90,100,624,detection,
625148,13,11,961,961,0,0,0,0,0,0,7,0,0,0,625,detection,
625157,17,11,961,961,0,0,0,0,0,0,23,0,0,0,625,detection,
625176,8,11,961,961,0,0,0,0,0,0,7,0,0,0,625,detection,
625239,6,11,961,961,0,0,0,0,0,0,15,0,0,0,625,detection,
627748,16,2,1132,1132,0,0,0,0,0,0,37,0,0,0,627,detection,
627788,12,2,1132,1132,0,0,0,0,0,0,41,0,0,0,627,detection,
628597,3,17,768,768,0,0,0,0,0,0,11,0,0,0,628,detection,
628598,20,17,768,768,0,0,0,0,0,0,0,0,0,0,628,detection,
628611,6,17,768,768,0,0,0,0,0,0,15,0,0,0,628,detection,
628625,19,17,768,768,0,0,0,0,0,0,15,0,0,0,628,detection,
628649,13,17,768,768,0,0,0,0,0,0,2,0,0,0,628,detection,
628904,1,10,768,768,0,0,0,0,0,0,4,0,0,0,628,detection,
629011,5,10,768,768,0,0,0,0,0,0,8,0,0,0,629,detection,
629013,7,10,768,768,0,0,0,0,0,0,7,0,0,0,629,detection,
630576,2,29,1351,1051,300,0,78,100,100,33,25,0,77,75,630,detection,
630660,17,29,1351,1051,300,0,71,100,95,11,32,0,71,75,630,detection,
633967,3,2,1353,1353,0,0,0,0,0,0,32,0,0,0,633,detection,
633998,16,2,1353,1353,0,0,0,0,0,0,41,0,0,0,633,detection,
634037,12,2,1353,1353,0,0,0,0,0,0,41,0,0,0,634,detection,
640826,2,12,1472,1472,0,0,0,0,0,0,37,0,0,0,640,detection,
642078,11,8,1172,1172,0,0,0,0,0,0,6,0,0,0,642,detection,
642146,13,8,1172,1172,0,0,0,0,0,0,11,0,0,0,642,detection,
642163,12,27,890,1190,-300,53,63,98,84,9,42,0,62,40,642,detection,
642203,2,27,890,1190,-300,53,68,100,92,10,35,0,62,40,642,detection,
642252,16,27,890,1190,-300,53,67,100,89,30,37,0,60,40,642,detection,
642259,18,27,890,1190,-300,53,68,100,92,50,35,0,62,40,642,detection,
643900,13,30,1656,1356,300,0,93,100,100,57,13,0,82,75,643,detection,
643928,8,30,1656,1356,300,0,100,100,100,83,7,0,77,75,643,detection,
643951,11,30,1656,1356,300,0,93,100,0,28,13,0,82,75,643,detection,
645540,12,2,1296,1296,0,0,0,0,0,0,41,0,0,0,645,detection,
645775,13,8,1159,1159,0,0,0,0,0,0,6,0,0,0,645,detection,
645827,2,12,1313,1313,0,0,0,0,0,0,41,0,0,0,645,detection,
648412,12,27,1458,1158,300,0,66,100,88,20,38,0,69,55,648,detection,
650626,16,29,768,1068,-300,100,78,100,0,11,25,0,91,100,650,detection,
650661,17,29,768,1068,-300,100,71,100,95,22,32,0,81,75,650,detection,
650704,11,29,768,1068,-300,100,87,100,0,25,17,0,97,100,650,detection,
650706,2,29,768,1068,-300,100,78,100,100,0,25,0,90,100,650,detection,
651576,2,12,1489,1489,0,0,0,0,0,0,41,0,0,0,651,detection,
651746,4,14,787,787,0,0,0,0,0,0,10,0,0,0,651,detection,
651749,21,14,787,787,0,0,0,0,0,0,7,0,0,0,651,detection,
651803,9,14,787,787,0,0,0,0,0,0,12,0,0,0,651,detection,
652537,12,2,1313,1313,0,0,0,0,0,0,41,0,0,0,652,detection,
654776,13,11,1076,1076,0,0,0,0,0,0,10,0,0,0,654,detection,
654804,8,11,1076,1076,0,0,0,0,0,0,11,0,0,0,654,detection,
663164,12,31,463,763,-300,100,91,100,100,0,14,0,96,100,663,detection,
665304,9,14,827,827,0,0,0,0,0,0,8,0,0,0,665,detection,
665372,16,12,1014,1014,0,0,0,0,0,0,38,0,0,0,665,detection,
665452,2,12,1014,1014,0,0,0,0,0,0,42,0,0,0,665,detection,
665578,2,27,419,719,-300,100,66,100,0,10,38,0,72,55,665,detection,
665630,16,27,419,719,-300,100,64,100,0,30,41,0,69,55,665,detection,
665634,18,27,419,719,-300,100,68,100,0,40,35,0,77,55,665,detection,
665662,12,27,419,719,-300,100,63,98,84,0,42,0,67,55,665,detection,
667969,3,18,715,715,0,0,0,0,0,0,21,0,0,0,667,detection,
667998,22,18,715,715,0,0,0,0,0,0,20,0,0,0,667,detection,
668149,1,23,812,512,300,0,100,100,0,66,2,0,82,75,668,detection,
668160,17,23,812,512,300,0,83,100,0,50,20,0,82,75,668,detection,
668219,3,23,812,512,300,0,100,100,0,66,8,0,82,75,668,detection,
668237,6,23,812,512,300,0,99,100,0,85,9,0,77,75,668,detection,
668248,16,23,812,512,300,0,93,100,0,0,13,0,82,75,668,detection,
668250,22,23,812,512,300,0,100,100,100,66,0,0,82,75,668,detection,
668257,18,23,812,512,300,0,100,100,0,0,3,0,82,75,668,detection,
668824,11,17,804,804,0,0,0,0,0,0,2,0,0,0,668,detection,
668845,20,17,804,804,0,0,0,0,0,0,0,0,0,0,668,detection,
668859,3,17,804,804,0,0,0,0,0,0,11,0,0,0,668,detection,
668862,6,17,804,804,0,0,0,0,0,0,10,0,0,0,668,detection,
668879,19,17,804,804,0,0,0,0,0,0,15,0,0,0,668,detection,
669579,2,16,692,692,0,0,0,0,0,0,32,0,0,0,669,detection,
669593,3,16,692,692,0,0,0,0,0,0,31,0,0,0,669,detection,
669631,18,16,692,692,0,0,0,0,0,0,25,0,0,0,669,detection,
669748,16,29,1045,745,300,0,75,100,100,22,28,0,75,75,669,detection,
669828,2,29,1045,745,300,0,75,100,100,11,28,0,75,75,669,detection,
669863,3,29,1045,745,300,0,81,100,100,62,22,0,80,75,669,detection,
670849,3,2,835,835,0,0,0,0,0,0,36,0,0,0,670,detection,
671864,6,11,1076,1076,0,0,0,0,0,0,19,0,0,0,671,detection,
671876,19,11,1076,1076,0,0,0,0,0,0,24,0,0,0,671,detection,
671911,17,11,1076,1076,0,0,0,0,0,0,27,0,0,0,671,detection,
671925,8,11,1076,1076,0,0,0,0,0,0,11,0,0,0,671,detection,
673250,16,27,1041,741,300,0,64,100,85,30,41,0,68,55,673,detection,
673258,18,27,1041,741,300,0,68,100,90,40,36,0,69,55,673,detection,
673286,12,27,1041,741,300,0,63,98,84,9,42,0,66,55,673,detection,
673635,5,6,512,512,0,0,0,0,0,0,0,0,0,0,673,detection,
674450,2,3,967,967,0,0,0,0,0,0,11,0,0,0,674,detection,
675704,2,12,984,984,0,0,0,0,0,0,42,0,0,0,675,detection,
675748,16,12,984,984,0,0,0,0,0,0,38,0,0,0,675,detection,
675808,9,26,1090,790,300,0,100,100,100,33,0,0,82,75,675,detection,
675871,4,26,1090,790,300,0,100,100,0,0,6,0,82,75,675,detection,
675873,14,26,1090,790,300,0,100,100,100,33,4,0,82,75,675,detection,
675874,22,26,1090,790,300,0,100,100,100,33,3,0,82,75,675,detection,
675878,21,26,1090,790,300,0,100,100,100,33,0,0,82,75,675,detection,
675882,18,26,1090,790,300,0,99,100,100,0,9,0,82,75,675,detection,
676954,2,29,778,1078,-300,96,75,100,100,22,28,0,87,100,676,detection,
676956,11,29,778,1078,-300,96,87,100,0,25,17,0,97,100,676,detection,
677037,17,29,778,1078,-300,96,71,100,0,22,32,0,81,75,677,detection,
677501,19,17,800,800,0,0,0,0,0,0,15,0,0,0,677,detection,
677952,2,16,1068,1068,0,0,0,0,0,0,36,0,0,0,677,detection,
677966,3,16,1068,1068,0,0,0,0,0,0,34,0,0,0,677,detection,
678009,18,16,1068,1068,0,0,0,0,0,0,29,0,0,0,678,detection,
678036,12,16,1068,1068,0,0,0,0,0,0,33,0,0,0,678,detection,
678665,12,31,1347,1047,300,0,87,100,100,0,17,0,82,75,678,detection,
678748,16,31,1347,1047,300,0,82,100,0,25,21,0,80,75,678,detection,
681123,16,18,1097,1097,0,0,0,0,0,0,25,0,0,0,681,detection,
681123,22,18,1097,1097,0,0,0,0,0,0,23,0,0,0,681,detection,
682037,12,27,791,1091,-300,100,63,98,84,0,42,0,67,55,682,detection,
682081,2,27,791,1091,-300,100,63,100,0,9,42,0,67,55,682,detection,
682125,16,27,791,1091,-300,100,65,100,86,0,40,0,71,55,682,detection,
682747,22,26,479,779,-300,100,100,100,100,50,3,0,96,100,682,detection,
682749,4,26,479,779,-300,100,100,100,100,16,6,0,96,100,682,detection,
682750,14,26,479,779,-300,100,100,100,100,50,4,0,96,100,682,detection,
682787,17,29,1372,1072,300,0,76,100,100,33,27,0,75,75,682,detection,
682806,9,26,479,779,-300,100,100,100,100,50,0,0,96,100,682,detection,
682830,11,29,1372,1072,300,0,87,100,100,37,17,0,82,75,682,detection,
682872,16,12,1227,1227,0,0,0,0,0,0,42,0,0,0,682,detection,
683255,18,16,1160,1160,0,0,0,0,0,0,35,0,0,0,683,detection,
683287,12,16,1160,1160,0,0,0,0,0,0,37,0,0,0,683,detection,
683326,2,16,1160,1160,0,0,0,0,0,0,36,0,0,0,683,detection,
683344,3,16,1160,1160,0,0,0,0,0,0,34,0,0,0,683,detection,
684875,16,31,892,1192,-300,68,78,100,100,33,25,0,75,75,684,detection,
684885,18,31,892,1192,-300,68,93,100,100,85,13,0,76,75,684,detection,
684912,12,31,892,1192,-300,68,82,100,100,0,21,0,78,75,684,detection,
686363,6,22,512,512,0,0,0,0,0,0,11,0,0,0,686,detection,
686747,14,4,735,735,0,0,0,0,0,0,9,0,0,0,686,detection,
689717,3,19,819,819,0,0,0,0,0,0,10,0,0,0,689,detection,
690161,12,2,699,699,0,0,0,0,0,0,41,50,68,55,690,detection,
690205,2,27,852,1152,-300,46,63,100,0,9,42,0,57,40,690,detection,
690250,16,27,852,1152,-300,46,63,100,0,0,42,0,57,40,690,detection,
690257,18,27,852,1152,-300,46,68,100,92,0,35,0,62,40,690,detection,
690290,12,27,852,1152,-300,46,63,100,0,0,42,0,57,40,690,detection,
690494,22,18,635,635,0,0,0,0,0,0,26,0,0,0,690,detection,
691134,18,16,1117,1117,0,0,0,0,0,0,36,0,0,0,691,detection,
691161,12,16,1117,1117,0,0,0,0,0,0,40,0,0,0,691,detection,
691200,2,16,1117,1117,0,0,0,0,0,0,40,0,0,0,691,detection,
691534,17,3,1159,1159,0,0,0,0,0,0,21,0,0,0,691,detection,
691575,11,3,1159,1159,0,0,0,0,0,0,7,0,0,0,691,detection,
691627,19,3,1159,1159,0,0,0,0,0,0,19,0,0,0,691,detection,
695327,11,8,1136,1136,0,0,0,0,0,0,7,0,0,0,695,detection,
695399,13,8,1136,1136,0,0,0,0,0,0,5,0,0,0,695,detection,
696218,3,16,1116,1116,0,0,0,0,0,0,35,0,0,0,696,detection,
696375,16,31,303,603,-300,98,78,100,0,33,25,50,98,100,696,detection,
696383,18,31,303,603,-300,98,84,100,0,0,19,50,98,100,696,detection,
696787,12,16,563,563,0,0,0,0,0,0,40,50,68,55,696,detection,
696826,2,16,563,563,0,0,0,0,0,0,40,50,68,55,696,detection,
696850,3,16,563,563,0,0,0,0,0,0,27,0,0,0,696,detection,
698679,9,14,861,861,0,0,0,0,0,0,7,0,0,0,698,detection,
698745,22,14,861,861,0,0,0,0,0,0,7,0,0,0,698,detection,
698745,4,14,861,861,0,0,0,0,0,0,10,0,0,0,698,detection,
699330,2,29,1170,870,300,0,71,100,95,0,32,0,71,75,699,detection,
699373,22,26,904,604,300,0,100,100,100,66,7,0,82,75,699,detection,
699374,4,26,904,604,300,0,100,100,100,33,6,0,82,75,699,detection,
699376,14,26,904,604,300,0,100,100,100,66,3,0,82,75,699,detection,
699377,21,26,904,604,300,0,100,100,0,33,3,0,82,75,699,detection,
699409,17,29,1170,870,300,0,72,100,0,33,31,0,72,75,699,detection,
699431,9,26,904,604,300,0,100,100,100,66,3,0,82,75,699,detection,
700075,2,3,819,819,0,0,0,0,0,0,14,0,0,0,700,detection,
700110,6,3,819,819,0,0,0,0,0,0,15,0,0,0,700,detection,
700128,19,3,819,819,0,0,0,0,0,0,24,0,0,0,700,detection,
700454,2,12,980,980,0,0,0,0,0,0,38,0,0,0,700,detection,
700660,12,2,1057,1057,0,0,0,0,0,0,41,0,0,0,700,detection,
701802,8,13,1128,1128,0,0,0,0,0,0,5,0,0,0,701,detection,
701826,11,13,1128,1128,0,0,0,0,0,0,6,0,0,0,701,detection,
702499,19,11,1073,1073,0,0,0,0,0,0,25,0,0,0,702,detection,
702524,13,11,1073,1073,0,0,0,0,0,0,11,0,0,0,702,detection,
703663,12,31,1706,1406,300,0,78,100,100,11,25,0,77,75,703,detection,
705759,18,16,559,559,0,0,0,0,0,0,39,0,0,0,705,detection,
705786,12,16,559,559,0,0,0,0,0,0,41,0,0,0,705,detection,
705825,2,16,559,559,0,0,0,0,0,0,40,0,0,0,705,detection,
706157,17,3,819,819,0,0,0,0,0,0,25,0,0,0,706,detection,
706200,11,3,819,819,0,0,0,0,0,0,11,0,0,0,706,detection,
706251,19,3,819,819,0,0,0,0,0,0,20,0,0,0,706,detection,
706503,19,30,1084,1384,-300,100,82,100,0,37,21,0,95,100,706,detection,
706556,8,30,1084,1384,-300,100,100,100,100,83,7,0,88,100,706,detection,
707410,17,29,560,860,-300,99,72,100,96,44,31,0,82,75,707,detection,
707454,11,29,560,860,-300,99,82,100,100,50,21,0,95,100,707,detection,
707622,4,26,340,640,-300,85,100,100,100,50,6,0,96,100,707,detection,
707623,14,26,340,640,-300,85,100,100,100,83,4,0,87,100,707,detection,
707625,21,26,340,640,-300,85,100,100,100,50,4,0,96,100,707,detection,
707873,22,14,861,861,0,0,0,0,0,0,6,0,0,0,707,detection,
708500,16,2,1080,1080,0,0,0,0,0,0,43,0,0,0,708,detection,
708535,12,2,1080,1080,0,0,0,0,0,0,38,0,0,0,708,detection,
710787,12,27,1226,926,300,0,63,98,84,0,42,0,66,55,710,detection,
710826,2,27,1226,926,300,0,63,98,84,0,42,0,66,55,710,detection,
710875,16,27,1226,926,300,0,63,100,84,9,42,0,66,55,710,detection,
711161,12,31,1710,1410,300,0,77,100,0,11,26,0,75,75,711,detection,
716122,22,26,940,640,300,0,100,100,0,66,7,0,82,75,716,detection,
717119,22,18,-1,-1,0,0,0,0,0,0,26,0,0,0,717,detection,
717124,16,18,-1,-1,0,0,0,0,0,0,29,0,0,0,717,detection,
717218,3,18,-1,-1,0,0,0,0,0,0,22,0,0,0,717,detection,
717624,4,26,562,862,-300,0,97,100,0,42,10,0,82,75,717,detection,
717627,21,26,562,862,-300,0,100,100,0,50,8,0,82,75,717,detection,
718122,22,21,523,523,0,0,0,0,0,0,1,0,0,0,718,detection,
719499,16,2,1075,1075,0,0,0,0,0,0,44,0,0,0,719,detection,
719538,12,2,1075,1075,0,0,0,0,0,0,38,0,0,0,719,detection,
720123,16,27,640,940,-300,68,64,100,85,20,41,0,68,55,720,detection,
720135,18,27,640,940,-300,68,63,98,0,0,42,0,66,55,720,detection,
720164,12,27,640,940,-300,68,64,100,85,0,41,0,68,55,720,detection,
720561,1,23,212,512,-300,100,100,100,100,66,2,0,96,100,720,detection,
720618,6,23,212,512,-300,100,99,100,100,85,9,0,87,100,720,detection,
720626,16,23,212,512,-300,100,94,100,100,0,12,0,96,100,720,detection,
720633,18,23,212,512,-300,100,97,100,100,0,10,0,96,100,720,detection,
720702,2,3,990,990,0,0,0,0,0,0,15,0,0,0,720,detection,
720738,6,3,990,990,0,0,0,0,0,0,15,0,0,0,720,detection,
720747,16,3,990,990,0,0,0,0,0,0,14,0,0,0,720,detection,
720751,19,3,990,990,0,0,0,0,0,0,19,0,0,0,720,detection,
720761,18,3,990,990,0,0,0,0,0,0,12,0,0,0,720,detection,
720974,1,22,512,512,0,0,0,0,0,0,0,0,0,0,720,detection,
720988,6,22,512,512,0,0,0,0,0,0,11,0,0,0,720,detection,
720998,14,22,512,512,0,0,0,0,0,0,3,0,0,0,720,detection,
721000,21,22,512,512,0,0,0,0,0,0,0,0,0,0,721,detection,
721055,9,22,512,512,0,0,0,0,0,0,0,0,0,0,721,detection,
721499,16,31,683,983,-300,83,78,100,0,33,25,0,91,100,721,detection,
721508,18,31,683,983,-300,83,81,100,0,0,22,0,95,100,721,detection,
721540,12,31,683,983,-300,83,77,100,100,22,26,0,87,100,721,detection,
723753,22,18,858,858,0,0,0,0,0,0,31,0,0,0,723,detection,
724616,6,23,812,512,300,0,99,100,100,85,9,0,77,75,724,detection,
725682,9,26,1075,775,300,0,100,100,0,66,7,0,82,75,725,detection,
725748,22,26,1075,775,300,0,94,100,0,57,12,0,82,75,725,detection,
725749,4,26,1075,775,300,0,91,100,100,57,14,0,82,75,725,detection,
725751,14,26,1075,775,300,0,100,100,100,100,7,0,77,75,725,detection,
725752,21,26,1075,775,300,0,96,100,100,57,11,0,82,75,725,detection,
725761,18,26,1075,775,300,0,97,100,0,0,10,0,82,75,725,detection,
726627,19,3,972,972,0,0,0,0,0,0,19,0,0,0,726,detection,
726631,18,3,972,972,0,0,0,0,0,0,12,0,0,0,726,detection,
726661,17,3,972,972,0,0,0,0,0,0,24,0,0,0,726,detection,
726699,11,3,972,972,0,0,0,0,0,0,11,0,0,0,726,detection,
726702,2,3,972,972,0,0,0,0,0,0,15,0,0,0,726,detection,
726745,6,28,212,512,-300,100,96,100,100,42,11,0,96,100,726,detection,
727131,1,22,512,512,0,0,0,0,0,0,0,0,0,0,727,detection,
727181,9,22,512,512,0,0,0,0,0,0,0,0,0,0,727,detection,
727238,6,22,512,512,0,0,0,0,0,0,11,0,0,0,727,detection,
727248,14,22,512,512,0,0,0,0,0,0,2,0,0,0,727,detection,
727250,21,22,512,512,0,0,0,0,0,0,0,0,0,0,727,detection,
728164,1,23,212,512,-300,100,100,100,0,66,2,0,97,100,728,detection,
728238,6,23,212,512,-300,100,99,100,100,85,9,0,87,100,728,detection,
728251,22,23,212,512,-300,100,100,100,100,83,0,0,88,100,728,detection,
728285,17,23,212,512,-300,100,83,100,100,62,20,0,96,100,728,detection,
728757,18,31,933,633,300,0,82,100,100,0,21,41,86,100,728,detection,
728789,12,31,933,633,300,0,78,100,100,33,25,41,84,75,728,detection,
728873,16,31,933,633,300,0,78,100,100,33,25,41,84,75,728,detection,
729132,18,16,559,559,0,0,0,0,0,0,40,41,0,0,729,detection,
729202,2,16,559,559,0,0,0,0,0,0,40,0,0,0,729,detection,
729217,3,16,559,559,0,0,0,0,0,0,30,0,0,0,729,detection,
729968,3,2,694,694,0,0,0,0,0,0,39,0,0,0,729,detection,
729998,16,2,694,694,0,0,0,0,0,0,43,41,0,0,729,detection,
730038,12,2,694,694,0,0,0,0,0,0,42,41,0,0,730,detection,
730595,3,18,853,853,0,0,0,0,0,0,27,0,0,0,730,detection,
730620,22,18,853,853,0,0,0,0,0,0,30,0,0,0,730,detection,
730872,22,26,495,795,-300,100,94,100,100,71,12,0,91,100,730,detection,
730873,4,26,495,795,-300,100,91,100,100,0,14,0,96,100,730,detection,
730875,14,26,495,795,-300,100,100,100,100,100,7,0,87,100,730,detection,
730876,21,26,495,795,-300,100,96,100,100,57,11,0,96,100,730,detection,
730930,9,26,495,795,-300,100,100,100,100,83,7,0,88,100,730,detection,
731453,2,29,1383,1083,300,0,68,100,0,0,36,0,69,75,731,detection,
731456,11,29,1383,1083,300,0,78,100,100,55,25,0,77,75,731,detection,
731468,3,29,1383,1083,300,0,74,100,0,44,29,0,74,75,731,detection,
731537,17,29,1383,1083,300,0,69,100,93,50,34,0,71,75,731,detection,
731827,2,12,1014,1014,0,0,0,0,0,0,42,0,0,0,731,detection,
731872,16,12,1014,1014,0,0,0,0,0,0,38,0,0,0,731,detection,
732126,16,27,653,953,-300,63,64,100,0,20,41,0,62,40,732,detection,
732133,18,27,653,953,-300,63,63,100,0,0,42,0,63,40,732,detection,
732162,12,27,653,953,-300,63,64,100,0,0,41,0,62,40,732,detection,
732201,2,27,653,953,-300,63,63,98,84,9,42,0,66,55,732,detection,
732749,10,25,1131,831,300,0,100,100,0,0,3,0,82,55,732,detection,
736160,12,2,1030,1030,0,0,0,0,0,0,41,0,0,0,736,detection,
736249,16,2,1030,1030,0,0,0,0,0,0,42,0,0,0,736,detection,
736413,12,16,950,950,0,0,0,0,0,0,40,0,0,0,736,detection,
736452,2,16,950,950,0,0,0,0,0,0,40,0,0,0,736,detection,
736466,3,16,950,950,0,0,0,0,0,0,34,0,0,0,736,detection,
736505,18,16,950,950,0,0,0,0,0,0,36,0,0,0,736,detection,
738920,1,23,812,512,300,0,100,100,100,66,1,0,82,75,738,detection,
738989,6,23,812,512,300,0,99,100,100,85,9,0,77,75,738,detection,
739001,16,23,812,512,300,0,94,100,100,0,12,0,82,75,739,detection,
739035,17,23,812,512,300,0,83,100,100,75,20,0,77,75,739,detection,
739633,18,31,1114,814,300,0,78,100,0,0,25,0,77,75,739,detection,
739661,12,31,1114,814,300,0,74,100,0,33,29,0,74,75,739,detection,
740123,14,4,1065,1065,0,0,0,0,0,0,12,0,0,0,740,detection,
740126,16,29,783,1083,-300,94,71,100,95,33,32,0,81,75,740,detection,
740161,17,29,783,1083,-300,94,69,100,93,50,34,0,79,75,740,detection,
740204,11,29,783,1083,-300,94,84,100,100,62,19,0,96,100,740,detection,
740499,19,3,950,950,0,0,0,0,0,0,22,0,0,0,740,detection,
740534,17,3,950,950,0,0,0,0,0,0,28,0,0,0,740,detection,
740576,11,3,950,950,0,0,0,0,0,0,14,0,0,0,740,detection,
742343,3,17,833,833,0,0,0,0,0,0,8,0,0,0,742,detection,
743132,18,27,1655,1355,300,0,63,100,84,9,42,0,66,55,743,detection,
743164,12,27,1655,1355,300,0,67,100,89,10,37,0,69,55,743,detection,
744520,1,22,512,512,0,0,0,0,0,0,0,0,0,0,744,detection,
744557,9,22,512,512,0,0,0,0,0,0,0,0,0,0,744,detection,
744610,6,22,512,512,0,0,0,0,0,0,9,0,0,0,744,detection,
744620,14,22,512,512,0,0,0,0,0,0,2,0,0,0,744,detection,
744626,21,22,512,512,0,0,0,0,0,0,0,0,0,0,744,detection,
744630,18,22,512,512,0,0,0,0,0,0,10,0,0,0,744,detection,
744853,3,18,1256,1256,0,0,0,0,0,0,27,0,0,0,744,detection,
744871,16,18,1256,1256,0,0,0,0,0,0,33,0,0,0,744,detection,
744951,2,16,1286,1286,0,0,0,0,0,0,40,0,0,0,744,detection,
745009,18,16,1286,1286,0,0,0,0,0,0,36,0,0,0,745,detection,
745036,12,16,1286,1286,0,0,0,0,0,0,40,0,0,0,745,detection,
746246,16,31,527,827,-300,87,74,100,99,33,29,0,86,100,746,detection,
746259,18,31,527,827,-300,87,82,100,100,12,21,0,95,100,746,detection,
747497,22,18,907,907,0,0,0,0,0,0,34,0,0,0,747,detection,
748384,18,3,1180,1180,0,0,0,0,0,0,15,0,0,0,748,detection,
748410,17,3,1180,1180,0,0,0,0,0,0,23,0,0,0,748,detection,
748451,2,3,1180,1180,0,0,0,0,0,0,20,0,0,0,748,detection,
748452,11,3,1180,1180,0,0,0,0,0,0,14,0,0,0,748,detection,
748487,6,3,1180,1180,0,0,0,0,0,0,19,0,0,0,748,detection,
748500,16,3,1180,1180,0,0,0,0,0,0,19,0,0,0,748,detection,
749884,18,16,1009,1009,0,0,0,0,0,0,42,0,0,0,749,detection,
749911,12,16,1009,1009,0,0,0,0,0,0,38,0,0,0,749,detection,
749950,2,16,1009,1009,0,0,0,0,0,0,42,0,0,0,749,detection,
750682,9,26,1128,828,300,0,100,100,100,100,7,0,77,75,750,detection,
750748,4,26,1128,828,300,0,90,100,100,14,15,0,82,75,750,detection,
750751,14,26,1128,828,300,0,100,100,100,100,7,0,77,75,750,detection,
750751,21,26,1128,828,300,0,97,100,100,71,10,0,78,75,750,detection,
752804,9,15,534,534,0,0,0,0,0,0,0,0,0,0,752,detection,
754373,16,27,1720,1420,300,0,66,100,88,30,38,0,69,55,754,detection,
754414,12,27,1720,1420,300,0,64,100,0,10,41,0,68,55,754,detection,
754453,2,27,1720,1420,300,0,66,100,88,20,38,0,69,55,754,detection,
755202,2,12,1566,1566,0,0,0,0,0,0,41,0,0,0,755,detection,
755247,16,12,1566,1566,0,0,0,0,0,0,41,0,0,0,755,detection,
755842,3,16,995,995,0,0,0,0,0,0,37,0,0,0,755,detection,
755881,18,16,995,995,0,0,0,0,0,0,43,0,0,0,755,detection,
755913,12,16,995,995,0,0,0,0,0,0,39,0,0,0,755,detection,
755952,2,16,995,995,0,0,0,0,0,0,39,0,0,0,755,detection,
756134,18,26,506,806,-300,100,97,100,100,14,10,0,96,100,756,detection,
756245,22,26,506,806,-300,100,94,100,0,57,12,0,97,100,756,detection,
756247,4,26,506,806,-300,100,89,100,100,0,16,0,96,100,756,detection,
756249,14,26,506,806,-300,100,100,100,100,100,7,0,87,100,756,detection,
756343,3,2,1552,1552,0,0,0,0,0,0,41,0,0,0,756,detection,
756863,3,18,920,920,0,0,0,0,0,0,31,0,0,0,756,detection,
756871,22,18,920,920,0,0,0,0,0,0,28,0,0,0,756,detection,
756871,16,18,920,920,0,0,0,0,0,0,35,0,0,0,756,detection,
758466,3,2,1552,1552,0,0,0,0,0,0,42,0,0,0,758,detection,
758497,16,2,1552,1552,0,0,0,0,0,0,43,0,0,0,758,detection,
758536,12,2,1552,1552,0,0,0,0,0,0,41,0,0,0,758,detection,
758629,16,27,1079,1379,-300,67,64,100,85,40,41,0,68,55,758,detection,
758634,18,27,1079,1379,-300,67,64,100,85,20,41,0,68,55,758,detection,
758662,12,27,1079,1379,-300,67,65,100,86,20,40,0,68,55,758,detection,
760237,6,3,1075,1075,0,0,0,0,0,0,23,0,0,0,760,detection,
760246,16,3,1075,1075,0,0,0,0,0,0,23,0,0,0,760,detection,
760251,19,3,1075,1075,0,0,0,0,0,0,26,0,0,0,760,detection,
760285,17,3,1075,1075,0,0,0,0,0,0,27,0,0,0,760,detection,
762514,7,5,512,512,0,0,0,0,0,0,0,0,0,0,762,detection,
762719,3,18,920,920,0,0,0,0,0,0,31,0,0,0,762,detection,
763788,12,27,1691,1391,300,0,65,100,86,30,40,0,69,55,763,detection,
763827,2,27,1691,1391,300,0,64,100,0,20,41,0,68,55,763,detection,
763912,12,31,1115,815,300,0,75,100,0,33,28,0,75,75,763,detection,
763999,16,31,1115,815,300,0,74,100,99,44,29,0,74,75,763,detection,
764008,18,31,1115,815,300,0,82,100,100,25,21,0,80,75,764,detection,
766537,12,16,1176,1176,0,0,0,0,0,0,42,0,0,0,766,detection,
766576,2,16,1176,1176,0,0,0,0,0,0,42,50,68,55,766,detection,
767851,3,18,898,898,0,0,0,0,0,0,33,0,0,0,767,detection,
767870,22,18,898,898,0,0,0,0,0,0,31,0,0,0,767,detection,
767871,16,18,898,898,0,0,0,0,0,0,34,0,0,0,767,detection,
768054,9,14,988,988,0,0,0,0,0,0,7,0,0,0,768,detection,
768120,22,14,988,988,0,0,0,0,0,0,7,0,0,0,768,detection,
768120,4,14,988,988,0,0,0,0,0,0,16,0,0,0,768,detection,
768237,6,3,1097,1097,0,0,0,0,0,0,17,0,0,0,768,detection,
768259,18,3,1097,1097,0,0,0,0,0,0,20,0,0,0,768,detection,
768260,19,3,1097,1097,0,0,0,0,0,0,26,0,0,0,768,detection,
768284,17,3,1097,1097,0,0,0,0,0,0,27,0,0,0,768,detection,
768325,2,3,1097,1097,0,0,0,0,0,0,23,0,0,0,768,detection,
768326,11,3,1097,1097,0,0,0,0,0,0,18,0,0,0,768,detection,
768883,18,27,984,1284,-300,66,64,100,0,20,41,0,66,55,768,detection,
768912,12,27,984,1284,-300,66,65,100,86,40,40,0,68,55,768,detection,
769433,9,26,1084,784,300,0,100,100,0,83,7,0,77,75,769,detection,
769496,4,26,1084,784,300,0,87,100,100,12,17,0,82,75,769,detection,
769498,14,26,1084,784,300,0,100,100,100,100,7,0,77,75,769,detection,
769499,22,26,1084,784,300,0,100,100,100,66,7,0,82,75,769,detection,
769503,21,26,1084,784,300,0,97,100,0,57,10,0,82,75,769,detection,
769507,18,26,1084,784,300,0,97,100,100,28,10,0,82,75,769,detection,
769702,2,12,1580,1580,0,0,0,0,0,0,41,0,0,0,769,detection,
769753,19,11,1066,1066,0,0,0,0,0,0,21,0,0,0,769,detection,
769773,13,11,1066,1066,0,0,0,0,0,0,6,0,0,0,769,detection,
769783,17,11,1066,1066,0,0,0,0,0,0,27,0,0,0,769,detection,
769802,8,11,1066,1066,0,0,0,0,0,0,6,0,0,0,769,detection,
771786,12,16,1221,1221,0,0,0,0,0,0,42,0,0,0,771,detection,
772124,16,18,1199,1199,0,0,0,0,0,0,39,0,0,0,772,detection,
772180,1,23,212,512,-300,100,100,100,100,66,1,0,96,100,772,detection,
772220,3,23,212,512,-300,100,93,100,100,57,13,0,96,100,772,detection,
772241,6,23,212,512,-300,100,99,100,100,85,9,0,87,100,772,detection,
772249,16,23,212,512,-300,100,94,100,100,14,12,0,96,100,772,detection,
772249,22,23,212,512,-300,100,100,100,0,83,0,0,89,100,772,detection,
772257,18,23,212,512,-300,100,97,100,0,0,10,0,97,100,772,detection,
772288,17,23,212,512,-300,100,83,100,100,75,20,0,88,100,772,detection,
773385,18,31,1042,1342,-300,10,76,100,100,0,27,0,75,75,773,detection,
773634,5,24,812,512,300,0,100,100,0,33,0,0,82,75,773,detection,
773954,11,29,1377,1077,300,0,84,100,100,62,19,0,82,75,773,detection,
774578,2,16,1228,1228,0,0,0,0,0,0,42,100,99,100,774,detection,
774592,3,16,1228,1228,0,0,0,0,0,0,38,50,68,55,774,detection,
774634,18,16,1228,1228,0,0,0,0,0,0,43,0,0,0,774,detection,
774661,12,16,1228,1228,0,0,0,0,0,0,42,0,0,0,774,detection,
776751,16,27,1885,1585,300,0,64,100,85,50,41,0,68,55,776,detection,
776758,18,27,1885,1585,300,0,64,100,85,30,41,0,68,55,776,detection,
776787,12,27,1885,1585,300,0,65,100,86,50,40,0,69,55,776,detection,
778373,14,22,512,512,0,0,0,0,0,0,2,0,0,0,778,detection,
778375,21,22,512,512,0,0,0,0,0,0,0,0,0,0,778,detection,
778422,1,22,512,512,0,0,0,0,0,0,0,0,0,0,778,detection,
778430,9,22,512,512,0,0,0,0,0,0,0,0,0,0,778,detection,
779883,18,3,1094,1094,0,0,0,0,0,0,19,0,0,0,779,detection,
779910,17,3,1094,1094,0,0,0,0,0,0,26,0,0,0,779,detection,
779950,2,3,1094,1094,0,0,0,0,0,0,23,0,0,0,779,detection,
779952,11,3,1094,1094,0,0,0,0,0,0,13,0,0,0,779,detection,
779986,6,3,1094,1094,0,0,0,0,0,0,17,0,0,0,779,detection,
780201,11,17,804,804,0,0,0,0,0,0,2,0,0,0,780,detection,
780220,3,17,804,804,0,0,0,0,0,0,9,0,0,0,780,detection,
780223,20,17,804,804,0,0,0,0,0,0,0,0,0,0,780,detection,
780236,6,17,804,804,0,0,0,0,0,0,10,0,0,0,780,detection,
780273,13,17,804,804,0,0,0,0,0,0,2,0,0,0,780,detection,
780747,16,31,1614,1314,300,0,69,100,0,0,34,0,71,75,780,detection,
780788,12,31,1614,1314,300,0,71,100,0,33,32,0,71,75,780,detection,
780878,21,9,548,548,0,0,0,0,0,0,0,0,0,0,780,detection,
781122,22,18,1116,1116,0,0,0,0,0,0,35,0,0,0,781,detection,
783451,2,12,1721,1721,0,0,0,0,0,0,41,0,0,0,783,detection,
783500,16,12,1721,1721,0,0,0,0,0,0,41,0,0,0,783,detection,
786703,2,16,1162,1162,0,0,0,0,0,0,42,100,99,100,786,detection,
786718,3,16,1162,1162,0,0,0,0,0,0,38,100,99,100,786,detection,
786756,18,16,1162,1162,0,0,0,0,0,0,42,0,0,0,786,detection,
788455,2,27,1177,1477,-300,76,64,100,85,30,41,0,68,55,788,detection,
788748,10,6,512,512,0,0,0,0,0,0,2,0,0,0,788,detection,
790245,16,31,1589,1289,300,0,69,100,0,0,34,0,71,75,790,detection,
790259,18,31,1589,1289,300,0,76,100,100,11,27,0,75,75,790,detection,
790286,12,31,1589,1289,300,0,72,100,0,0,31,0,72,75,790,detection,
795871,14,4,1439,1439,0,0,0,0,0,0,11,0,0,0,795,detection,
796997,22,18,1046,1046,0,0,0,0,0,0,34,0,0,0,796,detection,
796997,16,18,1046,1046,0,0,0,0,0,0,38,0,0,0,796,detection,
797092,3,18,1046,1046,0,0,0,0,0,0,29,0,0,0,797,detection,
801647,13,8,1193,1193,0,0,0,0,0,0,6,0,0,0,801,detection,
803624,22,26,566,866,-300,78,100,100,100,66,7,0,94,100,803,detection,
803625,4,26,566,866,-300,78,93,100,100,0,13,0,94,100,803,detection,
803626,14,26,566,866,-300,78,100,100,100,100,7,0,84,75,803,detection,
803628,21,26,566,866,-300,78,100,100,100,83,6,0,85,100,803,detection,
803632,18,26,566,866,-300,78,97,100,100,0,10,0,94,100,803,detection,
803682,9,26,566,866,-300,78,100,100,100,83,7,0,85,100,803,detection,
805703,2,12,1697,1697,0,0,0,0,0,0,41,0,0,0,805,detection,
805748,16,12,1697,1697,0,0,0,0,0,0,41,0,0,0,805,detection,
806248,16,2,1636,1636,0,0,0,0,0,0,39,0,0,0,806,detection,
806288,12,2,1636,1636,0,0,0,0,0,0,41,0,0,0,806,detection,
806342,3,2,1636,1636,0,0,0,0,0,0,42,0,0,0,806,detection,
806787,12,31,594,894,-300,89,68,100,92,10,35,0,77,75,806,detection,
806874,16,31,594,894,-300,89,67,100,89,10,37,0,74,75,806,detection,
806883,18,31,594,894,-300,89,73,100,97,22,30,0,84,75,806,detection,
807746,14,4,1105,1105,0,0,0,0,0,0,15,0,0,0,807,detection,
809998,16,27,1432,1132,300,0,63,100,0,45,42,0,66,55,809,detection,
810010,18,27,1432,1132,300,0,63,100,0,27,42,0,66,55,810,detection,
810039,12,27,1432,1132,300,0,64,100,0,50,41,0,68,55,810,detection,
810078,2,27,1432,1132,300,0,63,100,84,36,42,0,66,55,810,detection,
810828,2,12,1063,1063,0,0,0,0,0,0,41,0,0,0,810,detection,
810872,16,12,1063,1063,0,0,0,0,0,0,41,0,0,0,810,detection,
811259,18,16,1042,1042,0,0,0,0,0,0,42,0,0,0,811,detection,
811286,12,16,1042,1042,0,0,0,0,0,0,42,0,0,0,811,detection,
811326,2,16,1042,1042,0,0,0,0,0,0,42,0,0,0,811,detection,
811702,11,13,1092,1092,0,0,0,0,0,0,6,0,0,0,811,detection,
811802,8,13,1092,1092,0,0,0,0,0,0,5,0,0,0,811,detection,
812626,16,31,1167,867,300,0,69,100,93,20,34,0,71,75,812,detection,
812662,12,31,1167,867,300,0,68,100,92,20,35,0,70,75,812,detection,
813249,14,4,1074,1074,0,0,0,0,0,0,15,0,0,0,813,detection,
813786,12,2,1454,1454,0,0,0,0,0,0,41,0,0,0,813,detection,
813870,16,2,1454,1454,0,0,0,0,0,0,42,0,0,0,813,detection,
814828,2,16,1128,1128,0,0,0,0,0,0,41,50,68,55,814,detection,
814843,3,16,1128,1128,0,0,0,0,0,0,38,100,99,100,814,detection,
814881,18,16,1128,1128,0,0,0,0,0,0,42,0,0,0,814,detection,
815277,1,22,512,512,0,0,0,0,0,0,0,0,0,0,815,detection,
815306,9,22,512,512,0,0,0,0,0,0,0,0,0,0,815,detection,
815363,6,22,512,512,0,0,0,0,0,0,9,0,0,0,815,detection,
815373,14,22,512,512,0,0,0,0,0,0,2,0,0,0,815,detection,
815376,21,22,512,512,0,0,0,0,0,0,0,0,0,0,815,detection,
816077,11,8,1241,1241,0,0,0,0,0,0,7,0,0,0,816,detection,
816372,16,12,1614,1614,0,0,0,0,0,0,40,0,0,0,816,detection,
816451,11,3,1092,1092,0,0,0,0,0,0,13,0,0,0,816,detection,
816489,6,3,1092,1092,0,0,0,0,0,0,17,0,0,0,816,detection,
816498,16,3,1092,1092,0,0,0,0,0,0,23,0,0,0,816,detection,
816507,18,3,1092,1092,0,0,0,0,0,0,20,0,0,0,816,detection,
817875,16,27,803,1103,-300,18,63,100,84,45,42,0,66,55,817,detection,
817883,18,27,803,1103,-300,18,66,100,88,40,38,0,69,55,817,detection,
817912,12,27,803,1103,-300,18,64,100,85,50,41,0,68,55,817,detection,
820037,12,2,1453,1453,0,0,0,0,0,0,41,0,0,0,820,detection,
821247,16,12,1493,1493,0,0,0,0,0,0,40,0,0,0,821,detection,
821326,2,12,1493,1493,0,0,0,0,0,0,40,0,0,0,821,detection,
823257,18,16,1111,1111,0,0,0,0,0,0,37,0,0,0,823,detection,
823328,2,16,1111,1111,0,0,0,0,0,0,41,100,99,100,823,detection,
823343,3,16,1111,1111,0,0,0,0,0,0,38,100,99,100,823,detection,
823968,3,2,1543,1543,0,0,0,0,0,0,35,0,0,0,823,detection,
823999,16,2,1543,1543,0,0,0,0,0,0,42,0,0,0,823,detection,
824038,12,2,1543,1543,0,0,0,0,0,0,37,0,0,0,824,detection,
828246,16,18,973,973,0,0,0,0,0,0,37,0,0,0,828,detection,
828874,16,12,1473,1473,0,0,0,0,0,0,40,0,0,0,828,detection,
828953,2,12,1473,1473,0,0,0,0,0,0,37,0,0,0,828,detection,
829164,12,31,570,870,-300,98,72,100,96,0,31,0,82,75,829,detection,
829247,16,31,570,870,-300,98,69,100,93,0,34,0,79,75,829,detection,
829260,18,31,570,870,-300,98,73,100,0,22,30,0,84,75,829,detection,
829328,2,27,803,1103,-300,18,63,100,84,45,42,0,66,55,829,detection,
829384,18,27,803,1103,-300,18,66,100,0,40,38,0,69,55,829,detection,
829413,12,27,803,1103,-300,18,67,100,0,50,37,0,69,55,829,detection,
831805,8,30,481,781,-300,100,96,100,0,57,11,0,97,100,831,detection,
831829,11,30,481,781,-300,100,87,100,100,25,17,0,96,100,831,detection,
831874,14,4,1074,1074,0,0,0,0,0,0,14,0,0,0,831,detection,
831881,19,30,481,781,-300,100,78,100,0,22,25,0,91,100,831,detection,
831900,13,30,481,781,-300,100,96,100,100,71,11,0,91,100,831,detection,
832703,2,12,1026,1026,0,0,0,0,0,0,40,0,0,0,832,detection,
832749,16,12,1026,1026,0,0,0,0,0,0,37,0,0,0,832,detection,
833285,12,2,1194,1194,0,0,0,0,0,0,40,0,0,0,833,detection,
833434,15,7,512,512,0,0,0,0,0,0,0,0,0,0,833,detection,
833631,18,16,1079,1079,0,0,0,0,0,0,37,0,0,0,833,detection,
833663,12,16,1079,1079,0,0,0,0,0,0,42,0,0,0,833,detection,
833704,2,16,1079,1079,0,0,0,0,0,0,41,100,99,100,833,detection,
834614,6,11,737,737,0,0,0,0,0,0,23,0,0,0,834,detection,
835327,2,3,737,737,0,0,0,0,0,0,23,0,0,0,835,detection,
835372,16,3,737,737,0,0,0,0,0,0,27,0,0,0,835,detection,
835376,19,3,737,737,0,0,0,0,0,0,30,0,0,0,835,detection,
835380,18,3,737,737,0,0,0,0,0,0,23,0,0,0,835,detection,
836301,8,13,782,782,0,0,0,0,0,0,5,0,0,0,836,detection,
836325,11,13,782,782,0,0,0,0,0,0,11,0,0,0,836,detection,
836864,1,23,812,512,300,0,100,100,100,66,1,0,82,75,836,detection,
836873,22,23,812,512,300,0,100,100,100,100,0,0,77,75,836,detection,
837025,13,30,1081,781,300,0,94,100,100,85,12,0,77,75,837,detection,
837054,8,30,1081,781,300,0,93,100,100,57,13,0,82,75,837,detection,
837078,11,30,1081,781,300,0,84,100,100,25,19,0,82,75,837,detection,
837876,19,30,481,781,-300,100,78,100,0,11,25,0,91,100,837,detection,
839576,2,3,993,993,0,0,0,0,0,0,27,0,0,0,839,detection,
839621,16,3,993,993,0,0,0,0,0,0,30,0,0,0,839,detection,
839630,18,3,993,993,0,0,0,0,0,0,27,0,0,0,839,detection,
839804,8,13,1095,1095,0,0,0,0,0,0,10,0,0,0,839,detection,
839828,11,13,1095,1095,0,0,0,0,0,0,16,0,0,0,839,detection,
840775,13,8,1221,1221,0,0,0,0,0,0,8,0,0,0,840,detection,
840877,19,11,1060,1060,0,0,0,0,0,0,21,0,0,0,840,detection,
840897,13,11,1060,1060,0,0,0,0,0,0,9,0,0,0,840,detection,
840907,17,11,1060,1060,0,0,0,0,0,0,28,0,0,0,840,detection,
840930,8,11,1060,1060,0,0,0,0,0,0,9,0,0,0,840,detection,
841202,2,12,1013,1013,0,0,0,0,0,0,40,0,0,0,841,detection,
841329,2,29,764,1064,-300,100,68,100,90,10,36,0,76,75,841,detection,
841373,16,29,764,1064,-300,100,71,100,0,0,32,0,81,75,841,detection,
841750,16,2,1194,1194,0,0,0,0,0,0,42,0,0,0,841,detection,
841785,12,2,1194,1194,0,0,0,0,0,0,40,0,0,0,841,detection,
846100,20,25,1068,768,300,0,100,100,0,0,6,0,82,55,846,detection,
846125,10,25,1068,768,300,0,100,100,0,0,7,0,82,55,846,detection,
846150,13,25,1068,768,300,0,96,100,0,0,11,0,82,55,846,detection,
846160,17,25,1068,768,300,0,82,100,0,25,21,0,80,75,846,detection,
847453,11,8,1228,1228,0,0,0,0,0,0,5,0,0,0,847,detection,
849283,17,3,1095,1095,0,0,0,0,0,0,29,0,0,0,849,detection,
849325,11,3,1095,1095,0,0,0,0,0,0,18,0,0,0,849,detection,
849328,2,3,1095,1095,0,0,0,0,0,0,27,0,0,0,849,detection,
849372,16,3,1095,1095,0,0,0,0,0,0,30,0,0,0,849,detection,
849377,19,3,1095,1095,0,0,0,0,0,0,33,0,0,0,849,detection,
849381,18,3,1095,1095,0,0,0,0,0,0,23,0,0,0,849,detection,
849827,11,30,1624,1324,300,0,83,100,0,0,20,0,82,75,849,detection,
849879,19,30,1624,1324,300,0,78,100,100,22,25,0,77,75,849,detection,
849898,13,30,1624,1324,300,0,91,100,0,0,14,0,82,75,849,detection,
850074,2,12,994,994,0,0,0,0,0,0,40,0,0,0,850,detection,
850123,16,12,994,994,0,0,0,0,0,0,36,0,0,0,850,detection,
850221,20,5,512,512,0,0,0,0,0,0,0,0,0,0,850,detection,
850286,12,2,1194,1194,0,0,0,0,0,0,40,0,0,0,850,detection,
850344,3,2,1194,1194,0,0,0,0,0,0,41,0,0,0,850,detection,
850374,16,2,1194,1194,0,0,0,0,0,0,41,0,0,0,850,detection,
852125,10,25,468,768,-300,100,100,100,100,16,7,0,96,100,852,detection,
852138,5,25,468,768,-300,100,100,100,100,50,2,0,96,100,852,detection,
852150,13,25,468,768,-300,100,96,100,100,14,11,0,96,100,852,detection,
852224,20,25,468,768,-300,100,100,100,100,16,2,0,96,100,852,detection,
853748,14,4,1100,1100,0,0,0,0,0,0,14,0,0,0,853,detection,
854251,16,31,1167,867,300,0,70,100,94,11,33,0,71,75,854,detection,
854259,18,31,1167,867,300,0,73,100,97,33,30,0,73,75,854,detection,
854287,12,31,1167,867,300,0,72,100,96,11,31,0,72,75,854,detection,
856303,8,13,772,772,0,0,0,0,0,0,13,0,0,0,856,detection,
856327,11,13,772,772,0,0,0,0,0,0,20,0,0,0,856,detection,
857536,17,11,1109,1109,0,0,0,0,0,0,27,0,0,0,857,detection,
857556,9,26,1168,868,300,0,100,100,100,83,4,0,77,75,857,detection,
857622,22,26,1168,868,300,0,100,100,100,66,8,0,82,75,857,detection,
857623,4,26,1168,868,300,0,91,100,100,14,14,0,82,75,857,detection,
857625,14,26,1168,868,300,0,100,100,100,100,4,0,77,75,857,detection,
857634,18,26,1168,868,300,0,97,100,100,14,10,0,82,75,857,detection,
858037,12,27,1330,1030,300,0,67,100,89,50,37,0,69,55,858,detection,
858081,2,27,1330,1030,300,0,63,100,84,54,42,0,66,55,858,detection,
858125,16,27,1330,1030,300,0,63,100,84,45,42,0,66,55,858,detection,
859037,1,24,212,512,-300,100,100,100,100,50,0,0,96,100,859,detection,
859126,10,24,212,512,-300,100,100,100,100,0,1,0,96,100,859,detection,
859141,7,24,212,512,-300,100,100,100,100,50,0,0,96,100,859,detection,
860036,17,3,1095,1095,0,0,0,0,0,0,29,0,0,0,860,detection,
860112,6,3,1095,1095,0,0,0,0,0,0,20,0,0,0,860,detection,
860126,19,3,1095,1095,0,0,0,0,0,0,29,0,0,0,860,detection,
860372,16,31,992,1292,-300,29,67,100,89,20,37,0,66,75,860,detection,
860385,18,31,992,1292,-300,29,69,100,93,40,34,0,66,75,860,detection,
861247,14,4,1445,1445,0,0,0,0,0,0,17,0,0,0,861,detection,
861801,8,13,834,834,0,0,0,0,0,0,14,0,0,0,861,detection,
861825,11,13,834,834,0,0,0,0,0,0,15,0,0,0,861,detection,
861910,12,2,1308,1308,0,0,0,0,0,0,41,0,0,0,861,detection,
862689,1,10,790,790,0,0,0,0,0,0,4,0,0,0,862,detection,
862721,20,10,790,790,0,0,0,0,0,0,7,0,0,0,862,detection,
862759,5,10,790,790,0,0,0,0,0,0,3,0,0,0,862,detection,
862765,7,10,790,790,0,0,0,0,0,0,4,0,0,0,862,detection,
863540,12,27,986,1286,-300,13,64,100,85,50,41,0,68,55,863,detection,
864650,13,11,1109,1109,0,0,0,0,0,0,10,0,0,0,864,detection,
864679,8,11,1109,1109,0,0,0,0,0,0,9,0,0,0,864,detection,
864680,17,11,1109,1109,0,0,0,0,0,0,22,0,0,0,864,detection,
865600,20,25,1068,768,300,0,100,100,100,33,2,0,82,75,865,detection,
865625,10,25,1068,768,300,0,100,100,100,33,7,0,82,75,865,detection,
865638,5,25,1068,768,300,0,100,100,100,66,4,0,82,75,865,detection,
865670,17,25,1068,768,300,0,89,100,0,28,16,0,82,75,865,detection,
865748,10,24,812,512,300,0,100,100,100,16,1,0,82,75,865,detection,
867134,18,16,1074,1074,0,0,0,0,0,0,37,0,0,0,867,detection,
867162,12,16,1074,1074,0,0,0,0,0,0,42,0,0,0,867,detection,
867201,2,16,1074,1074,0,0,0,0,0,0,37,0,0,0,867,detection,
867374,14,4,1424,1424,0,0,0,0,0,0,17,0,0,0,867,detection,
867665,12,31,1548,1248,300,0,68,100,0,10,35,0,70,75,867,detection,
867747,16,31,1548,1248,300,0,67,100,89,30,37,0,69,75,867,detection,
867763,18,31,1548,1248,300,0,73,100,97,55,30,0,73,75,867,detection,
869910,12,2,1253,1253,0,0,0,0,0,0,40,0,0,0,869,detection,
869968,3,2,1253,1253,0,0,0,0,0,0,40,0,0,0,869,detection,
869998,16,2,1253,1253,0,0,0,0,0,0,41,0,0,0,869,detection,
871498,16,12,1487,1487,0,0,0,0,0,0,40,0,0,0,871,detection,
871577,2,12,1487,1487,0,0,0,0,0,0,40,0,0,0,871,detection,
871952,2,27,1559,1259,300,0,64,100,0,0,41,0,68,55,871,detection,
872009,18,27,1559,1259,300,0,64,100,85,40,41,0,68,55,872,detection,
872037,12,27,1559,1259,300,0,65,100,86,50,40,0,69,55,872,detection,
878079,11,30,424,724,-300,100,90,100,100,14,15,0,96,100,878,detection,
878131,19,30,424,724,-300,100,78,100,100,33,25,0,90,100,878,detection,
878150,13,30,424,724,-300,100,90,100,100,14,15,50,98,100,878,detection,
878179,8,30,424,724,-300,100,93,100,100,0,13,0,96,100,878,detection,
878412,12,31,936,1236,-300,51,69,100,93,0,34,0,60,40,878,detection,
878509,18,31,936,1236,-300,51,73,100,97,66,30,0,60,40,878,detection,
878997,16,12,1471,1471,0,0,0,0,0,0,40,0,0,0,878,detection,
880259,19,11,680,680,0,0,0,0,0,0,26,0,0,0,880,detection,
880273,13,11,680,680,0,0,0,0,0,0,14,0,0,0,880,detection,
880282,17,11,680,680,0,0,0,0,0,0,26,0,0,0,880,detection,
880302,8,11,680,680,0,0,0,0,0,0,14,0,0,0,880,detection,
880364,6,11,680,680,0,0,0,0,0,0,24,0,0,0,880,detection,
880774,13,8,781,781,0,0,0,0,0,0,13,0,0,0,880,detection,
880999,16,2,1253,1253,0,0,0,0,0,0,41,0,0,0,880,detection,
881035,12,2,1253,1253,0,0,0,0,0,0,40,0,0,0,881,detection,
881093,3,2,1253,1253,0,0,0,0,0,0,42,0,0,0,881,detection,
881371,16,3,779,779,0,0,0,0,0,0,30,0,0,0,881,detection,
881375,19,3,779,779,0,0,0,0,0,0,32,0,0,0,881,detection,
881410,17,3,779,779,0,0,0,0,0,0,32,0,0,0,881,detection,
881450,2,3,779,779,0,0,0,0,0,0,30,0,0,0,881,detection,
881451,11,3,779,779,0,0,0,0,0,0,23,0,0,0,881,detection,
881486,6,3,779,779,0,0,0,0,0,0,24,0,0,0,881,detection,
882497,14,4,1424,1424,0,0,0,0,0,0,17,0,0,0,882,detection,
882912,17,29,1236,936,300,0,66,100,88,50,38,0,69,75,882,detection,
882953,2,29,1236,936,300,0,65,100,86,20,40,0,69,75,882,detection,
882955,11,29,1236,936,300,0,76,100,0,55,27,0,75,75,882,detection,
882968,3,29,1236,936,300,0,66,100,0,30,38,0,69,75,882,detection,
882997,16,29,1236,936,300,0,68,100,90,10,36,0,69,75,882,detection,
884248,16,31,1536,1236,300,0,67,100,0,30,37,0,69,75,884,detection,
884596,3,29,636,936,-300,100,66,100,88,40,38,0,72,75,884,detection,
886077,2,27,1022,1322,-300,80,64,100,85,10,41,0,69,55,886,detection,
886134,18,27,1022,1322,-300,80,63,100,84,36,42,0,67,55,886,detection,
886162,12,27,1022,1322,-300,80,64,100,85,50,41,0,69,55,886,detection,
886412,12,2,1472,1472,0,0,0,0,0,0,40,0,0,0,886,detection,
886496,16,2,1472,1472,0,0,0,0,0,0,41,0,0,0,886,detection,
887285,12,16,1165,1165,0,0,0,0,0,0,37,0,0,0,887,detection,
887329,2,16,1165,1165,0,0,0,0,0,0,41,0,0,0,887,detection,
887502,19,3,769,769,0,0,0,0,0,0,32,0,0,0,887,detection,
887772,13,8,796,796,0,0,0,0,0,0,13,0,0,0,887,detection,
888509,18,16,1138,1138,0,0,0,0,0,0,41,0,0,0,888,detection,
888622,22,18,935,935,0,0,0,0,0,0,34,0,0,0,888,detection,
888806,15,21,519,519,0,0,0,0,0,0,0,0,0,0,888,detection,
888806,9,21,519,519,0,0,0,0,0,0,0,0,0,0,888,detection,
888873,22,21,519,519,0,0,0,0,0,0,1,0,0,0,888,detection,
888885,5,21,519,519,0,0,0,0,0,0,1,0,0,0,888,detection,
889202,2,29,1236,936,300,0,65,100,0,0,40,0,69,75,889,detection,
889205,11,29,1236,936,300,0,76,100,0,55,27,0,75,75,889,detection,
889247,16,29,1236,936,300,0,71,100,0,0,32,0,71,75,889,detection,
890024,13,11,680,680,0,0,0,0,0,0,14,0,0,0,890,detection,
890053,8,11,680,680,0,0,0,0,0,0,14,0,0,0,890,detection,
890078,2,12,1401,1401,0,0,0,0,0,0,40,0,0,0,890,detection,
891783,17,3,769,769,0,0,0,0,0,0,32,0,0,0,891,detection,
891854,3,2,1546,1546,0,0,0,0,0,0,41,0,0,0,891,detection,
891875,16,2,1546,1546,0,0,0,0,0,0,37,0,0,0,891,detection,
891910,12,2,1546,1546,0,0,0,0,0,0,37,0,0,0,891,detection,
893808,15,21,518,518,0,0,0,0,0,0,0,0,0,0,893,detection,
894375,16,27,1638,1338,300,0,64,100,0,50,41,0,68,55,894,detection,
894382,18,27,1638,1338,300,0,64,100,85,50,41,0,68,55,894,detection,
894415,12,27,1638,1338,300,0,64,100,85,60,41,0,68,55,894,detection,
894853,3,16,1118,1118,0,0,0,0,0,0,36,0,0,0,894,detection,
894881,18,16,1118,1118,0,0,0,0,0,0,41,0,0,0,894,detection,
894908,12,16,1118,1118,0,0,0,0,0,0,37,0,0,0,894,detection,
895616,6,23,212,512,-300,100,100,100,0,83,7,0,89,100,895,detection,
896411,17,25,485,785,-300,100,89,100,100,42,16,0,96,100,896,detection,
896504,19,25,485,785,-300,100,83,100,0,12,20,0,97,100,896,detection,
896524,13,25,485,785,-300,100,100,100,0,16,8,0,97,100,896,detection,
897542,17,28,812,512,300,0,87,100,0,25,17,0,82,75,897,detection,
898451,2,12,1380,1380,0,0,0,0,0,0,40,0,0,0,898,detection,
898500,16,12,1380,1380,0,0,0,0,0,0,40,50,68,55,898,detection,
898869,4,14,894,894,0,0,0,0,0,0,16,0,0,0,898,detection,
898873,22,14,894,894,0,0,0,0,0,0,7,0,0,0,898,detection,
898876,21,14,894,894,0,0,0,0,0,0,3,0,0,0,898,detection,
898931,9,14,894,894,0,0,0,0,0,0,6,0,0,0,898,detection,
899487,6,11,705,705,0,0,0,0,0,0,24,0,0,0,899,detection,
899499,19,11,705,705,0,0,0,0,0,0,26,0,0,0,899,detection,
899524,13,11,705,705,0,0,0,0,0,0,14,0,0,0,899,detection,
899553,8,11,705,705,0,0,0,0,0,0,14,0,0,0,899,detection,
899612,6,3,760,760,0,0,0,0,0,0,24,0,0,0,899,detection,
899625,19,3,760,760,0,0,0,0,0,0,31,0,0,0,899,detection,
899633,18,3,760,760,0,0,0,0,0,0,26,0,0,0,899,detection,
899659,17,3,760,760,0,0,0,0,0,0,28,0,0,0,899,detection,
899701,11,3,760,760,0,0,0,0,0,0,22,0,0,0,899,detection,
899702,2,3,760,760,0,0,0,0,0,0,30,0,0,0,899,detection,
902374,16,29,681,981,-300,99,71,100,95,11,32,0,81,75,902,detection,
902454,2,29,681,981,-300,99,65,100,86,10,40,0,71,75,902,detection,
902773,13,8,810,810,0,0,0,0,0,0,13,0,0,0,902,detection,
903125,10,25,1105,805,300,0,100,100,0,33,6,0,82,75,903,detection,
904385,5,15,523,523,0,0,0,0,0,0,1,0,0,0,904,detection,
906161,12,2,1150,1150,0,0,0,0,0,0,40,0,0,0,906,detection,
906249,16,2,1150,1150,0,0,0,0,0,0,40,0,0,0,906,detection,
906429,8,13,821,821,0,0,0,0,0,0,15,0,0,0,906,detection,
906452,11,13,821,821,0,0,0,0,0,0,16,0,0,0,906,detection,
906506,18,16,1015,1015,0,0,0,0,0,0,41,0,0,0,906,detection,
906537,12,16,1015,1015,0,0,0,0,0,0,41,0,0,0,906,detection,
906576,2,16,1015,1015,0,0,0,0,0,0,41,0,0,0,906,detection,
906829,2,27,852,1152,-300,33,67,100,0,10,37,0,62,40,906,detection,
906874,16,27,852,1152,-300,33,64,100,85,50,41,0,64,40,906,detection,
906882,18,27,852,1152,-300,33,64,100,85,50,41,0,64,40,906,detection,
907402,13,30,1366,1066,300,0,86,100,100,25,18,0,82,75,907,detection,
907871,16,12,1380,1380,0,0,0,0,0,0,40,100,99,100,907,detection,
910577,11,8,1030,1030,0,0,0,0,0,0,10,0,0,0,910,detection,
910649,13,8,1030,1030,0,0,0,0,0,0,17,0,0,0,910,detection,
911415,12,31,944,1244,-300,48,69,100,0,0,34,0,53,40,911,detection,
911498,16,31,944,1244,-300,48,67,100,89,40,37,0,60,40,911,detection,
911594,3,2,1128,1128,0,0,0,0,0,0,41,0,0,0,911,detection,
911628,16,2,1128,1128,0,0,0,0,0,0,40,0,0,0,911,detection,
911660,12,2,1128,1128,0,0,0,0,0,0,40,0,0,0,911,detection,
911750,16,27,1430,1130,300,0,67,100,89,50,37,0,69,55,911,detection,
911757,18,27,1430,1130,300,0,64,100,85,60,41,0,68,55,911,detection,
911790,12,27,1430,1130,300,0,65,100,0,50,40,0,69,55,911,detection,
911829,2,27,1430,1130,300,0,67,100,89,20,37,0,69,55,911,detection,
912621,10,5,512,512,0,0,0,0,0,0,3,0,0,0,912,detection,
913161,12,16,1007,1007,0,0,0,0,0,0,41,0,0,0,913,detection,
913218,3,16,1007,1007,0,0,0,0,0,0,40,0,0,0,913,detection,
913257,18,16,1007,1007,0,0,0,0,0,0,40,0,0,0,913,detection,
913504,19,30,828,1128,-300,97,75,100,0,22,28,0,87,100,913,detection,
913524,13,30,828,1128,-300,97,81,100,100,37,22,0,95,100,913,detection,
913556,8,30,828,1128,-300,97,84,100,0,0,19,0,97,100,913,detection,
913580,11,30,828,1128,-300,97,83,100,0,12,20,0,97,100,913,detection,
914748,14,4,1280,1280,0,0,0,0,0,0,12,0,0,0,914,detection,
916496,16,3,892,892,0,0,0,0,0,0,34,50,68,55,916,detection,
916508,18,3,892,892,0,0,0,0,0,0,30,0,0,0,916,detection,
916575,2,3,892,892,0,0,0,0,0,0,34,50,68,55,916,detection,
916611,6,3,892,892,0,0,0,0,0,0,27,0,0,0,916,detection,
916643,5,25,1094,794,300,0,100,100,0,66,4,0,82,75,916,detection,
916722,20,25,1094,794,300,0,100,100,0,33,2,0,82,75,916,detection,
916751,10,25,1094,794,300,0,100,100,0,33,6,0,82,75,916,detection,
916830,2,27,830,1130,-300,41,67,100,89,30,37,0,63,40,916,detection,
918647,13,8,1042,1042,0,0,0,0,0,0,12,0,0,0,918,detection,
918704,11,8,1042,1042,0,0,0,0,0,0,10,0,0,0,918,detection,
921864,6,3,892,892,0,0,0,0,0,0,27,0,0,0,921,detection,
921873,16,3,892,892,0,0,0,0,0,0,34,100,99,100,921,detection,
921881,18,3,892,892,0,0,0,0,0,0,30,0,0,0,921,detection,
921950,11,3,892,892,0,0,0,0,0,0,26,50,68,55,921,detection,
921953,2,3,892,892,0,0,0,0,0,0,34,100,99,100,921,detection,
922679,8,30,1409,1109,300,0,91,100,100,14,14,0,82,75,922,detection,
922703,11,30,1409,1109,300,0,83,100,100,25,20,0,82,75,922,detection,
922775,13,30,1409,1109,300,0,82,100,100,50,21,0,80,75,922,detection,
924133,18,27,1430,1130,300,0,64,100,0,50,41,0,68,55,924,detection,
924162,12,27,1430,1130,300,0,65,100,0,50,40,0,69,55,924,detection,
924201,2,27,1430,1130,300,0,67,100,89,40,37,0,69,55,924,detection,
924384,18,16,1007,1007,0,0,0,0,0,0,40,0,0,0,924,detection,
924411,12,16,1007,1007,0,0,0,0,0,0,41,0,0,0,924,detection,
924450,2,16,1007,1007,0,0,0,0,0,0,41,0,0,0,924,detection,
924465,3,16,1007,1007,0,0,0,0,0,0,41,0,0,0,924,detection,
925178,9,14,849,849,0,0,0,0,0,0,6,0,0,0,925,detection,
925614,6,11,1077,1077,0,0,0,0,0,0,28,0,0,0,925,detection,
925627,19,11,1077,1077,0,0,0,0,0,0,29,0,0,0,925,detection,
925647,13,11,1077,1077,0,0,0,0,0,0,17,0,0,0,925,detection,
925680,8,11,1077,1077,0,0,0,0,0,0,19,0,0,0,925,detection,
928076,11,8,1192,1192,0,0,0,0,0,0,15,0,0,0,928,detection,
928148,13,8,1192,1192,0,0,0,0,0,0,15,0,0,0,928,detection,
928204,1,23,812,512,300,0,100,100,0,66,1,0,82,75,928,detection,
928240,6,23,812,512,300,0,100,100,100,100,7,0,77,75,928,detection,
928247,16,23,812,512,300,0,96,100,100,0,11,0,82,75,928,detection,
928248,22,23,812,512,300,0,100,100,0,83,0,0,77,75,928,detection,
928260,18,23,812,512,300,0,97,100,100,14,10,0,82,75,928,detection,
928286,17,23,812,512,300,0,84,100,100,75,19,0,77,75,928,detection,
928660,12,2,1128,1128,0,0,0,0,0,0,40,0,0,0,928,detection,
929036,17,29,1400,1100,300,0,63,100,0,45,42,0,66,75,929,detection,
929077,2,29,1400,1100,300,0,65,100,86,20,40,0,69,75,929,detection,
929080,11,29,1400,1100,300,0,71,100,0,44,32,0,71,75,929,detection,
931239,6,11,1077,1077,0,0,0,0,0,0,28,0,0,0,931,detection,
931252,19,11,1077,1077,0,0,0,0,0,0,29,0,0,0,931,detection,
931272,13,11,1077,1077,0,0,0,0,0,0,17,0,0,0,931,detection,
931286,17,11,1077,1077,0,0,0,0,0,0,30,0,0,0,931,detection,
931324,1,22,512,512,0,0,0,0,0,0,0,0,0,0,931,detection,
931370,6,22,512,512,0,0,0,0,0,0,9,0,0,0,931,detection,
931373,14,22,512,512,0,0,0,0,0,0,2,0,0,0,931,detection,
931376,21,22,512,512,0,0,0,0,0,0,0,0,0,0,931,detection,
931379,18,22,512,512,0,0,0,0,0,0,10,0,0,0,931,detection,
931430,9,22,512,512,0,0,0,0,0,0,0,0,0,0,931,detection,
931498,16,2,1375,1375,0,0,0,0,0,0,40,0,0,0,931,detection,
931775,13,30,805,1105,-300,100,82,100,100,62,21,0,95,100,931,detection,
931804,8,30,805,1105,-300,100,90,100,100,28,15,0,96,100,931,detection,
931827,11,30,805,1105,-300,100,83,100,100,0,20,0,96,100,931,detection,
933009,18,27,1027,1327,-300,78,67,100,89,60,37,0,73,55,933,detection,
933038,12,27,1027,1327,-300,78,67,100,89,50,37,0,73,55,933,detection,
933081,2,27,1027,1327,-300,78,65,100,86,50,40,0,71,55,933,detection,
933126,16,27,1027,1327,-300,78,64,100,85,50,41,0,69,55,933,detection,
934201,2,3,917,917,0,0,0,0,0,0,33,100,99,100,934,detection,
934236,6,3,917,917,0,0,0,0,0,0,22,0,0,0,934,detection,
934249,16,3,917,917,0,0,0,0,0,0,33,100,99,100,934,detection,
934257,18,3,917,917,0,0,0,0,0,0,30,0,0,0,934,detection,
935096,3,29,787,1087,-300,100,68,100,0,30,36,0,76,75,935,detection,
935125,16,29,787,1087,-300,100,68,100,0,10,36,0,76,75,935,detection,
935160,17,29,787,1087,-300,100,63,100,84,45,42,0,67,75,935,detection,
935200,2,29,787,1087,-300,100,68,100,90,0,36,0,76,75,935,detection,
935203,11,29,787,1087,-300,100,71,100,95,44,32,0,81,75,935,detection,
937749,16,2,1214,1214,0,0,0,0,0,0,40,0,0,0,937,detection,
937785,12,2,1214,1214,0,0,0,0,0,0,40,0,0,0,937,detection,
938452,2,12,1352,1352,0,0,0,0,0,0,40,0,0,0,938,detection,
938497,16,12,1352,1352,0,0,0,0,0,0,40,0,0,0,938,detection,
938615,6,11,1077,1077,0,0,0,0,0,0,23,0,0,0,938,detection,
939128,21,24,212,512,-300,100,100,100,0,50,0,0,97,100,939,detection,
940623,16,27,1617,1317,300,0,64,100,85,60,41,0,68,55,940,detection,
940635,18,27,1617,1317,300,0,67,100,89,60,37,0,69,55,940,detection,
940664,12,27,1617,1317,300,0,67,100,89,50,37,0,69,55,940,detection,
940703,2,27,1617,1317,300,0,64,100,85,60,41,0,68,55,940,detection,
942452,2,12,1352,1352,0,0,0,0,0,0,36,0,0,0,942,detection,
945624,22,9,554,554,0,0,0,0,0,0,1,0,0,0,945,detection,
947123,16,2,1196,1196,0,0,0,0,0,0,40,0,0,0,947,detection,
947151,13,8,1186,1186,0,0,0,0,0,0,15,0,0,0,947,detection,
947163,12,2,1196,1196,0,0,0,0,0,0,40,0,0,0,947,detection,
947217,3,2,1196,1196,0,0,0,0,0,0,41,0,0,0,947,detection,
947701,11,13,786,786,0,0,0,0,0,0,17,0,0,0,947,detection,
948497,16,29,1440,1140,300,0,68,100,90,20,36,0,69,75,948,detection,
948577,2,29,1440,1140,300,0,68,100,90,10,36,0,69,75,948,detection,
949349,20,25,493,793,-300,100,100,100,100,50,2,0,96,100,949,detection,
949374,10,25,493,793,-300,100,100,100,100,50,6,0,96,100,949,detection,
949379,19,25,493,793,-300,100,83,100,0,12,20,0,97,100,949,detection,
949398,13,25,493,793,-300,100,100,100,0,16,7,0,97,100,949,detection,
950132,18,26,1173,873,300,0,97,100,0,14,10,0,82,75,950,detection,
950784,17,11,1042,1042,0,0,0,0,0,0,30,0,0,0,950,detection,
950804,8,11,1042,1042,0,0,0,0,0,0,20,0,0,0,950,detection,
950861,6,11,1042,1042,0,0,0,0,0,0,22,0,0,0,950,detection,
950878,19,11,1042,1042,0,0,0,0,0,0,29,0,0,0,950,detection,
950899,13,11,1042,1042,0,0,0,0,0,0,12,0,0,0,950,detection,
950913,12,16,1154,1154,0,0,0,0,0,0,41,0,0,0,950,detection,
950953,2,16,1154,1154,0,0,0,0,0,0,40,0,0,0,950,detection,
950967,3,16,1154,1154,0,0,0,0,0,0,40,0,0,0,950,detection,
951003,19,6,512,512,0,0,0,0,0,0,17,0,0,0,951,detection,
951828,11,8,1186,1186,0,0,0,0,0,0,15,0,0,0,951,detection,
952342,3,2,1500,1500,0,0,0,0,0,0,41,0,0,0,952,detection,
952373,16,2,1500,1500,0,0,0,0,0,0,40,0,0,0,952,detection,
955926,8,13,781,781,0,0,0,0,0,0,17,0,0,0,955,detection,
959700,2,16,1273,1273,0,0,0,0,0,0,41,0,0,0,959,detection,
959748,4,26,573,873,-300,78,90,100,100,0,15,0,94,100,959,detection,
959750,14,26,573,873,-300,78,100,100,100,100,4,0,84,75,959,detection,
959751,21,26,573,873,-300,78,100,100,0,66,5,0,96,100,959,detection,
959785,12,16,1273,1273,0,0,0,0,0,0,41,0,0,0,959,detection,
959806,9,26,573,873,-300,78,100,100,100,83,4,0,85,100,959,detection,
960785,12,2,1601,1601,0,0,0,0,0,0,40,0,0,0,960,detection,
960842,3,2,1601,1601,0,0,0,0,0,0,37,0,0,0,960,detection,
960873,16,2,1601,1601,0,0,0,0,0,0,40,0,0,0,960,detection,
961093,3,16,1273,1273,0,0,0,0,0,0,41,0,0,0,961,detection,
961505,19,30,1125,825,300,0,76,100,100,33,27,0,75,75,961,detection,
961524,13,30,1125,825,300,0,83,100,100,75,20,0,77,75,961,detection,
961553,8,30,1125,825,300,0,86,100,100,37,18,0,82,75,961,detection,
961577,11,30,1125,825,300,0,79,100,100,12,24,0,78,75,961,detection,
963133,18,31,1220,920,300,0,69,100,93,60,34,0,71,55,963,detection,
963162,12,31,620,920,-300,81,67,100,0,0,37,0,74,55,963,detection,
963246,16,31,620,920,-300,81,64,100,0,40,41,0,69,55,963,detection,
963258,18,31,620,920,-300,81,70,100,94,66,33,0,74,55,963,detection,
963748,16,3,1060,1060,0,0,0,0,0,0,37,0,0,0,963,detection,
963824,11,3,1060,1060,0,0,0,0,0,0,31,0,0,0,963,detection,
963827,2,3,1060,1060,0,0,0,0,0,0,34,0,0,0,963,detection,
966954,2,16,1014,1014,0,0,0,0,0,0,40,0,0,0,966,detection,
966968,3,16,1014,1014,0,0,0,0,0,0,41,0,0,0,966,detection,
967008,18,16,1014,1014,0,0,0,0,0,0,37,50,68,55,967,detection,
967162,12,27,1436,1136,300,0,65,100,0,40,40,0,69,55,967,detection,
967206,2,27,1436,1136,300,0,64,100,0,50,41,0,68,55,967,detection,
967250,16,27,1436,1136,300,0,64,100,0,50,41,0,68,55,967,detection,
967257,18,27,1436,1136,300,0,64,100,0,50,41,0,68,55,967,detection,
970997,16,31,1259,959,300,0,67,100,89,50,37,0,69,55,970,detection,
971010,18,31,1259,959,300,0,70,100,94,77,33,0,63,40,971,detection,
971076,2,29,1425,1125,300,0,68,100,0,0,36,0,69,75,971,detection,
971079,11,29,1425,1125,300,0,71,100,95,44,32,0,71,75,971,detection,
971096,3,29,1425,1125,300,0,68,100,90,0,36,0,69,75,971,detection,
971121,16,29,1425,1125,300,0,68,100,0,0,36,0,69,75,971,detection,
971160,17,29,1425,1125,300,0,67,100,89,60,37,0,69,75,971,detection,
972786,17,19,864,864,0,0,0,0,0,0,20,0,0,0,972,detection,
972909,17,3,1060,1060,0,0,0,0,0,0,32,0,0,0,972,detection,
972951,11,3,1060,1060,0,0,0,0,0,0,31,0,0,0,972,detection,
972985,6,3,1060,1060,0,0,0,0,0,0,25,0,0,0,972,detection,
972999,16,3,1060,1060,0,0,0,0,0,0,37,0,0,0,972,detection,
973275,13,30,517,817,-300,90,83,100,100,87,20,0,87,100,973,detection,
973305,8,30,517,817,-300,90,86,100,100,50,18,0,96,100,973,detection,
973864,6,11,1115,1115,0,0,0,0,0,0,21,0,0,0,973,detection,
973876,19,11,1115,1115,0,0,0,0,0,0,29,0,0,0,973,detection,
973915,17,11,1115,1115,0,0,0,0,0,0,29,0,0,0,973,detection,
973926,8,11,1115,1115,0,0,0,0,0,0,16,0,0,0,973,detection,
974661,12,16,1295,1295,0,0,0,0,0,0,41,0,0,0,974,detection,
974700,2,16,1295,1295,0,0,0,0,0,0,40,0,0,0,974,detection,
974759,18,16,1295,1295,0,0,0,0,0,0,40,0,0,0,974,detection,
975038,12,27,985,1285,-300,95,64,100,85,40,41,0,69,55,975,detection,
975077,2,27,985,1285,-300,95,64,100,85,60,41,0,69,55,975,detection,
975126,16,27,985,1285,-300,95,64,100,85,50,41,0,69,55,975,detection,
975133,18,27,985,1285,-300,95,64,100,85,50,41,0,69,55,975,detection,
975517,1,5,512,512,0,0,0,0,0,0,0,0,0,0,975,detection,
975558,15,5,512,512,0,0,0,0,0,0,0,0,0,0,975,detection,
975599,20,5,512,512,0,0,0,0,0,0,0,0,0,0,975,detection,
975623,10,5,512,512,0,0,0,0,0,0,3,0,0,0,975,detection,
975624,21,5,512,512,0,0,0,0,0,0,0,0,0,0,975,detection,
975638,7,5,512,512,0,0,0,0,0,0,0,0,0,0,975,detection,
976200,11,8,956,956,0,0,0,0,0,0,18,0,0,0,976,detection,
976272,13,8,956,956,0,0,0,0,0,0,19,0,0,0,976,detection,
978842,3,2,1419,1419,0,0,0,0,0,0,41,0,0,0,978,detection,
978872,16,2,1419,1419,0,0,0,0,0,0,37,0,0,0,978,detection,
978912,12,2,1419,1419,0,0,0,0,0,0,40,0,0,0,978,detection,
979700,2,16,1276,1276,0,0,0,0,0,0,37,0,0,0,979,detection,
979758,18,16,1276,1276,0,0,0,0,0,0,40,0,0,0,979,detection,
979785,12,16,1276,1276,0,0,0,0,0,0,37,0,0,0,979,detection,
981700,11,8,937,937,0,0,0,0,0,0,18,0,0,0,981,detection,
981772,13,8,937,937,0,0,0,0,0,0,19,0,0,0,981,detection,
982500,16,12,1019,1019,0,0,0,0,0,0,40,0,0,0,982,detection,
983001,16,27,1579,1279,300,0,64,100,85,60,41,0,68,55,983,detection,
983037,12,27,1579,1279,300,0,64,100,85,40,41,0,68,55,983,detection,
983081,2,27,1579,1279,300,0,67,100,89,60,37,0,69,55,983,detection,
984123,16,31,710,1010,-300,46,67,100,89,0,37,0,62,40,984,detection,
984135,18,31,710,1010,-300,46,70,100,94,77,33,0,60,40,984,detection,
984163,12,31,710,1010,-300,46,67,100,0,0,37,0,56,40,984,detection,
984843,3,18,849,849,0,0,0,0,0,0,33,0,0,0,984,detection,
984872,22,18,849,849,0,0,0,0,0,0,33,0,0,0,984,detection,
984872,16,18,849,849,0,0,0,0,0,0,37,0,0,0,984,detection,
985594,3,23,212,512,-300,100,91,100,0,57,14,0,97,100,985,detection,
985659,17,3,1060,1060,0,0,0,0,0,0,32,0,0,0,985,detection,
985700,2,3,1060,1060,0,0,0,0,0,0,33,0,0,0,985,detection,
985701,11,3,1060,1060,0,0,0,0,0,0,26,0,0,0,985,detection,
985736,6,3,1060,1060,0,0,0,0,0,0,25,0,0,0,985,detection,
985749,16,3,1060,1060,0,0,0,0,0,0,37,0,0,0,985,detection,
985754,19,3,1060,1060,0,0,0,0,0,0,35,0,0,0,985,detection,
985758,18,3,1060,1060,0,0,0,0,0,0,34,0,0,0,985,detection,
986535,12,16,1090,1090,0,0,0,0,0,0,40,0,0,0,986,detection,
986594,3,16,1090,1090,0,0,0,0,0,0,41,0,0,0,986,detection,
986632,18,16,1090,1090,0,0,0,0,0,0,40,0,0,0,986,detection,
986874,16,2,1664,1664,0,0,0,0,0,0,40,0,0,0,986,detection,
986967,3,2,1664,1664,0,0,0,0,0,0,40,0,0,0,986,detection,
991844,3,2,1650,1650,0,0,0,0,0,0,40,0,0,0,991,detection,
991875,16,2,1650,1650,0,0,0,0,0,0,40,0,0,0,991,detection,
991911,12,2,1650,1650,0,0,0,0,0,0,36,0,0,0,991,detection,
993664,12,27,868,1168,-300,92,64,100,85,50,41,0,69,55,993,detection,
993703,2,27,868,1168,-300,92,67,100,89,0,37,0,74,55,993,detection,
993748,16,27,868,1168,-300,92,64,100,85,60,41,0,69,55,993,detection,
993760,18,27,868,1168,-300,92,64,100,0,40,41,0,69,55,993,detection,
995772,13,8,937,937,0,0,0,0,0,0,19,0,0,0,995,detection,
995824,11,8,937,937,0,0,0,0,0,0,18,0,0,0,995,detection,
996161,12,16,1055,1055,0,0,0,0,0,0,40,0,0,0,996,detection,
996218,3,16,1055,1055,0,0,0,0,0,0,40,0,0,0,996,detection,
996257,18,16,1055,1055,0,0,0,0,0,0,40,0,0,0,996,detection,
996288,12,2,1289,1289,0,0,0,0,0,0,40,0,0,0,996,detection,
996342,3,2,1289,1289,0,0,0,0,0,0,40,0,0,0,996,detection,
996372,16,2,1289,1289,0,0,0,0,0,0,40,0,0,0,996,detection,
996491,6,20,559,559,0,0,0,0,0,0,11,0,0,0,996,detection,
996539,12,2,1289,1289,0,0,0,0,0,0,40,0,0,0,996,detection,
997123,10,25,1074,774,300,0,100,100,100,66,6,0,82,75,997,detection,
997128,19,25,1074,774,300,0,83,100,100,25,20,0,82,75,997,detection,
997136,5,25,1074,774,300,0,100,100,0,66,3,0,82,75,997,detection,
997163,17,25,1074,774,300,0,89,100,100,57,16,0,82,75,997,detection,
997537,17,25,474,774,-300,100,89,100,100,57,16,0,96,100,997,detection,
998603,1,7,512,512,0,0,0,0,0,0,4,0,0,0,998,detection,
998624,10,7,512,512,0,0,0,0,0,0,2,0,0,0,998,detection,
998633,5,7,512,512,0,0,0,0,0,0,1,0,0,0,998,detection,
998682,15,7,512,512,0,0,0,0,0,0,0,0,0,0,998,detection,
1000180,8,30,1367,1067,300,0,80,100,100,62,23,0,79,75,1000,detection,
1000203,11,30,1367,1067,300,0,76,100,0,11,27,0,75,75,1000,detection,
1000275,13,30,1367,1067,300,0,80,100,100,87,23,0,73,75,1000,detection,
1000898,13,17,953,953,0,0,0,0,0,0,7,0,0,0,1000,detection,
1000969,3,17,953,953,0,0,0,0,0,0,13,0,0,0,1000,detection,
1002624,16,2,1272,1272,0,0,0,0,0,0,40,0,0,0,1002,detection,
1002660,12,2,1272,1272,0,0,0,0,0,0,40,0,0,0,1002,detection,
1003325,2,3,1068,1068,0,0,0,0,0,0,37,0,0,0,1003,detection,
1003373,16,3,1068,1068,0,0,0,0,0,0,41,0,0,0,1003,detection,
1003382,18,3,1068,1068,0,0,0,0,0,0,37,0,0,0,1003,detection,
1003407,17,3,1068,1068,0,0,0,0,0,0,35,0,0,0,1003,detection,
1004200,11,8,1192,1192,0,0,0,0,0,0,17,0,0,0,1004,detection,
1007149,13,30,761,1061,-300,100,80,100,100,87,23,0,82,75,1007,detection,
1007182,8,30,761,1061,-300,100,78,100,100,0,25,0,90,100,1007,detection,
1007205,11,30,761,1061,-300,100,76,100,100,22,27,0,87,100,1007,detection,
1007262,19,30,761,1061,-300,100,72,100,96,44,31,0,82,75,1007,detection,
1008828,11,8,1177,1177,0,0,0,0,0,0,17,0,0,0,1008,detection,
1008896,13,8,1177,1177,0,0,0,0,0,0,22,0,0,0,1008,detection,
1010125,16,31,1243,943,300,0,67,100,89,10,37,0,69,55,1010,detection,
1010134,18,31,1243,943,300,0,70,100,94,77,33,0,63,40,1010,detection,
1010161,12,31,1243,943,300,0,67,100,89,10,37,0,69,55,1010,detection,
1011054,9,26,1116,816,300,0,100,100,100,100,4,0,77,75,1011,detection,
1011861,6,3,1068,1068,0,0,0,0,0,0,29,0,0,0,1011,detection,
1011874,16,3,1068,1068,0,0,0,0,0,0,37,0,0,0,1011,detection,
1011882,18,3,1068,1068,0,0,0,0,0,0,37,0,0,0,1011,detection,
1011912,17,3,1068,1068,0,0,0,0,0,0,36,0,0,0,1011,detection,
1012488,6,22,512,512,0,0,0,0,0,0,9,0,0,0,1012,detection,
1012951,2,16,1125,1125,0,0,0,0,0,0,41,0,0,0,1012,detection,
1013036,12,16,1125,1125,0,0,0,0,0,0,41,0,0,0,1013,detection,
1013876,16,12,1543,1543,0,0,0,0,0,0,36,0,0,0,1013,detection,
1015871,14,4,1164,1164,0,0,0,0,0,0,17,0,0,0,1015,detection,
1018884,18,16,1124,1124,0,0,0,0,0,0,40,0,0,0,1018,detection,
1018911,12,16,1124,1124,0,0,0,0,0,0,41,0,0,0,1018,detection,
1018950,2,16,1124,1124,0,0,0,0,0,0,41,0,0,0,1018,detection,
1018969,3,16,1124,1124,0,0,0,0,0,0,37,0,0,0,1018,detection,
1019250,16,12,1533,1533,0,0,0,0,0,0,36,0,0,0,1019,detection,
1021149,13,8,1163,1163,0,0,0,0,0,0,22,0,0,0,1021,detection,
1021913,12,27,1445,1145,300,0,64,100,85,60,41,0,68,55,1021,detection,
1021952,2,27,1445,1145,300,0,67,100,89,10,37,0,69,55,1021,detection,
1023381,19,30,1357,1057,300,0,72,100,96,55,31,0,72,75,1023,detection,
1023400,13,30,1357,1057,300,0,80,100,100,87,23,0,73,75,1023,detection,
1023429,8,30,1357,1057,300,0,79,100,100,12,24,0,78,75,1023,detection,
1023988,6,3,1068,1068,0,0,0,0,0,0,29,0,0,0,1023,detection,
1023996,16,3,1068,1068,0,0,0,0,0,0,37,0,0,0,1023,detection,
1024002,19,3,1068,1068,0,0,0,0,0,0,39,0,0,0,1024,detection,
1024005,18,3,1068,1068,0,0,0,0,0,0,33,0,0,0,1024,detection,
1024036,17,3,1068,1068,0,0,0,0,0,0,35,0,0,0,1024,detection,
1024076,2,3,1068,1068,0,0,0,0,0,0,37,0,0,0,1024,detection,
1024078,11,3,1068,1068,0,0,0,0,0,0,30,0,0,0,1024,detection,
1025374,16,2,1501,1501,0,0,0,0,0,0,40,0,0,0,1025,detection,
1025410,12,2,1501,1501,0,0,0,0,0,0,40,0,0,0,1025,detection,
1025468,3,2,1501,1501,0,0,0,0,0,0,40,0,0,0,1025,detection,
1025805,9,15,531,531,0,0,0,0,0,0,0,0,0,0,1025,detection,
1025900,1,9,548,548,0,0,0,0,0,0,0,0,0,0,1025,detection,
1025997,14,9,548,548,0,0,0,0,0,0,2,0,0,0,1025,detection,
1026003,21,9,548,548,0,0,0,0,0,0,0,0,0,0,1026,detection,
1029217,3,17,902,902,0,0,0,0,0,0,13,0,0,0,1029,detection,
1029746,14,4,1156,1156,0,0,0,0,0,0,17,0,0,0,1029,detection,
1030490,6,20,535,535,0,0,0,0,0,0,11,0,0,0,1030,detection,
1030498,10,20,535,535,0,0,0,0,0,0,2,0,0,0,1030,detection,
1030501,19,20,535,535,0,0,0,0,0,0,16,0,0,0,1030,detection,
1030621,16,2,1488,1488,0,0,0,0,0,0,40,0,0,0,1030,detection,
1030661,12,2,1488,1488,0,0,0,0,0,0,40,0,0,0,1030,detection,
1031200,11,8,1163,1163,0,0,0,0,0,0,16,0,0,0,1031,detection,
1032538,17,6,529,529,0,0,0,0,0,0,17,0,0,0,1032,detection,
1033203,2,12,1490,1490,0,0,0,0,0,0,40,0,0,0,1033,detection,
1033247,16,12,1490,1490,0,0,0,0,0,0,36,0,0,0,1033,detection,
1034079,2,29,884,1184,-300,71,68,100,90,10,36,0,71,75,1034,detection,
1034094,3,29,884,1184,-300,71,68,100,90,10,36,0,71,75,1034,detection,
1034123,16,29,884,1184,-300,71,68,100,90,10,36,0,71,75,1034,detection,
1034162,17,29,884,1184,-300,71,67,100,89,60,37,0,70,75,1034,detection,
1036124,21,5,512,512,0,0,0,0,0,0,0,0,0,0,1036,detection,
1036275,13,19,956,956,0,0,0,0,0,0,8,0,0,0,1036,detection,
1036288,17,19,956,956,0,0,0,0,0,0,19,0,0,0,1036,detection,
1036303,8,19,956,956,0,0,0,0,0,0,13,0,0,0,1036,detection,
1036327,11,19,956,956,0,0,0,0,0,0,9,0,0,0,1036,detection,
1036345,3,19,956,956,0,0,0,0,0,0,16,0,0,0,1036,detection,
1036348,20,19,956,956,0,0,0,0,0,0,2,0,0,0,1036,detection,
1036371,6,19,956,956,0,0,0,0,0,0,11,0,0,0,1036,detection,
1036374,10,19,956,956,0,0,0,0,0,0,3,0,0,0,1036,detection,
1037384,18,16,1124,1124,0,0,0,0,0,0,40,0,0,0,1037,detection,
1037412,12,16,1124,1124,0,0,0,0,0,0,41,0,0,0,1037,detection,
1037451,2,16,1124,1124,0,0,0,0,0,0,41,0,0,0,1037,detection,
1037786,12,2,1277,1277,0,0,0,0,0,0,40,0,0,0,1037,detection,
1037874,16,2,1277,1277,0,0,0,0,0,0,40,0,0,0,1037,detection,
1046411,12,2,1276,1276,0,0,0,0,0,0,40,0,0,0,1046,detection,
1046469,3,2,1276,1276,0,0,0,0,0,0,40,0,0,0,1046,detection,
1046499,16,2,1276,1276,0,0,0,0,0,0,36,0,0,0,1046,detection,
1046614,6,3,1068,1068,0,0,0,0,0,0,29,0,0,0,1046,detection,
1046627,19,3,1068,1068,0,0,0,0,0,0,39,0,0,0,1046,detection,
1046628,16,3,1068,1068,0,0,0,0,0,0,37,0,0,0,1046,detection,
1046631,18,3,1068,1068,0,0,0,0,0,0,33,0,0,0,1046,detection,
1046661,17,3,1068,1068,0,0,0,0,0,0,35,0,0,0,1046,detection,
1046699,11,3,1068,1068,0,0,0,0,0,0,29,0,0,0,1046,detection,
1046702,2,3,1068,1068,0,0,0,0,0,0,37,0,0,0,1046,detection,
1049427,8,11,1150,1150,0,0,0,0,0,0,17,0,0,0,1049,detection,
1049502,19,11,1150,1150,0,0,0,0,0,0,24,0,0,0,1049,detection,
1049522,13,11,1150,1150,0,0,0,0,0,0,12,0,0,0,1049,detection,
1049532,17,11,1150,1150,0,0,0,0,0,0,29,0,0,0,1049,detection,
1052432,8,30,757,1057,-300,100,79,100,100,25,24,0,91,100,1052,detection,
1052503,19,30,757,1057,-300,100,72,100,96,66,31,0,77,75,1052,detection,
1052523,13,30,757,1057,-300,100,80,100,100,87,23,0,82,75,1052,detection,
1053639,5,28,257,557,-300,99,100,100,0,16,1,0,97,100,1053,detection,
1053861,6,3,1068,1068,0,0,0,0,0,0,28,0,0,0,1053,detection,
1055526,13,8,1160,1160,0,0,0,0,0,0,21,50,68,55,1055,detection,
1056372,22,21,530,530,0,0,0,0,0,0,1,0,0,0,1056,detection,
1056592,3,16,1124,1124,0,0,0,0,0,0,37,0,0,0,1056,detection,
1056631,18,16,1124,1124,0,0,0,0,0,0,41,0,0,0,1056,detection,
1056662,12,16,1124,1124,0,0,0,0,0,0,41,0,0,0,1056,detection,
1056701,2,16,1124,1124,0,0,0,0,0,0,41,0,0,0,1056,detection,
1060660,12,2,1262,1262,0,0,0,0,0,0,36,0,0,0,1060,detection,
1060718,3,2,1262,1262,0,0,0,0,0,0,40,0,0,0,1060,detection,
1060748,14,4,1123,1123,0,0,0,0,0,0,16,0,0,0,1060,detection,
1060748,16,2,1262,1262,0,0,0,0,0,0,36,0,0,0,1060,detection,
1064628,19,30,1355,1055,300,0,72,100,96,66,31,0,69,75,1064,detection,
1064777,13,8,1131,1131,0,0,0,0,0,0,21,100,99,100,1064,detection,
1068468,3,2,1262,1262,0,0,0,0,0,0,36,0,0,0,1068,detection,
1069301,8,13,867,867,0,0,0,0,0,0,21,0,0,0,1069,detection,
1069325,11,13,867,867,0,0,0,0,0,0,17,0,0,0,1069,detection,
1069373,22,14,845,845,0,0,0,0,0,0,7,0,0,0,1069,detection,
1070329,2,12,1460,1460,0,0,0,0,0,0,40,0,0,0,1070,detection,
1070374,16,12,1460,1460,0,0,0,0,0,0,36,0,0,0,1070,detection,
1073750,19,11,1074,1074,0,0,0,0,0,0,28,0,0,0,1073,detection,
1073774,13,11,1074,1074,0,0,0,0,0,0,15,0,0,0,1073,detection,
1074504,19,25,1068,768,300,0,83,100,0,25,20,0,82,75,1074,detection,
1075510,18,27,1414,1114,300,0,63,100,84,36,42,0,66,55,1075,detection,
1075525,13,8,1119,1119,0,0,0,0,0,0,21,100,99,100,1075,detection,
1075539,12,27,1414,1114,300,0,63,100,0,45,42,0,66,55,1075,detection,
1075577,2,27,1414,1114,300,0,67,100,0,0,37,0,69,55,1075,detection,
1075626,16,27,1414,1114,300,0,63,100,84,54,42,0,66,55,1075,detection,
1076036,17,29,1502,1202,300,0,67,100,89,60,37,0,69,75,1076,detection,
1077774,13,11,1062,1062,0,0,0,0,0,0,15,0,0,0,1077,detection,
1077803,8,11,1062,1062,0,0,0,0,0,0,21,0,0,0,1077,detection,
1079373,16,31,1254,954,300,0,67,100,0,0,37,0,69,55,1079,detection,
1079381,18,31,1254,954,300,0,71,100,0,66,32,0,68,55,1079,detection,
1079413,12,31,1254,954,300,0,70,100,0,0,33,0,71,55,1079,detection,
1079911,12,16,1165,1165,0,0,0,0,0,0,41,0,0,0,1079,detection,
1079951,2,16,1165,1165,0,0,0,0,0,0,41,0,0,0,1079,detection,
1086023,13,17,785,785,0,0,0,0,0,0,11,0,0,0,1086,detection,
1086075,11,17,785,785,0,0,0,0,0,0,12,0,0,0,1086,detection,
1086093,3,17,785,785,0,0,0,0,0,0,16,0,0,0,1086,detection,
1086097,20,17,785,785,0,0,0,0,0,0,4,0,0,0,1086,detection,
1086114,6,17,785,785,0,0,0,0,0,0,13,0,0,0,1086,detection,
1086128,19,17,785,785,0,0,0,0,0,0,19,0,0,0,1086,detection,
1087702,2,16,1191,1191,0,0,0,0,0,0,41,0,0,0,1087,detection,
1087787,12,16,1191,1191,0,0,0,0,0,0,37,0,0,0,1087,detection,
1089753,19,25,468,768,-300,100,83,100,100,37,20,0,96,100,1089,detection,
1089760,5,25,468,768,-300,100,100,100,100,83,4,0,88,100,1089,detection,
1089776,13,25,468,768,-300,100,100,100,0,16,7,0,97,100,1089,detection,
1089790,17,25,468,768,-300,100,87,100,0,37,17,0,97,100,1089,detection,
1089850,20,25,468,768,-300,100,100,100,0,50,1,0,97,100,1089,detection,
1090747,14,4,1144,1144,0,0,0,0,0,0,16,0,0,0,1090,detection,
1092112,6,11,1083,1083,0,0,0,0,0,0,25,0,0,0,1092,detection,
1092125,19,11,1083,1083,0,0,0,0,0,0,29,0,0,0,1092,detection,
1092149,13,11,1083,1083,0,0,0,0,0,0,15,0,0,0,1092,detection,
1092159,17,11,1083,1083,0,0,0,0,0,0,34,0,0,0,1092,detection,
1092178,8,11,1083,1083,0,0,0,0,0,0,21,0,0,0,1092,detection,
1092926,8,19,724,724,0,0,0,0,0,0,16,0,0,0,1092,detection,
1092950,11,19,724,724,0,0,0,0,0,0,15,0,0,0,1092,detection,
1092967,3,19,724,724,0,0,0,0,0,0,20,0,0,0,1092,detection,
1092971,20,19,724,724,0,0,0,0,0,0,6,0,0,0,1092,detection,
1092997,10,19,724,724,0,0,0,0,0,0,7,0,0,0,1092,detection,
1093022,13,19,724,724,0,0,0,0,0,0,12,0,0,0,1093,detection,
1094003,19,30,483,783,-300,94,68,100,92,60,35,0,77,75,1094,detection,
1094055,8,30,483,783,-300,94,79,100,0,25,24,0,92,100,1094,detection,
1094845,20,17,785,785,0,0,0,0,0,0,4,0,0,0,1094,detection,
1094862,6,17,785,785,0,0,0,0,0,0,13,0,0,0,1094,detection,
1094876,19,17,785,785,0,0,0,0,0,0,20,0,0,0,1094,detection,
1094900,13,17,785,785,0,0,0,0,0,0,11,0,0,0,1094,detection,
1094913,12,2,1301,1301,0,0,0,0,0,0,36,0,0,0,1094,detection,
1094951,11,17,785,785,0,0,0,0,0,0,12,0,0,0,1094,detection,
1096784,17,3,820,820,0,0,0,0,0,0,40,0,0,0,1096,detection,
1096824,2,3,820,820,0,0,0,0,0,0,40,0,0,0,1096,detection,
1096826,11,3,820,820,0,0,0,0,0,0,34,0,0,0,1096,detection,
1096860,6,3,820,820,0,0,0,0,0,0,33,0,0,0,1096,detection,
1096873,16,3,820,820,0,0,0,0,0,0,40,0,0,0,1096,detection,
1097620,14,9,537,537,0,0,0,0,0,0,1,0,0,0,1097,detection,
1098259,5,7,512,512,0,0,0,0,0,0,3,0,0,0,1098,detection,
1098553,8,30,1077,777,300,0,79,100,100,37,24,0,78,75,1098,detection,
1098577,11,30,1077,777,300,0,71,100,95,33,32,0,71,75,1098,detection,
1098629,19,30,1077,777,300,0,68,100,92,70,35,0,65,75,1098,detection,
1098648,13,30,1077,777,300,0,76,100,100,77,27,0,68,75,1098,detection,
1100772,13,19,724,724,0,0,0,0,0,0,12,0,0,0,1100,detection,
1100846,20,19,724,724,0,0,0,0,0,0,6,0,0,0,1100,detection,
1100862,3,19,724,724,0,0,0,0,0,0,20,0,0,0,1100,detection,
1100863,6,19,724,724,0,0,0,0,0,0,16,0,0,0,1100,detection,
1100997,16,3,1042,1042,0,0,0,0,0,0,40,0,0,0,1100,detection,
1101006,18,3,1042,1042,0,0,0,0,0,0,37,0,0,0,1101,detection,
1101077,2,3,1042,1042,0,0,0,0,0,0,40,0,0,0,1101,detection,
1101772,13,11,1016,1016,0,0,0,0,0,0,18,0,0,0,1101,detection,
1101805,8,11,1016,1016,0,0,0,0,0,0,26,0,0,0,1101,detection,
1102776,13,8,1074,1074,0,0,0,0,0,0,25,0,0,0,1102,detection,
1102828,11,8,1074,1074,0,0,0,0,0,0,19,0,0,0,1102,detection,
1103326,2,16,1174,1174,0,0,0,0,0,0,40,0,0,0,1103,detection,
1103345,3,16,1174,1174,0,0,0,0,0,0,41,0,0,0,1103,detection,
1103383,18,16,1174,1174,0,0,0,0,0,0,37,0,0,0,1103,detection,
1103410,12,16,1174,1174,0,0,0,0,0,0,37,0,0,0,1103,detection,
1110150,13,8,1074,1074,0,0,0,0,0,0,25,0,0,0,1110,detection,
1110202,11,8,1074,1074,0,0,0,0,0,0,19,0,0,0,1110,detection,
1110324,2,3,1040,1040,0,0,0,0,0,0,40,0,0,0,1110,detection,
1110333,11,3,1040,1040,0,0,0,0,0,0,39,0,0,0,1110,detection,
1110364,6,3,1040,1040,0,0,0,0,0,0,30,0,0,0,1110,detection,
1110372,16,3,1040,1040,0,0,0,0,0,0,40,0,0,0,1110,detection,
1110377,19,3,1040,1040,0,0,0,0,0,0,44,0,0,0,1110,detection,
1110381,18,3,1040,1040,0,0,0,0,0,0,37,0,0,0,1110,detection,
1110411,17,3,1040,1040,0,0,0,0,0,0,39,0,0,0,1110,detection,
1110497,10,19,763,763,0,0,0,0,0,0,7,0,0,0,1110,detection,
1110522,13,19,763,763,0,0,0,0,0,0,12,0,0,0,1110,detection,
1110537,17,19,763,763,0,0,0,0,0,0,25,0,0,0,1110,detection,
1110591,3,19,763,763,0,0,0,0,0,0,20,0,0,0,1110,detection,
1110596,20,19,763,763,0,0,0,0,0,0,6,0,0,0,1110,detection,
1110613,6,19,763,763,0,0,0,0,0,0,15,0,0,0,1110,detection,
1110647,13,11,1078,1078,0,0,0,0,0,0,18,0,0,0,1110,detection,
1110680,8,11,1078,1078,0,0,0,0,0,0,26,0,0,0,1110,detection,
1110738,6,11,1078,1078,0,0,0,0,0,0,28,0,0,0,1110,detection,
1110750,19,11,1078,1078,0,0,0,0,0,0,32,0,0,0,1110,detection,
1110826,11,17,785,785,0,0,0,0,0,0,14,0,0,0,1110,detection,
1110848,20,17,785,785,0,0,0,0,0,0,4,0,0,0,1110,detection,
1110861,6,17,785,785,0,0,0,0,0,0,13,0,0,0,1110,detection,
1110864,3,17,785,785,0,0,0,0,0,0,16,0,0,0,1110,detection,
1110875,19,17,785,785,0,0,0,0,0,0,20,0,0,0,1110,detection,
1110898,13,17,785,785,0,0,0,0,0,0,11,0,0,0,1110,detection,
1114630,19,30,466,766,-300,100,68,100,92,70,35,0,68,75,1114,detection,
1114649,13,30,466,766,-300,100,77,100,100,77,26,0,77,75,1114,detection,
1114678,8,30,466,766,-300,100,78,100,100,0,25,0,90,100,1114,detection,
1114702,11,30,466,766,-300,100,75,100,100,0,28,0,87,100,1114,detection,
1117327,2,3,846,846,0,0,0,0,0,0,37,0,0,0,1117,detection,
1117331,11,3,846,846,0,0,0,0,0,0,40,0,0,0,1117,detection,
1117364,6,3,846,846,0,0,0,0,0,0,35,0,0,0,1117,detection,
1117372,16,3,846,846,0,0,0,0,0,0,40,0,0,0,1117,detection,
1117377,19,3,846,846,0,0,0,0,0,0,40,0,0,0,1117,detection,
1117381,18,3,846,846,0,0,0,0,0,0,40,0,0,0,1117,detection,
1117411,17,3,846,846,0,0,0,0,0,0,42,0,0,0,1117,detection,
1117952,11,8,858,858,0,0,0,0,0,0,24,0,0,0,1117,detection,
1118176,8,11,781,781,0,0,0,0,0,0,29,0,0,0,1118,detection,
1118238,6,11,781,781,0,0,0,0,0,0,32,0,0,0,1118,detection,
1118273,19,11,781,781,0,0,0,0,0,0,36,0,0,0,1118,detection,
1118285,17,11,781,781,0,0,0,0,0,0,33,0,0,0,1118,detection,
1121412,17,29,876,1176,-300,75,65,100,87,60,39,0,69,75,1121,detection,
1121453,2,29,876,1176,-300,75,67,100,0,10,37,0,73,75,1121,detection,
1121456,11,29,876,1176,-300,75,68,100,90,40,36,0,73,75,1121,detection,
1121469,3,29,876,1176,-300,75,67,100,0,10,37,0,73,75,1121,detection,
1121497,16,29,876,1176,-300,75,68,100,0,10,36,0,75,75,1121,detection,
1123950,11,6,534,534,0,0,0,0,0,0,10,0,0,0,1123,detection,
1124371,6,11,769,769,0,0,0,0,0,0,31,0,0,0,1124,detection,
1124374,19,11,769,769,0,0,0,0,0,0,36,0,0,0,1124,detection,
1124575,11,3,833,833,0,0,0,0,0,0,40,0,0,0,1124,detection,
1124578,2,3,833,833,0,0,0,0,0,0,37,0,0,0,1124,detection,
1124614,6,3,833,833,0,0,0,0,0,0,35,0,0,0,1124,detection,
1124622,16,3,833,833,0,0,0,0,0,0,40,0,0,0,1124,detection,
1124627,19,3,833,833,0,0,0,0,0,0,40,0,0,0,1124,detection,
1124631,18,3,833,833,0,0,0,0,0,0,40,0,0,0,1124,detection,
1124662,17,3,833,833,0,0,0,0,0,0,42,0,0,0,1124,detection,
1124746,10,19,745,745,0,0,0,0,0,0,7,0,0,0,1124,detection,
1126075,11,8,844,844,0,0,0,0,0,0,24,0,0,0,1126,detection,
1126147,13,8,844,844,0,0,0,0,0,0,29,0,0,0,1126,detection,
1128328,2,16,1186,1186,0,0,0,0,0,0,37,0,0,0,1128,detection,
1128342,3,16,1186,1186,0,0,0,0,0,0,41,0,0,0,1128,detection,
1128381,18,16,1186,1186,0,0,0,0,0,0,37,0,0,0,1128,detection,
1135328,2,12,1547,1547,0,0,0,0,0,0,40,0,0,0,1135,detection,
1136247,16,12,1547,1547,0,0,0,0,0,0,36,0,0,0,1136,detection,
1136326,2,12,1547,1547,0,0,0,0,0,0,40,0,0,0,1136,detection,
1136873,19,11,769,769,0,0,0,0,0,0,35,0,0,0,1136,detection,
1136898,13,11,769,769,0,0,0,0,0,0,22,0,0,0,1136,detection,
1136927,8,11,769,769,0,0,0,0,0,0,29,0,0,0,1136,detection,
1137500,19,3,802,802,0,0,0,0,0,0,40,0,0,0,1137,detection,
1137508,18,3,802,802,0,0,0,0,0,0,41,0,0,0,1137,detection,
1137534,17,3,802,802,0,0,0,0,0,0,42,0,0,0,1137,detection,
1137574,2,3,802,802,0,0,0,0,0,0,37,0,0,0,1137,detection,
1137575,11,3,802,802,0,0,0,0,0,0,40,0,0,0,1137,detection,
1141399,13,8,831,831,0,0,0,0,0,0,28,0,0,0,1141,detection,
1141451,11,8,831,831,0,0,0,0,0,0,24,0,0,0,1141,detection,
1143447,11,17,785,785,0,0,0,0,0,0,14,0,0,0,1143,detection,
1143486,6,17,785,785,0,0,0,0,0,0,13,0,0,0,1143,detection,
1143500,19,17,785,785,0,0,0,0,0,0,20,0,0,0,1143,detection,
1145129,19,30,1044,744,300,0,75,100,100,77,28,0,68,75,1145,detection,
1145152,13,30,1044,744,300,0,82,100,100,87,21,0,75,75,1145,detection,
1145826,11,19,745,745,0,0,0,0,0,0,15,0,0,0,1145,detection,
1145843,3,19,745,745,0,0,0,0,0,0,20,0,0,0,1145,detection,
1145847,20,19,745,745,0,0,0,0,0,0,6,0,0,0,1145,detection,
1145864,6,19,745,745,0,0,0,0,0,0,16,0,0,0,1145,detection,
1145872,10,19,745,745,0,0,0,0,0,0,7,0,0,0,1145,detection,
1145898,13,19,745,745,0,0,0,0,0,0,12,0,0,0,1145,detection,
1145912,17,19,745,745,0,0,0,0,0,0,25,0,0,0,1145,detection,
1145926,8,19,745,745,0,0,0,0,0,0,16,0,0,0,1145,detection,
1150718,3,2,1248,1248,0,0,0,0,0,0,36,0,0,0,1150,detection,
1150748,16,2,1248,1248,0,0,0,0,0,0,36,0,0,0,1150,detection,
1150787,12,2,1248,1248,0,0,0,0,0,0,36,0,0,0,1150,detection,
1151495,22,14,823,823,0,0,0,0,0,0,7,0,0,0,1151,detection,
1151495,4,14,823,823,0,0,0,0,0,0,16,0,0,0,1151,detection,
1155622,14,4,1083,1083,0,0,0,0,0,0,16,0,0,0,1155,detection,
1157931,15,9,534,534,0,0,0,0,0,0,0,0,0,0,1157,detection,
1159620,16,3,802,802,0,0,0,0,0,0,37,0,0,0,1159,detection,
1165382,19,28,857,557,300,0,87,100,0,25,17,0,82,75,1165,detection,
1166986,6,11,769,769,0,0,0,0,0,0,31,0,0,0,1166,detection,
1167003,19,11,769,769,0,0,0,0,0,0,35,0,0,0,1167,detection,
1167023,13,11,769,769,0,0,0,0,0,0,17,0,0,0,1167,detection,
1167033,17,11,769,769,0,0,0,0,0,0,28,0,0,0,1167,detection,
1167052,8,11,769,769,0,0,0,0,0,0,25,0,0,0,1167,detection,
1168888,5,24,212,512,-300,100,100,100,100,50,1,0,96,100,1168,detection,
1169879,1,22,512,512,0,0,0,0,0,0,0,0,0,0,1169,detection,
1169930,9,22,512,512,0,0,0,0,0,0,0,0,0,0,1169,detection,
1169997,14,22,512,512,0,0,0,0,0,0,2,0,0,0,1169,detection,
1169999,21,22,512,512,0,0,0,0,0,0,0,0,0,0,1169,detection,
1170432,9,21,512,512,0,0,0,0,0,0,0,0,0,0,1170,detection,
1172148,13,8,820,820,0,0,0,0,0,0,28,0,0,0,1172,detection,
1172200,11,8,820,820,0,0,0,0,0,0,19,0,0,0,1172,detection,
1174626,19,3,794,794,0,0,0,0,0,0,42,0,0,0,1174,detection,
1174630,18,3,794,794,0,0,0,0,0,0,40,0,0,0,1174,detection,
1174669,17,3,794,794,0,0,0,0,0,0,42,0,0,0,1174,detection,
1174701,2,3,794,794,0,0,0,0,0,0,37,0,0,0,1174,detection,
1174702,11,3,794,794,0,0,0,0,0,0,34,0,0,0,1174,detection,
1174737,6,3,794,794,0,0,0,0,0,0,36,0,0,0,1174,detection,
1174745,16,3,794,794,0,0,0,0,0,0,37,0,0,0,1174,detection,
1176954,2,16,1156,1156,0,0,0,0,0,0,36,0,0,0,1176,detection,
1176968,3,16,1156,1156,0,0,0,0,0,0,40,0,0,0,1176,detection,
1177007,18,16,1156,1156,0,0,0,0,0,0,36,0,0,0,1177,detection,
1182237,6,17,785,785,0,0,0,0,0,0,15,0,0,0,1182,detection,
1182251,19,17,785,785,0,0,0,0,0,0,15,0,0,0,1182,detection,
1182327,11,17,785,785,0,0,0,0,0,0,14,0,0,0,1182,detection,
1182344,20,17,785,785,0,0,0,0,0,0,0,0,0,0,1182,detection,
1182996,16,18,831,831,0,0,0,0,0,0,37,0,0,0,1182,detection,
1185646,13,19,736,736,0,0,0,0,0,0,7,0,0,0,1185,detection,
1185679,8,19,736,736,0,0,0,0,0,0,16,0,0,0,1185,detection,
1185720,20,19,736,736,0,0,0,0,0,0,5,0,0,0,1185,detection,
1185750,10,19,736,736,0,0,0,0,0,0,7,0,0,0,1185,detection,
1187875,14,26,491,791,-300,100,100,100,0,100,4,0,88,100,1187,detection,
1191256,19,30,1032,732,300,0,73,100,0,66,30,0,69,75,1191,detection,
1191275,13,30,1032,732,300,0,82,100,0,75,21,0,75,75,1191,detection,
1191304,8,30,1032,732,300,0,78,100,100,11,25,0,77,75,1191,detection,
1191327,11,30,1032,732,300,0,74,100,99,11,29,0,74,75,1191,detection,
1193773,13,8,1089,1089,0,0,0,0,0,0,27,0,0,0,1193,detection,
1193827,2,3,1056,1056,0,0,0,0,0,0,42,0,0,0,1193,detection,
1193872,16,3,1056,1056,0,0,0,0,0,0,42,0,0,0,1193,detection,
1193880,18,3,1056,1056,0,0,0,0,0,0,39,0,0,0,1193,detection,
1199001,16,27,1392,1092,300,0,66,100,0,0,38,0,69,55,1199,detection,
1199008,18,27,1392,1092,300,0,63,100,0,36,42,0,66,55,1199,detection,
1199037,12,27,1392,1092,300,0,66,100,0,40,38,0,69,55,1199,detection,
1200624,16,3,1027,1027,0,0,0,0,0,0,43,0,0,0,1200,detection,
1200658,17,3,1027,1027,0,0,0,0,0,0,47,0,0,0,1200,detection,
1200698,2,3,1027,1027,0,0,0,0,0,0,43,0,0,0,1200,detection,
1200700,11,3,1027,1027,0,0,0,0,0,0,41,0,0,0,1200,detection,
1201996,22,26,1089,789,300,0,100,100,0,66,8,0,82,75,1201,detection,
1201998,4,26,1089,789,300,0,90,100,100,14,15,0,82,75,1201,detection,
1201999,14,26,1089,789,300,0,100,100,100,100,4,0,77,75,1201,detection,
1202008,18,26,1089,789,300,0,97,100,0,14,10,0,82,75,1202,detection,
1202988,6,11,1114,1114,0,0,0,0,0,0,31,0,0,0,1202,detection,
1203001,19,11,1114,1114,0,0,0,0,0,0,35,0,0,0,1203,detection,
1203026,13,11,1114,1114,0,0,0,0,0,0,22,0,0,0,1203,detection,
1203036,17,11,1114,1114,0,0,0,0,0,0,32,0,0,0,1203,detection,
1203406,1,23,212,512,-300,100,100,100,100,83,0,0,88,100,1203,detection,
1203412,17,23,212,512,-300,100,83,100,100,75,20,0,88,100,1203,detection,
1203490,6,23,212,512,-300,100,99,100,100,85,9,0,87,100,1203,detection,
1203498,22,23,212,512,-300,100,100,100,100,83,0,0,88,100,1203,detection,
1203501,16,23,212,512,-300,100,96,100,100,0,11,0,96,100,1203,detection,
1203510,18,23,212,512,-300,100,97,100,100,28,10,0,96,100,1203,detection,
1204249,14,4,1154,1154,0,0,0,0,0,0,20,0,0,0,1204,detection,
1204305,8,13,748,748,0,0,0,0,0,0,21,0,0,0,1204,detection,
1204329,11,13,748,748,0,0,0,0,0,0,21,0,0,0,1204,detection,
1205112,6,19,734,734,0,0,0,0,0,0,18,0,0,0,1205,detection,
1205149,13,19,734,734,0,0,0,0,0,0,8,0,0,0,1205,detection,
1205160,17,19,734,734,0,0,0,0,0,0,24,0,0,0,1205,detection,
1205178,8,19,734,734,0,0,0,0,0,0,16,0,0,0,1205,detection,
1205202,11,19,734,734,0,0,0,0,0,0,16,0,0,0,1205,detection,
1205219,3,19,734,734,0,0,0,0,0,0,20,0,0,0,1205,detection,
1205223,20,19,734,734,0,0,0,0,0,0,2,0,0,0,1205,detection,
1205378,19,30,429,729,-300,100,72,100,96,66,31,0,77,75,1205,detection,
1205402,13,30,429,729,-300,100,81,100,100,75,22,0,86,100,1205,detection,
1205431,8,30,429,729,-300,100,78,100,100,0,25,0,90,100,1205,detection,
1205454,11,30,429,729,-300,100,74,100,99,0,29,0,86,100,1205,detection,
1205663,12,31,1495,1195,300,0,67,100,0,0,37,0,69,55,1205,detection,
1205759,18,31,1495,1195,300,0,71,100,0,55,32,0,71,55,1205,detection,
1207384,5,6,518,518,0,0,0,0,0,0,3,0,0,0,1207,detection,
1207702,11,8,789,789,0,0,0,0,0,0,21,0,0,0,1207,detection,
1207773,13,8,789,789,0,0,0,0,0,0,32,0,0,0,1207,detection,
1208202,2,3,775,775,0,0,0,0,0,0,42,0,0,0,1208,detection,
1208238,6,3,775,775,0,0,0,0,0,0,36,0,0,0,1208,detection,
1208247,16,3,775,775,0,0,0,0,0,0,42,0,0,0,1208,detection,
1208255,18,3,775,775,0,0,0,0,0,0,42,0,0,0,1208,detection,
1208260,19,3,775,775,0,0,0,0,0,0,43,0,0,0,1208,detection,
1208522,13,11,711,711,0,0,0,0,0,0,25,0,0,0,1208,detection,
1208624,10,25,1003,703,300,0,100,100,0,66,4,0,82,75,1208,detection,
1208637,5,25,1003,703,300,0,99,100,100,71,9,0,78,75,1208,detection,
1208649,13,25,1003,703,300,0,94,100,100,28,12,0,82,75,1208,detection,
1208664,17,25,1003,703,300,0,82,100,100,50,21,0,80,75,1208,detection,
1209408,13,30,1027,727,300,0,80,100,100,75,23,0,73,75,1209,detection,
1209429,8,30,1027,727,300,0,78,100,100,11,25,0,77,75,1209,detection,
1209453,11,30,1027,727,300,0,74,100,99,11,29,0,74,75,1209,detection,
1209785,17,23,812,512,300,0,83,100,100,75,20,0,77,75,1209,detection,
1209863,6,19,732,732,0,0,0,0,0,0,18,0,0,0,1209,detection,
1209871,10,19,732,732,0,0,0,0,0,0,2,0,0,0,1209,detection,
1209896,13,19,732,732,0,0,0,0,0,0,9,0,0,0,1209,detection,
1209911,17,19,732,732,0,0,0,0,0,0,25,0,0,0,1209,detection,
1209929,8,19,732,732,0,0,0,0,0,0,16,0,0,0,1209,detection,
1209953,11,19,732,732,0,0,0,0,0,0,15,0,0,0,1209,detection,
1209970,20,19,732,732,0,0,0,0,0,0,2,0,0,0,1209,detection,
1210891,7,10,851,851,0,0,0,0,0,0,3,0,0,0,1210,detection,
1210922,1,10,851,851,0,0,0,0,0,0,3,0,0,0,1210,detection,
1211788,12,31,984,1284,-300,32,67,100,89,10,37,0,66,55,1211,detection,
1211871,16,31,984,1284,-300,32,65,100,86,10,40,0,66,55,1211,detection,
1211884,18,31,984,1284,-300,32,70,100,94,55,33,0,66,55,1211,detection,
1212179,8,13,1045,1045,0,0,0,0,0,0,21,0,0,0,1212,detection,
1212326,11,8,1093,1093,0,0,0,0,0,0,25,0,0,0,1212,detection,
1212397,13,8,1093,1093,0,0,0,0,0,0,33,0,0,0,1212,detection,
1213129,19,30,1006,1306,-300,100,68,100,0,50,35,0,77,75,1213,detection,
1213153,13,30,1006,1306,-300,100,76,100,100,0,27,0,87,100,1213,detection,
1213181,8,30,1006,1306,-300,100,74,100,99,0,29,0,86,100,1213,detection,
1213748,14,4,1162,1162,0,0,0,0,0,0,20,0,0,0,1213,detection,
1214078,2,12,1369,1369,0,0,0,0,0,0,40,0,0,0,1214,detection,
1214878,19,11,1078,1078,0,0,0,0,0,0,35,0,0,0,1214,detection,
1214899,13,11,1078,1078,0,0,0,0,0,0,30,0,0,0,1214,detection,
1214908,17,11,1078,1078,0,0,0,0,0,0,32,0,0,0,1214,detection,
1214927,8,11,1078,1078,0,0,0,0,0,0,29,0,0,0,1214,detection,
1215902,13,25,554,854,-300,83,86,100,100,0,18,0,96,100,1215,detection,
1215913,17,25,554,854,-300,83,78,100,100,55,25,0,89,100,1215,detection,
1215971,20,25,554,854,-300,83,100,100,0,50,1,0,97,100,1215,detection,
1215999,16,3,1003,1003,0,0,0,0,0,0,42,0,0,0,1215,detection,
1216000,10,25,554,854,-300,83,100,100,100,66,8,0,96,100,1216,detection,
1216008,18,3,1003,1003,0,0,0,0,0,0,42,0,0,0,1216,detection,
1216034,17,3,1003,1003,0,0,0,0,0,0,47,0,0,0,1216,detection,
1216266,7,15,519,519,0,0,0,0,0,0,0,0,0,0,1216,detection,
1218426,8,13,826,826,0,0,0,0,0,0,25,0,0,0,1218,detection,
1218450,11,13,826,826,0,0,0,0,0,0,21,0,0,0,1218,detection,
1219556,15,7,512,512,0,0,0,0,0,0,0,0,0,0,1219,detection,
1219628,19,30,1111,811,300,0,65,100,87,50,39,0,69,75,1219,detection,
1219648,13,30,1111,811,300,0,71,100,95,11,32,0,71,75,1219,detection,
1219681,8,30,1111,811,300,0,71,100,95,11,32,0,71,75,1219,detection,
1219704,11,30,1111,811,300,0,74,100,0,0,29,0,74,75,1219,detection,
1220166,12,27,792,1092,-300,100,66,100,88,50,38,0,72,55,1220,detection,
1221401,13,8,1082,1082,0,0,0,0,0,0,35,0,0,0,1221,detection,
1221453,11,8,1082,1082,0,0,0,0,0,0,25,0,0,0,1221,detection,
1221664,12,31,1562,1262,300,0,67,100,89,20,37,0,69,55,1221,detection,
1221863,6,11,1069,1069,0,0,0,0,0,0,31,0,0,0,1221,detection,
1221875,19,11,1069,1069,0,0,0,0,0,0,35,0,0,0,1221,detection,
1221900,13,11,1069,1069,0,0,0,0,0,0,31,0,0,0,1221,detection,
1221910,17,11,1069,1069,0,0,0,0,0,0,32,0,0,0,1221,detection,
1221929,8,11,1069,1069,0,0,0,0,0,0,29,0,0,0,1221,detection,
1222952,11,19,745,745,0,0,0,0,0,0,15,0,0,0,1222,detection,
1222969,3,19,745,745,0,0,0,0,0,0,14,0,0,0,1222,detection,
1222973,20,19,745,745,0,0,0,0,0,0,2,0,0,0,1222,detection,
1222986,6,19,745,745,0,0,0,0,0,0,12,0,0,0,1222,detection,
1222998,10,19,745,745,0,0,0,0,0,0,2,0,0,0,1222,detection,
1223024,13,19,745,745,0,0,0,0,0,0,10,0,0,0,1223,detection,
1223034,17,19,745,745,0,0,0,0,0,0,19,0,0,0,1223,detection,
1223052,8,19,745,745,0,0,0,0,0,0,16,0,0,0,1223,detection,
1223551,8,13,826,826,0,0,0,0,0,0,25,0,0,0,1223,detection,
1226004,19,30,511,811,-300,100,65,100,87,50,39,0,71,75,1226,detection,
1226023,13,30,511,811,-300,100,71,100,95,22,32,0,81,75,1226,detection,
1226057,8,30,511,811,-300,100,74,100,99,22,29,0,86,100,1226,detection,
1226080,11,30,511,811,-300,100,74,100,99,11,29,0,86,100,1226,detection,
1226327,2,3,1003,1003,0,0,0,0,0,0,42,0,0,0,1226,detection,
1226363,6,3,1003,1003,0,0,0,0,0,0,37,0,0,0,1226,detection,
1226372,16,3,1003,1003,0,0,0,0,0,0,42,0,0,0,1226,detection,
1226376,19,3,1003,1003,0,0,0,0,0,0,48,0,0,0,1226,detection,
1226381,18,3,1003,1003,0,0,0,0,0,0,42,0,0,0,1226,detection,
1228397,13,8,927,927,0,0,0,0,0,0,35,50,68,55,1228,detection,
1228454,11,8,927,927,0,0,0,0,0,0,28,50,68,55,1228,detection,
1229412,12,31,968,1268,-300,39,67,100,89,0,37,0,63,40,1229,detection,
1229499,16,31,968,1268,-300,39,65,100,0,10,40,0,58,40,1229,detection,
1229508,18,31,968,1268,-300,39,70,100,0,44,33,0,57,40,1229,detection,
1230112,6,11,787,787,0,0,0,0,0,0,34,0,0,0,1230,detection,
1230125,19,11,787,787,0,0,0,0,0,0,39,50,68,55,1230,detection,
1230159,17,11,787,787,0,0,0,0,0,0,35,0,0,0,1230,detection,
1230179,8,11,787,787,0,0,0,0,0,0,33,50,68,55,1230,detection,
1230370,14,4,1153,1153,0,0,0,0,0,0,17,0,0,0,1230,detection,
1232592,3,18,927,927,0,0,0,0,0,0,32,0,0,0,1232,detection,
1233373,22,14,825,825,0,0,0,0,0,0,7,0,0,0,1233,detection,
1233910,12,2,1215,1215,0,0,0,0,0,0,36,0,0,0,1233,detection,
1233972,20,25,1117,817,300,0,100,100,100,66,1,0,82,75,1233,detection,
1233999,16,2,1215,1215,0,0,0,0,0,0,36,0,0,0,1233,detection,
1234002,10,25,1117,817,300,0,100,100,100,66,8,0,82,75,1234,detection,
1234003,19,25,1117,817,300,0,81,100,100,50,22,0,80,75,1234,detection,
1234010,5,25,1117,817,300,0,94,100,0,57,12,0,82,75,1234,detection,
1234027,13,25,1117,817,300,0,86,100,100,12,18,0,82,75,1234,detection,
1234038,17,25,1117,817,300,0,78,100,100,66,25,0,72,75,1234,detection,
1234204,2,12,1330,1330,0,0,0,0,0,0,40,0,0,0,1234,detection,
1234250,16,12,1330,1330,0,0,0,0,0,0,40,50,68,55,1234,detection,
1234879,19,30,1385,1085,300,0,62,100,83,45,44,0,64,40,1234,detection,
1236304,8,13,784,784,0,0,0,0,0,0,29,50,68,55,1236,detection,
1236328,11,13,784,784,0,0,0,0,0,0,25,50,68,55,1236,detection,
1237396,13,8,911,911,0,0,0,0,0,0,36,100,99,100,1237,detection,
1237453,11,8,911,911,0,0,0,0,0,0,28,100,99,100,1237,detection,
1237612,6,11,787,787,0,0,0,0,0,0,34,0,0,0,1237,detection,
1237626,19,11,787,787,0,0,0,0,0,0,40,100,99,100,1237,detection,
1237650,13,11,787,787,0,0,0,0,0,0,37,50,68,55,1237,detection,
1237659,17,11,787,787,0,0,0,0,0,0,35,0,0,0,1237,detection,
1237679,8,11,787,787,0,0,0,0,0,0,32,100,99,100,1237,detection,
1237737,6,19,1040,1040,0,0,0,0,0,0,15,0,0,0,1237,detection,
1237745,10,19,1040,1040,0,0,0,0,0,0,5,0,0,0,1237,detection,
1237785,17,19,1040,1040,0,0,0,0,0,0,23,0,0,0,1237,detection,
1237803,8,19,1040,1040,0,0,0,0,0,0,15,0,0,0,1237,detection,
1237827,11,19,1040,1040,0,0,0,0,0,0,19,0,0,0,1237,detection,
1237849,3,19,1040,1040,0,0,0,0,0,0,18,0,0,0,1237,detection,
1237899,13,30,743,1043,-300,100,67,100,0,20,37,0,74,75,1237,detection,
1237932,8,30,743,1043,-300,100,71,100,0,22,32,0,81,75,1237,detection,
1237955,11,30,743,1043,-300,100,70,100,0,11,33,0,79,75,1237,detection,
1238003,19,30,743,1043,-300,100,62,96,83,0,44,0,64,40,1238,detection,
1242747,22,9,525,525,0,0,0,0,0,0,0,0,0,0,1242,detection,
1244598,20,25,287,587,-300,100,100,100,100,66,4,0,96,100,1244,detection,
1244627,10,25,287,587,-300,100,94,100,100,71,12,0,91,100,1244,detection,
1244628,19,25,287,587,-300,100,75,100,100,0,28,0,87,100,1244,detection,
1244635,5,25,287,587,-300,100,89,100,100,57,16,0,96,100,1244,detection,
1244652,13,25,287,587,-300,100,81,100,100,0,22,0,95,100,1244,detection,
1244663,17,25,287,587,-300,100,78,100,100,66,25,0,83,75,1244,detection,
1244927,8,13,568,568,0,0,0,0,0,0,29,100,99,100,1244,detection,
1244951,11,13,568,568,0,0,0,0,0,0,25,100,99,100,1244,detection,
1245681,17,3,687,687,0,0,0,0,0,0,48,0,0,0,1245,detection,
1245699,2,3,687,687,0,0,0,0,0,0,38,0,0,0,1245,detection,
1245748,16,3,687,687,0,0,0,0,0,0,42,0,0,0,1245,detection,
1246075,11,17,555,555,0,0,0,0,0,0,13,0,0,0,1246,detection,
1246093,3,17,555,555,0,0,0,0,0,0,20,0,0,0,1246,detection,
1246096,20,17,555,555,0,0,0,0,0,0,4,0,0,0,1246,detection,
1246109,6,17,555,555,0,0,0,0,0,0,18,0,0,0,1246,detection,
1246127,19,17,555,555,0,0,0,0,0,0,22,0,0,0,1246,detection,
1246146,13,17,555,555,0,0,0,0,0,0,18,0,0,0,1246,detection,
1246237,6,19,555,555,0,0,0,0,0,0,19,0,0,0,1246,detection,
1246253,10,19,555,555,0,0,0,0,0,0,10,0,0,0,1246,detection,
1246275,13,19,555,555,0,0,0,0,0,0,12,0,0,0,1246,detection,
1246285,17,19,555,555,0,0,0,0,0,0,28,0,0,0,1246,detection,
1246303,8,19,555,555,0,0,0,0,0,0,19,0,0,0,1246,detection,
1246332,11,19,555,555,0,0,0,0,0,0,23,0,0,0,1246,detection,
1246340,3,19,555,555,0,0,0,0,0,0,22,0,0,0,1246,detection,
1246348,20,19,555,555,0,0,0,0,0,0,1,0,0,0,1246,detection,
1246919,1,10,568,568,0,0,0,0,0,0,6,0,0,0,1246,detection,
1247014,7,10,568,568,0,0,0,0,0,0,6,0,0,0,1247,detection,
1247451,2,12,1330,1330,0,0,0,0,0,0,40,0,0,0,1247,detection,
1247501,16,12,1330,1330,0,0,0,0,0,0,40,100,99,100,1247,detection,
1248225,20,24,812,512,300,0,100,100,0,33,0,0,82,75,1248,detection,
1249663,17,29,1296,996,300,0,62,100,83,54,44,0,64,40,1249,detection,
1249702,11,29,1296,996,300,0,68,100,90,40,36,0,69,75,1249,detection,
1249703,2,29,1296,996,300,0,65,100,86,20,40,0,69,75,1249,detection,
1249719,3,29,1296,996,300,0,65,100,86,20,40,0,69,75,1249,detection,
1249748,16,29,1296,996,300,0,65,100,86,20,40,0,69,75,1249,detection,
1249862,6,11,875,875,0,0,0,0,0,0,38,0,0,0,1249,detection,
1249875,19,11,875,875,0,0,0,0,0,0,45,0,0,0,1249,detection,
1249900,13,11,875,875,0,0,0,0,0,0,37,0,0,0,1249,detection,
1249909,17,11,875,875,0,0,0,0,0,0,42,0,0,0,1249,detection,
1249928,8,11,875,875,0,0,0,0,0,0,36,0,0,0,1249,detection,
1251876,10,25,1130,830,300,0,87,100,100,75,17,0,77,75,1251,detection,
1253430,15,21,512,512,0,0,0,0,0,0,0,0,0,0,1253,detection,
1254627,19,17,-1,-1,0,0,0,0,0,0,25,0,0,0,1254,detection,
1254646,13,17,-1,-1,0,0,0,0,0,0,14,0,0,0,1254,detection,
1254875,10,25,283,583,-300,100,82,100,100,0,21,0,95,100,1254,detection,
1255782,1,10,812,812,0,0,0,0,0,0,8,0,0,0,1255,detection,
1255846,20,10,812,812,0,0,0,0,0,0,13,0,0,0,1255,detection,
1255884,5,10,812,812,0,0,0,0,0,0,10,0,0,0,1255,detection,
1255890,7,10,812,812,0,0,0,0,0,0,8,0,0,0,1255,detection,
1255995,22,18,883,883,0,0,0,0,0,0,33,0,0,0,1255,detection,
1256364,6,20,512,512,0,0,0,0,0,0,14,0,0,0,1256,detection,
1256376,10,20,512,512,0,0,0,0,0,0,3,0,0,0,1256,detection,
1256379,19,20,512,512,0,0,0,0,0,0,22,0,0,0,1256,detection,
1256725,20,25,883,583,300,0,100,100,100,66,0,0,82,75,1256,detection,
1256756,18,16,1184,1184,0,0,0,0,0,0,36,0,0,0,1256,detection,
1256827,2,16,1184,1184,0,0,0,0,0,0,36,0,0,0,1256,detection,
1256841,3,16,1184,1184,0,0,0,0,0,0,42,0,0,0,1256,detection,
1256860,6,19,552,552,0,0,0,0,0,0,20,0,0,0,1256,detection,
1256873,10,19,552,552,0,0,0,0,0,0,11,0,0,0,1256,detection,
1256898,13,19,552,552,0,0,0,0,0,0,11,0,0,0,1256,detection,
1256926,8,19,552,552,0,0,0,0,0,0,19,0,0,0,1256,detection,
1256972,20,19,552,552,0,0,0,0,0,0,3,0,0,0,1256,detection,
1257178,8,11,868,868,0,0,0,0,0,0,36,0,0,0,1257,detection,
1257270,19,11,868,868,0,0,0,0,0,0,47,0,0,0,1257,detection,
1257498,10,6,512,512,0,0,0,0,0,0,5,0,0,0,1257,detection,
1257505,19,6,512,512,0,0,0,0,0,0,25,0,0,0,1257,detection,
1257511,5,6,512,512,0,0,0,0,0,0,3,0,0,0,1257,detection,
1257554,8,13,557,557,0,0,0,0,0,0,32,0,0,0,1257,detection,
1258156,1,23,-301,-1,-300,100,100,100,0,66,5,0,97,100,1258,detection,
1258286,17,11,868,868,0,0,0,0,0,0,42,0,0,0,1258,detection,
1260266,7,10,784,784,0,0,0,0,0,0,7,0,0,0,1260,detection,
1260576,2,12,837,837,0,0,0,0,0,0,37,0,0,0,1260,detection,
1264220,3,18,922,922,0,0,0,0,0,0,34,0,0,0,1264,detection,
1264429,8,19,551,551,0,0,0,0,0,0,19,0,0,0,1264,detection,
1264470,20,19,551,551,0,0,0,0,0,0,4,0,0,0,1264,detection,
1264500,10,19,551,551,0,0,0,0,0,0,12,0,0,0,1264,detection,
1264535,17,19,551,551,0,0,0,0,0,0,30,0,0,0,1264,detection,
1266136,7,10,833,833,0,0,0,0,0,0,11,0,0,0,1266,detection,
1266758,18,16,1184,1184,0,0,0,0,0,0,36,0,0,0,1266,detection,
1266785,12,16,1184,1184,0,0,0,0,0,0,37,0,0,0,1266,detection,
1270930,8,30,1108,1408,-300,0,58,100,0,16,50,0,60,40,1270,detection,
1271023,13,8,891,891,0,0,0,0,0,0,40,0,0,0,1271,detection,
1271075,11,8,891,891,0,0,0,0,0,0,32,0,0,0,1271,detection,
1271595,20,6,512,512,0,0,0,0,0,0,2,0,0,0,1271,detection,
1271625,19,6,512,512,0,0,0,0,0,0,25,0,0,0,1271,detection,
1271625,10,6,512,512,0,0,0,0,0,0,6,0,0,0,1271,detection,
1272053,8,11,-1,-1,0,0,0,0,0,0,42,0,0,0,1272,detection,
1272181,9,14,894,894,0,0,0,0,0,0,9,0,0,0,1272,detection,
1272462,1,23,-301,-1,-300,100,100,100,0,66,7,0,97,100,1272,detection,
1272490,6,23,-301,-1,-300,100,84,100,0,62,19,0,97,100,1272,detection,
1272496,16,23,-301,-1,-300,100,86,100,0,0,18,0,97,100,1272,detection,
1272498,22,23,-301,-1,-300,100,100,100,0,66,7,0,97,100,1272,detection,
1272510,18,23,-301,-1,-300,100,87,100,0,25,17,0,97,100,1272,detection,
1272596,20,19,551,551,0,0,0,0,0,0,3,0,0,0,1272,detection,
1273613,6,20,537,537,0,0,0,0,0,0,15,0,0,0,1273,detection,
1274202,2,3,862,862,0,0,0,0,0,0,42,0,0,0,1274,detection,
1274238,6,3,862,862,0,0,0,0,0,0,39,0,0,0,1274,detection,
1274247,16,3,862,862,0,0,0,0,0,0,38,0,0,0,1274,detection,
1274721,20,19,551,551,0,0,0,0,0,0,3,0,0,0,1274,detection,
1274735,6,19,551,551,0,0,0,0,0,0,21,0,0,0,1274,detection,
1274747,10,19,551,551,0,0,0,0,0,0,13,0,0,0,1274,detection,
1274772,13,19,551,551,0,0,0,0,0,0,11,0,0,0,1274,detection,
1275505,18,16,-1,-1,0,0,0,0,0,0,40,0,0,0,1275,detection,
1275536,12,16,-1,-1,0,0,0,0,0,0,40,0,0,0,1275,detection,
1276096,20,25,547,847,-300,86,100,100,100,83,6,0,87,100,1276,detection,
1276125,10,25,547,847,-300,86,76,100,0,0,27,0,87,100,1276,detection,
1276150,13,25,547,847,-300,86,77,100,0,0,26,0,89,100,1276,detection,
1279054,8,30,1142,842,300,0,57,100,76,25,52,0,58,40,1279,detection,
1279077,11,30,1142,842,300,0,68,100,90,0,36,0,69,75,1279,detection,
1279132,19,30,1142,842,300,0,60,93,80,0,47,0,65,55,1279,detection,
1279148,13,30,1142,842,300,0,68,100,90,30,36,0,69,75,1279,detection,
1280120,4,14,935,935,0,0,0,0,0,0,20,0,0,0,1280,detection,
1280127,21,14,935,935,0,0,0,0,0,0,6,0,0,0,1280,detection,
1280625,10,25,1154,854,300,0,76,100,100,11,27,0,75,75,1280,detection,
1282221,1,22,548,548,0,0,0,0,0,0,0,0,0,0,1282,detection,
1282245,14,22,548,548,0,0,0,0,0,0,3,0,0,0,1282,detection,
1282251,21,22,548,548,0,0,0,0,0,0,0,0,0,0,1282,detection,
1282255,18,22,548,548,0,0,0,0,0,0,10,0,0,0,1282,detection,
1284747,4,26,299,-1,300,100,81,100,0,0,22,0,95,100,1284,detection,
1284750,14,26,299,-1,300,100,93,100,0,71,13,0,92,100,1284,detection,
1284754,21,26,299,-1,300,100,94,100,100,71,12,0,91,100,1284,detection,
1285250,10,20,537,537,0,0,0,0,0,0,5,0,0,0,1285,detection,
1285259,19,20,537,537,0,0,0,0,0,0,23,0,0,0,1285,detection,
1287055,8,30,580,880,-300,87,58,100,77,33,51,0,56,40,1287,detection,
1287130,19,30,580,880,-300,87,60,93,80,9,47,0,61,40,1287,detection,
1287149,13,30,580,880,-300,87,68,100,90,0,36,0,76,75,1287,detection,
1287347,20,19,549,549,0,0,0,0,0,0,2,0,0,0,1287,detection,
1287360,6,19,549,549,0,0,0,0,0,0,21,0,0,0,1287,detection,
1287372,10,19,549,549,0,0,0,0,0,0,12,0,0,0,1287,detection,
1287403,13,19,549,549,0,0,0,0,0,0,11,0,0,0,1287,detection,
1288577,2,3,555,555,0,0,0,0,0,0,42,0,0,0,1288,detection,
1288622,16,3,555,555,0,0,0,0,0,0,42,50,68,55,1288,detection,
1289178,8,13,937,937,0,0,0,0,0,0,33,0,0,0,1289,detection,
1289202,11,13,937,937,0,0,0,0,0,0,25,0,0,0,1289,detection,
1289845,20,6,512,512,0,0,0,0,0,0,2,0,0,0,1289,detection,
1289850,3,6,512,512,0,0,0,0,0,0,15,0,0,0,1289,detection,
1289952,2,29,-301,-1,-300,100,62,100,83,27,44,0,64,40,1289,detection,
1290747,4,26,-301,-1,-300,100,81,100,100,12,22,0,95,100,1290,detection,
1290750,22,26,-301,-1,-300,100,87,100,100,62,17,0,96,100,1290,detection,
1290754,21,26,-301,-1,-300,100,93,100,100,71,13,0,91,100,1290,detection,
1290755,14,26,-301,-1,-300,100,90,100,100,71,15,0,91,100,1290,detection,
1290758,18,26,-301,-1,-300,100,86,100,100,25,18,0,96,100,1290,detection,
1291961,1,10,877,877,0,0,0,0,0,0,11,0,0,0,1291,detection,
1292008,5,10,877,877,0,0,0,0,0,0,13,0,0,0,1292,detection,
1292014,7,10,877,877,0,0,0,0,0,0,10,0,0,0,1292,detection,
1292056,9,22,544,544,0,0,0,0,0,0,0,0,0,0,1292,detection,
1292123,14,22,544,544,0,0,0,0,0,0,5,0,0,0,1292,detection,
1292125,21,22,544,544,0,0,0,0,0,0,0,0,0,0,1292,detection,
1292399,13,8,1261,1261,0,0,0,0,0,0,43,0,0,0,1292,detection,
1293148,13,30,1249,949,300,0,67,100,89,10,37,0,69,75,1293,detection,
1295250,16,27,498,798,-300,22,63,98,84,9,42,0,66,55,1295,detection,
1295258,18,27,498,798,-300,22,63,100,84,36,42,0,66,55,1295,detection,
1295329,2,27,498,798,-300,22,63,98,84,9,42,0,66,55,1295,detection,
1296621,16,2,840,840,0,0,0,0,0,0,40,0,0,0,1296,detection,
1296649,13,17,841,841,0,0,0,0,0,0,18,0,0,0,1296,detection,
1296661,12,2,840,840,0,0,0,0,0,0,40,0,0,0,1296,detection,
1296718,3,17,841,841,0,0,0,0,0,0,26,0,0,0,1296,detection,
1296752,19,17,841,841,0,0,0,0,0,0,31,0,0,0,1296,detection,
1297402,13,19,644,644,0,0,0,0,0,0,11,0,0,0,1297,detection,
1297410,17,19,644,644,0,0,0,0,0,0,34,0,0,0,1297,detection,
1297427,8,19,644,644,0,0,0,0,0,0,19,0,0,0,1297,detection,
1297451,11,19,644,644,0,0,0,0,0,0,19,0,0,0,1297,detection,
1299200,2,3,299,299,0,100,0,0,0,0,49,50,98,100,1299,detection,
1299367,16,3,299,299,0,100,0,0,0,0,49,0,57,40,1299,detection,
1299401,13,30,657,957,-300,57,67,100,89,20,37,0,62,40,1299,detection,
1299430,8,30,657,957,-300,57,59,100,0,36,49,0,62,40,1299,detection,
1299748,4,26,256,299,-43,100,10,100,40,11,33,0,79,75,1299,detection,
1299750,14,26,256,299,-43,100,10,100,42,44,29,0,86,100,1299,detection,
1300247,4,14,830,830,0,0,0,0,0,0,21,0,0,0,1300,detection,
1300703,11,29,321,621,-300,91,65,100,86,50,40,0,71,75,1300,detection,
1302773,13,19,685,685,0,0,0,0,0,0,11,0,0,0,1302,detection,
1302847,20,19,685,685,0,0,0,0,0,0,3,0,0,0,1302,detection,
1302872,10,19,685,685,0,0,0,0,0,0,7,0,0,0,1302,detection,
1303554,8,30,1257,957,300,0,59,100,79,36,48,0,60,40,1303,detection,
1303577,11,30,1257,957,300,0,70,100,0,0,33,0,71,75,1303,detection,
1303649,13,30,1257,957,300,0,67,100,89,30,37,0,69,55,1303,detection,
1303746,14,4,775,775,0,0,0,0,0,0,25,0,0,0,1303,detection,
1303875,19,17,864,864,0,0,0,0,0,0,32,0,0,0,1303,detection,
1303899,13,17,864,864,0,0,0,0,0,0,18,0,0,0,1303,detection,
1303974,20,17,864,864,0,0,0,0,0,0,10,0,0,0,1303,detection,
1304432,9,22,540,540,0,0,0,0,0,0,0,0,0,0,1304,detection,
1304467,1,22,540,540,0,0,0,0,0,0,0,0,0,0,1304,detection,
1304495,14,22,540,540,0,0,0,0,0,0,6,0,0,0,1304,detection,
1304501,21,22,540,540,0,0,0,0,0,0,2,0,0,0,1304,detection,
1305747,16,2,683,683,0,0,0,0,0,0,40,13,0,0,1305,detection,
1305804,9,14,798,798,0,0,0,0,0,0,14,0,0,0,1305,detection,
1305869,22,14,798,798,0,0,0,0,0,0,7,0,0,0,1305,detection,
1305870,4,14,798,798,0,0,0,0,0,0,21,0,0,0,1305,detection,
1307553,8,13,864,864,0,100,0,0,0,0,43,0,66,55,1307,detection,
1307576,11,13,864,864,0,100,0,0,0,0,35,0,77,55,1307,detection,
1308430,9,26,1134,834,300,0,100,100,0,83,7,0,77,75,1308,detection,
1308496,22,26,1134,834,300,0,83,100,100,62,20,0,82,75,1308,detection,
1308497,4,26,1134,834,300,0,68,100,51,20,36,0,69,75,1308,detection,
1308499,14,26,1134,834,300,0,72,100,55,44,31,0,72,75,1308,detection,
1308500,21,26,1134,834,300,0,84,100,100,62,19,0,82,75,1308,detection,
1308580,2,27,650,950,-300,100,63,100,0,9,42,0,67,55,1308,detection,
1309274,13,11,764,764,0,0,0,0,0,0,41,0,0,0,1309,detection,
1309283,17,11,764,764,0,0,0,0,0,0,47,0,0,0,1309,detection,
1309452,2,27,1250,950,300,0,63,98,84,0,42,0,66,55,1309,detection,
1310246,22,21,531,531,0,0,0,0,0,0,1,0,0,0,1310,detection,
1310248,14,21,531,531,0,0,0,0,0,0,7,0,0,0,1310,detection,
1310304,9,21,531,531,0,0,0,0,0,0,0,0,0,0,1310,detection,
1310307,15,21,531,531,0,0,0,0,0,0,0,0,0,0,1310,detection,
1310398,13,30,658,958,-300,56,67,100,89,0,37,0,62,40,1310,detection,
1310431,8,30,658,958,-300,56,61,100,81,36,46,0,64,40,1310,detection,
1311272,13,8,1312,1312,0,0,0,0,0,0,38,0,0,0,1311,detection,
1311409,1,23,299,-1,300,100,97,100,100,57,10,0,96,100,1311,detection,
1311452,11,19,729,729,0,0,0,0,0,0,19,0,0,0,1311,detection,
1311469,3,19,729,729,0,0,0,0,0,0,24,0,0,0,1311,detection,
1311481,20,19,729,729,0,0,0,0,0,0,3,0,0,0,1311,detection,
1311498,10,19,729,729,0,0,0,0,0,0,8,0,0,0,1311,detection,
1311499,14,4,1320,1320,0,0,0,0,0,0,30,0,0,0,1311,detection,
1311523,13,19,729,729,0,0,0,0,0,0,12,0,0,0,1311,detection,
1311533,17,19,729,729,0,0,0,0,0,0,34,0,0,0,1311,detection,
1311551,8,19,729,729,0,0,0,0,0,0,19,0,0,0,1311,detection,
1311746,16,2,786,786,0,0,0,0,0,0,40,0,0,0,1311,detection,
1311786,12,2,786,786,0,0,0,0,0,0,40,0,0,0,1311,detection,
1312111,6,3,350,350,0,80,0,0,0,0,44,0,64,40,1312,detection,
1312369,4,14,1123,1123,0,0,0,0,0,0,24,0,0,0,1312,detection,
1312373,22,14,1123,1123,0,0,0,0,0,0,12,0,0,0,1312,detection,
1312579,11,17,904,904,0,0,0,0,0,0,18,0,0,0,1312,detection,
1312595,20,17,904,904,0,0,0,0,0,0,15,0,0,0,1312,detection,
1312613,6,17,904,904,0,0,0,0,0,0,20,0,0,0,1312,detection,
1312650,13,17,904,904,0,0,0,0,0,0,22,0,0,0,1312,detection,
1313076,2,3,472,472,0,32,0,0,0,0,50,100,99,100,1313,detection,
1313128,19,3,472,472,0,32,0,0,0,0,58,0,0,0,1313,detection,
1313158,17,3,472,472,0,32,0,0,0,0,53,0,0,0,1313,detection,
1313973,20,5,601,601,0,0,0,0,0,0,4,0,0,0,1313,detection,
1314412,12,31,299,-1,300,100,66,100,88,10,38,0,72,55,1314,detection,
1315238,6,20,793,793,0,0,0,0,0,0,13,0,0,0,1315,detection,
1315250,10,20,793,793,0,0,0,0,0,0,8,0,0,0,1315,detection,
1315453,2,12,672,672,0,0,0,0,0,0,40,0,0,0,1315,detection,
1317151,13,25,1348,1048,300,0,76,100,100,0,27,0,75,75,1317,detection,
1317159,12,2,-1,-1,0,0,0,0,0,0,40,0,0,0,1317,detection,
1317636,5,28,1068,768,300,0,100,100,100,33,1,0,82,75,1317,detection,
1317717,1,28,1068,768,300,0,100,100,0,33,0,0,82,75,1317,detection,
1317747,22,28,1068,768,300,0,100,100,0,33,6,0,82,75,1317,detection,
1318413,12,31,-301,-1,-300,100,65,100,86,20,40,0,71,55,1318,detection,
1320023,13,17,728,728,0,0,0,0,0,0,26,0,0,0,1320,detection,
1320075,11,17,728,728,0,0,0,0,0,0,22,0,0,0,1320,detection,
1320097,20,17,728,728,0,0,0,0,0,0,19,0,0,0,1320,detection,
1320113,6,17,728,728,0,0,0,0,0,0,23,0,0,0,1320,detection,
1320899,13,30,1258,958,300,0,67,100,89,10,37,0,69,55,1320,detection,
1320928,8,30,1258,958,300,0,64,100,85,50,41,0,68,55,1320,detection,
1321054,8,13,1064,1064,0,0,0,0,0,0,42,0,0,0,1321,detection,
1321057,15,21,527,527,0,0,0,0,0,0,0,0,0,0,1321,detection,
1321078,11,13,1064,1064,0,0,0,0,0,0,38,0,0,0,1321,detection,
1321291,1,10,839,839,0,0,0,0,0,0,11,0,0,0,1321,detection,
1321620,14,4,838,838,0,0,0,0,0,0,35,0,0,0,1321,detection,
1322371,4,14,878,878,0,0,0,0,0,0,28,0,0,0,1322,detection,
1322501,19,17,728,728,0,0,0,0,0,0,36,0,0,0,1322,detection,
1322748,10,19,761,761,0,0,0,0,0,0,8,0,0,0,1322,detection,
1322773,13,19,761,761,0,0,0,0,0,0,12,0,0,0,1322,detection,
1322783,17,19,761,761,0,0,0,0,0,0,35,0,0,0,1322,detection,
1322801,8,19,761,761,0,0,0,0,0,0,20,0,0,0,1322,detection,
1322825,11,19,761,761,0,0,0,0,0,0,20,0,0,0,1322,detection,
1322842,3,19,761,761,0,0,0,0,0,0,24,0,0,0,1322,detection,
1323347,20,25,748,1048,-300,17,94,100,0,57,12,0,82,75,1323,detection,
1323647,1,28,468,768,-300,100,100,100,100,50,0,0,96,100,1323,detection,
1323670,17,28,468,768,-300,100,78,100,100,33,25,0,90,100,1323,detection,
1323724,20,28,468,768,-300,100,100,100,100,50,2,0,96,100,1323,detection,
1323748,16,27,299,-1,300,100,63,98,84,18,42,0,67,55,1323,detection,
1323749,22,28,468,768,-300,100,100,100,100,50,6,0,96,100,1323,detection,
1323749,10,28,468,768,-300,100,100,100,100,50,8,0,96,100,1323,detection,
1323763,5,28,468,768,-300,100,100,100,100,50,1,0,96,100,1323,detection,
1323828,2,27,299,-1,300,100,63,100,0,0,42,0,67,55,1323,detection,
1324971,20,6,-1,-1,0,0,0,0,0,0,2,0,0,0,1324,detection,
1324997,10,6,-1,-1,0,0,0,0,0,0,5,0,0,0,1324,detection,
1325001,19,6,-1,-1,0,0,0,0,0,0,25,0,0,0,1325,detection,
1325009,5,6,-1,-1,0,0,0,0,0,0,7,0,0,0,1325,detection,
1326472,1,23,855,555,300,0,90,100,0,42,15,0,82,75,1326,detection,
1326492,6,23,855,555,300,0,78,100,100,55,25,0,77,75,1326,detection,
1326500,22,23,855,555,300,0,93,100,100,57,13,0,82,75,1326,detection,
1326999,16,3,472,472,0,32,0,0,0,0,50,0,0,0,1326,detection,
1327034,17,3,472,472,0,32,0,0,0,0,55,0,0,0,1327,detection,
1327074,2,16,-1,-1,0,0,0,0,0,0,42,0,0,0,1327,detection,
1327159,12,16,-1,-1,0,0,0,0,0,0,42,0,0,0,1327,detection,
1327547,1,24,1068,768,300,0,100,100,100,66,4,0,82,75,1327,detection,
1327558,15,24,1068,768,300,0,100,100,0,33,0,0,82,75,1327,detection,
1327598,20,24,1068,768,300,0,100,100,0,33,3,0,82,75,1327,detection,
1327624,10,24,1068,768,300,0,99,100,0,14,9,0,82,75,1327,detection,
1327681,15,5,569,569,0,0,0,0,0,0,0,0,0,0,1327,detection,
1327747,10,5,569,569,0,0,0,0,0,0,7,0,0,0,1327,detection,
1327756,1,5,569,569,0,0,0,0,0,0,0,0,0,0,1327,detection,
1328150,13,30,843,1143,-300,62,67,100,89,0,37,50,87,100,1328,detection,
1328179,8,30,843,1143,-300,62,64,100,85,60,41,0,64,40,1328,detection,
1328552,8,19,741,741,0,0,0,0,0,0,20,0,0,0,1328,detection,
1329182,1,10,831,831,0,0,0,0,0,0,6,0,0,0,1329,detection,
1329246,14,22,557,557,0,0,0,0,0,0,10,0,0,0,1329,detection,
1329265,7,10,831,831,0,0,0,0,0,0,10,0,0,0,1329,detection,
1329295,1,22,557,557,0,0,0,0,0,0,1,0,0,0,1329,detection,
1329303,8,13,1149,1149,0,0,0,0,0,0,41,0,0,0,1329,detection,
1329307,9,22,557,557,0,0,0,0,0,0,1,0,0,0,1329,detection,
1329326,11,13,1149,1149,0,0,0,0,0,0,38,0,0,0,1329,detection,
1330092,3,17,804,804,0,0,0,0,0,0,24,0,0,0,1330,detection,
1330126,19,17,804,804,0,0,0,0,0,0,36,0,0,0,1330,detection,
1331024,13,8,1592,1592,0,0,0,0,0,0,38,0,0,0,1331,detection,
1333678,8,13,1187,1187,0,0,0,0,0,0,41,0,0,0,1333,detection,
1333719,1,22,557,557,0,0,0,0,0,0,1,0,0,0,1333,detection,
1333740,6,22,557,557,0,0,0,0,0,0,17,0,0,0,1333,detection,
1333747,14,22,557,557,0,0,0,0,0,0,10,0,0,0,1333,detection,
1333749,21,22,557,557,0,0,0,0,0,0,2,0,0,0,1333,detection,
1334378,19,30,1404,1104,300,0,53,80,71,15,60,0,60,40,1334,detection,
1334402,13,30,1404,1104,300,0,65,100,87,10,39,0,69,75,1334,detection,
1334431,8,30,1404,1104,300,0,61,100,82,54,45,0,63,40,1334,detection,
1335411,12,31,1692,1392,300,0,62,96,83,27,44,0,64,40,1335,detection,
1335551,8,19,721,721,0,0,0,0,0,0,16,0,0,0,1335,detection,
1335622,10,19,721,721,0,0,0,0,0,0,10,0,0,0,1335,detection,
1335647,13,19,721,721,0,0,0,0,0,0,12,0,0,0,1335,detection,
1335782,17,6,793,793,0,0,0,0,0,0,28,0,0,0,1335,detection,
1335788,12,27,1097,797,300,0,63,100,84,45,43,0,66,55,1335,detection,
1335826,2,27,1097,797,300,0,66,100,0,0,38,0,69,55,1335,detection,
1336556,15,5,552,552,0,0,0,0,0,0,0,0,0,0,1336,detection,
1336562,1,5,552,552,0,0,0,0,0,0,0,0,0,0,1336,detection,
1336597,20,5,552,552,0,0,0,0,0,0,5,0,0,0,1336,detection,
1336621,10,5,552,552,0,0,0,0,0,0,7,0,0,0,1336,detection,
1337952,11,13,1181,1181,0,0,0,0,0,0,37,0,0,0,1337,detection,
1338078,2,27,497,797,-300,22,66,100,88,10,38,0,69,55,1338,detection,
1338164,12,27,497,797,-300,22,63,100,84,45,42,0,66,55,1338,detection,
1338410,12,2,-1,-1,0,0,0,0,0,0,44,0,0,0,1338,detection,
1338771,13,17,724,724,0,0,0,0,0,0,29,0,0,0,1338,detection,
1339405,1,28,1093,793,300,0,100,100,100,66,2,0,82,75,1339,detection,
1339499,10,28,1093,793,300,0,99,100,100,57,9,0,82,75,1339,detection,
1339579,2,12,1020,1020,0,0,0,0,0,0,40,50,68,55,1339,detection,
1339623,16,12,1020,1020,0,0,0,0,0,0,40,0,0,0,1339,detection,
1340627,10,25,844,1144,-300,87,77,100,100,22,26,0,88,100,1340,detection,
1340635,5,25,844,1144,-300,87,91,100,0,42,14,0,97,100,1340,detection,
1342181,9,22,548,548,0,0,0,0,0,0,2,0,0,0,1342,detection,
1342373,16,3,768,768,0,0,0,0,0,0,49,0,0,0,1342,detection,
1342376,10,24,468,768,-300,100,99,100,100,28,9,0,96,100,1342,detection,
1342435,15,24,468,768,-300,100,100,100,100,50,0,0,96,100,1342,detection,
1345080,2,29,1088,1388,-300,0,61,100,0,27,45,0,63,40,1345,detection,
1345163,17,29,1088,1388,-300,0,55,100,74,58,55,0,58,40,1345,detection,
1345285,12,2,-1,-1,0,0,0,0,0,0,41,0,0,0,1345,detection,
1346576,11,17,724,724,0,0,0,0,0,0,25,0,0,0,1346,detection,
1346648,13,17,724,724,0,0,0,0,0,0,29,0,0,0,1346,detection,
1347848,20,19,720,720,0,0,0,0,0,0,6,0,0,0,1347,detection,
1347850,3,19,720,720,0,0,0,0,0,0,24,0,0,0,1347,detection,
1347873,10,19,720,720,0,0,0,0,0,0,10,0,0,0,1347,detection,
1347898,13,19,720,720,0,0,0,0,0,0,12,0,0,0,1347,detection,
1347926,8,19,720,720,0,0,0,0,0,0,15,0,0,0,1347,detection,
1348123,16,12,793,793,0,0,0,0,0,0,37,0,0,0,1348,detection,
1348535,12,16,-1,-1,0,0,0,0,0,0,44,0,0,0,1348,detection,
1348554,1,22,544,544,0,0,0,0,0,0,3,0,0,0,1348,detection,
1348621,14,22,544,544,0,0,0,0,0,0,10,0,0,0,1348,detection,
1348808,9,26,299,-1,300,100,68,100,0,40,36,0,76,75,1348,detection,
1348870,4,26,299,-1,300,100,59,92,0,0,48,0,59,40,1348,detection,
1348872,14,26,299,-1,300,100,59,91,0,0,49,0,57,40,1348,detection,
1349328,11,3,998,998,0,0,0,0,0,0,42,0,0,0,1349,detection,
1349633,5,10,831,831,0,0,0,0,0,0,14,0,0,0,1349,detection,
1349928,8,11,-1,-1,0,0,0,0,0,0,39,0,0,0,1349,detection,
1350115,1,28,787,1087,-300,100,100,100,100,83,7,0,88,100,1350,detection,
1350123,22,28,787,1087,-300,100,100,100,0,50,6,0,97,100,1350,detection,
1350128,19,28,787,1087,-300,100,78,100,100,33,25,0,90,100,1350,detection,
1350136,5,28,787,1087,-300,100,100,100,0,50,6,0,97,100,1350,detection,
1350871,14,4,1071,1071,0,0,0,0,0,0,39,0,0,0,1350,detection,
1351633,5,7,697,697,0,0,0,0,0,0,7,0,0,0,1351,detection,
1351661,12,2,675,675,0,0,0,0,0,0,45,0,0,0,1351,detection,
1351750,16,2,675,675,0,0,0,0,0,0,40,0,0,0,1351,detection,
1351997,16,29,1882,1582,300,0,61,100,0,18,45,0,63,40,1351,detection,
1352076,2,29,1882,1582,300,0,62,96,83,0,44,0,64,40,1352,detection,
1352250,10,25,1478,1178,300,0,73,100,97,33,30,0,73,75,1352,detection,
1352274,13,25,1478,1178,300,0,73,100,0,0,30,0,73,75,1352,detection,
1353122,14,9,521,521,0,0,0,0,0,0,10,0,0,0,1353,detection,
1353182,15,9,521,521,0,0,0,0,0,0,1,0,0,0,1353,detection,
1353183,1,9,521,521,0,0,0,0,0,0,3,0,0,0,1353,detection,
1354307,15,5,548,548,0,0,0,0,0,0,1,0,0,0,1354,detection,
1354788,12,16,555,555,0,0,0,0,0,0,45,0,0,0,1354,detection,
1355245,4,14,869,869,0,0,0,0,0,0,28,0,0,0,1355,detection,
1357452,2,29,609,909,-300,0,60,93,80,9,47,0,65,55,1357,detection,
1357747,16,31,765,1065,-300,0,62,100,0,9,44,0,64,40,1357,detection,
1357788,12,31,765,1065,-300,0,65,100,86,0,40,0,69,55,1357,detection,
1358120,14,9,521,521,0,0,0,0,0,0,10,0,0,0,1358,detection,
1359248,14,9,521,521,0,0,0,0,0,0,10,0,0,0,1359,detection,
1359251,21,9,521,521,0,0,0,0,0,0,5,0,0,0,1359,detection,
1359308,15,9,521,521,0,0,0,0,0,0,0,0,0,0,1359,detection,
1359481,1,23,487,787,-300,36,87,100,100,37,17,0,70,75,1359,detection,
1359488,6,23,487,787,-300,36,72,100,96,0,31,0,64,40,1359,detection,
1359501,22,23,487,787,-300,36,87,100,100,50,17,0,70,75,1359,detection,
1360132,19,17,724,724,0,0,0,0,0,0,40,0,0,0,1360,detection,
1360148,13,17,724,724,0,0,0,0,0,0,29,0,0,0,1360,detection,
1360218,3,17,724,724,0,0,0,0,0,0,27,0,0,0,1360,detection,
1361248,14,4,1410,1410,0,0,0,0,0,0,43,0,0,0,1361,detection,
1361370,14,9,521,521,0,0,0,0,0,0,10,0,0,0,1361,detection,
1363326,2,29,1173,873,300,0,61,94,81,18,46,0,63,40,1363,detection,
1363329,11,29,1173,873,300,0,63,100,84,54,43,0,66,75,1363,detection,
1363563,15,24,556,256,300,0,94,100,100,57,12,0,82,75,1363,detection,
1363578,11,8,1824,1824,0,0,0,0,0,0,38,0,0,0,1363,detection,
1363601,20,24,556,256,300,0,93,100,0,28,13,0,82,75,1363,detection,
1363628,10,24,556,256,300,0,83,100,100,37,20,0,82,75,1363,detection,
1363641,5,24,556,256,300,0,99,100,100,57,9,0,82,75,1363,detection,
1363642,7,24,556,256,300,0,100,100,100,66,6,0,82,75,1363,detection,
1363650,13,8,1824,1824,0,0,0,0,0,0,39,0,0,0,1363,detection,
1364123,4,26,1162,862,300,0,58,100,0,0,51,0,60,40,1364,detection,
1364124,14,26,1162,862,300,0,58,100,0,0,51,0,60,40,1364,detection,
1364580,11,30,1746,1446,300,0,67,100,0,0,37,0,69,75,1364,detection,
1365871,22,14,1168,1168,0,0,0,0,0,0,18,0,0,0,1365,detection,
1365872,4,14,1168,1168,0,0,0,0,0,0,32,0,0,0,1365,detection,
1366026,13,11,724,724,0,100,0,0,0,0,43,0,66,55,1366,detection,
1366055,8,11,724,724,0,100,0,0,0,0,50,0,56,40,1366,detection,
1366178,8,13,1164,1164,0,0,0,0,0,0,44,0,0,0,1366,detection,
1367123,14,4,1646,1646,0,0,0,0,0,0,46,0,0,0,1367,detection,
1367999,16,29,573,873,-300,0,59,100,79,27,48,0,60,40,1367,detection,
1369122,16,31,1397,1097,300,0,62,100,83,18,44,0,64,40,1369,detection,
1369129,19,30,897,1197,-300,32,53,80,71,23,60,0,62,40,1369,detection,
1369149,13,30,897,1197,-300,32,63,97,84,18,43,0,66,75,1369,detection,
1369162,12,31,1397,1097,300,0,62,96,83,9,44,0,64,40,1369,detection,
1369178,8,30,897,1197,-300,32,62,100,83,54,44,0,65,55,1369,detection,
1369559,15,24,256,281,-25,100,7,100,62,62,18,0,92,100,1369,detection,
1370148,13,8,1099,1099,0,0,0,0,0,0,43,0,0,0,1370,detection,
1371255,18,16,555,555,0,0,0,0,0,0,40,0,0,0,1371,detection,
1371287,12,16,555,555,0,0,0,0,0,0,45,0,0,0,1371,detection,
1371326,2,16,555,555,0,0,0,0,0,0,42,0,0,0,1371,detection,
1371751,10,25,1478,1178,300,0,73,100,0,33,30,0,73,75,1371,detection,
1371752,19,25,1478,1178,300,0,70,100,94,11,33,0,71,75,1371,detection,
1371760,5,25,1478,1178,300,0,87,100,100,50,17,0,82,75,1371,detection,
1371776,13,25,1478,1178,300,0,73,100,0,0,30,0,73,75,1371,detection,
1373499,14,4,1649,1649,0,0,0,0,0,0,46,0,0,0,1373,detection,
1373748,16,31,588,888,-300,87,65,100,86,30,40,0,71,55,1373,detection,
1373757,18,31,588,888,-300,87,67,100,0,30,37,0,74,55,1373,detection,
1373788,12,31,588,888,-300,87,61,95,82,18,45,0,62,40,1373,detection,
1374125,10,19,1049,1049,0,0,0,0,0,0,13,0,0,0,1374,detection,
1374149,13,19,1049,1049,0,0,0,0,0,0,15,0,0,0,1374,detection,
1374160,17,19,1049,1049,0,0,0,0,0,0,39,0,0,0,1374,detection,
1374177,8,19,1049,1049,0,0,0,0,0,0,19,0,0,0,1374,detection,
1374516,7,15,579,579,0,0,0,0,0,0,0,0,0,0,1374,detection,
1374555,9,15,579,579,0,0,0,0,0,0,4,0,0,0,1374,detection,
1374747,4,14,1167,1167,0,0,0,0,0,0,31,0,0,0,1374,detection,
1374751,21,14,1167,1167,0,0,0,0,0,0,15,0,0,0,1374,detection,
1374805,9,14,1167,1167,0,0,0,0,0,0,24,0,0,0,1374,detection,
1375129,19,30,1526,1226,300,0,53,81,71,30,59,0,58,40,1375,detection,
1375130,18,16,555,555,0,0,0,0,0,0,40,0,0,0,1375,detection,
1375162,12,16,555,555,0,0,0,0,0,0,41,0,0,0,1375,detection,
1375182,8,30,1526,1226,300,0,62,100,83,63,44,0,64,40,1375,detection,
1375201,2,16,555,555,0,0,0,0,0,0,42,0,0,0,1375,detection,
1375372,16,18,-1,-1,0,0,0,0,0,0,44,0,0,0,1375,detection,
1375498,16,12,1005,1005,0,0,0,0,0,0,37,0,0,0,1375,detection,
1375794,1,24,581,281,300,0,86,100,0,50,18,0,82,75,1375,detection,
1375809,15,24,581,281,300,0,78,100,56,55,25,0,77,75,1375,detection,
1375848,20,24,581,281,300,0,84,100,0,25,19,0,82,75,1375,detection,
1375874,10,24,581,281,300,0,78,100,0,33,25,0,77,75,1375,detection,
1375878,21,24,581,281,300,0,94,100,100,57,12,0,82,75,1375,detection,
1375888,5,24,581,281,300,0,90,100,0,57,15,0,82,75,1375,detection,
1375889,7,24,581,281,300,0,94,100,0,57,12,0,82,75,1375,detection,
1376076,11,13,1330,1330,0,0,0,0,0,0,43,0,0,0,1376,detection,
1376177,8,13,1330,1330,0,0,0,0,0,0,46,0,0,0,1376,detection,
1376500,16,12,1005,1005,0,0,0,0,0,0,38,0,0,0,1376,detection,
1377000,21,9,591,591,0,0,0,0,0,0,7,0,0,0,1377,detection,
1377951,2,16,555,555,0,0,0,0,0,0,42,0,0,0,1377,detection,
1378035,12,16,555,555,0,0,0,0,0,0,41,0,0,0,1378,detection,
1378499,22,6,464,464,0,18,0,0,0,0,3,0,0,0,1378,detection,
1378826,2,29,1134,834,300,0,61,100,0,18,45,0,63,40,1378,detection,
1378829,11,29,1134,834,300,0,62,100,0,54,44,0,64,40,1378,detection,
1379372,16,18,-1,-1,0,0,0,0,0,0,44,0,0,0,1379,detection,
1379536,12,31,1205,905,300,0,61,95,82,27,45,0,63,40,1379,detection,
1380056,9,26,1189,889,300,0,64,100,0,40,41,0,68,75,1380,detection,
1380122,4,26,1189,889,300,0,56,87,0,0,53,0,60,40,1380,detection,
1380123,14,26,1189,889,300,0,56,87,0,0,53,0,60,40,1380,detection,
1380129,21,26,1189,889,300,0,80,100,0,50,23,0,79,75,1380,detection,
1381625,16,12,946,946,0,0,0,0,0,0,42,0,0,0,1381,detection,
1382680,15,9,583,583,0,0,0,0,0,0,2,0,0,0,1382,detection,
1382806,15,24,256,281,-25,100,6,100,52,66,31,0,69,75,1382,detection,
1383623,14,4,1189,1189,0,100,0,0,0,0,49,0,57,40,1383,detection,
1383638,7,15,588,588,0,0,0,0,0,0,0,0,0,0,1383,detection,
1383824,11,17,931,931,0,0,0,0,0,0,27,0,0,0,1383,detection,
1384272,13,19,1100,1100,0,0,0,0,0,0,16,0,0,0,1384,detection,
1384305,8,19,1100,1100,0,0,0,0,0,0,20,0,0,0,1384,detection,
1384332,11,19,1100,1100,0,0,0,0,0,0,24,0,0,0,1384,detection,
1385999,10,20,281,281,0,90,0,0,0,0,19,0,97,100,1385,detection,
1386216,3,2,642,642,0,0,0,0,0,0,44,0,0,0,1386,detection,
1386327,1,5,540,540,0,0,0,0,0,0,6,0,0,0,1386,detection,
1386351,20,5,540,540,0,0,0,0,0,0,6,0,0,0,1386,detection,
1386389,7,5,540,540,0,0,0,0,0,0,0,0,0,0,1386,detection,
1386432,15,5,540,540,0,0,0,0,0,0,3,0,0,0,1386,detection,
1386538,1,23,680,980,-300,17,81,100,0,37,22,0,80,75,1386,detection,
1386611,6,23,680,980,-300,17,66,100,0,0,38,0,69,55,1386,detection,
1386624,22,23,680,980,-300,17,87,100,0,50,17,0,82,75,1386,detection,
1386671,17,23,680,980,-300,17,74,100,99,77,29,0,67,75,1386,detection,
1387247,22,26,607,907,-300,80,82,100,100,75,21,0,84,75,1387,detection,
1387248,4,26,607,907,-300,80,58,89,77,8,51,0,56,40,1387,detection,
1387249,14,26,607,907,-300,80,58,89,77,8,51,0,56,40,1387,detection,
1387304,8,30,926,1226,-300,21,63,100,84,63,43,0,66,55,1387,detection,
1387306,9,26,607,907,-300,80,65,100,87,40,39,0,71,75,1387,detection,
1387335,11,30,926,1226,-300,21,63,100,84,9,42,0,66,75,1387,detection,
1387373,16,31,595,895,-300,84,65,100,0,30,40,0,71,55,1387,detection,
1387379,19,30,926,1226,-300,21,53,81,71,38,59,0,58,40,1387,detection,
1387382,18,31,595,895,-300,84,67,100,0,20,37,0,74,55,1387,detection,
1388874,16,3,1065,1065,0,0,0,0,0,0,48,0,0,0,1388,detection,
1388878,19,3,1065,1065,0,0,0,0,0,0,58,0,0,0,1388,detection,
1388882,18,3,1065,1065,0,0,0,0,0,0,42,0,0,0,1388,detection,
1388908,17,3,1065,1065,0,0,0,0,0,0,59,0,0,0,1388,detection,
1389471,1,9,575,575,0,0,0,0,0,0,6,0,0,0,1389,detection,
1389495,14,9,575,575,0,0,0,0,0,0,10,0,0,0,1389,detection,
1389874,14,21,572,572,0,0,0,0,0,0,10,0,0,0,1389,detection,
1389930,9,21,572,572,0,0,0,0,0,0,6,0,0,0,1389,detection,
1389934,15,21,572,572,0,0,0,0,0,0,3,0,0,0,1389,detection,
1389951,11,8,1459,1459,0,0,0,0,0,0,40,0,0,0,1389,detection,
1390054,8,11,1176,1176,0,0,0,0,0,0,51,0,0,0,1390,detection,
1390149,13,11,1176,1176,0,0,0,0,0,0,50,0,0,0,1390,detection,
1390372,22,14,1222,1222,0,0,0,0,0,0,21,0,0,0,1390,detection,
1390373,4,14,1222,1222,0,0,0,0,0,0,35,0,0,0,1390,detection,
1390376,21,14,1222,1222,0,0,0,0,0,0,22,0,0,0,1390,detection,
1390430,9,14,1222,1222,0,0,0,0,0,0,24,0,0,0,1390,detection,
1392121,22,6,472,472,0,15,0,0,0,0,5,0,0,0,1392,detection,
1392751,10,20,304,304,0,81,0,0,0,0,23,0,94,100,1392,detection,
1393495,4,26,872,572,300,0,51,77,68,15,64,0,48,40,1393,detection,
1393497,14,26,872,572,300,0,51,77,68,15,64,0,48,40,1393,detection,
1393499,22,26,872,572,300,0,70,100,94,66,33,0,68,75,1393,detection,
1393502,21,26,872,572,300,0,68,100,0,40,36,0,69,75,1393,detection,
1393557,9,26,872,572,300,0,57,100,76,33,52,0,58,40,1393,detection,
1394179,8,13,1558,1558,0,0,0,0,0,0,50,0,0,0,1394,detection,
1394556,1,22,565,565,0,0,0,0,0,0,7,0,0,0,1394,detection,
1394623,14,22,565,565,0,0,0,0,0,0,10,0,0,0,1394,detection,
1394625,21,22,565,565,0,0,0,0,0,0,7,0,0,0,1394,detection,
1394663,12,31,1195,895,300,0,61,100,0,27,45,0,63,40,1394,detection,
1394992,16,31,1195,895,300,0,65,100,87,40,39,0,69,55,1394,detection,
1395886,5,15,588,588,0,0,0,0,0,0,2,0,0,0,1395,detection,
1397908,17,3,1065,1065,0,0,0,0,0,0,59,0,0,0,1397,detection,
1398536,12,16,-1,-1,0,0,0,0,0,0,58,0,0,0,1398,detection,
1398575,2,16,-1,-1,0,0,0,0,0,0,58,0,0,0,1398,detection,
1400097,20,19,1171,1171,0,0,0,0,0,0,13,0,0,0,1400,detection,
1400110,6,19,1171,1171,0,0,0,0,0,0,36,0,0,0,1400,detection,
1400123,10,19,1171,1171,0,0,0,0,0,0,14,0,0,0,1400,detection,
1400147,13,19,1171,1171,0,0,0,0,0,0,13,0,0,0,1400,detection,
1400379,1,22,565,565,0,0,0,0,0,0,7,0,0,0,1400,detection,
1400497,14,22,565,565,0,0,0,0,0,0,10,0,0,0,1400,detection,
1400751,10,25,973,1273,-300,57,73,100,97,44,30,0,62,40,1400,detection,
1400756,19,25,973,1273,-300,57,70,100,94,0,33,0,62,40,1400,detection,
1400759,5,25,973,1273,-300,57,86,100,100,62,18,0,65,75,1400,detection,
1400775,13,25,973,1273,-300,57,73,100,97,11,30,0,62,40,1400,detection,
1400786,17,25,973,1273,-300,57,67,100,0,50,37,0,56,40,1400,detection,
1401133,5,21,560,560,0,0,0,0,0,0,5,0,0,0,1401,detection,
1402526,13,30,1176,1476,-300,0,62,100,0,18,44,0,64,40,1402,detection,
1402554,8,30,1176,1476,-300,0,63,100,0,54,43,0,66,55,1402,detection,
1402872,22,14,1263,1263,0,0,0,0,0,0,26,0,0,0,1402,detection,
1402872,4,14,1263,1263,0,0,0,0,0,0,35,0,0,0,1402,detection,
1404302,8,13,1176,1176,0,100,0,0,0,0,58,0,56,40,1404,detection,
1405126,1,23,769,1069,-300,17,77,100,0,22,26,0,75,75,1405,detection,
1405134,18,23,769,1069,-300,17,81,100,0,25,22,0,80,75,1405,detection,
1405161,17,23,769,1069,-300,17,69,100,0,60,34,0,71,75,1405,detection,
1405220,3,23,769,1069,-300,17,80,100,0,0,23,0,79,75,1405,detection,
1405238,6,23,769,1069,-300,17,63,100,0,0,42,0,66,55,1405,detection,
1405250,16,23,769,1069,-300,17,81,100,0,0,22,0,80,75,1405,detection,
1405251,22,23,769,1069,-300,17,81,100,0,37,22,0,80,75,1405,detection,
1406246,14,9,568,568,0,0,0,0,0,0,10,0,0,0,1406,detection,
1406774,13,8,1819,1819,0,0,0,0,0,0,43,0,0,0,1406,detection,
1407747,16,2,787,787,0,0,0,0,0,0,36,0,0,0,1407,detection,
1407952,2,12,979,979,0,0,0,0,0,0,41,0,0,0,1407,detection,
1407997,16,12,979,979,0,0,0,0,0,0,43,0,0,0,1407,detection,
1408328,11,17,994,994,0,0,0,0,0,0,29,0,0,0,1408,detection,
1408342,3,17,994,994,0,0,0,0,0,0,31,0,0,0,1408,detection,
1408400,13,17,994,994,0,0,0,0,0,0,28,0,0,0,1408,detection,
1408749,16,31,1645,1345,300,0,63,100,0,27,43,0,66,55,1408,detection,
1409862,6,19,1184,1184,0,0,0,0,0,0,37,0,0,0,1409,detection,
1410427,9,14,-1,-1,0,0,0,0,0,0,27,0,0,0,1410,detection,
1410494,4,14,-1,-1,0,0,0,0,0,0,39,0,0,0,1410,detection,
1410502,21,14,-1,-1,0,0,0,0,0,0,24,0,0,0,1410,detection,
1411752,19,25,1592,1292,300,0,69,100,93,10,34,0,71,55,1411,detection,
1411873,10,20,419,419,0,36,0,0,0,0,22,0,0,0,1411,detection,
1411877,19,20,419,419,0,36,0,0,0,0,25,0,0,0,1411,detection,
1412206,2,27,999,1299,-300,92,63,100,0,9,42,0,67,55,1412,detection,
1412251,16,27,999,1299,-300,92,63,98,84,27,42,0,67,55,1412,detection,
1412807,15,7,686,686,0,0,0,0,0,0,5,0,0,0,1412,detection,
1413121,14,4,1346,1346,0,0,0,0,0,0,50,50,68,55,1413,detection,
1413281,1,9,423,423,0,51,0,0,0,0,11,0,0,0,1413,detection,
1413308,15,9,423,423,0,51,0,0,0,0,7,0,0,0,1413,detection,
1413372,22,9,423,423,0,51,0,0,0,0,9,50,92,100,1413,detection,
1413375,14,9,423,423,0,51,0,0,0,0,15,50,92,100,1413,detection,
1413377,21,9,423,423,0,51,0,0,0,0,10,50,92,100,1413,detection,
1413878,19,30,1781,1481,300,0,53,80,71,46,60,0,58,40,1413,detection,
1413901,13,30,1781,1481,300,0,62,100,83,27,44,0,64,40,1413,detection,
1413930,8,30,1781,1481,300,0,63,97,84,0,43,0,66,55,1413,detection,
1414522,13,11,1354,1354,0,0,0,0,0,0,53,0,0,0,1414,detection,
1414625,19,11,1354,1354,0,0,0,0,0,0,64,0,0,0,1414,detection,
1414747,16,2,1322,1322,0,0,0,0,0,0,40,0,0,0,1414,detection,
1414787,12,2,1322,1322,0,0,0,0,0,0,45,0,0,0,1414,detection,
1414806,15,21,564,564,0,0,0,0,0,0,3,0,0,0,1414,detection,
1414806,9,21,564,564,0,0,0,0,0,0,7,0,0,0,1414,detection,
1414826,11,8,1819,1819,0,0,0,0,0,0,40,0,0,0,1414,detection,
1415052,8,13,1391,1391,0,0,0,0,0,0,55,0,0,0,1415,detection,
1415495,22,14,-1,-1,0,0,0,0,0,0,32,0,0,0,1415,detection,
1415496,4,14,-1,-1,0,0,0,0,0,0,40,0,0,0,1415,detection,
1415499,21,14,-1,-1,0,0,0,0,0,0,27,0,0,0,1415,detection,
1415786,17,29,557,857,-300,0,53,100,0,46,59,0,58,40,1415,detection,
1415826,2,29,557,857,-300,0,62,100,83,27,44,0,64,40,1415,detection,
1415830,11,29,557,857,-300,0,62,100,83,54,44,0,64,40,1415,detection,
1416509,1,23,1007,1307,-300,0,72,100,0,22,31,0,72,75,1416,detection,
1416535,17,23,1007,1307,-300,0,64,100,0,50,41,0,68,75,1416,detection,
1416594,3,23,1007,1307,-300,0,70,100,0,0,33,0,71,75,1416,detection,
1416617,6,23,1007,1307,-300,0,63,100,0,0,42,0,66,55,1416,detection,
1416623,16,23,1007,1307,-300,0,73,100,0,0,30,0,73,75,1416,detection,
1417076,2,3,1066,1066,0,0,0,0,0,0,49,0,0,0,1417,detection,
1417078,11,3,1066,1066,0,0,0,0,0,0,42,0,0,0,1417,detection,
1417121,16,3,1066,1066,0,0,0,0,0,0,47,0,0,0,1417,detection,
1417853,1,9,588,588,0,0,0,0,0,0,15,0,0,0,1417,detection,
1417875,21,9,588,588,0,0,0,0,0,0,15,0,0,0,1417,detection,
1417928,15,9,588,588,0,0,0,0,0,0,11,0,0,0,1417,detection,
1417986,1,28,909,1209,-300,0,82,100,0,62,21,0,80,75,1417,detection,
1418000,22,28,909,1209,-300,0,84,100,0,37,19,0,82,75,1418,detection,
1418013,5,28,909,1209,-300,0,87,100,0,37,17,0,82,75,1418,detection,
1418785,12,16,1129,1129,0,49,0,0,0,0,62,0,0,0,1418,detection,
1419056,15,21,564,564,0,0,0,0,0,0,4,0,0,0,1419,detection,
1419304,8,13,1391,1391,0,0,0,0,0,0,49,0,0,0,1419,detection,
1419628,21,22,541,541,0,0,0,0,0,0,10,0,0,0,1419,detection,
1419648,1,22,541,541,0,0,0,0,0,0,7,0,0,0,1419,detection,
1421497,22,14,1236,1236,0,0,0,0,0,0,34,50,68,55,1421,detection,
1421499,4,14,1236,1236,0,0,0,0,0,0,40,50,68,55,1421,detection,
1421501,21,14,1236,1236,0,0,0,0,0,0,27,50,68,55,1421,detection,
1421626,16,12,1683,1683,0,0,0,0,0,0,42,0,0,0,1421,detection,
1421701,2,12,1683,1683,0,0,0,0,0,0,41,0,0,0,1421,detection,
1422024,13,11,1380,1380,0,0,0,0,0,0,53,0,0,0,1422,detection,
1422033,17,11,1380,1380,0,0,0,0,0,0,55,0,0,0,1422,detection,
1422053,8,11,1380,1380,0,0,0,0,0,0,53,0,0,0,1422,detection,
1422995,1,23,1583,1283,300,0,72,100,96,33,31,0,72,75,1422,detection,
1422997,16,23,1583,1283,300,0,72,100,96,11,31,0,72,75,1422,detection,
1423036,17,23,1583,1283,300,0,63,100,84,45,42,0,66,75,1423,detection,
1423096,3,23,1583,1283,300,0,70,100,94,11,33,0,71,75,1423,detection,
1423113,6,23,1583,1283,300,0,63,100,84,9,42,0,66,55,1423,detection,
1423409,12,2,1489,1489,0,0,0,0,0,0,44,0,0,0,1423,detection,
1423466,3,2,1489,1489,0,0,0,0,0,0,44,0,0,0,1423,detection,
1423497,16,2,1489,1489,0,0,0,0,0,0,40,0,0,0,1423,detection,
1423882,5,21,564,564,0,0,0,0,0,0,2,0,0,0,1423,detection,
1423913,12,31,1034,1334,-300,78,61,100,82,36,45,0,63,40,1423,detection,
1423931,15,21,564,564,0,0,0,0,0,0,3,0,0,0,1423,detection,
1424001,16,31,1034,1334,-300,78,63,100,84,36,42,0,67,55,1424,detection,
1424535,17,19,1042,1042,0,0,0,0,0,0,37,0,0,0,1424,detection,
1424553,8,19,1042,1042,0,0,0,0,0,0,20,0,0,0,1424,detection,
1424595,20,19,1042,1042,0,0,0,0,0,0,14,0,0,0,1424,detection,
1424612,6,19,1042,1042,0,0,0,0,0,0,30,0,0,0,1424,detection,
1424624,10,19,1042,1042,0,0,0,0,0,0,15,0,0,0,1424,detection,
1424649,13,19,1042,1042,0,0,0,0,0,0,13,0,0,0,1424,detection,
1424827,2,16,1152,1152,0,40,0,0,0,0,57,0,0,0,1424,detection,
1424873,4,26,-301,-1,-300,100,49,74,65,21,69,0,49,40,1424,detection,
1424874,14,26,-301,-1,-300,100,48,73,65,0,70,0,49,40,1424,detection,
1424876,21,26,-301,-1,-300,100,57,100,76,33,52,0,56,40,1424,detection,
1424911,12,16,1152,1152,0,40,0,0,0,0,64,0,0,0,1424,detection,
1425105,1,22,541,541,0,0,0,0,0,0,7,0,0,0,1425,detection,
1425115,6,22,541,541,0,0,0,0,0,0,20,0,0,0,1425,detection,
1425120,14,22,541,541,0,0,0,0,0,0,10,0,0,0,1425,detection,
1425127,21,22,541,541,0,0,0,0,0,0,10,0,0,0,1425,detection,
1425181,9,22,541,541,0,0,0,0,0,0,7,0,0,0,1425,detection,
1426076,2,3,1075,1075,0,0,0,0,0,0,47,0,0,0,1426,detection,
1426078,11,3,1075,1075,0,0,0,0,0,0,41,0,0,0,1426,detection,
1426453,2,27,940,1240,-300,100,63,97,0,0,43,0,66,55,1426,detection,
1426501,16,27,940,1240,-300,100,63,100,0,27,43,0,66,55,1426,detection,
1426538,12,27,940,1240,-300,100,62,96,0,0,44,0,64,40,1426,detection,
1427768,7,24,160,460,-300,100,97,100,100,71,10,0,91,100,1427,detection,
1427769,1,24,160,460,-300,100,84,100,100,62,19,0,96,100,1427,detection,
1427811,15,24,160,460,-300,100,76,100,46,55,27,0,87,100,1427,detection,
1427876,10,24,160,460,-300,100,79,100,100,50,24,0,91,100,1427,detection,
1428373,21,15,587,587,0,0,0,0,0,0,13,0,0,0,1428,detection,
1428428,9,15,587,587,0,0,0,0,0,0,7,0,0,0,1428,detection,
1428658,17,28,1380,1080,300,0,74,100,99,44,29,0,74,75,1428,detection,
1428748,22,28,1380,1080,300,0,79,100,100,50,24,0,78,75,1428,detection,
1428752,1,28,1380,1080,300,0,76,100,100,55,27,0,75,75,1428,detection,
1428753,10,28,1380,1080,300,0,91,100,0,57,14,0,82,75,1428,detection,
1428756,19,28,1380,1080,300,0,71,100,95,44,32,0,71,75,1428,detection,
1428761,5,28,1380,1080,300,0,82,100,100,37,21,0,80,75,1428,detection,
1429237,6,11,1323,1323,0,0,0,0,0,0,54,0,0,0,1429,detection,
1429259,19,11,1323,1323,0,0,0,0,0,0,61,0,0,0,1429,detection,
1429274,13,11,1323,1323,0,0,0,0,0,0,52,0,0,0,1429,detection,
1429283,17,11,1323,1323,0,0,0,0,0,0,56,0,0,0,1429,detection,
1429303,8,11,1323,1323,0,0,0,0,0,0,52,0,0,0,1429,detection,
1431149,13,8,1978,1978,0,0,0,0,0,0,43,0,0,0,1431,detection,
1431302,8,13,1397,1397,0,0,0,0,0,0,47,0,0,0,1431,detection,
1431523,13,17,924,924,0,0,0,0,0,0,31,0,0,0,1431,detection,
1431743,1,22,541,541,0,0,0,0,0,0,7,0,0,0,1431,detection,
1431746,14,22,541,541,0,0,0,0,0,0,10,0,0,0,1431,detection,
1431752,21,22,541,541,0,0,0,0,0,0,10,0,0,0,1431,detection,
1431756,18,22,541,541,0,0,0,0,0,0,10,0,0,0,1431,detection,
1431807,9,22,541,541,0,0,0,0,0,0,8,0,0,0,1431,detection,
1432374,4,26,299,-1,300,100,51,77,68,30,64,0,49,40,1432,detection,
1432377,21,26,299,-1,300,100,61,100,81,45,46,0,62,40,1432,detection,
1432683,15,9,580,580,0,0,0,0,0,0,11,0,0,0,1432,detection,
1432719,1,9,580,580,0,0,0,0,0,0,16,0,0,0,1432,detection,
1434077,2,12,1761,1761,0,0,0,0,0,0,44,0,0,0,1434,detection,
1434311,1,28,751,1051,-300,17,77,100,100,55,26,0,75,75,1434,detection,
1434348,20,28,751,1051,-300,17,99,100,0,0,9,0,82,75,1434,detection,
1434374,10,28,751,1051,-300,17,90,100,100,71,15,0,78,75,1434,detection,
1435290,12,31,1526,1226,300,0,59,100,79,45,48,0,60,40,1435,detection,
1435373,16,31,1526,1226,300,0,59,100,79,45,48,0,60,40,1435,detection,
1435499,10,20,443,443,0,26,0,0,0,0,22,0,0,0,1435,detection,
1436578,2,29,1316,1616,-300,35,62,100,0,27,44,0,63,40,1436,detection,
1436623,16,29,1316,1616,-300,35,60,100,0,27,47,0,64,40,1436,detection,
1436661,17,29,1316,1616,-300,35,54,100,0,41,58,0,62,40,1436,detection,
1436775,13,25,451,751,-300,100,64,100,0,0,41,0,69,55,1436,detection,
1436950,2,3,1075,1075,0,0,0,0,0,0,46,0,0,0,1436,detection,
1436951,11,3,1075,1075,0,0,0,0,0,0,41,0,0,0,1436,detection,
1436990,6,3,1075,1075,0,0,0,0,0,0,43,0,0,0,1436,detection,
1436995,16,3,1075,1075,0,0,0,0,0,0,46,0,0,0,1436,detection,
1437003,19,3,1075,1075,0,0,0,0,0,0,53,0,0,0,1437,detection,
1437007,18,3,1075,1075,0,0,0,0,0,0,41,0,0,0,1437,detection,
1437176,8,13,935,935,0,0,0,0,0,0,46,0,0,0,1437,detection,
1437419,1,9,566,566,0,0,0,0,0,0,16,0,0,0,1437,detection,
1437430,15,9,566,566,0,0,0,0,0,0,11,0,0,0,1437,detection,
1437498,14,9,566,566,0,0,0,0,0,0,15,0,0,0,1437,detection,
1437501,21,9,566,566,0,0,0,0,0,0,15,0,0,0,1437,detection,
1437807,15,5,557,557,0,0,0,0,0,0,3,0,0,0,1437,detection,
1437877,21,5,557,557,0,0,0,0,0,0,10,0,0,0,1437,detection,
1437888,7,5,557,557,0,0,0,0,0,0,0,0,0,0,1437,detection,
1437890,1,5,557,557,0,0,0,0,0,0,7,0,0,0,1437,detection,
1438202,2,27,1614,1314,300,0,63,97,84,9,43,0,66,55,1438,detection,
1438251,16,27,1614,1314,300,0,63,100,84,36,43,0,66,55,1438,detection,
1438286,12,27,1614,1314,300,0,62,96,83,9,44,0,64,40,1438,detection,
1438970,1,28,1029,729,300,0,73,100,97,66,30,0,69,75,1438,detection,
1438973,20,28,1029,729,300,0,96,100,100,14,11,0,82,75,1438,detection,
1438999,10,28,1029,729,300,0,86,100,100,62,18,0,82,75,1438,detection,
1439004,19,28,1029,729,300,0,68,100,0,40,36,0,69,75,1439,detection,
1439012,5,28,1029,729,300,0,79,100,0,37,24,0,78,75,1439,detection,
1439034,12,16,1463,1463,0,0,0,0,0,0,61,0,0,0,1439,detection,
1439649,13,17,1156,1156,0,0,0,0,0,0,35,0,0,0,1439,detection,
1439723,20,17,1156,1156,0,0,0,0,0,0,25,0,0,0,1439,detection,
1440406,13,19,1236,1236,0,0,0,0,0,0,16,0,0,0,1440,detection,
1440479,20,19,1236,1236,0,0,0,0,0,0,17,0,0,0,1440,detection,
1440498,10,19,1236,1236,0,0,0,0,0,0,13,0,0,0,1440,detection,
1440787,12,2,1524,1524,0,0,0,0,0,0,44,0,0,0,1440,detection,
1441180,15,21,574,574,0,0,0,0,0,0,3,0,0,0,1441,detection,
1441181,9,21,574,574,0,0,0,0,0,0,10,0,0,0,1441,detection,
1441259,5,21,574,574,0,0,0,0,0,0,2,0,0,0,1441,detection,
1441649,13,30,1181,1481,-300,0,62,96,83,0,44,0,64,40,1441,detection,
1441917,1,22,532,532,0,0,0,0,0,0,7,0,0,0,1441,detection,
1441932,9,22,532,532,0,0,0,0,0,0,10,0,0,0,1441,detection,
1441987,6,22,532,532,0,0,0,0,0,0,23,0,0,0,1441,detection,
1441997,14,22,532,532,0,0,0,0,0,0,10,0,0,0,1441,detection,
1441999,21,22,532,532,0,0,0,0,0,0,10,0,0,0,1441,detection,
1442134,1,10,867,867,0,0,0,0,0,0,13,0,0,0,1442,detection,
1442135,5,10,867,867,0,0,0,0,0,0,13,0,0,0,1442,detection,
1442141,7,10,867,867,0,0,0,0,0,0,5,0,0,0,1442,detection,
1442996,22,26,1175,875,300,0,73,100,0,55,30,0,73,75,1442,detection,
1442997,4,26,1175,875,300,0,51,100,0,30,65,0,48,40,1442,detection,
1442999,14,26,1175,875,300,0,49,74,65,7,69,0,48,40,1442,detection,
1443246,22,6,491,491,0,8,0,0,0,0,7,0,0,0,1443,detection,
1443327,11,6,491,491,0,8,0,0,0,0,10,0,0,0,1443,detection,
1443345,3,6,491,491,0,8,0,0,0,0,15,0,0,0,1443,detection,
1443378,19,11,1230,1230,0,0,0,0,0,0,60,0,0,0,1443,detection,
1443399,13,11,1230,1230,0,0,0,0,0,0,50,0,0,0,1443,detection,
1443955,2,27,1011,1311,-300,100,63,97,84,0,43,0,66,55,1443,detection,
1444007,18,27,1011,1311,-300,100,66,100,0,30,38,0,72,55,1444,detection,
1444786,12,16,1463,1463,0,0,0,0,0,0,58,0,0,0,1444,detection,
1444825,2,16,1463,1463,0,0,0,0,0,0,58,0,0,0,1444,detection,
1444847,3,16,1463,1463,0,0,0,0,0,0,44,0,0,0,1444,detection,
1444883,18,16,1463,1463,0,0,0,0,0,0,37,0,0,0,1444,detection,
1445929,15,9,560,560,0,0,0,0,0,0,11,0,0,0,1445,detection,
1445983,1,9,560,560,0,0,0,0,0,0,16,0,0,0,1445,detection,
1446122,4,14,1445,1445,0,0,0,0,0,0,44,0,0,0,1446,detection,
1446126,21,14,1445,1445,0,0,0,0,0,0,30,0,0,0,1446,detection,
1446471,20,19,1236,1236,0,0,0,0,0,0,17,0,0,0,1446,detection,
1446497,10,19,1236,1236,0,0,0,0,0,0,13,0,0,0,1446,detection,
1446705,2,29,2142,1842,300,0,62,100,83,36,44,0,64,40,1446,detection,
1446747,14,4,1928,1928,0,0,0,0,0,0,52,0,0,0,1446,detection,
1446748,16,29,2142,1842,300,0,60,100,80,36,47,0,62,40,1446,detection,
1446861,6,3,1295,1295,0,0,0,0,0,0,48,0,0,0,1446,detection,
1446878,19,3,1295,1295,0,0,0,0,0,0,55,0,0,0,1446,detection,
1446911,17,3,1295,1295,0,0,0,0,0,0,59,0,0,0,1446,detection,
1446950,11,3,1295,1295,0,0,0,0,0,0,42,0,0,0,1446,detection,
1447635,5,24,765,465,300,0,93,100,0,42,13,0,82,75,1447,detection,
1447648,13,8,1617,1617,0,0,0,0,0,0,43,0,0,0,1447,detection,
1447718,3,18,642,642,0,0,0,0,0,0,39,0,0,0,1447,detection,
1447875,19,17,1222,1222,0,0,0,0,0,0,41,0,0,0,1447,detection,
1447900,13,17,1222,1222,0,0,0,0,0,0,35,0,0,0,1447,detection,
1447973,20,17,1222,1222,0,0,0,0,0,0,26,0,0,0,1447,detection,
1447999,22,26,570,870,-300,100,75,100,100,55,28,0,87,100,1447,detection,
1448000,4,26,570,870,-300,100,53,100,71,38,60,0,56,40,1448,detection,
1448002,21,26,570,870,-300,100,58,100,78,41,50,0,56,40,1448,detection,
1448007,18,26,570,870,-300,100,86,100,0,25,18,0,97,100,1448,detection,
1448057,9,26,570,870,-300,100,59,100,78,36,49,0,57,40,1448,detection,
1448717,3,2,1481,1481,0,0,0,0,0,0,44,0,0,0,1448,detection,
1448788,12,2,1481,1481,0,0,0,0,0,0,44,0,0,0,1448,detection,
1449122,22,6,517,517,0,0,0,0,0,0,7,0,0,0,1449,detection,
1449148,13,25,922,1222,-300,100,57,100,0,0,52,0,56,40,1449,detection,
1451123,4,14,1481,1481,0,0,0,0,0,0,44,0,0,0,1451,detection,
1451126,21,14,1481,1481,0,0,0,0,0,0,25,0,0,0,1451,detection,
1451306,9,22,528,528,0,0,0,0,0,0,10,0,0,0,1451,detection,
1451375,21,22,528,528,0,0,0,0,0,0,10,0,0,0,1451,detection,
1452162,1,28,1351,1051,300,0,75,100,0,55,28,0,75,75,1452,detection,
1452221,20,28,1351,1051,300,0,87,100,0,12,17,0,82,75,1452,detection,
1452251,10,28,1351,1051,300,0,81,100,0,62,22,0,80,75,1452,detection,
1452252,19,28,1351,1051,300,0,64,100,0,40,41,0,68,75,1452,detection,
1452261,5,28,1351,1051,300,0,76,100,0,33,27,0,75,75,1452,detection,
1452913,12,31,1662,1362,300,0,60,100,0,45,47,0,62,40,1452,detection,
1456273,1,9,573,573,0,0,0,0,0,0,15,0,0,0,1456,detection,
1456327,2,16,1572,1572,0,0,0,0,0,0,55,0,0,0,1456,detection,
1456373,14,9,573,573,0,0,0,0,0,0,15,0,0,0,1456,detection,
1456749,10,25,1551,1251,300,0,65,100,87,50,39,0,69,55,1456,detection,
1456774,13,25,1551,1251,300,0,53,81,71,0,59,0,60,40,1456,detection,
1456806,15,21,561,561,0,0,0,0,0,0,2,0,0,0,1456,detection,
1456871,14,21,561,561,0,0,0,0,0,0,10,0,0,0,1456,detection,
1456873,22,21,561,561,0,0,0,0,0,0,7,0,0,0,1456,detection,
1456885,5,21,561,561,0,0,0,0,0,0,1,0,0,0,1456,detection,
1457254,10,28,751,1051,-300,17,81,100,100,62,22,0,80,75,1457,detection,
1457272,1,28,751,1051,-300,17,75,100,100,55,28,0,75,75,1457,detection,
1458873,16,31,1062,1362,-300,0,59,100,79,45,48,0,60,40,1458,detection,
1458881,18,31,1062,1362,-300,0,62,100,0,9,44,0,64,40,1458,detection,
1459148,13,17,1182,1182,0,0,0,0,0,0,34,0,0,0,1459,detection,
1459200,11,17,1182,1182,0,0,0,0,0,0,31,0,0,0,1459,detection,
1459749,14,4,1652,1652,0,0,0,0,0,0,52,0,0,0,1459,detection,
1459749,16,27,441,741,-300,100,61,94,81,0,46,0,62,40,1459,detection,
1459804,8,13,1229,1229,0,81,0,0,0,0,55,50,98,100,1459,detection,
1461247,16,18,991,991,0,0,0,0,0,0,43,0,0,0,1461,detection,
1461374,10,19,1313,1313,0,0,0,0,0,0,16,0,0,0,1461,detection,
1461399,13,19,1313,1313,0,0,0,0,0,0,20,0,0,0,1461,detection,
1461427,8,19,1313,1313,0,0,0,0,0,0,23,0,0,0,1461,detection,
1461472,20,19,1313,1313,0,0,0,0,0,0,14,0,0,0,1461,detection,
1461485,6,19,1313,1313,0,0,0,0,0,0,38,0,0,0,1461,detection,
1461747,16,3,1146,1146,0,0,0,0,0,0,41,0,0,0,1461,detection,
1462249,4,26,1170,870,300,0,53,100,71,46,60,0,58,40,1462,detection,
1462252,21,26,1170,870,300,0,58,100,78,41,50,0,58,40,1462,detection,
1462306,9,26,1170,870,300,0,60,100,80,36,47,0,62,40,1462,detection,
1462386,5,25,915,1215,-300,0,77,100,0,44,26,0,75,75,1462,detection,
1462481,20,25,915,1215,-300,0,81,100,0,50,22,0,80,75,1462,detection,
1462501,10,25,915,1215,-300,0,65,100,86,60,40,0,69,55,1462,detection,
1462506,19,25,915,1215,-300,0,64,100,85,20,41,0,68,55,1462,detection,
1463348,20,6,563,563,0,0,0,0,0,0,9,0,0,0,1463,detection,
1463372,10,6,563,563,0,0,0,0,0,0,10,0,0,0,1463,detection,
1463376,19,6,563,563,0,0,0,0,0,0,29,0,0,0,1463,detection,
1463385,5,6,563,563,0,0,0,0,0,0,12,0,0,0,1463,detection,
1464123,16,29,1459,1759,-300,0,61,100,81,36,46,0,63,40,1464,detection,
1465995,22,18,1184,1184,0,0,0,0,0,0,41,0,0,0,1465,detection,
1465999,16,18,1184,1184,0,0,0,0,0,0,42,0,0,0,1465,detection,
1466093,3,18,1184,1184,0,0,0,0,0,0,46,0,0,0,1466,detection,
1467123,16,31,2310,2010,300,0,59,100,79,45,48,0,60,40,1467,detection,
1467132,18,31,2310,2010,300,0,61,100,81,18,46,0,63,40,1467,detection,
1467164,12,31,2310,2010,300,0,63,100,0,36,43,0,66,55,1467,detection,
1467472,20,19,1075,1075,0,0,0,0,0,0,17,0,0,0,1467,detection,
1467489,6,19,1075,1075,0,0,0,0,0,0,40,0,0,0,1467,detection,
1467497,10,19,1075,1075,0,0,0,0,0,0,19,0,0,0,1467,detection,
1467522,13,19,1075,1075,0,0,0,0,0,0,23,0,0,0,1467,detection,
1467554,8,19,1075,1075,0,0,0,0,0,0,27,0,0,0,1467,detection,
1467579,11,19,1075,1075,0,0,0,0,0,0,28,0,0,0,1467,detection,
1468626,1,22,554,554,0,0,0,0,0,0,7,0,0,0,1468,detection,
1468631,18,22,554,554,0,0,0,0,0,0,10,0,0,0,1468,detection,
1468678,9,22,554,554,0,0,0,0,0,0,10,0,0,0,1468,detection,
1468745,14,22,554,554,0,0,0,0,0,0,10,0,0,0,1468,detection,
1468751,21,22,554,554,0,0,0,0,0,0,10,0,0,0,1468,detection,
1468784,12,16,850,850,0,0,0,0,0,0,55,0,0,0,1468,detection,
1469202,2,3,1370,1370,0,0,0,0,0,0,50,0,0,0,1469,detection,
1471003,19,30,1757,1457,300,0,53,100,0,46,59,0,58,40,1471,detection,
1471328,11,13,1284,1284,0,59,0,0,0,0,50,0,0,0,1471,detection,
1472298,1,23,1055,1355,-300,100,65,100,87,30,39,0,71,75,1472,detection,
1472371,10,19,1049,1049,0,0,0,0,0,0,19,0,0,0,1472,detection,
1472373,22,23,1055,1355,-300,100,72,100,0,33,31,0,82,75,1472,detection,
1472376,16,23,1055,1355,-300,100,67,100,89,20,37,0,74,75,1472,detection,
1472385,18,23,1055,1355,-300,100,76,100,0,22,27,0,87,100,1472,detection,
1472428,8,19,1049,1049,0,0,0,0,0,0,27,0,0,0,1472,detection,
1472750,16,12,1776,1776,0,0,0,0,0,0,45,0,0,0,1472,detection,
1474134,18,31,1675,1975,-300,0,61,100,81,27,46,0,63,40,1474,detection,
1474162,12,31,1675,1975,-300,0,63,100,84,36,42,0,66,55,1474,detection,
1474317,1,28,1441,1141,300,0,76,100,100,55,27,0,75,75,1474,detection,
1474350,20,28,1441,1141,300,0,86,100,0,12,18,0,82,75,1474,detection,
1474985,1,24,165,465,-300,100,83,100,0,62,20,0,97,100,1474,detection,
1475002,21,24,165,465,-300,100,91,100,100,71,14,0,91,100,1475,detection,
1475012,5,24,165,465,-300,100,94,100,100,42,12,0,96,100,1475,detection,
1475018,7,24,165,465,-300,100,99,100,0,71,9,0,92,100,1475,detection,
1475061,15,24,165,465,-300,100,79,100,0,62,24,0,92,100,1475,detection,
1476304,8,11,1322,1322,0,0,0,0,0,0,50,0,0,0,1476,detection,
1476805,9,14,1378,1378,0,0,0,0,0,0,35,0,0,0,1476,detection,
1478199,2,3,1351,1351,0,0,0,0,0,0,50,0,0,0,1478,detection,
1478200,11,3,1351,1351,0,0,0,0,0,0,47,0,0,0,1478,detection,
1478239,6,3,1351,1351,0,0,0,0,0,0,59,0,0,0,1478,detection,
1478247,16,3,1351,1351,0,0,0,0,0,0,51,0,0,0,1478,detection,
1478252,19,3,1351,1351,0,0,0,0,0,0,63,0,0,0,1478,detection,
1478256,18,3,1351,1351,0,0,0,0,0,0,47,0,0,0,1478,detection,
1478286,17,3,1351,1351,0,0,0,0,0,0,64,0,0,0,1478,detection,
1478580,2,27,1472,1772,-300,0,62,100,0,0,44,0,64,40,1478,detection,
1478598,20,25,1456,1156,300,0,81,100,100,62,22,0,80,75,1478,detection,
1478628,16,27,1472,1772,-300,0,60,100,0,0,47,0,65,55,1478,detection,
1478629,19,25,1456,1156,300,0,64,100,85,30,41,0,68,55,1478,detection,
1478632,18,27,1472,1772,-300,0,63,100,0,27,43,0,66,55,1478,detection,
1478636,5,25,1456,1156,300,0,77,100,100,44,26,0,75,75,1478,detection,
1478652,13,25,1456,1156,300,0,54,100,0,0,57,0,60,40,1478,detection,
1478665,12,27,1472,1772,-300,0,62,96,83,0,44,0,64,40,1478,detection,
1478666,17,25,1456,1156,300,0,62,100,83,45,44,0,64,40,1478,detection,
1478953,2,12,1709,1709,0,0,0,0,0,0,44,0,0,0,1478,detection,
1478998,10,20,473,473,0,15,0,0,0,0,20,0,0,0,1478,detection,
1479005,19,20,473,473,0,15,0,0,0,0,25,0,0,0,1479,detection,
1481747,16,18,1035,1035,0,0,0,0,0,0,41,0,0,0,1481,detection,
1481754,22,18,1035,1035,0,0,0,0,0,0,35,0,0,0,1481,detection,
1482023,13,17,1145,1145,0,0,0,0,0,0,34,0,0,0,1482,detection,
1482075,11,17,1145,1145,0,0,0,0,0,0,31,0,0,0,1482,detection,
1482093,3,17,1145,1145,0,0,0,0,0,0,36,0,0,0,1482,detection,
1482097,20,17,1145,1145,0,0,0,0,0,0,26,0,0,0,1482,detection,
1482114,6,17,1145,1145,0,0,0,0,0,0,38,0,0,0,1482,detection,
1482127,19,17,1145,1145,0,0,0,0,0,0,41,0,0,0,1482,detection,
1482749,21,15,633,633,0,0,0,0,0,0,13,0,0,0,1482,detection,
1482759,5,15,633,633,0,0,0,0,0,0,2,0,0,0,1482,detection,
1482765,7,15,633,633,0,0,0,0,0,0,0,0,0,0,1482,detection,
1484126,10,28,468,768,-300,17,83,100,0,50,20,0,82,75,1484,detection,
1484127,19,28,468,768,-300,17,61,100,82,36,45,0,63,40,1484,detection,
1484626,21,14,1378,1378,0,0,0,0,0,0,27,0,0,0,1484,detection,
1484680,9,14,1378,1378,0,0,0,0,0,0,34,0,0,0,1484,detection,
1484756,18,16,1599,1599,0,0,0,0,0,0,42,0,0,0,1484,detection,
1484787,12,16,1599,1599,0,0,0,0,0,0,49,0,0,0,1484,detection,
1484826,2,16,1599,1599,0,0,0,0,0,0,53,0,0,0,1484,detection,
1484845,3,16,1599,1599,0,0,0,0,0,0,47,0,0,0,1484,detection,
1485636,5,21,558,558,0,0,0,0,0,0,1,0,0,0,1485,detection,
1485998,14,4,1933,1933,0,0,0,0,0,0,52,0,0,0,1485,detection,
1486037,12,31,2126,1826,300,0,64,100,85,40,41,0,68,55,1486,detection,
1486125,16,31,2126,1826,300,0,63,100,0,45,43,0,66,55,1486,detection,
1486133,18,31,2126,1826,300,0,63,100,84,27,42,0,66,55,1486,detection,
1486345,3,23,1068,768,300,0,67,100,0,10,37,0,69,75,1486,detection,
1486361,1,23,1068,768,300,0,64,100,85,40,41,0,68,75,1486,detection,
1486374,16,23,1068,768,300,0,66,100,88,30,38,0,69,75,1486,detection,
1486383,18,23,1068,768,300,0,76,100,100,33,27,0,75,75,1486,detection,
1486429,9,15,620,620,0,0,0,0,0,0,10,0,0,0,1486,detection,
1486453,2,29,1721,1421,300,0,63,100,0,36,43,0,66,55,1486,detection,
1486498,16,29,1721,1421,300,0,61,100,82,45,45,0,63,40,1486,detection,
1487828,2,12,2182,2182,0,0,0,0,0,0,44,0,0,0,1487,detection,
1487872,16,12,2182,2182,0,0,0,0,0,0,44,0,0,0,1487,detection,
1487930,15,9,560,560,0,0,0,0,0,0,10,0,0,0,1487,detection,
1487987,1,9,560,560,0,0,0,0,0,0,11,0,0,0,1487,detection,
1487997,22,9,560,560,0,0,0,0,0,0,16,0,0,0,1487,detection,
1487999,14,9,560,560,0,0,0,0,0,0,14,0,0,0,1487,detection,
1488001,21,9,560,560,0,0,0,0,0,0,14,0,0,0,1488,detection,
1488103,1,10,468,468,0,100,0,0,0,0,24,0,92,100,1488,detection,
1488136,5,10,468,468,0,100,0,0,0,0,24,0,92,100,1488,detection,
1488139,7,10,468,468,0,100,0,0,0,0,16,0,97,100,1488,detection,
1488223,20,10,468,468,0,100,0,0,0,0,24,0,92,100,1488,detection,
1488375,10,25,622,922,-300,39,65,100,0,50,40,0,58,40,1488,detection,
1488387,5,25,622,922,-300,39,74,100,99,55,29,0,63,40,1488,detection,
1488720,20,19,724,724,0,0,0,0,0,0,22,0,0,0,1488,detection,
1488750,10,19,724,724,0,0,0,0,0,0,25,0,0,0,1488,detection,
1488775,13,19,724,724,0,0,0,0,0,0,28,0,0,0,1488,detection,
1488803,8,19,724,724,0,0,0,0,0,0,28,0,0,0,1488,detection,
1489074,2,3,1351,1351,0,0,0,0,0,0,49,0,0,0,1489,detection,
1489075,11,3,1351,1351,0,0,0,0,0,0,44,0,0,0,1489,detection,
1489126,19,3,1351,1351,0,0,0,0,0,0,64,0,0,0,1489,detection,
1489161,17,3,1351,1351,0,0,0,0,0,0,64,0,0,0,1489,detection,
1490929,8,30,878,1178,-300,0,65,100,87,10,39,0,69,55,1490,detection,
1491005,19,30,878,1178,-300,0,55,100,74,50,55,0,58,40,1491,detection,
1491024,13,30,878,1178,-300,0,63,100,0,0,43,0,66,55,1491,detection,
1491664,12,16,1515,1515,0,0,0,0,0,0,47,0,0,0,1491,detection,
1491680,15,21,558,558,0,0,0,0,0,0,2,0,0,0,1491,detection,
1491681,9,21,558,558,0,0,0,0,0,0,10,0,0,0,1491,detection,
1491704,2,16,1515,1515,0,0,0,0,0,0,50,0,0,0,1491,detection,
1491718,3,16,1515,1515,0,0,0,0,0,0,42,0,0,0,1491,detection,
1491749,14,21,558,558,0,0,0,0,0,0,10,0,0,0,1491,detection,
1491864,1,23,212,512,-300,100,63,100,84,36,42,0,67,75,1491,detection,
1491866,6,23,212,512,-300,100,57,100,76,16,52,0,56,40,1491,detection,
1491873,16,23,212,512,-300,100,65,100,87,40,39,0,71,75,1491,detection,
1491874,22,23,212,512,-300,100,68,100,0,20,35,0,77,75,1491,detection,
1491912,17,23,212,512,-300,100,61,100,81,45,46,0,62,40,1491,detection,
1491972,3,23,212,512,-300,100,71,100,95,22,32,0,81,75,1491,detection,
1492120,22,6,537,537,0,0,0,0,0,0,7,0,0,0,1492,detection,
1493080,2,27,1791,1491,300,0,62,100,83,9,44,0,64,40,1493,detection,
1493132,18,27,1791,1491,300,0,63,100,84,27,43,0,66,55,1493,detection,
1493148,13,8,1647,1647,0,0,0,0,0,0,43,0,0,0,1493,detection,
1493165,12,27,1791,1491,300,0,62,96,83,9,44,0,64,40,1493,detection,
1493201,11,8,1647,1647,0,0,0,0,0,0,44,0,0,0,1493,detection,
1493227,1,28,812,512,300,0,72,100,0,55,31,0,72,75,1493,detection,
1493248,10,28,812,512,300,0,81,100,100,50,22,0,80,75,1493,detection,
1493248,22,28,812,512,300,0,73,100,0,33,30,0,73,75,1493,detection,
1493262,5,28,812,512,300,0,71,100,0,22,32,0,71,75,1493,detection,
1493263,19,28,812,512,300,0,61,100,82,36,45,0,63,40,1493,detection,
1493346,20,28,812,512,300,0,81,100,0,12,22,0,80,75,1493,detection,
1493751,10,25,1222,922,300,0,64,100,85,50,41,0,68,55,1493,detection,
1493753,19,25,1222,922,300,0,62,100,0,27,44,0,64,40,1493,detection,
1493760,5,25,1222,922,300,0,75,100,100,55,28,0,75,55,1493,detection,
1493776,13,25,1222,922,300,0,58,100,0,0,50,0,60,40,1493,detection,
1493786,17,25,1222,922,300,0,59,100,0,45,48,0,60,40,1493,detection,
1493997,16,29,1312,1612,-300,4,62,100,83,45,44,50,87,100,1493,detection,
1494035,17,29,1312,1612,-300,4,56,86,0,0,54,50,98,100,1494,detection,
1494077,2,29,1312,1612,-300,4,65,100,87,40,39,0,69,55,1494,detection,
1494499,16,12,2061,2061,0,0,0,0,0,0,40,0,0,0,1494,detection,
1494578,2,12,2061,2061,0,0,0,0,0,0,40,0,0,0,1494,detection,
1494579,11,19,1093,1093,0,0,0,0,0,0,32,0,0,0,1494,detection,
1494595,20,19,1093,1093,0,0,0,0,0,0,23,0,0,0,1494,detection,
1494612,6,19,1093,1093,0,0,0,0,0,0,45,0,0,0,1494,detection,
1494625,10,19,1093,1093,0,0,0,0,0,0,27,0,0,0,1494,detection,
1494651,13,19,1093,1093,0,0,0,0,0,0,29,0,0,0,1494,detection,
1494678,8,19,1093,1093,0,0,0,0,0,0,28,0,0,0,1494,detection,
1495643,5,7,590,590,0,0,0,0,0,0,7,0,0,0,1495,detection,
1496413,12,2,2016,2016,0,0,0,0,0,0,43,0,0,0,1496,detection,
1496467,3,2,2016,2016,0,0,0,0,0,0,46,0,0,0,1496,detection,
1497390,7,10,851,851,0,0,0,0,0,0,19,0,0,0,1497,detection,
1497391,1,10,851,851,0,0,0,0,0,0,26,0,0,0,1497,detection,
1498621,14,22,523,523,0,0,0,0,0,0,10,0,0,0,1498,detection,
1498673,1,22,523,523,0,0,0,0,0,0,7,0,0,0,1498,detection,
1498682,9,22,523,523,0,0,0,0,0,0,10,0,0,0,1498,detection,
1500078,11,8,1574,1574,0,0,0,0,0,0,44,0,0,0,1500,detection,
1500576,2,12,2339,2339,0,0,0,0,0,0,44,0,0,0,1500,detection,
1500746,4,26,610,910,-300,85,53,81,71,0,59,0,56,40,1500,detection,
1500748,14,26,610,910,-300,85,50,75,66,14,67,0,49,40,1500,detection,
1500754,21,26,610,910,-300,85,59,100,79,45,48,0,59,40,1500,detection,
1500761,18,26,610,910,-300,85,87,100,0,25,17,0,97,100,1500,detection,
1501830,2,29,1908,1608,300,0,66,100,88,40,38,0,69,55,1501,detection,
1501845,3,29,1908,1608,300,0,59,92,0,0,48,50,98,100,1501,detection,
1501875,16,29,1908,1608,300,0,62,100,83,54,44,100,99,100,1501,detection,
1502629,1,10,842,842,0,0,0,0,0,0,25,0,0,0,1502,detection,
1502633,5,10,842,842,0,0,0,0,0,0,26,0,0,0,1502,detection,
1503266,1,28,212,512,-300,100,71,100,95,55,32,0,81,75,1503,detection,
1503291,17,28,212,512,-300,100,71,100,95,0,32,0,81,75,1503,detection,
1503700,11,19,985,985,0,0,0,0,0,0,36,0,0,0,1503,detection,
1503720,3,19,985,985,0,0,0,0,0,0,31,0,0,0,1503,detection,
1503721,20,19,985,985,0,0,0,0,0,0,26,0,0,0,1503,detection,
1503738,6,19,985,985,0,0,0,0,0,0,48,0,0,0,1503,detection,
1503785,17,19,985,985,0,0,0,0,0,0,36,0,0,0,1503,detection,
1503799,8,19,985,985,0,0,0,0,0,0,31,0,0,0,1503,detection,
1503876,16,31,1142,1442,-300,0,61,100,81,45,46,0,63,40,1503,detection,
1503884,18,31,1142,1442,-300,0,61,100,82,36,45,0,63,40,1503,detection,
1503912,12,31,1142,1442,-300,0,62,100,83,45,44,0,64,40,1503,detection,
1504622,14,4,1635,1635,0,0,0,0,0,0,50,0,0,0,1504,detection,
1505411,12,2,1969,1969,0,0,0,0,0,0,43,0,0,0,1505,detection,
1506052,1,23,837,537,300,0,67,100,89,50,37,0,69,75,1506,detection,
1506095,3,23,837,537,300,0,71,100,95,33,32,0,71,75,1506,detection,
1506113,6,23,837,537,300,0,57,100,76,25,52,0,58,40,1506,detection,
1506126,22,23,837,537,300,0,69,100,93,30,34,0,71,75,1506,detection,
1506133,18,23,837,537,300,0,77,100,0,33,26,0,75,75,1506,detection,
1507827,2,12,1708,1708,0,0,0,0,0,0,43,0,0,0,1507,detection,
1507872,16,12,1708,1708,0,0,0,0,0,0,43,0,0,0,1507,detection,
1509468,3,16,1476,1476,0,0,0,0,0,0,42,0,0,0,1509,detection,
1509506,18,16,1476,1476,0,0,0,0,0,0,42,0,0,0,1509,detection,
1509578,11,13,1069,1069,0,25,0,0,0,0,51,0,0,0,1509,detection,
1509679,8,13,1069,1069,0,25,0,0,0,0,56,0,0,0,1509,detection,
1510125,16,31,1684,1384,300,0,61,100,82,54,45,0,63,40,1510,detection,
1510134,18,31,1684,1384,300,0,61,100,82,45,45,0,63,40,1510,detection,
1510162,12,31,1684,1384,300,0,62,100,83,45,44,0,64,40,1510,detection,
1511678,8,30,1845,1545,300,0,63,98,84,18,42,0,66,55,1511,detection,
1511703,11,30,1845,1545,300,0,63,100,84,18,43,0,66,75,1511,detection,
1511754,19,30,1845,1545,300,0,54,100,72,50,58,0,58,40,1511,detection,
1511773,13,30,1845,1545,300,0,63,100,84,9,42,0,66,55,1511,detection,
1511995,22,18,958,958,0,0,0,0,0,0,35,0,0,0,1511,detection,
1512123,14,4,1609,1609,0,0,0,0,0,0,49,0,0,0,1512,detection,
1512408,17,19,985,985,0,0,0,0,0,0,36,0,0,0,1512,detection,
1512428,8,19,985,985,0,0,0,0,0,0,31,0,0,0,1512,detection,
1512451,11,19,985,985,0,0,0,0,0,0,35,0,0,0,1512,detection,
1512469,3,19,985,985,0,0,0,0,0,0,31,0,0,0,1512,detection,
1512473,20,19,985,985,0,0,0,0,0,0,25,0,0,0,1512,detection,
1512490,6,19,985,985,0,0,0,0,0,0,47,0,0,0,1512,detection,
1512498,10,19,985,985,0,0,0,0,0,0,30,0,0,0,1512,detection,
1512523,13,19,985,985,0,0,0,0,0,0,31,0,0,0,1512,detection,
1512598,20,25,663,963,-300,23,78,100,100,55,25,0,75,75,1512,detection,
1512623,10,25,663,963,-300,23,68,100,92,50,35,0,69,55,1512,detection,
1512629,19,25,663,963,-300,23,62,100,83,36,44,0,64,40,1512,detection,
1512636,5,25,663,963,-300,23,75,100,100,66,28,0,69,55,1512,detection,
1512648,13,25,663,963,-300,23,59,100,79,9,48,0,64,40,1512,detection,
1512680,17,25,663,963,-300,23,60,100,80,45,47,0,62,40,1512,detection,
1513826,11,8,1724,1724,0,0,0,0,0,0,43,0,0,0,1513,detection,
1513897,13,8,1724,1724,0,0,0,0,0,0,39,0,0,0,1513,detection,
1515119,4,14,1261,1261,0,0,0,0,0,0,43,0,0,0,1515,detection,
1515123,22,14,1261,1261,0,0,0,0,0,0,39,0,0,0,1515,detection,
1515127,21,14,1261,1261,0,0,0,0,0,0,26,0,0,0,1515,detection,
1515181,9,14,1261,1261,0,0,0,0,0,0,34,0,0,0,1515,detection,
1515677,8,13,1080,1080,0,0,0,0,0,0,53,0,0,0,1515,detection,
1515700,11,13,1080,1080,0,0,0,0,0,0,45,0,0,0,1515,detection,
1516199,2,12,2213,2213,0,0,0,0,0,0,43,0,0,0,1516,detection,
1516752,19,25,1263,963,300,0,63,100,84,45,43,0,66,55,1516,detection,
1516918,1,10,842,842,0,0,0,0,0,0,24,0,0,0,1516,detection,
1516974,20,10,842,842,0,0,0,0,0,0,26,0,0,0,1516,detection,
1517704,11,29,1186,1486,-300,0,62,100,0,45,44,0,64,40,1517,detection,
1517720,3,29,1186,1486,-300,0,58,89,77,8,51,0,60,40,1517,detection,
1517749,16,29,1186,1486,-300,0,65,100,87,60,39,0,69,75,1517,detection,
1518774,13,19,1010,1010,0,0,0,0,0,0,28,0,0,0,1518,detection,
1519499,16,2,1969,1969,0,0,0,0,0,0,40,0,0,0,1519,detection,
1519535,12,2,1969,1969,0,0,0,0,0,0,38,0,0,0,1519,detection,
1520004,19,30,777,1077,-300,55,54,100,72,50,58,0,63,40,1520,detection,
1520023,13,30,777,1077,-300,55,63,100,84,18,42,0,62,40,1520,detection,
1520056,8,30,777,1077,-300,55,63,98,84,0,42,0,62,40,1520,detection,
1520080,11,30,777,1077,-300,55,63,100,84,27,42,0,62,40,1520,detection,
1520740,6,11,1049,1049,0,0,0,0,0,0,59,0,0,0,1520,detection,
1520752,19,11,1049,1049,0,0,0,0,0,0,64,0,0,0,1520,detection,
1520772,13,11,1049,1049,0,0,0,0,0,0,51,0,0,0,1520,detection,
1520805,8,11,1049,1049,0,0,0,0,0,0,51,0,0,0,1520,detection,
1522272,13,19,981,981,0,0,0,0,0,0,27,0,0,0,1522,detection,
1522281,17,19,981,981,0,0,0,0,0,0,35,0,0,0,1522,detection,
1522304,8,19,981,981,0,0,0,0,0,0,30,0,0,0,1522,detection,
1522333,11,19,981,981,0,0,0,0,0,0,31,0,0,0,1522,detection,
1522342,3,19,981,981,0,0,0,0,0,0,26,0,0,0,1522,detection,
1522346,20,19,981,981,0,0,0,0,0,0,25,0,0,0,1522,detection,
1522362,6,19,981,981,0,0,0,0,0,0,47,0,0,0,1522,detection,
1522375,10,19,981,981,0,0,0,0,0,0,25,0,0,0,1522,detection,
1522555,8,13,1048,1048,0,0,0,0,0,0,51,0,0,0,1522,detection,
1522578,11,13,1048,1048,0,0,0,0,0,0,44,0,0,0,1522,detection,
1523007,18,3,1393,1393,0,0,0,0,0,0,49,0,0,0,1523,detection,
1523033,17,3,1393,1393,0,0,0,0,0,0,64,0,0,0,1523,detection,
1523075,11,3,1393,1393,0,0,0,0,0,0,44,0,0,0,1523,detection,
1523078,2,3,1393,1393,0,0,0,0,0,0,48,0,0,0,1523,detection,
1523126,19,3,1393,1393,0,0,0,0,0,0,64,0,0,0,1523,detection,
1523134,18,27,1205,1505,-300,33,63,100,84,36,42,0,64,40,1523,detection,
1523162,12,27,1205,1505,-300,33,65,100,87,20,39,0,66,55,1523,detection,
1523371,14,4,1467,1467,0,0,0,0,0,0,48,0,0,0,1523,detection,
1524872,16,31,1579,1279,300,0,62,100,0,45,44,0,64,40,1524,detection,
1524885,18,31,1579,1279,300,0,62,100,0,45,44,0,64,40,1524,detection,
1526124,16,12,1992,1992,0,0,0,0,0,0,43,0,0,0,1526,detection,
1526989,6,11,1047,1047,0,0,0,0,0,0,59,0,0,0,1526,detection,
1527001,19,11,1047,1047,0,0,0,0,0,0,65,0,0,0,1527,detection,
1527022,13,11,1047,1047,0,0,0,0,0,0,52,0,0,0,1527,detection,
1527055,8,11,1047,1047,0,0,0,0,0,0,52,0,0,0,1527,detection,
1528773,13,8,1375,1375,0,0,0,0,0,0,42,0,0,0,1528,detection,
1528826,11,8,1375,1375,0,0,0,0,0,0,43,0,0,0,1528,detection,
1530872,10,28,812,512,300,0,79,100,0,0,24,0,78,75,1530,detection,
1531849,20,17,1187,1187,0,0,0,0,0,0,21,0,0,0,1531,detection,
1531878,19,17,1187,1187,0,0,0,0,0,0,41,0,0,0,1531,detection,
1531899,13,17,1187,1187,0,0,0,0,0,0,34,0,0,0,1531,detection,
1531912,12,16,1486,1486,0,0,0,0,0,0,45,0,0,0,1531,detection,
1532379,19,30,1346,1046,300,0,54,100,72,50,58,0,58,40,1532,detection,
1532383,5,21,573,573,0,0,0,0,0,0,2,0,0,0,1532,detection,
1532401,13,30,1346,1046,300,0,66,100,88,30,38,0,69,55,1532,detection,
1532429,9,21,573,573,0,0,0,0,0,0,10,0,0,0,1532,detection,
1532431,8,30,1346,1046,300,0,63,98,84,9,42,0,66,55,1532,detection,
1532432,15,21,573,573,0,0,0,0,0,0,2,0,0,0,1532,detection,
1532455,11,30,1346,1046,300,0,63,100,84,36,42,0,66,55,1532,detection,
1533000,16,12,1964,1964,0,0,0,0,0,0,43,0,0,0,1533,detection,
1533751,21,9,555,555,0,0,0,0,0,0,14,0,0,0,1533,detection,
1534680,1,28,212,512,-300,100,71,100,0,44,32,0,81,75,1534,detection,
1534724,20,28,212,512,-300,100,81,100,100,25,22,0,95,100,1534,detection,
1534749,10,28,212,512,-300,100,79,100,100,12,24,0,91,100,1534,detection,
1534754,19,28,212,512,-300,100,62,96,83,0,44,0,64,40,1534,detection,
1534755,22,28,212,512,-300,100,74,100,99,33,29,0,86,100,1534,detection,
1534763,5,28,212,512,-300,100,79,100,100,25,24,0,91,100,1534,detection,
1534791,17,28,212,512,-300,100,71,100,0,0,32,0,81,75,1534,detection,
1535327,11,8,1594,1594,0,0,0,0,0,0,42,0,0,0,1535,detection,
1535502,19,11,1367,1367,0,0,0,0,0,0,64,0,0,0,1535,detection,
1535523,13,11,1367,1367,0,0,0,0,0,0,48,0,0,0,1535,detection,
1535536,17,11,1367,1367,0,0,0,0,0,0,60,0,0,0,1535,detection,
1535614,6,11,1367,1367,0,0,0,0,0,0,51,0,0,0,1535,detection,
1535721,20,25,651,951,-300,28,79,100,0,50,24,0,68,75,1535,detection,
1535751,10,25,651,951,-300,28,69,100,0,50,34,0,64,40,1535,detection,
1535753,19,25,651,951,-300,28,65,100,87,60,39,0,66,55,1535,detection,
1535759,5,25,651,951,-300,28,82,100,0,62,21,0,69,55,1535,detection,
1535772,13,25,651,951,-300,28,61,100,0,9,46,0,65,55,1535,detection,
1535786,17,25,651,951,-300,28,60,100,0,36,47,0,64,40,1535,detection,
1536579,11,29,1786,1486,300,0,62,96,83,0,44,0,64,40,1536,detection,
1538098,1,9,555,555,0,0,0,0,0,0,10,0,0,0,1538,detection,
1538122,22,9,555,555,0,0,0,0,0,0,16,0,0,0,1538,detection,
1538124,14,9,555,555,0,0,0,0,0,0,14,0,0,0,1538,detection,
1538125,21,9,555,555,0,0,0,0,0,0,14,0,0,0,1538,detection,
1538183,15,9,555,555,0,0,0,0,0,0,5,0,0,0,1538,detection,
1539454,2,29,1186,1486,-300,0,66,100,88,50,38,0,69,55,1539,detection,
1539871,14,4,1467,1467,0,0,0,0,0,0,42,0,0,0,1539,detection,
1540092,3,18,954,954,0,0,0,0,0,0,45,0,0,0,1540,detection,
1541326,11,8,1565,1565,0,0,0,0,0,0,42,0,0,0,1541,detection,
1543904,1,23,231,531,-300,100,67,100,89,60,37,0,74,75,1543,detection,
1543913,17,23,231,531,-300,100,61,100,0,36,46,0,62,40,1543,detection,
1543969,3,23,231,531,-300,100,71,100,95,44,32,0,81,75,1543,detection,
1543991,6,23,231,531,-300,100,57,100,76,33,52,0,56,40,1543,detection,
1543998,16,23,231,531,-300,100,68,100,0,40,35,0,77,75,1543,detection,
1543999,22,23,231,531,-300,100,69,100,93,30,34,0,79,75,1543,detection,
1544819,1,10,827,827,0,0,0,0,0,0,23,0,0,0,1544,detection,
1544849,20,10,827,827,0,0,0,0,0,0,25,0,0,0,1544,detection,
1544883,5,10,827,827,0,0,0,0,0,0,25,0,0,0,1544,detection,
1544889,7,10,827,827,0,0,0,0,0,0,18,0,0,0,1544,detection,
1545911,12,16,1448,1448,0,0,0,0,0,0,44,0,0,0,1545,detection,
1547699,1,22,512,512,0,0,0,0,0,0,7,0,0,0,1547,detection,
1547743,6,22,512,512,0,0,0,0,0,0,23,0,0,0,1547,detection,
1547749,14,22,512,512,0,0,0,0,0,0,10,0,0,0,1547,detection,
1547751,21,22,512,512,0,0,0,0,0,0,10,0,0,0,1547,detection,
1547754,18,22,512,512,0,0,0,0,0,0,10,0,0,0,1547,detection,
1547805,9,22,512,512,0,0,0,0,0,0,10,0,0,0,1547,detection,
1549872,14,4,1467,1467,0,0,0,0,0,0,41,0,0,0,1549,detection,
1552454,11,19,981,981,0,0,0,0,0,0,31,0,0,0,1552,detection,
1552525,13,19,981,981,0,0,0,0,0,0,27,0,0,0,1552,detection,
1552553,8,19,981,981,0,0,0,0,0,0,30,0,0,0,1552,detection,
1554249,16,2,1931,1931,0,0,0,0,0,0,40,0,0,0,1554,detection,
1554285,12,2,1931,1931,0,0,0,0,0,0,38,0,0,0,1554,detection,
1554377,19,11,1372,1372,0,0,0,0,0,0,64,0,0,0,1554,detection,
1554522,13,8,1493,1493,0,0,0,0,0,0,42,0,0,0,1554,detection,
1554574,11,8,1493,1493,0,0,0,0,0,0,38,0,0,0,1554,detection,
1555283,17,6,521,521,0,0,0,0,0,0,28,0,0,0,1555,detection,
1555331,11,6,521,521,0,0,0,0,0,0,10,0,0,0,1555,detection,
1555343,3,6,521,521,0,0,0,0,0,0,17,0,0,0,1555,detection,
1555348,20,6,521,521,0,0,0,0,0,0,9,0,0,0,1555,detection,
1555373,10,6,521,521,0,0,0,0,0,0,12,0,0,0,1555,detection,
1555374,22,6,521,521,0,0,0,0,0,0,7,0,0,0,1555,detection,
1555381,19,6,521,521,0,0,0,0,0,0,29,0,0,0,1555,detection,
1555386,5,6,521,521,0,0,0,0,0,0,12,0,0,0,1555,detection,
1555469,3,23,831,531,300,0,71,100,95,55,32,0,71,75,1555,detection,
1556430,9,14,1241,1241,0,0,0,0,0,0,33,0,0,0,1556,detection,
1556495,22,14,1241,1241,0,0,0,0,0,0,33,0,0,0,1556,detection,
1556496,4,14,1241,1241,0,0,0,0,0,0,43,0,0,0,1556,detection,
1556751,19,11,1372,1372,0,0,0,0,0,0,63,0,0,0,1556,detection,
1556775,13,11,1372,1372,0,0,0,0,0,0,47,0,0,0,1556,detection,
1556805,8,11,1372,1372,0,0,0,0,0,0,48,0,0,0,1556,detection,
1556845,1,5,552,552,0,0,0,0,0,0,7,0,0,0,1556,detection,
1556875,21,5,552,552,0,0,0,0,0,0,10,0,0,0,1556,detection,
1556875,10,5,552,552,0,0,0,0,0,0,10,0,0,0,1556,detection,
1556889,7,5,552,552,0,0,0,0,0,0,0,0,0,0,1556,detection,
1556933,15,5,552,552,0,0,0,0,0,0,3,0,0,0,1556,detection,
1558751,16,31,979,1279,-300,0,62,100,83,45,44,0,64,40,1558,detection,
1558759,18,31,979,1279,-300,0,63,100,84,54,43,0,66,55,1558,detection,
1558787,12,31,979,1279,-300,0,63,97,84,0,43,0,66,55,1558,detection,
1560951,2,12,1480,1480,0,0,0,0,0,0,42,0,0,0,1560,detection,
1561000,16,12,1480,1480,0,0,0,0,0,0,43,50,68,55,1561,detection,
1562931,9,26,1182,882,300,0,61,100,0,36,45,0,63,40,1562,detection,
1562997,22,26,1182,882,300,0,76,100,100,66,27,0,70,75,1562,detection,
1562998,4,26,1182,882,300,0,54,82,72,8,58,0,60,40,1562,detection,
1563000,14,26,1182,882,300,0,52,79,69,23,62,0,54,40,1563,detection,
1563001,21,26,1182,882,300,0,59,100,79,54,48,0,60,40,1563,detection,
1563010,18,26,1182,882,300,0,89,100,100,42,16,0,82,75,1563,detection,
1563754,19,30,1298,998,300,0,54,100,0,41,58,0,58,40,1563,detection,
1563774,13,30,1298,998,300,0,66,100,0,30,38,0,69,55,1563,detection,
1563802,8,30,1298,998,300,0,63,98,0,0,42,0,66,55,1563,detection,
1563826,11,30,1298,998,300,0,63,98,0,0,42,0,66,55,1563,detection,
1564748,16,2,1799,1799,0,0,0,0,0,0,40,0,0,0,1564,detection,
1564788,12,2,1799,1799,0,0,0,0,0,0,42,0,0,0,1564,detection,
1564842,3,2,1799,1799,0,0,0,0,0,0,46,0,0,0,1564,detection,
1565428,8,13,1042,1042,0,0,0,0,0,0,50,0,0,0,1565,detection,
1565451,11,13,1042,1042,0,0,0,0,0,0,42,0,0,0,1565,detection,
1567996,16,12,1433,1433,0,0,0,0,0,0,43,100,99,100,1567,detection,
1568079,2,12,1433,1433,0,0,0,0,0,0,42,0,0,0,1568,detection,
1568182,15,24,819,519,300,0,89,100,100,71,16,0,78,75,1568,detection,
1568252,10,24,819,519,300,0,78,100,100,55,25,0,77,75,1568,detection,
1568262,5,24,819,519,300,0,97,100,100,57,10,0,82,75,1568,detection,
1568267,7,24,819,519,300,0,100,100,100,83,7,0,77,75,1568,detection,
1569999,21,15,610,610,0,0,0,0,0,0,12,0,0,0,1569,detection,
1570009,5,15,610,610,0,0,0,0,0,0,2,0,0,0,1570,detection,
1570015,7,15,610,610,0,0,0,0,0,0,0,0,0,0,1570,detection,
1570054,9,15,610,610,0,0,0,0,0,0,10,0,0,0,1570,detection,
1570498,16,2,1752,1752,0,0,0,0,0,0,40,0,0,0,1570,detection,
1570538,12,2,1752,1752,0,0,0,0,0,0,43,0,0,0,1570,detection,
1570591,3,2,1752,1752,0,0,0,0,0,0,46,0,0,0,1570,detection,
1572249,16,3,1416,1416,0,0,0,0,0,0,52,0,0,0,1572,detection,
1572258,18,3,1416,1416,0,0,0,0,0,0,45,0,0,0,1572,detection,
1572284,17,3,1416,1416,0,0,0,0,0,0,60,0,0,0,1572,detection,
1572325,11,3,1416,1416,0,0,0,0,0,0,44,0,0,0,1572,detection,
1572328,2,3,1416,1416,0,0,0,0,0,0,46,0,0,0,1572,detection,
1572624,21,22,512,512,0,0,0,0,0,0,10,0,0,0,1572,detection,
1573496,14,4,1680,1680,0,0,0,0,0,0,46,0,0,0,1573,detection,
1579310,1,23,231,531,-300,100,67,100,0,60,37,0,74,75,1579,detection,
1579345,3,23,231,531,-300,100,71,100,95,66,32,0,75,75,1579,detection,
1579367,6,23,231,531,-300,100,57,100,0,33,52,0,56,40,1579,detection,
1579371,22,23,231,531,-300,100,70,100,0,22,33,0,79,75,1579,detection,
1579374,16,23,231,531,-300,100,68,100,0,40,35,0,77,75,1579,detection,
1579384,18,23,231,531,-300,100,77,100,100,33,26,0,88,100,1579,detection,
1579490,6,20,507,507,0,1,0,0,0,0,26,0,0,0,1579,detection,
1579498,10,20,507,507,0,1,0,0,0,0,16,0,0,0,1579,detection,
1579502,19,20,507,507,0,1,0,0,0,0,25,0,0,0,1579,detection,
1580324,2,12,1446,1446,0,0,0,0,0,0,42,0,0,0,1580,detection,
1580374,16,12,1446,1446,0,0,0,0,0,0,43,100,99,100,1580,detection,
1581627,19,3,1416,1416,0,0,0,0,0,0,64,0,0,0,1581,detection,
1583257,18,26,575,875,-300,99,89,100,100,42,16,0,96,100,1583,detection,
1583374,16,18,842,842,0,0,0,0,0,0,42,0,0,0,1583,detection,
1584738,6,11,1370,1370,0,0,0,0,0,0,51,0,0,0,1584,detection,
1584750,19,11,1370,1370,0,0,0,0,0,0,62,0,0,0,1584,detection,
1584775,13,11,1370,1370,0,0,0,0,0,0,46,0,0,0,1584,detection,
1584784,17,11,1370,1370,0,0,0,0,0,0,59,0,0,0,1584,detection,
1584804,8,11,1370,1370,0,0,0,0,0,0,47,0,0,0,1584,detection,
1585496,22,6,516,516,0,0,0,0,0,0,7,0,0,0,1585,detection,
1586038,12,2,1747,1747,0,0,0,0,0,0,43,0,0,0,1586,detection,
1587036,12,27,978,1278,-300,46,65,100,0,0,39,0,57,40,1587,detection,
1587079,2,27,978,1278,-300,46,65,100,87,0,39,0,61,40,1587,detection,
1587124,16,27,978,1278,-300,46,63,98,0,0,42,0,57,40,1587,detection,
1588748,14,4,1668,1668,0,0,0,0,0,0,47,0,0,0,1588,detection,
1588952,11,8,1451,1451,0,0,0,0,0,0,38,0,0,0,1588,detection,
1590037,12,2,1445,1445,0,0,0,0,0,0,42,0,0,0,1590,detection,
1596594,3,2,1450,1450,0,0,0,0,0,0,40,0,0,0,1596,detection,
1596625,16,2,1450,1450,0,0,0,0,0,0,40,0,0,0,1596,detection,
1596661,12,2,1450,1450,0,0,0,0,0,0,42,0,0,0,1596,detection,
1597122,22,9,542,542,0,0,0,0,0,0,15,0,0,0,1597,detection,
1606843,3,16,1344,1344,0,0,0,0,0,0,41,0,0,0,1606,detection,
1606881,18,16,1344,1344,0,0,0,0,0,0,42,0,0,0,1606,detection,
1606912,12,16,1344,1344,0,0,0,0,0,0,43,0,0,0,1606,detection,
1606952,2,16,1344,1344,0,0,0,0,0,0,49,0,0,0,1606,detection,
1607703,2,12,1388,1388,0,0,0,0,0,0,43,0,0,0,1607,detection,
1608070,1,28,812,512,300,0,71,100,95,44,32,0,71,75,1608,detection,
1608096,20,28,812,512,300,0,82,100,100,37,21,0,80,75,1608,detection,
1608118,6,28,812,512,300,0,80,100,100,50,23,0,79,75,1608,detection,
1608122,22,28,812,512,300,0,75,100,100,44,28,0,75,75,1608,detection,
1608123,16,2,1450,1450,0,0,0,0,0,0,37,0,0,0,1608,detection,
1608126,10,28,812,512,300,0,79,100,100,25,24,0,78,75,1608,detection,
1608130,19,28,812,512,300,0,62,96,83,9,44,0,64,40,1608,detection,
1608136,5,28,812,512,300,0,79,100,100,37,24,0,78,75,1608,detection,
1608162,12,2,1450,1450,0,0,0,0,0,0,42,0,0,0,1608,detection,
1608216,3,2,1450,1450,0,0,0,0,0,0,40,0,0,0,1608,detection,
1610996,16,31,1367,1067,300,0,62,100,83,45,44,0,64,40,1610,detection,
1611009,18,31,1367,1067,300,0,62,100,83,54,44,0,64,40,1611,detection,
1611036,12,31,1367,1067,300,0,62,96,83,9,44,0,64,40,1611,detection,
1611261,5,25,1579,1279,300,0,82,100,100,62,21,0,80,55,1611,detection,
1611273,13,25,1579,1279,300,0,62,100,83,18,44,0,64,40,1611,detection,
1611287,17,25,1579,1279,300,0,61,100,81,36,46,50,87,100,1611,detection,
1611381,19,25,1579,1279,300,0,66,100,88,60,38,0,69,55,1611,detection,
1614078,2,12,1640,1640,0,0,0,0,0,0,38,0,0,0,1614,detection,
1614123,16,12,1640,1640,0,0,0,0,0,0,42,0,0,0,1614,detection,
1614555,8,13,1495,1495,0,23,0,0,0,0,46,0,0,0,1614,detection,
1614578,11,13,1495,1495,0,23,0,0,0,0,47,0,0,0,1614,detection,
1615700,11,8,1888,1888,0,0,0,0,0,0,38,0,0,0,1615,detection,
1615880,19,30,2007,1707,300,0,54,100,0,33,58,0,58,40,1615,detection,
1615899,13,30,2007,1707,300,0,63,100,0,27,43,0,66,55,1615,detection,
1615927,8,30,2007,1707,300,0,63,100,0,0,43,0,66,55,1615,detection,
1615951,11,30,2007,1707,300,0,63,100,0,0,42,0,66,55,1615,detection,
1617115,1,10,810,810,0,0,0,0,0,0,23,0,0,0,1617,detection,
1617133,5,10,810,810,0,0,0,0,0,0,17,0,0,0,1617,detection,
1617139,7,10,810,810,0,0,0,0,0,0,17,0,0,0,1617,detection,
1617223,20,10,810,810,0,0,0,0,0,0,23,0,0,0,1617,detection,
1618628,19,11,1441,1441,0,0,0,0,0,0,63,0,0,0,1618,detection,
1618649,13,11,1441,1441,0,0,0,0,0,0,53,0,0,0,1618,detection,
1618658,17,11,1441,1441,0,0,0,0,0,0,66,0,0,0,1618,detection,
1618678,8,11,1441,1441,0,0,0,0,0,0,53,0,0,0,1618,detection,
1618740,6,11,1441,1441,0,0,0,0,0,0,63,0,0,0,1618,detection,
1619077,11,13,1908,1908,0,0,0,0,0,0,46,0,0,0,1619,detection,
1619177,8,13,1908,1908,0,0,0,0,0,0,49,0,0,0,1619,detection,
1619337,11,19,966,966,0,0,0,0,0,0,30,0,0,0,1619,detection,
1619343,3,19,966,966,0,0,0,0,0,0,25,0,0,0,1619,detection,
1619399,13,19,966,966,0,0,0,0,0,0,26,0,0,0,1619,detection,
1619411,17,19,966,966,0,0,0,0,0,0,35,0,0,0,1619,detection,
1620749,10,24,219,519,-300,100,86,100,100,62,18,0,96,100,1620,detection,
1621774,13,8,2146,2146,0,0,0,0,0,0,46,0,0,0,1621,detection,
1623001,10,25,937,1237,-300,51,69,100,0,40,34,0,53,40,1623,detection,
1623202,2,12,1599,1599,0,0,0,0,0,0,38,0,0,0,1623,detection,
1626649,13,11,1414,1414,0,0,0,0,0,0,52,0,0,0,1626,detection,
1626657,17,11,1414,1414,0,0,0,0,0,0,65,0,0,0,1626,detection,
1626677,8,11,1414,1414,0,0,0,0,0,0,52,0,0,0,1626,detection,
1626739,6,11,1414,1414,0,0,0,0,0,0,64,0,0,0,1626,detection,
1626752,19,11,1414,1414,0,0,0,0,0,0,63,0,0,0,1626,detection,
1628302,8,13,1942,1942,0,0,0,0,0,0,48,0,0,0,1628,detection,
1628326,11,13,1942,1942,0,0,0,0,0,0,45,0,0,0,1628,detection,
1629026,13,8,1973,1973,0,0,0,0,0,0,46,0,0,0,1629,detection,
1629078,11,8,1973,1973,0,0,0,0,0,0,45,0,0,0,1629,detection,
1633079,11,30,2087,1787,300,0,62,100,0,0,44,0,64,40,1633,detection,
1633127,19,30,2087,1787,300,0,52,100,0,30,61,0,56,40,1633,detection,
1633151,13,30,2087,1787,300,0,61,100,0,27,45,0,63,40,1633,detection,
1633179,8,30,2087,1787,300,0,61,100,0,0,45,0,63,40,1633,detection,
1634121,16,12,1599,1599,0,0,0,0,0,0,38,0,0,0,1634,detection,
1634201,2,12,1599,1599,0,0,0,0,0,0,38,0,0,0,1634,detection,
1636308,15,21,512,512,0,0,0,0,0,0,2,0,0,0,1636,detection,
1637498,22,26,1253,953,300,0,76,100,0,55,27,0,75,75,1637,detection,
1637499,4,26,1253,953,300,0,55,85,0,0,55,0,60,40,1637,detection,
1637506,18,26,1253,953,300,0,89,100,100,57,16,0,82,75,1637,detection,
1637557,9,26,1253,953,300,0,64,100,0,40,41,0,68,55,1637,detection,
1638718,3,2,1450,1450,0,0,0,0,0,0,40,0,0,0,1638,detection,
1638985,1,7,559,559,0,0,0,0,0,0,11,0,0,0,1638,detection,
1639012,5,7,559,559,0,0,0,0,0,0,6,0,0,0,1639,detection,
1639056,15,7,559,559,0,0,0,0,0,0,4,0,0,0,1639,detection,
1639751,16,31,1068,1368,-300,64,62,100,83,45,44,0,65,55,1639,detection,
1639759,18,31,1068,1368,-300,64,62,100,83,54,44,0,65,55,1639,detection,
1639787,12,31,1068,1368,-300,64,62,96,83,0,44,0,65,55,1639,detection,
1639802,8,13,1931,1931,0,0,0,0,0,0,47,0,0,0,1639,detection,
1639826,11,13,1931,1931,0,0,0,0,0,0,44,0,0,0,1639,detection,
1640148,13,30,1379,1679,-300,0,61,100,82,36,45,0,63,40,1640,detection,
1640181,8,30,1379,1679,-300,0,61,100,82,9,45,0,63,40,1640,detection,
1640205,11,30,1379,1679,-300,0,62,100,83,9,44,0,64,40,1640,detection,
1640262,19,30,1379,1679,-300,0,52,100,70,30,61,0,56,40,1640,detection,
1640648,13,8,1899,1899,0,0,0,0,0,0,45,0,0,0,1640,detection,
1642680,8,13,1586,1586,0,19,0,0,0,0,47,0,0,0,1642,detection,
1642704,11,13,1586,1586,0,19,0,0,0,0,45,0,0,0,1642,detection,
1642785,12,2,1454,1454,0,0,0,0,0,0,37,0,0,0,1642,detection,
1642846,3,2,1454,1454,0,0,0,0,0,0,40,0,0,0,1642,detection,
1642873,16,2,1454,1454,0,0,0,0,0,0,37,0,0,0,1642,detection,
1643054,8,11,1292,1292,0,0,0,0,0,0,50,0,0,0,1643,detection,
1643112,6,11,1292,1292,0,0,0,0,0,0,62,0,0,0,1643,detection,
1643128,19,11,1292,1292,0,0,0,0,0,0,61,0,0,0,1643,detection,
1643149,13,11,1292,1292,0,0,0,0,0,0,50,0,0,0,1643,detection,
1643158,17,11,1292,1292,0,0,0,0,0,0,64,0,0,0,1643,detection,
1645748,16,31,1680,1380,300,0,62,100,83,54,44,0,64,40,1645,detection,
1645757,18,31,1680,1380,300,0,62,100,83,54,44,0,64,40,1645,detection,
1645789,12,31,1680,1380,300,0,64,100,85,10,41,0,68,55,1645,detection,
1648891,7,15,575,575,0,0,0,0,0,0,0,0,0,0,1648,detection,
1652554,8,13,1590,1590,0,17,0,0,0,0,48,0,0,0,1652,detection,
1652577,11,13,1590,1590,0,17,0,0,0,0,41,0,0,0,1652,detection,
1655704,11,30,1933,1633,300,0,63,100,84,18,43,0,66,55,1655,detection,
1655752,19,30,1933,1633,300,0,55,100,73,33,56,0,58,40,1655,detection,
1655776,13,30,1933,1633,300,0,62,100,83,36,44,0,64,40,1655,detection,
1655804,8,30,1933,1633,300,0,64,100,85,20,41,0,68,55,1655,detection,
1657930,8,13,1878,1878,0,0,0,0,0,0,49,0,0,0,1657,detection,
1657954,11,13,1878,1878,0,0,0,0,0,0,47,0,0,0,1657,detection,
1659383,18,31,1065,1365,-300,66,64,100,85,60,41,0,68,55,1659,detection,
1659499,16,31,1065,1365,-300,66,64,100,85,60,41,0,68,55,1659,detection,
1660995,22,18,806,806,0,0,0,0,0,0,35,0,0,0,1660,detection,
1660996,16,18,806,806,0,0,0,0,0,0,42,0,0,0,1660,detection,
1661428,8,11,1292,1292,0,0,0,0,0,0,49,0,0,0,1661,detection,
1661498,19,11,1292,1292,0,0,0,0,0,0,60,0,0,0,1661,detection,
1661523,13,11,1292,1292,0,0,0,0,0,0,49,0,0,0,1661,detection,
1661532,17,11,1292,1292,0,0,0,0,0,0,59,0,0,0,1661,detection,
1663449,11,6,512,512,0,0,0,0,0,0,10,0,0,0,1663,detection,
1663468,3,6,512,512,0,0,0,0,0,0,17,0,0,0,1663,detection,
1663489,20,6,512,512,0,0,0,0,0,0,9,0,0,0,1663,detection,
1663498,22,6,512,512,0,0,0,0,0,0,7,0,0,0,1663,detection,
1663498,10,6,512,512,0,0,0,0,0,0,12,0,0,0,1663,detection,
1663502,19,6,512,512,0,0,0,0,0,0,29,0,0,0,1663,detection,
1663511,5,6,512,512,0,0,0,0,0,0,12,0,0,0,1663,detection,
1663535,17,6,512,512,0,0,0,0,0,0,28,0,0,0,1663,detection,
1663845,1,9,536,536,0,0,0,0,0,0,10,0,0,0,1663,detection,
1663872,22,9,536,536,0,0,0,0,0,0,15,0,0,0,1663,detection,
1663874,14,9,536,536,0,0,0,0,0,0,14,0,0,0,1663,detection,
1663876,21,9,536,536,0,0,0,0,0,0,14,0,0,0,1663,detection,
1663933,15,9,536,536,0,0,0,0,0,0,5,0,0,0,1663,detection,
1664929,8,13,1815,1815,0,0,0,0,0,0,47,0,0,0,1664,detection,
1664952,11,13,1815,1815,0,0,0,0,0,0,46,0,0,0,1664,detection,
1669373,14,4,1620,1620,0,0,0,0,0,0,48,0,0,0,1669,detection,
1670622,22,14,1028,1028,0,0,0,0,0,0,33,0,0,0,1670,detection,
1670623,4,14,1028,1028,0,0,0,0,0,0,39,0,0,0,1670,detection,
1670626,21,14,1028,1028,0,0,0,0,0,0,27,0,0,0,1670,detection,
1670680,9,14,1028,1028,0,0,0,0,0,0,33,0,0,0,1670,detection,
1671952,2,12,1529,1529,0,0,0,0,0,0,37,0,0,0,1671,detection,
1673748,16,12,1499,1499,0,0,0,0,0,0,38,0,0,0,1673,detection,
1677179,8,13,1788,1788,0,0,0,0,0,0,42,0,0,0,1677,detection,
1677202,11,13,1788,1788,0,0,0,0,0,0,46,0,0,0,1677,detection,
1678952,11,8,1832,1832,0,0,0,0,0,0,45,0,0,0,1678,detection,
1678996,14,21,512,512,0,0,0,0,0,0,10,0,0,0,1678,detection,
1678998,22,21,512,512,0,0,0,0,0,0,7,0,0,0,1678,detection,
1679010,5,21,512,512,0,0,0,0,0,0,2,0,0,0,1679,detection,
1679024,13,8,1832,1832,0,0,0,0,0,0,44,0,0,0,1679,detection,
1679842,3,17,898,898,0,0,0,0,0,0,36,0,0,0,1679,detection,
1679846,20,17,898,898,0,0,0,0,0,0,21,0,0,0,1679,detection,
1679863,6,17,898,898,0,0,0,0,0,0,38,0,0,0,1679,detection,
1679880,19,17,898,898,0,0,0,0,0,0,41,0,0,0,1679,detection,
1679896,13,17,898,898,0,0,0,0,0,0,33,0,0,0,1679,detection,
1681305,8,30,1291,1591,-300,0,65,100,86,30,40,0,69,55,1681,detection,
1681381,19,30,1291,1591,-300,0,55,100,73,33,56,0,58,40,1681,detection,
1681400,13,30,1291,1591,-300,0,62,96,83,0,44,0,64,40,1681,detection,
1683378,19,6,512,512,0,0,0,0,0,0,29,0,0,0,1683,detection,
1683540,1,22,512,512,0,0,0,0,0,0,7,0,0,0,1683,detection,
1683557,9,22,512,512,0,0,0,0,0,0,8,0,0,0,1683,detection,
1683620,14,22,512,512,0,0,0,0,0,0,10,0,0,0,1683,detection,
1683626,21,22,512,512,0,0,0,0,0,0,10,0,0,0,1683,detection,
1683629,18,22,512,512,0,0,0,0,0,0,10,0,0,0,1683,detection,
1684054,8,13,1506,1506,0,16,0,0,0,0,47,0,0,0,1684,detection,
1684077,11,13,1506,1506,0,16,0,0,0,0,46,0,0,0,1684,detection,
1685873,16,31,1651,1351,300,0,64,100,85,60,41,0,68,55,1685,detection,
1687122,16,31,1051,1351,-300,71,64,100,85,70,41,0,65,55,1687,detection,
1687131,18,31,1051,1351,-300,71,64,100,0,50,41,0,68,55,1687,detection,
1687163,12,31,1051,1351,-300,71,64,100,85,20,41,0,68,55,1687,detection,
1688248,22,14,943,943,0,0,0,0,0,0,33,0,0,0,1688,detection,
1690126,21,24,818,518,300,0,91,100,100,85,14,0,77,75,1690,detection,
1690804,8,13,1510,1510,0,14,0,0,0,0,48,0,0,0,1690,detection,
1690827,11,13,1510,1510,0,14,0,0,0,0,47,0,0,0,1690,detection,
1692952,11,19,850,850,0,0,0,0,0,0,30,0,0,0,1692,detection,
1692970,3,19,850,850,0,0,0,0,0,0,25,0,0,0,1692,detection,
1692974,20,19,850,850,0,0,0,0,0,0,25,0,0,0,1692,detection,
1692986,6,19,850,850,0,0,0,0,0,0,48,0,0,0,1692,detection,
1692999,10,19,850,850,0,0,0,0,0,0,25,0,0,0,1692,detection,
1693024,13,19,850,850,0,0,0,0,0,0,27,0,0,0,1693,detection,
1693034,17,19,850,850,0,0,0,0,0,0,35,0,0,0,1693,detection,
1693052,8,19,850,850,0,0,0,0,0,0,30,0,0,0,1693,detection,
1694261,5,25,1498,1198,300,0,82,100,0,62,21,0,80,55,1694,detection,
1694273,13,25,1498,1198,300,0,63,97,0,0,43,0,66,55,1694,detection,
1694288,17,25,1498,1198,300,0,61,100,0,27,46,100,99,100,1694,detection,
1694372,10,25,1498,1198,300,0,70,100,94,44,33,0,71,55,1694,detection,
1694381,19,25,1498,1198,300,0,66,100,0,50,38,0,69,55,1694,detection,
1696907,17,11,1119,1119,0,0,0,0,0,0,58,0,0,0,1696,detection,
1698702,2,16,1206,1206,0,0,0,0,0,0,48,0,0,0,1698,detection,
1698717,3,16,1206,1206,0,0,0,0,0,0,41,0,0,0,1698,detection,
1698787,12,16,1206,1206,0,0,0,0,0,0,42,0,0,0,1698,detection,
1702678,8,13,1510,1510,0,14,0,0,0,0,48,0,0,0,1702,detection,
1704412,17,25,885,1185,-300,71,63,100,84,36,42,100,99,100,1704,detection,
1706250,10,20,518,518,0,0,0,0,0,0,16,0,0,0,1706,detection,
1706707,1,28,812,512,300,0,71,100,0,44,32,0,71,75,1706,detection,
1706724,20,28,812,512,300,0,87,100,0,37,17,0,82,75,1706,detection,
1706738,6,28,812,512,300,0,81,100,0,50,22,0,80,75,1706,detection,
1706746,22,28,812,512,300,0,75,100,0,33,28,0,75,75,1706,detection,
1706750,10,28,812,512,300,0,79,100,0,25,24,0,78,75,1706,detection,
1706754,19,28,812,512,300,0,65,100,0,10,40,0,69,55,1706,detection,
1706759,5,28,812,512,300,0,79,100,0,37,24,0,78,75,1706,detection,
1706785,17,28,812,512,300,0,71,100,95,11,32,0,71,75,1706,detection,
1710095,3,2,1378,1378,0,0,0,0,0,0,40,0,0,0,1710,detection,
1710125,16,2,1378,1378,0,0,0,0,0,0,37,0,0,0,1710,detection,
1710161,12,2,1378,1378,0,0,0,0,0,0,37,0,0,0,1710,detection,
1710376,16,27,1475,1175,300,0,64,100,85,10,41,0,68,55,1710,detection,
1710412,12,27,1475,1175,300,0,66,100,88,10,38,0,69,55,1710,detection,
1711093,3,29,1186,1486,-300,0,57,100,0,8,52,50,98,100,1711,detection,
1713000,16,12,1476,1476,0,0,0,0,0,0,42,50,68,55,1713,detection,
1713079,2,12,1476,1476,0,0,0,0,0,0,41,0,0,0,1713,detection,
1715576,2,3,1143,1143,0,0,0,0,0,0,45,0,0,0,1715,detection,
1715577,11,3,1143,1143,0,0,0,0,0,0,42,0,0,0,1715,detection,
1715612,6,3,1143,1143,0,0,0,0,0,0,59,0,0,0,1715,detection,
1715621,16,3,1143,1143,0,0,0,0,0,0,50,0,0,0,1715,detection,
1715625,19,3,1143,1143,0,0,0,0,0,0,62,0,0,0,1715,detection,
1715634,18,3,1143,1143,0,0,0,0,0,0,43,0,0,0,1715,detection,
1715660,17,3,1143,1143,0,0,0,0,0,0,59,0,0,0,1715,detection,
1717908,17,11,1119,1119,0,0,0,0,0,0,56,0,0,0,1717,detection,
1717928,8,11,1119,1119,0,0,0,0,0,0,47,0,0,0,1717,detection,
1717986,6,11,1119,1119,0,0,0,0,0,0,62,0,0,0,1717,detection,
1718002,19,11,1119,1119,0,0,0,0,0,0,59,0,0,0,1718,detection,
1718023,13,11,1119,1119,0,0,0,0,0,0,47,0,0,0,1718,detection,
1722123,16,29,1786,1486,300,0,65,100,87,70,39,50,84,75,1722,detection,
1722166,17,29,1786,1486,300,0,55,85,74,8,55,100,99,100,1722,detection,
1722203,2,29,1786,1486,300,0,66,100,88,50,38,0,69,55,1722,detection,
1722205,11,29,1786,1486,300,0,62,100,0,0,44,0,64,40,1722,detection,
1722222,3,29,1786,1486,300,0,61,100,81,18,46,100,99,100,1722,detection,
1722247,16,12,1443,1443,0,0,0,0,0,0,42,100,99,100,1722,detection,
1722326,2,12,1443,1443,0,0,0,0,0,0,42,0,0,0,1722,detection,
1722814,1,10,820,820,0,0,0,0,0,0,17,0,0,0,1722,detection,
1722846,20,10,820,820,0,0,0,0,0,0,22,0,0,0,1722,detection,
1722884,5,10,820,820,0,0,0,0,0,0,16,0,0,0,1722,detection,
1722890,7,10,820,820,0,0,0,0,0,0,16,0,0,0,1722,detection,
1727762,5,7,554,554,0,0,0,0,0,0,3,0,0,0,1727,detection,
1731723,20,28,212,512,-300,100,89,100,100,42,16,0,96,100,1731,detection,
1733077,11,8,1538,1538,0,0,0,0,0,0,44,0,0,0,1733,detection,
1734414,12,31,1528,1228,300,0,63,98,84,27,42,0,66,55,1734,detection,
1734497,16,31,1528,1228,300,0,64,100,85,70,41,0,65,55,1734,detection,
1734510,18,31,1528,1228,300,0,64,100,85,60,41,0,68,55,1734,detection,
1735554,8,13,1510,1510,0,14,0,0,0,0,49,0,0,0,1735,detection,
1738076,2,12,1893,1893,0,0,0,0,0,0,42,0,0,0,1738,detection,
1738120,16,12,1893,1893,0,0,0,0,0,0,43,0,0,0,1738,detection,
1739602,1,23,227,527,-300,100,67,100,0,50,37,0,74,75,1739,detection,
1739616,6,23,227,527,-300,100,56,100,0,33,54,0,56,40,1739,detection,
1739623,16,23,227,527,-300,100,69,100,0,40,34,0,79,75,1739,detection,
1739625,22,23,227,527,-300,100,70,100,0,22,33,0,79,75,1739,detection,
1739632,18,23,227,527,-300,100,77,100,0,22,26,0,89,100,1739,detection,
1739718,3,23,227,527,-300,100,72,100,0,55,31,0,82,75,1739,detection,
1743576,11,3,1143,1143,0,0,0,0,0,0,41,0,0,0,1743,detection,
1752649,13,30,1704,1404,300,0,63,97,84,9,43,0,66,55,1752,detection,
1752678,8,30,1704,1404,300,0,65,100,87,40,39,0,69,55,1752,detection,
1752702,11,30,1704,1404,300,0,63,100,0,18,42,0,66,55,1752,detection,
1752754,19,30,1704,1404,300,0,55,100,74,33,55,0,58,40,1752,detection,
1755804,8,13,1615,1615,0,0,0,0,0,0,48,0,0,0,1755,detection,
1755827,11,13,1615,1615,0,0,0,0,0,0,46,0,0,0,1755,detection,
1762425,8,13,1591,1591,0,0,0,0,0,0,47,0,0,0,1762,detection,
1765075,2,12,1882,1882,0,0,0,0,0,0,42,0,0,0,1765,detection,
1769828,11,30,1074,1374,-300,12,64,100,85,30,41,0,68,55,1769,detection,
1771123,10,6,512,512,0,0,0,0,0,0,12,0,0,0,1771,detection,
1775427,8,13,1591,1591,0,0,0,0,0,0,46,0,0,0,1775,detection,
1775450,11,13,1591,1591,0,0,0,0,0,0,45,0,0,0,1775,detection,
1780121,14,4,1373,1373,0,0,0,0,0,0,49,0,0,0,1780,detection,
1782966,3,2,1373,1373,0,0,0,0,0,0,40,0,0,0,1782,detection,
1782997,16,2,1373,1373,0,0,0,0,0,0,36,0,0,0,1782,detection,
1783036,12,2,1373,1373,0,0,0,0,0,0,37,0,0,0,1783,detection,
1783636,5,21,512,512,0,0,0,0,0,0,1,0,0,0,1783,detection,
1787594,3,17,885,885,0,0,0,0,0,0,36,0,0,0,1787,detection,
1791624,21,15,568,568,0,0,0,0,0,0,12,0,0,0,1791,detection,
1791634,5,15,568,568,0,0,0,0,0,0,2,0,0,0,1791,detection,
1791640,7,15,568,568,0,0,0,0,0,0,0,0,0,0,1791,detection,
1791679,9,15,568,568,0,0,0,0,0,0,10,0,0,0,1791,detection,
1794495,14,4,1364,1364,0,0,0,0,0,0,50,0,0,0,1794,detection,
1794943,1,5,531,531,0,0,0,0,0,0,7,0,0,0,1794,detection,
1794974,20,5,531,531,0,0,0,0,0,0,5,0,0,0,1794,detection,
1794998,10,5,531,531,0,0,0,0,0,0,10,0,0,0,1794,detection,
1794998,21,5,531,531,0,0,0,0,0,0,10,0,0,0,1794,detection,
1795013,7,5,531,531,0,0,0,0,0,0,0,0,0,0,1795,detection,
1795056,15,5,531,531,0,0,0,0,0,0,2,0,0,0,1795,detection,
1800554,9,14,909,909,0,0,0,0,0,0,33,0,0,0,1800,detection,
1801925,8,13,1591,1591,0,0,0,0,0,0,41,0,0,0,1801,detection,
1801949,11,13,1591,1591,0,0,0,0,0,0,41,0,0,0,1801,detection,
1803597,20,5,531,531,0,0,0,0,0,0,5,0,0,0,1803,detection,
1808142,7,24,218,518,-300,100,100,100,100,83,6,0,88,100,1808,detection,
1812122,16,12,1882,1882,0,0,0,0,0,0,43,0,0,0,1812,detection,
1812202,2,12,1882,1882,0,0,0,0,0,0,39,0,0,0,1812,detection,
1819125,10,7,549,549,0,0,0,0,0,0,10,0,0,0,1819,detection,
1819239,6,23,825,525,300,0,56,100,75,41,53,0,58,40,1819,detection,
1826575,2,12,1882,1882,0,0,0,0,0,0,39,0,0,0,1826,detection,
1828409,17,3,1143,1143,0,0,0,0,0,0,57,0,0,0,1828,detection,
1830254,19,30,1647,1347,300,0,56,100,0,33,54,0,58,40,1830,detection,
1830273,13,30,1647,1347,300,0,65,100,0,0,39,0,69,55,1830,detection,
1830307,8,30,1647,1347,300,0,65,100,0,40,39,0,69,55,1830,detection,
1830330,11,30,1647,1347,300,0,64,100,85,40,41,0,68,55,1830,detection,
1830931,9,26,1209,909,300,0,65,100,0,40,39,0,69,55,1830,detection,
1833897,13,8,1538,1538,0,0,0,0,0,0,44,0,0,0,1833,detection,
1833954,11,8,1538,1538,0,0,0,0,0,0,44,0,0,0,1833,detection,
1840037,12,31,911,1211,-300,91,63,98,84,36,42,0,67,55,1840,detection,
1840125,16,31,911,1211,-300,91,63,100,84,63,42,0,67,55,1840,detection,
1840133,18,31,911,1211,-300,91,64,100,85,60,41,0,69,55,1840,detection,
1844201,2,16,1179,1179,0,0,0,0,0,0,47,0,0,0,1844,detection,
1847261,5,10,846,846,0,0,0,0,0,0,16,0,0,0,1847,detection,
1849844,3,2,1373,1373,0,0,0,0,0,0,40,0,0,0,1849,detection,
1850637,5,28,812,512,300,0,79,100,0,25,24,0,78,75,1850,detection,
1852917,1,22,512,512,0,0,0,0,0,0,7,0,0,0,1852,detection,
1852930,9,22,512,512,0,0,0,0,0,0,8,0,0,0,1852,detection,
1852990,6,22,512,512,0,0,0,0,0,0,22,0,0,0,1852,detection,
1852997,14,22,512,512,0,0,0,0,0,0,10,0,0,0,1852,detection,
1852999,21,22,512,512,0,0,0,0,0,0,10,0,0,0,1852,detection,
1854451,11,13,1591,1591,0,0,0,0,0,0,40,0,0,0,1854,detection,
1854552,8,13,1591,1591,0,0,0,0,0,0,40,0,0,0,1854,detection,
1856180,9,21,512,512,0,0,0,0,0,0,10,0,0,0,1856,detection,
1860750,16,27,841,1141,-300,86,64,100,85,20,41,0,69,55,1860,detection,
1863034,17,11,1059,1059,0,0,0,0,0,0,56,0,0,0,1863,detection,
1863053,8,11,1059,1059,0,0,0,0,0,0,46,0,0,0,1863,detection,
1863128,19,11,1059,1059,0,0,0,0,0,0,57,0,0,0,1863,detection,
1863148,13,11,1059,1059,0,0,0,0,0,0,42,0,0,0,1863,detection,
1863599,20,25,1498,1198,300,0,79,100,100,50,24,0,78,75,1863,detection,
1869969,1,24,218,518,-300,100,84,100,0,50,19,0,97,100,1869,detection,
1869975,20,24,218,518,-300,100,86,100,100,25,18,0,96,100,1869,detection,
1870000,10,24,218,518,-300,100,87,100,0,62,17,0,97,100,1870,detection,
1870015,7,24,218,518,-300,100,100,100,0,66,5,0,97,100,1870,detection,
1870058,15,24,218,518,-300,100,91,100,100,71,14,0,91,100,1870,detection,
1875237,6,20,515,515,0,0,0,0,0,0,26,0,0,0,1875,detection,
1875249,10,20,515,515,0,0,0,0,0,0,15,0,0,0,1875,detection,
1875253,19,20,515,515,0,0,0,0,0,0,25,0,0,0,1875,detection,
1875428,9,22,512,512,0,0,0,0,0,0,8,0,0,0,1875,detection,
1876535,17,6,512,512,0,0,0,0,0,0,28,0,0,0,1876,detection,
1876577,11,6,512,512,0,0,0,0,0,0,10,0,0,0,1876,detection,
1876595,20,6,512,512,0,0,0,0,0,0,9,0,0,0,1876,detection,
1876621,22,6,512,512,0,0,0,0,0,0,7,0,0,0,1876,detection,
1876625,10,6,512,512,0,0,0,0,0,0,12,0,0,0,1876,detection,
1876627,19,6,512,512,0,0,0,0,0,0,29,0,0,0,1876,detection,
1876634,5,6,512,512,0,0,0,0,0,0,12,0,0,0,1876,detection,
1880739,6,20,514,514,0,0,0,0,0,0,26,0,0,0,1880,detection,
1881180,9,21,512,512,0,0,0,0,0,0,10,0,0,0,1881,detection,
1881183,15,21,512,512,0,0,0,0,0,0,2,0,0,0,1881,detection,
1881246,22,21,512,512,0,0,0,0,0,0,7,0,0,0,1881,detection,
1881248,14,21,512,512,0,0,0,0,0,0,10,0,0,0,1881,detection,
1881268,1,28,212,512,-300,100,76,100,100,44,27,0,87,100,1881,detection,
1881285,17,28,212,512,-300,100,72,100,96,22,31,0,82,75,1881,detection,
1881348,20,28,212,512,-300,100,89,100,0,42,16,0,97,100,1881,detection,
1881374,22,28,212,512,-300,100,75,100,100,44,28,0,87,100,1881,detection,
1881374,10,28,212,512,-300,100,80,100,100,37,23,0,93,100,1881,detection,
1881379,19,28,212,512,-300,100,65,100,86,20,40,0,71,55,1881,detection,
1884626,10,25,898,1198,-300,66,70,100,94,44,33,0,68,55,1884,detection,
1884631,19,25,898,1198,-300,66,66,100,88,50,38,0,68,55,1884,detection,
1884650,13,25,898,1198,-300,66,63,98,84,9,42,0,66,55,1884,detection,
1884661,17,25,898,1198,-300,66,63,100,0,27,42,100,99,100,1884,detection,
1887302,8,13,1240,1240,0,0,0,0,0,0,44,0,0,0,1887,detection,
1887325,11,13,1240,1240,0,0,0,0,0,0,44,0,0,0,1887,detection,
1889183,15,9,533,533,0,0,0,0,0,0,5,0,0,0,1889,detection,
1891651,13,8,1538,1538,0,0,0,0,0,0,39,0,0,0,1891,detection,
1893345,3,18,813,813,0,0,0,0,0,0,45,0,0,0,1893,detection,
1896702,11,13,1269,1269,0,0,0,0,0,0,43,0,0,0,1896,detection,
1896803,8,13,1269,1269,0,0,0,0,0,0,43,0,0,0,1896,detection,
1902202,11,19,816,816,0,0,0,0,0,0,31,0,0,0,1902,detection,
1902220,3,19,816,816,0,0,0,0,0,0,25,0,0,0,1902,detection,
1902224,20,19,816,816,0,0,0,0,0,0,21,0,0,0,1902,detection,
1902237,6,19,816,816,0,0,0,0,0,0,43,0,0,0,1902,detection,
1902249,10,19,816,816,0,0,0,0,0,0,25,0,0,0,1902,detection,
1902274,13,19,816,816,0,0,0,0,0,0,27,0,0,0,1902,detection,
1902284,17,19,816,816,0,0,0,0,0,0,35,0,0,0,1902,detection,
1902302,8,19,816,816,0,0,0,0,0,0,31,0,0,0,1902,detection,
1908249,16,12,1280,1280,0,0,0,0,0,0,43,0,0,0,1908,detection,
1911930,8,13,1257,1257,0,0,0,0,0,0,43,0,0,0,1911,detection,
1911953,11,13,1257,1257,0,0,0,0,0,0,43,0,0,0,1911,detection,
1915806,15,7,541,541,0,0,0,0,0,0,4,0,0,0,1915,detection,
1925922,1,23,223,523,-300,100,67,100,0,40,37,0,74,75,1925,detection,
1925970,3,23,223,523,-300,100,72,100,0,55,31,0,82,75,1925,detection,
1925992,6,23,223,523,-300,100,60,100,80,45,47,0,61,40,1925,detection,
1925999,16,23,223,523,-300,100,69,100,0,30,34,0,79,75,1925,detection,
1926008,18,23,223,523,-300,100,77,100,0,22,26,0,89,100,1926,detection,
1931496,22,18,813,813,0,0,0,0,0,0,35,0,0,0,1931,detection,
1931496,16,18,813,813,0,0,0,0,0,0,43,0,0,0,1931,detection,
1931554,15,9,530,530,0,0,0,0,0,0,5,0,0,0,1931,detection,
1931612,1,9,530,530,0,0,0,0,0,0,10,0,0,0,1931,detection,
1931621,22,9,530,530,0,0,0,0,0,0,15,0,0,0,1931,detection,
1931625,21,9,530,530,0,0,0,0,0,0,14,0,0,0,1931,detection,
1933850,20,10,846,846,0,0,0,0,0,0,21,0,0,0,1933,detection,
1933877,1,10,846,846,0,0,0,0,0,0,16,0,0,0,1933,detection,
1933889,7,10,846,846,0,0,0,0,0,0,16,0,0,0,1933,detection,
1934249,22,6,512,512,0,0,0,0,0,0,7,0,0,0,1934,detection,
1934827,11,13,1257,1257,0,0,0,0,0,0,43,0,0,0,1934,detection,
1934927,8,13,1257,1257,0,0,0,0,0,0,42,0,0,0,1934,detection,
1940663,12,27,1432,1132,300,0,66,100,0,0,38,0,69,55,1940,detection,
1940703,2,27,1432,1132,300,0,65,100,87,10,39,0,69,55,1940,detection,
1940752,16,27,1432,1132,300,0,65,100,86,30,40,0,69,55,1940,detection,
1940759,18,27,1432,1132,300,0,63,100,84,36,42,0,66,55,1940,detection,
1942497,10,19,803,803,0,0,0,0,0,0,25,0,0,0,1942,detection,
1943881,18,16,1174,1174,0,0,0,0,0,0,42,0,0,0,1943,detection,
1943913,12,16,1174,1174,0,0,0,0,0,0,41,0,0,0,1943,detection,
1943952,2,16,1174,1174,0,0,0,0,0,0,42,0,0,0,1943,detection,
1943968,3,16,1174,1174,0,0,0,0,0,0,41,0,0,0,1943,detection,
1944162,12,2,1573,1573,0,0,0,0,0,0,41,0,0,0,1944,detection,
1947759,18,31,1275,1575,-300,60,61,100,0,45,45,0,61,40,1947,detection,
1947873,16,31,1875,1575,300,0,61,100,82,63,45,0,63,40,1947,detection,
1947886,18,31,1875,1575,300,0,62,100,83,45,44,0,64,40,1947,detection,
1947912,17,29,1649,1349,300,0,56,100,0,8,54,0,60,40,1947,detection,
1947952,2,29,1649,1349,300,0,67,100,0,50,37,0,69,55,1947,detection,
1947997,22,28,812,512,300,0,81,100,100,62,22,0,80,75,1947,detection,
1949383,5,15,557,557,0,0,0,0,0,0,2,0,0,0,1949,detection,
1949620,16,12,1280,1280,0,0,0,0,0,0,43,0,0,0,1949,detection,
1949704,2,12,1280,1280,0,0,0,0,0,0,39,0,0,0,1949,detection,
1950662,12,2,1558,1558,0,0,0,0,0,0,41,0,0,0,1950,detection,
1950720,3,2,1558,1558,0,0,0,0,0,0,44,0,0,0,1950,detection,
1950750,16,2,1558,1558,0,0,0,0,0,0,40,0,0,0,1950,detection,
1952593,3,17,873,873,0,0,0,0,0,0,35,0,0,0,1952,detection,
1952597,20,17,873,873,0,0,0,0,0,0,20,0,0,0,1952,detection,
1952614,6,17,873,873,0,0,0,0,0,0,38,0,0,0,1952,detection,
1952631,19,17,873,873,0,0,0,0,0,0,41,0,0,0,1952,detection,
1952647,13,17,873,873,0,0,0,0,0,0,29,0,0,0,1952,detection,
1952699,11,17,873,873,0,0,0,0,0,0,27,0,0,0,1952,detection,
1955246,4,26,532,832,-300,92,56,86,75,8,54,0,56,40,1955,detection,
1956287,12,31,1275,1575,-300,60,61,100,0,36,46,0,61,40,1956,detection,
1956375,16,31,1275,1575,-300,60,61,100,82,63,45,0,65,55,1956,detection,
1956384,18,31,1275,1575,-300,60,62,100,83,45,44,0,64,40,1956,detection,
1956748,22,21,512,512,0,0,0,0,0,0,7,0,0,0,1956,detection,
1957059,9,26,1132,832,300,0,66,100,0,30,38,0,69,55,1957,detection,
1957121,4,26,1132,832,300,0,56,87,75,16,53,0,60,40,1957,detection,
1957123,14,26,1132,832,300,0,53,100,0,23,60,0,58,40,1957,detection,
1957124,22,26,1132,832,300,0,77,100,0,44,26,0,75,75,1957,detection,
1957128,21,26,1132,832,300,0,60,100,0,54,47,0,62,40,1957,detection,
1957132,18,26,1132,832,300,0,90,100,0,57,15,0,82,75,1957,detection,
1966841,3,2,1558,1558,0,0,0,0,0,0,38,0,0,0,1966,detection,
1966872,16,2,1558,1558,0,0,0,0,0,0,40,0,0,0,1966,detection,
1966912,12,2,1558,1558,0,0,0,0,0,0,40,0,0,0,1966,detection,
1967682,9,14,920,920,0,0,0,0,0,0,28,0,0,0,1967,detection,
1967744,4,14,920,920,0,0,0,0,0,0,40,0,0,0,1967,detection,
1967748,22,14,920,920,0,0,0,0,0,0,34,0,0,0,1967,detection,
1967752,21,14,920,920,0,0,0,0,0,0,27,0,0,0,1967,detection,
1970749,16,31,1860,1560,300,0,62,100,83,63,44,0,64,40,1970,detection,
1970789,12,31,1860,1560,300,0,61,100,81,45,46,0,63,40,1970,detection,
1975202,2,12,1762,1762,0,0,0,0,0,0,42,0,0,0,1975,detection,
1975247,16,12,1762,1762,0,0,0,0,0,0,39,0,0,0,1975,detection,
1978361,6,3,1040,1040,0,0,0,0,0,0,61,0,0,0,1978,detection,
1978374,16,3,1040,1040,0,0,0,0,0,0,49,0,0,0,1978,detection,
1978378,19,3,1040,1040,0,0,0,0,0,0,62,0,0,0,1978,detection,
1978383,18,3,1040,1040,0,0,0,0,0,0,42,0,0,0,1978,detection,
1978409,17,3,1040,1040,0,0,0,0,0,0,57,0,0,0,1978,detection,
1978450,11,3,1040,1040,0,0,0,0,0,0,41,0,0,0,1978,detection,
1978453,2,3,1040,1040,0,0,0,0,0,0,44,0,0,0,1978,detection,
1979303,8,13,1257,1257,0,0,0,0,0,0,42,0,0,0,1979,detection,
1979330,11,13,1257,1257,0,0,0,0,0,0,42,0,0,0,1979,detection,
1980326,2,12,1728,1728,0,0,0,0,0,0,42,0,0,0,1980,detection,
1988787,17,29,1023,1323,-300,27,56,100,75,16,54,0,62,40,1988,detection,
1992092,3,16,1136,1136,0,0,0,0,0,0,41,0,0,0,1992,detection,
1997750,16,31,1247,1547,-300,71,65,100,86,70,40,0,65,55,1997,detection,
1997759,18,31,1247,1547,-300,71,62,100,0,36,44,0,64,40,1997,detection,
1997786,12,31,1247,1547,-300,71,61,95,82,0,45,0,63,40,1997,detection,
1998121,16,12,1728,1728,0,0,0,0,0,0,38,0,0,0,1998,detection,
1998204,2,12,1728,1728,0,0,0,0,0,0,42,0,0,0,1998,detection,
1998376,19,11,928,928,0,0,0,0,0,0,57,0,0,0,1998,detection,
2001373,16,2,1545,1545,0,0,0,0,0,0,40,0,0,0,2001,detection,
2001385,5,7,535,535,0,0,0,0,0,0,3,0,0,0,2001,detection,
2001412,12,2,1545,1545,0,0,0,0,0,0,40,0,0,0,2001,detection,
2001466,3,2,1545,1545,0,0,0,0,0,0,38,0,0,0,2001,detection,
2007126,19,3,1040,1040,0,0,0,0,0,0,57,0,0,0,2007,detection,
2009500,21,15,557,557,0,0,0,0,0,0,12,0,0,0,2009,detection,
2017750,19,17,843,843,0,0,0,0,0,0,40,0,0,0,2017,detection,
2017985,6,19,803,803,0,0,0,0,0,0,44,0,0,0,2017,detection,
2021249,16,12,1698,1698,0,0,0,0,0,0,38,0,0,0,2021,detection,
2028248,14,4,1233,1233,0,0,0,0,0,0,51,0,0,0,2028,detection,
2028974,20,24,814,514,300,0,87,100,100,25,17,0,82,75,2028,detection,
2035632,19,25,1473,1173,300,0,66,100,88,60,38,0,69,55,2035,detection,
2036372,16,2,1545,1545,0,0,0,0,0,0,40,0,0,0,2036,detection,
2036411,12,2,1545,1545,0,0,0,0,0,0,40,0,0,0,2036,detection,
2039413,12,31,1805,1505,300,0,61,95,82,9,45,0,63,40,2039,detection,
2039497,16,31,1805,1505,300,0,65,100,86,70,40,0,65,55,2039,detection,
2041999,21,5,520,520,0,0,0,0,0,0,10,0,0,0,2041,detection,
2045829,11,8,1434,1434,0,0,0,0,0,0,43,0,0,0,2045,detection,
2050988,6,11,912,912,0,0,0,0,0,0,61,0,0,0,2050,detection,
2051000,19,11,912,912,0,0,0,0,0,0,57,0,0,0,2051,detection,
2051035,17,11,912,912,0,0,0,0,0,0,56,0,0,0,2051,detection,
2051055,8,11,912,912,0,0,0,0,0,0,42,0,0,0,2051,detection,
2059786,12,2,1545,1545,0,0,0,0,0,0,37,0,0,0,2059,detection,
2061498,16,31,637,937,-300,53,63,100,84,63,43,0,62,40,2061,detection,
2061506,18,31,637,937,-300,53,65,100,0,40,40,0,54,40,2061,detection,
2061538,12,31,637,937,-300,53,64,100,85,20,41,0,61,40,2061,detection,
2063703,2,12,1009,1009,0,0,0,0,0,0,42,0,0,0,2063,detection,
2063747,16,12,1009,1009,0,0,0,0,0,0,42,0,0,0,2063,detection,
2065078,2,16,997,997,0,0,0,0,0,0,46,0,0,0,2065,detection,
2065093,3,16,997,997,0,0,0,0,0,0,45,0,0,0,2065,detection,
2065131,18,16,997,997,0,0,0,0,0,0,42,0,0,0,2065,detection,
2065163,12,16,997,997,0,0,0,0,0,0,45,0,0,0,2065,detection,
2065628,16,27,1202,902,300,0,62,100,0,27,44,0,64,40,2065,detection,
2065633,18,27,1202,902,300,0,63,100,0,36,43,0,66,55,2065,detection,
2065661,12,27,1202,902,300,0,63,100,0,0,43,0,66,55,2065,detection,
2066997,14,9,526,526,0,0,0,0,0,0,14,0,0,0,2066,detection,
2067717,3,2,1293,1293,0,0,0,0,0,0,42,0,0,0,2067,detection,
2067748,16,2,1293,1293,0,0,0,0,0,0,37,0,0,0,2067,detection,
2069594,3,29,1579,1279,300,0,61,100,0,18,45,100,99,100,2069,detection,
2069829,2,27,602,902,-300,100,63,97,84,0,43,0,66,55,2069,detection,
2069873,16,27,602,902,-300,100,62,100,83,36,44,0,64,40,2069,detection,
2069881,18,27,602,902,-300,100,63,100,84,36,43,0,66,55,2069,detection,
2069914,12,27,602,902,-300,100,63,100,84,9,43,0,66,55,2069,detection,
2070251,16,31,1150,850,300,0,63,100,84,63,43,0,66,55,2070,detection,
2072409,17,11,912,912,0,0,0,0,0,0,56,0,0,0,2072,detection,
2072451,2,12,976,976,0,0,0,0,0,0,42,0,0,0,2072,detection,
2073037,12,16,938,938,0,0,0,0,0,0,41,50,68,55,2073,detection,
2073076,2,16,938,938,0,0,0,0,0,0,45,0,0,0,2073,detection,
2073095,3,16,938,938,0,0,0,0,0,0,45,0,0,0,2073,detection,
2073787,12,2,1016,1016,0,0,0,0,0,0,40,50,68,55,2073,detection,
2073853,3,2,1016,1016,0,0,0,0,0,0,42,0,0,0,2073,detection,
2073871,16,2,1016,1016,0,0,0,0,0,0,40,50,68,55,2073,detection,
2074330,2,27,1394,1094,300,0,63,97,84,9,43,0,66,55,2074,detection,
2074374,16,27,1394,1094,300,0,62,100,83,45,44,0,64,40,2074,detection,
2074382,18,27,1394,1094,300,0,63,100,84,45,43,0,66,55,2074,detection,
2078374,16,2,1286,1286,0,0,0,0,0,0,40,0,0,0,2078,detection,
2078410,12,2,1286,1286,0,0,0,0,0,0,40,0,0,0,2078,detection,
2078467,3,2,1286,1286,0,0,0,0,0,0,42,0,0,0,2078,detection,
2079632,18,16,1148,1148,0,0,0,0,0,0,42,0,0,0,2079,detection,
2079703,2,16,1148,1148,0,0,0,0,0,0,45,0,0,0,2079,detection,
2079718,3,16,1148,1148,0,0,0,0,0,0,39,0,0,0,2079,detection,
2081329,2,27,791,1091,-300,100,63,97,84,0,43,0,66,55,2081,detection,
2081373,16,27,791,1091,-300,100,62,96,83,0,44,0,64,40,2081,detection,
2081386,18,27,791,1091,-300,100,65,100,87,60,39,0,71,55,2081,detection,
2081414,12,27,791,1091,-300,100,63,100,0,9,43,0,66,55,2081,detection,
2081594,3,19,796,796,0,0,0,0,0,0,25,0,0,0,2081,detection,
2083219,3,2,1305,1305,0,0,0,0,0,0,42,0,0,0,2083,detection,
2083250,16,2,1305,1305,0,0,0,0,0,0,40,0,0,0,2083,detection,
2083286,12,2,1305,1305,0,0,0,0,0,0,40,0,0,0,2083,detection,
2086873,16,12,952,952,0,0,0,0,0,0,43,0,0,0,2086,detection,
2086953,2,12,952,952,0,0,0,0,0,0,39,0,0,0,2086,detection,
2089093,3,2,1273,1273,0,0,0,0,0,0,42,0,0,0,2089,detection,
2089124,16,2,1273,1273,0,0,0,0,0,0,40,0,0,0,2089,detection,
2089163,12,2,1273,1273,0,0,0,0,0,0,40,0,0,0,2089,detection,
2091664,12,27,1391,1091,300,0,63,100,84,18,43,0,66,55,2091,detection,
2091702,2,27,1391,1091,300,0,63,97,84,9,43,0,66,55,2091,detection,
2091751,16,27,1391,1091,300,0,65,100,87,10,39,0,69,55,2091,detection,
2091759,18,27,1391,1091,300,0,65,100,87,60,39,0,69,55,2091,detection,
2096748,22,14,877,877,0,0,0,0,0,0,34,0,0,0,2096,detection,
2098162,12,16,1148,1148,0,0,0,0,0,0,44,0,0,0,2098,detection,
2098201,2,16,1148,1148,0,0,0,0,0,0,45,0,0,0,2098,detection,
2098220,3,16,1148,1148,0,0,0,0,0,0,39,0,0,0,2098,detection,
2100911,12,2,1266,1266,0,0,0,0,0,0,40,0,0,0,2100,detection,
2105472,20,6,512,512,0,0,0,0,0,0,9,0,0,0,2105,detection,
2109652,1,5,518,518,0,0,0,0,0,0,7,0,0,0,2109,detection,
2109682,15,5,518,518,0,0,0,0,0,0,2,0,0,0,2109,detection,
2109724,20,5,518,518,0,0,0,0,0,0,5,0,0,0,2109,detection,
2109748,10,5,518,518,0,0,0,0,0,0,10,0,0,0,2109,detection,
2109752,21,5,518,518,0,0,0,0,0,0,10,0,0,0,2109,detection,
2109763,7,5,518,518,0,0,0,0,0,0,0,0,0,0,2109,detection,
2110999,16,31,1123,823,300,0,63,97,0,0,43,0,66,55,2110,detection,
2111008,18,31,1123,823,300,0,65,100,86,40,40,0,69,55,2111,detection,
2111036,12,31,1123,823,300,0,64,100,85,30,41,0,68,55,2111,detection,
2111499,10,24,214,514,-300,100,89,100,0,57,16,0,97,100,2111,detection,
2112451,2,12,1432,1432,0,0,0,0,0,0,39,0,0,0,2112,detection,
2112495,16,12,1432,1432,0,0,0,0,0,0,43,0,0,0,2112,detection,
2113704,11,30,938,1238,-300,52,65,100,86,50,40,0,61,40,2113,detection,
2113756,19,30,938,1238,-300,52,56,100,75,41,54,0,63,40,2113,detection,
2113775,13,30,938,1238,-300,52,65,100,87,10,39,0,61,40,2113,detection,
2113804,8,30,938,1238,-300,52,65,100,87,50,39,0,61,40,2113,detection,
2114525,13,30,1538,1238,300,0,65,100,87,20,39,0,69,55,2114,detection,
2116468,3,2,1486,1486,0,0,0,0,0,0,42,0,0,0,2116,detection,
2116498,16,2,1486,1486,0,0,0,0,0,0,40,0,0,0,2116,detection,
2116826,2,12,1432,1432,0,0,0,0,0,0,39,0,0,0,2116,detection,
2119951,2,16,1140,1140,0,0,0,0,0,0,44,0,0,0,2119,detection,
2119971,3,16,1140,1140,0,0,0,0,0,0,38,0,0,0,2119,detection,
2120004,18,16,1140,1140,0,0,0,0,0,0,41,0,0,0,2120,detection,
2120036,12,16,1140,1140,0,0,0,0,0,0,44,0,0,0,2120,detection,
2121343,3,2,1469,1469,0,0,0,0,0,0,37,0,0,0,2121,detection,
2121374,16,2,1469,1469,0,0,0,0,0,0,40,0,0,0,2121,detection,
2121410,12,2,1469,1469,0,0,0,0,0,0,40,0,0,0,2121,detection,
2124276,13,8,1434,1434,0,0,0,0,0,0,39,0,0,0,2124,detection,
2124328,11,8,1434,1434,0,0,0,0,0,0,39,0,0,0,2124,detection,
2130455,2,27,791,1091,-300,100,63,97,84,18,43,0,66,55,2130,detection,
2130499,16,27,791,1091,-300,100,65,100,87,20,39,0,71,55,2130,detection,
2130507,18,27,791,1091,-300,100,65,100,87,60,39,0,71,55,2130,detection,
2130540,12,27,791,1091,-300,100,65,100,87,30,39,0,71,55,2130,detection,
2130665,17,23,219,519,-300,100,61,100,0,27,46,0,62,40,2130,detection,
2131093,3,2,1182,1182,0,0,0,0,0,0,40,0,0,0,2131,detection,
2133325,2,12,1259,1259,0,0,0,0,0,0,43,0,0,0,2133,detection,
2133374,16,12,1259,1259,0,0,0,0,0,0,42,0,0,0,2133,detection,
2134216,3,2,1194,1194,0,0,0,0,0,0,40,0,0,0,2134,detection,
2134246,16,2,1194,1194,0,0,0,0,0,0,40,0,0,0,2134,detection,
2134287,12,2,1194,1194,0,0,0,0,0,0,40,0,0,0,2134,detection,
2139552,8,13,1257,1257,0,0,0,0,0,0,42,0,0,0,2139,detection,
2141826,2,12,1218,1218,0,0,0,0,0,0,42,0,0,0,2141,detection,
2141875,16,12,1218,1218,0,0,0,0,0,0,42,0,0,0,2141,detection,
2153123,16,12,1200,1200,0,0,0,0,0,0,38,0,0,0,2153,detection,
2153203,2,12,1200,1200,0,0,0,0,0,0,42,0,0,0,2153,detection,
2155863,6,22,512,512,0,0,0,0,0,0,22,0,0,0,2155,detection,
2156445,1,24,814,514,300,0,84,100,100,50,19,0,82,75,2156,detection,
2156474,20,24,814,514,300,0,90,100,0,28,15,0,82,75,2156,detection,
2156500,10,24,814,514,300,0,89,100,100,57,16,0,82,75,2156,detection,
2156503,21,24,814,514,300,0,93,100,0,71,13,0,78,75,2156,detection,
2156513,5,24,814,514,300,0,99,100,0,57,9,0,82,75,2156,detection,
2156515,7,24,814,514,300,0,100,100,100,66,4,0,82,75,2156,detection,
2156558,15,24,814,514,300,0,94,100,100,71,12,0,78,75,2156,detection,
2159010,5,25,878,1178,-300,74,83,100,100,62,20,0,89,100,2159,detection,
2159162,12,2,1194,1194,0,0,0,0,0,0,37,0,0,0,2159,detection,
2159219,3,2,1194,1194,0,0,0,0,0,0,40,0,0,0,2159,detection,
2159250,16,2,1194,1194,0,0,0,0,0,0,36,0,0,0,2159,detection,
2168577,2,16,1155,1155,0,0,0,0,0,0,44,0,0,0,2168,detection,
2170513,7,15,557,557,0,0,0,0,0,0,0,0,0,0,2170,detection,
2176288,12,31,1160,860,300,0,64,100,0,0,41,0,68,55,2176,detection,
2176499,16,12,1200,1200,0,0,0,0,0,0,37,0,0,0,2176,detection,
2183499,16,27,786,1086,-300,100,66,100,0,20,38,0,72,55,2183,detection,
2183507,18,27,786,1086,-300,100,65,100,0,50,39,0,71,55,2183,detection,
2183540,12,27,786,1086,-300,100,65,100,0,30,39,0,71,55,2183,detection,
2183579,2,27,786,1086,-300,100,63,100,0,18,43,0,66,55,2183,detection,
2183931,9,21,512,512,0,0,0,0,0,0,10,0,0,0,2183,detection,
2186376,10,20,512,512,0,0,0,0,0,0,14,0,0,0,2186,detection,
2187875,16,2,1174,1174,0,0,0,0,0,0,36,0,0,0,2187,detection,
2187911,12,2,1174,1174,0,0,0,0,0,0,36,0,0,0,2187,detection,
2187968,3,2,1174,1174,0,0,0,0,0,0,40,0,0,0,2187,detection,
2188452,2,16,1155,1155,0,0,0,0,0,0,44,0,0,0,2188,detection,
2188467,3,16,1155,1155,0,0,0,0,0,0,38,0,0,0,2188,detection,
2188505,18,16,1155,1155,0,0,0,0,0,0,37,0,0,0,2188,detection,
2188539,12,16,1155,1155,0,0,0,0,0,0,44,0,0,0,2188,detection,
2190054,8,30,938,1238,-300,52,65,100,0,50,39,0,54,40,2190,detection,
2197024,13,8,1434,1434,0,0,0,0,0,0,39,0,0,0,2197,detection,
2197123,22,26,1186,886,300,0,78,100,0,33,25,0,77,75,2197,detection,
2197759,5,6,512,512,0,0,0,0,0,0,5,0,0,0,2197,detection,
2209035,17,28,812,512,300,0,72,100,96,33,31,0,72,75,2209,detection,
2217060,15,24,239,539,-300,100,96,100,100,71,11,0,91,100,2217,detection,
2225842,3,2,1174,1174,0,0,0,0,0,0,40,0,0,0,2225,detection,
2225873,16,2,1174,1174,0,0,0,0,0,0,36,0,0,0,2225,detection,
2227228,1,9,524,524,0,0,0,0,0,0,10,0,0,0,2227,detection,
2227246,22,9,524,524,0,0,0,0,0,0,15,0,0,0,2227,detection,
2227248,14,9,524,524,0,0,0,0,0,0,14,0,0,0,2227,detection,
2227250,21,9,524,524,0,0,0,0,0,0,10,0,0,0,2227,detection,
2231306,9,15,552,552,0,0,0,0,0,0,10,0,0,0,2231,detection,
2231374,21,15,552,552,0,0,0,0,0,0,12,0,0,0,2231,detection,
2231384,5,15,552,552,0,0,0,0,0,0,2,0,0,0,2231,detection,
2231390,7,15,552,552,0,0,0,0,0,0,0,0,0,0,2231,detection,
2233248,14,4,1233,1233,0,0,0,0,0,0,47,0,0,0,2233,detection,
2235555,9,15,552,552,0,0,0,0,0,0,10,0,0,0,2235,detection,
2238375,16,27,1382,1082,300,0,66,100,88,30,38,0,69,55,2238,detection,
2241147,13,19,807,807,0,0,0,0,0,0,27,0,0,0,2241,detection,
2249371,16,12,1179,1179,0,0,0,0,0,0,37,0,0,0,2249,detection,
2253623,16,12,1179,1179,0,0,0,0,0,0,37,0,0,0,2253,detection,
2253702,2,12,1179,1179,0,0,0,0,0,0,41,0,0,0,2253,detection,
2255744,4,14,866,866,0,0,0,0,0,0,41,0,0,0,2255,detection,
2256623,16,31,1151,851,300,0,63,100,0,0,43,0,66,55,2256,detection,
2256632,18,31,1151,851,300,0,65,100,0,30,40,0,69,55,2256,detection,
2259498,19,20,512,512,0,0,0,0,0,0,25,0,0,0,2259,detection,
2259499,10,20,512,512,0,0,0,0,0,0,14,0,0,0,2259,detection,
2263093,3,17,835,835,0,0,0,0,0,0,35,0,0,0,2263,detection,
2269453,11,29,1543,1243,300,0,65,100,0,0,40,0,69,55,2269,detection,
2278003,19,25,1482,1182,300,0,67,100,0,50,37,0,69,55,2278,detection,
2278010,5,25,1482,1182,300,0,83,100,100,62,20,0,82,75,2278,detection,
2278076,2,3,984,984,0,0,0,0,0,0,44,0,0,0,2278,detection,
2289988,6,3,984,984,0,0,0,0,0,0,60,0,0,0,2289,detection,
2289997,16,3,984,984,0,0,0,0,0,0,48,0,0,0,2289,detection,
2290001,19,3,984,984,0,0,0,0,0,0,56,0,0,0,2290,detection,
2290005,18,3,984,984,0,0,0,0,0,0,42,0,0,0,2290,detection,
2290035,17,3,984,984,0,0,0,0,0,0,56,0,0,0,2290,detection,
2290072,11,3,984,984,0,0,0,0,0,0,41,0,0,0,2290,detection,
2290076,2,3,984,984,0,0,0,0,0,0,40,0,0,0,2290,detection,
2293999,22,21,512,512,0,0,0,0,0,0,7,0,0,0,2293,detection,
2295537,12,2,1174,1174,0,0,0,0,0,0,36,0,0,0,2295,detection,
2301757,18,31,551,851,-300,87,65,100,86,40,40,0,71,55,2301,detection,
2304324,2,16,1146,1146,0,0,0,0,0,0,39,0,0,0,2304,detection,
2304344,3,16,1146,1146,0,0,0,0,0,0,38,0,0,0,2304,detection,
2304381,18,16,1146,1146,0,0,0,0,0,0,37,0,0,0,2304,detection,
2304413,12,16,1146,1146,0,0,0,0,0,0,43,0,0,0,2304,detection,
2310751,16,27,782,1082,-300,100,66,100,88,40,38,0,72,55,2310,detection,
2310787,12,27,782,1082,-300,100,66,100,0,30,38,0,72,55,2310,detection,
2316883,5,7,516,516,0,0,0,0,0,0,3,0,0,0,2316,detection,
2317952,11,13,1227,1227,0,0,0,0,0,0,42,0,0,0,2317,detection,
2320593,3,18,800,800,0,0,0,0,0,0,40,0,0,0,2320,detection,
2322542,1,22,525,525,0,0,0,0,0,0,7,0,0,0,2322,detection,
2322555,9,22,525,525,0,0,0,0,0,0,8,0,0,0,2322,detection,
2322622,14,22,525,525,0,0,0,0,0,0,10,0,0,0,2322,detection,
2322624,21,22,525,525,0,0,0,0,0,0,10,0,0,0,2322,detection,
2323474,20,25,870,1170,-300,77,86,100,100,50,18,0,94,100,2323,detection,
2326327,2,12,1186,1186,0,0,0,0,0,0,41,0,0,0,2326,detection,
2326373,16,12,1186,1186,0,0,0,0,0,0,37,50,68,55,2326,detection,
2329021,13,17,822,822,0,0,0,0,0,0,29,0,0,0,2329,detection,
2329077,11,17,822,822,0,0,0,0,0,0,27,0,0,0,2329,detection,
2329091,3,17,822,822,0,0,0,0,0,0,30,0,0,0,2329,detection,
2329095,20,17,822,822,0,0,0,0,0,0,20,0,0,0,2329,detection,
2329112,6,17,822,822,0,0,0,0,0,0,38,0,0,0,2329,detection,
2329126,19,17,822,822,0,0,0,0,0,0,40,0,0,0,2329,detection,
2338884,5,10,820,820,0,0,0,0,0,0,15,0,0,0,2338,detection,
2343995,4,14,856,856,0,0,0,0,0,0,42,0,0,0,2343,detection,
2343999,21,14,856,856,0,0,0,0,0,0,28,0,0,0,2343,detection,
2345097,3,23,239,539,-300,100,73,100,0,44,30,0,84,75,2345,detection,
2348745,22,18,800,800,0,0,0,0,0,0,36,0,0,0,2348,detection,
2348746,16,18,800,800,0,0,0,0,0,0,43,0,0,0,2348,detection,
2355047,1,23,839,539,300,0,68,100,90,40,36,0,69,75,2355,detection,
2355094,3,23,839,539,300,0,79,100,100,50,24,0,78,75,2355,detection,
2355117,6,23,839,539,300,0,60,100,80,45,47,0,62,40,2355,detection,
2355124,16,23,839,539,300,0,70,100,94,33,33,0,71,75,2355,detection,
2355133,18,23,839,539,300,0,78,100,100,33,25,0,77,75,2355,detection,
2355166,17,23,839,539,300,0,61,100,81,27,46,0,63,40,2355,detection,
2356009,5,15,544,544,0,0,0,0,0,0,2,0,0,0,2356,detection,
2360997,16,2,1174,1174,0,0,0,0,0,0,36,0,0,0,2360,detection,
2361247,22,6,512,512,0,0,0,0,0,0,6,0,0,0,2361,detection,
2361251,19,6,512,512,0,0,0,0,0,0,28,0,0,0,2361,detection,
2361251,10,6,512,512,0,0,0,0,0,0,12,0,0,0,2361,detection,
2361259,5,6,512,512,0,0,0,0,0,0,5,0,0,0,2361,detection,
2361284,17,6,512,512,0,0,0,0,0,0,28,0,0,0,2361,detection,
2361326,11,6,512,512,0,0,0,0,0,0,10,0,0,0,2361,detection,
2361345,3,6,512,512,0,0,0,0,0,0,17,0,0,0,2361,detection,
2361349,20,6,512,512,0,0,0,0,0,0,8,0,0,0,2361,detection,
2362844,3,2,1174,1174,0,0,0,0,0,0,40,0,0,0,2362,detection,
2362910,12,2,1174,1174,0,0,0,0,0,0,36,0,0,0,2362,detection,
2363618,6,28,212,512,-300,100,81,100,100,62,22,0,95,100,2363,detection,
2366000,14,26,573,873,-300,76,54,100,73,33,57,0,57,40,2366,detection,
2367121,4,26,1173,873,300,0,58,100,0,16,51,0,60,40,2367,detection,
2367123,14,26,1173,873,300,0,55,100,74,41,55,0,58,40,2367,detection,
2367125,22,26,1173,873,300,0,79,100,0,25,24,0,78,75,2367,detection,
2367129,21,26,1173,873,300,0,61,100,0,45,45,0,63,40,2367,detection,
2367183,9,26,1173,873,300,0,68,100,0,20,36,0,69,55,2367,detection,
2370036,12,31,1401,1101,300,0,62,100,0,0,44,0,64,40,2370,detection,
2370124,16,31,1401,1101,300,0,63,100,0,0,43,0,66,55,2370,detection,
2370133,18,31,1401,1101,300,0,63,100,84,36,43,0,66,55,2370,detection,
2373451,11,8,1390,1390,0,0,0,0,0,0,38,0,0,0,2373,detection,
2378006,18,31,794,1094,-300,95,63,100,84,36,43,0,66,55,2378,detection,
2378038,12,31,794,1094,-300,95,62,100,83,9,44,0,64,40,2378,detection,
2380077,2,29,930,1230,-300,64,66,100,88,50,38,0,66,55,2380,detection,
2385373,16,31,1394,1094,300,0,63,100,0,0,43,0,66,55,2385,detection,
2390121,22,9,521,521,0,0,0,0,0,0,10,0,0,0,2390,detection,
2390886,5,24,233,533,-300,100,100,100,100,66,8,0,96,100,2390,detection,
2391008,18,31,794,1094,-300,95,63,100,0,36,43,0,66,55,2391,detection,
2391040,12,31,794,1094,-300,95,62,100,0,9,44,0,64,40,2391,detection,
2391123,16,31,794,1094,-300,95,65,100,87,10,39,0,71,55,2391,detection,
2395677,8,13,1227,1227,0,0,0,0,0,0,38,0,0,0,2395,detection,
2395701,11,13,1227,1227,0,0,0,0,0,0,38,0,0,0,2395,detection,
2416237,6,19,796,796,0,0,0,0,0,0,44,0,0,0,2416,detection,
2416249,10,19,796,796,0,0,0,0,0,0,25,0,0,0,2416,detection,
2416274,13,19,796,796,0,0,0,0,0,0,28,0,0,0,2416,detection,
2416284,17,19,796,796,0,0,0,0,0,0,35,0,0,0,2416,detection,
2416302,8,19,796,796,0,0,0,0,0,0,28,0,0,0,2416,detection,
2416326,11,19,796,796,0,0,0,0,0,0,31,0,0,0,2416,detection,
2416344,3,19,796,796,0,0,0,0,0,0,26,0,0,0,2416,detection,
2416347,20,19,796,796,0,0,0,0,0,0,21,0,0,0,2416,detection,
2417554,9,21,512,512,0,0,0,0,0,0,10,0,0,0,2417,detection,
2417557,15,21,512,512,0,0,0,0,0,0,2,0,0,0,2417,detection,
2417622,14,21,512,512,0,0,0,0,0,0,10,0,0,0,2417,detection,
2417624,22,21,512,512,0,0,0,0,0,0,7,0,0,0,2417,detection,
2417636,5,21,512,512,0,0,0,0,0,0,2,0,0,0,2417,detection,
2419328,11,19,796,796,0,0,0,0,0,0,31,0,0,0,2419,detection,
2420122,14,4,1148,1148,0,0,0,0,0,0,48,0,0,0,2420,detection,
2421503,19,25,1449,1149,300,0,67,100,0,40,37,0,69,55,2421,detection,
2424038,12,27,762,1062,-300,100,66,100,0,30,38,0,72,55,2424,detection,
2424875,16,31,1383,1083,300,0,66,100,88,20,38,0,69,55,2424,detection,
2424884,18,31,1383,1083,300,0,63,100,84,45,43,0,66,55,2424,detection,
2424912,12,31,1383,1083,300,0,62,100,83,18,44,0,64,40,2424,detection,
2429284,17,11,910,910,0,0,0,0,0,0,56,0,0,0,2429,detection,
2432622,14,4,1144,1144,0,0,0,0,0,0,49,0,0,0,2432,detection,
2433718,3,16,1125,1125,0,0,0,0,0,0,38,0,0,0,2433,detection,
2435593,3,2,1148,1148,0,0,0,0,0,0,40,0,0,0,2435,detection,
2441126,21,15,544,544,0,0,0,0,0,0,11,0,0,0,2441,detection,
2451054,9,14,831,831,0,0,0,0,0,0,29,0,0,0,2451,detection,
2455010,18,31,569,869,-300,93,65,100,87,50,39,0,71,55,2455,detection,
2455038,12,31,569,869,-300,93,62,100,83,27,44,0,64,40,2455,detection,
2455126,16,31,569,869,-300,93,63,100,84,27,42,0,67,55,2455,detection,
2458328,2,12,891,891,0,0,0,0,0,0,37,0,0,0,2458,detection,
2458913,12,16,884,884,0,0,0,0,0,0,43,0,0,0,2458,detection,
2458952,2,16,884,884,0,0,0,0,0,0,43,0,0,0,2458,detection,
2460264,7,5,515,515,0,0,0,0,0,0,0,0,0,0,2460,detection,
2460623,16,31,1146,846,300,0,63,100,84,36,42,0,66,55,2460,detection,
2460631,18,31,1146,846,300,0,66,100,88,60,38,0,69,55,2460,detection,
2460663,12,31,1146,846,300,0,65,100,86,40,40,0,69,55,2460,detection,
2461276,13,8,1338,1338,0,0,0,0,0,0,39,0,0,0,2461,detection,
2462118,1,28,812,512,300,0,76,100,100,44,27,0,75,75,2462,detection,
2462121,22,28,812,512,300,0,82,100,0,50,21,0,80,75,2462,detection,
2462130,19,28,812,512,300,0,65,100,86,30,40,0,69,55,2462,detection,
2462135,5,28,812,512,300,0,79,100,0,25,24,0,78,75,2462,detection,
2462161,17,28,812,512,300,0,73,100,0,33,30,0,73,75,2462,detection,
2462258,5,21,512,512,0,0,0,0,0,0,0,0,0,0,2462,detection,
2463034,12,16,1095,1095,0,0,0,0,0,0,43,0,0,0,2463,detection,
2463077,2,16,1095,1095,0,0,0,0,0,0,42,0,0,0,2463,detection,
2463092,3,16,1095,1095,0,0,0,0,0,0,42,0,0,0,2463,detection,
2464702,2,12,1145,1145,0,0,0,0,0,0,41,0,0,0,2464,detection,
2464747,16,12,1145,1145,0,0,0,0,0,0,37,0,0,0,2464,detection,
2470706,2,27,1357,1057,300,0,65,100,87,30,39,0,69,55,2470,detection,
2470750,16,27,1357,1057,300,0,66,100,88,50,38,0,69,55,2470,detection,
2470757,18,27,1357,1057,300,0,65,100,87,60,39,0,69,55,2470,detection,
2470790,12,27,1357,1057,300,0,66,100,88,0,38,0,69,55,2470,detection,
2471508,1,10,818,818,0,0,0,0,0,0,16,0,0,0,2471,detection,
2471510,5,10,818,818,0,0,0,0,0,0,15,0,0,0,2471,detection,
2471596,20,10,818,818,0,0,0,0,0,0,21,0,0,0,2471,detection,
2472601,20,25,728,1028,-300,17,81,100,0,50,22,0,80,75,2472,detection,
2472625,10,25,728,1028,-300,17,67,100,0,40,37,0,69,55,2472,detection,
2472650,13,25,728,1028,-300,17,61,100,0,9,45,0,63,40,2472,detection,
2473468,3,2,1392,1392,0,0,0,0,0,0,36,0,0,0,2473,detection,
2473535,12,2,1392,1392,0,0,0,0,0,0,40,0,0,0,2473,detection,
2474662,12,16,1118,1118,0,0,0,0,0,0,43,0,0,0,2474,detection,
2474701,2,16,1118,1118,0,0,0,0,0,0,42,0,0,0,2474,detection,
2474754,19,30,1328,1028,300,0,53,100,71,46,59,0,58,40,2474,detection,
2474774,13,30,1328,1028,300,0,62,100,0,18,44,0,64,40,2474,detection,
2474803,8,30,1328,1028,300,0,62,100,83,45,44,0,64,40,2474,detection,
2474827,2,12,1455,1455,0,0,0,0,0,0,41,0,0,0,2474,detection,
2474827,11,30,1328,1028,300,0,62,100,83,54,44,0,64,40,2474,detection,
2475099,20,24,833,533,300,0,91,100,0,28,14,0,82,75,2475,detection,
2475248,16,31,558,858,-300,97,63,98,84,0,42,0,67,55,2475,detection,
2477409,12,16,867,867,0,0,0,0,0,0,38,0,0,0,2477,detection,
2477453,2,16,867,867,0,0,0,0,0,0,42,0,0,0,2477,detection,
2477468,3,16,867,867,0,0,0,0,0,0,42,0,0,0,2477,detection,
2477506,18,16,867,867,0,0,0,0,0,0,41,0,0,0,2477,detection,
2479037,12,27,518,818,-300,100,63,98,84,0,42,0,67,55,2479,detection,
2479080,2,27,518,818,-300,100,63,97,84,0,43,0,66,55,2479,detection,
2479130,19,6,512,512,0,0,0,0,0,0,28,0,0,0,2479,detection,
2479132,18,27,518,818,-300,100,63,100,84,54,43,0,66,55,2479,detection,
2480325,2,12,865,865,0,0,0,0,0,0,41,0,0,0,2480,detection,
2480347,20,25,1279,979,300,0,82,100,100,62,21,0,80,75,2480,detection,
2480374,16,12,865,865,0,0,0,0,0,0,37,0,0,0,2480,detection,
2480376,10,25,1279,979,300,0,68,100,90,40,36,0,69,55,2480,detection,
2480378,19,25,1279,979,300,0,64,100,0,30,41,0,68,55,2480,detection,
2480385,5,25,1279,979,300,0,79,100,0,50,24,0,78,75,2480,detection,
2480401,13,25,1279,979,300,0,62,100,83,18,44,0,64,40,2480,detection,
2480412,17,25,1279,979,300,0,61,100,82,36,45,0,63,40,2480,detection,
2481498,16,2,869,869,0,0,0,0,0,0,36,0,0,0,2481,detection,
2481538,12,2,869,869,0,0,0,0,0,0,40,0,0,0,2481,detection,
2482898,13,30,861,1161,-300,74,62,100,83,27,44,0,64,40,2482,detection,
2482931,8,30,861,1161,-300,74,62,100,83,45,44,0,64,40,2482,detection,
2482955,11,30,861,1161,-300,74,64,100,85,60,41,0,68,55,2482,detection,
2483003,19,30,861,1161,-300,74,53,100,71,46,59,0,57,40,2483,detection,
2484037,17,29,1527,1227,300,0,56,100,75,25,54,0,58,40,2484,detection,
2484678,8,13,1091,1091,0,10,0,0,0,0,42,0,0,0,2484,detection,
2484702,11,13,1091,1091,0,10,0,0,0,0,42,0,0,0,2484,detection,
2486451,2,27,1115,815,300,0,63,97,84,9,43,0,66,55,2486,detection,
2486499,16,27,1115,815,300,0,63,98,0,0,42,0,66,55,2486,detection,
2486507,18,27,1115,815,300,0,63,100,84,54,42,0,66,55,2486,detection,
2486539,12,27,1115,815,300,0,63,98,84,9,42,0,66,55,2486,detection,
2487005,18,16,851,851,0,0,0,0,0,0,41,0,0,0,2487,detection,
2487036,12,16,851,851,0,0,0,0,0,0,38,0,0,0,2487,detection,
2487076,2,16,851,851,0,0,0,0,0,0,42,0,0,0,2487,detection,
2487095,3,16,851,851,0,0,0,0,0,0,37,0,0,0,2487,detection,
2489037,17,23,233,533,-300,100,64,100,85,40,41,0,69,55,2489,detection,
2489826,2,12,1262,1262,0,0,0,0,0,0,41,0,0,0,2489,detection,
2489875,16,12,1262,1262,0,0,0,0,0,0,41,0,0,0,2489,detection,
2489928,8,30,1450,1150,300,0,65,100,86,50,40,0,69,55,2489,detection,
2489952,11,30,1450,1150,300,0,65,100,86,60,40,0,69,55,2489,detection,
2490004,19,30,1450,1150,300,0,53,100,71,46,59,0,58,40,2490,detection,
2490024,13,30,1450,1150,300,0,62,100,83,36,44,0,64,40,2490,detection,
2490344,3,2,1186,1186,0,0,0,0,0,0,36,0,0,0,2490,detection,
2491745,14,22,512,512,0,0,0,0,0,0,10,0,0,0,2491,detection,
2492785,17,25,663,963,-300,43,61,100,82,36,45,0,65,55,2492,detection,
2492929,8,13,1454,1454,0,0,0,0,0,0,42,0,0,0,2492,detection,
2492952,11,13,1454,1454,0,0,0,0,0,0,42,0,0,0,2492,detection,
2493224,20,25,1263,963,300,0,83,100,0,50,20,0,82,75,2493,detection,
2493249,10,25,1263,963,300,0,68,100,0,30,36,0,69,55,2493,detection,
2493262,5,25,1263,963,300,0,79,100,0,37,24,0,78,75,2493,detection,
2493274,13,25,1263,963,300,0,65,100,0,0,40,0,69,55,2493,detection,
2493284,17,25,1263,963,300,0,62,100,83,45,44,0,64,40,2493,detection,
2496913,12,27,514,814,-300,100,63,98,84,0,42,0,67,55,2496,detection,
2496953,2,27,514,814,-300,100,63,98,84,0,42,0,67,55,2496,detection,
2499203,2,12,842,842,0,0,0,0,0,0,41,0,0,0,2499,detection,
2499247,16,12,842,842,0,0,0,0,0,0,37,0,0,0,2499,detection,
2499342,3,2,869,869,0,0,0,0,0,0,40,0,0,0,2499,detection,
2499372,16,2,869,869,0,0,0,0,0,0,36,0,0,0,2499,detection,
2499507,18,16,843,843,0,0,0,0,0,0,41,0,0,0,2499,detection,
2499535,12,16,843,843,0,0,0,0,0,0,38,0,0,0,2499,detection,
2499578,2,16,843,843,0,0,0,0,0,0,42,0,0,0,2499,detection,
2499593,3,16,843,843,0,0,0,0,0,0,37,0,0,0,2499,detection,
2501004,19,30,840,1140,-300,82,55,100,74,50,55,0,56,40,2501,detection,
2501023,13,30,840,1140,-300,82,62,96,83,0,44,0,64,40,2501,detection,
2501056,8,30,840,1140,-300,82,65,100,86,50,40,0,71,55,2501,detection,
2501080,11,30,840,1140,-300,82,65,100,86,70,40,0,65,55,2501,detection,
2503927,8,13,1096,1096,0,0,0,0,0,0,42,0,0,0,2503,detection,
2503950,11,13,1096,1096,0,0,0,0,0,0,42,0,0,0,2503,detection,
2504500,16,31,1144,844,300,0,63,98,84,9,42,0,66,55,2504,detection,
2504509,18,31,1144,844,300,0,66,100,0,50,38,0,69,55,2504,detection,
2504536,12,31,1144,844,300,0,65,100,0,0,40,0,69,55,2504,detection,
2506328,2,12,834,834,0,0,0,0,0,0,41,0,0,0,2506,detection,
2506372,16,12,834,834,0,0,0,0,0,0,37,0,0,0,2506,detection,
2506748,16,2,859,859,0,0,0,0,0,0,36,0,0,0,2506,detection,
2506788,12,2,859,859,0,0,0,0,0,0,40,0,0,0,2506,detection,
2506841,3,2,859,859,0,0,0,0,0,0,40,0,0,0,2506,detection,
2506952,2,16,1095,1095,0,0,0,0,0,0,42,0,0,0,2506,detection,
2506967,3,16,1095,1095,0,0,0,0,0,0,40,0,0,0,2506,detection,
2507005,18,16,1095,1095,0,0,0,0,0,0,41,0,0,0,2507,detection,
2507037,12,16,1095,1095,0,0,0,0,0,0,42,0,0,0,2507,detection,
2507873,16,27,1407,1107,300,0,64,100,0,0,41,0,68,55,2507,detection,
2507914,12,27,1407,1107,300,0,67,100,89,10,37,0,69,55,2507,detection,
2507953,2,27,1407,1107,300,0,63,98,84,9,42,0,66,55,2507,detection,
2509426,8,13,1096,1096,0,0,0,0,0,0,42,0,0,0,2509,detection,
2509450,11,13,1096,1096,0,0,0,0,0,0,42,0,0,0,2509,detection,
2510954,2,12,1238,1238,0,0,0,0,0,0,40,0,0,0,2510,detection,
2510999,16,12,1238,1238,0,0,0,0,0,0,40,0,0,0,2510,detection,
2512035,12,2,1526,1526,0,0,0,0,0,0,40,0,0,0,2512,detection,
2512092,3,2,1526,1526,0,0,0,0,0,0,40,0,0,0,2512,detection,
2512123,16,2,1526,1526,0,0,0,0,0,0,40,0,0,0,2512,detection,
2514785,12,16,1091,1091,0,0,0,0,0,0,42,0,0,0,2514,detection,
2515631,19,28,212,512,-300,100,65,100,86,40,40,0,71,55,2515,detection,
2515751,16,27,796,1096,-300,100,67,100,89,10,37,0,74,55,2515,detection,
2515758,18,27,796,1096,-300,100,63,100,84,54,42,0,67,55,2515,detection,
2515787,12,27,796,1096,-300,100,67,100,89,0,37,0,74,55,2515,detection,
2519951,2,12,1109,1109,0,0,0,0,0,0,37,0,0,0,2519,detection,
2519996,16,12,1109,1109,0,0,0,0,0,0,40,0,0,0,2519,detection,
2520647,13,25,644,944,-300,50,65,100,87,10,39,0,61,40,2520,detection,
2520661,17,25,644,944,-300,50,62,100,83,45,44,0,61,40,2520,detection,
2520721,20,25,644,944,-300,50,83,100,100,50,20,0,63,40,2520,detection,
2520750,10,25,644,944,-300,50,72,100,96,44,31,0,60,40,2520,detection,
2520756,19,25,644,944,-300,50,67,100,89,30,37,0,60,40,2520,detection,
2520759,5,25,644,944,-300,50,80,100,100,50,23,0,62,40,2520,detection,
2521704,2,27,1392,1092,300,0,64,100,0,0,41,0,68,55,2521,detection,
2521748,16,27,1392,1092,300,0,67,100,89,20,37,0,69,55,2521,detection,
2521789,12,27,1392,1092,300,0,67,100,89,10,37,0,69,55,2521,detection,
2522361,6,3,962,962,0,0,0,0,0,0,59,0,0,0,2522,detection,
2522375,19,3,962,962,0,0,0,0,0,0,56,0,0,0,2522,detection,
2522412,17,3,962,962,0,0,0,0,0,0,56,0,0,0,2522,detection,
2522747,16,29,927,1227,-300,65,65,100,87,70,39,0,64,40,2522,detection,
2522786,17,29,927,1227,-300,65,56,100,75,33,53,0,60,40,2522,detection,
2522827,2,29,927,1227,-300,65,66,100,0,50,38,0,64,40,2522,detection,
2522830,11,29,927,1227,-300,65,65,100,86,10,40,0,66,55,2522,detection,
2522847,3,29,927,1227,-300,65,62,100,83,27,44,100,99,100,2522,detection,
2522884,18,16,1091,1091,0,0,0,0,0,0,41,0,0,0,2522,detection,
2522911,12,16,1091,1091,0,0,0,0,0,0,41,0,0,0,2522,detection,
2522951,2,16,1091,1091,0,0,0,0,0,0,37,0,0,0,2522,detection,
2523503,19,30,1258,958,300,0,53,100,71,46,59,0,58,40,2523,detection,
2523864,3,2,1393,1393,0,0,0,0,0,0,40,0,0,0,2523,detection,
2523873,16,2,1393,1393,0,0,0,0,0,0,36,0,0,0,2523,detection,
2525700,2,12,1446,1446,0,0,0,0,0,0,40,0,0,0,2525,detection,
2525749,16,12,1446,1446,0,0,0,0,0,0,41,0,0,0,2525,detection,
2527910,12,16,1091,1091,0,0,0,0,0,0,41,0,0,0,2527,detection,
2527953,2,16,1091,1091,0,0,0,0,0,0,37,0,0,0,2527,detection,
2527969,3,16,1091,1091,0,0,0,0,0,0,40,0,0,0,2527,detection,
2528006,18,16,1091,1091,0,0,0,0,0,0,40,0,0,0,2528,detection,
2528160,17,3,962,962,0,0,0,0,0,0,56,0,0,0,2528,detection,
2528236,6,3,962,962,0,0,0,0,0,0,58,0,0,0,2528,detection,
2528249,19,3,962,962,0,0,0,0,0,0,56,0,0,0,2528,detection,
2528254,18,3,962,962,0,0,0,0,0,0,41,0,0,0,2528,detection,
2529398,13,30,652,952,-300,96,62,100,0,0,44,0,64,40,2529,detection,
2529452,2,29,1527,1227,300,0,66,100,88,50,38,0,69,55,2529,detection,
2529503,19,30,652,952,-300,96,53,100,71,53,59,0,56,40,2529,detection,
2529701,11,13,908,908,0,0,0,0,0,0,42,0,0,0,2529,detection,
2529750,16,2,1410,1410,0,0,0,0,0,0,40,0,0,0,2529,detection,
2529786,12,2,1410,1410,0,0,0,0,0,0,36,0,0,0,2529,detection,
2529802,8,13,908,908,0,0,0,0,0,0,43,0,0,0,2529,detection,
2529843,3,2,1410,1410,0,0,0,0,0,0,40,0,0,0,2529,detection,
2530249,16,12,1436,1436,0,0,0,0,0,0,41,0,0,0,2530,detection,
2530328,2,12,1436,1436,0,0,0,0,0,0,40,0,0,0,2530,detection,
2530750,21,9,521,521,0,0,0,0,0,0,10,0,0,0,2530,detection,
2530956,2,27,814,1114,-300,94,64,100,85,10,41,0,69,55,2530,detection,
2531000,16,27,814,1114,-300,94,67,100,89,30,37,0,74,55,2531,detection,
2531007,18,27,814,1114,-300,94,66,100,0,50,38,0,72,55,2531,detection,
2531040,12,27,814,1114,-300,94,67,100,89,0,37,0,74,55,2531,detection,
2534623,16,2,1150,1150,0,0,0,0,0,0,40,0,0,0,2534,detection,
2534663,12,2,1150,1150,0,0,0,0,0,0,40,0,0,0,2534,detection,
2535078,2,12,1115,1115,0,0,0,0,0,0,41,0,0,0,2535,detection,
2535123,16,12,1115,1115,0,0,0,0,0,0,41,0,0,0,2535,detection,
2540662,12,2,1142,1142,0,0,0,0,0,0,40,0,0,0,2540,detection,
2540719,3,2,1142,1142,0,0,0,0,0,0,40,0,0,0,2540,detection,
2540750,16,2,1142,1142,0,0,0,0,0,0,40,0,0,0,2540,detection,
2542361,6,3,962,962,0,0,0,0,0,0,52,0,0,0,2542,detection,
2542374,19,3,962,962,0,0,0,0,0,0,56,0,0,0,2542,detection,
2542409,17,3,962,962,0,0,0,0,0,0,56,0,0,0,2542,detection,
2542451,11,3,962,962,0,0,0,0,0,0,41,0,0,0,2542,detection,
2542500,16,12,1110,1110,0,0,0,0,0,0,41,0,0,0,2542,detection,
2542579,2,12,1110,1110,0,0,0,0,0,0,40,0,0,0,2542,detection,
2542789,12,27,1418,1118,300,0,67,100,89,10,37,0,69,55,2542,detection,
2542828,2,27,1418,1118,300,0,64,100,85,20,41,0,68,55,2542,detection,
2542876,16,27,1418,1118,300,0,67,100,89,40,37,0,69,55,2542,detection,
2542884,18,27,1418,1118,300,0,67,100,89,50,37,0,69,55,2542,detection,
2543148,13,8,1338,1338,0,0,0,0,0,0,39,0,0,0,2543,detection,
2545249,16,2,1388,1388,0,0,0,0,0,0,40,0,0,0,2545,detection,
2545285,12,2,1388,1388,0,0,0,0,0,0,40,0,0,0,2545,detection,
2545342,3,2,1388,1388,0,0,0,0,0,0,36,0,0,0,2545,detection,
2545534,17,29,927,1227,-300,65,56,100,0,33,53,0,60,40,2545,detection,
2545628,16,12,1432,1432,0,0,0,0,0,0,37,0,0,0,2545,detection,
2545701,2,12,1432,1432,0,0,0,0,0,0,40,0,0,0,2545,detection,
2546160,12,16,1083,1083,0,0,0,0,0,0,41,0,0,0,2546,detection,
2546203,2,16,1083,1083,0,0,0,0,0,0,37,0,0,0,2546,detection,
2546219,3,16,1083,1083,0,0,0,0,0,0,40,0,0,0,2546,detection,
2546257,18,16,1083,1083,0,0,0,0,0,0,37,0,0,0,2546,detection,
2547577,11,29,1527,1227,300,0,65,100,86,20,40,0,69,55,2547,detection,
2547579,2,29,1527,1227,300,0,68,100,0,40,35,0,70,55,2547,detection,
2547594,3,29,1527,1227,300,0,62,100,83,36,44,100,99,100,2547,detection,
2547623,16,29,1527,1227,300,0,65,100,87,70,39,0,65,55,2547,detection,
2547662,17,29,1527,1227,300,0,56,100,75,41,53,0,58,40,2547,detection,
2548398,13,30,646,946,-300,99,65,100,0,0,40,0,71,55,2548,detection,
2549124,10,24,233,533,-300,100,90,100,100,71,15,0,91,100,2549,detection,
2549803,8,11,859,859,0,0,0,0,0,0,43,0,0,0,2549,detection,
2549877,19,11,859,859,0,0,0,0,0,0,54,0,0,0,2549,detection,
2549898,13,11,859,859,0,0,0,0,0,0,43,0,0,0,2549,detection,
2552873,10,25,1211,911,300,0,72,100,96,55,31,0,72,55,2552,detection,
2552928,8,13,902,902,0,0,0,0,0,0,42,0,0,0,2552,detection,
2556952,11,8,1203,1203,0,0,0,0,0,0,44,0,0,0,2556,detection,
2556988,6,22,512,512,0,0,0,0,0,0,22,0,0,0,2556,detection,
2560637,7,15,544,544,0,0,0,0,0,0,0,0,0,0,2560,detection,
2562952,11,8,1203,1203,0,0,0,0,0,0,45,0,0,0,2562,detection,
2564197,2,12,1428,1428,0,0,0,0,0,0,40,0,0,0,2564,detection,
2564748,16,12,1428,1428,0,0,0,0,0,0,37,0,0,0,2564,detection,
2565629,16,2,1407,1407,0,0,0,0,0,0,40,0,0,0,2565,detection,
2565661,12,2,1407,1407,0,0,0,0,0,0,40,0,0,0,2565,detection,
2566911,12,16,1105,1105,0,0,0,0,0,0,37,0,0,0,2566,detection,
2566951,2,16,1105,1105,0,0,0,0,0,0,37,0,0,0,2566,detection,
2566966,3,16,1105,1105,0,0,0,0,0,0,40,0,0,0,2566,detection,
2567008,18,16,1105,1105,0,0,0,0,0,0,37,0,0,0,2567,detection,
2567579,2,12,1428,1428,0,0,0,0,0,0,41,0,0,0,2567,detection,
2567623,16,12,1428,1428,0,0,0,0,0,0,37,0,0,0,2567,detection,
2568577,2,29,927,1227,-300,65,69,100,93,40,34,0,66,55,2568,detection,
2568579,11,29,927,1227,-300,65,65,100,87,30,39,0,66,55,2568,detection,
2568596,3,29,927,1227,-300,65,63,100,84,45,43,100,99,100,2568,detection,
2568659,17,29,927,1227,-300,65,59,100,78,45,49,0,61,40,2568,detection,
2572111,6,3,942,942,0,0,0,0,0,0,51,0,0,0,2572,detection,
2572120,16,3,942,942,0,0,0,0,0,0,47,0,0,0,2572,detection,
2572128,19,3,942,942,0,0,0,0,0,0,55,0,0,0,2572,detection,
2572132,18,3,942,942,0,0,0,0,0,0,41,0,0,0,2572,detection,
2572158,17,3,942,942,0,0,0,0,0,0,52,0,0,0,2572,detection,
2572200,11,3,942,942,0,0,0,0,0,0,37,0,0,0,2572,detection,
2576678,8,30,1236,936,300,0,62,100,83,54,44,0,64,40,2576,detection,
2576702,11,30,1236,936,300,0,62,100,83,63,44,0,64,40,2576,detection,
2576754,19,30,1236,936,300,0,53,100,71,53,59,0,58,40,2576,detection,
2576773,13,30,1236,936,300,0,65,100,86,10,40,0,69,55,2576,detection,
2580054,8,13,984,984,0,0,0,0,0,0,42,0,0,0,2580,detection,
2580078,11,13,984,984,0,0,0,0,0,0,42,0,0,0,2580,detection,
2580578,2,27,831,1131,-300,87,67,100,89,0,37,0,74,55,2580,detection,
2580663,12,27,831,1131,-300,87,67,100,89,0,37,0,74,55,2580,detection,
2580704,11,8,1285,1285,0,0,0,0,0,0,46,0,0,0,2580,detection,
2580775,13,8,1285,1285,0,0,0,0,0,0,44,0,0,0,2580,detection,
2583750,16,12,1148,1148,0,0,0,0,0,0,40,0,0,0,2583,detection,
2583825,2,12,1148,1148,0,0,0,0,0,0,37,0,0,0,2583,detection,
2584467,3,2,1151,1151,0,0,0,0,0,0,40,0,0,0,2584,detection,
2584498,16,2,1151,1151,0,0,0,0,0,0,40,0,0,0,2584,detection,
2586050,8,13,1011,1011,0,0,0,0,0,0,38,0,0,0,2586,detection,
2587250,10,25,572,872,-300,78,72,100,96,55,31,0,81,55,2587,detection,
2587256,19,25,572,872,-300,78,67,100,0,30,37,0,74,55,2587,detection,
2587275,13,25,572,872,-300,78,65,100,0,10,39,0,71,55,2587,detection,
2587285,17,25,572,872,-300,78,62,100,0,45,44,0,64,40,2587,detection,
2589499,10,7,515,515,0,0,0,0,0,0,8,0,0,0,2589,detection,
2589536,12,2,1144,1144,0,0,0,0,0,0,40,0,0,0,2589,detection,
2589594,3,2,1144,1144,0,0,0,0,0,0,40,0,0,0,2589,detection,
2591249,10,19,806,806,0,0,0,0,0,0,25,0,0,0,2591,detection,
2591954,2,12,1208,1208,0,0,0,0,0,0,37,0,0,0,2591,detection,
2591998,16,12,1208,1208,0,0,0,0,0,0,41,0,0,0,2591,detection,
2597427,8,13,908,908,0,0,0,0,0,0,37,0,0,0,2597,detection,
2597450,11,13,908,908,0,0,0,0,0,0,42,0,0,0,2597,detection,
2601246,4,14,824,824,0,0,0,0,0,0,43,0,0,0,2601,detection,
2602748,4,26,1110,810,300,0,61,100,0,18,46,0,63,40,2602,detection,
2606593,3,2,1144,1144,0,0,0,0,0,0,40,0,0,0,2606,detection,
2606624,16,2,1144,1144,0,0,0,0,0,0,40,0,0,0,2606,detection,
2606660,12,2,1144,1144,0,0,0,0,0,0,40,0,0,0,2606,detection,
2606826,2,12,1208,1208,0,0,0,0,0,0,36,0,0,0,2606,detection,
2606870,16,12,1208,1208,0,0,0,0,0,0,40,0,0,0,2606,detection,
2611149,13,8,1196,1196,0,0,0,0,0,0,46,0,0,0,2611,detection,
2611201,11,8,1196,1196,0,0,0,0,0,0,47,0,0,0,2611,detection,
2615488,6,3,942,942,0,0,0,0,0,0,51,0,0,0,2615,detection,
2615496,16,3,942,942,0,0,0,0,0,0,46,0,0,0,2615,detection,
2615500,19,3,942,942,0,0,0,0,0,0,55,0,0,0,2615,detection,
2615505,18,3,942,942,0,0,0,0,0,0,41,0,0,0,2615,detection,
2615535,17,3,942,942,0,0,0,0,0,0,52,0,0,0,2615,detection,
2615572,11,3,942,942,0,0,0,0,0,0,37,0,0,0,2615,detection,
2615576,2,3,942,942,0,0,0,0,0,0,39,0,0,0,2615,detection,
2615846,20,6,537,537,0,0,0,0,0,0,8,0,0,0,2615,detection,
2619329,11,30,605,905,-300,87,62,100,83,63,44,0,64,40,2619,detection,
2619400,13,30,605,905,-300,87,65,100,86,0,40,0,71,55,2619,detection,
2619429,8,30,605,905,-300,87,62,100,83,54,44,0,64,40,2619,detection,
2626130,19,17,806,806,0,0,0,0,0,0,40,0,0,0,2626,detection,
2629078,11,13,900,900,0,0,0,0,0,0,37,0,0,0,2629,detection,
2632660,12,2,1144,1144,0,0,0,0,0,0,40,0,0,0,2632,detection,
2632718,3,2,1144,1144,0,0,0,0,0,0,40,0,0,0,2632,detection,
2632748,16,2,1144,1144,0,0,0,0,0,0,36,0,0,0,2632,detection,
2637077,11,8,1066,1066,0,0,0,0,0,0,46,0,0,0,2637,detection,
2641202,2,12,1208,1208,0,0,0,0,0,0,37,0,0,0,2641,detection,
2641247,16,12,1208,1208,0,0,0,0,0,0,40,0,0,0,2641,detection,
2641412,12,27,1416,1116,300,0,67,100,89,10,37,0,69,55,2641,detection,
2641455,2,27,1416,1116,300,0,67,100,89,10,37,0,69,55,2641,detection,
2641500,16,27,1416,1116,300,0,67,100,0,40,37,0,69,55,2641,detection,
2641507,18,27,1416,1116,300,0,67,100,0,50,37,0,69,55,2641,detection,
2643523,13,8,1026,1026,0,0,0,0,0,0,46,0,0,0,2643,detection,
2643575,11,8,1026,1026,0,0,0,0,0,0,45,0,0,0,2643,detection,
2643634,18,16,1114,1114,0,0,0,0,0,0,37,0,0,0,2643,detection,
2643662,12,16,1114,1114,0,0,0,0,0,0,37,0,0,0,2643,detection,
2643703,2,16,1114,1114,0,0,0,0,0,0,37,0,0,0,2643,detection,
2643954,11,29,1527,1227,300,0,65,100,87,40,39,0,69,55,2643,detection,
2643971,3,29,1527,1227,300,0,63,100,84,45,43,100,99,100,2643,detection,
2644000,16,29,1527,1227,300,0,65,100,0,60,39,0,69,55,2644,detection,
2644724,20,25,1143,843,300,0,83,100,100,62,20,0,82,55,2644,detection,
2645036,12,2,1408,1408,0,0,0,0,0,0,37,0,0,0,2645,detection,
2645094,3,2,1408,1408,0,0,0,0,0,0,40,0,0,0,2645,detection,
2645327,2,12,1425,1425,0,0,0,0,0,0,40,0,0,0,2645,detection,
2645372,16,12,1425,1425,0,0,0,0,0,0,40,0,0,0,2645,detection,
2650000,16,2,1390,1390,0,0,0,0,0,0,40,0,0,0,2650,detection,
2650035,12,2,1390,1390,0,0,0,0,0,0,37,0,0,0,2650,detection,
2650093,3,2,1390,1390,0,0,0,0,0,0,41,0,0,0,2650,detection,
2651873,16,12,1422,1422,0,0,0,0,0,0,37,0,0,0,2651,detection,
2651952,2,12,1422,1422,0,0,0,0,0,0,40,0,0,0,2651,detection,
2653374,19,3,924,924,0,0,0,0,0,0,55,0,0,0,2653,detection,
2662901,13,8,1026,1026,0,0,0,0,0,0,42,0,0,0,2662,detection,
2662953,11,8,1026,1026,0,0,0,0,0,0,41,0,0,0,2662,detection,
2665328,2,12,1422,1422,0,0,0,0,0,0,40,0,0,0,2665,detection,
2665372,16,12,1422,1422,0,0,0,0,0,0,37,0,0,0,2665,detection,
2668035,12,16,1114,1114,0,0,0,0,0,0,37,0,0,0,2668,detection,
2668094,3,2,1370,1370,0,0,0,0,0,0,41,0,0,0,2668,detection,
2668125,16,2,1370,1370,0,0,0,0,0,0,40,0,0,0,2668,detection,
2668160,12,2,1370,1370,0,0,0,0,0,0,37,0,0,0,2668,detection,
2674451,2,12,1422,1422,0,0,0,0,0,0,40,0,0,0,2674,detection,
2678126,16,31,1172,872,300,0,64,100,0,0,41,0,68,55,2678,detection,
2678162,12,31,1172,872,300,0,65,100,0,0,39,0,69,55,2678,detection,
2678620,22,21,512,512,0,0,0,0,0,0,7,0,0,0,2678,detection,
2680022,13,8,1026,1026,0,0,0,0,0,0,41,0,0,0,2680,detection,
2680078,11,8,1026,1026,0,0,0,0,0,0,40,0,0,0,2680,detection,
2681176,8,13,892,892,0,0,0,0,0,0,37,0,0,0,2681,detection,
2681200,11,13,892,892,0,0,0,0,0,0,37,0,0,0,2681,detection,
2681927,8,13,892,892,0,0,0,0,0,0,37,0,0,0,2681,detection,
2687702,2,12,1447,1447,0,0,0,0,0,0,37,0,0,0,2687,detection,
2687747,16,12,1447,1447,0,0,0,0,0,0,37,0,0,0,2687,detection,
2688525,13,25,543,843,-300,90,65,100,0,10,39,0,71,55,2688,detection,
2688536,17,25,543,843,-300,90,62,100,0,36,44,0,64,40,2688,detection,
2688600,20,25,543,843,-300,90,83,100,100,62,20,0,96,100,2688,detection,
2688624,10,25,543,843,-300,90,72,100,0,44,31,0,82,55,2688,detection,
2688629,19,25,543,843,-300,90,67,100,0,20,37,0,74,55,2688,detection,
2688637,5,25,543,843,-300,90,83,100,0,37,20,0,97,100,2688,detection,
2692097,20,10,780,780,0,0,0,0,0,0,20,0,0,0,2692,detection,
2695842,3,2,1370,1370,0,0,0,0,0,0,37,0,0,0,2695,detection,
2695873,16,2,1370,1370,0,0,0,0,0,0,40,0,0,0,2695,detection,
2695912,12,2,1370,1370,0,0,0,0,0,0,37,0,0,0,2695,detection,
2704641,7,24,875,575,300,0,100,100,0,66,4,0,82,75,2704,detection,
2714649,13,11,868,868,0,0,0,0,0,0,44,0,0,0,2714,detection,
2715374,16,2,1370,1370,0,0,0,0,0,0,40,0,0,0,2715,detection,
2718291,17,28,212,512,-300,100,76,100,100,44,27,0,87,100,2718,detection,
2718999,19,3,908,908,0,0,0,0,0,0,51,0,0,0,2718,detection,
2719034,17,3,908,908,0,0,0,0,0,0,52,0,0,0,2719,detection,
2719074,2,3,908,908,0,0,0,0,0,0,39,0,0,0,2719,detection,
2719075,11,3,908,908,0,0,0,0,0,0,37,0,0,0,2719,detection,
2739472,20,5,512,512,0,0,0,0,0,0,5,0,0,0,2739,detection,
2740627,19,25,1129,829,300,0,67,100,89,20,37,0,69,55,2740,detection,
2747305,15,21,512,512,0,0,0,0,0,0,2,0,0,0,2747,detection,
2751750,14,26,491,791,-300,100,56,100,75,50,54,0,56,40,2751,detection,
2753968,3,2,1344,1344,0,0,0,0,0,0,37,0,0,0,2753,detection,
2753998,16,2,1344,1344,0,0,0,0,0,0,40,0,0,0,2753,detection,
2754038,12,2,1344,1344,0,0,0,0,0,0,37,0,0,0,2754,detection,
2754248,16,12,1443,1443,0,0,0,0,0,0,37,0,0,0,2754,detection,
2754327,2,12,1443,1443,0,0,0,0,0,0,36,0,0,0,2754,detection,
2755327,2,16,1114,1114,0,0,0,0,0,0,37,0,0,0,2755,detection,
2755342,3,16,1114,1114,0,0,0,0,0,0,40,0,0,0,2755,detection,
2758500,16,27,786,1086,-300,100,67,100,89,50,37,0,74,55,2758,detection,
2758508,18,27,786,1086,-300,100,67,100,89,50,37,0,74,55,2758,detection,
2758540,12,27,786,1086,-300,100,67,100,89,0,37,0,74,55,2758,detection,
2758579,2,27,786,1086,-300,100,67,100,89,0,37,0,74,55,2758,detection,
2759697,11,3,894,894,0,0,0,0,0,0,37,0,0,0,2759,detection,
2760827,11,8,1026,1026,0,0,0,0,0,0,40,0,0,0,2760,detection,
2760899,13,8,1026,1026,0,0,0,0,0,0,41,0,0,0,2760,detection,
2760954,2,12,1150,1150,0,0,0,0,0,0,40,0,0,0,2760,detection,
2762037,12,2,1144,1144,0,0,0,0,0,0,40,0,0,0,2762,detection,
2762094,3,2,1144,1144,0,0,0,0,0,0,40,0,0,0,2762,detection,
2762125,16,2,1144,1144,0,0,0,0,0,0,40,0,0,0,2762,detection,
2762954,11,29,1501,1201,300,0,65,100,0,40,39,0,69,55,2762,detection,
2762971,3,29,1501,1201,300,0,63,100,0,45,43,100,99,100,2762,detection,
2763000,16,29,1501,1201,300,0,65,100,0,50,39,0,69,55,2763,detection,
2763039,17,29,1501,1201,300,0,59,100,78,54,49,0,59,40,2763,detection,
2767133,5,7,512,512,0,0,0,0,0,0,5,0,0,0,2767,detection,
2767718,3,17,802,802,0,0,0,0,0,0,30,0,0,0,2767,detection,
2768469,3,2,1133,1133,0,0,0,0,0,0,40,0,0,0,2768,detection,
2768536,12,2,1133,1133,0,0,0,0,0,0,40,0,0,0,2768,detection,
2768805,9,14,804,804,0,0,0,0,0,0,30,0,0,0,2768,detection,
2768900,13,30,548,848,-300,98,65,100,0,0,40,0,71,55,2768,detection,
2768929,8,30,548,848,-300,98,62,100,0,54,44,0,64,40,2768,detection,
2770579,2,12,1164,1164,0,0,0,0,0,0,40,0,0,0,2770,detection,
2770624,16,12,1164,1164,0,0,0,0,0,0,40,0,0,0,2770,detection,
2779078,2,12,1164,1164,0,0,0,0,0,0,40,0,0,0,2779,detection,
2779123,16,12,1164,1164,0,0,0,0,0,0,40,0,0,0,2779,detection,
2779342,3,2,1114,1114,0,0,0,0,0,0,40,0,0,0,2779,detection,
2779373,16,2,1114,1114,0,0,0,0,0,0,40,0,0,0,2779,detection,
2782555,15,9,519,519,0,0,0,0,0,0,5,0,0,0,2782,detection,
2783999,16,12,1164,1164,0,0,0,0,0,0,40,0,0,0,2783,detection,
2785577,11,8,978,978,0,0,0,0,0,0,39,0,0,0,2785,detection,
2787636,1,7,512,512,0,0,0,0,0,0,10,0,0,0,2787,detection,
2787684,15,7,512,512,0,0,0,0,0,0,3,0,0,0,2787,detection,
2787749,10,7,512,512,0,0,0,0,0,0,8,0,0,0,2787,detection,
2787758,5,7,512,512,0,0,0,0,0,0,5,0,0,0,2787,detection,
2790242,6,28,812,512,300,0,81,100,100,75,22,0,75,75,2790,detection,
2797927,8,19,795,795,0,0,0,0,0,0,28,0,0,0,2797,detection,
2806136,5,15,534,534,0,0,0,0,0,0,4,0,0,0,2806,detection,
2808929,8,13,850,850,0,0,0,0,0,0,37,0,0,0,2808,detection,
2808952,11,13,850,850,0,0,0,0,0,0,37,0,0,0,2808,detection,
2810273,13,30,1143,843,300,0,65,100,86,10,40,0,69,55,2810,detection,
2811343,3,2,1114,1114,0,0,0,0,0,0,40,0,0,0,2811,detection,
2811374,16,2,1114,1114,0,0,0,0,0,0,36,0,0,0,2811,detection,
2818829,2,12,1140,1140,0,0,0,0,0,0,40,0,0,0,2818,detection,
2822631,18,26,1130,830,300,0,90,100,0,42,15,0,82,75,2822,detection,
2827034,17,3,895,895,0,0,0,0,0,0,52,0,0,0,2827,detection,
2829093,3,16,1118,1118,0,0,0,0,0,0,40,0,0,0,2829,detection,
2830488,6,23,847,547,300,0,60,100,0,36,47,0,62,40,2830,detection,
2837702,11,8,978,978,0,0,0,0,0,0,39,0,0,0,2837,detection,
2859077,2,12,1140,1140,0,0,0,0,0,0,40,0,0,0,2859,detection,
2859122,16,12,1140,1140,0,0,0,0,0,0,40,0,0,0,2859,detection,
2859343,3,2,1114,1114,0,0,0,0,0,0,40,0,0,0,2859,detection,
2859373,16,2,1114,1114,0,0,0,0,0,0,36,0,0,0,2859,detection,
2863632,5,21,512,512,0,0,0,0,0,0,2,0,0,0,2863,detection,
2865751,22,28,212,512,-300,100,82,100,100,62,21,0,95,100,2865,detection,
2866285,17,25,1113,813,300,0,64,100,85,50,41,0,68,55,2866,detection,
2866349,20,25,1113,813,300,0,82,100,100,62,21,0,80,75,2866,detection,
2866374,10,25,1113,813,300,0,72,100,96,55,31,0,72,55,2866,detection,
2866380,19,25,1113,813,300,0,67,100,0,20,37,0,69,55,2866,detection,
2866387,5,25,1113,813,300,0,83,100,100,50,20,0,82,75,2866,detection,
2866399,13,25,1113,813,300,0,65,100,87,20,39,0,69,55,2866,detection,
2869023,13,30,819,1119,-300,89,63,100,84,18,43,0,66,55,2869,detection,
2869056,8,30,819,1119,-300,89,62,100,0,45,44,0,64,40,2869,detection,
2869080,11,30,819,1119,-300,89,62,100,0,54,44,0,64,40,2869,detection,
2869128,19,30,819,1119,-300,89,53,100,71,53,59,0,56,40,2869,detection,
2870053,8,13,1075,1075,0,0,0,0,0,0,41,0,0,0,2870,detection,
2870076,11,13,1075,1075,0,0,0,0,0,0,41,0,0,0,2870,detection,
2870747,14,4,1099,1099,0,0,0,0,0,0,49,0,0,0,2870,detection,
2872218,3,18,793,793,0,0,0,0,0,0,40,0,0,0,2872,detection,
2873877,16,27,1377,1077,300,0,67,100,89,60,37,0,69,55,2873,detection,
2878005,19,30,793,1093,-300,99,53,100,0,46,59,0,56,40,2878,detection,
2878025,13,30,793,1093,-300,99,63,100,0,18,43,0,66,55,2878,detection,
2878053,8,30,793,1093,-300,99,62,100,0,36,44,0,64,40,2878,detection,
2878077,11,30,793,1093,-300,99,62,100,0,45,44,0,64,40,2878,detection,
2878302,8,13,1049,1049,0,0,0,0,0,0,41,0,0,0,2878,detection,
2888177,8,13,1049,1049,0,0,0,0,0,0,41,0,0,0,2888,detection,
2888200,11,13,1049,1049,0,0,0,0,0,0,41,0,0,0,2888,detection,
2889999,19,11,868,868,0,0,0,0,0,0,54,0,0,0,2889,detection,
2890622,4,26,530,830,-300,92,61,100,82,27,45,0,62,40,2890,detection,
2893430,8,30,1384,1084,300,0,62,100,83,36,44,0,64,40,2893,detection,
2893453,11,30,1384,1084,300,0,62,100,83,45,44,0,64,40,2893,detection,
2893505,19,30,1384,1084,300,0,53,100,71,46,59,0,58,40,2893,detection,
2893525,13,30,1384,1084,300,0,63,100,84,27,43,0,66,55,2893,detection,
2896828,11,13,1230,1230,0,0,0,0,0,0,41,0,0,0,2896,detection,
2897331,11,8,1237,1237,0,0,0,0,0,0,42,0,0,0,2897,detection,
2897399,13,8,1237,1237,0,0,0,0,0,0,44,0,0,0,2897,detection,
2900624,22,14,804,804,0,0,0,0,0,0,35,0,0,0,2900,detection,
2904680,8,13,1219,1219,0,0,0,0,0,0,37,0,0,0,2904,detection,
2904703,11,13,1219,1219,0,0,0,0,0,0,41,0,0,0,2904,detection,
2905773,13,8,1237,1237,0,0,0,0,0,0,44,0,0,0,2905,detection,
2905825,11,8,1237,1237,0,0,0,0,0,0,42,0,0,0,2905,detection,
2910806,15,7,512,512,0,0,0,0,0,0,3,0,0,0,2910,detection,
2914385,18,31,561,861,-300,96,66,100,88,50,38,0,72,55,2914,detection,
2914413,12,31,561,861,-300,96,65,100,87,0,39,0,71,55,2914,detection,
2914501,16,31,561,861,-300,96,64,100,85,10,41,0,69,55,2914,detection,
2916150,13,8,1237,1237,0,0,0,0,0,0,44,0,0,0,2916,detection,
2916202,11,8,1237,1237,0,0,0,0,0,0,42,0,0,0,2916,detection,
2916453,11,13,1219,1219,0,0,0,0,0,0,40,0,0,0,2916,detection,
2917592,3,16,843,843,0,0,0,0,0,0,36,0,0,0,2917,detection,
2917630,18,16,843,843,0,0,0,0,0,0,40,0,0,0,2917,detection,
2917662,12,16,843,843,0,0,0,0,0,0,40,0,0,0,2917,detection,
2917701,2,16,843,843,0,0,0,0,0,0,40,0,0,0,2917,detection,
2917952,2,12,830,830,0,0,0,0,0,0,40,0,0,0,2917,detection,
2917996,16,12,830,830,0,0,0,0,0,0,37,0,0,0,2917,detection,
2919197,1,5,512,512,0,0,0,0,0,0,7,0,0,0,2919,detection,
2919223,20,5,512,512,0,0,0,0,0,0,5,0,0,0,2919,detection,
2919247,10,5,512,512,0,0,0,0,0,0,10,0,0,0,2919,detection,
2919256,21,5,512,512,0,0,0,0,0,0,10,0,0,0,2919,detection,
2919263,7,5,512,512,0,0,0,0,0,0,0,0,0,0,2919,detection,
2919308,15,5,512,512,0,0,0,0,0,0,2,0,0,0,2919,detection,
2923497,22,9,518,518,0,0,0,0,0,0,10,0,0,0,2923,detection,
2924137,5,24,894,594,300,0,100,100,100,66,7,0,82,75,2924,detection,
2924576,11,30,776,1076,-300,100,65,100,86,50,40,0,71,55,2924,detection,
2924628,19,30,776,1076,-300,100,53,100,71,46,59,0,56,40,2924,detection,
2924680,8,30,776,1076,-300,100,65,100,86,0,40,0,71,55,2924,detection,
2925663,12,16,837,837,0,0,0,0,0,0,40,0,0,0,2925,detection,
2925702,2,16,837,837,0,0,0,0,0,0,40,0,0,0,2925,detection,
2925717,3,16,837,837,0,0,0,0,0,0,36,0,0,0,2925,detection,
2925755,18,16,837,837,0,0,0,0,0,0,40,0,0,0,2925,detection,
2926495,16,12,854,854,0,0,0,0,0,0,37,0,0,0,2926,detection,
2926579,2,12,854,854,0,0,0,0,0,0,37,0,0,0,2926,detection,
2926912,17,23,269,569,-300,94,64,100,0,40,41,0,69,55,2926,detection,
2929362,6,17,525,525,0,0,0,0,0,0,42,0,0,0,2929,detection,
2929377,19,17,525,525,0,0,0,0,0,0,40,0,0,0,2929,detection,
2929452,11,17,525,525,0,0,0,0,0,0,31,0,0,0,2929,detection,
2929470,20,17,525,525,0,0,0,0,0,0,24,0,0,0,2929,detection,
2931626,19,6,517,517,0,0,0,0,0,0,25,0,0,0,2931,detection,
2938453,2,12,854,854,0,0,0,0,0,0,36,0,0,0,2938,detection,
2938716,3,17,525,525,0,0,0,0,0,0,33,0,0,0,2938,detection,
2938720,20,17,525,525,0,0,0,0,0,0,24,0,0,0,2938,detection,
2938737,6,17,525,525,0,0,0,0,0,0,42,0,0,0,2938,detection,
2938751,19,17,525,525,0,0,0,0,0,0,40,0,0,0,2938,detection,
2938775,13,17,525,525,0,0,0,0,0,0,33,0,0,0,2938,detection,
2940450,2,16,835,835,0,0,0,0,0,0,37,0,0,0,2940,detection,
2940469,3,16,835,835,0,0,0,0,0,0,36,0,0,0,2940,detection,
2940507,18,16,835,835,0,0,0,0,0,0,40,0,0,0,2940,detection,
2940534,12,16,835,835,0,0,0,0,0,0,40,0,0,0,2940,detection,
2945252,21,15,529,529,0,0,0,0,0,0,11,0,0,0,2945,detection,
2945702,11,8,1237,1237,0,0,0,0,0,0,37,0,0,0,2945,detection,
2946953,11,29,901,1201,-300,75,66,100,88,50,38,0,70,55,2946,detection,
2948500,10,28,812,512,300,0,80,100,100,50,23,0,79,75,2948,detection,
2949127,10,25,510,810,-300,100,72,100,96,55,31,0,82,55,2949,detection,
2950375,19,17,525,525,0,0,0,0,0,0,41,0,0,0,2950,detection,
2950398,13,17,525,525,0,0,0,0,0,0,34,0,0,0,2950,detection,
2950451,11,17,525,525,0,0,0,0,0,0,31,0,0,0,2950,detection,
2950468,3,17,525,525,0,0,0,0,0,0,34,0,0,0,2950,detection,
2950472,20,17,525,525,0,0,0,0,0,0,24,0,0,0,2950,detection,
2950485,6,17,525,525,0,0,0,0,0,0,37,0,0,0,2950,detection,
2950776,13,8,1237,1237,0,0,0,0,0,0,44,0,0,0,2950,detection,
2953970,3,2,1114,1114,0,0,0,0,0,0,40,0,0,0,2953,detection,
2954000,16,2,1114,1114,0,0,0,0,0,0,36,0,0,0,2954,detection,
2954036,12,2,1114,1114,0,0,0,0,0,0,40,0,0,0,2954,detection,
2954304,8,13,1219,1219,0,0,0,0,0,0,37,0,0,0,2954,detection,
2954327,11,13,1219,1219,0,0,0,0,0,0,37,0,0,0,2954,detection,
2955329,2,12,854,854,0,0,0,0,0,0,36,0,0,0,2955,detection,
2959009,5,10,774,774,0,0,0,0,0,0,18,0,0,0,2959,detection,
2959739,6,20,512,512,0,0,0,0,0,0,26,0,0,0,2959,detection,
2959748,10,20,512,512,0,0,0,0,0,0,13,0,0,0,2959,detection,
2959751,19,20,512,512,0,0,0,0,0,0,25,0,0,0,2959,detection,
2964201,2,12,854,854,0,0,0,0,0,0,36,0,0,0,2964,detection,
2964249,16,12,854,854,0,0,0,0,0,0,37,0,0,0,2964,detection,
2966554,8,13,1032,1032,0,0,0,0,0,0,42,0,0,0,2966,detection,
2966577,11,13,1032,1032,0,0,0,0,0,0,42,0,0,0,2966,detection,
2968410,12,2,1114,1114,0,0,0,0,0,0,37,0,0,0,2968,detection,
2971129,19,30,1370,1070,300,0,55,100,74,50,55,0,58,40,2971,detection,
2971148,13,30,1370,1070,300,0,65,100,0,0,39,0,69,55,2971,detection,
2971181,8,30,1370,1070,300,0,65,100,87,10,39,0,69,55,2971,detection,
2971205,11,30,1370,1070,300,0,65,100,86,50,40,0,69,55,2971,detection,
2972431,9,21,512,512,0,0,0,0,0,0,10,0,0,0,2972,detection,
2974054,8,13,1032,1032,0,0,0,0,0,0,42,0,0,0,2974,detection,
2974077,11,13,1032,1032,0,0,0,0,0,0,42,0,0,0,2974,detection,
2974787,12,16,835,835,0,0,0,0,0,0,40,0,0,0,2974,detection,
2974827,2,16,835,835,0,0,0,0,0,0,37,0,0,0,2974,detection,
2974842,3,16,835,835,0,0,0,0,0,0,36,0,0,0,2974,detection,
2975116,6,22,512,512,0,0,0,0,0,0,22,0,0,0,2975,detection,
2979512,7,5,512,512,0,0,0,0,0,0,0,0,0,0,2979,detection,
2985784,17,11,847,847,0,0,0,0,0,0,57,0,0,0,2985,detection,
2987470,3,17,525,525,0,0,0,0,0,0,34,0,0,0,2987,detection,
2987487,6,17,525,525,0,0,0,0,0,0,37,0,0,0,2987,detection,
2987500,19,17,525,525,0,0,0,0,0,0,41,0,0,0,2987,detection,
2990825,11,13,1032,1032,0,0,0,0,0,0,42,0,0,0,2990,detection,
2990930,8,13,1032,1032,0,0,0,0,0,0,43,0,0,0,2990,detection,
2991451,2,3,859,859,0,0,0,0,0,0,39,0,0,0,2991,detection,
2991452,11,3,859,859,0,0,0,0,0,0,37,0,0,0,2991,detection,
2991487,6,3,859,859,0,0,0,0,0,0,51,0,0,0,2991,detection,
2991496,16,3,859,859,0,0,0,0,0,0,42,0,0,0,2991,detection,
2991500,19,3,859,859,0,0,0,0,0,0,51,0,0,0,2991,detection,
2991535,17,3,859,859,0,0,0,0,0,0,52,0,0,0,2991,detection,
2994626,16,27,772,1072,-300,100,68,100,90,60,36,0,76,55,2994,detection,
2994633,18,27,772,1072,-300,100,67,100,0,40,37,0,74,55,2994,detection,
2994662,12,27,772,1072,-300,100,71,100,0,0,32,0,81,55,2994,detection,
2995372,14,4,930,930,0,0,0,0,0,0,51,0,0,0,2995,detection,
3000555,8,30,770,1070,-300,100,65,100,87,20,39,0,71,55,3000,detection,
3001148,1,24,285,585,-300,88,84,100,100,50,19,0,96,100,3001,detection,
3001185,15,24,285,585,-300,88,97,100,0,57,10,0,97,100,3001,detection,
3001225,20,24,285,585,-300,88,91,100,100,42,14,0,96,100,3001,detection,
3001250,10,24,285,585,-300,88,91,100,0,57,14,0,97,100,3001,detection,
3001254,21,24,285,585,-300,88,93,100,100,71,13,0,90,100,3001,detection,
3001264,5,24,285,585,-300,88,100,100,100,83,8,0,87,100,3001,detection,
3001266,7,24,285,585,-300,88,100,100,100,66,4,0,96,100,3001,detection,
3003798,1,10,589,589,0,0,0,0,0,0,20,0,0,0,3003,detection,
3003847,20,10,589,589,0,0,0,0,0,0,19,0,0,0,3003,detection,
3003884,5,10,589,589,0,0,0,0,0,0,21,0,0,0,3003,detection,
3003891,7,10,589,589,0,0,0,0,0,0,19,0,0,0,3003,detection,
3011624,14,9,517,517,0,0,0,0,0,0,14,0,0,0,3011,detection,
3011999,1,10,602,602,0,0,0,0,0,0,19,0,0,0,3011,detection,
3012010,5,10,602,602,0,0,0,0,0,0,21,0,0,0,3012,detection,
3012013,7,10,602,602,0,0,0,0,0,0,14,0,0,0,3012,detection,
3012097,20,10,602,602,0,0,0,0,0,0,18,0,0,0,3012,detection,
3012679,8,13,1032,1032,0,0,0,0,0,0,42,0,0,0,3012,detection,
3012702,11,13,1032,1032,0,0,0,0,0,0,42,0,0,0,3012,detection,
3013273,13,8,1237,1237,0,0,0,0,0,0,43,0,0,0,3013,detection,
3013331,11,8,1237,1237,0,0,0,0,0,0,37,0,0,0,3013,detection,
3020496,10,19,786,786,0,0,0,0,0,0,27,0,0,0,3020,detection,
3020774,13,25,1110,810,300,0,65,100,0,0,39,0,69,55,3020,detection,
3022382,5,10,595,595,0,0,0,0,0,0,15,0,0,0,3022,detection,
3022383,1,10,595,595,0,0,0,0,0,0,19,0,0,0,3022,detection,
3022389,7,10,595,595,0,0,0,0,0,0,14,0,0,0,3022,detection,
3022472,20,10,595,595,0,0,0,0,0,0,17,0,0,0,3022,detection,
3036248,10,6,512,512,0,0,0,0,0,0,13,0,0,0,3036,detection,
3038951,2,12,854,854,0,0,0,0,0,0,36,0,0,0,3038,detection,
3039661,12,16,835,835,0,0,0,0,0,0,40,0,0,0,3039,detection,
3039703,2,16,835,835,0,0,0,0,0,0,36,0,0,0,3039,detection,
3039758,18,16,835,835,0,0,0,0,0,0,40,0,0,0,3039,detection,
3044826,11,17,525,525,0,0,0,0,0,0,30,0,0,0,3044,detection,
3044843,3,17,525,525,0,0,0,0,0,0,33,0,0,0,3044,detection,
3044848,20,17,525,525,0,0,0,0,0,0,24,0,0,0,3044,detection,
3044860,6,17,525,525,0,0,0,0,0,0,37,0,0,0,3044,detection,
3044878,19,17,525,525,0,0,0,0,0,0,40,0,0,0,3044,detection,
3051306,9,26,1128,828,300,0,69,100,0,10,34,0,71,55,3051,detection,
3060499,16,12,846,846,0,0,0,0,0,0,37,0,0,0,3060,detection,
3061491,1,10,595,595,0,0,0,0,0,0,19,0,0,0,3061,detection,
3061507,5,10,595,595,0,0,0,0,0,0,14,0,0,0,3061,detection,
3061515,7,10,595,595,0,0,0,0,0,0,13,0,0,0,3061,detection,
3061598,20,10,595,595,0,0,0,0,0,0,17,0,0,0,3061,detection,
3062451,11,8,1237,1237,0,0,0,0,0,0,37,0,0,0,3062,detection,
3063625,21,22,512,512,0,0,0,0,0,0,10,0,0,0,3063,detection,
3067808,15,24,877,577,300,0,99,100,100,71,9,0,78,75,3067,detection,
3079498,14,4,930,930,0,0,0,0,0,0,50,0,0,0,3079,detection,
3083929,8,13,1032,1032,0,0,0,0,0,0,42,0,0,0,3083,detection,
3083952,11,13,1032,1032,0,0,0,0,0,0,42,0,0,0,3083,detection,
3086996,14,4,930,930,0,0,0,0,0,0,49,0,0,0,3086,detection,
3091872,22,14,802,802,0,0,0,0,0,0,35,0,0,0,3091,detection,
3095180,8,30,770,1070,-300,100,65,100,0,20,39,0,71,55,3095,detection,
3095204,11,30,770,1070,-300,100,65,100,87,50,39,0,71,55,3095,detection,
3095256,19,30,770,1070,-300,100,55,100,74,50,55,0,56,40,3095,detection,
3095275,13,30,770,1070,-300,100,65,100,87,10,39,0,71,55,3095,detection,
3098136,5,21,512,512,0,0,0,0,0,0,3,0,0,0,3098,detection,
3100502,19,17,525,525,0,0,0,0,0,0,40,0,0,0,3100,detection,
3100757,19,28,212,512,-300,100,65,100,0,40,39,0,71,55,3100,detection,
3100908,1,10,595,595,0,0,0,0,0,0,18,0,0,0,3100,detection,
3100973,20,10,595,595,0,0,0,0,0,0,17,0,0,0,3100,detection,
3101011,5,10,595,595,0,0,0,0,0,0,14,0,0,0,3101,detection,
3101013,7,10,595,595,0,0,0,0,0,0,13,0,0,0,3101,detection,
3101283,17,19,784,784,0,0,0,0,0,0,32,0,0,0,3101,detection,
3107076,2,12,846,846,0,0,0,0,0,0,36,0,0,0,3107,detection,
3107124,16,12,846,846,0,0,0,0,0,0,36,0,0,0,3107,detection,
3109702,2,3,859,859,0,0,0,0,0,0,40,0,0,0,3109,detection,
3110507,18,16,835,835,0,0,0,0,0,0,40,0,0,0,3110,detection,
3110534,12,16,835,835,0,0,0,0,0,0,36,0,0,0,3110,detection,
3110578,2,16,835,835,0,0,0,0,0,0,36,0,0,0,3110,detection,
3110593,3,16,835,835,0,0,0,0,0,0,36,0,0,0,3110,detection,
3112248,16,18,777,777,0,0,0,0,0,0,44,0,0,0,3112,detection,
3114648,13,11,839,839,0,0,0,0,0,0,44,0,0,0,3114,detection,
3121720,3,18,775,775,0,0,0,0,0,0,40,0,0,0,3121,detection,
3121745,22,18,775,775,0,0,0,0,0,0,36,0,0,0,3121,detection,
3122930,9,15,527,527,0,0,0,0,0,0,10,0,0,0,3122,detection,
3128522,13,8,1237,1237,0,0,0,0,0,0,39,0,0,0,3128,detection,
3128578,11,8,1237,1237,0,0,0,0,0,0,37,0,0,0,3128,detection,
3146122,16,2,1093,1093,0,0,0,0,0,0,36,0,0,0,3146,detection,
3147023,13,30,1105,805,300,0,63,98,84,18,42,0,66,55,3147,detection,
3147056,8,30,1105,805,300,0,63,100,84,27,43,0,66,55,3147,detection,
3147080,11,30,1105,805,300,0,63,100,84,45,43,0,66,55,3147,detection,
3147127,19,30,1105,805,300,0,53,100,71,46,59,0,58,40,3147,detection,
3152739,6,17,525,525,0,0,0,0,0,0,37,0,0,0,3152,detection,
3152752,19,17,525,525,0,0,0,0,0,0,40,0,0,0,3152,detection,
3152772,13,17,525,525,0,0,0,0,0,0,34,0,0,0,3152,detection,
3152842,3,17,525,525,0,0,0,0,0,0,34,0,0,0,3152,detection,
3152846,20,17,525,525,0,0,0,0,0,0,20,0,0,0,3152,detection,
3153754,19,30,497,797,-300,100,54,100,72,50,58,0,56,40,3153,detection,
3153773,13,30,497,797,-300,100,63,98,84,27,42,0,67,55,3153,detection,
3153806,8,30,497,797,-300,100,63,100,84,36,43,0,66,55,3153,detection,
3153830,11,30,497,797,-300,100,63,100,84,54,43,0,66,55,3153,detection,
3157051,8,13,804,804,0,0,0,0,0,0,42,0,0,0,3157,detection,
3157074,11,13,804,804,0,0,0,0,0,0,42,0,0,0,3157,detection,
3157827,11,8,869,869,0,0,0,0,0,0,41,0,0,0,3157,detection,
3157899,13,8,869,869,0,0,0,0,0,0,43,0,0,0,3157,detection,
3158552,8,13,798,798,0,0,0,0,0,0,38,0,0,0,3158,detection,
3158750,21,5,512,512,0,0,0,0,0,0,10,0,0,0,3158,detection,
3161124,22,26,516,816,-300,98,79,100,100,37,24,0,91,100,3161,detection,
3162121,22,9,516,516,0,0,0,0,0,0,10,0,0,0,3162,detection,
3164201,11,13,798,798,0,0,0,0,0,0,42,0,0,0,3164,detection,
3164302,8,13,798,798,0,0,0,0,0,0,38,0,0,0,3164,detection,
3166202,11,8,869,869,0,0,0,0,0,0,41,0,0,0,3166,detection,
3167377,19,30,1138,838,300,0,54,100,72,58,58,0,58,40,3167,detection,
3167400,13,30,1138,838,300,0,63,98,84,36,42,0,66,55,3167,detection,
3167430,8,30,1138,838,300,0,63,100,84,45,42,0,66,55,3167,detection,
3167453,11,30,1138,838,300,0,63,100,84,63,42,0,66,55,3167,detection,
3170179,8,13,1006,1006,0,0,0,0,0,0,42,0,0,0,3170,detection,
3170202,11,13,1006,1006,0,0,0,0,0,0,38,0,0,0,3170,detection,
3170274,13,8,1281,1281,0,0,0,0,0,0,44,0,0,0,3170,detection,
3170330,11,8,1281,1281,0,0,0,0,0,0,41,0,0,0,3170,detection,
3170432,15,21,512,512,0,0,0,0,0,0,2,0,0,0,3170,detection,
3176523,13,8,1279,1279,0,0,0,0,0,0,44,0,0,0,3176,detection,
3177429,8,13,962,962,0,0,0,0,0,0,42,0,0,0,3177,detection,
3177453,11,13,962,962,0,0,0,0,0,0,37,0,0,0,3177,detection,
3188450,11,13,943,943,0,0,0,0,0,0,37,0,0,0,3188,detection,
3188551,8,13,943,943,0,0,0,0,0,0,41,0,0,0,3188,detection,
3188557,15,7,512,512,0,0,0,0,0,0,3,0,0,0,3188,detection,
3190200,11,8,1214,1214,0,0,0,0,0,0,42,0,0,0,3190,detection,
3190272,13,8,1214,1214,0,0,0,0,0,0,44,0,0,0,3190,detection,
3193158,17,6,512,512,0,0,0,0,0,0,28,0,0,0,3193,detection,
3195499,22,23,829,529,300,0,76,100,100,33,27,0,75,75,3195,detection,
3199928,8,30,523,823,-300,94,63,98,84,0,42,0,67,55,3199,detection,
3199952,11,30,523,823,-300,94,63,100,84,63,42,0,67,55,3199,detection,
3200004,19,30,523,823,-300,94,54,100,73,58,57,0,56,40,3200,detection,
3200023,13,30,523,823,-300,94,64,100,85,0,41,0,69,55,3200,detection,
3201095,1,10,595,595,0,0,0,0,0,0,13,0,0,0,3201,detection,
3201097,20,10,595,595,0,0,0,0,0,0,16,0,0,0,3201,detection,
3201134,5,10,595,595,0,0,0,0,0,0,14,0,0,0,3201,detection,
3201141,7,10,595,595,0,0,0,0,0,0,12,0,0,0,3201,detection,
3202425,8,13,815,815,0,0,0,0,0,0,42,0,0,0,3202,detection,
3203949,11,8,872,872,0,0,0,0,0,0,38,0,0,0,3203,detection,
3205886,5,15,527,527,0,0,0,0,0,0,3,0,0,0,3205,detection,
3207160,12,2,1093,1093,0,0,0,0,0,0,37,0,0,0,3207,detection,
3207218,3,2,1093,1093,0,0,0,0,0,0,36,0,0,0,3207,detection,
3207249,16,2,1093,1093,0,0,0,0,0,0,36,0,0,0,3207,detection,
3208826,11,8,872,872,0,0,0,0,0,0,37,0,0,0,3208,detection,
3210304,8,13,807,807,0,0,0,0,0,0,42,0,0,0,3210,detection,
3210328,11,13,807,807,0,0,0,0,0,0,42,0,0,0,3210,detection,
3213953,11,30,1111,811,300,0,63,100,84,63,42,0,66,55,3213,detection,
3215682,9,26,1106,806,300,0,75,100,0,0,28,0,75,55,3215,detection,
3215748,22,26,1106,806,300,0,86,100,100,37,18,0,82,75,3215,detection,
3215749,4,26,1106,806,300,0,62,100,83,36,44,0,64,40,3215,detection,
3215751,14,26,1106,806,300,0,56,100,75,50,53,0,58,40,3215,detection,
3215752,21,26,1106,806,300,0,62,100,0,36,44,0,64,40,3215,detection,
3215756,18,26,1106,806,300,0,90,100,0,42,15,0,82,75,3215,detection,
3217913,12,31,1368,1068,300,0,63,97,84,9,43,0,66,55,3217,detection,
3218001,16,31,1368,1068,300,0,67,100,89,20,37,0,69,55,3218,detection,
3218009,18,31,1368,1068,300,0,63,100,84,45,42,0,66,55,3218,detection,
3219246,14,4,1088,1088,0,0,0,0,0,0,49,0,0,0,3219,detection,
3220700,11,13,804,804,0,0,0,0,0,0,42,0,0,0,3220,detection,
3220805,8,13,804,804,0,0,0,0,0,0,42,0,0,0,3220,detection,
3221078,2,12,1109,1109,0,0,0,0,0,0,40,0,0,0,3221,detection,
3221123,16,12,1109,1109,0,0,0,0,0,0,40,0,0,0,3221,detection,
3221382,18,16,1064,1064,0,0,0,0,0,0,36,0,0,0,3221,detection,
3221453,2,16,1064,1064,0,0,0,0,0,0,40,0,0,0,3221,detection,
3221468,3,16,1064,1064,0,0,0,0,0,0,40,0,0,0,3221,detection,
3222874,14,26,498,798,-300,100,57,100,76,50,52,0,56,40,3222,detection,
3225275,13,8,872,872,0,0,0,0,0,0,44,0,0,0,3225,detection,
3225327,11,8,872,872,0,0,0,0,0,0,37,0,0,0,3225,detection,
3225662,12,31,782,1082,-300,96,63,98,84,0,42,0,67,55,3225,detection,
3225749,16,31,782,1082,-300,96,67,100,89,0,37,0,74,55,3225,detection,
3225758,18,31,782,1082,-300,96,64,100,85,60,41,0,69,55,3225,detection,
3226499,14,4,1087,1087,0,0,0,0,0,0,46,0,0,0,3226,detection,
3227327,2,16,1060,1060,0,0,0,0,0,0,40,0,0,0,3227,detection,
3227342,3,16,1060,1060,0,0,0,0,0,0,40,0,0,0,3227,detection,
3227412,12,16,1060,1060,0,0,0,0,0,0,40,0,0,0,3227,detection,
3227579,2,12,1100,1100,0,0,0,0,0,0,40,0,0,0,3227,detection,
3237326,2,12,1100,1100,0,0,0,0,0,0,36,0,0,0,3237,detection,
3237746,14,4,1087,1087,0,0,0,0,0,0,46,0,0,0,3237,detection,
3238624,16,31,1376,1076,300,0,67,100,89,10,37,0,69,55,3238,detection,
3238633,18,31,1376,1076,300,0,64,100,85,60,41,0,68,55,3238,detection,
3239249,19,3,840,840,0,0,0,0,0,0,52,0,0,0,3239,detection,
3242996,4,14,798,798,0,0,0,0,0,0,44,0,0,0,3242,detection,
3243412,12,16,1053,1053,0,0,0,0,0,0,40,0,0,0,3243,detection,
3243451,2,16,1053,1053,0,0,0,0,0,0,40,0,0,0,3243,detection,
3243470,3,16,1053,1053,0,0,0,0,0,0,40,0,0,0,3243,detection,
3245954,2,12,1100,1100,0,0,0,0,0,0,36,0,0,0,3245,detection,
3245999,16,12,1100,1100,0,0,0,0,0,0,40,0,0,0,3245,detection,
3248275,1,9,516,516,0,0,0,0,0,0,10,0,0,0,3248,detection,
3248372,14,9,516,516,0,0,0,0,0,0,10,0,0,0,3248,detection,
3248378,21,9,516,516,0,0,0,0,0,0,10,0,0,0,3248,detection,
3248590,3,18,771,771,0,0,0,0,0,0,40,0,0,0,3248,detection,
3249717,3,17,525,525,0,0,0,0,0,0,33,0,0,0,3249,detection,
3253121,22,14,798,798,0,0,0,0,0,0,36,0,0,0,3253,detection,
3253121,4,14,798,798,0,0,0,0,0,0,45,0,0,0,3253,detection,
3253124,21,14,798,798,0,0,0,0,0,0,30,0,0,0,3253,detection,
3253179,9,14,798,798,0,0,0,0,0,0,30,0,0,0,3253,detection,
3253408,1,22,531,531,0,0,0,0,0,0,6,0,0,0,3253,detection,
3253430,9,22,531,531,0,0,0,0,0,0,8,0,0,0,3253,detection,
3253487,6,22,531,531,0,0,0,0,0,0,22,0,0,0,3253,detection,
3253497,14,22,531,531,0,0,0,0,0,0,10,0,0,0,3253,detection,
3253499,21,22,531,531,0,0,0,0,0,0,10,0,0,0,3253,detection,
3253506,18,22,531,531,0,0,0,0,0,0,10,0,0,0,3253,detection,
3253774,13,8,872,872,0,0,0,0,0,0,44,0,0,0,3253,detection,
3255579,11,30,511,811,-300,99,67,100,89,70,37,0,66,55,3255,detection,
3255650,13,30,511,811,-300,99,64,100,0,0,41,0,69,55,3255,detection,
3255679,8,30,511,811,-300,99,66,100,0,0,38,0,72,55,3255,detection,
3257302,8,13,792,792,0,0,0,0,0,0,38,0,0,0,3257,detection,
3257326,11,13,792,792,0,0,0,0,0,0,42,50,68,55,3257,detection,
3260628,19,25,1080,780,300,0,66,100,0,20,38,0,69,55,3260,detection,
3265701,2,16,1053,1053,0,0,0,0,0,0,40,0,0,0,3265,detection,
3265721,3,16,1053,1053,0,0,0,0,0,0,36,0,0,0,3265,detection,
3265759,18,16,1053,1053,0,0,0,0,0,0,36,0,0,0,3265,detection,
3265786,12,16,1053,1053,0,0,0,0,0,0,40,0,0,0,3265,detection,
3268750,21,9,514,514,0,0,0,0,0,0,10,0,0,0,3268,detection,
3269077,11,8,901,901,0,0,0,0,0,0,37,50,68,55,3269,detection,
3270622,16,31,1376,1076,300,0,67,100,0,10,37,0,69,55,3270,detection,
3270630,18,31,1376,1076,300,0,64,100,0,50,41,0,68,55,3270,detection,
3270662,12,31,1376,1076,300,0,63,98,84,9,42,0,66,55,3270,detection,
3275575,2,12,1100,1100,0,0,0,0,0,0,36,0,0,0,3275,detection,
3276237,6,20,512,512,0,0,0,0,0,0,26,0,0,0,3276,detection,
3294996,22,21,512,512,0,0,0,0,0,0,6,0,0,0,3294,detection,
3295009,5,21,512,512,0,0,0,0,0,0,3,0,0,0,3295,detection,
3295054,9,21,512,512,0,0,0,0,0,0,9,0,0,0,3295,detection,
3295058,15,21,512,512,0,0,0,0,0,0,1,0,0,0,3295,detection,
3295952,11,13,786,786,0,0,0,0,0,0,42,100,99,100,3295,detection,
3296051,8,13,786,786,0,0,0,0,0,0,38,0,0,0,3296,detection,
3296471,3,16,1053,1053,0,0,0,0,0,0,36,0,0,0,3296,detection,
3303623,10,7,512,512,0,0,0,0,0,0,10,0,0,0,3303,detection,
3310037,12,31,776,1076,-300,98,63,98,84,18,42,0,67,55,3310,detection,
3310125,16,31,776,1076,-300,98,67,100,89,20,37,0,74,55,3310,detection,
3310133,18,31,776,1076,-300,98,67,100,89,50,37,0,74,55,3310,detection,
3310786,17,29,1463,1163,300,0,59,100,0,45,49,0,59,40,3310,detection,
3311828,11,8,901,901,0,0,0,0,0,0,37,100,99,100,3311,detection,
3316180,9,14,798,798,0,0,0,0,0,0,31,0,0,0,3316,detection,
3320756,18,16,1053,1053,0,0,0,0,0,0,36,0,0,0,3320,detection,
3320788,12,16,1053,1053,0,0,0,0,0,0,40,0,0,0,3320,detection,
3320827,2,16,1053,1053,0,0,0,0,0,0,36,0,0,0,3320,detection,
3320842,3,16,1053,1053,0,0,0,0,0,0,36,0,0,0,3320,detection,
3322969,3,23,221,521,-300,100,80,100,100,50,23,0,93,100,3322,detection,
3324249,19,11,818,818,0,0,0,0,0,0,55,0,0,0,3324,detection,
3325218,3,17,525,525,0,0,0,0,0,0,28,0,0,0,3325,detection,
3325222,20,17,525,525,0,0,0,0,0,0,20,0,0,0,3325,detection,
3325272,13,17,525,525,0,0,0,0,0,0,34,0,0,0,3325,detection,
3325324,11,17,525,525,0,0,0,0,0,0,30,0,0,0,3325,detection,
3327472,20,10,589,589,0,0,0,0,0,0,16,0,0,0,3327,detection,
3336374,14,4,1059,1059,0,0,0,0,0,0,46,0,0,0,3336,detection,
3340149,13,30,502,802,-300,100,64,100,0,0,41,0,69,55,3340,detection,
3340178,8,30,502,802,-300,100,67,100,0,0,37,0,74,55,3340,detection,
3340202,11,30,502,802,-300,100,67,100,0,60,37,0,74,55,3340,detection,
3344453,2,12,1100,1100,0,0,0,0,0,0,36,0,0,0,3344,detection,
3344498,16,12,1100,1100,0,0,0,0,0,0,40,0,0,0,3344,detection,
3353430,9,21,512,512,0,0,0,0,0,0,9,0,0,0,3353,detection,
3357513,5,24,853,553,300,0,100,100,100,100,7,0,77,75,3357,detection,
3358499,10,25,477,777,-300,100,70,100,0,55,33,0,79,55,3358,detection,
3358504,19,25,477,777,-300,100,66,100,88,30,38,0,72,55,3358,detection,
3358512,5,25,477,777,-300,100,80,100,100,50,23,0,93,100,3358,detection,
3358524,13,25,477,777,-300,100,65,100,86,10,40,0,71,55,3358,detection,
3358538,17,25,477,777,-300,100,64,100,85,50,41,0,69,55,3358,detection,
3358598,20,25,477,777,-300,100,89,100,100,85,16,0,87,100,3358,detection,
3359347,20,17,525,525,0,0,0,0,0,0,20,0,0,0,3359,detection,
3366014,7,15,525,525,0,0,0,0,0,0,0,0,0,0,3366,detection,
3367622,16,12,1100,1100,0,0,0,0,0,0,36,0,0,0,3367,detection,
3369680,9,26,1122,822,300,0,76,100,0,0,27,0,75,55,3369,detection,
3371224,20,25,1077,777,300,0,87,100,100,75,17,0,77,75,3371,detection,
3381622,14,9,514,514,0,0,0,0,0,0,10,0,0,0,3381,detection,
3383873,16,23,821,521,300,0,70,100,0,22,33,0,71,75,3383,detection,
3403375,21,15,523,523,0,0,0,0,0,0,11,0,0,0,3403,detection,
3403385,5,15,523,523,0,0,0,0,0,0,4,0,0,0,3403,detection,
3403391,7,15,523,523,0,0,0,0,0,0,0,0,0,0,3403,detection,
3403430,9,15,523,523,0,0,0,0,0,0,9,0,0,0,3403,detection,
3404384,18,16,1053,1053,0,0,0,0,0,0,36,0,0,0,3404,detection,
3404648,13,8,855,855,0,0,0,0,0,0,43,0,0,0,3404,detection,
3405008,1,10,579,579,0,0,0,0,0,0,13,0,0,0,3405,detection,
3405008,5,10,579,579,0,0,0,0,0,0,14,0,0,0,3405,detection,
3405014,7,10,579,579,0,0,0,0,0,0,12,0,0,0,3405,detection,
3405243,6,28,212,512,-300,100,81,100,100,75,22,0,86,100,3405,detection,
3406719,3,2,1087,1087,0,0,0,0,0,0,36,0,0,0,3406,detection,
3415679,8,13,775,775,0,0,0,0,0,0,38,0,0,0,3415,detection,
3415702,11,13,775,775,0,0,0,0,0,0,42,0,0,0,3415,detection,
3419374,14,4,1059,1059,0,0,0,0,0,0,46,0,0,0,3419,detection,
3434501,16,31,1159,859,300,0,65,100,86,30,40,0,69,55,3434,detection,
3434509,18,31,1159,859,300,0,64,100,85,60,41,0,68,55,3434,detection,
3434537,12,31,1159,859,300,0,67,100,89,30,37,0,69,55,3434,detection,
3435023,13,8,855,855,0,0,0,0,0,0,39,0,0,0,3435,detection,
3439633,18,31,559,859,-300,85,65,100,86,60,40,0,71,55,3439,detection,
3439661,12,31,559,859,-300,85,67,100,89,40,37,0,74,55,3439,detection,
3442500,16,12,838,838,0,0,0,0,0,0,40,50,68,55,3442,detection,
3443625,16,27,1115,815,300,0,67,100,89,60,37,0,69,55,3443,detection,
3443633,18,27,1115,815,300,0,64,100,85,40,41,0,68,55,3443,detection,
3443661,12,27,1115,815,300,0,67,100,89,0,37,0,69,55,3443,detection,
3445374,21,15,523,523,0,0,0,0,0,0,11,0,0,0,3445,detection,
3445828,2,16,1072,1072,0,0,0,0,0,0,40,0,0,0,3445,detection,
3445913,12,16,1072,1072,0,0,0,0,0,0,40,0,0,0,3445,detection,
3446138,5,7,512,512,0,0,0,0,0,0,8,0,0,0,3446,detection,
3448289,12,27,515,815,-300,100,68,100,90,10,36,0,76,55,3448,detection,
3448328,2,27,515,815,-300,100,65,100,0,0,40,0,71,55,3448,detection,
3448703,2,12,833,833,0,0,0,0,0,0,40,0,0,0,3448,detection,
3450005,19,6,512,512,0,0,0,0,0,0,25,0,0,0,3450,detection,
3450579,2,29,719,1019,-300,20,66,100,0,30,38,0,69,55,3450,detection,
3450624,16,29,719,1019,-300,20,63,100,84,45,43,0,66,55,3450,detection,
3454756,18,16,1068,1068,0,0,0,0,0,0,40,0,0,0,3454,detection,
3454788,12,16,1068,1068,0,0,0,0,0,0,40,0,0,0,3454,detection,
3454827,2,16,1068,1068,0,0,0,0,0,0,40,0,0,0,3454,detection,
3455750,16,31,1149,849,300,0,65,100,0,30,40,0,69,55,3455,detection,
3455760,18,31,1149,849,300,0,65,100,86,60,40,0,69,55,3455,detection,
3455786,12,31,1149,849,300,0,67,100,89,50,37,0,69,55,3455,detection,
3456035,17,19,774,774,0,0,0,0,0,0,32,0,0,0,3456,detection,
3457160,17,29,1294,994,300,0,57,100,0,33,52,0,58,40,3457,detection,
3457200,2,29,1294,994,300,0,67,100,89,40,37,0,69,55,3457,detection,
3457203,11,29,1294,994,300,0,63,100,84,54,42,0,66,55,3457,detection,
3457220,3,29,1294,994,300,0,61,100,0,36,46,0,63,40,3457,detection,
3457249,16,29,1294,994,300,0,63,100,84,45,42,0,66,55,3457,detection,
3458577,2,12,861,861,0,0,0,0,0,0,40,0,0,0,3458,detection,
3458623,16,12,861,861,0,0,0,0,0,0,40,100,99,100,3458,detection,
3458997,16,27,1372,1072,300,0,65,100,0,0,40,0,69,55,3458,detection,
3459005,18,27,1372,1072,300,0,64,100,0,30,41,0,68,55,3459,detection,
3459038,12,27,1372,1072,300,0,65,100,86,20,40,0,69,55,3459,detection,
3459077,2,27,1372,1072,300,0,65,100,86,10,40,0,69,55,3459,detection,
3462163,12,2,1126,1126,0,0,0,0,0,0,40,0,0,0,3462,detection,
3462217,3,2,1126,1126,0,0,0,0,0,0,40,0,0,0,3462,detection,
3462248,16,2,1126,1126,0,0,0,0,0,0,40,0,0,0,3462,detection,
3463078,2,29,804,1104,-300,0,64,100,85,40,41,0,68,55,3463,detection,
3463097,3,29,804,1104,-300,0,64,100,85,50,41,0,68,55,3463,detection,
3463161,17,29,804,1104,-300,0,54,100,73,33,57,0,58,40,3463,detection,
3466623,14,4,1058,1058,0,0,0,0,0,0,45,0,0,0,3466,detection,
3467204,2,12,1387,1387,0,0,0,0,0,0,40,0,0,0,3467,detection,
3467248,16,12,1387,1387,0,0,0,0,0,0,40,0,0,0,3467,detection,
3467751,16,27,768,1068,-300,100,65,100,86,10,40,0,71,55,3467,detection,
3467758,18,27,768,1068,-300,100,65,100,86,40,40,0,71,55,3467,detection,
3467830,2,27,768,1068,-300,100,65,100,86,0,40,0,71,55,3467,detection,
3469415,17,28,812,512,300,0,77,100,100,55,26,0,75,75,3469,detection,
3469848,20,24,274,574,-300,92,100,100,0,50,8,0,97,100,3469,detection,
3470501,16,29,1371,1071,300,0,66,100,0,40,38,0,69,55,3470,detection,
3470536,17,29,1371,1071,300,0,54,100,73,41,57,0,58,40,3470,detection,
3470578,11,29,1371,1071,300,0,66,100,0,50,38,0,69,55,3470,detection,
3470580,2,29,1371,1071,300,0,64,100,85,0,41,0,68,55,3470,detection,
3471035,12,2,1052,1052,0,0,0,0,0,0,40,0,0,0,3471,detection,
3471093,3,2,1052,1052,0,0,0,0,0,0,40,0,0,0,3471,detection,
3471120,22,14,809,809,0,0,0,0,0,0,31,0,0,0,3471,detection,
3471827,2,16,1068,1068,0,0,0,0,0,0,40,0,0,0,3471,detection,
3471854,3,16,1068,1068,0,0,0,0,0,0,40,0,0,0,3471,detection,
3472872,14,22,518,518,0,0,0,0,0,0,10,0,0,0,3472,detection,
3476498,16,2,1049,1049,0,0,0,0,0,0,40,0,0,0,3476,detection,
3476538,12,2,1049,1049,0,0,0,0,0,0,41,0,0,0,3476,detection,
3476592,3,2,1049,1049,0,0,0,0,0,0,40,0,0,0,3476,detection,
3477882,18,27,1366,1066,300,0,67,100,89,40,37,0,69,55,3477,detection,
3477914,12,27,1366,1066,300,0,65,100,0,0,40,0,69,55,3477,detection,
3477954,2,27,1366,1066,300,0,65,100,86,10,40,0,69,55,3477,detection,
3478250,16,12,1380,1380,0,0,0,0,0,0,40,0,0,0,3478,detection,
3478908,17,11,818,818,0,0,0,0,0,0,54,0,0,0,3478,detection,
3480591,3,2,1292,1292,0,0,0,0,0,0,41,0,0,0,3480,detection,
3480622,16,2,1292,1292,0,0,0,0,0,0,41,0,0,0,3480,detection,
3480662,12,2,1292,1292,0,0,0,0,0,0,41,0,0,0,3480,detection,
3483846,3,29,771,1071,-300,3,65,100,0,40,40,0,69,55,3483,detection,
3483871,16,29,771,1071,-300,3,67,100,89,40,37,0,69,55,3483,detection,
3483910,17,29,771,1071,-300,3,55,100,73,41,56,0,58,40,3483,detection,
3483953,11,29,771,1071,-300,3,66,100,88,50,38,0,69,55,3483,detection,
3483955,2,29,771,1071,-300,3,64,100,85,10,41,0,68,55,3483,detection,
3489784,17,3,825,825,0,0,0,0,0,0,52,0,0,0,3489,detection,
3489824,2,3,825,825,0,0,0,0,0,0,40,0,0,0,3489,detection,
3489826,11,3,825,825,0,0,0,0,0,0,37,0,0,0,3489,detection,
3489860,6,3,825,825,0,0,0,0,0,0,51,0,0,0,3489,detection,
3489878,19,3,825,825,0,0,0,0,0,0,52,0,0,0,3489,detection,
3489882,18,3,825,825,0,0,0,0,0,0,41,0,0,0,3489,detection,
3490093,3,2,1224,1224,0,0,0,0,0,0,41,0,0,0,3490,detection,
3490123,16,2,1224,1224,0,0,0,0,0,0,37,0,0,0,3490,detection,
3495699,2,16,1068,1068,0,0,0,0,0,0,40,0,0,0,3495,detection,
3495718,3,16,1068,1068,0,0,0,0,0,0,40,0,0,0,3495,detection,
3495756,18,16,1068,1068,0,0,0,0,0,0,40,0,0,0,3495,detection,
3495788,12,16,1068,1068,0,0,0,0,0,0,40,0,0,0,3495,detection,
3505219,3,2,1235,1235,0,0,0,0,0,0,41,0,0,0,3505,detection,
3505250,16,2,1235,1235,0,0,0,0,0,0,37,0,0,0,3505,detection,
3505285,12,2,1235,1235,0,0,0,0,0,0,41,0,0,0,3505,detection,
3510077,11,29,1371,1071,300,0,67,100,89,50,37,0,69,55,3510,detection,
3510079,2,29,1371,1071,300,0,64,100,85,20,41,0,68,55,3510,detection,
3510094,3,29,1371,1071,300,0,65,100,86,40,40,0,69,55,3510,detection,
3510124,16,29,1371,1071,300,0,67,100,89,40,37,0,69,55,3510,detection,
3510915,12,27,763,1063,-300,100,65,100,86,10,40,0,71,55,3510,detection,
3510954,2,27,763,1063,-300,100,65,100,86,0,40,0,71,55,3510,detection,
3510998,16,27,763,1063,-300,100,65,100,0,10,40,0,71,55,3510,detection,
3511010,18,27,763,1063,-300,100,67,100,89,50,37,0,74,55,3511,detection,
3513204,2,12,1151,1151,0,0,0,0,0,0,40,0,0,0,3513,detection,
3513248,16,12,1151,1151,0,0,0,0,0,0,40,0,0,0,3513,detection,
3513997,16,2,1041,1041,0,0,0,0,0,0,41,0,0,0,3513,detection,
3514036,12,2,1041,1041,0,0,0,0,0,0,41,0,0,0,3514,detection,
3523201,2,12,1125,1125,0,0,0,0,0,0,36,0,0,0,3523,detection,
3523245,16,12,1125,1125,0,0,0,0,0,0,40,0,0,0,3523,detection,
3523593,3,2,1064,1064,0,0,0,0,0,0,37,0,0,0,3523,detection,
3523628,16,2,1064,1064,0,0,0,0,0,0,40,0,0,0,3523,detection,
3526373,22,6,512,512,0,0,0,0,0,0,6,0,0,0,3526,detection,
3533372,16,12,1114,1114,0,0,0,0,0,0,40,0,0,0,3533,detection,
3533451,2,12,1114,1114,0,0,0,0,0,0,36,0,0,0,3533,detection,
3536122,22,21,512,512,0,0,0,0,0,0,6,0,0,0,3536,detection,
3536341,3,2,1064,1064,0,0,0,0,0,0,37,0,0,0,3536,detection,
3536372,16,2,1064,1064,0,0,0,0,0,0,40,0,0,0,3536,detection,
3536412,12,2,1064,1064,0,0,0,0,0,0,37,0,0,0,3536,detection,
3544162,12,31,1123,823,300,0,67,100,0,0,37,0,69,55,3544,detection,
3544258,18,31,1123,823,300,0,65,100,0,50,40,0,69,55,3544,detection,
3549536,12,16,1060,1060,0,0,0,0,0,0,36,0,0,0,3549,detection,
3549594,3,16,1060,1060,0,0,0,0,0,0,40,0,0,0,3549,detection,
3549632,18,16,1060,1060,0,0,0,0,0,0,40,0,0,0,3549,detection,
3550998,10,5,525,525,0,0,0,0,0,0,10,0,0,0,3550,detection,
3555593,3,18,791,791,0,0,0,0,0,0,40,0,0,0,3555,detection,
3556578,11,13,771,771,0,0,0,0,0,0,38,0,0,0,3556,detection,
3558807,9,22,512,512,0,0,0,0,0,0,8,0,0,0,3558,detection,
3559499,16,2,1064,1064,0,0,0,0,0,0,41,0,0,0,3559,detection,
3559535,12,2,1064,1064,0,0,0,0,0,0,37,0,0,0,3559,detection,
3559592,3,2,1064,1064,0,0,0,0,0,0,37,0,0,0,3559,detection,
3560201,2,29,771,1071,-300,3,67,100,89,30,37,0,69,55,3560,detection,
3560204,11,29,771,1071,-300,3,67,100,89,50,37,0,69,55,3560,detection,
3560221,3,29,771,1071,-300,3,65,100,86,40,40,0,69,55,3560,detection,
3560285,17,29,771,1071,-300,3,55,100,0,33,56,0,58,40,3560,detection,
3564756,22,26,1118,818,300,0,86,100,0,25,18,0,82,75,3564,detection,
3567828,2,12,1114,1114,0,0,0,0,0,0,36,0,0,0,3567,detection,
3567873,16,12,1114,1114,0,0,0,0,0,0,36,0,0,0,3567,detection,
3569165,12,27,1361,1061,300,0,65,100,86,20,40,0,69,55,3569,detection,
3569204,2,27,1361,1061,300,0,68,100,90,10,36,0,69,55,3569,detection,
3569249,16,27,1361,1061,300,0,65,100,86,20,40,0,69,55,3569,detection,
3569256,18,27,1361,1061,300,0,67,100,89,50,37,0,69,55,3569,detection,
3572872,16,2,1184,1184,0,0,0,0,0,0,41,50,68,55,3572,detection,
3572911,12,2,1184,1184,0,0,0,0,0,0,41,0,0,0,3572,detection,
3573076,2,12,1361,1361,0,0,0,0,0,0,40,0,0,0,3573,detection,
3573125,16,12,1361,1361,0,0,0,0,0,0,40,0,0,0,3573,detection,
3573771,13,17,525,525,0,0,0,0,0,0,34,0,0,0,3573,detection,
3575055,8,30,452,752,-300,100,67,100,0,0,37,0,74,55,3575,detection,
3575375,16,2,1168,1168,0,0,0,0,0,0,40,100,99,100,3575,detection,
3578577,11,8,805,805,0,0,0,0,0,0,37,0,0,0,3578,detection,
3578786,12,2,1168,1168,0,0,0,0,0,0,40,0,0,0,3578,detection,
3579649,13,30,1052,752,300,0,67,100,89,10,37,0,69,55,3579,detection,
3579678,8,30,1052,752,300,0,67,100,89,10,37,0,69,55,3579,detection,
3580576,2,12,1356,1356,0,0,0,0,0,0,40,0,0,0,3580,detection,
3580625,16,12,1356,1356,0,0,0,0,0,0,40,0,0,0,3580,detection,
3581627,19,3,826,826,0,0,0,0,0,0,52,0,0,0,3581,detection,
3582552,8,13,765,765,0,0,0,0,0,0,42,0,0,0,3582,detection,
3582576,11,13,765,765,0,0,0,0,0,0,42,0,0,0,3582,detection,
3582775,13,8,1062,1062,0,0,0,0,0,0,43,0,0,0,3582,detection,
3582827,11,8,1062,1062,0,0,0,0,0,0,41,0,0,0,3582,detection,
3589928,8,13,755,755,0,0,0,0,0,0,42,0,0,0,3589,detection,
3589952,11,13,755,755,0,0,0,0,0,0,42,0,0,0,3589,detection,
3590202,11,8,1064,1064,0,0,0,0,0,0,41,0,0,0,3590,detection,
3593373,16,12,1356,1356,0,0,0,0,0,0,40,0,0,0,3593,detection,
3593451,2,12,1356,1356,0,0,0,0,0,0,40,0,0,0,3593,detection,
3596717,3,2,1168,1168,0,0,0,0,0,0,40,0,0,0,3596,detection,
3596748,16,2,1168,1168,0,0,0,0,0,0,37,100,99,100,3596,detection,
3596787,12,2,1168,1168,0,0,0,0,0,0,40,0,0,0,3596,detection,
