sim_ms,mote_id,src,R,Rhat,e,v1,v2,v3,v4,v5,v6,v7,AC,ML,t,type,action
28034,1,17,512,512,0,0,0,0,0,0,0,0,0,0,28,detection,
28056,16,17,512,512,0,0,0,0,0,0,0,0,0,0,28,detection,
28065,10,17,512,512,0,0,0,0,0,0,0,0,0,0,28,detection,
28069,21,17,512,512,0,0,0,0,0,0,0,0,0,0,28,detection,
28074,26,17,512,512,0,0,0,0,0,0,0,0,0,0,28,detection,
28112,25,17,512,512,0,0,0,0,0,0,0,0,0,0,28,detection,
28121,27,17,512,512,0,0,0,0,0,0,0,0,0,0,28,detection,
28121,22,17,512,512,0,0,0,0,0,0,0,0,0,0,28,detection,
28125,4,17,512,512,0,0,0,0,0,0,0,0,0,0,28,detection,
28346,1,26,512,512,0,0,0,0,0,0,0,0,0,0,28,detection,
28365,25,26,512,512,0,0,0,0,0,0,0,0,0,0,28,detection,
28373,27,26,512,512,0,0,0,0,0,0,0,0,0,0,28,detection,
28446,21,26,512,512,0,0,0,0,0,0,0,0,0,0,28,detection,
28466,17,26,512,512,0,0,0,0,0,0,0,0,0,0,28,detection,
30486,12,4,1024,1024,0,0,0,0,0,0,0,0,0,0,30,detection,
30488,25,4,1024,1024,0,0,0,0,0,0,0,0,0,0,30,detection,
30496,27,4,1024,1024,0,0,0,0,0,0,0,0,0,0,30,detection,
30496,22,4,1024,1024,0,0,0,0,0,0,0,0,0,0,30,detection,
30512,14,4,1024,1024,0,0,0,0,0,0,0,0,0,0,30,detection,
30516,8,4,1024,1024,0,0,0,0,0,0,0,0,0,0,30,detection,
30532,3,4,1024,1024,0,0,0,0,0,0,0,0,0,0,30,detection,
30533,9,4,1024,1024,0,0,0,0,0,0,0,0,0,0,30,detection,
30556,16,4,1024,1024,0,0,0,0,0,0,0,0,0,0,30,detection,
30568,10,4,1024,1024,0,0,0,0,0,0,0,0,0,0,30,detection,
30569,21,4,1024,1024,0,0,0,0,0,0,0,0,0,0,30,detection,
30589,17,4,1024,1024,0,0,0,0,0,0,0,0,0,0,30,detection,
30597,2,4,1024,1024,0,0,0,0,0,0,0,0,0,0,30,detection,
31603,11,31,1024,1024,0,0,0,0,0,0,0,0,0,0,31,detection,
31616,13,31,1024,1024,0,0,0,0,0,0,0,0,0,0,31,detection,
31622,22,31,1024,1024,0,0,0,0,0,0,0,0,0,0,31,detection,
31626,4,31,1024,1024,0,0,0,0,0,0,0,0,0,0,31,detection,
31650,18,31,1024,1024,0,0,0,0,0,0,0,0,0,0,31,detection,
31655,5,31,1024,1024,0,0,0,0,0,0,0,0,0,0,31,detection,
31667,15,31,1024,1024,0,0,0,0,0,0,0,0,0,0,31,detection,
31695,10,27,1024,1024,0,0,0,0,0,0,0,0,0,0,31,detection,
31718,17,27,1024,1024,0,0,0,0,0,0,0,0,0,0,31,detection,
31739,25,27,1024,1024,0,0,0,0,0,0,0,0,0,0,31,detection,
31746,13,27,1024,1024,0,0,0,0,0,0,0,0,0,0,31,detection,
31747,22,27,1024,1024,0,0,0,0,0,0,0,0,0,0,31,detection,
31754,4,27,1024,1024,0,0,0,0,0,0,0,0,0,0,31,detection,
31763,8,27,1024,1024,0,0,0,0,0,0,0,0,0,0,31,detection,
31776,18,27,1024,1024,0,0,0,0,0,0,0,0,0,0,31,detection,
32159,9,16,1024,1024,0,0,0,0,0,0,0,0,0,0,32,detection,
32195,10,16,1024,1024,0,0,0,0,0,0,0,0,0,0,32,detection,
32199,21,16,1024,1024,0,0,0,0,0,0,0,0,0,0,32,detection,
32215,17,16,1024,1024,0,0,0,0,0,0,0,0,0,0,32,detection,
32223,2,16,1024,1024,0,0,0,0,0,0,0,0,0,0,32,detection,
32236,12,16,1024,1024,0,0,0,0,0,0,0,0,0,0,32,detection,
32238,25,16,1024,1024,0,0,0,0,0,0,0,0,0,0,32,detection,
32246,13,16,1024,1024,0,0,0,0,0,0,0,0,0,0,32,detection,
32246,27,16,1024,1024,0,0,0,0,0,0,0,0,0,0,32,detection,
32247,22,16,1024,1024,0,0,0,0,0,0,0,0,0,0,32,detection,
32255,4,16,1024,1024,0,0,0,0,0,0,0,0,0,0,32,detection,
32262,14,16,1024,1024,0,0,0,0,0,0,0,0,0,0,32,detection,
32267,8,16,1024,1024,0,0,0,0,0,0,0,0,0,0,32,detection,
32275,18,16,1024,1024,0,0,0,0,0,0,0,0,0,0,32,detection,
32451,26,25,768,768,0,0,0,0,0,0,0,0,0,0,32,detection,
32472,2,25,768,768,0,0,0,0,0,0,0,0,0,0,32,detection,
32495,13,25,768,768,0,0,0,0,0,0,0,0,0,0,32,detection,
32500,22,25,768,768,0,0,0,0,0,0,0,0,0,0,32,detection,
32504,4,25,768,768,0,0,0,0,0,0,0,0,0,0,32,detection,
32517,8,25,768,768,0,0,0,0,0,0,0,0,0,0,32,detection,
32557,16,25,768,768,0,0,0,0,0,0,0,0,0,0,32,detection,
32571,21,25,768,768,0,0,0,0,0,0,0,0,0,0,32,detection,
32642,8,10,768,768,0,0,0,0,0,0,0,0,0,0,32,detection,
32651,18,10,768,768,0,0,0,0,0,0,0,0,0,0,32,detection,
32662,9,10,768,768,0,0,0,0,0,0,0,0,0,0,32,detection,
32914,1,21,1024,1024,0,0,0,0,0,0,0,0,0,0,32,detection,
32953,26,21,1024,1024,0,0,0,0,0,0,0,0,0,0,32,detection,
34031,5,12,1536,1536,0,0,0,0,0,0,0,0,0,0,34,detection,
34076,19,12,1536,1536,0,0,0,0,0,0,0,0,0,0,34,detection,
34107,11,12,1536,1536,0,0,0,0,0,0,0,0,0,0,34,detection,
34372,13,9,1280,1280,0,0,0,0,0,0,0,0,0,0,34,detection,
34373,22,9,1280,1280,0,0,0,0,0,0,0,0,0,0,34,detection,
34382,4,9,1280,1280,0,0,0,0,0,0,0,0,0,0,34,detection,
34387,14,9,1280,1280,0,0,0,0,0,0,0,0,0,0,34,detection,
34394,8,9,1280,1280,0,0,0,0,0,0,0,0,0,0,34,detection,
34415,20,9,1280,1280,0,0,0,0,0,0,0,0,0,0,34,detection,
34598,2,3,1536,1536,0,0,0,0,0,0,0,0,0,0,34,detection,
34622,13,3,1536,1536,0,0,0,0,0,0,0,0,0,0,34,detection,
34627,22,3,1536,1536,0,0,0,0,0,0,0,0,0,0,34,detection,
34631,4,3,1536,1536,0,0,0,0,0,0,0,0,0,0,34,detection,
34643,8,3,1536,1536,0,0,0,0,0,0,0,0,0,0,34,detection,
34651,18,3,1536,1536,0,0,0,0,0,0,0,0,0,0,34,detection,
34662,9,3,1536,1536,0,0,0,0,0,0,0,0,0,0,34,detection,
34665,20,3,1536,1536,0,0,0,0,0,0,0,0,0,0,34,detection,
34728,2,14,1536,1536,0,0,0,0,0,0,0,0,0,0,34,detection,
34742,25,14,1536,1536,0,0,0,0,0,0,0,0,0,0,34,detection,
34747,13,14,1536,1536,0,0,0,0,0,0,0,0,0,0,34,detection,
34782,5,14,1536,1536,0,0,0,0,0,0,0,0,0,0,34,detection,
35157,5,11,1280,1280,0,0,0,0,0,0,0,0,0,0,35,detection,
35168,15,11,1280,1280,0,0,0,0,0,0,0,0,0,0,35,detection,
35206,7,2,1280,1280,0,0,0,0,0,0,0,0,0,0,35,detection,
35241,25,2,1280,1280,0,0,0,0,0,0,0,0,0,0,35,detection,
35279,18,2,1280,1280,0,0,0,0,0,0,0,0,0,0,35,detection,
35286,9,2,1280,1280,0,0,0,0,0,0,0,0,0,0,35,detection,
35322,10,22,1024,1024,0,0,0,0,0,0,0,0,0,0,35,detection,
35331,23,22,1024,1024,0,0,0,0,0,0,0,0,0,0,35,detection,
35352,2,22,1024,1024,0,0,0,0,0,0,0,0,0,0,35,detection,
35362,12,22,1024,1024,0,0,0,0,0,0,0,0,0,0,35,detection,
35366,25,22,1024,1024,0,0,0,0,0,0,0,0,0,0,35,detection,
35372,27,22,1024,1024,0,0,0,0,0,0,0,0,0,0,35,detection,
35384,4,22,1024,1024,0,0,0,0,0,0,0,0,0,0,35,detection,
35396,8,22,1024,1024,0,0,0,0,0,0,0,0,0,0,35,detection,
35404,18,22,1024,1024,0,0,0,0,0,0,0,0,0,0,35,detection,
35411,9,22,1024,1024,0,0,0,0,0,0,0,0,0,0,35,detection,
35412,3,22,1024,1024,0,0,0,0,0,0,0,0,0,0,35,detection,
35431,16,22,1024,1024,0,0,0,0,0,0,0,0,0,0,35,detection,
35457,7,18,1280,1280,0,0,0,0,0,0,0,0,0,0,35,detection,
35539,3,18,1280,1280,0,0,0,0,0,0,0,0,0,0,35,detection,
35551,9,18,1280,1280,0,0,0,0,0,0,0,0,0,0,35,detection,
35670,15,5,1536,1536,0,0,0,0,0,0,0,0,0,0,35,detection,
35730,11,5,1536,1536,0,0,0,0,0,0,0,0,0,0,35,detection,
35739,12,5,1536,1536,0,0,0,0,0,0,0,0,0,0,35,detection,
36199,1,17,531,531,0,0,0,0,0,0,0,0,0,0,36,detection,
36453,28,13,1280,1280,0,0,0,0,0,0,0,0,0,0,36,detection,
36454,23,13,1280,1280,0,0,0,0,0,0,0,0,0,0,36,detection,
36459,7,13,1280,1280,0,0,0,0,0,0,0,0,0,0,36,detection,
36467,17,26,512,512,0,0,0,0,0,0,0,0,0,0,36,detection,
36475,2,13,1280,1280,0,0,0,0,0,0,0,0,0,0,36,detection,
36490,12,13,1280,1280,0,0,0,0,0,0,0,0,0,0,36,detection,
36531,18,13,1280,1280,0,0,0,0,0,0,0,0,0,0,36,detection,
36536,3,13,1280,1280,0,0,0,0,0,0,0,0,0,0,36,detection,
36544,9,13,1280,1280,0,0,0,0,0,0,0,0,0,0,36,detection,
37275,18,10,768,768,0,0,0,0,0,0,0,0,0,0,37,detection,
37673,15,19,1792,1792,0,0,0,0,0,0,0,0,0,0,37,detection,
37699,21,25,793,793,0,0,0,0,0,0,1,0,0,0,37,detection,
37701,28,19,1792,1792,0,0,0,0,0,0,0,0,0,0,37,detection,
37702,26,25,793,793,0,0,0,0,0,0,0,0,0,0,37,detection,
37716,17,25,793,793,0,0,0,0,0,0,0,0,0,0,37,detection,
37733,11,19,1792,1792,0,0,0,0,0,0,0,0,0,0,37,detection,
37749,27,25,793,793,0,0,0,0,0,0,0,0,0,0,37,detection,
38288,3,29,1280,1280,0,0,0,0,0,0,0,0,0,0,38,detection,
38334,7,29,1280,1280,0,0,0,0,0,0,0,0,0,0,38,detection,
38356,11,31,1024,1024,0,0,0,0,0,0,1,0,0,0,38,detection,
38614,25,16,768,768,0,0,0,0,0,0,4,0,0,0,38,detection,
38621,27,16,768,768,0,0,0,0,0,0,4,0,0,0,38,detection,
38633,14,16,768,768,0,0,0,0,0,0,4,0,0,0,38,detection,
38644,8,16,768,768,0,0,0,0,0,0,4,0,0,0,38,detection,
38653,18,16,768,768,0,0,0,0,0,0,4,0,0,0,38,detection,
38661,9,16,768,768,0,0,0,0,0,0,4,0,0,0,38,detection,
38694,10,16,768,768,0,0,0,0,0,0,4,0,0,0,38,detection,
38698,21,16,768,768,0,0,0,0,0,0,6,0,0,0,38,detection,
38707,23,16,768,768,0,0,0,0,0,0,0,0,0,0,38,detection,
38873,1,21,1024,1024,0,0,0,0,0,0,3,0,0,0,38,detection,
38950,26,21,1024,1024,0,0,0,0,0,0,3,0,0,0,38,detection,
39107,11,22,1024,1024,0,0,0,0,0,0,0,0,0,0,39,detection,
39113,12,22,1024,1024,0,0,0,0,0,0,1,0,0,0,39,detection,
39116,25,22,1024,1024,0,0,0,0,0,0,0,0,0,0,39,detection,
39122,13,22,1024,1024,0,0,0,0,0,0,0,0,0,0,39,detection,
39128,4,22,1024,1024,0,0,0,0,0,0,1,0,0,0,39,detection,
39140,14,22,1024,1024,0,0,0,0,0,0,0,0,0,0,39,detection,
39146,8,22,1024,1024,0,0,0,0,0,0,0,0,0,0,39,detection,
39154,18,22,1024,1024,0,0,0,0,0,0,0,0,0,0,39,detection,
39158,5,22,1024,1024,0,0,0,0,0,0,0,0,0,0,39,detection,
39163,9,22,1024,1024,0,0,0,0,0,0,0,0,0,0,39,detection,
40031,24,28,1792,1792,0,0,0,0,0,0,0,0,0,0,40,detection,
40039,6,28,1792,1792,0,0,0,0,0,0,0,0,0,0,40,detection,
40115,25,4,1024,1024,0,0,0,0,0,0,1,0,0,0,40,detection,
40141,8,4,1024,1024,0,0,0,0,0,0,1,0,0,0,40,detection,
40161,3,4,1024,1024,0,0,0,0,0,0,2,0,0,0,40,detection,
40162,9,4,1024,1024,0,0,0,0,0,0,1,0,0,0,40,detection,
40205,23,4,1024,1024,0,0,0,0,0,0,0,0,0,0,40,detection,
40206,26,27,1024,1024,0,0,0,0,0,0,0,0,0,0,40,detection,
40240,25,27,1024,1024,0,0,0,0,0,0,1,0,0,0,40,detection,
40920,15,11,1280,1280,0,0,0,0,0,0,1,0,0,0,40,detection,
41209,7,8,1280,1280,0,0,0,0,0,0,0,0,0,0,41,detection,
41220,17,8,1280,1280,0,0,0,0,0,0,0,0,0,0,41,detection,
41250,27,8,1280,1280,0,0,0,0,0,0,0,0,0,0,41,detection,
41265,14,8,1280,1280,0,0,0,0,0,0,0,0,0,0,41,detection,
41411,3,29,1024,1024,0,0,0,0,0,0,6,0,0,0,41,detection,
41479,2,29,1024,1024,0,0,0,0,0,0,0,0,0,0,41,detection,
41490,12,29,1024,1024,0,0,0,0,0,0,0,0,0,0,41,detection,
41789,3,9,1024,1024,0,0,0,0,0,0,0,0,0,0,41,detection,
41867,12,9,1024,1024,0,0,0,0,0,0,0,0,0,0,41,detection,
41874,22,9,1024,1024,0,0,0,0,0,0,8,0,0,0,41,detection,
41878,4,9,1024,1024,0,0,0,0,0,0,6,0,0,0,41,detection,
41953,19,12,1536,1536,0,0,0,0,0,0,4,0,0,0,41,detection,
41955,28,12,1536,1536,0,0,0,0,0,0,0,0,0,0,41,detection,
41957,23,12,1536,1536,0,0,0,0,0,0,0,0,0,0,41,detection,
41981,11,12,1536,1536,0,0,0,0,0,0,3,0,0,0,41,detection,
42032,5,12,1536,1536,0,0,0,0,0,0,4,0,0,0,42,detection,
42077,28,13,1280,1280,0,0,0,0,0,0,1,0,0,0,42,detection,
42083,19,13,1280,1280,0,0,0,0,0,0,0,0,0,0,42,detection,
42102,2,13,1280,1280,0,0,0,0,0,0,0,0,0,0,42,detection,
42110,12,13,1280,1280,0,0,0,0,0,0,1,0,0,0,42,detection,
42141,14,13,1280,1280,0,0,0,0,0,0,0,0,0,0,42,detection,
42154,18,13,1280,1280,0,0,0,0,0,0,0,0,0,0,42,detection,
42159,24,13,1280,1280,0,0,0,0,0,0,0,0,0,0,42,detection,
42160,3,13,1280,1280,0,0,0,0,0,0,1,0,0,0,42,detection,
42754,4,3,1536,1536,0,0,0,0,0,0,5,0,0,0,42,detection,
42788,20,3,1536,1536,0,0,0,0,0,0,3,0,0,0,42,detection,
42790,6,3,1536,1536,0,0,0,0,0,0,0,0,0,0,42,detection,
42986,11,30,1024,1024,0,0,0,0,0,0,0,0,0,0,42,detection,
42992,12,30,1024,1024,0,0,0,0,0,0,0,0,0,0,42,detection,
43017,14,30,1024,1024,0,0,0,0,0,0,0,0,0,0,43,detection,
43033,5,30,1024,1024,0,0,0,0,0,0,0,0,0,0,43,detection,
43057,16,30,1024,1024,0,0,0,0,0,0,0,0,0,0,43,detection,
43071,10,30,1024,1024,0,0,0,0,0,0,0,0,0,0,43,detection,
43075,21,30,1024,1024,0,0,0,0,0,0,0,0,0,0,43,detection,
43171,15,5,1536,1536,0,0,0,0,0,0,4,0,0,0,43,detection,
43492,25,2,1280,1280,0,0,0,0,0,0,1,0,0,0,43,detection,
43515,14,2,1280,1280,0,0,0,0,0,0,0,0,0,0,43,detection,
43664,20,6,2048,2048,0,0,0,0,0,0,0,0,0,0,43,detection,
44414,1,21,1024,1024,0,0,0,0,0,0,3,0,0,0,44,detection,
44454,26,21,1024,1024,0,0,0,0,0,0,3,0,0,0,44,detection,
44987,11,18,1280,1280,0,0,0,0,0,0,0,0,0,0,44,detection,
45034,5,18,1280,1280,0,0,0,0,0,0,0,0,0,0,45,detection,
45035,24,18,1280,1280,0,0,0,0,0,0,0,0,0,0,45,detection,
45082,19,18,1280,1280,0,0,0,0,0,0,0,0,0,0,45,detection,
45083,28,18,1280,1280,0,0,0,0,0,0,0,0,0,0,45,detection,
45084,23,18,1280,1280,0,0,0,0,0,0,0,0,0,0,45,detection,
45791,3,28,1792,1792,0,0,0,0,0,0,0,0,0,0,45,detection,
46161,24,20,1792,1792,0,0,0,0,0,0,0,0,0,0,46,detection,
46164,6,20,1792,1792,0,0,0,0,0,0,0,0,0,0,46,detection,
46168,3,20,1792,1792,0,0,0,0,0,0,0,0,0,0,46,detection,
46788,6,3,1536,1536,0,0,0,0,0,0,0,0,0,0,46,detection,
46792,20,3,1536,1536,0,0,0,0,0,0,3,0,0,0,46,detection,
48533,5,31,1280,1280,0,0,0,0,0,0,6,0,0,0,48,detection,
48561,16,31,1280,1280,0,0,0,0,0,0,0,0,0,0,48,detection,
49483,11,12,1536,1536,0,0,0,0,0,0,3,0,0,0,49,detection,
49530,5,12,1536,1536,0,0,0,0,0,0,4,0,0,0,49,detection,
49581,23,12,1536,1536,0,0,0,0,0,0,0,0,0,0,49,detection,
49663,20,6,2304,2304,0,0,0,0,0,0,3,0,0,0,49,detection,
49725,2,14,1280,1280,0,0,0,0,0,0,3,0,0,0,49,detection,
49752,25,14,1280,1280,0,0,0,0,0,0,10,0,0,0,49,detection,
50622,13,3,1536,1536,0,0,0,0,0,0,8,0,0,0,50,detection,
50630,4,3,1536,1536,0,0,0,0,0,0,10,0,0,0,50,detection,
50665,20,3,1536,1536,0,0,0,0,0,0,7,0,0,0,50,detection,
50665,6,3,1536,1536,0,0,0,0,0,0,4,0,0,0,50,detection,
50834,1,27,1024,1024,0,0,0,0,0,0,0,0,0,0,50,detection,
50842,17,27,1024,1024,0,0,0,0,0,0,1,0,0,0,50,detection,
50951,21,27,1024,1024,0,0,0,0,0,0,0,0,0,0,50,detection,
50952,26,27,1024,1024,0,0,0,0,0,0,0,0,0,0,50,detection,
51269,8,10,998,998,0,0,0,0,0,0,5,0,0,0,51,detection,
51277,18,10,998,998,0,0,0,0,0,0,4,0,0,0,51,detection,
51285,5,10,998,998,0,0,0,0,0,0,0,0,0,0,51,detection,
51286,9,10,998,998,0,0,0,0,0,0,5,0,0,0,51,detection,
51286,24,10,998,998,0,0,0,0,0,0,0,0,0,0,51,detection,
51309,16,10,998,998,0,0,0,0,0,0,0,0,0,0,51,detection,
51333,28,10,998,998,0,0,0,0,0,0,0,0,0,0,51,detection,
51335,23,10,998,998,0,0,0,0,0,0,0,0,0,0,51,detection,
51338,7,10,998,998,0,0,0,0,0,0,0,0,0,0,51,detection,
51361,11,10,998,998,0,0,0,0,0,0,0,0,0,0,51,detection,
51818,10,30,1024,1024,0,0,0,0,0,0,0,0,0,0,51,detection,
51833,28,30,1024,1024,0,0,0,0,0,0,0,0,0,0,51,detection,
51838,23,30,1024,1024,0,0,0,0,0,0,0,0,0,0,51,detection,
51858,11,30,1024,1024,0,0,0,0,0,0,0,0,0,0,51,detection,
51862,12,30,1024,1024,0,0,0,0,0,0,1,0,0,0,51,detection,
51909,5,30,1024,1024,0,0,0,0,0,0,0,0,0,0,51,detection,
52095,17,8,1280,1280,0,0,0,0,0,0,1,0,0,0,52,detection,
52125,27,8,1280,1280,0,0,0,0,0,0,0,0,0,0,52,detection,
52296,15,5,1536,1536,0,0,0,0,0,0,6,0,0,0,52,detection,
53514,14,16,768,768,0,0,0,0,0,0,6,0,0,0,53,detection,
53583,23,16,768,768,0,0,0,0,0,0,1,0,0,0,53,detection,
54182,16,22,1024,1024,0,0,0,0,0,0,0,0,0,0,54,detection,
54194,10,22,1024,1024,0,0,0,0,0,0,0,0,0,0,54,detection,
54207,23,22,1024,1024,0,0,0,0,0,0,2,0,0,0,54,detection,
54208,19,22,1024,1024,0,0,0,0,0,0,0,0,0,0,54,detection,
54210,28,22,1024,1024,0,0,0,0,0,0,0,0,0,0,54,detection,
54234,11,22,1024,1024,0,0,0,0,0,0,0,0,0,0,54,detection,
54285,5,22,1024,1024,0,0,0,0,0,0,2,0,0,0,54,detection,
55788,6,3,1536,1536,0,0,0,0,0,0,6,0,0,0,55,detection,
56203,21,9,1254,1254,0,0,0,0,0,0,0,0,0,0,56,detection,
56205,26,9,1254,1254,0,0,0,0,0,0,0,0,0,0,56,detection,
56211,7,9,1254,1254,0,0,0,0,0,0,0,0,0,0,56,detection,
56332,26,8,1024,1024,0,0,0,0,0,0,0,0,0,0,56,detection,
56334,7,8,1024,1024,0,0,0,0,0,0,6,0,0,0,56,detection,
56342,17,8,1024,1024,0,0,0,0,0,0,4,0,0,0,56,detection,
56373,27,8,1024,1024,0,0,0,0,0,0,3,0,0,0,56,detection,
57162,9,2,1280,1280,0,0,0,0,0,0,1,0,0,0,57,detection,
57208,7,2,1280,1280,0,0,0,0,0,0,3,0,0,0,57,detection,
57217,26,2,1280,1280,0,0,0,0,0,0,0,0,0,0,57,detection,
57239,25,2,1280,1280,0,0,0,0,0,0,6,0,0,0,57,detection,
57265,14,2,1280,1280,0,0,0,0,0,0,0,0,0,0,57,detection,
58327,1,21,1024,1024,0,0,0,0,0,0,3,0,0,0,58,detection,
58337,7,21,1024,1024,0,0,0,0,0,0,0,0,0,0,58,detection,
58342,17,21,1024,1024,0,0,0,0,0,0,0,0,0,0,58,detection,
58374,27,21,1024,1024,0,0,0,0,0,0,0,0,0,0,58,detection,
58383,4,31,1024,1024,0,0,0,0,0,0,18,0,0,0,58,detection,
58412,24,31,1024,1024,0,0,0,0,0,0,0,0,0,0,58,detection,
58432,16,31,1024,1024,0,0,0,0,0,0,4,0,0,0,58,detection,
59875,1,25,512,512,0,0,0,0,0,0,0,0,0,0,59,detection,
60204,26,2,1510,1510,0,0,0,0,0,0,3,0,0,0,60,detection,
60239,25,2,1510,1510,0,0,0,0,0,0,10,0,0,0,60,detection,
62204,19,13,1536,1536,0,0,0,0,0,0,4,0,0,0,62,detection,
62228,2,13,1536,1536,0,0,0,0,0,0,6,0,0,0,62,detection,
62536,24,28,1510,1510,0,0,0,0,0,0,6,0,0,0,62,detection,
62671,15,23,1341,1341,0,0,0,0,0,0,0,0,0,0,62,detection,
62788,6,3,1536,1536,0,0,0,0,0,0,10,0,0,0,62,detection,
63000,27,17,1024,1024,0,0,0,0,0,0,9,0,0,0,63,detection,
63073,21,17,1024,1024,0,0,0,0,0,0,11,0,0,0,63,detection,
63076,26,17,1024,1024,0,0,0,0,0,0,8,0,0,0,63,detection,
63297,15,5,1280,1280,0,0,0,0,0,0,12,0,0,0,63,detection,
63457,26,7,1536,1536,0,0,0,0,0,0,0,0,0,0,63,detection,
63470,17,7,1536,1536,0,0,0,0,0,0,0,0,0,0,63,detection,
63912,3,20,2048,2048,0,0,0,0,0,0,6,0,0,0,63,detection,
63913,6,20,2048,2048,0,0,0,0,0,0,6,0,0,0,63,detection,
64689,16,15,1853,1853,0,0,0,0,0,0,0,0,0,0,64,detection,
65539,20,6,2715,2715,0,0,0,0,0,0,12,0,0,0,65,detection,
66387,1,27,1024,1024,0,0,0,0,0,0,3,0,0,0,66,detection,
66397,8,27,1024,1024,0,0,0,0,0,0,17,0,0,0,66,detection,
66411,24,18,1024,1024,0,0,0,0,0,0,9,0,0,0,66,detection,
66446,10,18,1024,1024,0,0,0,0,0,0,0,0,0,0,66,detection,
66449,21,27,1024,1024,0,0,0,0,0,0,7,0,0,0,66,detection,
66453,19,18,1024,1024,0,0,0,0,0,0,9,0,0,0,66,detection,
66453,26,27,1024,1024,0,0,0,0,0,0,3,0,0,0,66,detection,
66455,28,18,1024,1024,0,0,0,0,0,0,9,0,0,0,66,detection,
66470,17,27,1024,1024,0,0,0,0,0,0,4,0,0,0,66,detection,
66533,5,18,1024,1024,0,0,0,0,0,0,13,0,0,0,66,detection,
66873,27,8,1484,1484,0,0,0,0,0,0,9,0,0,0,66,detection,
67558,16,31,1024,1024,0,0,0,0,0,0,9,0,0,0,67,detection,
67625,22,31,1024,1024,0,0,0,0,0,0,24,0,0,0,67,detection,
67630,4,31,1024,1024,0,0,0,0,0,0,22,0,0,0,67,detection,
67654,18,31,1024,1024,0,0,0,0,0,0,14,0,0,0,67,detection,
67660,5,31,1024,1024,0,0,0,0,0,0,16,0,0,0,67,detection,
67660,24,31,1024,1024,0,0,0,0,0,0,0,0,0,0,67,detection,
67858,11,22,1510,1510,0,0,0,0,0,0,3,0,0,0,67,detection,
67872,13,22,1510,1510,0,0,0,0,0,0,15,0,0,0,67,detection,
67888,14,22,1510,1510,0,0,0,0,0,0,7,0,0,0,67,detection,
68947,10,14,1024,1024,0,0,0,0,0,0,0,0,0,0,68,detection,
69594,17,7,1280,1280,0,0,0,0,0,0,4,0,0,0,69,detection,
71029,1,25,512,512,0,0,0,0,0,0,0,0,0,0,71,detection,
71549,15,13,1510,1510,0,0,0,0,0,0,0,0,0,0,71,detection,
71603,2,13,1510,1510,0,0,0,0,0,0,11,0,0,0,71,detection,
71612,12,13,1510,1510,0,0,0,0,0,0,10,0,0,0,71,detection,
71872,27,26,742,742,0,0,0,0,0,0,5,0,0,0,71,detection,
71949,21,26,742,742,0,0,0,0,0,0,9,0,0,0,71,detection,
71970,17,26,742,742,0,0,0,0,0,0,6,0,0,0,71,detection,
72412,6,3,1792,1792,0,0,0,0,0,0,13,0,0,0,72,detection,
72416,20,3,1792,1792,0,0,0,0,0,0,12,0,0,0,72,detection,
73441,1,23,1565,1565,0,0,0,0,0,0,0,0,0,0,73,detection,
73578,26,8,1536,1536,0,0,0,0,0,0,5,0,0,0,73,detection,
73586,7,8,1536,1536,0,0,0,0,0,0,11,0,0,0,73,detection,
73708,1,27,998,998,0,0,0,0,0,0,7,0,0,0,73,detection,
74407,5,18,1024,1024,0,0,0,0,0,0,15,0,0,0,74,detection,
74410,24,18,1024,1024,0,0,0,0,0,0,10,0,0,0,74,detection,
74425,15,18,1024,1024,0,0,0,0,0,0,0,0,0,0,74,detection,
76078,26,2,1254,1254,0,0,0,0,0,0,13,0,0,0,76,detection,
76643,14,4,1536,1536,0,0,0,0,0,0,11,0,0,0,76,detection,
76661,3,4,1536,1536,0,0,0,0,0,0,9,0,0,0,76,detection,
76665,6,4,1536,1536,0,0,0,0,0,0,0,0,0,0,76,detection,
77290,3,28,1536,1536,0,0,0,0,0,0,7,0,0,0,77,detection,
77582,26,9,1484,1484,0,0,0,0,0,0,11,0,0,0,77,detection,
77587,7,9,1484,1484,0,0,0,0,0,0,5,0,0,0,77,detection,
78917,20,6,2048,2048,0,0,0,0,0,0,15,0,0,0,78,detection,
81421,15,13,1484,1484,0,0,0,0,0,0,1,0,0,0,81,detection,
81454,28,13,1484,1484,0,0,0,0,0,0,8,0,0,0,81,detection,
81783,24,28,1536,1536,0,0,0,0,0,0,10,0,0,0,81,detection,
82552,15,2,998,998,0,0,0,0,0,0,0,0,0,0,82,detection,
82613,25,2,998,998,0,0,0,0,0,0,16,0,0,0,82,detection,
82715,1,23,768,768,0,0,0,0,0,0,3,0,0,0,82,detection,
83535,1,27,512,512,0,0,0,0,0,0,12,0,0,0,83,detection,
83788,24,11,1254,1254,0,0,0,0,0,0,0,0,0,0,83,detection,
84104,2,16,1559,1559,0,0,0,0,0,0,16,0,0,0,84,detection,
84539,20,3,1792,1792,0,0,0,0,0,0,16,0,0,0,84,detection,
84631,4,3,1792,1792,0,0,0,0,0,0,29,0,0,0,84,detection,
85038,24,15,1510,1510,0,0,0,0,0,0,0,0,0,0,85,detection,
85459,7,21,1023,1023,0,0,0,0,0,0,4,0,0,0,85,detection,
86789,20,6,2304,2304,0,0,0,0,0,0,15,0,0,0,86,detection,
86831,19,6,2304,2304,0,0,0,0,0,0,0,0,0,0,86,detection,
87083,28,8,1536,1536,0,0,0,0,0,0,0,0,0,0,87,detection,
87084,26,8,1536,1536,0,0,0,0,0,0,20,0,0,0,87,detection,
87084,7,8,1536,1536,0,0,0,0,0,0,14,0,0,0,87,detection,
87097,17,8,1536,1536,0,0,0,0,0,0,16,0,0,0,87,detection,
89046,15,13,1484,1484,0,0,0,0,0,0,3,0,0,0,89,detection,
89435,16,15,1766,1766,0,0,0,0,0,0,9,0,0,0,89,detection,
90042,1,23,512,512,0,0,0,0,0,0,7,0,0,0,90,detection,
90687,16,30,1547,1547,0,0,0,0,0,0,21,0,0,0,90,detection,
90896,1,27,512,512,0,0,0,0,0,0,12,0,0,0,90,detection,
90994,25,27,512,512,0,0,0,0,0,0,17,0,0,0,90,detection,
91210,19,14,1024,1024,0,0,0,0,0,0,0,0,0,0,91,detection,
91960,7,8,1536,1536,0,0,0,0,0,0,18,0,0,0,91,detection,
95114,25,2,1228,1228,0,0,0,0,0,0,19,0,0,0,95,detection,
96785,24,28,1536,1536,0,0,0,0,0,0,13,0,0,0,96,detection,
96790,3,28,1536,1536,0,0,0,0,0,0,13,0,0,0,96,detection,
98043,20,22,1536,1536,0,0,0,0,0,0,0,0,0,0,98,detection,
98062,16,22,1536,1536,0,0,0,0,0,0,15,0,0,0,98,detection,
98166,9,18,1254,1254,0,0,0,0,0,0,16,0,0,0,98,detection,
99209,7,8,1536,1536,0,0,0,0,0,0,18,0,0,0,99,detection,
99396,1,12,1536,1536,0,0,0,0,0,0,0,0,0,0,99,detection,
99487,11,12,1536,1536,0,0,0,0,0,0,10,0,0,0,99,detection,
99665,20,3,1792,1792,0,0,0,0,0,0,21,0,0,0,99,detection,
99708,19,3,1792,1792,0,0,0,0,0,0,0,0,0,0,99,detection,
99917,20,15,1768,1768,0,0,0,0,0,0,0,0,0,0,99,detection,
99917,6,15,1768,1768,0,0,0,0,0,0,0,0,0,0,99,detection,
99958,19,15,1768,1768,0,0,0,0,0,0,0,0,0,0,99,detection,
100058,16,30,1510,1510,0,0,0,0,0,0,23,0,0,0,100,detection,
100334,28,10,1536,1536,0,0,0,0,0,0,8,0,0,0,100,detection,
100360,11,10,1536,1536,0,0,0,0,0,0,10,0,0,0,100,detection,
100397,8,10,1536,1536,0,0,0,0,0,0,27,0,0,0,100,detection,
100410,9,10,1536,1536,0,0,0,0,0,0,21,0,0,0,100,detection,
100411,24,10,1536,1536,0,0,0,0,0,0,4,0,0,0,100,detection,
101060,1,23,512,512,0,0,0,0,0,0,9,0,0,0,101,detection,
102956,26,2,1280,1280,0,0,0,0,0,0,28,0,0,0,102,detection,
103540,20,3,2048,2048,0,0,0,0,0,0,19,0,0,0,103,detection,
104171,20,19,1536,1536,0,0,0,0,0,0,0,0,0,0,104,detection,
104449,21,9,1536,1536,0,0,0,0,0,0,14,0,0,0,104,detection,
104462,7,9,1536,1536,0,0,0,0,0,0,11,0,0,0,104,detection,
104560,16,30,1510,1510,0,0,0,0,0,0,21,0,0,0,104,detection,
105308,16,22,1536,1536,0,0,0,0,0,0,15,0,0,0,105,detection,
105497,27,25,512,512,0,0,0,0,0,0,11,0,0,0,105,detection,
106283,24,28,1536,1536,0,0,0,0,0,0,14,0,0,0,106,detection,
106288,3,28,1536,1536,0,0,0,0,0,0,15,0,0,0,106,detection,
106290,6,28,1536,1536,0,0,0,0,0,0,8,0,0,0,106,detection,
106913,6,20,2048,2048,0,0,0,0,0,0,11,0,0,0,106,detection,
106916,3,20,2048,2048,0,0,0,0,0,0,15,0,0,0,106,detection,
107187,16,25,512,512,0,0,0,0,0,0,18,0,0,0,107,detection,
109170,20,30,1536,1536,0,0,0,0,0,0,0,0,0,0,109,detection,
109182,16,30,1536,1536,0,0,0,0,0,0,26,0,0,0,109,detection,
112462,7,9,1536,1536,0,0,0,0,0,0,11,0,0,0,112,detection,
112573,21,9,1536,1536,0,0,0,0,0,0,14,0,0,0,112,detection,
112667,9,2,1305,1305,0,0,0,0,0,0,22,0,0,0,112,detection,
112881,4,3,2227,2227,0,0,0,0,0,0,33,0,0,0,112,detection,
112896,8,3,2227,2227,0,0,0,0,0,0,30,0,0,0,112,detection,
112905,18,3,2227,2227,0,0,0,0,0,0,21,0,0,0,112,detection,
113832,19,15,1768,1768,0,0,0,0,0,0,0,0,0,0,113,detection,
113917,20,15,1768,1768,0,0,0,0,0,0,2,0,0,0,113,detection,
114538,6,20,2048,2048,0,0,0,0,0,0,14,0,0,0,114,detection,
114541,3,20,2048,2048,0,0,0,0,0,0,19,0,0,0,114,detection,
114955,26,8,1742,1742,0,0,0,0,0,0,27,0,0,0,114,detection,
115766,1,7,1330,1330,0,0,0,0,0,0,0,0,0,0,115,detection,
116586,7,10,1536,1536,0,0,0,0,0,0,9,0,0,0,116,detection,
116659,24,10,1536,1536,0,0,0,0,0,0,10,0,0,0,116,detection,
116666,9,10,1536,1536,0,0,0,0,0,0,26,0,0,0,116,detection,
117977,2,22,2048,2048,0,0,0,0,0,0,19,0,0,0,117,detection,
117985,11,22,2048,2048,0,0,0,0,0,0,19,0,0,0,117,detection,
117990,12,22,2048,2048,0,0,0,0,0,0,16,0,0,0,117,detection,
117993,25,22,2048,2048,0,0,0,0,0,0,17,0,0,0,117,detection,
118001,13,22,2048,2048,0,0,0,0,0,0,27,0,0,0,118,detection,
118023,8,22,2048,2048,0,0,0,0,0,0,26,0,0,0,118,detection,
118029,18,22,2048,2048,0,0,0,0,0,0,19,0,0,0,118,detection,
118044,20,22,2048,2048,0,0,0,0,0,0,7,0,0,0,118,detection,
119416,6,8,1742,1742,0,0,0,0,0,0,0,0,0,0,119,detection,
119418,20,8,1742,1742,0,0,0,0,0,0,0,0,0,0,119,detection,
119459,28,8,1742,1742,0,0,0,0,0,0,8,0,0,0,119,detection,
119471,17,8,1742,1742,0,0,0,0,0,0,25,0,0,0,119,detection,
120835,23,13,1536,1536,0,0,0,0,0,0,15,0,0,0,120,detection,
121269,8,3,2388,2388,0,0,0,0,0,0,29,0,0,0,121,detection,
121288,6,3,2388,2388,0,0,0,0,0,0,24,0,0,0,121,detection,
121289,9,3,2388,2388,0,0,0,0,0,0,25,0,0,0,121,detection,
121668,6,19,1280,1280,0,0,0,0,0,0,0,0,0,0,121,detection,
121708,28,19,1280,1280,0,0,0,0,0,0,14,0,0,0,121,detection,
122486,1,12,1536,1536,0,0,0,0,0,0,3,0,0,0,122,detection,
122588,23,12,1536,1536,0,0,0,0,0,0,17,0,0,0,122,detection,
123224,17,4,1532,1532,0,0,0,0,0,0,19,0,0,0,123,detection,
123228,2,4,1532,1532,0,0,0,0,0,0,26,0,0,0,123,detection,
123246,25,4,1532,1532,0,0,0,0,0,0,21,0,0,0,123,detection,
123255,22,4,1532,1532,0,0,0,0,0,0,26,0,0,0,123,detection,
123271,8,4,1532,1532,0,0,0,0,0,0,27,0,0,0,123,detection,
125538,3,28,1487,1487,0,0,0,0,0,0,16,0,0,0,125,detection,
125541,6,28,1487,1487,0,0,0,0,0,0,9,0,0,0,125,detection,
125959,23,13,512,512,0,0,0,0,0,0,24,0,0,0,125,detection,
125962,7,13,512,512,0,0,0,0,0,0,22,0,0,0,125,detection,
126074,21,9,1536,1536,0,0,0,0,0,0,15,0,0,0,126,detection,
126147,8,9,1536,1536,0,0,0,0,0,0,26,0,0,0,126,detection,
126154,1,7,768,768,0,0,0,0,0,0,6,0,0,0,126,detection,
126904,1,27,512,512,0,0,0,0,0,0,12,0,0,0,126,detection,
126991,25,27,512,512,0,0,0,0,0,0,26,0,0,0,126,detection,
127341,7,29,793,793,0,0,0,0,0,0,19,0,0,0,127,detection,
128582,19,18,1536,1536,0,0,0,0,0,0,13,0,0,0,128,detection,
128583,28,18,1536,1536,0,0,0,0,0,0,23,0,0,0,128,detection,
128611,11,18,1536,1536,0,0,0,0,0,0,19,0,0,0,128,detection,
128711,23,10,768,768,0,0,0,0,0,0,19,0,0,0,128,detection,
128992,11,12,512,512,0,0,0,0,0,0,25,0,0,0,128,detection,
129419,6,11,1254,1254,0,0,0,0,0,0,0,0,0,0,129,detection,
129421,15,11,1254,1254,0,0,0,0,0,0,19,0,0,0,129,detection,
132412,24,31,1792,1792,0,0,0,0,0,0,10,0,0,0,132,detection,
132513,1,7,512,512,0,0,0,0,0,0,7,0,0,0,132,detection,
132993,12,4,1024,1024,0,0,0,0,0,0,22,0,0,0,132,detection,
133003,27,4,1024,1024,0,0,0,0,0,0,19,0,0,0,133,detection,
133040,3,4,1024,1024,0,0,0,0,0,0,21,0,0,0,133,detection,
133040,9,4,1024,1024,0,0,0,0,0,0,21,0,0,0,133,detection,
133041,6,4,1024,1024,0,0,0,0,0,0,6,0,0,0,133,detection,
133063,16,4,1024,1024,0,0,0,0,0,0,18,0,0,0,133,detection,
133661,9,2,1651,1651,0,0,0,0,0,0,30,0,0,0,133,detection,
133663,18,2,1651,1651,0,0,0,0,0,0,25,0,0,0,133,detection,
134105,2,3,1766,1766,0,0,0,0,0,0,24,0,0,0,134,detection,
134143,8,3,1766,1766,0,0,0,0,0,0,34,0,0,0,134,detection,
134208,19,3,1766,1766,0,0,0,0,0,0,8,0,0,0,134,detection,
134333,23,13,512,512,0,0,0,0,0,0,29,0,0,0,134,detection,
134617,25,16,819,819,0,0,0,0,0,0,25,0,0,0,134,detection,
134646,8,16,819,819,0,0,0,0,0,0,30,0,0,0,134,detection,
134663,18,16,819,819,0,0,0,0,0,0,26,0,0,0,134,detection,
135536,5,14,1254,1254,0,0,0,0,0,0,21,0,0,0,135,detection,
135809,1,21,1024,1024,0,0,0,0,0,0,7,0,0,0,135,detection,
136082,19,18,1331,1331,0,0,0,0,0,0,20,0,0,0,136,detection,
136086,28,18,1331,1331,0,0,0,0,0,0,34,0,0,0,136,detection,
136109,11,18,1331,1331,0,0,0,0,0,0,25,0,0,0,136,detection,
137912,3,20,1536,1536,0,0,0,0,0,0,30,0,0,0,137,detection,
137916,6,20,1536,1536,0,0,0,0,0,0,20,0,0,0,137,detection,
138602,2,3,1536,1536,0,0,0,0,0,0,28,0,0,0,138,detection,
138627,22,3,1536,1536,0,0,0,0,0,0,23,0,0,0,138,detection,
139012,1,23,512,512,0,0,0,0,0,0,9,0,0,0,139,detection,
139872,13,22,1024,1024,0,0,0,0,0,0,32,0,0,0,139,detection,
141105,11,12,742,742,0,0,0,0,0,0,26,0,0,0,141,detection,
141616,25,4,1024,1024,0,0,0,0,0,0,25,0,0,0,141,detection,
141624,27,4,1024,1024,0,0,0,0,0,0,19,0,0,0,141,detection,
144247,1,7,512,512,0,0,0,0,0,0,8,0,0,0,144,detection,
144541,6,28,1587,1587,0,0,0,0,0,0,15,0,0,0,144,detection,
145917,6,19,1280,1280,0,0,0,0,0,0,1,0,0,0,145,detection,
146409,24,10,512,512,0,0,0,0,0,0,24,0,0,0,146,detection,
146460,23,10,512,512,0,0,0,0,0,0,22,0,0,0,146,detection,
148785,24,31,1024,1024,0,0,0,0,0,0,23,0,0,0,148,detection,
148975,2,3,1024,1024,0,0,0,0,0,0,33,0,0,0,148,detection,
149001,22,3,1024,1024,0,0,0,0,0,0,28,0,0,0,149,detection,
149004,4,3,1024,1024,0,0,0,0,0,0,38,0,0,0,149,detection,
149026,18,3,1024,1024,0,0,0,0,0,0,31,0,0,0,149,detection,
149038,6,3,1024,1024,0,0,0,0,0,0,23,0,0,0,149,detection,
149039,9,3,1024,1024,0,0,0,0,0,0,30,0,0,0,149,detection,
149046,20,3,1024,1024,0,0,0,0,0,0,39,0,0,0,149,detection,
149082,19,3,1024,1024,0,0,0,0,0,0,14,0,0,0,149,detection,
150299,15,11,998,998,0,0,0,0,0,0,29,0,0,0,150,detection,
150749,27,4,1024,1024,0,0,0,0,0,0,21,0,0,0,150,detection,
150749,22,4,1024,1024,0,0,0,0,0,0,32,0,0,0,150,detection,
150864,12,4,1024,1024,0,0,0,0,0,0,22,0,0,0,150,detection,
151650,1,21,1000,1000,0,0,0,0,0,0,7,0,0,0,151,detection,
151709,7,21,1000,1000,0,0,0,0,0,0,23,0,0,0,151,detection,
151723,17,21,1000,1000,0,0,0,0,0,0,18,0,0,0,151,detection,
154832,26,8,2044,2044,0,0,0,0,0,0,32,0,0,0,154,detection,
154891,14,8,2044,2044,0,0,0,0,0,0,18,0,0,0,154,detection,
155461,23,22,768,768,0,0,0,0,0,0,25,0,0,0,155,detection,
155496,13,22,768,768,0,0,0,0,0,0,38,0,0,0,155,detection,
155508,4,22,768,768,0,0,0,0,0,0,27,0,0,0,155,detection,
155526,18,22,768,768,0,0,0,0,0,0,30,0,0,0,155,detection,
155542,3,22,768,768,0,0,0,0,0,0,33,0,0,0,155,detection,
155546,20,22,768,768,0,0,0,0,0,0,31,0,0,0,155,detection,
156600,2,3,768,768,0,0,0,0,0,0,37,0,0,0,156,detection,
156668,6,3,768,768,0,0,0,0,0,0,25,0,0,0,156,detection,
156707,19,3,768,768,0,0,0,0,0,0,16,0,0,0,156,detection,
157514,14,9,1536,1536,0,0,0,0,0,0,19,0,0,0,157,detection,
157515,8,9,1536,1536,0,0,0,0,0,0,32,0,0,0,157,detection,
157583,26,9,1536,1536,0,0,0,0,0,0,24,0,0,0,157,detection,
158189,16,17,1280,1280,0,0,0,0,0,0,28,0,0,0,158,detection,
158198,10,17,1280,1280,0,0,0,0,0,0,29,0,0,0,158,detection,
158239,1,17,1280,1280,0,0,0,0,0,0,8,0,0,0,158,detection,
158253,22,17,1280,1280,0,0,0,0,0,0,33,0,0,0,158,detection,
158268,4,17,1280,1280,0,0,0,0,0,0,29,0,0,0,158,detection,
163015,14,8,2048,2048,0,0,0,0,0,0,22,0,0,0,163,detection,
163079,26,8,2048,2048,0,0,0,0,0,0,36,0,0,0,163,detection,
164018,8,9,1536,1536,0,0,0,0,0,0,36,0,0,0,164,detection,
164078,26,9,1536,1536,0,0,0,0,0,0,27,0,0,0,164,detection,
165859,1,17,1024,1024,0,0,0,0,0,0,8,0,0,0,165,detection,
165872,22,17,1024,1024,0,0,0,0,0,0,34,0,0,0,165,detection,
165877,4,17,1024,1024,0,0,0,0,0,0,30,0,0,0,165,detection,
165953,21,17,1024,1024,0,0,0,0,0,0,31,0,0,0,165,detection,
168667,20,6,1536,1536,0,0,0,0,0,0,42,0,0,0,168,detection,
170212,28,30,1536,1536,0,0,0,0,0,0,33,0,0,0,170,detection,
170227,2,16,1280,1280,0,0,0,0,0,0,33,0,0,0,170,detection,
170237,11,30,1536,1536,0,0,0,0,0,0,26,0,0,0,170,detection,
170241,12,30,1536,1536,0,0,0,0,0,0,25,0,0,0,170,detection,
170769,8,9,1792,1792,0,0,0,0,0,0,40,0,0,0,170,detection,
171496,13,22,1094,1094,0,0,0,0,0,0,38,0,0,0,171,detection,
171526,18,22,1094,1094,0,0,0,0,0,0,30,0,0,0,171,detection,
171539,3,22,1094,1094,0,0,0,0,0,0,32,0,0,0,171,detection,
171543,20,22,1094,1094,0,0,0,0,0,0,34,0,0,0,171,detection,
172105,11,12,1135,1135,0,0,0,0,0,0,29,0,0,0,172,detection,
172208,28,12,1135,1135,0,0,0,0,0,0,31,0,0,0,172,detection,
172249,22,3,790,790,0,0,0,0,0,0,30,0,0,0,172,detection,
172274,8,10,949,949,0,0,0,0,0,0,37,0,0,0,172,detection,
172287,9,10,949,949,0,0,0,0,0,0,34,0,0,0,172,detection,
172375,27,25,1102,1102,0,0,0,0,0,0,33,0,0,0,172,detection,
174914,6,20,1280,1280,0,0,0,0,0,0,23,0,0,0,174,detection,
174915,24,20,1280,1280,0,0,0,0,0,0,22,0,0,0,174,detection,
175602,2,16,1280,1280,0,0,0,0,0,0,34,0,0,0,175,detection,
175702,10,16,1280,1280,0,0,0,0,0,0,27,0,0,0,175,detection,
176458,23,22,1280,1280,0,0,0,0,0,0,28,0,0,0,176,detection,
176543,20,6,1510,1510,0,0,0,0,0,0,43,0,0,0,176,detection,
177455,28,30,1280,1280,0,0,0,0,0,0,34,0,0,0,177,detection,
178828,21,4,1024,1024,0,0,0,0,0,0,21,0,0,0,178,detection,
178849,17,4,1024,1024,0,0,0,0,0,0,26,0,0,0,178,detection,
180935,1,17,1356,1356,0,0,0,0,0,0,12,0,0,0,180,detection,
180948,21,17,1356,1356,0,0,0,0,0,0,34,0,0,0,180,detection,
180999,22,17,1356,1356,0,0,0,0,0,0,37,0,0,0,180,detection,
181004,4,17,1356,1356,0,0,0,0,0,0,34,0,0,0,181,detection,
182094,17,4,1024,1024,0,0,0,0,0,0,31,0,0,0,182,detection,
183583,26,7,1303,1303,0,0,0,0,0,0,28,0,0,0,183,detection,
183662,24,20,1280,1280,0,0,0,0,0,0,25,0,0,0,183,detection,
183664,6,20,1280,1280,0,0,0,0,0,0,24,0,0,0,183,detection,
183771,1,17,1024,1024,0,0,0,0,0,0,15,0,0,0,183,detection,
183822,21,17,1024,1024,0,0,0,0,0,0,37,0,0,0,183,detection,
185084,23,22,1302,1302,0,0,0,0,0,0,32,0,0,0,185,detection,
186530,8,16,1280,1280,0,0,0,0,0,0,36,0,0,0,186,detection,
186588,23,16,1280,1280,0,0,0,0,0,0,26,0,0,0,186,detection,
189524,18,22,1046,1046,0,0,0,0,0,0,35,0,0,0,189,detection,
189643,8,9,1792,1792,0,0,0,0,0,0,43,0,0,0,189,detection,
189672,20,9,1792,1792,0,0,0,0,0,0,28,0,0,0,189,detection,
189703,26,9,1792,1792,0,0,0,0,0,0,34,0,0,0,189,detection,
189853,1,17,1358,1358,0,0,0,0,0,0,19,0,0,0,189,detection,
189875,22,17,1358,1358,0,0,0,0,0,0,36,0,0,0,189,detection,
189935,16,17,1358,1358,0,0,0,0,0,0,33,0,0,0,189,detection,
189947,21,17,1358,1358,0,0,0,0,0,0,42,0,0,0,189,detection,
191609,1,21,1024,1024,0,0,0,0,0,0,11,0,0,0,191,detection,
199091,1,17,1308,1308,0,0,0,0,0,0,14,0,0,0,199,detection,
199198,21,17,1308,1308,0,0,0,0,0,0,42,0,0,0,199,detection,
199253,22,9,1638,1638,0,0,0,0,0,0,32,0,0,0,199,detection,
199291,20,9,1638,1638,0,0,0,0,0,0,29,0,0,0,199,detection,
200050,15,11,1766,1766,0,0,0,0,0,0,37,0,0,0,200,detection,
201041,3,18,1236,1236,0,0,0,0,0,0,29,0,0,0,201,detection,
202051,15,13,742,742,0,0,0,0,0,0,24,0,0,0,202,detection,
205864,25,27,1280,1280,0,0,0,0,0,0,30,0,0,0,205,detection,
205876,22,27,1280,1280,0,0,0,0,0,0,33,0,0,0,205,detection,
208087,19,22,1046,1046,0,0,0,0,0,0,22,0,0,0,208,detection,
208147,8,22,1046,1046,0,0,0,0,0,0,35,0,0,0,208,detection,
208160,5,22,1046,1046,0,0,0,0,0,0,24,0,0,0,208,detection,
208168,20,22,1046,1046,0,0,0,0,0,0,41,0,0,0,208,detection,
208879,4,17,1308,1308,0,0,0,0,0,0,33,0,0,0,208,detection,
209952,21,25,1536,1536,0,0,0,0,0,0,29,0,0,0,209,detection,
209970,17,25,1536,1536,0,0,0,0,0,0,29,0,0,0,209,detection,
211618,1,21,1356,1356,0,0,0,0,0,0,11,0,0,0,211,detection,
211725,17,21,1356,1356,0,0,0,0,0,0,28,0,0,0,211,detection,
212449,21,4,1280,1280,0,0,0,0,0,0,28,0,0,0,212,detection,
212516,14,4,1280,1280,0,0,0,0,0,0,25,0,0,0,212,detection,
212576,21,9,1730,1730,0,0,0,0,0,0,29,0,0,0,212,detection,
212577,26,9,1730,1730,0,0,0,0,0,0,34,0,0,0,212,detection,
212589,7,9,1730,1730,0,0,0,0,0,0,29,0,0,0,212,detection,
212620,12,9,1730,1730,0,0,0,0,0,0,25,0,0,0,212,detection,
212624,22,9,1730,1730,0,0,0,0,0,0,30,0,0,0,212,detection,
212640,14,9,1730,1730,0,0,0,0,0,0,23,0,0,0,212,detection,
212644,8,9,1730,1730,0,0,0,0,0,0,43,0,0,0,212,detection,
215755,4,17,1308,1308,0,0,0,0,0,0,34,0,0,0,215,detection,
215827,26,17,1308,1308,0,0,0,0,0,0,33,0,0,0,215,detection,
216155,18,16,1024,1024,0,0,0,0,0,0,33,0,0,0,216,detection,
216202,21,16,1024,1024,0,0,0,0,0,0,30,0,0,0,216,detection,
218415,6,20,1739,1739,0,0,0,0,0,0,23,0,0,0,218,detection,
219142,1,26,1820,1820,0,0,0,0,0,0,8,0,0,0,219,detection,
219203,21,26,1820,1820,0,0,0,0,0,0,27,0,0,0,219,detection,
219225,17,26,1820,1820,0,0,0,0,0,0,30,0,0,0,219,detection,
219544,20,6,1717,1717,0,0,0,0,0,0,38,0,0,0,219,detection,
220660,9,4,1280,1280,0,0,0,0,0,0,32,0,0,0,220,detection,
220728,2,4,1280,1280,0,0,0,0,0,0,32,0,0,0,220,detection,
220737,12,4,1280,1280,0,0,0,0,0,0,28,0,0,0,220,detection,
222666,24,11,1820,1820,0,0,0,0,0,0,22,0,0,0,222,detection,
226248,27,25,1740,1740,0,0,0,0,0,0,37,0,0,0,226,detection,
227615,1,26,1820,1820,0,0,0,0,0,0,7,0,0,0,227,detection,
227955,28,12,1766,1766,0,0,0,0,0,0,35,0,0,0,227,detection,
227959,19,12,1766,1766,0,0,0,0,0,0,31,0,0,0,227,detection,
227989,11,12,1766,1766,0,0,0,0,0,0,34,0,0,0,227,detection,
232838,7,9,1864,1864,0,0,0,0,0,0,32,0,0,0,232,detection,
232864,12,9,1864,1864,0,0,0,0,0,0,30,0,0,0,232,detection,
232892,14,9,1864,1864,0,0,0,0,0,0,27,0,0,0,232,detection,
234289,3,18,1280,1280,0,0,0,0,0,0,39,0,0,0,234,detection,
236085,28,19,1558,1558,0,0,0,0,0,0,37,0,0,0,236,detection,
236410,24,11,1847,1847,0,0,0,0,0,0,23,0,0,0,236,detection,
236414,5,11,1847,1847,0,0,0,0,0,0,26,0,0,0,236,detection,
237619,12,13,949,949,0,0,0,0,0,0,29,0,0,0,237,detection,
240138,14,9,1864,1864,0,0,0,0,0,0,27,0,0,0,240,detection,
240168,3,9,1864,1864,0,0,0,0,0,0,33,0,0,0,240,detection,
240199,21,9,1864,1864,0,0,0,0,0,0,32,0,0,0,240,detection,
240202,26,9,1864,1864,0,0,0,0,0,0,40,0,0,0,240,detection,
240861,1,26,1792,1792,0,0,0,0,0,0,12,0,0,0,240,detection,
241167,6,8,1766,1766,0,0,0,0,0,0,14,0,0,0,241,detection,
241490,11,19,1637,1637,0,0,0,0,0,0,33,0,0,0,241,detection,
241825,21,25,1766,1766,0,0,0,0,0,0,32,0,0,0,241,detection,
241842,17,25,1766,1766,0,0,0,0,0,0,35,0,0,0,241,detection,
241875,13,25,1766,1766,0,0,0,0,0,0,29,0,0,0,241,detection,
241885,4,25,1766,1766,0,0,0,0,0,0,32,0,0,0,241,detection,
242163,24,11,1461,1461,0,0,0,0,0,0,28,0,0,0,242,detection,
242451,21,9,2048,2048,0,0,0,0,0,0,36,0,0,0,242,detection,
242455,26,9,2048,2048,0,0,0,0,0,0,38,0,0,0,242,detection,
242460,7,9,2048,2048,0,0,0,0,0,0,36,0,0,0,242,detection,
242511,4,9,2048,2048,0,0,0,0,0,0,30,0,0,0,242,detection,
242873,13,25,1461,1461,0,0,0,0,0,0,32,0,0,0,242,detection,
245019,14,2,1461,1461,0,0,0,0,0,0,22,0,0,0,245,detection,
245414,3,18,1280,1280,0,0,0,0,0,0,41,0,0,0,245,detection,
247298,20,19,2149,2149,0,0,0,0,0,0,33,0,0,0,247,detection,
247341,28,19,2149,2149,0,0,0,0,0,0,52,0,0,0,247,detection,
247359,11,19,2149,2149,0,0,0,0,0,0,41,0,0,0,247,detection,
248163,1,26,1766,1766,0,0,0,0,0,0,11,0,0,0,248,detection,
249161,24,11,1461,1461,0,0,0,0,0,0,30,0,0,0,249,detection,
251075,10,22,1612,1612,0,0,0,0,0,0,30,0,0,0,251,detection,
251083,23,22,1612,1612,0,0,0,0,0,0,37,0,0,0,251,detection,
251087,28,22,1612,1612,0,0,0,0,0,0,29,0,0,0,251,detection,
256212,23,12,1792,1792,0,0,0,0,0,0,25,0,0,0,256,detection,
257088,7,2,1637,1637,0,0,0,0,0,0,27,0,0,0,257,detection,
257140,14,2,1637,1637,0,0,0,0,0,0,25,0,0,0,257,detection,
258040,6,8,1766,1766,0,0,0,0,0,0,19,0,0,0,258,detection,
258370,25,17,2048,2048,0,0,0,0,0,0,31,0,0,0,258,detection,
258784,18,31,1240,1752,-512,0,100,100,75,10,38,0,69,55,258,detection,
260003,27,21,1536,1536,0,0,0,0,0,0,24,0,0,0,260,detection,
262658,5,11,1461,1461,0,0,0,0,0,0,29,0,0,0,262,detection,
264160,5,10,2048,2048,0,0,0,0,0,0,21,0,0,0,264,detection,
265569,1,26,1952,1952,0,0,0,0,0,0,12,0,0,0,265,detection,
269979,2,3,1792,1792,0,0,0,0,0,0,41,0,0,0,269,detection,
270001,13,3,1792,1792,0,0,0,0,0,0,30,0,0,0,270,detection,
271544,20,6,2150,2150,0,0,0,0,0,0,42,0,0,0,271,detection,
271828,26,2,1536,1536,0,0,0,0,0,0,40,0,0,0,271,detection,
271994,12,30,1240,1240,0,0,0,0,0,0,31,0,0,0,271,detection,
272533,18,13,1024,1024,0,0,0,0,0,0,26,0,0,0,272,detection,
272545,3,13,1024,1024,0,0,0,0,0,0,28,0,0,0,272,detection,
272604,2,13,1024,1024,0,0,0,0,0,0,36,0,0,0,272,detection,
272628,27,4,1864,1864,0,0,0,0,0,0,28,0,0,0,272,detection,
274070,10,22,1870,1870,0,0,0,0,0,0,33,0,0,0,274,detection,
274086,23,22,1870,1870,0,0,0,0,0,0,40,0,0,0,274,detection,
276780,18,3,1536,1536,0,0,0,0,0,0,38,0,0,0,276,detection,
276953,10,18,1536,1536,0,0,0,0,0,0,33,0,0,0,276,detection,
279921,20,15,2048,2048,0,0,0,0,0,0,29,0,0,0,279,detection,
279939,16,15,2048,2048,0,0,0,0,0,0,32,0,0,0,279,detection,
280493,12,22,2022,2022,0,0,0,0,0,0,31,0,0,0,280,detection,
283331,26,2,1536,1536,0,0,0,0,0,0,44,0,0,0,283,detection,
283335,7,2,1536,1536,0,0,0,0,0,0,31,0,0,0,283,detection,
283477,2,3,1536,1536,0,0,0,0,0,0,44,0,0,0,283,detection,
283498,13,3,1536,1536,0,0,0,0,0,0,33,0,0,0,283,detection,
285270,8,9,2048,2048,0,0,0,0,0,0,43,0,0,0,285,detection,
285291,20,9,2048,2048,0,0,0,0,0,0,33,0,0,0,285,detection,
286487,12,22,2022,2022,0,0,0,0,0,0,31,0,0,0,286,detection,
286500,27,22,2022,2022,0,0,0,0,0,0,24,0,0,0,286,detection,
288700,21,4,1973,1973,0,0,0,0,0,0,36,0,0,0,288,detection,
288894,14,8,1766,1766,0,0,0,0,0,0,28,0,0,0,288,detection,
288916,6,8,1766,1766,0,0,0,0,0,0,21,0,0,0,288,detection,
288920,20,8,1766,1766,0,0,0,0,0,0,33,0,0,0,288,detection,
288959,28,8,1766,1766,0,0,0,0,0,0,36,0,0,0,288,detection,
288971,17,8,1766,1766,0,0,0,0,0,0,41,0,0,0,288,detection,
289455,26,2,1536,1536,0,0,0,0,0,0,43,0,0,0,289,detection,
290976,2,13,975,975,0,0,0,0,0,0,36,0,0,0,290,detection,
291018,14,13,975,975,0,0,0,0,0,0,18,0,0,0,291,detection,
291980,2,14,1518,1518,0,0,0,0,0,0,29,0,0,0,291,detection,
292002,13,14,1518,1518,0,0,0,0,0,0,27,0,0,0,292,detection,
292036,5,14,1518,1518,0,0,0,0,0,0,25,0,0,0,292,detection,
292076,10,14,1518,1518,0,0,0,0,0,0,35,0,0,0,292,detection,
292543,20,6,2249,2249,0,0,0,0,0,0,45,0,0,0,292,detection,
295299,20,3,1536,1536,0,0,0,0,0,0,51,0,0,0,295,detection,
296790,24,10,2048,2048,0,0,0,0,0,0,42,0,0,0,296,detection,
297703,21,9,2070,2070,0,0,0,0,0,0,41,0,0,0,297,detection,
297754,4,9,2070,2070,0,0,0,0,0,0,35,0,0,0,297,detection,
297950,21,4,2048,2048,0,0,0,0,0,0,40,0,0,0,297,detection,
298879,22,3,1536,1536,0,0,0,0,0,0,34,0,0,0,298,detection,
298964,19,3,1536,1536,0,0,0,0,0,0,38,0,0,0,298,detection,
299457,19,6,2249,2249,0,0,0,0,0,0,29,0,0,0,299,detection,
300419,6,11,1941,1941,0,0,0,0,0,0,17,0,0,0,300,detection,
300423,15,11,1941,1941,0,0,0,0,0,0,46,0,0,0,300,detection,
301251,27,22,2073,2073,0,0,0,0,0,0,30,0,0,0,301,detection,
303999,22,4,2048,2048,0,0,0,0,0,0,36,0,0,0,303,detection,
304020,8,4,2048,2048,0,0,0,0,0,0,32,0,0,0,304,detection,
304041,9,4,2048,2048,0,0,0,0,0,0,36,0,0,0,304,detection,
304042,6,4,2048,2048,0,0,0,0,0,0,23,0,0,0,304,detection,
304042,3,4,2048,2048,0,0,0,0,0,0,36,0,0,0,304,detection,
304085,21,4,2048,2048,0,0,0,0,0,0,40,0,0,0,304,detection,
304094,17,4,2048,2048,0,0,0,0,0,0,40,0,0,0,304,detection,
304309,16,17,2048,2048,0,0,0,0,0,0,38,0,0,0,304,detection,
304326,21,17,2048,2048,0,0,0,0,0,0,46,0,0,0,304,detection,
304378,4,17,2048,2048,0,0,0,0,0,0,38,0,0,0,304,detection,
304829,26,2,1461,1461,0,0,0,0,0,0,41,0,0,0,304,detection,
307326,21,9,2070,2070,0,0,0,0,0,0,40,0,0,0,307,detection,
307917,3,18,1752,1752,0,0,0,0,0,0,42,0,0,0,307,detection,
307917,9,18,1752,1752,0,0,0,0,0,0,32,0,0,0,307,detection,
307926,15,18,1752,1752,0,0,0,0,0,0,33,0,0,0,307,detection,
307960,28,18,1752,1752,0,0,0,0,0,0,42,0,0,0,307,detection,
307985,11,18,1752,1752,0,0,0,0,0,0,36,0,0,0,307,detection,
308949,21,9,2264,2264,0,0,0,0,0,0,44,0,0,0,308,detection,
311516,14,13,1865,1865,0,0,0,0,0,0,18,0,0,0,311,detection,
311541,24,13,1865,1865,0,0,0,0,0,0,28,0,0,0,311,detection,
312165,9,18,2048,2048,0,0,0,0,0,0,36,0,0,0,312,detection,
312174,15,18,2048,2048,0,0,0,0,0,0,36,0,0,0,312,detection,
312207,28,18,2048,2048,0,0,0,0,0,0,45,0,0,0,312,detection,
313612,11,22,2048,2048,0,0,0,0,0,0,36,0,0,0,313,detection,
313612,12,22,2048,2048,0,0,0,0,0,0,36,0,0,0,313,detection,
313634,4,22,2048,2048,0,0,0,0,0,0,35,0,0,0,313,detection,
313651,18,22,2048,2048,0,0,0,0,0,0,39,0,0,0,313,detection,
313663,3,22,2048,2048,0,0,0,0,0,0,35,0,0,0,313,detection,
313667,20,22,2048,2048,0,0,0,0,0,0,40,0,0,0,313,detection,
313706,28,22,2048,2048,0,0,0,0,0,0,34,0,0,0,313,detection,
316212,23,10,2048,2048,0,0,0,0,0,0,26,0,0,0,316,detection,
316418,20,9,2304,2304,0,0,0,0,0,0,38,0,0,0,316,detection,
316449,21,9,2304,2304,0,0,0,0,0,0,49,0,0,0,316,detection,
316831,19,3,1752,1752,0,0,0,0,0,0,41,0,0,0,316,detection,
319343,19,12,2048,2048,0,0,0,0,0,0,36,0,0,0,319,detection,
320929,15,13,2064,2064,0,0,0,0,0,0,34,0,0,0,320,detection,
322132,4,9,2304,2304,0,0,0,0,0,0,40,0,0,0,322,detection,
322169,20,9,2304,2304,0,0,0,0,0,0,39,0,0,0,322,detection,
322200,21,9,2304,2304,0,0,0,0,0,0,50,0,0,0,322,detection,
323293,6,20,2030,2030,0,0,0,0,0,0,39,0,0,0,323,detection,
327876,27,16,2030,2030,0,0,0,0,0,0,29,0,0,0,327,detection,
327885,4,16,2030,2030,0,0,0,0,0,0,28,0,0,0,327,detection,
327889,14,16,2030,2030,0,0,0,0,0,0,24,0,0,0,327,detection,
327897,8,16,2030,2030,0,0,0,0,0,0,39,0,0,0,327,detection,
327961,23,16,2030,2030,0,0,0,0,0,0,29,0,0,0,327,detection,
329098,17,21,2453,2453,0,0,0,0,0,0,36,0,0,0,329,detection,
332195,10,14,1536,1536,0,0,0,0,0,0,35,0,0,0,332,detection,
332245,25,14,1536,1536,0,0,0,0,0,0,32,0,0,0,332,detection,
336346,17,21,2453,2453,0,0,0,0,0,0,36,0,0,0,336,detection,
336779,18,13,2064,2064,0,0,0,0,0,0,29,0,0,0,336,detection,
339957,19,3,1752,1752,0,0,0,0,0,0,41,0,0,0,339,detection,
339978,2,3,1752,1752,0,0,0,0,0,0,44,0,0,0,339,detection,
342698,10,27,1996,1996,0,0,0,0,0,0,28,0,0,0,342,detection,
343288,3,20,2048,2048,0,0,0,0,0,0,43,0,0,0,343,detection,
343580,19,3,2264,2264,0,0,0,0,0,0,41,0,0,0,343,detection,
344326,10,4,2070,2070,0,0,0,0,0,0,28,0,0,0,344,detection,
344335,23,4,2070,2070,0,0,0,0,0,0,22,0,0,0,344,detection,
344404,14,4,2070,2070,0,0,0,0,0,0,31,0,0,0,344,detection,
344420,6,4,2070,2070,0,0,0,0,0,0,30,0,0,0,344,detection,
345936,1,25,2560,2560,0,0,0,0,0,0,9,0,0,0,345,detection,
353125,13,9,2542,2542,0,0,0,0,0,0,28,0,0,0,353,detection,
355290,1,25,2560,2560,0,0,0,0,0,0,8,0,0,0,355,detection,
358523,8,4,2070,2070,0,0,0,0,0,0,32,0,0,0,358,detection,
358541,6,4,2070,2070,0,0,0,0,0,0,30,0,0,0,358,detection,
363872,13,9,2542,2542,0,0,0,0,0,0,28,0,0,0,363,detection,
364827,1,25,2560,2560,0,0,0,0,0,0,11,0,0,0,364,detection,
367496,22,17,2608,2608,0,0,0,0,0,0,39,0,0,0,367,detection,
368782,18,2,2030,2030,0,0,0,0,0,0,36,0,0,0,368,detection,
369731,2,29,693,718,-25,0,6,35,4,11,25,0,0,0,369,detection,
372706,19,3,2264,2264,0,0,0,0,0,0,44,0,0,0,372,detection,
372750,22,3,2264,2264,0,0,0,0,0,0,37,0,0,0,372,detection,
375577,10,14,1731,1731,0,0,0,0,0,0,37,0,0,0,375,detection,
375623,22,17,2560,2560,0,0,0,0,0,0,43,0,0,0,375,detection,
378603,2,3,2264,2264,0,0,0,0,0,0,48,0,0,0,378,detection,
378625,13,3,2264,2264,0,0,0,0,0,0,40,0,0,0,378,detection,
378625,22,3,2264,2264,0,0,0,0,0,0,37,0,0,0,378,detection,
380240,1,12,2560,2560,0,0,0,0,0,0,7,0,0,0,380,detection,
380871,22,17,2560,2560,0,0,0,0,0,0,38,0,0,0,380,detection,
382884,4,25,2741,2741,0,0,0,0,0,0,55,0,0,0,382,detection,
384434,16,30,1180,1436,-256,0,56,86,37,0,39,0,73,55,384,detection,
384506,4,9,1185,1185,0,0,0,0,0,0,43,0,0,0,384,detection,
385995,1,12,2560,2560,0,0,0,0,0,0,11,0,0,0,385,detection,
386462,7,21,2243,2243,0,0,0,0,0,0,33,0,0,0,386,detection,
386502,22,27,2376,2376,0,0,0,0,0,0,36,0,0,0,386,detection,
387534,24,13,2030,2030,0,0,0,0,0,0,32,0,0,0,387,detection,
387542,3,13,2030,2030,0,0,0,0,0,0,32,0,0,0,387,detection,
387547,15,13,2030,2030,0,0,0,0,0,0,37,0,0,0,387,detection,
387622,22,17,2560,2560,0,0,0,0,0,0,38,0,0,0,387,detection,
388240,25,14,1731,1731,0,0,0,0,0,0,36,0,0,0,388,detection,
388937,16,10,1343,1343,0,0,0,0,0,0,29,0,0,0,388,detection,
390895,1,12,2560,2560,0,0,0,0,0,0,11,0,0,0,390,detection,
393166,24,15,2761,2761,0,0,0,0,0,0,28,0,0,0,393,detection,
394981,2,25,1697,1697,0,0,0,0,0,0,33,0,0,0,394,detection,
395007,4,25,1697,1697,0,0,0,0,0,0,57,0,0,0,395,detection,
395079,21,25,1697,1697,0,0,0,0,0,0,39,0,0,0,395,detection,
395744,25,4,1697,1697,0,0,0,0,0,0,36,0,0,0,395,detection,
395765,14,4,1697,1697,0,0,0,0,0,0,37,0,0,0,395,detection,
396960,28,22,2560,2560,0,0,0,0,0,0,37,0,0,0,396,detection,
396983,11,22,2560,2560,0,0,0,0,0,0,40,0,0,0,396,detection,
396999,27,22,2560,2560,0,0,0,0,0,0,36,0,0,0,396,detection,
396999,13,22,2560,2560,0,0,0,0,0,0,45,0,0,0,396,detection,
397037,3,22,2560,2560,0,0,0,0,0,0,38,0,0,0,397,detection,
397060,16,30,1140,1472,-332,0,69,100,10,0,43,0,66,55,397,detection,
397402,1,12,2776,2776,0,0,0,0,0,0,15,0,0,0,397,detection,
399706,26,17,1692,1692,0,0,0,0,0,0,38,0,0,0,399,detection,
399748,22,17,1692,1692,0,0,0,0,0,0,42,0,0,0,399,detection,
399753,27,17,1692,1692,0,0,0,0,0,0,36,0,0,0,399,detection,
403529,18,2,2209,2209,0,0,0,0,0,0,39,0,0,0,403,detection,
403550,9,2,2209,2209,0,0,0,0,0,0,41,0,0,0,403,detection,
405165,24,28,2204,2204,0,0,0,0,0,0,40,0,0,0,405,detection,
407127,4,9,2465,2465,0,0,0,0,0,0,46,0,0,0,407,detection,
407144,14,9,2465,2465,0,0,0,0,0,0,33,0,0,0,407,detection,
407203,21,9,2465,2465,0,0,0,0,0,0,53,0,0,0,407,detection,
407673,20,19,2761,2761,0,0,0,0,0,0,37,0,0,0,407,detection,
409197,21,25,1953,1953,0,0,0,0,0,0,43,0,0,0,409,detection,
410411,9,18,2209,2209,0,0,0,0,0,0,40,0,0,0,410,detection,
414573,21,9,2209,2209,0,0,0,0,0,0,54,0,0,0,414,detection,
414588,7,9,2209,2209,0,0,0,0,0,0,42,0,0,0,414,detection,
414786,5,22,2560,2560,0,0,0,0,0,0,35,0,0,0,414,detection,
416800,15,13,2716,2716,0,0,0,0,0,0,41,0,0,0,416,detection,
418588,7,2,2209,2209,0,0,0,0,0,0,36,0,0,0,418,detection,
418619,25,2,2209,2209,0,0,0,0,0,0,37,0,0,0,418,detection,
419641,14,9,2695,2695,0,0,0,0,0,0,37,0,0,0,419,detection,
419702,21,9,2695,2695,0,0,0,0,0,0,55,0,0,0,419,detection,
420161,24,15,2716,2716,0,0,0,0,0,0,32,0,0,0,420,detection,
422420,15,13,2716,2716,0,0,0,0,0,0,37,0,0,0,422,detection,
422462,28,13,2716,2716,0,0,0,0,0,0,32,0,0,0,422,detection,
422463,23,13,2716,2716,0,0,0,0,0,0,36,0,0,0,422,detection,
423085,28,12,2408,2408,0,0,0,0,0,0,38,0,0,0,423,detection,
423086,23,12,2408,2408,0,0,0,0,0,0,33,0,0,0,423,detection,
423637,14,4,2209,2209,0,0,0,0,0,0,43,0,0,0,423,detection,
423642,8,4,2209,2209,0,0,0,0,0,0,36,0,0,0,423,detection,
423668,6,4,2209,2209,0,0,0,0,0,0,36,0,0,0,423,detection,
424602,2,16,2058,2058,0,0,0,0,0,0,37,0,0,0,424,detection,
424619,25,16,2058,2058,0,0,0,0,0,0,44,0,0,0,424,detection,
425533,5,22,2560,2560,0,0,0,0,0,0,38,0,0,0,425,detection,
425536,3,22,2560,2560,0,0,0,0,0,0,41,0,0,0,425,detection,
425605,11,22,2560,2560,0,0,0,0,0,0,43,0,0,0,425,detection,
425622,27,22,2560,2560,0,0,0,0,0,0,40,0,0,0,425,detection,
425623,13,22,2560,2560,0,0,0,0,0,0,44,0,0,0,425,detection,
427606,2,14,2209,2209,0,0,0,0,0,0,33,0,0,0,427,detection,
427620,25,14,2209,2209,0,0,0,0,0,0,40,0,0,0,427,detection,
430172,15,18,2524,2524,0,0,0,0,0,0,38,0,0,0,430,detection,
430214,7,18,2524,2524,0,0,0,0,0,0,28,0,0,0,430,detection,
430788,5,11,2304,2304,0,0,0,0,0,0,38,0,0,0,430,detection,
432372,22,4,2209,2209,0,0,0,0,0,0,40,0,0,0,432,detection,
432376,27,4,2209,2209,0,0,0,0,0,0,36,0,0,0,432,detection,
432514,14,9,2524,2524,0,0,0,0,0,0,36,0,0,0,432,detection,
432543,20,9,2524,2524,0,0,0,0,0,0,43,0,0,0,432,detection,
432575,21,9,2524,2524,0,0,0,0,0,0,54,0,0,0,432,detection,
432913,9,18,2524,2524,0,0,0,0,0,0,43,0,0,0,432,detection,
432922,15,18,2524,2524,0,0,0,0,0,0,38,0,0,0,432,detection,
433461,1,27,2542,2542,0,0,0,0,0,0,16,0,0,0,433,detection,
433714,7,8,2716,2716,0,0,0,0,0,0,43,0,0,0,433,detection,
433723,17,8,2716,2716,0,0,0,0,0,0,44,0,0,0,433,detection,
434579,28,13,2844,2844,0,0,0,0,0,0,36,0,0,0,434,detection,
434617,12,13,2844,2844,0,0,0,0,0,0,36,0,0,0,434,detection,
434859,11,5,2721,2721,0,0,0,0,0,0,28,0,0,0,434,detection,
435699,21,9,2572,2572,0,0,0,0,0,0,58,0,0,0,435,detection,
436770,1,27,2542,2542,0,0,0,0,0,0,16,0,0,0,436,detection,
436876,13,27,2542,2542,0,0,0,0,0,0,28,0,0,0,436,detection,
436911,24,15,2946,2946,0,0,0,0,0,0,33,0,0,0,436,detection,
437956,19,6,2052,2052,0,0,0,0,0,0,37,0,0,0,437,detection,
439643,14,4,2209,2209,0,0,0,0,0,0,43,0,0,0,439,detection,
439664,9,4,2209,2209,0,0,0,0,0,0,40,0,0,0,439,detection,
439686,16,4,2209,2209,0,0,0,0,0,0,32,0,0,0,439,detection,
442950,21,25,2774,2774,0,0,0,0,0,0,47,0,0,0,442,detection,
443411,24,15,2897,2897,0,0,0,0,0,0,33,0,0,0,443,detection,
443580,28,13,2721,2721,0,0,0,0,0,0,40,0,0,0,443,detection,
443614,12,13,2721,2721,0,0,0,0,0,0,40,0,0,0,443,detection,
444616,25,16,2058,2058,0,0,0,0,0,0,43,0,0,0,444,detection,
444640,14,16,2058,2058,0,0,0,0,0,0,43,0,0,0,444,detection,
444666,9,16,2058,2058,0,0,0,0,0,0,38,0,0,0,444,detection,
444934,1,27,2721,2721,0,0,0,0,0,0,19,0,0,0,444,detection,
445089,19,18,2524,2524,0,0,0,0,0,0,42,0,0,0,445,detection,
447512,14,9,2695,2695,0,0,0,0,0,0,40,0,0,0,447,detection,
447541,20,9,2695,2695,0,0,0,0,0,0,44,0,0,0,447,detection,
447573,21,9,2695,2695,0,0,0,0,0,0,59,0,0,0,447,detection,
447584,26,9,2695,2695,0,0,0,0,0,0,45,0,0,0,447,detection,
449458,19,3,2564,2564,0,0,0,0,0,0,48,0,0,0,449,detection,
449496,13,3,2564,2564,0,0,0,0,0,0,43,0,0,0,449,detection,
451205,21,16,2058,2058,0,0,0,0,0,0,46,0,0,0,451,detection,
451340,7,9,2695,2695,0,0,0,0,0,0,43,0,0,0,451,detection,
451669,3,18,2524,2524,0,0,0,0,0,0,45,0,0,0,451,detection,
451709,19,18,2524,2524,0,0,0,0,0,0,41,0,0,0,451,detection,
451712,28,18,2524,2524,0,0,0,0,0,0,48,0,0,0,451,detection,
451957,1,27,2721,2721,0,0,0,0,0,0,19,0,0,0,451,detection,
452975,2,14,1953,1953,0,0,0,0,0,0,36,0,0,0,452,detection,
452992,25,14,1953,1953,0,0,0,0,0,0,41,0,0,0,452,detection,
454087,28,19,3036,3036,0,0,0,0,0,0,53,0,0,0,454,detection,
454113,11,19,3036,3036,0,0,0,0,0,0,42,0,0,0,454,detection,
454218,1,27,2816,2816,0,0,0,0,0,0,22,0,0,0,454,detection,
454323,10,17,3228,3228,0,0,0,0,0,0,36,0,0,0,454,detection,
455264,14,4,2243,2243,0,0,0,0,0,0,43,0,0,0,455,detection,
458028,18,22,1612,1612,0,0,0,0,0,0,39,0,0,0,458,detection,
458035,5,11,2714,2714,0,0,0,0,0,0,46,0,0,0,458,detection,
458039,9,22,1612,1612,0,0,0,0,0,0,28,0,0,0,458,detection,
458074,10,22,1612,1612,0,0,0,0,0,0,37,0,0,0,458,detection,
458147,8,22,1612,1612,0,0,0,0,0,0,38,0,0,0,458,detection,
458532,18,3,2920,2920,0,0,0,0,0,0,43,0,0,0,458,detection,
458543,6,3,2920,2920,0,0,0,0,0,0,49,0,0,0,458,detection,
458583,19,3,2920,2920,0,0,0,0,0,0,52,0,0,0,458,detection,
458625,13,3,2920,2920,0,0,0,0,0,0,47,0,0,0,458,detection,
459203,10,18,2524,2524,0,0,0,0,0,0,36,0,0,0,459,detection,
459207,28,18,2524,2524,0,0,0,0,0,0,44,0,0,0,459,detection,
460148,8,10,1637,1637,0,0,0,0,0,0,42,0,0,0,460,detection,
460157,18,10,1637,1637,0,0,0,0,0,0,42,0,0,0,460,detection,
460165,9,10,1637,1637,0,0,0,0,0,0,45,0,0,0,460,detection,
460165,24,10,1637,1637,0,0,0,0,0,0,49,0,0,0,460,detection,
460863,12,13,2786,2786,0,0,0,0,0,0,44,0,0,0,460,detection,
460969,17,26,2564,2564,0,0,0,0,0,0,36,0,0,0,460,detection,
461382,4,9,2124,2124,0,0,0,0,0,0,46,0,0,0,461,detection,
461389,14,9,2124,2124,0,0,0,0,0,0,45,0,0,0,461,detection,
461395,8,9,2124,2124,0,0,0,0,0,0,47,0,0,0,461,detection,
461450,21,9,2124,2124,0,0,0,0,0,0,58,0,0,0,461,detection,
461606,1,27,2970,2970,0,0,0,0,0,0,22,0,0,0,461,detection,
463540,3,18,2149,2149,0,0,0,0,0,0,48,0,0,0,463,detection,
463582,28,18,2149,2149,0,0,0,0,0,0,48,0,0,0,463,detection,
464102,2,14,2524,2524,0,0,0,0,0,0,39,0,0,0,464,detection,
464115,25,14,2524,2524,0,0,0,0,0,0,44,0,0,0,464,detection,
464340,28,13,2149,2149,0,0,0,0,0,0,43,0,0,0,464,detection,
464348,19,13,2149,2149,0,0,0,0,0,0,32,0,0,0,464,detection,
464408,18,13,2149,2149,0,0,0,0,0,0,33,0,0,0,464,detection,
466485,11,19,2661,2661,0,0,0,0,0,0,44,0,0,0,466,detection,
466548,6,19,2661,2661,0,0,0,0,0,0,34,0,0,0,466,detection,
466582,28,19,2661,2661,0,0,0,0,0,0,54,0,0,0,466,detection,
469705,28,13,1893,1893,0,0,0,0,0,0,41,0,0,0,469,detection,
469736,12,13,1893,1893,0,0,0,0,0,0,45,0,0,0,469,detection,
469779,18,13,1893,1893,0,0,0,0,0,0,36,0,0,0,469,detection,
469887,14,9,1868,1868,0,0,0,0,0,0,46,0,0,0,469,detection,
469891,8,9,1868,1868,0,0,0,0,0,0,48,0,0,0,469,detection,
470476,2,25,3046,3046,0,0,0,0,0,0,36,0,0,0,470,detection,
470945,10,18,2149,2149,0,0,0,0,0,0,38,0,0,0,470,detection,
470957,28,18,2149,2149,0,0,0,0,0,0,48,0,0,0,470,detection,
470957,19,18,2149,2149,0,0,0,0,0,0,44,0,0,0,470,detection,
470960,7,18,2149,2149,0,0,0,0,0,0,32,0,0,0,470,detection,
471474,17,7,2264,2264,0,0,0,0,0,0,32,0,0,0,471,detection,
473035,5,11,2734,2734,0,0,0,0,0,0,49,0,0,0,473,detection,
474818,10,22,1612,1612,0,0,0,0,0,0,37,0,0,0,474,detection,
474839,23,22,1612,1612,0,0,0,0,0,0,45,0,0,0,474,detection,
475037,9,4,2380,2380,0,0,0,0,0,0,44,0,0,0,475,detection,
475276,18,10,1637,1637,0,0,0,0,0,0,40,0,0,0,475,detection,
475335,28,10,1637,1637,0,0,0,0,0,0,36,0,0,0,475,detection,
475336,23,10,1637,1637,0,0,0,0,0,0,41,0,0,0,475,detection,
475339,7,10,1637,1637,0,0,0,0,0,0,36,0,0,0,475,detection,
476887,1,27,3021,3021,0,0,0,0,0,0,23,0,0,0,476,detection,
478200,21,26,2149,2149,0,0,0,0,0,0,35,0,0,0,478,detection,
478720,17,7,2264,2264,0,0,0,0,0,0,31,0,0,0,478,detection,
480036,24,15,2124,2124,0,0,0,0,0,0,39,0,0,0,480,detection,
480862,12,13,1893,1893,0,0,0,0,0,0,47,0,0,0,480,detection,
480955,28,13,1893,1893,0,0,0,0,0,0,42,0,0,0,480,detection,
484544,6,28,2149,2149,0,0,0,0,0,0,37,0,0,0,484,detection,
484545,3,28,2149,2149,0,0,0,0,0,0,36,0,0,0,484,detection,
486141,8,9,2098,2098,0,0,0,0,0,0,48,0,0,0,486,detection,
487086,19,12,3009,3009,0,0,0,0,0,0,40,0,0,0,487,detection,
488542,6,19,2149,2149,0,0,0,0,0,0,37,0,0,0,488,detection,
488665,6,28,2149,2149,0,0,0,0,0,0,44,0,0,0,488,detection,
488666,3,28,2149,2149,0,0,0,0,0,0,41,0,0,0,488,detection,
491584,19,12,2636,2636,0,0,0,0,0,0,43,0,0,0,491,detection,
493142,14,2,2780,2780,0,0,0,0,0,0,40,0,0,0,493,detection,
493282,18,3,2149,2149,0,0,0,0,0,0,46,0,0,0,493,detection,
493290,6,3,2149,2149,0,0,0,0,0,0,52,0,0,0,493,detection,
493337,19,3,2149,2149,0,0,0,0,0,0,55,0,0,0,493,detection,
494038,3,18,2405,2405,0,0,0,0,0,0,47,0,0,0,494,detection,
494084,7,18,2405,2405,0,0,0,0,0,0,36,0,0,0,494,detection,
494991,25,4,2456,2456,0,0,0,0,0,0,37,0,0,0,494,detection,
495014,14,4,2456,2456,0,0,0,0,0,0,47,0,0,0,495,detection,
495164,3,28,2379,2379,0,0,0,0,0,0,37,0,0,0,495,detection,
495856,1,27,2920,2920,0,0,0,0,0,0,26,0,0,0,495,detection,
495950,10,27,2920,2920,0,0,0,0,0,0,32,0,0,0,495,detection,
497594,17,7,2149,2149,0,0,0,0,0,0,34,0,0,0,497,detection,
497707,28,19,2149,2149,0,0,0,0,0,0,56,0,0,0,497,detection,
497734,11,19,2149,2149,0,0,0,0,0,0,47,0,0,0,497,detection,
498740,25,4,2431,2431,0,0,0,0,0,0,40,0,0,0,498,detection,
498773,8,4,2431,2431,0,0,0,0,0,0,40,0,0,0,498,detection,
502778,18,3,2636,2636,0,0,0,0,0,0,50,0,0,0,502,detection,
504820,10,27,3076,3076,0,0,0,0,0,0,36,0,0,0,504,detection,
505392,8,9,2570,2570,0,0,0,0,0,0,52,0,0,0,505,detection,
505707,23,4,2687,2687,0,0,0,0,0,0,33,0,0,0,505,detection,
505750,25,4,2687,2687,0,0,0,0,0,0,37,0,0,0,505,detection,
509723,17,16,2728,2728,0,0,0,0,0,0,40,0,0,0,509,detection,
511528,18,3,2636,2636,0,0,0,0,0,0,46,0,0,0,511,detection,
513020,8,9,2636,2636,0,0,0,0,0,0,55,0,0,0,513,detection,
517641,14,2,2917,2917,0,0,0,0,0,0,57,0,0,0,517,detection,
517789,5,31,1120,1376,-256,0,58,90,39,10,35,0,75,55,517,detection,
517989,25,4,2687,2687,0,0,0,0,0,0,38,0,0,0,517,detection,
521626,22,9,2636,2636,0,0,0,0,0,0,34,0,0,0,521,detection,
521642,8,9,2636,2636,0,0,0,0,0,0,55,0,0,0,521,detection,
522016,14,2,2405,2405,0,0,0,0,0,0,58,0,0,0,522,detection,
523172,6,15,2663,2663,0,0,0,0,0,0,29,0,0,0,523,detection,
523211,19,15,2663,2663,0,0,0,0,0,0,29,0,0,0,523,detection,
523902,18,3,2144,2144,0,0,0,0,0,0,50,0,0,0,523,detection,
523957,19,13,2380,2380,0,0,0,0,0,0,38,0,0,0,523,detection,
525752,22,25,2405,2405,0,0,0,0,0,0,28,0,0,0,525,detection,
527229,2,14,2405,2405,0,0,0,0,0,0,42,0,0,0,527,detection,
530493,1,12,1612,1612,0,0,0,0,0,0,18,0,0,0,530,detection,
533294,6,19,3134,3134,0,0,0,0,0,0,43,0,0,0,533,detection,
533301,15,19,3134,3134,0,0,0,0,0,0,39,0,0,0,533,detection,
535458,19,13,2661,2661,0,0,0,0,0,0,42,0,0,0,535,detection,
537081,21,25,2635,2635,0,0,0,0,0,0,47,0,0,0,537,detection,
537084,26,25,2635,2635,0,0,0,0,0,0,32,0,0,0,537,detection,
537462,28,22,1356,1356,0,0,0,0,0,0,44,0,0,0,537,detection,
537497,25,22,1356,1356,0,0,0,0,0,0,35,0,0,0,537,detection,
538667,1,12,768,768,0,0,0,0,0,0,18,0,0,0,538,detection,
538785,5,12,768,768,0,0,0,0,0,0,32,0,0,0,538,detection,
540957,19,15,2636,2636,0,0,0,0,0,0,33,0,0,0,540,detection,
541043,6,15,2636,2636,0,0,0,0,0,0,33,0,0,0,541,detection,
541538,24,28,1868,1868,0,0,0,0,0,0,43,0,0,0,541,detection,
543027,18,3,1645,1645,0,0,0,0,0,0,50,0,0,0,543,detection,
543047,6,3,1645,1645,0,0,0,0,0,0,56,0,0,0,543,detection,
544604,2,29,573,573,0,0,0,0,4,0,28,0,0,0,544,detection,
544617,12,29,573,573,0,0,0,0,0,0,28,0,0,0,544,detection,
547209,19,15,2157,2157,0,0,0,0,0,0,37,0,0,0,547,detection,
547294,6,15,2157,2157,0,0,0,0,0,0,37,0,0,0,547,detection,
547931,1,12,512,512,0,0,0,0,0,0,19,0,0,0,547,detection,
549175,15,18,1280,1280,0,0,0,0,0,0,41,0,0,0,549,detection,
549923,15,19,2669,2669,0,0,0,0,0,0,39,0,0,0,549,detection,
550087,28,8,2943,2943,0,0,0,0,0,0,38,0,0,0,550,detection,
550412,3,20,768,768,0,0,0,0,0,0,47,0,0,0,550,detection,
552040,9,22,1586,1586,0,0,0,0,0,0,32,0,0,0,552,detection,
552047,20,22,1586,1586,0,0,0,0,0,0,43,0,0,0,552,detection,
552082,23,22,1586,1586,0,0,0,0,0,0,49,0,0,0,552,detection,
552129,27,22,1586,1586,0,0,0,0,0,0,43,0,0,0,552,detection,
554428,15,5,1280,1280,0,0,0,0,0,0,36,0,0,0,554,detection,
554479,2,4,1545,1545,0,0,0,0,0,0,40,0,0,0,554,detection,
554516,14,4,1545,1545,0,0,0,0,0,0,55,0,0,0,554,detection,
555977,2,29,553,553,0,0,0,0,0,0,28,0,0,0,555,detection,
555989,12,29,553,553,0,0,0,0,0,0,28,0,0,0,555,detection,
557228,2,14,1121,1121,0,0,0,0,0,0,42,0,0,0,557,detection,
557310,16,25,1868,1868,0,0,0,0,0,0,37,0,0,0,557,detection,
557325,21,25,1868,1868,0,0,0,0,0,0,50,0,0,0,557,detection,
557329,26,25,1868,1868,0,0,0,0,0,0,36,0,0,0,557,detection,
557496,1,12,537,537,0,0,0,0,0,0,20,0,0,0,557,detection,
557804,15,13,3168,3168,0,0,0,0,0,0,40,0,0,0,557,detection,
557833,19,13,3168,3168,0,0,0,0,0,0,45,0,0,0,557,detection,
558082,28,8,1592,1592,0,0,0,0,0,0,42,0,0,0,558,detection,
559419,20,9,2451,2451,0,0,0,0,0,0,47,0,0,0,559,detection,
559457,26,9,2451,2451,0,0,0,0,0,0,49,0,0,0,559,detection,
560309,15,18,2304,2304,0,0,0,0,0,0,44,0,0,0,560,detection,
560524,8,16,2380,2380,0,0,0,0,0,0,42,0,0,0,560,detection,
561726,2,4,1550,1550,0,0,0,0,0,0,40,0,0,0,561,detection,
561738,12,4,1550,1550,0,0,0,0,0,0,40,0,0,0,561,detection,
562389,14,2,512,512,0,0,0,0,0,0,60,0,0,0,562,detection,
563955,21,27,2866,2866,0,0,0,0,0,0,42,0,0,0,563,detection,
563988,11,31,1060,1316,-256,0,64,99,42,0,28,0,75,55,563,detection,
563998,22,27,2866,2866,0,0,0,0,0,0,51,0,0,0,563,detection,
564063,16,31,1060,1316,-256,0,63,98,42,11,29,0,74,55,564,detection,
564163,9,10,512,512,0,0,0,0,0,0,50,0,0,0,564,detection,
564455,28,8,1572,1572,0,0,0,0,0,0,41,0,0,0,564,detection,
568673,15,18,2560,2560,0,0,0,0,0,0,42,0,0,0,568,detection,
568710,19,18,2560,2560,0,0,0,0,0,0,46,0,0,0,568,detection,
568853,2,4,1522,1522,0,0,0,0,0,0,44,0,0,0,568,detection,
571831,19,6,2157,2157,0,0,0,0,0,0,40,0,0,0,571,detection,
572046,15,19,2438,2438,0,0,0,0,0,0,41,0,0,0,572,detection,
572046,6,19,2438,2438,0,0,0,0,0,0,48,0,0,0,572,detection,
573502,27,21,2380,2380,0,0,0,0,0,0,32,0,0,0,573,detection,
573912,3,20,2034,2034,0,0,0,0,0,0,47,0,0,0,573,detection,
573917,24,20,2034,2034,0,0,0,0,0,0,33,0,0,0,573,detection,
574959,23,22,2298,2298,0,0,0,0,0,0,55,0,0,0,574,detection,
574999,27,22,2298,2298,0,0,0,0,0,0,50,0,0,0,574,detection,
575207,23,4,1500,1500,0,0,0,0,0,0,39,0,0,0,575,detection,
575236,12,4,1500,1500,0,0,0,0,0,0,44,0,0,0,575,detection,
575254,22,4,1500,1500,0,0,0,0,0,0,47,0,0,0,575,detection,
578206,28,8,2546,2546,0,0,0,0,0,0,44,0,0,0,578,detection,
578374,22,27,2892,2892,0,0,0,0,0,0,54,0,0,0,578,detection,
578589,23,30,980,1236,-256,0,60,93,40,11,33,0,75,55,578,detection,
578614,11,30,980,1236,-256,0,57,88,38,0,37,0,74,55,578,detection,
579361,1,17,1280,1280,0,0,0,0,0,0,19,0,0,0,579,detection,
579455,26,17,1280,1280,0,0,0,0,0,0,41,0,0,0,579,detection,
582662,3,18,2694,2694,0,0,0,0,0,0,52,0,0,0,582,detection,
582665,9,18,2694,2694,0,0,0,0,0,0,48,0,0,0,582,detection,
583747,22,27,2892,2892,0,0,0,0,0,0,52,0,0,0,583,detection,
583999,27,21,2546,2546,0,0,0,0,0,0,36,0,0,0,583,detection,
585958,28,8,2290,2290,0,0,0,0,0,0,42,0,0,0,585,detection,
585962,7,8,2290,2290,0,0,0,0,0,0,44,0,0,0,585,detection,
586708,23,10,512,512,0,0,0,0,0,0,49,0,0,0,586,detection,
587585,23,30,940,1196,-256,0,61,100,0,11,32,0,71,55,587,detection,
587618,12,30,940,1196,-256,0,57,88,38,0,37,0,74,55,587,detection,
590002,13,31,1000,1256,-256,0,64,99,42,0,28,0,75,55,590,detection,
590034,5,31,1000,1256,-256,0,56,100,0,10,38,0,74,55,590,detection,
590055,15,31,1000,1256,-256,0,64,99,42,0,28,0,75,55,590,detection,
590299,20,30,920,1176,-256,0,64,99,42,0,28,0,75,55,590,detection,
590325,10,30,920,1176,-256,0,59,91,39,0,34,0,75,55,590,detection,
590330,21,30,920,1176,-256,0,60,93,40,11,33,0,75,55,590,detection,
590334,23,30,920,1176,-256,0,58,100,0,10,35,0,75,55,590,detection,
591276,1,26,1024,1024,0,0,0,0,0,0,16,0,0,0,591,detection,
592204,26,2,512,512,0,0,0,0,0,0,45,0,0,0,592,detection,
592267,14,2,512,512,0,0,0,0,0,0,61,0,0,0,592,detection,
592281,18,2,512,512,0,0,0,0,0,0,46,0,0,0,592,detection,
592293,9,2,512,512,0,0,0,0,0,0,48,0,0,0,592,detection,
592875,22,4,1506,1506,0,0,0,0,0,0,48,0,0,0,592,detection,
593873,13,25,1868,1868,0,0,0,0,0,0,38,0,0,0,593,detection,
594042,6,19,1045,1045,0,0,0,0,0,0,50,0,0,0,594,detection,
594769,14,9,1024,1024,0,0,0,0,0,0,50,0,0,0,594,detection,
596320,1,26,1024,1024,0,0,0,0,0,0,11,0,0,0,596,detection,
598827,26,17,3328,3328,0,0,0,0,0,0,83,0,0,0,598,detection,
599871,13,25,2380,2380,0,0,0,0,0,0,42,0,0,0,599,detection,
600868,25,16,2890,2890,0,0,0,0,0,0,46,0,0,0,600,detection,
602501,27,8,1918,1918,0,0,0,0,0,0,37,0,0,0,602,detection,
602584,28,8,1918,1918,0,0,0,0,0,0,42,0,0,0,602,detection,
602896,8,10,512,512,0,0,0,0,0,0,49,0,0,0,602,detection,
602975,17,21,1432,1432,0,0,0,0,0,0,40,0,0,0,602,detection,
603384,12,9,1024,1024,0,0,0,0,0,0,38,0,0,0,603,detection,
603453,26,9,1024,1024,0,0,0,0,0,0,52,0,0,0,603,detection,
603851,2,14,1087,1087,0,0,0,0,0,0,42,0,0,0,603,detection,
603907,1,23,1024,1024,0,0,0,0,0,0,14,0,0,0,603,detection,
610364,11,22,1452,1452,0,0,0,0,0,0,43,0,0,0,610,detection,
610374,27,22,1452,1452,0,0,0,0,0,0,49,0,0,0,610,detection,
610663,24,13,3163,3163,0,0,0,0,0,0,42,0,0,0,610,detection,
612539,24,15,1512,1512,0,0,0,0,0,0,43,0,0,0,612,detection,
616416,6,3,1432,1432,0,0,0,0,0,0,60,0,0,0,616,detection,
616539,9,3,1432,1432,0,0,0,0,0,0,42,0,0,0,616,detection,
618748,22,27,2560,2560,0,0,0,0,0,0,55,0,0,0,618,detection,
618756,4,27,2560,2560,0,0,0,0,0,0,34,0,0,0,618,detection,
619287,24,13,3305,3305,0,0,0,0,0,0,43,0,0,0,619,detection,
619374,22,17,3328,3328,0,0,0,0,0,0,85,0,0,0,619,detection,
619378,27,17,3328,3328,0,0,0,0,0,0,77,0,0,0,619,detection,
623028,1,23,1820,1820,0,0,0,0,0,0,22,0,0,0,623,detection,
623375,27,8,2129,2129,0,0,0,0,0,0,37,0,0,0,623,detection,
625373,22,27,2705,2705,0,0,0,0,0,0,51,0,0,0,625,detection,
625378,4,27,2705,2705,0,0,0,0,0,0,33,0,0,0,625,detection,
625395,8,27,2705,2705,0,0,0,0,0,0,41,0,0,0,625,detection,
625451,10,27,2705,2705,0,0,0,0,0,0,49,0,0,0,625,detection,
627996,13,31,880,1136,-256,0,61,94,0,0,32,0,71,55,627,detection,
628009,4,31,880,1136,-256,0,57,88,38,0,37,0,74,55,628,detection,
628035,5,31,880,1136,-256,0,55,100,0,10,41,0,72,55,628,detection,
628937,16,15,3046,3046,0,0,0,0,0,0,38,0,0,0,628,detection,
628958,19,15,3046,3046,0,0,0,0,0,0,42,0,0,0,628,detection,
629997,13,25,3402,3402,0,0,0,0,0,0,45,0,0,0,629,detection,
630009,4,25,3402,3402,0,0,0,0,0,0,59,0,0,0,630,detection,
631199,10,17,3328,3328,0,0,0,0,0,0,77,0,0,0,631,detection,
631246,27,17,3328,3328,0,0,0,0,0,0,66,0,0,0,631,detection,
631249,22,17,3328,3328,0,0,0,0,0,0,82,0,0,0,631,detection,
631258,4,17,3328,3328,0,0,0,0,0,0,81,0,0,0,631,detection,
631420,20,30,820,1076,-256,0,61,94,0,0,32,0,71,55,631,detection,
631421,5,30,820,1076,-256,0,59,91,39,10,34,0,75,55,631,detection,
631446,10,30,820,1076,-256,0,57,100,0,0,37,0,74,55,631,detection,
631910,5,12,1280,1280,0,0,0,0,0,0,38,0,0,0,631,detection,
634155,1,26,2415,2415,0,0,0,0,0,0,18,0,0,0,634,detection,
636016,8,27,2220,2220,0,0,0,0,0,0,45,0,0,0,636,detection,
636132,4,27,2220,2220,0,0,0,0,0,0,39,0,0,0,636,detection,
637161,5,10,742,742,0,0,0,0,0,0,32,0,0,0,637,detection,
638374,22,17,2048,2048,0,0,0,0,0,0,91,0,0,0,638,detection,
638379,4,17,2048,2048,0,0,0,0,0,0,85,0,0,0,638,detection,
640155,18,3,1792,1792,0,0,0,0,0,0,54,0,0,0,640,detection,
643040,6,15,1792,1792,0,0,0,0,0,0,40,0,0,0,643,detection,
643422,15,5,1332,1332,0,0,0,0,0,0,40,0,0,0,643,detection,
648638,1,21,1227,1227,0,0,0,0,0,0,17,0,0,0,648,detection,
651713,1,23,1844,1844,0,0,0,0,0,0,19,0,0,0,651,detection,
653132,1,26,2819,2819,0,0,0,0,0,0,21,0,0,0,653,detection,
654144,14,16,2100,2100,0,0,0,0,0,0,45,0,0,0,654,detection,
655620,25,17,1844,1844,0,0,0,0,0,0,36,0,0,0,655,detection,
664477,2,22,1844,1844,0,0,0,0,0,0,32,0,0,0,664,detection,
667790,24,28,2220,2220,0,0,0,0,0,0,43,0,0,0,667,detection,
667793,6,28,2220,2220,0,0,0,0,0,0,46,0,0,0,667,detection,
667795,3,28,2220,2220,0,0,0,0,0,0,41,0,0,0,667,detection,
667989,25,17,1844,1844,0,0,0,0,0,0,35,0,0,0,667,detection,
669512,14,16,2251,2251,0,0,0,0,0,0,47,0,0,0,669,detection,
670999,22,9,1944,1944,0,0,0,0,0,0,38,0,0,0,670,detection,
673630,27,26,2819,2819,0,0,0,0,0,0,36,0,0,0,673,detection,
677580,26,27,2560,2560,0,0,0,0,0,0,33,0,0,0,677,detection,
680161,5,12,1717,1717,0,0,0,0,0,0,38,0,0,0,680,detection,
685469,17,25,3140,3140,0,0,0,0,0,0,74,0,0,0,685,detection,
686264,14,16,2415,2415,0,0,0,0,0,0,46,0,0,0,686,detection,
687756,4,31,800,1056,-256,0,55,100,0,0,40,0,73,55,687,detection,
689035,9,4,1372,1372,0,0,0,0,0,0,44,0,0,0,689,detection,
689675,1,27,2520,2520,0,0,0,0,0,0,30,0,0,0,689,detection,
689923,20,19,1517,1517,0,0,0,0,0,0,40,0,0,0,689,detection,
690115,12,13,1023,1023,0,0,0,0,0,0,47,0,0,0,690,detection,
691973,1,26,2707,2707,0,0,0,0,0,0,20,0,0,0,691,detection,
692264,14,16,2415,2415,0,0,0,0,0,0,45,0,0,0,692,detection,
692920,20,9,1312,1312,0,0,0,0,0,0,50,0,0,0,692,detection,
692948,21,9,1312,1312,0,0,0,0,0,0,58,0,0,0,692,detection,
693007,4,9,1312,1312,0,0,0,0,0,0,49,0,0,0,693,detection,
694177,15,18,2497,2497,0,0,0,0,0,0,46,0,0,0,694,detection,
695291,1,23,2124,2124,0,0,0,0,0,0,22,0,0,0,695,detection,
695951,10,17,2839,2839,0,0,0,0,0,0,72,0,0,0,695,detection,
697537,24,28,2380,2380,0,0,0,0,0,0,47,0,0,0,697,detection,
698415,24,20,1642,1642,0,0,0,0,0,0,42,0,0,0,698,detection,
698419,6,20,1642,1642,0,0,0,0,0,0,52,0,0,0,698,detection,
699187,1,27,2693,2693,0,0,0,0,0,0,44,0,0,0,699,detection,
700164,9,3,1973,1973,0,0,0,0,0,0,50,0,0,0,700,detection,
700902,18,22,2641,2641,0,0,0,0,0,0,42,0,0,0,700,detection,
700978,2,22,2641,2641,0,0,0,0,0,0,36,0,0,0,700,detection,
701000,13,22,2641,2641,0,0,0,0,0,0,48,0,0,0,701,detection,
701442,1,23,2124,2124,0,0,0,0,0,0,21,0,0,0,701,detection,
702173,15,18,2682,2682,0,0,0,0,0,0,47,0,0,0,702,detection,
705861,11,12,1509,1509,0,0,0,0,0,0,39,0,0,0,705,detection,
705909,5,12,1509,1509,0,0,0,0,0,0,42,0,0,0,705,detection,
706490,11,31,780,1036,-256,0,61,94,0,0,32,0,71,55,706,detection,
706503,22,31,780,1036,-256,0,58,89,38,0,36,0,74,55,706,detection,
706507,4,31,780,1036,-256,0,53,100,0,0,43,0,70,55,706,detection,
706536,5,31,780,1036,-256,0,53,80,0,0,44,0,69,55,706,detection,
706597,17,8,3072,3072,0,0,0,0,0,0,83,0,0,0,706,detection,
707610,1,27,2636,2636,0,0,0,0,0,0,46,0,0,0,707,detection,
707613,25,17,1385,1385,0,0,0,0,0,0,38,0,0,0,707,detection,
707940,10,17,1385,1385,0,0,0,0,0,0,77,0,0,0,707,detection,
708957,23,16,2415,2415,0,0,0,0,0,0,40,0,0,0,708,detection,
709003,27,16,2415,2415,0,0,0,0,0,0,35,0,0,0,709,detection,
709016,14,16,2415,2415,0,0,0,0,0,0,44,0,0,0,709,detection,
709992,12,5,1292,1292,0,0,0,0,0,0,25,0,0,0,709,detection,
709996,11,5,1292,1292,0,0,0,0,0,0,32,0,0,0,709,detection,
711094,17,25,1897,1897,0,0,0,0,0,0,78,0,0,0,711,detection,
711253,1,7,2021,2021,0,0,0,0,0,0,14,0,0,0,711,detection,
712797,15,13,1250,1250,0,0,0,0,0,0,44,0,0,0,712,detection,
713377,4,9,1752,1752,0,0,0,0,0,0,53,0,0,0,713,detection,
714445,10,17,1385,1385,0,0,0,0,0,0,77,0,0,0,714,detection,
715486,11,31,760,1016,-256,0,61,100,0,0,32,0,71,55,715,detection,
715533,5,31,760,1016,-256,0,55,100,0,0,41,0,72,55,715,detection,
715559,16,31,760,1016,-256,0,61,100,0,11,32,0,71,55,715,detection,
716007,1,26,1804,1804,0,0,0,0,0,0,25,0,0,0,716,detection,
716126,27,26,1804,1804,0,0,0,0,0,0,38,0,0,0,716,detection,
717174,15,11,1272,1272,0,0,0,0,0,0,49,0,0,0,717,detection,
717892,8,10,1844,1844,0,0,0,0,0,0,50,0,0,0,717,detection,
718250,1,26,1272,1272,0,0,0,0,0,0,28,0,0,0,718,detection,
718375,27,26,1272,1272,0,0,0,0,0,0,40,0,0,0,718,detection,
718835,19,6,1272,1272,0,0,0,0,0,0,43,0,0,0,718,detection,
718920,20,6,1272,1272,0,0,0,0,0,0,49,0,0,0,718,detection,
719799,1,23,2533,2533,0,0,0,0,0,0,25,0,0,0,719,detection,
720655,1,7,768,768,0,0,0,0,0,0,17,0,0,0,720,detection,
726254,1,27,768,768,0,0,0,0,0,0,46,0,0,0,726,detection,
726831,19,6,1784,1784,0,0,0,0,0,0,46,0,0,0,726,detection,
728535,24,20,1766,1766,0,0,0,0,0,0,44,0,0,0,728,detection,
728865,1,26,1272,1272,0,0,0,0,0,0,28,0,0,0,728,detection,
728874,27,26,1272,1272,0,0,0,0,0,0,39,0,0,0,728,detection,
730663,3,22,1292,1292,0,0,0,0,0,0,45,0,0,0,730,detection,
731540,3,28,2463,2463,0,0,0,0,0,0,55,0,0,0,731,detection,
732342,17,25,1388,1388,0,0,0,0,0,0,88,0,0,0,732,detection,
732355,2,25,1388,1388,0,0,0,0,0,0,41,0,0,0,732,detection,
732377,22,25,1388,1388,0,0,0,0,0,0,32,0,0,0,732,detection,
732397,8,25,1388,1388,0,0,0,0,0,0,28,0,0,0,732,detection,
733938,1,12,1486,1486,0,0,0,0,0,0,25,0,0,0,733,detection,
734032,5,12,1486,1486,0,0,0,0,0,0,38,0,0,0,734,detection,
734255,4,9,1818,1818,0,0,0,0,0,0,56,0,0,0,734,detection,
734494,1,7,512,512,0,0,0,0,0,0,19,0,0,0,734,detection,
735021,8,10,1900,1900,0,0,0,0,0,0,49,0,0,0,735,detection,
735088,28,10,1900,1900,0,0,0,0,0,0,39,0,0,0,735,detection,
736783,1,23,1276,1276,0,0,0,0,0,0,29,0,0,0,736,detection,
738221,17,8,1132,1132,0,0,0,0,0,0,85,0,0,0,738,detection,
738378,27,4,1986,1986,0,0,0,0,0,0,46,0,0,0,738,detection,
739023,1,27,768,768,0,0,0,0,0,0,45,0,0,0,739,detection,
741462,19,3,1644,1644,0,0,0,0,0,0,55,0,0,0,741,detection,
742288,24,20,1884,1884,0,0,0,0,0,0,47,0,0,0,742,detection,
742440,1,12,768,768,0,0,0,0,0,0,29,0,0,0,742,detection,
742462,23,12,768,768,0,0,0,0,0,0,40,0,0,0,742,detection,
742531,5,12,768,768,0,0,0,0,0,0,41,0,0,0,742,detection,
742869,12,9,1280,1280,0,0,0,0,0,0,41,0,0,0,742,detection,
742873,13,9,1280,1280,0,0,0,0,0,0,32,0,0,0,742,detection,
742881,4,9,1280,1280,0,0,0,0,0,0,58,0,0,0,742,detection,
744112,11,10,1900,1900,0,0,0,0,0,0,32,0,0,0,744,detection,
744330,1,23,512,512,0,0,0,0,0,0,34,0,0,0,744,detection,
745587,28,30,580,836,-256,0,57,88,38,10,37,0,74,55,745,detection,
745661,5,14,512,512,0,0,0,0,0,0,37,0,0,0,745,detection,
746161,9,4,768,768,0,0,0,0,0,0,48,0,0,0,746,detection,
746342,17,25,856,856,0,0,0,0,0,0,92,0,0,0,746,detection,
746351,2,25,856,856,0,0,0,0,0,0,45,0,0,0,746,detection,
748536,24,20,1884,1884,0,0,0,0,0,0,42,0,0,0,748,detection,
749459,19,22,1092,1092,0,0,0,0,0,0,36,0,0,0,749,detection,
749460,28,22,1092,1092,0,0,0,0,0,0,47,0,0,0,749,detection,
749485,11,22,1092,1092,0,0,0,0,0,0,43,0,0,0,749,detection,
749494,25,22,1092,1092,0,0,0,0,0,0,38,0,0,0,749,detection,
749495,13,22,1092,1092,0,0,0,0,0,0,52,0,0,0,749,detection,
753612,12,5,1024,1024,0,0,0,0,0,0,28,0,0,0,753,detection,
753676,15,5,1024,1024,0,0,0,0,0,0,43,0,0,0,753,detection,
754459,23,4,512,512,0,0,0,0,0,0,46,0,0,0,754,detection,
755123,22,25,856,856,0,0,0,0,0,0,36,0,0,0,755,detection,
755619,25,17,1137,1137,0,0,0,0,0,0,41,0,0,0,755,detection,
755752,27,26,3089,3089,0,0,0,0,0,0,68,0,0,0,755,detection,
755864,2,22,836,836,0,0,0,0,0,0,42,0,0,0,755,detection,
755990,1,27,552,552,0,0,0,0,0,0,47,0,0,0,755,detection,
755999,13,27,552,552,0,0,0,0,0,0,34,0,0,0,755,detection,
756007,4,27,552,552,0,0,0,0,0,0,47,0,0,0,756,detection,
759656,18,31,660,660,0,0,0,0,69,0,46,0,68,55,759,detection,
759677,15,31,660,660,0,0,0,0,38,0,36,0,0,0,759,detection,
760506,1,12,742,742,0,0,0,0,0,0,31,0,0,0,760,detection,
760583,23,12,742,742,0,0,0,0,0,0,40,0,0,0,760,detection,
762237,12,5,768,768,0,0,0,0,0,0,31,0,0,0,762,detection,
762298,15,5,768,768,0,0,0,0,0,0,41,0,0,0,762,detection,
763233,11,10,1624,1624,0,0,0,0,0,0,36,0,0,0,763,detection,
764456,26,8,2140,2140,0,0,0,0,0,0,48,0,0,0,764,detection,
765364,12,4,512,512,0,0,0,0,0,0,50,0,0,0,765,detection,
765405,14,4,512,512,0,0,0,0,0,0,60,0,0,0,765,detection,
766417,20,9,1049,1049,0,0,0,0,0,0,54,0,0,0,766,detection,
766464,7,9,1049,1049,0,0,0,0,0,0,47,0,0,0,766,detection,
766491,12,9,1049,1049,0,0,0,0,0,0,42,0,0,0,766,detection,
766503,4,9,1049,1049,0,0,0,0,0,0,60,0,0,0,766,detection,
766961,28,19,1368,1368,0,0,0,0,0,0,55,0,0,0,766,detection,
767047,6,19,1368,1368,0,0,0,0,0,0,49,0,0,0,767,detection,
770202,21,16,2926,2926,0,0,0,0,0,0,47,0,0,0,770,detection,
770202,10,16,2926,2926,0,0,0,0,0,0,35,0,0,0,770,detection,
770585,28,30,480,736,-256,0,55,100,0,10,40,0,73,55,770,detection,
771644,14,22,1049,1049,0,0,0,0,0,0,32,0,0,0,771,detection,
773789,3,28,736,736,0,0,0,0,0,0,61,0,0,0,773,detection,
777589,7,29,453,890,-437,0,100,100,68,11,33,0,71,55,777,detection,
777620,12,29,453,890,-437,0,95,100,63,0,40,0,69,55,777,detection,
778585,19,22,818,818,0,0,0,0,0,0,40,0,0,0,778,detection,
778602,2,22,818,818,0,0,0,0,0,0,46,0,0,0,778,detection,
778788,3,28,736,736,0,0,0,0,0,0,63,0,0,0,778,detection,
779418,14,2,1248,1248,0,0,0,0,0,0,62,0,0,0,779,detection,
780088,23,13,1038,1038,0,0,0,0,0,0,43,0,0,0,780,detection,
780092,7,13,1038,1038,0,0,0,0,0,0,35,0,0,0,780,detection,
780117,12,13,1038,1038,0,0,0,0,0,0,51,0,0,0,780,detection,
780156,18,13,1038,1038,0,0,0,0,0,0,39,0,0,0,780,detection,
780604,2,25,857,857,0,0,0,0,0,0,44,0,0,0,780,detection,
780625,22,25,857,857,0,0,0,0,0,0,37,0,0,0,780,detection,
781459,28,30,440,440,0,0,0,100,35,18,44,0,68,55,781,detection,
782114,25,17,1330,1330,0,0,0,0,0,0,44,0,0,0,782,detection,
782123,22,17,1330,1330,0,0,0,0,0,0,95,0,0,0,782,detection,
782922,15,31,620,620,0,0,0,0,0,0,37,0,0,0,782,detection,
783033,18,16,1305,1305,0,0,0,0,0,0,40,0,0,0,783,detection,
783077,21,16,1305,1305,0,0,0,0,0,0,49,0,0,0,783,detection,
783295,20,15,512,512,0,0,0,0,0,0,37,0,0,0,783,detection,
783538,3,28,696,696,0,0,0,0,0,0,64,0,0,0,783,detection,
784391,14,2,1299,1299,0,0,0,0,0,0,60,0,0,0,784,detection,
784959,7,9,965,965,0,0,0,0,0,0,50,0,0,0,784,detection,
785352,2,22,844,844,0,0,0,0,0,0,46,0,0,0,785,detection,
785365,25,22,844,844,0,0,0,0,0,0,42,0,0,0,785,detection,
785385,4,22,844,844,0,0,0,0,0,0,39,0,0,0,785,detection,
786601,1,23,537,537,0,0,0,0,0,0,36,0,0,0,786,detection,
786958,28,19,1099,1099,0,0,0,0,0,0,60,0,0,0,786,detection,
790020,1,12,698,698,0,0,0,0,0,0,31,0,0,0,790,detection,
790088,23,12,698,698,0,0,0,0,0,0,37,0,0,0,790,detection,
790385,13,16,1279,1279,0,0,0,0,0,0,28,0,0,0,790,detection,
790404,18,16,1279,1279,0,0,0,0,0,0,40,0,0,0,790,detection,
790622,22,17,1330,1330,0,0,0,0,0,0,94,0,0,0,790,detection,
790740,25,17,1330,1330,0,0,0,0,0,0,41,0,0,0,790,detection,
790894,14,30,420,650,-230,0,54,83,36,11,32,0,77,55,790,detection,
791961,7,9,1024,1024,0,0,0,0,0,0,54,0,0,0,791,detection,
791991,12,9,1024,1024,0,0,0,0,0,0,46,0,0,0,791,detection,
798843,17,25,842,842,0,0,0,0,0,0,88,0,0,0,798,detection,
798849,2,25,842,842,0,0,0,0,0,0,43,0,0,0,798,detection,
801270,8,16,1303,1303,0,0,0,0,0,0,45,0,0,0,801,detection,
802379,4,22,874,874,0,0,0,0,0,0,39,0,0,0,802,detection,
803142,14,2,1242,1242,0,0,0,0,0,0,58,0,0,0,803,detection,
803326,21,26,811,811,0,0,0,0,0,0,38,0,0,0,803,detection,
809617,12,29,393,649,-256,0,55,100,25,0,41,0,72,55,809,detection,
809707,19,3,1438,1438,0,0,0,0,0,0,56,0,0,0,809,detection,
812937,16,25,905,905,0,0,0,0,0,0,41,0,0,0,812,detection,
812976,2,25,905,905,0,0,0,0,0,0,43,0,0,0,812,detection,
812997,27,25,905,905,0,0,0,0,0,0,44,0,0,0,812,detection,
813629,4,27,751,751,0,0,0,0,0,0,53,0,0,0,813,detection,
813759,4,9,819,819,0,0,0,0,0,0,64,0,0,0,813,detection,
815286,5,10,1417,1417,0,0,0,0,0,0,36,0,0,0,815,detection,
815620,25,16,1526,1526,0,0,0,0,0,0,49,0,0,0,815,detection,
816455,26,21,1323,1323,0,0,0,0,0,0,28,0,0,0,816,detection,
816472,17,21,1323,1323,0,0,0,0,0,0,43,0,0,0,816,detection,
816502,27,21,1323,1323,0,0,0,0,0,0,40,0,0,0,816,detection,
816708,26,17,869,869,0,0,0,0,0,0,87,0,0,0,816,detection,
820793,9,18,1280,1280,0,0,0,0,0,0,48,0,0,0,820,detection,
820824,10,18,1280,1280,0,0,0,0,0,0,42,0,0,0,820,detection,
820836,28,18,1280,1280,0,0,0,0,0,0,52,0,0,0,820,detection,
820839,7,18,1280,1280,0,0,0,0,0,0,40,0,0,0,820,detection,
821280,18,10,1161,1161,0,0,0,0,0,0,46,0,0,0,821,detection,
823768,14,2,1421,1421,0,0,0,0,0,0,57,0,0,0,823,detection,
823781,18,2,1421,1421,0,0,0,0,0,0,50,0,0,0,823,detection,
823793,9,2,1421,1421,0,0,0,0,0,0,52,0,0,0,823,detection,
823803,15,2,1421,1421,0,0,0,0,0,0,43,0,0,0,823,detection,
823832,26,2,1421,1421,0,0,0,0,0,0,53,0,0,0,823,detection,
824764,14,30,320,576,-256,0,58,100,3,10,35,0,75,55,824,detection,
826630,27,16,1212,1212,0,0,0,0,0,0,39,0,0,0,826,detection,
826633,4,16,1212,1212,0,0,0,0,0,0,34,0,0,0,826,detection,
826643,14,16,1212,1212,0,0,0,0,0,0,49,0,0,0,826,detection,
828454,26,21,1527,1527,0,0,0,0,0,0,29,0,0,0,828,detection,
831085,28,13,905,905,0,0,0,0,0,0,45,0,0,0,831,detection,
831312,16,30,300,556,-256,0,54,82,10,0,42,0,71,55,831,detection,
831329,21,30,300,556,-256,0,58,89,0,0,36,0,74,55,831,detection,
831363,11,30,300,556,-256,0,55,84,0,0,40,0,73,55,831,detection,
835627,27,26,1068,1068,0,0,0,0,0,0,64,0,0,0,835,detection,
835705,26,21,812,812,0,0,0,0,0,0,32,0,0,0,835,detection,
835714,7,21,812,812,0,0,0,0,0,0,37,0,0,0,835,detection,
835749,27,21,812,812,0,0,0,0,0,0,43,0,0,0,835,detection,
837626,22,25,881,881,0,0,0,0,0,0,43,0,0,0,837,detection,
837643,8,25,881,881,0,0,0,0,0,0,37,0,0,0,837,detection,
841464,23,22,1391,1391,0,0,0,0,0,0,58,0,0,0,841,detection,
841769,14,9,916,916,0,0,0,0,0,0,53,0,0,0,841,detection,
841773,8,9,916,916,0,0,0,0,0,0,55,0,0,0,841,detection,
842038,24,11,812,812,0,0,0,0,0,0,36,0,0,0,842,detection,
842047,6,11,812,812,0,0,0,0,0,0,32,0,0,0,842,detection,
842051,15,11,812,812,0,0,0,0,0,0,48,0,0,0,842,detection,
844210,19,15,512,512,0,0,0,0,0,0,48,0,0,0,844,detection,
845789,24,18,1324,1324,0,0,0,0,0,0,37,0,0,0,845,detection,
845790,3,18,1324,1324,0,0,0,0,0,0,55,0,0,0,845,detection,
848956,21,17,718,718,0,0,0,0,0,0,49,0,0,0,848,detection,
849424,15,19,1024,1024,0,0,0,0,0,0,39,0,0,0,849,detection,
853998,13,14,808,808,0,0,0,0,0,0,34,0,0,0,853,detection,
854036,5,14,808,808,0,0,0,0,0,0,40,0,0,0,854,detection,
854076,10,14,808,808,0,0,0,0,0,0,40,0,0,0,854,detection,
855211,28,10,1212,1212,0,0,0,0,0,0,41,0,0,0,855,detection,
855797,15,19,768,768,0,0,0,0,0,0,40,0,0,0,855,detection,
855797,6,19,768,768,0,0,0,0,0,0,54,0,0,0,855,detection,
856824,10,16,812,812,0,0,0,0,0,0,38,0,0,0,856,detection,
856827,21,16,812,812,0,0,0,0,0,0,51,0,0,0,856,detection,
856874,13,16,812,812,0,0,0,0,0,0,32,0,0,0,856,detection,
860458,23,22,1393,1393,0,0,0,0,0,0,62,0,0,0,860,detection,
861096,17,21,1230,1230,0,0,0,0,0,0,43,0,0,0,861,detection,
863295,20,8,1320,1320,0,0,0,0,0,0,36,0,0,0,863,detection,
863335,28,8,1320,1320,0,0,0,0,0,0,45,0,0,0,863,detection,
863390,14,4,679,679,0,0,0,0,0,0,60,0,0,0,863,detection,
863393,8,4,679,679,0,0,0,0,0,0,40,0,0,0,863,detection,
863497,22,25,883,883,0,0,0,0,0,0,44,0,0,0,863,detection,
867988,12,13,1293,1293,0,0,0,0,0,0,57,0,0,0,867,detection,
868158,5,10,1212,1212,0,0,0,0,0,0,37,0,0,0,868,detection,
869611,11,19,998,998,0,0,0,0,0,0,50,0,0,0,869,detection,
869667,6,19,998,998,0,0,0,0,0,0,53,0,0,0,869,detection,
869670,20,19,998,998,0,0,0,0,0,0,44,0,0,0,869,detection,
870498,13,16,1320,1320,0,0,0,0,0,0,36,0,0,0,870,detection,
872330,28,13,1293,1293,0,0,0,0,0,0,48,0,0,0,872,detection,
872352,2,13,1293,1293,0,0,0,0,0,0,42,0,0,0,872,detection,
877325,10,16,1086,1086,0,0,0,0,0,0,43,0,0,0,877,detection,
878803,15,18,1510,1510,0,0,0,0,0,0,51,0,0,0,878,detection,
880407,18,3,1324,1324,0,0,0,0,0,0,57,0,0,0,880,detection,
880419,6,3,1324,1324,0,0,0,0,0,0,59,0,0,0,880,detection,
886709,28,8,2165,2165,0,0,0,0,0,0,56,0,0,0,886,detection,
886755,27,8,2165,2165,0,0,0,0,0,0,41,0,0,0,886,detection,
887371,25,17,1766,1766,0,0,0,0,0,0,46,0,0,0,887,detection,
892731,2,22,1836,1836,0,0,0,0,0,0,46,0,0,0,892,detection,
894787,3,18,1510,1510,0,0,0,0,0,0,58,0,0,0,894,detection,
894787,5,18,1510,1510,0,0,0,0,0,0,37,0,0,0,894,detection,
894800,15,18,1510,1510,0,0,0,0,0,0,50,0,0,0,894,detection,
895074,10,16,1314,1314,0,0,0,0,0,0,42,0,0,0,895,detection,
895117,12,16,1314,1314,0,0,0,0,0,0,28,0,0,0,895,detection,
897961,7,29,276,532,-256,0,58,89,27,0,36,0,74,55,897,detection,
899711,28,22,1810,1810,0,0,0,0,0,0,50,0,0,0,899,detection,
899749,13,22,1810,1810,0,0,0,0,0,0,55,0,0,0,899,detection,
900744,12,13,1556,1556,0,0,0,0,0,0,66,0,0,0,900,detection,
901937,16,30,276,374,-98,0,19,70,21,0,46,0,70,55,901,detection,
901951,21,30,276,374,-98,0,21,100,23,0,39,0,73,55,901,detection,
901951,10,30,276,374,-98,0,21,70,22,0,40,0,73,55,901,detection,
901963,28,30,276,374,-98,0,19,70,13,0,48,0,65,55,901,detection,
902912,24,15,1604,1604,0,0,0,0,0,0,42,0,0,0,902,detection,
903119,12,5,1440,1440,0,0,0,0,0,0,35,0,0,0,903,detection,
905911,5,10,532,532,0,0,0,0,0,0,42,0,0,0,905,detection,
905937,16,10,532,532,0,0,0,0,0,0,37,0,0,0,905,detection,
907808,20,6,532,532,0,0,0,0,0,0,55,0,0,0,907,detection,
910140,14,30,276,532,-256,0,56,100,0,10,38,0,74,55,910,detection,
910173,20,30,276,532,-256,0,58,100,0,0,36,0,74,55,910,detection,
910199,21,30,276,532,-256,0,54,100,22,0,42,0,71,55,910,detection,
910209,28,30,276,532,-256,0,51,100,21,0,47,0,65,55,910,detection,
910765,14,22,532,532,0,0,0,0,0,0,38,0,0,0,910,detection,
911581,28,10,532,532,0,0,0,0,0,0,47,0,0,0,911,detection,
911658,5,10,532,532,0,0,0,0,0,0,43,0,0,0,911,detection,
911684,16,10,532,532,0,0,0,0,0,0,38,0,0,0,911,detection,
911961,7,29,276,276,0,0,0,74,36,10,41,0,73,55,911,detection,
912173,24,15,1604,1604,0,0,0,0,0,0,42,0,0,0,912,detection,
912296,6,20,788,788,0,0,0,0,0,0,56,0,0,0,912,detection,
913032,18,16,788,788,0,0,0,0,0,0,43,0,0,0,913,detection,
913113,12,16,788,788,0,0,0,0,0,0,32,0,0,0,913,detection,
915849,17,8,2022,2022,0,0,0,0,0,0,87,0,0,0,915,detection,
915959,7,8,2022,2022,0,0,0,0,0,0,48,0,0,0,915,detection,
916019,8,25,912,912,0,0,0,0,0,0,39,0,0,0,916,detection,
918642,8,9,1424,1424,0,0,0,0,0,0,52,0,0,0,918,detection,
918860,11,30,276,327,-51,0,10,70,28,0,44,0,69,55,918,detection,
918890,14,30,276,327,-51,0,11,100,30,10,39,0,73,55,918,detection,
918919,20,30,276,327,-51,0,11,70,30,0,37,0,64,40,918,detection,
919208,7,29,276,276,0,0,0,0,0,0,42,0,0,0,919,detection,
919793,6,11,1300,1300,0,0,0,0,0,0,37,0,0,0,919,detection,
921688,16,4,532,532,0,0,0,0,0,0,38,0,0,0,921,detection,
921702,10,4,532,532,0,0,0,0,0,0,36,0,0,0,921,detection,
924647,8,27,1044,1044,0,0,0,0,0,0,49,0,0,0,924,detection,
925835,7,9,1449,1449,0,0,0,0,0,0,57,0,0,0,925,detection,
927459,7,8,788,788,0,0,0,0,0,0,52,0,0,0,927,detection,
927468,17,8,788,788,0,0,0,0,0,0,89,0,0,0,927,detection,
927498,27,8,788,788,0,0,0,0,0,0,40,0,0,0,927,detection,
927739,11,18,861,861,0,71,0,0,0,0,47,0,64,40,927,detection,
927903,18,16,788,788,0,0,0,0,0,0,39,0,0,0,927,detection,
927950,10,16,788,788,0,0,0,0,0,0,42,0,0,0,927,detection,
927988,12,16,788,788,0,0,0,0,0,0,32,0,0,0,927,detection,
927997,13,16,788,788,0,0,0,0,0,0,40,0,0,0,927,detection,
928005,4,16,788,788,0,0,0,0,0,0,37,0,0,0,928,detection,
928028,22,16,788,788,0,0,0,0,0,0,28,0,0,0,928,detection,
930490,12,5,1044,1044,0,0,0,0,0,0,41,0,0,0,930,detection,
930783,5,10,830,830,0,0,0,0,0,0,39,0,0,0,930,detection,
930809,16,10,830,830,0,0,0,0,0,0,37,0,0,0,930,detection,
931612,11,30,276,586,-310,0,64,100,35,0,44,0,64,40,931,detection,
933003,13,31,560,790,-230,0,52,100,3,0,36,0,74,55,933,detection,
933756,25,27,1044,1044,0,0,0,0,0,0,41,0,0,0,933,detection,
938018,14,4,788,788,0,0,0,0,0,0,59,0,0,0,938,detection,
938057,16,4,788,788,0,0,0,0,0,0,42,0,0,0,938,detection,
940204,21,27,1300,1300,0,0,0,0,0,0,46,0,0,0,940,detection,
945200,21,27,1300,1300,0,0,0,0,0,0,45,0,0,0,945,detection,
949078,21,9,1190,1190,0,0,0,0,0,0,57,0,0,0,949,detection,
949143,8,9,1190,1190,0,0,0,0,0,0,55,0,0,0,949,detection,
949413,24,15,1688,1688,0,0,0,0,0,0,45,0,0,0,949,detection,
951165,6,20,1300,1300,0,0,0,0,0,0,59,0,0,0,951,detection,
954480,2,4,1300,1300,0,0,0,0,0,0,48,0,0,0,954,detection,
954540,6,4,1300,1300,0,0,0,0,0,0,40,0,0,0,954,detection,
955360,11,30,276,532,-256,0,53,100,7,0,43,0,70,55,955,detection,
955389,14,30,276,532,-256,0,54,100,29,9,42,0,71,55,955,detection,
956938,1,26,1072,1072,0,0,0,0,0,0,29,0,0,0,956,detection,
958116,25,27,1296,1296,0,0,0,0,0,0,44,0,0,0,958,detection,
959088,28,19,1344,1344,0,0,0,0,0,0,66,0,0,0,959,detection,
963169,6,11,769,769,0,0,0,0,0,0,41,0,0,0,963,detection,
964041,9,10,1300,1300,0,0,0,0,0,0,49,0,0,0,964,detection,
965163,1,26,1581,1581,0,0,0,0,0,0,28,0,0,0,965,detection,
967675,15,5,1069,1069,0,0,0,0,0,0,45,0,0,0,967,detection,
967737,11,5,1069,1069,0,0,0,0,0,0,37,0,0,0,967,detection,
969000,13,16,1521,1521,0,0,0,0,0,0,43,0,0,0,969,detection,
970083,28,30,276,532,-256,0,49,74,0,0,51,0,60,40,970,detection,
970109,11,30,276,532,-256,0,52,100,0,0,46,0,67,55,970,detection,
970190,16,30,276,532,-256,0,50,75,20,0,50,0,60,40,970,detection,
971335,7,13,1722,1722,0,0,0,0,0,0,46,0,0,0,971,detection,
971368,25,17,1984,1984,0,0,0,0,0,0,64,0,0,0,971,detection,
971843,17,8,1274,1274,0,0,0,0,0,0,86,0,0,0,971,detection,
973479,1,26,1685,1685,0,0,0,0,0,0,31,0,0,0,973,detection,
976238,12,13,1645,1645,0,0,0,0,0,0,65,0,0,0,976,detection,
976336,19,13,1645,1645,0,0,0,0,0,0,52,0,0,0,976,detection,
977290,6,11,770,770,0,0,0,0,0,0,41,0,0,0,977,detection,
979838,19,15,1044,1044,0,0,0,0,0,0,48,0,0,0,979,detection,
980171,6,8,1414,1414,0,0,0,0,0,0,37,0,0,0,980,detection,
980218,17,8,1414,1414,0,0,0,0,0,0,84,0,0,0,980,detection,
980248,27,8,1414,1414,0,0,0,0,0,0,44,0,0,0,980,detection,
981327,1,26,1282,1282,0,0,0,0,0,0,35,0,0,0,981,detection,
984479,2,3,2317,2317,0,0,0,0,0,0,52,0,0,0,984,detection,
984505,22,3,2317,2317,0,0,0,0,0,0,37,0,0,0,984,detection,
984509,4,3,2317,2317,0,0,0,0,0,0,46,0,0,0,984,detection,
985836,19,15,1044,1044,0,0,0,0,0,0,47,0,0,0,985,detection,
986106,2,4,1338,1338,0,0,0,0,0,0,48,0,0,0,986,detection,
986141,14,4,1338,1338,0,0,0,0,0,0,59,0,0,0,986,detection,
986166,6,4,1338,1338,0,0,0,0,0,0,40,0,0,0,986,detection,
990325,10,27,1534,1534,0,0,0,0,0,0,53,0,0,0,990,detection,
990350,17,27,1534,1534,0,0,0,0,0,0,41,0,0,0,990,detection,
991047,15,19,1300,1300,0,0,0,0,0,0,41,0,0,0,991,detection,
992238,11,12,1052,1052,0,0,0,0,0,0,43,0,0,0,992,detection,
994624,22,3,1564,1564,0,0,0,0,0,0,41,0,0,0,994,detection,
994629,4,3,1564,1564,0,0,0,0,0,0,46,0,0,0,994,detection,
996049,15,13,1556,1556,0,0,0,0,0,0,47,0,0,0,996,detection,
996787,9,10,788,788,0,0,0,0,0,0,53,0,0,0,996,detection,
996791,24,10,788,788,0,0,0,0,0,0,48,0,0,0,996,detection,
998167,6,11,875,875,0,0,0,0,0,0,40,0,0,0,998,detection,
1000375,22,3,1564,1564,0,0,0,0,0,0,41,0,0,0,1000,detection,
1000416,9,3,1564,1564,0,0,0,0,0,0,49,0,0,0,1000,detection,
1000758,4,16,608,608,0,0,0,0,0,0,37,0,0,0,1000,detection,
1000832,23,16,608,608,0,0,0,0,0,0,44,0,0,0,1000,detection,
1004480,2,22,1244,1244,0,0,0,0,0,0,55,0,0,0,1004,detection,
1004488,11,22,1244,1244,0,0,0,0,0,0,46,0,0,0,1004,detection,
1004497,25,22,1244,1244,0,0,0,0,0,0,51,0,0,0,1004,detection,
1004501,13,22,1244,1244,0,0,0,0,0,0,59,0,0,0,1004,detection,
1004510,4,22,1244,1244,0,0,0,0,0,0,49,0,0,0,1004,detection,
1004540,3,22,1244,1244,0,0,0,0,0,0,48,0,0,0,1004,detection,
1005126,22,4,1120,1120,0,0,0,0,0,0,47,0,0,0,1005,detection,
1005207,23,4,1120,1120,0,0,0,0,0,0,49,0,0,0,1005,detection,
1006793,6,20,1373,1373,0,0,0,0,0,0,59,0,0,0,1006,detection,
1007046,20,6,1179,1179,0,0,0,0,0,0,59,0,0,0,1007,detection,
1012706,23,4,1120,1120,0,0,0,0,0,0,49,0,0,0,1012,detection,
1012744,25,4,1120,1120,0,0,0,0,0,0,42,0,0,0,1012,detection,
1012749,22,4,1120,1120,0,0,0,0,0,0,47,0,0,0,1012,detection,
1012773,8,4,1120,1120,0,0,0,0,0,0,43,0,0,0,1012,detection,
1012791,3,4,1120,1120,0,0,0,0,0,0,40,0,0,0,1012,detection,
1019784,18,13,1556,1556,0,0,0,0,0,0,38,0,0,0,1019,detection,
1024965,1,23,1120,1120,0,0,0,0,0,0,39,0,0,0,1024,detection,
1025962,28,22,788,788,0,0,0,0,0,0,50,0,0,0,1025,detection,
1028035,9,10,3348,3348,0,0,0,0,0,0,88,0,0,0,1028,detection,
1030952,10,27,1620,1620,0,0,0,0,0,0,52,0,0,0,1030,detection,
1032007,1,23,1120,1120,0,0,0,0,0,0,33,0,0,0,1032,detection,
1033375,22,17,1680,1680,0,0,0,0,0,0,92,0,0,0,1033,detection,
1034085,28,18,1227,1227,0,0,0,0,0,0,58,0,0,0,1034,detection,
1034089,7,18,1227,1227,0,0,0,0,0,0,46,0,0,0,1034,detection,
1034832,28,22,788,788,0,0,0,0,0,0,49,0,0,0,1034,detection,
1040075,10,30,276,532,-256,0,53,82,22,0,43,0,70,55,1040,detection,
1042431,1,23,1248,1248,0,0,0,0,0,0,37,0,0,0,1042,detection,
1042436,16,17,1680,1680,0,0,0,0,0,0,42,0,0,0,1042,detection,
1042496,22,17,1680,1680,0,0,0,0,0,0,91,0,0,0,1042,detection,
1042912,9,10,788,788,0,0,0,0,0,0,90,0,0,0,1042,detection,
1042960,7,10,788,788,0,0,0,0,0,0,39,0,0,0,1042,detection,
1044587,28,12,1601,1601,0,0,0,0,0,0,42,0,0,0,1044,detection,
1045995,11,19,1405,1405,0,0,0,0,0,0,52,0,0,0,1045,detection,
1046048,15,19,1405,1405,0,0,0,0,0,0,48,0,0,0,1046,detection,
1048089,19,3,2046,2046,0,0,0,0,0,0,56,0,0,0,1048,detection,
1048102,2,3,2046,2046,0,0,0,0,0,0,56,0,0,0,1048,detection,
1048124,22,3,2046,2046,0,0,0,0,0,0,44,0,0,0,1048,detection,
1048127,13,3,2046,2046,0,0,0,0,0,0,47,0,0,0,1048,detection,
1052172,15,5,1989,1989,0,0,0,0,0,0,57,0,0,0,1052,detection,
1059418,20,9,1737,1737,0,0,0,0,0,0,59,0,0,0,1059,detection,
1061837,7,10,885,885,0,0,0,0,0,0,38,0,0,0,1061,detection,
1062946,10,27,1649,1649,0,0,0,0,0,0,53,0,0,0,1062,detection,
1063041,6,15,1669,1669,0,0,0,0,0,0,44,0,0,0,1063,detection,
1064289,5,11,1676,1676,0,0,0,0,0,0,60,0,0,0,1064,detection,
1064301,15,11,1676,1676,0,0,0,0,0,0,61,0,0,0,1064,detection,
1065469,17,4,1537,1537,0,0,0,0,0,0,44,0,0,0,1065,detection,
1065487,12,4,1537,1537,0,0,0,0,0,0,49,0,0,0,1065,detection,
1065501,27,4,1537,1537,0,0,0,0,0,0,45,0,0,0,1065,detection,
1065581,23,4,1537,1537,0,0,0,0,0,0,48,0,0,0,1065,detection,
1069466,7,9,1923,1923,0,0,0,0,0,0,60,0,0,0,1069,detection,
1069518,14,9,1923,1923,0,0,0,0,0,0,60,0,0,0,1069,detection,
1070004,27,17,1680,1680,0,0,0,0,0,0,69,0,0,0,1070,detection,
1070008,4,17,1680,1680,0,0,0,0,0,0,88,0,0,0,1070,detection,
1070529,18,27,1759,1759,0,0,0,0,0,0,28,0,0,0,1070,detection,
1070569,10,27,1759,1759,0,0,0,0,0,0,57,0,0,0,1070,detection,
1071496,13,3,2297,2297,0,0,0,0,0,0,56,0,0,0,1071,detection,
1071500,22,3,2297,2297,0,0,0,0,0,0,54,0,0,0,1071,detection,
1072842,17,25,1556,1556,0,0,0,0,0,0,92,0,0,0,1072,detection,
1072856,2,25,1556,1556,0,0,0,0,0,0,46,0,0,0,1072,detection,
1072898,8,25,1556,1556,0,0,0,0,0,0,41,0,0,0,1072,detection,
1076958,26,27,1759,1759,0,0,0,0,0,0,37,0,0,0,1076,detection,
1077009,4,27,1759,1759,0,0,0,0,0,0,56,0,0,0,1077,detection,
1077027,18,27,1759,1759,0,0,0,0,0,0,28,0,0,0,1077,detection,
1077168,3,28,1691,1691,0,0,0,0,0,0,65,0,0,0,1077,detection,
1077295,3,29,276,967,-691,0,100,100,100,0,39,0,69,55,1077,detection,
1080563,16,15,788,788,0,0,0,0,0,0,42,0,0,0,1080,detection,
1081462,19,6,1481,1481,0,0,0,0,0,0,49,0,0,0,1081,detection,
1081917,3,13,788,788,0,0,0,0,0,0,36,0,0,0,1081,detection,
1081922,15,13,788,788,0,0,0,0,0,0,51,0,0,0,1081,detection,
1083723,17,27,1948,1948,0,0,0,0,0,0,45,0,0,0,1083,detection,
1083754,4,27,1948,1948,0,0,0,0,0,0,59,0,0,0,1083,detection,
1083766,8,27,1948,1948,0,0,0,0,0,0,57,0,0,0,1083,detection,
1084769,14,4,1537,1537,0,0,0,0,0,0,59,0,0,0,1084,detection,
1084790,9,4,1537,1537,0,0,0,0,0,0,53,0,0,0,1084,detection,
1085696,10,30,276,439,-163,0,33,100,12,0,46,0,67,55,1085,detection,
1085712,23,30,276,439,-163,0,36,70,13,0,38,0,74,55,1085,detection,
1087563,16,22,979,979,0,0,0,0,0,0,33,0,0,0,1087,detection,
1089604,1,17,788,788,0,0,0,0,0,0,26,0,0,0,1089,detection,
1090162,3,28,1739,1739,0,0,0,0,0,0,67,0,0,0,1090,detection,
1091244,25,26,1952,1952,0,0,0,0,0,0,47,0,0,0,1091,detection,
1092238,11,5,1845,1845,0,0,0,0,0,0,43,0,0,0,1092,detection,
1094581,26,27,1300,1300,0,0,0,0,0,0,41,0,0,0,1094,detection,
1098664,24,20,1300,1300,0,0,0,0,0,0,45,0,0,0,1098,detection,
1098781,18,31,480,736,-256,0,51,78,34,0,47,0,68,55,1098,detection,
1101239,12,4,1044,1044,0,0,0,0,0,0,56,0,0,0,1101,detection,
1101248,27,4,1044,1044,0,0,0,0,0,0,51,0,0,0,1101,detection,
1101327,10,4,1044,1044,0,0,0,0,0,0,41,0,0,0,1101,detection,
1103716,1,17,1993,1993,0,0,0,0,0,0,29,0,0,0,1103,detection,
1104539,3,29,276,532,-256,0,55,100,62,0,41,0,72,55,1104,detection,
1106640,8,27,1556,1556,0,0,0,0,0,0,61,0,0,0,1106,detection,
1108003,27,26,1812,1812,0,0,0,0,0,0,67,0,0,0,1108,detection,
1109539,1,17,2460,2460,0,0,0,0,0,0,33,0,0,0,1109,detection,
1111669,6,20,1462,1462,0,0,0,0,0,0,58,0,0,0,1111,detection,
1112976,2,25,2038,2038,0,0,0,0,0,0,50,0,0,0,1112,detection,
1113911,5,14,1300,1300,0,0,0,0,0,0,43,0,0,0,1113,detection,
1115178,15,5,788,788,0,0,0,0,0,0,60,0,0,0,1115,detection,
1120615,11,22,1116,1116,0,0,0,0,0,0,50,0,0,0,1120,detection,
1121103,2,25,2200,2200,0,0,0,0,0,0,58,0,0,0,1121,detection,
1123281,1,17,2836,2836,0,0,0,0,0,0,78,0,0,0,1123,detection,
1123325,10,17,2836,2836,0,0,0,0,0,0,75,0,0,0,1123,detection,
1123380,4,17,2836,2836,0,0,0,0,0,0,92,0,0,0,1123,detection,
1123424,3,28,1898,1898,0,0,0,0,0,0,65,0,0,0,1123,detection,
1125794,3,20,1462,1462,0,0,0,0,0,0,51,0,0,0,1125,detection,
1126173,15,5,808,808,0,0,0,0,0,0,58,0,0,0,1126,detection,
1126960,26,7,1044,1044,0,0,0,0,0,0,45,0,0,0,1126,detection,
1127405,18,13,1300,1300,0,0,0,0,0,0,42,0,0,0,1127,detection,
1127414,3,13,1300,1300,0,0,0,0,0,0,40,0,0,0,1127,detection,
1127518,14,8,1300,1300,0,0,0,0,0,0,42,0,0,0,1127,detection,
1129600,2,25,1812,1812,0,0,0,0,0,0,60,0,0,0,1129,detection,
1130258,4,31,400,860,-460,0,91,100,27,0,48,0,60,40,1130,detection,
1130547,15,5,808,808,0,0,0,0,0,0,57,0,0,0,1130,detection,
1131888,1,17,2836,2836,0,0,0,0,0,0,75,0,0,0,1131,detection,
1131948,10,17,2836,2836,0,0,0,0,0,0,70,0,0,0,1131,detection,
1132003,4,17,2836,2836,0,0,0,0,0,0,85,0,0,0,1132,detection,
1132987,1,12,912,912,0,0,0,0,0,0,34,0,0,0,1132,detection,
1135263,14,8,1300,1300,0,0,0,0,0,0,41,0,0,0,1135,detection,
1135773,1,17,1424,1424,0,0,0,0,0,0,75,0,0,0,1135,detection,
1135825,10,17,1424,1424,0,0,0,0,0,0,77,0,0,0,1135,detection,
1136727,2,25,1786,1786,0,0,0,0,0,0,60,0,0,0,1136,detection,
1137164,3,29,276,736,-460,0,100,100,29,0,39,0,69,55,1137,detection,
1138118,25,27,1812,1812,0,0,0,0,0,0,44,0,0,0,1138,detection,
1138126,13,27,1812,1812,0,0,0,0,0,0,37,0,0,0,1138,detection,
1143419,1,17,1398,1398,0,0,0,0,0,0,70,0,0,0,1143,detection,
1143475,10,17,1398,1398,0,0,0,0,0,0,79,0,0,0,1143,detection,
1143504,4,17,1398,1398,0,0,0,0,0,0,91,0,0,0,1143,detection,
1144157,18,3,788,788,0,0,0,0,0,0,57,0,0,0,1144,detection,
1144529,18,2,2161,2161,0,0,0,0,0,0,53,0,0,0,1144,detection,
1145232,2,29,276,690,-414,0,87,100,58,9,42,0,66,55,1145,detection,
1145288,3,29,276,690,-414,0,93,100,6,0,37,0,69,55,1145,detection,
1147740,25,27,1812,1812,0,0,0,0,0,0,43,0,0,0,1147,detection,
1147748,13,27,1812,1812,0,0,0,0,0,0,37,0,0,0,1147,detection,
1147782,18,27,1812,1812,0,0,0,0,0,0,32,0,0,0,1147,detection,
1148766,8,25,788,788,0,0,0,0,0,0,44,0,0,0,1148,detection,
1148878,22,9,1937,1937,0,0,0,0,0,0,50,0,0,0,1148,detection,
1150849,17,4,1300,1300,0,0,0,0,0,0,48,0,0,0,1150,detection,
1150862,12,4,1300,1300,0,0,0,0,0,0,58,0,0,0,1150,detection,
1150897,8,22,1917,1917,0,0,0,0,0,0,41,0,0,0,1150,detection,
1151013,14,22,1917,1917,0,0,0,0,0,0,42,0,0,0,1151,detection,
1154255,1,26,2181,2181,0,0,0,0,0,0,35,0,0,0,1154,detection,
1154959,26,2,788,788,0,0,0,0,0,0,56,0,0,0,1154,detection,
1154994,25,2,788,788,0,0,0,0,0,0,37,0,0,0,1154,detection,
1155028,18,2,788,788,0,0,0,0,0,0,53,0,0,0,1155,detection,
1155391,8,25,532,532,0,0,0,0,0,0,45,0,0,0,1155,detection,
1155477,2,25,532,532,0,0,0,0,0,0,61,0,0,0,1155,detection,
1156792,20,9,1320,1320,0,0,0,0,0,0,59,0,0,0,1156,detection,
1156835,26,9,1320,1320,0,0,0,0,0,0,56,0,0,0,1156,detection,
1156889,14,22,1974,1974,0,0,0,0,0,0,45,0,0,0,1156,detection,
1157413,3,18,532,532,0,0,0,0,0,0,59,0,0,0,1157,detection,
1159405,1,17,1375,1375,0,0,0,0,0,0,71,0,0,0,1159,detection,
1159445,10,17,1375,1375,0,0,0,0,0,0,81,0,0,0,1159,detection,
1159710,7,10,3000,3000,0,0,0,0,0,0,68,0,0,0,1159,detection,
1160709,26,21,1274,1274,0,0,0,0,0,0,37,0,0,0,1160,detection,
1162326,21,9,1320,1320,0,0,0,0,0,0,57,0,0,0,1162,detection,
1163048,1,26,1300,1300,0,0,0,0,0,0,34,0,0,0,1163,detection,
1163095,17,26,1300,1300,0,0,0,0,0,0,39,0,0,0,1163,detection,
1163543,6,28,1300,1300,0,0,0,0,0,0,46,0,0,0,1163,detection,
1164102,2,13,1300,1300,0,0,0,0,0,0,42,0,0,0,1164,detection,
1166003,22,31,320,576,-256,0,56,87,0,0,38,0,74,55,1166,detection,
1166075,10,4,1219,1219,0,0,0,0,0,0,44,0,0,0,1166,detection,
1166112,12,4,1219,1219,0,0,0,0,0,0,63,0,0,0,1166,detection,
1166165,6,4,1219,1219,0,0,0,0,0,0,44,0,0,0,1166,detection,
1166539,3,29,276,276,0,0,0,100,57,9,43,0,70,55,1166,detection,
1167043,1,12,1812,1812,0,0,0,0,0,0,29,0,0,0,1167,detection,
1168652,18,2,557,557,0,0,0,0,0,0,55,0,0,0,1168,detection,
1169912,3,18,788,788,0,0,0,0,0,0,59,0,0,0,1169,detection,
1171104,2,29,276,532,-256,0,53,100,21,9,44,0,68,55,1171,detection,
1171167,3,29,276,532,-256,0,54,82,36,0,42,0,71,55,1171,detection,
1171771,1,17,1069,1069,0,0,0,0,0,0,74,0,0,0,1171,detection,
1172298,20,15,1624,1624,0,0,0,0,0,0,41,0,0,0,1172,detection,
1173137,14,22,832,832,0,0,0,0,0,0,48,0,0,0,1173,detection,
1173142,8,22,832,832,0,0,0,0,0,0,44,0,0,0,1173,detection,
1174336,7,10,1812,1812,0,0,0,0,0,0,72,0,0,0,1174,detection,
1174489,11,19,1812,1812,0,0,0,0,0,0,56,0,0,0,1174,detection,
1175115,1,26,788,788,0,0,0,0,0,0,34,0,0,0,1175,detection,
1176016,14,8,1344,1344,0,0,0,0,0,0,44,0,0,0,1176,detection,
1177403,18,27,1274,1274,0,0,0,0,0,0,36,0,0,0,1177,detection,
1177688,1,7,1731,1731,0,0,0,0,0,0,19,0,0,0,1177,detection,
1177861,1,12,2207,2207,0,0,0,0,0,0,36,0,0,0,1177,detection,
1177913,5,12,2207,2207,0,0,0,0,0,0,47,0,0,0,1177,detection,
1177964,23,12,2207,2207,0,0,0,0,0,0,42,0,0,0,1177,detection,
1178036,3,18,532,532,0,0,0,0,0,0,59,0,0,0,1178,detection,
1178701,10,4,1681,1681,0,0,0,0,0,0,54,0,0,0,1178,detection,
1179464,23,13,1711,1711,0,0,0,0,0,0,56,0,0,0,1179,detection,
1179539,3,29,276,276,0,0,0,0,35,0,44,0,0,0,1179,detection,
1180092,17,26,788,788,0,0,0,0,0,0,42,0,0,0,1180,detection,
1180179,15,31,300,556,-256,0,55,84,37,10,40,0,73,55,1180,detection,
1180671,20,3,1786,1786,0,0,0,0,0,0,55,0,0,0,1180,detection,
1181060,1,17,1069,1069,0,0,0,0,0,0,72,0,0,0,1181,detection,
1183138,14,8,812,812,0,0,0,0,0,0,44,0,0,0,1183,detection,
1183365,1,7,1705,1705,0,0,0,0,0,0,18,0,0,0,1183,detection,
1185111,12,4,1300,1300,0,0,0,0,0,0,62,0,0,0,1185,detection,
1185666,5,10,1300,1300,0,0,0,0,0,0,43,0,0,0,1185,detection,
1185711,7,10,1300,1300,0,0,0,0,0,0,69,0,0,0,1185,detection,
1186624,1,12,2207,2207,0,0,0,0,0,0,37,0,0,0,1186,detection,
1187290,3,20,532,532,0,0,0,0,0,0,56,0,0,0,1187,detection,
1188040,9,16,1556,1556,0,0,0,0,0,0,46,0,0,0,1188,detection,
1189765,14,8,1088,1088,0,0,0,0,0,0,49,0,0,0,1189,detection,
1192752,22,25,1300,1300,0,0,0,0,0,0,44,0,0,0,1192,detection,
1192772,8,25,1300,1300,0,0,0,0,0,0,44,0,0,0,1192,detection,
1195537,9,16,1556,1556,0,0,0,0,0,0,48,0,0,0,1195,detection,
1195554,15,18,554,554,0,0,0,0,0,0,55,0,0,0,1195,detection,
1195708,28,19,1629,1629,0,0,0,0,0,0,67,0,0,0,1195,detection,
1195834,26,27,1248,1248,0,0,0,0,0,0,44,0,0,0,1195,detection,
1195847,17,27,1248,1248,0,0,0,0,0,0,48,0,0,0,1195,detection,
1202231,1,21,1800,1800,0,0,0,0,0,0,28,0,0,0,1202,detection,
1202338,7,21,1800,1800,0,0,0,0,0,0,47,0,0,0,1202,detection,
1202359,1,26,1760,1760,0,0,0,0,0,0,34,0,0,0,1202,detection,
1202713,19,14,1812,1812,0,0,0,0,0,0,33,0,0,0,1202,detection,
1204716,7,2,1173,1173,0,0,0,0,0,0,42,0,0,0,1204,detection,
1207157,18,10,2193,2193,0,0,0,0,0,0,48,0,0,0,1207,detection,
1207186,16,10,2193,2193,0,0,0,0,0,0,40,0,0,0,1207,detection,
1207213,23,10,2193,2193,0,0,0,0,0,0,50,0,0,0,1207,detection,
1210429,1,26,1504,1504,0,0,0,0,0,0,36,0,0,0,1210,detection,
1210471,17,26,1504,1504,0,0,0,0,0,0,44,0,0,0,1210,detection,
1211140,14,8,1133,1133,0,0,0,0,0,0,50,0,0,0,1211,detection,
1211754,22,3,788,788,0,0,0,0,0,0,57,0,0,0,1211,detection,
1215032,18,31,276,532,-256,0,52,79,0,0,46,0,67,55,1215,detection,
1215475,2,13,1645,1645,0,0,0,0,0,0,45,0,0,0,1215,detection,
1215830,28,13,1645,1645,0,0,0,0,0,0,52,0,0,0,1215,detection,
1217999,22,3,788,788,0,0,0,0,0,0,56,0,0,0,1217,detection,
1221206,23,10,1301,1301,0,0,0,0,0,0,49,0,0,0,1221,detection,
1223027,18,31,276,532,-256,0,50,100,0,0,49,0,61,40,1223,detection,
1223040,5,31,276,532,-256,0,53,80,0,0,44,0,69,55,1223,detection,
1223707,28,13,1389,1389,0,0,0,0,0,0,53,0,0,0,1223,detection,
1223710,19,13,1389,1389,0,0,0,0,0,0,54,0,0,0,1223,detection,
1226958,19,14,2117,2117,0,0,0,0,0,0,44,0,0,0,1226,detection,
1226999,13,14,2117,2117,0,0,0,0,0,0,39,0,0,0,1226,detection,
1228040,24,10,2016,2016,0,0,0,0,0,0,48,0,0,0,1228,detection,
1230707,28,19,1901,1901,0,0,0,0,0,0,65,0,0,0,1230,detection,
1231270,1,21,788,788,0,0,0,0,0,0,32,0,0,0,1231,detection,
1231344,17,21,788,788,0,0,0,0,0,0,47,0,0,0,1231,detection,
1232580,21,16,1786,1786,0,0,0,0,0,0,50,0,0,0,1232,detection,
1232585,23,16,1786,1786,0,0,0,0,0,0,46,0,0,0,1232,detection,
1232602,2,16,1786,1786,0,0,0,0,0,0,41,0,0,0,1232,detection,
1232615,25,16,1786,1786,0,0,0,0,0,0,48,0,0,0,1232,detection,
1232618,12,16,1786,1786,0,0,0,0,0,0,36,0,0,0,1232,detection,
1232627,27,16,1786,1786,0,0,0,0,0,0,42,0,0,0,1232,detection,
1232636,4,16,1786,1786,0,0,0,0,0,0,41,0,0,0,1232,detection,
1234174,24,10,1300,1300,0,0,0,0,0,0,51,0,0,0,1234,detection,
1236788,9,4,788,788,0,0,0,0,0,0,56,0,0,0,1236,detection,
1237338,19,6,1705,1705,0,0,0,0,0,0,49,0,0,0,1237,detection,
1238380,13,14,2274,2274,0,0,0,0,0,0,40,0,0,0,1238,detection,
1242488,11,31,276,532,-256,0,58,89,0,0,36,0,74,55,1242,detection,
1242500,13,31,276,532,-256,0,55,84,3,0,40,0,73,55,1242,detection,
1242696,1,17,1411,1411,0,0,0,0,0,0,66,0,0,0,1242,detection,
1242701,10,17,1411,1411,0,0,0,0,0,0,82,0,0,0,1242,detection,
1243919,6,19,1901,1901,0,0,0,0,0,0,56,0,0,0,1243,detection,
1243998,11,19,1901,1901,0,0,0,0,0,0,58,0,0,0,1243,detection,
1244034,5,10,1812,1812,0,0,0,0,0,0,52,0,0,0,1244,detection,
1244038,24,10,1812,1812,0,0,0,0,0,0,53,0,0,0,1244,detection,
1244085,28,30,276,583,-307,0,57,100,6,0,54,0,60,40,1244,detection,
1247351,2,13,788,788,0,0,0,0,0,0,49,0,0,0,1247,detection,
1249832,28,19,1757,1757,0,0,0,0,0,0,64,0,0,0,1249,detection,
1249858,11,19,1757,1757,0,0,0,0,0,0,61,0,0,0,1249,detection,
1251444,1,26,1504,1504,0,0,0,0,0,0,30,0,0,0,1251,detection,
1251470,17,26,1504,1504,0,0,0,0,0,0,48,0,0,0,1251,detection,
1252464,23,10,1812,1812,0,0,0,0,0,0,56,0,0,0,1252,detection,
1254048,15,18,907,907,0,0,0,0,0,0,55,0,0,0,1254,detection,
1254289,24,20,788,788,0,0,0,0,0,0,48,0,0,0,1254,detection,
1254769,14,13,788,788,0,0,0,0,0,0,32,0,0,0,1254,detection,
1255484,11,31,276,532,-256,0,55,100,0,0,40,0,73,55,1255,detection,
1255497,13,31,276,532,-256,0,53,100,0,0,43,0,70,55,1255,detection,
1255509,4,31,276,532,-256,0,51,78,27,0,47,0,68,55,1255,detection,
1256340,1,17,1044,1044,0,0,0,0,0,0,70,0,0,0,1256,detection,
1256370,25,17,1044,1044,0,0,0,0,0,0,70,0,0,0,1256,detection,
1258236,11,19,1044,1044,0,0,0,0,0,0,61,0,0,0,1258,detection,
1259163,9,4,788,788,0,0,0,0,0,0,56,0,0,0,1259,detection,
1259165,6,4,788,788,0,0,0,0,0,0,47,0,0,0,1259,detection,
1260386,4,9,1044,1044,0,0,0,0,0,0,63,0,0,0,1260,detection,
1260389,13,9,1044,1044,0,0,0,0,0,0,36,0,0,0,1260,detection,
1260391,8,9,1044,1044,0,0,0,0,0,0,55,0,0,0,1260,detection,
1260417,3,9,1044,1044,0,0,0,0,0,0,36,0,0,0,1260,detection,
1261372,1,17,1044,1044,0,0,0,0,0,0,73,0,0,0,1261,detection,
1262970,17,25,1300,1300,0,0,0,0,0,0,93,0,0,0,1262,detection,
1263240,1,26,1688,1688,0,0,0,0,0,0,31,0,0,0,1263,detection,
1263369,25,26,1688,1688,0,0,0,0,0,0,43,0,0,0,1263,detection,
1265187,16,22,989,989,0,0,0,0,0,0,37,0,0,0,1265,detection,
1265244,25,22,989,989,0,0,0,0,0,0,46,0,0,0,1265,detection,
1265282,18,22,989,989,0,0,0,0,0,0,46,0,0,0,1265,detection,
1265286,5,22,989,989,0,0,0,0,0,0,43,0,0,0,1265,detection,
1265394,8,9,1044,1044,0,0,0,0,0,0,55,0,0,0,1265,detection,
1265402,14,9,1044,1044,0,0,0,0,0,0,59,0,0,0,1265,detection,
1267648,8,4,557,557,0,0,0,0,0,0,48,0,0,0,1267,detection,
1267661,9,4,557,557,0,0,0,0,0,0,57,0,0,0,1267,detection,
1267664,6,4,557,557,0,0,0,0,0,0,49,0,0,0,1267,detection,
1267670,3,4,557,557,0,0,0,0,0,0,44,0,0,0,1267,detection,
1268290,24,20,788,788,0,0,0,0,0,0,47,0,0,0,1268,detection,
1271287,3,4,788,788,0,0,0,0,0,0,40,0,0,0,1271,detection,
1272073,10,18,971,971,0,0,0,0,0,0,46,0,0,0,1272,detection,
1272582,19,13,1437,1437,0,0,0,0,0,0,55,0,0,0,1272,detection,
1272582,28,13,1437,1437,0,0,0,0,0,0,53,0,0,0,1272,detection,
1272587,23,13,1437,1437,0,0,0,0,0,0,56,0,0,0,1272,detection,
1272638,14,13,1437,1437,0,0,0,0,0,0,37,0,0,0,1272,detection,
1272668,3,13,1437,1437,0,0,0,0,0,0,44,0,0,0,1272,detection,
1274786,24,20,1300,1300,0,0,0,0,0,0,51,0,0,0,1274,detection,
1275018,14,2,2038,2038,0,0,0,0,0,0,60,0,0,0,1275,detection,
1276141,14,9,1044,1044,0,0,0,0,0,0,55,0,0,0,1276,detection,
1276145,8,9,1044,1044,0,0,0,0,0,0,55,0,0,0,1276,detection,
1276163,3,9,1044,1044,0,0,0,0,0,0,35,0,0,0,1276,detection,
1276405,14,30,276,731,-455,0,91,100,26,0,47,0,62,40,1276,detection,
1279198,10,17,1069,1069,0,0,0,0,0,0,90,0,0,0,1279,detection,
1279207,26,17,1069,1069,0,0,0,0,0,0,88,0,0,0,1279,detection,
1279238,25,17,1069,1069,0,0,0,0,0,0,72,0,0,0,1279,detection,
1279292,6,15,1325,1325,0,0,0,0,0,0,48,0,0,0,1279,detection,
1279921,20,19,1556,1556,0,0,0,0,0,0,47,0,0,0,1279,detection,
1279956,28,19,1556,1556,0,0,0,0,0,0,63,0,0,0,1279,detection,
1281640,14,30,276,532,-256,0,52,79,27,0,46,0,68,55,1281,detection,
1282712,7,29,276,532,-256,0,52,80,35,0,45,0,67,55,1282,detection,
1283429,15,23,791,791,0,0,0,0,0,0,30,0,0,0,1283,detection,
1285852,2,13,1437,1437,0,0,0,0,0,0,53,0,0,0,1285,detection,
1285958,19,13,1437,1437,0,0,0,0,0,0,55,0,0,0,1285,detection,
1291789,24,28,1197,1197,0,0,0,0,0,0,53,0,0,0,1291,detection,
1295392,14,30,276,276,0,0,0,70,32,8,52,0,64,40,1295,detection,
1296166,6,15,1303,1303,0,0,0,0,0,0,48,0,0,0,1296,detection,
1298265,14,2,1782,1782,0,0,0,0,0,0,62,0,0,0,1298,detection,
1300789,24,18,1044,1044,0,0,0,0,0,0,40,0,0,0,1300,detection,
1301662,24,28,1360,1360,0,0,0,0,0,0,56,0,0,0,1301,detection,
1303339,7,21,1453,1453,0,0,0,0,0,0,52,0,0,0,1303,detection,
1303764,14,30,276,276,0,0,0,70,0,8,52,0,61,40,1303,detection,
1306535,24,28,1360,1360,0,0,0,0,0,0,56,0,0,0,1306,detection,
1306906,18,22,1622,1622,0,0,0,0,0,0,55,0,0,0,1306,detection,
1309264,1,21,1694,1694,0,0,0,0,0,0,35,0,0,0,1309,detection,
1309535,24,18,1044,1044,0,0,0,0,0,0,39,0,0,0,1309,detection,
1309590,7,18,1044,1044,0,0,0,0,0,0,50,0,0,0,1309,detection,
1310212,7,10,1812,1812,0,0,0,0,0,0,77,0,0,0,1310,detection,
1310583,28,13,1509,1509,0,0,0,0,0,0,53,0,0,0,1310,detection,
1310614,7,13,1509,1509,0,0,0,0,0,0,50,0,0,0,1310,detection,
1310656,18,13,1509,1509,0,0,0,0,0,0,45,0,0,0,1310,detection,
1310665,24,13,1509,1509,0,0,0,0,0,0,49,0,0,0,1310,detection,
1311397,8,16,1606,1606,0,0,0,0,0,0,45,0,0,0,1311,detection,
1311405,18,16,1606,1606,0,0,0,0,0,0,43,0,0,0,1311,detection,
1311417,9,16,1606,1606,0,0,0,0,0,0,48,0,0,0,1311,detection,
1311622,13,9,1432,1432,0,0,0,0,0,0,38,0,0,0,1311,detection,
1311668,20,9,1432,1432,0,0,0,0,0,0,61,0,0,0,1311,detection,
1312041,6,15,1277,1277,0,0,0,0,0,0,48,0,0,0,1312,detection,
1312064,16,15,1277,1277,0,0,0,0,0,0,46,0,0,0,1312,detection,
1312458,23,4,784,784,0,0,0,0,0,0,52,0,0,0,1312,detection,
1312486,12,4,784,784,0,0,0,0,0,0,61,0,0,0,1312,detection,
1312564,16,4,784,784,0,0,0,0,0,0,45,0,0,0,1312,detection,
1313422,6,8,786,786,0,0,0,0,0,0,40,0,0,0,1313,detection,
1313515,14,30,276,923,-647,0,100,100,77,15,59,0,58,40,1313,detection,
1315939,1,21,1647,1647,0,0,0,0,0,0,34,0,0,0,1315,detection,
1315964,7,21,1647,1647,0,0,0,0,0,0,51,0,0,0,1315,detection,
1316256,4,9,1432,1432,0,0,0,0,0,0,59,0,0,0,1316,detection,
1316268,8,9,1432,1432,0,0,0,0,0,0,58,0,0,0,1316,detection,
1316677,15,11,1556,1556,0,0,0,0,0,0,63,0,0,0,1316,detection,
1317039,9,18,1069,1069,0,0,0,0,0,0,52,0,0,0,1317,detection,
1317053,15,18,1069,1069,0,0,0,0,0,0,58,0,0,0,1317,detection,
1323172,6,11,1556,1556,0,0,0,0,0,0,40,0,0,0,1323,detection,
1324267,14,30,276,327,-51,0,8,100,68,15,63,0,48,40,1324,detection,
1327420,6,3,1300,1300,0,0,0,0,0,0,59,0,0,0,1327,detection,
1327435,1,12,1581,1581,0,0,0,0,0,0,37,0,0,0,1327,detection,
1327463,19,12,1581,1581,0,0,0,0,0,0,47,0,0,0,1327,detection,
1327633,4,25,1300,1300,0,0,0,0,0,0,61,0,0,0,1327,detection,
1327646,8,25,1300,1300,0,0,0,0,0,0,47,0,0,0,1327,detection,
1328879,1,21,1647,1647,0,0,0,0,0,0,34,0,0,0,1328,detection,
1328961,7,21,1647,1647,0,0,0,0,0,0,50,0,0,0,1328,detection,
1329462,19,22,1556,1556,0,0,0,0,0,0,43,0,0,0,1329,detection,
1329519,8,9,1598,1598,0,0,0,0,0,0,60,0,0,0,1329,detection,
1332551,20,30,276,552,-276,0,60,100,32,0,40,0,73,55,1332,detection,
1333786,5,31,276,532,-256,0,51,77,0,0,48,0,64,40,1333,detection,
1333802,15,11,1274,1274,0,0,0,0,0,0,65,0,0,0,1333,detection,
1338026,18,22,1556,1556,0,0,0,0,0,0,58,0,0,0,1338,detection,
1339248,27,25,788,788,0,0,0,0,0,0,47,0,0,0,1339,detection,
1339935,16,15,1484,1484,0,0,0,0,0,0,46,0,0,0,1339,detection,
1340302,15,13,1044,1044,0,0,0,0,0,0,55,0,0,0,1340,detection,
1340334,28,13,1044,1044,0,0,0,0,0,0,52,0,0,0,1340,detection,
1340339,7,13,1044,1044,0,0,0,0,0,0,53,0,0,0,1340,detection,
1342415,1,12,1581,1581,0,0,0,0,0,0,36,0,0,0,1342,detection,
1342457,19,12,1581,1581,0,0,0,0,0,0,43,0,0,0,1342,detection,
1343747,27,25,532,532,0,0,0,0,0,0,48,0,0,0,1343,detection,
1344963,23,30,276,552,-276,0,59,91,16,0,41,0,72,55,1344,detection,
1346620,25,14,1949,1949,0,0,0,0,0,0,44,0,0,0,1346,detection,
1346670,1,7,1556,1556,0,0,0,0,0,0,21,0,0,0,1346,detection,
1348849,17,27,2213,2213,0,0,0,0,0,0,53,0,0,0,1348,detection,
1348870,25,27,2213,2213,0,0,0,0,0,0,74,0,0,0,1348,detection,
1357469,17,25,762,762,0,0,0,0,0,0,94,0,0,0,1357,detection,
1357702,21,30,276,276,0,0,0,100,34,9,47,0,65,55,1357,detection,
1359714,7,9,1581,1581,0,0,0,0,0,0,63,0,0,0,1359,detection,
1359749,13,9,1581,1581,0,0,0,0,0,0,44,0,0,0,1359,detection,
1360180,24,11,1556,1556,0,0,0,0,0,0,40,0,0,0,1360,detection,
1360240,12,13,788,788,0,0,0,0,0,0,64,0,0,0,1360,detection,
1360333,28,13,788,788,0,0,0,0,0,0,55,0,0,0,1360,detection,
1360338,7,13,788,788,0,0,0,0,0,0,55,0,0,0,1360,detection,
1360966,7,18,1298,1298,0,0,0,0,0,0,50,0,0,0,1360,detection,
1361953,21,16,1500,1500,0,0,0,0,0,0,53,0,0,0,1361,detection,
1362871,25,17,1630,1630,0,0,0,0,0,0,74,0,0,0,1362,detection,
1364361,11,31,276,276,0,0,0,0,36,0,41,0,0,0,1364,detection,
1364410,5,31,276,276,0,0,0,70,32,8,53,0,64,40,1364,detection,
1365076,10,14,2294,2294,0,0,0,0,0,0,43,0,0,0,1365,detection,
1365087,19,14,2294,2294,0,0,0,0,0,0,45,0,0,0,1365,detection,
1366121,13,9,1529,1529,0,0,0,0,0,0,40,0,0,0,1366,detection,
1367417,3,29,276,532,-256,0,51,78,34,9,47,0,68,55,1367,detection,
1367672,20,6,1000,1000,0,0,0,0,0,0,59,0,0,0,1367,detection,
1367710,19,6,1000,1000,0,0,0,0,0,0,53,0,0,0,1367,detection,
1367876,13,27,1812,1812,0,0,0,0,0,0,40,0,0,0,1367,detection,
1374027,18,22,1965,1965,0,0,0,0,0,0,61,0,0,0,1374,detection,
1374672,15,19,1512,1512,0,0,0,0,0,0,49,0,0,0,1374,detection,
1375709,28,30,276,276,0,0,0,0,36,0,59,0,0,0,1375,detection,
1375740,11,30,276,276,0,0,0,0,33,0,51,0,0,0,1375,detection,
1375743,12,30,276,276,0,0,0,0,36,0,41,0,0,0,1375,detection,
1377459,28,8,991,991,0,0,0,0,0,0,58,0,0,0,1377,detection,
1378037,5,11,788,788,0,0,0,0,0,0,55,0,0,0,1378,detection,
1378038,24,11,788,788,0,0,0,0,0,0,40,0,0,0,1378,detection,
1379520,8,27,1512,1512,0,0,0,0,0,0,61,0,0,0,1379,detection,
1380081,26,2,532,532,0,0,0,0,0,0,61,0,0,0,1380,detection,
1380287,24,31,276,276,0,0,0,0,0,0,41,0,0,0,1380,detection,
1384088,7,9,1529,1529,0,0,0,0,0,0,59,0,0,0,1384,detection,
1387830,26,2,532,532,0,0,0,0,0,0,62,0,0,0,1387,detection,
1388524,1,23,1747,1747,0,0,0,0,0,0,47,0,0,0,1388,detection,
1389235,11,31,276,321,-45,0,9,70,6,0,42,0,72,55,1389,detection,
1389287,24,31,276,321,-45,0,9,70,6,10,41,0,74,55,1389,detection,
1389703,1,27,1512,1512,0,0,0,0,0,0,45,0,0,0,1389,detection,
1389747,13,27,1512,1512,0,0,0,0,0,0,44,0,0,0,1389,detection,
1389750,22,27,1512,1512,0,0,0,0,0,0,54,0,0,0,1389,detection,
1389760,4,27,1512,1512,0,0,0,0,0,0,63,0,0,0,1389,detection,
1391541,3,29,276,2580,-2304,0,100,100,100,6,81,0,48,40,1391,detection,
1392703,26,17,1530,1530,0,0,0,0,0,0,88,0,0,0,1392,detection,
1394042,6,20,1764,1764,0,0,0,0,0,0,58,0,0,0,1394,detection,
1395702,21,25,788,788,0,0,0,0,0,0,53,0,0,0,1395,detection,
1395748,13,25,788,788,0,0,0,0,0,0,48,0,0,0,1395,detection,
1396114,12,30,276,2349,-2073,0,100,100,100,6,85,0,48,40,1396,detection,
1399420,3,13,1300,1300,0,0,0,0,0,0,44,0,0,0,1399,detection,
1399462,28,13,1300,1300,0,0,0,0,0,0,58,0,0,0,1399,detection,
1399955,26,17,1274,1274,0,0,0,0,0,0,88,0,0,0,1399,detection,
1400494,12,9,1274,1274,0,0,0,0,0,0,45,0,0,0,1400,detection,
1400711,23,22,1965,1965,0,0,0,0,0,0,61,0,0,0,1400,detection,
1400737,11,22,1965,1965,0,0,0,0,0,0,54,0,0,0,1400,detection,
1400749,13,22,1965,1965,0,0,0,0,0,0,58,0,0,0,1400,detection,
1401722,17,26,1223,1223,0,0,0,0,0,0,55,0,0,0,1401,detection,
1403575,21,25,532,532,0,0,0,0,0,0,54,0,0,0,1403,detection,
1407676,15,18,2552,2552,0,0,0,0,0,0,54,0,0,0,1407,detection,
1408167,6,3,1786,1786,0,0,0,0,0,0,54,0,0,0,1408,detection,
1410551,15,23,1230,1230,0,0,0,0,0,0,34,0,0,0,1410,detection,
1411711,23,10,1607,1607,0,0,0,0,0,0,60,0,0,0,1411,detection,
1411737,11,10,1607,1607,0,0,0,0,0,0,41,0,0,0,1411,detection,
1411771,8,10,1607,1607,0,0,0,0,0,0,54,0,0,0,1411,detection,
1411791,9,10,1607,1607,0,0,0,0,0,0,93,0,0,0,1411,detection,
1412748,27,25,762,762,0,0,0,0,0,0,47,0,0,0,1412,detection,
1412748,13,25,762,762,0,0,0,0,0,0,44,0,0,0,1412,detection,
1412752,22,25,762,762,0,0,0,0,0,0,47,0,0,0,1412,detection,
1414633,1,27,1676,1676,0,0,0,0,0,0,44,0,0,0,1414,detection,
1414641,8,27,1676,1676,0,0,0,0,0,0,60,0,0,0,1414,detection,
1414698,10,27,1676,1676,0,0,0,0,0,0,60,0,0,0,1414,detection,
1414744,25,27,1676,1676,0,0,0,0,0,0,74,0,0,0,1414,detection,
1414749,13,27,1676,1676,0,0,0,0,0,0,41,0,0,0,1414,detection,
1414989,11,18,2808,2808,0,0,0,0,0,0,51,0,0,0,1414,detection,
1417164,9,4,1512,1512,0,0,0,0,0,0,57,0,0,0,1417,detection,
1419344,17,26,1078,1078,0,0,0,0,0,0,54,0,0,0,1419,detection,
1422286,9,16,1484,1484,0,0,0,0,0,0,50,0,0,0,1422,detection,
1422346,17,16,1484,1484,0,0,0,0,0,0,43,0,0,0,1422,detection,
1422367,12,16,1484,1484,0,0,0,0,0,0,40,0,0,0,1422,detection,
1423036,5,12,788,788,0,0,0,0,0,0,51,0,0,0,1423,detection,
1424088,23,13,2188,2188,0,0,0,0,0,0,58,0,0,0,1424,detection,
1428872,25,4,1512,1512,0,0,0,0,0,0,45,0,0,0,1428,detection,
1428958,23,4,1512,1512,0,0,0,0,0,0,55,0,0,0,1428,detection,
1431635,4,31,276,293,-17,0,3,21,30,0,52,0,0,0,1431,detection,
1431657,18,31,276,293,-17,0,3,21,31,0,49,0,0,0,1431,detection,
1431683,16,31,276,293,-17,0,3,100,35,10,37,0,74,55,1431,detection,
1431750,13,31,276,293,-17,0,3,21,31,0,48,0,0,0,1431,detection,
1432076,10,18,2024,2024,0,0,0,0,0,0,49,0,0,0,1432,detection,
1433187,16,17,1274,1274,0,0,0,0,0,0,45,0,0,0,1433,detection,
1433396,8,3,2238,2238,0,0,0,0,0,0,41,0,0,0,1433,detection,
1435629,27,8,1624,1624,0,0,0,0,0,0,51,0,0,0,1435,detection,
1436082,26,9,788,788,0,0,0,0,0,0,56,0,0,0,1436,detection,
1437677,15,11,929,929,0,0,0,0,0,0,67,0,0,0,1437,detection,
1439416,6,3,2139,2139,0,0,0,0,0,0,61,0,0,0,1439,detection,
1441846,1,25,1155,1155,0,0,0,0,0,0,24,0,0,0,1441,detection,
1442421,6,8,1514,1514,0,0,0,0,0,0,54,0,0,0,1442,detection,
1442619,12,30,276,532,-256,0,37,70,100,0,85,0,48,40,1442,detection,
1442674,20,30,276,532,-256,0,53,80,2,0,44,0,69,55,1442,detection,
1442687,16,30,276,532,-256,0,48,73,0,0,53,0,60,40,1442,detection,
1442714,23,30,276,532,-256,0,53,80,2,0,44,0,69,55,1442,detection,
1443290,9,13,788,788,0,0,0,0,0,0,28,0,0,0,1443,detection,
1443935,16,17,1274,1274,0,0,0,0,0,0,44,0,0,0,1443,detection,
1443956,26,17,1274,1274,0,0,0,0,0,0,91,0,0,0,1443,detection,
1443971,17,4,532,532,0,0,0,0,0,0,50,0,0,0,1443,detection,
1444001,22,4,532,532,0,0,0,0,0,0,53,0,0,0,1444,detection,
1444001,27,4,532,532,0,0,0,0,0,0,57,0,0,0,1444,detection,
1444039,9,4,532,532,0,0,0,0,0,0,58,0,0,0,1444,detection,
1444083,23,4,532,532,0,0,0,0,0,0,61,0,0,0,1444,detection,
1446531,5,12,788,788,0,0,0,0,0,0,54,0,0,0,1446,detection,
1447496,25,17,1044,1044,0,0,0,0,0,0,72,0,0,0,1447,detection,
1447496,22,17,1044,1044,0,0,0,0,0,0,93,0,0,0,1447,detection,
1447504,27,17,1044,1044,0,0,0,0,0,0,76,0,0,0,1447,detection,
1447509,4,17,1044,1044,0,0,0,0,0,0,96,0,0,0,1447,detection,
1447577,26,17,1044,1044,0,0,0,0,0,0,91,0,0,0,1447,detection,
1447662,18,22,1044,1044,0,0,0,0,0,0,63,0,0,0,1447,detection,
1447746,13,22,1044,1044,0,0,0,0,0,0,58,0,0,0,1447,detection,
1450916,3,28,1163,1163,0,0,0,0,0,0,71,0,0,0,1450,detection,
1450920,6,28,1163,1163,0,0,0,0,0,0,51,0,0,0,1450,detection,
1451213,7,29,276,946,-670,0,100,100,54,0,49,0,59,40,1451,detection,
1454532,5,12,1556,1556,0,0,0,0,0,0,57,0,0,0,1454,detection,
1454542,6,3,1675,1675,0,0,0,0,0,0,61,0,0,0,1454,detection,
1457335,7,29,276,276,0,0,0,100,84,8,53,0,60,40,1457,detection,
1457711,28,10,1441,1441,0,0,0,0,0,0,50,0,0,0,1457,detection,
1457854,2,22,1274,1274,0,0,0,0,0,0,57,0,0,0,1457,detection,
1457955,26,8,1514,1514,0,0,0,0,0,0,56,0,0,0,1457,detection,
1457971,17,8,1514,1514,0,0,0,0,0,0,79,0,0,0,1457,detection,
1461357,28,10,788,788,0,0,0,0,0,0,49,0,0,0,1461,detection,
1462791,6,3,1675,1675,0,0,0,0,0,0,60,0,0,0,1462,detection,
1464790,3,29,276,276,0,0,0,100,100,12,89,0,48,40,1464,detection,
1466332,28,10,1044,1044,0,0,0,0,0,0,49,0,0,0,1466,detection,
1466414,24,10,1044,1044,0,0,0,0,0,0,56,0,0,0,1466,detection,
1467099,17,26,1300,1300,0,0,0,0,0,0,57,0,0,0,1467,detection,
1467253,27,16,1248,1248,0,0,0,0,0,0,51,0,0,0,1467,detection,
1467257,4,16,1248,1248,0,0,0,0,0,0,50,0,0,0,1467,detection,
1467789,24,11,788,788,0,0,0,0,0,0,43,0,0,0,1467,detection,
1467793,6,11,788,788,0,0,0,0,0,0,44,0,0,0,1467,detection,
1471290,6,3,1300,1300,0,0,0,0,0,0,60,0,0,0,1471,detection,
1472623,13,27,995,995,0,0,0,0,0,0,44,0,0,0,1472,detection,
1474181,16,17,995,995,0,0,0,0,0,0,44,0,0,0,1474,detection,
1476261,1,25,1556,1556,0,0,0,0,0,0,26,0,0,0,1476,detection,
1477166,6,3,1300,1300,0,0,0,0,0,0,59,0,0,0,1477,detection,
1478163,3,28,1300,1300,0,0,0,0,0,0,68,0,0,0,1478,detection,
1478175,24,28,1300,1300,0,0,0,0,0,0,60,0,0,0,1478,detection,
1481689,16,4,788,788,0,0,0,0,0,0,48,0,0,0,1481,detection,
1481706,23,4,788,788,0,0,0,0,0,0,60,0,0,0,1481,detection,
1483157,5,12,2728,2728,0,0,0,0,0,0,75,0,0,0,1483,detection,
1483736,11,10,788,788,0,0,0,0,0,0,44,0,0,0,1483,detection,
1483788,24,10,788,788,0,0,0,0,0,0,59,0,0,0,1483,detection,
1486325,10,30,276,532,-256,0,52,79,12,0,46,0,67,55,1486,detection,
1486915,6,11,946,946,0,0,0,0,0,0,44,0,0,0,1486,detection,
1490122,13,27,995,995,0,0,0,0,0,0,44,0,0,0,1490,detection,
1491086,23,12,2789,2789,0,0,0,0,0,0,62,0,0,0,1491,detection,
1497647,14,30,276,532,-256,0,44,100,23,15,62,0,54,40,1497,detection,
1497789,6,3,1812,1812,0,0,0,0,0,0,59,0,0,0,1497,detection,
1498329,21,4,1556,1556,0,0,0,0,0,0,43,0,0,0,1498,detection,
1498364,12,4,1556,1556,0,0,0,0,0,0,60,0,0,0,1498,detection,
1498373,27,4,1556,1556,0,0,0,0,0,0,60,0,0,0,1498,detection,
1500079,21,16,1300,1300,0,0,0,0,0,0,52,0,0,0,1500,detection,
1500481,2,13,1556,1556,0,0,0,0,0,0,57,0,0,0,1500,detection,
1501215,7,21,1853,1853,0,0,0,0,0,0,62,0,0,0,1501,detection,
1501326,10,14,788,788,0,0,0,0,0,0,46,0,0,0,1501,detection,
1501655,18,10,788,788,0,0,0,0,0,0,46,0,0,0,1501,detection,
1501660,24,10,788,788,0,0,0,0,0,0,59,0,0,0,1501,detection,
1501733,11,10,788,788,0,0,0,0,0,0,48,0,0,0,1501,detection,
1501832,26,17,1204,1204,0,0,0,0,0,0,85,0,0,0,1501,detection,
1504415,6,3,1300,1300,0,0,0,0,0,0,59,0,0,0,1504,detection,
1509909,5,12,2836,2836,0,0,0,0,0,0,84,0,0,0,1509,detection,
1509956,23,12,2836,2836,0,0,0,0,0,0,74,0,0,0,1509,detection,
1509960,28,12,2836,2836,0,0,0,0,0,0,70,0,0,0,1509,detection,
1510365,12,30,276,532,-256,0,36,70,0,0,88,0,48,40,1510,detection,
1510546,6,19,1248,1248,0,0,0,0,0,0,59,0,0,0,1510,detection,
1510787,9,10,1300,1300,0,0,0,0,0,0,91,0,0,0,1510,detection,
1510788,24,10,1300,1300,0,0,0,0,0,0,59,0,0,0,1510,detection,
1513826,10,22,2169,2169,0,0,0,0,0,0,44,0,0,0,1513,detection,
1515796,20,15,2190,2190,0,0,0,0,0,0,57,0,0,0,1515,detection,
1516488,11,19,1300,1300,0,0,0,0,0,0,60,0,0,0,1516,detection,
1517089,1,25,532,532,0,0,0,0,0,0,26,0,0,0,1517,detection,
1517785,9,10,1300,1300,0,0,0,0,0,0,88,0,0,0,1517,detection,
1517787,24,10,1300,1300,0,0,0,0,0,0,59,0,0,0,1517,detection,
1523210,23,4,2068,2068,0,0,0,0,0,0,59,0,0,0,1523,detection,
1523269,8,4,2068,2068,0,0,0,0,0,0,52,0,0,0,1523,detection,
1524634,1,25,634,634,0,0,0,0,0,0,26,0,0,0,1524,detection,
1524733,11,19,1300,1300,0,0,0,0,0,0,60,0,0,0,1524,detection,
1525347,19,6,1300,1300,0,0,0,0,0,0,56,0,0,0,1525,detection,
1526711,23,12,2836,2836,0,0,0,0,0,0,72,0,0,0,1526,detection,
1529198,21,4,2152,2152,0,0,0,0,0,0,53,0,0,0,1529,detection,
1529207,23,4,2152,2152,0,0,0,0,0,0,66,0,0,0,1529,detection,
1529240,12,4,2152,2152,0,0,0,0,0,0,67,0,0,0,1529,detection,
1529267,8,4,2152,2152,0,0,0,0,0,0,66,0,0,0,1529,detection,
1529577,21,30,276,276,0,0,0,0,0,0,52,0,0,0,1529,detection,
1529613,12,30,276,276,0,0,0,70,23,5,92,0,47,40,1529,detection,
1530834,19,6,1409,1409,0,0,0,0,0,0,56,0,0,0,1530,detection,
1531347,19,3,1735,1735,0,0,0,0,0,0,54,0,0,0,1531,detection,
1531410,24,28,1556,1556,0,0,0,0,0,0,60,0,0,0,1531,detection,
1531428,3,28,1556,1556,0,0,0,0,0,0,67,0,0,0,1531,detection,
1533062,16,31,276,358,-82,0,18,100,9,10,36,0,74,55,1533,detection,
1533100,17,21,788,788,0,0,0,0,0,0,51,0,0,0,1533,detection,
1535103,2,13,1918,1918,0,0,0,0,0,0,59,0,0,0,1535,detection,
1535409,24,28,1556,1556,0,0,0,0,0,0,60,0,0,0,1535,detection,
1535414,3,28,1556,1556,0,0,0,0,0,0,65,0,0,0,1535,detection,
1535421,6,28,1556,1556,0,0,0,0,0,0,54,0,0,0,1535,detection,
1536268,8,4,1300,1300,0,0,0,0,0,0,65,0,0,0,1536,detection,
1538402,14,9,1044,1044,0,0,0,0,0,0,60,0,0,0,1538,detection,
1538418,3,9,1044,1044,0,0,0,0,0,0,40,0,0,0,1538,detection,
1540268,14,2,1384,1384,0,0,0,0,0,0,62,0,0,0,1540,detection,
1543334,28,13,1896,1896,0,0,0,0,0,0,58,0,0,0,1543,detection,
1543351,2,13,1896,1896,0,0,0,0,0,0,59,0,0,0,1543,detection,
1544982,11,19,1044,1044,0,0,0,0,0,0,59,0,0,0,1544,detection,
1547311,16,31,276,532,-256,0,58,100,26,10,36,0,74,55,1547,detection,
1547359,11,31,276,532,-256,0,52,80,28,0,45,0,67,55,1547,detection,
1547379,22,31,276,532,-256,0,54,82,0,0,42,0,71,55,1547,detection,
1547409,18,31,276,532,-256,0,49,73,30,0,52,0,70,55,1547,detection,
1550285,24,28,1556,1556,0,0,0,0,0,0,56,0,0,0,1550,detection,
1550291,3,28,1556,1556,0,0,0,0,0,0,64,0,0,0,1550,detection,
1551495,12,29,276,532,-256,0,53,100,0,0,43,0,70,55,1551,detection,
1553873,27,26,1526,1526,0,0,0,0,0,0,65,0,0,0,1553,detection,
1556205,28,10,890,890,0,0,0,0,0,0,54,0,0,0,1556,detection,
1558456,28,19,1044,1044,0,0,0,0,0,0,62,0,0,0,1558,detection,
1562958,19,3,1556,1556,0,0,0,0,0,0,58,0,0,0,1562,detection,
1563217,7,8,1015,1015,0,0,0,0,0,0,52,0,0,0,1563,detection,
1566754,27,22,1044,1044,0,0,0,0,0,0,52,0,0,0,1566,detection,
1568751,27,4,2068,2068,0,0,0,0,0,0,63,0,0,0,1568,detection,
1571434,1,25,1433,1433,0,0,0,0,0,0,31,0,0,0,1571,detection,
1571468,17,25,1433,1433,0,0,0,0,0,0,86,0,0,0,1571,detection,
1571481,2,25,1433,1433,0,0,0,0,0,0,67,0,0,0,1571,detection,
1571642,14,2,1350,1350,0,0,0,0,0,0,61,0,0,0,1571,detection,
1572912,9,3,1556,1556,0,0,0,0,0,0,54,0,0,0,1572,detection,
1574462,23,16,2280,2280,0,0,0,0,0,0,59,0,0,0,1574,detection,
1574504,27,16,2280,2280,0,0,0,0,0,0,56,0,0,0,1574,detection,
1574508,4,16,2280,2280,0,0,0,0,0,0,55,0,0,0,1574,detection,
1574812,16,4,1964,1964,0,0,0,0,0,0,48,0,0,0,1574,detection,
1574842,23,4,1964,1964,0,0,0,0,0,0,65,0,0,0,1574,detection,
1574863,12,4,1964,1964,0,0,0,0,0,0,62,0,0,0,1574,detection,
1574871,25,14,1556,1556,0,0,0,0,0,0,48,0,0,0,1574,detection,
1574872,27,4,1964,1964,0,0,0,0,0,0,62,0,0,0,1574,detection,
1574961,19,14,1556,1556,0,0,0,0,0,0,48,0,0,0,1574,detection,
1575452,1,25,1402,1402,0,0,0,0,0,0,34,0,0,0,1575,detection,
1575577,21,25,1402,1402,0,0,0,0,0,0,58,0,0,0,1575,detection,
1576917,9,18,1232,1232,0,0,0,0,0,0,59,0,0,0,1576,detection,
1577171,6,28,1556,1556,0,0,0,0,0,0,58,0,0,0,1577,detection,
1579111,11,5,1774,1774,0,0,0,0,0,0,65,0,0,0,1579,detection,
1579336,23,12,788,788,0,0,0,0,0,0,78,0,0,0,1579,detection,
1579358,11,12,788,788,0,0,0,0,0,0,46,0,0,0,1579,detection,
1581866,25,14,1556,1556,0,0,0,0,0,0,48,0,0,0,1581,detection,
1582087,21,17,1402,1402,0,0,0,0,0,0,52,0,0,0,1582,detection,
1583532,8,10,1120,1120,0,0,0,0,0,0,57,0,0,0,1583,detection,
1583535,24,10,1120,1120,0,0,0,0,0,0,54,0,0,0,1583,detection,
1583565,16,10,1120,1120,0,0,0,0,0,0,43,0,0,0,1583,detection,
1583587,23,10,1120,1120,0,0,0,0,0,0,63,0,0,0,1583,detection,
1583590,7,10,1120,1120,0,0,0,0,0,0,80,0,0,0,1583,detection,
1584087,23,16,2408,2408,0,0,0,0,0,0,62,0,0,0,1584,detection,
1585042,6,28,1556,1556,0,0,0,0,0,0,57,0,0,0,1585,detection,
1586452,10,16,1632,1632,0,0,0,0,0,0,45,0,0,0,1586,detection,
1586456,23,16,1632,1632,0,0,0,0,0,0,65,0,0,0,1586,detection,
1588088,19,6,788,788,0,0,0,0,0,0,56,0,0,0,1588,detection,
1588212,7,29,276,532,-256,0,47,100,31,16,56,0,60,40,1588,detection,
1589046,20,15,1300,1300,0,0,0,0,0,0,61,0,0,0,1589,detection,
1589913,1,21,956,956,0,0,0,0,0,0,37,0,0,0,1589,detection,
1591662,5,22,1044,1044,0,0,0,0,0,0,47,0,0,0,1591,detection,
1591675,20,22,1044,1044,0,0,0,0,0,0,40,0,0,0,1591,detection,
1591748,27,22,1044,1044,0,0,0,0,0,0,52,0,0,0,1591,detection,
1591885,4,31,276,532,-256,0,47,71,29,0,55,0,69,55,1591,detection,
1594082,19,14,1675,1675,0,0,0,0,0,0,50,0,0,0,1594,detection,
1596894,14,30,276,899,-623,0,100,100,42,0,63,0,48,40,1596,detection,
1597373,22,27,1556,1556,0,0,0,0,0,0,58,0,0,0,1597,detection,
1597386,4,27,1556,1556,0,0,0,0,0,0,66,0,0,0,1597,detection,
1597394,8,27,1556,1556,0,0,0,0,0,0,63,0,0,0,1597,detection,
1599245,25,17,1735,1735,0,0,0,0,0,0,70,0,0,0,1599,detection,
1602712,19,3,1274,1274,0,0,0,0,0,0,58,0,0,0,1602,detection,
1602751,22,3,1274,1274,0,0,0,0,0,0,60,0,0,0,1602,detection,
1603797,20,6,1300,1300,0,0,0,0,0,0,59,0,0,0,1603,detection,
1603832,19,6,1300,1300,0,0,0,0,0,0,56,0,0,0,1603,detection,
1604320,10,16,1632,1632,0,0,0,0,0,0,45,0,0,0,1604,detection,
1607241,25,17,1479,1479,0,0,0,0,0,0,68,0,0,0,1607,detection,
1608093,17,25,1812,1812,0,0,0,0,0,0,83,0,0,0,1608,detection,
1609211,7,29,276,352,-76,0,13,100,21,15,59,0,60,40,1609,detection,
1610825,1,26,1812,1812,0,0,0,0,0,0,35,0,0,0,1610,detection,
1611084,28,12,946,946,0,0,0,0,0,0,73,0,0,0,1611,detection,
1611106,11,12,946,946,0,0,0,0,0,0,45,0,0,0,1611,detection,
1612048,20,19,1659,1659,0,0,0,0,0,0,56,0,0,0,1612,detection,
1618864,25,17,1479,1479,0,0,0,0,0,0,69,0,0,0,1618,detection,
1619337,23,13,1300,1300,0,0,0,0,0,0,63,0,0,0,1619,detection,
1619376,12,13,1300,1300,0,0,0,0,0,0,62,0,0,0,1619,detection,
1620261,1,26,1812,1812,0,0,0,0,0,0,34,0,0,0,1620,detection,
1620265,4,16,1458,1458,0,0,0,0,0,0,58,0,0,0,1620,detection,
1622162,1,23,1812,1812,0,0,0,0,0,0,46,0,0,0,1622,detection,
1626045,20,3,1432,1432,0,0,0,0,0,0,55,0,0,0,1626,detection,
1626084,19,3,1432,1432,0,0,0,0,0,0,57,0,0,0,1626,detection,
1627088,1,26,788,788,0,0,0,0,0,0,34,0,0,0,1627,detection,
1627222,17,27,1556,1556,0,0,0,0,0,0,54,0,0,0,1627,detection,
1627248,22,27,1556,1556,0,0,0,0,0,0,58,0,0,0,1627,detection,
1627667,20,19,1944,1944,0,0,0,0,0,0,56,0,0,0,1627,detection,
1629427,1,23,1812,1812,0,0,0,0,0,0,45,0,0,0,1629,detection,
1632407,1,26,532,532,0,0,0,0,0,0,36,0,0,0,1632,detection,
1635475,17,21,1300,1300,0,0,0,0,0,0,55,0,0,0,1635,detection,
1637995,25,16,1458,1458,0,0,0,0,0,0,51,0,0,0,1637,detection,
1638850,1,26,532,532,0,0,0,0,0,0,37,0,0,0,1638,detection,
1639247,25,27,1632,1632,0,0,0,0,0,0,75,0,0,0,1639,detection,
1642154,1,23,2248,2248,0,0,0,0,0,0,48,0,0,0,1642,detection,
1644615,25,27,1953,1953,0,0,0,0,0,0,77,0,0,0,1644,detection,
1647801,15,31,276,532,-256,0,56,86,0,0,39,0,73,55,1647,detection,
1647875,13,31,276,532,-256,0,51,77,31,0,48,0,67,55,1647,detection,
1647879,4,31,276,532,-256,0,46,70,0,0,58,0,61,40,1647,detection,
1648413,24,11,1812,1812,0,0,0,0,0,0,47,0,0,0,1648,detection,
1648999,27,25,1769,1769,0,0,0,0,0,0,51,0,0,0,1648,detection,
1649701,10,14,1340,1340,0,0,0,0,0,0,46,0,0,0,1649,detection,
1649731,2,14,1340,1340,0,0,0,0,0,0,49,0,0,0,1649,detection,
1650490,25,16,2324,2324,0,0,0,0,0,0,55,0,0,0,1650,detection,
1650498,27,16,2324,2324,0,0,0,0,0,0,59,0,0,0,1650,detection,
1651864,12,29,276,532,-256,0,52,100,0,0,46,0,67,55,1651,detection,
1652355,2,13,788,788,0,0,0,0,0,0,58,0,0,0,1652,detection,
1652376,1,26,762,762,0,0,0,0,0,0,37,0,0,0,1652,detection,
1652377,12,13,788,788,0,0,0,0,0,0,65,0,0,0,1652,detection,
1652403,14,13,788,788,0,0,0,0,0,0,41,0,0,0,1652,detection,
1652412,3,22,1409,1409,0,0,0,0,0,0,55,0,0,0,1652,detection,
1652494,25,22,1409,1409,0,0,0,0,0,0,52,0,0,0,1652,detection,
1652498,27,22,1409,1409,0,0,0,0,0,0,56,0,0,0,1652,detection,
1656072,21,4,532,532,0,0,0,0,0,0,59,0,0,0,1656,detection,
1657872,13,31,276,532,-256,0,49,100,0,0,52,0,60,40,1657,detection,
1659170,20,9,1504,1504,0,0,0,0,0,0,60,0,0,0,1659,detection,
1659218,7,9,1504,1504,0,0,0,0,0,0,62,0,0,0,1659,detection,
1659251,22,9,1504,1504,0,0,0,0,0,0,49,0,0,0,1659,detection,
1660642,14,13,788,788,0,0,0,0,0,0,40,0,0,0,1660,detection,
1660677,15,13,788,788,0,0,0,0,0,0,55,0,0,0,1660,detection,
1660711,23,13,788,788,0,0,0,0,0,0,65,0,0,0,1660,detection,
1660737,12,13,788,788,0,0,0,0,0,0,64,0,0,0,1660,detection,
1660997,13,14,788,788,0,0,0,0,0,0,45,0,0,0,1660,detection,
1661047,20,22,1409,1409,0,0,0,0,0,0,49,0,0,0,1661,detection,
1661102,2,14,788,788,0,0,0,0,0,0,52,0,0,0,1661,detection,
1662918,9,16,2016,2016,0,0,0,0,0,0,49,0,0,0,1662,detection,
1662949,10,4,532,532,0,0,0,0,0,0,59,0,0,0,1662,detection,
1662999,27,16,2016,2016,0,0,0,0,0,0,61,0,0,0,1662,detection,
1666517,14,8,786,786,0,0,0,0,0,0,53,0,0,0,1666,detection,
1668643,14,2,1044,1044,0,0,0,0,0,0,64,0,0,0,1668,detection,
1669246,13,31,276,1622,-1346,0,100,100,100,0,71,0,48,40,1669,detection,
1673446,10,4,532,532,0,0,0,0,0,0,55,0,0,0,1673,detection,
1673459,23,4,532,532,0,0,0,0,0,0,64,0,0,0,1673,detection,
1675961,23,13,788,788,0,0,0,0,0,0,64,0,0,0,1675,detection,
1675991,12,13,788,788,0,0,0,0,0,0,64,0,0,0,1675,detection,
1676016,14,13,788,788,0,0,0,0,0,0,40,0,0,0,1676,detection,
1676047,15,13,788,788,0,0,0,0,0,0,55,0,0,0,1676,detection,
1678111,11,19,1044,1044,0,0,0,0,0,0,55,0,0,0,1678,detection,
1678716,23,30,276,532,-256,0,53,100,0,0,44,0,68,55,1678,detection,
1678771,14,30,276,532,-256,0,44,70,42,0,62,0,64,40,1678,detection,
1679519,14,2,1044,1044,0,0,0,0,0,0,64,0,0,0,1679,detection,
1683138,14,2,788,788,0,0,0,0,0,0,64,0,0,0,1683,detection,
1684626,1,26,768,768,0,0,0,0,0,0,31,0,0,0,1684,detection,
1685089,1,25,1921,1921,0,0,0,0,0,0,37,0,0,0,1685,detection,
1686644,14,30,276,532,-256,0,46,100,0,0,57,0,60,40,1686,detection,
1686709,23,30,276,532,-256,0,51,100,0,0,48,0,64,40,1686,detection,
1686751,27,22,1556,1556,0,0,0,0,0,0,60,0,0,0,1686,detection,
1686779,18,22,1556,1556,0,0,0,0,0,0,63,0,0,0,1686,detection,
1686812,16,22,1556,1556,0,0,0,0,0,0,40,0,0,0,1686,detection,
1687908,18,16,1300,1300,0,0,0,0,0,0,47,0,0,0,1687,detection,
1687993,25,16,1300,1300,0,0,0,0,0,0,60,0,0,0,1687,detection,
1688001,27,16,1300,1300,0,0,0,0,0,0,67,0,0,0,1688,detection,
1688002,22,16,1300,1300,0,0,0,0,0,0,36,0,0,0,1688,detection,
1689155,18,3,1556,1556,0,0,0,0,0,0,57,0,0,0,1689,detection,
1689167,20,3,1556,1556,0,0,0,0,0,0,55,0,0,0,1689,detection,
1689997,22,27,1300,1300,0,0,0,0,0,0,64,0,0,0,1689,detection,
1690031,18,27,1300,1300,0,0,0,0,0,0,41,0,0,0,1690,detection,
1690977,1,26,512,512,0,0,0,0,0,0,33,0,0,0,1690,detection,
1690995,25,26,512,512,0,0,0,0,0,0,53,0,0,0,1690,detection,
1691342,7,2,1296,1296,0,0,0,0,0,0,45,0,0,0,1691,detection,
1691393,14,2,1296,1296,0,0,0,0,0,0,63,0,0,0,1691,detection,
1691699,1,25,1024,1024,0,0,0,0,0,0,40,0,0,0,1691,detection,
1691811,16,25,1024,1024,0,0,0,0,0,0,44,0,0,0,1691,detection,
1692515,14,13,788,788,0,0,0,0,0,0,40,0,0,0,1692,detection,
1692588,23,13,788,788,0,0,0,0,0,0,63,0,0,0,1692,detection,
1692605,2,13,788,788,0,0,0,0,0,0,54,0,0,0,1692,detection,
1692614,12,13,788,788,0,0,0,0,0,0,63,0,0,0,1692,detection,
1693027,18,22,1812,1812,0,0,0,0,0,0,58,0,0,0,1693,detection,
1693058,16,22,1812,1812,0,0,0,0,0,0,40,0,0,0,1693,detection,
1693581,23,12,788,788,0,0,0,0,0,0,87,0,0,0,1693,detection,
1694490,12,9,788,788,0,0,0,0,0,0,49,0,0,0,1694,detection,
1694502,13,9,788,788,0,0,0,0,0,0,44,0,0,0,1694,detection,
1694507,4,9,788,788,0,0,0,0,0,0,62,0,0,0,1694,detection,
1694516,8,9,788,788,0,0,0,0,0,0,60,0,0,0,1694,detection,
1694592,7,9,788,788,0,0,0,0,0,0,62,0,0,0,1694,detection,
1697822,21,4,969,969,0,0,0,0,0,0,57,0,0,0,1697,detection,
1697822,10,4,969,969,0,0,0,0,0,0,54,0,0,0,1697,detection,
1698049,15,11,2066,2066,0,0,0,0,0,0,76,0,0,0,1698,detection,
1698207,26,7,1300,1300,0,0,0,0,0,0,46,0,0,0,1698,detection,
1698597,17,8,1013,1013,0,0,0,0,0,0,76,0,0,0,1698,detection,
1698960,7,2,1296,1296,0,0,0,0,0,0,42,0,0,0,1698,detection,
1698960,26,2,1296,1296,0,0,0,0,0,0,61,0,0,0,1698,detection,
1699016,14,2,1296,1296,0,0,0,0,0,0,62,0,0,0,1699,detection,
1699042,9,2,1296,1296,0,0,0,0,0,0,51,0,0,0,1699,detection,
1700234,1,25,1280,1280,0,0,0,0,0,0,39,0,0,0,1700,detection,
1702026,18,22,1812,1812,0,0,0,0,0,0,61,0,0,0,1702,detection,
1702100,2,16,1300,1300,0,0,0,0,0,0,47,0,0,0,1702,detection,
1702118,25,16,1300,1300,0,0,0,0,0,0,61,0,0,0,1702,detection,
1702126,27,16,1300,1300,0,0,0,0,0,0,69,0,0,0,1702,detection,
1702152,18,16,1300,1300,0,0,0,0,0,0,48,0,0,0,1702,detection,
1703168,20,3,1812,1812,0,0,0,0,0,0,55,0,0,0,1703,detection,
1703207,23,12,788,788,0,0,0,0,0,0,92,0,0,0,1703,detection,
1706756,1,25,532,532,0,0,0,0,0,0,44,0,0,0,1706,detection,
1706873,22,27,1327,1327,0,0,0,0,0,0,65,0,0,0,1706,detection,
1706886,4,27,1327,1327,0,0,0,0,0,0,73,0,0,0,1706,detection,
1706903,18,27,1327,1327,0,0,0,0,0,0,42,0,0,0,1706,detection,
1708779,18,22,2016,2016,0,0,0,0,0,0,60,0,0,0,1708,detection,
1708997,13,9,1808,1808,0,0,0,0,0,0,48,0,0,0,1708,detection,
1710078,26,7,1024,1024,0,0,0,0,0,0,49,0,0,0,1710,detection,
1711114,25,16,762,762,0,0,0,0,0,0,64,0,0,0,1711,detection,
1711457,1,25,532,532,0,0,0,0,0,0,41,0,0,0,1711,detection,
1712489,11,10,1481,1481,0,0,0,0,0,0,47,0,0,0,1712,detection,
1713254,22,31,276,532,-256,0,52,80,0,0,45,0,67,55,1713,detection,
1713284,18,31,276,532,-256,0,47,71,0,0,55,0,61,40,1713,detection,
1713311,16,31,276,532,-256,0,56,100,0,10,39,0,73,55,1713,detection,
1716644,14,2,1296,1296,0,0,0,0,0,0,62,0,0,0,1716,detection,
1716870,22,27,788,788,0,0,0,0,0,0,68,0,0,0,1716,detection,
1716960,26,27,788,788,0,0,0,0,0,0,44,0,0,0,1716,detection,
1717235,11,10,1808,1808,0,0,0,0,0,0,52,0,0,0,1717,detection,
1717290,9,10,1808,1808,0,0,0,0,0,0,86,0,0,0,1717,detection,
1722550,15,13,1550,1550,0,0,0,0,0,0,51,0,0,0,1722,detection,
1722978,2,22,532,532,0,0,0,0,0,0,63,0,0,0,1722,detection,
1723025,18,22,532,532,0,0,0,0,0,0,62,0,0,0,1723,detection,
1725126,22,31,276,532,-256,0,51,100,0,0,48,0,64,40,1725,detection,
1725134,4,31,276,532,-256,0,46,100,0,0,58,0,60,40,1725,detection,
1726031,18,2,1044,1044,0,0,0,0,0,0,58,0,0,0,1726,detection,
1727296,6,3,1300,1300,0,0,0,0,0,0,54,0,0,0,1727,detection,
1727300,1,25,532,532,0,0,0,0,0,0,41,0,0,0,1727,detection,
1727337,23,30,276,506,-230,0,44,100,3,0,52,0,60,40,1727,detection,
1728069,10,4,532,532,0,0,0,0,0,0,59,0,0,0,1728,detection,
1728073,21,4,532,532,0,0,0,0,0,0,62,0,0,0,1728,detection,
1728082,23,4,532,532,0,0,0,0,0,0,69,0,0,0,1728,detection,
1728107,2,4,532,532,0,0,0,0,0,0,54,0,0,0,1728,detection,
1728128,22,4,532,532,0,0,0,0,0,0,55,0,0,0,1728,detection,
1728128,27,4,532,532,0,0,0,0,0,0,63,0,0,0,1728,detection,
1729299,15,13,1552,1552,0,0,0,0,0,0,56,0,0,0,1729,detection,
1729337,23,13,1552,1552,0,0,0,0,0,0,64,0,0,0,1729,detection,
1729337,19,13,1552,1552,0,0,0,0,0,0,60,0,0,0,1729,detection,
1730041,6,20,1044,1044,0,0,0,0,0,0,54,0,0,0,1730,detection,
1730616,25,16,762,762,0,0,0,0,0,0,63,0,0,0,1730,detection,
1732397,8,10,1602,1602,0,0,0,0,0,0,64,0,0,0,1732,detection,
1735041,6,3,1300,1300,0,0,0,0,0,0,54,0,0,0,1735,detection,
1735124,22,31,276,532,-256,0,51,100,0,0,48,0,64,40,1735,detection,
1735154,18,31,276,532,-256,0,45,100,0,0,59,0,60,40,1735,detection,
1736676,15,23,1044,1044,0,0,0,0,0,0,40,0,0,0,1736,detection,
1736944,10,27,788,788,0,0,0,0,0,0,64,0,0,0,1736,detection,
1736973,17,27,788,788,0,0,0,0,0,0,59,0,0,0,1736,detection,
1736998,13,27,788,788,0,0,0,0,0,0,48,0,0,0,1736,detection,
1737007,4,27,788,788,0,0,0,0,0,0,71,0,0,0,1737,detection,
1739477,2,22,551,551,0,0,0,0,0,0,63,0,0,0,1739,detection,
1739485,11,22,551,551,0,0,0,0,0,0,59,0,0,0,1739,detection,
1740742,12,30,276,605,-329,0,44,70,29,0,94,0,42,40,1740,detection,
1741043,9,13,1300,1300,0,0,0,0,0,0,32,0,0,0,1741,detection,
1743525,18,31,276,532,-256,0,46,100,0,0,58,0,60,40,1743,detection,
1747716,7,13,1300,1300,0,0,0,0,0,0,54,0,0,0,1747,detection,
1749840,7,10,1602,1602,0,0,0,0,0,0,77,0,0,0,1749,detection,
1749858,11,10,1602,1602,0,0,0,0,0,0,60,0,0,0,1749,detection,
1749912,9,10,1602,1602,0,0,0,0,0,0,76,0,0,0,1749,detection,
1750412,1,25,532,532,0,0,0,0,0,0,42,0,0,0,1750,detection,
1751865,12,16,762,762,0,0,0,0,0,0,44,0,0,0,1751,detection,
1751895,14,16,762,762,0,0,0,0,0,0,52,0,0,0,1751,detection,
1755743,13,27,807,807,0,0,0,0,0,0,52,0,0,0,1755,detection,
1755756,4,27,807,807,0,0,0,0,0,0,73,0,0,0,1755,detection,
1755819,10,27,807,807,0,0,0,0,0,0,66,0,0,0,1755,detection,
1755829,26,27,807,807,0,0,0,0,0,0,50,0,0,0,1755,detection,
1756085,19,3,1274,1274,0,0,0,0,0,0,57,0,0,0,1756,detection,
1759412,5,30,276,532,-256,0,57,88,0,0,37,0,74,55,1759,detection,
1759425,20,30,276,532,-256,0,53,80,0,0,44,0,69,55,1759,detection,
1759438,16,30,276,532,-256,0,47,70,0,0,56,0,61,40,1759,detection,
1759584,28,13,1319,1319,0,0,0,0,0,0,57,0,0,0,1759,detection,
1759588,23,13,1319,1319,0,0,0,0,0,0,62,0,0,0,1759,detection,
1759588,19,13,1319,1319,0,0,0,0,0,0,62,0,0,0,1759,detection,
1760662,24,15,1063,1063,0,0,0,0,0,0,51,0,0,0,1760,detection,
1760688,16,15,1063,1063,0,0,0,0,0,0,48,0,0,0,1760,detection,
1760713,19,15,1063,1063,0,0,0,0,0,0,53,0,0,0,1760,detection,
1761597,17,26,1044,1044,0,0,0,0,0,0,60,0,0,0,1761,detection,
1762288,6,20,788,788,0,0,0,0,0,0,57,0,0,0,1762,detection,
1762523,8,22,1044,1044,0,0,0,0,0,0,44,0,0,0,1762,detection,
1762528,18,22,1044,1044,0,0,0,0,0,0,61,0,0,0,1762,detection,
1765545,20,30,276,301,-25,0,4,75,30,0,49,0,68,55,1765,detection,
1765584,23,30,276,301,-25,0,4,100,25,0,56,0,60,40,1765,detection,
1765587,28,30,276,301,-25,0,4,35,2,0,59,0,0,0,1765,detection,
1765643,14,30,276,301,-25,0,4,100,26,0,62,0,54,40,1765,detection,
1767028,18,2,1044,1044,0,0,0,0,0,0,61,0,0,0,1767,detection,
1767335,19,12,1018,1018,0,0,0,0,0,0,48,0,0,0,1767,detection,
1767592,17,27,849,849,0,0,0,0,0,0,65,0,0,0,1767,detection,
1767631,4,27,849,849,0,0,0,0,0,0,74,0,0,0,1767,detection,
1767872,25,14,788,788,0,0,0,0,0,0,52,0,0,0,1767,detection,
1767882,4,3,1361,1361,0,0,0,0,0,0,50,0,0,0,1767,detection,
1767912,9,3,1361,1361,0,0,0,0,0,0,53,0,0,0,1767,detection,
1769173,20,6,810,810,0,0,0,0,0,0,54,0,0,0,1769,detection,
1769793,3,9,1319,1319,0,0,0,0,0,0,44,0,0,0,1769,detection,
1769878,4,9,1319,1319,0,0,0,0,0,0,64,0,0,0,1769,detection,
1770162,24,28,762,762,0,0,0,0,0,0,59,0,0,0,1770,detection,
1770171,6,28,762,762,0,0,0,0,0,0,57,0,0,0,1770,detection,
1770917,6,20,1015,1015,0,0,0,0,0,0,57,0,0,0,1770,detection,
1771015,8,22,1556,1556,0,0,0,0,0,0,49,0,0,0,1771,detection,
1772167,24,11,1873,1873,0,0,0,0,0,0,51,0,0,0,1772,detection,
1773064,16,10,1274,1274,0,0,0,0,0,0,43,0,0,0,1773,detection,
1773154,18,2,788,788,0,0,0,0,0,0,63,0,0,0,1773,detection,
1774491,12,16,532,532,0,0,0,0,0,0,45,0,0,0,1774,detection,
1774504,27,16,532,532,0,0,0,0,0,0,70,0,0,0,1774,detection,
1774521,1,23,996,996,0,0,0,0,0,0,47,0,0,0,1774,detection,
1775579,22,4,1610,1610,0,0,0,0,0,0,60,0,0,0,1775,detection,
1775800,15,19,1123,1123,0,0,0,0,0,0,51,0,0,0,1775,detection,
1775863,11,19,1123,1123,0,0,0,0,0,0,54,0,0,0,1775,detection,
1776436,3,9,1370,1370,0,0,0,0,0,0,44,0,0,0,1776,detection,
1776467,7,9,1370,1370,0,0,0,0,0,0,63,0,0,0,1776,detection,
1776493,12,9,1370,1370,0,0,0,0,0,0,53,0,0,0,1776,detection,
1776505,4,9,1370,1370,0,0,0,0,0,0,64,0,0,0,1776,detection,
1777456,26,17,788,788,0,0,0,0,0,0,86,0,0,0,1777,detection,
1777499,22,17,788,788,0,0,0,0,0,0,91,0,0,0,1777,detection,
1777504,4,17,788,788,0,0,0,0,0,0,96,0,0,0,1777,detection,
1777504,27,17,788,788,0,0,0,0,0,0,77,0,0,0,1777,detection,
1777997,13,14,1223,1223,0,0,0,0,0,0,48,0,0,0,1777,detection,
1779519,14,2,788,788,0,0,0,0,0,0,60,0,0,0,1779,detection,
1779633,4,22,1556,1556,0,0,0,0,0,0,47,0,0,0,1779,detection,
1779642,8,22,1556,1556,0,0,0,0,0,0,52,0,0,0,1779,detection,
1779658,18,22,1556,1556,0,0,0,0,0,0,60,0,0,0,1779,detection,
1780332,19,12,788,788,0,0,0,0,0,0,49,0,0,0,1780,detection,
1780361,11,12,788,788,0,0,0,0,0,0,51,0,0,0,1780,detection,
1780412,5,12,788,788,0,0,0,0,0,0,84,0,0,0,1780,detection,
1780935,16,30,276,316,-40,0,7,72,26,0,57,0,70,55,1780,detection,
1780952,10,30,276,316,-40,0,7,60,28,0,50,0,0,0,1780,detection,
1781033,5,30,276,316,-40,0,8,90,31,0,40,0,73,55,1781,detection,
1781347,19,3,1367,1367,0,0,0,0,0,0,58,0,0,0,1781,detection,
1783642,14,13,788,788,0,0,0,0,0,0,44,0,0,0,1783,detection,
1783868,12,5,788,788,0,0,0,0,0,0,44,0,0,0,1783,detection,
1784608,2,29,276,276,0,0,0,0,34,0,48,0,0,0,1784,detection,
1785361,11,22,1556,1556,0,0,0,0,0,0,59,0,0,0,1785,detection,
1785582,19,3,1044,1044,0,0,0,0,0,0,59,0,0,0,1785,detection,
1785629,4,3,1044,1044,0,0,0,0,0,0,55,0,0,0,1785,detection,
1785663,9,3,1044,1044,0,0,0,0,0,0,58,0,0,0,1785,detection,
1787832,26,2,788,788,0,0,0,0,0,0,62,0,0,0,1787,detection,
1787871,25,2,788,788,0,0,0,0,0,0,42,0,0,0,1787,detection,
1788966,7,9,1370,1370,0,0,0,0,0,0,64,0,0,0,1788,detection,
1790352,2,29,276,276,0,0,0,0,0,0,44,0,0,0,1790,detection,
1791220,17,27,928,928,0,0,0,0,0,0,67,0,0,0,1791,detection,
1791721,17,26,1044,1044,0,0,0,0,0,0,59,0,0,0,1791,detection,
1791743,25,26,1044,1044,0,0,0,0,0,0,55,0,0,0,1791,detection,
1791901,18,2,788,788,0,0,0,0,0,0,64,0,0,0,1791,detection,
1792176,15,18,1300,1300,0,0,0,0,0,0,57,0,0,0,1792,detection,
1792213,28,18,1300,1300,0,0,0,0,0,0,58,0,0,0,1792,detection,
1793785,9,3,1044,1044,0,0,0,0,0,0,60,0,0,0,1793,detection,
1794739,1,23,532,532,0,0,0,0,0,0,50,0,0,0,1794,detection,
1797040,6,20,833,833,0,0,0,0,0,0,57,0,0,0,1797,detection,
1798364,25,26,1274,1274,0,0,0,0,0,0,57,0,0,0,1798,detection,
1801489,11,5,1303,1303,0,0,0,0,0,0,65,0,0,0,1801,detection,
1801493,12,5,1303,1303,0,0,0,0,0,0,48,0,0,0,1801,detection,
1801742,25,2,788,788,0,0,0,0,0,0,43,0,0,0,1801,detection,
1801802,15,2,788,788,0,0,0,0,0,0,52,0,0,0,1801,detection,
1802914,24,28,788,788,0,0,0,0,0,0,59,0,0,0,1802,detection,
1802919,3,28,788,788,0,0,0,0,0,0,63,0,0,0,1802,detection,
1803479,2,22,1300,1300,0,0,0,0,0,0,62,0,0,0,1803,detection,
1803492,12,22,1300,1300,0,0,0,0,0,0,40,0,0,0,1803,detection,
1803497,25,22,1300,1300,0,0,0,0,0,0,56,0,0,0,1803,detection,
1803510,4,22,1300,1300,0,0,0,0,0,0,50,0,0,0,1803,detection,
1803527,18,22,1300,1300,0,0,0,0,0,0,59,0,0,0,1803,detection,
1803530,8,22,1300,1300,0,0,0,0,0,0,55,0,0,0,1803,detection,
1803540,5,22,1300,1300,0,0,0,0,0,0,46,0,0,0,1803,detection,
1803583,28,13,1300,1300,0,0,0,0,0,0,57,0,0,0,1803,detection,
1803605,2,13,1300,1300,0,0,0,0,0,0,57,0,0,0,1803,detection,
1803669,3,13,1300,1300,0,0,0,0,0,0,47,0,0,0,1803,detection,
1803706,26,21,766,766,0,0,0,0,0,0,36,0,0,0,1803,detection,
1804365,25,26,1274,1274,0,0,0,0,0,0,56,0,0,0,1804,detection,
1804626,13,3,1044,1044,0,0,0,0,0,0,63,0,0,0,1804,detection,
1804660,9,3,1044,1044,0,0,0,0,0,0,61,0,0,0,1804,detection,
1804666,18,3,1044,1044,0,0,0,0,0,0,59,0,0,0,1804,detection,
1805702,10,18,1300,1300,0,0,0,0,0,0,49,0,0,0,1805,detection,
1805706,28,18,1300,1300,0,0,0,0,0,0,58,0,0,0,1805,detection,
1805787,5,18,1300,1300,0,0,0,0,0,0,40,0,0,0,1805,detection,
1805791,24,18,1300,1300,0,0,0,0,0,0,43,0,0,0,1805,detection,
1805792,3,18,1300,1300,0,0,0,0,0,0,59,0,0,0,1805,detection,
1805792,9,18,1300,1300,0,0,0,0,0,0,59,0,0,0,1805,detection,
1805800,15,18,1300,1300,0,0,0,0,0,0,57,0,0,0,1805,detection,
1806956,28,10,788,788,0,0,0,0,0,0,57,0,0,0,1806,detection,
1808359,2,29,276,713,-437,0,89,100,59,9,46,0,63,40,1808,detection,
1810788,6,20,833,833,0,0,0,0,0,0,57,0,0,0,1810,detection,
1811169,1,23,580,580,0,0,0,0,0,0,46,0,0,0,1811,detection,
1811906,18,13,1300,1300,0,0,0,0,0,0,49,0,0,0,1811,detection,
1811918,9,13,1300,1300,0,0,0,0,0,0,36,0,0,0,1811,detection,
1814969,17,26,1300,1300,0,0,0,0,0,0,59,0,0,0,1814,detection,
1818290,6,20,532,532,0,0,0,0,0,0,59,0,0,0,1818,detection,
1818446,10,18,1300,1300,0,0,0,0,0,0,52,0,0,0,1818,detection,
1818458,28,18,1300,1300,0,0,0,0,0,0,57,0,0,0,1818,detection,
1821241,11,30,276,788,-512,0,94,100,62,0,56,0,58,40,1821,detection,
1822219,17,26,1300,1300,0,0,0,0,0,0,55,0,0,0,1822,detection,
1822330,21,16,844,844,0,0,0,0,0,0,55,0,0,0,1822,detection,
1822339,23,16,844,844,0,0,0,0,0,0,66,0,0,0,1822,detection,
1822369,25,16,844,844,0,0,0,0,0,0,62,0,0,0,1822,detection,
1822377,13,16,844,844,0,0,0,0,0,0,47,0,0,0,1822,detection,
1822377,22,16,844,844,0,0,0,0,0,0,38,0,0,0,1822,detection,
1822407,18,16,844,844,0,0,0,0,0,0,51,0,0,0,1822,detection,
1824038,5,11,788,788,0,0,0,0,0,0,54,0,0,0,1824,detection,
1826828,21,25,1010,1010,0,0,0,0,0,0,59,0,0,0,1826,detection,
1826879,22,25,1010,1010,0,0,0,0,0,0,49,0,0,0,1826,detection,
1826884,4,25,1010,1010,0,0,0,0,0,0,61,0,0,0,1826,detection,
1828119,12,5,1300,1300,0,0,0,0,0,0,53,0,0,0,1828,detection,
1829199,21,26,1300,1300,0,0,0,0,0,0,42,0,0,0,1829,detection,
1829220,17,26,1300,1300,0,0,0,0,0,0,58,0,0,0,1829,detection,
1829255,27,26,1300,1300,0,0,0,0,0,0,69,0,0,0,1829,detection,
1831365,25,22,992,992,0,0,0,0,0,0,58,0,0,0,1831,detection,
1831437,16,22,992,992,0,0,0,0,0,0,44,0,0,0,1831,detection,
1831451,10,22,992,992,0,0,0,0,0,0,44,0,0,0,1831,detection,
1831747,13,3,1044,1044,0,0,0,0,0,0,64,0,0,0,1831,detection,
1831755,22,3,1044,1044,0,0,0,0,0,0,58,0,0,0,1831,detection,
1831772,8,3,1044,1044,0,0,0,0,0,0,49,0,0,0,1831,detection,
1831833,26,9,1044,1044,0,0,0,0,0,0,57,0,0,0,1831,detection,
1831876,13,9,1044,1044,0,0,0,0,0,0,54,0,0,0,1831,detection,
1832046,20,15,788,788,0,0,0,0,0,0,61,0,0,0,1832,detection,
1833769,14,2,1283,1283,0,0,0,0,0,0,58,0,0,0,1833,detection,
1834355,1,21,721,721,0,0,0,0,0,0,33,0,0,0,1834,detection,
1834378,27,21,721,721,0,0,0,0,0,0,47,0,0,0,1834,detection,
1836323,21,26,1300,1300,0,0,0,0,0,0,41,0,0,0,1836,detection,
1836344,17,26,1300,1300,0,0,0,0,0,0,58,0,0,0,1836,detection,
1836374,27,26,1300,1300,0,0,0,0,0,0,69,0,0,0,1836,detection,
1837078,26,8,532,532,0,0,0,0,0,0,62,0,0,0,1837,detection,
1837091,7,8,532,532,0,0,0,0,0,0,54,0,0,0,1837,detection,
1837501,27,17,1440,1440,0,0,0,0,0,0,82,0,0,0,1837,detection,
1838927,15,23,626,626,0,0,0,0,0,0,44,0,0,0,1838,detection,
1840582,28,10,788,788,0,0,0,0,0,0,56,0,0,0,1840,detection,
1840590,7,10,788,788,0,0,0,0,0,0,80,0,0,0,1840,detection,
1840646,8,10,788,788,0,0,0,0,0,0,63,0,0,0,1840,detection,
1840663,24,10,788,788,0,0,0,0,0,0,58,0,0,0,1840,detection,
1841175,15,2,1138,1138,0,0,0,0,0,0,50,0,0,0,1841,detection,
1841213,7,2,1138,1138,0,0,0,0,0,0,45,0,0,0,1841,detection,
1844776,18,13,788,788,0,0,0,0,0,0,52,0,0,0,1844,detection,
1844789,9,13,788,788,0,0,0,0,0,0,40,0,0,0,1844,detection,
1849855,2,3,1138,1138,0,0,0,0,0,0,56,0,0,0,1849,detection,
1849872,22,3,1138,1138,0,0,0,0,0,0,61,0,0,0,1849,detection,
1849898,8,3,1138,1138,0,0,0,0,0,0,53,0,0,0,1849,detection,
1854324,21,26,1556,1556,0,0,0,0,0,0,41,0,0,0,1854,detection,
1854379,27,26,1556,1556,0,0,0,0,0,0,71,0,0,0,1854,detection,
1855742,12,5,1018,1018,0,0,0,0,0,0,56,0,0,0,1855,detection,
1855802,15,5,1018,1018,0,0,0,0,0,0,60,0,0,0,1855,detection,
1856328,21,9,788,788,0,0,0,0,0,0,57,0,0,0,1856,detection,
1857411,5,12,956,956,0,0,0,0,0,0,86,0,0,0,1857,detection,
1857461,19,12,956,956,0,0,0,0,0,0,49,0,0,0,1857,detection,
1857462,28,12,956,956,0,0,0,0,0,0,74,0,0,0,1857,detection,
1859858,11,31,276,532,-256,0,53,80,0,0,44,0,69,55,1859,detection,
1861002,22,4,1018,1018,0,0,0,0,0,0,61,0,0,0,1861,detection,
1861228,1,27,1294,1294,0,0,0,0,0,0,44,0,0,0,1861,detection,
1861607,2,29,276,788,-512,0,100,100,9,0,50,0,58,40,1861,detection,
1861667,3,29,276,788,-512,0,73,100,48,18,87,0,48,40,1861,detection,
1862114,11,22,992,992,0,0,0,0,0,0,58,0,0,0,1862,detection,
1862114,25,22,992,992,0,0,0,0,0,0,57,0,0,0,1862,detection,
1862148,8,22,992,992,0,0,0,0,0,0,59,0,0,0,1862,detection,
1862636,4,16,788,788,0,0,0,0,0,0,61,0,0,0,1862,detection,
1862726,2,16,788,788,0,0,0,0,0,0,47,0,0,0,1862,detection,
1862751,25,16,788,788,0,0,0,0,0,0,57,0,0,0,1862,detection,
1863473,17,7,1300,1300,0,0,0,0,0,0,37,0,0,0,1863,detection,
1864671,20,8,788,788,0,0,0,0,0,0,38,0,0,0,1864,detection,
1864707,28,10,532,532,0,0,0,0,0,0,61,0,0,0,1864,detection,
1865007,4,3,1138,1138,0,0,0,0,0,0,59,0,0,0,1865,detection,
1869114,25,16,532,532,0,0,0,0,0,0,58,0,0,0,1869,detection,
1869134,4,16,532,532,0,0,0,0,0,0,62,0,0,0,1869,detection,
1869143,8,16,532,532,0,0,0,0,0,0,50,0,0,0,1869,detection,
1872476,2,29,276,532,-256,0,49,100,32,0,52,0,60,40,1872,detection,
1874504,4,3,1044,1044,0,0,0,0,0,0,58,0,0,0,1874,detection,
1874602,2,3,1044,1044,0,0,0,0,0,0,56,0,0,0,1874,detection,
1874654,18,13,1044,1044,0,0,0,0,0,0,56,0,0,0,1874,detection,
1874714,23,13,1044,1044,0,0,0,0,0,0,57,0,0,0,1874,detection,
1875666,20,15,600,600,0,0,0,0,0,0,63,0,0,0,1875,detection,
1875689,16,15,600,600,0,0,0,0,0,0,52,0,0,0,1875,detection,
1877669,20,8,1044,1044,0,0,0,0,0,0,42,0,0,0,1877,detection,
1877784,1,25,1120,1120,0,0,0,0,0,0,46,0,0,0,1877,detection,
1877874,27,25,1120,1120,0,0,0,0,0,0,54,0,0,0,1877,detection,
1877878,22,25,1120,1120,0,0,0,0,0,0,52,0,0,0,1877,detection,
1878335,1,27,1044,1044,0,0,0,0,0,0,39,0,0,0,1878,detection,
1878369,25,27,1044,1044,0,0,0,0,0,0,75,0,0,0,1878,detection,
1878374,22,27,1044,1044,0,0,0,0,0,0,66,0,0,0,1878,detection,
1878395,8,27,1044,1044,0,0,0,0,0,0,67,0,0,0,1878,detection,
1879333,26,21,1044,1044,0,0,0,0,0,0,42,0,0,0,1879,detection,
1879339,7,21,1044,1044,0,0,0,0,0,0,69,0,0,0,1879,detection,
1880167,24,11,1708,1708,0,0,0,0,0,0,55,0,0,0,1880,detection,
1880380,22,31,276,532,-256,0,49,73,0,0,52,0,60,40,1880,detection,
1881489,25,16,788,788,0,0,0,0,0,0,64,0,0,0,1881,detection,
1881502,22,16,788,788,0,0,0,0,0,0,44,0,0,0,1881,detection,
1881502,27,16,788,788,0,0,0,0,0,0,71,0,0,0,1881,detection,
1881506,4,16,788,788,0,0,0,0,0,0,68,0,0,0,1881,detection,
1881519,8,16,788,788,0,0,0,0,0,0,55,0,0,0,1881,detection,
1881519,14,16,788,788,0,0,0,0,0,0,56,0,0,0,1881,detection,
1881536,9,16,788,788,0,0,0,0,0,0,53,0,0,0,1881,detection,
1882146,14,30,276,1617,-1341,0,100,100,100,0,74,0,48,40,1882,detection,
1882934,16,15,600,600,0,0,0,0,0,0,53,0,0,0,1882,detection,
1884367,1,25,788,788,0,0,0,0,0,0,44,0,0,0,1884,detection,
1884371,22,25,788,788,0,0,0,0,0,0,55,0,0,0,1884,detection,
1884375,27,25,788,788,0,0,0,0,0,0,58,0,0,0,1884,detection,
1884704,26,21,788,788,0,0,0,0,0,0,45,0,0,0,1884,detection,
1885597,1,27,788,788,0,0,0,0,0,0,41,0,0,0,1885,detection,
1885828,21,17,1430,1430,0,0,0,0,0,0,64,0,0,0,1885,detection,
1885832,26,17,1430,1430,0,0,0,0,0,0,80,0,0,0,1885,detection,
1888478,2,3,1112,1112,0,0,0,0,0,0,55,0,0,0,1888,detection,
1888503,4,3,1112,1112,0,0,0,0,0,0,58,0,0,0,1888,detection,
1888545,20,3,1112,1112,0,0,0,0,0,0,55,0,0,0,1888,detection,
1889170,1,27,788,788,0,0,0,0,0,0,41,0,0,0,1889,detection,
1889239,25,27,788,788,0,0,0,0,0,0,73,0,0,0,1889,detection,
1889247,22,27,788,788,0,0,0,0,0,0,61,0,0,0,1889,detection,
1889616,25,22,788,788,0,0,0,0,0,0,60,0,0,0,1889,detection,
1889939,16,30,276,1617,-1341,0,100,100,100,0,72,0,48,40,1889,detection,
1891203,26,21,788,788,0,0,0,0,0,0,45,0,0,0,1891,detection,
1891225,17,21,788,788,0,0,0,0,0,0,55,0,0,0,1891,detection,
1892865,25,16,788,788,0,0,0,0,0,0,64,0,0,0,1892,detection,
1892873,22,16,788,788,0,0,0,0,0,0,45,0,0,0,1892,detection,
1893167,20,8,1300,1300,0,0,0,0,0,0,47,0,0,0,1893,detection,
1893253,27,8,1300,1300,0,0,0,0,0,0,54,0,0,0,1893,detection,
1894459,23,13,1225,1225,0,0,0,0,0,0,58,0,0,0,1894,detection,
1894467,7,13,1225,1225,0,0,0,0,0,0,59,0,0,0,1894,detection,
1894579,26,17,1300,1300,0,0,0,0,0,0,74,0,0,0,1894,detection,
1894581,1,25,1300,1300,0,0,0,0,0,0,43,0,0,0,1894,detection,
1894846,17,26,532,532,0,0,0,0,0,0,59,0,0,0,1894,detection,
1896208,19,18,1300,1300,0,0,0,0,0,0,51,0,0,0,1896,detection,
1896580,21,9,992,992,0,0,0,0,0,0,54,0,0,0,1896,detection,
1896584,26,9,992,992,0,0,0,0,0,0,58,0,0,0,1896,detection,
1896588,7,9,992,992,0,0,0,0,0,0,63,0,0,0,1896,detection,
1897212,19,15,600,600,0,0,0,0,0,0,57,0,0,0,1897,detection,
1899866,25,16,532,532,0,0,0,0,0,0,65,0,0,0,1899,detection,
1900142,14,8,1003,1003,0,0,0,0,0,0,58,0,0,0,1900,detection,
1900168,20,8,1003,1003,0,0,0,0,0,0,51,0,0,0,1900,detection,
1901907,18,31,276,532,-256,0,46,100,0,0,57,0,60,40,1901,detection,
1901924,15,31,276,532,-256,0,53,82,0,0,43,0,70,55,1901,detection,
1901985,11,31,276,532,-256,0,51,100,0,0,48,0,64,40,1901,detection,
1901998,13,31,276,532,-256,0,42,100,100,0,69,0,48,40,1901,detection,
1903240,25,22,788,788,0,0,0,0,0,0,60,0,0,0,1903,detection,
1903257,4,22,788,788,0,0,0,0,0,0,53,0,0,0,1903,detection,
1904573,21,17,788,788,0,0,0,0,0,0,63,0,0,0,1904,detection,
1904577,26,17,788,788,0,0,0,0,0,0,77,0,0,0,1904,detection,
1905173,15,13,1044,1044,0,0,0,0,0,0,56,0,0,0,1905,detection,
1905210,28,13,1044,1044,0,0,0,0,0,0,56,0,0,0,1905,detection,
1906586,19,12,788,788,0,0,0,0,0,0,52,0,0,0,1906,detection,
1906587,23,12,788,788,0,0,0,0,0,0,89,0,0,0,1906,detection,
1907005,4,22,788,788,0,0,0,0,0,0,52,0,0,0,1907,detection,
1907209,1,25,1044,1044,0,0,0,0,0,0,44,0,0,0,1907,detection,
1907342,7,8,1003,1003,0,0,0,0,0,0,54,0,0,0,1907,detection,
1907372,27,8,1003,1003,0,0,0,0,0,0,56,0,0,0,1907,detection,
1907389,14,8,1003,1003,0,0,0,0,0,0,59,0,0,0,1907,detection,
1907419,20,8,1003,1003,0,0,0,0,0,0,47,0,0,0,1907,detection,
1909109,11,31,276,532,-256,0,51,100,0,0,48,0,64,40,1909,detection,
1909122,13,31,276,532,-256,0,42,100,0,0,68,0,48,40,1909,detection,
1909136,4,31,276,532,-256,0,46,70,0,0,57,0,61,40,1909,detection,
1909152,18,31,276,532,-256,0,46,100,0,0,57,0,60,40,1909,detection,
1909174,15,31,276,532,-256,0,56,100,0,0,38,0,74,55,1909,detection,
1909841,17,26,532,532,0,0,0,0,0,0,60,0,0,0,1909,detection,
1911377,13,3,788,788,0,0,0,0,0,0,63,0,0,0,1911,detection,
1911463,19,3,788,788,0,0,0,0,0,0,59,0,0,0,1911,detection,
1912125,22,4,788,788,0,0,0,0,0,0,65,0,0,0,1912,detection,
1912141,27,4,788,788,0,0,0,0,0,0,62,0,0,0,1912,detection,
1912142,14,4,788,788,0,0,0,0,0,0,54,0,0,0,1912,detection,
1912146,8,4,788,788,0,0,0,0,0,0,64,0,0,0,1912,detection,
1912245,25,4,788,788,0,0,0,0,0,0,49,0,0,0,1912,detection,
1912336,7,9,788,788,0,0,0,0,0,0,62,0,0,0,1912,detection,
1912929,1,7,1044,1044,0,0,0,0,0,0,28,0,0,0,1912,detection,
1913953,26,8,788,788,0,0,0,0,0,0,64,0,0,0,1913,detection,
1913961,7,8,788,788,0,0,0,0,0,0,58,0,0,0,1913,detection,
1914000,27,8,788,788,0,0,0,0,0,0,61,0,0,0,1914,detection,
1914012,14,8,788,788,0,0,0,0,0,0,58,0,0,0,1914,detection,
1916839,23,18,1274,1274,0,0,0,0,0,0,28,0,0,0,1916,detection,
1916916,3,18,1274,1274,0,0,0,0,0,0,54,0,0,0,1916,detection,
1916925,15,18,1274,1274,0,0,0,0,0,0,57,0,0,0,1916,detection,
1918434,16,30,276,532,-256,0,41,100,100,0,71,0,48,40,1918,detection,
1918938,16,4,788,788,0,0,0,0,0,0,52,0,0,0,1918,detection,
1918989,25,4,788,788,0,0,0,0,0,0,48,0,0,0,1918,detection,
1920617,25,27,532,532,0,0,0,0,0,0,71,0,0,0,1920,detection,
1920625,22,27,532,532,0,0,0,0,0,0,67,0,0,0,1920,detection,
1920630,4,27,532,532,0,0,0,0,0,0,76,0,0,0,1920,detection,
1922230,1,25,1274,1274,0,0,0,0,0,0,42,0,0,0,1922,detection,
1922260,4,25,1274,1274,0,0,0,0,0,0,61,0,0,0,1922,detection,
1922273,8,25,1274,1274,0,0,0,0,0,0,51,0,0,0,1922,detection,
1922311,16,25,1274,1274,0,0,0,0,0,0,47,0,0,0,1922,detection,
1922529,18,3,788,788,0,0,0,0,0,0,54,0,0,0,1922,detection,
1924712,7,29,276,532,-256,0,44,100,20,15,62,0,54,40,1924,detection,
1924990,25,4,768,768,0,0,0,0,0,0,52,0,0,0,1924,detection,
1925451,1,25,768,768,0,0,0,0,0,0,36,0,0,0,1925,detection,
1925503,4,25,768,768,0,0,0,0,0,0,64,0,0,0,1925,detection,
1925558,16,25,768,768,0,0,0,0,0,0,50,0,0,0,1925,detection,
1926583,19,12,1044,1044,0,0,0,0,0,0,56,0,0,0,1926,detection,
1926587,23,12,1044,1044,0,0,0,0,0,0,92,0,0,0,1926,detection,
1928291,9,18,1300,1300,0,0,0,0,0,0,58,0,0,0,1928,detection,
1928299,15,18,1300,1300,0,0,0,0,0,0,56,0,0,0,1928,detection,
1928333,19,18,1300,1300,0,0,0,0,0,0,54,0,0,0,1928,detection,
1928334,23,18,1300,1300,0,0,0,0,0,0,32,0,0,0,1928,detection,
1928508,4,16,788,788,0,0,0,0,0,0,66,0,0,0,1928,detection,
1928599,2,3,788,788,0,0,0,0,0,0,55,0,0,0,1928,detection,
1929332,26,21,1300,1300,0,0,0,0,0,0,48,0,0,0,1929,detection,
1929350,17,21,1300,1300,0,0,0,0,0,0,55,0,0,0,1929,detection,
1929542,3,18,1300,1300,0,0,0,0,0,0,58,0,0,0,1929,detection,
1930616,25,4,768,768,0,0,0,0,0,0,52,0,0,0,1930,detection,
1930832,26,9,788,788,0,0,0,0,0,0,54,0,0,0,1930,detection,
1930874,13,9,788,788,0,0,0,0,0,0,57,0,0,0,1930,detection,
1930917,20,9,788,788,0,0,0,0,0,0,56,0,0,0,1930,detection,
1931517,8,25,512,512,0,0,0,0,0,0,55,0,0,0,1931,detection,
1931560,16,25,512,512,0,0,0,0,0,0,47,0,0,0,1931,detection,
1931630,4,25,512,512,0,0,0,0,0,0,65,0,0,0,1931,detection,
1932098,17,8,971,971,0,0,0,0,0,0,69,0,0,0,1932,detection,
1932223,17,27,554,554,0,0,0,0,0,0,74,0,0,0,1932,detection,
1932240,25,27,554,554,0,0,0,0,0,0,72,0,0,0,1932,detection,
1932249,22,27,554,554,0,0,0,0,0,0,68,0,0,0,1932,detection,
1932249,13,27,554,554,0,0,0,0,0,0,57,0,0,0,1932,detection,
1932283,18,27,554,554,0,0,0,0,0,0,43,0,0,0,1932,detection,
1933214,7,29,276,532,-256,0,45,100,0,15,61,0,57,40,1933,detection,
1933491,25,4,768,768,0,0,0,0,0,0,48,0,0,0,1933,detection,
1933555,16,4,768,768,0,0,0,0,0,0,55,0,0,0,1933,detection,
1933780,18,2,1300,1300,0,0,0,0,0,0,63,0,0,0,1933,detection,
1933793,9,2,1300,1300,0,0,0,0,0,0,54,0,0,0,1933,detection,
1933802,15,2,1300,1300,0,0,0,0,0,0,51,0,0,0,1933,detection,
1933835,26,2,1300,1300,0,0,0,0,0,0,57,0,0,0,1933,detection,
1933871,13,31,276,532,-256,0,42,100,0,0,67,0,48,40,1933,detection,
1933901,18,31,276,532,-256,0,47,70,0,0,56,0,61,40,1933,detection,
1933923,15,31,276,532,-256,0,54,100,0,0,42,0,71,55,1933,detection,
1934314,6,11,1300,1300,0,0,0,0,0,0,48,0,0,0,1934,detection,
1934893,14,16,788,788,0,0,0,0,0,0,59,0,0,0,1934,detection,
1934897,8,16,788,788,0,0,0,0,0,0,58,0,0,0,1934,detection,
1937548,15,18,1069,1069,0,0,0,0,0,0,57,0,0,0,1937,detection,
1938517,14,30,276,532,-256,0,40,100,100,0,73,0,48,40,1938,detection,
1938535,5,30,276,532,-256,0,53,80,29,0,44,0,69,55,1938,detection,
1940049,15,2,1044,1044,0,0,0,0,0,0,53,0,0,0,1940,detection,
1940078,26,2,1044,1044,0,0,0,0,0,0,58,0,0,0,1940,detection,
1941425,15,31,276,532,-256,0,55,100,0,0,41,0,72,55,1941,detection,
1941497,13,31,276,532,-256,0,43,100,0,0,66,0,48,40,1941,detection,
1943668,3,13,1123,1123,0,0,0,0,0,0,53,0,0,0,1943,detection,
1944221,17,26,835,835,0,0,0,0,0,0,59,0,0,0,1944,detection,
1945837,28,8,1024,1024,0,0,0,0,0,0,61,0,0,0,1945,detection,
1946937,16,17,1066,1066,0,0,0,0,0,0,48,0,0,0,1946,detection,
1947140,14,16,762,762,0,0,0,0,0,0,59,0,0,0,1947,detection,
1950500,27,25,512,512,0,0,0,0,0,0,58,0,0,0,1950,detection,
1950808,16,4,768,768,0,0,0,0,0,0,55,0,0,0,1950,detection,
1952790,9,18,1069,1069,0,0,0,0,0,0,59,0,0,0,1952,detection,
1952795,3,18,1069,1069,0,0,0,0,0,0,59,0,0,0,1952,detection,
1952795,15,18,1069,1069,0,0,0,0,0,0,59,0,0,0,1952,detection,
1952826,10,18,1069,1069,0,0,0,0,0,0,58,0,0,0,1952,detection,
1953994,25,17,1066,1066,0,0,0,0,0,0,71,0,0,0,1953,detection,
1953999,22,17,1066,1066,0,0,0,0,0,0,89,0,0,0,1953,detection,
1954003,4,17,1066,1066,0,0,0,0,0,0,92,0,0,0,1954,detection,
1954059,16,17,1066,1066,0,0,0,0,0,0,48,0,0,0,1954,detection,
1954956,28,8,1556,1556,0,0,0,0,0,0,60,0,0,0,1954,detection,
1956033,5,30,276,532,-256,0,51,100,0,0,47,0,65,55,1956,detection,
1961502,13,3,788,788,0,0,0,0,0,0,64,0,0,0,1961,detection,
1961507,4,3,788,788,0,0,0,0,0,0,59,0,0,0,1961,detection,
1961520,8,3,788,788,0,0,0,0,0,0,56,0,0,0,1961,detection,
1961545,6,3,788,788,0,0,0,0,0,0,59,0,0,0,1961,detection,
1961831,26,21,1018,1018,0,0,0,0,0,0,53,0,0,0,1961,detection,
1962331,26,2,1044,1044,0,0,0,0,0,0,59,0,0,0,1962,detection,
1962426,15,2,1044,1044,0,0,0,0,0,0,53,0,0,0,1962,detection,
1962959,26,27,782,782,0,0,0,0,0,0,53,0,0,0,1962,detection,
1962997,13,27,782,782,0,0,0,0,0,0,57,0,0,0,1962,detection,
1964295,20,15,532,532,0,0,0,0,0,0,70,0,0,0,1964,detection,
1965670,3,28,1300,1300,0,0,0,0,0,0,62,0,0,0,1965,detection,
1965832,28,10,1274,1274,0,0,0,0,0,0,60,0,0,0,1965,detection,
1965928,1,7,1044,1044,0,0,0,0,0,0,29,0,0,0,1965,detection,
1967913,5,22,1044,1044,0,0,0,0,0,0,46,0,0,0,1967,detection,
1967916,9,22,1044,1044,0,0,0,0,0,0,36,0,0,0,1967,detection,
1967938,16,22,1044,1044,0,0,0,0,0,0,48,0,0,0,1967,detection,
1967951,10,22,1044,1044,0,0,0,0,0,0,47,0,0,0,1967,detection,
1967963,23,22,1044,1044,0,0,0,0,0,0,61,0,0,0,1967,detection,
1967963,28,22,1044,1044,0,0,0,0,0,0,53,0,0,0,1967,detection,
1967981,2,22,1044,1044,0,0,0,0,0,0,61,0,0,0,1967,detection,
1967993,12,22,1044,1044,0,0,0,0,0,0,36,0,0,0,1967,detection,
1968002,13,22,1044,1044,0,0,0,0,0,0,58,0,0,0,1968,detection,
1969165,24,18,1066,1066,0,0,0,0,0,0,42,0,0,0,1969,detection,
1969169,9,18,1066,1066,0,0,0,0,0,0,59,0,0,0,1969,detection,
1969212,23,18,1066,1066,0,0,0,0,0,0,36,0,0,0,1969,detection,
1972622,13,25,742,742,0,0,0,0,0,0,48,0,0,0,1972,detection,
1972623,22,25,742,742,0,0,0,0,0,0,59,0,0,0,1972,detection,
1972704,21,25,742,742,0,0,0,0,0,0,58,0,0,0,1972,detection,
1972708,26,25,742,742,0,0,0,0,0,0,39,0,0,0,1972,detection,
1972837,23,16,764,764,0,0,0,0,0,0,69,0,0,0,1972,detection,
1972849,17,16,764,764,0,0,0,0,0,0,49,0,0,0,1972,detection,
1975381,4,3,1411,1411,0,0,0,0,0,0,60,0,0,0,1975,detection,
1975395,8,3,1411,1411,0,0,0,0,0,0,53,0,0,0,1975,detection,
1975614,12,22,1044,1044,0,0,0,0,0,0,36,0,0,0,1975,detection,
1975618,25,22,1044,1044,0,0,0,0,0,0,59,0,0,0,1975,detection,
1975623,27,22,1044,1044,0,0,0,0,0,0,60,0,0,0,1975,detection,
1975623,13,22,1044,1044,0,0,0,0,0,0,53,0,0,0,1975,detection,
1975657,18,22,1044,1044,0,0,0,0,0,0,59,0,0,0,1975,detection,
1975657,5,22,1044,1044,0,0,0,0,0,0,45,0,0,0,1975,detection,
1975683,16,22,1044,1044,0,0,0,0,0,0,48,0,0,0,1975,detection,
1975699,10,22,1044,1044,0,0,0,0,0,0,47,0,0,0,1975,detection,
1975708,23,22,1044,1044,0,0,0,0,0,0,60,0,0,0,1975,detection,
1977168,3,28,1556,1556,0,0,0,0,0,0,57,0,0,0,1977,detection,
1977538,9,18,1501,1501,0,0,0,0,0,0,59,0,0,0,1977,detection,
1977538,24,18,1501,1501,0,0,0,0,0,0,47,0,0,0,1977,detection,
1977546,15,18,1501,1501,0,0,0,0,0,0,59,0,0,0,1977,detection,
1977956,28,10,1274,1274,0,0,0,0,0,0,59,0,0,0,1977,detection,
1978038,5,10,1274,1274,0,0,0,0,0,0,54,0,0,0,1978,detection,
1978042,24,10,1274,1274,0,0,0,0,0,0,57,0,0,0,1978,detection,
1978064,16,10,1274,1274,0,0,0,0,0,0,46,0,0,0,1978,detection,
1978896,8,4,768,768,0,0,0,0,0,0,63,0,0,0,1978,detection,
1978915,3,4,768,768,0,0,0,0,0,0,44,0,0,0,1978,detection,
1981124,13,27,1044,1044,0,0,0,0,0,0,57,0,0,0,1981,detection,
1981209,23,22,998,998,0,0,0,0,0,0,59,0,0,0,1981,detection,
1981241,25,22,998,998,0,0,0,0,0,0,57,0,0,0,1981,detection,
1981245,13,22,998,998,0,0,0,0,0,0,59,0,0,0,1981,detection,
1981279,18,22,998,998,0,0,0,0,0,0,56,0,0,0,1981,detection,
1981384,1,7,1024,1024,0,0,0,0,0,0,32,0,0,0,1981,detection,
1981768,8,3,1300,1300,0,0,0,0,0,0,60,0,0,0,1981,detection,
1981905,18,10,1274,1274,0,0,0,0,0,0,49,0,0,0,1981,detection,
1985875,27,22,998,998,0,0,0,0,0,0,63,0,0,0,1985,detection,
1985901,18,22,998,998,0,0,0,0,0,0,57,0,0,0,1985,detection,
1988928,15,23,788,788,0,0,0,0,0,0,43,0,0,0,1988,detection,
1990162,5,12,1300,1300,0,0,0,0,0,0,86,0,0,0,1990,detection,
1990803,15,5,788,788,0,0,0,0,0,0,63,0,0,0,1990,detection,
1990866,12,5,788,788,0,0,0,0,0,0,58,0,0,0,1990,detection,
1992123,22,27,1274,1274,0,0,0,0,0,0,66,0,0,0,1992,detection,
1992132,4,27,1274,1274,0,0,0,0,0,0,70,0,0,0,1992,detection,
1993246,13,31,276,532,-256,0,43,100,0,0,65,0,48,40,1993,detection,
1993912,24,15,532,532,0,0,0,0,0,0,56,0,0,0,1993,detection,
1996415,3,4,1635,1635,0,0,0,0,0,0,47,0,0,0,1996,detection,
1996436,16,4,1635,1635,0,0,0,0,0,0,55,0,0,0,1996,detection,
1996458,23,4,1635,1635,0,0,0,0,0,0,68,0,0,0,1996,detection,
1996504,22,4,1635,1635,0,0,0,0,0,0,64,0,0,0,1996,detection,
1996517,8,4,1635,1635,0,0,0,0,0,0,58,0,0,0,1996,detection,
1997514,14,30,276,974,-698,0,100,100,48,0,69,0,48,40,1997,detection,
1998756,4,3,1737,1737,0,0,0,0,0,0,56,0,0,0,1998,detection,
1998769,8,3,1737,1737,0,0,0,0,0,0,58,0,0,0,1998,detection,
1999129,27,26,1044,1044,0,0,0,0,0,0,78,0,0,0,1999,detection,
1999238,12,5,788,788,0,0,0,0,0,0,57,0,0,0,1999,detection,
1999743,25,22,1089,1089,0,0,0,0,0,0,58,0,0,0,1999,detection,
1999747,13,22,1089,1089,0,0,0,0,0,0,59,0,0,0,1999,detection,
1999751,27,22,1089,1089,0,0,0,0,0,0,64,0,0,0,1999,detection,
2001708,23,4,1635,1635,0,0,0,0,0,0,66,0,0,0,2001,detection,
2001746,25,4,1635,1635,0,0,0,0,0,0,52,0,0,0,2001,detection,
2001751,27,4,1635,1635,0,0,0,0,0,0,57,0,0,0,2001,detection,
2001798,6,4,1635,1635,0,0,0,0,0,0,52,0,0,0,2001,detection,
2002143,14,30,276,532,-256,0,42,100,48,0,68,0,48,40,2002,detection,
2003458,26,27,1300,1300,0,0,0,0,0,0,57,0,0,0,2003,detection,
2003496,25,27,1300,1300,0,0,0,0,0,0,73,0,0,0,2003,detection,
2003496,22,27,1300,1300,0,0,0,0,0,0,64,0,0,0,2003,detection,
2003505,4,27,1300,1300,0,0,0,0,0,0,71,0,0,0,2003,detection,
2003518,8,27,1300,1300,0,0,0,0,0,0,66,0,0,0,2003,detection,
2005630,4,3,1923,1923,0,0,0,0,0,0,56,0,0,0,2005,detection,
2005643,8,3,1923,1923,0,0,0,0,0,0,56,0,0,0,2005,detection,
2007171,15,18,788,788,0,0,0,0,0,0,54,0,0,0,2007,detection,
2007581,28,10,1300,1300,0,0,0,0,0,0,55,0,0,0,2007,detection,
2007590,23,10,1300,1300,0,0,0,0,0,0,62,0,0,0,2007,detection,
2007649,8,10,1300,1300,0,0,0,0,0,0,62,0,0,0,2007,detection,
2007663,5,10,1300,1300,0,0,0,0,0,0,57,0,0,0,2007,detection,
2007666,9,10,1300,1300,0,0,0,0,0,0,78,0,0,0,2007,detection,
2008831,26,27,1413,1413,0,0,0,0,0,0,57,0,0,0,2008,detection,
2008866,25,27,1413,1413,0,0,0,0,0,0,70,0,0,0,2008,detection,
2008873,22,27,1413,1413,0,0,0,0,0,0,63,0,0,0,2008,detection,
2008878,4,27,1413,1413,0,0,0,0,0,0,68,0,0,0,2008,detection,
2008895,8,27,1413,1413,0,0,0,0,0,0,65,0,0,0,2008,detection,
2008998,13,31,276,1225,-949,0,100,100,80,0,62,0,54,40,2008,detection,
2009785,5,30,276,532,-256,0,52,100,0,0,46,0,67,55,2009,detection,
2013242,12,9,992,992,0,0,0,0,0,0,58,0,0,0,2013,detection,
2013250,13,9,992,992,0,0,0,0,0,0,56,0,0,0,2013,detection,
2013546,6,20,532,532,0,0,0,0,0,0,60,0,0,0,2013,detection,
2013847,17,26,1300,1300,0,0,0,0,0,0,59,0,0,0,2013,detection,
2013868,25,26,1300,1300,0,0,0,0,0,0,54,0,0,0,2013,detection,
2013873,27,26,1300,1300,0,0,0,0,0,0,77,0,0,0,2013,detection,
2016332,21,30,276,96,180,0,33,70,22,0,56,0,63,40,2016,detection,
2020463,19,12,1274,1274,0,0,0,0,0,0,57,0,0,0,2020,detection,
2020536,5,12,1274,1274,0,0,0,0,0,0,82,0,0,0,2020,detection,
2020717,7,8,1300,1300,0,0,0,0,0,0,57,0,0,0,2020,detection,
2020752,27,8,1300,1300,0,0,0,0,0,0,61,0,0,0,2020,detection,
2020769,14,8,1300,1300,0,0,0,0,0,0,57,0,0,0,2020,detection,
2020794,6,8,1300,1300,0,0,0,0,0,0,51,0,0,0,2020,detection,
2020798,20,8,1300,1300,0,0,0,0,0,0,50,0,0,0,2020,detection,
2021332,1,21,788,788,0,0,0,0,0,0,38,0,0,0,2021,detection,
2021553,9,13,788,788,0,0,0,0,0,0,43,0,0,0,2021,detection,
2024837,23,22,1089,1089,0,0,0,0,0,0,59,0,0,0,2024,detection,
2024915,3,22,1089,1089,0,0,0,0,0,0,59,0,0,0,2024,detection,
2024923,20,22,1089,1089,0,0,0,0,0,0,53,0,0,0,2024,detection,
2025267,8,10,1300,1300,0,0,0,0,0,0,61,0,0,0,2025,detection,
2025288,24,10,1300,1300,0,0,0,0,0,0,57,0,0,0,2025,detection,
2025288,5,10,1300,1300,0,0,0,0,0,0,60,0,0,0,2025,detection,
2025667,9,4,1300,1300,0,0,0,0,0,0,54,0,0,0,2025,detection,
2025701,10,4,1300,1300,0,0,0,0,0,0,61,0,0,0,2025,detection,
2025722,17,4,1300,1300,0,0,0,0,0,0,53,0,0,0,2025,detection,
2025743,12,4,1300,1300,0,0,0,0,0,0,65,0,0,0,2025,detection,
2025788,9,13,936,936,0,0,0,0,0,0,47,0,0,0,2025,detection,
2026576,10,17,623,623,0,0,0,0,0,0,93,0,0,0,2026,detection,
2026585,26,17,623,623,0,0,0,0,0,0,77,0,0,0,2026,detection,
2026627,4,17,623,623,0,0,0,0,0,0,99,0,0,0,2026,detection,
2030094,17,26,1135,1135,0,0,0,0,0,0,58,0,0,0,2030,detection,
2030124,27,26,1135,1135,0,0,0,0,0,0,71,0,0,0,2030,detection,
2031542,9,13,946,946,0,0,0,0,0,0,44,0,0,0,2031,detection,
2031922,20,6,1044,1044,0,0,0,0,0,0,58,0,0,0,2031,detection,
2035913,3,22,1556,1556,0,0,0,0,0,0,62,0,0,0,2035,detection,
2035917,20,22,1556,1556,0,0,0,0,0,0,56,0,0,0,2035,detection,
2037128,22,3,1300,1300,0,0,0,0,0,0,60,0,0,0,2037,detection,
2037170,6,3,1300,1300,0,0,0,0,0,0,59,0,0,0,2037,detection,
2037247,25,16,997,997,0,0,0,0,0,0,64,0,0,0,2037,detection,
2037267,14,16,997,997,0,0,0,0,0,0,55,0,0,0,2037,detection,
2038901,18,10,1135,1135,0,0,0,0,0,0,51,0,0,0,2038,detection,
2038910,24,10,1135,1135,0,0,0,0,0,0,57,0,0,0,2038,detection,
2039144,14,30,276,528,-252,0,41,100,0,0,68,0,48,40,2039,detection,
2039201,21,30,276,528,-252,0,45,70,52,8,58,0,64,40,2039,detection,
2039402,1,21,603,603,0,0,0,0,0,0,39,0,0,0,2039,detection,
2040000,22,25,1509,1509,0,0,0,0,0,0,58,0,0,0,2040,detection,
2041302,15,2,1115,1115,0,0,0,0,0,0,51,0,0,0,2041,detection,
2042538,24,13,1044,1044,0,0,0,0,0,0,53,0,0,0,2042,detection,
2042539,9,13,1044,1044,0,0,0,0,0,0,47,0,0,0,2042,detection,
2043419,3,28,1556,1556,0,0,0,0,0,0,60,0,0,0,2043,detection,
2043423,6,28,1556,1556,0,0,0,0,0,0,56,0,0,0,2043,detection,
2044240,25,22,1812,1812,0,0,0,0,0,0,61,0,0,0,2044,detection,
2044606,17,8,788,788,0,0,0,0,0,0,72,0,0,0,2044,detection,
2045840,1,21,1602,1602,0,0,0,0,0,0,39,0,0,0,2045,detection,
2045877,13,3,1044,1044,0,0,0,0,0,0,65,0,0,0,2045,detection,
2045897,8,3,1044,1044,0,0,0,0,0,0,63,0,0,0,2045,detection,
2045911,9,3,1044,1044,0,0,0,0,0,0,65,0,0,0,2045,detection,
2047798,6,11,1509,1509,0,0,0,0,0,0,52,0,0,0,2047,detection,
2048365,12,30,276,532,-256,0,34,100,6,0,94,0,48,40,2048,detection,
2048703,10,30,276,532,-256,0,48,73,27,0,53,0,70,55,2048,detection,
2048729,2,13,788,788,0,0,0,0,0,0,59,0,0,0,2048,detection,
2048797,15,13,788,788,0,0,0,0,0,0,57,0,0,0,2048,detection,
2049971,17,4,1556,1556,0,0,0,0,0,0,56,0,0,0,2049,detection,
2050729,2,14,532,532,0,0,0,0,0,0,57,0,0,0,2050,detection,
2050747,13,14,532,532,0,0,0,0,0,0,47,0,0,0,2050,detection,
2050789,5,14,532,532,0,0,0,0,0,0,48,0,0,0,2050,detection,
2050824,10,14,532,532,0,0,0,0,0,0,48,0,0,0,2050,detection,
2053792,20,6,1448,1448,0,0,0,0,0,0,58,0,0,0,2053,detection,
2054410,1,21,1785,1785,0,0,0,0,0,0,44,0,0,0,2054,detection,
2056402,14,8,788,788,0,0,0,0,0,0,53,0,0,0,2056,detection,
2056455,26,8,788,788,0,0,0,0,0,0,64,0,0,0,2056,detection,
2057821,1,12,762,762,0,0,0,0,0,0,39,0,0,0,2057,detection,
2058271,8,10,1044,1044,0,0,0,0,0,0,60,0,0,0,2058,detection,
2058280,18,10,1044,1044,0,0,0,0,0,0,54,0,0,0,2058,detection,
2058290,5,10,1044,1044,0,0,0,0,0,0,59,0,0,0,2058,detection,
2058293,9,10,1044,1044,0,0,0,0,0,0,77,0,0,0,2058,detection,
2058337,23,10,1044,1044,0,0,0,0,0,0,61,0,0,0,2058,detection,
2058344,28,10,1044,1044,0,0,0,0,0,0,58,0,0,0,2058,detection,
2058542,3,29,276,532,-256,0,36,100,23,18,89,0,48,40,2058,detection,
2059016,22,31,276,910,-634,0,100,100,45,0,58,0,58,40,2059,detection,
2062071,10,27,1018,1018,0,0,0,0,0,0,66,0,0,0,2062,detection,
2062083,26,27,1018,1018,0,0,0,0,0,0,56,0,0,0,2062,detection,
2062125,13,27,1018,1018,0,0,0,0,0,0,52,0,0,0,2062,detection,
2062130,4,27,1018,1018,0,0,0,0,0,0,67,0,0,0,2062,detection,
2062799,15,13,788,788,0,0,0,0,0,0,57,0,0,0,2062,detection,
2062867,12,13,788,788,0,0,0,0,0,0,62,0,0,0,2062,detection,
2066995,13,14,554,554,0,0,0,0,0,0,49,0,0,0,2066,detection,
2067751,1,21,1802,1802,0,0,0,0,0,0,45,0,0,0,2067,detection,
2070332,26,2,1044,1044,0,0,0,0,0,0,61,0,0,0,2070,detection,
2075264,14,4,1066,1066,0,0,0,0,0,0,58,0,0,0,2075,detection,
2075419,6,20,1458,1458,0,0,0,0,0,0,59,0,0,0,2075,detection,
2075634,4,17,864,864,0,0,0,0,0,0,100,0,0,0,2075,detection,
2076043,3,4,1270,1270,0,0,0,0,0,0,52,0,0,0,2076,detection,
2076061,1,26,1109,1109,0,0,0,0,0,0,37,0,0,0,2076,detection,
2076074,21,26,1109,1109,0,0,0,0,0,0,44,0,0,0,2076,detection,
2076094,17,4,1270,1270,0,0,0,0,0,0,57,0,0,0,2076,detection,
2076450,10,30,276,532,-256,0,46,70,0,0,57,0,61,40,2076,detection,
2076464,23,30,276,532,-256,0,47,70,28,0,56,0,69,55,2076,detection,
2076488,12,30,276,532,-256,0,36,100,0,0,89,0,48,40,2076,detection,
2076489,11,30,276,532,-256,0,45,100,30,0,59,0,60,40,2076,detection,
2076514,14,30,276,532,-256,0,42,100,0,0,67,0,48,40,2076,detection,
2077038,3,22,788,788,0,0,0,0,0,0,62,0,0,0,2077,detection,
2077043,20,22,788,788,0,0,0,0,0,0,58,0,0,0,2077,detection,
2078086,7,29,276,1117,-841,0,100,100,66,15,65,0,48,40,2078,detection,
2079651,18,10,788,788,0,0,0,0,0,0,57,0,0,0,2079,detection,
2080143,14,2,788,788,0,0,0,0,0,0,62,0,0,0,2080,detection,
2080221,1,21,1621,1621,0,0,0,0,0,0,45,0,0,0,2080,detection,
2080492,12,4,532,532,0,0,0,0,0,0,67,0,0,0,2080,detection,
2080564,16,25,788,788,0,0,0,0,0,0,50,0,0,0,2080,detection,
2081034,18,13,1274,1274,0,0,0,0,0,0,56,0,0,0,2081,detection,
2081042,9,13,1274,1274,0,0,0,0,0,0,51,0,0,0,2081,detection,
2081046,15,13,1274,1274,0,0,0,0,0,0,56,0,0,0,2081,detection,
2083643,8,27,1044,1044,0,0,0,0,0,0,64,0,0,0,2083,detection,
2083877,27,8,788,788,0,0,0,0,0,0,60,0,0,0,2083,detection,
2084413,5,14,788,788,0,0,0,0,0,0,48,0,0,0,2084,detection,
2084709,1,23,739,739,0,0,0,0,0,0,46,0,0,0,2084,detection,
2085360,1,21,1654,1654,0,0,0,0,0,0,44,0,0,0,2085,detection,
2085459,26,21,1654,1654,0,0,0,0,0,0,63,0,0,0,2085,detection,
2086837,19,3,762,762,0,0,0,0,0,0,54,0,0,0,2086,detection,
2086857,2,3,762,762,0,0,0,0,0,0,51,0,0,0,2086,detection,
2086871,22,3,762,762,0,0,0,0,0,0,59,0,0,0,2086,detection,
2086879,4,3,762,762,0,0,0,0,0,0,59,0,0,0,2086,detection,
2086903,18,3,762,762,0,0,0,0,0,0,58,0,0,0,2086,detection,
2087040,9,10,532,532,0,0,0,0,0,0,79,0,0,0,2087,detection,
2087673,15,13,1018,1018,0,0,0,0,0,0,58,0,0,0,2087,detection,
2088165,3,4,1044,1044,0,0,0,0,0,0,56,0,0,0,2088,detection,
2088224,17,4,1044,1044,0,0,0,0,0,0,56,0,0,0,2088,detection,
2088229,2,4,1044,1044,0,0,0,0,0,0,57,0,0,0,2088,detection,
2088237,12,4,1044,1044,0,0,0,0,0,0,66,0,0,0,2088,detection,
2088263,14,4,1044,1044,0,0,0,0,0,0,57,0,0,0,2088,detection,
2089167,3,20,1044,1044,0,0,0,0,0,0,56,0,0,0,2089,detection,
2091265,14,30,276,510,-234,0,40,100,2,0,62,0,54,40,2091,detection,
2091284,5,30,276,510,-234,0,45,100,2,0,50,0,60,40,2091,detection,
2092589,1,21,1463,1463,0,0,0,0,0,0,38,0,0,0,2092,detection,
2093267,8,27,1248,1248,0,0,0,0,0,0,64,0,0,0,2093,detection,
2094112,12,4,583,583,0,0,0,0,0,0,67,0,0,0,2094,detection,
2094137,14,4,583,583,0,0,0,0,0,0,58,0,0,0,2094,detection,
2094167,3,4,583,583,0,0,0,0,0,0,57,0,0,0,2094,detection,
2094198,10,4,583,583,0,0,0,0,0,0,64,0,0,0,2094,detection,
2094219,17,4,583,583,0,0,0,0,0,0,58,0,0,0,2094,detection,
2094228,2,4,583,583,0,0,0,0,0,0,63,0,0,0,2094,detection,
2094323,21,25,1812,1812,0,0,0,0,0,0,58,0,0,0,2094,detection,
2094910,5,14,788,788,0,0,0,0,0,0,51,0,0,0,2094,detection,
2096334,19,3,762,762,0,0,0,0,0,0,58,0,0,0,2096,detection,
2096350,2,3,762,762,0,0,0,0,0,0,55,0,0,0,2096,detection,
2096376,22,3,762,762,0,0,0,0,0,0,59,0,0,0,2096,detection,
2097289,5,11,1274,1274,0,0,0,0,0,0,57,0,0,0,2097,detection,
2099363,11,5,839,839,0,0,0,0,0,0,67,0,0,0,2099,detection,
2099366,12,5,839,839,0,0,0,0,0,0,62,0,0,0,2099,detection,
2100829,26,21,788,788,0,0,0,0,0,0,62,0,0,0,2100,detection,
2101332,26,25,532,532,0,0,0,0,0,0,44,0,0,0,2101,detection,
2101549,15,13,1018,1018,0,0,0,0,0,0,59,0,0,0,2101,detection,
2101710,19,12,790,790,0,0,0,0,0,0,57,0,0,0,2101,detection,
2101823,16,15,1323,1323,0,0,0,0,0,0,59,0,0,0,2101,detection,
2102393,8,27,1250,1250,0,0,0,0,0,0,60,0,0,0,2102,detection,
2102407,5,14,1081,1081,0,0,0,0,0,0,55,0,0,0,2102,detection,
2102462,19,14,1081,1081,0,0,0,0,0,0,55,0,0,0,2102,detection,
2102891,14,30,276,532,-256,0,43,100,2,0,65,0,48,40,2102,detection,
2103283,5,11,1274,1274,0,0,0,0,0,0,56,0,0,0,2103,detection,
2104796,15,13,1274,1274,0,0,0,0,0,0,54,0,0,0,2104,detection,
2105701,10,4,1302,1302,0,0,0,0,0,0,63,0,0,0,2105,detection,
2106114,11,31,276,1362,-1086,0,100,100,96,0,62,0,54,40,2106,detection,
2106135,4,31,276,1362,-1086,0,100,100,92,0,67,0,48,40,2106,detection,
2106166,5,31,276,1362,-1086,0,100,100,100,0,68,0,48,40,2106,detection,
2109375,13,25,580,580,0,0,0,0,0,0,52,0,0,0,2109,detection,
2109409,5,11,788,788,0,0,0,0,0,0,59,0,0,0,2109,detection,
2109414,24,11,788,788,0,0,0,0,0,0,55,0,0,0,2109,detection,
2109455,26,25,580,580,0,0,0,0,0,0,44,0,0,0,2109,detection,
2109911,1,23,788,788,0,0,0,0,0,0,49,0,0,0,2109,detection,
2109924,15,23,788,788,0,0,0,0,0,0,46,0,0,0,2109,detection,
2112112,12,30,276,736,-460,0,67,100,19,0,83,0,48,40,2112,detection,
2112138,14,30,276,736,-460,0,78,100,23,0,64,0,48,40,2112,detection,
2112490,25,16,1259,1259,0,0,0,0,0,0,67,0,0,0,2112,detection,
2112536,5,14,557,557,0,0,0,0,0,0,59,0,0,0,2112,detection,
2112768,8,27,1250,1250,0,0,0,0,0,0,59,0,0,0,2112,detection,
2112786,5,22,532,532,0,0,0,0,0,0,51,0,0,0,2112,detection,
2112797,20,22,532,532,0,0,0,0,0,0,60,0,0,0,2112,detection,
2113702,10,17,1095,1095,0,0,0,0,0,0,89,0,0,0,2113,detection,
2115469,17,7,1276,1276,0,0,0,0,0,0,41,0,0,0,2115,detection,
2115659,24,11,788,788,0,0,0,0,0,0,55,0,0,0,2115,detection,
2115662,5,11,788,788,0,0,0,0,0,0,59,0,0,0,2115,detection,
2116026,18,3,1119,1119,0,0,0,0,0,0,59,0,0,0,2116,detection,
2117677,1,23,788,788,0,0,0,0,0,0,47,0,0,0,2117,detection,
2117797,15,23,788,788,0,0,0,0,0,0,42,0,0,0,2117,detection,
2117836,23,16,1044,1044,0,0,0,0,0,0,71,0,0,0,2117,detection,
2117878,27,16,1044,1044,0,0,0,0,0,0,72,0,0,0,2117,detection,
2118527,18,3,1069,1069,0,0,0,0,0,0,60,0,0,0,2118,detection,
2118536,9,3,1069,1069,0,0,0,0,0,0,68,0,0,0,2118,detection,
2118583,19,3,1069,1069,0,0,0,0,0,0,59,0,0,0,2118,detection,
2118600,2,3,1069,1069,0,0,0,0,0,0,56,0,0,0,2118,detection,
2118603,17,4,788,788,0,0,0,0,0,0,57,0,0,0,2118,detection,
2120776,18,13,1348,1348,0,0,0,0,0,0,57,0,0,0,2120,detection,
2120793,9,13,1348,1348,0,0,0,0,0,0,56,0,0,0,2120,detection,
2120797,15,13,1348,1348,0,0,0,0,0,0,59,0,0,0,2120,detection,
2120832,23,13,1348,1348,0,0,0,0,0,0,62,0,0,0,2120,detection,
2120902,18,13,1348,1348,0,0,0,0,0,0,53,0,0,0,2120,detection,
2121659,1,23,1556,1556,0,0,0,0,0,0,46,0,0,0,2121,detection,
2121676,15,23,1556,1556,0,0,0,0,0,0,45,0,0,0,2121,detection,
2122412,1,25,805,805,0,0,0,0,0,0,39,0,0,0,2122,detection,
2122454,26,25,805,805,0,0,0,0,0,0,40,0,0,0,2122,detection,
2122926,1,26,1109,1109,0,0,0,0,0,0,37,0,0,0,2122,detection,
2123411,24,11,1532,1532,0,0,0,0,0,0,56,0,0,0,2123,detection,
2124654,18,13,1044,1044,0,0,0,0,0,0,59,0,0,0,2124,detection,
2124662,9,13,1044,1044,0,0,0,0,0,0,57,0,0,0,2124,detection,
2124675,15,13,1044,1044,0,0,0,0,0,0,60,0,0,0,2124,detection,
2126015,14,30,276,532,-256,0,44,100,23,0,63,0,48,40,2126,detection,
2127403,18,3,1069,1069,0,0,0,0,0,0,61,0,0,0,2127,detection,
2131795,6,4,788,788,0,0,0,0,0,0,56,0,0,0,2131,detection,
2131842,17,4,788,788,0,0,0,0,0,0,57,0,0,0,2131,detection,
2131957,23,13,1044,1044,0,0,0,0,0,0,64,0,0,0,2131,detection,
2132026,18,13,1044,1044,0,0,0,0,0,0,60,0,0,0,2132,detection,
2132047,15,13,1044,1044,0,0,0,0,0,0,61,0,0,0,2132,detection,
2133039,24,28,788,788,0,0,0,0,0,0,59,0,0,0,2133,detection,
2135836,28,30,276,580,-304,0,54,83,33,0,59,0,60,40,2135,detection,
2135886,4,17,1788,1788,0,0,0,0,0,0,100,0,0,0,2135,detection,
2136436,16,15,1300,1300,0,0,0,0,0,0,62,0,0,0,2136,detection,
2136463,19,15,1300,1300,0,0,0,0,0,0,61,0,0,0,2136,detection,
2136547,1,27,1635,1635,0,0,0,0,0,0,40,0,0,0,2136,detection,
2136620,25,27,1635,1635,0,0,0,0,0,0,68,0,0,0,2136,detection,
2136641,8,27,1635,1635,0,0,0,0,0,0,58,0,0,0,2136,detection,
2137653,18,3,1069,1069,0,0,0,0,0,0,62,0,0,0,2137,detection,
2138456,26,25,1502,1502,0,0,0,0,0,0,52,0,0,0,2138,detection,
2139249,27,16,1044,1044,0,0,0,0,0,0,68,0,0,0,2139,detection,
2139426,15,19,1302,1302,0,0,0,0,0,0,53,0,0,0,2139,detection,
2139459,28,19,1302,1302,0,0,0,0,0,0,57,0,0,0,2139,detection,
2139709,28,22,788,788,0,0,0,0,0,0,56,0,0,0,2139,detection,
2139731,2,22,788,788,0,0,0,0,0,0,60,0,0,0,2139,detection,
2140037,24,11,1557,1557,0,0,0,0,0,0,54,0,0,0,2140,detection,
2145063,16,30,276,580,-304,0,51,78,5,0,65,0,48,40,2145,detection,
2145389,14,22,788,788,0,0,0,0,0,0,48,0,0,0,2145,detection,
2145779,1,25,1635,1635,0,0,0,0,0,0,49,0,0,0,2145,detection,
2145874,27,25,1635,1635,0,0,0,0,0,0,72,0,0,0,2145,detection,
2148373,27,16,788,788,0,0,0,0,0,0,69,0,0,0,2148,detection,
2148446,10,16,788,788,0,0,0,0,0,0,48,0,0,0,2148,detection,
2149077,10,18,1556,1556,0,0,0,0,0,0,57,0,0,0,2149,detection,
2150438,16,10,1474,1474,0,0,0,0,0,0,57,0,0,0,2150,detection,
2150531,18,10,1474,1474,0,0,0,0,0,0,61,0,0,0,2150,detection,
2150706,23,13,1044,1044,0,0,0,0,0,0,64,0,0,0,2150,detection,
2150710,19,13,1044,1044,0,0,0,0,0,0,63,0,0,0,2150,detection,
2151083,1,27,1300,1300,0,0,0,0,0,0,39,0,0,0,2151,detection,
2151154,18,27,1300,1300,0,0,0,0,0,0,46,0,0,0,2151,detection,
2151224,17,21,1992,1992,0,0,0,0,0,0,56,0,0,0,2151,detection,
2151732,2,14,788,788,0,0,0,0,0,0,61,0,0,0,2151,detection,
2152627,22,31,276,276,0,0,0,100,75,7,59,0,60,40,2152,detection,
2152665,24,31,276,276,0,0,0,0,6,0,44,0,0,0,2152,detection,
2153208,28,19,1302,1302,0,0,0,0,0,0,56,0,0,0,2153,detection,
2154649,8,16,557,557,0,0,0,0,0,0,58,0,0,0,2154,detection,
2154696,10,16,557,557,0,0,0,0,0,0,49,0,0,0,2154,detection,
2154747,27,16,557,557,0,0,0,0,0,0,69,0,0,0,2154,detection,
2155418,3,18,1556,1556,0,0,0,0,0,0,58,0,0,0,2155,detection,
2156003,27,8,788,788,0,0,0,0,0,0,56,0,0,0,2156,detection,
2157296,6,28,1300,1300,0,0,0,0,0,0,56,0,0,0,2157,detection,
2157366,1,27,1069,1069,0,0,0,0,0,0,39,0,0,0,2157,detection,
2157391,8,27,1069,1069,0,0,0,0,0,0,61,0,0,0,2157,detection,
2157400,18,27,1069,1069,0,0,0,0,0,0,45,0,0,0,2157,detection,
2157460,26,27,1069,1069,0,0,0,0,0,0,56,0,0,0,2157,detection,
2157911,24,11,1300,1300,0,0,0,0,0,0,57,0,0,0,2157,detection,
2157914,5,11,1300,1300,0,0,0,0,0,0,62,0,0,0,2157,detection,
2157923,6,11,1300,1300,0,0,0,0,0,0,55,0,0,0,2157,detection,
2157927,15,11,1300,1300,0,0,0,0,0,0,75,0,0,0,2157,detection,
2158725,17,21,1510,1510,0,0,0,0,0,0,56,0,0,0,2158,detection,
2158914,3,18,1300,1300,0,0,0,0,0,0,57,0,0,0,2158,detection,
2158945,10,18,1300,1300,0,0,0,0,0,0,57,0,0,0,2158,detection,
2158957,19,18,1300,1300,0,0,0,0,0,0,58,0,0,0,2158,detection,
2159252,22,31,276,532,-256,0,45,100,30,15,59,0,60,40,2159,detection,
2159435,16,10,1300,1300,0,0,0,0,0,0,60,0,0,0,2159,detection,
2159527,8,10,1300,1300,0,0,0,0,0,0,56,0,0,0,2159,detection,
2160163,5,14,788,788,0,100,0,0,0,0,66,0,49,40,2160,detection,
2161222,1,25,1635,1635,0,0,0,0,0,0,50,0,0,0,2161,detection,
2161248,27,25,1635,1635,0,0,0,0,0,0,73,0,0,0,2161,detection,
2161273,8,25,1635,1635,0,0,0,0,0,0,72,0,0,0,2161,detection,
2161329,26,25,1635,1635,0,0,0,0,0,0,55,0,0,0,2161,detection,
2162262,4,9,992,992,0,0,0,0,0,0,63,0,0,0,2162,detection,
2162269,14,9,992,992,0,0,0,0,0,0,60,0,0,0,2162,detection,
2162328,21,17,788,788,0,0,0,0,0,0,64,0,0,0,2162,detection,
2162383,4,17,788,788,0,0,0,0,0,0,100,0,0,0,2162,detection,
2163007,4,17,788,788,0,0,0,0,0,0,100,0,0,0,2163,detection,
2163082,21,17,788,788,0,0,0,0,0,0,66,0,0,0,2163,detection,
2164648,8,3,1685,1685,0,0,0,0,0,0,65,0,0,0,2164,detection,
2164671,18,3,1685,1685,0,0,0,0,0,0,63,0,0,0,2164,detection,
2164712,19,3,1685,1685,0,0,0,0,0,0,61,0,0,0,2164,detection,
2164936,16,10,1044,1044,0,0,0,0,0,0,61,0,0,0,2164,detection,
2165017,8,10,1044,1044,0,0,0,0,0,0,57,0,0,0,2165,detection,
2167319,10,18,1581,1581,0,0,0,0,0,0,56,0,0,0,2167,detection,
2167331,19,18,1581,1581,0,0,0,0,0,0,57,0,0,0,2167,detection,
2167867,12,29,276,298,-22,0,4,29,31,0,46,0,0,0,2167,detection,
2169821,10,16,580,580,0,0,0,0,0,0,50,0,0,0,2169,detection,
2170994,25,17,276,276,0,100,0,0,0,0,79,0,49,40,2170,detection,
2171007,4,17,276,276,0,100,0,0,0,0,100,0,49,40,2171,detection,
2171073,21,17,276,276,0,100,0,0,0,0,74,0,49,40,2171,detection,
2171343,1,27,1120,1120,0,0,0,0,0,0,38,0,0,0,2171,detection,
2171393,8,27,1120,1120,0,0,0,0,0,0,60,0,0,0,2171,detection,
2171402,18,27,1120,1120,0,0,0,0,0,0,45,0,0,0,2171,detection,
2171446,10,27,1120,1120,0,0,0,0,0,0,65,0,0,0,2171,detection,
2171741,12,5,1627,1627,0,0,0,0,0,0,63,0,0,0,2171,detection,
2172210,28,13,788,788,0,0,0,0,0,0,56,0,0,0,2172,detection,
2172228,2,13,788,788,0,0,0,0,0,0,58,0,0,0,2172,detection,
2172244,12,13,788,788,0,0,0,0,0,0,61,0,0,0,2172,detection,
2172624,22,31,276,276,0,0,0,100,30,23,60,0,60,40,2172,detection,
2172901,18,3,1092,1092,0,0,0,0,0,0,62,0,0,0,2172,detection,
2172957,19,3,1092,1092,0,0,0,0,0,0,60,0,0,0,2172,detection,
2174448,10,18,1606,1606,0,0,0,0,0,0,56,0,0,0,2174,detection,
2174459,19,18,1606,1606,0,0,0,0,0,0,57,0,0,0,2174,detection,
2174791,24,15,1300,1300,0,0,0,0,0,0,59,0,0,0,2174,detection,
2175096,17,4,788,788,0,0,0,0,0,0,52,0,0,0,2175,detection,
2176214,7,9,788,788,0,100,0,0,0,0,69,0,49,40,2176,detection,
2178208,19,3,836,836,0,0,0,0,0,0,61,0,0,0,2178,detection,
2178267,8,3,836,836,0,0,0,0,0,0,67,0,0,0,2178,detection,
2178275,18,3,836,836,0,0,0,0,0,0,60,0,0,0,2178,detection,
2178906,18,10,1044,1044,0,0,0,0,0,0,67,0,0,0,2178,detection,
2178933,16,10,1044,1044,0,0,0,0,0,0,63,0,0,0,2178,detection,
2179237,12,5,1300,1300,0,0,0,0,0,0,62,0,0,0,2179,detection,
2179237,11,5,1300,1300,0,0,0,0,0,0,69,0,0,0,2179,detection,
2179644,14,13,788,788,0,0,0,0,0,0,47,0,0,0,2179,detection,
2179665,9,13,788,788,0,0,0,0,0,0,57,0,0,0,2179,detection,
2180936,16,30,276,532,-256,0,42,100,5,0,68,0,48,40,2180,detection,
2182325,10,18,788,788,0,0,0,0,0,0,56,0,0,0,2182,detection,
2182333,19,18,788,788,0,0,0,0,0,0,56,0,0,0,2182,detection,
2182415,24,18,788,788,0,0,0,0,0,0,50,0,0,0,2182,detection,
2182419,3,18,788,788,0,0,0,0,0,0,57,0,0,0,2182,detection,
2182799,15,31,276,276,0,0,0,0,34,0,46,0,0,0,2182,detection,
2182876,22,31,276,276,0,0,0,100,0,23,61,0,57,40,2182,detection,
2183359,11,5,1300,1300,0,0,0,0,0,0,71,0,0,0,2183,detection,
2184126,27,8,1069,1069,0,0,0,0,0,0,60,0,0,0,2184,detection,
2186000,13,9,788,788,0,100,0,0,0,0,67,0,49,40,2186,detection,
2188671,20,15,1300,1300,0,0,0,0,0,0,72,0,0,0,2188,detection,
2190801,15,2,788,788,0,0,0,0,0,0,53,0,0,0,2190,detection,
2190892,8,10,1300,1300,0,0,0,0,0,0,60,0,0,0,2190,detection,
2190901,18,10,1300,1300,0,0,0,0,0,0,66,0,0,0,2190,detection,
2190936,16,10,1300,1300,0,0,0,0,0,0,65,0,0,0,2190,detection,
2190965,7,10,1300,1300,0,0,0,0,0,0,79,0,0,0,2190,detection,
2193168,9,4,788,788,0,0,0,0,0,0,57,0,0,0,2193,detection,
2193198,10,4,788,788,0,0,0,0,0,0,61,0,0,0,2193,detection,
2193219,17,4,788,788,0,0,0,0,0,0,52,0,0,0,2193,detection,
2193240,12,4,788,788,0,0,0,0,0,0,65,0,0,0,2193,detection,
2195884,1,17,370,370,0,63,0,0,0,0,81,0,0,0,2195,detection,
2195936,16,17,370,370,0,63,0,0,0,0,56,0,0,0,2195,detection,
2195949,10,17,370,370,0,63,0,0,0,0,100,0,0,0,2195,detection,
2197375,22,31,276,532,-256,0,45,100,30,30,60,0,58,40,2197,detection,
2197754,4,3,836,836,0,0,0,0,0,0,61,0,0,0,2197,detection,
2197767,8,3,836,836,0,0,0,0,0,0,65,0,0,0,2197,detection,
2197775,18,3,836,836,0,0,0,0,0,0,61,0,0,0,2197,detection,
2197792,9,3,836,836,0,0,0,0,0,0,68,0,0,0,2197,detection,
2198082,26,25,1069,1069,0,0,0,0,0,0,58,0,0,0,2198,detection,
2198247,27,8,882,882,0,0,0,0,0,0,59,0,0,0,2198,detection,
2199058,16,30,276,532,-256,0,42,100,0,0,67,0,48,40,2199,detection,
2199150,18,10,882,882,0,0,0,0,0,0,61,0,0,0,2199,detection,
2199176,24,10,882,882,0,0,0,0,0,0,56,0,0,0,2199,detection,
2199210,7,10,882,882,0,0,0,0,0,0,78,0,0,0,2199,detection,
2199270,8,10,882,882,0,0,0,0,0,0,59,0,0,0,2199,detection,
2199582,19,18,1092,1092,0,0,0,0,0,0,58,0,0,0,2199,detection,
2199601,7,18,1092,1092,0,0,0,0,0,0,55,0,0,0,2199,detection,
2200599,17,8,882,882,0,0,0,0,0,0,71,0,0,0,2200,detection,
2202286,5,12,1324,1324,0,0,0,0,0,0,77,0,0,0,2202,detection,
2205914,5,10,626,626,0,0,0,0,0,0,61,0,0,0,2205,detection,
2205916,9,10,626,626,0,0,0,0,0,0,82,0,0,0,2205,detection,
2205956,28,10,626,626,0,0,0,0,0,0,59,0,0,0,2205,detection,
2207251,22,31,276,276,0,0,0,100,31,41,57,0,60,40,2207,detection,
2207259,4,31,276,276,0,0,0,0,100,0,69,0,48,40,2207,detection,
2207290,5,31,276,276,0,0,0,100,100,7,69,0,48,40,2207,detection,
2207453,26,25,1069,1069,0,0,0,0,0,0,56,0,0,0,2207,detection,
2207498,27,8,1112,1112,0,0,0,0,0,0,59,0,0,0,2207,detection,
2207518,14,8,1112,1112,0,0,0,0,0,0,57,0,0,0,2207,detection,
2207592,7,8,1112,1112,0,0,0,0,0,0,54,0,0,0,2207,detection,
2207600,17,8,1112,1112,0,0,0,0,0,0,69,0,0,0,2207,detection,
2208209,19,18,1168,1168,0,0,0,0,0,0,54,0,0,0,2208,detection,
2208286,24,18,1168,1168,0,0,0,0,0,0,54,0,0,0,2208,detection,
2209040,1,27,1319,1319,0,0,0,0,0,0,38,0,0,0,2209,detection,
2209155,18,27,1319,1319,0,0,0,0,0,0,47,0,0,0,2209,detection,
2210261,4,3,532,532,0,0,0,0,0,0,63,0,0,0,2210,detection,
2210289,9,3,532,532,0,0,0,0,0,0,68,0,0,0,2210,detection,
2213192,1,27,1067,1067,0,0,0,0,0,0,32,0,0,0,2213,detection,
2213196,10,27,1067,1067,0,0,0,0,0,0,64,0,0,0,2213,detection,
2213222,17,27,1067,1067,0,0,0,0,0,0,77,0,0,0,2213,detection,
2213911,5,30,276,532,-256,0,48,100,2,0,53,0,60,40,2213,detection,
2213935,16,30,276,532,-256,0,43,100,0,0,65,0,48,40,2213,detection,
2213953,10,30,276,532,-256,0,46,70,0,0,57,0,61,40,2213,detection,
2213961,28,30,276,532,-256,0,45,100,5,0,59,0,60,40,2213,detection,
2215410,5,12,882,882,0,0,0,0,0,0,82,0,0,0,2215,detection,
2215461,28,12,882,882,0,0,0,0,0,0,82,0,0,0,2215,detection,
2216547,15,13,1667,1667,0,0,0,0,0,0,64,0,0,0,2216,detection,
2217081,19,18,1168,1168,0,0,0,0,0,0,54,0,0,0,2217,detection,
2220621,25,26,532,532,0,0,0,0,0,0,61,0,0,0,2220,detection,
2220947,10,27,1067,1067,0,0,0,0,0,0,59,0,0,0,2220,detection,
2220973,17,27,1067,1067,0,0,0,0,0,0,75,0,0,0,2220,detection,
2221077,26,25,1044,1044,0,0,0,0,0,0,58,0,0,0,2221,detection,
2222289,9,10,626,626,0,0,0,0,0,0,83,0,0,0,2222,detection,
2222449,10,14,788,788,0,0,0,0,0,0,53,0,0,0,2222,detection,
2223663,1,7,854,854,0,0,0,0,0,0,35,0,0,0,2223,detection,
2223719,17,7,854,854,0,0,0,0,0,0,41,0,0,0,2223,detection,
2224172,6,8,788,788,0,0,0,0,0,0,53,0,0,0,2224,detection,
2224420,20,15,1300,1300,0,0,0,0,0,0,70,0,0,0,2224,detection,
2225203,21,4,623,623,0,0,0,0,0,0,67,0,0,0,2225,detection,
2225208,23,4,623,623,0,0,0,0,0,0,66,0,0,0,2225,detection,
2225228,2,4,623,623,0,0,0,0,0,0,63,0,0,0,2225,detection,
2226171,15,13,1835,1835,0,0,0,0,0,0,66,0,0,0,2226,detection,
2226204,1,17,838,838,0,0,0,0,0,0,73,0,0,0,2226,detection,
2226252,27,17,838,838,0,0,0,0,0,0,85,0,0,0,2226,detection,
2230417,6,8,1300,1300,0,0,0,0,0,0,53,0,0,0,2230,detection,
2230472,17,8,1300,1300,0,0,0,0,0,0,67,0,0,0,2230,detection,
2232540,24,28,1044,1044,0,0,0,0,0,0,59,0,0,0,2232,detection,
2233005,4,27,788,788,0,0,0,0,0,0,66,0,0,0,2233,detection,
2233069,10,27,788,788,0,0,0,0,0,0,63,0,0,0,2233,detection,
2233163,5,14,788,788,0,0,0,0,0,0,66,0,0,0,2233,detection,
2233209,19,14,788,788,0,0,0,0,0,0,53,0,0,0,2233,detection,
2234295,6,19,1366,1366,0,0,0,0,0,0,59,0,0,0,2234,detection,
2234338,28,19,1366,1366,0,0,0,0,0,0,59,0,0,0,2234,detection,
2236040,24,11,532,532,0,0,0,0,0,0,58,0,0,0,2236,detection,
2236052,15,11,532,532,0,0,0,0,0,0,78,0,0,0,2236,detection,
2238796,15,13,1044,1044,0,0,0,0,0,0,64,0,0,0,2238,detection,
2239043,6,19,1110,1110,0,0,0,0,0,0,60,0,0,0,2239,detection,
2239082,28,19,1110,1110,0,0,0,0,0,0,61,0,0,0,2239,detection,
2239685,16,30,276,532,-256,0,43,100,0,0,64,0,48,40,2239,detection,
2239710,28,30,276,532,-256,0,46,70,0,0,58,0,61,40,2239,detection,
2239715,23,30,276,532,-256,0,47,70,0,0,56,0,61,40,2239,detection,
2240295,20,15,1044,1044,0,0,0,0,0,0,73,0,0,0,2240,detection,
2241898,8,25,1018,1018,0,0,0,0,0,0,70,0,0,0,2241,detection,
2242038,24,11,532,532,0,0,0,0,0,0,59,0,0,0,2242,detection,
2242535,5,22,1012,1012,0,0,0,0,0,0,55,0,0,0,2242,detection,
2242543,9,22,1012,1012,0,0,0,0,0,0,40,0,0,0,2242,detection,
2242839,23,16,830,830,0,0,0,0,0,0,69,0,0,0,2242,detection,
2242868,25,16,830,830,0,0,0,0,0,0,65,0,0,0,2242,detection,
2242893,14,16,830,830,0,0,0,0,0,0,59,0,0,0,2242,detection,
2242950,1,17,1300,1300,0,0,0,0,0,0,72,0,0,0,2242,detection,
2244784,5,14,788,788,0,0,0,0,0,0,66,0,0,0,2244,detection,
2245170,20,15,1044,1044,0,0,0,0,0,0,71,0,0,0,2245,detection,
2245374,13,27,1044,1044,0,0,0,0,0,0,58,0,0,0,2245,detection,
2245854,2,13,1044,1044,0,0,0,0,0,0,58,0,0,0,2245,detection,
2245921,15,13,1044,1044,0,0,0,0,0,0,64,0,0,0,2245,detection,
2246725,2,29,276,532,-256,0,47,71,0,0,55,0,61,40,2246,detection,
2249789,24,15,882,882,0,0,0,0,0,0,60,0,0,0,2249,detection,
2249793,20,15,882,882,0,0,0,0,0,0,73,0,0,0,2249,detection,
2249906,5,14,788,788,0,0,0,0,0,0,66,0,0,0,2249,detection,
2253582,26,2,788,788,0,0,0,0,0,0,60,0,0,0,2253,detection,
2254173,15,11,768,768,0,0,0,0,0,0,72,0,0,0,2254,detection,
2254285,24,11,768,768,0,0,0,0,0,0,59,0,0,0,2254,detection,
2255538,24,20,788,788,0,0,0,0,0,0,54,0,0,0,2255,detection,
2256109,1,7,967,967,0,0,0,0,0,0,35,0,0,0,2256,detection,
2256221,17,7,967,967,0,0,0,0,0,0,41,0,0,0,2256,detection,
2256914,24,13,1069,1069,0,0,0,0,0,0,52,0,0,0,2256,detection,
2256923,15,13,1069,1069,0,0,0,0,0,0,61,0,0,0,2256,detection,
2256958,23,13,1069,1069,0,0,0,0,0,0,64,0,0,0,2256,detection,
2256961,28,13,1069,1069,0,0,0,0,0,0,53,0,0,0,2256,detection,
2256979,2,13,1069,1069,0,0,0,0,0,0,59,0,0,0,2256,detection,
2256991,12,13,1069,1069,0,0,0,0,0,0,62,0,0,0,2256,detection,
2257229,2,13,1069,1069,0,0,0,0,0,0,59,0,0,0,2257,detection,
2257663,24,15,1112,1112,0,0,0,0,0,0,59,0,0,0,2257,detection,
2258342,28,19,1110,1110,0,0,0,0,0,0,63,0,0,0,2258,detection,
2261046,15,11,768,768,0,0,0,0,0,0,71,0,0,0,2261,detection,
2261670,6,8,1394,1394,0,0,0,0,0,0,55,0,0,0,2261,detection,
2261705,26,8,1394,1394,0,0,0,0,0,0,62,0,0,0,2261,detection,
2261709,28,8,1394,1394,0,0,0,0,0,0,60,0,0,0,2261,detection,
2261896,1,17,1300,1300,0,0,0,0,0,0,68,0,0,0,2261,detection,
2261993,25,17,1300,1300,0,0,0,0,0,0,75,0,0,0,2261,detection,
2262079,26,2,532,532,0,0,0,0,0,0,61,0,0,0,2262,detection,
2262561,16,30,276,532,-256,0,44,100,0,0,63,0,48,40,2262,detection,
2262586,28,30,276,532,-256,0,48,100,0,0,53,0,60,40,2262,detection,
2262591,23,30,276,532,-256,0,47,100,0,0,56,0,60,40,2262,detection,
2262612,12,30,276,532,-256,0,38,70,20,0,80,0,48,40,2262,detection,
2263919,6,28,532,532,0,0,0,0,0,0,54,0,0,0,2263,detection,
2264699,10,4,639,639,0,0,0,0,0,0,61,0,0,0,2264,detection,
2264750,27,4,639,639,0,0,0,0,0,0,61,0,0,0,2264,detection,
2264793,3,4,639,639,0,0,0,0,0,0,57,0,0,0,2264,detection,
2265221,17,25,788,788,0,0,0,0,0,0,82,0,0,0,2265,detection,
2265259,1,25,788,788,0,0,0,0,0,0,49,0,0,0,2265,detection,
2265504,1,7,788,788,0,0,0,0,0,0,34,0,0,0,2265,detection,
2265603,17,7,788,788,0,0,0,0,0,0,44,0,0,0,2265,detection,
2265960,19,6,790,790,0,0,0,0,0,0,56,0,0,0,2265,detection,
2266585,28,19,788,788,0,0,0,0,0,0,61,0,0,0,2266,detection,
2270195,10,27,788,788,0,0,0,0,0,0,62,0,0,0,2270,detection,
2270205,21,27,788,788,0,0,0,0,0,0,48,0,0,0,2270,detection,
2270256,4,27,788,788,0,0,0,0,0,0,64,0,0,0,2270,detection,
2271657,1,7,788,788,0,0,0,0,0,0,39,0,0,0,2271,detection,
2271721,17,7,788,788,0,0,0,0,0,0,49,0,0,0,2271,detection,
2272003,1,25,532,532,0,0,0,0,0,0,51,0,0,0,2272,detection,
2272092,17,25,532,532,0,0,0,0,0,0,84,0,0,0,2272,detection,
2272581,1,17,1300,1300,0,0,0,0,0,0,65,0,0,0,2272,detection,
2272615,25,17,1300,1300,0,0,0,0,0,0,72,0,0,0,2272,detection,
2272664,24,20,739,739,0,0,0,0,0,0,53,0,0,0,2272,detection,
2272669,3,20,739,739,0,0,0,0,0,0,56,0,0,0,2272,detection,
2273002,22,9,788,788,0,100,0,0,0,0,61,0,54,40,2273,detection,
2273457,19,18,788,788,0,0,0,0,0,0,59,0,0,0,2273,detection,
2273463,23,18,788,788,0,0,0,0,0,0,42,0,0,0,2273,detection,
2273466,7,18,788,788,0,0,0,0,0,0,60,0,0,0,2273,detection,
2274047,6,8,1044,1044,0,0,0,0,0,0,57,0,0,0,2274,detection,
2274081,26,8,1044,1044,0,0,0,0,0,0,62,0,0,0,2274,detection,
2274085,28,8,1044,1044,0,0,0,0,0,0,56,0,0,0,2274,detection,
2274501,13,31,276,532,-256,0,43,70,78,0,65,0,48,40,2274,detection,
2274502,22,31,276,532,-256,0,45,100,30,46,60,0,58,40,2274,detection,
2274531,18,31,276,532,-256,0,49,100,0,0,52,0,60,40,2274,detection,
2274537,24,31,276,532,-256,0,53,80,35,9,44,0,69,55,2274,detection,
2274537,5,31,276,532,-256,0,42,100,28,14,68,0,48,40,2274,detection,
2276919,3,29,276,462,-186,0,26,70,6,0,88,0,48,40,2276,detection,
2277153,18,13,788,788,0,0,0,0,0,0,59,0,0,0,2277,detection,
2277165,24,13,788,788,0,0,0,0,0,0,54,0,0,0,2277,detection,
2277207,28,13,788,788,0,0,0,0,0,0,57,0,0,0,2277,detection,
2277212,19,13,788,788,0,0,0,0,0,0,62,0,0,0,2277,detection,
2277587,19,14,788,788,0,0,0,0,0,0,55,0,0,0,2277,detection,
2277659,5,14,788,788,0,0,0,0,0,0,61,0,0,0,2277,detection,
2278497,13,27,532,532,0,0,0,0,0,0,59,0,0,0,2278,detection,
2278506,4,27,532,532,0,0,0,0,0,0,66,0,0,0,2278,detection,
2278513,1,7,839,839,0,0,0,0,0,0,39,0,0,0,2278,detection,
2278570,10,27,532,532,0,0,0,0,0,0,64,0,0,0,2278,detection,
2278575,21,27,532,532,0,0,0,0,0,0,51,0,0,0,2278,detection,
2278594,17,7,839,839,0,0,0,0,0,0,50,0,0,0,2278,detection,
2280132,4,3,788,788,0,0,0,0,0,0,62,0,0,0,2280,detection,
2280174,20,3,788,788,0,0,0,0,0,0,52,0,0,0,2280,detection,
2280417,6,28,532,532,0,0,0,0,0,0,55,0,0,0,2280,detection,
2280695,10,16,532,532,0,0,0,0,0,0,54,0,0,0,2280,detection,
2280703,21,16,532,532,0,0,0,0,0,0,61,0,0,0,2280,detection,
2280759,4,16,532,532,0,0,0,0,0,0,68,0,0,0,2280,detection,
2280785,5,30,276,373,-97,0,17,100,19,0,57,0,60,40,2280,detection,
2281904,18,13,839,839,0,100,0,0,0,0,67,0,49,40,2281,detection,
2281913,24,13,839,839,0,100,0,0,0,0,66,0,49,40,2281,detection,
2281956,28,13,839,839,0,100,0,0,0,0,64,0,49,40,2281,detection,
2281956,19,13,839,839,0,100,0,0,0,0,69,0,49,40,2281,detection,
2281960,23,13,839,839,0,100,0,0,0,0,72,0,49,40,2281,detection,
2281964,7,13,839,839,0,100,0,0,0,0,71,0,49,40,2281,detection,
2282740,25,22,788,788,0,0,0,0,0,0,60,0,0,0,2282,detection,
2282786,5,22,788,788,0,0,0,0,0,0,58,0,0,0,2282,detection,
2282786,9,22,788,788,0,0,0,0,0,0,44,0,0,0,2282,detection,
2284030,18,31,276,508,-232,0,44,100,3,0,52,0,60,40,2284,detection,
2284039,24,31,276,508,-232,0,48,100,3,9,44,0,68,55,2284,detection,
2284965,1,25,532,532,0,0,0,0,0,0,53,0,0,0,2284,detection,
2284969,17,25,532,532,0,0,0,0,0,0,82,0,0,0,2284,detection,
2286296,20,6,764,764,0,0,0,0,0,0,57,0,0,0,2286,detection,
2286567,10,16,532,532,0,0,0,0,0,0,55,0,0,0,2286,detection,
2286628,27,16,532,532,0,0,0,0,0,0,69,0,0,0,2286,detection,
2286635,4,16,532,532,0,0,0,0,0,0,68,0,0,0,2286,detection,
2289216,17,7,839,839,0,0,0,0,0,0,50,0,0,0,2289,detection,
2289834,1,17,1300,1300,0,0,0,0,0,0,61,0,0,0,2289,detection,
2289867,25,17,1300,1300,0,0,0,0,0,0,69,0,0,0,2289,detection,
2289872,22,17,1300,1300,0,0,0,0,0,0,86,0,0,0,2289,detection,
2290086,28,18,788,788,0,0,0,0,0,0,55,0,0,0,2290,detection,
2290086,23,18,788,788,0,0,0,0,0,0,43,0,0,0,2290,detection,
2290583,23,13,915,915,0,70,0,0,0,0,77,0,48,40,2290,detection,
2290601,2,13,915,915,0,70,0,0,0,0,64,0,48,40,2290,detection,
2290652,18,13,915,915,0,70,0,0,0,0,72,0,48,40,2290,detection,
2290661,24,13,915,915,0,70,0,0,0,0,73,0,48,40,2290,detection,
2292210,19,22,762,762,0,0,0,0,0,0,46,0,0,0,2292,detection,
2292237,25,22,762,762,0,0,0,0,0,0,60,0,0,0,2292,detection,
2292289,5,22,762,762,0,0,0,0,0,0,58,0,0,0,2292,detection,
2292289,9,22,762,762,0,0,0,0,0,0,40,0,0,0,2292,detection,
2293415,24,15,1112,1112,0,0,0,0,0,0,54,0,0,0,2293,detection,
2293423,20,15,1112,1112,0,0,0,0,0,0,67,0,0,0,2293,detection,
2293621,13,31,276,463,-187,0,31,70,7,0,65,0,48,40,2293,detection,
2294628,4,27,532,532,0,0,0,0,0,0,67,0,0,0,2294,detection,
2294645,8,27,532,532,0,0,0,0,0,0,62,0,0,0,2294,detection,
2294658,18,27,532,532,0,0,0,0,0,0,52,0,0,0,2294,detection,
2294709,26,27,532,532,0,0,0,0,0,0,58,0,0,0,2294,detection,
2294748,13,27,532,532,0,0,0,0,0,0,60,0,0,0,2294,detection,
2294878,27,8,1066,1066,0,0,0,0,0,0,59,0,0,0,2294,detection,
2294920,6,8,1066,1066,0,0,0,0,0,0,60,0,0,0,2294,detection,
2294959,28,8,1066,1066,0,0,0,0,0,0,59,0,0,0,2294,detection,
2294968,7,8,1066,1066,0,0,0,0,0,0,57,0,0,0,2294,detection,
2296295,6,20,929,929,0,0,0,0,0,0,55,0,0,0,2296,detection,
2296295,3,20,929,929,0,0,0,0,0,0,56,0,0,0,2296,detection,
2296614,11,10,626,626,0,0,0,0,0,0,62,0,0,0,2296,detection,
2296793,3,4,1044,1044,0,0,0,0,0,0,57,0,0,0,2296,detection,
2296798,6,4,1044,1044,0,0,0,0,0,0,55,0,0,0,2296,detection,
2296811,16,4,1044,1044,0,0,0,0,0,0,55,0,0,0,2296,detection,
2296823,10,4,1044,1044,0,0,0,0,0,0,56,0,0,0,2296,detection,
2296828,21,4,1044,1044,0,0,0,0,0,0,65,0,0,0,2296,detection,
2297060,16,10,626,626,0,0,0,0,0,0,66,0,0,0,2297,detection,
2297110,11,10,626,626,0,0,0,0,0,0,64,0,0,0,2297,detection,
2297282,18,2,1044,1044,0,0,0,0,0,0,62,0,0,0,2297,detection,
2297445,1,17,1018,1018,0,0,0,0,0,0,63,0,0,0,2297,detection,
2300668,3,29,276,532,-256,0,37,91,6,0,82,0,48,40,2300,detection,
2302334,26,21,276,276,0,100,0,0,0,0,65,0,49,40,2302,detection,
2303085,7,8,1153,1153,0,0,0,0,0,0,58,0,0,0,2303,detection,
2303098,17,8,1153,1153,0,0,0,0,0,0,65,0,0,0,2303,detection,
2303128,27,8,1153,1153,0,0,0,0,0,0,59,0,0,0,2303,detection,
2303737,25,22,739,739,0,0,0,0,0,0,59,0,0,0,2303,detection,
2303788,5,22,739,739,0,0,0,0,0,0,57,0,0,0,2303,detection,
2303789,9,22,739,739,0,0,0,0,0,0,40,0,0,0,2303,detection,
2304421,6,3,276,276,0,100,0,0,0,0,66,0,49,40,2304,detection,
2304548,9,2,788,788,0,0,0,0,0,0,60,0,0,0,2304,detection,
2304663,3,4,788,788,0,0,0,0,0,0,54,0,0,0,2304,detection,
2304664,6,4,788,788,0,0,0,0,0,0,57,0,0,0,2304,detection,
2304685,16,4,788,788,0,0,0,0,0,0,56,0,0,0,2304,detection,
2304698,21,4,788,788,0,0,0,0,0,0,67,0,0,0,2304,detection,
2307455,26,21,788,788,0,0,0,0,0,0,68,0,0,0,2307,detection,
2309408,18,3,301,301,0,90,0,0,0,0,71,0,49,40,2309,detection,
2310087,7,8,1153,1153,0,0,0,0,0,0,58,0,0,0,2310,detection,
2310096,17,8,1153,1153,0,0,0,0,0,0,63,0,0,0,2310,detection,
2310140,27,8,1153,1153,0,0,0,0,0,0,59,0,0,0,2310,detection,
2312041,9,22,739,739,0,0,0,0,0,0,40,0,0,0,2312,detection,
2312291,3,18,788,788,0,0,0,0,0,0,58,0,0,0,2312,detection,
2312616,25,22,1351,1351,0,0,0,0,0,0,59,0,0,0,2312,detection,
2312625,13,22,1351,1351,0,0,0,0,0,0,59,0,0,0,2312,detection,
2312628,4,3,1044,1044,0,0,0,0,0,0,61,0,0,0,2312,detection,
2312649,18,3,1044,1044,0,0,0,0,0,0,69,0,0,0,2312,detection,
2312666,6,3,1044,1044,0,0,0,0,0,0,64,0,0,0,2312,detection,
2313793,20,15,1044,1044,0,0,0,0,0,0,73,0,0,0,2313,detection,
2313836,19,15,1044,1044,0,0,0,0,0,0,62,0,0,0,2313,detection,
2314666,6,4,788,788,0,0,0,0,0,0,54,0,0,0,2314,detection,
2314683,16,4,788,788,0,0,0,0,0,0,58,0,0,0,2314,detection,
2314703,21,4,788,788,0,0,0,0,0,0,68,0,0,0,2314,detection,
2314741,12,4,788,788,0,0,0,0,0,0,67,0,0,0,2314,detection,
2316746,22,17,1300,1300,0,0,0,0,0,0,84,0,0,0,2316,detection,
2317579,21,27,1155,1155,0,0,0,0,0,0,46,0,0,0,2317,detection,
2318232,1,25,786,786,0,0,0,0,0,0,51,0,0,0,2318,detection,
2318250,13,25,786,786,0,0,0,0,0,0,56,0,0,0,2318,detection,
2320769,14,9,788,788,0,0,0,0,0,0,59,0,0,0,2320,detection,
2320770,8,9,788,788,0,0,0,0,0,0,56,0,0,0,2320,detection,
2320876,22,9,788,788,0,0,0,0,0,0,62,0,0,0,2320,detection,
2321299,20,19,823,823,0,0,0,0,0,0,59,0,0,0,2321,detection,
2321299,15,19,823,823,0,0,0,0,0,0,56,0,0,0,2321,detection,
2321666,6,3,1044,1044,0,0,0,0,0,0,65,0,0,0,2321,detection,
2321878,27,21,1138,1138,0,0,0,0,0,0,47,0,0,0,2321,detection,
2324951,10,14,788,788,0,0,0,0,0,0,56,0,0,0,2324,detection,
2324959,19,14,788,788,0,0,0,0,0,0,54,0,0,0,2324,detection,
2326251,27,21,1276,1276,0,0,0,0,0,0,51,0,0,0,2326,detection,
2328372,22,31,276,293,-17,0,2,21,28,0,61,0,0,0,2328,detection,
2328407,18,31,276,293,-17,0,3,100,26,0,57,0,60,40,2328,detection,
2328408,5,31,276,293,-17,0,2,100,26,14,68,0,48,40,2328,detection,
2328868,12,9,925,925,0,0,0,0,0,0,58,0,0,0,2328,detection,
2328872,22,9,925,925,0,0,0,0,0,0,60,0,0,0,2328,detection,
2328876,13,9,925,925,0,0,0,0,0,0,65,0,0,0,2328,detection,
2328888,14,9,925,925,0,0,0,0,0,0,59,0,0,0,2328,detection,
2328892,8,9,925,925,0,0,0,0,0,0,55,0,0,0,2328,detection,
2329584,23,12,882,882,0,0,0,0,0,0,96,0,0,0,2329,detection,
2329792,6,3,1044,1044,0,0,0,0,0,0,66,0,0,0,2329,detection,
2333374,27,21,1276,1276,0,0,0,0,0,0,51,0,0,0,2333,detection,
2333467,7,10,1300,1300,0,0,0,0,0,0,77,0,0,0,2333,detection,
2337087,7,29,276,552,-276,0,47,100,64,15,64,0,48,40,2337,detection,
2337614,25,22,715,715,0,0,0,0,0,0,59,0,0,0,2337,detection,
2337661,5,22,715,715,0,0,0,0,0,0,53,0,0,0,2337,detection,
2337661,9,22,715,715,0,0,0,0,0,0,40,0,0,0,2337,detection,
2337760,4,17,1092,1092,0,0,0,0,0,0,100,0,0,0,2337,detection,
2337879,4,16,575,575,0,0,0,0,0,0,65,0,0,0,2337,detection,
2339100,17,21,1092,1092,0,0,0,0,0,0,52,0,0,0,2339,detection,
2339126,27,21,1092,1092,0,0,0,0,0,0,55,0,0,0,2339,detection,
2340014,14,9,925,925,0,0,0,0,0,0,58,0,0,0,2340,detection,
2342078,10,30,276,528,-252,0,46,100,0,0,56,0,60,40,2342,detection,
2342838,7,29,276,754,-478,0,85,100,24,7,59,0,58,40,2342,detection,
2343751,27,21,1092,1092,0,0,0,0,0,0,55,0,0,0,2343,detection,
2345060,16,4,739,739,0,0,0,0,0,0,53,0,0,0,2345,detection,
2345082,23,4,739,739,0,0,0,0,0,0,65,0,0,0,2345,detection,
2345085,21,4,739,739,0,0,0,0,0,0,62,0,0,0,2345,detection,
2345098,17,4,739,739,0,0,0,0,0,0,56,0,0,0,2345,detection,
2345111,12,4,739,739,0,0,0,0,0,0,65,0,0,0,2345,detection,
2345128,22,4,739,739,0,0,0,0,0,0,60,0,0,0,2345,detection,
2345371,13,9,788,788,0,0,0,0,0,0,60,0,0,0,2345,detection,
2345902,18,3,1115,1115,0,0,0,0,0,0,68,0,0,0,2345,detection,
2345989,25,17,836,836,0,0,0,0,0,0,70,0,0,0,2345,detection,
2346006,22,17,836,836,0,0,0,0,0,0,86,0,0,0,2346,detection,
2346086,21,17,836,836,0,0,0,0,0,0,70,0,0,0,2346,detection,
2346421,20,8,788,788,0,0,0,0,0,0,53,0,0,0,2346,detection,
2350454,21,27,1151,1151,0,0,0,0,0,0,49,0,0,0,2350,detection,
2351373,12,4,739,739,0,0,0,0,0,0,60,0,0,0,2351,detection,
2351416,24,15,788,788,0,0,0,0,0,0,58,0,0,0,2351,detection,
2351424,20,15,788,788,0,0,0,0,0,0,70,0,0,0,2351,detection,
2351431,16,4,739,739,0,0,0,0,0,0,53,0,0,0,2351,detection,
2351452,21,4,739,739,0,0,0,0,0,0,61,0,0,0,2351,detection,
2351917,20,8,788,788,0,0,0,0,0,0,53,0,0,0,2351,detection,
2356304,15,2,1217,1217,0,0,0,0,0,0,54,0,0,0,2356,detection,
2356372,25,2,1217,1217,0,0,0,0,0,0,51,0,0,0,2356,detection,
2356392,14,2,1217,1217,0,0,0,0,0,0,62,0,0,0,2356,detection,
2357749,22,31,276,532,-256,0,45,70,28,0,60,0,69,55,2357,detection,
2357779,18,31,276,532,-256,0,46,70,29,0,57,0,69,55,2357,detection,
2357809,16,31,276,532,-256,0,53,100,0,9,43,0,70,55,2357,detection,
2357882,4,9,1300,1300,0,0,0,0,0,0,62,0,0,0,2357,detection,
2357955,21,9,1300,1300,0,0,0,0,0,0,57,0,0,0,2357,detection,
2358206,19,18,1251,1251,0,0,0,0,0,0,59,0,0,0,2358,detection,
2358215,7,18,1251,1251,0,0,0,0,0,0,60,0,0,0,2358,detection,
2358453,21,27,1223,1223,0,0,0,0,0,0,52,0,0,0,2358,detection,
2358918,20,8,1300,1300,0,0,0,0,0,0,57,0,0,0,2358,detection,
2358922,6,8,1300,1300,0,0,0,0,0,0,63,0,0,0,2358,detection,
2361780,18,22,532,532,0,0,0,0,0,0,62,0,0,0,2361,detection,
2362831,19,18,1044,1044,0,0,0,0,0,0,58,0,0,0,2362,detection,
2362836,7,18,1044,1044,0,0,0,0,0,0,59,0,0,0,2362,detection,
2362913,3,18,1044,1044,0,0,0,0,0,0,58,0,0,0,2362,detection,
2363000,27,21,1143,1143,0,0,0,0,0,0,55,0,0,0,2363,detection,
2363615,25,17,836,836,0,0,0,0,0,0,66,0,0,0,2363,detection,
2363632,4,17,836,836,0,0,0,0,0,0,96,0,0,0,2363,detection,
2363824,21,27,1384,1384,0,0,0,0,0,0,51,0,0,0,2363,detection,
2363879,4,27,1384,1384,0,0,0,0,0,0,65,0,0,0,2363,detection,
2364046,6,11,716,716,0,0,0,0,0,0,55,0,0,0,2364,detection,
2364662,5,10,762,762,0,0,0,0,0,0,56,0,0,0,2364,detection,
2364666,24,10,762,762,0,0,0,0,0,0,56,0,0,0,2364,detection,
2364709,28,10,762,762,0,0,0,0,0,0,59,0,0,0,2364,detection,
2365331,26,7,1458,1458,0,0,0,0,0,0,54,0,0,0,2365,detection,
2365753,13,3,1107,1107,0,0,0,0,0,0,64,0,0,0,2365,detection,
2365778,18,3,1107,1107,0,0,0,0,0,0,66,0,0,0,2365,detection,
2365799,20,3,1107,1107,0,0,0,0,0,0,55,0,0,0,2365,detection,
2366078,21,9,1338,1338,0,0,0,0,0,0,62,0,0,0,2366,detection,
2366137,14,9,1338,1338,0,0,0,0,0,0,61,0,0,0,2366,detection,
2366280,18,31,276,532,-256,0,47,100,0,0,56,0,60,40,2366,detection,
2367148,8,10,762,762,0,0,0,0,0,0,59,0,0,0,2367,detection,
2369540,3,18,813,813,0,0,0,0,0,0,54,0,0,0,2369,detection,
2369771,8,16,1004,1004,0,0,0,0,0,0,60,0,0,0,2369,detection,
2369819,10,16,1004,1004,0,0,0,0,0,0,53,0,0,0,2369,detection,
2369836,23,16,1004,1004,0,0,0,0,0,0,67,0,0,0,2369,detection,
2370370,25,4,1136,1136,0,0,0,0,0,0,57,0,0,0,2370,detection,
2370375,27,4,1136,1136,0,0,0,0,0,0,62,0,0,0,2370,detection,
2370404,14,4,1136,1136,0,0,0,0,0,0,59,0,0,0,2370,detection,
2370416,6,19,823,823,0,0,0,0,0,0,59,0,0,0,2370,detection,
2370416,9,4,1136,1136,0,0,0,0,0,0,59,0,0,0,2370,detection,
2370451,21,4,1136,1136,0,0,0,0,0,0,61,0,0,0,2370,detection,
2370491,25,2,1217,1217,0,0,0,0,0,0,52,0,0,0,2370,detection,
2370673,20,6,823,1335,-512,100,93,100,62,8,57,0,56,40,2370,detection,
2370939,16,30,276,532,-256,0,44,70,0,0,63,0,48,40,2370,detection,
2371060,16,25,737,737,0,0,0,0,0,0,54,0,0,0,2371,detection,
2371144,14,13,915,915,0,70,0,0,0,0,56,0,60,40,2371,detection,
2371174,15,13,915,915,0,70,0,0,0,0,70,0,48,40,2371,detection,
2371175,24,13,915,915,0,70,0,0,0,0,80,0,48,40,2371,detection,
2371211,19,13,915,915,0,70,0,0,0,0,70,0,48,40,2371,detection,
2371212,28,13,915,915,0,70,0,0,0,0,68,0,48,40,2371,detection,
2371665,24,28,762,762,0,0,0,0,0,0,58,0,0,0,2371,detection,
2372068,1,12,976,976,0,0,0,0,0,0,39,0,0,0,2372,detection,
2372085,28,12,976,976,0,0,0,0,0,0,84,0,0,0,2372,detection,
2372085,19,12,976,976,0,0,0,0,0,0,53,0,0,0,2372,detection,
2372163,5,12,976,976,0,0,0,0,0,0,83,0,0,0,2372,detection,
2372633,4,17,836,836,0,0,0,0,0,0,96,0,0,0,2372,detection,
2372665,3,29,276,2580,-2304,0,100,100,100,0,92,0,48,40,2372,detection,
2373044,20,8,972,972,0,0,0,0,0,0,58,0,0,0,2373,detection,
2373077,26,8,972,972,0,0,0,0,0,0,63,0,0,0,2373,detection,
2373952,21,9,1348,1348,0,0,0,0,0,0,61,0,0,0,2373,detection,
2374003,4,9,1348,1348,0,0,0,0,0,0,61,0,0,0,2374,detection,
2374791,20,8,788,788,0,0,0,0,0,0,58,0,0,0,2374,detection,
2374792,6,8,788,788,0,0,0,0,0,0,62,0,0,0,2374,detection,
2374829,26,8,788,788,0,0,0,0,0,0,62,0,0,0,2374,detection,
2376794,6,11,1300,1300,0,0,0,0,0,0,55,0,0,0,2376,detection,
2377496,25,2,1217,1217,0,0,0,0,0,0,52,0,0,0,2377,detection,
2377708,28,13,915,915,0,70,0,0,0,0,73,0,48,40,2377,detection,
2377785,24,13,915,915,0,70,0,0,0,0,87,0,48,40,2377,detection,
2377797,15,13,915,915,0,70,0,0,0,0,76,0,48,40,2377,detection,
2378622,27,25,737,737,0,0,0,0,0,0,73,0,0,0,2378,detection,
2378626,13,25,737,737,0,0,0,0,0,0,56,0,0,0,2378,detection,
2378635,4,25,737,737,0,0,0,0,0,0,68,0,0,0,2378,detection,
2378647,8,25,737,737,0,0,0,0,0,0,68,0,0,0,2378,detection,
2378704,21,25,737,737,0,0,0,0,0,0,53,0,0,0,2378,detection,
2379398,1,12,976,976,0,0,0,0,0,0,39,0,0,0,2379,detection,
2379864,11,18,861,861,0,0,0,0,0,0,55,0,0,0,2379,detection,
2379956,19,18,861,861,0,0,0,0,0,0,58,0,0,0,2379,detection,
2379961,7,18,861,861,0,0,0,0,0,0,59,0,0,0,2379,detection,
2380167,3,29,276,532,-256,0,35,100,100,0,92,0,48,40,2380,detection,
2380231,2,29,276,532,-256,0,46,70,0,0,57,0,61,40,2380,detection,
2380239,12,29,276,532,-256,0,50,76,30,0,49,0,65,55,2380,detection,
2380363,11,19,823,823,0,0,0,0,0,0,58,0,0,0,2380,detection,
2380418,6,19,823,823,0,0,0,0,0,0,55,0,0,0,2380,detection,
2380422,20,19,823,823,0,0,0,0,0,0,58,0,0,0,2380,detection,
2380837,19,6,788,788,0,0,0,0,0,0,56,0,0,0,2380,detection,
2380919,20,6,788,788,0,0,0,100,62,16,57,0,60,40,2380,detection,
2381370,25,17,836,836,0,0,0,0,0,0,67,0,0,0,2381,detection,
2381448,10,17,836,836,0,0,0,0,0,0,100,0,0,0,2381,detection,
2381456,26,17,836,836,0,0,0,0,0,0,79,0,0,0,2381,detection,
2382297,20,8,532,532,0,0,0,0,0,0,59,0,0,0,2382,detection,
2382336,28,8,532,532,0,0,0,0,0,0,61,0,0,0,2382,detection,
2382669,1,12,788,788,0,0,0,0,0,0,33,0,0,0,2382,detection,
2384501,27,21,1143,1143,0,0,0,0,0,0,55,0,0,0,2384,detection,
2385023,8,3,344,344,0,73,0,0,0,0,76,0,49,40,2385,detection,
2385027,18,3,344,344,0,73,0,0,0,0,71,0,49,40,2385,detection,
2385044,20,3,344,344,0,73,0,0,0,0,60,0,57,40,2385,detection,
2385087,19,3,344,344,0,73,0,0,0,0,67,0,49,40,2385,detection,
2385125,13,3,344,344,0,73,0,0,0,0,65,0,49,40,2385,detection,
2385130,4,3,344,344,0,73,0,0,0,0,66,0,49,40,2385,detection,
2385540,6,11,788,788,0,0,0,0,0,0,51,0,0,0,2385,detection,
2388166,20,8,856,856,0,0,0,0,0,0,55,0,0,0,2388,detection,
2388362,11,18,861,861,0,0,0,0,0,0,51,0,0,0,2388,detection,
2389266,14,9,1366,1366,0,0,0,0,0,0,60,0,0,0,2389,detection,
2390423,20,6,1107,1107,0,0,0,100,0,16,56,0,60,40,2390,detection,
2391162,3,18,861,861,0,0,0,0,0,0,54,0,0,0,2391,detection,
2391709,28,10,969,969,0,0,0,0,0,0,59,0,0,0,2391,detection,
2391790,9,10,969,969,0,0,0,0,0,0,78,0,0,0,2391,detection,
2392079,26,17,836,836,0,0,0,0,0,0,81,0,0,0,2392,detection,
2392121,22,17,836,836,0,0,0,0,0,0,85,0,0,0,2392,detection,
2392405,18,16,788,788,0,0,0,0,0,0,51,0,0,0,2392,detection,
2392473,17,16,788,788,0,0,0,0,0,0,53,0,0,0,2392,detection,
2392718,17,25,946,946,0,0,0,0,0,0,77,0,0,0,2392,detection,
2392731,2,25,946,946,0,0,0,0,0,0,61,0,0,0,2392,detection,
2392752,13,25,946,946,0,0,0,0,0,0,56,0,0,0,2392,detection,
2392753,22,25,946,946,0,0,0,0,0,0,58,0,0,0,2392,detection,
2393158,18,2,557,557,0,0,0,0,0,0,59,0,0,0,2393,detection,
2393219,26,2,557,557,0,0,0,0,0,0,61,0,0,0,2393,detection,
2393546,6,11,788,788,0,0,0,0,0,0,51,0,0,0,2393,detection,
2393972,17,26,841,841,0,0,0,0,0,0,54,0,0,0,2393,detection,
2394175,20,30,276,506,-230,0,44,70,26,0,52,0,72,55,2394,detection,
2394531,18,13,915,915,0,70,0,0,0,0,77,0,48,40,2394,detection,
2394537,24,13,915,915,0,70,0,0,0,0,92,0,48,40,2394,detection,
2394543,3,13,915,915,0,70,0,0,0,0,62,0,55,40,2394,detection,
2394584,19,13,915,915,0,70,0,0,0,0,75,0,48,40,2394,detection,
2394607,2,13,915,915,0,70,0,0,0,0,65,0,48,40,2394,detection,
2395848,23,22,532,532,0,0,0,0,0,0,64,0,0,0,2395,detection,
2397917,20,6,788,788,0,0,0,100,0,16,56,0,60,40,2397,detection,
2405201,21,25,600,600,0,0,0,0,0,0,59,0,0,0,2405,detection,
2405218,17,25,600,600,0,0,0,0,0,0,83,0,0,0,2405,detection,
2405230,2,25,600,600,0,0,0,0,0,0,67,0,0,0,2405,detection,
2405249,22,25,600,600,0,0,0,0,0,0,56,0,0,0,2405,detection,
2406407,14,4,1368,1368,0,0,0,0,0,0,59,0,0,0,2406,detection,
2407030,18,16,1069,1069,0,0,0,0,0,0,54,0,0,0,2407,detection,
2407287,5,22,762,762,0,0,0,0,0,0,57,0,0,0,2407,detection,
2407326,10,22,762,762,0,0,0,0,0,0,51,0,0,0,2407,detection,
2407367,12,22,762,762,0,0,0,0,0,0,40,0,0,0,2407,detection,
2407376,13,22,762,762,0,0,0,0,0,0,58,0,0,0,2407,detection,
2408339,7,2,1112,1112,0,0,0,0,0,0,49,0,0,0,2408,detection,
2408369,25,2,1112,1112,0,0,0,0,0,0,55,0,0,0,2408,detection,
2408796,20,8,856,856,0,0,0,0,0,0,54,0,0,0,2408,detection,
2409463,19,12,856,856,0,0,0,0,0,0,57,0,0,0,2409,detection,
2413729,2,13,1014,1014,0,0,0,0,0,0,68,0,0,0,2413,detection,
2413742,12,13,1014,1014,0,0,0,0,0,0,59,0,0,0,2413,detection,
2413777,18,13,1014,1014,0,0,0,0,0,0,76,0,0,0,2413,detection,
2415078,21,16,1107,1107,0,0,0,0,0,0,60,0,0,0,2415,detection,
2415614,25,2,856,856,0,0,0,0,0,0,56,0,0,0,2415,detection,
2417847,17,21,1112,1112,0,0,0,0,0,0,56,0,0,0,2417,detection,
2417957,26,21,1112,1112,0,0,0,0,0,0,66,0,0,0,2417,detection,
2418645,8,9,788,788,0,0,0,0,0,0,59,0,0,0,2418,detection,
2418666,3,9,788,788,0,0,0,0,0,0,44,0,0,0,2418,detection,
2419510,4,16,1107,1107,0,0,0,0,0,0,67,0,0,0,2419,detection,
2420829,26,17,532,532,0,0,0,0,0,0,82,0,0,0,2420,detection,
2421047,20,19,823,823,0,0,0,0,0,0,58,0,0,0,2421,detection,
2421048,6,19,823,823,0,0,0,0,0,0,54,0,0,0,2421,detection,
2421052,15,19,823,823,0,0,0,0,0,0,54,0,0,0,2421,detection,
2421085,28,19,823,823,0,0,0,0,0,0,60,0,0,0,2421,detection,
2421164,9,10,969,969,0,0,0,0,0,0,74,0,0,0,2421,detection,
2421177,24,10,969,969,0,0,0,0,0,0,56,0,0,0,2421,detection,
2421215,7,10,969,969,0,0,0,0,0,0,70,0,0,0,2421,detection,
2422640,8,3,888,888,0,0,0,0,0,0,73,0,0,0,2422,detection,
2423339,7,29,276,532,-256,0,44,100,25,0,62,0,54,40,2423,detection,
2423790,3,29,276,532,-256,0,35,100,0,0,92,0,48,40,2423,detection,
2424421,3,9,788,788,0,0,0,0,0,0,44,0,0,0,2424,detection,
2424464,7,9,788,788,0,0,0,0,0,0,63,0,0,0,2424,detection,
2426454,26,17,532,532,0,0,0,0,0,0,83,0,0,0,2426,detection,
2426455,21,17,532,532,0,0,0,0,0,0,74,0,0,0,2426,detection,
2426497,22,17,532,532,0,0,0,0,0,0,90,0,0,0,2426,detection,
2427225,2,25,651,651,0,0,0,0,0,0,67,0,0,0,2427,detection,
2429528,18,13,1044,1044,0,0,0,0,0,0,68,0,0,0,2429,detection,
2430769,8,27,788,788,0,0,0,0,0,0,61,0,0,0,2430,detection,
2430821,10,27,788,788,0,0,0,0,0,0,63,0,0,0,2430,detection,
2431425,15,11,1176,1176,0,0,0,0,0,0,67,0,0,0,2431,detection,
2432645,14,22,762,762,0,0,0,0,0,0,52,0,0,0,2432,detection,
2432658,18,22,762,762,0,0,0,0,0,0,61,0,0,0,2432,detection,
2432848,17,21,1044,1044,0,0,0,0,0,0,56,0,0,0,2432,detection,
2433040,3,9,762,762,0,0,0,0,0,0,43,0,0,0,2433,detection,
2433066,16,15,1044,1044,0,0,0,0,0,0,61,0,0,0,2433,detection,
2433087,19,15,1044,1044,0,0,0,0,0,0,62,0,0,0,2433,detection,
2435364,12,13,1044,1044,0,0,0,0,0,0,62,0,0,0,2435,detection,
2435402,18,13,1044,1044,0,0,0,0,0,0,69,0,0,0,2435,detection,
2438290,3,29,276,532,-256,0,35,100,0,0,91,0,48,40,2438,detection,
2438539,3,29,276,532,-256,0,35,100,0,0,90,0,48,40,2438,detection,
2438761,4,16,1368,1368,0,0,0,0,0,0,65,0,0,0,2438,detection,
2443548,15,13,788,788,0,0,0,0,0,0,76,0,0,0,2443,detection,
2443612,12,13,788,788,0,0,0,0,0,0,63,0,0,0,2443,detection,
2443650,18,13,788,788,0,0,0,0,0,0,69,0,0,0,2443,detection,
2444873,13,14,557,557,0,0,0,0,0,0,55,0,0,0,2444,detection,
2444950,10,14,557,557,0,0,0,0,0,0,60,0,0,0,2444,detection,
2444962,19,14,557,557,0,0,0,0,0,0,58,0,0,0,2444,detection,
2445415,3,9,969,969,0,0,0,0,0,0,44,0,0,0,2445,detection,
2446461,19,15,1018,1018,0,0,0,0,0,0,61,0,0,0,2446,detection,
2446549,20,15,1018,1018,0,0,0,0,0,0,68,0,0,0,2446,detection,
2447041,5,31,276,532,-256,0,44,70,27,0,63,0,45,40,2447,detection,
2448502,22,16,1427,1427,0,0,0,0,0,0,48,0,0,0,2448,detection,
2448618,25,27,790,790,0,0,0,0,0,0,66,0,0,0,2448,detection,
2450332,26,7,1300,1300,0,0,0,0,0,0,57,0,0,0,2450,detection,
2450851,2,25,788,788,0,0,0,0,0,0,65,0,0,0,2450,detection,
2452741,25,2,1069,1069,0,0,0,0,0,0,54,0,0,0,2452,detection,
2455123,27,4,1044,1044,0,0,0,0,0,0,61,0,0,0,2455,detection,
2455127,22,4,1044,1044,0,0,0,0,0,0,63,0,0,0,2455,detection,
2455143,14,4,1044,1044,0,0,0,0,0,0,58,0,0,0,2455,detection,
2455851,2,25,532,532,0,0,0,0,0,0,67,0,0,0,2455,detection,
2458987,11,22,788,788,0,0,0,0,0,0,54,0,0,0,2458,detection,
2458999,13,22,788,788,0,0,0,0,0,0,57,0,0,0,2458,detection,
2459000,27,22,788,788,0,0,0,0,0,0,59,0,0,0,2459,detection,
2459008,4,22,788,788,0,0,0,0,0,0,55,0,0,0,2459,detection,
2459033,18,22,788,788,0,0,0,0,0,0,60,0,0,0,2459,detection,
2459046,20,22,788,788,0,0,0,0,0,0,59,0,0,0,2459,detection,
2459063,16,22,788,788,0,0,0,0,0,0,52,0,0,0,2459,detection,
2459072,10,22,788,788,0,0,0,0,0,0,54,0,0,0,2459,detection,
2459089,19,22,788,788,0,0,0,0,0,0,50,0,0,0,2459,detection,
2459144,14,13,788,788,0,0,0,0,0,0,60,0,0,0,2459,detection,
2459152,18,13,788,788,0,0,0,0,0,0,68,0,0,0,2459,detection,
2460163,24,31,276,506,-230,0,46,70,0,0,47,0,67,55,2460,detection,
2460287,5,31,276,506,-230,0,40,100,3,0,61,0,57,40,2460,detection,
2463109,11,30,276,276,0,0,0,100,30,7,60,0,60,40,2463,detection,
2465007,4,16,532,532,0,0,0,0,0,0,65,0,0,0,2465,detection,
2465024,8,16,532,532,0,0,0,0,0,0,61,0,0,0,2465,detection,
2465072,10,16,532,532,0,0,0,0,0,0,54,0,0,0,2465,detection,
2465126,22,16,532,532,0,0,0,0,0,0,49,0,0,0,2465,detection,
2465570,10,16,532,532,0,0,0,0,0,0,54,0,0,0,2465,detection,
2465642,8,16,532,532,0,0,0,0,0,0,61,0,0,0,2465,detection,
2466122,13,22,788,788,0,0,0,0,0,0,57,0,0,0,2466,detection,
2466126,27,22,788,788,0,0,0,0,0,0,58,0,0,0,2466,detection,
2466134,4,22,788,788,0,0,0,0,0,0,55,0,0,0,2466,detection,
2466152,18,22,788,788,0,0,0,0,0,0,59,0,0,0,2466,detection,
2466182,16,22,788,788,0,0,0,0,0,0,52,0,0,0,2466,detection,
2466237,11,22,788,788,0,0,0,0,0,0,54,0,0,0,2466,detection,
2467534,5,31,276,276,0,0,0,100,25,7,67,0,48,40,2467,detection,
2467535,24,31,276,276,0,0,0,70,29,8,52,0,69,55,2467,detection,
2467636,4,31,276,276,0,0,0,0,0,0,66,0,0,0,2467,detection,
2467856,11,22,788,788,0,0,0,0,0,0,53,0,0,0,2467,detection,
2467894,8,22,788,788,0,0,0,0,0,0,58,0,0,0,2467,detection,
2467902,18,22,788,788,0,0,0,0,0,0,59,0,0,0,2467,detection,
2467933,16,22,788,788,0,0,0,0,0,0,51,0,0,0,2467,detection,
2468173,6,8,1044,1044,0,0,0,0,0,0,57,0,0,0,2468,detection,
2468614,11,19,823,823,0,0,0,0,0,0,57,0,0,0,2468,detection,
2468669,6,19,823,823,0,0,0,0,0,0,54,0,0,0,2468,detection,
2469103,1,7,1044,1044,0,0,0,0,0,0,38,0,0,0,2469,detection,
2469206,26,7,1044,1044,0,0,0,0,0,0,56,0,0,0,2469,detection,
2469964,7,10,788,788,0,0,0,0,0,0,73,0,0,0,2469,detection,
2469996,11,10,788,788,0,0,0,0,0,0,62,0,0,0,2469,detection,
2470024,8,10,788,788,0,0,0,0,0,0,58,0,0,0,2470,detection,
2470956,26,7,1044,1044,0,0,0,0,0,0,56,0,0,0,2470,detection,
2471270,8,10,788,788,0,0,0,0,0,0,58,0,0,0,2471,detection,
2475003,27,21,788,788,0,0,0,0,0,0,56,0,0,0,2475,detection,
2475030,18,22,800,800,0,0,0,0,0,0,58,0,0,0,2475,detection,
2476201,10,18,580,580,0,0,0,0,0,0,53,0,0,0,2476,detection,
2476205,19,18,580,580,0,0,0,0,0,0,58,0,0,0,2476,detection,
2476240,11,18,580,580,0,0,0,0,0,0,55,0,0,0,2476,detection,
2476457,19,18,580,580,0,0,0,0,0,0,58,0,0,0,2476,detection,
2476766,8,10,788,788,0,0,0,0,0,0,58,0,0,0,2476,detection,
2476779,18,10,788,788,0,0,0,0,0,0,64,0,0,0,2476,detection,
2476814,16,10,788,788,0,0,0,0,0,0,61,0,0,0,2476,detection,
2476835,7,10,788,788,0,0,0,0,0,0,71,0,0,0,2476,detection,
2476944,1,7,1044,1044,0,0,0,0,0,0,38,0,0,0,2476,detection,
2476956,26,7,1044,1044,0,0,0,0,0,0,55,0,0,0,2476,detection,
2477083,26,8,788,1300,-512,100,93,100,62,8,57,0,56,40,2477,detection,
2477270,8,10,788,788,0,0,0,0,0,0,53,0,0,0,2477,detection,
2477361,11,10,788,788,0,0,0,0,0,0,61,0,0,0,2477,detection,
2477582,26,7,1044,1044,0,0,0,0,0,0,55,0,0,0,2477,detection,
2477700,10,4,813,813,0,0,0,0,0,0,61,0,0,0,2477,detection,
2477703,21,4,813,813,0,0,0,0,0,0,66,0,0,0,2477,detection,
2477708,23,4,813,813,0,0,0,0,0,0,66,0,0,0,2477,detection,
2477741,12,4,813,813,0,0,0,0,0,0,65,0,0,0,2477,detection,
2477952,21,27,790,790,0,0,0,0,0,0,55,0,0,0,2477,detection,
2478079,26,8,788,1300,-512,100,94,100,0,8,56,0,56,40,2478,detection,
2478089,7,8,788,1300,-512,100,92,100,61,8,58,0,56,40,2478,detection,
2479122,13,22,773,773,0,0,0,0,0,0,57,0,0,0,2479,detection,
2479135,4,22,773,773,0,0,0,0,0,0,54,0,0,0,2479,detection,
2479152,18,22,773,773,0,0,0,0,0,0,53,0,0,0,2479,detection,
2479185,16,22,773,773,0,0,0,0,0,0,51,0,0,0,2479,detection,
2479199,10,22,773,773,0,0,0,0,0,0,54,0,0,0,2479,detection,
2479207,19,22,773,773,0,0,0,0,0,0,45,0,0,0,2479,detection,
2479237,11,22,773,773,0,0,0,0,0,0,53,0,0,0,2479,detection,
2479582,19,22,773,773,0,0,0,0,0,0,45,0,0,0,2479,detection,
2479609,11,22,773,773,0,0,0,0,0,0,53,0,0,0,2479,detection,
2479628,4,22,773,773,0,0,0,0,0,0,54,0,0,0,2479,detection,
2479641,8,22,773,773,0,0,0,0,0,0,58,0,0,0,2479,detection,
2479664,18,22,773,773,0,0,0,0,0,0,53,0,0,0,2479,detection,
2479686,16,22,773,773,0,0,0,0,0,0,47,0,0,0,2479,detection,
2479695,10,22,773,773,0,0,0,0,0,0,54,0,0,0,2479,detection,
2480198,10,16,532,532,0,0,0,0,0,0,55,0,0,0,2480,detection,
2480253,22,16,532,532,0,0,0,0,0,0,49,0,0,0,2480,detection,
2480622,22,16,532,532,0,0,0,0,0,0,49,0,0,0,2480,detection,
2480635,4,16,532,532,0,0,0,0,0,0,66,0,0,0,2480,detection,
2480644,8,16,532,532,0,0,0,0,0,0,58,0,0,0,2480,detection,
2480666,18,16,532,532,0,0,0,0,0,0,59,0,0,0,2480,detection,
2480694,10,16,532,532,0,0,0,0,0,0,55,0,0,0,2480,detection,
2480978,1,7,788,788,0,100,0,0,0,0,45,0,62,40,2480,detection,
2481080,26,7,788,788,0,100,0,0,0,0,66,0,49,40,2481,detection,
2481332,26,7,788,788,0,100,0,0,0,0,74,0,49,40,2481,detection,
2481838,28,30,276,532,-256,0,46,100,0,0,57,0,60,40,2481,detection,
2482155,18,31,276,276,0,0,0,100,30,8,58,50,98,100,2482,detection,
2482398,8,3,852,852,0,0,0,0,0,0,70,0,0,0,2482,detection,
2482420,6,3,852,852,0,0,0,0,0,0,60,0,0,0,2482,detection,
2482463,19,3,852,852,0,0,0,0,0,0,65,0,0,0,2482,detection,
2485662,5,11,595,595,0,0,0,0,0,0,63,0,0,0,2485,detection,
2485671,6,11,595,595,0,0,0,0,0,0,56,0,0,0,2485,detection,
2485785,5,11,595,595,0,0,0,0,0,0,59,0,0,0,2485,detection,
2485788,24,11,595,595,0,0,0,0,0,0,59,0,0,0,2485,detection,
2487037,5,12,1044,1044,0,0,0,0,0,0,86,0,0,0,2487,detection,
2487114,11,12,1044,1044,0,0,0,0,0,0,56,0,0,0,2487,detection,
2487709,28,13,1069,1069,0,100,0,0,0,0,82,0,49,40,2487,detection,
2487714,7,13,1069,1069,0,100,0,0,0,0,79,0,49,40,2487,detection,
2487962,7,29,276,532,-256,0,45,100,0,0,61,0,57,40,2487,detection,
2488350,1,7,788,788,0,100,0,0,0,0,53,0,56,40,2488,detection,
2488457,26,7,788,788,0,100,0,0,0,0,88,0,49,40,2488,detection,
2488662,24,31,276,532,-256,0,47,100,31,16,55,0,60,40,2488,detection,
2488664,18,31,276,532,-256,0,46,100,31,16,57,0,60,40,2488,detection,
2488665,5,31,276,532,-256,0,43,100,28,15,65,0,48,40,2488,detection,
2488734,11,31,276,532,-256,0,43,70,93,0,65,0,48,40,2488,detection,
2488750,22,31,276,532,-256,0,45,70,0,0,59,0,61,40,2488,detection,
2488759,4,31,276,532,-256,0,42,70,28,7,68,0,42,40,2488,detection,
2490212,7,29,276,532,-256,0,45,100,0,0,60,0,60,40,2490,detection,
2491332,26,7,788,788,0,100,0,0,0,0,99,0,49,40,2491,detection,
2491711,28,10,575,575,0,0,0,0,0,0,59,0,0,0,2491,detection,
2491763,1,7,788,788,0,0,0,0,0,0,50,0,0,0,2491,detection,
2492060,16,30,276,276,0,0,0,0,29,0,64,0,0,0,2492,detection,
2492082,28,30,276,276,0,0,0,100,30,8,58,0,60,40,2492,detection,
2493420,6,8,788,788,0,0,0,0,0,0,61,0,0,0,2493,detection,
2493860,11,31,276,532,-256,0,45,100,0,0,60,0,60,40,2493,detection,
2493872,22,31,276,532,-256,0,45,100,0,0,59,0,60,40,2493,detection,
2493877,13,31,276,532,-256,0,43,100,7,0,64,0,48,40,2493,detection,
2493881,4,31,276,532,-256,0,42,100,0,7,67,0,48,40,2493,detection,
2493912,24,31,276,532,-256,0,45,100,0,15,59,0,60,40,2493,detection,
2494020,8,25,969,969,0,0,0,0,0,0,66,0,0,0,2494,detection,
2494102,2,25,969,969,0,0,0,0,0,0,65,0,0,0,2494,detection,
2494622,22,31,276,532,-256,0,46,100,0,0,58,0,60,40,2494,detection,
2494622,13,31,276,532,-256,0,43,100,0,0,64,0,48,40,2494,detection,
2494631,4,31,276,532,-256,0,43,100,0,7,65,0,48,40,2494,detection,
2496416,20,9,1069,1069,0,0,0,0,0,0,60,0,0,0,2496,detection,
2496493,12,9,1069,1069,0,0,0,0,0,0,59,0,0,0,2496,detection,
2497188,16,10,621,621,0,0,0,0,0,0,64,0,0,0,2497,detection,
2497205,28,10,621,621,0,0,0,0,0,0,59,0,0,0,2497,detection,
2497834,28,30,276,301,-25,0,4,100,2,15,59,0,60,40,2497,detection,
2497934,16,30,276,301,-25,0,4,35,2,7,61,0,0,0,2497,detection,
2497952,10,30,276,301,-25,0,4,35,27,0,57,0,0,0,2497,detection,
2498058,16,30,276,301,-25,0,4,35,0,7,62,0,0,0,2498,detection,
2498072,10,30,276,301,-25,0,4,70,0,0,58,0,61,40,2498,detection,
2498084,21,30,276,301,-25,0,4,35,26,0,62,0,0,0,2498,detection,
2499234,11,31,276,276,0,0,0,100,28,7,65,0,48,40,2499,detection,
2499247,13,31,276,276,0,0,0,100,28,7,65,0,48,40,2499,detection,
2499251,22,31,276,276,0,0,0,100,30,7,59,0,60,40,2499,detection,
2499259,4,31,276,276,0,0,0,100,28,15,66,0,48,40,2499,detection,
2499661,24,31,276,276,0,0,0,0,30,0,59,0,0,0,2499,detection,
2499684,16,31,276,276,0,0,0,100,34,9,47,0,65,55,2499,detection,
2499734,11,31,276,276,0,0,0,100,0,7,67,0,48,40,2499,detection,
2499747,22,31,276,276,0,0,0,100,0,8,56,0,60,40,2499,detection,
2499747,13,31,276,276,0,0,0,100,0,7,67,0,48,40,2499,detection,
2499757,4,31,276,276,0,0,0,100,0,14,68,0,48,40,2499,detection,
2499868,12,5,1300,1812,-512,100,93,100,62,8,57,0,56,40,2499,detection,
2500663,3,18,805,805,0,0,0,0,0,0,58,0,0,0,2500,detection,
2500664,5,18,805,805,0,0,0,0,0,0,43,0,0,0,2500,detection,
2501209,28,13,276,276,0,100,0,0,0,0,93,0,49,40,2501,detection,
2501213,7,13,276,276,0,100,0,0,0,0,90,0,49,40,2501,detection,
2501706,28,13,276,276,0,100,0,0,0,0,100,0,49,40,2501,detection,
2501710,7,13,276,276,0,100,0,0,0,0,100,0,49,40,2501,detection,
2501789,24,13,276,276,0,100,0,0,0,0,96,0,49,40,2501,detection,
2502248,1,7,557,557,0,0,0,0,0,0,43,0,0,0,2502,detection,
2503249,13,31,276,20,256,0,39,100,26,6,76,0,48,40,2503,detection,
2505412,3,18,788,788,0,0,0,0,0,0,58,0,0,0,2505,detection,
2505612,11,22,276,788,-512,100,94,100,62,8,56,0,56,40,2505,detection,
2505667,9,22,276,788,-512,100,100,100,71,9,44,0,64,40,2505,detection,
2506113,1,23,813,813,0,0,0,0,0,0,48,0,0,0,2506,detection,
2508490,25,2,1300,1300,0,0,0,0,0,0,56,0,0,0,2508,detection,
2508537,5,30,276,532,-256,0,46,100,19,0,57,0,60,40,2508,detection,
2508566,16,30,276,532,-256,0,43,70,26,7,64,0,46,40,2508,detection,
2508574,10,30,276,532,-256,0,48,73,29,0,53,0,70,55,2508,detection,
2508575,21,30,276,532,-256,0,45,70,27,0,61,0,71,55,2508,detection,
2509173,6,28,813,1325,-512,100,92,100,61,8,58,0,56,40,2509,detection,
2509175,24,28,813,1325,-512,100,92,100,61,8,58,0,56,40,2509,detection,
2509257,4,9,788,788,0,0,0,0,0,0,60,0,0,0,2509,detection,
2509293,20,9,788,788,0,0,0,0,0,0,59,0,0,0,2509,detection,
2509320,10,16,532,532,0,0,0,0,0,0,55,0,0,0,2509,detection,
2509751,13,31,276,276,0,0,0,100,27,7,72,0,48,40,2509,detection,
2510535,8,22,276,788,-512,100,92,100,61,8,58,0,56,40,2510,detection,
2510540,9,22,276,788,-512,100,100,100,0,9,44,0,64,40,2510,detection,
2511708,26,21,276,788,-512,100,87,100,58,7,64,0,49,40,2511,detection,
2511917,24,10,714,714,0,0,0,0,0,0,52,0,0,0,2511,detection,
2511938,16,10,714,714,0,0,0,0,0,0,63,0,0,0,2511,detection,
2511956,28,10,714,714,0,0,0,0,0,0,59,0,0,0,2511,detection,
2511963,7,10,714,714,0,0,0,0,0,0,71,0,0,0,2511,detection,
2512288,24,10,714,714,0,0,0,0,0,0,52,0,0,0,2512,detection,
2512337,7,10,714,714,0,0,0,0,0,0,70,0,0,0,2512,detection,
2512370,28,10,714,714,0,0,0,0,0,0,54,0,0,0,2512,detection,
2512975,17,26,788,788,0,0,0,0,0,0,57,0,0,0,2512,detection,
2512996,25,26,788,788,0,0,0,0,0,0,62,0,0,0,2512,detection,
2514143,14,9,788,788,0,0,0,0,0,0,56,0,0,0,2514,detection,
2514167,20,9,788,788,0,0,0,0,0,0,59,0,0,0,2514,detection,
2514207,26,9,788,788,0,0,0,0,0,0,57,0,0,0,2514,detection,
2517082,1,23,788,788,0,0,0,0,0,0,46,0,0,0,2517,detection,
2517107,2,25,1300,1300,0,0,0,0,0,0,64,0,0,0,2517,detection,
2517142,8,25,1300,1300,0,0,0,0,0,0,61,0,0,0,2517,detection,
2517210,26,25,1300,1300,0,0,0,0,0,0,57,0,0,0,2517,detection,
2518539,24,31,276,319,-43,0,7,66,5,7,59,0,62,40,2518,detection,
2524711,23,13,532,532,0,0,0,0,0,0,72,0,0,0,2524,detection,
2524783,24,13,532,532,0,0,0,0,0,0,96,0,0,0,2524,detection,
2524994,1,23,788,788,0,0,0,0,0,0,44,0,0,0,2524,detection,
2525488,11,22,276,788,-512,100,94,100,0,8,56,0,56,40,2525,detection,
2525539,9,22,276,788,-512,100,100,100,0,9,44,0,64,40,2525,detection,
2525547,20,22,276,788,-512,100,90,100,60,7,61,0,54,40,2525,detection,
2525589,23,22,276,788,-512,100,88,100,59,7,63,0,49,40,2525,detection,
2526477,2,25,788,788,0,0,0,0,0,0,62,0,0,0,2526,detection,
2527615,25,2,1378,1378,0,0,0,0,0,0,62,0,0,0,2527,detection,
2528252,1,23,788,788,0,0,0,0,0,0,38,0,0,0,2528,detection,
2528415,24,28,788,1300,-512,100,93,100,0,8,57,0,56,40,2528,detection,
2528915,20,9,788,788,0,0,0,0,0,0,58,0,0,0,2528,detection,
2529285,24,10,532,532,0,0,0,0,0,0,58,0,0,0,2529,detection,
2529314,16,10,532,532,0,0,0,0,0,0,64,0,0,0,2529,detection,
2529336,23,10,532,532,0,0,0,0,0,0,63,0,0,0,2529,detection,
2529336,7,10,532,532,0,0,0,0,0,0,73,0,0,0,2529,detection,
2531213,7,29,276,532,-256,0,45,100,0,0,59,0,60,40,2531,detection,
2531247,13,31,276,306,-30,0,4,85,3,14,71,0,48,40,2531,detection,
2532772,8,3,852,852,0,0,0,0,0,0,68,0,0,0,2532,detection,
2532786,24,13,788,1300,-512,100,67,100,45,5,98,0,49,40,2532,detection,
2533285,24,28,788,788,0,0,0,100,64,16,53,0,60,40,2533,detection,
2533293,3,28,788,788,0,0,0,0,0,0,59,0,0,0,2533,detection,
2533296,6,28,788,788,0,0,0,100,62,16,57,0,60,40,2533,detection,
2533509,4,17,969,969,0,0,0,0,0,0,100,0,0,0,2533,detection,
2533561,16,17,969,969,0,0,0,0,0,0,60,0,0,0,2533,detection,
2533577,21,17,969,969,0,0,0,0,0,0,71,0,0,0,2533,detection,
2533582,26,17,969,969,0,0,0,0,0,0,78,0,0,0,2533,detection,
2533620,25,17,969,969,0,0,0,0,0,0,68,0,0,0,2533,detection,
2534386,4,25,1300,1300,0,0,0,0,0,0,67,0,0,0,2534,detection,
2534475,2,25,1300,1300,0,0,0,0,0,0,60,0,0,0,2534,detection,
2536457,26,21,698,698,0,0,0,100,58,15,64,0,48,40,2536,detection,
2536470,17,21,698,698,0,0,0,0,0,0,56,0,0,0,2536,detection,
2536709,7,10,532,532,0,0,0,0,0,0,74,0,0,0,2536,detection,
2536773,8,4,813,813,0,0,0,0,0,0,64,0,0,0,2536,detection,
2536865,2,4,813,813,0,0,0,0,0,0,65,0,0,0,2536,detection,
2536867,12,4,813,813,0,0,0,0,0,0,66,0,0,0,2536,detection,
2537462,19,12,554,554,0,0,0,0,0,0,58,0,0,0,2537,detection,
2538412,24,13,1044,1044,0,0,0,100,47,12,89,0,48,40,2538,detection,
2538869,25,26,1044,1044,0,0,0,0,0,0,68,0,0,0,2538,detection,
2538955,21,26,1044,1044,0,0,0,0,0,0,49,0,0,0,2538,detection,
2539448,21,25,1300,1300,0,0,0,0,0,0,58,0,0,0,2539,detection,
2539470,17,25,1300,1300,0,0,0,0,0,0,79,0,0,0,2539,detection,
2539478,2,25,1300,1300,0,0,0,0,0,0,63,0,0,0,2539,detection,
2539504,4,25,1300,1300,0,0,0,0,0,0,66,0,0,0,2539,detection,
2540119,12,5,788,788,0,0,0,100,60,15,60,0,60,40,2540,detection,
2542146,1,23,1300,1300,0,0,0,0,0,0,41,0,0,0,2542,detection,
2542783,5,14,851,851,0,0,0,0,0,0,64,0,0,0,2542,detection,
2542825,10,14,851,851,0,0,0,0,0,0,65,0,0,0,2542,detection,
2542838,19,14,851,851,0,0,0,0,0,0,63,0,0,0,2542,detection,
2544537,24,28,1044,1044,0,0,0,100,0,15,59,0,60,40,2544,detection,
2544545,3,28,1044,1044,0,0,0,0,0,0,61,0,0,0,2544,detection,
2544545,6,28,1044,1044,0,0,0,100,0,15,59,0,60,40,2544,detection,
2544826,16,25,1044,1044,0,0,0,0,0,0,58,0,0,0,2544,detection,
2544827,21,25,1044,1044,0,0,0,0,0,0,59,0,0,0,2544,detection,
2544831,26,25,1044,1044,0,0,0,0,0,0,62,0,0,0,2544,detection,
2544844,17,25,1044,1044,0,0,0,0,0,0,81,0,0,0,2544,detection,
2546710,28,30,276,532,-256,0,46,70,27,0,58,25,71,55,2546,detection,
2546745,12,30,276,532,-256,0,40,100,0,0,74,0,48,40,2546,detection,
2547438,16,10,532,532,0,0,0,0,0,0,64,0,0,0,2547,detection,
2547458,28,10,532,532,0,0,0,0,0,0,59,0,0,0,2547,detection,
2547459,7,10,532,532,0,0,0,0,0,0,75,0,0,0,2547,detection,
2548485,11,22,276,788,-512,100,94,100,0,8,56,0,56,40,2548,detection,
2548544,20,22,276,788,-512,100,94,100,0,8,56,0,56,40,2548,detection,
2549549,15,13,1081,1081,0,0,0,0,0,0,72,0,0,0,2549,detection,
2549839,1,23,1044,1044,0,0,0,0,0,0,42,0,0,0,2549,detection,
2551059,16,25,788,788,0,0,0,0,0,0,58,0,0,0,2551,detection,
2551072,21,25,788,788,0,0,0,0,0,0,58,0,0,0,2551,detection,
2551084,26,25,788,788,0,0,0,0,0,0,61,0,0,0,2551,detection,
2551093,17,25,788,788,0,0,0,0,0,0,77,0,0,0,2551,detection,
2551835,28,8,788,788,0,0,0,0,0,0,60,0,0,0,2551,detection,
2551848,17,8,788,788,0,0,0,0,0,0,64,0,0,0,2551,detection,
2554655,18,2,1044,1044,0,0,0,0,0,0,61,0,0,0,2554,detection,
2555209,28,12,532,532,0,0,0,0,0,0,91,0,0,0,2555,detection,
2555213,19,12,532,532,0,0,0,0,0,0,59,0,0,0,2555,detection,
2555249,13,16,718,718,0,0,0,0,0,0,47,0,0,0,2555,detection,
2555322,10,16,718,718,0,0,0,0,0,0,54,0,0,0,2555,detection,
2555330,21,16,718,718,0,0,0,0,0,0,59,0,0,0,2555,detection,
2555339,23,16,718,718,0,0,0,0,0,0,62,0,0,0,2555,detection,
2555347,17,16,718,718,0,0,0,0,0,0,58,0,0,0,2555,detection,
2555798,15,13,1288,1288,0,0,0,0,0,0,69,0,0,0,2555,detection,
2556206,28,12,532,532,0,0,0,0,0,0,95,0,0,0,2556,detection,
2556217,17,25,532,532,0,0,0,0,0,0,78,0,0,0,2556,detection,
2556272,8,25,532,532,0,0,0,0,0,0,67,0,0,0,2556,detection,
2556307,16,25,532,532,0,0,0,0,0,0,59,0,0,0,2556,detection,
2556325,21,25,532,532,0,0,0,0,0,0,59,0,0,0,2556,detection,
2556328,26,25,532,532,0,0,0,0,0,0,62,0,0,0,2556,detection,
2557462,7,29,276,736,-460,0,82,100,24,0,59,0,58,40,2557,detection,
2558204,21,26,788,788,0,0,0,0,0,0,53,0,0,0,2558,detection,
2558221,17,26,788,788,0,0,0,0,0,0,57,0,0,0,2558,detection,
2560171,20,15,718,718,0,0,0,0,0,0,67,0,0,0,2560,detection,
2560190,16,15,718,718,0,0,0,0,0,0,61,0,0,0,2560,detection,
2560408,5,18,788,788,0,0,0,0,0,0,48,0,0,0,2560,detection,
2560458,19,18,788,788,0,0,0,0,0,0,55,0,0,0,2560,detection,
2562167,20,9,532,532,0,0,0,0,0,0,59,0,0,0,2562,detection,
2562837,7,29,276,736,-460,0,82,100,0,0,59,0,58,40,2562,detection,
2565575,1,23,1044,1044,0,0,0,0,0,0,43,0,0,0,2565,detection,
2565803,15,31,276,571,-295,0,57,88,38,0,50,0,60,40,2565,detection,
2565809,16,31,276,571,-295,0,57,100,38,16,51,0,60,40,2565,detection,
2565872,13,31,276,571,-295,0,48,100,29,14,68,0,48,40,2565,detection,
2566206,19,18,788,788,0,0,0,0,0,0,55,0,0,0,2566,detection,
2566212,28,18,788,788,0,0,0,0,0,0,60,0,0,0,2566,detection,
2566285,5,18,788,788,0,0,0,0,0,0,44,0,0,0,2566,detection,
2566289,24,18,788,788,0,0,0,0,0,0,59,0,0,0,2566,detection,
2567760,4,27,1044,1044,0,0,0,0,0,0,68,0,0,0,2567,detection,
2567820,10,27,1044,1044,0,0,0,0,0,0,62,0,0,0,2567,detection,
2568819,1,25,788,788,0,0,0,0,0,0,44,0,0,0,2568,detection,
2568827,26,25,788,788,0,0,0,0,0,0,63,0,0,0,2568,detection,
2568844,17,25,788,788,0,0,0,0,0,0,75,0,0,0,2568,detection,
2568882,4,25,788,788,0,0,0,0,0,0,65,0,0,0,2568,detection,
2569223,1,23,788,788,0,0,0,0,0,0,41,0,0,0,2569,detection,
2570243,12,5,905,905,0,35,0,100,0,15,63,0,47,40,2570,detection,
2572548,15,13,1230,1230,0,0,0,0,0,0,67,0,0,0,2572,detection,
2572902,18,2,1044,1044,0,0,0,0,0,0,60,0,0,0,2572,detection,
2573536,5,12,815,815,0,0,0,0,0,0,80,0,0,0,2573,detection,
2573583,19,12,815,815,0,0,0,0,0,0,58,0,0,0,2573,detection,
2573613,11,12,815,815,0,0,0,0,0,0,59,0,0,0,2573,detection,
2573660,1,26,788,788,0,0,0,0,0,0,36,0,0,0,2573,detection,
2573721,17,26,788,788,0,0,0,0,0,0,56,0,0,0,2573,detection,
2573742,25,26,788,788,0,0,0,0,0,0,66,0,0,0,2573,detection,
2575042,20,15,788,788,0,0,0,0,0,0,65,0,0,0,2575,detection,
2575063,16,15,788,788,0,0,0,0,0,0,60,0,0,0,2575,detection,
2575820,16,31,276,298,-22,0,4,100,33,16,55,0,60,40,2575,detection,
2575925,15,31,276,298,-22,0,4,82,34,0,54,0,60,40,2575,detection,
2576868,2,14,851,851,0,0,0,0,0,0,62,0,0,0,2576,detection,
2576871,25,14,851,851,0,0,0,0,0,0,56,0,0,0,2576,detection,
2576909,5,14,851,851,0,0,0,0,0,0,64,0,0,0,2576,detection,
2577149,1,25,788,788,0,0,0,0,0,0,43,0,0,0,2577,detection,
2577189,16,25,788,788,0,0,0,0,0,0,58,0,0,0,2577,detection,
2577219,26,25,788,788,0,0,0,0,0,0,61,0,0,0,2577,detection,
2577219,17,25,788,788,0,0,0,0,0,0,68,0,0,0,2577,detection,
2577265,4,25,788,788,0,0,0,0,0,0,64,0,0,0,2577,detection,
2577266,8,25,788,788,0,0,0,0,0,0,65,0,0,0,2577,detection,
2577569,10,27,1044,1044,0,0,0,0,0,0,61,0,0,0,2577,detection,
2578273,8,16,718,718,0,0,0,0,0,0,57,0,0,0,2578,detection,
2579499,13,9,551,551,0,0,0,0,0,0,65,0,0,0,2579,detection,
2579540,20,9,551,551,0,0,0,0,0,0,60,0,0,0,2579,detection,
2579542,3,9,551,551,0,0,0,0,0,0,44,0,0,0,2579,detection,
2579581,21,9,551,551,0,0,0,0,0,0,62,0,0,0,2579,detection,
2579601,7,9,551,551,0,0,0,0,0,0,64,0,0,0,2579,detection,
2580918,9,13,1063,1063,0,0,0,0,0,0,57,0,0,0,2580,detection,
2580922,15,13,1063,1063,0,0,0,0,0,0,65,0,0,0,2580,detection,
2580963,7,13,1063,1063,0,0,0,0,0,0,91,0,0,0,2580,detection,
2581042,20,15,532,532,0,0,0,0,0,0,67,0,0,0,2581,detection,
2581047,6,15,532,532,0,0,0,0,0,0,53,0,0,0,2581,detection,
2581056,16,15,532,532,0,0,0,0,0,0,58,0,0,0,2581,detection,
2582084,28,19,766,766,0,0,0,0,0,0,59,0,0,0,2582,detection,
2582114,11,19,766,766,0,0,0,0,0,0,57,0,0,0,2582,detection,
2583464,7,29,276,571,-295,0,53,100,19,0,58,0,60,40,2583,detection,
2583821,16,31,276,532,-256,0,46,100,28,16,58,0,60,40,2583,detection,
2584833,19,18,1274,1274,0,0,0,0,0,0,55,0,0,0,2584,detection,
2584914,24,18,1274,1274,0,0,0,0,0,0,58,0,0,0,2584,detection,
2586068,10,27,788,788,0,0,0,0,0,0,63,0,0,0,2586,detection,
2586129,22,27,788,788,0,0,0,0,0,0,64,0,0,0,2586,detection,
2586837,19,3,852,852,0,0,0,0,0,0,59,0,0,0,2586,detection,
2586876,13,3,852,852,0,0,0,0,0,0,63,0,0,0,2586,detection,
2586882,4,3,852,852,0,0,0,0,0,0,61,0,0,0,2586,detection,
2586917,9,3,852,852,0,0,0,0,0,0,62,0,0,0,2586,detection,
2586922,20,3,852,852,0,0,0,0,0,0,59,0,0,0,2586,detection,
2586922,6,3,852,852,0,0,0,0,0,0,59,0,0,0,2586,detection,
2588411,9,13,807,807,0,0,0,0,0,0,58,0,0,0,2588,detection,
2588419,3,13,807,807,0,0,0,0,0,0,63,0,0,0,2588,detection,
2588423,15,13,807,807,0,0,0,0,0,0,62,0,0,0,2588,detection,
2588461,19,13,807,807,0,0,0,0,0,0,77,0,0,0,2588,detection,
2588461,7,13,807,807,0,0,0,0,0,0,88,0,0,0,2588,detection,
2588727,2,14,758,758,0,0,0,0,0,0,61,0,0,0,2588,detection,
2588740,25,14,758,758,0,0,0,0,0,0,56,0,0,0,2588,detection,
2589896,8,4,852,852,0,100,0,0,0,0,72,0,49,40,2589,detection,
2589918,9,4,852,852,0,100,0,0,0,0,66,0,49,40,2589,detection,
2589919,3,4,852,852,0,100,0,0,0,0,64,0,49,40,2589,detection,
2589923,6,4,852,852,0,100,0,0,0,0,65,0,49,40,2589,detection,
2590542,20,15,1172,1172,0,0,0,0,0,0,65,0,0,0,2590,detection,
2590542,6,15,1172,1172,0,0,0,0,0,0,57,0,0,0,2590,detection,
2590560,16,15,1172,1172,0,0,0,0,0,0,61,0,0,0,2590,detection,
2591999,13,31,276,506,-230,0,37,70,7,0,69,0,48,40,2591,detection,
2592012,4,31,276,506,-230,0,39,100,26,23,65,0,48,40,2592,detection,
2592059,16,31,276,506,-230,0,41,100,3,16,58,0,60,40,2592,detection,
2592838,7,21,660,660,0,0,0,0,0,0,73,0,0,0,2592,detection,
2593310,1,25,739,739,0,0,0,0,0,0,41,0,0,0,2593,detection,
2593310,16,25,739,739,0,0,0,0,0,0,58,0,0,0,2593,detection,
2593343,17,25,739,739,0,0,0,0,0,0,65,0,0,0,2593,detection,
2596097,17,26,532,532,0,0,0,0,0,0,58,0,0,0,2596,detection,
2596916,3,4,903,903,0,80,0,0,0,0,70,0,49,40,2596,detection,
2596938,16,4,903,903,0,80,0,0,0,0,62,0,52,40,2596,detection,
2596976,17,4,903,903,0,80,0,0,0,0,61,0,54,40,2596,detection,
2596979,2,4,903,903,0,80,0,0,0,0,71,0,49,40,2596,detection,
2596997,25,4,903,903,0,80,0,0,0,0,62,0,52,40,2596,detection,
2597018,8,4,903,903,0,80,0,0,0,0,79,0,49,40,2597,detection,
2597193,10,27,813,813,0,0,0,0,0,0,60,0,0,0,2597,detection,
2597249,22,27,813,813,0,0,0,0,0,0,65,0,0,0,2597,detection,
2598562,16,15,1230,1230,0,0,0,0,0,0,61,0,0,0,2598,detection,
2599312,15,2,1301,1301,0,0,0,0,0,0,57,0,0,0,2599,detection,
2599335,26,2,1301,1301,0,0,0,0,0,0,60,0,0,0,2599,detection,
2599395,14,2,1301,1301,0,0,0,0,0,0,61,0,0,0,2599,detection,
2599407,18,2,1301,1301,0,0,0,0,0,0,60,0,0,0,2599,detection,
2599837,7,13,807,807,0,0,0,0,0,0,81,0,0,0,2599,detection,
2600044,6,15,974,974,0,0,0,0,0,0,58,0,0,0,2600,detection,
2600048,20,15,974,974,0,0,0,0,0,0,62,0,0,0,2600,detection,
2600058,16,15,974,974,0,0,0,0,0,0,62,0,0,0,2600,detection,
2602378,4,9,549,549,0,0,0,0,0,0,58,0,0,0,2602,detection,
2602415,20,9,549,549,0,0,0,0,0,0,60,0,0,0,2602,detection,
2602415,3,9,549,549,0,0,0,0,0,0,45,0,0,0,2602,detection,
2602454,21,9,549,549,0,0,0,0,0,0,64,0,0,0,2602,detection,
2605121,13,31,276,532,-256,0,42,100,2,0,67,0,48,40,2605,detection,
2605130,4,31,276,532,-256,0,43,100,2,23,64,0,48,40,2605,detection,
2605165,5,31,276,532,-256,0,43,100,0,15,64,0,48,40,2605,detection,
2605173,15,31,276,532,-256,0,46,100,28,0,58,0,60,40,2605,detection,
2605185,16,31,276,532,-256,0,48,100,3,16,53,0,60,40,2605,detection,
2606749,27,22,276,788,-512,100,90,100,60,7,61,0,54,40,2606,detection,
2606794,9,18,1274,1274,0,0,0,0,0,0,54,0,0,0,2606,detection,
2606802,15,18,1274,1274,0,0,0,0,0,0,58,0,0,0,2606,detection,
2606827,10,22,276,788,-512,100,93,100,62,8,57,0,56,40,2606,detection,
2606839,28,22,276,788,-512,100,94,100,62,0,56,0,56,40,2606,detection,
2608040,6,15,557,557,0,0,0,0,0,0,59,0,0,0,2608,detection,
2608057,16,15,557,557,0,0,0,0,0,0,63,0,0,0,2608,detection,
2608222,17,4,788,788,0,0,0,0,0,0,60,0,0,0,2608,detection,
2608227,2,4,788,788,0,0,0,0,0,0,68,0,0,0,2608,detection,
2608240,25,4,788,788,0,0,0,0,0,0,61,0,0,0,2608,detection,
2608269,8,4,788,788,0,0,0,0,0,0,75,0,0,0,2608,detection,
2610323,21,9,916,916,0,0,0,0,0,0,64,0,0,0,2610,detection,
2613210,28,10,532,532,0,0,0,0,0,0,60,0,0,0,2613,detection,
2615999,13,31,276,731,-455,0,77,100,22,0,65,0,48,40,2615,detection,
2616037,5,31,276,731,-455,0,78,100,22,15,63,0,48,40,2616,detection,
2616230,2,14,965,965,0,0,0,0,0,0,56,0,0,0,2616,detection,
2616587,23,16,1119,1119,0,0,0,0,0,0,61,0,0,0,2616,detection,
2616600,2,16,1119,1119,0,0,0,0,0,0,46,0,0,0,2616,detection,
2616611,17,16,1119,1119,0,0,0,0,0,0,55,0,0,0,2616,detection,
2616622,25,16,1119,1119,0,0,0,0,0,0,60,0,0,0,2616,detection,
2616635,4,16,1119,1119,0,0,0,0,0,0,67,0,0,0,2616,detection,
2616643,14,16,1119,1119,0,0,0,0,0,0,59,0,0,0,2616,detection,
2616643,8,16,1119,1119,0,0,0,0,0,0,60,0,0,0,2616,detection,
2616668,9,16,1119,1119,0,0,0,0,0,0,57,0,0,0,2616,detection,
2616708,19,18,1160,1160,0,0,0,0,0,0,62,0,0,0,2616,detection,
2616713,23,18,1160,1160,0,0,0,0,0,0,49,0,0,0,2616,detection,
2616786,5,18,1160,1160,0,0,0,0,0,0,51,0,0,0,2616,detection,
2616789,3,18,1160,1160,0,0,0,0,0,0,59,0,0,0,2616,detection,
2616789,9,18,1160,1160,0,0,0,0,0,0,59,0,0,0,2616,detection,
2616916,9,2,1301,1301,0,0,0,0,0,0,62,0,0,0,2616,detection,
2616929,15,2,1301,1301,0,0,0,0,0,0,56,0,0,0,2616,detection,
2616955,26,2,1301,1301,0,0,0,0,0,0,56,0,0,0,2616,detection,
2617018,14,2,1301,1301,0,0,0,0,0,0,61,0,0,0,2617,detection,
2617120,1,23,992,992,0,0,0,0,0,0,42,0,0,0,2617,detection,
2617175,15,23,992,992,0,0,0,0,0,0,50,0,0,0,2617,detection,
2617629,27,26,613,613,0,0,0,0,0,0,76,0,0,0,2617,detection,
2617642,8,9,916,916,0,0,0,0,0,0,60,0,0,0,2617,detection,
2617667,20,9,916,916,0,0,0,0,0,0,57,0,0,0,2617,detection,
2617667,3,9,916,916,0,0,0,0,0,0,49,0,0,0,2617,detection,
2618425,3,29,276,532,-256,0,36,100,0,0,88,0,48,40,2618,detection,
2618687,16,4,1274,1274,0,0,0,0,0,0,61,0,0,0,2618,detection,
2618709,23,4,1274,1274,0,0,0,0,0,0,65,0,0,0,2618,detection,
2618721,17,4,1274,1274,0,0,0,0,0,0,59,0,0,0,2618,detection,
2618729,2,4,1274,1274,0,0,0,0,0,0,63,0,0,0,2618,detection,
2618755,25,4,1274,1274,0,0,0,0,0,0,60,0,0,0,2618,detection,
2618767,14,4,1274,1274,0,0,0,0,0,0,58,0,0,0,2618,detection,
2618768,8,4,1274,1274,0,0,0,0,0,0,72,0,0,0,2618,detection,
2618785,9,4,1274,1274,0,0,0,0,0,0,64,0,0,0,2618,detection,
2618790,6,4,1274,1274,0,0,0,0,0,0,63,0,0,0,2618,detection,
2620834,1,25,768,768,0,0,0,0,0,0,45,0,0,0,2620,detection,
2620843,17,25,768,768,0,0,0,0,0,0,68,0,0,0,2620,detection,
2620856,2,25,768,768,0,0,0,0,0,0,62,0,0,0,2620,detection,
2620886,4,25,768,768,0,0,0,0,0,0,60,0,0,0,2620,detection,
2620898,8,25,768,768,0,0,0,0,0,0,64,0,0,0,2620,detection,
2620937,16,25,768,768,0,0,0,0,0,0,53,0,0,0,2620,detection,
2622289,9,16,1119,1119,0,0,0,0,0,0,56,0,0,0,2622,detection,
2622336,23,16,1119,1119,0,0,0,0,0,0,59,0,0,0,2622,detection,
2622349,17,16,1119,1119,0,0,0,0,0,0,49,0,0,0,2622,detection,
2622370,25,16,1119,1119,0,0,0,0,0,0,59,0,0,0,2622,detection,
2622383,4,16,1119,1119,0,0,0,0,0,0,66,0,0,0,2622,detection,
2622391,14,16,1119,1119,0,0,0,0,0,0,59,0,0,0,2622,detection,
2622395,8,16,1119,1119,0,0,0,0,0,0,60,0,0,0,2622,detection,
2622459,19,18,1160,1160,0,0,0,0,0,0,63,0,0,0,2622,detection,
2622464,23,18,1160,1160,0,0,0,0,0,0,46,0,0,0,2622,detection,
2622533,5,18,1160,1160,0,0,0,0,0,0,52,0,0,0,2622,detection,
2622537,3,18,1160,1160,0,0,0,0,0,0,60,0,0,0,2622,detection,
2622549,9,18,1160,1160,0,0,0,0,0,0,59,0,0,0,2622,detection,
2623330,26,2,1301,1301,0,0,0,0,0,0,55,0,0,0,2623,detection,
2623365,25,2,1301,1301,0,0,0,0,0,0,65,0,0,0,2623,detection,
2623407,18,2,1301,1301,0,0,0,0,0,0,59,0,0,0,2623,detection,
2623418,14,2,1301,1301,0,0,0,0,0,0,60,0,0,0,2623,detection,
2623538,5,31,276,731,-455,0,80,100,0,15,61,0,56,40,2623,detection,
2623915,3,29,276,276,0,0,0,100,23,6,91,0,48,40,2623,detection,
2624391,8,9,916,916,0,0,0,0,0,0,62,0,0,0,2624,detection,
2624416,20,9,916,916,0,0,0,0,0,0,58,0,0,0,2624,detection,
2624503,4,9,916,916,0,0,0,0,0,0,63,0,0,0,2624,detection,
2624581,28,10,532,532,0,0,0,0,0,0,60,0,0,0,2624,detection,
2624589,7,10,532,532,0,0,0,0,0,0,72,0,0,0,2624,detection,
2624869,1,23,992,992,0,0,0,0,0,0,40,0,0,0,2624,detection,
2625098,17,8,788,788,0,0,0,0,0,0,59,0,0,0,2625,detection,
2625245,25,14,965,965,0,0,0,0,0,0,57,0,0,0,2625,detection,
2625421,6,15,805,805,0,0,0,0,0,0,58,0,0,0,2625,detection,
2625436,16,15,805,805,0,0,0,0,0,0,62,0,0,0,2625,detection,
2627700,21,30,276,532,-256,0,45,100,0,0,60,0,60,40,2627,detection,
2628393,8,4,1018,1018,0,0,0,0,0,0,72,0,0,0,2628,detection,
2628416,6,4,1018,1018,0,0,0,0,0,0,64,0,0,0,2628,detection,
2628437,16,4,1018,1018,0,0,0,0,0,0,61,0,0,0,2628,detection,
2628471,17,4,1018,1018,0,0,0,0,0,0,60,0,0,0,2628,detection,
2629160,5,31,276,532,-256,0,45,100,23,15,61,0,57,40,2629,detection,
2629540,3,29,276,298,-22,0,3,100,2,12,90,0,48,40,2629,detection,
2629882,4,16,768,768,0,0,0,0,0,0,64,0,0,0,2629,detection,
2630447,1,25,512,512,0,0,0,0,0,0,46,0,0,0,2630,detection,
2630468,17,25,512,512,0,0,0,0,0,0,68,0,0,0,2630,detection,
2630507,4,25,512,512,0,0,0,0,0,0,61,0,0,0,2630,detection,
2630528,8,25,512,512,0,0,0,0,0,0,65,0,0,0,2630,detection,
2630563,16,25,512,512,0,0,0,0,0,0,54,0,0,0,2630,detection,
2631248,22,27,813,813,0,0,0,0,0,0,61,0,0,0,2631,detection,
2631282,18,27,813,813,0,0,0,0,0,0,56,0,0,0,2631,detection,
2632787,3,18,788,788,0,0,0,0,0,0,59,0,0,0,2632,detection,
2632788,5,18,788,788,0,0,0,0,0,0,54,0,0,0,2632,detection,
2632834,19,18,788,788,0,0,0,0,0,0,62,0,0,0,2632,detection,
2632839,23,18,788,788,0,0,0,0,0,0,49,0,0,0,2632,detection,
2633205,21,26,613,613,0,0,0,0,0,0,57,0,0,0,2633,detection,
2633248,27,26,613,613,0,0,0,0,0,0,77,0,0,0,2633,detection,
2633586,19,14,788,788,0,0,0,0,0,0,62,0,0,0,2633,detection,
2633607,2,14,788,788,0,0,0,0,0,0,60,0,0,0,2633,detection,
2633616,25,14,788,788,0,0,0,0,0,0,57,0,0,0,2633,detection,
2634791,6,15,805,805,0,0,0,0,0,0,58,0,0,0,2634,detection,
2634798,20,15,805,805,0,0,0,0,0,0,64,0,0,0,2634,detection,
2634808,16,15,805,805,0,0,0,0,0,0,61,0,0,0,2634,detection,
2637169,1,23,512,512,0,0,0,0,0,0,42,0,0,0,2637,detection,
2637640,14,30,276,301,-25,0,4,35,26,0,64,0,0,0,2637,detection,
2637761,4,16,1044,1044,0,0,0,0,0,0,62,0,0,0,2637,detection,
2638642,8,4,768,768,0,0,0,0,0,0,72,0,0,0,2638,detection,
2638667,9,4,768,768,0,0,0,0,0,0,65,0,0,0,2638,detection,
2638668,6,4,768,768,0,0,0,0,0,0,64,0,0,0,2638,detection,
2638689,16,4,768,768,0,0,0,0,0,0,62,0,0,0,2638,detection,
2638742,25,2,1025,1025,0,0,0,0,0,0,67,0,0,0,2638,detection,
2638781,18,2,1025,1025,0,0,0,0,0,0,60,0,0,0,2638,detection,
2639282,18,31,276,532,-256,0,46,100,0,16,57,0,60,40,2639,detection,
2639286,5,31,276,532,-256,0,47,100,0,16,56,0,60,40,2639,detection,
2639382,13,31,276,532,-256,0,43,100,22,0,64,0,48,40,2639,detection,
2639657,5,14,532,532,0,0,0,0,0,0,64,0,0,0,2639,detection,
2641537,5,18,532,532,0,0,0,0,0,0,56,0,0,0,2641,detection,
2644630,4,9,768,768,0,0,0,0,0,0,62,0,0,0,2644,detection,
2644730,2,25,512,512,0,0,0,0,0,0,64,0,0,0,2644,detection,
2644752,13,25,512,512,0,0,0,0,0,0,58,0,0,0,2644,detection,
2646463,23,30,276,295,-19,0,3,100,29,0,56,0,60,40,2646,detection,
2646752,1,23,512,512,0,0,0,0,0,0,38,0,0,0,2646,detection,
2647407,18,2,1025,1025,0,0,0,0,0,0,61,0,0,0,2647,detection,
2647419,6,8,1044,1044,0,0,0,0,0,0,60,0,0,0,2647,detection,
2647423,20,8,1044,1044,0,0,0,0,0,0,59,0,0,0,2647,detection,
2647517,14,8,1044,1044,0,0,0,0,0,0,58,0,0,0,2647,detection,
2647641,14,13,762,762,0,0,0,0,0,0,59,0,0,0,2647,detection,
2647677,18,13,762,762,0,0,0,0,0,0,66,0,0,0,2647,detection,
2647712,19,13,762,762,0,0,0,0,0,0,73,0,0,0,2647,detection,
2647713,23,13,762,762,0,0,0,0,0,0,72,0,0,0,2647,detection,
2647731,2,13,762,762,0,0,0,0,0,0,66,0,0,0,2647,detection,
2648501,27,21,831,831,0,0,0,0,0,0,52,0,0,0,2648,detection,
2648788,3,29,276,298,-22,0,3,100,0,11,92,0,48,40,2648,detection,
2649500,13,31,276,532,-256,0,44,100,0,0,63,0,48,40,2649,detection,
2649538,5,31,276,532,-256,0,45,100,0,7,59,0,60,40,2649,detection,
2649648,1,17,512,512,0,0,0,0,0,0,65,0,0,0,2649,detection,
2649881,4,9,512,512,0,0,0,0,0,0,63,0,0,0,2649,detection,
2650036,5,30,276,532,-256,0,46,100,0,0,57,0,60,40,2650,detection,
2652432,16,15,788,788,0,0,0,0,0,0,60,0,0,0,2652,detection,
2652606,2,14,532,532,0,0,0,0,0,0,61,0,0,0,2652,detection,
2652624,13,14,532,532,0,0,0,0,0,0,57,0,0,0,2652,detection,
2652658,5,14,532,532,0,0,0,0,0,0,64,0,0,0,2652,detection,
2654417,20,8,992,992,0,0,0,0,0,0,58,0,0,0,2654,detection,
2654417,6,8,992,992,0,0,0,0,0,0,59,0,0,0,2654,detection,
2654502,27,8,992,992,0,0,0,0,0,0,58,0,0,0,2654,detection,
2654518,14,8,992,992,0,0,0,0,0,0,57,0,0,0,2654,detection,
2656212,23,18,532,532,0,0,0,0,0,0,50,0,0,0,2656,detection,
2656289,5,18,532,532,0,0,0,0,0,0,56,0,0,0,2656,detection,
2657164,3,29,276,276,0,0,0,100,1,17,98,0,48,40,2657,detection,
2657714,23,30,276,301,-25,0,4,100,0,0,53,0,60,40,2657,detection,
2657764,14,30,276,301,-25,0,4,70,0,0,65,0,48,40,2657,detection,
2657786,5,30,276,301,-25,0,4,100,28,0,57,0,60,40,2657,detection,
2658043,20,15,532,532,0,0,0,0,0,0,65,0,0,0,2658,detection,
2658047,6,15,532,532,0,0,0,0,0,0,55,0,0,0,2658,detection,
2658331,19,14,947,947,0,0,0,0,0,0,61,0,0,0,2658,detection,
2658352,2,14,947,947,0,0,0,0,0,0,60,0,0,0,2658,detection,
2658369,25,14,947,947,0,0,0,0,0,0,53,0,0,0,2658,detection,
2658419,5,14,947,947,0,0,0,0,0,0,65,0,0,0,2658,detection,
2659787,5,31,276,483,-207,0,37,100,5,0,59,0,60,40,2659,detection,
2660269,14,13,718,718,0,0,0,0,0,0,59,0,0,0,2660,detection,
2660278,18,13,718,718,0,0,0,0,0,0,64,0,0,0,2660,detection,
2660287,9,13,718,718,0,0,0,0,0,0,54,0,0,0,2660,detection,
2662240,25,2,1025,1025,0,0,0,0,0,0,68,0,0,0,2662,detection,
2662269,14,2,1025,1025,0,0,0,0,0,0,62,0,0,0,2662,detection,
2662282,18,2,1025,1025,0,0,0,0,0,0,62,0,0,0,2662,detection,
2662730,2,25,512,512,0,0,0,0,0,0,65,0,0,0,2662,detection,
2662764,14,30,276,276,0,0,0,60,2,7,67,0,0,0,2662,detection,
2662782,5,30,276,276,0,0,0,100,3,8,58,0,60,40,2662,detection,
2662834,23,30,276,276,0,0,0,100,3,8,58,0,60,40,2662,detection,
2663003,4,9,512,512,0,0,0,0,0,0,64,0,0,0,2663,detection,
2663209,19,14,859,859,0,0,0,0,0,0,60,0,0,0,2663,detection,
2663230,2,14,859,859,0,0,0,0,0,0,59,0,0,0,2663,detection,
2663243,25,14,859,859,0,0,0,0,0,0,52,0,0,0,2663,detection,
2663247,13,14,859,859,0,0,0,0,0,0,59,0,0,0,2663,detection,
2663282,5,14,859,859,0,0,0,0,0,0,64,0,0,0,2663,detection,
2663422,20,19,788,788,0,0,0,0,0,0,61,0,0,0,2663,detection,
2663425,15,19,788,788,0,0,0,0,0,0,57,0,0,0,2663,detection,
2663482,11,19,788,788,0,0,0,0,0,0,57,0,0,0,2663,detection,
2665537,9,4,768,768,0,0,0,0,0,0,66,0,0,0,2665,detection,
2666029,18,31,276,451,-175,0,33,100,10,16,52,0,60,40,2666,detection,
2666208,28,8,971,971,0,0,0,0,0,0,59,0,0,0,2666,detection,
2666267,14,8,971,971,0,0,0,0,0,0,57,0,0,0,2666,detection,
2666293,20,8,971,971,0,0,0,0,0,0,58,0,0,0,2666,detection,
2671543,20,19,1024,1024,0,0,0,0,0,0,61,0,0,0,2671,detection,
2671611,11,19,1024,1024,0,0,0,0,0,0,57,0,0,0,2671,detection,
2672088,21,16,1024,1024,0,0,0,0,0,0,59,0,0,0,2672,detection,
2672119,12,16,1024,1024,0,0,0,0,0,0,49,0,0,0,2672,detection,
2672638,14,30,276,276,0,0,0,52,0,7,68,0,0,0,2672,detection,
2672661,5,30,276,276,0,0,0,100,0,8,55,0,60,40,2672,detection,
2673154,18,31,276,433,-157,0,30,100,2,16,52,0,60,40,2673,detection,
2673159,5,31,276,433,-157,0,28,100,5,0,59,0,60,40,2673,detection,
2675376,27,25,788,788,0,0,0,0,0,0,67,0,0,0,2675,detection,
2675396,8,25,788,788,0,0,0,0,0,0,64,0,0,0,2675,detection,
2676040,6,15,532,532,0,0,0,0,0,0,56,0,0,0,2676,detection,
2676087,19,15,532,532,0,0,0,0,0,0,59,0,0,0,2676,detection,
2678030,18,31,276,500,-224,0,42,100,8,16,52,0,60,40,2678,detection,
2678035,5,31,276,500,-224,0,40,100,8,0,58,0,60,40,2678,detection,
2678987,12,16,768,768,0,0,0,0,0,0,50,0,0,0,2678,detection,
2679000,13,16,768,768,0,0,0,0,0,0,52,0,0,0,2679,detection,
2679005,27,16,768,768,0,0,0,0,0,0,69,0,0,0,2679,detection,
2679005,4,16,768,768,0,0,0,0,0,0,67,0,0,0,2679,detection,
2679042,9,16,768,768,0,0,0,0,0,0,61,0,0,0,2679,detection,
2679073,21,16,768,768,0,0,0,0,0,0,56,0,0,0,2679,detection,
2679870,25,14,859,859,0,0,0,0,0,0,52,0,0,0,2679,detection,
2679916,6,15,532,532,0,0,0,0,0,0,56,0,0,0,2679,detection,
2680292,20,19,768,768,0,0,0,0,0,0,63,0,0,0,2680,detection,
2680306,15,19,768,768,0,0,0,0,0,0,63,0,0,0,2680,detection,
2680334,28,19,768,768,0,0,0,0,0,0,57,0,0,0,2680,detection,
2682764,14,30,276,532,-256,0,44,70,29,15,62,0,69,55,2682,detection,
2682786,5,30,276,532,-256,0,46,100,30,16,58,0,60,40,2682,detection,
2683539,6,15,998,998,0,0,0,0,0,0,59,0,0,0,2683,detection,
2683546,20,15,998,998,0,0,0,0,0,0,64,0,0,0,2683,detection,
2685029,18,2,1274,1274,0,0,0,0,0,0,57,0,0,0,2685,detection,
2686536,9,13,725,725,0,0,0,0,0,0,54,0,0,0,2686,detection,
2686617,12,13,725,725,0,0,0,0,0,0,62,0,0,0,2686,detection,
2686781,18,31,276,526,-250,0,47,100,3,16,52,0,60,40,2686,detection,
2687945,1,27,813,813,0,0,0,0,0,0,39,0,0,0,2687,detection,
2688010,4,27,813,813,0,0,0,0,0,0,68,0,0,0,2688,detection,
2688686,16,4,768,768,0,0,0,0,0,0,61,0,0,0,2688,detection,
2689580,28,19,788,788,0,0,0,0,0,0,62,0,0,0,2689,detection,
2689670,6,19,788,788,0,0,0,0,0,0,59,0,0,0,2689,detection,
2689674,15,19,788,788,0,0,0,0,0,0,60,0,0,0,2689,detection,
2691657,5,30,276,532,-256,0,46,100,0,16,58,0,60,40,2691,detection,
2691688,16,30,276,532,-256,0,44,100,0,7,63,0,48,40,2691,detection,
2691710,23,30,276,532,-256,0,46,100,30,16,58,0,60,40,2691,detection,
2691764,14,30,276,532,-256,0,43,100,0,15,64,0,48,40,2691,detection,
2694028,18,2,1300,1300,0,0,0,0,0,0,56,0,0,0,2694,detection,
2694246,13,16,768,768,0,0,0,0,0,0,53,0,0,0,2694,detection,
2694258,4,16,768,768,0,0,0,0,0,0,68,0,0,0,2694,detection,
2695043,6,19,788,788,0,0,0,0,0,0,60,0,0,0,2695,detection,
2695047,15,19,788,788,0,0,0,0,0,0,61,0,0,0,2695,detection,
2695110,11,19,788,788,0,0,0,0,0,0,58,0,0,0,2695,detection,
2700506,4,9,512,512,0,0,0,0,0,0,64,0,0,0,2700,detection,
2702167,20,15,1051,1051,0,0,0,0,0,0,63,0,0,0,2702,detection,
2702167,6,15,1051,1051,0,0,0,0,0,0,59,0,0,0,2702,detection,
2702185,16,15,1051,1051,0,0,0,0,0,0,55,0,0,0,2702,detection,
2702210,19,15,1051,1051,0,0,0,0,0,0,61,0,0,0,2702,detection,
2702252,13,9,512,512,0,0,0,0,0,0,67,0,0,0,2702,detection,
2702873,13,31,276,534,-258,0,47,100,0,0,57,0,60,40,2702,detection,
2702882,4,31,276,534,-258,0,46,100,0,15,59,0,60,40,2702,detection,
2702908,5,31,276,534,-258,0,46,100,4,0,58,25,73,55,2702,detection,
2703982,2,22,788,788,0,0,0,0,0,0,55,0,0,0,2703,detection,
2704034,18,22,788,788,0,0,0,0,0,0,57,0,0,0,2704,detection,
2705608,11,19,788,788,0,0,0,0,0,0,54,0,0,0,2705,detection,
2705668,20,19,788,788,0,0,0,0,0,0,62,0,0,0,2705,detection,
2706038,9,13,725,725,0,0,0,0,0,0,53,0,0,0,2706,detection,
2706561,16,4,512,512,0,0,0,0,0,0,61,0,0,0,2706,detection,
2706575,10,4,512,512,0,0,0,0,0,0,61,0,0,0,2706,detection,
2706664,6,4,512,512,0,0,0,0,0,0,64,0,0,0,2706,detection,
2707672,20,6,557,557,0,0,0,100,0,16,54,0,60,40,2707,detection,
2707711,19,6,557,557,0,0,0,0,0,0,53,0,0,0,2707,detection,
2708076,10,14,1056,1056,0,0,0,0,0,0,64,0,0,0,2708,detection,
2709017,14,22,788,788,0,0,0,0,0,0,55,0,0,0,2709,detection,
2709023,8,22,788,788,0,0,0,100,64,16,53,0,60,40,2709,detection,
2709026,18,22,788,788,0,0,0,0,0,0,56,0,0,0,2709,detection,
2709103,2,22,788,788,0,0,0,0,0,0,55,0,0,0,2709,detection,
2709665,6,19,1024,1024,0,0,0,0,0,0,59,0,0,0,2709,detection,
2709669,20,19,1024,1024,0,0,0,0,0,0,57,0,0,0,2709,detection,
2709674,15,19,1024,1024,0,0,0,0,0,0,63,0,0,0,2709,detection,
2710092,7,18,557,557,0,0,0,0,0,0,60,0,0,0,2710,detection,
2713938,16,30,276,276,0,0,0,100,29,15,64,0,48,40,2713,detection,
2713952,10,30,276,276,0,0,0,70,30,8,58,0,64,40,2713,detection,
2713990,12,30,276,276,0,0,0,100,25,6,79,0,48,40,2713,detection,
2714000,11,30,276,276,0,0,0,100,0,7,61,0,57,40,2714,detection,
2714019,14,30,276,276,0,0,0,100,28,23,65,0,48,40,2714,detection,
2716926,15,11,276,276,0,100,0,0,0,0,80,0,49,40,2716,detection,
2717543,20,19,768,768,0,0,0,0,0,0,59,0,0,0,2717,detection,
2717547,15,19,768,768,0,0,0,0,0,0,64,0,0,0,2717,detection,
2717581,28,19,768,768,0,0,0,0,0,0,63,0,0,0,2717,detection,
2717607,11,19,768,768,0,0,0,0,0,0,59,0,0,0,2717,detection,
2719419,20,6,788,788,0,0,0,100,0,16,57,0,60,40,2719,detection,
2719457,19,6,788,788,0,0,0,0,0,0,56,0,0,0,2719,detection,
2720910,5,31,276,738,-462,0,83,100,24,0,58,0,58,40,2720,detection,
2722253,27,16,788,788,0,0,0,0,0,0,67,0,0,0,2722,detection,
2722323,10,16,788,788,0,0,0,0,0,0,56,0,0,0,2722,detection,
2722348,17,16,788,788,0,0,0,0,0,0,53,0,0,0,2722,detection,
2724324,10,14,788,788,0,0,0,0,0,0,63,0,0,0,2724,detection,
2724336,19,14,788,788,0,0,0,0,0,0,56,0,0,0,2724,detection,
2728450,10,30,276,301,-25,0,4,70,2,15,59,0,61,40,2728,detection,
2728514,14,30,276,301,-25,0,4,100,2,30,65,0,48,40,2728,detection,
2728549,20,30,276,301,-25,0,4,70,24,0,57,0,67,55,2728,detection,
2729404,18,16,788,788,0,0,0,0,0,0,54,0,0,0,2729,detection,
2729456,10,16,788,788,0,0,0,0,0,0,52,0,0,0,2729,detection,
2729472,17,16,788,788,0,0,0,0,0,0,53,0,0,0,2729,detection,
2729477,2,16,788,788,0,0,0,0,0,0,49,0,0,0,2729,detection,
2729493,12,16,788,788,0,0,0,0,0,0,53,0,0,0,2729,detection,
2730219,17,25,1155,1155,0,0,0,0,0,0,68,0,0,0,2730,detection,
2730253,22,25,1155,1155,0,0,0,0,0,0,61,0,0,0,2730,detection,
2732914,5,10,532,532,0,0,0,0,0,0,61,0,0,0,2732,detection,
2734459,19,18,1173,1173,0,0,0,0,0,0,63,0,0,0,2734,detection,
2734463,28,18,1173,1173,0,0,0,0,0,0,62,0,0,0,2734,detection,
2735626,27,16,1107,1107,0,0,0,0,0,0,65,0,0,0,2735,detection,
2735634,4,16,1107,1107,0,0,0,0,0,0,66,0,0,0,2735,detection,
2735643,14,16,1107,1107,0,0,0,0,0,0,59,0,0,0,2735,detection,
2735651,18,16,1107,1107,0,0,0,0,0,0,58,0,0,0,2735,detection,
2735999,13,9,512,512,0,0,0,0,0,0,68,0,0,0,2735,detection,
2736003,4,9,512,512,0,0,0,0,0,0,64,0,0,0,2736,detection,
2736016,14,9,512,512,0,0,0,0,0,0,62,0,0,0,2736,detection,
2736041,20,9,512,512,0,0,0,0,0,0,62,0,0,0,2736,detection,
2736077,21,9,512,512,0,0,0,0,0,0,65,0,0,0,2736,detection,
2736412,9,13,725,725,0,0,0,0,0,0,53,0,0,0,2736,detection,
2736416,24,13,725,725,0,0,0,97,0,13,83,0,48,40,2736,detection,
2736417,14,13,725,725,0,0,0,0,0,0,54,0,0,0,2736,detection,
2737470,17,7,813,813,0,0,0,0,0,0,55,0,0,0,2737,detection,
2739521,8,4,949,949,0,0,0,0,0,0,65,0,0,0,2739,detection,
2739543,6,4,949,949,0,0,0,0,0,0,64,0,0,0,2739,detection,
2739621,25,4,949,949,0,0,0,0,0,0,60,0,0,0,2739,detection,
2740214,19,15,788,788,0,0,0,0,0,0,61,0,0,0,2740,detection,
2740295,20,15,788,788,0,0,0,0,0,0,61,0,0,0,2740,detection,
2740373,13,14,762,762,0,0,0,0,0,0,61,0,0,0,2740,detection,
2744127,22,16,1280,1280,0,0,0,0,0,0,52,0,0,0,2744,detection,
2745868,25,22,762,762,0,0,0,0,0,0,54,0,0,0,2745,detection,
2745936,16,22,762,762,0,0,0,0,0,0,51,0,0,0,2745,detection,
2749227,2,16,1274,1274,0,0,0,0,0,0,52,0,0,0,2749,detection,
2749371,25,17,742,742,0,0,0,0,0,0,67,0,0,0,2749,detection,
2749379,27,17,742,742,0,0,0,0,0,0,89,0,0,0,2749,detection,
2749384,4,17,742,742,0,0,0,0,0,0,96,0,0,0,2749,detection,
2752139,14,30,276,586,-310,0,53,100,32,30,64,0,48,40,2752,detection,
2752289,3,4,1280,1280,0,0,0,0,0,0,68,0,0,0,2752,detection,
2752292,6,4,1280,1280,0,0,0,0,0,0,63,0,0,0,2752,detection,
2752369,25,4,1280,1280,0,0,0,0,0,0,59,0,0,0,2752,detection,
2753791,20,15,788,788,0,0,0,0,0,0,60,0,0,0,2753,detection,
2753835,19,15,788,788,0,0,0,0,0,0,60,0,0,0,2753,detection,
2756973,17,16,1438,1438,0,0,0,0,0,0,56,0,0,0,2756,detection,
2756994,12,16,1438,1438,0,0,0,0,0,0,57,0,0,0,2756,detection,
2756999,27,16,1438,1438,0,0,0,0,0,0,64,0,0,0,2756,detection,
2757004,4,16,1438,1438,0,0,0,0,0,0,64,0,0,0,2757,detection,
2757033,18,16,1438,1438,0,0,0,0,0,0,58,0,0,0,2757,detection,
2757080,21,16,1438,1438,0,0,0,0,0,0,59,0,0,0,2757,detection,
2758538,3,4,1254,1254,0,0,0,0,0,0,66,0,0,0,2758,detection,
2758539,6,4,1254,1254,0,0,0,0,0,0,58,0,0,0,2758,detection,
2758564,16,4,1254,1254,0,0,0,0,0,0,56,0,0,0,2758,detection,
2758599,17,4,1254,1254,0,0,0,0,0,0,59,0,0,0,2758,detection,
2758616,25,4,1254,1254,0,0,0,0,0,0,55,0,0,0,2758,detection,
2758616,12,4,1254,1254,0,0,0,0,0,0,64,0,0,0,2758,detection,
2758641,8,4,1254,1254,0,0,0,0,0,0,67,0,0,0,2758,detection,
2761482,2,14,739,739,0,0,0,0,0,0,59,0,0,0,2761,detection,
2761495,13,14,739,739,0,0,0,0,0,0,61,0,0,0,2761,detection,
2761534,5,14,739,739,0,0,0,0,0,0,63,0,0,0,2761,detection,
2761991,11,19,1069,1069,0,0,0,0,0,0,59,0,0,0,2761,detection,
2762503,4,17,742,742,0,0,0,0,0,0,91,0,0,0,2762,detection,
2764188,16,31,276,736,-460,0,82,100,24,15,59,0,58,40,2764,detection,
2764238,11,31,276,736,-460,0,78,100,52,0,65,0,48,40,2764,detection,
2764247,13,31,276,736,-460,0,80,100,23,0,61,0,56,40,2764,detection,
2764281,18,31,276,736,-460,0,84,100,25,0,57,0,58,40,2764,detection,
2764286,5,31,276,736,-460,0,83,100,0,0,58,0,58,40,2764,detection,
2764312,15,31,276,736,-460,0,82,100,24,0,59,0,58,40,2764,detection,
2764958,28,12,758,758,0,0,0,0,0,0,92,0,0,0,2764,detection,
2764988,25,4,1254,1254,0,0,0,0,0,0,54,0,0,0,2764,detection,
2765001,27,4,1254,1254,0,0,0,0,0,0,60,0,0,0,2765,detection,
2765018,8,4,1254,1254,0,0,0,0,0,0,65,0,0,0,2765,detection,
2765039,3,4,1254,1254,0,0,0,0,0,0,64,0,0,0,2765,detection,
2766248,27,16,1627,1627,0,0,0,0,0,0,61,0,0,0,2766,detection,
2766273,8,16,1627,1627,0,0,0,0,0,0,64,0,0,0,2766,detection,
2766281,18,16,1627,1627,0,0,0,0,0,0,60,0,0,0,2766,detection,
2766294,4,16,1627,1627,0,0,0,0,0,0,64,0,0,0,2766,detection,
2766350,17,16,1627,1627,0,0,0,0,0,0,54,0,0,0,2766,detection,
2766372,25,16,1627,1627,0,0,0,0,0,0,62,0,0,0,2766,detection,
2767290,24,18,1044,1044,0,0,0,0,0,0,58,0,0,0,2767,detection,
2767966,17,16,1044,1044,0,0,0,0,0,0,58,0,0,0,2767,detection,
2767991,12,16,1044,1044,0,0,0,0,0,0,57,0,0,0,2767,detection,
2767992,25,16,1044,1044,0,0,0,0,0,0,61,0,0,0,2767,detection,
2767996,27,16,1044,1044,0,0,0,0,0,0,64,0,0,0,2767,detection,
2768005,4,16,1044,1044,0,0,0,0,0,0,63,0,0,0,2768,detection,
2768017,8,16,1044,1044,0,0,0,0,0,0,63,0,0,0,2768,detection,
2768026,18,16,1044,1044,0,0,0,0,0,0,59,0,0,0,2768,detection,
2768685,1,21,837,837,0,0,0,0,0,0,43,0,0,0,2768,detection,
2774804,1,21,837,837,0,0,0,0,0,0,43,0,0,0,2774,detection,
2775951,10,18,788,788,0,0,0,0,0,0,56,0,0,0,2775,detection,
2775985,11,18,788,788,0,0,0,0,0,0,58,0,0,0,2775,detection,
2776037,24,13,1044,1044,0,0,0,0,0,0,77,0,0,0,2776,detection,
2776106,2,13,1044,1044,0,0,0,0,0,0,64,0,0,0,2776,detection,
2776144,14,13,1044,1044,0,0,0,0,0,0,58,0,0,0,2776,detection,
2776270,14,2,1088,1088,0,0,0,0,0,0,57,0,0,0,2776,detection,
2778240,12,16,788,788,0,0,0,0,0,0,58,0,0,0,2778,detection,
2778241,25,16,788,788,0,0,0,0,0,0,64,0,0,0,2778,detection,
2778249,27,16,788,788,0,0,0,0,0,0,64,0,0,0,2778,detection,
2778264,4,16,788,788,0,0,0,0,0,0,64,0,0,0,2778,detection,
2778270,8,16,788,788,0,0,0,0,0,0,64,0,0,0,2778,detection,
2781333,23,4,1228,1228,0,0,0,0,0,0,60,0,0,0,2781,detection,
2782424,3,29,276,532,-256,0,35,70,23,0,92,0,47,40,2782,detection,
2783005,22,3,1069,1069,0,0,0,0,0,0,58,0,0,0,2783,detection,
2783021,8,3,1069,1069,0,0,0,0,0,0,66,0,0,0,2783,detection,
2783046,6,3,1069,1069,0,0,0,0,0,0,61,0,0,0,2783,detection,
2783239,11,5,572,572,0,0,0,0,0,0,73,0,0,0,2783,detection,
2783336,7,29,276,532,-256,0,48,100,4,0,54,0,60,40,2783,detection,
2783605,2,13,1254,1254,0,0,0,0,0,0,63,0,0,0,2783,detection,
2783643,14,13,1254,1254,0,0,0,0,0,0,57,0,0,0,2783,detection,
2785446,10,18,1183,1183,0,0,0,0,0,0,56,0,0,0,2785,detection,
2785488,11,18,1183,1183,0,0,0,0,0,0,61,0,0,0,2785,detection,
2785544,9,18,1183,1183,0,0,0,0,0,0,58,0,0,0,2785,detection,
2788613,1,21,1036,1036,0,0,0,0,0,0,42,0,0,0,2788,detection,
2789915,6,3,1069,1069,0,0,0,0,0,0,60,0,0,0,2789,detection,
2789954,10,30,276,1079,-803,0,100,100,86,14,67,0,48,40,2789,detection,
2790008,22,3,1069,1069,0,0,0,0,0,0,58,0,0,0,2790,detection,
2790019,8,3,1069,1069,0,0,0,0,0,0,64,0,0,0,2790,detection,
2790035,5,30,276,1079,-803,0,100,100,61,15,65,0,48,40,2790,detection,
2790633,4,25,1323,1323,0,0,0,0,0,0,66,0,0,0,2790,detection,
2790649,8,25,1323,1323,0,0,0,0,0,0,65,0,0,0,2790,detection,
2790894,14,2,1088,1088,0,0,0,0,0,0,56,0,0,0,2790,detection,
2792087,23,16,788,788,0,0,0,0,0,0,65,0,0,0,2792,detection,
2792099,17,16,788,788,0,0,0,0,0,0,61,0,0,0,2792,detection,
2792117,25,16,788,788,0,0,0,0,0,0,65,0,0,0,2792,detection,
2792129,27,16,788,788,0,0,0,0,0,0,65,0,0,0,2792,detection,
2792133,4,16,788,788,0,0,0,0,0,0,61,0,0,0,2792,detection,
2792167,9,16,788,788,0,0,0,0,0,0,67,0,0,0,2792,detection,
2793944,10,18,788,788,0,0,0,0,0,0,56,0,0,0,2793,detection,
2793983,11,18,788,788,0,0,0,0,0,0,60,0,0,0,2793,detection,
2796838,7,29,276,443,-167,0,30,100,10,0,58,0,60,40,2796,detection,
2798211,28,19,1250,1250,0,0,0,0,0,0,62,0,0,0,2798,detection,
2799819,10,18,532,532,0,0,0,0,0,0,58,0,0,0,2799,detection,
2801147,8,4,1300,1300,0,0,0,0,0,0,64,0,0,0,2801,detection,
2801208,23,4,1300,1300,0,0,0,0,0,0,62,0,0,0,2801,detection,
2801242,25,4,1300,1300,0,0,0,0,0,0,58,0,0,0,2801,detection,
2801247,27,4,1300,1300,0,0,0,0,0,0,59,0,0,0,2801,detection,
2801251,22,4,1300,1300,0,0,0,0,0,0,62,0,0,0,2801,detection,
2801460,23,16,1105,1105,0,0,0,0,0,0,64,0,0,0,2801,detection,
2801788,24,20,1186,1186,0,0,0,0,0,0,59,0,0,0,2801,detection,
2801794,3,20,1186,1186,0,0,0,0,0,0,58,0,0,0,2801,detection,
2801798,6,20,1186,1186,0,0,0,0,0,0,60,0,0,0,2801,detection,
2802252,22,3,1069,1069,0,0,0,0,0,0,57,0,0,0,2802,detection,
2802253,13,3,1069,1069,0,0,0,0,0,0,65,0,0,0,2802,detection,
2802298,20,3,1069,1069,0,0,0,0,0,0,59,0,0,0,2802,detection,
2802300,6,3,1069,1069,0,0,0,0,0,0,59,0,0,0,2802,detection,
2802338,19,3,1069,1069,0,0,0,0,0,0,62,0,0,0,2802,detection,
2804040,6,15,554,554,0,0,0,0,0,0,59,0,0,0,2804,detection,
2804041,24,15,554,554,0,0,0,0,0,0,59,0,0,0,2804,detection,
2804123,13,31,276,502,-226,0,40,70,27,0,60,0,71,55,2804,detection,
2804124,22,31,276,502,-226,0,40,100,27,15,59,0,60,40,2804,detection,
2804174,15,31,276,502,-226,0,42,100,29,0,54,0,60,40,2804,detection,
2804191,24,31,276,502,-226,0,42,70,22,8,55,0,63,40,2804,detection,
2807965,7,8,788,788,0,0,0,100,61,16,58,0,60,40,2807,detection,
2808745,12,13,828,828,0,0,0,0,0,0,63,0,0,0,2808,detection,
2808853,2,13,828,828,0,0,0,0,0,0,64,0,0,0,2808,detection,
2809796,6,28,788,788,0,0,0,100,0,16,58,0,60,40,2809,detection,
2810289,9,16,1411,1411,0,0,0,0,0,0,66,0,0,0,2810,detection,
2810366,25,16,1411,1411,0,0,0,0,0,0,64,0,0,0,2810,detection,
2810375,27,16,1411,1411,0,0,0,0,0,0,66,0,0,0,2810,detection,
2810379,4,16,1411,1411,0,0,0,0,0,0,62,0,0,0,2810,detection,
2811012,4,22,762,762,0,0,0,0,0,0,53,0,0,0,2811,detection,
2811020,8,22,762,762,0,0,0,100,0,16,53,0,60,40,2811,detection,
2811041,9,22,762,762,0,0,0,0,68,0,47,0,67,55,2811,detection,
2811788,5,18,532,532,0,0,0,0,0,0,61,0,0,0,2811,detection,
2811825,10,18,532,532,0,0,0,0,0,0,59,0,0,0,2811,detection,
2811860,11,18,532,532,0,0,0,0,0,0,61,0,0,0,2811,detection,
2813027,18,2,1088,1088,0,0,0,0,0,0,59,0,0,0,2813,detection,
2813211,7,29,276,701,-425,0,76,100,31,0,58,0,58,40,2813,detection,
2813921,6,19,1293,1293,0,0,0,0,0,0,60,0,0,0,2813,detection,
2813955,28,19,1293,1293,0,0,0,0,0,0,62,0,0,0,2813,detection,
2814169,3,28,532,532,0,0,0,0,0,0,62,0,0,0,2814,detection,
2814248,27,4,1274,1274,0,0,0,0,0,0,59,0,0,0,2814,detection,
2814290,9,4,1274,1274,0,0,0,0,0,0,64,0,0,0,2814,detection,
2814308,16,4,1274,1274,0,0,0,0,0,0,59,0,0,0,2814,detection,
2814364,25,4,1274,1274,0,0,0,0,0,0,57,0,0,0,2814,detection,
2814702,10,30,276,532,-256,0,43,100,61,15,65,0,48,40,2814,detection,
2814737,11,30,276,532,-256,0,45,100,30,15,60,0,60,40,2814,detection,
2814784,5,30,276,532,-256,0,43,100,62,15,64,0,48,40,2814,detection,
2817368,25,16,1579,1579,0,0,0,0,0,0,64,0,0,0,2817,detection,
2817376,27,16,1579,1579,0,0,0,0,0,0,67,0,0,0,2817,detection,
2817380,4,16,1579,1579,0,0,0,0,0,0,62,0,0,0,2817,detection,
2817888,1,26,835,835,0,0,0,0,0,0,37,0,0,0,2817,detection,
2817952,21,26,835,835,0,0,0,0,0,0,57,0,0,0,2817,detection,
2818248,13,31,276,532,-256,0,45,100,3,0,59,0,60,40,2818,detection,
2823459,28,19,1474,1474,0,0,0,0,0,0,63,0,0,0,2823,detection,
2823548,15,19,1474,1474,0,0,0,0,0,0,66,0,0,0,2823,detection,
2824710,26,21,1036,1036,0,0,0,0,0,0,63,0,0,0,2824,detection,
2825160,5,18,532,532,0,0,0,0,0,0,61,0,0,0,2825,detection,
2825213,7,29,276,532,-256,0,46,100,20,0,57,0,60,40,2825,detection,
2826284,24,13,1058,1058,0,0,0,0,0,0,74,0,0,0,2826,detection,
2826339,19,13,1058,1058,0,0,0,0,0,0,70,0,0,0,2826,detection,
2826395,14,13,1058,1058,0,0,0,0,0,0,57,0,0,0,2826,detection,
2828492,25,4,1665,1665,0,0,0,0,0,0,61,0,0,0,2828,detection,
2828500,27,4,1665,1665,0,0,0,0,0,0,62,0,0,0,2828,detection,
2829205,21,16,1464,1464,0,0,0,0,0,0,59,0,0,0,2829,detection,
2829210,23,16,1464,1464,0,0,0,0,0,0,63,0,0,0,2829,detection,
2829253,22,16,1464,1464,0,0,0,0,0,0,56,0,0,0,2829,detection,
2829273,8,16,1464,1464,0,0,0,0,0,0,63,0,0,0,2829,detection,
2830046,15,19,1474,1474,0,0,0,0,0,0,66,0,0,0,2830,detection,
2830991,12,30,276,1229,-953,0,100,100,97,13,77,0,48,40,2830,detection,
2830995,11,30,276,1229,-953,0,100,100,78,15,65,0,48,40,2830,detection,
2831130,4,9,788,788,0,0,0,0,0,0,63,0,0,0,2831,detection,
2831535,5,18,623,623,0,0,0,0,0,0,56,0,0,0,2831,detection,
2833431,16,15,782,782,0,0,0,0,0,0,59,0,0,0,2833,detection,
2834172,15,19,1479,1479,0,0,0,0,0,0,65,0,0,0,2834,detection,
2836201,21,16,1294,1294,0,0,0,0,0,0,58,0,0,0,2836,detection,
2836210,23,16,1294,1294,0,0,0,0,0,0,63,0,0,0,2836,detection,
2837483,2,29,276,788,-512,0,90,100,30,0,61,0,56,40,2837,detection,
2837492,12,29,276,788,-512,0,96,100,32,0,54,0,58,40,2837,detection,
2841045,6,19,788,788,0,0,0,0,0,0,59,0,0,0,2841,detection,
2844959,28,30,276,532,-256,0,46,70,0,0,58,0,61,40,2844,detection,
2844989,12,30,276,532,-256,0,40,100,72,13,75,0,48,40,2844,detection,
2845539,24,31,276,1087,-811,0,100,100,65,7,67,0,48,40,2845,detection,
2847117,25,2,1300,1300,0,0,0,0,0,0,68,0,0,0,2847,detection,
2847151,18,2,1300,1300,0,0,0,0,0,0,64,0,0,0,2847,detection,
2848004,4,22,532,532,0,0,0,0,0,0,58,0,0,0,2848,detection,
2848038,9,22,532,532,0,0,0,0,0,0,49,0,0,0,2848,detection,
2848047,20,22,532,532,0,0,0,100,59,15,62,0,54,40,2848,detection,
2848063,16,22,532,532,0,0,0,0,0,0,56,0,0,0,2848,detection,
2848513,14,13,1300,1300,0,0,0,0,0,0,62,0,0,0,2848,detection,
2848534,24,13,1300,1300,0,0,0,0,0,0,75,0,0,0,2848,detection,
2849251,22,9,1044,1044,0,0,0,0,0,0,61,0,0,0,2849,detection,
2850824,10,18,613,613,0,0,0,0,0,0,59,0,0,0,2850,detection,
2852584,28,12,714,714,0,0,0,0,0,0,90,0,0,0,2852,detection,
2853604,2,29,276,528,-252,0,44,100,30,0,60,0,60,40,2853,detection,
2853616,12,29,276,528,-252,0,46,100,31,0,56,0,60,40,2853,detection,
2856284,9,4,1596,1596,0,0,0,0,0,0,70,0,0,0,2856,detection,
2856663,5,11,788,788,0,0,0,0,0,0,62,0,0,0,2856,detection,
2859285,9,16,1038,1038,0,0,0,0,0,0,68,0,0,0,2859,detection,
2859337,23,16,1038,1038,0,0,0,0,0,0,64,0,0,0,2859,detection,
2859459,28,8,532,532,0,0,0,0,0,0,61,0,0,0,2859,detection,
2859502,27,8,532,532,0,0,0,0,0,0,56,0,0,0,2859,detection,
2860042,9,2,1300,1300,0,0,0,0,0,0,64,0,0,0,2860,detection,
2860115,25,2,1300,1300,0,0,0,0,0,0,67,0,0,0,2860,detection,
2860231,2,25,1556,1556,0,0,0,0,0,0,64,0,0,0,2860,detection,
2860252,22,25,1556,1556,0,0,0,0,0,0,61,0,0,0,2860,detection,
2861752,4,22,762,762,0,0,0,0,0,0,58,0,0,0,2861,detection,
2861786,9,22,762,762,0,0,0,0,0,0,48,0,0,0,2861,detection,
2861787,5,22,762,762,0,0,0,0,0,0,57,0,0,0,2861,detection,
2861965,7,21,1211,1211,0,0,0,0,0,0,69,0,0,0,2861,detection,
2862247,13,31,276,788,-512,0,91,100,30,0,59,0,58,40,2862,detection,
2863125,27,4,1596,1596,0,0,0,0,0,0,61,0,0,0,2863,detection,
2863126,22,4,1596,1596,0,0,0,0,0,0,65,0,0,0,2863,detection,
2863865,25,2,1044,1044,0,0,0,0,0,0,62,0,0,0,2863,detection,
2863894,14,2,1044,1044,0,0,0,0,0,0,60,0,0,0,2863,detection,
2863912,9,2,1044,1044,0,0,0,0,0,0,63,0,0,0,2863,detection,
2865161,5,11,532,532,0,0,0,0,0,0,64,0,0,0,2865,detection,
2865171,6,11,532,532,0,0,0,0,0,0,57,0,0,0,2865,detection,
2865963,7,13,1300,1300,0,0,0,0,0,0,87,0,0,0,2865,detection,
2866375,27,25,1044,1044,0,0,0,0,0,0,70,0,0,0,2866,detection,
2866378,22,25,1044,1044,0,0,0,0,0,0,60,0,0,0,2866,detection,
2866382,4,25,1044,1044,0,0,0,0,0,0,65,0,0,0,2866,detection,
2866477,2,25,1044,1044,0,0,0,0,0,0,63,0,0,0,2866,detection,
2867254,22,16,1038,1038,0,0,0,0,0,0,60,0,0,0,2867,detection,
2867452,21,30,276,788,-512,0,89,100,29,0,62,0,54,40,2867,detection,
2867667,20,9,1069,1069,0,0,0,0,0,0,61,0,0,0,2867,detection,
2867749,22,9,1069,1069,0,0,0,0,0,0,62,0,0,0,2867,detection,
2867753,4,9,1069,1069,0,0,0,0,0,0,58,0,0,0,2867,detection,
2868836,7,21,1373,1373,0,0,0,0,0,0,68,0,0,0,2868,detection,
2868914,24,15,1069,1069,0,100,0,0,0,0,65,0,49,40,2868,detection,
2868936,16,15,1069,1069,0,100,0,0,0,0,66,0,49,40,2868,detection,
2870787,9,4,1556,1556,0,0,0,0,0,0,71,0,0,0,2870,detection,
2870808,16,4,1556,1556,0,0,0,0,0,0,59,0,0,0,2870,detection,
2870826,10,4,1556,1556,0,0,0,0,0,0,60,0,0,0,2870,detection,
2870864,25,4,1556,1556,0,0,0,0,0,0,60,0,0,0,2870,detection,
2870868,12,4,1556,1556,0,0,0,0,0,0,63,0,0,0,2870,detection,
2870872,22,4,1556,1556,0,0,0,0,0,0,65,0,0,0,2870,detection,
2870872,27,4,1556,1556,0,0,0,0,0,0,64,0,0,0,2870,detection,
2874161,24,15,1145,1145,0,70,0,0,0,0,71,0,48,40,2874,detection,
2874182,16,15,1145,1145,0,70,0,0,0,0,71,0,48,40,2874,detection,
2877176,15,5,1044,1044,0,0,0,0,0,0,58,0,0,0,2877,detection,
2878162,9,4,1556,1556,0,0,0,0,0,0,69,0,0,0,2878,detection,
2878167,6,4,1556,1556,0,0,0,0,0,0,61,0,0,0,2878,detection,
2878183,16,4,1556,1556,0,0,0,0,0,0,59,0,0,0,2878,detection,
2878197,10,4,1556,1556,0,0,0,0,0,0,59,0,0,0,2878,detection,
2878230,2,4,1556,1556,0,0,0,0,0,0,65,0,0,0,2878,detection,
2878247,22,4,1556,1556,0,0,0,0,0,0,64,0,0,0,2878,detection,
2878783,5,11,532,532,0,0,0,0,0,0,65,0,0,0,2878,detection,
2881575,10,18,613,613,0,0,0,0,0,0,59,0,0,0,2881,detection,
2881583,19,18,613,613,0,0,0,0,0,0,63,0,0,0,2881,detection,
2882224,2,16,1300,1300,0,0,0,0,0,0,52,0,0,0,2882,detection,
2882245,12,16,1300,1300,0,0,0,0,0,0,59,0,0,0,2882,detection,
2882249,13,16,1300,1300,0,0,0,0,0,0,59,0,0,0,2882,detection,
2882253,22,16,1300,1300,0,0,0,0,0,0,62,0,0,0,2882,detection,
2882258,4,16,1300,1300,0,0,0,0,0,0,64,0,0,0,2882,detection,
2882291,9,16,1300,1300,0,0,0,0,0,0,62,0,0,0,2882,detection,
2882796,1,21,1373,1373,0,0,0,0,0,0,42,0,0,0,2882,detection,
2882836,7,21,1373,1373,0,0,0,0,0,0,66,0,0,0,2882,detection,
2885643,8,27,1014,1014,0,0,0,0,0,0,61,0,0,0,2885,detection,
2885661,24,15,1044,1044,0,0,0,0,0,0,68,0,0,0,2885,detection,
2886786,5,22,788,788,0,0,0,0,0,0,58,0,0,0,2886,detection,
2886808,16,22,788,788,0,0,0,0,0,0,58,0,0,0,2886,detection,
2886826,10,22,788,788,0,0,0,100,63,16,55,0,60,40,2886,detection,
2886854,2,22,788,788,0,0,0,0,0,0,59,0,0,0,2886,detection,
2886865,11,22,788,788,0,0,0,100,64,16,54,0,60,40,2886,detection,
2886867,12,22,788,788,0,0,0,0,0,0,44,0,0,0,2886,detection,
2886872,25,22,788,788,0,0,0,0,0,0,59,0,0,0,2886,detection,
2886876,13,22,788,788,0,0,0,0,0,0,54,0,0,0,2886,detection,
2886877,27,22,788,788,0,0,0,100,59,15,63,0,48,40,2886,detection,
2886883,4,22,788,788,0,0,0,0,0,0,59,0,0,0,2886,detection,
2887139,14,2,839,839,0,0,0,0,0,0,60,0,0,0,2887,detection,
2887177,15,2,839,839,0,0,0,0,0,0,60,0,0,0,2887,detection,
2888877,1,23,808,808,0,0,0,0,0,0,41,0,0,0,2888,detection,
2889350,2,16,1556,1556,0,0,0,0,0,0,52,0,0,0,2889,detection,
2889363,12,16,1556,1556,0,0,0,0,0,0,55,0,0,0,2889,detection,
2889372,22,16,1556,1556,0,0,0,0,0,0,63,0,0,0,2889,detection,
2889372,13,16,1556,1556,0,0,0,0,0,0,59,0,0,0,2889,detection,
2889380,27,16,1556,1556,0,0,0,0,0,0,65,0,0,0,2889,detection,
2889380,4,16,1556,1556,0,0,0,0,0,0,63,0,0,0,2889,detection,
2889393,8,16,1556,1556,0,0,0,0,0,0,58,0,0,0,2889,detection,
2889406,18,16,1556,1556,0,0,0,0,0,0,59,0,0,0,2889,detection,
2889461,23,16,1556,1556,0,0,0,0,0,0,59,0,0,0,2889,detection,
2890767,14,4,583,583,0,80,0,0,0,0,60,0,56,40,2890,detection,
2890788,3,4,583,583,0,80,0,0,0,0,69,0,49,40,2890,detection,
2890791,9,4,583,583,0,80,0,0,0,0,76,0,49,40,2890,detection,
2890809,16,4,583,583,0,80,0,0,0,0,64,0,49,40,2890,detection,
2890822,10,4,583,583,0,80,0,0,0,0,65,0,49,40,2890,detection,
2890852,2,4,583,583,0,80,0,0,0,0,71,0,49,40,2890,detection,
2890865,25,4,583,583,0,80,0,0,0,0,67,0,49,40,2890,detection,
2891583,28,13,1300,1300,0,0,0,0,0,0,89,0,0,0,2891,detection,
2891587,23,13,1300,1300,0,0,0,0,0,0,69,0,0,0,2891,detection,
2891605,2,13,1300,1300,0,0,0,0,0,0,62,0,0,0,2891,detection,
2891642,14,13,1300,1300,0,0,0,0,0,0,61,0,0,0,2891,detection,
2891668,3,13,1300,1300,0,0,0,0,0,0,62,0,0,0,2891,detection,
2891677,15,13,1300,1300,0,0,0,0,0,0,64,0,0,0,2891,detection,
2893107,11,22,788,788,0,0,0,100,0,16,55,0,60,40,2893,detection,
2893114,12,22,788,788,0,0,0,0,0,0,45,0,0,0,2893,detection,
2893118,25,22,788,788,0,0,0,0,0,0,61,0,0,0,2893,detection,
2893123,27,22,788,788,0,0,0,100,0,15,64,0,48,40,2893,detection,
2893123,13,22,788,788,0,0,0,0,0,0,55,0,0,0,2893,detection,
2893145,8,22,788,788,0,0,0,100,0,15,59,0,60,40,2893,detection,
2893161,9,22,788,788,0,0,0,0,0,0,53,0,0,0,2893,detection,
2893165,3,22,788,788,0,0,0,0,0,0,64,0,0,0,2893,detection,
2893225,2,22,788,788,0,0,0,0,0,0,60,0,0,0,2893,detection,
2898721,17,8,532,532,0,0,0,0,0,0,66,0,0,0,2898,detection,
2898750,27,8,532,532,0,0,0,0,0,0,58,0,0,0,2898,detection,
2898767,14,8,532,532,0,0,0,0,0,0,59,0,0,0,2898,detection,
2901710,23,4,603,603,0,72,0,0,0,0,67,0,49,40,2901,detection,
2901748,22,4,603,603,0,72,0,0,0,0,70,0,49,40,2901,detection,
2903247,13,22,788,788,0,0,0,0,0,0,56,0,0,0,2903,detection,
2903259,4,22,788,788,0,0,0,0,0,0,59,0,0,0,2903,detection,
2903307,16,22,788,788,0,0,0,0,0,0,59,0,0,0,2903,detection,
2903550,20,15,1351,1351,0,0,0,0,0,0,59,0,0,0,2903,detection,
2903666,6,3,762,762,0,0,0,0,0,0,59,0,0,0,2903,detection,
2903973,17,16,839,839,0,0,0,0,0,0,67,0,0,0,2903,detection,
2903994,25,16,839,839,0,0,0,0,0,0,62,0,0,0,2903,detection,
2903998,27,16,839,839,0,0,0,0,0,0,67,0,0,0,2903,detection,
2904003,4,16,839,839,0,0,0,0,0,0,65,0,0,0,2904,detection,
2904007,22,16,839,839,0,0,0,0,0,0,60,0,0,0,2904,detection,
2904767,8,9,1168,1168,0,0,0,0,0,0,62,0,0,0,2904,detection,
2904870,12,9,1168,1168,0,0,0,0,0,0,59,0,0,0,2904,detection,
2907787,5,11,863,863,0,0,0,0,0,0,63,0,0,0,2907,detection,
2908090,7,2,1300,1300,0,0,0,0,0,0,52,0,0,0,2908,detection,
2908740,12,9,1044,1044,0,0,0,0,0,0,58,0,0,0,2908,detection,
2909108,1,25,1018,1018,0,0,0,0,0,0,44,0,0,0,2909,detection,
2909202,21,25,1018,1018,0,0,0,0,0,0,59,0,0,0,2909,detection,
2909422,15,5,1411,1411,0,0,0,0,0,0,62,0,0,0,2909,detection,
2909835,28,8,788,788,0,0,0,0,0,0,60,0,0,0,2909,detection,
2913434,16,31,276,762,-486,0,87,100,3,7,59,0,58,40,2913,detection,
2915473,17,16,839,839,0,0,0,0,0,0,65,0,0,0,2915,detection,
2915495,13,16,839,839,0,0,0,0,0,0,60,0,0,0,2915,detection,
2915499,22,16,839,839,0,0,0,0,0,0,61,0,0,0,2915,detection,
2916217,17,21,1274,1274,0,0,0,0,0,0,56,0,0,0,2916,detection,
2916345,17,21,1274,1274,0,0,0,0,0,0,55,0,0,0,2916,detection,
2916378,27,21,1274,1274,0,0,0,0,0,0,55,0,0,0,2916,detection,
2916584,23,13,1095,1095,0,0,0,0,0,0,67,0,0,0,2916,detection,
2916643,14,13,1095,1095,0,0,0,0,0,0,60,0,0,0,2916,detection,
2916661,9,13,1095,1095,0,0,0,0,0,0,56,0,0,0,2916,detection,
2916669,18,13,1095,1095,0,0,0,0,0,0,63,0,0,0,2916,detection,
2917101,21,9,1044,1044,0,0,0,0,0,0,60,0,0,0,2917,detection,
2917170,3,28,788,788,0,0,0,0,0,0,61,0,0,0,2917,detection,
2917210,7,2,1786,1786,0,0,0,0,0,0,62,0,0,0,2917,detection,
2917795,6,8,1300,1300,0,0,0,0,0,0,59,0,0,0,2917,detection,
2917914,9,13,1095,1095,0,0,0,0,0,0,56,0,0,0,2917,detection,
2917915,3,13,1095,1095,0,0,0,0,0,0,61,0,0,0,2917,detection,
2917960,19,13,1095,1095,0,0,0,0,0,0,68,0,0,0,2917,detection,
2917960,23,13,1095,1095,0,0,0,0,0,0,65,0,0,0,2917,detection,
2918029,18,13,1095,1095,0,0,0,0,0,0,62,0,0,0,2918,detection,
2918997,13,31,276,532,-256,0,45,100,30,0,59,0,60,40,2918,detection,
2919001,22,31,276,532,-256,0,45,100,3,15,59,0,60,40,2919,detection,
2919009,4,31,276,532,-256,0,45,100,0,15,61,0,57,40,2919,detection,
2919061,16,31,276,532,-256,0,46,100,27,0,58,0,60,40,2919,detection,
2921874,22,17,788,788,0,0,0,0,0,0,86,0,0,0,2921,detection,
2921882,4,17,788,788,0,0,0,0,0,0,86,0,0,0,2921,detection,
2921939,16,17,788,788,0,0,0,0,0,0,59,0,0,0,2921,detection,
2921952,21,17,788,788,0,0,0,0,0,0,68,0,0,0,2921,detection,
2921952,10,17,788,788,0,0,0,0,0,0,100,0,0,0,2921,detection,
2922438,16,22,1115,1115,0,0,0,0,0,0,58,0,0,0,2922,detection,
2922460,23,22,1115,1115,0,0,0,0,59,0,62,0,0,0,2922,detection,
2922497,13,22,1115,1115,0,0,0,0,0,0,59,0,0,0,2922,detection,
2922508,4,22,1115,1115,0,0,0,0,0,0,59,0,0,0,2922,detection,
2922641,14,4,788,788,0,0,0,0,0,0,62,0,0,0,2922,detection,
2922663,9,4,788,788,0,0,0,0,0,0,73,0,0,0,2922,detection,
2922663,3,4,788,788,0,0,0,0,0,0,68,0,0,0,2922,detection,
2922667,6,4,788,788,0,0,0,0,0,0,60,0,0,0,2922,detection,
2922680,16,4,788,788,0,0,0,0,0,0,62,0,0,0,2922,detection,
2924169,3,9,788,788,0,0,0,0,0,0,52,0,0,0,2924,detection,
2924199,21,9,788,788,0,0,0,0,0,0,63,0,0,0,2924,detection,
2924254,4,9,788,788,0,0,0,0,0,0,61,0,0,0,2924,detection,
2924910,24,15,1274,1274,0,0,0,0,0,0,66,0,0,0,2924,detection,
2925058,16,22,859,859,0,0,0,0,0,0,59,0,0,0,2925,detection,
2926841,7,10,557,557,0,0,0,0,0,0,72,0,0,0,2926,detection,
2927417,6,3,762,762,0,0,0,0,0,0,58,0,0,0,2927,detection,
2927621,13,31,276,276,0,0,0,100,30,7,60,0,60,40,2927,detection,
2927626,22,31,276,276,0,0,0,100,30,23,59,0,60,40,2927,detection,
2927630,4,31,276,276,0,0,0,100,29,23,63,0,48,40,2927,detection,
2927656,18,31,276,276,0,0,0,100,55,8,58,0,60,40,2927,detection,
2927686,16,31,276,276,0,0,0,100,30,7,59,0,60,40,2927,detection,
2928935,16,22,859,859,0,0,0,0,0,0,60,0,0,0,2928,detection,
2929744,1,17,532,532,0,0,0,0,0,0,66,0,0,0,2929,detection,
2929821,10,17,532,532,0,0,0,0,0,0,100,0,0,0,2929,detection,
2929869,25,17,532,532,0,0,0,0,0,0,67,0,0,0,2929,detection,
2930039,9,3,788,788,0,0,0,0,0,0,64,0,0,0,2930,detection,
2930075,1,7,1069,1069,0,0,0,0,0,0,47,0,0,0,2930,detection,
2930737,11,5,788,788,0,0,0,0,0,0,71,0,0,0,2930,detection,
2931247,22,4,1018,1018,0,0,0,0,0,0,68,0,0,0,2931,detection,
2931264,14,4,1018,1018,0,0,0,0,0,0,62,0,0,0,2931,detection,
2931306,16,4,1018,1018,0,0,0,0,0,0,63,0,0,0,2931,detection,
2935627,13,22,1095,1095,0,0,0,0,0,0,60,0,0,0,2935,detection,
2935640,14,22,1095,1095,0,0,0,0,0,0,57,0,0,0,2935,detection,
2935684,16,22,1095,1095,0,0,0,0,0,0,56,0,0,0,2935,detection,
2935712,23,22,1095,1095,0,0,0,0,0,0,63,0,0,0,2935,detection,
2935747,1,7,1069,1069,0,0,0,0,0,0,45,0,0,0,2935,detection,
2935842,17,7,1069,1069,0,0,0,0,0,0,58,0,0,0,2935,detection,
2938273,8,3,532,532,0,0,0,0,0,0,66,0,0,0,2938,detection,
2940125,27,17,532,532,0,0,0,0,0,0,98,0,0,0,2940,detection,
2940151,1,17,532,532,0,0,0,0,0,0,61,0,0,0,2940,detection,
2940194,10,17,532,532,0,0,0,0,0,0,100,0,0,0,2940,detection,
2941123,13,22,1095,1095,0,0,0,0,0,0,60,0,0,0,2941,detection,
2941132,4,22,1095,1095,0,0,0,0,0,0,60,0,0,0,2941,detection,
2941140,14,22,1095,1095,0,0,0,0,0,0,58,0,0,0,2941,detection,
2941183,16,22,1095,1095,0,0,0,0,0,0,57,0,0,0,2941,detection,
2941264,14,4,950,950,0,0,0,0,0,0,61,0,0,0,2941,detection,
2941308,16,4,950,950,0,0,0,0,0,0,62,0,0,0,2941,detection,
2941334,23,4,950,950,0,0,0,0,0,0,66,0,0,0,2941,detection,
2941460,28,18,707,707,0,0,0,0,0,0,61,0,0,0,2941,detection,
2941463,19,18,707,707,0,0,0,0,0,0,58,0,0,0,2941,detection,
2942246,13,31,276,484,-208,0,36,100,24,15,60,0,60,40,2942,detection,
2942264,4,31,276,484,-208,0,36,100,24,23,61,0,57,40,2942,detection,
2942311,16,31,276,484,-208,0,37,100,24,15,59,0,60,40,2942,detection,
2942352,1,7,1384,1384,0,0,0,0,0,0,52,0,0,0,2942,detection,
2943960,26,25,1095,1095,0,0,0,0,0,0,64,0,0,0,2943,detection,
2943977,2,25,1095,1095,0,0,0,0,0,0,62,0,0,0,2943,detection,
2944241,25,2,2469,2469,0,0,0,0,0,0,79,0,0,0,2944,detection,
2945996,13,14,948,948,0,0,0,0,0,0,59,0,0,0,2945,detection,
2947118,25,27,1044,1044,0,0,0,0,0,0,65,0,0,0,2947,detection,
2947254,4,9,532,532,0,0,0,0,0,0,62,0,0,0,2947,detection,
2950335,7,10,1044,1044,0,0,0,0,0,0,73,0,0,0,2950,detection,
2951170,20,15,1274,1274,0,0,0,0,0,0,55,0,0,0,2951,detection,
2951560,16,31,276,532,-256,0,46,100,5,16,58,0,60,40,2951,detection,
2951628,4,31,276,532,-256,0,45,100,5,23,60,0,60,40,2951,detection,
2952839,23,16,1367,1367,0,0,0,0,0,0,63,0,0,0,2952,detection,
2953333,26,2,2538,2538,0,0,0,0,0,0,95,0,0,0,2953,detection,
2953462,23,13,1450,1450,0,0,0,0,0,0,73,0,0,0,2953,detection,
2955863,11,5,1223,1223,0,0,0,0,0,0,68,0,0,0,2955,detection,
2956796,6,20,1163,1163,0,0,0,0,0,0,59,0,0,0,2956,detection,
2960181,1,7,1429,1429,0,0,0,0,0,0,53,0,0,0,2960,detection,
2960239,11,19,1219,1219,0,0,0,0,0,0,58,0,0,0,2960,detection,
2961015,14,13,1409,1409,0,0,0,0,0,0,63,0,0,0,2961,detection,
2961037,9,13,1409,1409,0,0,0,0,0,0,62,0,0,0,2961,detection,
2961084,23,13,1409,1409,0,0,0,0,0,0,73,0,0,0,2961,detection,
2961455,26,2,1931,1931,0,0,0,0,0,0,92,0,0,0,2961,detection,
2961489,25,2,1931,1931,0,0,0,0,0,0,79,0,0,0,2961,detection,
2964047,20,6,762,762,0,0,0,90,0,16,57,0,60,40,2964,detection,
2964490,25,27,1044,1044,0,0,0,0,0,0,64,0,0,0,2964,detection,
2964534,18,27,1044,1044,0,0,0,0,0,0,59,0,0,0,2964,detection,
2964706,26,25,1755,1755,0,0,0,0,0,0,72,0,0,0,2964,detection,
2964724,2,25,1755,1755,0,0,0,0,0,0,66,0,0,0,2964,detection,
2964749,27,25,1755,1755,0,0,0,0,0,0,72,0,0,0,2964,detection,
2966460,7,10,1044,1044,0,0,0,0,0,0,70,0,0,0,2966,detection,
2966461,28,10,1044,1044,0,0,0,0,0,0,60,0,0,0,2966,detection,
2967489,12,29,276,301,-25,0,4,100,26,0,61,0,57,40,2967,detection,
2967793,20,15,1419,1419,0,0,0,0,0,0,60,0,0,0,2967,detection,
2969127,13,9,532,532,0,0,0,0,0,0,68,0,0,0,2969,detection,
2969144,14,9,532,532,0,0,0,0,0,0,64,0,0,0,2969,detection,
2969366,25,2,1556,1556,0,0,0,0,0,0,78,0,0,0,2969,detection,
2969405,18,2,1556,1556,0,0,0,0,0,0,63,0,0,0,2969,detection,
2969421,15,2,1556,1556,0,0,0,0,0,0,63,0,0,0,2969,detection,
2970001,27,25,1556,1556,0,0,0,0,0,0,71,0,0,0,2970,detection,
2970020,22,25,1556,1556,0,0,0,0,0,0,59,0,0,0,2970,detection,
2970748,27,17,532,532,0,0,0,0,0,0,100,0,0,0,2970,detection,
2971769,14,16,1044,1044,0,0,0,0,0,0,59,0,0,0,2971,detection,
2971790,9,16,1044,1044,0,0,0,0,0,0,64,0,0,0,2971,detection,
2971825,21,16,1044,1044,0,0,0,0,0,0,58,0,0,0,2971,detection,
2972402,14,13,1044,1044,0,0,0,0,0,0,59,0,0,0,2972,detection,
2972460,19,13,1044,1044,0,0,0,0,0,0,65,0,0,0,2972,detection,
2973358,11,19,1044,1044,0,0,0,0,0,0,58,0,0,0,2973,detection,
2974990,12,29,276,321,-45,0,7,100,2,0,61,0,57,40,2974,detection,
2975046,3,29,276,321,-45,0,6,70,19,0,92,0,48,40,2975,detection,
2976115,25,2,1300,1300,0,0,0,0,0,0,82,0,0,0,2976,detection,
2976205,26,2,1300,1300,0,0,0,0,0,0,95,0,0,0,2976,detection,
2977088,21,4,1116,1116,0,0,0,0,0,0,65,0,0,0,2977,detection,
2977099,17,4,1116,1116,0,0,0,0,0,0,57,0,0,0,2977,detection,
2977140,14,4,1116,1116,0,0,0,0,0,0,60,0,0,0,2977,detection,
2978291,6,20,1018,1018,0,0,0,0,0,0,62,0,0,0,2978,detection,
2978292,24,20,1018,1018,0,0,0,0,0,0,57,0,0,0,2978,detection,
2979036,24,18,788,788,0,0,0,0,0,0,57,0,0,0,2979,detection,
2979039,3,18,788,788,0,0,0,0,0,0,59,0,0,0,2979,detection,
2979142,14,13,1044,1044,0,0,0,0,0,0,62,0,0,0,2979,detection,
2979163,9,13,1044,1044,0,0,0,0,0,0,61,0,0,0,2979,detection,
2979172,15,13,1044,1044,0,0,0,0,0,0,63,0,0,0,2979,detection,
2979362,11,19,1556,1556,0,0,0,0,0,0,57,0,0,0,2979,detection,
2979828,26,25,2047,2047,0,0,0,0,0,0,76,0,0,0,2979,detection,
2979846,17,25,2047,2047,0,0,0,0,0,0,79,0,0,0,2979,detection,
2979850,2,25,2047,2047,0,0,0,0,0,0,70,0,0,0,2979,detection,
2979871,27,25,2047,2047,0,0,0,0,0,0,73,0,0,0,2979,detection,
2981499,13,16,788,788,0,0,0,0,0,0,62,0,0,0,2981,detection,
2981516,14,16,788,788,0,0,0,0,0,0,60,0,0,0,2981,detection,
2981585,23,16,788,788,0,0,0,0,0,0,64,0,0,0,2981,detection,
2982279,18,27,1044,1044,0,0,0,0,0,0,55,0,0,0,2982,detection,
2982322,10,27,1044,1044,0,0,0,0,0,0,62,0,0,0,2982,detection,
2982334,26,27,1044,1044,0,0,0,0,0,0,53,0,0,0,2982,detection,
2982365,25,27,1044,1044,0,0,0,0,0,0,59,0,0,0,2982,detection,
2986208,19,13,1181,1181,0,0,0,0,0,0,65,0,0,0,2986,detection,
2986357,2,29,276,312,-36,0,6,53,26,0,57,0,0,0,2986,detection,
2986609,11,19,1437,1437,0,0,0,0,0,0,58,0,0,0,2986,detection,
2986832,26,25,2047,2047,0,0,0,0,0,0,74,0,0,0,2986,detection,
2986863,2,25,2047,2047,0,0,0,0,0,0,69,0,0,0,2986,detection,
2986875,27,25,2047,2047,0,0,0,0,0,0,72,0,0,0,2986,detection,
2987540,3,18,788,788,0,0,0,0,0,0,54,0,0,0,2987,detection,
2988363,11,5,1223,1223,0,0,0,0,0,0,67,0,0,0,2988,detection,
2988588,19,3,532,532,0,0,0,0,0,0,63,0,0,0,2988,detection,
2988626,13,3,532,532,0,0,0,0,0,0,66,0,0,0,2988,detection,
2988644,8,3,532,532,0,0,0,0,0,0,63,0,0,0,2988,detection,
2988655,18,3,532,532,0,0,0,0,0,0,71,0,0,0,2988,detection,
2988661,9,3,532,532,0,0,0,0,0,0,65,0,0,0,2988,detection,
2988664,6,3,532,532,0,0,0,0,0,0,59,0,0,0,2988,detection,
2988872,25,22,1581,1581,0,0,0,0,0,0,60,0,0,0,2988,detection,
2989108,1,7,1429,1429,0,0,0,0,0,0,51,0,0,0,2989,detection,
2991103,2,29,276,532,-256,0,45,70,26,0,60,0,72,55,2991,detection,
2991119,12,29,276,532,-256,0,45,100,25,0,60,0,60,40,2991,detection,
2991357,11,19,788,788,0,0,0,0,0,0,59,0,0,0,2991,detection,
2991422,15,19,788,788,0,0,0,0,0,0,67,0,0,0,2991,detection,
2991913,24,20,1043,1043,0,0,0,0,0,0,58,0,0,0,2991,detection,
2992543,20,6,1293,1293,0,0,0,78,0,7,60,0,60,40,2992,detection,
2995452,26,25,1941,1941,0,0,0,0,0,0,71,0,0,0,2995,detection,
2995620,25,17,532,532,0,0,0,0,0,0,68,0,0,0,2995,detection,
2995629,27,17,532,532,0,0,0,0,0,0,100,0,0,0,2995,detection,
2997541,3,13,1218,1218,0,0,0,0,0,0,60,0,0,0,2997,detection,
2997541,9,13,1218,1218,0,0,0,0,0,0,56,0,0,0,2997,detection,
2997550,15,13,1218,1218,0,0,0,0,0,0,62,0,0,0,2997,detection,
2997961,23,16,788,788,0,0,0,0,0,0,66,0,0,0,2997,detection,
2998362,11,19,788,788,0,0,0,0,0,0,56,0,0,0,2998,detection,
2998800,15,2,788,788,0,0,0,0,0,0,62,0,0,0,2998,detection,
2999830,1,26,751,751,0,0,0,0,0,0,36,0,0,0,2999,detection,
2999848,17,26,751,751,0,0,0,0,0,0,57,0,0,0,2999,detection,
2999869,25,26,751,751,0,0,0,0,0,0,65,0,0,0,2999,detection,
2999877,27,26,751,751,0,0,0,0,0,0,74,0,0,0,2999,detection,
3000395,8,27,532,532,0,0,0,0,0,0,58,0,0,0,3000,detection,
3000454,26,27,532,532,0,0,0,0,0,0,59,0,0,0,3000,detection,
3002131,4,22,1300,1300,0,0,0,0,0,0,59,0,0,0,3002,detection,
3002131,27,22,1300,1300,0,0,0,100,0,15,63,0,48,40,3002,detection,
3002910,24,18,1556,1556,0,0,0,0,0,0,63,0,0,0,3002,detection,
3003081,26,7,1263,1263,0,0,0,0,0,0,87,0,0,0,3003,detection,
3003094,17,7,1263,1263,0,0,0,0,0,0,54,0,0,0,3003,detection,
3004795,20,6,532,532,0,100,0,0,0,0,68,0,49,40,3004,detection,
3007544,3,28,532,532,0,0,0,0,0,0,62,0,0,0,3007,detection,
3009218,17,25,1044,1044,0,0,0,0,0,0,78,0,0,0,3009,detection,
3009227,2,25,1044,1044,0,0,0,0,0,0,73,0,0,0,3009,detection,
3009249,27,25,1044,1044,0,0,0,0,0,0,73,0,0,0,3009,detection,
3009253,22,25,1044,1044,0,0,0,0,0,0,59,0,0,0,3009,detection,
3009274,8,25,1044,1044,0,0,0,0,0,0,64,0,0,0,3009,detection,
3010353,1,26,1709,1709,0,0,0,0,0,0,42,0,0,0,3010,detection,
3010632,4,22,1044,1044,0,0,0,0,0,0,55,0,0,0,3010,detection,
3010668,3,9,1044,1044,0,0,0,0,0,0,52,0,0,0,3010,detection,
3011160,5,31,276,532,-256,0,48,73,25,0,53,0,66,55,3011,detection,
3011176,15,31,276,532,-256,0,46,70,3,0,57,0,61,40,3011,detection,
3011292,20,6,634,634,0,60,0,0,0,0,72,0,0,0,3011,detection,
3011795,6,19,788,788,0,0,0,0,0,0,56,0,0,0,3011,detection,
3011799,15,19,788,788,0,0,0,0,0,0,65,0,0,0,3011,detection,
3011834,28,19,788,788,0,0,0,0,0,0,64,0,0,0,3011,detection,
3011909,24,18,1504,1504,0,0,0,0,0,0,64,0,0,0,3011,detection,
3014364,11,12,1288,1288,0,0,0,0,0,0,58,0,0,0,3014,detection,
3015042,6,20,1116,1116,0,0,0,0,0,0,61,0,0,0,3015,detection,
3015358,1,26,1300,1300,0,0,0,0,0,0,36,0,0,0,3015,detection,
3015363,25,26,1300,1300,0,0,0,0,0,0,64,0,0,0,3015,detection,
3015375,27,26,1300,1300,0,0,0,0,0,0,72,0,0,0,3015,detection,
3015880,27,21,1076,1076,0,0,0,0,0,0,57,0,0,0,3015,detection,
3016118,12,13,1175,1175,0,0,0,0,0,0,62,0,0,0,3016,detection,
3017144,8,25,1146,1146,0,0,0,0,0,0,60,0,0,0,3017,detection,
3017187,16,25,1146,1146,0,0,0,0,0,0,58,0,0,0,3017,detection,
3017204,26,25,1146,1146,0,0,0,0,0,0,75,0,0,0,3017,detection,
3017220,17,25,1146,1146,0,0,0,0,0,0,76,0,0,0,3017,detection,
3017225,2,25,1146,1146,0,0,0,0,0,0,74,0,0,0,3017,detection,
3017251,22,25,1146,1146,0,0,0,0,0,0,58,0,0,0,3017,detection,
3017251,27,25,1146,1146,0,0,0,0,0,0,73,0,0,0,3017,detection,
3017251,13,25,1146,1146,0,0,0,0,0,0,57,0,0,0,3017,detection,
3017334,23,22,788,788,0,0,0,0,0,0,64,0,0,0,3017,detection,
3017346,28,22,788,788,0,0,0,100,62,8,57,0,60,40,3017,detection,
3017353,2,22,788,788,0,0,0,0,0,0,61,0,0,0,3017,detection,
3017369,25,22,788,788,0,0,0,0,0,0,61,0,0,0,3017,detection,
3017421,5,22,788,788,0,0,0,0,0,0,59,0,0,0,3017,detection,
3017434,3,22,788,788,0,0,0,0,0,0,65,0,0,0,3017,detection,
3019394,14,8,788,788,0,0,0,0,0,0,59,0,0,0,3019,detection,
3019463,28,8,788,788,0,0,0,0,0,0,59,0,0,0,3019,detection,
3019467,7,8,788,788,0,0,0,0,0,0,58,0,0,0,3019,detection,
3019953,21,27,532,532,0,0,0,0,0,0,57,0,0,0,3019,detection,
3022075,10,18,1300,1300,0,0,0,0,0,0,54,0,0,0,3022,detection,
3022113,11,18,1300,1300,0,0,0,0,0,0,60,0,0,0,3022,detection,
3023037,5,31,276,295,-19,0,3,70,28,0,59,0,69,55,3023,detection,
3023050,15,31,276,295,-19,0,3,70,28,0,59,0,69,55,3023,detection,
3023060,16,31,276,295,-19,0,3,100,28,15,59,0,60,40,3023,detection,
3023481,1,26,1044,1044,0,0,0,0,0,0,38,0,0,0,3023,detection,
3023493,25,26,1044,1044,0,0,0,0,0,0,65,0,0,0,3023,detection,
3025956,28,8,532,532,0,0,0,0,0,0,57,0,0,0,3025,detection,
3025956,26,8,532,532,0,0,0,100,59,15,62,0,54,40,3025,detection,
3025959,7,8,532,532,0,0,0,0,0,0,59,0,0,0,3025,detection,
3026191,1,26,880,880,0,0,0,0,0,0,41,0,0,0,3026,detection,
3026380,22,3,788,788,0,100,0,0,0,0,60,0,56,40,3026,detection,
3027366,12,16,788,788,0,0,0,0,0,0,61,0,0,0,3027,detection,
3027380,27,16,788,788,0,0,0,0,0,0,65,0,0,0,3027,detection,
3027392,14,16,788,788,0,0,0,0,0,0,62,0,0,0,3027,detection,
3027405,18,16,788,788,0,0,0,0,0,0,61,0,0,0,3027,detection,
3027414,9,16,788,788,0,0,0,0,0,0,66,0,0,0,3027,detection,
3028468,17,7,1007,1007,0,0,0,0,0,0,55,0,0,0,3028,detection,
3029416,6,20,1116,1116,0,0,0,0,0,0,61,0,0,0,3029,detection,
3032266,14,9,1044,1044,0,0,0,0,0,0,62,0,0,0,3032,detection,
3032333,26,2,1044,1044,0,0,0,0,0,0,91,0,0,0,3032,detection,
3033326,10,18,1556,1556,0,0,0,0,0,0,59,0,0,0,3033,detection,
3033335,28,18,1556,1556,0,0,0,0,0,0,61,0,0,0,3033,detection,
3033361,11,18,1556,1556,0,0,0,0,0,0,61,0,0,0,3033,detection,
3033415,9,18,1556,1556,0,0,0,0,0,0,58,0,0,0,3033,detection,
3035036,3,22,788,788,0,0,0,0,0,0,66,0,0,0,3035,detection,
3036960,28,12,1288,1288,0,0,0,0,0,0,83,0,0,0,3036,detection,
3037043,6,19,1044,1044,0,0,0,0,0,0,59,0,0,0,3037,detection,
3037043,20,19,1044,1044,0,0,0,0,0,0,62,0,0,0,3037,detection,
3037046,15,19,1044,1044,0,0,0,0,0,0,67,0,0,0,3037,detection,
3037569,10,17,595,595,0,0,0,0,0,0,100,0,0,0,3037,detection,
3038498,13,31,276,523,-247,0,45,70,4,0,55,0,61,40,3038,detection,
3038499,22,31,276,523,-247,0,44,100,29,30,59,0,58,40,3038,detection,
3038532,18,31,276,523,-247,0,44,70,29,0,58,0,69,55,3038,detection,
3038558,16,31,276,523,-247,0,45,100,28,16,55,0,60,40,3038,detection,
3038955,26,8,554,554,0,0,0,100,0,15,63,0,48,40,3038,detection,
3040495,12,29,276,532,-256,0,45,70,0,0,59,0,61,40,3040,detection,
3040735,11,12,788,788,0,0,0,0,0,0,61,0,0,0,3040,detection,
3041663,3,18,788,788,0,0,0,0,0,0,58,0,0,0,3041,detection,
3041709,28,18,788,788,0,0,0,0,0,0,60,0,0,0,3041,detection,
3045162,9,16,532,532,0,0,0,0,0,0,67,0,0,0,3045,detection,
3047337,28,12,788,788,0,0,0,0,0,0,76,0,0,0,3047,detection,
3047913,3,18,788,788,0,0,0,0,0,0,57,0,0,0,3047,detection,
3048537,24,13,1366,1366,0,0,0,0,0,0,72,0,0,0,3048,detection,
3048553,15,13,1366,1366,0,0,0,0,0,0,62,0,0,0,3048,detection,
3048588,19,13,1366,1366,0,0,0,0,0,0,61,0,0,0,3048,detection,
3048588,23,13,1366,1366,0,0,0,0,0,0,69,0,0,0,3048,detection,
3049540,8,25,1300,1300,0,0,0,0,0,0,62,0,0,0,3049,detection,
3050162,5,30,276,502,-226,0,39,100,3,15,62,0,54,40,3050,detection,
3050174,20,30,276,502,-226,0,41,70,24,0,56,0,67,55,3050,detection,
3050213,23,30,276,502,-226,0,41,70,3,0,57,0,61,40,3050,detection,
3053543,20,6,788,788,0,0,0,0,0,0,69,0,0,0,3053,detection,
3054087,28,12,788,788,0,0,0,0,0,0,74,0,0,0,3054,detection,
3054466,7,21,1044,1044,0,0,0,0,0,0,62,0,0,0,3054,detection,
3054470,17,21,1044,1044,0,0,0,0,0,0,55,0,0,0,3054,detection,
3054915,6,20,788,788,0,0,0,0,0,0,60,0,0,0,3054,detection,
3054915,24,20,788,788,0,0,0,0,0,0,61,0,0,0,3054,detection,
3057788,24,13,1300,1300,0,0,0,0,0,0,65,0,0,0,3057,detection,
3058267,4,3,1094,1094,0,0,0,0,0,0,64,0,0,0,3058,detection,
3059822,20,15,788,788,0,0,0,0,0,0,59,0,0,0,3059,detection,
3060963,7,21,788,788,0,0,0,0,0,0,65,0,0,0,3060,detection,
3060967,17,21,788,788,0,0,0,0,0,0,57,0,0,0,3060,detection,
3061537,3,18,1300,1300,0,0,0,0,0,0,57,0,0,0,3061,detection,
3061550,9,18,1300,1300,0,0,0,0,0,0,57,0,0,0,3061,detection,
3061584,28,18,1300,1300,0,0,0,0,0,0,59,0,0,0,3061,detection,
3061589,19,18,1300,1300,0,0,0,0,0,0,61,0,0,0,3061,detection,
3061600,7,18,1300,1300,0,0,0,0,0,0,59,0,0,0,3061,detection,
3062701,21,9,788,788,0,0,0,0,0,0,61,0,0,0,3062,detection,
3062786,24,20,1044,1044,0,0,0,0,0,0,60,0,0,0,3062,detection,
3062794,6,20,1044,1044,0,0,0,0,0,0,59,0,0,0,3062,detection,
3063499,22,17,1120,1120,0,0,0,0,0,0,81,0,0,0,3063,detection,
3065417,9,10,851,851,0,0,0,0,0,0,72,0,0,0,3065,detection,
3065434,16,10,851,851,0,0,0,0,0,0,64,0,0,0,3065,detection,
3065876,13,3,1291,1291,0,0,0,0,0,0,64,0,0,0,3065,detection,
3065884,4,3,1291,1291,0,0,0,0,0,0,63,0,0,0,3065,detection,
3065897,8,3,1291,1291,0,0,0,0,0,0,65,0,0,0,3065,detection,
3065906,18,3,1291,1291,0,0,0,0,0,0,64,0,0,0,3065,detection,
3066144,14,22,788,788,0,0,0,0,0,0,59,0,0,0,3066,detection,
3066659,24,13,1300,1300,0,0,0,0,0,0,68,0,0,0,3066,detection,
3068063,16,15,788,788,0,0,0,0,0,0,68,0,0,0,3068,detection,
3068414,3,22,788,788,0,0,0,0,0,0,63,0,0,0,3068,detection,
3068506,27,22,788,788,0,0,0,100,0,15,64,0,48,40,3068,detection,
3070031,18,31,276,788,-512,0,91,100,31,0,59,0,58,40,3070,detection,
3071589,19,3,1317,1317,0,0,0,0,0,0,62,0,0,0,3071,detection,
3072547,6,8,788,788,0,0,0,0,0,0,61,0,0,0,3072,detection,
3072579,21,17,1120,1120,0,0,0,0,0,0,66,0,0,0,3072,detection,
3072580,26,8,788,788,0,0,0,100,0,15,64,0,48,40,3072,detection,
3072663,24,20,1044,1044,0,0,0,0,0,0,59,0,0,0,3072,detection,
3072667,6,20,1044,1044,0,0,0,0,0,0,55,0,0,0,3072,detection,
3072746,25,27,1300,1300,0,0,0,0,0,0,61,0,0,0,3072,detection,
3072759,4,27,1300,1300,0,0,0,0,0,0,67,0,0,0,3072,detection,
3073086,7,21,788,788,0,0,0,0,0,0,67,0,0,0,3073,detection,
3073094,17,21,788,788,0,0,0,0,0,0,54,0,0,0,3073,detection,
3073792,3,13,1300,1300,0,0,0,0,0,0,56,0,0,0,3073,detection,
3079583,26,27,1556,1556,0,0,0,0,0,0,58,0,0,0,3079,detection,
3079618,25,27,1556,1556,0,0,0,0,0,0,61,0,0,0,3079,detection,
3079630,4,27,1556,1556,0,0,0,0,0,0,65,0,0,0,3079,detection,
3079917,3,18,788,788,0,0,0,0,0,0,57,0,0,0,3079,detection,
3079949,10,18,788,788,0,0,0,0,0,0,59,0,0,0,3079,detection,
3079961,7,18,788,788,0,0,0,0,0,0,55,0,0,0,3079,detection,
3081865,11,31,276,739,-463,0,79,100,0,0,64,0,48,40,3081,detection,
3082164,6,20,788,788,0,0,0,0,0,0,56,0,0,0,3082,detection,
3082336,28,12,1593,1593,0,0,0,0,0,0,76,0,0,0,3082,detection,
3082823,21,17,1095,1095,0,0,0,0,0,0,66,0,0,0,3082,detection,
3082938,16,17,1095,1095,0,0,0,0,0,0,59,0,0,0,3082,detection,
3084289,24,13,1300,1300,0,0,0,0,0,0,66,0,0,0,3084,detection,
3087127,27,26,1018,1018,0,0,0,0,0,0,69,0,0,0,3087,detection,
3088211,7,29,276,532,-256,0,46,100,0,0,57,0,60,40,3088,detection,
3088324,21,9,892,892,0,0,0,0,0,0,60,0,0,0,3088,detection,
3088341,7,9,892,892,0,0,0,0,0,0,65,0,0,0,3088,detection,
3088505,27,17,1115,1115,0,0,0,0,0,0,100,0,0,0,3088,detection,
3088704,26,8,788,788,0,0,0,100,0,15,64,0,48,40,3088,detection,
3088716,7,8,788,788,0,0,0,0,0,0,57,0,0,0,3088,detection,
3088725,17,8,788,788,0,0,0,0,0,0,68,0,0,0,3088,detection,
3088862,11,19,532,532,0,0,0,0,0,0,61,0,0,0,3088,detection,
3088918,20,19,532,532,0,0,0,0,0,0,64,0,0,0,3088,detection,
3088957,28,19,532,532,0,0,0,0,0,0,66,0,0,0,3088,detection,
3091176,15,11,1044,1044,0,0,0,0,0,0,77,0,0,0,3091,detection,
3092159,24,13,532,532,0,0,0,0,0,0,68,0,0,0,3092,detection,
3093326,21,9,1044,1044,0,0,0,0,0,0,59,0,0,0,3093,detection,
3095963,7,2,1044,1044,0,0,0,0,0,0,61,0,0,0,3095,detection,
3096583,26,17,788,788,0,0,0,0,0,0,70,0,0,0,3096,detection,
3096622,27,17,788,788,0,0,0,0,0,0,96,0,0,0,3096,detection,
3096714,7,13,532,532,0,0,0,0,0,0,86,0,0,0,3096,detection,
3097088,23,18,1044,1044,0,0,0,0,0,0,53,0,0,0,3097,detection,
3097112,11,18,1044,1044,0,0,0,0,0,0,56,0,0,0,3097,detection,
3097167,3,18,1044,1044,0,0,0,0,0,0,56,0,0,0,3097,detection,
3097176,15,18,1044,1044,0,0,0,0,0,0,57,0,0,0,3097,detection,
3098234,11,31,276,532,-256,0,44,100,23,0,63,0,48,40,3098,detection,
3098421,20,30,276,532,-256,0,47,70,3,0,56,0,61,40,3098,detection,
3098438,16,30,276,532,-256,0,44,70,29,0,63,0,42,40,3098,detection,
3098452,10,30,276,532,-256,0,43,100,0,15,64,0,48,40,3098,detection,
3098465,28,30,276,532,-256,0,46,70,0,0,57,0,61,40,3098,detection,
3098490,11,30,276,532,-256,0,42,70,77,0,67,0,48,40,3098,detection,
3098494,12,30,276,532,-256,0,40,70,0,0,73,0,48,40,3098,detection,
3099115,25,27,1044,1044,0,0,0,0,0,0,60,0,0,0,3099,detection,
3099136,4,27,1044,1044,0,0,0,0,0,0,64,0,0,0,3099,detection,
3099413,3,18,1044,1044,0,0,0,0,0,0,56,0,0,0,3099,detection,
3099460,23,18,1044,1044,0,0,0,0,0,0,52,0,0,0,3099,detection,
3099538,5,18,1044,1044,0,0,0,0,0,0,59,0,0,0,3099,detection,
3099562,16,15,788,788,0,0,0,0,0,0,66,0,0,0,3099,detection,
3099868,25,4,788,788,0,0,0,0,0,0,65,0,0,0,3099,detection,
3099987,11,19,532,532,0,0,0,0,0,0,61,0,0,0,3099,detection,
3101337,23,16,762,762,0,0,0,0,0,0,64,0,0,0,3101,detection,
3101375,22,16,762,762,0,0,0,0,0,0,63,0,0,0,3101,detection,
3101405,18,16,762,762,0,0,0,0,0,0,60,0,0,0,3101,detection,
3101413,9,16,762,762,0,0,0,0,0,0,65,0,0,0,3101,detection,
3103498,27,25,1300,1300,0,0,0,0,0,0,67,0,0,0,3103,detection,
3103511,4,25,1300,1300,0,0,0,0,0,0,63,0,0,0,3103,detection,
3106990,12,16,762,762,0,0,0,0,0,0,60,0,0,0,3106,detection,
3107004,27,16,762,762,0,0,0,0,0,0,67,0,0,0,3107,detection,
3107005,4,16,762,762,0,0,0,0,0,0,64,0,0,0,3107,detection,
3107021,8,16,762,762,0,0,0,0,0,0,61,0,0,0,3107,detection,
3107025,18,16,762,762,0,0,0,0,0,0,56,0,0,0,3107,detection,
3107037,9,16,762,762,0,0,0,0,0,0,64,0,0,0,3107,detection,
3108042,3,9,1274,1274,0,0,0,0,0,0,55,0,0,0,3108,detection,
3108089,7,9,1274,1274,0,0,0,0,0,0,64,0,0,0,3108,detection,
3108283,18,22,856,856,0,0,0,0,0,0,57,0,0,0,3108,detection,
3108291,9,22,856,856,0,0,0,0,0,0,53,0,0,0,3108,detection,
3108324,1,7,788,788,0,0,0,0,0,0,50,0,0,0,3108,detection,
3108335,28,22,856,856,0,0,0,100,0,8,58,0,60,40,3108,detection,
3108366,11,22,856,856,0,0,0,100,0,16,55,0,60,40,3108,detection,
3108823,10,18,1044,1044,0,0,0,0,0,0,58,0,0,0,3108,detection,
3108848,23,18,1044,1044,0,0,0,0,0,0,52,0,0,0,3108,detection,
3108909,5,18,1044,1044,0,0,0,0,0,0,58,0,0,0,3108,detection,
3108912,3,18,1044,1044,0,0,0,0,0,0,56,0,0,0,3108,detection,
3108916,9,18,1044,1044,0,0,0,0,0,0,57,0,0,0,3108,detection,
3109410,24,13,532,532,0,0,0,0,0,0,68,0,0,0,3109,detection,
3111224,17,26,788,788,0,0,0,0,0,0,57,0,0,0,3111,detection,
3111253,27,26,788,788,0,0,0,0,0,0,68,0,0,0,3111,detection,
3112849,17,16,788,788,0,0,0,0,0,0,67,0,0,0,3112,detection,
3112862,12,16,788,788,0,0,0,0,0,0,59,0,0,0,3112,detection,
3112871,25,16,788,788,0,0,0,0,0,0,65,0,0,0,3112,detection,
3112875,27,16,788,788,0,0,0,0,0,0,65,0,0,0,3112,detection,
3112879,4,16,788,788,0,0,0,0,0,0,63,0,0,0,3112,detection,
3112892,8,16,788,788,0,0,0,0,0,0,60,0,0,0,3112,detection,
3113411,9,18,1274,1274,0,0,0,0,0,0,57,0,0,0,3113,detection,
3113415,3,18,1274,1274,0,0,0,0,0,0,52,0,0,0,3113,detection,
3113446,10,18,1274,1274,0,0,0,0,0,0,58,0,0,0,3113,detection,
3113459,23,18,1274,1274,0,0,0,0,0,0,55,0,0,0,3113,detection,
3114834,28,12,1300,1300,0,0,0,0,0,0,75,0,0,0,3114,detection,
3114839,23,12,1300,1300,0,0,0,0,0,0,95,0,0,0,3114,detection,
3114865,11,12,1300,1300,0,0,0,0,0,0,61,0,0,0,3114,detection,
3115280,18,2,1300,1300,0,0,0,0,0,0,62,0,0,0,3115,detection,
3115292,9,2,1300,1300,0,0,0,0,0,0,62,0,0,0,3115,detection,
3115578,26,17,532,532,0,0,0,0,0,0,72,0,0,0,3115,detection,
3115875,22,31,276,532,-256,0,46,100,1,33,58,0,58,40,3115,detection,
3115887,4,31,276,532,-256,0,45,70,0,0,59,50,98,100,3115,detection,
3115908,18,31,276,532,-256,0,48,72,32,0,54,0,72,55,3115,detection,
3115909,5,31,276,532,-256,0,46,100,28,0,58,0,60,40,3115,detection,
3115926,15,31,276,532,-256,0,46,100,28,0,58,0,60,40,3115,detection,
3115935,16,31,276,532,-256,0,46,100,1,16,58,0,60,40,3115,detection,
3115995,11,31,276,532,-256,0,44,100,0,0,62,0,54,40,3115,detection,
3119866,25,16,1044,1044,0,0,0,0,0,0,64,0,0,0,3119,detection,
3120080,26,8,788,788,0,0,0,100,0,15,64,0,48,40,3120,detection,
3121459,1,7,788,788,0,0,0,0,0,0,49,0,0,0,3121,detection,
3121605,11,12,532,532,0,0,0,0,0,0,62,0,0,0,3121,detection,
3121660,5,12,532,532,0,0,0,0,0,0,86,0,0,0,3121,detection,
3122537,5,11,603,603,0,0,0,0,0,0,63,0,0,0,3122,detection,
3122548,15,11,603,603,0,0,0,0,0,0,77,0,0,0,3122,detection,
3122730,2,22,856,856,0,0,0,0,0,0,61,0,0,0,3122,detection,
3122777,18,22,856,856,0,0,0,0,0,0,57,0,0,0,3122,detection,
3125206,21,25,1274,1274,0,0,0,0,0,0,59,0,0,0,3125,detection,
3128033,5,12,532,532,0,0,0,0,0,0,88,0,0,0,3128,detection,
3128081,28,12,532,532,0,0,0,0,0,0,77,0,0,0,3128,detection,
3128089,23,12,532,532,0,0,0,0,0,0,99,0,0,0,3128,detection,
3128089,19,12,532,532,0,0,0,0,0,0,59,0,0,0,3128,detection,
3128212,19,14,788,788,0,0,0,0,0,0,61,0,0,0,3128,detection,
3128393,14,4,788,788,0,0,0,0,0,0,60,0,0,0,3128,detection,
3128437,16,4,788,788,0,0,0,0,0,0,57,0,0,0,3128,detection,
3128459,23,4,788,788,0,0,0,0,0,0,64,0,0,0,3128,detection,
3128459,10,4,788,788,0,0,0,0,0,0,64,0,0,0,3128,detection,
3128667,20,9,1044,1044,0,0,0,0,0,0,61,0,0,0,3128,detection,
3128710,26,9,1044,1044,0,0,0,0,0,0,57,0,0,0,3128,detection,
3128711,7,9,1044,1044,0,0,0,0,0,0,63,0,0,0,3128,detection,
3128745,12,9,1044,1044,0,0,0,0,0,0,54,0,0,0,3128,detection,
3128753,22,9,1044,1044,0,0,0,0,0,0,64,0,0,0,3128,detection,
3130018,14,30,276,276,0,0,0,0,35,0,64,0,0,0,3130,detection,
3132111,11,31,276,276,0,0,0,100,29,7,64,0,48,40,3132,detection,
3132123,22,31,276,276,0,0,0,100,30,30,59,0,60,40,3132,detection,
3132132,4,31,276,276,0,0,0,0,30,0,61,100,99,100,3132,detection,
3132155,18,31,276,276,0,0,0,0,31,0,55,0,0,0,3132,detection,
3132160,5,31,276,276,0,0,0,0,30,0,59,0,0,0,3132,detection,
3134071,10,4,788,788,0,0,0,0,0,0,62,0,0,0,3134,detection,
3134127,27,4,788,788,0,0,0,0,0,0,64,0,0,0,3134,detection,
3137116,25,2,1044,1044,0,0,0,0,0,0,77,0,0,0,3137,detection,
3137132,4,16,1300,1300,0,0,0,0,0,0,59,0,0,0,3137,detection,
3137143,14,16,1300,1300,0,0,0,0,0,0,57,0,0,0,3137,detection,
3137154,18,2,1044,1044,0,0,0,0,0,0,61,0,0,0,3137,detection,
3138391,14,30,276,276,0,0,0,0,0,0,65,0,0,0,3138,detection,
3138434,16,30,276,276,0,0,0,70,29,7,63,0,42,40,3138,detection,
3138641,8,9,788,788,0,0,0,0,0,0,63,0,0,0,3138,detection,
3138825,21,25,1044,1044,0,0,0,0,0,0,56,0,0,0,3138,detection,
3138848,17,27,788,788,0,0,0,0,0,0,74,0,0,0,3138,detection,
3138854,2,25,1044,1044,0,0,0,0,0,0,72,0,0,0,3138,detection,
3139570,10,4,788,788,0,0,0,0,0,0,57,0,0,0,3139,detection,
3139582,23,4,788,788,0,0,0,0,0,0,63,0,0,0,3139,detection,
3139638,14,4,788,788,0,0,0,0,0,0,59,0,0,0,3139,detection,
3140236,11,12,739,739,0,0,0,0,0,0,61,0,0,0,3140,detection,
3140334,28,12,739,739,0,0,0,0,0,0,76,0,0,0,3140,detection,
3141460,28,18,532,532,0,0,0,0,0,0,61,0,0,0,3141,detection,
3141464,23,18,532,532,0,0,0,0,0,0,60,0,0,0,3141,detection,
3141503,4,16,557,557,0,0,0,0,0,0,64,0,0,0,3141,detection,
3141515,14,16,557,557,0,0,0,0,0,0,62,0,0,0,3141,detection,
3143120,12,5,788,788,0,0,0,100,0,15,62,0,54,40,3143,detection,
3144551,15,23,557,557,0,0,0,0,0,0,51,0,0,0,3144,detection,
3145537,5,11,744,744,0,0,0,0,0,0,62,0,0,0,3145,detection,
3145548,15,11,744,744,0,0,0,0,0,0,75,0,0,0,3145,detection,
3146217,17,27,788,788,0,0,0,0,0,0,69,0,0,0,3146,detection,
3146251,22,27,788,788,0,0,0,0,0,0,64,0,0,0,3146,detection,
3146269,8,27,788,788,0,0,0,0,0,0,61,0,0,0,3146,detection,
3146844,17,7,532,532,0,0,0,0,0,0,59,0,0,0,3146,detection,
3147062,16,30,276,532,-256,0,44,100,29,15,62,0,54,40,3147,detection,
3147643,8,9,1071,1071,0,0,0,0,0,0,63,0,0,0,3147,detection,
3148185,1,17,532,532,0,0,0,0,0,0,65,0,0,0,3148,detection,
3148194,10,17,532,532,0,0,0,0,0,0,100,0,0,0,3148,detection,
3148560,16,4,762,762,0,0,0,0,0,0,60,0,0,0,3148,detection,
3149503,4,16,557,557,0,0,0,0,0,0,65,0,0,0,3149,detection,
3149515,14,16,557,557,0,0,0,0,0,0,62,0,0,0,3149,detection,
3151665,24,15,788,788,0,0,0,0,0,0,64,0,0,0,3151,detection,
3151672,20,15,788,788,0,0,0,0,0,0,59,0,0,0,3151,detection,
3151711,19,15,788,788,0,0,0,0,0,0,59,0,0,0,3151,detection,
3152597,7,29,276,45,231,0,39,100,56,7,63,0,48,40,3152,detection,
3153168,3,28,861,861,0,0,0,0,0,0,61,0,0,0,3153,detection,
3153173,6,28,861,861,0,0,0,100,0,16,58,0,60,40,3153,detection,
3153671,15,23,557,557,0,0,0,0,0,0,52,0,0,0,3153,detection,
3153700,21,25,1044,1044,0,0,0,0,0,0,56,0,0,0,3153,detection,
3153725,2,25,1044,1044,0,0,0,0,0,0,70,0,0,0,3153,detection,
3153742,12,22,856,856,0,0,0,0,0,0,46,0,0,0,3153,detection,
3154758,4,16,1274,1274,0,0,0,0,0,0,63,0,0,0,3154,detection,
3154762,14,16,1274,1274,0,0,0,0,0,0,61,0,0,0,3154,detection,
3157210,23,4,969,969,0,0,0,0,0,0,62,0,0,0,3157,detection,
3157308,16,4,969,969,0,0,0,0,0,0,60,0,0,0,3157,detection,
3157816,16,30,276,276,0,0,0,100,30,23,59,50,98,100,3157,detection,
3157888,14,30,276,276,0,0,0,0,0,0,65,0,0,0,3157,detection,
3159124,22,27,788,788,0,0,0,0,0,0,63,0,0,0,3159,detection,
3159363,11,5,788,788,0,0,0,0,0,0,66,0,0,0,3159,detection,
3160034,24,18,532,532,0,0,0,0,0,0,70,0,0,0,3160,detection,
3160050,15,18,532,532,0,0,0,0,0,0,59,0,0,0,3160,detection,
3160089,7,18,532,532,0,0,0,0,0,0,56,0,0,0,3160,detection,
3163263,14,4,1323,1323,0,0,0,0,0,0,61,0,0,0,3163,detection,
3163612,12,9,762,762,0,0,0,0,0,0,57,0,0,0,3163,detection,
3163628,22,9,762,762,0,0,0,0,0,0,63,0,0,0,3163,detection,
3163663,3,9,762,762,0,0,0,0,0,0,58,0,0,0,3163,detection,
3163995,12,29,276,532,-256,0,47,71,0,0,55,0,61,40,3163,detection,
3164364,11,5,1300,1300,0,0,0,0,0,0,61,0,0,0,3164,detection,
3164428,15,5,1300,1300,0,0,0,0,0,0,61,0,0,0,3164,detection,
3165347,17,8,788,788,0,0,0,0,0,0,67,0,0,0,3165,detection,
3168332,28,19,890,890,0,0,0,0,0,0,63,0,0,0,3168,detection,
3168630,4,16,549,549,0,0,0,0,0,0,64,0,0,0,3168,detection,
3169821,1,12,846,846,0,0,0,0,0,0,38,0,0,0,3169,detection,
3170648,8,10,788,788,0,0,0,0,0,0,59,0,0,0,3170,detection,
3171239,12,29,276,532,-256,0,48,100,0,0,54,0,60,40,3171,detection,
3171294,3,29,276,532,-256,0,36,100,20,0,87,0,48,40,3171,detection,
3172036,5,14,739,739,0,0,0,0,0,0,57,0,0,0,3172,detection,
3172121,25,14,739,739,0,0,0,0,0,0,56,0,0,0,3172,detection,
3172968,17,8,532,532,0,0,0,0,0,0,69,0,0,0,3172,detection,
3174401,18,2,1044,1044,0,0,0,0,0,0,60,0,0,0,3174,detection,
3174418,9,2,1044,1044,0,0,0,0,0,0,61,0,0,0,3174,detection,
3174492,12,29,276,532,-256,0,46,100,0,0,58,0,60,40,3174,detection,
3174540,3,29,276,532,-256,0,37,100,0,0,83,0,48,40,3174,detection,
3174586,7,29,276,532,-256,0,44,100,56,15,62,0,54,40,3174,detection,
3175339,19,3,788,788,0,0,0,0,0,0,61,0,0,0,3175,detection,
3175407,18,3,788,788,0,0,0,0,0,0,66,0,0,0,3175,detection,
3175416,9,3,788,788,0,0,0,0,0,0,63,0,0,0,3175,detection,
3175424,20,3,788,788,0,0,0,0,0,0,58,0,0,0,3175,detection,
3175629,27,26,1556,1556,0,0,0,0,0,0,66,0,0,0,3175,detection,
3176053,15,13,1044,1044,0,0,0,0,0,0,61,0,0,0,3176,detection,
3176088,23,13,1044,1044,0,0,0,0,0,0,64,0,0,0,3176,detection,
3178263,14,30,276,293,-17,0,2,21,1,7,61,0,0,0,3178,detection,
3178287,5,30,276,293,-17,0,2,100,24,7,63,0,48,40,3178,detection,
3181017,14,9,762,762,0,0,0,0,0,0,61,0,0,0,3181,detection,
3181090,7,9,762,762,0,0,0,0,0,0,62,0,0,0,3181,detection,
3181203,21,25,1223,1223,0,0,0,0,0,0,57,0,0,0,3181,detection,
3181450,1,12,788,788,0,0,0,0,0,0,38,0,0,0,3181,detection,
3181462,19,12,788,788,0,0,0,0,0,0,59,0,0,0,3181,detection,
3182575,10,18,532,532,0,0,0,0,0,0,59,0,0,0,3182,detection,
3182587,28,18,532,532,0,0,0,0,0,0,58,0,0,0,3182,detection,
3182588,19,18,532,532,0,0,0,0,0,0,63,0,0,0,3182,detection,
3182588,23,18,532,532,0,0,0,0,0,0,57,0,0,0,3182,detection,
3182599,7,18,532,532,0,0,0,0,0,0,61,0,0,0,3182,detection,
3182729,2,3,532,532,0,0,0,0,0,0,57,0,0,0,3182,detection,
3184955,26,7,1044,1044,0,0,0,0,0,0,84,0,0,0,3184,detection,
3186045,6,19,890,890,0,0,0,0,0,0,60,0,0,0,3186,detection,
3187070,10,16,2019,2019,0,0,0,0,0,0,69,0,0,0,3187,detection,
3187128,4,16,2019,2019,0,0,0,0,0,0,70,0,0,0,3187,detection,
3187432,16,30,276,276,0,0,0,0,0,0,63,0,0,0,3187,detection,
3187915,24,13,1044,1044,0,0,0,0,0,0,66,0,0,0,3187,detection,
3188280,4,25,1223,1223,0,0,0,0,0,0,63,0,0,0,3188,detection,
3189903,1,12,532,532,0,0,0,0,0,0,40,0,0,0,3189,detection,
3189962,19,12,532,532,0,0,0,0,0,0,59,0,0,0,3189,detection,
3191718,7,21,1225,1225,0,0,0,0,0,0,65,0,0,0,3191,detection,
3191752,27,21,1225,1225,0,0,0,0,0,0,57,0,0,0,3191,detection,
3192815,16,30,276,276,0,0,0,0,0,0,64,0,0,0,3192,detection,
3192829,21,30,276,276,0,0,0,0,59,0,63,0,0,0,3192,detection,
3194031,1,17,1044,1044,0,0,0,0,0,0,61,0,0,0,3194,detection,
3195211,19,3,557,557,0,0,0,0,0,0,61,0,0,0,3195,detection,
3195288,9,3,557,557,0,0,0,0,0,0,63,0,0,0,3195,detection,
3195292,20,3,557,557,0,0,0,0,0,0,59,0,0,0,3195,detection,
3195866,25,4,1100,1100,0,0,0,0,0,0,60,0,0,0,3195,detection,
3196192,1,12,532,532,0,0,0,0,0,0,41,0,0,0,3196,detection,
3196208,19,12,532,532,0,0,0,0,0,0,56,0,0,0,3196,detection,
3196214,23,12,532,532,0,0,0,0,0,0,100,0,0,0,3196,detection,
3196287,9,13,1300,1300,0,0,0,0,0,0,60,0,0,0,3196,detection,
3198484,11,31,276,276,0,0,0,100,0,7,61,0,57,40,3198,detection,
3199173,6,15,788,788,0,0,0,0,0,0,59,0,0,0,3199,detection,
3201113,11,22,532,532,0,0,0,100,0,15,60,0,60,40,3201,detection,
3201151,8,22,532,532,0,0,0,100,0,15,59,0,60,40,3201,detection,
3202344,17,21,532,532,0,0,0,0,0,0,59,0,0,0,3202,detection,
3202625,22,17,532,532,0,0,0,0,0,0,82,0,0,0,3202,detection,
3202633,4,17,532,532,0,0,0,0,0,0,87,0,0,0,3202,detection,
3202689,16,17,532,532,0,0,0,0,0,0,60,0,0,0,3202,detection,
3203460,7,9,815,815,0,0,0,0,0,0,61,0,0,0,3203,detection,
3203503,13,9,815,815,0,0,0,0,0,0,66,0,0,0,3203,detection,
3208146,8,22,762,762,0,0,0,99,0,15,59,0,60,40,3208,detection,
3208202,10,22,762,762,0,0,0,100,0,15,59,0,60,40,3208,detection,
3208240,11,22,762,762,0,0,0,100,0,7,59,0,60,40,3208,detection,
3208425,15,18,764,764,0,0,0,0,0,0,58,0,0,0,3208,detection,
3211911,5,31,276,276,0,0,0,0,0,0,61,0,0,0,3211,detection,
3211933,16,31,276,276,0,0,0,100,30,23,59,0,60,40,3211,detection,
3213927,15,23,788,788,0,0,0,0,0,0,56,0,0,0,3213,detection,
3216100,17,16,850,850,0,0,0,0,0,0,65,0,0,0,3216,detection,
3216101,2,16,850,850,0,0,0,0,0,0,55,0,0,0,3216,detection,
3216121,13,16,850,850,0,0,0,0,0,0,60,0,0,0,3216,detection,
3216130,4,16,850,850,0,0,0,0,0,0,68,0,0,0,3216,detection,
3216202,21,16,850,850,0,0,0,0,0,0,57,0,0,0,3216,detection,
3216309,16,4,1043,1043,0,0,0,0,0,0,60,0,0,0,3216,detection,
3216355,2,4,1043,1043,0,0,0,0,0,0,69,0,0,0,3216,detection,
3216874,2,13,1327,1327,0,0,0,0,0,0,61,0,0,0,3216,detection,
3218960,28,12,839,839,0,0,0,0,0,0,77,0,0,0,3218,detection,
3218960,23,12,839,839,0,0,0,0,0,0,100,0,0,0,3218,detection,
3219037,5,12,839,839,0,0,0,0,0,0,89,0,0,0,3219,detection,
3220593,17,21,557,557,0,0,0,0,0,0,59,0,0,0,3220,detection,
3221451,21,17,583,583,0,0,0,0,0,0,66,0,0,0,3221,detection,
3221782,1,26,1069,1069,0,0,0,0,0,0,40,0,0,0,3221,detection,
3222112,11,5,992,992,0,0,0,0,0,0,64,0,0,0,3222,detection,
3223314,16,22,762,762,0,0,0,0,0,0,60,0,0,0,3223,detection,
3223336,23,22,762,762,0,0,0,0,0,0,63,0,0,0,3223,detection,
3223369,12,22,762,762,0,0,0,0,0,0,49,0,0,0,3223,detection,
3223409,18,22,762,762,0,0,0,0,0,0,57,0,0,0,3223,detection,
3223416,3,22,762,762,0,0,0,0,0,0,65,0,0,0,3223,detection,
3223422,20,22,762,762,0,0,0,100,0,15,61,0,57,40,3223,detection,
3226885,4,3,557,557,0,0,0,0,0,0,64,0,0,0,3226,detection,
3226922,20,3,557,557,0,0,0,0,0,0,59,0,0,0,3226,detection,
3228673,20,30,276,1012,-736,0,100,100,56,0,61,0,56,40,3228,detection,
3228704,21,30,276,1012,-736,0,100,100,81,7,67,0,48,40,3228,detection,
3228717,23,30,276,1012,-736,0,100,100,58,0,63,0,48,40,3228,detection,
3228746,12,30,276,1012,-736,0,100,100,52,0,70,0,48,40,3228,detection,
3230098,17,16,1069,1069,0,0,0,0,0,0,64,0,0,0,3230,detection,
3231419,3,20,788,788,0,0,0,0,0,0,58,0,0,0,3231,detection,
3231925,15,18,788,788,0,0,0,0,0,0,58,0,0,0,3231,detection,
3231963,23,18,788,788,0,0,0,0,0,0,60,0,0,0,3231,detection,
3235712,23,30,276,301,-25,0,4,100,81,0,64,0,48,40,3235,detection,
3236468,17,16,813,813,0,0,0,0,0,0,66,0,0,0,3236,detection,
3236475,2,16,813,813,0,0,0,0,0,0,61,0,0,0,3236,detection,
3236912,9,13,1556,1556,0,0,0,0,0,0,59,0,0,0,3236,detection,
3236962,7,13,1556,1556,0,0,0,0,0,0,80,0,0,0,3236,detection,
3238003,27,4,1069,1069,0,0,0,0,0,0,64,0,0,0,3238,detection,
3238009,1,26,557,557,0,0,0,0,0,0,42,0,0,0,3238,detection,
3238041,9,4,1069,1069,0,0,0,0,0,0,70,0,0,0,3238,detection,
3239120,13,9,1069,1069,0,0,0,0,0,0,64,0,0,0,3239,detection,
3239129,4,9,1069,1069,0,0,0,0,0,0,61,0,0,0,3239,detection,
3239209,7,9,1069,1069,0,0,0,0,0,0,60,0,0,0,3239,detection,
3239721,17,21,557,557,0,0,0,0,0,0,60,0,0,0,3239,detection,
3240307,15,18,788,788,0,0,0,0,0,0,57,0,0,0,3240,detection,
3240336,19,18,788,788,0,0,0,0,0,0,62,0,0,0,3240,detection,
3240336,23,18,788,788,0,0,0,0,0,0,59,0,0,0,3240,detection,
3242672,6,8,575,575,0,0,0,0,0,0,62,0,0,0,3242,detection,
3242673,20,8,575,575,0,0,0,0,0,0,59,0,0,0,3242,detection,
3242873,13,9,1069,1069,0,0,0,0,0,0,63,0,0,0,3242,detection,
3242882,4,9,1069,1069,0,0,0,0,0,0,60,0,0,0,3242,detection,
3243417,24,31,276,483,-207,0,35,70,68,0,65,0,47,40,3243,detection,
3243418,5,31,276,483,-207,0,36,70,24,7,60,0,67,55,3243,detection,
3243434,16,31,276,483,-207,0,37,100,24,23,59,0,60,40,3243,detection,
3247286,9,13,1325,1325,0,0,0,0,0,0,61,0,0,0,3247,detection,
3247338,7,13,1325,1325,0,0,0,0,0,0,80,0,0,0,3247,detection,
3247393,14,13,1325,1325,0,0,0,0,0,0,64,0,0,0,3247,detection,
3248079,1,26,784,784,0,0,0,0,0,0,40,0,0,0,3248,detection,
3249520,8,16,813,813,0,0,0,0,0,0,62,0,0,0,3249,detection,
3249596,17,16,813,813,0,0,0,0,0,0,67,0,0,0,3249,detection,
3251037,24,20,1087,1087,0,0,0,0,0,0,59,0,0,0,3251,detection,
3251041,6,20,1087,1087,0,0,0,0,0,0,59,0,0,0,3251,detection,
3251959,19,18,788,788,0,0,0,0,0,0,60,0,0,0,3251,detection,
3251959,23,18,788,788,0,0,0,0,0,0,59,0,0,0,3251,detection,
3251962,7,18,788,788,0,0,0,0,0,0,60,0,0,0,3251,detection,
3252151,18,22,762,762,0,0,0,0,0,0,57,0,0,0,3252,detection,
3252163,3,22,762,762,0,0,0,0,0,0,64,0,0,0,3252,detection,
3252210,23,22,762,762,0,0,0,0,0,0,57,0,0,0,3252,detection,
3252210,19,22,762,762,0,0,0,0,0,0,45,0,0,0,3252,detection,
3252411,9,13,1325,1325,0,0,0,0,0,0,63,0,0,0,3252,detection,
3253876,27,4,1383,1383,0,0,0,0,0,0,64,0,0,0,3253,detection,
3253892,14,4,1383,1383,0,0,0,0,0,0,58,0,0,0,3253,detection,
3253914,9,4,1383,1383,0,0,0,0,0,0,71,0,0,0,3253,detection,
3254530,18,27,788,788,0,0,0,0,0,0,58,0,0,0,3254,detection,
3254624,13,27,788,788,0,0,0,0,0,0,59,0,0,0,3254,detection,
3254628,22,27,788,788,0,0,0,0,0,0,61,0,0,0,3254,detection,
3254633,4,27,788,788,0,0,0,0,0,0,63,0,0,0,3254,detection,
3255562,16,17,583,583,0,0,0,0,0,0,56,0,0,0,3255,detection,
3257210,28,12,762,762,0,0,0,0,0,0,75,0,0,0,3257,detection,
3257210,19,12,762,762,0,0,0,0,0,0,59,0,0,0,3257,detection,
3257838,7,13,1300,1300,0,0,0,0,0,0,75,0,0,0,3257,detection,
3257838,19,13,1300,1300,0,0,0,0,0,0,64,0,0,0,3257,detection,
3257893,14,13,1300,1300,0,0,0,0,0,0,63,0,0,0,3257,detection,
3257910,9,13,1300,1300,0,0,0,0,0,0,61,0,0,0,3257,detection,
3259162,24,20,831,831,0,0,0,0,0,0,60,0,0,0,3259,detection,
3259166,6,20,831,831,0,0,0,0,0,0,61,0,0,0,3259,detection,
3261288,9,4,1300,1300,0,0,0,0,0,0,69,0,0,0,3261,detection,
3261503,4,9,1069,1069,0,0,0,0,0,0,59,0,0,0,3261,detection,
3264345,17,16,813,813,0,0,0,0,0,0,68,0,0,0,3264,detection,
3264466,7,2,910,910,0,62,0,0,0,0,66,0,0,0,3264,detection,
3268909,24,20,831,831,0,0,0,0,0,0,61,0,0,0,3268,detection,
3268917,6,20,831,831,0,0,0,0,0,0,62,0,0,0,3268,detection,
3269767,14,4,1281,1281,0,0,0,0,0,0,61,0,0,0,3269,detection,
3271589,7,21,822,822,0,0,0,0,0,0,71,0,0,0,3271,detection,
3272122,13,27,1274,1274,0,0,0,0,0,0,59,0,0,0,3272,detection,
3272126,22,27,1274,1274,0,0,0,0,0,0,60,0,0,0,3272,detection,
3272152,18,27,1274,1274,0,0,0,0,0,0,58,0,0,0,3272,detection,
3272195,10,27,1274,1274,0,0,0,0,0,0,61,0,0,0,3272,detection,
3272551,15,5,946,946,0,0,0,0,0,0,60,0,0,0,3272,detection,
3274220,17,16,813,813,0,0,0,0,0,0,68,0,0,0,3274,detection,
3275454,10,30,276,532,-256,0,44,100,0,15,62,0,54,40,3275,detection,
3276138,14,13,1274,1274,0,0,0,0,0,0,62,0,0,0,3276,detection,
3276155,18,13,1274,1274,0,0,0,0,0,0,57,0,0,0,3276,detection,
3276163,9,13,1274,1274,0,0,0,0,0,0,60,0,0,0,3276,detection,
3276210,23,13,1274,1274,0,0,0,0,0,0,67,0,0,0,3276,detection,
3276213,7,13,1274,1274,0,0,0,0,0,0,72,0,0,0,3276,detection,
3277387,14,4,1025,1025,0,0,0,0,0,0,64,0,0,0,3277,detection,
3277413,9,4,1025,1025,0,0,0,0,0,0,67,0,0,0,3277,detection,
3278196,10,27,1281,1281,0,0,0,0,0,0,60,0,0,0,3278,detection,
3278207,26,27,1281,1281,0,0,0,0,0,0,58,0,0,0,3278,detection,
3278247,13,27,1281,1281,0,0,0,0,0,0,58,0,0,0,3278,detection,
3278248,22,27,1281,1281,0,0,0,0,0,0,59,0,0,0,3278,detection,
3278277,18,27,1281,1281,0,0,0,0,0,0,57,0,0,0,3278,detection,
3279678,15,23,773,773,0,0,0,0,0,0,59,0,0,0,3279,detection,
3280020,14,9,1069,1069,0,0,0,0,0,0,60,0,0,0,3280,detection,
3280835,19,18,788,788,0,0,0,0,0,0,59,0,0,0,3280,detection,
3280917,9,18,788,788,0,0,0,0,0,0,53,0,0,0,3280,detection,
3281026,18,13,1018,1018,0,0,0,0,0,0,57,0,0,0,3281,detection,
3281703,26,7,1046,1046,0,0,0,0,0,0,83,0,0,0,3281,detection,
3284197,10,30,276,532,-256,0,45,100,0,15,61,0,57,40,3284,detection,
3285294,6,8,997,997,0,0,0,0,0,0,61,0,0,0,3285,detection,
3285294,20,8,997,997,0,0,0,0,0,0,59,0,0,0,3285,detection,
3285337,28,8,997,997,0,0,0,0,0,0,56,0,0,0,3285,detection,
3285349,17,8,997,997,0,0,0,0,0,0,67,0,0,0,3285,detection,
3287127,27,26,784,784,0,0,0,0,0,0,61,0,0,0,3287,detection,
3287788,5,12,1155,1155,0,0,0,0,0,0,82,0,0,0,3287,detection,
3288288,3,4,1025,1025,0,0,0,0,0,0,63,0,0,0,3288,detection,
3288409,24,20,1099,1099,0,0,0,0,0,0,58,0,0,0,3288,detection,
3288417,6,20,1099,1099,0,0,0,0,0,0,63,0,0,0,3288,detection,
3290864,12,30,276,532,-256,0,42,100,52,0,69,0,48,40,3290,detection,
3290907,5,30,276,532,-256,0,44,100,27,7,62,0,54,40,3290,detection,
3290941,16,30,276,532,-256,0,44,70,29,0,62,0,69,55,3290,detection,
3290949,10,30,276,532,-256,0,47,100,0,8,56,0,60,40,3290,detection,
3290958,23,30,276,532,-256,0,44,100,26,0,62,0,54,40,3290,detection,
3291127,4,9,813,813,0,0,0,0,0,0,60,0,0,0,3291,detection,
3291140,14,9,813,813,0,0,0,0,0,0,62,0,0,0,3291,detection,
3291620,12,29,276,532,-256,0,46,70,0,0,57,0,61,40,3291,detection,
3292414,1,21,1253,1253,0,0,0,0,0,0,46,0,0,0,3292,detection,
3293904,18,13,532,532,0,0,0,0,0,0,62,0,0,0,3293,detection,
3295160,24,20,1099,1099,0,0,0,0,0,0,58,0,0,0,3295,detection,
3295168,6,20,1099,1099,0,0,0,0,0,0,63,0,0,0,3295,detection,
3295383,4,3,835,835,0,0,0,0,0,0,62,0,0,0,3295,detection,
3295501,13,31,276,834,-558,0,100,100,37,0,59,0,58,40,3295,detection,
3295586,19,12,788,788,0,0,0,0,0,0,59,0,0,0,3295,detection,
3297498,13,31,276,834,-558,0,100,100,0,0,59,0,58,40,3297,detection,
3297915,24,28,861,861,0,0,0,100,0,16,58,0,60,40,3297,detection,
3300089,1,27,1458,1458,0,0,0,0,0,0,40,0,0,0,3300,detection,
3300196,10,27,1458,1458,0,0,0,0,0,0,59,0,0,0,3300,detection,
3300863,2,22,790,790,0,0,0,0,0,0,60,0,0,0,3300,detection,
3300867,12,22,790,790,0,0,0,0,0,0,49,0,0,0,3300,detection,
3300877,13,22,790,790,0,0,0,0,0,0,60,0,0,0,3300,detection,
3300906,18,22,790,790,0,0,0,0,0,0,52,0,0,0,3300,detection,
3300915,9,22,790,790,0,0,0,0,0,0,57,0,0,0,3300,detection,
3301135,4,25,1812,1812,0,0,0,0,0,0,62,0,0,0,3301,detection,
3302744,12,30,276,718,-442,0,73,100,20,0,67,0,48,40,3302,detection,
3303991,12,13,532,532,0,0,0,0,0,0,63,0,0,0,3303,detection,
3304039,9,13,532,532,0,0,0,0,0,0,62,0,0,0,3304,detection,
3304333,1,7,1285,1285,0,0,0,0,0,0,44,0,0,0,3304,detection,
3304347,17,7,1285,1285,0,0,0,0,0,0,59,0,0,0,3304,detection,
3310440,1,27,1530,1530,0,0,0,0,0,0,39,0,0,0,3310,detection,
3310854,2,29,276,524,-248,0,44,70,0,0,59,0,61,40,3310,detection,
3311365,25,4,1025,1025,0,0,0,0,0,0,65,0,0,0,3311,detection,
3311412,3,4,1025,1025,0,0,0,0,0,0,63,0,0,0,3311,detection,
3311659,5,30,276,276,0,0,0,100,30,7,59,0,60,40,3311,detection,
3311744,12,30,276,276,0,0,0,100,50,7,65,0,48,40,3311,detection,
3312198,1,17,583,583,0,0,0,0,0,0,60,0,0,0,3312,detection,
3312626,22,25,1812,1812,0,0,0,0,0,0,58,0,0,0,3312,detection,
3312631,4,25,1812,1812,0,0,0,0,0,0,61,0,0,0,3312,detection,
3313552,15,13,598,598,0,0,0,0,0,0,62,0,0,0,3313,detection,
3313835,7,21,1355,1355,0,0,0,0,0,0,71,0,0,0,3313,detection,
3313843,17,21,1355,1355,0,0,0,0,0,0,59,0,0,0,3313,detection,
3315537,5,12,788,788,0,0,0,0,0,0,79,0,0,0,3315,detection,
3315587,19,12,788,788,0,0,0,0,0,0,58,0,0,0,3315,detection,
3316041,6,3,1044,1044,0,0,0,0,0,0,55,0,0,0,3316,detection,
3316088,19,3,1044,1044,0,0,0,0,0,0,60,0,0,0,3316,detection,
3317540,6,20,1022,1022,0,0,0,0,0,0,62,0,0,0,3317,detection,
3317540,3,20,1022,1022,0,0,0,0,0,0,54,0,0,0,3317,detection,
3318340,23,30,276,276,0,0,0,100,29,7,63,0,48,40,3318,detection,
3318345,1,27,1667,1667,0,0,0,0,0,0,38,0,0,0,3318,detection,
3318380,12,30,276,276,0,0,0,96,0,7,67,0,48,40,3318,detection,
3318393,8,27,1667,1667,0,0,0,0,0,0,60,0,0,0,3318,detection,
3319391,12,5,557,557,0,0,0,100,0,15,63,0,48,40,3319,detection,
3320925,15,31,276,1044,-768,0,100,100,59,0,62,0,54,40,3320,detection,
3320998,22,31,276,1044,-768,0,100,100,86,38,65,0,48,40,3320,detection,
3321188,16,25,1812,1812,0,0,0,0,0,0,59,0,0,0,3321,detection,
3321833,19,12,532,532,0,0,0,0,0,0,59,0,0,0,3321,detection,
3322289,3,20,1030,1030,0,0,0,0,0,0,54,0,0,0,3322,detection,
3322292,6,20,1030,1030,0,0,0,0,0,0,58,0,0,0,3322,detection,
3322428,15,2,910,910,0,62,0,0,0,0,62,0,0,0,3322,detection,
3322508,4,3,1044,1044,0,0,0,0,0,0,61,0,0,0,3322,detection,
3322542,6,3,1044,1044,0,0,0,0,0,0,54,0,0,0,3322,detection,
3322582,19,3,1044,1044,0,0,0,0,0,0,59,0,0,0,3322,detection,
3322629,22,3,1044,1044,0,0,0,0,0,0,63,0,0,0,3322,detection,
3326117,1,27,1784,1784,0,0,0,0,0,0,38,0,0,0,3326,detection,
3326142,8,27,1784,1784,0,0,0,0,0,0,59,0,0,0,3326,detection,
3328289,3,9,835,835,0,0,0,0,0,0,59,0,0,0,3328,detection,
3328292,20,9,835,835,0,0,0,0,0,0,60,0,0,0,3328,detection,
3328324,21,9,835,835,0,0,0,0,0,0,60,0,0,0,3328,detection,
3328340,7,9,835,835,0,0,0,0,0,0,57,0,0,0,3328,detection,
3328374,13,9,835,835,0,0,0,0,0,0,60,0,0,0,3328,detection,
3328379,22,9,835,835,0,0,0,0,0,0,60,0,0,0,3328,detection,
3331044,20,19,808,808,0,0,0,0,0,0,62,0,0,0,3331,detection,
3332050,15,31,276,897,-621,0,100,100,17,0,62,0,54,40,3332,detection,
3332059,16,31,276,897,-621,0,100,100,48,15,61,0,56,40,3332,detection,
3332126,13,31,276,897,-621,0,100,100,7,0,59,0,58,40,3332,detection,
3332127,22,31,276,897,-621,0,100,100,17,30,61,0,56,40,3332,detection,
3332166,5,31,276,897,-621,0,100,100,48,0,62,0,54,40,3332,detection,
3332494,25,27,1347,1347,0,0,0,0,0,0,59,0,0,0,3332,detection,
3332503,13,27,1347,1347,0,0,0,0,0,0,58,0,0,0,3332,detection,
3332514,8,27,1347,1347,0,0,0,0,0,0,59,0,0,0,3332,detection,
3334290,6,3,1091,1091,0,0,0,0,0,0,59,0,0,0,3334,detection,
3334297,20,3,1091,1091,0,0,0,0,0,0,57,0,0,0,3334,detection,
3335207,26,25,788,788,0,0,0,0,0,0,75,0,0,0,3335,detection,
3336244,12,5,557,557,0,0,0,92,0,15,63,0,48,40,3336,detection,
3336802,20,9,1248,1248,0,0,0,0,0,0,63,0,0,0,3336,detection,
3336824,21,9,1248,1248,0,0,0,0,0,0,60,0,0,0,3336,detection,
3336837,7,9,1248,1248,0,0,0,0,0,0,60,0,0,0,3336,detection,
3336875,22,9,1248,1248,0,0,0,0,0,0,63,0,0,0,3336,detection,
3336891,14,9,1248,1248,0,0,0,0,0,0,61,0,0,0,3336,detection,
3339127,4,3,1300,1300,0,0,0,0,0,0,60,0,0,0,3339,detection,
3339164,6,3,1300,1300,0,0,0,0,0,0,59,0,0,0,3339,detection,
3339354,2,29,276,640,-364,0,65,100,13,0,59,0,58,40,3339,detection,
3339422,3,29,276,640,-364,0,55,84,10,0,78,0,48,40,3339,detection,
3341078,21,27,1218,1218,0,0,0,0,0,0,61,0,0,0,3341,detection,
3342889,14,30,276,532,-256,0,43,70,27,7,64,0,45,40,3342,detection,
3344500,27,25,788,788,0,0,0,0,0,0,72,0,0,0,3344,detection,
3344503,22,25,788,788,0,0,0,0,0,0,54,0,0,0,3344,detection,
3344563,16,25,788,788,0,0,0,0,0,0,59,0,0,0,3344,detection,
3345197,21,27,962,962,0,0,0,0,0,0,63,0,0,0,3345,detection,
3345239,25,27,962,962,0,0,0,0,0,0,61,0,0,0,3345,detection,
3348161,24,20,1218,1218,0,0,0,0,0,0,61,0,0,0,3348,detection,
3348367,25,27,962,962,0,0,0,0,0,0,63,0,0,0,3348,detection,
3348630,4,3,1300,1300,0,0,0,0,0,0,64,0,0,0,3348,detection,
3348655,18,3,1300,1300,0,0,0,0,0,0,70,0,0,0,3348,detection,
3349047,15,13,861,861,0,0,0,0,0,0,61,0,0,0,3349,detection,
3351619,25,26,821,821,0,0,0,0,0,0,59,0,0,0,3351,detection,
3351908,18,16,1300,1300,0,0,0,0,0,0,59,0,0,0,3351,detection,
3352006,4,16,1300,1300,0,0,0,0,0,0,67,0,0,0,3352,detection,
3352468,1,23,1555,1555,0,0,0,0,0,0,41,0,0,0,3352,detection,
3358877,13,31,276,933,-657,0,100,100,4,0,59,0,58,40,3358,detection,
3358927,15,31,276,933,-657,0,100,100,4,0,62,0,54,40,3358,detection,
3359504,22,27,962,962,0,0,0,0,0,0,60,0,0,0,3359,detection,
3359752,27,16,1320,1320,0,0,0,0,0,0,64,0,0,0,3359,detection,
3359756,4,16,1320,1320,0,0,0,0,0,0,62,0,0,0,3359,detection,
3359778,18,16,1320,1320,0,0,0,0,0,0,58,0,0,0,3359,detection,
3359829,21,16,1320,1320,0,0,0,0,0,0,57,0,0,0,3359,detection,
3360161,24,20,1218,1218,0,0,0,0,0,0,60,0,0,0,3360,detection,
3360423,20,8,788,788,0,0,0,0,0,0,58,0,0,0,3360,detection,
3361836,19,12,788,788,0,0,0,0,0,0,58,0,0,0,3361,detection,
3364213,28,18,1155,1155,0,0,0,0,0,0,59,0,0,0,3364,detection,
3364217,7,18,1155,1155,0,0,0,0,0,0,62,0,0,0,3364,detection,
3366503,22,16,1320,1320,0,0,0,0,0,0,62,0,0,0,3366,detection,
3366507,4,16,1320,1320,0,0,0,0,0,0,61,0,0,0,3366,detection,
3366528,18,16,1320,1320,0,0,0,0,0,0,58,0,0,0,3366,detection,
3366575,21,16,1320,1320,0,0,0,0,0,0,56,0,0,0,3366,detection,
3367203,10,14,1161,1161,0,0,0,0,0,0,59,0,0,0,3367,detection,
3367211,19,14,1161,1161,0,0,0,0,0,0,62,0,0,0,3367,detection,
3367741,12,30,276,276,0,0,0,0,0,0,73,0,0,0,3367,detection,
3367764,14,30,276,276,0,0,0,70,29,15,64,0,42,40,3367,detection,
3369274,18,16,1413,1413,0,0,0,0,0,0,57,0,0,0,3369,detection,
3369373,22,16,1413,1413,0,0,0,0,0,0,61,0,0,0,3369,detection,
3369377,4,16,1413,1413,0,0,0,0,0,0,64,0,0,0,3369,detection,
3369425,15,5,605,605,0,0,0,0,0,0,61,0,0,0,3369,detection,
3372888,14,30,276,314,-38,0,6,70,4,23,63,0,48,40,3372,detection,
3374847,17,16,1474,1474,0,0,0,0,0,0,62,0,0,0,3374,detection,
3374873,22,16,1474,1474,0,0,0,0,0,0,60,0,0,0,3374,detection,
3374881,4,16,1474,1474,0,0,0,0,0,0,62,0,0,0,3374,detection,
3375355,2,3,1179,1179,0,0,0,0,0,0,60,0,0,0,3375,detection,
3375590,7,2,910,910,0,62,0,0,0,0,71,0,0,0,3375,detection,
3376475,17,4,1626,1626,0,0,0,0,0,0,62,0,0,0,3376,detection,
3376686,16,22,790,790,0,0,0,0,0,0,59,0,0,0,3376,detection,
3378207,26,9,1300,1300,0,0,0,0,0,0,58,0,0,0,3378,detection,
3378499,13,31,276,532,-256,0,45,100,47,0,59,0,60,40,3378,detection,
3379539,5,10,788,788,0,0,0,0,0,0,62,0,0,0,3379,detection,
3379973,17,16,1302,1302,0,0,0,0,0,0,64,0,0,0,3379,detection,
3379999,27,16,1302,1302,0,0,0,0,0,0,63,0,0,0,3379,detection,
3380029,18,16,1302,1302,0,0,0,0,0,0,57,0,0,0,3380,detection,
3380079,26,8,532,532,0,0,0,100,0,7,65,0,48,40,3380,detection,
3382089,19,15,1044,1044,0,0,0,0,0,0,59,0,0,0,3382,detection,
3382166,24,15,1044,1044,0,0,0,0,0,0,59,0,0,0,3382,detection,
3382747,13,14,532,532,0,0,0,0,0,0,61,0,0,0,3382,detection,
3383189,24,11,1812,1812,0,0,0,0,0,0,58,0,0,0,3383,detection,
3383585,7,2,910,910,0,62,0,0,0,0,73,0,0,0,3383,detection,
3383655,18,2,910,910,0,62,0,0,0,0,61,0,0,0,3383,detection,
3386685,1,23,1555,1555,0,0,0,0,0,0,40,0,0,0,3386,detection,
3386767,14,13,789,789,0,0,0,0,0,0,61,0,0,0,3386,detection,
3386800,15,13,789,789,0,0,0,0,0,0,56,0,0,0,3386,detection,
3386846,17,16,1448,1448,0,0,0,0,0,0,63,0,0,0,3386,detection,
3386879,4,16,1448,1448,0,0,0,0,0,0,62,0,0,0,3386,detection,
3386901,18,16,1448,1448,0,0,0,0,0,0,57,0,0,0,3386,detection,
3388662,24,15,1044,1044,0,0,0,0,0,0,57,0,0,0,3388,detection,
3388709,19,15,1044,1044,0,0,0,0,0,0,58,0,0,0,3388,detection,
3389326,10,14,1044,1044,0,0,0,0,0,0,65,0,0,0,3389,detection,
3389412,24,11,1556,1556,0,0,0,0,0,0,59,0,0,0,3389,detection,
3390829,26,9,1333,1333,0,0,0,0,0,0,57,0,0,0,3390,detection,
3391404,18,16,1425,1425,0,0,0,0,0,0,56,0,0,0,3391,detection,
3391501,22,16,1425,1425,0,0,0,0,0,0,59,0,0,0,3391,detection,
3391506,4,16,1425,1425,0,0,0,0,0,0,61,0,0,0,3391,detection,
3392056,1,25,992,992,0,0,0,0,0,0,44,0,0,0,3392,detection,
3393666,6,20,1422,1422,0,0,0,0,0,0,60,0,0,0,3393,detection,
3394406,18,27,1585,1585,0,0,0,0,0,0,59,0,0,0,3394,detection,
3398496,13,31,276,276,0,0,0,100,30,7,61,0,57,40,3398,detection,
3399052,1,23,788,788,0,0,0,0,0,0,39,0,0,0,3399,detection,
3400130,4,16,1678,1678,0,0,0,0,0,0,63,0,0,0,3400,detection,
3400225,2,16,1678,1678,0,0,0,0,0,0,58,0,0,0,3400,detection,
3400250,22,16,1678,1678,0,0,0,0,0,0,60,0,0,0,3400,detection,
3401620,13,14,532,532,0,0,0,0,0,0,62,0,0,0,3401,detection,
3405089,19,6,1044,1044,0,0,0,0,0,0,56,0,0,0,3405,detection,
3406525,18,2,1044,1044,0,0,0,0,0,0,64,0,0,0,3406,detection,
3406909,1,23,1806,1806,0,0,0,0,0,0,39,0,0,0,3406,detection,
3408161,24,15,995,995,0,0,0,0,0,0,56,0,0,0,3408,detection,
3408172,6,15,995,995,0,0,0,0,0,0,58,0,0,0,3408,detection,
3408190,16,15,995,995,0,0,0,0,0,0,64,0,0,0,3408,detection,
3408211,19,15,995,995,0,0,0,0,0,0,58,0,0,0,3408,detection,
3408313,16,4,1300,1300,0,0,0,0,0,0,59,0,0,0,3408,detection,
3408346,17,4,1300,1300,0,0,0,0,0,0,61,0,0,0,3408,detection,
3408355,2,4,1300,1300,0,0,0,0,0,0,67,0,0,0,3408,detection,
3408499,13,31,276,1044,-768,0,100,100,89,15,62,0,54,40,3408,detection,
3408701,21,9,532,532,0,0,0,0,0,0,62,0,0,0,3408,detection,
3408961,23,16,1556,1556,0,0,0,0,0,0,63,0,0,0,3408,detection,
3408995,12,16,1556,1556,0,0,0,0,0,0,59,0,0,0,3408,detection,
3408999,27,16,1556,1556,0,0,0,0,0,0,62,0,0,0,3408,detection,
3409003,22,16,1556,1556,0,0,0,0,0,0,55,0,0,0,3409,detection,
3409003,4,16,1556,1556,0,0,0,0,0,0,61,0,0,0,3409,detection,
3409024,8,16,1556,1556,0,0,0,0,0,0,61,0,0,0,3409,detection,
3409033,18,16,1556,1556,0,0,0,0,0,0,52,0,0,0,3409,detection,
3409038,9,16,1556,1556,0,0,0,0,0,0,63,0,0,0,3409,detection,
3409666,3,13,763,763,0,0,0,0,0,0,59,0,0,0,3409,detection,
3409704,26,7,1535,1535,0,0,0,0,0,0,78,0,0,0,3409,detection,
3411588,19,6,788,788,0,0,0,0,0,0,57,0,0,0,3411,detection,
3412847,17,26,788,788,0,0,0,0,0,0,57,0,0,0,3412,detection,
3413291,24,31,276,1491,-1215,0,100,100,100,0,74,0,48,40,3413,detection,
3413383,13,31,276,1491,-1215,0,100,100,52,15,61,0,56,40,3413,detection,
3415472,17,4,1300,1300,0,0,0,0,0,0,60,0,0,0,3415,detection,
3415495,12,4,1300,1300,0,0,0,0,0,0,62,0,0,0,3415,detection,
3415499,22,4,1300,1300,0,0,0,0,0,0,63,0,0,0,3415,detection,
3415503,27,4,1300,1300,0,0,0,0,0,0,63,0,0,0,3415,detection,
3415707,23,16,1300,1300,0,0,0,0,0,0,64,0,0,0,3415,detection,
3415745,25,16,1300,1300,0,0,0,0,0,0,66,0,0,0,3415,detection,
3416766,14,13,718,718,0,0,0,0,0,0,60,0,0,0,3416,detection,
3417096,17,26,1556,1556,0,0,0,0,0,0,52,0,0,0,3417,detection,
3419089,28,30,276,532,-256,0,46,100,0,0,57,0,60,40,3419,detection,
3420171,6,11,557,557,0,0,0,0,0,0,58,0,0,0,3420,detection,
3420310,15,2,1044,1044,0,0,0,0,0,0,64,0,0,0,3420,detection,
3421004,27,22,790,790,0,0,0,0,0,0,63,0,0,0,3421,detection,
3421005,4,22,790,790,0,0,0,0,0,0,58,0,0,0,3421,detection,
3421034,18,22,790,790,0,0,0,0,0,0,52,0,0,0,3421,detection,
3421047,20,22,790,790,0,0,0,100,0,15,60,0,60,40,3421,detection,
3422599,17,4,1556,1556,0,0,0,0,0,0,59,0,0,0,3422,detection,
3422600,2,4,1556,1556,0,0,0,0,0,0,65,0,0,0,3422,detection,
3422625,22,4,1556,1556,0,0,0,0,0,0,65,0,0,0,3422,detection,
3422626,27,4,1556,1556,0,0,0,0,0,0,63,0,0,0,3422,detection,
3423895,8,16,1069,1069,0,0,0,0,0,0,60,0,0,0,3423,detection,
3423912,9,16,1069,1069,0,0,0,0,0,0,62,0,0,0,3423,detection,
3423963,23,16,1069,1069,0,0,0,0,0,0,62,0,0,0,3423,detection,
3423990,25,16,1069,1069,0,0,0,0,0,0,65,0,0,0,3423,detection,
3424201,21,9,739,739,0,0,0,0,0,0,57,0,0,0,3424,detection,
3424213,7,9,739,739,0,0,0,0,0,0,60,0,0,0,3424,detection,
3424710,28,8,1120,1120,0,0,0,0,0,0,61,0,0,0,3424,detection,
3424714,7,8,1120,1120,0,0,0,0,0,0,61,0,0,0,3424,detection,
3425963,28,10,1158,1158,0,0,0,0,0,0,60,0,0,0,3425,detection,
3427202,10,30,276,532,-256,0,45,100,0,0,59,0,60,40,3427,detection,
3427207,28,30,276,532,-256,0,48,100,0,0,53,0,60,40,3427,detection,
3427245,12,30,276,532,-256,0,41,70,27,7,71,0,45,40,3427,detection,
3427285,5,14,802,802,0,0,0,0,0,0,60,0,0,0,3427,detection,
3427956,26,7,1251,1251,0,0,0,0,0,0,74,0,0,0,3427,detection,
3427969,17,7,1251,1251,0,0,0,0,0,0,58,0,0,0,3427,detection,
3429328,21,16,1069,1069,0,0,0,0,0,0,52,0,0,0,3429,detection,
3429366,25,16,1069,1069,0,0,0,0,0,0,64,0,0,0,3429,detection,
3429950,10,4,788,788,0,0,0,0,0,0,60,0,0,0,3429,detection,
3429976,2,4,788,788,0,0,0,0,0,0,64,0,0,0,3429,detection,
3429992,12,4,788,788,0,0,0,0,0,0,61,0,0,0,3429,detection,
3429997,27,4,788,788,0,0,0,0,0,0,62,0,0,0,3429,detection,
3430001,22,4,788,788,0,0,0,0,0,0,64,0,0,0,3430,detection,
3430023,8,4,788,788,0,0,0,0,0,0,62,0,0,0,3430,detection,
3430209,7,2,788,788,0,0,0,0,0,0,73,0,0,0,3430,detection,
3430216,26,2,788,788,0,0,0,0,0,0,88,0,0,0,3430,detection,
3430300,15,2,788,788,0,0,0,0,0,0,63,0,0,0,3430,detection,
3432689,16,25,992,992,0,0,0,0,0,0,59,0,0,0,3432,detection,
3433087,28,12,532,532,0,0,0,0,0,0,73,0,0,0,3433,detection,
3433087,23,12,532,532,0,0,0,0,0,0,100,0,0,0,3433,detection,
3433290,24,28,1373,1373,0,100,0,0,0,0,65,0,49,40,3433,detection,
3433455,26,27,1046,1046,0,0,0,0,0,0,59,0,0,0,3433,detection,
3433476,17,27,1046,1046,0,0,0,0,0,0,75,0,0,0,3433,detection,
3433501,22,27,1046,1046,0,0,0,0,0,0,61,0,0,0,3433,detection,
3433509,4,27,1046,1046,0,0,0,0,0,0,64,0,0,0,3433,detection,
3433531,18,27,1046,1046,0,0,0,0,0,0,61,0,0,0,3433,detection,
3436338,19,15,532,532,0,0,0,0,0,0,55,0,0,0,3436,detection,
3436475,2,4,788,788,0,0,0,0,0,0,62,0,0,0,3436,detection,
3436500,22,4,788,788,0,0,0,0,0,0,63,0,0,0,3436,detection,
3438041,9,13,929,929,0,0,0,0,0,0,57,0,0,0,3438,detection,
3438148,8,10,532,532,0,0,0,0,0,0,59,0,0,0,3438,detection,
3438166,9,10,532,532,0,0,0,0,0,0,77,0,0,0,3438,detection,
3438490,12,30,276,316,-40,0,6,70,23,7,71,0,47,40,3438,detection,
3439627,27,26,788,788,0,0,0,0,0,0,67,0,0,0,3439,detection,
3441998,13,31,276,736,-460,0,78,100,86,15,64,0,48,40,3441,detection,
3444250,13,9,739,739,0,0,0,0,0,0,62,0,0,0,3444,detection,
3446424,15,2,1300,1300,0,0,0,0,0,0,62,0,0,0,3446,detection,
3446496,25,2,1300,1300,0,0,0,0,0,0,77,0,0,0,3446,detection,
3448598,17,27,1046,1046,0,0,0,0,0,0,77,0,0,0,3448,detection,
3448700,21,16,1273,1273,0,0,0,0,0,0,53,0,0,0,3448,detection,
3448768,14,16,1273,1273,0,0,0,0,0,0,61,0,0,0,3448,detection,
3448992,12,22,1044,1044,0,0,0,0,0,0,49,0,0,0,3448,detection,
3449005,4,22,1044,1044,0,0,0,0,0,0,58,0,0,0,3449,detection,
3449023,8,22,1044,1044,0,0,0,89,0,15,59,0,60,40,3449,detection,
3449120,13,9,739,739,0,0,0,0,0,0,61,0,0,0,3449,detection,
3449745,25,26,788,788,0,0,0,0,0,0,64,0,0,0,3449,detection,
3449749,27,26,788,788,0,0,0,0,0,0,68,0,0,0,3449,detection,
3449957,28,12,634,634,0,0,0,0,0,0,72,0,0,0,3449,detection,
3449961,23,12,634,634,0,0,0,0,0,0,96,0,0,0,3449,detection,
3449961,19,12,634,634,0,0,0,0,0,0,58,0,0,0,3449,detection,
3449987,11,12,634,634,0,0,0,0,0,0,61,0,0,0,3449,detection,
3450797,20,15,580,580,0,0,0,0,0,0,59,0,0,0,3450,detection,
3451081,26,8,1120,1120,0,0,0,100,0,7,60,0,60,40,3451,detection,
3451081,28,8,1120,1120,0,0,0,0,0,0,61,0,0,0,3451,detection,
3451127,27,8,1120,1120,0,0,0,0,0,0,63,0,0,0,3451,detection,
3451166,9,10,532,532,0,0,0,0,0,0,78,0,0,0,3451,detection,
3451331,26,8,1120,1120,0,0,0,100,0,0,59,0,60,40,3451,detection,
3451336,7,8,1120,1120,0,0,0,0,0,0,62,0,0,0,3451,detection,
3451341,28,8,1120,1120,0,0,0,0,0,0,61,0,0,0,3451,detection,
3451347,17,8,1120,1120,0,0,0,0,0,0,67,0,0,0,3451,detection,
3451710,28,30,276,532,-256,0,47,70,0,0,56,0,61,40,3451,detection,
3452665,9,4,532,532,0,0,0,0,0,0,72,0,0,0,3452,detection,
3452748,22,4,532,532,0,0,0,0,0,0,65,0,0,0,3452,detection,
3455660,24,31,276,532,-256,0,40,100,100,0,73,0,48,40,3455,detection,
3457321,10,30,276,301,-25,0,4,100,27,0,60,0,60,40,3457,detection,
3457334,28,30,276,301,-25,0,4,70,28,0,57,0,69,55,3457,detection,
3457416,20,15,580,580,0,0,0,0,0,0,59,0,0,0,3457,detection,
3458916,9,4,532,532,0,0,0,0,0,0,73,0,0,0,3458,detection,
3459661,5,12,815,815,0,0,0,0,0,0,76,0,0,0,3459,detection,
3459736,11,12,815,815,0,0,0,0,0,0,60,0,0,0,3459,detection,
3460168,3,29,276,532,-256,0,41,100,11,0,71,0,48,40,3460,detection,
3461288,9,10,532,532,0,0,0,0,0,0,79,0,0,0,3461,detection,
3462489,11,22,1044,1044,0,0,0,100,0,7,59,0,60,40,3462,detection,
3462492,25,22,1044,1044,0,0,0,0,0,0,60,0,0,0,3462,detection,
3462531,18,22,1044,1044,0,0,0,0,0,0,56,0,0,0,3462,detection,
3462548,20,22,1044,1044,0,0,0,100,0,15,59,0,60,40,3462,detection,
3462921,20,15,580,580,0,0,0,0,0,0,59,0,0,0,3462,detection,
3466859,11,22,1044,1044,0,0,0,100,0,8,58,0,60,40,3466,detection,
3466862,12,22,1044,1044,0,0,0,0,0,0,52,0,0,0,3466,detection,
3466867,25,22,1044,1044,0,0,0,0,0,0,59,0,0,0,3466,detection,
3466918,20,22,1044,1044,0,0,0,100,0,15,59,0,60,40,3466,detection,
3467960,7,10,554,554,0,0,0,0,0,0,70,0,0,0,3467,detection,
3467960,23,10,554,554,0,0,0,0,0,0,64,0,0,0,3467,detection,
3468044,6,19,780,780,0,0,0,0,0,0,59,0,0,0,3468,detection,
3468171,6,3,1114,1114,0,0,0,0,0,0,60,0,0,0,3468,detection,
3468227,2,3,1114,1114,0,0,0,0,0,0,61,0,0,0,3468,detection,
3468860,11,12,786,786,0,0,0,0,0,0,59,0,0,0,3468,detection,
3469451,21,16,788,788,0,0,0,0,0,0,56,0,0,0,3469,detection,
3469751,22,27,1046,1046,0,0,0,0,0,0,58,0,0,0,3469,detection,
3469769,8,27,1046,1046,0,0,0,0,0,0,60,0,0,0,3469,detection,
3469820,10,27,1046,1046,0,0,0,0,0,0,60,0,0,0,3469,detection,
3470626,27,8,600,600,0,0,0,0,0,0,64,0,0,0,3470,detection,
3470804,20,8,600,600,0,0,0,0,0,0,55,0,0,0,3470,detection,
3470970,1,17,1583,1583,0,0,0,0,0,0,56,0,0,0,3470,detection,
3471719,17,7,1092,1092,0,0,0,0,0,0,58,0,0,0,3471,detection,
3472170,20,15,786,1298,-512,100,91,100,61,0,59,0,56,40,3472,detection,
3472212,19,15,786,1298,-512,100,91,100,61,7,59,0,56,40,3472,detection,
3472469,17,7,1092,1092,0,0,0,0,0,0,57,0,0,0,3472,detection,
3472666,24,15,786,1298,-512,100,91,100,61,7,59,0,56,40,3472,detection,
3472670,20,15,786,1298,-512,100,95,100,0,0,55,0,56,40,3472,detection,
3472745,13,9,788,788,0,0,0,0,0,0,60,0,0,0,3472,detection,
3472754,4,9,788,788,0,0,0,0,0,0,59,0,0,0,3472,detection,
3472767,8,9,788,788,0,0,0,0,0,0,58,0,0,0,3472,detection,
3473487,11,22,1066,1066,0,0,0,0,0,0,58,0,0,0,3473,detection,
3473488,12,22,1066,1066,0,0,0,0,0,0,56,0,0,0,3473,detection,
3473530,18,22,1066,1066,0,0,0,0,0,0,56,0,0,0,3473,detection,
3473547,20,22,1066,1066,0,0,0,100,0,8,58,0,60,40,3473,detection,
3478176,15,11,1092,1092,0,100,0,0,0,0,85,0,49,40,3478,detection,
3478926,15,23,1066,1066,0,0,0,0,0,0,59,0,0,0,3478,detection,
3479308,15,23,1066,1066,0,0,0,0,0,0,54,0,0,0,3479,detection,
3479548,20,15,786,1298,-512,100,92,100,0,0,58,0,56,40,3479,detection,
3479733,2,29,276,327,-51,0,9,100,37,0,59,0,60,40,3479,detection,
3479789,3,29,276,327,-51,0,8,100,22,0,71,0,48,40,3479,detection,
3481392,8,27,1046,1046,0,0,0,0,0,0,61,0,0,0,3481,detection,
3481405,18,27,1046,1046,0,0,0,0,0,0,62,0,0,0,3481,detection,
3481605,2,16,788,788,0,0,0,0,0,0,61,0,0,0,3481,detection,
3482041,9,10,1044,1044,0,0,0,0,0,0,79,0,0,0,3482,detection,
3482085,7,10,1044,1044,0,0,0,0,0,0,70,0,0,0,3482,detection,
3482154,18,10,1044,1044,0,0,0,0,0,0,65,0,0,0,3482,detection,
3482673,20,8,600,600,0,0,0,0,0,0,56,0,0,0,3482,detection,
3482803,20,8,600,600,0,0,0,0,0,0,56,0,0,0,3482,detection,
3482835,7,8,600,600,0,0,0,0,0,0,62,0,0,0,3482,detection,
3483045,3,28,856,856,0,0,0,0,0,0,57,0,0,0,3483,detection,
3484285,5,22,1298,1298,0,0,0,0,0,0,59,0,0,0,3484,detection,
3484297,20,22,1298,1298,0,0,0,100,0,8,58,0,60,40,3484,detection,
3484366,12,22,1298,1298,0,0,0,0,0,0,56,0,0,0,3484,detection,
3484366,25,22,1298,1298,0,0,0,0,0,0,59,0,0,0,3484,detection,
3485518,14,2,788,788,0,0,0,0,0,0,59,0,0,0,3485,detection,
3485545,6,19,780,780,0,0,0,0,0,0,59,0,0,0,3485,detection,
3485549,15,19,780,780,0,0,0,0,0,0,65,0,0,0,3485,detection,
3486335,26,9,788,788,0,0,0,0,0,0,57,0,0,0,3486,detection,
3486377,4,9,788,788,0,0,0,0,0,0,55,0,0,0,3486,detection,
3486488,1,17,786,786,0,100,0,0,0,0,65,0,49,40,3486,detection,
3487823,10,30,276,532,-256,0,45,100,27,0,59,0,60,40,3487,detection,
3488976,2,14,1300,1300,0,0,0,0,0,0,59,0,0,0,3488,detection,
3489351,2,29,276,308,-32,0,5,100,2,0,60,0,60,40,3489,detection,
3490588,19,13,1251,1251,0,0,0,0,0,0,63,0,0,0,3490,detection,
3491113,12,22,1042,1042,0,0,0,0,0,0,57,0,0,0,3491,detection,
3492111,11,5,1112,1112,0,0,0,0,0,0,63,0,0,0,3492,detection,
3493548,20,15,786,1298,-512,100,93,100,0,0,57,0,56,40,3493,detection,
3497164,3,29,276,276,0,0,0,100,5,6,77,0,48,40,3497,detection,
3497456,10,30,276,276,0,0,0,100,30,7,61,0,57,40,3497,detection,
3497461,28,30,276,276,0,0,0,70,3,8,58,0,61,40,3497,detection,
3497486,11,5,1480,1480,0,0,0,0,0,0,64,0,0,0,3497,detection,
3501163,5,11,1298,1298,0,0,0,0,0,0,61,0,0,0,3501,detection,
3504164,3,29,276,293,-17,0,2,100,1,13,77,0,48,40,3504,detection,
3504288,3,29,276,293,-17,0,2,100,0,13,77,0,48,40,3504,detection,
3505967,17,21,857,857,0,0,0,0,0,0,59,0,0,0,3505,detection,
3506001,27,21,857,857,0,0,0,0,0,0,56,0,0,0,3506,detection,
3506504,4,22,788,788,0,0,0,0,0,0,57,0,0,0,3506,detection,
3506535,8,22,788,788,0,0,0,80,0,8,58,0,60,40,3506,detection,
3506537,5,22,788,788,0,0,0,0,0,0,58,0,0,0,3506,detection,
3506546,20,22,788,788,0,0,0,100,0,0,53,0,60,40,3506,detection,
3506610,11,22,788,788,0,0,0,0,0,0,53,0,0,0,3506,detection,
3506614,12,22,788,788,0,0,0,0,0,0,56,0,0,0,3506,detection,
3506615,25,22,788,788,0,0,0,0,0,0,54,0,0,0,3506,detection,
3506679,15,5,1042,1042,0,0,0,0,0,0,63,0,0,0,3506,detection,
3506734,11,5,1042,1042,0,0,0,0,0,0,67,0,0,0,3506,detection,
3506832,26,7,1112,1112,0,0,0,0,0,0,71,0,0,0,3506,detection,
3507359,11,12,991,991,0,0,0,0,0,0,56,0,0,0,3507,detection,
3507416,9,4,856,856,0,0,0,0,0,0,70,0,0,0,3507,detection,
3507611,11,5,1042,1042,0,0,0,0,0,0,69,0,0,0,3507,detection,
3508697,10,30,276,363,-87,0,15,100,10,15,60,0,60,40,3508,detection,
3509045,6,28,856,856,0,0,0,98,0,16,58,0,60,40,3509,detection,
3513725,2,16,762,762,0,0,0,0,0,0,61,0,0,0,3513,detection,
3514923,15,19,780,780,0,0,0,0,0,0,64,0,0,0,3514,detection,
3515048,20,8,823,823,0,0,0,0,0,0,55,0,0,0,3515,detection,
3515247,25,17,786,786,0,100,0,0,0,0,76,0,49,40,3515,detection,
3515251,22,17,786,786,0,100,0,0,0,0,93,0,49,40,3515,detection,
3515284,4,17,786,786,0,100,0,0,0,0,98,0,49,40,3515,detection,
3515328,21,17,786,786,0,100,0,0,0,0,74,0,49,40,3515,detection,
3515565,16,15,786,1298,-512,100,88,100,59,7,63,0,49,40,3515,detection,
3515590,19,15,786,1298,-512,100,92,100,0,8,58,0,56,40,3515,detection,
3515663,24,18,1155,1155,0,0,0,0,0,0,68,0,0,0,3515,detection,
3515667,9,18,1155,1155,0,0,0,0,0,0,58,0,0,0,3515,detection,
3515676,15,18,1155,1155,0,0,0,0,0,0,59,0,0,0,3515,detection,
3515714,19,18,1155,1155,0,0,0,0,0,0,61,0,0,0,3515,detection,
3515740,11,18,1155,1155,0,0,0,0,0,0,61,0,0,0,3515,detection,
3515788,5,18,1155,1155,0,0,0,0,0,0,64,0,0,0,3515,detection,
3515912,24,18,1155,1155,0,0,0,0,0,0,66,0,0,0,3515,detection,
3516038,3,29,276,285,-9,0,1,100,0,13,76,0,48,40,3516,detection,
3516775,8,22,1292,1292,0,0,0,71,0,0,57,0,61,40,3516,detection,
3516787,5,22,1292,1292,0,0,0,0,0,0,57,0,0,0,3516,detection,
3516792,9,22,1292,1292,0,0,0,0,0,0,57,0,0,0,3516,detection,
3516856,11,22,1292,1292,0,0,0,0,0,0,57,0,0,0,3516,detection,
3516864,12,22,1292,1292,0,0,0,0,0,0,56,0,0,0,3516,detection,
3516875,13,31,276,762,-486,0,84,100,2,15,63,0,48,40,3516,detection,
3516880,4,31,276,762,-486,0,85,100,57,7,61,0,56,40,3516,detection,
3517629,4,9,788,788,0,0,0,0,0,0,54,0,0,0,3517,detection,
3517629,22,9,788,788,0,0,0,0,0,0,62,0,0,0,3517,detection,
3517642,8,9,788,788,0,0,0,0,0,0,56,0,0,0,3517,detection,
3517667,20,9,788,788,0,0,0,0,0,0,61,0,0,0,3517,detection,
3517698,21,9,788,788,0,0,0,0,0,0,60,0,0,0,3517,detection,
3518091,21,27,1046,1046,0,0,0,0,0,0,65,0,0,0,3518,detection,
3518119,25,27,1046,1046,0,0,0,0,0,0,64,0,0,0,3518,detection,
3518634,4,25,788,788,0,0,0,0,0,0,57,0,0,0,3518,detection,
3518646,8,25,788,788,0,0,0,0,0,0,61,0,0,0,3518,detection,
3518684,16,25,788,788,0,0,0,0,0,0,59,0,0,0,3518,detection,
3518702,21,25,788,788,0,0,0,0,0,0,60,0,0,0,3518,detection,
3518719,17,25,788,788,0,0,0,0,0,0,70,0,0,0,3518,detection,
3518750,27,25,788,788,0,0,0,0,0,0,72,0,0,0,3518,detection,
3518753,22,25,788,788,0,0,0,0,0,0,58,0,0,0,3518,detection,
3518973,17,4,742,742,0,0,0,0,0,0,59,0,0,0,3518,detection,
3519089,23,16,762,762,0,0,0,0,0,0,57,0,0,0,3519,detection,
3520916,24,11,1042,1042,0,0,0,0,0,0,56,0,0,0,3520,detection,
3522625,13,27,813,813,0,90,0,0,0,0,60,0,56,40,3522,detection,
3525142,14,22,1292,1292,0,0,0,0,0,0,58,0,0,0,3525,detection,
3525156,18,22,1292,1292,0,0,0,0,0,0,55,0,0,0,3525,detection,
3525173,20,22,1292,1292,0,0,0,100,0,0,57,0,60,40,3525,detection,
3525236,11,22,1292,1292,0,0,0,0,0,0,56,0,0,0,3525,detection,
3525245,25,22,1292,1292,0,0,0,0,0,0,58,0,0,0,3525,detection,
3526338,23,13,1325,1325,0,0,0,0,0,0,66,0,0,0,3526,detection,
3527500,27,25,788,788,0,0,0,0,0,0,71,0,0,0,3527,detection,
3527501,13,25,788,788,0,0,0,0,0,0,53,0,0,0,3527,detection,
3527574,21,25,788,788,0,0,0,0,0,0,59,0,0,0,3527,detection,
3527594,17,25,788,788,0,0,0,0,0,0,69,0,0,0,3527,detection,
3527607,2,25,788,788,0,0,0,0,0,0,70,0,0,0,3527,detection,
3528623,13,27,813,813,0,90,0,0,0,0,66,0,49,40,3528,detection,
3529486,11,22,1300,1300,0,0,0,0,0,0,56,0,0,0,3529,detection,
3529490,25,22,1300,1300,0,0,0,0,0,0,57,0,0,0,3529,detection,
3529507,4,22,1300,1300,0,0,0,0,0,0,57,0,0,0,3529,detection,
3529529,18,22,1300,1300,0,0,0,0,0,0,55,0,0,0,3529,detection,
3529537,5,22,1300,1300,0,0,0,0,0,0,53,0,0,0,3529,detection,
3529546,20,22,1300,1300,0,0,0,100,0,0,56,0,60,40,3529,detection,
3529548,9,22,1300,1300,0,0,0,0,0,0,56,0,0,0,3529,detection,
3529584,19,22,1300,1300,0,0,0,0,0,0,48,0,0,0,3529,detection,
3530085,21,9,788,788,0,0,0,0,0,0,59,0,0,0,3530,detection,
3530125,22,9,788,788,0,0,0,0,0,0,61,0,0,0,3530,detection,
3530128,4,9,788,788,0,0,0,0,0,0,58,0,0,0,3530,detection,
3530141,8,9,788,788,0,0,0,0,0,0,60,0,0,0,3530,detection,
3530141,14,9,788,788,0,0,0,0,0,0,56,0,0,0,3530,detection,
3530166,20,9,788,788,0,0,0,0,0,0,56,0,0,0,3530,detection,
3530167,3,9,788,788,0,0,0,0,0,0,58,0,0,0,3530,detection,
3530589,19,14,788,788,0,0,0,0,0,0,64,0,0,0,3530,detection,
3533087,28,30,276,715,-439,0,78,100,52,15,59,0,58,40,3533,detection,
3533372,13,25,1298,1298,0,0,0,0,0,0,58,0,0,0,3533,detection,
3533375,27,25,1298,1298,0,0,0,0,0,0,74,0,0,0,3533,detection,
3533738,11,12,1044,1044,0,0,0,0,0,0,61,0,0,0,3533,detection,
3534460,23,13,1120,1120,0,0,0,0,0,0,67,0,0,0,3534,detection,
3535831,19,22,1300,1300,0,0,0,0,0,0,48,0,0,0,3535,detection,
3535857,2,22,1300,1300,0,0,0,0,0,0,59,0,0,0,3535,detection,
3535861,11,22,1300,1300,0,0,0,0,0,0,56,0,0,0,3535,detection,
3535866,25,22,1300,1300,0,0,0,0,0,0,57,0,0,0,3535,detection,
3535878,4,22,1300,1300,0,0,0,0,0,0,56,0,0,0,3535,detection,
3535891,14,22,1300,1300,0,0,0,0,0,0,58,0,0,0,3535,detection,
3535900,8,22,1300,1300,0,0,0,70,0,0,53,0,61,40,3535,detection,
3535912,9,22,1300,1300,0,0,0,0,0,0,56,0,0,0,3535,detection,
3535916,3,22,1300,1300,0,0,0,0,0,0,63,0,0,0,3535,detection,
3535938,16,22,1300,1300,0,0,0,0,0,0,59,0,0,0,3535,detection,
3537165,20,9,788,788,0,0,0,0,0,0,56,0,0,0,3537,detection,
3537201,21,9,788,788,0,0,0,0,0,0,59,0,0,0,3537,detection,
3537245,13,27,1276,1276,0,0,0,0,0,0,68,0,0,0,3537,detection,
3537703,26,7,788,788,0,0,0,0,0,0,68,0,0,0,3537,detection,
3537717,17,7,788,788,0,0,0,0,0,0,57,0,0,0,3537,detection,
3539141,1,12,1044,1044,0,0,0,0,0,0,42,0,0,0,3539,detection,
3539239,11,12,1044,1044,0,0,0,0,0,0,62,0,0,0,3539,detection,
3541726,2,25,1320,1320,0,0,0,0,0,0,69,0,0,0,3541,detection,
3541747,27,25,1320,1320,0,0,0,0,0,0,77,0,0,0,3541,detection,
3541748,13,25,1320,1320,0,0,0,0,0,0,59,0,0,0,3541,detection,
3541748,22,25,1320,1320,0,0,0,0,0,0,59,0,0,0,3541,detection,
3544217,17,7,1044,1044,0,0,0,0,0,0,53,0,0,0,3544,detection,
3544332,19,22,1300,1300,0,0,0,0,0,0,52,0,0,0,3544,detection,
3544361,11,22,1300,1300,0,0,0,0,0,0,56,0,0,0,3544,detection,
3544602,2,29,276,532,-256,0,45,100,26,0,59,0,60,40,3544,detection,
3545242,25,27,1292,1292,0,0,0,0,0,0,58,0,0,0,3545,detection,
3545247,13,27,1292,1292,0,0,0,0,0,0,65,0,0,0,3545,detection,
3546672,20,30,276,532,-256,0,45,100,56,0,60,0,60,40,3546,detection,
3546711,28,30,276,532,-256,0,46,100,22,16,58,0,60,40,3546,detection,
3546869,25,2,718,718,0,0,0,0,0,0,76,0,0,0,3546,detection,
3549083,19,14,788,788,0,0,0,0,0,0,64,0,0,0,3549,detection,
3551825,21,9,739,739,0,0,0,0,0,0,58,0,0,0,3551,detection,
3551829,26,9,739,739,0,0,0,0,0,0,57,0,0,0,3551,detection,
3551864,12,9,739,739,0,0,0,0,0,0,57,0,0,0,3551,detection,
3551872,22,9,739,739,0,0,0,0,0,0,60,0,0,0,3551,detection,
3553622,1,12,1044,1044,0,0,0,0,0,0,43,0,0,0,3553,detection,
3554107,11,22,995,995,0,0,0,0,0,0,57,0,0,0,3554,detection,
3554990,25,27,1369,1369,0,0,0,0,0,0,61,0,0,0,3554,detection,
3555830,21,30,276,715,-439,0,77,100,34,0,61,0,56,40,3555,detection,
3555834,28,30,276,715,-439,0,78,100,21,15,59,0,58,40,3555,detection,
3555894,14,30,276,715,-439,0,75,100,45,0,64,0,48,40,3555,detection,
3555919,20,30,276,715,-439,0,80,100,22,0,56,0,58,40,3555,detection,
3556932,16,25,1230,1230,0,0,0,0,0,0,58,0,0,0,3556,detection,
3557009,22,25,1230,1230,0,0,0,0,0,0,58,0,0,0,3557,detection,
3558793,3,28,557,557,0,0,0,0,0,0,61,0,0,0,3558,detection,
3559921,6,3,788,788,0,0,0,0,0,0,59,0,0,0,3559,detection,
3560328,21,26,904,904,0,0,0,0,0,0,57,0,0,0,3560,detection,
3560370,25,26,904,904,0,0,0,0,0,0,63,0,0,0,3560,detection,
3562792,6,20,831,831,0,0,0,0,0,0,62,0,0,0,3562,detection,
3562793,3,20,831,831,0,0,0,0,0,0,59,0,0,0,3562,detection,
3562955,21,30,276,532,-256,0,43,100,20,0,64,0,48,40,3562,detection,
3562960,28,30,276,532,-256,0,46,100,22,16,58,0,60,40,3562,detection,
3563015,14,30,276,532,-256,0,44,100,21,0,63,0,48,40,3563,detection,
3563045,20,30,276,532,-256,0,45,100,21,0,59,0,60,40,3563,detection,
3565851,2,14,788,788,0,0,0,0,0,0,58,0,0,0,3565,detection,
3565989,25,27,1554,1554,0,0,0,0,0,0,60,0,0,0,3565,detection,
3566002,22,27,1554,1554,0,0,0,0,0,0,61,0,0,0,3566,detection,
3566019,8,27,1554,1554,0,0,0,0,0,0,60,0,0,0,3566,detection,
3566225,2,29,276,327,-51,0,9,100,24,0,60,0,60,40,3566,detection,
3566348,19,3,532,532,0,0,0,0,0,0,56,0,0,0,3566,detection,
3566420,6,3,532,532,0,0,0,0,0,0,61,0,0,0,3566,detection,
3568372,13,27,1554,1554,0,0,0,0,0,0,64,0,0,0,3568,detection,
3570413,9,4,892,892,0,0,0,0,0,0,68,0,0,0,3570,detection,
3570452,21,4,892,892,0,0,0,0,0,0,64,0,0,0,3570,detection,
3570481,2,4,892,892,0,0,0,0,0,0,57,0,0,0,3570,detection,
3570736,11,22,1046,1046,0,0,0,0,0,0,57,0,0,0,3570,detection,
3570754,27,22,1046,1046,0,0,0,0,0,0,59,0,0,0,3570,detection,
3570775,8,22,1046,1046,0,0,0,70,0,0,58,0,61,40,3570,detection,
3571089,7,13,1554,1554,0,0,0,0,0,0,69,0,0,0,3571,detection,
3571145,14,13,1554,1554,0,0,0,0,0,0,59,0,0,0,3571,detection,
3571176,24,13,1554,1554,0,0,0,0,0,0,64,0,0,0,3571,detection,
3571253,27,25,1230,1230,0,0,0,0,0,0,75,0,0,0,3571,detection,
3572168,6,20,1061,1061,0,0,0,0,0,0,61,0,0,0,3572,detection,
3572766,8,27,1298,1298,0,0,0,0,0,0,57,0,0,0,3572,detection,
3572961,19,14,532,532,0,0,0,0,0,0,66,0,0,0,3572,detection,
3572978,2,14,532,532,0,0,0,0,0,0,56,0,0,0,3572,detection,
3572996,13,14,532,532,0,0,0,0,0,0,67,0,0,0,3572,detection,
3573198,10,17,786,786,0,100,0,0,0,0,96,0,49,40,3573,detection,
3573314,16,17,786,786,0,100,0,0,0,0,68,0,49,40,3573,detection,
3573967,17,7,788,788,0,0,0,0,0,0,54,0,0,0,3573,detection,
3575070,10,16,1323,1323,0,0,0,0,0,0,71,0,0,0,3575,detection,
3575077,1,25,1230,1230,0,0,0,0,0,0,43,0,0,0,3575,detection,
3576284,24,13,1298,1298,0,0,0,0,0,0,63,0,0,0,3576,detection,
3576335,7,13,1298,1298,0,0,0,0,0,0,63,0,0,0,3576,detection,
3578464,19,6,836,836,0,0,0,0,0,0,57,0,0,0,3578,detection,
3578823,21,9,699,699,0,0,0,0,0,0,58,0,0,0,3578,detection,
3578834,26,9,699,699,0,0,0,0,0,0,56,0,0,0,3578,detection,
3578865,12,9,699,699,0,0,0,0,0,0,56,0,0,0,3578,detection,
3578878,4,9,699,699,0,0,0,0,0,0,57,0,0,0,3578,detection,
3580820,10,16,1042,1042,0,0,0,0,0,0,73,0,0,0,3580,detection,
3581601,2,4,1087,1087,0,0,0,0,0,0,60,0,0,0,3581,detection,
3581618,12,4,1087,1087,0,0,0,0,0,0,60,0,0,0,3581,detection,
3581831,21,30,276,532,-256,0,44,100,0,0,63,0,48,40,3581,detection,
3581866,11,30,276,532,-256,0,43,100,0,0,65,0,48,40,3581,detection,
3581891,14,30,276,532,-256,0,45,100,0,0,61,0,57,40,3581,detection,
3582751,13,3,532,532,0,0,0,0,0,0,64,0,0,0,3582,detection,
3582793,6,3,532,532,0,0,0,0,0,0,62,0,0,0,3582,detection,
3582837,19,3,532,532,0,0,0,0,0,0,57,0,0,0,3582,detection,
3583042,20,19,712,712,0,0,0,0,0,0,61,0,0,0,3583,detection,
3583046,6,19,712,712,0,0,0,0,0,0,58,0,0,0,3583,detection,
3583081,28,19,712,712,0,0,0,0,0,0,65,0,0,0,3583,detection,
3584339,19,6,856,856,0,0,0,0,0,0,57,0,0,0,3584,detection,
3585496,13,14,557,557,0,0,0,0,0,0,68,0,0,0,3585,detection,
3585621,13,14,557,557,0,0,0,0,0,0,68,0,0,0,3585,detection,
3585700,10,14,557,557,0,0,0,0,0,0,66,0,0,0,3585,detection,
3585768,14,13,1044,1044,0,0,0,0,0,0,55,0,0,0,3585,detection,
3585786,24,13,1044,1044,0,0,0,0,0,0,58,0,0,0,3585,detection,
3585794,3,13,1044,1044,0,0,0,0,0,0,59,0,0,0,3585,detection,
3585849,23,13,1044,1044,0,0,0,0,0,0,65,0,0,0,3585,detection,
3586139,1,12,1044,1044,0,0,0,0,0,0,43,0,0,0,3586,detection,
3586237,11,12,1044,1044,0,0,0,0,0,0,63,0,0,0,3586,detection,
3586891,8,27,1374,1374,0,0,0,0,0,0,57,0,0,0,3586,detection,
3587070,10,16,557,557,0,100,0,0,0,0,82,0,49,40,3587,detection,
3587087,23,16,557,557,0,100,0,0,0,0,69,0,49,40,3587,detection,
3587126,13,16,557,557,0,100,0,0,0,0,64,0,49,40,3587,detection,
3588952,21,4,846,846,0,0,0,0,0,0,62,0,0,0,3588,detection,
3588986,12,4,846,846,0,0,0,0,0,0,55,0,0,0,3588,detection,
3590994,12,30,276,301,-25,0,4,35,1,0,72,0,0,0,3590,detection,
3591102,2,29,276,355,-79,0,14,100,3,0,56,0,60,40,3591,detection,
3591120,12,29,276,355,-79,0,14,70,21,0,58,25,73,55,3591,detection,
3592655,18,22,1046,1046,0,0,0,0,0,0,56,0,0,0,3592,detection,
3592672,20,22,1046,1046,0,0,0,100,0,0,57,0,60,40,3592,detection,
3592710,23,22,1046,1046,0,0,0,0,0,0,62,0,0,0,3592,detection,
3592736,11,22,1046,1046,0,0,0,0,0,0,54,0,0,0,3592,detection,
3593165,3,20,1044,1044,0,0,0,0,0,0,59,0,0,0,3593,detection,
3593547,15,31,276,276,0,0,0,100,75,7,64,0,48,40,3593,detection,
3593583,19,6,823,823,0,0,0,0,0,0,57,0,0,0,3593,detection,
3593669,6,11,788,788,0,0,0,0,0,0,58,0,0,0,3593,detection,
3593844,23,22,1046,1046,0,0,0,0,0,0,62,0,0,0,3593,detection,
3593865,25,22,1046,1046,0,0,0,0,0,0,57,0,0,0,3593,detection,
3593874,27,22,1046,1046,0,0,0,0,0,0,59,0,0,0,3593,detection,
3593877,13,22,1046,1046,0,0,0,0,0,0,59,0,0,0,3593,detection,
3593892,14,22,1046,1046,0,0,0,0,0,0,54,0,0,0,3593,detection,
3593919,20,22,1046,1046,0,0,0,100,0,0,58,0,60,40,3593,detection,
3593932,16,22,1046,1046,0,0,0,0,0,0,59,0,0,0,3593,detection,
3594211,23,13,1044,1044,0,0,0,0,0,0,64,0,0,0,3594,detection,
3594267,14,13,1044,1044,0,0,0,0,0,0,55,0,0,0,3594,detection,
3594288,24,13,1044,1044,0,0,0,0,0,0,57,0,0,0,3594,detection,
3594288,3,13,1044,1044,0,0,0,0,0,0,58,0,0,0,3594,detection,
3594395,1,12,788,788,0,0,0,0,0,0,37,0,0,0,3594,detection,
3594485,11,12,788,788,0,0,0,0,0,0,61,0,0,0,3594,detection,
3595720,17,7,788,788,0,0,0,0,0,0,55,0,0,0,3595,detection,
3597065,16,10,557,1069,-512,100,88,100,59,7,63,0,49,40,3597,detection,
3598075,1,25,532,532,0,0,0,0,0,0,39,0,0,0,3598,detection,
3598204,21,25,532,532,0,0,0,0,0,0,61,0,0,0,3598,detection,
