sim_ms,mote_id,src,R,Rhat,e,v1,v2,v3,v4,v5,v6,v7,AC,ML,t,type,action
26158,1,9,768,768,0,0,0,0,0,0,0,0,0,0,26,detection,
26172,22,9,768,768,0,0,0,0,0,0,0,0,0,0,26,detection,
26180,3,9,768,768,0,0,0,0,0,0,0,0,0,0,26,detection,
26198,13,9,768,768,0,0,0,0,0,0,0,0,0,0,26,detection,
26210,4,9,768,768,0,0,0,0,0,0,0,0,0,0,26,detection,
26223,8,9,768,768,0,0,0,0,0,0,0,0,0,0,26,detection,
26232,20,9,768,768,0,0,0,0,0,0,0,0,0,0,26,detection,
26275,24,9,768,768,0,0,0,0,0,0,0,0,0,0,26,detection,
26278,7,9,768,768,0,0,0,0,0,0,0,0,0,0,26,detection,
26278,2,9,768,768,0,0,0,0,0,0,0,0,0,0,26,detection,
26315,1,24,512,512,0,0,0,0,0,0,0,0,0,0,26,detection,
26338,9,24,512,512,0,0,0,0,0,0,0,0,0,0,26,detection,
26380,6,24,512,512,0,0,0,0,0,0,0,0,0,0,26,detection,
26403,2,24,512,512,0,0,0,0,0,0,0,0,0,0,26,detection,
26419,28,24,512,512,0,0,0,0,0,0,0,0,0,0,26,detection,
26471,1,2,512,512,0,0,0,0,0,0,0,0,0,0,26,detection,
26476,8,2,512,512,0,0,0,0,0,0,0,0,0,0,26,detection,
26480,14,2,512,512,0,0,0,0,0,0,0,0,0,0,26,detection,
26481,20,2,512,512,0,0,0,0,0,0,0,0,0,0,26,detection,
26514,16,2,512,512,0,0,0,0,0,0,0,0,0,0,26,detection,
26524,24,2,512,512,0,0,0,0,0,0,0,0,0,0,26,detection,
26528,7,2,512,512,0,0,0,0,0,0,0,0,0,0,26,detection,
26545,22,2,512,512,0,0,0,0,0,0,0,0,0,0,26,detection,
26545,28,2,512,512,0,0,0,0,0,0,0,0,0,0,26,detection,
26553,3,2,512,512,0,0,0,0,0,0,0,0,0,0,26,detection,
26569,18,2,512,512,0,0,0,0,0,0,0,0,0,0,26,detection,
26575,13,2,512,512,0,0,0,0,0,0,0,0,0,0,26,detection,
26583,4,2,512,512,0,0,0,0,0,0,0,0,0,0,26,detection,
26588,9,2,512,512,0,0,0,0,0,0,0,0,0,0,26,detection,
26591,23,2,512,512,0,0,0,0,0,0,0,0,0,0,26,detection,
26595,10,2,512,512,0,0,0,0,0,0,0,0,0,0,26,detection,
27011,1,20,512,512,0,0,0,0,0,0,0,0,0,0,27,detection,
27131,6,20,512,512,0,0,0,0,0,0,0,0,0,0,27,detection,
29982,20,7,1024,1024,0,0,0,0,0,0,0,0,0,0,29,detection,
30007,6,28,1024,1024,0,0,0,0,0,0,0,0,0,0,30,detection,
30033,17,16,1024,1024,0,0,0,0,0,0,0,0,0,0,30,detection,
30063,21,16,1024,1024,0,0,0,0,0,0,0,0,0,0,30,detection,
30280,2,18,1024,1024,0,0,0,0,0,0,0,0,0,0,30,detection,
30312,21,18,1024,1024,0,0,0,0,0,0,0,0,0,0,30,detection,
30340,25,18,1024,1024,0,0,0,0,0,0,0,0,0,0,30,detection,
30384,27,18,1024,1024,0,0,0,0,0,0,0,0,0,0,30,detection,
30586,4,10,1024,1024,0,0,0,0,0,0,0,0,0,0,30,detection,
30594,25,10,1024,1024,0,0,0,0,0,0,0,0,0,0,30,detection,
30598,8,10,1024,1024,0,0,0,0,0,0,0,0,0,0,30,detection,
30606,14,10,1024,1024,0,0,0,0,0,0,0,0,0,0,30,detection,
30631,1,6,1024,1024,0,0,0,0,0,0,0,0,0,0,30,detection,
30636,27,10,1024,1024,0,0,0,0,0,0,0,0,0,0,30,detection,
30640,16,10,1024,1024,0,0,0,0,0,0,0,0,0,0,30,detection,
30651,24,6,1024,1024,0,0,0,0,0,0,0,0,0,0,30,detection,
30657,17,10,1024,1024,0,0,0,0,0,0,0,0,0,0,30,detection,
30678,12,10,1024,1024,0,0,0,0,0,0,0,0,0,0,30,detection,
30853,8,29,1024,1024,0,0,0,0,0,0,0,0,0,0,30,detection,
31081,4,29,1024,1024,0,0,0,0,0,0,0,0,0,0,31,detection,
31155,7,13,768,768,0,0,0,0,0,0,0,0,0,0,31,detection,
31172,22,13,768,768,0,0,0,0,0,0,0,0,0,0,31,detection,
31176,12,13,768,768,0,0,0,0,0,0,0,0,0,0,31,detection,
31180,3,13,768,768,0,0,0,0,0,0,0,0,0,0,31,detection,
31197,18,13,768,768,0,0,0,0,0,0,0,0,0,0,31,detection,
31212,4,13,768,768,0,0,0,0,0,0,0,0,0,0,31,detection,
31215,23,13,768,768,0,0,0,0,0,0,0,0,0,0,31,detection,
31216,9,13,768,768,0,0,0,0,0,0,0,0,0,0,31,detection,
31219,25,13,768,768,0,0,0,0,0,0,0,0,0,0,31,detection,
31223,10,13,768,768,0,0,0,0,0,0,0,0,0,0,31,detection,
31233,14,13,768,768,0,0,0,0,0,0,0,0,0,0,31,detection,
31233,20,13,768,768,0,0,0,0,0,0,0,0,0,0,31,detection,
31262,27,13,768,768,0,0,0,0,0,0,0,0,0,0,31,detection,
31266,16,13,768,768,0,0,0,0,0,0,0,0,0,0,31,detection,
31587,1,3,1024,1024,0,0,0,0,0,0,0,0,0,0,31,detection,
31590,9,3,1024,1024,0,0,0,0,0,0,0,0,0,0,31,detection,
31598,10,3,1024,1024,0,0,0,0,0,0,0,0,0,0,31,detection,
31604,8,3,1024,1024,0,0,0,0,0,0,0,0,0,0,31,detection,
31641,16,3,1024,1024,0,0,0,0,0,0,0,0,0,0,31,detection,
31653,2,3,1024,1024,0,0,0,0,0,0,0,0,0,0,31,detection,
32141,16,14,1024,1024,0,0,0,0,0,0,0,0,0,0,32,detection,
32172,5,14,1024,1024,0,0,0,0,0,0,0,0,0,0,32,detection,
32589,23,2,512,512,0,0,0,0,0,0,1,0,0,0,32,detection,
32608,20,2,512,512,0,0,0,0,0,0,0,0,0,0,32,detection,
32654,7,2,512,512,0,0,0,0,0,0,0,0,0,0,32,detection,
33584,26,17,1536,1536,0,0,0,0,0,0,0,0,0,0,33,detection,
34132,6,24,512,512,0,0,0,0,0,0,2,0,0,0,34,detection,
34137,27,8,1024,1024,0,0,0,0,0,0,0,0,0,0,34,detection,
34143,16,8,1024,1024,0,0,0,0,0,0,0,0,0,0,34,detection,
34158,7,8,1024,1024,0,0,0,0,0,0,0,0,0,0,34,detection,
34161,2,8,1024,1024,0,0,0,0,0,0,0,0,0,0,34,detection,
34233,11,12,1280,1280,0,0,0,0,0,0,0,0,0,0,34,detection,
34237,19,12,1280,1280,0,0,0,0,0,0,0,0,0,0,34,detection,
34298,5,12,1280,1280,0,0,0,0,0,0,0,0,0,0,34,detection,
34342,23,12,1280,1280,0,0,0,0,0,0,0,0,0,0,34,detection,
34349,10,27,1280,1280,0,0,0,0,0,0,0,0,0,0,34,detection,
34395,16,27,1280,1280,0,0,0,0,0,0,0,0,0,0,34,detection,
34408,17,27,1280,1280,0,0,0,0,0,0,0,0,0,0,34,detection,
34422,22,27,1280,1280,0,0,0,0,0,0,0,0,0,0,34,detection,
34438,21,27,1280,1280,0,0,0,0,0,0,0,0,0,0,34,detection,
34671,1,6,1024,1024,0,0,0,0,0,0,3,0,0,0,34,detection,
34942,21,25,1280,1280,0,0,0,0,0,0,0,0,0,0,34,detection,
34961,26,25,1280,1280,0,0,0,0,0,0,0,0,0,0,34,detection,
35106,1,20,512,512,0,0,0,0,0,0,0,0,0,0,35,detection,
35130,6,20,512,512,0,0,0,0,0,0,1,0,0,0,35,detection,
35150,24,20,512,512,0,0,0,0,0,0,0,0,0,0,35,detection,
35252,1,9,512,512,0,0,0,0,0,0,4,0,0,0,35,detection,
35277,7,9,512,512,0,0,0,0,0,0,7,0,0,0,35,detection,
35303,3,9,512,512,0,0,0,0,0,0,6,0,0,0,35,detection,
35323,13,9,512,512,0,0,0,0,0,0,6,0,0,0,35,detection,
35334,4,9,512,512,0,0,0,0,0,0,6,0,0,0,35,detection,
35349,10,9,512,512,0,0,0,0,0,0,0,0,0,0,35,detection,
35351,8,9,512,512,0,0,0,0,0,0,6,0,0,0,35,detection,
35356,14,9,512,512,0,0,0,0,0,0,0,0,0,0,35,detection,
35359,20,9,512,512,0,0,0,0,0,0,4,0,0,0,35,detection,
35383,6,23,1024,1024,0,0,0,0,0,0,0,0,0,0,35,detection,
35401,24,23,1024,1024,0,0,0,0,0,0,0,0,0,0,35,detection,
35420,28,23,1024,1024,0,0,0,0,0,0,0,0,0,0,35,detection,
35429,12,23,1024,1024,0,0,0,0,0,0,0,0,0,0,35,detection,
35450,13,23,1024,1024,0,0,0,0,0,0,0,0,0,0,35,detection,
35461,4,23,1024,1024,0,0,0,0,0,0,0,0,0,0,35,detection,
35488,19,23,1024,1024,0,0,0,0,0,0,0,0,0,0,35,detection,
35929,15,5,1536,1536,0,0,0,0,0,0,0,0,0,0,35,detection,
35983,14,5,1536,1536,0,0,0,0,0,0,0,0,0,0,35,detection,
35985,11,5,1536,1536,0,0,0,0,0,0,0,0,0,0,35,detection,
36951,13,28,1024,1024,0,0,0,0,0,0,0,0,0,0,36,detection,
36968,23,28,1024,1024,0,0,0,0,0,0,0,0,0,0,36,detection,
36989,19,28,1024,1024,0,0,0,0,0,0,0,0,0,0,36,detection,
37452,1,3,768,768,0,0,0,0,0,0,4,0,0,0,37,detection,
37530,7,3,768,768,0,0,0,0,0,0,0,0,0,0,37,detection,
37572,18,3,768,768,0,0,0,0,0,0,0,0,0,0,37,detection,
37578,13,3,768,768,0,0,0,0,0,0,0,0,0,0,37,detection,
37636,27,10,1024,1024,0,0,0,0,0,0,0,0,0,0,37,detection,
37719,23,10,1024,1024,0,0,0,0,0,0,0,0,0,0,37,detection,
37925,5,19,1536,1536,0,0,0,0,0,0,0,0,0,0,37,detection,
37928,15,19,1536,1536,0,0,0,0,0,0,0,0,0,0,37,detection,
37984,11,19,1536,1536,0,0,0,0,0,0,0,0,0,0,37,detection,
38222,25,4,1024,1024,0,0,0,0,0,0,0,0,0,0,38,detection,
38228,8,4,1024,1024,0,0,0,0,0,0,0,0,0,0,38,detection,
38290,7,4,1024,1024,0,0,0,0,0,0,0,0,0,0,38,detection,
38307,3,4,1024,1024,0,0,0,0,0,0,0,0,0,0,38,detection,
38555,3,13,768,768,0,0,0,0,0,0,0,0,0,0,38,detection,
38556,15,11,1792,1792,0,0,0,0,0,0,0,0,0,0,38,detection,
38593,25,13,768,768,0,0,0,0,0,0,1,0,0,0,38,detection,
38606,8,13,768,768,0,0,0,0,0,0,0,0,0,0,38,detection,
39155,2,30,768,768,0,0,0,0,0,0,0,0,0,0,39,detection,
39190,21,30,768,768,0,0,0,0,0,0,0,0,0,0,39,detection,
39198,18,30,768,768,0,0,0,0,0,0,0,0,0,0,39,detection,
39204,13,30,768,768,0,0,0,0,0,0,0,0,0,0,39,detection,
39212,4,30,768,768,0,0,0,0,0,0,0,0,0,0,39,detection,
39215,9,30,768,768,0,0,0,0,0,0,0,0,0,0,39,detection,
39220,25,30,768,768,0,0,0,0,0,0,0,0,0,0,39,detection,
39221,23,30,768,768,0,0,0,0,0,0,0,0,0,0,39,detection,
39224,10,30,768,768,0,0,0,0,0,0,0,0,0,0,39,detection,
39230,8,30,768,768,0,0,0,0,0,0,0,0,0,0,39,detection,
39263,27,30,768,768,0,0,0,0,0,0,0,0,0,0,39,detection,
39269,16,30,768,768,0,0,0,0,0,0,0,0,0,0,39,detection,
39641,27,16,1254,1254,0,0,0,0,0,0,0,0,0,0,39,detection,
39674,5,16,1254,1254,0,0,0,0,0,0,0,0,0,0,39,detection,
39674,22,16,1254,1254,0,0,0,0,0,0,0,0,0,0,39,detection,
39682,12,16,1254,1254,0,0,0,0,0,0,0,0,0,0,39,detection,
39689,21,16,1254,1254,0,0,0,0,0,0,2,0,0,0,39,detection,
39700,18,16,1254,1254,0,0,0,0,0,0,0,0,0,0,39,detection,
39705,13,16,1254,1254,0,0,0,0,0,0,0,0,0,0,39,detection,
39718,9,16,1254,1254,0,0,0,0,0,0,0,0,0,0,39,detection,
39718,4,16,1254,1254,0,0,0,0,0,0,0,0,0,0,39,detection,
39735,11,15,2048,2048,0,0,0,0,0,0,0,0,0,0,39,detection,
39740,19,15,2048,2048,0,0,0,0,0,0,0,0,0,0,39,detection,
40405,7,8,768,768,0,0,0,0,0,0,9,0,0,0,40,detection,
40642,27,25,1280,1280,0,0,0,0,0,0,0,0,0,0,40,detection,
40661,17,25,1280,1280,0,0,0,0,0,0,0,0,0,0,40,detection,
40710,26,25,1280,1280,0,0,0,0,0,0,9,0,0,0,40,detection,
40933,3,18,1280,1280,0,0,0,0,0,0,0,0,0,0,40,detection,
41088,26,27,1280,1280,0,0,0,0,0,0,0,0,0,0,41,detection,
41592,1,6,768,768,0,0,0,0,0,0,7,0,0,0,41,detection,
42583,26,17,1536,1536,0,0,0,0,0,0,2,0,0,0,42,detection,
42797,28,22,1024,1024,0,0,0,0,0,0,0,0,0,0,42,detection,
42803,5,22,1024,1024,0,0,0,0,0,0,0,0,0,0,42,detection,
42831,13,22,1024,1024,0,0,0,0,0,0,0,0,0,0,42,detection,
42846,23,22,1024,1024,0,0,0,0,0,0,0,0,0,0,42,detection,
44006,6,28,1024,1024,0,0,0,0,0,0,4,0,0,0,44,detection,
44052,5,28,1024,1024,0,0,0,0,0,0,0,0,0,0,44,detection,
44338,26,21,1280,1280,0,0,0,0,0,0,0,0,0,0,44,detection,
44348,25,21,1280,1280,0,0,0,0,0,0,0,0,0,0,44,detection,
44393,27,21,1280,1280,0,0,0,0,0,0,0,0,0,0,44,detection,
44734,11,12,1280,1280,0,0,0,0,0,0,11,0,0,0,44,detection,
44738,19,12,1280,1280,0,0,0,0,0,0,9,0,0,0,44,detection,
44800,5,12,1280,1280,0,0,0,0,0,0,11,0,0,0,44,detection,
45403,7,9,512,512,0,0,0,0,0,0,7,0,0,0,45,detection,
45428,15,5,1536,1536,0,0,0,0,0,0,4,0,0,0,45,detection,
45429,3,9,512,512,0,0,0,0,0,0,6,0,0,0,45,detection,
45449,18,9,512,512,0,0,0,0,0,0,0,0,0,0,45,detection,
45460,4,9,512,512,0,0,0,0,0,0,6,0,0,0,45,detection,
45472,25,9,512,512,0,0,0,0,0,0,0,0,0,0,45,detection,
45473,10,9,512,512,0,0,0,0,0,0,1,0,0,0,45,detection,
45480,14,9,512,512,0,0,0,0,0,0,0,0,0,0,45,detection,
45484,8,9,512,512,0,0,0,0,0,0,7,0,0,0,45,detection,
45538,17,8,768,768,0,0,0,0,0,0,0,0,0,0,45,detection,
45589,26,8,768,768,0,0,0,0,0,0,0,0,0,0,45,detection,
45600,25,8,768,768,0,0,0,0,0,0,0,0,0,0,45,detection,
45640,27,8,768,768,0,0,0,0,0,0,9,0,0,0,45,detection,
45655,7,8,768,768,0,0,0,0,0,0,10,0,0,0,45,detection,
46422,28,19,1536,1536,0,0,0,0,0,0,0,0,0,0,46,detection,
46425,5,19,1536,1536,0,0,0,0,0,0,2,0,0,0,46,detection,
46427,22,19,1536,1536,0,0,0,0,0,0,0,0,0,0,46,detection,
46430,12,19,1536,1536,0,0,0,0,0,0,0,0,0,0,46,detection,
46454,18,19,1536,1536,0,0,0,0,0,0,0,0,0,0,46,detection,
46471,23,19,1536,1536,0,0,0,0,0,0,0,0,0,0,46,detection,
46799,5,28,1536,1536,0,0,0,0,0,0,3,0,0,0,46,detection,
46801,22,28,1536,1536,0,0,0,0,0,0,0,0,0,0,46,detection,
46805,12,28,1536,1536,0,0,0,0,0,0,0,0,0,0,46,detection,
46809,3,28,1536,1536,0,0,0,0,0,0,0,0,0,0,46,detection,
46828,18,28,1536,1536,0,0,0,0,0,0,0,0,0,0,46,detection,
46829,13,28,1536,1536,0,0,0,0,0,0,7,0,0,0,46,detection,
46882,6,28,1536,1536,0,0,0,0,0,0,8,0,0,0,46,detection,
47062,1,3,768,768,0,0,0,0,0,0,5,0,0,0,47,detection,
47110,20,3,768,768,0,0,0,0,0,0,0,0,0,0,47,detection,
47132,6,3,768,768,0,0,0,0,0,0,0,0,0,0,47,detection,
47799,5,15,2048,2048,0,0,0,0,0,0,0,0,0,0,47,detection,
48423,22,16,1024,1024,0,0,0,0,0,0,4,0,0,0,48,detection,
48424,5,16,1024,1024,0,0,0,0,0,0,6,0,0,0,48,detection,
48425,28,16,1024,1024,0,0,0,0,0,0,0,0,0,0,48,detection,
48450,18,16,1024,1024,0,0,0,0,0,0,6,0,0,0,48,detection,
48454,13,16,1024,1024,0,0,0,0,0,0,8,0,0,0,48,detection,
48463,4,16,1024,1024,0,0,0,0,0,0,4,0,0,0,48,detection,
48484,11,16,1024,1024,0,0,0,0,0,0,0,0,0,0,48,detection,
48489,19,16,1024,1024,0,0,0,0,0,0,0,0,0,0,48,detection,
48530,2,16,1024,1024,0,0,0,0,0,0,0,0,0,0,48,detection,
48913,17,21,1024,1024,0,0,0,0,0,0,0,0,0,0,48,detection,
49914,2,12,1280,1280,0,0,0,0,0,0,0,0,0,0,49,detection,
49924,28,12,1280,1280,0,0,0,0,0,0,0,0,0,0,49,detection,
49926,5,12,1280,1280,0,0,0,0,0,0,11,0,0,0,49,detection,
49929,22,12,1280,1280,0,0,0,0,0,0,0,0,0,0,49,detection,
50036,17,26,1280,1280,0,0,0,0,0,0,0,0,0,0,50,detection,
50066,21,26,1280,1280,0,0,0,0,0,0,0,0,0,0,50,detection,
50095,23,22,1024,1024,0,0,0,0,0,0,0,0,0,0,50,detection,
50113,11,22,1024,1024,0,0,0,0,0,0,0,0,0,0,50,detection,
50152,24,22,1024,1024,0,0,0,0,0,0,0,0,0,0,50,detection,
50176,28,22,1024,1024,0,0,0,0,0,0,1,0,0,0,50,detection,
50179,5,22,1024,1024,0,0,0,0,0,0,1,0,0,0,50,detection,
50183,12,22,1024,1024,0,0,0,0,0,0,0,0,0,0,50,detection,
50202,13,22,1024,1024,0,0,0,0,0,0,1,0,0,0,50,detection,
50295,1,20,512,512,0,0,0,0,0,0,0,0,0,0,50,detection,
50876,1,4,1024,1024,0,0,0,0,0,0,0,0,0,0,50,detection,
50903,24,4,1024,1024,0,0,0,0,0,0,0,0,0,0,50,detection,
50925,28,4,1024,1024,0,0,0,0,0,0,0,0,0,0,50,detection,
50934,12,4,1024,1024,0,0,0,0,0,0,0,0,0,0,50,detection,
50975,10,4,1024,1024,0,0,0,0,0,0,0,0,0,0,50,detection,
51032,7,10,1024,1024,0,0,0,0,0,0,0,0,0,0,51,detection,
51056,5,10,1024,1024,0,0,0,0,0,0,0,0,0,0,51,detection,
51056,12,10,1024,1024,0,0,0,0,0,0,6,0,0,0,51,detection,
51086,4,10,1024,1024,0,0,0,0,0,0,3,0,0,0,51,detection,
51090,9,10,1024,1024,0,0,0,0,0,0,0,0,0,0,51,detection,
51095,25,10,1024,1024,0,0,0,0,0,0,6,0,0,0,51,detection,
51095,23,10,1024,1024,0,0,0,0,0,0,3,0,0,0,51,detection,
51106,14,10,1024,1024,0,0,0,0,0,0,3,0,0,0,51,detection,
51106,8,10,1024,1024,0,0,0,0,0,0,10,0,0,0,51,detection,
51114,11,10,1024,1024,0,0,0,0,0,0,0,0,0,0,51,detection,
51145,16,10,1024,1024,0,0,0,0,0,0,14,0,0,0,51,detection,
51153,24,10,1024,1024,0,0,0,0,0,0,0,0,0,0,51,detection,
51483,10,23,1182,1182,0,0,0,0,0,0,0,0,0,0,51,detection,
51483,14,23,1182,1182,0,0,0,0,0,0,0,0,0,0,51,detection,
51490,19,23,1182,1182,0,0,0,0,0,0,1,0,0,0,51,detection,
51490,11,23,1182,1182,0,0,0,0,0,0,0,0,0,0,51,detection,
51547,28,23,1182,1182,0,0,0,0,0,0,1,0,0,0,51,detection,
51555,15,23,1182,1182,0,0,0,0,0,0,0,0,0,0,51,detection,
51556,12,23,1182,1182,0,0,0,0,0,0,1,0,0,0,51,detection,
51585,1,24,537,537,0,0,0,0,0,0,0,0,0,0,51,detection,
51632,6,24,537,537,0,0,0,0,0,0,2,0,0,0,51,detection,
51682,3,24,537,537,0,0,0,0,0,0,0,0,0,0,51,detection,
52035,17,27,1280,1280,0,0,0,0,0,0,4,0,0,0,52,detection,
52064,21,27,1280,1280,0,0,0,0,0,0,4,0,0,0,52,detection,
52784,7,14,1024,1024,0,0,0,0,0,0,0,0,0,0,52,detection,
53492,19,5,1536,1536,0,0,0,0,0,0,0,0,0,0,53,detection,
53552,15,5,1536,1536,0,0,0,0,0,0,6,0,0,0,53,detection,
53975,1,6,768,768,0,0,0,0,0,0,8,0,0,0,53,detection,
53984,20,6,768,768,0,0,0,0,0,0,0,0,0,0,53,detection,
54060,3,6,768,768,0,0,0,0,0,0,0,0,0,0,54,detection,
55303,5,28,1536,1536,0,0,0,0,0,0,3,0,0,0,55,detection,
55365,19,28,1536,1536,0,0,0,0,0,0,4,0,0,0,55,detection,
56552,5,14,1024,1024,0,0,0,0,0,0,7,0,0,0,56,detection,
56661,2,30,768,768,0,0,0,0,0,0,5,0,0,0,56,detection,
57111,14,11,1536,1536,0,0,0,0,0,0,0,0,0,0,57,detection,
57177,15,11,1536,1536,0,0,0,0,0,0,4,0,0,0,57,detection,
57242,19,18,1024,1024,0,0,0,0,0,0,0,0,0,0,57,detection,
57818,21,7,1228,1228,0,0,0,0,0,0,0,0,0,0,57,detection,
57839,26,7,1228,1228,0,0,0,0,0,0,0,0,0,0,57,detection,
57913,17,7,1228,1228,0,0,0,0,0,0,0,0,0,0,57,detection,
58764,27,8,870,870,0,0,0,0,0,0,12,0,0,0,58,detection,
58780,7,8,870,870,0,0,0,0,0,0,8,0,0,0,58,detection,
58786,17,8,870,870,0,0,0,0,0,0,2,0,0,0,58,detection,
58818,21,8,870,870,0,0,0,0,0,0,0,0,0,0,58,detection,
58836,26,8,870,870,0,0,0,0,0,0,2,0,0,0,58,detection,
58841,9,8,870,870,0,0,0,0,0,0,0,0,0,0,58,detection,
58860,14,8,870,870,0,0,0,0,0,0,0,0,0,0,58,detection,
59786,17,27,1536,1536,0,0,0,0,0,0,8,0,0,0,59,detection,
59837,26,27,1536,1536,0,0,0,0,0,0,4,0,0,0,59,detection,
59865,19,18,1280,1280,0,0,0,0,0,0,3,0,0,0,59,detection,
60424,5,15,2048,2048,0,0,0,0,0,0,3,0,0,0,60,detection,
61239,11,22,1024,1024,0,0,0,0,0,0,8,0,0,0,61,detection,
61242,19,22,1024,1024,0,0,0,0,0,0,0,0,0,0,61,detection,
61277,24,22,1024,1024,0,0,0,0,0,0,12,0,0,0,61,detection,
61298,28,22,1024,1024,0,0,0,0,0,0,8,0,0,0,61,detection,
61299,5,22,1024,1024,0,0,0,0,0,0,8,0,0,0,61,detection,
61307,15,22,1024,1024,0,0,0,0,0,0,0,0,0,0,61,detection,
61328,13,22,1024,1024,0,0,0,0,0,0,14,0,0,0,61,detection,
61346,23,22,1024,1024,0,0,0,0,0,0,10,0,0,0,61,detection,
62338,26,12,1463,1463,0,0,0,0,0,0,0,0,0,0,62,detection,
62362,11,12,1463,1463,0,0,0,0,0,0,12,0,0,0,62,detection,
63963,4,29,1051,1051,0,0,0,0,0,0,7,0,0,0,63,detection,
63966,26,29,1051,1051,0,0,0,0,0,0,0,0,0,0,63,detection,
63980,8,29,1051,1051,0,0,0,0,0,0,14,0,0,0,63,detection,
65224,1,10,998,998,0,0,0,0,0,0,0,0,0,0,65,detection,
65340,4,10,998,998,0,0,0,0,0,0,9,0,0,0,65,detection,
66214,26,12,1536,1536,0,0,0,0,0,0,7,0,0,0,66,detection,
66267,27,21,1024,1024,0,0,0,0,0,0,11,0,0,0,66,detection,
66288,17,21,1024,1024,0,0,0,0,0,0,0,0,0,0,66,detection,
66300,5,15,1536,1536,0,0,0,0,0,0,8,0,0,0,66,detection,
66339,26,21,1024,1024,0,0,0,0,0,0,6,0,0,0,66,detection,
67801,5,19,1536,1536,0,0,0,0,0,0,7,0,0,0,67,detection,
67801,22,19,1536,1536,0,0,0,0,0,0,10,0,0,0,67,detection,
67822,18,19,1536,1536,0,0,0,0,0,0,12,0,0,0,67,detection,
67858,1,4,1049,1049,0,0,0,0,0,0,3,0,0,0,67,detection,
67885,6,4,1049,1049,0,0,0,0,0,0,0,0,0,0,67,detection,
67931,3,4,1049,1049,0,0,0,0,0,0,3,0,0,0,67,detection,
68058,15,18,1280,1280,0,0,0,0,0,0,0,0,0,0,68,detection,
69161,17,26,1148,1148,0,0,0,0,0,0,3,0,0,0,69,detection,
69191,21,26,1148,1148,0,0,0,0,0,0,3,0,0,0,69,detection,
69714,26,27,1404,1404,0,0,0,0,0,0,8,0,0,0,69,detection,
69787,17,27,1404,1404,0,0,0,0,0,0,11,0,0,0,69,detection,
71157,7,9,1303,1303,0,0,0,0,0,0,27,0,0,0,71,detection,
71226,8,9,1303,1303,0,0,0,0,0,0,35,0,0,0,71,detection,
72222,1,3,768,768,0,0,0,0,0,0,4,0,0,0,72,detection,
72234,20,3,768,768,0,0,0,0,0,0,0,0,0,0,72,detection,
72255,6,3,768,768,0,0,0,0,0,0,0,0,0,0,72,detection,
72699,18,30,1000,1000,0,0,0,0,0,0,14,0,0,0,72,detection,
72768,16,30,1000,1000,0,0,0,0,0,0,19,0,0,0,72,detection,
72781,2,30,1000,1000,0,0,0,0,0,0,15,0,0,0,72,detection,
74262,6,14,1024,1024,0,0,0,0,0,0,0,0,0,0,74,detection,
74298,5,14,1024,1024,0,0,0,0,0,0,9,0,0,0,74,detection,
74315,21,7,1536,1536,0,0,0,0,0,0,6,0,0,0,74,detection,
75514,27,8,1536,1536,0,0,0,0,0,0,19,0,0,0,75,detection,
76052,5,28,1536,1536,0,0,0,0,0,0,10,0,0,0,76,detection,
76426,5,15,1792,1792,0,0,0,0,0,0,13,0,0,0,76,detection,
76494,1,4,1280,1280,0,0,0,0,0,0,7,0,0,0,76,detection,
76506,6,4,1280,1280,0,0,0,0,0,0,3,0,0,0,76,detection,
76558,3,4,1280,1280,0,0,0,0,0,0,7,0,0,0,76,detection,
76611,20,4,1280,1280,0,0,0,0,0,0,0,0,0,0,76,detection,
77397,1,6,768,768,0,0,0,0,0,0,9,0,0,0,77,detection,
77432,3,6,768,768,0,0,0,0,0,0,0,0,0,0,77,detection,
77482,20,6,768,768,0,0,0,0,0,0,0,0,0,0,77,detection,
78181,15,30,1536,1536,0,0,0,0,0,0,0,0,0,0,78,detection,
78268,16,30,1536,1536,0,0,0,0,0,0,24,0,0,0,78,detection,
78303,1,20,512,512,0,0,0,0,0,0,0,0,0,0,78,detection,
79181,15,18,1512,1512,0,0,0,0,0,0,0,0,0,0,79,detection,
79716,9,8,1280,1280,0,0,0,0,0,0,17,0,0,0,79,detection,
79784,17,8,1280,1280,0,0,0,0,0,0,5,0,0,0,79,detection,
79787,7,8,1280,1280,0,0,0,0,0,0,23,0,0,0,79,detection,
79814,21,8,1280,1280,0,0,0,0,0,0,8,0,0,0,79,detection,
80136,6,31,1280,1280,0,0,0,0,0,0,0,0,0,0,80,detection,
80230,23,13,1155,1155,0,0,0,0,0,0,14,0,0,0,80,detection,
80268,16,13,1155,1155,0,0,0,0,0,0,26,0,0,0,80,detection,
80302,22,13,1155,1155,0,0,0,0,0,0,20,0,0,0,80,detection,
80310,15,13,1155,1155,0,0,0,0,0,0,0,0,0,0,80,detection,
80536,17,7,1280,1280,0,0,0,0,0,0,16,0,0,0,80,detection,
80565,21,7,1280,1280,0,0,0,0,0,0,13,0,0,0,80,detection,
80709,13,23,1280,1280,0,0,0,0,0,0,14,0,0,0,80,detection,
81055,15,22,1647,1647,0,0,0,0,0,0,16,0,0,0,81,detection,
81361,20,19,1536,1536,0,0,0,0,0,0,0,0,0,0,81,detection,
81829,18,16,1536,1536,0,0,0,0,0,0,22,0,0,0,81,detection,
81833,13,16,1536,1536,0,0,0,0,0,0,21,0,0,0,81,detection,
81987,14,5,1280,1280,0,0,0,0,0,0,22,0,0,0,81,detection,
81992,19,5,1280,1280,0,0,0,0,0,0,9,0,0,0,81,detection,
82056,15,5,1280,1280,0,0,0,0,0,0,16,0,0,0,82,detection,
82401,6,28,1280,1280,0,0,0,0,0,0,15,0,0,0,82,detection,
83051,5,15,1667,1667,0,0,0,0,0,0,21,0,0,0,83,detection,
83586,26,17,1536,1536,0,0,0,0,0,0,7,0,0,0,83,detection,
83626,1,4,1024,1024,0,0,0,0,0,0,10,0,0,0,83,detection,
83682,3,4,1024,1024,0,0,0,0,0,0,11,0,0,0,83,detection,
83725,10,4,1024,1024,0,0,0,0,0,0,16,0,0,0,83,detection,
83733,20,4,1024,1024,0,0,0,0,0,0,4,0,0,0,83,detection,
83906,1,3,768,768,0,0,0,0,0,0,8,0,0,0,83,detection,
83983,20,3,768,768,0,0,0,0,0,0,3,0,0,0,83,detection,
85489,11,12,1280,1280,0,0,0,0,0,0,21,0,0,0,85,detection,
85771,16,30,1536,1536,0,0,0,0,0,0,28,0,0,0,85,detection,
85784,2,30,1536,1536,0,0,0,0,0,0,23,0,0,0,85,detection,
86784,7,9,1536,1536,0,0,0,0,0,0,32,0,0,0,86,detection,
87366,19,22,1536,1536,0,0,0,0,0,0,8,0,0,0,87,detection,
88633,6,14,1024,1024,0,0,0,0,0,0,8,0,0,0,88,detection,
91144,16,30,1536,1536,0,0,0,0,0,0,29,0,0,0,91,detection,
91182,15,30,1536,1536,0,0,0,0,0,0,4,0,0,0,91,detection,
91453,18,2,1536,1536,0,0,0,0,0,0,28,0,0,0,91,detection,
91454,13,2,1536,1536,0,0,0,0,0,0,23,0,0,0,91,detection,
91479,10,2,1536,1536,0,0,0,0,0,0,22,0,0,0,91,detection,
91530,16,2,1536,1536,0,0,0,0,0,0,29,0,0,0,91,detection,
91531,24,2,1536,1536,0,0,0,0,0,0,19,0,0,0,91,detection,
92109,14,5,1280,1280,0,0,0,0,0,0,24,0,0,0,92,detection,
92118,19,5,1280,1280,0,0,0,0,0,0,10,0,0,0,92,detection,
92190,21,8,1280,1280,0,0,0,0,0,0,8,0,0,0,92,detection,
92212,26,8,1280,1280,0,0,0,0,0,0,5,0,0,0,92,detection,
92216,9,8,1280,1280,0,0,0,0,0,0,22,0,0,0,92,detection,
92284,7,8,1280,1280,0,0,0,0,0,0,25,0,0,0,92,detection,
93739,19,22,1536,1536,0,0,0,0,0,0,7,0,0,0,93,detection,
96406,24,10,1391,1391,0,0,0,0,0,0,18,0,0,0,96,detection,
96415,17,10,1391,1391,0,0,0,0,0,0,14,0,0,0,96,detection,
96436,12,10,1391,1391,0,0,0,0,0,0,26,0,0,0,96,detection,
97484,11,12,1280,1280,0,0,0,0,0,0,25,0,0,0,97,detection,
97683,3,28,1280,1280,0,0,0,0,0,0,11,0,0,0,97,detection,
99906,2,18,1536,1536,0,0,0,0,0,0,21,0,0,0,99,detection,
100638,1,3,1205,1205,0,0,0,0,0,0,16,0,0,0,100,detection,
100733,20,3,1205,1205,0,0,0,0,0,0,22,0,0,0,100,detection,
100760,6,3,1205,1205,0,0,0,0,0,0,11,0,0,0,100,detection,
101554,5,19,1536,1536,0,0,0,0,0,0,19,0,0,0,101,detection,
101555,15,19,1536,1536,0,0,0,0,0,0,8,0,0,0,101,detection,
102159,7,9,1280,1280,0,0,0,0,0,0,39,0,0,0,102,detection,
103677,1,4,1280,1280,0,0,0,0,0,0,13,0,0,0,103,detection,
103818,21,7,1536,1536,0,0,0,0,0,0,18,0,0,0,103,detection,
106842,26,17,1280,1280,0,0,0,0,0,0,13,0,0,0,106,detection,
108990,19,15,1768,1768,0,0,0,0,0,0,12,0,0,0,108,detection,
109681,15,22,1667,1667,0,0,0,0,0,0,15,0,0,0,109,detection,
110594,25,13,1536,1536,0,0,0,0,0,0,15,0,0,0,110,detection,
110595,23,13,1536,1536,0,0,0,0,0,0,22,0,0,0,110,detection,
110599,10,13,1536,1536,0,0,0,0,0,0,24,0,0,0,110,detection,
110641,27,13,1536,1536,0,0,0,0,0,0,24,0,0,0,110,detection,
111675,1,3,1391,1391,0,0,0,0,0,0,20,0,0,0,111,detection,
111760,6,3,1391,1391,0,0,0,0,0,0,12,0,0,0,111,detection,
111815,1,4,1024,1024,0,0,0,0,0,0,14,0,0,0,111,detection,
111862,20,4,1024,1024,0,0,0,0,0,0,14,0,0,0,111,detection,
111884,6,4,1024,1024,0,0,0,0,0,0,11,0,0,0,111,detection,
112894,16,30,1694,1694,0,0,0,0,0,0,36,0,0,0,112,detection,
114366,19,15,1536,1536,0,0,0,0,0,0,17,0,0,0,114,detection,
115240,19,5,1280,1280,0,0,0,0,0,0,13,0,0,0,115,detection,
115431,15,30,2048,2048,0,0,0,0,0,0,13,0,0,0,115,detection,
115687,3,18,1563,1563,0,0,0,0,0,0,14,0,0,0,115,detection,
115740,19,18,1563,1563,0,0,0,0,0,0,11,0,0,0,115,detection,
119031,24,9,1563,1563,0,0,0,0,0,0,18,0,0,0,119,detection,
119032,7,9,1563,1563,0,0,0,0,0,0,45,0,0,0,119,detection,
119367,19,18,1536,1536,0,0,0,0,0,0,17,0,0,0,119,detection,
119431,3,18,1536,1536,0,0,0,0,0,0,24,0,0,0,119,detection,
119593,23,12,1280,1280,0,0,0,0,0,0,24,0,0,0,119,detection,
119610,11,12,1280,1280,0,0,0,0,0,0,28,0,0,0,119,detection,
120886,6,28,1280,1280,0,0,0,0,0,0,21,0,0,0,120,detection,
120955,18,28,1280,1280,0,0,0,0,0,0,29,0,0,0,120,detection,
120990,19,28,1280,1280,0,0,0,0,0,0,17,0,0,0,120,detection,
121717,23,13,1587,1587,0,0,0,0,0,0,22,0,0,0,121,detection,
121785,7,13,1587,1587,0,0,0,0,0,0,32,0,0,0,121,detection,
122076,18,2,1660,1660,0,0,0,0,0,0,34,0,0,0,122,detection,
122079,13,2,1660,1660,0,0,0,0,0,0,28,0,0,0,122,detection,
122093,4,2,1660,1660,0,0,0,0,0,0,27,0,0,0,122,detection,
122097,9,2,1660,1660,0,0,0,0,0,0,27,0,0,0,122,detection,
122105,8,2,1660,1660,0,0,0,0,0,0,26,0,0,0,122,detection,
122114,20,2,1660,1660,0,0,0,0,0,0,18,0,0,0,122,detection,
122141,16,2,1660,1660,0,0,0,0,0,0,36,0,0,0,122,detection,
122153,24,2,1660,1660,0,0,0,0,0,0,26,0,0,0,122,detection,
122161,7,2,1660,1660,0,0,0,0,0,0,31,0,0,0,122,detection,
123981,8,4,1049,1049,0,0,0,0,0,0,23,0,0,0,123,detection,
123985,20,4,1049,1049,0,0,0,0,0,0,17,0,0,0,123,detection,
124007,6,4,1049,1049,0,0,0,0,0,0,19,0,0,0,124,detection,
124660,2,8,1510,1510,0,0,0,0,0,0,21,0,0,0,124,detection,
124664,17,8,1510,1510,0,0,0,0,0,0,24,0,0,0,124,detection,
124712,26,8,1510,1510,0,0,0,0,0,0,17,0,0,0,124,detection,
124717,9,8,1510,1510,0,0,0,0,0,0,26,0,0,0,124,detection,
124737,14,8,1510,1510,0,0,0,0,0,0,20,0,0,0,124,detection,
127052,28,22,1966,1966,0,0,0,0,0,0,28,0,0,0,127,detection,
127057,15,22,1966,1966,0,0,0,0,0,0,26,0,0,0,127,detection,
127491,19,18,1536,1536,0,0,0,0,0,0,20,0,0,0,127,detection,
128186,28,16,1536,1536,0,0,0,0,0,0,21,0,0,0,128,detection,
130056,15,30,1536,1536,0,0,0,0,0,0,20,0,0,0,130,detection,
130407,1,6,1071,1071,0,0,0,0,0,0,9,0,0,0,130,detection,
130435,3,6,1071,1071,0,0,0,0,0,0,19,0,0,0,130,detection,
131030,24,23,1792,1792,0,0,0,0,0,0,18,0,0,0,131,detection,
133098,10,9,1583,1583,0,0,0,0,0,0,25,0,0,0,133,detection,
135368,11,10,1536,1536,0,0,0,0,0,0,18,0,0,0,135,detection,
135402,24,10,1536,1536,0,0,0,0,0,0,21,0,0,0,135,detection,
135410,7,10,1536,1536,0,0,0,0,0,0,27,0,0,0,135,detection,
135410,17,10,1536,1536,0,0,0,0,0,0,28,0,0,0,135,detection,
135462,4,10,1536,1536,0,0,0,0,0,0,26,0,0,0,135,detection,
135466,9,10,1536,1536,0,0,0,0,0,0,24,0,0,0,135,detection,
135474,23,10,1536,1536,0,0,0,0,0,0,26,0,0,0,135,detection,
136455,13,22,2102,2102,0,0,0,0,0,0,39,0,0,0,136,detection,
136472,23,22,2102,2102,0,0,0,0,0,0,41,0,0,0,136,detection,
136490,11,22,2102,2102,0,0,0,0,0,0,37,0,0,0,136,detection,
136558,12,22,2102,2102,0,0,0,0,0,0,29,0,0,0,136,detection,
137179,22,27,1792,1792,0,0,0,0,0,0,28,0,0,0,137,detection,
137316,21,7,1792,1792,0,0,0,0,0,0,27,0,0,0,137,detection,
137592,4,29,1536,1536,0,0,0,0,0,0,26,0,0,0,137,detection,
138715,23,13,1792,1792,0,0,0,0,0,0,33,0,0,0,138,detection,
138763,27,13,1792,1792,0,0,0,0,0,0,32,0,0,0,138,detection,
138779,7,13,1792,1792,0,0,0,0,0,0,36,0,0,0,138,detection,
138801,22,13,1792,1792,0,0,0,0,0,0,33,0,0,0,138,detection,
138805,12,13,1792,1792,0,0,0,0,0,0,27,0,0,0,138,detection,
138864,19,16,1536,1536,0,0,0,0,0,0,19,0,0,0,138,detection,
138907,2,16,1536,1536,0,0,0,0,0,0,26,0,0,0,138,detection,
138924,28,16,1536,1536,0,0,0,0,0,0,25,0,0,0,138,detection,
138971,9,16,1536,1536,0,0,0,0,0,0,35,0,0,0,138,detection,
139079,13,22,1792,1792,0,0,0,0,0,0,41,0,0,0,139,detection,
139096,23,22,1792,1792,0,0,0,0,0,0,46,0,0,0,139,detection,
139113,11,22,1792,1792,0,0,0,0,0,0,39,0,0,0,139,detection,
140241,11,15,1305,1305,0,0,0,0,0,0,24,0,0,0,140,detection,
140508,6,14,1069,1069,0,0,0,0,0,0,22,0,0,0,140,detection,
140554,5,14,1069,1069,0,0,0,0,0,0,30,0,0,0,140,detection,
141031,2,18,1536,1536,0,0,0,0,0,0,28,0,0,0,141,detection,
142160,1,9,1625,1625,0,0,0,0,0,0,7,0,0,0,142,detection,
142237,14,9,1625,1625,0,0,0,0,0,0,27,0,0,0,142,detection,
142846,23,10,1536,1536,0,0,0,0,0,0,31,0,0,0,142,detection,
142900,24,10,1536,1536,0,0,0,0,0,0,21,0,0,0,142,detection,
142909,7,10,1536,1536,0,0,0,0,0,0,27,0,0,0,142,detection,
142955,13,23,2048,2048,0,0,0,0,0,0,26,0,0,0,142,detection,
142981,10,23,2048,2048,0,0,0,0,0,0,20,0,0,0,142,detection,
143028,24,23,2048,2048,0,0,0,0,0,0,22,0,0,0,143,detection,
143404,24,20,1135,1135,0,0,0,0,0,0,28,0,0,0,143,detection,
145215,23,13,1792,1792,0,0,0,0,0,0,34,0,0,0,145,detection,
145215,4,13,1792,1792,0,0,0,0,0,0,27,0,0,0,145,detection,
145532,24,22,1792,1792,0,0,0,0,0,0,26,0,0,0,145,detection,
145593,23,22,1792,1792,0,0,0,0,0,0,46,0,0,0,145,detection,
145821,18,2,1404,1404,0,0,0,0,0,0,36,0,0,0,145,detection,
145843,9,2,1404,1404,0,0,0,0,0,0,30,0,0,0,145,detection,
145851,10,2,1404,1404,0,0,0,0,0,0,31,0,0,0,145,detection,
147537,17,21,1391,1391,0,0,0,0,0,0,19,0,0,0,147,detection,
147807,15,30,1561,1561,0,0,0,0,0,0,21,0,0,0,147,detection,
147843,26,8,1561,1561,0,0,0,0,0,0,29,0,0,0,147,detection,
147844,9,8,1561,1561,0,0,0,0,0,0,32,0,0,0,147,detection,
147848,25,8,1561,1561,0,0,0,0,0,0,19,0,0,0,147,detection,
147857,14,8,1561,1561,0,0,0,0,0,0,24,0,0,0,147,detection,
148661,2,24,764,764,0,0,0,0,0,0,22,0,0,0,148,detection,
148686,3,24,764,764,0,0,0,0,0,0,21,0,0,0,148,detection,
151343,9,10,1276,1276,0,0,0,0,0,0,28,0,0,0,151,detection,
151344,23,10,1276,1276,0,0,0,0,0,0,36,0,0,0,151,detection,
151394,16,10,1276,1276,0,0,0,0,0,0,32,0,0,0,151,detection,
151849,10,2,1276,1276,0,0,0,0,0,0,36,0,0,0,151,detection,
153161,7,3,1391,1391,0,0,0,0,0,0,38,0,0,0,153,detection,
154203,13,22,1276,1276,0,0,0,0,0,0,46,0,0,0,154,detection,
155965,4,13,1788,1788,0,0,0,0,0,0,29,0,0,0,155,detection,
156712,26,8,1581,1581,0,0,0,0,0,0,33,0,0,0,156,detection,
156716,9,8,1581,1581,0,0,0,0,0,0,37,0,0,0,156,detection,
156720,25,8,1581,1581,0,0,0,0,0,0,23,0,0,0,156,detection,
156733,14,8,1581,1581,0,0,0,0,0,0,27,0,0,0,156,detection,
158435,15,11,1536,1536,0,0,0,0,0,0,21,0,0,0,158,detection,
159062,12,4,1274,1274,0,0,0,0,0,0,21,0,0,0,159,detection,
159778,24,22,1020,1020,0,0,0,0,0,0,31,0,0,0,159,detection,
159830,13,22,1020,1020,0,0,0,0,0,0,49,0,0,0,159,detection,
160394,1,9,1581,1581,0,0,0,0,0,0,10,0,0,0,160,detection,
160479,8,9,1581,1581,0,0,0,0,0,0,38,0,0,0,160,detection,
164242,19,16,1536,1536,0,0,0,0,0,0,30,0,0,0,164,detection,
164282,2,16,1536,1536,0,0,0,0,0,0,27,0,0,0,164,detection,
164847,25,8,1325,1325,0,0,0,0,0,0,26,0,0,0,164,detection,
164860,14,8,1325,1325,0,0,0,0,0,0,30,0,0,0,164,detection,
165304,15,11,1792,1792,0,0,0,0,0,0,24,0,0,0,165,detection,
166303,28,12,1660,1660,0,0,0,0,0,0,24,0,0,0,166,detection,
166366,11,12,1660,1660,0,0,0,0,0,0,37,0,0,0,166,detection,
167181,15,30,1561,1561,0,0,0,0,0,0,26,0,0,0,167,detection,
168018,16,10,1557,1557,0,0,0,0,0,0,37,0,0,0,168,detection,
168090,9,10,1557,1557,0,0,0,0,0,0,36,0,0,0,168,detection,
168243,19,23,1903,1903,0,0,0,0,0,0,27,0,0,0,168,detection,
168506,1,9,1792,1792,0,0,0,0,0,0,13,0,0,0,168,detection,
168601,8,9,1792,1792,0,0,0,0,0,0,40,0,0,0,168,detection,
168986,11,15,1532,1532,0,0,0,0,0,0,26,0,0,0,168,detection,
171019,16,2,1480,1480,0,0,0,0,0,0,40,0,0,0,171,detection,
171350,23,19,1736,1736,0,0,0,0,0,0,33,0,0,0,171,detection,
173318,1,9,1792,1792,0,0,0,0,0,0,12,0,0,0,173,detection,
173354,8,9,1792,1792,0,0,0,0,0,0,38,0,0,0,173,detection,
174705,13,22,1250,1250,0,0,0,0,0,0,44,0,0,0,174,detection,
175079,18,13,1792,1792,0,0,0,0,0,0,31,0,0,0,175,detection,
175089,4,13,1792,1792,0,0,0,0,0,0,32,0,0,0,175,detection,
175736,11,12,1786,1786,0,0,0,0,0,0,37,0,0,0,175,detection,
176081,13,3,1276,1276,0,0,0,0,0,0,32,0,0,0,176,detection,
176239,20,7,1532,1532,0,0,0,0,0,0,21,0,0,0,176,detection,
176583,1,9,1916,1916,0,0,0,0,0,0,16,0,0,0,176,detection,
176695,12,28,1325,1325,0,0,0,0,0,0,26,0,0,0,176,detection,
179824,1,10,1557,1557,0,0,0,0,0,0,6,0,0,0,179,detection,
179843,9,10,1557,1557,0,0,0,0,0,0,39,0,0,0,179,detection,
179928,5,10,1557,1557,0,0,0,0,0,0,25,0,0,0,179,detection,
181015,16,2,1647,1647,0,0,0,0,0,0,43,0,0,0,181,detection,
182551,28,12,1792,1792,0,0,0,0,0,0,27,0,0,0,182,detection,
183175,17,21,1762,1762,0,0,0,0,0,0,31,0,0,0,183,detection,
184699,18,13,1788,1788,0,0,0,0,0,0,33,0,0,0,184,detection,
184712,4,13,1788,1788,0,0,0,0,0,0,35,0,0,0,184,detection,
185942,1,9,2005,2005,0,0,0,0,0,0,19,0,0,0,185,detection,
185970,25,9,2005,2005,0,0,0,0,0,0,34,0,0,0,185,detection,
185978,10,9,2005,2005,0,0,0,0,0,0,38,0,0,0,185,detection,
186236,11,15,1792,1792,0,0,0,0,0,0,31,0,0,0,186,detection,
189423,28,12,1792,1792,0,0,0,0,0,0,26,0,0,0,189,detection,
189595,23,19,1788,1788,0,0,0,0,0,0,36,0,0,0,189,detection,
190963,1,9,1988,1988,0,0,0,0,0,0,20,0,0,0,190,detection,
190974,10,9,1988,1988,0,0,0,0,0,0,35,0,0,0,190,detection,
190978,8,9,1988,1988,0,0,0,0,0,0,37,0,0,0,190,detection,
190985,20,9,1988,1988,0,0,0,0,0,0,32,0,0,0,190,detection,
191308,15,13,1788,1788,0,0,0,0,0,0,19,0,0,0,191,detection,
192295,1,20,1792,1792,0,0,0,0,0,0,8,0,0,0,192,detection,
193114,11,15,1792,1792,0,0,0,0,0,0,32,0,0,0,193,detection,
195720,23,19,1788,1788,0,0,0,0,0,0,35,0,0,0,195,detection,
196087,4,13,1903,1903,0,0,0,0,0,0,40,0,0,0,196,detection,
196112,14,13,1903,1903,0,0,0,0,0,0,27,0,0,0,196,detection,
196270,27,25,1581,1581,0,0,0,0,0,0,28,0,0,0,196,detection,
198223,23,2,1792,1792,0,0,0,0,0,0,34,0,0,0,198,detection,
198995,19,22,1352,1352,0,0,0,0,0,0,33,0,0,0,198,detection,
202910,17,21,1903,1903,0,0,0,0,0,0,35,0,0,0,202,detection,
202985,20,9,1988,1988,0,0,0,0,0,0,31,0,0,0,202,detection,
203032,24,9,1988,1988,0,0,0,0,0,0,26,0,0,0,203,detection,
203057,15,11,2073,2073,0,0,0,0,0,0,34,0,0,0,203,detection,
204068,1,20,1903,1903,0,0,0,0,0,0,12,0,0,0,204,detection,
207109,1,10,1837,1837,0,0,0,0,0,0,10,0,0,0,207,detection,
210178,28,24,1532,1532,0,0,0,0,0,0,29,0,0,0,210,detection,
210221,9,24,1532,1532,0,0,0,0,0,0,33,0,0,0,210,detection,
211556,12,28,1583,1583,0,0,0,0,0,0,32,0,0,0,211,detection,
212239,11,15,1847,1847,0,0,0,0,0,0,40,0,0,0,212,detection,
217953,18,16,1647,1647,0,0,0,0,0,0,36,0,0,0,217,detection,
218592,26,25,2018,2018,0,0,0,0,0,0,33,0,0,0,218,detection,
220229,23,19,1864,1864,0,0,0,0,0,0,38,0,0,0,220,detection,
221235,8,29,1612,1903,-291,13,71,100,47,11,30,0,73,55,221,detection,
222509,1,10,2022,2022,0,0,0,0,0,0,12,0,0,0,222,detection,
223967,26,21,1669,1669,0,0,0,0,0,0,27,0,0,0,223,detection,
224027,1,20,2022,2022,0,0,0,0,0,0,16,0,0,0,224,detection,
225556,3,18,1583,1583,0,0,0,0,0,0,39,0,0,0,225,detection,
227609,14,9,1889,1889,0,0,0,0,0,0,33,0,0,0,227,detection,
228075,18,16,1864,1864,0,0,0,0,0,0,39,0,0,0,228,detection,
231175,22,28,1583,1583,0,0,0,0,0,0,28,0,0,0,231,detection,
231786,7,2,1979,1979,0,0,0,0,0,0,54,0,0,0,231,detection,
231843,23,2,1979,1979,0,0,0,0,0,0,54,0,0,0,231,detection,
231873,20,2,1979,1979,0,0,0,0,0,0,50,0,0,0,231,detection,
232350,25,4,1792,1792,0,0,0,0,0,0,23,0,0,0,232,detection,
233691,15,11,2304,2304,0,0,0,0,0,0,41,0,0,0,233,detection,
234146,16,14,1717,1717,0,0,0,0,0,0,28,0,0,0,234,detection,
234602,10,23,1792,1792,0,0,0,0,0,0,36,0,0,0,234,detection,
234636,6,23,1792,1792,0,0,0,0,0,0,27,0,0,0,234,detection,
236723,1,20,2022,2022,0,0,0,0,0,0,12,0,0,0,236,detection,
237772,16,3,2022,2022,0,0,0,0,0,0,28,0,0,0,237,detection,
238991,11,5,2044,2044,0,0,0,0,0,0,28,0,0,0,238,detection,
238992,19,5,2044,2044,0,0,0,0,0,0,37,0,0,0,238,detection,
240248,1,10,2048,2048,0,0,0,0,0,0,16,0,0,0,240,detection,
240674,22,28,1915,1915,0,0,0,0,0,0,32,0,0,0,240,detection,
241018,16,14,1837,1837,0,0,0,0,0,0,32,0,0,0,241,detection,
242470,9,3,2098,2098,0,0,0,0,0,0,37,0,0,0,242,detection,
243493,11,19,2048,2048,0,0,0,0,0,0,28,0,0,0,243,detection,
243860,14,9,1889,1889,0,0,0,0,0,0,34,0,0,0,243,detection,
243937,3,9,1889,1889,0,0,0,0,0,0,33,0,0,0,243,detection,
243954,18,9,1889,1889,0,0,0,0,0,0,31,0,0,0,243,detection,
243966,4,9,1889,1889,0,0,0,0,0,0,30,0,0,0,243,detection,
243975,25,9,1889,1889,0,0,0,0,0,0,39,0,0,0,243,detection,
245666,17,7,1903,1903,0,0,0,0,0,0,32,0,0,0,245,detection,
245738,20,7,1903,1903,0,0,0,0,0,0,30,0,0,0,245,detection,
247265,16,14,1837,1837,0,0,0,0,0,0,32,0,0,0,247,detection,
249029,2,18,1583,1583,0,0,0,0,0,0,37,0,0,0,249,detection,
249059,15,18,1583,1583,0,0,0,0,0,0,27,0,0,0,249,detection,
249072,3,18,1583,1583,0,0,0,0,0,0,40,0,0,0,249,detection,
249809,15,19,2048,2048,0,0,0,0,0,0,32,0,0,0,249,detection,
249988,14,2,2048,2048,0,0,0,0,0,0,32,0,0,0,249,detection,
251988,11,12,2044,2044,0,0,0,0,0,0,44,0,0,0,251,detection,
252433,12,4,2048,2048,0,0,0,0,0,0,32,0,0,0,252,detection,
252479,10,4,2048,2048,0,0,0,0,0,0,34,0,0,0,252,detection,
252857,1,10,2048,2048,0,0,0,0,0,0,16,0,0,0,252,detection,
252933,12,10,2048,2048,0,0,0,0,0,0,35,0,0,0,252,detection,
254041,2,18,1762,1762,0,0,0,0,0,0,40,0,0,0,254,detection,
254058,15,18,1762,1762,0,0,0,0,0,0,31,0,0,0,254,detection,
254068,3,18,1762,1762,0,0,0,0,0,0,43,0,0,0,254,detection,
259143,16,2,2274,2274,0,0,0,0,0,0,46,0,0,0,259,detection,
262072,3,13,2091,2091,0,0,0,0,0,0,34,0,0,0,262,detection,
265178,28,4,2048,2048,0,0,0,0,0,0,24,0,0,0,265,detection,
265892,16,14,2044,2044,0,0,0,0,0,0,36,0,0,0,265,detection,
266036,7,14,2044,2044,0,0,0,0,0,0,28,0,0,0,266,detection,
266406,7,2,2274,2274,0,0,0,0,0,0,54,0,0,0,266,detection,
266765,16,3,2330,2330,0,0,0,0,0,0,47,0,0,0,266,detection,
266782,2,3,2330,2330,0,0,0,0,0,0,39,0,0,0,266,detection,
266786,7,3,2330,2330,0,0,0,0,0,0,44,0,0,0,266,detection,
266829,18,3,2330,2330,0,0,0,0,0,0,51,0,0,0,266,detection,
266833,13,3,2330,2330,0,0,0,0,0,0,52,0,0,0,266,detection,
266842,9,3,2330,2330,0,0,0,0,0,0,35,0,0,0,266,detection,
267511,6,28,2204,2204,0,0,0,0,0,0,43,0,0,0,267,detection,
270829,13,16,2630,2630,0,0,0,0,0,0,40,0,0,0,270,detection,
273784,7,9,1889,1889,0,0,0,0,0,0,47,0,0,0,273,detection,
273784,2,9,1889,1889,0,0,0,0,0,0,28,0,0,0,273,detection,
273836,4,9,1889,1889,0,0,0,0,0,0,30,0,0,0,273,detection,
273853,8,9,1889,1889,0,0,0,0,0,0,45,0,0,0,273,detection,
275894,16,14,2181,2181,0,0,0,0,0,0,40,0,0,0,275,detection,
275907,7,14,2181,2181,0,0,0,0,0,0,32,0,0,0,275,detection,
275927,5,14,2181,2181,0,0,0,0,0,0,37,0,0,0,275,detection,
278008,6,4,2048,2048,0,0,0,0,0,0,39,0,0,0,278,detection,
278051,28,4,2048,2048,0,0,0,0,0,0,24,0,0,0,278,detection,
278362,20,6,2534,2534,0,0,0,0,0,0,31,0,0,0,278,detection,
279093,26,7,2304,2304,0,0,0,0,0,0,23,0,0,0,279,detection,
279473,23,10,2048,2048,0,0,0,0,0,0,40,0,0,0,279,detection,
281678,22,27,2198,2198,0,0,0,0,0,0,32,0,0,0,281,detection,
282850,8,4,2304,2304,0,0,0,0,0,0,35,0,0,0,282,detection,
282923,28,4,2304,2304,0,0,0,0,0,0,30,0,0,0,282,detection,
284433,15,5,2274,2274,0,0,0,0,0,0,38,0,0,0,284,detection,
285367,19,23,2022,2022,0,0,0,0,0,0,32,0,0,0,285,detection,
286362,14,10,2252,2252,0,0,0,0,0,0,33,0,0,0,286,detection,
286406,24,10,2252,2252,0,0,0,0,0,0,32,0,0,0,286,detection,
287094,9,8,1868,1868,0,0,0,0,0,0,44,0,0,0,287,detection,
287161,7,8,1868,1868,0,0,0,0,0,0,39,0,0,0,287,detection,
287162,2,8,1868,1868,0,0,0,0,0,0,35,0,0,0,287,detection,
288204,13,3,2103,2103,0,0,0,0,0,0,44,0,0,0,288,detection,
288428,22,19,2401,2401,0,0,0,0,0,0,32,0,0,0,288,detection,
288471,23,19,2401,2401,0,0,0,0,0,0,41,0,0,0,288,detection,
289768,16,14,2181,2181,0,0,0,0,0,0,40,0,0,0,289,detection,
290434,12,22,1954,1954,0,0,0,0,0,0,38,0,0,0,290,detection,
290473,23,22,1954,1954,0,0,0,0,0,0,47,0,0,0,290,detection,
293229,10,13,2427,2427,0,0,0,0,0,0,36,0,0,0,293,detection,
293234,14,13,2427,2427,0,0,0,0,0,0,36,0,0,0,293,detection,
293311,15,13,2427,2427,0,0,0,0,0,0,32,0,0,0,293,detection,
294033,2,16,2781,2781,0,0,0,0,0,0,54,0,0,0,294,detection,
294054,5,16,2781,2781,0,0,0,0,0,0,37,0,0,0,294,detection,
294080,13,16,2781,2781,0,0,0,0,0,0,41,0,0,0,294,detection,
295069,21,8,1868,1868,0,0,0,0,0,0,33,0,0,0,295,detection,
295089,9,8,1868,1868,0,0,0,0,0,0,40,0,0,0,295,detection,
295158,7,8,1868,1868,0,0,0,0,0,0,36,0,0,0,295,detection,
295158,2,8,1868,1868,0,0,0,0,0,0,37,0,0,0,295,detection,
296494,19,18,2376,2376,0,0,0,0,0,0,43,0,0,0,296,detection,
297233,20,2,2380,2380,0,0,0,0,0,0,51,0,0,0,297,detection,
297234,14,2,2380,2380,0,0,0,0,0,0,36,0,0,0,297,detection,
297264,16,2,2380,2380,0,0,0,0,0,0,50,0,0,0,297,detection,
297284,7,2,2380,2380,0,0,0,0,0,0,55,0,0,0,297,detection,
297333,13,2,2380,2380,0,0,0,0,0,0,38,0,0,0,297,detection,
297349,10,2,2380,2380,0,0,0,0,0,0,44,0,0,0,297,detection,
298329,13,16,2437,2437,0,0,0,0,0,0,49,0,0,0,298,detection,
300703,13,2,2380,2380,0,0,0,0,0,0,38,0,0,0,300,detection,
300723,10,2,2380,2380,0,0,0,0,0,0,43,0,0,0,300,detection,
301934,12,19,2401,2401,0,0,0,0,0,0,28,0,0,0,301,detection,
303681,22,16,2437,2437,0,0,0,0,0,0,39,0,0,0,303,detection,
307930,15,11,2556,2556,0,0,0,0,0,0,47,0,0,0,307,detection,
312216,26,25,2816,2816,0,0,0,0,0,0,38,0,0,0,312,detection,
313243,11,15,2380,2380,0,0,0,0,0,0,43,0,0,0,313,detection,
318089,26,25,2364,2364,0,0,0,0,0,0,40,0,0,0,318,detection,
320513,6,20,2047,2047,0,0,0,0,0,0,32,0,0,0,320,detection,
320618,11,16,1852,1852,0,0,0,0,0,0,28,0,0,0,320,detection,
320644,27,16,1852,1852,0,0,0,0,0,0,29,0,0,0,320,detection,
320694,12,16,1852,1852,0,0,0,0,0,0,29,0,0,0,320,detection,
321718,23,10,1826,1826,0,0,0,0,0,0,43,0,0,0,321,detection,
321778,24,10,1826,1826,0,0,0,0,0,0,38,0,0,0,321,detection,
322112,20,4,2380,2380,0,0,0,0,0,0,36,0,0,0,322,detection,
322134,6,4,2380,2380,0,0,0,0,0,0,43,0,0,0,322,detection,
323716,26,8,2305,2305,0,0,0,0,0,0,41,0,0,0,323,detection,
323724,25,8,2305,2305,0,0,0,0,0,0,42,0,0,0,323,detection,
323738,11,15,2380,2380,0,0,0,0,0,0,39,0,0,0,323,detection,
323743,14,8,2305,2305,0,0,0,0,0,0,43,0,0,0,323,detection,
325200,18,2,2559,2559,0,0,0,0,0,0,40,0,0,0,325,detection,
325217,9,2,2559,2559,0,0,0,0,0,0,37,0,0,0,325,detection,
325302,28,2,2559,2559,0,0,0,0,0,0,33,0,0,0,325,detection,
327702,18,13,2615,2615,0,0,0,0,0,0,35,0,0,0,327,detection,
328862,14,23,2229,2229,0,0,0,0,0,0,28,0,0,0,328,detection,
328967,1,20,2047,2047,0,0,0,0,0,0,15,0,0,0,328,detection,
330290,17,21,2607,2607,0,0,0,0,0,0,44,0,0,0,330,detection,
330721,25,4,2380,2380,0,0,0,0,0,0,32,0,0,0,330,detection,
330729,10,4,2380,2380,0,0,0,0,0,0,38,0,0,0,330,detection,
330732,8,4,2380,2380,0,0,0,0,0,0,37,0,0,0,330,detection,
331367,19,28,2628,2628,0,0,0,0,0,0,38,0,0,0,331,detection,
331674,28,2,2559,2559,0,0,0,0,0,0,32,0,0,0,331,detection,
331678,22,2,2559,2559,0,0,0,0,0,0,33,0,0,0,331,detection,
331700,18,2,2559,2559,0,0,0,0,0,0,39,0,0,0,331,detection,
331733,20,2,2559,2559,0,0,0,0,0,0,54,0,0,0,331,detection,
336333,1,20,2364,2364,0,0,0,0,0,0,19,0,0,0,336,detection,
336903,1,3,2274,2274,0,0,0,0,0,0,18,0,0,0,336,detection,
336908,7,3,2274,2274,0,0,0,0,0,0,49,0,0,0,336,detection,
337366,11,23,1892,1892,0,0,0,0,0,0,29,0,0,0,337,detection,
337384,6,23,1892,1892,0,0,0,0,0,0,36,0,0,0,337,detection,
337966,26,7,2484,2484,0,0,0,0,0,0,24,0,0,0,337,detection,
338225,25,10,1866,1866,0,0,0,0,0,0,32,0,0,0,338,detection,
341115,11,16,2404,2404,0,0,0,0,0,0,32,0,0,0,341,detection,
341118,19,16,2404,2404,0,0,0,0,0,0,37,0,0,0,341,detection,
345781,24,4,2332,2332,0,0,0,0,0,0,28,0,0,0,345,detection,
345811,12,4,2332,2332,0,0,0,0,0,0,36,0,0,0,345,detection,
347799,28,19,2534,2534,0,0,0,0,0,0,25,0,0,0,347,detection,
350678,22,13,2693,2693,0,0,0,0,0,0,36,0,0,0,350,detection,
350700,18,13,2693,2693,0,0,0,0,0,0,38,0,0,0,350,detection,
354199,18,9,2581,2581,0,0,0,0,0,0,46,0,0,0,354,detection,
354205,13,9,2581,2581,0,0,0,0,0,0,41,0,0,0,354,detection,
357082,21,26,2069,2069,0,0,0,0,0,0,33,0,0,0,357,detection,
359233,14,10,1945,1945,0,0,0,0,0,0,37,0,0,0,359,detection,
359234,8,10,1945,1945,0,0,0,0,0,0,32,0,0,0,359,detection,
359242,11,10,1945,1945,0,0,0,0,0,0,32,0,0,0,359,detection,
359267,27,10,1945,1945,0,0,0,0,0,0,28,0,0,0,359,detection,
363383,6,23,1892,1892,0,0,0,0,0,0,35,0,0,0,363,detection,
367489,11,19,2560,2560,0,0,0,0,0,0,32,0,0,0,367,detection,
370111,11,10,1932,1932,0,0,0,0,0,0,32,0,0,0,370,detection,
370113,14,10,1932,1932,0,0,0,0,0,0,36,0,0,0,370,detection,
370206,13,3,2364,2364,0,0,0,0,0,0,49,0,0,0,370,detection,
371234,14,8,2404,2404,0,0,0,0,0,0,46,0,0,0,371,detection,
371280,7,8,2404,2404,0,0,0,0,0,0,40,0,0,0,371,detection,
373034,2,18,3071,3071,0,0,0,0,0,0,45,0,0,0,373,detection,
373115,14,11,2188,2188,0,0,0,0,0,0,33,0,0,0,373,detection,
375522,16,30,1913,1813,100,0,21,70,14,0,42,0,72,55,375,detection,
375930,22,12,2470,2470,0,0,0,0,0,0,43,0,0,0,375,detection,
377902,24,20,2188,2188,0,0,0,0,0,0,46,0,0,0,377,detection,
378722,9,24,2882,2882,0,0,0,0,0,0,40,0,0,0,378,detection,
386092,9,8,2404,2404,0,0,0,0,0,0,44,0,0,0,386,detection,
386096,25,8,2404,2404,0,0,0,0,0,0,44,0,0,0,386,detection,
388260,6,14,2700,2700,0,0,0,0,0,0,36,0,0,0,388,detection,
388280,24,2,2976,2976,0,0,0,0,0,0,48,0,0,0,388,detection,
388716,4,9,2700,2700,0,0,0,0,0,0,35,0,0,0,388,detection,
388737,20,9,2700,2700,0,0,0,0,0,0,40,0,0,0,388,detection,
390430,12,22,2982,2982,0,0,0,0,0,0,43,0,0,0,390,detection,
390459,13,22,2982,2982,0,0,0,0,0,0,49,0,0,0,390,detection,
391369,1,10,2474,2474,0,0,0,0,0,0,27,0,0,0,391,detection,
391395,16,10,2474,2474,0,0,0,0,0,0,49,0,0,0,391,detection,
393550,5,16,768,768,0,0,0,0,0,0,42,0,0,0,393,detection,
395349,1,10,2436,2436,0,0,0,0,0,0,25,0,0,0,395,detection,
395430,12,4,2969,2969,0,0,0,0,0,0,40,0,0,0,395,detection,
398259,6,14,2700,2700,0,0,0,0,0,0,39,0,0,0,398,detection,
399578,13,22,2726,2726,0,0,0,0,0,0,50,0,0,0,399,detection,
399651,24,22,2726,2726,0,0,0,0,0,0,45,0,0,0,399,detection,
399680,12,22,2726,2726,0,0,0,0,0,0,48,0,0,0,399,detection,
399685,15,22,2726,2726,0,0,0,0,0,0,51,0,0,0,399,detection,
400069,21,25,2378,2378,0,0,0,0,0,0,28,0,0,0,400,detection,
400348,25,4,2700,2700,0,0,0,0,0,0,36,0,0,0,400,detection,
400856,10,30,1953,1792,161,0,37,70,25,0,33,0,72,55,400,detection,
403406,7,2,2913,2913,0,0,0,0,0,0,57,0,0,0,403,detection,
403449,18,2,2913,2913,0,0,0,0,0,0,43,0,0,0,403,detection,
403466,9,2,2913,2913,0,0,0,0,0,0,40,0,0,0,403,detection,
405690,21,18,3093,3093,0,0,0,0,0,0,28,0,0,0,405,detection,
407102,10,30,1973,2429,-456,0,96,100,87,9,42,0,66,55,407,detection,
408691,21,25,2616,2616,0,0,0,0,0,0,33,0,0,0,408,detection,
410563,1,10,1024,1024,0,0,0,0,0,0,29,0,0,0,410,detection,
412954,13,3,2603,2603,0,0,0,0,0,0,53,0,0,0,412,detection,
413423,22,13,3093,3093,0,0,0,0,0,0,38,0,0,0,413,detection,
413805,12,22,2726,2726,0,0,0,0,0,0,52,0,0,0,413,detection,
413805,15,22,2726,2726,0,0,0,0,0,0,55,0,0,0,413,detection,
413815,21,7,3093,3093,0,0,0,0,0,0,43,0,0,0,413,detection,
413827,13,22,2726,2726,0,0,0,0,0,0,52,0,0,0,413,detection,
413847,23,22,2726,2726,0,0,0,0,0,0,50,0,0,0,413,detection,
418051,28,12,2913,2913,0,0,0,0,0,0,38,0,0,0,418,detection,
420715,1,10,1024,1024,0,0,0,0,0,0,28,0,0,0,420,detection,
420931,12,13,3093,3093,0,0,0,0,0,0,36,0,0,0,420,detection,
425310,12,28,3433,3433,0,0,0,0,0,0,46,0,0,0,425,detection,
427184,15,18,3114,3114,0,0,0,0,0,0,36,0,0,0,427,detection,
427282,2,18,3114,3114,0,0,0,0,0,0,48,0,0,0,427,detection,
428091,26,8,2657,2657,0,0,0,0,0,0,42,0,0,0,428,detection,
428159,7,8,2657,2657,0,0,0,0,0,0,44,0,0,0,428,detection,
428163,17,8,2657,2657,0,0,0,0,0,0,36,0,0,0,428,detection,
428363,14,2,3461,3461,0,0,0,0,0,0,38,0,0,0,428,detection,
429327,13,3,3038,3038,0,0,0,0,0,0,50,0,0,0,429,detection,
429336,18,3,3038,3038,0,0,0,0,0,0,47,0,0,0,429,detection,
429786,7,4,3093,3093,0,0,0,0,0,0,28,0,0,0,429,detection,
431408,1,10,1792,1792,0,0,0,0,0,0,31,0,0,0,431,detection,
432234,20,6,2920,2920,0,0,0,0,0,0,37,0,0,0,432,detection,
432724,25,9,3093,3093,0,0,0,0,0,0,45,0,0,0,432,detection,
433181,12,13,3302,3302,0,0,0,0,0,0,41,0,0,0,433,detection,
433263,27,13,3302,3302,0,0,0,0,0,0,41,0,0,0,433,detection,
434227,10,30,2053,2304,-251,0,52,100,28,9,43,0,70,55,434,detection,
434231,8,30,2053,2304,-251,0,59,91,39,11,33,0,75,55,434,detection,
434937,3,18,3114,3114,0,0,0,0,0,0,46,0,0,0,434,detection,
434990,19,18,3114,3114,0,0,0,0,0,0,46,0,0,0,434,detection,
435146,16,8,2657,2657,0,0,0,0,0,0,33,0,0,0,435,detection,
435807,3,4,3093,3093,0,0,0,0,0,0,38,0,0,0,435,detection,
436926,28,23,2996,2996,0,0,0,0,0,0,29,0,0,0,436,detection,
436935,12,23,2996,2996,0,0,0,0,0,0,29,0,0,0,436,detection,
437183,28,12,3093,3093,0,0,0,0,0,0,41,0,0,0,437,detection,
438077,13,28,3433,3433,0,0,0,0,0,0,38,0,0,0,438,detection,
438180,15,22,2726,2726,0,0,0,0,0,0,56,0,0,0,438,detection,
438218,23,22,2726,2726,0,0,0,0,0,0,52,0,0,0,438,detection,
438680,1,24,2816,2816,0,0,0,0,0,0,9,0,0,0,438,detection,
440176,22,9,3108,3108,0,0,0,0,0,0,39,0,0,0,440,detection,
440219,25,9,3108,3108,0,0,0,0,0,0,56,0,0,0,440,detection,
440283,2,9,3108,3108,0,0,0,0,0,0,47,0,0,0,440,detection,
440954,1,10,2565,2565,0,0,0,0,0,0,34,0,0,0,440,detection,
441031,24,10,2565,2565,0,0,0,0,0,0,42,0,0,0,441,detection,
444519,16,14,3128,3128,0,0,0,0,0,0,40,0,0,0,444,detection,
444808,15,30,2073,2803,-730,0,100,100,82,0,66,0,48,40,444,detection,
445481,1,10,2700,2700,0,0,0,0,0,0,34,0,0,0,445,detection,
445528,24,10,2700,2700,0,0,0,0,0,0,42,0,0,0,445,detection,
446973,25,9,3108,3108,0,0,0,0,0,0,55,0,0,0,446,detection,
446989,14,9,3108,3108,0,0,0,0,0,0,60,0,0,0,446,detection,
447703,13,3,2978,2978,0,0,0,0,0,0,44,0,0,0,447,detection,
450101,8,4,3169,3169,0,0,0,0,0,0,37,0,0,0,450,detection,
450430,12,13,3250,3250,0,0,0,0,0,0,41,0,0,0,450,detection,
450558,15,30,2093,2906,-813,0,100,100,9,0,63,0,48,40,450,detection,
451040,17,16,1135,1135,0,0,0,0,0,0,31,0,0,0,451,detection,
451085,21,16,1135,1135,0,0,0,0,0,0,30,0,0,0,451,detection,
451096,9,16,1135,1135,0,0,0,0,0,0,40,0,0,0,451,detection,
452675,28,12,3137,3137,0,0,0,0,0,0,44,0,0,0,452,detection,
453972,25,9,1647,1647,0,0,0,0,0,0,59,0,0,0,453,detection,
453984,20,9,1647,1647,0,0,0,0,0,0,42,0,0,0,453,detection,
454841,26,17,1647,1647,0,0,0,0,0,0,34,0,0,0,454,detection,
457792,17,10,2159,2159,0,0,0,0,0,0,39,0,0,0,457,detection,
457848,23,10,2159,2159,0,0,0,0,0,0,43,0,0,0,457,detection,
457855,8,10,2159,2159,0,0,0,0,0,0,36,0,0,0,457,detection,
457904,24,10,2159,2159,0,0,0,0,0,0,45,0,0,0,457,detection,
457911,7,10,2159,2159,0,0,0,0,0,0,32,0,0,0,457,detection,
459706,13,23,2159,2159,0,0,0,0,0,0,36,0,0,0,459,detection,
463992,19,28,3508,3508,0,0,0,0,0,0,42,0,0,0,463,detection,
464014,6,28,3508,3508,0,0,0,0,0,0,46,0,0,0,464,detection,
464057,12,28,3508,3508,0,0,0,0,0,0,48,0,0,0,464,detection,
465015,1,24,2671,2671,0,0,0,0,0,0,12,0,0,0,465,detection,
466512,6,3,2159,2159,0,0,0,0,0,0,38,0,0,0,466,detection,
466576,18,3,2159,2159,0,0,0,0,0,0,52,0,0,0,466,detection,
468722,9,30,2113,2821,-708,100,100,100,100,11,28,0,87,100,468,detection,
468728,4,30,2113,2821,-708,100,100,100,100,11,28,0,87,100,468,detection,
468731,8,30,2113,2821,-708,100,100,100,70,10,34,0,79,55,468,detection,
469787,17,10,2159,2159,0,0,0,0,0,0,38,0,0,0,469,detection,
470507,6,28,3649,3649,0,0,0,0,0,0,46,0,0,0,470,detection,
472422,28,19,4274,4274,0,0,0,0,0,0,34,0,0,0,472,detection,
472746,1,9,2625,2625,0,0,0,0,0,0,24,0,0,0,472,detection,
472780,24,9,2625,2625,0,0,0,0,0,0,39,0,0,0,472,detection,
472857,8,9,2625,2625,0,0,0,0,0,0,48,0,0,0,472,detection,
473902,24,22,2671,2671,0,0,0,0,0,0,48,0,0,0,473,detection,
473932,15,22,2671,2671,0,0,0,0,0,0,54,0,0,0,473,detection,
475072,21,30,2133,3051,-918,100,100,100,100,0,32,0,81,55,475,detection,
475089,4,30,2133,3051,-918,100,100,100,32,11,33,0,79,75,475,detection,
475106,8,30,2133,3051,-918,100,100,100,32,11,33,0,79,55,475,detection,
477007,6,3,2996,2996,0,0,0,0,0,0,40,0,0,0,477,detection,
477114,14,23,2671,2671,0,0,0,0,0,0,32,0,0,0,477,detection,
477663,17,10,2596,2596,0,0,0,0,0,0,39,0,0,0,477,detection,
480061,3,6,3183,3183,0,0,0,0,0,0,34,0,0,0,480,detection,
480089,1,9,2159,2159,0,0,0,0,0,0,28,0,0,0,480,detection,
480150,24,9,2159,2159,0,0,0,0,0,0,43,0,0,0,480,detection,
480176,22,9,2159,2159,0,0,0,0,0,0,46,0,0,0,480,detection,
480218,4,9,2159,2159,0,0,0,0,0,0,38,0,0,0,480,detection,
481792,17,7,2415,2415,0,0,0,0,0,0,41,0,0,0,481,detection,
483179,15,22,2415,2415,0,0,0,0,0,0,55,0,0,0,483,detection,
483208,13,22,2415,2415,0,0,0,0,0,0,57,0,0,0,483,detection,
485101,25,30,2173,3072,-899,0,100,100,100,8,58,0,58,40,485,detection,
487764,27,16,1590,1590,0,0,0,0,0,0,39,0,0,0,487,detection,
488809,15,19,2927,2927,0,0,0,0,0,0,36,0,0,0,488,detection,
488809,12,19,2927,2927,0,0,0,0,0,0,32,0,0,0,488,detection,
488929,22,19,2927,2927,0,0,0,0,0,0,36,0,0,0,488,detection,
492645,16,27,2179,2179,0,0,0,0,0,0,28,0,0,0,492,detection,
492925,22,19,2671,2671,0,0,0,0,0,0,38,0,0,0,492,detection,
492933,15,19,2671,2671,0,0,0,0,0,0,38,0,0,0,492,detection,
492933,12,19,2671,2671,0,0,0,0,0,0,35,0,0,0,492,detection,
492954,18,19,2671,2671,0,0,0,0,0,0,36,0,0,0,492,detection,
493995,19,12,3183,3183,0,0,0,0,0,0,36,0,0,0,493,detection,
494047,22,12,3183,3183,0,0,0,0,0,0,43,0,0,0,494,detection,
494217,4,30,2193,3072,-879,0,100,100,4,0,77,0,48,40,494,detection,
495138,6,3,2358,2358,0,0,0,0,0,0,43,0,0,0,495,detection,
495201,18,3,2358,2358,0,0,0,0,0,0,53,0,0,0,495,detection,
495618,11,22,2415,2415,0,0,0,0,0,0,57,0,0,0,495,detection,
495621,19,22,2415,2415,0,0,0,0,0,0,40,0,0,0,495,detection,
496929,5,10,2076,2076,0,0,0,0,0,0,35,0,0,0,496,detection,
497012,1,9,2927,2927,0,0,0,0,0,0,31,0,0,0,497,detection,
497015,27,10,2076,2076,0,0,0,0,0,0,32,0,0,0,497,detection,
497019,16,10,2076,2076,0,0,0,0,0,0,52,0,0,0,497,detection,
497604,8,4,2671,2671,0,0,0,0,0,0,41,0,0,0,497,detection,
497884,1,24,2671,2671,0,0,0,0,0,0,15,0,0,0,497,detection,
498430,5,28,2671,2671,0,0,0,0,0,0,36,0,0,0,498,detection,
499617,11,12,2870,2870,0,0,0,0,0,0,48,0,0,0,499,detection,
499673,22,12,2870,2870,0,0,0,0,0,0,44,0,0,0,499,detection,
499674,28,12,2870,2870,0,0,0,0,0,0,44,0,0,0,499,detection,
500102,10,27,2228,2228,0,0,0,0,0,0,30,0,0,0,500,detection,
503352,23,30,2213,2920,-707,100,100,100,100,0,33,0,79,55,503,detection,
504053,5,10,2053,2053,0,0,0,0,0,0,34,0,0,0,504,detection,
504146,1,9,3137,3137,0,0,0,0,0,0,34,0,0,0,504,detection,
504151,24,9,3137,3137,0,0,0,0,0,0,46,0,0,0,504,detection,
504229,8,9,3137,3137,0,0,0,0,0,0,50,0,0,0,504,detection,
507055,15,11,2927,2927,0,0,0,0,0,0,47,0,0,0,507,detection,
507490,20,4,2671,2671,0,0,0,0,0,0,40,0,0,0,507,detection,
507716,26,8,2671,2671,0,0,0,0,0,0,48,0,0,0,507,detection,
507717,9,8,2671,2671,0,0,0,0,0,0,47,0,0,0,507,detection,
507939,1,24,2927,2927,0,0,0,0,0,0,19,0,0,0,507,detection,
508425,22,19,2773,2773,0,0,0,0,0,0,38,0,0,0,508,detection,
508433,15,19,2773,2773,0,0,0,0,0,0,38,0,0,0,508,detection,
508433,12,19,2773,2773,0,0,0,0,0,0,34,0,0,0,508,detection,
509520,27,25,2685,2685,0,0,0,0,0,0,37,0,0,0,509,detection,
509851,10,2,2484,2484,0,0,0,0,0,0,47,0,0,0,509,detection,
509860,14,2,2484,2484,0,0,0,0,0,0,44,0,0,0,509,detection,
510152,1,9,2645,2645,0,0,0,0,0,0,36,0,0,0,510,detection,
510277,24,9,2645,2645,0,0,0,0,0,0,52,0,0,0,510,detection,
510287,17,7,2671,2671,0,0,0,0,0,0,42,0,0,0,510,detection,
510646,27,30,2233,2920,-687,100,100,100,100,0,33,0,79,55,510,detection,
510714,4,30,2233,2920,-687,100,100,100,19,0,81,0,49,40,510,detection,
510723,25,30,2233,2920,-687,100,100,100,22,7,71,0,49,40,510,detection,
510723,23,30,2233,2920,-687,100,100,100,3,0,32,0,81,55,510,detection,
512701,18,3,2537,2537,0,0,0,0,0,0,50,0,0,0,512,detection,
512765,6,3,2537,2537,0,0,0,0,0,0,40,0,0,0,512,detection,
513081,1,24,2927,2927,0,0,0,0,0,0,18,0,0,0,513,detection,
514309,3,18,3049,3049,0,0,0,0,0,0,46,0,0,0,514,detection,
514742,19,15,3183,3183,0,0,0,0,0,0,38,0,0,0,514,detection,
515657,1,24,2901,2901,0,0,0,0,0,0,17,0,0,0,515,detection,
515718,9,24,2901,2901,0,0,0,0,0,0,38,0,0,0,515,detection,
516337,26,8,2671,2671,0,0,0,0,0,0,48,0,0,0,516,detection,
516341,9,8,2671,2671,0,0,0,0,0,0,47,0,0,0,516,detection,
517678,5,12,2870,2870,0,0,0,0,0,0,37,0,0,0,517,detection,
519059,15,13,2927,2927,0,0,0,0,0,0,36,0,0,0,519,detection,
522740,1,24,3157,3157,0,0,0,0,0,0,19,0,0,0,522,detection,
524350,10,2,2484,2484,0,0,0,0,0,0,44,0,0,0,524,detection,
524360,14,2,2484,2484,0,0,0,0,0,0,44,0,0,0,524,detection,
525102,8,9,2645,2645,0,0,0,0,0,0,56,0,0,0,525,detection,
525153,24,9,2645,2645,0,0,0,0,0,0,50,0,0,0,525,detection,
525798,22,28,2671,2671,0,0,0,0,0,0,36,0,0,0,525,detection,
528225,10,2,2565,2565,0,0,0,0,0,0,48,0,0,0,528,detection,
531765,27,25,2745,2745,0,0,0,0,0,0,37,0,0,0,531,detection,
535740,11,19,2548,2548,0,0,0,0,0,0,36,0,0,0,535,detection,
539592,23,22,2292,2292,0,0,0,0,0,0,54,0,0,0,539,detection,
540218,26,21,2804,2804,0,0,0,0,0,0,48,0,0,0,540,detection,
540227,25,21,2804,2804,0,0,0,0,0,0,33,0,0,0,540,detection,
540676,22,28,2671,2671,0,0,0,0,0,0,36,0,0,0,540,detection,
542218,9,24,3105,3105,0,0,0,0,0,0,37,0,0,0,542,detection,
543356,10,4,3238,3238,0,0,0,0,0,0,42,0,0,0,543,detection,
543432,12,4,3238,3238,0,0,0,0,0,0,43,0,0,0,543,detection,
543822,18,3,3090,3090,0,0,0,0,0,0,49,0,0,0,543,detection,
543967,4,10,2408,2408,0,0,0,0,0,0,36,0,0,0,543,detection,
543988,14,10,2408,2408,0,0,0,0,0,0,40,0,0,0,543,detection,
547559,15,18,2927,2927,0,0,0,0,0,0,40,0,0,0,547,detection,
548106,14,2,2309,2309,0,0,0,0,0,0,49,0,0,0,548,detection,
548591,4,29,2252,2671,-419,63,95,100,63,10,36,0,63,40,548,detection,
551344,9,24,3105,3105,0,0,0,0,0,0,37,0,0,0,551,detection,
553217,4,29,2272,2671,-399,55,90,100,3,10,36,0,56,40,553,detection,
553744,19,18,2927,2927,0,0,0,0,0,0,46,0,0,0,553,detection,
553803,15,18,2927,2927,0,0,0,0,0,0,40,0,0,0,553,detection,
553807,3,18,2927,2927,0,0,0,0,0,0,49,0,0,0,553,detection,
554151,24,20,2638,2638,0,0,0,0,0,0,45,0,0,0,554,detection,
556932,15,13,3382,3382,0,0,0,0,0,0,40,0,0,0,556,detection,
557533,2,9,3004,3004,0,0,0,0,0,0,43,0,0,0,557,detection,
557562,3,9,3004,3004,0,0,0,0,0,0,57,0,0,0,557,detection,
557613,14,9,3004,3004,0,0,0,0,0,0,58,0,0,0,557,detection,
557641,27,30,2333,3287,-954,100,100,100,39,0,38,0,72,55,557,detection,
558864,19,15,3029,3029,0,0,0,0,0,0,44,0,0,0,558,detection,
558928,5,15,3029,3029,0,0,0,0,0,0,45,0,0,0,558,detection,
559304,15,19,2752,2752,0,0,0,0,0,0,43,0,0,0,559,detection,
559342,4,29,2292,2740,-448,75,97,100,7,10,40,0,70,55,559,detection,
559842,9,10,2740,2740,0,0,0,0,0,0,42,0,0,0,559,detection,
559858,14,10,2740,2740,0,0,0,0,0,0,44,0,0,0,559,detection,
562338,4,29,2312,2740,-428,67,93,100,2,0,40,0,66,55,562,detection,
563520,27,21,2804,2804,0,0,0,0,0,0,35,0,0,0,563,detection,
563589,4,9,3150,3150,0,0,0,0,0,0,38,0,0,0,563,detection,
563611,14,9,3150,3150,0,0,0,0,0,0,57,0,0,0,563,detection,
563613,20,9,3150,3150,0,0,0,0,0,0,46,0,0,0,563,detection,
563786,17,10,3072,3072,0,0,0,0,0,0,46,0,0,0,563,detection,
563811,12,10,3072,3072,0,0,0,0,0,0,43,0,0,0,563,detection,
564485,14,2,2921,2921,0,0,0,0,0,0,50,0,0,0,564,detection,
565120,19,5,2740,2740,0,0,0,0,0,0,41,0,0,0,565,detection,
565184,15,5,2740,2740,0,0,0,0,0,0,41,0,0,0,565,detection,
565226,25,8,3060,3060,0,0,0,0,0,0,53,0,0,0,565,detection,
565284,7,8,3060,3060,0,0,0,0,0,0,60,0,0,0,565,detection,
566143,27,30,2373,3176,-803,100,100,100,21,0,40,0,71,55,566,detection,
566651,24,20,2638,2638,0,0,0,0,0,0,41,0,0,0,566,detection,
568682,15,18,3252,3252,0,0,0,0,0,0,40,0,0,0,568,detection,
568842,23,22,2975,2975,0,0,0,0,0,0,55,0,0,0,568,detection,
569010,6,3,3150,3150,0,0,0,0,0,0,42,0,0,0,569,detection,
569305,12,4,2664,2664,0,0,0,0,0,0,48,0,0,0,569,detection,
569493,19,15,3008,3008,0,0,0,0,0,0,44,0,0,0,569,detection,
569886,6,14,2824,2824,0,0,0,0,0,0,42,0,0,0,569,detection,
571310,3,2,2921,2921,0,0,0,0,0,0,38,0,0,0,571,detection,
571337,18,2,2921,2921,0,0,0,0,0,0,43,0,0,0,571,detection,
571357,14,2,2921,2921,0,0,0,0,0,0,50,0,0,0,571,detection,
571648,16,8,2412,2412,0,0,0,0,0,0,36,0,0,0,571,detection,
571657,7,8,2412,2412,0,0,0,0,0,0,61,0,0,0,571,detection,
571722,25,8,2412,2412,0,0,0,0,0,0,51,0,0,0,571,detection,
574323,21,30,2393,3176,-783,100,100,100,20,0,35,0,77,55,574,detection,
574392,27,30,2393,3176,-783,100,100,100,2,0,42,0,67,55,574,detection,
575159,2,18,3252,3252,0,0,0,0,0,0,48,0,0,0,575,detection,
576189,28,16,1280,1280,0,0,0,0,0,0,33,0,0,0,576,detection,
576263,6,24,2522,2522,0,0,0,0,0,0,32,0,0,0,576,detection,
577434,12,23,3840,3840,0,0,0,0,0,0,62,0,0,0,577,detection,
578139,27,21,2048,2048,0,0,0,0,0,0,34,0,0,0,578,detection,
578384,6,14,2824,2824,0,0,0,0,0,0,42,0,0,0,578,detection,
578781,2,18,3034,3034,0,0,0,0,0,0,52,0,0,0,578,detection,
579390,27,30,2413,1792,621,0,100,100,100,9,44,0,64,40,579,detection,
580178,5,15,3252,3252,0,0,0,0,0,0,48,0,0,0,580,detection,
582497,9,2,3107,3107,0,0,0,0,0,0,48,0,0,0,582,detection,
585740,20,4,2709,2709,0,0,0,0,0,0,44,0,0,0,585,detection,
586553,12,23,3635,3635,0,0,0,0,0,0,54,0,0,0,586,detection,
587194,22,27,2252,2252,0,0,0,0,0,0,40,0,0,0,587,detection,
588069,21,30,2433,1536,897,0,100,100,100,10,40,0,69,55,588,detection,
588091,4,30,2433,1536,897,0,100,100,100,6,85,0,48,40,588,detection,
588095,23,30,2433,1536,897,0,100,100,100,0,37,0,69,55,588,detection,
588104,10,30,2433,1536,897,0,100,100,100,16,50,0,58,40,588,detection,
588111,8,30,2433,1536,897,0,100,100,100,0,37,0,69,55,588,detection,
588141,27,30,2433,1536,897,0,100,100,37,9,46,0,63,40,588,detection,
589659,2,3,3336,3336,0,0,0,0,0,0,47,0,0,0,589,detection,
591302,5,15,3072,3072,0,0,0,0,0,0,45,0,0,0,591,detection,
591530,1,20,2795,2795,0,0,0,0,0,0,28,0,0,0,591,detection,
593781,2,3,2472,2472,0,0,0,0,0,0,51,0,0,0,593,detection,
596827,18,9,3534,3534,0,0,0,0,0,0,46,0,0,0,596,detection,
599697,21,16,1115,1115,0,0,0,0,0,0,37,0,0,0,599,detection,
599804,5,16,1115,1115,0,0,0,0,0,0,49,0,0,0,599,detection,
603641,27,30,2453,1536,917,0,100,100,2,9,44,0,64,40,603,detection,
603684,15,30,2453,1536,917,0,100,100,100,7,69,0,48,40,603,detection,
608051,22,12,2965,2965,0,0,0,0,0,0,47,0,0,0,608,detection,
609711,1,20,1280,1280,0,0,0,0,0,0,34,0,0,0,609,detection,
613048,22,27,1792,1792,0,0,0,0,0,0,44,0,0,0,613,detection,
613133,6,23,3376,3376,0,0,0,0,0,0,38,0,0,0,613,detection,
614804,28,22,3176,3176,0,0,0,0,0,0,44,0,0,0,614,detection,
614805,12,22,3176,3176,0,0,0,0,0,0,55,0,0,0,614,detection,
616910,2,12,2965,2965,0,0,0,0,0,0,33,0,0,0,616,detection,
616924,22,12,2965,2965,0,0,0,0,0,0,45,0,0,0,616,detection,
616928,28,12,2965,2965,0,0,0,0,0,0,48,0,0,0,616,detection,
617560,15,19,3385,3385,0,0,0,0,0,0,48,0,0,0,617,detection,
622593,26,21,2395,2395,0,0,0,0,0,0,52,0,0,0,622,detection,
623507,6,14,3433,3433,0,0,0,0,0,0,42,0,0,0,623,detection,
624559,12,16,1115,1115,0,0,0,0,0,0,36,0,0,0,624,detection,
624564,21,16,1115,1115,0,0,0,0,0,0,38,0,0,0,624,detection,
624581,13,16,1115,1115,0,0,0,0,0,0,54,0,0,0,624,detection,
624598,9,16,1115,1115,0,0,0,0,0,0,46,0,0,0,624,detection,
625633,1,20,1717,1717,0,0,0,0,0,0,33,0,0,0,625,detection,
626181,15,19,3385,3385,0,0,0,0,0,0,50,0,0,0,626,detection,
626186,12,19,3385,3385,0,0,0,0,0,0,52,0,0,0,626,detection,
626224,23,19,3385,3385,0,0,0,0,0,0,56,0,0,0,626,detection,
632046,1,4,2395,2395,0,0,0,0,0,0,20,0,0,0,632,detection,
632095,25,4,2395,2395,0,0,0,0,0,0,40,0,0,0,632,detection,
633725,25,13,1627,1627,0,0,0,0,0,0,37,0,0,0,633,detection,
634840,4,10,2788,2788,0,0,0,0,0,0,40,0,0,0,634,detection,
636979,25,30,2473,1536,937,0,100,100,100,0,81,0,48,40,636,detection,
637023,16,30,2473,1536,937,0,100,100,100,0,43,0,66,55,637,detection,
637156,24,9,1627,1627,0,0,0,0,0,0,53,0,0,0,637,detection,
637233,14,9,1627,1627,0,0,0,0,0,0,60,0,0,0,637,detection,
637241,1,4,2395,2395,0,0,0,0,0,0,15,0,0,0,637,detection,
637289,7,4,2395,2395,0,0,0,0,0,0,32,0,0,0,637,detection,
637361,20,4,2395,2395,0,0,0,0,0,0,44,0,0,0,637,detection,
645204,18,3,3433,3433,0,0,0,0,0,0,51,0,0,0,645,detection,
645265,6,3,3433,3433,0,0,0,0,0,0,46,0,0,0,645,detection,
645273,16,3,3433,3433,0,0,0,0,0,0,51,0,0,0,645,detection,
645989,14,23,2907,2907,0,0,0,0,0,0,37,0,0,0,645,detection,
646032,24,23,2907,2907,0,0,0,0,0,0,36,0,0,0,646,detection,
647471,23,19,2985,2985,0,0,0,0,0,0,55,0,0,0,647,detection,
648033,2,12,1627,1627,0,0,0,0,0,0,36,0,0,0,648,detection,
648189,3,6,2830,2830,0,0,0,0,0,0,37,0,0,0,648,detection,
648775,24,23,3452,3452,0,0,0,0,0,0,40,0,0,0,648,detection,
651959,13,22,3315,3315,0,0,0,0,0,0,69,0,0,0,651,detection,
652165,1,2,2139,2139,0,0,0,0,0,0,11,0,0,0,652,detection,
652625,1,10,2139,2139,0,0,0,0,0,0,35,0,0,0,652,detection,
652664,7,10,2139,2139,0,0,0,0,0,0,36,0,0,0,652,detection,
652723,25,10,2139,2139,0,0,0,0,0,0,36,0,0,0,652,detection,
653211,13,30,2493,1627,866,0,100,100,100,0,33,0,71,55,653,detection,
653215,4,30,2493,1627,866,0,100,100,2,0,88,0,48,40,653,detection,
653224,9,30,2493,1627,866,0,100,100,100,0,37,0,69,75,653,detection,
653286,2,30,2493,1627,866,0,100,100,100,0,36,0,69,55,653,detection,
653395,16,3,3433,3433,0,0,0,0,0,0,51,0,0,0,653,detection,
654810,3,6,2830,2830,0,0,0,0,0,0,36,0,0,0,654,detection,
656580,18,28,1592,1592,0,0,0,0,0,0,51,0,0,0,656,detection,
656785,1,10,2139,2139,0,0,0,0,0,0,36,0,0,0,656,detection,
656837,4,10,2139,2139,0,0,0,0,0,0,44,0,0,0,656,detection,
656845,25,10,2139,2139,0,0,0,0,0,0,36,0,0,0,656,detection,
658098,10,2,2139,2139,0,0,0,0,0,0,51,0,0,0,658,detection,
658103,1,2,2139,2139,0,0,0,0,0,0,10,0,0,0,658,detection,
658158,7,2,2139,2139,0,0,0,0,0,0,55,0,0,0,658,detection,
659764,1,20,2071,2071,0,0,0,0,0,0,37,0,0,0,659,detection,
660291,17,25,768,768,0,0,0,0,0,0,33,0,0,0,660,detection,
660639,1,10,768,768,0,0,0,0,0,0,30,0,0,0,660,detection,
660656,7,10,768,768,0,0,0,0,0,0,40,0,0,0,660,detection,
660660,17,10,768,768,0,0,0,0,0,0,46,0,0,0,660,detection,
660720,25,10,768,768,0,0,0,0,0,0,40,0,0,0,660,detection,
662425,28,24,3005,3005,0,0,0,0,0,0,36,0,0,0,662,detection,
665722,25,13,1280,1280,0,0,0,0,0,0,40,0,0,0,665,detection,
665731,10,13,1280,1280,0,0,0,0,0,0,38,0,0,0,665,detection,
666596,1,10,512,512,0,0,0,0,0,0,32,0,0,0,666,detection,
666596,25,10,512,512,0,0,0,0,0,0,41,0,0,0,666,detection,
668685,3,18,2788,2788,0,0,0,0,0,0,54,0,0,0,668,detection,
672343,1,2,1280,1280,0,0,0,0,0,0,13,0,0,0,672,detection,
673698,18,3,3300,3300,0,0,0,0,0,0,55,0,0,0,673,detection,
676683,15,5,1619,1619,0,0,0,0,0,0,45,0,0,0,676,detection,
678523,16,14,3166,3166,0,0,0,0,0,0,43,0,0,0,678,detection,
678916,1,2,1282,1282,0,0,0,0,0,0,17,0,0,0,678,detection,
678976,10,2,1282,1282,0,0,0,0,0,0,54,0,0,0,678,detection,
679056,3,18,2229,2229,0,0,0,0,0,0,59,0,0,0,679,detection,
679060,15,18,2229,2229,0,0,0,0,0,0,44,0,0,0,679,detection,
679660,1,10,512,512,0,0,0,0,0,0,33,0,0,0,679,detection,
681859,14,23,3342,3342,0,0,0,0,0,0,40,0,0,0,681,detection,
682786,7,3,2997,2997,0,0,0,0,0,0,46,0,0,0,682,detection,
685403,24,23,3497,3497,0,0,0,0,0,0,43,0,0,0,685,detection,
685485,14,23,3497,3497,0,0,0,0,0,0,44,0,0,0,685,detection,
687223,10,2,1333,1333,0,0,0,0,0,0,54,0,0,0,687,detection,
689447,21,30,2573,2327,246,0,48,100,84,8,50,0,60,40,689,detection,
689465,4,30,2573,2327,246,0,34,100,58,0,88,0,48,40,689,detection,
689474,25,30,2573,2327,246,0,38,100,71,0,75,0,48,40,689,detection,
689480,9,30,2573,2327,246,0,46,100,78,0,53,0,60,40,689,detection,
689534,2,30,2573,2327,246,0,49,100,83,0,47,0,65,55,689,detection,
690048,28,24,2680,2680,0,0,0,0,0,0,38,0,0,0,690,detection,
691049,22,12,2131,2131,0,0,0,0,0,0,49,0,0,0,691,detection,
691520,27,16,2373,2373,0,0,0,0,0,0,43,0,0,0,691,detection,
691984,14,23,3517,3517,0,0,0,0,0,0,47,0,0,0,691,detection,
692056,15,18,2229,2229,0,0,0,0,0,0,45,0,0,0,692,detection,
693717,26,27,2131,2131,0,0,0,0,0,0,35,0,0,0,693,detection,
694386,6,24,2652,2652,0,0,0,0,0,0,37,0,0,0,694,detection,
696363,11,12,2131,2131,0,0,0,0,0,0,51,0,0,0,696,detection,
697440,3,28,1923,1923,0,0,0,0,0,0,58,0,0,0,697,detection,
697495,19,28,1923,1923,0,0,0,0,0,0,65,0,0,0,697,detection,
697512,6,28,1923,1923,0,0,0,0,0,0,69,0,0,0,697,detection,
698183,15,18,2131,2131,0,0,0,0,0,0,49,0,0,0,698,detection,
699115,11,12,2485,2485,0,0,0,0,0,0,55,0,0,0,699,detection,
699189,5,12,2485,2485,0,0,0,0,0,0,41,0,0,0,699,detection,
702037,2,8,2609,2609,0,0,0,0,0,0,49,0,0,0,702,detection,
702042,17,8,2609,2609,0,0,0,0,0,0,53,0,0,0,702,detection,
702341,26,27,2885,2885,0,0,0,0,0,0,38,0,0,0,702,detection,
702397,16,27,2885,2885,0,0,0,0,0,0,32,0,0,0,702,detection,
703740,1,2,1333,1333,0,0,0,0,0,0,16,0,0,0,703,detection,
703855,8,2,1333,1333,0,0,0,0,0,0,36,0,0,0,703,detection,
705801,22,13,1254,1254,0,0,0,0,0,0,42,0,0,0,705,detection,
705810,3,13,1254,1254,0,0,0,0,0,0,37,0,0,0,705,detection,
705828,18,13,1254,1254,0,0,0,0,0,0,41,0,0,0,705,detection,
705857,8,13,1254,1254,0,0,0,0,0,0,32,0,0,0,705,detection,
706411,17,8,1845,1845,0,0,0,0,0,0,54,0,0,0,706,detection,
706426,5,12,2536,2536,0,0,0,0,0,0,41,0,0,0,706,detection,
706469,26,12,2536,2536,0,0,0,0,0,0,36,0,0,0,706,detection,
706486,11,12,2536,2536,0,0,0,0,0,0,55,0,0,0,706,detection,
706494,19,12,2536,2536,0,0,0,0,0,0,40,0,0,0,706,detection,
707637,6,20,2480,2480,0,0,0,0,0,0,62,0,0,0,707,detection,
707650,24,20,2480,2480,0,0,0,0,0,0,50,0,0,0,707,detection,
707986,8,29,2592,1024,1568,0,100,100,100,0,36,0,69,55,707,detection,
708221,9,24,4008,4008,0,0,0,0,0,0,40,0,0,0,708,detection,
709140,1,10,512,512,0,0,0,0,0,0,34,0,0,0,709,detection,
710602,10,30,2593,1766,827,0,100,100,8,0,52,0,58,40,710,detection,
710606,8,30,2593,1766,827,0,100,100,10,0,41,0,68,55,710,detection,
710889,27,16,2304,2304,0,0,0,0,0,0,49,0,0,0,710,detection,
711198,18,13,1254,1254,0,0,0,0,0,0,41,0,0,0,711,detection,
711266,16,27,2910,2910,0,0,0,0,0,0,32,0,0,0,711,detection,
716492,11,16,2304,2304,0,0,0,0,0,0,36,0,0,0,716,detection,
716514,27,16,2304,2304,0,0,0,0,0,0,51,0,0,0,716,detection,
716537,17,8,1589,1589,0,0,0,0,0,0,51,0,0,0,716,detection,
716557,5,16,2304,2304,0,0,0,0,0,0,51,0,0,0,716,detection,
716601,25,8,1589,1589,0,0,0,0,0,0,57,0,0,0,716,detection,
717806,15,11,1766,1766,0,0,0,0,0,0,51,0,0,0,717,detection,
719338,26,27,2703,2703,0,0,0,0,0,0,45,0,0,0,719,detection,
720489,19,12,2536,2536,0,0,0,0,0,0,39,0,0,0,720,detection,
720531,2,12,2536,2536,0,0,0,0,0,0,40,0,0,0,720,detection,
720549,5,12,2536,2536,0,0,0,0,0,0,40,0,0,0,720,detection,
720549,22,12,2536,2536,0,0,0,0,0,0,49,0,0,0,720,detection,
720553,28,12,2536,2536,0,0,0,0,0,0,52,0,0,0,720,detection,
720588,26,12,2536,2536,0,0,0,0,0,0,35,0,0,0,720,detection,
721160,7,14,2790,2790,0,0,0,0,0,0,36,0,0,0,721,detection,
721188,5,14,2790,2790,0,0,0,0,0,0,41,0,0,0,721,detection,
723035,17,8,1819,1819,0,0,0,0,0,0,48,0,0,0,723,detection,
723119,1,10,512,512,0,0,0,0,0,0,35,0,0,0,723,detection,
723218,25,10,512,512,0,0,0,0,0,0,38,0,0,0,723,detection,
723231,8,10,512,512,0,0,0,0,0,0,42,0,0,0,723,detection,
723552,22,19,2435,2435,0,0,0,0,0,0,41,0,0,0,723,detection,
724078,18,9,2435,2435,0,0,0,0,0,0,49,0,0,0,724,detection,
725161,17,25,573,573,0,0,0,0,0,0,32,0,0,0,725,detection,
727643,1,3,2312,2312,0,0,0,0,0,0,24,0,0,0,727,detection,
727805,12,22,1628,1628,0,0,0,0,0,0,52,0,0,0,727,detection,
727810,15,22,1628,1628,0,0,0,0,0,0,56,0,0,0,727,detection,
730165,17,25,566,566,0,0,0,0,0,0,32,0,0,0,730,detection,
730396,1,10,512,512,0,0,0,0,0,0,35,0,0,0,730,detection,
730409,17,10,512,512,0,0,0,0,0,0,49,0,0,0,730,detection,
730469,25,10,512,512,0,0,0,0,0,0,39,0,0,0,730,detection,
732801,5,12,2536,2536,0,0,0,0,0,0,36,0,0,0,732,detection,
733211,26,27,2865,2865,0,0,0,0,0,0,48,0,0,0,733,detection,
734384,1,3,1078,1078,0,0,0,0,0,0,26,0,0,0,734,detection,
734478,10,3,1078,1078,0,0,0,0,0,0,28,0,0,0,734,detection,
736715,4,16,2588,2588,0,0,0,0,0,0,33,0,0,0,736,detection,
740015,1,3,1078,1078,0,0,0,0,0,0,25,0,0,0,740,detection,
740797,28,19,1078,1078,0,0,0,0,0,0,37,0,0,0,740,detection,
741368,11,22,1078,1078,0,0,0,0,0,0,58,0,0,0,741,detection,
741368,19,22,1078,1078,0,0,0,0,0,0,44,0,0,0,741,detection,
741799,5,12,2536,2536,0,0,0,0,0,0,36,0,0,0,741,detection,
741846,23,12,2536,2536,0,0,0,0,0,0,36,0,0,0,741,detection,
746158,7,14,3178,3178,0,0,0,0,0,0,40,0,0,0,746,detection,
747100,25,30,2693,1024,1669,0,100,100,100,0,79,0,48,40,747,detection,
747101,10,30,2693,1024,1669,0,100,100,100,0,54,0,58,40,747,detection,
747788,17,25,555,555,0,0,0,0,0,0,31,0,0,0,747,detection,
750748,1,3,1024,1024,0,0,0,0,0,0,28,0,0,0,750,detection,
752432,15,5,2527,2527,0,0,0,0,0,0,51,0,0,0,752,detection,
752487,14,5,2527,2527,0,0,0,0,0,0,55,0,0,0,752,detection,
753430,22,2,1590,1590,0,0,0,0,0,0,36,0,0,0,753,detection,
753430,28,2,1590,1590,0,0,0,0,0,0,35,0,0,0,753,detection,
754135,19,28,1078,1078,0,0,0,0,0,0,67,0,0,0,754,detection,
756070,21,16,2680,2680,0,0,0,0,0,0,41,0,0,0,756,detection,
759360,11,19,1052,1052,0,0,0,0,0,0,40,0,0,0,759,detection,
759423,28,19,1052,1052,0,0,0,0,0,0,37,0,0,0,759,detection,
759424,22,19,1052,1052,0,0,0,0,0,0,41,0,0,0,759,detection,
761201,1,3,1024,1024,0,0,0,0,0,0,32,0,0,0,761,detection,
762844,26,27,2752,2752,0,0,0,0,0,0,47,0,0,0,762,detection,
766897,16,8,1083,1083,0,0,0,0,0,0,39,0,0,0,766,detection,
766945,21,8,1083,1083,0,0,0,0,0,0,41,0,0,0,766,detection,
767048,2,30,2713,1024,1689,0,100,100,100,0,50,0,58,40,767,detection,
767098,25,30,2713,1024,1689,0,100,100,2,0,79,0,48,40,767,detection,
767230,1,10,573,573,0,0,0,0,0,0,37,0,0,0,767,detection,
769730,1,24,1595,1595,0,0,0,0,0,0,26,0,0,0,769,detection,
770074,21,16,1339,1339,0,0,0,0,0,0,47,0,0,0,770,detection,
770412,17,25,1024,1024,0,0,0,0,0,0,36,0,0,0,770,detection,
771237,1,3,768,768,0,0,0,0,0,0,36,0,0,0,771,detection,
771741,19,28,819,819,0,0,0,0,0,0,69,0,0,0,771,detection,
771813,3,28,819,819,0,0,0,0,0,0,67,0,0,0,771,detection,
772078,18,13,1951,1951,0,0,0,0,0,0,45,0,0,0,772,detection,
772147,16,13,1951,1951,0,0,0,0,0,0,41,0,0,0,772,detection,
772164,7,13,1951,1951,0,0,0,0,0,0,49,0,0,0,772,detection,
773019,16,8,1083,1083,0,0,0,0,0,0,38,0,0,0,773,detection,
774618,19,22,1308,1308,0,0,0,0,0,0,48,0,0,0,774,detection,
775238,14,2,1331,1331,0,0,0,0,0,0,53,0,0,0,775,detection,
775990,20,7,2463,2463,0,0,0,0,0,0,36,0,0,0,775,detection,
778188,21,16,1339,1339,0,0,0,0,0,0,44,0,0,0,778,detection,
778201,18,16,1339,1339,0,0,0,0,0,0,46,0,0,0,778,detection,
779305,12,23,2975,2975,0,0,0,0,0,0,62,0,0,0,779,detection,
779309,15,23,2975,2975,0,0,0,0,0,0,29,0,0,0,779,detection,
779331,13,23,2975,2975,0,0,0,0,0,0,40,0,0,0,779,detection,
779343,4,23,2975,2975,0,0,0,0,0,0,28,0,0,0,779,detection,
781112,20,7,2207,2207,0,0,0,0,0,0,38,0,0,0,781,detection,
782336,26,27,2572,2572,0,0,0,0,0,0,48,0,0,0,782,detection,
782673,28,2,1331,1331,0,0,0,0,0,0,38,0,0,0,782,detection,
785991,19,22,1308,1308,0,0,0,0,0,0,44,0,0,0,785,detection,
786390,6,14,1536,1536,0,0,0,0,0,0,45,0,0,0,786,detection,
786680,12,23,2975,2975,0,0,0,0,0,0,61,0,0,0,786,detection,
786680,15,23,2975,2975,0,0,0,0,0,0,29,0,0,0,786,detection,
786972,1,24,512,512,0,0,0,0,0,0,32,0,0,0,786,detection,
787339,4,9,2719,2719,0,0,0,0,0,0,42,0,0,0,787,detection,
787360,14,2,1326,1326,0,0,0,0,0,0,58,0,0,0,787,detection,
787360,20,9,2719,2719,0,0,0,0,0,0,45,0,0,0,787,detection,
788955,18,16,1364,1364,0,0,0,0,0,0,48,0,0,0,788,detection,
789067,21,16,1364,1364,0,0,0,0,0,0,45,0,0,0,789,detection,
794032,7,9,2463,2463,0,0,0,0,0,0,52,0,0,0,794,detection,
794088,4,9,2463,2463,0,0,0,0,0,0,43,0,0,0,794,detection,
795175,28,2,1326,1326,0,0,0,0,0,0,44,0,0,0,795,detection,
795188,3,2,1326,1326,0,0,0,0,0,0,39,0,0,0,795,detection,
795235,14,2,1326,1326,0,0,0,0,0,0,57,0,0,0,795,detection,
797243,19,28,768,768,0,0,0,0,0,0,74,0,0,0,797,detection,
797257,6,28,768,768,0,0,0,0,0,0,74,0,0,0,797,detection,
802491,20,13,1855,1855,0,0,0,0,0,0,32,0,0,0,802,detection,
802569,21,18,1403,1403,0,0,0,0,0,0,34,0,0,0,802,detection,
803723,1,24,512,512,0,0,0,0,0,0,32,0,0,0,803,detection,
804795,28,2,1254,1254,0,0,0,0,0,0,47,0,0,0,804,detection,
804808,3,2,1254,1254,0,0,0,0,0,0,42,0,0,0,804,detection,
805087,4,9,1915,1915,0,0,0,0,0,0,46,0,0,0,805,detection,
812408,24,10,565,565,0,0,0,0,0,0,50,0,0,0,812,detection,
812430,22,27,1280,1280,0,0,0,0,0,0,47,0,0,0,812,detection,
813436,12,4,2667,2667,0,0,0,0,0,0,48,0,0,0,813,detection,
814975,25,18,1899,1899,0,0,0,0,0,0,33,0,0,0,814,detection,
815018,27,18,1899,1899,0,0,0,0,0,0,33,0,0,0,815,detection,
815035,2,18,1899,1899,0,0,0,0,0,0,57,0,0,0,815,detection,
815337,26,12,1792,1792,0,0,0,0,0,0,39,0,0,0,815,detection,
818872,1,10,554,554,0,0,0,0,0,0,37,0,0,0,818,detection,
818900,24,10,554,554,0,0,0,0,0,0,51,0,0,0,818,detection,
820413,7,4,2427,2427,0,0,0,0,0,0,36,0,0,0,820,detection,
821220,23,22,1538,1538,0,0,0,0,0,0,58,0,0,0,821,detection,
821305,28,22,1538,1538,0,0,0,0,0,0,47,0,0,0,821,detection,
821305,5,22,1538,1538,0,0,0,0,0,0,35,0,0,0,821,detection,
821362,14,11,742,742,0,0,0,0,0,0,35,0,0,0,821,detection,
821588,26,12,1536,1536,0,0,0,0,0,0,40,0,0,0,821,detection,
821613,11,12,1536,1536,0,0,0,0,0,0,59,0,0,0,821,detection,
823073,18,2,1461,1461,0,0,0,0,0,0,47,0,0,0,823,detection,
823082,13,2,1461,1461,0,0,0,0,0,0,42,0,0,0,823,detection,
823146,16,2,1461,1461,0,0,0,0,0,0,50,0,0,0,823,detection,
823159,7,2,1461,1461,0,0,0,0,0,0,57,0,0,0,823,detection,
824822,21,27,1280,1280,0,0,0,0,0,0,32,0,0,0,824,detection,
825966,26,17,1280,1280,0,0,0,0,0,0,37,0,0,0,825,detection,
826359,20,7,1792,1792,0,0,0,0,0,0,41,0,0,0,826,detection,
826415,17,7,1792,1792,0,0,0,0,0,0,45,0,0,0,826,detection,
827145,27,16,2048,2048,0,0,0,0,0,0,58,0,0,0,827,detection,
827162,2,16,2048,2048,0,0,0,0,0,0,60,0,0,0,827,detection,
827214,4,16,2048,2048,0,0,0,0,0,0,41,0,0,0,827,detection,
827611,14,2,1447,1447,0,0,0,0,0,0,60,0,0,0,827,detection,
827641,16,2,1447,1447,0,0,0,0,0,0,53,0,0,0,827,detection,
831095,9,8,2434,2434,0,0,0,0,0,0,76,0,0,0,831,detection,
831099,25,8,2434,2434,0,0,0,0,0,0,77,0,0,0,831,detection,
831974,25,9,2048,2048,0,0,0,0,0,0,59,0,0,0,831,detection,
832055,22,9,2048,2048,0,0,0,0,0,0,51,0,0,0,832,detection,
832081,13,9,2048,2048,0,0,0,0,0,0,42,0,0,0,832,detection,
832386,6,14,1141,1141,0,0,0,0,0,0,45,0,0,0,832,detection,
832394,16,14,1141,1141,0,0,0,0,0,0,47,0,0,0,832,detection,
832411,7,14,1141,1141,0,0,0,0,0,0,44,0,0,0,832,detection,
832535,1,24,512,512,0,0,0,0,0,0,33,0,0,0,832,detection,
832561,3,24,512,512,0,0,0,0,0,0,29,0,0,0,832,detection,
834186,15,18,1254,1254,0,0,0,0,0,0,52,0,0,0,834,detection,
834220,25,18,1254,1254,0,0,0,0,0,0,36,0,0,0,834,detection,
836119,11,16,1653,1653,0,0,0,0,0,0,40,0,0,0,836,detection,
836731,14,2,1447,1447,0,0,0,0,0,0,60,0,0,0,836,detection,
840594,26,12,1536,1536,0,0,0,0,0,0,40,0,0,0,840,detection,
840615,11,12,1536,1536,0,0,0,0,0,0,59,0,0,0,840,detection,
840620,19,12,1536,1536,0,0,0,0,0,0,44,0,0,0,840,detection,
843489,19,15,1766,1766,0,0,0,0,0,0,47,0,0,0,843,detection,
843608,20,7,1653,1653,0,0,0,0,0,0,44,0,0,0,843,detection,
845556,12,16,1653,1653,0,0,0,0,0,0,39,0,0,0,845,detection,
845568,21,16,1653,1653,0,0,0,0,0,0,48,0,0,0,845,detection,
845577,18,16,1653,1653,0,0,0,0,0,0,47,0,0,0,845,detection,
845582,13,16,1653,1653,0,0,0,0,0,0,53,0,0,0,845,detection,
845589,4,16,1653,1653,0,0,0,0,0,0,44,0,0,0,845,detection,
845599,9,16,1653,1653,0,0,0,0,0,0,48,0,0,0,845,detection,
846643,16,14,998,998,0,0,0,0,0,0,52,0,0,0,846,detection,
846656,7,14,998,998,0,0,0,0,0,0,49,0,0,0,846,detection,
848906,7,2,1447,1447,0,0,0,0,0,0,60,0,0,0,848,detection,
848953,13,2,1447,1447,0,0,0,0,0,0,45,0,0,0,848,detection,
848970,9,2,1447,1447,0,0,0,0,0,0,50,0,0,0,848,detection,
848975,10,2,1447,1447,0,0,0,0,0,0,57,0,0,0,848,detection,
853831,18,19,2255,2255,0,0,0,0,0,0,38,0,0,0,853,detection,
854345,23,22,2250,2250,0,0,0,0,0,0,59,0,0,0,854,detection,
855509,1,20,2165,2165,0,0,0,0,0,0,41,0,0,0,855,detection,
856030,24,9,1653,1653,0,0,0,0,0,0,56,0,0,0,856,detection,
856074,18,9,1653,1653,0,0,0,0,0,0,51,0,0,0,856,detection,
858852,10,4,2165,2165,0,0,0,0,0,0,45,0,0,0,858,detection,
858853,8,4,2165,2165,0,0,0,0,0,0,44,0,0,0,858,detection,
858886,6,4,2165,2165,0,0,0,0,0,0,46,0,0,0,858,detection,
858988,19,15,1959,1959,0,0,0,0,0,0,47,0,0,0,858,detection,
860910,2,12,1766,1766,0,0,0,0,0,0,43,0,0,0,860,detection,
861183,3,18,1899,1899,0,0,0,0,0,0,60,0,0,0,861,detection,
861247,19,18,1899,1899,0,0,0,0,0,0,51,0,0,0,861,detection,
862444,21,8,2255,2255,0,0,0,0,0,0,45,0,0,0,862,detection,
862907,1,20,2165,2165,0,0,0,0,0,0,36,0,0,0,862,detection,
863968,23,22,2250,2250,0,0,0,0,0,0,58,0,0,0,863,detection,
869990,20,19,2304,2304,0,0,0,0,0,0,28,0,0,0,869,detection,
876140,27,18,1899,1899,0,0,0,0,0,0,34,0,0,0,876,detection,
876180,15,18,1899,1899,0,0,0,0,0,0,58,0,0,0,876,detection,
876183,3,18,1899,1899,0,0,0,0,0,0,61,0,0,0,876,detection,
876665,1,20,2139,2139,0,0,0,0,0,0,35,0,0,0,876,detection,
878054,28,4,2511,2511,0,0,0,0,0,0,38,0,0,0,878,detection,
878096,25,4,2511,2511,0,0,0,0,0,0,45,0,0,0,878,detection,
878104,8,4,2511,2511,0,0,0,0,0,0,45,0,0,0,878,detection,
878109,20,4,2511,2511,0,0,0,0,0,0,48,0,0,0,878,detection,
878131,6,4,2511,2511,0,0,0,0,0,0,47,0,0,0,878,detection,
879460,4,23,1928,1928,0,0,0,0,0,0,32,0,0,0,879,detection,
883683,3,6,1653,1653,0,0,0,0,0,0,39,0,0,0,883,detection,
883930,22,2,1447,1447,0,0,0,0,0,0,38,0,0,0,883,detection,
885750,1,9,1653,1653,0,0,0,0,0,0,40,0,0,0,885,detection,
885782,7,9,1653,1653,0,0,0,0,0,0,54,0,0,0,885,detection,
886455,13,22,1959,1959,0,0,0,0,0,0,70,0,0,0,886,detection,
887866,20,6,1653,1653,0,0,0,0,0,0,40,0,0,0,887,detection,
888097,25,4,2511,2511,0,0,0,0,0,0,46,0,0,0,888,detection,
888102,8,4,2511,2511,0,0,0,0,0,0,47,0,0,0,888,detection,
888110,20,4,2511,2511,0,0,0,0,0,0,48,0,0,0,888,detection,
888132,6,4,2511,2511,0,0,0,0,0,0,48,0,0,0,888,detection,
889823,21,25,2048,2048,0,0,0,0,0,0,43,0,0,0,889,detection,
893204,13,22,2304,2304,0,0,0,0,0,0,71,0,0,0,893,detection,
893527,16,10,1447,1447,0,100,0,0,0,0,65,0,49,40,893,detection,
899191,1,9,1959,1959,0,0,0,0,0,0,35,0,0,0,899,detection,
900318,21,25,1959,1959,0,0,0,0,0,0,47,0,0,0,900,detection,
900411,17,25,1959,1959,0,0,0,0,0,0,39,0,0,0,900,detection,
902481,10,13,1959,1959,0,0,0,0,0,0,38,0,0,0,902,detection,
906431,5,28,1710,1710,0,0,0,0,0,0,47,0,0,0,906,detection,
906431,12,28,1710,1710,0,0,0,0,0,0,53,0,0,0,906,detection,
906970,9,8,2377,2377,0,0,0,0,0,0,75,0,0,0,906,detection,
907379,1,9,2139,2139,0,0,0,0,0,0,38,0,0,0,907,detection,
907405,7,9,2139,2139,0,0,0,0,0,0,56,0,0,0,907,detection,
908145,27,30,2893,1280,1613,0,100,100,94,9,46,0,63,40,908,detection,
908162,2,30,2893,1280,1613,0,100,100,10,0,49,0,59,40,908,detection,
911713,4,23,2456,2456,0,0,0,0,0,0,32,0,0,0,911,detection,
911738,14,23,2456,2456,0,0,0,0,0,0,48,0,0,0,911,detection,
911743,11,23,2456,2456,0,0,0,0,0,0,33,0,0,0,911,detection,
911763,6,23,2456,2456,0,0,0,0,0,0,41,0,0,0,911,detection,
912296,1,9,2139,2139,0,0,0,0,0,0,38,0,0,0,912,detection,
915176,22,13,1703,1703,0,0,0,0,0,0,44,0,0,0,915,detection,
915180,12,13,1703,1703,0,0,0,0,0,0,46,0,0,0,915,detection,
918886,6,4,2560,2560,0,0,0,0,0,0,51,0,0,0,918,detection,
919771,27,21,2471,2471,0,0,0,0,0,0,37,0,0,0,919,detection,
920179,28,22,2215,2215,0,0,0,0,0,0,49,0,0,0,920,detection,
920179,5,22,2215,2215,0,0,0,0,0,0,38,0,0,0,920,detection,
920180,12,22,2215,2215,0,0,0,0,0,0,55,0,0,0,920,detection,
920206,13,22,2215,2215,0,0,0,0,0,0,69,0,0,0,920,detection,
920483,20,6,2304,2304,0,0,0,0,0,0,44,0,0,0,920,detection,
921559,3,24,768,768,0,0,0,0,0,0,33,0,0,0,921,detection,
921803,5,12,2165,2165,0,0,0,0,0,0,40,0,0,0,921,detection,
921803,22,12,2165,2165,0,0,0,0,0,0,52,0,0,0,921,detection,
921804,28,12,2165,2165,0,0,0,0,0,0,56,0,0,0,921,detection,
923763,6,20,2152,2152,0,0,0,0,0,0,61,0,0,0,923,detection,
926228,1,9,1536,1536,0,0,0,0,0,0,37,0,0,0,926,detection,
926280,7,9,1536,1536,0,0,0,0,0,0,58,0,0,0,926,detection,
926348,25,9,1536,1536,0,0,0,0,0,0,63,0,0,0,926,detection,
926357,8,9,1536,1536,0,0,0,0,0,0,58,0,0,0,926,detection,
929540,17,8,1792,1792,0,0,0,0,0,0,53,0,0,0,929,detection,
929599,25,8,1792,1792,0,0,0,0,0,0,84,0,0,0,929,detection,
930798,22,28,2189,2189,0,0,0,0,0,0,40,0,0,0,930,detection,
930806,12,28,2189,2189,0,0,0,0,0,0,57,0,0,0,930,detection,
930828,13,28,2189,2189,0,0,0,0,0,0,42,0,0,0,930,detection,
931269,27,25,1792,1792,0,0,0,0,0,0,43,0,0,0,931,detection,
933824,1,9,1792,1792,0,0,0,0,0,0,38,0,0,0,933,detection,
933847,25,9,1792,1792,0,0,0,0,0,0,61,0,0,0,933,detection,
933855,8,9,1792,1792,0,0,0,0,0,0,57,0,0,0,933,detection,
934243,11,12,2508,2508,0,0,0,0,0,0,66,0,0,0,934,detection,
934298,22,12,2508,2508,0,0,0,0,0,0,59,0,0,0,934,detection,
934341,26,12,2508,2508,0,0,0,0,0,0,50,0,0,0,934,detection,
935943,21,27,1536,1536,0,0,0,0,0,0,36,0,0,0,935,detection,
936146,27,8,2073,2073,0,0,0,0,0,0,39,0,0,0,936,detection,
936161,7,8,2073,2073,0,0,0,0,0,0,65,0,0,0,936,detection,
936679,28,4,2664,2664,0,0,0,0,0,0,41,0,0,0,936,detection,
937077,21,7,1280,1280,0,0,0,0,0,0,48,0,0,0,937,detection,
939176,5,22,2215,2215,0,0,0,0,0,0,37,0,0,0,939,detection,
939179,12,22,2215,2215,0,0,0,0,0,0,54,0,0,0,939,detection,
939432,12,13,2349,2349,0,0,0,0,0,0,47,0,0,0,939,detection,
939453,18,13,2349,2349,0,0,0,0,0,0,44,0,0,0,939,detection,
940345,9,3,870,870,0,0,0,0,0,0,46,0,0,0,940,detection,
940639,6,14,1484,1484,0,0,0,0,0,0,50,0,0,0,940,detection,
940643,16,14,1484,1484,0,0,0,0,0,0,53,0,0,0,940,detection,
941020,27,21,2048,2048,0,0,0,0,0,0,40,0,0,0,941,detection,
943173,22,12,2076,2076,0,0,0,0,0,0,62,0,0,0,943,detection,
943219,26,12,2076,2076,0,0,0,0,0,0,52,0,0,0,943,detection,
943926,28,4,2948,2948,0,0,0,0,0,0,45,0,0,0,943,detection,
943985,20,4,2948,2948,0,0,0,0,0,0,50,0,0,0,943,detection,
944595,25,9,1382,1382,0,0,0,0,0,0,65,0,0,0,944,detection,
944603,8,9,1382,1382,0,0,0,0,0,0,61,0,0,0,944,detection,
944676,5,28,2193,2193,0,0,0,0,0,0,50,0,0,0,944,detection,
944679,12,28,2193,2193,0,0,0,0,0,0,53,0,0,0,944,detection,
944705,18,28,2193,2193,0,0,0,0,0,0,54,0,0,0,944,detection,
945134,6,20,1996,1996,0,0,0,0,0,0,62,0,0,0,945,detection,
945183,12,10,2101,2101,0,0,0,0,0,0,53,0,0,0,945,detection,
946236,20,19,2816,2816,0,0,0,0,0,0,32,0,0,0,946,detection,
946237,11,19,2816,2816,0,0,0,0,0,0,43,0,0,0,946,detection,
946306,5,19,2816,2816,0,0,0,0,0,0,32,0,0,0,946,detection,
946310,12,19,2816,2816,0,0,0,0,0,0,54,0,0,0,946,detection,
949298,28,16,2317,2317,0,0,0,0,0,0,41,0,0,0,949,detection,
950618,19,5,2076,2076,0,0,0,0,0,0,44,0,0,0,950,detection,
951598,25,9,1638,1638,0,0,0,0,0,0,62,0,0,0,951,detection,
951602,8,9,1638,1638,0,0,0,0,0,0,56,0,0,0,951,detection,
952212,26,12,2076,2076,0,0,0,0,0,0,50,0,0,0,952,detection,
952246,19,12,2076,2076,0,0,0,0,0,0,47,0,0,0,952,detection,
952302,22,12,2076,2076,0,0,0,0,0,0,61,0,0,0,952,detection,
953055,5,28,2193,2193,0,0,0,0,0,0,46,0,0,0,953,detection,
953509,6,20,1765,1765,0,0,0,0,0,0,64,0,0,0,953,detection,
956134,6,4,3134,3134,0,0,0,0,0,0,58,0,0,0,956,detection,
957738,20,6,2789,2789,0,0,0,0,0,0,47,0,0,0,957,detection,
960114,14,13,2588,2588,0,0,0,0,0,0,38,0,0,0,960,detection,
961603,8,9,1689,1689,0,0,0,0,0,0,56,0,0,0,961,detection,
961659,7,9,1689,1689,0,0,0,0,0,0,63,0,0,0,961,detection,
961680,3,9,1689,1689,0,0,0,0,0,0,55,0,0,0,961,detection,
961720,25,9,1689,1689,0,0,0,0,0,0,61,0,0,0,961,detection,
962348,23,10,2172,2172,0,0,0,0,0,0,68,0,0,0,962,detection,
962348,9,10,2172,2172,0,0,0,0,0,0,73,0,0,0,962,detection,
963566,21,7,2048,2048,0,0,0,0,0,0,47,0,0,0,963,detection,
963588,26,7,2048,2048,0,0,0,0,0,0,33,0,0,0,963,detection,
964175,22,12,2464,2464,0,0,0,0,0,0,61,0,0,0,964,detection,
964214,26,12,2464,2464,0,0,0,0,0,0,51,0,0,0,964,detection,
964352,25,21,1792,1792,0,0,0,0,0,0,45,0,0,0,964,detection,
964398,27,21,1792,1792,0,0,0,0,0,0,42,0,0,0,964,detection,
964988,14,5,2152,2152,0,0,0,0,0,0,54,0,0,0,964,detection,
965111,11,5,2152,2152,0,0,0,0,0,0,32,0,0,0,965,detection,
965183,15,5,2152,2152,0,0,0,0,0,0,53,0,0,0,965,detection,
965343,4,2,3405,3405,0,0,0,0,0,0,36,0,0,0,965,detection,
965363,20,2,3405,3405,0,0,0,0,0,0,57,0,0,0,965,detection,
965768,27,25,2015,2015,0,0,0,0,0,0,46,0,0,0,965,detection,
965789,17,25,2015,2015,0,0,0,0,0,0,46,0,0,0,965,detection,
966633,6,20,1765,1765,0,0,0,0,0,0,61,0,0,0,966,detection,
967513,6,28,2193,2193,0,0,0,0,0,0,76,0,0,0,967,detection,
967740,19,15,2138,2138,0,0,0,0,0,0,62,0,0,0,967,detection,
967830,13,22,2471,2471,0,0,0,0,0,0,66,0,0,0,967,detection,
968489,20,3,1288,1288,0,0,0,0,0,0,48,0,0,0,968,detection,
968511,6,3,1288,1288,0,0,0,0,0,0,49,0,0,0,968,detection,
968536,2,3,1288,1288,0,0,0,0,0,0,52,0,0,0,968,detection,
968727,8,9,1675,1675,0,0,0,0,0,0,59,0,0,0,968,detection,
969018,27,10,2236,2236,0,0,0,0,0,0,59,0,0,0,969,detection,
969035,17,10,2236,2236,0,0,0,0,0,0,58,0,0,0,969,detection,
969142,27,8,2024,2024,0,0,0,0,0,0,43,0,0,0,969,detection,
971883,6,23,1894,1894,0,0,0,0,0,0,44,0,0,0,971,detection,
971967,4,23,1894,1894,0,0,0,0,0,0,36,0,0,0,971,detection,
972191,21,25,2024,2024,0,0,0,0,0,0,51,0,0,0,972,detection,
972238,11,5,1800,1800,0,0,0,0,0,0,36,0,0,0,972,detection,
972285,17,25,2024,2024,0,0,0,0,0,0,49,0,0,0,972,detection,
975483,20,4,2056,2056,0,0,0,0,0,0,55,0,0,0,975,detection,
975733,8,29,2872,949,1923,0,100,100,51,0,40,0,69,55,975,detection,
977413,7,13,2650,2650,0,0,0,0,0,0,51,0,0,0,977,detection,
979810,12,10,2326,2326,0,0,0,0,0,0,54,0,0,0,979,detection,
979904,24,10,2326,2326,0,0,0,0,0,0,56,0,0,0,979,detection,
979913,17,10,2326,2326,0,0,0,0,0,0,58,0,0,0,979,detection,
979913,2,18,2327,2327,0,0,0,0,0,0,57,0,0,0,979,detection,
979935,3,18,2327,2327,0,0,0,0,0,0,60,0,0,0,979,detection,
980608,14,5,1800,1800,0,0,0,0,0,0,55,0,0,0,980,detection,
980613,11,5,1800,1800,0,0,0,0,0,0,36,0,0,0,980,detection,
980860,14,11,2312,2312,0,0,0,0,0,0,38,0,0,0,980,detection,
983415,17,8,2228,2228,0,0,0,0,0,0,55,0,0,0,983,detection,
984106,10,27,1540,1540,0,0,0,0,0,0,33,0,0,0,984,detection,
984175,5,14,2048,2048,0,0,0,0,0,0,46,0,0,0,984,detection,
984178,17,27,1540,1540,0,0,0,0,0,0,38,0,0,0,984,detection,
985304,28,23,1894,1894,0,0,0,0,0,0,32,0,0,0,985,detection,
985338,4,23,1894,1894,0,0,0,0,0,0,36,0,0,0,985,detection,
985362,14,23,1894,1894,0,0,0,0,0,0,51,0,0,0,985,detection,
987015,27,21,1792,1792,0,0,0,0,0,0,40,0,0,0,987,detection,
990839,4,2,2030,2030,0,0,0,0,0,0,41,0,0,0,990,detection,
990864,14,2,2030,2030,0,0,0,0,0,0,59,0,0,0,990,detection,
990890,20,2,2030,2030,0,0,0,0,0,0,54,0,0,0,990,detection,
990925,28,2,2030,2030,0,0,0,0,0,0,47,0,0,0,990,detection,
990954,18,2,2030,2030,0,0,0,0,0,0,51,0,0,0,990,detection,
991052,28,4,2056,2056,0,0,0,0,0,0,46,0,0,0,991,detection,
991110,20,4,2056,2056,0,0,0,0,0,0,55,0,0,0,991,detection,
991229,10,9,2036,2036,0,0,0,0,0,0,43,0,0,0,991,detection,
991683,15,19,3006,3006,0,0,0,0,0,0,51,0,0,0,991,detection,
992472,9,24,2052,2052,0,0,0,0,0,0,39,0,0,0,992,detection,
992955,18,28,2406,2406,0,0,0,0,0,0,55,0,0,0,992,detection,
994281,2,18,2560,2560,0,0,0,0,0,0,56,0,0,0,994,detection,
995828,13,30,2913,1996,917,0,100,100,7,0,36,0,69,55,995,detection,
995850,23,30,2913,1996,917,0,100,100,2,0,40,0,69,55,995,detection,
995853,25,30,2913,1996,917,0,100,100,78,0,78,0,48,40,995,detection,
995858,8,30,2913,1996,917,0,100,100,12,0,44,0,64,40,995,detection,
995909,2,30,2913,1996,917,0,100,100,89,0,51,0,58,40,995,detection,
995939,15,30,2913,1996,917,0,100,100,0,7,71,0,48,40,995,detection,
995948,21,30,2913,1996,917,0,100,100,86,0,51,0,58,40,995,detection,
998180,5,22,2580,2580,0,0,0,0,0,0,40,0,0,0,998,detection,
1000198,18,28,2406,2406,0,0,0,0,0,0,53,0,0,0,1000,detection,
1000220,23,28,2406,2406,0,0,0,0,0,0,28,0,0,0,1000,detection,
1000303,22,19,2790,2790,0,0,0,0,0,0,41,0,0,0,1000,detection,
1000307,15,19,2790,2790,0,0,0,0,0,0,54,0,0,0,1000,detection,
1001403,1,20,2406,2406,0,0,0,0,0,0,37,0,0,0,1001,detection,
1002740,19,22,2408,2408,0,0,0,0,0,0,48,0,0,0,1002,detection,
1003239,14,11,2056,2056,0,0,0,0,0,0,40,0,0,0,1003,detection,
1006115,20,13,2568,2568,0,0,0,0,0,0,35,0,0,0,1006,detection,
1006145,16,13,2568,2568,0,0,0,0,0,0,44,0,0,0,1006,detection,
1006179,22,13,2568,2568,0,0,0,0,0,0,43,0,0,0,1006,detection,
1006218,4,13,2568,2568,0,0,0,0,0,0,48,0,0,0,1006,detection,
1006222,23,13,2568,2568,0,0,0,0,0,0,37,0,0,0,1006,detection,
1007232,1,20,2542,2542,0,0,0,0,0,0,40,0,0,0,1007,detection,
1007259,6,20,2542,2542,0,0,0,0,0,0,62,0,0,0,1007,detection,
1007966,9,24,2052,2052,0,0,0,0,0,0,39,0,0,0,1007,detection,
1010579,18,28,2406,2406,0,0,0,0,0,0,52,0,0,0,1010,detection,
1012134,1,20,2568,2568,0,0,0,0,0,0,39,0,0,0,1012,detection,
1012396,27,30,2973,2568,405,0,80,100,100,9,49,0,59,40,1012,detection,
1012412,2,30,2973,2568,405,0,76,100,64,0,54,0,58,40,1012,detection,
1012491,20,6,2004,2004,0,0,0,0,0,0,48,0,0,0,1012,detection,
1013052,28,22,2408,2408,0,0,0,0,0,0,51,0,0,0,1013,detection,
1013078,13,22,2408,2408,0,0,0,0,0,0,72,0,0,0,1013,detection,
1013116,19,22,2408,2408,0,0,0,0,0,0,48,0,0,0,1013,detection,
1016519,27,10,2564,2564,0,0,0,0,0,0,62,0,0,0,1016,detection,
1017685,3,9,2668,2668,0,0,0,0,0,0,60,0,0,0,1017,detection,
1019443,1,20,2312,2312,0,0,0,0,0,0,41,0,0,0,1019,detection,
1023926,28,22,2638,2638,0,0,0,0,0,0,50,0,0,0,1023,detection,
1024910,7,2,2030,2030,0,0,0,0,0,0,62,0,0,0,1024,detection,
1024982,8,2,2030,2030,0,0,0,0,0,0,41,0,0,0,1024,detection,
1027995,19,18,2616,2616,0,0,0,0,0,0,55,0,0,0,1027,detection,
1028557,15,23,2568,2568,0,0,0,0,0,0,33,0,0,0,1028,detection,
1030010,6,24,2052,2052,0,0,0,0,0,0,40,0,0,0,1030,detection,
1030035,2,24,2052,2052,0,0,0,0,0,0,32,0,0,0,1030,detection,
1030063,3,24,2052,2052,0,0,0,0,0,0,37,0,0,0,1030,detection,
1031805,12,10,2564,2564,0,0,0,0,0,0,55,0,0,0,1031,detection,
1031925,22,13,2564,2564,0,0,0,0,0,0,46,0,0,0,1031,detection,
1031955,18,13,2564,2564,0,0,0,0,0,0,47,0,0,0,1031,detection,
1032363,20,19,3202,3202,0,0,0,0,0,0,39,0,0,0,1032,detection,
1032424,22,19,3202,3202,0,0,0,0,0,0,48,0,0,0,1032,detection,
1036325,18,3,1900,1900,0,0,0,0,0,0,57,0,0,0,1036,detection,
1036330,13,3,1900,1900,0,0,0,0,0,0,46,0,0,0,1036,detection,
1036362,20,3,1900,1900,0,0,0,0,0,0,56,0,0,0,1036,detection,
1036398,16,3,1900,1900,0,0,0,0,0,0,53,0,0,0,1036,detection,
1036406,2,3,1900,1900,0,0,0,0,0,0,50,0,0,0,1036,detection,
1036410,7,3,1900,1900,0,0,0,0,0,0,47,0,0,0,1036,detection,
1036591,26,21,2024,2024,0,0,0,0,0,0,55,0,0,0,1036,detection,
1036896,16,13,2564,2564,0,0,0,0,0,0,46,0,0,0,1036,detection,
1036926,22,13,2564,2564,0,0,0,0,0,0,45,0,0,0,1036,detection,
1036986,14,13,2564,2564,0,0,0,0,0,0,42,0,0,0,1036,detection,
1039137,6,4,2560,2560,0,0,0,0,0,0,61,0,0,0,1039,detection,
1039155,24,4,2560,2560,0,0,0,0,0,0,32,0,0,0,1039,detection,
1039164,7,4,2560,2560,0,0,0,0,0,0,40,0,0,0,1039,detection,
1039228,8,4,2560,2560,0,0,0,0,0,0,50,0,0,0,1039,detection,
1039306,15,23,2918,2918,0,0,0,0,0,0,37,0,0,0,1039,detection,
1044805,15,5,2568,2568,0,0,0,0,0,0,56,0,0,0,1044,detection,
1049477,10,9,2790,2790,0,0,0,0,0,0,46,0,0,0,1049,detection,
1049487,14,9,2790,2790,0,0,0,0,0,0,62,0,0,0,1049,detection,
1049572,21,26,2536,2536,0,0,0,0,0,0,36,0,0,0,1049,detection,
1050807,12,28,2794,2794,0,0,0,0,0,0,55,0,0,0,1050,detection,
1057030,7,9,2889,2889,0,0,0,0,0,0,62,0,0,0,1057,detection,
1058116,19,15,2304,2304,0,0,0,0,0,0,64,0,0,0,1058,detection,
1058177,5,15,2304,2304,0,0,0,0,0,0,49,0,0,0,1058,detection,
1059391,27,10,2668,2668,0,0,0,0,0,0,66,0,0,0,1059,detection,
1059430,12,10,2668,2668,0,0,0,0,0,0,60,0,0,0,1059,detection,
1059469,9,10,2668,2668,0,0,0,0,0,0,71,0,0,0,1059,detection,
1059473,23,10,2668,2668,0,0,0,0,0,0,70,0,0,0,1059,detection,
1060317,1,3,1603,1603,0,0,0,0,0,0,44,0,0,0,1060,detection,
1060326,13,3,1603,1603,0,0,0,0,0,0,45,0,0,0,1060,detection,
1060394,16,3,1603,1603,0,0,0,0,0,0,50,0,0,0,1060,detection,
1060965,4,23,2980,2980,0,0,0,0,0,0,42,0,0,0,1060,detection,
1060979,10,23,2980,2980,0,0,0,0,0,0,43,0,0,0,1060,detection,
1063456,18,30,3033,2312,721,0,100,100,100,0,33,0,71,55,1063,detection,
1067029,24,4,2534,2534,0,0,0,0,0,0,38,0,0,0,1067,detection,
1067037,7,4,2534,2534,0,0,0,0,0,0,45,0,0,0,1067,detection,
1067056,12,4,2534,2534,0,0,0,0,0,0,53,0,0,0,1067,detection,
1067102,10,4,2534,2534,0,0,0,0,0,0,50,0,0,0,1067,detection,
1067110,20,4,2534,2534,0,0,0,0,0,0,60,0,0,0,1067,detection,
1069677,22,16,2627,2627,0,0,0,0,0,0,45,0,0,0,1069,detection,
1069707,13,16,2627,2627,0,0,0,0,0,0,56,0,0,0,1069,detection,
1070285,17,27,2668,2668,0,0,0,0,0,0,43,0,0,0,1070,detection,
1071806,12,23,2938,2938,0,0,0,0,0,0,55,0,0,0,1071,detection,
1071840,4,23,2938,2938,0,0,0,0,0,0,39,0,0,0,1071,detection,
1071853,10,23,2938,2938,0,0,0,0,0,0,42,0,0,0,1071,detection,
1071865,14,23,2938,2938,0,0,0,0,0,0,57,0,0,0,1071,detection,
1072156,7,9,2924,2924,0,0,0,0,0,0,61,0,0,0,1072,detection,
1072233,20,9,2924,2924,0,0,0,0,0,0,49,0,0,0,1072,detection,
1072234,14,9,2924,2924,0,0,0,0,0,0,65,0,0,0,1072,detection,
1072415,17,8,3180,3180,0,0,0,0,0,0,53,0,0,0,1072,detection,
1074689,21,25,2412,2412,0,0,0,0,0,0,54,0,0,0,1074,detection,
1077014,27,10,2412,2412,0,0,0,0,0,0,65,0,0,0,1077,detection,
1077039,17,10,2412,2412,0,0,0,0,0,0,66,0,0,0,1077,detection,
1077056,12,10,2412,2412,0,0,0,0,0,0,63,0,0,0,1077,detection,
1077090,4,10,2412,2412,0,0,0,0,0,0,45,0,0,0,1077,detection,
1077829,13,16,2551,2551,0,0,0,0,0,0,59,0,0,0,1077,detection,
1077849,23,30,3073,2542,531,0,100,100,54,0,43,0,66,55,1077,detection,
1078188,3,13,2777,2777,0,0,0,0,0,0,48,0,0,0,1078,detection,
1079479,8,4,2764,2764,0,0,0,0,0,0,53,0,0,0,1079,detection,
1079484,10,4,2764,2764,0,0,0,0,0,0,46,0,0,0,1079,detection,
1079538,7,4,2764,2764,0,0,0,0,0,0,44,0,0,0,1079,detection,
1079556,12,4,2764,2764,0,0,0,0,0,0,53,0,0,0,1079,detection,
1084812,15,22,3139,3139,0,0,0,0,0,0,58,0,0,0,1084,detection,
1084894,1,3,2107,2107,0,0,0,0,0,0,47,0,0,0,1084,detection,
1086306,12,23,2874,2874,0,0,0,0,0,0,55,0,0,0,1086,detection,
1090527,24,4,1280,1280,0,0,0,0,0,0,41,0,0,0,1090,detection,
1090557,12,4,1280,1280,0,0,0,0,0,0,56,0,0,0,1090,detection,
1090608,20,4,1280,1280,0,0,0,0,0,0,62,0,0,0,1090,detection,
1092233,10,30,3113,2668,445,0,84,100,100,0,53,0,58,40,1092,detection,
1093406,24,20,2048,2048,0,0,0,0,0,0,52,0,0,0,1093,detection,
1094184,15,13,2747,2747,0,0,0,0,0,0,44,0,0,0,1094,detection,
1094225,25,13,2747,2747,0,0,0,0,0,0,43,0,0,0,1094,detection,
1098868,19,5,2933,2933,0,0,0,0,0,0,45,0,0,0,1098,detection,
1098869,11,5,2933,2933,0,0,0,0,0,0,40,0,0,0,1098,detection,
1099050,22,28,768,768,0,0,0,0,0,0,43,0,0,0,1099,detection,
1099054,5,28,768,768,0,0,0,0,0,0,49,0,0,0,1099,detection,
1099076,3,28,768,768,0,0,0,0,0,0,68,0,0,0,1099,detection,
1099079,18,28,768,768,0,0,0,0,0,0,51,0,0,0,1099,detection,
1100276,24,20,2048,2048,0,0,0,0,0,0,46,0,0,0,1100,detection,
1102653,24,20,1280,1280,0,0,0,0,0,0,50,0,0,0,1102,detection,
1102846,23,12,1792,1792,0,0,0,0,0,0,40,0,0,0,1102,detection,
1106020,16,13,3063,3063,0,0,0,0,0,0,49,0,0,0,1106,detection,
1106049,22,13,3063,3063,0,0,0,0,0,0,49,0,0,0,1106,detection,
1106926,5,22,3139,3139,0,0,0,0,0,0,40,0,0,0,1106,detection,
1107902,24,20,1280,1280,0,0,0,0,0,0,49,0,0,0,1107,detection,
1108966,1,9,2924,2924,0,0,0,0,0,0,38,0,0,0,1108,detection,
1110618,19,18,1280,1280,0,0,0,0,0,0,59,0,0,0,1110,detection,
1112327,13,16,512,512,0,0,0,0,0,0,66,0,0,0,1112,detection,
1112348,9,16,512,512,0,0,0,0,0,0,53,0,0,0,1112,detection,
1118654,24,23,2304,2304,0,0,0,0,0,0,47,0,0,0,1118,detection,
1118681,12,23,2304,2304,0,0,0,0,0,0,59,0,0,0,1118,detection,
1118989,14,11,1792,1792,0,0,0,0,0,0,43,0,0,0,1118,detection,
1119400,6,31,2660,1812,848,0,100,100,100,0,30,0,73,55,1119,detection,
1122832,13,2,3092,3092,0,0,0,0,0,0,45,0,0,0,1122,detection,
1122836,4,10,3201,3201,0,0,0,0,0,0,69,0,0,0,1122,detection,
1122933,12,10,3201,3201,0,0,0,0,0,0,67,0,0,0,1122,detection,
1123449,1,9,1024,1024,0,0,0,0,0,0,38,0,0,0,1123,detection,
1123483,20,9,1024,1024,0,0,0,0,0,0,52,0,0,0,1123,detection,
1123487,14,9,1024,1024,0,0,0,0,0,0,67,0,0,0,1123,detection,
1123552,22,9,1024,1024,0,0,0,0,0,0,54,0,0,0,1123,detection,
1123557,3,9,1024,1024,0,0,0,0,0,0,59,0,0,0,1123,detection,
1124204,18,30,3193,2176,1017,0,100,100,35,0,60,0,58,40,1124,detection,
1124205,13,30,3193,2176,1017,0,100,100,12,0,55,0,58,40,1124,detection,
1124225,25,30,3193,2176,1017,0,100,100,10,0,73,0,48,40,1124,detection,
1125308,12,4,1792,1792,0,0,0,0,0,0,56,0,0,0,1125,detection,
1125350,10,4,1792,1792,0,0,0,0,0,0,49,0,0,0,1125,detection,
1125579,18,2,3274,3274,0,0,0,0,0,0,54,0,0,0,1125,detection,
1128536,17,10,2671,2671,0,0,0,0,0,0,67,0,0,0,1128,detection,
1129096,25,13,1689,1689,0,0,0,0,0,0,56,0,0,0,1129,detection,
1129485,14,5,2909,2909,0,0,0,0,0,0,56,0,0,0,1129,detection,
1129561,15,5,2909,2909,0,0,0,0,0,0,59,0,0,0,1129,detection,
1130348,10,4,1792,1792,0,0,0,0,0,0,52,0,0,0,1130,detection,
1133326,18,2,2201,2201,0,0,0,0,0,0,58,0,0,0,1133,detection,
1133929,5,16,512,512,0,0,0,0,0,0,58,0,0,0,1133,detection,
1136410,17,10,2575,2575,0,0,0,0,0,0,65,0,0,0,1136,detection,
1136432,12,10,2575,2575,0,0,0,0,0,0,69,0,0,0,1136,detection,
1136461,4,10,2575,2575,0,0,0,0,0,0,69,0,0,0,1136,detection,
1137413,2,18,2713,2713,0,0,0,0,0,0,56,0,0,0,1137,detection,
1137434,3,18,2713,2713,0,0,0,0,0,0,59,0,0,0,1137,detection,
1137477,25,18,2713,2713,0,0,0,0,0,0,38,0,0,0,1137,detection,
1137764,27,25,2304,2304,0,0,0,0,0,0,48,0,0,0,1137,detection,
1138363,11,23,2304,2304,0,0,0,0,0,0,36,0,0,0,1138,detection,
1138973,23,19,3652,3652,0,0,0,0,0,0,58,0,0,0,1138,detection,
1139574,18,2,1945,1945,0,0,0,0,0,0,59,0,0,0,1139,detection,
1143886,6,31,2700,1280,1420,0,100,100,87,0,35,0,70,55,1143,detection,
1144976,25,21,3353,3353,0,0,0,0,0,0,63,0,0,0,1144,detection,
1145993,19,5,1024,1024,0,0,0,0,0,0,48,0,0,0,1145,detection,
1147138,6,23,2304,2304,0,0,0,0,0,0,44,0,0,0,1147,detection,
1147936,12,4,3410,3410,0,0,0,0,0,0,56,0,0,0,1147,detection,
1147974,10,4,3410,3410,0,0,0,0,0,0,56,0,0,0,1147,detection,
1149345,25,13,2063,2063,0,0,0,0,0,0,58,0,0,0,1149,detection,
1149392,27,13,2063,2063,0,0,0,0,0,0,57,0,0,0,1149,detection,
1149452,18,13,2063,2063,0,0,0,0,0,0,57,0,0,0,1149,detection,
1149594,26,17,1536,1536,0,0,0,0,0,0,41,0,0,0,1149,detection,
1150825,18,2,2152,2152,0,0,0,0,0,0,59,0,0,0,1150,detection,
1151738,20,3,1536,1536,0,0,0,0,0,0,58,0,0,0,1151,detection,
1153702,18,30,3233,2176,1057,0,100,100,5,0,54,0,58,40,1153,detection,
1155116,11,16,742,742,0,0,0,0,0,0,43,0,0,0,1155,detection,
1157714,4,10,2099,2099,0,0,0,0,0,0,71,0,0,0,1157,detection,
1158709,13,23,2788,2788,0,0,0,0,0,0,40,0,0,0,1158,detection,
1158761,6,23,2788,2788,0,0,0,0,0,0,49,0,0,0,1158,detection,
1160600,10,4,2581,2581,0,0,0,0,0,0,56,0,0,0,1160,detection,
1160682,12,4,2581,2581,0,0,0,0,0,0,56,0,0,0,1160,detection,
1161235,14,8,2304,2304,0,0,0,0,0,0,47,0,0,0,1161,detection,
1161741,11,19,3660,3660,0,0,0,0,0,0,79,0,0,0,1161,detection,
1163593,9,16,1303,1303,0,0,0,0,0,0,54,0,0,0,1163,detection,
1163615,11,16,1303,1303,0,0,0,0,0,0,48,0,0,0,1163,detection,
1165766,27,18,2560,2560,0,0,0,0,0,0,33,0,0,0,1165,detection,
1165812,3,18,2560,2560,0,0,0,0,0,0,55,0,0,0,1165,detection,
1166156,24,9,2048,2048,0,0,0,0,0,0,59,0,0,0,1166,detection,
1169180,12,10,2068,2068,0,0,0,0,0,0,70,0,0,0,1169,detection,
1169181,5,10,2068,2068,0,0,0,0,0,0,37,0,0,0,1169,detection,
1170160,7,4,2558,2558,0,0,0,0,0,0,44,0,0,0,1170,detection,
1170182,12,4,2558,2558,0,0,0,0,0,0,55,0,0,0,1170,detection,
1170225,10,4,2558,2558,0,0,0,0,0,0,56,0,0,0,1170,detection,
1170259,6,4,2558,2558,0,0,0,0,0,0,60,0,0,0,1170,detection,
1171364,11,19,2560,2560,0,0,0,0,0,0,78,0,0,0,1171,detection,
1172972,9,24,1840,1840,0,0,0,0,0,0,42,0,0,0,1172,detection,
1174346,26,29,3032,865,2167,0,100,100,100,0,28,0,75,55,1174,detection,
1174806,3,18,2805,2805,0,0,0,0,0,0,59,0,0,0,1174,detection,
1174811,15,18,2805,2805,0,0,0,0,0,0,59,0,0,0,1174,detection,
1174892,27,18,2805,2805,0,0,0,0,0,0,39,0,0,0,1174,detection,
1175092,4,2,2182,2182,0,0,0,0,0,0,44,0,0,0,1175,detection,
1175095,9,2,2182,2182,0,0,0,0,0,0,49,0,0,0,1175,detection,
1175202,18,2,2182,2182,0,0,0,0,0,0,58,0,0,0,1175,detection,
1175203,13,2,2182,2182,0,0,0,0,0,0,49,0,0,0,1175,detection,
1175337,18,30,3253,2176,1077,0,100,100,2,0,50,0,58,40,1175,detection,
1177715,4,23,2970,2970,0,0,0,0,0,0,39,0,0,0,1177,detection,
1177728,10,23,2970,2970,0,0,0,0,0,0,41,0,0,0,1177,detection,
1177805,12,23,2970,2970,0,0,0,0,0,0,61,0,0,0,1177,detection,
1177831,13,23,2970,2970,0,0,0,0,0,0,42,0,0,0,1177,detection,
1178179,5,12,1817,1817,0,0,0,0,0,0,44,0,0,0,1178,detection,
1178217,26,12,1817,1817,0,0,0,0,0,0,55,0,0,0,1178,detection,
1178221,23,12,1817,1817,0,0,0,0,0,0,44,0,0,0,1178,detection,
1178972,9,16,1590,1590,0,0,0,0,0,0,53,0,0,0,1178,detection,
1178986,11,16,1590,1590,0,0,0,0,0,0,49,0,0,0,1178,detection,
1178992,19,16,1590,1590,0,0,0,0,0,0,57,0,0,0,1178,detection,
1180431,15,23,2329,2329,0,0,0,0,0,0,41,0,0,0,1180,detection,
1180451,13,23,2329,2329,0,0,0,0,0,0,42,0,0,0,1180,detection,
1180591,9,2,2209,2209,0,0,0,0,0,0,48,0,0,0,1180,detection,
1181613,11,19,1590,2102,-512,100,76,100,50,6,81,0,49,40,1181,detection,
1182113,11,19,1590,2102,-512,100,77,100,0,6,79,0,49,40,1182,detection,
1184200,18,30,3273,2176,1097,0,100,100,2,0,46,0,63,40,1184,detection,
1184269,27,30,3273,2176,1097,0,100,100,79,7,63,0,48,40,1184,detection,
1184401,24,9,1846,1846,0,0,0,0,0,0,60,0,0,0,1184,detection,
1187683,15,18,2841,2841,0,0,0,0,0,0,58,0,0,0,1187,detection,
1190478,10,23,2073,2073,0,0,0,0,0,0,48,0,0,0,1190,detection,
1194348,25,30,3293,2176,1117,0,100,100,11,0,67,0,48,40,1194,detection,
1194593,4,29,3092,865,2227,0,100,100,100,10,40,0,69,55,1194,detection,
1196735,14,8,2252,2252,0,0,0,0,0,0,47,0,0,0,1196,detection,
1196785,2,8,2252,2252,0,0,0,0,0,0,50,0,0,0,1196,detection,
1196850,25,8,2252,2252,0,0,0,0,0,0,79,0,0,0,1196,detection,
1197805,15,18,3020,3020,0,0,0,0,0,0,54,0,0,0,1197,detection,
1198358,8,2,2209,2209,0,0,0,0,0,0,43,0,0,0,1198,detection,
1200594,26,27,2329,2329,0,0,0,0,0,0,54,0,0,0,1200,detection,
1200651,24,9,2557,2557,0,0,0,0,0,0,59,0,0,0,1200,detection,
1200662,17,27,2329,2329,0,0,0,0,0,0,48,0,0,0,1200,detection,
1206569,21,18,3070,3070,0,0,0,0,0,0,37,0,0,0,1206,detection,
1207576,18,16,2090,2090,0,0,0,0,0,0,70,0,0,0,1207,detection,
1210296,7,4,2537,2537,0,0,0,0,0,0,44,0,0,0,1210,detection,
1210387,6,4,2537,2537,0,0,0,0,0,0,59,0,0,0,1210,detection,
1213912,17,27,2329,2329,0,0,0,0,0,0,44,0,0,0,1213,detection,
1213980,10,27,2329,2329,0,0,0,0,0,0,35,0,0,0,1213,detection,
1214076,13,2,2304,2304,0,0,0,0,0,0,52,0,0,0,1214,detection,
1214102,8,2,2304,2304,0,0,0,0,0,0,46,0,0,0,1214,detection,
1214161,7,2,2304,2304,0,0,0,0,0,0,62,0,0,0,1214,detection,
1214468,9,24,2042,2042,0,0,0,0,0,0,42,0,0,0,1214,detection,
1216030,1,9,2835,2835,0,0,0,0,0,0,39,0,0,0,1216,detection,
1216049,22,9,2835,2835,0,0,0,0,0,0,55,0,0,0,1216,detection,
1216358,8,13,2349,2349,0,0,0,0,0,0,62,0,0,0,1216,detection,
1216362,14,13,2349,2349,0,0,0,0,0,0,69,0,0,0,1216,detection,
1216393,16,13,2349,2349,0,0,0,0,0,0,58,0,0,0,1216,detection,
1216413,7,13,2349,2349,0,0,0,0,0,0,63,0,0,0,1216,detection,
1217474,23,10,2841,2841,0,0,0,0,0,0,73,0,0,0,1217,detection,
1217536,17,10,2841,2841,0,0,0,0,0,0,68,0,0,0,1217,detection,
1221728,25,30,3313,2176,1137,0,100,100,2,0,63,0,48,40,1221,detection,
1225656,1,9,2963,2963,0,0,0,0,0,0,34,0,0,0,1225,detection,
1225674,22,9,2963,2963,0,0,0,0,0,0,53,0,0,0,1225,detection,
1225784,17,10,2585,2585,0,0,0,0,0,0,68,0,0,0,1225,detection,
1225845,23,10,2585,2585,0,0,0,0,0,0,76,0,0,0,1225,detection,
1227032,24,6,2697,2697,0,0,0,0,0,0,28,0,0,0,1227,detection,
1228083,1,3,2681,2681,0,0,0,0,0,0,52,0,0,0,1228,detection,
1231826,18,2,2721,2721,0,0,0,0,0,0,54,0,0,0,1231,detection,
1231827,13,2,2721,2721,0,0,0,0,0,0,56,0,0,0,1231,detection,
1232477,8,13,2102,2102,0,0,0,0,0,0,65,0,0,0,1232,detection,
1232485,14,13,2102,2102,0,0,0,0,0,0,71,0,0,0,1232,detection,
1232659,2,18,3233,3233,0,0,0,0,0,0,56,0,0,0,1232,detection,
1234560,15,5,2841,2841,0,0,0,0,0,0,62,0,0,0,1234,detection,
1235947,21,27,2599,2599,0,0,0,0,0,0,36,0,0,0,1235,detection,
1235977,10,27,2599,2599,0,0,0,0,0,0,35,0,0,0,1235,detection,
1236109,14,8,1846,1846,0,0,0,0,0,0,52,0,0,0,1236,detection,
1236159,7,8,1846,1846,0,0,0,0,0,0,69,0,0,0,1236,detection,
1236788,2,12,2815,2815,0,0,0,0,0,0,46,0,0,0,1236,detection,
1236806,5,12,2815,2815,0,0,0,0,0,0,47,0,0,0,1236,detection,
1236844,23,12,2815,2815,0,0,0,0,0,0,47,0,0,0,1236,detection,
1238790,17,26,2486,2486,0,0,0,0,0,0,33,0,0,0,1238,detection,
1239284,7,13,2102,2102,0,0,0,0,0,0,67,0,0,0,1239,detection,
1239353,8,13,2102,2102,0,0,0,0,0,0,64,0,0,0,1239,detection,
1240091,26,21,3049,3049,0,0,0,0,0,0,58,0,0,0,1240,detection,
1240099,25,21,3049,3049,0,0,0,0,0,0,68,0,0,0,1240,detection,
1240164,17,21,3049,3049,0,0,0,0,0,0,47,0,0,0,1240,detection,
1242300,5,15,2841,2841,0,0,0,0,0,0,52,0,0,0,1242,detection,
1242784,24,10,2880,2880,0,0,0,0,0,0,61,0,0,0,1242,detection,
1242788,17,10,2880,2880,0,0,0,0,0,0,70,0,0,0,1242,detection,
1242806,5,10,2880,2880,0,0,0,0,0,0,42,0,0,0,1242,detection,
1242848,23,10,2880,2880,0,0,0,0,0,0,77,0,0,0,1242,detection,
1242852,25,10,2880,2880,0,0,0,0,0,0,44,0,0,0,1242,detection,
1243530,24,20,3353,3353,0,0,0,0,0,0,53,0,0,0,1243,detection,
1243627,1,6,2673,2673,0,0,0,0,0,0,19,0,0,0,1243,detection,
1244193,21,18,3258,3258,0,0,0,0,0,0,41,0,0,0,1244,detection,
1244390,6,31,2820,2499,321,0,69,100,100,0,40,0,69,55,1244,detection,
1244537,17,21,3049,3049,0,0,0,0,0,0,43,0,0,0,1244,detection,
1244588,26,21,3049,3049,0,0,0,0,0,0,53,0,0,0,1244,detection,
1245368,1,9,2999,2999,0,100,0,0,0,0,45,0,62,40,1245,detection,
1246179,15,5,2841,2841,0,0,0,0,0,0,61,0,0,0,1246,detection,
1248720,26,29,3132,1060,2072,0,100,100,15,0,29,0,74,55,1248,detection,
1249992,19,15,2841,2841,0,0,0,0,0,0,66,0,0,0,1249,detection,
1250964,26,17,2614,2614,0,0,0,0,0,0,41,0,0,0,1250,detection,
1251447,21,25,2673,2673,0,0,0,0,0,0,54,0,0,0,1251,detection,
1253477,8,13,2076,2076,0,0,0,0,0,0,62,0,0,0,1253,detection,
1253485,14,13,2076,2076,0,0,0,0,0,0,66,0,0,0,1253,detection,
1254745,19,18,3126,3126,0,0,0,0,0,0,58,0,0,0,1254,detection,
1254767,27,18,3126,3126,0,0,0,0,0,0,41,0,0,0,1254,detection,
1254840,4,9,2614,2614,0,100,0,0,0,0,56,0,56,40,1254,detection,
1254856,8,9,2614,2614,0,100,0,0,0,0,66,0,49,40,1254,detection,
1258992,1,4,2940,2940,0,0,0,0,0,0,26,0,0,0,1258,detection,
1260346,25,10,2870,2870,0,0,0,0,0,0,49,0,0,0,1260,detection,
1260388,6,3,3071,3071,0,0,0,0,0,0,52,0,0,0,1260,detection,
1260410,7,3,3071,3071,0,0,0,0,0,0,50,0,0,0,1260,detection,
1260483,8,3,3071,3071,0,0,0,0,0,0,29,0,0,0,1260,detection,
1260639,1,3,3071,3071,0,0,0,0,0,0,50,0,0,0,1260,detection,
1261306,12,23,2657,2657,0,0,0,0,0,0,68,0,0,0,1261,detection,
1261306,15,23,2657,2657,0,0,0,0,0,0,46,0,0,0,1261,detection,
1261332,13,23,2657,2657,0,0,0,0,0,0,47,0,0,0,1261,detection,
1261340,4,23,2657,2657,0,0,0,0,0,0,45,0,0,0,1261,detection,
1261371,19,23,2657,2657,0,0,0,0,0,0,38,0,0,0,1261,detection,
1261471,9,8,2119,2119,0,0,0,0,0,0,77,0,0,0,1261,detection,
1262346,23,10,2870,2870,0,0,0,0,0,0,73,0,0,0,1262,detection,
1264082,13,9,2614,2614,0,100,0,0,0,0,60,0,56,40,1264,detection,
1264103,8,9,2614,2614,0,100,0,0,0,0,74,0,49,40,1264,detection,
1264114,14,9,2614,2614,0,100,0,0,0,0,80,0,49,40,1264,detection,
1264353,8,3,2375,2375,0,0,0,0,0,0,39,0,0,0,1264,detection,
1264383,6,3,2375,2375,0,0,0,0,0,0,57,0,0,0,1264,detection,
1265308,3,4,2631,2631,0,0,0,0,0,0,41,0,0,0,1265,detection,
1265356,8,4,2631,2631,0,0,0,0,0,0,57,0,0,0,1265,detection,
1265409,7,4,2631,2631,0,0,0,0,0,0,48,0,0,0,1265,detection,
1270977,8,4,2375,2375,0,0,0,0,0,0,58,0,0,0,1270,detection,
1271033,7,4,2375,2375,0,0,0,0,0,0,49,0,0,0,1271,detection,
1271058,3,4,2375,2375,0,0,0,0,0,0,43,0,0,0,1271,detection,
1272965,26,17,2380,2380,0,0,0,0,0,0,42,0,0,0,1272,detection,
1273035,2,12,2816,2816,0,0,0,0,0,0,49,0,0,0,1273,detection,
1273131,19,12,2816,2816,0,0,0,0,0,0,47,0,0,0,1273,detection,
1274029,24,20,2614,2614,0,0,0,0,0,0,56,0,0,0,1274,detection,
1274935,15,18,2866,2866,0,0,0,0,0,0,57,0,0,0,1274,detection,
1274995,19,18,2866,2866,0,0,0,0,0,0,58,0,0,0,1274,detection,
1277348,9,30,3353,2176,1177,0,100,100,100,0,59,0,58,40,1277,detection,
1277362,8,30,3353,2176,1177,0,100,100,30,0,60,0,58,40,1277,detection,
1277396,27,30,3353,2176,1177,0,100,100,9,7,64,0,48,40,1277,detection,
1279089,4,23,2900,2900,0,0,0,0,0,0,44,0,0,0,1279,detection,
1279115,11,23,2900,2900,0,0,0,0,0,0,40,0,0,0,1279,detection,
1279117,19,23,2900,2900,0,0,0,0,0,0,38,0,0,0,1279,detection,
1279178,15,23,2900,2900,0,0,0,0,0,0,42,0,0,0,1279,detection,
1279659,24,22,2892,2892,0,0,0,0,0,0,51,0,0,0,1279,detection,
1279681,5,22,2892,2892,0,0,0,0,0,0,43,0,0,0,1279,detection,
1279963,26,17,3097,3097,0,0,0,0,0,0,46,0,0,0,1279,detection,
1282559,12,10,3126,3126,0,0,0,0,0,0,70,0,0,0,1282,detection,
1283737,20,7,2562,2562,0,0,0,0,0,0,45,0,0,0,1283,detection,
1285563,12,19,1590,2102,-512,100,97,100,64,8,53,0,56,40,1285,detection,
1286327,18,13,2076,2076,0,0,0,0,0,0,61,0,0,0,1286,detection,
1286348,9,13,2076,2076,0,0,0,0,0,0,32,0,0,0,1286,detection,
1286392,27,13,2076,2076,0,0,0,0,0,0,60,0,0,0,1286,detection,
1286521,27,8,2248,2248,0,0,0,0,0,0,47,0,0,0,1286,detection,
1286533,7,8,2248,2248,0,0,0,0,0,0,67,0,0,0,1286,detection,
1286542,17,8,2248,2248,0,0,0,0,0,0,56,0,0,0,1286,detection,
1288730,10,2,1846,1846,0,0,0,0,0,0,58,0,0,0,1288,detection,
1288739,14,2,1846,1846,0,0,0,0,0,0,57,0,0,0,1288,detection,
1289091,26,29,3192,1235,1957,0,100,100,18,0,30,0,73,55,1289,detection,
1289128,1,6,2861,2861,0,0,0,0,0,0,17,0,0,0,1289,detection,
1289365,1,6,2861,2861,0,0,0,0,0,0,17,0,0,0,1289,detection,
1289427,5,22,3232,3232,0,0,0,0,0,0,46,0,0,0,1289,detection,
1289525,24,22,3232,3232,0,0,0,0,0,0,51,0,0,0,1289,detection,
1289537,1,3,2309,2309,0,0,0,0,0,0,52,0,0,0,1289,detection,
1290306,12,10,2102,2102,0,0,0,0,0,0,70,0,0,0,1290,detection,
1290813,3,18,2588,2588,0,0,0,0,0,0,59,0,0,0,1290,detection,
1292031,7,8,2207,2207,0,0,0,0,0,0,61,0,0,0,1292,detection,
1292088,26,8,2207,2207,0,0,0,0,0,0,51,0,0,0,1292,detection,
1292100,25,8,2207,2207,0,0,0,0,0,0,76,0,0,0,1292,detection,
1292565,21,26,2881,2881,0,0,0,0,0,0,39,0,0,0,1292,detection,
1294302,5,22,2719,2719,0,0,0,0,0,0,50,0,0,0,1294,detection,
1294860,14,9,2614,2614,0,100,0,0,0,0,90,0,49,40,1294,detection,
1296058,12,10,2358,2358,0,0,0,0,0,0,64,0,0,0,1296,detection,
1296243,19,12,2332,2332,0,0,0,0,0,0,50,0,0,0,1296,detection,
1296340,26,8,2196,2196,0,0,0,0,0,0,51,0,0,0,1296,detection,
1296345,25,8,2196,2196,0,0,0,0,0,0,74,0,0,0,1296,detection,
1296404,7,8,2196,2196,0,0,0,0,0,0,60,0,0,0,1296,detection,
1296456,1,3,2400,2400,0,0,0,0,0,0,53,0,0,0,1296,detection,
1296508,6,3,2400,2400,0,0,0,0,0,0,62,0,0,0,1296,detection,
1296969,26,25,2719,2719,0,0,0,0,0,0,46,0,0,0,1296,detection,
1297761,6,31,2900,2720,180,0,40,100,20,0,38,0,74,55,1297,detection,
1297879,1,6,2912,2912,0,0,0,0,0,0,20,0,0,0,1297,detection,
1297932,3,6,2912,2912,0,0,0,0,0,0,38,0,0,0,1297,detection,
1298351,10,4,2480,2480,0,0,0,0,0,0,56,0,0,0,1298,detection,
1298452,18,13,2285,2285,0,0,0,0,0,0,59,0,0,0,1298,detection,
1298469,4,13,2285,2285,0,0,0,0,0,0,49,0,0,0,1298,detection,
1298472,23,13,2285,2285,0,0,0,0,0,0,38,0,0,0,1298,detection,
1298486,25,13,2285,2285,0,0,0,0,0,0,59,0,0,0,1298,detection,
1298490,20,13,2285,2285,0,0,0,0,0,0,40,0,0,0,1298,detection,
1298492,8,13,2285,2285,0,0,0,0,0,0,58,0,0,0,1298,detection,
1298536,7,13,2285,2285,0,0,0,0,0,0,61,0,0,0,1298,detection,
1298554,22,13,2285,2285,0,0,0,0,0,0,53,0,0,0,1298,detection,
1299567,21,7,2588,2588,0,100,0,0,0,0,58,0,56,40,1299,detection,
1299593,26,7,2588,2588,0,100,0,0,0,0,48,0,59,40,1299,detection,
1300492,11,15,2821,2821,0,0,0,0,0,0,42,0,0,0,1300,detection,
1303557,3,6,3168,3168,0,0,0,0,0,0,40,0,0,0,1303,detection,
1303629,1,6,3168,3168,0,0,0,0,0,0,21,0,0,0,1303,detection,
1308238,14,23,2923,2923,0,0,0,0,0,0,56,0,0,0,1308,detection,
1308239,11,23,2923,2923,0,0,0,0,0,0,40,0,0,0,1308,detection,
1308870,1,3,2407,2407,0,0,0,0,0,0,53,0,0,0,1308,detection,
1308884,6,3,2407,2407,0,0,0,0,0,0,62,0,0,0,1308,detection,
1309958,13,22,2797,2797,0,0,0,0,0,0,70,0,0,0,1309,detection,
1310726,10,4,2480,2480,0,0,0,0,0,0,56,0,0,0,1310,detection,
1310726,8,4,2480,2480,0,0,0,0,0,0,58,0,0,0,1310,detection,
1310739,20,4,2480,2480,0,0,0,0,0,0,58,0,0,0,1310,detection,
1310782,24,4,2480,2480,0,0,0,0,0,0,45,0,0,0,1310,detection,
1310786,7,4,2480,2480,0,0,0,0,0,0,49,0,0,0,1310,detection,
1310813,12,4,2480,2480,0,0,0,0,0,0,52,0,0,0,1310,detection,
1311453,18,2,2000,2000,0,0,0,0,0,0,57,0,0,0,1311,detection,
1311454,13,2,2000,2000,0,0,0,0,0,0,56,0,0,0,1311,detection,
1311466,4,2,2000,2000,0,0,0,0,0,0,47,0,0,0,1311,detection,
1311475,23,2,2000,2000,0,0,0,0,0,0,56,0,0,0,1311,detection,
1311482,9,2,2000,2000,0,0,0,0,0,0,52,0,0,0,1311,detection,
1311483,14,2,2000,2000,0,0,0,0,0,0,57,0,0,0,1311,detection,
1311497,10,2,2000,2000,0,0,0,0,0,0,58,0,0,0,1311,detection,
1311502,8,2,2000,2000,0,0,0,0,0,0,50,0,0,0,1311,detection,
1315403,24,22,2844,2844,0,0,0,0,0,0,55,0,0,0,1315,detection,
1315541,17,25,2512,2512,0,0,0,0,0,0,51,0,0,0,1315,detection,
1316586,1,6,3077,3077,0,0,0,0,0,0,21,0,0,0,1316,detection,
1316681,3,6,3077,3077,0,0,0,0,0,0,39,0,0,0,1316,detection,
1317316,21,7,2588,2588,0,100,0,0,0,0,66,0,49,40,1317,detection,
1317339,26,7,2588,2588,0,100,0,0,0,0,60,0,56,40,1317,detection,
1320057,12,10,2256,2256,0,0,0,0,0,0,71,0,0,0,1320,detection,
1321365,19,12,2356,2356,0,0,0,0,0,0,50,0,0,0,1321,detection,
1321429,22,12,2356,2356,0,0,0,0,0,0,60,0,0,0,1321,detection,
1322997,19,22,2895,2895,0,0,0,0,0,0,52,0,0,0,1322,detection,
1324098,25,18,2512,2512,0,0,0,0,0,0,38,0,0,0,1324,detection,
1324349,25,18,2512,2512,0,0,0,0,0,0,37,0,0,0,1324,detection,
1324407,2,18,2512,2512,0,0,0,0,0,0,55,0,0,0,1324,detection,
1324431,15,18,2512,2512,0,0,0,0,0,0,57,0,0,0,1324,detection,
1326987,14,23,2797,2797,0,0,0,0,0,0,56,0,0,0,1326,detection,
1327715,26,8,2480,2531,-51,100,9,70,6,7,60,0,56,40,1327,detection,
1327723,9,8,2480,2531,-51,100,7,70,4,6,90,0,49,40,1327,detection,
1327723,25,8,2480,2531,-51,100,7,70,5,0,81,0,49,40,1327,detection,
1327806,12,22,2895,2895,0,0,0,0,0,0,60,0,0,0,1327,detection,
1328368,1,3,3100,3100,0,0,0,0,0,0,51,0,0,0,1328,detection,
1328385,6,3,3100,3100,0,0,0,0,0,0,57,0,0,0,1328,detection,
1328480,8,3,3100,3100,0,0,0,0,0,0,41,0,0,0,1328,detection,
1330651,1,4,2512,2512,0,0,0,0,0,0,28,0,0,0,1330,detection,
1330681,3,4,2512,2512,0,0,0,0,0,0,42,0,0,0,1330,detection,
1330728,8,4,2512,2512,0,0,0,0,0,0,57,0,0,0,1330,detection,
1330759,6,4,2512,2512,0,0,0,0,0,0,59,0,0,0,1330,detection,
1330936,1,6,3024,3024,0,0,0,0,0,0,24,0,0,0,1330,detection,
1331030,24,6,3024,3024,0,0,0,0,0,0,32,0,0,0,1331,detection,
1331740,19,22,2612,2612,0,0,0,0,0,0,55,0,0,0,1331,detection,
1338872,1,6,3024,3024,0,0,0,0,0,0,24,0,0,0,1338,detection,
1338903,24,6,3024,3024,0,0,0,0,0,0,32,0,0,0,1338,detection,
1338932,3,6,3024,3024,0,0,0,0,0,0,43,0,0,0,1338,detection,
1339933,3,9,2614,2614,0,100,0,0,0,0,72,0,49,40,1339,detection,
1339976,25,9,2614,2614,0,100,0,0,0,0,73,0,49,40,1339,detection,
1339984,8,9,2614,2614,0,100,0,0,0,0,84,0,49,40,1339,detection,
1340027,24,9,2614,2614,0,100,0,0,0,0,67,0,49,40,1340,detection,
1340043,2,9,2614,2614,0,100,0,0,0,0,61,0,54,40,1340,detection,
1340488,19,22,2714,2714,0,0,0,0,0,0,54,0,0,0,1340,detection,
1340818,21,18,2256,2256,0,0,0,0,0,0,42,0,0,0,1340,detection,
1340870,19,18,2256,2256,0,0,0,0,0,0,58,0,0,0,1340,detection,
1341975,10,13,2845,2845,0,0,0,0,0,0,52,0,0,0,1341,detection,
1342034,7,13,2845,2845,0,0,0,0,0,0,58,0,0,0,1342,detection,
1345376,1,6,3126,3126,0,0,0,0,0,0,28,0,0,0,1345,detection,
1345402,24,6,3126,3126,0,0,0,0,0,0,36,0,0,0,1345,detection,
1346789,17,27,3157,3157,0,0,0,0,0,0,48,0,0,0,1346,detection,
1348162,7,10,2102,2102,0,0,0,0,0,0,43,0,0,0,1348,detection,
1348180,5,10,2102,2102,0,0,0,0,0,0,45,0,0,0,1348,detection,
1349572,1,3,3307,3307,0,0,0,0,0,0,51,0,0,0,1349,detection,
1349765,27,25,2797,2797,0,0,0,0,0,0,48,0,0,0,1349,detection,
1349786,17,25,2797,2797,0,0,0,0,0,0,54,0,0,0,1349,detection,
1351932,3,6,3126,3126,0,0,0,0,0,0,46,0,0,0,1351,detection,
1353438,15,30,3393,2554,839,0,100,100,8,7,72,0,48,40,1353,detection,
1353446,21,30,3393,2554,839,0,100,100,9,0,53,0,58,40,1353,detection,
1353908,7,10,1846,1846,0,0,0,0,0,0,41,0,0,0,1353,detection,
1353925,5,10,1846,1846,0,0,0,0,0,0,43,0,0,0,1353,detection,
1353933,12,10,1846,1846,0,0,0,0,0,0,74,0,0,0,1353,detection,
1355802,5,14,3024,3024,0,0,0,0,0,0,45,0,0,0,1355,detection,
1356300,22,13,2358,2358,0,0,0,0,0,0,57,0,0,0,1356,detection,
1356329,18,13,2358,2358,0,0,0,0,0,0,62,0,0,0,1356,detection,
1359556,3,6,3307,3307,0,0,0,0,0,0,49,0,0,0,1359,detection,
1362224,23,22,2998,2998,0,0,0,0,0,0,62,0,0,0,1362,detection,
1362245,19,22,2998,2998,0,0,0,0,0,0,59,0,0,0,1362,detection,
1362594,4,23,3100,3100,0,0,0,0,0,0,48,0,0,0,1362,detection,
1365262,1,24,2992,2992,0,0,0,0,0,0,39,0,0,0,1365,detection,
1368426,5,10,2118,2118,0,0,0,0,0,0,42,0,0,0,1368,detection,
1368429,12,10,2118,2118,0,0,0,0,0,0,72,0,0,0,1368,detection,
1369599,23,30,3433,2631,802,0,100,100,36,0,46,0,63,40,1369,detection,
1369606,10,30,3433,2631,802,0,100,100,43,0,56,0,58,40,1369,detection,
1369607,8,30,3433,2631,802,0,100,100,44,0,61,0,56,40,1369,detection,
1372214,1,2,2797,2797,0,0,0,0,0,0,25,0,0,0,1372,detection,
1372290,24,2,2797,2797,0,0,0,0,0,0,50,0,0,0,1372,detection,
1373011,1,24,3024,3024,0,0,0,0,0,0,42,0,0,0,1373,detection,
1373032,7,4,2716,2716,0,0,0,0,0,0,54,0,0,0,1373,detection,
1373101,8,4,2716,2716,0,0,0,0,0,0,54,0,0,0,1373,detection,
1373109,20,4,2716,2716,0,0,0,0,0,0,62,0,0,0,1373,detection,
1375483,14,5,3309,3309,0,0,0,0,0,0,55,0,0,0,1375,detection,
1375493,11,5,3309,3309,0,0,0,0,0,0,44,0,0,0,1375,detection,
1375820,21,25,3126,3126,0,0,0,0,0,0,57,0,0,0,1375,detection,
1376663,7,14,3024,3024,0,0,0,0,0,0,49,0,0,0,1376,detection,
1376680,5,14,3024,3024,0,0,0,0,0,0,45,0,0,0,1376,detection,
1376762,6,14,3024,3024,0,0,0,0,0,0,53,0,0,0,1376,detection,
1377184,3,6,3309,3309,0,0,0,0,0,0,53,0,0,0,1377,detection,
1377239,20,6,3309,3309,0,0,0,0,0,0,52,0,0,0,1377,detection,
1378084,3,6,3309,3309,0,0,0,0,0,0,52,0,0,0,1378,detection,
1378228,10,30,3453,2631,822,0,100,100,2,0,56,0,58,40,1378,detection,
1379719,23,22,3024,3024,0,0,0,0,0,0,61,0,0,0,1379,detection,
1379809,15,22,3024,3024,0,0,0,0,0,0,60,0,0,0,1379,detection,
1379990,1,24,3024,3024,0,0,0,0,0,0,36,0,0,0,1379,detection,
1386678,22,9,2614,2614,0,100,0,0,0,0,61,0,54,40,1386,detection,
1389485,20,6,3309,3309,0,0,0,0,0,0,51,0,0,0,1389,detection,
1390942,21,25,3536,3536,0,0,0,0,0,0,61,0,0,0,1390,detection,
1391180,15,23,3362,3362,0,0,0,0,0,0,46,0,0,0,1391,detection,
1391215,4,23,3362,3362,0,0,0,0,0,0,52,0,0,0,1391,detection,
1391232,10,23,3362,3362,0,0,0,0,0,0,47,0,0,0,1391,detection,
1391590,4,10,2327,2327,0,0,0,0,0,0,69,0,0,0,1391,detection,
1391598,9,10,2327,2327,0,0,0,0,0,0,70,0,0,0,1391,detection,
1391598,23,10,2327,2327,0,0,0,0,0,0,70,0,0,0,1391,detection,
1391606,8,10,2327,2327,0,0,0,0,0,0,46,0,0,0,1391,detection,
1393558,15,22,3126,3126,0,0,0,0,0,0,62,0,0,0,1393,detection,
1393579,13,22,3126,3126,0,0,0,0,0,0,68,0,0,0,1393,detection,
1393592,23,22,3126,3126,0,0,0,0,0,0,65,0,0,0,1393,detection,
1394012,6,20,2839,2839,0,0,0,0,0,0,62,0,0,0,1394,detection,
1394660,1,24,3024,3024,0,0,0,0,0,0,35,0,0,0,1394,detection,
1395932,15,23,2839,2839,0,0,0,0,0,0,50,0,0,0,1395,detection,
1395963,4,23,2839,2839,0,0,0,0,0,0,55,0,0,0,1395,detection,
1395976,10,23,2839,2839,0,0,0,0,0,0,50,0,0,0,1395,detection,
1396816,21,25,3536,3536,0,0,0,0,0,0,60,0,0,0,1396,detection,
1396853,10,27,3351,3351,0,0,0,0,0,0,38,0,0,0,1396,detection,
1400407,2,12,2581,2581,0,0,0,0,0,0,49,0,0,0,1400,detection,
1400429,5,12,2581,2581,0,0,0,0,0,0,51,0,0,0,1400,detection,
1400467,26,12,2581,2581,0,0,0,0,0,0,58,0,0,0,1400,detection,
1403165,17,26,3093,3093,0,0,0,0,0,0,37,0,0,0,1403,detection,
1403492,11,22,3126,3126,0,0,0,0,0,0,59,0,0,0,1403,detection,
1403632,6,20,2583,2583,0,0,0,0,0,0,63,0,0,0,1403,detection,
1403816,21,7,2256,2256,0,100,0,0,0,0,75,0,49,40,1403,detection,
1404142,16,27,3351,3351,0,0,0,0,0,0,36,0,0,0,1404,detection,
1406475,25,8,2839,2839,0,0,0,70,5,7,74,0,48,40,1406,detection,
1406518,27,8,2839,2839,0,0,0,0,0,0,47,0,0,0,1406,detection,
1408579,13,3,2742,2742,0,0,0,0,0,0,50,0,0,0,1408,detection,
1408684,12,16,1923,1923,0,0,0,0,0,0,57,0,0,0,1408,detection,
1408741,19,16,1923,1923,0,0,0,0,0,0,59,0,0,0,1408,detection,
1409605,10,13,3315,3315,0,0,0,0,0,0,57,0,0,0,1409,detection,
1409610,8,13,3315,3315,0,0,0,0,0,0,55,0,0,0,1409,detection,
1409644,27,13,3315,3315,0,0,0,0,0,0,62,0,0,0,1409,detection,
1409686,3,13,3315,3315,0,0,0,0,0,0,56,0,0,0,1409,detection,
1410628,1,2,3024,3024,0,0,0,0,0,0,23,0,0,0,1410,detection,
1410654,24,2,3024,3024,0,0,0,0,0,0,52,0,0,0,1410,detection,
1417348,25,13,3439,3439,0,0,0,0,0,0,63,0,0,0,1417,detection,
1417389,27,13,3439,3439,0,0,0,0,0,0,57,0,0,0,1417,detection,
1417435,15,13,3439,3439,0,0,0,0,0,0,57,0,0,0,1417,detection,
1417681,3,6,3351,3351,0,0,0,0,0,0,52,0,0,0,1417,detection,
1420539,17,26,2435,2435,0,0,0,0,0,0,39,0,0,0,1420,detection,
1421636,6,3,2821,2821,0,0,0,0,0,0,60,0,0,0,1421,detection,
1422053,5,19,2358,2358,0,0,0,0,0,0,36,0,0,0,1422,detection,
1422063,12,19,2358,2358,0,0,0,0,63,0,55,0,65,55,1422,detection,
1422473,25,18,3325,3325,0,0,0,0,0,0,46,0,0,0,1422,detection,
1422518,27,18,3325,3325,0,0,0,0,0,0,49,0,0,0,1422,detection,
1423280,7,14,3510,3510,0,0,0,0,0,0,54,0,0,0,1423,detection,
1423588,26,17,2947,2947,0,0,0,0,0,0,50,0,0,0,1423,detection,
1423664,1,2,3126,3126,0,0,0,0,0,0,27,0,0,0,1423,detection,
1424684,3,6,3351,3351,0,0,0,0,0,0,52,0,0,0,1424,detection,
1429491,1,2,2947,2947,0,0,0,0,0,0,30,0,0,0,1429,detection,
1429994,11,15,3638,3638,0,0,0,0,0,0,45,0,0,0,1429,detection,
1433144,27,13,3351,3351,0,0,0,0,0,0,61,0,0,0,1433,detection,
1433199,18,13,3351,3351,0,0,0,0,0,0,65,0,0,0,1433,detection,
1433216,4,13,3351,3351,0,0,0,0,0,0,52,0,0,0,1433,detection,
1433221,23,13,3351,3351,0,0,0,0,0,0,41,0,0,0,1433,detection,
1433551,22,19,2512,2512,0,0,0,0,0,0,51,0,0,0,1433,detection,
1433557,12,19,2512,2512,0,0,0,0,0,0,58,0,0,0,1433,detection,
1433616,20,19,2512,2512,0,0,0,0,0,0,42,0,0,0,1433,detection,
1433812,15,11,2947,2947,0,0,0,0,0,0,55,0,0,0,1433,detection,
1434841,26,17,3126,3638,-512,100,97,100,64,8,53,0,56,40,1434,detection,
1435201,1,2,2947,2947,0,0,0,0,0,0,30,0,0,0,1435,detection,
1436364,20,4,3024,3024,0,0,0,0,0,0,60,0,0,0,1436,detection,
1439301,1,2,3309,3309,0,0,0,0,0,0,34,0,0,0,1439,detection,
1439347,25,8,3555,3555,0,0,0,63,0,7,74,0,48,40,1439,detection,
1440267,27,18,3250,3250,0,0,0,0,0,0,44,0,0,0,1440,detection,
1443032,7,14,3510,3510,0,0,0,0,0,0,54,0,0,0,1443,detection,
1443556,3,6,3536,3536,0,0,0,0,0,0,56,0,0,0,1443,detection,
1445453,13,22,3024,3024,0,0,0,0,0,0,67,0,0,0,1445,detection,
1445456,1,2,3407,3407,0,0,0,0,0,0,41,0,0,0,1445,detection,
1445674,22,19,2512,2512,0,0,0,0,0,0,50,0,0,0,1445,detection,
1445703,18,19,2512,2512,0,0,0,0,0,0,42,0,0,0,1445,detection,
1445725,23,19,2512,2512,0,0,0,0,0,0,61,0,0,0,1445,detection,
1445737,20,19,2512,2512,0,0,0,0,0,0,42,0,0,0,1445,detection,
1445743,11,19,2512,2512,0,0,0,100,50,13,82,0,48,40,1445,detection,
1446959,13,16,2229,2229,0,0,0,0,0,0,73,0,0,0,1446,detection,
1449768,27,13,2741,2741,0,0,0,0,0,0,65,0,0,0,1449,detection,
1449769,16,13,2741,2741,0,0,0,0,0,0,54,0,0,0,1449,detection,
1449827,18,13,2741,2741,0,0,0,0,0,0,61,0,0,0,1449,detection,
1449837,4,13,2741,2741,0,0,0,0,0,0,56,0,0,0,1449,detection,
1449845,9,13,2741,2741,0,0,0,0,0,0,35,0,0,0,1449,detection,
1449845,23,13,2741,2741,0,0,0,0,0,0,45,0,0,0,1449,detection,
1449866,20,13,2741,2741,0,0,0,0,0,0,43,0,0,0,1449,detection,
1450917,17,25,3095,3095,0,0,0,0,0,0,56,0,0,0,1450,detection,
1451809,3,6,3638,3638,0,0,0,0,0,0,55,0,0,0,1451,detection,
1451966,4,23,2813,2813,0,0,0,0,0,0,55,0,0,0,1451,detection,
1451996,19,23,2813,2813,0,0,0,0,0,0,41,0,0,0,1451,detection,
1453687,3,24,3024,3024,0,0,0,0,0,0,40,0,0,0,1453,detection,
1454086,1,2,3335,3335,0,0,0,0,0,0,43,0,0,0,1454,detection,
1456283,7,14,3536,3536,0,0,0,0,0,0,58,0,0,0,1456,detection,
1458472,23,22,3325,3325,0,0,0,0,0,0,64,0,0,0,1458,detection,
1459166,17,8,3459,3459,0,0,0,0,0,0,58,0,0,0,1459,detection,
1459214,26,8,3459,3459,0,0,0,70,5,15,62,0,55,40,1459,detection,
1460068,3,6,3638,3638,0,0,0,0,0,0,55,0,0,0,1460,detection,
1460332,13,9,2614,2614,0,100,0,0,0,0,74,0,49,40,1460,detection,
1460332,18,9,2614,2614,0,100,0,0,0,0,64,0,49,40,1460,detection,
1460344,4,9,2614,2614,0,100,0,0,0,0,65,0,49,40,1460,detection,
1461116,11,10,3276,3276,0,0,0,0,0,0,37,0,0,0,1461,detection,
1462968,4,30,3533,2947,586,0,82,100,31,0,89,0,48,40,1462,detection,
1462975,9,30,3533,2947,586,0,100,100,69,0,61,0,56,40,1462,detection,
1462975,23,30,3533,2947,586,0,100,100,29,0,46,0,63,40,1462,detection,
1463075,18,30,3533,2947,586,0,100,100,68,0,47,0,62,40,1463,detection,
1466785,17,25,2998,2998,0,0,0,0,0,0,61,0,0,0,1466,detection,
1467644,16,27,3024,3024,0,0,0,0,0,0,40,0,0,0,1467,detection,
1467665,17,27,3024,3024,0,0,0,0,0,0,52,0,0,0,1467,detection,
1468013,6,24,3024,3024,0,0,0,0,0,0,43,0,0,0,1468,detection,
1468057,3,24,3024,3024,0,0,0,0,0,0,40,0,0,0,1468,detection,
1468108,8,30,3553,2691,862,0,100,100,6,0,66,0,48,40,1468,detection,
1468185,15,30,3553,2691,862,0,100,100,2,6,78,0,48,40,1468,detection,
1468202,18,30,3553,2691,862,0,100,100,35,0,51,0,58,40,1468,detection,
1469683,1,2,3296,3296,0,0,0,0,0,0,43,0,0,0,1469,detection,
1470633,6,14,3784,3784,0,0,0,0,0,0,57,0,0,0,1470,detection,
1472413,2,8,3612,3612,0,0,0,0,0,0,53,0,0,0,1472,detection,
1472413,17,8,3612,3612,0,0,0,0,0,0,61,0,0,0,1472,detection,
1472465,26,8,3612,3612,0,0,0,63,0,15,61,0,62,40,1472,detection,
1472473,25,8,3612,3612,0,0,0,53,0,7,73,0,0,0,1472,detection,
1473698,1,4,3325,3325,0,0,0,0,0,0,34,0,0,0,1473,detection,
1475485,14,5,3638,3638,0,0,0,0,0,0,58,0,0,0,1475,detection,
1476178,5,14,3565,3565,0,0,0,0,0,0,50,0,0,0,1476,detection,
1476433,3,6,3566,3566,0,0,0,0,0,0,55,0,0,0,1476,detection,
1479368,19,15,3536,3536,0,0,0,0,0,0,65,0,0,0,1479,detection,
1480200,18,30,3573,2691,882,0,100,100,2,0,55,0,58,40,1480,detection,
1480222,9,30,3573,2691,882,0,100,100,33,0,64,0,48,40,1480,detection,
1480532,2,8,3612,3612,0,0,0,0,0,0,48,0,0,0,1480,detection,
1480571,21,8,3612,3612,0,0,0,0,0,0,48,0,0,0,1480,detection,
1480588,26,8,3612,3612,0,0,0,53,0,16,56,0,0,0,1480,detection,
1480609,14,8,3612,3612,0,0,0,0,0,0,55,0,0,0,1480,detection,
1481574,1,4,3456,3456,0,0,0,0,0,0,37,0,0,0,1481,detection,
1483007,6,14,3822,3822,0,0,0,0,0,0,58,0,0,0,1483,detection,
1488366,1,4,3632,3632,0,0,0,0,0,0,49,0,0,0,1488,detection,
1490430,5,22,3638,3638,0,0,0,0,0,0,53,0,0,0,1490,detection,
1491306,5,12,3929,3929,0,0,0,0,0,0,79,0,0,0,1491,detection,
1493536,7,8,3850,3850,0,0,0,0,0,0,64,0,0,0,1493,detection,
1493567,21,8,3850,3850,0,0,0,0,0,0,53,0,0,0,1493,detection,
1493644,27,8,3850,3850,0,0,0,0,0,0,53,0,0,0,1493,detection,
1496426,5,12,2768,2768,0,0,0,0,0,0,79,0,0,0,1496,detection,
1496473,23,12,2768,2768,0,0,0,0,0,0,50,0,0,0,1496,detection,
1496562,15,22,3638,3638,0,0,0,0,0,0,64,0,0,0,1496,detection,
1499215,1,4,3280,3280,0,0,0,0,0,0,48,0,0,0,1499,detection,
1499228,8,4,3280,3280,0,0,0,0,0,0,58,0,0,0,1499,detection,
1503602,10,3,3638,3638,0,0,0,0,0,0,32,0,0,0,1503,detection,
1505963,4,23,3280,3280,0,0,0,0,0,0,54,0,0,0,1505,detection,
1506811,15,13,3860,3860,0,0,0,0,0,0,57,0,0,0,1506,detection,
1507280,24,22,3638,3638,0,0,0,0,0,0,59,0,0,0,1507,detection,
1507367,11,22,3638,3638,0,0,0,0,0,0,58,0,0,0,1507,detection,
1507806,3,6,3536,3536,0,0,0,0,0,0,55,0,0,0,1507,detection,
1508595,25,18,3620,3620,0,0,0,0,0,0,46,0,0,0,1508,detection,
1508767,1,4,3280,3280,0,0,0,0,0,0,47,0,0,0,1508,detection,
1508853,8,4,3280,3280,0,0,0,0,0,0,57,0,0,0,1508,detection,
1509561,15,5,3024,3024,0,0,0,0,0,0,63,0,0,0,1509,detection,
1509622,19,5,3024,3024,0,0,0,0,0,0,52,0,0,0,1509,detection,
1511790,17,26,3567,3567,0,0,0,0,0,0,49,0,0,0,1511,detection,
1512338,4,23,3280,3280,0,0,0,0,0,0,54,0,0,0,1512,detection,
1512752,1,20,3636,3636,0,0,0,0,0,0,62,0,0,0,1512,detection,
1513088,1,4,3536,3536,0,0,0,0,0,0,41,0,0,0,1513,detection,
1513160,7,4,3536,3536,0,0,0,0,0,0,57,0,0,0,1513,detection,
1513690,21,7,512,512,0,0,0,0,0,0,77,0,0,0,1513,detection,
1514972,9,3,3638,3638,0,0,0,0,0,0,47,0,0,0,1514,detection,
1515011,6,3,3638,3638,0,0,0,0,0,0,59,0,0,0,1515,detection,
1515023,16,3,3638,3638,0,0,0,0,0,0,47,0,0,0,1515,detection,
1515246,19,18,3620,3620,0,0,0,0,0,0,62,0,0,0,1515,detection,
1515313,3,18,3620,3620,0,0,0,0,0,0,60,0,0,0,1515,detection,
1515929,12,23,1024,1024,0,0,0,0,0,0,73,0,0,0,1515,detection,
1515963,4,23,1024,1024,0,0,0,0,0,0,58,0,0,0,1515,detection,
1517846,23,12,2512,2512,0,0,0,0,0,0,47,0,0,0,1517,detection,
1517910,2,12,2512,2512,0,0,0,0,0,0,53,0,0,0,1517,detection,
1518634,6,24,3500,3500,0,0,0,0,0,0,43,0,0,0,1518,detection,
1518689,3,24,3500,3500,0,0,0,0,0,0,39,0,0,0,1518,detection,
1518719,9,24,3500,3500,0,0,0,0,0,0,46,0,0,0,1518,detection,
1520407,7,8,3024,3024,0,0,0,0,0,0,63,0,0,0,1520,detection,
1520554,22,13,3860,3860,0,0,0,0,0,0,64,0,0,0,1520,detection,
1520779,24,10,3510,3510,0,0,0,0,0,0,60,0,0,0,1520,detection,
1521806,3,18,3638,3638,0,0,0,0,0,0,59,0,0,0,1521,detection,
1521844,25,18,3638,3638,0,0,0,0,0,0,49,0,0,0,1521,detection,
1521867,19,18,3638,3638,0,0,0,0,0,0,57,0,0,0,1521,detection,
1522810,3,24,3500,3500,0,0,0,0,0,0,39,0,0,0,1522,detection,
1523244,19,22,3612,3612,0,0,0,0,0,0,59,0,0,0,1523,detection,
1523307,3,6,4002,4002,0,0,0,0,0,0,58,0,0,0,1523,detection,
1523401,24,6,4002,4002,0,0,0,0,0,0,43,0,0,0,1523,detection,
1523521,16,3,3638,3638,0,0,0,0,0,0,48,0,0,0,1523,detection,
1523922,1,4,768,768,0,0,0,0,0,0,47,0,0,0,1523,detection,
1523978,8,4,768,768,0,0,0,0,0,0,59,0,0,0,1523,detection,
1524034,7,4,768,768,0,0,0,0,0,0,59,0,0,0,1524,detection,
1524715,4,23,768,768,0,0,0,0,0,0,59,0,0,0,1524,detection,
1525804,15,5,1280,1280,0,0,0,0,0,0,64,0,0,0,1525,detection,
1526007,6,14,4012,4012,0,0,0,0,0,0,58,0,0,0,1526,detection,
1527014,6,31,3240,3510,-270,5,58,100,65,10,40,0,73,55,1527,detection,
1527690,21,8,1933,1933,0,0,0,0,0,0,61,0,0,0,1527,detection,
1528724,23,12,2512,2512,0,0,0,0,0,0,48,0,0,0,1528,detection,
1530728,4,29,3352,1792,1560,0,100,100,93,9,43,0,66,55,1530,detection,
1530734,8,29,3352,1792,1560,0,100,100,50,0,44,0,64,40,1530,detection,
1531453,13,2,1792,1792,0,0,0,0,0,0,56,0,0,0,1531,detection,
1531478,1,20,3536,3536,0,0,0,0,0,0,60,0,0,0,1531,detection,
1534577,13,30,3613,2304,1309,0,100,100,35,0,57,0,58,40,1534,detection,
1534897,16,3,3638,3638,0,0,0,0,0,0,48,0,0,0,1534,detection,
1536552,5,12,2512,2512,0,0,0,0,0,0,77,0,0,0,1536,detection,
1537620,1,20,3536,3536,0,0,0,0,0,0,54,0,0,0,1537,detection,
1537967,4,29,3372,1792,1580,0,100,100,2,9,43,0,66,55,1537,detection,
1537979,8,29,3372,1792,1580,0,100,100,2,0,44,0,64,40,1537,detection,
1538652,24,6,3496,3496,0,0,0,0,0,0,48,0,0,0,1538,detection,
1539052,5,15,2304,2304,0,0,0,0,0,0,56,0,0,0,1539,detection,
1540096,25,10,3752,3752,0,0,0,0,0,0,52,0,0,0,1540,detection,
1541063,1,20,3584,3584,0,0,0,0,0,0,56,0,0,0,1541,detection,
1541307,12,23,768,768,0,0,0,0,0,0,77,0,0,0,1541,detection,
1541338,4,23,768,768,0,0,0,0,0,0,61,0,0,0,1541,detection,
1541634,1,4,768,768,0,0,0,0,0,0,49,0,0,0,1541,detection,
1541727,8,4,768,768,0,0,0,0,0,0,59,0,0,0,1541,detection,
1541786,2,24,3683,3683,0,0,0,0,0,0,36,0,0,0,1541,detection,
1542060,15,30,3633,2304,1329,0,100,100,47,6,79,0,48,40,1542,detection,
1543201,13,2,3840,3840,0,0,0,0,0,0,92,0,0,0,1543,detection,
1543737,11,19,3971,3971,0,0,0,0,0,0,80,0,0,0,1543,detection,
1543913,2,3,3638,3638,0,0,0,0,0,0,51,0,0,0,1543,detection,
1545228,8,29,3392,1280,2112,0,100,100,73,0,44,0,64,40,1545,detection,
1545348,25,10,3752,3752,0,0,0,0,0,0,51,0,0,0,1545,detection,
1545364,14,10,3752,3752,0,0,0,0,0,0,44,0,0,0,1545,detection,
1547167,17,21,1536,1536,0,0,0,0,0,0,45,0,0,0,1547,detection,
1548259,6,14,3752,3752,0,0,0,0,0,0,53,0,0,0,1548,detection,
1548552,5,12,2742,2742,0,0,0,0,0,0,74,0,0,0,1548,detection,
1548555,22,12,2742,2742,0,0,0,0,0,0,60,0,0,0,1548,detection,
1550327,13,2,2048,2048,0,0,0,0,0,0,91,0,0,0,1550,detection,
1550352,10,2,2048,2048,0,0,0,0,0,0,54,0,0,0,1550,detection,
1550365,14,2,2048,2048,0,0,0,0,0,0,60,0,0,0,1550,detection,
1550394,16,27,1024,1024,0,0,0,0,0,0,45,0,0,0,1550,detection,
1550427,22,27,1024,1024,0,0,0,0,0,0,53,0,0,0,1550,detection,
1550607,8,29,3412,1280,2132,0,100,100,2,0,44,0,64,40,1550,detection,
1550958,13,9,2048,2048,0,0,0,0,0,0,70,0,0,0,1550,detection,
1550988,14,9,2048,2048,0,0,0,0,0,0,85,0,0,0,1550,detection,
1551035,2,9,2048,2048,0,0,0,0,0,0,64,0,0,0,1551,detection,
1551071,3,9,2048,2048,0,0,0,0,0,0,74,0,0,0,1551,detection,
1551074,18,9,2048,2048,0,0,0,0,0,0,61,0,0,0,1551,detection,
1552982,8,29,3432,2048,1384,0,100,100,99,0,48,0,60,40,1552,detection,
1553089,4,29,3432,2048,1384,0,100,100,27,9,44,0,64,40,1553,detection,
1554683,15,18,3225,3225,0,0,0,0,0,0,63,0,0,0,1554,detection,
1554686,3,18,3225,3225,0,0,0,0,0,0,64,0,0,0,1554,detection,
1554695,21,18,3225,3225,0,0,0,0,0,0,54,0,0,0,1554,detection,
1555725,23,19,3971,3971,0,0,0,0,0,0,64,0,0,0,1555,detection,
1555736,11,19,3971,3971,0,0,0,0,0,0,78,0,0,0,1555,detection,
1555804,22,19,3971,3971,0,0,0,0,0,0,53,0,0,0,1555,detection,
1556911,7,8,1945,1945,0,0,0,0,0,0,66,0,0,0,1556,detection,
1559053,5,15,2252,2252,0,0,0,0,0,0,57,0,0,0,1559,detection,
1559735,14,10,2560,2560,0,0,0,0,0,0,47,0,0,0,1559,detection,
1559787,17,10,2560,2560,0,0,0,0,0,0,73,0,0,0,1559,detection,
1559846,9,10,2560,2560,0,0,0,0,0,0,73,0,0,0,1559,detection,
1560908,24,22,1536,1536,0,0,0,0,0,0,58,0,0,0,1560,detection,
1560931,12,22,1536,1536,0,0,0,0,0,0,62,0,0,0,1560,detection,
1560935,15,22,1536,1536,0,0,0,0,0,0,63,0,0,0,1560,detection,
1561008,6,14,2560,2560,0,0,0,0,0,0,57,0,0,0,1561,detection,
1561393,16,27,1118,1118,0,0,0,0,0,0,41,0,0,0,1561,detection,
1562038,2,30,3673,2560,1113,0,100,100,86,0,57,0,58,40,1562,detection,
1562082,13,30,3673,2560,1113,0,100,100,23,0,57,0,58,40,1562,detection,
1562099,9,30,3673,2560,1113,0,100,100,27,0,61,0,56,40,1562,detection,
1562103,25,30,3673,2560,1113,0,100,100,2,0,66,0,48,40,1562,detection,
1562576,18,3,1536,1536,0,0,0,0,0,0,62,0,0,0,1562,detection,
1562598,9,3,1536,1536,0,0,0,0,0,0,51,0,0,0,1562,detection,
1562615,20,3,1536,1536,0,0,0,0,0,0,57,0,0,0,1562,detection,
1564114,20,4,998,998,0,0,0,0,0,0,60,0,0,0,1564,detection,
1564339,18,19,3971,3971,0,0,0,0,0,0,45,0,0,0,1564,detection,
1565082,1,20,1510,1510,0,0,0,0,0,0,55,0,0,0,1565,detection,
1565155,24,20,1510,1510,0,0,0,0,0,0,59,0,0,0,1565,detection,
1567741,11,12,2048,2048,0,0,0,0,0,0,68,0,0,0,1567,detection,
1567799,22,12,2048,2048,0,0,0,0,0,0,56,0,0,0,1567,detection,
1569430,12,22,1536,1536,0,0,0,0,0,0,61,0,0,0,1569,detection,
1569430,15,22,1536,1536,0,0,0,0,0,0,58,0,0,0,1569,detection,
1570686,3,24,2048,2048,0,0,0,0,0,0,42,0,0,0,1570,detection,
1570721,25,30,3693,2560,1133,0,100,100,2,0,70,0,48,40,1570,detection,
1570785,2,30,3693,2560,1133,0,100,100,2,0,60,0,58,40,1570,detection,
1570802,5,15,1817,1817,0,0,0,0,0,0,58,0,0,0,1570,detection,
1572091,4,23,1205,1205,0,0,0,0,0,0,60,0,0,0,1572,detection,
1572216,1,20,1254,1254,0,0,0,0,0,0,57,0,0,0,1572,detection,
1572473,23,10,2560,2560,0,0,0,0,0,0,65,0,0,0,1572,detection,
1572519,16,10,2560,2560,0,0,0,0,0,0,58,0,0,0,1572,detection,
1572520,27,10,2560,2560,0,0,0,0,0,0,67,0,0,0,1572,detection,
1572528,24,10,2560,2560,0,0,0,0,0,0,59,0,0,0,1572,detection,
1572930,3,24,2048,2048,0,0,0,0,0,0,42,0,0,0,1572,detection,
1573258,6,14,2304,2304,0,0,0,0,0,0,58,0,0,0,1573,detection,
1575337,4,23,1024,1024,0,0,0,0,0,0,62,0,0,0,1575,detection,
1577349,25,21,1876,1876,0,0,0,0,0,0,62,0,0,0,1577,detection,
1580785,2,30,3733,2388,1345,0,100,100,25,0,59,0,58,40,1580,detection,
1586740,11,5,2480,2480,0,0,0,0,0,0,53,0,0,0,1586,detection,
1586848,23,12,1792,1792,0,0,0,0,0,0,52,0,0,0,1586,detection,
1588094,25,18,2048,2048,0,0,0,0,0,0,52,0,0,0,1588,detection,
1588120,19,18,2048,2048,0,0,0,0,0,0,60,0,0,0,1588,detection,
1589221,9,24,2048,2048,0,0,0,0,0,0,49,0,0,0,1589,detection,
1590981,10,27,1389,1389,0,0,0,0,0,0,42,0,0,0,1590,detection,
1594430,5,22,1578,1578,0,0,0,0,0,0,56,0,0,0,1594,detection,
1595846,9,13,2278,2278,0,0,0,0,0,0,41,0,0,0,1595,detection,
1596955,18,30,3773,2900,873,0,100,100,1,0,58,0,58,40,1596,detection,
1597236,11,5,2090,2090,0,0,0,0,0,0,56,0,0,0,1597,detection,
1598590,4,10,1766,1766,0,0,0,0,0,0,68,0,0,0,1598,detection,
1598607,8,10,1766,1766,0,0,0,0,0,0,50,0,0,0,1598,detection,
1598849,25,13,2278,2278,0,0,0,0,0,0,65,0,0,0,1598,detection,
1598866,20,13,2278,2278,0,0,0,0,0,0,47,0,0,0,1598,detection,
1599614,20,19,2560,2560,0,0,0,0,0,0,45,0,0,0,1599,detection,
1600470,4,16,1766,1766,0,0,0,0,0,0,46,0,0,0,1600,detection,
1603237,11,5,2602,2602,0,0,0,0,0,0,56,0,0,0,1603,detection,
1603712,4,10,1766,1766,0,0,0,0,0,0,67,0,0,0,1603,detection,
1603730,8,10,1766,1766,0,0,0,0,0,0,45,0,0,0,1603,detection,
1603764,27,10,1766,1766,0,0,0,0,0,0,70,0,0,0,1603,detection,
1603812,12,10,1766,1766,0,0,0,0,0,0,71,0,0,0,1603,detection,
1605182,22,27,1310,1310,0,0,0,0,0,0,48,0,0,0,1605,detection,
1605196,21,27,1310,1310,0,0,0,0,0,0,40,0,0,0,1605,detection,
1605451,18,30,3833,3024,809,0,100,100,7,0,61,0,56,40,1605,detection,
1605476,23,30,3833,3024,809,0,100,100,29,0,49,0,59,40,1605,detection,
1605602,25,9,2560,2560,0,0,0,0,0,0,71,0,0,0,1605,detection,
1605653,24,9,2560,2560,0,0,0,0,0,0,64,0,0,0,1605,detection,
1606644,27,16,2094,2094,0,0,0,0,0,0,56,0,0,0,1606,detection,
1606678,22,16,2094,2094,0,0,0,0,0,0,48,0,0,0,1606,detection,
1606687,12,16,2094,2094,0,0,0,0,0,0,57,0,0,0,1606,detection,
1606742,11,16,2094,2094,0,0,0,0,0,0,51,0,0,0,1606,detection,
1607914,7,3,1822,1822,0,0,0,0,0,0,47,0,0,0,1607,detection,
1607969,9,3,1822,1822,0,0,0,0,0,0,51,0,0,0,1607,detection,
1609033,24,6,2364,2364,0,0,0,0,0,0,48,0,0,0,1609,detection,
1609527,24,20,1732,1732,0,0,0,0,0,0,58,0,0,0,1609,detection,
1610479,8,10,1766,1766,0,0,0,0,0,0,45,0,0,0,1610,detection,
1610517,27,10,1766,1766,0,0,0,0,0,0,68,0,0,0,1610,detection,
1610522,16,10,1766,1766,0,0,0,0,0,0,60,0,0,0,1610,detection,
1613677,5,22,2560,2560,0,0,0,0,0,0,56,0,0,0,1613,detection,
1614985,11,16,2094,2094,0,0,0,0,0,0,50,0,0,0,1614,detection,
1616117,11,12,2022,2022,0,0,0,0,0,0,66,0,0,0,1616,detection,
1616181,5,12,2022,2022,0,0,0,0,0,0,75,0,0,0,1616,detection,
1618144,27,21,1822,1822,0,0,0,0,0,0,38,0,0,0,1618,detection,
1618164,17,21,1822,1822,0,0,0,0,0,0,48,0,0,0,1618,detection,
1619402,24,9,1988,1988,0,0,0,0,0,0,61,0,0,0,1619,detection,
1619436,3,9,1988,1988,0,0,0,0,0,0,80,0,0,0,1619,detection,
1619479,25,9,1988,1988,0,0,0,0,0,0,70,0,0,0,1619,detection,
1619731,10,4,3019,3019,0,0,0,0,0,0,62,0,0,0,1619,detection,
1619802,5,22,2606,2606,0,0,0,0,0,0,56,0,0,0,1619,detection,
1623034,2,30,3893,3072,821,0,100,100,62,0,59,0,58,40,1623,detection,
1625087,4,10,2022,2022,0,0,0,0,0,0,65,0,0,0,1625,detection,
1625104,8,10,2022,2022,0,0,0,0,0,0,46,0,0,0,1625,detection,
1627240,20,19,2244,2244,0,0,0,0,0,0,45,0,0,0,1627,detection,
1630175,22,16,2243,2243,0,0,0,0,0,0,47,0,0,0,1630,detection,
1630179,5,16,2243,2243,0,0,0,0,0,0,59,0,0,0,1630,detection,
1630196,21,16,2243,2243,0,0,0,0,0,0,57,0,0,0,1630,detection,
1630221,9,16,2243,2243,0,0,0,0,0,0,56,0,0,0,1630,detection,
1633096,9,3,2244,2244,0,0,0,0,0,0,51,0,0,0,1633,detection,
1633114,20,3,2244,2244,0,0,0,0,0,0,58,0,0,0,1633,detection,
1634216,4,2,3185,3185,0,0,0,0,0,0,52,0,0,0,1634,detection,
1634785,2,30,3933,3507,426,0,75,100,46,0,60,0,58,40,1634,detection,
1634821,21,7,512,512,0,0,0,0,0,0,74,0,0,0,1634,detection,
1634874,20,7,512,512,0,0,0,0,0,0,51,0,0,0,1634,detection,
1636230,10,4,2566,2566,0,0,0,0,0,0,68,0,0,0,1636,detection,
1636261,6,4,2566,2566,0,0,0,0,0,0,56,0,0,0,1636,detection,
1637302,24,9,1024,1024,0,0,0,0,0,0,64,0,0,0,1637,detection,
1637303,22,9,1024,1024,0,0,0,0,0,0,60,0,0,0,1637,detection,
1638648,16,27,1024,1024,0,0,0,0,0,0,44,0,0,0,1638,detection,
1638665,17,27,1024,1024,0,0,0,0,0,0,55,0,0,0,1638,detection,
1638677,22,27,1024,1024,0,0,0,0,0,0,52,0,0,0,1638,detection,
1638694,21,27,1024,1024,0,0,0,0,0,0,43,0,0,0,1638,detection,
1639236,11,16,1024,1024,0,0,0,0,0,0,55,0,0,0,1639,detection,
1639308,12,16,1024,1024,0,0,0,0,0,0,61,0,0,0,1639,detection,
1639686,3,24,1536,1536,0,0,0,0,0,0,45,0,0,0,1639,detection,
1643282,24,22,1280,1280,0,0,0,0,0,0,60,0,0,0,1643,detection,
1643661,17,21,1024,1024,0,0,0,0,0,0,51,0,0,0,1643,detection,
1644616,11,16,768,768,0,0,0,0,0,0,57,0,0,0,1644,detection,
1644621,19,16,768,768,0,0,0,0,0,0,67,0,0,0,1644,detection,
1645183,15,5,2048,2048,0,0,0,0,0,0,59,0,0,0,1645,detection,
1645235,14,5,2048,2048,0,0,0,0,0,0,56,0,0,0,1645,detection,
1645730,10,13,2048,2048,0,0,0,0,0,0,56,0,0,0,1645,detection,
1645738,20,3,1024,1024,0,0,0,0,0,0,61,0,0,0,1645,detection,
1645747,14,13,2048,2048,0,0,0,0,0,0,68,0,0,0,1645,detection,
1645807,12,13,2048,2048,0,0,0,0,0,0,46,0,0,0,1645,detection,
1645811,15,13,2048,2048,0,0,0,0,0,0,61,0,0,0,1645,detection,
1646156,24,20,1024,1024,0,0,0,0,0,0,61,0,0,0,1646,detection,
1646901,24,9,1024,1024,0,0,0,0,0,0,62,0,0,0,1646,detection,
1646935,3,9,1024,1024,0,0,0,0,0,0,82,0,0,0,1646,detection,
1646974,25,9,1024,1024,0,0,0,0,0,0,72,0,0,0,1646,detection,
1646990,20,9,1024,1024,0,0,0,0,0,0,55,0,0,0,1646,detection,
1647231,10,4,2048,2048,0,0,0,0,0,0,66,0,0,0,1647,detection,
1647257,6,4,2048,2048,0,0,0,0,0,0,59,0,0,0,1647,detection,
1648082,13,30,3973,2560,1413,0,100,100,35,0,60,0,58,40,1648,detection,
1648094,23,30,3973,2560,1413,0,100,100,77,0,52,0,58,40,1648,detection,
1648111,8,30,3973,2560,1413,0,100,100,61,0,67,0,48,40,1648,detection,
1648331,13,23,1792,1792,0,0,0,0,0,0,51,0,0,0,1648,detection,
1653298,5,15,2048,2048,0,0,0,0,0,0,57,0,0,0,1653,detection,
1654055,12,23,1792,1792,0,0,0,0,0,0,79,0,0,0,1654,detection,
1654093,4,23,1792,1792,0,0,0,0,0,0,61,0,0,0,1654,detection,
1654114,14,23,1792,1792,0,0,0,0,0,0,56,0,0,0,1654,detection,
1655115,20,19,1024,1024,0,0,0,0,0,0,51,0,0,0,1655,detection,
1655745,19,22,1280,1280,0,0,0,0,0,0,58,0,0,0,1655,detection,
1655778,24,22,1280,1280,0,0,0,0,0,0,60,0,0,0,1655,detection,
1657651,24,9,1024,1024,0,0,0,0,0,0,61,0,0,0,1657,detection,
1657659,7,9,1024,1024,0,0,0,0,0,0,56,0,0,0,1657,detection,
1657673,22,9,1024,1024,0,0,0,0,0,0,59,0,0,0,1657,detection,
1657721,25,9,1024,1024,0,0,0,0,0,0,70,0,0,0,1657,detection,
1658364,19,16,1000,1000,0,0,0,0,0,0,62,0,0,0,1658,detection,
1658405,27,16,1000,1000,0,0,0,0,0,0,61,0,0,0,1658,detection,
1659685,12,4,2304,2304,0,0,0,0,0,0,55,0,0,0,1659,detection,
1659727,10,4,2304,2304,0,0,0,0,0,0,64,0,0,0,1659,detection,
1661014,27,25,1305,1305,0,0,0,0,0,0,53,0,0,0,1661,detection,
1661428,5,15,2560,2560,0,0,0,0,0,0,57,0,0,0,1661,detection,
1665745,14,23,1536,1536,0,0,0,0,0,0,56,0,0,0,1665,detection,
1665805,12,23,1536,1536,0,0,0,0,0,0,79,0,0,0,1665,detection,
1665805,15,23,1536,1536,0,0,0,0,0,0,53,0,0,0,1665,detection,
1665826,13,23,1536,1536,0,0,0,0,0,0,54,0,0,0,1665,detection,
1668019,1,10,2329,2329,0,0,0,0,0,0,42,0,0,0,1668,detection,
1668037,17,10,2329,2329,0,0,0,0,0,0,69,0,0,0,1668,detection,
1668188,3,24,1536,1536,0,0,0,0,0,0,49,0,0,0,1668,detection,
1668221,9,24,1536,1536,0,0,0,0,0,0,53,0,0,0,1668,detection,
1669556,22,19,1256,1256,0,0,0,0,0,0,59,0,0,0,1669,detection,
1669577,13,30,4033,2048,1985,0,100,100,68,0,59,0,58,40,1669,detection,
1669611,8,30,4033,2048,1985,0,100,100,62,0,69,0,48,40,1669,detection,
1670112,14,8,2048,2048,0,0,0,0,0,0,59,0,0,0,1670,detection,
1670162,2,8,2048,2048,0,0,0,0,0,0,51,0,0,0,1670,detection,
1671737,14,2,2048,2048,0,0,0,0,0,0,59,0,0,0,1671,detection,
1671931,12,13,1887,1887,0,0,0,0,0,0,49,0,0,0,1671,detection,
1671932,15,13,1887,1887,0,0,0,0,0,0,63,0,0,0,1671,detection,
1671974,23,13,1887,1887,0,0,0,0,0,0,50,0,0,0,1671,detection,
1671983,8,13,1887,1887,0,0,0,0,0,0,56,0,0,0,1671,detection,
1671986,14,13,1887,1887,0,0,0,0,0,0,68,0,0,0,1671,detection,
1673684,3,18,1586,1586,0,0,0,0,0,0,65,0,0,0,1673,detection,
1674217,9,24,1256,1256,0,0,0,0,0,0,59,0,0,0,1674,detection,
1674229,8,30,4053,2048,2005,0,100,100,2,0,67,0,48,40,1674,detection,
1674288,2,30,4053,2048,2005,0,100,100,100,0,56,0,58,40,1674,detection,
1674307,3,24,1256,1256,0,0,0,0,0,0,53,0,0,0,1674,detection,
1674330,13,30,4053,2048,2005,0,100,100,2,0,58,0,58,40,1674,detection,
1675657,7,9,1024,1024,0,0,0,0,0,0,55,0,0,0,1675,detection,
1677142,6,31,3440,1670,1770,0,100,100,100,0,45,0,63,40,1677,detection,
1677360,14,2,1792,1792,0,0,0,0,0,0,60,0,0,0,1677,detection,
1678233,14,23,1356,1356,0,0,0,0,0,0,57,0,0,0,1678,detection,
1678306,15,23,1356,1356,0,0,0,0,0,0,54,0,0,0,1678,detection,
1678306,12,23,1356,1356,0,0,0,0,0,0,80,0,0,0,1678,detection,
1678330,13,23,1356,1356,0,0,0,0,0,0,55,0,0,0,1678,detection,
1679016,27,25,1512,1512,0,0,0,0,0,0,55,0,0,0,1679,detection,
1681259,6,14,1868,1868,0,0,0,0,0,0,58,0,0,0,1681,detection,
1682090,4,9,1768,1768,0,0,0,0,0,0,65,0,0,0,1682,detection,
1682103,10,9,1768,1768,0,0,0,0,0,0,45,0,0,0,1682,detection,
1682161,2,9,1768,1768,0,0,0,0,0,0,67,0,0,0,1682,detection,
1683221,1,4,1768,1768,0,0,0,0,0,0,47,0,0,0,1683,detection,
1684361,11,15,2143,2143,0,0,0,0,0,0,51,0,0,0,1684,detection,
1686758,6,14,2124,2124,0,0,0,0,0,0,59,0,0,0,1686,detection,
1689686,3,2,1792,1792,0,0,0,0,0,0,49,0,0,0,1689,detection,
1689702,13,2,1792,1792,0,0,0,0,0,0,90,0,0,0,1689,detection,
1689720,9,2,1792,1792,0,0,0,0,0,0,56,0,0,0,1689,detection,
1689720,23,2,1792,1792,0,0,0,0,0,0,62,0,0,0,1689,detection,
1689778,24,20,1312,1312,0,0,0,0,0,0,56,0,0,0,1689,detection,
1691780,1,10,2280,2280,0,0,0,0,0,0,44,0,0,0,1691,detection,
1691782,2,12,1446,1446,0,0,0,0,0,0,58,0,0,0,1691,detection,
1691867,11,10,2280,2280,0,0,0,0,0,0,41,0,0,0,1691,detection,
1693366,1,9,1512,1512,0,0,0,0,0,0,49,0,0,0,1693,detection,
1693401,24,9,1512,1512,0,0,0,0,0,0,62,0,0,0,1693,detection,
1693406,7,9,1512,1512,0,0,0,0,0,0,60,0,0,0,1693,detection,
1693406,2,9,1512,1512,0,0,0,0,0,0,67,0,0,0,1693,detection,
1693917,17,8,1958,1958,0,0,0,0,0,0,56,0,0,0,1693,detection,
1693938,3,24,1333,1333,0,0,0,0,0,0,54,0,0,0,1693,detection,
1694720,26,29,3752,1536,2216,0,100,100,39,0,35,0,70,55,1694,detection,
1695135,6,31,3460,1536,1924,0,100,100,21,0,44,0,64,40,1695,detection,
1695394,27,16,1014,1014,0,0,0,0,0,0,61,0,0,0,1695,detection,
1695453,18,16,1014,1014,0,0,0,0,0,0,72,0,0,0,1695,detection,
1696363,20,3,1536,1536,0,0,0,0,0,0,60,0,0,0,1696,detection,
1696399,16,3,1536,1536,0,0,0,0,0,0,52,0,0,0,1696,detection,
1696694,1,4,1742,1742,0,0,0,0,0,0,46,0,0,0,1696,detection,
1696729,10,4,1742,1742,0,0,0,0,0,0,64,0,0,0,1696,detection,
1698683,15,13,1798,1798,0,0,0,0,0,0,62,0,0,0,1698,detection,
1700007,1,10,2254,2254,0,0,0,0,0,0,43,0,0,0,1700,detection,
1700114,11,10,2254,2254,0,0,0,0,0,0,44,0,0,0,1700,detection,
1701863,11,15,2054,2054,0,0,0,0,0,0,52,0,0,0,1701,detection,
1702591,26,29,3772,1536,2236,0,100,100,3,0,35,0,70,55,1702,detection,
1703735,20,3,1768,1768,0,0,0,0,0,0,62,0,0,0,1703,detection,
1703773,16,3,1768,1768,0,0,0,0,0,0,55,0,0,0,1703,detection,
1704806,15,23,1459,1459,0,0,0,0,0,0,54,0,0,0,1704,detection,
1704806,12,23,1459,1459,0,0,0,0,0,0,80,0,0,0,1704,detection,
1704831,13,23,1459,1459,0,0,0,0,0,0,54,0,0,0,1704,detection,
1708140,1,10,2254,2254,0,0,0,0,0,0,42,0,0,0,1708,detection,
1708235,11,10,2254,2254,0,0,0,0,0,0,40,0,0,0,1708,detection,
1710897,16,2,2073,2073,0,0,0,0,0,0,57,0,0,0,1710,detection,
1710905,24,2,2073,2073,0,0,0,0,0,0,55,0,0,0,1710,detection,
1710934,3,2,2073,2073,0,0,0,0,0,0,51,0,0,0,1710,detection,
1712973,9,8,1702,1702,0,0,0,70,4,11,93,0,48,40,1712,detection,
1713071,21,8,1702,1702,0,0,0,0,0,0,66,0,0,0,1713,detection,
1714306,5,14,2214,2214,0,0,0,0,0,0,55,0,0,0,1714,detection,
1714394,6,14,2214,2214,0,0,0,0,0,0,59,0,0,0,1714,detection,
1714783,24,6,1817,1817,0,0,0,0,0,0,51,0,0,0,1714,detection,
1716048,2,3,1817,1817,0,0,0,0,0,0,52,0,0,0,1716,detection,
1716139,6,3,1817,1817,0,0,0,0,0,0,59,0,0,0,1716,detection,
1716148,16,3,1817,1817,0,0,0,0,0,0,58,0,0,0,1716,detection,
1718163,2,24,1330,1330,0,0,0,0,0,0,41,0,0,0,1718,detection,
1718958,13,9,1996,1996,0,0,0,0,0,0,64,0,0,0,1718,detection,
1718963,4,9,1996,1996,0,0,0,0,0,0,68,0,0,0,1718,detection,
1718979,10,9,1996,1996,0,0,0,0,0,0,48,0,0,0,1718,detection,
1718984,8,9,1996,1996,0,0,0,0,0,0,78,0,0,0,1718,detection,
1719222,9,13,1715,1715,0,0,0,0,0,0,47,0,0,0,1719,detection,
1719307,15,13,1715,1715,0,0,0,0,0,0,65,0,0,0,1719,detection,
1719364,20,6,1881,1881,0,0,0,0,0,0,54,0,0,0,1719,detection,
1721179,22,2,1586,1586,0,0,0,0,0,0,44,0,0,0,1721,detection,
1721204,18,2,1586,1586,0,0,0,0,0,0,59,0,0,0,1721,detection,
1721217,4,2,1586,1586,0,0,0,0,0,0,53,0,0,0,1721,detection,
1722738,14,23,1842,1842,0,0,0,0,0,0,53,0,0,0,1722,detection,
1722744,19,23,1842,1842,0,0,0,0,0,0,41,0,0,0,1722,detection,
1722778,24,23,1842,1842,0,0,0,0,0,0,43,0,0,0,1722,detection,
1724101,10,4,2098,2098,0,0,0,0,0,0,62,0,0,0,1724,detection,
1725057,15,13,1715,1715,0,0,0,0,0,0,67,0,0,0,1725,detection,
1725091,9,13,1715,1715,0,0,0,0,0,0,48,0,0,0,1725,detection,
1725103,10,13,1715,1715,0,0,0,0,0,0,62,0,0,0,1725,detection,
1725108,8,13,1715,1715,0,0,0,0,0,0,62,0,0,0,1725,detection,
1725628,1,10,2610,2610,0,0,0,0,0,0,41,0,0,0,1725,detection,
1725663,17,10,2610,2610,0,0,0,0,0,0,68,0,0,0,1725,detection,
1725714,4,10,2610,2610,0,0,0,0,0,0,60,0,0,0,1725,detection,
1725723,9,10,2610,2610,0,0,0,0,0,0,75,0,0,0,1725,detection,
1725731,8,10,2610,2610,0,0,0,0,0,0,49,0,0,0,1725,detection,
1725737,11,10,2610,2610,0,0,0,0,0,0,40,0,0,0,1725,detection,
1728093,26,7,1272,1272,0,0,0,0,0,0,59,0,0,0,1728,detection,
1728100,1,10,2227,2227,0,0,0,0,0,0,40,0,0,0,1728,detection,
1728105,8,10,2227,2227,0,0,0,0,0,0,53,0,0,0,1728,detection,
1728114,11,10,2227,2227,0,0,0,0,0,0,44,0,0,0,1728,detection,
1728211,4,10,2227,2227,0,0,0,0,0,0,64,0,0,0,1728,detection,
1728216,9,10,2227,2227,0,0,0,0,0,0,73,0,0,0,1728,detection,
1730448,18,2,1586,1586,0,0,0,0,0,0,59,0,0,0,1730,detection,
1730551,22,2,1586,1586,0,0,0,0,0,0,44,0,0,0,1730,detection,
1731512,6,20,1788,1788,0,0,0,0,0,0,69,0,0,0,1731,detection,
1731806,3,4,2302,2302,0,0,0,0,0,0,43,0,0,0,1731,detection,
1732359,14,23,1528,1528,0,0,0,0,0,0,58,0,0,0,1732,detection,
1732402,24,23,1528,1528,0,0,0,0,0,0,48,0,0,0,1732,detection,
1732431,15,23,1528,1528,0,0,0,0,0,0,59,0,0,0,1732,detection,
1732453,13,23,1528,1528,0,0,0,0,0,0,59,0,0,0,1732,detection,
1732466,4,23,1528,1528,0,0,0,0,0,0,58,0,0,0,1732,detection,
1732485,10,23,1528,1528,0,0,0,0,0,0,56,0,0,0,1732,detection,
1734222,1,10,2296,2296,0,0,0,0,0,0,39,0,0,0,1734,detection,
1734227,8,10,2296,2296,0,0,0,0,0,0,56,0,0,0,1734,detection,
1734236,11,10,2296,2296,0,0,0,0,0,0,48,0,0,0,1734,detection,
1734286,17,10,2296,2296,0,0,0,0,0,0,68,0,0,0,1734,detection,
1734338,4,10,2296,2296,0,0,0,0,0,0,63,0,0,0,1734,detection,
1734343,9,10,2296,2296,0,0,0,0,0,0,71,0,0,0,1734,detection,
1736915,17,26,1528,1528,0,0,0,0,0,0,54,0,0,0,1736,detection,
1737411,7,13,1784,1784,0,0,0,0,0,0,62,0,0,0,1737,detection,
1737430,15,13,1784,1784,0,0,0,0,0,0,66,0,0,0,1737,detection,
1737438,3,13,1784,1784,0,0,0,0,0,0,58,0,0,0,1737,detection,
1737468,9,13,1784,1784,0,0,0,0,0,0,50,0,0,0,1737,detection,
1737722,4,23,1550,1550,0,0,0,0,0,0,59,0,0,0,1737,detection,
1737746,14,23,1550,1550,0,0,0,0,0,0,59,0,0,0,1737,detection,
1737779,24,23,1550,1550,0,0,0,0,0,0,49,0,0,0,1737,detection,
1738760,6,3,1881,1881,0,0,0,0,0,0,59,0,0,0,1738,detection,
1738772,16,3,1881,1881,0,0,0,0,0,0,58,0,0,0,1738,detection,
1738785,7,3,1881,1881,0,0,0,0,0,0,51,0,0,0,1738,detection,
1738828,13,3,1881,1881,0,0,0,0,0,0,54,0,0,0,1738,detection,
1741894,27,10,2040,2040,0,0,0,0,0,0,66,0,0,0,1741,detection,
1741910,17,10,2040,2040,0,0,0,0,0,0,66,0,0,0,1741,detection,
1741988,11,10,2040,2040,0,0,0,0,0,0,48,0,0,0,1741,detection,
1743199,18,2,2023,2023,0,0,0,0,0,0,60,0,0,0,1743,detection,
1743212,4,2,2023,2023,0,0,0,0,0,0,52,0,0,0,1743,detection,
1745216,4,13,1926,1926,0,0,0,0,0,0,56,0,0,0,1745,detection,
1745228,23,13,1926,1926,0,0,0,0,0,0,54,0,0,0,1745,detection,
1745238,14,13,1926,1926,0,0,0,0,0,0,73,0,0,0,1745,detection,
1745804,5,14,2040,2040,0,0,0,0,0,0,58,0,0,0,1745,detection,
1748347,23,19,1256,1256,0,0,0,0,0,0,67,0,0,0,1748,detection,
1748818,21,18,1270,1270,0,0,0,0,0,0,56,0,0,0,1748,detection,
1749311,12,16,1326,1326,0,0,0,0,0,0,55,0,0,0,1749,detection,
1749540,17,8,1702,1702,0,0,0,0,0,0,58,0,0,0,1749,detection,
1751299,5,14,1768,1768,0,0,0,0,0,0,57,0,0,0,1751,detection,
1751384,6,14,1768,1768,0,0,0,0,0,0,58,0,0,0,1751,detection,
1751398,16,14,1768,1768,0,0,0,0,0,0,57,0,0,0,1751,detection,
1751787,17,26,1758,1758,0,0,0,0,0,0,49,0,0,0,1751,detection,
1752023,27,30,4193,1768,2425,0,100,100,100,0,66,0,48,40,1752,detection,
1752023,16,30,4193,1768,2425,0,100,100,100,0,46,0,63,40,1752,detection,
1752061,15,30,4193,1768,2425,0,100,100,100,6,77,0,48,40,1752,detection,
1752986,14,13,1898,1898,0,0,0,0,0,0,73,0,0,0,1752,detection,
1753017,16,13,1898,1898,0,0,0,0,0,0,59,0,0,0,1753,detection,
1753037,7,13,1898,1898,0,0,0,0,0,0,67,0,0,0,1753,detection,
1753055,15,13,1898,1898,0,0,0,0,0,0,67,0,0,0,1753,detection,
1753093,23,13,1898,1898,0,0,0,0,0,0,54,0,0,0,1753,detection,
1753102,25,13,1898,1898,0,0,0,0,0,0,70,0,0,0,1753,detection,
1753530,24,20,2135,2135,0,0,0,0,0,0,62,0,0,0,1753,detection,
1754094,26,27,1184,1184,0,0,0,0,0,0,56,0,0,0,1754,detection,
1756358,14,23,1545,1545,0,0,0,0,0,0,60,0,0,0,1756,detection,
1756388,6,23,1545,1545,0,0,0,0,0,0,50,0,0,0,1756,detection,
1756974,23,10,2040,2040,0,0,0,0,0,0,68,0,0,0,1756,detection,
1757038,7,10,2040,2040,0,0,0,0,0,0,44,0,0,0,1757,detection,
1757239,11,22,1459,1459,0,0,0,0,0,0,60,0,0,0,1757,detection,
1758020,16,3,1696,1696,0,0,0,0,0,0,61,0,0,0,1758,detection,
1758037,7,3,1696,1696,0,0,0,0,0,0,55,0,0,0,1758,detection,
1758098,9,3,1696,1696,0,0,0,0,0,0,54,0,0,0,1758,detection,
1758173,17,26,1696,1696,0,0,0,0,0,0,52,0,0,0,1758,detection,
1760053,5,14,2057,2057,0,0,0,0,0,0,57,0,0,0,1760,detection,
1760135,6,14,2057,2057,0,0,0,0,0,0,58,0,0,0,1760,detection,
1762909,7,3,1952,1952,0,0,0,0,0,0,53,0,0,0,1762,detection,
1762966,9,3,1952,1952,0,0,0,0,0,0,52,0,0,0,1762,detection,
1764218,25,13,1898,1898,0,0,0,0,0,0,71,0,0,0,1764,detection,
1764235,14,13,1898,1898,0,0,0,0,0,0,73,0,0,0,1764,detection,
1764235,23,13,1898,1898,0,0,0,0,0,0,55,0,0,0,1764,detection,
1764265,16,13,1898,1898,0,0,0,0,0,0,61,0,0,0,1764,detection,
1765353,10,27,2208,2208,0,0,0,0,0,0,42,0,0,0,1765,detection,
1765396,16,27,2208,2208,0,0,0,0,0,0,48,0,0,0,1765,detection,
1765417,17,27,2208,2208,0,0,0,0,0,0,58,0,0,0,1765,detection,
1766175,17,26,1696,1696,0,0,0,0,0,0,50,0,0,0,1766,detection,
1766435,3,9,1696,1696,0,0,0,0,0,0,79,0,0,0,1766,detection,
1766465,4,9,1696,1696,0,0,0,0,0,0,62,0,0,0,1766,detection,
1766538,7,9,1696,1696,0,0,0,0,0,0,59,0,0,0,1766,detection,
1766899,16,30,4233,1702,2531,0,100,100,13,0,51,0,58,40,1766,detection,
1769258,6,14,2329,2329,0,0,0,0,0,0,53,0,0,0,1769,detection,
1769305,5,14,2329,2329,0,0,0,0,0,0,57,0,0,0,1769,detection,
1769469,9,3,2040,2040,0,0,0,0,0,0,55,0,0,0,1769,detection,
1769481,10,3,2040,2040,0,0,0,0,0,0,36,0,0,0,1769,detection,
1769536,7,3,2040,2040,0,0,0,0,0,0,57,0,0,0,1769,detection,
1771309,15,11,1715,1715,0,0,0,0,0,0,56,0,0,0,1771,detection,
1771561,12,4,1696,1696,0,0,0,0,0,0,55,0,0,0,1771,detection,
1771825,18,2,2023,2023,0,0,0,0,0,0,60,0,0,0,1771,detection,
1773272,16,27,1971,1971,0,0,0,0,0,0,53,0,0,0,1773,detection,
1773289,17,27,1971,1971,0,0,0,0,0,0,59,0,0,0,1773,detection,
1775180,5,12,2208,2208,0,0,0,0,0,0,72,0,0,0,1775,detection,
1775239,11,12,2208,2208,0,0,0,0,0,0,64,0,0,0,1775,detection,
1776041,17,26,1744,1744,0,0,0,0,0,0,53,0,0,0,1776,detection,
1778239,11,15,2208,2208,0,0,0,0,0,0,55,0,0,0,1778,detection,
1781452,13,23,1768,1768,0,0,0,0,0,0,59,0,0,0,1781,detection,
1782976,8,4,2182,2182,0,0,0,0,0,0,59,0,0,0,1782,detection,
1783275,24,9,2278,2278,0,0,0,0,0,0,62,0,0,0,1783,detection,
1783287,7,9,2278,2278,0,0,0,0,0,0,60,0,0,0,1783,detection,
1783313,3,9,2278,2278,0,0,0,0,0,0,80,0,0,0,1783,detection,
1783339,4,9,2278,2278,0,0,0,0,0,0,62,0,0,0,1783,detection,
1783428,5,12,2464,2464,0,0,0,0,0,0,69,0,0,0,1783,detection,
1783488,11,12,2464,2464,0,0,0,0,0,0,64,0,0,0,1783,detection,
1784308,7,3,2297,2297,0,0,0,0,0,0,61,0,0,0,1784,detection,
1784395,16,3,2297,2297,0,0,0,0,0,0,60,0,0,0,1784,detection,
1784713,26,17,2208,2208,0,0,0,100,62,16,57,0,60,40,1784,detection,
1785234,10,30,4273,2433,1840,0,100,100,100,0,64,0,48,40,1785,detection,
1786220,25,13,2138,2138,0,0,0,0,0,0,72,0,0,0,1786,detection,
1787384,6,20,2228,2228,0,0,0,0,0,0,72,0,0,0,1787,detection,
1789281,7,4,1971,1971,0,0,0,0,0,0,56,0,0,0,1789,detection,
1789282,24,4,1971,1971,0,0,0,0,0,0,50,0,0,0,1789,detection,
1789306,3,4,1971,1971,0,0,0,0,0,0,48,0,0,0,1789,detection,
1789308,12,4,1971,1971,0,0,0,0,0,0,57,0,0,0,1789,detection,
1789353,8,4,1971,1971,0,0,0,0,0,0,59,0,0,0,1789,detection,
1789937,15,5,1962,1962,0,0,0,0,0,0,64,0,0,0,1789,detection,
1789994,19,5,1962,1962,0,0,0,0,0,0,60,0,0,0,1789,detection,
1790351,9,30,4293,2443,1850,0,100,100,85,0,63,0,48,40,1790,detection,
1790354,10,30,4293,2443,1850,0,100,100,1,0,65,0,48,40,1790,detection,
1790409,7,9,2344,2344,0,0,0,0,0,0,60,0,0,0,1790,detection,
1790432,3,9,2344,2344,0,0,0,0,0,0,78,0,0,0,1790,detection,
1790462,4,9,2344,2344,0,0,0,0,0,0,61,0,0,0,1790,detection,
1791144,27,10,2040,2040,0,0,0,0,0,0,65,0,0,0,1791,detection,
1791149,16,10,2040,2040,0,0,0,0,0,0,58,0,0,0,1791,detection,
1791153,24,10,2040,2040,0,0,0,0,0,0,55,0,0,0,1791,detection,
1791173,17,10,2040,2040,0,0,0,0,0,0,65,0,0,0,1791,detection,
1791187,12,10,2040,2040,0,0,0,0,0,0,69,0,0,0,1791,detection,
1791193,5,10,2040,2040,0,0,0,0,0,0,46,0,0,0,1791,detection,
1792589,26,17,2256,2256,0,0,0,100,0,16,56,0,60,40,1792,detection,
1793870,19,12,2470,2470,0,0,0,0,0,0,53,0,0,0,1793,detection,
1793876,11,12,2470,2470,0,0,0,0,0,0,62,0,0,0,1793,detection,
1794758,6,14,2088,2088,0,0,0,0,0,0,59,0,0,0,1794,detection,
1797187,3,24,1406,1406,0,0,0,0,0,0,50,0,0,0,1797,detection,
1799338,26,17,2256,2256,0,0,0,100,0,16,56,0,60,40,1799,detection,
1800113,11,12,1918,1918,0,0,0,0,0,0,61,0,0,0,1800,detection,
1800117,19,12,1918,1918,0,0,0,0,0,0,57,0,0,0,1800,detection,
1801488,14,23,2344,2344,0,0,0,0,0,0,59,0,0,0,1801,detection,
1801507,6,23,2344,2344,0,0,0,0,0,0,53,0,0,0,1801,detection,
1803451,18,9,2344,2344,0,0,0,0,0,0,64,0,0,0,1803,detection,
1803455,13,9,2344,2344,0,0,0,0,0,0,65,0,0,0,1803,detection,
1804217,9,30,4313,2443,1870,0,100,100,2,0,61,0,56,40,1804,detection,
1805742,11,16,1589,1589,0,0,0,0,0,0,64,0,0,0,1805,detection,
1805768,27,16,1589,1589,0,0,0,0,0,0,67,0,0,0,1805,detection,
1805789,17,16,1589,1589,0,0,0,0,0,0,41,0,0,0,1805,detection,
1805832,13,16,1589,1589,0,0,0,0,0,0,77,0,0,0,1805,detection,
1805848,9,16,1589,1589,0,0,0,0,0,0,62,0,0,0,1805,detection,
1806180,5,22,1765,1765,0,0,0,0,0,0,59,0,0,0,1806,detection,
1808952,1,4,1918,1918,0,0,0,0,0,0,45,0,0,0,1808,detection,
1809660,17,26,1845,1845,0,0,0,0,0,0,58,0,0,0,1809,detection,
1809689,21,26,1845,1845,0,0,0,0,0,0,44,0,0,0,1809,detection,
1809840,26,17,2218,2218,0,0,0,100,0,16,53,0,60,40,1809,detection,
1810160,2,9,2101,2101,0,0,0,0,0,0,68,0,0,0,1810,detection,
1812178,22,16,2012,2012,0,0,0,0,0,0,51,0,0,0,1812,detection,
1812183,5,16,2012,2012,0,0,0,0,0,0,62,0,0,0,1812,detection,
1812186,12,16,2012,2012,0,0,0,0,0,0,59,0,0,0,1812,detection,
1812199,18,16,2012,2012,0,0,0,0,0,0,74,0,0,0,1812,detection,
1812203,13,16,2012,2012,0,0,0,0,0,0,76,0,0,0,1812,detection,
1814288,7,8,1918,1918,0,0,0,0,0,0,65,0,0,0,1814,detection,
1814769,27,30,4353,2101,2252,0,100,100,18,0,70,0,48,40,1814,detection,
1814939,3,18,2208,2208,0,0,0,0,0,0,64,0,0,0,1814,detection,
1815269,27,13,2174,2174,0,0,0,0,0,0,68,0,0,0,1815,detection,
1815665,1,24,2062,2062,0,0,0,0,0,0,40,0,0,0,1815,detection,
1816060,3,9,2101,2101,0,0,0,0,0,0,72,0,0,0,1816,detection,
1816074,18,9,2101,2101,0,0,0,0,0,0,66,0,0,0,1816,detection,
1816081,13,9,2101,2101,0,0,0,0,0,0,66,0,0,0,1816,detection,
1817271,27,30,4373,2349,2024,0,100,100,25,0,68,0,48,40,1817,detection,
1819345,9,3,2526,2526,0,0,0,0,0,0,59,0,0,0,1819,detection,
1819657,24,22,1918,1918,0,0,0,0,0,0,59,0,0,0,1819,detection,
1819687,15,22,1918,1918,0,0,0,0,0,0,61,0,0,0,1819,detection,
1819930,15,23,2088,2088,0,0,0,0,0,0,60,0,0,0,1819,detection,
1821424,22,16,2012,2012,0,0,0,0,0,0,48,0,0,0,1821,detection,
1822196,21,25,1994,1994,0,0,0,0,0,0,62,0,0,0,1822,detection,
1822970,9,13,2524,2524,0,0,0,0,0,0,49,0,0,0,1822,detection,
1823017,27,13,2524,2524,0,0,0,0,0,0,68,0,0,0,1823,detection,
1823017,16,13,2524,2524,0,0,0,0,0,0,63,0,0,0,1823,detection,
1823032,1,24,2062,2062,0,0,0,0,0,0,40,0,0,0,1823,detection,
1823486,14,23,2088,2088,0,0,0,0,0,0,60,0,0,0,1823,detection,
1823508,6,23,2088,2088,0,0,0,0,0,0,55,0,0,0,1823,detection,
1823555,15,23,2088,2088,0,0,0,0,0,0,58,0,0,0,1823,detection,
1824397,16,8,2174,2174,0,0,0,0,0,0,41,0,0,0,1824,detection,
1824768,27,18,2464,2464,0,0,0,0,0,0,47,0,0,0,1824,detection,
1824897,27,30,4393,2495,1898,0,100,100,14,0,62,0,54,40,1824,detection,
1826414,17,26,2325,2325,0,0,0,0,0,0,66,0,0,0,1826,detection,
1827090,26,17,2218,2218,0,0,0,100,0,16,54,0,60,40,1827,detection,
1827790,17,27,2334,2334,0,0,0,0,0,0,58,0,0,0,1827,detection,
1828257,1,10,2014,2014,0,0,0,0,0,0,39,0,0,0,1828,detection,
1828271,16,10,2014,2014,0,0,0,0,0,0,57,0,0,0,1828,detection,
1828309,12,10,2014,2014,0,0,0,0,0,0,68,0,0,0,1828,detection,
1829517,27,18,2474,2474,0,0,0,0,0,0,50,0,0,0,1829,detection,
1829699,18,9,2430,2430,0,0,0,0,0,0,64,0,0,0,1829,detection,
1829706,13,9,2430,2430,0,0,0,0,0,0,67,0,0,0,1829,detection,
1829805,15,22,2213,2213,0,0,0,0,0,0,73,0,0,0,1829,detection,
1829907,24,22,2213,2213,0,0,0,0,0,0,73,0,0,0,1829,detection,
1831841,9,13,2728,2728,0,0,0,0,0,0,49,0,0,0,1831,detection,
1832664,2,16,2526,2526,0,0,0,0,0,0,59,0,0,0,1832,detection,
1832681,5,16,2526,2526,0,0,0,0,0,0,65,0,0,0,1832,detection,
1832694,21,16,2526,2526,0,0,0,0,0,0,59,0,0,0,1832,detection,
1834660,17,27,2483,2483,0,0,0,0,0,0,58,0,0,0,1834,detection,
1835761,27,18,2218,2218,0,0,0,0,0,0,52,0,0,0,1835,detection,
1836277,24,22,2213,2213,0,0,0,0,0,0,71,0,0,0,1836,detection,
1836346,23,22,2213,2213,0,0,0,0,0,0,70,0,0,0,1836,detection,
1836792,17,26,2474,2474,0,0,0,0,0,0,68,0,0,0,1836,detection,
1839054,5,16,2526,2526,0,0,0,0,0,0,64,0,0,0,1839,detection,
1839092,4,16,2526,2526,0,0,0,0,0,0,50,0,0,0,1839,detection,
1841109,8,2,2209,2209,0,0,0,0,0,0,52,0,0,0,1841,detection,
1841112,14,2,2209,2209,0,0,0,0,0,0,62,0,0,0,1841,detection,
1841147,16,2,2209,2209,0,0,0,0,0,0,58,0,0,0,1841,detection,
1841152,24,2,2209,2209,0,0,0,0,0,0,54,0,0,0,1841,detection,
1841161,7,2,2209,2209,0,0,0,0,0,0,61,0,0,0,1841,detection,
1841177,22,2,2209,2209,0,0,0,0,0,0,49,0,0,0,1841,detection,
1841185,3,2,2209,2209,0,0,0,0,0,0,54,0,0,0,1841,detection,
1841224,23,2,2209,2209,0,0,0,0,0,0,61,0,0,0,1841,detection,
1841229,10,2,2209,2209,0,0,0,0,0,0,60,0,0,0,1841,detection,
1843207,13,9,2430,2430,0,0,0,0,0,0,64,0,0,0,1843,detection,
1843401,1,24,2721,2721,0,0,0,0,0,0,39,0,0,0,1843,detection,
1844737,14,8,2524,2524,0,0,0,0,0,0,58,0,0,0,1844,detection,
1844772,16,8,2524,2524,0,0,0,0,0,0,45,0,0,0,1844,detection,
1844785,2,8,2524,2524,0,0,0,0,0,0,53,0,0,0,1844,detection,
1848240,19,12,2285,2285,0,0,0,0,0,0,60,0,0,0,1848,detection,
1849578,18,13,2728,2728,0,0,0,0,0,0,59,0,0,0,1849,detection,
1850477,26,27,2872,2872,0,0,0,0,0,0,58,0,0,0,1850,detection,
1850535,17,27,2872,2872,0,0,0,0,0,0,55,0,0,0,1850,detection,
1850568,21,27,2872,2872,0,0,0,0,0,0,43,0,0,0,1850,detection,
1851738,11,15,2474,2474,0,0,0,0,0,0,58,0,0,0,1851,detection,
1852338,26,8,2268,2268,0,0,0,45,0,15,61,0,0,0,1852,detection,
1852351,25,8,2268,2268,0,0,0,45,0,7,74,0,0,0,1852,detection,
1852359,14,8,2268,2268,0,0,0,0,0,0,59,0,0,0,1852,detection,
1852394,16,8,2268,2268,0,0,0,0,0,0,43,0,0,0,1852,detection,
1852406,2,8,2268,2268,0,0,0,0,0,0,55,0,0,0,1852,detection,
1853093,26,7,2695,2695,0,0,0,0,0,0,56,0,0,0,1853,detection,
1853777,1,2,2725,2725,0,0,0,0,0,0,37,0,0,0,1853,detection,
1853782,24,2,2725,2725,0,0,0,0,0,0,57,0,0,0,1853,detection,
1853809,3,2,2725,2725,0,0,0,0,0,0,54,0,0,0,1853,detection,
1853851,10,2,2725,2725,0,0,0,0,0,0,59,0,0,0,1853,detection,
1855280,2,24,2780,2780,0,0,0,0,0,0,44,0,0,0,1855,detection,
1857133,6,23,2139,2139,0,0,0,0,0,0,55,0,0,0,1857,detection,
1857531,2,16,2500,2500,0,0,0,0,0,0,57,0,0,0,1857,detection,
1857548,22,16,2500,2500,0,0,0,0,0,0,52,0,0,0,1857,detection,
1857557,5,16,2500,2500,0,0,0,0,0,0,64,0,0,0,1857,detection,
1857587,4,16,2500,2500,0,0,0,0,0,0,46,0,0,0,1857,detection,
1863035,2,3,2503,2503,0,0,0,0,0,0,56,0,0,0,1863,detection,
1863518,16,8,2268,2268,0,0,0,0,0,0,44,0,0,0,1863,detection,
1863612,14,8,2268,2268,0,0,0,0,0,0,60,0,0,0,1863,detection,
1864656,24,4,2525,2525,0,0,0,0,0,0,50,0,0,0,1864,detection,
1864682,3,4,2525,2525,0,0,0,0,0,0,51,0,0,0,1864,detection,
1865161,2,24,2862,2862,0,0,0,0,0,0,48,0,0,0,1865,detection,
1865187,3,24,2862,2862,0,0,0,0,0,0,55,0,0,0,1865,detection,
1865442,21,27,3062,3062,0,0,0,0,0,0,45,0,0,0,1865,detection,
1865463,26,27,3062,3062,0,0,0,0,0,0,57,0,0,0,1865,detection,
1865530,16,27,3062,3062,0,0,0,0,0,0,59,0,0,0,1865,detection,
1867395,27,25,2725,2725,0,0,0,0,0,0,58,0,0,0,1867,detection,
1868286,17,26,2655,2655,0,0,0,0,0,0,66,0,0,0,1868,detection,
1869064,15,30,4453,2495,1958,0,100,100,48,6,75,0,48,40,1869,detection,
1869073,21,30,4453,2495,1958,0,100,100,100,0,57,0,58,40,1869,detection,
1869078,13,30,4453,2495,1958,0,100,100,5,0,62,0,54,40,1869,detection,
1869081,18,30,4453,2495,1958,0,100,100,100,0,61,0,56,40,1869,detection,
1869098,9,30,4453,2495,1958,0,100,100,10,0,59,0,58,40,1869,detection,
1869099,23,30,4453,2495,1958,0,100,100,61,0,65,0,48,40,1869,detection,
1869542,17,7,3088,3088,0,0,0,0,0,0,50,0,0,0,1869,detection,
1870559,3,24,2848,2848,0,0,0,0,0,0,54,0,0,0,1870,detection,
1870829,1,2,2725,2725,0,0,0,0,0,0,37,0,0,0,1870,detection,
1870850,10,2,2725,2725,0,0,0,0,0,0,59,0,0,0,1870,detection,
1870932,3,2,2725,2725,0,0,0,0,0,0,53,0,0,0,1870,detection,
1871898,16,27,2981,2981,0,0,0,0,0,0,61,0,0,0,1871,detection,
1871929,22,27,2981,2981,0,0,0,0,0,0,56,0,0,0,1871,detection,
1872890,6,31,3700,2287,1413,0,100,100,67,0,49,0,59,40,1872,detection,
1874559,15,11,3015,3015,0,0,0,0,0,0,55,0,0,0,1874,detection,
1875553,5,15,2218,2218,0,0,0,0,0,0,54,0,0,0,1875,detection,
1878570,21,7,2730,2730,0,0,0,0,0,0,74,0,0,0,1878,detection,
1878895,16,27,2730,2730,0,0,0,0,0,0,59,0,0,0,1878,detection,
1878925,22,27,2730,2730,0,0,0,0,0,0,60,0,0,0,1878,detection,
1880036,7,9,2731,2731,0,0,0,0,0,0,60,0,0,0,1880,detection,
1881930,15,11,3360,3360,0,0,0,0,0,0,55,0,0,0,1881,detection,
1883393,27,16,2500,2500,0,0,0,0,0,0,70,0,0,0,1883,detection,
1883428,22,16,2500,2500,0,0,0,0,0,0,52,0,0,0,1883,detection,
1883462,4,16,2500,2500,0,0,0,0,0,0,45,0,0,0,1883,detection,
1883470,9,16,2500,2500,0,0,0,0,0,0,65,0,0,0,1883,detection,
1887288,17,7,2681,2681,0,0,0,0,0,0,49,0,0,0,1887,detection,
1887318,21,7,2681,2681,0,0,0,0,0,0,71,0,0,0,1887,detection,
1887343,26,7,2681,2681,0,0,0,0,0,0,57,0,0,0,1887,detection,
1887432,5,14,2088,2088,0,0,0,0,0,0,54,0,0,0,1887,detection,
1888433,3,4,3012,3012,0,0,0,0,0,0,54,0,0,0,1888,detection,
1888489,20,4,3012,3012,0,0,0,0,0,0,59,0,0,0,1888,detection,
1888531,24,4,3012,3012,0,0,0,0,0,0,53,0,0,0,1888,detection,
1888791,17,26,2655,2655,0,0,0,0,0,0,61,0,0,0,1888,detection,
1888817,21,26,2655,2655,0,0,0,0,0,0,48,0,0,0,1888,detection,
1890207,13,23,2139,2139,0,0,0,0,0,0,56,0,0,0,1890,detection,
1892270,16,27,3012,3012,0,0,0,0,0,0,59,0,0,0,1892,detection,
1892304,22,27,3012,3012,0,0,0,0,0,0,59,0,0,0,1892,detection,
1894097,9,8,2474,2474,0,0,0,0,0,0,100,0,0,0,1894,detection,
1894110,14,8,2474,2474,0,0,0,0,0,0,57,0,0,0,1894,detection,
1894144,16,8,2474,2474,0,0,0,0,0,0,48,0,0,0,1894,detection,
1894144,27,8,2474,2474,0,0,0,0,0,0,58,0,0,0,1894,detection,
1894161,7,8,2474,2474,0,0,0,0,0,0,67,0,0,0,1894,detection,
1897986,20,4,3012,3012,0,0,0,0,0,0,59,0,0,0,1897,detection,
1898029,24,4,3012,3012,0,0,0,0,0,0,53,0,0,0,1898,detection,
1898033,7,4,3012,3012,0,0,0,0,0,0,59,0,0,0,1898,detection,
1898461,26,7,2762,2762,0,0,0,0,0,0,55,0,0,0,1898,detection,
1899472,23,12,2285,2285,0,0,0,0,0,0,61,0,0,0,1899,detection,
1899479,26,12,2285,2285,0,0,0,0,0,0,61,0,0,0,1899,detection,
1900050,22,27,2756,2756,0,0,0,0,0,0,60,0,0,0,1900,detection,
1901707,13,9,2731,2731,0,0,0,0,0,0,67,0,0,0,1901,detection,
1901715,4,9,2731,2731,0,0,0,0,0,0,65,0,0,0,1901,detection,
1901733,8,9,2731,2731,0,0,0,0,0,0,74,0,0,0,1901,detection,
1905219,4,29,3912,1536,2376,0,100,100,100,9,48,0,60,40,1905,detection,
1905500,1,2,2929,2929,0,0,0,0,0,0,37,0,0,0,1905,detection,
1905603,10,2,2929,2929,0,0,0,0,0,0,59,0,0,0,1905,detection,
1907358,14,8,2474,2474,0,0,0,0,0,0,58,0,0,0,1907,detection,
1907388,27,8,2474,2474,0,0,0,0,0,0,59,0,0,0,1907,detection,
1907413,7,8,2474,2474,0,0,0,0,0,0,68,0,0,0,1907,detection,
1907444,21,8,2474,2474,0,0,0,0,0,0,72,0,0,0,1907,detection,
1907851,25,4,3012,3012,0,0,0,0,0,0,46,0,0,0,1907,detection,
1907906,7,4,3012,3012,0,0,0,0,0,0,58,0,0,0,1907,detection,
1910615,14,5,2344,2344,0,0,0,0,0,0,60,0,0,0,1910,detection,
1912185,15,19,2256,2256,0,0,0,0,0,0,58,0,0,0,1912,detection,
1912186,12,19,2256,2256,0,0,0,0,0,0,60,0,0,0,1912,detection,
1912202,18,19,2256,2256,0,0,0,0,0,0,48,0,0,0,1912,detection,
1913689,21,26,2541,2541,0,0,0,0,0,0,49,0,0,0,1913,detection,
1913992,11,23,2139,2139,0,0,0,0,0,0,44,0,0,0,1913,detection,
1914009,6,23,2139,2139,0,0,0,0,0,0,55,0,0,0,1914,detection,
1914056,12,23,2139,2139,0,0,0,0,0,0,85,0,0,0,1914,detection,
1914081,13,23,2139,2139,0,0,0,0,0,0,56,0,0,0,1914,detection,
1917048,22,27,2756,2756,0,0,0,0,0,0,61,0,0,0,1917,detection,
1921685,12,19,2430,2430,0,0,0,0,0,0,63,0,0,0,1921,detection,
1921698,18,19,2430,2430,0,0,0,0,0,0,48,0,0,0,1921,detection,
1921741,20,19,2430,2430,0,0,0,0,0,0,54,0,0,0,1921,detection,
1922129,1,3,2503,2503,0,0,0,0,0,0,46,0,0,0,1922,detection,
1922139,6,3,2503,2503,0,0,0,0,0,0,58,0,0,0,1922,detection,
1922156,2,3,2503,2503,0,0,0,0,0,0,56,0,0,0,1922,detection,
1922203,18,3,2503,2503,0,0,0,0,0,0,67,0,0,0,1922,detection,
1922203,13,3,2503,2503,0,0,0,0,0,0,59,0,0,0,1922,detection,
1922228,10,3,2503,2503,0,0,0,0,0,0,40,0,0,0,1922,detection,
1922229,8,3,2503,2503,0,0,0,0,0,0,44,0,0,0,1922,detection,
1925769,27,25,2524,2524,0,0,0,0,0,0,63,0,0,0,1925,detection,
1925790,17,25,2524,2524,0,0,0,0,0,0,62,0,0,0,1925,detection,
1926307,12,13,2651,2651,0,0,0,0,0,0,53,0,0,0,1926,detection,
1926311,3,13,2651,2651,0,0,0,0,0,0,57,0,0,0,1926,detection,
1926312,15,13,2651,2651,0,0,0,0,0,0,61,0,0,0,1926,detection,
1926328,18,13,2651,2651,0,0,0,0,0,0,63,0,0,0,1926,detection,
1926345,9,13,2651,2651,0,0,0,0,0,0,52,0,0,0,1926,detection,
1926354,10,13,2651,2651,0,0,0,0,0,0,61,0,0,0,1926,detection,
1926359,8,13,2651,2651,0,0,0,0,0,0,62,0,0,0,1926,detection,
1928554,22,19,2578,2578,0,0,0,0,0,0,72,0,0,0,1928,detection,
1928554,12,19,2578,2578,0,0,0,0,0,0,71,0,0,0,1928,detection,
1928575,18,19,2578,2578,0,0,0,0,0,0,67,0,0,0,1928,detection,
1928609,20,19,2578,2578,0,0,0,0,0,0,69,0,0,0,1928,detection,
1931042,17,7,2762,2762,0,0,0,0,0,0,49,0,0,0,1931,detection,
1932043,17,26,2541,2541,0,0,0,0,0,0,67,0,0,0,1932,detection,
1932064,21,26,2541,2541,0,0,0,0,0,0,50,0,0,0,1932,detection,
1932144,27,13,2395,2395,0,0,0,0,0,0,71,0,0,0,1932,detection,
1932181,12,13,2395,2395,0,0,0,0,0,0,55,0,0,0,1932,detection,
1932181,3,13,2395,2395,0,0,0,0,0,0,59,0,0,0,1932,detection,
1932182,15,13,2395,2395,0,0,0,0,0,0,64,0,0,0,1932,detection,
1932198,18,13,2395,2395,0,0,0,0,0,0,65,0,0,0,1932,detection,
1932220,9,13,2395,2395,0,0,0,0,0,0,53,0,0,0,1932,detection,
1932224,10,13,2395,2395,0,0,0,0,0,0,64,0,0,0,1932,detection,
1932703,1,2,2759,2759,0,0,0,0,0,0,42,0,0,0,1932,detection,
1932720,9,2,2759,2759,0,0,0,0,0,0,61,0,0,0,1932,detection,
1932729,10,2,2759,2759,0,0,0,0,0,0,60,0,0,0,1932,detection,
1932810,3,2,2759,2759,0,0,0,0,0,0,59,0,0,0,1932,detection,
1932828,18,2,2759,2759,0,0,0,0,0,0,61,0,0,0,1932,detection,
1932828,13,2,2759,2759,0,0,0,0,0,0,98,0,0,0,1932,detection,
1935343,26,27,2756,2756,0,0,0,0,0,0,64,0,0,0,1935,detection,
1935412,17,27,2756,2756,0,0,0,0,0,0,59,0,0,0,1935,detection,
1935428,22,27,2756,2756,0,0,0,0,0,0,62,0,0,0,1935,detection,
1935445,21,27,2756,2756,0,0,0,0,0,0,50,0,0,0,1935,detection,
1936349,23,19,2676,2676,0,0,0,0,0,0,73,0,0,0,1936,detection,
1936361,20,19,2676,2676,0,0,0,0,0,0,72,0,0,0,1936,detection,
1936430,12,19,2676,2676,0,0,0,0,0,0,73,0,0,0,1936,detection,
1936451,18,19,2676,2676,0,0,0,0,0,0,70,0,0,0,1936,detection,
1936644,27,8,2704,2704,0,0,0,0,0,0,58,0,0,0,1936,detection,
1937478,25,30,4493,2495,1998,0,100,100,93,0,71,0,48,40,1937,detection,
1940416,17,16,3061,3061,0,0,0,0,0,0,45,0,0,0,1940,detection,
1940464,4,16,3061,3061,0,0,0,0,0,0,49,0,0,0,1940,detection,
1941305,1,2,2759,2759,0,0,0,0,0,0,44,0,0,0,1941,detection,
1941365,20,2,2759,2759,0,0,0,0,0,0,56,0,0,0,1941,detection,
1941767,27,8,2651,2651,0,0,0,0,0,0,61,0,0,0,1941,detection,
1941770,16,8,2651,2651,0,0,0,0,0,0,52,0,0,0,1941,detection,
1942858,8,4,3036,3036,0,0,0,0,0,0,59,0,0,0,1942,detection,
1943348,9,24,3188,3188,0,0,0,0,0,0,54,0,0,0,1943,detection,
1944213,26,12,2816,2816,0,0,0,0,0,0,68,0,0,0,1944,detection,
1944242,19,12,2816,2816,0,0,0,0,0,0,66,0,0,0,1944,detection,
1944285,2,12,2816,2816,0,0,0,0,0,0,68,0,0,0,1944,detection,
1944298,22,12,2816,2816,0,0,0,0,0,0,64,0,0,0,1944,detection,
1944307,5,12,2816,2816,0,0,0,0,0,0,71,0,0,0,1944,detection,
1946967,23,22,2799,2799,0,0,0,0,0,0,76,0,0,0,1946,detection,
1946997,19,22,2799,2799,0,0,0,0,0,0,94,0,0,0,1946,detection,
1947031,24,22,2799,2799,0,0,0,0,0,0,74,0,0,0,1947,detection,
1947057,5,22,2799,2799,0,0,0,0,0,0,75,0,0,0,1947,detection,
1947057,12,22,2799,2799,0,0,0,0,0,0,83,0,0,0,1947,detection,
1947441,21,26,2907,2907,0,0,0,0,0,0,53,0,0,0,1947,detection,
1947669,17,8,2625,2625,0,0,0,0,0,0,60,0,0,0,1947,detection,
1949057,3,13,2395,2395,0,0,0,0,0,0,61,0,0,0,1949,detection,
1949978,8,4,3036,3036,0,0,0,0,0,0,55,0,0,0,1949,detection,
1950186,22,12,3444,3444,0,0,0,0,0,0,66,0,0,0,1950,detection,
1950187,5,12,3444,3444,0,0,0,0,0,0,73,0,0,0,1950,detection,
1950848,25,18,2655,2655,0,0,0,0,0,0,55,0,0,0,1950,detection,
1950870,19,18,2655,2655,0,0,0,0,0,0,59,0,0,0,1950,detection,
1950933,15,18,2655,2655,0,0,0,0,0,0,62,0,0,0,1950,detection,
1950937,3,18,2655,2655,0,0,0,0,0,0,59,0,0,0,1950,detection,
1950942,21,18,2655,2655,0,0,0,0,0,0,58,0,0,0,1950,detection,
1951467,1,10,3038,3038,0,0,0,0,0,0,33,0,0,0,1951,detection,
1951519,27,10,3038,3038,0,0,0,0,0,0,66,0,0,0,1951,detection,
1953190,21,26,2907,2907,0,0,0,0,0,0,52,0,0,0,1953,detection,
1953553,22,19,2262,2262,0,0,0,0,0,0,67,0,0,0,1953,detection,
1953554,5,19,2262,2262,0,0,0,0,0,0,48,0,0,0,1953,detection,
1953562,12,19,2262,2262,0,0,0,0,0,0,69,0,0,0,1953,detection,
1953575,18,19,2262,2262,0,0,0,0,0,0,67,0,0,0,1953,detection,
1953596,23,19,2262,2262,0,0,0,0,0,0,70,0,0,0,1953,detection,
1954340,4,16,3163,3163,0,0,0,0,0,0,52,0,0,0,1954,detection,
1954367,19,16,3163,3163,0,0,0,0,0,0,64,0,0,0,1954,detection,
1954417,17,16,3163,3163,0,0,0,0,0,0,48,0,0,0,1954,detection,
1954829,18,3,2907,2907,0,0,0,0,0,0,67,0,0,0,1954,detection,
1954829,13,3,2907,2907,0,0,0,0,0,0,62,0,0,0,1954,detection,
1954889,6,3,2907,2907,0,0,0,0,0,0,58,0,0,0,1954,detection,
1955012,27,21,2651,2651,0,0,0,0,0,0,43,0,0,0,1955,detection,
1955093,26,21,2651,2651,0,0,0,0,0,0,59,0,0,0,1955,detection,
1957179,5,12,2774,2774,0,0,0,0,0,0,72,0,0,0,1957,detection,
1957730,8,4,2774,2774,0,0,0,0,0,0,58,0,0,0,1957,detection,
1957993,19,18,2655,2655,0,0,0,0,0,0,59,0,0,0,1957,detection,
1959684,3,2,2759,2759,0,0,0,0,0,0,60,0,0,0,1959,detection,
1959718,4,2,2759,2759,0,0,0,0,0,0,57,0,0,0,1959,detection,
1961088,26,21,2676,2676,0,0,0,0,0,0,60,0,0,0,1961,detection,
1961892,27,18,2518,2518,0,0,0,0,0,0,58,0,0,0,1961,detection,
1961913,2,18,2518,2518,0,0,0,0,0,0,53,0,0,0,1961,detection,
1961931,15,18,2518,2518,0,0,0,0,0,0,64,0,0,0,1961,detection,
1961943,21,18,2518,2518,0,0,0,0,0,0,63,0,0,0,1961,detection,
1962933,3,4,2774,2774,0,0,0,0,0,0,58,0,0,0,1962,detection,
1962978,8,4,2774,2774,0,0,0,0,0,0,57,0,0,0,1962,detection,
1964182,15,5,3088,3088,0,0,0,0,0,0,65,0,0,0,1964,detection,
1964691,1,6,2537,2537,0,0,0,0,0,0,34,0,0,0,1964,detection,
1966718,26,12,3091,3091,0,0,0,0,0,0,66,0,0,0,1966,detection,
1967265,6,31,3760,2730,1030,0,100,100,48,0,52,0,58,40,1967,detection,
1970555,15,18,2518,2518,0,0,0,0,0,0,65,0,0,0,1970,detection,
1972927,5,15,2881,2881,0,0,0,0,0,0,58,0,0,0,1972,detection,
1972981,8,3,2651,2651,0,0,0,0,0,0,49,0,0,0,1972,detection,
1973099,25,21,2676,2676,0,0,0,0,0,0,71,0,0,0,1973,detection,
1973138,27,21,2676,2676,0,0,0,0,0,0,44,0,0,0,1973,detection,
1973370,19,16,3030,3030,0,0,0,0,0,0,66,0,0,0,1973,detection,
1973464,26,12,3030,3030,0,0,0,0,0,0,68,0,0,0,1973,detection,
1974605,8,4,2907,2907,0,0,0,0,0,0,57,0,0,0,1974,detection,
1974681,3,4,2907,2907,0,0,0,0,0,0,57,0,0,0,1974,detection,
1980097,25,18,2955,2955,0,0,0,0,0,0,59,0,0,0,1980,detection,
1980158,2,18,2955,2955,0,0,0,0,0,0,54,0,0,0,1980,detection,
1980179,15,18,2955,2955,0,0,0,0,0,0,64,0,0,0,1980,detection,
1982224,23,12,3188,3188,0,0,0,0,0,0,64,0,0,0,1982,detection,
1982301,5,12,3188,3188,0,0,0,0,0,0,66,0,0,0,1982,detection,
1984911,2,16,3467,3467,0,0,0,0,0,0,54,0,0,0,1984,detection,
1984929,22,16,3467,3467,0,0,0,0,0,0,55,0,0,0,1984,detection,
1984929,5,16,3467,3467,0,0,0,0,0,0,63,0,0,0,1984,detection,
1984946,21,16,3467,3467,0,0,0,0,0,0,61,0,0,0,1984,detection,
1984950,18,16,3467,3467,0,0,0,0,0,0,73,0,0,0,1984,detection,
1984964,4,16,3467,3467,0,0,0,0,0,0,56,0,0,0,1984,detection,
1985051,5,15,2881,2881,0,0,0,0,0,0,57,0,0,0,1985,detection,
1985811,15,5,3162,3162,0,0,0,0,0,0,65,0,0,0,1985,detection,
1986235,23,10,2955,2955,0,100,0,0,0,0,76,0,49,40,1986,detection,
1986272,16,10,2955,2955,0,100,0,0,0,0,69,0,49,40,1986,detection,
1986289,24,10,2955,2955,0,100,0,0,0,0,66,0,49,40,1986,detection,
1986820,21,25,2754,2754,0,0,0,0,0,0,62,0,0,0,1986,detection,
1986845,26,25,2754,2754,0,0,0,0,0,0,45,0,0,0,1986,detection,
1987216,9,24,3011,3011,0,0,0,0,0,0,54,0,0,0,1987,detection,
1987781,2,16,3393,3393,0,0,0,0,0,0,56,0,0,0,1987,detection,
1987802,22,16,3393,3393,0,0,0,0,0,0,59,0,0,0,1987,detection,
1987837,4,16,3393,3393,0,0,0,0,0,0,59,0,0,0,1987,detection,
1988850,25,13,3034,3034,0,0,0,0,0,0,69,0,0,0,1988,detection,
1989056,5,12,2932,2932,0,0,0,0,0,0,68,0,0,0,1989,detection,
1989094,26,12,2932,2932,0,0,0,0,0,0,70,0,0,0,1989,detection,
1991036,7,14,2318,2318,0,0,0,0,0,0,57,0,0,0,1991,detection,
1995178,22,13,3182,3182,0,0,0,0,0,0,64,0,0,0,1995,detection,
1995221,25,13,3182,3182,0,0,0,0,0,0,64,0,0,0,1995,detection,
1995464,4,16,3419,3419,0,0,0,0,0,0,59,0,0,0,1995,detection,
1995516,27,16,3419,3419,0,0,0,0,0,0,69,0,0,0,1995,detection,
1995553,22,16,3419,3419,0,0,0,0,0,0,62,0,0,0,1995,detection,
1995570,21,16,3419,3419,0,0,0,0,0,0,64,0,0,0,1995,detection,
1996511,6,4,2651,2651,0,0,0,0,0,0,60,0,0,0,1996,detection,
1997093,4,23,2328,2328,0,0,0,0,0,0,63,0,0,0,1997,detection,
1997802,5,15,3274,3274,0,0,0,0,0,0,59,0,0,0,1997,detection,
1998406,24,20,2228,2228,0,0,0,0,0,0,64,0,0,0,1998,detection,
1999518,27,8,3018,3018,0,0,0,0,0,0,62,0,0,0,1999,detection,
1999522,16,8,3018,3018,0,0,0,0,0,0,54,0,0,0,1999,detection,
1999970,26,21,2689,2689,0,0,0,0,0,0,61,0,0,0,1999,detection,
2000942,21,26,2840,2840,0,0,0,0,0,0,55,0,0,0,2000,detection,
2001045,2,24,2740,2740,0,0,0,0,0,0,47,0,0,0,2001,detection,
2001095,9,24,2740,2740,0,0,0,0,0,0,58,0,0,0,2001,detection,
2002061,15,18,2740,2740,0,0,0,0,0,0,59,0,0,0,2002,detection,
2002777,24,10,3201,3201,0,0,0,0,0,0,64,0,0,0,2002,detection,
2002790,17,10,3201,3201,0,0,0,0,0,0,61,0,0,0,2002,detection,
2002804,5,10,3201,3201,0,0,0,0,0,0,49,0,0,0,2002,detection,
2002811,12,10,3201,3201,0,0,0,0,0,0,67,0,0,0,2002,detection,
2002846,9,10,3201,3201,0,0,0,0,0,0,70,0,0,0,2002,detection,
2002862,14,10,3201,3201,0,0,0,0,0,0,51,0,0,0,2002,detection,
2003163,2,12,2740,2740,0,0,0,0,0,0,67,0,0,0,2003,detection,
2003191,5,12,2740,2740,0,0,0,0,0,0,69,0,0,0,2003,detection,
2003320,21,16,3163,3163,0,0,0,0,0,0,63,0,0,0,2003,detection,
2003393,27,16,3163,3163,0,0,0,0,0,0,68,0,0,0,2003,detection,
2003426,22,16,3163,3163,0,0,0,0,0,0,61,0,0,0,2003,detection,
2004591,1,20,2228,2228,0,0,0,0,0,0,61,0,0,0,2004,detection,
2004639,6,20,2228,2228,0,0,0,0,0,0,70,0,0,0,2004,detection,
2005787,7,3,2651,2651,0,0,0,0,0,0,67,0,0,0,2005,detection,
2005855,8,3,2651,2651,0,0,0,0,0,0,50,0,0,0,2005,detection,
2006833,13,22,2740,2740,0,0,0,0,0,0,65,0,0,0,2006,detection,
2006846,23,22,2740,2740,0,0,0,0,0,0,76,0,0,0,2006,detection,
2007509,6,23,2328,2328,0,0,0,0,0,0,55,0,0,0,2007,detection,
2007663,17,10,2740,2740,0,0,0,0,0,0,64,0,0,0,2007,detection,
2007691,12,10,2740,2740,0,0,0,0,0,0,62,0,0,0,2007,detection,
2007735,14,10,2740,2740,0,0,0,0,0,0,55,0,0,0,2007,detection,
2007767,16,27,3352,3352,0,0,0,0,0,0,54,0,0,0,2007,detection,
2007805,22,27,3352,3352,0,0,0,0,0,0,57,0,0,0,2007,detection,
2008590,26,25,2740,2740,0,0,0,0,0,0,45,0,0,0,2008,detection,
2008646,27,25,2740,2740,0,0,0,0,0,0,62,0,0,0,2008,detection,
2009599,25,13,3316,3316,0,0,0,0,0,0,63,0,0,0,2009,detection,
2009677,22,13,3316,3316,0,0,0,0,0,0,61,0,0,0,2009,detection,
2010307,15,18,2740,2740,0,0,0,0,0,0,58,0,0,0,2010,detection,
2014830,13,16,2740,2740,0,0,0,0,0,0,75,0,0,0,2014,detection,
2014835,4,16,2740,2740,0,0,0,0,0,0,58,0,0,0,2014,detection,
2015289,17,26,3021,3021,0,0,0,0,0,0,68,0,0,0,2015,detection,
2017488,14,5,3108,3108,0,0,0,0,0,0,64,0,0,0,2017,detection,
2018309,3,6,2740,2740,0,0,0,0,0,0,53,0,0,0,2018,detection,
2018364,20,6,2740,2740,0,0,0,0,0,0,57,0,0,0,2018,detection,
2019561,15,18,2740,2740,0,0,0,0,0,0,57,0,0,0,2019,detection,
2020595,4,29,4172,2840,1332,0,100,100,100,8,52,0,58,40,2020,detection,
2020595,26,29,4172,2840,1332,0,100,100,100,0,39,0,69,55,2020,detection,
2021576,1,20,2312,2312,0,0,0,0,0,0,60,0,0,0,2021,detection,
2021633,6,20,2312,2312,0,0,0,0,0,0,67,0,0,0,2021,detection,
2021743,19,12,2714,2714,0,0,0,0,0,0,65,0,0,0,2021,detection,
2021783,2,12,2714,2714,0,0,0,0,0,0,66,0,0,0,2021,detection,
2023114,11,23,2621,2621,0,0,0,0,0,0,44,0,0,0,2023,detection,
2023219,4,13,2996,2996,0,0,0,0,0,0,56,0,0,0,2023,detection,
2023223,9,13,2996,2996,0,0,0,0,0,0,56,0,0,0,2023,detection,
2023240,20,13,2996,2996,0,0,0,0,0,0,50,0,0,0,2023,detection,
2024766,16,27,2824,2824,0,0,0,0,0,0,58,0,0,0,2024,detection,
2024804,22,27,2824,2824,0,0,0,0,0,0,60,0,0,0,2024,detection,
2025844,23,22,2740,2740,0,0,0,0,0,0,81,0,0,0,2025,detection,
2028661,17,10,3036,3036,0,0,0,0,0,0,64,0,0,0,2028,detection,
2028686,12,10,3036,3036,0,0,0,0,0,0,67,0,0,0,2028,detection,
2028713,4,10,3036,3036,0,0,0,0,0,0,64,0,0,0,2028,detection,
2028776,24,10,3036,3036,0,0,0,0,0,0,64,0,0,0,2028,detection,
2028865,19,15,2996,2996,0,0,0,0,0,0,64,0,0,0,2028,detection,
2029488,20,9,2782,2782,0,0,0,0,0,0,59,0,0,0,2029,detection,
2030392,27,25,2593,2593,0,0,0,0,0,0,63,0,0,0,2030,detection,
2030407,2,24,3252,3252,0,0,0,0,0,0,50,0,0,0,2030,detection,
2032324,21,30,4533,2495,2038,0,100,100,9,0,57,0,58,40,2032,detection,
2032891,16,27,2568,2568,0,0,0,0,0,0,59,0,0,0,2032,detection,
2032925,22,27,2568,2568,0,0,0,0,0,0,61,0,0,0,2032,detection,
2032963,26,27,2568,2568,0,0,0,0,0,0,65,0,0,0,2032,detection,
2033054,22,16,2849,2849,0,0,0,0,0,0,64,0,0,0,2033,detection,
2035906,24,4,3508,3508,0,0,0,0,0,0,56,0,0,0,2035,detection,
2035979,10,4,3508,3508,0,0,0,0,0,0,61,0,0,0,2035,detection,
2037464,26,17,2987,2987,0,0,0,90,0,15,59,0,60,40,2037,detection,
2038081,13,23,2621,2621,0,0,0,0,0,0,59,0,0,0,2038,detection,
2038115,11,23,2621,2621,0,0,0,0,0,0,44,0,0,0,2038,detection,
2038132,6,23,2621,2621,0,0,0,0,0,0,55,0,0,0,2038,detection,
2038477,9,13,2996,2996,0,0,0,0,0,0,55,0,0,0,2038,detection,
2038738,14,23,2621,2621,0,0,0,0,0,0,59,0,0,0,2038,detection,
2038790,17,26,3080,3080,0,0,0,0,0,0,67,0,0,0,2038,detection,
2041721,26,29,4192,2824,1368,0,100,100,5,0,39,0,69,55,2041,detection,
2042203,18,19,3034,3034,0,0,0,0,0,0,69,0,0,0,2042,detection,
2042267,27,8,3080,3080,0,0,0,0,0,0,61,0,0,0,2042,detection,
2042284,2,8,3080,3080,0,0,0,0,0,0,57,0,0,0,2042,detection,
2042292,17,8,3080,3080,0,0,0,0,0,0,59,0,0,0,2042,detection,
2042340,26,8,3080,3080,0,0,0,0,0,15,60,0,0,0,2042,detection,
2042348,9,8,3080,3080,0,0,0,0,0,0,95,0,0,0,2042,detection,
2042365,14,8,3080,3080,0,0,0,0,0,0,61,0,0,0,2042,detection,
2044277,24,4,3508,3508,0,0,0,0,0,0,56,0,0,0,2044,detection,
2044350,10,4,3508,3508,0,0,0,0,0,0,60,0,0,0,2044,detection,
2044358,8,4,3508,3508,0,0,0,0,0,0,57,0,0,0,2044,detection,
2045884,6,14,2711,2711,0,0,0,0,0,0,60,0,0,0,2045,detection,
2045896,16,14,2711,2711,0,0,0,0,0,0,59,0,0,0,2045,detection,
2045931,5,14,2711,2711,0,0,0,0,0,0,56,0,0,0,2045,detection,
2046913,2,30,4553,2495,2058,0,100,100,6,0,63,0,48,40,2046,detection,
2046943,21,30,4553,2495,2058,0,100,100,2,0,56,0,58,40,2046,detection,
2046956,13,30,4553,2495,2058,0,100,100,11,0,61,0,56,40,2046,detection,
2046981,10,30,4553,2495,2058,0,100,100,23,0,65,0,48,40,2046,detection,
2047557,5,10,3032,3032,0,0,0,0,0,0,53,0,0,0,2047,detection,
2047586,4,10,3032,3032,0,0,0,0,0,0,65,0,0,0,2047,detection,
2047595,9,10,3032,3032,0,0,0,0,0,0,71,0,0,0,2047,detection,
2047599,23,10,3032,3032,0,0,0,0,0,0,76,0,0,0,2047,detection,
2047607,8,10,3032,3032,0,0,0,0,0,0,58,0,0,0,2047,detection,
2047608,14,10,3032,3032,0,0,0,0,0,0,56,0,0,0,2047,detection,
2047642,27,10,3032,3032,0,0,0,0,0,0,72,0,0,0,2047,detection,
2047651,24,10,3032,3032,0,0,0,0,0,0,65,0,0,0,2047,detection,
2048812,15,18,2944,2944,0,0,0,0,0,0,56,0,0,0,2048,detection,
2048867,19,18,2944,2944,0,0,0,0,0,0,59,0,0,0,2048,detection,
2048894,27,18,2944,2944,0,0,0,0,0,0,60,0,0,0,2048,detection,
2049131,6,20,2667,2667,0,0,0,0,0,0,62,0,0,0,2049,detection,
2049416,27,8,3080,3080,0,0,0,0,0,0,56,0,0,0,2049,detection,
2050109,8,29,4212,2568,1644,0,100,100,32,0,53,0,58,40,2050,detection,
2050964,26,27,2959,2959,0,0,0,0,0,0,62,0,0,0,2050,detection,
2050976,10,27,2959,2959,0,0,0,0,0,0,46,0,0,0,2050,detection,
2053702,18,2,2759,2759,0,0,0,0,0,0,62,0,0,0,2053,detection,
2053703,13,2,2759,2759,0,0,0,0,0,0,100,0,0,0,2053,detection,
2053720,23,2,2759,2759,0,0,0,0,0,0,63,0,0,0,2053,detection,
2053728,10,2,2759,2759,0,0,0,0,0,0,62,0,0,0,2053,detection,
2053732,8,2,2759,2759,0,0,0,0,0,0,57,0,0,0,2053,detection,
2053741,20,2,2759,2759,0,0,0,0,0,0,58,0,0,0,2053,detection,
2053748,14,2,2759,2759,0,0,0,0,0,0,63,0,0,0,2053,detection,
2054589,26,8,3223,3223,0,0,0,0,0,15,59,0,0,0,2054,detection,
2054593,9,8,3223,3223,0,0,0,0,0,0,90,0,0,0,2054,detection,
2054611,14,8,3223,3223,0,0,0,0,0,0,60,0,0,0,2054,detection,
2054641,27,8,3223,3223,0,0,0,0,0,0,59,0,0,0,2054,detection,
2054657,2,8,3223,3223,0,0,0,0,0,0,60,0,0,0,2054,detection,
2054958,13,23,2856,2856,0,0,0,0,0,0,60,0,0,0,2054,detection,
2054976,10,23,2856,2856,0,0,0,0,0,0,59,0,0,0,2054,detection,
2054983,14,23,2856,2856,0,0,0,0,0,0,60,0,0,0,2054,detection,
2054989,11,23,2856,2856,0,0,0,0,0,0,49,0,0,0,2054,detection,
2055009,6,23,2856,2856,0,0,0,0,0,0,60,0,0,0,2055,detection,
2057412,2,12,3271,3271,0,0,0,0,0,0,64,0,0,0,2057,detection,
2057468,26,12,3271,3271,0,0,0,0,0,0,68,0,0,0,2057,detection,
2058485,20,6,3137,3137,0,0,0,0,0,0,58,0,0,0,2058,detection,
2059680,3,4,3508,3508,0,0,0,0,0,0,57,0,0,0,2059,detection,
2059727,8,4,3508,3508,0,0,0,0,0,0,56,0,0,0,2059,detection,
2059731,10,4,3508,3508,0,0,0,0,0,0,56,0,0,0,2059,detection,
2059782,24,4,3508,3508,0,0,0,0,0,0,56,0,0,0,2059,detection,
2063580,13,23,2804,2804,0,0,0,0,0,0,59,0,0,0,2063,detection,
2063591,4,23,2804,2804,0,0,0,0,0,0,62,0,0,0,2063,detection,
2063598,10,23,2804,2804,0,0,0,0,0,0,57,0,0,0,2063,detection,
2063606,14,23,2804,2804,0,0,0,0,0,0,56,0,0,0,2063,detection,
2063615,11,23,2804,2804,0,0,0,0,0,0,49,0,0,0,2063,detection,
2063680,15,23,2804,2804,0,0,0,0,0,0,61,0,0,0,2063,detection,
2063680,12,23,2804,2804,0,0,0,0,0,0,80,0,0,0,2063,detection,
2065214,26,12,3783,3783,0,0,0,0,0,0,68,0,0,0,2065,detection,
2065222,23,12,3783,3783,0,0,0,0,0,0,67,0,0,0,2065,detection,
2065726,23,30,4593,2495,2098,0,100,100,15,0,67,0,48,40,2065,detection,
2065730,4,30,4593,2495,2098,0,100,100,100,0,84,0,48,40,2065,detection,
2065734,8,30,4593,2495,2098,0,100,100,10,0,70,0,48,40,2065,detection,
2067654,24,4,3316,3316,0,0,0,0,0,0,56,0,0,0,2067,detection,
2067682,3,4,3316,3316,0,0,0,0,0,0,52,0,0,0,2067,detection,
2067684,12,4,3316,3316,0,0,0,0,0,0,56,0,0,0,2067,detection,
2068468,23,13,2996,2996,0,0,0,0,0,0,58,0,0,0,2068,detection,
2068471,9,13,2996,2996,0,0,0,0,0,0,55,0,0,0,2068,detection,
2068480,10,13,2996,2996,0,0,0,0,0,0,65,0,0,0,2068,detection,
2068484,8,13,2996,2996,0,0,0,0,0,0,65,0,0,0,2068,detection,
2068488,14,13,2996,2996,0,0,0,0,0,0,71,0,0,0,2068,detection,
2068489,20,13,2996,2996,0,0,0,0,0,0,46,0,0,0,2068,detection,
2068519,27,13,2996,2996,0,0,0,0,0,0,70,0,0,0,2068,detection,
2068562,15,13,2996,2996,0,0,0,0,0,0,66,0,0,0,2068,detection,
2070642,27,10,3232,3232,0,0,0,0,0,0,69,0,0,0,2070,detection,
2073734,8,4,3316,3316,0,0,0,0,0,0,56,0,0,0,2073,detection,
2073781,24,4,3316,3316,0,0,0,0,0,0,55,0,0,0,2073,detection,
2075680,12,23,2804,2804,0,0,0,0,0,0,76,0,0,0,2075,detection,
2075680,15,23,2804,2804,0,0,0,0,0,0,61,0,0,0,2075,detection,
2075696,1,3,3271,3271,0,0,0,0,0,0,49,0,0,0,2075,detection,
2075702,13,23,2804,2804,0,0,0,0,0,0,59,0,0,0,2075,detection,
2078596,23,2,3316,3316,0,0,0,0,0,0,64,0,0,0,2078,detection,
2078720,26,21,3764,3764,0,0,0,0,0,0,66,0,0,0,2078,detection,
2078726,4,2,3316,3316,0,0,0,0,0,0,60,0,0,0,2078,detection,
2078874,1,24,3452,3452,0,0,0,0,0,0,40,0,0,0,2078,detection,
2080158,2,3,768,768,0,0,0,0,0,0,60,0,0,0,2080,detection,
2080206,18,3,768,768,0,0,0,0,0,0,67,0,0,0,2080,detection,
2080231,10,3,768,768,0,0,0,0,0,0,43,0,0,0,2080,detection,
2083078,18,13,3060,3060,0,0,0,0,0,0,67,0,0,0,2083,detection,
2083095,23,13,3060,3060,0,0,0,0,0,0,56,0,0,0,2083,detection,
2083181,15,13,3060,3060,0,0,0,0,0,0,68,0,0,0,2083,detection,
2084346,9,10,1280,1280,0,0,0,0,0,0,65,0,0,0,2084,detection,
2084347,25,10,1280,1280,0,0,0,0,0,0,54,0,0,0,2084,detection,
2084490,11,12,1280,1280,0,0,0,0,0,0,60,0,0,0,2084,detection,
2084490,19,12,1280,1280,0,0,0,0,0,0,61,0,0,0,2084,detection,
2084554,5,12,1280,1280,0,0,0,0,0,0,68,0,0,0,2084,detection,
2084554,22,12,1280,1280,0,0,0,0,0,0,65,0,0,0,2084,detection,
2084596,23,12,1280,1280,0,0,0,0,0,0,65,0,0,0,2084,detection,
2085561,3,18,1024,1024,0,0,0,0,0,0,64,0,0,0,2085,detection,
2086108,10,30,4613,1280,3333,0,100,100,100,0,65,0,48,40,2086,detection,
2087423,22,2,1307,1307,0,0,0,0,0,0,48,0,0,0,2087,detection,
2087431,3,2,1307,1307,0,0,0,0,0,0,59,0,0,0,2087,detection,
2087461,4,2,1307,1307,0,0,0,0,0,0,59,0,0,0,2087,detection,
2087941,21,26,1536,1536,0,0,0,0,0,0,59,0,0,0,2087,detection,
2088619,19,5,1792,1792,0,0,0,0,0,0,62,0,0,0,2088,detection,
2090738,14,11,1280,1280,0,0,0,0,0,0,46,0,0,0,2090,detection,
2090954,1,24,2280,2280,0,0,0,0,0,0,40,0,0,0,2090,detection,
2091552,5,12,1024,1024,0,0,0,0,0,0,69,0,0,0,2091,detection,
2091841,26,21,3316,3316,0,0,0,0,0,0,70,0,0,0,2091,detection,
2091849,25,21,3316,3316,0,0,0,0,0,0,71,0,0,0,2091,detection,
2092694,21,18,1024,1024,0,0,0,0,0,0,68,0,0,0,2092,detection,
2093019,16,10,1280,1280,0,0,0,0,0,0,70,0,0,0,2093,detection,
2095216,26,21,1536,1536,0,0,0,0,0,0,71,0,0,0,2095,detection,
2097349,9,16,1536,1536,0,0,0,0,0,0,68,0,0,0,2097,detection,
2098058,1,24,1975,1975,0,0,0,0,0,0,40,0,0,0,2098,detection,
2100230,23,13,2073,2073,0,0,0,0,0,0,59,0,0,0,2100,detection,
2100306,15,13,2073,2073,0,0,0,0,0,0,66,0,0,0,2100,detection,
2102219,26,21,1536,1536,0,0,0,0,0,0,69,0,0,0,2102,detection,
2102220,25,21,1536,1536,0,0,0,0,0,0,74,0,0,0,2102,detection,
2103308,15,18,1024,1024,0,0,0,0,0,0,62,0,0,0,2103,detection,
2103992,11,22,1536,1536,0,0,0,0,0,0,62,0,0,0,2103,detection,
2103996,19,22,1536,1536,0,0,0,0,0,0,95,0,0,0,2103,detection,
2104061,12,22,1536,1536,0,0,0,0,0,0,82,0,0,0,2104,detection,
2104343,9,16,2048,2048,0,0,0,0,0,0,67,0,0,0,2104,detection,
2106112,14,5,1302,1302,0,0,0,0,0,0,65,0,0,0,2106,detection,
2106116,11,5,1302,1302,0,0,0,0,0,0,61,0,0,0,2106,detection,
2106240,20,4,1280,1280,0,0,0,0,0,0,58,0,0,0,2106,detection,
2106309,12,4,1280,1280,0,0,0,0,0,0,56,0,0,0,2106,detection,
2107113,11,22,1792,1792,0,0,0,0,0,0,65,0,0,0,2107,detection,
2107118,19,22,1792,1792,0,0,0,0,0,0,91,0,0,0,2107,detection,
2107183,12,22,1792,1792,0,0,0,0,0,0,78,0,0,0,2107,detection,
2107361,1,20,1814,1814,0,0,0,0,0,0,61,0,0,0,2107,detection,
2108932,5,14,1536,1536,0,0,0,0,0,0,59,0,0,0,2108,detection,
2109348,23,2,1370,1370,0,0,0,0,0,0,65,0,0,0,2109,detection,
2112075,1,24,2161,2161,0,0,0,0,0,0,37,0,0,0,2112,detection,
2112343,23,13,2073,2073,0,0,0,0,0,0,58,0,0,0,2112,detection,
2113218,26,25,1792,1792,0,0,0,0,0,0,49,0,0,0,2113,detection,
2113876,1,20,1814,1814,0,0,0,0,0,0,61,0,0,0,2113,detection,
2115165,17,10,1792,1792,0,0,0,0,0,0,64,0,0,0,2115,detection,
2115179,5,10,1792,1792,0,0,0,0,0,0,57,0,0,0,2115,detection,
2116427,5,12,2172,2172,0,0,0,0,0,0,68,0,0,0,2116,detection,
2116865,19,22,1792,1792,0,0,0,0,0,0,88,0,0,0,2116,detection,
2116907,24,22,1792,1792,0,0,0,0,0,0,79,0,0,0,2116,detection,
2116929,15,23,1882,1882,0,0,0,0,0,0,60,0,0,0,2116,detection,
2116933,12,22,1792,1792,0,0,0,0,0,0,80,0,0,0,2116,detection,
2118413,1,20,2073,2073,0,0,0,0,0,0,53,0,0,0,2118,detection,
2120269,27,16,2048,2048,0,0,0,0,0,0,67,0,0,0,2120,detection,
2124201,18,9,2038,2038,0,0,0,0,0,0,63,0,0,0,2124,detection,
2124208,13,9,2038,2038,0,0,0,0,0,0,65,0,0,0,2124,detection,
2124227,25,9,2038,2038,0,0,0,0,0,0,68,0,0,0,2124,detection,
2124229,10,9,2038,2038,0,0,0,0,0,0,51,0,0,0,2124,detection,
2124430,15,23,1882,1882,0,0,0,0,0,0,59,0,0,0,2124,detection,
2124454,13,23,1882,1882,0,0,0,0,0,0,59,0,0,0,2124,detection,
2124488,10,23,1882,1882,0,0,0,0,0,0,61,0,0,0,2124,detection,
2124494,19,23,1882,1882,0,0,0,0,0,0,44,0,0,0,2124,detection,
2124990,19,22,1792,1792,0,0,0,0,0,0,85,0,0,0,2124,detection,
2125027,24,22,1792,1792,0,0,0,0,0,0,79,0,0,0,2125,detection,
2125058,12,22,1792,1792,0,0,0,0,0,0,79,0,0,0,2125,detection,
2126968,4,29,4372,2355,2017,0,100,100,84,8,55,0,58,40,2126,detection,
2127349,1,20,2249,2249,0,0,0,0,0,0,50,0,0,0,2127,detection,
2127590,26,25,1792,1792,0,0,0,0,0,0,48,0,0,0,2127,detection,
2127911,7,14,1814,1814,0,0,0,0,0,0,57,0,0,0,2127,detection,
2129432,15,23,2329,2329,0,0,0,0,0,0,61,0,0,0,2129,detection,
2130809,12,4,1792,1792,0,0,0,0,0,0,56,0,0,0,2130,detection,
2131113,14,11,1814,1814,0,0,0,0,0,0,46,0,0,0,2131,detection,
2132021,16,27,1894,1894,0,0,0,0,0,0,59,0,0,0,2132,detection,
2132039,7,10,2550,2550,0,0,0,0,0,0,48,0,0,0,2132,detection,
2132656,24,2,1370,1370,0,0,0,0,0,0,60,0,0,0,2132,detection,
2132660,7,2,1370,1370,0,0,0,0,0,0,60,0,0,0,2132,detection,
2132673,22,2,1370,1370,0,0,0,0,0,0,46,0,0,0,2132,detection,
2133405,1,20,2304,2304,0,0,0,0,0,0,54,0,0,0,2133,detection,
2133686,15,19,1973,1973,0,0,0,0,0,0,60,0,0,0,2133,detection,
2135038,2,30,4673,1280,3393,0,100,100,100,0,63,0,48,40,2135,detection,
2135107,8,30,4673,1280,3393,0,100,100,100,0,68,0,48,40,2135,detection,
2136211,1,24,1882,1882,0,0,0,0,0,0,40,0,0,0,2136,detection,
2136284,2,24,1882,1882,0,0,0,0,0,0,53,0,0,0,2136,detection,
2136804,15,23,2329,2329,0,0,0,0,0,0,62,0,0,0,2136,detection,
2138172,1,20,2304,2304,0,0,0,0,0,0,53,0,0,0,2138,detection,
2139185,3,18,1478,1478,0,0,0,0,0,0,63,0,0,0,2139,detection,
2139240,14,11,2304,2304,0,0,0,0,0,0,49,0,0,0,2139,detection,
2140018,27,10,3318,3318,0,0,0,0,0,0,73,0,0,0,2140,detection,
2140022,16,10,3318,3318,0,0,0,0,0,0,75,0,0,0,2140,detection,
2140107,8,10,3318,3318,0,0,0,0,0,0,64,0,0,0,2140,detection,
2141640,27,16,2132,2132,0,0,0,0,0,0,61,0,0,0,2141,detection,
2142262,6,4,1996,1996,0,0,0,0,0,0,60,0,0,0,2142,detection,
2142309,12,4,1996,1996,0,0,0,0,0,0,57,0,0,0,2142,detection,
2142949,18,3,1990,1990,0,0,0,0,0,0,67,0,0,0,2142,detection,
2147090,4,29,4412,2406,2006,0,100,100,1,0,55,0,58,40,2147,detection,
2149102,10,3,2841,2841,0,0,0,0,0,0,47,0,0,0,2149,detection,
2149201,18,3,2841,2841,0,0,0,0,0,0,63,0,0,0,2149,detection,
2149291,17,21,2054,2054,0,0,0,0,0,0,58,0,0,0,2149,detection,
2150580,18,19,2159,2159,0,0,0,0,0,0,67,0,0,0,2150,detection,
2150883,6,23,2400,2400,0,0,0,0,0,0,60,0,0,0,2150,detection,
2151276,16,30,4693,1280,3413,0,100,100,100,0,54,0,58,40,2151,detection,
2152095,25,18,2671,2671,0,0,0,0,0,0,58,0,0,0,2152,detection,
2152137,27,18,2671,2671,0,0,0,0,0,0,63,0,0,0,2152,detection,
2152184,3,18,2671,2671,0,0,0,0,0,0,62,0,0,0,2152,detection,
2152680,5,12,2252,2252,0,0,0,0,0,0,69,0,0,0,2152,detection,
2153706,13,9,2243,2243,0,0,0,0,0,0,64,0,0,0,2153,detection,
2153727,4,9,2243,2243,0,0,0,0,0,0,64,0,0,0,2153,detection,
2153775,24,9,2243,2243,0,0,0,0,0,0,62,0,0,0,2153,detection,
2153788,2,9,2243,2243,0,0,0,0,0,0,69,0,0,0,2153,detection,
2154100,10,3,2671,2671,0,0,0,0,0,0,47,0,0,0,2154,detection,
2154198,18,3,2671,2671,0,0,0,0,0,0,66,0,0,0,2154,detection,
2155431,1,20,3587,3587,0,0,0,0,0,0,52,0,0,0,2155,detection,
2158395,16,27,2702,2702,0,0,0,0,0,0,59,0,0,0,2158,detection,
2158476,10,27,2702,2702,0,0,0,0,0,0,50,0,0,0,2158,detection,
2158478,26,27,2702,2702,0,0,0,0,0,0,65,0,0,0,2158,detection,
2158560,15,11,2304,2304,0,0,0,0,0,0,55,0,0,0,2158,detection,
2158611,14,11,2304,2304,0,0,0,0,0,0,52,0,0,0,2158,detection,
2160274,16,30,4733,1280,3453,0,100,100,5,0,54,0,58,40,2160,detection,
2160283,2,30,4733,1280,3453,0,100,100,6,0,62,0,54,40,2160,detection,
2160297,1,20,768,768,0,0,0,0,0,0,52,0,0,0,2160,detection,
2160742,11,15,1510,1510,0,0,0,0,0,0,58,0,0,0,2160,detection,
2160742,19,15,1510,1510,0,0,0,0,0,0,63,0,0,0,2160,detection,
2161219,25,18,2671,2671,0,0,0,0,0,0,58,0,0,0,2161,detection,
2161266,27,18,2671,2671,0,0,0,0,0,0,62,0,0,0,2161,detection,
2161521,27,25,2227,2227,0,0,0,0,0,0,64,0,0,0,2161,detection,
2163225,10,3,2671,2671,0,0,0,0,0,0,47,0,0,0,2163,detection,
2163236,14,11,2048,2048,0,0,0,0,0,0,54,0,0,0,2163,detection,
2164304,5,12,1024,1024,0,0,0,0,0,0,70,0,0,0,2164,detection,
2165892,27,10,3183,3183,0,0,0,0,0,0,72,0,0,0,2165,detection,
2166399,6,4,1536,1536,0,0,0,0,0,0,59,0,0,0,2166,detection,
2166407,24,4,1536,1536,0,0,0,0,0,0,52,0,0,0,2166,detection,
2166432,12,4,1536,1536,0,0,0,0,0,0,52,0,0,0,2166,detection,
2167056,5,14,512,512,0,0,0,0,0,0,61,0,0,0,2167,detection,
2167133,6,14,512,512,0,0,0,0,0,0,62,0,0,0,2167,detection,
2167438,15,13,1536,1536,0,0,0,0,0,0,64,0,0,0,2167,detection,
2167468,4,13,1536,1536,0,0,0,0,0,0,56,0,0,0,2167,detection,
2167482,9,13,1536,1536,0,0,0,0,0,0,58,0,0,0,2167,detection,
2167488,14,13,1536,1536,0,0,0,0,0,0,69,0,0,0,2167,detection,
2167488,20,13,1536,1536,0,0,0,0,0,0,50,0,0,0,2167,detection,
2167707,15,11,768,768,0,0,0,0,0,0,56,0,0,0,2167,detection,
2167742,14,11,768,768,0,0,0,0,0,0,59,0,0,0,2167,detection,
2168641,1,6,1536,1536,0,0,0,0,0,0,39,0,0,0,2168,detection,
2169987,11,15,1024,1024,0,0,0,0,0,0,53,0,0,0,2169,detection,
2170051,5,15,1024,1024,0,0,0,0,0,0,59,0,0,0,2170,detection,
2171114,11,5,1024,1024,0,0,0,0,0,0,64,0,0,0,2171,detection,
2171115,14,5,1024,1024,0,0,0,0,0,0,64,0,0,0,2171,detection,
2171720,9,24,1024,1024,0,0,0,0,0,0,57,0,0,0,2171,detection,
2171784,2,24,1024,1024,0,0,0,0,0,0,57,0,0,0,2171,detection,
2171811,3,24,1024,1024,0,0,0,0,0,0,58,0,0,0,2171,detection,
2172229,8,30,4753,1280,3473,0,100,100,9,0,63,0,48,40,2172,detection,
2172233,10,30,4753,1280,3473,0,100,100,15,0,65,0,48,40,2172,detection,
2172976,10,27,2739,2739,0,0,0,0,0,0,53,0,0,0,2172,detection,
2173656,24,4,768,768,0,0,0,0,0,0,57,0,0,0,2173,detection,
2174102,8,10,2927,2927,0,0,0,0,0,0,63,0,0,0,2174,detection,
2174140,27,10,2927,2927,0,0,0,0,0,0,74,0,0,0,2174,detection,
2174148,16,10,2927,2927,0,0,0,0,0,0,76,0,0,0,2174,detection,
2174479,10,3,1536,1536,0,0,0,0,0,0,51,0,0,0,2174,detection,
2174493,8,3,1536,1536,0,0,0,0,0,0,49,0,0,0,2174,detection,
2174532,16,3,1536,1536,0,0,0,0,0,0,64,0,0,0,2174,detection,
2174992,19,18,1536,1536,0,0,0,0,0,0,58,0,0,0,2174,detection,
2175687,1,9,1024,1024,0,0,0,0,0,0,50,0,0,0,2175,detection,
2175705,13,9,1024,1024,0,0,0,0,0,0,58,0,0,0,2175,detection,
2175739,20,9,1024,1024,0,0,0,0,0,0,59,0,0,0,2175,detection,
2175786,7,9,1024,1024,0,0,0,0,0,0,60,0,0,0,2175,detection,
2176488,11,15,1280,1280,0,0,0,0,0,0,54,0,0,0,2176,detection,
2177391,27,8,2048,2048,0,0,0,0,0,0,59,0,0,0,2177,detection,
2178193,21,25,1280,1280,0,0,0,0,0,0,61,0,0,0,2178,detection,
2178293,1,20,534,534,0,0,0,0,0,0,54,0,0,0,2178,detection,
2178603,8,10,1792,1792,0,0,0,0,0,0,65,0,0,0,2178,detection,
2178645,16,10,1792,1792,0,0,0,0,0,0,74,0,0,0,2178,detection,
2178849,25,21,1536,1536,0,0,0,0,0,0,77,0,0,0,2178,detection,
2178872,19,16,2048,2048,0,0,0,0,0,0,68,0,0,0,2178,detection,
2178893,27,16,2048,2048,0,0,0,0,0,0,65,0,0,0,2178,detection,
2180587,13,2,1280,1280,0,0,0,0,0,0,95,0,0,0,2180,detection,
2180591,4,2,1280,1280,0,0,0,0,0,0,59,0,0,0,2180,detection,
2181768,16,3,1792,1792,0,0,0,0,0,0,62,0,0,0,2181,detection,
2181827,18,3,1792,1792,0,0,0,0,0,0,64,0,0,0,2181,detection,
2181849,10,3,1792,1792,0,0,0,0,0,0,52,0,0,0,2181,detection,
2183973,25,21,1536,1536,0,0,0,0,0,0,76,0,0,0,2183,detection,
2184035,2,12,1069,1069,0,0,0,0,0,0,65,0,0,0,2184,detection,
2184056,5,12,1069,1069,0,0,0,0,0,0,65,0,0,0,2184,detection,
2184664,7,10,1792,1792,0,0,0,0,0,0,53,0,0,0,2184,detection,
2186117,19,16,2048,2048,0,0,0,0,0,0,70,0,0,0,2186,detection,
2186138,27,16,2048,2048,0,0,0,0,0,0,68,0,0,0,2186,detection,
2186201,18,16,2048,2048,0,0,0,0,0,0,75,0,0,0,2186,detection,
2188450,1,9,1254,1254,0,0,0,0,0,0,49,0,0,0,2188,detection,
2188488,20,9,1254,1254,0,0,0,0,0,0,58,0,0,0,2188,detection,
2188637,6,4,793,793,0,0,0,0,0,0,60,0,0,0,2188,detection,
2188640,27,8,2304,2304,0,0,0,0,0,0,59,0,0,0,2188,detection,
2188654,24,4,793,793,0,0,0,0,0,0,57,0,0,0,2188,detection,
2192674,5,15,1280,1280,0,0,0,0,0,0,59,0,0,0,2192,detection,
2193145,27,30,4793,1882,2911,0,100,100,100,0,66,0,48,40,2193,detection,
2193148,16,30,4793,1882,2911,0,100,100,66,0,57,0,58,40,2193,detection,
2193208,18,30,4793,1882,2911,0,100,100,100,0,65,0,48,40,2193,detection,
2193232,8,30,4793,1882,2911,0,100,100,63,0,66,0,48,40,2193,detection,
2193764,27,8,2304,2304,0,0,0,0,0,0,58,0,0,0,2193,detection,
2193773,16,8,2304,2304,0,0,0,0,0,0,57,0,0,0,2193,detection,
2193786,7,8,2304,2304,0,0,0,0,0,0,63,0,0,0,2193,detection,
2194348,9,3,1792,1792,0,0,0,0,0,0,61,0,0,0,2194,detection,
2194352,10,3,1792,1792,0,0,0,0,0,0,52,0,0,0,2194,detection,
2194352,8,3,1792,1792,0,0,0,0,0,0,50,0,0,0,2194,detection,
2194411,2,3,1792,1792,0,0,0,0,0,0,61,0,0,0,2194,detection,
2194412,7,3,1792,1792,0,0,0,0,0,0,65,0,0,0,2194,detection,
2194450,18,3,1792,1792,0,0,0,0,0,0,63,0,0,0,2194,detection,
2195977,8,10,1840,1840,0,0,0,0,0,0,65,0,0,0,2195,detection,
2196015,27,10,1840,1840,0,0,0,0,0,0,75,0,0,0,2196,detection,
2196019,16,10,1840,1840,0,0,0,0,0,0,74,0,0,0,2196,detection,
2196055,5,10,1840,1840,0,0,0,0,0,0,58,0,0,0,2196,detection,
2196059,12,10,1840,1840,0,0,0,0,0,0,68,0,0,0,2196,detection,
2196089,4,10,1840,1840,0,0,0,0,0,0,66,0,0,0,2196,detection,
2196097,9,10,1840,1840,0,0,0,0,0,0,70,0,0,0,2196,detection,
2198116,11,23,2699,2699,0,0,0,0,0,0,52,0,0,0,2198,detection,
2198133,6,23,2699,2699,0,0,0,0,0,0,60,0,0,0,2198,detection,
2199866,19,16,2278,2278,0,0,0,0,0,0,68,0,0,0,2199,detection,
2199950,18,16,2278,2278,0,0,0,0,0,0,73,0,0,0,2199,detection,
2201841,26,25,1971,1971,0,0,0,0,0,0,58,0,0,0,2201,detection,
2203147,1,20,534,534,0,0,0,0,0,0,57,0,0,0,2203,detection,
2204112,11,23,2892,2892,0,0,0,0,0,0,52,0,0,0,2204,detection,
2205122,19,16,2352,2352,0,0,0,0,0,0,70,0,0,0,2205,detection,
2206656,7,8,2096,2096,0,0,0,0,0,0,65,0,0,0,2206,detection,
2206665,17,8,2096,2096,0,0,0,0,0,0,61,0,0,0,2206,detection,
2206745,14,8,2096,2096,0,0,0,0,0,0,60,0,0,0,2206,detection,
2206763,27,8,2096,2096,0,0,0,0,0,0,59,0,0,0,2206,detection,
2206771,16,8,2096,2096,0,0,0,0,0,0,58,0,0,0,2206,detection,
2206952,18,30,4833,2304,2529,0,100,100,42,0,68,0,48,40,2206,detection,
2206978,8,30,4833,2304,2529,0,100,100,43,0,65,0,48,40,2206,detection,
2207016,27,30,4833,2304,2529,0,100,100,42,0,66,0,48,40,2207,detection,
2207024,16,30,4833,2304,2529,0,100,100,46,0,57,0,58,40,2207,detection,
2208051,5,10,1536,1536,0,0,0,0,0,0,57,0,0,0,2208,detection,
2208058,12,10,1536,1536,0,0,0,0,0,0,66,0,0,0,2208,detection,
2208088,4,10,1536,1536,0,0,0,0,0,0,64,0,0,0,2208,detection,
2208093,9,10,1536,1536,0,0,0,0,0,0,68,0,0,0,2208,detection,
2208113,14,10,1536,1536,0,0,0,0,0,0,56,0,0,0,2208,detection,
2208140,27,10,1536,1536,0,0,0,0,0,0,72,0,0,0,2208,detection,
2210079,18,19,2608,2608,0,0,0,0,0,0,67,0,0,0,2210,detection,
2211425,5,14,1303,1303,0,0,0,0,0,0,64,0,0,0,2211,detection,
2211706,18,30,4853,2048,2805,0,100,100,30,0,67,0,48,40,2211,detection,
2211723,9,30,4853,2048,2805,0,100,100,97,0,63,0,48,40,2211,detection,
2211729,4,30,4853,2048,2805,0,100,100,67,0,87,0,48,40,2211,detection,
2211731,10,30,4853,2048,2805,0,100,100,78,0,61,0,56,40,2211,detection,
2211732,8,30,4853,2048,2805,0,100,100,31,0,64,0,48,40,2211,detection,
2211766,27,30,4853,2048,2805,0,100,100,31,0,66,0,48,40,2211,detection,
2212397,16,27,1792,1792,0,0,0,0,0,0,59,0,0,0,2212,detection,
2212411,17,27,1792,1792,0,0,0,0,0,0,60,0,0,0,2212,detection,
2212474,10,27,1792,1792,0,0,0,0,0,0,58,0,0,0,2212,detection,
2213719,26,29,4492,768,3724,0,100,100,100,0,44,0,64,40,2213,detection,
2214864,14,5,1815,1815,0,0,0,0,0,0,62,0,0,0,2214,detection,
2215685,15,13,512,512,0,0,0,0,0,0,65,0,0,0,2215,detection,
2216533,2,12,1069,1069,0,0,0,0,0,0,62,0,0,0,2216,detection,
2217391,16,27,1792,1792,0,0,0,0,0,0,60,0,0,0,2217,detection,
2217812,12,10,1536,1536,0,0,0,0,0,0,64,0,0,0,2217,detection,
2217837,4,10,1536,1536,0,0,0,0,0,0,63,0,0,0,2217,detection,
2217846,9,10,1536,1536,0,0,0,0,0,0,66,0,0,0,2217,detection,
2220020,16,30,4873,1792,3081,0,100,100,66,0,58,0,58,40,2220,detection,
2220076,18,30,4873,1792,3081,0,100,100,29,0,70,0,48,40,2220,detection,
2220089,4,30,4873,1792,3081,0,100,100,25,0,91,0,48,40,2220,detection,
2220101,10,30,4873,1792,3081,0,100,100,31,0,63,0,48,40,2220,detection,
2220105,8,30,4873,1792,3081,0,100,100,31,0,65,0,48,40,2220,detection,
2220452,18,16,3072,3072,0,0,0,0,0,0,71,0,0,0,2220,detection,
2221261,6,23,2048,2048,0,0,0,0,0,0,60,0,0,0,2221,detection,
2224841,26,25,1790,1790,0,0,0,0,0,0,58,0,0,0,2224,detection,
2225214,4,30,4893,1536,3357,0,100,100,25,0,89,0,48,40,2225,detection,
2227291,17,7,1792,1792,0,0,0,0,0,0,54,0,0,0,2227,detection,
2228292,17,16,3072,3072,0,0,0,0,0,0,51,0,0,0,2228,detection,
2228327,18,16,3072,3072,0,0,0,0,0,0,65,0,0,0,2228,detection,
2228366,19,16,3072,3072,0,0,0,0,0,0,71,0,0,0,2228,detection,
2229058,15,13,512,512,0,0,0,0,0,0,66,0,0,0,2229,detection,
2231329,18,19,3762,3762,0,0,0,0,0,0,66,0,0,0,2231,detection,
2232099,25,4,1280,1280,0,0,0,0,0,0,51,0,0,0,2232,detection,
2232104,10,4,1280,1280,0,0,0,0,0,0,61,0,0,0,2232,detection,
2232980,1,24,1653,1653,0,0,0,0,0,0,42,0,0,0,2232,detection,
2234725,23,30,4913,1536,3377,0,100,100,100,0,66,0,48,40,2234,detection,
2234768,27,30,4913,1536,3377,0,100,100,64,0,65,0,48,40,2234,detection,
2234771,16,30,4913,1536,3377,0,100,100,37,0,53,0,58,40,2234,detection,
2234789,2,30,4913,1536,3377,0,100,100,8,0,62,0,54,40,2234,detection,
2235555,12,23,2048,2048,0,0,0,0,0,0,73,0,0,0,2235,detection,
2235614,11,23,2048,2048,0,0,0,0,0,0,56,0,0,0,2235,detection,
2235621,19,23,2048,2048,0,0,0,0,0,0,49,0,0,0,2235,detection,
2237187,15,11,2278,2278,0,0,0,0,0,0,52,0,0,0,2237,detection,
2238601,25,8,2096,2096,0,0,0,0,0,0,76,0,0,0,2238,detection,
2239178,5,14,2608,2608,0,0,0,0,0,0,63,0,0,0,2239,detection,
2239808,5,19,2304,2304,0,0,0,0,0,0,50,0,0,0,2239,detection,
2239811,12,19,2304,2304,0,0,0,0,0,0,70,0,0,0,2239,detection,
2239845,23,19,2304,2304,0,0,0,0,0,0,74,0,0,0,2239,detection,
2241883,6,23,2354,2354,0,0,0,0,0,0,63,0,0,0,2241,detection,
2241931,12,23,2354,2354,0,0,0,0,0,0,70,0,0,0,2241,detection,
2241961,4,23,2354,2354,0,0,0,0,0,0,66,0,0,0,2241,detection,
2241987,11,23,2354,2354,0,0,0,0,0,0,58,0,0,0,2241,detection,
2241991,19,23,2354,2354,0,0,0,0,0,0,56,0,0,0,2241,detection,
2243283,1,10,1792,1792,0,0,0,0,0,0,39,0,0,0,2243,detection,
2243365,11,10,1792,1792,0,0,0,0,0,0,51,0,0,0,2243,detection,
2243392,27,10,1792,1792,0,0,0,0,0,0,70,0,0,0,2243,detection,
2243405,24,10,1792,1792,0,0,0,0,0,0,63,0,0,0,2243,detection,
2243991,19,16,2866,2866,0,0,0,0,0,0,65,0,0,0,2243,detection,
2244016,27,16,2866,2866,0,0,0,0,0,0,67,0,0,0,2244,detection,
2244038,2,16,2866,2866,0,0,0,0,0,0,58,0,0,0,2244,detection,
2244060,12,16,2866,2866,0,0,0,0,0,0,62,0,0,0,2244,detection,
2244095,4,16,2866,2866,0,0,0,0,0,0,54,0,0,0,2244,detection,
2244937,12,19,2610,2610,0,0,0,0,0,0,73,0,0,0,2244,detection,
2244967,23,19,2610,2610,0,0,0,0,0,0,73,0,0,0,2244,detection,
2245608,14,5,1536,1536,0,0,0,0,0,0,57,0,0,0,2245,detection,
2248164,17,7,1886,1886,0,0,0,0,0,0,54,0,0,0,2248,detection,
2248737,20,13,512,512,0,0,0,0,0,0,55,0,0,0,2248,detection,
2248768,27,13,512,512,0,0,0,0,0,0,73,0,0,0,2248,detection,
2248811,15,13,512,512,0,0,0,0,0,0,63,0,0,0,2248,detection,
2249467,4,30,4933,1536,3397,0,100,100,3,0,86,0,48,40,2249,detection,
2250531,2,16,2610,2610,0,0,0,0,0,0,60,0,0,0,2250,detection,
2250560,12,16,2610,2610,0,0,0,0,0,0,65,0,0,0,2250,detection,
2250760,6,23,2094,2094,0,0,0,0,0,0,62,0,0,0,2250,detection,
2250807,12,23,2094,2094,0,0,0,0,0,0,64,0,0,0,2250,detection,
2251060,12,4,2071,2071,0,0,0,0,0,0,60,0,0,0,2251,detection,
2251106,8,4,2071,2071,0,0,0,0,0,0,61,0,0,0,2251,detection,
2251133,6,4,2071,2071,0,0,0,0,0,0,64,0,0,0,2251,detection,
2251434,12,19,2398,2398,0,0,0,0,0,0,76,0,0,0,2251,detection,
2251598,10,27,1024,1024,0,0,0,0,0,0,58,0,0,0,2251,detection,
2252557,15,11,1024,1024,0,0,0,0,0,0,56,0,0,0,2252,detection,
2253040,1,24,1024,1024,0,0,0,0,0,0,42,0,0,0,2253,detection,
2253073,3,24,1024,1024,0,0,0,0,0,0,57,0,0,0,2253,detection,
2253160,2,24,1024,1024,0,0,0,0,0,0,57,0,0,0,2253,detection,
2256013,1,10,1536,1536,0,0,0,0,0,0,39,0,0,0,2256,detection,
2256017,27,10,1536,1536,0,0,0,0,0,0,68,0,0,0,2256,detection,
2256286,1,20,523,523,0,0,0,0,0,0,54,0,0,0,2256,detection,
2256407,24,20,523,523,0,0,0,0,0,0,71,0,0,0,2256,detection,
2257161,7,14,1792,1792,0,0,0,0,0,0,59,0,0,0,2257,detection,
2257174,5,14,1792,1792,0,0,0,0,0,0,64,0,0,0,2257,detection,
2257805,5,22,3053,3053,0,0,0,0,0,0,74,0,0,0,2257,detection,
2258055,15,11,793,793,0,0,0,0,0,0,57,0,0,0,2258,detection,
2258908,24,4,1280,1280,0,0,0,0,0,0,58,0,0,0,2258,detection,
2258980,8,4,1280,1280,0,0,0,0,0,0,58,0,0,0,2258,detection,
2259010,6,4,1280,1280,0,0,0,0,0,0,66,0,0,0,2259,detection,
2260365,19,23,1035,1035,0,0,0,0,0,0,59,0,0,0,2260,detection,
2260396,6,23,1035,1035,0,0,0,0,0,0,61,0,0,0,2260,detection,
2261602,10,27,1035,1035,0,0,0,0,0,0,57,0,0,0,2261,detection,
2261696,21,27,1035,1035,0,0,0,0,0,0,53,0,0,0,2261,detection,
2262151,1,10,1035,1035,0,0,0,0,0,0,39,0,0,0,2262,detection,
2262152,24,10,1035,1035,0,0,0,0,0,0,62,0,0,0,2262,detection,
2263179,22,19,1339,1339,0,0,0,0,0,0,73,0,0,0,2263,detection,
2264606,10,4,1280,1280,0,0,0,0,0,0,62,0,0,0,2264,detection,
2264632,6,4,1280,1280,0,0,0,0,0,0,63,0,0,0,2264,detection,
2266107,8,2,1536,1536,0,0,0,0,0,0,60,0,0,0,2266,detection,
2266146,16,2,1536,1536,0,0,0,0,0,0,58,0,0,0,2266,detection,
2266155,24,2,1536,1536,0,0,0,0,0,0,60,0,0,0,2266,detection,
2266202,13,2,1536,1536,0,0,0,0,0,0,91,0,0,0,2266,detection,
2266215,4,2,1536,1536,0,0,0,0,0,0,58,0,0,0,2266,detection,
2266224,23,2,1536,1536,0,0,0,0,0,0,67,0,0,0,2266,detection,
2266304,1,3,1280,1280,0,0,0,0,0,0,53,0,0,0,2266,detection,
2266355,10,3,1280,1280,0,0,0,0,0,0,58,0,0,0,2266,detection,
2266552,5,22,1851,1851,0,0,0,0,0,0,75,0,0,0,2266,detection,
2266710,1,2,1536,1536,0,0,0,0,0,0,46,0,0,0,2266,detection,
2266720,23,2,1536,1536,0,0,0,0,0,0,66,0,0,0,2266,detection,
2266726,10,2,1536,1536,0,0,0,0,0,0,60,0,0,0,2266,detection,
2266814,3,2,1536,1536,0,0,0,0,0,0,62,0,0,0,2266,detection,
2267211,4,23,779,779,0,0,0,0,0,0,68,0,0,0,2267,detection,
2267257,6,23,779,779,0,0,0,0,0,0,60,0,0,0,2267,detection,
2267280,24,23,779,779,0,0,0,0,0,0,54,0,0,0,2267,detection,
2267305,12,23,779,779,0,0,0,0,0,0,70,0,0,0,2267,detection,
2267327,13,23,779,779,0,0,0,0,0,0,60,0,0,0,2267,detection,
2267339,1,24,1035,1035,0,0,0,0,0,0,41,0,0,0,2267,detection,
2267434,3,24,1035,1035,0,0,0,0,0,0,57,0,0,0,2267,detection,
2267485,14,5,1498,1498,0,0,0,0,0,0,56,0,0,0,2267,detection,
2267494,19,5,1498,1498,0,0,0,0,0,0,61,0,0,0,2267,detection,
2267852,10,23,779,779,0,0,0,0,0,0,63,0,0,0,2267,detection,
2267875,11,23,779,779,0,0,0,0,0,0,56,0,0,0,2267,detection,
2268878,11,16,1111,1111,0,0,0,0,0,0,68,0,0,0,2268,detection,
2268892,27,16,1111,1111,0,0,0,0,0,0,68,0,0,0,2268,detection,
2269799,22,19,1339,1339,0,0,0,0,0,0,74,0,0,0,2269,detection,
2269803,5,19,1339,1339,0,0,0,0,0,0,51,0,0,0,2269,detection,
2269850,10,27,779,779,0,0,0,0,0,0,58,0,0,0,2269,detection,
2269944,21,27,779,779,0,0,0,0,0,0,55,0,0,0,2269,detection,
2269962,26,27,779,779,0,0,0,0,0,0,66,0,0,0,2269,detection,
2271913,2,8,1291,1291,0,0,0,0,0,0,60,0,0,0,2271,detection,
2272352,8,2,1291,1291,0,0,0,0,0,0,59,0,0,0,2272,detection,
2272725,23,12,1680,1680,0,0,0,0,0,0,65,0,0,0,2272,detection,
2273446,21,16,1096,1096,0,0,0,0,0,0,60,0,0,0,2273,detection,
2273489,11,16,1096,1096,0,0,0,0,0,0,69,0,0,0,2273,detection,
2273515,27,16,1096,1096,0,0,0,0,0,0,69,0,0,0,2273,detection,
2273535,2,16,1096,1096,0,0,0,0,0,0,60,0,0,0,2273,detection,
2273739,11,16,1096,1096,0,0,0,0,0,0,66,0,0,0,2273,detection,
2273785,2,16,1096,1096,0,0,0,0,0,0,59,0,0,0,2273,detection,
2274160,2,18,1291,1291,0,0,0,0,0,0,57,0,0,0,2274,detection,
2274257,1,4,1280,1280,0,0,0,0,0,0,49,0,0,0,2274,detection,
2274309,3,4,1280,1280,0,0,0,0,0,0,58,0,0,0,2274,detection,
2274613,14,9,2048,2048,0,0,0,0,0,0,77,0,0,0,2274,detection,
2274710,1,4,1280,1280,0,0,0,0,0,0,49,0,0,0,2274,detection,
2274725,10,4,1280,1280,0,0,0,0,0,0,63,0,0,0,2274,detection,
2274760,6,4,1280,1280,0,0,0,0,0,0,64,0,0,0,2274,detection,
2274779,24,4,1280,1280,0,0,0,0,0,0,59,0,0,0,2274,detection,
2274808,3,4,1280,1280,0,0,0,0,0,0,59,0,0,0,2274,detection,
2275028,24,4,1280,1280,0,0,0,0,0,0,59,0,0,0,2275,detection,
2275317,21,26,1193,1193,0,0,0,0,0,0,59,0,0,0,2275,detection,
2275491,1,4,1280,1280,0,0,0,0,0,0,45,0,0,0,2275,detection,
2275510,6,4,1280,1280,0,0,0,0,0,0,65,0,0,0,2275,detection,
2275559,3,4,1280,1280,0,0,0,0,0,0,59,0,0,0,2275,detection,
2275600,10,4,1280,1280,0,0,0,0,0,0,64,0,0,0,2275,detection,
2276282,2,8,1291,1291,0,0,0,0,0,0,59,0,0,0,2276,detection,
2276315,1,3,779,1291,-512,100,99,100,66,8,51,0,56,40,2276,detection,
2276358,10,3,779,1291,-512,100,93,100,62,8,57,0,56,40,2276,detection,
2276397,16,3,779,1291,-512,100,89,100,59,0,62,0,52,40,2276,detection,
2276771,27,21,779,1291,-512,100,100,100,68,9,47,0,61,40,2276,detection,
2276847,26,21,779,1291,-512,100,88,100,59,7,63,0,49,40,2276,detection,
2277236,20,6,1608,1608,0,0,0,0,0,0,58,0,0,0,2277,detection,
2277281,24,6,1608,1608,0,0,0,0,0,0,54,0,0,0,2277,detection,
2277400,1,10,1280,1792,-512,100,100,100,75,10,38,0,72,55,2277,detection,
2277495,11,10,1280,1792,-512,100,99,100,66,8,51,0,56,40,2277,detection,
2277520,27,10,1280,1792,-512,100,88,100,59,7,63,0,49,40,2277,detection,
2277563,16,10,1280,1792,-512,100,80,100,53,0,74,0,49,40,2277,detection,
2279343,4,29,4532,768,3764,0,100,100,100,0,53,0,58,40,2279,detection,
2279478,25,30,4973,1291,3682,0,100,100,100,0,72,0,48,40,2279,detection,
2279806,5,22,1703,1703,0,19,0,0,0,0,80,0,0,0,2279,detection,
2280712,26,27,779,779,0,0,0,0,0,0,67,0,0,0,2280,detection,
2280725,10,27,779,779,0,0,0,0,0,0,55,0,0,0,2280,detection,
2280772,16,27,779,779,0,0,0,0,0,0,60,0,0,0,2280,detection,
2280818,21,27,779,779,0,0,0,0,0,0,56,0,0,0,2280,detection,
2281009,6,23,1031,1031,0,0,0,0,0,0,59,0,0,0,2281,detection,
2281056,12,23,1031,1031,0,0,0,0,0,0,69,0,0,0,2281,detection,
2281644,27,18,1291,1291,0,0,0,0,0,0,57,0,0,0,2281,detection,
2281657,2,18,1291,1291,0,0,0,0,0,0,57,0,0,0,2281,detection,
2281734,14,5,1851,1851,0,0,0,0,0,0,60,0,0,0,2281,detection,
2281743,19,5,1851,1851,0,0,0,0,0,0,60,0,0,0,2281,detection,
2281837,4,2,1280,1280,0,100,0,0,0,0,65,0,49,40,2281,detection,
2281849,23,2,1280,1280,0,100,0,0,0,0,73,0,49,40,2281,detection,
2281854,8,2,1280,1280,0,100,0,0,0,0,66,0,49,40,2281,detection,
2282077,1,2,1280,1280,0,100,0,0,0,0,53,0,56,40,2282,detection,
2282102,10,2,1280,1280,0,100,0,0,0,0,64,0,49,40,2282,detection,
2282204,13,2,1280,1280,0,100,0,0,0,0,100,0,49,40,2282,detection,
2282597,9,24,1280,1280,0,100,0,0,0,0,64,0,49,40,2282,detection,
2285306,5,14,1792,1792,0,0,0,0,0,0,63,0,0,0,2285,detection,
2285414,7,14,1792,1792,0,0,0,0,0,0,58,0,0,0,2285,detection,
2285559,3,6,1352,1352,0,0,0,0,0,0,59,0,0,0,2285,detection,
2285610,20,6,1352,1352,0,0,0,0,0,0,59,0,0,0,2285,detection,
2286923,22,19,1767,1767,0,0,0,0,0,0,71,0,0,0,2286,detection,
2286928,5,19,1767,1767,0,0,0,0,0,0,49,0,0,0,2286,detection,
2286936,15,19,1767,1767,0,0,0,0,0,0,63,0,0,0,2286,detection,
2287444,21,16,1383,1383,0,0,0,0,0,0,58,0,0,0,2287,detection,
2287488,11,16,1383,1383,0,0,0,0,0,0,64,0,0,0,2287,detection,
2287518,27,16,1383,1383,0,0,0,0,0,0,67,0,0,0,2287,detection,
2288992,19,5,2379,2379,0,0,0,0,0,0,59,0,0,0,2288,detection,
2289060,15,5,2379,2379,0,0,0,0,0,0,64,0,0,0,2289,detection,
2289100,25,30,5013,1291,3722,0,100,100,4,0,68,0,48,40,2289,detection,
2289839,4,29,4552,768,3784,0,100,100,2,0,54,0,58,40,2289,detection,
2289954,1,3,779,1291,-512,100,100,100,0,9,49,0,57,40,2289,detection,
2290023,16,3,779,1291,-512,100,90,100,0,0,61,0,54,40,2290,detection,
2291407,24,22,2304,2304,0,0,0,0,0,0,79,0,0,0,2291,detection,
2291431,5,22,2304,2304,0,0,0,0,0,0,79,0,0,0,2291,detection,
2291486,20,6,1291,1291,0,0,0,0,0,0,54,0,0,0,2291,detection,
2291496,19,22,2304,2304,0,0,0,0,0,0,83,0,0,0,2291,detection,
2291559,3,6,1291,1291,0,0,0,0,0,0,59,0,0,0,2291,detection,
2291721,23,22,2304,2304,0,0,0,0,0,0,81,0,0,0,2291,detection,
2296808,3,18,1291,1291,0,0,0,0,0,0,61,0,0,0,2296,detection,
2296945,21,16,1291,1291,0,0,0,0,0,0,62,0,0,0,2296,detection,
2296992,11,16,1291,1291,0,0,0,0,0,0,66,0,0,0,2296,detection,
2299322,1,6,1035,1035,0,0,0,0,0,0,45,0,0,0,2299,detection,
2299361,20,6,1035,1035,0,0,0,0,0,0,55,0,0,0,2299,detection,
2300113,14,9,1792,1792,0,0,0,0,0,0,77,0,0,0,2300,detection,
2300151,24,9,1792,1792,0,0,0,0,0,0,61,0,0,0,2300,detection,
2300223,25,30,5033,1291,3742,0,100,100,2,0,69,0,48,40,2300,detection,
2300327,13,23,1291,1291,0,100,0,0,0,0,64,0,49,40,2300,detection,
2301183,15,19,2261,2261,0,0,0,0,0,0,63,0,0,0,2301,detection,
2302364,1,4,1069,1069,0,0,0,0,0,0,45,0,0,0,2302,detection,
2302642,27,8,1792,1792,0,0,0,0,0,0,59,0,0,0,2302,detection,
2303016,27,8,1792,1792,0,0,0,0,0,0,58,0,0,0,2303,detection,
2303036,7,8,1792,1792,0,0,0,0,0,0,66,0,0,0,2303,detection,
2303037,2,8,1792,1792,0,0,0,0,0,0,55,0,0,0,2303,detection,
2305488,8,2,1280,1280,0,100,0,0,0,0,75,0,49,40,2305,detection,
2305665,1,10,1325,1325,0,0,0,100,75,20,38,0,74,55,2305,detection,
2305717,9,24,1280,1280,0,100,0,0,0,0,72,0,49,40,2305,detection,
2305739,11,10,1325,1325,0,0,0,100,63,16,55,0,60,40,2305,detection,
2305864,14,9,1536,1536,0,0,0,0,0,0,74,0,0,0,2305,detection,
2305902,24,9,1536,1536,0,0,0,0,0,0,56,0,0,0,2305,detection,
2305929,22,9,1536,1536,0,0,0,0,0,0,61,0,0,0,2305,detection,
2306112,11,16,1035,1035,0,0,0,0,0,0,68,0,0,0,2306,detection,
2307068,21,26,1151,1151,0,0,0,0,0,0,58,0,0,0,2307,detection,
2309224,23,12,1291,1291,0,0,0,0,0,0,62,0,0,0,2309,detection,
2310266,27,8,1792,1792,0,0,0,0,0,0,54,0,0,0,2310,detection,
2310283,2,8,1792,1792,0,0,0,0,0,0,58,0,0,0,2310,detection,
2310283,7,8,1792,1792,0,0,0,0,0,0,64,0,0,0,2310,detection,
2310292,17,8,1792,1792,0,0,0,0,0,0,60,0,0,0,2310,detection,
2310347,9,8,1792,1792,0,0,0,0,0,0,86,0,0,0,2310,detection,
2310673,22,9,1536,1536,0,0,0,0,0,0,61,0,0,0,2310,detection,
2310732,8,9,1536,1536,0,0,0,0,0,0,67,0,0,0,2310,detection,
2310774,24,9,1536,1536,0,0,0,0,0,0,56,0,0,0,2310,detection,
2310788,2,9,1536,1536,0,0,0,0,0,0,71,0,0,0,2310,detection,
2310788,7,9,1536,1536,0,0,0,0,0,0,55,0,0,0,2310,detection,
2310988,1,6,1265,1265,0,0,0,0,0,0,44,0,0,0,2310,detection,
2311058,3,6,1265,1265,0,0,0,0,0,0,58,0,0,0,2311,detection,
2311843,9,8,1792,1792,0,0,0,0,0,0,82,0,0,0,2311,detection,
2311888,27,8,1792,1792,0,0,0,0,0,0,53,0,0,0,2311,detection,
2311911,17,8,1792,1792,0,0,0,0,0,0,59,0,0,0,2311,detection,
2312614,11,10,1069,1069,0,0,0,100,0,16,52,0,60,40,2312,detection,
2312865,19,15,512,512,0,0,0,0,0,0,64,0,0,0,2312,detection,
2312926,22,9,1536,1536,0,0,0,0,0,0,59,0,0,0,2312,detection,
2313342,9,24,1280,1280,0,100,0,0,0,0,81,0,49,40,2313,detection,
2313970,26,21,1280,1792,-512,100,87,100,0,7,65,0,49,40,2313,detection,
2314468,9,24,1280,1280,0,100,0,0,0,0,91,0,49,40,2314,detection,
2314684,15,19,1280,1280,0,0,0,0,0,0,59,0,0,0,2314,detection,
2316717,1,3,779,1291,-512,100,100,100,0,9,48,0,59,40,2316,detection,
2316765,6,3,779,1291,-512,100,93,100,62,8,57,0,56,40,2316,detection,
2316769,16,3,779,1291,-512,100,90,100,0,0,60,0,56,40,2316,detection,
2316789,7,3,779,1291,-512,100,90,100,60,0,61,0,54,40,2316,detection,
2316829,18,3,779,1291,-512,100,88,100,59,0,63,0,49,40,2316,detection,
2317239,14,10,512,1024,-512,100,95,100,63,8,55,0,56,40,2317,detection,
2317945,21,16,1035,1035,0,0,0,0,0,0,63,0,0,0,2317,detection,
2320870,1,6,1291,1291,0,0,0,0,0,0,47,0,0,0,2320,detection,
2321244,19,15,512,1024,-512,100,91,100,61,7,59,0,56,40,2321,detection,
2323166,7,10,512,1024,-512,100,94,100,62,0,56,0,56,40,2323,detection,
2323225,25,9,1280,1280,0,0,0,0,0,0,67,0,0,0,2323,detection,
2323229,8,9,1280,1280,0,0,0,0,0,0,65,0,0,0,2323,detection,
2323283,24,9,1280,1280,0,0,0,0,0,0,55,0,0,0,2323,detection,
2325202,13,30,5073,2304,2769,0,100,100,79,0,66,0,48,40,2325,detection,
2325224,25,30,5073,2304,2769,0,100,100,100,0,73,0,48,40,2325,detection,
2325536,7,14,887,887,0,0,0,0,0,0,54,0,0,0,2325,detection,
2327204,13,2,1280,1280,0,100,0,0,0,0,100,0,49,40,2327,detection,
2327229,8,2,1280,1280,0,100,0,0,0,0,84,0,49,40,2327,detection,
2327291,24,2,1280,1280,0,100,0,0,0,0,67,0,49,40,2327,detection,
2328063,1,6,1291,1291,0,0,0,0,0,0,46,0,0,0,2328,detection,
2332055,5,22,1792,2304,-512,100,78,100,52,6,78,0,49,40,2332,detection,
2332065,12,22,1792,2304,-512,100,78,100,52,0,77,0,49,40,2332,detection,
2332095,23,22,1792,2304,-512,100,79,100,52,6,76,0,49,40,2332,detection,
2333015,6,4,1547,1547,0,0,0,0,0,0,68,0,0,0,2333,detection,
2336929,22,12,2048,2048,0,0,0,0,0,0,64,0,0,0,2336,detection,
2337489,14,8,1792,1792,0,0,0,0,0,0,60,0,0,0,2337,detection,
2337531,2,8,1792,1792,0,0,0,0,0,0,58,0,0,0,2337,detection,
2337540,17,8,1792,1792,0,0,0,0,0,0,58,0,0,0,2337,detection,
2337592,9,8,1792,1792,0,0,0,0,0,0,79,0,0,0,2337,detection,
2337600,25,8,1792,1792,0,0,0,0,0,0,73,0,0,0,2337,detection,
2337785,7,10,512,1024,-512,100,94,100,0,0,56,0,56,40,2337,detection,
2337867,11,10,512,1024,-512,100,94,100,62,25,56,0,56,40,2337,detection,
2342369,11,19,1024,1024,0,0,0,0,0,0,77,0,0,0,2342,detection,
2342437,15,19,1024,1024,0,0,0,0,0,0,63,0,0,0,2342,detection,
2342554,22,19,1024,1024,0,0,0,0,0,0,70,0,0,0,2342,detection,
2342563,12,19,1024,1024,0,0,0,0,0,0,75,0,0,0,2342,detection,
2342613,11,19,1024,1024,0,0,0,0,0,0,75,0,0,0,2342,detection,
2343114,11,19,1024,1024,0,0,0,0,0,0,69,0,0,0,2343,detection,
2343880,1,6,1291,1291,0,0,0,0,0,0,45,0,0,0,2343,detection,
2344934,12,4,1547,1547,0,0,0,0,0,0,59,0,0,0,2344,detection,
2346722,23,12,1536,1536,0,0,0,0,0,0,65,0,0,0,2346,detection,
2346743,19,12,1536,1536,0,0,0,0,0,0,64,0,0,0,2346,detection,
2346803,22,12,1536,1536,0,0,0,0,0,0,63,0,0,0,2346,detection,
2347169,22,12,1536,1536,0,0,0,0,0,0,62,0,0,0,2347,detection,
2347230,23,12,1536,1536,0,0,0,0,0,0,64,0,0,0,2347,detection,
2347242,19,12,1536,1536,0,0,0,0,0,0,63,0,0,0,2347,detection,
2348059,12,23,1291,1291,0,100,0,0,0,0,78,0,49,40,2348,detection,
2348089,4,23,1291,1291,0,100,0,0,0,0,76,0,49,40,2348,detection,
2348102,10,23,1291,1291,0,100,0,0,0,0,71,0,49,40,2348,detection,
2348111,14,23,1291,1291,0,100,0,0,0,0,67,0,49,40,2348,detection,
2348605,8,2,1280,1280,0,100,0,0,0,0,94,0,49,40,2348,detection,
2350610,8,29,4672,1399,3273,0,100,100,100,0,57,0,58,40,2350,detection,
2352533,2,8,1792,1792,0,0,0,0,0,0,57,0,0,0,2352,detection,
2352602,25,8,1792,1792,0,0,0,0,0,0,71,0,0,0,2352,detection,
2352611,14,8,1792,1792,0,0,0,0,0,0,59,0,0,0,2352,detection,
2352720,23,12,1536,1536,0,0,0,0,0,0,63,50,68,55,2352,detection,
2352745,19,12,1536,1536,0,0,0,0,0,0,62,50,68,55,2352,detection,
2352929,5,12,1536,1536,0,0,0,0,0,0,67,50,68,55,2352,detection,
2353470,23,22,1536,1536,0,0,0,100,51,13,79,0,48,40,2353,detection,
2353495,19,22,1536,1536,0,0,0,0,0,0,80,0,0,0,2353,detection,
2353742,19,12,1536,1536,0,0,0,0,0,0,61,100,99,100,2353,detection,
2353783,2,12,1536,1536,0,0,0,0,0,0,65,50,68,55,2353,detection,
2353803,22,12,1536,1536,0,0,0,0,0,0,61,50,68,55,2353,detection,
2353842,23,12,1536,1536,0,0,0,0,0,0,61,100,99,100,2353,detection,
2353992,19,22,1536,1536,0,0,0,0,0,0,74,0,0,0,2353,detection,
2354056,15,22,1536,1536,0,0,0,0,0,0,73,0,0,0,2354,detection,
2354058,12,22,1536,1536,0,0,0,100,52,6,76,0,48,40,2354,detection,
2354240,11,22,1536,1536,0,0,0,0,0,0,64,0,0,0,2354,detection,
2354678,5,14,930,930,0,0,0,0,0,0,59,0,0,0,2354,detection,
2356215,4,9,1330,1330,0,0,0,0,0,0,63,0,0,0,2356,detection,
2356224,25,9,1330,1330,0,0,0,0,0,0,65,0,0,0,2356,detection,
2356237,14,9,1330,1330,0,0,0,0,0,0,71,0,0,0,2356,detection,
2356280,24,9,1330,1330,0,0,0,0,0,0,54,0,0,0,2356,detection,
2356348,25,9,1330,1330,0,0,0,0,0,0,64,0,0,0,2356,detection,
2356361,14,9,1330,1330,0,0,0,0,0,0,68,0,0,0,2356,detection,
2356400,24,9,1330,1330,0,0,0,0,0,0,54,0,0,0,2356,detection,
2356406,2,9,1330,1330,0,0,0,0,0,0,69,0,0,0,2356,detection,
2356437,3,9,1330,1330,0,0,0,0,0,0,73,0,0,0,2356,detection,
2356541,17,25,1792,1792,0,0,0,0,0,0,61,0,0,0,2356,detection,
2358743,14,5,1442,1442,0,0,0,0,0,0,59,0,0,0,2358,detection,
2358810,15,5,1442,1442,0,0,0,0,0,0,63,0,0,0,2358,detection,
2358970,23,12,1330,1330,0,100,0,0,0,0,69,0,49,40,2358,detection,
2358995,19,12,1330,1330,0,100,0,0,0,0,68,0,49,40,2358,detection,
2359045,2,12,1330,1330,0,100,0,0,0,0,73,0,49,40,2359,detection,
2359052,5,12,1330,1330,0,100,0,0,0,0,75,0,49,40,2359,detection,
2359055,22,12,1330,1330,0,100,0,0,0,0,65,0,49,40,2359,detection,
2359180,15,5,1442,1442,0,0,0,0,0,0,61,0,0,0,2359,detection,
2359234,14,5,1442,1442,0,0,0,0,0,0,59,0,0,0,2359,detection,
2359426,5,12,1330,1330,0,100,0,0,0,0,85,0,49,40,2359,detection,
2359533,2,12,1330,1330,0,100,0,0,0,0,82,0,49,40,2359,detection,
2359984,14,5,1442,1442,0,0,0,0,0,0,58,0,0,0,2359,detection,
2359993,19,5,1442,1442,0,0,0,0,0,0,55,0,0,0,2359,detection,
2360236,14,5,1442,1442,0,0,0,0,0,0,58,0,0,0,2360,detection,
2360241,19,5,1442,1442,0,0,0,0,0,0,54,0,0,0,2360,detection,
2360658,2,12,1330,1330,0,100,0,0,0,0,92,0,49,40,2360,detection,
2360677,22,12,1330,1330,0,100,0,0,0,0,74,0,49,40,2360,detection,
2360679,5,12,1330,1330,0,100,0,0,0,0,95,0,49,40,2360,detection,
2360724,23,12,1330,1330,0,100,0,0,0,0,77,0,49,40,2360,detection,
2360933,15,5,1442,1442,0,0,0,0,0,0,60,0,0,0,2360,detection,
2360992,19,5,1442,1442,0,0,0,0,0,0,54,0,0,0,2360,detection,
2361346,23,19,1024,1024,0,0,0,0,0,0,75,50,68,55,2361,detection,
2361430,22,19,1024,1024,0,0,0,0,0,0,68,50,68,55,2361,detection,
2361434,12,19,1024,1024,0,0,0,0,0,0,73,50,68,55,2361,detection,
2361456,18,19,1024,1024,0,0,0,0,0,0,62,50,68,55,2361,detection,
2361553,22,19,1024,1024,0,0,0,0,0,0,67,100,99,100,2361,detection,
2361554,5,19,1024,1024,0,0,0,0,0,0,52,50,68,55,2361,detection,
2361558,12,19,1024,1024,0,0,0,0,0,0,73,100,99,100,2361,detection,
2361560,15,19,1024,1024,0,0,0,0,0,0,63,50,68,55,2361,detection,
2361576,18,19,1024,1024,0,0,0,0,0,0,62,100,99,100,2361,detection,
2361594,23,19,1024,1024,0,0,0,0,0,0,74,100,99,100,2361,detection,
2361865,11,5,1442,1442,0,0,0,0,0,0,64,0,0,0,2361,detection,
2362239,11,5,1442,1442,0,0,0,0,0,0,63,0,0,0,2362,detection,
2362808,15,5,1442,1442,0,0,0,0,0,0,56,0,0,0,2362,detection,
2362867,19,5,1442,1442,0,0,0,0,0,0,53,0,0,0,2362,detection,
2362873,11,5,1442,1442,0,0,0,0,0,0,62,0,0,0,2362,detection,
2363113,11,19,1024,1024,0,0,0,0,0,0,71,50,68,55,2363,detection,
2363489,11,19,1024,1024,0,0,0,0,0,0,70,100,99,100,2363,detection,
2363557,12,19,1024,1024,0,0,0,0,0,0,71,100,99,100,2363,detection,
2363576,18,19,1024,1024,0,0,0,0,0,0,62,100,99,100,2363,detection,
2364301,5,19,1024,1024,0,0,0,0,0,0,51,100,99,100,2364,detection,
2364301,22,19,1024,1024,0,0,0,0,0,0,66,100,99,100,2364,detection,
2364305,12,19,1024,1024,0,0,0,0,0,0,70,100,99,100,2364,detection,
2364346,23,19,1024,1024,0,0,0,0,0,0,73,100,99,100,2364,detection,
2364747,14,5,1024,1536,-512,100,93,100,62,8,57,0,56,40,2364,detection,
2364806,12,19,1024,1024,0,0,0,0,0,0,65,100,99,100,2364,detection,
2364865,11,19,1024,1024,0,0,0,0,0,0,68,100,99,100,2364,detection,
2365111,14,5,1024,1536,-512,100,97,100,0,8,53,0,56,40,2365,detection,
2365620,19,5,1024,1536,-512,100,93,100,62,8,57,0,56,40,2365,detection,
2365648,16,30,5133,1536,3597,0,100,100,26,0,57,0,58,40,2365,detection,
2365707,18,30,5133,1536,3597,0,100,100,55,0,72,0,48,40,2365,detection,
2366115,11,5,1024,1536,-512,100,92,100,61,8,58,0,56,40,2366,detection,
2366245,19,5,1024,1536,-512,100,93,100,0,8,57,0,56,40,2366,detection,
2366312,15,5,1024,1536,-512,100,91,100,61,7,59,0,56,40,2366,detection,
2369964,4,23,1024,1536,-512,100,81,100,54,7,73,0,49,40,2369,detection,
2370157,24,10,1024,1536,-512,100,90,100,60,7,61,0,54,40,2370,detection,
2370234,8,10,1024,1536,-512,100,85,100,57,0,67,0,49,40,2370,detection,
2370240,14,10,1024,1536,-512,100,95,100,0,8,55,0,56,40,2370,detection,
2370284,7,10,1024,1536,-512,100,94,100,0,0,56,0,56,40,2370,detection,
2370366,11,10,1024,1536,-512,100,94,100,0,25,56,0,56,40,2370,detection,
2370576,18,30,5153,1536,3617,0,100,100,2,0,71,0,48,40,2370,detection,
2370611,8,30,5153,1536,3617,0,100,100,61,0,64,0,48,40,2370,detection,
2372417,17,25,1536,1536,0,0,0,0,0,0,56,0,0,0,2372,detection,
2372448,21,25,1536,1536,0,0,0,0,0,0,60,0,0,0,2372,detection,
2372607,8,30,5173,1536,3637,0,100,100,2,0,63,0,48,40,2372,detection,
2376477,10,23,1024,1536,-512,100,87,100,57,7,65,0,49,40,2376,detection,
2376965,26,8,1024,1536,-512,100,91,100,61,15,59,0,56,40,2376,detection,
2377024,16,8,1024,1536,-512,100,93,100,62,8,57,0,56,40,2377,detection,
2377033,2,8,1024,1536,-512,100,93,100,62,8,57,0,56,40,2377,detection,
2377041,17,8,1024,1536,-512,100,96,100,64,0,54,0,56,40,2377,detection,
2377114,14,8,1024,1536,-512,100,91,100,61,7,59,0,56,40,2377,detection,
2377225,25,8,1024,1536,-512,100,84,100,56,7,68,0,49,40,2377,detection,
2377597,25,8,1024,1536,-512,100,88,100,0,7,63,0,49,40,2377,detection,
2378049,2,18,1024,1024,0,100,0,0,0,0,64,0,49,40,2378,detection,
2378061,3,18,1024,1024,0,100,0,0,0,0,68,0,49,40,2378,detection,
2378099,25,18,1024,1024,0,100,0,0,0,0,64,0,49,40,2378,detection,
2378126,19,18,1024,1024,0,100,0,0,0,0,65,0,49,40,2378,detection,
2378320,21,27,1216,1216,0,0,0,0,0,0,56,0,0,0,2378,detection,
2378341,26,8,1024,1536,-512,100,92,100,0,8,58,0,56,40,2378,detection,
2378395,16,8,1024,1536,-512,100,98,100,0,8,52,0,56,40,2378,detection,
2378409,2,8,1024,1536,-512,100,94,100,0,8,56,0,56,40,2378,detection,
2378410,7,8,1024,1536,-512,100,87,100,58,0,64,0,49,40,2378,detection,
2378413,17,8,1024,1536,-512,100,97,100,0,0,53,0,56,40,2378,detection,
2379141,16,8,1024,1536,-512,100,98,100,0,8,52,0,56,40,2379,detection,
2379159,7,8,1024,1536,-512,100,89,100,0,0,62,0,52,40,2379,detection,
2379159,2,8,1024,1536,-512,100,94,100,0,8,56,0,56,40,2379,detection,
2379175,17,8,1024,1536,-512,100,97,100,0,0,53,0,56,40,2379,detection,
2379223,25,8,1024,1536,-512,100,90,100,0,7,61,0,54,40,2379,detection,
2379849,25,21,1280,1792,-512,100,78,100,52,6,78,0,49,40,2379,detection,
2379896,27,21,1280,1792,-512,100,100,100,0,9,49,0,57,40,2379,detection,
2380449,21,25,1024,1536,-512,100,94,100,62,8,56,0,56,40,2380,detection,
2380645,27,25,1024,1536,-512,100,91,100,61,0,59,0,56,40,2380,detection,
2380693,21,25,1024,1536,-512,100,95,100,0,8,55,0,56,40,2380,detection,
2382019,16,3,1024,1536,-512,100,90,100,0,0,60,0,56,40,2382,detection,
2382039,2,3,1024,1536,-512,100,87,100,57,7,65,0,49,40,2382,detection,
2382935,15,5,1024,1536,-512,100,92,100,0,8,58,0,56,40,2382,detection,
2383241,19,5,1024,1536,-512,100,94,100,0,8,56,0,56,40,2383,detection,
2383617,19,5,1024,1536,-512,100,94,100,0,8,56,0,56,40,2383,detection,
2383620,11,5,1024,1536,-512,100,90,100,0,7,61,0,54,40,2383,detection,
2383738,14,5,1024,1536,-512,100,94,100,0,8,56,0,56,40,2383,detection,
2384242,11,12,1330,1330,0,100,0,0,0,0,64,0,49,40,2384,detection,
2384245,19,12,1330,1330,0,100,0,0,0,0,77,0,49,40,2384,detection,
2384395,16,8,1024,1024,0,0,0,100,62,16,56,0,60,40,2384,detection,
2384411,2,8,1024,1024,0,0,0,100,62,16,57,0,60,40,2384,detection,
2384412,17,8,1024,1024,0,0,0,100,61,8,58,0,60,40,2384,detection,
2384592,26,8,1024,1024,0,0,0,100,61,15,59,0,60,40,2384,detection,
2384597,25,8,1024,1024,0,0,0,100,57,14,67,0,48,40,2384,detection,
2384642,16,8,1024,1024,0,0,0,100,0,16,57,0,60,40,2384,detection,
2384721,9,24,1305,1305,0,0,0,0,0,0,83,0,0,0,2384,detection,
2384974,25,4,1024,1024,0,100,0,0,0,0,61,0,54,40,2384,detection,
2384983,8,4,1024,1024,0,100,0,0,0,0,70,0,49,40,2384,detection,
2385034,24,4,1024,1024,0,100,0,0,0,0,66,0,49,40,2385,detection,
2385652,24,4,1024,1024,0,100,0,0,0,0,75,0,49,40,2385,detection,
2385683,3,4,1024,1024,0,100,0,0,0,0,67,0,49,40,2385,detection,
2385724,25,4,1024,1024,0,100,0,0,0,0,69,0,49,40,2385,detection,
2385729,8,4,1024,1024,0,100,0,0,0,0,79,0,49,40,2385,detection,
2386284,2,24,1305,1305,0,0,0,0,0,0,58,0,0,0,2386,detection,
2386478,9,24,1305,1305,0,0,0,0,0,0,80,0,0,0,2386,detection,
2387012,6,24,1305,1305,0,0,0,0,0,0,47,0,0,0,2387,detection,
2387398,16,2,1024,1536,-512,100,93,100,62,8,57,0,56,40,2387,detection,
2387415,7,2,1024,1536,-512,100,90,100,60,0,60,0,56,40,2387,detection,
2387703,18,2,1024,1536,-512,100,93,100,62,8,57,0,56,40,2387,detection,
2387704,13,2,1024,1536,-512,100,66,100,44,5,100,0,49,40,2387,detection,
2387732,8,2,1024,1536,-512,100,75,100,50,6,82,0,49,40,2387,detection,
2387768,16,2,1024,1536,-512,100,93,100,0,8,57,0,56,40,2387,detection,
2388322,21,25,1024,1536,-512,100,95,100,0,8,55,0,56,40,2388,detection,
2388395,27,25,1024,1536,-512,100,92,100,0,0,58,0,56,40,2388,detection,
2388719,9,24,1305,1305,0,0,0,0,0,0,77,0,0,0,2388,detection,
2389018,27,25,1024,1536,-512,100,93,100,0,0,57,0,56,40,2389,detection,
2389452,13,2,1024,1536,-512,100,69,100,0,5,94,0,49,40,2389,detection,
2389665,17,25,1024,1536,-512,100,91,100,61,7,59,0,56,40,2389,detection,
2389691,21,25,1024,1536,-512,100,96,100,0,8,54,0,56,40,2389,detection,
2390093,21,25,1024,1536,-512,100,96,100,0,8,54,0,56,40,2390,detection,
2393244,11,16,1024,1024,0,100,0,0,0,0,76,0,49,40,2393,detection,
2393248,19,16,1024,1024,0,100,0,0,0,0,78,0,49,40,2393,detection,
2393290,17,16,1024,1024,0,100,0,0,0,0,64,0,49,40,2393,detection,
2393312,12,16,1024,1024,0,100,0,0,0,0,77,0,49,40,2393,detection,
2393325,18,16,1024,1024,0,100,0,0,0,0,78,0,49,40,2393,detection,
2393536,2,16,1024,1024,0,100,0,0,0,0,71,0,49,40,2393,detection,
2393539,17,16,1024,1024,0,100,0,0,0,0,69,0,49,40,2393,detection,
2393557,12,16,1024,1024,0,100,0,0,0,0,87,0,49,40,2393,detection,
2393575,18,16,1024,1024,0,100,0,0,0,0,88,0,49,40,2393,detection,
2393616,11,16,1024,1024,0,100,0,0,0,0,86,0,49,40,2393,detection,
2393616,19,16,1024,1024,0,100,0,0,0,0,88,0,49,40,2393,detection,
2393665,2,30,5213,1536,3677,0,100,100,35,0,61,0,56,40,2393,detection,
2393825,18,16,1024,1024,0,100,0,0,0,0,99,0,49,40,2393,detection,
2393866,19,16,1024,1024,0,100,0,0,0,0,99,0,49,40,2393,detection,
2393875,11,16,1024,1024,0,100,0,0,0,0,96,0,49,40,2393,detection,
2393910,17,16,1024,1024,0,100,0,0,0,0,79,0,49,40,2393,detection,
2393911,2,16,1024,1024,0,100,0,0,0,0,80,0,49,40,2393,detection,
2393933,12,16,1024,1024,0,100,0,0,0,0,99,0,49,40,2393,detection,
2394091,26,17,1024,1536,-512,100,91,100,61,15,59,0,56,40,2394,detection,
2394363,11,16,1024,1024,0,100,0,0,0,0,100,0,49,40,2394,detection,
2394368,19,16,1024,1024,0,100,0,0,0,0,100,0,49,40,2394,detection,
2394408,2,16,1024,1024,0,100,0,0,0,0,88,0,49,40,2394,detection,
2394412,17,16,1024,1024,0,100,0,0,0,0,88,0,49,40,2394,detection,
2394431,12,16,1024,1024,0,100,0,0,0,0,100,0,49,40,2394,detection,
2394447,21,16,1024,1024,0,100,0,0,0,0,71,0,49,40,2394,detection,
2394453,18,16,1024,1024,0,100,0,0,0,0,100,0,49,40,2394,detection,
2394501,8,29,4772,1024,3748,0,100,100,54,0,64,0,48,40,2394,detection,
2394839,26,17,1024,1536,-512,100,92,100,0,8,58,0,56,40,2394,detection,
2395844,26,29,4772,1024,3748,0,100,100,2,0,55,0,58,40,2395,detection,
2397719,23,22,1536,1536,0,0,0,100,0,13,78,50,98,100,2397,detection,
2398195,21,8,747,747,0,100,0,0,0,0,81,0,49,40,2398,detection,
2399239,11,16,1024,1024,0,100,0,0,0,0,96,0,49,40,2399,detection,
2399243,19,16,1024,1024,0,100,0,0,0,0,100,0,49,40,2399,detection,
2399289,17,16,1024,1024,0,100,0,0,0,0,92,0,49,40,2399,detection,
2399433,12,16,1024,1024,0,100,0,0,0,0,96,0,49,40,2399,detection,
2399443,21,16,1024,1024,0,100,0,0,0,0,79,0,49,40,2399,detection,
2399450,18,16,1024,1024,0,100,0,0,0,0,100,0,49,40,2399,detection,
2400589,26,17,1024,1536,-512,100,92,100,0,8,58,0,56,40,2400,detection,
2401342,26,12,1536,1536,0,0,0,0,0,0,67,0,0,0,2401,detection,
2401367,11,12,1536,1536,0,0,0,0,0,0,66,0,0,0,2401,detection,
2401371,19,12,1536,1536,0,0,0,0,0,0,73,0,0,0,2401,detection,
2401406,2,12,1536,1536,0,0,0,0,0,0,85,0,0,0,2401,detection,
2401427,22,12,1536,1536,0,0,0,0,0,0,74,0,0,0,2401,detection,
2403199,21,25,1024,1536,-512,100,93,100,0,8,57,0,56,40,2403,detection,
2403442,21,25,1024,1536,-512,100,93,100,0,8,57,0,56,40,2403,detection,
2403894,27,25,1024,1536,-512,100,90,100,0,0,60,0,56,40,2403,detection,
2403944,21,25,1024,1536,-512,100,94,100,0,0,56,0,56,40,2403,detection,
2404194,21,25,1024,1536,-512,100,98,100,0,0,52,0,56,40,2404,detection,
2404267,27,25,1024,1536,-512,100,91,100,0,0,59,0,56,40,2404,detection,
2404403,27,25,1024,1536,-512,100,91,100,0,0,59,0,56,40,2404,detection,
2404445,21,25,1024,1536,-512,100,98,100,0,0,52,0,56,40,2404,detection,
2404517,27,25,1024,1536,-512,100,91,100,0,0,59,0,56,40,2404,detection,
2404969,9,8,747,747,0,100,0,0,0,0,89,0,49,40,2404,detection,
2404978,25,8,747,747,0,100,0,100,0,13,75,0,49,40,2404,detection,
2404991,14,8,747,747,0,100,0,100,59,15,62,0,52,40,2404,detection,
2405316,21,25,1024,1536,-512,100,98,100,0,0,52,0,56,40,2405,detection,
2405403,27,25,1024,1536,-512,100,92,100,0,0,58,0,56,40,2405,detection,
2405643,27,25,1024,1536,-512,100,96,100,0,0,54,0,56,40,2405,detection,
2405692,21,25,1024,1536,-512,100,98,100,0,0,52,0,56,40,2405,detection,
2405894,27,25,1024,1536,-512,100,97,100,0,0,53,0,56,40,2405,detection,
2405943,21,25,1024,1536,-512,100,98,100,0,0,52,0,56,40,2405,detection,
2406078,21,25,1024,1536,-512,100,98,100,0,0,52,0,56,40,2406,detection,
2406141,27,25,1024,1536,-512,100,97,100,0,0,53,0,56,40,2406,detection,
2406269,27,25,1024,1536,-512,100,98,100,0,0,52,0,56,40,2406,detection,
2406318,21,25,1024,1536,-512,100,98,100,0,0,52,0,56,40,2406,detection,
2406409,1,2,1024,1536,-512,100,99,100,66,8,51,0,56,40,2406,detection,
2406533,7,2,1024,1536,-512,100,94,100,0,0,56,0,56,40,2406,detection,
2406569,21,25,1024,1536,-512,100,99,100,0,0,51,0,56,40,2406,detection,
2406642,27,25,1024,1536,-512,100,98,100,0,0,52,0,56,40,2406,detection,
2406718,9,24,1024,1536,-512,100,79,100,52,6,76,0,49,40,2406,detection,
2407319,21,25,1024,1536,-512,100,100,100,0,0,47,0,61,40,2407,detection,
2407417,27,25,1024,1536,-512,100,98,100,0,0,52,0,56,40,2407,detection,
2409561,15,11,1003,1003,0,0,0,0,0,0,58,0,0,0,2409,detection,
2411817,21,16,1024,1024,0,100,0,0,0,0,90,0,49,40,2411,detection,
2411826,18,16,1024,1024,0,100,0,0,0,0,100,0,49,40,2411,detection,
2411864,11,16,1024,1024,0,100,0,0,0,0,96,0,49,40,2411,detection,
2411872,19,16,1024,1024,0,100,0,0,0,0,100,0,49,40,2411,detection,
2412054,22,16,1024,1024,0,100,0,0,0,0,67,0,49,40,2412,detection,
2412060,12,16,1024,1024,0,100,0,0,0,0,96,0,49,40,2412,detection,
2412076,21,16,1024,1024,0,100,0,0,0,0,100,0,49,40,2412,detection,
2412077,18,16,1024,1024,0,100,0,0,0,0,100,0,49,40,2412,detection,
2412113,11,16,1024,1024,0,100,0,0,0,0,96,0,49,40,2412,detection,
2412126,19,16,1024,1024,0,100,0,0,0,0,100,0,49,40,2412,detection,
2413089,26,17,1024,1536,-512,100,93,100,0,8,57,0,56,40,2413,detection,
2413767,27,10,1024,1536,-512,100,87,100,0,7,65,0,49,40,2413,detection,
2413782,24,10,1024,1536,-512,100,94,100,0,0,56,0,56,40,2413,detection,
2413806,5,10,1024,1536,-512,100,97,100,64,8,53,0,56,40,2413,detection,
2413850,25,10,1024,1536,-512,100,92,100,61,8,58,0,56,40,2413,detection,
2413851,9,10,1024,1536,-512,100,87,100,57,0,65,0,49,40,2413,detection,
2414095,9,10,1024,1536,-512,100,87,100,0,0,64,0,49,40,2414,detection,
2414099,23,10,1024,1536,-512,100,81,100,54,7,73,0,49,40,2414,detection,
2414109,8,10,1024,1536,-512,100,87,100,0,0,65,0,49,40,2414,detection,
2414116,14,10,1024,1536,-512,100,98,100,0,8,52,0,56,40,2414,detection,
2414139,27,10,1024,1536,-512,100,87,100,0,7,64,0,49,40,2414,detection,
2414154,24,10,1024,1536,-512,100,95,100,0,0,55,0,56,40,2414,detection,
2415014,27,10,1024,1536,-512,100,88,100,0,7,63,0,49,40,2415,detection,
2415053,5,10,1024,1536,-512,100,98,100,0,8,52,0,56,40,2415,detection,
2415096,9,10,1024,1536,-512,100,89,100,0,0,62,0,52,40,2415,detection,
2415096,23,10,1024,1536,-512,100,82,100,0,7,71,0,49,40,2415,detection,
2415100,25,10,1024,1536,-512,100,97,100,0,8,53,0,56,40,2415,detection,
2415282,24,10,1024,1536,-512,100,95,100,0,0,55,0,56,40,2415,detection,
2415345,9,10,1024,1536,-512,100,90,100,0,0,61,0,54,40,2415,detection,
2415345,23,10,1024,1536,-512,100,84,100,0,7,68,0,49,40,2415,detection,
2415353,8,10,1024,1536,-512,100,87,100,0,0,64,0,49,40,2415,detection,
2415363,14,10,1024,1536,-512,100,99,100,0,8,51,0,56,40,2415,detection,
2415402,27,10,1024,1536,-512,100,90,100,0,7,61,0,54,40,2415,detection,
2415767,27,10,1024,1536,-512,100,90,100,0,7,61,0,54,40,2415,detection,
2415780,24,10,1024,1536,-512,100,96,100,0,0,54,0,56,40,2415,detection,
2415788,7,10,1024,1536,-512,100,94,100,0,0,56,0,56,40,2415,detection,
2415802,5,10,1024,1536,-512,100,98,100,0,8,52,0,56,40,2415,detection,
2415845,9,10,1024,1536,-512,100,94,100,0,0,56,0,56,40,2415,detection,
2415845,23,10,1024,1536,-512,100,85,100,0,7,67,0,49,40,2415,detection,
2415848,25,10,1024,1536,-512,100,97,100,0,8,53,0,56,40,2415,detection,
2416016,27,10,1024,1536,-512,100,90,100,0,7,60,0,56,40,2416,detection,
2416030,24,10,1024,1536,-512,100,97,100,0,0,53,0,56,40,2416,detection,
2416098,9,10,1024,1536,-512,100,94,100,0,0,56,0,56,40,2416,detection,
2416106,8,10,1024,1536,-512,100,88,100,0,0,63,0,49,40,2416,detection,
2416111,14,10,1024,1536,-512,100,99,100,0,8,51,0,56,40,2416,detection,
2416345,9,10,1024,1536,-512,100,95,100,0,0,55,0,56,40,2416,detection,
2416345,23,10,1024,1536,-512,100,90,100,0,7,61,0,54,40,2416,detection,
2416349,25,10,1024,1536,-512,100,97,100,0,8,53,0,56,40,2416,detection,
2416401,27,10,1024,1536,-512,100,91,100,0,0,59,0,56,40,2416,detection,
2416405,24,10,1024,1536,-512,100,97,100,0,0,53,0,56,40,2416,detection,
2416409,7,10,1024,1536,-512,100,98,100,0,0,52,0,56,40,2416,detection,
2416426,5,10,1024,1536,-512,100,98,100,0,8,52,0,56,40,2416,detection,
2416721,9,10,1024,1536,-512,100,96,100,0,0,54,0,56,40,2416,detection,
2416721,23,10,1024,1536,-512,100,90,100,0,7,60,0,56,40,2416,detection,
2416729,8,10,1024,1536,-512,100,89,100,0,0,62,0,52,40,2416,detection,
2416746,14,10,1024,1536,-512,100,99,100,0,8,51,0,56,40,2416,detection,
2416766,27,10,1024,1536,-512,100,95,100,0,0,55,0,56,40,2416,detection,
2416780,24,10,1024,1536,-512,100,97,100,0,0,53,0,56,40,2416,detection,
2416785,7,10,1024,1536,-512,100,98,100,0,0,52,0,56,40,2416,detection,
2416915,17,26,1024,1024,0,100,0,0,0,0,75,0,49,40,2416,detection,
2417095,9,10,1024,1536,-512,100,96,100,0,0,54,0,56,40,2417,detection,
2417096,23,10,1024,1536,-512,100,92,100,0,8,58,0,56,40,2417,detection,
2417331,13,30,5233,1536,3697,0,100,100,100,0,65,0,48,40,2417,detection,
2417341,18,30,5233,1536,3697,0,100,100,8,0,69,0,48,40,2417,detection,
2417343,9,8,772,772,0,90,0,0,0,0,96,0,49,40,2417,detection,
2417365,14,8,772,772,0,90,0,100,0,14,69,0,49,40,2417,detection,
2417399,16,8,772,772,0,90,0,100,0,14,68,0,49,40,2417,detection,
2419740,14,11,1003,1003,0,0,0,0,0,0,59,0,0,0,2419,detection,
2419804,15,11,1003,1003,0,0,0,0,0,0,59,0,0,0,2419,detection,
2420535,7,10,1024,1536,-512,100,98,100,0,0,52,0,56,40,2420,detection,
2424830,18,13,949,949,0,0,0,0,0,0,64,0,0,0,2424,detection,
2430284,24,6,1024,1536,-512,100,92,100,61,8,58,0,56,40,2430,detection,
2432602,10,27,1536,1536,0,0,0,0,0,0,59,0,0,0,2432,detection,
2435642,27,8,1024,1536,-512,100,93,100,62,8,57,0,56,40,2435,detection,
2435660,7,8,1024,1536,-512,100,90,100,0,0,61,0,54,40,2435,detection,
2435740,14,8,1024,1536,-512,100,84,100,56,21,69,0,49,40,2435,detection,
2436592,4,16,1024,1024,0,100,0,0,0,0,64,0,49,40,2436,detection,
2436613,11,16,1024,1024,0,100,0,0,0,0,96,0,49,40,2436,detection,
2436678,22,16,1024,1024,0,100,0,0,0,0,76,0,49,40,2436,detection,
2436824,18,16,1024,1024,0,100,0,0,0,0,96,0,49,40,2436,detection,
2436839,4,16,1024,1024,0,100,0,0,0,0,72,0,49,40,2436,detection,
2436875,11,16,1024,1024,0,100,0,0,0,0,96,0,49,40,2436,detection,
2437051,22,16,1024,1024,0,100,0,0,0,0,86,0,49,40,2437,detection,
2437059,12,16,1024,1024,0,100,0,0,0,0,96,0,49,40,2437,detection,
2437068,21,16,1024,1024,0,100,0,0,0,0,96,0,49,40,2437,detection,
2437077,18,16,1024,1024,0,100,0,0,0,0,96,0,49,40,2437,detection,
2437301,22,16,1024,1024,0,100,0,0,0,0,96,0,49,40,2437,detection,
2437342,4,16,1024,1024,0,100,0,0,0,0,81,0,49,40,2437,detection,
2437364,11,16,1024,1024,0,100,0,0,0,0,96,0,49,40,2437,detection,
2437369,19,16,1024,1024,0,100,0,0,0,0,96,0,49,40,2437,detection,
2437558,12,16,1024,1024,0,100,0,0,0,0,96,0,49,40,2437,detection,
2437566,21,16,1024,1024,0,100,0,0,0,0,96,0,49,40,2437,detection,
2437575,18,16,1024,1024,0,100,0,0,0,0,96,0,49,40,2437,detection,
2437720,26,7,1024,1536,-512,100,93,100,62,8,57,0,56,40,2437,detection,
2437800,22,16,1024,1024,0,100,0,0,0,0,96,0,49,40,2437,detection,
2437826,18,16,1024,1024,0,100,0,0,0,0,96,0,49,40,2437,detection,
2437841,4,16,1024,1024,0,100,0,0,0,0,91,0,49,40,2437,detection,
2437869,19,16,1024,1024,0,100,0,0,0,0,96,0,49,40,2437,detection,
2437874,11,16,1024,1024,0,100,0,0,0,0,96,0,49,40,2437,detection,
2438040,17,16,1024,1024,0,100,0,0,0,0,92,0,49,40,2438,detection,
2438053,22,16,1024,1024,0,100,0,0,0,0,96,0,49,40,2438,detection,
2438057,12,16,1024,1024,0,100,0,0,0,0,96,0,49,40,2438,detection,
2438075,18,16,1024,1024,0,100,0,0,0,0,96,0,49,40,2438,detection,
2438076,21,16,1024,1024,0,100,0,0,0,0,96,0,49,40,2438,detection,
2441558,12,22,1536,1536,0,0,0,0,0,0,74,50,68,55,2441,detection,
2441560,15,22,1536,1536,0,0,0,0,0,0,71,50,68,55,2441,detection,
2442695,1,2,1024,1536,-512,100,100,100,0,9,45,0,62,40,2442,detection,
2442838,26,27,1536,1536,0,0,0,0,0,0,65,0,0,0,2442,detection,
2442849,10,27,1536,1536,0,0,0,0,0,0,58,0,0,0,2442,detection,
2444410,7,8,1024,1536,-512,100,90,100,0,0,60,0,56,40,2444,detection,
2445163,17,26,1024,1024,0,100,0,0,0,0,84,0,49,40,2445,detection,
2450599,9,24,1024,1536,-512,100,81,100,0,7,73,0,49,40,2450,detection,
2450664,2,24,1024,1536,-512,100,93,100,62,8,57,0,56,40,2450,detection,
2450784,2,24,1024,1536,-512,100,93,100,0,8,57,0,56,40,2450,detection,
2451137,6,24,1024,1536,-512,100,100,100,66,8,50,0,56,40,2451,detection,
2456661,7,4,1024,1024,0,100,0,0,0,0,65,0,49,40,2456,detection,
2460554,22,27,1536,1536,0,0,0,0,0,0,60,0,0,0,2460,detection,
2460716,26,27,1536,1536,0,0,0,0,0,0,64,0,0,0,2460,detection,
2460802,22,27,1536,1536,0,0,0,0,0,0,59,0,0,0,2460,detection,
2460817,21,27,1536,1536,0,0,0,0,0,0,59,0,0,0,2460,detection,
2461268,16,8,1024,1536,-512,100,87,100,57,23,65,0,49,40,2461,detection,
2464519,27,18,1024,1024,0,100,0,0,0,0,68,0,49,40,2464,detection,
2464743,19,18,1024,1024,0,100,0,0,0,0,73,0,49,40,2464,detection,
2464765,27,18,1024,1024,0,100,0,0,0,0,77,0,49,40,2464,detection,
2465239,14,5,1536,1536,0,0,0,100,62,16,56,0,60,40,2465,detection,
2468026,24,9,1280,1280,0,0,0,0,0,0,59,0,0,0,2468,detection,
2468099,25,9,1280,1280,0,0,0,0,0,0,66,0,0,0,2468,detection,
2468339,26,27,1280,1280,0,0,0,0,0,0,64,0,0,0,2468,detection,
2468426,22,27,1280,1280,0,0,0,0,0,0,60,0,0,0,2468,detection,
2468439,21,27,1280,1280,0,0,0,0,0,0,56,0,0,0,2468,detection,
2472652,24,6,1024,1536,-512,100,93,100,0,8,57,0,56,40,2472,detection,
2473861,14,5,1280,1280,0,0,0,100,0,16,58,0,60,40,2473,detection,
2476723,25,9,1280,1792,-512,100,90,100,60,7,61,0,54,40,2476,detection,
2476777,24,9,1280,1792,-512,100,92,100,61,8,58,0,56,40,2476,detection,
2476787,2,9,1280,1792,-512,100,82,100,55,7,71,0,49,40,2476,detection,
2479967,26,8,1024,1536,-512,100,91,100,61,23,59,0,56,40,2479,detection,
2479979,25,8,1024,1536,-512,100,82,100,54,21,72,0,49,40,2479,detection,
2481064,21,27,1280,1280,0,0,0,0,0,0,58,0,0,0,2481,detection,
2481868,11,10,1024,1536,-512,100,94,100,0,0,56,0,56,40,2481,detection,
2483856,1,9,1280,1792,-512,100,100,100,68,9,48,0,59,40,2483,detection,
2483903,24,9,1280,1792,-512,100,92,100,0,8,58,0,56,40,2483,detection,
2483908,2,9,1280,1792,-512,100,83,100,0,7,70,0,49,40,2483,detection,
2483973,25,9,1280,1792,-512,100,91,100,0,7,59,0,56,40,2483,detection,
2484095,1,9,1280,1792,-512,100,100,100,0,9,47,0,61,40,2484,detection,
2484112,14,9,1280,1792,-512,100,85,100,57,7,67,0,49,40,2484,detection,
2484152,24,9,1280,1792,-512,100,97,100,0,8,53,0,56,40,2484,detection,
2484218,4,9,1280,1792,-512,100,90,100,60,7,61,0,54,40,2484,detection,
2484480,8,3,1024,1536,-512,100,98,100,65,8,52,0,56,40,2484,detection,
2484538,2,3,1024,1536,-512,100,87,100,0,7,64,0,49,40,2484,detection,
2485616,19,5,1280,1280,0,0,0,100,64,16,53,0,60,40,2485,detection,
2485619,11,5,1280,1280,0,0,0,100,59,15,63,0,48,40,2485,detection,
2485981,8,29,4812,1024,3788,0,100,100,4,0,72,0,48,40,2485,detection,
2486177,22,16,1024,1024,0,100,0,0,0,0,96,0,49,40,2486,detection,
2486240,11,16,1024,1024,0,100,0,0,0,0,96,0,49,40,2486,detection,
2490284,24,23,1024,1536,-512,100,92,100,61,8,58,0,56,40,2490,detection,
2490331,13,23,1024,1536,-512,100,87,100,57,7,65,0,49,40,2490,detection,
2490339,4,23,1024,1536,-512,100,86,100,0,7,66,0,49,40,2490,detection,
2490352,10,23,1024,1536,-512,100,85,100,0,7,67,0,49,40,2490,detection,
2493430,5,12,1024,1536,-512,100,73,100,49,6,86,0,49,40,2493,detection,
2493431,22,12,1024,1536,-512,100,82,100,55,7,71,0,49,40,2493,detection,
2493482,26,12,1024,1536,-512,100,87,100,57,7,65,0,49,40,2493,detection,
2493494,11,12,1024,1536,-512,100,87,100,58,7,64,0,49,40,2493,detection,
2494079,1,9,1280,1792,-512,100,100,100,0,9,46,0,62,40,2494,detection,
2494088,4,9,1280,1792,-512,100,90,100,0,7,60,0,56,40,2494,detection,
2496197,21,7,1024,1536,-512,100,87,100,58,7,64,0,49,40,2496,detection,
2497493,8,2,1024,1536,-512,100,76,100,0,6,80,0,49,40,2497,detection,
2497728,8,2,1024,1536,-512,100,80,100,0,6,75,0,49,40,2497,detection,
2497831,18,2,1024,1536,-512,100,90,100,0,7,60,0,56,40,2497,detection,
2501594,26,25,1024,1536,-512,100,89,100,59,7,62,0,52,40,2501,detection,
2507616,14,11,1003,1003,0,0,0,0,0,0,59,0,0,0,2507,detection,
2507644,16,10,1024,1536,-512,100,82,100,0,0,71,0,49,40,2507,detection,
2507660,24,10,1024,1536,-512,100,94,100,0,0,56,0,56,40,2507,detection,
2507663,7,10,1024,1536,-512,100,95,100,0,0,55,0,56,40,2507,detection,
2513369,19,5,1280,1280,0,100,0,100,0,15,64,0,49,40,2513,detection,
2513617,19,5,1280,1280,0,100,0,100,0,14,72,0,49,40,2513,detection,
2518867,19,5,1280,1280,0,100,0,100,0,6,81,0,49,40,2518,detection,
2519242,19,5,1280,1280,0,100,0,100,0,5,92,0,49,40,2519,detection,
2532491,19,5,1280,1280,0,100,0,100,0,5,100,0,49,40,2532,detection,
2532739,14,5,1280,1280,0,100,0,100,0,15,64,0,49,40,2532,detection,
2532744,19,5,1280,1280,0,100,0,100,0,5,100,0,49,40,2532,detection,
2533488,14,5,1280,1280,0,100,0,100,0,14,73,0,49,40,2533,detection,
2533532,1,9,1280,1792,-512,100,100,100,0,10,40,0,71,55,2533,detection,
2533742,19,5,1280,1280,0,100,0,100,0,0,100,0,49,40,2533,detection,
2533746,14,5,1280,1280,0,100,0,100,0,6,82,0,49,40,2533,detection,
2533828,1,9,1280,1792,-512,100,100,100,0,10,39,0,71,55,2533,detection,
2533860,8,9,1280,1792,-512,100,85,100,57,0,67,0,49,40,2533,detection,
2533860,14,9,1280,1792,-512,100,87,100,0,7,65,0,49,40,2533,detection,
2533985,14,5,1280,1280,0,100,0,100,0,5,92,0,49,40,2533,detection,
2536851,10,23,1024,1024,0,100,0,100,53,13,75,0,49,40,2536,detection,
2536885,6,23,1024,1024,0,100,0,0,0,0,70,0,49,40,2536,detection,
2536906,24,23,1024,1024,0,100,0,100,58,15,64,0,49,40,2536,detection,
2536953,13,23,1024,1024,0,100,0,100,54,14,73,0,49,40,2536,detection,
2538992,11,22,1024,1536,-512,100,88,100,59,7,63,0,49,40,2538,detection,
2541717,26,8,1024,1536,-512,100,96,100,0,25,54,0,56,40,2541,detection,
2541738,14,8,1024,1536,-512,100,85,100,0,21,67,0,49,40,2541,detection,
2541790,2,8,1024,1536,-512,100,97,100,64,25,53,0,56,40,2541,detection,
2541794,17,8,1024,1536,-512,100,92,100,61,16,58,0,56,40,2541,detection,
2541970,9,8,1024,1536,-512,100,70,100,46,5,92,0,49,40,2541,detection,
2541989,14,8,1024,1536,-512,100,87,100,0,23,65,0,49,40,2541,detection,
2542015,27,8,1024,1536,-512,100,94,100,0,8,56,0,56,40,2542,detection,
2542033,7,8,1024,1536,-512,100,94,100,0,0,56,0,56,40,2542,detection,
2542578,13,23,1024,1024,0,100,0,100,0,13,83,0,49,40,2542,detection,
2542633,6,23,1024,1024,0,100,0,0,0,0,79,0,49,40,2542,detection,
2545232,8,3,1024,1536,-512,100,98,100,0,0,52,0,56,40,2545,detection,
2545266,6,3,1024,1536,-512,100,97,100,0,0,53,0,56,40,2545,detection,
2545274,16,3,1024,1536,-512,100,91,100,0,0,59,0,56,40,2545,detection,
2545285,2,3,1024,1536,-512,100,87,100,0,7,64,0,49,40,2545,detection,
2545490,8,3,1024,1536,-512,100,98,100,0,0,52,0,56,40,2545,detection,
2545512,6,3,1024,1536,-512,100,98,100,0,0,52,0,56,40,2545,detection,
2545530,16,3,1024,1536,-512,100,95,100,0,0,55,0,56,40,2545,detection,
2545535,7,3,1024,1536,-512,100,87,100,0,0,64,0,49,40,2545,detection,
2545634,1,3,1024,1536,-512,100,100,100,0,9,47,0,61,40,2545,detection,
2545660,7,3,1024,1536,-512,100,87,100,0,0,64,0,49,40,2545,detection,
2545721,9,3,1024,1536,-512,100,87,100,58,7,64,0,49,40,2545,detection,
2545731,10,3,1024,1536,-512,100,93,100,0,8,57,0,56,40,2545,detection,
2545761,6,3,1024,1536,-512,100,98,100,0,0,52,0,56,40,2545,detection,
2545910,2,3,1024,1536,-512,100,90,100,0,7,60,0,56,40,2545,detection,
2547698,21,8,1024,1536,-512,100,78,100,52,6,77,0,49,40,2547,detection,
2547713,26,8,1024,1536,-512,100,92,100,0,25,58,0,56,40,2547,detection,
2547736,14,8,1024,1536,-512,100,87,100,0,23,64,0,49,40,2547,detection,
2547765,27,8,1024,1536,-512,100,94,100,0,8,56,0,56,40,2547,detection,
2547987,14,8,1024,1536,-512,100,89,100,0,15,62,0,52,40,2547,detection,
2548035,7,8,1024,1536,-512,100,91,100,0,0,59,0,56,40,2548,detection,
2549589,26,17,1024,1024,0,100,0,100,58,15,64,0,49,40,2549,detection,
2549714,26,17,1024,1024,0,100,0,100,0,14,68,0,49,40,2549,detection,
2550716,26,17,1024,1024,0,100,0,100,0,13,77,0,49,40,2550,detection,
2550963,26,17,1024,1024,0,100,0,100,0,6,87,0,49,40,2550,detection,
2551982,8,3,1024,1536,-512,100,96,100,0,0,54,0,56,40,2551,detection,
2552013,6,3,1024,1536,-512,100,94,100,0,0,56,0,56,40,2552,detection,
2552018,16,3,1024,1536,-512,100,91,100,0,0,59,0,56,40,2552,detection,
2552037,2,3,1024,1536,-512,100,88,100,0,7,63,0,49,40,2552,detection,
2552213,26,17,1024,1024,0,100,0,100,0,5,96,0,49,40,2552,detection,
2552409,6,3,1024,1536,-512,100,94,100,0,0,56,0,56,40,2552,detection,
2552412,7,3,1024,1536,-512,100,88,100,0,0,63,0,49,40,2552,detection,
2552481,9,3,1024,1536,-512,100,87,100,0,7,64,0,49,40,2552,detection,
2552505,8,3,1024,1536,-512,100,96,100,0,0,54,0,56,40,2552,detection,
2552855,8,3,1024,1536,-512,100,97,100,0,0,53,0,56,40,2552,detection,
2552887,6,3,1024,1536,-512,100,94,100,0,0,56,0,56,40,2552,detection,
2552896,16,3,1024,1536,-512,100,92,100,0,0,58,0,56,40,2552,detection,
2552909,7,3,1024,1536,-512,100,89,100,0,0,62,0,52,40,2552,detection,
2552909,2,3,1024,1536,-512,100,89,100,0,7,62,0,52,40,2552,detection,
2553034,7,3,1024,1536,-512,100,90,100,0,0,61,0,54,40,2553,detection,
2553093,9,3,1024,1536,-512,100,91,100,0,7,59,0,56,40,2553,detection,
2553103,10,3,1024,1536,-512,100,97,100,0,8,53,0,56,40,2553,detection,
2553107,8,3,1024,1536,-512,100,100,100,0,0,49,0,57,40,2553,detection,
2553487,10,3,1024,1536,-512,100,98,100,0,8,52,0,56,40,2553,detection,
2553507,8,3,1024,1536,-512,100,100,100,0,0,49,0,57,40,2553,detection,
2553512,6,3,1024,1536,-512,100,95,100,0,0,55,0,56,40,2553,detection,
2553531,16,3,1024,1536,-512,100,92,100,0,0,58,0,56,40,2553,detection,
2556040,7,9,1024,1536,-512,100,92,100,61,0,58,0,56,40,2556,detection,
2556355,10,9,1024,1536,-512,100,96,100,64,0,54,0,56,40,2556,detection,
2556359,8,9,1024,1536,-512,100,87,100,0,0,65,0,49,40,2556,detection,
2556411,7,9,1024,1536,-512,100,92,100,0,0,58,0,56,40,2556,detection,
2556428,22,9,1024,1536,-512,100,89,100,59,7,62,0,52,40,2556,detection,
2556436,3,9,1024,1536,-512,100,83,100,55,7,70,0,49,40,2556,detection,
2559904,24,23,1024,1024,0,100,0,100,0,14,73,0,49,40,2559,detection,
2559985,14,23,1024,1024,0,100,0,0,0,0,76,0,49,40,2559,detection,
2566572,21,8,1024,1536,-512,100,81,100,0,7,73,0,49,40,2566,detection,
2566602,25,8,1024,1536,-512,100,84,100,0,21,69,0,49,40,2566,detection,
2566614,14,8,1024,1536,-512,100,90,100,0,7,61,0,54,40,2566,detection,
2566661,2,8,1024,1536,-512,100,93,100,0,25,57,0,56,40,2566,detection,
2566662,17,8,1024,1536,-512,100,93,100,0,16,57,0,56,40,2566,detection,
2568516,6,3,1024,1536,-512,100,95,100,0,0,55,0,56,40,2568,detection,
2568533,2,3,1024,1536,-512,100,90,100,0,7,61,0,54,40,2568,detection,
2568582,13,3,1024,1536,-512,100,86,100,57,7,66,0,49,40,2568,detection,
2568606,8,3,1024,1536,-512,100,98,100,0,0,52,0,56,40,2568,detection,
2568826,1,3,1024,1536,-512,100,100,100,0,9,46,0,62,40,2568,detection,
2568907,2,3,1024,1536,-512,100,90,100,0,0,61,0,54,40,2568,detection,
2568955,13,3,1024,1536,-512,100,89,100,0,7,62,0,52,40,2568,detection,
2568970,9,3,1024,1536,-512,100,88,100,0,7,63,0,49,40,2568,detection,
2574407,7,9,1024,1536,-512,100,93,100,0,0,57,0,56,40,2574,detection,
2574434,3,9,1024,1536,-512,100,84,100,0,7,68,0,49,40,2574,detection,
2574686,3,9,1024,1536,-512,100,85,100,0,7,67,0,49,40,2574,detection,
2574785,7,9,1024,1536,-512,100,93,100,0,0,57,0,56,40,2574,detection,
2575034,7,9,1024,1536,-512,100,93,100,0,0,57,0,56,40,2575,detection,
2575070,3,9,1024,1536,-512,100,87,100,0,7,65,0,49,40,2575,detection,
2575355,8,9,1024,1536,-512,100,87,100,0,0,64,0,49,40,2575,detection,
2575408,7,9,1024,1536,-512,100,94,100,0,0,56,0,56,40,2575,detection,
2575435,3,9,1024,1536,-512,100,87,100,0,7,64,0,49,40,2575,detection,
2575786,7,9,1024,1536,-512,100,94,100,0,0,56,0,56,40,2575,detection,
2575808,3,9,1024,1536,-512,100,88,100,0,7,63,0,49,40,2575,detection,
2576104,8,9,1024,1536,-512,100,88,100,0,0,63,0,49,40,2576,detection,
2576158,7,9,1024,1536,-512,100,98,100,0,0,52,0,56,40,2576,detection,
2579981,8,4,1024,1024,0,100,0,0,0,0,89,0,49,40,2579,detection,
2580033,24,4,1024,1024,0,100,0,0,0,0,80,0,49,40,2580,detection,
2580058,3,4,1024,1024,0,100,0,0,0,0,75,0,49,40,2580,detection,
2580064,12,4,1024,1024,0,100,0,0,0,0,67,0,49,40,2580,detection,
2590510,6,20,908,908,0,0,0,0,0,0,66,0,0,0,2590,detection,
2590788,7,13,1024,1024,0,100,0,0,0,0,80,0,49,40,2590,detection,
2590842,4,13,1024,1024,0,100,0,0,0,0,62,0,52,40,2590,detection,
2590848,9,13,1024,1024,0,100,0,0,0,0,61,0,54,40,2590,detection,
2592984,14,23,1024,1024,0,100,0,0,0,0,85,0,49,40,2592,detection,
2594909,7,9,908,1420,-512,100,95,100,0,0,55,0,56,40,2594,detection,
2594956,13,9,908,1420,-512,100,90,100,60,7,61,0,54,40,2594,detection,
2595312,3,9,908,1420,-512,100,92,100,0,8,58,0,56,40,2595,detection,
2595329,13,9,908,1420,-512,100,90,100,0,7,60,0,56,40,2595,detection,
2595340,4,9,908,1420,-512,100,94,100,0,8,56,0,56,40,2595,detection,
2595357,8,9,908,1420,-512,100,89,100,0,0,62,0,52,40,2595,detection,
2597146,27,30,5293,1536,3757,0,100,100,43,0,65,0,48,40,2597,detection,
2597163,2,30,5293,1536,3757,0,100,100,9,0,60,0,58,40,2597,detection,
2597206,18,30,5293,1536,3757,0,100,100,6,0,68,0,48,40,2597,detection,
2597910,7,13,1024,1024,0,100,0,0,0,0,91,0,49,40,2597,detection,
2597964,4,13,1024,1024,0,100,0,0,0,0,70,0,49,40,2597,detection,
2597969,9,13,1024,1024,0,100,0,0,0,0,73,0,49,40,2597,detection,
2598186,3,13,1024,1024,0,100,0,0,0,0,74,0,49,40,2598,detection,
2598216,9,13,1024,1024,0,100,0,0,0,0,82,0,49,40,2598,detection,
2598216,4,13,1024,1024,0,100,0,0,0,0,75,0,49,40,2598,detection,
2598231,8,13,1024,1024,0,100,0,0,0,0,78,0,49,40,2598,detection,
2599161,2,8,1024,1536,-512,100,94,100,0,25,56,0,56,40,2599,detection,
2599165,17,8,1024,1536,-512,100,93,100,0,16,57,0,56,40,2599,detection,
2599216,26,8,1024,1536,-512,100,93,100,0,25,57,0,56,40,2599,detection,
2599225,25,8,1024,1536,-512,100,85,100,0,14,67,0,49,40,2599,detection,
2599272,16,8,1024,1536,-512,100,87,100,0,15,64,0,49,40,2599,detection,
2599446,21,8,1024,1536,-512,100,83,100,0,7,70,0,49,40,2599,detection,
2599470,9,8,1024,1536,-512,100,73,100,0,6,86,0,49,40,2599,detection,
2599705,13,3,1024,1536,-512,100,87,100,0,7,65,0,49,40,2599,detection,
2599725,9,3,1024,1536,-512,100,89,100,0,7,62,0,52,40,2599,detection,
2604969,9,13,1024,1024,0,100,0,0,0,0,92,0,49,40,2604,detection,
2605033,7,13,1024,1024,0,100,0,0,0,0,100,0,49,40,2605,detection,
2605157,7,13,1024,1024,0,100,0,0,0,0,100,0,49,40,2605,detection,
2605221,9,13,1024,1024,0,100,0,0,0,0,100,0,49,40,2605,detection,
2605436,3,13,1024,1024,0,100,0,0,0,0,85,0,49,40,2605,detection,
2605456,18,13,1024,1024,0,100,0,0,0,0,73,0,49,40,2605,detection,
2605462,4,13,1024,1024,0,100,0,0,0,0,84,0,49,40,2605,detection,
2605480,9,13,1024,1024,0,100,0,0,0,0,100,0,49,40,2605,detection,
2605559,15,13,1024,1024,0,100,0,0,0,0,75,0,49,40,2605,detection,
2615933,3,13,1024,1024,0,100,0,0,0,0,96,0,49,40,2615,detection,
2615951,18,13,1024,1024,0,100,0,0,0,0,82,0,49,40,2615,detection,
2615968,9,13,1024,1024,0,100,0,0,0,0,100,0,49,40,2615,detection,
2616182,3,13,1024,1024,0,100,0,0,0,0,96,0,49,40,2616,detection,
2616200,18,13,1024,1024,0,100,0,0,0,0,88,0,49,40,2616,detection,
2616214,4,13,1024,1024,0,100,0,0,0,0,99,0,49,40,2616,detection,
2616218,9,13,1024,1024,0,100,0,0,0,0,100,0,49,40,2616,detection,
2616222,23,13,1024,1024,0,100,0,0,0,0,65,0,49,40,2616,detection,
2616240,14,13,1024,1024,0,100,0,0,0,0,74,0,49,40,2616,detection,
2633681,15,23,1024,1024,0,100,0,0,0,0,69,0,49,40,2633,detection,
2633702,13,23,1024,1024,0,100,0,84,0,11,93,0,49,40,2633,detection,
2633736,14,23,1024,1024,0,100,0,0,0,0,95,0,49,40,2633,detection,
2633954,13,23,1024,1024,0,100,0,70,0,11,100,0,49,40,2633,detection,
2633986,14,23,1024,1024,0,100,0,0,0,0,100,0,49,40,2633,detection,
2633992,19,23,1024,1024,0,100,0,0,0,0,67,0,49,40,2633,detection,
2634616,19,5,1024,1024,0,100,0,100,0,0,96,0,49,40,2634,detection,
2634865,14,5,1024,1024,0,100,0,100,0,5,96,0,49,40,2634,detection,
2634868,19,5,1024,1024,0,100,0,100,0,0,96,0,49,40,2634,detection,
2639740,20,3,1024,1536,-512,100,87,100,58,7,64,0,49,40,2639,detection,
2643860,14,5,1024,1536,-512,100,70,100,46,5,92,0,49,40,2643,detection,
2644112,14,5,1024,1536,-512,100,74,100,0,6,84,0,49,40,2644,detection,
2644117,19,5,1024,1536,-512,100,66,100,44,5,100,0,49,40,2644,detection,
2644121,11,5,1024,1536,-512,100,89,100,59,23,62,0,52,40,2644,detection,
2650198,21,8,1024,1536,-512,100,87,100,0,7,64,0,49,40,2650,detection,
2650228,25,8,1024,1536,-512,100,87,100,0,15,65,0,49,40,2650,detection,
2650240,14,8,1024,1536,-512,100,94,100,0,8,56,0,56,40,2650,detection,
2650267,27,8,1024,1536,-512,100,94,100,0,8,56,0,56,40,2650,detection,
2651080,18,19,1024,1536,-512,100,87,100,57,7,65,0,49,40,2651,detection,
2651366,14,5,1024,1536,-512,100,77,100,0,6,79,0,49,40,2651,detection,
2651367,19,5,1024,1536,-512,100,66,100,0,5,100,0,49,40,2651,detection,
2651730,8,3,1280,1280,0,0,0,100,61,8,58,0,60,40,2651,detection,
2651740,20,3,1280,1280,0,0,0,100,57,15,66,0,48,40,2651,detection,
2655830,18,13,1024,1024,0,100,0,0,0,0,96,0,49,40,2655,detection,
2655847,9,13,1024,1024,0,100,0,0,0,0,96,0,49,40,2655,detection,
2655860,8,13,1024,1024,0,100,0,0,0,0,92,0,49,40,2655,detection,
2655865,14,13,1024,1024,0,100,0,0,0,0,84,0,49,40,2655,detection,
2658362,20,19,1536,1536,0,0,0,0,0,0,75,0,0,0,2658,detection,
2658428,22,19,1536,1536,0,0,0,0,0,0,64,0,0,0,2658,detection,
2658432,5,19,1536,1536,0,0,0,0,0,0,56,0,0,0,2658,detection,
2658975,25,8,1536,1536,0,0,0,100,59,23,62,0,54,40,2658,detection,
2658991,14,8,1536,1536,0,0,0,100,60,7,61,0,57,40,2658,detection,
2660385,6,20,1547,1547,0,0,0,0,0,0,71,0,0,0,2660,detection,
2660853,10,3,1536,1536,0,0,0,100,62,16,56,0,60,40,2660,detection,
2660854,8,3,1536,1536,0,0,0,100,0,8,57,0,60,40,2660,detection,
2660867,20,3,1536,1536,0,0,0,100,0,15,64,0,48,40,2660,detection,
2661740,14,5,1024,1536,-512,100,80,100,0,7,74,0,49,40,2661,detection,
2661741,19,5,1024,1536,-512,100,68,100,0,5,96,0,49,40,2661,detection,
2663570,21,8,1536,1536,0,0,0,100,57,15,66,0,48,40,2663,detection,
2663638,27,8,1536,1536,0,0,0,100,62,16,56,0,60,40,2663,detection,
2664234,8,29,4872,1420,3452,0,100,100,37,0,68,0,48,40,2664,detection,
2664283,24,10,1280,1280,0,0,0,100,64,8,54,0,60,40,2664,detection,
2664468,23,19,1420,1420,0,0,0,0,0,0,71,0,0,0,2664,detection,
2664487,20,19,1420,1420,0,0,0,0,0,0,74,0,0,0,2664,detection,
2664493,11,19,1420,1420,0,0,0,0,0,0,67,0,0,0,2664,detection,
2664548,22,19,1420,1420,0,0,0,0,0,0,67,0,0,0,2664,detection,
2664561,15,19,1420,1420,0,0,0,0,0,0,63,0,0,0,2664,detection,
2671445,21,8,1280,1280,0,0,0,100,0,14,67,0,48,40,2671,detection,
2671465,26,8,1280,1280,0,0,0,100,61,25,58,0,60,40,2671,detection,
2671477,25,8,1280,1280,0,0,0,100,0,15,66,0,48,40,2671,detection,
2672095,26,21,1280,1280,0,0,0,100,57,15,66,0,48,40,2672,detection,
2672977,8,3,1771,1771,0,0,0,0,0,0,57,0,0,0,2672,detection,
2672978,10,3,1771,1771,0,0,0,100,0,16,56,0,60,40,2672,detection,
2672991,20,3,1771,1771,0,0,0,100,0,15,59,0,60,40,2672,detection,
2673816,21,26,1024,1024,0,100,0,0,0,0,61,0,54,40,2673,detection,
2674595,23,19,1536,1536,0,0,0,0,0,0,69,0,0,0,2674,detection,
2674613,11,19,1536,1536,0,0,0,0,0,0,65,0,0,0,2674,detection,
2674676,22,19,1536,1536,0,0,0,0,0,0,65,0,0,0,2674,detection,
2676353,8,3,1515,1515,0,0,0,0,0,0,58,0,0,0,2676,detection,
2676354,10,3,1515,1515,0,0,0,100,0,16,57,0,60,40,2676,detection,
2676363,20,3,1515,1515,0,0,0,100,0,15,61,0,57,40,2676,detection,
2677137,6,20,1792,1792,0,0,0,0,0,0,76,0,0,0,2677,detection,
2680463,26,21,1771,1771,0,0,0,100,0,14,67,0,48,40,2680,detection,
2681883,6,20,1536,1536,0,0,0,0,0,0,81,0,0,0,2681,detection,
2682437,12,19,1536,1536,0,0,0,0,0,0,67,0,0,0,2682,detection,
2682488,11,19,1536,1536,0,0,0,0,0,0,64,0,0,0,2682,detection,
2682547,22,19,1536,1536,0,0,0,0,0,0,64,0,0,0,2682,detection,
2682738,20,6,1536,1536,0,0,0,0,0,0,58,0,0,0,2682,detection,
2683838,26,8,1510,1510,0,0,0,100,0,25,58,0,60,40,2683,detection,
2683847,25,8,1510,1510,0,0,0,100,0,15,64,0,48,40,2683,detection,
2684475,23,12,2027,2027,0,0,0,0,0,0,73,0,0,0,2684,detection,
2684480,26,12,2027,2027,0,0,0,100,58,15,64,0,48,40,2684,detection,
2685062,12,10,1356,1356,0,0,0,0,0,0,65,0,0,0,2685,detection,
2685097,23,10,1356,1356,0,0,0,100,59,7,63,0,48,40,2685,detection,
2685109,8,10,1356,1356,0,0,0,100,61,8,58,0,60,40,2685,detection,
2686345,26,21,1796,1796,0,0,0,100,0,14,67,0,48,40,2686,detection,
2688220,23,12,1612,1612,0,0,0,0,0,0,70,0,0,0,2688,detection,
2688241,11,12,1612,1612,0,0,0,100,57,15,65,0,48,40,2688,detection,
2688245,19,12,1612,1612,0,0,0,0,0,0,70,0,0,0,2688,detection,
2688990,19,12,1612,1612,0,0,0,0,0,0,70,0,0,0,2688,detection,
2690442,1,3,1515,1515,0,0,0,100,72,18,42,0,71,55,2690,detection,
2691344,23,19,1536,1536,0,0,0,0,0,0,68,0,0,0,2691,detection,
2691365,11,19,1536,1536,0,0,0,0,0,0,63,0,0,0,2691,detection,
2691425,22,19,1536,1536,0,0,0,0,0,0,63,0,0,0,2691,detection,
2691430,12,19,1536,1536,0,0,0,0,0,0,66,0,0,0,2691,detection,
2691433,15,19,1536,1536,0,0,0,0,0,0,62,0,0,0,2691,detection,
2691736,11,19,1536,1536,0,0,0,0,0,0,58,0,0,0,2691,detection,
2691738,20,19,1536,1536,0,0,0,0,0,0,73,0,0,0,2691,detection,
2692614,20,6,1765,1765,0,0,0,0,0,0,59,0,0,0,2692,detection,
2693508,6,20,1536,1536,0,0,0,0,0,0,85,0,0,0,2693,detection,
2699892,1,3,1536,2048,-512,100,100,100,70,27,45,0,62,40,2699,detection,
2700684,12,10,1348,1348,0,0,0,0,0,0,65,0,0,0,2700,detection,
2700968,26,21,1796,1796,0,0,0,100,0,15,66,0,48,40,2700,detection,
2704473,1,3,1536,2048,-512,100,100,100,0,18,44,0,64,40,2704,detection,
2704482,8,3,1536,2048,-512,100,92,100,61,8,58,0,56,40,2704,detection,
2704972,23,19,1024,1536,-512,100,85,100,57,7,67,0,49,40,2704,detection,
2704989,11,19,1024,1536,-512,100,90,100,60,7,61,0,54,40,2704,detection,
2704993,20,19,1024,1536,-512,100,84,100,56,7,69,0,49,40,2704,detection,
2705061,15,19,1024,1536,-512,100,89,100,59,7,62,0,52,40,2705,detection,
2705558,15,19,1024,1536,-512,100,90,100,0,7,61,0,54,40,2705,detection,
2705559,12,19,1024,1536,-512,100,87,100,57,7,65,0,49,40,2705,detection,
2707055,5,12,1373,1373,0,90,0,97,45,11,96,0,49,40,2707,detection,
2707721,9,13,1024,1024,0,100,0,0,0,0,96,0,49,40,2707,detection,
2707812,15,13,1024,1024,0,100,0,0,0,0,85,0,49,40,2707,detection,
2707935,15,13,1024,1024,0,100,0,0,0,0,96,0,49,40,2707,detection,
2707936,12,13,1024,1024,0,100,0,0,0,0,66,0,49,40,2707,detection,
2707966,4,13,1024,1024,0,100,0,0,0,0,100,0,49,40,2707,detection,
2707970,9,13,1024,1024,0,100,0,0,0,0,96,0,49,40,2707,detection,
2707987,20,13,1024,1024,0,100,0,0,0,0,66,0,49,40,2707,detection,
2708017,16,13,1024,1024,0,100,0,0,0,0,76,0,49,40,2708,detection,
2708116,20,6,1280,1280,0,0,0,0,0,0,60,0,0,0,2708,detection,
2709365,11,15,1536,1536,0,0,0,0,0,0,58,0,0,0,2709,detection,
2709366,19,15,1536,1536,0,0,0,100,60,15,61,0,57,40,2709,detection,
2710593,26,21,1024,1536,-512,100,87,100,57,23,65,0,49,40,2710,detection,
2712008,6,14,1536,1536,0,0,0,0,0,0,61,0,0,0,2712,detection,
2712020,16,14,1536,1536,0,0,0,0,0,0,58,0,0,0,2712,detection,
2712037,7,14,1536,1536,0,0,0,0,0,0,57,0,0,0,2712,detection,
2712220,26,29,4972,1280,3692,0,100,100,6,0,61,0,56,40,2712,detection,
2713432,12,10,1348,1348,0,0,0,0,0,0,64,0,0,0,2713,detection,
2713460,4,10,1348,1348,0,0,0,0,0,0,60,0,0,0,2713,detection,
2713474,9,10,1348,1348,0,0,0,100,61,7,59,0,60,40,2713,detection,
2713489,14,10,1348,1348,0,0,0,100,62,16,56,0,60,40,2713,detection,
2713491,11,10,1348,1348,0,0,0,100,62,8,56,0,60,40,2713,detection,
2713518,16,10,1348,1348,0,0,0,100,55,7,71,0,48,40,2713,detection,
2714097,25,8,1024,1536,-512,100,88,100,59,15,63,0,49,40,2714,detection,
2714157,2,12,1280,1280,0,0,0,0,0,0,83,0,0,0,2714,detection,
2714178,5,12,1280,1280,0,0,0,91,0,12,91,0,48,40,2714,detection,
2715989,19,15,1280,1280,0,0,0,100,0,15,63,0,48,40,2715,detection,
2716240,11,15,1280,1280,0,0,0,0,0,0,59,0,0,0,2716,detection,
2716243,19,15,1280,1280,0,0,0,100,0,15,64,0,48,40,2716,detection,
2716875,20,6,1280,1280,0,0,0,0,0,0,61,0,0,0,2716,detection,
2717062,12,4,1280,1280,0,0,0,0,0,0,68,0,0,0,2717,detection,
2717139,6,4,1280,1280,0,0,0,0,0,0,68,0,0,0,2717,detection,
2717262,6,20,1536,1536,0,0,0,0,0,0,89,0,0,0,2717,detection,
2717556,12,4,1280,1280,0,0,0,0,0,0,69,0,0,0,2717,detection,
2717611,20,4,1280,1280,0,0,0,0,0,0,59,0,0,0,2717,detection,
2717632,6,4,1280,1280,0,0,0,0,0,0,69,0,0,0,2717,detection,
2718260,6,20,1536,1536,0,0,0,0,0,0,92,0,0,0,2718,detection,
2719082,1,3,1536,2048,-512,100,100,100,0,18,43,0,66,55,2719,detection,
2719105,8,3,1536,2048,-512,100,97,100,0,8,53,0,56,40,2719,detection,
2719339,26,21,1860,1860,0,0,0,100,59,23,63,0,48,40,2719,detection,
2719407,2,12,1356,1356,0,0,0,0,0,0,80,0,0,0,2719,detection,
2719425,5,12,1356,1356,0,0,0,88,0,13,81,0,48,40,2719,detection,
2720135,6,14,1536,2048,-512,100,90,100,60,7,60,0,56,40,2720,detection,
2720144,16,14,1536,2048,-512,100,96,100,64,8,54,0,56,40,2720,detection,
2720161,7,14,1536,2048,-512,100,93,100,62,8,57,0,56,40,2720,detection,
2720560,15,19,1348,1860,-512,100,90,100,0,7,61,0,54,40,2720,detection,
2720865,20,19,1348,1860,-512,100,82,100,0,7,71,0,49,40,2720,detection,
2720891,11,19,1348,1860,-512,100,90,100,0,7,60,0,56,40,2720,detection,
2720935,12,19,1348,1860,-512,100,87,100,0,7,64,0,49,40,2720,detection,
2720935,15,19,1348,1860,-512,100,94,100,0,8,56,0,56,40,2720,detection,
2721617,14,11,1280,1792,-512,100,91,100,61,7,59,0,56,40,2721,detection,
2721813,15,30,5313,1860,3453,0,100,100,100,0,70,0,48,40,2721,detection,
2721821,21,30,5313,1860,3453,0,100,100,100,0,59,0,58,40,2721,detection,
2722886,6,4,1280,1280,0,0,0,0,0,0,69,0,0,0,2722,detection,
2723057,12,4,1280,1280,0,0,0,0,0,0,70,0,0,0,2723,detection,
2723110,20,4,1280,1280,0,0,0,0,0,0,56,0,0,0,2723,detection,
2725896,16,14,1536,2048,-512,100,97,100,0,8,53,0,56,40,2725,detection,
2726680,5,12,1280,1792,-512,100,77,100,51,20,79,0,49,40,2726,detection,
2726786,2,12,1280,1792,-512,100,82,100,55,7,71,0,49,40,2726,detection,
2727236,14,11,1348,1860,-512,100,95,100,0,8,55,0,56,40,2727,detection,
2728912,7,8,1024,1536,-512,100,92,100,0,0,58,0,56,40,2728,detection,
2728916,17,8,1024,1536,-512,100,94,100,0,16,56,0,56,40,2728,detection,
2728973,25,8,1024,1536,-512,100,89,100,0,15,62,0,52,40,2728,detection,
2730808,15,30,5333,1792,3541,0,100,100,9,0,72,0,48,40,2730,detection,
2730817,21,30,5333,1792,3541,0,100,100,10,0,63,0,48,40,2730,detection,
2730829,13,30,5333,1792,3541,0,100,100,17,0,65,0,48,40,2730,detection,
2730847,9,30,5333,1792,3541,0,100,100,81,0,67,0,48,40,2730,detection,
2731748,19,12,1280,1792,-512,100,83,100,55,7,70,0,49,40,2731,detection,
2733062,15,11,1466,1466,0,0,0,0,0,0,58,0,0,0,2733,detection,
2733110,14,11,1466,1466,0,0,0,100,61,16,58,0,60,40,2733,detection,
2734647,16,27,1280,1280,0,0,0,0,0,0,57,0,0,0,2734,detection,
2734724,10,27,1280,1280,0,0,0,0,0,0,59,0,0,0,2734,detection,
2735767,27,10,2048,2048,0,0,0,0,60,0,61,0,0,0,2735,detection,
2735802,5,10,2048,2048,0,0,0,0,60,0,61,0,0,0,2735,detection,
2735861,11,10,2048,2048,0,0,0,100,0,7,61,0,57,40,2735,detection,
2735862,14,10,2048,2048,0,0,0,100,0,7,60,0,60,40,2735,detection,
2737476,25,4,1280,1280,0,0,0,0,0,0,72,0,0,0,2737,detection,
2737514,6,4,1280,1280,0,0,0,0,0,0,69,0,0,0,2737,detection,
2737536,7,4,1280,1280,0,0,0,0,0,0,65,0,0,0,2737,detection,
2737810,12,22,1536,1536,0,0,0,0,0,0,73,0,0,0,2737,detection,
2738892,11,15,1536,1536,0,0,0,0,0,0,60,0,0,0,2738,detection,
2739302,5,19,1792,1792,0,0,0,0,0,0,59,0,0,0,2739,detection,
2739310,15,19,1792,1792,0,0,0,0,60,0,60,0,0,0,2739,detection,
2739311,12,19,1792,1792,0,0,0,0,59,0,63,0,0,0,2739,detection,
2739329,18,19,1792,1792,0,0,0,100,58,15,64,0,48,40,2739,detection,
2739367,11,19,1792,1792,0,0,0,100,60,15,60,0,60,40,2739,detection,
2739559,15,30,5373,1792,3581,0,100,100,4,0,70,0,48,40,2739,detection,
2739570,21,30,5373,1792,3581,0,100,100,4,0,66,0,48,40,2739,detection,
2739579,13,30,5373,1792,3581,0,100,100,4,0,64,0,48,40,2739,detection,
2739600,9,30,5373,1792,3581,0,100,100,4,0,67,0,48,40,2739,detection,
2739772,27,21,1978,1978,0,0,0,100,65,16,52,0,60,40,2739,detection,
2740928,5,10,2048,2048,0,0,0,0,0,0,62,0,0,0,2740,detection,
2741056,22,12,1792,1792,0,0,0,100,56,14,68,0,48,40,2741,detection,
2741427,1,3,1536,2048,-512,100,100,100,0,18,42,0,67,55,2741,detection,
2741480,8,3,1536,2048,-512,100,97,100,0,8,53,0,56,40,2741,detection,
2741616,14,11,1688,1688,0,0,0,100,0,15,59,0,60,40,2741,detection,
2741710,15,11,1688,1688,0,0,0,0,0,0,59,0,0,0,2741,detection,
2746012,6,4,1280,1280,0,0,0,0,0,0,65,0,0,0,2746,detection,
2746116,11,15,1536,1536,0,0,0,0,0,0,61,0,0,0,2746,detection,
2746128,19,15,1536,1536,0,0,0,100,0,15,64,0,48,40,2746,detection,
2746177,5,15,1536,1536,0,0,0,0,0,0,60,0,0,0,2746,detection,
2746803,22,12,1536,1536,0,0,0,100,0,14,70,0,48,40,2746,detection,
2747647,27,21,2130,2130,0,0,0,100,0,16,52,0,60,40,2747,detection,
2749530,24,9,1487,1487,0,0,0,100,62,16,57,0,60,40,2749,detection,
2749582,13,9,1487,1487,0,0,0,100,60,15,60,0,60,40,2749,detection,
2749945,21,27,1280,1280,0,0,0,0,0,0,62,0,0,0,2749,detection,
2750018,16,27,1280,1280,0,0,0,0,0,0,57,0,0,0,2750,detection,
2750114,14,5,1024,1536,-512,100,82,100,0,7,71,0,49,40,2750,detection,
2750118,11,5,1024,1536,-512,100,90,100,0,23,61,0,54,40,2750,detection,
2750239,14,10,2048,2048,0,0,0,0,0,0,59,0,0,0,2750,detection,
2750241,11,10,2048,2048,0,0,0,100,0,7,60,0,60,40,2750,detection,
2750269,27,10,2048,2048,0,0,0,0,0,0,60,0,0,0,2750,detection,
2750300,5,10,2048,2048,0,0,0,0,0,0,62,0,0,0,2750,detection,
2750790,17,8,1024,1536,-512,100,98,100,0,16,52,0,56,40,2750,detection,
2750854,25,8,1024,1536,-512,100,90,100,0,15,60,0,56,40,2750,detection,
2753551,5,14,1280,1280,0,0,0,0,0,0,64,0,0,0,2753,detection,
2755490,14,11,1572,1572,0,0,0,100,0,16,58,0,60,40,2755,detection,
2760427,5,14,1280,1280,0,0,0,0,0,0,65,0,0,0,2760,detection,
2773271,1,4,1280,1280,0,0,0,0,0,0,49,0,0,0,2773,detection,
2774486,14,10,1280,1280,0,0,0,0,0,0,61,0,0,0,2774,detection,
2774489,11,10,1280,1280,0,0,0,100,0,7,61,0,57,40,2774,detection,
2774531,24,10,1280,1280,0,0,0,100,0,7,59,0,60,40,2774,detection,
2774829,13,30,5473,1280,4193,0,100,100,70,0,63,0,48,40,2774,detection,
2774830,18,30,5473,1280,4193,0,100,100,47,0,70,0,48,40,2774,detection,
2774850,9,30,5473,1280,4193,0,100,100,67,0,69,0,48,40,2774,detection,
2774851,10,30,5473,1280,4193,0,100,100,100,0,69,0,48,40,2774,detection,
2775656,24,20,1305,1305,0,0,0,0,0,0,74,0,0,0,2775,detection,
2778416,17,27,1592,1592,0,0,0,0,0,0,59,0,0,0,2778,detection,
2780561,15,22,1536,1536,0,0,0,0,0,0,70,0,0,0,2780,detection,
2783111,8,29,4992,1280,3712,0,100,100,29,0,65,0,48,40,2783,detection,
2783218,4,29,4992,1280,3712,0,100,100,8,0,59,0,58,40,2783,detection,
2783434,12,19,1792,1792,0,0,0,0,0,0,62,0,0,0,2783,detection,
2786557,15,22,1280,1280,0,0,0,0,0,0,72,0,0,0,2786,detection,
2787183,3,6,1299,1299,0,0,0,0,0,0,59,0,0,0,2787,detection,
2790104,10,13,1024,1024,0,100,0,0,0,0,78,0,49,40,2790,detection,
2790117,20,13,1024,1024,0,100,0,0,0,0,73,0,49,40,2790,detection,
2790186,12,13,1024,1024,0,100,0,0,0,0,74,0,49,40,2790,detection,
2790857,8,3,1536,2048,-512,100,98,100,0,8,52,0,56,40,2790,detection,
2790901,16,3,1536,2048,-512,100,92,100,0,0,58,0,56,40,2790,detection,
2790909,7,3,1536,2048,-512,100,90,100,0,0,61,0,54,40,2790,detection,
2792203,18,9,1536,1536,0,0,0,0,0,0,62,0,0,0,2792,detection,
2792226,25,9,1536,1536,0,0,0,100,59,15,62,0,54,40,2792,detection,
2793746,19,12,1555,1555,0,0,0,100,55,14,71,0,48,40,2793,detection,
2793786,2,12,1555,1555,0,0,0,100,53,13,75,0,48,40,2793,detection,
2793845,26,12,1555,1555,0,0,0,100,0,15,62,0,54,40,2793,detection,
2795691,21,26,1024,1024,0,100,0,0,0,0,73,0,49,40,2795,detection,
2799138,1,9,2141,2141,0,0,0,100,72,18,42,0,71,55,2799,detection,
2799221,25,9,2141,2141,0,0,0,100,0,15,61,0,57,40,2799,detection,
2802683,3,6,1527,1527,0,0,0,0,0,0,59,0,0,0,2802,detection,
2802738,20,6,1527,1527,0,0,0,0,0,0,60,0,0,0,2802,detection,
2804220,1,9,2200,2200,0,0,0,100,0,18,42,0,71,55,2804,detection,
2804341,4,9,2200,2200,0,0,0,100,61,15,59,0,60,40,2804,detection,
2804346,25,9,2200,2200,0,0,0,100,0,15,60,0,60,40,2804,detection,
2811328,18,30,5493,1280,4213,0,100,100,2,0,71,0,48,40,2811,detection,
2811354,10,30,5493,1280,4213,0,100,100,2,0,71,0,48,40,2811,detection,
2813928,22,16,1792,1792,0,0,0,0,0,0,100,0,0,0,2813,detection,
2813967,4,16,1792,1792,0,0,0,0,0,0,84,0,0,0,2813,detection,
2813971,9,16,1792,1792,0,0,0,0,0,0,66,0,0,0,2813,detection,
2814018,27,16,1792,1792,0,0,0,0,0,0,66,0,0,0,2814,detection,
2817144,27,25,1024,1536,-512,100,98,100,0,0,52,0,56,40,2817,detection,
2819644,27,16,1536,1536,0,0,0,0,0,0,61,0,0,0,2819,detection,
2819674,22,16,1536,1536,0,0,0,0,0,0,96,0,0,0,2819,detection,
2819713,4,16,1536,1536,0,0,0,0,0,0,78,0,0,0,2819,detection,
2819717,9,16,1536,1536,0,0,0,0,0,0,65,0,0,0,2819,detection,
2820640,1,9,1536,1536,0,0,0,100,0,10,41,0,72,55,2820,detection,
2820679,22,9,1536,1536,0,0,0,100,57,15,65,0,48,40,2820,detection,
2820723,25,9,1536,1536,0,0,0,100,0,15,59,0,60,40,2820,detection,
2820724,4,9,1536,1536,0,0,0,100,0,16,58,0,60,40,2820,detection,
2820735,8,9,1536,1536,0,0,0,100,60,7,61,0,57,40,2820,detection,
2821162,2,18,1305,1305,0,90,0,0,0,0,70,0,49,40,2821,detection,
2822110,20,6,1850,1850,0,0,0,0,0,0,62,0,0,0,2822,detection,
2824685,15,22,1280,1280,0,0,0,0,0,0,74,0,0,0,2824,detection,
2824707,13,22,1280,1280,0,0,0,0,0,0,67,0,0,0,2824,detection,
2824745,19,22,1280,1280,0,0,0,0,0,0,79,0,0,0,2824,detection,
2825283,2,12,1817,1817,0,0,0,100,0,14,73,0,48,40,2825,detection,
2825648,1,9,1280,1280,0,0,0,100,0,9,43,0,70,55,2825,detection,
2825674,22,9,1280,1280,0,0,0,100,0,15,62,0,54,40,2825,detection,
2825713,4,9,1280,1280,0,0,0,100,0,15,59,0,60,40,2825,detection,
2825722,25,9,1280,1280,0,0,0,100,0,15,61,0,57,40,2825,detection,
2828872,19,16,1792,1792,0,0,0,0,0,0,100,0,0,0,2828,detection,
2828922,22,16,1792,1792,0,0,0,0,0,0,93,0,0,0,2828,detection,
2828944,21,16,1792,1792,0,0,0,0,0,0,100,0,0,0,2828,detection,
2828970,9,16,1792,1792,0,0,0,0,0,0,61,0,0,0,2828,detection,
2829192,21,16,1792,1792,0,0,0,0,0,0,100,0,0,0,2829,detection,
2829242,19,16,1792,1792,0,0,0,0,0,0,100,0,0,0,2829,detection,
2830322,1,4,1280,1280,0,0,0,0,0,0,49,0,0,0,2830,detection,
2830365,20,4,1280,1280,0,0,0,0,0,0,57,0,0,0,2830,detection,
2830531,1,4,1280,1280,0,0,0,0,0,0,49,0,0,0,2830,detection,
2830614,20,4,1280,1280,0,0,0,0,0,0,58,0,0,0,2830,detection,
2833368,11,12,2044,2044,0,0,0,100,0,15,63,0,48,40,2833,detection,
2833407,2,12,2044,2044,0,0,0,100,0,14,70,0,48,40,2833,detection,
2833433,5,12,2044,2044,0,0,0,100,53,26,75,0,48,40,2833,detection,
2834117,19,15,1280,1280,0,0,0,90,0,15,65,0,48,40,2834,detection,
2834866,19,16,1536,1536,0,0,0,0,0,0,100,0,0,0,2834,detection,
2834942,21,16,1536,1536,0,0,0,0,0,0,97,0,0,0,2834,detection,
2835190,21,16,1536,1536,0,0,0,0,0,0,92,0,0,0,2835,detection,
2835240,19,16,1536,1536,0,0,0,0,0,0,100,0,0,0,2835,detection,
2837929,22,27,1280,1280,0,0,0,0,0,0,61,0,0,0,2837,detection,
2843676,1,4,1280,1792,-512,100,100,100,68,9,48,0,59,40,2843,detection,
2843740,20,4,1280,1792,-512,100,90,100,60,7,61,0,54,40,2843,detection,
2843861,1,4,1280,1792,-512,100,100,100,0,9,46,0,62,40,2843,detection,
2843988,20,4,1280,1792,-512,100,90,100,0,7,60,0,56,40,2843,detection,
2844203,13,2,1024,1536,-512,100,71,100,0,6,91,0,49,40,2844,detection,
2845624,1,9,1510,1510,0,0,0,100,0,9,42,0,71,55,2845,detection,
2845672,22,9,1510,1510,0,0,0,100,0,15,61,0,57,40,2845,detection,
2846350,23,12,2044,2044,0,0,0,0,0,0,71,0,0,0,2846,detection,
2846364,11,12,2044,2044,0,0,0,100,0,15,62,0,54,40,2846,detection,
2846368,19,12,2044,2044,0,0,0,100,0,14,68,0,48,40,2846,detection,
2846406,2,12,2044,2044,0,0,0,94,0,14,67,0,48,40,2846,detection,
2850724,1,4,1280,1792,-512,100,100,100,0,9,45,0,62,40,2850,detection,
2850737,20,4,1280,1792,-512,100,91,100,0,7,59,0,56,40,2850,detection,
2852014,6,31,4360,1536,2824,0,100,100,100,0,55,0,58,40,2852,detection,
2852333,13,16,1766,1766,0,0,0,0,0,0,74,0,0,0,2852,detection,
2852342,9,16,1766,1766,0,0,0,0,0,0,63,0,0,0,2852,detection,
2852368,19,16,1766,1766,0,0,0,0,0,0,100,0,0,0,2852,detection,
2852410,2,16,1766,1766,0,0,0,0,0,0,87,0,0,0,2852,detection,
2852422,22,16,1766,1766,0,0,0,0,0,0,90,0,0,0,2852,detection,
2859182,3,6,1793,1793,0,0,0,0,0,0,59,0,0,0,2859,detection,
2859485,20,6,1793,1793,0,0,0,0,0,0,58,0,0,0,2859,detection,
2861107,8,29,5012,1280,3732,0,100,100,2,0,65,0,48,40,2861,detection,
2867341,4,10,1358,1358,0,0,0,0,0,0,64,0,0,0,2867,detection,
2867367,11,10,1358,1358,0,0,0,98,0,8,58,0,60,40,2867,detection,
2867392,27,10,1358,1358,0,0,0,0,0,0,61,0,0,0,2867,detection,
2867413,17,10,1358,1358,0,0,0,0,0,0,64,0,0,0,2867,detection,
2867435,12,10,1358,1358,0,0,0,0,0,0,61,0,0,0,2867,detection,
2867783,1,4,1280,1792,-512,100,100,100,0,10,39,0,71,55,2867,detection,
2867857,10,4,1280,1792,-512,100,89,100,59,7,62,0,52,40,2867,detection,
2867873,20,4,1280,1792,-512,100,91,100,0,7,59,0,56,40,2867,detection,
2868428,5,10,1358,1358,0,0,0,0,0,0,62,0,0,0,2868,detection,
2868432,12,10,1358,1358,0,0,0,0,0,0,60,0,0,0,2868,detection,
2868463,4,10,1358,1358,0,0,0,0,0,0,63,0,0,0,2868,detection,
2868472,23,10,1358,1358,0,0,0,100,0,7,63,0,48,40,2868,detection,
2868482,9,10,1358,1358,0,0,0,100,0,7,59,0,60,40,2868,detection,
2868487,11,10,1358,1358,0,0,0,88,0,8,58,0,60,40,2868,detection,
2868513,27,10,1358,1358,0,0,0,0,0,0,62,0,0,0,2868,detection,
2868533,16,10,1358,1358,0,0,0,100,0,7,70,0,48,40,2868,detection,
2869105,10,4,1280,1792,-512,100,90,100,0,7,61,0,54,40,2869,detection,
2869136,6,4,1280,1792,-512,100,85,100,57,7,67,0,49,40,2869,detection,
2869189,12,4,1280,1792,-512,100,84,100,56,7,68,0,49,40,2869,detection,
2869900,16,14,1305,1305,0,0,0,100,61,15,59,0,60,40,2869,detection,
2870600,10,27,1280,1280,0,0,0,0,0,0,59,0,0,0,2870,detection,
2870647,16,27,1280,1280,0,0,0,0,0,0,61,0,0,0,2870,detection,
2871095,23,12,1870,1870,0,0,0,0,0,0,68,0,0,0,2871,detection,
2871113,11,12,1870,1870,0,0,0,100,0,15,61,0,57,40,2871,detection,
2871117,19,12,1870,1870,0,0,0,100,0,15,66,0,48,40,2871,detection,
2871363,11,12,1870,1870,0,0,0,94,0,15,60,0,60,40,2871,detection,
2872138,6,23,1280,1792,-512,100,80,100,53,6,75,0,49,40,2872,detection,
2872158,1,20,1344,1344,0,0,0,0,0,0,59,0,0,0,2872,detection,
2872159,24,23,1280,1792,-512,100,84,100,56,21,69,0,49,40,2872,detection,
2872185,12,23,1280,1792,-512,100,80,100,53,6,75,0,49,40,2872,detection,
2872249,19,23,1280,1792,-512,100,87,100,57,7,65,0,49,40,2872,detection,
2872683,3,6,1280,1280,0,100,0,0,0,0,66,0,49,40,2872,detection,
2873305,1,9,1358,1358,0,100,0,100,0,9,49,0,57,40,2873,detection,
2873344,4,9,1358,1358,0,100,0,100,0,14,67,0,49,40,2873,detection,
2873349,25,9,1358,1358,0,100,0,100,0,7,68,0,49,40,2873,detection,
2873365,20,9,1358,1358,0,100,0,0,0,0,65,0,49,40,2873,detection,
2875021,27,16,1614,1614,0,0,0,0,0,0,66,0,0,0,2875,detection,
2875033,2,16,1614,1614,0,0,0,0,0,0,83,0,0,0,2875,detection,
2875053,22,16,1614,1614,0,0,0,0,0,0,87,0,0,0,2875,detection,
2875059,12,16,1614,1614,0,0,0,0,0,0,100,0,0,0,2875,detection,
2875093,9,16,1614,1614,0,0,0,0,0,0,65,0,0,0,2875,detection,
2875490,11,16,1614,1614,0,0,0,0,0,0,96,0,0,0,2875,detection,
2875516,27,16,1614,1614,0,0,0,0,0,0,68,0,0,0,2875,detection,
2875539,17,16,1614,1614,0,0,0,0,0,0,96,0,0,0,2875,detection,
2875557,12,16,1614,1614,0,0,0,0,0,0,100,0,0,0,2875,detection,
2875574,18,16,1614,1614,0,0,0,0,0,0,100,0,0,0,2875,detection,
2875589,4,16,1614,1614,0,0,0,0,0,0,77,0,0,0,2875,detection,
2877449,21,30,5533,1280,4253,0,100,100,74,0,68,0,48,40,2877,detection,
2878113,11,12,1870,1870,0,0,0,89,0,16,55,0,60,40,2878,detection,
2878181,22,12,1870,1870,0,0,0,0,0,0,67,0,0,0,2878,detection,
2878220,26,12,1870,1870,0,0,0,100,0,15,64,0,48,40,2878,detection,
2878223,23,12,1870,1870,0,0,0,0,0,0,66,0,0,0,2878,detection,
2878351,10,23,1280,1792,-512,100,82,100,54,21,72,0,49,40,2878,detection,
2878367,19,23,1280,1792,-512,100,87,100,0,7,64,0,49,40,2878,detection,
2878402,24,23,1280,1792,-512,100,88,100,0,23,63,0,49,40,2878,detection,
2878431,12,23,1280,1792,-512,100,81,100,0,7,73,0,49,40,2878,detection,
2878556,12,23,1280,1792,-512,100,82,100,0,7,71,0,49,40,2878,detection,
2878592,4,23,1280,1792,-512,100,84,100,0,7,68,0,49,40,2878,detection,
2878602,10,23,1280,1792,-512,100,84,100,0,21,69,0,49,40,2878,detection,
2878617,11,23,1280,1792,-512,100,90,100,60,7,60,0,56,40,2878,detection,
2878637,6,23,1280,1792,-512,100,82,100,0,7,72,0,49,40,2878,detection,
2878657,24,23,1280,1792,-512,100,90,100,0,23,61,0,54,40,2878,detection,
2880117,11,22,1280,1280,0,0,0,100,57,15,65,0,48,40,2880,detection,
2880180,15,22,1280,1280,0,0,0,0,0,0,72,0,0,0,2880,detection,
2880181,5,22,1280,1280,0,0,0,100,50,13,81,0,48,40,2880,detection,
2880184,12,22,1280,1280,0,0,0,0,0,0,75,0,0,0,2880,detection,
2880432,12,22,1280,1280,0,0,0,0,0,0,73,0,0,0,2880,detection,
2880932,3,6,1280,1280,0,100,0,0,0,0,70,0,49,40,2880,detection,
2881183,3,6,1280,1280,0,100,0,0,0,0,79,0,49,40,2881,detection,
2881282,24,6,1280,1280,0,100,0,100,58,15,64,0,49,40,2881,detection,
2882437,15,11,1280,1280,0,100,0,0,0,0,66,0,49,40,2882,detection,
2884743,11,15,1280,1280,0,0,0,0,0,0,62,0,0,0,2884,detection,
2884800,5,15,1280,1280,0,0,0,0,0,0,62,0,0,0,2884,detection,
2886137,6,31,4400,1792,2608,0,100,100,26,0,58,0,58,40,2886,detection,
2888681,15,11,1280,1280,0,100,0,0,0,0,70,0,49,40,2888,detection,
2889033,24,4,1280,1792,-512,100,80,100,53,6,75,0,49,40,2889,detection,
2889058,3,4,1280,1792,-512,100,82,100,54,7,72,0,49,40,2889,detection,
2889063,12,4,1280,1792,-512,100,89,100,0,7,62,0,52,40,2889,detection,
2889290,24,4,1280,1792,-512,100,83,100,0,7,70,0,49,40,2889,detection,
2889308,3,4,1280,1792,-512,100,84,100,0,7,68,0,49,40,2889,detection,
2889310,12,4,1280,1792,-512,100,90,100,0,7,60,0,56,40,2889,detection,
2889355,8,4,1280,1792,-512,100,75,100,50,6,82,0,49,40,2889,detection,
2889388,6,4,1280,1792,-512,100,87,100,0,7,65,0,49,40,2889,detection,
2889558,3,4,1280,1792,-512,100,89,100,0,7,62,0,52,40,2889,detection,
2889560,12,4,1280,1792,-512,100,91,100,0,7,59,0,56,40,2889,detection,
2889604,8,4,1280,1792,-512,100,78,100,0,6,77,0,49,40,2889,detection,
2889655,24,4,1280,1792,-512,100,85,100,0,7,67,0,49,40,2889,detection,
2889781,24,4,1280,1792,-512,100,87,100,0,7,65,0,49,40,2889,detection,
2889807,3,4,1280,1792,-512,100,90,100,0,7,61,0,54,40,2889,detection,
2889809,12,4,1280,1792,-512,100,93,100,0,8,57,0,56,40,2889,detection,
2889853,8,4,1280,1792,-512,100,81,100,0,7,73,0,49,40,2889,detection,
2890154,24,4,1280,1792,-512,100,89,100,0,7,62,0,52,40,2890,detection,
2890184,3,4,1280,1792,-512,100,91,100,0,7,59,0,56,40,2890,detection,
2890230,8,4,1280,1792,-512,100,83,100,0,7,70,0,49,40,2890,detection,
2890289,24,4,1280,1792,-512,100,90,100,0,7,61,0,54,40,2890,detection,
2890309,3,4,1280,1792,-512,100,92,100,0,8,58,0,56,40,2890,detection,
2892179,22,12,1792,1792,0,0,0,0,0,0,65,0,0,0,2892,detection,
2893033,24,23,1280,1792,-512,100,87,100,0,23,64,0,49,40,2893,detection,
2893080,13,23,1280,1792,-512,100,69,100,46,17,93,0,49,40,2893,detection,
2893102,10,23,1280,1792,-512,100,85,100,0,21,67,0,49,40,2893,detection,
2893403,24,23,1280,1792,-512,100,89,100,0,15,62,0,52,40,2893,detection,
2893456,13,23,1280,1792,-512,100,74,100,0,18,85,0,49,40,2893,detection,
2897812,12,16,1536,1536,0,0,0,0,0,0,100,0,0,0,2897,detection,
2899845,26,29,5032,1536,3496,0,100,100,22,0,62,0,54,40,2899,detection,
2902953,18,19,1766,1766,0,0,0,100,0,15,64,0,48,40,2902,detection,
2903203,18,19,1766,1766,0,0,0,100,0,15,64,0,48,40,2903,detection,
2903221,23,19,1766,1766,0,0,0,100,59,15,62,0,54,40,2903,detection,
2903303,22,19,1766,1766,0,0,0,0,0,0,62,0,0,0,2903,detection,
2903470,23,19,1766,1766,0,0,0,100,0,15,61,0,57,40,2903,detection,
2903551,22,19,1766,1766,0,0,0,0,0,0,61,0,0,0,2903,detection,
2903579,18,19,1766,1766,0,0,0,100,0,15,63,0,48,40,2903,detection,
2903701,18,19,1766,1766,0,0,0,95,0,15,59,0,60,40,2903,detection,
2903720,23,19,1766,1766,0,0,0,100,0,15,60,0,60,40,2903,detection,
2903950,18,19,1766,1766,0,0,0,86,0,16,58,0,60,40,2903,detection,
2903968,23,19,1766,1766,0,0,0,100,0,15,59,0,60,40,2903,detection,
2904048,22,19,1766,1766,0,0,0,0,0,0,60,0,0,0,2904,detection,
2904187,22,19,1766,1766,0,0,0,0,0,0,56,0,0,0,2904,detection,
2904200,18,19,1766,1766,0,0,0,76,0,8,57,0,60,40,2904,detection,
2904232,23,19,1766,1766,0,0,0,96,0,16,58,0,60,40,2904,detection,
2904426,22,19,1766,1766,0,0,0,0,0,0,55,0,0,0,2904,detection,
2904449,18,19,1766,1766,0,0,0,70,0,0,57,0,61,40,2904,detection,
2904472,23,19,1766,1766,0,0,0,87,0,16,57,0,60,40,2904,detection,
2904700,18,19,1766,1766,0,0,0,70,0,0,56,0,61,40,2904,detection,
2904952,18,19,1766,1766,0,0,0,70,0,0,56,0,61,40,2904,detection,
2904970,23,19,1766,1766,0,0,0,78,0,8,56,0,60,40,2904,detection,
2905056,15,11,1280,1280,0,100,0,0,0,0,79,0,49,40,2905,detection,
2906098,25,18,1561,1561,0,0,0,0,0,0,62,0,0,0,2906,detection,
2906120,19,18,1561,1561,0,0,0,0,0,0,70,0,0,0,2906,detection,
2906725,9,3,1536,1536,0,0,0,100,60,15,61,0,57,40,2906,detection,
2906733,8,3,1536,1536,0,0,0,100,62,16,56,0,60,40,2906,detection,
2906764,6,3,1536,1536,0,0,0,100,66,8,51,0,60,40,2906,detection,
2906772,16,3,1536,1536,0,0,0,0,62,0,57,0,72,55,2906,detection,
2906829,13,3,1536,1536,0,0,0,100,57,15,65,0,48,40,2906,detection,
2907092,26,29,5052,1536,3516,0,100,100,2,0,61,0,56,40,2907,detection,
2909931,22,13,1305,1305,0,90,0,0,0,0,73,0,49,40,2909,detection,
2909939,3,13,1305,1305,0,90,0,0,0,0,100,0,49,40,2909,detection,
2909956,18,13,1305,1305,0,90,0,0,0,0,100,0,49,40,2909,detection,
2909966,4,13,1305,1305,0,90,0,0,0,0,100,0,49,40,2909,detection,
2909974,23,13,1305,1305,0,90,0,0,0,0,72,0,49,40,2909,detection,
2909975,25,13,1305,1305,0,90,0,0,0,0,74,0,49,40,2909,detection,
2909982,8,13,1305,1305,0,90,0,0,0,0,100,0,49,40,2909,detection,
2909990,14,13,1305,1305,0,90,0,0,0,0,97,0,49,40,2909,detection,
2910016,27,13,1305,1305,0,90,0,0,0,0,77,0,49,40,2910,detection,
2910200,18,13,1305,1305,0,90,0,0,0,0,100,0,49,40,2910,detection,
2910222,25,13,1305,1305,0,90,0,0,0,0,83,0,49,40,2910,detection,
2910231,23,13,1305,1305,0,90,0,0,0,0,79,0,49,40,2910,detection,
2910720,25,13,1305,1305,0,90,0,0,0,0,92,0,49,40,2910,detection,
2910720,23,13,1305,1305,0,90,0,0,0,0,88,0,49,40,2910,detection,
2910730,8,13,1305,1305,0,90,0,0,0,0,96,0,49,40,2910,detection,
2910747,14,13,1305,1305,0,90,0,0,0,0,100,0,49,40,2910,detection,
2910766,27,13,1305,1305,0,90,0,0,0,0,86,0,49,40,2910,detection,
2910824,18,13,1305,1305,0,90,0,0,0,0,100,0,49,40,2910,detection,
2910838,4,13,1305,1305,0,90,0,0,0,0,100,0,49,40,2910,detection,
2911264,27,13,1305,1305,0,90,0,0,0,0,96,0,49,40,2911,detection,
2911300,22,13,1305,1305,0,90,0,0,0,0,81,0,49,40,2911,detection,
2911340,4,13,1305,1305,0,90,0,0,0,0,100,0,49,40,2911,detection,
2911345,25,13,1305,1305,0,90,0,0,0,0,100,0,49,40,2911,detection,
2911345,23,13,1305,1305,0,90,0,0,0,0,97,0,49,40,2911,detection,
2911358,14,13,1305,1305,0,90,0,0,0,0,100,0,49,40,2911,detection,
2912908,24,2,1280,1792,-512,100,86,100,57,7,66,0,49,40,2912,detection,
2914469,25,18,1791,1791,0,0,0,0,0,0,61,0,0,0,2914,detection,
2914492,19,18,1791,1791,0,0,0,0,0,0,67,0,0,0,2914,detection,
2915580,13,3,1817,1817,0,0,0,0,0,0,64,0,0,0,2915,detection,
2915594,9,3,1817,1817,0,0,0,100,0,15,61,0,57,40,2915,detection,
2915603,8,3,1817,1817,0,0,0,100,0,16,56,0,60,40,2915,detection,
2915633,6,3,1817,1817,0,0,0,100,0,8,55,0,60,40,2915,detection,
2916425,22,13,1305,1305,0,90,0,0,0,0,91,0,49,40,2916,detection,
2916434,3,13,1305,1305,0,90,0,0,0,0,96,0,49,40,2916,detection,
2916451,18,13,1305,1305,0,90,0,0,0,0,100,0,49,40,2916,detection,
2916464,4,13,1305,1305,0,90,0,0,0,0,100,0,49,40,2916,detection,
2916468,23,13,1305,1305,0,90,0,0,0,0,96,0,49,40,2916,detection,
2916472,25,13,1305,1305,0,90,0,0,0,0,100,0,49,40,2916,detection,
2916484,9,13,1305,1305,0,90,0,0,0,0,96,0,49,40,2916,detection,
2916489,14,13,1305,1305,0,90,0,0,0,0,100,0,49,40,2916,detection,
2916515,27,13,1305,1305,0,90,0,0,0,0,100,0,49,40,2916,detection,
2916524,16,13,1305,1305,0,90,0,0,0,0,85,0,49,40,2916,detection,
2917478,8,4,1792,1792,0,0,0,100,58,15,64,0,48,40,2917,detection,
2919653,24,2,1280,1792,-512,100,87,100,0,7,64,0,49,40,2919,detection,
2920092,26,29,5072,1536,3536,0,100,100,2,0,59,0,58,40,2920,detection,
2920108,8,29,5072,1536,3536,0,100,100,21,0,67,0,48,40,2920,detection,
2920633,6,3,2073,2073,0,0,0,100,0,8,56,0,60,40,2920,detection,
2922885,6,31,4480,1280,3200,0,100,100,70,0,59,0,58,40,2922,detection,
2924520,27,18,1791,1791,0,0,0,0,0,0,73,0,0,0,2924,detection,
2924563,3,18,1791,1791,0,0,0,0,0,0,67,0,0,0,2924,detection,
2924572,21,18,1791,1791,0,0,0,0,0,0,67,0,0,0,2924,detection,
2924596,25,18,1791,1791,0,0,0,0,0,0,59,0,0,0,2924,detection,
2924615,19,18,1791,1791,0,0,0,0,0,0,64,0,0,0,2924,detection,
2924720,25,18,1791,1791,0,0,0,0,0,0,58,0,0,0,2924,detection,
2924786,2,18,1791,1791,0,0,0,0,0,0,68,0,0,0,2924,detection,
2932362,14,13,1305,1305,0,90,0,0,0,0,100,0,49,40,2932,detection,
2932392,16,13,1305,1305,0,90,0,0,0,0,92,0,49,40,2932,detection,
2932422,22,13,1305,1305,0,90,0,0,0,0,100,0,49,40,2932,detection,
2932465,4,13,1305,1305,0,90,0,0,0,0,96,0,49,40,2932,detection,
2932469,9,13,1305,1305,0,90,0,0,0,0,96,0,49,40,2932,detection,
2932473,23,13,1305,1305,0,90,0,0,0,0,96,0,49,40,2932,detection,
2933643,27,25,1792,1792,0,0,0,100,63,8,55,0,60,40,2933,detection,
2933778,24,2,1280,1792,-512,100,88,100,0,7,63,0,49,40,2933,detection,
2936010,6,3,2252,2252,0,0,0,100,0,8,58,0,60,40,2936,detection,
2936090,9,3,2252,2252,0,0,0,100,0,7,61,0,57,40,2936,detection,
2936104,8,3,2252,2252,0,0,0,100,0,15,59,0,60,40,2936,detection,
2937840,26,27,1614,1614,0,0,0,0,0,0,65,0,0,0,2937,detection,
2938022,16,14,1561,1561,0,0,0,100,0,15,60,0,60,40,2938,detection,
2940517,27,25,1870,1870,0,0,0,0,0,0,52,0,0,0,2940,detection,
2940788,17,25,1870,1870,0,0,0,100,61,15,59,0,60,40,2940,detection,
2941177,22,19,1817,1817,0,0,0,0,0,0,59,0,0,0,2941,detection,
2941203,18,19,1817,1817,0,0,0,70,0,0,59,0,61,40,2941,detection,
2941217,23,19,1817,1817,0,0,0,70,0,0,59,0,61,40,2941,detection,
2941856,8,29,5092,1536,3556,0,100,100,2,0,65,0,48,40,2941,detection,
2943467,26,27,1614,1614,0,0,0,0,0,0,61,0,0,0,2943,detection,
2943540,17,27,1614,1614,0,0,0,0,0,0,60,0,0,0,2943,detection,
2944027,24,2,1358,1358,0,100,0,100,57,14,67,0,49,40,2944,detection,
2946801,22,19,1817,1817,0,0,0,0,0,0,58,0,0,0,2946,detection,
2946828,18,19,1817,1817,0,0,0,70,0,0,58,0,61,40,2946,detection,
2946844,23,19,1817,1817,0,0,0,70,0,0,55,0,61,40,2946,detection,
2948770,27,18,1791,1791,0,0,0,0,0,0,70,0,0,0,2948,detection,
2948809,3,18,1791,1791,0,0,0,0,0,0,65,0,0,0,2948,detection,
2948809,15,18,1791,1791,0,0,0,0,0,0,61,0,0,0,2948,detection,
2948821,21,18,1791,1791,0,0,0,0,0,0,65,0,0,0,2948,detection,
2949343,26,25,1870,1870,0,0,0,100,59,15,62,0,54,40,2949,detection,
2949400,27,25,1870,1870,0,0,0,0,0,0,55,0,0,0,2949,detection,
2949591,26,25,1870,1870,0,0,0,100,0,15,61,0,57,40,2949,detection,
2949641,27,25,1870,1870,0,0,0,0,0,0,55,0,0,0,2949,detection,
2949663,17,25,1870,1870,0,0,0,100,0,16,58,0,60,40,2949,detection,
2949788,17,25,1870,1870,0,0,0,100,0,16,58,0,60,40,2949,detection,
2949965,26,25,1870,1870,0,0,0,100,0,16,56,0,60,40,2949,detection,
2950014,27,25,1870,1870,0,0,0,0,0,0,55,0,0,0,2950,detection,
2950412,17,25,1870,1870,0,0,0,100,0,16,57,0,60,40,2950,detection,
2951651,24,2,1614,1614,0,0,0,100,0,14,67,0,48,40,2951,detection,
2951828,18,2,1614,1614,0,0,0,100,60,15,61,0,57,40,2951,detection,
2955842,26,25,2126,2126,0,0,0,100,0,16,56,0,60,40,2955,detection,
2955889,27,25,2126,2126,0,0,0,0,0,0,55,0,0,0,2955,detection,
2956163,17,25,2126,2126,0,0,0,99,0,16,57,0,60,40,2956,detection,
2956213,26,25,2126,2126,0,0,0,100,0,16,56,0,60,40,2956,detection,
2956414,17,25,2126,2126,0,0,0,90,0,16,56,0,60,40,2956,detection,
2956662,17,25,2126,2126,0,0,0,84,0,8,52,0,60,40,2956,detection,
2956716,26,25,2126,2126,0,0,0,91,0,16,55,0,60,40,2956,detection,
2956913,17,25,2126,2126,0,0,0,74,0,0,52,0,60,40,2956,detection,
2957035,17,25,2126,2126,0,0,0,70,0,0,52,0,61,40,2957,detection,
2957090,26,25,2126,2126,0,0,0,81,0,8,55,0,60,40,2957,detection,
2957287,17,25,2126,2126,0,0,0,70,0,0,52,0,61,40,2957,detection,
2957515,16,14,1561,1561,0,0,0,100,0,15,61,0,57,40,2957,detection,
2957539,17,25,2126,2126,0,0,0,70,0,0,52,0,61,40,2957,detection,
2957589,26,25,2126,2126,0,0,0,72,0,0,54,0,60,40,2957,detection,
2959905,24,2,1280,1280,0,0,0,100,0,14,72,0,48,40,2959,detection,
2960297,22,2,1280,1280,0,0,0,0,0,0,51,0,0,0,2960,detection,
2960308,3,2,1280,1280,0,0,0,0,0,0,63,0,0,0,2960,detection,
2960675,22,2,1280,1280,0,0,0,0,0,0,52,0,0,0,2960,detection,
2961179,5,19,1817,1817,0,0,0,0,0,0,62,0,0,0,2961,detection,
2961426,22,2,1280,1280,0,0,0,0,0,0,53,0,0,0,2961,detection,
2961431,3,2,1280,1280,0,0,0,0,0,0,64,0,0,0,2961,detection,
2961839,4,13,1305,1305,0,90,0,0,0,0,96,0,49,40,2961,detection,
2961843,9,13,1305,1305,0,90,0,0,0,0,96,0,49,40,2961,detection,
2961847,23,13,1305,1305,0,90,0,0,0,0,96,0,49,40,2961,detection,
2961898,16,13,1305,1305,0,90,0,0,0,0,92,0,49,40,2961,detection,
2962336,13,9,1280,1280,0,100,0,100,0,14,67,0,49,40,2962,detection,
2963365,20,3,1280,1792,-512,100,88,100,59,23,63,0,49,40,2963,detection,
2963412,2,3,1280,1792,-512,100,90,100,0,0,60,0,56,40,2963,detection,
2963455,18,3,1280,1792,-512,100,89,100,0,0,62,0,52,40,2963,detection,
2963658,7,3,1280,1792,-512,100,90,100,0,0,60,0,56,40,2963,detection,
2963659,2,3,1280,1792,-512,100,90,100,0,0,60,0,56,40,2963,detection,
2965902,24,2,1299,1299,0,0,0,100,0,14,72,0,48,40,2965,detection,
2965919,1,6,1280,1280,0,100,0,0,0,0,52,0,56,40,2965,detection,
2966551,22,2,1299,1299,0,0,0,0,0,0,53,0,0,0,2966,detection,
2966800,22,2,1299,1299,0,0,0,0,0,0,53,0,0,0,2966,detection,
2967312,3,2,1299,1299,0,0,0,0,0,0,61,0,0,0,2967,detection,
2967324,18,2,1299,1299,0,0,0,100,0,15,61,0,57,40,2967,detection,
2967481,26,25,1280,1792,-512,100,92,100,61,8,58,0,56,40,2967,detection,
2967522,27,25,1280,1792,-512,100,95,100,63,8,55,0,56,40,2967,detection,
2967784,2,3,1299,1811,-512,100,91,100,0,0,59,0,56,40,2967,detection,
2967826,18,3,1299,1811,-512,100,89,100,0,0,62,0,52,40,2967,detection,
2967860,20,3,1299,1811,-512,100,89,100,0,23,62,0,52,40,2967,detection,
2968411,7,3,1299,1811,-512,100,94,100,0,0,56,0,56,40,2968,detection,
2968412,2,3,1299,1811,-512,100,95,100,0,0,55,0,56,40,2968,detection,
2974469,26,25,1280,1792,-512,100,92,100,0,8,58,0,56,40,2974,detection,
2974517,27,25,1280,1792,-512,100,95,100,0,8,55,0,56,40,2974,detection,
2974644,27,25,1280,1792,-512,100,95,100,0,8,55,0,56,40,2974,detection,
2974663,17,25,1280,1792,-512,100,95,100,63,8,55,0,56,40,2974,detection,
2974716,26,25,1280,1792,-512,100,97,100,0,8,53,0,56,40,2974,detection,
2974789,17,25,1280,1792,-512,100,95,100,0,8,55,0,56,40,2974,detection,
2974840,26,25,1280,1792,-512,100,97,100,0,8,53,0,56,40,2974,detection,
2975018,27,25,1280,1792,-512,100,99,100,0,8,51,0,56,40,2975,detection,
2975040,17,25,1280,1792,-512,100,95,100,0,8,55,0,56,40,2975,detection,
2975090,26,25,1280,1792,-512,100,97,100,0,8,53,0,56,40,2975,detection,
2975215,26,25,1280,1792,-512,100,98,100,0,8,52,0,56,40,2975,detection,
2975271,16,14,1561,1561,0,0,0,100,0,15,62,0,54,40,2975,detection,
2975475,26,25,1280,1792,-512,100,98,100,0,8,52,0,56,40,2975,detection,
2975538,17,25,1280,1792,-512,100,99,100,0,8,51,0,56,40,2975,detection,
2975716,26,25,1280,1792,-512,100,98,100,0,0,52,0,56,40,2975,detection,
2975767,27,25,1280,1792,-512,100,99,100,0,8,51,0,56,40,2975,detection,
2975788,17,25,1280,1792,-512,100,99,100,0,8,51,0,56,40,2975,detection,
2975964,26,25,1280,1792,-512,100,98,100,0,0,52,0,56,40,2975,detection,
2976019,27,25,1280,1792,-512,100,99,100,0,8,51,0,56,40,2976,detection,
2976288,17,25,1280,1792,-512,100,99,100,0,8,51,0,56,40,2976,detection,
2976342,26,25,1280,1792,-512,100,98,100,0,0,52,0,56,40,2976,detection,
2976402,27,25,1280,1792,-512,100,99,100,0,8,51,0,56,40,2976,detection,
2976412,17,25,1280,1792,-512,100,99,100,0,8,51,0,56,40,2976,detection,
2976477,26,25,1280,1792,-512,100,100,100,0,0,48,0,59,40,2976,detection,
2976769,27,25,1280,1792,-512,100,99,100,0,0,51,0,56,40,2976,detection,
2976791,17,25,1280,1792,-512,100,99,100,0,0,51,0,56,40,2976,detection,
2976967,26,25,1280,1792,-512,100,100,100,0,0,48,0,59,40,2976,detection,
2977017,27,25,1280,1792,-512,100,99,100,0,0,51,0,56,40,2977,detection,
2977039,17,25,1280,1792,-512,100,99,100,0,0,51,0,56,40,2977,detection,
2977216,26,25,1280,1792,-512,100,100,100,0,0,47,0,61,40,2977,detection,
2977266,27,25,1280,1792,-512,100,99,100,0,0,51,0,56,40,2977,detection,
2977288,17,25,1280,1792,-512,100,99,100,0,0,51,0,56,40,2977,detection,
2977476,26,25,1280,1792,-512,100,100,100,0,0,47,0,61,40,2977,detection,
2977519,27,25,1280,1792,-512,100,99,100,0,0,51,0,56,40,2977,detection,
2977541,17,25,1280,1792,-512,100,99,100,0,0,51,0,56,40,2977,detection,
2977716,26,25,1280,1792,-512,100,100,100,0,0,47,0,61,40,2977,detection,
2977767,27,25,1280,1792,-512,100,100,100,0,0,47,0,61,40,2977,detection,
2977789,17,25,1280,1792,-512,100,100,100,0,0,47,0,61,40,2977,detection,
2977967,26,25,1280,1792,-512,100,100,100,0,0,47,0,61,40,2977,detection,
2978018,27,25,1280,1792,-512,100,100,100,0,0,47,0,61,40,2978,detection,
2978039,17,25,1280,1792,-512,100,100,100,0,0,47,0,61,40,2978,detection,
2978174,17,25,1280,1792,-512,100,100,100,0,0,47,0,61,40,2978,detection,
2978218,26,25,1280,1792,-512,100,100,100,0,0,47,0,61,40,2978,detection,
2978269,27,25,1280,1792,-512,100,100,100,0,0,47,0,61,40,2978,detection,
2978402,27,25,1280,1792,-512,100,100,100,0,0,47,0,61,40,2978,detection,
2978415,17,25,1280,1792,-512,100,100,100,0,0,47,0,61,40,2978,detection,
2978592,26,25,1280,1792,-512,100,100,100,0,0,47,0,61,40,2978,detection,
2978642,27,25,1280,1792,-512,100,100,100,0,0,47,0,61,40,2978,detection,
2978664,17,25,1280,1792,-512,100,100,100,0,0,47,0,61,40,2978,detection,
2978891,27,25,1280,1792,-512,100,100,100,0,0,47,0,61,40,2978,detection,
2978913,17,25,1280,1792,-512,100,100,100,0,0,47,0,61,40,2978,detection,
2979270,27,25,1280,1792,-512,100,100,100,0,0,47,0,61,40,2979,detection,
2979287,17,25,1280,1792,-512,100,100,100,0,0,47,0,61,40,2979,detection,
2979341,26,25,1280,1792,-512,100,100,100,0,0,43,0,66,55,2979,detection,
2979516,27,25,1280,1792,-512,100,100,100,0,0,47,0,61,40,2979,detection,
2979538,17,25,1280,1792,-512,100,100,100,0,0,47,0,61,40,2979,detection,
2979592,26,25,1280,1792,-512,100,100,100,0,0,43,0,66,55,2979,detection,
2980011,6,20,1344,1344,0,0,0,0,0,0,89,0,0,0,2980,detection,
2980032,24,20,1344,1344,0,0,0,0,0,0,77,0,0,0,2980,detection,
2982104,8,29,5132,1792,3340,0,100,100,24,0,63,0,48,40,2982,detection,
2992975,25,4,1870,1870,0,0,0,0,0,0,70,0,0,0,2992,detection,
2993058,3,4,1870,1870,0,0,0,100,60,15,61,0,57,40,2993,detection,
2993116,14,23,1280,1792,-512,100,69,100,46,0,95,0,49,40,2993,detection,
2993140,6,4,1870,1870,0,0,0,100,58,15,64,0,48,40,2993,detection,
2993221,25,4,1870,1870,0,0,0,0,0,0,68,0,0,0,2993,detection,
2995056,5,19,1817,1817,0,0,0,0,0,0,57,0,0,0,2995,detection,
2995117,11,19,1817,1817,0,0,0,100,0,15,59,0,60,40,2995,detection,
2995299,22,19,1817,1817,0,0,0,0,0,0,57,0,0,0,2995,detection,
2995310,15,19,1817,1817,0,0,0,0,0,0,59,0,0,0,2995,detection,
2995603,8,29,5172,1740,3432,0,100,100,10,0,63,0,48,40,2995,detection,
3001661,17,10,1780,1780,0,0,0,0,0,0,63,0,0,0,3001,detection,
3001724,9,10,1780,1780,0,0,0,100,0,7,59,0,60,40,3001,detection,
3001731,8,10,1780,1780,0,0,0,100,0,7,61,0,57,40,3001,detection,
3001771,16,10,1780,1780,0,0,0,100,0,7,68,0,48,40,3001,detection,
3001853,25,10,1780,1780,0,0,0,100,62,16,57,0,60,40,3001,detection,
3002218,9,10,1780,1780,0,0,0,100,0,8,56,0,60,40,3002,detection,
3002222,25,10,1780,1780,0,0,0,100,0,16,58,0,60,40,3002,detection,
3002229,8,10,1780,1780,0,0,0,100,0,7,61,0,57,40,3002,detection,
3002237,14,10,1780,1780,0,0,0,0,0,0,56,0,0,0,3002,detection,
3002267,27,10,1780,1780,0,0,0,0,0,0,61,0,0,0,3002,detection,
3002268,16,10,1780,1780,0,0,0,100,0,7,66,0,48,40,3002,detection,
3002284,17,10,1780,1780,0,0,0,0,0,0,62,0,0,0,3002,detection,
3003895,16,14,1612,1612,0,0,0,100,0,15,62,0,54,40,3003,detection,
3010302,5,19,1792,1792,0,0,0,0,0,0,60,0,0,0,3010,detection,
3010302,22,19,1792,1792,0,0,0,0,0,0,57,0,0,0,3010,detection,
3010306,15,19,1792,1792,0,0,0,0,0,0,59,0,0,0,3010,detection,
3010345,23,19,1792,1792,0,0,0,70,0,0,59,0,61,40,3010,detection,
3010552,22,19,1792,1792,0,0,0,0,0,0,57,0,0,0,3010,detection,
3010553,5,19,1792,1792,0,0,0,0,0,0,59,0,0,0,3010,detection,
3010556,15,19,1792,1792,0,0,0,0,0,0,58,0,0,0,3010,detection,
3011299,22,2,1299,1299,0,0,0,0,0,0,52,0,0,0,3011,detection,
3011482,8,2,1299,1299,0,0,0,100,53,14,74,0,48,40,3011,detection,
3011531,24,2,1299,1299,0,0,0,100,0,7,71,0,48,40,3011,detection,
3011533,16,2,1299,1299,0,0,0,100,61,15,59,0,60,40,3011,detection,
3011588,13,2,1299,1299,0,0,0,100,47,12,91,0,48,40,3011,detection,
3011859,8,29,5212,1792,3420,0,100,100,1,0,62,0,54,40,3011,detection,
3011903,24,2,1299,1299,0,0,0,100,0,7,71,0,48,40,3011,detection,
3011926,22,2,1299,1299,0,0,0,0,0,0,49,0,0,0,3011,detection,
3011953,13,2,1299,1299,0,0,0,100,0,12,90,0,48,40,3011,detection,
3011969,9,2,1299,1299,0,0,0,0,0,0,62,0,0,0,3011,detection,
3011981,8,2,1299,1299,0,0,0,100,0,14,73,0,48,40,3011,detection,
3011986,14,2,1299,1299,0,0,0,0,0,0,64,0,0,0,3011,detection,
3012018,16,2,1299,1299,0,0,0,100,0,16,56,0,60,40,3012,detection,
3012727,8,2,1299,1299,0,0,0,100,0,14,72,0,48,40,3012,detection,
3012769,16,2,1299,1299,0,0,0,100,0,16,57,0,60,40,3012,detection,
3012776,24,2,1299,1299,0,0,0,100,0,7,70,0,48,40,3012,detection,
3012799,22,2,1299,1299,0,0,0,0,0,0,48,0,0,0,3012,detection,
3013640,16,2,1299,1299,0,0,0,100,0,16,58,0,60,40,3013,detection,
3013653,24,2,1299,1299,0,0,0,100,0,0,69,0,48,40,3013,detection,
3013675,22,2,1299,1299,0,0,0,0,0,0,48,0,0,0,3013,detection,
3013725,23,2,1299,1299,0,0,0,0,0,0,74,0,0,0,3013,detection,
3014221,9,8,1299,1299,0,100,0,0,45,0,96,0,49,40,3014,detection,
3014227,25,8,1299,1299,0,100,0,100,56,21,68,0,49,40,3014,detection,
3014238,14,8,1299,1299,0,100,0,100,0,7,68,0,49,40,3014,detection,
3014267,27,8,1299,1299,0,100,0,100,0,15,62,0,52,40,3014,detection,
3014273,16,8,1299,1299,0,100,0,100,54,21,72,0,49,40,3014,detection,
3014290,17,8,1299,1299,0,100,0,100,59,23,63,0,49,40,3014,detection,
3015231,8,2,1299,1299,0,0,0,100,0,14,71,0,48,40,3015,detection,
3015268,16,2,1299,1299,0,0,0,100,0,15,59,0,60,40,3015,detection,
3015410,2,8,1299,1299,0,100,0,100,59,23,63,0,49,40,3015,detection,
3015413,17,8,1299,1299,0,100,0,100,0,14,71,0,49,40,3015,detection,
3015484,25,8,1299,1299,0,100,0,100,0,13,77,0,49,40,3015,detection,
3015517,27,8,1299,1299,0,100,0,100,0,15,66,0,49,40,3015,detection,
3015640,16,2,1299,1299,0,0,0,100,0,7,59,0,60,40,3015,detection,
3015653,24,2,1299,1299,0,0,0,100,0,0,64,0,48,40,3015,detection,
3015675,22,2,1299,1299,0,0,0,0,0,0,47,0,0,0,3015,detection,
3015682,3,2,1299,1299,0,0,0,0,0,0,61,0,0,0,3015,detection,
3015702,18,2,1299,1299,0,0,0,100,0,15,61,0,57,40,3015,detection,
3015703,13,2,1299,1299,0,0,0,100,0,12,89,0,48,40,3015,detection,
3015716,9,2,1299,1299,0,0,0,0,0,0,62,0,0,0,3015,detection,
3015725,23,2,1299,1299,0,0,0,0,0,0,74,0,0,0,3015,detection,
3015734,14,2,1299,1299,0,0,0,0,0,0,61,0,0,0,3015,detection,
3016231,23,19,1792,1792,0,0,0,70,0,0,58,0,61,40,3016,detection,
3016302,22,19,1792,1792,0,0,0,0,0,0,56,0,0,0,3016,detection,
3016303,5,19,1792,1792,0,0,0,0,0,0,59,0,0,0,3016,detection,
3016306,15,19,1792,1792,0,0,0,0,0,0,58,0,0,0,3016,detection,
3016353,8,2,1299,1299,0,0,0,100,0,7,69,0,48,40,3016,detection,
3016393,16,2,1299,1299,0,0,0,100,0,7,59,0,60,40,3016,detection,
3016401,24,2,1299,1299,0,0,0,100,0,0,63,0,48,40,3016,detection,
3016551,5,19,1792,1792,0,0,0,0,0,0,58,0,0,0,3016,detection,
3016551,22,19,1792,1792,0,0,0,0,0,0,52,0,0,0,3016,detection,
3016555,15,19,1792,1792,0,0,0,0,0,0,58,0,0,0,3016,detection,
3016597,23,19,1792,1792,0,0,0,70,0,0,58,0,61,40,3016,detection,
3016855,8,29,5232,1536,3696,0,100,100,31,0,63,0,48,40,3016,detection,
3016953,13,3,1299,1811,-512,100,87,100,58,7,64,0,49,40,3016,detection,
3017591,9,2,1299,1299,0,0,0,0,0,0,62,0,0,0,3017,detection,
3017600,23,2,1299,1299,0,0,0,0,0,0,70,0,0,0,3017,detection,
3017609,14,2,1299,1299,0,0,0,0,0,0,61,0,0,0,3017,detection,
3017642,16,2,1299,1299,0,0,0,100,0,0,59,0,60,40,3017,detection,
3017654,24,2,1299,1299,0,0,0,100,0,0,62,0,54,40,3017,detection,
3017672,22,2,1299,1299,0,0,0,0,0,0,47,0,0,0,3017,detection,
3017681,3,2,1299,1299,0,0,0,0,0,0,61,0,0,0,3017,detection,
3017701,18,2,1299,1299,0,0,0,100,0,15,62,0,54,40,3017,detection,
3017704,13,2,1299,1299,0,0,0,100,0,12,87,0,48,40,3017,detection,
3017928,22,27,1350,1350,0,80,0,0,0,0,66,0,49,40,3017,detection,
3017946,21,27,1350,1350,0,80,0,0,0,0,68,0,49,40,3017,detection,
3017976,10,27,1350,1350,0,80,0,0,0,0,64,0,49,40,3017,detection,
3020771,27,25,1299,1811,-512,100,100,100,0,0,47,0,61,40,3020,detection,
3020822,21,25,1299,1811,-512,100,99,100,0,0,51,0,56,40,3020,detection,
3020843,26,25,1299,1811,-512,100,100,100,0,0,47,0,61,40,3020,detection,
3021266,6,24,1299,1299,0,100,0,100,60,15,61,0,54,40,3021,detection,
3021415,17,25,1299,1811,-512,100,100,100,0,0,47,0,61,40,3021,detection,
3021416,27,25,1299,1811,-512,100,100,100,0,0,47,0,61,40,3021,detection,
3021789,17,25,1299,1811,-512,100,100,100,0,0,47,0,61,40,3021,detection,
3021892,27,8,1299,1299,0,100,0,100,0,6,78,0,49,40,3021,detection,
3021893,16,8,1299,1299,0,100,0,100,0,20,77,0,49,40,3021,detection,
3021910,2,8,1299,1299,0,100,0,100,0,21,71,0,49,40,3021,detection,
3021944,21,8,1299,1299,0,100,0,100,0,13,75,0,49,40,3021,detection,
3022135,6,24,1299,1299,0,100,0,100,0,14,69,0,49,40,3022,detection,
3022311,3,24,1299,1299,0,100,0,0,0,0,64,0,49,40,3022,detection,
3022347,9,24,1299,1299,0,100,0,100,50,13,82,0,49,40,3022,detection,
3022533,2,8,1299,1299,0,100,0,100,0,20,80,0,49,40,3022,detection,
3023346,23,19,1811,1811,0,0,0,70,0,0,57,0,61,40,3023,detection,
3023769,27,25,1299,1811,-512,100,100,100,0,0,47,0,61,40,3023,detection,
3023818,21,25,1299,1811,-512,100,99,100,0,0,51,0,56,40,3023,detection,
3024069,3,24,1299,1299,0,100,0,0,0,0,72,0,49,40,3024,detection,
3024299,22,19,1811,1811,0,0,0,0,0,0,56,0,0,0,3024,detection,
3024310,15,19,1811,1811,0,0,0,0,0,0,57,0,0,0,3024,detection,
3024311,12,19,1811,1811,0,0,0,0,0,0,61,0,0,0,3024,detection,
3024345,23,19,1811,1811,0,0,0,70,0,0,57,0,61,40,3024,detection,
3024384,18,19,1811,1811,0,0,0,70,0,0,54,0,61,40,3024,detection,
3025790,17,25,1299,1811,-512,100,100,100,0,0,47,0,61,40,3025,detection,
3026394,6,24,1299,1299,0,100,0,97,0,13,78,0,49,40,3026,detection,
3027222,9,24,1299,1299,0,100,0,100,0,11,92,0,49,40,3027,detection,
3027313,3,24,1299,1299,0,100,0,0,0,0,77,0,49,40,3027,detection,
3027886,6,24,1299,1299,0,100,0,80,0,12,89,0,49,40,3027,detection,
3028070,3,24,1299,1299,0,100,0,0,0,0,87,0,49,40,3028,detection,
3031188,15,18,1299,1811,-512,100,90,100,60,7,60,0,56,40,3031,detection,
3031242,19,18,1299,1811,-512,100,86,100,57,7,66,0,49,40,3031,detection,
3031347,23,19,1811,1811,0,0,0,70,0,0,56,0,61,40,3031,detection,
3031617,11,12,1299,1811,-512,100,91,100,61,15,59,0,56,40,3031,detection,
3032267,27,8,1299,1299,0,100,0,100,0,6,89,0,49,40,3032,detection,
3032271,16,8,1299,1299,0,100,0,100,0,12,87,0,49,40,3032,detection,
3032284,2,8,1299,1299,0,100,0,100,0,12,90,0,49,40,3032,detection,
3032314,21,8,1299,1299,0,100,0,100,0,6,84,0,49,40,3032,detection,
3032340,26,8,1299,1299,0,100,0,100,0,15,64,0,49,40,3032,detection,
3032353,25,8,1299,1299,0,100,0,100,0,13,82,0,49,40,3032,detection,
3032362,14,8,1299,1299,0,100,0,100,0,6,77,0,49,40,3032,detection,
3032988,14,8,1299,1299,0,100,0,100,0,6,86,0,49,40,3032,detection,
3033019,16,8,1299,1299,0,100,0,100,0,11,96,0,49,40,3033,detection,
3033037,17,8,1299,1299,0,100,0,100,0,6,79,0,49,40,3033,detection,
3033097,25,8,1299,1299,0,100,0,100,0,11,92,0,49,40,3033,detection,
3033395,6,24,1299,1299,0,100,0,70,0,11,100,0,49,40,3033,detection,
3034095,1,24,1299,1299,0,100,0,0,0,0,49,0,57,40,3034,detection,
3034135,6,24,1299,1299,0,100,0,70,0,11,96,0,49,40,3034,detection,
3034493,20,19,1299,1811,-512,100,83,100,0,7,70,0,49,40,3034,detection,
3034719,9,24,1299,1299,0,100,0,100,0,11,100,0,49,40,3034,detection,
3037023,16,14,1299,1811,-512,100,90,100,60,15,60,0,56,40,3037,detection,
3037259,6,14,1299,1811,-512,100,91,100,0,7,59,0,56,40,3037,detection,
3037269,16,14,1299,1811,-512,100,94,100,0,16,56,0,56,40,3037,detection,
3038551,22,27,1491,1491,0,25,0,0,0,0,63,0,0,0,3038,detection,
3038572,21,27,1491,1491,0,25,0,0,0,0,69,0,0,0,3038,detection,
3038602,10,27,1491,1491,0,25,0,0,0,0,65,0,0,0,3038,detection,
3039016,27,25,1299,1811,-512,100,100,100,0,0,47,0,61,40,3039,detection,
3039082,21,25,1299,1811,-512,100,99,100,0,0,51,0,56,40,3039,detection,
3041012,6,23,1299,1811,-512,100,84,100,0,7,69,0,49,40,3041,detection,
3041033,24,23,1299,1811,-512,100,90,100,0,7,61,0,54,40,3041,detection,
3041081,13,23,1299,1811,-512,100,80,100,0,13,75,0,49,40,3041,detection,
3041123,19,23,1299,1811,-512,100,91,100,0,7,59,0,56,40,3041,detection,
3041581,18,3,1811,1811,0,0,0,100,60,7,61,0,57,40,3041,detection,
3041685,15,19,1299,1811,-512,100,97,100,64,8,53,0,56,40,3041,detection,
3041719,23,19,1299,1811,-512,100,94,100,62,8,56,0,56,40,3041,detection,
3041736,20,19,1299,1811,-512,100,84,100,0,7,69,0,49,40,3041,detection,
3044238,11,12,1299,1811,-512,100,92,100,0,8,58,0,56,40,3044,detection,
3047347,23,13,1299,1299,0,100,0,0,0,0,100,0,49,40,3047,detection,
3047564,3,18,1299,1811,-512,100,90,100,60,7,60,0,56,40,3047,detection,
3047573,21,18,1299,1811,-512,100,87,100,58,7,64,0,49,40,3047,detection,
3047599,25,18,1299,1811,-512,100,90,100,60,7,61,0,54,40,3047,detection,
3048557,12,10,1730,1730,0,0,0,0,0,0,60,0,0,0,3048,detection,
3049491,19,23,1299,1811,-512,100,92,100,0,8,58,0,56,40,3049,detection,
3049511,6,23,1299,1811,-512,100,85,100,0,7,67,0,49,40,3049,detection,
3049529,24,23,1299,1811,-512,100,90,100,0,7,60,0,56,40,3049,detection,
3049984,8,4,1870,1870,0,0,0,100,0,15,66,0,48,40,3049,detection,
3052347,9,10,1555,1555,0,0,0,100,0,7,61,0,57,40,3052,detection,
3052398,16,10,1555,1555,0,0,0,100,0,7,64,0,48,40,3052,detection,
3052414,17,10,1555,1555,0,0,0,0,0,0,64,0,0,0,3052,detection,
3052432,12,10,1555,1555,0,0,0,0,0,0,64,0,0,0,3052,detection,
3053221,1,10,1555,1555,0,0,0,100,0,20,40,0,73,55,3053,detection,
3053269,16,10,1555,1555,0,0,0,100,0,7,65,0,48,40,3053,detection,
3053286,17,10,1555,1555,0,0,0,0,0,0,61,0,0,0,3053,detection,
3055956,18,19,1299,1811,-512,100,92,100,61,8,58,0,56,40,3055,detection,
3058042,17,21,1536,1536,0,0,0,0,0,0,64,0,0,0,3058,detection,
3058133,6,24,1299,1299,0,100,0,70,0,5,100,0,49,40,3058,detection,
3058163,2,24,1299,1299,0,100,0,100,60,15,60,0,56,40,3058,detection,
3058233,8,3,1555,1555,0,0,0,100,0,7,61,0,57,40,3058,detection,
3061989,19,15,1299,1299,0,100,0,74,0,14,73,0,49,40,3061,detection,
3062020,27,18,1299,1811,-512,100,84,100,56,7,68,0,49,40,3062,detection,
3062049,2,30,5593,1510,4083,0,100,100,38,0,60,0,58,40,3062,detection,
3062479,1,9,1280,1280,0,100,0,100,0,8,54,0,56,40,3062,detection,
3062489,14,9,1280,1280,0,100,0,0,54,0,73,0,49,40,3062,detection,
3062908,24,20,1793,1793,0,100,0,0,0,0,86,0,49,40,3062,detection,
3063232,8,13,1785,1785,0,0,0,0,0,0,100,0,0,0,3063,detection,
3063240,20,13,1785,1785,0,0,0,0,0,0,71,0,0,0,3063,detection,
3063338,4,13,1785,1785,0,0,0,0,0,0,100,0,0,0,3063,detection,
3063518,16,10,1811,1811,0,0,0,100,0,7,67,0,48,40,3063,detection,
3063535,17,10,1811,1811,0,0,0,0,0,0,64,0,0,0,3063,detection,
3063719,1,10,1811,1811,0,0,0,100,0,20,40,0,73,55,3063,detection,
3063745,14,10,1811,1811,0,0,0,0,0,0,56,0,0,0,3063,detection,
3063769,16,10,1811,1811,0,0,0,100,0,0,64,0,48,40,3063,detection,
3063786,17,10,1811,1811,0,0,0,0,0,0,62,0,0,0,3063,detection,
3064186,17,21,1536,1536,0,0,0,0,0,0,65,0,0,0,3064,detection,
3067936,15,19,1299,1811,-512,100,93,100,0,8,57,0,56,40,3067,detection,
3068146,27,25,1299,1811,-512,100,100,100,0,0,47,0,61,40,3068,detection,
3068456,13,30,5633,1510,4123,0,100,100,8,0,62,0,54,40,3068,detection,
3068468,4,30,5633,1510,4123,0,100,100,70,0,84,0,48,40,3068,detection,
3069093,4,13,1606,1606,0,0,0,0,0,0,100,0,0,0,3069,detection,
3069103,8,13,1606,1606,0,0,0,0,0,0,100,0,0,0,3069,detection,
3069114,20,13,1606,1606,0,0,0,0,0,0,69,0,0,0,3069,detection,
3069399,6,20,1793,1793,0,100,0,0,0,0,100,0,49,40,3069,detection,
3069405,24,20,1793,1793,0,100,0,0,0,0,97,0,49,40,3069,detection,
3070558,12,22,1280,1280,0,0,0,0,0,0,74,0,0,0,3070,detection,
3071591,26,8,1299,1299,0,100,0,100,0,7,72,0,49,40,3071,detection,
3071785,17,10,1811,1811,0,0,0,0,0,0,61,0,0,0,3071,detection,
3071786,7,10,1811,1811,0,0,0,100,63,8,55,0,60,40,3071,detection,
3071843,9,10,1811,1811,0,0,0,100,0,7,60,0,60,40,3071,detection,
3072541,17,7,1555,1555,0,0,0,0,0,0,59,0,0,0,3072,detection,
3072573,21,7,1555,1555,0,0,0,100,56,14,68,0,48,40,3072,detection,
3072613,20,7,1555,1555,0,0,0,0,0,0,55,0,0,0,3072,detection,
3074925,1,9,1024,1024,0,0,0,100,0,0,54,0,60,40,3074,detection,
3074931,22,9,1024,1024,0,0,0,100,0,15,64,0,48,40,3074,detection,
3076361,8,29,5372,768,4604,0,100,100,100,0,60,0,58,40,3076,detection,
3076977,10,30,5653,1024,4629,0,100,100,45,0,68,0,48,40,3076,detection,
3076984,8,30,5653,1024,4629,0,100,100,100,0,62,0,54,40,3076,detection,
3077078,13,30,5653,1024,4629,0,100,100,57,0,65,0,48,40,3077,detection,
3077083,18,30,5653,1024,4629,0,100,100,47,0,65,0,48,40,3077,detection,
3078094,9,10,1024,1024,0,0,0,100,0,7,59,0,60,40,3078,detection,
3078145,16,10,1024,1024,0,0,0,100,0,0,64,0,48,40,3078,detection,
3078162,7,10,1024,1024,0,0,0,100,0,8,55,0,60,40,3078,detection,
3078165,17,10,1024,1024,0,0,0,0,0,0,60,0,0,0,3078,detection,
3078175,5,10,1024,1024,0,0,0,0,0,0,58,0,0,0,3078,detection,
3078434,15,19,768,768,0,0,0,100,61,16,58,0,60,40,3078,detection,
3079619,11,22,768,768,0,0,0,100,0,14,67,0,48,40,3079,detection,
3079911,17,7,1555,1555,0,0,0,0,0,0,59,0,0,0,3079,detection,
3080775,1,9,768,768,0,0,0,100,0,0,54,0,60,40,3080,detection,
3082385,6,20,1536,1536,0,0,0,0,0,0,100,0,0,0,3082,detection,
3082772,27,30,5673,1024,4649,0,100,100,100,0,64,0,48,40,3082,detection,
3083477,25,4,2118,2118,0,0,0,0,0,0,66,0,0,0,3083,detection,
3084063,15,18,1280,1280,0,0,0,100,60,15,60,0,60,40,3084,detection,
3084071,21,18,1280,1280,0,0,0,100,59,15,63,0,48,40,3084,detection,
3084679,22,19,793,793,0,0,0,0,0,0,57,0,0,0,3084,detection,
3084706,18,19,793,793,0,0,0,100,61,15,59,0,60,40,3084,detection,
3084743,11,19,793,793,0,0,0,100,0,15,60,0,60,40,3084,detection,
3085020,16,3,1254,1254,0,0,0,0,0,0,57,0,0,0,3085,detection,
3085038,2,3,1254,1254,0,0,0,100,61,7,59,0,60,40,3085,detection,
3085185,15,22,768,768,0,0,0,0,0,0,77,0,0,0,3085,detection,
3085219,4,29,5392,768,4624,0,100,100,100,0,60,0,58,40,3085,detection,
3085648,16,10,1024,1024,0,0,0,100,0,0,62,0,54,40,3085,detection,
3085678,5,10,1024,1024,0,0,0,0,0,0,57,0,0,0,3085,detection,
3085717,9,10,1024,1024,0,0,0,100,0,0,59,0,60,40,3085,detection,
3085726,23,10,1024,1024,0,0,0,100,0,7,61,0,57,40,3085,detection,
3086917,17,26,1879,1879,0,63,0,0,0,0,90,0,0,0,3086,detection,
3087844,26,27,1024,1024,0,0,0,0,0,0,64,0,0,0,3087,detection,
3088008,6,20,1536,1536,0,0,0,0,0,0,94,0,0,0,3088,detection,
3090093,25,4,1536,1536,0,0,0,0,0,0,60,0,0,0,3090,detection,
3091415,17,7,1785,1785,0,0,0,0,0,0,58,0,0,0,3091,detection,
3091723,1,9,768,768,0,0,0,100,0,0,54,0,60,40,3091,detection,
3093839,4,30,5693,1305,4388,0,100,100,26,0,78,0,48,40,3093,detection,
3093851,10,30,5693,1305,4388,0,100,100,26,0,67,0,48,40,3093,detection,
3093856,8,30,5693,1305,4388,0,100,100,29,0,57,0,58,40,3093,detection,
3093894,27,30,5693,1305,4388,0,100,100,29,0,64,0,48,40,3093,detection,
3095225,10,23,1280,1280,0,0,0,100,57,30,65,0,48,40,3095,detection,
3095519,16,10,1075,1075,0,0,0,100,0,0,61,0,57,40,3095,detection,
3095534,17,10,1075,1075,0,0,0,0,0,0,59,0,0,0,3095,detection,
3095553,5,10,1075,1075,0,0,0,0,0,0,56,0,0,0,3095,detection,
3099061,12,4,2391,2391,0,0,0,0,60,0,60,0,0,0,3099,detection,
3099221,9,3,1254,1254,0,0,0,100,0,7,60,0,60,40,3099,detection,
3099660,2,18,1280,1280,0,0,0,0,0,0,67,0,0,0,3099,detection,
3099687,15,18,1280,1280,0,0,0,100,0,16,56,0,60,40,3099,detection,
3099687,3,18,1280,1280,0,0,0,100,59,15,63,0,48,40,3099,detection,
3099695,21,18,1280,1280,0,0,0,100,0,16,58,0,60,40,3099,detection,
3100106,8,3,1254,1254,0,0,0,100,0,7,60,0,60,40,3100,detection,
3100114,20,3,1254,1254,0,0,0,100,60,23,61,0,57,40,3100,detection,
3100143,16,3,1254,1254,0,0,0,0,0,0,57,0,0,0,3100,detection,
3100157,2,3,1254,1254,0,0,0,100,0,8,58,0,60,40,3100,detection,
3100162,7,3,1254,1254,0,0,0,100,61,7,59,0,60,40,3100,detection,
3100207,18,3,1254,1254,0,0,0,100,0,8,56,0,60,40,3100,detection,
3100221,9,3,1254,1254,0,0,0,100,0,7,59,0,60,40,3100,detection,
3101787,17,7,1792,1792,0,0,0,0,0,0,61,0,0,0,3101,detection,
3101843,26,7,1792,1792,0,0,0,100,61,15,59,0,60,40,3101,detection,
3101865,11,22,768,768,0,0,0,100,0,15,64,0,48,40,3101,detection,
3101935,15,22,768,768,0,0,0,0,0,0,77,0,0,0,3101,detection,
3102343,18,30,5713,1049,4664,0,100,100,3,0,70,0,48,40,3102,detection,
3102845,26,12,1811,1811,0,0,0,100,0,15,64,0,48,40,3102,detection,
3102870,19,12,1811,1811,0,0,0,98,0,15,64,0,48,40,3102,detection,
3102877,11,12,1811,1811,0,0,0,100,62,16,57,0,60,40,3102,detection,
3103873,11,19,816,816,0,0,0,100,0,15,61,0,57,40,3103,detection,
3103936,12,19,816,816,0,0,0,0,0,0,58,0,0,0,3103,detection,
3106362,11,12,1072,1072,0,0,0,100,0,15,59,0,60,40,3106,detection,
3106367,19,12,1072,1072,0,0,0,88,0,15,64,0,48,40,3106,detection,
3107100,25,4,1766,1766,0,0,0,0,0,0,63,0,0,0,3107,detection,
3107110,8,4,1766,1766,0,0,0,100,0,15,64,0,48,40,3107,detection,
3107115,20,4,1766,1766,0,0,0,100,61,16,58,0,60,40,3107,detection,
3107307,12,4,1766,1766,0,0,0,0,0,0,60,0,0,0,3107,detection,
3107361,20,4,1766,1766,0,0,0,100,0,16,54,0,60,40,3107,detection,
3107413,7,4,1766,1766,0,0,0,0,0,0,64,0,0,0,3107,detection,
3108075,18,16,1049,1049,0,0,0,0,0,0,100,0,0,0,3108,detection,
3108091,4,16,1049,1049,0,0,0,0,0,0,72,0,0,0,3108,detection,
3108092,9,16,1049,1049,0,0,0,0,0,0,66,0,0,0,3108,detection,
3108117,11,16,1049,1049,0,0,0,0,0,0,96,0,0,0,3108,detection,
3108131,19,16,1049,1049,0,0,0,0,0,0,92,0,0,0,3108,detection,
3108144,27,16,1049,1049,0,0,0,0,0,0,68,0,0,0,3108,detection,
3108159,2,16,1049,1049,0,0,0,0,0,0,79,0,0,0,3108,detection,
3108165,17,16,1049,1049,0,0,0,0,0,0,96,0,0,0,3108,detection,
3108186,12,16,1049,1049,0,0,0,0,0,0,96,0,0,0,3108,detection,
3108282,2,16,1049,1049,0,0,0,0,0,0,76,0,0,0,3108,detection,
3108287,17,16,1049,1049,0,0,0,0,0,0,96,0,0,0,3108,detection,
3108302,5,16,1049,1049,0,0,0,0,0,0,64,0,0,0,3108,detection,
3108306,12,16,1049,1049,0,0,0,0,0,0,96,0,0,0,3108,detection,
3108337,18,16,1049,1049,0,0,0,0,0,0,100,0,0,0,3108,detection,
3108337,4,16,1049,1049,0,0,0,0,0,0,70,0,0,0,3108,detection,
3108341,9,16,1049,1049,0,0,0,0,0,0,67,0,0,0,3108,detection,
3108649,16,27,768,768,0,0,0,0,0,0,60,0,0,0,3108,detection,
3108665,17,27,768,768,0,0,0,0,0,0,61,0,0,0,3108,detection,
3108716,26,27,768,768,0,0,0,0,0,0,64,0,0,0,3108,detection,
3108726,10,27,768,768,0,0,0,0,0,0,65,0,0,0,3108,detection,
3110114,20,7,1049,1561,-512,100,91,100,61,0,59,0,56,40,3110,detection,
3110166,17,7,1049,1561,-512,100,94,100,62,8,56,0,56,40,3110,detection,
3110664,17,7,1049,1561,-512,100,95,100,0,8,55,0,56,40,3110,detection,
3111352,10,23,1305,1305,0,0,0,100,0,23,66,0,48,40,3111,detection,
3112158,24,4,1049,1561,-512,100,88,100,0,7,63,0,49,40,3112,detection,
3112188,12,4,1049,1561,-512,100,91,100,61,7,59,0,56,40,3112,detection,
3112222,25,4,1049,1561,-512,100,90,100,60,7,61,0,54,40,3112,detection,
3112231,8,4,1049,1561,-512,100,88,100,59,15,63,0,49,40,3112,detection,
3112529,24,4,1049,1561,-512,100,92,100,0,0,58,0,56,40,3112,detection,
3112535,7,4,1049,1561,-512,100,89,100,59,7,62,0,52,40,3112,detection,
3112561,12,4,1049,1561,-512,100,92,100,0,8,58,0,56,40,3112,detection,
3112606,8,4,1049,1561,-512,100,90,100,0,15,61,0,54,40,3112,detection,
3112616,20,4,1049,1561,-512,100,93,100,62,25,57,0,56,40,3112,detection,
3114112,11,12,1072,1072,0,0,0,100,0,15,59,0,60,40,3114,detection,
3114116,19,12,1072,1072,0,0,0,81,0,15,61,0,58,40,3114,detection,
3114219,26,12,1072,1072,0,0,0,89,0,15,65,0,48,40,3114,detection,
3114223,23,12,1072,1072,0,0,0,0,0,0,66,0,0,0,3114,detection,
3114240,20,2,1049,1561,-512,100,90,100,60,7,60,0,56,40,3114,detection,
3114689,3,18,1049,1561,-512,100,89,100,59,23,62,0,52,40,3114,detection,
3115229,25,30,5733,1049,4684,0,100,100,100,0,76,0,48,40,3115,detection,
3115396,27,8,1049,1049,0,100,0,0,0,0,100,0,49,40,3115,detection,
3115396,16,8,1049,1049,0,100,0,100,0,11,100,0,49,40,3115,detection,
3115412,7,8,1049,1049,0,100,0,100,57,7,65,0,49,40,3115,detection,
3115412,2,8,1049,1049,0,100,0,100,0,5,100,0,49,40,3115,detection,
3115417,17,8,1049,1049,0,100,0,100,0,6,90,0,49,40,3115,detection,
3115474,26,8,1049,1049,0,100,0,100,0,6,82,0,49,40,3115,detection,
3115483,9,8,1049,1049,0,100,0,0,0,0,100,0,49,40,3115,detection,
3117918,17,7,1049,1561,-512,100,91,100,0,7,59,0,56,40,3117,detection,
3119208,18,2,1049,1561,-512,100,90,100,60,23,61,0,54,40,3119,detection,
3119225,9,2,1049,1561,-512,100,93,100,62,8,57,0,56,40,3119,detection,
3119225,23,2,1049,1561,-512,100,83,100,55,7,70,0,49,40,3119,detection,
3119233,8,2,1049,1561,-512,100,88,100,59,15,63,0,49,40,3119,detection,
3119241,20,2,1049,1561,-512,100,92,100,0,8,58,0,56,40,3119,detection,
3119350,25,4,1049,1561,-512,100,90,100,0,7,60,0,56,40,3119,detection,
3119358,8,4,1049,1561,-512,100,90,100,0,15,60,0,56,40,3119,detection,
3119364,20,4,1049,1561,-512,100,93,100,0,16,57,0,56,40,3119,detection,
3119406,24,4,1049,1561,-512,100,90,100,0,0,61,0,54,40,3119,detection,
3119612,20,4,1049,1561,-512,100,94,100,0,16,56,0,56,40,3119,detection,
3119657,24,4,1049,1561,-512,100,90,100,0,0,60,0,56,40,3119,detection,
3119685,12,4,1049,1561,-512,100,96,100,0,8,54,0,56,40,3119,detection,
3120557,12,19,1041,1041,0,0,0,0,0,0,57,0,0,0,3120,detection,
3120617,11,19,1041,1041,0,0,0,100,0,15,60,0,60,40,3120,detection,
3120618,20,19,1041,1041,0,0,0,100,56,14,68,0,48,40,3120,detection,
3120987,20,19,1041,1041,0,0,0,100,0,15,66,0,48,40,3120,detection,
3121051,5,19,1041,1041,0,0,0,0,0,0,58,0,0,0,3121,detection,
3121072,21,25,1299,1811,-512,100,99,100,0,0,51,0,56,40,3121,detection,
3121096,23,19,1041,1041,0,0,0,100,65,16,52,0,60,40,3121,detection,
3123290,2,18,1049,1561,-512,100,90,100,60,7,61,0,54,40,3123,detection,
3123471,26,12,1049,1561,-512,100,87,100,58,23,64,0,49,40,3123,detection,
3123474,23,12,1049,1561,-512,100,87,100,58,7,64,0,49,40,3123,detection,
3123491,11,12,1049,1561,-512,100,91,100,61,23,59,0,56,40,3123,detection,
3123492,19,12,1049,1561,-512,100,87,100,58,15,64,0,49,40,3123,detection,
3123535,2,12,1049,1561,-512,100,87,100,57,23,65,0,49,40,3123,detection,
3123556,22,12,1049,1561,-512,100,90,100,60,7,60,0,56,40,3123,detection,
3123557,5,12,1049,1561,-512,100,82,100,55,35,71,0,49,40,3123,detection,
3123649,16,30,5753,1561,4192,0,100,100,72,0,57,0,58,40,3123,detection,
3123687,15,30,5753,1561,4192,0,100,100,66,0,69,0,48,40,3123,detection,
3123729,25,30,5753,1561,4192,0,100,100,51,0,75,0,48,40,3123,detection,
3123930,5,12,1049,1561,-512,100,84,100,0,28,68,0,49,40,3123,detection,
3123967,26,12,1049,1561,-512,100,89,100,0,15,62,0,52,40,3123,detection,
3123971,23,12,1049,1561,-512,100,88,100,0,7,63,0,49,40,3123,detection,
3123993,19,12,1049,1561,-512,100,89,100,0,7,62,0,52,40,3123,detection,
3125992,11,15,1280,1280,0,0,0,0,0,0,61,0,0,0,3125,detection,
3127091,26,17,1049,1561,-512,100,70,100,46,11,92,0,49,40,3127,detection,
3127224,10,23,1330,1330,0,0,0,100,0,23,62,0,54,40,3127,detection,
3129601,25,30,5773,1561,4212,0,100,100,2,0,74,0,48,40,3129,detection,
3129648,16,30,5773,1561,4212,0,100,100,2,0,56,0,58,40,3129,detection,
3129683,15,30,5773,1561,4212,0,100,100,2,0,68,0,48,40,3129,detection,
3130404,24,9,793,793,0,0,0,100,0,16,58,0,60,40,3130,detection,
3130413,7,9,793,793,0,0,0,100,62,8,57,0,60,40,3130,detection,
3130451,18,9,793,793,0,0,0,0,0,0,63,0,0,0,3130,detection,
3130481,8,9,793,793,0,0,0,100,0,8,57,0,60,40,3130,detection,
3130489,20,9,793,793,0,0,0,0,0,0,62,0,0,0,3130,detection,
3130844,23,19,1331,1331,0,0,0,100,0,16,57,0,60,40,3130,detection,
3130864,11,19,1331,1331,0,0,0,100,0,8,57,0,60,40,3130,detection,
3130875,20,19,1331,1331,0,0,0,100,0,14,68,0,48,40,3130,detection,
3130927,22,19,1331,1331,0,0,0,0,0,0,58,0,0,0,3130,detection,
3130933,15,19,1331,1331,0,0,0,100,0,15,59,0,60,40,3130,detection,
3131084,13,9,793,793,0,0,0,100,0,14,68,0,48,40,3131,detection,
3131151,24,9,793,793,0,0,0,100,0,15,59,0,60,40,3131,detection,
3131156,7,9,793,793,0,0,0,100,0,8,58,0,60,40,3131,detection,
3132303,22,12,1049,1561,-512,100,89,100,0,7,62,0,52,40,3132,detection,
3132306,5,12,1049,1561,-512,100,86,100,0,23,66,0,49,40,3132,detection,
3132345,26,12,1049,1561,-512,100,90,100,0,7,61,0,54,40,3132,detection,
3132345,23,12,1049,1561,-512,100,89,100,0,7,62,0,52,40,3132,detection,
3132365,19,12,1049,1561,-512,100,90,100,0,7,61,0,54,40,3132,detection,
3132366,11,12,1049,1561,-512,100,92,100,0,25,58,0,56,40,3132,detection,
3132533,2,18,1049,1561,-512,100,90,100,0,7,60,0,56,40,3132,detection,
3133099,23,10,1683,1683,0,0,0,0,0,0,60,0,0,0,3133,detection,
3133099,9,10,1683,1683,0,0,0,100,0,0,58,0,60,40,3133,detection,
3133104,8,10,1683,1683,0,0,0,0,0,0,60,0,0,0,3133,detection,
3133113,1,2,1049,1561,-512,100,100,100,0,9,48,0,59,40,3133,detection,
3133163,7,10,1683,1683,0,0,0,100,0,8,55,0,60,40,3133,detection,
3133174,17,10,1683,1683,0,0,0,0,0,0,59,0,0,0,3133,detection,
3133216,4,10,1683,1683,0,0,0,0,0,0,62,0,0,0,3133,detection,
3133864,19,15,1561,1561,0,0,0,70,0,7,70,0,48,40,3133,detection,
3133973,23,12,1049,1561,-512,100,94,100,0,8,56,0,56,40,3133,detection,
3133994,19,12,1049,1561,-512,100,90,100,0,7,60,0,56,40,3133,detection,
3135368,11,5,1041,1041,0,100,0,100,56,28,68,0,49,40,3135,detection,
3135908,24,22,768,768,0,0,0,0,0,0,83,0,0,0,3135,detection,
3135931,5,22,768,768,0,0,0,100,0,13,79,0,48,40,3135,detection,
3135934,15,22,768,768,0,0,0,0,0,0,78,0,0,0,3135,detection,
3135934,12,22,768,768,0,0,0,0,0,0,79,0,0,0,3135,detection,
3135969,23,22,768,768,0,0,0,91,0,13,81,0,48,40,3135,detection,
3138175,5,15,1280,1280,0,0,0,0,0,0,57,0,0,0,3138,detection,
3138673,22,19,1331,1331,0,0,0,0,0,0,59,0,0,0,3138,detection,
3138678,5,19,1331,1331,0,0,0,0,0,0,59,0,0,0,3138,detection,
3138685,15,19,1331,1331,0,0,0,0,0,0,60,0,0,0,3138,detection,
3138685,12,19,1331,1331,0,0,0,0,0,0,62,0,0,0,3138,detection,
3138741,11,19,1331,1331,0,0,0,100,0,8,58,0,60,40,3138,detection,
3138810,15,23,1049,1561,-512,100,88,100,59,7,63,0,49,40,3138,detection,
3138839,4,23,1049,1561,-512,100,86,100,0,0,66,0,49,40,3138,detection,
3138852,10,23,1049,1561,-512,100,87,100,58,23,64,0,49,40,3138,detection,
3138873,19,23,1049,1561,-512,100,90,100,0,7,61,0,54,40,3138,detection,
3138875,11,23,1049,1561,-512,100,90,100,0,7,60,0,56,40,3138,detection,
3138907,24,23,1049,1561,-512,100,91,100,0,0,59,0,56,40,3138,detection,
3140640,6,3,1561,1561,0,0,0,100,0,8,58,0,60,40,3140,detection,
3142789,17,7,1305,1305,0,0,0,100,61,16,58,0,60,40,3142,detection,
3143035,17,10,1561,1561,0,0,0,0,0,0,58,0,0,0,3143,detection,
3143097,23,10,1561,1561,0,0,0,0,0,0,60,0,0,0,3143,detection,
3143103,8,10,1561,1561,0,0,0,0,0,0,59,0,0,0,3143,detection,
3145966,4,23,1305,1305,0,0,0,100,58,7,64,0,48,40,3145,detection,
3145991,14,23,1305,1305,0,0,0,100,48,6,87,0,48,40,3145,detection,
3146055,15,23,1305,1305,0,0,0,100,57,15,65,0,48,40,3146,detection,
3146724,9,8,1024,1024,0,0,0,0,0,0,100,0,0,0,3146,detection,
3147803,5,15,1791,1791,0,0,0,0,0,0,60,0,0,0,3147,detection,
3147866,11,15,1791,1791,0,0,0,0,0,0,57,0,0,0,3147,detection,
3148051,22,19,1305,1305,0,0,0,0,0,0,59,0,0,0,3148,detection,
3148051,5,19,1305,1305,0,0,0,0,0,0,59,0,0,0,3148,detection,
3148056,15,19,1305,1305,0,0,0,0,0,0,59,0,0,0,3148,detection,
3148056,12,19,1305,1305,0,0,0,0,0,0,61,0,0,0,3148,detection,
3148096,23,19,1305,1305,0,0,0,100,0,16,57,0,60,40,3148,detection,
3148112,11,19,1305,1305,0,0,0,100,0,0,61,0,57,40,3148,detection,
3149345,4,30,5813,1561,4252,0,100,100,13,0,80,0,48,40,3149,detection,
3149393,16,30,5813,1561,4252,0,100,100,4,0,56,0,58,40,3149,detection,
3150410,17,10,1765,1765,0,0,0,0,0,0,54,0,0,0,3150,detection,
3150478,8,10,1765,1765,0,0,0,0,0,0,59,0,0,0,3150,detection,
3152383,6,3,1817,1817,0,0,0,100,0,8,57,0,60,40,3152,detection,
3153180,15,19,1305,1305,0,0,0,0,0,0,59,0,0,0,3153,detection,
3153180,12,19,1305,1305,0,0,0,0,0,0,60,0,0,0,3153,detection,
3153786,7,8,1024,1024,0,0,0,100,0,7,66,0,48,40,3153,detection,
3153791,17,8,1024,1024,0,0,0,100,0,6,86,0,48,40,3153,detection,
3153842,9,8,1024,1024,0,0,0,0,0,0,100,0,0,0,3153,detection,
3153892,27,8,1024,1024,0,0,0,0,0,0,95,0,0,0,3153,detection,
3154298,5,15,1742,1742,0,0,0,0,0,0,60,0,0,0,3154,detection,
3155089,4,23,1561,1561,0,0,0,100,0,7,63,0,48,40,3155,detection,
3155110,14,23,1561,1561,0,0,0,100,0,6,77,0,48,40,3155,detection,
3155144,1,20,1049,1049,0,100,0,0,0,0,69,0,49,40,3155,detection,
3156237,1,2,1049,1561,-512,100,100,100,0,9,47,0,61,40,3156,detection,
3156331,18,2,1049,1561,-512,100,90,100,0,15,60,0,56,40,3156,detection,
3156365,20,2,1049,1561,-512,100,94,100,0,8,56,0,56,40,3156,detection,
3156759,6,3,1877,1877,0,0,0,100,0,7,63,0,48,40,3156,detection,
3159222,23,13,1843,1843,0,0,0,0,0,0,100,0,0,0,3159,detection,
3159226,10,13,1843,1843,0,0,0,0,0,0,75,0,0,0,3159,detection,
3159234,8,13,1843,1843,0,0,0,0,0,0,93,0,0,0,3159,detection,
3159283,7,9,1280,1280,0,0,0,100,0,8,57,0,60,40,3159,detection,
3159304,22,9,1280,1280,0,0,0,92,0,15,63,0,48,40,3159,detection,
3159313,3,9,1280,1280,0,0,0,100,60,7,61,0,57,40,3159,detection,
3159355,8,9,1280,1280,0,0,0,100,0,7,61,0,57,40,3159,detection,
3160088,4,23,1817,1817,0,0,0,0,0,0,61,0,0,0,3160,detection,
3160110,14,23,1817,1817,0,0,0,93,0,6,76,0,48,40,3160,detection,
3162114,20,7,1280,1280,0,0,0,100,61,8,58,0,60,40,3162,detection,
3164241,11,19,1305,1305,0,0,0,100,0,0,60,0,60,40,3164,detection,
3166035,2,24,1049,1049,0,0,0,100,0,15,64,0,48,40,3166,detection,
3168215,4,16,1481,1481,0,0,0,0,0,0,69,0,0,0,3168,detection,
3169687,15,5,1305,1305,0,100,0,100,57,15,65,0,49,40,3169,detection,
3169738,14,5,1305,1305,0,100,0,0,51,0,80,0,49,40,3169,detection,
3170091,4,13,2048,2048,0,0,0,0,0,0,100,0,0,0,3170,detection,
3170135,6,3,2103,2103,0,0,0,100,0,0,67,0,48,40,3170,detection,
3170146,16,13,2048,2048,0,0,0,0,0,0,92,0,0,0,3170,detection,
3170987,20,7,1461,1461,0,0,0,100,0,8,58,0,60,40,3170,detection,
3171410,17,10,2073,2073,0,0,0,0,0,0,58,0,0,0,3171,detection,
3171434,12,10,2073,2073,0,0,0,0,0,0,63,0,0,0,3171,detection,
3171478,8,10,2073,2073,0,0,0,0,0,0,59,0,0,0,3171,detection,
3171813,15,18,1049,1561,-512,100,91,100,61,23,59,0,56,40,3171,detection,
3174152,24,23,1817,1817,0,0,0,100,61,7,59,0,60,40,3174,detection,
3176590,4,30,5853,1280,4573,0,100,100,32,0,77,0,48,40,3176,detection,
3176602,25,30,5853,1280,4573,0,100,100,38,0,73,0,48,40,3176,detection,
3176603,23,30,5853,1280,4573,0,100,100,100,0,65,0,48,40,3176,detection,
3177463,4,13,2048,2048,0,0,0,0,0,0,100,0,0,0,3177,detection,
3177468,23,13,2048,2048,0,0,0,0,0,0,100,0,0,0,3177,detection,
3177476,10,13,2048,2048,0,0,0,0,0,0,71,0,0,0,3177,detection,
3177978,8,10,1817,1817,0,0,0,0,0,0,60,0,0,0,3177,detection,
3178055,12,10,1817,1817,0,0,0,0,0,0,64,0,0,0,3178,detection,
3178237,11,15,1535,1535,0,0,0,0,0,0,60,0,0,0,3178,detection,
3178242,19,15,1535,1535,0,0,0,70,0,0,63,0,48,40,3178,detection,
3178903,24,23,1817,1817,0,0,0,100,0,8,54,0,60,40,3178,detection,
3180822,21,27,1578,1578,0,0,0,0,0,0,67,0,0,0,3180,detection,
3182698,21,30,5873,1297,4576,0,100,100,34,0,71,0,48,40,3182,detection,
3182714,4,30,5873,1297,4576,0,100,100,0,0,79,0,48,40,3182,detection,
3182722,25,30,5873,1297,4576,0,100,100,0,0,75,0,48,40,3182,detection,
3183032,2,24,1286,1286,0,0,0,100,0,15,63,0,48,40,3183,detection,
3183195,21,7,1815,1815,0,0,0,100,0,14,74,0,48,40,3183,detection,
3185196,21,27,1578,1578,0,0,0,0,0,0,65,0,0,0,3185,detection,
3186226,25,4,2364,2364,0,0,0,100,61,15,59,0,60,40,3186,detection,
3186557,22,12,1853,1853,0,0,0,100,60,15,61,0,57,40,3186,detection,
3186616,11,12,1853,1853,0,0,0,100,64,25,54,0,60,40,3186,detection,
3186616,19,12,1853,1853,0,0,0,100,61,15,59,0,60,40,3186,detection,
3190327,18,3,2286,2286,0,0,0,100,0,7,65,0,48,40,3190,detection,
3190348,9,3,2286,2286,0,0,0,100,0,7,63,0,48,40,3190,detection,
3190357,10,3,2286,2286,0,0,0,100,0,6,75,0,48,40,3190,detection,
3190366,20,3,2286,2286,0,0,0,100,0,13,75,0,48,40,3190,detection,
3190465,4,30,5893,1527,4366,0,100,100,21,0,77,0,48,40,3190,detection,
3191276,24,23,1817,1817,0,0,0,100,0,8,54,0,60,40,3191,detection,
3191306,15,23,1817,1817,0,0,0,100,0,15,63,0,48,40,3191,detection,
3191307,12,23,1817,1817,0,0,0,100,56,14,69,0,48,40,3191,detection,
3191331,13,23,1817,1817,0,0,0,0,53,0,75,0,0,0,3191,detection,
3191350,10,23,1817,1817,0,0,0,100,59,23,63,0,48,40,3191,detection,
3191362,11,23,1817,1817,0,0,0,100,61,15,59,0,60,40,3191,detection,
3191370,19,23,1817,1817,0,0,0,100,60,15,60,0,60,40,3191,detection,
3191615,11,15,1535,1535,0,0,0,0,0,0,59,0,0,0,3191,detection,
3192659,7,9,1024,1024,0,0,0,0,0,0,57,0,0,0,3192,detection,
3192737,14,9,1024,1024,0,0,0,0,0,0,66,0,0,0,3192,detection,
3192741,20,9,1024,1024,0,0,0,0,0,0,61,0,0,0,3192,detection,
3193587,4,13,2057,2057,0,0,0,0,0,0,92,0,0,0,3193,detection,
3193600,25,13,2057,2057,0,0,0,0,0,0,100,0,0,0,3193,detection,
3194801,22,12,1597,1597,0,0,0,100,0,15,62,0,54,40,3194,detection,
3194848,23,12,1597,1597,0,0,0,100,59,15,62,0,54,40,3194,detection,
3194865,19,12,1597,1597,0,0,0,100,0,15,60,0,60,40,3194,detection,
3194865,11,12,1597,1597,0,0,0,100,0,25,55,0,60,40,3194,detection,
3195060,15,11,1597,1597,0,0,0,0,0,0,81,0,0,0,3195,detection,
3195615,20,7,1536,1536,0,0,0,100,0,8,58,0,60,40,3195,detection,
3197452,18,3,2364,2364,0,0,0,100,0,7,66,0,48,40,3197,detection,
3197470,9,3,2364,2364,0,0,0,100,0,7,65,0,48,40,3197,detection,
3197481,10,3,2364,2364,0,0,0,100,0,6,77,0,48,40,3197,detection,
3198976,25,4,2565,2565,0,0,0,100,0,15,60,0,60,40,3198,detection,
3202989,20,3,2048,2048,0,0,0,100,0,14,74,0,48,40,3202,detection,
3203037,2,3,2048,2048,0,0,0,100,0,8,58,0,60,40,3203,detection,
3203075,18,3,2048,2048,0,0,0,100,0,7,71,0,48,40,3203,detection,
3203401,16,30,5913,1527,4386,0,100,100,16,0,56,0,58,40,3203,detection,
3203452,13,30,5913,1527,4386,0,100,100,27,0,64,0,48,40,3203,detection,
3203465,4,30,5913,1527,4386,0,100,100,2,0,74,0,48,40,3203,detection,
3203470,23,30,5913,1527,4386,0,100,100,21,0,64,0,48,40,3203,detection,
3203473,9,30,5913,1527,4386,0,100,100,21,0,65,0,48,40,3203,detection,
3203478,10,30,5913,1527,4386,0,100,100,0,0,66,0,48,40,3203,detection,
3204300,22,12,1597,1597,0,0,0,100,0,15,63,0,48,40,3204,detection,
3204363,11,12,1597,1597,0,0,0,100,0,16,56,0,60,40,3204,detection,
3204434,15,19,1558,1558,0,0,0,0,0,0,58,0,0,0,3204,detection,
3205809,12,22,1561,1561,0,0,0,0,0,0,76,0,0,0,3205,detection,
3205843,23,22,1561,1561,0,0,0,83,0,13,79,0,48,40,3205,detection,
3208037,7,14,768,768,0,0,0,100,61,16,58,0,60,40,3208,detection,
3208094,4,2,1049,1561,-512,100,90,100,60,7,60,0,56,40,3208,detection,
3208115,20,2,1049,1561,-512,100,95,100,0,8,55,0,56,40,3208,detection,
3208145,16,2,1049,1561,-512,100,89,100,59,7,62,0,52,40,3208,detection,
3208158,24,2,1049,1561,-512,100,87,100,57,7,65,0,49,40,3208,detection,
3208176,22,2,1049,1561,-512,100,100,100,66,8,50,0,56,40,3208,detection,
3208188,3,2,1049,1561,-512,100,88,100,59,7,63,0,49,40,3208,detection,
3208205,13,2,1049,1561,-512,100,75,100,50,13,82,0,49,40,3208,detection,
3209247,1,9,1051,1051,0,0,0,100,0,0,51,0,60,40,3209,detection,
3209286,2,9,1051,1051,0,0,0,100,56,14,68,0,48,40,3209,detection,
3209310,3,9,1051,1051,0,0,0,0,0,0,60,0,0,0,3209,detection,
3209333,13,9,1051,1051,0,0,0,100,0,15,65,0,48,40,3209,detection,
3210489,20,3,1561,1561,0,0,0,100,0,14,73,0,48,40,3210,detection,
3211033,2,24,1313,1313,0,0,0,100,0,15,62,0,54,40,3211,detection,
3211073,3,24,1313,1313,0,0,0,0,0,0,83,0,0,0,3211,detection,
3211657,24,4,1561,1561,0,0,0,100,61,7,59,0,60,40,3211,detection,
3211721,25,4,1561,1561,0,0,0,100,0,15,59,0,60,40,3211,detection,
3212342,9,13,1563,1563,0,0,0,0,0,0,100,0,0,0,3212,detection,
3212812,15,22,1561,1561,0,0,0,0,0,0,74,0,0,0,3212,detection,
3212846,23,22,1561,1561,0,0,0,74,0,13,77,0,48,40,3212,detection,
3216787,7,9,1253,1253,0,0,0,0,0,0,58,0,0,0,3216,detection,
3217154,24,4,1817,1817,0,0,0,100,0,7,60,0,60,40,3217,detection,
3217657,24,22,2073,2073,0,0,0,0,0,0,82,0,0,0,3217,detection,
3217680,12,22,2073,2073,0,0,0,0,0,0,73,0,0,0,3217,detection,
3217680,5,22,2073,2073,0,0,0,91,0,13,81,0,48,40,3217,detection,
3217718,23,22,2073,2073,0,0,0,70,0,13,75,0,48,40,3217,detection,
3219737,20,3,1305,1305,0,0,0,100,0,14,71,0,48,40,3219,detection,
3219771,16,3,1305,1305,0,0,0,0,0,0,55,0,0,0,3219,detection,
3219785,2,3,1305,1305,0,0,0,100,0,7,59,0,60,40,3219,detection,
3220396,16,2,1563,1563,0,0,0,100,62,16,57,0,60,40,3220,detection,
3220404,24,2,1563,1563,0,0,0,100,58,15,64,0,48,40,3220,detection,
3220716,9,13,1307,1307,0,0,0,0,0,0,100,0,0,0,3220,detection,
3222279,24,22,1817,1817,0,0,0,0,0,0,82,0,0,0,3222,detection,
3222305,12,22,1817,1817,0,0,0,0,0,0,70,0,0,0,3222,detection,
3222306,5,22,1817,1817,0,0,0,83,0,13,78,0,48,40,3222,detection,
3222344,23,22,1817,1817,0,0,0,70,0,7,73,0,48,40,3222,detection,
3222682,15,23,1817,1817,0,0,0,100,0,15,62,0,54,40,3222,detection,
3222726,10,23,1817,1817,0,0,0,100,0,23,62,0,54,40,3222,detection,
3225223,23,10,1888,1888,0,0,0,0,0,0,55,0,0,0,3225,detection,
3226226,10,23,1817,1817,0,0,0,100,0,23,61,0,57,40,3226,detection,
3226240,19,23,1817,1817,0,0,0,100,0,15,59,0,60,40,3226,detection,
3227074,21,30,5933,1527,4406,0,100,100,19,0,65,0,48,40,3227,detection,
3227082,18,30,5933,1527,4406,0,100,100,28,0,68,0,48,40,3227,detection,
3227099,23,30,5933,1527,4406,0,100,100,2,0,60,0,58,40,3227,detection,
3227103,10,30,5933,1527,4406,0,100,100,2,0,64,0,48,40,3227,detection,
3228267,16,2,1819,1819,0,0,0,100,0,15,60,0,60,40,3228,detection,
3228301,22,2,1819,1819,0,0,0,100,64,16,53,0,60,40,3228,detection,
3228310,3,2,1819,1819,0,0,0,100,59,15,62,0,54,40,3228,detection,
3229093,23,22,1561,1561,0,0,0,70,0,0,72,0,48,40,3229,detection,
3229766,16,3,2075,2075,0,0,0,0,0,0,56,0,0,0,3229,detection,
3229784,2,3,2075,2075,0,0,0,100,0,7,61,0,57,40,3229,detection,
3230808,15,23,1868,1868,0,0,0,100,0,15,61,0,57,40,3230,detection,
3230851,10,23,1868,1868,0,0,0,100,0,15,60,0,60,40,3230,detection,
3231409,2,12,1919,1919,0,0,0,100,58,30,64,0,48,40,3231,detection,
3236952,1,9,1253,1253,0,0,0,100,0,0,51,0,60,40,3236,detection,
3236986,14,9,1253,1253,0,0,0,0,0,0,64,0,0,0,3236,detection,
3237036,7,9,1253,1253,0,0,0,0,0,0,58,0,0,0,3237,detection,
3237077,13,9,1253,1253,0,0,0,100,0,15,64,0,48,40,3237,detection,
3240181,15,23,1612,1612,0,0,0,93,0,15,62,0,54,40,3240,detection,
3241528,16,3,1817,1817,0,0,0,0,0,0,60,0,0,0,3241,detection,
3241532,2,3,1817,1817,0,0,0,100,0,7,60,0,60,40,3241,detection,
3244269,16,2,1817,1817,0,0,0,100,0,15,59,0,60,40,3244,detection,
3244277,24,2,1817,1817,0,0,0,100,0,15,62,0,54,40,3244,detection,
3244310,3,2,1817,1817,0,0,0,0,0,0,61,0,0,0,3244,detection,
3245872,19,22,1816,1816,0,0,0,0,0,0,77,0,0,0,3245,detection,
3245932,15,22,1816,1816,0,0,0,0,0,0,71,0,0,0,3245,detection,
3251278,24,2,1865,1865,0,0,0,100,0,15,63,0,48,40,3251,detection,
3251311,3,2,1865,1865,0,0,0,0,0,0,61,0,0,0,3251,detection,
3253681,15,22,2023,2023,0,0,0,0,0,0,68,0,0,0,3253,detection,
3253685,12,22,2023,2023,0,0,0,0,0,0,68,0,0,0,3253,detection,
3253720,23,22,2023,2023,0,0,0,70,0,0,72,0,48,40,3253,detection,
3253741,19,22,2023,2023,0,0,0,0,0,0,73,0,0,0,3253,detection,
3253810,12,19,1558,1558,0,0,0,0,0,0,59,0,0,0,3253,detection,
3253832,18,19,1558,1558,0,0,0,100,0,16,58,0,60,40,3253,detection,
3254556,15,23,1612,1612,0,0,0,83,0,15,62,0,54,40,3254,detection,
3256683,15,22,1536,1536,0,0,0,0,0,0,67,0,0,0,3256,detection,
3256683,12,22,1536,1536,0,0,0,0,0,0,66,0,0,0,3256,detection,
3256721,23,22,1536,1536,0,0,0,70,0,0,70,0,48,40,3256,detection,
3256738,19,22,1536,1536,0,0,0,0,0,0,71,0,0,0,3256,detection,
3257382,1,4,1536,1536,0,0,0,100,71,18,44,0,68,55,3257,detection,
3257617,19,12,1536,1536,0,0,0,100,0,15,59,0,60,40,3257,detection,
3257677,22,12,1536,1536,0,0,0,100,0,15,62,0,54,40,3257,detection,
3258365,20,6,1305,1305,0,0,0,0,0,0,61,0,0,0,3258,detection,
3262080,13,3,2047,2047,0,0,0,0,59,0,63,0,0,0,3262,detection,
3264644,1,4,1792,1792,0,0,0,100,0,18,43,0,70,55,3264,detection,
3264677,22,13,1509,1509,0,0,0,0,0,0,100,0,0,0,3264,detection,
3264929,22,19,1280,1280,0,0,0,0,0,0,59,0,0,0,3264,detection,
3264933,12,19,1280,1280,0,0,0,0,0,0,61,0,0,0,3264,detection,
3265344,23,22,1280,1280,0,0,0,70,0,0,72,0,48,40,3265,detection,
3265366,19,22,1280,1280,0,0,0,0,0,0,73,0,0,0,3265,detection,
3265912,7,2,1865,1865,0,0,0,100,60,7,61,0,57,40,3265,detection,
3265926,22,2,1865,1865,0,0,0,100,0,16,57,0,60,40,3265,detection,
3265937,3,2,1865,1865,0,0,0,0,0,0,62,0,0,0,3265,detection,
3266487,11,12,1536,1536,0,0,0,100,0,15,59,0,60,40,3266,detection,
3266491,19,12,1536,1536,0,0,0,100,0,8,55,0,60,40,3266,detection,
3266534,2,12,1536,1536,0,0,0,100,0,23,63,0,48,40,3266,detection,
3266552,22,12,1536,1536,0,0,0,100,0,15,61,0,57,40,3266,detection,
3266596,23,10,1888,1888,0,0,0,0,0,0,54,0,0,0,3266,detection,
3266643,27,10,1888,1888,0,0,0,0,0,0,60,0,0,0,3266,detection,
3267658,2,3,1792,1792,0,0,0,100,0,7,59,0,60,40,3267,detection,
3267663,7,3,1792,1792,0,0,0,100,0,7,59,0,60,40,3267,detection,
3267704,13,3,1792,1792,0,0,0,0,0,0,63,0,0,0,3267,detection,
3269155,7,14,1765,1765,0,0,0,100,0,16,58,0,60,40,3269,detection,
3270299,22,19,1280,1280,0,0,0,0,0,0,60,0,0,0,3270,detection,
3270311,12,19,1280,1280,0,0,0,0,0,0,62,0,0,0,3270,detection,
3270326,18,19,1280,1280,0,0,0,100,0,15,59,0,60,40,3270,detection,
3272177,17,16,1665,1665,0,0,0,0,0,0,89,0,0,0,3272,detection,
3273384,1,4,1825,1825,0,0,0,100,0,18,42,0,71,55,3273,detection,
3275331,1,9,1535,1535,0,0,0,100,0,0,49,0,61,40,3275,detection,
3275341,4,9,1535,1535,0,0,0,100,0,7,65,0,48,40,3275,detection,
3275362,14,9,1535,1535,0,0,0,0,0,0,66,0,0,0,3275,detection,
3275427,22,9,1535,1535,0,0,0,83,0,15,62,0,54,40,3275,detection,
3275438,3,9,1535,1535,0,0,0,0,0,0,59,0,0,0,3275,detection,
3275452,13,9,1535,1535,0,0,0,100,0,7,59,0,60,40,3275,detection,
3275456,18,9,1535,1535,0,0,0,0,0,0,61,0,0,0,3275,detection,
3275565,15,30,5973,1527,4446,0,100,100,26,0,67,0,48,40,3275,detection,
3275602,10,30,5973,1527,4446,0,100,100,4,0,59,0,58,40,3275,detection,
3276852,10,27,1792,1792,0,0,0,0,0,0,60,0,0,0,3276,detection,
3280659,2,12,1510,1510,0,0,0,100,0,16,58,0,60,40,3280,detection,
3280682,5,12,1510,1510,0,0,0,100,58,30,64,0,48,40,3280,detection,
3282583,13,22,1280,1280,0,0,0,0,0,0,64,0,0,0,3282,detection,
3282596,23,22,1280,1280,0,0,0,70,0,0,73,0,48,40,3282,detection,
3283305,15,23,1854,1854,0,0,0,73,0,7,62,0,55,40,3283,detection,
3283306,12,23,1854,1854,0,0,0,100,0,15,66,0,48,40,3283,detection,
3283330,13,23,1854,1854,0,0,0,0,0,0,73,0,0,0,3283,detection,
3283416,17,8,1510,1510,0,0,0,0,0,0,82,0,0,0,3283,detection,
3283987,1,4,1996,1996,0,0,0,100,0,9,45,0,67,55,3283,detection,
3284060,3,4,1996,1996,0,0,0,100,0,7,64,0,48,40,3284,detection,
3286513,6,24,1313,1313,0,0,0,70,0,0,100,0,48,40,3286,detection,
3287476,10,27,2048,2048,0,0,0,0,0,0,66,0,0,0,3287,detection,
3287524,16,27,2048,2048,0,0,0,0,0,0,65,0,0,0,3287,detection,
3288743,11,19,1532,1532,0,0,0,100,0,0,59,0,60,40,3288,detection,
3288811,12,19,1532,1532,0,0,0,0,0,0,57,0,0,0,3288,detection,
3288847,9,2,1865,1865,0,0,0,100,59,15,62,0,54,40,3288,detection,
3288847,23,2,1865,1865,0,0,0,100,55,14,70,0,48,40,3288,detection,
3288861,14,2,1865,1865,0,0,0,0,0,0,66,0,0,0,3288,detection,
3288897,16,2,1865,1865,0,0,0,100,0,15,60,0,60,40,3288,detection,
3288924,22,2,1865,1865,0,0,0,100,0,16,53,0,60,40,3288,detection,
3289773,16,8,1510,1510,0,0,0,100,0,5,100,0,48,40,3289,detection,
3289785,17,8,1510,1510,0,0,0,0,0,0,79,0,0,0,3289,detection,
3289821,21,8,1510,1510,0,0,0,100,0,6,82,0,48,40,3289,detection,
3290042,17,7,1825,1825,0,0,0,0,0,0,57,0,0,0,3290,detection,
3290083,21,7,1825,1825,0,0,0,100,0,14,71,0,48,40,3290,detection,
3290114,20,7,1825,1825,0,0,0,100,0,8,57,0,60,40,3290,detection,
3290866,1,4,2157,2157,0,0,0,100,0,9,48,0,64,40,3290,detection,
3290934,3,4,2157,2157,0,0,0,100,0,7,66,0,48,40,3290,detection,
3291347,1,9,1766,1766,0,0,0,100,0,0,47,0,65,55,3291,detection,
3291361,14,9,1766,1766,0,0,0,0,0,0,65,0,0,0,3291,detection,
3293413,2,18,1536,1536,0,0,0,100,57,15,65,0,48,40,3293,detection,
3296101,10,27,2227,2227,0,0,0,0,0,0,69,0,0,0,3296,detection,
3296660,17,7,1569,1569,0,0,0,0,0,0,59,0,0,0,3296,detection,
3296691,21,7,1569,1569,0,0,0,91,0,14,72,0,48,40,3296,detection,
3296737,20,7,1569,1569,0,0,0,100,0,8,55,0,60,40,3296,detection,
3297477,10,27,2227,2227,0,0,0,0,0,0,68,0,0,0,3297,detection,
3297549,1,9,1792,1792,0,0,0,100,0,0,41,0,72,55,3297,detection,
3297575,18,9,1792,1792,0,0,0,0,0,0,56,0,0,0,3297,detection,
3297576,13,9,1792,1792,0,0,0,100,0,7,62,0,54,40,3297,detection,
3297588,4,9,1792,1792,0,0,0,100,0,7,64,0,48,40,3297,detection,
3297601,25,9,1792,1792,0,0,0,0,0,0,62,0,0,0,3297,detection,
3297609,14,9,1792,1792,0,0,0,0,0,0,64,0,0,0,3297,detection,
3297660,2,9,1792,1792,0,0,0,0,0,0,63,0,0,0,3297,detection,
3297674,22,9,1792,1792,0,0,0,73,0,7,61,0,58,40,3297,detection,
3300166,17,21,742,742,0,0,0,0,0,0,64,0,0,0,3300,detection,
3301396,16,27,2144,2144,0,0,0,0,0,0,65,0,0,0,3301,detection,
3301432,3,4,2157,2157,0,0,0,100,0,7,66,0,48,40,3301,detection,
3301473,10,27,2144,2144,0,0,0,0,0,0,70,0,0,0,3301,detection,
3301530,1,4,2157,2157,0,0,0,100,0,9,48,0,64,40,3301,detection,
3302491,11,23,1254,1254,0,0,0,0,0,0,59,0,0,0,3302,detection,
3302496,19,23,1254,1254,0,0,0,100,0,7,59,0,60,40,3302,detection,
3304079,13,16,998,998,0,0,0,0,0,0,81,0,0,0,3304,detection,
3304143,27,16,998,998,0,0,0,0,0,0,69,0,0,0,3304,detection,
3304190,21,16,998,998,0,0,0,0,0,0,87,0,0,0,3304,detection,
3304929,1,9,1536,1536,0,0,0,100,0,0,42,0,71,55,3304,detection,
3304937,3,9,1536,1536,0,0,0,0,0,0,60,0,0,0,3304,detection,
3304976,25,9,1536,1536,0,0,0,0,0,0,63,0,0,0,3304,detection,
3305049,22,9,1536,1536,0,0,0,70,0,0,62,0,55,40,3305,detection,
3306769,16,27,1510,1510,0,0,0,0,0,0,64,0,0,0,3306,detection,
3306849,10,27,1510,1510,0,0,0,0,0,0,68,0,0,0,3306,detection,
3307055,22,13,1510,1510,0,0,0,0,0,0,94,0,0,0,3307,detection,
3307059,12,13,1510,1510,0,0,0,0,0,0,74,0,0,0,3307,detection,
3307061,15,13,1510,1510,0,0,0,0,0,0,87,0,0,0,3307,detection,
3307145,16,13,1510,1510,0,0,0,0,0,0,90,0,0,0,3307,detection,
3307895,27,8,1510,1510,0,0,0,0,0,0,89,0,0,0,3307,detection,
3307943,21,8,1510,1510,0,0,0,100,0,6,80,0,48,40,3307,detection,
3308141,27,10,1510,1510,0,0,0,0,0,0,59,0,0,0,3308,detection,
3308197,21,7,1569,1569,0,0,0,81,0,14,72,0,48,40,3308,detection,
3308286,17,7,1569,1569,0,0,0,0,0,0,59,0,0,0,3308,detection,
3308332,18,19,1737,1737,0,0,0,100,0,15,59,0,60,40,3308,detection,
3308498,19,18,1536,1536,0,0,0,100,57,14,67,0,48,40,3308,detection,
3311244,19,22,1717,1717,0,0,0,0,0,0,69,0,0,0,3311,detection,
3311313,12,22,1717,1717,0,0,0,0,0,0,60,0,0,0,3311,detection,
3311454,13,16,998,998,0,0,0,0,0,0,83,0,0,0,3311,detection,
3311738,14,23,1535,1535,0,0,0,85,0,7,73,0,48,40,3311,detection,
3311738,11,23,1535,1535,0,0,0,0,0,0,59,0,0,0,3311,detection,
3311760,6,23,1535,1535,0,0,0,100,59,15,62,0,54,40,3311,detection,
3312491,19,12,1510,1510,0,0,0,100,0,8,54,0,60,40,3312,detection,
3313634,6,14,2093,2093,0,0,0,100,61,15,59,0,60,40,3313,detection,
3314727,10,13,1510,1510,0,0,0,0,0,0,65,0,0,0,3314,detection,
3314739,20,13,1510,1510,0,0,0,0,0,0,67,0,0,0,3314,detection,
3314769,16,13,1510,1510,0,0,0,0,0,0,84,0,0,0,3314,detection,
3314798,22,13,1510,1510,0,0,0,0,0,0,87,0,0,0,3314,detection,
3314807,12,13,1510,1510,0,0,0,0,0,0,72,0,0,0,3314,detection,
3316909,7,9,1587,1587,0,0,0,0,0,0,55,0,0,0,3316,detection,
3316935,3,9,1587,1587,0,0,0,0,0,0,61,0,0,0,3316,detection,
3316974,25,9,1587,1587,0,0,0,0,0,0,62,0,0,0,3316,detection,
3317762,6,20,1049,1049,0,100,0,0,0,0,100,0,49,40,3317,detection,
3318885,6,14,2047,2047,0,0,0,100,0,16,54,0,60,40,3318,detection,
3322694,21,16,998,998,0,0,0,0,0,0,79,0,0,0,3322,detection,
3322703,13,16,998,998,0,0,0,0,0,0,85,0,0,0,3322,detection,
3323611,11,23,1481,1481,0,0,0,0,0,0,58,0,0,0,3323,detection,
3323612,14,23,1481,1481,0,0,0,77,0,7,71,0,48,40,3323,detection,
3323633,6,23,1481,1481,0,0,0,100,0,15,61,0,57,40,3323,detection,
3326723,9,3,1254,1254,0,0,0,100,0,0,73,0,48,40,3326,detection,
3326740,20,3,1254,1254,0,0,0,100,0,6,77,0,48,40,3326,detection,
3326762,6,3,1254,1254,0,0,0,100,0,0,66,0,48,40,3326,detection,
3326769,16,3,1254,1254,0,0,0,0,0,0,61,0,0,0,3326,detection,
3326787,7,3,1254,1254,0,0,0,100,0,7,60,0,60,40,3326,detection,
3327101,25,21,1766,1766,0,0,0,100,51,13,80,0,48,40,3327,detection,
3327609,8,13,1484,1484,0,0,0,0,0,0,86,0,0,0,3327,detection,
3327686,15,13,1484,1484,0,0,0,0,0,0,81,0,0,0,3327,detection,
3327724,10,13,1484,1484,0,0,0,0,0,0,64,0,0,0,3327,detection,
3329434,12,19,1330,1330,0,0,0,0,0,0,61,0,0,0,3329,detection,
3329928,22,16,2022,2022,0,0,0,0,0,0,81,0,0,0,3329,detection,
3329929,5,16,2022,2022,0,0,0,0,0,0,64,0,0,0,3329,detection,
3329944,21,16,2022,2022,0,0,0,0,0,0,78,0,0,0,3329,detection,
3329967,9,16,2022,2022,0,0,0,0,0,0,69,0,0,0,3329,detection,
3329993,11,16,2022,2022,0,0,0,0,0,0,100,0,0,0,3329,detection,
3329997,19,16,2022,2022,0,0,0,0,0,0,81,0,0,0,3329,detection,
3330872,19,22,1766,1766,0,0,0,0,0,0,68,0,0,0,3330,detection,
3331234,14,23,1766,1766,0,0,0,70,0,7,68,0,48,40,3331,detection,
3332514,27,8,1817,1817,0,0,0,0,0,0,82,0,0,0,3332,detection,
3333230,10,2,1842,1842,0,0,0,0,0,0,66,0,0,0,3333,detection,
3333241,20,7,1619,1619,0,0,0,87,0,7,60,0,60,40,3333,detection,
3333323,21,7,1619,1619,0,0,0,72,0,14,71,0,48,40,3333,detection,
3333330,13,2,1842,1842,0,0,0,100,52,20,77,0,48,40,3333,detection,
3333613,19,12,1717,1717,0,0,0,100,0,8,55,0,60,40,3333,detection,
3333990,20,3,1842,1842,0,0,0,100,0,6,75,0,48,40,3333,detection,
3334009,6,3,1842,1842,0,0,0,100,0,0,69,0,48,40,3334,detection,
3334016,16,3,1842,1842,0,0,0,0,0,0,60,0,0,0,3334,detection,
3334034,7,3,1842,1842,0,0,0,100,0,7,60,0,60,40,3334,detection,
3334884,6,14,1670,1670,0,80,0,100,0,15,64,0,49,40,3334,detection,
3334898,16,14,1670,1670,0,80,0,100,57,15,65,0,49,40,3334,detection,
3334910,7,14,1670,1670,0,80,0,0,0,0,63,0,49,40,3334,detection,
3334933,15,13,1561,1561,0,0,0,0,0,0,75,0,0,0,3334,detection,
3334974,10,13,1561,1561,0,0,0,0,0,0,66,0,0,0,3334,detection,
3334979,8,13,1561,1561,0,0,0,0,0,0,81,0,0,0,3334,detection,
3335990,11,23,2098,2098,0,0,0,0,0,0,60,0,0,0,3335,detection,
3336548,22,16,2022,2022,0,0,0,0,0,0,76,0,0,0,3336,detection,
3336569,21,16,2022,2022,0,0,0,0,0,0,74,0,0,0,3336,detection,
3337061,12,10,2354,2354,0,0,0,0,0,0,62,0,0,0,3337,detection,
3337600,25,21,1792,1792,0,0,0,99,0,13,83,0,48,40,3337,detection,
3337640,27,21,1792,1792,0,0,0,100,0,16,52,0,60,40,3337,detection,
3338395,6,3,2182,2182,0,0,0,100,0,0,68,0,48,40,3338,detection,
3342932,12,19,1396,1396,0,0,0,0,0,0,61,0,0,0,3342,detection,
3343968,4,30,6013,1816,4197,0,100,100,20,0,73,0,48,40,3343,detection,
3344408,24,23,2131,2131,0,0,0,100,0,8,57,0,60,40,3344,detection,
3344409,7,3,1926,1926,0,0,0,100,0,7,61,0,57,40,3344,detection,
3344456,18,3,1926,1926,0,0,0,100,0,6,75,0,48,40,3344,detection,
3344511,6,3,1926,1926,0,0,0,100,0,0,71,0,48,40,3344,detection,
3344523,16,3,1926,1926,0,0,0,0,0,0,61,0,0,0,3344,detection,
3345183,12,10,2098,2098,0,0,0,0,0,0,63,0,0,0,3345,detection,
3345996,19,16,2022,2022,0,0,0,0,0,0,75,0,0,0,3345,detection,
3346068,21,16,2022,2022,0,0,0,0,0,0,71,0,0,0,3346,detection,
3346217,4,16,2022,2022,0,0,0,0,0,0,69,0,0,0,3346,detection,
3346993,1,2,1766,1766,0,0,0,100,68,18,48,0,64,40,3346,detection,
3347100,10,2,1766,1766,0,0,0,0,0,0,66,0,0,0,3347,detection,
3349193,21,16,2073,2073,0,0,0,0,0,0,70,0,0,0,3349,detection,
3350392,27,21,1843,1843,0,0,0,100,0,16,57,0,60,40,3350,detection,
3352350,1,3,1926,1926,0,0,0,100,70,27,45,0,67,55,3352,detection,
3353553,5,14,1817,1817,0,0,0,0,0,0,63,0,0,0,3353,detection,
3353777,24,23,2534,2534,0,0,0,100,0,8,57,0,60,40,3353,detection,
3356213,4,16,2073,2073,0,0,0,0,0,0,69,0,0,0,3356,detection,
3356793,1,3,1817,1817,0,0,0,100,0,27,44,0,68,55,3356,detection,
3356909,2,3,1817,1817,0,0,0,100,0,0,55,0,60,40,3356,detection,
3359020,16,27,1766,1766,0,0,0,0,0,0,64,0,0,0,3359,detection,
3359054,22,27,1766,1766,0,0,0,0,0,0,69,0,0,0,3359,detection,
3359093,26,27,1766,1766,0,0,0,0,0,0,65,0,0,0,3359,detection,
3361854,8,13,1884,1884,0,0,0,0,0,0,77,0,0,0,3361,detection,
3361932,15,13,1884,1884,0,0,0,0,0,0,72,0,0,0,3361,detection,
3362155,24,23,2535,2535,0,0,0,100,0,8,57,0,60,40,3362,detection,
3363990,14,5,2278,2278,0,0,0,0,0,0,75,0,0,0,3363,detection,
3363995,19,5,2278,2278,0,0,0,0,48,0,87,0,0,0,3363,detection,
3364681,5,19,1655,1655,0,0,0,0,0,0,54,0,0,0,3364,detection,
3364701,18,3,1817,1817,0,0,0,100,0,6,75,0,48,40,3364,detection,
3364705,1,3,1817,1817,0,0,0,100,0,18,44,0,68,55,3364,detection,
3364786,7,3,1817,1817,0,0,0,100,0,7,60,0,60,40,3364,detection,
3365294,1,2,1561,1561,0,0,0,100,0,18,49,0,61,40,3365,detection,
3365310,3,2,1561,1561,0,0,0,0,0,0,58,0,0,0,3365,detection,
3366488,14,10,2167,2167,0,0,0,0,0,0,59,0,0,0,3366,detection,
3366491,8,10,2167,2167,0,0,0,0,0,0,56,0,0,0,3366,detection,
3366549,5,10,2167,2167,0,0,0,0,0,0,59,0,0,0,3366,detection,
3366557,12,10,2167,2167,0,0,0,0,0,0,58,0,0,0,3366,detection,
3366581,18,30,6053,1816,4237,0,100,100,18,0,66,0,48,40,3366,detection,
3367561,3,18,2271,2271,0,0,0,0,60,0,61,0,0,0,3367,detection,
3370141,27,21,2073,2073,0,0,0,100,0,16,56,0,60,40,3370,detection,
3370218,26,21,2073,2073,0,0,0,100,0,25,58,0,60,40,3370,detection,
3372541,17,16,2073,2073,0,0,0,0,0,0,91,0,0,0,3372,detection,
3372554,22,16,2073,2073,0,0,0,0,0,0,75,0,0,0,3372,detection,
3372589,4,16,2073,2073,0,0,0,0,0,0,69,0,0,0,3372,detection,
3373320,1,2,1561,1561,0,0,0,100,0,18,49,0,61,40,3373,detection,
3373330,18,2,1561,1561,0,0,0,100,62,25,56,0,60,40,3373,detection,
3373353,10,2,1561,1561,0,0,0,0,0,0,66,0,0,0,3373,detection,
3373362,14,2,1561,1561,0,0,0,0,0,0,66,0,0,0,3373,detection,
3373431,3,2,1561,1561,0,0,0,0,0,0,59,0,0,0,3373,detection,
3373912,2,18,2073,2073,0,0,0,100,0,15,63,0,48,40,3373,detection,
3373923,1,10,1911,1911,0,0,0,100,0,20,37,0,74,55,3373,detection,
3373931,12,10,1911,1911,0,0,0,0,0,0,58,0,0,0,3373,detection,
3373978,8,10,1911,1911,0,0,0,0,0,0,57,0,0,0,3373,detection,
3373986,14,10,1911,1911,0,0,0,0,0,0,61,0,0,0,3373,detection,
3374568,21,26,2073,2073,0,0,0,0,0,0,70,0,0,0,3374,detection,
3376937,15,5,2073,2073,0,0,0,100,0,15,64,0,48,40,3376,detection,
3376986,14,5,2073,2073,0,0,0,0,0,0,67,0,0,0,3376,detection,
3377020,27,18,2073,2073,0,0,0,100,57,15,66,0,48,40,3377,detection,
3377032,2,18,2073,2073,0,0,0,100,0,15,62,0,54,40,3377,detection,
3377098,9,24,1517,1517,0,0,0,100,0,12,91,0,48,40,3377,detection,
3379713,1,3,1817,1817,0,0,0,100,0,10,38,0,74,55,3379,detection,
3383887,27,18,2047,2047,0,0,0,100,0,15,64,0,48,40,3383,detection,
3384192,21,26,2029,2029,0,0,0,0,0,0,68,0,0,0,3384,detection,
3384619,19,5,1773,1773,0,0,0,0,0,0,84,0,0,0,3384,detection,
3385492,20,2,1791,1791,0,0,0,100,61,16,58,0,60,40,3385,detection,
3385522,16,2,1791,1791,0,0,0,100,0,15,59,0,60,40,3385,detection,
3388765,1,10,1911,1911,0,0,0,100,0,20,37,0,74,55,3388,detection,
3388787,7,10,1911,1911,0,0,0,100,0,8,57,0,60,40,3388,detection,
3388806,12,10,1911,1911,0,0,0,0,0,0,59,0,0,0,3388,detection,
3388854,8,10,1911,1911,0,0,0,0,0,0,58,0,0,0,3388,detection,
3388861,14,10,1911,1911,0,0,0,0,0,0,62,0,0,0,3388,detection,
3389490,20,6,1859,1859,0,0,0,0,0,0,63,0,0,0,3389,detection,
3389529,24,6,1859,1859,0,0,0,100,0,14,67,0,48,40,3389,detection,
3390691,21,26,2285,2285,0,0,0,0,0,0,66,0,0,0,3390,detection,
3393698,21,8,1928,1928,0,0,0,100,0,6,77,0,48,40,3393,detection,
3393715,26,8,1928,1928,0,0,0,100,0,7,74,0,48,40,3393,detection,
3393723,9,8,1928,1928,0,0,0,0,0,0,91,0,0,0,3393,detection,
3397364,20,7,1998,1998,0,0,0,77,0,7,60,0,60,40,3397,detection,
3397637,27,18,2047,2047,0,0,0,100,0,15,59,0,60,40,3397,detection,
3397987,20,4,2073,2073,0,0,0,100,62,25,57,0,60,40,3397,detection,
3399880,1,3,2783,2783,0,0,0,100,0,10,41,0,72,55,3399,detection,
3399979,10,3,2783,2783,0,0,0,100,0,6,77,0,48,40,3399,detection,
3400362,11,23,2098,2098,0,0,0,0,0,0,58,0,0,0,3400,detection,
3400371,19,23,2098,2098,0,0,0,100,0,7,60,0,60,40,3400,detection,
3400384,6,23,2098,2098,0,0,0,100,0,15,66,0,48,40,3400,detection,
3403675,22,27,1740,1740,0,0,0,0,0,0,68,0,0,0,3403,detection,
3403773,16,27,1740,1740,0,0,0,0,0,0,60,0,0,0,3403,detection,
3407536,2,16,2073,2073,0,0,0,0,0,0,77,0,0,0,3407,detection,
3407549,22,16,2073,2073,0,0,0,0,0,0,74,0,0,0,3407,detection,
3407574,18,16,2073,2073,0,0,0,0,0,0,96,0,0,0,3407,detection,
3407587,4,16,2073,2073,0,0,0,0,0,0,69,0,0,0,3407,detection,
3407621,19,16,2073,2073,0,0,0,0,0,0,77,0,0,0,3407,detection,
3409167,17,26,2285,2285,0,0,0,0,0,0,83,0,0,0,3409,detection,
3413497,19,22,1945,1945,0,0,0,0,0,0,65,0,0,0,3413,detection,
3414901,24,9,2192,2192,0,0,0,100,0,15,62,0,54,40,3414,detection,
3414913,7,9,2192,2192,0,0,0,0,0,0,56,0,0,0,3414,detection,
3414974,25,9,2192,2192,0,0,0,0,0,0,65,0,0,0,3414,detection,
3414982,8,9,2192,2192,0,0,0,100,0,7,62,0,54,40,3414,detection,
3415551,22,2,1998,1998,0,0,0,100,0,15,59,0,60,40,3415,detection,
3415576,18,2,1998,1998,0,0,0,100,0,16,57,0,60,40,3415,detection,
3415592,4,2,1998,1998,0,0,0,0,59,0,63,0,0,0,3415,detection,
3415614,20,2,1998,1998,0,0,0,100,0,16,53,0,60,40,3415,detection,
3416185,3,13,1884,1884,0,0,0,0,0,0,100,0,0,0,3416,detection,
3416384,1,3,3426,3426,0,0,0,100,0,9,45,0,67,55,3416,detection,
3416453,13,3,3426,3426,0,0,0,0,0,0,62,0,0,0,3416,detection,
3416475,9,3,3426,3426,0,0,0,100,0,0,70,0,48,40,3416,detection,
3416483,8,3,3426,3426,0,0,0,100,0,8,57,0,60,40,3416,detection,
3417809,1,24,1791,1791,0,0,0,0,0,0,51,0,0,0,3417,detection,
3417872,19,23,2098,2098,0,0,0,100,0,7,61,0,57,40,3417,detection,
3417875,11,23,2098,2098,0,0,0,0,0,0,60,0,0,0,3417,detection,
3419158,2,18,2252,2252,0,0,0,100,0,15,61,0,57,40,3419,detection,
3419245,19,18,2252,2252,0,0,0,100,0,15,64,0,48,40,3419,detection,
3419265,27,18,2252,2252,0,0,0,100,0,15,61,0,57,40,3419,detection,
3419345,1,3,2396,2396,0,0,0,100,0,9,44,0,68,55,3419,detection,
3419354,10,3,2396,2396,0,0,0,100,0,7,73,0,48,40,3419,detection,
3419354,8,3,2396,2396,0,0,0,100,0,7,61,0,57,40,3419,detection,
3419451,13,3,2396,2396,0,0,0,0,0,0,58,0,0,0,3419,detection,
3419476,9,3,2396,2396,0,0,0,100,0,0,70,0,48,40,3419,detection,
3421812,1,10,2702,2702,0,0,0,100,0,18,43,0,70,55,3421,detection,
3421841,4,10,2702,2702,0,0,0,0,0,0,65,0,0,0,3421,detection,
3421847,9,10,2702,2702,0,0,0,100,0,0,61,0,57,40,3421,detection,
3421857,8,10,2702,2702,0,0,0,0,0,0,61,0,0,0,3421,detection,
3421892,27,10,2702,2702,0,0,0,0,0,0,57,0,0,0,3421,detection,
3421914,7,10,2702,2702,0,0,0,100,0,8,57,0,60,40,3421,detection,
3421931,12,10,2702,2702,0,0,0,0,0,0,65,0,0,0,3421,detection,
3422117,11,19,1580,1580,0,0,0,100,0,0,59,0,60,40,3422,detection,
3425013,27,18,2252,2252,0,0,0,94,0,15,60,0,60,40,3425,detection,
3425269,1,24,1816,1816,0,0,0,0,0,0,51,0,0,0,3425,detection,
3427479,8,3,2140,2140,0,0,0,100,0,0,63,0,48,40,3427,detection,
3427480,9,3,2140,2140,0,0,0,100,0,0,74,0,48,40,3427,detection,
3427520,16,3,2140,2140,0,0,0,0,0,0,62,0,0,0,3427,detection,
3427576,13,3,2140,2140,0,0,0,0,0,0,60,0,0,0,3427,detection,
3429040,17,26,2285,2285,0,0,0,0,0,0,74,0,0,0,3429,detection,
3429368,19,15,2423,2423,0,0,0,70,0,0,65,0,48,40,3429,detection,
3431360,14,5,2003,2003,0,0,0,0,0,0,68,0,0,0,3431,detection,
3432720,26,12,2585,2585,0,0,0,100,60,15,60,0,60,40,3432,detection,
3432724,23,12,2585,2585,0,0,0,100,0,15,60,0,60,40,3432,detection,
3432784,2,12,2585,2585,0,0,0,100,0,15,60,0,60,40,3432,detection,
3432805,22,12,2585,2585,0,0,0,100,0,7,60,0,60,40,3432,detection,
3436615,19,15,2397,2397,0,0,0,70,0,0,64,0,48,40,3436,detection,
3436616,11,15,2397,2397,0,0,0,0,0,0,59,0,0,0,3436,detection,
3437301,5,14,2515,2515,0,0,0,0,0,0,62,0,0,0,3437,detection,
3438139,27,18,2226,2226,0,0,0,84,0,15,60,0,60,40,3438,detection,
3438246,19,18,2226,2226,0,0,0,100,0,15,63,0,48,40,3438,detection,
3438596,23,12,2789,2789,0,0,0,100,0,15,61,0,57,40,3438,detection,
3438660,2,12,2789,2789,0,0,0,100,0,15,61,0,57,40,3438,detection,
3440644,1,24,1816,1816,0,0,0,0,0,0,46,0,0,0,3440,detection,
3440718,9,24,1816,1816,0,0,0,100,0,12,91,0,48,40,3440,detection,
3441514,6,3,2140,2140,0,0,0,100,0,0,74,0,48,40,3441,detection,
3441517,16,3,2140,2140,0,0,0,0,0,0,63,0,0,0,3441,detection,
3442683,15,23,2098,2098,0,0,0,70,0,0,59,0,61,40,3442,detection,
3442684,12,23,2098,2098,0,0,0,100,0,14,71,0,48,40,3442,detection,
3442739,11,23,2098,2098,0,0,0,0,0,0,61,0,0,0,3442,detection,
3442747,19,23,2098,2098,0,0,0,100,0,8,58,0,60,40,3442,detection,
3443968,4,30,6113,1816,4297,0,100,100,10,0,71,0,48,40,3443,detection,
3443973,9,30,6113,1816,4297,0,100,100,10,0,64,0,48,40,3443,detection,
3443978,10,30,6113,1816,4297,0,100,100,17,0,58,0,58,40,3443,detection,
3443985,8,30,6113,1816,4297,0,100,100,11,0,56,0,58,40,3443,detection,
3444020,27,30,6113,1816,4297,0,100,100,10,0,59,0,58,40,3444,detection,
3444061,15,30,6113,1816,4297,0,100,100,16,0,65,0,48,40,3444,detection,
3445058,3,6,2585,2585,0,0,0,0,0,0,78,0,0,0,3445,detection,
3447738,19,15,2397,2397,0,0,0,70,0,0,62,0,55,40,3447,detection,
3447738,11,15,2397,2397,0,0,0,0,0,0,58,0,0,0,3447,detection,
3451215,26,12,2789,2789,0,0,0,100,0,16,56,0,60,40,3451,detection,
3451219,23,12,2789,2789,0,0,0,100,0,7,60,0,60,40,3451,detection,
3451241,19,12,2789,2789,0,0,0,100,0,7,59,0,60,40,3451,detection,
3451283,2,12,2789,2789,0,0,0,100,0,15,61,0,57,40,3451,detection,
3451301,22,12,2789,2789,0,0,0,100,0,8,56,0,60,40,3451,detection,
3451909,24,6,2329,2329,0,0,0,100,0,14,68,0,48,40,3451,detection,
3451934,3,6,2329,2329,0,0,0,0,0,0,77,0,0,0,3451,detection,
3452019,27,8,1928,1928,0,0,0,0,0,0,79,0,0,0,3452,detection,
3452071,21,16,2510,2510,0,0,0,0,0,0,70,0,0,0,3452,detection,
3452088,26,8,1928,1928,0,0,0,100,0,7,70,0,48,40,3452,detection,
3452654,1,4,2073,2073,0,0,0,100,0,9,47,0,65,55,3452,detection,
3452655,24,4,2073,2073,0,0,0,100,0,7,60,0,60,40,3452,detection,
3452698,12,4,2073,2073,0,0,0,100,61,16,58,0,60,40,3452,detection,
3452732,8,4,2073,2073,0,0,0,100,60,23,60,0,60,40,3452,detection,
3454239,20,7,2184,2184,0,0,0,70,0,0,60,0,61,40,3454,detection,
3454291,17,7,2184,2184,0,0,0,0,0,0,62,0,0,0,3454,detection,
3456175,22,12,2585,2585,0,0,0,100,0,0,59,0,60,40,3456,detection,
3456214,26,12,2585,2585,0,0,0,100,0,15,59,0,60,40,3456,detection,
3456218,23,12,2585,2585,0,0,0,100,0,7,59,0,60,40,3456,detection,
3456244,11,12,2585,2585,0,0,0,100,0,15,59,0,60,40,3456,detection,
3456966,4,13,2084,2084,0,0,0,0,0,0,84,0,0,0,3456,detection,
3463280,24,6,2766,2766,0,0,0,100,0,15,66,0,48,40,3463,detection,
3463512,6,14,2259,2259,0,0,0,100,0,15,64,0,48,40,3463,detection,
3463532,16,14,2259,2259,0,0,0,100,0,15,65,0,48,40,3463,detection,
3464018,16,14,2259,2259,0,0,0,100,0,15,65,0,48,40,3464,detection,
3464221,23,12,2696,2696,0,0,0,100,0,7,59,0,60,40,3464,detection,
3464238,19,12,2696,2696,0,0,0,100,0,0,58,0,60,40,3464,detection,
3464238,11,12,2696,2696,0,0,0,100,0,8,58,0,60,40,3464,detection,
3464307,5,12,2696,2696,0,0,0,100,0,30,63,0,48,40,3464,detection,
3466846,25,18,2226,2226,0,0,0,100,60,15,60,0,60,40,3466,detection,
3466937,15,18,2226,2226,0,0,0,100,61,30,59,0,60,40,3466,detection,
3467385,6,3,2370,2370,0,0,0,100,0,0,72,0,48,40,3467,detection,
3467396,16,3,2370,2370,0,0,0,0,0,0,58,0,0,0,3467,detection,
3467411,2,3,2370,2370,0,0,0,100,0,0,58,0,60,40,3467,detection,
3469365,19,12,2440,2440,0,0,0,100,0,0,59,0,60,40,3469,detection,
3469426,5,12,2440,2440,0,0,0,100,0,23,60,0,60,40,3469,detection,
3469429,22,12,2440,2440,0,0,0,100,0,0,60,0,60,40,3469,detection,
3469468,23,12,2440,2440,0,0,0,100,0,7,60,0,60,40,3469,detection,
3470345,9,24,1816,1816,0,0,0,100,0,6,86,0,48,40,3470,detection,
3470387,6,24,1816,1816,0,0,0,70,0,0,100,0,48,40,3470,detection,
3470414,2,24,1816,1816,0,0,0,100,0,15,62,0,54,40,3470,detection,
3470934,15,11,2018,2018,0,0,0,0,0,0,84,0,0,0,3470,detection,
3472405,24,10,2328,2328,0,0,0,100,0,8,58,0,60,40,3472,detection,
3473029,24,6,2328,2328,0,0,0,100,0,14,68,0,48,40,3473,detection,
3473411,7,10,2072,2072,0,0,0,100,0,7,63,0,48,40,3473,detection,
3473429,5,10,2072,2072,0,0,0,0,0,0,61,0,0,0,3473,detection,
3473437,12,10,2072,2072,0,0,0,0,0,0,70,0,0,0,3473,detection,
3473466,4,10,2072,2072,0,0,0,0,0,0,67,0,0,0,3473,detection,
3473481,9,10,2072,2072,0,0,0,100,0,0,63,0,48,40,3473,detection,
3473483,8,10,2072,2072,0,0,0,0,0,0,67,0,0,0,3473,detection,
3473518,27,10,2072,2072,0,0,0,0,0,0,64,0,0,0,3473,detection,
3473528,24,10,2072,2072,0,0,0,100,0,7,59,0,60,40,3473,detection,
3475238,14,2,2184,2184,0,0,0,0,0,0,68,0,0,0,3475,detection,
3475274,16,2,2184,2184,0,0,0,100,0,15,62,0,54,40,3475,detection,
3475293,24,2,2184,2184,0,0,0,100,0,15,66,0,48,40,3475,detection,
3475311,3,2,2184,2184,0,0,0,0,0,0,63,0,0,0,3475,detection,
3475347,23,2,2184,2184,0,0,0,100,0,14,71,0,48,40,3475,detection,
3475738,11,15,2558,2558,0,0,0,0,0,0,58,0,0,0,3475,detection,
3475742,19,15,2558,2558,0,0,0,70,0,0,61,0,58,40,3475,detection,
3475803,5,15,2558,2558,0,0,0,0,0,0,59,0,0,0,3475,detection,
3476936,15,5,2509,2509,0,0,0,100,0,15,63,0,48,40,3476,detection,
3478465,9,24,2081,2081,0,0,0,100,0,6,80,0,48,40,3478,detection,
3478534,2,24,2081,2081,0,0,0,100,0,7,61,0,57,40,3478,detection,
3479570,21,16,2696,2696,0,0,0,0,0,0,67,0,0,0,3479,detection,
3479640,27,16,2696,2696,0,0,0,0,0,0,67,0,0,0,3479,detection,
3479660,2,16,2696,2696,0,0,0,0,0,0,73,0,0,0,3479,detection,
3479907,1,6,2328,2328,0,0,0,0,0,0,46,0,0,0,3479,detection,
3480526,24,10,2377,2377,0,0,0,100,0,7,59,0,60,40,3480,detection,
3480538,7,10,2377,2377,0,0,0,100,0,7,64,0,48,40,3480,detection,
3480555,5,10,2377,2377,0,0,0,0,0,0,62,0,0,0,3480,detection,
3480589,4,10,2377,2377,0,0,0,0,0,0,68,0,0,0,3480,detection,
3480594,9,10,2377,2377,0,0,0,100,0,0,60,0,60,40,3480,detection,
3480598,23,10,2377,2377,0,0,0,0,0,0,59,0,0,0,3480,detection,
3481062,15,22,1945,1945,0,0,0,0,0,0,64,0,0,0,3481,detection,
3481097,23,22,1945,1945,0,0,0,70,0,0,74,0,48,40,3481,detection,
3481303,5,22,1945,1945,0,0,0,71,0,13,81,0,48,40,3481,detection,
3481345,23,22,1945,1945,0,0,0,70,0,0,75,0,48,40,3481,detection,
3481370,19,22,1945,1945,0,0,0,0,0,0,66,0,0,0,3481,detection,
3481405,24,22,1945,1945,0,0,0,0,0,0,80,0,0,0,3481,detection,
3482693,21,27,2584,2584,0,0,0,0,0,0,64,0,0,0,3482,detection,
3482773,16,27,2584,2584,0,0,0,0,0,0,63,0,0,0,3482,detection,
3482790,17,27,2584,2584,0,0,0,0,0,0,60,0,0,0,3482,detection,
3484360,1,6,1945,2457,-512,100,100,100,67,9,49,0,57,40,3484,detection,
3484498,19,5,1945,2457,-512,100,78,100,52,6,78,0,49,40,3484,detection,
3484561,15,5,1945,2457,-512,100,89,100,59,23,62,0,52,40,3484,detection,
3485360,1,9,2304,2304,0,0,0,100,0,0,44,0,68,55,3485,detection,
3485459,13,9,2304,2304,0,0,0,0,0,0,61,0,0,0,3485,detection,
3485468,4,9,2304,2304,0,0,0,100,0,7,62,0,54,40,3485,detection,
3485492,8,9,2304,2304,0,0,0,100,0,7,61,0,57,40,3485,detection,
3485493,1,9,2304,2304,0,0,0,100,0,0,43,0,70,55,3485,detection,
3485535,7,9,2304,2304,0,0,0,0,0,0,59,0,0,0,3485,detection,
3485552,22,9,2304,2304,0,0,0,70,0,0,61,0,58,40,3485,detection,
3485589,4,9,2304,2304,0,0,0,100,0,0,57,0,60,40,3485,detection,
3487409,2,16,2440,2440,0,0,0,0,0,0,72,0,0,0,3487,detection,
3488117,20,7,2304,2816,-512,100,91,100,61,7,59,0,56,40,3488,detection,
3488426,22,12,2440,2440,0,0,0,100,0,0,61,0,57,40,3488,detection,
3488430,5,12,2440,2440,0,0,0,100,0,15,60,0,60,40,3488,detection,
3489799,5,15,2356,2356,0,0,0,0,0,0,59,0,0,0,3489,detection,
3490300,5,12,2356,2356,0,0,0,100,0,7,63,0,48,40,3490,detection,
3490304,22,12,2356,2356,0,0,0,100,0,0,60,0,60,40,3490,detection,
3490304,24,9,2304,2816,-512,100,90,100,60,0,61,0,54,40,3490,detection,
3490364,11,12,2356,2356,0,0,0,100,0,8,58,0,60,40,3490,detection,
3490367,1,6,1945,2457,-512,100,100,100,0,9,48,0,59,40,3490,detection,
3494337,1,4,2440,2440,0,0,0,100,0,0,41,0,72,55,3494,detection,
3495519,16,27,2738,2738,0,0,0,0,0,0,61,0,0,0,3495,detection,
3496050,5,15,2457,2457,0,0,0,0,0,0,58,0,0,0,3496,detection,
3496295,1,10,2395,2395,0,0,0,100,0,9,48,0,64,40,3496,detection,
3496742,20,7,1945,2457,-512,100,91,100,0,7,59,0,56,40,3496,detection,
3497092,9,24,2457,2457,0,0,0,100,0,0,75,0,48,40,3497,detection,
3497739,11,12,2584,2584,0,0,0,100,0,0,57,0,60,40,3497,detection,
3497792,1,4,2457,2457,0,0,0,100,0,0,45,0,67,55,3497,detection,
3498098,1,4,2457,2457,0,0,0,100,0,0,44,0,68,55,3498,detection,
3500050,5,12,2585,2585,0,0,0,100,0,7,63,0,48,40,3500,detection,
3500051,22,12,2585,2585,0,0,0,100,0,0,61,0,57,40,3500,detection,
3500114,11,12,2585,2585,0,0,0,100,0,0,54,0,60,40,3500,detection,
3500177,17,27,2816,2816,0,0,0,0,0,0,59,0,0,0,3500,detection,
3503537,7,9,2304,2816,-512,100,91,100,61,7,59,0,56,40,3503,detection,
3503589,4,9,2304,2816,-512,100,90,100,60,7,60,0,56,40,3503,detection,
3503603,25,9,2304,2816,-512,100,86,100,57,7,66,0,49,40,3503,detection,
3503610,8,9,2304,2816,-512,100,90,100,60,15,60,0,56,40,3503,detection,
3504533,2,16,2440,2440,0,0,0,0,0,0,66,0,0,0,3504,detection,
3504555,5,22,1945,2457,-512,100,78,100,52,20,77,0,49,40,3504,detection,
3504563,12,22,1945,2457,-512,100,88,100,59,7,63,0,49,40,3504,detection,
3504815,1,6,1945,2457,-512,100,100,100,0,9,47,0,61,40,3504,detection,
3504891,27,21,2302,2302,0,0,0,100,0,7,59,0,60,40,3504,detection,
3504912,17,21,2302,2302,0,0,0,0,0,0,59,0,0,0,3504,detection,
3505768,16,27,2302,2302,0,0,0,0,0,0,60,0,0,0,3505,detection,
3505789,17,27,2302,2302,0,0,0,0,0,0,55,0,0,0,3505,detection,
3505818,21,27,2302,2302,0,0,0,0,0,0,58,0,0,0,3505,detection,
3506288,7,4,2201,2201,0,0,0,100,59,15,63,0,48,40,3506,detection,
3506583,1,4,2201,2201,0,0,0,100,0,0,46,0,67,55,3506,detection,
3506635,6,4,2201,2201,0,0,0,100,0,15,64,0,48,40,3506,detection,
3506660,7,4,2201,2201,0,0,0,100,0,15,59,0,60,40,3506,detection,
3507707,13,23,2098,2098,0,0,0,0,0,0,73,0,0,0,3507,detection,
3508238,11,12,2201,2201,0,0,0,100,0,0,59,0,60,40,3508,detection,
3509433,15,5,1945,2457,-512,100,90,100,0,23,61,0,54,40,3509,detection,
3509843,26,7,1945,2457,-512,100,89,100,59,23,62,0,52,40,3509,detection,
3510092,26,7,1945,2457,-512,100,90,100,0,23,61,0,54,40,3510,detection,
3511600,25,21,2633,2633,0,0,0,91,0,13,80,0,48,40,3511,detection,
3511639,27,21,2633,2633,0,0,0,100,0,7,59,0,60,40,3511,detection,
3514234,8,3,2302,2302,0,0,0,100,0,0,62,0,54,40,3514,detection,
3514271,16,3,2302,2302,0,0,0,0,0,0,61,0,0,0,3514,detection,
3516737,11,12,2201,2201,0,0,0,100,0,0,59,0,60,40,3516,detection,
3517346,25,21,2585,2585,0,0,0,82,0,13,79,0,48,40,3517,detection,
3517390,27,21,2585,2585,0,0,0,100,0,0,59,0,60,40,3517,detection,
3517409,17,21,2585,2585,0,0,0,0,0,0,60,0,0,0,3517,detection,
3519034,2,3,2610,2610,0,0,0,100,0,0,58,0,60,40,3519,detection,
3519081,18,3,2610,2610,0,0,0,100,0,0,74,0,48,40,3519,detection,
3519098,9,3,2610,2610,0,0,0,100,0,0,73,0,48,40,3519,detection,
3519472,23,13,2084,2084,0,0,0,0,0,0,95,0,0,0,3519,detection,
3522101,25,4,2201,2201,0,0,0,100,0,15,60,0,60,40,3522,detection,
3522109,8,4,2201,2201,0,0,0,100,0,15,62,0,54,40,3522,detection,
3522156,24,4,2201,2201,0,0,0,100,0,7,61,0,57,40,3522,detection,
3523493,11,22,1945,2457,-512,100,86,100,57,23,66,0,49,40,3523,detection,
3523497,19,22,1945,2457,-512,100,84,100,56,7,68,0,49,40,3523,detection,
3523535,24,22,1945,2457,-512,100,75,100,50,6,82,0,49,40,3523,detection,
3523581,18,19,1964,1964,0,0,0,100,0,15,61,0,57,40,3523,detection,
3523678,5,19,1964,1964,0,0,0,0,0,0,56,0,0,0,3523,detection,
3523678,22,19,1964,1964,0,0,0,0,0,0,61,0,0,0,3523,detection,
3523896,27,25,1049,1561,-512,100,100,100,0,0,47,0,61,40,3523,detection,
3523917,17,25,1049,1561,-512,100,100,100,0,0,47,0,61,40,3523,detection,
3523947,21,25,1049,1561,-512,100,99,100,0,0,51,0,56,40,3523,detection,
3525198,21,8,2116,2116,0,0,0,0,0,0,72,0,0,0,3525,detection,
3525223,9,8,2116,2116,0,0,0,0,0,0,80,0,0,0,3525,detection,
3525228,25,8,2116,2116,0,0,0,100,0,5,92,0,48,40,3525,detection,
3525271,16,8,2116,2116,0,0,0,100,0,5,100,0,48,40,3525,detection,
3525288,2,8,2116,2116,0,0,0,100,0,5,92,0,48,40,3525,detection,
3525291,17,8,2116,2116,0,0,0,0,0,0,79,0,0,0,3525,detection,
3525339,4,9,2304,2816,-512,100,91,100,0,7,59,0,56,40,3525,detection,
3525353,25,9,2304,2816,-512,100,87,100,0,7,64,0,49,40,3525,detection,
3525360,8,9,2304,2816,-512,100,91,100,0,15,59,0,56,40,3525,detection,
3525365,20,9,2304,2816,-512,100,88,100,59,7,63,0,49,40,3525,detection,
3525407,24,9,2304,2816,-512,100,90,100,0,0,60,0,56,40,3525,detection,
3525412,2,9,2304,2816,-512,100,86,100,57,7,66,0,49,40,3525,detection,
3525425,22,9,2304,2816,-512,100,94,100,62,8,56,0,56,40,3525,detection,
3525437,3,9,2304,2816,-512,100,90,100,60,7,60,0,56,40,3525,detection,
3525456,18,9,2304,2816,-512,100,91,100,61,7,59,0,56,40,3525,detection,
3526228,10,30,6133,1561,4572,0,100,100,32,0,61,0,56,40,3526,detection,
3526532,16,27,1561,1561,0,0,0,0,0,0,59,0,0,0,3526,detection,
3527208,13,16,1561,1561,0,0,0,0,0,0,81,0,0,0,3527,detection,
3527268,27,16,1561,1561,0,0,0,0,0,0,65,0,0,0,3527,detection,
3528161,17,21,1305,1305,0,0,0,0,0,0,64,0,0,0,3528,detection,
3529417,1,6,2201,2713,-512,100,100,100,0,9,45,0,62,40,3529,detection,
3529705,18,3,1561,1561,0,0,0,100,0,0,73,0,48,40,3529,detection,
3529719,9,3,1561,1561,0,0,0,100,0,0,73,0,48,40,3529,detection,
3532282,2,3,1561,1561,0,0,0,100,0,0,57,0,60,40,3532,detection,
3532325,18,3,1561,1561,0,0,0,100,0,0,69,0,48,40,3532,detection,
3532342,9,3,1561,1561,0,0,0,100,0,0,68,0,48,40,3532,detection,
3532358,8,3,1561,1561,0,0,0,100,0,0,61,0,57,40,3532,detection,
3532396,16,3,1561,1561,0,0,0,0,0,0,60,0,0,0,3532,detection,
3532552,22,19,1964,1964,0,0,0,0,0,0,61,0,0,0,3532,detection,
3532561,15,19,1964,1964,0,0,0,0,0,0,56,0,0,0,3532,detection,
3533520,16,8,2116,2116,0,0,0,100,0,0,93,0,48,40,3533,detection,
3533540,17,8,2116,2116,0,0,0,0,0,0,75,0,0,0,3533,detection,
3533571,21,8,2116,2116,0,0,0,0,0,0,69,0,0,0,3533,detection,
3533593,9,8,2116,2116,0,0,0,0,0,0,75,0,0,0,3533,detection,
3533614,14,8,2116,2116,0,0,0,100,0,6,85,0,48,40,3533,detection,
3533719,23,13,1561,1561,0,0,0,0,0,0,86,0,0,0,3533,detection,
3533771,27,13,1561,1561,0,0,0,0,0,0,100,0,0,0,3533,detection,
3533862,20,4,2073,2073,0,0,0,100,0,25,57,0,60,40,3533,detection,
3534887,27,16,1535,1535,0,0,0,0,0,0,64,0,0,0,3534,detection,
3534955,13,16,1535,1535,0,0,0,0,0,0,78,0,0,0,3534,detection,
3539610,8,29,5612,1561,4051,0,100,100,63,0,64,0,48,40,3539,detection,
3539718,26,29,5612,1561,4051,0,100,100,58,0,64,0,48,40,3539,detection,
3539907,24,4,2073,2073,0,0,0,100,0,7,60,0,60,40,3539,detection,
3539933,3,4,2073,2073,0,0,0,100,0,7,61,0,57,40,3539,detection,
3539983,8,4,2073,2073,0,0,0,100,0,16,57,0,60,40,3539,detection,
3540970,25,13,1817,1817,0,0,0,0,0,0,88,0,0,0,3540,detection,
3540974,23,13,1817,1817,0,0,0,0,0,0,77,0,0,0,3540,detection,
3541013,27,13,1817,1817,0,0,0,0,0,0,90,0,0,0,3541,detection,
3543641,27,25,1049,1561,-512,100,100,100,0,0,47,0,61,40,3543,detection,
3544365,20,19,1974,1974,0,0,0,100,0,7,67,0,48,40,3544,detection,
3544455,18,19,1974,1974,0,0,0,100,0,15,61,0,57,40,3544,detection,
3546831,18,9,2304,2816,-512,100,91,100,0,7,59,0,56,40,3546,detection,
3546864,20,9,2304,2816,-512,100,89,100,0,7,62,0,52,40,3546,detection,
3547513,6,3,1561,1561,0,0,0,100,0,0,70,0,48,40,3547,detection,
3547520,16,3,1561,1561,0,0,0,0,0,0,59,0,0,0,3547,detection,
3547851,25,8,1561,1561,0,0,0,100,0,6,85,0,48,40,3547,detection,
3548357,8,2,2073,2073,0,0,0,100,57,23,65,0,48,40,3548,detection,
3550408,2,16,1742,1742,0,0,0,0,0,0,71,0,0,0,3550,detection,
3550412,17,16,1742,1742,0,0,0,0,0,0,86,0,0,0,3550,detection,
3550430,5,16,1742,1742,0,0,0,0,0,0,58,0,0,0,3550,detection,
3550620,19,18,2073,2073,0,0,0,100,0,15,62,0,54,40,3550,detection,
3553614,20,9,2304,2816,-512,100,90,100,0,7,61,0,54,40,3553,detection,
3554946,21,30,6213,2073,4140,0,100,100,29,0,68,0,48,40,3554,detection,
3555288,2,24,2073,2073,0,0,0,100,0,7,60,0,60,40,3555,detection,
3555309,3,24,2073,2073,0,0,0,0,0,0,78,0,0,0,3555,detection,
3555343,9,24,2073,2073,0,0,0,100,0,0,72,0,48,40,3555,detection,
3557370,19,18,2073,2073,0,0,0,96,0,16,57,0,60,40,3557,detection,
3557448,21,18,2073,2073,0,0,0,100,0,15,61,0,57,40,3557,detection,
3558646,27,8,2585,2585,0,0,0,0,0,0,70,0,0,0,3558,detection,
3558809,3,6,2201,2713,-512,100,81,100,54,7,73,0,49,40,3558,detection,
3559788,7,13,1817,1817,0,0,0,0,0,0,96,0,0,0,3559,detection,
3559848,25,13,1817,1817,0,0,0,0,0,0,80,0,0,0,3559,detection,
3561257,6,3,2585,2585,0,0,0,0,0,0,68,0,0,0,3561,detection,
3561288,7,3,2585,2585,0,0,0,100,0,7,59,0,60,40,3561,detection,
3565242,20,6,2201,2713,-512,100,89,100,59,7,62,0,52,40,3565,detection,
3565284,24,6,2201,2713,-512,100,86,100,57,15,66,0,49,40,3565,detection,
3565309,3,6,2201,2713,-512,100,83,100,0,7,70,0,49,40,3565,detection,
3566486,14,2,2073,2073,0,0,0,0,0,0,66,0,0,0,3566,detection,
3566492,20,2,2073,2073,0,0,0,100,0,16,56,0,60,40,3566,detection,
3566766,27,25,1049,1561,-512,100,100,100,0,0,47,0,61,40,3566,detection,
3568020,16,27,1928,1928,0,0,0,0,0,0,61,0,0,0,3568,detection,
3568054,22,27,1928,1928,0,0,0,0,0,0,68,0,0,0,3568,detection,
3568598,25,8,2585,2585,0,0,0,100,0,6,79,0,48,40,3568,detection,
3568644,27,8,2585,2585,0,0,0,0,0,0,71,0,0,0,3568,detection,
3568645,16,8,2585,2585,0,0,0,100,0,0,86,0,48,40,3568,detection,
3569011,6,24,2254,2254,0,0,0,0,0,0,91,0,0,0,3569,detection,
3569081,18,19,1945,2457,-512,100,94,100,62,16,56,0,56,40,3569,detection,
3570141,27,16,1698,1698,0,0,0,0,0,0,58,0,0,0,3570,detection,
3570179,5,16,1698,1698,0,0,0,0,0,0,57,0,0,0,3570,detection,
3570991,20,9,2304,2816,-512,100,90,100,0,7,60,0,56,40,3570,detection,
3573892,27,8,2210,2210,0,0,0,0,0,0,68,0,0,0,3573,detection,
3573968,4,29,5652,2073,3579,0,100,100,100,0,59,0,58,40,3573,detection,
3573969,26,29,5652,2073,3579,0,100,100,56,0,59,0,58,40,3573,detection,
3574532,16,27,1891,1891,0,0,0,0,0,0,61,0,0,0,3574,detection,
3574548,22,27,1891,1891,0,0,0,0,0,0,66,0,0,0,3574,detection,
3574702,18,19,1945,2457,-512,100,94,100,0,8,56,0,56,40,3574,detection,
3574740,20,19,1945,2457,-512,100,90,100,60,15,61,0,54,40,3574,detection,
3575469,26,25,1049,1561,-512,100,100,100,0,0,47,0,61,40,3575,detection,
3577194,21,18,2073,2073,0,0,0,100,0,15,60,0,60,40,3577,detection,
3577243,19,18,2073,2073,0,0,0,88,0,16,56,0,60,40,3577,detection,
3577991,11,15,1561,1561,0,0,0,0,0,0,57,0,0,0,3577,detection,
3578811,15,11,1561,1561,0,0,0,0,0,0,79,0,0,0,3578,detection,
3580163,2,30,6233,2073,4160,0,100,100,9,0,56,0,58,40,3580,detection,
3580197,21,30,6233,2073,4160,0,100,100,2,0,66,0,48,40,3580,detection,
3580219,4,30,6233,2073,4160,0,100,100,15,0,65,0,48,40,3580,detection,
3580223,9,30,6233,2073,4160,0,100,100,15,0,67,0,48,40,3580,detection,
3580532,16,14,1817,1817,0,0,0,100,0,15,64,0,48,40,3580,detection,
3580538,7,14,1817,1817,0,0,0,0,0,0,62,0,0,0,3580,detection,
3581595,26,21,2073,2073,0,0,0,100,0,15,61,0,57,40,3581,detection,
3581762,6,20,2073,2073,0,100,0,0,0,0,100,0,49,40,3581,detection,
3582561,3,6,2201,2713,-512,100,84,100,0,7,68,0,49,40,3582,detection,
3583221,23,13,1817,1817,0,0,0,0,0,0,73,0,0,0,3583,detection,
3583238,14,13,1817,1817,0,0,0,0,0,0,100,0,0,0,3583,detection,
3583265,16,13,1817,1817,0,0,0,0,0,0,81,0,0,0,3583,detection,
3583311,3,13,1817,1817,0,0,0,0,0,0,100,0,0,0,3583,detection,
3583392,16,13,1817,1817,0,0,0,0,0,0,76,0,0,0,3583,detection,
3583968,23,22,2141,2141,0,0,0,70,0,0,75,0,48,40,3583,detection,
3584032,24,22,2141,2141,0,0,0,100,52,13,77,0,48,40,3584,detection,
3584080,18,9,2073,2073,0,0,0,100,61,16,58,0,60,40,3584,detection,
3584092,4,9,2073,2073,0,0,0,100,61,15,59,0,60,40,3584,detection,
3584102,25,9,2073,2073,0,0,0,100,59,15,63,0,48,40,3584,detection,
3584227,1,10,2536,2536,0,0,0,93,0,0,46,0,67,55,3584,detection,
3584273,16,10,2536,2536,0,0,0,100,0,0,60,0,60,40,3584,detection,
3584289,17,10,2536,2536,0,0,0,0,0,0,57,0,0,0,3584,detection,
3584302,24,10,2536,2536,0,0,0,100,0,7,59,0,60,40,3584,detection,
3584350,23,10,2536,2536,0,0,0,0,0,0,59,0,0,0,3584,detection,
3584555,15,11,1305,1305,0,0,0,0,0,0,78,0,0,0,3584,detection,
3584704,13,3,2201,2201,0,0,0,0,0,0,66,0,0,0,3584,detection,
3584772,16,3,2201,2201,0,0,0,0,0,0,60,0,0,0,3584,detection,
3584866,1,3,2201,2201,0,0,0,100,0,0,45,0,67,55,3584,detection,
3584891,16,3,2201,2201,0,0,0,0,0,0,61,0,0,0,3584,detection,
3584954,13,3,2201,2201,0,0,0,0,0,0,68,0,0,0,3584,detection,
3586491,11,15,1817,1817,0,0,0,0,0,0,57,0,0,0,3586,detection,
3587366,20,2,1561,1561,0,0,0,100,0,7,62,0,54,40,3587,detection,
3588209,13,23,2147,2147,0,0,0,0,0,0,72,0,0,0,3588,detection,
3588227,10,23,2147,2147,0,0,0,100,0,15,61,0,57,40,3588,detection,
3588282,24,23,2147,2147,0,0,0,100,0,7,59,0,60,40,3588,detection,
3588663,17,27,1891,1891,0,0,0,0,0,0,61,0,0,0,3588,detection,
3588845,23,22,1817,1817,0,0,0,70,0,0,69,0,48,40,3588,detection,
3589720,26,21,1561,1561,0,0,0,100,0,15,61,0,57,40,3589,detection,
3590467,1,24,1998,1998,0,0,0,0,0,0,51,0,0,0,3590,detection,
3590617,20,6,2073,2073,0,0,0,100,59,15,62,0,54,40,3590,detection,
3593229,23,22,1817,1817,0,0,0,70,0,0,66,0,48,40,3593,detection,
3596020,16,3,2226,2226,0,0,0,0,0,0,61,0,0,0,3596,detection,
3596447,21,30,6273,1561,4712,0,100,100,60,0,68,0,48,40,3596,detection,
3596456,18,30,6273,1561,4712,0,100,100,52,0,68,0,48,40,3596,detection,
3596465,4,30,6273,1561,4712,0,100,100,59,0,70,0,48,40,3596,detection,
3596478,9,30,6273,1561,4712,0,100,100,60,0,69,0,48,40,3596,detection,
3596478,25,30,6273,1561,4712,0,100,100,14,0,73,0,48,40,3596,detection,
3596537,2,30,6273,1561,4712,0,100,100,64,0,61,0,56,40,3596,detection,
