sim_ms,mote_id,src,R,Rhat,e,v1,v2,v3,v4,v5,v6,v7,AC,ML,t,type,action
27351,1,5,768,768,0,0,0,0,0,0,0,0,0,0,27,detection,
27466,25,5,768,768,0,0,0,0,0,0,0,0,0,0,27,detection,
27481,1,6,512,512,0,0,0,0,0,0,0,0,0,0,27,detection,
27482,20,6,512,512,0,0,0,0,0,0,0,0,0,0,27,detection,
27600,1,18,768,768,0,0,0,0,0,0,0,0,0,0,27,detection,
27673,5,18,768,768,0,0,0,0,0,0,0,0,0,0,27,detection,
27714,23,18,768,768,0,0,0,0,0,0,0,0,0,0,27,detection,
27771,1,26,768,768,0,0,0,0,0,0,0,0,0,0,27,detection,
27773,24,26,768,768,0,0,0,0,0,0,0,0,0,0,27,detection,
27782,17,26,768,768,0,0,0,0,0,0,0,0,0,0,27,detection,
27797,5,26,768,768,0,0,0,0,0,0,0,0,0,0,27,detection,
27804,12,26,768,768,0,0,0,0,0,0,0,0,0,0,27,detection,
27821,18,26,768,768,0,0,0,0,0,0,0,0,0,0,27,detection,
27855,20,26,768,768,0,0,0,0,0,0,0,0,0,0,27,detection,
27859,19,26,768,768,0,0,0,0,0,0,0,0,0,0,27,detection,
31010,27,31,1280,1280,0,0,0,0,0,0,0,0,0,0,31,detection,
31014,16,31,1280,1280,0,0,0,0,0,0,0,0,0,0,31,detection,
31032,17,31,1280,1280,0,0,0,0,0,0,0,0,0,0,31,detection,
31047,5,31,1280,1280,0,0,0,0,0,0,0,0,0,0,31,detection,
31070,18,31,1280,1280,0,0,0,0,0,0,0,0,0,0,31,detection,
31076,13,20,1024,1024,0,0,0,0,0,0,0,0,0,0,31,detection,
31092,25,31,1280,1280,0,0,0,0,0,0,0,0,0,0,31,detection,
31092,23,31,1280,1280,0,0,0,0,0,0,0,0,0,0,31,detection,
31112,19,20,1024,1024,0,0,0,0,0,0,0,0,0,0,31,detection,
31126,1,20,1024,1024,0,0,0,0,0,0,0,0,0,0,31,detection,
31131,6,20,1024,1024,0,0,0,0,0,0,0,0,0,0,31,detection,
31149,24,20,1024,1024,0,0,0,0,0,0,0,0,0,0,31,detection,
31179,12,20,1024,1024,0,0,0,0,0,0,0,0,0,0,31,detection,
31213,9,29,1024,1024,0,0,0,0,0,0,0,0,0,0,31,detection,
31222,10,29,1024,1024,0,0,0,0,0,0,0,0,0,0,31,detection,
31237,19,29,1024,1024,0,0,0,0,0,0,0,0,0,0,31,detection,
31279,7,23,1024,1024,0,0,0,0,0,0,0,0,0,0,31,detection,
31304,3,29,1024,1024,0,0,0,0,0,0,0,0,0,0,31,detection,
31340,9,17,1024,1024,0,0,0,0,0,0,0,0,0,0,31,detection,
31348,10,17,1024,1024,0,0,0,0,0,0,0,0,0,0,31,detection,
31363,19,17,1024,1024,0,0,0,0,0,0,0,0,0,0,31,detection,
31428,3,17,1024,1024,0,0,0,0,0,0,0,0,0,0,31,detection,
31615,19,30,1280,1280,0,0,0,0,0,0,0,0,0,0,31,detection,
31638,16,25,1280,1280,0,0,0,0,0,0,0,0,0,0,31,detection,
31717,23,25,1280,1280,0,0,0,0,0,0,0,0,0,0,31,detection,
31717,9,25,1280,1280,0,0,0,0,0,0,0,0,0,0,31,detection,
31734,20,24,768,768,0,0,0,0,0,0,0,0,0,0,31,detection,
31755,6,24,768,768,0,0,0,0,0,0,0,0,0,0,31,detection,
31761,1,24,768,768,0,0,0,0,0,0,0,0,0,0,31,detection,
31783,17,12,1280,1280,0,0,0,0,0,0,0,0,0,0,31,detection,
31794,28,12,1280,1280,0,0,0,0,0,0,0,0,0,0,31,detection,
31802,5,12,1280,1280,0,0,0,0,0,0,0,0,0,0,31,detection,
31824,13,12,1280,1280,0,0,0,0,0,0,0,0,0,0,31,detection,
31831,4,12,1280,1280,0,0,0,0,0,0,0,0,0,0,31,detection,
31837,26,12,1280,1280,0,0,0,0,0,0,0,0,0,0,31,detection,
31866,19,12,1280,1280,0,0,0,0,0,0,0,0,0,0,31,detection,
32075,13,19,1024,1024,0,0,0,0,0,0,0,0,0,0,32,detection,
32083,4,19,1024,1024,0,0,0,0,0,0,0,0,0,0,32,detection,
32097,10,19,1024,1024,0,0,0,0,0,0,0,0,0,0,32,detection,
32110,20,19,1024,1024,0,0,0,0,0,0,0,0,0,0,32,detection,
32169,28,19,1024,1024,0,0,0,0,0,0,0,0,0,0,32,detection,
32176,15,19,1024,1024,0,0,0,0,0,0,0,0,0,0,32,detection,
32178,12,19,1024,1024,0,0,0,0,0,0,0,0,0,0,32,detection,
32578,1,26,512,512,0,0,0,0,0,0,4,0,0,0,32,detection,
32607,20,26,512,512,0,0,0,0,0,0,4,0,0,0,32,detection,
32613,19,26,512,512,0,0,0,0,0,0,6,0,0,0,32,detection,
32629,6,26,512,512,0,0,0,0,0,0,0,0,0,0,32,detection,
32649,24,26,512,512,0,0,0,0,0,0,6,0,0,0,32,detection,
32658,17,26,512,512,0,0,0,0,0,0,6,0,0,0,32,detection,
32672,5,26,512,512,0,0,0,0,0,0,4,0,0,0,32,detection,
32675,12,26,512,512,0,0,0,0,0,0,6,0,0,0,32,detection,
32696,18,26,512,512,0,0,0,0,0,0,4,0,0,0,32,detection,
32790,1,5,512,512,0,0,0,0,0,0,4,0,0,0,32,detection,
32825,18,5,512,512,0,0,0,0,0,0,0,0,0,0,32,detection,
32838,26,5,512,512,0,0,0,0,0,0,0,0,0,0,32,detection,
32843,23,5,512,512,0,0,0,0,0,0,0,0,0,0,32,detection,
32844,25,5,512,512,0,0,0,0,0,0,6,0,0,0,32,detection,
32911,17,5,512,512,0,0,0,0,0,0,0,0,0,0,32,detection,
34641,16,27,1792,1792,0,0,0,0,0,0,0,0,0,0,34,detection,
34651,2,27,1792,1792,0,0,0,0,0,0,0,0,0,0,34,detection,
34652,7,27,1792,1792,0,0,0,0,0,0,0,0,0,0,34,detection,
34844,25,9,1536,1536,0,0,0,0,0,0,0,0,0,0,34,detection,
34891,16,7,1536,1536,0,0,0,0,0,0,0,0,0,0,34,detection,
34929,3,9,1536,1536,0,0,0,0,0,0,0,0,0,0,34,detection,
34935,21,9,1536,1536,0,0,0,0,0,0,0,0,0,0,34,detection,
34963,4,13,1280,1280,0,0,0,0,0,0,0,0,0,0,34,detection,
34968,23,7,1536,1536,0,0,0,0,0,0,0,0,0,0,34,detection,
35148,24,6,512,512,0,0,0,0,0,0,0,0,0,0,35,detection,
35174,1,6,512,512,0,0,0,0,0,0,0,0,0,0,35,detection,
35219,23,16,1536,1536,0,0,0,0,0,0,0,0,0,0,35,detection,
35221,25,16,1536,1536,0,0,0,0,0,0,0,0,0,0,35,detection,
35262,27,16,1536,1536,0,0,0,0,0,0,0,0,0,0,35,detection,
35280,7,16,1536,1536,0,0,0,0,0,0,0,0,0,0,35,detection,
35355,14,3,1536,1536,0,0,0,0,0,0,0,0,0,0,35,detection,
35421,22,10,1536,1536,0,0,0,0,0,0,0,0,0,0,35,detection,
35423,28,10,1536,1536,0,0,0,0,0,0,0,0,0,0,35,detection,
35438,21,10,1536,1536,0,0,0,0,0,0,0,0,0,0,35,detection,
35462,4,10,1536,1536,0,0,0,0,0,0,0,0,0,0,35,detection,
35466,9,10,1536,1536,0,0,0,0,0,0,0,0,0,0,35,detection,
35491,19,10,1536,1536,0,0,0,0,0,0,0,0,0,0,35,detection,
35944,1,18,512,512,0,0,0,0,0,0,4,0,0,0,35,detection,
35962,26,18,512,512,0,0,0,0,0,0,0,0,0,0,35,detection,
35965,23,18,512,512,0,0,0,0,0,0,6,0,0,0,35,detection,
35970,25,18,512,512,0,0,0,0,0,0,0,0,0,0,35,detection,
36100,10,28,1280,1280,0,0,0,0,0,0,0,0,0,0,36,detection,
36101,8,28,1280,1280,0,0,0,0,0,0,0,0,0,0,36,detection,
36170,22,28,1280,1280,0,0,0,0,0,0,0,0,0,0,36,detection,
36178,15,28,1280,1280,0,0,0,0,0,0,0,0,0,0,36,detection,
36453,13,4,1536,1536,0,0,0,0,0,0,0,0,0,0,36,detection,
36476,10,4,1536,1536,0,0,0,0,0,0,0,0,0,0,36,detection,
36476,8,4,1536,1536,0,0,0,0,0,0,0,0,0,0,36,detection,
36491,19,4,1536,1536,0,0,0,0,0,0,0,0,0,0,36,detection,
36507,1,20,768,768,0,0,0,0,0,0,4,0,0,0,36,detection,
36522,24,20,768,768,0,0,0,0,0,0,4,0,0,0,36,detection,
36629,6,20,768,768,0,0,0,0,0,0,4,0,0,0,36,detection,
36761,27,31,1280,1280,0,0,0,0,0,0,4,0,0,0,36,detection,
36780,2,31,1280,1280,0,0,0,0,0,0,0,0,0,0,36,detection,
36781,7,31,1280,1280,0,0,0,0,0,0,0,0,0,0,36,detection,
36795,28,12,768,768,0,0,0,0,0,0,6,0,0,0,36,detection,
36796,5,12,768,768,0,0,0,0,0,0,4,0,0,0,36,detection,
36825,13,12,768,768,0,0,0,0,0,0,4,0,0,0,36,detection,
36833,26,12,768,768,0,0,0,0,0,0,4,0,0,0,36,detection,
36849,8,15,1536,1536,0,0,0,0,0,0,0,0,0,0,36,detection,
36862,20,12,768,768,0,0,0,0,0,0,0,0,0,0,36,detection,
36882,6,12,768,768,0,0,0,0,0,0,0,0,0,0,36,detection,
36922,22,15,1536,1536,0,0,0,0,0,0,0,0,0,0,36,detection,
36923,28,15,1536,1536,0,0,0,0,0,0,0,0,0,0,36,detection,
37484,20,19,768,768,0,0,0,0,0,0,0,0,0,0,37,detection,
37550,15,19,768,768,0,0,0,0,0,0,1,0,0,0,37,detection,
37586,26,19,768,768,0,0,0,0,0,0,0,0,0,0,37,detection,
38482,11,21,2048,2048,0,0,0,0,0,0,0,0,0,0,38,detection,
38484,14,21,2048,2048,0,0,0,0,0,0,0,0,0,0,38,detection,
38970,25,23,768,768,0,0,0,0,0,0,0,0,0,0,38,detection,
38976,10,22,1792,1792,0,0,0,0,0,0,0,0,0,0,38,detection,
38986,11,14,1792,1792,0,0,0,0,0,0,0,0,0,0,38,detection,
39016,16,23,768,768,0,0,0,0,0,0,0,0,0,0,39,detection,
39047,28,22,1792,1792,0,0,0,0,0,0,0,0,0,0,39,detection,
39051,5,23,768,768,0,0,0,0,0,0,0,0,0,0,39,detection,
39052,15,22,1792,1792,0,0,0,0,0,0,0,0,0,0,39,detection,
39073,18,23,768,768,0,0,0,0,0,0,0,0,0,0,39,detection,
39430,12,17,793,793,0,0,0,0,0,0,0,0,0,0,39,detection,
39464,26,17,793,793,0,0,0,0,0,0,0,0,0,0,39,detection,
39473,25,17,793,793,0,0,0,0,0,0,0,0,0,0,39,detection,
39551,5,17,793,793,0,0,0,0,0,0,0,0,0,0,39,detection,
39702,18,25,768,768,0,0,0,0,0,0,0,0,0,0,39,detection,
39717,23,25,768,768,0,0,0,0,0,0,4,0,0,0,39,detection,
39763,27,25,768,768,0,0,0,0,0,0,0,0,0,0,39,detection,
39763,16,25,768,768,0,0,0,0,0,0,6,0,0,0,39,detection,
39781,2,25,768,768,0,0,0,0,0,0,0,0,0,0,39,detection,
39787,17,25,768,768,0,0,0,0,0,0,0,0,0,0,39,detection,
39877,1,30,998,998,0,0,0,0,0,0,0,0,0,0,39,detection,
39885,6,30,998,998,0,0,0,0,0,0,0,0,0,0,39,detection,
40005,6,24,512,512,0,0,0,0,0,0,4,0,0,0,40,detection,
40007,1,24,512,512,0,0,0,0,0,0,4,0,0,0,40,detection,
40091,9,29,1024,1024,0,0,0,0,0,0,2,0,0,0,40,detection,
40115,19,29,1024,1024,0,0,0,0,0,0,1,0,0,0,40,detection,
40163,17,29,1024,1024,0,0,0,0,0,0,0,0,0,0,40,detection,
40905,2,3,1536,1536,0,0,0,0,0,0,0,0,0,0,40,detection,
40938,21,3,1536,1536,0,0,0,0,0,0,0,0,0,0,40,detection,
40966,9,3,1536,1536,0,0,0,0,0,0,0,0,0,0,40,detection,
40972,25,3,1536,1536,0,0,0,0,0,0,0,0,0,0,40,detection,
42065,21,11,2048,2048,0,0,0,0,0,0,0,0,0,0,42,detection,
42311,21,9,1536,1536,0,0,0,0,0,0,6,0,0,0,42,detection,
42414,17,9,1536,1536,0,0,0,0,0,0,0,0,0,0,42,detection,
42672,22,28,1280,1280,0,0,0,0,0,0,0,0,0,0,42,detection,
42676,15,28,1280,1280,0,0,0,0,0,0,0,0,0,0,42,detection,
42680,12,28,1280,1280,0,0,0,0,0,0,0,0,0,0,42,detection,
42705,13,28,1280,1280,0,0,0,0,0,0,0,0,0,0,42,detection,
42714,4,28,1280,1280,0,0,0,0,0,0,0,0,0,0,42,detection,
42725,10,28,1280,1280,0,0,0,0,0,0,1,0,0,0,42,detection,
42948,13,4,1536,1536,0,0,0,0,0,0,8,0,0,0,42,detection,
42974,10,4,1536,1536,0,0,0,0,0,0,9,0,0,0,42,detection,
42976,8,4,1536,1536,0,0,0,0,0,0,8,0,0,0,42,detection,
42989,19,4,1536,1536,0,0,0,0,0,0,10,0,0,0,42,detection,
43013,27,16,1280,1280,0,0,0,0,0,0,9,0,0,0,43,detection,
43030,7,16,1280,1280,0,0,0,0,0,0,8,0,0,0,43,detection,
43049,28,4,1536,1536,0,0,0,0,0,0,0,0,0,0,43,detection,
43055,15,4,1536,1536,0,0,0,0,0,0,0,0,0,0,43,detection,
43057,12,4,1536,1536,0,0,0,0,0,0,0,0,0,0,43,detection,
43360,20,13,1280,1280,0,0,0,0,0,0,0,0,0,0,43,detection,
43462,4,13,1280,1280,0,0,0,0,0,0,1,0,0,0,43,detection,
43531,7,27,1024,1024,0,0,0,0,0,0,8,0,0,0,43,detection,
43548,22,10,1536,1536,0,0,0,0,0,0,4,0,0,0,43,detection,
43555,15,10,1536,1536,0,0,0,0,0,0,0,0,0,0,43,detection,
43588,4,10,1536,1536,0,0,0,0,0,0,4,0,0,0,43,detection,
43806,3,2,1280,1280,0,0,0,0,0,0,0,0,0,0,43,detection,
43886,27,2,1280,1280,0,0,0,0,0,0,0,0,0,0,43,detection,
44099,8,15,1075,1075,0,0,0,0,0,0,2,0,0,0,44,detection,
44103,10,15,1075,1075,0,0,0,0,0,0,0,0,0,0,44,detection,
44213,4,15,1075,1075,0,0,0,0,0,0,0,0,0,0,44,detection,
44266,16,31,1046,1046,0,0,0,0,0,0,9,0,0,0,44,detection,
44279,7,31,1046,1046,0,0,0,0,0,0,3,0,0,0,44,detection,
44324,18,31,1046,1046,0,0,0,0,0,0,7,0,0,0,44,detection,
44605,10,21,2048,2048,0,0,0,0,0,0,0,0,0,0,44,detection,
44607,11,21,2048,2048,0,0,0,0,0,0,4,0,0,0,44,detection,
44607,14,21,2048,2048,0,0,0,0,0,0,3,0,0,0,44,detection,
45409,1,18,512,512,0,0,0,0,0,0,5,0,0,0,45,detection,
45461,23,31,1046,1046,0,0,0,0,0,0,7,0,0,0,45,detection,
45476,25,18,512,512,0,0,0,0,0,0,0,0,0,0,45,detection,
46608,11,14,2022,2022,0,0,0,0,0,0,4,0,0,0,46,detection,
46683,3,14,2022,2022,0,0,0,0,0,0,0,0,0,0,46,detection,
46688,21,14,2022,2022,0,0,0,0,0,0,0,0,0,0,46,detection,
46976,8,22,1792,1792,0,0,0,0,0,0,0,0,0,0,46,detection,
46977,10,22,1792,1792,0,0,0,0,0,0,9,0,0,0,46,detection,
47048,28,4,1536,1536,0,0,0,0,0,0,0,0,0,0,47,detection,
47053,12,4,1536,1536,0,0,0,0,0,0,0,0,0,0,47,detection,
47077,13,4,1536,1536,0,0,0,0,0,0,9,0,0,0,47,detection,
47102,8,4,1536,1536,0,0,0,0,0,0,10,0,0,0,47,detection,
48171,28,8,1331,1331,0,0,0,0,0,0,0,0,0,0,48,detection,
48175,22,8,1331,1331,0,0,0,0,0,0,0,0,0,0,48,detection,
48179,15,8,1331,1331,0,0,0,0,0,0,0,0,0,0,48,detection,
49405,7,16,1024,1024,0,0,0,0,0,0,9,0,0,0,49,detection,
49437,21,9,1536,1536,0,0,0,0,0,0,6,0,0,0,49,detection,
49739,19,10,1280,1280,0,0,0,0,0,0,10,0,0,0,49,detection,
49788,17,10,1280,1280,0,0,0,0,0,0,0,0,0,0,49,detection,
49795,22,10,1280,1280,0,0,0,0,0,0,9,0,0,0,49,detection,
49797,28,10,1280,1280,0,0,0,0,0,0,8,0,0,0,49,detection,
49805,15,10,1280,1280,0,0,0,0,0,0,4,0,0,0,49,detection,
49813,21,10,1280,1280,0,0,0,0,0,0,9,0,0,0,49,detection,
49835,4,10,1280,1280,0,0,0,0,0,0,8,0,0,0,49,detection,
49940,21,3,1280,1280,0,0,0,0,0,0,9,0,0,0,49,detection,
49966,9,3,1280,1280,0,0,0,0,0,0,9,0,0,0,49,detection,
49972,25,3,1280,1280,0,0,0,0,0,0,8,0,0,0,49,detection,
49980,14,3,1280,1280,0,0,0,0,0,0,9,0,0,0,49,detection,
50048,5,23,768,768,0,0,0,0,0,0,0,0,0,0,50,detection,
50072,18,23,768,768,0,0,0,0,0,0,0,0,0,0,50,detection,
50096,25,23,768,768,0,0,0,0,0,0,0,0,0,0,50,detection,
50141,16,23,768,768,0,0,0,0,0,0,1,0,0,0,50,detection,
50153,7,23,768,768,0,0,0,0,0,0,1,0,0,0,50,detection,
50531,7,27,1024,1024,0,0,0,0,0,0,9,0,0,0,50,detection,
50550,1,24,512,512,0,0,0,0,0,0,5,0,0,0,50,detection,
50609,20,24,512,512,0,0,0,0,0,0,4,0,0,0,50,detection,
50630,6,24,512,512,0,0,0,0,0,0,5,0,0,0,50,detection,
51274,24,6,512,512,0,0,0,0,0,0,0,0,0,0,51,detection,
51314,1,6,512,512,0,0,0,0,0,0,0,0,0,0,51,detection,
51837,1,26,512,512,0,0,0,0,0,0,5,0,0,0,51,detection,
51842,9,21,1536,1536,0,0,0,0,0,0,0,0,0,0,51,detection,
51851,10,21,1536,1536,0,0,0,0,0,0,4,0,0,0,51,detection,
51855,14,21,1536,1536,0,0,0,0,0,0,7,0,0,0,51,detection,
51858,20,26,512,512,0,0,0,0,0,0,5,0,0,0,51,detection,
51859,11,21,1536,1536,0,0,0,0,0,0,8,0,0,0,51,detection,
51863,19,26,512,512,0,0,0,0,0,0,8,0,0,0,51,detection,
51883,6,26,512,512,0,0,0,0,0,0,0,0,0,0,51,detection,
51899,24,26,512,512,0,0,0,0,0,0,6,0,0,0,51,detection,
51922,5,26,512,512,0,0,0,0,0,0,5,0,0,0,51,detection,
51930,3,21,1536,1536,0,0,0,0,0,0,0,0,0,0,51,detection,
51930,12,26,512,512,0,0,0,0,0,0,6,0,0,0,51,detection,
51947,18,26,512,512,0,0,0,0,0,0,5,0,0,0,51,detection,
51970,9,2,1536,1536,0,0,0,0,0,0,0,0,0,0,51,detection,
52013,27,2,1536,1536,0,0,0,0,0,0,1,0,0,0,52,detection,
52515,1,5,512,512,0,0,0,0,0,0,5,0,0,0,52,detection,
52563,21,9,1792,1792,0,0,0,0,0,0,10,0,0,0,52,detection,
52575,18,5,512,512,0,0,0,0,0,0,0,0,0,0,52,detection,
52592,23,5,512,512,0,0,0,0,0,0,0,0,0,0,52,detection,
52654,2,9,1792,1792,0,0,0,0,0,0,0,0,0,0,52,detection,
52660,17,9,1792,1792,0,0,0,0,0,0,3,0,0,0,52,detection,
52680,3,9,1792,1792,0,0,0,0,0,0,4,0,0,0,52,detection,
53506,6,30,998,998,0,0,0,0,0,0,0,0,0,0,53,detection,
53576,13,30,998,998,0,0,0,0,0,0,0,0,0,0,53,detection,
53611,20,30,998,998,0,0,0,0,0,0,0,0,0,0,53,detection,
53850,10,15,1146,1146,0,0,0,0,0,0,0,0,0,0,53,detection,
53852,8,15,1146,1146,0,0,0,0,0,0,3,0,0,0,53,detection,
53920,22,15,1146,1146,0,0,0,0,0,0,2,0,0,0,53,detection,
53921,28,15,1146,1146,0,0,0,0,0,0,0,0,0,0,53,detection,
53960,4,15,1146,1146,0,0,0,0,0,0,0,0,0,0,53,detection,
54209,4,19,879,879,0,0,0,0,0,0,2,0,0,0,54,detection,
54213,26,19,879,879,0,0,0,0,0,0,1,0,0,0,54,detection,
54223,10,19,879,879,0,0,0,0,0,0,2,0,0,0,54,detection,
54235,20,19,879,879,0,0,0,0,0,0,1,0,0,0,54,detection,
54299,28,19,879,879,0,0,0,0,0,0,1,0,0,0,54,detection,
54303,15,19,879,879,0,0,0,0,0,0,2,0,0,0,54,detection,
54303,12,19,879,879,0,0,0,0,0,0,1,0,0,0,54,detection,
54324,13,19,879,879,0,0,0,0,0,0,1,0,0,0,54,detection,
54927,15,8,1402,1402,0,0,0,0,0,0,0,0,0,0,54,detection,
54964,4,8,1402,1402,0,0,0,0,0,0,0,0,0,0,54,detection,
55263,27,25,834,834,0,0,0,0,0,0,1,0,0,0,55,detection,
55263,16,25,834,834,0,0,0,0,0,0,5,0,0,0,55,detection,
55280,2,25,834,834,0,0,0,0,0,0,1,0,0,0,55,detection,
55310,3,25,834,834,0,0,0,0,0,0,0,0,0,0,55,detection,
55427,5,17,804,804,0,0,0,0,0,0,0,0,0,0,55,detection,
55430,12,17,804,804,0,0,0,0,0,0,0,0,0,0,55,detection,
55469,9,17,804,804,0,0,0,0,0,0,2,0,0,0,55,detection,
55470,25,17,804,804,0,0,0,0,0,0,0,0,0,0,55,detection,
55474,10,17,804,804,0,0,0,0,0,0,1,0,0,0,55,detection,
55487,19,17,804,804,0,0,0,0,0,0,1,0,0,0,55,detection,
55597,25,3,1280,1280,0,0,0,0,0,0,9,0,0,0,55,detection,
55605,14,3,1280,1280,0,0,0,0,0,0,10,0,0,0,55,detection,
55654,2,3,1280,1280,0,0,0,0,0,0,8,0,0,0,55,detection,
55797,28,22,1581,1581,0,0,0,0,0,0,6,0,0,0,55,detection,
55858,14,11,2048,2048,0,0,0,0,0,0,0,0,0,0,55,detection,
55899,24,20,768,768,0,0,0,0,0,0,5,0,0,0,55,detection,
55935,1,20,768,768,0,0,0,0,0,0,5,0,0,0,55,detection,
55941,21,11,2048,2048,0,0,0,0,0,0,8,0,0,0,55,detection,
55983,20,12,768,768,0,0,0,0,0,0,0,0,0,0,55,detection,
55992,19,12,768,768,0,0,0,0,0,0,6,0,0,0,55,detection,
56007,6,12,768,768,0,0,0,0,0,0,0,0,0,0,56,detection,
56076,13,12,768,768,0,0,0,0,0,0,5,0,0,0,56,detection,
56084,4,12,768,768,0,0,0,0,0,0,7,0,0,0,56,detection,
56128,19,29,1024,1024,0,0,0,0,0,0,1,0,0,0,56,detection,
56157,2,29,1024,1024,0,0,0,0,0,0,0,0,0,0,56,detection,
56167,17,29,1024,1024,0,0,0,0,0,0,0,0,0,0,56,detection,
58110,11,14,1703,1703,0,0,0,0,0,0,3,0,0,0,58,detection,
58452,13,28,1135,1135,0,0,0,0,0,0,0,0,0,0,58,detection,
58461,4,28,1135,1135,0,0,0,0,0,0,0,0,0,0,58,detection,
58475,10,28,1135,1135,0,0,0,0,0,0,1,0,0,0,58,detection,
58476,8,28,1135,1135,0,0,0,0,0,0,2,0,0,0,58,detection,
59404,7,31,813,813,0,0,0,0,0,0,3,0,0,0,59,detection,
59405,2,31,813,813,0,0,0,0,0,0,3,0,0,0,59,detection,
59447,18,31,813,813,0,0,0,0,0,0,7,0,0,0,59,detection,
59464,23,31,813,813,0,0,0,0,0,0,7,0,0,0,59,detection,
59510,27,31,813,813,0,0,0,0,0,0,8,0,0,0,59,detection,
59515,16,31,813,813,0,0,0,0,0,0,9,0,0,0,59,detection,
59587,4,13,1280,1280,0,0,0,0,0,0,1,0,0,0,59,detection,
59609,20,13,1280,1280,0,0,0,0,0,0,0,0,0,0,59,detection,
61350,10,4,1024,1024,0,0,0,0,0,0,10,0,0,0,61,detection,
61351,8,4,1024,1024,0,0,0,0,0,0,9,0,0,0,61,detection,
61367,19,4,1024,1024,0,0,0,0,0,0,10,0,0,0,61,detection,
61407,2,9,1536,1536,0,0,0,0,0,0,6,0,0,0,61,detection,
61429,15,4,1024,1024,0,0,0,0,0,0,0,0,0,0,61,detection,
61433,3,9,1536,1536,0,0,0,0,0,0,8,0,0,0,61,detection,
61475,25,9,1536,1536,0,0,0,0,0,0,8,0,0,0,61,detection,
62392,16,27,1090,1090,0,0,0,0,0,0,9,0,0,0,62,detection,
62404,7,27,1090,1090,0,0,0,0,0,0,8,0,0,0,62,detection,
62405,2,27,1090,1090,0,0,0,0,0,0,12,0,0,0,62,detection,
62690,21,11,2048,2048,0,0,0,0,0,0,7,0,0,0,62,detection,
62731,14,11,2048,2048,0,0,0,0,0,0,0,0,0,0,62,detection,
62934,3,2,1091,1091,0,0,0,0,0,0,8,0,0,0,62,detection,
62968,9,2,1091,1091,0,0,0,0,0,0,13,0,0,0,62,detection,
63013,27,2,1091,1091,0,0,0,0,0,0,9,0,0,0,63,detection,
64387,27,16,1024,1024,0,0,0,0,0,0,10,0,0,0,64,detection,
64404,7,16,1024,1024,0,0,0,0,0,0,8,0,0,0,64,detection,
64469,23,16,1024,1024,0,0,0,0,0,0,3,0,0,0,64,detection,
64470,25,16,1024,1024,0,0,0,0,0,0,3,0,0,0,64,detection,
64600,10,22,1581,1581,0,0,0,0,0,0,8,0,0,0,64,detection,
64601,8,22,1581,1581,0,0,0,0,0,0,0,0,0,0,64,detection,
64675,28,22,1581,1581,0,0,0,0,0,0,6,0,0,0,64,detection,
64679,15,22,1581,1581,0,0,0,0,0,0,6,0,0,0,64,detection,
65556,3,21,1581,1581,0,0,0,0,0,0,0,0,0,0,65,detection,
65594,9,21,1581,1581,0,0,0,0,0,0,0,0,0,0,65,detection,
65599,10,21,1581,1581,0,0,0,0,0,0,4,0,0,0,65,detection,
65608,11,21,1581,1581,0,0,0,0,0,0,10,0,0,0,65,detection,
65608,14,21,1581,1581,0,0,0,0,0,0,7,0,0,0,65,detection,
67868,19,10,1160,1160,0,0,0,0,0,0,10,0,0,0,67,detection,
67910,17,10,1160,1160,0,0,0,0,0,0,0,0,0,0,67,detection,
67919,22,10,1160,1160,0,0,0,0,0,0,10,0,0,0,67,detection,
67921,28,10,1160,1160,0,0,0,0,0,0,8,0,0,0,67,detection,
67930,15,10,1160,1160,0,0,0,0,0,0,4,0,0,0,67,detection,
67937,21,10,1160,1160,0,0,0,0,0,0,9,0,0,0,67,detection,
67969,9,10,1160,1160,0,0,0,0,0,0,9,0,0,0,67,detection,
68968,9,2,1091,1091,0,0,0,0,0,0,15,0,0,0,68,detection,
69013,27,2,1091,1091,0,0,0,0,0,0,12,0,0,0,69,detection,
69056,3,2,1091,1091,0,0,0,0,0,0,8,0,0,0,69,detection,
71211,4,8,1402,1402,0,0,0,0,0,0,0,0,0,0,71,detection,
71300,28,8,1402,1402,0,0,0,0,0,0,0,0,0,0,71,detection,
71304,15,8,1402,1402,0,0,0,0,0,0,0,0,0,0,71,detection,
72093,9,3,1320,1320,0,0,0,0,0,0,9,0,0,0,72,detection,
72098,25,3,1320,1320,0,0,0,0,0,0,8,0,0,0,72,detection,
72107,14,3,1320,1320,0,0,0,0,0,0,9,0,0,0,72,detection,
72139,1,6,512,512,0,0,0,0,0,0,0,0,0,0,72,detection,
72151,24,6,512,512,0,0,0,0,0,0,0,0,0,0,72,detection,
72156,2,3,1320,1320,0,0,0,0,0,0,9,0,0,0,72,detection,
72181,12,6,512,512,0,0,0,0,0,0,0,0,0,0,72,detection,
72190,21,3,1320,1320,0,0,0,0,0,0,9,0,0,0,72,detection,
72215,26,6,512,512,0,0,0,0,0,0,0,0,0,0,72,detection,
72234,20,6,512,512,0,0,0,0,0,0,1,0,0,0,72,detection,
73267,1,5,512,512,0,0,0,0,0,0,4,0,0,0,73,detection,
73286,17,5,512,512,0,0,0,0,0,0,0,0,0,0,73,detection,
73310,12,5,512,512,0,0,0,0,0,0,0,0,0,0,73,detection,
73323,18,5,512,512,0,0,0,0,0,0,0,0,0,0,73,detection,
73336,26,5,512,512,0,0,0,0,0,0,0,0,0,0,73,detection,
73340,23,5,512,512,0,0,0,0,0,0,0,0,0,0,73,detection,
73345,25,5,512,512,0,0,0,0,0,0,6,0,0,0,73,detection,
74773,1,20,768,768,0,0,0,0,0,0,4,0,0,0,74,detection,
74803,12,20,768,768,0,0,0,0,0,0,4,0,0,0,74,detection,
74828,13,20,768,768,0,0,0,0,0,0,6,0,0,0,74,detection,
74840,26,20,768,768,0,0,0,0,0,0,0,0,0,0,74,detection,
74867,19,20,768,768,0,0,0,0,0,0,8,0,0,0,74,detection,
74883,6,20,768,768,0,0,0,0,0,0,5,0,0,0,74,detection,
76532,2,9,1536,1536,0,0,0,0,0,0,6,0,0,0,76,detection,
76538,17,9,1536,1536,0,0,0,0,0,0,7,0,0,0,76,detection,
76558,3,9,1536,1536,0,0,0,0,0,0,9,0,0,0,76,detection,
76561,21,9,1536,1536,0,0,0,0,0,0,12,0,0,0,76,detection,
76597,25,9,1536,1536,0,0,0,0,0,0,9,0,0,0,76,detection,
76688,21,11,2067,2067,0,0,0,0,0,0,6,0,0,0,76,detection,
77223,25,23,768,768,0,0,0,0,0,0,0,0,0,0,77,detection,
77264,16,23,768,768,0,0,0,0,0,0,1,0,0,0,77,detection,
77279,7,23,768,768,0,0,0,0,0,0,1,0,0,0,77,detection,
77298,5,23,768,768,0,0,0,0,0,0,0,0,0,0,77,detection,
77323,18,23,768,768,0,0,0,0,0,0,0,0,0,0,77,detection,
78796,28,19,868,868,0,0,0,0,0,0,0,0,0,0,78,detection,
78804,15,19,868,868,0,0,0,0,0,0,2,0,0,0,78,detection,
78826,13,19,868,868,0,0,0,0,0,0,0,0,0,0,78,detection,
78835,4,19,868,868,0,0,0,0,0,0,2,0,0,0,78,detection,
78848,10,19,868,868,0,0,0,0,0,0,2,0,0,0,78,detection,
79200,13,28,1124,1124,0,0,0,0,0,0,0,0,0,0,79,detection,
79213,4,28,1124,1124,0,0,0,0,0,0,0,0,0,0,79,detection,
79224,8,28,1124,1124,0,0,0,0,0,0,2,0,0,0,79,detection,
79227,10,28,1124,1124,0,0,0,0,0,0,1,0,0,0,79,detection,
79297,22,28,1124,1124,0,0,0,0,0,0,1,0,0,0,79,detection,
79511,27,31,808,808,0,0,0,0,0,0,9,0,0,0,79,detection,
79515,16,31,808,808,0,0,0,0,0,0,9,0,0,0,79,detection,
79528,7,31,808,808,0,0,0,0,0,0,3,0,0,0,79,detection,
79529,2,31,808,808,0,0,0,0,0,0,5,0,0,0,79,detection,
79535,17,31,808,808,0,0,0,0,0,0,6,0,0,0,79,detection,
79551,5,31,808,808,0,0,0,0,0,0,6,0,0,0,79,detection,
79571,18,31,808,808,0,0,0,0,0,0,7,0,0,0,79,detection,
79593,23,31,808,808,0,0,0,0,0,0,7,0,0,0,79,detection,
79594,25,31,808,808,0,0,0,0,0,0,6,0,0,0,79,detection,
81364,19,12,790,790,0,0,0,0,0,0,8,0,0,0,81,detection,
81380,6,12,790,790,0,0,0,0,0,0,0,0,0,0,81,detection,
81410,17,12,790,790,0,0,0,0,0,0,3,0,0,0,81,detection,
81423,28,12,790,790,0,0,0,0,0,0,6,0,0,0,81,detection,
81423,5,12,790,790,0,0,0,0,0,0,4,0,0,0,81,detection,
81452,13,12,790,790,0,0,0,0,0,0,4,0,0,0,81,detection,
81461,4,12,790,790,0,0,0,0,0,0,7,0,0,0,81,detection,
81462,26,12,790,790,0,0,0,0,0,0,4,0,0,0,81,detection,
81483,20,12,790,790,0,0,0,0,0,0,0,0,0,0,81,detection,
82282,2,29,768,768,0,0,0,0,0,0,1,0,0,0,82,detection,
82287,17,29,768,768,0,0,0,0,0,0,0,0,0,0,82,detection,
82300,5,29,768,768,0,0,0,0,0,0,0,0,0,0,82,detection,
82307,3,29,768,768,0,0,0,0,0,0,2,0,0,0,82,detection,
82341,9,29,768,768,0,0,0,0,0,0,3,0,0,0,82,detection,
82351,10,29,768,768,0,0,0,0,0,0,2,0,0,0,82,detection,
82367,19,29,768,768,0,0,0,0,0,0,5,0,0,0,82,detection,
82546,22,15,1268,1268,0,0,0,0,0,0,1,0,0,0,82,detection,
82548,28,15,1268,1268,0,0,0,0,0,0,0,0,0,0,82,detection,
82588,26,17,810,810,0,0,0,0,0,0,0,0,0,0,82,detection,
82592,9,17,810,810,0,0,0,0,0,0,2,0,0,0,82,detection,
82598,25,17,810,810,0,0,0,0,0,0,0,0,0,0,82,detection,
82602,8,15,1268,1268,0,0,0,0,0,0,2,0,0,0,82,detection,
82678,12,17,810,810,0,0,0,0,0,0,0,0,0,0,82,detection,
82798,1,30,998,998,0,0,0,0,0,0,0,0,0,0,82,detection,
82837,26,30,998,998,0,0,0,0,0,0,0,0,0,0,82,detection,
82883,6,30,998,998,0,0,0,0,0,0,0,0,0,0,82,detection,
83011,27,25,835,835,0,0,0,0,0,0,1,0,0,0,83,detection,
83015,16,25,835,835,0,0,0,0,0,0,4,0,0,0,83,detection,
83032,2,25,835,835,0,0,0,0,0,0,2,0,0,0,83,detection,
83034,17,25,835,835,0,0,0,0,0,0,2,0,0,0,83,detection,
83052,5,25,835,835,0,0,0,0,0,0,0,0,0,0,83,detection,
83060,3,25,835,835,0,0,0,0,0,0,0,0,0,0,83,detection,
83072,18,25,835,835,0,0,0,0,0,0,0,0,0,0,83,detection,
83093,23,25,835,835,0,0,0,0,0,0,4,0,0,0,83,detection,
83948,1,18,512,512,0,0,0,0,0,0,4,0,0,0,83,detection,
83964,23,18,512,512,0,0,0,0,0,0,6,0,0,0,83,detection,
84052,5,18,512,512,0,0,0,0,0,0,4,0,0,0,84,detection,
84555,1,26,512,512,0,0,0,0,0,0,4,0,0,0,84,detection,
84572,18,26,512,512,0,0,0,0,0,0,4,0,0,0,84,detection,
84616,19,26,512,512,0,0,0,0,0,0,11,0,0,0,84,detection,
84632,6,26,512,512,0,0,0,0,0,0,0,0,0,0,84,detection,
84647,24,26,512,512,0,0,0,0,0,0,6,0,0,0,84,detection,
84659,17,26,512,512,0,0,0,0,0,0,8,0,0,0,84,detection,
84672,5,26,512,512,0,0,0,0,0,0,4,0,0,0,84,detection,
84680,12,26,512,512,0,0,0,0,0,0,6,0,0,0,84,detection,
85557,3,2,1109,1109,0,0,0,0,0,0,8,0,0,0,85,detection,
85592,9,2,1109,1109,0,0,0,0,0,0,15,0,0,0,85,detection,
85636,27,2,1109,1109,0,0,0,0,0,0,12,0,0,0,85,detection,
87088,1,24,512,512,0,0,0,0,0,0,4,0,0,0,87,detection,
87110,20,24,512,512,0,0,0,0,0,0,5,0,0,0,87,detection,
88282,7,16,1024,1024,0,0,0,0,0,0,8,0,0,0,88,detection,
88343,23,16,1024,1024,0,0,0,0,0,0,3,0,0,0,88,detection,
88344,25,16,1024,1024,0,0,0,0,0,0,3,0,0,0,88,detection,
88386,27,16,1024,1024,0,0,0,0,0,0,9,0,0,0,88,detection,
90434,3,21,1612,1612,0,0,0,0,0,0,0,0,0,0,90,detection,
90468,9,21,1612,1612,0,0,0,0,0,0,0,0,0,0,90,detection,
90478,10,21,1612,1612,0,0,0,0,0,0,3,0,0,0,90,detection,
90482,11,21,1612,1612,0,0,0,0,0,0,10,0,0,0,90,detection,
90482,14,21,1612,1612,0,0,0,0,0,0,7,0,0,0,90,detection,
91336,4,13,1024,1024,0,0,0,0,0,0,1,0,0,0,91,detection,
91362,20,13,1024,1024,0,0,0,0,0,0,0,0,0,0,91,detection,
91425,28,13,1024,1024,0,0,0,0,0,0,0,0,0,0,91,detection,
91841,23,7,1024,1024,0,0,0,0,0,0,4,0,0,0,91,detection,
91889,27,7,1024,1024,0,0,0,0,0,0,0,0,0,0,91,detection,
91892,16,7,1024,1024,0,0,0,0,0,0,6,0,0,0,91,detection,
93012,16,27,1091,1091,0,0,0,0,0,0,10,0,0,0,93,detection,
93029,7,27,1091,1091,0,0,0,0,0,0,8,0,0,0,93,detection,
93029,2,27,1091,1091,0,0,0,0,0,0,12,0,0,0,93,detection,
93063,21,10,1167,1167,0,0,0,0,0,0,8,0,0,0,93,detection,
93086,4,10,1167,1167,0,0,0,0,0,0,8,0,0,0,93,detection,
93171,28,10,1167,1167,0,0,0,0,0,0,7,0,0,0,93,detection,
93174,22,10,1167,1167,0,0,0,0,0,0,10,0,0,0,93,detection,
93179,15,10,1167,1167,0,0,0,0,0,0,4,0,0,0,93,detection,
93349,10,4,1046,1046,0,0,0,0,0,0,9,0,0,0,93,detection,
93350,8,4,1046,1046,0,0,0,0,0,0,9,0,0,0,93,detection,
93367,19,4,1046,1046,0,0,0,0,0,0,14,0,0,0,93,detection,
93425,28,4,1046,1046,0,0,0,0,0,0,0,0,0,0,93,detection,
93428,15,4,1046,1046,0,0,0,0,0,0,0,0,0,0,93,detection,
93430,12,4,1046,1046,0,0,0,0,0,0,0,0,0,0,93,detection,
93450,13,4,1046,1046,0,0,0,0,0,0,8,0,0,0,93,detection,
93607,11,14,1756,1756,0,0,0,0,0,0,3,0,0,0,93,detection,
93683,3,14,1756,1756,0,0,0,0,0,0,0,0,0,0,93,detection,
94155,2,3,1312,1312,0,0,0,0,0,0,8,0,0,0,94,detection,
94189,21,3,1312,1312,0,0,0,0,0,0,8,0,0,0,94,detection,
94216,9,3,1312,1312,0,0,0,0,0,0,8,0,0,0,94,detection,
94221,25,3,1312,1312,0,0,0,0,0,0,7,0,0,0,94,detection,
94230,14,3,1312,1312,0,0,0,0,0,0,8,0,0,0,94,detection,
95537,17,10,1167,1167,0,0,0,0,0,0,1,0,0,0,95,detection,
96299,28,15,1240,1240,0,0,0,0,0,0,0,0,0,0,96,detection,
97672,22,8,1524,1524,0,0,0,0,0,0,0,0,0,0,97,detection,
97675,28,8,1524,1524,0,0,0,0,0,0,0,0,0,0,97,detection,
97682,15,8,1524,1524,0,0,0,0,0,0,0,0,0,0,97,detection,
97713,4,8,1524,1524,0,0,0,0,0,0,0,0,0,0,97,detection,
98060,3,9,1536,1536,0,0,0,0,0,0,10,0,0,0,98,detection,
98096,25,9,1536,1536,0,0,0,0,0,0,8,0,0,0,98,detection,
98101,8,22,1459,1459,0,0,0,0,0,0,0,0,0,0,98,detection,
98155,2,9,1536,1536,0,0,0,0,0,0,6,0,0,0,98,detection,
98168,17,9,1536,1536,0,0,0,0,0,0,10,0,0,0,98,detection,
98179,15,22,1459,1459,0,0,0,0,0,0,6,0,0,0,98,detection,
99101,10,21,1596,1596,0,0,0,0,0,0,3,0,0,0,99,detection,
101464,9,21,1423,1423,0,0,0,0,0,0,3,0,0,0,101,detection,
101482,11,21,1423,1423,0,0,0,0,0,0,14,0,0,0,101,detection,
101483,14,21,1423,1423,0,0,0,0,0,0,12,0,0,0,101,detection,
101558,3,21,1423,1423,0,0,0,0,0,0,3,0,0,0,101,detection,
102606,14,11,1886,1886,0,0,0,0,0,0,0,0,0,0,102,detection,
104534,17,29,768,768,0,0,0,0,0,0,1,0,0,0,104,detection,
105235,20,19,881,881,0,0,0,0,0,0,1,0,0,0,105,detection,
106687,21,11,1865,1865,0,0,0,0,0,0,7,0,0,0,106,detection,
106733,14,11,1865,1865,0,0,0,0,0,0,0,0,0,0,106,detection,
108094,25,16,1024,1024,0,0,0,0,0,0,3,0,0,0,108,detection,
108951,13,4,1046,1046,0,0,0,0,0,0,8,0,0,0,108,detection,
109681,3,21,1448,1448,0,0,0,0,0,0,3,0,0,0,109,detection,
109725,10,21,1448,1448,0,0,0,0,0,0,6,0,0,0,109,detection,
109729,14,21,1448,1448,0,0,0,0,0,0,11,0,0,0,109,detection,
109733,11,21,1448,1448,0,0,0,0,0,0,14,0,0,0,109,detection,
113262,27,2,1109,1109,0,0,0,0,0,0,12,0,0,0,113,detection,
113306,3,2,1109,1109,0,0,0,0,0,0,7,0,0,0,113,detection,
113341,9,2,1109,1109,0,0,0,0,0,0,14,0,0,0,113,detection,
122499,1,6,512,512,0,0,0,0,0,0,0,0,0,0,122,detection,
122523,24,6,512,512,0,0,0,0,0,0,0,0,0,0,122,detection,
122556,12,6,512,512,0,0,0,0,0,0,0,0,0,0,122,detection,
122591,26,6,512,512,0,0,0,0,0,0,0,0,0,0,122,detection,
122606,20,6,512,512,0,0,0,0,0,0,1,0,0,0,122,detection,
123921,28,19,858,858,0,0,0,0,0,0,0,0,0,0,123,detection,
123929,15,19,858,858,0,0,0,0,0,0,2,0,0,0,123,detection,
123930,12,19,858,858,0,0,0,0,0,0,0,0,0,0,123,detection,
123951,13,19,858,858,0,0,0,0,0,0,0,0,0,0,123,detection,
123960,4,19,858,858,0,0,0,0,0,0,2,0,0,0,123,detection,
123964,26,19,858,858,0,0,0,0,0,0,0,0,0,0,123,detection,
123973,10,19,858,858,0,0,0,0,0,0,2,0,0,0,123,detection,
125183,3,21,1445,1445,0,0,0,0,0,0,3,0,0,0,125,detection,
125217,9,21,1445,1445,0,0,0,0,0,0,3,0,0,0,125,detection,
125227,10,21,1445,1445,0,0,0,0,0,0,6,0,0,0,125,detection,
125231,14,21,1445,1445,0,0,0,0,0,0,7,0,0,0,125,detection,
125235,11,21,1445,1445,0,0,0,0,0,0,8,0,0,0,125,detection,
126509,1,26,512,512,0,0,0,0,0,0,4,0,0,0,126,detection,
126523,24,26,512,512,0,0,0,0,0,0,6,0,0,0,126,detection,
126534,17,26,512,512,0,0,0,0,0,0,7,0,0,0,126,detection,
126548,5,26,512,512,0,0,0,0,0,0,4,0,0,0,126,detection,
126556,12,26,512,512,0,0,0,0,0,0,6,0,0,0,126,detection,
126571,18,26,512,512,0,0,0,0,0,0,4,0,0,0,126,detection,
126616,19,26,512,512,0,0,0,0,0,0,13,0,0,0,126,detection,
126632,6,26,512,512,0,0,0,0,0,0,0,0,0,0,126,detection,
130218,23,31,793,793,0,0,0,0,0,0,6,0,0,0,130,detection,
130260,27,31,793,793,0,0,0,0,0,0,9,0,0,0,130,detection,
130264,16,31,793,793,0,0,0,0,0,0,9,0,0,0,130,detection,
130282,7,31,793,793,0,0,0,0,0,0,3,0,0,0,130,detection,
130282,2,31,793,793,0,0,0,0,0,0,5,0,0,0,130,detection,
130554,1,20,768,768,0,0,0,0,0,0,4,0,0,0,130,detection,
130575,13,20,768,768,0,0,0,0,0,0,6,0,0,0,130,detection,
130615,19,20,768,768,0,0,0,0,0,0,12,0,0,0,130,detection,
130630,6,20,768,768,0,0,0,0,0,0,4,0,0,0,130,detection,
130650,24,20,768,768,0,0,0,0,0,0,4,0,0,0,130,detection,
130685,12,20,768,768,0,0,0,0,0,0,5,0,0,0,130,detection,
130785,17,12,785,785,0,0,0,0,0,0,6,0,0,0,130,detection,
130798,28,12,785,785,0,0,0,0,0,0,5,0,0,0,130,detection,
130799,5,12,785,785,0,0,0,0,0,0,4,0,0,0,130,detection,
130836,4,12,785,785,0,0,0,0,0,0,7,0,0,0,130,detection,
130836,26,12,785,785,0,0,0,0,0,0,4,0,0,0,130,detection,
130858,20,12,785,785,0,0,0,0,0,0,0,0,0,0,130,detection,
131243,19,17,814,814,0,0,0,0,0,0,7,0,0,0,131,detection,
131301,5,17,814,814,0,0,0,0,0,0,0,0,0,0,131,detection,
131304,12,17,814,814,0,0,0,0,0,0,0,0,0,0,131,detection,
131308,3,17,814,814,0,0,0,0,0,0,1,0,0,0,131,detection,
131339,26,17,814,814,0,0,0,0,0,0,0,0,0,0,131,detection,
131342,9,17,814,814,0,0,0,0,0,0,2,0,0,0,131,detection,
131348,25,17,814,814,0,0,0,0,0,0,0,0,0,0,131,detection,
131351,10,17,814,814,0,0,0,0,0,0,1,0,0,0,131,detection,
133422,28,15,1218,1218,0,0,0,0,0,0,0,0,0,0,133,detection,
133461,4,15,1218,1218,0,0,0,0,0,0,0,0,0,0,133,detection,
133474,10,15,1218,1218,0,0,0,0,0,0,0,0,0,0,133,detection,
133475,8,15,1218,1218,0,0,0,0,0,0,2,0,0,0,133,detection,
137525,1,30,954,954,0,0,0,0,0,0,0,0,0,0,137,detection,
137576,13,30,954,954,0,0,0,0,0,0,0,0,0,0,137,detection,
137611,20,30,954,954,0,0,0,0,0,0,0,0,0,0,137,detection,
137618,19,30,954,954,0,0,0,0,0,0,9,0,0,0,137,detection,
137631,6,30,954,954,0,0,0,0,0,0,0,0,0,0,137,detection,
137904,2,25,822,822,0,0,0,0,0,0,2,0,0,0,137,detection,
137910,17,25,822,822,0,0,0,0,0,0,2,0,0,0,137,detection,
137927,5,25,822,822,0,0,0,0,0,0,0,0,0,0,137,detection,
137931,3,25,822,822,0,0,0,0,0,0,0,0,0,0,137,detection,
137947,18,25,822,822,0,0,0,0,0,0,0,0,0,0,137,detection,
137968,9,25,822,822,0,0,0,0,0,0,5,0,0,0,137,detection,
138010,27,25,822,822,0,0,0,0,0,0,1,0,0,0,138,detection,
138014,16,25,822,822,0,0,0,0,0,0,3,0,0,0,138,detection,
138712,1,5,512,512,0,0,0,0,0,0,4,0,0,0,138,detection,
138717,23,5,512,512,0,0,0,0,0,0,0,0,0,0,138,detection,
138721,25,5,512,512,0,0,0,0,0,0,6,0,0,0,138,detection,
138786,17,5,512,512,0,0,0,0,0,0,1,0,0,0,138,detection,
138804,12,5,512,512,0,0,0,0,0,0,0,0,0,0,138,detection,
138823,18,5,512,512,0,0,0,0,0,0,0,0,0,0,138,detection,
138838,26,5,512,512,0,0,0,0,0,0,0,0,0,0,138,detection,
138969,1,18,512,512,0,0,0,0,0,0,4,0,0,0,138,detection,
139051,5,18,512,512,0,0,0,0,0,0,5,0,0,0,139,detection,
139090,26,18,512,512,0,0,0,0,0,0,0,0,0,0,139,detection,
139094,25,18,512,512,0,0,0,0,0,0,0,0,0,0,139,detection,
140726,10,4,1041,1041,0,0,0,0,0,0,9,0,0,0,140,detection,
140727,8,4,1041,1041,0,0,0,0,0,0,9,0,0,0,140,detection,
140739,19,4,1041,1041,0,0,0,0,0,0,17,0,0,0,140,detection,
140798,28,4,1041,1041,0,0,0,0,0,0,0,0,0,0,140,detection,
140805,15,4,1041,1041,0,0,0,0,0,0,0,0,0,0,140,detection,
140806,12,4,1041,1041,0,0,0,0,0,0,0,0,0,0,140,detection,
140826,13,4,1041,1041,0,0,0,0,0,0,8,0,0,0,140,detection,
141878,1,24,512,512,0,0,0,0,0,0,4,0,0,0,141,detection,
141881,6,24,512,512,0,0,0,0,0,0,4,0,0,0,141,detection,
141922,22,28,1150,1150,0,0,0,0,0,0,1,0,0,0,141,detection,
141927,15,28,1150,1150,0,0,0,0,0,0,0,0,0,0,141,detection,
141963,4,28,1150,1150,0,0,0,0,0,0,0,0,0,0,141,detection,
141973,8,28,1150,1150,0,0,0,0,0,0,2,0,0,0,141,detection,
142514,16,27,1078,1078,0,0,0,0,0,0,9,0,0,0,142,detection,
142530,7,27,1078,1078,0,0,0,0,0,0,8,0,0,0,142,detection,
142531,2,27,1078,1078,0,0,0,0,0,0,12,0,0,0,142,detection,
146032,2,9,1078,1078,0,0,0,0,0,0,6,0,0,0,146,detection,
146034,17,9,1078,1078,0,0,0,0,0,0,10,0,0,0,146,detection,
146058,3,9,1078,1078,0,0,0,0,0,0,10,0,0,0,146,detection,
146065,21,9,1078,1078,0,0,0,0,0,0,14,0,0,0,146,detection,
146092,25,9,1078,1078,0,0,0,0,0,0,8,0,0,0,146,detection,
146173,28,13,1024,1024,0,0,0,0,0,0,0,0,0,0,146,detection,
146236,20,13,1024,1024,0,0,0,0,0,0,0,0,0,0,146,detection,
147688,21,10,1183,1183,0,0,0,0,0,0,9,0,0,0,147,detection,
147711,4,10,1183,1183,0,0,0,0,0,0,8,0,0,0,147,detection,
147797,28,10,1183,1183,0,0,0,0,0,0,6,0,0,0,147,detection,
147798,22,10,1183,1183,0,0,0,0,0,0,9,0,0,0,147,detection,
147804,15,10,1183,1183,0,0,0,0,0,0,3,0,0,0,147,detection,
148065,21,11,1851,1851,0,0,0,0,0,0,6,0,0,0,148,detection,
148106,14,11,1851,1851,0,0,0,0,0,0,0,0,0,0,148,detection,
148215,9,21,1484,1484,0,0,0,0,0,0,3,0,0,0,148,detection,
148225,10,21,1484,1484,0,0,0,0,0,0,2,0,0,0,148,detection,
148230,14,21,1484,1484,0,0,0,0,0,0,7,0,0,0,148,detection,
148233,11,21,1484,1484,0,0,0,0,0,0,8,0,0,0,148,detection,
149056,3,14,1713,1713,0,0,0,0,0,0,0,0,0,0,149,detection,
149065,21,14,1713,1713,0,0,0,0,0,0,1,0,0,0,149,detection,
149109,11,14,1713,1713,0,0,0,0,0,0,2,0,0,0,149,detection,
149469,25,16,1024,1024,0,0,0,0,0,0,3,0,0,0,149,detection,
149510,27,16,1024,1024,0,0,0,0,0,0,9,0,0,0,149,detection,
150302,5,23,768,768,0,0,0,0,0,0,0,0,0,0,150,detection,
150321,18,23,768,768,0,0,0,0,0,0,0,0,0,0,150,detection,
150345,25,23,768,768,0,0,0,0,0,0,0,0,0,0,150,detection,
150390,16,23,768,768,0,0,0,0,0,0,1,0,0,0,150,detection,
153089,9,29,768,768,0,0,0,0,0,0,3,0,0,0,153,detection,
153099,10,29,768,768,0,0,0,0,0,0,2,0,0,0,153,detection,
153122,19,29,768,768,0,0,0,0,0,0,9,0,0,0,153,detection,
153159,17,29,768,768,0,0,0,0,0,0,1,0,0,0,153,detection,
155717,23,7,1024,1024,0,0,0,0,0,0,5,0,0,0,155,detection,
155764,27,7,1024,1024,0,0,0,0,0,0,0,0,0,0,155,detection,
155764,16,7,1024,1024,0,0,0,0,0,0,6,0,0,0,155,detection,
157796,22,8,1474,1474,0,0,0,0,0,0,0,0,0,0,157,detection,
157799,28,8,1474,1474,0,0,0,0,0,0,0,0,0,0,157,detection,
157806,15,8,1474,1474,0,0,0,0,0,0,0,0,0,0,157,detection,
157837,4,8,1474,1474,0,0,0,0,0,0,0,0,0,0,157,detection,
160350,10,22,1467,1467,0,0,0,0,0,0,8,0,0,0,160,detection,
160423,28,22,1467,1467,0,0,0,0,0,0,6,0,0,0,160,detection,
160430,15,22,1467,1467,0,0,0,0,0,0,6,0,0,0,160,detection,
164718,9,3,1083,1083,0,0,0,0,0,0,8,0,0,0,164,detection,
164724,25,3,1083,1083,0,0,0,0,0,0,9,0,0,0,164,detection,
164781,2,3,1083,1083,0,0,0,0,0,0,8,0,0,0,164,detection,
171481,14,21,1471,1471,0,0,0,0,0,0,6,0,0,0,171,detection,
171806,3,2,1085,1085,0,0,0,0,0,0,7,0,0,0,171,detection,
173358,14,11,1875,1875,0,0,0,0,0,0,0,0,0,0,173,detection,
178094,9,2,1085,1085,0,0,0,0,0,0,13,0,0,0,178,detection,
180509,27,16,1024,1024,0,0,0,0,0,0,9,0,0,0,180,detection,
180925,28,19,790,790,0,0,0,0,0,0,0,0,0,0,180,detection,
192324,18,5,512,512,0,0,0,0,0,0,0,0,0,0,192,detection,
192447,18,26,512,512,0,0,0,0,0,0,4,0,0,0,192,detection,
192586,26,18,512,512,0,0,0,0,0,0,1,0,0,0,192,detection,
195967,23,31,785,785,0,0,0,0,0,0,6,0,0,0,195,detection,
196090,26,20,768,768,0,0,0,0,0,0,1,0,0,0,196,detection,
196199,18,25,856,856,0,0,0,0,0,0,0,0,0,0,196,detection,
197024,24,6,512,512,0,0,0,0,0,0,0,0,0,0,197,detection,
197258,6,12,801,801,0,0,0,0,0,0,0,0,0,0,197,detection,
198235,20,24,512,512,0,0,0,0,0,0,4,0,0,0,198,detection,
199763,27,7,1024,1024,0,0,0,0,0,0,0,0,0,0,199,detection,
199846,25,3,1079,1079,0,0,0,0,0,0,8,0,0,0,199,detection,
202048,5,17,832,832,0,0,0,0,0,0,0,0,0,0,202,detection,
204307,3,9,1078,1078,0,0,0,0,0,0,10,0,0,0,204,detection,
204390,16,27,1078,1078,0,0,0,0,0,0,9,0,0,0,204,detection,
204973,10,28,1092,1092,0,0,0,0,0,0,1,0,0,0,204,detection,
208803,15,22,1464,1464,0,0,0,0,0,0,6,0,0,0,208,detection,
208815,21,14,1685,1685,0,0,0,0,0,0,1,0,0,0,208,detection,
209212,4,8,1474,1474,0,0,0,0,0,0,0,0,0,0,209,detection,
212714,4,8,1297,1297,0,0,0,0,0,0,3,0,0,0,212,detection,
212796,22,8,1297,1297,0,0,0,0,0,0,3,0,0,0,212,detection,
212799,28,8,1297,1297,0,0,0,0,0,0,3,0,0,0,212,detection,
212806,15,8,1297,1297,0,0,0,0,0,0,3,0,0,0,212,detection,
217337,4,10,1130,1130,0,0,0,0,0,0,8,0,0,0,217,detection,
217558,3,21,1479,1479,0,0,0,0,0,0,3,0,0,0,217,detection,
217592,9,21,1479,1479,0,0,0,0,0,0,3,0,0,0,217,detection,
217601,10,21,1479,1479,0,0,0,0,0,0,2,0,0,0,217,detection,
217605,11,21,1479,1479,0,0,0,0,0,0,7,0,0,0,217,detection,
217606,14,21,1479,1479,0,0,0,0,0,0,6,0,0,0,217,detection,
220548,28,8,1297,1297,0,0,0,0,0,0,3,0,0,0,220,detection,
220556,15,8,1297,1297,0,0,0,0,0,0,3,0,0,0,220,detection,
220586,4,8,1297,1297,0,0,0,0,0,0,3,0,0,0,220,detection,
223841,23,25,847,847,0,0,0,0,0,0,3,0,0,0,223,detection,
223842,9,25,847,847,0,0,0,0,0,0,4,0,0,0,223,detection,
223888,27,25,847,847,0,0,0,0,0,0,1,0,0,0,223,detection,
223888,16,25,847,847,0,0,0,0,0,0,3,0,0,0,223,detection,
223905,2,25,847,847,0,0,0,0,0,0,2,0,0,0,223,detection,
223911,17,25,847,847,0,0,0,0,0,0,4,0,0,0,223,detection,
223925,5,25,847,847,0,0,0,0,0,0,0,0,0,0,223,detection,
223933,3,25,847,847,0,0,0,0,0,0,0,0,0,0,223,detection,
223948,18,25,847,847,0,0,0,0,0,0,0,0,0,0,223,detection,
224051,5,29,788,768,20,0,7,25,5,0,0,0,0,0,224,detection,
224066,3,29,788,768,20,0,7,25,5,0,2,0,0,0,224,detection,
224092,9,29,788,768,20,0,7,25,4,0,3,0,0,0,224,detection,
224101,10,29,788,768,20,0,7,25,5,0,2,0,0,0,224,detection,
224115,19,29,788,768,20,0,6,25,4,0,9,0,0,0,224,detection,
224156,2,29,788,768,20,0,7,25,5,0,1,0,0,0,224,detection,
224195,5,12,817,817,0,0,0,0,0,0,4,0,0,0,224,detection,
224203,13,12,817,817,0,0,0,0,0,0,4,0,0,0,224,detection,
224212,4,12,817,817,0,0,0,0,0,0,6,0,0,0,224,detection,
224212,26,12,817,817,0,0,0,0,0,0,5,0,0,0,224,detection,
224234,20,12,817,817,0,0,0,0,0,0,0,0,0,0,224,detection,
224242,19,12,817,817,0,0,0,0,0,0,15,0,0,0,224,detection,
224258,6,12,817,817,0,0,0,0,0,0,0,0,0,0,224,detection,
231923,22,8,1297,1297,0,0,0,0,0,0,3,0,0,0,231,detection,
231929,15,8,1297,1297,0,0,0,0,0,0,0,0,0,0,231,detection,
231964,4,8,1297,1297,0,0,0,0,0,0,0,0,0,0,231,detection,
232013,27,25,768,768,0,0,0,0,0,0,5,0,0,0,232,detection,
232030,2,25,768,768,0,0,0,0,0,0,6,0,0,0,232,detection,
232073,18,25,768,768,0,0,0,0,0,0,4,0,0,0,232,detection,
232090,23,25,768,768,0,0,0,0,0,0,6,0,0,0,232,detection,
233740,19,17,813,813,0,0,0,0,0,0,11,0,0,0,233,detection,
233801,5,17,813,813,0,0,0,0,0,0,0,0,0,0,233,detection,
233803,12,17,813,813,0,0,0,0,0,0,0,0,0,0,233,detection,
233838,26,17,813,813,0,0,0,0,0,0,1,0,0,0,233,detection,
233842,9,17,813,813,0,0,0,0,0,0,2,0,0,0,233,detection,
233843,25,17,813,813,0,0,0,0,0,0,3,0,0,0,233,detection,
234983,1,26,512,512,0,0,0,0,0,0,4,0,0,0,234,detection,
234988,19,26,512,512,0,0,0,0,0,0,16,0,0,0,234,detection,
235008,6,26,512,512,0,0,0,0,0,0,0,0,0,0,235,detection,
235023,24,26,512,512,0,0,0,0,0,0,5,0,0,0,235,detection,
235034,17,26,512,512,0,0,0,0,0,0,9,0,0,0,235,detection,
235048,5,26,512,512,0,0,0,0,0,0,4,0,0,0,235,detection,
235051,12,26,512,512,0,0,0,0,0,0,5,0,0,0,235,detection,
235072,18,26,512,512,0,0,0,0,0,0,4,0,0,0,235,detection,
235232,14,11,1822,1822,0,0,0,0,0,0,0,0,0,0,235,detection,
237053,1,30,974,954,20,0,7,25,5,0,0,0,0,0,237,detection,
237078,13,30,974,954,20,0,7,25,5,0,0,0,0,0,237,detection,
237088,26,30,974,954,20,0,7,25,5,0,1,0,0,0,237,detection,
237108,20,30,974,954,20,0,7,25,5,0,0,0,0,0,237,detection,
237122,19,30,974,954,20,0,6,25,4,0,11,0,0,0,237,detection,
237133,6,30,974,954,20,0,7,25,5,0,0,0,0,0,237,detection,
241012,27,25,768,768,0,0,0,0,0,0,5,0,0,0,241,detection,
241016,16,25,768,768,0,0,0,0,0,0,7,0,0,0,241,detection,
241029,2,25,768,768,0,0,0,0,0,0,6,0,0,0,241,detection,
241035,17,25,768,768,0,0,0,0,0,0,7,0,0,0,241,detection,
241049,5,25,768,768,0,0,0,0,0,0,4,0,0,0,241,detection,
241056,3,25,768,768,0,0,0,0,0,0,4,0,0,0,241,detection,
241072,18,25,768,768,0,0,0,0,0,0,4,0,0,0,241,detection,
241090,9,25,768,768,0,0,0,0,0,0,9,0,0,0,241,detection,
242404,7,16,1024,1024,0,0,0,0,0,0,8,0,0,0,242,detection,
243687,21,3,1024,1024,0,0,0,0,0,0,14,0,0,0,243,detection,
243733,14,3,1024,1024,0,0,0,0,0,0,12,0,0,0,243,detection,
243757,6,30,994,935,59,0,23,70,10,0,0,0,94,100,243,detection,
243782,2,3,1024,1024,0,0,0,0,0,0,12,0,0,0,243,detection,
247465,9,21,1305,1305,0,0,0,0,0,0,3,0,0,0,247,detection,
247475,10,21,1305,1305,0,0,0,0,0,0,6,0,0,0,247,detection,
247480,14,21,1305,1305,0,0,0,0,0,0,10,0,0,0,247,detection,
247483,11,21,1305,1305,0,0,0,0,0,0,11,0,0,0,247,detection,
249492,19,10,1121,1121,0,0,0,0,0,0,22,0,0,0,249,detection,
249537,17,10,1121,1121,0,0,0,0,0,0,7,0,0,0,249,detection,
249547,22,10,1121,1121,0,0,0,0,0,0,13,0,0,0,249,detection,
249549,28,10,1121,1121,0,0,0,0,0,0,10,0,0,0,249,detection,
249564,21,10,1121,1121,0,0,0,0,0,0,13,0,0,0,249,detection,
249587,4,10,1121,1121,0,0,0,0,0,0,12,0,0,0,249,detection,
249592,9,10,1121,1121,0,0,0,0,0,0,13,0,0,0,249,detection,
250013,27,16,1024,1024,0,0,0,0,0,0,8,0,0,0,250,detection,
250030,7,16,1024,1024,0,0,0,0,0,0,7,0,0,0,250,detection,
250092,23,16,1024,1024,0,0,0,0,0,0,3,0,0,0,250,detection,
250097,25,16,1024,1024,0,0,0,0,0,0,6,0,0,0,250,detection,
250229,1,18,512,512,0,0,0,0,0,0,4,0,0,0,250,detection,
250299,5,18,512,512,0,0,0,0,0,0,4,0,0,0,250,detection,
250337,26,18,512,512,0,0,0,0,0,0,1,0,0,0,250,detection,
250339,23,18,512,512,0,0,0,0,0,0,6,0,0,0,250,detection,
250346,25,18,512,512,0,0,0,0,0,0,3,0,0,0,250,detection,
250530,2,3,1069,1069,0,0,0,0,0,0,11,0,0,0,250,detection,
250564,21,3,1069,1069,0,0,0,0,0,0,14,0,0,0,250,detection,
250591,9,3,1069,1069,0,0,0,0,0,0,11,0,0,0,250,detection,
250596,25,3,1069,1069,0,0,0,0,0,0,6,0,0,0,250,detection,
250605,14,3,1069,1069,0,0,0,0,0,0,11,0,0,0,250,detection,
251886,27,25,796,796,0,0,0,0,0,0,0,0,0,0,251,detection,
251890,16,25,796,796,0,0,0,0,0,0,2,0,0,0,251,detection,
251904,2,25,796,796,0,0,0,0,0,0,1,0,0,0,251,detection,
251909,17,25,796,796,0,0,0,0,0,0,7,0,0,0,251,detection,
251927,5,25,796,796,0,0,0,0,0,0,4,0,0,0,251,detection,
251931,3,25,796,796,0,0,0,0,0,0,4,0,0,0,251,detection,
251947,18,25,796,796,0,0,0,0,0,0,0,0,0,0,251,detection,
251968,23,25,796,796,0,0,0,0,0,0,6,0,0,0,251,detection,
252174,28,4,1109,1109,0,0,0,0,0,0,0,0,0,0,252,detection,
252182,15,4,1109,1109,0,0,0,0,0,0,0,0,0,0,252,detection,
252203,13,4,1109,1109,0,0,0,0,0,0,7,0,0,0,252,detection,
252217,9,21,1344,1344,0,0,0,0,0,0,3,0,0,0,252,detection,
252227,8,4,1109,1109,0,0,0,0,0,0,10,0,0,0,252,detection,
252230,11,21,1344,1344,0,0,0,0,0,0,11,0,0,0,252,detection,
252231,14,21,1344,1344,0,0,0,0,0,0,10,0,0,0,252,detection,
252243,19,4,1109,1109,0,0,0,0,0,0,20,0,0,0,252,detection,
252307,3,21,1344,1344,0,0,0,0,0,0,3,0,0,0,252,detection,
252554,15,19,893,893,0,0,0,0,0,0,2,0,0,0,252,detection,
252556,12,19,893,893,0,0,0,0,0,0,0,0,0,0,252,detection,
252578,13,19,893,893,0,0,0,0,0,0,0,0,0,0,252,detection,
252585,4,19,893,893,0,0,0,0,0,0,1,0,0,0,252,detection,
252599,10,19,893,893,0,0,0,0,0,0,2,0,0,0,252,detection,
252611,20,19,893,893,0,0,0,0,0,0,1,0,0,0,252,detection,
252671,28,19,893,893,0,0,0,0,0,0,0,0,0,0,252,detection,
254099,10,4,1109,1109,0,0,0,0,0,0,10,0,0,0,254,detection,
254180,3,9,1046,1046,0,0,0,0,0,0,6,0,0,0,254,detection,
254187,21,9,1046,1046,0,0,0,0,0,0,16,0,0,0,254,detection,
254354,1,24,512,512,0,0,0,0,0,0,4,0,0,0,254,detection,
254358,20,24,512,512,0,0,0,0,0,0,4,0,0,0,254,detection,
254734,20,13,1043,1043,0,0,0,0,0,0,0,0,0,0,254,detection,
255188,21,10,1115,1115,0,0,0,0,0,0,13,0,0,0,255,detection,
255211,4,10,1115,1115,0,0,0,0,0,0,6,0,0,0,255,detection,
257163,1,5,512,512,0,0,0,0,0,0,4,0,0,0,257,detection,
257198,18,5,512,512,0,0,0,0,0,0,0,0,0,0,257,detection,
257215,23,5,512,512,0,0,0,0,0,0,0,0,0,0,257,detection,
257284,17,5,512,512,0,0,0,0,0,0,3,0,0,0,257,detection,
258022,24,20,787,787,0,0,0,0,0,0,4,0,0,0,258,detection,
259761,27,2,1095,1095,0,0,0,0,0,0,12,0,0,0,259,detection,
259805,3,2,1095,1095,0,0,0,0,0,0,8,0,0,0,259,detection,
259845,9,2,1095,1095,0,0,0,0,0,0,13,0,0,0,259,detection,
259890,16,23,785,785,0,0,0,0,0,0,1,0,0,0,259,detection,
259906,7,23,785,785,0,0,0,0,0,0,1,0,0,0,259,detection,
259946,18,23,785,785,0,0,0,0,0,0,0,0,0,0,259,detection,
261412,17,26,512,512,0,0,0,0,0,0,9,0,0,0,261,detection,
261437,1,20,787,787,0,0,0,0,0,0,4,0,0,0,261,detection,
261449,13,20,787,787,0,0,0,0,0,0,6,0,0,0,261,detection,
261473,26,20,787,787,0,0,0,0,0,0,1,0,0,0,261,detection,
261490,19,20,787,787,0,0,0,0,0,0,18,0,0,0,261,detection,
261504,6,20,787,787,0,0,0,0,0,0,4,0,0,0,261,detection,
261525,24,20,787,787,0,0,0,0,0,0,4,0,0,0,261,detection,
262548,28,8,1390,1390,0,0,0,0,0,0,3,0,0,0,262,detection,
262555,15,8,1390,1390,0,0,0,0,0,0,0,0,0,0,262,detection,
262586,4,8,1390,1390,0,0,0,0,0,0,0,0,0,0,262,detection,
263589,26,5,512,512,0,0,0,0,0,0,1,0,0,0,263,detection,
264087,4,15,1277,1277,0,0,0,0,0,0,0,0,0,0,264,detection,
264590,23,25,800,800,0,0,0,0,0,0,6,0,0,0,264,detection,
264715,9,2,1095,1095,0,0,0,0,0,0,9,0,0,0,264,detection,
264931,15,22,1417,1417,0,0,0,0,0,0,6,0,0,0,264,detection,
264948,18,31,823,803,20,0,6,25,4,0,6,0,0,0,264,detection,
264965,23,31,823,803,20,0,6,25,4,0,6,0,0,0,264,detection,
264978,8,22,1417,1417,0,0,0,0,0,0,1,0,0,0,264,detection,
265011,27,31,823,803,20,0,6,25,4,0,9,0,0,0,265,detection,
265016,16,31,823,803,20,0,6,25,4,0,8,0,0,0,265,detection,
265038,17,31,823,803,20,0,6,25,4,0,10,0,0,0,265,detection,
265264,27,7,1063,1063,0,0,0,0,0,0,0,0,0,0,265,detection,
265264,16,7,1063,1063,0,0,0,0,0,0,6,0,0,0,265,detection,
267131,6,24,512,512,0,0,0,0,0,0,4,0,0,0,267,detection,
267982,11,21,1336,1336,0,0,0,0,0,0,11,0,0,0,267,detection,
267982,14,21,1336,1336,0,0,0,0,0,0,10,0,0,0,267,detection,
269566,21,3,1155,1155,0,0,0,0,0,0,13,0,0,0,269,detection,
269592,9,3,1155,1155,0,0,0,0,0,0,11,0,0,0,269,detection,
269607,14,3,1155,1155,0,0,0,0,0,0,6,0,0,0,269,detection,
269656,2,3,1155,1155,0,0,0,0,0,0,6,0,0,0,269,detection,
270785,17,10,1206,1206,0,0,0,0,0,0,8,0,0,0,270,detection,
270795,22,10,1206,1206,0,0,0,0,0,0,7,0,0,0,270,detection,
270797,28,10,1206,1206,0,0,0,0,0,0,10,0,0,0,270,detection,
270805,15,10,1206,1206,0,0,0,0,0,0,6,0,0,0,270,detection,
270812,21,10,1206,1206,0,0,0,0,0,0,8,0,0,0,270,detection,
270835,4,10,1206,1206,0,0,0,0,0,0,6,0,0,0,270,detection,
270844,9,10,1206,1206,0,0,0,0,0,0,12,0,0,0,270,detection,
270866,19,10,1206,1206,0,0,0,0,0,0,25,0,0,0,270,detection,
272726,8,28,1204,1204,0,0,0,0,0,0,3,0,0,0,272,detection,
272804,15,28,1204,1204,0,0,0,0,0,0,0,0,0,0,272,detection,
272806,12,28,1204,1204,0,0,0,0,0,0,0,0,0,0,272,detection,
272826,13,28,1204,1204,0,0,0,0,0,0,0,0,0,0,272,detection,
272835,4,28,1204,1204,0,0,0,0,0,0,0,0,0,0,272,detection,
273598,25,17,851,851,0,0,0,0,0,0,3,0,0,0,273,detection,
276233,14,11,1642,1642,0,0,0,0,0,0,1,0,0,0,276,detection,
276647,1,6,512,512,0,0,0,0,0,0,0,0,0,0,276,detection,
276679,12,6,512,512,0,0,0,0,0,0,0,0,0,0,276,detection,
276713,26,6,512,512,0,0,0,0,0,0,3,0,0,0,276,detection,
276733,20,6,512,512,0,0,0,0,0,0,1,0,0,0,276,detection,
277140,16,27,1086,1086,0,0,0,0,0,0,8,0,0,0,277,detection,
277157,7,27,1086,1086,0,0,0,0,0,0,7,0,0,0,277,detection,
277157,2,27,1086,1086,0,0,0,0,0,0,11,0,0,0,277,detection,
279557,3,25,783,783,0,0,0,0,0,0,4,0,0,0,279,detection,
279591,9,25,783,783,0,0,0,0,0,0,9,0,0,0,279,detection,
279637,27,25,783,783,0,0,0,0,0,0,0,0,0,0,279,detection,
279641,16,25,783,783,0,0,0,0,0,0,2,0,0,0,279,detection,
279654,2,25,783,783,0,0,0,0,0,0,1,0,0,0,279,detection,
279660,17,25,783,783,0,0,0,0,0,0,7,0,0,0,279,detection,
279961,4,15,1264,1264,0,0,0,0,0,0,0,0,0,0,279,detection,
279975,10,15,1264,1264,0,0,0,0,0,0,1,0,0,0,279,detection,
279976,8,15,1264,1264,0,0,0,0,0,0,3,0,0,0,279,detection,
281484,11,14,1543,1543,0,0,0,0,0,0,2,0,0,0,281,detection,
289655,2,3,1142,1142,0,0,0,0,0,0,9,0,0,0,289,detection,
289689,21,3,1142,1142,0,0,0,0,0,0,12,0,0,0,289,detection,
289716,9,3,1142,1142,0,0,0,0,0,0,9,0,0,0,289,detection,
289721,25,3,1142,1142,0,0,0,0,0,0,9,0,0,0,289,detection,
289730,14,3,1142,1142,0,0,0,0,0,0,9,0,0,0,289,detection,
289863,19,29,808,768,40,0,12,60,4,0,15,0,0,0,289,detection,
290607,11,14,1568,1568,0,0,0,0,0,0,2,0,0,0,290,detection,
292798,28,10,1189,1189,0,0,0,0,0,0,5,0,0,0,292,detection,
294593,9,21,1425,1425,0,0,0,0,0,0,3,0,0,0,294,detection,
294603,10,21,1425,1425,0,0,0,0,0,0,6,0,0,0,294,detection,
294607,11,21,1425,1425,0,0,0,0,0,0,11,0,0,0,294,detection,
294607,14,21,1425,1425,0,0,0,0,0,0,9,0,0,0,294,detection,
294682,3,21,1425,1425,0,0,0,0,0,0,4,0,0,0,294,detection,
294843,9,3,1127,1127,0,0,0,0,0,0,9,0,0,0,294,detection,
294848,25,3,1127,1127,0,0,0,0,0,0,9,0,0,0,294,detection,
294857,14,3,1127,1127,0,0,0,0,0,0,9,0,0,0,294,detection,
294906,2,3,1127,1127,0,0,0,0,0,0,9,0,0,0,294,detection,
297414,17,10,1189,1189,0,0,0,0,0,0,8,0,0,0,297,detection,
297423,22,10,1189,1189,0,0,0,0,0,0,7,0,0,0,297,detection,
297429,15,10,1189,1189,0,0,0,0,0,0,5,0,0,0,297,detection,
297464,4,10,1189,1189,0,0,0,0,0,0,5,0,0,0,297,detection,
297468,9,10,1189,1189,0,0,0,0,0,0,11,0,0,0,297,detection,
297490,19,10,1189,1189,0,0,0,0,0,0,25,0,0,0,297,detection,
299046,22,8,1384,1384,0,0,0,0,0,0,3,0,0,0,299,detection,
308338,26,6,512,512,0,0,0,0,0,0,3,0,0,0,308,detection,
309439,21,3,1150,1150,0,0,0,0,0,0,11,0,0,0,309,detection,
309466,9,3,1150,1150,0,0,0,0,0,0,9,0,0,0,309,detection,
309472,25,3,1150,1150,0,0,0,0,0,0,9,0,0,0,309,detection,
309481,14,3,1150,1150,0,0,0,0,0,0,9,0,0,0,309,detection,
309530,2,3,1150,1150,0,0,0,0,0,0,9,0,0,0,309,detection,
312726,8,22,1473,1473,0,0,0,0,0,0,1,0,0,0,312,detection,
314173,22,8,1382,1382,0,0,0,0,0,0,3,0,0,0,314,detection,
318270,1,30,1034,768,266,0,94,100,58,0,5,0,82,55,318,detection,
318329,13,30,1034,768,266,0,94,100,58,0,5,0,82,55,318,detection,
318338,26,30,1034,768,266,0,86,100,53,0,10,0,82,55,318,detection,
318360,20,30,1034,768,266,0,94,100,58,0,5,0,82,55,318,detection,
318369,19,30,1034,768,266,0,74,100,45,0,20,0,82,55,318,detection,
318385,6,30,1034,768,266,0,96,100,50,0,4,0,82,75,318,detection,
320966,9,3,1140,1140,0,0,0,0,0,0,8,0,0,0,320,detection,
325048,5,18,512,512,0,0,0,0,0,0,4,0,0,0,325,detection,
326726,1,30,1054,768,286,0,100,100,4,0,6,0,82,55,326,detection,
326736,20,30,1054,768,286,0,100,100,4,0,6,0,82,55,326,detection,
326740,19,30,1054,768,286,0,78,100,3,0,21,0,80,55,326,detection,
326760,6,30,1054,768,286,0,100,100,5,0,2,0,82,75,326,detection,
326829,13,30,1054,768,286,0,100,100,4,0,6,0,82,55,326,detection,
326838,26,30,1054,768,286,0,93,100,4,0,10,0,82,55,326,detection,
327428,12,20,776,776,0,0,0,0,0,0,4,0,0,0,327,detection,
332065,21,3,1140,1140,0,0,0,0,0,0,11,0,0,0,332,detection,
332092,9,3,1140,1140,0,0,0,0,0,0,8,0,0,0,332,detection,
332106,14,3,1140,1140,0,0,0,0,0,0,8,0,0,0,332,detection,
332391,16,7,1058,1058,0,0,0,0,0,0,5,0,0,0,332,detection,
335782,2,9,1358,1358,0,0,0,0,0,0,7,0,0,0,335,detection,
336987,1,30,1074,768,306,0,100,100,4,0,7,0,82,55,336,detection,
336992,19,30,1074,768,306,0,83,100,3,0,22,0,80,55,336,detection,
337008,6,30,1074,768,306,0,100,100,5,0,2,0,82,75,337,detection,
337077,13,30,1074,768,306,0,100,100,4,0,7,0,82,55,337,detection,
337090,26,30,1074,768,306,0,98,100,4,0,11,0,82,55,337,detection,
337112,20,30,1074,768,306,0,100,100,4,0,7,0,82,55,337,detection,
337263,16,25,804,804,0,0,0,0,0,0,2,0,0,0,337,detection,
337263,27,25,804,804,0,0,0,0,0,0,0,0,0,0,337,detection,
337286,17,25,804,804,0,0,0,0,0,0,4,0,0,0,337,detection,
337300,5,25,804,804,0,0,0,0,0,0,3,0,0,0,337,detection,
337324,18,25,804,804,0,0,0,0,0,0,0,0,0,0,337,detection,
337341,23,25,804,804,0,0,0,0,0,0,2,0,0,0,337,detection,
338983,14,11,1721,1721,0,0,0,0,0,0,1,0,0,0,338,detection,
339223,25,23,832,832,0,0,0,0,0,0,3,0,0,0,339,detection,
343717,9,21,1516,1516,0,0,0,0,0,0,4,0,0,0,343,detection,
346308,3,21,1504,1504,0,0,0,0,0,0,5,0,0,0,346,detection,
346342,9,21,1504,1504,0,0,0,0,0,0,4,0,0,0,346,detection,
346357,14,21,1504,1504,0,0,0,0,0,0,5,0,0,0,346,detection,
346360,11,21,1504,1504,0,0,0,0,0,0,10,0,0,0,346,detection,
349279,2,27,1330,1330,0,0,0,0,0,0,12,0,0,0,349,detection,
353133,6,26,512,512,0,0,0,0,0,0,0,0,0,0,353,detection,
363297,22,10,1146,1146,0,0,0,0,0,0,7,0,0,0,363,detection,
363300,28,10,1146,1146,0,0,0,0,0,0,5,0,0,0,363,detection,
363303,15,10,1146,1146,0,0,0,0,0,0,2,0,0,0,363,detection,
363315,21,10,1146,1146,0,0,0,0,0,0,8,0,0,0,363,detection,
363342,9,10,1146,1146,0,0,0,0,0,0,11,0,0,0,363,detection,
363365,19,10,1146,1146,0,0,0,0,0,0,24,0,0,0,363,detection,
363412,17,10,1146,1146,0,0,0,0,0,0,9,0,0,0,363,detection,
366175,5,12,849,849,0,0,0,0,0,0,3,0,0,0,366,detection,
371995,1,30,1094,768,326,0,100,100,4,0,3,0,82,55,371,detection,
372007,6,30,1094,768,326,0,100,100,4,0,3,0,82,75,372,detection,
372090,26,30,1094,768,326,0,100,100,4,0,11,0,82,55,372,detection,
372111,20,30,1094,768,326,0,100,100,4,0,7,0,82,55,372,detection,
372116,19,30,1094,768,326,0,88,100,3,0,22,0,80,55,372,detection,
372701,13,28,1184,1184,0,0,0,0,0,0,0,0,0,0,372,detection,
380180,15,10,1177,1177,0,0,0,0,0,0,1,0,0,0,380,detection,
384815,21,14,1507,1507,0,0,0,0,0,0,2,0,0,0,384,detection,
390532,2,3,1124,1124,0,0,0,0,0,0,8,0,0,0,390,detection,
390593,9,3,1124,1124,0,0,0,0,0,0,8,0,0,0,390,detection,
390598,25,3,1124,1124,0,0,0,0,0,0,8,0,0,0,390,detection,
391154,2,3,1124,1124,0,0,0,0,0,0,8,0,0,0,391,detection,
392679,12,6,512,512,0,0,0,0,0,0,0,0,0,0,392,detection,
393976,10,15,1222,1222,0,0,0,0,0,0,1,0,0,0,393,detection,
394261,27,7,1077,1077,0,0,0,0,0,0,0,0,0,0,394,detection,
407139,27,2,1123,1123,0,0,0,0,0,0,8,0,0,0,407,detection,
419534,1,30,1114,768,346,0,100,100,4,0,3,0,82,55,419,detection,
419577,13,30,1114,768,346,0,100,100,9,0,7,0,82,55,419,detection,
419590,26,30,1114,768,346,0,100,100,4,0,11,0,82,55,419,detection,
419612,20,30,1114,768,346,0,100,100,4,0,4,0,82,55,419,detection,
419616,19,30,1114,768,346,0,100,100,3,0,17,0,82,55,419,detection,
419632,6,30,1114,768,346,0,100,100,4,0,3,0,82,75,419,detection,
420030,7,27,1276,1276,0,0,0,0,0,0,4,0,0,0,420,detection,
426673,28,4,1181,1181,0,0,0,0,0,0,0,0,0,0,426,detection,
427866,19,30,1134,768,366,0,100,100,3,0,17,0,82,55,427,detection,
429296,22,28,1206,1206,0,0,0,0,0,0,1,0,0,0,429,detection,
429301,15,28,1206,1206,0,0,0,0,0,0,0,0,0,0,429,detection,
429307,12,28,1206,1206,0,0,0,0,0,0,0,0,0,0,429,detection,
429327,13,28,1206,1206,0,0,0,0,0,0,0,0,0,0,429,detection,
429337,4,28,1206,1206,0,0,0,0,0,0,0,0,0,0,429,detection,
429350,10,28,1206,1206,0,0,0,0,0,0,2,0,0,0,429,detection,
429351,8,28,1206,1206,0,0,0,0,0,0,4,0,0,0,429,detection,
432463,4,15,1300,1300,0,0,0,0,0,0,0,0,0,0,432,detection,
432476,8,15,1300,1300,0,0,0,0,0,0,3,0,0,0,432,detection,
432477,10,15,1300,1300,0,0,0,0,0,0,1,0,0,0,432,detection,
432546,22,15,1300,1300,0,0,0,0,0,0,1,0,0,0,432,detection,
432548,28,15,1300,1300,0,0,0,0,0,0,0,0,0,0,432,detection,
434217,9,29,828,768,60,0,22,70,9,0,3,0,94,100,434,detection,
435195,1,20,770,770,0,0,0,0,0,0,4,0,0,0,435,detection,
435203,13,20,770,770,0,0,0,0,0,0,5,0,0,0,435,detection,
435214,26,20,770,770,0,0,0,0,0,0,3,0,0,0,435,detection,
435242,19,20,770,770,0,0,0,0,0,0,19,0,0,0,435,detection,
435258,6,20,770,770,0,0,0,0,0,0,4,0,0,0,435,detection,
435274,24,20,770,770,0,0,0,0,0,0,3,0,0,0,435,detection,
435306,12,20,770,770,0,0,0,0,0,0,4,0,0,0,435,detection,
437046,22,8,1393,1393,0,0,0,0,0,0,0,0,0,0,437,detection,
437048,28,8,1393,1393,0,0,0,0,0,0,0,0,0,0,437,detection,
437056,15,8,1393,1393,0,0,0,0,0,0,0,0,0,0,437,detection,
437086,4,8,1393,1393,0,0,0,0,0,0,0,0,0,0,437,detection,
437205,1,5,512,512,0,0,0,0,0,0,4,0,0,0,437,detection,
437215,26,5,512,512,0,0,0,0,0,0,3,0,0,0,437,detection,
437218,25,5,512,512,0,0,0,0,0,0,9,0,0,0,437,detection,
437290,17,5,512,512,0,0,0,0,0,0,5,0,0,0,437,detection,
437305,12,5,512,512,0,0,0,0,0,0,0,0,0,0,437,detection,
437324,18,5,512,512,0,0,0,0,0,0,0,0,0,0,437,detection,
439013,27,7,1069,1069,0,0,0,0,0,0,0,0,0,0,439,detection,
439017,16,7,1069,1069,0,0,0,0,0,0,5,0,0,0,439,detection,
439090,23,7,1069,1069,0,0,0,0,0,0,4,0,0,0,439,detection,
441966,26,18,512,512,0,0,0,0,0,0,3,0,0,0,441,detection,
446428,15,28,1200,1200,0,0,0,0,0,0,0,0,0,0,446,detection,
446897,1,6,512,512,0,0,0,0,0,0,0,0,0,0,446,detection,
446929,12,6,512,512,0,0,0,0,0,0,0,0,0,0,446,detection,
446963,26,6,512,512,0,0,0,0,0,0,3,0,0,0,446,detection,
446983,20,6,512,512,0,0,0,0,0,0,1,0,0,0,446,detection,
448100,10,29,848,768,80,0,29,70,14,0,3,0,94,100,448,detection,
448159,2,29,848,768,80,0,30,70,15,0,1,0,94,100,448,detection,
448184,3,29,848,768,80,0,28,70,14,0,5,0,94,100,448,detection,
448185,5,29,848,768,80,0,31,70,15,0,0,0,94,100,448,detection,
450590,23,25,834,834,0,0,0,0,0,0,2,0,0,0,450,detection,
450591,9,25,834,834,0,0,0,0,0,0,8,0,0,0,450,detection,
450637,27,25,834,834,0,0,0,0,0,0,0,0,0,0,450,detection,
450641,16,25,834,834,0,0,0,0,0,0,1,0,0,0,450,detection,
450655,2,25,834,834,0,0,0,0,0,0,1,0,0,0,450,detection,
450660,17,25,834,834,0,0,0,0,0,0,4,0,0,0,450,detection,
450674,5,25,834,834,0,0,0,0,0,0,3,0,0,0,450,detection,
450682,3,25,834,834,0,0,0,0,0,0,1,0,0,0,450,detection,
450697,18,25,834,834,0,0,0,0,0,0,0,0,0,0,450,detection,
452470,25,16,1041,1041,0,0,0,0,0,0,6,0,0,0,452,detection,
458335,4,10,1187,1187,0,0,0,0,0,0,5,0,0,0,458,detection,
458344,9,10,1187,1187,0,0,0,0,0,0,11,0,0,0,458,detection,
458366,19,10,1187,1187,0,0,0,0,0,0,20,0,0,0,458,detection,
458413,17,10,1187,1187,0,0,0,0,0,0,4,0,0,0,458,detection,
458425,28,10,1187,1187,0,0,0,0,0,0,5,0,0,0,458,detection,
458429,15,10,1187,1187,0,0,0,0,0,0,1,0,0,0,458,detection,
458440,21,10,1187,1187,0,0,0,0,0,0,7,0,0,0,458,detection,
462523,24,26,512,512,0,0,0,0,0,0,5,0,0,0,462,detection,
462537,17,31,863,780,83,0,26,70,13,0,12,0,94,100,462,detection,
465501,1,26,527,527,0,0,0,0,0,0,4,0,0,0,465,detection,
465505,6,26,527,527,0,0,0,0,0,0,0,0,0,0,465,detection,
465524,24,26,527,527,0,0,0,0,0,0,3,0,0,0,465,detection,
465535,17,26,527,527,0,0,0,0,0,0,10,0,0,0,465,detection,
465549,5,26,527,527,0,0,0,0,0,0,4,0,0,0,465,detection,
465573,18,26,527,527,0,0,0,0,0,0,3,0,0,0,465,detection,
465608,20,26,527,527,0,0,0,0,0,0,4,0,0,0,465,detection,
465613,19,26,527,527,0,0,0,0,0,0,20,0,0,0,465,detection,
468175,28,8,1390,1390,0,0,0,0,0,0,0,0,0,0,468,detection,
469608,20,12,827,827,0,0,0,0,0,0,0,0,0,0,469,detection,
472712,4,13,1098,1098,0,0,0,0,0,0,1,0,0,0,472,detection,
474304,15,4,1143,1143,0,0,0,0,0,0,0,0,0,0,474,detection,
474305,12,4,1143,1143,0,0,0,0,0,0,0,0,0,0,474,detection,
474325,13,4,1143,1143,0,0,0,0,0,0,3,0,0,0,474,detection,
474349,8,4,1143,1143,0,0,0,0,0,0,4,0,0,0,474,detection,
474352,10,4,1143,1143,0,0,0,0,0,0,9,0,0,0,474,detection,
474366,19,4,1143,1143,0,0,0,0,0,0,22,0,0,0,474,detection,
475403,7,27,1246,1246,0,0,0,0,0,0,4,0,0,0,475,detection,
475404,2,27,1246,1246,0,0,0,0,0,0,11,0,0,0,475,detection,
484298,5,23,792,792,0,0,0,0,0,0,0,0,0,0,484,detection,
484924,28,22,1434,1434,0,0,0,0,0,0,6,0,0,0,484,detection,
487932,3,21,1432,1432,0,0,0,0,0,0,5,0,0,0,487,detection,
487966,9,21,1432,1432,0,0,0,0,0,0,4,0,0,0,487,detection,
487976,10,21,1432,1432,0,0,0,0,0,0,6,0,0,0,487,detection,
487984,11,21,1432,1432,0,0,0,0,0,0,5,0,0,0,487,detection,
488011,27,2,1112,1112,0,0,0,0,0,0,7,0,0,0,488,detection,
488060,3,2,1112,1112,0,0,0,0,0,0,4,0,0,0,488,detection,
489471,9,10,1154,1154,0,0,0,0,0,0,6,0,0,0,489,detection,
491530,2,3,1179,1179,0,0,0,0,0,0,8,0,0,0,491,detection,
491564,21,3,1179,1179,0,0,0,0,0,0,11,0,0,0,491,detection,
491591,9,3,1179,1179,0,0,0,0,0,0,8,0,0,0,491,detection,
491596,25,3,1179,1179,0,0,0,0,0,0,8,0,0,0,491,detection,
491605,14,3,1179,1179,0,0,0,0,0,0,8,0,0,0,491,detection,
492105,14,11,1809,1809,0,0,0,0,0,0,1,0,0,0,492,detection,
492142,16,23,792,792,0,0,0,0,0,0,1,0,0,0,492,detection,
492154,7,23,792,792,0,0,0,0,0,0,1,0,0,0,492,detection,
492173,5,23,792,792,0,0,0,0,0,0,0,0,0,0,492,detection,
496991,19,20,768,768,0,0,0,0,0,0,19,0,0,0,496,detection,
498260,27,16,1048,1048,0,0,0,0,0,0,3,0,0,0,498,detection,
498281,7,16,1048,1048,0,0,0,0,0,0,3,0,0,0,498,detection,
498342,23,16,1048,1048,0,0,0,0,0,0,3,0,0,0,498,detection,
498347,25,16,1048,1048,0,0,0,0,0,0,0,0,0,0,498,detection,
502453,13,12,801,801,0,0,0,0,0,0,3,0,0,0,502,detection,
502461,4,12,801,801,0,0,0,0,0,0,5,0,0,0,502,detection,
502471,26,12,801,801,0,0,0,0,0,0,6,0,0,0,502,detection,
502484,20,12,801,801,0,0,0,0,0,0,0,0,0,0,502,detection,
502489,19,12,801,801,0,0,0,0,0,0,18,0,0,0,502,detection,
502508,6,12,801,801,0,0,0,0,0,0,0,0,0,0,502,detection,
502538,17,12,801,801,0,0,0,0,0,0,11,0,0,0,502,detection,
502548,28,12,801,801,0,0,0,0,0,0,5,0,0,0,502,detection,
502548,5,12,801,801,0,0,0,0,0,0,2,0,0,0,502,detection,
502678,15,4,1107,1107,0,0,0,0,0,0,0,0,0,0,502,detection,
504301,5,17,785,785,0,0,0,0,0,0,0,0,0,0,504,detection,
506109,11,14,1492,1492,0,0,0,0,0,0,1,0,0,0,506,detection,
509801,28,13,1090,1090,0,0,0,0,0,0,0,0,0,0,509,detection,
509838,4,13,1090,1090,0,0,0,0,0,0,1,0,0,0,509,detection,
509860,20,13,1090,1090,0,0,0,0,0,0,0,0,0,0,509,detection,
512854,14,21,1457,1457,0,0,0,0,0,0,5,0,0,0,512,detection,
513261,27,31,883,777,106,0,35,70,18,0,9,0,94,100,513,detection,
513266,16,31,883,777,106,0,35,70,19,0,8,0,94,100,513,detection,
513283,2,31,883,777,106,0,37,70,25,0,5,0,87,100,513,detection,
513326,18,31,883,777,106,0,37,70,20,0,6,0,94,100,513,detection,
518053,15,22,1482,1482,0,0,0,0,0,0,5,0,0,0,518,detection,
518099,8,22,1482,1482,0,0,0,0,0,0,1,0,0,0,518,detection,
523049,28,19,857,857,0,0,0,0,0,0,0,0,0,0,523,detection,
523053,12,19,857,857,0,0,0,0,0,0,0,0,0,0,523,detection,
523078,13,19,857,857,0,0,0,0,0,0,0,0,0,0,523,detection,
523087,4,19,857,857,0,0,0,0,0,0,1,0,0,0,523,detection,
523087,26,19,857,857,0,0,0,0,0,0,4,0,0,0,523,detection,
523100,10,19,857,857,0,0,0,0,0,0,2,0,0,0,523,detection,
523108,20,19,857,857,0,0,0,0,0,0,0,0,0,0,523,detection,
523385,1,18,512,512,0,0,0,0,0,0,4,0,0,0,523,detection,
523425,5,18,512,512,0,0,0,0,0,0,4,0,0,0,523,detection,
523466,23,18,512,512,0,0,0,0,0,0,6,0,0,0,523,detection,
523472,26,18,512,512,0,0,0,0,0,0,3,0,0,0,523,detection,
523472,25,18,512,512,0,0,0,0,0,0,3,0,0,0,523,detection,
526289,17,25,788,788,0,0,0,0,0,0,7,0,0,0,526,detection,
526439,21,9,1236,1236,0,0,0,0,0,0,10,0,0,0,526,detection,
526490,25,9,1236,1236,0,0,0,0,0,0,10,0,0,0,526,detection,
526529,2,9,1236,1236,0,0,0,0,0,0,6,0,0,0,526,detection,
526535,17,9,1236,1236,0,0,0,0,0,0,17,0,0,0,526,detection,
526555,3,9,1236,1236,0,0,0,0,0,0,7,0,0,0,526,detection,
530932,1,24,512,512,0,0,0,0,0,0,4,0,0,0,530,detection,
530984,20,24,512,512,0,0,0,0,0,0,4,0,0,0,530,detection,
531008,6,24,512,512,0,0,0,0,0,0,4,0,0,0,531,detection,
534673,22,15,1257,1257,0,0,0,0,0,0,1,0,0,0,534,detection,
538688,21,11,1800,1800,0,0,0,0,0,0,7,0,0,0,538,detection,
538730,14,11,1800,1800,0,0,0,0,0,0,1,0,0,0,538,detection,
542641,16,31,903,774,129,0,47,100,5,0,3,0,95,100,542,detection,
544740,19,17,783,783,0,0,0,0,0,0,15,0,0,0,544,detection,
544800,5,17,783,783,0,0,0,0,0,0,0,0,0,0,544,detection,
544803,12,17,783,783,0,0,0,0,0,0,0,0,0,0,544,detection,
544807,3,17,783,783,0,0,0,0,0,0,4,0,0,0,544,detection,
544837,26,17,783,783,0,0,0,0,0,0,3,0,0,0,544,detection,
544841,9,17,783,783,0,0,0,0,0,0,2,0,0,0,544,detection,
544847,25,17,783,783,0,0,0,0,0,0,3,0,0,0,544,detection,
544850,10,17,783,783,0,0,0,0,0,0,2,0,0,0,544,detection,
545411,17,12,807,807,0,0,0,0,0,0,12,0,0,0,545,detection,
547937,21,9,1236,1236,0,0,0,0,0,0,10,0,0,0,547,detection,
551991,19,30,1154,768,386,0,100,100,3,0,19,0,82,55,551,detection,
551998,1,30,1154,768,386,0,100,100,9,0,4,0,82,55,551,detection,
552235,20,24,512,512,0,0,0,0,0,0,4,0,0,0,552,detection,
570846,25,3,1129,1129,0,0,0,0,0,0,8,0,0,0,570,detection,
591422,22,28,1138,1138,0,0,0,0,0,0,1,0,0,0,591,detection,
593550,5,18,512,512,0,0,0,0,0,0,4,0,0,0,593,detection,
595856,20,19,819,819,0,0,0,0,0,0,0,0,0,0,595,detection,
596985,20,30,1174,768,406,0,100,100,14,0,4,0,82,55,596,detection,
600063,21,14,1475,1475,0,0,0,0,0,0,3,0,0,0,600,detection,
602178,15,22,1483,1483,0,0,0,0,0,0,2,0,0,0,602,detection,
602555,12,5,512,512,0,0,0,0,0,0,0,0,0,0,602,detection,
606363,19,4,1149,1149,0,0,0,0,0,0,18,0,0,0,606,detection,
607740,19,12,786,786,0,0,0,0,0,0,18,0,0,0,607,detection,
609356,14,11,1778,1778,0,0,0,0,0,0,1,0,0,0,609,detection,
625889,16,25,773,773,0,0,0,0,0,0,1,0,0,0,625,detection,
625902,2,25,773,773,0,0,0,0,0,0,1,0,0,0,625,detection,
625913,17,25,773,773,0,0,0,0,0,0,7,0,0,0,625,detection,
625926,5,25,773,773,0,0,0,0,0,0,0,0,0,0,625,detection,
625930,3,25,773,773,0,0,0,0,0,0,1,0,0,0,625,detection,
625949,18,25,773,773,0,0,0,0,0,0,0,0,0,0,625,detection,
625966,23,25,773,773,0,0,0,0,0,0,2,0,0,0,625,detection,
625967,9,25,773,773,0,0,0,0,0,0,8,0,0,0,625,detection,
629763,27,16,1093,1093,0,0,0,0,0,0,3,0,0,0,629,detection,
629771,24,6,512,512,0,0,0,0,0,0,0,0,0,0,629,detection,
640264,16,7,1124,1124,0,0,0,0,0,0,4,0,0,0,640,detection,
640806,15,8,1431,1431,0,0,0,0,0,0,0,0,0,0,640,detection,
650922,28,15,1292,1292,0,0,0,0,0,0,0,0,0,0,650,detection,
651217,9,2,1104,1104,0,0,0,0,0,0,12,0,0,0,651,detection,
651263,27,2,1104,1104,0,0,0,0,0,0,11,0,0,0,651,detection,
651306,3,2,1104,1104,0,0,0,0,0,0,8,0,0,0,651,detection,
652484,20,26,531,531,0,0,0,0,0,0,4,0,0,0,652,detection,
653216,9,3,1247,1247,0,0,0,0,0,0,8,0,0,0,653,detection,
657588,4,10,1209,1209,0,0,0,0,0,0,5,0,0,0,657,detection,
657681,3,2,1155,1155,0,0,0,0,0,0,7,0,0,0,657,detection,
657715,9,2,1155,1155,0,0,0,0,0,0,11,0,0,0,657,detection,
659324,18,23,793,793,0,0,0,0,0,0,3,0,0,0,659,detection,
659345,25,23,793,793,0,0,0,0,0,0,7,0,0,0,659,detection,
659390,16,23,793,793,0,0,0,0,0,0,4,0,0,0,659,detection,
665016,16,27,1373,1373,0,0,0,0,0,0,10,0,0,0,665,detection,
666639,16,23,836,836,0,0,0,0,0,0,0,0,0,0,666,detection,
666655,7,23,836,836,0,0,0,0,0,0,4,0,0,0,666,detection,
666675,5,23,836,836,0,0,0,0,0,0,5,0,0,0,666,detection,
666698,18,23,836,836,0,0,0,0,0,0,4,0,0,0,666,detection,
666721,25,23,836,836,0,0,0,0,0,0,7,0,0,0,666,detection,
673928,12,19,897,897,0,0,0,0,0,0,0,0,0,0,673,detection,
675101,10,21,1572,1572,0,0,0,0,0,0,7,0,0,0,675,detection,
675512,27,16,1029,1029,0,0,0,0,0,0,6,0,0,0,675,detection,
675529,7,16,1029,1029,0,0,0,0,0,0,6,0,0,0,675,detection,
675594,23,16,1029,1029,0,0,0,0,0,0,8,0,0,0,675,detection,
675595,25,16,1029,1029,0,0,0,0,0,0,3,0,0,0,675,detection,
675974,10,29,888,1008,-120,0,39,70,44,14,9,0,64,40,675,detection,
676556,3,2,1170,1170,0,0,0,0,0,0,7,0,0,0,676,detection,
676590,9,2,1170,1170,0,0,0,0,0,0,10,0,0,0,676,detection,
676636,27,2,1170,1170,0,0,0,0,0,0,10,0,0,0,676,detection,
677891,16,23,836,836,0,0,0,0,0,0,1,0,0,0,677,detection,
678587,4,10,1188,1188,0,0,0,0,0,0,9,0,0,0,678,detection,
678592,9,10,1188,1188,0,0,0,0,0,0,10,0,0,0,678,detection,
678614,19,10,1188,1188,0,0,0,0,0,0,24,0,0,0,678,detection,
678661,17,10,1188,1188,0,0,0,0,0,0,11,0,0,0,678,detection,
678671,22,10,1188,1188,0,0,0,0,0,0,10,0,0,0,678,detection,
678673,28,10,1188,1188,0,0,0,0,0,0,8,0,0,0,678,detection,
678689,21,10,1188,1188,0,0,0,0,0,0,11,0,0,0,678,detection,
681971,25,16,1051,1051,0,0,0,0,0,0,3,0,0,0,681,detection,
682029,7,16,1051,1051,0,0,0,0,0,0,6,0,0,0,682,detection,
682066,21,3,1233,1233,0,0,0,0,0,0,15,0,0,0,682,detection,
682090,23,16,1051,1051,0,0,0,0,0,0,8,0,0,0,682,detection,
682092,9,3,1233,1233,0,0,0,0,0,0,9,0,0,0,682,detection,
682098,25,3,1233,1233,0,0,0,0,0,0,12,0,0,0,682,detection,
682107,14,3,1233,1233,0,0,0,0,0,0,12,0,0,0,682,detection,
683594,25,17,851,851,0,0,0,0,0,0,0,0,0,0,683,detection,
684296,22,10,1242,1242,0,0,0,0,0,0,10,0,0,0,684,detection,
684298,28,10,1242,1242,0,0,0,0,0,0,8,0,0,0,684,detection,
684307,15,10,1242,1242,0,0,0,0,0,0,4,0,0,0,684,detection,
684337,4,10,1242,1242,0,0,0,0,0,0,8,0,0,0,684,detection,
687779,2,25,776,776,0,0,0,0,0,0,2,0,0,0,687,detection,
688340,9,3,1147,1147,0,0,0,0,0,0,8,0,0,0,688,detection,
688345,25,3,1147,1147,0,0,0,0,0,0,9,0,0,0,688,detection,
688354,14,3,1147,1147,0,0,0,0,0,0,12,0,0,0,688,detection,
688408,2,3,1147,1147,0,0,0,0,0,0,13,0,0,0,688,detection,
688437,21,3,1147,1147,0,0,0,0,0,0,15,0,0,0,688,detection,
688607,14,11,1841,1841,0,0,0,0,0,0,0,0,0,0,688,detection,
697962,4,28,1252,1252,0,0,0,0,0,0,0,0,0,0,697,detection,
698920,22,10,1196,1196,0,0,0,0,0,0,10,0,0,0,698,detection,
698922,28,10,1196,1196,0,0,0,0,0,0,8,0,0,0,698,detection,
698929,15,10,1196,1196,0,0,0,0,0,0,4,0,0,0,698,detection,
698937,21,10,1196,1196,0,0,0,0,0,0,10,0,0,0,698,detection,
698960,4,10,1196,1196,0,0,0,0,0,0,8,0,0,0,698,detection,
699221,25,16,1044,1044,0,0,0,0,0,0,3,0,0,0,699,detection,
699262,27,16,1044,1044,0,0,0,0,0,0,6,0,0,0,699,detection,
699279,7,16,1044,1044,0,0,0,0,0,0,6,0,0,0,699,detection,
701304,3,2,1189,1189,0,0,0,0,0,0,8,0,0,0,701,detection,
703558,3,2,1189,1189,0,0,0,0,0,0,8,0,0,0,703,detection,
703593,9,2,1189,1189,0,0,0,0,0,0,9,0,0,0,703,detection,
703638,27,2,1189,1189,0,0,0,0,0,0,9,0,0,0,703,detection,
704279,2,3,1146,1146,0,0,0,0,0,0,8,0,0,0,704,detection,
704313,21,3,1146,1146,0,0,0,0,0,0,14,0,0,0,704,detection,
704344,9,3,1146,1146,0,0,0,0,0,0,8,0,0,0,704,detection,
704345,25,3,1146,1146,0,0,0,0,0,0,8,0,0,0,704,detection,
705005,6,24,512,512,0,0,0,0,0,0,4,0,0,0,705,detection,
709344,9,21,1482,1482,0,0,0,0,0,0,4,0,0,0,709,detection,
709349,10,21,1482,1482,0,0,0,0,0,0,7,0,0,0,709,detection,
709357,11,21,1482,1482,0,0,0,0,0,0,4,0,0,0,709,detection,
709358,14,21,1482,1482,0,0,0,0,0,0,5,0,0,0,709,detection,
709433,3,21,1482,1482,0,0,0,0,0,0,6,0,0,0,709,detection,
711588,26,18,512,512,0,0,0,0,0,0,3,0,0,0,711,detection,
712780,7,23,1002,1002,0,0,0,0,0,0,7,0,0,0,712,detection,
712800,5,23,1002,1002,0,0,0,0,0,0,2,0,0,0,712,detection,
712823,18,23,1002,1002,0,0,0,0,0,0,2,0,0,0,712,detection,
712846,25,23,1002,1002,0,0,0,0,0,0,2,0,0,0,712,detection,
712888,16,23,1002,1002,0,0,0,0,0,0,3,0,0,0,712,detection,
714136,27,7,1049,1049,0,0,0,0,0,0,3,0,0,0,714,detection,
714200,13,4,1144,1144,0,0,0,0,0,0,3,0,0,0,714,detection,
715468,23,7,1049,1049,0,0,0,0,0,0,9,0,0,0,715,detection,
717763,27,31,923,768,155,0,56,100,11,0,4,0,95,100,717,detection,
719671,22,8,1477,1477,0,0,0,0,0,0,0,0,0,0,719,detection,
724592,23,7,1071,1071,0,0,0,0,0,0,8,0,0,0,724,detection,
724639,27,7,1071,1071,0,0,0,0,0,0,0,0,0,0,724,detection,
724639,16,7,1071,1071,0,0,0,0,0,0,4,0,0,0,724,detection,
724852,8,22,1488,1488,0,0,0,0,0,0,1,0,0,0,724,detection,
725424,28,10,1198,1198,0,0,0,0,0,0,8,0,0,0,725,detection,
727065,21,3,1145,1145,0,0,0,0,0,0,14,0,0,0,727,detection,
727092,9,3,1145,1145,0,0,0,0,0,0,8,0,0,0,727,detection,
727098,25,3,1145,1145,0,0,0,0,0,0,8,0,0,0,727,detection,
727107,14,3,1145,1145,0,0,0,0,0,0,8,0,0,0,727,detection,
729636,27,16,1042,1042,0,0,0,0,0,0,5,0,0,0,729,detection,
729719,25,16,1042,1042,0,0,0,0,0,0,3,0,0,0,729,detection,
734091,23,7,1068,1068,0,0,0,0,0,0,8,0,0,0,734,detection,
734138,27,7,1068,1068,0,0,0,0,0,0,0,0,0,0,734,detection,
734142,16,7,1068,1068,0,0,0,0,0,0,3,0,0,0,734,detection,
734342,9,10,1198,1198,0,0,0,0,0,0,10,0,0,0,734,detection,
734364,19,10,1198,1198,0,0,0,0,0,0,23,0,0,0,734,detection,
734412,17,10,1198,1198,0,0,0,0,0,0,11,0,0,0,734,detection,
734421,22,10,1198,1198,0,0,0,0,0,0,10,0,0,0,734,detection,
734423,28,10,1198,1198,0,0,0,0,0,0,8,0,0,0,734,detection,
734431,15,10,1198,1198,0,0,0,0,0,0,4,0,0,0,734,detection,
734439,21,10,1198,1198,0,0,0,0,0,0,10,0,0,0,734,detection,
737836,4,15,1356,1356,0,0,0,0,0,0,0,0,0,0,737,detection,
738951,13,12,884,884,0,0,0,0,0,0,2,0,0,0,738,detection,
740035,17,5,512,512,0,0,0,0,0,0,9,0,0,0,740,detection,
743925,5,26,512,512,0,0,0,0,0,0,3,0,0,0,743,detection,
744718,9,17,821,821,0,0,0,0,0,0,2,0,0,0,744,detection,
748673,28,13,1052,1052,0,0,0,0,0,0,0,0,0,0,748,detection,
749930,3,2,1198,1198,0,0,0,0,0,0,8,0,0,0,749,detection,
750011,27,2,1198,1198,0,0,0,0,0,0,9,0,0,0,750,detection,
753969,25,23,989,989,0,0,0,0,0,0,3,0,0,0,753,detection,
754015,16,23,989,989,0,0,0,0,0,0,4,0,0,0,754,detection,
754031,7,23,989,989,0,0,0,0,0,0,4,0,0,0,754,detection,
759856,14,11,1837,1837,0,0,0,0,0,0,0,0,0,0,759,detection,
761469,9,2,1198,1198,0,0,0,0,0,0,8,0,0,0,761,detection,
769716,23,16,1042,1042,0,0,0,0,0,0,3,0,0,0,769,detection,
769721,25,16,1042,1042,0,0,0,0,0,0,3,0,0,0,769,detection,
769762,27,16,1042,1042,0,0,0,0,0,0,5,0,0,0,769,detection,
769779,7,16,1042,1042,0,0,0,0,0,0,7,0,0,0,769,detection,
769939,21,14,1490,1490,0,0,0,0,0,0,3,0,0,0,769,detection,
772967,23,7,1112,1112,0,0,0,0,0,0,3,0,0,0,772,detection,
773013,16,7,1112,1112,0,0,0,0,0,0,3,0,0,0,773,detection,
773460,4,10,1280,1280,0,0,0,0,0,0,4,0,0,0,773,detection,
773470,9,10,1280,1280,0,0,0,0,0,0,9,0,0,0,773,detection,
773491,19,10,1280,1280,0,0,0,0,0,0,23,0,0,0,773,detection,
773538,17,10,1280,1280,0,0,0,0,0,0,11,0,0,0,773,detection,
773543,22,10,1280,1280,0,0,0,0,0,0,10,0,0,0,773,detection,
773550,28,10,1280,1280,0,0,0,0,0,0,4,0,0,0,773,detection,
773553,15,10,1280,1280,0,0,0,0,0,0,4,0,0,0,773,detection,
773566,21,10,1280,1280,0,0,0,0,0,0,10,0,0,0,773,detection,
774042,1,30,1214,768,446,0,100,100,14,0,4,0,82,55,774,detection,
774081,13,30,1214,768,446,0,100,100,24,0,4,0,82,55,774,detection,
774090,26,30,1214,768,446,0,100,100,22,0,7,0,82,55,774,detection,
774111,20,30,1214,768,446,0,100,100,9,0,3,0,82,55,774,detection,
774123,19,30,1214,768,446,0,100,100,11,0,19,0,82,55,774,detection,
774136,6,30,1214,768,446,0,100,100,24,0,3,0,82,75,774,detection,
775468,9,21,1570,1570,0,0,0,0,0,0,4,0,0,0,775,detection,
778591,26,20,804,804,0,0,0,0,0,0,5,0,0,0,778,detection,
782406,2,27,1319,1319,0,0,0,0,0,0,7,0,0,0,782,detection,
789720,25,23,953,953,0,0,0,0,0,0,3,0,0,0,789,detection,
790975,8,28,1262,1262,0,0,0,0,0,0,5,0,0,0,790,detection,
791063,21,3,1113,1113,0,0,0,0,0,0,10,0,0,0,791,detection,
791094,9,3,1113,1113,0,0,0,0,0,0,8,0,0,0,791,detection,
791095,25,3,1113,1113,0,0,0,0,0,0,8,0,0,0,791,detection,
791108,14,3,1113,1113,0,0,0,0,0,0,8,0,0,0,791,detection,
791157,2,3,1113,1113,0,0,0,0,0,0,8,0,0,0,791,detection,
796550,5,18,512,512,0,0,0,0,0,0,3,0,0,0,796,detection,
801698,13,19,811,811,0,0,0,0,0,0,0,0,0,0,801,detection,
802466,26,6,512,512,0,0,0,0,0,0,5,0,0,0,802,detection,
805053,15,10,1260,1260,0,0,0,0,0,0,4,0,0,0,805,detection,
807640,16,7,1105,1105,0,0,0,0,0,0,3,0,0,0,807,detection,
815047,22,15,1350,1350,0,0,0,0,0,0,1,0,0,0,815,detection,
815343,9,3,1097,1097,0,0,0,0,0,0,8,0,0,0,815,detection,
825591,23,7,1099,1099,0,0,0,0,0,0,2,0,0,0,825,detection,
825637,27,7,1099,1099,0,0,0,0,0,0,0,0,0,0,825,detection,
825930,15,8,1464,1464,0,0,0,0,0,0,0,0,0,0,825,detection,
835550,28,19,820,820,0,0,0,0,0,0,0,0,0,0,835,detection,
835553,15,19,820,820,0,0,0,0,0,0,2,0,0,0,835,detection,
835553,12,19,820,820,0,0,0,0,0,0,0,0,0,0,835,detection,
835574,13,19,820,820,0,0,0,0,0,0,0,0,0,0,835,detection,
835588,4,19,820,820,0,0,0,0,0,0,1,0,0,0,835,detection,
835588,26,19,820,820,0,0,0,0,0,0,7,0,0,0,835,detection,
835601,10,19,820,820,0,0,0,0,0,0,4,0,0,0,835,detection,
835609,20,19,820,820,0,0,0,0,0,0,0,0,0,0,835,detection,
839168,17,29,908,959,-51,0,15,70,10,14,13,0,94,100,839,detection,
839478,25,5,512,512,0,0,0,0,0,0,8,0,0,0,839,detection,
847908,7,31,943,768,175,0,63,98,42,0,4,0,82,55,847,detection,
847909,2,31,943,768,175,0,61,94,16,0,6,0,82,75,847,detection,
847927,5,31,943,768,175,0,57,89,38,0,9,0,95,100,847,detection,
847968,23,31,943,768,175,0,65,100,38,0,2,0,82,55,847,detection,
848015,27,31,943,768,175,0,62,100,4,0,5,0,82,75,848,detection,
848015,16,31,943,768,175,0,63,100,11,0,4,0,82,75,848,detection,
849929,12,17,807,807,0,0,0,0,0,0,0,0,0,0,849,detection,
856974,10,21,1448,1448,0,0,0,0,0,0,7,0,0,0,856,detection,
863463,4,19,863,863,0,0,0,0,0,0,0,0,0,0,863,detection,
872852,8,4,1099,1099,0,0,0,0,0,0,4,0,0,0,872,detection,
876305,12,28,1228,1228,0,0,0,0,0,0,0,0,0,0,876,detection,
877103,1,5,512,512,0,0,0,0,0,0,3,0,0,0,877,detection,
877160,17,5,512,512,0,0,0,0,0,0,11,0,0,0,877,detection,
877182,12,5,512,512,0,0,0,0,0,0,0,0,0,0,877,detection,
877197,18,5,512,512,0,0,0,0,0,0,0,0,0,0,877,detection,
877211,26,5,512,512,0,0,0,0,0,0,7,0,0,0,877,detection,
877219,25,5,512,512,0,0,0,0,0,0,8,0,0,0,877,detection,
878607,14,11,1802,1802,0,0,0,0,0,0,0,0,0,0,878,detection,
879654,7,16,1124,1124,0,0,0,0,0,0,6,0,0,0,879,detection,
885923,28,22,1586,1586,0,0,0,0,0,0,5,0,0,0,885,detection,
886472,25,23,902,902,0,0,0,0,0,0,2,0,0,0,886,detection,
886513,16,23,902,902,0,0,0,0,0,0,3,0,0,0,886,detection,
886529,7,23,902,902,0,0,0,0,0,0,4,0,0,0,886,detection,
886549,5,23,902,902,0,0,0,0,0,0,2,0,0,0,886,detection,
886573,18,23,902,902,0,0,0,0,0,0,2,0,0,0,886,detection,
887599,25,31,963,790,173,0,54,83,36,0,12,0,95,100,887,detection,
890305,12,6,512,512,0,0,0,0,0,0,0,0,0,0,890,detection,
891233,11,14,1426,1426,0,0,0,0,0,0,1,0,0,0,891,detection,
891640,16,27,1262,1262,0,0,0,0,0,0,6,0,0,0,891,detection,
897174,22,8,1396,1396,0,0,0,0,0,0,0,0,0,0,897,detection,
899593,9,3,1081,1081,0,0,0,0,0,0,8,0,0,0,899,detection,
899594,25,3,1081,1081,0,0,0,0,0,0,10,0,0,0,899,detection,
899608,14,3,1081,1081,0,0,0,0,0,0,8,0,0,0,899,detection,
899653,2,3,1081,1081,0,0,0,0,0,0,8,0,0,0,899,detection,
899691,21,3,1081,1081,0,0,0,0,0,0,9,0,0,0,899,detection,
900925,5,12,840,840,0,0,0,0,0,0,2,0,0,0,900,detection,
901842,9,2,1249,1249,0,0,0,0,0,0,8,0,0,0,901,detection,
901888,27,2,1249,1249,0,0,0,0,0,0,8,0,0,0,901,detection,
903641,16,23,902,902,0,0,0,0,0,0,3,0,0,0,903,detection,
910716,23,18,512,512,0,0,0,0,0,0,7,0,0,0,910,detection,
911710,4,10,1130,1130,0,0,0,0,0,0,4,0,0,0,911,detection,
911719,9,10,1130,1130,0,0,0,0,0,0,9,0,0,0,911,detection,
911741,19,10,1130,1130,0,0,0,0,0,0,23,0,0,0,911,detection,
911794,22,10,1130,1130,0,0,0,0,0,0,4,0,0,0,911,detection,
911800,28,10,1130,1130,0,0,0,0,0,0,4,0,0,0,911,detection,
911804,15,10,1130,1130,0,0,0,0,0,0,0,0,0,0,911,detection,
911816,21,10,1130,1130,0,0,0,0,0,0,10,0,0,0,911,detection,
916398,24,20,801,801,0,0,0,0,0,0,3,0,0,0,916,detection,
917211,4,10,1124,1124,0,0,0,0,0,0,4,0,0,0,917,detection,
920245,1,18,512,512,0,0,0,0,0,0,3,0,0,0,920,detection,
920302,5,18,512,512,0,0,0,0,0,0,3,0,0,0,920,detection,
920340,26,18,512,512,0,0,0,0,0,0,5,0,0,0,920,detection,
920344,25,18,512,512,0,0,0,0,0,0,4,0,0,0,920,detection,
923841,23,7,1235,1235,0,0,0,0,0,0,2,0,0,0,923,detection,
928671,22,15,1218,1218,0,0,0,0,0,0,1,0,0,0,928,detection,
928673,28,15,1218,1218,0,0,0,0,0,0,0,0,0,0,928,detection,
928712,4,15,1218,1218,0,0,0,0,0,0,0,0,0,0,928,detection,
928725,10,15,1218,1218,0,0,0,0,0,0,2,0,0,0,928,detection,
928727,8,15,1218,1218,0,0,0,0,0,0,2,0,0,0,928,detection,
929011,27,16,1105,1105,0,0,0,0,0,0,5,0,0,0,929,detection,
929032,7,16,1105,1105,0,0,0,0,0,0,6,0,0,0,929,detection,
929093,23,16,1105,1105,0,0,0,0,0,0,4,0,0,0,929,detection,
930017,16,27,1244,1244,0,0,0,0,0,0,5,0,0,0,930,detection,
930030,7,27,1244,1244,0,0,0,0,0,0,4,0,0,0,930,detection,
930030,2,27,1244,1244,0,0,0,0,0,0,7,0,0,0,930,detection,
930578,13,30,1254,768,486,0,100,100,9,0,4,0,82,55,930,detection,
934881,6,24,512,512,0,0,0,0,0,0,3,0,0,0,934,detection,
935357,14,11,1789,1789,0,0,0,0,0,0,0,0,0,0,935,detection,
935440,21,11,1789,1789,0,0,0,0,0,0,3,0,0,0,935,detection,
937071,18,26,512,512,0,0,0,0,0,0,3,0,0,0,937,detection,
946334,1,6,512,512,0,0,0,0,0,0,0,0,0,0,946,detection,
946360,20,6,512,512,0,0,0,0,0,0,1,0,0,0,946,detection,
946397,24,6,512,512,0,0,0,0,0,0,0,0,0,0,946,detection,
946430,12,6,512,512,0,0,0,0,0,0,0,0,0,0,946,detection,
946461,26,6,512,512,0,0,0,0,0,0,7,0,0,0,946,detection,
949600,8,15,1218,1218,0,0,0,0,0,0,1,0,0,0,949,detection,
949968,1,20,794,794,0,0,0,0,0,0,3,0,0,0,949,detection,
950005,6,20,794,794,0,0,0,0,0,0,3,0,0,0,950,detection,
950074,13,20,794,794,0,0,0,0,0,0,5,0,0,0,950,detection,
950183,3,29,948,945,3,0,1,70,17,0,8,0,94,100,950,detection,
950184,5,29,948,945,3,0,1,70,18,0,4,0,94,100,950,detection,
950217,9,29,948,945,3,0,1,70,13,0,5,0,94,100,950,detection,
950227,10,29,948,945,3,0,0,70,27,28,9,0,82,55,950,detection,
950243,19,29,948,945,3,0,0,0,7,0,16,0,0,0,950,detection,
950282,2,29,948,945,3,0,1,70,18,0,5,0,94,100,950,detection,
950288,17,29,948,945,3,0,0,66,10,28,14,0,93,100,950,detection,
961095,25,23,1074,1074,0,0,0,0,0,0,8,0,0,0,961,detection,
961156,7,23,1074,1074,0,0,0,0,0,0,7,0,0,0,961,detection,
964450,18,23,1095,1095,0,0,0,0,0,0,5,0,0,0,964,detection,
966822,18,23,1095,1095,0,0,0,0,0,0,5,0,0,0,966,detection,
966891,16,23,1095,1095,0,0,0,0,0,0,7,0,0,0,966,detection,
971601,8,22,1418,1418,0,0,0,0,0,0,0,0,0,0,971,detection,
974198,18,23,1055,1055,0,0,0,0,0,0,11,0,0,0,974,detection,
974267,16,23,1055,1055,0,0,0,0,0,0,11,0,0,0,974,detection,
974278,7,23,1055,1055,0,0,0,0,0,0,12,0,0,0,974,detection,
974302,5,23,1055,1055,0,0,0,0,0,0,7,0,0,0,974,detection,
974924,5,17,793,793,0,0,0,0,0,0,0,0,0,0,974,detection,
974927,12,17,793,793,0,0,0,0,0,0,0,0,0,0,974,detection,
974931,3,17,793,793,0,0,0,0,0,0,9,0,0,0,974,detection,
974965,9,17,793,793,0,0,0,0,0,0,1,0,0,0,974,detection,
974974,10,17,793,793,0,0,0,0,0,0,7,0,0,0,974,detection,
974995,19,17,793,793,0,0,0,0,0,0,19,0,0,0,974,detection,
975547,28,19,1024,1024,0,0,0,0,0,0,4,0,0,0,975,detection,
975554,15,19,1024,1024,0,0,0,0,0,0,1,0,0,0,975,detection,
975555,12,19,1024,1024,0,0,0,0,0,0,0,0,0,0,975,detection,
975576,13,19,1024,1024,0,0,0,0,0,0,4,0,0,0,975,detection,
975585,4,19,1024,1024,0,0,0,0,0,0,4,0,0,0,975,detection,
975590,26,19,1024,1024,0,0,0,0,0,0,11,0,0,0,975,detection,
975598,10,19,1024,1024,0,0,0,0,0,0,2,0,0,0,975,detection,
977660,17,10,1331,1331,0,0,0,0,0,0,15,0,0,0,977,detection,
977681,15,28,1308,1308,0,0,0,0,0,0,3,0,0,0,977,detection,
977682,12,28,1308,1308,0,0,0,0,0,0,4,0,0,0,977,detection,
977703,13,28,1308,1308,0,0,0,0,0,0,3,0,0,0,977,detection,
977712,4,28,1308,1308,0,0,0,0,0,0,1,0,0,0,977,detection,
977722,8,28,1308,1308,0,0,0,0,0,0,3,0,0,0,977,detection,
977725,10,28,1308,1308,0,0,0,0,0,0,7,0,0,0,977,detection,
977795,22,28,1308,1308,0,0,0,0,0,0,5,0,0,0,977,detection,
978429,12,20,818,818,0,0,0,0,0,0,4,0,0,0,978,detection,
979947,18,23,1022,1022,0,0,0,0,0,0,11,0,0,0,979,detection,
979970,25,23,1022,1022,0,0,0,0,0,0,12,0,0,0,979,detection,
980016,16,23,1022,1022,0,0,0,0,0,0,6,0,0,0,980,detection,
980032,7,23,1022,1022,0,0,0,0,0,0,12,0,0,0,980,detection,
980682,3,9,1309,1309,0,0,0,0,0,0,8,0,0,0,980,detection,
981047,28,8,1429,1429,0,0,0,0,0,0,1,0,0,0,981,detection,
981100,10,17,841,841,0,0,0,0,0,0,7,0,0,0,981,detection,
981177,5,17,841,841,0,0,0,0,0,0,0,0,0,0,981,detection,
981180,3,17,841,841,0,0,0,0,0,0,9,0,0,0,981,detection,
981181,12,17,841,841,0,0,0,0,0,0,0,0,0,0,981,detection,
981214,9,17,841,841,0,0,0,0,0,0,1,0,0,0,981,detection,
981220,25,17,841,841,0,0,0,0,0,0,5,0,0,0,981,detection,
983534,17,12,834,834,0,0,0,0,0,0,15,0,0,0,983,detection,
984086,4,13,1086,1086,0,0,0,0,0,0,1,0,0,0,984,detection,
984112,20,13,1086,1086,0,0,0,0,0,0,0,0,0,0,984,detection,
984173,28,13,1086,1086,0,0,0,0,0,0,1,0,0,0,984,detection,
986048,22,28,1342,1342,0,0,0,0,0,0,0,0,0,0,986,detection,
986053,15,28,1342,1342,0,0,0,0,0,0,0,0,0,0,986,detection,
986055,12,28,1342,1342,0,0,0,0,0,0,4,0,0,0,986,detection,
986076,13,28,1342,1342,0,0,0,0,0,0,0,0,0,0,986,detection,
986089,4,28,1342,1342,0,0,0,0,0,0,0,0,0,0,986,detection,
986098,10,28,1342,1342,0,0,0,0,0,0,2,0,0,0,986,detection,
986099,8,28,1342,1342,0,0,0,0,0,0,3,0,0,0,986,detection,
991425,28,19,1054,1054,0,0,0,0,0,0,5,0,0,0,991,detection,
991427,15,19,1054,1054,0,0,0,0,0,0,0,0,0,0,991,detection,
991429,12,19,1054,1054,0,0,0,0,0,0,0,0,0,0,991,detection,
991449,13,19,1054,1054,0,0,0,0,0,0,4,0,0,0,991,detection,
991463,26,19,1054,1054,0,0,0,0,0,0,12,0,0,0,991,detection,
991476,10,19,1054,1054,0,0,0,0,0,0,3,0,0,0,991,detection,
991484,20,19,1054,1054,0,0,0,0,0,0,4,0,0,0,991,detection,
991912,17,25,812,812,0,0,0,0,0,0,10,0,0,0,991,detection,
996675,28,4,1358,1358,0,0,0,0,0,0,5,0,0,0,996,detection,
996678,15,4,1358,1358,0,0,0,0,0,0,4,0,0,0,996,detection,
996699,13,4,1358,1358,0,0,0,0,0,0,4,0,0,0,996,detection,
996723,10,4,1358,1358,0,0,0,0,0,0,7,0,0,0,996,detection,
996724,8,4,1358,1358,0,0,0,0,0,0,6,0,0,0,996,detection,
996740,19,4,1358,1358,0,0,0,0,0,0,20,0,0,0,996,detection,
996764,16,23,1022,1022,0,0,0,0,0,0,6,0,0,0,996,detection,
996780,7,23,1022,1022,0,0,0,0,0,0,12,0,0,0,996,detection,
996800,5,23,1022,1022,0,0,0,0,0,0,7,0,0,0,996,detection,
996824,18,23,1022,1022,0,0,0,0,0,0,11,0,0,0,996,detection,
996926,5,17,841,841,0,0,0,0,0,0,0,0,0,0,996,detection,
996929,12,17,841,841,0,0,0,0,0,0,0,0,0,0,996,detection,
996963,26,17,841,841,0,0,0,0,0,0,11,0,0,0,996,detection,
996967,9,17,841,841,0,0,0,0,0,0,1,0,0,0,996,detection,
996972,25,17,841,841,0,0,0,0,0,0,5,0,0,0,996,detection,
999675,28,8,1493,1493,0,0,0,0,0,0,4,0,0,0,999,detection,
999712,4,8,1493,1493,0,0,0,0,0,0,3,0,0,0,999,detection,
999733,14,21,1359,1359,0,0,0,0,0,0,5,0,0,0,999,detection,
999984,14,11,1774,1774,0,0,0,0,0,0,1,0,0,0,999,detection,
1001557,3,2,1399,1399,0,0,0,0,0,0,8,0,0,0,1001,detection,
1003170,22,28,1342,1342,0,0,0,0,0,0,0,0,0,0,1003,detection,
1003179,15,28,1342,1342,0,0,0,0,0,0,0,0,0,0,1003,detection,
1003181,12,28,1342,1342,0,0,0,0,0,0,4,0,0,0,1003,detection,
1003201,13,28,1342,1342,0,0,0,0,0,0,0,0,0,0,1003,detection,
1003210,4,28,1342,1342,0,0,0,0,0,0,0,0,0,0,1003,detection,
1003224,10,28,1342,1342,0,0,0,0,0,0,2,0,0,0,1003,detection,
1003225,8,28,1342,1342,0,0,0,0,0,0,4,0,0,0,1003,detection,
1005177,15,8,1491,1491,0,0,0,0,0,0,3,0,0,0,1005,detection,
1005212,4,8,1491,1491,0,0,0,0,0,0,3,0,0,0,1005,detection,
1005295,22,8,1491,1491,0,0,0,0,0,0,4,0,0,0,1005,detection,
1005298,28,8,1491,1491,0,0,0,0,0,0,4,0,0,0,1005,detection,
1007714,26,18,512,512,0,0,0,0,0,0,5,0,0,0,1007,detection,
1009212,4,19,1080,1080,0,0,0,0,0,0,4,0,0,0,1009,detection,
1009213,26,19,1080,1080,0,0,0,0,0,0,6,0,0,0,1009,detection,
1009226,10,19,1080,1080,0,0,0,0,0,0,3,0,0,0,1009,detection,
1009234,20,19,1080,1080,0,0,0,0,0,0,4,0,0,0,1009,detection,
1009298,28,19,1080,1080,0,0,0,0,0,0,5,0,0,0,1009,detection,
1009305,15,19,1080,1080,0,0,0,0,0,0,0,0,0,0,1009,detection,
1009306,12,19,1080,1080,0,0,0,0,0,0,0,0,0,0,1009,detection,
1009327,13,19,1080,1080,0,0,0,0,0,0,4,0,0,0,1009,detection,
1010235,11,14,1493,1493,0,0,0,0,0,0,0,0,0,0,1010,detection,
1010307,3,14,1493,1493,0,0,0,0,0,0,3,0,0,0,1010,detection,
1015682,3,9,1281,1281,0,0,0,0,0,0,8,0,0,0,1015,detection,
1015689,21,9,1281,1281,0,0,0,0,0,0,10,0,0,0,1015,detection,
1015721,25,9,1281,1281,0,0,0,0,0,0,13,0,0,0,1015,detection,
1016265,16,23,1022,1022,0,0,0,0,0,0,6,0,0,0,1016,detection,
1016280,7,23,1022,1022,0,0,0,0,0,0,11,0,0,0,1016,detection,
1017056,15,28,1342,1342,0,0,0,0,0,0,0,0,0,0,1017,detection,
1017263,27,7,1221,1221,0,0,0,0,0,0,0,0,0,0,1017,detection,
1018428,15,22,1411,1411,0,0,0,0,0,0,1,0,0,0,1018,detection,
1018462,26,5,519,519,0,0,0,0,0,0,7,0,0,0,1018,detection,
1018477,10,22,1411,1411,0,0,0,0,0,0,10,0,0,0,1018,detection,
1021056,3,17,833,833,0,0,0,0,0,0,9,0,0,0,1021,detection,
1021090,9,17,833,833,0,0,0,0,0,0,1,0,0,0,1021,detection,
1021095,25,17,833,833,0,0,0,0,0,0,5,0,0,0,1021,detection,
1021099,10,17,833,833,0,0,0,0,0,0,7,0,0,0,1021,detection,
1021203,13,28,1342,1342,0,0,0,0,0,0,0,0,0,0,1021,detection,
1021212,4,28,1342,1342,0,0,0,0,0,0,0,0,0,0,1021,detection,
1021226,10,28,1342,1342,0,0,0,0,0,0,2,0,0,0,1021,detection,
1021227,8,28,1342,1342,0,0,0,0,0,0,4,0,0,0,1021,detection,
1021296,22,28,1342,1342,0,0,0,0,0,0,0,0,0,0,1021,detection,
1022365,19,29,968,967,1,0,0,0,0,0,19,0,0,0,1022,detection,
1023240,19,12,833,833,0,0,0,0,0,0,18,0,0,0,1023,detection,
1023286,17,12,833,833,0,0,0,0,0,0,16,0,0,0,1023,detection,
1023298,28,12,833,833,0,0,0,0,0,0,5,0,0,0,1023,detection,
1023299,5,12,833,833,0,0,0,0,0,0,1,0,0,0,1023,detection,
1023327,13,12,833,833,0,0,0,0,0,0,2,0,0,0,1023,detection,
1023336,4,12,833,833,0,0,0,0,0,0,5,0,0,0,1023,detection,
1023337,26,12,833,833,0,0,0,0,0,0,10,0,0,0,1023,detection,
1023358,20,12,833,833,0,0,0,0,0,0,0,0,0,0,1023,detection,
1027505,6,26,512,512,0,0,0,0,0,0,0,0,0,0,1027,detection,
1029587,4,13,1141,1141,0,0,0,0,0,0,0,0,0,0,1029,detection,
1029925,28,19,1224,1224,0,0,0,0,0,0,9,0,0,0,1029,detection,
1029928,15,19,1224,1224,0,0,0,0,0,0,4,0,0,0,1029,detection,
1029950,13,19,1224,1224,0,0,0,0,0,0,8,0,0,0,1029,detection,
1034532,2,3,1252,1252,0,0,0,0,0,0,8,0,0,0,1034,detection,
1037850,10,19,1304,1304,0,0,0,0,0,0,6,0,0,0,1037,detection,
1037858,20,19,1304,1304,0,0,0,0,0,0,7,0,0,0,1037,detection,
1037922,28,19,1304,1304,0,0,0,0,0,0,9,0,0,0,1037,detection,
1037930,15,19,1304,1304,0,0,0,0,0,0,4,0,0,0,1037,detection,
1037931,12,19,1304,1304,0,0,0,0,0,0,4,0,0,0,1037,detection,
1037951,13,19,1304,1304,0,0,0,0,0,0,7,0,0,0,1037,detection,
1037961,4,19,1304,1304,0,0,0,0,0,0,7,0,0,0,1037,detection,
1041585,4,10,1322,1322,0,0,0,0,0,0,9,0,0,0,1041,detection,
1041594,9,10,1322,1322,0,0,0,0,0,0,13,0,0,0,1041,detection,
1041616,19,10,1322,1322,0,0,0,0,0,0,29,0,0,0,1041,detection,
1041663,17,10,1322,1322,0,0,0,0,0,0,21,0,0,0,1041,detection,
1041675,28,10,1322,1322,0,0,0,0,0,0,10,0,0,0,1041,detection,
1041679,15,10,1322,1322,0,0,0,0,0,0,4,0,0,0,1041,detection,
1041691,21,10,1322,1322,0,0,0,0,0,0,10,0,0,0,1041,detection,
1042087,4,15,1623,1623,0,0,0,0,0,0,0,0,0,0,1042,detection,
1046047,28,8,1485,1485,0,0,0,0,0,0,4,0,0,0,1046,detection,
1046049,22,8,1485,1485,0,0,0,0,0,0,3,0,0,0,1046,detection,
1046054,15,8,1485,1485,0,0,0,0,0,0,3,0,0,0,1046,detection,
1046089,4,8,1485,1485,0,0,0,0,0,0,3,0,0,0,1046,detection,
1047923,28,19,1296,1296,0,0,0,0,0,0,9,0,0,0,1047,detection,
1047926,15,19,1296,1296,0,0,0,0,0,0,4,0,0,0,1047,detection,
1047931,12,19,1296,1296,0,0,0,0,0,0,4,0,0,0,1047,detection,
1047952,13,19,1296,1296,0,0,0,0,0,0,7,0,0,0,1047,detection,
1047961,4,19,1296,1296,0,0,0,0,0,0,7,0,0,0,1047,detection,
1047962,26,19,1296,1296,0,0,0,0,0,0,9,0,0,0,1047,detection,
1047974,10,19,1296,1296,0,0,0,0,0,0,7,0,0,0,1047,detection,
1047983,20,19,1296,1296,0,0,0,0,0,0,7,0,0,0,1047,detection,
1048804,15,10,1349,1349,0,0,0,0,0,0,4,0,0,0,1048,detection,
1048922,22,10,1349,1349,0,0,0,0,0,0,9,0,0,0,1048,detection,
1049941,21,14,1463,1463,0,0,0,0,0,0,3,0,0,0,1049,detection,
1050425,5,31,983,775,208,0,66,100,7,0,11,0,82,75,1050,detection,
1052599,10,4,1331,1331,0,0,0,0,0,0,8,0,0,0,1052,detection,
1052931,15,22,1474,1474,0,0,0,0,0,0,5,0,0,0,1052,detection,
1052978,8,22,1474,1474,0,0,0,0,0,0,4,0,0,0,1052,detection,
1059093,23,16,1112,1112,0,0,0,0,0,0,6,0,0,0,1059,detection,
1059163,17,9,1232,1232,0,0,0,0,0,0,21,0,0,0,1059,detection,
1061225,10,22,1474,1474,0,0,0,0,0,0,15,0,0,0,1061,detection,
1061227,8,22,1474,1474,0,0,0,0,0,0,4,0,0,0,1061,detection,
1061298,28,22,1474,1474,0,0,0,0,0,0,11,0,0,0,1061,detection,
1061304,15,22,1474,1474,0,0,0,0,0,0,5,0,0,0,1061,detection,
1062696,1,26,512,512,0,0,0,0,0,0,3,0,0,0,1062,detection,
1062735,20,26,512,512,0,0,0,0,0,0,4,0,0,0,1062,detection,
1062755,6,26,512,512,0,0,0,0,0,0,0,0,0,0,1062,detection,
1062775,24,26,512,512,0,0,0,0,0,0,3,0,0,0,1062,detection,
1062804,5,26,512,512,0,0,0,0,0,0,5,0,0,0,1062,detection,
1064672,28,10,1350,1350,0,0,0,0,0,0,10,0,0,0,1064,detection,
1064680,15,10,1350,1350,0,0,0,0,0,0,5,0,0,0,1064,detection,
1064687,21,10,1350,1350,0,0,0,0,0,0,10,0,0,0,1064,detection,
1064718,9,10,1350,1350,0,0,0,0,0,0,13,0,0,0,1064,detection,
1064741,19,10,1350,1350,0,0,0,0,0,0,30,0,0,0,1064,detection,
1064783,17,10,1350,1350,0,0,0,0,0,0,21,0,0,0,1064,detection,
1070157,2,25,842,842,0,0,0,0,0,0,2,0,0,0,1070,detection,
1071405,7,27,1428,1428,0,0,0,0,0,0,6,0,0,0,1071,detection,
1073767,16,23,1087,1087,0,0,0,0,0,0,6,0,0,0,1073,detection,
1073778,7,23,1087,1087,0,0,0,0,0,0,11,0,0,0,1073,detection,
1075011,27,16,1103,1103,0,0,0,0,0,0,4,0,0,0,1075,detection,
1075032,7,16,1103,1103,0,0,0,0,0,0,6,0,0,0,1075,detection,
1076474,8,22,1474,1474,0,0,0,0,0,0,4,0,0,0,1076,detection,
1076477,10,22,1474,1474,0,0,0,0,0,0,16,0,0,0,1076,detection,
1076549,28,22,1474,1474,0,0,0,0,0,0,6,0,0,0,1076,detection,
1076556,15,22,1474,1474,0,0,0,0,0,0,5,0,0,0,1076,detection,
1077836,4,28,1393,1393,0,0,0,0,0,0,0,0,0,0,1077,detection,
1078178,28,19,1303,1303,0,0,0,0,0,0,9,0,0,0,1078,detection,
1078179,15,19,1303,1303,0,0,0,0,0,0,4,0,0,0,1078,detection,
1078180,12,19,1303,1303,0,0,0,0,0,0,5,0,0,0,1078,detection,
1078201,13,19,1303,1303,0,0,0,0,0,0,7,0,0,0,1078,detection,
1078210,4,19,1303,1303,0,0,0,0,0,0,7,0,0,0,1078,detection,
1078215,26,19,1303,1303,0,0,0,0,0,0,9,0,0,0,1078,detection,
1078223,10,19,1303,1303,0,0,0,0,0,0,7,0,0,0,1078,detection,
1078232,20,19,1303,1303,0,0,0,0,0,0,7,0,0,0,1078,detection,
1078990,19,12,884,884,0,0,0,0,0,0,18,0,0,0,1078,detection,
1085701,13,28,1387,1387,0,0,0,0,0,0,0,0,0,0,1085,detection,
1085710,4,28,1387,1387,0,0,0,0,0,0,0,0,0,0,1085,detection,
1085724,10,28,1387,1387,0,0,0,0,0,0,4,0,0,0,1085,detection,
1085725,8,28,1387,1387,0,0,0,0,0,0,4,0,0,0,1085,detection,
1085803,15,28,1387,1387,0,0,0,0,0,0,0,0,0,0,1085,detection,
1085805,12,28,1387,1387,0,0,0,0,0,0,1,0,0,0,1085,detection,
1087730,14,11,1760,1760,0,0,0,0,0,0,1,0,0,0,1087,detection,
1092589,4,8,1505,1505,0,0,0,0,0,0,3,0,0,0,1092,detection,
1092672,22,8,1505,1505,0,0,0,0,0,0,4,0,0,0,1092,detection,
1092675,28,8,1505,1505,0,0,0,0,0,0,4,0,0,0,1092,detection,
1092678,15,8,1505,1505,0,0,0,0,0,0,4,0,0,0,1092,detection,
1093800,5,17,885,885,0,0,0,0,0,0,4,0,0,0,1093,detection,
1093804,12,17,885,885,0,0,0,0,0,0,2,0,0,0,1093,detection,
1093838,26,17,885,885,0,0,0,0,0,0,11,0,0,0,1093,detection,
1093842,9,17,885,885,0,0,0,0,0,0,1,0,0,0,1093,detection,
1093847,25,17,885,885,0,0,0,0,0,0,5,0,0,0,1093,detection,
1093851,10,17,885,885,0,0,0,0,0,0,4,0,0,0,1093,detection,
1093865,19,17,885,885,0,0,0,0,0,0,21,0,0,0,1093,detection,
1095424,5,18,512,512,0,0,0,0,0,0,6,0,0,0,1095,detection,
1095512,27,2,1345,1345,0,0,0,0,0,0,7,0,0,0,1095,detection,
1095555,3,2,1345,1345,0,0,0,0,0,0,3,0,0,0,1095,detection,
1095594,9,2,1345,1345,0,0,0,0,0,0,7,0,0,0,1095,detection,
1098913,17,10,1402,1402,0,0,0,0,0,0,22,0,0,0,1098,detection,
1098922,22,10,1402,1402,0,0,0,0,0,0,10,0,0,0,1098,detection,
1098925,28,10,1402,1402,0,0,0,0,0,0,10,0,0,0,1098,detection,
1098928,15,10,1402,1402,0,0,0,0,0,0,5,0,0,0,1098,detection,
1098940,21,10,1402,1402,0,0,0,0,0,0,10,0,0,0,1098,detection,
1098963,4,10,1402,1402,0,0,0,0,0,0,9,0,0,0,1098,detection,
1098967,9,10,1402,1402,0,0,0,0,0,0,14,0,0,0,1098,detection,
1098990,19,10,1402,1402,0,0,0,0,0,0,30,0,0,0,1098,detection,
1101928,15,22,1474,1474,0,0,0,0,0,0,5,0,0,0,1101,detection,
1101977,10,22,1474,1474,0,0,0,0,0,0,10,0,0,0,1101,detection,
1102299,22,8,1505,1505,0,0,0,0,0,0,4,0,0,0,1102,detection,
1103717,9,29,988,827,161,0,58,100,38,0,4,0,95,100,1103,detection,
1110142,16,7,1227,1227,0,0,0,0,0,0,3,0,0,0,1110,detection,
1110341,9,21,1416,1416,0,0,0,0,0,0,0,0,0,0,1110,detection,
1111298,28,22,1474,1474,0,0,0,0,0,0,6,0,0,0,1111,detection,
1111903,7,23,1055,1055,0,0,0,0,0,0,6,0,0,0,1111,detection,
1113464,26,5,512,512,0,0,0,0,0,0,5,0,0,0,1113,detection,
1114849,10,15,1613,1613,0,0,0,0,0,0,2,0,0,0,1114,detection,
1118886,27,16,1095,1095,0,0,0,0,0,0,1,0,0,0,1118,detection,
1121024,24,6,512,512,0,0,0,0,0,0,0,0,0,0,1121,detection,
1131030,2,9,1211,1211,0,0,0,0,0,0,6,0,0,0,1131,detection,
1135870,19,30,1294,768,526,0,100,100,14,0,21,0,80,55,1135,detection,
1144985,20,24,512,512,0,0,0,0,0,0,3,0,0,0,1144,detection,
1145725,10,28,1370,1370,0,0,0,0,0,0,3,0,0,0,1145,detection,
1148302,15,19,1293,1293,0,0,0,0,0,0,4,0,0,0,1148,detection,
1148304,12,19,1293,1293,0,0,0,0,0,0,5,0,0,0,1148,detection,
1148337,4,19,1293,1293,0,0,0,0,0,0,7,0,0,0,1148,detection,
1148338,26,19,1293,1293,0,0,0,0,0,0,9,0,0,0,1148,detection,
1148359,20,19,1293,1293,0,0,0,0,0,0,7,0,0,0,1148,detection,
1151813,21,10,1331,1331,0,0,0,0,0,0,10,0,0,0,1151,detection,
1152535,17,10,1331,1331,0,0,0,0,0,0,16,0,0,0,1152,detection,
1152545,22,10,1331,1331,0,0,0,0,0,0,10,0,0,0,1152,detection,
1152547,28,10,1331,1331,0,0,0,0,0,0,10,0,0,0,1152,detection,
1152555,15,10,1331,1331,0,0,0,0,0,0,4,0,0,0,1152,detection,
1152562,21,10,1331,1331,0,0,0,0,0,0,10,0,0,0,1152,detection,
1152585,4,10,1331,1331,0,0,0,0,0,0,9,0,0,0,1152,detection,
1152594,9,10,1331,1331,0,0,0,0,0,0,8,0,0,0,1152,detection,
1152616,19,10,1331,1331,0,0,0,0,0,0,25,0,0,0,1152,detection,
1153301,28,22,1542,1542,0,0,0,0,0,0,5,0,0,0,1153,detection,
1153303,15,22,1542,1542,0,0,0,0,0,0,5,0,0,0,1153,detection,
1153350,8,22,1542,1542,0,0,0,0,0,0,4,0,0,0,1153,detection,
1153352,10,22,1542,1542,0,0,0,0,0,0,10,0,0,0,1153,detection,
1158280,2,31,1003,789,214,0,74,100,9,0,6,0,82,75,1158,detection,
1161342,23,25,818,818,0,0,0,0,0,0,5,0,0,0,1161,detection,
1172981,14,11,1775,1775,0,0,0,0,0,0,1,0,0,0,1172,detection,
1180388,27,7,1218,1218,0,0,0,0,0,0,0,0,0,0,1180,detection,
1180675,28,15,1698,1698,0,0,0,0,0,0,1,0,0,0,1180,detection,
1180841,23,18,512,512,0,0,0,0,0,0,9,0,0,0,1180,detection,
1181013,27,2,1305,1305,0,0,0,0,0,0,3,0,0,0,1181,detection,
1185731,14,3,1313,1313,0,0,0,0,0,0,9,0,0,0,1185,detection,
1185780,2,3,1313,1313,0,0,0,0,0,0,9,0,0,0,1185,detection,
1185814,21,3,1313,1313,0,0,0,0,0,0,10,0,0,0,1185,detection,
1185841,9,3,1313,1313,0,0,0,0,0,0,9,0,0,0,1185,detection,
1185846,25,3,1313,1313,0,0,0,0,0,0,11,0,0,0,1185,detection,
1191774,24,26,512,512,0,0,0,0,0,0,3,0,0,0,1191,detection,
1191950,13,4,1326,1326,0,0,0,0,0,0,4,0,0,0,1191,detection,
1194461,4,8,1495,1495,0,0,0,0,0,0,3,0,0,0,1194,detection,
1194547,28,8,1495,1495,0,0,0,0,0,0,5,0,0,0,1194,detection,
1194549,22,8,1495,1495,0,0,0,0,0,0,4,0,0,0,1194,detection,
1194554,15,8,1495,1495,0,0,0,0,0,0,0,0,0,0,1194,detection,
1195090,23,5,512,512,0,0,0,0,0,0,3,0,0,0,1195,detection,
1196637,27,7,1218,1218,0,0,0,0,0,0,0,0,0,0,1196,detection,
1196642,16,7,1218,1218,0,0,0,0,0,0,3,0,0,0,1196,detection,
1198212,26,6,512,512,0,0,0,0,0,0,5,0,0,0,1198,detection,
1202492,19,17,802,802,0,0,0,0,0,0,16,0,0,0,1202,detection,
1202672,1,30,1314,768,546,0,100,100,24,0,4,0,82,55,1202,detection,
1202702,13,30,1314,768,546,0,100,100,14,0,3,0,82,55,1202,detection,
1202716,26,30,1314,768,546,0,100,100,22,0,9,0,82,55,1202,detection,
1202737,20,30,1314,768,546,0,100,100,24,0,3,0,82,55,1202,detection,
1202742,19,30,1314,768,546,0,100,100,3,0,21,0,80,55,1202,detection,
1203599,10,22,1569,1569,0,0,0,0,0,0,9,0,0,0,1203,detection,
1205950,13,19,1314,1314,0,0,0,0,0,0,4,0,0,0,1205,detection,
1206823,18,23,978,978,0,0,0,0,0,0,10,0,0,0,1206,detection,
1206846,25,23,978,978,0,0,0,0,0,0,12,0,0,0,1206,detection,
1206903,7,23,978,978,0,0,0,0,0,0,6,0,0,0,1206,detection,
1206927,5,23,978,978,0,0,0,0,0,0,10,0,0,0,1206,detection,
1211674,28,8,1495,1495,0,0,0,0,0,0,0,0,0,0,1211,detection,
1218555,3,17,849,849,0,0,0,0,0,0,9,0,0,0,1218,detection,
1218555,12,17,849,849,0,0,0,0,0,0,1,0,0,0,1218,detection,
1218590,26,17,849,849,0,0,0,0,0,0,6,0,0,0,1218,detection,
1218593,9,17,849,849,0,0,0,0,0,0,1,0,0,0,1218,detection,
1218594,25,17,849,849,0,0,0,0,0,0,5,0,0,0,1218,detection,
1218598,10,17,849,849,0,0,0,0,0,0,4,0,0,0,1218,detection,
1218616,19,17,849,849,0,0,0,0,0,0,16,0,0,0,1218,detection,
1218676,5,17,849,849,0,0,0,0,0,0,4,0,0,0,1218,detection,
1222101,10,29,1008,802,206,0,69,100,45,33,8,0,82,55,1222,detection,
1224549,22,28,1387,1387,0,0,0,0,0,0,1,0,0,0,1224,detection,
1224554,15,28,1387,1387,0,0,0,0,0,0,0,0,0,0,1224,detection,
1224555,12,28,1387,1387,0,0,0,0,0,0,0,0,0,0,1224,detection,
1224576,13,28,1387,1387,0,0,0,0,0,0,0,0,0,0,1224,detection,
1224589,4,28,1387,1387,0,0,0,0,0,0,0,0,0,0,1224,detection,
1224598,10,28,1387,1387,0,0,0,0,0,0,4,0,0,0,1224,detection,
1224599,8,28,1387,1387,0,0,0,0,0,0,4,0,0,0,1224,detection,
1226931,3,21,1641,1641,0,0,0,0,0,0,6,0,0,0,1226,detection,
1226975,10,21,1641,1641,0,0,0,0,0,0,3,0,0,0,1226,detection,
1226980,14,21,1641,1641,0,0,0,0,0,0,4,0,0,0,1226,detection,
1226983,11,21,1641,1641,0,0,0,0,0,0,4,0,0,0,1226,detection,
1229565,21,11,1749,1749,0,0,0,0,0,0,7,0,0,0,1229,detection,
1229606,14,11,1749,1749,0,0,0,0,0,0,4,0,0,0,1229,detection,
1229814,21,14,1662,1662,0,0,0,0,0,0,2,0,0,0,1229,detection,
1239065,21,11,1749,1749,0,0,0,0,0,0,7,0,0,0,1239,detection,
1239106,14,11,1749,1749,0,0,0,0,0,0,5,0,0,0,1239,detection,
1241304,12,28,1387,1387,0,0,0,0,0,0,0,0,0,0,1241,detection,
1246713,26,20,774,774,0,0,0,0,0,0,7,0,0,0,1246,detection,
1249106,14,11,1749,1749,0,0,0,0,0,0,5,0,0,0,1249,detection,
1249188,21,11,1749,1749,0,0,0,0,0,0,8,0,0,0,1249,detection,
1250217,9,3,1159,1159,0,0,0,0,0,0,4,0,0,0,1250,detection,
1250297,28,19,1269,1269,0,0,0,0,0,0,4,0,0,0,1250,detection,
1250303,15,19,1269,1269,0,0,0,0,0,0,0,0,0,0,1250,detection,
1250305,12,19,1269,1269,0,0,0,0,0,0,5,0,0,0,1250,detection,
1250325,13,19,1269,1269,0,0,0,0,0,0,4,0,0,0,1250,detection,
1250339,4,19,1269,1269,0,0,0,0,0,0,7,0,0,0,1250,detection,
1250339,26,19,1269,1269,0,0,0,0,0,0,9,0,0,0,1250,detection,
1250360,20,19,1269,1269,0,0,0,0,0,0,7,0,0,0,1250,detection,
1254337,4,15,1607,1607,0,0,0,0,0,0,0,0,0,0,1254,detection,
1263882,6,24,512,512,0,0,0,0,0,0,3,0,0,0,1263,detection,
1264967,23,16,1089,1089,0,0,0,0,0,0,6,0,0,0,1264,detection,
1267051,5,25,810,810,0,0,0,0,0,0,5,0,0,0,1267,detection,
1267069,3,25,810,810,0,0,0,0,0,0,2,0,0,0,1267,detection,
1267075,18,25,810,810,0,0,0,0,0,0,0,0,0,0,1267,detection,
1267092,23,25,810,810,0,0,0,0,0,0,5,0,0,0,1267,detection,
1267092,9,25,810,810,0,0,0,0,0,0,3,0,0,0,1267,detection,
1267138,16,25,810,810,0,0,0,0,0,0,3,0,0,0,1267,detection,
1267138,27,25,810,810,0,0,0,0,0,0,0,0,0,0,1267,detection,
1267156,2,25,810,810,0,0,0,0,0,0,2,0,0,0,1267,detection,
1267171,17,25,810,810,0,0,0,0,0,0,14,0,0,0,1267,detection,
1269741,19,4,1260,1260,0,0,0,0,0,0,21,0,0,0,1269,detection,
1272339,26,18,512,512,0,0,0,0,0,0,5,0,0,0,1272,detection,
1276801,28,22,1563,1563,0,0,0,0,0,0,5,0,0,0,1276,detection,
1276803,15,22,1563,1563,0,0,0,0,0,0,4,0,0,0,1276,detection,
1276850,8,22,1563,1563,0,0,0,0,0,0,5,0,0,0,1276,detection,
1276852,10,22,1563,1563,0,0,0,0,0,0,9,0,0,0,1276,detection,
1279431,12,6,512,512,0,0,0,0,0,0,0,0,0,0,1279,detection,
1285015,16,23,946,946,0,0,0,0,0,0,6,0,0,0,1285,detection,
1285980,14,11,1749,1749,0,0,0,0,0,0,5,0,0,0,1285,detection,
1286063,21,11,1749,1749,0,0,0,0,0,0,8,0,0,0,1286,detection,
1288306,15,10,1594,1594,0,0,0,0,0,0,6,0,0,0,1288,detection,
1288314,21,10,1594,1594,0,0,0,0,0,0,12,0,0,0,1288,detection,
1288337,4,10,1594,1594,0,0,0,0,0,0,11,0,0,0,1288,detection,
1288341,9,10,1594,1594,0,0,0,0,0,0,11,0,0,0,1288,detection,
1288367,19,10,1594,1594,0,0,0,0,0,0,27,0,0,0,1288,detection,
1288410,17,10,1594,1594,0,0,0,0,0,0,19,0,0,0,1288,detection,
1288420,22,10,1594,1594,0,0,0,0,0,0,13,0,0,0,1288,detection,
1288423,28,10,1594,1594,0,0,0,0,0,0,12,0,0,0,1288,detection,
1293717,9,10,1594,1594,0,0,0,0,0,0,12,0,0,0,1293,detection,
1295642,16,7,1319,1319,0,0,0,0,0,0,2,0,0,0,1295,detection,
1302929,5,12,823,823,0,0,0,0,0,0,5,0,0,0,1302,detection,
1308673,28,19,1309,1309,0,0,0,0,0,0,4,0,0,0,1308,detection,
1310663,17,9,1153,1153,0,0,0,0,0,0,16,0,0,0,1310,detection,
1312563,21,14,1710,1710,0,0,0,0,0,0,1,0,0,0,1312,detection,
1312847,25,31,1023,844,179,0,57,100,1,0,11,0,95,100,1312,detection,
1313065,21,11,1749,1749,0,0,0,0,0,0,8,0,0,0,1313,detection,
1316915,17,26,512,512,0,0,0,0,0,0,19,0,0,0,1316,detection,
1317045,22,10,1537,1537,0,0,0,0,0,0,17,0,0,0,1317,detection,
1317047,28,10,1537,1537,0,0,0,0,0,0,17,0,0,0,1317,detection,
1317055,15,10,1537,1537,0,0,0,0,0,0,12,0,0,0,1317,detection,
1317062,21,10,1537,1537,0,0,0,0,0,0,17,0,0,0,1317,detection,
1317094,9,10,1537,1537,0,0,0,0,0,0,16,0,0,0,1317,detection,
1317124,19,10,1537,1537,0,0,0,0,0,0,32,0,0,0,1317,detection,
1318915,17,29,1028,792,236,0,68,100,45,25,17,0,82,75,1318,detection,
1320907,7,27,1232,1232,0,0,0,0,0,0,5,0,0,0,1320,detection,
1321055,3,2,1249,1249,0,0,0,0,0,0,3,0,0,0,1321,detection,
1322681,15,10,1537,1537,0,0,0,0,0,0,8,0,0,0,1322,detection,
1322689,21,10,1537,1537,0,0,0,0,0,0,17,0,0,0,1322,detection,
1322712,4,10,1537,1537,0,0,0,0,0,0,16,0,0,0,1322,detection,
1322716,9,10,1537,1537,0,0,0,0,0,0,17,0,0,0,1322,detection,
1322795,22,10,1537,1537,0,0,0,0,0,0,17,0,0,0,1322,detection,
1322798,28,10,1537,1537,0,0,0,0,0,0,13,0,0,0,1322,detection,
1325047,22,28,1370,1370,0,0,0,0,0,0,1,0,0,0,1325,detection,
1325814,21,11,1749,1749,0,0,0,0,0,0,8,0,0,0,1325,detection,
1325856,14,11,1749,1749,0,0,0,0,0,0,1,0,0,0,1325,detection,
1336084,4,10,1537,1537,0,0,0,0,0,0,13,0,0,0,1336,detection,
1336092,9,10,1537,1537,0,0,0,0,0,0,18,0,0,0,1336,detection,
1336125,19,10,1537,1537,0,0,0,0,0,0,32,0,0,0,1336,detection,
1336162,17,10,1537,1537,0,0,0,0,0,0,25,0,0,0,1336,detection,
1336172,22,10,1537,1537,0,0,0,0,0,0,18,0,0,0,1336,detection,
1336174,28,10,1537,1537,0,0,0,0,0,0,13,0,0,0,1336,detection,
1336189,21,10,1537,1537,0,0,0,0,0,0,13,0,0,0,1336,detection,
1342350,8,4,1220,1220,0,0,0,0,0,0,7,0,0,0,1342,detection,
1342851,8,22,1546,1546,0,0,0,0,0,0,5,0,0,0,1342,detection,
1345549,5,18,512,512,0,0,0,0,0,0,6,0,0,0,1345,detection,
1352671,22,8,1481,1481,0,0,0,0,0,0,0,0,0,0,1352,detection,
1353023,24,20,829,829,0,0,0,0,0,0,2,0,0,0,1353,detection,
1354154,7,16,1096,1096,0,0,0,0,0,0,1,0,0,0,1354,detection,
1359422,22,10,1537,1537,0,0,0,0,0,0,13,0,0,0,1359,detection,
1359424,28,10,1537,1537,0,0,0,0,0,0,13,0,0,0,1359,detection,
1359439,21,10,1537,1537,0,0,0,0,0,0,13,0,0,0,1359,detection,
1359462,4,10,1537,1537,0,0,0,0,0,0,13,0,0,0,1359,detection,
1359466,9,10,1537,1537,0,0,0,0,0,0,18,0,0,0,1359,detection,
1359489,19,10,1537,1537,0,0,0,0,0,0,33,0,0,0,1359,detection,
1365224,25,5,512,512,0,0,0,0,0,0,8,0,0,0,1365,detection,
1365891,16,23,909,909,0,0,0,0,0,0,5,0,0,0,1365,detection,
1365903,7,23,909,909,0,0,0,0,0,0,5,0,0,0,1365,detection,
1365927,5,23,909,909,0,0,0,0,0,0,10,0,0,0,1365,detection,
1368638,27,7,1195,1195,0,0,0,0,0,0,3,0,0,0,1368,detection,
1368716,23,7,1195,1195,0,0,0,0,0,0,8,0,0,0,1368,detection,
1377528,7,23,881,881,0,0,0,0,0,0,7,0,0,0,1377,detection,
1377967,23,7,1164,1164,0,0,0,0,0,0,7,0,0,0,1377,detection,
1378013,27,7,1164,1164,0,0,0,0,0,0,3,0,0,0,1378,detection,
1378013,16,7,1164,1164,0,0,0,0,0,0,6,0,0,0,1378,detection,
1380135,27,7,1164,1164,0,0,0,0,0,0,0,0,0,0,1380,detection,
1382931,15,10,1537,1537,0,0,0,0,0,0,9,0,0,0,1382,detection,
1389483,11,14,1659,1659,0,0,0,0,0,0,2,0,0,0,1389,detection,
1395055,15,28,1387,1387,0,0,0,0,0,0,0,0,0,0,1395,detection,
1398993,19,26,512,512,0,0,0,0,0,0,21,0,0,0,1398,detection,
1401726,10,19,1024,1024,0,0,0,0,0,0,14,0,0,0,1401,detection,
1401733,20,19,1024,1024,0,0,0,0,0,0,9,0,0,0,1401,detection,
1401798,28,19,1024,1024,0,0,0,0,0,0,9,0,0,0,1401,detection,
1401805,15,19,1024,1024,0,0,0,0,0,0,5,0,0,0,1401,detection,
1401827,13,19,1024,1024,0,0,0,0,0,0,9,0,0,0,1401,detection,
1401836,4,19,1024,1024,0,0,0,0,0,0,9,0,0,0,1401,detection,
1401837,26,19,1024,1024,0,0,0,0,0,0,14,0,0,0,1401,detection,
1402086,4,15,1376,1376,0,0,0,0,0,0,0,0,0,0,1402,detection,
1405688,21,10,1381,1381,0,0,0,0,0,0,16,0,0,0,1405,detection,
1405711,4,10,1381,1381,0,0,0,0,0,0,16,0,0,0,1405,detection,
1405715,9,10,1381,1381,0,0,0,0,0,0,22,0,0,0,1405,detection,
1405738,19,10,1381,1381,0,0,0,0,0,0,37,0,0,0,1405,detection,
1405785,17,10,1381,1381,0,0,0,0,0,0,28,0,0,0,1405,detection,
1405797,28,10,1381,1381,0,0,0,0,0,0,16,0,0,0,1405,detection,
1405805,15,10,1381,1381,0,0,0,0,0,0,12,0,0,0,1405,detection,
1410189,21,11,1915,1915,0,0,0,0,0,0,8,0,0,0,1410,detection,
1410553,15,19,768,768,0,0,0,0,0,0,5,0,0,0,1410,detection,
1410554,12,19,768,768,0,0,0,0,0,0,4,0,0,0,1410,detection,
1410575,13,19,768,768,0,0,0,0,0,0,9,0,0,0,1410,detection,
1410588,4,19,768,768,0,0,0,0,0,0,9,0,0,0,1410,detection,
1410588,26,19,768,768,0,0,0,0,0,0,14,0,0,0,1410,detection,
1410609,20,19,768,768,0,0,0,0,0,0,9,0,0,0,1410,detection,
1411263,27,7,1158,1158,0,0,0,0,0,0,0,0,0,0,1411,detection,
1411338,4,10,1361,1361,0,0,0,0,0,0,16,0,0,0,1411,detection,
1411340,23,7,1158,1158,0,0,0,0,0,0,7,0,0,0,1411,detection,
1411342,9,10,1361,1361,0,0,0,0,0,0,17,0,0,0,1411,detection,
1411364,19,10,1361,1361,0,0,0,0,0,0,37,0,0,0,1411,detection,
1411412,17,10,1361,1361,0,0,0,0,0,0,28,0,0,0,1411,detection,
1411421,22,10,1361,1361,0,0,0,0,0,0,16,0,0,0,1411,detection,
1411423,28,10,1361,1361,0,0,0,0,0,0,16,0,0,0,1411,detection,
1411431,15,10,1361,1361,0,0,0,0,0,0,12,0,0,0,1411,detection,
1411439,21,10,1361,1361,0,0,0,0,0,0,16,0,0,0,1411,detection,
1411599,10,22,1525,1525,0,0,0,0,0,0,11,0,0,0,1411,detection,
1412926,28,8,1479,1479,0,0,0,0,0,0,0,0,0,0,1412,detection,
1413670,22,28,1387,1387,0,0,0,0,0,0,1,0,0,0,1413,detection,
1413679,15,28,1387,1387,0,0,0,0,0,0,0,0,0,0,1413,detection,
1413681,12,28,1387,1387,0,0,0,0,0,0,0,0,0,0,1413,detection,
1413702,13,28,1387,1387,0,0,0,0,0,0,0,0,0,0,1413,detection,
1413711,4,28,1387,1387,0,0,0,0,0,0,0,0,0,0,1413,detection,
1413724,10,28,1387,1387,0,0,0,0,0,0,6,0,0,0,1413,detection,
1413725,8,28,1387,1387,0,0,0,0,0,0,4,0,0,0,1413,detection,
1419086,26,18,512,512,0,0,0,0,0,0,5,0,0,0,1419,detection,
1419905,2,25,819,819,0,0,0,0,0,0,2,0,0,0,1419,detection,
1424313,21,10,1344,1344,0,0,0,0,0,0,15,0,0,0,1424,detection,
1424336,4,10,1344,1344,0,0,0,0,0,0,15,0,0,0,1424,detection,
1424340,9,10,1344,1344,0,0,0,0,0,0,16,0,0,0,1424,detection,
1424421,28,10,1344,1344,0,0,0,0,0,0,15,0,0,0,1424,detection,
1424424,22,10,1344,1344,0,0,0,0,0,0,16,0,0,0,1424,detection,
1424429,15,10,1344,1344,0,0,0,0,0,0,12,0,0,0,1424,detection,
1426425,15,19,836,836,0,0,0,0,0,0,5,0,0,0,1426,detection,
1426452,13,19,836,836,0,0,0,0,0,0,9,0,0,0,1426,detection,
1426461,4,19,836,836,0,0,0,0,0,0,8,0,0,0,1426,detection,
1426474,10,19,836,836,0,0,0,0,0,0,15,0,0,0,1426,detection,
1426482,20,19,836,836,0,0,0,0,0,0,9,0,0,0,1426,detection,
1426547,28,19,836,836,0,0,0,0,0,0,9,0,0,0,1426,detection,
1426886,27,16,1110,1110,0,0,0,0,0,0,1,0,0,0,1426,detection,
1427809,12,20,792,792,0,0,0,0,0,0,5,0,0,0,1427,detection,
1430338,4,28,1224,1224,0,0,0,0,0,0,0,0,0,0,1430,detection,
1430351,10,28,1224,1224,0,0,0,0,0,0,10,0,0,0,1430,detection,
1430421,22,28,1224,1224,0,0,0,0,0,0,5,0,0,0,1430,detection,
1430430,15,28,1224,1224,0,0,0,0,0,0,4,0,0,0,1430,detection,
1430432,12,28,1224,1224,0,0,0,0,0,0,4,0,0,0,1430,detection,
1430452,13,28,1224,1224,0,0,0,0,0,0,4,0,0,0,1430,detection,
1438849,10,28,1210,1210,0,0,0,0,0,0,5,0,0,0,1438,detection,
1438851,8,28,1210,1210,0,0,0,0,0,0,8,0,0,0,1438,detection,
1438929,15,28,1210,1210,0,0,0,0,0,0,0,0,0,0,1438,detection,
1438951,13,28,1210,1210,0,0,0,0,0,0,4,0,0,0,1438,detection,
1438960,4,28,1210,1210,0,0,0,0,0,0,0,0,0,0,1438,detection,
1439859,20,19,857,857,0,0,0,0,0,0,8,0,0,0,1439,detection,
1443290,22,28,1210,1210,0,0,0,0,0,0,5,0,0,0,1443,detection,
1444718,25,23,832,832,0,0,0,0,0,0,13,0,0,0,1444,detection,
1451301,15,28,1210,1210,0,0,0,0,0,0,0,0,0,0,1451,detection,
1451307,12,28,1210,1210,0,0,0,0,0,0,4,0,0,0,1451,detection,
1451327,13,28,1210,1210,0,0,0,0,0,0,0,0,0,0,1451,detection,
1451336,4,28,1210,1210,0,0,0,0,0,0,0,0,0,0,1451,detection,
1451349,10,28,1210,1210,0,0,0,0,0,0,6,0,0,0,1451,detection,
1451351,8,28,1210,1210,0,0,0,0,0,0,3,0,0,0,1451,detection,
1451420,22,28,1210,1210,0,0,0,0,0,0,0,0,0,0,1451,detection,
1453650,24,6,512,512,0,0,0,0,0,0,0,0,0,0,1453,detection,
1456549,28,19,844,844,0,0,0,0,0,0,10,0,0,0,1456,detection,
1456552,15,19,844,844,0,0,0,0,0,0,4,0,0,0,1456,detection,
1456553,12,19,844,844,0,0,0,0,0,0,4,0,0,0,1456,detection,
1456574,13,19,844,844,0,0,0,0,0,0,8,0,0,0,1456,detection,
1456588,26,19,844,844,0,0,0,0,0,0,14,0,0,0,1456,detection,
1456601,10,19,844,844,0,0,0,0,0,0,9,0,0,0,1456,detection,
1456609,20,19,844,844,0,0,0,0,0,0,8,0,0,0,1456,detection,
1459599,10,4,1164,1164,0,0,0,0,0,0,10,0,0,0,1459,detection,
1462139,16,7,1149,1149,0,0,0,0,0,0,1,0,0,0,1462,detection,
1462366,19,10,1161,1161,0,0,0,0,0,0,37,0,0,0,1462,detection,
1462423,22,10,1161,1161,0,0,0,0,0,0,15,0,0,0,1462,detection,
1462425,28,10,1161,1161,0,0,0,0,0,0,16,0,0,0,1462,detection,
1462428,15,10,1161,1161,0,0,0,0,0,0,11,0,0,0,1462,detection,
1464782,2,3,1168,1168,0,0,0,0,0,0,9,0,0,0,1464,detection,
1466848,8,22,1426,1426,0,0,0,0,0,0,9,0,0,0,1466,detection,
1466851,10,22,1426,1426,0,0,0,0,0,0,15,0,0,0,1466,detection,
1466923,28,22,1426,1426,0,0,0,0,0,0,10,0,0,0,1466,detection,
1466930,15,22,1426,1426,0,0,0,0,0,0,4,0,0,0,1466,detection,
1468350,10,21,1588,1588,0,0,0,0,0,0,5,0,0,0,1468,detection,
1474423,28,22,1450,1450,0,0,0,0,0,0,10,0,0,0,1474,detection,
1474475,10,22,1450,1450,0,0,0,0,0,0,15,0,0,0,1474,detection,
1474477,8,22,1450,1450,0,0,0,0,0,0,4,0,0,0,1474,detection,
1474967,9,29,1048,805,243,0,88,100,19,0,4,0,82,75,1474,detection,
1475087,4,28,1185,1185,0,0,0,0,0,0,0,0,0,0,1475,detection,
1475101,10,28,1185,1185,0,0,0,0,0,0,5,0,0,0,1475,detection,
1475171,22,28,1185,1185,0,0,0,0,0,0,2,0,0,0,1475,detection,
1475660,17,12,826,826,0,0,0,0,0,0,17,0,0,0,1475,detection,
1477843,23,7,1147,1147,0,0,0,0,0,0,7,0,0,0,1477,detection,
1477889,16,7,1147,1147,0,0,0,0,0,0,1,0,0,0,1477,detection,
1477889,27,7,1147,1147,0,0,0,0,0,0,0,0,0,0,1477,detection,
1479065,21,9,1141,1141,0,0,0,0,0,0,10,0,0,0,1479,detection,
1481798,28,10,1154,1154,0,0,0,0,0,0,15,0,0,0,1481,detection,
1484233,14,11,1915,1915,0,0,0,0,0,0,1,0,0,0,1484,detection,
1484316,21,11,1915,1915,0,0,0,0,0,0,3,0,0,0,1484,detection,
1486474,8,15,1218,1218,0,0,0,0,0,0,2,0,0,0,1486,detection,
1487847,25,17,855,855,0,0,0,0,0,0,9,0,0,0,1487,detection,
1487849,10,17,855,855,0,0,0,0,0,0,6,0,0,0,1487,detection,
1487926,5,17,855,855,0,0,0,0,0,0,6,0,0,0,1487,detection,
1487930,12,17,855,855,0,0,0,0,0,0,1,0,0,0,1487,detection,
1490461,4,28,1185,1185,0,0,0,0,0,0,0,0,0,0,1490,detection,
1490675,28,22,1446,1446,0,0,0,0,0,0,10,0,0,0,1490,detection,
1490678,15,22,1446,1446,0,0,0,0,0,0,4,0,0,0,1490,detection,
1490724,8,22,1446,1446,0,0,0,0,0,0,3,0,0,0,1490,detection,
1490727,10,22,1446,1446,0,0,0,0,0,0,15,0,0,0,1490,detection,
1491218,9,2,1292,1292,0,0,0,0,0,0,3,0,0,0,1491,detection,
1494087,4,19,864,864,0,0,0,0,0,0,8,0,0,0,1494,detection,
1494087,26,19,864,864,0,0,0,0,0,0,8,0,0,0,1494,detection,
1494108,20,19,864,864,0,0,0,0,0,0,8,0,0,0,1494,detection,
1494173,28,19,864,864,0,0,0,0,0,0,10,0,0,0,1494,detection,
1494180,15,19,864,864,0,0,0,0,0,0,4,0,0,0,1494,detection,
1497767,16,27,1228,1228,0,0,0,0,0,0,4,0,0,0,1497,detection,
1497837,4,8,1495,1495,0,0,0,0,0,0,0,0,0,0,1497,detection,
1499924,5,26,520,520,0,0,0,0,0,0,8,0,0,0,1499,detection,
1500564,21,14,1664,1664,0,0,0,0,0,0,1,0,0,0,1500,detection,
1508798,22,8,1495,1495,0,0,0,0,0,0,1,0,0,0,1508,detection,
1508800,28,8,1495,1495,0,0,0,0,0,0,1,0,0,0,1508,detection,
1508803,15,8,1495,1495,0,0,0,0,0,0,0,0,0,0,1508,detection,
1508838,4,8,1495,1495,0,0,0,0,0,0,0,0,0,0,1508,detection,
1516971,25,17,855,855,0,0,0,0,0,0,9,0,0,0,1516,detection,
1517675,28,22,1446,1446,0,0,0,0,0,0,10,0,0,0,1517,detection,
1521549,28,22,1446,1446,0,0,0,0,0,0,4,0,0,0,1521,detection,
1521556,15,22,1446,1446,0,0,0,0,0,0,4,0,0,0,1521,detection,
1521601,10,22,1446,1446,0,0,0,0,0,0,9,0,0,0,1521,detection,
1521603,8,22,1446,1446,0,0,0,0,0,0,4,0,0,0,1521,detection,
1522092,9,2,1292,1292,0,0,0,0,0,0,2,0,0,0,1522,detection,
1522137,27,2,1292,1292,0,0,0,0,0,0,2,0,0,0,1522,detection,
1522181,3,2,1292,1292,0,0,0,0,0,0,3,0,0,0,1522,detection,
1526368,19,30,1374,808,566,0,100,100,3,0,21,0,80,55,1526,detection,
1528162,17,10,1186,1186,0,0,0,0,0,0,28,0,0,0,1528,detection,
1528171,22,10,1186,1186,0,0,0,0,0,0,16,0,0,0,1528,detection,
1528173,28,10,1186,1186,0,0,0,0,0,0,11,0,0,0,1528,detection,
1528181,15,10,1186,1186,0,0,0,0,0,0,11,0,0,0,1528,detection,
1528189,21,10,1186,1186,0,0,0,0,0,0,15,0,0,0,1528,detection,
1528212,4,10,1186,1186,0,0,0,0,0,0,15,0,0,0,1528,detection,
1528216,9,10,1186,1186,0,0,0,0,0,0,16,0,0,0,1528,detection,
1528590,9,3,1094,1094,0,0,0,0,0,0,5,0,0,0,1528,detection,
1528595,25,3,1094,1094,0,0,0,0,0,0,15,0,0,0,1528,detection,
1528605,14,3,1094,1094,0,0,0,0,0,0,9,0,0,0,1528,detection,
1528654,2,3,1094,1094,0,0,0,0,0,0,9,0,0,0,1528,detection,
1528687,21,3,1094,1094,0,0,0,0,0,0,10,0,0,0,1528,detection,
1529451,13,4,1149,1149,0,0,0,0,0,0,4,0,0,0,1529,detection,
1532610,20,24,512,512,0,0,0,0,0,0,3,0,0,0,1532,detection,
1543054,15,28,1188,1188,0,0,0,0,0,0,0,0,0,0,1543,detection,
1543055,12,28,1188,1188,0,0,0,0,0,0,4,0,0,0,1543,detection,
1543076,13,28,1188,1188,0,0,0,0,0,0,0,0,0,0,1543,detection,
1543098,10,28,1188,1188,0,0,0,0,0,0,5,0,0,0,1543,detection,
1543100,8,28,1188,1188,0,0,0,0,0,0,3,0,0,0,1543,detection,
1545937,21,10,1201,1201,0,0,0,0,0,0,14,0,0,0,1545,detection,
1549916,17,31,1063,822,241,0,65,100,28,0,22,0,80,75,1549,detection,
1555340,23,25,825,825,0,0,0,0,0,0,5,0,0,0,1555,detection,
1565056,3,9,1186,1186,0,0,0,0,0,0,7,0,0,0,1565,detection,
1570190,21,11,1915,1915,0,0,0,0,0,0,3,0,0,0,1570,detection,
1573673,28,22,1536,1536,0,0,0,0,0,0,4,0,0,0,1573,detection,
1573725,10,22,1536,1536,0,0,0,0,0,0,9,0,0,0,1573,detection,
1573727,8,22,1536,1536,0,0,0,0,0,0,4,0,0,0,1573,detection,
1574975,8,28,1200,1200,0,0,0,0,0,0,3,0,0,0,1574,detection,
1579275,24,26,512,512,0,0,0,0,0,0,3,0,0,0,1579,detection,
1583717,23,16,1179,1179,0,0,0,0,0,0,7,0,0,0,1583,detection,
1593173,22,8,1488,1488,0,0,0,0,0,0,1,0,0,0,1593,detection,
1604351,10,15,1216,1216,0,0,0,0,0,0,5,0,0,0,1604,detection,
1605389,16,7,1189,1189,0,0,0,0,0,0,1,0,0,0,1605,detection,
1605390,27,7,1189,1189,0,0,0,0,0,0,0,0,0,0,1605,detection,
1608429,15,22,1526,1526,0,0,0,0,0,0,4,0,0,0,1608,detection,
1624930,15,4,1127,1127,0,0,0,0,0,0,3,0,0,0,1624,detection,
1630160,17,9,1258,1258,0,0,0,0,0,0,18,0,0,0,1630,detection,
1631064,21,10,1164,1164,0,0,0,0,0,0,14,0,0,0,1631,detection,
1631086,4,10,1164,1164,0,0,0,0,0,0,14,0,0,0,1631,detection,
1631090,9,10,1164,1164,0,0,0,0,0,0,16,0,0,0,1631,detection,
1631113,19,10,1164,1164,0,0,0,0,0,0,31,0,0,0,1631,detection,
1631170,17,10,1164,1164,0,0,0,0,0,0,30,0,0,0,1631,detection,
1631171,28,10,1164,1164,0,0,0,0,0,0,10,0,0,0,1631,detection,
1631180,15,10,1164,1164,0,0,0,0,0,0,11,0,0,0,1631,detection,
1632088,26,6,512,512,0,0,0,0,0,0,5,0,0,0,1632,detection,
1633223,8,28,1192,1192,0,0,0,0,0,0,2,0,0,0,1633,detection,
1633296,22,28,1192,1192,0,0,0,0,0,0,1,0,0,0,1633,detection,
1633306,15,28,1192,1192,0,0,0,0,0,0,0,0,0,0,1633,detection,
1633307,12,28,1192,1192,0,0,0,0,0,0,4,0,0,0,1633,detection,
1633337,4,28,1192,1192,0,0,0,0,0,0,0,0,0,0,1633,detection,
1638479,14,21,1390,1390,0,0,0,0,0,0,4,0,0,0,1638,detection,
1638740,19,12,821,821,0,0,0,0,0,0,19,0,0,0,1638,detection,
1640735,11,14,1408,1408,0,0,0,0,0,0,2,0,0,0,1640,detection,
1644600,10,29,1068,816,252,0,82,100,10,28,10,0,82,55,1644,detection,
1646633,6,24,512,512,0,0,0,0,0,0,3,0,0,0,1646,detection,
1647179,12,28,1192,1192,0,0,0,0,0,0,0,0,0,0,1647,detection,
1649590,23,5,537,537,0,0,0,0,0,0,3,0,0,0,1649,detection,
1652175,5,23,809,809,0,0,0,0,0,0,12,0,0,0,1652,detection,
1653295,28,19,816,816,0,0,0,0,0,0,10,0,0,0,1653,detection,
1653302,15,19,816,816,0,0,0,0,0,0,4,0,0,0,1653,detection,
1653303,12,19,816,816,0,0,0,0,0,0,4,0,0,0,1653,detection,
1653337,4,19,816,816,0,0,0,0,0,0,8,0,0,0,1653,detection,
1653337,26,19,816,816,0,0,0,0,0,0,8,0,0,0,1653,detection,
1653359,20,19,816,816,0,0,0,0,0,0,8,0,0,0,1653,detection,
1658587,26,20,790,790,0,0,0,0,0,0,7,0,0,0,1658,detection,
1660108,20,26,512,512,0,0,0,0,0,0,3,0,0,0,1660,detection,
1666341,23,16,1147,1147,0,0,0,0,0,0,6,0,0,0,1666,detection,
1666346,25,16,1147,1147,0,0,0,0,0,0,9,0,0,0,1666,detection,
1666387,27,16,1147,1147,0,0,0,0,0,0,1,0,0,0,1666,detection,
1666404,7,16,1147,1147,0,0,0,0,0,0,2,0,0,0,1666,detection,
1673562,21,11,1664,1664,0,0,0,0,0,0,3,0,0,0,1673,detection,
1673604,14,11,1664,1664,0,0,0,0,0,0,1,0,0,0,1673,detection,
1678616,19,12,815,815,0,0,0,0,0,0,19,0,0,0,1678,detection,
1678631,6,12,815,815,0,0,0,0,0,0,0,0,0,0,1678,detection,
1678666,17,12,815,815,0,0,0,0,0,0,16,0,0,0,1678,detection,
1678674,28,12,815,815,0,0,0,0,0,0,6,0,0,0,1678,detection,
1678676,5,12,815,815,0,0,0,0,0,0,7,0,0,0,1678,detection,
1678700,13,12,815,815,0,0,0,0,0,0,2,0,0,0,1678,detection,
1678712,4,12,815,815,0,0,0,0,0,0,3,0,0,0,1678,detection,
1678713,26,12,815,815,0,0,0,0,0,0,7,0,0,0,1678,detection,
1680812,21,11,1664,1664,0,0,0,0,0,0,2,0,0,0,1680,detection,
1682461,4,8,1506,1506,0,0,0,0,0,0,0,0,0,0,1682,detection,
1684547,28,22,1543,1543,0,0,0,0,0,0,4,0,0,0,1684,detection,
1684554,15,22,1543,1543,0,0,0,0,0,0,4,0,0,0,1684,detection,
1684599,10,22,1543,1543,0,0,0,0,0,0,9,0,0,0,1684,detection,
1684601,8,22,1543,1543,0,0,0,0,0,0,4,0,0,0,1684,detection,
1693216,9,3,1214,1214,0,0,0,0,0,0,5,0,0,0,1693,detection,
1696930,12,17,824,824,0,0,0,0,0,0,2,0,0,0,1696,detection,
1699377,1,18,512,512,0,0,0,0,0,0,3,0,0,0,1699,detection,
1699428,5,18,512,512,0,0,0,0,0,0,8,0,0,0,1699,detection,
1699467,23,18,512,512,0,0,0,0,0,0,7,0,0,0,1699,detection,
1703921,28,22,1543,1543,0,0,0,0,0,0,4,0,0,0,1703,detection,
1706388,27,7,1173,1173,0,0,0,0,0,0,0,0,0,0,1706,detection,
1707036,17,10,1151,1151,0,0,0,0,0,0,30,0,0,0,1707,detection,
1707234,20,24,512,512,0,0,0,0,0,0,3,0,0,0,1707,detection,
1720598,25,31,1083,806,277,0,83,100,19,0,15,0,82,75,1720,detection,
1724564,21,14,1444,1444,0,0,0,0,0,0,1,0,0,0,1724,detection,
1727554,12,6,512,512,0,0,0,0,0,0,0,0,0,0,1727,detection,
1732175,5,25,816,816,0,0,0,0,0,0,7,0,0,0,1732,detection,
1735552,5,18,512,512,0,0,0,0,0,0,7,0,0,0,1735,detection,
1736154,2,27,1264,1264,0,0,0,0,0,0,6,0,0,0,1736,detection,
1742406,7,16,1138,1138,0,0,0,0,0,0,2,0,0,0,1742,detection,
1742932,12,20,790,790,0,0,0,0,0,0,3,0,0,0,1742,detection,
1747119,19,4,1116,1116,0,0,0,0,0,0,22,0,0,0,1747,detection,
1750923,28,8,1506,1506,0,0,0,0,0,0,1,0,0,0,1750,detection,
1767933,12,5,537,537,0,0,0,0,0,0,1,0,0,0,1767,detection,
1771047,28,15,1145,1145,0,0,0,0,0,0,2,0,0,0,1771,detection,
1771656,7,23,800,800,0,0,0,0,0,0,7,0,0,0,1771,detection,
1772430,15,28,1117,1117,0,0,0,0,0,0,0,0,0,0,1772,detection,
1773675,28,13,1086,1086,0,0,0,0,0,0,2,0,0,0,1773,detection,
1780575,13,12,831,831,0,0,0,0,0,0,1,0,0,0,1780,detection,
1790187,21,11,1664,1664,0,0,0,0,0,0,3,0,0,0,1790,detection,
1797242,19,10,1136,1136,0,0,0,0,0,0,31,0,0,0,1797,detection,
1797285,17,10,1136,1136,0,0,0,0,0,0,26,0,0,0,1797,detection,
1797297,28,10,1136,1136,0,0,0,0,0,0,10,0,0,0,1797,detection,
1797305,15,10,1136,1136,0,0,0,0,0,0,7,0,0,0,1797,detection,
1797312,21,10,1136,1136,0,0,0,0,0,0,10,0,0,0,1797,detection,
1797335,4,10,1136,1136,0,0,0,0,0,0,14,0,0,0,1797,detection,
1797344,9,10,1136,1136,0,0,0,0,0,0,16,0,0,0,1797,detection,
1801343,9,21,1390,1390,0,0,0,0,0,0,0,0,0,0,1801,detection,
1804839,26,18,512,512,0,0,0,0,0,0,5,0,0,0,1804,detection,
1818673,28,13,1086,1086,0,0,0,0,0,0,2,0,0,0,1818,detection,
1818710,4,13,1086,1086,0,0,0,0,0,0,0,0,0,0,1818,detection,
1818736,20,13,1086,1086,0,0,0,0,0,0,0,0,0,0,1818,detection,
1821120,19,20,790,790,0,0,0,0,0,0,22,0,0,0,1821,detection,
1822181,15,10,1136,1136,0,0,0,0,0,0,6,0,0,0,1822,detection,
1823671,22,8,1502,1502,0,0,0,0,0,0,1,0,0,0,1823,detection,
1826327,13,19,795,795,0,0,0,0,0,0,8,0,0,0,1826,detection,
1826336,4,19,795,795,0,0,0,0,0,0,8,0,0,0,1826,detection,
1826336,26,19,795,795,0,0,0,0,0,0,8,0,0,0,1826,detection,
1826349,10,19,795,795,0,0,0,0,0,0,9,0,0,0,1826,detection,
1826357,20,19,795,795,0,0,0,0,0,0,8,0,0,0,1826,detection,
1826422,28,19,795,795,0,0,0,0,0,0,9,0,0,0,1826,detection,
1826429,15,19,795,795,0,0,0,0,0,0,4,0,0,0,1826,detection,
1826430,12,19,795,795,0,0,0,0,0,0,4,0,0,0,1826,detection,
1834712,4,13,1086,1086,0,0,0,0,0,0,0,0,0,0,1834,detection,
1835989,19,17,818,818,0,0,0,0,0,0,17,0,0,0,1835,detection,
1836204,13,30,1434,796,638,0,100,100,22,0,3,0,82,55,1836,detection,
1836515,16,27,1264,1264,0,0,0,0,0,0,4,0,0,0,1836,detection,
1840577,13,19,784,784,0,0,0,0,0,0,8,0,0,0,1840,detection,
1846157,2,3,1185,1185,0,0,0,0,0,0,9,0,0,0,1846,detection,
1847040,17,25,802,802,0,0,0,0,0,0,16,0,0,0,1847,detection,
1853816,1,24,512,512,0,0,0,0,0,0,3,0,0,0,1853,detection,
1853858,20,24,512,512,0,0,0,0,0,0,3,0,0,0,1853,detection,
1853883,6,24,512,512,0,0,0,0,0,0,3,0,0,0,1853,detection,
1857016,1,26,512,512,0,0,0,0,0,0,3,0,0,0,1857,detection,
1857023,24,26,512,512,0,0,0,0,0,0,2,0,0,0,1857,detection,
1857035,17,26,512,512,0,0,0,0,0,0,19,0,0,0,1857,detection,
1857055,12,26,512,512,0,0,0,0,0,0,7,0,0,0,1857,detection,
1857056,5,26,512,512,0,0,0,0,0,0,10,0,0,0,1857,detection,
1857071,18,26,512,512,0,0,0,0,0,0,3,0,0,0,1857,detection,
1857111,20,26,512,512,0,0,0,0,0,0,3,0,0,0,1857,detection,
1857132,6,26,512,512,0,0,0,0,0,0,0,0,0,0,1857,detection,
1859296,22,15,1155,1155,0,0,0,0,0,0,2,0,0,0,1859,detection,
1861596,25,23,796,796,0,0,0,0,0,0,11,0,0,0,1861,detection,
1862986,1,5,529,529,0,0,0,0,0,0,3,0,0,0,1862,detection,
1863034,17,5,529,529,0,0,0,0,0,0,15,0,0,0,1863,detection,
1863056,12,5,529,529,0,0,0,0,0,0,1,0,0,0,1863,detection,
1863071,18,5,529,529,0,0,0,0,0,0,0,0,0,0,1863,detection,
1863089,23,5,529,529,0,0,0,0,0,0,2,0,0,0,1863,detection,
1863090,26,5,529,529,0,0,0,0,0,0,5,0,0,0,1863,detection,
1863095,25,5,529,529,0,0,0,0,0,0,11,0,0,0,1863,detection,
1864282,2,29,1128,819,309,0,100,100,73,0,4,0,82,75,1864,detection,
1864291,17,29,1128,819,309,0,90,100,14,25,17,0,82,75,1864,detection,
1864307,3,29,1128,819,309,0,100,100,68,0,8,0,82,75,1864,detection,
1864341,9,29,1128,819,309,0,100,100,16,0,3,0,82,75,1864,detection,
1864351,10,29,1128,819,309,0,100,100,12,28,10,0,82,55,1864,detection,
1864367,19,29,1128,819,309,0,85,100,56,0,21,0,80,55,1864,detection,
1868341,9,2,1204,1204,0,0,0,0,0,0,6,0,0,0,1868,detection,
1868388,27,2,1204,1204,0,0,0,0,0,0,5,0,0,0,1868,detection,
1868430,3,2,1204,1204,0,0,0,0,0,0,7,0,0,0,1868,detection,
1868699,18,23,796,796,0,0,0,0,0,0,7,0,0,0,1868,detection,
1872725,8,22,1514,1514,0,0,0,0,0,0,4,0,0,0,1872,detection,
1872809,3,2,1204,1204,0,0,0,0,0,0,7,0,0,0,1872,detection,
1872843,9,2,1204,1204,0,0,0,0,0,0,5,0,0,0,1872,detection,
1872888,27,2,1204,1204,0,0,0,0,0,0,5,0,0,0,1872,detection,
1882340,1,24,512,512,0,0,0,0,0,0,3,0,0,0,1882,detection,
1882510,27,7,1084,1084,0,0,0,0,0,0,0,0,0,0,1882,detection,
1882592,23,7,1084,1084,0,0,0,0,0,0,7,0,0,0,1882,detection,
1883142,16,7,1084,1084,0,0,0,0,0,0,0,0,0,0,1883,detection,
1885724,10,28,1091,1091,0,0,0,0,0,0,5,0,0,0,1885,detection,
1885853,10,21,1411,1411,0,0,0,0,0,0,5,0,0,0,1885,detection,
1886161,17,26,512,512,0,0,0,0,0,0,19,0,0,0,1886,detection,
1890638,16,27,1269,1269,0,0,0,0,0,0,3,0,0,0,1890,detection,
1890655,7,27,1269,1269,0,0,0,0,0,0,6,0,0,0,1890,detection,
1892634,27,2,1204,1204,0,0,0,0,0,0,5,0,0,0,1892,detection,
1892682,3,2,1204,1204,0,0,0,0,0,0,7,0,0,0,1892,detection,
1892717,9,2,1204,1204,0,0,0,0,0,0,5,0,0,0,1892,detection,
1894462,4,10,1079,1079,0,0,0,0,0,0,10,0,0,0,1894,detection,
1903064,21,14,1434,1434,0,0,0,0,0,0,1,0,0,0,1903,detection,
1907424,5,17,830,830,0,0,0,0,0,0,7,0,0,0,1907,detection,
1907431,3,17,830,830,0,0,0,0,0,0,4,0,0,0,1907,detection,
1907432,12,17,830,830,0,0,0,0,0,0,1,0,0,0,1907,detection,
1907461,26,17,830,830,0,0,0,0,0,0,6,0,0,0,1907,detection,
1907470,9,17,830,830,0,0,0,0,0,0,1,0,0,0,1907,detection,
1907471,25,17,830,830,0,0,0,0,0,0,5,0,0,0,1907,detection,
1907475,10,17,830,830,0,0,0,0,0,0,6,0,0,0,1907,detection,
1907491,19,17,830,830,0,0,0,0,0,0,17,0,0,0,1907,detection,
1911423,28,4,1116,1116,0,0,0,0,0,0,5,0,0,0,1911,detection,
1923055,3,2,1204,1204,0,0,0,0,0,0,6,0,0,0,1923,detection,
1923094,9,2,1204,1204,0,0,0,0,0,0,5,0,0,0,1923,detection,
1925096,25,17,830,830,0,0,0,0,0,0,5,0,0,0,1925,detection,
1930591,9,2,1204,1204,0,0,0,0,0,0,4,0,0,0,1930,detection,
1930856,14,11,1664,1664,0,0,0,0,0,0,1,0,0,0,1930,detection,
1933088,4,8,1502,1502,0,0,0,0,0,0,0,0,0,0,1933,detection,
1938712,4,28,1091,1091,0,0,0,0,0,0,0,0,0,0,1938,detection,
1938726,10,28,1091,1091,0,0,0,0,0,0,5,0,0,0,1938,detection,
1938796,22,28,1091,1091,0,0,0,0,0,0,2,0,0,0,1938,detection,
1938805,15,28,1091,1091,0,0,0,0,0,0,0,0,0,0,1938,detection,
1938807,12,28,1091,1091,0,0,0,0,0,0,0,0,0,0,1938,detection,
1938828,13,28,1091,1091,0,0,0,0,0,0,0,0,0,0,1938,detection,
1941473,10,22,1514,1514,0,0,0,0,0,0,9,0,0,0,1941,detection,
1941474,8,22,1514,1514,0,0,0,0,0,0,4,0,0,0,1941,detection,
1941549,28,22,1514,1514,0,0,0,0,0,0,4,0,0,0,1941,detection,
1941556,15,22,1514,1514,0,0,0,0,0,0,4,0,0,0,1941,detection,
1943464,4,15,1155,1155,0,0,0,0,0,0,0,0,0,0,1943,detection,
1943681,5,12,850,850,0,0,0,0,0,0,10,0,0,0,1943,detection,
1944288,17,29,1148,809,339,0,98,100,5,25,17,0,82,75,1944,detection,
1947610,1,30,1454,810,644,0,100,100,24,0,3,0,82,55,1947,detection,
1947623,19,30,1454,810,644,0,100,100,14,0,21,0,80,55,1947,detection,
1947635,6,30,1454,810,644,0,100,100,48,0,3,0,82,75,1947,detection,
1947703,13,30,1454,810,644,0,100,100,1,0,3,0,82,55,1947,detection,
1947717,26,30,1454,810,644,0,100,100,22,0,8,0,82,55,1947,detection,
1947734,20,30,1454,810,644,0,100,100,24,0,3,0,82,55,1947,detection,
1947964,26,5,518,518,0,0,0,0,0,0,5,0,0,0,1947,detection,
1950850,8,28,1091,1091,0,0,0,0,0,0,2,0,0,0,1950,detection,
1957550,5,31,1123,795,328,0,94,100,22,0,18,0,82,75,1957,detection,
1964104,14,21,1398,1398,0,0,0,0,0,0,4,0,0,0,1964,detection,
1968261,27,2,1204,1204,0,0,0,0,0,0,4,0,0,0,1968,detection,
1968344,9,2,1204,1204,0,0,0,0,0,0,4,0,0,0,1968,detection,
1972576,13,4,1111,1111,0,0,0,0,0,0,4,0,0,0,1972,detection,
1973175,5,18,512,512,0,0,0,0,0,0,11,0,0,0,1973,detection,
1982174,28,4,1107,1107,0,0,0,0,0,0,4,0,0,0,1982,detection,
1982203,13,4,1107,1107,0,0,0,0,0,0,3,0,0,0,1982,detection,
1982226,10,4,1107,1107,0,0,0,0,0,0,10,0,0,0,1982,detection,
1982227,8,4,1107,1107,0,0,0,0,0,0,6,0,0,0,1982,detection,
1982239,19,4,1107,1107,0,0,0,0,0,0,22,0,0,0,1982,detection,
1993969,9,21,1398,1398,0,0,0,0,0,0,0,0,0,0,1993,detection,
1993974,10,21,1398,1398,0,0,0,0,0,0,5,0,0,0,1993,detection,
1993982,11,21,1398,1398,0,0,0,0,0,0,6,0,0,0,1993,detection,
1993983,14,21,1398,1398,0,0,0,0,0,0,4,0,0,0,1993,detection,
1994556,15,22,1514,1514,0,0,0,0,0,0,4,0,0,0,1994,detection,
1998217,23,25,780,780,0,0,0,0,0,0,5,0,0,0,1998,detection,
2005796,22,8,1496,1496,0,0,0,0,0,0,1,0,0,0,2005,detection,
2005805,15,8,1496,1496,0,0,0,0,0,0,0,0,0,0,2005,detection,
2005836,4,8,1496,1496,0,0,0,0,0,0,0,0,0,0,2005,detection,
2008565,21,11,1664,1664,0,0,0,0,0,0,2,0,0,0,2008,detection,
2009284,2,29,1168,848,320,0,100,100,2,0,5,0,82,75,2009,detection,
2011300,28,13,1100,1100,0,0,0,0,0,0,1,0,0,0,2011,detection,
2014276,24,6,512,512,0,0,0,0,0,0,0,0,0,0,2014,detection,
2017531,7,27,1229,1229,0,0,0,0,0,0,5,0,0,0,2017,detection,
2017585,1,6,512,512,0,0,0,0,0,0,0,0,0,0,2017,detection,
2017610,20,6,512,512,0,0,0,0,0,0,1,0,0,0,2017,detection,
2017647,24,6,512,512,0,0,0,0,0,0,0,0,0,0,2017,detection,
2017681,12,6,512,512,0,0,0,0,0,0,0,0,0,0,2017,detection,
2017711,26,6,512,512,0,0,0,0,0,0,5,0,0,0,2017,detection,
2021218,1,20,783,783,0,0,0,0,0,0,3,0,0,0,2021,detection,
2021241,19,20,783,783,0,0,0,0,0,0,20,0,0,0,2021,detection,
2021256,6,20,783,783,0,0,0,0,0,0,3,0,0,0,2021,detection,
2021305,12,20,783,783,0,0,0,0,0,0,2,0,0,0,2021,detection,
2021324,13,20,783,783,0,0,0,0,0,0,4,0,0,0,2021,detection,
2021340,26,20,783,783,0,0,0,0,0,0,5,0,0,0,2021,detection,
2027109,20,24,512,512,0,0,0,0,0,0,2,0,0,0,2027,detection,
2028110,11,14,1410,1410,0,0,0,0,0,0,2,0,0,0,2028,detection,
2028181,3,14,1410,1410,0,0,0,0,0,0,4,0,0,0,2028,detection,
2028188,21,14,1410,1410,0,0,0,0,0,0,1,0,0,0,2028,detection,
2028813,21,9,1177,1177,0,0,0,0,0,0,9,0,0,0,2028,detection,
2038421,22,8,1496,1496,0,0,0,0,0,0,1,0,0,0,2038,detection,
2046661,17,31,1143,795,348,0,94,100,19,0,22,0,80,75,2046,detection,
2053925,5,26,512,512,0,0,0,0,0,0,12,0,0,0,2053,detection,
2056600,10,21,1398,1398,0,0,0,0,0,0,5,0,0,0,2056,detection,
2058094,23,16,1138,1138,0,0,0,0,0,0,7,0,0,0,2058,detection,
2059591,9,17,821,821,0,0,0,0,0,0,1,0,0,0,2059,detection,
2061608,11,14,1410,1410,0,0,0,0,0,0,2,0,0,0,2061,detection,
2065431,3,2,1204,1204,0,0,0,0,0,0,6,0,0,0,2065,detection,
2065465,9,2,1204,1204,0,0,0,0,0,0,0,0,0,0,2065,detection,
2065511,27,2,1204,1204,0,0,0,0,0,0,4,0,0,0,2065,detection,
2068798,28,22,1514,1514,0,0,0,0,0,0,4,0,0,0,2068,detection,
2088596,25,5,516,516,0,0,0,0,0,0,11,0,0,0,2088,detection,
2094562,21,11,1666,1666,0,0,0,0,0,0,2,0,0,0,2094,detection,
2094604,14,11,1666,1666,0,0,0,0,0,0,1,0,0,0,2094,detection,
2095406,2,27,1229,1229,0,0,0,0,0,0,7,0,0,0,2095,detection,
2095839,26,18,512,512,0,0,0,0,0,0,5,0,0,0,2095,detection,
2097993,19,30,1494,804,690,0,100,100,8,0,19,0,82,55,2097,detection,
2106674,28,15,1147,1147,0,0,0,0,0,0,2,0,0,0,2106,detection,
2109591,9,3,1236,1236,0,0,0,0,0,0,4,0,0,0,2109,detection,
2109733,20,12,826,826,0,0,0,0,0,0,0,0,0,0,2109,detection,
2110139,27,7,1075,1075,0,0,0,0,0,0,0,0,0,0,2110,detection,
2114588,26,6,512,512,0,0,0,0,0,0,5,0,0,0,2114,detection,
2117554,12,28,1083,1083,0,0,0,0,0,0,0,0,0,0,2117,detection,
2122734,20,26,512,512,0,0,0,0,0,0,3,0,0,0,2122,detection,
2125934,3,2,1204,1204,0,0,0,0,0,0,1,0,0,0,2125,detection,
2127682,3,21,1398,1398,0,0,0,0,0,0,6,0,0,0,2127,detection,
2130211,4,8,1493,1493,0,0,0,0,0,0,0,0,0,0,2130,detection,
2143930,15,4,1107,1107,0,0,0,0,0,0,3,0,0,0,2143,detection,
2146316,21,14,1398,1398,0,0,0,0,0,0,1,0,0,0,2146,detection,
2150054,15,22,1493,1493,0,0,0,0,0,0,4,0,0,0,2150,detection,
2154718,23,7,1075,1075,0,0,0,0,0,0,2,0,0,0,2154,detection,
2154765,16,7,1075,1075,0,0,0,0,0,0,0,0,0,0,2154,detection,
2157387,27,31,1163,795,368,0,100,100,46,0,4,0,82,75,2157,detection,
2165617,19,17,817,817,0,0,0,0,0,0,17,0,0,0,2165,detection,
2169635,27,16,1138,1138,0,0,0,0,0,0,0,0,0,0,2169,detection,
2171772,24,20,779,779,0,0,0,0,0,0,2,0,0,0,2171,detection,
2176116,19,29,1188,841,347,0,96,100,7,0,20,0,82,55,2176,detection,
2185437,21,11,1666,1666,0,0,0,0,0,0,2,0,0,0,2185,detection,
2188430,12,6,512,512,0,0,0,0,0,0,0,0,0,0,2188,detection,
2188802,5,23,785,785,0,0,0,0,0,0,16,0,0,0,2188,detection,
2193267,16,7,1075,1075,0,0,0,0,0,0,0,0,0,0,2193,detection,
2197966,9,2,1194,1194,0,0,0,0,0,0,0,0,0,0,2197,detection,
2199432,3,25,770,770,0,0,0,0,0,0,2,0,0,0,2199,detection,
2199448,18,25,770,770,0,0,0,0,0,0,0,0,0,0,2199,detection,
2199465,23,25,770,770,0,0,0,0,0,0,5,0,0,0,2199,detection,
2199466,9,25,770,770,0,0,0,0,0,0,3,0,0,0,2199,detection,
2199512,27,25,770,770,0,0,0,0,0,0,0,0,0,0,2199,detection,
2199516,16,25,770,770,0,0,0,0,0,0,2,0,0,0,2199,detection,
2199529,2,25,770,770,0,0,0,0,0,0,2,0,0,0,2199,detection,
2199536,17,25,770,770,0,0,0,0,0,0,16,0,0,0,2199,detection,
2209203,13,28,1079,1079,0,0,0,0,0,0,0,0,0,0,2209,detection,
2213734,11,21,1414,1414,0,0,0,0,0,0,5,0,0,0,2213,detection,
2217539,17,10,1068,1068,0,0,0,0,0,0,26,0,0,0,2217,detection,
2222239,19,4,1107,1107,0,0,0,0,0,0,22,0,0,0,2222,detection,
2227661,17,25,768,768,0,0,0,0,0,0,15,0,0,0,2227,detection,
2230228,25,31,1183,792,391,0,100,100,21,0,18,0,82,75,2230,detection,
2233233,20,19,773,773,0,0,0,0,0,0,4,0,0,0,2233,detection,
2233727,10,15,1137,1137,0,0,0,0,0,0,5,0,0,0,2233,detection,
2248991,19,20,779,779,0,0,0,0,0,0,20,0,0,0,2248,detection,
2258721,25,23,785,785,0,0,0,0,0,0,13,0,0,0,2258,detection,
2260321,18,5,512,512,0,0,0,0,0,0,0,0,0,0,2260,detection,
2264659,17,12,820,820,0,0,0,0,0,0,16,0,0,0,2264,detection,
2265029,2,27,1157,1157,0,0,0,0,0,0,7,0,0,0,2265,detection,
2271883,6,24,512,512,0,0,0,0,0,0,2,0,0,0,2271,detection,
2278859,11,14,1393,1393,0,0,0,0,0,0,2,0,0,0,2278,detection,
2280483,14,11,1649,1649,0,0,0,0,0,0,1,0,0,0,2280,detection,
2286424,5,18,512,512,0,0,0,0,0,0,11,0,0,0,2286,detection,
2290848,10,28,1079,1079,0,0,0,0,0,0,5,0,0,0,2290,detection,
2292711,26,17,817,817,0,0,0,0,0,0,5,0,0,0,2292,detection,
2305091,9,21,1401,1401,0,0,0,0,0,0,0,0,0,0,2305,detection,
2306197,18,26,512,512,0,0,0,0,0,0,3,0,0,0,2306,detection,
2307047,28,8,1493,1493,0,0,0,0,0,0,1,0,0,0,2307,detection,
2321975,8,22,1493,1493,0,0,0,0,0,0,4,0,0,0,2321,detection,
2326217,23,25,768,768,0,0,0,0,0,0,3,0,0,0,2326,detection,
2328555,3,2,1145,1145,0,0,0,0,0,0,1,0,0,0,2328,detection,
2328600,8,22,1493,1493,0,0,0,0,0,0,0,0,0,0,2328,detection,
2328671,28,22,1493,1493,0,0,0,0,0,0,4,0,0,0,2328,detection,
2328678,15,22,1493,1493,0,0,0,0,0,0,0,0,0,0,2328,detection,
2330905,7,27,1131,1131,0,0,0,0,0,0,5,0,0,0,2330,detection,
2332530,7,16,1127,1127,0,0,0,0,0,0,2,0,0,0,2332,detection,
2343745,19,12,809,809,0,0,0,0,0,0,19,0,0,0,2343,detection,
2349688,12,5,512,512,0,0,0,0,0,0,0,0,0,0,2349,detection,
2358688,21,10,1068,1068,0,0,0,0,0,0,10,0,0,0,2358,detection,
2371795,22,8,1491,1491,0,0,0,0,0,0,1,0,0,0,2371,detection,
2381556,12,20,774,774,0,0,0,0,0,0,2,0,0,0,2381,detection,
2391488,20,30,1554,818,736,0,100,100,22,0,3,0,82,55,2391,detection,
2394428,5,26,512,512,0,0,0,0,0,0,11,0,0,0,2394,detection,
2398600,10,4,1096,1096,0,0,0,0,0,0,10,0,0,0,2398,detection,
2398735,20,24,512,512,0,0,0,0,0,0,2,0,0,0,2398,detection,
2405046,22,15,1133,1133,0,0,0,0,0,0,2,0,0,0,2405,detection,
2411690,21,11,1649,1649,0,0,0,0,0,0,1,0,0,0,2411,detection,
2413088,4,10,1064,1064,0,0,0,0,0,0,10,0,0,0,2413,detection,
2413092,9,10,1064,1064,0,0,0,0,0,0,16,0,0,0,2413,detection,
2413114,19,10,1064,1064,0,0,0,0,0,0,31,0,0,0,2413,detection,
2413162,17,10,1064,1064,0,0,0,0,0,0,26,0,0,0,2413,detection,
2413171,22,10,1064,1064,0,0,0,0,0,0,16,0,0,0,2413,detection,
2413173,28,10,1064,1064,0,0,0,0,0,0,10,0,0,0,2413,detection,
2413181,15,10,1064,1064,0,0,0,0,0,0,6,0,0,0,2413,detection,
2413189,21,10,1064,1064,0,0,0,0,0,0,10,0,0,0,2413,detection,
2420898,24,6,512,512,0,0,0,0,0,0,0,0,0,0,2420,detection,
2422982,14,21,1401,1401,0,0,0,0,0,0,0,0,0,0,2422,detection,
2424075,13,28,1073,1073,0,0,0,0,0,0,0,0,0,0,2424,detection,
2424089,4,28,1073,1073,0,0,0,0,0,0,0,0,0,0,2424,detection,
2424099,8,28,1073,1073,0,0,0,0,0,0,2,0,0,0,2424,detection,
2424102,10,28,1073,1073,0,0,0,0,0,0,5,0,0,0,2424,detection,
2424172,22,28,1073,1073,0,0,0,0,0,0,1,0,0,0,2424,detection,
2424701,13,12,809,809,0,0,0,0,0,0,1,0,0,0,2424,detection,
2428422,28,22,1356,1356,0,0,0,0,0,0,4,0,0,0,2428,detection,
2429655,2,25,768,768,0,0,0,0,0,0,2,0,0,0,2429,detection,
2436064,21,14,1431,1431,0,0,0,0,0,0,1,0,0,0,2436,detection,
2438654,2,3,1166,1166,0,0,0,0,0,0,4,0,0,0,2438,detection,
2442962,4,19,768,768,0,0,0,0,0,0,8,0,0,0,2442,detection,
2442962,26,19,768,768,0,0,0,0,0,0,8,0,0,0,2442,detection,
2442975,10,19,768,768,0,0,0,0,0,0,9,0,0,0,2442,detection,
2442983,20,19,768,768,0,0,0,0,0,0,4,0,0,0,2442,detection,
2443049,28,19,768,768,0,0,0,0,0,0,4,0,0,0,2443,detection,
2443051,15,19,768,768,0,0,0,0,0,0,1,0,0,0,2443,detection,
2443056,12,19,768,768,0,0,0,0,0,0,4,0,0,0,2443,detection,
2443077,13,19,768,768,0,0,0,0,0,0,4,0,0,0,2443,detection,
2443337,4,28,1070,1070,0,0,0,0,0,0,0,0,0,0,2443,detection,
2444339,4,8,1489,1489,0,0,0,0,0,0,0,0,0,0,2444,detection,
2444961,4,13,1071,1071,0,0,0,0,0,0,0,0,0,0,2444,detection,
2449156,2,9,1098,1098,0,0,0,0,0,0,7,0,0,0,2449,detection,
2456366,19,30,1574,818,756,0,100,100,12,0,19,0,82,55,2456,detection,
2457466,23,16,1127,1127,0,0,0,0,0,0,7,0,0,0,2457,detection,
2457470,25,16,1127,1127,0,0,0,0,0,0,13,0,0,0,2457,detection,
2457511,27,16,1127,1127,0,0,0,0,0,0,0,0,0,0,2457,detection,
2457528,7,16,1127,1127,0,0,0,0,0,0,2,0,0,0,2457,detection,
2475049,28,15,1089,1089,0,0,0,0,0,0,2,0,0,0,2475,detection,
2480162,17,31,1223,807,416,0,100,100,12,0,22,0,80,75,2480,detection,
2491099,8,4,1096,1096,0,0,0,0,0,0,6,0,0,0,2491,detection,
2493021,24,26,512,512,0,0,0,0,0,0,2,0,0,0,2493,detection,
2495483,14,11,1649,1649,0,0,0,0,0,0,1,0,0,0,2495,detection,
2499467,9,10,1032,1032,0,0,0,0,0,0,16,0,0,0,2499,detection,
2500216,9,21,1395,1395,0,0,0,0,0,0,0,0,0,0,2500,detection,
2501591,26,20,774,774,0,0,0,0,0,0,5,0,0,0,2501,detection,
2506691,21,3,1203,1203,0,0,0,0,0,0,10,0,0,0,2506,detection,
2506717,9,3,1203,1203,0,0,0,0,0,0,4,0,0,0,2506,detection,
2506732,14,3,1203,1203,0,0,0,0,0,0,9,0,0,0,2506,detection,
2506781,2,3,1203,1203,0,0,0,0,0,0,4,0,0,0,2506,detection,
2509395,1,24,512,512,0,0,0,0,0,0,3,0,0,0,2509,detection,
2513037,17,29,1248,825,423,0,100,100,16,25,17,0,82,75,2513,detection,
2517077,13,30,1594,814,780,0,100,100,34,0,2,0,82,55,2517,detection,
2518093,23,16,1142,1142,0,0,0,0,0,0,2,0,0,0,2518,detection,
2527839,26,6,512,512,0,0,0,0,0,0,5,0,0,0,2527,detection,
2528409,17,9,1090,1090,0,0,0,0,0,0,18,0,0,0,2528,detection,
2530386,27,7,1069,1069,0,0,0,0,0,0,0,0,0,0,2530,detection,
2532425,5,23,777,777,0,0,0,0,0,0,11,0,0,0,2532,detection,
2533239,19,17,807,807,0,0,0,0,0,0,17,0,0,0,2533,detection,
2534678,5,12,804,804,0,0,0,0,0,0,10,0,0,0,2534,detection,
2535412,17,25,852,852,0,0,0,0,0,0,15,0,0,0,2535,detection,
2540141,16,27,1146,1146,0,0,0,0,0,0,3,0,0,0,2540,detection,
2552430,15,4,1096,1096,0,0,0,0,0,0,2,0,0,0,2552,detection,
2564108,11,14,1531,1531,0,0,0,0,0,0,0,0,0,0,2564,detection,
2569929,12,28,1041,1041,0,0,0,0,0,0,0,0,0,0,2569,detection,
2572475,10,21,1499,1499,0,0,0,0,0,0,5,0,0,0,2572,detection,
2573012,27,2,1142,1142,0,0,0,0,0,0,4,0,0,0,2573,detection,
2575550,28,8,1489,1489,0,0,0,0,0,0,1,0,0,0,2575,detection,
2575764,27,31,1243,807,436,0,100,100,16,0,4,0,82,75,2575,detection,
2576681,3,21,1365,1365,0,0,0,0,0,0,10,0,0,0,2576,detection,
2576725,10,21,1365,1365,0,0,0,0,0,0,9,0,0,0,2576,detection,
2576730,14,21,1365,1365,0,0,0,0,0,0,4,0,0,0,2576,detection,
2576733,11,21,1365,1365,0,0,0,0,0,0,9,0,0,0,2576,detection,
2579189,21,11,1646,1646,0,0,0,0,0,0,6,0,0,0,2579,detection,
2579231,14,11,1646,1646,0,0,0,0,0,0,4,0,0,0,2579,detection,
2580985,20,19,768,768,0,0,0,0,0,0,4,0,0,0,2580,detection,
2583107,11,21,1386,1386,0,0,0,0,0,0,10,0,0,0,2583,detection,
2583108,14,21,1386,1386,0,0,0,0,0,0,4,0,0,0,2583,detection,
2583183,3,21,1386,1386,0,0,0,0,0,0,5,0,0,0,2583,detection,
2587983,14,11,1661,1661,0,0,0,0,0,0,0,0,0,0,2587,detection,
2588065,21,11,1661,1661,0,0,0,0,0,0,6,0,0,0,2588,detection,
2590662,17,10,1029,1029,0,0,0,0,0,0,26,0,0,0,2590,detection,
2595716,23,18,512,512,0,0,0,0,0,0,6,0,0,0,2595,detection,
2597932,3,21,1379,1379,0,0,0,0,0,0,4,0,0,0,2597,detection,
2597966,9,21,1379,1379,0,0,0,0,0,0,4,0,0,0,2597,detection,
2597976,10,21,1379,1379,0,0,0,0,0,0,9,0,0,0,2597,detection,
2597981,14,21,1379,1379,0,0,0,0,0,0,4,0,0,0,2597,detection,
2601017,16,7,1069,1069,0,0,0,0,0,0,0,0,0,0,2601,detection,
2603033,2,29,1268,821,447,0,100,100,30,0,4,0,82,75,2603,detection,
2604850,8,22,1356,1356,0,0,0,0,0,0,0,0,0,0,2604,detection,
2606056,12,6,512,512,0,0,0,0,0,0,0,0,0,0,2606,detection,
2608973,25,17,807,807,0,0,0,0,0,0,7,0,0,0,2608,detection,
2612406,7,27,1134,1134,0,0,0,0,0,0,3,0,0,0,2612,detection,
2612732,14,11,1661,1661,0,0,0,0,0,0,0,0,0,0,2612,detection,
2612923,28,13,1064,1064,0,0,0,0,0,0,1,0,0,0,2612,detection,
2614101,25,5,512,512,0,0,0,0,0,0,15,0,0,0,2614,detection,
2616851,10,15,1108,1108,0,0,0,0,0,0,5,0,0,0,2616,detection,
2627861,20,24,512,512,0,0,0,0,0,0,2,0,0,0,2627,detection,
2628057,3,21,1379,1379,0,0,0,0,0,0,4,0,0,0,2628,detection,
2628091,9,21,1379,1379,0,0,0,0,0,0,4,0,0,0,2628,detection,
2628101,10,21,1379,1379,0,0,0,0,0,0,4,0,0,0,2628,detection,
2628105,14,21,1379,1379,0,0,0,0,0,0,3,0,0,0,2628,detection,
2628109,11,21,1379,1379,0,0,0,0,0,0,10,0,0,0,2628,detection,
2630190,21,11,1654,1654,0,0,0,0,0,0,6,0,0,0,2630,detection,
2630231,14,11,1654,1654,0,0,0,0,0,0,0,0,0,0,2630,detection,
2633107,11,21,1373,1373,0,0,0,0,0,0,5,0,0,0,2633,detection,
2645475,10,28,1037,1037,0,0,0,0,0,0,4,0,0,0,2645,detection,
2656814,21,10,1027,1027,0,0,0,0,0,0,11,0,0,0,2656,detection,
2658559,3,2,1142,1142,0,0,0,0,0,0,1,0,0,0,2658,detection,
2659297,22,8,1485,1485,0,0,0,0,0,0,1,0,0,0,2659,detection,
2659734,20,12,793,793,0,0,0,0,0,0,0,0,0,0,2659,detection,
2667840,9,3,1091,1091,0,0,0,0,0,0,4,0,0,0,2667,detection,
2670850,25,31,1263,825,438,0,100,100,8,0,22,0,80,75,2670,detection,
2672640,16,27,1123,1123,0,0,0,0,0,0,3,0,0,0,2672,detection,
2676203,13,19,779,779,0,0,0,0,0,0,4,0,0,0,2676,detection,
2680221,25,23,773,773,0,0,0,0,0,0,18,0,0,0,2680,detection,
2680940,21,11,1644,1644,0,0,0,0,0,0,5,0,0,0,2680,detection,
2680982,14,11,1644,1644,0,0,0,0,0,0,0,0,0,0,2680,detection,
2686801,5,18,512,512,0,0,0,0,0,0,8,0,0,0,2686,detection,
2687279,7,16,1119,1119,0,0,0,0,0,0,2,0,0,0,2687,detection,
2690388,16,27,1123,1123,0,0,0,0,0,0,3,0,0,0,2690,detection,
2690405,7,27,1123,1123,0,0,0,0,0,0,3,0,0,0,2690,detection,
2690406,2,27,1123,1123,0,0,0,0,0,0,7,0,0,0,2690,detection,
2693479,1,18,512,512,0,0,0,0,0,0,3,0,0,0,2693,detection,
2693549,5,18,512,512,0,0,0,0,0,0,8,0,0,0,2693,detection,
2693587,26,18,512,512,0,0,0,0,0,0,5,0,0,0,2693,detection,
2693589,23,18,512,512,0,0,0,0,0,0,6,0,0,0,2693,detection,
2693596,25,18,512,512,0,0,0,0,0,0,16,0,0,0,2693,detection,
2695758,6,24,512,512,0,0,0,0,0,0,2,0,0,0,2695,detection,
2699431,3,21,1337,1337,0,0,0,0,0,0,5,0,0,0,2699,detection,
2699479,14,21,1337,1337,0,0,0,0,0,0,3,0,0,0,2699,detection,
2699482,10,21,1337,1337,0,0,0,0,0,0,4,0,0,0,2699,detection,
2699483,11,21,1337,1337,0,0,0,0,0,0,5,0,0,0,2699,detection,
2703108,14,11,1608,1608,0,0,0,0,0,0,0,0,0,0,2703,detection,
2703555,15,22,1356,1356,0,0,0,0,0,0,0,0,0,0,2703,detection,
2704101,10,4,1088,1088,0,0,0,0,0,0,9,0,0,0,2704,detection,
2704102,8,4,1088,1088,0,0,0,0,0,0,6,0,0,0,2704,detection,
2704118,19,4,1088,1088,0,0,0,0,0,0,21,0,0,0,2704,detection,
2704173,28,4,1088,1088,0,0,0,0,0,0,4,0,0,0,2704,detection,
2704182,12,4,1088,1088,0,0,0,0,0,0,2,0,0,0,2704,detection,
2704202,13,4,1088,1088,0,0,0,0,0,0,3,0,0,0,2704,detection,
2704306,12,17,802,802,0,0,0,0,0,0,0,0,0,0,2704,detection,
2721355,14,21,1331,1331,0,0,0,0,0,0,4,0,0,0,2721,detection,
2725840,26,5,512,512,0,0,0,0,0,0,5,0,0,0,2725,detection,
2726615,19,4,1088,1088,0,0,0,0,0,0,21,0,0,0,2726,detection,
2728859,11,14,1520,1520,0,0,0,0,0,0,2,0,0,0,2728,detection,
2730585,4,10,1024,1024,0,0,0,0,0,0,11,0,0,0,2730,detection,
2742844,9,2,1130,1130,0,0,0,0,0,0,0,0,0,0,2742,detection,
2745539,17,26,512,512,0,0,0,0,0,0,19,0,0,0,2745,detection,
2747998,1,6,512,512,0,0,0,0,0,0,0,0,0,0,2747,detection,
2748023,24,6,512,512,0,0,0,0,0,0,0,0,0,0,2748,detection,
2748056,12,6,512,512,0,0,0,0,0,0,0,0,0,0,2748,detection,
2748091,26,6,512,512,0,0,0,0,0,0,5,0,0,0,2748,detection,
2748106,20,6,512,512,0,0,0,0,0,0,0,0,0,0,2748,detection,
2759590,26,20,769,769,0,0,0,0,0,0,5,0,0,0,2759,detection,
2764673,22,15,1091,1091,0,0,0,0,0,0,2,0,0,0,2764,detection,
2772883,6,30,1634,805,829,0,100,100,45,0,3,0,82,75,2772,detection,
2773157,2,25,798,798,0,0,0,0,0,0,2,0,0,0,2773,detection,
2774798,28,22,1345,1345,0,0,0,0,0,0,0,0,0,0,2774,detection,
2776461,4,8,1483,1483,0,0,0,0,0,0,0,0,0,0,2776,detection,
2782523,24,6,512,512,0,0,0,0,0,0,0,0,0,0,2782,detection,
2785338,26,17,800,800,0,0,0,0,0,0,6,0,0,0,2785,detection,
2785342,9,17,800,800,0,0,0,0,0,0,0,0,0,0,2785,detection,
2785351,10,17,800,800,0,0,0,0,0,0,6,0,0,0,2785,detection,
2785364,19,17,800,800,0,0,0,0,0,0,17,0,0,0,2785,detection,
2785424,5,17,800,800,0,0,0,0,0,0,9,0,0,0,2785,detection,
2785431,3,17,800,800,0,0,0,0,0,0,4,0,0,0,2785,detection,
2789352,8,28,1035,1035,0,0,0,0,0,0,2,0,0,0,2789,detection,
2792548,28,4,1088,1088,0,0,0,0,0,0,4,0,0,0,2792,detection,
2792781,2,27,1123,1123,0,0,0,0,0,0,6,0,0,0,2792,detection,
2793298,22,8,1327,1327,0,0,0,0,0,0,0,0,0,0,2793,detection,
2793301,28,8,1327,1327,0,0,0,0,0,0,4,0,0,0,2793,detection,
2793304,15,8,1327,1327,0,0,0,0,0,0,3,0,0,0,2793,detection,
2793339,4,8,1327,1327,0,0,0,0,0,0,0,0,0,0,2793,detection,
2799859,1,20,769,769,0,0,0,0,0,0,3,0,0,0,2799,detection,
2799864,19,20,769,769,0,0,0,0,0,0,20,0,0,0,2799,detection,
2799879,6,20,769,769,0,0,0,0,0,0,3,0,0,0,2799,detection,
2799900,24,20,769,769,0,0,0,0,0,0,2,0,0,0,2799,detection,
2799929,12,20,769,769,0,0,0,0,0,0,2,0,0,0,2799,detection,
2799952,13,20,769,769,0,0,0,0,0,0,3,0,0,0,2799,detection,
2799963,26,20,769,769,0,0,0,0,0,0,5,0,0,0,2799,detection,
2800588,4,8,1319,1319,0,0,0,0,0,0,0,0,0,0,2800,detection,
2800681,15,8,1319,1319,0,0,0,0,0,0,3,0,0,0,2800,detection,
2802032,7,31,1283,819,464,0,100,100,68,0,5,0,82,55,2802,detection,
2803105,14,11,1647,1647,0,0,0,0,0,0,0,0,0,0,2803,detection,
2803187,21,11,1647,1647,0,0,0,0,0,0,5,0,0,0,2803,detection,
2806213,4,13,1044,1044,0,0,0,0,0,0,0,0,0,0,2806,detection,
2806338,26,18,512,512,0,0,0,0,0,0,5,0,0,0,2806,detection,
2812211,4,8,1319,1319,0,0,0,0,0,0,0,0,0,0,2812,detection,
2812297,28,8,1319,1319,0,0,0,0,0,0,4,0,0,0,2812,detection,
2812298,22,8,1319,1319,0,0,0,0,0,0,0,0,0,0,2812,detection,
2812304,15,8,1319,1319,0,0,0,0,0,0,3,0,0,0,2812,detection,
2823468,9,21,1331,1331,0,0,0,0,0,0,4,0,0,0,2823,detection,
2823478,10,21,1331,1331,0,0,0,0,0,0,3,0,0,0,2823,detection,
2823481,11,21,1331,1331,0,0,0,0,0,0,5,0,0,0,2823,detection,
2823482,14,21,1331,1331,0,0,0,0,0,0,4,0,0,0,2823,detection,
2823558,3,21,1331,1331,0,0,0,0,0,0,4,0,0,0,2823,detection,
2826779,7,23,772,772,0,0,0,0,0,0,7,0,0,0,2826,detection,
2826799,5,23,772,772,0,0,0,0,0,0,11,0,0,0,2826,detection,
2826823,18,23,772,772,0,0,0,0,0,0,7,0,0,0,2826,detection,
2826846,25,23,772,772,0,0,0,0,0,0,17,0,0,0,2826,detection,
2828941,21,14,1513,1513,0,0,0,0,0,0,1,0,0,0,2828,detection,
2831232,14,11,1635,1635,0,0,0,0,0,0,0,0,0,0,2831,detection,
2832114,19,12,790,790,0,0,0,0,0,0,18,0,0,0,2832,detection,
2840717,9,21,1326,1326,0,0,0,0,0,0,0,0,0,0,2840,detection,
2844783,1,5,512,512,0,0,0,0,0,0,3,0,0,0,2844,detection,
2844806,12,5,512,512,0,0,0,0,0,0,0,0,0,0,2844,detection,
2844821,18,5,512,512,0,0,0,0,0,0,0,0,0,0,2844,detection,
2844840,26,5,512,512,0,0,0,0,0,0,5,0,0,0,2844,detection,
2844844,25,5,512,512,0,0,0,0,0,0,16,0,0,0,2844,detection,
2846296,28,8,1319,1319,0,0,0,0,0,0,0,0,0,0,2846,detection,
2846297,22,8,1319,1319,0,0,0,0,0,0,0,0,0,0,2846,detection,
2846303,15,8,1319,1319,0,0,0,0,0,0,3,0,0,0,2846,detection,
2846338,4,8,1319,1319,0,0,0,0,0,0,0,0,0,0,2846,detection,
2846906,2,9,1148,1148,0,0,0,0,0,0,6,0,0,0,2846,detection,
2847864,19,20,768,768,0,0,0,0,0,0,20,0,0,0,2847,detection,
2854387,27,2,1130,1130,0,0,0,0,0,0,0,0,0,0,2854,detection,
2854431,3,2,1130,1130,0,0,0,0,0,0,1,0,0,0,2854,detection,
2854465,9,2,1130,1130,0,0,0,0,0,0,0,0,0,0,2854,detection,
2855136,27,25,808,808,0,0,0,0,0,0,0,0,0,0,2855,detection,
2860725,8,22,1345,1345,0,0,0,0,0,0,1,0,0,0,2860,detection,
2860887,27,7,1054,1054,0,0,0,0,0,0,0,0,0,0,2860,detection,
2870296,22,15,1078,1078,0,0,0,0,0,0,3,0,0,0,2870,detection,
2870298,28,15,1078,1078,0,0,0,0,0,0,3,0,0,0,2870,detection,
2870337,4,15,1078,1078,0,0,0,0,0,0,0,0,0,0,2870,detection,
2870351,10,15,1078,1078,0,0,0,0,0,0,5,0,0,0,2870,detection,
2870352,8,15,1078,1078,0,0,0,0,0,0,4,0,0,0,2870,detection,
2879673,28,15,1078,1078,0,0,0,0,0,0,2,0,0,0,2879,detection,
2881215,26,6,512,512,0,0,0,0,0,0,5,0,0,0,2881,detection,
2884100,8,4,1086,1086,0,0,0,0,0,0,6,0,0,0,2884,detection,
2889765,16,31,1303,813,490,0,100,100,76,0,4,0,82,75,2889,detection,
2892735,20,24,512,512,0,0,0,0,0,0,1,0,0,0,2892,detection,
2898814,21,3,1101,1101,0,0,0,0,0,0,11,0,0,0,2898,detection,
2900213,4,8,1319,1319,0,0,0,0,0,0,0,0,0,0,2900,detection,
2900296,22,8,1319,1319,0,0,0,0,0,0,0,0,0,0,2900,detection,
2900299,28,8,1319,1319,0,0,0,0,0,0,0,0,0,0,2900,detection,
2900306,15,8,1319,1319,0,0,0,0,0,0,3,0,0,0,2900,detection,
2905967,23,31,1323,813,510,0,100,100,80,0,4,0,82,55,2905,detection,
2905973,25,31,1323,813,510,0,100,100,14,0,15,0,82,75,2905,detection,
2906014,27,31,1323,813,510,0,100,100,18,0,3,0,82,75,2906,detection,
2906018,16,31,1323,813,510,0,100,100,4,0,4,0,82,75,2906,detection,
2906031,7,31,1323,813,510,0,100,100,11,0,3,0,82,55,2906,detection,
2906034,2,31,1323,813,510,0,100,100,68,0,6,0,82,75,2906,detection,
2906041,17,31,1323,813,510,0,100,100,18,0,17,0,82,75,2906,detection,
2906050,5,31,1323,813,510,0,100,100,34,0,18,0,82,75,2906,detection,
2906074,18,31,1323,813,510,0,100,100,93,0,6,0,82,75,2906,detection,
2919814,21,11,1635,1635,0,0,0,0,0,0,5,0,0,0,2919,detection,
2920899,24,26,512,512,0,0,0,0,0,0,2,0,0,0,2920,detection,
2922843,23,16,1186,1186,0,0,0,0,0,0,2,0,0,0,2922,detection,
2927679,12,5,512,512,0,0,0,0,0,0,0,0,0,0,2927,detection,
2930604,14,21,1326,1326,0,0,0,0,0,0,0,0,0,0,2930,detection,
2933057,12,28,1033,1033,0,0,0,0,0,0,0,0,0,0,2933,detection,
2933398,24,20,768,768,0,0,0,0,0,0,2,0,0,0,2933,detection,
2950302,5,23,769,769,0,0,0,0,0,0,11,0,0,0,2950,detection,
2952304,12,6,512,512,0,0,0,0,0,0,0,0,0,0,2952,detection,
2955054,15,8,1319,1319,0,0,0,0,0,0,0,0,0,0,2955,detection,
2961591,9,29,1348,857,491,0,100,100,44,0,3,0,82,75,2961,detection,
2961601,10,29,1348,857,491,0,100,100,39,28,10,0,82,55,2961,detection,
2961618,19,29,1348,857,491,0,100,100,26,0,20,0,82,55,2961,detection,
2961662,17,29,1348,857,491,0,100,100,13,28,16,0,82,75,2961,detection,
2961681,3,29,1348,857,491,0,100,100,40,0,8,0,82,75,2961,detection,
2964665,17,31,1343,829,514,0,100,100,0,0,16,0,82,75,2964,detection,
2966674,5,18,512,512,0,0,0,0,0,0,8,0,0,0,2966,detection,
2966802,5,25,796,796,0,0,0,0,0,0,11,0,0,0,2966,detection,
2969216,9,10,1024,1024,0,0,0,0,0,0,15,0,0,0,2969,detection,
2972389,16,7,1054,1054,0,0,0,0,0,0,0,0,0,0,2972,detection,
2973238,20,30,1674,803,871,0,100,100,33,0,2,0,82,55,2973,detection,
2974828,13,12,804,804,0,0,0,0,0,0,1,0,0,0,2974,detection,
2987099,10,22,1345,1345,0,0,0,0,0,0,9,0,0,0,2987,detection,
2991171,28,8,1319,1319,0,0,0,0,0,0,0,0,0,0,2991,detection,
2991172,22,8,1319,1319,0,0,0,0,0,0,0,0,0,0,2991,detection,
2991178,15,8,1319,1319,0,0,0,0,0,0,0,0,0,0,2991,detection,
2991213,4,8,1319,1319,0,0,0,0,0,0,0,0,0,0,2991,detection,
2993235,11,14,1525,1525,0,0,0,0,0,0,2,0,0,0,2993,detection,
2993606,14,11,1630,1630,0,0,0,0,0,0,0,0,0,0,2993,detection,
3001680,15,4,1082,1082,0,0,0,0,0,0,2,0,0,0,3001,detection,
3004878,1,30,1694,801,893,0,100,100,61,0,3,0,82,55,3004,detection,
3004955,13,30,1694,801,893,0,100,100,28,0,2,0,82,55,3004,detection,
3004965,26,30,1694,801,893,0,100,100,55,0,8,0,82,55,3004,detection,
3004985,20,30,1694,801,893,0,100,100,5,0,2,0,82,55,3004,detection,
3006940,21,11,1630,1630,0,0,0,0,0,0,5,0,0,0,3006,detection,
3006982,14,11,1630,1630,0,0,0,0,0,0,0,0,0,0,3006,detection,
3012235,20,26,512,512,0,0,0,0,0,0,3,0,0,0,3012,detection,
3017347,10,19,810,810,0,0,0,0,0,0,9,0,0,0,3017,detection,
3018471,25,5,512,512,0,0,0,0,0,0,16,0,0,0,3018,detection,
3022099,10,15,1090,1090,0,0,0,0,0,0,5,0,0,0,3022,detection,
3027787,17,9,1124,1124,0,0,0,0,0,0,17,0,0,0,3027,detection,
3029348,25,23,768,768,0,0,0,0,0,0,17,0,0,0,3029,detection,
3031048,28,13,1062,1062,0,0,0,0,0,0,1,0,0,0,3031,detection,
3031566,21,14,1525,1525,0,0,0,0,0,0,1,0,0,0,3031,detection,
3031607,11,14,1525,1525,0,0,0,0,0,0,2,0,0,0,3031,detection,
3032764,27,2,1130,1130,0,0,0,0,0,0,0,0,0,0,3032,detection,
3036135,27,16,1155,1155,0,0,0,0,0,0,0,0,0,0,3036,detection,
3036655,2,3,1086,1086,0,0,0,0,0,0,4,0,0,0,3036,detection,
3041405,7,27,1165,1165,0,0,0,0,0,0,3,0,0,0,3041,detection,
3057931,15,22,1335,1335,0,0,0,0,0,0,0,0,0,0,3057,detection,
3067184,3,29,1368,857,511,0,100,100,4,0,6,0,82,75,3067,detection,
3072038,17,10,1066,1066,0,0,0,0,0,0,26,0,0,0,3072,detection,
3072257,6,24,512,512,0,0,0,0,0,0,2,0,0,0,3072,detection,
3074850,10,28,1030,1030,0,0,0,0,0,0,4,0,0,0,3074,detection,
3075230,14,11,1625,1625,0,0,0,0,0,0,0,0,0,0,3075,detection,
3080844,9,21,1313,1313,0,0,0,0,0,0,0,0,0,0,3080,detection,
3080849,10,21,1313,1313,0,0,0,0,0,0,3,0,0,0,3080,detection,
3080858,11,21,1313,1313,0,0,0,0,0,0,5,0,0,0,3080,detection,
3080858,14,21,1313,1313,0,0,0,0,0,0,0,0,0,0,3080,detection,
3085807,12,20,768,768,0,0,0,0,0,0,2,0,0,0,3085,detection,
3086219,9,21,1313,1313,0,0,0,0,0,0,0,0,0,0,3086,detection,
3091321,18,5,512,512,0,0,0,0,0,0,0,0,0,0,3091,detection,
3092337,26,18,512,512,0,0,0,0,0,0,3,0,0,0,3092,detection,
3096405,7,16,1155,1155,0,0,0,0,0,0,2,0,0,0,3096,detection,
3098550,1,24,512,512,0,0,0,0,0,0,3,0,0,0,3098,detection,
3098609,20,24,512,512,0,0,0,0,0,0,1,0,0,0,3098,detection,
3098629,6,24,512,512,0,0,0,0,0,0,1,0,0,0,3098,detection,
3099710,4,13,1062,1062,0,0,0,0,0,0,0,0,0,0,3099,detection,
3099737,20,13,1062,1062,0,0,0,0,0,0,0,0,0,0,3099,detection,
3103427,15,19,809,809,0,0,0,0,0,0,1,0,0,0,3103,detection,
3103428,12,19,809,809,0,0,0,0,0,0,4,0,0,0,3103,detection,
3103453,13,19,809,809,0,0,0,0,0,0,4,0,0,0,3103,detection,
3103462,4,19,809,809,0,0,0,0,0,0,8,0,0,0,3103,detection,
3103462,26,19,809,809,0,0,0,0,0,0,8,0,0,0,3103,detection,
3103475,10,19,809,809,0,0,0,0,0,0,9,0,0,0,3103,detection,
3103483,20,19,809,809,0,0,0,0,0,0,4,0,0,0,3103,detection,
3107806,3,9,1114,1114,0,0,0,0,0,0,7,0,0,0,3107,detection,
3112298,22,8,1316,1316,0,0,0,0,0,0,0,0,0,0,3112,detection,
3113882,6,12,800,800,0,0,0,0,0,0,0,0,0,0,3113,detection,
3113913,17,12,800,800,0,0,0,0,0,0,16,0,0,0,3113,detection,
3113921,28,12,800,800,0,0,0,0,0,0,4,0,0,0,3113,detection,
3113927,5,12,800,800,0,0,0,0,0,0,10,0,0,0,3113,detection,
3113951,13,12,800,800,0,0,0,0,0,0,1,0,0,0,3113,detection,
3113960,4,12,800,800,0,0,0,0,0,0,3,0,0,0,3113,detection,
3113965,26,12,800,800,0,0,0,0,0,0,7,0,0,0,3113,detection,
3113986,20,12,800,800,0,0,0,0,0,0,0,0,0,0,3113,detection,
3113991,19,12,800,800,0,0,0,0,0,0,18,0,0,0,3113,detection,
3114991,19,4,1067,1067,0,0,0,0,0,0,20,0,0,0,3114,detection,
3116781,2,25,816,816,0,0,0,0,0,0,2,0,0,0,3116,detection,
3138056,12,17,794,794,0,0,0,0,0,0,0,0,0,0,3138,detection,
3140849,8,15,1118,1118,0,0,0,0,0,0,4,0,0,0,3140,detection,
3142909,17,12,796,796,0,0,0,0,0,0,16,0,0,0,3142,detection,
3145175,28,22,1335,1335,0,0,0,0,0,0,0,0,0,0,3145,detection,
3145178,15,22,1335,1335,0,0,0,0,0,0,0,0,0,0,3145,detection,
3145224,8,22,1335,1335,0,0,0,0,0,0,1,0,0,0,3145,detection,
3145227,10,22,1335,1335,0,0,0,0,0,0,9,0,0,0,3145,detection,
3146514,27,7,1046,1046,0,0,0,0,0,0,0,0,0,0,3146,detection,
3156066,21,14,1518,1518,0,0,0,0,0,0,1,0,0,0,3156,detection,
3164647,24,6,512,512,0,0,0,0,0,0,0,0,0,0,3164,detection,
3167861,20,24,512,512,0,0,0,0,0,0,1,0,0,0,3167,detection,
3168557,3,9,1114,1114,0,0,0,0,0,0,6,0,0,0,3168,detection,
3168564,21,9,1114,1114,0,0,0,0,0,0,10,0,0,0,3168,detection,
3168596,25,9,1114,1114,0,0,0,0,0,0,17,0,0,0,3168,detection,
3168655,2,9,1114,1114,0,0,0,0,0,0,5,0,0,0,3168,detection,
3168660,17,9,1114,1114,0,0,0,0,0,0,17,0,0,0,3168,detection,
3178712,4,10,1065,1065,0,0,0,0,0,0,10,0,0,0,3178,detection,
3180102,10,4,1065,1065,0,0,0,0,0,0,10,0,0,0,3180,detection,
3184800,28,22,1335,1335,0,0,0,0,0,0,0,0,0,0,3184,detection,
3186839,26,5,512,512,0,0,0,0,0,0,5,0,0,0,3186,detection,
3196163,17,26,512,512,0,0,0,0,0,0,18,0,0,0,3196,detection,
3201088,4,13,1058,1058,0,0,0,0,0,0,0,0,0,0,3201,detection,
3205245,19,20,768,768,0,0,0,0,0,0,19,0,0,0,3205,detection,
3219594,9,29,1388,848,540,0,100,100,12,0,3,0,82,75,3219,detection,
3232806,15,8,1310,1310,0,0,0,0,0,0,0,0,0,0,3232,detection,
3232837,4,8,1310,1310,0,0,0,0,0,0,0,0,0,0,3232,detection,
3232920,22,8,1310,1310,0,0,0,0,0,0,0,0,0,0,3232,detection,
3232923,28,8,1310,1310,0,0,0,0,0,0,0,0,0,0,3232,detection,
3235465,26,6,512,512,0,0,0,0,0,0,5,0,0,0,3235,detection,
3237961,4,28,1029,1029,0,0,0,0,0,0,0,0,0,0,3237,detection,
3238104,14,11,1599,1599,0,0,0,0,0,0,0,0,0,0,3238,detection,
3240609,11,14,1518,1518,0,0,0,0,0,0,1,0,0,0,3240,detection,
3240674,28,4,1065,1065,0,0,0,0,0,0,3,0,0,0,3240,detection,
3247469,9,2,1126,1126,0,0,0,0,0,0,0,0,0,0,3247,detection,
3247940,21,3,1097,1097,0,0,0,0,0,0,11,0,0,0,3247,detection,
3249551,5,31,1383,816,567,0,100,100,11,0,17,0,82,75,3249,detection,
3258110,11,21,1310,1310,0,0,0,0,0,0,5,0,0,0,3258,detection,
3259961,4,8,1310,1310,0,0,0,0,0,0,0,0,0,0,3259,detection,
3262353,8,22,1335,1335,0,0,0,0,0,0,1,0,0,0,3262,detection,
3270112,19,12,790,790,0,0,0,0,0,0,18,0,0,0,3270,detection,
3271267,16,23,768,768,0,0,0,0,0,0,6,0,0,0,3271,detection,
3275571,18,26,512,512,0,0,0,0,0,0,2,0,0,0,3275,detection,
3279562,21,9,1122,1122,0,0,0,0,0,0,10,0,0,0,3279,detection,
3281174,22,15,1112,1112,0,0,0,0,0,0,3,0,0,0,3281,detection,
3286306,12,5,512,512,0,0,0,0,0,0,0,0,0,0,3286,detection,
3295686,12,6,512,512,0,0,0,0,0,0,0,0,0,0,3295,detection,
3308259,6,30,1754,795,959,0,100,100,31,0,3,0,82,75,3308,detection,
3313138,27,16,1161,1161,0,0,0,0,0,0,0,0,0,0,3313,detection,
3318512,16,7,1046,1046,0,0,0,0,0,0,0,0,0,0,3318,detection,
3318512,27,7,1046,1046,0,0,0,0,0,0,0,0,0,0,3318,detection,
3318594,23,7,1046,1046,0,0,0,0,0,0,2,0,0,0,3318,detection,
3318813,21,14,1552,1552,0,0,0,0,0,0,1,0,0,0,3318,detection,
3322297,22,28,1078,1078,0,0,0,0,0,0,1,0,0,0,3322,detection,
3322303,15,28,1078,1078,0,0,0,0,0,0,0,0,0,0,3322,detection,
3322304,12,28,1078,1078,0,0,0,0,0,0,0,0,0,0,3322,detection,
3322338,4,28,1078,1078,0,0,0,0,0,0,0,0,0,0,3322,detection,
3322347,10,28,1078,1078,0,0,0,0,0,0,4,0,0,0,3322,detection,
3322349,8,28,1078,1078,0,0,0,0,0,0,4,0,0,0,3322,detection,
3323605,14,11,1593,1593,0,0,0,0,0,0,0,0,0,0,3323,detection,
3340979,14,21,1304,1304,0,0,0,0,0,0,0,0,0,0,3340,detection,
3345261,27,25,798,798,0,0,0,0,0,0,0,0,0,0,3345,detection,
3345265,16,25,798,798,0,0,0,0,0,0,2,0,0,0,3345,detection,
3345279,2,25,798,798,0,0,0,0,0,0,2,0,0,0,3345,detection,
3345289,17,25,798,798,0,0,0,0,0,0,15,0,0,0,3345,detection,
3345302,5,25,798,798,0,0,0,0,0,0,11,0,0,0,3345,detection,
3345306,3,25,798,798,0,0,0,0,0,0,2,0,0,0,3345,detection,
3345322,18,25,798,798,0,0,0,0,0,0,0,0,0,0,3345,detection,
3345343,23,25,798,798,0,0,0,0,0,0,3,0,0,0,3345,detection,
3350428,15,28,1098,1098,0,0,0,0,0,0,0,0,0,0,3350,detection,
3356907,7,27,1126,1126,0,0,0,0,0,0,3,0,0,0,3356,detection,
3360921,28,12,787,787,0,0,0,0,0,0,4,0,0,0,3360,detection,
3369037,17,10,1065,1065,0,0,0,0,0,0,26,0,0,0,3369,detection,
3369047,22,10,1065,1065,0,0,0,0,0,0,16,0,0,0,3369,detection,
3369049,28,10,1065,1065,0,0,0,0,0,0,10,0,0,0,3369,detection,
3369057,15,10,1065,1065,0,0,0,0,0,0,6,0,0,0,3369,detection,
3369064,21,10,1065,1065,0,0,0,0,0,0,11,0,0,0,3369,detection,
3369087,4,10,1065,1065,0,0,0,0,0,0,10,0,0,0,3369,detection,
3369092,9,10,1065,1065,0,0,0,0,0,0,12,0,0,0,3369,detection,
3369123,19,10,1065,1065,0,0,0,0,0,0,31,0,0,0,3369,detection,
3376738,20,30,1774,794,980,0,100,100,21,0,2,0,82,55,3376,detection,
3376782,2,3,1130,1130,0,0,0,0,0,0,4,0,0,0,3376,detection,
3380235,11,14,1552,1552,0,0,0,0,0,0,1,0,0,0,3380,detection,
3383300,5,18,512,512,0,0,0,0,0,0,8,0,0,0,3383,detection,
3388047,28,8,1353,1353,0,0,0,0,0,0,0,0,0,0,3388,detection,
3388343,23,5,512,512,0,0,0,0,0,0,2,0,0,0,3388,detection,
3389736,20,26,512,512,0,0,0,0,0,0,2,0,0,0,3389,detection,
3389842,9,10,1084,1084,0,0,0,0,0,0,11,0,0,0,3389,detection,
3391139,16,7,1046,1046,0,0,0,0,0,0,0,0,0,0,3391,detection,
3394130,6,24,512,512,0,0,0,0,0,0,1,0,0,0,3394,detection,
3395029,7,16,1175,1175,0,0,0,0,0,0,2,0,0,0,3395,detection,
3396595,25,23,768,768,0,0,0,0,0,0,18,0,0,0,3396,detection,
3402849,25,17,791,791,0,0,0,0,0,0,13,0,0,0,3402,detection,
3407305,15,4,1063,1063,0,0,0,0,0,0,2,0,0,0,3407,detection,
3408900,24,6,512,512,0,0,0,0,0,0,0,0,0,0,3408,detection,
3419265,16,31,1403,816,587,0,100,100,18,0,4,0,82,75,3419,detection,
3422923,28,22,1329,1329,0,0,0,0,0,0,0,0,0,0,3422,detection,
3427161,17,25,831,831,0,0,0,0,0,0,15,0,0,0,3427,detection,
3438578,13,12,785,785,0,0,0,0,0,0,1,0,0,0,3438,detection,
3446907,2,27,1126,1126,0,0,0,0,0,0,6,0,0,0,3446,detection,
3449589,26,30,1794,794,1000,0,100,100,24,0,8,0,82,55,3449,detection,
3450806,12,20,768,768,0,0,0,0,0,0,1,0,0,0,3450,detection,
3451911,17,9,1112,1112,0,0,0,0,0,0,16,0,0,0,3451,detection,
3452848,10,15,1107,1107,0,0,0,0,0,0,5,0,0,0,3452,detection,
3466972,25,5,512,512,0,0,0,0,0,0,18,0,0,0,3466,detection,
3468700,13,28,1090,1090,0,0,0,0,0,0,0,0,0,0,3468,detection,
3477075,13,19,835,835,0,0,0,0,0,0,4,0,0,0,3477,detection,
3482360,20,24,512,512,0,0,0,0,0,0,1,0,0,0,3482,detection,
3482807,3,21,1335,1335,0,0,0,0,0,0,4,0,0,0,3482,detection,
3498617,19,4,1062,1062,0,0,0,0,0,0,20,0,0,0,3498,detection,
3499982,14,11,1587,1587,0,0,0,0,0,0,0,0,0,0,3499,detection,
3528603,8,22,1329,1329,0,0,0,0,0,0,1,0,0,0,3528,detection,
3528962,26,6,512,512,0,0,0,0,0,0,3,0,0,0,3528,detection,
3546844,9,3,1173,1173,0,0,0,0,0,0,4,0,0,0,3546,detection,
3547468,23,16,1175,1175,0,0,0,0,0,0,2,0,0,0,3547,detection,
3549660,17,12,785,785,0,0,0,0,0,0,16,0,0,0,3549,detection,
3552429,15,8,1345,1345,0,0,0,0,0,0,0,0,0,0,3552,detection,
3553889,27,7,1040,1040,0,0,0,0,0,0,0,0,0,0,3553,detection,
3554441,21,14,1542,1542,0,0,0,0,0,0,1,0,0,0,3554,detection,
3561286,17,10,1082,1082,0,0,0,0,0,0,25,0,0,0,3561,detection,
3564388,27,25,824,824,0,0,0,0,0,0,0,0,0,0,3564,detection,
3565297,22,15,1107,1107,0,0,0,0,0,0,3,0,0,0,3565,detection,
3587914,17,31,1423,802,621,0,100,100,21,0,16,0,82,75,3587,detection,
3589900,24,20,768,768,0,0,0,0,0,0,2,0,0,0,3589,detection,
3592480,14,11,1584,1584,0,0,0,0,0,0,0,0,0,0,3592,detection,
3595349,10,4,1061,1061,0,0,0,0,0,0,9,0,0,0,3595,detection,
3597299,5,17,791,791,0,0,0,0,0,0,7,0,0,0,3597,detection,
3597306,3,17,791,791,0,0,0,0,0,0,4,0,0,0,3597,detection,
3597336,26,17,791,791,0,0,0,0,0,0,6,0,0,0,3597,detection,
3597339,9,17,791,791,0,0,0,0,0,0,0,0,0,0,3597,detection,
3597346,25,17,791,791,0,0,0,0,0,0,13,0,0,0,3597,detection,
3597349,10,17,791,791,0,0,0,0,0,0,6,0,0,0,3597,detection,
3597366,19,17,791,791,0,0,0,0,0,0,17,0,0,0,3597,detection,
