sim_ms,mote_id,src,R,Rhat,e,v1,v2,v3,v4,v5,v6,v7,AC,ML,t,type,action
26739,1,11,768,768,0,0,0,0,0,0,0,0,0,0,26,detection,
26760,19,11,768,768,0,0,0,0,0,0,0,0,0,0,26,detection,
26764,10,11,768,768,0,0,0,0,0,0,0,0,0,0,26,detection,
26781,16,11,768,768,0,0,0,0,0,0,0,0,0,0,26,detection,
26824,25,11,768,768,0,0,0,0,0,0,0,0,0,0,26,detection,
26842,22,11,768,768,0,0,0,0,0,0,0,0,0,0,26,detection,
27452,1,31,512,512,0,0,0,0,0,0,0,0,0,0,27,detection,
27470,22,31,512,512,0,0,0,0,0,0,0,0,0,0,27,detection,
27554,20,31,512,512,0,0,0,0,0,0,0,0,0,0,27,detection,
27576,4,17,512,512,0,0,0,0,0,0,0,0,0,0,27,detection,
27609,9,17,512,512,0,0,0,0,0,0,0,0,0,0,27,detection,
27615,1,17,512,512,0,0,0,0,0,0,0,0,0,0,27,detection,
27619,13,17,512,512,0,0,0,0,0,0,0,0,0,0,27,detection,
27633,19,16,768,768,0,0,0,0,0,0,0,0,0,0,27,detection,
27642,10,16,768,768,0,0,0,0,0,0,0,0,0,0,27,detection,
27664,1,16,768,768,0,0,0,0,0,0,0,0,0,0,27,detection,
27745,13,18,768,768,0,0,0,0,0,0,0,0,0,0,27,detection,
27757,1,18,768,768,0,0,0,0,0,0,0,0,0,0,27,detection,
27779,8,18,768,768,0,0,0,0,0,0,0,0,0,0,27,detection,
27825,17,18,768,768,0,0,0,0,0,0,0,0,0,0,27,detection,
27826,4,18,768,768,0,0,0,0,0,0,0,0,0,0,27,detection,
27850,1,10,512,512,0,0,0,0,0,0,0,0,0,0,27,detection,
27884,19,10,512,512,0,0,0,0,0,0,0,0,0,0,27,detection,
27885,21,10,512,512,0,0,0,0,0,0,0,0,0,0,27,detection,
27898,1,22,512,512,0,0,0,0,0,0,0,0,0,0,27,detection,
27909,18,22,512,512,0,0,0,0,0,0,0,0,0,0,27,detection,
27953,17,22,512,512,0,0,0,0,0,0,0,0,0,0,27,detection,
27996,13,22,512,512,0,0,0,0,0,0,0,0,0,0,27,detection,
30189,23,13,1024,1024,0,0,0,0,0,0,0,0,0,0,30,detection,
30203,4,13,1024,1024,0,0,0,0,0,0,0,0,0,0,30,detection,
30204,17,13,1024,1024,0,0,0,0,0,0,0,0,0,0,30,detection,
30222,22,13,1024,1024,0,0,0,0,0,0,0,0,0,0,30,detection,
30258,1,28,1024,1024,0,0,0,0,0,0,0,0,0,0,30,detection,
30279,8,28,1024,1024,0,0,0,0,0,0,0,0,0,0,30,detection,
30283,18,28,1024,1024,0,0,0,0,0,0,0,0,0,0,30,detection,
30332,4,28,1024,1024,0,0,0,0,0,0,0,0,0,0,30,detection,
30332,17,28,1024,1024,0,0,0,0,0,0,0,0,0,0,30,detection,
30345,22,28,1024,1024,0,0,0,0,0,0,0,0,0,0,30,detection,
30370,13,28,1024,1024,0,0,0,0,0,0,0,0,0,0,30,detection,
30386,19,25,1024,1024,0,0,0,0,0,0,0,0,0,0,30,detection,
30388,21,25,1024,1024,0,0,0,0,0,0,0,0,0,0,30,detection,
30401,6,25,1024,1024,0,0,0,0,0,0,0,0,0,0,30,detection,
30451,11,25,1024,1024,0,0,0,0,0,0,0,0,0,0,30,detection,
30638,10,19,768,768,0,0,0,0,0,0,0,0,0,0,30,detection,
30639,21,19,768,768,0,0,0,0,0,0,0,0,0,0,30,detection,
30652,6,19,768,768,0,0,0,0,0,0,0,0,0,0,30,detection,
31132,3,20,1024,1024,0,0,0,0,0,0,0,0,0,0,31,detection,
31145,15,20,1024,1024,0,0,0,0,0,0,0,0,0,0,31,detection,
31154,8,20,1024,1024,0,0,0,0,0,0,0,0,0,0,31,detection,
31175,5,20,1024,1024,0,0,0,0,0,0,0,0,0,0,31,detection,
31183,12,20,1024,1024,0,0,0,0,0,0,0,0,0,0,31,detection,
31201,25,20,1024,1024,0,0,0,0,0,0,0,0,0,0,31,detection,
31202,17,9,768,768,0,0,0,0,0,0,0,0,0,0,31,detection,
31204,4,9,768,768,0,0,0,0,0,0,0,0,0,0,31,detection,
31363,9,4,768,768,0,0,0,0,0,0,0,0,0,0,31,detection,
31382,3,8,1024,1024,0,0,0,0,0,0,0,0,0,0,31,detection,
31394,15,8,1024,1024,0,0,0,0,0,0,0,0,0,0,31,detection,
31450,25,21,768,768,0,0,0,0,0,0,0,0,0,0,31,detection,
31454,17,4,768,768,0,0,0,0,0,0,0,0,0,0,31,detection,
31518,10,21,768,768,0,0,0,0,0,0,0,0,0,0,31,detection,
31522,15,27,1024,1024,0,0,0,0,0,0,0,0,0,0,31,detection,
31527,8,27,1024,1024,0,0,0,0,0,0,0,0,0,0,31,detection,
31536,18,27,1024,1024,0,0,0,0,0,0,0,0,0,0,31,detection,
31550,5,27,1024,1024,0,0,0,0,0,0,0,0,0,0,31,detection,
31556,20,27,1024,1024,0,0,0,0,0,0,0,0,0,0,31,detection,
31574,25,27,1024,1024,0,0,0,0,0,0,0,0,0,0,31,detection,
31582,4,26,1280,1280,0,0,0,0,0,0,0,0,0,0,31,detection,
31653,8,26,1280,1280,0,0,0,0,0,0,0,0,0,0,31,detection,
31660,18,26,1280,1280,0,0,0,0,0,0,0,0,0,0,31,detection,
32721,1,22,512,512,0,0,0,0,0,0,0,0,0,0,32,detection,
32745,13,22,512,512,0,0,0,0,0,0,0,0,0,0,32,detection,
32783,16,22,512,512,0,0,0,0,0,0,0,0,0,0,32,detection,
32784,18,22,512,512,0,0,0,0,0,0,0,0,0,0,32,detection,
32827,17,22,512,512,0,0,0,0,0,0,0,0,0,0,32,detection,
32831,11,22,512,512,0,0,0,0,0,0,0,0,0,0,32,detection,
33079,1,17,512,512,0,0,0,0,0,0,0,0,0,0,33,detection,
33110,9,17,512,512,0,0,0,0,0,0,1,0,0,0,33,detection,
33120,13,17,512,512,0,0,0,0,0,0,1,0,0,0,33,detection,
33288,1,31,512,512,0,0,0,0,0,0,0,0,0,0,33,detection,
33327,25,31,512,512,0,0,0,0,0,0,0,0,0,0,33,detection,
33329,11,31,512,512,0,0,0,0,0,0,0,0,0,0,33,detection,
33385,1,11,512,512,0,0,0,0,0,0,4,0,0,0,33,detection,
33392,10,11,512,512,0,0,0,0,0,0,4,0,0,0,33,detection,
33407,16,11,512,512,0,0,0,0,0,0,6,0,0,0,33,detection,
33412,18,11,512,512,0,0,0,0,0,0,0,0,0,0,33,detection,
33448,25,11,512,512,0,0,0,0,0,0,6,0,0,0,33,detection,
33469,22,11,512,512,0,0,0,0,0,0,4,0,0,0,33,detection,
33747,13,23,1536,1536,0,0,0,0,0,0,0,0,0,0,33,detection,
33758,3,23,1536,1536,0,0,0,0,0,0,0,0,0,0,33,detection,
33768,14,23,1536,1536,0,0,0,0,0,0,0,0,0,0,33,detection,
33772,15,23,1536,1536,0,0,0,0,0,0,0,0,0,0,33,detection,
34015,21,6,1280,1280,0,0,0,0,0,0,0,0,0,0,34,detection,
34683,12,5,1536,1536,0,0,0,0,0,0,0,0,0,0,34,detection,
34723,7,5,1536,1536,0,0,0,0,0,0,0,0,0,0,34,detection,
34740,24,5,1536,1536,0,0,0,0,0,0,0,0,0,0,34,detection,
34757,3,5,1536,1536,0,0,0,0,0,0,0,0,0,0,34,detection,
34925,5,29,1280,1280,0,0,0,0,0,0,0,0,0,0,34,detection,
34941,23,3,1536,1536,0,0,0,0,0,0,0,0,0,0,34,detection,
35021,15,3,1536,1536,0,0,0,0,0,0,0,0,0,0,35,detection,
35031,8,3,1536,1536,0,0,0,0,0,0,0,0,0,0,35,detection,
35050,5,3,1536,1536,0,0,0,0,0,0,0,0,0,0,35,detection,
35057,12,3,1536,1536,0,0,0,0,0,0,0,0,0,0,35,detection,
35058,20,3,1536,1536,0,0,0,0,0,0,0,0,0,0,35,detection,
35143,14,15,1536,1536,0,0,0,0,0,0,0,0,0,0,35,detection,
35159,8,15,1536,1536,0,0,0,0,0,0,0,0,0,0,35,detection,
35190,23,15,1536,1536,0,0,0,0,0,0,0,0,0,0,35,detection,
35251,13,30,1792,1792,0,0,0,0,0,0,0,0,0,0,35,detection,
35270,14,30,1792,1792,0,0,0,0,0,0,0,0,0,0,35,detection,
35283,8,30,1792,1792,0,0,0,0,0,0,0,0,0,0,35,detection,
35318,23,30,1792,1792,0,0,0,0,0,0,0,0,0,0,35,detection,
35579,25,19,768,768,0,0,0,0,0,0,0,0,0,0,35,detection,
35640,21,19,768,768,0,0,0,0,0,0,0,0,0,0,35,detection,
35640,10,19,768,768,0,0,0,0,0,0,0,0,0,0,35,detection,
35651,6,19,768,768,0,0,0,0,0,0,0,0,0,0,35,detection,
35789,1,10,512,512,0,0,0,0,0,0,0,0,0,0,35,detection,
35832,11,10,512,512,0,0,0,0,0,0,0,0,0,0,35,detection,
36092,1,18,949,949,0,0,0,0,0,0,0,0,0,0,36,detection,
36096,22,18,949,949,0,0,0,0,0,0,0,0,0,0,36,detection,
36120,13,18,949,949,0,0,0,0,0,0,0,0,0,0,36,detection,
36155,8,18,949,949,0,0,0,0,0,0,2,0,0,0,36,detection,
36201,17,18,949,949,0,0,0,0,0,0,0,0,0,0,36,detection,
36206,4,18,949,949,0,0,0,0,0,0,0,0,0,0,36,detection,
36397,15,27,1024,1024,0,0,0,0,0,0,0,0,0,0,36,detection,
36426,5,27,1024,1024,0,0,0,0,0,0,0,0,0,0,36,detection,
36430,20,27,1024,1024,0,0,0,0,0,0,0,0,0,0,36,detection,
36442,23,27,1024,1024,0,0,0,0,0,0,0,0,0,0,36,detection,
36449,25,27,1024,1024,0,0,0,0,0,0,0,0,0,0,36,detection,
36629,3,20,975,975,0,0,0,0,0,0,1,0,0,0,36,detection,
36647,15,20,975,975,0,0,0,0,0,0,1,0,0,0,36,detection,
36651,6,20,975,975,0,0,0,0,0,0,0,0,0,0,36,detection,
36676,5,20,975,975,0,0,0,0,0,0,1,0,0,0,36,detection,
36680,12,20,975,975,0,0,0,0,0,0,1,0,0,0,36,detection,
36700,25,20,975,975,0,0,0,0,0,0,0,0,0,0,36,detection,
36971,1,16,768,768,0,0,0,0,0,0,8,0,0,0,36,detection,
37015,10,16,768,768,0,0,0,0,0,0,8,0,0,0,37,detection,
37137,19,21,768,768,0,0,0,0,0,0,0,0,0,0,37,detection,
37143,10,21,768,768,0,0,0,0,0,0,0,0,0,0,37,detection,
37153,6,21,768,768,0,0,0,0,0,0,0,0,0,0,37,detection,
38136,19,25,790,790,0,0,0,0,0,0,0,0,0,0,38,detection,
38139,21,25,790,790,0,0,0,0,0,0,0,0,0,0,38,detection,
38152,6,25,790,790,0,0,0,0,0,0,1,0,0,0,38,detection,
38184,20,25,790,790,0,0,0,0,0,0,0,0,0,0,38,detection,
38273,15,7,1792,1792,0,0,0,0,0,0,0,0,0,0,38,detection,
38552,5,24,1792,1792,0,0,0,0,0,0,0,0,0,0,38,detection,
38560,12,24,1792,1792,0,0,0,0,0,0,0,0,0,0,38,detection,
38602,7,24,1792,1792,0,0,0,0,0,0,0,0,0,0,38,detection,
39236,9,4,768,768,0,0,0,0,0,0,0,0,0,0,39,detection,
39328,17,4,768,768,0,0,0,0,0,0,0,0,0,0,39,detection,
39380,3,23,1536,1536,0,0,0,0,0,0,0,0,0,0,39,detection,
39393,14,23,1536,1536,0,0,0,0,0,0,1,0,0,0,39,detection,
39394,15,23,1536,1536,0,0,0,0,0,0,0,0,0,0,39,detection,
39515,21,6,1024,1024,0,0,0,0,0,0,4,0,0,0,39,detection,
39858,1,28,768,768,0,0,0,0,0,0,4,0,0,0,39,detection,
39952,4,28,768,768,0,0,0,0,0,0,4,0,0,0,39,detection,
39975,7,15,1231,1231,0,0,0,0,0,0,0,0,0,0,39,detection,
40038,18,26,1230,1230,0,0,0,0,0,0,3,0,0,0,40,detection,
40066,23,26,1230,1230,0,0,0,0,0,0,0,0,0,0,40,detection,
40329,4,13,768,768,0,0,0,0,0,0,4,0,0,0,40,detection,
40338,17,13,768,768,0,0,0,0,0,0,4,0,0,0,40,detection,
40379,3,5,1487,1487,0,0,0,0,0,0,0,0,0,0,40,detection,
40399,15,5,1487,1487,0,0,0,0,0,0,0,0,0,0,40,detection,
40431,20,5,1487,1487,0,0,0,0,0,0,0,0,0,0,40,detection,
40524,15,8,1205,1205,0,0,0,0,0,0,0,0,0,0,40,detection,
40537,18,8,1205,1205,0,0,0,0,0,0,0,0,0,0,40,detection,
40571,23,8,1205,1205,0,0,0,0,0,0,0,0,0,0,40,detection,
40599,22,8,1205,1205,0,0,0,0,0,0,0,0,0,0,40,detection,
40892,14,30,1536,1536,0,0,0,0,0,0,4,0,0,0,40,detection,
40896,2,30,1536,1536,0,0,0,0,0,0,0,0,0,0,40,detection,
40997,13,30,1536,1536,0,0,0,0,0,0,4,0,0,0,40,detection,
43053,5,12,1743,1743,0,0,0,0,0,0,0,0,0,0,43,detection,
43055,20,12,1743,1743,0,0,0,0,0,0,0,0,0,0,43,detection,
43203,25,29,1046,1046,0,0,0,0,0,0,0,0,0,0,43,detection,
43283,8,3,1231,1231,0,0,0,0,0,0,4,0,0,0,43,detection,
43316,23,3,1231,1231,0,0,0,0,0,0,4,0,0,0,43,detection,
43349,7,3,1231,1231,0,0,0,0,0,0,0,0,0,0,43,detection,
43481,1,16,768,768,0,0,0,0,0,0,9,0,0,0,43,detection,
43509,19,16,768,768,0,0,0,0,0,0,8,0,0,0,43,detection,
43517,10,16,768,768,0,0,0,0,0,0,9,0,0,0,43,detection,
43580,11,16,768,768,0,0,0,0,0,0,0,0,0,0,43,detection,
44519,14,2,1792,1792,0,0,0,0,0,0,0,0,0,0,44,detection,
45596,1,10,537,537,0,0,0,0,0,0,0,0,0,0,45,detection,
45636,21,10,537,537,0,0,0,0,0,0,1,0,0,0,45,detection,
45637,19,10,537,537,0,0,0,0,0,0,0,0,0,0,45,detection,
45659,16,10,537,537,0,0,0,0,0,0,0,0,0,0,45,detection,
45702,4,17,512,512,0,0,0,0,0,0,1,0,0,0,45,detection,
45725,1,17,512,512,0,0,0,0,0,0,0,0,0,0,45,detection,
45739,9,17,512,512,0,0,0,0,0,0,1,0,0,0,45,detection,
45745,13,17,512,512,0,0,0,0,0,0,1,0,0,0,45,detection,
45896,2,14,2048,2048,0,0,0,0,0,0,0,0,0,0,45,detection,
45898,15,14,2048,2048,0,0,0,0,0,0,0,0,0,0,45,detection,
45945,23,14,2048,2048,0,0,0,0,0,0,0,0,0,0,45,detection,
46006,3,7,1792,1792,0,0,0,0,0,0,0,0,0,0,46,detection,
46023,15,7,1792,1792,0,0,0,0,0,0,0,0,0,0,46,detection,
46052,5,7,1792,1792,0,0,0,0,0,0,0,0,0,0,46,detection,
46061,12,7,1792,1792,0,0,0,0,0,0,0,0,0,0,46,detection,
46933,12,24,1792,1792,0,0,0,0,0,0,0,0,0,0,46,detection,
46975,7,24,1792,1792,0,0,0,0,0,0,0,0,0,0,46,detection,
48381,1,18,719,719,0,0,0,0,0,0,1,0,0,0,48,detection,
48405,8,18,719,719,0,0,0,0,0,0,2,0,0,0,48,detection,
48451,17,18,719,719,0,0,0,0,0,0,1,0,0,0,48,detection,
48495,13,18,719,719,0,0,0,0,0,0,1,0,0,0,48,detection,
48511,19,25,813,813,0,0,0,0,0,0,0,0,0,0,48,detection,
48514,21,25,813,813,0,0,0,0,0,0,0,0,0,0,48,detection,
48527,6,25,813,813,0,0,0,0,0,0,1,0,0,0,48,detection,
48558,20,25,813,813,0,0,0,0,0,0,0,0,0,0,48,detection,
49328,4,9,768,768,0,0,0,0,0,0,0,0,0,0,49,detection,
49332,17,9,768,768,0,0,0,0,0,0,0,0,0,0,49,detection,
49513,21,19,818,818,0,0,0,0,0,0,0,0,0,0,49,detection,
49518,10,19,818,818,0,0,0,0,0,0,0,0,0,0,49,detection,
49526,6,19,818,818,0,0,0,0,0,0,0,0,0,0,49,detection,
49533,16,19,818,818,0,0,0,0,0,0,0,0,0,0,49,detection,
49576,25,19,818,818,0,0,0,0,0,0,0,0,0,0,49,detection,
49581,11,19,818,818,0,0,0,0,0,0,0,0,0,0,49,detection,
49828,25,21,793,793,0,0,0,0,0,0,0,0,0,0,49,detection,
49829,17,4,768,768,0,0,0,0,0,0,0,0,0,0,49,detection,
49861,9,4,768,768,0,0,0,0,0,0,0,0,0,0,49,detection,
49874,13,4,768,768,0,0,0,0,0,0,0,0,0,0,49,detection,
49886,19,21,793,793,0,0,0,0,0,0,0,0,0,0,49,detection,
49902,6,21,793,793,0,0,0,0,0,0,0,0,0,0,49,detection,
49913,18,4,768,768,0,0,0,0,0,0,0,0,0,0,49,detection,
51642,1,11,512,512,0,0,0,0,0,0,5,0,0,0,51,detection,
51658,16,11,512,512,0,0,0,0,0,0,6,0,0,0,51,detection,
51702,25,11,512,512,0,0,0,0,0,0,6,0,0,0,51,detection,
51718,22,11,512,512,0,0,0,0,0,0,5,0,0,0,51,detection,
51761,19,11,512,512,0,0,0,0,0,0,6,0,0,0,51,detection,
51765,10,11,512,512,0,0,0,0,0,0,5,0,0,0,51,detection,
51980,1,22,537,537,0,0,0,0,0,0,0,0,0,0,51,detection,
51996,13,22,537,537,0,0,0,0,0,0,0,0,0,0,51,detection,
52033,16,22,537,537,0,0,0,0,0,0,1,0,0,0,52,detection,
52034,18,22,537,537,0,0,0,0,0,0,0,0,0,0,52,detection,
52077,17,22,537,537,0,0,0,0,0,0,0,0,0,0,52,detection,
52082,11,22,537,537,0,0,0,0,0,0,0,0,0,0,52,detection,
52205,1,31,512,512,0,0,0,0,0,0,0,0,0,0,52,detection,
52221,22,31,512,512,0,0,0,0,0,0,0,0,0,0,52,detection,
52332,4,26,1013,1013,0,0,0,0,0,0,3,0,0,0,52,detection,
52569,23,14,1792,1792,0,0,0,0,0,0,4,0,0,0,52,detection,
52646,2,14,1792,1792,0,0,0,0,0,0,4,0,0,0,52,detection,
52773,15,3,1231,1231,0,0,0,0,0,0,4,0,0,0,52,detection,
52781,8,3,1231,1231,0,0,0,0,0,0,5,0,0,0,52,detection,
52802,5,3,1231,1231,0,0,0,0,0,0,4,0,0,0,52,detection,
52809,12,3,1231,1231,0,0,0,0,0,0,4,0,0,0,52,detection,
52819,23,3,1231,1231,0,0,0,0,0,0,5,0,0,0,52,detection,
52847,7,3,1231,1231,0,0,0,0,0,0,0,0,0,0,52,detection,
53068,23,13,787,787,0,0,0,0,0,0,5,0,0,0,53,detection,
53080,4,13,787,787,0,0,0,0,0,0,4,0,0,0,53,detection,
53274,15,27,1024,1024,0,0,0,0,0,0,0,0,0,0,53,detection,
53293,18,27,1024,1024,0,0,0,0,0,0,0,0,0,0,53,detection,
53303,5,27,1024,1024,0,0,0,0,0,0,0,0,0,0,53,detection,
53307,20,27,1024,1024,0,0,0,0,0,0,0,0,0,0,53,detection,
53317,23,27,1024,1024,0,0,0,0,0,0,0,0,0,0,53,detection,
53325,25,27,1024,1024,0,0,0,0,0,0,0,0,0,0,53,detection,
53382,1,28,1023,1023,0,0,0,0,0,0,3,0,0,0,53,detection,
53453,17,28,1023,1023,0,0,0,0,0,0,0,0,0,0,53,detection,
53457,4,28,1023,1023,0,0,0,0,0,0,3,0,0,0,53,detection,
53623,13,8,975,975,0,0,0,0,0,0,0,0,0,0,53,detection,
53646,15,8,975,975,0,0,0,0,0,0,0,0,0,0,53,detection,
53663,18,8,975,975,0,0,0,0,0,0,0,0,0,0,53,detection,
53683,20,8,975,975,0,0,0,0,0,0,0,0,0,0,53,detection,
53723,22,8,975,975,0,0,0,0,0,0,0,0,0,0,53,detection,
54647,15,20,950,950,0,0,0,0,0,0,1,0,0,0,54,detection,
54650,6,20,950,950,0,0,0,0,0,0,0,0,0,0,54,detection,
54653,8,20,950,950,0,0,0,0,0,0,0,0,0,0,54,detection,
54677,5,20,950,950,0,0,0,0,0,0,1,0,0,0,54,detection,
54680,12,20,950,950,0,0,0,0,0,0,1,0,0,0,54,detection,
54699,25,20,950,950,0,0,0,0,0,0,0,0,0,0,54,detection,
55900,15,23,1324,1324,0,0,0,0,0,0,0,0,0,0,55,detection,
55935,12,29,1094,1094,0,0,0,0,0,0,0,0,0,0,55,detection,
55952,25,29,1094,1094,0,0,0,0,0,0,0,0,0,0,55,detection,
55999,13,23,1324,1324,0,0,0,0,0,0,0,0,0,0,55,detection,
56017,14,23,1324,1324,0,0,0,0,0,0,2,0,0,0,56,detection,
56030,6,29,1094,1094,0,0,0,0,0,0,0,0,0,0,56,detection,
56054,5,29,1094,1094,0,0,0,0,0,0,0,0,0,0,56,detection,
56349,7,24,1792,1792,0,0,0,0,0,0,0,0,0,0,56,detection,
56429,5,24,1792,1792,0,0,0,0,0,0,0,0,0,0,56,detection,
56432,12,24,1792,1792,0,0,0,0,0,0,0,0,0,0,56,detection,
56851,7,15,1231,1231,0,0,0,0,0,0,0,0,0,0,56,detection,
56884,3,15,1231,1231,0,0,0,0,0,0,0,0,0,0,56,detection,
56894,14,15,1231,1231,0,0,0,0,0,0,4,0,0,0,56,detection,
56912,8,15,1231,1231,0,0,0,0,0,0,3,0,0,0,56,detection,
56935,20,15,1231,1231,0,0,0,0,0,0,0,0,0,0,56,detection,
56943,23,15,1231,1231,0,0,0,0,0,0,3,0,0,0,56,detection,
58255,3,5,1436,1436,0,0,0,0,0,0,0,0,0,0,58,detection,
58274,15,5,1436,1436,0,0,0,0,0,0,0,0,0,0,58,detection,
58306,12,5,1436,1436,0,0,0,0,0,0,0,0,0,0,58,detection,
58308,20,5,1436,1436,0,0,0,0,0,0,0,0,0,0,58,detection,
58429,5,12,1666,1666,0,0,0,0,0,0,0,0,0,0,58,detection,
58494,24,12,1666,1666,0,0,0,0,0,0,0,0,0,0,58,detection,
58760,19,6,1099,1099,0,0,0,0,0,0,0,0,0,0,58,detection,
58764,21,6,1099,1099,0,0,0,0,0,0,4,0,0,0,58,detection,
59750,13,30,1288,1288,0,0,0,0,0,0,4,0,0,0,59,detection,
59769,14,30,1288,1288,0,0,0,0,0,0,6,0,0,0,59,detection,
59771,2,30,1288,1288,0,0,0,0,0,0,1,0,0,0,59,detection,
59864,1,16,793,793,0,0,0,0,0,0,8,0,0,0,59,detection,
59891,10,16,793,793,0,0,0,0,0,0,8,0,0,0,59,detection,
62117,24,7,1792,1792,0,0,0,0,0,0,0,0,0,0,62,detection,
62131,3,7,1792,1792,0,0,0,0,0,0,0,0,0,0,62,detection,
62149,15,7,1792,1792,0,0,0,0,0,0,0,0,0,0,62,detection,
62179,5,7,1792,1792,0,0,0,0,0,0,0,0,0,0,62,detection,
62182,12,7,1792,1792,0,0,0,0,0,0,0,0,0,0,62,detection,
68267,14,2,1544,1544,0,0,0,0,0,0,0,0,0,0,68,detection,
69020,2,14,1544,1544,0,0,0,0,0,0,5,0,0,0,69,detection,
69024,15,14,1544,1544,0,0,0,0,0,0,4,0,0,0,69,detection,
69067,23,14,1544,1544,0,0,0,0,0,0,5,0,0,0,69,detection,
73557,1,17,512,512,0,0,0,0,0,0,0,0,0,0,73,detection,
73581,4,17,512,512,0,0,0,0,0,0,1,0,0,0,73,detection,
73613,9,17,512,512,0,0,0,0,0,0,1,0,0,0,73,detection,
73630,3,20,899,899,0,0,0,0,0,0,1,0,0,0,73,detection,
73648,15,20,899,899,0,0,0,0,0,0,1,0,0,0,73,detection,
73651,6,20,899,899,0,0,0,0,0,0,0,0,0,0,73,detection,
73677,5,20,899,899,0,0,0,0,0,0,1,0,0,0,73,detection,
73681,12,20,899,899,0,0,0,0,0,0,1,0,0,0,73,detection,
73699,25,20,899,899,0,0,0,0,0,0,0,0,0,0,73,detection,
76617,24,5,1438,1438,0,0,0,0,0,0,1,0,0,0,76,detection,
76632,3,5,1438,1438,0,0,0,0,0,0,0,0,0,0,76,detection,
76646,15,5,1438,1438,0,0,0,0,0,0,0,0,0,0,76,detection,
76683,12,5,1438,1438,0,0,0,0,0,0,0,0,0,0,76,detection,
76725,7,5,1438,1438,0,0,0,0,0,0,1,0,0,0,76,detection,
76769,1,22,531,531,0,0,0,0,0,0,0,0,0,0,76,detection,
76783,16,22,531,531,0,0,0,0,0,0,1,0,0,0,76,detection,
76784,18,22,531,531,0,0,0,0,0,0,0,0,0,0,76,detection,
76827,17,22,531,531,0,0,0,0,0,0,0,0,0,0,76,detection,
76831,11,22,531,531,0,0,0,0,0,0,0,0,0,0,76,detection,
76871,13,22,531,531,0,0,0,0,0,0,0,0,0,0,76,detection,
77031,1,11,512,512,0,0,0,0,0,0,4,0,0,0,77,detection,
77033,16,11,512,512,0,0,0,0,0,0,6,0,0,0,77,detection,
77036,18,11,512,512,0,0,0,0,0,0,0,0,0,0,77,detection,
77073,25,11,512,512,0,0,0,0,0,0,6,0,0,0,77,detection,
77094,22,11,512,512,0,0,0,0,0,0,4,0,0,0,77,detection,
77140,10,11,512,512,0,0,0,0,0,0,4,0,0,0,77,detection,
79424,1,10,548,548,0,0,0,0,0,0,0,0,0,0,79,detection,
79541,18,31,512,512,0,0,0,0,0,0,0,0,0,0,79,detection,
79555,1,31,512,512,0,0,0,0,0,0,0,0,0,0,79,detection,
79625,13,23,1295,1295,0,0,0,0,0,0,0,0,0,0,79,detection,
79632,3,23,1295,1295,0,0,0,0,0,0,0,0,0,0,79,detection,
79643,14,23,1295,1295,0,0,0,0,0,0,2,0,0,0,79,detection,
79650,15,23,1295,1295,0,0,0,0,0,0,0,0,0,0,79,detection,
80431,5,15,1246,1246,0,0,0,0,0,0,0,0,0,0,80,detection,
80433,20,15,1246,1246,0,0,0,0,0,0,0,0,0,0,80,detection,
80441,23,15,1246,1246,0,0,0,0,0,0,2,0,0,0,80,detection,
80520,14,15,1246,1246,0,0,0,0,0,0,3,0,0,0,80,detection,
80559,20,12,1599,1599,0,0,0,0,0,0,0,0,0,0,80,detection,
80827,17,13,785,785,0,0,0,0,0,0,4,0,0,0,80,detection,
80845,22,13,785,785,0,0,0,0,0,0,4,0,0,0,80,detection,
80968,1,28,994,994,0,0,0,0,0,0,2,0,0,0,80,detection,
81077,17,28,994,994,0,0,0,0,0,0,0,0,0,0,81,detection,
81081,4,28,994,994,0,0,0,0,0,0,2,0,0,0,81,detection,
81830,11,25,849,849,0,0,0,0,0,0,0,0,0,0,81,detection,
81886,19,25,849,849,0,0,0,0,0,0,0,0,0,0,81,detection,
81902,6,25,849,849,0,0,0,0,0,0,1,0,0,0,81,detection,
81934,20,25,849,849,0,0,0,0,0,0,0,0,0,0,81,detection,
82261,21,19,836,836,0,0,0,0,0,0,0,0,0,0,82,detection,
82266,10,19,836,836,0,0,0,0,0,0,0,0,0,0,82,detection,
82279,6,19,836,836,0,0,0,0,0,0,0,0,0,0,82,detection,
82283,16,19,836,836,0,0,0,0,0,0,0,0,0,0,82,detection,
82324,25,19,836,836,0,0,0,0,0,0,0,0,0,0,82,detection,
82624,13,8,975,975,0,0,0,0,0,0,0,0,0,0,82,detection,
82630,3,8,975,975,0,0,0,0,0,0,0,0,0,0,82,detection,
82648,15,8,975,975,0,0,0,0,0,0,0,0,0,0,82,detection,
82662,18,8,975,975,0,0,0,0,0,0,0,0,0,0,82,detection,
82684,20,8,975,975,0,0,0,0,0,0,0,0,0,0,82,detection,
82693,23,8,975,975,0,0,0,0,0,0,0,0,0,0,82,detection,
82781,8,27,1024,1024,0,0,0,0,0,0,1,0,0,0,82,detection,
82789,18,27,1024,1024,0,0,0,0,0,0,0,0,0,0,82,detection,
82802,5,27,1024,1024,0,0,0,0,0,0,0,0,0,0,82,detection,
82805,20,27,1024,1024,0,0,0,0,0,0,0,0,0,0,82,detection,
82815,23,27,1024,1024,0,0,0,0,0,0,0,0,0,0,82,detection,
82885,3,27,1024,1024,0,0,0,0,0,0,0,0,0,0,82,detection,
82912,8,26,999,999,0,0,0,0,0,0,5,0,0,0,82,detection,
82913,18,26,999,999,0,0,0,0,0,0,4,0,0,0,82,detection,
82943,23,26,999,999,0,0,0,0,0,0,0,0,0,0,82,detection,
82954,4,26,999,999,0,0,0,0,0,0,3,0,0,0,82,detection,
83022,15,7,1694,1694,0,0,0,0,0,0,0,0,0,0,83,detection,
83052,5,7,1694,1694,0,0,0,0,0,0,0,0,0,0,83,detection,
83059,12,7,1694,1694,0,0,0,0,0,0,0,0,0,0,83,detection,
83078,4,9,768,768,0,0,0,0,0,0,0,0,0,0,83,detection,
83079,17,9,768,768,0,0,0,0,0,0,0,0,0,0,83,detection,
83117,24,7,1694,1694,0,0,0,0,0,0,0,0,0,0,83,detection,
83141,3,7,1694,1694,0,0,0,0,0,0,0,0,0,0,83,detection,
83342,1,18,633,633,0,0,0,0,0,0,2,0,0,0,83,detection,
83346,22,18,633,633,0,0,0,0,0,0,3,0,0,0,83,detection,
83371,13,18,633,633,0,0,0,0,0,0,2,0,0,0,83,detection,
83405,8,18,633,633,0,0,0,0,0,0,5,0,0,0,83,detection,
83451,17,18,633,633,0,0,0,0,0,0,2,0,0,0,83,detection,
83456,4,18,633,633,0,0,0,0,0,0,2,0,0,0,83,detection,
85278,6,29,1130,1130,0,0,0,0,0,0,0,0,0,0,85,detection,
85308,12,29,1130,1130,0,0,0,0,0,0,0,0,0,0,85,detection,
85326,25,29,1130,1130,0,0,0,0,0,0,0,0,0,0,85,detection,
86341,1,16,787,787,0,0,0,0,0,0,8,0,0,0,86,detection,
87136,19,21,793,793,0,0,0,0,0,0,0,0,0,0,87,detection,
87152,6,21,793,793,0,0,0,0,0,0,0,0,0,0,87,detection,
87200,25,21,793,793,0,0,0,0,0,0,0,0,0,0,87,detection,
87268,14,30,1284,1284,0,0,0,0,0,0,5,0,0,0,87,detection,
87271,2,30,1284,1284,0,0,0,0,0,0,1,0,0,0,87,detection,
87284,8,30,1284,1284,0,0,0,0,0,0,5,0,0,0,87,detection,
87317,23,30,1284,1284,0,0,0,0,0,0,4,0,0,0,87,detection,
87373,13,30,1284,1284,0,0,0,0,0,0,4,0,0,0,87,detection,
88056,20,31,512,512,0,0,0,0,0,0,1,0,0,0,88,detection,
88328,17,4,790,790,0,0,0,0,0,0,0,0,0,0,88,detection,
88364,9,4,790,790,0,0,0,0,0,0,0,0,0,0,88,detection,
88372,13,4,790,790,0,0,0,0,0,0,0,0,0,0,88,detection,
89224,22,17,512,512,0,0,0,0,0,0,0,0,0,0,89,detection,
89704,25,6,1114,1114,0,0,0,0,0,0,0,0,0,0,89,detection,
89760,19,6,1114,1114,0,0,0,0,0,0,0,0,0,0,89,detection,
89763,21,6,1114,1114,0,0,0,0,0,0,4,0,0,0,89,detection,
91655,8,3,1155,1155,0,0,0,0,0,0,6,0,0,0,91,detection,
91683,12,3,1155,1155,0,0,0,0,0,0,5,0,0,0,91,detection,
91685,20,3,1155,1155,0,0,0,0,0,0,4,0,0,0,91,detection,
91704,4,9,768,768,0,0,0,0,0,0,0,0,0,0,91,detection,
91725,7,3,1155,1155,0,0,0,0,0,0,0,0,0,0,91,detection,
95428,5,24,1719,1719,0,0,0,0,0,0,0,0,0,0,95,detection,
95435,12,24,1719,1719,0,0,0,0,0,0,0,0,0,0,95,detection,
95445,23,14,1540,1540,0,0,0,0,0,0,4,0,0,0,95,detection,
95477,7,24,1719,1719,0,0,0,0,0,0,0,0,0,0,95,detection,
95522,2,14,1540,1540,0,0,0,0,0,0,4,0,0,0,95,detection,
101080,11,22,527,527,0,0,0,0,0,0,0,0,0,0,101,detection,
101767,14,2,1540,1540,0,0,0,0,0,0,0,0,0,0,101,detection,
103908,16,19,831,831,0,0,0,0,0,0,0,0,0,0,103,detection,
112493,24,12,1386,1386,0,0,0,0,0,0,13,0,0,0,112,detection,
118554,5,12,1386,1386,0,0,0,0,0,0,10,0,0,0,118,detection,
118558,20,12,1386,1386,0,0,0,0,0,0,10,0,0,0,118,detection,
118605,7,12,1386,1386,0,0,0,0,0,0,0,0,0,0,118,detection,
118619,24,12,1386,1386,0,0,0,0,0,0,16,0,0,0,118,detection,
118637,3,12,1386,1386,0,0,0,0,0,0,0,0,0,0,118,detection,
122577,17,13,783,783,0,0,0,0,0,0,4,0,0,0,122,detection,
122595,22,13,783,783,0,0,0,0,0,0,4,0,0,0,122,detection,
126103,7,15,1236,1236,0,0,0,0,0,0,0,0,0,0,126,detection,
126134,3,15,1236,1236,0,0,0,0,0,0,0,0,0,0,126,detection,
126145,14,15,1236,1236,0,0,0,0,0,0,3,0,0,0,126,detection,
126156,8,15,1236,1236,0,0,0,0,0,0,6,0,0,0,126,detection,
126178,5,15,1236,1236,0,0,0,0,0,0,0,0,0,0,126,detection,
126181,20,15,1236,1236,0,0,0,0,0,0,0,0,0,0,126,detection,
127351,7,5,1360,1360,0,0,0,0,0,0,1,0,0,0,127,detection,
127367,24,5,1360,1360,0,0,0,0,0,0,1,0,0,0,127,detection,
127383,3,5,1360,1360,0,0,0,0,0,0,0,0,0,0,127,detection,
127400,15,5,1360,1360,0,0,0,0,0,0,0,0,0,0,127,detection,
127433,12,5,1360,1360,0,0,0,0,0,0,1,0,0,0,127,detection,
127434,20,5,1360,1360,0,0,0,0,0,0,0,0,0,0,127,detection,
130507,1,28,973,973,0,0,0,0,0,0,1,0,0,0,130,detection,
130535,8,28,973,973,0,0,0,0,0,0,5,0,0,0,130,detection,
130535,18,28,973,973,0,0,0,0,0,0,0,0,0,0,130,detection,
130577,17,28,973,973,0,0,0,0,0,0,0,0,0,0,130,detection,
130582,4,28,973,973,0,0,0,0,0,0,1,0,0,0,130,detection,
130595,22,28,973,973,0,0,0,0,0,0,0,0,0,0,130,detection,
130621,13,28,973,973,0,0,0,0,0,0,0,0,0,0,130,detection,
132631,1,18,582,582,0,0,0,0,0,0,3,0,0,0,132,detection,
132656,8,18,582,582,0,0,0,0,0,0,9,0,0,0,132,detection,
132702,17,18,582,582,0,0,0,0,0,0,3,0,0,0,132,detection,
132709,11,18,582,582,0,0,0,0,0,0,0,0,0,0,132,detection,
132720,22,18,582,582,0,0,0,0,0,0,5,0,0,0,132,detection,
132746,13,18,582,582,0,0,0,0,0,0,3,0,0,0,132,detection,
133370,24,7,1616,1616,0,0,0,0,0,0,0,0,0,0,133,detection,
133385,3,7,1616,1616,0,0,0,0,0,0,0,0,0,0,133,detection,
133398,15,7,1616,1616,0,0,0,0,0,0,0,0,0,0,133,detection,
133428,5,7,1616,1616,0,0,0,0,0,0,0,0,0,0,133,detection,
133436,12,7,1616,1616,0,0,0,0,0,0,1,0,0,0,133,detection,
135030,1,28,838,838,0,0,0,0,0,0,6,0,0,0,135,detection,
135037,18,28,838,838,0,0,0,0,0,0,6,0,0,0,135,detection,
135079,4,28,838,838,0,0,0,0,0,0,6,0,0,0,135,detection,
135079,17,28,838,838,0,0,0,0,0,0,5,0,0,0,135,detection,
135097,22,28,838,838,0,0,0,0,0,0,6,0,0,0,135,detection,
135122,13,28,838,838,0,0,0,0,0,0,6,0,0,0,135,detection,
135260,3,12,1386,1386,0,0,0,0,0,0,0,0,0,0,135,detection,
135302,5,12,1386,1386,0,0,0,0,0,0,13,0,0,0,135,detection,
135306,20,12,1386,1386,0,0,0,0,0,0,13,0,0,0,135,detection,
135352,7,12,1386,1386,0,0,0,0,0,0,0,0,0,0,135,detection,
135367,24,12,1386,1386,0,0,0,0,0,0,16,0,0,0,135,detection,
135391,1,22,523,523,0,0,0,0,0,0,0,0,0,0,135,detection,
135410,16,22,523,523,0,0,0,0,0,0,1,0,0,0,135,detection,
135412,18,22,523,523,0,0,0,0,0,0,0,0,0,0,135,detection,
135454,17,22,523,523,0,0,0,0,0,0,0,0,0,0,135,detection,
135455,11,22,523,523,0,0,0,0,0,0,0,0,0,0,135,detection,
135503,13,22,523,523,0,0,0,0,0,0,0,0,0,0,135,detection,
136178,5,20,834,834,0,0,0,0,0,0,2,0,0,0,136,detection,
136181,12,20,834,834,0,0,0,0,0,0,3,0,0,0,136,detection,
136200,25,20,834,834,0,0,0,0,0,0,0,0,0,0,136,detection,
136259,3,20,834,834,0,0,0,0,0,0,2,0,0,0,136,detection,
136272,15,20,834,834,0,0,0,0,0,0,2,0,0,0,136,detection,
136275,6,20,834,834,0,0,0,0,0,0,0,0,0,0,136,detection,
136285,8,20,834,834,0,0,0,0,0,0,8,0,0,0,136,detection,
137296,18,27,1024,1024,0,0,0,0,0,0,0,0,0,0,137,detection,
137305,5,27,1024,1024,0,0,0,0,0,0,0,0,0,0,137,detection,
137308,20,27,1024,1024,0,0,0,0,0,0,0,0,0,0,137,detection,
137318,23,27,1024,1024,0,0,0,0,0,0,0,0,0,0,137,detection,
137327,25,27,1024,1024,0,0,0,0,0,0,0,0,0,0,137,detection,
137383,3,27,1024,1024,0,0,0,0,0,0,0,0,0,0,137,detection,
137399,15,27,1024,1024,0,0,0,0,0,0,0,0,0,0,137,detection,
138012,21,25,849,849,0,0,0,0,0,0,0,0,0,0,138,detection,
138026,1,10,540,540,0,0,0,0,0,0,0,0,0,0,138,detection,
138057,20,25,849,849,0,0,0,0,0,0,0,0,0,0,138,detection,
138136,19,10,540,540,0,0,0,0,0,0,0,0,0,0,138,detection,
138139,21,10,540,540,0,0,0,0,0,0,1,0,0,0,138,detection,
138171,1,31,512,512,0,0,0,0,0,0,0,0,0,0,138,detection,
138196,20,31,512,512,0,0,0,0,0,0,1,0,0,0,138,detection,
138202,25,31,512,512,0,0,0,0,0,0,0,0,0,0,138,detection,
138205,11,31,512,512,0,0,0,0,0,0,0,0,0,0,138,detection,
138222,22,31,512,512,0,0,0,0,0,0,0,0,0,0,138,detection,
138263,19,31,512,512,0,0,0,0,0,0,0,0,0,0,138,detection,
138315,23,26,852,852,0,0,0,0,0,0,0,0,0,0,138,detection,
138408,8,26,852,852,0,0,0,0,0,0,13,0,0,0,138,detection,
138656,16,11,512,512,0,0,0,0,0,0,6,0,0,0,138,detection,
138658,1,11,512,512,0,0,0,0,0,0,4,0,0,0,138,detection,
138664,18,11,512,512,0,0,0,0,0,0,0,0,0,0,138,detection,
138701,25,11,512,512,0,0,0,0,0,0,6,0,0,0,138,detection,
138722,22,11,512,512,0,0,0,0,0,0,4,0,0,0,138,detection,
138760,19,11,512,512,0,0,0,0,0,0,6,0,0,0,138,detection,
138767,10,11,512,512,0,0,0,0,0,0,4,0,0,0,138,detection,
142037,1,28,838,838,0,0,0,0,0,0,7,0,0,0,142,detection,
142078,17,28,838,838,0,0,0,0,0,0,6,0,0,0,142,detection,
142078,4,28,838,838,0,0,0,0,0,0,7,0,0,0,142,detection,
142096,22,28,838,838,0,0,0,0,0,0,7,0,0,0,142,detection,
142122,13,28,838,838,0,0,0,0,0,0,7,0,0,0,142,detection,
142156,8,28,838,838,0,0,0,0,0,0,16,0,0,0,142,detection,
142160,18,28,838,838,0,0,0,0,0,0,7,0,0,0,142,detection,
142887,19,21,796,796,0,0,0,0,0,0,0,0,0,0,142,detection,
142891,10,21,796,796,0,0,0,0,0,0,0,0,0,0,142,detection,
142903,6,21,796,796,0,0,0,0,0,0,0,0,0,0,142,detection,
142952,25,21,796,796,0,0,0,0,0,0,0,0,0,0,142,detection,
144453,25,6,1114,1114,0,0,0,0,0,0,0,0,0,0,144,detection,
144512,19,6,1114,1114,0,0,0,0,0,0,0,0,0,0,144,detection,
144514,21,6,1114,1114,0,0,0,0,0,0,3,0,0,0,144,detection,
146427,1,16,779,779,0,0,0,0,0,0,8,0,0,0,146,detection,
146456,11,16,779,779,0,0,0,0,0,0,0,0,0,0,146,detection,
146469,22,16,779,779,0,0,0,0,0,0,0,0,0,0,146,detection,
146511,19,16,779,779,0,0,0,0,0,0,9,0,0,0,146,detection,
146514,10,16,779,779,0,0,0,0,0,0,8,0,0,0,146,detection,
147388,21,19,830,830,0,0,0,0,0,0,0,0,0,0,147,detection,
147388,10,19,830,830,0,0,0,0,0,0,0,0,0,0,147,detection,
147401,6,19,830,830,0,0,0,0,0,0,0,0,0,0,147,detection,
147409,16,19,830,830,0,0,0,0,0,0,0,0,0,0,147,detection,
147451,25,19,830,830,0,0,0,0,0,0,0,0,0,0,147,detection,
148204,4,9,768,768,0,0,0,0,0,0,0,0,0,0,148,detection,
148205,17,9,768,768,0,0,0,0,0,0,0,0,0,0,148,detection,
148423,1,17,512,512,0,0,0,0,0,0,0,0,0,0,148,detection,
148456,4,17,512,512,0,0,0,0,0,0,1,0,0,0,148,detection,
148471,22,17,512,512,0,0,0,0,0,0,0,0,0,0,148,detection,
148488,9,17,512,512,0,0,0,0,0,0,1,0,0,0,148,detection,
148803,5,24,1638,1638,0,0,0,0,0,0,0,0,0,0,148,detection,
148805,12,24,1638,1638,0,0,0,0,0,0,1,0,0,0,148,detection,
148852,7,24,1638,1638,0,0,0,0,0,0,0,0,0,0,148,detection,
150287,18,4,790,790,0,0,0,0,0,0,1,0,0,0,150,detection,
150328,17,4,790,790,0,0,0,0,0,0,0,0,0,0,150,detection,
150372,13,4,790,790,0,0,0,0,0,0,0,0,0,0,150,detection,
152247,13,30,1143,1143,0,0,0,0,0,0,3,0,0,0,152,detection,
152268,2,30,1143,1143,0,0,0,0,0,0,1,0,0,0,152,detection,
152281,8,30,1143,1143,0,0,0,0,0,0,13,0,0,0,152,detection,
152319,23,30,1143,1143,0,0,0,0,0,0,4,0,0,0,152,detection,
153372,13,8,838,838,0,0,0,0,0,0,0,0,0,0,153,detection,
153384,3,8,838,838,0,0,0,0,0,0,0,0,0,0,153,detection,
153396,15,8,838,838,0,0,0,0,0,0,0,0,0,0,153,detection,
153414,18,8,838,838,0,0,0,0,0,0,1,0,0,0,153,detection,
153432,20,8,838,838,0,0,0,0,0,0,0,0,0,0,153,detection,
153445,23,8,838,838,0,0,0,0,0,0,0,0,0,0,153,detection,
153724,7,3,1192,1192,0,0,0,0,0,0,0,0,0,0,153,detection,
153777,15,3,1192,1192,0,0,0,0,0,0,3,0,0,0,153,detection,
153785,8,3,1192,1192,0,0,0,0,0,0,15,0,0,0,153,detection,
153803,5,3,1192,1192,0,0,0,0,0,0,3,0,0,0,153,detection,
153807,20,3,1192,1192,0,0,0,0,0,0,3,0,0,0,153,detection,
153810,12,3,1192,1192,0,0,0,0,0,0,5,0,0,0,153,detection,
155580,17,28,838,838,0,0,0,0,0,0,7,0,0,0,155,detection,
156060,12,29,1122,1122,0,0,0,0,0,0,1,0,0,0,156,detection,
156078,25,29,1122,1122,0,0,0,0,0,0,0,0,0,0,156,detection,
156097,22,13,781,781,0,0,0,0,0,0,4,0,0,0,156,detection,
156153,6,29,1122,1122,0,0,0,0,0,0,0,0,0,0,156,detection,
156180,5,29,1122,1122,0,0,0,0,0,0,0,0,0,0,156,detection,
156769,14,23,1094,1094,0,0,0,0,0,0,8,0,0,0,156,detection,
158180,5,12,1378,1378,0,0,0,0,0,0,16,0,0,0,158,detection,
158225,7,12,1378,1378,0,0,0,0,0,0,0,0,0,0,158,detection,
158241,24,12,1378,1378,0,0,0,0,0,0,15,0,0,0,158,detection,
158258,3,12,1378,1378,0,0,0,0,0,0,0,0,0,0,158,detection,
158764,1,28,838,838,0,0,0,0,0,0,4,0,0,0,158,detection,
158780,8,28,838,838,0,0,0,0,0,0,18,0,0,0,158,detection,
158789,18,28,838,838,0,0,0,0,0,0,9,0,0,0,158,detection,
158830,17,28,838,838,0,0,0,0,0,0,4,0,0,0,158,detection,
158849,22,28,838,838,0,0,0,0,0,0,8,0,0,0,158,detection,
158874,13,28,838,838,0,0,0,0,0,0,8,0,0,0,158,detection,
164500,13,23,1094,1094,0,0,0,0,0,0,6,0,0,0,164,detection,
164508,3,23,1094,1094,0,0,0,0,0,0,6,0,0,0,164,detection,
164518,14,23,1094,1094,0,0,0,0,0,0,9,0,0,0,164,detection,
164525,15,23,1094,1094,0,0,0,0,0,0,5,0,0,0,164,detection,
176578,4,9,790,790,0,0,0,0,0,0,0,0,0,0,176,detection,
181267,14,23,1094,1094,0,0,0,0,0,0,10,0,0,0,181,detection,
188703,25,19,871,871,0,0,0,0,0,0,0,0,0,0,188,detection,
192019,1,28,838,838,0,0,0,0,0,0,4,0,0,0,192,detection,
192031,8,28,838,838,0,0,0,0,0,0,19,0,0,0,192,detection,
192035,18,28,838,838,0,0,0,0,0,0,9,0,0,0,192,detection,
192077,17,28,838,838,0,0,0,0,0,0,4,0,0,0,192,detection,
192081,4,28,838,838,0,0,0,0,0,0,4,0,0,0,192,detection,
192095,22,28,838,838,0,0,0,0,0,0,8,0,0,0,192,detection,
196537,18,27,998,998,0,0,0,0,0,0,1,0,0,0,196,detection,
197461,11,10,521,521,0,0,0,0,0,0,0,0,0,0,197,detection,
197579,11,16,804,804,0,0,0,0,0,0,0,0,0,0,197,detection,
198554,5,12,1378,1378,0,0,0,0,0,0,17,0,0,0,198,detection,
199783,8,15,1180,1180,0,0,0,0,0,0,15,0,0,0,199,detection,
200782,8,3,1197,1197,0,0,0,0,0,0,16,0,0,0,200,detection,
201012,19,21,796,796,0,0,0,0,0,0,0,0,0,0,201,detection,
201037,18,4,785,785,0,0,0,0,0,0,1,0,0,0,201,detection,
201443,23,30,1126,1126,0,0,0,0,0,0,5,0,0,0,201,detection,
204121,13,8,768,768,0,0,0,0,0,0,3,0,0,0,204,detection,
204159,18,8,768,768,0,0,0,0,0,0,5,0,0,0,204,detection,
204194,23,8,768,768,0,0,0,0,0,0,4,0,0,0,204,detection,
204224,22,8,768,768,0,0,0,0,0,0,3,0,0,0,204,detection,
206897,2,14,1540,1540,0,0,0,0,0,0,4,0,0,0,206,detection,
207883,3,7,1638,1638,0,0,0,0,0,0,0,0,0,0,207,detection,
208557,12,24,1633,1633,0,0,0,0,0,0,1,0,0,0,208,detection,
210646,15,23,1024,1024,0,0,0,0,0,0,7,0,0,0,210,detection,
210757,3,23,1024,1024,0,0,0,0,0,0,7,0,0,0,210,detection,
211368,24,7,1448,1448,0,0,0,0,0,0,3,0,0,0,211,detection,
211383,3,7,1448,1448,0,0,0,0,0,0,3,0,0,0,211,detection,
211434,12,7,1448,1448,0,0,0,0,0,0,4,0,0,0,211,detection,
212308,20,8,768,768,0,0,0,0,0,0,3,0,0,0,212,detection,
212317,23,8,768,768,0,0,0,0,0,0,4,0,0,0,212,detection,
212347,22,8,768,768,0,0,0,0,0,0,3,0,0,0,212,detection,
212373,13,8,768,768,0,0,0,0,0,0,3,0,0,0,212,detection,
212384,3,8,768,768,0,0,0,0,0,0,3,0,0,0,212,detection,
212397,15,8,768,768,0,0,0,0,0,0,3,0,0,0,212,detection,
212411,18,8,768,768,0,0,0,0,0,0,5,0,0,0,212,detection,
214019,14,2,1418,1418,0,0,0,0,0,0,0,0,0,0,214,detection,
215781,8,15,1024,1024,0,0,0,0,0,0,20,0,0,0,215,detection,
215806,5,15,1024,1024,0,0,0,0,0,0,4,0,0,0,215,detection,
215810,20,15,1024,1024,0,0,0,0,0,0,4,0,0,0,215,detection,
215818,23,15,1024,1024,0,0,0,0,0,0,8,0,0,0,215,detection,
215851,7,15,1024,1024,0,0,0,0,0,0,5,0,0,0,215,detection,
215882,3,15,1024,1024,0,0,0,0,0,0,4,0,0,0,215,detection,
215893,14,15,1024,1024,0,0,0,0,0,0,7,0,0,0,215,detection,
217805,5,12,1378,1378,0,0,0,0,0,0,17,0,0,0,217,detection,
217809,20,12,1378,1378,0,0,0,0,0,0,15,0,0,0,217,detection,
217850,7,12,1378,1378,0,0,0,0,0,0,1,0,0,0,217,detection,
217869,24,12,1378,1378,0,0,0,0,0,0,15,0,0,0,217,detection,
217870,1,22,516,516,0,0,0,0,0,0,0,0,0,0,217,detection,
217874,13,22,516,516,0,0,0,0,0,0,0,0,0,0,217,detection,
217886,3,12,1378,1378,0,0,0,0,0,0,0,0,0,0,217,detection,
217916,18,22,516,516,0,0,0,0,0,0,3,0,0,0,217,detection,
217954,17,22,516,516,0,0,0,0,0,0,0,0,0,0,217,detection,
217955,11,22,516,516,0,0,0,0,0,0,0,0,0,0,217,detection,
218867,24,7,1448,1448,0,0,0,0,0,0,3,0,0,0,218,detection,
218883,3,7,1448,1448,0,0,0,0,0,0,3,0,0,0,218,detection,
218900,15,7,1448,1448,0,0,0,0,0,0,4,0,0,0,218,detection,
218930,5,7,1448,1448,0,0,0,0,0,0,3,0,0,0,218,detection,
218933,12,7,1448,1448,0,0,0,0,0,0,4,0,0,0,218,detection,
220207,11,31,492,492,0,0,0,0,0,0,0,0,0,0,220,detection,
222723,22,11,512,512,0,0,0,0,0,0,4,0,0,0,222,detection,
223905,8,28,784,809,-25,0,6,35,4,12,22,0,0,0,223,detection,
223971,22,13,775,775,0,0,0,0,0,0,4,0,0,0,223,detection,
224064,23,13,775,775,0,0,0,0,0,0,7,0,0,0,224,detection,
224080,17,13,775,775,0,0,0,0,0,0,4,0,0,0,224,detection,
224426,5,29,1076,1087,-11,0,4,10,2,16,0,0,0,0,224,detection,
224434,12,29,1076,1087,-11,0,4,10,2,16,1,0,0,0,224,detection,
224452,25,29,1076,1087,-11,0,4,10,2,16,0,0,0,0,224,detection,
224527,6,29,1076,1087,-11,0,4,10,2,16,0,0,0,0,224,detection,
224602,7,15,1024,1024,0,0,0,0,0,0,5,0,0,0,224,detection,
224634,3,15,1024,1024,0,0,0,0,0,0,4,0,0,0,224,detection,
224645,14,15,1024,1024,0,0,0,0,0,0,7,0,0,0,224,detection,
224657,8,15,1024,1024,0,0,0,0,0,0,21,0,0,0,224,detection,
224682,20,15,1024,1024,0,0,0,0,0,0,4,0,0,0,224,detection,
224683,5,15,1024,1024,0,0,0,0,0,0,4,0,0,0,224,detection,
230316,23,8,768,768,0,0,0,0,0,0,4,0,0,0,230,detection,
230346,22,8,768,768,0,0,0,0,0,0,3,0,0,0,230,detection,
230372,13,8,768,768,0,0,0,0,0,0,3,0,0,0,230,detection,
230383,3,8,768,768,0,0,0,0,0,0,3,0,0,0,230,detection,
230396,15,8,768,768,0,0,0,0,0,0,4,0,0,0,230,detection,
230868,24,7,1448,1448,0,0,0,0,0,0,3,0,0,0,230,detection,
230884,3,7,1448,1448,0,0,0,0,0,0,0,0,0,0,230,detection,
230897,15,7,1448,1448,0,0,0,0,0,0,4,0,0,0,230,detection,
233257,3,23,1024,1024,0,0,0,0,0,0,8,0,0,0,233,detection,
236028,6,19,844,844,0,0,0,0,0,0,0,0,0,0,236,detection,
236032,16,19,844,844,0,0,0,0,0,0,0,0,0,0,236,detection,
236077,25,19,844,844,0,0,0,0,0,0,0,0,0,0,236,detection,
236081,11,19,844,844,0,0,0,0,0,0,0,0,0,0,236,detection,
236138,21,19,844,844,0,0,0,0,0,0,0,0,0,0,236,detection,
236139,10,19,844,844,0,0,0,0,0,0,0,0,0,0,236,detection,
236260,19,25,796,796,0,0,0,0,0,0,0,0,0,0,236,detection,
236262,21,25,796,796,0,0,0,0,0,0,0,0,0,0,236,detection,
236277,6,25,796,796,0,0,0,0,0,0,1,0,0,0,236,detection,
237498,1,18,516,516,0,0,0,0,0,0,4,0,0,0,237,detection,
237532,8,18,516,516,0,0,0,0,0,0,20,0,0,0,237,detection,
237578,17,18,516,516,0,0,0,0,0,0,4,0,0,0,237,detection,
237578,4,18,516,516,0,0,0,0,0,0,5,0,0,0,237,detection,
237580,11,18,516,516,0,0,0,0,0,0,0,0,0,0,237,detection,
237597,22,18,516,516,0,0,0,0,0,0,7,0,0,0,237,detection,
237622,13,18,516,516,0,0,0,0,0,0,4,0,0,0,237,detection,
239018,14,15,1024,1024,0,0,0,0,0,0,7,0,0,0,239,detection,
239030,8,15,1024,1024,0,0,0,0,0,0,21,0,0,0,239,detection,
239060,20,15,1024,1024,0,0,0,0,0,0,4,0,0,0,239,detection,
239067,23,15,1024,1024,0,0,0,0,0,0,8,0,0,0,239,detection,
239100,7,15,1024,1024,0,0,0,0,0,0,5,0,0,0,239,detection,
239132,3,15,1024,1024,0,0,0,0,0,0,4,0,0,0,239,detection,
240351,7,3,1167,1167,0,0,0,0,0,0,2,0,0,0,240,detection,
240399,15,3,1167,1167,0,0,0,0,0,0,3,0,0,0,240,detection,
240405,8,3,1167,1167,0,0,0,0,0,0,16,0,0,0,240,detection,
240429,20,3,1167,1167,0,0,0,0,0,0,2,0,0,0,240,detection,
240430,5,3,1167,1167,0,0,0,0,0,0,2,0,0,0,240,detection,
240433,12,3,1167,1167,0,0,0,0,0,0,4,0,0,0,240,detection,
240443,23,3,1167,1167,0,0,0,0,0,0,5,0,0,0,240,detection,
240508,3,27,752,752,0,0,0,0,0,0,7,0,0,0,240,detection,
240524,15,27,752,752,0,0,0,0,0,0,7,0,0,0,240,detection,
240532,8,27,752,752,0,0,0,0,0,0,23,0,0,0,240,detection,
240541,18,27,752,752,0,0,0,0,0,0,10,0,0,0,240,detection,
240554,5,27,752,752,0,0,0,0,0,0,5,0,0,0,240,detection,
240554,20,27,752,752,0,0,0,0,0,0,5,0,0,0,240,detection,
240573,23,27,752,752,0,0,0,0,0,0,7,0,0,0,240,detection,
240576,25,27,752,752,0,0,0,0,0,0,5,0,0,0,240,detection,
241699,1,28,764,789,-25,0,9,35,6,16,4,0,0,0,241,detection,
241706,4,28,764,789,-25,0,9,35,6,16,4,0,0,0,241,detection,
241706,17,28,764,789,-25,0,9,35,6,16,4,0,0,0,241,detection,
241724,22,28,764,789,-25,0,8,35,5,16,7,0,0,0,241,detection,
241750,13,28,764,789,-25,0,8,35,5,16,8,0,0,0,241,detection,
241780,8,28,764,789,-25,0,6,35,0,12,23,0,0,0,241,detection,
241788,18,28,764,789,-25,0,7,35,5,14,13,0,0,0,241,detection,
247010,3,27,732,783,-51,0,17,70,11,16,7,0,94,100,247,detection,
247031,8,27,732,783,-51,0,13,70,9,12,23,0,88,100,247,detection,
247040,18,27,732,783,-51,0,16,70,10,14,11,0,94,100,247,detection,
247060,20,27,732,783,-51,0,18,70,12,16,5,0,94,100,247,detection,
247070,23,27,732,783,-51,0,17,70,11,16,7,0,94,100,247,detection,
247078,25,27,732,783,-51,0,17,70,11,16,6,0,94,100,247,detection,
247705,4,9,785,785,0,0,0,0,0,0,0,0,0,0,247,detection,
250000,13,23,1049,1049,0,0,0,0,0,0,7,0,0,0,250,detection,
250008,3,23,1049,1049,0,0,0,0,0,0,8,0,0,0,250,detection,
250019,14,23,1049,1049,0,0,0,0,0,0,6,0,0,0,250,detection,
250025,15,23,1049,1049,0,0,0,0,0,0,8,0,0,0,250,detection,
250416,1,10,513,513,0,0,0,0,0,0,0,0,0,0,250,detection,
250455,11,10,513,513,0,0,0,0,0,0,0,0,0,0,250,detection,
250509,19,10,513,513,0,0,0,0,0,0,0,0,0,0,250,detection,
250512,21,10,513,513,0,0,0,0,0,0,1,0,0,0,250,detection,
250534,16,10,513,513,0,0,0,0,0,0,0,0,0,0,250,detection,
251164,18,4,804,804,0,0,0,0,0,0,5,0,0,0,251,detection,
251205,17,4,804,804,0,0,0,0,0,0,0,0,0,0,251,detection,
251236,9,4,804,804,0,0,0,0,0,0,0,0,0,0,251,detection,
251249,13,4,804,804,0,0,0,0,0,0,0,0,0,0,251,detection,
251385,19,21,769,769,0,0,0,0,0,0,0,0,0,0,251,detection,
251401,6,21,769,769,0,0,0,0,0,0,0,0,0,0,251,detection,
251450,25,21,769,769,0,0,0,0,0,0,0,0,0,0,251,detection,
255408,1,17,517,517,0,0,0,0,0,0,0,0,0,0,255,detection,
255453,4,17,517,517,0,0,0,0,0,0,1,0,0,0,255,detection,
255473,22,17,517,517,0,0,0,0,0,0,0,0,0,0,255,detection,
255485,9,17,517,517,0,0,0,0,0,0,1,0,0,0,255,detection,
255497,13,17,517,517,0,0,0,0,0,0,1,0,0,0,255,detection,
256888,21,6,1109,1109,0,0,0,0,0,0,3,0,0,0,256,detection,
257661,1,16,824,824,0,0,0,0,0,0,7,0,0,0,257,detection,
257708,11,16,824,824,0,0,0,0,0,0,0,0,0,0,257,detection,
260912,18,8,793,793,0,0,0,0,0,0,9,0,0,0,260,detection,
260933,20,8,793,793,0,0,0,0,0,0,3,0,0,0,260,detection,
260942,23,8,793,793,0,0,0,0,0,0,4,0,0,0,260,detection,
260972,22,8,793,793,0,0,0,0,0,0,3,0,0,0,260,detection,
260998,13,8,793,793,0,0,0,0,0,0,3,0,0,0,260,detection,
261009,3,8,793,793,0,0,0,0,0,0,3,0,0,0,261,detection,
261022,15,8,793,793,0,0,0,0,0,0,0,0,0,0,261,detection,
261180,5,24,1629,1629,0,0,0,0,0,0,0,0,0,0,261,detection,
261183,12,24,1629,1629,0,0,0,0,0,0,1,0,0,0,261,detection,
261225,7,24,1629,1629,0,0,0,0,0,0,1,0,0,0,261,detection,
262386,3,27,712,763,-51,0,17,70,0,16,7,0,94,100,262,detection,
262398,15,27,712,763,-51,0,17,70,11,16,7,0,94,100,262,detection,
262407,8,27,712,763,-51,0,13,70,0,12,23,0,88,100,262,detection,
262416,18,27,712,763,-51,0,17,70,0,16,6,0,94,100,262,detection,
262428,5,27,712,763,-51,0,18,70,12,16,5,0,94,100,262,detection,
262432,20,27,712,763,-51,0,19,70,0,16,2,0,94,100,262,detection,
262446,23,27,712,763,-51,0,17,70,0,16,7,0,94,100,262,detection,
264999,13,30,1118,1146,-28,0,10,39,6,16,3,0,0,0,264,detection,
265018,14,30,1118,1146,-28,0,9,39,6,16,5,0,0,0,265,detection,
265021,2,30,1118,1146,-28,0,10,39,7,16,1,0,0,0,265,detection,
265037,8,30,1118,1146,-28,0,7,39,5,12,19,0,0,0,265,detection,
265067,23,30,1118,1146,-28,0,10,39,6,16,4,0,0,0,265,detection,
265077,25,20,867,867,0,0,0,0,0,0,0,0,0,0,265,detection,
265132,3,20,867,867,0,0,0,0,0,0,2,0,0,0,265,detection,
265149,15,20,867,867,0,0,0,0,0,0,3,0,0,0,265,detection,
265155,8,20,867,867,0,0,0,0,0,0,17,0,0,0,265,detection,
265179,5,20,867,867,0,0,0,0,0,0,2,0,0,0,265,detection,
265182,12,20,867,867,0,0,0,0,0,0,3,0,0,0,265,detection,
266453,25,27,692,743,-51,0,17,70,0,16,6,0,94,100,266,detection,
267908,16,10,512,512,0,0,0,0,0,0,0,0,0,0,267,detection,
268179,5,15,1049,1049,0,0,0,0,0,0,4,0,0,0,268,detection,
268183,20,15,1049,1049,0,0,0,0,0,0,5,0,0,0,268,detection,
268191,23,15,1049,1049,0,0,0,0,0,0,8,0,0,0,268,detection,
268228,7,15,1049,1049,0,0,0,0,0,0,5,0,0,0,268,detection,
268260,3,15,1049,1049,0,0,0,0,0,0,4,0,0,0,268,detection,
268270,14,15,1049,1049,0,0,0,0,0,0,3,0,0,0,268,detection,
268990,24,7,1423,1423,0,0,0,0,0,0,3,0,0,0,268,detection,
269053,5,7,1423,1423,0,0,0,0,0,0,3,0,0,0,269,detection,
269060,12,7,1423,1423,0,0,0,0,0,0,4,0,0,0,269,detection,
269264,21,6,1109,1109,0,0,0,0,0,0,3,0,0,0,269,detection,
271252,13,30,1098,1148,-50,0,18,70,5,16,3,0,94,100,271,detection,
272191,23,3,1172,1172,0,0,0,0,0,0,4,0,0,0,272,detection,
274894,14,2,1387,1387,0,0,0,0,0,0,0,0,0,0,274,detection,
278225,7,24,1629,1629,0,0,0,0,0,0,1,0,0,0,278,detection,
279445,1,31,472,472,0,0,0,0,0,0,0,0,0,0,279,detection,
279458,11,31,472,472,0,0,0,0,0,0,0,0,0,0,279,detection,
279471,22,31,472,472,0,0,0,0,0,0,0,0,0,0,279,detection,
279509,19,31,472,472,0,0,0,0,0,0,0,0,0,0,279,detection,
279540,18,31,472,472,0,0,0,0,0,0,5,0,0,0,279,detection,
279555,20,31,472,472,0,0,0,0,0,0,3,0,0,0,279,detection,
279750,1,11,512,512,0,0,0,0,0,0,4,0,0,0,279,detection,
279762,19,11,512,512,0,0,0,0,0,0,6,0,0,0,279,detection,
279765,10,11,512,512,0,0,0,0,0,0,4,0,0,0,279,detection,
279782,16,11,512,512,0,0,0,0,0,0,5,0,0,0,279,detection,
279793,18,11,512,512,0,0,0,0,0,0,7,0,0,0,279,detection,
279818,23,14,1374,1374,0,0,0,0,0,0,6,0,0,0,279,detection,
279826,25,11,512,512,0,0,0,0,0,0,5,0,0,0,279,detection,
279848,22,11,512,512,0,0,0,0,0,0,4,0,0,0,279,detection,
280681,12,5,1201,1201,0,0,0,0,0,0,2,0,0,0,280,detection,
280682,20,5,1201,1201,0,0,0,0,0,0,2,0,0,0,280,detection,
280773,15,5,1201,1201,0,0,0,0,0,0,2,0,0,0,280,detection,
282828,4,9,784,784,0,0,0,0,0,0,0,0,0,0,282,detection,
282828,17,9,784,784,0,0,0,0,0,0,0,0,0,0,282,detection,
284640,10,11,512,512,0,0,0,0,0,0,4,0,0,0,284,detection,
286055,5,27,672,723,-51,0,19,70,0,16,2,0,94,100,286,detection,
286063,20,27,672,723,-51,0,18,70,0,16,4,0,94,100,286,detection,
286069,23,27,672,723,-51,0,18,70,0,16,3,0,94,100,286,detection,
286077,25,27,672,723,-51,0,18,70,0,16,3,0,94,100,286,detection,
286137,3,27,672,723,-51,0,17,70,0,16,7,0,94,100,286,detection,
286149,15,27,672,723,-51,0,17,70,0,16,7,0,94,100,286,detection,
286158,8,27,672,723,-51,0,13,70,0,12,23,0,88,100,286,detection,
286162,18,27,672,723,-51,0,17,70,0,16,8,0,94,100,286,detection,
293176,5,20,779,779,0,0,0,0,0,0,2,0,0,0,293,detection,
297146,15,14,1374,1374,0,0,0,0,0,0,6,0,0,0,297,detection,
297147,2,14,1374,1374,0,0,0,0,0,0,4,0,0,0,297,detection,
298202,25,29,1036,1036,0,0,0,0,2,33,3,0,0,0,298,detection,
298278,6,29,1036,1036,0,0,0,0,2,33,3,0,0,0,298,detection,
298308,12,29,1036,1036,0,0,0,0,2,33,4,0,0,0,298,detection,
298893,14,2,1385,1385,0,0,0,0,0,0,0,0,0,0,298,detection,
300039,18,8,739,739,0,0,0,0,0,0,5,0,0,0,300,detection,
300056,20,8,739,739,0,0,0,0,0,0,5,0,0,0,300,detection,
300070,23,8,739,739,0,0,0,0,0,0,0,0,0,0,300,detection,
300125,13,8,739,739,0,0,0,0,0,0,0,0,0,0,300,detection,
301883,3,12,1311,1311,0,0,0,0,0,0,0,0,0,0,301,detection,
304405,6,29,1016,1016,0,0,0,0,0,33,3,0,0,0,304,detection,
304427,5,29,1016,1016,0,0,0,0,2,33,3,0,0,0,304,detection,
304431,12,29,1016,1016,0,0,0,0,0,33,4,0,0,0,304,detection,
304453,25,29,1016,1016,0,0,0,0,0,33,3,0,0,0,304,detection,
310929,5,7,1448,1448,0,0,0,0,0,0,3,0,0,0,310,detection,
310932,12,7,1448,1448,0,0,0,0,0,0,0,0,0,0,310,detection,
310994,24,7,1448,1448,0,0,0,0,0,0,0,0,0,0,310,detection,
311010,3,7,1448,1448,0,0,0,0,0,0,0,0,0,0,311,detection,
311023,15,7,1448,1448,0,0,0,0,0,0,0,0,0,0,311,detection,
316552,5,29,996,996,0,0,0,0,0,33,3,0,0,0,316,detection,
316575,25,29,996,996,0,0,0,0,0,33,0,0,0,0,316,detection,
316654,6,29,996,996,0,0,0,0,0,33,3,0,0,0,316,detection,
319148,15,7,1448,1448,0,0,0,0,0,0,0,0,0,0,319,detection,
321262,21,19,819,819,0,0,0,0,0,0,0,0,0,0,321,detection,
322304,5,7,1305,1305,0,0,0,0,0,0,3,0,0,0,322,detection,
322307,12,7,1305,1305,0,0,0,0,0,0,3,0,0,0,322,detection,
322369,24,7,1305,1305,0,0,0,0,0,0,3,0,0,0,322,detection,
322385,3,7,1305,1305,0,0,0,0,0,0,3,0,0,0,322,detection,
322398,15,7,1305,1305,0,0,0,0,0,0,3,0,0,0,322,detection,
325325,25,21,769,769,0,0,0,0,0,0,0,0,0,0,325,detection,
329641,10,16,815,815,0,0,0,0,0,0,7,0,0,0,329,detection,
330992,24,7,1305,1305,0,0,0,0,0,0,3,0,0,0,330,detection,
331008,3,7,1305,1305,0,0,0,0,0,0,3,0,0,0,331,detection,
331025,15,7,1305,1305,0,0,0,0,0,0,3,0,0,0,331,detection,
331055,5,7,1305,1305,0,0,0,0,0,0,3,0,0,0,331,detection,
331058,12,7,1305,1305,0,0,0,0,0,0,3,0,0,0,331,detection,
333204,4,9,782,782,0,0,0,0,0,0,0,0,0,0,333,detection,
334721,22,31,452,452,0,0,0,0,0,0,0,0,0,0,334,detection,
337181,5,15,1049,1049,0,0,0,0,0,0,4,0,0,0,337,detection,
337185,20,15,1049,1049,0,0,0,0,0,0,0,0,0,0,337,detection,
337193,23,15,1049,1049,0,0,0,0,0,0,8,0,0,0,337,detection,
337225,7,15,1049,1049,0,0,0,0,0,0,1,0,0,0,337,detection,
337257,3,15,1049,1049,0,0,0,0,0,0,4,0,0,0,337,detection,
337268,14,15,1049,1049,0,0,0,0,0,0,3,0,0,0,337,detection,
338164,18,22,512,512,0,0,0,0,0,0,7,0,0,0,338,detection,
338935,20,25,789,789,0,0,0,0,0,0,1,0,0,0,338,detection,
341276,15,14,1374,1374,0,0,0,0,0,0,6,0,0,0,341,detection,
341397,15,7,1305,1305,0,0,0,0,0,0,3,0,0,0,341,detection,
341427,5,7,1305,1305,0,0,0,0,0,0,3,0,0,0,341,detection,
341434,12,7,1305,1305,0,0,0,0,0,0,3,0,0,0,341,detection,
341492,24,7,1305,1305,0,0,0,0,0,0,3,0,0,0,341,detection,
341508,3,7,1305,1305,0,0,0,0,0,0,3,0,0,0,341,detection,
350150,15,23,1006,1006,0,0,0,0,0,0,4,0,0,0,350,detection,
350249,13,23,1006,1006,0,0,0,0,0,0,8,0,0,0,350,detection,
350256,3,23,1006,1006,0,0,0,0,0,0,4,0,0,0,350,detection,
350267,14,23,1006,1006,0,0,0,0,0,0,6,0,0,0,350,detection,
350510,3,12,1285,1285,0,0,0,0,0,0,0,0,0,0,350,detection,
350553,5,12,1285,1285,0,0,0,0,0,0,13,0,0,0,350,detection,
350557,20,12,1285,1285,0,0,0,0,0,0,18,0,0,0,350,detection,
350602,7,12,1285,1285,0,0,0,0,0,0,2,0,0,0,350,detection,
350617,24,12,1285,1285,0,0,0,0,0,0,14,0,0,0,350,detection,
351578,25,29,976,976,0,0,0,0,0,33,0,0,0,0,351,detection,
351653,6,29,976,976,0,0,0,0,0,33,0,0,0,0,351,detection,
351684,12,29,976,976,0,0,0,0,0,33,4,0,0,0,351,detection,
354386,3,27,652,684,-32,0,10,70,4,16,7,0,94,100,354,detection,
354398,15,27,652,684,-32,0,11,70,4,16,3,0,94,100,354,detection,
354407,8,27,652,684,-32,0,8,70,3,12,23,0,88,100,354,detection,
354416,18,27,652,684,-32,0,10,70,4,16,8,0,94,100,354,detection,
354428,5,27,652,684,-32,0,11,70,4,16,3,0,94,100,354,detection,
354433,20,27,652,684,-32,0,11,75,4,16,4,0,94,100,354,detection,
354446,23,27,652,684,-32,0,11,76,4,16,3,0,94,100,354,detection,
354450,25,27,652,684,-32,0,11,77,4,16,3,0,94,100,354,detection,
355401,6,29,956,956,0,0,0,0,0,33,0,0,0,0,355,detection,
357259,3,15,908,908,0,0,0,0,0,0,4,0,0,0,357,detection,
357269,14,15,908,908,0,0,0,0,0,0,6,0,0,0,357,detection,
357280,8,15,908,908,0,0,0,0,0,0,21,0,0,0,357,detection,
357310,20,15,908,908,0,0,0,0,0,0,4,0,0,0,357,detection,
357318,23,15,908,908,0,0,0,0,0,0,7,0,0,0,357,detection,
363016,14,15,908,908,0,0,0,0,0,0,6,0,0,0,363,detection,
363032,8,15,908,908,0,0,0,0,0,0,21,0,0,0,363,detection,
363054,5,15,908,908,0,0,0,0,0,0,8,0,0,0,363,detection,
363057,20,15,908,908,0,0,0,0,0,0,4,0,0,0,363,detection,
363065,23,15,908,908,0,0,0,0,0,0,6,0,0,0,363,detection,
365623,13,8,760,760,0,0,0,0,0,0,0,0,0,0,365,detection,
369742,24,7,1305,1305,0,0,0,0,0,0,3,0,0,0,369,detection,
369758,3,7,1305,1305,0,0,0,0,0,0,3,0,0,0,369,detection,
369758,1,28,744,769,-25,0,9,35,0,16,4,0,0,0,369,detection,
369775,15,7,1305,1305,0,0,0,0,0,0,4,0,0,0,369,detection,
369778,8,28,744,769,-25,0,7,35,0,12,18,0,0,0,369,detection,
369787,18,28,744,769,-25,0,8,35,0,14,9,0,0,0,369,detection,
369806,5,7,1305,1305,0,0,0,0,0,0,3,0,0,0,369,detection,
369808,12,7,1305,1305,0,0,0,0,0,0,3,0,0,0,369,detection,
369828,4,28,744,769,-25,0,9,35,0,16,3,0,0,0,369,detection,
369828,17,28,744,769,-25,0,9,35,0,16,4,0,0,0,369,detection,
369847,22,28,744,769,-25,0,9,35,0,16,4,0,0,0,369,detection,
369872,13,28,744,769,-25,0,8,35,0,16,7,0,0,0,369,detection,
370190,20,27,632,654,-22,0,7,77,2,16,5,0,94,100,370,detection,
373143,14,2,1382,1382,0,0,0,0,0,0,0,0,0,0,373,detection,
375851,7,15,933,933,0,0,0,0,0,0,5,0,0,0,375,detection,
375883,3,15,933,933,0,0,0,0,0,0,4,0,0,0,375,detection,
375894,14,15,933,933,0,0,0,0,0,0,5,0,0,0,375,detection,
375905,8,15,933,933,0,0,0,0,0,0,21,0,0,0,375,detection,
375935,20,15,933,933,0,0,0,0,0,0,4,0,0,0,375,detection,
375943,23,15,933,933,0,0,0,0,0,0,6,0,0,0,375,detection,
380510,3,5,1063,1063,0,0,0,0,0,0,1,0,0,0,380,detection,
381058,12,20,736,736,0,0,0,0,0,0,4,0,0,0,381,detection,
388272,15,23,1006,1006,0,0,0,0,0,0,6,0,0,0,388,detection,
391934,12,24,1623,1623,0,0,0,0,0,0,0,0,0,0,391,detection,
395375,13,28,724,749,-25,0,9,35,0,16,3,0,0,0,395,detection,
395654,6,29,936,936,0,0,0,0,0,33,0,0,0,0,395,detection,
395676,5,29,936,936,0,0,0,0,0,33,3,0,0,0,395,detection,
395684,12,29,936,936,0,0,0,0,0,33,0,0,0,0,395,detection,
395702,25,29,936,936,0,0,0,0,0,33,0,0,0,0,395,detection,
405809,20,15,946,946,0,0,0,0,0,0,5,0,0,0,405,detection,
405817,23,15,946,946,0,0,0,0,0,0,6,0,0,0,405,detection,
405849,7,15,946,946,0,0,0,0,0,0,5,0,0,0,405,detection,
405881,3,15,946,946,0,0,0,0,0,0,4,0,0,0,405,detection,
405891,14,15,946,946,0,0,0,0,0,0,5,0,0,0,405,detection,
405908,8,15,946,946,0,0,0,0,0,0,20,0,0,0,405,detection,
405929,5,15,946,946,0,0,0,0,0,0,4,0,0,0,405,detection,
408402,6,21,769,769,0,0,0,0,0,0,0,0,0,0,408,detection,
411164,18,8,753,753,0,0,0,0,0,0,5,0,0,0,411,detection,
411181,20,8,753,753,0,0,0,0,0,0,7,0,0,0,411,detection,
411195,23,8,753,753,0,0,0,0,0,0,0,0,0,0,411,detection,
411250,13,8,753,753,0,0,0,0,0,0,0,0,0,0,411,detection,
411258,3,8,753,753,0,0,0,0,0,0,3,0,0,0,411,detection,
433510,19,16,804,804,0,0,0,0,0,0,8,0,0,0,433,detection,
435206,4,9,796,796,0,0,0,0,0,0,0,0,0,0,435,detection,
435613,9,4,788,788,0,0,0,0,0,0,0,0,0,0,435,detection,
435773,15,7,1278,1278,0,0,0,0,0,0,5,0,0,0,435,detection,
436929,5,3,1155,1155,0,0,0,0,0,0,2,0,0,0,436,detection,
437011,21,10,512,512,0,0,0,0,0,0,1,0,0,0,437,detection,
438765,21,6,1025,1025,0,0,0,0,0,0,3,0,0,0,438,detection,
438828,25,6,1025,1025,0,0,0,0,0,0,3,0,0,0,438,detection,
440658,8,30,1078,1087,-9,0,2,7,3,12,19,0,0,0,440,detection,
441119,1,11,512,512,0,0,0,0,0,0,4,0,0,0,441,detection,
441160,16,11,512,512,0,0,0,0,0,0,5,0,0,0,441,detection,
441163,18,11,512,512,0,0,0,0,0,0,7,0,0,0,441,detection,
441200,25,11,512,512,0,0,0,0,0,0,5,0,0,0,441,detection,
441222,22,11,512,512,0,0,0,0,0,0,3,0,0,0,441,detection,
442812,20,25,778,778,0,0,0,0,0,0,3,0,0,0,442,detection,
442829,11,25,778,778,0,0,0,0,0,0,0,0,0,0,442,detection,
442886,19,25,778,778,0,0,0,0,0,0,0,0,0,0,442,detection,
442888,21,25,778,778,0,0,0,0,0,0,0,0,0,0,442,detection,
442901,6,25,778,778,0,0,0,0,0,0,2,0,0,0,442,detection,
443068,23,15,957,957,0,0,0,0,0,0,5,0,0,0,443,detection,
444133,3,27,612,639,-27,0,9,81,1,16,3,0,94,100,444,detection,
444149,15,27,612,639,-27,0,9,70,1,16,4,0,94,100,444,detection,
444159,8,27,612,639,-27,0,7,70,0,12,18,0,94,100,444,detection,
444163,18,27,612,639,-27,0,8,71,1,14,9,0,94,100,444,detection,
444179,5,27,612,639,-27,0,9,70,1,16,3,0,94,100,444,detection,
444184,20,27,612,639,-27,0,9,80,1,16,7,0,94,100,444,detection,
444193,23,27,612,639,-27,0,9,83,1,16,3,0,95,100,444,detection,
444201,25,27,612,639,-27,0,9,84,1,16,3,0,95,100,444,detection,
444693,23,13,787,787,0,0,0,0,0,0,7,0,0,0,444,detection,
444705,4,13,787,787,0,0,0,0,0,0,4,0,0,0,444,detection,
444705,17,13,787,787,0,0,0,0,0,0,3,0,0,0,444,detection,
444724,22,13,787,787,0,0,0,0,0,0,4,0,0,0,444,detection,
445023,2,14,1374,1374,0,0,0,0,0,0,4,0,0,0,445,detection,
447450,25,6,1025,1025,0,0,0,0,0,0,3,0,0,0,447,detection,
447512,21,6,1025,1025,0,0,0,0,0,0,3,0,0,0,447,detection,
447514,19,6,1025,1025,0,0,0,0,0,0,3,0,0,0,447,detection,
451635,3,15,912,912,0,0,0,0,0,0,4,0,0,0,451,detection,
451641,14,15,912,912,0,0,0,0,0,0,5,0,0,0,451,detection,
451657,8,15,912,912,0,0,0,0,0,0,20,0,0,0,451,detection,
451678,5,15,912,912,0,0,0,0,0,0,4,0,0,0,451,detection,
451682,20,15,912,912,0,0,0,0,0,0,5,0,0,0,451,detection,
451694,23,15,912,912,0,0,0,0,0,0,5,0,0,0,451,detection,
451722,7,15,912,912,0,0,0,0,0,0,5,0,0,0,451,detection,
452256,3,20,915,915,0,0,0,0,0,0,2,0,0,0,452,detection,
452273,15,20,915,915,0,0,0,0,0,0,4,0,0,0,452,detection,
452277,6,20,915,915,0,0,0,0,0,0,1,0,0,0,452,detection,
452283,8,20,915,915,0,0,0,0,0,0,17,0,0,0,452,detection,
452303,5,20,915,915,0,0,0,0,0,0,0,0,0,0,452,detection,
452306,12,20,915,915,0,0,0,0,0,0,2,0,0,0,452,detection,
452325,25,20,915,915,0,0,0,0,0,0,0,0,0,0,452,detection,
452407,16,11,512,512,0,0,0,0,0,0,3,0,0,0,452,detection,
455642,14,2,1379,1379,0,0,0,0,0,0,0,0,0,0,455,detection,
460805,5,24,1620,1620,0,0,0,0,0,0,0,0,0,0,460,detection,
460808,12,24,1620,1620,0,0,0,0,0,0,0,0,0,0,460,detection,
460850,7,24,1620,1620,0,0,0,0,0,0,1,0,0,0,460,detection,
462013,21,6,1025,1025,0,0,0,0,0,0,2,0,0,0,462,detection,
462076,25,6,1025,1025,0,0,0,0,0,0,3,0,0,0,462,detection,
468079,4,28,704,729,-25,0,9,35,0,16,3,0,0,0,468,detection,
468346,22,17,512,512,0,0,0,0,0,0,0,0,0,0,468,detection,
470762,21,10,512,512,0,0,0,0,0,0,1,0,0,0,470,detection,
473512,21,19,821,821,0,0,0,0,0,0,0,0,0,0,473,detection,
473516,10,19,821,821,0,0,0,0,0,0,0,0,0,0,473,detection,
473525,6,19,821,821,0,0,0,0,0,0,1,0,0,0,473,detection,
473534,16,19,821,821,0,0,0,0,0,0,0,0,0,0,473,detection,
473583,11,19,821,821,0,0,0,0,0,0,0,0,0,0,473,detection,
476736,1,17,512,512,0,0,0,0,0,0,0,0,0,0,476,detection,
476736,9,17,512,512,0,0,0,0,0,0,1,0,0,0,476,detection,
476748,13,17,512,512,0,0,0,0,0,0,1,0,0,0,476,detection,
476828,4,17,512,512,0,0,0,0,0,0,1,0,0,0,476,detection,
476848,22,17,512,512,0,0,0,0,0,0,0,0,0,0,476,detection,
476992,24,12,1196,1196,0,0,0,0,0,0,10,0,0,0,476,detection,
479466,1,16,817,817,0,0,0,0,0,0,3,0,0,0,479,detection,
479511,19,16,817,817,0,0,0,0,0,0,7,0,0,0,479,detection,
479514,10,16,817,817,0,0,0,0,0,0,7,0,0,0,479,detection,
480078,25,6,1025,1025,0,0,0,0,0,0,3,0,0,0,480,detection,
486498,13,18,512,512,0,0,0,0,0,0,5,0,0,0,486,detection,
488192,1,16,768,768,0,0,0,0,0,0,6,0,0,0,488,detection,
488204,11,16,768,768,0,0,0,0,0,0,3,0,0,0,488,detection,
488222,22,16,768,768,0,0,0,0,0,0,3,0,0,0,488,detection,
488266,10,16,768,768,0,0,0,0,0,0,6,0,0,0,488,detection,
488744,24,7,1229,1229,0,0,0,0,0,0,3,0,0,0,488,detection,
490975,7,24,1485,1485,0,0,0,0,0,0,4,0,0,0,490,detection,
491011,19,6,1025,1025,0,0,0,0,0,0,3,0,0,0,491,detection,
491013,21,6,1025,1025,0,0,0,0,0,0,2,0,0,0,491,detection,
491075,25,6,1025,1025,0,0,0,0,0,0,3,0,0,0,491,detection,
493622,13,4,803,803,0,0,0,0,0,0,0,0,0,0,493,detection,
494233,1,16,768,768,0,0,0,0,0,0,6,0,0,0,494,detection,
494261,19,16,768,768,0,0,0,0,0,0,11,0,0,0,494,detection,
494264,10,16,768,768,0,0,0,0,0,0,6,0,0,0,494,detection,
494331,11,16,768,768,0,0,0,0,0,0,3,0,0,0,494,detection,
494344,22,16,768,768,0,0,0,0,0,0,3,0,0,0,494,detection,
498428,1,18,512,512,0,0,0,0,0,0,5,0,0,0,498,detection,
498452,17,18,512,512,0,0,0,0,0,0,5,0,0,0,498,detection,
498458,11,18,512,512,0,0,0,0,0,0,0,0,0,0,498,detection,
498471,22,18,512,512,0,0,0,0,0,0,8,0,0,0,498,detection,
498495,13,18,512,512,0,0,0,0,0,0,6,0,0,0,498,detection,
498534,8,18,512,512,0,0,0,0,0,0,22,0,0,0,498,detection,
498787,18,31,432,432,0,0,0,0,0,0,7,0,0,0,498,detection,
499808,12,24,1485,1485,0,0,0,0,0,0,3,0,0,0,499,detection,
499850,7,24,1485,1485,0,0,0,0,0,0,4,0,0,0,499,detection,
508010,21,25,826,826,0,0,0,0,0,0,0,0,0,0,508,detection,
508926,1,16,768,768,0,0,0,0,0,0,6,0,0,0,508,detection,
508956,11,16,768,768,0,0,0,0,0,0,3,0,0,0,508,detection,
508970,22,16,768,768,0,0,0,0,0,0,3,0,0,0,508,detection,
509010,19,16,768,768,0,0,0,0,0,0,11,0,0,0,509,detection,
509014,10,16,768,768,0,0,0,0,0,0,6,0,0,0,509,detection,
509622,13,22,529,529,0,0,0,0,0,0,0,0,0,0,509,detection,
513680,5,24,1485,1485,0,0,0,0,0,0,3,0,0,0,513,detection,
513683,12,24,1485,1485,0,0,0,0,0,0,3,0,0,0,513,detection,
513725,7,24,1485,1485,0,0,0,0,0,0,4,0,0,0,513,detection,
517156,8,3,1219,1219,0,0,0,0,0,0,17,0,0,0,517,detection,
517176,5,3,1219,1219,0,0,0,0,0,0,2,0,0,0,517,detection,
517183,12,3,1219,1219,0,0,0,0,0,0,3,0,0,0,517,detection,
517193,23,3,1219,1219,0,0,0,0,0,0,4,0,0,0,517,detection,
517975,7,5,1200,1200,0,0,0,0,0,0,5,0,0,0,517,detection,
518006,3,5,1200,1200,0,0,0,0,0,0,2,0,0,0,518,detection,
518024,15,5,1200,1200,0,0,0,0,0,0,4,0,0,0,518,detection,
518056,12,5,1200,1200,0,0,0,0,0,0,3,0,0,0,518,detection,
518057,20,5,1200,1200,0,0,0,0,0,0,5,0,0,0,518,detection,
518273,15,3,1219,1219,0,0,0,0,0,0,5,0,0,0,518,detection,
518395,14,30,1058,1062,-4,0,1,0,5,16,5,0,0,0,518,detection,
526176,5,7,1227,1227,0,0,0,0,0,0,3,0,0,0,526,detection,
526183,12,7,1227,1227,0,0,0,0,0,0,3,0,0,0,526,detection,
526274,15,7,1227,1227,0,0,0,0,0,0,5,0,0,0,526,detection,
526930,5,29,916,950,-34,0,13,50,8,50,0,0,0,0,526,detection,
527058,1,22,529,529,0,0,0,0,0,0,0,0,0,0,527,detection,
527078,17,22,529,529,0,0,0,0,0,0,0,0,0,0,527,detection,
527079,11,22,529,529,0,0,0,0,0,0,0,0,0,0,527,detection,
527121,13,22,529,529,0,0,0,0,0,0,0,0,0,0,527,detection,
527158,16,22,529,529,0,0,0,0,0,0,2,0,0,0,527,detection,
527327,1,31,412,412,0,0,0,0,0,0,0,0,0,0,527,detection,
527388,19,31,412,412,0,0,0,0,0,0,0,0,0,0,527,detection,
527414,18,31,412,412,0,0,0,0,0,0,7,0,0,0,527,detection,
527433,20,31,412,412,0,0,0,0,0,0,4,0,0,0,527,detection,
527452,25,31,412,412,0,0,0,0,0,0,0,0,0,0,527,detection,
529763,21,19,668,668,0,0,0,0,0,0,3,0,0,0,529,detection,
529767,10,19,668,668,0,0,0,0,0,0,0,0,0,0,529,detection,
529785,16,19,668,668,0,0,0,0,0,0,4,0,0,0,529,detection,
530705,4,9,784,784,0,0,0,0,0,0,0,0,0,0,530,detection,
531032,8,26,814,870,-56,0,15,70,10,12,19,0,94,100,531,detection,
531040,18,26,814,870,-56,0,18,70,12,14,10,0,94,100,531,detection,
531071,23,26,814,870,-56,0,21,70,14,16,1,0,94,100,531,detection,
531082,4,26,814,870,-56,0,20,70,13,16,3,0,94,100,531,detection,
531561,12,29,896,930,-34,0,13,50,8,50,0,0,0,0,531,detection,
531864,1,16,768,768,0,0,0,0,0,0,5,0,0,0,531,detection,
531884,19,16,768,768,0,0,0,0,0,0,7,0,0,0,531,detection,
531891,10,16,768,768,0,0,0,0,0,0,6,0,0,0,531,detection,
531957,11,16,768,768,0,0,0,0,0,0,0,0,0,0,531,detection,
531971,22,16,768,768,0,0,0,0,0,0,3,0,0,0,531,detection,
533453,25,6,1025,1025,0,0,0,0,0,0,0,0,0,0,533,detection,
533512,19,6,1025,1025,0,0,0,0,0,0,4,0,0,0,533,detection,
533514,21,6,1025,1025,0,0,0,0,0,0,2,0,0,0,533,detection,
534817,23,30,1038,1039,-1,0,0,0,6,16,4,0,0,0,534,detection,
534874,13,30,1038,1039,-1,0,0,70,12,16,3,0,94,100,534,detection,
534895,14,30,1038,1039,-1,0,0,0,0,16,4,0,0,0,534,detection,
534898,2,30,1038,1039,-1,0,0,0,6,16,1,0,0,0,534,detection,
534908,8,30,1038,1039,-1,0,0,0,1,12,19,0,0,0,534,detection,
535280,8,26,794,850,-56,0,16,70,0,12,18,0,94,100,535,detection,
535763,21,19,668,668,0,0,0,0,0,0,3,0,0,0,535,detection,
535767,10,19,668,668,0,0,0,0,0,0,0,0,0,0,535,detection,
535776,6,19,668,668,0,0,0,0,0,0,0,0,0,0,535,detection,
535784,16,19,668,668,0,0,0,0,0,0,0,0,0,0,535,detection,
535826,25,19,668,668,0,0,0,0,0,0,3,0,0,0,535,detection,
535829,11,19,668,668,0,0,0,0,0,0,3,0,0,0,535,detection,
538533,8,27,592,593,-1,0,0,70,4,12,18,0,94,100,538,detection,
545023,15,14,1560,1560,0,0,0,0,0,0,7,0,0,0,545,detection,
545023,2,14,1560,1560,0,0,0,0,0,0,5,0,0,0,545,detection,
545066,23,14,1560,1560,0,0,0,0,0,0,6,0,0,0,545,detection,
549600,7,24,1485,1485,0,0,0,0,0,0,4,0,0,0,549,detection,
549682,12,24,1485,1485,0,0,0,0,0,0,3,0,0,0,549,detection,
549683,5,24,1485,1485,0,0,0,0,0,0,0,0,0,0,549,detection,
550352,7,12,1153,1153,0,0,0,0,0,0,2,0,0,0,550,detection,
550367,24,12,1153,1153,0,0,0,0,0,0,10,0,0,0,550,detection,
550384,3,12,1153,1153,0,0,0,0,0,0,0,0,0,0,550,detection,
550431,5,12,1153,1153,0,0,0,0,0,0,13,0,0,0,550,detection,
550826,25,19,668,668,0,0,0,0,0,0,0,0,0,0,550,detection,
550830,11,19,668,668,0,0,0,0,0,0,3,0,0,0,550,detection,
550888,21,19,668,668,0,0,0,0,0,0,3,0,0,0,550,detection,
550893,10,19,668,668,0,0,0,0,0,0,0,0,0,0,550,detection,
550901,6,19,668,668,0,0,0,0,0,0,0,0,0,0,550,detection,
550910,16,19,668,668,0,0,0,0,0,0,0,0,0,0,550,detection,
555601,7,12,1153,1153,0,0,0,0,0,0,2,0,0,0,555,detection,
555772,15,5,1191,1191,0,0,0,0,0,0,5,0,0,0,555,detection,
556684,12,24,1485,1485,0,0,0,0,0,0,3,0,0,0,556,detection,
559393,14,2,1294,1294,0,0,0,0,0,0,0,0,0,0,559,detection,
566578,4,9,782,782,0,0,0,0,0,0,0,0,0,0,566,detection,
574165,18,11,512,512,0,0,0,0,0,0,7,0,0,0,574,detection,
577514,19,21,791,791,0,0,0,0,0,0,1,0,0,0,577,detection,
579013,21,19,693,693,0,0,0,0,0,0,4,0,0,0,579,detection,
579017,10,19,693,693,0,0,0,0,0,0,0,0,0,0,579,detection,
579026,6,19,693,693,0,0,0,0,0,0,0,0,0,0,579,detection,
579035,16,19,693,693,0,0,0,0,0,0,0,0,0,0,579,detection,
579075,25,19,693,693,0,0,0,0,0,0,0,0,0,0,579,detection,
579079,11,19,693,693,0,0,0,0,0,0,3,0,0,0,579,detection,
579956,11,19,693,693,0,0,0,0,0,0,3,0,0,0,579,detection,
581403,1,16,790,790,0,0,0,0,0,0,5,0,0,0,581,detection,
581454,11,16,790,790,0,0,0,0,0,0,0,0,0,0,581,detection,
581472,22,16,790,790,0,0,0,0,0,0,3,0,0,0,581,detection,
581513,19,16,790,790,0,0,0,0,0,0,6,0,0,0,581,detection,
581516,10,16,790,790,0,0,0,0,0,0,5,0,0,0,581,detection,
588310,1,16,790,790,0,0,0,0,0,0,5,0,0,0,588,detection,
591145,14,23,1072,1072,0,0,0,0,0,0,5,0,0,0,591,detection,
591147,15,23,1072,1072,0,0,0,0,0,0,5,0,0,0,591,detection,
591251,13,23,1072,1072,0,0,0,0,0,0,8,0,0,0,591,detection,
591930,1,28,684,703,-19,0,7,24,1,16,3,0,0,0,591,detection,
591954,17,28,684,703,-19,0,7,24,1,16,3,0,0,0,591,detection,
591972,22,28,684,703,-19,0,7,24,1,16,3,0,0,0,591,detection,
594007,3,15,895,895,0,0,0,0,0,0,4,0,0,0,594,detection,
598694,23,13,774,774,0,0,0,0,0,0,6,0,0,0,598,detection,
599944,23,14,1509,1509,0,0,0,0,0,0,6,0,0,0,599,detection,
600226,7,15,895,895,0,0,0,0,0,0,5,0,0,0,600,detection,
600258,3,15,895,895,0,0,0,0,0,0,3,0,0,0,600,detection,
600269,14,15,895,895,0,0,0,0,0,0,4,0,0,0,600,detection,
600281,8,15,895,895,0,0,0,0,0,0,20,0,0,0,600,detection,
600310,20,15,895,895,0,0,0,0,0,0,7,0,0,0,600,detection,
600318,23,15,895,895,0,0,0,0,0,0,4,0,0,0,600,detection,
602080,17,22,521,521,0,0,0,0,0,0,0,0,0,0,602,detection,
604184,20,8,730,730,0,0,0,0,0,0,4,0,0,0,604,detection,
604833,11,10,517,517,0,0,0,0,0,0,0,0,0,0,604,detection,
606149,15,20,744,744,0,0,0,0,0,0,3,0,0,0,606,detection,
610183,12,7,1203,1203,0,0,0,0,0,0,4,0,0,0,610,detection,
610600,7,24,1485,1485,0,0,0,0,0,0,4,0,0,0,610,detection,
610679,5,24,1485,1485,0,0,0,0,0,0,0,0,0,0,610,detection,
610682,12,24,1485,1485,0,0,0,0,0,0,3,0,0,0,610,detection,
620010,3,23,868,868,0,0,0,0,0,0,8,0,0,0,620,detection,
620016,14,23,868,868,0,0,0,0,0,0,9,0,0,0,620,detection,
620022,15,23,868,868,0,0,0,0,0,0,9,0,0,0,620,detection,
620121,13,23,868,868,0,0,0,0,0,0,8,0,0,0,620,detection,
623951,17,18,512,512,0,0,0,0,0,0,6,0,0,0,623,detection,
625324,25,19,764,764,0,0,0,0,0,0,0,0,0,0,625,detection,
625332,11,19,764,764,0,0,0,0,0,0,0,0,0,0,625,detection,
625390,10,19,764,764,0,0,0,0,0,0,0,0,0,0,625,detection,
625403,6,19,764,764,0,0,0,0,0,0,0,0,0,0,625,detection,
626632,3,23,868,868,0,0,0,0,0,0,9,0,0,0,626,detection,
626643,14,23,868,868,0,0,0,0,0,0,9,0,0,0,626,detection,
626649,15,23,868,868,0,0,0,0,0,0,9,0,0,0,626,detection,
628957,4,26,774,865,-91,0,34,75,8,16,2,0,94,100,628,detection,
639953,4,9,800,800,0,0,0,0,0,0,0,0,0,0,639,detection,
640282,8,26,754,754,0,0,0,70,10,25,22,0,91,100,640,detection,
640296,18,26,754,754,0,0,0,70,11,28,14,0,94,100,640,detection,
643998,13,23,890,890,0,0,0,0,0,0,8,0,0,0,643,detection,
644006,3,23,890,890,0,0,0,0,0,0,8,0,0,0,644,detection,
644017,14,23,890,890,0,0,0,0,0,0,9,0,0,0,644,detection,
644023,15,23,890,890,0,0,0,0,0,0,9,0,0,0,644,detection,
649681,12,5,1220,1220,0,0,0,0,0,0,3,0,0,0,649,detection,
650784,16,19,754,754,0,0,0,0,0,0,0,0,0,0,650,detection,
650953,25,21,780,780,0,0,0,0,0,0,0,0,0,0,650,detection,
651012,21,6,1079,1079,0,0,0,0,0,0,1,0,0,0,651,detection,
651075,25,6,1079,1079,0,0,0,0,0,0,0,0,0,0,651,detection,
651138,19,6,1079,1079,0,0,0,0,0,0,4,0,0,0,651,detection,
662059,20,12,1174,1174,0,0,0,0,0,0,22,0,0,0,662,detection,
664154,8,26,714,714,0,0,0,70,0,25,22,0,91,100,664,detection,
664163,18,26,714,714,0,0,0,70,0,28,14,0,94,100,664,detection,
664194,23,26,714,714,0,0,0,70,13,33,6,0,94,100,664,detection,
664205,4,26,714,714,0,0,0,70,21,33,6,0,93,100,664,detection,
664329,11,16,777,777,0,0,0,0,0,0,0,0,0,0,664,detection,
665146,15,8,760,760,0,0,0,0,0,0,1,0,0,0,665,detection,
665160,18,8,760,760,0,0,0,0,0,0,6,0,0,0,665,detection,
665189,20,8,760,760,0,0,0,0,0,0,4,0,0,0,665,detection,
665194,23,8,760,760,0,0,0,0,0,0,1,0,0,0,665,detection,
665224,22,8,760,760,0,0,0,0,0,0,4,0,0,0,665,detection,
665257,3,8,760,760,0,0,0,0,0,0,0,0,0,0,665,detection,
669678,5,27,572,728,-156,0,57,100,31,16,3,0,95,100,669,detection,
670373,13,23,890,890,0,0,0,0,0,0,8,0,0,0,670,detection,
670381,3,23,890,890,0,0,0,0,0,0,7,0,0,0,670,detection,
670391,14,23,890,890,0,0,0,0,0,0,9,0,0,0,670,detection,
670398,15,23,890,890,0,0,0,0,0,0,9,0,0,0,670,detection,
677555,5,15,979,979,0,0,0,0,0,0,5,0,0,0,677,detection,
678352,7,5,1058,1058,0,0,0,0,0,0,9,0,0,0,678,detection,
678368,24,5,1058,1058,0,0,0,0,0,0,6,0,0,0,678,detection,
678384,3,5,1058,1058,0,0,0,0,0,0,1,0,0,0,678,detection,
678397,15,5,1058,1058,0,0,0,0,0,0,3,0,0,0,678,detection,
678431,20,5,1058,1058,0,0,0,0,0,0,10,0,0,0,678,detection,
681013,19,25,793,793,0,0,0,0,0,0,1,0,0,0,681,detection,
681183,12,24,1316,1316,0,0,0,0,0,0,7,0,0,0,681,detection,
681224,7,24,1316,1316,0,0,0,0,0,0,8,0,0,0,681,detection,
684191,23,26,694,719,-25,0,8,70,5,50,6,0,94,100,684,detection,
684280,8,26,694,719,-25,0,7,70,4,37,18,0,94,100,684,detection,
684289,18,26,694,719,-25,0,7,70,5,42,14,0,94,100,684,detection,
685632,3,5,995,995,0,0,0,0,0,0,1,0,0,0,685,detection,
685650,15,5,995,995,0,0,0,0,0,0,3,0,0,0,685,detection,
685682,12,5,995,995,0,0,0,0,0,0,1,0,0,0,685,detection,
685683,20,5,995,995,0,0,0,0,0,0,10,0,0,0,685,detection,
685724,7,5,995,995,0,0,0,0,0,0,8,0,0,0,685,detection,
685740,24,5,995,995,0,0,0,0,0,0,7,0,0,0,685,detection,
687694,23,30,1018,1024,-6,0,2,1,1,16,5,0,0,0,687,detection,
688225,7,24,1251,1251,0,0,0,0,0,0,8,0,0,0,688,detection,
688304,5,24,1251,1251,0,0,0,0,0,0,4,0,0,0,688,detection,
688307,12,24,1251,1251,0,0,0,0,0,0,3,0,0,0,688,detection,
692474,22,28,644,651,-7,0,2,3,2,16,3,0,0,0,692,detection,
698827,25,31,372,376,-4,0,1,0,1,16,0,0,0,0,698,detection,
702177,5,24,1251,1251,0,0,0,0,0,0,4,0,0,0,702,detection,
702186,12,24,1251,1251,0,0,0,0,0,0,3,0,0,0,702,detection,
702226,7,24,1251,1251,0,0,0,0,0,0,3,0,0,0,702,detection,
702556,20,5,963,963,0,0,0,0,0,0,5,0,0,0,702,detection,
702559,12,5,963,963,0,0,0,0,0,0,1,0,0,0,702,detection,
702617,24,5,963,963,0,0,0,0,0,0,7,0,0,0,702,detection,
702633,3,5,963,963,0,0,0,0,0,0,1,0,0,0,702,detection,
702646,15,5,963,963,0,0,0,0,0,0,3,0,0,0,702,detection,
703399,15,14,1470,1470,0,0,0,0,0,0,7,0,0,0,703,detection,
706476,7,3,1075,1075,0,0,0,0,0,0,8,0,0,0,706,detection,
706525,15,3,1075,1075,0,0,0,0,0,0,8,0,0,0,706,detection,
706530,8,3,1075,1075,0,0,0,0,0,0,21,0,0,0,706,detection,
706555,5,3,1075,1075,0,0,0,0,0,0,7,0,0,0,706,detection,
706558,12,3,1075,1075,0,0,0,0,0,0,7,0,0,0,706,detection,
706567,23,3,1075,1075,0,0,0,0,0,0,9,0,0,0,706,detection,
709810,12,24,1219,1219,0,0,0,0,0,0,3,0,0,0,709,detection,
711399,15,3,1054,1054,0,0,0,0,0,0,8,0,0,0,711,detection,
711432,12,3,1054,1054,0,0,0,0,0,0,2,0,0,0,711,detection,
711433,20,3,1054,1054,0,0,0,0,0,0,11,0,0,0,711,detection,
711441,23,3,1054,1054,0,0,0,0,0,0,4,0,0,0,711,detection,
711475,7,3,1054,1054,0,0,0,0,0,0,8,0,0,0,711,detection,
714384,19,11,525,525,0,0,0,0,0,0,7,0,0,0,714,detection,
714392,14,2,1393,1393,0,0,0,0,0,0,0,0,0,0,714,detection,
714770,14,23,885,885,0,0,0,0,0,0,8,0,0,0,714,detection,
714772,15,23,885,885,0,0,0,0,0,0,8,0,0,0,714,detection,
714875,13,23,885,885,0,0,0,0,0,0,7,0,0,0,714,detection,
714883,3,23,885,885,0,0,0,0,0,0,8,0,0,0,714,detection,
715449,25,20,732,732,0,0,0,0,0,0,0,0,0,0,715,detection,
725302,5,24,1219,1219,0,0,0,0,0,0,4,0,0,0,725,detection,
725309,12,24,1219,1219,0,0,0,0,0,0,3,0,0,0,725,detection,
725351,7,24,1219,1219,0,0,0,0,0,0,3,0,0,0,725,detection,
726525,15,3,1054,1054,0,0,0,0,0,0,3,0,0,0,726,detection,
726530,8,3,1054,1054,0,0,0,0,0,0,21,0,0,0,726,detection,
726555,5,3,1054,1054,0,0,0,0,0,0,2,0,0,0,726,detection,
726558,12,3,1054,1054,0,0,0,0,0,0,2,0,0,0,726,detection,
726559,20,3,1054,1054,0,0,0,0,0,0,10,0,0,0,726,detection,
726567,23,3,1054,1054,0,0,0,0,0,0,3,0,0,0,726,detection,
726601,7,3,1054,1054,0,0,0,0,0,0,3,0,0,0,726,detection,
732391,14,23,885,885,0,0,0,0,0,0,3,0,0,0,732,detection,
733260,3,12,1184,1184,0,0,0,0,0,0,0,0,0,0,733,detection,
734554,20,5,915,915,0,0,0,0,0,0,5,0,0,0,734,detection,
734557,12,5,915,915,0,0,0,0,0,0,1,0,0,0,734,detection,
734599,7,5,915,915,0,0,0,0,0,0,9,0,0,0,734,detection,
734615,24,5,915,915,0,0,0,0,0,0,8,0,0,0,734,detection,
734631,3,5,915,915,0,0,0,0,0,0,3,0,0,0,734,detection,
734649,15,5,915,915,0,0,0,0,0,0,3,0,0,0,734,detection,
740098,22,18,529,529,0,0,0,0,0,0,7,0,0,0,740,detection,
741817,1,16,776,776,0,0,0,0,0,0,5,0,0,0,741,detection,
741891,10,16,776,776,0,0,0,0,0,0,5,0,0,0,741,detection,
741929,5,7,1205,1205,0,0,0,0,0,0,4,0,0,0,741,detection,
741932,12,7,1205,1205,0,0,0,0,0,0,4,0,0,0,741,detection,
748179,5,7,1205,1205,0,0,0,0,0,0,5,0,0,0,748,detection,
748826,25,27,552,578,-26,0,9,91,0,16,3,0,95,100,748,detection,
751775,6,25,783,783,0,0,0,0,0,0,2,0,0,0,751,detection,
752915,18,27,532,548,-16,0,5,71,2,14,9,0,94,100,752,detection,
752936,20,27,532,548,-16,0,5,77,2,14,9,0,94,100,752,detection,
752944,23,27,532,548,-16,0,5,80,2,16,5,0,94,100,752,detection,
753009,3,27,532,548,-16,0,5,79,2,16,4,0,94,100,753,detection,
753025,15,27,532,548,-16,0,5,70,2,16,5,0,94,100,753,detection,
753030,8,27,532,548,-16,0,4,70,2,12,18,0,94,100,753,detection,
754683,20,15,844,844,0,0,0,0,0,0,7,0,0,0,754,detection,
757278,6,19,755,755,0,0,0,0,0,0,0,0,0,0,757,detection,
757328,4,9,787,787,0,0,0,0,0,0,0,0,0,0,757,detection,
759509,3,15,838,838,0,0,0,0,0,0,4,0,0,0,759,detection,
759519,14,15,838,838,0,0,0,0,0,0,1,0,0,0,759,detection,
759531,8,15,838,838,0,0,0,0,0,0,19,0,0,0,759,detection,
759552,5,15,838,838,0,0,0,0,0,0,5,0,0,0,759,detection,
759556,20,15,838,838,0,0,0,0,0,0,2,0,0,0,759,detection,
759601,7,15,838,838,0,0,0,0,0,0,4,0,0,0,759,detection,
760650,15,3,961,961,0,0,0,0,0,0,3,0,0,0,760,detection,
760655,8,3,961,961,0,0,0,0,0,0,20,0,0,0,760,detection,
760679,5,3,961,961,0,0,0,0,0,0,1,0,0,0,760,detection,
760683,12,3,961,961,0,0,0,0,0,0,2,0,0,0,760,detection,
760684,20,3,961,961,0,0,0,0,0,0,10,0,0,0,760,detection,
760692,23,3,961,961,0,0,0,0,0,0,3,0,0,0,760,detection,
760725,7,3,961,961,0,0,0,0,0,0,3,0,0,0,760,detection,
761946,23,26,674,687,-13,0,4,70,2,50,6,0,94,100,761,detection,
761958,4,26,674,687,-13,0,4,70,3,50,6,0,94,100,761,detection,
762031,8,26,674,687,-13,0,3,70,2,37,17,0,94,100,762,detection,
762788,18,8,720,720,0,0,0,0,0,0,6,0,0,0,762,detection,
765659,8,28,624,627,-3,0,0,0,4,12,18,3,0,0,765,detection,
767973,22,16,822,822,0,0,0,0,0,0,4,0,0,0,767,detection,
768929,5,29,856,974,-118,0,45,70,21,50,1,0,72,55,768,detection,
768937,12,29,856,974,-118,0,46,70,21,50,0,0,72,55,768,detection,
768955,25,29,856,974,-118,0,46,70,30,50,0,0,51,40,768,detection,
774281,8,3,961,961,0,0,0,0,0,0,20,0,0,0,774,detection,
779401,15,14,1421,1421,0,0,0,0,0,0,6,0,0,0,779,detection,
782010,19,10,512,512,0,0,0,0,0,0,1,0,0,0,782,detection,
783887,21,19,746,746,0,0,0,0,0,0,4,0,0,0,783,detection,
783891,10,19,746,746,0,0,0,0,0,0,0,0,0,0,783,detection,
783909,16,19,746,746,0,0,0,0,0,0,0,0,0,0,783,detection,
783954,25,19,746,746,0,0,0,0,0,0,0,0,0,0,783,detection,
783957,11,19,746,746,0,0,0,0,0,0,0,0,0,0,783,detection,
785302,5,24,1171,1171,0,0,0,0,0,0,4,0,0,0,785,detection,
785309,12,24,1171,1171,0,0,0,0,0,0,3,0,0,0,785,detection,
785351,7,24,1171,1171,0,0,0,0,0,0,3,0,0,0,785,detection,
792601,7,5,935,935,0,0,0,0,0,0,4,0,0,0,792,detection,
792616,24,5,935,935,0,0,0,0,0,0,3,0,0,0,792,detection,
792633,3,5,935,935,0,0,0,0,0,0,2,0,0,0,792,detection,
792650,15,5,935,935,0,0,0,0,0,0,3,0,0,0,792,detection,
792683,12,5,935,935,0,0,0,0,0,0,1,0,0,0,792,detection,
792683,20,5,935,935,0,0,0,0,0,0,5,0,0,0,792,detection,
793471,22,17,521,521,0,0,0,0,0,0,0,0,0,0,793,detection,
796136,19,21,768,768,0,0,0,0,0,0,0,0,0,0,796,detection,
798785,8,20,778,778,0,0,0,0,0,0,17,0,0,0,798,detection,
801695,23,26,654,686,-32,0,12,70,4,50,1,0,94,100,801,detection,
801916,18,4,848,848,0,0,0,0,0,0,9,0,0,0,801,detection,
803851,7,24,1191,1191,0,0,0,0,0,0,3,0,0,0,803,detection,
808532,8,30,998,1008,-10,0,2,8,1,12,19,0,0,0,808,detection,
810132,3,7,1178,1178,0,0,0,0,0,0,5,0,0,0,810,detection,
812873,13,23,821,821,0,0,0,0,0,0,7,0,0,0,812,detection,
812882,3,23,821,821,0,0,0,0,0,0,8,0,0,0,812,detection,
812892,14,23,821,821,0,0,0,0,0,0,3,0,0,0,812,detection,
812899,15,23,821,821,0,0,0,0,0,0,3,0,0,0,812,detection,
816829,4,13,831,831,0,0,0,0,0,0,3,0,0,0,816,detection,
816829,17,13,831,831,0,0,0,0,0,0,3,0,0,0,816,detection,
816848,22,13,831,831,0,0,0,0,0,0,3,0,0,0,816,detection,
816941,23,13,831,831,0,0,0,0,0,0,7,0,0,0,816,detection,
817895,14,2,1392,1392,0,0,0,0,0,0,0,0,0,0,817,detection,
822882,3,20,778,778,0,0,0,0,0,0,3,0,0,0,822,detection,
822898,15,20,778,778,0,0,0,0,0,0,3,0,0,0,822,detection,
822902,6,20,778,778,0,0,0,0,0,0,1,0,0,0,822,detection,
822929,5,20,778,778,0,0,0,0,0,0,2,0,0,0,822,detection,
822932,12,20,778,778,0,0,0,0,0,0,2,0,0,0,822,detection,
822950,25,20,778,778,0,0,0,0,0,0,0,0,0,0,822,detection,
822976,7,3,936,936,0,0,0,0,0,0,3,0,0,0,822,detection,
822979,1,10,512,512,0,0,0,0,0,0,0,0,0,0,822,detection,
823012,19,10,512,512,0,0,0,0,0,0,1,0,0,0,823,detection,
823014,21,10,512,512,0,0,0,0,0,0,1,0,0,0,823,detection,
823025,15,3,936,936,0,0,0,0,0,0,2,0,0,0,823,detection,
823029,8,3,936,936,0,0,0,0,0,0,20,0,0,0,823,detection,
823032,16,10,512,512,0,0,0,0,0,0,1,0,0,0,823,detection,
823054,5,3,936,936,0,0,0,0,0,0,1,0,0,0,823,detection,
823058,12,3,936,936,0,0,0,0,0,0,1,0,0,0,823,detection,
823058,20,3,936,936,0,0,0,0,0,0,5,0,0,0,823,detection,
823067,23,3,936,936,0,0,0,0,0,0,3,0,0,0,823,detection,
823081,11,10,512,512,0,0,0,0,0,0,0,0,0,0,823,detection,
833203,4,9,840,840,0,0,0,0,0,0,0,0,0,0,833,detection,
833307,1,17,516,516,0,0,0,0,0,0,0,0,0,0,833,detection,
833346,22,17,516,516,0,0,0,0,0,0,0,0,0,0,833,detection,
833370,13,17,516,516,0,0,0,0,0,0,1,0,0,0,833,detection,
835453,25,29,836,921,-85,0,33,100,8,33,0,0,92,100,835,detection,
837581,1,22,512,512,0,0,0,0,0,0,0,0,0,0,837,detection,
837660,16,22,512,512,0,0,0,0,0,0,2,0,0,0,837,detection,
837703,17,22,512,512,0,0,0,0,0,0,0,0,0,0,837,detection,
837704,11,22,512,512,0,0,0,0,0,0,0,0,0,0,837,detection,
838080,4,26,634,677,-43,0,16,80,7,50,2,0,94,100,838,detection,
841331,4,9,840,840,0,0,0,0,0,0,0,0,0,0,841,detection,
844095,22,31,352,352,0,0,0,0,0,0,0,0,0,0,844,detection,
849458,11,18,512,512,0,0,0,0,0,0,0,0,0,0,849,detection,
851818,1,16,802,802,0,0,0,0,0,0,1,0,0,0,851,detection,
852135,3,5,909,909,0,0,0,0,0,0,2,0,0,0,852,detection,
852204,11,22,512,512,0,0,0,0,0,0,0,0,0,0,852,detection,
852228,7,12,1131,1131,0,0,0,0,0,0,1,0,0,0,852,detection,
857934,20,25,826,826,0,0,0,0,0,0,6,0,0,0,857,detection,
867558,20,27,512,542,-30,0,9,84,3,0,9,0,95,100,867,detection,
870741,24,5,900,900,0,0,0,0,0,0,3,0,0,0,870,detection,
870757,3,5,900,900,0,0,0,0,0,0,3,0,0,0,870,detection,
870775,15,5,900,900,0,0,0,0,0,0,3,0,0,0,870,detection,
870807,12,5,900,900,0,0,0,0,0,0,1,0,0,0,870,detection,
870808,20,5,900,900,0,0,0,0,0,0,5,0,0,0,870,detection,
870849,7,5,900,900,0,0,0,0,0,0,4,0,0,0,870,detection,
875011,19,6,1058,1058,0,0,0,0,0,0,0,0,0,0,875,detection,
875013,21,6,1058,1058,0,0,0,0,0,0,1,0,0,0,875,detection,
875076,25,6,1058,1058,0,0,0,0,0,0,0,0,0,0,875,detection,
877393,1,11,522,522,0,0,0,0,0,0,3,0,0,0,877,detection,
877408,16,11,522,522,0,0,0,0,0,0,4,0,0,0,877,detection,
877411,18,11,522,522,0,0,0,0,0,0,9,0,0,0,877,detection,
877453,25,11,522,522,0,0,0,0,0,0,3,0,0,0,877,detection,
877469,22,11,522,522,0,0,0,0,0,0,3,0,0,0,877,detection,
877512,19,11,522,522,0,0,0,0,0,0,6,0,0,0,877,detection,
877515,10,11,522,522,0,0,0,0,0,0,3,0,0,0,877,detection,
885871,13,23,814,814,0,0,0,0,0,0,7,0,0,0,885,detection,
888535,16,19,733,733,0,0,0,0,0,0,0,0,0,0,888,detection,
889282,8,15,826,826,0,0,0,0,0,0,19,0,0,0,889,detection,
893881,3,20,765,765,0,0,0,0,0,0,2,0,0,0,893,detection,
894998,13,28,604,696,-92,0,33,70,16,16,3,7,94,100,894,detection,
902576,25,21,781,781,0,0,0,0,0,0,0,0,0,0,902,detection,
905410,8,26,614,638,-24,0,6,70,2,37,17,0,94,100,905,detection,
921069,23,30,978,992,-14,0,5,15,1,16,4,0,0,0,921,detection,
921885,19,16,795,795,0,0,0,0,0,0,6,0,0,0,921,detection,
922458,11,10,512,512,0,0,0,0,0,0,0,0,0,0,922,detection,
922522,15,3,918,918,0,0,0,0,0,0,2,0,0,0,922,detection,
922534,8,3,918,918,0,0,0,0,0,0,19,0,0,0,922,detection,
922551,5,3,918,918,0,0,0,0,0,0,1,0,0,0,922,detection,
922555,20,3,918,918,0,0,0,0,0,0,5,0,0,0,922,detection,
922568,23,3,918,918,0,0,0,0,0,0,2,0,0,0,922,detection,
922602,7,3,918,918,0,0,0,0,0,0,3,0,0,0,922,detection,
922790,18,31,332,332,0,0,0,0,0,0,11,0,0,0,922,detection,
922975,7,12,1125,1125,0,0,0,0,0,0,1,0,0,0,922,detection,
922994,24,12,1125,1125,0,0,0,0,0,0,11,0,0,0,922,detection,
923011,3,12,1125,1125,0,0,0,0,0,0,0,0,0,0,923,detection,
923054,5,12,1125,1125,0,0,0,0,0,0,14,0,0,0,923,detection,
923058,20,12,1125,1125,0,0,0,0,0,0,16,0,0,0,923,detection,
925184,12,24,1156,1156,0,0,0,0,0,0,3,0,0,0,925,detection,
928273,15,14,1376,1376,0,0,0,0,0,0,4,0,0,0,928,detection,
928273,2,14,1376,1376,0,0,0,0,0,0,4,0,0,0,928,detection,
928867,24,7,1175,1175,0,0,0,0,0,0,6,0,0,0,928,detection,
929898,2,14,1376,1376,0,0,0,0,0,0,4,0,0,0,929,detection,
930641,10,21,777,777,0,0,0,0,0,0,0,0,0,0,930,detection,
930654,6,21,777,777,0,0,0,0,0,0,1,0,0,0,930,detection,
935901,15,27,492,570,-78,0,28,97,14,16,4,0,95,100,935,detection,
936318,23,3,918,918,0,0,0,0,0,0,2,0,0,0,936,detection,
936952,4,9,819,819,0,0,0,0,0,0,0,0,0,0,936,detection,
938825,1,16,792,792,0,0,0,0,0,0,0,0,0,0,938,detection,
938888,19,16,792,792,0,0,0,0,0,0,5,0,0,0,938,detection,
938891,10,16,792,792,0,0,0,0,0,0,5,0,0,0,938,detection,
941889,21,25,857,857,0,0,0,0,0,0,0,0,0,0,941,detection,
943413,18,11,515,515,0,0,0,0,0,0,9,0,0,0,943,detection,
946360,1,28,584,636,-52,0,19,70,8,16,3,10,94,100,946,detection,
946376,13,28,584,636,-52,0,19,73,10,16,2,21,97,100,946,detection,
946406,8,28,584,636,-52,0,14,70,9,12,18,21,97,100,946,detection,
946414,18,28,584,636,-52,0,16,70,5,14,12,0,94,100,946,detection,
946456,4,28,584,636,-52,0,19,70,6,16,3,0,94,100,946,detection,
949529,8,18,512,512,0,0,0,0,0,0,22,0,0,0,949,detection,
950581,4,13,808,808,0,0,0,0,0,0,3,0,0,0,950,detection,
955395,14,2,1366,1366,0,0,0,0,0,0,0,0,0,0,955,detection,
960027,6,20,771,771,0,0,0,0,0,0,1,0,0,0,960,detection,
968288,18,22,512,512,0,0,0,0,0,0,9,0,0,0,968,detection,
973763,19,21,808,808,0,0,0,0,0,0,0,0,0,0,973,detection,
974068,23,15,814,814,0,0,0,0,0,0,6,0,0,0,974,detection,
989488,9,4,838,838,0,0,0,0,0,0,0,0,0,0,989,detection,
992193,23,30,958,963,-5,0,1,0,2,16,3,0,0,0,992,detection,
992250,13,30,958,963,-5,0,1,70,1,16,2,0,94,100,992,detection,
992267,14,30,958,963,-5,0,1,0,0,16,3,0,0,0,992,detection,
992270,2,30,958,963,-5,0,1,0,1,16,1,0,0,0,992,detection,
992284,8,30,958,963,-5,0,1,0,0,12,18,0,0,0,992,detection,
993083,11,19,714,714,0,0,0,0,0,0,0,0,0,0,993,detection,
993140,21,19,714,714,0,0,0,0,0,0,3,0,0,0,993,detection,
993140,10,19,714,714,0,0,0,0,0,0,0,0,0,0,993,detection,
993149,6,19,714,714,0,0,0,0,0,0,0,0,0,0,993,detection,
993158,16,19,714,714,0,0,0,0,0,0,0,0,0,0,993,detection,
1005330,17,4,838,838,0,0,0,0,0,0,0,0,0,0,1005,detection,
1005362,9,4,838,838,0,0,0,0,0,0,0,0,0,0,1005,detection,
1005370,13,4,838,838,0,0,0,0,0,0,0,0,0,0,1005,detection,
1005414,18,4,838,838,0,0,0,0,0,0,11,0,0,0,1005,detection,
1005678,5,12,1119,1119,0,0,0,0,0,0,13,0,0,0,1005,detection,
1006575,25,19,714,714,0,0,0,0,0,0,0,0,0,0,1006,detection,
1014634,3,23,941,941,0,0,0,0,0,0,7,0,0,0,1014,detection,
1014641,14,23,941,941,0,0,0,0,0,0,3,0,0,0,1014,detection,
1014647,15,23,941,941,0,0,0,0,0,0,3,0,0,0,1014,detection,
1014746,13,23,941,941,0,0,0,0,0,0,6,0,0,0,1014,detection,
1018433,20,8,758,758,0,0,0,0,0,0,4,0,0,0,1018,detection,
1021525,15,3,882,882,0,0,0,0,0,0,2,0,0,0,1021,detection,
1024623,13,30,938,939,-1,0,0,64,1,16,2,0,92,100,1024,detection,
1027552,5,20,726,726,0,0,0,0,0,0,2,0,0,0,1027,detection,
1030830,25,27,472,625,-153,0,56,100,31,16,3,0,95,100,1030,detection,
1031307,20,5,908,908,0,0,0,0,0,0,5,0,0,0,1031,detection,
1035137,19,25,840,840,0,0,0,0,0,0,0,0,0,0,1035,detection,
1035474,22,28,564,601,-37,0,13,56,7,16,2,14,0,0,1035,detection,
1042679,5,15,806,806,0,0,0,0,0,0,5,0,0,0,1042,detection,
1047090,1,18,512,512,0,0,0,0,0,0,6,0,0,0,1047,detection,
1047123,13,18,512,512,0,0,0,0,0,0,6,0,0,0,1047,detection,
1047154,8,18,512,512,0,0,0,0,0,0,22,0,0,0,1047,detection,
1047203,17,18,512,512,0,0,0,0,0,0,6,0,0,0,1047,detection,
1047203,4,18,512,512,0,0,0,0,0,0,6,0,0,0,1047,detection,
1047205,11,18,512,512,0,0,0,0,0,0,0,0,0,0,1047,detection,
1053454,11,25,840,840,0,0,0,0,0,0,0,0,0,0,1053,detection,
1053510,19,25,840,840,0,0,0,0,0,0,0,0,0,0,1053,detection,
1053513,21,25,840,840,0,0,0,0,0,0,0,0,0,0,1053,detection,
1053526,6,25,840,840,0,0,0,0,0,0,1,0,0,0,1053,detection,
1053558,20,25,840,840,0,0,0,0,0,0,3,0,0,0,1053,detection,
1057100,22,17,512,512,0,0,0,0,0,0,0,0,0,0,1057,detection,
1058158,16,11,512,512,0,0,0,0,0,0,4,0,0,0,1058,detection,
1058637,1,31,312,312,0,0,0,0,0,0,0,0,0,0,1058,detection,
1058702,25,31,312,312,0,0,0,0,1,33,0,0,0,0,1058,detection,
1058705,11,31,312,312,0,0,0,0,0,0,0,0,0,0,1058,detection,
1058761,19,31,312,312,0,0,0,0,0,0,1,0,0,0,1058,detection,
1059018,14,2,1295,1295,0,0,0,0,0,0,0,0,0,0,1059,detection,
1061196,23,14,1323,1323,0,0,0,0,0,0,5,0,0,0,1061,detection,
1061331,4,9,793,793,0,0,0,0,0,0,0,0,0,0,1061,detection,
1061499,13,22,512,512,0,0,0,0,0,0,0,0,0,0,1061,detection,
1068225,7,5,885,885,0,0,0,0,0,0,4,0,0,0,1068,detection,
1068241,24,5,885,885,0,0,0,0,0,0,3,0,0,0,1068,detection,
1068257,3,5,885,885,0,0,0,0,0,0,3,0,0,0,1068,detection,
1068306,12,5,885,885,0,0,0,0,0,0,1,0,0,0,1068,detection,
1068307,20,5,885,885,0,0,0,0,0,0,5,0,0,0,1068,detection,
1068456,4,26,594,614,-20,0,7,83,5,50,2,23,97,100,1068,detection,
1073011,19,10,512,512,0,0,0,0,0,0,1,0,0,0,1073,detection,
1075348,22,16,778,778,0,0,0,0,0,0,0,0,0,0,1075,detection,
1075518,14,2,1295,1295,0,0,0,0,0,0,0,0,0,0,1075,detection,
1082929,5,7,1217,1217,0,0,0,0,0,0,5,0,0,0,1082,detection,
1088100,7,24,1160,1160,0,0,0,0,0,0,3,0,0,0,1088,detection,
1092950,25,21,810,810,0,0,0,0,0,0,0,0,0,0,1092,detection,
1100006,3,8,740,740,0,0,0,0,0,0,1,0,0,0,1100,detection,
1100656,6,29,796,931,-135,0,50,76,33,33,2,0,70,55,1100,detection,
1100678,5,29,796,931,-135,0,50,100,4,50,2,0,82,55,1100,detection,
1100686,12,29,796,931,-135,0,51,100,4,33,1,0,82,55,1100,detection,
1100701,25,29,796,931,-135,0,51,100,12,16,1,0,95,100,1100,detection,
1104557,20,12,1070,1070,0,0,0,0,0,0,15,0,0,0,1104,detection,
1114927,5,24,1158,1158,0,0,0,0,0,0,4,0,0,0,1114,detection,
1114934,12,24,1158,1158,0,0,0,0,0,0,3,0,0,0,1114,detection,
1116703,4,18,512,512,0,0,0,0,0,0,7,0,0,0,1116,detection,
1117704,25,6,1040,1040,0,0,0,0,0,0,0,0,0,0,1117,detection,
1118385,19,11,525,525,0,0,0,0,0,0,6,0,0,0,1118,detection,
1118655,8,30,918,918,0,0,0,0,0,25,18,0,0,0,1118,detection,
1122308,20,3,849,849,0,0,0,0,0,0,5,0,0,0,1122,detection,
1133331,4,26,574,586,-12,0,4,82,2,50,2,53,98,100,1133,detection,
1133412,18,26,574,586,-12,0,3,70,2,42,12,26,97,100,1133,detection,
1133443,23,26,574,586,-12,0,4,70,5,50,1,0,94,100,1133,detection,
1143411,18,4,804,804,0,0,0,0,0,0,11,0,0,0,1143,detection,
1149018,14,15,787,787,0,0,0,0,0,0,0,0,0,0,1149,detection,
1152143,14,2,1265,1265,0,0,0,0,0,0,0,0,0,0,1152,detection,
1155903,6,29,776,884,-108,0,40,100,6,16,2,0,95,100,1155,detection,
1156952,17,28,544,602,-58,0,21,70,9,16,3,18,94,100,1156,detection,
1157579,11,10,512,512,0,0,0,0,0,0,0,0,0,0,1157,detection,
1159885,3,27,452,464,-12,0,4,77,0,16,4,0,94,100,1159,detection,
1159897,15,27,452,464,-12,0,4,95,15,16,4,0,95,100,1159,detection,
1159910,8,27,452,464,-12,0,3,70,0,0,18,36,97,100,1159,detection,
1159915,18,27,452,464,-12,0,3,70,0,14,12,0,94,100,1159,detection,
1159927,5,27,452,464,-12,0,4,100,34,16,4,0,95,100,1159,detection,
1159936,20,27,452,464,-12,0,3,81,3,0,9,0,94,100,1159,detection,
1159945,23,27,452,464,-12,0,4,79,0,16,4,0,94,100,1159,detection,
1159953,25,27,452,464,-12,0,4,100,34,0,3,0,95,100,1159,detection,
1165275,6,19,583,583,0,0,0,0,0,0,0,0,0,0,1165,detection,
1173558,20,27,432,434,-2,0,0,76,2,0,7,0,94,100,1173,detection,
1176319,23,26,554,576,-22,0,8,70,2,50,1,0,94,100,1176,detection,
1181137,19,25,708,708,0,0,0,0,0,0,3,0,0,0,1181,detection,
1181139,21,25,708,708,0,0,0,0,0,0,4,0,0,0,1181,detection,
1181152,6,25,708,708,0,0,0,0,0,0,5,0,0,0,1181,detection,
1181184,20,25,708,708,0,0,0,0,0,0,7,0,0,0,1181,detection,
1181204,11,25,708,708,0,0,0,0,0,0,4,0,0,0,1181,detection,
1183578,4,9,779,779,0,0,0,0,0,0,0,0,0,0,1183,detection,
1183683,12,3,751,751,0,0,0,0,0,0,1,0,0,0,1183,detection,
1183693,23,3,751,751,0,0,0,0,0,0,3,0,0,0,1183,detection,
1183726,7,3,751,751,0,0,0,0,0,0,2,0,0,0,1183,detection,
1183770,15,3,751,751,0,0,0,0,0,0,2,0,0,0,1183,detection,
1183780,8,3,751,751,0,0,0,0,0,0,20,0,0,0,1183,detection,
1183800,5,3,751,751,0,0,0,0,0,0,1,0,0,0,1183,detection,
1186243,24,7,1022,1022,0,0,0,0,0,0,10,0,0,0,1186,detection,
1186271,15,7,1022,1022,0,0,0,0,0,0,3,0,0,0,1186,detection,
1187779,6,25,781,781,0,0,0,0,0,0,5,0,0,0,1187,detection,
1187806,20,25,781,781,0,0,0,0,0,0,7,0,0,0,1187,detection,
1187887,19,25,781,781,0,0,0,0,0,0,3,0,0,0,1187,detection,
1190483,1,16,790,790,0,0,0,0,0,0,0,0,0,0,1190,detection,
1193928,5,7,1042,1042,0,0,0,0,0,0,4,0,0,0,1193,detection,
1193993,24,7,1042,1042,0,0,0,0,0,0,5,0,0,0,1193,detection,
1194009,3,7,1042,1042,0,0,0,0,0,0,9,0,0,0,1194,detection,
1194022,15,7,1042,1042,0,0,0,0,0,0,4,0,0,0,1194,detection,
1205385,3,7,1034,1034,0,0,0,0,0,0,4,0,0,0,1205,detection,
1205397,15,7,1034,1034,0,0,0,0,0,0,3,0,0,0,1205,detection,
1205428,5,7,1034,1034,0,0,0,0,0,0,4,0,0,0,1205,detection,
1205435,12,7,1034,1034,0,0,0,0,0,0,4,0,0,0,1205,detection,
1205493,24,7,1034,1034,0,0,0,0,0,0,4,0,0,0,1205,detection,
1206186,12,24,1194,1194,0,0,0,0,0,0,3,0,0,0,1206,detection,
1206556,12,3,738,738,0,0,0,0,0,0,1,0,0,0,1206,detection,
1206896,15,20,734,734,0,0,0,0,0,0,3,0,0,0,1206,detection,
1207638,19,25,817,817,0,0,0,0,0,0,4,0,0,0,1207,detection,
1207640,21,25,817,817,0,0,0,0,0,0,4,0,0,0,1207,detection,
1207649,6,25,817,817,0,0,0,0,0,0,5,0,0,0,1207,detection,
1207681,20,25,817,817,0,0,0,0,0,0,7,0,0,0,1207,detection,
1207706,11,25,817,817,0,0,0,0,0,0,4,0,0,0,1207,detection,
1209594,22,8,757,757,0,0,0,0,0,0,0,0,0,0,1209,detection,
1209625,13,8,757,757,0,0,0,0,0,0,0,0,0,0,1209,detection,
1209632,3,8,757,757,0,0,0,0,0,0,1,0,0,0,1209,detection,
1209663,18,8,757,757,0,0,0,0,0,0,11,0,0,0,1209,detection,
1209684,20,8,757,757,0,0,0,0,0,0,4,0,0,0,1209,detection,
1209693,23,8,757,757,0,0,0,0,0,0,2,0,0,0,1209,detection,
1214820,23,14,1329,1329,0,0,0,0,0,0,4,0,0,0,1214,detection,
1219226,7,12,1062,1062,0,0,0,0,0,0,2,0,0,0,1219,detection,
1222557,12,7,1031,1031,0,0,0,0,0,0,3,0,0,0,1222,detection,
1226888,19,10,512,512,0,0,0,0,0,0,0,0,0,0,1226,detection,
1228015,21,25,806,806,0,0,0,0,0,0,4,0,0,0,1228,detection,
1228080,11,25,806,806,0,0,0,0,0,0,4,0,0,0,1228,detection,
1232684,12,7,1031,1031,0,0,0,0,0,0,3,0,0,0,1232,detection,
1232742,24,7,1031,1031,0,0,0,0,0,0,5,0,0,0,1232,detection,
1232758,3,7,1031,1031,0,0,0,0,0,0,4,0,0,0,1232,detection,
1232775,15,7,1031,1031,0,0,0,0,0,0,4,0,0,0,1232,detection,
1232805,5,7,1031,1031,0,0,0,0,0,0,4,0,0,0,1232,detection,
1240134,3,5,739,739,0,0,0,0,0,0,1,0,0,0,1240,detection,
1245392,14,2,1254,1254,0,0,0,0,0,0,0,0,0,0,1245,detection,
1246139,19,21,785,785,0,0,0,0,0,0,0,0,0,0,1246,detection,
1249055,5,29,756,819,-63,0,23,100,18,33,2,0,95,100,1249,detection,
1249657,16,22,512,512,0,0,0,0,0,0,2,0,0,0,1249,detection,
1251406,8,27,412,426,-14,0,4,70,0,0,18,89,99,100,1251,detection,
1256625,13,30,898,920,-22,0,8,70,5,16,2,0,94,100,1256,detection,
1269078,25,6,1061,1061,0,0,0,0,0,0,1,0,0,0,1269,detection,
1270956,4,9,852,852,0,0,0,0,0,0,0,0,0,0,1270,detection,
1280155,8,15,740,740,0,0,0,0,0,0,16,0,0,0,1280,detection,
1280159,16,19,597,597,0,0,0,0,0,0,0,0,0,0,1280,detection,
1286471,22,11,512,512,0,0,0,0,0,0,3,0,0,0,1286,detection,
1286531,8,20,715,715,0,0,0,0,0,0,17,0,0,0,1286,detection,
1289407,8,3,724,724,0,0,0,0,0,0,16,0,0,0,1289,detection,
1296221,22,31,276,276,0,0,0,0,0,0,0,0,0,0,1296,detection,
1298141,3,27,392,673,-281,0,94,100,60,0,8,0,82,75,1298,detection,
1298151,15,27,392,673,-281,0,94,100,60,0,8,0,82,75,1298,detection,
1298181,5,27,392,673,-281,0,94,100,60,16,8,0,82,75,1298,detection,
1298194,23,27,392,673,-281,0,94,100,60,0,8,0,82,75,1298,detection,
1303434,20,25,787,787,0,0,0,0,0,0,7,0,0,0,1303,detection,
1303511,19,25,787,787,0,0,0,0,0,0,4,0,0,0,1303,detection,
1303513,21,25,787,787,0,0,0,0,0,0,4,0,0,0,1303,detection,
1303526,6,25,787,787,0,0,0,0,0,0,5,0,0,0,1303,detection,
1305428,5,7,1049,1049,0,0,0,0,0,0,4,0,0,0,1305,detection,
1306184,20,27,372,594,-222,0,71,100,47,0,11,0,82,75,1306,detection,
1306193,23,27,372,594,-222,0,75,100,13,0,8,0,82,75,1306,detection,
1306201,25,27,372,594,-222,0,76,100,48,0,7,0,82,75,1306,detection,
1306257,3,27,372,594,-222,0,75,100,13,0,8,0,82,75,1306,detection,
1306273,15,27,372,594,-222,0,75,100,13,0,8,0,82,75,1306,detection,
1306284,8,27,372,594,-222,0,60,100,37,0,22,0,92,100,1306,detection,
1306303,5,27,372,594,-222,0,76,100,13,0,7,0,82,75,1306,detection,
1310153,6,20,628,628,0,0,0,0,0,0,1,0,0,0,1310,detection,
1310155,8,20,628,628,0,0,0,0,0,0,16,0,0,0,1310,detection,
1310183,12,20,628,628,0,0,0,0,0,0,7,0,0,0,1310,detection,
1310201,25,20,628,628,0,0,0,0,0,0,6,0,0,0,1310,detection,
1310257,3,20,628,628,0,0,0,0,0,0,6,0,0,0,1310,detection,
1313398,2,14,1371,1371,0,0,0,0,0,0,3,0,0,0,1313,detection,
1314332,11,10,512,512,0,0,0,0,0,0,0,0,0,0,1314,detection,
1315399,15,27,352,494,-142,0,48,100,18,0,7,0,95,100,1315,detection,
1315409,8,27,352,494,-142,0,39,100,14,0,21,0,92,100,1315,detection,
1315413,18,27,352,494,-142,0,39,100,23,0,21,0,92,100,1315,detection,
1315429,5,27,352,494,-142,0,48,100,18,0,7,0,95,100,1315,detection,
1315434,20,27,352,494,-142,0,45,100,17,0,11,0,95,100,1315,detection,
1315443,23,27,352,494,-142,0,48,100,18,0,7,0,95,100,1315,detection,
1315451,25,27,352,494,-142,0,48,100,18,0,7,0,95,100,1315,detection,
1315508,3,27,352,494,-142,0,48,100,18,0,7,0,95,100,1315,detection,
1315903,6,20,633,633,0,0,0,0,0,0,1,0,0,0,1315,detection,
1315928,8,20,633,633,0,0,0,0,0,0,18,0,0,0,1315,detection,
1315933,12,20,633,633,0,0,0,0,0,0,7,0,0,0,1315,detection,
1315951,25,20,633,633,0,0,0,0,0,0,6,0,0,0,1315,detection,
1316006,3,20,633,633,0,0,0,0,0,0,6,0,0,0,1316,detection,
1317059,12,5,663,663,0,0,0,0,0,0,1,0,0,0,1317,detection,
1318223,22,8,608,608,0,0,0,0,0,0,4,0,0,0,1318,detection,
1318249,13,8,608,608,0,0,0,0,0,0,4,0,0,0,1318,detection,
1318256,3,8,608,608,0,0,0,0,0,0,5,0,0,0,1318,detection,
1318273,15,8,608,608,0,0,0,0,0,0,5,0,0,0,1318,detection,
1318287,18,8,608,608,0,0,0,0,0,0,19,0,0,0,1318,detection,
1319305,5,12,1098,1098,0,0,0,0,0,0,12,0,0,0,1319,detection,
1319830,25,29,736,958,-222,0,81,100,21,16,3,0,82,75,1319,detection,
1320907,8,26,514,514,0,0,0,70,4,37,22,0,91,100,1320,detection,
1320910,18,26,514,514,0,0,0,70,2,50,21,0,91,100,1320,detection,
1320945,23,26,514,514,0,0,0,70,5,50,4,0,94,100,1320,detection,
1320957,4,26,514,514,0,0,0,70,2,50,5,0,94,100,1320,detection,
1321781,8,28,524,562,-38,0,10,70,2,12,18,45,98,100,1321,detection,
1325567,23,8,608,608,0,0,0,0,0,0,5,0,0,0,1325,detection,
1325597,22,8,608,608,0,0,0,0,0,0,4,0,0,0,1325,detection,
1325622,13,8,608,608,0,0,0,0,0,0,4,0,0,0,1325,detection,
1325634,3,8,608,608,0,0,0,0,0,0,5,0,0,0,1325,detection,
1325646,15,8,608,608,0,0,0,0,0,0,5,0,0,0,1325,detection,
1325660,18,8,608,608,0,0,0,0,0,0,19,0,0,0,1325,detection,
1325682,20,8,608,608,0,0,0,0,0,0,9,0,0,0,1325,detection,
1328684,20,25,658,658,0,0,0,0,0,0,8,0,0,0,1328,detection,
1329912,18,26,494,516,-22,0,6,70,4,62,20,0,75,75,1329,detection,
1329918,8,26,494,516,-22,0,6,70,4,50,21,0,91,100,1329,detection,
1332692,23,8,608,608,0,0,0,0,0,0,5,0,0,0,1332,detection,
1333451,25,27,332,392,-60,0,22,100,20,0,2,0,95,100,1333,detection,
1333512,3,27,332,392,-60,0,20,100,18,0,7,0,95,100,1333,detection,
1333523,15,27,332,392,-60,0,22,100,20,0,2,0,95,100,1333,detection,
1333533,8,27,332,392,-60,0,16,100,14,0,22,0,92,100,1333,detection,
1333553,5,27,332,392,-60,0,22,100,20,0,2,0,95,100,1333,detection,
1333558,20,27,332,392,-60,0,19,100,17,0,11,0,95,100,1333,detection,
1334776,6,20,645,645,0,0,0,0,0,0,1,0,0,0,1334,detection,
1334776,15,20,645,645,0,0,0,0,0,0,7,0,0,0,1334,detection,
1334782,8,20,645,645,0,0,0,0,0,0,18,0,0,0,1334,detection,
1334802,5,20,645,645,0,0,0,0,0,0,6,0,0,0,1334,detection,
1334809,12,20,645,645,0,0,0,0,0,0,6,0,0,0,1334,detection,
1334883,3,20,645,645,0,0,0,0,0,0,6,0,0,0,1334,detection,
1335122,13,23,813,813,0,0,0,0,0,0,6,0,0,0,1335,detection,
1340163,18,26,474,516,-42,0,11,70,3,50,20,0,94,100,1340,detection,
1340533,8,26,454,496,-42,0,11,70,3,37,21,0,91,100,1340,detection,
1340537,18,26,454,496,-42,0,11,70,0,37,20,0,94,100,1340,detection,
1340826,25,19,619,619,0,0,0,0,0,0,1,0,0,0,1340,detection,
1340935,20,27,312,348,-36,0,11,100,5,0,11,0,95,100,1340,detection,
1340944,23,27,312,348,-36,0,13,100,26,0,3,0,95,100,1340,detection,
1340952,25,27,312,348,-36,0,13,100,6,0,2,0,95,100,1340,detection,
1341008,3,27,312,348,-36,0,12,100,5,0,7,0,95,100,1341,detection,
1341024,15,27,312,348,-36,0,13,100,5,0,3,0,95,100,1341,detection,
1341034,8,27,312,348,-36,0,10,100,4,0,17,0,95,100,1341,detection,
1341038,18,27,312,348,-36,0,9,100,19,0,21,0,92,100,1341,detection,
1341054,5,27,312,348,-36,0,13,100,6,0,2,0,95,100,1341,detection,
1343473,22,8,568,568,0,0,0,0,0,0,4,0,0,0,1343,detection,
1343498,13,8,568,568,0,0,0,0,0,0,4,0,0,0,1343,detection,
1343506,3,8,568,568,0,0,0,0,0,0,5,0,0,0,1343,detection,
1343522,15,8,568,568,0,0,0,0,0,0,5,0,0,0,1343,detection,
1343536,18,8,568,568,0,0,0,0,0,0,19,0,0,0,1343,detection,
1344951,25,21,809,809,0,0,0,0,0,0,1,0,0,0,1344,detection,
1347541,18,11,512,512,0,0,0,0,0,0,15,0,0,0,1347,detection,
1353649,15,27,292,328,-36,0,13,100,0,0,2,0,95,100,1353,detection,
1353659,8,27,292,328,-36,0,10,100,0,0,17,0,95,100,1353,detection,
1353663,18,27,292,328,-36,0,10,100,0,0,16,0,95,100,1353,detection,
1353679,5,27,292,328,-36,0,13,100,0,0,3,0,95,100,1353,detection,
1353684,20,27,292,328,-36,0,11,100,0,0,11,0,95,100,1353,detection,
1353693,23,27,292,328,-36,0,13,100,0,0,3,0,95,100,1353,detection,
1353701,25,27,292,328,-36,0,13,100,0,0,2,0,95,100,1353,detection,
1353757,3,27,292,328,-36,0,13,100,0,0,2,0,95,100,1353,detection,
1354974,7,15,714,714,0,0,0,0,0,0,7,0,0,0,1354,detection,
1367008,3,20,626,626,0,0,0,0,0,0,6,0,0,0,1367,detection,
1367020,15,20,626,626,0,0,0,0,0,0,7,0,0,0,1367,detection,
1367030,8,20,626,626,0,0,0,0,0,0,18,0,0,0,1367,detection,
1367050,5,20,626,626,0,0,0,0,0,0,5,0,0,0,1367,detection,
1367058,12,20,626,626,0,0,0,0,0,0,6,0,0,0,1367,detection,
1367077,25,20,626,626,0,0,0,0,0,0,6,0,0,0,1367,detection,
1367319,23,26,434,471,-37,0,13,70,8,50,4,0,94,100,1367,detection,
1367409,8,26,434,471,-37,0,10,70,0,37,21,0,91,100,1367,detection,
1367413,18,26,434,471,-37,0,10,70,0,37,20,0,94,100,1367,detection,
1367850,7,24,1196,1196,0,0,0,0,0,0,4,0,0,0,1367,detection,
1370329,11,16,808,808,0,0,0,0,0,0,0,0,0,0,1370,detection,
1370638,19,6,1048,1048,0,0,0,0,0,0,0,0,0,0,1370,detection,
1370640,21,6,1048,1048,0,0,0,0,0,0,1,0,0,0,1370,detection,
1370703,25,6,1048,1048,0,0,0,0,0,0,1,0,0,0,1370,detection,
1371756,3,8,548,548,0,0,0,0,0,0,5,0,0,0,1371,detection,
1371773,15,8,548,548,0,0,0,0,0,0,5,0,0,0,1371,detection,
1371808,20,8,548,548,0,0,0,0,0,0,9,0,0,0,1371,detection,
1371817,23,8,548,548,0,0,0,0,0,0,5,0,0,0,1371,detection,
1373493,24,7,1036,1036,0,0,0,0,0,0,4,0,0,0,1373,detection,
1373526,15,14,1355,1355,0,0,0,0,0,0,4,0,0,0,1373,detection,
1377927,5,15,751,751,0,0,0,0,0,0,6,0,0,0,1377,detection,
1377931,20,15,751,751,0,0,0,0,0,0,4,0,0,0,1377,detection,
1377976,7,15,751,751,0,0,0,0,0,0,7,0,0,0,1377,detection,
1378008,3,15,751,751,0,0,0,0,0,0,6,0,0,0,1378,detection,
1378018,14,15,751,751,0,0,0,0,0,0,1,0,0,0,1378,detection,
1378030,8,15,751,751,0,0,0,0,0,0,18,0,0,0,1378,detection,
1381809,20,5,663,663,0,0,0,0,0,0,6,0,0,0,1381,detection,
1381915,18,31,276,276,0,0,0,0,0,0,15,0,0,0,1381,detection,
1382145,2,14,1217,1217,0,0,0,0,0,0,7,0,0,0,1382,detection,
1384899,15,27,276,298,-22,0,8,100,3,0,3,0,95,100,1384,detection,
1384908,8,27,276,298,-22,0,6,100,2,0,17,0,95,100,1384,detection,
1384912,18,27,276,298,-22,0,6,100,2,0,18,0,95,100,1384,detection,
1384928,5,27,276,298,-22,0,8,100,3,0,3,0,95,100,1384,detection,
1384933,20,27,276,298,-22,0,7,100,2,0,11,0,95,100,1384,detection,
1385011,3,27,276,298,-22,0,8,100,3,0,2,0,95,100,1385,detection,
1386206,4,9,811,811,0,0,0,0,0,0,0,0,0,0,1386,detection,
1389521,15,14,1217,1217,0,0,0,0,0,0,7,0,0,0,1389,detection,
1389521,2,14,1217,1217,0,0,0,0,0,0,7,0,0,0,1389,detection,
1389568,23,14,1217,1217,0,0,0,0,0,0,8,0,0,0,1389,detection,
1390202,17,22,512,512,0,0,0,0,0,0,0,0,0,0,1390,detection,
1397778,6,25,611,611,0,0,0,0,0,0,5,0,0,0,1397,detection,
1397810,20,25,611,611,0,0,0,0,0,0,8,0,0,0,1397,detection,
1400328,25,6,867,867,0,0,0,0,0,0,4,0,0,0,1400,detection,
1400388,21,6,867,867,0,0,0,0,0,0,1,0,0,0,1400,detection,
1401021,2,14,1217,1217,0,0,0,0,0,0,6,0,0,0,1401,detection,
1401025,15,14,1217,1217,0,0,0,0,0,0,7,0,0,0,1401,detection,
1401307,20,12,1080,1080,0,0,0,0,0,0,16,0,0,0,1401,detection,
1403535,8,18,512,512,0,0,0,0,0,0,23,0,0,0,1403,detection,
1404017,14,2,1321,1321,0,0,0,0,0,0,1,0,0,0,1404,detection,
1404316,23,3,643,643,0,0,0,0,0,0,2,0,0,0,1404,detection,
1404457,4,26,414,477,-63,0,22,96,14,66,5,0,78,75,1404,detection,
1407386,21,6,937,937,0,0,0,0,0,0,4,0,0,0,1407,detection,
1407388,19,6,937,937,0,0,0,0,0,0,3,0,0,0,1407,detection,
1407449,25,6,937,937,0,0,0,0,0,0,8,0,0,0,1407,detection,
1414124,13,23,711,711,0,0,0,0,0,0,3,0,0,0,1414,detection,
1414132,3,23,711,711,0,0,0,0,0,0,3,0,0,0,1414,detection,
1414143,14,23,711,711,0,0,0,0,0,0,4,0,0,0,1414,detection,
1414150,15,23,711,711,0,0,0,0,0,0,3,0,0,0,1414,detection,
1414648,15,23,711,711,0,0,0,0,0,0,2,0,0,0,1414,detection,
1414761,19,6,937,937,0,0,0,0,0,0,3,0,0,0,1414,detection,
1414763,21,6,937,937,0,0,0,0,0,0,4,0,0,0,1414,detection,
1414825,25,6,937,937,0,0,0,0,0,0,3,0,0,0,1414,detection,
1416443,23,15,663,663,0,0,0,0,0,0,1,0,0,0,1416,detection,
1416971,22,8,568,568,0,0,0,0,0,0,4,0,0,0,1416,detection,
1418785,18,8,568,568,0,0,0,0,0,0,15,0,0,0,1418,detection,
1418808,20,8,568,568,0,0,0,0,0,0,9,0,0,0,1418,detection,
1418816,23,8,568,568,0,0,0,0,0,0,5,0,0,0,1418,detection,
1418846,22,8,568,568,0,0,0,0,0,0,3,0,0,0,1418,detection,
1418872,13,8,568,568,0,0,0,0,0,0,3,0,0,0,1418,detection,
1418883,3,8,568,568,0,0,0,0,0,0,5,0,0,0,1418,detection,
1418896,15,8,568,568,0,0,0,0,0,0,4,0,0,0,1418,detection,
1423886,19,10,525,525,0,0,0,0,0,0,0,0,0,0,1423,detection,
1425706,11,19,634,634,0,0,0,0,0,0,0,0,0,0,1425,detection,
1426035,8,30,878,939,-61,0,17,70,11,37,18,11,94,100,1426,detection,
1427137,19,6,937,937,0,0,0,0,0,0,3,0,0,0,1427,detection,
1427139,21,6,937,937,0,0,0,0,0,0,4,0,0,0,1427,detection,
1427201,25,6,937,937,0,0,0,0,0,0,3,0,0,0,1427,detection,
1429385,3,7,1030,1030,0,0,0,0,0,0,3,0,0,0,1429,detection,
1429398,15,7,1030,1030,0,0,0,0,0,0,4,0,0,0,1429,detection,
1429428,5,7,1030,1030,0,0,0,0,0,0,4,0,0,0,1429,detection,
1429435,12,7,1030,1030,0,0,0,0,0,0,4,0,0,0,1429,detection,
1429493,24,7,1030,1030,0,0,0,0,0,0,4,0,0,0,1429,detection,
1429771,2,14,1196,1196,0,0,0,0,0,0,6,0,0,0,1429,detection,
1429779,15,14,1196,1196,0,0,0,0,0,0,6,0,0,0,1429,detection,
1429817,23,14,1196,1196,0,0,0,0,0,0,7,0,0,0,1429,detection,
1429954,25,27,276,287,-11,0,4,100,6,0,2,0,95,100,1429,detection,
1431199,25,20,626,626,0,0,0,0,0,0,6,0,0,0,1431,detection,
1431279,6,20,626,626,0,0,0,0,0,0,3,0,0,0,1431,detection,
1431301,5,20,626,626,0,0,0,0,0,0,5,0,0,0,1431,detection,
1434816,23,13,768,768,0,0,0,0,0,0,10,0,0,0,1434,detection,
1434828,17,13,768,768,0,0,0,0,0,0,3,0,0,0,1434,detection,
1434828,4,13,768,768,0,0,0,0,0,0,6,0,0,0,1434,detection,
1434847,22,13,768,768,0,0,0,0,0,0,2,0,0,0,1434,detection,
1437831,4,26,394,444,-50,0,18,100,3,50,4,0,95,100,1437,detection,
1438682,12,20,607,607,0,0,0,0,0,0,6,0,0,0,1438,detection,
1439068,23,14,1177,1177,0,0,0,0,0,0,7,0,0,0,1439,detection,
1440953,4,13,793,793,0,0,0,0,0,0,3,0,0,0,1440,detection,
1440954,17,13,793,793,0,0,0,0,0,0,2,0,0,0,1440,detection,
1440972,22,13,793,793,0,0,0,0,0,0,2,0,0,0,1440,detection,
1441065,23,13,793,793,0,0,0,0,0,0,5,0,0,0,1441,detection,
1450308,12,7,1030,1030,0,0,0,0,0,0,4,0,0,0,1450,detection,
1452805,5,27,276,307,-31,0,11,100,2,0,3,0,95,100,1452,detection,
1452809,20,27,276,307,-31,0,10,100,1,0,10,0,95,100,1452,detection,
1452819,23,27,276,307,-31,0,11,100,1,0,3,0,95,100,1452,detection,
1452827,25,27,276,307,-31,0,11,100,5,0,2,0,95,100,1452,detection,
1452887,3,27,276,307,-31,0,11,100,2,0,2,0,95,100,1452,detection,
1452899,15,27,276,307,-31,0,11,100,2,0,3,0,95,100,1452,detection,
1452912,18,27,276,307,-31,0,9,100,1,0,17,0,95,100,1452,detection,
1455471,22,13,816,816,0,0,0,0,0,0,2,0,0,0,1455,detection,
1455577,17,13,816,816,0,0,0,0,0,0,2,0,0,0,1455,detection,
1455581,4,13,816,816,0,0,0,0,0,0,2,0,0,0,1455,detection,
1456294,1,16,856,856,0,0,0,0,0,0,1,0,0,0,1456,detection,
1456332,11,16,856,856,0,0,0,0,0,0,0,0,0,0,1456,detection,
1456346,22,16,856,856,0,0,0,0,0,0,0,0,0,0,1456,detection,
1456387,19,16,856,856,0,0,0,0,0,0,5,0,0,0,1456,detection,
1456390,10,16,856,856,0,0,0,0,0,0,5,0,0,0,1456,detection,
1456910,16,11,529,529,0,0,0,0,0,0,3,0,0,0,1456,detection,
1458760,19,21,840,840,0,0,0,0,0,0,0,0,0,0,1458,detection,
1464826,25,6,974,974,0,0,0,0,0,0,3,0,0,0,1464,detection,
1464888,21,6,974,974,0,0,0,0,0,0,4,0,0,0,1464,detection,
1470511,19,25,577,577,0,0,0,0,0,0,4,0,0,0,1470,detection,
1482349,22,28,504,534,-30,0,11,43,1,16,2,53,68,55,1482,detection,
1482809,12,24,1220,1220,0,0,0,0,0,0,0,0,0,0,1482,detection,
1483702,17,13,816,816,0,0,0,0,0,0,1,0,0,0,1483,detection,
1483706,4,13,816,816,0,0,0,0,0,0,2,0,0,0,1483,detection,
1483720,22,13,816,816,0,0,0,0,0,0,1,0,0,0,1483,detection,
1493577,25,19,666,666,0,0,0,0,0,0,1,0,0,0,1493,detection,
1493581,11,19,666,666,0,0,0,0,0,0,0,0,0,0,1493,detection,
1493636,3,15,627,627,0,0,0,0,0,0,1,0,0,0,1493,detection,
1493639,21,19,666,666,0,0,0,0,0,0,4,0,0,0,1493,detection,
1493639,10,19,666,666,0,0,0,0,0,0,0,0,0,0,1493,detection,
1493652,6,19,666,666,0,0,0,0,0,0,2,0,0,0,1493,detection,
1493661,16,19,666,666,0,0,0,0,0,0,0,0,0,0,1493,detection,
1495505,13,8,568,568,0,0,0,0,0,0,0,0,0,0,1495,detection,
1495945,23,30,858,901,-43,0,15,66,9,16,3,7,93,100,1495,detection,
1496773,15,3,595,595,0,0,0,0,0,0,2,0,0,0,1496,detection,
1499637,19,6,1025,1025,0,0,0,0,0,0,4,0,0,0,1499,detection,
1499639,21,6,1025,1025,0,0,0,0,0,0,4,0,0,0,1499,detection,
1500140,3,27,276,316,-40,0,15,100,2,0,2,0,95,100,1500,detection,
1500150,15,27,276,316,-40,0,15,100,2,0,2,0,95,100,1500,detection,
1500164,18,27,276,316,-40,0,11,100,1,0,17,0,95,100,1500,detection,
1500180,5,27,276,316,-40,0,14,100,2,0,3,0,95,100,1500,detection,
1500193,23,27,276,316,-40,0,14,100,2,0,3,0,95,100,1500,detection,
1500202,25,27,276,316,-40,0,15,100,2,0,2,0,95,100,1500,detection,
1500202,20,27,276,316,-40,0,14,100,2,0,3,0,95,100,1500,detection,
1500694,23,14,1143,1143,0,0,0,0,0,0,7,0,0,0,1500,detection,
1500771,2,14,1143,1143,0,0,0,0,0,0,2,0,0,0,1500,detection,
1500788,15,14,1143,1143,0,0,0,0,0,0,6,0,0,0,1500,detection,
1501081,4,9,795,795,0,0,0,0,0,0,0,0,0,0,1501,detection,
1501875,13,4,790,790,0,0,0,0,0,0,1,0,0,0,1501,detection,
1503031,6,29,696,885,-189,0,67,100,19,16,5,0,82,75,1503,detection,
1507508,3,27,276,310,-34,0,12,100,1,0,2,0,95,100,1507,detection,
1507524,15,27,276,310,-34,0,12,100,1,0,2,0,95,100,1507,detection,
1507534,8,27,276,310,-34,0,10,100,2,0,16,0,95,100,1507,detection,
1507537,18,27,276,310,-34,0,9,100,1,0,17,0,95,100,1507,detection,
1507554,5,27,276,310,-34,0,12,100,1,0,2,0,95,100,1507,detection,
1507558,20,27,276,310,-34,0,12,100,1,0,3,0,95,100,1507,detection,
1507568,23,27,276,310,-34,0,12,100,1,0,3,0,95,100,1507,detection,
1507576,25,27,276,310,-34,0,13,100,1,0,1,0,95,100,1507,detection,
1509037,18,27,276,306,-30,0,8,100,0,0,17,0,95,100,1509,detection,
1510202,25,31,276,276,0,0,0,0,0,33,1,0,0,0,1510,detection,
1511013,19,6,1025,1025,0,0,0,0,0,0,4,0,0,0,1511,detection,
1513098,22,8,560,560,0,0,0,0,0,0,4,0,0,0,1513,detection,
1513124,13,8,560,560,0,0,0,0,0,0,0,0,0,0,1513,detection,
1513192,23,8,560,560,0,0,0,0,0,0,0,0,0,0,1513,detection,
1515678,5,27,276,324,-48,0,18,100,3,0,2,0,95,100,1515,detection,
1515682,20,27,276,324,-48,0,17,100,3,0,3,0,95,100,1515,detection,
1515696,23,27,276,324,-48,0,18,100,3,0,2,0,95,100,1515,detection,
1515704,25,27,276,324,-48,0,17,70,3,0,3,0,94,100,1515,detection,
1515760,3,27,276,324,-48,0,18,100,3,0,2,0,95,100,1515,detection,
1515781,8,27,276,324,-48,0,14,100,2,0,16,0,95,100,1515,detection,
1517052,5,24,1286,1286,0,0,0,0,0,0,8,0,0,0,1517,detection,
1517059,12,24,1286,1286,0,0,0,0,0,0,4,0,0,0,1517,detection,
1517101,7,24,1286,1286,0,0,0,0,0,0,8,0,0,0,1517,detection,
1517511,21,25,682,682,0,0,0,0,0,0,7,0,0,0,1517,detection,
1517514,19,25,682,682,0,0,0,0,0,0,8,0,0,0,1517,detection,
1521649,15,27,276,332,-56,0,21,100,5,0,2,0,95,100,1521,detection,
1521659,8,27,276,332,-56,0,16,100,1,0,16,0,95,100,1521,detection,
1521663,18,27,276,332,-56,0,16,100,5,0,16,0,95,100,1521,detection,
1521679,5,27,276,332,-56,0,21,100,2,0,2,0,95,100,1521,detection,
1521683,20,27,276,332,-56,0,20,100,1,0,3,0,95,100,1521,detection,
1521693,23,27,276,332,-56,0,21,100,2,0,2,0,95,100,1521,detection,
1521701,25,27,276,332,-56,0,21,70,2,0,1,0,94,100,1521,detection,
1521757,3,27,276,332,-56,0,21,100,2,0,1,0,95,100,1521,detection,
1523431,20,25,692,692,0,0,0,0,0,0,13,0,0,0,1523,detection,
1523456,11,25,692,692,0,0,0,0,0,0,4,0,0,0,1523,detection,
1523512,19,25,692,692,0,0,0,0,0,0,4,0,0,0,1523,detection,
1523514,21,25,692,692,0,0,0,0,0,0,8,0,0,0,1523,detection,
1523527,6,25,692,692,0,0,0,0,0,0,11,0,0,0,1523,detection,
1527138,3,20,645,645,0,0,0,0,0,0,6,0,0,0,1527,detection,
1528804,5,7,1071,1071,0,0,0,0,0,0,7,0,0,0,1528,detection,
1528807,12,7,1071,1071,0,0,0,0,0,0,7,0,0,0,1528,detection,
1528870,24,7,1071,1071,0,0,0,0,0,0,10,0,0,0,1528,detection,
1528885,3,7,1071,1071,0,0,0,0,0,0,7,0,0,0,1528,detection,
1534801,5,24,1327,1327,0,0,0,0,0,0,3,0,0,0,1534,detection,
1534808,12,24,1327,1327,0,0,0,0,0,0,4,0,0,0,1534,detection,
1534850,7,24,1327,1327,0,0,0,0,0,0,10,0,0,0,1534,detection,
1535407,8,27,276,326,-50,0,14,100,1,0,16,0,95,100,1535,detection,
1535428,5,27,276,326,-50,0,19,100,1,0,1,0,95,100,1535,detection,
1535432,20,27,276,326,-50,0,18,100,1,0,3,0,95,100,1535,detection,
1535441,23,27,276,326,-50,0,18,100,1,0,2,0,95,100,1535,detection,
1535510,3,27,276,326,-50,0,19,100,1,0,1,0,95,100,1535,detection,
1535526,15,27,276,326,-50,0,19,100,1,0,1,0,95,100,1535,detection,
1536511,3,7,1052,1052,0,0,0,0,0,0,7,0,0,0,1536,detection,
1536523,15,7,1052,1052,0,0,0,0,0,0,7,0,0,0,1536,detection,
1536554,5,7,1052,1052,0,0,0,0,0,0,7,0,0,0,1536,detection,
1536557,12,7,1052,1052,0,0,0,0,0,0,7,0,0,0,1536,detection,
1538221,22,13,802,802,0,0,0,0,0,0,1,0,0,0,1538,detection,
1538528,6,20,646,646,0,0,0,0,0,0,3,0,0,0,1538,detection,
1538530,8,20,646,646,0,0,0,0,0,0,17,0,0,0,1538,detection,
1538558,12,20,646,646,0,0,0,0,0,0,6,0,0,0,1538,detection,
1538576,25,20,646,646,0,0,0,0,0,0,7,0,0,0,1538,detection,
1538631,3,20,646,646,0,0,0,0,0,0,5,0,0,0,1538,detection,
1539137,21,25,661,661,0,0,0,0,0,0,4,0,0,0,1539,detection,
1539150,6,25,661,661,0,0,0,0,0,0,12,0,0,0,1539,detection,
1539182,20,25,661,661,0,0,0,0,0,0,5,0,0,0,1539,detection,
1539207,11,25,661,661,0,0,0,0,0,0,4,0,0,0,1539,detection,
1541272,1,16,839,839,0,0,0,0,0,0,0,0,0,0,1541,detection,
1542027,6,21,825,825,0,0,0,0,0,0,2,0,0,0,1542,detection,
1545619,24,12,1102,1102,0,0,0,0,0,0,11,0,0,0,1545,detection,
1548569,23,26,374,490,-116,0,41,95,18,33,5,50,87,100,1548,detection,
1549136,19,6,974,974,0,0,0,0,0,0,8,0,0,0,1549,detection,
1549138,21,6,974,974,0,0,0,0,0,0,8,0,0,0,1549,detection,
1549201,25,6,974,974,0,0,0,0,0,0,8,0,0,0,1549,detection,
1549775,15,7,1043,1043,0,0,0,0,0,0,7,0,0,0,1549,detection,
1550263,21,25,878,878,0,0,0,0,0,0,6,0,0,0,1550,detection,
1550558,12,24,1327,1327,0,0,0,0,0,0,3,0,0,0,1550,detection,
1551314,23,13,802,802,0,0,0,0,0,0,5,0,0,0,1551,detection,
1551330,17,13,802,802,0,0,0,0,0,0,1,0,0,0,1551,detection,
1551348,22,13,802,802,0,0,0,0,0,0,1,0,0,0,1551,detection,
1551898,15,5,722,722,0,0,0,0,0,0,2,0,0,0,1551,detection,
1552388,19,11,521,521,0,0,0,0,0,0,4,0,0,0,1552,detection,
1555009,3,27,276,420,-144,0,55,100,24,0,1,0,95,100,1555,detection,
1555025,15,27,276,420,-144,0,55,100,24,0,1,0,95,100,1555,detection,
1555039,18,27,276,420,-144,0,42,100,17,0,16,0,95,100,1555,detection,
1555055,5,27,276,420,-144,0,55,100,24,0,1,0,95,100,1555,detection,
1555060,20,27,276,420,-144,0,53,100,23,0,3,0,95,100,1555,detection,
1555069,23,27,276,420,-144,0,55,100,24,0,1,0,95,100,1555,detection,
1555077,25,27,276,420,-144,0,55,100,22,0,1,0,95,100,1555,detection,
1560330,11,10,512,512,0,0,0,0,0,0,0,0,0,0,1560,detection,
1561054,5,7,1043,1043,0,0,0,0,0,0,7,0,0,0,1561,detection,
1562477,7,24,1327,1327,0,0,0,0,0,0,4,0,0,0,1562,detection,
1562559,12,24,1327,1327,0,0,0,0,0,0,3,0,0,0,1562,detection,
1563329,17,28,484,514,-30,0,11,70,6,16,3,60,98,100,1563,detection,
1564072,23,26,354,470,-116,0,41,100,0,33,5,100,99,100,1564,detection,
1564084,4,26,354,470,-116,0,42,100,15,33,4,0,82,75,1564,detection,
1564157,8,26,354,470,-116,0,31,70,14,25,21,0,91,100,1564,detection,
1567485,1,28,464,475,-11,0,3,70,9,16,6,0,94,100,1567,detection,
1567497,13,28,464,475,-11,0,3,70,9,16,7,0,94,100,1567,detection,
1567581,17,28,464,475,-11,0,3,70,4,16,6,0,94,100,1567,detection,
1567582,4,28,464,475,-11,0,3,70,9,16,7,0,94,100,1567,detection,
1567599,22,28,464,475,-11,0,3,53,4,16,6,0,0,0,1567,detection,
1571552,5,27,276,335,-59,0,22,100,21,0,1,0,95,100,1571,detection,
1571570,23,27,276,335,-59,0,22,100,21,0,1,0,95,100,1571,detection,
1571578,25,27,276,335,-59,0,22,100,21,0,1,0,95,100,1571,detection,
1571634,3,27,276,335,-59,0,22,100,21,0,1,0,95,100,1571,detection,
1571656,8,27,276,335,-59,0,17,100,1,0,16,0,95,100,1571,detection,
1572789,18,22,512,512,0,0,0,0,0,0,15,0,0,0,1572,detection,
1572827,25,6,971,971,0,0,0,0,0,0,9,0,0,0,1572,detection,
1572885,19,6,971,971,0,0,0,0,0,0,4,0,0,0,1572,detection,
1572888,21,6,971,971,0,0,0,0,0,0,8,0,0,0,1572,detection,
1573547,1,28,444,453,-9,0,3,70,0,16,6,0,94,100,1573,detection,
1573579,4,28,444,453,-9,0,3,70,0,16,6,0,94,100,1573,detection,
1573580,17,28,444,453,-9,0,3,70,0,16,2,0,94,100,1573,detection,
1573597,22,28,444,453,-9,0,3,60,0,0,5,0,0,0,1573,detection,
1573623,13,28,444,453,-9,0,3,70,0,16,7,0,94,100,1573,detection,
1573660,8,28,444,453,-9,0,2,70,5,12,22,0,91,100,1573,detection,
1573661,18,28,444,453,-9,0,2,70,7,12,21,0,91,100,1573,detection,
1574397,15,14,1128,1128,0,0,0,0,0,0,6,0,0,0,1574,detection,
1574398,2,14,1128,1128,0,0,0,0,0,0,1,0,0,0,1574,detection,
1575388,19,25,878,878,0,0,0,0,0,0,7,0,0,0,1575,detection,
1575390,21,25,878,878,0,0,0,0,0,0,7,0,0,0,1575,detection,
1579158,8,27,276,305,-29,0,8,100,6,0,15,0,95,100,1579,detection,
1579162,18,27,276,305,-29,0,8,100,23,0,14,0,95,100,1579,detection,
1579179,5,27,276,305,-29,0,11,100,7,0,1,0,95,100,1579,detection,
1579183,20,27,276,305,-29,0,10,100,28,0,3,0,95,100,1579,detection,
1579192,23,27,276,305,-29,0,11,100,7,0,1,0,95,100,1579,detection,
1579201,25,27,276,305,-29,0,11,100,7,0,1,0,95,100,1579,detection,
1579261,3,27,276,305,-29,0,11,100,7,0,0,0,95,100,1579,detection,
1579273,15,27,276,305,-29,0,11,100,29,0,1,0,95,100,1579,detection,
1579928,5,29,676,819,-143,0,53,100,20,16,2,3,95,100,1579,detection,
1583805,5,7,1039,1039,0,0,0,0,0,0,3,0,0,0,1583,detection,
1583808,12,7,1039,1039,0,0,0,0,0,0,7,0,0,0,1583,detection,
1583870,24,7,1039,1039,0,0,0,0,0,0,10,0,0,0,1583,detection,
1583892,14,2,1341,1341,0,0,0,0,0,0,1,0,0,0,1583,detection,
1586268,10,19,728,728,0,0,0,0,0,0,0,0,0,0,1586,detection,
1587289,18,28,424,432,-8,0,2,70,0,12,21,0,91,100,1587,detection,
1587290,1,28,424,432,-8,0,2,70,0,16,3,0,94,100,1587,detection,
1587331,4,28,424,432,-8,0,2,70,0,16,6,0,94,100,1587,detection,
1587344,22,28,424,432,-8,0,2,4,0,0,5,0,0,0,1587,detection,
1587375,13,28,424,432,-8,0,2,70,0,0,7,0,94,100,1587,detection,
1587405,8,28,424,432,-8,0,2,70,0,0,22,0,91,100,1587,detection,
1590946,23,27,276,325,-49,0,18,100,5,0,1,0,95,100,1590,detection,
1590954,25,27,276,325,-49,0,18,100,5,0,1,0,95,100,1590,detection,
1591010,3,27,276,325,-49,0,19,100,5,0,0,0,95,100,1591,detection,
1591032,8,27,276,325,-49,0,14,100,4,0,15,0,95,100,1591,detection,
1591052,5,27,276,325,-49,0,18,100,5,0,1,0,95,100,1591,detection,
1599665,18,4,808,808,0,0,0,0,0,0,15,0,0,0,1599,detection,
1601911,18,8,532,532,0,0,0,0,0,0,19,0,0,0,1601,detection,
1601933,20,8,532,532,0,0,0,0,0,0,12,0,0,0,1601,detection,
1601941,23,8,532,532,0,0,0,0,0,0,4,0,0,0,1601,detection,
1601971,22,8,532,532,0,0,0,0,0,0,7,0,0,0,1601,detection,
1601997,13,8,532,532,0,0,0,0,0,0,4,0,0,0,1601,detection,
1602021,15,8,532,532,0,0,0,0,0,0,9,0,0,0,1602,detection,
1603260,19,6,1013,1013,0,0,0,0,0,0,4,0,0,0,1603,detection,
1603263,21,6,1013,1013,0,0,0,0,0,0,4,0,0,0,1603,detection,
1603325,25,6,1013,1013,0,0,0,0,0,0,8,0,0,0,1603,detection,
1608750,13,8,532,532,0,0,0,0,0,0,4,0,0,0,1608,detection,
1608758,3,8,532,532,0,0,0,0,0,0,4,0,0,0,1608,detection,
1608770,15,8,532,532,0,0,0,0,0,0,3,0,0,0,1608,detection,
1608788,18,8,532,532,0,0,0,0,0,0,19,0,0,0,1608,detection,
1608810,20,8,532,532,0,0,0,0,0,0,5,0,0,0,1608,detection,
1608819,23,8,532,532,0,0,0,0,0,0,4,0,0,0,1608,detection,
1611751,1,28,404,488,-84,0,31,70,19,0,2,0,94,100,1611,detection,
1611830,4,28,404,488,-84,0,31,70,19,0,2,0,94,100,1611,detection,
1611830,17,28,404,488,-84,0,31,74,18,0,2,0,94,100,1611,detection,
1611848,22,28,404,488,-84,0,32,70,19,0,1,0,94,100,1611,detection,
1618223,22,16,824,824,0,0,0,0,0,0,0,0,0,0,1618,detection,
1621896,2,14,1141,1141,0,0,0,0,0,0,1,0,0,0,1621,detection,
1623135,19,21,800,800,0,0,0,0,0,0,0,0,0,0,1623,detection,
1624096,22,8,577,577,0,0,0,0,0,0,3,0,0,0,1624,detection,
1624122,13,8,577,577,0,0,0,0,0,0,3,0,0,0,1624,detection,
1624133,3,8,577,577,0,0,0,0,0,0,4,0,0,0,1624,detection,
1624146,15,8,577,577,0,0,0,0,0,0,4,0,0,0,1624,detection,
1624164,18,8,577,577,0,0,0,0,0,0,18,0,0,0,1624,detection,
1624181,20,8,577,577,0,0,0,0,0,0,5,0,0,0,1624,detection,
1624194,23,8,577,577,0,0,0,0,0,0,3,0,0,0,1624,detection,
1624301,5,24,1335,1335,0,0,0,0,0,0,3,0,0,0,1624,detection,
1624308,12,24,1335,1335,0,0,0,0,0,0,3,0,0,0,1624,detection,
1624350,7,24,1335,1335,0,0,0,0,0,0,4,0,0,0,1624,detection,
1626012,3,27,276,366,-90,0,35,100,10,0,0,0,95,100,1626,detection,
1626024,15,27,276,366,-90,0,34,100,15,0,1,0,95,100,1626,detection,
1626033,8,27,276,366,-90,0,26,70,7,0,17,0,94,100,1626,detection,
1626037,18,27,276,366,-90,0,26,100,12,0,16,0,95,100,1626,detection,
1626054,5,27,276,366,-90,0,35,100,10,0,0,0,95,100,1626,detection,
1626058,20,27,276,366,-90,0,33,100,15,0,2,0,95,100,1626,detection,
1626067,23,27,276,366,-90,0,34,100,10,0,1,0,95,100,1626,detection,
1628389,21,6,1013,1013,0,0,0,0,0,0,4,0,0,0,1628,detection,
1629143,14,30,838,875,-37,0,13,56,7,0,4,0,0,0,1629,detection,
1629146,2,30,838,875,-37,0,14,56,8,16,0,0,0,0,1629,detection,
1631909,8,28,384,468,-84,0,22,70,13,0,22,0,91,100,1631,detection,
1634369,24,7,1266,1266,0,0,0,0,0,0,12,0,0,0,1634,detection,
1634384,3,7,1266,1266,0,0,0,0,0,0,10,0,0,0,1634,detection,
1634397,15,7,1266,1266,0,0,0,0,0,0,10,0,0,0,1634,detection,
1634427,5,7,1266,1266,0,0,0,0,0,0,5,0,0,0,1634,detection,
1634434,12,7,1266,1266,0,0,0,0,0,0,6,0,0,0,1634,detection,
1635703,4,9,849,849,0,0,0,0,0,0,0,0,0,0,1635,detection,
1636201,25,27,276,385,-109,0,42,100,15,0,0,0,95,100,1636,detection,
1640331,11,25,881,881,0,0,0,0,0,0,7,0,0,0,1640,detection,
1640388,19,25,881,881,0,0,0,0,0,0,7,0,0,0,1640,detection,
1640390,21,25,881,881,0,0,0,0,0,0,7,0,0,0,1640,detection,
1640403,6,25,881,881,0,0,0,0,0,0,10,0,0,0,1640,detection,
1644442,23,13,680,680,0,0,0,0,0,0,8,0,0,0,1644,detection,
1644455,4,13,680,680,0,0,0,0,0,0,5,0,0,0,1644,detection,
1647184,12,3,754,754,0,0,0,0,0,0,2,0,0,0,1647,detection,
1649501,13,30,818,873,-55,0,19,70,7,16,4,0,94,100,1649,detection,
1649761,3,12,1097,1097,0,0,0,0,0,0,0,0,0,0,1649,detection,
1650833,11,10,512,512,0,0,0,0,0,0,0,0,0,0,1650,detection,
1652566,23,13,680,680,0,0,0,0,0,0,8,0,0,0,1652,detection,
1652578,4,13,680,680,0,0,0,0,0,0,5,0,0,0,1652,detection,
1652578,17,13,680,680,0,0,0,0,0,0,5,0,0,0,1652,detection,
1652597,22,13,680,680,0,0,0,0,0,0,5,0,0,0,1652,detection,
1654181,20,8,586,586,0,0,0,0,0,0,5,0,0,0,1654,detection,
1654224,22,8,586,586,0,0,0,0,0,0,3,0,0,0,1654,detection,
1654250,13,8,586,586,0,0,0,0,0,0,4,0,0,0,1654,detection,
1654257,3,8,586,586,0,0,0,0,0,0,3,0,0,0,1654,detection,
1654274,15,8,586,586,0,0,0,0,0,0,4,0,0,0,1654,detection,
1654288,18,8,586,586,0,0,0,0,0,0,18,0,0,0,1654,detection,
1659511,19,21,796,796,0,0,0,0,0,0,0,0,0,0,1659,detection,
1659514,10,21,796,796,0,0,0,0,0,0,0,0,0,0,1659,detection,
1659528,6,21,796,796,0,0,0,0,0,0,4,0,0,0,1659,detection,
1659576,25,21,796,796,0,0,0,0,0,0,2,0,0,0,1659,detection,
1660307,20,15,673,673,0,0,0,0,0,0,4,0,0,0,1660,detection,
1664932,20,31,276,276,0,0,0,0,0,0,8,0,0,0,1664,detection,
1666942,23,13,680,680,0,0,0,0,0,0,8,0,0,0,1666,detection,
1666954,17,13,680,680,0,0,0,0,0,0,5,0,0,0,1666,detection,
1666954,4,13,680,680,0,0,0,0,0,0,5,0,0,0,1666,detection,
1666972,22,13,680,680,0,0,0,0,0,0,4,0,0,0,1666,detection,
1671148,15,8,575,575,0,0,0,0,0,0,3,0,0,0,1671,detection,
1677411,16,19,684,684,0,0,0,0,0,0,0,0,0,0,1677,detection,
1678432,12,7,1195,1195,0,0,0,0,0,0,6,0,0,0,1678,detection,
1684076,25,21,796,796,0,0,0,0,0,0,2,0,0,0,1684,detection,
1684578,17,18,512,512,0,0,0,0,0,0,6,0,0,0,1684,detection,
1684829,1,28,364,490,-126,0,47,100,10,0,2,0,95,100,1684,detection,
1684832,4,28,364,490,-126,0,47,100,10,0,2,0,95,100,1684,detection,
1684875,13,28,364,490,-126,0,42,100,26,0,8,0,95,100,1684,detection,
1684913,18,28,364,490,-126,0,34,70,21,12,21,0,90,100,1684,detection,
1686928,5,24,1554,1554,0,0,0,0,0,0,3,0,0,0,1686,detection,
1687333,4,26,314,382,-68,0,24,100,11,33,4,0,95,100,1687,detection,
1691101,7,24,1420,1420,0,0,0,0,0,0,12,0,0,0,1691,detection,
1691180,5,24,1420,1420,0,0,0,0,0,0,11,0,0,0,1691,detection,
1691183,12,24,1420,1420,0,0,0,0,0,0,11,0,0,0,1691,detection,
1693159,8,20,595,595,0,0,0,0,0,0,18,0,0,0,1693,detection,
1693309,20,27,276,308,-32,0,12,100,15,0,0,0,95,100,1693,detection,
1693318,23,27,276,308,-32,0,12,100,15,0,0,0,95,100,1693,detection,
1693326,25,27,276,308,-32,0,12,100,20,0,0,0,95,100,1693,detection,
1693398,15,27,276,308,-32,0,12,100,14,0,1,0,95,100,1693,detection,
1693411,8,27,276,308,-32,0,9,70,11,0,17,0,94,100,1693,detection,
1693428,5,27,276,308,-32,0,12,100,15,0,0,0,95,100,1693,detection,
1695064,23,13,620,620,0,0,0,0,0,0,8,0,0,0,1695,detection,
1695080,17,13,620,620,0,0,0,0,0,0,4,0,0,0,1695,detection,
1695098,22,13,620,620,0,0,0,0,0,0,1,0,0,0,1695,detection,
1696599,7,24,1343,1343,0,0,0,0,0,0,12,0,0,0,1696,detection,
1696622,13,17,531,531,0,0,0,0,0,0,3,0,0,0,1696,detection,
1696683,5,24,1343,1343,0,0,0,0,0,0,11,0,0,0,1696,detection,
1697206,25,29,656,830,-174,0,61,100,11,16,5,0,82,75,1697,detection,
1699955,11,16,808,808,0,0,0,0,0,0,0,0,0,0,1699,detection,
1709267,14,23,644,644,0,0,0,0,0,0,3,0,0,0,1709,detection,
1709600,7,24,1343,1343,0,0,0,0,0,0,12,0,0,0,1709,detection,
1709679,5,24,1343,1343,0,0,0,0,0,0,11,0,0,0,1709,detection,
1709682,12,24,1343,1343,0,0,0,0,0,0,11,0,0,0,1709,detection,
1713691,23,14,1138,1138,0,0,0,0,0,0,6,0,0,0,1713,detection,
1718268,14,30,798,847,-49,0,18,70,2,0,3,0,94,100,1718,detection,
1719009,3,5,625,625,0,0,0,0,0,0,1,0,0,0,1719,detection,
1720581,4,9,832,832,0,0,0,0,0,0,0,0,0,0,1720,detection,
1722678,5,12,1092,1092,0,0,0,0,0,0,11,0,0,0,1722,detection,
1724372,13,8,570,570,0,0,0,0,0,0,4,0,0,0,1724,detection,
1724383,3,8,570,570,0,0,0,0,0,0,4,0,0,0,1724,detection,
1724396,15,8,570,570,0,0,0,0,0,0,3,0,0,0,1724,detection,
1724414,18,8,570,570,0,0,0,0,0,0,19,0,0,0,1724,detection,
1724444,23,8,570,570,0,0,0,0,0,0,3,0,0,0,1724,detection,
1724474,22,8,570,570,0,0,0,0,0,0,3,0,0,0,1724,detection,
1724778,6,25,846,846,0,0,0,0,0,0,11,0,0,0,1724,detection,
1727887,19,10,512,512,0,0,0,0,0,0,0,0,0,0,1727,detection,
1732954,11,22,512,512,0,0,0,0,0,0,0,0,0,0,1732,detection,
1733284,8,3,711,711,0,0,0,0,0,0,19,0,0,0,1733,detection,
1737179,5,24,1343,1343,0,0,0,0,0,0,11,0,0,0,1737,detection,
1737182,12,24,1343,1343,0,0,0,0,0,0,7,0,0,0,1737,detection,
1737224,7,24,1343,1343,0,0,0,0,0,0,12,0,0,0,1737,detection,
1739635,19,25,846,846,0,0,0,0,0,0,8,0,0,0,1739,detection,
1739637,21,25,846,846,0,0,0,0,0,0,7,0,0,0,1739,detection,
1739650,6,25,846,846,0,0,0,0,0,0,11,0,0,0,1739,detection,
1739682,20,25,846,846,0,0,0,0,0,0,7,0,0,0,1739,detection,
1739707,11,25,846,846,0,0,0,0,0,0,7,0,0,0,1739,detection,
1744315,23,15,633,633,0,0,0,0,0,0,1,0,0,0,1744,detection,
1746257,3,20,614,614,0,0,0,0,0,0,5,0,0,0,1746,detection,
1746277,6,20,614,614,0,0,0,0,0,0,4,0,0,0,1746,detection,
1746279,8,20,614,614,0,0,0,0,0,0,18,0,0,0,1746,detection,
1746307,12,20,614,614,0,0,0,0,0,0,1,0,0,0,1746,detection,
1746325,25,20,614,614,0,0,0,0,0,0,7,0,0,0,1746,detection,
1754892,14,2,1158,1158,0,0,0,0,0,0,1,0,0,0,1754,detection,
1756514,19,6,1006,1006,0,0,0,0,0,0,4,0,0,0,1756,detection,
1762069,23,13,620,620,0,0,0,0,0,0,7,0,0,0,1762,detection,
1762077,17,13,620,620,0,0,0,0,0,0,1,0,0,0,1762,detection,
1762081,4,13,620,620,0,0,0,0,0,0,5,0,0,0,1762,detection,
1762095,22,13,620,620,0,0,0,0,0,0,1,0,0,0,1762,detection,
1764809,12,24,1343,1343,0,0,0,0,0,0,7,0,0,0,1764,detection,
1765032,8,27,276,291,-15,0,4,70,3,0,17,0,94,100,1765,detection,
1765727,1,28,344,457,-113,0,43,100,3,0,1,0,95,100,1765,detection,
1765832,17,28,344,457,-113,0,42,100,7,0,2,0,95,100,1765,detection,
1765851,22,28,344,457,-113,0,43,100,7,0,1,0,95,100,1765,detection,
1766757,3,7,1167,1167,0,0,0,0,0,0,10,0,0,0,1766,detection,
1768079,25,19,672,672,0,0,0,0,0,0,2,0,0,0,1768,detection,
1768531,8,26,294,430,-136,0,37,100,3,25,21,0,92,100,1768,detection,
1768539,18,26,294,430,-136,0,35,77,17,25,24,0,86,100,1768,detection,
1768570,23,26,294,430,-136,0,45,100,4,28,9,0,82,75,1768,detection,
1768582,4,26,294,430,-136,0,49,100,16,33,4,0,82,75,1768,detection,
1771429,5,7,1167,1167,0,0,0,0,0,0,5,0,0,0,1771,detection,
1771432,12,7,1167,1167,0,0,0,0,0,0,6,0,0,0,1771,detection,
1771471,22,17,531,531,0,0,0,0,0,0,0,0,0,0,1771,detection,
1771494,24,7,1167,1167,0,0,0,0,0,0,8,0,0,0,1771,detection,
1771510,3,7,1167,1167,0,0,0,0,0,0,10,0,0,0,1771,detection,
1771523,15,7,1167,1167,0,0,0,0,0,0,6,0,0,0,1771,detection,
1778376,1,28,324,414,-90,0,34,100,5,0,1,0,95,100,1778,detection,
1778409,8,28,324,414,-90,0,24,72,1,0,22,0,92,100,1778,detection,
1778413,18,28,324,414,-90,0,25,87,6,12,20,0,95,100,1778,detection,
1778455,17,28,324,414,-90,0,34,100,5,0,1,0,95,100,1778,detection,
1778455,4,28,324,414,-90,0,34,100,9,0,1,0,95,100,1778,detection,
1778473,22,28,324,414,-90,0,34,100,5,0,1,0,95,100,1778,detection,
1778498,13,28,324,414,-90,0,30,100,8,0,7,0,95,100,1778,detection,
1780872,13,4,644,644,0,0,0,0,0,0,1,0,0,0,1780,detection,
1780915,18,4,644,644,0,0,0,0,0,0,18,0,0,0,1780,detection,
1782183,12,24,1343,1343,0,0,0,0,0,0,7,0,0,0,1782,detection,
1782225,7,24,1343,1343,0,0,0,0,0,0,12,0,0,0,1782,detection,
1782952,25,6,1006,1006,0,0,0,0,0,0,9,0,0,0,1782,detection,
1783011,19,6,1006,1006,0,0,0,0,0,0,4,0,0,0,1783,detection,
1783013,21,6,1006,1006,0,0,0,0,0,0,4,0,0,0,1783,detection,
1784957,11,25,846,846,0,0,0,0,0,0,7,0,0,0,1784,detection,
1787922,1,28,304,361,-57,0,21,100,8,0,1,0,95,100,1787,detection,
1787955,17,28,304,361,-57,0,21,100,8,0,1,0,95,100,1787,detection,
1787955,4,28,304,361,-57,0,21,100,8,0,3,23,97,100,1787,detection,
1787973,22,28,304,361,-57,0,21,100,8,0,1,0,95,100,1787,detection,
1787998,13,28,304,361,-57,0,21,100,8,0,3,0,95,100,1787,detection,
1788036,18,28,304,361,-57,0,15,100,6,0,20,23,97,100,1788,detection,
1788037,8,28,304,361,-57,0,16,96,6,0,17,23,97,100,1788,detection,
1788703,17,4,643,643,0,0,0,0,0,0,0,0,0,0,1788,detection,
1788747,13,4,643,643,0,0,0,0,0,0,1,0,0,0,1788,detection,
1788786,18,4,643,643,0,0,0,0,0,0,18,0,0,0,1788,detection,
1791033,8,26,276,383,-107,0,29,100,5,25,21,0,92,100,1791,detection,
1791037,18,26,276,383,-107,0,28,100,5,25,24,0,87,100,1791,detection,
1791068,23,26,276,383,-107,0,38,100,7,33,4,0,84,75,1791,detection,
1791080,4,26,276,383,-107,0,37,100,6,33,6,0,85,100,1791,detection,
1792223,22,28,284,341,-57,0,22,100,0,0,0,0,95,100,1792,detection,
1797973,22,8,574,574,0,0,0,0,0,0,3,0,0,0,1797,detection,
1797999,13,8,574,574,0,0,0,0,0,0,4,0,0,0,1797,detection,
1798007,3,8,574,574,0,0,0,0,0,0,3,0,0,0,1798,detection,
1798038,18,8,574,574,0,0,0,0,0,0,18,0,0,0,1798,detection,
1798068,23,8,574,574,0,0,0,0,0,0,3,0,0,0,1798,detection,
1798891,10,11,542,542,0,0,0,0,0,0,3,0,0,0,1798,detection,
1800156,1,28,276,276,0,0,0,100,13,16,5,0,95,100,1800,detection,
1800164,18,28,276,276,0,0,0,88,10,12,24,0,87,100,1800,detection,
1800206,4,28,276,276,0,0,0,100,13,16,6,0,95,100,1800,detection,
1800220,22,28,276,276,0,0,0,100,13,16,4,0,95,100,1800,detection,
1800249,13,28,276,276,0,0,0,100,13,16,6,0,95,100,1800,detection,
1800280,8,28,276,276,0,0,0,81,10,12,21,0,92,100,1800,detection,
1801657,8,26,276,353,-77,0,21,100,5,12,21,0,92,100,1801,detection,
1801662,18,26,276,353,-77,0,21,100,5,12,19,0,95,100,1801,detection,
1801708,4,26,276,353,-77,0,27,100,7,16,5,0,95,100,1801,detection,
1802078,17,9,832,832,0,0,0,0,0,0,0,0,0,0,1802,detection,
1802386,19,21,818,818,0,0,0,0,0,0,0,0,0,0,1802,detection,
1803036,8,30,778,847,-69,0,19,70,1,25,19,46,98,100,1803,detection,
1805579,25,27,276,291,-15,0,5,100,4,0,0,0,95,100,1805,detection,
1805677,5,27,276,291,-15,0,5,100,4,0,1,0,95,100,1805,detection,
1805682,20,27,276,291,-15,0,5,100,4,0,0,0,95,100,1805,detection,
1806178,1,16,829,829,0,0,0,0,0,0,0,0,0,0,1806,detection,
1806864,9,4,598,598,0,0,0,0,0,0,4,0,0,0,1806,detection,
1806872,13,4,598,598,0,0,0,0,0,0,1,0,0,0,1806,detection,
1806952,17,4,598,598,0,0,0,0,0,0,0,0,0,0,1806,detection,
1809148,15,14,1138,1138,0,0,0,0,0,0,6,0,0,0,1809,detection,
1809798,1,28,276,308,-32,0,10,100,7,28,9,0,95,100,1809,detection,
1809830,17,28,276,308,-32,0,12,100,6,0,1,0,95,100,1809,detection,
1809830,4,28,276,308,-32,0,10,100,6,28,10,0,95,100,1809,detection,
1809848,22,28,276,308,-32,0,10,100,7,33,8,0,95,100,1809,detection,
1809874,13,28,276,308,-32,0,10,100,6,28,10,0,95,100,1809,detection,
1809911,18,28,276,308,-32,0,8,93,5,25,24,0,87,100,1809,detection,
1809918,8,28,276,308,-32,0,8,81,5,22,25,0,85,100,1809,detection,
1810155,8,26,276,363,-87,0,24,100,1,0,20,0,95,100,1810,detection,
1810163,18,26,276,363,-87,0,24,100,1,0,19,0,95,100,1810,detection,
1810194,23,26,276,363,-87,0,31,100,4,33,4,0,95,100,1810,detection,
1810206,4,26,276,363,-87,0,30,100,2,0,5,0,95,100,1810,detection,
1810433,20,12,1092,1092,0,0,0,0,0,0,15,0,0,0,1810,detection,
1816637,21,10,512,512,0,0,0,0,0,0,0,0,0,0,1816,detection,
1817693,23,26,276,368,-92,0,33,100,1,16,4,0,95,100,1817,detection,
1817707,4,26,276,368,-92,0,32,100,1,0,5,0,95,100,1817,detection,
1817782,8,26,276,368,-92,0,25,100,0,0,20,0,95,100,1817,detection,
1817786,18,26,276,368,-92,0,26,100,0,0,19,0,95,100,1817,detection,
1822010,3,15,699,699,0,0,0,0,0,0,1,0,0,0,1822,detection,
1823472,22,31,276,276,0,0,0,0,0,0,0,0,0,0,1823,detection,
1824158,8,26,276,297,-21,0,5,100,12,0,24,0,87,100,1824,detection,
1824163,18,26,276,297,-21,0,5,100,12,0,23,0,89,100,1824,detection,
1824193,23,26,276,297,-21,0,7,100,15,0,8,0,95,100,1824,detection,
1824205,4,26,276,297,-21,0,6,100,15,0,9,0,95,100,1824,detection,
1825076,17,4,585,585,0,0,0,0,0,0,0,0,0,0,1825,detection,
1825112,9,4,585,585,0,0,0,0,0,0,3,0,0,0,1825,detection,
1827320,1,28,276,276,0,0,0,100,7,42,9,0,95,100,1827,detection,
1827332,17,28,276,276,0,0,0,100,7,16,4,0,95,100,1827,detection,
1827350,22,28,276,276,0,0,0,100,6,42,12,0,95,100,1827,detection,
1827375,13,28,276,276,0,0,0,100,6,42,13,0,95,100,1827,detection,
1827405,8,28,276,276,0,0,0,70,5,33,28,0,80,75,1827,detection,
1827413,18,28,276,276,0,0,0,79,5,33,27,0,81,75,1827,detection,
1830783,8,26,276,349,-73,0,18,100,8,0,28,0,82,75,1830,detection,
1830788,18,26,276,349,-73,0,18,100,8,0,26,0,83,75,1830,detection,
1830819,23,26,276,349,-73,0,23,100,11,0,11,0,95,100,1830,detection,
1830830,4,26,276,349,-73,0,23,100,10,0,12,0,95,100,1830,detection,
1835283,8,26,276,334,-58,0,14,100,2,0,27,0,82,75,1835,detection,
1835287,18,26,276,334,-58,0,14,100,2,0,27,0,82,75,1835,detection,
1835319,23,26,276,334,-58,0,18,100,3,0,11,0,95,100,1835,detection,
1835330,4,26,276,334,-58,0,18,100,3,0,12,0,95,100,1835,detection,
1839281,1,28,276,276,0,0,0,100,0,50,8,0,95,100,1839,detection,
1839289,18,28,276,276,0,0,0,70,0,33,27,0,80,75,1839,detection,
1839331,4,28,276,276,0,0,0,100,6,42,14,0,95,100,1839,detection,
1839374,13,28,276,276,0,0,0,100,0,42,13,0,95,100,1839,detection,
1843404,8,26,276,322,-46,0,12,100,2,0,22,0,92,100,1843,detection,
1843412,18,26,276,322,-46,0,11,100,2,0,26,0,83,75,1843,detection,
1843443,23,26,276,322,-46,0,14,100,2,0,11,0,95,100,1843,detection,
1843455,4,26,276,322,-46,0,15,100,2,0,7,0,95,100,1843,detection,
1843572,1,11,542,542,0,0,0,0,0,0,3,0,0,0,1843,detection,
1843576,25,11,542,542,0,0,0,0,0,0,6,0,0,0,1843,detection,
1843598,22,11,542,542,0,0,0,0,0,0,2,0,0,0,1843,detection,
1843636,19,11,542,542,0,0,0,0,0,0,4,0,0,0,1843,detection,
1843639,10,11,542,542,0,0,0,0,0,0,2,0,0,0,1843,detection,
1843660,16,11,542,542,0,0,0,0,0,0,3,0,0,0,1843,detection,
1843664,18,11,542,542,0,0,0,0,0,0,15,0,0,0,1843,detection,
1844774,1,28,276,301,-25,0,8,100,5,66,8,0,77,75,1844,detection,
1844782,8,28,276,301,-25,0,6,70,4,44,28,0,80,75,1844,detection,
1844790,18,28,276,301,-25,0,6,70,4,44,27,0,80,75,1844,detection,
1844832,17,28,276,301,-25,0,9,100,6,33,4,0,95,100,1844,detection,
1844850,22,28,276,301,-25,0,8,100,5,66,8,0,77,75,1844,detection,
1844875,13,28,276,301,-25,0,7,100,5,57,13,0,95,100,1844,detection,
1848679,5,7,1151,1151,0,0,0,0,0,0,5,0,0,0,1848,detection,
1849530,8,26,276,312,-36,0,9,100,1,0,22,25,97,100,1849,detection,
1849539,18,26,276,312,-36,0,9,100,1,0,26,25,92,100,1849,detection,
1849569,23,26,276,312,-36,0,11,100,2,0,11,0,95,100,1849,detection,
1849581,4,26,276,312,-36,0,12,100,2,0,7,0,95,100,1849,detection,
1852384,1,28,276,342,-66,0,20,100,8,57,12,0,95,100,1852,detection,
1852412,18,28,276,342,-66,0,15,84,6,44,31,0,78,75,1852,detection,
1852455,17,28,276,342,-66,0,23,100,9,33,4,0,95,100,1852,detection,
1852456,4,28,276,342,-66,0,19,100,12,50,17,0,95,100,1852,detection,
1852473,22,28,276,342,-66,0,20,100,8,57,12,0,95,100,1852,detection,
1852499,13,28,276,342,-66,0,19,100,7,50,17,0,95,100,1852,detection,
1858505,13,4,588,588,0,0,0,0,0,0,1,0,0,0,1858,detection,
1860701,25,20,605,605,0,0,0,0,0,0,2,0,0,0,1860,detection,
1864164,18,26,276,301,-25,0,6,100,1,0,23,0,89,100,1864,detection,
1864694,23,26,276,301,-25,0,8,100,2,0,7,0,95,100,1864,detection,
1864708,4,26,276,301,-25,0,8,100,2,0,7,0,95,100,1864,detection,
1864783,8,26,276,301,-25,0,6,100,1,0,22,0,92,100,1864,detection,
1864787,18,26,276,301,-25,0,6,100,0,0,22,0,92,100,1864,detection,
1867386,19,25,759,759,0,0,0,0,0,0,7,0,0,0,1867,detection,
1870081,4,9,825,825,0,0,0,0,0,0,1,0,0,0,1870,detection,
1872194,23,26,276,293,-17,0,5,100,1,0,7,0,95,100,1872,detection,
1872206,4,26,276,293,-17,0,5,100,1,0,7,0,95,100,1872,detection,
1872283,8,26,276,293,-17,0,4,100,1,0,22,0,92,100,1872,detection,
1877570,23,26,276,291,-15,0,5,100,0,0,7,0,95,100,1877,detection,
1877581,4,26,276,291,-15,0,5,100,0,0,7,0,95,100,1877,detection,
1877654,8,26,276,291,-15,0,4,100,0,0,22,0,92,100,1877,detection,
1877663,18,26,276,291,-15,0,4,100,1,0,22,0,92,100,1877,detection,
1882067,23,14,1124,1124,0,0,0,0,0,0,6,0,0,0,1882,detection,
1883972,22,16,829,829,0,0,0,0,0,0,0,0,0,0,1883,detection,
1884530,8,26,276,285,-9,0,2,100,1,0,23,0,89,100,1884,detection,
1884538,18,26,276,285,-9,0,2,100,1,0,22,0,92,100,1884,detection,
1884569,23,26,276,285,-9,0,3,100,1,0,7,0,95,100,1884,detection,
1884581,4,26,276,285,-9,0,3,100,1,0,7,0,95,100,1884,detection,
1885066,23,3,711,711,0,0,0,0,0,0,1,0,0,0,1885,detection,
1885160,16,10,512,512,0,0,0,0,0,0,1,0,0,0,1885,detection,
1890306,20,5,666,666,0,0,0,0,0,0,5,0,0,0,1890,detection,
1894693,23,14,1124,1124,0,0,0,0,0,0,1,0,0,0,1894,detection,
1894771,2,14,1124,1124,0,0,0,0,0,0,1,0,0,0,1894,detection,
1894775,15,14,1124,1124,0,0,0,0,0,0,0,0,0,0,1894,detection,
1895977,7,24,1343,1343,0,0,0,0,0,0,11,0,0,0,1895,detection,
1897680,5,15,682,682,0,0,0,0,0,0,6,0,0,0,1897,detection,
1898195,23,26,276,305,-29,0,9,100,4,0,7,0,95,100,1898,detection,
1898206,4,26,276,305,-29,0,9,100,4,0,7,0,95,100,1898,detection,
1898288,18,26,276,305,-29,0,7,100,3,0,23,0,89,100,1898,detection,
1904657,8,26,276,299,-23,0,6,100,2,0,22,0,92,100,1904,detection,
1904661,18,26,276,299,-23,0,6,100,1,0,22,0,92,100,1904,detection,
1904692,23,26,276,299,-23,0,7,100,1,0,7,0,95,100,1904,detection,
1905524,1,28,276,299,-23,0,7,100,9,57,12,0,95,100,1905,detection,
1905532,8,28,276,299,-23,0,5,70,0,44,32,0,75,75,1905,detection,
1905539,18,28,276,299,-23,0,5,83,6,44,31,0,78,75,1905,detection,
1905582,17,28,276,299,-23,0,8,100,10,33,4,0,95,100,1905,detection,
1905600,22,28,276,299,-23,0,7,100,9,57,11,0,95,100,1905,detection,
1905626,13,28,276,299,-23,0,6,100,8,50,17,0,95,100,1905,detection,
1908154,6,19,672,672,0,0,0,0,0,0,2,0,0,0,1908,detection,
1911777,6,21,813,813,0,0,0,0,0,0,3,0,0,0,1911,detection,
1913242,1,28,276,284,-8,0,2,100,3,42,15,0,95,100,1913,detection,
1913246,13,28,276,284,-8,0,2,100,3,42,15,0,95,100,1913,detection,
1913280,8,28,276,284,-8,0,1,70,2,40,35,0,74,75,1913,detection,
1913288,18,28,276,284,-8,0,1,74,2,30,34,0,75,75,1913,detection,
1913331,17,28,276,284,-8,0,2,100,3,33,8,0,95,100,1913,detection,
1913331,4,28,276,284,-8,0,2,100,11,57,16,0,95,100,1913,detection,
1913349,22,28,276,284,-8,0,2,100,3,57,15,0,95,100,1913,detection,
1917407,8,26,276,290,-14,0,3,100,1,0,22,0,92,100,1917,detection,
1917458,4,26,276,290,-14,0,4,100,3,0,7,0,95,100,1917,detection,
1922943,23,13,543,543,0,0,0,0,0,0,7,0,0,0,1922,detection,
1924319,23,26,276,286,-10,0,3,100,2,0,7,0,95,100,1924,detection,
1924531,8,26,276,286,-10,0,2,100,0,0,18,0,95,100,1924,detection,
1924539,18,26,276,286,-10,0,2,100,2,0,22,0,92,100,1924,detection,
1924574,23,26,276,286,-10,0,3,100,0,0,7,0,95,100,1924,detection,
1924582,4,26,276,286,-10,0,3,100,0,0,4,0,95,100,1924,detection,
1925067,23,8,561,561,0,0,0,0,0,0,3,0,0,0,1925,detection,
1927804,5,24,1343,1343,0,0,0,0,0,0,11,0,0,0,1927,detection,
1927807,12,24,1343,1343,0,0,0,0,0,0,6,0,0,0,1927,detection,
1931287,18,11,542,542,0,0,0,0,0,0,15,0,0,0,1931,detection,
1932030,8,26,276,285,-9,0,2,100,0,0,22,0,92,100,1932,detection,
1932039,18,26,276,285,-9,0,2,100,0,0,26,0,83,75,1932,detection,
1932069,23,26,276,285,-9,0,3,100,0,0,7,0,95,100,1932,detection,
1932081,4,26,276,285,-9,0,3,100,0,0,7,0,95,100,1932,detection,
1934314,1,28,276,332,-56,0,15,100,9,25,19,0,95,100,1934,detection,
1934330,4,28,276,332,-56,0,15,100,9,50,19,0,95,100,1934,detection,
1934330,17,28,276,332,-56,0,17,100,10,28,12,0,95,100,1934,detection,
1934348,22,28,276,332,-56,0,15,100,9,37,19,0,95,100,1934,detection,
1934373,13,28,276,332,-56,0,15,100,9,25,19,0,95,100,1934,detection,
1934407,8,28,276,332,-56,0,12,70,7,40,39,0,74,75,1934,detection,
1934411,18,28,276,332,-56,0,12,82,7,20,38,0,74,75,1934,detection,
1942552,5,29,616,843,-227,0,83,100,20,16,3,0,82,75,1942,detection,
1943147,2,30,758,818,-60,0,23,70,5,16,0,0,94,100,1943,detection,
1943456,4,26,276,334,-58,0,18,100,10,0,11,0,95,100,1943,detection,
1943532,8,26,276,334,-58,0,14,100,8,0,26,0,83,75,1943,detection,
1943537,18,26,276,334,-58,0,15,100,8,0,24,0,87,100,1943,detection,
1943568,23,26,276,334,-58,0,18,100,10,0,11,0,95,100,1943,detection,
1946664,18,4,577,577,0,0,0,0,0,0,18,0,0,0,1946,detection,
1949531,8,26,276,322,-46,0,11,100,2,0,26,0,83,75,1949,detection,
1949540,18,26,276,322,-46,0,12,100,2,0,24,0,87,100,1949,detection,
1949575,23,26,276,322,-46,0,14,100,2,0,11,0,95,100,1949,detection,
1949830,11,31,276,276,0,0,0,0,0,0,0,0,0,0,1949,detection,
1955266,14,2,1059,1059,0,0,0,0,0,0,1,0,0,0,1955,detection,
1956155,8,26,276,330,-54,0,13,100,1,0,26,0,83,75,1956,detection,
1956164,18,26,276,330,-54,0,14,100,1,0,24,0,87,100,1956,detection,
1956194,23,26,276,330,-54,0,17,100,1,0,11,0,95,100,1956,detection,
1956206,4,26,276,330,-54,0,17,100,0,0,11,0,95,100,1956,detection,
1957264,21,6,990,990,0,0,0,0,0,0,4,0,0,0,1957,detection,
1957887,19,10,512,512,0,0,0,0,0,0,0,0,0,0,1957,detection,
1958974,7,3,744,744,0,0,0,0,0,0,5,0,0,0,1958,detection,
1962507,3,20,605,605,0,0,0,0,0,0,0,0,0,0,1962,detection,
1964030,8,26,276,319,-43,0,11,100,1,0,26,0,83,75,1964,detection,
1964038,18,26,276,319,-43,0,11,100,1,0,24,0,87,100,1964,detection,
1964069,23,26,276,319,-43,0,13,100,2,0,11,0,95,100,1964,detection,
1964081,4,26,276,319,-43,0,13,100,2,0,11,0,95,100,1964,detection,
1965453,4,9,839,839,0,0,0,0,0,0,1,0,0,0,1965,detection,
1971444,23,26,276,314,-38,0,12,100,1,0,11,0,95,100,1971,detection,
1971456,4,26,276,314,-38,0,12,100,1,0,11,0,95,100,1971,detection,
1971533,8,26,276,314,-38,0,9,100,0,0,26,0,83,75,1971,detection,
1971537,18,26,276,314,-38,0,10,100,0,0,24,0,87,100,1971,detection,
1975328,4,9,839,839,0,0,0,0,0,0,1,0,0,0,1975,detection,
1975328,17,9,839,839,0,0,0,0,0,0,0,0,0,0,1975,detection,
1975539,1,28,276,280,-4,0,1,100,9,12,23,0,89,100,1975,detection,
1975580,4,28,276,280,-4,0,1,100,9,50,23,0,89,100,1975,detection,
1975581,17,28,276,280,-4,0,1,100,10,28,15,0,95,100,1975,detection,
1975599,22,28,276,280,-4,0,1,100,9,25,22,0,92,100,1975,detection,
1975624,13,28,276,280,-4,0,1,100,9,12,23,0,89,100,1975,detection,
1975659,8,28,276,280,-4,0,0,70,7,30,37,0,74,75,1975,detection,
1975662,18,28,276,280,-4,0,0,73,7,10,38,0,74,75,1975,detection,
1979282,8,26,276,303,-27,0,6,100,1,0,26,0,83,75,1979,detection,
1979321,23,26,276,303,-27,0,8,100,2,0,11,0,95,100,1979,detection,
1982814,1,28,276,276,0,0,0,100,0,25,19,0,95,100,1982,detection,
1982829,4,28,276,276,0,0,0,100,0,50,23,0,89,100,1982,detection,
1982829,17,28,276,276,0,0,0,100,0,28,15,0,95,100,1982,detection,
1982847,22,28,276,276,0,0,0,100,0,25,22,0,92,100,1982,detection,
1983082,11,19,661,661,0,0,0,0,0,0,0,0,0,0,1983,detection,
1984054,5,24,1343,1343,0,0,0,0,0,0,6,0,0,0,1984,detection,
1984308,20,15,640,640,0,0,0,0,0,0,4,0,0,0,1984,detection,
1987657,8,18,512,512,0,0,0,0,0,0,25,0,0,0,1987,detection,
1988869,24,12,1084,1084,0,0,0,0,0,0,11,0,0,0,1988,detection,
1990586,1,28,276,276,0,0,0,100,0,12,19,0,95,100,1990,detection,
1990598,22,28,276,276,0,0,0,100,0,12,22,0,92,100,1990,detection,
1990623,13,28,276,276,0,0,0,100,0,25,23,0,89,100,1990,detection,
1990658,8,28,276,276,0,0,0,70,0,30,37,0,74,75,1990,detection,
1990662,18,28,276,276,0,0,0,70,0,20,38,0,74,75,1990,detection,
1990704,4,28,276,276,0,0,0,100,0,37,23,0,89,100,1990,detection,
1990704,17,28,276,276,0,0,0,100,0,14,15,0,95,100,1990,detection,
1994655,8,26,276,300,-24,0,6,100,0,0,22,0,92,100,1994,detection,
1994663,18,26,276,300,-24,0,6,100,2,0,24,0,87,100,1994,detection,
1994694,23,26,276,300,-24,0,7,100,0,0,11,0,95,100,1994,detection,
1994708,4,26,276,300,-24,0,7,100,2,0,11,0,95,100,1994,detection,
1996884,3,27,276,349,-73,0,28,100,4,0,0,0,95,100,1996,detection,
1997829,1,28,276,301,-25,0,7,100,4,25,19,0,95,100,1997,detection,
1997831,4,28,276,301,-25,0,6,100,4,37,23,0,89,100,1997,detection,
1997831,17,28,276,301,-25,0,7,100,5,28,15,0,95,100,1997,detection,
1997874,13,28,276,301,-25,0,6,100,4,25,23,0,89,100,1997,detection,
1997905,8,28,276,301,-25,0,5,70,3,30,38,0,74,75,1997,detection,
1997913,18,28,276,301,-25,0,5,70,3,20,37,0,74,75,1997,detection,
1998707,4,17,512,512,0,0,0,0,0,0,2,0,0,0,1998,detection,
2006289,1,28,276,303,-27,0,7,100,0,25,22,0,92,100,2006,detection,
2006330,4,28,276,303,-27,0,6,100,0,22,27,0,82,75,2006,detection,
2006331,17,28,276,303,-27,0,8,100,0,28,15,0,95,100,2006,detection,
2006349,22,28,276,303,-27,0,7,100,4,25,22,0,92,100,2006,detection,
2006374,13,28,276,303,-27,0,6,100,0,22,26,0,83,75,2006,detection,
2006408,8,28,276,303,-27,0,5,70,0,20,41,0,74,75,2006,detection,
2006412,18,28,276,303,-27,0,5,70,0,20,41,0,74,75,2006,detection,
2012235,1,28,276,292,-16,0,4,100,1,25,22,0,92,100,2012,detection,
2012251,13,28,276,292,-16,0,4,100,1,22,26,0,83,75,2012,detection,
2012281,8,28,276,292,-16,0,3,70,1,20,41,0,74,75,2012,detection,
2012288,18,28,276,292,-16,0,3,70,1,20,41,0,74,75,2012,detection,
2012331,4,28,276,292,-16,0,4,100,1,22,26,0,83,75,2012,detection,
2014530,8,26,276,292,-16,0,4,100,1,0,22,0,92,100,2014,detection,
2014569,23,26,276,292,-16,0,5,100,1,0,7,0,95,100,2014,detection,
2014581,4,26,276,292,-16,0,5,100,1,0,11,0,95,100,2014,detection,
2020059,12,7,1136,1136,0,0,0,0,0,0,5,0,0,0,2020,detection,
2024769,14,23,638,638,0,0,0,0,0,0,3,0,0,0,2024,detection,
2025781,8,26,276,288,-12,0,3,100,0,0,22,0,92,100,2025,detection,
2025789,18,26,276,288,-12,0,3,100,2,0,24,0,87,100,2025,detection,
2025820,23,26,276,288,-12,0,4,100,0,0,7,0,95,100,2025,detection,
2025831,4,26,276,288,-12,0,4,100,0,0,7,0,95,100,2025,detection,
2027012,19,25,759,759,0,0,0,0,0,0,6,0,0,0,2027,detection,
2027014,21,25,759,759,0,0,0,0,0,0,6,0,0,0,2027,detection,
2027027,6,25,759,759,0,0,0,0,0,0,10,0,0,0,2027,detection,
2027079,11,25,759,759,0,0,0,0,0,0,7,0,0,0,2027,detection,
2028735,1,28,276,286,-10,0,2,100,1,25,22,0,92,100,2028,detection,
2028751,13,28,276,286,-10,0,2,100,1,22,26,0,83,75,2028,detection,
2028781,8,28,276,286,-10,0,2,70,0,20,41,0,74,75,2028,detection,
2028788,18,28,276,286,-10,0,2,70,0,20,41,0,74,75,2028,detection,
2034369,1,10,512,512,0,0,0,0,0,0,0,0,0,0,2034,detection,
2034386,19,10,512,512,0,0,0,0,0,0,0,0,0,0,2034,detection,
2034388,21,10,512,512,0,0,0,0,0,0,0,0,0,0,2034,detection,
2034455,11,10,512,512,0,0,0,0,0,0,0,0,0,0,2034,detection,
2035396,15,20,590,590,0,0,0,0,0,0,7,0,0,0,2035,detection,
2038493,24,7,1123,1123,0,0,0,0,0,0,8,0,0,0,2038,detection,
2038508,3,7,1123,1123,0,0,0,0,0,0,5,0,0,0,2038,detection,
2038559,12,7,1123,1123,0,0,0,0,0,0,5,0,0,0,2038,detection,
2042329,1,28,276,329,-53,0,14,100,7,25,22,0,92,100,2042,detection,
2042331,17,28,276,329,-53,0,15,100,5,28,15,0,95,100,2042,detection,
2042331,4,28,276,329,-53,0,14,100,6,25,22,0,92,100,2042,detection,
2042350,22,28,276,329,-53,0,14,100,4,25,22,0,92,100,2042,detection,
2042375,13,28,276,329,-53,0,14,100,7,25,22,0,92,100,2042,detection,
2042412,18,28,276,329,-53,0,11,70,6,20,41,0,74,75,2042,detection,
2046898,15,27,276,334,-58,0,22,100,6,0,1,0,95,100,2046,detection,
2046908,8,27,276,334,-58,0,17,70,8,0,16,0,94,100,2046,detection,
2046916,18,27,276,334,-58,0,17,100,6,0,16,0,95,100,2046,detection,
2046928,5,27,276,334,-58,0,22,100,11,0,0,0,95,100,2046,detection,
2046932,20,27,276,334,-58,0,22,100,11,0,0,0,95,100,2046,detection,
2046946,23,27,276,334,-58,0,22,100,6,0,0,0,95,100,2046,detection,
2046954,25,27,276,334,-58,0,22,100,11,0,0,0,95,100,2046,detection,
2050475,7,5,629,629,0,0,0,0,0,0,6,0,0,0,2050,detection,
2051193,23,26,276,300,-24,0,8,100,2,0,7,0,95,100,2051,detection,
2051205,4,26,276,300,-24,0,8,100,2,0,7,0,95,100,2051,detection,
2052325,25,21,827,827,0,0,0,0,0,0,2,0,0,0,2052,detection,
2053118,24,7,934,934,0,0,0,0,0,0,12,0,0,0,2053,detection,
2053133,3,7,934,934,0,0,0,0,0,0,9,0,0,0,2053,detection,
2053146,15,7,934,934,0,0,0,0,0,0,9,0,0,0,2053,detection,
2053176,5,7,934,934,0,0,0,0,0,0,9,0,0,0,2053,detection,
2053183,12,7,934,934,0,0,0,0,0,0,9,0,0,0,2053,detection,
2059057,12,7,920,920,0,0,0,0,0,0,9,0,0,0,2059,detection,
2059148,15,7,920,920,0,0,0,0,0,0,9,0,0,0,2059,detection,
2060057,12,3,685,685,0,0,0,0,0,0,1,0,0,0,2060,detection,
2061762,19,16,834,834,0,0,0,0,0,0,5,0,0,0,2061,detection,
2062639,21,19,668,668,0,0,0,0,0,0,0,0,0,0,2062,detection,
2063065,1,28,276,466,-190,0,50,100,24,12,23,0,89,100,2063,detection,
2063080,17,28,276,466,-190,0,56,100,27,28,16,0,82,75,2063,detection,
2063080,4,28,276,466,-190,0,50,100,24,25,24,0,78,75,2063,detection,
2063098,22,28,276,466,-190,0,50,100,24,25,24,0,78,75,2063,detection,
2063124,13,28,276,466,-190,0,50,100,24,25,24,0,78,75,2063,detection,
2063158,8,28,276,466,-190,0,40,94,25,18,42,0,71,75,2063,detection,
2063161,18,28,276,466,-190,0,40,100,19,18,42,0,71,75,2063,detection,
2064203,11,10,512,512,0,0,0,0,0,0,0,0,0,0,2064,detection,
2065906,8,15,653,653,0,0,0,0,0,0,19,0,0,0,2065,detection,
2066159,1,31,276,298,-22,0,8,29,5,16,0,0,0,0,2066,detection,
2066164,18,31,276,298,-22,0,6,29,4,14,15,0,0,0,2066,detection,
2066180,20,31,276,298,-22,0,7,29,4,16,8,0,0,0,2066,detection,
2066203,25,31,276,298,-22,0,8,29,5,50,2,0,0,0,2066,detection,
2066206,11,31,276,298,-22,0,8,29,5,16,0,0,0,0,2066,detection,
2066224,22,31,276,298,-22,0,8,29,5,16,0,0,0,0,2066,detection,
2066263,19,31,276,298,-22,0,8,29,5,16,1,0,0,0,2066,detection,
2067208,4,26,276,282,-6,0,1,100,3,0,11,0,95,100,2067,detection,
2067281,8,26,276,282,-6,0,1,100,1,0,26,0,83,75,2067,detection,
2067849,7,12,952,952,0,0,0,0,0,0,8,0,0,0,2067,detection,
2067869,24,12,952,952,0,0,0,0,0,0,14,0,0,0,2067,detection,
2067885,3,12,952,952,0,0,0,0,0,0,3,0,0,0,2067,detection,
2067928,5,12,952,952,0,0,0,0,0,0,14,0,0,0,2067,detection,
2067932,20,12,952,952,0,0,0,0,0,0,18,0,0,0,2067,detection,
2070291,1,28,276,386,-110,0,30,100,14,12,20,0,95,100,2070,detection,
2070331,4,28,276,386,-110,0,29,100,14,12,23,0,89,100,2070,detection,
2070331,17,28,276,386,-110,0,32,100,15,28,16,0,95,100,2070,detection,
2070349,22,28,276,386,-110,0,29,100,14,25,23,0,89,100,2070,detection,
2070375,13,28,276,386,-110,0,29,100,14,12,23,0,89,100,2070,detection,
2071678,5,7,920,920,0,0,0,0,0,0,9,0,0,0,2071,detection,
2071685,12,7,920,920,0,0,0,0,0,0,10,0,0,0,2071,detection,
2071743,24,7,920,920,0,0,0,0,0,0,11,0,0,0,2071,detection,
2071758,3,7,920,920,0,0,0,0,0,0,9,0,0,0,2071,detection,
2071771,15,7,920,920,0,0,0,0,0,0,9,0,0,0,2071,detection,
2074237,9,4,536,536,0,0,0,0,0,0,4,0,0,0,2074,detection,
2074403,8,26,276,332,-56,0,13,100,8,0,30,0,79,75,2074,detection,
2074412,18,26,276,332,-56,0,14,100,7,0,26,0,83,75,2074,detection,
2074443,23,26,276,332,-56,0,19,100,7,0,7,0,95,100,2074,detection,
2076352,7,12,1000,1000,0,0,0,0,0,0,8,0,0,0,2076,detection,
2076368,24,12,1000,1000,0,0,0,0,0,0,14,0,0,0,2076,detection,
2077506,3,8,564,564,0,0,0,0,0,0,3,0,0,0,2077,detection,
2078478,22,13,591,591,0,0,0,0,0,0,1,0,0,0,2078,detection,
2080657,8,26,276,344,-68,0,16,100,1,0,30,0,79,75,2080,detection,
2080696,23,26,276,344,-68,0,23,100,2,0,7,0,95,100,2080,detection,
2085999,13,30,738,829,-91,0,33,76,8,0,3,0,94,100,2085,detection,
2086179,5,12,1000,1000,0,0,0,0,0,0,13,0,0,0,2086,detection,
2086183,20,12,1000,1000,0,0,0,0,0,0,18,0,0,0,2086,detection,
2086224,7,12,1000,1000,0,0,0,0,0,0,8,0,0,0,2086,detection,
2086244,24,12,1000,1000,0,0,0,0,0,0,13,0,0,0,2086,detection,
2086282,8,26,276,324,-48,0,11,100,3,0,30,0,79,75,2086,detection,
2086333,4,26,276,324,-48,0,14,100,8,0,15,0,95,100,2086,detection,
2087785,8,27,276,428,-152,0,44,100,18,0,17,0,95,100,2087,detection,
2088532,16,11,533,533,0,0,0,0,0,0,3,0,0,0,2088,detection,
2091786,18,22,512,512,0,0,0,0,0,0,15,0,0,0,2091,detection,
2092194,23,26,276,310,-34,0,11,100,7,0,7,0,95,100,2092,detection,
2092205,4,26,276,310,-34,0,10,100,2,0,15,0,95,100,2092,detection,
2098241,24,7,920,920,0,0,0,0,0,0,11,0,0,0,2098,detection,
2099521,15,7,920,920,0,0,0,0,0,0,8,0,0,0,2099,detection,
2099552,5,7,920,920,0,0,0,0,0,0,9,0,0,0,2099,detection,
2099558,12,7,920,920,0,0,0,0,0,0,4,0,0,0,2099,detection,
2099617,24,7,920,920,0,0,0,0,0,0,11,0,0,0,2099,detection,
2099632,3,7,920,920,0,0,0,0,0,0,9,0,0,0,2099,detection,
2099820,23,26,276,326,-50,0,17,100,3,0,7,0,95,100,2099,detection,
2099832,4,26,276,326,-50,0,15,100,3,0,15,0,95,100,2099,detection,
2099904,8,26,276,326,-50,0,12,100,0,0,30,0,79,75,2099,detection,
2099913,18,26,276,326,-50,0,13,100,1,0,20,0,95,100,2099,detection,
2102657,1,28,276,312,-36,0,10,100,13,0,19,0,95,100,2102,detection,
2102664,18,28,276,312,-36,0,8,100,22,10,38,0,74,75,2102,detection,
2102707,4,28,276,312,-36,0,9,100,13,12,23,0,89,100,2102,detection,
2102707,17,28,276,312,-36,0,10,100,14,14,16,0,95,100,2102,detection,
2102750,13,28,276,312,-36,0,9,100,13,0,23,0,89,100,2102,detection,
2102780,8,28,276,312,-36,0,7,97,21,18,42,0,71,75,2102,detection,
2105329,17,9,831,831,0,0,0,0,0,0,0,0,0,0,2105,detection,
2106069,23,26,276,316,-40,0,13,100,2,0,7,0,95,100,2106,detection,
2106081,4,26,276,316,-40,0,12,100,2,0,15,25,97,100,2106,detection,
2106158,8,26,276,316,-40,0,10,100,1,0,26,25,92,100,2106,detection,
2106162,18,26,276,316,-40,0,11,100,1,0,20,25,97,100,2106,detection,
2111658,8,26,276,304,-28,0,7,100,2,0,26,0,83,75,2111,detection,
2111662,18,26,276,304,-28,0,7,100,2,0,20,0,95,100,2111,detection,
2111693,23,26,276,304,-28,0,10,100,2,0,3,0,95,100,2111,detection,
2111705,4,26,276,304,-28,0,8,100,2,0,15,0,95,100,2111,detection,
2114757,3,20,584,584,0,0,0,0,0,0,0,0,0,0,2114,detection,
2114769,15,20,584,584,0,0,0,0,0,0,7,0,0,0,2114,detection,
2114777,6,20,584,584,0,0,0,0,0,0,4,0,0,0,2114,detection,
2114783,8,20,584,584,0,0,0,0,0,0,18,0,0,0,2114,detection,
2114799,5,20,584,584,0,0,0,0,0,0,6,0,0,0,2114,detection,
2114807,12,20,584,584,0,0,0,0,0,0,2,0,0,0,2114,detection,
2114825,25,20,584,584,0,0,0,0,0,0,2,0,0,0,2114,detection,
2115266,14,2,1054,1054,0,0,0,0,0,0,1,0,0,0,2115,detection,
2117038,18,26,276,298,-22,0,6,100,1,0,20,0,95,100,2117,detection,
2117068,23,26,276,298,-22,0,8,100,1,0,3,0,95,100,2117,detection,
2117080,4,26,276,298,-22,0,7,100,1,0,11,0,95,100,2117,detection,
2117430,5,12,1000,1000,0,0,0,0,0,0,7,0,0,0,2117,detection,
2117433,20,12,1000,1000,0,0,0,0,0,0,16,0,0,0,2117,detection,
2117475,7,12,1000,1000,0,0,0,0,0,0,8,0,0,0,2117,detection,
2117495,24,12,1000,1000,0,0,0,0,0,0,7,0,0,0,2117,detection,
2117511,3,12,1000,1000,0,0,0,0,0,0,4,0,0,0,2117,detection,
2120634,1,28,276,285,-9,0,2,100,5,0,19,0,95,100,2120,detection,
2120653,8,28,276,285,-9,0,2,95,4,10,38,0,74,75,2120,detection,
2120661,18,28,276,285,-9,0,2,100,4,0,38,0,74,75,2120,detection,
2120704,4,28,276,285,-9,0,2,100,4,0,23,0,89,100,2120,detection,
2120704,17,28,276,285,-9,0,2,100,5,14,15,0,95,100,2120,detection,
2120722,22,28,276,285,-9,0,2,100,18,25,23,0,89,100,2120,detection,
2120748,13,28,276,285,-9,0,2,100,4,0,23,0,89,100,2120,detection,
2121579,25,6,990,990,0,0,0,0,0,0,8,0,0,0,2121,detection,
2121600,7,24,1291,1291,0,0,0,0,0,0,7,0,0,0,2121,detection,
2121679,5,24,1291,1291,0,0,0,0,0,0,6,0,0,0,2121,detection,
2121682,12,24,1291,1291,0,0,0,0,0,0,7,0,0,0,2121,detection,
2126978,1,28,276,299,-23,0,6,100,2,0,19,0,95,100,2126,detection,
2126998,13,28,276,299,-23,0,6,100,2,0,23,0,89,100,2126,detection,
2127032,8,28,276,299,-23,0,5,94,2,0,38,0,74,75,2127,detection,
2127036,18,28,276,299,-23,0,5,100,2,0,38,0,74,75,2127,detection,
2127079,17,28,276,299,-23,0,6,100,2,0,16,0,95,100,2127,detection,
2127097,22,28,276,299,-23,0,6,100,2,12,23,0,89,100,2127,detection,
2131721,1,28,276,294,-18,0,5,100,0,0,19,0,95,100,2131,detection,
2131725,22,28,276,294,-18,0,4,100,0,12,23,0,89,100,2131,detection,
2131780,8,28,276,294,-18,0,4,91,0,0,38,0,74,75,2131,detection,
2131788,18,28,276,294,-18,0,4,100,0,0,38,0,74,75,2131,detection,
2131830,17,28,276,294,-18,0,5,100,0,0,16,0,95,100,2131,detection,
2131830,4,28,276,294,-18,0,4,100,1,0,23,0,89,100,2131,detection,
2133357,1,16,834,834,0,0,0,0,0,0,0,0,0,0,2133,detection,
2135555,5,3,655,655,0,0,0,0,0,0,1,0,0,0,2135,detection,
2137110,1,28,276,286,-10,0,2,100,1,0,19,0,95,100,2137,detection,
2137126,13,28,276,286,-10,0,2,100,2,0,23,0,89,100,2137,detection,
2137156,8,28,276,286,-10,0,2,85,1,0,38,0,74,75,2137,detection,
2137164,18,28,276,286,-10,0,2,100,1,0,38,0,74,75,2137,detection,
2137206,4,28,276,286,-10,0,2,100,1,0,23,0,89,100,2137,detection,
2140786,1,16,691,691,0,0,0,0,0,0,4,0,0,0,2140,detection,
2140833,11,16,691,691,0,0,0,0,0,0,4,0,0,0,2140,detection,
2140846,22,16,691,691,0,0,0,0,0,0,4,0,0,0,2140,detection,
2140887,19,16,691,691,0,0,0,0,0,0,9,0,0,0,2140,detection,
2140890,10,16,691,691,0,0,0,0,0,0,5,0,0,0,2140,detection,
2142636,21,19,622,622,0,0,0,0,0,0,0,0,0,0,2142,detection,
2142641,10,19,622,622,0,0,0,0,0,0,0,0,0,0,2142,detection,
2142654,6,19,622,622,0,0,0,0,0,0,2,0,0,0,2142,detection,
2142658,16,19,622,622,0,0,0,0,0,0,1,0,0,0,2142,detection,
2142704,25,19,622,622,0,0,0,0,0,0,1,0,0,0,2142,detection,
2142707,11,19,622,622,0,0,0,0,0,0,0,0,0,0,2142,detection,
2142955,4,28,276,284,-8,0,2,100,0,0,23,0,89,100,2142,detection,
2142998,13,28,276,284,-8,0,2,100,0,0,23,0,89,100,2142,detection,
2143032,8,28,276,284,-8,0,1,78,0,0,38,0,74,75,2143,detection,
2144066,23,14,1101,1101,0,0,0,0,0,0,1,0,0,0,2144,detection,
2146506,3,7,920,920,0,0,0,0,0,0,9,0,0,0,2146,detection,
2146524,15,7,920,920,0,0,0,0,0,0,9,0,0,0,2146,detection,
2146554,5,7,920,920,0,0,0,0,0,0,8,0,0,0,2146,detection,
2146556,12,7,920,920,0,0,0,0,0,0,4,0,0,0,2146,detection,
2147556,5,12,1000,1000,0,0,0,0,0,0,6,0,0,0,2147,detection,
2150277,1,16,682,682,0,0,0,0,0,0,1,0,0,0,2150,detection,
2150346,22,16,682,682,0,0,0,0,0,0,5,0,0,0,2150,detection,
2150388,19,16,682,682,0,0,0,0,0,0,9,0,0,0,2150,detection,
2150391,10,16,682,682,0,0,0,0,0,0,5,0,0,0,2150,detection,
2151024,1,28,276,281,-5,0,1,100,0,0,19,0,95,100,2151,detection,
2151031,8,28,276,281,-5,0,1,70,0,0,38,0,74,75,2151,detection,
2151082,17,28,276,281,-5,0,1,100,2,0,12,0,95,100,2151,detection,
2151100,22,28,276,281,-5,0,1,100,2,0,23,0,89,100,2151,detection,
2153443,23,15,640,640,0,0,0,0,0,0,1,0,0,0,2153,detection,
2157328,1,28,276,279,-3,0,0,100,0,0,19,0,95,100,2157,detection,
2157331,17,28,276,279,-3,0,0,100,0,0,12,0,95,100,2157,detection,
2157331,4,28,276,279,-3,0,0,100,0,0,19,25,97,100,2157,detection,
2157349,22,28,276,279,-3,0,0,100,0,0,19,0,95,100,2157,detection,
2157375,13,28,276,279,-3,0,0,100,0,0,19,0,95,100,2157,detection,
2157412,18,28,276,279,-3,0,0,100,1,0,38,25,78,75,2157,detection,
2161080,4,26,276,283,-7,0,2,100,3,0,11,0,95,100,2161,detection,
2161157,8,26,276,283,-7,0,1,100,3,0,26,0,83,75,2161,detection,
2161161,18,26,276,283,-7,0,1,100,2,0,20,0,95,100,2161,detection,
2161192,23,26,276,283,-7,0,2,100,3,0,3,0,95,100,2161,detection,
2161207,1,16,682,682,0,0,0,0,0,0,1,0,0,0,2161,detection,
2161221,22,16,682,682,0,0,0,0,0,0,5,0,0,0,2161,detection,
2161262,19,16,682,682,0,0,0,0,0,0,5,0,0,0,2161,detection,
2161265,10,16,682,682,0,0,0,0,0,0,5,0,0,0,2161,detection,
2161331,11,16,682,682,0,0,0,0,0,0,5,0,0,0,2161,detection,
2162224,7,24,1291,1291,0,0,0,0,0,0,7,0,0,0,2162,detection,
2165831,4,9,850,850,0,0,0,0,0,0,1,0,0,0,2165,detection,
2167319,23,26,276,282,-6,0,2,100,0,0,3,0,95,100,2167,detection,
2167331,4,26,276,282,-6,0,1,100,0,0,11,0,95,100,2167,detection,
2167408,8,26,276,282,-6,0,1,100,0,0,26,0,83,75,2167,detection,
2167412,18,26,276,282,-6,0,1,100,0,0,20,0,95,100,2167,detection,
2168871,13,17,512,512,0,0,0,0,0,0,2,0,0,0,2168,detection,
2169352,7,12,1000,1000,0,0,0,0,0,0,8,0,0,0,2169,detection,
2169367,24,12,1000,1000,0,0,0,0,0,0,6,0,0,0,2169,detection,
2169384,3,12,1000,1000,0,0,0,0,0,0,3,0,0,0,2169,detection,
2169435,20,12,1000,1000,0,0,0,0,0,0,16,0,0,0,2169,detection,
2173164,18,31,276,280,-4,0,1,0,3,14,15,0,0,0,2173,detection,
2173280,8,26,276,281,-5,0,1,100,0,0,26,0,83,75,2173,detection,
2173296,18,26,276,281,-5,0,1,100,0,0,20,0,95,100,2173,detection,
2173319,23,26,276,281,-5,0,1,100,0,0,3,0,95,100,2173,detection,
2173331,4,26,276,281,-5,0,1,100,0,0,11,0,95,100,2173,detection,
2182413,18,26,276,297,-21,0,5,100,2,0,20,25,97,100,2182,detection,
2182443,23,26,276,297,-21,0,7,100,3,0,3,0,95,100,2182,detection,
2182455,4,26,276,297,-21,0,6,100,3,0,11,25,97,100,2182,detection,
2194905,8,26,276,294,-18,0,4,100,2,0,26,0,83,75,2194,detection,
2194913,18,26,276,294,-18,0,5,100,0,0,14,0,95,100,2194,detection,
2194944,23,26,276,294,-18,0,6,100,0,0,3,0,95,100,2194,detection,
2194956,4,26,276,294,-18,0,5,100,0,0,11,0,95,100,2194,detection,
2195309,1,16,682,682,0,0,0,0,0,0,1,0,0,0,2195,detection,
2195330,11,16,682,682,0,0,0,0,0,0,1,0,0,0,2195,detection,
2195348,22,16,682,682,0,0,0,0,0,0,5,0,0,0,2195,detection,
2195385,19,16,682,682,0,0,0,0,0,0,5,0,0,0,2195,detection,
2195392,10,16,682,682,0,0,0,0,0,0,5,0,0,0,2195,detection,
2198184,20,5,658,658,0,0,0,0,0,0,2,0,0,0,2198,detection,
2200782,8,26,276,292,-16,0,4,100,0,0,26,0,83,75,2200,detection,
2200833,4,26,276,292,-16,0,5,100,0,0,11,0,95,100,2200,detection,
2203344,1,28,276,324,-48,0,14,100,9,0,15,0,95,100,2203,detection,
2203348,22,28,276,324,-48,0,13,100,8,0,19,0,95,100,2203,detection,
2203373,13,28,276,324,-48,0,13,100,8,0,19,0,95,100,2203,detection,
2203407,8,28,276,324,-48,0,10,78,6,0,38,0,74,75,2203,detection,
2203411,18,28,276,324,-48,0,10,100,6,0,38,0,74,75,2203,detection,
2203454,17,28,276,324,-48,0,15,100,9,0,12,0,95,100,2203,detection,
2203458,4,28,276,324,-48,0,13,100,8,0,19,0,95,100,2203,detection,
2203555,5,29,576,841,-265,0,96,100,9,16,4,0,82,75,2203,detection,
2207780,8,26,276,293,-17,0,4,100,0,0,30,0,79,75,2207,detection,
2207788,18,26,276,293,-17,0,4,100,0,0,18,0,95,100,2207,detection,
2207819,23,26,276,293,-17,0,5,100,0,0,7,0,95,100,2207,detection,
2207831,4,26,276,293,-17,0,5,100,0,0,15,0,95,100,2207,detection,
2210571,1,28,276,319,-43,0,12,100,1,0,15,0,95,100,2210,detection,
2210582,4,28,276,319,-43,0,12,100,0,0,19,0,95,100,2210,detection,
2210582,17,28,276,319,-43,0,13,100,1,0,12,0,95,100,2210,detection,
2210600,22,28,276,319,-43,0,12,100,0,0,19,0,95,100,2210,detection,
2210626,13,28,276,319,-43,0,12,100,0,0,19,0,95,100,2210,detection,
2210655,8,28,276,319,-43,0,9,85,0,0,38,0,74,75,2210,detection,
2210663,18,28,276,319,-43,0,9,100,0,0,38,0,74,75,2210,detection,
2216532,1,28,276,310,-34,0,10,100,1,0,15,0,95,100,2216,detection,
2216538,18,28,276,310,-34,0,8,100,1,0,32,0,77,75,2216,detection,
2216581,4,28,276,310,-34,0,9,100,1,0,19,0,95,100,2216,detection,
2216581,17,28,276,310,-34,0,10,100,1,0,12,0,95,100,2216,detection,
2216625,13,28,276,310,-34,0,9,100,1,0,19,0,95,100,2216,detection,
2216654,8,28,276,310,-34,0,7,92,1,0,34,0,75,75,2216,detection,
2219952,25,19,622,622,0,0,0,0,0,0,1,0,0,0,2219,detection,
2223781,1,28,276,294,-18,0,5,100,3,0,15,0,95,100,2223,detection,
2223788,18,28,276,294,-18,0,4,100,2,0,32,0,77,75,2223,detection,
2223831,17,28,276,294,-18,0,5,100,3,0,11,0,95,100,2223,detection,
2223831,4,28,276,294,-18,0,5,100,3,0,19,0,95,100,2223,detection,
2223875,13,28,276,294,-18,0,5,100,3,0,19,0,95,100,2223,detection,
2223904,8,28,276,294,-18,0,4,90,2,0,34,0,75,75,2223,detection,
2224096,22,16,682,682,0,0,0,0,0,0,1,0,0,0,2224,detection,
2226269,14,30,718,849,-131,0,48,94,20,0,3,0,95,100,2226,detection,
2227406,8,26,276,282,-6,0,1,100,1,0,30,0,79,75,2227,detection,
2227445,23,26,276,282,-6,0,2,100,2,0,7,0,95,100,2227,detection,
2227457,4,26,276,282,-6,0,1,100,2,0,15,0,95,100,2227,detection,
2231778,6,21,821,821,0,0,0,0,0,0,4,0,0,0,2231,detection,
2231955,11,25,696,696,0,0,0,0,0,0,6,0,0,0,2231,detection,
2233568,23,27,276,375,-99,0,38,100,10,0,0,0,95,100,2233,detection,
2233665,18,26,276,280,-4,0,1,100,2,0,22,0,92,100,2233,detection,
2233696,23,26,276,280,-4,0,1,100,0,0,7,0,95,100,2233,detection,
2235760,3,15,640,640,0,0,0,0,0,0,1,0,0,0,2235,detection,
2237434,12,24,1291,1291,0,0,0,0,0,0,7,0,0,0,2237,detection,
2243453,1,28,276,284,-8,0,2,100,2,0,15,0,95,100,2243,detection,
2243456,17,28,276,284,-8,0,2,100,2,0,11,0,95,100,2243,detection,
2243456,4,28,276,284,-8,0,2,100,1,0,19,0,95,100,2243,detection,
2243474,22,28,276,284,-8,0,2,100,6,0,19,0,95,100,2243,detection,
2243500,13,28,276,284,-8,0,2,100,1,0,19,0,95,100,2243,detection,
2243537,18,28,276,284,-8,0,1,100,1,0,32,0,77,75,2243,detection,
2244012,21,10,512,512,0,0,0,0,0,0,0,0,0,0,2244,detection,
2249231,1,16,682,682,0,0,0,0,0,0,1,0,0,0,2249,detection,
2249260,19,16,682,682,0,0,0,0,0,0,5,0,0,0,2249,detection,
2249263,10,16,682,682,0,0,0,0,0,0,5,0,0,0,2249,detection,
2249329,11,16,682,682,0,0,0,0,0,0,1,0,0,0,2249,detection,
2249347,22,16,682,682,0,0,0,0,0,0,1,0,0,0,2249,detection,
2251194,23,14,1091,1091,0,0,0,0,0,0,1,0,0,0,2251,detection,
2251271,2,14,1091,1091,0,0,0,0,0,0,1,0,0,0,2251,detection,
2251479,22,8,551,551,0,0,0,0,0,0,3,0,0,0,2251,detection,
2253532,8,26,276,276,0,0,0,100,0,11,30,0,79,75,2253,detection,
2253583,4,26,276,276,0,0,0,100,1,14,15,0,95,100,2253,detection,
2254520,14,2,1050,1050,0,0,0,0,0,0,1,0,0,0,2254,detection,
2260819,23,26,276,276,0,0,0,100,0,16,7,0,95,100,2260,detection,
2260831,4,26,276,276,0,0,0,100,0,14,15,0,95,100,2260,detection,
2260904,8,26,276,276,0,0,0,100,0,11,30,0,79,75,2260,detection,
2260913,18,26,276,276,0,0,0,100,0,12,22,0,92,100,2260,detection,
2261414,18,26,276,276,0,0,0,100,0,12,22,0,92,100,2261,detection,
2267196,23,26,276,276,0,0,0,100,0,16,7,0,95,100,2267,detection,
2272383,3,7,920,920,0,0,0,0,0,0,8,0,0,0,2272,detection,
2276453,4,9,926,926,0,0,0,0,0,0,1,0,0,0,2276,detection,
2277163,18,26,276,321,-45,0,12,100,8,25,22,25,97,100,2277,detection,
2277194,23,26,276,321,-45,0,15,100,10,33,7,0,95,100,2277,detection,
2277206,4,26,276,321,-45,0,13,100,9,28,15,25,97,100,2277,detection,
2279536,8,3,655,655,0,0,0,0,0,0,18,0,0,0,2279,detection,
2282030,8,20,584,584,0,0,0,0,0,0,17,0,0,0,2282,detection,
2282581,4,26,276,316,-40,0,12,100,1,28,15,0,95,100,2282,detection,
2282658,8,26,276,316,-40,0,9,100,6,22,30,0,79,75,2282,detection,
2282663,18,26,276,316,-40,0,10,100,0,25,22,0,92,100,2282,detection,
2282693,23,26,276,316,-40,0,13,100,1,33,7,0,95,100,2282,detection,
2290505,13,4,655,655,0,0,0,0,0,0,1,0,0,0,2290,detection,
2290974,22,17,512,512,0,0,0,0,0,0,0,0,0,0,2290,detection,
2293431,1,28,276,294,-18,0,5,100,2,0,15,0,95,100,2293,detection,
2293455,17,28,276,294,-18,0,5,100,2,0,11,0,95,100,2293,detection,
2293455,4,28,276,294,-18,0,5,100,1,0,19,0,95,100,2293,detection,
2293473,22,28,276,294,-18,0,5,100,1,0,19,0,95,100,2293,detection,
2293499,13,28,276,294,-18,0,5,100,1,0,18,0,95,100,2293,detection,
2293536,8,28,276,294,-18,0,4,88,0,0,33,0,75,75,2293,detection,
2293536,18,28,276,294,-18,0,4,100,1,0,32,0,77,75,2293,detection,
2296032,8,26,276,298,-22,0,5,100,2,22,30,0,79,75,2296,detection,
2296071,23,26,276,298,-22,0,7,100,4,33,7,0,95,100,2296,detection,
2296578,25,21,835,835,0,0,0,0,0,0,2,0,0,0,2296,detection,
2297140,3,12,1000,1000,0,0,0,0,0,0,3,0,0,0,2297,detection,
2297178,5,12,1000,1000,0,0,0,0,0,0,5,0,0,0,2297,detection,
2297182,20,12,1000,1000,0,0,0,0,0,0,8,0,0,0,2297,detection,
2297243,24,12,1000,1000,0,0,0,0,0,0,6,0,0,0,2297,detection,
2300347,22,31,276,276,0,0,0,0,5,33,0,0,0,0,2300,detection,
2301783,8,26,276,293,-17,0,4,100,0,22,30,0,79,75,2301,detection,
2301788,18,26,276,293,-17,0,4,100,4,25,22,0,92,100,2301,detection,
2301818,23,26,276,293,-17,0,5,100,1,33,7,0,95,100,2301,detection,
2301830,4,26,276,293,-17,0,5,100,4,28,15,0,95,100,2301,detection,
2305272,15,7,920,920,0,0,0,0,0,0,8,0,0,0,2305,detection,
2305302,5,7,920,920,0,0,0,0,0,0,4,0,0,0,2305,detection,
2305305,12,7,920,920,0,0,0,0,0,0,4,0,0,0,2305,detection,
2305367,24,7,920,920,0,0,0,0,0,0,11,0,0,0,2305,detection,
2308394,2,14,1082,1082,0,0,0,0,0,0,1,0,0,0,2308,detection,
2308409,16,10,534,534,0,0,0,0,0,0,2,0,0,0,2308,detection,
2310913,18,26,276,287,-11,0,3,100,1,28,16,25,97,100,2310,detection,
2310944,23,26,276,287,-11,0,4,100,1,33,3,0,95,100,2310,detection,
2310956,4,26,276,287,-11,0,3,100,1,28,15,25,97,100,2310,detection,
2311535,8,30,698,774,-76,0,21,70,1,25,19,0,94,100,2311,detection,
2313052,5,15,610,610,0,0,0,0,0,0,6,0,0,0,2313,detection,
2313516,1,28,276,288,-12,0,3,100,1,0,15,0,95,100,2313,detection,
2313532,8,28,276,288,-12,0,2,82,0,0,34,0,75,75,2313,detection,
2313536,18,28,276,288,-12,0,2,100,0,0,32,0,77,75,2313,detection,
2313578,17,28,276,288,-12,0,4,100,1,0,7,0,95,100,2313,detection,
2313583,4,28,276,288,-12,0,3,100,1,0,19,0,95,100,2313,detection,
2313597,22,28,276,288,-12,0,3,100,1,0,19,0,95,100,2313,detection,
2313622,13,28,276,288,-12,0,3,100,1,0,19,0,95,100,2313,detection,
2314635,19,16,682,682,0,0,0,0,0,0,5,0,0,0,2314,detection,
2315518,14,2,1068,1068,0,0,0,0,0,0,1,0,0,0,2315,detection,
2316326,25,27,276,340,-64,0,25,100,1,0,0,25,97,100,2316,detection,
2316726,7,24,1276,1276,0,0,0,0,0,0,6,0,0,0,2316,detection,
2317684,20,12,1000,1000,0,0,0,0,0,0,7,0,0,0,2317,detection,
2323569,23,26,276,307,-31,0,11,100,4,16,3,0,95,100,2323,detection,
2325318,23,26,276,307,-31,0,11,100,0,16,3,0,95,100,2325,detection,
2325330,4,26,276,307,-31,0,9,100,4,28,15,0,95,100,2325,detection,
2325407,8,26,276,307,-31,0,7,100,2,22,30,0,79,75,2325,detection,
2325411,18,26,276,307,-31,0,9,100,3,28,16,0,95,100,2325,detection,
2329415,1,28,276,291,-15,0,4,100,0,0,18,0,95,100,2329,detection,
2329455,4,28,276,291,-15,0,4,100,0,0,19,0,95,100,2329,detection,
2329456,17,28,276,291,-15,0,4,100,0,0,11,0,95,100,2329,detection,
2329474,22,28,276,291,-15,0,4,100,0,0,22,0,92,100,2329,detection,
2329499,13,28,276,291,-15,0,4,100,0,0,18,0,95,100,2329,detection,
2329534,8,28,276,291,-15,0,3,75,0,0,37,0,74,75,2329,detection,
2329537,18,28,276,291,-15,0,3,100,0,0,35,0,75,75,2329,detection,
2332279,8,3,642,642,0,0,0,0,0,0,18,0,0,0,2332,detection,
2332304,5,3,642,642,0,0,0,0,0,0,1,0,0,0,2332,detection,
2332307,12,3,642,642,0,0,0,0,0,0,1,0,0,0,2332,detection,
2332308,20,3,642,642,0,0,0,0,0,0,5,0,0,0,2332,detection,
2332316,23,3,642,642,0,0,0,0,0,0,0,0,0,0,2332,detection,
2332349,7,3,642,642,0,0,0,0,0,0,6,0,0,0,2332,detection,
2332532,8,26,276,300,-24,0,5,100,1,22,30,0,79,75,2332,detection,
2332575,23,26,276,300,-24,0,8,100,1,0,3,0,95,100,2332,detection,
2332583,4,26,276,300,-24,0,7,100,1,14,11,0,95,100,2332,detection,
2335125,1,28,276,300,-24,0,7,100,1,0,15,0,95,100,2335,detection,
2335162,18,28,276,300,-24,0,5,100,1,0,35,0,75,75,2335,detection,
2335205,4,28,276,300,-24,0,6,100,1,0,19,0,95,100,2335,detection,
2335205,17,28,276,300,-24,0,7,100,1,0,11,0,95,100,2335,detection,
2335223,22,28,276,300,-24,0,6,100,1,0,22,0,92,100,2335,detection,
2337196,23,26,276,294,-18,0,6,100,1,0,3,0,95,100,2337,detection,
2337208,4,26,276,294,-18,0,5,100,1,14,11,0,95,100,2337,detection,
2337281,8,26,276,294,-18,0,4,100,1,11,26,0,83,75,2337,detection,
2339336,1,28,276,281,-5,0,1,100,3,0,18,0,95,100,2339,detection,
2339348,22,28,276,281,-5,0,1,100,3,0,22,0,92,100,2339,detection,
2339374,13,28,276,281,-5,0,1,100,1,0,22,0,92,100,2339,detection,
2339408,8,28,276,281,-5,0,1,70,1,0,41,0,74,75,2339,detection,
2339411,18,28,276,281,-5,0,1,93,2,0,39,0,73,75,2339,detection,
2339454,17,28,276,281,-5,0,1,100,3,0,15,0,95,100,2339,detection,
2339454,4,28,276,281,-5,0,1,100,3,0,22,0,92,100,2339,detection,
2341970,22,11,526,526,0,0,0,0,0,0,2,0,0,0,2341,detection,
2348032,8,28,276,280,-4,0,0,70,0,0,41,0,74,75,2348,detection,
2349406,1,28,276,280,-4,0,1,100,0,0,19,0,95,100,2349,detection,
2349413,18,28,276,280,-4,0,0,90,0,0,34,0,75,75,2349,detection,
2349456,17,28,276,280,-4,0,1,100,0,0,15,0,95,100,2349,detection,
2349456,4,28,276,280,-4,0,1,100,0,0,22,0,92,100,2349,detection,
2349500,13,28,276,280,-4,0,1,100,0,0,22,0,92,100,2349,detection,
2349529,8,28,276,280,-4,0,0,70,0,0,41,0,74,75,2349,detection,
2351306,20,25,696,696,0,0,0,0,0,0,7,0,0,0,2351,detection,
2355314,1,28,276,292,-16,0,4,100,2,0,22,0,92,100,2355,detection,
2355329,4,28,276,292,-16,0,4,100,2,0,26,0,83,75,2355,detection,
2355329,17,28,276,292,-16,0,4,100,2,0,19,0,95,100,2355,detection,
2355347,22,28,276,292,-16,0,4,100,1,0,26,0,83,75,2355,detection,
2355373,13,28,276,292,-16,0,4,100,2,0,26,0,83,75,2355,detection,
2355407,8,28,276,292,-16,0,3,70,1,0,41,0,74,75,2355,detection,
2355411,18,28,276,292,-16,0,3,83,1,0,37,0,74,75,2355,detection,
2358010,3,23,600,600,0,0,0,0,0,0,2,0,0,0,2358,detection,
2358723,1,16,682,682,0,0,0,0,0,0,1,0,0,0,2358,detection,
2358760,19,16,682,682,0,0,0,0,0,0,4,0,0,0,2358,detection,
2358830,11,16,682,682,0,0,0,0,0,0,1,0,0,0,2358,detection,
2358848,22,16,682,682,0,0,0,0,0,0,1,0,0,0,2358,detection,
2359582,4,26,276,304,-28,0,8,100,2,0,11,0,95,100,2359,detection,
2359655,8,26,276,304,-28,0,7,100,1,11,26,0,83,75,2359,detection,
2359664,18,26,276,304,-28,0,8,100,0,14,16,0,95,100,2359,detection,
2363066,23,3,667,667,0,0,0,0,0,0,0,0,0,0,2363,detection,
2363164,1,28,276,317,-41,0,10,100,4,0,26,0,83,75,2363,detection,
2363205,17,28,276,317,-41,0,11,100,4,0,22,0,92,100,2363,detection,
2363808,12,7,916,916,0,0,0,0,0,0,4,0,0,0,2363,detection,
2364561,12,29,556,794,-238,0,87,100,25,0,3,0,82,55,2364,detection,
2367651,6,19,613,613,0,0,0,0,0,0,2,0,0,0,2367,detection,
2368586,1,28,276,294,-18,0,4,100,3,0,30,0,79,75,2368,detection,
2368598,22,28,276,294,-18,0,4,100,0,0,30,0,79,75,2368,detection,
2368624,13,28,276,294,-18,0,4,100,0,0,30,0,79,75,2368,detection,
2368658,8,28,276,294,-18,0,3,70,0,0,45,0,68,75,2368,detection,
2368661,18,28,276,294,-18,0,3,74,0,0,43,0,70,75,2368,detection,
2368704,17,28,276,294,-18,0,4,100,3,0,26,0,83,75,2368,detection,
2368704,4,28,276,294,-18,0,4,100,0,0,30,0,79,75,2368,detection,
2368887,19,6,979,979,0,0,0,0,0,0,4,0,0,0,2368,detection,
2369427,5,20,568,568,0,0,0,0,0,0,5,0,0,0,2369,detection,
2371287,18,4,634,634,0,0,0,0,0,0,19,0,0,0,2371,detection,
2371696,23,30,678,826,-148,0,54,100,25,16,3,7,95,100,2371,detection,
2376290,1,28,276,290,-14,0,3,100,0,0,30,0,79,75,2376,detection,
2376330,4,28,276,290,-14,0,3,100,0,0,30,0,79,75,2376,detection,
2376334,17,28,276,290,-14,0,3,100,0,0,22,0,92,100,2376,detection,
2376349,22,28,276,290,-14,0,3,100,0,0,30,0,79,75,2376,detection,
2376374,13,28,276,290,-14,0,3,100,0,0,30,0,79,75,2376,detection,
2376408,8,28,276,290,-14,0,2,70,0,0,45,0,68,75,2376,detection,
2376411,18,28,276,290,-14,0,2,70,0,0,43,0,71,75,2376,detection,
2383329,4,9,910,910,0,0,0,0,0,0,1,0,0,0,2383,detection,
2383509,1,28,276,285,-9,0,2,100,0,0,30,0,79,75,2383,detection,
2383528,8,28,276,285,-9,0,1,70,0,0,45,0,68,75,2383,detection,
2383536,18,28,276,285,-9,0,1,70,0,0,43,0,71,75,2383,detection,
2383579,4,28,276,285,-9,0,2,100,0,0,30,0,79,75,2383,detection,
2383579,17,28,276,285,-9,0,2,100,0,0,22,0,92,100,2383,detection,
2383597,22,28,276,285,-9,0,2,100,0,0,30,0,79,75,2383,detection,
2383622,13,28,276,285,-9,0,2,100,0,0,30,0,79,75,2383,detection,
2384636,19,10,534,534,0,0,0,0,0,0,0,0,0,0,2384,detection,
2391461,1,28,276,282,-6,0,1,100,0,0,26,0,83,75,2391,detection,
2391473,22,28,276,282,-6,0,1,100,0,0,30,0,79,75,2391,detection,
2391499,13,28,276,282,-6,0,1,100,0,0,30,0,79,75,2391,detection,
2391533,8,28,276,282,-6,0,1,70,0,0,45,0,68,75,2391,detection,
2391536,18,28,276,282,-6,0,1,70,0,0,43,0,71,75,2391,detection,
2391579,4,28,276,282,-6,0,1,100,0,0,26,0,83,75,2391,detection,
2391579,17,28,276,282,-6,0,1,100,0,0,22,0,92,100,2391,detection,
2392475,7,15,602,602,0,0,0,0,0,0,5,0,0,0,2392,detection,
2401202,25,6,979,979,0,0,0,0,0,0,3,0,0,0,2401,detection,
2401260,19,6,979,979,0,0,0,0,0,0,4,0,0,0,2401,detection,
2401263,21,6,979,979,0,0,0,0,0,0,4,0,0,0,2401,detection,
2408656,1,28,276,278,-2,0,0,100,0,0,26,0,83,75,2408,detection,
2408663,18,28,276,278,-2,0,0,70,0,0,43,25,74,75,2408,detection,
2408706,17,28,276,278,-2,0,0,100,0,0,22,0,92,100,2408,detection,
2408706,4,28,276,278,-2,0,0,100,0,0,26,25,92,100,2408,detection,
2408749,13,28,276,278,-2,0,0,100,0,0,26,0,83,75,2408,detection,
2408780,8,28,276,278,-2,0,0,70,0,0,45,25,74,75,2408,detection,
2410457,11,16,682,682,0,0,0,0,0,0,1,0,0,0,2410,detection,
2416274,1,28,276,276,0,0,0,100,0,11,26,0,83,75,2416,detection,
2416281,8,28,276,276,0,0,0,70,0,9,45,0,68,75,2416,detection,
2416289,18,28,276,276,0,0,0,70,0,9,43,0,71,75,2416,detection,
2416332,17,28,276,276,0,0,0,100,0,12,22,0,92,100,2416,detection,
2416350,22,28,276,276,0,0,0,100,0,11,30,0,79,75,2416,detection,
2416375,13,28,276,276,0,0,0,100,0,11,26,0,83,75,2416,detection,
2421172,1,28,276,276,0,0,0,100,0,11,26,0,83,75,2421,detection,
2421205,17,28,276,276,0,0,0,100,0,12,22,0,92,100,2421,detection,
2421205,4,28,276,276,0,0,0,100,0,11,26,0,83,75,2421,detection,
2421222,22,28,276,276,0,0,0,100,0,11,30,0,79,75,2421,detection,
2421248,13,28,276,276,0,0,0,100,0,11,26,0,83,75,2421,detection,
2421282,8,28,276,276,0,0,0,70,0,9,45,0,68,75,2421,detection,
2421286,18,28,276,276,0,0,0,70,0,10,37,0,74,75,2421,detection,
2425263,21,25,679,679,0,0,0,0,0,0,6,0,0,0,2425,detection,
2427763,19,21,835,835,0,0,0,0,0,0,0,0,0,0,2427,detection,
2429579,25,29,536,774,-238,0,87,100,15,16,3,0,82,75,2429,detection,
2429689,1,28,276,276,0,0,0,100,0,11,26,0,83,75,2429,detection,
2429704,17,28,276,276,0,0,0,100,0,12,22,0,92,100,2429,detection,
2429705,4,28,276,276,0,0,0,100,0,11,26,25,92,100,2429,detection,
2429722,22,28,276,276,0,0,0,100,0,11,26,0,83,75,2429,detection,
2429748,13,28,276,276,0,0,0,100,0,11,26,0,83,75,2429,detection,
2429782,8,28,276,276,0,0,0,70,0,10,41,25,74,75,2429,detection,
2429786,18,28,276,276,0,0,0,70,0,10,37,25,76,75,2429,detection,
2436540,1,28,276,276,0,0,0,100,0,11,26,0,83,75,2436,detection,
2436581,4,28,276,276,0,0,0,100,0,11,26,0,83,75,2436,detection,
2436625,13,28,276,276,0,0,0,100,0,11,26,0,83,75,2436,detection,
2436662,18,28,276,276,0,0,0,70,0,10,37,0,74,75,2436,detection,
2437530,8,28,276,276,0,0,0,70,0,10,41,0,74,75,2437,detection,
2440533,8,26,276,307,-31,0,7,100,0,0,26,0,83,75,2440,detection,
2440538,18,26,276,307,-31,0,8,100,0,12,18,0,95,100,2440,detection,
2440568,23,26,276,307,-31,0,11,100,3,0,3,0,95,100,2440,detection,
2440580,4,26,276,307,-31,0,9,100,0,0,11,0,95,100,2440,detection,
2451023,1,28,276,276,0,0,0,100,0,11,26,0,83,75,2451,detection,
2451031,8,28,276,276,0,0,0,70,0,10,41,0,74,75,2451,detection,
2451039,18,28,276,276,0,0,0,70,0,10,37,0,74,75,2451,detection,
2451082,17,28,276,276,0,0,0,100,0,12,22,0,92,100,2451,detection,
2451100,22,28,276,276,0,0,0,100,0,11,26,0,83,75,2451,detection,
2451125,13,28,276,276,0,0,0,100,0,11,26,0,83,75,2451,detection,
2453828,4,17,512,512,0,0,0,0,0,0,1,0,0,0,2453,detection,
2454132,3,20,568,568,0,0,0,0,0,0,0,0,0,0,2454,detection,
2454390,21,6,976,976,0,0,0,0,0,0,4,0,0,0,2454,detection,
2454817,23,8,549,549,0,0,0,0,0,0,3,0,0,0,2454,detection,
2458172,1,28,276,276,0,0,0,100,0,11,26,0,83,75,2458,detection,
2458205,17,28,276,276,0,0,0,100,0,12,18,0,95,100,2458,detection,
2458205,4,28,276,276,0,0,0,100,0,11,26,0,83,75,2458,detection,
2458222,22,28,276,276,0,0,0,100,0,11,26,0,83,75,2458,detection,
2458248,13,28,276,276,0,0,0,100,0,11,26,0,83,75,2458,detection,
2458282,8,28,276,276,0,0,0,70,0,10,41,0,74,75,2458,detection,
2458286,18,28,276,276,0,0,0,70,0,10,37,0,74,75,2458,detection,
2458883,3,5,623,623,0,0,0,0,0,0,1,0,0,0,2458,detection,
2463058,20,31,276,276,0,0,0,0,5,33,4,0,0,0,2463,detection,
2464657,8,28,276,276,0,0,0,70,0,10,41,0,74,75,2464,detection,
2464703,17,28,276,276,0,0,0,100,0,12,18,0,95,100,2464,detection,
2464705,1,28,276,276,0,0,0,100,0,12,22,0,92,100,2464,detection,
2464708,4,28,276,276,0,0,0,100,0,11,26,0,83,75,2464,detection,
2465691,23,14,1082,1082,0,0,0,0,0,0,1,0,0,0,2465,detection,
2468374,13,30,658,718,-60,0,21,100,7,0,4,0,95,100,2468,detection,
2472830,11,10,534,534,0,0,0,0,0,0,0,0,0,0,2472,detection,
2473934,12,24,1249,1249,0,0,0,0,0,0,6,0,0,0,2473,detection,
2475571,23,26,276,300,-24,0,8,100,1,0,3,0,95,100,2475,detection,
2475583,4,26,276,300,-24,0,7,100,1,0,11,0,95,100,2475,detection,
2475656,8,26,276,300,-24,0,6,100,1,0,26,0,83,75,2475,detection,
2479123,13,22,512,512,0,0,0,0,0,0,2,0,0,0,2479,detection,
2481038,18,26,276,297,-21,0,6,100,1,0,18,0,95,100,2481,detection,
2481068,23,26,276,297,-21,0,7,100,0,0,3,0,95,100,2481,detection,
2481080,4,26,276,297,-21,0,6,100,0,0,11,0,95,100,2481,detection,
2486052,5,12,940,940,0,0,0,0,0,0,4,0,0,0,2486,detection,
2488068,23,26,276,339,-63,0,24,100,10,0,0,0,95,100,2488,detection,
2488080,4,26,276,339,-63,0,20,100,8,0,11,0,95,100,2488,detection,
2488157,8,26,276,339,-63,0,16,100,6,0,26,0,83,75,2488,detection,
2488161,18,26,276,339,-63,0,18,100,8,0,18,0,95,100,2488,detection,
2488917,8,27,276,328,-52,0,15,100,19,0,17,0,95,100,2488,detection,
2491135,3,7,909,909,0,0,0,0,0,0,8,0,0,0,2491,detection,
2492475,7,3,653,653,0,0,0,0,0,0,6,0,0,0,2492,detection,
2495406,8,26,276,321,-45,0,11,100,3,0,26,0,83,75,2495,detection,
2495414,18,26,276,321,-45,0,12,100,3,0,18,0,95,100,2495,detection,
2495457,4,26,276,321,-45,0,14,100,3,0,11,0,95,100,2495,detection,
2495706,11,19,596,596,0,0,0,0,0,0,0,0,0,0,2495,detection,
2498862,9,4,615,615,0,0,0,0,0,0,4,0,0,0,2498,detection,
2499872,13,23,600,600,0,0,0,0,0,0,5,0,0,0,2499,detection,
2500058,20,15,602,602,0,0,0,0,0,0,4,0,0,0,2500,detection,
2500820,23,26,276,312,-36,0,14,100,7,0,0,0,95,100,2500,detection,
2500832,4,26,276,312,-36,0,12,100,2,0,7,0,95,100,2500,detection,
2500905,8,26,276,312,-36,0,9,100,1,0,26,0,83,75,2500,detection,
2500913,18,26,276,312,-36,0,10,100,1,0,18,0,95,100,2500,detection,
2505916,18,11,526,526,0,0,0,0,0,0,15,0,0,0,2505,detection,
2506195,23,26,276,301,-25,0,9,100,2,0,0,0,95,100,2506,detection,
2506206,4,26,276,301,-25,0,8,100,2,0,7,0,95,100,2506,detection,
2506279,8,26,276,301,-25,0,6,100,1,0,26,0,83,75,2506,detection,
2506296,18,26,276,301,-25,0,7,100,2,0,14,0,95,100,2506,detection,
2511641,10,21,835,835,0,0,0,0,0,0,0,0,0,0,2511,detection,
2512911,18,26,276,293,-17,0,5,100,1,0,14,0,95,100,2512,detection,
2512946,23,26,276,293,-17,0,6,100,2,0,0,0,95,100,2512,detection,
2512958,4,26,276,293,-17,0,5,100,1,0,7,0,95,100,2512,detection,
2513031,8,26,276,293,-17,0,4,100,1,0,22,0,92,100,2513,detection,
2515173,1,28,276,289,-13,0,3,100,2,12,22,0,92,100,2515,detection,
2515205,4,28,276,289,-13,0,3,100,2,22,26,0,83,75,2515,detection,
2515205,17,28,276,289,-13,0,3,100,2,25,18,0,95,100,2515,detection,
2515223,22,28,276,289,-13,0,3,100,2,22,26,0,83,75,2515,detection,
2515249,13,28,276,289,-13,0,3,100,2,22,26,0,83,75,2515,detection,
2515279,8,28,276,289,-13,0,2,70,1,10,41,0,74,75,2515,detection,
2515286,18,28,276,289,-13,0,2,70,1,20,39,0,74,75,2515,detection,
2522634,1,28,276,285,-9,0,2,100,0,12,22,0,92,100,2522,detection,
2522654,8,28,276,285,-9,0,1,70,0,10,41,0,74,75,2522,detection,
2522661,18,28,276,285,-9,0,1,70,0,10,39,0,74,75,2522,detection,
2522704,17,28,276,285,-9,0,2,100,0,12,18,0,95,100,2522,detection,
2522704,4,28,276,285,-9,0,2,100,0,25,22,0,92,100,2522,detection,
2522722,22,28,276,285,-9,0,2,100,0,22,26,0,83,75,2522,detection,
2522748,13,28,276,285,-9,0,2,100,0,12,22,0,92,100,2522,detection,
2523452,17,9,910,910,0,0,0,0,0,0,0,0,0,0,2523,detection,
2525455,4,28,276,284,-8,0,2,100,0,12,22,0,92,100,2525,detection,
2532582,17,28,276,282,-6,0,1,100,0,12,18,0,95,100,2532,detection,
2532584,1,28,276,282,-6,0,1,100,0,12,22,0,92,100,2532,detection,
2532600,22,28,276,282,-6,0,1,100,0,11,26,0,83,75,2532,detection,
2533161,18,31,276,276,0,0,0,0,0,28,15,0,0,0,2533,detection,
2538222,22,16,635,635,0,0,0,0,0,0,1,0,0,0,2538,detection,
2539408,8,18,512,512,0,0,0,0,0,0,25,0,0,0,2539,detection,
2542491,24,12,940,940,0,0,0,0,0,0,6,0,0,0,2542,detection,
2542507,3,12,940,940,0,0,0,0,0,0,3,0,0,0,2542,detection,
2542554,5,12,940,940,0,0,0,0,0,0,4,0,0,0,2542,detection,
2542558,20,12,940,940,0,0,0,0,0,0,6,0,0,0,2542,detection,
2542599,7,12,940,940,0,0,0,0,0,0,3,0,0,0,2542,detection,
2543553,5,24,1249,1249,0,0,0,0,0,0,5,0,0,0,2543,detection,
2543555,12,24,1249,1249,0,0,0,0,0,0,6,0,0,0,2543,detection,
2543602,7,24,1249,1249,0,0,0,0,0,0,6,0,0,0,2543,detection,
2544892,14,2,1057,1057,0,0,0,0,0,0,0,0,0,0,2544,detection,
2546137,3,27,276,343,-67,0,26,100,1,0,0,0,95,100,2546,detection,
2546149,15,27,276,343,-67,0,26,100,2,0,0,0,95,100,2546,detection,
2546162,8,27,276,343,-67,0,20,100,3,0,15,0,95,100,2546,detection,
2546163,18,27,276,343,-67,0,20,100,1,0,15,25,97,100,2546,detection,
2546179,5,27,276,343,-67,0,26,100,2,0,0,0,95,100,2546,detection,
2546184,20,27,276,343,-67,0,26,100,2,0,0,25,97,100,2546,detection,
2546192,23,27,276,343,-67,0,26,100,8,0,0,0,95,100,2546,detection,
2548572,1,28,276,282,-6,0,1,100,0,12,22,0,92,100,2548,detection,
2548578,17,28,276,282,-6,0,1,100,0,12,18,0,95,100,2548,detection,
2548583,4,28,276,282,-6,0,1,100,0,12,22,0,92,100,2548,detection,
2548596,22,28,276,282,-6,0,1,100,0,11,26,0,83,75,2548,detection,
2549929,5,29,516,756,-240,0,86,100,6,0,4,0,82,75,2549,detection,
2552029,6,25,650,650,0,0,0,0,0,0,10,0,0,0,2552,detection,
2554183,20,25,650,650,0,0,0,0,0,0,7,0,0,0,2554,detection,
2554203,11,25,650,650,0,0,0,0,0,0,6,0,0,0,2554,detection,
2554262,21,25,650,650,0,0,0,0,0,0,6,0,0,0,2554,detection,
2554264,19,25,650,650,0,0,0,0,0,0,6,0,0,0,2554,detection,
2563136,21,10,531,531,0,0,0,0,0,0,0,0,0,0,2563,detection,
2565367,24,7,909,909,0,0,0,0,0,0,11,0,0,0,2565,detection,
2565383,3,7,909,909,0,0,0,0,0,0,8,0,0,0,2565,detection,
2565400,15,7,909,909,0,0,0,0,0,0,8,0,0,0,2565,detection,
2565430,5,7,909,909,0,0,0,0,0,0,4,0,0,0,2565,detection,
2565433,12,7,909,909,0,0,0,0,0,0,4,0,0,0,2565,detection,
2565883,1,28,276,280,-4,0,1,100,0,12,22,0,92,100,2565,detection,
2565904,8,28,276,280,-4,0,0,70,0,10,41,25,74,75,2565,detection,
2565912,18,28,276,280,-4,0,0,70,0,10,39,25,75,75,2565,detection,
2565954,17,28,276,280,-4,0,1,100,0,12,18,0,95,100,2565,detection,
2565955,4,28,276,280,-4,0,1,100,0,12,22,25,97,100,2565,detection,
2565972,22,28,276,280,-4,0,1,100,0,11,26,0,83,75,2565,detection,
2565998,13,28,276,280,-4,0,1,100,0,12,22,0,92,100,2565,detection,
2569477,7,24,1249,1249,0,0,0,0,0,0,6,0,0,0,2569,detection,
2580684,1,16,635,635,0,0,0,0,0,0,0,0,0,0,2580,detection,
2580705,11,16,635,635,0,0,0,0,0,0,1,0,0,0,2580,detection,
2580723,22,16,635,635,0,0,0,0,0,0,0,0,0,0,2580,detection,
2580760,19,16,635,635,0,0,0,0,0,0,4,0,0,0,2580,detection,
2580767,10,16,635,635,0,0,0,0,0,0,5,0,0,0,2580,detection,
2584915,18,27,276,314,-38,0,11,100,5,0,15,50,98,100,2584,detection,
2586433,20,12,940,940,0,0,0,0,0,0,6,0,0,0,2586,detection,
2589917,18,22,512,512,0,0,0,0,0,0,15,0,0,0,2589,detection,
2591145,15,5,656,656,0,0,0,0,0,0,2,0,0,0,2591,detection,
2597077,17,28,276,277,-1,0,0,100,0,12,18,0,95,100,2597,detection,
2602328,25,21,855,855,0,0,0,0,0,0,2,0,0,0,2602,detection,
2603992,24,7,909,909,0,0,0,0,0,0,6,0,0,0,2603,detection,
2605706,11,31,276,276,0,0,0,0,5,33,0,0,0,0,2605,detection,
2612517,14,2,1052,1052,0,0,0,0,0,0,0,0,0,0,2612,detection,
2614032,8,26,276,316,-40,0,10,100,3,0,26,0,83,75,2614,detection,
2614040,18,26,276,316,-40,0,11,100,4,0,20,0,95,100,2614,detection,
2614070,23,26,276,316,-40,0,14,100,5,0,3,0,95,100,2614,detection,
2614082,4,26,276,316,-40,0,12,100,4,0,11,0,95,100,2614,detection,
2617285,8,20,564,564,0,0,0,0,0,0,17,0,0,0,2617,detection,
2620532,8,26,276,304,-28,0,7,100,2,0,26,0,83,75,2620,detection,
2620571,23,26,276,304,-28,0,10,100,2,0,3,0,95,100,2620,detection,
2626704,1,28,276,299,-23,0,6,100,3,12,22,0,92,100,2626,detection,
2626706,4,28,276,299,-23,0,6,100,3,12,22,0,92,100,2626,detection,
2626706,17,28,276,299,-23,0,6,100,4,14,15,0,95,100,2626,detection,
2626725,22,28,276,299,-23,0,6,100,3,12,22,0,92,100,2626,detection,
2626750,13,28,276,299,-23,0,6,100,3,12,22,0,92,100,2626,detection,
2626787,18,28,276,299,-23,0,5,70,2,10,35,0,74,75,2626,detection,
2629581,4,26,276,287,-11,0,3,100,5,0,15,0,95,100,2629,detection,
2629658,8,26,276,287,-11,0,2,100,2,0,30,0,79,75,2629,detection,
2629662,18,26,276,287,-11,0,2,100,5,0,24,0,87,100,2629,detection,
2629693,23,26,276,287,-11,0,3,100,3,0,7,0,95,100,2629,detection,
2630248,13,17,527,527,0,0,0,0,0,0,2,0,0,0,2630,detection,
2637935,12,29,496,690,-194,0,71,100,10,0,3,0,82,55,2637,detection,
2639865,1,28,276,312,-36,0,9,100,2,12,22,0,92,100,2639,detection,
2639873,13,28,276,312,-36,0,9,100,2,12,22,0,92,100,2639,detection,
2639907,8,28,276,312,-36,0,8,70,4,10,37,0,74,75,2639,detection,
2639914,18,28,276,312,-36,0,8,70,1,10,35,0,74,75,2639,detection,
2639953,4,28,276,312,-36,0,9,100,2,12,22,0,92,100,2639,detection,
2640032,8,30,638,692,-54,0,15,88,4,25,18,0,95,100,2640,detection,
2641974,7,12,771,771,0,0,0,0,0,0,7,0,0,0,2641,detection,
2641994,24,12,771,771,0,0,0,0,0,0,9,0,0,0,2641,detection,
2642010,3,12,771,771,0,0,0,0,0,0,3,0,0,0,2642,detection,
2642053,5,12,771,771,0,0,0,0,0,0,7,0,0,0,2642,detection,
2642057,20,12,771,771,0,0,0,0,0,0,9,0,0,0,2642,detection,
2642782,8,26,276,284,-8,0,1,100,0,0,30,0,79,75,2642,detection,
2642833,4,26,276,284,-8,0,2,100,0,0,15,0,95,100,2642,detection,
2645051,5,3,652,652,0,0,0,0,0,0,0,0,0,0,2645,detection,
2648929,5,12,769,769,0,0,0,0,0,0,7,0,0,0,2648,detection,
2648933,20,12,769,769,0,0,0,0,0,0,9,0,0,0,2648,detection,
2648974,7,12,769,769,0,0,0,0,0,0,7,0,0,0,2648,detection,
2648994,24,12,769,769,0,0,0,0,0,0,9,0,0,0,2648,detection,
2649010,3,12,769,769,0,0,0,0,0,0,3,0,0,0,2649,detection,
2649782,8,26,276,303,-27,0,6,100,3,0,30,0,79,75,2649,detection,
2649821,23,26,276,303,-27,0,9,100,3,0,7,0,95,100,2649,detection,
2652768,14,23,604,604,0,0,0,0,0,0,3,0,0,0,2652,detection,
2653014,19,25,650,650,0,0,0,0,0,0,6,0,0,0,2653,detection,
2653827,1,28,276,301,-25,0,7,100,2,0,18,0,95,100,2653,detection,
2653829,17,28,276,301,-25,0,7,100,0,0,15,0,95,100,2653,detection,
2653829,4,28,276,301,-25,0,6,100,1,0,22,0,92,100,2653,detection,
2653848,22,28,276,301,-25,0,6,100,0,12,22,0,92,100,2653,detection,
2653873,13,28,276,301,-25,0,6,100,1,12,22,0,92,100,2653,detection,
2657031,8,15,602,602,0,0,0,0,0,0,19,0,0,0,2657,detection,
2658954,1,28,276,318,-42,0,12,100,3,0,18,0,95,100,2658,detection,
2658956,4,28,276,318,-42,0,11,100,3,0,22,0,92,100,2658,detection,
2658956,17,28,276,318,-42,0,12,100,3,0,15,0,95,100,2658,detection,
2658974,22,28,276,318,-42,0,11,100,3,0,22,0,92,100,2658,detection,
2659000,13,28,276,318,-42,0,11,100,3,12,22,0,92,100,2659,detection,
2659037,18,28,276,318,-42,0,9,70,0,10,35,0,74,75,2659,detection,
2664034,16,19,596,596,0,0,0,0,0,0,1,0,0,0,2664,detection,
2664182,12,7,906,906,0,0,0,0,0,0,5,0,0,0,2664,detection,
2666010,3,12,769,769,0,0,0,0,0,0,3,0,0,0,2666,detection,
2666052,5,12,769,769,0,0,0,0,0,0,7,0,0,0,2666,detection,
2666057,20,12,769,769,0,0,0,0,0,0,9,0,0,0,2666,detection,
2666117,24,12,769,769,0,0,0,0,0,0,9,0,0,0,2666,detection,
2668782,16,11,542,542,0,0,0,0,0,0,4,0,0,0,2668,detection,
2671205,25,27,276,300,-24,0,9,100,10,0,0,50,98,100,2671,detection,
2671657,16,22,512,512,0,0,0,0,0,0,2,0,0,0,2671,detection,
2673375,1,28,276,302,-26,0,7,100,3,0,18,0,95,100,2673,detection,
2673408,8,28,276,302,-26,0,5,70,1,10,37,0,74,75,2673,detection,
2673412,18,28,276,302,-26,0,5,70,2,10,35,0,74,75,2673,detection,
2673455,17,28,276,302,-26,0,7,100,3,0,15,0,95,100,2673,detection,
2673455,4,28,276,302,-26,0,7,100,3,0,18,0,95,100,2673,detection,
2673473,22,28,276,302,-26,0,7,100,2,0,22,0,92,100,2673,detection,
2673498,13,28,276,302,-26,0,7,100,2,0,22,0,92,100,2673,detection,
2675643,14,2,1052,1052,0,0,0,0,0,0,0,0,0,0,2675,detection,
2677446,23,26,276,294,-18,0,6,100,2,0,3,0,95,100,2677,detection,
2677458,4,26,276,294,-18,0,5,100,2,0,15,0,95,100,2677,detection,
2677531,8,26,276,294,-18,0,4,100,1,0,30,0,79,75,2677,detection,
2685328,1,28,276,290,-14,0,4,100,2,0,18,0,95,100,2685,detection,
2685331,4,28,276,290,-14,0,4,100,2,0,18,0,95,100,2685,detection,
2685331,17,28,276,290,-14,0,4,100,2,0,15,0,95,100,2685,detection,
2685349,22,28,276,290,-14,0,3,100,2,0,22,0,92,100,2685,detection,
2685375,13,28,276,290,-14,0,3,100,2,0,22,0,92,100,2685,detection,
2685412,18,28,276,290,-14,0,3,70,1,0,35,0,74,75,2685,detection,
2685778,6,20,557,557,0,0,0,0,0,0,5,0,0,0,2685,detection,
2687096,22,31,276,276,0,0,0,0,0,33,0,0,0,0,2687,detection,
2692499,13,4,568,568,0,0,0,0,0,0,1,0,0,0,2692,detection,
2692625,1,28,276,285,-9,0,2,100,0,0,18,0,95,100,2692,detection,
2692658,8,28,276,285,-9,0,2,70,2,10,37,0,74,75,2692,detection,
2692662,18,28,276,285,-9,0,2,70,0,0,35,0,74,75,2692,detection,
2692705,17,28,276,285,-9,0,2,100,1,0,15,0,95,100,2692,detection,
2692708,4,28,276,285,-9,0,2,100,0,0,18,0,95,100,2692,detection,
2692723,22,28,276,285,-9,0,2,100,0,0,22,0,92,100,2692,detection,
2692748,13,28,276,285,-9,0,2,100,0,0,18,0,95,100,2692,detection,
2699181,20,12,769,769,0,0,0,0,0,0,8,0,0,0,2699,detection,
2699226,7,12,769,769,0,0,0,0,0,0,7,0,0,0,2699,detection,
2699242,24,12,769,769,0,0,0,0,0,0,8,0,0,0,2699,detection,
2699258,3,12,769,769,0,0,0,0,0,0,3,0,0,0,2699,detection,
2700110,1,28,276,283,-7,0,2,100,0,0,18,0,95,100,2700,detection,
2700126,13,28,276,283,-7,0,2,100,0,0,18,0,95,100,2700,detection,
2700155,8,28,276,283,-7,0,1,70,0,10,37,0,74,75,2700,detection,
2700163,18,28,276,283,-7,0,1,70,0,0,35,0,74,75,2700,detection,
2700206,4,28,276,283,-7,0,2,100,0,0,18,0,95,100,2700,detection,
2701346,22,17,527,527,0,0,0,0,0,0,0,0,0,0,2701,detection,
2702640,10,16,635,635,0,0,0,0,0,0,5,0,0,0,2702,detection,
2702828,4,9,859,859,0,0,0,0,0,0,1,0,0,0,2702,detection,
2705375,1,28,276,279,-3,0,0,100,0,0,18,0,95,100,2705,detection,
2705408,8,28,276,279,-3,0,0,70,0,0,37,0,74,75,2705,detection,
2705412,18,28,276,279,-3,0,0,70,0,0,35,0,74,75,2705,detection,
2705455,17,28,276,279,-3,0,0,100,1,0,15,0,95,100,2705,detection,
2705455,4,28,276,279,-3,0,0,100,0,0,18,0,95,100,2705,detection,
2705473,22,28,276,279,-3,0,0,100,1,0,22,0,92,100,2705,detection,
2705498,13,28,276,279,-3,0,0,100,0,0,18,0,95,100,2705,detection,
2708787,18,28,276,277,-1,0,0,70,0,0,29,0,79,75,2708,detection,
2710453,1,28,276,276,0,0,0,100,0,12,18,0,95,100,2710,detection,
2710456,17,28,276,276,0,0,0,100,0,14,15,0,95,100,2710,detection,
2710456,4,28,276,276,0,0,0,100,0,12,18,0,95,100,2710,detection,
2710474,22,28,276,276,0,0,0,100,0,12,22,0,92,100,2710,detection,
2710505,13,28,276,276,0,0,0,100,0,12,18,0,95,100,2710,detection,
2710537,18,28,276,276,0,0,0,70,0,11,29,0,79,75,2710,detection,
2717016,1,28,276,276,0,0,0,100,0,14,15,0,95,100,2717,detection,
2717078,17,28,276,276,0,0,0,100,0,14,11,0,95,100,2717,detection,
2717083,4,28,276,276,0,0,0,100,0,12,18,0,95,100,2717,detection,
2717122,13,28,276,276,0,0,0,100,0,12,18,0,95,100,2717,detection,
2721761,19,10,525,525,0,0,0,0,0,0,0,0,0,0,2721,detection,
2722790,1,28,276,276,0,0,0,100,0,14,15,0,95,100,2722,detection,
2722830,17,28,276,276,0,0,0,100,0,14,11,0,95,100,2722,detection,
2722831,4,28,276,276,0,0,0,100,0,12,18,25,97,100,2722,detection,
2722848,22,28,276,276,0,0,0,100,0,12,18,0,95,100,2722,detection,
2722874,13,28,276,276,0,0,0,100,0,12,18,0,95,100,2722,detection,
2722912,18,28,276,276,0,0,0,70,0,11,29,25,86,100,2722,detection,
2722915,8,28,276,276,0,0,0,70,0,10,37,25,76,75,2722,detection,
2725196,23,26,276,301,-25,0,9,100,1,0,3,0,95,100,2725,detection,
2725208,4,26,276,301,-25,0,7,100,1,0,15,0,95,100,2725,detection,
2725281,8,26,276,301,-25,0,6,100,1,0,30,0,79,75,2725,detection,
2728578,11,25,638,638,0,0,0,0,0,0,2,0,0,0,2728,detection,
2734040,1,28,276,276,0,0,0,100,0,14,15,0,95,100,2734,detection,
2734080,17,28,276,276,0,0,0,100,0,14,11,0,95,100,2734,detection,
2734080,4,28,276,276,0,0,0,100,0,14,15,0,95,100,2734,detection,
2734098,22,28,276,276,0,0,0,100,0,12,18,0,95,100,2734,detection,
2734124,13,28,276,276,0,0,0,100,0,12,18,0,95,100,2734,detection,
2734158,8,28,276,276,0,0,0,70,0,10,37,0,74,75,2734,detection,
2734161,18,28,276,276,0,0,0,70,0,11,29,0,79,75,2734,detection,
2735225,7,12,765,765,0,0,0,0,0,0,7,0,0,0,2735,detection,
2735241,24,12,765,765,0,0,0,0,0,0,3,0,0,0,2735,detection,
2735258,3,12,765,765,0,0,0,0,0,0,3,0,0,0,2735,detection,
2735304,5,12,765,765,0,0,0,0,0,0,3,0,0,0,2735,detection,
2735308,20,12,765,765,0,0,0,0,0,0,2,0,0,0,2735,detection,
2739558,12,24,1219,1219,0,0,0,0,0,0,3,0,0,0,2739,detection,
2741395,2,14,1061,1061,0,0,0,0,0,0,1,0,0,0,2741,detection,
2743157,8,27,276,300,-24,0,7,100,8,0,15,0,95,100,2743,detection,
2746922,1,28,276,276,0,0,0,100,0,14,15,0,95,100,2746,detection,
2746955,17,28,276,276,0,0,0,100,0,14,11,0,95,100,2746,detection,
2746955,4,28,276,276,0,0,0,100,0,14,15,0,95,100,2746,detection,
2746973,22,28,276,276,0,0,0,100,0,12,18,0,95,100,2746,detection,
2746998,13,28,276,276,0,0,0,100,0,12,18,0,95,100,2746,detection,
2747032,8,28,276,276,0,0,0,70,0,10,37,0,74,75,2747,detection,
2747036,18,28,276,276,0,0,0,70,0,11,29,0,79,75,2747,detection,
2750066,23,26,276,289,-13,0,4,100,2,0,7,0,95,100,2750,detection,
2750155,8,26,276,289,-13,0,3,100,1,0,30,0,79,75,2750,detection,
2750164,18,26,276,289,-13,0,3,100,0,0,28,0,82,75,2750,detection,
2750725,7,12,765,765,0,0,0,0,0,0,7,0,0,0,2750,detection,
2753130,1,28,276,298,-22,0,6,100,4,28,15,0,95,100,2753,detection,
2753162,18,28,276,298,-22,0,5,70,3,22,29,0,79,75,2753,detection,
2753205,17,28,276,298,-22,0,7,100,4,28,11,0,95,100,2753,detection,
2753205,4,28,276,298,-22,0,6,100,4,28,15,0,95,100,2753,detection,
2753223,22,28,276,298,-22,0,6,100,4,25,18,0,95,100,2753,detection,
2756888,19,6,968,968,0,0,0,0,0,0,4,0,0,0,2756,detection,
2760353,1,28,276,309,-33,0,9,100,2,28,15,0,95,100,2760,detection,
2760374,13,28,276,309,-33,0,9,100,6,28,15,0,95,100,2760,detection,
2760407,8,28,276,309,-33,0,7,70,5,22,33,0,74,75,2760,detection,
2760411,18,28,276,309,-33,0,8,70,1,22,29,0,79,75,2760,detection,
2760454,17,28,276,309,-33,0,10,100,2,28,11,0,95,100,2760,detection,
2760472,22,28,276,309,-33,0,9,100,2,25,18,0,95,100,2760,detection,
2761013,19,21,855,855,0,0,0,0,0,0,0,0,0,0,2761,detection,
2761319,23,26,276,305,-29,0,9,100,3,0,11,0,95,100,2761,detection,
2761331,4,26,276,305,-29,0,9,100,0,0,11,0,95,100,2761,detection,
2761408,8,26,276,305,-29,0,6,100,2,0,33,0,75,75,2761,detection,
2761412,18,26,276,305,-29,0,7,100,2,0,31,0,78,75,2761,detection,
2769653,8,26,276,296,-20,0,4,100,1,0,33,0,75,75,2769,detection,
2769662,18,26,276,296,-20,0,4,100,1,0,31,0,78,75,2769,detection,
2769693,23,26,276,296,-20,0,6,100,1,0,11,0,95,100,2769,detection,
2769704,4,26,276,296,-20,0,6,100,1,0,11,0,95,100,2769,detection,
2775531,8,26,276,294,-18,0,4,100,0,0,33,0,75,75,2775,detection,
2775571,23,26,276,294,-18,0,5,100,0,0,11,0,95,100,2775,detection,
2782320,23,26,276,288,-12,0,3,100,1,0,11,0,95,100,2782,detection,
2782331,4,26,276,288,-12,0,3,100,1,0,11,0,95,100,2782,detection,
2782404,8,26,276,288,-12,0,2,100,0,0,33,0,75,75,2782,detection,
2782413,18,26,276,288,-12,0,2,100,1,0,31,0,78,75,2782,detection,
2784275,15,7,901,901,0,0,0,0,0,0,4,0,0,0,2784,detection,
2784689,1,28,276,292,-16,0,4,100,3,14,15,0,95,100,2784,detection,
2784704,17,28,276,292,-16,0,5,100,3,14,11,0,95,100,2784,detection,
2784705,4,28,276,292,-16,0,4,100,1,28,15,0,95,100,2784,detection,
2784723,22,28,276,292,-16,0,4,100,3,25,18,0,95,100,2784,detection,
2784748,13,28,276,292,-16,0,4,100,3,28,15,0,95,100,2784,detection,
2784782,8,28,276,292,-16,0,3,70,2,22,33,0,74,75,2784,detection,
2784786,18,28,276,292,-16,0,3,70,2,22,29,0,79,75,2784,detection,
2785684,20,31,276,276,0,0,0,0,0,33,4,0,0,0,2785,detection,
2786456,11,19,603,603,0,0,0,0,0,0,0,0,0,0,2786,detection,
2787398,15,3,619,619,0,0,0,0,0,0,2,0,0,0,2787,detection,
2790774,1,28,276,290,-14,0,4,100,0,14,15,0,95,100,2790,detection,
2790781,8,28,276,290,-14,0,3,70,0,22,33,0,74,75,2790,detection,
2790789,18,28,276,290,-14,0,3,70,0,11,26,0,81,75,2790,detection,
2790832,17,28,276,290,-14,0,4,100,0,14,11,0,95,100,2790,detection,
2790850,22,28,276,290,-14,0,4,100,0,12,18,0,95,100,2790,detection,
2790876,13,28,276,290,-14,0,4,100,0,14,15,0,95,100,2790,detection,
2791259,19,16,622,622,0,0,0,0,0,0,4,0,0,0,2791,detection,
2794777,15,23,604,604,0,0,0,0,0,0,2,0,0,0,2794,detection,
2795681,1,28,276,289,-13,0,3,100,0,14,15,0,95,100,2795,detection,
2795704,17,28,276,289,-13,0,4,100,0,14,11,0,95,100,2795,detection,
2795708,4,28,276,289,-13,0,3,100,0,12,18,0,95,100,2795,detection,
2795723,22,28,276,289,-13,0,3,100,0,12,22,0,92,100,2795,detection,
2795748,13,28,276,289,-13,0,3,100,0,12,18,0,95,100,2795,detection,
2795782,8,28,276,289,-13,0,2,70,0,20,37,0,74,75,2795,detection,
2795786,18,28,276,289,-13,0,3,70,0,11,29,0,79,75,2795,detection,
2798704,17,9,859,859,0,0,0,0,0,0,0,0,0,0,2798,detection,
2799208,4,26,276,330,-54,0,17,100,8,0,11,0,95,100,2799,detection,
2800078,25,29,476,642,-166,0,61,100,17,16,3,0,82,75,2800,detection,
2802096,22,11,542,542,0,0,0,0,0,0,1,0,0,0,2802,detection,
2804281,8,26,276,340,-64,0,15,100,8,0,33,0,75,75,2804,detection,
2804289,18,26,276,340,-64,0,16,100,8,0,28,0,82,75,2804,detection,
2804320,23,26,276,340,-64,0,20,100,11,0,11,0,95,100,2804,detection,
2804332,4,26,276,340,-64,0,20,100,2,0,11,0,95,100,2804,detection,
2806071,23,30,618,675,-57,0,21,100,22,0,3,0,95,100,2806,detection,
2806456,11,10,525,525,0,0,0,0,0,0,0,0,0,0,2806,detection,
2806880,1,28,276,282,-6,0,1,100,1,12,18,0,95,100,2806,detection,
2806912,18,28,276,282,-6,0,1,70,1,11,33,0,74,75,2806,detection,
2806955,4,28,276,282,-6,0,1,89,1,12,22,0,92,100,2806,detection,
2806955,17,28,276,282,-6,0,1,100,1,14,15,0,95,100,2806,detection,
2806973,22,28,276,282,-6,0,1,100,1,12,22,0,92,100,2806,detection,
2806998,13,28,276,282,-6,0,1,94,1,12,22,0,92,100,2806,detection,
2809517,14,2,1048,1048,0,0,0,0,0,0,0,0,0,0,2809,detection,
2811282,8,26,276,321,-45,0,10,100,2,0,33,0,75,75,2811,detection,
2811333,4,26,276,321,-45,0,14,100,4,0,11,0,95,100,2811,detection,
2811559,12,20,557,557,0,0,0,0,0,0,3,0,0,0,2811,detection,
2814664,18,26,276,316,-40,0,10,100,4,0,28,25,89,100,2814,detection,
2816575,23,26,276,316,-40,0,13,100,5,0,7,0,95,100,2816,detection,
2816582,4,26,276,316,-40,0,12,100,1,0,11,25,97,100,2816,detection,
2816654,8,26,276,316,-40,0,9,100,0,0,33,25,82,75,2816,detection,
2816663,18,26,276,316,-40,0,10,100,0,0,28,50,98,100,2816,detection,
2821569,23,26,276,304,-28,0,9,100,2,0,7,0,95,100,2821,detection,
2821581,4,26,276,304,-28,0,8,100,2,0,11,0,95,100,2821,detection,
2821872,13,18,512,512,0,0,0,0,0,0,8,0,0,0,2821,detection,
2823871,13,28,276,278,-2,0,0,86,0,12,22,0,92,100,2823,detection,
2823872,1,28,276,278,-2,0,0,100,0,12,18,0,95,100,2823,detection,
2823905,8,28,276,278,-2,0,0,70,1,10,41,0,74,75,2823,detection,
2823913,18,28,276,278,-2,0,0,70,0,11,33,0,74,75,2823,detection,
2823956,4,28,276,278,-2,0,0,80,0,12,22,0,92,100,2823,detection,
2823956,17,28,276,278,-2,0,0,100,0,14,15,0,95,100,2823,detection,
2823974,22,28,276,278,-2,0,0,100,0,12,22,0,92,100,2823,detection,
2827820,23,26,276,295,-19,0,6,100,2,0,7,0,95,100,2827,detection,
2827831,4,26,276,295,-19,0,6,100,2,0,7,0,95,100,2827,detection,
2827904,8,26,276,295,-19,0,4,100,3,0,30,0,79,75,2827,detection,
2827913,18,26,276,295,-19,0,4,100,3,0,28,0,82,75,2827,detection,
2828867,24,12,765,765,0,0,0,0,0,0,3,0,0,0,2828,detection,
2834071,23,26,276,289,-13,0,4,100,1,0,7,0,95,100,2834,detection,
2834083,4,26,276,289,-13,0,4,100,1,0,7,0,95,100,2834,detection,
2834156,8,26,276,289,-13,0,3,100,0,0,30,0,79,75,2834,detection,
2834928,5,15,602,602,0,0,0,0,0,0,1,0,0,0,2834,detection,
2841281,8,26,276,285,-9,0,2,100,0,0,30,0,79,75,2841,detection,
2841289,18,26,276,285,-9,0,2,100,1,0,28,0,82,75,2841,detection,
2841320,23,26,276,285,-9,0,3,100,0,0,7,0,95,100,2841,detection,
2841332,4,26,276,285,-9,0,3,100,0,0,7,0,95,100,2841,detection,
2845653,6,21,848,848,0,0,0,0,0,0,3,0,0,0,2845,detection,
2848537,18,26,276,283,-7,0,1,100,0,0,28,0,82,75,2848,detection,
2848568,23,26,276,283,-7,0,2,100,0,0,7,0,95,100,2848,detection,
2848580,4,26,276,283,-7,0,2,100,0,0,7,0,95,100,2848,detection,
2853540,18,4,561,561,0,0,0,0,0,0,19,0,0,0,2853,detection,
2853955,4,26,276,280,-4,0,1,100,0,0,7,0,95,100,2853,detection,
2854032,8,26,276,280,-4,0,0,100,0,0,30,0,79,75,2854,detection,
2854036,18,26,276,280,-4,0,1,100,0,0,28,0,82,75,2854,detection,
2854067,23,26,276,280,-4,0,1,100,0,0,7,0,95,100,2854,detection,
2857672,1,28,276,276,0,0,0,100,0,12,18,0,95,100,2857,detection,
2857705,17,28,276,276,0,0,0,100,0,14,15,0,95,100,2857,detection,
2857705,4,28,276,276,0,0,0,70,0,25,22,0,91,100,2857,detection,
2857722,22,28,276,276,0,0,0,96,0,12,22,0,92,100,2857,detection,
2857748,13,28,276,276,0,0,0,76,0,25,22,0,92,100,2857,detection,
2857782,8,28,276,276,0,0,0,70,0,20,41,0,74,75,2857,detection,
2857786,18,28,276,276,0,0,0,70,0,11,33,0,74,75,2857,detection,
2860079,25,19,603,603,0,0,0,0,0,0,1,0,0,0,2860,detection,
2865082,11,16,601,601,0,0,0,0,0,0,1,0,0,0,2865,detection,
2866391,1,28,276,276,0,0,0,100,0,12,18,0,95,100,2866,detection,
2866407,8,28,276,276,0,0,0,70,0,20,41,0,74,75,2866,detection,
2866410,18,28,276,276,0,0,0,70,0,11,33,0,74,75,2866,detection,
2866453,17,28,276,276,0,0,0,100,0,14,15,0,95,100,2866,detection,
2866457,4,28,276,276,0,0,0,70,0,25,18,0,94,100,2866,detection,
2866471,22,28,276,276,0,0,0,86,0,12,22,0,92,100,2866,detection,
2866497,13,28,276,276,0,0,0,70,0,12,22,0,91,100,2866,detection,
2870555,5,12,765,765,0,0,0,0,0,0,2,0,0,0,2870,detection,
2870600,7,12,765,765,0,0,0,0,0,0,7,0,0,0,2870,detection,
2870615,24,12,765,765,0,0,0,0,0,0,3,0,0,0,2870,detection,
2870632,3,12,765,765,0,0,0,0,0,0,3,0,0,0,2870,detection,
2871571,1,28,276,276,0,0,0,100,0,12,18,0,95,100,2871,detection,
2871582,4,28,276,276,0,0,0,70,0,12,18,0,94,100,2871,detection,
2871582,17,28,276,276,0,0,0,100,0,14,15,0,95,100,2871,detection,
2871600,22,28,276,276,0,0,0,76,0,12,22,0,92,100,2871,detection,
2871625,13,28,276,276,0,0,0,70,0,12,18,0,94,100,2871,detection,
2871655,8,28,276,276,0,0,0,70,0,10,41,0,74,75,2871,detection,
2871663,18,28,276,276,0,0,0,70,0,11,33,0,74,75,2871,detection,
2872434,20,25,617,617,0,0,0,0,0,0,6,0,0,0,2872,detection,
2874407,8,26,276,300,-24,0,5,100,3,0,30,0,79,75,2874,detection,
2874446,23,26,276,300,-24,0,8,100,4,0,7,0,95,100,2874,detection,
2875306,20,5,621,621,0,0,0,0,0,0,2,0,0,0,2875,detection,
2882905,8,26,276,297,-21,0,5,100,0,0,30,0,79,75,2882,detection,
2882914,18,26,276,297,-21,0,5,100,2,0,28,0,82,75,2882,detection,
2882945,23,26,276,297,-21,0,7,100,0,0,3,0,95,100,2882,detection,
2882956,4,26,276,297,-21,0,7,100,3,0,7,0,95,100,2882,detection,
2886135,21,10,521,521,0,0,0,0,0,0,0,0,0,0,2886,detection,
2888945,23,26,276,292,-16,0,5,100,1,0,3,0,95,100,2888,detection,
2888956,4,26,276,292,-16,0,5,100,1,0,7,0,95,100,2888,detection,
2889029,8,26,276,292,-16,0,3,100,0,0,30,0,79,75,2889,detection,
2889038,18,26,276,292,-16,0,4,100,0,0,22,0,92,100,2889,detection,
2893454,4,9,864,864,0,0,0,0,0,0,0,0,0,0,2893,detection,
2895162,18,26,276,290,-14,0,3,100,0,0,22,25,97,100,2895,detection,
2895192,23,26,276,290,-14,0,5,100,0,0,3,0,95,100,2895,detection,
2895205,4,26,276,290,-14,0,4,100,0,0,7,25,97,100,2895,detection,
2897872,13,30,598,657,-59,0,21,100,0,0,3,0,95,100,2897,detection,
2898446,23,27,276,300,-24,0,9,100,11,0,0,0,95,100,2898,detection,
2904574,23,8,533,533,0,0,0,0,0,0,0,0,0,0,2904,detection,
2907974,7,24,1211,1211,0,0,0,0,0,0,6,0,0,0,2907,detection,
2910782,8,26,276,306,-30,0,7,100,2,0,30,0,79,75,2910,detection,
2910833,4,26,276,306,-30,0,11,100,3,0,3,0,95,100,2910,detection,
2915658,8,26,276,300,-24,0,6,100,1,0,26,0,83,75,2915,detection,
2915662,18,26,276,300,-24,0,6,100,1,0,22,0,92,100,2915,detection,
2915693,23,26,276,300,-24,0,8,100,2,0,3,0,95,100,2915,detection,
2915705,4,26,276,300,-24,0,8,100,1,0,3,0,95,100,2915,detection,
2920407,8,26,276,320,-44,0,11,100,3,0,26,0,83,75,2920,detection,
2920458,4,26,276,320,-44,0,16,100,4,0,3,0,95,100,2920,detection,
2921911,16,19,603,603,0,0,0,0,0,0,1,0,0,0,2921,detection,
2923368,1,28,276,332,-56,0,16,100,10,25,18,0,95,100,2923,detection,
2923371,13,28,276,332,-56,0,16,78,10,25,18,0,94,100,2923,detection,
2923405,8,28,276,332,-56,0,12,70,8,20,37,0,74,75,2923,detection,
2923413,18,28,276,332,-56,0,13,70,8,22,33,0,74,75,2923,detection,
2923456,4,28,276,332,-56,0,16,73,10,25,18,0,94,100,2923,detection,
2923456,17,28,276,332,-56,0,16,100,11,28,15,0,95,100,2923,detection,
2923474,22,28,276,332,-56,0,15,93,10,25,22,0,92,100,2923,detection,
2925328,25,21,883,883,0,0,0,0,0,0,1,0,0,0,2925,detection,
2925633,3,20,554,554,0,0,0,0,0,0,0,0,0,0,2925,detection,
2927577,17,4,628,628,0,0,0,0,0,0,0,0,0,0,2927,detection,
2929454,1,28,276,316,-40,0,11,100,3,25,18,0,95,100,2929,detection,
2929456,4,28,276,316,-40,0,11,82,3,25,18,0,94,100,2929,detection,
2929456,17,28,276,316,-40,0,12,100,3,28,15,0,95,100,2929,detection,
2929475,22,28,276,316,-40,0,10,100,2,25,22,0,92,100,2929,detection,
2929500,13,28,276,316,-40,0,11,88,3,25,18,0,95,100,2929,detection,
2929537,18,28,276,316,-40,0,10,70,2,22,27,0,80,75,2929,detection,
2931326,25,6,964,964,0,0,0,0,0,0,3,0,0,0,2931,detection,
2932780,8,26,276,311,-35,0,8,100,1,0,26,0,83,75,2932,detection,
2932788,18,26,276,311,-35,0,9,100,1,0,22,0,92,100,2932,detection,
2932819,23,26,276,311,-35,0,12,100,2,0,3,0,95,100,2932,detection,
2932831,4,26,276,311,-35,0,12,100,2,0,3,0,95,100,2932,detection,
2938445,23,26,276,303,-27,0,9,100,1,0,3,0,95,100,2938,detection,
2938457,4,26,276,303,-27,0,9,100,1,0,3,0,95,100,2938,detection,
2938538,18,26,276,303,-27,0,7,100,1,0,22,0,92,100,2938,detection,
2938873,13,17,533,533,0,0,0,0,0,0,2,0,0,0,2938,detection,
2945159,8,3,610,610,0,0,0,0,0,0,18,0,0,0,2945,detection,
2946284,8,26,276,297,-21,0,5,100,2,0,26,25,92,100,2946,detection,
2946288,18,26,276,297,-21,0,5,100,1,0,22,25,97,100,2946,detection,
2946318,23,26,276,297,-21,0,7,100,1,0,3,0,95,100,2946,detection,
2946330,4,26,276,297,-21,0,7,100,1,0,3,25,97,100,2946,detection,
2946722,22,16,601,601,0,0,0,0,0,0,0,0,0,0,2946,detection,
2950307,20,15,595,595,0,0,0,0,0,0,3,0,0,0,2950,detection,
2950831,11,31,276,276,0,0,0,0,0,33,0,0,0,0,2950,detection,
2951508,3,7,901,901,0,0,0,0,0,0,4,0,0,0,2951,detection,
2955510,19,25,617,617,0,0,0,0,0,0,2,0,0,0,2955,detection,
2959805,5,27,276,292,-16,0,6,100,13,0,0,0,95,100,2959,detection,
2959908,8,26,276,294,-18,0,4,100,0,0,26,0,83,75,2959,detection,
2959912,18,26,276,294,-18,0,4,100,0,0,22,0,92,100,2959,detection,
2959943,23,26,276,294,-18,0,6,100,0,0,3,0,95,100,2959,detection,
2959955,4,26,276,294,-18,0,6,100,0,0,3,0,95,100,2959,detection,
2962118,24,7,925,925,0,0,0,0,0,0,5,0,0,0,2962,detection,
2962133,3,7,925,925,0,0,0,0,0,0,4,0,0,0,2962,detection,
2962147,15,7,925,925,0,0,0,0,0,0,4,0,0,0,2962,detection,
2962177,5,7,925,925,0,0,0,0,0,0,4,0,0,0,2962,detection,
2962184,12,7,925,925,0,0,0,0,0,0,5,0,0,0,2962,detection,
2971263,19,11,553,553,0,0,0,0,0,0,3,0,0,0,2971,detection,
2971346,1,28,276,297,-21,0,6,100,3,28,15,0,95,100,2971,detection,
2971349,22,28,276,297,-21,0,5,100,3,25,22,0,92,100,2971,detection,
2971374,13,28,276,297,-21,0,6,88,3,25,18,0,95,100,2971,detection,
2971409,8,28,276,297,-21,0,4,70,5,20,37,0,74,75,2971,detection,
2971412,18,28,276,297,-21,0,5,70,3,22,27,0,80,75,2971,detection,
2971455,4,28,276,297,-21,0,6,83,3,25,18,0,95,100,2971,detection,
2971455,17,28,276,297,-21,0,6,100,4,28,11,0,95,100,2971,detection,
2974533,8,26,276,292,-16,0,4,100,0,0,26,0,83,75,2974,detection,
2974568,23,26,276,292,-16,0,6,100,0,0,0,0,95,100,2974,detection,
2974579,4,26,276,292,-16,0,5,100,0,0,3,0,95,100,2974,detection,
2976532,16,10,519,519,0,0,0,0,0,0,2,0,0,0,2976,detection,
2979297,1,28,276,321,-45,0,12,100,4,25,18,0,95,100,2979,detection,
2979330,17,28,276,321,-45,0,13,100,4,28,15,0,95,100,2979,detection,
2979330,4,28,276,321,-45,0,12,89,4,25,22,0,92,100,2979,detection,
2979348,22,28,276,321,-45,0,12,100,4,25,22,0,92,100,2979,detection,
2979373,13,28,276,321,-45,0,12,94,4,25,22,0,92,100,2979,detection,
2979407,8,28,276,321,-45,0,9,70,3,20,41,0,74,75,2979,detection,
2979411,18,28,276,321,-45,0,10,70,3,22,33,0,74,75,2979,detection,
2979955,4,26,276,290,-14,0,5,100,0,0,0,0,95,100,2979,detection,
2982195,23,26,276,290,-14,0,5,100,0,0,0,0,95,100,2982,detection,
2982206,4,26,276,290,-14,0,5,100,0,0,0,0,95,100,2982,detection,
2982279,8,26,276,290,-14,0,3,100,0,0,26,0,83,75,2982,detection,
2982288,18,26,276,290,-14,0,3,100,0,0,24,0,87,100,2982,detection,
2987655,8,26,276,286,-10,0,2,100,0,0,26,0,83,75,2987,detection,
2987663,18,26,276,286,-10,0,2,100,0,0,18,0,95,100,2987,detection,
2987694,23,26,276,286,-10,0,3,100,1,0,0,0,95,100,2987,detection,
2987706,4,26,276,286,-10,0,3,100,1,0,0,0,95,100,2987,detection,
2989020,14,2,1063,1063,0,0,0,0,0,0,0,0,0,0,2989,detection,
2992907,8,26,276,284,-8,0,2,100,0,0,22,0,92,100,2992,detection,
2992946,23,26,276,284,-8,0,3,100,0,0,0,0,95,100,2992,detection,
2995771,14,30,578,646,-68,0,25,100,15,0,3,0,95,100,2995,detection,
2996747,13,4,597,597,0,0,0,0,0,0,1,0,0,0,2996,detection,
2998550,5,12,763,763,0,0,0,0,0,0,2,0,0,0,2998,detection,
2998568,23,14,915,915,0,0,0,0,0,0,4,0,0,0,2998,detection,
2998645,2,14,915,915,0,0,0,0,0,0,4,0,0,0,2998,detection,
2998649,15,14,915,915,0,0,0,0,0,0,4,0,0,0,2998,detection,
3003067,1,28,276,368,-92,0,25,100,8,12,22,0,92,100,3003,detection,
3003079,17,28,276,368,-92,0,26,100,8,12,19,0,95,100,3003,detection,
3003083,4,28,276,368,-92,0,23,100,8,11,26,0,83,75,3003,detection,
3003097,22,28,276,368,-92,0,23,100,8,11,26,0,83,75,3003,detection,
3005224,22,17,530,530,0,0,0,0,0,0,0,0,0,0,3005,detection,
3006145,2,14,942,942,0,0,0,0,0,0,0,0,0,0,3006,detection,
3006149,15,14,942,942,0,0,0,0,0,0,4,0,0,0,3006,detection,
3006192,23,14,942,942,0,0,0,0,0,0,4,0,0,0,3006,detection,
3009197,1,28,276,404,-128,0,34,100,6,12,23,0,89,100,3009,detection,
3009207,4,28,276,404,-128,0,32,100,6,11,27,0,82,75,3009,detection,
3009207,17,28,276,404,-128,0,36,100,6,12,19,0,95,100,3009,detection,
3009225,22,28,276,404,-128,0,32,100,6,11,27,0,82,75,3009,detection,
3009251,13,28,276,404,-128,0,32,100,14,11,26,0,83,75,3009,detection,
3009281,8,28,276,404,-128,0,26,70,11,18,45,0,68,75,3009,detection,
3009288,18,28,276,404,-128,0,28,70,12,10,38,0,74,75,3009,detection,
3009435,12,29,436,544,-108,0,39,100,20,0,4,0,95,100,3009,detection,
3013282,8,26,276,298,-22,0,5,100,2,0,22,0,92,100,3013,detection,
3013321,23,26,276,298,-22,0,8,100,3,0,0,0,95,100,3013,detection,
3013874,13,22,512,512,0,0,0,0,0,0,2,0,0,0,3013,detection,
3019559,12,24,1197,1197,0,0,0,0,0,0,2,0,0,0,3019,detection,
3019705,17,9,868,868,0,0,0,0,0,0,0,0,0,0,3019,detection,
3019706,4,9,868,868,0,0,0,0,0,0,0,0,0,0,3019,detection,
3023376,1,28,276,379,-103,0,27,100,4,12,23,0,89,100,3023,detection,
3023409,8,28,276,379,-103,0,21,76,3,9,45,0,67,75,3023,detection,
3023412,18,28,276,379,-103,0,22,93,3,10,38,0,74,75,3023,detection,
3023455,17,28,276,379,-103,0,29,100,4,12,19,0,95,100,3023,detection,
3023455,4,28,276,379,-103,0,27,100,4,12,23,0,89,100,3023,detection,
3023473,22,28,276,379,-103,0,26,100,4,11,26,0,83,75,3023,detection,
3023499,13,28,276,379,-103,0,26,100,4,11,27,0,82,75,3023,detection,
3024022,2,14,942,942,0,0,0,0,0,0,0,0,0,0,3024,detection,
3024025,15,14,942,942,0,0,0,0,0,0,4,0,0,0,3024,detection,
3024068,23,14,942,942,0,0,0,0,0,0,4,0,0,0,3024,detection,
3024317,23,3,595,595,0,0,0,0,0,0,0,0,0,0,3024,detection,
3024704,4,9,868,868,0,0,0,0,0,0,0,0,0,0,3024,detection,
3030508,1,28,276,367,-91,0,24,100,2,0,22,0,92,100,3030,detection,
3030529,8,28,276,367,-91,0,18,98,1,9,45,0,67,75,3030,detection,
3030537,18,28,276,367,-91,0,20,100,1,10,37,0,74,75,3030,detection,
3030579,17,28,276,367,-91,0,25,100,2,0,19,0,95,100,3030,detection,
3030579,4,28,276,367,-91,0,24,100,2,0,23,0,89,100,3030,detection,
3030597,22,28,276,367,-91,0,23,100,2,0,27,0,82,75,3030,detection,
3030623,13,28,276,367,-91,0,23,100,2,11,27,0,82,75,3030,detection,
3031943,23,14,942,942,0,0,0,0,0,0,4,0,0,0,3031,detection,
3035429,5,12,700,700,0,0,0,0,0,0,2,0,0,0,3035,detection,
3035475,7,12,700,700,0,0,0,0,0,0,7,0,0,0,3035,detection,
3035490,24,12,700,700,0,0,0,0,0,0,3,0,0,0,3035,detection,
3035507,3,12,700,700,0,0,0,0,0,0,3,0,0,0,3035,detection,
3037071,1,28,276,340,-64,0,17,100,4,0,22,0,92,100,3037,detection,
3037082,17,28,276,340,-64,0,18,100,5,0,19,0,95,100,3037,detection,
3037082,4,28,276,340,-64,0,17,100,4,0,22,0,92,100,3037,detection,
3037100,22,28,276,340,-64,0,16,100,4,0,26,0,83,75,3037,detection,
3037126,13,28,276,340,-64,0,17,100,4,0,23,0,89,100,3037,detection,
3037155,8,28,276,340,-64,0,13,100,3,9,45,0,67,75,3037,detection,
3037163,18,28,276,340,-64,0,14,100,4,0,38,0,74,75,3037,detection,
3038682,5,24,1012,1012,0,0,0,0,0,0,9,0,0,0,3038,detection,
3038684,12,24,1012,1012,0,0,0,0,0,0,6,0,0,0,3038,detection,
3038726,7,24,1012,1012,0,0,0,0,0,0,10,0,0,0,3038,detection,
3042870,13,23,583,583,0,0,0,0,0,0,4,0,0,0,3042,detection,
3043219,1,28,276,316,-40,0,10,100,4,0,22,0,92,100,3043,detection,
3043329,17,28,276,316,-40,0,11,100,4,0,19,0,95,100,3043,detection,
3043851,7,24,1012,1012,0,0,0,0,0,0,10,0,0,0,3043,detection,
3043930,5,24,1012,1012,0,0,0,0,0,0,9,0,0,0,3043,detection,
3043933,12,24,1012,1012,0,0,0,0,0,0,6,0,0,0,3043,detection,
3048009,3,5,623,623,0,0,0,0,0,0,1,0,0,0,3048,detection,
3049594,1,28,276,312,-36,0,10,100,0,0,19,0,95,100,3049,detection,
3049704,25,27,276,300,-24,0,9,100,0,0,0,50,98,100,3049,detection,
3049704,17,28,276,312,-36,0,10,100,0,0,15,0,95,100,3049,detection,
3049708,4,28,276,312,-36,0,9,100,5,0,22,25,97,100,3049,detection,
3051898,15,14,942,942,0,0,0,0,0,0,4,0,0,0,3051,detection,
3051945,23,14,942,942,0,0,0,0,0,0,0,0,0,0,3051,detection,
3055330,11,18,512,512,0,0,0,0,0,0,0,0,0,0,3055,detection,
3055556,20,8,533,533,0,0,0,0,0,0,5,0,0,0,3055,detection,
3057289,18,11,553,553,0,0,0,0,0,0,15,0,0,0,3057,detection,
3057683,12,24,1012,1012,0,0,0,0,0,0,6,0,0,0,3057,detection,
3057684,5,24,1012,1012,0,0,0,0,0,0,9,0,0,0,3057,detection,
3057725,7,24,1012,1012,0,0,0,0,0,0,4,0,0,0,3057,detection,
3061860,1,28,276,304,-28,0,7,100,1,0,19,0,95,100,3061,detection,
3061876,13,28,276,304,-28,0,7,100,6,0,22,0,92,100,3061,detection,
3061906,8,28,276,304,-28,0,5,100,4,0,45,25,74,75,3061,detection,
3061914,18,28,276,304,-28,0,6,100,5,0,37,25,78,75,3061,detection,
3061957,4,28,276,304,-28,0,7,100,1,0,22,50,98,100,3061,detection,
3062815,1,11,553,553,0,0,0,0,0,0,2,0,0,0,3062,detection,
3062828,25,11,553,553,0,0,0,0,0,0,5,0,0,0,3062,detection,
3062887,19,11,553,553,0,0,0,0,0,0,3,0,0,0,3062,detection,
3062889,10,11,553,553,0,0,0,0,0,0,2,0,0,0,3062,detection,
3062907,16,11,553,553,0,0,0,0,0,0,4,0,0,0,3062,detection,
3062914,18,11,553,553,0,0,0,0,0,0,15,0,0,0,3062,detection,
3064158,8,26,276,287,-11,0,2,100,1,0,22,0,92,100,3064,detection,
3064162,18,26,276,287,-11,0,3,100,0,0,18,0,95,100,3064,detection,
3064193,23,26,276,287,-11,0,4,100,2,0,0,0,95,100,3064,detection,
3064204,4,26,276,287,-11,0,4,100,0,0,0,0,95,100,3064,detection,
3067761,19,6,962,962,0,0,0,0,0,0,4,0,0,0,3067,detection,
3068664,1,28,276,308,-32,0,8,100,0,0,22,0,92,100,3068,detection,
3068705,4,28,276,308,-32,0,8,100,0,0,26,0,83,75,3068,detection,
3068705,17,28,276,308,-32,0,9,100,0,0,19,0,95,100,3068,detection,
3068723,22,28,276,308,-32,0,7,100,5,0,30,0,79,75,3068,detection,
3068748,13,28,276,308,-32,0,8,100,0,0,26,0,83,75,3068,detection,
3068783,8,28,276,308,-32,0,6,100,0,0,41,0,72,75,3068,detection,
3068787,18,28,276,308,-32,0,7,100,0,0,35,0,75,75,3068,detection,
3070009,3,12,699,699,0,0,0,0,0,0,3,0,0,0,3070,detection,
3072662,8,30,558,680,-122,0,35,100,13,25,18,0,95,100,3072,detection,
3073742,1,28,276,340,-64,0,17,100,5,0,22,0,92,100,3073,detection,
3073780,8,28,276,340,-64,0,13,100,4,0,41,0,72,75,3073,detection,
3073788,18,28,276,340,-64,0,14,100,4,0,35,0,75,75,3073,detection,
3073830,17,28,276,340,-64,0,18,100,6,0,19,0,95,100,3073,detection,
3073830,4,28,276,340,-64,0,16,100,5,0,26,0,83,75,3073,detection,
3073849,22,28,276,340,-64,0,15,100,5,0,30,0,79,75,3073,detection,
3075163,18,22,512,512,0,0,0,0,0,0,15,0,0,0,3075,detection,
3077066,23,26,276,283,-7,0,2,100,1,0,0,0,95,100,3077,detection,
3077155,8,26,276,283,-7,0,1,100,0,0,22,0,92,100,3077,detection,
3077164,18,26,276,283,-7,0,2,100,0,0,18,0,95,100,3077,detection,
3077388,19,21,872,872,0,0,0,0,0,0,0,0,0,0,3077,detection,
3080307,12,7,917,917,0,0,0,0,0,0,5,0,0,0,3080,detection,
3083663,18,26,276,321,-45,0,12,100,7,0,18,0,95,100,3083,detection,
3083693,23,26,276,321,-45,0,17,100,9,0,0,0,95,100,3083,detection,
3083705,4,26,276,321,-45,0,17,100,8,0,0,0,95,100,3083,detection,
3085177,5,24,1012,1012,0,0,0,0,0,0,9,0,0,0,3085,detection,
3085184,12,24,1012,1012,0,0,0,0,0,0,6,0,0,0,3085,detection,
3085226,7,24,1012,1012,0,0,0,0,0,0,4,0,0,0,3085,detection,
3086415,18,31,276,276,0,0,0,0,0,28,15,0,0,0,3086,detection,
3090320,23,26,276,304,-28,0,10,100,4,0,0,0,95,100,3090,detection,
3090331,4,26,276,304,-28,0,10,100,4,0,0,0,95,100,3090,detection,
3090404,8,26,276,304,-28,0,7,100,3,0,22,0,92,100,3090,detection,
3090413,18,26,276,304,-28,0,8,100,3,0,18,0,95,100,3090,detection,
3092514,10,19,582,582,0,0,0,0,0,0,0,0,0,0,3092,detection,
3093069,23,14,942,942,0,0,0,0,0,0,0,0,0,0,3093,detection,
3093146,2,14,942,942,0,0,0,0,0,0,0,0,0,0,3093,detection,
3093150,15,14,942,942,0,0,0,0,0,0,4,0,0,0,3093,detection,
3097330,11,25,608,608,0,0,0,0,0,0,2,0,0,0,3097,detection,
3097782,8,15,582,582,0,0,0,0,0,0,18,0,0,0,3097,detection,
3098330,4,26,276,295,-19,0,7,100,2,0,0,0,95,100,3098,detection,
3098407,8,26,276,295,-19,0,5,100,1,0,22,0,92,100,3098,detection,
3098411,18,26,276,295,-19,0,5,100,1,0,18,0,95,100,3098,detection,
3098442,23,26,276,295,-19,0,7,100,2,0,0,0,95,100,3098,detection,
3104154,8,26,276,293,-17,0,4,100,0,0,22,0,92,100,3104,detection,
3104162,18,26,276,293,-17,0,4,100,0,0,18,0,95,100,3104,detection,
3104193,23,26,276,293,-17,0,6,100,0,0,0,0,95,100,3104,detection,
3104204,4,26,276,293,-17,0,6,100,0,0,0,0,95,100,3104,detection,
3105146,15,3,595,595,0,0,0,0,0,0,0,0,0,0,3105,detection,
3108099,7,24,1012,1012,0,0,0,0,0,0,4,0,0,0,3108,detection,
3109516,10,16,592,592,0,0,0,0,0,0,4,0,0,0,3109,detection,
3113405,8,26,276,287,-11,0,2,100,1,0,22,25,97,100,3113,detection,
3113413,18,26,276,287,-11,0,3,100,1,0,18,25,97,100,3113,detection,
3113444,23,26,276,287,-11,0,4,100,1,0,0,0,95,100,3113,detection,
3113456,4,26,276,287,-11,0,4,100,1,0,0,25,97,100,3113,detection,
3115455,17,9,868,868,0,0,0,0,0,0,0,0,0,0,3115,detection,
3116399,15,14,942,942,0,0,0,0,0,0,4,0,0,0,3116,detection,
3120155,8,26,276,284,-8,0,2,100,0,0,18,0,95,100,3120,detection,
3120164,18,26,276,284,-8,0,2,100,0,0,12,0,95,100,3120,detection,
3120195,23,26,276,284,-8,0,3,100,0,0,0,0,95,100,3120,detection,
3120206,4,26,276,284,-8,0,3,100,0,0,0,0,95,100,3120,detection,
3120433,20,31,276,276,0,0,0,0,0,33,4,0,0,0,3120,detection,
3120437,1,31,276,276,0,0,0,0,5,33,0,0,0,0,3120,detection,
3120452,25,31,276,276,0,0,0,0,5,66,1,0,69,55,3120,detection,
3120455,11,31,276,276,0,0,0,0,0,33,0,0,0,0,3120,detection,
3120472,22,31,276,276,0,0,0,0,0,33,0,0,0,0,3120,detection,
3120511,19,31,276,276,0,0,0,0,5,33,1,0,0,0,3120,detection,
3120538,18,31,276,276,0,0,0,0,0,28,15,0,0,0,3120,detection,
3126532,8,26,276,281,-5,0,1,100,0,0,18,0,95,100,3126,detection,
3126536,18,26,276,281,-5,0,1,100,0,0,12,0,95,100,3126,detection,
3126643,14,2,1058,1058,0,0,0,0,0,0,1,0,0,0,3126,detection,
3129331,11,10,519,519,0,0,0,0,0,0,0,0,0,0,3129,detection,
3129604,1,10,519,519,0,0,0,0,0,0,0,0,0,0,3129,detection,
3129637,19,10,519,519,0,0,0,0,0,0,0,0,0,0,3129,detection,
3129639,21,10,519,519,0,0,0,0,0,0,0,0,0,0,3129,detection,
3129657,16,10,519,519,0,0,0,0,0,0,1,0,0,0,3129,detection,
3129706,11,10,519,519,0,0,0,0,0,0,0,0,0,0,3129,detection,
3131442,1,16,576,576,0,0,0,0,0,0,1,0,0,0,3131,detection,
3131455,11,16,576,576,0,0,0,0,0,0,1,0,0,0,3131,detection,
3131473,22,16,576,576,0,0,0,0,0,0,0,0,0,0,3131,detection,
3131516,10,16,576,576,0,0,0,0,0,0,1,0,0,0,3131,detection,
3133512,19,21,870,870,0,0,0,0,0,0,0,0,0,0,3133,detection,
3133515,10,21,870,870,0,0,0,0,0,0,0,0,0,0,3133,detection,
3133528,6,21,870,870,0,0,0,0,0,0,4,0,0,0,3133,detection,
3133577,25,21,870,870,0,0,0,0,0,0,1,0,0,0,3133,detection,
3133908,8,26,276,279,-3,0,0,100,0,0,18,0,95,100,3133,detection,
3133912,18,26,276,279,-3,0,0,100,0,0,12,0,95,100,3133,detection,
3133943,23,26,276,279,-3,0,1,100,1,0,0,0,95,100,3133,detection,
3133955,4,26,276,279,-3,0,1,100,1,0,0,0,95,100,3133,detection,
3135474,7,12,699,699,0,0,0,0,0,0,2,0,0,0,3135,detection,
3144719,1,28,276,295,-19,0,4,100,7,0,26,0,83,75,3144,detection,
3144723,22,28,276,295,-19,0,4,100,7,0,26,0,83,75,3144,detection,
3144829,17,28,276,295,-19,0,5,100,8,0,22,0,92,100,3144,detection,
3145444,23,30,538,578,-40,0,14,100,4,0,3,0,95,100,3145,detection,
3153922,1,28,276,293,-17,0,4,100,0,0,26,0,83,75,3153,detection,
3153955,17,28,276,293,-17,0,4,100,0,0,22,0,92,100,3153,detection,
3153955,4,28,276,293,-17,0,4,100,7,0,30,25,85,100,3153,detection,
3153973,22,28,276,293,-17,0,4,100,0,0,26,0,83,75,3153,detection,
3153998,13,28,276,293,-17,0,4,100,2,0,30,0,79,75,3153,detection,
3158536,18,4,589,589,0,0,0,0,0,0,18,0,0,0,3158,detection,
3159750,1,28,276,329,-53,0,13,100,6,0,26,0,83,75,3159,detection,
3159784,8,28,276,329,-53,0,10,100,1,0,45,0,67,75,3159,detection,
3159787,18,28,276,329,-53,0,11,100,1,0,39,0,73,75,3159,detection,
3159830,4,28,276,329,-53,0,13,100,6,0,26,0,83,75,3159,detection,
3159830,17,28,276,329,-53,0,14,100,6,0,22,0,92,100,3159,detection,
3159848,22,28,276,329,-53,0,13,100,6,0,26,0,83,75,3159,detection,
3159873,13,28,276,329,-53,0,12,100,5,0,30,0,79,75,3159,detection,
3160559,12,24,1012,1012,0,0,0,0,0,0,6,0,0,0,3160,detection,
3160601,7,24,1012,1012,0,0,0,0,0,0,4,0,0,0,3160,detection,
3162271,15,7,917,917,0,0,0,0,0,0,4,0,0,0,3162,detection,
3162405,8,20,547,547,0,0,0,0,0,0,17,0,0,0,3162,detection,
3162655,8,26,276,276,0,0,0,100,0,12,18,0,95,100,3162,detection,
3162664,18,26,276,276,0,0,0,100,0,14,12,0,95,100,3162,detection,
3162695,23,26,276,276,0,0,0,100,0,16,0,0,95,100,3162,detection,
3162706,4,26,276,276,0,0,0,100,0,16,0,0,95,100,3162,detection,
3165078,25,29,416,529,-113,0,41,100,13,0,3,0,95,100,3165,detection,
3166161,8,27,276,324,-48,0,14,100,4,0,15,0,95,100,3166,detection,
3171249,13,28,276,318,-42,0,10,100,1,0,30,0,79,75,3171,detection,
3171279,6,19,602,602,0,0,0,0,0,0,2,0,0,0,3171,detection,
3171283,8,28,276,318,-42,0,8,100,1,0,45,0,67,75,3171,detection,
3171286,18,28,276,318,-42,0,9,100,1,0,39,0,73,75,3171,detection,
3171289,1,28,276,318,-42,0,10,100,1,0,26,0,83,75,3171,detection,
3171329,4,28,276,318,-42,0,10,100,1,0,26,0,83,75,3171,detection,
3171329,17,28,276,318,-42,0,11,100,1,0,22,0,92,100,3171,detection,
3174758,3,15,577,577,0,0,0,0,0,0,1,0,0,0,3174,detection,
3180447,1,28,276,305,-29,0,7,100,2,0,22,0,92,100,3180,detection,
3180454,17,28,276,305,-29,0,7,100,2,0,22,0,92,100,3180,detection,
3180457,4,28,276,305,-29,0,7,100,2,0,26,0,83,75,3180,detection,
3180471,22,28,276,305,-29,0,7,100,4,0,26,0,83,75,3180,detection,
3180497,13,28,276,305,-29,0,7,100,2,0,30,0,79,75,3180,detection,
3180531,8,28,276,305,-29,0,5,100,1,0,45,0,67,75,3180,detection,
3183785,16,11,574,574,0,0,0,0,0,0,2,0,0,0,3183,detection,
3194013,19,16,576,576,0,0,0,0,0,0,4,0,0,0,3194,detection,
3194070,23,26,276,298,-22,0,8,100,5,33,0,0,95,100,3194,detection,
3194081,4,26,276,298,-22,0,8,100,5,33,0,0,95,100,3194,detection,
3194155,8,26,276,298,-22,0,6,100,4,25,18,0,95,100,3194,detection,
3194163,18,26,276,298,-22,0,6,100,4,28,14,0,95,100,3194,detection,
3194639,21,6,960,960,0,0,0,0,0,0,4,0,0,0,3194,detection,
3194645,2,14,942,942,0,0,0,0,0,0,0,0,0,0,3194,detection,
3199279,8,26,276,293,-17,0,4,100,0,25,18,0,95,100,3199,detection,
3199318,23,26,276,293,-17,0,6,100,1,33,0,0,95,100,3199,detection,
3199329,4,26,276,293,-17,0,6,100,1,33,0,0,95,100,3199,detection,
3202347,22,31,276,276,0,0,0,0,0,33,0,0,0,0,3202,detection,
3202767,14,2,1053,1053,0,0,0,0,0,0,1,0,0,0,3202,detection,
3206433,20,12,699,699,0,0,0,0,0,0,2,0,0,0,3206,detection,
3209068,23,26,276,287,-11,0,4,100,1,33,0,0,95,100,3209,detection,
3209080,4,26,276,287,-11,0,4,100,1,33,0,25,97,100,3209,detection,
3209158,8,26,276,287,-11,0,3,100,1,25,18,25,97,100,3209,detection,
3209162,18,26,276,287,-11,0,3,100,2,28,14,25,97,100,3209,detection,
3212922,1,28,276,335,-59,0,16,100,5,0,22,0,92,100,3212,detection,
3212955,4,28,276,335,-59,0,15,100,5,0,26,0,83,75,3212,detection,
3212955,17,28,276,335,-59,0,16,100,5,0,19,0,95,100,3212,detection,
3212973,22,28,276,335,-59,0,15,100,5,0,26,0,83,75,3212,detection,
3212998,13,28,276,335,-59,0,14,100,4,0,30,0,79,75,3212,detection,
3213032,8,28,276,335,-59,0,12,100,4,0,45,0,67,75,3213,detection,
3213036,18,28,276,335,-59,0,12,100,2,0,41,0,72,75,3213,detection,
3214648,15,23,577,577,0,0,0,0,0,0,2,0,0,0,3214,detection,
3214809,20,3,588,588,0,0,0,0,0,0,6,0,0,0,3214,detection,
3221157,8,26,276,283,-7,0,2,100,0,25,18,0,95,100,3221,detection,
3221196,23,26,276,283,-7,0,2,100,1,33,0,0,95,100,3221,detection,
3221208,4,26,276,283,-7,0,2,100,1,33,0,0,95,100,3221,detection,
3223990,1,28,276,329,-53,0,14,100,1,0,22,0,92,100,3223,detection,
3224039,18,28,276,329,-53,0,11,100,0,0,41,0,72,75,3224,detection,
3224082,4,28,276,329,-53,0,13,100,1,0,26,0,83,75,3224,detection,
3224082,17,28,276,329,-53,0,15,100,1,0,18,0,95,100,3224,detection,
3224100,22,28,276,329,-53,0,13,100,1,0,26,0,83,75,3224,detection,
3225075,25,21,860,860,0,0,0,0,0,0,1,0,0,0,3225,detection,
3227207,4,26,276,283,-7,0,2,100,0,33,0,25,97,100,3227,detection,
3227280,8,26,276,283,-7,0,2,100,0,28,15,0,95,100,3227,detection,
3227289,18,26,276,283,-7,0,2,100,0,28,14,50,98,100,3227,detection,
3228397,2,14,942,942,0,0,0,0,0,0,0,0,0,0,3228,detection,
3228401,15,14,942,942,0,0,0,0,0,0,4,0,0,0,3228,detection,
3235203,17,18,512,512,0,0,0,0,0,0,6,0,0,0,3235,detection,
3235296,18,26,276,279,-3,0,0,100,0,28,14,0,95,100,3235,detection,
3235317,23,26,276,279,-3,0,1,100,1,33,0,0,95,100,3235,detection,
3235329,4,26,276,279,-3,0,1,100,1,33,0,0,95,100,3235,detection,
3239386,21,6,960,960,0,0,0,0,0,0,4,0,0,0,3239,detection,
3239388,19,6,960,960,0,0,0,0,0,0,0,0,0,0,3239,detection,
3239454,25,6,960,960,0,0,0,0,0,0,3,0,0,0,3239,detection,
3245535,1,28,276,328,-52,0,14,100,0,0,22,0,92,100,3245,detection,
3245537,18,28,276,328,-52,0,11,100,0,0,41,0,72,75,3245,detection,
3245580,4,28,276,328,-52,0,13,100,0,0,26,0,83,75,3245,detection,
3245580,17,28,276,328,-52,0,14,100,0,0,18,0,95,100,3245,detection,
3245598,22,28,276,328,-52,0,13,100,0,0,26,0,83,75,3245,detection,
3245624,13,28,276,328,-52,0,13,100,1,0,26,0,83,75,3245,detection,
3248193,23,26,276,277,-1,0,0,100,0,33,0,0,95,100,3248,detection,
3248204,4,26,276,277,-1,0,0,100,0,16,0,0,95,100,3248,detection,
3248282,8,26,276,277,-1,0,0,100,1,28,15,0,95,100,3248,detection,
3250057,20,25,609,609,0,0,0,0,0,0,7,0,0,0,3250,detection,
3250885,3,15,577,577,0,0,0,0,0,0,1,0,0,0,3250,detection,
3250891,14,15,577,577,0,0,0,0,0,0,4,0,0,0,3250,detection,
3250907,16,22,512,512,0,0,0,0,0,0,2,0,0,0,3250,detection,
3250929,5,15,577,577,0,0,0,0,0,0,0,0,0,0,3250,detection,
3250933,20,15,577,577,0,0,0,0,0,0,3,0,0,0,3250,detection,
3250940,23,15,577,577,0,0,0,0,0,0,0,0,0,0,3250,detection,
3250977,7,15,577,577,0,0,0,0,0,0,5,0,0,0,3250,detection,
3255569,23,26,276,276,0,0,0,100,0,33,0,0,95,100,3255,detection,
3255658,8,26,276,276,0,0,0,100,0,28,15,0,95,100,3255,detection,
3255703,4,9,863,863,0,0,0,0,0,0,0,0,0,0,3255,detection,
3259146,15,5,604,604,0,0,0,0,0,0,1,0,0,0,3259,detection,
3260722,22,11,561,561,0,0,0,0,0,0,1,0,0,0,3260,detection,
3262026,6,20,547,547,0,0,0,0,0,0,3,0,0,0,3262,detection,
3263263,21,19,602,602,0,0,0,0,0,0,0,0,0,0,3263,detection,
3263531,8,26,276,352,-76,0,22,100,15,28,15,0,95,100,3263,detection,
3263539,18,26,276,352,-76,0,25,100,16,28,9,0,95,100,3263,detection,
3263575,23,26,276,352,-76,0,29,100,19,33,0,0,95,100,3263,detection,
3263582,4,26,276,352,-76,0,29,100,19,0,0,0,95,100,3263,detection,
3263930,5,15,577,577,0,0,0,0,0,0,0,0,0,0,3263,detection,
3266306,1,28,276,331,-55,0,14,100,0,0,22,0,92,100,3266,detection,
3266330,4,28,276,331,-55,0,14,100,0,0,26,0,83,75,3266,detection,
3266330,17,28,276,331,-55,0,15,100,0,0,18,0,95,100,3266,detection,
3266411,18,28,276,331,-55,0,11,100,0,0,41,0,72,75,3266,detection,
3271827,25,6,960,960,0,0,0,0,0,0,3,0,0,0,3271,detection,
3277913,18,26,276,337,-61,0,20,100,3,28,9,0,95,100,3277,detection,
3277944,23,26,276,337,-61,0,23,100,3,33,0,0,95,100,3277,detection,
3277955,4,26,276,337,-61,0,23,100,3,0,0,0,95,100,3277,detection,
3279328,4,17,540,540,0,0,0,0,0,0,1,0,0,0,3279,detection,
3279678,5,24,1001,1001,0,0,0,0,0,0,9,0,0,0,3279,detection,
3280928,5,29,376,466,-90,0,33,100,37,0,2,0,95,100,3280,detection,
3280937,12,29,376,466,-90,0,32,100,4,0,4,0,95,100,3280,detection,
3280955,25,29,376,466,-90,0,33,100,5,0,3,0,95,100,3280,detection,
3281829,11,31,276,276,0,0,0,0,0,33,0,0,0,0,3281,detection,
3283078,17,13,543,543,0,0,0,0,0,0,0,0,0,0,3283,detection,
3283680,5,12,639,639,0,0,0,0,0,0,1,0,0,0,3283,detection,
3290030,8,26,276,352,-76,0,22,100,0,28,15,0,95,100,3290,detection,
3290038,18,26,276,352,-76,0,25,100,3,14,9,0,95,100,3290,detection,
3290070,23,26,276,352,-76,0,29,100,3,33,0,0,95,100,3290,detection,
3290081,4,26,276,352,-76,0,29,100,3,0,0,0,95,100,3290,detection,
3292600,7,24,1001,1001,0,0,0,0,0,0,4,0,0,0,3292,detection,
3292679,5,24,1001,1001,0,0,0,0,0,0,5,0,0,0,3292,detection,
3292682,12,24,1001,1001,0,0,0,0,0,0,5,0,0,0,3292,detection,
3293573,25,20,543,543,0,0,0,0,0,0,2,0,0,0,3293,detection,
3293633,3,20,543,543,0,0,0,0,0,0,1,0,0,0,3293,detection,
3293649,15,20,543,543,0,0,0,0,0,0,7,0,0,0,3293,detection,
3293653,6,20,543,543,0,0,0,0,0,0,3,0,0,0,3293,detection,
3293682,5,20,543,543,0,0,0,0,0,0,1,0,0,0,3293,detection,
3293683,12,20,543,543,0,0,0,0,0,0,3,0,0,0,3293,detection,
3293931,1,28,276,354,-78,0,21,100,4,0,22,0,92,100,3293,detection,
3293955,4,28,276,354,-78,0,20,100,3,0,26,0,83,75,3293,detection,
3293955,17,28,276,354,-78,0,22,100,4,0,18,0,95,100,3293,detection,
3293973,22,28,276,354,-78,0,20,100,4,0,26,0,83,75,3293,detection,
3293999,13,28,276,354,-78,0,20,100,4,0,26,0,83,75,3293,detection,
3294033,8,28,276,354,-78,0,16,100,2,0,45,0,67,75,3294,detection,
3294036,18,28,276,354,-78,0,17,100,3,0,35,0,75,75,3294,detection,
3298761,19,10,541,541,0,0,0,0,0,0,0,0,0,0,3298,detection,
3299641,1,28,276,339,-63,0,17,100,2,0,22,0,92,100,3299,detection,
3299657,8,28,276,339,-63,0,12,100,2,0,45,0,67,75,3299,detection,
3299661,18,28,276,339,-63,0,14,100,2,0,35,0,75,75,3299,detection,
3299704,17,28,276,339,-63,0,18,100,2,0,18,0,95,100,3299,detection,
3299708,4,28,276,339,-63,0,17,100,2,0,22,0,92,100,3299,detection,
3299722,22,28,276,339,-63,0,17,100,2,0,22,0,92,100,3299,detection,
3299747,13,28,276,339,-63,0,16,100,2,0,26,0,83,75,3299,detection,
3306634,1,28,276,312,-36,0,9,100,4,0,22,0,92,100,3306,detection,
3306662,18,28,276,312,-36,0,8,100,4,0,35,0,75,75,3306,detection,
3306705,4,28,276,312,-36,0,9,100,4,0,22,0,92,100,3306,detection,
3306705,17,28,276,312,-36,0,10,100,5,0,18,0,95,100,3306,detection,
3306723,22,28,276,312,-36,0,9,100,4,0,22,0,92,100,3306,detection,
3306748,13,28,276,312,-36,0,9,100,4,0,26,0,83,75,3306,detection,
3309153,6,21,889,889,0,0,0,0,0,0,4,0,0,0,3309,detection,
3311782,1,28,276,330,-54,0,15,100,3,0,18,0,95,100,3311,detection,
3311789,18,28,276,330,-54,0,12,100,2,0,35,0,75,75,3311,detection,
3311831,4,28,276,330,-54,0,14,100,3,0,22,0,92,100,3311,detection,
3311875,13,28,276,330,-54,0,13,100,3,0,26,0,83,75,3311,detection,
3314617,24,7,913,913,0,0,0,0,0,0,7,0,0,0,3314,detection,
3317165,1,28,276,337,-61,0,17,100,1,0,18,0,95,100,3317,detection,
3317205,17,28,276,337,-61,0,17,100,4,0,18,0,95,100,3317,detection,
3317206,4,28,276,337,-61,0,16,100,1,0,22,0,92,100,3317,detection,
3317224,22,28,276,337,-61,0,16,100,4,0,22,0,92,100,3317,detection,
3317249,13,28,276,337,-61,0,15,100,1,0,26,0,83,75,3317,detection,
3319905,8,26,276,310,-34,0,10,100,8,28,15,0,95,100,3319,detection,
3319913,18,26,276,310,-34,0,11,100,9,0,9,0,95,100,3319,detection,
3319956,4,26,276,310,-34,0,13,100,10,0,0,0,95,100,3319,detection,
3320267,14,2,1045,1045,0,0,0,0,0,0,1,0,0,0,3320,detection,
3322058,12,5,649,649,0,0,0,0,0,0,3,0,0,0,3322,detection,
3322100,7,5,649,649,0,0,0,0,0,0,8,0,0,0,3322,detection,
3322116,24,5,649,649,0,0,0,0,0,0,7,0,0,0,3322,detection,
3322132,3,5,649,649,0,0,0,0,0,0,1,0,0,0,3322,detection,
3324250,13,30,518,675,-157,0,57,100,24,0,3,0,95,100,3324,detection,
3325454,17,9,879,879,0,0,0,0,0,0,0,0,0,0,3325,detection,
3326892,10,16,576,576,0,0,0,0,0,0,1,0,0,0,3326,detection,
3327320,23,26,276,306,-30,0,11,100,11,33,0,0,95,100,3327,detection,
3327332,4,26,276,306,-30,0,11,100,1,0,0,0,95,100,3327,detection,
3327413,18,26,276,306,-30,0,9,100,0,0,9,0,95,100,3327,detection,
3330058,20,15,568,568,0,0,0,0,0,0,3,0,0,0,3330,detection,
3334455,4,26,276,322,-46,0,17,100,4,0,0,0,95,100,3334,detection,
3334533,8,26,276,322,-46,0,13,100,2,28,15,0,95,100,3334,detection,
3334537,18,26,276,322,-46,0,15,100,3,0,9,0,95,100,3334,detection,
3334568,23,26,276,322,-46,0,17,100,4,33,0,0,95,100,3334,detection,
3339247,13,8,532,532,0,0,0,0,0,0,0,0,0,0,3339,detection,
3340153,8,3,577,577,0,0,0,0,0,0,18,0,0,0,3340,detection,
3341079,17,22,512,512,0,0,0,0,0,0,0,0,0,0,3341,detection,
3342193,23,26,276,312,-36,0,14,100,2,33,0,0,95,100,3342,detection,
3342205,4,26,276,312,-36,0,14,100,2,0,0,0,95,100,3342,detection,
3342282,8,26,276,312,-36,0,10,100,2,28,15,0,95,100,3342,detection,
3342286,18,26,276,312,-36,0,11,100,2,0,9,0,95,100,3342,detection,
3343701,25,27,276,357,-81,0,31,100,14,0,0,50,98,100,3343,detection,
3348788,18,26,276,324,-48,0,15,100,2,0,9,0,95,100,3348,detection,
3348819,23,26,276,324,-48,0,18,100,3,16,0,0,95,100,3348,detection,
3348830,4,26,276,324,-48,0,18,100,3,0,0,0,95,100,3348,detection,
3355707,4,26,276,306,-30,0,11,100,4,0,0,0,95,100,3355,detection,
3355780,8,26,276,306,-30,0,9,100,1,28,15,0,95,100,3355,detection,
3355788,18,26,276,306,-30,0,10,100,4,0,7,0,95,100,3355,detection,
3357806,1,28,276,303,-27,0,7,100,6,0,18,0,95,100,3357,detection,
3357830,17,28,276,303,-27,0,8,100,6,0,15,0,95,100,3357,detection,
3357830,4,28,276,303,-27,0,7,100,6,0,22,0,92,100,3357,detection,
3357848,22,28,276,303,-27,0,7,100,6,0,22,0,92,100,3357,detection,
3357873,13,28,276,303,-27,0,6,100,5,0,26,0,83,75,3357,detection,
3357911,18,28,276,303,-27,0,6,100,4,0,35,0,75,75,3357,detection,
3364194,23,14,912,912,0,0,0,0,0,0,0,0,0,0,3364,detection,
3365178,5,24,996,996,0,0,0,0,0,0,5,0,0,0,3365,detection,
3366891,1,28,276,340,-64,0,17,100,6,0,22,0,92,100,3366,detection,
3366907,8,28,276,340,-64,0,13,100,0,0,41,0,72,75,3366,detection,
3366911,18,28,276,340,-64,0,14,100,5,0,39,0,73,75,3366,detection,
3366953,17,28,276,340,-64,0,18,100,7,0,18,0,95,100,3366,detection,
3366958,4,28,276,340,-64,0,16,100,6,0,26,0,83,75,3366,detection,
3366971,22,28,276,340,-64,0,16,100,6,0,26,0,83,75,3366,detection,
3370412,18,26,276,297,-21,0,7,100,2,0,7,0,95,100,3370,detection,
3370443,23,26,276,297,-21,0,8,100,7,0,0,0,95,100,3370,detection,
3370454,4,26,276,297,-21,0,8,100,2,0,0,0,95,100,3370,detection,
3373133,1,28,276,316,-40,0,10,100,4,0,22,0,92,100,3373,detection,
3373161,18,28,276,316,-40,0,8,100,3,0,39,0,73,75,3373,detection,
3373204,17,28,276,316,-40,0,11,100,4,0,18,0,95,100,3373,detection,
3373204,4,28,276,316,-40,0,10,100,4,0,26,0,83,75,3373,detection,
3373222,22,28,276,316,-40,0,10,100,4,0,26,0,83,75,3373,detection,
3373247,13,28,276,316,-40,0,9,100,2,0,30,0,79,75,3373,detection,
3376160,8,18,512,512,0,0,0,0,0,0,25,0,0,0,3376,detection,
3380064,1,28,276,290,-14,0,3,100,4,0,26,0,83,75,3380,detection,
3380079,4,28,276,290,-14,0,3,100,4,0,30,0,79,75,3380,detection,
3380079,17,28,276,290,-14,0,3,100,4,0,22,0,92,100,3380,detection,
3380097,22,28,276,290,-14,0,3,100,4,0,30,0,79,75,3380,detection,
3380123,13,28,276,290,-14,0,3,100,4,0,26,0,83,75,3380,detection,
3380157,8,28,276,290,-14,0,2,100,6,0,45,0,67,75,3380,detection,
3380161,18,28,276,290,-14,0,3,100,3,0,39,0,73,75,3380,detection,
3380766,10,11,561,561,0,0,0,0,0,0,2,0,0,0,3380,detection,
3382412,18,26,276,294,-18,0,6,100,0,0,7,0,95,100,3382,detection,
3382443,23,26,276,294,-18,0,7,100,0,0,0,0,95,100,3382,detection,
3382455,4,26,276,294,-18,0,7,100,0,0,0,0,95,100,3382,detection,
3384554,5,29,356,420,-64,0,24,100,6,0,2,0,95,100,3384,detection,
3387284,16,10,541,541,0,0,0,0,0,0,1,0,0,0,3387,detection,
3391207,4,26,276,290,-14,0,5,100,1,0,0,0,95,100,3391,detection,
3391280,8,26,276,290,-14,0,4,100,3,14,15,0,95,100,3391,detection,
3391288,18,26,276,290,-14,0,4,100,0,0,7,0,95,100,3391,detection,
3393272,2,14,912,912,0,0,0,0,0,0,0,0,0,0,3393,detection,
3393276,15,14,912,912,0,0,0,0,0,0,0,0,0,0,3393,detection,
3393318,23,14,912,912,0,0,0,0,0,0,0,0,0,0,3393,detection,
3394906,8,15,568,568,0,0,0,0,0,0,18,0,0,0,3394,detection,
3397387,19,6,958,958,0,0,0,0,0,0,0,0,0,0,3397,detection,
3397530,8,26,276,303,-27,0,8,100,2,0,15,0,95,100,3397,detection,
3397538,18,26,276,303,-27,0,9,100,2,0,7,0,95,100,3397,detection,
3397569,23,26,276,303,-27,0,10,100,2,0,0,0,95,100,3397,detection,
3397581,4,26,276,303,-27,0,10,100,3,0,0,0,95,100,3397,detection,
3397748,13,4,546,546,0,0,0,0,0,0,1,0,0,0,3397,detection,
3397826,25,21,889,889,0,0,0,0,0,0,1,0,0,0,3397,detection,
3403695,23,26,276,300,-24,0,9,100,0,0,0,0,95,100,3403,detection,
3403708,4,26,276,300,-24,0,9,100,0,0,0,0,95,100,3403,detection,
3403779,8,26,276,300,-24,0,7,100,0,0,15,0,95,100,3403,detection,
3403788,18,26,276,300,-24,0,8,100,0,0,7,0,95,100,3403,detection,
3404509,3,7,924,924,0,0,0,0,0,0,4,0,0,0,3404,detection,
3405264,19,25,609,609,0,0,0,0,0,0,2,0,0,0,3405,detection,
3406453,1,28,276,324,-48,0,11,100,5,0,30,0,79,75,3406,detection,
3406456,17,28,276,324,-48,0,12,100,5,0,26,0,83,75,3406,detection,
3406456,4,28,276,324,-48,0,12,100,5,0,26,0,83,75,3406,detection,
3406474,22,28,276,324,-48,0,11,100,5,0,30,0,79,75,3406,detection,
3406499,13,28,276,324,-48,0,11,100,5,0,30,0,79,75,3406,detection,
3406537,18,28,276,324,-48,0,11,100,5,0,33,0,75,75,3406,detection,
3407555,20,31,276,276,0,0,0,0,0,33,4,0,0,0,3407,detection,
3409283,8,26,276,294,-18,0,5,100,1,0,15,0,95,100,3409,detection,
3409287,18,26,276,294,-18,0,6,100,1,0,7,0,95,100,3409,detection,
3409318,23,26,276,294,-18,0,7,100,1,0,0,0,95,100,3409,detection,
3409329,4,26,276,294,-18,0,7,100,1,0,0,0,95,100,3409,detection,
3410385,19,25,609,609,0,0,0,0,0,0,2,0,0,0,3410,detection,
3410387,21,25,609,609,0,0,0,0,0,0,2,0,0,0,3410,detection,
3410400,6,25,609,609,0,0,0,0,0,0,10,0,0,0,3410,detection,
3410432,20,25,609,609,0,0,0,0,0,0,6,0,0,0,3410,detection,
3410457,11,25,609,609,0,0,0,0,0,0,2,0,0,0,3410,detection,
3412253,1,28,276,348,-72,0,17,100,3,0,30,0,79,75,3412,detection,
3412282,8,28,276,348,-72,0,14,100,7,0,45,0,67,75,3412,detection,
3412328,17,28,276,348,-72,0,18,100,4,0,26,0,83,75,3412,detection,
3412332,4,28,276,348,-72,0,18,100,4,0,26,0,83,75,3412,detection,
3412346,22,28,276,348,-72,0,18,100,4,0,26,0,83,75,3412,detection,
3416532,8,27,276,340,-64,0,19,100,3,0,15,0,95,100,3416,detection,
3416779,8,26,276,286,-10,0,3,100,1,0,15,25,97,100,3416,detection,
3416787,18,26,276,286,-10,0,3,100,1,0,7,0,95,100,3416,detection,
3416818,23,26,276,286,-10,0,3,100,2,0,0,0,95,100,3416,detection,
3416830,4,26,276,286,-10,0,3,100,2,0,0,25,97,100,3416,detection,
3421809,20,5,637,637,0,0,0,0,0,0,2,0,0,0,3421,detection,
3425582,11,16,569,569,0,0,0,0,0,0,0,0,0,0,3425,detection,
3427469,1,28,276,392,-116,0,29,100,7,0,26,0,83,75,3427,detection,
3427473,22,28,276,392,-116,0,29,100,7,0,26,0,83,75,3427,detection,
3427498,13,28,276,392,-116,0,28,100,11,0,30,0,79,75,3427,detection,
3427533,8,28,276,392,-116,0,23,100,6,0,45,0,67,75,3427,detection,
3427536,18,28,276,392,-116,0,27,100,10,0,33,0,75,75,3427,detection,
3427578,17,28,276,392,-116,0,29,100,7,0,26,0,83,75,3427,detection,
3427583,4,28,276,392,-116,0,29,100,7,0,26,0,83,75,3427,detection,
3428529,8,26,276,284,-8,0,2,100,0,0,15,50,98,100,3428,detection,
3428537,18,26,276,284,-8,0,2,100,0,0,5,25,97,100,3428,detection,
3428568,23,26,276,284,-8,0,3,100,0,0,0,0,95,100,3428,detection,
3428579,4,26,276,284,-8,0,3,100,0,0,0,50,98,100,3428,detection,
3435399,15,14,912,912,0,0,0,0,0,0,0,0,0,0,3435,detection,
3437456,11,19,659,659,0,0,0,0,0,0,0,0,0,0,3437,detection,
3444511,3,12,635,635,0,0,0,0,0,0,0,0,0,0,3444,detection,
3449758,1,28,276,384,-108,0,27,100,1,0,26,0,83,75,3449,detection,
3449779,8,28,276,384,-108,0,22,100,1,0,45,0,67,75,3449,detection,
3449786,18,28,276,384,-108,0,25,100,1,0,34,0,75,75,3449,detection,
3449829,17,28,276,384,-108,0,27,100,1,0,26,0,83,75,3449,detection,
3449829,4,28,276,384,-108,0,27,100,1,0,26,0,83,75,3449,detection,
3449847,22,28,276,384,-108,0,27,100,1,0,26,0,83,75,3449,detection,
3449873,13,28,276,384,-108,0,26,100,1,0,30,0,79,75,3449,detection,
3454554,5,12,635,635,0,0,0,0,0,0,1,0,0,0,3454,detection,
3454558,20,12,635,635,0,0,0,0,0,0,2,0,0,0,3454,detection,
3454599,7,12,635,635,0,0,0,0,0,0,2,0,0,0,3454,detection,
3454619,24,12,635,635,0,0,0,0,0,0,4,0,0,0,3454,detection,
3454635,3,12,635,635,0,0,0,0,0,0,0,0,0,0,3454,detection,
3456532,8,30,498,541,-43,0,12,100,15,25,18,0,95,100,3456,detection,
3458659,8,28,276,363,-87,0,17,100,2,0,45,0,67,75,3458,detection,
3463283,8,26,276,307,-31,0,9,100,4,0,15,50,98,100,3463,detection,
3463333,4,26,276,307,-31,0,12,100,5,0,0,50,98,100,3463,detection,
3465885,21,10,538,538,0,0,0,0,0,0,0,0,0,0,3465,detection,
3468029,6,29,336,433,-97,0,33,100,21,16,6,0,95,100,3468,detection,
3473623,13,22,512,512,0,0,0,0,0,0,2,0,0,0,3473,detection,
3476260,19,21,885,885,0,0,0,0,0,0,0,0,0,0,3476,detection,
3479067,23,3,572,572,0,0,0,0,0,0,0,0,0,0,3479,detection,
3479890,21,6,596,596,0,0,0,0,0,0,0,0,0,0,3479,detection,
3482706,4,9,857,857,0,0,0,0,0,0,0,0,0,0,3482,detection,
3486418,18,11,581,581,0,0,0,0,0,0,15,0,0,0,3486,detection,
3490808,12,24,927,927,0,0,0,0,0,0,0,0,0,0,3490,detection,
3490850,7,24,927,927,0,0,0,0,0,0,4,0,0,0,3490,detection,
3492162,18,26,276,343,-67,0,23,100,13,0,7,50,98,100,3492,detection,
3496762,19,16,557,557,0,0,0,0,0,0,0,0,0,0,3496,detection,
3497513,21,19,659,659,0,0,0,0,0,0,0,0,0,0,3497,detection,
3497517,10,19,659,659,0,0,0,0,0,0,0,0,0,0,3497,detection,
3497526,6,19,659,659,0,0,0,0,0,0,2,0,0,0,3497,detection,
3497535,16,19,659,659,0,0,0,0,0,0,1,0,0,0,3497,detection,
3497575,25,19,659,659,0,0,0,0,0,0,1,0,0,0,3497,detection,
3497579,11,19,659,659,0,0,0,0,0,0,0,0,0,0,3497,detection,
3499018,14,2,1041,1041,0,0,0,0,0,0,0,0,0,0,3499,detection,
3501271,2,14,912,912,0,0,0,0,0,0,0,0,0,0,3501,detection,
3503498,13,18,512,512,0,0,0,0,0,0,9,0,0,0,3503,detection,
3505557,12,7,924,924,0,0,0,0,0,0,0,0,0,0,3505,detection,
3505881,3,20,593,593,0,0,0,0,0,0,0,0,0,0,3505,detection,
3508913,18,4,536,536,0,0,0,0,0,0,19,0,0,0,3508,detection,
3509601,7,12,634,634,0,0,0,0,0,0,2,0,0,0,3509,detection,
3520944,23,26,276,361,-85,0,33,100,20,0,0,0,95,100,3520,detection,
3520956,4,26,276,361,-85,0,33,100,14,0,0,50,98,100,3520,detection,
3521034,8,26,276,361,-85,0,25,100,10,0,15,50,98,100,3521,detection,
3521037,18,26,276,361,-85,0,29,100,4,0,7,50,98,100,3521,detection,
3523682,12,5,637,637,0,0,0,0,0,0,2,0,0,0,3523,detection,
3528783,8,26,276,352,-76,0,22,100,1,0,15,0,95,100,3528,detection,
3528787,18,26,276,352,-76,0,26,100,2,0,7,0,95,100,3528,detection,
3528818,23,26,276,352,-76,0,29,100,2,0,0,0,95,100,3528,detection,
3528829,4,26,276,352,-76,0,29,100,2,0,0,0,95,100,3528,detection,
3535445,23,26,276,330,-54,0,21,100,5,0,0,0,95,100,3535,detection,
3535457,4,26,276,330,-54,0,21,100,5,0,0,25,97,100,3535,detection,
3535530,8,26,276,330,-54,0,16,100,4,0,15,25,97,100,3535,detection,
3535538,18,26,276,330,-54,0,18,100,5,0,7,25,97,100,3535,detection,
3541475,7,24,919,919,0,0,0,0,0,0,4,0,0,0,3541,detection,
3544678,5,27,276,401,-125,0,48,100,28,0,0,0,95,100,3544,detection,
3544695,23,27,276,401,-125,0,48,100,26,0,0,0,95,100,3544,detection,
3544704,25,27,276,401,-125,0,48,100,11,0,0,50,98,100,3544,detection,
3544760,3,27,276,401,-125,0,48,100,15,0,0,0,95,100,3544,detection,
3544781,8,27,276,401,-125,0,37,100,12,0,15,0,95,100,3544,detection,
3549457,4,26,276,324,-48,0,18,100,1,0,0,0,95,100,3549,detection,
3549530,8,26,276,324,-48,0,14,100,1,0,15,0,95,100,3549,detection,
3549538,18,26,276,324,-48,0,16,100,1,0,7,0,95,100,3549,detection,
3554069,23,26,276,314,-38,0,14,100,4,0,0,0,95,100,3554,detection,
3554081,4,26,276,314,-38,0,14,100,2,0,0,0,95,100,3554,detection,
3554158,8,26,276,314,-38,0,11,100,2,0,15,0,95,100,3554,detection,
3554162,18,26,276,314,-38,0,13,100,2,0,7,0,95,100,3554,detection,
3555266,10,19,659,659,0,0,0,0,0,0,0,0,0,0,3555,detection,
3557903,6,21,885,885,0,0,0,0,0,0,4,0,0,0,3557,detection,
3559321,23,26,276,306,-30,0,11,100,2,0,0,0,95,100,3559,detection,
3559333,4,26,276,306,-30,0,11,100,2,0,0,0,95,100,3559,detection,
3559406,8,26,276,306,-30,0,9,100,1,0,15,0,95,100,3559,detection,
3562814,1,28,276,284,-8,0,1,100,16,0,30,0,79,75,3562,detection,
3562829,4,28,276,284,-8,0,1,100,16,0,30,0,79,75,3562,detection,
3562829,17,28,276,284,-8,0,2,100,17,0,26,0,83,75,3562,detection,
3562847,22,28,276,284,-8,0,1,100,16,0,30,0,79,75,3562,detection,
3562873,13,28,276,284,-8,0,1,100,16,0,30,0,79,75,3562,detection,
3562907,8,28,276,284,-8,0,1,100,10,0,45,0,67,75,3562,detection,
3562911,18,28,276,284,-8,0,1,100,14,0,39,0,73,75,3562,detection,
3563819,23,30,478,524,-46,0,16,100,1,0,3,0,95,100,3563,detection,
3564786,18,31,276,276,0,0,0,0,0,28,15,0,0,0,3564,detection,
3565517,14,15,564,564,0,0,0,0,0,0,3,0,0,0,3565,detection,
3568428,5,3,568,568,0,0,0,0,0,0,0,0,0,0,3568,detection,
3569431,1,28,276,283,-7,0,1,100,0,0,30,0,79,75,3569,detection,
3569455,17,28,276,283,-7,0,1,100,0,0,26,0,83,75,3569,detection,
3569455,4,28,276,283,-7,0,1,100,0,0,30,0,79,75,3569,detection,
3569473,22,28,276,283,-7,0,1,100,0,0,30,0,79,75,3569,detection,
3569498,13,28,276,283,-7,0,1,100,0,0,30,0,79,75,3569,detection,
3570682,20,12,634,634,0,0,0,0,0,0,2,0,0,0,3570,detection,
3571783,8,26,276,297,-21,0,6,100,1,0,15,0,95,100,3571,detection,
3571818,23,26,276,297,-21,0,8,100,2,0,0,0,95,100,3571,detection,
3578328,4,9,857,857,0,0,0,0,0,0,0,0,0,0,3578,detection,
3581148,15,7,924,924,0,0,0,0,0,0,4,0,0,0,3581,detection,
3582847,22,16,557,557,0,0,0,0,0,0,0,0,0,0,3582,detection,
3583076,25,11,567,567,0,0,0,0,0,0,4,0,0,0,3583,detection,
3583162,18,26,276,294,-18,0,6,100,4,0,7,0,95,100,3583,detection,
3583193,23,26,276,294,-18,0,7,100,0,0,0,0,95,100,3583,detection,
3583205,4,26,276,294,-18,0,7,100,3,0,0,0,95,100,3583,detection,
3585559,1,28,276,281,-5,0,1,100,0,0,30,0,79,75,3585,detection,
3585579,4,28,276,281,-5,0,1,100,0,0,30,0,79,75,3585,detection,
3585579,17,28,276,281,-5,0,1,100,0,0,26,0,83,75,3585,detection,
3585597,22,28,276,281,-5,0,1,100,0,0,30,0,79,75,3585,detection,
3585622,13,28,276,281,-5,0,1,100,0,0,30,0,79,75,3585,detection,
3585656,8,28,276,281,-5,0,1,100,0,0,45,0,67,75,3585,detection,
3585664,18,28,276,281,-5,0,1,100,0,0,39,0,73,75,3585,detection,
3591778,15,8,551,551,0,0,0,0,0,0,3,0,0,0,3591,detection,
3593289,1,28,276,276,0,0,0,100,0,11,30,0,79,75,3593,detection,
3593330,17,28,276,276,0,0,0,100,0,11,27,0,82,75,3593,detection,
3593349,22,28,276,276,0,0,0,100,0,11,30,0,79,75,3593,detection,
3593408,8,28,276,276,0,0,0,100,0,10,41,0,72,75,3593,detection,
3593412,18,28,276,276,0,0,0,100,0,10,40,0,73,75,3593,detection,
3593536,18,28,276,276,0,0,0,100,0,10,39,0,73,75,3593,detection,
3597036,8,20,593,593,0,0,0,0,0,0,17,0,0,0,3597,detection,
3599793,1,28,276,276,0,0,0,100,0,11,30,0,79,75,3599,detection,
3599830,17,28,276,276,0,0,0,100,0,11,26,0,83,75,3599,detection,
3599830,4,28,276,276,0,0,0,100,0,11,30,0,79,75,3599,detection,
3599848,22,28,276,276,0,0,0,100,0,11,30,0,79,75,3599,detection,
3599874,13,28,276,276,0,0,0,100,0,11,30,0,79,75,3599,detection,
3599911,8,28,276,276,0,0,0,100,0,9,42,0,71,75,3599,detection,
3599911,18,28,276,276,0,0,0,100,0,10,39,0,73,75,3599,detection,
