sim_ms,mote_id,src,R,Rhat,e,v1,v2,v3,v4,v5,v6,v7,AC,ML,t,type,action
26477,1,16,768,768,0,0,0,0,0,0,0,0,0,0,26,detection,
26490,26,16,768,768,0,0,0,0,0,0,0,0,0,0,26,detection,
26504,21,16,768,768,0,0,0,0,0,0,0,0,0,0,26,detection,
26515,3,16,768,768,0,0,0,0,0,0,0,0,0,0,26,detection,
26521,12,16,768,768,0,0,0,0,0,0,0,0,0,0,26,detection,
26524,17,16,768,768,0,0,0,0,0,0,0,0,0,0,26,detection,
26533,4,16,768,768,0,0,0,0,0,0,0,0,0,0,26,detection,
26550,18,16,768,768,0,0,0,0,0,0,0,0,0,0,26,detection,
26551,10,16,768,768,0,0,0,0,0,0,0,0,0,0,26,detection,
26553,22,16,768,768,0,0,0,0,0,0,0,0,0,0,26,detection,
26567,14,16,768,768,0,0,0,0,0,0,0,0,0,0,26,detection,
26576,2,16,768,768,0,0,0,0,0,0,0,0,0,0,26,detection,
26588,8,16,768,768,0,0,0,0,0,0,0,0,0,0,26,detection,
26593,27,16,768,768,0,0,0,0,0,0,0,0,0,0,26,detection,
26601,13,16,768,768,0,0,0,0,0,0,0,0,0,0,26,detection,
27378,1,10,512,512,0,0,0,0,0,0,0,0,0,0,27,detection,
27392,16,10,512,512,0,0,0,0,0,0,0,0,0,0,27,detection,
27392,3,10,512,512,0,0,0,0,0,0,0,0,0,0,27,detection,
27400,17,10,512,512,0,0,0,0,0,0,0,0,0,0,27,detection,
27410,4,10,512,512,0,0,0,0,0,0,0,0,0,0,27,detection,
27427,18,10,512,512,0,0,0,0,0,0,0,0,0,0,27,detection,
27431,22,10,512,512,0,0,0,0,0,0,0,0,0,0,27,detection,
27443,14,10,512,512,0,0,0,0,0,0,0,0,0,0,27,detection,
27456,2,10,512,512,0,0,0,0,0,0,0,0,0,0,27,detection,
27465,8,10,512,512,0,0,0,0,0,0,0,0,0,0,27,detection,
27478,13,10,512,512,0,0,0,0,0,0,0,0,0,0,27,detection,
27481,25,10,512,512,0,0,0,0,0,0,0,0,0,0,27,detection,
27504,21,10,512,512,0,0,0,0,0,0,0,0,0,0,27,detection,
27522,1,25,512,512,0,0,0,0,0,0,0,0,0,0,27,detection,
27586,5,12,512,512,0,0,0,0,0,0,0,0,0,0,27,detection,
27633,11,12,512,512,0,0,0,0,0,0,0,0,0,0,27,detection,
27646,15,12,512,512,0,0,0,0,0,0,0,0,0,0,27,detection,
27651,1,12,512,512,0,0,0,0,0,0,0,0,0,0,27,detection,
27661,4,12,512,512,0,0,0,0,0,0,0,0,0,0,27,detection,
27730,19,31,512,512,0,0,0,0,0,0,0,0,0,0,27,detection,
27757,11,31,512,512,0,0,0,0,0,0,0,0,0,0,27,detection,
27774,15,31,512,512,0,0,0,0,0,0,0,0,0,0,27,detection,
27800,10,31,512,512,0,0,0,0,0,0,0,0,0,0,27,detection,
27800,1,31,512,512,0,0,0,0,0,0,0,0,0,0,27,detection,
27805,22,31,512,512,0,0,0,0,0,0,0,0,0,0,27,detection,
27805,18,31,512,512,0,0,0,0,0,0,0,0,0,0,27,detection,
27818,14,31,512,512,0,0,0,0,0,0,0,0,0,0,27,detection,
27838,5,31,512,512,0,0,0,0,0,0,0,0,0,0,27,detection,
27881,1,13,512,512,0,0,0,0,0,0,0,0,0,0,27,detection,
27892,16,13,512,512,0,0,0,0,0,0,0,0,0,0,27,detection,
27892,3,13,512,512,0,0,0,0,0,0,0,0,0,0,27,detection,
27913,4,13,512,512,0,0,0,0,0,0,0,0,0,0,27,detection,
27928,10,13,512,512,0,0,0,0,0,0,0,0,0,0,27,detection,
27928,18,13,512,512,0,0,0,0,0,0,0,0,0,0,27,detection,
27932,22,13,512,512,0,0,0,0,0,0,0,0,0,0,27,detection,
27957,2,13,512,512,0,0,0,0,0,0,0,0,0,0,27,detection,
27964,27,13,512,512,0,0,0,0,0,0,0,0,0,0,27,detection,
27966,8,13,512,512,0,0,0,0,0,0,0,0,0,0,27,detection,
27976,20,13,512,512,0,0,0,0,0,0,0,0,0,0,27,detection,
27977,9,13,512,512,0,0,0,0,0,0,0,0,0,0,27,detection,
27986,25,13,512,512,0,0,0,0,0,0,0,0,0,0,27,detection,
27993,7,13,512,512,0,0,0,0,0,0,0,0,0,0,27,detection,
28012,1,26,512,512,0,0,0,0,0,0,0,0,0,0,28,detection,
28019,16,26,512,512,0,0,0,0,0,0,0,0,0,0,28,detection,
28028,17,26,512,512,0,0,0,0,0,0,0,0,0,0,28,detection,
28241,26,21,512,512,0,0,0,0,0,0,0,0,0,0,28,detection,
28248,1,21,512,512,0,0,0,0,0,0,0,0,0,0,28,detection,
28268,16,21,512,512,0,0,0,0,0,0,0,0,0,0,28,detection,
28277,17,21,512,512,0,0,0,0,0,0,0,0,0,0,28,detection,
28286,4,21,512,512,0,0,0,0,0,0,0,0,0,0,28,detection,
28303,10,21,512,512,0,0,0,0,0,0,0,0,0,0,28,detection,
28303,18,21,512,512,0,0,0,0,0,0,0,0,0,0,28,detection,
28308,22,21,512,512,0,0,0,0,0,0,0,0,0,0,28,detection,
28429,10,30,512,512,0,0,0,0,0,0,0,0,0,0,28,detection,
28430,18,30,512,512,0,0,0,0,0,0,0,0,0,0,28,detection,
28434,22,30,512,512,0,0,0,0,0,0,0,0,0,0,28,detection,
28458,2,30,512,512,0,0,0,0,0,0,0,0,0,0,28,detection,
28467,8,30,512,512,0,0,0,0,0,0,0,0,0,0,28,detection,
28478,9,30,512,512,0,0,0,0,0,0,0,0,0,0,28,detection,
28488,25,30,512,512,0,0,0,0,0,0,0,0,0,0,28,detection,
28494,7,30,512,512,0,0,0,0,0,0,0,0,0,0,28,detection,
28505,21,30,512,512,0,0,0,0,0,0,0,0,0,0,28,detection,
28518,3,30,512,512,0,0,0,0,0,0,0,0,0,0,28,detection,
28519,16,30,512,512,0,0,0,0,0,0,0,0,0,0,28,detection,
28521,12,30,512,512,0,0,0,0,0,0,0,0,0,0,28,detection,
28527,17,30,512,512,0,0,0,0,0,0,0,0,0,0,28,detection,
28537,4,30,512,512,0,0,0,0,0,0,0,0,0,0,28,detection,
28865,26,27,512,512,0,0,0,0,0,0,0,0,0,0,28,detection,
28932,18,27,512,512,0,0,0,0,0,0,0,0,0,0,28,detection,
29238,25,4,512,512,0,0,0,0,0,0,0,0,0,0,29,detection,
29246,7,4,512,512,0,0,0,0,0,0,0,0,0,0,29,detection,
29255,21,4,512,512,0,0,0,0,0,0,0,0,0,0,29,detection,
29269,3,4,512,512,0,0,0,0,0,0,0,0,0,0,29,detection,
29270,16,4,512,512,0,0,0,0,0,0,0,0,0,0,29,detection,
29272,12,4,512,512,0,0,0,0,0,0,0,0,0,0,29,detection,
29278,17,4,512,512,0,0,0,0,0,0,0,0,0,0,29,detection,
29304,10,4,512,512,0,0,0,0,0,0,0,0,0,0,29,detection,
29306,18,4,512,512,0,0,0,0,0,0,0,0,0,0,29,detection,
29309,22,4,512,512,0,0,0,0,0,0,0,0,0,0,29,detection,
29319,14,4,512,512,0,0,0,0,0,0,0,0,0,0,29,detection,
29333,2,4,512,512,0,0,0,0,0,0,0,0,0,0,29,detection,
29341,8,4,512,512,0,0,0,0,0,0,0,0,0,0,29,detection,
29344,27,4,512,512,0,0,0,0,0,0,0,0,0,0,29,detection,
29353,9,4,512,512,0,0,0,0,0,0,0,0,0,0,29,detection,
29444,14,18,512,512,0,0,0,0,0,0,0,0,0,0,29,detection,
29458,2,18,512,512,0,0,0,0,0,0,0,0,0,0,29,detection,
29469,27,18,512,512,0,0,0,0,0,0,0,0,0,0,29,detection,
29471,8,18,512,512,0,0,0,0,0,0,0,0,0,0,29,detection,
29477,13,18,512,512,0,0,0,0,0,0,0,0,0,0,29,detection,
29487,25,18,512,512,0,0,0,0,0,0,0,0,0,0,29,detection,
29509,21,18,512,512,0,0,0,0,0,0,0,0,0,0,29,detection,
29523,16,18,512,512,0,0,0,0,0,0,0,0,0,0,29,detection,
29524,12,18,512,512,0,0,0,0,0,0,0,0,0,0,29,detection,
29540,4,18,512,512,0,0,0,0,0,0,0,0,0,0,29,detection,
29553,10,18,512,512,0,0,0,0,0,0,0,0,0,0,29,detection,
30242,26,17,1024,1024,0,0,0,0,0,0,0,0,0,0,30,detection,
30397,3,8,1024,1024,0,0,0,0,0,0,0,0,0,0,30,detection,
30398,16,8,1024,1024,0,0,0,0,0,0,0,0,0,0,30,detection,
30416,4,8,1024,1024,0,0,0,0,0,0,0,0,0,0,30,detection,
30457,2,8,1024,1024,0,0,0,0,0,0,0,0,0,0,30,detection,
30469,27,8,1024,1024,0,0,0,0,0,0,0,0,0,0,30,detection,
30475,20,8,1024,1024,0,0,0,0,0,0,0,0,0,0,30,detection,
30477,13,8,1024,1024,0,0,0,0,0,0,0,0,0,0,30,detection,
30480,9,8,1024,1024,0,0,0,0,0,0,0,0,0,0,30,detection,
30487,25,8,1024,1024,0,0,0,0,0,0,0,0,0,0,30,detection,
30719,8,7,1024,1024,0,0,0,0,0,0,0,0,0,0,30,detection,
30728,20,7,1024,1024,0,0,0,0,0,0,0,0,0,0,30,detection,
30730,9,7,1024,1024,0,0,0,0,0,0,0,0,0,0,30,detection,
30770,3,7,1024,1024,0,0,0,0,0,0,0,0,0,0,30,detection,
31319,14,2,768,768,0,0,0,0,0,0,0,0,0,0,31,detection,
31352,20,2,768,768,0,0,0,0,0,0,0,0,0,0,31,detection,
31353,13,2,768,768,0,0,0,0,0,0,0,0,0,0,31,detection,
31357,9,2,768,768,0,0,0,0,0,0,0,0,0,0,31,detection,
31367,25,2,768,768,0,0,0,0,0,0,0,0,0,0,31,detection,
31373,7,2,768,768,0,0,0,0,0,0,0,0,0,0,31,detection,
31397,3,2,768,768,0,0,0,0,0,0,0,0,0,0,31,detection,
31457,2,22,1024,1024,0,0,0,0,0,0,0,0,0,0,31,detection,
31470,8,22,1024,1024,0,0,0,0,0,0,0,0,0,0,31,detection,
31473,27,22,1024,1024,0,0,0,0,0,0,0,0,0,0,31,detection,
31481,9,22,1024,1024,0,0,0,0,0,0,0,0,0,0,31,detection,
31481,13,22,1024,1024,0,0,0,0,0,0,0,0,0,0,31,detection,
31491,25,22,1024,1024,0,0,0,0,0,0,0,0,0,0,31,detection,
31507,21,22,1024,1024,0,0,0,0,0,0,0,0,0,0,31,detection,
31519,6,20,1024,1024,0,0,0,0,0,0,0,0,0,0,31,detection,
31605,13,20,1024,1024,0,0,0,0,0,0,0,0,0,0,31,detection,
31609,9,20,1024,1024,0,0,0,0,0,0,0,0,0,0,31,detection,
31624,7,20,1024,1024,0,0,0,0,0,0,0,0,0,0,31,detection,
32103,20,9,1024,1024,0,0,0,0,0,0,0,0,0,0,32,detection,
32563,23,19,1024,1024,0,0,0,0,0,0,0,0,0,0,32,detection,
32591,5,19,1024,1024,0,0,0,0,0,0,0,0,0,0,32,detection,
32615,28,19,1024,1024,0,0,0,0,0,0,0,0,0,0,32,detection,
32634,11,19,1024,1024,0,0,0,0,0,0,0,0,0,0,32,detection,
32980,19,5,1024,1024,0,0,0,0,0,0,0,0,0,0,32,detection,
32988,26,27,512,512,0,0,0,0,0,0,0,0,0,0,32,detection,
33005,21,27,512,512,0,0,0,0,0,0,0,0,0,0,33,detection,
33009,11,5,1024,1024,0,0,0,0,0,0,0,0,0,0,33,detection,
33023,15,5,1024,1024,0,0,0,0,0,0,0,0,0,0,33,detection,
33364,26,21,512,512,0,0,0,0,0,0,0,0,0,0,33,detection,
33410,1,21,512,512,0,0,0,0,0,0,0,0,0,0,33,detection,
33413,4,21,512,512,0,0,0,0,0,0,1,0,0,0,33,detection,
33681,18,4,512,512,0,0,0,0,0,0,1,0,0,0,33,detection,
33685,22,4,512,512,0,0,0,0,0,0,0,0,0,0,33,detection,
33687,23,4,512,512,0,0,0,0,0,0,0,0,0,0,33,detection,
33692,14,4,512,512,0,0,0,0,0,0,1,0,0,0,33,detection,
33706,2,4,512,512,0,0,0,0,0,0,0,0,0,0,33,detection,
33718,27,4,512,512,0,0,0,0,0,0,0,0,0,0,33,detection,
33719,8,4,512,512,0,0,0,0,0,0,0,0,0,0,33,detection,
33730,13,4,512,512,0,0,0,0,0,0,0,0,0,0,33,detection,
33731,9,4,512,512,0,0,0,0,0,0,0,0,0,0,33,detection,
33736,25,4,512,512,0,0,0,0,0,0,0,0,0,0,33,detection,
33747,7,4,512,512,0,0,0,0,0,0,0,0,0,0,33,detection,
33757,21,4,512,512,0,0,0,0,0,0,0,0,0,0,33,detection,
33770,3,4,512,512,0,0,0,0,0,0,0,0,0,0,33,detection,
33771,16,4,512,512,0,0,0,0,0,0,1,0,0,0,33,detection,
34427,10,14,1024,1024,0,0,0,0,0,0,0,0,0,0,34,detection,
34437,23,14,1024,1024,0,0,0,0,0,0,0,0,0,0,34,detection,
34464,5,14,1024,1024,0,0,0,0,0,0,0,0,0,0,34,detection,
34484,19,14,1024,1024,0,0,0,0,0,0,0,0,0,0,34,detection,
34525,12,14,1024,1024,0,0,0,0,0,0,0,0,0,0,34,detection,
35114,28,6,1280,1280,0,0,0,0,0,0,0,0,0,0,35,detection,
35126,24,6,1280,1280,0,0,0,0,0,0,0,0,0,0,35,detection,
35632,21,31,512,512,0,0,0,0,0,0,0,0,0,0,35,detection,
35676,1,31,512,512,0,0,0,0,0,0,0,0,0,0,35,detection,
35769,1,10,537,537,0,0,0,0,0,0,0,0,0,0,35,detection,
35791,4,10,537,537,0,0,0,0,0,0,7,0,0,0,35,detection,
35851,13,10,537,537,0,0,0,0,0,0,1,0,0,0,35,detection,
36004,1,12,537,537,0,0,0,0,0,0,0,0,0,0,36,detection,
36006,11,12,537,537,0,0,0,0,0,0,1,0,0,0,36,detection,
36189,23,28,1536,1536,0,0,0,0,0,0,0,0,0,0,36,detection,
36215,1,25,512,512,0,0,0,0,0,0,0,0,0,0,36,detection,
36222,27,25,512,512,0,0,0,0,0,0,0,0,0,0,36,detection,
36242,26,25,512,512,0,0,0,0,0,0,0,0,0,0,36,detection,
36273,12,25,512,512,0,0,0,0,0,0,0,0,0,0,36,detection,
36277,17,25,512,512,0,0,0,0,0,0,0,0,0,0,36,detection,
36341,5,23,768,768,0,0,0,0,0,0,0,0,0,0,36,detection,
36357,19,23,768,768,0,0,0,0,0,0,0,0,0,0,36,detection,
36365,28,23,768,768,0,0,0,0,0,0,0,0,0,0,36,detection,
36377,24,23,768,768,0,0,0,0,0,0,0,0,0,0,36,detection,
36394,6,23,768,768,0,0,0,0,0,0,0,0,0,0,36,detection,
36582,2,18,512,512,0,0,0,0,0,0,0,0,0,0,36,detection,
36595,8,18,512,512,0,0,0,0,0,0,0,0,0,0,36,detection,
36603,13,18,512,512,0,0,0,0,0,0,3,0,0,0,36,detection,
36645,12,18,512,512,0,0,0,0,0,0,0,0,0,0,36,detection,
36853,13,2,768,768,0,0,0,0,0,0,3,0,0,0,36,detection,
36857,9,2,768,768,0,0,0,0,0,0,1,0,0,0,36,detection,
37004,8,7,1024,1024,0,0,0,0,0,0,4,0,0,0,37,detection,
37084,2,30,512,512,0,0,0,0,0,0,0,0,0,0,37,detection,
37092,8,30,512,512,0,0,0,0,0,0,1,0,0,0,37,detection,
37095,27,30,512,512,0,0,0,0,0,0,0,0,0,0,37,detection,
37105,9,30,512,512,0,0,0,0,0,0,1,0,0,0,37,detection,
37113,25,30,512,512,0,0,0,0,0,0,0,0,0,0,37,detection,
37131,21,30,512,512,0,0,0,0,0,0,0,0,0,0,37,detection,
37144,16,30,512,512,0,0,0,0,0,0,5,0,0,0,37,detection,
37147,12,30,512,512,0,0,0,0,0,0,0,0,0,0,37,detection,
37161,4,30,512,512,0,0,0,0,0,0,7,0,0,0,37,detection,
37467,5,15,1024,1024,0,0,0,0,0,0,0,0,0,0,37,detection,
37484,19,15,1024,1024,0,0,0,0,0,0,0,0,0,0,37,detection,
37635,1,16,512,512,0,0,0,0,0,0,4,0,0,0,37,detection,
37664,4,16,512,512,0,0,0,0,0,0,14,0,0,0,37,detection,
37720,27,16,512,512,0,0,0,0,0,0,4,0,0,0,37,detection,
37754,21,16,512,512,0,0,0,0,0,0,4,0,0,0,37,detection,
38243,26,17,1024,1024,0,0,0,0,0,0,3,0,0,0,38,detection,
38477,5,11,1049,1049,0,0,0,0,0,0,0,0,0,0,38,detection,
38485,19,11,1049,1049,0,0,0,0,0,0,0,0,0,0,38,detection,
38522,12,11,1049,1049,0,0,0,0,0,0,0,0,0,0,38,detection,
38525,15,11,1049,1049,0,0,0,0,0,0,0,0,0,0,38,detection,
38605,20,24,1280,1280,0,0,0,0,0,0,0,0,0,0,38,detection,
38616,28,24,1280,1280,0,0,0,0,0,0,0,0,0,0,38,detection,
38644,6,24,1280,1280,0,0,0,0,0,0,0,0,0,0,38,detection,
39003,24,3,768,768,0,0,0,0,0,0,0,0,0,0,39,detection,
39022,6,3,768,768,0,0,0,0,0,0,0,0,0,0,39,detection,
39095,5,22,768,768,0,0,0,0,0,0,0,0,0,0,39,detection,
39107,20,3,768,768,0,0,0,0,0,0,0,0,0,0,39,detection,
39112,19,22,768,768,0,0,0,0,0,0,0,0,0,0,39,detection,
39135,11,22,768,768,0,0,0,0,0,0,0,0,0,0,39,detection,
39246,7,9,1024,1024,0,0,0,0,0,0,0,0,0,0,39,detection,
39754,24,20,1280,1280,0,0,0,0,0,0,0,0,0,0,39,detection,
39769,6,20,1280,1280,0,0,0,0,0,0,4,0,0,0,39,detection,
40530,17,8,1024,1024,0,0,0,0,0,0,0,0,0,0,40,detection,
40560,22,8,1024,1024,0,0,0,0,0,0,0,0,0,0,40,detection,
40572,14,8,1024,1024,0,0,0,0,0,0,0,0,0,0,40,detection,
40596,27,8,1024,1024,0,0,0,0,0,0,3,0,0,0,40,detection,
40613,25,8,1024,1024,0,0,0,0,0,0,9,0,0,0,40,detection,
40898,12,14,768,768,0,0,0,0,0,0,4,0,0,0,40,detection,
40935,10,14,768,768,0,0,0,0,0,0,6,0,0,0,40,detection,
40988,28,19,1280,1280,0,0,0,0,0,0,4,0,0,0,40,detection,
41010,11,19,1280,1280,0,0,0,0,0,0,3,0,0,0,41,detection,
41025,15,19,1280,1280,0,0,0,0,0,0,0,0,0,0,41,detection,
41028,12,19,1280,1280,0,0,0,0,0,0,0,0,0,0,41,detection,
41061,23,19,1280,1280,0,0,0,0,0,0,4,0,0,0,41,detection,
41089,5,19,1280,1280,0,0,0,0,0,0,4,0,0,0,41,detection,
42009,11,5,1024,1024,0,0,0,0,0,0,3,0,0,0,42,detection,
42026,15,5,1024,1024,0,0,0,0,0,0,4,0,0,0,42,detection,
43635,11,23,768,768,0,0,0,0,0,0,0,0,0,0,43,detection,
43696,14,23,768,768,0,0,0,0,0,0,0,0,0,0,43,detection,
43715,5,23,768,768,0,0,0,0,0,0,1,0,0,0,43,detection,
43732,19,23,768,768,0,0,0,0,0,0,1,0,0,0,43,detection,
44379,24,6,1280,1280,0,0,0,0,0,0,9,0,0,0,44,detection,
44622,7,8,1024,1024,0,0,0,0,0,0,0,0,0,0,44,detection,
44648,16,8,1024,1024,0,0,0,0,0,0,9,0,0,0,44,detection,
44652,17,8,1024,1024,0,0,0,0,0,0,4,0,0,0,44,detection,
44694,14,8,1024,1024,0,0,0,0,0,0,3,0,0,0,44,detection,
44707,2,8,1024,1024,0,0,0,0,0,0,5,0,0,0,44,detection,
44719,27,8,1024,1024,0,0,0,0,0,0,7,0,0,0,44,detection,
45127,1,16,512,512,0,0,0,0,0,0,5,0,0,0,45,detection,
45137,11,16,512,512,0,0,0,0,0,0,0,0,0,0,45,detection,
45182,10,16,512,512,0,0,0,0,0,0,14,0,0,0,45,detection,
45182,18,16,512,512,0,0,0,0,0,0,16,0,0,0,45,detection,
45186,22,16,512,512,0,0,0,0,0,0,9,0,0,0,45,detection,
45191,23,16,512,512,0,0,0,0,0,0,0,0,0,0,45,detection,
45195,14,16,512,512,0,0,0,0,0,0,7,0,0,0,45,detection,
45211,2,16,512,512,0,0,0,0,0,0,9,0,0,0,45,detection,
45220,8,16,512,512,0,0,0,0,0,0,12,0,0,0,45,detection,
45872,7,9,1024,1024,0,0,0,0,0,0,0,0,0,0,45,detection,
45901,15,11,1024,1024,0,0,0,0,0,0,4,0,0,0,45,detection,
46240,26,17,1024,1024,0,0,0,0,0,0,7,0,0,0,46,detection,
46603,9,4,512,512,0,0,0,0,0,0,4,0,0,0,46,detection,
46611,25,4,512,512,0,0,0,0,0,0,5,0,0,0,46,detection,
46619,7,4,512,512,0,0,0,0,0,0,1,0,0,0,46,detection,
46646,12,4,512,512,0,0,0,0,0,0,0,0,0,0,46,detection,
46646,16,4,512,512,0,0,0,0,0,0,5,0,0,0,46,detection,
46680,10,4,512,512,0,0,0,0,0,0,9,0,0,0,46,detection,
46681,22,4,512,512,0,0,0,0,0,0,3,0,0,0,46,detection,
46681,18,4,512,512,0,0,0,0,0,0,11,0,0,0,46,detection,
46687,23,4,512,512,0,0,0,0,0,0,0,0,0,0,46,detection,
46693,14,4,512,512,0,0,0,0,0,0,1,0,0,0,46,detection,
46706,2,4,512,512,0,0,0,0,0,0,3,0,0,0,46,detection,
46719,8,4,512,512,0,0,0,0,0,0,8,0,0,0,46,detection,
46755,24,20,1280,1280,0,0,0,0,0,0,4,0,0,0,46,detection,
46771,6,20,1280,1280,0,0,0,0,0,0,10,0,0,0,46,detection,
47139,1,31,512,512,0,0,0,0,0,0,0,0,0,0,47,detection,
47261,11,31,512,512,0,0,0,0,0,0,1,0,0,0,47,detection,
47591,5,15,1536,1536,0,0,0,0,0,0,4,0,0,0,47,detection,
48375,7,29,768,768,0,0,0,0,0,0,0,0,0,0,48,detection,
48592,5,22,768,768,0,0,0,0,0,0,0,0,0,0,48,detection,
48633,11,22,768,768,0,0,0,0,0,0,2,0,0,0,48,detection,
48693,14,18,537,537,0,0,0,0,0,0,1,0,0,0,48,detection,
48727,20,3,768,768,0,0,0,0,0,0,1,0,0,0,48,detection,
49109,9,13,742,742,0,0,0,0,0,0,13,0,0,0,49,detection,
49114,19,13,742,742,0,0,0,0,0,0,0,0,0,0,49,detection,
49115,28,13,742,742,0,0,0,0,0,0,0,0,0,0,49,detection,
49128,24,13,742,742,0,0,0,0,0,0,0,0,0,0,49,detection,
49148,16,13,742,742,0,0,0,0,0,0,11,0,0,0,49,detection,
49183,18,13,742,742,0,0,0,0,0,0,17,0,0,0,49,detection,
49183,10,13,742,742,0,0,0,0,0,0,13,0,0,0,49,detection,
49183,22,13,742,742,0,0,0,0,0,0,7,0,0,0,49,detection,
49193,23,13,742,742,0,0,0,0,0,0,0,0,0,0,49,detection,
49353,20,24,1280,1280,0,0,0,0,0,0,4,0,0,0,49,detection,
49372,7,9,1024,1024,0,0,0,0,0,0,3,0,0,0,49,detection,
49394,6,24,1280,1280,0,0,0,0,0,0,4,0,0,0,49,detection,
49711,1,12,537,537,0,0,0,0,0,0,0,0,0,0,49,detection,
49716,5,12,537,537,0,0,0,0,0,0,3,0,0,0,49,detection,
49758,11,12,537,537,0,0,0,0,0,0,3,0,0,0,49,detection,
49979,20,6,1280,1280,0,0,0,0,0,0,0,0,0,0,49,detection,
49998,7,2,768,768,0,0,0,0,0,0,1,0,0,0,49,detection,
50106,9,2,768,768,0,0,0,0,0,0,10,0,0,0,50,detection,
50690,23,11,1024,1024,0,0,0,0,0,0,0,0,0,0,50,detection,
50719,5,11,1024,1024,0,0,0,0,0,0,4,0,0,0,50,detection,
50903,17,8,1024,1024,0,0,0,0,0,0,6,0,0,0,50,detection,
50993,26,8,1024,1024,0,0,0,0,0,0,0,0,0,0,50,detection,
50996,7,8,1024,1024,0,0,0,0,0,0,0,0,0,0,50,detection,
52115,26,17,1024,1024,0,0,0,0,0,0,11,0,0,0,52,detection,
52238,25,30,563,563,0,0,0,0,0,0,9,0,0,0,52,detection,
52264,11,30,563,563,0,0,0,0,0,0,0,0,0,0,52,detection,
52269,16,30,563,563,0,0,0,0,0,0,7,0,0,0,52,detection,
52276,17,26,512,512,0,0,0,0,0,0,3,0,0,0,52,detection,
52290,4,30,563,563,0,0,0,0,0,0,13,0,0,0,52,detection,
52308,18,30,563,563,0,0,0,0,0,0,15,0,0,0,52,detection,
52345,1,26,512,512,0,0,0,0,0,0,0,0,0,0,52,detection,
53021,6,20,1280,1280,0,0,0,0,0,0,10,0,0,0,53,detection,
53605,13,10,534,534,0,0,0,0,0,0,11,0,0,0,53,detection,
53649,16,10,534,534,0,0,0,0,0,0,11,0,0,0,53,detection,
53721,8,10,534,534,0,0,0,0,0,0,16,0,0,0,53,detection,
53747,1,25,512,512,0,0,0,0,0,0,0,0,0,0,53,detection,
53866,26,25,512,512,0,0,0,0,0,0,0,0,0,0,53,detection,
54569,23,15,1792,1792,0,0,0,0,0,0,0,0,0,0,54,detection,
55979,20,3,1024,1024,0,0,0,0,0,0,10,0,0,0,55,detection,
56373,7,8,1024,1024,0,0,0,0,0,0,3,0,0,0,56,detection,
56403,17,8,1024,1024,0,0,0,0,0,0,10,0,0,0,56,detection,
56471,27,8,1024,1024,0,0,0,0,0,0,12,0,0,0,56,detection,
56483,9,8,1024,1024,0,0,0,0,0,0,17,0,0,0,56,detection,
57321,14,23,768,768,0,0,0,0,0,0,0,0,0,0,57,detection,
57854,20,6,1484,1484,0,0,0,0,0,0,5,0,0,0,57,detection,
58400,15,11,1075,1075,0,0,0,0,0,0,10,0,0,0,58,detection,
58742,26,17,1024,1024,0,0,0,0,0,0,15,0,0,0,58,detection,
59499,7,9,1024,1024,0,0,0,0,0,0,7,0,0,0,59,detection,
59502,26,9,1024,1024,0,0,0,0,0,0,0,0,0,0,59,detection,
62119,26,7,998,998,0,0,0,0,0,0,0,0,0,0,62,detection,
62605,20,3,998,998,0,0,0,0,0,0,11,0,0,0,62,detection,
63992,28,5,790,790,0,0,0,0,0,0,0,0,0,0,63,detection,
64004,24,5,790,790,0,0,0,0,0,0,0,0,0,0,64,detection,
64013,11,5,790,790,0,0,0,0,0,0,14,0,0,0,64,detection,
64023,15,5,790,790,0,0,0,0,0,0,14,0,0,0,64,detection,
65018,6,20,1536,1536,0,0,0,0,0,0,14,0,0,0,65,detection,
65231,20,6,1438,1438,0,0,0,0,0,0,7,0,0,0,65,detection,
66007,24,11,1331,1331,0,0,0,0,0,0,0,0,0,0,66,detection,
66022,12,11,1331,1331,0,0,0,0,0,0,8,0,0,0,66,detection,
66066,23,11,1331,1331,0,0,0,0,0,0,6,0,0,0,66,detection,
66092,5,11,1331,1331,0,0,0,0,0,0,15,0,0,0,66,detection,
66118,28,11,1331,1331,0,0,0,0,0,0,0,0,0,0,66,detection,
68618,26,9,768,768,0,0,0,0,0,0,4,0,0,0,68,detection,
68621,7,9,768,768,0,0,0,0,0,0,9,0,0,0,68,detection,
69372,7,8,1024,1024,0,0,0,0,0,0,7,0,0,0,69,detection,
69402,17,8,1024,1024,0,0,0,0,0,0,14,0,0,0,69,detection,
70147,3,10,762,762,0,0,0,0,0,0,13,0,0,0,70,detection,
70162,4,10,762,762,0,0,0,0,0,0,19,0,0,0,70,detection,
70183,18,10,762,762,0,0,0,0,0,0,19,0,0,0,70,detection,
70183,22,10,762,762,0,0,0,0,0,0,10,0,0,0,70,detection,
70196,14,10,762,762,0,0,0,0,0,0,5,0,0,0,70,detection,
70230,1,12,534,534,0,0,0,0,0,0,0,0,0,0,70,detection,
70263,11,12,534,534,0,0,0,0,0,0,8,0,0,0,70,detection,
70773,15,5,1018,1018,0,0,0,0,0,0,17,0,0,0,70,detection,
70856,19,5,1018,1018,0,0,0,0,0,0,12,0,0,0,70,detection,
72521,6,4,1135,1135,0,0,0,0,0,0,0,0,0,0,72,detection,
72558,10,4,1135,1135,0,0,0,0,0,0,31,0,0,0,72,detection,
72572,14,4,1135,1135,0,0,0,0,0,0,20,0,0,0,72,detection,
72679,18,16,742,742,0,0,0,0,0,0,18,0,0,0,72,detection,
72684,22,16,742,742,0,0,0,0,0,0,11,0,0,0,72,detection,
72692,23,16,742,742,0,0,0,0,0,0,5,0,0,0,72,detection,
72807,10,31,512,512,0,0,0,0,0,0,13,0,0,0,72,detection,
72808,18,31,512,512,0,0,0,0,0,0,15,0,0,0,72,detection,
72811,22,31,512,512,0,0,0,0,0,0,8,0,0,0,72,detection,
72829,14,31,512,512,0,0,0,0,0,0,1,0,0,0,72,detection,
73230,13,2,768,768,0,0,0,0,0,0,15,0,0,0,73,detection,
73523,6,19,1024,1024,0,0,0,0,0,0,0,0,0,0,73,detection,
74365,28,11,1046,1046,0,0,0,0,0,0,4,0,0,0,74,detection,
76117,28,29,768,768,0,0,0,0,0,0,0,0,0,0,76,detection,
76134,24,29,768,768,0,0,0,0,0,0,0,0,0,0,76,detection,
76848,1,13,1135,1135,0,0,0,0,0,0,13,0,0,0,76,detection,
76894,16,13,1135,1135,0,0,0,0,0,0,24,0,0,0,76,detection,
76904,15,13,1135,1135,0,0,0,0,0,0,0,0,0,0,76,detection,
76933,18,13,1135,1135,0,0,0,0,0,0,24,0,0,0,76,detection,
76936,22,13,1135,1135,0,0,0,0,0,0,21,0,0,0,76,detection,
76937,10,13,1135,1135,0,0,0,0,0,0,24,0,0,0,76,detection,
76942,23,13,1135,1135,0,0,0,0,0,0,4,0,0,0,76,detection,
76962,2,13,1135,1135,0,0,0,0,0,0,26,0,0,0,76,detection,
78526,16,18,926,926,0,0,0,0,0,0,23,0,0,0,78,detection,
78527,15,18,926,926,0,0,0,0,0,0,0,0,0,0,78,detection,
78807,18,30,782,782,0,0,0,0,0,0,19,0,0,0,78,detection,
78808,22,30,782,782,0,0,0,0,0,0,16,0,0,0,78,detection,
78837,2,30,782,782,0,0,0,0,0,0,20,0,0,0,78,detection,
78901,16,30,782,782,0,0,0,0,0,0,19,0,0,0,78,detection,
78904,15,30,782,782,0,0,0,0,0,0,0,0,0,0,78,detection,
79281,17,26,512,512,0,0,0,0,0,0,12,0,0,0,79,detection,
79313,1,26,512,512,0,0,0,0,0,0,0,0,0,0,79,detection,
79489,1,25,512,512,0,0,0,0,0,0,0,0,0,0,79,detection,
79596,27,25,512,512,0,0,0,0,0,0,7,0,0,0,79,detection,
79841,5,15,1294,1294,0,0,0,0,0,0,18,0,0,0,79,detection,
80241,28,5,1018,1018,0,0,0,0,0,0,0,0,0,0,80,detection,
80257,24,5,1018,1018,0,0,0,0,0,0,0,0,0,0,80,detection,
80272,6,5,1018,1018,0,0,0,0,0,0,0,0,0,0,80,detection,
80294,15,5,1018,1018,0,0,0,0,0,0,19,0,0,0,80,detection,
81121,7,9,768,768,0,0,0,0,0,0,14,0,0,0,81,detection,
81395,12,11,790,790,0,0,0,0,0,0,27,0,0,0,81,detection,
82106,9,8,998,998,0,0,0,0,0,0,26,0,0,0,82,detection,
82123,7,8,998,998,0,0,0,0,0,0,11,0,0,0,82,detection,
82153,17,8,998,998,0,0,0,0,0,0,22,0,0,0,82,detection,
82529,17,21,512,512,0,0,0,0,0,0,12,0,0,0,82,detection,
82622,26,21,512,512,0,0,0,0,0,0,7,0,0,0,82,detection,
83870,26,17,768,768,0,0,0,0,0,0,26,0,0,0,83,detection,
85018,3,4,1024,1024,0,0,0,0,0,0,17,0,0,0,85,detection,
85022,6,4,1024,1024,0,0,0,0,0,0,6,0,0,0,85,detection,
85053,10,4,1024,1024,0,0,0,0,0,0,31,0,0,0,85,detection,
85069,14,4,1024,1024,0,0,0,0,0,0,21,0,0,0,85,detection,
86467,5,22,1280,1280,0,0,0,0,0,0,19,0,0,0,86,detection,
86484,19,22,1280,1280,0,0,0,0,0,0,15,0,0,0,86,detection,
87854,20,3,1274,1274,0,0,0,0,0,0,17,0,0,0,87,detection,
87896,6,3,1274,1274,0,0,0,0,0,0,7,0,0,0,87,detection,
89949,14,10,1151,1151,0,0,0,0,0,0,16,0,0,0,89,detection,
90142,3,4,1075,1075,0,0,0,0,0,0,22,0,0,0,90,detection,
90194,14,4,1075,1075,0,0,0,0,0,0,25,0,0,0,90,detection,
90843,5,15,1182,1182,0,0,0,0,0,0,26,0,0,0,90,detection,
91243,28,6,1530,1530,0,0,0,0,0,0,11,0,0,0,91,detection,
93505,24,11,790,790,0,0,0,0,0,0,14,0,0,0,93,detection,
93773,6,3,1274,1274,0,0,0,0,0,0,7,0,0,0,93,detection,
93855,20,3,1274,1274,0,0,0,0,0,0,17,0,0,0,93,detection,
95491,28,24,1280,1280,0,0,0,0,0,0,7,0,0,0,95,detection,
95597,5,19,1254,1254,0,0,0,0,0,0,24,0,0,0,95,detection,
96898,6,28,998,998,0,0,0,0,0,0,0,0,0,0,96,detection,
98270,6,4,1305,1305,0,0,0,0,0,0,13,0,0,0,98,detection,
98283,17,4,1305,1305,0,0,0,0,0,0,24,0,0,0,98,detection,
98325,14,4,1305,1305,0,0,0,0,0,0,33,0,0,0,98,detection,
98727,20,6,1536,1536,0,0,0,0,0,0,13,0,0,0,98,detection,
98738,28,6,1536,1536,0,0,0,0,0,0,15,0,0,0,98,detection,
99859,19,22,1510,1510,0,0,0,0,0,0,25,0,0,0,99,detection,
99961,2,22,1510,1510,0,0,0,0,0,0,19,0,0,0,99,detection,
101271,6,20,1510,1510,0,0,0,0,0,0,23,0,0,0,101,detection,
105356,20,6,1280,1280,0,0,0,0,0,0,16,0,0,0,105,detection,
105898,6,5,1248,1248,0,0,0,0,0,0,6,0,0,0,105,detection,
105902,15,5,1248,1248,0,0,0,0,0,0,23,0,0,0,105,detection,
105987,19,5,1248,1248,0,0,0,0,0,0,21,0,0,0,105,detection,
106521,3,4,1049,1049,0,0,0,0,0,0,31,0,0,0,106,detection,
106522,6,4,1049,1049,0,0,0,0,0,0,17,0,0,0,106,detection,
106527,17,4,1049,1049,0,0,0,0,0,0,27,0,0,0,106,detection,
106561,18,4,1049,1049,0,0,0,0,0,0,18,0,0,0,106,detection,
106989,25,22,1458,1458,0,0,0,0,0,0,19,0,0,0,106,detection,
107498,7,9,819,819,0,0,0,0,0,0,16,0,0,0,107,detection,
108856,20,3,1510,1510,0,0,0,0,0,0,21,0,0,0,108,detection,
108894,6,3,1510,1510,0,0,0,0,0,0,11,0,0,0,108,detection,
109363,19,15,1412,1412,0,0,0,0,0,0,19,0,0,0,109,detection,
113842,5,19,1561,1561,0,0,0,0,0,0,31,0,0,0,113,detection,
113870,28,19,1561,1561,0,0,0,0,0,0,16,0,0,0,113,detection,
113897,6,19,1561,1561,0,0,0,0,0,0,11,0,0,0,113,detection,
113902,15,19,1561,1561,0,0,0,0,0,0,15,0,0,0,113,detection,
114617,26,17,768,768,0,0,0,0,0,0,33,0,0,0,114,detection,
115476,20,8,998,998,0,0,0,0,0,0,14,0,0,0,115,detection,
115481,9,8,998,998,0,0,0,0,0,0,26,0,0,0,115,detection,
115502,26,8,998,998,0,0,0,0,0,0,18,0,0,0,115,detection,
115531,17,8,998,998,0,0,0,0,0,0,29,0,0,0,115,detection,
115562,22,8,998,998,0,0,0,0,0,0,24,0,0,0,115,detection,
115583,2,8,998,998,0,0,0,0,0,0,22,0,0,0,115,detection,
116144,3,4,1049,1049,0,0,0,0,0,0,36,0,0,0,116,detection,
116149,6,4,1049,1049,0,0,0,0,0,0,21,0,0,0,116,detection,
116153,17,4,1049,1049,0,0,0,0,0,0,28,0,0,0,116,detection,
116179,18,4,1049,1049,0,0,0,0,0,0,18,0,0,0,116,detection,
116187,22,4,1049,1049,0,0,0,0,0,0,24,0,0,0,116,detection,
116221,8,4,1049,1049,0,0,0,0,0,0,23,0,0,0,116,detection,
116233,9,4,1049,1049,0,0,0,0,0,0,22,0,0,0,116,detection,
117022,6,20,1561,1561,0,0,0,0,0,0,27,0,0,0,117,detection,
117730,20,3,1254,1254,0,0,0,0,0,0,17,0,0,0,117,detection,
118209,2,22,1458,1458,0,0,0,0,0,0,19,0,0,0,118,detection,
118221,8,22,1458,1458,0,0,0,0,0,0,24,0,0,0,118,detection,
118234,13,22,1458,1458,0,0,0,0,0,0,19,0,0,0,118,detection,
119468,5,19,1305,1305,0,0,0,0,0,0,34,0,0,0,119,detection,
119523,6,19,1305,1305,0,0,0,0,0,0,12,0,0,0,119,detection,
119541,4,16,1135,1135,0,0,0,0,0,0,29,0,0,0,119,detection,
120395,16,30,985,985,0,0,0,0,0,0,24,0,0,0,120,detection,
120399,15,30,985,985,0,0,0,0,0,0,7,0,0,0,120,detection,
121313,1,31,905,905,0,0,0,0,0,0,10,0,0,0,121,detection,
121387,21,31,905,905,0,0,0,0,0,0,23,0,0,0,121,detection,
121430,10,31,905,905,0,0,0,0,0,0,24,0,0,0,121,detection,
121489,1,10,1087,1087,0,0,0,0,0,0,14,0,0,0,121,detection,
121510,21,10,1087,1087,0,0,0,0,0,0,27,0,0,0,121,detection,
121531,17,10,1087,1087,0,0,0,0,0,0,32,0,0,0,121,detection,
123980,20,6,1510,1510,0,0,0,0,0,0,24,0,0,0,123,detection,
123993,28,6,1510,1510,0,0,0,0,0,0,30,0,0,0,123,detection,
124524,6,28,768,768,0,0,0,0,0,0,4,0,0,0,124,detection,
124997,28,11,790,790,0,0,0,0,0,0,27,0,0,0,124,detection,
125023,12,11,790,790,0,0,0,0,0,0,32,0,0,0,125,detection,
125030,15,11,790,790,0,0,0,0,0,0,30,0,0,0,125,detection,
126237,19,5,1561,1561,0,0,0,0,0,0,31,0,0,0,126,detection,
127508,24,23,998,998,0,0,0,0,0,0,18,0,0,0,127,detection,
128104,9,4,1024,1024,0,0,0,0,0,0,26,0,0,0,128,detection,
128116,25,4,1024,1024,0,0,0,0,0,0,18,0,0,0,128,detection,
128147,16,4,1024,1024,0,0,0,0,0,0,18,0,0,0,128,detection,
128151,12,4,1024,1024,0,0,0,0,0,0,18,0,0,0,128,detection,
128152,17,4,1024,1024,0,0,0,0,0,0,32,0,0,0,128,detection,
128182,10,4,1024,1024,0,0,0,0,0,0,36,0,0,0,128,detection,
128182,18,4,1024,1024,0,0,0,0,0,0,22,0,0,0,128,detection,
128186,22,4,1024,1024,0,0,0,0,0,0,30,0,0,0,128,detection,
128211,2,4,1024,1024,0,0,0,0,0,0,18,0,0,0,128,detection,
128458,2,22,1280,1280,0,0,0,0,0,0,23,0,0,0,128,detection,
128481,13,22,1280,1280,0,0,0,0,0,0,23,0,0,0,128,detection,
128514,11,22,1280,1280,0,0,0,0,0,0,29,0,0,0,128,detection,
130844,1,13,1135,1135,0,0,0,0,0,0,8,0,0,0,130,detection,
132957,2,22,1024,1024,0,0,0,0,0,0,27,0,0,0,132,detection,
132970,27,22,1024,1024,0,0,0,0,0,0,17,0,0,0,132,detection,
132978,13,22,1024,1024,0,0,0,0,0,0,27,0,0,0,132,detection,
134396,6,3,1024,1024,0,0,0,0,0,0,13,0,0,0,134,detection,
134468,27,25,742,742,0,0,0,0,0,0,14,0,0,0,134,detection,
134536,12,25,742,742,0,0,0,0,0,0,19,0,0,0,134,detection,
135111,9,20,1280,1280,0,0,0,0,0,0,27,0,0,0,135,detection,
135144,6,20,1280,1280,0,0,0,0,0,0,23,0,0,0,135,detection,
135666,4,18,1080,1080,0,0,0,0,0,0,33,0,0,0,135,detection,
135683,10,18,1080,1080,0,0,0,0,0,0,27,0,0,0,135,detection,
135713,2,18,1080,1080,0,0,0,0,0,0,31,0,0,0,135,detection,
135760,21,18,1080,1080,0,0,0,0,0,0,27,0,0,0,135,detection,
135776,16,18,1080,1080,0,0,0,0,0,0,22,0,0,0,135,detection,
136057,22,4,1024,1024,0,0,0,0,0,0,30,0,0,0,136,detection,
136066,18,4,1024,1024,0,0,0,0,0,0,22,0,0,0,136,detection,
136083,2,4,1024,1024,0,0,0,0,0,0,18,0,0,0,136,detection,
136099,27,4,1024,1024,0,0,0,0,0,0,14,0,0,0,136,detection,
136113,25,4,1024,1024,0,0,0,0,0,0,18,0,0,0,136,detection,
136121,7,4,1024,1024,0,0,0,0,0,0,14,0,0,0,136,detection,
136142,3,4,1024,1024,0,0,0,0,0,0,40,0,0,0,136,detection,
136147,6,4,1024,1024,0,0,0,0,0,0,27,0,0,0,136,detection,
136147,12,4,1024,1024,0,0,0,0,0,0,18,0,0,0,136,detection,
136151,17,4,1024,1024,0,0,0,0,0,0,32,0,0,0,136,detection,
137624,1,21,742,742,0,0,0,0,0,0,4,0,0,0,137,detection,
137653,17,21,742,742,0,0,0,0,0,0,24,0,0,0,137,detection,
137683,10,21,742,742,0,0,0,0,0,0,19,0,0,0,137,detection,
137687,22,21,742,742,0,0,0,0,0,0,26,0,0,0,137,detection,
138854,20,6,1305,1305,0,0,0,0,0,0,29,0,0,0,138,detection,
139846,5,14,1023,1023,0,0,0,0,0,0,23,0,0,0,139,detection,
139863,19,14,1023,1023,0,0,0,0,0,0,22,0,0,0,139,detection,
140024,6,28,1302,1302,0,0,0,0,0,0,19,0,0,0,140,detection,
140148,6,19,1280,1280,0,0,0,0,0,0,23,0,0,0,140,detection,
140790,4,12,531,531,0,0,0,0,0,0,22,0,0,0,140,detection,
141951,14,8,1280,1280,0,0,0,0,0,0,22,0,0,0,141,detection,
141989,26,8,1280,1280,0,0,0,0,0,0,22,0,0,0,141,detection,
143558,10,4,1043,1043,0,0,0,0,0,0,37,0,0,0,143,detection,
143558,18,4,1043,1043,0,0,0,0,0,0,26,0,0,0,143,detection,
143559,22,4,1043,1043,0,0,0,0,0,0,37,0,0,0,143,detection,
143571,23,4,1043,1043,0,0,0,0,0,0,19,0,0,0,143,detection,
143593,27,4,1043,1043,0,0,0,0,0,0,23,0,0,0,143,detection,
143614,25,4,1043,1043,0,0,0,0,0,0,27,0,0,0,143,detection,
143622,7,4,1043,1043,0,0,0,0,0,0,24,0,0,0,143,detection,
143644,21,4,1043,1043,0,0,0,0,0,0,24,0,0,0,143,detection,
143649,12,4,1043,1043,0,0,0,0,0,0,27,0,0,0,143,detection,
146234,9,8,1280,1280,0,0,0,0,0,0,29,0,0,0,146,detection,
146243,26,8,1280,1280,0,0,0,0,0,0,23,0,0,0,146,detection,
146243,25,8,1280,1280,0,0,0,0,0,0,22,0,0,0,146,detection,
146321,14,8,1280,1280,0,0,0,0,0,0,22,0,0,0,146,detection,
147147,3,7,998,998,0,0,0,0,0,0,28,0,0,0,147,detection,
147232,20,7,998,998,0,0,0,0,0,0,28,0,0,0,147,detection,
149125,7,29,1038,1038,0,0,0,0,0,0,11,0,0,0,149,detection,
149355,13,22,1024,1024,0,0,0,0,0,0,29,0,0,0,149,detection,
149384,21,22,1024,1024,0,0,0,0,0,0,23,0,0,0,149,detection,
152182,22,4,994,994,0,0,0,0,0,0,34,0,0,0,152,detection,
152233,13,4,994,994,0,0,0,0,0,0,22,0,0,0,152,detection,
152248,7,4,994,994,0,0,0,0,0,0,28,0,0,0,152,detection,
152255,21,4,994,994,0,0,0,0,0,0,23,0,0,0,152,detection,
152271,3,4,994,994,0,0,0,0,0,0,39,0,0,0,152,detection,
152272,12,4,994,994,0,0,0,0,0,0,27,0,0,0,152,detection,
152276,17,4,994,994,0,0,0,0,0,0,35,0,0,0,152,detection,
153602,20,7,998,998,0,0,0,0,0,0,28,0,0,0,153,detection,
153646,3,7,998,998,0,0,0,0,0,0,29,0,0,0,153,detection,
154354,13,22,1043,1043,0,0,0,0,0,0,31,0,0,0,154,detection,
156354,20,3,1024,1024,0,0,0,0,0,0,27,0,0,0,156,detection,
158117,20,6,1279,1279,0,0,0,0,0,0,31,0,0,0,158,detection,
158195,14,8,1302,1302,0,0,0,0,0,0,26,0,0,0,158,detection,
158237,25,8,1302,1302,0,0,0,0,0,0,26,0,0,0,158,detection,
158241,26,8,1302,1302,0,0,0,0,0,0,28,0,0,0,158,detection,
159511,11,12,1024,1024,0,0,0,0,0,0,28,0,0,0,159,detection,
159531,15,12,1024,1024,0,0,0,0,0,0,29,0,0,0,159,detection,
159537,4,12,1024,1024,0,0,0,0,0,0,31,0,0,0,159,detection,
161605,13,4,1466,1466,0,0,0,0,0,0,20,0,0,0,161,detection,
161641,21,4,1466,1466,0,0,0,0,0,0,22,0,0,0,161,detection,
161651,17,4,1466,1466,0,0,0,0,0,0,30,0,0,0,161,detection,
161689,22,4,1466,1466,0,0,0,0,0,0,35,0,0,0,161,detection,
162118,26,9,1535,1535,0,0,0,0,0,0,25,0,0,0,162,detection,
162146,12,11,768,768,0,0,0,0,0,0,38,0,0,0,162,detection,
162151,15,11,768,768,0,0,0,0,0,0,40,0,0,0,162,detection,
163729,9,8,1302,1302,0,0,0,0,0,0,36,0,0,0,163,detection,
163819,14,8,1302,1302,0,0,0,0,0,0,26,0,0,0,163,detection,
165252,7,20,1302,1302,0,0,0,0,0,0,22,0,0,0,165,detection,
165261,24,20,1302,1302,0,0,0,0,0,0,23,0,0,0,165,detection,
165753,24,3,1254,1254,0,0,0,0,0,0,24,0,0,0,165,detection,
168884,11,12,993,993,0,0,0,0,0,0,30,0,0,0,168,detection,
169604,9,8,1791,1791,0,0,0,0,0,0,40,0,0,0,169,detection,
169613,25,8,1791,1791,0,0,0,0,0,0,31,0,0,0,169,detection,
169616,26,8,1791,1791,0,0,0,0,0,0,36,0,0,0,169,detection,
170117,26,9,1535,1535,0,0,0,0,0,0,26,0,0,0,170,detection,
170897,12,11,1026,1026,0,0,0,0,0,0,35,0,0,0,170,detection,
170902,15,11,1026,1026,0,0,0,0,0,0,39,0,0,0,170,detection,
175940,23,19,1815,1815,0,0,0,0,0,0,24,0,0,0,175,detection,
178229,20,6,1279,1279,0,0,0,0,0,0,36,0,0,0,178,detection,
178258,24,6,1279,1279,0,0,0,0,0,0,31,0,0,0,178,detection,
180511,11,12,993,993,0,0,0,0,0,0,29,0,0,0,180,detection,
180525,15,12,993,993,0,0,0,0,0,0,28,0,0,0,180,detection,
183563,23,19,1817,1817,0,0,0,0,0,0,27,0,0,0,183,detection,
184108,20,9,1766,1766,0,0,0,0,0,0,28,0,0,0,184,detection,
184117,26,9,1766,1766,0,0,0,0,0,0,32,0,0,0,184,detection,
186005,21,4,1254,1254,0,0,0,0,0,0,26,0,0,0,186,detection,
187239,19,22,998,998,0,0,0,0,0,0,46,0,0,0,187,detection,
191806,18,4,1254,1254,0,0,0,0,0,0,29,0,0,0,191,detection,
192152,6,20,1561,1561,0,0,0,0,0,0,45,0,0,0,192,detection,
192231,9,20,1561,1561,0,0,0,0,0,0,37,0,0,0,192,detection,
196064,23,19,1817,1817,0,0,0,0,0,0,31,0,0,0,196,detection,
198228,20,6,1509,1509,0,0,0,0,0,0,41,0,0,0,198,detection,
198960,1,26,1510,1510,0,0,0,0,0,0,8,0,0,0,198,detection,
199023,16,26,1510,1510,0,0,0,0,0,0,23,0,0,0,199,detection,
199031,17,26,1510,1510,0,0,0,0,0,0,28,0,0,0,199,detection,
199148,6,20,1561,1561,0,0,0,0,0,0,46,0,0,0,199,detection,
199255,24,20,1561,1561,0,0,0,0,0,0,32,0,0,0,199,detection,
202942,23,19,1817,1817,0,0,0,0,0,0,31,0,0,0,202,detection,
204871,26,27,1510,1510,0,0,0,0,0,0,32,0,0,0,204,detection,
205941,23,19,1924,1924,0,0,0,0,0,0,35,0,0,0,205,detection,
206056,18,4,1254,1254,0,0,0,0,0,0,29,0,0,0,206,detection,
206357,20,24,1506,1506,0,0,0,0,0,0,32,0,0,0,206,detection,
206370,28,24,1506,1506,0,0,0,0,0,0,30,0,0,0,206,detection,
210990,19,23,1254,1254,0,0,0,0,0,0,34,0,0,0,210,detection,
211027,6,23,1254,1254,0,0,0,0,0,0,33,0,0,0,211,detection,
211398,24,5,1817,1817,0,0,0,0,0,0,29,0,0,0,211,detection,
211494,28,5,1817,1817,0,0,0,0,0,0,29,0,0,0,211,detection,
212352,1,26,1510,1510,0,0,0,0,0,0,9,0,0,0,212,detection,
212395,16,26,1510,1510,0,0,0,0,0,0,22,0,0,0,212,detection,
212404,17,26,1510,1510,0,0,0,0,0,0,29,0,0,0,212,detection,
216399,6,20,1760,1760,0,0,0,0,0,0,51,0,0,0,216,detection,
217016,1,12,1254,1254,0,0,0,0,0,0,7,0,0,0,217,detection,
217037,4,12,1254,1254,0,0,0,0,0,0,35,0,0,0,217,detection,
219469,5,22,1435,1435,0,0,0,0,0,0,40,0,0,0,219,detection,
219470,8,22,1435,1435,0,0,0,0,0,0,33,0,0,0,219,detection,
219474,27,22,1435,1435,0,0,0,0,0,0,30,0,0,0,219,detection,
220510,1,21,596,596,0,0,0,0,0,0,3,0,0,0,220,detection,
220526,17,21,596,596,0,0,0,0,0,0,23,0,0,0,220,detection,
220540,4,21,596,596,0,0,0,0,0,0,24,0,0,0,220,detection,
221259,24,11,1592,1592,0,0,0,0,0,0,34,0,0,0,221,detection,
226399,12,4,1108,1108,0,0,0,0,0,0,34,0,0,0,226,detection,
228789,4,13,1043,1043,0,0,0,0,0,0,33,0,0,0,228,detection,
229374,7,20,1833,1833,0,0,0,0,0,0,28,0,0,0,229,detection,
229480,13,4,1108,1108,0,0,0,0,0,0,25,0,0,0,229,detection,
229482,9,4,1108,1108,0,0,0,0,0,0,40,0,0,0,229,detection,
229522,12,4,1108,1108,0,0,0,0,0,0,29,0,0,0,229,detection,
229526,17,4,1108,1108,0,0,0,0,0,0,34,0,0,0,229,detection,
230899,6,23,1510,1510,0,0,0,0,0,0,36,0,0,0,230,detection,
232219,5,12,1108,1108,0,0,0,0,0,0,33,0,0,0,232,detection,
238244,26,9,1389,1389,0,0,0,0,0,0,37,0,0,0,238,detection,
238251,7,9,1389,1389,0,0,0,0,0,0,27,0,0,0,238,detection,
240367,28,5,1620,1620,0,0,0,0,0,0,34,0,0,0,240,detection,
240395,24,5,1620,1620,0,0,0,0,0,0,33,0,0,0,240,detection,
240404,15,5,1620,1620,0,0,0,0,0,0,40,0,0,0,240,detection,
240907,12,30,276,1168,-892,92,100,100,100,10,38,0,72,55,240,detection,
241604,13,4,1063,1063,0,0,0,0,0,0,26,0,0,0,241,detection,
241646,12,4,1063,1063,0,0,0,0,0,0,30,0,0,0,241,detection,
241651,17,4,1063,1063,0,0,0,0,0,0,33,0,0,0,241,detection,
243269,16,26,1620,1620,0,0,0,0,0,0,25,0,0,0,243,detection,
244404,15,19,1364,1364,0,0,0,0,0,0,36,0,0,0,244,detection,
246308,22,21,632,632,0,0,0,0,0,0,27,0,0,0,246,detection,
246813,22,10,1254,1254,0,0,0,0,0,0,32,0,0,0,246,detection,
247123,7,20,1833,1833,0,0,0,0,0,0,28,0,0,0,247,detection,
247363,1,26,1766,1766,0,0,0,0,0,0,12,0,0,0,247,detection,
247394,16,26,1766,1766,0,0,0,0,0,0,28,0,0,0,247,detection,
247897,3,2,1246,1246,0,0,0,0,0,0,31,0,0,0,247,detection,
252993,26,9,1389,1389,0,0,0,0,0,0,39,0,0,0,252,detection,
253097,5,23,1599,1599,0,0,0,0,0,0,34,0,0,0,253,detection,
254022,16,26,2022,2022,0,0,0,0,0,0,31,0,0,0,254,detection,
254650,3,13,1520,1520,0,0,0,0,0,0,40,0,0,0,254,detection,
254654,15,13,1520,1520,0,0,0,0,0,0,23,0,0,0,254,detection,
254667,1,13,1520,1520,0,0,0,0,0,0,8,0,0,0,254,detection,
254684,18,13,1520,1520,0,0,0,0,0,0,27,0,0,0,254,detection,
257874,28,29,276,1556,-1280,100,100,100,100,11,32,0,81,55,257,detection,
257901,15,19,1364,1364,0,0,0,0,0,0,37,0,0,0,257,detection,
258470,5,11,1671,1671,0,0,0,0,0,0,37,0,0,0,258,detection,
258487,19,11,1671,1671,0,0,0,0,0,0,28,0,0,0,258,detection,
258496,28,11,1671,1671,0,0,0,0,0,0,37,0,0,0,258,detection,
258580,23,11,1671,1671,0,0,0,0,0,0,33,0,0,0,258,detection,
260314,23,28,788,788,0,0,0,0,0,0,27,0,0,0,260,detection,
260895,16,26,2131,2131,0,0,0,0,0,0,39,0,0,0,260,detection,
261981,13,20,788,788,0,0,0,0,0,0,21,0,0,0,261,detection,
261981,9,20,788,788,0,0,0,0,0,0,41,0,0,0,261,detection,
263248,28,23,1343,1343,0,0,0,0,0,0,28,0,0,0,263,detection,
263265,11,23,1343,1343,0,0,0,0,0,0,28,0,0,0,263,detection,
265086,2,13,1300,1300,0,0,0,0,0,0,28,0,0,0,265,detection,
265146,3,13,1300,1300,0,0,0,0,0,0,42,0,0,0,265,detection,
265151,15,13,1300,1300,0,0,0,0,0,0,32,0,0,0,265,detection,
265176,1,13,1300,1300,0,0,0,0,0,0,12,0,0,0,265,detection,
265181,18,13,1300,1300,0,0,0,0,0,0,30,0,0,0,265,detection,
265262,21,27,839,839,0,0,0,0,0,0,24,0,0,0,265,detection,
266758,24,3,1372,1372,0,0,0,0,0,0,33,0,0,0,266,detection,
268724,8,4,1143,1143,0,0,0,0,0,0,38,0,0,0,268,detection,
268729,13,4,1143,1143,0,0,0,0,0,0,28,0,0,0,268,detection,
268802,10,4,1143,1143,0,0,0,0,0,0,40,0,0,0,268,detection,
268810,18,4,1143,1143,0,0,0,0,0,0,35,0,0,0,268,detection,
268814,23,4,1143,1143,0,0,0,0,0,0,36,0,0,0,268,detection,
268847,5,15,1510,1510,0,0,0,0,0,0,42,0,0,0,268,detection,
269605,13,20,788,788,0,0,0,0,0,0,22,0,0,0,269,detection,
269608,9,20,788,788,0,0,0,0,0,0,40,0,0,0,269,detection,
269621,7,20,788,788,0,0,0,0,0,0,32,0,0,0,269,detection,
269647,6,20,788,788,0,0,0,0,0,0,54,0,0,0,269,detection,
270901,6,28,808,808,0,0,0,0,0,0,41,0,0,0,270,detection,
271242,28,11,1609,1609,0,0,0,0,0,0,42,0,0,0,271,detection,
271958,1,16,1132,1132,0,0,0,0,0,0,12,0,0,0,271,detection,
272236,19,11,1300,1300,0,0,0,0,0,0,32,0,0,0,272,detection,
272241,28,11,1300,1300,0,0,0,0,0,0,45,0,0,0,272,detection,
273066,1,13,1300,1300,0,0,0,0,0,0,13,0,0,0,273,detection,
273070,23,13,1300,1300,0,0,0,0,0,0,30,0,0,0,273,detection,
273083,2,13,1300,1300,0,0,0,0,0,0,26,0,0,0,273,detection,
274912,4,8,1300,1300,0,0,0,0,0,0,28,0,0,0,274,detection,
274981,20,8,1300,1300,0,0,0,0,0,0,32,0,0,0,274,detection,
274990,9,8,1300,1300,0,0,0,0,0,0,44,0,0,0,274,detection,
275826,14,23,1343,1343,0,0,0,0,0,0,19,0,0,0,275,detection,
277982,13,18,935,935,0,0,0,0,0,0,29,0,0,0,277,detection,
278043,4,18,935,935,0,0,0,0,0,0,32,0,0,0,278,detection,
278375,7,2,1428,1428,0,0,0,0,0,0,38,0,0,0,278,detection,
278733,20,6,1300,1300,0,0,0,0,0,0,44,0,0,0,278,detection,
278742,28,6,1300,1300,0,0,0,0,0,0,42,0,0,0,278,detection,
279646,6,28,985,985,0,0,0,0,0,0,42,0,0,0,279,detection,
281115,28,11,1095,1095,0,0,0,0,0,0,45,0,0,0,281,detection,
281682,10,14,1044,1044,0,0,0,0,0,0,25,0,0,0,281,detection,
281694,23,14,1044,1044,0,0,0,0,0,0,32,0,0,0,281,detection,
281720,5,14,1044,1044,0,0,0,0,0,0,31,0,0,0,281,detection,
282146,3,7,1504,1504,0,0,0,0,0,0,37,0,0,0,282,detection,
282228,20,7,1504,1504,0,0,0,0,0,0,41,0,0,0,282,detection,
282604,20,8,1497,1497,0,0,0,0,0,0,36,0,0,0,282,detection,
282607,9,8,1497,1497,0,0,0,0,0,0,48,0,0,0,282,detection,
282656,17,8,1497,1497,0,0,0,0,0,0,29,0,0,0,282,detection,
282660,4,8,1497,1497,0,0,0,0,0,0,32,0,0,0,282,detection,
282695,14,8,1497,1497,0,0,0,0,0,0,31,0,0,0,282,detection,
283183,1,26,2497,2497,0,0,0,0,0,0,25,0,0,0,283,detection,
283478,20,9,1300,1300,0,0,0,0,0,0,32,0,0,0,283,detection,
283777,15,5,1300,1300,0,0,0,0,0,0,40,0,0,0,283,detection,
285311,18,27,1300,1300,0,0,0,0,0,0,23,0,0,0,285,detection,
286561,22,10,1414,1414,0,0,0,0,0,0,32,0,0,0,286,detection,
286740,28,6,1044,1044,0,0,0,0,0,0,43,0,0,0,286,detection,
286969,27,22,788,788,0,0,0,0,0,0,34,0,0,0,286,detection,
289033,17,21,1254,1254,0,0,0,0,0,0,28,0,0,0,289,detection,
289039,4,21,1254,1254,0,0,0,0,0,0,29,0,0,0,289,detection,
292155,17,8,1241,1241,0,0,0,0,0,0,31,0,0,0,292,detection,
292593,27,22,762,762,0,0,0,0,0,0,34,0,0,0,292,detection,
293102,20,6,1069,1069,0,0,0,0,0,0,44,0,0,0,293,detection,
293114,28,6,1069,1069,0,0,0,0,0,0,44,0,0,0,293,detection,
298105,20,9,1376,1376,0,0,0,0,0,0,32,0,0,0,298,detection,
298792,4,21,1280,1280,0,0,0,0,0,0,33,0,0,0,298,detection,
299248,26,7,1458,1458,0,0,0,0,0,0,29,0,0,0,299,detection,
300631,21,4,1300,1300,0,0,0,0,0,0,32,0,0,0,300,detection,
300652,6,4,1300,1300,0,0,0,0,0,0,49,0,0,0,300,detection,
300657,17,4,1300,1300,0,0,0,0,0,0,38,0,0,0,300,detection,
301307,10,14,1112,1112,0,0,0,0,0,0,23,0,0,0,301,detection,
301315,23,14,1112,1112,0,0,0,0,0,0,30,0,0,0,301,detection,
301341,5,14,1112,1112,0,0,0,0,0,0,31,0,0,0,301,detection,
301657,17,30,276,1332,-1056,92,100,100,100,0,37,0,74,55,301,detection,
302851,20,8,1241,1241,0,0,0,0,0,0,38,0,0,0,302,detection,
302937,22,8,1241,1241,0,0,0,0,0,0,35,0,0,0,302,detection,
304217,5,15,1581,1581,0,0,0,0,0,0,45,0,0,0,304,detection,
307364,19,22,725,725,0,0,0,0,0,0,47,0,0,0,307,detection,
307389,11,22,725,725,0,0,0,0,0,0,36,0,0,0,307,detection,
307495,1,13,1447,1447,0,0,0,0,0,0,16,0,0,0,307,detection,
307499,7,13,1447,1447,0,0,0,0,0,0,31,0,0,0,307,detection,
307508,24,13,1447,1447,0,0,0,0,0,0,28,0,0,0,307,detection,
307525,16,13,1447,1447,0,0,0,0,0,0,26,0,0,0,307,detection,
307527,15,13,1447,1447,0,0,0,0,0,0,39,0,0,0,307,detection,
307561,10,13,1447,1447,0,0,0,0,0,0,27,0,0,0,307,detection,
307581,2,13,1447,1447,0,0,0,0,0,0,28,0,0,0,307,detection,
310858,20,3,1447,1447,0,0,0,0,0,0,40,0,0,0,310,detection,
311272,3,4,1300,1300,0,0,0,0,0,0,44,0,0,0,311,detection,
311272,6,4,1300,1300,0,0,0,0,0,0,44,0,0,0,311,detection,
311272,12,4,1300,1300,0,0,0,0,0,0,34,0,0,0,311,detection,
311278,17,4,1300,1300,0,0,0,0,0,0,39,0,0,0,311,detection,
311308,18,4,1300,1300,0,0,0,0,0,0,39,0,0,0,311,detection,
311311,22,4,1300,1300,0,0,0,0,0,0,40,0,0,0,311,detection,
311336,2,4,1300,1300,0,0,0,0,0,0,27,0,0,0,311,detection,
311346,8,4,1300,1300,0,0,0,0,0,0,42,0,0,0,311,detection,
311374,7,4,1300,1300,0,0,0,0,0,0,37,0,0,0,311,detection,
312382,24,5,1884,1884,0,0,0,0,0,0,40,0,0,0,312,detection,
316240,25,10,1300,1300,0,0,0,0,0,0,24,0,0,0,316,detection,
318395,3,7,1237,1237,0,0,0,0,0,0,41,0,0,0,318,detection,
318659,1,13,1191,1191,0,0,0,0,0,0,15,0,0,0,318,detection,
318683,18,13,1191,1191,0,0,0,0,0,0,38,0,0,0,318,detection,
319990,28,11,1319,1319,0,0,0,0,0,0,40,0,0,0,319,detection,
320025,12,11,1319,1319,0,0,0,0,0,0,44,0,0,0,320,detection,
320032,15,11,1319,1319,0,0,0,0,0,0,47,0,0,0,320,detection,
323568,23,14,1112,1112,0,0,0,0,0,0,31,0,0,0,323,detection,
324773,12,4,1274,1274,0,0,0,0,0,0,34,0,0,0,324,detection,
324808,22,4,1274,1274,0,0,0,0,0,0,40,0,0,0,324,detection,
324821,14,4,1274,1274,0,0,0,0,0,0,35,0,0,0,324,detection,
324833,2,4,1274,1274,0,0,0,0,0,0,27,0,0,0,324,detection,
324841,8,4,1274,1274,0,0,0,0,0,0,41,0,0,0,324,detection,
324845,27,4,1274,1274,0,0,0,0,0,0,37,0,0,0,324,detection,
324858,13,4,1274,1274,0,0,0,0,0,0,33,0,0,0,324,detection,
325020,3,7,1237,1237,0,0,0,0,0,0,40,0,0,0,325,detection,
326028,17,21,1018,1018,0,0,0,0,0,0,33,0,0,0,326,detection,
327391,24,5,1447,1447,0,0,0,0,0,0,44,0,0,0,327,detection,
328521,3,7,1237,1237,0,0,0,0,0,0,39,0,0,0,328,detection,
328598,8,7,1237,1237,0,0,0,0,0,0,32,0,0,0,328,detection,
329668,4,12,1026,1026,0,0,0,0,0,0,42,0,0,0,329,detection,
330774,3,30,276,1006,-730,100,100,100,100,11,27,0,87,100,330,detection,
331076,14,23,1532,1532,0,0,0,0,0,0,28,0,0,0,331,detection,
334482,13,2,1481,1481,0,0,0,0,0,0,29,0,0,0,334,detection,
334482,20,2,1481,1481,0,0,0,0,0,0,33,0,0,0,334,detection,
334486,9,2,1481,1481,0,0,0,0,0,0,33,0,0,0,334,detection,
334499,7,2,1481,1481,0,0,0,0,0,0,38,0,0,0,334,detection,
336194,14,10,1713,1713,0,0,0,0,0,0,28,0,0,0,336,detection,
336223,8,10,1713,1713,0,0,0,0,0,0,33,0,0,0,336,detection,
336607,20,3,557,557,0,0,0,0,0,0,44,0,0,0,336,detection,
338185,10,31,276,1069,-793,100,100,100,100,11,30,0,84,55,338,detection,
338202,14,31,276,1069,-793,100,100,100,100,11,26,0,88,100,338,detection,
339320,23,16,1069,1069,0,0,0,0,0,0,31,0,0,0,339,detection,
339324,14,16,1069,1069,0,0,0,0,0,0,27,0,0,0,339,detection,
339396,3,16,1069,1069,0,0,0,0,0,0,28,0,0,0,339,detection,
340572,14,8,788,788,0,0,0,0,0,0,31,0,0,0,340,detection,
340614,25,8,788,788,0,0,0,0,0,0,36,0,0,0,340,detection,
340619,26,8,788,788,0,0,0,0,0,0,44,0,0,0,340,detection,
342236,25,10,788,788,0,0,0,0,0,0,28,0,0,0,342,detection,
342931,18,13,1421,1421,0,0,0,0,0,0,36,0,0,0,342,detection,
342939,22,13,1421,1421,0,0,0,0,0,0,36,0,0,0,342,detection,
343028,15,13,1421,1421,0,0,0,0,0,0,40,0,0,0,343,detection,
344506,24,5,1300,1300,0,0,0,0,0,0,47,0,0,0,344,detection,
346697,14,31,276,1069,-793,100,100,100,0,11,27,0,87,100,346,detection,
349344,27,4,788,788,0,0,0,0,0,0,41,0,0,0,349,detection,
349348,8,4,788,788,0,0,0,0,0,0,41,0,0,0,349,detection,
349374,7,4,788,788,0,0,0,0,0,0,36,0,0,0,349,detection,
349376,25,4,788,788,0,0,0,0,0,0,35,0,0,0,349,detection,
349396,6,4,788,788,0,0,0,0,0,0,46,0,0,0,349,detection,
349932,18,13,788,788,0,0,0,0,0,0,35,0,0,0,349,detection,
349932,22,13,788,788,0,0,0,0,0,0,38,0,0,0,349,detection,
349958,2,13,788,788,0,0,0,0,0,0,32,0,0,0,349,detection,
354015,11,23,1300,1300,0,0,0,0,0,0,37,0,0,0,354,detection,
354023,6,23,1300,1300,0,0,0,0,0,0,38,0,0,0,354,detection,
354071,14,23,1300,1300,0,0,0,0,0,0,34,0,0,0,354,detection,
355693,1,21,1703,1703,0,0,0,0,0,0,12,0,0,0,355,detection,
356865,1,13,788,788,0,0,0,0,0,0,18,0,0,0,356,detection,
356934,22,13,788,788,0,0,0,0,0,0,37,0,0,0,356,detection,
357495,1,25,1300,1300,0,0,0,0,0,0,8,0,0,0,357,detection,
360227,13,2,1300,1300,0,0,0,0,0,0,36,0,0,0,360,detection,
361768,11,31,276,1302,-1026,100,100,100,100,0,34,0,79,55,361,detection,
362637,11,23,1300,1300,0,0,0,0,0,0,37,0,0,0,362,detection,
364630,1,12,932,932,0,0,0,0,0,0,14,0,0,0,364,detection,
364718,8,4,788,788,0,0,0,0,0,0,40,0,0,0,364,detection,
364739,25,4,788,788,0,0,0,0,0,0,31,0,0,0,364,detection,
365875,1,26,788,788,0,0,0,0,0,0,23,0,0,0,365,detection,
366186,1,25,1607,1607,0,0,0,0,0,0,16,0,0,0,366,detection,
366225,27,25,1607,1607,0,0,0,0,0,0,36,0,0,0,366,detection,
368526,16,30,276,1069,-793,100,100,100,100,11,32,0,81,55,368,detection,
368560,22,13,1366,1366,0,0,0,0,0,0,41,0,0,0,368,detection,
368580,2,13,1366,1366,0,0,0,0,0,0,38,0,0,0,368,detection,
380176,1,31,276,1532,-1256,100,100,100,100,14,11,0,96,100,380,detection,
380320,23,11,1237,1237,0,0,0,0,0,0,37,0,0,0,380,detection,
380346,5,11,1237,1237,0,0,0,0,0,0,41,0,0,0,380,detection,
380363,19,11,1237,1237,0,0,0,0,0,0,36,0,0,0,380,detection,
381024,12,4,1538,1538,0,0,0,0,0,0,37,0,0,0,381,detection,
388560,18,27,1300,1300,0,0,0,0,0,0,26,0,0,0,388,detection,
388650,16,10,1300,1300,0,0,0,0,0,0,29,0,0,0,388,detection,
390359,20,24,1300,1300,0,0,0,0,0,0,36,0,0,0,390,detection,
390372,28,24,1300,1300,0,0,0,0,0,0,36,0,0,0,390,detection,
395575,1,31,276,1276,-1000,100,100,100,54,14,11,0,97,100,395,detection,
396480,13,22,1556,1556,0,0,0,0,0,0,45,0,0,0,396,detection,
396599,27,22,1556,1556,0,0,0,0,0,0,44,0,0,0,396,detection,
397448,14,2,1624,1624,0,0,0,0,0,0,31,0,0,0,397,detection,
399993,28,11,1312,1312,0,0,0,0,0,0,45,0,0,0,399,detection,
400009,24,11,1312,1312,0,0,0,0,0,0,44,0,0,0,400,detection,
400027,15,11,1312,1312,0,0,0,0,0,0,46,0,0,0,400,detection,
400746,26,17,1556,1556,0,0,0,0,0,0,43,0,0,0,400,detection,
402612,19,23,1504,1504,0,0,0,0,0,0,41,0,0,0,402,detection,
402621,28,23,1504,1504,0,0,0,0,0,0,45,0,0,0,402,detection,
402860,9,20,1406,1406,0,0,0,0,0,0,49,0,0,0,402,detection,
404360,9,7,1616,1616,0,0,0,0,0,0,30,0,0,0,404,detection,
404684,10,16,1812,1812,0,0,0,0,0,0,30,0,0,0,404,detection,
405059,10,30,276,1812,-1536,100,100,100,100,11,32,0,81,55,405,detection,
407559,18,21,1717,1717,0,0,0,0,0,0,28,0,0,0,407,detection,
408347,27,22,1607,1607,0,0,0,0,0,0,45,0,0,0,408,detection,
411342,5,11,1304,1304,0,0,0,0,0,0,46,0,0,0,411,detection,
417869,28,13,1812,1812,0,0,0,0,0,0,28,0,0,0,417,detection,
417874,7,4,1282,1282,0,0,0,0,0,0,44,0,0,0,417,detection,
417882,24,13,1812,1812,0,0,0,0,0,0,32,0,0,0,417,detection,
419480,9,7,1616,1616,0,0,0,0,0,0,30,0,0,0,419,detection,
421442,23,11,1304,1304,0,0,0,0,0,0,43,0,0,0,421,detection,
421485,19,11,1304,1304,0,0,0,0,0,0,40,0,0,0,421,detection,
421524,12,11,1304,1304,0,0,0,0,0,0,44,0,0,0,421,detection,
421527,15,11,1304,1304,0,0,0,0,0,0,47,0,0,0,421,detection,
421553,1,13,1812,1812,0,0,0,0,0,0,21,0,0,0,421,detection,
421568,22,13,1812,1812,0,0,0,0,0,0,40,0,0,0,421,detection,
421580,23,13,1812,1812,0,0,0,0,0,0,35,0,0,0,421,detection,
421618,28,13,1812,1812,0,0,0,0,0,0,28,0,0,0,421,detection,
421633,24,13,1812,1812,0,0,0,0,0,0,32,0,0,0,421,detection,
422605,20,3,1581,1581,0,0,0,0,0,0,47,0,0,0,422,detection,
423479,1,31,276,1506,-1230,100,100,100,50,14,10,0,97,100,423,detection,
423492,19,31,276,1506,-1230,100,100,100,100,0,32,0,81,55,423,detection,
423514,11,31,276,1506,-1230,100,100,100,30,0,37,0,74,55,423,detection,
425034,17,8,1749,1749,0,0,0,0,0,0,40,0,0,0,425,detection,
425039,4,8,1749,1749,0,0,0,0,0,0,36,0,0,0,425,detection,
426025,6,20,788,788,0,0,0,0,0,0,58,0,0,0,426,detection,
432219,8,7,1760,1760,0,0,0,0,0,0,37,0,0,0,432,detection,
432864,28,23,788,788,0,0,0,0,0,0,44,0,0,0,432,detection,
434223,8,22,1826,1826,0,0,0,0,0,0,37,0,0,0,434,detection,
434696,23,4,1282,1282,0,0,0,0,0,0,41,0,0,0,434,detection,
437632,28,29,276,1812,-1536,100,100,100,38,0,36,0,76,55,437,detection,
439019,1,13,1812,1812,0,0,0,0,0,0,20,0,0,0,439,detection,
439022,3,13,1812,1812,0,0,0,0,0,0,48,0,0,0,439,detection,
439066,23,13,1812,1812,0,0,0,0,0,0,35,0,0,0,439,detection,
440033,15,30,276,1320,-1044,100,100,100,100,11,29,0,86,100,440,detection,
442009,21,16,1831,1831,0,0,0,0,0,0,32,0,0,0,442,detection,
442056,10,16,1831,1831,0,0,0,0,0,0,35,0,0,0,442,detection,
442063,22,16,1831,1831,0,0,0,0,0,0,31,0,0,0,442,detection,
442072,14,16,1831,1831,0,0,0,0,0,0,35,0,0,0,442,detection,
442085,2,16,1831,1831,0,0,0,0,0,0,28,0,0,0,442,detection,
442098,8,16,1831,1831,0,0,0,0,0,0,32,0,0,0,442,detection,
442741,28,23,1300,1300,0,0,0,0,0,0,48,0,0,0,442,detection,
442978,1,12,1300,1300,0,0,0,0,0,0,17,0,0,0,442,detection,
444596,8,10,692,692,0,0,0,0,0,0,36,0,0,0,444,detection,
445889,11,19,864,864,0,0,0,0,0,0,32,0,0,0,445,detection,
446015,1,26,1918,1918,0,0,0,0,0,0,25,0,0,0,446,detection,
447349,8,7,1760,1760,0,0,0,0,0,0,37,0,0,0,447,detection,
447354,9,7,1760,1760,0,0,0,0,0,0,33,0,0,0,447,detection,
447371,26,7,1760,1760,0,0,0,0,0,0,33,0,0,0,447,detection,
447555,10,16,1831,1831,0,0,0,0,0,0,34,0,0,0,447,detection,
447570,22,16,1831,1831,0,0,0,0,0,0,30,0,0,0,447,detection,
447572,14,16,1831,1831,0,0,0,0,0,0,34,0,0,0,447,detection,
447594,8,16,1831,1831,0,0,0,0,0,0,31,0,0,0,447,detection,
447632,21,16,1831,1831,0,0,0,0,0,0,31,0,0,0,447,detection,
451406,15,30,276,1984,-1708,100,100,100,100,11,33,0,79,75,451,detection,
455870,26,21,1816,1816,0,0,0,0,0,0,28,0,0,0,455,detection,
455900,16,21,1816,1816,0,0,0,0,0,0,28,0,0,0,455,detection,
455918,4,21,1816,1816,0,0,0,0,0,0,36,0,0,0,455,detection,
456358,13,18,988,988,0,0,0,0,0,0,34,0,0,0,456,detection,
456745,28,23,1346,1346,0,0,0,0,0,0,47,0,0,0,456,detection,
459620,26,16,1831,1831,0,0,0,0,0,0,28,0,0,0,459,detection,
459633,21,16,1831,1831,0,0,0,0,0,0,30,0,0,0,459,detection,
459764,11,16,1786,1786,0,0,0,0,0,0,32,0,0,0,459,detection,
461275,6,3,768,768,0,0,0,0,0,0,36,0,0,0,461,detection,
461531,15,30,276,1716,-1440,100,100,100,40,10,37,0,74,75,461,detection,
465280,15,30,276,1716,-1440,100,100,100,0,10,37,0,74,75,465,detection,
465292,4,30,276,1716,-1440,100,100,100,100,0,33,0,79,55,465,detection,
466162,1,13,768,768,0,0,0,0,0,0,24,0,0,0,466,detection,
466180,18,13,768,768,0,0,0,0,0,0,37,0,0,0,466,detection,
467900,16,26,2122,2122,0,0,0,0,0,0,48,0,0,0,467,detection,
467908,17,26,2122,2122,0,0,0,0,0,0,40,0,0,0,467,detection,
467937,22,8,2068,2068,0,0,0,0,0,0,38,0,0,0,467,detection,
468817,14,4,788,788,0,0,0,0,0,0,46,0,0,0,468,detection,
468846,8,4,788,788,0,0,0,0,0,0,44,0,0,0,468,detection,
468858,9,4,788,788,0,0,0,0,0,0,45,0,0,0,468,detection,
468881,21,4,788,788,0,0,0,0,0,0,39,0,0,0,468,detection,
470414,1,13,768,768,0,0,0,0,0,0,23,0,0,0,470,detection,
470430,18,13,768,768,0,0,0,0,0,0,36,0,0,0,470,detection,
470490,28,13,768,768,0,0,0,0,0,0,32,0,0,0,470,detection,
470491,19,13,768,768,0,0,0,0,0,0,25,0,0,0,470,detection,
470498,7,13,768,768,0,0,0,0,0,0,36,0,0,0,470,detection,
470520,3,13,768,768,0,0,0,0,0,0,50,0,0,0,470,detection,
470563,1,10,692,692,0,0,0,0,0,0,16,0,0,0,470,detection,
470606,13,10,692,692,0,0,0,0,0,0,30,0,0,0,470,detection,
470657,17,10,692,692,0,0,0,0,0,0,38,0,0,0,470,detection,
470684,18,10,692,692,0,0,0,0,0,0,21,0,0,0,470,detection,
473341,5,11,534,534,0,0,0,0,0,0,51,0,0,0,473,detection,
473519,3,7,1280,1280,0,0,0,0,0,0,40,0,0,0,473,detection,
473630,28,19,1280,1280,0,0,0,0,0,0,36,0,0,0,473,detection,
473636,11,19,1280,1280,0,0,0,0,0,0,36,0,0,0,473,detection,
473661,6,19,1280,1280,0,0,0,0,0,0,40,0,0,0,473,detection,
478370,28,6,768,768,0,0,0,0,0,0,43,0,0,0,478,detection,
479451,14,23,1315,1315,0,0,0,0,0,0,55,0,0,0,479,detection,
479509,1,16,1792,1792,0,0,0,0,0,0,14,0,0,0,479,detection,
479510,11,16,1792,1792,0,0,0,0,0,0,35,0,0,0,479,detection,
479599,27,16,1792,1792,0,0,0,0,0,0,32,0,0,0,479,detection,
480493,25,30,276,2151,-1875,100,100,100,100,9,48,0,59,40,480,detection,
480587,2,30,276,2151,-1875,100,100,100,100,10,38,0,72,55,480,detection,
480868,1,31,276,1280,-1004,100,100,100,49,14,9,0,97,100,480,detection,
483393,3,7,512,512,0,0,0,0,0,0,44,0,0,0,483,detection,
483631,7,29,276,1280,-1004,100,100,100,100,10,34,0,79,55,483,detection,
483634,28,29,276,1280,-1004,100,100,100,78,0,38,0,72,55,483,detection,
486310,22,21,1812,1812,0,0,0,0,0,0,31,0,0,0,486,detection,
487274,3,16,788,788,0,0,0,0,0,0,32,0,0,0,487,detection,
490852,13,22,1046,1046,0,0,0,0,0,0,45,0,0,0,490,detection,
490883,21,22,1046,1046,0,0,0,0,0,0,32,0,0,0,490,detection,
491731,20,2,788,788,0,0,0,0,0,0,36,0,0,0,491,detection,
491740,25,2,788,788,0,0,0,0,0,0,33,0,0,0,491,detection,
492135,11,19,1024,1024,0,0,0,0,0,0,40,0,0,0,492,detection,
492148,6,19,1024,1024,0,0,0,0,0,0,43,0,0,0,492,detection,
492153,12,19,1024,1024,0,0,0,0,0,0,28,0,0,0,492,detection,
492369,28,29,276,1280,-1004,100,100,100,0,0,38,0,72,55,492,detection,
492570,22,21,1536,1536,0,0,0,0,0,0,34,0,0,0,492,detection,
492739,1,16,788,788,0,0,0,0,0,0,16,0,0,0,492,detection,
495228,20,2,788,788,0,0,0,0,0,0,38,0,0,0,495,detection,
495347,5,31,276,788,-512,100,100,100,80,0,33,0,79,55,495,detection,
495417,1,31,276,788,-512,100,100,100,100,14,12,0,96,100,495,detection,
500815,23,4,1556,1556,0,0,0,0,0,0,45,0,0,0,500,detection,
500818,14,4,1556,1556,0,0,0,0,0,0,49,0,0,0,500,detection,
500845,8,4,1556,1556,0,0,0,0,0,0,47,0,0,0,500,detection,
500865,25,4,1556,1556,0,0,0,0,0,0,41,0,0,0,500,detection,
502179,1,31,276,532,-256,100,79,100,53,14,13,0,97,100,502,detection,
503391,11,12,1558,1558,0,0,0,0,0,0,32,0,0,0,503,detection,
503405,15,12,1558,1558,0,0,0,0,0,0,34,0,0,0,503,detection,
503405,1,12,1558,1558,0,0,0,0,0,0,16,0,0,0,503,detection,
504354,20,2,788,788,0,0,0,0,0,0,38,0,0,0,504,detection,
504774,6,3,529,529,0,0,0,0,0,0,36,0,0,0,504,detection,
504887,11,19,790,790,0,0,0,0,0,0,41,0,0,0,504,detection,
505006,21,22,1043,1043,0,0,0,0,0,0,31,0,0,0,505,detection,
505026,11,22,1043,1043,0,0,0,0,0,0,39,0,0,0,505,detection,
506623,1,16,992,992,0,0,0,0,0,0,15,0,0,0,506,detection,
506653,12,16,992,992,0,0,0,0,0,0,29,0,0,0,506,detection,
506679,10,16,992,992,0,0,0,0,0,0,39,0,0,0,506,detection,
508274,6,3,757,757,0,0,0,0,0,0,32,0,0,0,508,detection,
509150,12,11,557,557,0,0,0,0,0,0,51,0,0,0,509,detection,
509153,15,11,557,557,0,0,0,0,0,0,50,0,0,0,509,detection,
515416,4,30,276,1024,-748,100,100,100,100,0,37,0,74,55,515,detection,
515459,2,30,276,1024,-748,100,100,100,100,0,41,0,69,55,515,detection,
515472,27,30,276,1024,-748,100,100,100,100,11,33,0,79,55,515,detection,
515488,25,30,276,1024,-748,100,100,100,100,9,47,0,61,40,515,detection,
515985,9,8,1528,1528,0,0,0,0,0,0,53,0,0,0,515,detection,
515994,26,8,1528,1528,0,0,0,0,0,0,46,0,0,0,515,detection,
516942,14,4,1024,1024,0,0,0,0,0,0,52,0,0,0,516,detection,
518061,1,16,1024,1024,0,0,0,0,0,0,13,0,0,0,518,detection,
518149,3,16,1024,1024,0,0,0,0,0,0,36,0,0,0,518,detection,
520615,19,15,1325,1325,0,0,0,0,0,0,34,0,0,0,520,detection,
520743,26,9,1835,1835,0,0,0,0,0,0,42,0,0,0,520,detection,
521387,1,31,276,532,-256,100,79,100,0,14,13,0,97,100,521,detection,
521469,5,31,276,532,-256,100,59,100,39,0,34,0,79,55,521,detection,
521815,23,4,788,788,0,0,0,0,0,0,48,0,0,0,521,detection,
522124,26,25,1280,1280,0,0,0,0,0,0,43,0,0,0,522,detection,
522686,22,21,1325,1325,0,0,0,0,0,0,40,0,0,0,522,detection,
523600,1,16,788,788,0,0,0,0,0,0,16,0,0,0,523,detection,
526996,28,24,1321,1321,0,0,0,0,0,0,45,0,0,0,526,detection,
528472,8,22,1883,1883,0,0,0,0,0,0,43,0,0,0,528,detection,
528792,4,30,276,841,-565,100,100,100,27,0,36,0,76,55,528,detection,
528849,27,30,276,841,-565,100,100,100,29,11,32,0,81,55,528,detection,
533406,1,16,532,532,0,0,0,0,0,0,17,0,0,0,533,detection,
533508,21,16,532,532,0,0,0,0,0,0,36,0,0,0,533,detection,
533509,11,16,532,532,0,0,0,0,0,0,40,0,0,0,533,detection,
533522,12,16,532,532,0,0,0,0,0,0,38,0,0,0,533,detection,
535344,27,25,1228,1228,0,0,0,0,0,0,41,0,0,0,535,detection,
537119,28,24,1044,1044,0,0,0,0,0,0,48,0,0,0,537,detection,
537155,15,18,1259,1259,0,0,0,0,0,0,29,0,0,0,537,detection,
538130,21,22,1556,1556,0,0,0,0,0,0,34,0,0,0,538,detection,
539911,1,10,1300,1300,0,0,0,0,0,0,18,0,0,0,539,detection,
539972,2,10,1300,1300,0,0,0,0,0,0,36,0,0,0,539,detection,
540635,1,12,788,788,0,0,0,0,0,0,19,0,0,0,540,detection,
540720,5,12,788,788,0,0,0,0,0,0,36,0,0,0,540,detection,
541854,20,9,1493,1493,0,0,0,0,0,0,38,0,0,0,541,detection,
542020,16,21,1274,1274,0,0,0,0,0,0,46,0,0,0,542,detection,
542118,26,21,1274,1274,0,0,0,0,0,0,46,0,0,0,542,detection,
543492,28,24,1248,1248,0,0,0,0,0,0,47,0,0,0,543,detection,
544101,27,22,1556,1556,0,0,0,0,0,0,41,0,0,0,544,detection,
544651,6,19,1300,1300,0,0,0,0,0,0,46,0,0,0,544,detection,
544655,15,19,1300,1300,0,0,0,0,0,0,40,0,0,0,544,detection,
545846,27,30,276,1248,-972,100,100,100,59,0,39,0,71,55,545,detection,
546138,21,31,276,969,-693,100,100,100,100,10,34,0,79,55,546,detection,
546402,15,18,1215,1215,0,0,0,0,0,0,29,0,0,0,546,detection,
548981,8,16,568,568,0,0,0,0,0,0,36,0,0,0,548,detection,
549012,11,16,568,568,0,0,0,0,0,0,40,0,0,0,549,detection,
549745,28,11,1080,1080,0,0,0,0,0,0,48,0,0,0,549,detection,
551322,14,10,1401,1401,0,0,0,0,0,0,38,0,0,0,551,detection,
551335,2,10,1401,1401,0,0,0,0,0,0,33,0,0,0,551,detection,
552597,5,19,1044,1044,0,0,0,0,0,0,43,0,0,0,552,detection,
552649,6,19,1044,1044,0,0,0,0,0,0,43,0,0,0,552,detection,
552649,15,19,1044,1044,0,0,0,0,0,0,41,0,0,0,552,detection,
553882,21,22,1300,1300,0,0,0,0,0,0,37,0,0,0,553,detection,
553967,27,22,1300,1300,0,0,0,0,0,0,44,0,0,0,553,detection,
554603,20,9,1493,1493,0,0,0,0,0,0,40,0,0,0,554,detection,
554617,26,9,1493,1493,0,0,0,0,0,0,47,0,0,0,554,detection,
555412,1,26,1786,1786,0,0,0,0,0,0,29,0,0,0,555,detection,
556777,15,18,1221,1221,0,0,0,0,0,0,29,0,0,0,556,detection,
557243,28,11,1080,1080,0,0,0,0,0,0,48,0,0,0,557,detection,
557321,14,10,1274,1274,0,0,0,0,0,0,41,0,0,0,557,detection,
557335,2,10,1274,1274,0,0,0,0,0,0,36,0,0,0,557,detection,
557338,1,10,1274,1274,0,0,0,0,0,0,20,0,0,0,557,detection,
557398,3,10,1274,1274,0,0,0,0,0,0,32,0,0,0,557,detection,
557406,17,10,1274,1274,0,0,0,0,0,0,40,0,0,0,557,detection,
557416,4,10,1274,1274,0,0,0,0,0,0,33,0,0,0,557,detection,
557650,16,8,1080,1080,0,0,0,0,0,0,32,0,0,0,557,detection,
557770,16,8,1080,1080,0,0,0,0,0,0,32,0,0,0,557,detection,
562567,14,10,1274,1274,0,0,0,0,0,0,41,0,0,0,562,detection,
562568,1,10,1274,1274,0,0,0,0,0,0,19,0,0,0,562,detection,
562585,2,10,1274,1274,0,0,0,0,0,0,35,0,0,0,562,detection,
562594,27,22,1581,1581,0,0,0,0,0,0,48,0,0,0,562,detection,
562654,17,10,1274,1274,0,0,0,0,0,0,38,0,0,0,562,detection,
562663,4,10,1274,1274,0,0,0,0,0,0,32,0,0,0,562,detection,
565118,1,12,1376,1376,0,0,0,0,0,0,24,0,0,0,565,detection,
567398,16,8,1471,1471,0,0,0,0,0,0,35,0,0,0,567,detection,
567969,27,22,1581,1581,0,0,0,0,0,0,49,0,0,0,567,detection,
568007,21,22,1581,1581,0,0,0,0,0,0,43,0,0,0,568,detection,
568512,21,27,717,717,0,0,0,0,0,0,36,0,0,0,568,detection,
569309,22,21,532,532,0,0,0,0,0,0,45,0,0,0,569,detection,
570434,10,14,1632,1632,0,0,0,0,0,0,36,0,0,0,570,detection,
572493,26,9,1632,1632,0,0,0,0,0,0,49,0,0,0,572,detection,
572856,9,4,616,616,0,0,0,0,0,0,44,0,0,0,572,detection,
572886,21,4,616,616,0,0,0,0,0,0,43,0,0,0,572,detection,
572899,3,4,616,616,0,0,0,0,0,0,52,0,0,0,572,detection,
572908,17,4,616,616,0,0,0,0,0,0,46,0,0,0,572,detection,
572937,22,4,616,616,0,0,0,0,0,0,44,0,0,0,572,detection,
572971,2,4,616,616,0,0,0,0,0,0,33,0,0,0,572,detection,
573217,5,31,276,1592,-1316,100,100,100,100,0,37,0,74,55,573,detection,
576771,6,3,1128,1128,0,0,0,0,0,0,35,0,0,0,576,detection,
576831,2,10,1274,1274,0,0,0,0,0,0,34,0,0,0,576,detection,
576834,14,10,1274,1274,0,0,0,0,0,0,37,0,0,0,576,detection,
576916,1,10,1274,1274,0,0,0,0,0,0,13,0,0,0,576,detection,
576934,18,10,1274,1274,0,0,0,0,0,0,35,0,0,0,576,detection,
579218,5,31,276,1336,-1060,100,100,100,38,0,37,0,74,55,579,detection,
580794,4,30,276,1044,-768,100,100,100,29,0,39,0,71,55,580,detection,
580845,27,30,276,1044,-768,100,100,100,29,0,41,0,69,55,580,detection,
581482,20,8,1347,1347,0,0,0,0,0,0,43,0,0,0,581,detection,
581491,25,8,1347,1347,0,0,0,0,0,0,49,0,0,0,581,detection,
581500,7,8,1347,1347,0,0,0,0,0,0,37,0,0,0,581,detection,
581530,15,13,1300,1300,0,0,0,0,0,0,47,0,0,0,581,detection,
581970,27,22,1016,1016,0,0,0,0,0,0,48,0,0,0,581,detection,
582345,8,16,753,753,0,0,0,0,0,0,35,0,0,0,582,detection,
582865,19,14,788,788,0,0,0,0,0,0,28,0,0,0,582,detection,
587821,1,10,788,788,0,0,0,0,0,0,16,0,0,0,587,detection,
587822,14,10,788,788,0,0,0,0,0,0,40,0,0,0,587,detection,
587834,2,10,788,788,0,0,0,0,0,0,37,0,0,0,587,detection,
587886,21,10,788,788,0,0,0,0,0,0,37,0,0,0,587,detection,
587894,3,10,788,788,0,0,0,0,0,0,35,0,0,0,587,detection,
587903,17,10,788,788,0,0,0,0,0,0,41,0,0,0,587,detection,
587924,4,10,788,788,0,0,0,0,0,0,35,0,0,0,587,detection,
590030,1,12,1248,1248,0,0,0,0,0,0,31,0,0,0,590,detection,
590043,4,12,1248,1248,0,0,0,0,0,0,49,0,0,0,590,detection,
590880,7,20,788,788,0,0,0,0,0,0,42,0,0,0,590,detection,
592440,22,30,276,1044,-768,100,100,100,100,11,32,0,81,55,592,detection,
592471,27,30,276,1044,-768,100,100,100,0,0,40,0,71,55,592,detection,
592475,8,30,276,1044,-768,100,100,100,100,10,34,0,79,55,592,detection,
592519,11,30,276,1044,-768,100,100,100,100,0,31,0,82,55,592,detection,
593059,22,21,1155,1155,0,0,0,0,0,0,43,0,0,0,593,detection,
593145,16,21,1155,1155,0,0,0,0,0,0,48,0,0,0,593,detection,
594451,14,18,788,788,0,0,0,0,0,0,33,0,0,0,594,detection,
594651,16,10,788,788,0,0,0,0,0,0,37,0,0,0,594,detection,
595072,14,2,938,938,0,0,0,0,0,0,37,0,0,0,595,detection,
595109,9,2,938,938,0,0,0,0,0,0,41,0,0,0,595,detection,
595372,7,20,788,788,0,0,0,0,0,0,42,0,0,0,595,detection,
595849,27,8,788,788,0,0,0,0,0,0,40,0,0,0,595,detection,
596492,26,9,762,762,0,0,0,0,0,0,52,0,0,0,596,detection,
597387,24,5,1265,1265,0,0,0,0,0,0,47,0,0,0,597,detection,
598288,1,21,1155,1155,0,0,0,0,0,0,19,0,0,0,598,detection,
601361,19,23,1215,1215,0,0,0,0,0,0,42,0,0,0,601,detection,
601400,6,23,1215,1215,0,0,0,0,0,0,41,0,0,0,601,detection,
602469,27,8,532,532,0,0,0,0,0,0,41,0,0,0,602,detection,
602480,20,8,532,532,0,0,0,0,0,0,49,0,0,0,602,detection,
602498,7,8,532,532,0,0,0,0,0,0,43,0,0,0,602,detection,
603517,11,22,788,788,0,0,0,0,0,0,43,0,0,0,603,detection,
605200,1,26,1300,1300,0,0,0,0,0,0,31,0,0,0,605,detection,
605722,8,4,1044,1044,0,0,0,0,0,0,52,0,0,0,605,detection,
605722,27,4,1044,1044,0,0,0,0,0,0,48,0,0,0,605,detection,
605809,22,4,1044,1044,0,0,0,0,0,0,47,0,0,0,605,detection,
608367,28,11,1044,1044,0,0,0,0,0,0,51,0,0,0,608,detection,
608620,7,20,788,788,0,0,0,0,0,0,38,0,0,0,608,detection,
608763,11,30,276,1618,-1342,100,100,100,84,0,39,0,71,55,608,detection,
613524,16,13,1558,1558,0,0,0,0,0,0,38,0,0,0,613,detection,
615005,1,21,1320,1320,0,0,0,0,0,0,20,0,0,0,615,detection,
615021,16,21,1320,1320,0,0,0,0,0,0,47,0,0,0,615,detection,
620901,6,19,1727,1727,0,0,0,0,0,0,46,0,0,0,620,detection,
621616,25,13,1737,1737,0,0,0,0,0,0,38,0,0,0,621,detection,
624606,13,16,1164,1164,0,0,0,0,0,0,31,0,0,0,624,detection,
624758,21,10,1760,1760,0,0,0,0,0,0,39,0,0,0,624,detection,
624788,4,10,1760,1760,0,0,0,0,0,0,38,0,0,0,624,detection,
625793,1,21,1300,1300,0,0,0,0,0,0,18,0,0,0,625,detection,
625895,16,21,1300,1300,0,0,0,0,0,0,50,0,0,0,625,detection,
625905,17,21,1300,1300,0,0,0,0,0,0,40,0,0,0,625,detection,
627749,7,20,1044,1044,0,0,0,0,0,0,42,0,0,0,627,detection,
628964,1,26,1450,1450,0,0,0,0,0,0,34,0,0,0,628,detection,
629858,20,13,1676,1676,0,0,0,0,0,0,33,0,0,0,629,detection,
629940,23,19,1727,1727,0,0,0,0,0,0,43,0,0,0,629,detection,
630022,6,19,1727,1727,0,0,0,0,0,0,46,0,0,0,630,detection,
630026,12,19,1727,1727,0,0,0,0,0,0,32,0,0,0,630,detection,
630804,1,21,1300,1300,0,0,0,0,0,0,16,0,0,0,630,detection,
630871,26,21,1300,1300,0,0,0,0,0,0,46,0,0,0,630,detection,
632939,22,31,276,1959,-1683,100,100,100,100,0,46,0,62,40,632,detection,
632972,5,31,276,1959,-1683,100,100,100,87,0,43,0,66,55,632,detection,
633371,28,6,1274,1274,0,0,0,0,0,0,46,0,0,0,633,detection,
634450,14,23,1409,1409,0,0,0,0,0,0,56,0,0,0,634,detection,
634476,20,13,1676,1676,0,0,0,0,0,0,32,0,0,0,634,detection,
635597,27,30,276,1611,-1335,100,100,100,77,0,45,0,62,40,635,detection,
638226,13,22,788,788,0,0,0,0,0,0,48,0,0,0,638,detection,
641628,28,6,1381,1381,0,0,0,0,0,0,57,0,0,0,641,detection,
642311,22,13,1300,1300,0,0,0,0,0,0,43,0,0,0,642,detection,
642335,2,13,1300,1300,0,0,0,0,0,0,40,0,0,0,642,detection,
642353,20,13,1300,1300,0,0,0,0,0,0,35,0,0,0,642,detection,
642374,7,13,1300,1300,0,0,0,0,0,0,38,0,0,0,642,detection,
642375,25,13,1300,1300,0,0,0,0,0,0,38,0,0,0,642,detection,
642418,4,13,1300,1300,0,0,0,0,0,0,36,0,0,0,642,detection,
643496,7,20,788,788,0,0,0,0,0,0,45,0,0,0,643,detection,
643853,13,22,788,788,0,0,0,0,0,0,47,0,0,0,643,detection,
643867,25,22,788,788,0,0,0,0,0,0,33,0,0,0,643,detection,
646864,1,21,1300,1300,0,0,0,0,0,0,16,0,0,0,646,detection,
646869,26,21,1300,1300,0,0,0,0,0,0,45,0,0,0,646,detection,
646894,16,21,1300,1300,0,0,0,0,0,0,49,0,0,0,646,detection,
647602,20,9,1300,1300,0,0,0,0,0,0,43,0,0,0,647,detection,
650779,6,28,1300,1300,0,0,0,0,0,0,46,0,0,0,650,detection,
655675,1,26,768,768,0,0,0,0,0,0,38,0,0,0,655,detection,
656238,25,13,1812,1812,0,0,0,0,0,0,40,0,0,0,656,detection,
656246,7,13,1812,1812,0,0,0,0,0,0,42,0,0,0,656,detection,
656286,4,13,1812,1812,0,0,0,0,0,0,38,0,0,0,656,detection,
656307,10,13,1812,1812,0,0,0,0,0,0,38,0,0,0,656,detection,
657935,18,27,1409,1409,0,0,0,0,0,0,38,0,0,0,657,detection,
659030,15,5,739,739,0,0,0,0,0,0,43,0,0,0,659,detection,
664058,18,27,1409,1409,0,0,0,0,0,0,38,0,0,0,664,detection,
664120,26,27,1409,1409,0,0,0,0,0,0,37,0,0,0,664,detection,
664524,12,4,885,885,0,0,0,0,0,0,46,0,0,0,664,detection,
664529,17,4,885,885,0,0,0,0,0,0,51,0,0,0,664,detection,
664608,9,4,885,885,0,0,0,0,0,0,49,0,0,0,664,detection,
667070,23,14,1812,1812,0,0,0,0,0,0,35,0,0,0,667,detection,
669833,14,23,1800,1800,0,0,0,0,0,0,54,0,0,0,669,detection,
669858,19,23,1800,1800,0,0,0,0,0,0,45,0,0,0,669,detection,
671151,17,10,1044,1044,0,0,0,0,0,0,44,0,0,0,671,detection,
671206,2,10,1044,1044,0,0,0,0,0,0,39,0,0,0,671,detection,
671431,10,13,1812,1812,0,0,0,0,0,0,41,0,0,0,671,detection,
671473,8,13,1812,1812,0,0,0,0,0,0,33,0,0,0,671,detection,
672426,1,21,537,537,0,0,0,0,0,0,22,0,0,0,672,detection,
672519,16,21,537,537,0,0,0,0,0,0,51,0,0,0,672,detection,
672751,7,29,276,768,-492,92,100,100,76,10,37,0,74,55,672,detection,
672861,9,22,532,532,0,0,0,0,0,0,33,0,0,0,672,detection,
674724,27,18,768,768,0,0,0,0,0,0,29,0,0,0,674,detection,
674776,15,18,768,768,0,0,0,0,0,0,33,0,0,0,674,detection,
675761,24,23,512,512,0,0,0,0,0,0,37,0,0,0,675,detection,
675845,8,7,788,788,0,0,0,0,0,0,40,0,0,0,675,detection,
676345,5,31,276,1300,-1024,100,100,100,90,0,45,0,62,40,676,detection,
676653,15,12,1397,1397,0,0,0,0,0,0,38,0,0,0,676,detection,
677035,16,26,512,512,0,0,0,0,0,0,54,0,0,0,677,detection,
677046,1,26,512,512,0,0,0,0,0,0,40,0,0,0,677,detection,
678620,28,24,1024,1024,0,0,0,0,0,0,47,0,0,0,678,detection,
679209,2,22,532,532,0,0,0,0,0,0,42,0,0,0,679,detection,
679230,9,22,532,532,0,0,0,0,0,0,34,0,0,0,679,detection,
679616,25,2,1128,1128,0,0,0,0,0,0,36,0,0,0,679,detection,
682102,20,9,1044,1044,0,0,0,0,0,0,42,0,0,0,682,detection,
686221,5,12,1397,1397,0,0,0,0,0,0,39,0,0,0,686,detection,
686277,15,12,1397,1397,0,0,0,0,0,0,37,0,0,0,686,detection,
686407,17,25,1640,1640,0,0,0,0,0,0,33,0,0,0,686,detection,
687637,11,16,1024,1024,0,0,0,0,0,0,44,0,0,0,687,detection,
687699,14,16,1024,1024,0,0,0,0,0,0,37,0,0,0,687,detection,
688735,9,20,1176,1176,0,0,0,0,0,0,51,0,0,0,688,detection,
688760,24,20,1176,1176,0,0,0,0,0,0,46,0,0,0,688,detection,
688777,6,20,1176,1176,0,0,0,0,0,0,61,0,0,0,688,detection,
689115,25,2,1556,1556,0,0,0,0,0,0,46,0,0,0,689,detection,
689236,9,30,276,1556,-1280,100,100,100,100,10,34,0,79,55,689,detection,
689244,25,30,276,1556,-1280,100,100,100,71,0,47,0,61,40,689,detection,
689262,21,30,276,1556,-1280,100,100,100,100,10,34,0,79,55,689,detection,
689288,4,30,276,1556,-1280,100,100,100,74,0,39,0,71,55,689,detection,
690006,24,23,580,580,0,0,0,0,0,0,36,0,0,0,690,detection,
691014,11,5,788,788,0,0,0,0,0,0,38,0,0,0,691,detection,
691369,26,27,768,768,0,0,0,0,0,0,40,0,0,0,691,detection,
692098,8,18,1280,1280,0,0,0,0,0,0,34,0,0,0,692,detection,
692153,15,18,1280,1280,0,0,0,0,0,0,37,0,0,0,692,detection,
693902,17,10,2100,2100,0,0,0,0,0,0,48,0,0,0,693,detection,
694612,25,30,276,1300,-1024,100,100,100,33,0,49,0,57,40,694,detection,
694714,2,30,276,1300,-1024,100,100,100,36,0,49,0,57,40,694,detection,
696147,6,28,1024,1024,0,0,0,0,0,0,49,0,0,0,696,detection,
698887,11,5,788,788,0,0,0,0,0,0,38,0,0,0,698,detection,
699022,6,24,887,887,0,0,0,0,0,0,34,0,0,0,699,detection,
699565,23,16,836,836,0,0,0,0,0,0,37,0,0,0,699,detection,
699569,14,16,836,836,0,0,0,0,0,0,39,0,0,0,699,detection,
699619,1,16,836,836,0,0,0,0,0,0,24,0,0,0,699,detection,
699620,26,16,836,836,0,0,0,0,0,0,36,0,0,0,699,detection,
700630,24,20,1342,1342,0,0,0,0,0,0,48,0,0,0,700,detection,
704432,18,13,1812,1812,0,0,0,0,0,0,50,0,0,0,704,detection,
704436,22,13,1812,1812,0,0,0,0,0,0,49,0,0,0,704,detection,
704457,2,13,1812,1812,0,0,0,0,0,0,50,0,0,0,704,detection,
704459,1,26,512,512,0,0,0,0,0,0,41,0,0,0,704,detection,
704470,8,13,1812,1812,0,0,0,0,0,0,45,0,0,0,704,detection,
704495,28,13,1812,1812,0,0,0,0,0,0,41,0,0,0,704,detection,
704523,16,26,512,512,0,0,0,0,0,0,55,0,0,0,704,detection,
705277,15,18,1300,1300,0,0,0,0,0,0,40,0,0,0,705,detection,
706276,15,18,1044,1044,0,0,0,0,0,0,38,0,0,0,706,detection,
707965,2,8,1300,1300,0,0,0,0,0,0,36,0,0,0,707,detection,
708023,3,8,1300,1300,0,0,0,0,0,0,28,0,0,0,708,detection,
708033,17,8,1300,1300,0,0,0,0,0,0,44,0,0,0,708,detection,
708062,22,8,1300,1300,0,0,0,0,0,0,42,0,0,0,708,detection,
708690,23,14,1033,1033,0,0,0,0,0,0,42,0,0,0,708,detection,
709657,17,30,276,1368,-1092,100,100,100,4,0,48,0,59,40,709,detection,
709684,10,30,276,1368,-1092,100,100,100,67,0,36,0,76,55,709,detection,
709722,8,30,276,1368,-1092,100,100,100,49,0,36,0,76,55,709,detection,
710402,17,10,788,788,0,0,0,0,0,0,50,0,0,0,710,detection,
710458,2,10,788,788,0,0,0,0,0,0,43,0,0,0,710,detection,
710470,8,10,788,788,0,0,0,0,0,0,36,0,0,0,710,detection,
712027,12,18,1044,1044,0,0,0,0,0,0,28,0,0,0,712,detection,
714506,24,20,1067,1067,0,0,0,0,0,0,51,0,0,0,714,detection,
715403,17,25,1245,1245,0,0,0,0,0,0,43,0,0,0,715,detection,
717030,17,8,1792,1792,0,0,0,0,0,0,48,0,0,0,717,detection,
717060,22,8,1792,1792,0,0,0,0,0,0,45,0,0,0,717,detection,
717108,20,6,512,512,0,0,0,0,0,0,49,0,0,0,717,detection,
717114,25,8,1792,1792,0,0,0,0,0,0,48,0,0,0,717,detection,
717119,13,8,1792,1792,0,0,0,0,0,0,28,0,0,0,717,detection,
717156,15,11,926,926,0,0,0,0,0,0,52,0,0,0,717,detection,
717220,5,11,926,926,0,0,0,0,0,0,47,0,0,0,717,detection,
717822,1,12,1556,1556,0,0,0,0,0,0,34,0,0,0,717,detection,
722504,24,20,811,811,0,0,0,0,0,0,49,0,0,0,722,detection,
723493,26,16,836,836,0,0,0,0,0,0,37,0,0,0,723,detection,
723498,1,16,836,836,0,0,0,0,0,0,25,0,0,0,723,detection,
723511,11,16,836,836,0,0,0,0,0,0,44,0,0,0,723,detection,
723527,12,16,836,836,0,0,0,0,0,0,44,0,0,0,723,detection,
723541,4,16,836,836,0,0,0,0,0,0,41,0,0,0,723,detection,
723558,18,16,836,836,0,0,0,0,0,0,33,0,0,0,723,detection,
723570,14,16,836,836,0,0,0,0,0,0,36,0,0,0,723,detection,
725584,2,13,1812,1812,0,0,0,0,0,0,53,0,0,0,725,detection,
726196,14,23,573,573,0,0,0,0,0,0,58,0,0,0,726,detection,
727470,8,18,1044,1044,0,0,0,0,0,0,37,0,0,0,727,detection,
728750,1,31,276,1024,-748,100,100,100,94,0,18,0,96,100,728,detection,
735273,3,10,2375,2375,0,0,0,0,0,0,52,0,0,0,735,detection,
735276,17,10,2375,2375,0,0,0,0,0,0,59,0,0,0,735,detection,
735705,1,12,1348,1348,0,0,0,0,0,0,37,0,0,0,735,detection,
735715,5,12,1348,1348,0,0,0,0,0,0,43,0,0,0,735,detection,
735774,15,12,1348,1348,0,0,0,0,0,0,41,0,0,0,735,detection,
735791,4,12,1348,1348,0,0,0,0,0,0,51,0,0,0,735,detection,
738026,17,25,1245,1245,0,0,0,0,0,0,41,0,0,0,738,detection,
738352,13,2,1438,1438,0,0,0,0,0,0,41,0,0,0,738,detection,
738361,25,2,1438,1438,0,0,0,0,0,0,48,0,0,0,738,detection,
738841,1,13,1846,1846,0,0,0,0,0,0,27,0,0,0,738,detection,
738904,15,13,1846,1846,0,0,0,0,0,0,50,0,0,0,738,detection,
740835,2,30,276,1607,-1331,100,100,100,41,0,46,0,62,40,740,detection,
740864,25,30,276,1607,-1331,100,100,100,42,0,43,0,66,55,740,detection,
740902,3,30,276,1607,-1331,100,100,100,89,0,38,0,72,75,740,detection,
740908,17,30,276,1607,-1331,100,100,100,33,0,43,0,66,55,740,detection,
740942,10,30,276,1607,-1331,100,100,100,36,0,36,0,76,55,740,detection,
743112,25,22,788,788,0,0,0,0,0,0,37,0,0,0,743,detection,
743503,1,31,276,1024,-748,100,100,100,0,0,17,0,97,100,743,detection,
744153,15,5,1297,1297,0,0,0,0,0,0,49,0,0,0,744,detection,
746819,23,4,788,788,0,0,0,0,0,0,47,0,0,0,746,detection,
746849,27,4,788,788,0,0,0,0,0,0,48,0,0,0,746,detection,
750900,16,10,788,788,0,0,0,0,0,0,36,0,0,0,750,detection,
750975,8,10,788,788,0,0,0,0,0,0,39,0,0,0,750,detection,
752190,23,4,557,557,0,0,0,0,0,0,48,0,0,0,752,detection,
752283,1,16,768,768,0,0,0,0,0,0,27,0,0,0,752,detection,
752305,10,16,768,768,0,0,0,0,0,0,42,0,0,0,752,detection,
753963,2,22,1556,1556,0,0,0,0,0,0,45,0,0,0,753,detection,
753988,19,22,1556,1556,0,0,0,0,0,0,49,0,0,0,753,detection,
753988,25,22,1556,1556,0,0,0,0,0,0,40,0,0,0,753,detection,
754149,6,5,1280,1280,0,0,0,0,0,0,31,0,0,0,754,detection,
754447,23,15,1300,1300,0,0,0,0,0,0,29,0,0,0,754,detection,
754472,5,15,1300,1300,0,0,0,0,0,0,48,0,0,0,754,detection,
754887,7,9,1688,1688,0,0,0,0,0,0,39,0,0,0,754,detection,
754997,26,9,1688,1688,0,0,0,0,0,0,54,0,0,0,754,detection,
756718,8,18,1348,1348,0,0,0,0,0,0,41,0,0,0,756,detection,
758987,25,2,1556,1556,0,0,0,0,0,0,50,0,0,0,758,detection,
759959,1,31,276,1579,-1303,100,100,100,100,0,20,0,96,100,759,detection,
760020,16,8,1300,1300,0,0,0,0,0,0,38,0,0,0,760,detection,
760651,17,25,1108,1108,0,0,0,0,0,0,39,0,0,0,760,detection,
760984,19,22,1300,1300,0,0,0,0,0,0,51,0,0,0,760,detection,
760987,25,22,1300,1300,0,0,0,0,0,0,43,0,0,0,760,detection,
761082,2,22,1300,1300,0,0,0,0,0,0,43,0,0,0,761,detection,
761106,13,20,1342,1342,0,0,0,0,0,0,32,0,0,0,761,detection,
761106,9,20,1342,1342,0,0,0,0,0,0,50,0,0,0,761,detection,
762527,17,25,1108,1108,0,0,0,0,0,0,37,0,0,0,762,detection,
762972,2,30,276,1620,-1344,100,100,100,1,0,45,0,62,40,762,detection,
762990,25,30,276,1620,-1344,100,100,100,1,0,45,0,62,40,762,detection,
763018,11,30,276,1620,-1344,100,100,100,0,0,41,0,69,55,763,detection,
763382,21,16,768,768,0,0,0,0,0,0,39,0,0,0,763,detection,
766243,26,8,1024,1024,0,0,0,0,0,0,45,0,0,0,766,detection,
766272,16,8,1024,1024,0,0,0,0,0,0,42,0,0,0,766,detection,
770884,1,12,788,788,0,0,0,0,0,0,37,0,0,0,770,detection,
770901,15,12,788,788,0,0,0,0,0,0,41,0,0,0,770,detection,
770927,4,12,788,788,0,0,0,0,0,0,50,0,0,0,770,detection,
771279,17,25,1300,1300,0,0,0,0,0,0,41,0,0,0,771,detection,
771357,20,7,532,532,0,0,0,0,0,0,46,0,0,0,771,detection,
771362,9,7,532,532,0,0,0,0,0,0,41,0,0,0,771,detection,
775613,25,30,276,1044,-768,100,100,100,75,0,50,0,56,40,775,detection,
775657,17,30,276,1044,-768,100,100,100,73,0,50,0,56,40,775,detection,
775690,22,30,276,1044,-768,100,100,100,0,0,37,0,74,55,775,detection,
775708,2,30,276,1044,-768,100,100,100,75,0,50,0,56,40,775,detection,
777139,1,13,2055,2055,0,0,0,0,0,0,38,0,0,0,777,detection,
777169,4,13,2055,2055,0,0,0,0,0,0,59,0,0,0,777,detection,
777194,23,13,2055,2055,0,0,0,0,0,0,47,0,0,0,777,detection,
777224,27,13,2055,2055,0,0,0,0,0,0,51,0,0,0,777,detection,
777227,20,13,2055,2055,0,0,0,0,0,0,55,0,0,0,777,detection,
777236,9,13,2055,2055,0,0,0,0,0,0,52,0,0,0,777,detection,
777249,7,13,2055,2055,0,0,0,0,0,0,62,0,0,0,777,detection,
779026,17,25,1044,1044,0,0,0,0,0,0,40,0,0,0,779,detection,
779112,25,2,532,532,0,0,0,0,0,0,56,0,0,0,779,detection,
779146,3,2,532,532,0,0,0,0,0,0,41,0,0,0,779,detection,
779863,25,30,276,788,-512,100,100,100,33,0,50,0,56,40,779,detection,
779902,17,30,276,788,-512,100,99,100,33,0,51,0,56,40,779,detection,
779936,22,30,276,788,-512,100,100,100,38,0,37,0,74,55,779,detection,
779961,2,30,276,788,-512,100,99,100,33,0,51,0,56,40,779,detection,
780917,1,13,1078,1078,0,0,0,0,0,0,36,0,0,0,780,detection,
780938,23,13,1078,1078,0,0,0,0,0,0,51,0,0,0,780,detection,
780975,20,13,1078,1078,0,0,0,0,0,0,58,0,0,0,780,detection,
780980,9,13,1078,1078,0,0,0,0,0,0,54,0,0,0,780,detection,
780997,7,13,1078,1078,0,0,0,0,0,0,64,0,0,0,780,detection,
785997,28,19,687,687,0,0,0,0,0,0,40,0,0,0,785,detection,
788265,1,31,276,822,-546,100,100,100,100,0,24,0,91,100,788,detection,
788282,15,31,276,822,-546,100,100,100,91,0,28,0,87,100,788,detection,
789734,25,2,1199,1199,0,0,0,0,0,0,56,0,0,0,789,detection,
789769,3,2,1199,1199,0,0,0,0,0,0,41,0,0,0,789,detection,
789824,14,2,1199,1199,0,0,0,0,0,0,40,0,0,0,789,detection,
789966,1,12,859,859,0,0,0,0,0,0,36,0,0,0,789,detection,
790028,15,12,859,859,0,0,0,0,0,0,41,0,0,0,790,detection,
790693,23,13,1078,1078,0,0,0,0,0,0,47,0,0,0,790,detection,
790745,28,11,1715,1715,0,0,0,0,0,0,56,0,0,0,790,detection,
790775,16,18,998,998,0,0,0,0,0,0,34,0,0,0,790,detection,
790841,8,18,998,998,0,0,0,0,0,0,44,0,0,0,790,detection,
791879,7,29,276,788,-512,100,100,100,2,0,40,0,71,55,791,detection,
792989,19,14,788,788,0,0,0,0,0,0,32,0,0,0,792,detection,
793607,1,13,788,788,0,0,0,0,0,0,39,0,0,0,793,detection,
793620,7,13,788,788,0,0,0,0,0,0,62,0,0,0,793,detection,
793689,23,13,788,788,0,0,0,0,0,0,50,0,0,0,793,detection,
793719,27,13,788,788,0,0,0,0,0,0,55,0,0,0,793,detection,
795885,21,10,1786,1786,0,0,0,0,0,0,41,0,0,0,795,detection,
796682,10,21,2145,2145,0,0,0,0,0,0,43,0,0,0,796,detection,
799793,1,31,276,854,-578,100,100,100,6,0,19,0,97,100,799,detection,
799811,18,31,276,854,-578,100,100,100,96,11,28,0,87,100,799,detection,
799815,22,31,276,854,-578,100,100,100,100,0,50,0,56,40,799,detection,
799848,5,31,276,854,-578,100,100,100,60,0,46,0,62,40,799,detection,
800153,12,18,1000,1000,0,0,0,0,0,0,37,0,0,0,800,detection,
802269,16,21,1300,1300,0,0,0,0,0,0,53,0,0,0,802,detection,
802304,10,21,1300,1300,0,0,0,0,0,0,45,0,0,0,802,detection,
802358,19,14,788,788,0,0,0,0,0,0,32,0,0,0,802,detection,
802494,28,11,1274,1274,0,0,0,0,0,0,59,0,0,0,802,detection,
803147,1,16,1322,1322,0,0,0,0,0,0,31,0,0,0,803,detection,
803151,12,16,1322,1322,0,0,0,0,0,0,53,0,0,0,803,detection,
803223,8,16,1322,1322,0,0,0,0,0,0,46,0,0,0,803,detection,
803486,9,22,788,788,0,0,0,0,0,0,33,0,0,0,803,detection,
803975,27,18,788,788,0,0,0,0,0,0,32,0,0,0,803,detection,
804007,8,18,788,788,0,0,0,0,0,0,48,0,0,0,804,detection,
804009,21,18,788,788,0,0,0,0,0,0,37,0,0,0,804,detection,
804023,12,18,788,788,0,0,0,0,0,0,41,0,0,0,804,detection,
804023,16,18,788,788,0,0,0,0,0,0,37,0,0,0,804,detection,
804121,7,13,788,788,0,0,0,0,0,0,61,0,0,0,804,detection,
804126,1,13,788,788,0,0,0,0,0,0,39,0,0,0,804,detection,
804148,16,13,788,788,0,0,0,0,0,0,41,0,0,0,804,detection,
804181,10,13,788,788,0,0,0,0,0,0,44,0,0,0,804,detection,
804182,18,13,788,788,0,0,0,0,0,0,53,0,0,0,804,detection,
804208,2,13,788,788,0,0,0,0,0,0,56,0,0,0,804,detection,
804228,20,13,788,788,0,0,0,0,0,0,60,0,0,0,804,detection,
804231,27,13,788,788,0,0,0,0,0,0,54,0,0,0,804,detection,
809356,9,22,788,788,0,0,0,0,0,0,32,0,0,0,809,detection,
809472,5,22,788,788,0,0,0,0,0,0,42,0,0,0,809,detection,
809569,14,2,968,968,0,0,0,0,0,0,41,0,0,0,809,detection,
809603,13,2,968,968,0,0,0,0,0,0,44,0,0,0,809,detection,
809611,25,2,968,968,0,0,0,0,0,0,56,0,0,0,809,detection,
809888,1,21,1300,1300,0,0,0,0,0,0,24,0,0,0,809,detection,
811233,9,7,672,672,0,0,0,0,0,0,41,0,0,0,811,detection,
813108,20,7,532,532,0,0,0,0,0,0,49,0,0,0,813,detection,
813232,20,8,1834,1834,0,0,0,0,0,0,48,0,0,0,813,detection,
813341,1,21,1300,1300,0,0,0,0,0,0,27,0,0,0,813,detection,
813370,26,21,1300,1300,0,0,0,0,0,0,43,0,0,0,813,detection,
813933,18,10,1556,1556,0,0,0,0,0,0,41,0,0,0,813,detection,
814377,7,9,788,788,0,0,0,0,0,0,43,0,0,0,814,detection,
814501,7,29,276,762,-486,100,100,100,3,0,39,0,71,55,814,detection,
816657,1,16,788,788,0,0,0,0,0,0,34,0,0,0,816,detection,
816667,4,16,788,788,0,0,0,0,0,0,42,0,0,0,816,detection,
817682,18,13,1115,1115,0,0,0,0,0,0,59,0,0,0,817,detection,
817686,22,13,1115,1115,0,0,0,0,0,0,55,0,0,0,817,detection,
817724,8,13,1115,1115,0,0,0,0,0,0,52,0,0,0,817,detection,
817728,20,13,1115,1115,0,0,0,0,0,0,62,0,0,0,817,detection,
817746,7,13,1115,1115,0,0,0,0,0,0,67,0,0,0,817,detection,
821494,26,21,1300,1300,0,0,0,0,0,0,42,0,0,0,821,detection,
821528,17,21,1300,1300,0,0,0,0,0,0,40,0,0,0,821,detection,
821558,1,21,1300,1300,0,0,0,0,0,0,26,0,0,0,821,detection,
821558,18,21,1300,1300,0,0,0,0,0,0,38,0,0,0,821,detection,
821562,22,21,1300,1300,0,0,0,0,0,0,46,0,0,0,821,detection,
822076,1,13,1140,1140,0,0,0,0,0,0,44,0,0,0,822,detection,
822094,8,13,1140,1140,0,0,0,0,0,0,54,0,0,0,822,detection,
822101,20,13,1140,1140,0,0,0,0,0,0,64,0,0,0,822,detection,
822106,9,13,1140,1140,0,0,0,0,0,0,62,0,0,0,822,detection,
822114,25,13,1140,1140,0,0,0,0,0,0,45,0,0,0,822,detection,
822120,28,13,1140,1140,0,0,0,0,0,0,47,0,0,0,822,detection,
822123,7,13,1140,1140,0,0,0,0,0,0,68,0,0,0,822,detection,
822145,16,13,1140,1140,0,0,0,0,0,0,46,0,0,0,822,detection,
822179,18,13,1140,1140,0,0,0,0,0,0,60,0,0,0,822,detection,
822180,10,13,1140,1140,0,0,0,0,0,0,45,0,0,0,822,detection,
822184,22,13,1140,1140,0,0,0,0,0,0,56,0,0,0,822,detection,
823432,1,16,788,788,0,0,0,0,0,0,27,0,0,0,823,detection,
823436,22,16,788,788,0,0,0,0,0,0,34,0,0,0,823,detection,
823496,26,16,788,788,0,0,0,0,0,0,40,0,0,0,823,detection,
823730,20,9,532,532,0,0,0,0,0,0,47,0,0,0,823,detection,
823748,7,9,532,532,0,0,0,0,0,0,44,0,0,0,823,detection,
826843,5,22,813,813,0,0,0,0,0,0,41,0,0,0,826,detection,
826847,8,22,813,813,0,0,0,0,0,0,47,0,0,0,826,detection,
826868,25,22,813,813,0,0,0,0,0,0,45,0,0,0,826,detection,
827609,19,14,731,731,0,0,0,0,0,0,32,0,0,0,827,detection,
827728,20,8,1044,1044,0,0,0,0,0,0,51,0,0,0,827,detection,
827815,22,8,1044,1044,0,0,0,0,0,0,48,0,0,0,827,detection,
834355,20,8,1044,1044,0,0,0,0,0,0,51,0,0,0,834,detection,
834364,25,8,1044,1044,0,0,0,0,0,0,52,0,0,0,834,detection,
834433,22,8,1044,1044,0,0,0,0,0,0,44,0,0,0,834,detection,
835607,19,14,736,736,0,0,0,0,0,0,32,0,0,0,835,detection,
835887,21,30,276,3324,-3048,100,100,100,100,0,77,0,49,40,835,detection,
835893,11,30,276,3324,-3048,100,100,100,100,0,68,0,49,40,835,detection,
835901,16,30,276,3324,-3048,100,100,100,100,7,73,0,49,40,835,detection,
835905,12,30,276,3324,-3048,100,100,100,100,0,64,0,49,40,835,detection,
835905,17,30,276,3324,-3048,100,100,100,100,0,78,0,49,40,835,detection,
835910,15,30,276,3324,-3048,100,100,100,100,0,64,0,49,40,835,detection,
836647,16,21,1018,1018,0,0,0,0,0,0,56,0,0,0,836,detection,
836655,1,21,1018,1018,0,0,0,0,0,0,29,0,0,0,836,detection,
837971,5,12,788,788,0,0,0,0,0,0,46,0,0,0,837,detection,
838014,11,12,788,788,0,0,0,0,0,0,35,0,0,0,838,detection,
838814,22,10,1556,1556,0,0,0,0,0,0,35,0,0,0,838,detection,
839750,28,29,276,1155,-879,100,100,100,17,0,44,0,64,40,839,detection,
841115,13,20,844,844,0,0,0,0,0,0,37,0,0,0,841,detection,
841237,19,11,788,788,0,0,0,0,0,0,44,0,0,0,841,detection,
841258,24,11,788,788,0,0,0,0,0,0,46,0,0,0,841,detection,
841272,12,11,788,788,0,0,0,0,0,0,54,0,0,0,841,detection,
841280,15,11,788,788,0,0,0,0,0,0,55,0,0,0,841,detection,
842245,26,16,788,788,0,0,0,0,0,0,43,0,0,0,842,detection,
842253,1,16,788,788,0,0,0,0,0,0,30,0,0,0,842,detection,
842257,21,16,788,788,0,0,0,0,0,0,38,0,0,0,842,detection,
842260,11,16,788,788,0,0,0,0,0,0,44,0,0,0,842,detection,
842289,4,16,788,788,0,0,0,0,0,0,44,0,0,0,842,detection,
842322,14,16,788,788,0,0,0,0,0,0,39,0,0,0,842,detection,
842344,8,16,788,788,0,0,0,0,0,0,44,0,0,0,842,detection,
842356,13,16,788,788,0,0,0,0,0,0,35,0,0,0,842,detection,
842664,1,13,1044,1044,0,0,0,0,0,0,43,0,0,0,842,detection,
842665,4,13,1044,1044,0,0,0,0,0,0,62,0,0,0,842,detection,
844366,1,31,276,1572,-1296,100,100,100,100,0,24,0,91,100,844,detection,
845090,5,12,532,532,0,0,0,0,0,0,43,0,0,0,845,detection,
845137,11,12,532,532,0,0,0,0,0,0,36,0,0,0,845,detection,
845150,15,12,532,532,0,0,0,0,0,0,46,0,0,0,845,detection,
846778,15,11,788,788,0,0,0,0,0,0,54,0,0,0,846,detection,
846859,19,11,788,788,0,0,0,0,0,0,44,0,0,0,846,detection,
847521,16,8,1248,1248,0,0,0,0,0,0,42,0,0,0,847,detection,
849855,13,2,1044,1044,0,0,0,0,0,0,44,0,0,0,849,detection,
855854,13,8,1325,1325,0,0,0,0,0,0,32,0,0,0,855,detection,
856122,28,5,1163,1163,0,0,0,0,0,0,46,0,0,0,856,detection,
856719,5,14,973,973,0,0,0,0,0,0,37,0,0,0,856,detection,
857729,13,2,1044,1044,0,0,0,0,0,0,44,0,0,0,857,detection,
857823,14,2,1044,1044,0,0,0,0,0,0,44,0,0,0,857,detection,
859448,1,31,276,1578,-1302,100,100,100,0,0,29,0,86,100,859,detection,
861575,1,12,532,532,0,0,0,0,0,0,32,0,0,0,861,detection,
862896,16,8,1325,1325,0,0,0,0,0,0,45,0,0,0,862,detection,
863405,15,18,762,762,0,0,0,0,0,0,41,0,0,0,863,detection,
864182,10,30,276,1044,-768,100,100,100,82,0,39,0,71,55,864,detection,
864803,17,21,813,813,0,0,0,0,0,0,44,0,0,0,864,detection,
866027,11,19,867,867,0,0,0,0,0,0,44,0,0,0,866,detection,
866523,16,8,1485,1485,0,0,0,0,0,0,49,0,0,0,866,detection,
866536,4,8,1485,1485,0,0,0,0,0,0,40,0,0,0,866,detection,
869526,15,18,969,969,0,0,0,0,0,0,42,0,0,0,869,detection,
871055,1,13,788,788,0,0,0,0,0,0,45,0,0,0,871,detection,
871556,10,30,276,1044,-768,100,100,100,0,0,38,0,72,55,871,detection,
871590,2,30,276,1044,-768,100,100,100,32,0,53,0,56,40,871,detection,
871599,27,30,276,1044,-768,100,100,100,78,0,44,0,64,40,871,detection,
871638,11,30,276,1044,-768,100,100,100,100,0,72,0,49,40,871,detection,
871649,3,30,276,1044,-768,100,100,100,80,0,41,0,69,75,871,detection,
871650,12,30,276,1044,-768,100,100,100,100,0,68,0,49,40,871,detection,
871663,4,30,276,1044,-768,100,100,100,71,0,43,0,66,55,871,detection,
875130,24,11,1044,1044,0,0,0,0,0,0,48,0,0,0,875,detection,
876089,2,8,1485,1485,0,0,0,0,0,0,40,0,0,0,876,detection,
876126,20,8,1485,1485,0,0,0,0,0,0,53,0,0,0,876,detection,
876144,16,8,1485,1485,0,0,0,0,0,0,49,0,0,0,876,detection,
876196,14,8,1485,1485,0,0,0,0,0,0,43,0,0,0,876,detection,
876743,28,5,788,788,0,0,0,0,0,0,51,0,0,0,876,detection,
879808,18,31,276,2071,-1795,100,100,100,100,7,62,0,53,40,879,detection,
881901,15,18,1155,1155,0,0,0,0,0,0,43,0,0,0,881,detection,
882591,5,14,1008,1008,0,0,0,0,0,0,37,0,0,0,882,detection,
883065,1,13,788,788,0,0,0,0,0,0,46,0,0,0,883,detection,
883082,2,13,788,788,0,0,0,0,0,0,62,0,0,0,883,detection,
883611,9,20,1325,1325,0,0,0,0,0,0,49,0,0,0,883,detection,
883992,28,5,788,788,0,0,0,0,0,0,52,0,0,0,883,detection,
886011,11,19,1063,1063,0,0,0,0,0,0,42,0,0,0,886,detection,
887288,1,12,1292,1292,0,0,0,0,0,0,35,0,0,0,887,detection,
887762,11,30,276,1300,-1024,100,100,100,26,0,76,0,49,40,887,detection,
887775,12,30,276,1300,-1024,100,100,100,27,0,71,0,49,40,887,detection,
887775,16,30,276,1300,-1024,100,100,100,100,0,71,0,49,40,887,detection,
887810,18,30,276,1300,-1024,100,100,100,100,11,32,0,81,55,887,detection,
887847,27,30,276,1300,-1024,100,100,100,34,0,47,0,61,40,887,detection,
889805,18,31,276,2015,-1739,100,100,100,6,0,57,0,56,40,889,detection,
890092,5,12,1049,1049,0,0,0,0,0,0,45,0,0,0,890,detection,
890360,19,11,1044,1044,0,0,0,0,0,0,44,0,0,0,890,detection,
890446,23,11,1044,1044,0,0,0,0,0,0,46,0,0,0,890,detection,
891449,14,18,788,788,0,0,0,0,0,0,36,0,0,0,891,detection,
891470,8,18,788,788,0,0,0,0,0,0,47,0,0,0,891,detection,
891476,27,18,788,788,0,0,0,0,0,0,35,0,0,0,891,detection,
891544,12,18,788,788,0,0,0,0,0,0,44,0,0,0,891,detection,
892731,13,10,788,788,0,100,0,0,0,0,46,0,62,40,892,detection,
894793,4,21,995,995,0,0,0,0,0,0,42,0,0,0,894,detection,
895473,27,8,1300,1300,0,0,0,0,0,0,44,0,0,0,895,detection,
896355,13,22,1639,1639,0,0,0,0,0,0,58,0,0,0,896,detection,
896555,10,13,1044,1044,0,0,0,0,0,0,50,0,0,0,896,detection,
898333,1,16,788,788,0,0,0,0,0,0,35,0,0,0,898,detection,
898352,13,16,788,788,0,0,0,0,0,0,43,0,0,0,898,detection,
898399,12,16,788,788,0,0,0,0,0,0,59,0,0,0,898,detection,
898432,10,16,788,788,0,0,0,0,0,0,44,0,0,0,898,detection,
898449,14,16,788,788,0,0,0,0,0,0,44,0,0,0,898,detection,
899299,1,10,859,859,0,72,0,0,0,0,26,0,86,100,899,detection,
899309,22,10,859,859,0,72,0,0,0,0,46,0,63,40,899,detection,
899356,13,10,859,859,0,72,0,0,0,0,50,0,57,40,899,detection,
899625,28,5,788,788,0,0,0,0,0,0,50,0,0,0,899,detection,
901529,6,19,1254,1254,0,0,0,0,0,0,50,0,0,0,901,detection,
901731,9,7,1556,1556,0,0,0,0,0,0,45,0,0,0,901,detection,
902752,7,8,1556,1556,0,0,0,0,0,0,42,0,0,0,902,detection,
903001,7,29,276,1556,-1280,100,100,100,100,0,45,0,62,40,903,detection,
905497,28,13,1115,1115,0,0,0,0,0,0,53,0,0,0,905,detection,
906611,19,23,788,788,0,0,0,0,0,0,48,0,0,0,906,detection,
906649,6,23,788,788,0,0,0,0,0,0,45,0,0,0,906,detection,
906991,25,4,1129,1129,0,0,0,0,0,0,49,0,0,0,906,detection,
913373,1,31,276,1996,-1720,100,100,100,68,0,29,0,86,100,913,detection,
913875,7,29,276,1018,-742,100,100,100,72,0,46,0,62,40,913,detection,
915202,1,13,1115,1115,0,0,0,0,0,0,48,0,0,0,915,detection,
915241,28,13,1115,1115,0,0,0,0,0,0,50,0,0,0,915,detection,
915272,6,19,788,788,0,0,0,0,0,0,53,0,0,0,915,detection,
915314,23,19,788,788,0,0,0,0,0,0,47,0,0,0,915,detection,
915410,1,10,877,877,0,65,0,0,0,0,31,0,64,40,915,detection,
915436,22,10,877,877,0,65,0,0,0,0,50,0,64,40,915,detection,
915479,13,10,877,877,0,65,0,0,0,0,54,0,64,40,915,detection,
915750,7,9,762,762,0,0,0,0,0,0,47,0,0,0,915,detection,
916257,24,3,1274,1274,0,0,0,0,0,0,42,0,0,0,916,detection,
920846,5,22,1389,1389,0,0,0,0,0,0,44,0,0,0,920,detection,
921754,24,3,1299,1299,0,0,0,0,0,0,43,0,0,0,921,detection,
921762,21,27,804,804,0,0,0,0,0,0,39,0,0,0,921,detection,
922033,17,8,532,532,0,0,0,0,0,0,52,0,0,0,922,detection,
922093,27,8,532,532,0,0,0,0,0,0,46,0,0,0,922,detection,
922109,9,8,532,532,0,0,0,0,0,0,58,0,0,0,922,detection,
922113,25,8,532,532,0,0,0,0,0,0,58,0,0,0,922,detection,
922123,7,8,532,532,0,0,0,0,0,0,47,0,0,0,922,detection,
922722,8,7,688,688,0,0,0,0,0,0,41,0,0,0,922,detection,
922733,9,7,688,688,0,0,0,0,0,0,45,0,0,0,922,detection,
922836,1,16,788,788,0,0,0,0,0,0,36,0,0,0,922,detection,
922853,13,16,788,788,0,0,0,0,0,0,46,0,0,0,922,detection,
922896,12,16,788,788,0,0,0,0,0,0,60,0,0,0,922,detection,
924344,8,7,688,688,0,0,0,0,0,0,37,0,0,0,924,detection,
925849,27,4,813,813,0,0,0,0,0,0,52,0,0,0,925,detection,
926873,1,12,1261,1261,0,0,0,0,0,0,35,0,0,0,926,detection,
926971,5,12,1261,1261,0,0,0,0,0,0,48,0,0,0,926,detection,
927899,6,19,1044,1044,0,0,0,0,0,0,54,0,0,0,927,detection,
928532,1,21,1115,1115,0,0,0,0,0,0,27,0,0,0,928,detection,
928536,4,21,1115,1115,0,0,0,0,0,0,44,0,0,0,928,detection,
928842,5,22,1623,1623,0,0,0,0,0,0,43,0,0,0,928,detection,
928854,13,22,1623,1623,0,0,0,0,0,0,61,0,0,0,928,detection,
929320,14,18,1379,1379,0,0,0,0,0,0,39,0,0,0,929,detection,
929358,13,18,1379,1379,0,0,0,0,0,0,36,0,0,0,929,detection,
929373,7,9,739,739,0,0,0,0,0,0,46,0,0,0,929,detection,
929397,12,18,1379,1379,0,0,0,0,0,0,48,0,0,0,929,detection,
929402,16,18,1379,1379,0,0,0,0,0,0,40,0,0,0,929,detection,
929431,10,18,1379,1379,0,0,0,0,0,0,37,0,0,0,929,detection,
929904,17,8,551,551,0,0,0,0,0,0,53,0,0,0,929,detection,
929989,25,8,551,551,0,0,0,0,0,0,59,0,0,0,929,detection,
929990,9,8,551,551,0,0,0,0,0,0,59,0,0,0,929,detection,
930000,7,8,551,551,0,0,0,0,0,0,48,0,0,0,930,detection,
930992,9,7,688,688,0,0,0,0,0,0,45,0,0,0,930,detection,
931093,8,7,688,688,0,0,0,0,0,0,37,0,0,0,931,detection,
932882,1,21,1200,1200,0,0,0,0,0,0,27,0,0,0,932,detection,
933748,7,8,813,813,0,0,0,0,0,0,53,0,0,0,933,detection,
934647,16,26,1351,1351,0,0,0,0,0,0,58,0,0,0,934,detection,
935091,2,30,276,1827,-1551,100,100,100,97,0,55,0,56,40,935,detection,
935112,13,16,1556,1556,0,0,0,0,0,0,48,0,0,0,935,detection,
935115,26,16,1556,1556,0,0,0,0,0,0,46,0,0,0,935,detection,
935149,12,16,1556,1556,0,0,0,0,0,0,58,0,0,0,935,detection,
935186,22,16,1556,1556,0,0,0,0,0,0,37,0,0,0,935,detection,
935203,1,16,1556,1556,0,0,0,0,0,0,39,0,0,0,935,detection,
935479,13,22,1702,1702,0,0,0,0,0,0,59,0,0,0,935,detection,
935488,5,22,1702,1702,0,0,0,0,0,0,43,0,0,0,935,detection,
938581,1,31,276,1863,-1587,100,100,100,21,0,32,0,81,75,938,detection,
940365,28,5,1773,1773,0,0,0,0,0,0,52,0,0,0,940,detection,
940525,1,10,944,944,0,39,0,0,0,0,34,0,0,0,940,detection,
940525,16,10,944,944,0,39,0,0,0,0,42,0,0,0,940,detection,
940560,18,10,944,944,0,39,0,0,0,0,49,0,0,0,940,detection,
942461,2,30,276,1622,-1346,100,100,100,25,0,55,0,56,40,942,detection,
942487,25,8,854,854,0,0,0,0,0,0,60,0,0,0,942,detection,
943140,11,12,1382,1382,0,0,0,0,0,0,39,0,0,0,943,detection,
943218,5,12,1382,1382,0,0,0,0,0,0,48,0,0,0,943,detection,
943220,1,12,1382,1382,0,0,0,0,0,0,34,0,0,0,943,detection,
944366,26,16,1455,1455,0,0,0,0,0,0,42,0,0,0,944,detection,
944435,22,16,1455,1455,0,0,0,0,0,0,33,0,0,0,944,detection,
944477,13,16,1455,1455,0,0,0,0,0,0,47,0,0,0,944,detection,
947116,1,10,1300,1300,0,0,0,0,0,0,34,0,0,0,947,detection,
947145,3,10,1300,1300,0,0,0,0,0,0,50,0,0,0,947,detection,
948150,6,20,1300,1300,0,0,0,0,0,0,60,0,0,0,948,detection,
949479,9,8,944,944,0,0,0,0,0,0,60,0,0,0,949,detection,
949652,1,12,1473,1473,0,0,0,0,0,0,34,0,0,0,949,detection,
949964,1,13,1409,1409,0,0,0,0,0,0,40,0,0,0,949,detection,
949991,19,13,1409,1409,0,0,0,0,0,0,28,0,0,0,949,detection,
951130,1,10,1300,1300,0,0,0,0,0,0,32,0,0,0,951,detection,
951594,5,22,1803,1803,0,0,0,0,0,0,49,0,0,0,951,detection,
952264,24,29,276,1683,-1407,100,100,100,100,9,42,0,67,55,952,detection,
952388,21,31,276,1456,-1180,100,100,100,72,0,37,0,74,55,952,detection,
952509,21,18,1456,1456,0,0,0,0,0,0,38,0,0,0,952,detection,
952523,12,18,1456,1456,0,0,0,0,0,0,47,0,0,0,952,detection,
952526,16,18,1456,1456,0,0,0,0,0,0,44,0,0,0,952,detection,
952540,4,18,1456,1456,0,0,0,0,0,0,34,0,0,0,952,detection,
952971,27,25,1179,1179,0,0,0,0,0,0,45,0,0,0,952,detection,
953794,1,26,1811,1811,0,0,0,0,0,0,34,0,0,0,953,detection,
953924,1,16,1456,1456,0,0,0,0,0,0,37,0,0,0,953,detection,
955040,4,21,788,788,0,0,0,0,0,0,48,0,0,0,955,detection,
955053,1,21,788,788,0,0,0,0,0,0,29,0,0,0,955,detection,
955057,18,21,788,788,0,0,0,0,0,0,40,0,0,0,955,detection,
955058,10,21,788,788,0,0,0,0,0,0,47,0,0,0,955,detection,
957846,27,8,1174,1174,0,0,0,0,0,0,49,0,0,0,957,detection,
957854,9,8,1174,1174,0,0,0,0,0,0,59,0,0,0,957,detection,
957863,25,8,1174,1174,0,0,0,0,0,0,59,0,0,0,957,detection,
958759,21,27,1274,1274,0,0,0,0,0,0,42,0,0,0,958,detection,
960184,22,16,1456,1456,0,0,0,0,0,0,37,0,0,0,960,detection,
960205,1,16,1456,1456,0,0,0,0,0,0,36,0,0,0,960,detection,
960536,4,18,1300,1300,0,0,0,0,0,0,37,0,0,0,960,detection,
960731,20,2,718,718,0,0,0,0,0,0,41,0,0,0,960,detection,
961149,6,20,1300,1300,0,0,0,0,0,0,55,0,0,0,961,detection,
962270,16,26,1811,1811,0,0,0,0,0,0,61,0,0,0,962,detection,
962270,1,26,1811,1811,0,0,0,0,0,0,33,0,0,0,962,detection,
962556,18,10,1300,1300,0,0,0,0,0,0,51,0,0,0,962,detection,
963428,1,16,1894,1894,0,0,0,0,0,0,35,0,0,0,963,detection,
963432,22,16,1894,1894,0,0,0,0,0,0,40,0,0,0,963,detection,
963449,14,16,1894,1894,0,0,0,0,0,0,44,0,0,0,963,detection,
963509,11,16,1894,1894,0,0,0,0,0,0,47,0,0,0,963,detection,
963977,13,22,1837,1837,0,0,0,0,0,0,61,0,0,0,963,detection,
963986,19,22,1837,1837,0,0,0,0,0,0,49,0,0,0,963,detection,
965367,25,10,1300,1300,0,0,0,0,0,0,38,0,0,0,965,detection,
965883,24,29,276,1716,-1440,100,100,100,4,0,41,0,69,55,965,detection,
966339,2,18,1300,1300,0,0,0,0,0,0,39,0,0,0,966,detection,
966415,4,18,1300,1300,0,0,0,0,0,0,37,0,0,0,966,detection,
970150,6,28,1300,1300,0,0,0,0,0,0,51,0,0,0,970,detection,
970275,1,26,1812,1812,0,0,0,0,0,0,36,0,0,0,970,detection,
971660,17,25,1165,1165,0,0,0,0,0,0,43,0,0,0,971,detection,
971687,18,30,276,1325,-1049,100,100,100,3,0,35,0,77,55,971,detection,
971692,22,30,276,1325,-1049,100,100,100,76,0,41,0,69,55,971,detection,
971709,2,30,276,1325,-1049,100,100,100,36,0,57,0,56,40,971,detection,
971772,3,30,276,1325,-1049,100,100,100,38,0,44,0,64,40,971,detection,
971780,12,30,276,1325,-1049,100,100,100,2,0,74,0,49,40,971,detection,
971782,15,30,276,1325,-1049,100,100,100,100,0,64,0,49,40,971,detection,
972093,5,22,1837,1837,0,0,0,0,0,0,52,0,0,0,972,detection,
972613,19,15,1179,1179,0,0,0,0,0,0,38,0,0,0,972,detection,
974110,19,15,788,788,0,0,0,0,0,0,43,0,0,0,974,detection,
975492,28,23,788,788,0,0,0,0,0,0,50,0,0,0,975,detection,
975516,11,23,788,788,0,0,0,0,0,0,40,0,0,0,975,detection,
975526,6,23,788,788,0,0,0,0,0,0,48,0,0,0,975,detection,
976779,17,8,1204,1204,0,0,0,0,0,0,57,0,0,0,976,detection,
978260,21,31,276,2254,-1978,100,100,100,100,0,41,0,69,55,978,detection,
978267,11,31,276,2254,-1978,100,100,100,100,0,46,0,62,40,978,detection,
978310,18,31,276,2254,-1978,100,100,100,29,0,56,0,56,40,978,detection,
979231,20,3,788,788,0,0,0,0,0,0,51,0,0,0,979,detection,
979270,6,3,788,788,0,0,0,0,0,0,38,0,0,0,979,detection,
981289,1,16,1691,1691,0,0,0,0,0,0,31,0,0,0,981,detection,
982357,20,6,788,788,0,0,0,0,0,0,52,0,0,0,982,detection,
983342,5,22,788,788,0,0,0,0,0,0,55,0,0,0,983,detection,
985528,17,8,1204,1204,0,0,0,0,0,0,53,0,0,0,985,detection,
985736,19,15,1300,1300,0,0,0,0,0,0,46,0,0,0,985,detection,
988145,6,3,788,788,0,0,0,0,0,0,38,0,0,0,988,detection,
994237,19,15,1435,1435,0,0,0,0,0,0,52,0,0,0,994,detection,
997826,14,18,788,788,0,0,0,0,0,0,43,0,0,0,997,detection,
998715,2,8,1044,1044,0,0,0,0,0,0,45,0,0,0,998,detection,
998727,13,8,1044,1044,0,0,0,0,0,0,38,0,0,0,998,detection,
998745,26,8,1044,1044,0,0,0,0,0,0,51,0,0,0,998,detection,
999565,23,28,1300,1300,0,0,0,0,0,0,32,0,0,0,999,detection,
1001834,1,25,1199,1199,0,0,0,0,0,0,24,0,0,0,1001,detection,
1001843,27,25,1199,1199,0,0,0,0,0,0,44,0,0,0,1001,detection,
1004841,5,22,1044,1044,0,0,0,0,0,0,60,0,0,0,1004,detection,
1004849,8,22,1044,1044,0,0,0,0,0,0,53,0,0,0,1004,detection,
1004852,13,22,1044,1044,0,0,0,0,0,0,67,0,0,0,1004,detection,
1004862,19,22,1044,1044,0,0,0,0,0,0,54,0,0,0,1004,detection,
1004866,25,22,1044,1044,0,0,0,0,0,0,47,0,0,0,1004,detection,
1011483,13,2,929,929,0,0,0,0,0,0,48,0,0,0,1011,detection,
1013096,8,16,1556,1556,0,0,0,0,0,0,47,0,0,0,1013,detection,
1013108,1,21,1300,1300,0,0,0,0,0,0,33,0,0,0,1013,detection,
1013145,16,21,1300,1300,0,0,0,0,0,0,59,0,0,0,1013,detection,
1013166,4,21,1300,1300,0,0,0,0,0,0,52,0,0,0,1013,detection,
1015309,18,31,276,1300,-1024,100,100,100,100,0,58,0,56,40,1015,detection,
1015326,14,31,276,1300,-1024,100,100,100,35,0,36,0,76,75,1015,detection,
1015390,11,31,276,1300,-1024,100,100,100,100,0,48,0,59,40,1015,detection,
1018374,28,29,276,788,-512,100,100,100,50,0,44,0,64,40,1018,detection,
1022100,8,7,1110,1110,0,0,0,0,0,0,41,0,0,0,1022,detection,
1022111,9,7,1110,1110,0,0,0,0,0,0,48,0,0,0,1022,detection,
1022151,3,7,1110,1110,0,0,0,0,0,0,48,0,0,0,1022,detection,
1028306,18,13,1485,1485,0,0,0,0,0,0,62,0,0,0,1028,detection,
1028314,22,13,1485,1485,0,0,0,0,0,0,59,0,0,0,1028,detection,
1028331,2,13,1485,1485,0,0,0,0,0,0,61,0,0,0,1028,detection,
1028355,20,13,1485,1485,0,0,0,0,0,0,65,0,0,0,1028,detection,
1028365,25,13,1485,1485,0,0,0,0,0,0,48,0,0,0,1028,detection,
1028369,28,13,1485,1485,0,0,0,0,0,0,52,0,0,0,1028,detection,
1028374,7,13,1485,1485,0,0,0,0,0,0,70,0,0,0,1028,detection,
1028399,3,13,1485,1485,0,0,0,0,0,0,52,0,0,0,1028,detection,
1028400,16,13,1485,1485,0,0,0,0,0,0,45,0,0,0,1028,detection,
1030543,4,18,788,788,0,0,0,0,0,0,40,0,0,0,1030,detection,
1031145,16,21,1300,1300,0,0,0,0,0,0,58,0,0,0,1031,detection,
1031247,26,21,1300,1300,0,0,0,0,0,0,45,0,0,0,1031,detection,
1035751,7,4,1044,1044,0,0,0,0,0,0,48,0,0,0,1035,detection,
1035759,21,4,1044,1044,0,0,0,0,0,0,47,0,0,0,1035,detection,
1035777,16,4,1044,1044,0,0,0,0,0,0,32,0,0,0,1035,detection,
1035815,23,4,1044,1044,0,0,0,0,0,0,52,0,0,0,1035,detection,
1037223,27,30,276,1786,-1510,100,100,100,62,0,51,0,56,40,1037,detection,
1037235,9,30,276,1786,-1510,100,100,100,34,10,37,0,74,55,1037,detection,
1037861,9,20,1300,1300,0,0,0,0,0,0,52,0,0,0,1037,detection,
1037869,26,21,1300,1300,0,0,0,0,0,0,48,0,0,0,1037,detection,
1037883,7,20,1300,1300,0,0,0,0,0,0,49,0,0,0,1037,detection,
1040617,19,31,276,1044,-768,100,100,100,70,0,35,0,77,55,1040,detection,
1040635,21,31,276,1044,-768,100,100,100,100,0,44,0,64,40,1040,detection,
1040639,11,31,276,1044,-768,100,100,100,33,0,50,0,56,40,1040,detection,
1041615,25,2,788,788,0,0,0,0,0,0,61,0,0,0,1041,detection,
1041701,14,2,788,788,0,0,0,0,0,0,49,0,0,0,1041,detection,
1042344,27,30,276,1300,-1024,100,100,100,60,0,54,0,56,40,1042,detection,
1044067,23,4,1044,1044,0,0,0,0,0,0,52,0,0,0,1044,detection,
1044097,8,4,1044,1044,0,0,0,0,0,0,55,0,0,0,1044,detection,
1045903,15,18,788,788,0,0,0,0,0,0,43,0,0,0,1045,detection,
1045981,13,18,788,788,0,0,0,0,0,0,38,0,0,0,1045,detection,
1046653,12,14,532,532,0,0,0,0,0,0,34,0,0,0,1046,detection,
1048636,24,23,1300,1300,0,0,0,0,0,0,40,0,0,0,1048,detection,
1048848,27,30,276,1044,-768,100,100,100,31,0,55,0,56,40,1048,detection,
1048972,5,15,1300,1300,0,0,0,0,0,0,48,0,0,0,1048,detection,
1051528,15,19,788,788,0,0,0,0,0,0,44,0,0,0,1051,detection,
1057668,4,12,1300,1300,0,0,0,0,0,0,54,0,0,0,1057,detection,
1063505,7,30,276,1044,-768,100,100,100,100,11,28,0,87,100,1063,detection,
1063531,12,30,276,1044,-768,100,100,100,28,0,78,0,49,40,1063,detection,
1063558,10,30,276,1044,-768,100,100,100,0,0,44,0,64,40,1063,detection,
1064533,12,14,557,557,0,0,0,0,0,0,33,0,0,0,1064,detection,
1064561,10,14,557,557,0,0,0,0,0,0,40,0,0,0,1064,detection,
1066250,7,9,1366,1366,0,0,0,0,0,0,51,0,0,0,1066,detection,
1066731,9,20,788,788,0,0,0,0,0,0,55,0,0,0,1066,detection,
1066747,7,20,788,788,0,0,0,0,0,0,52,0,0,0,1066,detection,
1066847,8,18,532,532,0,0,0,0,0,0,52,0,0,0,1066,detection,
1070120,26,16,1044,1044,0,0,0,0,0,0,45,0,0,0,1070,detection,
1070610,9,4,1044,1044,0,0,0,0,0,0,53,0,0,0,1070,detection,
1070627,7,4,1044,1044,0,0,0,0,0,0,49,0,0,0,1070,detection,
1070653,12,4,1044,1044,0,0,0,0,0,0,51,0,0,0,1070,detection,
1070653,6,4,1044,1044,0,0,0,0,0,0,51,0,0,0,1070,detection,
1070657,17,4,1044,1044,0,0,0,0,0,0,55,0,0,0,1070,detection,
1070683,10,4,1044,1044,0,0,0,0,0,0,50,0,0,0,1070,detection,
1070684,18,4,1044,1044,0,0,0,0,0,0,53,0,0,0,1070,detection,
1070700,14,4,1044,1044,0,0,0,0,0,0,57,0,0,0,1070,detection,
1072738,1,25,1300,1300,0,0,0,0,0,0,21,0,0,0,1072,detection,
1073356,20,7,788,788,0,0,0,0,0,0,52,0,0,0,1073,detection,
1073740,28,13,1300,1300,0,0,0,0,0,0,55,0,0,0,1073,detection,
1073774,16,13,1300,1300,0,0,0,0,0,0,48,0,0,0,1073,detection,
1073812,22,13,1300,1300,0,0,0,0,0,0,62,0,0,0,1073,detection,
1075107,13,22,1044,1044,0,0,0,0,0,0,61,0,0,0,1075,detection,
1078030,17,30,276,1296,-1020,100,100,100,100,0,73,0,49,40,1078,detection,
1078064,18,30,276,1296,-1020,100,100,100,4,0,38,0,72,55,1078,detection,
1078616,26,8,1044,1044,0,0,0,0,0,0,54,0,0,0,1078,detection,
1081147,3,16,788,788,0,0,0,0,0,0,40,0,0,0,1081,detection,
1081901,16,13,1300,1300,0,0,0,0,0,0,47,0,0,0,1081,detection,
1087110,1,31,276,788,-512,100,100,100,100,0,35,0,77,75,1087,detection,
1087182,10,31,276,788,-512,100,100,100,42,0,37,0,74,55,1087,detection,
1087186,18,31,276,788,-512,100,93,100,62,0,57,0,56,40,1087,detection,
1088825,14,23,1351,1351,0,0,0,0,0,0,62,0,0,0,1088,detection,
1089557,18,10,788,788,0,0,0,0,0,0,49,0,0,0,1089,detection,
1089773,6,5,1812,1812,0,0,0,0,0,0,35,0,0,0,1089,detection,
1091307,18,30,276,788,-512,100,100,100,71,0,42,0,67,55,1091,detection,
1091400,12,30,276,788,-512,100,77,100,25,0,79,0,49,40,1091,detection,
1091404,17,30,276,788,-512,100,81,100,53,0,73,0,49,40,1091,detection,
1091413,4,30,276,788,-512,100,100,100,34,0,46,0,62,40,1091,detection,
1093897,12,4,1300,1300,0,0,0,0,0,0,54,0,0,0,1093,detection,
1093939,23,4,1300,1300,0,0,0,0,0,0,56,0,0,0,1093,detection,
1094697,14,23,1607,1607,0,0,0,0,0,0,62,0,0,0,1094,detection,
1096835,2,22,1044,1044,0,0,0,0,0,0,46,0,0,0,1096,detection,
1096840,5,22,1044,1044,0,0,0,0,0,0,59,0,0,0,1096,detection,
1096853,13,22,1044,1044,0,0,0,0,0,0,60,0,0,0,1096,detection,
1096865,25,22,1044,1044,0,0,0,0,0,0,50,0,0,0,1096,detection,
1096865,19,22,1044,1044,0,0,0,0,0,0,57,0,0,0,1096,detection,
1096883,21,22,1044,1044,0,0,0,0,0,0,42,0,0,0,1096,detection,
1096891,11,22,1044,1044,0,0,0,0,0,0,46,0,0,0,1096,detection,
1098899,12,30,276,532,-256,100,37,100,25,0,82,0,49,40,1098,detection,
1099647,12,30,276,532,-256,100,37,100,0,0,85,0,49,40,1099,detection,
1099661,4,30,276,532,-256,100,51,100,34,0,47,0,61,40,1099,detection,
1099682,18,30,276,532,-256,100,56,100,37,0,39,0,71,55,1099,detection,
1102396,12,4,1300,1300,0,0,0,0,0,0,50,0,0,0,1102,detection,
1102972,1,12,810,810,0,0,0,0,0,0,34,0,0,0,1102,detection,
1104022,3,13,1300,1300,0,0,0,0,0,0,54,0,0,0,1104,detection,
1105599,1,31,276,2364,-2088,100,100,100,100,0,49,0,58,40,1105,detection,
1106359,19,22,1300,1300,0,0,0,0,0,0,60,0,0,0,1106,detection,
1106383,21,22,1300,1300,0,0,0,0,0,0,45,0,0,0,1106,detection,
1106507,24,23,1322,1322,0,0,0,0,0,0,43,0,0,0,1106,detection,
1107035,1,26,969,969,0,0,0,0,0,0,36,0,0,0,1107,detection,
1107239,28,13,1556,1556,0,0,0,0,0,0,57,0,0,0,1107,detection,
1107239,25,13,1556,1556,0,0,0,0,0,0,51,0,0,0,1107,detection,
1107269,3,13,1556,1556,0,0,0,0,0,0,53,0,0,0,1107,detection,
1107273,16,13,1556,1556,0,0,0,0,0,0,51,0,0,0,1107,detection,
1107308,22,13,1556,1556,0,0,0,0,0,0,61,0,0,0,1107,detection,
1110157,15,5,1812,1812,0,0,0,0,0,0,51,0,0,0,1110,detection,
1112275,12,4,1300,1300,0,0,0,0,0,0,50,0,0,0,1112,detection,
1112307,10,4,1300,1300,0,0,0,0,0,0,52,0,0,0,1112,detection,
1113154,6,28,1528,1528,0,0,0,0,0,0,60,0,0,0,1113,detection,
1113416,4,10,762,762,0,0,0,0,0,0,38,0,0,0,1113,detection,
1114292,4,18,1300,1300,0,0,0,0,0,0,39,0,0,0,1114,detection,
1114348,27,18,1300,1300,0,0,0,0,0,0,38,0,0,0,1114,detection,
1114561,22,13,1556,1556,0,0,0,0,0,0,56,0,0,0,1114,detection,
1115649,1,31,276,768,-492,92,97,100,100,0,49,0,58,40,1115,detection,
1115683,10,31,276,768,-492,92,100,100,2,0,40,0,71,55,1115,detection,
1119432,22,13,1556,1556,0,0,0,0,0,0,59,0,0,0,1119,detection,
1119487,25,13,1556,1556,0,0,0,0,0,0,51,0,0,0,1119,detection,
1119943,23,19,1300,1300,0,0,0,0,0,0,51,0,0,0,1119,detection,
1120254,24,23,1066,1066,0,0,0,0,0,0,44,0,0,0,1120,detection,
1121384,1,31,276,512,-236,92,48,100,34,0,46,0,62,40,1121,detection,
1121432,10,31,276,512,-236,92,50,100,36,0,41,0,69,55,1121,detection,
1123362,9,22,788,788,0,0,0,0,0,0,36,0,0,0,1123,detection,
1127448,23,14,1300,1300,0,0,0,0,0,0,45,0,0,0,1127,detection,
1131210,2,18,768,768,0,0,0,0,0,0,41,0,0,0,1131,detection,
1131430,10,4,1024,1024,0,0,0,0,0,0,56,0,0,0,1131,detection,
1131529,17,4,1024,1024,0,0,0,0,0,0,57,0,0,0,1131,detection,
1131551,12,4,1024,1024,0,0,0,0,0,0,55,0,0,0,1131,detection,
1132647,6,5,1812,1812,0,0,0,0,0,0,34,0,0,0,1132,detection,
1132651,15,5,1812,1812,0,0,0,0,0,0,50,0,0,0,1132,detection,
1132853,20,9,1300,1300,0,0,0,0,0,0,50,0,0,0,1132,detection,
1134738,25,2,1280,1280,0,0,0,0,0,0,64,0,0,0,1134,detection,
1135885,11,31,276,512,-236,92,45,70,67,0,52,0,56,40,1135,detection,
1136836,1,12,1024,1024,0,0,0,0,0,0,34,0,0,0,1136,detection,
1136917,4,12,1024,1024,0,0,0,0,0,0,56,0,0,0,1136,detection,
1137349,27,25,1300,1300,0,0,0,0,0,0,43,0,0,0,1137,detection,
1140738,19,5,768,768,0,0,0,0,0,0,38,0,0,0,1140,detection,
1140772,6,5,768,768,0,0,0,0,0,0,37,0,0,0,1140,detection,
1140822,14,8,788,788,0,0,0,0,0,0,47,0,0,0,1140,detection,
1141468,5,23,1066,1066,0,0,0,0,0,0,37,0,0,0,1141,detection,
1141490,19,23,1066,1066,0,0,0,0,0,0,49,0,0,0,1141,detection,
1141494,28,23,1066,1066,0,0,0,0,0,0,53,0,0,0,1141,detection,
1141515,11,23,1066,1066,0,0,0,0,0,0,44,0,0,0,1141,detection,
1141792,17,26,768,768,0,0,0,0,0,0,42,0,0,0,1141,detection,
1145432,18,30,276,784,-508,100,100,100,36,0,39,0,71,55,1145,detection,
1145555,10,4,884,884,0,0,0,0,0,0,54,0,0,0,1145,detection,
1145652,12,4,884,884,0,0,0,0,0,0,54,0,0,0,1145,detection,
1145790,4,10,1280,1280,0,0,0,0,0,0,41,0,0,0,1145,detection,
1146180,18,13,532,532,0,0,0,0,0,0,64,0,0,0,1146,detection,
1146223,8,22,1044,1044,0,0,0,0,0,0,56,0,0,0,1146,detection,
1146232,9,22,1044,1044,0,0,0,0,0,0,40,0,0,0,1146,detection,
1149123,1,26,512,512,0,0,0,0,0,0,38,0,0,0,1149,detection,
1149884,24,11,1556,1556,0,0,0,0,0,0,52,0,0,0,1149,detection,
1150022,6,5,512,512,0,0,0,0,0,0,38,0,0,0,1150,detection,
1150659,6,28,1024,1024,0,0,0,0,0,0,61,0,0,0,1150,detection,
1150690,23,28,1024,1024,0,0,0,0,0,0,37,0,0,0,1150,detection,
1151148,16,21,1812,1812,0,0,0,0,0,0,61,0,0,0,1151,detection,
1152191,1,10,1396,1396,0,0,0,0,0,0,35,0,0,0,1152,detection,
1152289,4,10,1396,1396,0,0,0,0,0,0,45,0,0,0,1152,detection,
1152368,25,8,1556,1556,0,0,0,0,0,0,59,0,0,0,1152,detection,
1152433,22,8,1556,1556,0,0,0,0,0,0,48,0,0,0,1152,detection,
1152445,14,8,1556,1556,0,0,0,0,0,0,51,0,0,0,1152,detection,
1155505,24,11,1556,1556,0,0,0,0,0,0,51,0,0,0,1155,detection,
1157020,16,21,1812,1812,0,0,0,0,0,0,60,0,0,0,1157,detection,
1157814,23,28,1024,1024,0,0,0,0,0,0,37,0,0,0,1157,detection,
1157923,4,12,768,768,0,0,0,0,0,0,60,0,0,0,1157,detection,
1158230,20,3,1812,1812,0,0,0,0,0,0,54,0,0,0,1158,detection,
1159389,11,19,512,512,0,0,0,0,0,0,47,0,0,0,1159,detection,
1159406,15,19,512,512,0,0,0,0,0,0,44,0,0,0,1159,detection,
1160522,3,2,1024,1024,0,0,0,0,0,0,46,0,0,0,1160,detection,
1160613,25,2,1024,1024,0,0,0,0,0,0,65,0,0,0,1160,detection,
1160661,4,10,768,768,0,0,0,0,0,0,50,0,0,0,1160,detection,
1160847,27,13,532,532,0,0,0,0,0,0,59,0,0,0,1160,detection,
1160929,18,13,532,532,0,0,0,0,0,0,65,0,0,0,1160,detection,
1161319,14,8,1530,1530,0,0,0,0,0,0,51,0,0,0,1161,detection,
1164013,1,21,1536,1536,0,0,0,0,0,0,33,0,0,0,1164,detection,
1164021,16,21,1536,1536,0,0,0,0,0,0,59,0,0,0,1164,detection,
1167858,1,10,870,870,0,0,0,0,0,0,33,0,0,0,1167,detection,
1167910,4,10,870,870,0,0,0,0,0,0,50,0,0,0,1167,detection,
1169115,19,11,1024,1024,0,0,0,0,0,0,47,0,0,0,1169,detection,
1171226,20,3,1536,1536,0,0,0,0,0,0,57,0,0,0,1171,detection,
1171568,14,8,1530,1530,0,0,0,0,0,0,51,0,0,0,1171,detection,
1171576,22,8,1530,1530,0,0,0,0,0,0,48,0,0,0,1171,detection,
1174844,8,22,1812,1812,0,0,0,0,0,0,58,0,0,0,1174,detection,
1176596,27,18,1471,1471,0,0,0,0,0,0,51,0,0,0,1176,detection,
1177613,25,8,1812,1812,0,0,0,0,0,0,58,0,0,0,1177,detection,
1178994,26,17,599,599,0,0,0,0,0,0,47,0,0,0,1178,detection,
1180214,1,10,859,859,0,0,0,0,0,0,32,0,0,0,1180,detection,
1180287,4,10,859,859,0,0,0,0,0,0,50,0,0,0,1180,detection,
1180308,18,10,859,859,0,0,0,0,0,0,53,0,0,0,1180,detection,
1182103,20,3,1300,1300,0,0,0,0,0,0,53,0,0,0,1182,detection,
1182719,8,22,2040,2040,0,0,0,0,0,0,62,0,0,0,1182,detection,
1182808,10,18,1111,1111,0,0,0,0,0,0,38,0,0,0,1182,detection,
1182862,25,8,1812,1812,0,0,0,0,0,0,54,0,0,0,1182,detection,
1182935,22,8,1812,1812,0,0,0,0,0,0,52,0,0,0,1182,detection,
1182947,14,8,1812,1812,0,0,0,0,0,0,55,0,0,0,1182,detection,
1184642,11,16,1536,1536,0,0,0,0,0,0,51,0,0,0,1184,detection,
1184659,21,16,1536,1536,0,0,0,0,0,0,42,0,0,0,1184,detection,
1186597,1,21,1024,1024,0,0,0,0,0,0,33,0,0,0,1186,detection,
1186644,16,21,1024,1024,0,0,0,0,0,0,55,0,0,0,1186,detection,
1186666,4,21,1024,1024,0,0,0,0,0,0,55,0,0,0,1186,detection,
1186683,10,21,1024,1024,0,0,0,0,0,0,49,0,0,0,1186,detection,
1186758,1,12,742,742,0,0,0,0,0,0,33,0,0,0,1186,detection,
1186781,15,12,742,742,0,0,0,0,0,0,49,0,0,0,1186,detection,
1186789,4,12,742,742,0,0,0,0,0,0,59,0,0,0,1186,detection,
1187108,19,11,998,998,0,0,0,0,0,0,47,0,0,0,1187,detection,
1188233,13,2,788,788,0,0,0,0,0,0,51,0,0,0,1188,detection,
1188233,9,2,788,788,0,0,0,0,0,0,39,0,0,0,1188,detection,
1188864,25,22,2040,2040,0,0,0,0,0,0,53,0,0,0,1188,detection,
1189182,10,18,1111,1111,0,0,0,0,0,0,37,0,0,0,1189,detection,
1191613,25,8,1556,1556,0,0,0,0,0,0,55,0,0,0,1191,detection,
1191693,14,8,1556,1556,0,0,0,0,0,0,56,0,0,0,1191,detection,
1192639,11,16,1300,1300,0,0,0,0,0,0,54,0,0,0,1192,detection,
1193954,1,10,788,788,0,0,0,0,0,0,34,0,0,0,1193,detection,
1193966,2,10,788,788,0,0,0,0,0,0,46,0,0,0,1193,detection,
1194009,21,10,788,788,0,0,0,0,0,0,44,0,0,0,1194,detection,
1194031,17,10,788,788,0,0,0,0,0,0,62,0,0,0,1194,detection,
1194036,4,10,788,788,0,0,0,0,0,0,53,0,0,0,1194,detection,
1194797,1,21,768,768,0,0,0,0,0,0,34,0,0,0,1194,detection,
1194806,10,21,768,768,0,0,0,0,0,0,51,0,0,0,1194,detection,
1194810,18,21,768,768,0,0,0,0,0,0,46,0,0,0,1194,detection,
1194895,16,21,768,768,0,0,0,0,0,0,56,0,0,0,1194,detection,
1194927,4,21,768,768,0,0,0,0,0,0,55,0,0,0,1194,detection,
1196235,9,13,762,762,0,0,0,0,0,0,63,0,0,0,1196,detection,
1196260,24,13,762,762,0,0,0,0,0,0,36,0,0,0,1196,detection,
1196291,4,13,762,762,0,0,0,0,0,0,64,0,0,0,1196,detection,
1196346,8,13,762,762,0,0,0,0,0,0,54,0,0,0,1196,detection,
1196444,23,15,1010,1010,0,0,0,0,0,0,33,0,0,0,1196,detection,
1197227,1,26,560,560,0,0,0,0,0,0,39,0,0,0,1197,detection,
1197282,17,26,560,560,0,0,0,0,0,0,39,0,0,0,1197,detection,
1197384,21,18,788,788,0,0,0,0,0,0,41,0,0,0,1197,detection,
1197402,12,18,788,788,0,0,0,0,0,0,50,0,0,0,1197,detection,
1197406,15,18,788,788,0,0,0,0,0,0,46,0,0,0,1197,detection,
1197415,4,18,788,788,0,0,0,0,0,0,43,0,0,0,1197,detection,
1197428,10,18,788,788,0,0,0,0,0,0,40,0,0,0,1197,detection,
1199683,22,8,1018,1018,0,0,0,0,0,0,56,0,0,0,1199,detection,
1199695,14,8,1018,1018,0,0,0,0,0,0,53,0,0,0,1199,detection,
1200048,1,10,1044,1044,0,0,0,0,0,0,35,0,0,0,1200,detection,
1200054,18,10,1044,1044,0,0,0,0,0,0,57,0,0,0,1200,detection,
1201231,13,16,1510,1510,0,0,0,0,0,0,46,0,0,0,1201,detection,
1201231,1,16,1510,1510,0,0,0,0,0,0,35,0,0,0,1201,detection,
1201258,21,16,1510,1510,0,0,0,0,0,0,42,0,0,0,1201,detection,
1201309,10,16,1510,1510,0,0,0,0,0,0,46,0,0,0,1201,detection,
1202188,22,30,276,810,-534,100,100,100,71,0,44,0,64,40,1202,detection,
1202244,25,30,276,810,-534,100,100,100,2,0,53,0,56,40,1202,detection,
1203064,23,15,987,987,0,0,0,0,0,0,33,0,0,0,1203,detection,
1204882,21,18,532,532,0,0,0,0,0,0,43,0,0,0,1204,detection,
1205018,1,10,1072,1072,0,0,0,0,0,0,38,0,0,0,1205,detection,
1205023,16,10,1072,1072,0,0,0,0,0,0,45,0,0,0,1205,detection,
1205027,17,10,1072,1072,0,0,0,0,0,0,65,0,0,0,1205,detection,
1208350,1,31,276,949,-673,92,100,100,61,0,43,0,66,55,1208,detection,
1211230,9,22,1300,1300,0,0,0,0,0,0,46,0,0,0,1211,detection,
1211239,25,22,1300,1300,0,0,0,0,0,0,61,0,0,0,1211,detection,
1211972,27,25,788,788,0,0,0,0,0,0,47,0,0,0,1211,detection,
1212027,12,25,788,788,0,0,0,0,0,0,31,0,0,0,1212,detection,
1212858,1,10,998,998,0,0,0,0,0,0,39,0,0,0,1212,detection,
1212880,21,10,998,998,0,0,0,0,0,0,49,0,0,0,1212,detection,
1212895,3,10,998,998,0,0,0,0,0,0,57,0,0,0,1212,detection,
1212897,16,10,998,998,0,0,0,0,0,0,46,0,0,0,1212,detection,
1212901,17,10,998,998,0,0,0,0,0,0,67,0,0,0,1212,detection,
1217525,6,24,1274,1274,0,0,0,0,0,0,37,0,0,0,1217,detection,
1218190,23,15,925,925,0,0,0,0,0,0,33,0,0,0,1218,detection,
1218603,27,30,276,1066,-790,100,100,100,2,0,60,0,56,40,1218,detection,
1218607,9,30,276,1066,-790,100,100,100,100,10,41,0,69,55,1218,detection,
1218616,25,30,276,1066,-790,100,100,100,31,0,57,0,56,40,1218,detection,
1218649,3,30,276,1066,-790,100,100,100,34,0,48,0,59,40,1218,detection,
1218650,12,30,276,1066,-790,100,100,100,49,0,91,0,49,40,1218,detection,
1218667,4,30,276,1066,-790,100,100,100,68,0,51,0,56,40,1218,detection,
1218685,22,30,276,1066,-790,100,100,100,35,0,44,0,64,40,1218,detection,
1219430,1,16,1254,1254,0,0,0,0,0,0,36,0,0,0,1219,detection,
1219431,10,16,1254,1254,0,0,0,0,0,0,52,0,0,0,1219,detection,
1219435,18,16,1254,1254,0,0,0,0,0,0,37,0,0,0,1219,detection,
1220241,19,14,1342,1342,0,0,0,0,0,0,32,0,0,0,1220,detection,
1220672,1,10,1069,1069,0,0,0,0,0,0,39,0,0,0,1220,detection,
1220772,16,10,1069,1069,0,0,0,0,0,0,45,0,0,0,1220,detection,
1220776,17,10,1069,1069,0,0,0,0,0,0,68,0,0,0,1220,detection,
1221874,7,8,1144,1144,0,0,0,0,0,0,56,0,0,0,1221,detection,
1221976,13,8,1144,1144,0,0,0,0,0,0,42,0,0,0,1221,detection,
1227271,3,30,276,1129,-853,100,100,100,8,0,48,0,59,40,1227,detection,
1227288,4,30,276,1129,-853,100,100,100,8,0,51,0,56,40,1227,detection,
1227310,22,30,276,1129,-853,100,100,100,8,0,44,0,64,40,1227,detection,
1227348,27,30,276,1129,-853,100,100,100,7,0,60,0,56,40,1227,detection,
1227716,5,23,1257,1257,0,0,0,0,0,0,40,0,0,0,1227,detection,
1228621,7,13,1300,1300,0,0,0,0,0,0,68,0,0,0,1228,detection,
1228621,28,13,1300,1300,0,0,0,0,0,0,60,0,0,0,1228,detection,
1228896,3,4,788,788,0,0,0,0,0,0,55,0,0,0,1228,detection,
1228901,12,4,788,788,0,0,0,0,0,0,58,0,0,0,1228,detection,
1228901,16,4,788,788,0,0,0,0,0,0,40,0,0,0,1228,detection,
1228902,6,4,788,788,0,0,0,0,0,0,54,0,0,0,1228,detection,
1228985,9,4,788,788,0,0,0,0,0,0,56,0,0,0,1228,detection,
1229137,21,27,788,788,0,0,0,0,0,0,45,0,0,0,1229,detection,
1229902,12,25,788,788,0,0,0,0,0,0,31,0,0,0,1229,detection,
1230733,9,22,1412,1412,0,0,0,0,0,0,49,0,0,0,1230,detection,
1230738,25,22,1412,1412,0,0,0,0,0,0,63,0,0,0,1230,detection,
1231031,1,12,657,657,0,0,0,0,0,0,29,0,0,0,1231,detection,
1231095,5,12,657,657,0,0,0,0,0,0,51,0,0,0,1231,detection,
1231151,15,12,657,657,0,0,0,0,0,0,49,0,0,0,1231,detection,
1231230,13,2,1049,1049,0,0,0,0,0,0,56,0,0,0,1231,detection,
1231247,7,2,1049,1049,0,0,0,0,0,0,47,0,0,0,1231,detection,
1231497,1,21,768,768,0,0,0,0,0,0,36,0,0,0,1231,detection,
1231527,17,21,768,768,0,0,0,0,0,0,48,0,0,0,1231,detection,
1231553,10,21,768,768,0,0,0,0,0,0,49,0,0,0,1231,detection,
1231557,18,21,768,768,0,0,0,0,0,0,47,0,0,0,1231,detection,
1231621,26,21,768,768,0,0,0,0,0,0,52,0,0,0,1231,detection,
1232883,1,26,573,573,0,0,0,0,0,0,39,0,0,0,1232,detection,
1233531,1,16,1169,1169,0,0,0,0,0,0,35,0,0,0,1233,detection,
1233571,23,16,1169,1169,0,0,0,0,0,0,40,0,0,0,1233,detection,
1233630,21,16,1169,1169,0,0,0,0,0,0,45,0,0,0,1233,detection,
1233647,3,16,1169,1169,0,0,0,0,0,0,43,0,0,0,1233,detection,
1234344,8,13,1305,1305,0,0,0,0,0,0,55,0,0,0,1234,detection,
1234361,19,13,1305,1305,0,0,0,0,0,0,32,0,0,0,1234,detection,
1234365,28,13,1305,1305,0,0,0,0,0,0,59,0,0,0,1234,detection,
1234373,7,13,1305,1305,0,0,0,0,0,0,66,0,0,0,1234,detection,
1235883,1,10,1030,1030,0,0,0,0,0,0,38,0,0,0,1235,detection,
1235897,16,10,1030,1030,0,0,0,0,0,0,44,0,0,0,1235,detection,
1235905,17,10,1030,1030,0,0,0,0,0,0,68,0,0,0,1235,detection,
1235990,25,10,1030,1030,0,0,0,0,0,0,42,0,0,0,1235,detection,
1236853,9,4,762,762,0,0,0,0,0,0,56,0,0,0,1236,detection,
1239717,8,13,1305,1305,0,0,0,0,0,0,50,0,0,0,1239,detection,
1239735,19,13,1305,1305,0,0,0,0,0,0,32,0,0,0,1239,detection,
1239743,28,13,1305,1305,0,0,0,0,0,0,59,0,0,0,1239,detection,
1240383,11,19,1274,1274,0,0,0,0,0,0,51,0,0,0,1240,detection,
1241343,1,21,1044,1044,0,0,0,0,0,0,30,0,0,0,1241,detection,
1241368,26,21,1044,1044,0,0,0,0,0,0,56,0,0,0,1241,detection,
1241402,17,21,1044,1044,0,0,0,0,0,0,52,0,0,0,1241,detection,
1241428,10,21,1044,1044,0,0,0,0,0,0,51,0,0,0,1241,detection,
1241608,9,30,276,1009,-733,100,100,100,8,10,40,0,71,55,1241,detection,
1241629,7,30,276,1009,-733,100,100,100,5,0,33,0,79,75,1241,detection,
1241647,3,30,276,1009,-733,100,100,100,16,0,44,0,64,40,1241,detection,
1241651,12,30,276,1009,-733,100,100,100,5,0,90,0,49,40,1241,detection,
1241651,16,30,276,1009,-733,100,100,100,30,0,75,0,49,40,1241,detection,
1241664,4,30,276,1009,-733,100,100,100,15,0,51,0,56,40,1241,detection,
1245183,18,27,762,762,0,0,0,0,0,0,41,0,0,0,1245,detection,
1246152,6,19,1274,1274,0,0,0,0,0,0,58,0,0,0,1246,detection,
1246189,22,16,788,788,0,0,0,0,0,0,44,0,0,0,1246,detection,
1246962,1,21,788,788,0,0,0,0,0,0,31,0,0,0,1246,detection,
1246991,26,21,788,788,0,0,0,0,0,0,56,0,0,0,1246,detection,
1250124,7,8,1044,1044,0,0,0,0,0,0,59,0,0,0,1250,detection,
1251032,17,25,992,992,0,0,0,0,0,0,46,0,0,0,1251,detection,
1253974,8,7,532,532,0,0,0,0,0,0,46,0,0,0,1253,detection,
1258008,24,20,1120,1120,0,0,0,0,0,0,52,0,0,0,1258,detection,
1258139,11,19,1044,1044,0,0,0,0,0,0,54,0,0,0,1258,detection,
1259446,14,8,1044,1044,0,0,0,0,0,0,56,0,0,0,1259,detection,
1259725,27,16,1300,1300,0,0,0,0,0,0,35,0,0,0,1259,detection,
1261256,24,20,1203,1203,0,0,0,0,0,0,55,0,0,0,1261,detection,
1262054,1,10,1248,1248,0,0,0,0,0,0,32,0,0,0,1262,detection,
1262153,17,10,1248,1248,0,0,0,0,0,0,62,0,0,0,1262,detection,
1262601,8,30,276,1290,-1014,100,100,100,11,0,42,0,67,55,1262,detection,
1262609,9,30,276,1290,-1014,100,100,100,40,10,41,0,69,55,1262,detection,
1262643,11,30,276,1290,-1014,100,100,100,1,0,74,0,49,40,1262,detection,
1262647,3,30,276,1290,-1014,100,100,100,38,0,44,0,64,40,1262,detection,
1262656,15,30,276,1290,-1014,100,100,100,3,0,66,0,49,40,1262,detection,
1262885,24,5,626,626,0,0,0,0,0,0,51,0,0,0,1262,detection,
1263061,22,21,788,788,0,0,0,0,0,0,47,0,0,0,1263,detection,
1267142,11,31,276,788,-512,100,96,100,34,0,54,0,56,40,1267,detection,
1268469,8,7,600,600,0,0,0,0,0,0,47,0,0,0,1268,detection,
1268630,24,20,1203,1203,0,0,0,0,0,0,55,0,0,0,1268,detection,
1268904,12,19,1044,1044,0,0,0,0,0,0,36,0,0,0,1268,detection,
1269010,11,19,1044,1044,0,0,0,0,0,0,53,0,0,0,1269,detection,
1272897,3,8,788,788,0,0,0,0,0,0,32,0,0,0,1272,detection,
1272945,14,8,788,788,0,0,0,0,0,0,56,0,0,0,1272,detection,
1272979,13,8,788,788,0,0,0,0,0,0,45,0,0,0,1272,detection,
1272983,9,8,788,788,0,0,0,0,0,0,59,0,0,0,1272,detection,
1274124,1,25,1138,1138,0,0,0,0,0,0,24,0,0,0,1274,detection,
1274124,26,25,1138,1138,0,0,0,0,0,0,42,0,0,0,1274,detection,
1274264,11,31,276,788,-512,100,97,100,0,0,53,0,56,40,1274,detection,
1274333,2,10,1300,1300,0,0,0,0,0,0,50,0,0,0,1274,detection,
1274366,1,10,1300,1300,0,0,0,0,0,0,35,0,0,0,1274,detection,
1275405,15,11,788,788,0,0,0,0,0,0,58,0,0,0,1275,detection,
1279199,14,2,913,913,0,0,0,0,0,0,49,0,0,0,1279,detection,
1281743,25,4,786,786,0,0,0,0,0,0,51,0,0,0,1281,detection,
1281811,22,4,786,786,0,0,0,0,0,0,51,0,0,0,1281,detection,
1282151,15,11,788,788,0,0,0,0,0,0,57,0,0,0,1282,detection,
1283157,1,25,1138,1138,0,0,0,0,0,0,23,0,0,0,1283,detection,
1284163,1,10,1444,1444,0,0,0,0,0,0,36,0,0,0,1284,detection,
1286659,17,8,1112,1112,0,0,0,0,0,0,56,0,0,0,1286,detection,
1286736,25,8,1112,1112,0,0,0,0,0,0,58,0,0,0,1286,detection,
1286745,26,8,1112,1112,0,0,0,0,0,0,57,0,0,0,1286,detection,
1286749,7,8,1112,1112,0,0,0,0,0,0,59,0,0,0,1286,detection,
1287342,8,7,1024,1024,0,0,0,0,0,0,47,0,0,0,1287,detection,
1287498,28,24,1138,1138,0,0,0,0,0,0,51,0,0,0,1287,detection,
1289872,28,29,276,788,-512,100,100,100,0,0,40,0,71,55,1289,detection,
1289889,24,29,276,788,-512,100,100,100,100,0,43,0,66,55,1289,detection,
1290687,1,25,788,788,0,0,0,0,0,0,25,0,0,0,1290,detection,
1291138,11,23,532,532,0,0,0,0,0,0,49,0,0,0,1291,detection,
1292194,14,2,913,913,0,0,0,0,0,0,49,0,0,0,1292,detection,
1292568,22,21,788,788,0,0,0,0,0,0,49,0,0,0,1292,detection,
1292651,16,18,792,792,0,0,0,0,0,0,43,0,0,0,1292,detection,
1292742,28,24,882,882,0,0,0,0,0,0,52,0,0,0,1292,detection,
1293156,1,10,1416,1416,0,0,0,0,0,0,35,0,0,0,1293,detection,
1293276,12,19,1691,1691,0,0,0,0,0,0,43,0,0,0,1293,detection,
1295939,23,15,1044,1044,0,0,0,0,0,0,39,0,0,0,1295,detection,
1296996,28,29,276,1044,-768,100,100,100,37,0,40,0,71,55,1296,detection,
1297004,7,29,276,1044,-768,100,100,100,3,0,50,0,56,40,1297,detection,
1297009,24,29,276,1044,-768,100,100,100,36,0,41,0,69,55,1297,detection,
1298396,1,10,1425,1425,0,0,0,0,0,0,34,0,0,0,1298,detection,
1298570,23,11,1044,1044,0,0,0,0,0,0,49,0,0,0,1298,detection,
1299050,1,25,532,532,0,0,0,0,0,0,26,0,0,0,1299,detection,
1299116,26,25,532,532,0,0,0,0,0,0,47,0,0,0,1299,detection,
1299998,26,7,788,788,0,0,0,0,0,0,37,0,0,0,1299,detection,
1300122,26,16,1304,1304,0,0,0,0,0,0,49,0,0,0,1300,detection,
1301386,21,22,788,788,0,0,0,0,0,0,49,0,0,0,1301,detection,
1301557,10,4,788,788,0,0,0,0,0,0,57,0,0,0,1301,detection,
1301626,7,4,788,788,0,0,0,0,0,0,52,0,0,0,1301,detection,
1301652,12,14,1504,1504,0,0,0,0,0,0,41,0,0,0,1301,detection,
1302313,22,31,276,1368,-1092,100,100,100,66,0,50,0,56,40,1302,detection,
1304775,6,3,1089,1089,0,0,0,0,0,0,42,0,0,0,1304,detection,
1306013,1,10,1300,1300,0,0,0,0,0,0,34,0,0,0,1306,detection,
1307648,3,16,1304,1304,0,0,0,0,0,0,47,0,0,0,1307,detection,
1307738,1,13,788,788,0,0,0,0,0,0,43,0,0,0,1307,detection,
1307759,24,13,788,788,0,0,0,0,0,0,40,0,0,0,1307,detection,
1307794,4,13,788,788,0,0,0,0,0,0,63,0,0,0,1307,detection,
1307803,10,13,788,788,0,0,0,0,0,0,53,0,0,0,1307,detection,
1307807,18,13,788,788,0,0,0,0,0,0,67,0,0,0,1307,detection,
1308020,16,8,1611,1611,0,0,0,0,0,0,52,0,0,0,1308,detection,
1308028,17,8,1611,1611,0,0,0,0,0,0,56,0,0,0,1308,detection,
1308037,4,8,1611,1611,0,0,0,0,0,0,43,0,0,0,1308,detection,
1308058,22,8,1611,1611,0,0,0,0,0,0,56,0,0,0,1308,detection,
1308087,2,8,1611,1611,0,0,0,0,0,0,49,0,0,0,1308,detection,
1308104,9,8,1611,1611,0,0,0,0,0,0,54,0,0,0,1308,detection,
1308106,20,8,1611,1611,0,0,0,0,0,0,57,0,0,0,1308,detection,
1308113,25,8,1611,1611,0,0,0,0,0,0,58,0,0,0,1308,detection,
1308117,13,8,1611,1611,0,0,0,0,0,0,49,0,0,0,1308,detection,
1308117,26,8,1611,1611,0,0,0,0,0,0,57,0,0,0,1308,detection,
1308121,7,8,1611,1611,0,0,0,0,0,0,58,0,0,0,1308,detection,
1309240,28,24,882,882,0,0,0,0,0,0,54,0,0,0,1309,detection,
1309359,9,20,1187,1187,0,0,0,0,0,0,58,0,0,0,1309,detection,
1312886,11,16,2236,2236,0,0,0,0,0,0,57,0,0,0,1312,detection,
1312893,3,16,2236,2236,0,0,0,0,0,0,47,0,0,0,1312,detection,
1312932,18,16,2236,2236,0,0,0,0,0,0,40,0,0,0,1312,detection,
1312979,13,16,2236,2236,0,0,0,0,0,0,49,0,0,0,1312,detection,
1312982,8,16,2236,2236,0,0,0,0,0,0,50,0,0,0,1312,detection,
1313273,1,13,532,532,0,0,0,0,0,0,44,0,0,0,1313,detection,
1313286,4,13,532,532,0,0,0,0,0,0,65,0,0,0,1313,detection,
1313302,10,13,532,532,0,0,0,0,0,0,54,0,0,0,1313,detection,
1313306,18,13,532,532,0,0,0,0,0,0,68,0,0,0,1313,detection,
1313311,22,13,532,532,0,0,0,0,0,0,60,0,0,0,1313,detection,
1313333,2,13,532,532,0,0,0,0,0,0,62,0,0,0,1313,detection,
1313367,28,13,532,532,0,0,0,0,0,0,60,0,0,0,1313,detection,
1313370,7,13,532,532,0,0,0,0,0,0,68,0,0,0,1313,detection,
1313380,24,13,532,532,0,0,0,0,0,0,41,0,0,0,1313,detection,
1314058,1,10,1504,1504,0,0,0,0,0,0,34,0,0,0,1314,detection,
1314064,22,10,1504,1504,0,0,0,0,0,0,48,0,0,0,1314,detection,
1314081,2,10,1504,1504,0,0,0,0,0,0,53,0,0,0,1314,detection,
1314106,13,10,1504,1504,0,0,0,0,0,0,54,0,0,0,1314,detection,
1314136,21,10,1504,1504,0,0,0,0,0,0,49,0,0,0,1314,detection,
1315156,17,25,583,583,0,0,0,0,0,0,51,0,0,0,1315,detection,
1315990,26,8,532,532,0,0,0,0,0,0,58,0,0,0,1315,detection,
1316031,16,8,532,532,0,0,0,0,0,0,58,0,0,0,1316,detection,
1317934,1,12,1044,1044,0,0,0,0,0,0,32,0,0,0,1317,detection,
1318388,11,16,1095,1095,0,0,0,0,0,0,57,0,0,0,1318,detection,
1319362,19,22,788,788,0,0,0,0,0,0,59,0,0,0,1319,detection,
1319384,21,22,788,788,0,0,0,0,0,0,49,0,0,0,1319,detection,
1320284,1,10,1504,1504,0,0,0,0,0,0,33,0,0,0,1320,detection,
1321597,27,30,276,1811,-1535,100,100,100,80,0,61,0,54,40,1321,detection,
1322269,1,12,1556,1556,0,0,0,0,0,0,36,0,0,0,1322,detection,
1323685,22,21,1044,1044,0,0,0,0,0,0,51,0,0,0,1323,detection,
1323686,10,21,1044,1044,0,0,0,0,0,0,53,0,0,0,1323,detection,
1323686,1,21,1044,1044,0,0,0,0,0,0,34,0,0,0,1323,detection,
1325594,8,16,839,839,0,0,0,0,0,0,56,0,0,0,1325,detection,
1325637,11,16,839,839,0,0,0,0,0,0,58,0,0,0,1325,detection,
1325667,4,16,839,839,0,0,0,0,0,0,49,0,0,0,1325,detection,
1327489,1,21,1169,1169,0,0,0,0,0,0,34,0,0,0,1327,detection,
1327900,6,24,788,788,0,0,0,0,0,0,41,0,0,0,1327,detection,
1328521,3,8,532,532,0,0,0,0,0,0,38,0,0,0,1328,detection,
1328697,14,2,1532,1532,0,0,0,0,0,0,49,0,0,0,1328,detection,
1328820,1,13,532,532,0,0,0,0,0,0,45,0,0,0,1328,detection,
1328832,2,13,532,532,0,0,0,0,0,0,64,0,0,0,1328,detection,
1328870,7,13,532,532,0,0,0,0,0,0,65,0,0,0,1328,detection,
1328935,22,13,532,532,0,0,0,0,0,0,62,0,0,0,1328,detection,
1333484,9,4,788,788,0,0,0,0,0,0,59,0,0,0,1333,detection,
1333489,25,4,788,788,0,0,0,0,0,0,54,0,0,0,1333,detection,
1333523,3,4,788,788,0,0,0,0,0,0,59,0,0,0,1333,detection,
1333523,16,4,788,788,0,0,0,0,0,0,45,0,0,0,1333,detection,
1333523,6,4,788,788,0,0,0,0,0,0,56,0,0,0,1333,detection,
1333882,24,6,532,532,0,0,0,0,0,0,41,0,0,0,1333,detection,
1334634,24,11,839,839,0,0,0,0,0,0,56,0,0,0,1334,detection,
1334730,9,8,532,532,0,0,0,0,0,0,59,0,0,0,1334,detection,
1334786,4,8,532,532,0,0,0,0,0,0,49,0,0,0,1334,detection,
1337265,1,12,1558,1558,0,0,0,0,0,0,37,0,0,0,1337,detection,
1337614,1,10,1504,1504,0,0,0,0,0,0,29,0,0,0,1337,detection,
1337643,21,10,1504,1504,0,0,0,0,0,0,48,0,0,0,1337,detection,
1337683,22,10,1504,1504,0,0,0,0,0,0,46,0,0,0,1337,detection,
1337683,18,10,1504,1504,0,0,0,0,0,0,60,0,0,0,1337,detection,
1338075,1,21,1300,1300,0,0,0,0,0,0,33,0,0,0,1338,detection,
1339322,23,14,1598,1598,0,0,0,0,0,0,49,0,0,0,1339,detection,
1340846,27,16,839,839,0,0,0,0,0,0,36,0,0,0,1340,detection,
1340906,17,16,839,839,0,0,0,0,0,0,33,0,0,0,1340,detection,
1340932,18,16,839,839,0,0,0,0,0,0,44,0,0,0,1340,detection,
1340971,27,30,276,1093,-817,100,100,100,88,0,56,0,56,40,1340,detection,
1340987,9,30,276,1093,-817,100,100,100,28,10,41,0,69,55,1340,detection,
1342028,12,14,1598,1598,0,0,0,0,0,0,50,0,0,0,1342,detection,
1345222,5,31,276,2976,-2700,100,100,100,100,0,85,0,49,40,1345,detection,
1345592,5,31,276,2976,-2700,100,100,100,0,0,81,0,49,40,1345,detection,
1345894,3,4,788,788,0,0,0,0,0,0,58,0,0,0,1345,detection,
1345962,2,4,788,788,0,0,0,0,0,0,40,0,0,0,1345,detection,
1345971,8,4,788,788,0,0,0,0,0,0,59,0,0,0,1345,detection,
1345979,9,4,788,788,0,0,0,0,0,0,59,0,0,0,1345,detection,
1345984,13,4,788,788,0,0,0,0,0,0,37,0,0,0,1345,detection,
1348366,28,5,788,788,0,0,0,0,0,0,55,0,0,0,1348,detection,
1348529,17,25,1010,1010,0,0,0,0,0,0,50,0,0,0,1348,detection,
1348601,27,25,1010,1010,0,0,0,0,0,0,49,0,0,0,1348,detection,
1349398,1,21,1300,1300,0,0,0,0,0,0,33,0,0,0,1349,detection,
1349428,18,21,1300,1300,0,0,0,0,0,0,49,0,0,0,1349,detection,
1353259,1,10,1300,1300,0,0,0,0,0,0,32,0,0,0,1353,detection,
1355186,22,21,1300,1300,0,0,0,0,0,0,53,0,0,0,1355,detection,
1355216,1,21,1300,1300,0,0,0,0,0,0,32,0,0,0,1355,detection,
1355281,15,5,532,532,0,0,0,0,0,0,55,0,0,0,1355,detection,
1355398,12,14,1699,1699,0,0,0,0,0,0,52,0,0,0,1355,detection,
1355436,10,14,1699,1699,0,0,0,0,0,0,44,0,0,0,1355,detection,
1356764,1,10,1044,1044,0,0,0,0,0,0,32,0,0,0,1356,detection,
1362155,15,13,1157,1157,0,0,0,0,0,0,49,0,0,0,1362,detection,
1362594,5,14,1699,1699,0,0,0,0,0,0,40,0,0,0,1362,detection,
1364590,1,12,1044,1044,0,0,0,0,0,0,36,0,0,0,1364,detection,
1366023,16,13,863,863,0,0,0,0,0,0,56,0,0,0,1366,detection,
1366067,23,13,863,863,0,0,0,0,0,0,56,0,0,0,1366,detection,
1366091,1,13,863,863,0,0,0,0,0,0,45,0,0,0,1366,detection,
1368230,9,20,1556,1556,0,0,0,0,0,0,61,0,0,0,1368,detection,
1370003,7,9,788,788,0,0,0,0,0,0,54,0,0,0,1370,detection,
1372317,23,15,829,829,0,0,0,0,0,0,43,0,0,0,1372,detection,
1373481,20,6,854,854,0,0,0,0,0,0,55,0,0,0,1373,detection,
1373494,28,6,854,854,0,0,0,0,0,0,56,0,0,0,1373,detection,
1374741,1,10,1556,1556,0,0,0,0,0,0,31,0,0,0,1374,detection,
1375093,5,14,1300,1300,0,0,0,0,0,0,40,0,0,0,1375,detection,
1375149,12,14,1300,1300,0,0,0,0,0,0,51,0,0,0,1375,detection,
1375651,17,26,1300,1300,0,0,0,0,0,0,41,0,0,0,1375,detection,
1375765,11,31,276,1300,-1024,100,100,100,61,0,58,0,56,40,1375,detection,
1375776,12,30,276,1300,-1024,100,100,100,26,0,94,0,49,40,1375,detection,
1375781,15,30,276,1300,-1024,100,100,100,1,0,73,0,49,40,1375,detection,
1375794,4,30,276,1300,-1024,100,100,100,36,0,54,0,56,40,1375,detection,
1375811,10,30,276,1300,-1024,100,100,100,35,0,44,0,64,40,1375,detection,
1375857,9,30,276,1300,-1024,100,100,100,28,9,45,0,62,40,1375,detection,
1375867,26,17,1120,1120,0,0,0,0,0,0,50,0,0,0,1375,detection,
1375878,7,30,276,1300,-1024,100,100,100,43,0,37,0,74,75,1375,detection,
1376483,20,9,788,788,0,0,0,0,0,0,53,0,0,0,1376,detection,
1376496,7,9,788,788,0,0,0,0,0,0,50,0,0,0,1376,detection,
1378315,23,14,1300,1300,0,0,0,0,0,0,52,0,0,0,1378,detection,
1378341,5,14,1300,1300,0,0,0,0,0,0,39,0,0,0,1378,detection,
1379843,5,12,788,788,0,0,0,0,0,0,56,0,0,0,1379,detection,
1379889,11,12,788,788,0,0,0,0,0,0,44,0,0,0,1379,detection,
1379969,5,11,788,788,0,0,0,0,0,0,50,0,0,0,1379,detection,
1379976,1,10,788,788,0,0,0,0,0,0,31,0,0,0,1379,detection,
1382594,5,31,276,1402,-1126,100,100,100,100,0,88,0,49,40,1382,detection,
1387993,26,17,1300,1300,0,0,0,0,0,0,54,0,0,0,1387,detection,
1389809,10,4,788,788,0,0,0,0,0,0,60,0,0,0,1389,detection,
1389818,23,4,788,788,0,0,0,0,0,0,59,0,0,0,1389,detection,
1389822,14,4,788,788,0,0,0,0,0,0,60,0,0,0,1389,detection,
1390225,27,22,1556,1556,0,0,0,0,0,0,53,0,0,0,1390,detection,
1393102,20,9,788,788,0,0,0,0,0,0,53,0,0,0,1393,detection,
1396146,6,3,788,788,0,0,0,0,0,0,45,0,0,0,1396,detection,
1396651,12,30,276,1300,-1024,100,100,100,0,0,92,0,49,40,1396,detection,
1396656,17,30,276,1300,-1024,100,100,100,53,0,75,0,49,40,1396,detection,
1399215,5,31,276,1084,-808,100,100,100,29,0,92,0,49,40,1399,detection,
1404276,17,26,873,873,0,0,0,0,0,0,45,0,0,0,1404,detection,
1408590,5,12,1018,1018,0,0,0,0,0,0,55,0,0,0,1408,detection,
1408717,5,31,276,1387,-1111,100,100,100,27,0,92,0,49,40,1408,detection,
1408742,19,31,276,1387,-1111,100,100,100,50,0,38,0,72,55,1408,detection,
1411150,3,7,1521,1521,0,0,0,0,0,0,51,0,0,0,1411,detection,
1411346,8,10,1300,1300,0,0,0,0,0,0,42,0,0,0,1411,detection,
1411347,1,10,1300,1300,0,0,0,0,0,0,31,0,0,0,1411,detection,
1411411,4,10,1300,1300,0,0,0,0,0,0,57,0,0,0,1411,detection,
1411432,18,10,1300,1300,0,0,0,0,0,0,59,0,0,0,1411,detection,
1413096,5,19,788,788,0,0,0,0,0,0,46,0,0,0,1413,detection,
1418491,26,17,788,788,0,0,0,0,0,0,57,0,0,0,1418,detection,
1418989,9,20,1366,1366,0,0,0,0,0,0,61,0,0,0,1418,detection,
1419091,5,12,788,788,0,0,0,0,0,0,58,0,0,0,1419,detection,
1419872,28,29,276,1183,-907,100,100,100,19,0,45,0,62,40,1419,detection,
1419881,7,29,276,1183,-907,100,100,100,17,0,55,0,56,40,1419,detection,
1421441,23,4,1425,1425,0,0,0,0,0,0,58,0,0,0,1421,detection,
1422717,5,12,1300,1300,0,0,0,0,0,0,54,0,0,0,1422,detection,
1422839,1,25,1530,1530,0,0,0,0,0,0,29,0,0,0,1422,detection,
1424293,4,16,1080,1080,0,0,0,0,0,0,44,0,0,0,1424,detection,
1425949,1,13,1341,1341,0,0,0,0,0,0,44,0,0,0,1425,detection,
1425974,27,13,1341,1341,0,0,0,0,0,0,56,0,0,0,1425,detection,
1425974,8,13,1341,1341,0,0,0,0,0,0,53,0,0,0,1425,detection,
1425982,20,13,1341,1341,0,0,0,0,0,0,65,0,0,0,1425,detection,
1425990,25,13,1341,1341,0,0,0,0,0,0,54,0,0,0,1425,detection,
1426004,24,13,1341,1341,0,0,0,0,0,0,42,0,0,0,1426,detection,
1426025,16,13,1341,1341,0,0,0,0,0,0,56,0,0,0,1426,detection,
1426052,10,13,1341,1341,0,0,0,0,0,0,58,0,0,0,1426,detection,
1426056,18,13,1341,1341,0,0,0,0,0,0,66,0,0,0,1426,detection,
1427187,18,27,1300,1300,0,0,0,0,0,0,44,0,0,0,1427,detection,
1427618,25,22,1812,1812,0,0,0,0,0,0,63,0,0,0,1427,detection,
1427733,19,22,1812,1812,0,0,0,0,0,0,59,0,0,0,1427,detection,
1427736,9,22,1812,1812,0,0,0,0,0,0,52,0,0,0,1427,detection,
1429407,17,16,1080,1080,0,0,0,0,0,0,32,0,0,0,1429,detection,
1430001,7,29,276,1044,-768,100,100,100,17,0,56,0,56,40,1430,detection,
1432024,3,10,1556,1556,0,0,0,0,0,0,55,0,0,0,1432,detection,
1432100,1,10,1556,1556,0,0,0,0,0,0,31,0,0,0,1432,detection,
1432152,12,19,1018,1018,0,0,0,0,0,0,46,0,0,0,1432,detection,
1432450,1,31,276,1507,-1231,100,100,100,77,0,44,0,64,40,1432,detection,
1434122,26,17,532,532,0,0,0,0,0,0,58,0,0,0,1434,detection,
1434743,26,16,788,788,0,0,0,0,0,0,54,0,0,0,1434,detection,
1436965,5,12,1325,1325,0,0,0,0,0,0,58,0,0,0,1436,detection,
1437195,23,11,1300,1300,0,0,0,0,0,0,49,0,0,0,1437,detection,
1438868,28,29,276,1086,-810,100,100,100,13,0,46,0,62,40,1438,detection,
1439107,9,20,1812,1812,0,0,0,0,0,0,60,0,0,0,1439,detection,
1441346,27,22,1812,1812,0,0,0,0,0,0,56,0,0,0,1441,detection,
1441519,1,25,1641,1641,0,0,0,0,0,0,41,0,0,0,1441,detection,
1442267,3,8,1556,1556,0,0,0,0,0,0,42,0,0,0,1442,detection,
1443245,26,16,788,788,0,0,0,0,0,0,54,0,0,0,1443,detection,
1444111,19,23,788,788,0,0,0,0,0,0,52,0,0,0,1444,detection,
1445527,6,28,532,532,0,0,0,0,0,0,67,0,0,0,1445,detection,
1446472,27,25,1641,1641,0,0,0,0,0,0,56,0,0,0,1446,detection,
1447166,4,18,1300,1300,0,0,0,0,0,0,46,0,0,0,1447,detection,
1447232,13,18,1300,1300,0,0,0,0,0,0,41,0,0,0,1447,detection,
1447234,27,18,1300,1300,0,0,0,0,0,0,53,0,0,0,1447,detection,
1447242,25,18,1300,1300,0,0,0,0,0,0,33,0,0,0,1447,detection,
1447852,20,9,974,974,0,0,0,0,0,0,57,0,0,0,1447,detection,
1448368,28,6,1044,1044,0,0,0,0,0,0,58,0,0,0,1448,detection,
1450717,5,12,1552,1552,0,0,0,0,0,0,58,0,0,0,1450,detection,
1450845,27,25,1760,1760,0,0,0,0,0,0,58,0,0,0,1450,detection,
1455475,27,4,788,788,0,0,0,0,0,0,55,0,0,0,1455,detection,
1455479,13,4,788,788,0,0,0,0,0,0,37,0,0,0,1455,detection,
1455483,9,4,788,788,0,0,0,0,0,0,58,0,0,0,1455,detection,
1455517,6,3,1044,1044,0,0,0,0,0,0,49,0,0,0,1455,detection,
1455531,17,4,788,788,0,0,0,0,0,0,60,0,0,0,1455,detection,
1455561,18,4,788,788,0,0,0,0,0,0,56,0,0,0,1455,detection,
1455726,20,13,1300,1300,0,0,0,0,0,0,68,0,0,0,1455,detection,
1455734,9,13,1300,1300,0,0,0,0,0,0,64,0,0,0,1455,detection,
1455846,27,13,1300,1300,0,0,0,0,0,0,58,0,0,0,1455,detection,
1457341,5,12,1530,1530,0,0,0,0,0,0,57,0,0,0,1457,detection,
1457439,22,16,788,788,0,0,0,0,0,0,49,0,0,0,1457,detection,
1457890,11,19,995,995,0,0,0,0,0,0,57,0,0,0,1457,detection,
1457903,15,19,995,995,0,0,0,0,0,0,50,0,0,0,1457,detection,
1457946,23,19,995,995,0,0,0,0,0,0,55,0,0,0,1457,detection,
1458567,1,10,788,788,0,0,0,0,0,0,30,0,0,0,1458,detection,
1459231,13,20,1300,1300,0,0,0,0,0,0,41,0,0,0,1459,detection,
1459232,9,20,1300,1300,0,0,0,0,0,0,56,0,0,0,1459,detection,
1459657,6,3,1474,1474,0,0,0,0,0,0,60,0,0,0,1459,detection,
1459716,2,30,276,788,-512,100,90,100,63,0,60,0,56,40,1459,detection,
1460454,1,26,1044,1044,0,0,0,0,0,0,38,0,0,0,1460,detection,
1460739,25,8,1300,1300,0,0,0,0,0,0,59,0,0,0,1460,detection,
1460743,26,8,1300,1300,0,0,0,0,0,0,59,0,0,0,1460,detection,
1461585,2,22,1300,1300,0,0,0,0,0,0,49,0,0,0,1461,detection,
1461997,28,24,1747,1747,0,0,0,0,0,0,62,0,0,0,1461,detection,
1462026,6,24,1747,1747,0,0,0,0,0,0,53,0,0,0,1462,detection,
1462819,23,15,1624,1624,0,0,0,0,0,0,43,0,0,0,1462,detection,
1464967,5,12,1300,1300,0,0,0,0,0,0,57,0,0,0,1464,detection,
1466509,1,31,276,1300,-1024,100,100,100,28,0,43,0,66,55,1466,detection,
1467383,1,10,1300,1300,0,0,0,0,0,0,30,0,0,0,1467,detection,
1467393,3,10,1300,1300,0,0,0,0,0,0,57,0,0,0,1467,detection,
1467448,14,10,1300,1300,0,0,0,0,0,0,41,0,0,0,1467,detection,
1468351,1,25,1507,1507,0,0,0,0,0,0,43,0,0,0,1468,detection,
1469481,13,20,1778,1778,0,0,0,0,0,0,46,0,0,0,1469,detection,
1470133,24,3,788,788,0,0,0,0,0,0,44,0,0,0,1470,detection,
1470146,6,3,788,788,0,0,0,0,0,0,59,0,0,0,1470,detection,
1470493,28,24,788,788,0,0,0,0,0,0,65,0,0,0,1470,detection,
1470526,6,24,788,788,0,0,0,0,0,0,56,0,0,0,1470,detection,
1472847,27,18,1069,1069,0,0,0,0,0,0,51,0,0,0,1472,detection,
1472864,25,18,1069,1069,0,0,0,0,0,0,33,0,0,0,1472,detection,
1472969,27,4,1481,1481,0,0,0,0,0,0,58,0,0,0,1472,detection,
1474173,1,25,1581,1581,0,0,0,0,0,0,40,0,0,0,1474,detection,
1474990,28,6,1300,1300,0,0,0,0,0,0,61,0,0,0,1474,detection,
1475006,24,6,1300,1300,0,0,0,0,0,0,45,0,0,0,1475,detection,
1475520,6,3,788,788,0,0,0,0,0,0,58,0,0,0,1475,detection,
1476088,2,4,1161,1161,0,0,0,0,0,0,44,0,0,0,1476,detection,
1477353,13,20,1786,1786,0,0,0,0,0,0,45,0,0,0,1477,detection,
1479310,18,31,276,1342,-1066,100,100,100,64,0,62,0,52,40,1479,detection,
1479512,24,29,276,1300,-1024,100,100,100,35,0,45,0,62,40,1479,detection,
1480196,14,10,1300,1300,0,0,0,0,0,0,42,0,0,0,1480,detection,
1483871,28,11,788,788,0,0,0,0,0,0,59,0,0,0,1483,detection,
1483887,24,11,788,788,0,0,0,0,0,0,59,0,0,0,1483,detection,
1487869,28,29,276,1300,-1024,100,100,100,28,0,49,0,57,40,1487,detection,
1488395,6,5,788,788,0,0,0,0,0,0,38,0,0,0,1488,detection,
1489415,4,8,1737,1737,0,0,0,0,0,0,49,0,0,0,1489,detection,
1493006,24,3,1352,1352,0,0,0,0,0,0,53,0,0,0,1493,detection,
1493019,6,3,1352,1352,0,0,0,0,0,0,63,0,0,0,1493,detection,
1496226,27,30,276,788,-512,100,91,100,36,0,59,0,56,40,1496,detection,
1496312,18,30,276,788,-512,100,100,100,0,0,38,0,72,55,1496,detection,
1496748,7,8,1786,1786,0,0,0,0,0,0,54,0,0,0,1496,detection,
1497115,28,11,1300,1300,0,0,0,0,0,0,55,0,0,0,1497,detection,
1498271,6,3,1352,1352,0,0,0,0,0,0,63,0,0,0,1498,detection,
1498417,1,16,788,788,0,0,0,0,0,0,35,0,0,0,1498,detection,
1498431,22,16,788,788,0,0,0,0,0,0,52,0,0,0,1498,detection,
1498447,14,16,788,788,0,0,0,0,0,0,46,0,0,0,1498,detection,
1498513,11,16,788,788,0,0,0,0,0,0,58,0,0,0,1498,detection,
1498528,17,16,788,788,0,0,0,0,0,0,35,0,0,0,1498,detection,
1498707,1,25,1812,1812,0,0,0,0,0,0,43,0,0,0,1498,detection,
1500309,10,18,1161,1161,0,0,0,0,0,0,43,0,0,0,1500,detection,
1500615,28,5,788,788,0,0,0,0,0,0,57,0,0,0,1500,detection,
1502645,3,10,1248,1248,0,0,0,0,0,0,55,0,0,0,1502,detection,
1502670,1,10,1248,1248,0,0,0,0,0,0,31,0,0,0,1502,detection,
1503758,21,4,1786,1786,0,0,0,0,0,0,51,0,0,0,1503,detection,
1503777,12,4,1786,1786,0,0,0,0,0,0,57,0,0,0,1503,detection,
1503949,1,25,1812,1812,0,0,0,0,0,0,42,0,0,0,1503,detection,
1508235,1,13,788,788,0,0,0,0,0,0,42,0,0,0,1508,detection,
1508273,16,13,788,788,0,0,0,0,0,0,59,0,0,0,1508,detection,
1508288,15,13,788,788,0,0,0,0,0,0,52,0,0,0,1508,detection,
1508307,18,13,788,788,0,0,0,0,0,0,64,0,0,0,1508,detection,
1508311,22,13,788,788,0,0,0,0,0,0,61,0,0,0,1508,detection,
1509224,27,8,532,532,0,0,0,0,0,0,54,0,0,0,1509,detection,
1509231,20,8,532,532,0,0,0,0,0,0,59,0,0,0,1509,detection,
1509249,7,8,532,532,0,0,0,0,0,0,59,0,0,0,1509,detection,
1509505,24,11,1300,1300,0,0,0,0,0,0,58,0,0,0,1509,detection,
1512182,10,14,1300,1300,0,0,0,0,0,0,44,0,0,0,1512,detection,
1512599,8,7,1044,1044,0,0,0,0,0,0,51,0,0,0,1512,detection,
1513695,23,4,1675,1675,0,0,0,0,0,0,58,0,0,0,1513,detection,
1517416,4,12,1504,1504,0,0,0,0,0,0,59,0,0,0,1517,detection,
1517755,24,3,1500,1500,0,0,0,0,0,0,50,0,0,0,1517,detection,
1522126,7,4,1556,1556,0,0,0,0,0,0,56,0,0,0,1522,detection,
1522365,19,11,1351,1351,0,0,0,0,0,0,51,0,0,0,1522,detection,
1522999,7,20,1044,1044,0,0,0,0,0,0,52,0,0,0,1522,detection,
1524415,1,13,788,788,0,0,0,0,0,0,40,0,0,0,1524,detection,
1524527,15,13,788,788,0,0,0,0,0,0,51,0,0,0,1524,detection,
1524937,10,31,276,1556,-1280,100,100,100,100,0,41,0,69,55,1524,detection,
1525306,10,14,1278,1278,0,0,0,0,0,0,47,0,0,0,1525,detection,
1529440,23,4,1530,1530,0,0,0,0,0,0,54,0,0,0,1529,detection,
1529473,8,4,1530,1530,0,0,0,0,0,0,58,0,0,0,1529,detection,
1529499,7,4,1530,1530,0,0,0,0,0,0,55,0,0,0,1529,detection,
1531902,6,28,1300,1300,0,0,0,0,0,0,66,0,0,0,1531,detection,
1532291,4,21,788,788,0,0,0,0,0,0,59,0,0,0,1532,detection,
1535272,6,28,1300,1300,0,0,0,0,0,0,65,0,0,0,1535,detection,
1535845,5,15,1300,1300,0,0,0,0,0,0,52,0,0,0,1535,detection,
1536110,9,2,768,768,0,0,0,0,0,0,41,0,0,0,1536,detection,
1536149,3,2,768,768,0,0,0,0,0,0,48,0,0,0,1536,detection,
1536220,8,7,1042,1042,0,0,0,0,0,0,50,0,0,0,1536,detection,
1536727,13,18,1300,1300,0,0,0,0,0,0,40,0,0,0,1536,detection,
1536836,14,18,1300,1300,0,0,0,0,0,0,46,0,0,0,1536,detection,
1541371,7,4,1507,1507,0,0,0,0,0,0,54,0,0,0,1541,detection,
1541470,27,4,1507,1507,0,0,0,0,0,0,57,0,0,0,1541,detection,
1542730,13,18,1300,1300,0,0,0,0,0,0,40,0,0,0,1542,detection,
1544741,28,6,512,512,0,0,0,0,0,0,63,0,0,0,1544,detection,
1544761,24,6,512,512,0,0,0,0,0,0,49,0,0,0,1544,detection,
1546717,5,15,1896,1896,0,0,0,0,0,0,61,0,0,0,1546,detection,
1546867,1,13,839,839,0,0,0,0,0,0,35,0,0,0,1546,detection,
1546957,2,13,839,839,0,0,0,0,0,0,58,0,0,0,1546,detection,
1551033,15,18,1581,1581,0,0,0,0,0,0,50,0,0,0,1551,detection,
1551071,14,18,1581,1581,0,0,0,0,0,0,44,0,0,0,1551,detection,
1551088,2,18,1581,1581,0,0,0,0,0,0,44,0,0,0,1551,detection,
1551135,21,18,1581,1581,0,0,0,0,0,0,47,0,0,0,1551,detection,
1551248,26,27,1044,1044,0,0,0,0,0,0,43,0,0,0,1551,detection,
1554341,5,15,1896,1896,0,0,0,0,0,0,63,0,0,0,1554,detection,
1555606,13,10,768,768,0,0,0,0,0,0,55,0,0,0,1555,detection,
1555606,1,10,768,768,0,0,0,0,0,0,36,0,0,0,1555,detection,
1555658,17,10,768,768,0,0,0,0,0,0,65,0,0,0,1555,detection,
1555749,7,8,1150,1150,0,0,0,0,0,0,61,0,0,0,1555,detection,
1558095,8,7,1044,1044,0,100,0,0,0,0,57,0,56,40,1558,detection,
1558106,20,7,1044,1044,0,100,0,0,0,0,59,0,56,40,1558,detection,
1558756,7,29,276,2038,-1762,100,100,100,100,0,60,0,56,40,1558,detection,
1559480,9,2,512,512,0,0,0,0,0,0,38,0,0,0,1559,detection,
1559484,13,2,512,512,0,0,0,0,0,0,60,0,0,0,1559,detection,
1559492,25,2,512,512,0,0,0,0,0,0,66,0,0,0,1559,detection,
1559793,4,12,1069,1069,0,0,0,0,0,0,60,0,0,0,1559,detection,
1559843,5,12,1069,1069,0,0,0,0,0,0,58,0,0,0,1559,detection,
1559904,15,12,1069,1069,0,0,0,0,0,0,53,0,0,0,1559,detection,
1560494,25,30,276,768,-492,100,80,100,32,0,69,0,49,40,1560,detection,
1560512,21,30,276,768,-492,100,73,100,100,0,81,0,49,40,1560,detection,
1560529,17,30,276,768,-492,100,69,100,50,0,88,0,49,40,1560,detection,
1560589,2,30,276,768,-492,100,84,100,2,0,64,0,49,40,1560,detection,
1562652,6,28,788,788,0,0,0,0,0,0,64,0,0,0,1562,detection,
1562869,1,25,788,788,0,0,0,0,0,0,41,0,0,0,1562,detection,
1562897,12,11,1556,1556,0,0,0,0,0,0,56,0,0,0,1562,detection,
1562944,23,11,1556,1556,0,0,0,0,0,0,52,0,0,0,1562,detection,
1563375,7,29,276,1581,-1305,100,100,100,53,0,62,0,52,40,1563,detection,
1564314,1,21,788,788,0,0,0,0,0,0,33,0,0,0,1564,detection,
1564721,27,16,788,788,0,0,0,0,0,0,39,0,0,0,1564,detection,
1565119,1,10,512,512,0,0,0,0,0,0,37,0,0,0,1565,detection,
1565136,21,10,512,512,0,0,0,0,0,0,53,0,0,0,1565,detection,
1565148,3,10,512,512,0,0,0,0,0,0,61,0,0,0,1565,detection,
1565182,18,10,512,512,0,0,0,0,0,0,61,0,0,0,1565,detection,
1565200,14,10,512,512,0,0,0,0,0,0,48,0,0,0,1565,detection,
1565847,27,4,1486,1486,0,0,0,0,0,0,57,0,0,0,1565,detection,
1567337,2,30,276,890,-614,100,100,100,13,0,67,0,49,40,1567,detection,
1567366,25,30,276,890,-614,100,98,100,13,0,72,0,49,40,1567,detection,
1567629,24,11,1024,1024,0,0,0,0,0,0,58,0,0,0,1567,detection,
1569344,27,4,1556,1556,0,0,0,0,0,0,57,0,0,0,1569,detection,
1570274,6,28,788,788,0,0,0,0,0,0,63,0,0,0,1570,detection,
1571399,1,21,762,762,0,0,0,0,0,0,27,0,0,0,1571,detection,
1571402,17,21,762,762,0,0,0,0,0,0,55,0,0,0,1571,detection,
1571872,28,19,532,532,0,0,0,0,0,0,41,0,0,0,1571,detection,
1571903,6,19,532,532,0,0,0,0,0,0,59,0,0,0,1571,detection,
1572572,23,16,583,583,0,0,0,0,0,0,44,0,0,0,1572,detection,
1572592,27,16,583,583,0,0,0,0,0,0,39,0,0,0,1572,detection,
1575948,14,18,1024,1024,0,0,0,0,0,0,47,0,0,0,1575,detection,
1575977,13,18,1024,1024,0,0,0,0,0,0,43,0,0,0,1575,detection,
1576004,21,18,1024,1024,0,0,0,0,0,0,46,0,0,0,1576,detection,
1576026,15,18,1024,1024,0,0,0,0,0,0,53,0,0,0,1576,detection,
1576096,8,22,1044,1044,0,0,0,0,0,0,61,0,0,0,1576,detection,
1576100,27,22,1044,1044,0,0,0,0,0,0,59,0,0,0,1576,detection,
1579477,13,18,1632,1632,0,0,0,0,0,0,46,0,0,0,1579,detection,
1580023,6,19,532,532,0,0,0,0,0,0,56,0,0,0,1580,detection,
1580117,28,19,532,532,0,0,0,0,0,0,43,0,0,0,1580,detection,
1582010,24,13,1005,1005,0,0,0,0,0,0,46,0,0,0,1582,detection,
1584119,28,24,996,996,0,0,0,0,0,0,63,0,0,0,1584,detection,
1584521,6,28,1024,1024,0,0,0,0,0,0,58,0,0,0,1584,detection,
1584715,1,13,1024,1024,0,0,0,0,0,0,37,0,0,0,1584,detection,
1588118,25,18,1044,1044,0,0,0,0,0,0,36,0,0,0,1588,detection,
1588294,1,26,1351,1351,0,0,0,0,0,0,33,0,0,0,1588,detection,
1588923,1,21,739,739,0,0,0,0,0,0,27,0,0,0,1588,detection,
1588935,18,21,739,739,0,0,0,0,0,0,49,0,0,0,1588,detection,
1589029,17,21,739,739,0,0,0,0,0,0,54,0,0,0,1589,detection,
1589541,4,16,995,995,0,0,0,0,0,0,47,0,0,0,1589,detection,
1589554,10,16,995,995,0,0,0,0,0,0,55,0,0,0,1589,detection,
1589593,27,16,995,995,0,0,0,0,0,0,39,0,0,0,1589,detection,
1590948,23,15,1536,1536,0,0,0,0,0,0,46,0,0,0,1590,detection,
1592288,4,12,1296,1296,0,0,0,0,0,0,59,0,0,0,1592,detection,
1593660,17,25,1044,1044,0,0,0,0,0,0,53,0,0,0,1593,detection,
1593719,1,25,1044,1044,0,0,0,0,0,0,41,0,0,0,1593,detection,
1594116,28,19,762,762,0,0,0,0,0,0,38,0,0,0,1594,detection,
1594970,5,22,1300,1300,0,0,0,0,0,0,59,0,0,0,1594,detection,
1595029,12,4,1351,1351,0,0,0,0,0,0,57,0,0,0,1595,detection,
1595745,26,16,1239,1239,0,0,0,0,0,0,59,0,0,0,1595,detection,
1595805,10,16,1239,1239,0,0,0,0,0,0,55,0,0,0,1595,detection,
1595813,22,16,1239,1239,0,0,0,0,0,0,57,0,0,0,1595,detection,
1595815,23,16,1239,1239,0,0,0,0,0,0,49,0,0,0,1595,detection,
1595843,27,16,1239,1239,0,0,0,0,0,0,40,0,0,0,1595,detection,
1597847,5,11,1686,1686,0,0,0,0,0,0,55,0,0,0,1597,detection,
1600027,1,25,1069,1069,0,0,0,0,0,0,41,0,0,0,1600,detection,
1600027,17,25,1069,1069,0,0,0,0,0,0,55,0,0,0,1600,detection,
1604692,1,26,1556,1556,0,0,0,0,0,0,36,0,0,0,1604,detection,
1607228,13,20,1659,1659,0,0,0,0,0,0,58,0,0,0,1607,detection,
1607231,9,20,1659,1659,0,0,0,0,0,0,65,0,0,0,1607,detection,
1607260,24,20,1659,1659,0,0,0,0,0,0,61,0,0,0,1607,detection,
1607865,25,13,1024,1024,0,0,0,0,0,0,58,0,0,0,1607,detection,
1608161,4,10,949,949,0,0,0,0,0,0,54,0,0,0,1608,detection,
1608217,8,10,949,949,0,0,0,0,0,0,43,0,0,0,1608,detection,
1608988,1,26,1751,1751,0,0,0,0,0,0,36,0,0,0,1608,detection,
1609397,12,11,1852,1852,0,0,0,0,0,0,66,0,0,0,1609,detection,
1609607,20,24,996,996,0,0,0,0,0,0,40,0,0,0,1609,detection,
1609651,6,24,996,996,0,0,0,0,0,0,51,0,0,0,1609,detection,
1611005,24,3,1280,1280,0,0,0,0,0,0,53,0,0,0,1611,detection,
1611104,20,3,1280,1280,0,0,0,0,0,0,57,0,0,0,1611,detection,
1611523,16,4,532,532,0,0,0,0,0,0,41,0,0,0,1611,detection,
1613092,5,22,788,788,0,0,0,0,0,0,54,0,0,0,1613,detection,
1613397,3,7,1508,1508,0,0,0,0,0,0,54,0,0,0,1613,detection,
1617877,1,26,1751,1751,0,0,0,0,0,0,35,0,0,0,1617,detection,
1618218,8,4,532,532,0,0,0,0,0,0,55,0,0,0,1618,detection,
1618761,21,27,863,863,0,0,0,0,0,0,49,0,0,0,1618,detection,
1618852,13,20,1280,1280,0,0,0,0,0,0,61,0,0,0,1618,detection,
1620467,5,22,788,788,0,0,0,0,0,0,54,0,0,0,1620,detection,
1620988,1,26,1753,1753,0,0,0,0,0,0,35,0,0,0,1620,detection,
1621891,1,21,739,739,0,0,0,0,0,0,27,0,0,0,1621,detection,
1621903,17,21,739,739,0,0,0,0,0,0,54,0,0,0,1621,detection,
1622070,18,30,276,793,-517,100,100,100,0,0,43,0,66,55,1622,detection,
1624227,20,24,1113,1113,0,0,0,0,0,0,44,0,0,0,1624,detection,
1624733,9,13,1024,1024,0,0,0,0,0,0,62,0,0,0,1624,detection,
1626965,5,12,1375,1375,0,0,0,0,0,0,57,0,0,0,1626,detection,
1628494,28,6,534,534,0,0,0,0,0,0,64,0,0,0,1628,detection,
1630132,24,3,1280,1280,0,0,0,0,0,0,52,0,0,0,1630,detection,
1630226,20,3,1280,1280,0,0,0,0,0,0,56,0,0,0,1630,detection,
1631239,19,11,1852,1852,0,0,0,0,0,0,56,0,0,0,1631,detection,
1631261,24,11,1852,1852,0,0,0,0,0,0,62,0,0,0,1631,detection,
1633591,5,22,788,788,0,0,0,0,0,0,53,0,0,0,1633,detection,
1633599,27,22,788,788,0,0,0,0,0,0,55,0,0,0,1633,detection,
1633908,15,31,276,1177,-901,100,100,100,56,0,32,0,81,75,1633,detection,
1637135,21,16,1508,1508,0,0,0,0,0,0,48,0,0,0,1637,detection,
1637140,11,16,1508,1508,0,0,0,0,0,0,53,0,0,0,1637,detection,
1637148,3,16,1508,1508,0,0,0,0,0,0,51,0,0,0,1637,detection,
1637148,12,16,1508,1508,0,0,0,0,0,0,60,0,0,0,1637,detection,
1637153,17,16,1508,1508,0,0,0,0,0,0,38,0,0,0,1637,detection,
1639457,1,26,2016,2016,0,0,0,0,0,0,37,0,0,0,1639,detection,
1640782,15,12,1375,1375,0,0,0,0,0,0,57,0,0,0,1640,detection,
1640791,4,12,1375,1375,0,0,0,0,0,0,55,0,0,0,1640,detection,
1641126,7,20,1251,1251,0,0,0,0,0,0,56,0,0,0,1641,detection,
1641130,24,20,1251,1251,0,0,0,0,0,0,64,0,0,0,1641,detection,
1641445,23,14,512,512,0,0,0,0,0,0,57,0,0,0,1641,detection,
1642648,3,7,601,601,0,0,0,0,0,0,58,0,0,0,1642,detection,
1643290,4,21,1046,1046,0,0,0,0,0,0,59,0,0,0,1643,detection,
1643435,10,4,762,762,0,0,0,0,0,0,59,0,0,0,1643,detection,
1643443,23,4,762,762,0,0,0,0,0,0,57,0,0,0,1643,detection,
1643447,14,4,762,762,0,0,0,0,0,0,59,0,0,0,1643,detection,
1643482,13,4,762,762,0,0,0,0,0,0,37,0,0,0,1643,detection,
1643508,21,4,762,762,0,0,0,0,0,0,54,0,0,0,1643,detection,
1643525,6,4,762,762,0,0,0,0,0,0,56,0,0,0,1643,detection,
1643534,17,4,762,762,0,0,0,0,0,0,59,0,0,0,1643,detection,
1643534,12,4,762,762,0,0,0,0,0,0,57,0,0,0,1643,detection,
1643612,19,11,1763,1763,0,0,0,0,0,0,60,0,0,0,1643,detection,
1644874,28,29,276,1024,-748,100,100,100,35,0,52,0,56,40,1644,detection,
1647486,19,11,1113,1113,0,0,0,0,0,0,59,0,0,0,1647,detection,
1647697,14,10,532,532,0,0,0,0,0,0,54,0,0,0,1647,detection,
1647709,2,10,532,532,0,0,0,0,0,0,58,0,0,0,1647,detection,
1647731,13,10,532,532,0,0,0,0,0,0,57,0,0,0,1647,detection,
1650077,14,31,276,788,-512,100,100,100,74,0,39,0,71,75,1650,detection,
1650097,5,31,276,788,-512,100,68,100,53,0,96,0,49,40,1650,detection,
1651000,7,20,1556,1556,0,0,0,0,0,0,56,0,0,0,1651,detection,
1651008,24,20,1556,1556,0,0,0,0,0,0,64,0,0,0,1651,detection,
1651976,27,25,1113,1113,0,0,0,0,0,0,62,0,0,0,1651,detection,
1652388,11,16,1625,1625,0,0,0,0,0,0,62,0,0,0,1652,detection,
1652401,15,13,788,788,0,0,0,0,0,0,55,0,0,0,1652,detection,
1652434,10,13,788,788,0,0,0,0,0,0,60,0,0,0,1652,detection,
1652439,23,13,788,788,0,0,0,0,0,0,59,0,0,0,1652,detection,
1652456,2,13,788,788,0,0,0,0,0,0,61,0,0,0,1652,detection,
1652468,27,16,1625,1625,0,0,0,0,0,0,48,0,0,0,1652,detection,
1652473,8,13,788,788,0,0,0,0,0,0,55,0,0,0,1652,detection,
1652494,28,13,788,788,0,0,0,0,0,0,56,0,0,0,1652,detection,
1653359,19,11,1113,1113,0,0,0,0,0,0,59,0,0,0,1653,detection,
1657095,27,22,532,532,0,0,0,0,0,0,56,0,0,0,1657,detection,
1657112,19,22,532,532,0,0,0,0,0,0,59,0,0,0,1657,detection,
1657116,25,22,532,532,0,0,0,0,0,0,65,0,0,0,1657,detection,
1658149,6,5,830,830,0,0,0,0,0,0,38,0,0,0,1658,detection,
1658157,15,5,830,830,0,0,0,0,0,0,57,0,0,0,1658,detection,
1659388,11,19,857,857,0,0,0,0,0,0,59,0,0,0,1659,detection,
1662948,14,8,1325,1325,0,0,0,0,0,0,56,0,0,0,1662,detection,
1662961,2,8,1325,1325,0,0,0,0,0,0,48,0,0,0,1662,detection,
1663025,15,13,532,532,0,0,0,0,0,0,61,0,0,0,1663,detection,
1663063,23,13,532,532,0,0,0,0,0,0,65,0,0,0,1663,detection,
1663080,2,13,532,532,0,0,0,0,0,0,62,0,0,0,1663,detection,
1663094,8,13,532,532,0,0,0,0,0,0,60,0,0,0,1663,detection,
1663398,3,16,1113,1113,0,0,0,0,0,0,56,0,0,0,1663,detection,
1663990,25,18,1556,1556,0,0,0,0,0,0,39,0,0,0,1663,detection,
1664353,20,3,1113,1113,0,0,0,0,0,0,56,0,0,0,1664,detection,
1664978,20,24,1113,1113,0,0,0,0,0,0,44,0,0,0,1664,detection,
1667271,6,5,788,788,0,0,0,0,0,0,41,0,0,0,1667,detection,
1667275,15,5,788,788,0,0,0,0,0,0,60,0,0,0,1667,detection,
1668060,1,25,1044,1044,0,0,0,0,0,0,40,0,0,0,1668,detection,
1668290,15,12,788,788,0,0,0,0,0,0,57,0,0,0,1668,detection,
1668527,15,31,276,820,-544,100,100,100,50,0,42,0,67,75,1668,detection,
1668577,14,31,276,820,-544,100,100,100,4,0,39,0,71,75,1668,detection,
1669297,15,13,557,557,0,0,0,0,0,0,62,0,0,0,1669,detection,
1669345,8,13,557,557,0,0,0,0,0,0,61,0,0,0,1669,detection,
1670449,14,23,859,859,0,0,0,0,0,0,65,0,0,0,1670,detection,
1670480,5,23,859,859,0,0,0,0,0,0,43,0,0,0,1670,detection,
1671066,23,14,788,788,0,0,0,0,0,0,60,0,0,0,1671,detection,
1671115,25,18,1300,1300,0,0,0,0,0,0,40,0,0,0,1671,detection,
1671149,16,18,1300,1300,0,0,0,0,0,0,48,0,0,0,1671,detection,
1671768,3,16,1113,1113,0,0,0,0,0,0,57,0,0,0,1671,detection,
1671811,18,16,1113,1113,0,0,0,0,0,0,45,0,0,0,1671,detection,
1671845,27,16,1113,1113,0,0,0,0,0,0,53,0,0,0,1671,detection,
1672110,9,7,910,910,0,0,0,0,0,0,51,0,0,0,1672,detection,
1672145,3,7,910,910,0,0,0,0,0,0,58,0,0,0,1672,detection,
1672530,17,30,276,788,-512,100,72,100,1,0,89,0,49,40,1672,detection,
1672599,8,30,276,788,-512,100,100,100,68,0,45,0,62,40,1672,detection,
1673009,21,10,631,631,0,0,0,0,0,0,56,0,0,0,1673,detection,
1673115,19,11,1625,1625,0,0,0,0,0,0,55,0,0,0,1673,detection,
1674071,14,23,788,788,0,0,0,0,0,0,64,0,0,0,1674,detection,
1674152,6,23,788,788,0,0,0,0,0,0,48,0,0,0,1674,detection,
1674895,6,5,532,532,0,0,0,0,0,0,43,0,0,0,1674,detection,
1675322,14,8,788,788,0,0,0,0,0,0,56,0,0,0,1675,detection,
1675352,13,8,788,788,0,0,0,0,0,0,49,0,0,0,1675,detection,
1679129,7,20,1394,1394,0,0,0,0,0,0,52,0,0,0,1679,detection,
1679133,24,20,1394,1394,0,0,0,0,0,0,64,0,0,0,1679,detection,
1679838,1,25,1044,1044,0,0,0,0,0,0,39,0,0,0,1679,detection,
1679847,27,25,1044,1044,0,0,0,0,0,0,66,0,0,0,1679,detection,
1681679,18,16,1113,1113,0,0,0,0,0,0,45,0,0,0,1681,detection,
1681721,27,16,1113,1113,0,0,0,0,0,0,54,0,0,0,1681,detection,
1681725,1,16,1113,1113,0,0,0,0,0,0,37,0,0,0,1681,detection,
1682601,27,18,1422,1422,0,0,0,0,0,0,53,0,0,0,1682,detection,
1682648,16,18,1422,1422,0,0,0,0,0,0,52,0,0,0,1682,detection,
1683936,18,27,941,941,0,0,0,0,0,0,44,0,0,0,1683,detection,
1684318,23,14,992,992,0,0,0,0,0,0,58,0,0,0,1684,detection,
1684401,12,14,992,992,0,0,0,0,0,0,53,0,0,0,1684,detection,
1687028,12,30,276,1044,-768,100,100,100,25,0,83,0,49,40,1687,detection,
1687031,17,30,276,1044,-768,100,100,100,24,0,88,0,49,40,1687,detection,
1688884,24,5,532,532,0,0,0,0,0,0,55,0,0,0,1688,detection,
1689083,1,31,276,990,-714,100,100,100,43,0,42,0,67,55,1689,detection,
1689091,5,31,276,990,-714,100,99,100,18,0,90,0,49,40,1689,detection,
1690382,21,10,851,851,0,0,0,0,0,0,56,0,0,0,1690,detection,
1691727,20,3,1044,1044,0,0,0,0,0,0,56,0,0,0,1691,detection,
1691753,24,3,1044,1044,0,0,0,0,0,0,54,0,0,0,1691,detection,
1692397,6,23,532,532,0,0,0,0,0,0,49,0,0,0,1692,detection,
1692501,1,26,1044,1044,0,0,0,0,0,0,37,0,0,0,1692,detection,
1693526,12,30,276,788,-512,100,74,100,24,0,84,0,49,40,1693,detection,
1693530,17,30,276,788,-512,100,71,100,23,0,90,0,49,40,1693,detection,
1694283,17,8,1300,1300,0,0,0,0,0,0,56,0,0,0,1694,detection,
1694322,14,8,1300,1300,0,0,0,0,0,0,56,0,0,0,1694,detection,
1694354,13,8,1300,1300,0,0,0,0,0,0,52,0,0,0,1694,detection,
1694359,9,8,1300,1300,0,0,0,0,0,0,59,0,0,0,1694,detection,
1698781,15,11,1107,1107,0,0,0,0,0,0,54,0,0,0,1698,detection,
1699603,20,3,1044,1044,0,0,0,0,0,0,56,0,0,0,1699,detection,
1702081,1,26,788,788,0,0,0,0,0,0,39,0,0,0,1702,detection,
1702150,16,26,788,788,0,0,0,0,0,0,62,0,0,0,1702,detection,
1702310,10,21,1013,1013,0,0,0,0,0,0,56,0,0,0,1702,detection,
1702416,4,21,1013,1013,0,0,0,0,0,0,61,0,0,0,1702,detection,
1703179,18,27,925,925,0,0,0,0,0,0,44,0,0,0,1703,detection,
1707637,11,19,1125,1125,0,0,0,0,0,0,59,0,0,0,1707,detection,
1707654,15,19,1125,1125,0,0,0,0,0,0,52,0,0,0,1707,detection,
1711149,12,30,276,905,-629,100,93,100,11,0,81,0,49,40,1711,detection,
1711444,23,14,904,904,0,0,0,0,0,0,57,0,0,0,1711,detection,
1711470,5,14,904,904,0,0,0,0,0,0,43,0,0,0,1711,detection,
1711993,28,29,276,1115,-839,100,100,100,11,0,56,0,56,40,1711,detection,
1712002,7,29,276,1115,-839,100,100,100,53,0,63,0,49,40,1712,detection,
1712014,24,29,276,1115,-839,100,100,100,24,0,50,0,56,40,1712,detection,
1714847,27,4,1169,1169,0,0,0,0,0,0,60,0,0,0,1714,detection,
1714881,21,4,1169,1169,0,0,0,0,0,0,58,0,0,0,1714,detection,
1715036,1,16,788,788,0,0,0,0,0,0,36,0,0,0,1715,detection,
1715537,1,26,830,830,0,0,0,0,0,0,34,0,0,0,1715,detection,
1715644,16,26,830,830,0,0,0,0,0,0,63,0,0,0,1715,detection,
1715671,1,25,788,788,0,0,0,0,0,0,33,0,0,0,1715,detection,
1718354,13,8,1300,1300,0,0,0,0,0,0,56,0,0,0,1718,detection,
1718354,9,8,1300,1300,0,0,0,0,0,0,58,0,0,0,1718,detection,
1719345,8,13,866,866,0,0,0,0,0,0,59,0,0,0,1719,detection,
1719357,9,13,866,866,0,0,0,0,0,0,64,0,0,0,1719,detection,
1719401,15,13,866,866,0,0,0,0,0,0,60,0,0,0,1719,detection,
1721333,1,16,532,532,0,0,0,0,0,0,37,0,0,0,1721,detection,
1721341,27,16,532,532,0,0,0,0,0,0,59,0,0,0,1721,detection,
1721371,26,16,532,532,0,0,0,0,0,0,60,0,0,0,1721,detection,
1721396,3,16,532,532,0,0,0,0,0,0,58,0,0,0,1721,detection,
1721448,14,16,532,532,0,0,0,0,0,0,47,0,0,0,1721,detection,
1721461,2,16,532,532,0,0,0,0,0,0,37,0,0,0,1721,detection,
1722105,1,25,788,788,0,0,0,0,0,0,32,0,0,0,1722,detection,
1723773,6,24,788,788,0,0,0,0,0,0,54,0,0,0,1723,detection,
1723931,18,31,276,1044,-768,100,100,100,34,0,64,0,49,40,1723,detection,
1723938,1,31,276,1044,-768,100,100,100,7,0,41,0,69,55,1723,detection,
1723939,22,31,276,1044,-768,100,100,100,41,0,51,0,56,40,1723,detection,
1724660,6,20,532,532,0,0,0,0,0,0,60,0,0,0,1724,detection,
1726637,21,22,788,788,0,0,0,0,0,0,52,0,0,0,1726,detection,
1727010,24,23,1044,1044,0,0,0,0,0,0,44,0,0,0,1727,detection,
1727103,13,8,1378,1378,0,0,0,0,0,0,55,0,0,0,1727,detection,
1727107,9,8,1378,1378,0,0,0,0,0,0,58,0,0,0,1727,detection,
1727535,12,30,276,1300,-1024,100,100,100,39,0,80,0,49,40,1727,detection,
1729493,28,5,532,532,0,0,0,0,0,0,58,0,0,0,1729,detection,
1730512,21,18,1166,1166,0,0,0,0,0,0,51,0,0,0,1730,detection,
1733541,1,31,276,1684,-1408,100,100,100,92,0,40,0,71,55,1733,detection,
1733734,20,6,788,788,0,0,0,0,0,0,55,0,0,0,1733,detection,
1734360,1,25,1044,1044,0,0,0,0,0,0,35,0,0,0,1734,detection,
1735773,12,30,276,1300,-1024,100,100,100,0,0,77,0,49,40,1735,detection,
1735778,3,30,276,1300,-1024,100,100,100,1,0,48,0,59,40,1735,detection,
1735779,15,30,276,1300,-1024,100,100,100,0,0,75,0,49,40,1735,detection,
1735835,2,22,532,532,0,0,0,0,0,0,53,0,0,0,1735,detection,
1737367,28,5,532,532,0,0,0,0,0,0,59,0,0,0,1737,detection,
1738197,14,16,788,788,0,0,0,0,0,0,52,0,0,0,1738,detection,
1738200,1,16,788,788,0,0,0,0,0,0,33,0,0,0,1738,detection,
1739823,14,23,532,532,0,0,0,0,0,0,64,0,0,0,1739,detection,
1739862,19,23,532,532,0,0,0,0,0,0,56,0,0,0,1739,detection,
1739883,24,23,532,532,0,0,0,0,0,0,48,0,0,0,1739,detection,
1740821,23,15,762,762,0,0,0,0,0,0,50,0,0,0,1740,detection,
1740935,18,21,1013,1013,0,0,0,0,0,0,53,0,0,0,1740,detection,
1741647,3,7,1044,1044,0,0,0,0,0,0,57,0,0,0,1741,detection,
1741764,21,31,276,1274,-998,100,100,100,30,0,48,0,59,40,1741,detection,
1743284,17,8,1363,1363,0,0,0,0,0,0,57,0,0,0,1743,detection,
1744307,18,21,788,788,0,0,0,0,0,0,56,0,0,0,1744,detection,
1744310,22,21,788,788,0,0,0,0,0,0,56,0,0,0,1744,detection,
1744978,27,30,276,1416,-1140,100,100,100,75,0,59,0,56,40,1744,detection,
1745003,7,30,276,1416,-1140,100,100,100,16,0,44,0,64,40,1745,detection,
1745020,3,30,276,1416,-1140,100,100,100,14,0,51,0,56,40,1745,detection,
1745024,12,30,276,1416,-1140,100,100,100,12,0,73,0,49,40,1745,detection,
1745029,15,30,276,1416,-1140,100,100,100,11,0,77,0,49,40,1745,detection,
1745630,24,3,557,557,0,0,0,0,0,0,60,0,0,0,1745,detection,
1746258,21,18,1044,1044,0,0,0,0,0,0,54,0,0,0,1746,detection,
1746723,27,13,1044,1044,0,0,0,0,0,0,55,0,0,0,1746,detection,
1746741,19,13,1044,1044,0,0,0,0,0,0,37,0,0,0,1746,detection,
1746757,24,13,1044,1044,0,0,0,0,0,0,46,0,0,0,1746,detection,
1746774,3,13,1044,1044,0,0,0,0,0,0,56,0,0,0,1746,detection,
1746775,15,13,1044,1044,0,0,0,0,0,0,63,0,0,0,1746,detection,
1746808,10,13,1044,1044,0,0,0,0,0,0,60,0,0,0,1746,detection,
1747525,6,23,532,532,0,0,0,0,0,0,54,0,0,0,1747,detection,
1747629,24,23,532,532,0,0,0,0,0,0,48,0,0,0,1747,detection,
1749016,11,22,532,532,0,0,0,0,0,0,47,0,0,0,1749,detection,
1749773,6,24,813,813,0,0,0,0,0,0,60,0,0,0,1749,detection,
1750218,27,16,864,864,0,0,0,0,0,0,62,0,0,0,1750,detection,
1750231,13,16,864,864,0,0,0,0,0,0,53,0,0,0,1750,detection,
1750273,3,16,864,864,0,0,0,0,0,0,58,0,0,0,1750,detection,
1750274,12,16,864,864,0,0,0,0,0,0,63,0,0,0,1750,detection,
1750321,23,16,864,864,0,0,0,0,0,0,49,0,0,0,1750,detection,
1750324,14,16,864,864,0,0,0,0,0,0,51,0,0,0,1750,detection,
1750562,10,30,276,1044,-768,100,100,100,34,0,47,0,61,40,1750,detection,
1750597,27,30,276,1044,-768,100,100,100,44,0,58,0,56,40,1750,detection,
1750629,7,30,276,1044,-768,100,100,100,49,0,48,0,59,40,1750,detection,
1750651,16,30,276,1044,-768,100,100,100,3,0,76,0,49,40,1750,detection,
1750651,12,30,276,1044,-768,100,100,100,40,0,71,0,49,40,1750,detection,
1750688,3,30,276,1044,-768,100,100,100,46,0,54,0,56,40,1750,detection,
1750879,21,18,1153,1153,0,0,0,0,0,0,58,0,0,0,1750,detection,
1751116,28,5,532,532,0,0,0,0,0,0,59,0,0,0,1751,detection,
1751135,21,31,276,1507,-1231,100,100,100,32,0,44,0,64,40,1751,detection,
1751276,6,28,1300,1300,0,0,0,0,0,0,64,0,0,0,1751,detection,
1752553,18,21,788,788,0,0,0,0,0,0,55,0,0,0,1752,detection,
1752818,23,14,1044,1044,0,0,0,0,0,0,60,0,0,0,1752,detection,
1752844,5,14,1044,1044,0,0,0,0,0,0,46,0,0,0,1752,detection,
1753688,22,10,788,788,0,0,0,0,0,0,49,0,0,0,1753,detection,
1753857,20,24,557,557,0,0,0,0,0,0,45,0,0,0,1753,detection,
1753899,6,24,557,557,0,0,0,0,0,0,65,0,0,0,1753,detection,
1756383,24,3,532,532,0,0,0,0,0,0,61,0,0,0,1756,detection,
1756495,28,29,276,1556,-1280,100,100,100,52,0,59,0,56,40,1756,detection,
1756713,2,18,1153,1153,0,0,0,0,0,0,48,0,0,0,1756,detection,
1757272,12,16,864,864,0,0,0,0,0,0,63,0,0,0,1757,detection,
1757344,27,16,864,864,0,0,0,0,0,0,61,0,0,0,1757,detection,
1757353,13,16,864,864,0,0,0,0,0,0,53,0,0,0,1757,detection,
1759319,23,14,788,788,0,0,0,0,0,0,59,0,0,0,1759,detection,
1759342,5,14,788,788,0,0,0,0,0,0,49,0,0,0,1759,detection,
1759652,1,13,992,992,0,0,0,0,0,0,37,0,0,0,1759,detection,
1759691,23,13,992,992,0,0,0,0,0,0,66,0,0,0,1759,detection,
1759859,20,6,788,788,0,0,0,0,0,0,54,0,0,0,1759,detection,
1760279,15,12,864,864,0,0,0,0,0,0,53,0,0,0,1760,detection,
1761023,3,7,788,788,0,0,0,0,0,0,53,0,0,0,1761,detection,
1761108,9,7,788,788,0,0,0,0,0,0,54,0,0,0,1761,detection,
1761275,16,10,788,788,0,0,0,0,0,0,48,0,0,0,1761,detection,
1762188,22,8,1363,1363,0,0,0,0,0,0,58,0,0,0,1762,detection,
1762279,17,8,1363,1363,0,0,0,0,0,0,58,0,0,0,1762,detection,
1764347,5,19,1018,1018,0,0,0,0,0,0,46,0,0,0,1764,detection,
1764372,28,19,1018,1018,0,0,0,0,0,0,42,0,0,0,1764,detection,
1764445,23,19,1018,1018,0,0,0,0,0,0,55,0,0,0,1764,detection,
1764979,13,20,567,567,0,0,0,0,0,0,66,0,0,0,1764,detection,
1765004,24,20,567,567,0,0,0,0,0,0,62,0,0,0,1765,detection,
1765025,6,20,567,567,0,0,0,0,0,0,61,0,0,0,1765,detection,
1765135,21,31,276,1769,-1493,100,100,100,36,0,44,0,64,40,1765,detection,
1768592,5,19,788,788,0,0,0,0,0,0,51,0,0,0,1768,detection,
1768617,28,19,788,788,0,0,0,0,0,0,46,0,0,0,1768,detection,
1768652,12,19,788,788,0,0,0,0,0,0,52,0,0,0,1768,detection,
1771322,14,23,1014,1014,0,0,0,0,0,0,64,0,0,0,1771,detection,
1771369,28,23,1014,1014,0,0,0,0,0,0,54,0,0,0,1771,detection,
1773491,25,2,788,788,0,0,0,0,0,0,64,0,0,0,1773,detection,
1773530,15,11,1274,1274,0,0,0,0,0,0,59,0,0,0,1773,detection,
1773741,28,19,788,788,0,0,0,0,0,0,47,0,0,0,1773,detection,
1773762,11,19,788,788,0,0,0,0,0,0,56,0,0,0,1773,detection,
1773776,12,19,788,788,0,0,0,0,0,0,50,0,0,0,1773,detection,
1773779,15,19,788,788,0,0,0,0,0,0,57,0,0,0,1773,detection,
1774404,1,25,995,995,0,0,0,0,0,0,35,0,0,0,1774,detection,
1776231,13,10,764,764,0,0,0,0,0,0,58,0,0,0,1776,detection,
1776269,16,10,764,764,0,0,0,0,0,0,47,0,0,0,1776,detection,
1777695,14,23,532,532,0,0,0,0,0,0,61,0,0,0,1777,detection,
1777767,11,12,1183,1183,0,0,0,0,0,0,48,0,0,0,1777,detection,
1777775,6,23,532,532,0,0,0,0,0,0,59,0,0,0,1777,detection,
1777793,4,12,1183,1183,0,0,0,0,0,0,59,0,0,0,1777,detection,
1778469,8,22,1300,1300,0,0,0,0,0,0,60,0,0,0,1778,detection,
1779701,14,2,1044,1044,0,0,0,0,0,0,53,0,0,0,1779,detection,
1782259,21,31,276,1250,-974,100,100,100,71,0,44,0,64,40,1782,detection,
1782326,14,31,276,1250,-974,100,100,100,63,0,38,0,72,75,1782,detection,
1783377,7,9,978,978,0,0,0,0,0,0,55,0,0,0,1783,detection,
1783595,8,22,1300,1300,0,0,0,0,0,0,59,0,0,0,1783,detection,
1783867,28,23,1360,1360,0,0,0,0,0,0,54,0,0,0,1783,detection,
1783897,6,23,1360,1360,0,0,0,0,0,0,67,0,0,0,1783,detection,
1783944,14,23,1360,1360,0,0,0,0,0,0,69,0,0,0,1783,detection,
1785092,1,13,992,992,0,0,0,0,0,0,37,0,0,0,1785,detection,
1785108,20,13,992,992,0,0,0,0,0,0,66,0,0,0,1785,detection,
1785191,23,13,992,992,0,0,0,0,0,0,64,0,0,0,1785,detection,
1785208,2,13,992,992,0,0,0,0,0,0,62,0,0,0,1785,detection,
1785747,28,29,276,1763,-1487,100,100,100,25,0,55,0,56,40,1785,detection,
1787066,23,14,788,788,0,0,0,0,0,0,55,0,0,0,1787,detection,
1787483,9,7,1429,1429,0,0,0,0,0,0,59,0,0,0,1787,detection,
1787615,19,5,989,989,0,0,0,0,0,0,43,0,0,0,1787,detection,
1787718,8,22,1426,1426,0,0,0,0,0,0,59,0,0,0,1787,detection,
1789856,20,2,1066,1066,0,0,0,0,0,0,46,0,0,0,1789,detection,
1789857,13,2,1066,1066,0,0,0,0,0,0,60,0,0,0,1789,detection,
1792183,1,21,735,735,0,0,0,0,0,0,31,0,0,0,1792,detection,
1792648,3,16,1121,1121,0,0,0,0,0,0,58,0,0,0,1792,detection,
1792649,12,16,1121,1121,0,0,0,0,0,0,61,0,0,0,1792,detection,
1792653,17,16,1121,1121,0,0,0,0,0,0,41,0,0,0,1792,detection,
1792679,10,16,1121,1121,0,0,0,0,0,0,58,0,0,0,1792,detection,
1793391,11,19,788,788,0,0,0,0,0,0,57,0,0,0,1793,detection,
1794313,23,14,841,841,0,0,0,0,0,0,58,0,0,0,1794,detection,
1796720,8,7,1351,1351,0,0,0,0,0,0,64,0,0,0,1796,detection,
1798274,16,18,1153,1153,0,0,0,0,0,0,56,0,0,0,1798,detection,
1798283,15,18,1153,1153,0,0,0,0,0,0,54,0,0,0,1798,detection,
1798308,10,18,1153,1153,0,0,0,0,0,0,44,0,0,0,1798,detection,
1798398,6,23,788,788,0,0,0,0,0,0,65,0,0,0,1798,detection,
1799127,7,8,1376,1376,0,0,0,0,0,0,61,0,0,0,1799,detection,
1799808,10,30,276,1372,-1096,100,100,100,42,0,51,0,56,40,1799,detection,
1799850,27,30,276,1372,-1096,100,100,100,39,0,58,0,56,40,1799,detection,
1799968,8,22,1300,1300,0,0,0,0,0,0,59,0,0,0,1799,detection,
1800788,1,31,276,577,-301,100,63,100,100,0,42,0,67,55,1800,detection,
1800822,14,31,276,577,-301,100,63,98,94,0,43,0,66,75,1800,detection,
1800883,21,31,276,577,-301,100,60,100,89,0,48,0,59,40,1800,detection,
1803513,11,12,1238,1238,0,0,0,0,0,0,49,0,0,0,1803,detection,
1803594,5,12,1238,1238,0,0,0,0,0,0,58,0,0,0,1803,detection,
1804439,23,14,835,835,0,0,0,0,0,0,58,0,0,0,1804,detection,
1805627,1,13,1237,1237,0,0,0,0,0,0,37,0,0,0,1805,detection,
1805653,15,13,1237,1237,0,0,0,0,0,0,58,0,0,0,1805,detection,
1805721,27,13,1237,1237,0,0,0,0,0,0,57,0,0,0,1805,detection,
1805733,9,13,1237,1237,0,0,0,0,0,0,65,0,0,0,1805,detection,
1807694,1,26,1327,1327,0,0,0,0,0,0,35,0,0,0,1807,detection,
1810114,19,11,1044,1044,0,0,0,0,0,0,58,0,0,0,1810,detection,
1810900,6,23,788,788,0,0,0,0,0,0,64,0,0,0,1810,detection,
1812224,27,30,276,1614,-1338,100,100,100,28,0,61,0,54,40,1812,detection,
1813854,1,31,276,662,-386,100,86,100,12,0,37,0,74,55,1813,detection,
1813885,21,31,276,662,-386,100,77,100,11,0,48,0,59,40,1813,detection,
1813902,15,31,276,662,-386,100,83,100,22,0,41,0,69,75,1813,detection,
1814661,6,20,557,557,0,0,0,0,0,0,62,0,0,0,1814,detection,
1815849,8,22,1044,1044,0,0,0,0,0,0,55,0,0,0,1815,detection,
1816342,8,10,740,740,0,0,0,0,0,0,46,0,0,0,1816,detection,
1817112,19,11,1274,1274,0,0,0,0,0,0,58,0,0,0,1817,detection,
1818814,23,14,768,768,0,0,0,0,0,0,58,0,0,0,1818,detection,
1819748,26,17,788,788,0,0,0,0,0,0,59,0,0,0,1819,detection,
1820949,14,23,1044,1044,0,0,0,0,0,0,67,0,0,0,1820,detection,
1821276,3,2,1044,1044,0,0,0,0,0,0,50,0,0,0,1821,detection,
1821323,14,2,1044,1044,0,0,0,0,0,0,56,0,0,0,1821,detection,
1821793,1,25,1204,1204,0,0,0,0,0,0,36,0,0,0,1821,detection,
1822637,1,31,276,879,-603,100,100,100,33,0,35,0,77,55,1822,detection,
1822725,27,18,1100,1100,0,0,0,0,0,0,58,0,0,0,1822,detection,
1822729,13,18,1100,1100,0,0,0,0,0,0,50,0,0,0,1822,detection,
1822995,26,27,532,532,0,0,0,0,0,0,47,0,0,0,1822,detection,
1823059,18,27,532,532,0,0,0,0,0,0,49,0,0,0,1823,detection,
1823595,27,13,1300,1300,0,0,0,0,0,0,60,0,0,0,1823,detection,
1823611,9,13,1300,1300,0,0,0,0,0,0,67,0,0,0,1823,detection,
1823685,18,13,1300,1300,0,0,0,0,0,0,63,0,0,0,1823,detection,
1824251,1,16,1543,1543,0,0,0,0,0,0,37,0,0,0,1824,detection,
1824260,21,16,1543,1543,0,0,0,0,0,0,52,0,0,0,1824,detection,
1824311,22,16,1543,1543,0,0,0,0,0,0,57,0,0,0,1824,detection,
1826549,1,26,1044,1044,0,0,0,0,0,0,38,0,0,0,1826,detection,
1828274,6,23,788,788,0,0,0,0,0,0,64,0,0,0,1828,detection,
1829246,28,24,1300,1300,0,0,0,0,0,0,63,0,0,0,1829,detection,
1830243,25,4,788,788,0,0,0,0,0,0,56,0,0,0,1830,detection,
1830462,2,22,1044,1044,0,0,0,0,0,0,57,0,0,0,1830,detection,
1831074,14,2,788,788,0,0,0,0,0,0,56,0,0,0,1831,detection,
1831105,13,2,788,788,0,0,0,0,0,0,61,0,0,0,1831,detection,
1831245,26,17,788,788,0,0,0,0,0,0,59,0,0,0,1831,detection,
1831583,2,13,1300,1300,0,0,0,0,0,0,61,0,0,0,1831,detection,
1831596,27,13,1300,1300,0,0,0,0,0,0,59,0,0,0,1831,detection,
1831608,9,13,1300,1300,0,0,0,0,0,0,66,0,0,0,1831,detection,
1831682,18,13,1300,1300,0,0,0,0,0,0,62,0,0,0,1831,detection,
1831690,23,14,768,768,0,0,0,0,0,0,57,0,0,0,1831,detection,
1832220,8,22,1044,1044,0,0,0,0,0,0,54,0,0,0,1832,detection,
1832241,25,22,1044,1044,0,0,0,0,0,0,63,0,0,0,1832,detection,
1832262,21,22,1044,1044,0,0,0,0,0,0,57,0,0,0,1832,detection,
1832783,17,26,1044,1044,0,0,0,0,0,0,48,0,0,0,1832,detection,
1832801,1,26,1044,1044,0,0,0,0,0,0,37,0,0,0,1832,detection,
1833729,1,25,788,788,0,0,0,0,0,0,36,0,0,0,1833,detection,
1833906,1,21,701,701,0,0,0,0,0,0,32,0,0,0,1833,detection,
1834824,14,16,788,788,0,0,0,0,0,0,51,0,0,0,1834,detection,
1834861,1,16,788,788,0,0,0,0,0,0,37,0,0,0,1834,detection,
1834871,26,16,788,788,0,0,0,0,0,0,59,0,0,0,1834,detection,
1837764,1,21,512,512,0,0,0,0,0,0,33,0,0,0,1837,detection,
1837905,17,30,276,1044,-768,100,100,100,23,0,95,0,49,40,1837,detection,
1838071,23,11,1044,1044,0,0,0,0,0,0,58,0,0,0,1838,detection,
1838657,6,23,788,788,0,0,0,0,0,0,61,0,0,0,1838,detection,
1839218,5,12,1482,1482,0,0,0,0,0,0,55,0,0,0,1839,detection,
1841616,26,8,1300,1300,0,0,0,0,0,0,55,0,0,0,1841,detection,
1841646,3,8,1300,1300,0,0,0,0,0,0,45,0,0,0,1841,detection,
1841688,22,8,1300,1300,0,0,0,0,0,0,57,0,0,0,1841,detection,
1841715,2,8,1300,1300,0,0,0,0,0,0,52,0,0,0,1841,detection,
1841790,4,16,532,532,0,0,0,0,0,0,51,0,0,0,1841,detection,
1841803,10,16,532,532,0,0,0,0,0,0,59,0,0,0,1841,detection,
1841807,22,16,532,532,0,0,0,0,0,0,54,0,0,0,1841,detection,
1841819,14,16,532,532,0,0,0,0,0,0,52,0,0,0,1841,detection,
1841836,2,16,532,532,0,0,0,0,0,0,37,0,0,0,1841,detection,
1842647,16,10,532,532,0,0,0,0,0,0,52,0,0,0,1842,detection,
1842716,8,10,532,532,0,0,0,0,0,0,51,0,0,0,1842,detection,
1846651,17,21,537,537,0,0,0,0,0,0,58,0,0,0,1846,detection,
1846737,1,21,537,537,0,0,0,0,0,0,33,0,0,0,1846,detection,
1846745,26,21,537,537,0,0,0,0,0,0,61,0,0,0,1846,detection,
1846859,1,26,1351,1351,0,0,0,0,0,0,38,0,0,0,1846,detection,
1848021,3,8,1556,1556,0,0,0,0,0,0,48,0,0,0,1848,detection,
1848026,16,8,1556,1556,0,0,0,0,0,0,57,0,0,0,1848,detection,
1848060,22,8,1556,1556,0,0,0,0,0,0,53,0,0,0,1848,detection,
1848077,14,8,1556,1556,0,0,0,0,0,0,55,0,0,0,1848,detection,
1848081,2,8,1556,1556,0,0,0,0,0,0,55,0,0,0,1848,detection,
1848574,14,2,995,995,0,0,0,0,0,0,62,0,0,0,1848,detection,
1848894,1,31,276,1254,-978,100,100,100,55,0,38,0,72,55,1848,detection,
1851149,1,26,1049,1049,0,0,0,0,0,0,37,0,0,0,1851,detection,
1852262,21,30,276,1327,-1051,100,100,100,53,0,85,0,49,40,1852,detection,
1852279,17,30,276,1327,-1051,100,100,100,27,0,86,0,49,40,1852,detection,
1852310,18,30,276,1327,-1051,100,100,100,72,0,46,0,62,40,1852,detection,
1854890,11,23,788,788,0,0,0,0,0,0,48,0,0,0,1854,detection,
1854894,6,23,788,788,0,0,0,0,0,0,64,0,0,0,1854,detection,
1854971,8,16,532,532,0,0,0,0,0,0,61,0,0,0,1854,detection,
1854993,26,16,532,532,0,0,0,0,0,0,56,0,0,0,1854,detection,
1855023,3,16,532,532,0,0,0,0,0,0,59,0,0,0,1855,detection,
1855036,4,16,532,532,0,0,0,0,0,0,52,0,0,0,1855,detection,
1855057,22,16,532,532,0,0,0,0,0,0,55,0,0,0,1855,detection,
1855083,2,16,532,532,0,0,0,0,0,0,37,0,0,0,1855,detection,
1855227,1,25,1024,1024,0,0,0,0,0,0,37,0,0,0,1855,detection,
1855603,13,18,788,788,0,0,0,0,0,0,53,0,0,0,1855,detection,
1856305,18,13,788,788,0,0,0,0,0,0,57,0,0,0,1856,detection,
1857370,26,7,2073,2073,0,0,0,0,0,0,43,0,0,0,1857,detection,
1857431,1,26,818,818,0,0,0,0,0,0,38,0,0,0,1857,detection,
1858018,3,8,1044,1044,0,0,0,0,0,0,48,0,0,0,1858,detection,
1858036,4,8,1044,1044,0,0,0,0,0,0,52,0,0,0,1858,detection,
1858083,2,8,1044,1044,0,0,0,0,0,0,55,0,0,0,1858,detection,
1858107,20,8,1044,1044,0,0,0,0,0,0,58,0,0,0,1858,detection,
1858116,26,8,1044,1044,0,0,0,0,0,0,58,0,0,0,1858,detection,
1858117,25,8,1044,1044,0,0,0,0,0,0,59,0,0,0,1858,detection,
1858734,20,3,512,512,0,0,0,0,0,0,57,0,0,0,1858,detection,
1858759,24,3,512,512,0,0,0,0,0,0,66,0,0,0,1858,detection,
1859632,1,21,529,529,0,0,0,0,0,0,34,0,0,0,1859,detection,
1859652,17,21,529,529,0,0,0,0,0,0,54,0,0,0,1859,detection,
1860272,1,31,276,1044,-768,100,100,100,30,0,40,0,71,55,1860,detection,
1860328,14,31,276,1044,-768,100,100,100,62,0,47,0,61,40,1860,detection,
1861055,18,13,788,788,0,0,0,0,0,0,56,0,0,0,1861,detection,
1861466,1,25,975,975,0,0,0,0,0,0,38,0,0,0,1861,detection,
1861475,27,25,975,975,0,0,0,0,0,0,68,0,0,0,1861,detection,
1861999,26,27,832,832,0,0,0,0,0,0,44,0,0,0,1861,detection,
1862012,21,27,832,832,0,0,0,0,0,0,49,0,0,0,1862,detection,
1862848,5,23,532,532,0,0,0,0,0,0,46,0,0,0,1862,detection,
1863845,8,22,946,946,0,0,0,0,0,0,54,0,0,0,1863,detection,
1863849,27,22,946,946,0,0,0,0,0,0,56,0,0,0,1863,detection,
1863862,25,22,946,946,0,0,0,0,0,0,58,0,0,0,1863,detection,
1863891,11,22,946,946,0,0,0,0,0,0,52,0,0,0,1863,detection,
1864767,3,8,1044,1044,0,0,0,0,0,0,48,0,0,0,1864,detection,
1864773,16,8,1044,1044,0,0,0,0,0,0,57,0,0,0,1864,detection,
1864785,4,8,1044,1044,0,0,0,0,0,0,52,0,0,0,1864,detection,
1864811,22,8,1044,1044,0,0,0,0,0,0,56,0,0,0,1864,detection,
1864856,20,8,1044,1044,0,0,0,0,0,0,57,0,0,0,1864,detection,
1864862,25,8,1044,1044,0,0,0,0,0,0,58,0,0,0,1864,detection,
1865243,26,7,1044,1044,0,0,0,0,0,0,47,0,0,0,1865,detection,
1867084,2,16,1231,1231,0,0,0,0,0,0,41,0,0,0,1867,detection,
1867093,8,16,1231,1231,0,0,0,0,0,0,63,0,0,0,1867,detection,
1867114,9,30,276,788,-512,100,100,100,68,0,48,0,59,40,1867,detection,
1867144,3,16,1231,1231,0,0,0,0,0,0,54,0,0,0,1867,detection,
1867161,4,16,1231,1231,0,0,0,0,0,0,54,0,0,0,1867,detection,
1867182,18,30,276,788,-512,100,100,100,70,0,50,0,56,40,1867,detection,
1867195,1,16,1231,1231,0,0,0,0,0,0,36,0,0,0,1867,detection,
1867869,28,19,1018,1018,0,0,0,0,0,0,46,0,0,0,1867,detection,
1867904,12,19,1018,1018,0,0,0,0,0,0,49,0,0,0,1867,detection,
1870717,8,16,975,975,0,0,0,0,0,0,64,0,0,0,1870,detection,
1871018,3,8,1227,1227,0,0,0,0,0,0,53,0,0,0,1871,detection,
1871036,4,8,1227,1227,0,0,0,0,0,0,57,0,0,0,1871,detection,
1871481,20,24,768,768,0,0,0,0,0,0,50,0,0,0,1871,detection,
1872645,3,16,975,975,0,0,0,0,0,0,55,0,0,0,1872,detection,
1872688,22,16,975,975,0,0,0,0,0,0,60,0,0,0,1872,detection,
1872697,1,16,975,975,0,0,0,0,0,0,37,0,0,0,1872,detection,
1872697,14,16,975,975,0,0,0,0,0,0,56,0,0,0,1872,detection,
1872718,27,16,975,975,0,0,0,0,0,0,62,0,0,0,1872,detection,
1872718,8,16,975,975,0,0,0,0,0,0,65,0,0,0,1872,detection,
1873229,13,18,992,992,0,0,0,0,0,0,54,0,0,0,1873,detection,
1873260,21,18,992,992,0,0,0,0,0,0,61,0,0,0,1873,detection,
1873276,12,18,992,992,0,0,0,0,0,0,55,0,0,0,1873,detection,
1873609,9,30,276,532,-256,100,50,100,33,0,49,0,57,40,1873,detection,
1873648,21,30,276,532,-256,100,36,100,75,0,88,0,49,40,1873,detection,
1873648,12,30,276,532,-256,100,41,100,54,0,72,0,49,40,1873,detection,
1873653,15,30,276,532,-256,100,38,100,88,0,80,0,49,40,1873,detection,
1873682,18,30,276,532,-256,100,49,100,33,0,51,0,56,40,1873,detection,
1875123,1,31,276,532,-256,100,55,100,73,0,41,0,69,55,1875,detection,
1875133,21,31,276,532,-256,100,48,73,16,0,53,0,56,40,1875,detection,
1875137,11,31,276,532,-256,100,44,70,88,0,63,0,49,40,1875,detection,
1875154,15,31,276,532,-256,100,53,100,18,0,44,0,64,40,1875,detection,
1875722,1,26,836,836,0,0,0,0,0,0,39,0,0,0,1875,detection,
1875781,17,26,836,836,0,0,0,0,0,0,52,0,0,0,1875,detection,
1875948,14,4,790,790,0,0,0,0,0,0,59,0,0,0,1875,detection,
1875962,2,4,790,790,0,0,0,0,0,0,48,0,0,0,1875,detection,
1876287,4,8,1227,1227,0,0,0,0,0,0,58,0,0,0,1876,detection,
1876309,22,8,1227,1227,0,0,0,0,0,0,57,0,0,0,1876,detection,
1876326,14,8,1227,1227,0,0,0,0,0,0,56,0,0,0,1876,detection,
1876355,20,8,1227,1227,0,0,0,0,0,0,55,0,0,0,1876,detection,
1876365,25,8,1227,1227,0,0,0,0,0,0,59,0,0,0,1876,detection,
1876394,3,8,1227,1227,0,0,0,0,0,0,53,0,0,0,1876,detection,
1876395,16,8,1227,1227,0,0,0,0,0,0,54,0,0,0,1876,detection,
1876491,1,25,975,975,0,0,0,0,0,0,34,0,0,0,1876,detection,
1876636,24,29,276,1364,-1088,100,100,100,32,0,50,0,56,40,1876,detection,
1877133,24,11,788,788,0,0,0,0,0,0,61,0,0,0,1877,detection,
1877771,1,16,583,583,0,0,0,0,0,0,37,0,0,0,1877,detection,
1877785,4,16,583,583,0,0,0,0,0,0,58,0,0,0,1877,detection,
1877819,14,16,583,583,0,0,0,0,0,0,59,0,0,0,1877,detection,
1877844,27,16,583,583,0,0,0,0,0,0,65,0,0,0,1877,detection,
1877844,8,16,583,583,0,0,0,0,0,0,61,0,0,0,1877,detection,
1877891,11,16,583,583,0,0,0,0,0,0,63,0,0,0,1877,detection,
1879354,20,24,768,768,0,0,0,0,0,0,52,0,0,0,1879,detection,
1881061,1,31,276,532,-256,100,54,100,0,0,42,0,67,55,1881,detection,
1881066,22,31,276,532,-256,100,47,70,62,0,56,0,56,40,1881,detection,
1881139,11,31,276,532,-256,100,43,100,0,0,64,0,49,40,1881,detection,
1881151,15,31,276,532,-256,100,53,100,0,0,44,0,64,40,1881,detection,
1884001,1,25,788,788,0,0,0,0,0,0,37,0,0,0,1884,detection,
1884244,26,9,788,788,0,0,0,0,0,0,57,0,0,0,1884,detection,
1884252,7,9,788,788,0,0,0,0,0,0,58,0,0,0,1884,detection,
1884992,26,7,788,788,0,0,0,0,0,0,49,0,0,0,1884,detection,
1885026,3,7,788,788,0,0,0,0,0,0,58,0,0,0,1885,detection,
1886257,1,21,527,527,0,0,0,0,0,0,29,0,0,0,1886,detection,
1886277,17,21,527,527,0,0,0,0,0,0,54,0,0,0,1886,detection,
1886308,18,21,527,527,0,0,0,0,0,0,60,0,0,0,1886,detection,
1886368,26,21,527,527,0,0,0,0,0,0,57,0,0,0,1886,detection,
1886496,7,9,1067,1067,0,0,0,0,0,0,59,0,0,0,1886,detection,
1886503,26,9,1067,1067,0,0,0,0,0,0,61,0,0,0,1886,detection,
1887368,1,16,603,603,0,0,0,0,0,0,37,0,0,0,1887,detection,
1887411,4,16,603,603,0,0,0,0,0,0,57,0,0,0,1887,detection,
1887433,22,16,603,603,0,0,0,0,0,0,59,0,0,0,1887,detection,
1888156,15,11,788,788,0,0,0,0,0,0,59,0,0,0,1888,detection,
1888801,1,31,276,618,-342,100,73,100,12,0,41,0,69,55,1888,detection,
1888806,18,31,276,618,-342,100,56,86,47,0,68,0,49,40,1888,detection,
1888886,21,31,276,618,-342,100,64,100,10,0,53,0,56,40,1888,detection,
1888904,15,31,276,618,-342,100,74,100,12,0,40,0,71,55,1888,detection,
1889758,24,29,276,1115,-839,100,100,100,31,0,53,0,56,40,1889,detection,
1891388,21,30,276,839,-563,100,79,100,28,0,88,0,49,40,1891,detection,
1891402,3,30,276,839,-563,100,100,100,24,0,59,0,56,40,1891,detection,
1891402,15,30,276,839,-563,100,82,100,30,0,83,0,49,40,1891,detection,
1891432,18,30,276,839,-563,100,100,100,38,0,55,0,56,40,1891,detection,
1891470,8,30,276,839,-563,100,100,100,6,0,49,0,57,40,1891,detection,
1891474,27,30,276,839,-563,100,97,100,89,0,63,0,49,40,1891,detection,
1893871,26,9,1300,1300,0,0,0,0,0,0,60,0,0,0,1893,detection,
1893875,7,9,1300,1300,0,0,0,0,0,0,59,0,0,0,1893,detection,
1894036,4,8,788,788,0,0,0,0,0,0,58,0,0,0,1894,detection,
1894071,14,8,788,788,0,0,0,0,0,0,52,0,0,0,1894,detection,
1894107,20,8,788,788,0,0,0,0,0,0,58,0,0,0,1894,detection,
1894764,11,23,784,784,0,0,0,0,0,0,48,0,0,0,1894,detection,
1896906,15,12,1039,1039,0,0,0,0,0,0,57,0,0,0,1896,detection,
1898111,25,22,1115,1115,0,0,0,0,0,0,61,0,0,0,1898,detection,
1898219,8,30,276,839,-563,100,100,100,0,0,46,0,62,40,1898,detection,
1898224,27,30,276,839,-563,100,96,100,0,0,64,0,49,40,1898,detection,
1898232,9,30,276,839,-563,100,100,100,38,0,53,0,56,40,1898,detection,
1898254,7,30,276,839,-563,100,100,100,26,0,52,0,56,40,1898,detection,
1898257,21,30,276,839,-563,100,79,100,0,0,88,0,49,40,1898,detection,
1898267,11,30,276,839,-563,100,84,100,44,0,81,0,49,40,1898,detection,
1898271,16,30,276,839,-563,100,83,100,20,0,82,0,49,40,1898,detection,
1898275,12,30,276,839,-563,100,93,100,33,0,68,0,49,40,1898,detection,
1898292,4,30,276,839,-563,100,100,100,57,0,55,0,56,40,1898,detection,
1898313,22,30,276,839,-563,100,100,100,38,0,48,0,59,40,1898,detection,
1898767,3,8,975,975,0,0,0,0,0,0,58,0,0,0,1898,detection,
1898819,14,8,975,975,0,0,0,0,0,0,57,0,0,0,1898,detection,
1898849,27,8,975,975,0,0,0,0,0,0,59,0,0,0,1898,detection,
1898852,20,8,975,975,0,0,0,0,0,0,59,0,0,0,1898,detection,
1898861,9,8,975,975,0,0,0,0,0,0,59,0,0,0,1898,detection,
1900992,26,9,1044,1044,0,0,0,0,0,0,58,0,0,0,1900,detection,
1900996,7,9,1044,1044,0,0,0,0,0,0,60,0,0,0,1900,detection,
1901361,25,22,788,788,0,0,0,0,0,0,61,0,0,0,1901,detection,
1901399,12,11,788,788,0,0,0,0,0,0,65,0,0,0,1901,detection,
1901507,24,29,276,788,-512,100,94,100,40,0,56,0,56,40,1901,detection,
1902239,1,25,1044,1044,0,0,0,0,0,0,36,0,0,0,1902,detection,
1902245,28,13,971,971,0,0,0,0,0,0,59,0,0,0,1902,detection,
1902276,15,13,971,971,0,0,0,0,0,0,60,0,0,0,1902,detection,
1904902,15,12,1090,1090,0,0,0,0,0,0,57,0,0,0,1904,detection,
1905568,1,16,1300,1300,0,0,0,0,0,0,37,0,0,0,1905,detection,
1905905,15,18,1039,1039,0,0,0,0,0,0,58,0,0,0,1905,detection,
1905935,10,18,1039,1039,0,0,0,0,0,0,47,0,0,0,1905,detection,
1906037,1,25,1205,1205,0,0,0,0,0,0,35,0,0,0,1906,detection,
1906908,17,26,898,898,0,0,0,0,0,0,52,0,0,0,1906,detection,
1907845,8,7,788,788,0,0,0,0,0,0,66,0,0,0,1907,detection,
1907856,9,7,788,788,0,0,0,0,0,0,59,0,0,0,1907,detection,
1907992,26,8,975,975,0,0,0,0,0,0,59,0,0,0,1907,detection,
1908000,7,8,975,975,0,0,0,0,0,0,62,0,0,0,1908,detection,
1908031,17,8,975,975,0,0,0,0,0,0,59,0,0,0,1908,detection,
1908697,23,11,1044,1044,0,0,0,0,0,0,58,0,0,0,1908,detection,
1910617,25,30,276,2152,-1876,100,100,100,100,0,78,0,49,40,1910,detection,
1910648,16,30,276,2152,-1876,100,100,100,100,0,78,0,49,40,1910,detection,
1911057,1,16,1300,1300,0,0,0,0,0,0,32,0,0,0,1911,detection,
1912903,15,18,1044,1044,0,0,0,0,0,0,58,0,0,0,1912,detection,
1913120,28,23,989,989,0,0,0,0,0,0,52,0,0,0,1913,detection,
1913148,6,23,989,989,0,0,0,0,0,0,63,0,0,0,1913,detection,
1913394,1,31,276,660,-384,100,83,100,6,0,40,0,71,55,1913,detection,
1913433,18,31,276,660,-384,100,64,100,4,0,67,0,49,40,1913,detection,
1913450,14,31,276,660,-384,100,74,100,49,0,51,0,56,40,1913,detection,
1913489,19,31,276,660,-384,100,81,100,100,0,42,0,67,55,1913,detection,
1913515,21,31,276,660,-384,100,73,100,5,0,52,0,56,40,1913,detection,
1913518,11,31,276,660,-384,100,67,100,14,0,62,0,52,40,1913,detection,
1914396,1,16,1044,1044,0,0,0,0,0,0,39,0,0,0,1914,detection,
1914416,4,16,1044,1044,0,0,0,0,0,0,63,0,0,0,1914,detection,
1914438,22,16,1044,1044,0,0,0,0,0,0,61,0,0,0,1914,detection,
1915992,28,23,788,788,0,0,0,0,0,0,56,0,0,0,1915,detection,
1916009,11,23,788,788,0,0,0,0,0,0,51,0,0,0,1916,detection,
1916021,6,23,788,788,0,0,0,0,0,0,62,0,0,0,1916,detection,
1916482,5,14,788,788,0,0,0,0,0,0,52,0,0,0,1916,detection,
1916487,19,14,788,788,0,0,0,0,0,0,36,0,0,0,1916,detection,
1916526,12,14,788,788,0,0,0,0,0,0,56,0,0,0,1916,detection,
1916764,11,12,788,788,0,0,0,0,0,0,52,0,0,0,1916,detection,
1916777,15,12,788,788,0,0,0,0,0,0,56,0,0,0,1916,detection,
1917240,28,13,788,788,0,0,0,0,0,0,59,0,0,0,1917,detection,
1917274,3,13,788,788,0,0,0,0,0,0,59,0,0,0,1917,detection,
1917860,20,9,1044,1044,0,0,0,0,0,0,58,0,0,0,1917,detection,
1917873,26,9,1044,1044,0,0,0,0,0,0,59,0,0,0,1917,detection,
1919603,13,8,975,975,0,0,0,0,0,0,57,0,0,0,1919,detection,
1919612,25,8,975,975,0,0,0,0,0,0,56,0,0,0,1919,detection,
1919616,26,8,975,975,0,0,0,0,0,0,60,0,0,0,1919,detection,
1919621,7,8,975,975,0,0,0,0,0,0,63,0,0,0,1919,detection,
1919663,4,8,975,975,0,0,0,0,0,0,59,0,0,0,1919,detection,
1919685,22,8,975,975,0,0,0,0,0,0,58,0,0,0,1919,detection,
1919723,27,8,975,975,0,0,0,0,0,0,59,0,0,0,1919,detection,
1919755,1,16,1044,1044,0,0,0,0,0,0,40,0,0,0,1919,detection,
1920871,28,11,788,788,0,0,0,0,0,0,58,0,0,0,1920,detection,
1922598,8,18,1044,1044,0,0,0,0,0,0,55,0,0,0,1922,detection,
1922598,27,18,1044,1044,0,0,0,0,0,0,60,0,0,0,1922,detection,
1922602,13,18,1044,1044,0,0,0,0,0,0,57,0,0,0,1922,detection,
1922636,21,18,1044,1044,0,0,0,0,0,0,60,0,0,0,1922,detection,
1922637,24,5,1044,1044,0,0,0,0,0,0,61,0,0,0,1922,detection,
1923028,12,19,1044,1044,0,0,0,0,0,0,53,0,0,0,1923,detection,
1923250,7,29,276,1018,-742,100,100,100,11,0,62,0,52,40,1923,detection,
1923829,2,10,1196,1196,0,0,0,0,0,0,60,0,0,0,1923,detection,
1924222,5,22,1018,1018,0,0,0,0,0,0,58,0,0,0,1924,detection,
1924523,1,25,788,788,0,0,0,0,0,0,35,0,0,0,1924,detection,
1925777,12,14,557,557,0,0,0,0,0,0,56,0,0,0,1925,detection,
1925860,9,13,788,788,0,0,0,0,0,0,65,0,0,0,1925,detection,
1925898,3,13,788,788,0,0,0,0,0,0,58,0,0,0,1925,detection,
1925903,15,13,788,788,0,0,0,0,0,0,60,0,0,0,1925,detection,
1925932,18,13,788,788,0,0,0,0,0,0,59,0,0,0,1925,detection,
1925933,10,13,788,788,0,0,0,0,0,0,60,0,0,0,1925,detection,
1927776,15,18,1321,1321,0,0,0,0,0,0,59,0,0,0,1927,detection,
1927836,2,18,1321,1321,0,0,0,0,0,0,44,0,0,0,1927,detection,
1927845,8,18,1321,1321,0,0,0,0,0,0,65,0,0,0,1927,detection,
1927848,27,18,1321,1321,0,0,0,0,0,0,65,0,0,0,1927,detection,
1927852,13,18,1321,1321,0,0,0,0,0,0,56,0,0,0,1927,detection,
1927883,21,18,1321,1321,0,0,0,0,0,0,62,0,0,0,1927,detection,
1927902,16,4,532,532,0,0,0,0,0,0,44,0,0,0,1927,detection,
1927906,17,4,532,532,0,0,0,0,0,0,60,0,0,0,1927,detection,
1927936,22,4,532,532,0,0,0,0,0,0,52,0,0,0,1927,detection,
1929874,7,29,276,1069,-793,100,100,100,6,0,57,0,56,40,1929,detection,
1929970,8,7,1069,1069,0,0,0,0,0,0,65,0,0,0,1929,detection,
1930021,6,3,949,949,0,0,0,0,0,0,62,0,0,0,1930,detection,
1930758,1,25,532,532,0,0,0,0,0,0,36,0,0,0,1930,detection,
1930849,27,25,532,532,0,0,0,0,0,0,68,0,0,0,1930,detection,
1932866,19,23,1556,1556,0,0,0,0,0,0,59,0,0,0,1932,detection,
1934498,7,29,276,813,-537,100,97,100,30,0,58,0,56,40,1934,detection,
1934888,1,16,1044,1044,0,0,0,0,0,0,38,0,0,0,1934,detection,
1934903,17,16,1044,1044,0,0,0,0,0,0,44,0,0,0,1934,detection,
1934922,4,16,1044,1044,0,0,0,0,0,0,57,0,0,0,1934,detection,
1934949,14,16,1044,1044,0,0,0,0,0,0,59,0,0,0,1934,detection,
1935060,22,30,276,788,-512,100,98,100,6,0,52,0,56,40,1935,detection,
1935363,19,31,276,1044,-768,100,100,100,52,0,46,0,62,40,1935,detection,
1935389,21,31,276,1044,-768,100,100,100,48,0,53,0,56,40,1935,detection,
1935431,18,31,276,1044,-768,100,100,100,42,0,68,0,49,40,1935,detection,
1935436,10,31,276,1044,-768,100,100,100,70,0,45,0,62,40,1935,detection,
1936886,7,4,532,532,0,0,0,0,0,0,55,0,0,0,1936,detection,
1937136,21,18,1242,1242,0,0,0,0,0,0,61,0,0,0,1937,detection,
1937153,12,18,1242,1242,0,0,0,0,0,0,62,0,0,0,1937,detection,
1937183,10,18,1242,1242,0,0,0,0,0,0,52,0,0,0,1937,detection,
1938271,6,3,788,788,0,0,0,0,0,0,62,0,0,0,1938,detection,
1938309,18,27,989,989,0,0,0,0,0,0,54,0,0,0,1938,detection,
1938989,28,11,788,788,0,0,0,0,0,0,58,0,0,0,1938,detection,
1939184,18,10,1044,1044,0,0,0,0,0,0,61,0,0,0,1939,detection,
1939309,10,21,788,788,0,0,0,0,0,0,58,0,0,0,1939,detection,
1939369,26,21,788,788,0,0,0,0,0,0,60,0,0,0,1939,detection,
1939745,26,17,788,788,0,0,0,0,0,0,55,0,0,0,1939,detection,
1939899,6,23,1556,1556,0,0,0,0,0,0,61,0,0,0,1939,detection,
1939992,26,9,1090,1090,0,0,0,0,0,0,63,0,0,0,1939,detection,
1940373,25,30,276,532,-256,100,37,100,100,0,82,0,49,40,1940,detection,
1941898,3,13,762,762,0,0,0,0,0,0,57,0,0,0,1941,detection,
1941899,15,13,762,762,0,0,0,0,0,0,60,0,0,0,1941,detection,
1941933,10,13,762,762,0,0,0,0,0,0,55,0,0,0,1941,detection,
1943638,1,16,1044,1044,0,0,0,0,0,0,37,0,0,0,1943,detection,
1943694,14,16,1044,1044,0,0,0,0,0,0,59,0,0,0,1943,detection,
1945617,26,9,1085,1085,0,0,0,0,0,0,63,0,0,0,1945,detection,
1946207,2,10,1044,1044,0,0,0,0,0,0,59,0,0,0,1946,detection,
1946263,21,10,1044,1044,0,0,0,0,0,0,60,0,0,0,1946,detection,
1946305,18,10,1044,1044,0,0,0,0,0,0,61,0,0,0,1946,detection,
1946359,13,2,662,662,0,0,0,0,0,0,56,0,0,0,1946,detection,
1946359,9,2,662,662,0,0,0,0,0,0,41,0,0,0,1946,detection,
1946398,3,2,662,662,0,0,0,0,0,0,49,0,0,0,1946,detection,
1946897,6,3,788,788,0,0,0,0,0,0,61,0,0,0,1946,detection,
1947485,1,25,532,532,0,0,0,0,0,0,36,0,0,0,1947,detection,
1947528,12,25,532,532,0,0,0,0,0,0,36,0,0,0,1947,detection,
1947533,17,25,532,532,0,0,0,0,0,0,61,0,0,0,1947,detection,
1947601,27,25,532,532,0,0,0,0,0,0,70,0,0,0,1947,detection,
1947780,15,18,1171,1171,0,0,0,0,0,0,59,0,0,0,1947,detection,
1947810,10,18,1171,1171,0,0,0,0,0,0,52,0,0,0,1947,detection,
1947836,2,18,1171,1171,0,0,0,0,0,0,43,0,0,0,1947,detection,
1947853,13,18,1171,1171,0,0,0,0,0,0,56,0,0,0,1947,detection,
1947888,21,18,1171,1171,0,0,0,0,0,0,56,0,0,0,1947,detection,
1948719,5,22,1044,1044,0,0,0,0,0,0,57,0,0,0,1948,detection,
1948808,18,27,1095,1095,0,0,0,0,0,0,58,0,0,0,1948,detection,
1949655,15,31,276,1174,-898,100,100,100,77,0,44,0,64,40,1949,detection,
1949680,10,31,276,1174,-898,100,100,100,17,0,48,0,59,40,1949,detection,
1949758,21,31,276,1174,-898,100,100,100,15,0,56,0,56,40,1949,detection,
1956057,18,27,1095,1095,0,0,0,0,0,0,57,0,0,0,1956,detection,
1956122,26,27,1095,1095,0,0,0,0,0,0,47,0,0,0,1956,detection,
1956135,21,27,1095,1095,0,0,0,0,0,0,52,0,0,0,1956,detection,
1957259,21,10,1044,1044,0,0,0,0,0,0,60,0,0,0,1957,detection,
1957309,18,10,1044,1044,0,0,0,0,0,0,56,0,0,0,1957,detection,
1957315,22,10,1044,1044,0,0,0,0,0,0,52,0,0,0,1957,detection,
1957612,9,22,1044,1044,0,0,0,0,0,0,54,0,0,0,1957,detection,
1957616,25,22,1044,1044,0,0,0,0,0,0,60,0,0,0,1957,detection,
1957644,21,22,1044,1044,0,0,0,0,0,0,57,0,0,0,1957,detection,
1957715,5,22,1044,1044,0,0,0,0,0,0,57,0,0,0,1957,detection,
1958277,16,8,1044,1044,0,0,0,0,0,0,58,0,0,0,1958,detection,
1959313,22,21,1359,1359,0,0,0,0,0,0,64,0,0,0,1959,detection,
1963027,15,13,739,739,0,0,0,0,0,0,59,0,0,0,1963,detection,
1963056,10,13,739,739,0,0,0,0,0,0,55,0,0,0,1963,detection,
1963060,18,13,739,739,0,0,0,0,0,0,59,0,0,0,1963,detection,
1963490,25,2,1300,1300,0,0,0,0,0,0,63,0,0,0,1963,detection,
1963520,3,2,1300,1300,0,0,0,0,0,0,52,0,0,0,1963,detection,
1963627,7,29,276,1300,-1024,100,100,100,57,0,61,0,54,40,1963,detection,
1963748,26,25,762,762,0,0,0,0,0,0,49,0,0,0,1963,detection,
1964356,20,24,768,768,0,0,0,0,0,0,52,0,0,0,1964,detection,
1964482,20,9,1209,1209,0,0,0,0,0,0,62,0,0,0,1964,detection,
1964694,23,19,1018,1018,0,0,0,0,0,0,56,0,0,0,1964,detection,
1964998,26,27,1044,1044,0,0,0,0,0,0,50,0,0,0,1964,detection,
1967255,24,5,1044,1044,0,0,0,0,0,0,62,0,0,0,1967,detection,
1968015,21,31,276,1251,-975,100,100,100,9,0,59,0,56,40,1968,detection,
1968485,19,23,1274,1274,0,0,0,0,0,0,59,0,0,0,1968,detection,
1968509,24,23,1274,1274,0,0,0,0,0,0,52,0,0,0,1968,detection,
1969376,25,13,739,739,0,0,0,0,0,0,58,0,0,0,1969,detection,
1969592,5,22,1274,1274,0,0,0,0,0,0,57,0,0,0,1969,detection,
1970025,1,16,1300,1300,0,0,0,0,0,0,36,0,0,0,1970,detection,
1970030,17,16,1300,1300,0,0,0,0,0,0,44,0,0,0,1970,detection,
1970069,23,16,1300,1300,0,0,0,0,0,0,52,0,0,0,1970,detection,
1971352,20,9,1209,1209,0,0,0,0,0,0,59,0,0,0,1971,detection,
1972119,26,21,788,788,0,0,0,0,0,0,59,0,0,0,1972,detection,
1972870,26,25,762,762,0,0,0,0,0,0,47,0,0,0,1972,detection,
1972903,12,25,762,762,0,0,0,0,0,0,35,0,0,0,1972,detection,
1974400,15,13,1366,1366,0,0,0,0,0,0,59,0,0,0,1974,detection,
1974598,5,23,1274,1274,0,0,0,0,0,0,47,0,0,0,1974,detection,
1974611,19,23,1274,1274,0,0,0,0,0,0,58,0,0,0,1974,detection,
1974683,10,4,1323,1323,0,0,0,0,0,0,62,0,0,0,1974,detection,
1974721,8,4,1323,1323,0,0,0,0,0,0,66,0,0,0,1974,detection,
1974722,27,4,1323,1323,0,0,0,0,0,0,59,0,0,0,1974,detection,
1974772,3,4,1323,1323,0,0,0,0,0,0,65,0,0,0,1974,detection,
1977124,28,29,276,1673,-1397,100,100,100,11,0,55,0,56,40,1977,detection,
1977137,24,29,276,1673,-1397,100,100,100,100,0,60,0,56,40,1977,detection,
1977370,28,23,1280,1280,0,0,0,0,0,0,59,0,0,0,1977,detection,
1979602,20,9,788,788,0,0,0,0,0,0,62,0,0,0,1979,detection,
1980221,8,4,1300,1300,0,0,0,0,0,0,64,0,0,0,1980,detection,
1982145,1,16,788,788,0,0,0,0,0,0,35,0,0,0,1982,detection,
1982508,21,22,1044,1044,0,0,0,0,0,0,56,0,0,0,1982,detection,
1985374,26,25,788,788,0,0,0,0,0,0,46,0,0,0,1985,detection,
1986143,3,8,1812,1812,0,0,0,0,0,0,58,0,0,0,1986,detection,
1986164,4,8,1812,1812,0,0,0,0,0,0,58,0,0,0,1986,detection,
1989466,27,4,1300,1300,0,0,0,0,0,0,62,0,0,0,1989,detection,
1990483,13,22,1044,1044,0,0,0,0,0,0,63,0,0,0,1990,detection,
1990492,25,22,1044,1044,0,0,0,0,0,0,60,0,0,0,1990,detection,
1990599,27,22,1044,1044,0,0,0,0,0,0,59,0,0,0,1990,detection,
1990793,4,16,788,788,0,0,0,0,0,0,60,0,0,0,1990,detection,
1990802,10,16,788,788,0,0,0,0,0,0,59,0,0,0,1990,detection,
1990811,18,16,788,788,0,0,0,0,0,0,49,0,0,0,1990,detection,
1990816,23,16,788,788,0,0,0,0,0,0,55,0,0,0,1990,detection,
1991237,25,13,788,788,0,0,0,0,0,0,59,0,0,0,1991,detection,
1991447,1,10,1018,1018,0,0,0,0,0,0,38,0,0,0,1991,detection,
1991490,19,14,1835,1835,0,0,0,0,0,0,45,0,0,0,1991,detection,
1995374,7,2,1556,1556,0,0,0,0,0,0,48,0,0,0,1995,detection,
1997652,16,4,1300,1300,0,0,0,0,0,0,49,0,0,0,1997,detection,
1998094,5,23,1280,1280,0,0,0,0,0,0,51,0,0,0,1998,detection,
1998118,28,23,1280,1280,0,0,0,0,0,0,58,0,0,0,1998,detection,
1999748,26,27,1556,1556,0,0,0,0,0,0,53,0,0,0,1999,detection,
2002608,9,2,1044,1044,0,0,0,0,0,0,44,0,0,0,2002,detection,
2002621,7,2,1044,1044,0,0,0,0,0,0,49,0,0,0,2002,detection,
2003470,5,14,1044,1044,0,0,0,0,0,0,56,0,0,0,2003,detection,
2003527,12,18,557,557,0,0,0,0,0,0,63,0,0,0,2003,detection,
2003900,6,23,1280,1280,0,0,0,0,0,0,60,0,0,0,2003,detection,
2004815,22,4,1300,1300,0,0,0,0,0,0,51,0,0,0,2004,detection,
2004844,27,4,1300,1300,0,0,0,0,0,0,61,0,0,0,2004,detection,
2004857,13,4,1300,1300,0,0,0,0,0,0,40,0,0,0,2004,detection,
2004865,25,4,1300,1300,0,0,0,0,0,0,59,0,0,0,2004,detection,
2004891,3,4,1300,1300,0,0,0,0,0,0,64,0,0,0,2004,detection,
2004896,16,4,1300,1300,0,0,0,0,0,0,49,0,0,0,2004,detection,
2004900,6,4,1300,1300,0,0,0,0,0,0,59,0,0,0,2004,detection,
2005099,27,25,971,971,0,0,0,0,0,0,71,0,0,0,2005,detection,
2005123,26,25,971,971,0,0,0,0,0,0,49,0,0,0,2005,detection,
2006356,20,13,788,788,0,0,0,0,0,0,65,0,0,0,2006,detection,
2006368,25,13,788,788,0,0,0,0,0,0,58,0,0,0,2006,detection,
2007867,26,27,1483,1483,0,0,0,0,0,0,57,0,0,0,2007,detection,
2008249,26,16,1693,1693,0,0,0,0,0,0,75,0,0,0,2008,detection,
2010221,8,22,1018,1018,0,0,0,0,0,0,58,0,0,0,2010,detection,
2013984,8,16,1066,1066,0,0,0,0,0,0,63,0,0,0,2013,detection,
2014023,3,16,1066,1066,0,0,0,0,0,0,58,0,0,0,2014,detection,
2015655,15,12,1046,1046,0,0,0,0,0,0,58,0,0,0,2015,detection,
2016036,1,21,1530,1530,0,0,0,0,0,0,33,0,0,0,2016,detection,
2016399,6,23,1280,1280,0,0,0,0,0,0,59,0,0,0,2016,detection,
2017470,27,22,1066,1066,0,0,0,0,0,0,58,0,0,0,2017,detection,
2017470,8,22,1066,1066,0,0,0,0,0,0,57,0,0,0,2017,detection,
2017491,25,22,1066,1066,0,0,0,0,0,0,59,0,0,0,2017,detection,
2019643,3,16,1066,1066,0,0,0,0,0,0,58,0,0,0,2019,detection,
2019691,23,16,1066,1066,0,0,0,0,0,0,58,0,0,0,2019,detection,
2019725,27,16,1066,1066,0,0,0,0,0,0,64,0,0,0,2019,detection,
2019733,13,16,1066,1066,0,0,0,0,0,0,52,0,0,0,2019,detection,
2019742,26,16,1066,1066,0,0,0,0,0,0,73,0,0,0,2019,detection,
2019993,26,27,1556,1556,0,0,0,0,0,0,57,0,0,0,2019,detection,
2023120,20,9,1325,1325,0,0,0,0,0,0,61,0,0,0,2023,detection,
2023643,1,21,1530,1530,0,0,0,0,0,0,33,0,0,0,2023,detection,
2023683,10,21,1530,1530,0,0,0,0,0,0,61,0,0,0,2023,detection,
2024361,9,4,1504,1504,0,0,0,0,0,0,55,0,0,0,2024,detection,
2024404,12,4,1504,1504,0,0,0,0,0,0,53,0,0,0,2024,detection,
2027525,6,28,1786,1786,0,0,0,0,0,0,62,0,0,0,2027,detection,
2027568,23,28,1786,1786,0,0,0,0,0,0,41,0,0,0,2027,detection,
2029745,28,6,1225,1225,0,0,0,0,0,0,58,0,0,0,2029,detection,
2030596,27,25,1066,1066,0,0,0,0,0,0,69,0,0,0,2030,detection,
2030983,20,9,788,788,0,0,0,0,0,0,60,0,0,0,2030,detection,
2032780,1,13,1042,1042,0,0,0,0,0,0,37,0,0,0,2032,detection,
2033559,10,4,1300,1300,0,0,0,0,0,0,57,0,0,0,2033,detection,
2033559,18,4,1300,1300,0,0,0,0,0,0,60,0,0,0,2033,detection,
2033605,9,4,1300,1300,0,0,0,0,0,0,58,0,0,0,2033,detection,
2033657,17,4,1300,1300,0,0,0,0,0,0,59,0,0,0,2033,detection,
2033746,28,5,1155,1155,0,0,0,0,0,0,62,0,0,0,2033,detection,
2033759,24,5,1155,1155,0,0,0,0,0,0,62,0,0,0,2033,detection,
2033780,15,5,1155,1155,0,0,0,0,0,0,58,0,0,0,2033,detection,
2034576,14,16,1062,1062,0,0,0,0,0,0,58,0,0,0,2034,detection,
2034593,27,16,1062,1062,0,0,0,0,0,0,62,0,0,0,2034,detection,
2034642,11,16,1062,1062,0,0,0,0,0,0,62,0,0,0,2034,detection,
2034648,3,16,1062,1062,0,0,0,0,0,0,58,0,0,0,2034,detection,
2036171,1,26,1578,1578,0,0,0,0,0,0,33,0,0,0,2036,detection,
2037337,2,8,1578,1578,0,0,0,0,0,0,55,0,0,0,2037,detection,
2037353,13,8,1578,1578,0,0,0,0,0,0,56,0,0,0,2037,detection,
2037362,9,8,1578,1578,0,0,0,0,0,0,58,0,0,0,2037,detection,
2039111,25,22,810,810,0,0,0,0,0,0,61,0,0,0,2039,detection,
2039112,19,15,808,808,0,0,0,0,0,0,52,0,0,0,2039,detection,
2039407,1,10,1018,1018,0,0,0,0,0,0,37,0,0,0,2039,detection,
2039416,4,10,1018,1018,0,0,0,0,0,0,58,0,0,0,2039,detection,
2039433,18,10,1018,1018,0,0,0,0,0,0,56,0,0,0,2039,detection,
2039450,14,10,1018,1018,0,0,0,0,0,0,56,0,0,0,2039,detection,
2039455,2,10,1018,1018,0,0,0,0,0,0,55,0,0,0,2039,detection,
2039468,8,10,1018,1018,0,0,0,0,0,0,56,0,0,0,2039,detection,
2039484,13,10,1018,1018,0,0,0,0,0,0,64,0,0,0,2039,detection,
2039534,1,21,1581,1581,0,0,0,0,0,0,33,0,0,0,2039,detection,
2040146,6,28,1481,1481,0,0,0,0,0,0,64,0,0,0,2040,detection,
2041182,18,4,1350,1350,0,0,0,0,0,0,56,0,0,0,2041,detection,
2043764,11,23,1280,1280,0,0,0,0,0,0,54,0,0,0,2043,detection,
2043776,6,23,1280,1280,0,0,0,0,0,0,59,0,0,0,2043,detection,
2043836,14,23,1280,1280,0,0,0,0,0,0,66,0,0,0,2043,detection,
2044235,13,20,543,543,0,0,0,0,0,0,68,0,0,0,2044,detection,
2044428,1,26,1578,1578,0,0,0,0,0,0,32,0,0,0,2044,detection,
2044610,13,2,1320,1320,0,0,0,0,0,0,59,0,0,0,2044,detection,
2045822,23,11,1574,1574,0,0,0,0,0,0,58,0,0,0,2045,detection,
2046888,21,30,276,1155,-879,100,100,100,28,0,92,0,49,40,2046,detection,
2046902,12,30,276,1155,-879,100,100,100,34,0,71,0,49,40,2046,detection,
2046906,15,30,276,1155,-879,100,100,100,32,0,77,0,49,40,2046,detection,
2049030,15,13,1055,1055,0,0,0,0,0,0,59,0,0,0,2049,detection,
2050403,17,4,1320,1320,0,0,0,0,0,0,59,0,0,0,2050,detection,
2054058,10,14,1044,1044,0,0,0,0,0,0,51,0,0,0,2054,detection,
2054070,23,14,1044,1044,0,0,0,0,0,0,59,0,0,0,2054,detection,
2054091,5,14,1044,1044,0,0,0,0,0,0,58,0,0,0,2054,detection,
2054816,23,11,1574,1574,0,0,0,0,0,0,57,0,0,0,2054,detection,
2055273,6,28,1481,1481,0,0,0,0,0,0,64,0,0,0,2055,detection,
2055698,14,8,1300,1300,0,0,0,0,0,0,57,0,0,0,2055,detection,
2055706,2,8,1300,1300,0,0,0,0,0,0,55,0,0,0,2055,detection,
2055883,24,5,1092,1092,0,0,0,0,0,0,62,0,0,0,2055,detection,
2057097,1,13,1055,1055,0,0,0,0,0,0,37,0,0,0,2057,detection,
2057110,9,13,1055,1055,0,0,0,0,0,0,64,0,0,0,2057,detection,
2057166,4,13,1055,1055,0,0,0,0,0,0,67,0,0,0,2057,detection,
2057183,18,13,1055,1055,0,0,0,0,0,0,58,0,0,0,2057,detection,
2057183,10,13,1055,1055,0,0,0,0,0,0,58,0,0,0,2057,detection,
2057193,23,13,1055,1055,0,0,0,0,0,0,64,0,0,0,2057,detection,
2057221,8,13,1055,1055,0,0,0,0,0,0,62,0,0,0,2057,detection,
2057735,1,26,1578,1578,0,0,0,0,0,0,33,0,0,0,2057,detection,
2059233,20,9,1350,1350,0,0,0,0,0,0,60,0,0,0,2059,detection,
2059949,14,4,1350,1350,0,0,0,0,0,0,54,0,0,0,2059,detection,
2059972,27,18,768,768,0,0,0,0,0,0,64,0,0,0,2059,detection,
2060161,4,18,768,768,0,0,0,0,0,0,49,0,0,0,2060,detection,
2060277,18,4,1350,1350,0,0,0,0,0,0,59,0,0,0,2060,detection,
2060690,22,31,276,1069,-793,100,100,100,66,0,55,0,56,40,2060,detection,
2060843,1,10,768,768,0,0,0,0,0,0,38,0,0,0,2060,detection,
2060843,8,10,768,768,0,0,0,0,0,0,59,0,0,0,2060,detection,
2060855,13,10,768,768,0,0,0,0,0,0,65,0,0,0,2060,detection,
2061888,11,23,768,768,0,0,0,0,0,0,58,0,0,0,2061,detection,
2062636,24,3,1153,1153,0,0,0,0,0,0,68,0,0,0,2062,detection,
2063364,25,22,788,788,0,0,0,0,0,0,60,0,0,0,2063,detection,
2064050,1,10,768,768,0,0,0,0,0,0,38,0,0,0,2064,detection,
2064648,6,28,1280,1280,0,0,0,0,0,0,63,0,0,0,2064,detection,
2064869,26,27,1280,1280,0,0,0,0,0,0,56,0,0,0,2064,detection,
2065030,1,26,1280,1280,0,0,0,0,0,0,36,0,0,0,2065,detection,
2065467,8,13,1280,1280,0,0,0,0,0,0,61,0,0,0,2065,detection,
2065527,15,13,1280,1280,0,0,0,0,0,0,58,0,0,0,2065,detection,
2067857,13,2,768,768,0,0,0,0,0,0,59,0,0,0,2067,detection,
2067862,9,2,768,768,0,0,0,0,0,0,47,0,0,0,2067,detection,
2067997,26,9,1350,1350,0,0,0,0,0,0,61,0,0,0,2067,detection,
2068655,15,12,768,768,0,0,0,0,0,0,57,0,0,0,2068,detection,
2068724,1,12,768,768,0,0,0,0,0,0,40,0,0,0,2068,detection,
2070597,1,26,1280,1280,0,0,0,0,0,0,35,0,0,0,2070,detection,
2071089,2,18,1024,1024,0,0,0,0,0,0,46,0,0,0,2071,detection,
2071097,8,18,1024,1024,0,0,0,0,0,0,64,0,0,0,2071,detection,
2071112,13,18,1024,1024,0,0,0,0,0,0,59,0,0,0,2071,detection,
2071153,12,18,1024,1024,0,0,0,0,0,0,62,0,0,0,2071,detection,
2071162,4,18,1024,1024,0,0,0,0,0,0,50,0,0,0,2071,detection,
2071774,12,11,1075,1075,0,0,0,0,0,0,65,0,0,0,2071,detection,
2073278,15,13,1280,1280,0,0,0,0,0,0,54,0,0,0,2073,detection,
2073359,1,13,1280,1280,0,0,0,0,0,0,37,0,0,0,2073,detection,
2073618,26,27,1280,1280,0,0,0,0,0,0,56,0,0,0,2073,detection,
2073837,1,21,1536,1536,0,0,0,0,0,0,39,0,0,0,2073,detection,
2073974,27,8,1280,1280,0,0,0,0,0,0,59,0,0,0,2073,detection,
2076107,20,6,1044,1044,0,0,0,0,0,0,59,0,0,0,2076,detection,
2077551,1,10,534,534,0,0,0,0,0,0,34,0,0,0,2077,detection,
2077565,22,10,534,534,0,0,0,0,0,0,57,0,0,0,2077,detection,
2077650,3,10,534,534,0,0,0,0,0,0,64,0,0,0,2077,detection,
2077666,4,10,534,534,0,0,0,0,0,0,59,0,0,0,2077,detection,
2077998,28,29,276,1665,-1389,100,100,100,0,0,58,0,56,40,2077,detection,
2077999,7,29,276,1665,-1389,100,100,100,43,0,60,0,56,40,2077,detection,
2078007,1,12,742,742,0,0,0,0,0,0,39,0,0,0,2078,detection,
2078260,11,23,512,512,0,0,0,0,0,0,59,0,0,0,2078,detection,
2078884,24,5,1092,1092,0,0,0,0,0,0,61,0,0,0,2078,detection,
2080858,13,2,742,742,0,0,0,0,0,0,58,0,0,0,2080,detection,
2080858,9,2,742,742,0,0,0,0,0,0,47,0,0,0,2080,detection,
2081000,7,29,276,1556,-1280,100,100,100,13,0,59,0,56,40,2081,detection,
2081277,17,4,1046,1046,0,0,0,0,0,0,58,0,0,0,2081,detection,
2081332,1,13,1024,1024,0,0,0,0,0,0,31,0,0,0,2081,detection,
2081402,15,13,1024,1024,0,0,0,0,0,0,57,0,0,0,2081,detection,
2082813,1,21,1536,1536,0,0,0,0,0,0,41,0,0,0,2082,detection,
2083605,13,18,1024,1024,0,0,0,0,0,0,59,0,0,0,2083,detection,
2086430,10,4,1046,1046,0,0,0,0,0,0,61,0,0,0,2086,detection,
2086433,18,4,1046,1046,0,0,0,0,0,0,58,0,0,0,2086,detection,
2086438,22,4,1046,1046,0,0,0,0,0,0,55,0,0,0,2086,detection,
2087902,15,13,768,768,0,0,0,0,0,0,59,0,0,0,2087,detection,
2087940,23,13,768,768,0,0,0,0,0,0,62,0,0,0,2087,detection,
2087973,5,22,739,739,0,0,0,0,0,0,56,0,0,0,2087,detection,
2087984,1,13,768,768,0,0,0,0,0,0,33,0,0,0,2087,detection,
2088722,5,19,1254,1254,0,0,0,0,0,0,54,0,0,0,2088,detection,
2088778,12,19,1254,1254,0,0,0,0,0,0,56,0,0,0,2088,detection,
2089001,7,29,276,1300,-1024,100,100,100,30,0,59,0,56,40,2089,detection,
2091055,10,4,1024,1024,0,0,0,0,0,0,60,0,0,0,2091,detection,
2091055,18,4,1024,1024,0,0,0,0,0,0,58,0,0,0,2091,detection,
2091059,22,4,1024,1024,0,0,0,0,0,0,58,0,0,0,2091,detection,
2093439,1,26,1024,1024,0,0,0,0,0,0,35,0,0,0,2093,detection,
2096686,22,4,1024,1024,0,0,0,0,0,0,58,0,0,0,2096,detection,
2096698,14,4,1024,1024,0,0,0,0,0,0,58,0,0,0,2096,detection,
2096712,2,4,1024,1024,0,0,0,0,0,0,51,0,0,0,2096,detection,
2096776,12,4,1024,1024,0,0,0,0,0,0,56,0,0,0,2096,detection,
2096776,17,4,1024,1024,0,0,0,0,0,0,58,0,0,0,2096,detection,
2097040,1,26,1254,1254,0,0,0,0,0,0,34,0,0,0,2097,detection,
2098728,1,16,1321,1321,0,0,0,0,0,0,41,0,0,0,2098,detection,
2098745,26,16,1321,1321,0,0,0,0,0,0,71,0,0,0,2098,detection,
2098762,21,16,1321,1321,0,0,0,0,0,0,60,0,0,0,2098,detection,
2098806,10,16,1321,1321,0,0,0,0,0,0,59,0,0,0,2098,detection,
2098809,18,16,1321,1321,0,0,0,0,0,0,58,0,0,0,2098,detection,
2100752,7,29,276,788,-512,100,90,100,60,0,60,0,56,40,2100,detection,
2101177,1,25,925,925,0,0,0,0,0,0,37,0,0,0,2101,detection,
2101246,26,25,925,925,0,0,0,0,0,0,52,0,0,0,2101,detection,
2101405,1,26,1510,1510,0,0,0,0,0,0,37,0,0,0,2101,detection,
2101900,12,19,1536,1536,0,0,0,0,0,0,59,0,0,0,2101,detection,
2102684,10,14,512,512,0,0,0,0,0,0,55,0,0,0,2102,detection,
2102714,5,14,512,512,0,0,0,0,0,0,55,0,0,0,2102,detection,
2102749,19,14,512,512,0,0,0,0,0,0,50,0,0,0,2102,detection,
2102892,1,13,768,768,0,0,0,0,0,0,34,0,0,0,2102,detection,
2102940,23,13,768,768,0,0,0,0,0,0,63,0,0,0,2102,detection,
2103303,1,21,1044,1044,0,0,0,0,0,0,40,0,0,0,2103,detection,
2103308,10,21,1044,1044,0,0,0,0,0,0,60,0,0,0,2103,detection,
2103371,26,21,1044,1044,0,0,0,0,0,0,59,0,0,0,2103,detection,
2103398,16,21,1044,1044,0,0,0,0,0,0,56,0,0,0,2103,detection,
2104124,26,9,1046,1046,0,0,0,0,0,0,61,0,0,0,2104,detection,
2105395,11,30,276,1024,-748,100,100,100,18,0,83,0,49,40,2105,detection,
2105399,12,30,276,1024,-748,100,100,100,14,0,68,0,49,40,2105,detection,
2105746,7,4,1024,1024,0,0,0,0,0,0,59,0,0,0,2105,detection,
2106694,1,21,788,788,0,0,0,0,0,0,39,0,0,0,2106,detection,
2106744,26,21,788,788,0,0,0,0,0,0,58,0,0,0,2106,detection,
2106954,1,25,885,885,0,0,0,0,0,0,32,0,0,0,2106,detection,
2106992,26,25,885,885,0,0,0,0,0,0,52,0,0,0,2106,detection,
2107094,27,8,1536,1536,0,0,0,0,0,0,58,0,0,0,2107,detection,
2108847,5,11,788,788,0,0,0,0,0,0,59,0,0,0,2108,detection,
2108871,28,11,788,788,0,0,0,0,0,0,57,0,0,0,2108,detection,
2108881,24,11,788,788,0,0,0,0,0,0,60,0,0,0,2108,detection,
2108897,12,11,788,788,0,0,0,0,0,0,64,0,0,0,2108,detection,
2110774,12,19,1024,1024,0,0,0,0,0,0,59,0,0,0,2110,detection,
2110956,1,26,1300,1300,0,0,0,0,0,0,32,0,0,0,2110,detection,
2112336,2,22,739,739,0,0,0,0,0,0,56,0,0,0,2112,detection,
2112345,5,22,739,739,0,0,0,0,0,0,52,0,0,0,2112,detection,
2112391,11,22,739,739,0,0,0,0,0,0,51,0,0,0,2112,detection,
2112553,10,4,1024,1024,0,0,0,0,0,0,59,0,0,0,2112,detection,
2112570,14,4,1024,1024,0,0,0,0,0,0,57,0,0,0,2112,detection,
2112621,7,4,1024,1024,0,0,0,0,0,0,58,0,0,0,2112,detection,
2112647,12,4,1024,1024,0,0,0,0,0,0,56,0,0,0,2112,detection,
2112651,17,4,1024,1024,0,0,0,0,0,0,53,0,0,0,2112,detection,
2113355,13,18,1024,1024,0,0,0,0,0,0,58,0,0,0,2113,detection,
2113364,25,18,1024,1024,0,0,0,0,0,0,46,0,0,0,2113,detection,
2113399,16,18,1024,1024,0,0,0,0,0,0,59,0,0,0,2113,detection,
2113407,15,18,1024,1024,0,0,0,0,0,0,58,0,0,0,2113,detection,
2113839,2,30,276,768,-492,100,82,100,13,0,66,0,49,40,2113,detection,
2113942,22,30,276,768,-492,100,90,100,2,0,56,0,56,40,2113,detection,
2114260,21,10,557,557,0,0,0,0,0,0,61,0,0,0,2114,detection,
2114282,17,10,557,557,0,0,0,0,0,0,66,0,0,0,2114,detection,
2115244,28,11,532,532,0,0,0,0,0,0,59,0,0,0,2115,detection,
2115273,12,11,532,532,0,0,0,0,0,0,61,0,0,0,2115,detection,
2116690,1,26,1024,1024,0,0,0,0,0,0,35,0,0,0,2116,detection,
2117815,22,31,276,1044,-768,100,100,100,3,0,57,0,56,40,2117,detection,
2117828,14,31,276,1044,-768,100,100,100,48,0,54,0,56,40,2117,detection,
2117849,5,31,276,1044,-768,100,100,100,5,0,88,0,49,40,2117,detection,
2117892,11,31,276,1044,-768,100,100,100,45,0,61,0,54,40,2117,detection,
2119609,1,25,885,885,0,0,0,0,0,0,31,0,0,0,2119,detection,
2119618,26,25,885,885,0,0,0,0,0,0,51,0,0,0,2119,detection,
2120062,1,16,1024,1024,0,0,0,0,0,0,34,0,0,0,2120,detection,
2120101,27,16,1024,1024,0,0,0,0,0,0,61,0,0,0,2120,detection,
2120182,18,16,1024,1024,0,0,0,0,0,0,59,0,0,0,2120,detection,
2122555,10,4,788,788,0,0,0,0,0,0,59,0,0,0,2122,detection,
2122584,2,30,276,764,-488,100,80,100,0,0,68,0,49,40,2122,detection,
2122635,21,4,788,788,0,0,0,0,0,0,57,0,0,0,2122,detection,
2122653,6,4,788,788,0,0,0,0,0,0,58,0,0,0,2122,detection,
2122653,17,4,788,788,0,0,0,0,0,0,57,0,0,0,2122,detection,
2126253,7,2,788,788,0,0,0,0,0,0,48,0,0,0,2126,detection,
2127022,12,4,788,788,0,0,0,0,0,0,56,0,0,0,2127,detection,
2127027,17,4,788,788,0,0,0,0,0,0,56,0,0,0,2127,detection,
2128352,1,13,768,768,0,0,0,0,0,0,35,0,0,0,2128,detection,
2128403,15,13,768,768,0,0,0,0,0,0,60,0,0,0,2128,detection,
2128433,18,13,768,768,0,0,0,0,0,0,59,0,0,0,2128,detection,
2128468,27,13,768,768,0,0,0,0,0,0,65,0,0,0,2128,detection,
2130223,27,8,1509,1509,0,0,0,0,0,0,59,0,0,0,2130,detection,
2130276,16,8,1509,1509,0,0,0,0,0,0,58,0,0,0,2130,detection,
2133775,6,5,1024,1024,0,0,0,0,0,0,46,0,0,0,2133,detection,
2136721,27,8,1509,1509,0,0,0,0,0,0,56,0,0,0,2136,detection,
2136769,16,8,1509,1509,0,0,0,0,0,0,58,0,0,0,2136,detection,
2140333,1,16,1024,1024,0,0,0,0,0,0,34,0,0,0,2140,detection,
2140339,2,16,1024,1024,0,0,0,0,0,0,41,0,0,0,2140,detection,
2140346,8,16,1024,1024,0,0,0,0,0,0,62,0,0,0,2140,detection,
2140347,27,16,1024,1024,0,0,0,0,0,0,60,0,0,0,2140,detection,
2140428,10,16,1024,1024,0,0,0,0,0,0,62,0,0,0,2140,detection,
2140567,23,19,532,532,0,0,0,0,0,0,57,0,0,0,2140,detection,
2141461,2,30,276,739,-463,100,78,100,2,0,66,0,49,40,2141,detection,
2141473,8,30,276,739,-463,100,91,100,13,0,49,0,57,40,2141,detection,
2141522,16,30,276,739,-463,100,69,100,100,0,80,0,49,40,2141,detection,
2141533,15,30,276,739,-463,100,74,100,44,0,72,0,49,40,2141,detection,
2141559,22,30,276,739,-463,100,82,100,3,0,59,0,56,40,2141,detection,
2142652,17,4,1087,1087,0,0,0,0,0,0,56,0,0,0,2142,detection,
2146647,6,5,532,532,0,0,0,0,0,0,51,0,0,0,2146,detection,
2149559,18,27,1254,1254,0,0,0,0,0,0,57,0,0,0,2149,detection,
2149727,13,2,739,739,0,0,0,0,0,0,58,0,0,0,2149,detection,
2149747,7,2,739,739,0,0,0,0,0,0,47,0,0,0,2149,detection,
2150608,13,4,1087,1087,0,0,0,0,0,0,44,0,0,0,2150,detection,
2150611,9,4,1087,1087,0,0,0,0,0,0,58,0,0,0,2150,detection,
2150646,6,4,1087,1087,0,0,0,0,0,0,54,0,0,0,2150,detection,
2150654,12,4,1087,1087,0,0,0,0,0,0,56,0,0,0,2150,detection,
2151703,14,31,276,1222,-946,100,100,100,22,0,54,0,56,40,2151,detection,
2151773,16,8,1248,1248,0,0,0,0,0,0,59,0,0,0,2151,detection,
2151811,22,31,276,1222,-946,100,100,100,21,0,56,0,56,40,2151,detection,
2151846,27,8,1248,1248,0,0,0,0,0,0,62,0,0,0,2151,detection,
2152021,11,30,276,1251,-975,100,100,100,22,0,82,0,49,40,2152,detection,
2153904,12,14,788,788,0,0,0,0,0,0,55,0,0,0,2153,detection,
2154058,10,18,1024,1024,0,0,0,0,0,0,55,0,0,0,2154,detection,
2154099,27,18,1024,1024,0,0,0,0,0,0,63,0,0,0,2154,detection,
2154116,25,18,1024,1024,0,0,0,0,0,0,43,0,0,0,2154,detection,
2154602,13,4,1044,1044,0,0,0,0,0,0,47,0,0,0,2154,detection,
2154606,9,4,1044,1044,0,0,0,0,0,0,58,0,0,0,2154,detection,
2154632,21,4,1044,1044,0,0,0,0,0,0,60,0,0,0,2154,detection,
2154645,6,4,1044,1044,0,0,0,0,0,0,57,0,0,0,2154,detection,
2154649,12,4,1044,1044,0,0,0,0,0,0,56,0,0,0,2154,detection,
2154653,17,4,1044,1044,0,0,0,0,0,0,56,0,0,0,2154,detection,
2154867,28,11,622,622,0,0,0,0,0,0,59,0,0,0,2154,detection,
2154879,24,11,622,622,0,0,0,0,0,0,57,0,0,0,2154,detection,
2154896,12,11,622,622,0,0,0,0,0,0,61,0,0,0,2154,detection,
2154906,15,11,622,622,0,0,0,0,0,0,59,0,0,0,2154,detection,
2154939,23,11,622,622,0,0,0,0,0,0,58,0,0,0,2154,detection,
2155947,23,15,512,512,0,0,0,0,0,0,55,0,0,0,2155,detection,
2155990,19,15,512,512,0,0,0,0,0,0,58,0,0,0,2155,detection,
2157029,17,21,646,646,0,0,0,0,0,0,58,0,0,0,2157,detection,
2157041,4,21,646,646,0,0,0,0,0,0,57,0,0,0,2157,detection,
2157120,26,27,1280,1280,0,0,0,0,0,0,52,0,0,0,2157,detection,
2157773,6,5,580,580,0,0,0,0,0,0,51,0,0,0,2157,detection,
2158326,14,2,649,649,0,0,0,0,0,0,61,0,0,0,2158,detection,
2158359,9,2,649,649,0,0,0,0,0,0,51,0,0,0,2158,detection,
2158376,7,2,649,649,0,0,0,0,0,0,50,0,0,0,2158,detection,
2158679,1,25,1080,1080,0,0,0,0,0,0,32,0,0,0,2158,detection,
2158723,27,25,1080,1080,0,0,0,0,0,0,67,0,0,0,2158,detection,
2158744,26,25,1080,1080,0,0,0,0,0,0,52,0,0,0,2158,detection,
2158968,27,8,1024,1024,0,0,0,0,0,0,61,0,0,0,2158,detection,
2159020,16,8,1024,1024,0,0,0,0,0,0,59,0,0,0,2159,detection,
2159024,3,8,1024,1024,0,0,0,0,0,0,57,0,0,0,2159,detection,
2159986,1,10,576,576,0,0,0,0,0,0,35,0,0,0,2159,detection,
2160024,3,10,576,576,0,0,0,0,0,0,64,0,0,0,2160,detection,
2160039,16,10,576,576,0,0,0,0,0,0,55,0,0,0,2160,detection,
2160058,18,10,576,576,0,0,0,0,0,0,60,0,0,0,2160,detection,
2161210,2,4,861,861,0,0,0,0,0,0,55,0,0,0,2161,detection,
2161228,13,4,861,861,0,0,0,0,0,0,48,0,0,0,2161,detection,
2161258,21,4,861,861,0,0,0,0,0,0,57,0,0,0,2161,detection,
2161270,6,4,861,861,0,0,0,0,0,0,58,0,0,0,2161,detection,
2161275,17,4,861,861,0,0,0,0,0,0,57,0,0,0,2161,detection,
2161278,12,4,861,861,0,0,0,0,0,0,57,0,0,0,2161,detection,
2161317,14,4,861,861,0,0,0,0,0,0,58,0,0,0,2161,detection,
2161322,23,4,861,861,0,0,0,0,0,0,58,0,0,0,2161,detection,
2162495,26,25,1080,1080,0,0,0,0,0,0,51,0,0,0,2162,detection,
2162831,14,31,276,1281,-1005,100,100,100,7,0,54,0,56,40,2162,detection,
2163431,18,27,1088,1088,0,0,0,0,0,0,56,0,0,0,2163,detection,
2163451,14,2,649,649,0,0,0,0,0,0,56,0,0,0,2163,detection,
2163477,13,2,649,649,0,0,0,0,0,0,58,0,0,0,2163,detection,
2163481,9,2,649,649,0,0,0,0,0,0,50,0,0,0,2163,detection,
2163498,7,2,649,649,0,0,0,0,0,0,50,0,0,0,2163,detection,
2163971,5,14,532,532,0,0,0,0,0,0,60,0,0,0,2163,detection,
2164026,12,14,532,532,0,0,0,0,0,0,56,0,0,0,2164,detection,
2164846,27,8,1024,1024,0,0,0,0,0,0,60,0,0,0,2164,detection,
2164869,25,8,1024,1024,0,0,0,0,0,0,59,0,0,0,2164,detection,
2164895,3,8,1024,1024,0,0,0,0,0,0,57,0,0,0,2164,detection,
2164898,16,8,1024,1024,0,0,0,0,0,0,59,0,0,0,2164,detection,
2165147,1,16,1069,1069,0,0,0,0,0,0,39,0,0,0,2165,detection,
2165177,10,16,1069,1069,0,0,0,0,0,0,64,0,0,0,2165,detection,
2165186,18,16,1069,1069,0,0,0,0,0,0,64,0,0,0,2165,detection,
2165869,28,29,276,876,-600,100,100,100,95,0,58,0,56,40,2165,detection,
2166436,18,30,276,1024,-748,100,100,100,23,0,54,0,56,40,2166,detection,
2166470,8,30,276,1024,-748,100,100,100,36,0,52,0,56,40,2166,detection,
2166525,16,30,276,1024,-748,100,100,100,28,0,82,0,49,40,2166,detection,
2169438,22,31,276,1281,-1005,100,100,100,7,0,54,0,56,40,2169,detection,
2169446,14,31,276,1281,-1005,100,100,100,0,0,54,0,56,40,2169,detection,
2170971,27,8,1253,1253,0,0,0,0,0,0,61,0,0,0,2170,detection,
2170988,25,8,1253,1253,0,0,0,0,0,0,63,0,0,0,2170,detection,
2170993,26,8,1253,1253,0,0,0,0,0,0,65,0,0,0,2170,detection,
2171683,18,27,832,832,0,0,0,0,0,0,54,0,0,0,2171,detection,
2171831,1,25,1080,1080,0,0,0,0,0,0,33,0,0,0,2171,detection,
2171902,6,28,788,788,0,0,0,0,0,0,64,0,0,0,2171,detection,
2173947,14,31,276,1251,-975,100,100,100,3,0,54,0,56,40,2173,detection,
2175294,1,16,788,788,0,0,0,0,0,0,43,0,0,0,2175,detection,
2175304,10,16,788,788,0,0,0,0,0,0,64,0,0,0,2175,detection,
2175342,8,16,788,788,0,0,0,0,0,0,63,0,0,0,2175,detection,
2175771,16,8,512,512,0,0,0,0,0,0,60,0,0,0,2175,detection,
2175843,27,8,512,512,0,0,0,0,0,0,63,0,0,0,2175,detection,
2176541,4,12,1044,1044,0,0,0,0,0,0,58,0,0,0,2176,detection,
2176597,5,12,1044,1044,0,0,0,0,0,0,58,0,0,0,2176,detection,
2176640,11,12,1044,1044,0,0,0,0,0,0,51,0,0,0,2176,detection,
2176982,20,9,788,788,0,0,0,0,0,0,59,0,0,0,2176,detection,
2177004,7,9,788,788,0,0,0,0,0,0,59,0,0,0,2177,detection,
2178397,12,14,532,532,0,0,0,0,0,0,58,0,0,0,2178,detection,
2178775,3,30,276,512,-236,92,42,100,39,0,59,0,56,40,2178,detection,
2179885,1,16,788,788,0,0,0,0,0,0,44,0,0,0,2179,detection,
2179897,3,16,788,788,0,0,0,0,0,0,58,0,0,0,2179,detection,
2179938,10,16,788,788,0,0,0,0,0,0,66,0,0,0,2179,detection,
2179974,27,16,788,788,0,0,0,0,0,0,61,0,0,0,2179,detection,
2180108,9,7,532,532,0,0,0,0,0,0,60,0,0,0,2180,detection,
2180246,28,29,276,1044,-768,100,100,100,20,0,58,0,56,40,2180,detection,
2180260,24,29,276,1044,-768,100,100,100,75,0,59,0,56,40,2180,detection,
2180512,11,23,512,512,0,0,0,0,0,0,59,0,0,0,2180,detection,
2182448,14,2,649,649,0,0,0,0,0,0,56,0,0,0,2182,detection,
2182482,9,2,649,649,0,0,0,0,0,0,50,0,0,0,2182,detection,
2183745,28,5,627,627,0,0,0,0,0,0,58,0,0,0,2183,detection,
2183762,24,5,627,627,0,0,0,0,0,0,58,0,0,0,2183,detection,
2183762,11,5,627,627,0,0,0,0,0,0,42,0,0,0,2183,detection,
2183775,6,5,627,627,0,0,0,0,0,0,51,0,0,0,2183,detection,
2183779,15,5,627,627,0,0,0,0,0,0,58,0,0,0,2183,detection,
2183971,27,8,512,512,0,0,0,0,0,0,65,0,0,0,2183,detection,
2184022,3,8,512,512,0,0,0,0,0,0,54,0,0,0,2184,detection,
2184032,17,8,512,512,0,0,0,0,0,0,59,0,0,0,2184,detection,
2184433,18,30,276,512,-236,92,42,100,61,0,59,0,56,40,2184,detection,
2184438,10,30,276,512,-236,92,43,70,100,0,55,0,56,40,2184,detection,
2185372,26,25,1080,1080,0,0,0,0,0,0,51,0,0,0,2185,detection,
2186092,5,12,1139,1139,0,0,0,0,0,0,57,0,0,0,2186,detection,
2186155,15,12,1139,1139,0,0,0,0,0,0,57,0,0,0,2186,detection,
2186160,4,12,1139,1139,0,0,0,0,0,0,58,0,0,0,2186,detection,
2186733,9,4,557,557,0,0,0,0,0,0,58,0,0,0,2186,detection,
2186773,3,4,557,557,0,0,0,0,0,0,61,0,0,0,2186,detection,
2186777,12,4,557,557,0,0,0,0,0,0,58,0,0,0,2186,detection,
2186777,6,4,557,557,0,0,0,0,0,0,59,0,0,0,2186,detection,
2186801,17,4,557,557,0,0,0,0,0,0,58,0,0,0,2186,detection,
2186836,2,4,557,557,0,0,0,0,0,0,59,0,0,0,2186,detection,
2189244,28,6,626,626,0,0,0,0,0,0,62,0,0,0,2189,detection,
2194149,1,12,1139,1139,0,0,0,0,0,0,41,0,0,0,2194,detection,
2194274,16,8,512,512,0,0,0,0,0,0,58,0,0,0,2194,detection,
2194347,27,8,512,512,0,0,0,0,0,0,66,0,0,0,2194,detection,
2195606,20,9,1044,1044,0,0,0,0,0,0,59,0,0,0,2195,detection,
2197658,15,31,276,1470,-1194,100,100,100,39,0,47,0,61,40,2197,detection,
2197697,14,31,276,1470,-1194,100,100,100,27,0,54,0,56,40,2197,detection,
2197905,15,31,276,1470,-1194,100,100,100,0,0,47,0,61,40,2197,detection,
2197963,1,31,276,1470,-1194,100,100,100,100,0,38,0,72,55,2197,detection,
2198033,1,16,788,788,0,0,0,0,0,0,44,0,0,0,2198,detection,
2198056,18,16,788,788,0,0,0,0,0,0,68,0,0,0,2198,detection,
2198094,27,16,788,788,0,0,0,0,0,0,61,0,0,0,2198,detection,
2198097,8,16,788,788,0,0,0,0,0,0,63,0,0,0,2198,detection,
2198403,17,30,276,512,-236,92,32,100,75,0,90,0,49,40,2198,detection,
2198432,18,30,276,512,-236,92,42,100,0,0,59,0,56,40,2198,detection,
2198433,10,30,276,512,-236,92,43,100,0,0,56,0,56,40,2198,detection,
2198849,8,7,572,572,0,0,0,0,0,0,66,0,0,0,2198,detection,
2199093,8,7,572,572,0,0,0,0,0,0,66,0,0,0,2199,detection,
2200602,20,9,788,788,0,0,0,0,0,0,58,0,0,0,2200,detection,
2201311,22,31,276,276,0,100,0,100,100,7,65,0,49,40,2201,detection,
2201605,20,13,793,793,0,0,0,0,0,0,66,0,0,0,2201,detection,
2203402,3,2,572,1084,-512,100,95,100,63,8,55,0,56,40,2203,detection,
2203453,14,2,572,1084,-512,100,91,100,61,7,59,0,56,40,2203,detection,
2204730,9,4,554,554,0,0,0,0,0,0,59,0,0,0,2204,detection,
2204768,3,4,554,554,0,0,0,0,0,0,61,0,0,0,2204,detection,
2204773,12,4,554,554,0,0,0,0,0,0,55,0,0,0,2204,detection,
2204804,10,4,554,554,0,0,0,0,0,0,60,0,0,0,2204,detection,
2204820,14,4,554,554,0,0,0,0,0,0,59,0,0,0,2204,detection,
2204833,2,4,554,554,0,0,0,0,0,0,59,0,0,0,2204,detection,
2207274,1,16,768,768,0,0,0,0,0,0,43,0,0,0,2207,detection,
2207280,17,16,768,768,0,0,0,0,0,0,48,0,0,0,2207,detection,
2207308,18,16,768,768,0,0,0,0,0,0,66,0,0,0,2207,detection,
2207343,27,16,768,768,0,0,0,0,0,0,56,0,0,0,2207,detection,
2207343,8,16,768,768,0,0,0,0,0,0,62,0,0,0,2207,detection,
2209315,23,11,532,532,0,0,0,0,0,0,59,0,0,0,2209,detection,
2209922,1,31,276,276,0,100,0,100,100,9,49,0,58,40,2209,detection,
2209934,22,31,276,276,0,100,0,100,0,7,74,0,49,40,2209,detection,
2209934,10,31,276,276,0,100,0,0,100,0,59,0,56,40,2209,detection,
2209947,14,31,276,276,0,100,0,100,100,7,65,0,49,40,2209,detection,
2210834,14,2,572,1084,-512,100,91,100,0,7,59,0,56,40,2210,detection,
2210870,25,2,572,1084,-512,100,92,100,61,8,58,0,56,40,2210,detection,
2214165,1,12,788,788,0,0,0,0,0,0,36,0,0,0,2214,detection,
2214217,5,12,788,788,0,0,0,0,0,0,57,0,0,0,2214,detection,
2214289,4,12,788,788,0,0,0,0,0,0,57,0,0,0,2214,detection,
2215341,1,16,512,512,0,0,0,0,0,0,44,0,0,0,2215,detection,
2215345,8,16,512,512,0,0,0,0,0,0,62,0,0,0,2215,detection,
2215348,27,16,512,512,0,0,0,0,0,0,57,0,0,0,2215,detection,
2215400,17,16,512,512,0,0,0,0,0,0,49,0,0,0,2215,detection,
2215431,18,16,512,512,0,0,0,0,0,0,62,0,0,0,2215,detection,
2215448,14,16,512,512,0,0,0,0,0,0,59,0,0,0,2215,detection,
2217940,23,11,532,532,0,0,0,0,0,0,56,0,0,0,2217,detection,
2217995,28,11,532,532,0,0,0,0,0,0,59,0,0,0,2217,detection,
2218058,18,27,832,832,0,0,0,0,0,0,55,0,0,0,2218,detection,
2219232,9,7,560,560,0,0,0,0,0,0,58,0,0,0,2219,detection,
2220027,1,12,532,532,0,0,0,0,0,0,37,0,0,0,2220,detection,
2220036,4,12,532,532,0,0,0,0,0,0,59,0,0,0,2220,detection,
2220091,5,12,532,532,0,0,0,0,0,0,59,0,0,0,2220,detection,
2220137,11,12,532,532,0,0,0,0,0,0,56,0,0,0,2220,detection,
2220883,24,3,512,512,0,0,0,0,0,0,66,0,0,0,2220,detection,
2222025,16,8,512,512,0,0,0,0,0,0,60,0,0,0,2222,detection,
2222034,17,8,512,512,0,0,0,0,0,0,56,0,0,0,2222,detection,
2222077,14,8,512,512,0,0,0,0,0,0,58,0,0,0,2222,detection,
2222128,1,31,276,832,-556,100,100,100,67,16,58,0,56,40,2222,detection,
2222183,10,31,276,832,-556,100,89,100,59,7,71,0,49,40,2222,detection,
2222995,9,22,532,532,0,0,0,0,0,0,60,0,0,0,2222,detection,
2223254,7,9,560,1072,-512,100,91,100,61,7,59,0,56,40,2223,detection,
2224149,6,23,532,532,0,0,0,0,0,0,56,0,0,0,2224,detection,
2224969,8,16,512,512,0,0,0,0,0,0,63,0,0,0,2224,detection,
2227744,28,19,512,512,0,0,0,0,0,0,51,0,0,0,2227,detection,
2227900,12,19,512,512,0,0,0,0,0,0,60,0,0,0,2227,detection,
2227990,28,19,512,512,0,0,0,0,0,0,52,0,0,0,2227,detection,
2228343,8,16,512,512,0,0,0,0,0,0,59,0,0,0,2228,detection,
2228417,1,16,512,512,0,0,0,0,0,0,38,0,0,0,2228,detection,
2228429,18,16,512,512,0,0,0,0,0,0,63,0,0,0,2228,detection,
2228464,2,30,276,512,-236,92,39,100,25,0,66,0,49,40,2228,detection,
2228472,8,30,276,512,-236,92,43,70,62,0,56,0,56,40,2228,detection,
2228477,27,30,276,512,-236,92,41,100,38,0,61,0,54,40,2228,detection,
2228490,25,30,276,512,-236,92,34,70,1,0,82,0,49,40,2228,detection,
2228502,7,30,276,512,-236,92,45,70,41,0,52,0,56,40,2228,detection,
2228524,16,30,276,512,-236,92,34,100,49,0,84,0,49,40,2228,detection,
2228528,17,30,276,512,-236,92,32,100,0,0,91,0,49,40,2228,detection,
2228626,7,30,276,512,-236,92,45,100,0,0,52,0,56,40,2228,detection,
2228649,16,30,276,512,-236,92,34,100,0,0,82,0,49,40,2228,detection,
2228653,17,30,276,512,-236,92,32,100,0,0,91,0,49,40,2228,detection,
2228685,10,30,276,512,-236,92,43,100,0,0,56,0,56,40,2228,detection,
2228722,27,30,276,512,-236,92,40,100,0,0,63,0,49,40,2228,detection,
2228992,9,7,512,512,0,100,0,0,0,0,69,0,49,40,2228,detection,
2229231,9,7,512,512,0,100,0,0,0,0,78,0,49,40,2229,detection,
2229770,6,23,532,532,0,0,0,0,0,0,57,0,0,0,2229,detection,
2232152,12,4,554,554,0,0,0,0,0,0,55,0,0,0,2232,detection,
2232179,10,4,554,554,0,0,0,0,0,0,61,0,0,0,2232,detection,
2232195,23,4,554,554,0,0,0,0,0,0,58,0,0,0,2232,detection,
2232212,2,4,554,554,0,0,0,0,0,0,55,0,0,0,2232,detection,
2232218,27,4,554,554,0,0,0,0,0,0,63,0,0,0,2232,detection,
2232242,25,4,554,554,0,0,0,0,0,0,60,0,0,0,2232,detection,
2232777,12,25,930,930,0,0,0,0,0,0,36,0,0,0,2232,detection,
2233134,11,12,532,532,0,0,0,0,0,0,56,0,0,0,2233,detection,
2233160,4,12,532,532,0,0,0,0,0,0,60,0,0,0,2233,detection,
2233391,24,11,608,608,0,0,0,0,0,0,61,0,0,0,2233,detection,
2233396,12,11,608,608,0,0,0,0,0,0,64,0,0,0,2233,detection,
2233442,23,11,608,608,0,0,0,0,0,0,56,0,0,0,2233,detection,
2234514,11,23,532,532,0,0,0,0,0,0,59,0,0,0,2234,detection,
2234522,6,23,532,532,0,0,0,0,0,0,58,0,0,0,2234,detection,
2239770,6,23,532,532,0,0,0,0,0,0,62,0,0,0,2239,detection,
2239864,19,23,532,532,0,0,0,0,0,0,59,0,0,0,2239,detection,
2248469,5,14,624,624,0,0,0,0,0,0,59,0,0,0,2248,detection,
2250240,28,19,512,512,0,0,0,0,0,0,52,0,0,0,2250,detection,
2250275,12,19,512,512,0,0,0,0,0,0,62,0,0,0,2250,detection,
2250278,6,19,512,512,0,0,0,0,0,0,61,0,0,0,2250,detection,
2250358,20,24,788,788,0,0,0,0,0,0,55,0,0,0,2250,detection,
2251639,24,29,276,1044,-768,100,100,100,0,0,59,0,56,40,2251,detection,
2253956,1,31,276,512,-236,100,39,100,35,14,68,0,49,40,2253,detection,
2253991,19,31,276,512,-236,100,42,70,64,0,58,0,56,40,2253,detection,
2254013,11,31,276,512,-236,100,40,100,60,0,65,0,49,40,2254,detection,
2254026,15,31,276,512,-236,100,42,100,100,0,58,0,56,40,2254,detection,
2254485,20,2,572,1084,-512,100,100,100,70,9,45,0,62,40,2254,detection,
2254485,13,2,572,1084,-512,100,93,100,62,8,57,0,56,40,2254,detection,
2254616,25,30,276,707,-431,100,66,100,20,0,77,0,49,40,2254,detection,
2254646,16,30,276,707,-431,100,63,100,19,0,83,0,49,40,2254,detection,
2254651,12,30,276,707,-431,100,71,100,35,0,67,0,49,40,2254,detection,
2254667,4,30,276,707,-431,100,78,100,15,0,58,0,56,40,2254,detection,
2254711,2,30,276,707,-431,100,73,100,22,0,64,0,49,40,2254,detection,
2254719,8,30,276,707,-431,100,77,100,23,0,59,0,56,40,2254,detection,
2255742,25,8,532,532,0,0,0,0,0,0,64,0,0,0,2255,detection,
2256317,1,16,512,512,0,0,0,0,0,0,39,0,0,0,2256,detection,
2256400,12,16,512,512,0,0,0,0,0,0,66,0,0,0,2256,detection,
2256415,4,16,512,512,0,0,0,0,0,0,62,0,0,0,2256,detection,
2256446,23,16,512,512,0,0,0,0,0,0,59,0,0,0,2256,detection,
2257347,5,22,532,532,0,0,0,0,0,0,58,0,0,0,2257,detection,
2257355,9,22,532,532,0,0,0,0,0,0,61,0,0,0,2257,detection,
2258134,24,23,554,554,0,0,0,0,0,0,55,0,0,0,2258,detection,
2258135,11,23,554,554,0,0,0,0,0,0,56,0,0,0,2258,detection,
2258150,6,23,554,554,0,0,0,0,0,0,62,0,0,0,2258,detection,
2263647,16,30,276,685,-409,100,61,100,2,0,81,0,49,40,2263,detection,
2263651,12,30,276,685,-409,100,68,100,2,0,66,0,49,40,2263,detection,
2263665,4,30,276,685,-409,100,74,100,2,0,58,0,56,40,2263,detection,
2263681,18,30,276,685,-409,100,73,100,20,0,59,0,56,40,2263,detection,
2263711,2,30,276,685,-409,100,70,100,2,0,63,0,49,40,2263,detection,
2263720,8,30,276,685,-409,100,73,100,2,0,59,0,56,40,2263,detection,
2263740,25,30,276,685,-409,100,64,100,2,0,74,0,49,40,2263,detection,
2263981,20,24,788,788,0,0,0,0,0,0,59,0,0,0,2263,detection,
2264232,13,20,1044,1044,0,0,0,0,0,0,69,0,0,0,2264,detection,
2264261,24,20,1044,1044,0,0,0,0,0,0,68,0,0,0,2264,detection,
2265257,24,11,586,586,0,0,0,0,0,0,62,0,0,0,2265,detection,
2266720,5,22,1072,1072,0,0,0,0,0,0,57,0,0,0,2266,detection,
2266733,9,22,1072,1072,0,0,0,0,0,0,63,0,0,0,2266,detection,
2267651,16,26,788,788,0,0,0,0,0,0,61,0,0,0,2267,detection,
2271842,5,22,1072,1072,0,0,0,0,0,0,57,0,0,0,2271,detection,
2271854,9,22,1072,1072,0,0,0,0,0,0,61,0,0,0,2271,detection,
2271863,19,22,1072,1072,0,0,0,0,0,0,59,0,0,0,2271,detection,
2272104,13,20,1049,1049,0,0,0,0,0,0,70,0,0,0,2272,detection,
2272129,24,20,1049,1049,0,0,0,0,0,0,70,0,0,0,2272,detection,
2272872,28,6,607,607,0,0,0,0,0,0,62,0,0,0,2272,detection,
2273552,10,4,574,574,0,0,0,0,0,0,62,0,0,0,2273,detection,
2273580,23,4,574,574,0,0,0,0,0,0,58,0,0,0,2273,detection,
2273585,2,4,574,574,0,0,0,0,0,0,55,0,0,0,2273,detection,
2273593,27,4,574,574,0,0,0,0,0,0,64,0,0,0,2273,detection,
2273607,13,4,574,574,0,0,0,0,0,0,53,0,0,0,2273,detection,
2273636,21,4,574,574,0,0,0,0,0,0,61,0,0,0,2273,detection,
2273649,3,4,574,574,0,0,0,0,0,0,61,0,0,0,2273,detection,
2273649,6,4,574,574,0,0,0,0,0,0,59,0,0,0,2273,detection,
2273650,16,4,574,574,0,0,0,0,0,0,52,0,0,0,2273,detection,
2275400,6,24,762,762,0,0,0,0,0,0,64,0,0,0,2275,detection,
2275555,18,30,276,646,-370,100,67,100,4,0,58,0,56,40,2275,detection,
2275564,22,30,276,646,-370,100,67,100,11,0,58,0,56,40,2275,detection,
2275614,25,30,276,646,-370,100,59,100,4,0,72,0,49,40,2275,detection,
2275624,7,30,276,646,-370,100,68,100,16,0,55,0,56,40,2275,detection,
2275650,16,26,532,532,0,0,0,0,0,0,58,0,0,0,2275,detection,
2277103,13,20,1049,1049,0,0,0,0,0,0,72,0,0,0,2277,detection,
2277132,24,20,1049,1049,0,0,0,0,0,0,71,0,0,0,2277,detection,
2277150,6,20,1049,1049,0,0,0,0,0,0,62,0,0,0,2277,detection,
2277865,19,5,816,816,0,0,0,0,0,0,48,0,0,0,2277,detection,
2283147,6,20,788,788,0,0,0,0,0,0,61,0,0,0,2283,detection,
2283971,5,22,816,816,0,0,0,0,0,0,58,0,0,0,2283,detection,
2283980,9,22,816,816,0,0,0,0,0,0,59,0,0,0,2283,detection,
2283988,19,22,816,816,0,0,0,0,0,0,56,0,0,0,2283,detection,
2283993,25,22,816,816,0,0,0,0,0,0,58,0,0,0,2283,detection,
2286183,18,27,830,830,0,0,0,0,0,0,59,0,0,0,2286,detection,
2286242,26,27,830,830,0,0,0,0,0,0,57,0,0,0,2286,detection,
2286869,28,23,551,551,0,0,0,0,0,0,64,0,0,0,2286,detection,
2286899,6,23,551,551,0,0,0,0,0,0,62,0,0,0,2286,detection,
2289591,5,22,788,788,0,0,0,0,0,0,58,0,0,0,2289,detection,
2289612,25,22,788,788,0,0,0,0,0,0,60,0,0,0,2289,detection,
2295126,7,9,1024,1024,0,0,0,100,64,16,54,0,60,40,2295,detection,
2295414,4,21,807,807,0,0,0,0,0,0,56,0,0,0,2295,detection,
2295495,26,21,807,807,0,0,0,0,0,0,58,0,0,0,2295,detection,
2295521,16,21,807,807,0,0,0,0,0,0,59,0,0,0,2295,detection,
2295586,2,22,532,532,0,0,0,0,0,0,62,0,0,0,2295,detection,
2295591,5,22,532,532,0,0,0,0,0,0,59,0,0,0,2295,detection,
2295606,9,22,532,532,0,0,0,0,0,0,63,0,0,0,2295,detection,
2295607,13,22,532,532,0,0,0,0,0,0,64,0,0,0,2295,detection,
2295611,25,22,532,532,0,0,0,0,0,0,62,0,0,0,2295,detection,
2296655,17,25,1120,1120,0,0,0,0,0,0,56,0,0,0,2296,detection,
2298384,21,10,573,573,0,0,0,0,0,0,57,0,0,0,2298,detection,
2298397,3,10,573,573,0,0,0,0,0,0,65,0,0,0,2298,detection,
2298414,4,10,573,573,0,0,0,0,0,0,59,0,0,0,2298,detection,
2300877,7,20,1086,1086,0,0,0,0,0,0,56,0,0,0,2300,detection,
2304125,7,9,1044,1044,0,0,0,100,0,16,57,0,60,40,2304,detection,
2305150,3,16,512,512,0,0,0,0,0,0,59,0,0,0,2305,detection,
2305163,4,16,512,512,0,0,0,0,0,0,62,0,0,0,2305,detection,
2305184,18,16,512,512,0,0,0,0,0,0,63,0,0,0,2305,detection,
2305621,7,20,1342,1342,0,0,0,0,0,0,56,0,0,0,2305,detection,
2306867,28,23,1044,1044,0,0,0,0,0,0,59,0,0,0,2306,detection,
2307099,8,7,706,706,0,24,0,0,0,0,68,0,0,0,2307,detection,
2307111,9,7,706,706,0,24,0,0,0,0,79,0,0,0,2307,detection,
2307121,20,7,706,706,0,24,0,0,0,0,64,0,0,0,2307,detection,
2307809,22,13,1044,1044,0,0,0,0,0,0,60,0,0,0,2307,detection,
2307831,1,13,1044,1044,0,0,0,0,0,0,40,0,0,0,2307,detection,
2307835,2,13,1044,1044,0,0,0,0,0,0,60,0,0,0,2307,detection,
2307846,8,13,1044,1044,0,0,0,0,0,0,56,0,0,0,2307,detection,
2307859,9,13,1044,1044,0,0,0,0,0,0,63,0,0,0,2307,detection,
2307885,24,13,1044,1044,0,0,0,0,0,0,50,0,0,0,2307,detection,
2310637,24,5,996,996,0,0,0,0,0,0,63,0,0,0,2310,detection,
2311041,4,12,768,768,0,0,0,0,0,0,61,0,0,0,2311,detection,
2312571,22,30,276,810,-534,100,95,100,19,0,59,0,56,40,2312,detection,
2312612,25,30,276,810,-534,100,85,100,17,0,72,0,49,40,2312,detection,
2312990,19,15,742,742,0,0,0,0,0,0,58,0,0,0,2312,detection,
2313390,1,31,276,1072,-796,100,100,100,65,15,61,0,54,40,2313,detection,
2313438,22,31,276,1072,-796,100,100,100,83,0,74,0,49,40,2313,detection,
2313471,5,31,276,1072,-796,100,100,100,2,0,90,0,49,40,2313,detection,
2314082,2,22,557,557,0,0,0,0,0,0,62,0,0,0,2314,detection,
2314095,5,22,557,557,0,0,0,0,0,0,59,0,0,0,2314,detection,
2314107,9,22,557,557,0,0,0,0,0,0,63,0,0,0,2314,detection,
2314112,25,22,557,557,0,0,0,0,0,0,62,0,0,0,2314,detection,
2314114,13,22,557,557,0,0,0,0,0,0,65,0,0,0,2314,detection,
2315246,1,13,1069,1069,0,0,0,0,0,0,40,0,0,0,2315,detection,
2315255,24,13,1069,1069,0,0,0,0,0,0,49,0,0,0,2315,detection,
2315307,22,13,1069,1069,0,0,0,0,0,0,59,0,0,0,2315,detection,
2315366,28,23,1086,1086,0,0,0,0,0,0,62,0,0,0,2315,detection,
2316505,24,5,788,788,0,0,0,0,0,0,62,0,0,0,2316,detection,
2318860,13,2,706,1218,-512,100,93,100,0,8,57,0,56,40,2318,detection,
2319403,1,31,276,1069,-793,100,100,100,0,16,56,0,56,40,2319,detection,
2319437,22,31,276,1069,-793,100,100,100,0,0,71,0,49,40,2319,detection,
2319480,5,31,276,1069,-793,100,100,100,0,0,87,0,49,40,2319,detection,
2319579,23,28,276,788,-512,100,100,100,71,9,44,0,64,40,2319,detection,
2320023,16,26,762,762,0,0,0,0,0,0,57,0,0,0,2320,detection,
2323595,5,23,532,532,0,0,0,0,0,0,55,0,0,0,2323,detection,
2323616,28,23,532,532,0,0,0,0,0,0,64,0,0,0,2323,detection,
2324883,24,5,532,532,0,0,0,0,0,0,64,0,0,0,2324,detection,
2326436,22,30,276,1018,-742,100,100,100,25,0,55,0,56,40,2326,detection,
2326460,2,30,276,1018,-742,100,100,100,39,0,59,0,56,40,2326,detection,
2326469,8,30,276,1018,-742,100,100,100,39,0,59,0,56,40,2326,detection,
2326485,9,30,276,1018,-742,100,100,100,21,0,56,0,56,40,2326,detection,
2327435,18,31,276,1020,-744,100,100,100,2,0,67,0,49,40,2327,detection,
2327512,21,31,276,1020,-744,100,100,100,27,0,59,0,56,40,2327,detection,
2327542,1,31,276,1020,-744,100,100,100,6,16,52,0,56,40,2327,detection,
2328880,7,29,276,1102,-826,100,100,100,37,0,59,0,56,40,2328,detection,
2329742,28,23,532,532,0,0,0,0,0,0,65,0,0,0,2329,detection,
2329756,24,13,788,788,0,0,0,0,0,0,53,0,0,0,2329,detection,
2330559,18,21,788,788,0,0,0,0,0,0,59,0,0,0,2330,detection,
2330653,17,21,788,788,0,0,0,0,0,0,58,0,0,0,2330,detection,
2330662,4,21,788,788,0,0,0,0,0,0,59,0,0,0,2330,detection,
2331719,5,22,555,555,0,0,0,0,0,0,56,0,0,0,2331,detection,
2331982,9,30,276,1018,-742,100,100,100,0,0,56,0,56,40,2331,detection,
2331990,25,30,276,1018,-742,100,100,100,22,0,72,0,49,40,2331,detection,
2332034,15,30,276,1018,-742,100,100,100,28,0,78,0,49,40,2332,detection,
2332060,22,30,276,1018,-742,100,100,100,0,0,56,0,56,40,2332,detection,
2332497,7,20,962,962,0,0,0,0,0,0,57,0,0,0,2332,detection,
2334122,26,16,512,512,0,100,0,0,0,0,79,0,49,40,2334,detection,
2334164,4,16,512,512,0,100,0,0,0,0,70,0,49,40,2334,detection,
2334182,18,16,512,512,0,100,0,0,0,0,75,0,49,40,2334,detection,
2334708,2,22,578,578,0,0,0,0,0,0,58,0,0,0,2334,detection,
2334717,5,22,578,578,0,0,0,0,0,0,56,0,0,0,2334,detection,
2334729,9,22,578,578,0,0,0,0,0,0,63,0,0,0,2334,detection,
2334738,25,22,578,578,0,0,0,0,0,0,62,0,0,0,2334,detection,
2337464,1,13,532,532,0,0,0,0,0,0,40,0,0,0,2337,detection,
2337484,9,13,532,532,0,0,0,0,0,0,61,0,0,0,2337,detection,
2337490,25,13,532,532,0,0,0,0,0,0,59,0,0,0,2337,detection,
2337503,24,13,532,532,0,0,0,0,0,0,54,0,0,0,2337,detection,
2337584,2,13,532,532,0,0,0,0,0,0,61,0,0,0,2337,detection,
2338901,17,21,532,532,0,0,0,0,0,0,59,0,0,0,2338,detection,
2338911,4,21,532,532,0,0,0,0,0,0,60,0,0,0,2338,detection,
2338936,22,21,532,532,0,0,0,0,0,0,62,0,0,0,2338,detection,
2339522,3,7,712,712,0,21,0,0,0,0,60,0,0,0,2339,detection,
2339603,20,7,712,712,0,21,0,0,0,0,64,0,0,0,2339,detection,
2339620,26,7,712,712,0,21,0,0,0,0,52,0,0,0,2339,detection,
2341434,18,31,276,1050,-774,100,100,100,3,0,65,0,49,40,2341,detection,
2341511,21,31,276,1050,-774,100,100,100,3,0,58,0,56,40,2341,detection,
2341772,3,16,512,512,0,100,0,0,0,0,66,0,49,40,2341,detection,
2341789,4,16,512,512,0,100,0,0,0,0,78,0,49,40,2341,detection,
2341806,18,16,512,512,0,100,0,0,0,0,84,0,49,40,2341,detection,
2341806,10,16,512,512,0,100,0,0,0,0,74,0,49,40,2341,detection,
2341870,26,16,512,512,0,100,0,0,0,0,89,0,49,40,2341,detection,
2344808,18,4,788,788,0,0,0,0,0,0,58,0,0,0,2344,detection,
2344880,21,4,788,788,0,0,0,0,0,0,60,0,0,0,2344,detection,
2350274,16,4,532,532,0,0,0,0,0,0,56,0,0,0,2350,detection,
2350478,13,2,788,788,0,0,0,100,65,16,52,0,60,40,2350,detection,
2350933,1,12,532,532,0,0,0,0,0,0,38,0,0,0,2350,detection,
2351031,15,12,532,532,0,0,0,0,0,0,58,0,0,0,2351,detection,
2351037,4,12,532,532,0,0,0,0,0,0,58,0,0,0,2351,detection,
2351666,4,21,532,532,0,0,0,0,0,0,61,0,0,0,2351,detection,
2352536,4,16,512,512,0,100,0,0,0,0,88,0,49,40,2352,detection,
2352617,26,16,512,512,0,100,0,0,0,0,100,0,49,40,2352,detection,
2353605,9,13,762,762,0,0,0,0,0,0,60,0,0,0,2353,detection,
2353613,25,13,762,762,0,0,0,0,0,0,59,0,0,0,2353,detection,
2353618,1,13,762,762,0,0,0,0,0,0,40,0,0,0,2353,detection,
2353622,28,13,762,762,0,0,0,0,0,0,58,0,0,0,2353,detection,
2353834,2,30,276,1044,-768,100,100,100,3,0,62,0,52,40,2353,detection,
2353846,8,30,276,1044,-768,100,100,100,3,0,59,0,56,40,2353,detection,
2353863,25,30,276,1044,-768,100,100,100,2,0,65,0,49,40,2353,detection,
2353901,3,30,276,1044,-768,100,100,100,63,0,59,0,56,40,2353,detection,
2353902,15,30,276,1044,-768,100,100,100,2,0,75,0,49,40,2353,detection,
2353902,12,30,276,1044,-768,100,100,100,41,0,64,0,49,40,2353,detection,
2353937,10,30,276,1044,-768,100,100,100,63,0,59,0,56,40,2353,detection,
2357748,7,20,788,788,0,0,0,0,0,0,57,0,0,0,2357,detection,
2357774,6,20,788,788,0,0,0,0,0,0,60,0,0,0,2357,detection,
2358270,1,12,532,532,0,0,0,0,0,0,40,0,0,0,2358,detection,
2358274,15,12,532,532,0,0,0,0,0,0,56,0,0,0,2358,detection,
2358288,4,12,532,532,0,0,0,0,0,0,58,0,0,0,2358,detection,
2361380,7,30,276,995,-719,100,100,100,41,0,59,0,56,40,2361,detection,
2361394,11,30,276,995,-719,100,100,100,25,0,81,0,49,40,2361,detection,
2361398,3,30,276,995,-719,100,100,100,6,0,54,0,56,40,2361,detection,
2361399,16,30,276,995,-719,100,100,100,31,0,78,0,49,40,2361,detection,
2361402,15,30,276,995,-719,100,100,100,5,0,73,0,49,40,2361,detection,
2361433,10,30,276,995,-719,100,100,100,5,0,59,0,56,40,2361,detection,
2361433,18,30,276,995,-719,100,100,100,42,0,58,0,56,40,2361,detection,
2361458,2,30,276,995,-719,100,100,100,5,0,61,0,54,40,2361,detection,
2361470,8,30,276,995,-719,100,100,100,6,0,54,0,56,40,2361,detection,
2363950,14,2,839,839,0,0,0,100,61,16,58,0,60,40,2363,detection,
2363979,13,2,839,839,0,0,0,100,0,16,52,0,60,40,2363,detection,
2363992,25,2,839,839,0,0,0,100,60,15,60,0,60,40,2363,detection,
2366319,23,4,532,532,0,0,0,0,0,0,59,0,0,0,2366,detection,
2366319,14,4,532,532,0,0,0,0,0,0,59,0,0,0,2366,detection,
2366344,27,4,532,532,0,0,0,0,0,0,64,0,0,0,2366,detection,
2366362,9,4,532,532,0,0,0,0,0,0,60,0,0,0,2366,detection,
2366383,21,4,532,532,0,0,0,0,0,0,61,0,0,0,2366,detection,
2366396,16,4,532,532,0,0,0,0,0,0,56,0,0,0,2366,detection,
2370729,20,13,969,969,0,0,0,0,0,0,61,0,0,0,2370,detection,
2371115,13,20,808,808,0,0,0,0,0,0,65,0,0,0,2371,detection,
2371122,7,20,808,808,0,0,0,0,0,0,57,0,0,0,2371,detection,
2371148,6,20,808,808,0,0,0,0,0,0,59,0,0,0,2371,detection,
2372271,3,8,589,589,0,0,0,0,0,0,58,0,0,0,2372,detection,
2372281,17,8,589,589,0,0,0,0,0,0,59,0,0,0,2372,detection,
2372336,2,8,589,589,0,0,0,0,0,0,56,0,0,0,2372,detection,
2372353,13,8,589,589,0,0,0,0,0,0,57,0,0,0,2372,detection,
2372357,20,8,589,589,0,0,0,0,0,0,59,0,0,0,2372,detection,
2372365,25,8,589,589,0,0,0,0,0,0,64,0,0,0,2372,detection,
2373774,15,12,788,788,0,0,0,0,0,0,59,0,0,0,2373,detection,
2373799,1,12,788,788,0,0,0,0,0,0,42,0,0,0,2373,detection,
2373846,5,12,788,788,0,0,0,0,0,0,58,0,0,0,2373,detection,
2374245,28,5,1323,1323,0,0,0,0,0,0,64,0,0,0,2374,detection,
2374255,24,5,1323,1323,0,0,0,0,0,0,65,0,0,0,2374,detection,
2374290,15,5,1323,1323,0,0,0,0,0,0,64,0,0,0,2374,detection,
2374993,28,24,788,788,0,0,0,0,0,0,61,0,0,0,2374,detection,
2376514,11,30,276,1044,-768,100,100,100,4,0,83,0,49,40,2376,detection,
2379323,1,16,788,788,0,0,0,0,0,0,41,0,0,0,2379,detection,
2379335,2,16,788,788,0,0,0,0,0,0,44,0,0,0,2379,detection,
2379348,8,16,788,788,0,0,0,0,0,0,62,0,0,0,2379,detection,
2379356,13,16,788,788,0,0,0,0,0,0,55,0,0,0,2379,detection,
2379373,26,16,788,788,0,0,0,0,0,0,93,0,0,0,2379,detection,
2379391,11,16,788,788,0,0,0,0,0,0,61,0,0,0,2379,detection,
2379399,3,16,788,788,0,0,0,0,0,0,61,0,0,0,2379,detection,
2379403,12,16,788,788,0,0,0,0,0,0,64,0,0,0,2379,detection,
2379429,10,16,788,788,0,0,0,0,0,0,70,0,0,0,2379,detection,
2381312,1,12,532,532,0,0,0,0,0,0,43,0,0,0,2381,detection,
2381765,11,30,276,1275,-999,100,100,100,22,0,84,0,49,40,2381,detection,
2383166,1,16,788,788,0,0,0,0,0,0,40,0,0,0,2383,detection,
2383178,10,16,788,788,0,0,0,0,0,0,68,0,0,0,2383,detection,
2383218,8,16,788,788,0,0,0,0,0,0,61,0,0,0,2383,detection,
2383243,26,16,788,788,0,0,0,0,0,0,83,0,0,0,2383,detection,
2383261,11,16,788,788,0,0,0,0,0,0,60,0,0,0,2383,detection,
2383273,12,16,788,788,0,0,0,0,0,0,63,0,0,0,2383,detection,
2387558,18,30,276,1702,-1426,100,100,100,83,0,60,0,56,40,2387,detection,
2387990,1,13,969,969,0,0,0,0,0,0,35,0,0,0,2387,detection,
2387990,28,13,969,969,0,0,0,0,0,0,58,0,0,0,2387,detection,
2387993,25,13,969,969,0,0,0,0,0,0,55,0,0,0,2387,detection,
2388007,24,13,969,969,0,0,0,0,0,0,54,0,0,0,2388,detection,
2388023,3,13,969,969,0,0,0,0,0,0,60,0,0,0,2388,detection,
2388070,18,13,969,969,0,0,0,0,0,0,59,0,0,0,2388,detection,
2388083,2,13,969,969,0,0,0,0,0,0,61,0,0,0,2388,detection,
2388096,8,13,969,969,0,0,0,0,0,0,59,0,0,0,2388,detection,
2388104,20,13,969,969,0,0,0,0,0,0,59,0,0,0,2388,detection,
2388114,19,13,969,969,0,0,0,0,0,0,37,0,0,0,2388,detection,
2389873,28,29,276,779,-503,100,91,100,32,0,57,0,56,40,2389,detection,
2390683,1,12,547,547,0,0,0,0,0,0,44,0,0,0,2390,detection,
2394473,8,4,1155,1155,0,0,0,0,0,0,65,0,0,0,2394,detection,
2394485,9,4,1155,1155,0,0,0,0,0,0,63,0,0,0,2394,detection,
2394556,10,4,1155,1155,0,0,0,0,0,0,59,0,0,0,2394,detection,
2394572,14,4,1155,1155,0,0,0,0,0,0,63,0,0,0,2394,detection,
2394611,1,16,788,788,0,0,0,0,0,0,40,0,0,0,2394,detection,
2394637,21,16,788,788,0,0,0,0,0,0,62,0,0,0,2394,detection,
2394645,3,16,788,788,0,0,0,0,0,0,64,0,0,0,2394,detection,
2394655,17,16,788,788,0,0,0,0,0,0,54,0,0,0,2394,detection,
2394684,18,16,788,788,0,0,0,0,0,0,82,0,0,0,2394,detection,
2394718,8,16,788,788,0,0,0,0,0,0,61,0,0,0,2394,detection,
2394727,13,16,788,788,0,0,0,0,0,0,60,0,0,0,2394,detection,
2396156,17,30,276,2114,-1838,100,100,100,100,0,84,0,49,40,2396,detection,
2396181,18,30,276,2114,-1838,100,100,100,47,0,63,0,49,40,2396,detection,
2397532,17,26,1198,1198,0,0,0,0,0,0,55,0,0,0,2397,detection,
2398534,17,25,845,845,0,0,0,0,0,0,61,0,0,0,2398,detection,
2398551,12,25,845,845,0,0,0,0,0,0,37,0,0,0,2398,detection,
2399476,13,20,963,963,0,0,0,0,0,0,63,0,0,0,2399,detection,
2399526,6,20,963,963,0,0,0,0,0,0,56,0,0,0,2399,detection,
2406463,2,22,1199,1199,0,0,0,0,0,0,61,0,0,0,2406,detection,
2410205,1,16,788,788,0,0,0,0,0,0,41,0,0,0,2410,detection,
2410304,18,16,788,788,0,0,0,0,0,0,78,0,0,0,2410,detection,
2411150,16,8,1044,1044,0,0,0,0,0,0,62,0,0,0,2411,detection,
2411202,14,8,1044,1044,0,0,0,0,0,0,58,0,0,0,2411,detection,
2411236,9,8,1044,1044,0,0,0,0,0,0,58,0,0,0,2411,detection,
2412656,17,26,739,739,0,0,0,0,0,0,58,0,0,0,2412,detection,
2414653,6,24,1300,1300,0,0,0,0,0,0,63,0,0,0,2414,detection,
2415262,21,22,788,788,0,0,0,0,0,0,52,0,0,0,2415,detection,
2415335,2,22,788,788,0,0,0,0,0,0,60,0,0,0,2415,detection,
2415356,13,22,788,788,0,0,0,0,0,0,63,0,0,0,2415,detection,
2415483,13,2,1304,1304,0,0,0,100,0,16,57,0,60,40,2415,detection,
2415492,25,2,1304,1304,0,0,0,100,0,15,64,0,48,40,2415,detection,
2417913,4,8,1231,1231,0,0,0,0,0,0,54,0,0,0,2417,detection,
2418151,3,7,1084,1084,0,0,0,0,0,0,59,0,0,0,2418,detection,
2419537,4,16,788,788,0,0,0,0,0,0,85,0,0,0,2419,detection,
2421478,13,22,1320,1320,0,0,0,0,0,0,62,0,0,0,2421,detection,
2423510,21,18,907,907,0,0,0,0,0,0,60,0,0,0,2423,detection,
2423527,12,18,907,907,0,0,0,0,0,0,61,0,0,0,2423,detection,
2423605,13,18,907,907,0,0,0,0,0,0,58,0,0,0,2423,detection,
2424110,1,21,969,969,0,0,0,0,0,0,36,0,0,0,2424,detection,
2424122,26,21,969,969,0,0,0,0,0,0,58,0,0,0,2424,detection,
2424144,16,21,969,969,0,0,0,0,0,0,59,0,0,0,2424,detection,
2424153,17,21,969,969,0,0,0,0,0,0,60,0,0,0,2424,detection,
2424549,1,16,788,788,0,0,0,0,0,0,42,0,0,0,2424,detection,
2424660,3,8,975,975,0,0,0,0,0,0,59,0,0,0,2424,detection,
2424695,14,8,975,975,0,0,0,0,0,0,59,0,0,0,2424,detection,
2424729,9,8,975,975,0,0,0,0,0,0,55,0,0,0,2424,detection,
2424908,17,26,739,739,0,0,0,0,0,0,53,0,0,0,2424,detection,
2425134,24,3,742,742,0,0,0,0,0,0,64,0,0,0,2425,detection,
2425370,28,19,534,534,0,0,0,0,0,0,48,0,0,0,2425,detection,
2425406,15,19,534,534,0,0,0,0,0,0,61,0,0,0,2425,detection,
2426263,21,30,276,1046,-770,100,100,100,9,0,96,0,49,40,2426,detection,
2426276,12,30,276,1046,-770,100,100,100,0,0,63,0,49,40,2426,detection,
2426280,17,30,276,1046,-770,100,100,100,100,0,80,0,49,40,2426,detection,
2426306,18,30,276,1046,-770,100,100,100,100,0,58,0,56,40,2426,detection,
2426858,13,22,557,557,0,0,0,0,0,0,63,0,0,0,2426,detection,
2427863,25,2,788,788,0,0,0,100,0,15,63,0,48,40,2427,detection,
2429114,1,16,788,788,0,0,0,0,0,0,42,0,0,0,2429,detection,
2429122,26,16,788,788,0,0,0,0,0,0,86,0,0,0,2429,detection,
2429164,4,16,788,788,0,0,0,0,0,0,77,0,0,0,2429,detection,
2429742,26,21,788,788,0,0,0,0,0,0,58,0,0,0,2429,detection,
2429759,1,21,788,788,0,0,0,0,0,0,40,0,0,0,2429,detection,
2429776,17,21,788,788,0,0,0,0,0,0,59,0,0,0,2429,detection,
2429811,22,21,788,788,0,0,0,0,0,0,64,0,0,0,2429,detection,
2429811,18,21,788,788,0,0,0,0,0,0,58,0,0,0,2429,detection,
2430015,11,19,529,529,0,0,0,0,0,0,61,0,0,0,2430,detection,
2430028,6,19,529,529,0,0,0,0,0,0,61,0,0,0,2430,detection,
2430028,15,19,529,529,0,0,0,0,0,0,61,0,0,0,2430,detection,
2430600,8,7,1084,1084,0,0,0,0,0,0,66,0,0,0,2430,detection,
2431613,19,15,698,698,0,0,0,0,0,0,58,0,0,0,2431,detection,
2431674,1,26,932,932,0,90,0,0,0,0,45,0,62,40,2431,detection,
2431777,16,26,932,932,0,90,0,0,0,0,68,0,49,40,2431,detection,
2433685,22,30,276,810,-534,100,95,100,24,0,59,0,56,40,2433,detection,
2433757,21,30,276,810,-534,100,71,100,21,0,96,0,49,40,2433,detection,
2433778,17,30,276,810,-534,100,80,100,23,0,80,0,49,40,2433,detection,
2434629,7,29,276,1041,-765,100,100,100,7,0,55,0,56,40,2434,detection,
2434728,13,22,557,557,0,0,0,0,0,0,59,0,0,0,2434,detection,
2434758,21,22,557,557,0,0,0,0,0,0,53,0,0,0,2434,detection,
2435902,17,26,718,718,0,0,0,0,0,0,53,0,0,0,2435,detection,
2435902,1,26,718,718,0,0,0,0,0,0,44,0,0,0,2435,detection,
2436363,25,2,532,532,0,0,0,100,0,15,64,0,48,40,2436,detection,
2438354,13,20,793,793,0,0,0,0,0,0,61,0,0,0,2438,detection,
2439345,5,31,276,1044,-768,100,100,100,2,0,85,0,49,40,2439,detection,
2440769,3,8,785,785,0,0,0,0,0,0,59,0,0,0,2440,detection,
2441649,16,4,1155,1155,0,0,0,0,0,0,63,0,0,0,2441,detection,
2441683,18,4,1155,1155,0,0,0,0,0,0,60,0,0,0,2441,detection,
2443129,1,26,699,699,0,0,0,0,0,0,44,0,0,0,2443,detection,
2443147,16,26,699,699,0,0,0,0,0,0,66,0,0,0,2443,detection,
2443274,6,24,1382,1382,0,0,0,0,0,0,61,0,0,0,2443,detection,
2443533,15,18,824,824,0,0,0,0,0,0,58,0,0,0,2443,detection,
2443542,4,18,824,824,0,0,0,0,0,0,49,0,0,0,2443,detection,
2443631,21,18,824,824,0,0,0,0,0,0,59,0,0,0,2443,detection,
2444313,18,30,276,1089,-813,100,100,100,5,0,57,0,56,40,2444,detection,
2444658,1,16,788,788,0,0,0,0,0,0,36,0,0,0,2444,detection,
2444666,4,16,788,788,0,0,0,0,0,0,74,0,0,0,2444,detection,
2444765,11,16,788,788,0,0,0,0,0,0,61,0,0,0,2444,detection,
2446635,11,19,518,518,0,0,0,0,0,0,62,0,0,0,2446,detection,
2446652,15,19,518,518,0,0,0,0,0,0,62,0,0,0,2446,detection,
2448126,7,8,774,774,0,0,0,0,0,0,64,0,0,0,2448,detection,
2448143,3,8,774,774,0,0,0,0,0,0,59,0,0,0,2448,detection,
2448864,25,2,532,532,0,0,0,90,0,15,65,0,48,40,2448,detection,
2449747,19,22,784,784,0,0,0,0,0,0,59,0,0,0,2449,detection,
2449848,27,22,784,784,0,0,0,0,0,0,58,0,0,0,2449,detection,
2450396,6,24,788,788,0,0,0,0,0,0,61,0,0,0,2450,detection,
2451099,1,13,817,817,0,0,0,0,0,0,35,0,0,0,2451,detection,
2451156,15,13,817,817,0,0,0,0,0,0,59,0,0,0,2451,detection,
2451220,5,31,276,810,-534,100,76,100,22,0,87,0,49,40,2451,detection,
2451978,13,20,793,793,0,0,0,0,0,0,60,0,0,0,2451,detection,
2453624,26,7,774,774,0,0,0,0,0,0,54,0,0,0,2453,detection,
2454703,14,2,768,768,0,0,0,100,0,15,59,0,60,40,2454,detection,
2456966,5,31,276,1041,-765,100,100,100,21,0,89,0,49,40,2456,detection,
2457055,10,31,276,1041,-765,100,100,100,22,7,73,0,49,40,2457,detection,
2457063,18,31,276,1041,-765,100,100,100,1,0,62,0,52,40,2457,detection,
2457073,14,31,276,1041,-765,100,100,100,86,15,65,0,49,40,2457,detection,
2457522,6,24,839,839,0,0,0,0,0,0,56,0,0,0,2457,detection,
2457880,7,29,276,1100,-824,100,100,100,7,0,54,0,56,40,2457,detection,
2457989,1,10,1044,1044,0,0,0,0,0,0,42,0,0,0,2457,detection,
2457994,25,10,1044,1044,0,0,0,0,0,0,48,0,0,0,2457,detection,
2459987,25,2,768,768,0,0,0,79,0,15,66,0,48,40,2459,detection,
2459996,9,2,768,768,0,0,0,0,0,0,51,0,0,0,2459,detection,
2461541,1,26,682,682,0,0,0,0,0,0,43,0,0,0,2461,detection,
2461644,16,26,682,682,0,0,0,0,0,0,64,0,0,0,2461,detection,
2462901,16,8,788,788,0,0,0,0,0,0,61,0,0,0,2462,detection,
2464432,10,31,276,1035,-759,100,100,100,0,7,72,0,49,40,2464,detection,
2464433,18,31,276,1035,-759,100,100,100,0,0,62,0,52,40,2464,detection,
2464449,14,31,276,1035,-759,100,100,100,0,15,65,0,49,40,2464,detection,
2464479,5,31,276,1035,-759,100,100,100,0,0,91,0,49,40,2464,detection,
2467981,9,2,532,532,0,0,0,0,0,0,55,0,0,0,2467,detection,
2467990,25,2,532,532,0,0,0,70,0,7,67,0,48,40,2467,detection,
2468656,6,24,859,859,0,0,0,0,0,0,55,0,0,0,2468,detection,
2470179,10,31,276,796,-520,100,84,100,25,7,70,0,49,40,2470,detection,
2470179,18,31,276,796,-520,100,89,100,27,0,63,0,49,40,2470,detection,
2470196,14,31,276,796,-520,100,88,100,27,15,65,0,49,40,2470,detection,
2470221,5,31,276,796,-520,100,72,100,22,0,91,0,49,40,2470,detection,
2473882,1,10,1020,1020,0,0,0,0,0,0,41,0,0,0,2473,detection,
2473899,16,10,1020,1020,0,0,0,0,0,0,61,0,0,0,2473,detection,
2473917,4,10,1020,1020,0,0,0,0,0,0,60,0,0,0,2473,detection,
2473933,18,10,1020,1020,0,0,0,0,0,0,60,0,0,0,2473,detection,
2473938,22,10,1020,1020,0,0,0,0,0,0,60,0,0,0,2473,detection,
2474011,24,5,532,532,0,0,0,0,0,0,67,0,0,0,2474,detection,
2474098,1,16,788,788,0,0,0,0,0,0,36,0,0,0,2474,detection,
2474119,26,16,788,788,0,0,0,0,0,0,86,0,0,0,2474,detection,
2474180,10,16,788,788,0,0,0,0,0,0,65,0,0,0,2474,detection,
2474188,22,16,788,788,0,0,0,0,0,0,62,0,0,0,2474,detection,
2476008,24,6,625,625,0,0,0,0,0,0,52,0,0,0,2476,detection,
2476167,4,18,824,824,0,0,0,0,0,0,49,0,0,0,2476,detection,
2476184,10,18,824,824,0,0,0,0,0,0,55,0,0,0,2476,detection,
2476345,5,19,514,514,0,0,0,0,0,0,59,0,0,0,2476,detection,
2476391,11,19,514,514,0,0,0,0,0,0,62,0,0,0,2476,detection,
2476400,6,19,514,514,0,0,0,0,0,0,61,0,0,0,2476,detection,
2476443,23,19,514,514,0,0,0,0,0,0,59,0,0,0,2476,detection,
2477135,21,27,1018,1018,0,0,0,0,0,0,56,0,0,0,2477,detection,
2477480,13,22,784,784,0,0,0,0,0,0,58,0,0,0,2477,detection,
2477488,19,22,784,784,0,0,0,0,0,0,59,0,0,0,2477,detection,
2477514,11,22,784,784,0,0,0,0,0,0,54,0,0,0,2477,detection,
2478119,26,8,788,788,0,0,0,0,0,0,64,0,0,0,2478,detection,
2478144,3,8,788,788,0,0,0,0,0,0,59,0,0,0,2478,detection,
2478730,9,2,1084,1084,0,0,0,0,0,0,59,0,0,0,2478,detection,
2478740,25,2,1084,1084,0,0,0,70,0,0,63,0,48,40,2478,detection,
2480721,5,11,663,663,0,0,0,0,0,0,59,0,0,0,2480,detection,
2480733,19,11,663,663,0,0,0,0,0,0,59,0,0,0,2480,detection,
2480758,24,11,663,663,0,0,0,0,0,0,61,0,0,0,2480,detection,
2480890,11,5,532,532,0,0,0,0,0,0,47,0,0,0,2480,detection,
2481649,16,30,276,1058,-782,100,100,100,6,0,75,0,49,40,2481,detection,
2481687,10,30,276,1058,-782,100,100,100,7,0,55,0,56,40,2481,detection,
2482050,1,21,532,532,0,0,0,0,0,0,41,0,0,0,2482,detection,
2482063,22,21,532,532,0,0,0,0,0,0,66,0,0,0,2482,detection,
2482357,9,20,793,793,0,0,0,0,0,0,64,0,0,0,2482,detection,
2482386,24,20,793,793,0,0,0,0,0,0,69,0,0,0,2482,detection,
2483223,1,31,276,1175,-899,100,100,100,20,16,50,0,56,40,2483,detection,
2483308,10,31,276,1175,-899,100,100,100,43,0,64,0,49,40,2483,detection,
2483308,18,31,276,1175,-899,100,100,100,42,0,65,0,49,40,2483,detection,
2483313,22,31,276,1175,-899,100,100,100,12,0,65,0,49,40,2483,detection,
2483343,5,31,276,1175,-899,100,100,100,37,0,82,0,49,40,2483,detection,
2483483,20,9,788,788,0,0,0,0,0,0,56,0,0,0,2483,detection,
2483860,20,24,859,859,0,0,0,0,0,0,58,0,0,0,2483,detection,
2483902,6,24,859,859,0,0,0,0,0,0,55,0,0,0,2483,detection,
2484257,1,10,788,788,0,0,0,0,0,0,41,0,0,0,2484,detection,
2484270,16,10,788,788,0,0,0,0,0,0,56,0,0,0,2484,detection,
2484313,22,10,788,788,0,0,0,0,0,0,63,0,0,0,2484,detection,
2484356,13,10,788,788,0,0,0,0,0,0,66,0,0,0,2484,detection,
2484845,8,18,824,824,0,0,0,0,0,0,63,0,0,0,2484,detection,
2484866,25,18,824,824,0,0,0,0,0,0,42,0,0,0,2484,detection,
2484935,10,18,824,824,0,0,0,0,0,0,54,0,0,0,2484,detection,
2490618,28,29,276,1063,-787,100,100,100,34,0,57,0,56,40,2490,detection,
2490631,7,29,276,1063,-787,100,100,100,4,0,54,0,56,40,2490,detection,
2490639,24,29,276,1063,-787,100,100,100,2,0,58,0,56,40,2490,detection,
2491467,1,31,276,788,-512,100,100,100,54,9,42,0,67,55,2491,detection,
2491468,5,31,276,788,-512,100,75,100,38,0,82,0,49,40,2491,detection,
2491734,1,10,532,532,0,0,0,0,0,0,42,0,0,0,2491,detection,
2491769,16,10,532,532,0,0,0,0,0,0,57,0,0,0,2491,detection,
2491812,22,10,532,532,0,0,0,0,0,0,64,0,0,0,2491,detection,
2491855,13,10,532,532,0,0,0,0,0,0,67,0,0,0,2491,detection,
2492400,3,2,1300,1300,0,0,0,100,61,15,59,0,60,40,2492,detection,
2492490,25,2,1300,1300,0,0,0,70,0,0,65,0,48,40,2492,detection,
2492644,16,30,276,788,-512,100,82,100,28,0,72,0,49,40,2492,detection,
2493543,4,12,788,788,0,0,0,0,0,0,57,0,0,0,2493,detection,
2493862,19,5,764,764,0,0,0,0,0,0,47,0,0,0,2493,detection,
2494397,6,3,1084,1084,0,0,0,0,0,0,61,0,0,0,2494,detection,
2497430,10,30,276,1044,-768,100,100,100,1,0,58,0,56,40,2497,detection,
2497502,7,30,276,1044,-768,100,100,100,5,0,59,0,56,40,2497,detection,
2497523,16,30,276,1044,-768,100,100,100,27,0,70,0,49,40,2497,detection,
2497604,20,9,813,813,0,0,0,0,0,0,57,0,0,0,2497,detection,
2498331,1,31,276,788,-512,100,100,100,0,0,41,0,69,55,2498,detection,
2498388,21,31,276,788,-512,100,92,100,31,0,58,0,56,40,2498,detection,
2498434,10,31,276,788,-512,100,86,100,43,0,66,0,49,40,2498,detection,
2498435,22,31,276,788,-512,100,86,100,43,0,66,0,49,40,2498,detection,
2499277,12,18,788,788,0,0,0,0,0,0,60,0,0,0,2499,detection,
2499337,2,18,788,788,0,0,0,0,0,0,49,0,0,0,2499,detection,
2499366,25,18,788,788,0,0,0,0,0,0,45,0,0,0,2499,detection,
2501103,13,10,788,788,0,0,0,0,0,0,61,0,0,0,2501,detection,
2501124,1,10,788,788,0,0,0,0,0,0,42,0,0,0,2501,detection,
2501145,16,10,788,788,0,0,0,0,0,0,60,0,0,0,2501,detection,
2502368,25,2,1044,1044,0,0,0,70,0,0,66,0,48,40,2502,detection,
2504247,7,30,276,1194,-918,100,100,100,17,0,59,0,56,40,2504,detection,
2504260,21,30,276,1194,-918,100,100,100,33,0,98,0,49,40,2504,detection,
2504272,16,30,276,1194,-918,100,100,100,16,0,68,0,49,40,2504,detection,
2504307,10,30,276,1194,-918,100,100,100,18,0,58,0,56,40,2504,detection,
2504312,22,30,276,1194,-918,100,100,100,45,0,59,0,56,40,2504,detection,
2505334,2,18,788,788,0,0,0,0,0,0,49,0,0,0,2505,detection,
2505365,25,18,788,788,0,0,0,0,0,0,44,0,0,0,2505,detection,
2506973,1,10,532,532,0,0,0,0,0,0,43,0,0,0,2506,detection,
2506978,13,10,532,532,0,0,0,0,0,0,65,0,0,0,2506,detection,
2507363,19,5,788,788,0,0,0,0,0,0,50,0,0,0,2507,detection,
2507835,2,8,788,788,0,0,0,0,0,0,56,0,0,0,2507,detection,
2507865,25,8,788,788,0,0,0,0,0,0,63,0,0,0,2507,detection,
2507895,3,8,788,788,0,0,0,0,0,0,59,0,0,0,2507,detection,
2507913,4,8,788,788,0,0,0,0,0,0,57,0,0,0,2507,detection,
2508241,28,24,532,532,0,0,0,0,0,0,66,0,0,0,2508,detection,
2511997,1,16,1225,1225,0,0,0,0,0,0,38,0,0,0,2511,detection,
2512053,10,16,1225,1225,0,0,0,0,0,0,63,0,0,0,2512,detection,
2512071,23,16,1225,1225,0,0,0,0,0,0,59,0,0,0,2512,detection,
2512108,13,16,1225,1225,0,0,0,0,0,0,60,0,0,0,2512,detection,
2512898,12,19,788,788,0,100,0,0,0,0,65,0,49,40,2512,detection,
2512970,5,19,788,788,0,100,0,0,0,0,65,0,49,40,2512,detection,
2514427,1,31,276,699,-423,100,92,100,13,0,39,0,71,55,2514,detection,
2514431,10,31,276,699,-423,100,72,100,10,0,64,0,49,40,2514,detection,
2514435,22,31,276,699,-423,100,71,100,10,0,65,0,49,40,2514,detection,
2514509,21,31,276,699,-423,100,77,100,10,0,57,0,56,40,2514,detection,
2514772,6,24,532,532,0,0,0,0,0,0,60,0,0,0,2514,detection,
2516169,1,10,532,532,0,0,0,0,0,0,39,0,0,0,2516,detection,
2516229,13,10,532,532,0,0,0,0,0,0,65,0,0,0,2516,detection,
2516899,6,5,1300,1300,0,0,0,0,0,0,57,0,0,0,2516,detection,
2516984,19,5,1300,1300,0,0,0,0,0,0,54,0,0,0,2516,detection,
2516997,28,5,1300,1300,0,0,0,0,0,0,68,0,0,0,2516,detection,
2517380,25,2,1044,1044,0,0,0,70,0,0,66,0,48,40,2517,detection,
2518692,23,28,532,532,0,0,0,100,69,18,46,0,67,55,2518,detection,
2519736,19,5,1300,1300,0,0,0,0,0,0,55,0,0,0,2519,detection,
2520337,2,18,788,788,0,0,0,0,0,0,49,0,0,0,2520,detection,
2520368,25,18,788,788,0,0,0,0,0,0,44,0,0,0,2520,detection,
2520398,12,18,788,788,0,0,0,0,0,0,56,0,0,0,2520,detection,
2523246,26,17,1251,1251,0,0,0,0,0,0,58,0,0,0,2523,detection,
2524850,8,30,276,788,-512,100,92,100,24,0,58,0,56,40,2524,detection,
2524868,25,30,276,788,-512,100,85,100,28,0,67,0,49,40,2524,detection,
2524897,3,30,276,788,-512,100,92,100,24,0,58,0,56,40,2524,detection,
2524902,12,30,276,788,-512,100,89,100,30,0,62,0,52,40,2524,detection,
2525509,24,29,276,950,-674,100,100,100,13,0,58,0,56,40,2525,detection,
2526056,1,16,788,788,0,0,0,0,0,0,41,0,0,0,2526,detection,
2526066,23,16,788,788,0,0,0,0,0,0,59,0,0,0,2526,detection,
2526104,13,16,788,788,0,0,0,0,0,0,55,0,0,0,2526,detection,
2526180,10,16,788,788,0,0,0,0,0,0,65,0,0,0,2526,detection,
2526482,20,9,813,813,0,0,0,0,0,0,58,0,0,0,2526,detection,
2527246,26,25,788,788,0,0,0,0,0,0,51,0,0,0,2527,detection,
2527276,12,25,788,788,0,0,0,0,0,0,40,0,0,0,2527,detection,
2527280,17,25,788,788,0,0,0,0,0,0,64,0,0,0,2527,detection,
2528471,27,22,788,788,0,0,0,0,0,0,57,0,0,0,2528,detection,
2528484,9,22,788,788,0,0,0,0,0,0,64,0,0,0,2528,detection,
2528513,11,22,788,788,0,0,0,0,0,0,57,0,0,0,2528,detection,
2528963,2,8,788,788,0,0,0,0,0,0,52,0,0,0,2528,detection,
2528993,25,8,788,788,0,0,0,0,0,0,62,0,0,0,2528,detection,
2529022,3,8,788,788,0,0,0,0,0,0,58,0,0,0,2529,detection,
2529032,17,8,788,788,0,0,0,0,0,0,59,0,0,0,2529,detection,
2529036,4,8,788,788,0,0,0,0,0,0,57,0,0,0,2529,detection,
2529719,5,12,992,992,0,0,0,0,0,0,58,0,0,0,2529,detection,
2530398,12,19,788,788,0,0,0,0,0,0,67,0,0,0,2530,detection,
2530402,6,19,788,788,0,0,0,0,0,0,61,0,0,0,2530,detection,
2530481,5,19,788,788,0,0,0,0,0,0,64,0,0,0,2530,detection,
2531958,1,10,634,634,0,0,0,0,0,0,39,0,0,0,2531,detection,
2531979,13,10,634,634,0,0,0,0,0,0,64,0,0,0,2531,detection,
2533771,12,25,557,557,0,0,0,0,0,0,40,0,0,0,2533,detection,
2535759,24,3,532,532,0,0,0,0,0,0,69,0,0,0,2535,detection,
2535772,6,3,532,532,0,0,0,0,0,0,59,0,0,0,2535,detection,
2536095,27,22,788,788,0,0,0,0,0,0,57,0,0,0,2536,detection,
2536100,8,22,788,788,0,0,0,0,0,0,57,0,0,0,2536,detection,
2536715,1,16,788,788,0,0,0,0,0,0,40,0,0,0,2536,detection,
2536762,21,16,788,788,0,0,0,0,0,0,57,0,0,0,2536,detection,
2536800,10,16,788,788,0,0,0,0,0,0,64,0,0,0,2536,detection,
2536814,23,16,788,788,0,0,0,0,0,0,58,0,0,0,2536,detection,
2537991,25,2,1044,1044,0,0,0,70,0,0,64,0,48,40,2537,detection,
2538627,7,29,276,1044,-768,100,100,100,2,0,57,0,56,40,2538,detection,
2539202,1,21,532,532,0,0,0,0,0,0,43,0,0,0,2539,detection,
2542237,19,5,1044,1044,0,0,0,0,0,0,58,0,0,0,2542,detection,
2544866,26,17,788,788,0,0,0,0,0,0,59,0,0,0,2544,detection,
2545218,5,12,1044,1044,0,0,0,0,0,0,58,0,0,0,2545,detection,
2545291,4,12,1044,1044,0,0,0,0,0,0,60,0,0,0,2545,detection,
2546353,1,26,788,788,0,0,0,0,0,0,44,0,0,0,2546,detection,
2546400,16,26,788,788,0,0,0,0,0,0,64,0,0,0,2546,detection,
2546405,17,26,788,788,0,0,0,0,0,0,58,0,0,0,2546,detection,
2546973,27,8,557,557,0,0,0,0,0,0,63,0,0,0,2546,detection,
2546981,20,8,557,557,0,0,0,0,0,0,59,0,0,0,2546,detection,
2546991,26,8,557,557,0,0,0,0,0,0,64,0,0,0,2546,detection,
2547024,3,8,557,557,0,0,0,0,0,0,55,0,0,0,2547,detection,
2547033,17,8,557,557,0,0,0,0,0,0,59,0,0,0,2547,detection,
2547038,4,8,557,557,0,0,0,0,0,0,58,0,0,0,2547,detection,
2547060,22,8,557,557,0,0,0,0,0,0,59,0,0,0,2547,detection,
2547077,14,8,557,557,0,0,0,0,0,0,59,0,0,0,2547,detection,
2547084,2,8,557,557,0,0,0,0,0,0,52,0,0,0,2547,detection,
2547721,27,22,992,992,0,0,0,0,0,0,53,0,0,0,2547,detection,
2547722,8,22,992,992,0,0,0,0,0,0,57,0,0,0,2547,detection,
2547730,9,22,992,992,0,0,0,0,0,0,64,0,0,0,2547,detection,
2547760,11,22,992,992,0,0,0,0,0,0,58,0,0,0,2547,detection,
2547857,20,7,532,532,0,0,0,0,0,0,66,0,0,0,2547,detection,
2548686,18,30,276,1044,-768,100,100,100,5,0,60,0,56,40,2548,detection,
2548716,2,30,276,1044,-768,100,100,100,5,0,60,0,56,40,2548,detection,
2548720,8,30,276,1044,-768,100,100,100,31,0,57,0,56,40,2548,detection,
2548737,25,30,276,1044,-768,100,100,100,29,0,64,0,49,40,2548,detection,
2548771,3,30,276,1044,-768,100,100,100,31,0,57,0,56,40,2548,detection,
2548776,12,30,276,1044,-768,100,100,100,31,0,57,0,56,40,2548,detection,
2548780,17,30,276,1044,-768,100,100,100,24,0,76,0,49,40,2548,detection,
2548793,4,30,276,1044,-768,100,100,100,43,0,58,0,56,40,2548,detection,
2549004,24,3,532,532,0,0,0,0,0,0,70,0,0,0,2549,detection,
2549021,6,3,532,532,0,0,0,0,0,0,61,0,0,0,2549,detection,
2549402,6,5,1044,1044,0,0,0,0,0,0,60,0,0,0,2549,detection,
2550095,5,19,788,788,0,0,0,0,0,0,63,0,0,0,2550,detection,
2550120,28,19,788,788,0,0,0,0,0,0,52,0,0,0,2550,detection,
2551318,23,14,881,881,0,0,0,0,0,0,58,0,0,0,2551,detection,
2551344,5,14,881,881,0,0,0,0,0,0,59,0,0,0,2551,detection,
2551365,19,14,881,881,0,0,0,0,0,0,53,0,0,0,2551,detection,
2551659,3,2,788,788,0,0,0,100,0,16,58,0,60,40,2551,detection,
2552093,1,25,554,554,0,0,0,0,0,0,41,0,0,0,2552,detection,
2552614,19,5,788,788,0,0,0,0,0,0,61,0,0,0,2552,detection,
2552630,28,5,788,788,0,0,0,0,0,0,66,0,0,0,2552,detection,
2552636,24,5,788,788,0,0,0,0,0,0,66,0,0,0,2552,detection,
2553039,4,12,788,788,0,0,0,0,0,0,61,0,0,0,2553,detection,
2557665,4,30,276,1477,-1201,100,100,100,51,0,59,0,56,40,2557,detection,
2557897,6,5,788,788,0,0,0,0,0,0,62,0,0,0,2557,detection,
2558115,28,24,608,608,0,0,0,0,0,0,66,0,0,0,2558,detection,
2558381,1,26,813,813,0,0,0,0,0,0,44,0,0,0,2558,detection,
2558406,17,26,813,813,0,0,0,0,0,0,58,0,0,0,2558,detection,
2558772,3,2,532,532,0,0,0,100,0,15,59,0,60,40,2558,detection,
2559524,3,4,532,532,0,0,0,0,0,0,65,0,0,0,2559,detection,
2559528,12,4,532,532,0,0,0,0,0,0,60,0,0,0,2559,detection,
2559555,10,4,532,532,0,0,0,0,0,0,64,0,0,0,2559,detection,
2559559,18,4,532,532,0,0,0,0,0,0,62,0,0,0,2559,detection,
2559596,27,4,532,532,0,0,0,0,0,0,65,0,0,0,2559,detection,
2560279,12,14,881,881,0,0,0,0,0,0,60,0,0,0,2560,detection,
2560310,10,14,881,881,0,0,0,0,0,0,59,0,0,0,2560,detection,
2560321,23,14,881,881,0,0,0,0,0,0,58,0,0,0,2560,detection,
2560883,24,5,1393,1393,0,0,0,0,0,0,64,0,0,0,2560,detection,
2560896,6,5,1393,1393,0,0,0,0,0,0,61,0,0,0,2560,detection,
2560990,28,5,1393,1393,0,0,0,0,0,0,65,0,0,0,2560,detection,
2561498,26,17,813,813,0,0,0,0,0,0,59,0,0,0,2561,detection,
2563249,7,29,276,1014,-738,100,100,100,3,0,57,0,56,40,2563,detection,
2565265,11,12,788,788,0,0,0,0,0,0,61,0,0,0,2565,detection,
2565287,4,12,788,788,0,0,0,0,0,0,61,0,0,0,2565,detection,
2565347,5,12,788,788,0,0,0,0,0,0,55,0,0,0,2565,detection,
2565937,22,10,1052,1052,0,0,0,0,0,0,59,0,0,0,2565,detection,
2566123,7,20,793,793,0,0,0,0,0,0,56,0,0,0,2566,detection,
2567112,9,7,557,557,0,0,0,0,0,0,77,0,0,0,2567,detection,
2567523,6,5,1137,1137,0,0,0,0,0,0,62,0,0,0,2567,detection,
2567608,19,5,1137,1137,0,0,0,0,0,0,64,0,0,0,2567,detection,
2567627,28,5,1137,1137,0,0,0,0,0,0,67,0,0,0,2567,detection,
2567630,24,5,1137,1137,0,0,0,0,0,0,61,0,0,0,2567,detection,
2569939,23,14,1252,1252,0,0,0,0,0,0,56,0,0,0,2569,detection,
2571279,1,16,788,788,0,0,0,0,0,0,38,0,0,0,2571,detection,
2571352,13,16,788,788,0,0,0,0,0,0,55,0,0,0,2571,detection,
2571373,26,16,788,788,0,0,0,0,0,0,80,0,0,0,2571,detection,
2572349,27,22,992,992,0,0,0,0,0,0,53,0,0,0,2572,detection,
2572388,11,22,992,992,0,0,0,0,0,0,58,0,0,0,2572,detection,
2572660,1,21,813,813,0,0,0,0,0,0,44,0,0,0,2572,detection,
2576398,3,4,532,532,0,0,0,0,0,0,66,0,0,0,2576,detection,
2576398,12,4,532,532,0,0,0,0,0,0,60,0,0,0,2576,detection,
2576403,6,4,532,532,0,0,0,0,0,0,59,0,0,0,2576,detection,
2576408,17,4,532,532,0,0,0,0,0,0,59,0,0,0,2576,detection,
2576429,18,4,532,532,0,0,0,0,0,0,63,0,0,0,2576,detection,
2576700,14,23,797,797,0,0,0,0,0,0,64,0,0,0,2576,detection,
2576759,1,25,987,987,0,0,0,0,0,0,40,0,0,0,2576,detection,
2576791,17,25,987,987,0,0,0,0,0,0,63,0,0,0,2576,detection,
2576874,26,25,987,987,0,0,0,0,0,0,50,0,0,0,2576,detection,
2577147,3,8,784,784,0,0,0,0,0,0,54,0,0,0,2577,detection,
2577156,17,8,784,784,0,0,0,0,0,0,59,0,0,0,2577,detection,
2577198,14,8,784,784,0,0,0,0,0,0,58,0,0,0,2577,detection,
2577207,2,8,784,784,0,0,0,0,0,0,52,0,0,0,2577,detection,
2577228,13,8,784,784,0,0,0,0,0,0,57,0,0,0,2577,detection,
2577241,25,8,784,784,0,0,0,0,0,0,61,0,0,0,2577,detection,
2577241,26,8,784,784,0,0,0,0,0,0,63,0,0,0,2577,detection,
2577391,1,21,813,813,0,0,0,0,0,0,45,0,0,0,2577,detection,
2577970,5,19,532,532,0,0,0,0,0,0,63,0,0,0,2577,detection,
2577995,28,19,532,532,0,0,0,0,0,0,52,0,0,0,2577,detection,
2578022,12,19,532,532,0,0,0,0,0,0,67,0,0,0,2578,detection,
2578025,6,19,532,532,0,0,0,0,0,0,61,0,0,0,2578,detection,
2578026,11,19,532,532,0,0,0,0,0,0,62,0,0,0,2578,detection,
2578442,23,14,1300,1300,0,0,0,0,0,0,59,0,0,0,2578,detection,
2578534,12,14,1300,1300,0,0,0,0,0,0,58,0,0,0,2578,detection,
2581230,9,7,1194,1194,0,0,0,0,0,0,73,0,0,0,2581,detection,
2581233,20,7,1194,1194,0,0,0,0,0,0,68,0,0,0,2581,detection,
2581629,7,9,813,813,0,0,0,100,0,15,59,0,60,40,2581,detection,
2582000,7,29,276,1300,-1024,100,100,100,34,0,57,0,56,40,2582,detection,
2583725,27,30,276,1044,-768,100,100,100,60,0,64,0,49,40,2583,detection,
2583768,11,30,276,1044,-768,100,100,100,22,0,81,0,49,40,2583,detection,
2584245,28,5,1137,1137,0,0,0,0,0,0,68,0,0,0,2584,detection,
2584317,23,14,1044,1044,0,0,0,0,0,0,61,0,0,0,2584,detection,
2585138,1,31,276,788,-512,100,100,100,12,0,41,0,69,55,2585,detection,
2585156,15,31,276,788,-512,100,90,100,32,0,61,0,54,40,2585,detection,
2585978,20,7,554,554,0,0,0,0,0,0,67,0,0,0,2585,detection,
2585979,9,7,554,554,0,0,0,0,0,0,73,0,0,0,2585,detection,
2586749,7,29,276,1325,-1049,100,100,100,3,0,56,0,56,40,2586,detection,
2587416,4,12,1018,1018,0,0,0,0,0,0,60,0,0,0,2587,detection,
2587507,26,17,813,813,0,0,0,0,0,0,59,0,0,0,2587,detection,
2587733,20,3,788,788,0,0,0,0,0,0,56,0,0,0,2587,detection,
2588063,1,25,788,788,0,0,0,0,0,0,39,0,0,0,2588,detection,
2591838,1,26,1040,1040,0,0,0,0,0,0,37,0,0,0,2591,detection,
2591907,17,26,1040,1040,0,0,0,0,0,0,58,0,0,0,2591,detection,
2592357,9,7,549,549,0,0,0,0,0,0,72,0,0,0,2592,detection,
2592735,20,6,615,615,0,0,0,0,0,0,59,0,0,0,2592,detection,
2593720,1,31,276,992,-716,100,100,100,29,0,41,0,69,55,2593,detection,
2593742,19,31,276,992,-716,100,100,100,57,0,59,0,56,40,2593,detection,
2593780,15,31,276,992,-716,100,100,100,23,0,62,0,52,40,2593,detection,
2593806,18,31,276,992,-716,100,100,100,20,0,64,0,49,40,2593,detection,
2594013,11,30,276,1044,-768,100,100,100,0,0,74,0,49,40,2594,detection,
2594024,12,30,276,1044,-768,100,100,100,0,0,60,0,56,40,2594,detection,
2594071,18,30,276,1044,-768,100,100,100,0,0,59,0,56,40,2594,detection,
2594088,2,30,276,1044,-768,100,100,100,0,0,59,0,56,40,2594,detection,
2594098,27,30,276,1044,-768,100,100,100,0,0,63,0,49,40,2594,detection,
2596202,14,2,532,532,0,0,0,100,0,15,59,0,60,40,2596,detection,
2596246,28,11,532,532,0,0,0,0,0,0,60,0,0,0,2596,detection,
2596254,24,11,532,532,0,0,0,0,0,0,62,0,0,0,2596,detection,
2596272,12,11,532,532,0,0,0,0,0,0,64,0,0,0,2596,detection,
2597725,1,26,788,788,0,0,0,0,0,0,40,0,0,0,2597,detection,
2600861,19,5,1367,1367,0,0,0,0,0,0,63,0,0,0,2600,detection,
2601607,20,13,907,907,0,100,0,0,0,0,71,0,49,40,2601,detection,
2601612,9,13,907,907,0,100,0,0,0,0,71,0,49,40,2601,detection,
2601613,19,13,907,907,0,100,0,0,0,0,44,0,64,40,2601,detection,
2601629,7,13,907,907,0,100,0,0,0,0,77,0,49,40,2601,detection,
2602772,12,14,1044,1044,0,0,0,0,0,0,60,0,0,0,2602,detection,
2603945,14,2,557,557,0,0,0,100,0,15,60,0,60,40,2603,detection,
2603983,20,2,557,557,0,0,0,100,66,16,50,0,60,40,2603,detection,
2604545,1,26,1044,1044,0,0,0,0,0,0,40,0,0,0,2604,detection,
2606350,1,25,1120,1120,0,0,0,0,0,0,39,0,0,0,2606,detection,
2607279,15,18,788,788,0,0,0,0,0,0,58,0,0,0,2607,detection,
2607484,19,5,788,788,0,0,0,0,0,0,57,0,0,0,2607,detection,
2608229,9,13,1163,1163,0,0,0,0,0,0,72,0,0,0,2608,detection,
2610096,8,4,532,532,0,0,0,0,0,0,66,0,0,0,2610,detection,
2610117,25,4,532,532,0,0,0,0,0,0,57,0,0,0,2610,detection,
2610151,6,4,532,532,0,0,0,0,0,0,60,0,0,0,2610,detection,
2610156,17,4,532,532,0,0,0,0,0,0,55,0,0,0,2610,detection,
2612775,15,18,788,788,0,0,0,0,0,0,54,0,0,0,2612,detection,
2612793,4,18,788,788,0,0,0,0,0,0,52,0,0,0,2612,detection,
2613888,11,12,1300,1300,0,0,0,0,0,0,60,0,0,0,2613,detection,
2614308,22,10,1052,1052,0,0,0,0,0,0,59,0,0,0,2614,detection,
2616356,20,9,871,871,0,0,0,0,0,0,63,0,0,0,2616,detection,
2616525,16,4,1044,1044,0,0,0,0,0,0,61,0,0,0,2616,detection,
2616529,17,4,1044,1044,0,0,0,0,0,0,59,0,0,0,2616,detection,
2616593,8,4,1044,1044,0,0,0,0,0,0,65,0,0,0,2616,detection,
2616609,9,4,1044,1044,0,0,0,0,0,0,58,0,0,0,2616,detection,
2617317,1,25,1044,1044,0,0,0,0,0,0,33,0,0,0,2617,detection,
2617407,17,25,1044,1044,0,0,0,0,0,0,62,0,0,0,2617,detection,
2618558,1,31,276,1069,-793,100,100,100,11,0,40,0,71,55,2618,detection,
2618598,5,31,276,1069,-793,100,100,100,28,0,78,0,49,40,2618,detection,
2618614,19,31,276,1069,-793,100,100,100,9,0,61,0,54,40,2618,detection,
2618637,21,31,276,1069,-793,100,100,100,45,0,57,0,56,40,2618,detection,
2620530,17,8,989,989,0,0,0,0,0,0,60,0,0,0,2620,detection,
2620539,4,8,989,989,0,0,0,0,0,0,58,0,0,0,2620,detection,
2620934,18,13,788,788,0,0,0,0,0,0,59,0,0,0,2620,detection,
2621231,13,2,557,557,0,0,0,100,0,15,62,0,54,40,2621,detection,
2621244,25,2,557,557,0,0,0,70,0,0,64,0,48,40,2621,detection,
2621275,3,2,557,557,0,0,0,100,0,15,59,0,60,40,2621,detection,
2621510,11,12,1504,1504,0,0,0,0,0,0,61,0,0,0,2621,detection,
2621558,18,21,788,788,0,0,0,0,0,0,58,0,0,0,2621,detection,
2622322,14,4,1044,1044,0,0,0,0,0,0,61,0,0,0,2622,detection,
2622343,8,4,1044,1044,0,0,0,0,0,0,63,0,0,0,2622,detection,
2622394,16,4,1044,1044,0,0,0,0,0,0,60,0,0,0,2622,detection,
2622407,17,4,1044,1044,0,0,0,0,0,0,58,0,0,0,2622,detection,
2623324,14,18,788,788,0,0,0,0,0,0,50,0,0,0,2623,detection,
2623336,2,18,788,788,0,0,0,0,0,0,52,0,0,0,2623,detection,
2623357,13,18,788,788,0,0,0,0,0,0,58,0,0,0,2623,detection,
2623366,25,18,788,788,0,0,0,0,0,0,47,0,0,0,2623,detection,
2623387,21,18,788,788,0,0,0,0,0,0,59,0,0,0,2623,detection,
2623596,27,30,276,1020,-744,100,100,100,2,0,62,0,52,40,2623,detection,
2623876,1,25,1044,1044,0,0,0,0,0,0,33,0,0,0,2623,detection,
2623906,17,25,1044,1044,0,0,0,0,0,0,61,0,0,0,2623,detection,
2628649,1,25,788,788,0,0,0,0,0,0,36,0,0,0,2628,detection,
2628655,17,25,788,788,0,0,0,0,0,0,60,0,0,0,2628,detection,
2628720,5,31,276,788,-512,100,80,100,29,0,75,0,49,40,2628,detection,
2628737,19,31,276,788,-512,100,88,100,32,0,63,0,49,40,2628,detection,
2628759,21,31,276,788,-512,100,98,100,35,0,52,0,56,40,2628,detection,
2628783,1,31,276,788,-512,100,100,100,41,0,39,0,71,55,2628,detection,
2629508,26,7,1393,1393,0,0,0,0,0,0,56,0,0,0,2629,detection,
2630473,27,18,532,532,0,0,0,0,0,0,65,0,0,0,2630,detection,
2630477,13,18,532,532,0,0,0,0,0,0,60,0,0,0,2630,detection,
2630717,1,13,532,532,0,0,0,0,0,0,40,0,0,0,2630,detection,
2630748,19,13,532,532,0,0,0,0,0,0,49,0,0,0,2630,detection,
2630773,3,13,532,532,0,0,0,0,0,0,62,0,0,0,2630,detection,
2631852,1,21,532,532,0,0,0,0,0,0,45,0,0,0,2631,detection,
2631873,26,21,532,532,0,0,0,0,0,0,55,0,0,0,2631,detection,
2631929,18,21,532,532,0,0,0,0,0,0,55,0,0,0,2631,detection,
2632232,20,3,788,788,0,0,0,0,0,0,52,0,0,0,2632,detection,
2635841,14,2,532,532,0,0,0,100,0,16,56,0,60,40,2635,detection,
2635854,13,2,532,532,0,0,0,100,0,15,64,0,48,40,2635,detection,
2635857,20,2,532,532,0,0,0,100,0,16,54,0,60,40,2635,detection,
2635866,25,2,532,532,0,0,0,70,0,0,64,0,48,40,2635,detection,
2636493,25,30,276,739,-463,100,80,100,35,0,63,0,49,40,2636,detection,
2636514,21,30,276,739,-463,100,63,98,41,0,93,0,49,40,2636,detection,
2637005,24,11,762,762,0,0,0,0,0,0,61,0,0,0,2637,detection,
2638986,9,4,1300,1300,0,0,0,0,0,0,61,0,0,0,2638,detection,
2639021,6,4,1300,1300,0,0,0,0,0,0,59,0,0,0,2639,detection,
2639021,16,4,1300,1300,0,0,0,0,0,0,62,0,0,0,2639,detection,
2639442,23,14,1044,1044,0,0,0,0,0,0,60,0,0,0,2639,detection,
2639468,5,14,1044,1044,0,0,0,0,0,0,59,0,0,0,2639,detection,
2639489,19,14,1044,1044,0,0,0,0,0,0,56,0,0,0,2639,detection,
2640343,5,14,788,788,0,0,0,0,0,0,59,0,0,0,2640,detection,
2642616,26,21,532,532,0,0,0,0,0,0,56,0,0,0,2642,detection,
2642642,1,21,532,532,0,0,0,0,0,0,46,0,0,0,2642,detection,
2642680,18,21,532,532,0,0,0,0,0,0,56,0,0,0,2642,detection,
2643245,26,27,721,721,0,0,0,0,0,0,57,0,0,0,2643,detection,
2643261,21,27,721,721,0,0,0,0,0,0,56,0,0,0,2643,detection,
2643309,18,27,721,721,0,0,0,0,0,0,59,0,0,0,2643,detection,
2645993,25,13,690,690,0,0,0,0,0,0,59,0,0,0,2645,detection,
2646031,1,13,690,690,0,0,0,0,0,0,39,0,0,0,2646,detection,
2646053,18,13,690,690,0,0,0,0,0,0,55,0,0,0,2646,detection,
2646066,23,13,690,690,0,0,0,0,0,0,66,0,0,0,2646,detection,
2646083,2,13,690,690,0,0,0,0,0,0,56,0,0,0,2646,detection,
2646096,8,13,690,690,0,0,0,0,0,0,59,0,0,0,2646,detection,
2646357,9,4,1300,1300,0,0,0,0,0,0,60,0,0,0,2646,detection,
2646399,6,4,1300,1300,0,0,0,0,0,0,55,0,0,0,2646,detection,
2647072,14,2,977,977,0,0,0,100,0,7,60,0,60,40,2647,detection,
2647102,13,2,977,977,0,0,0,100,0,7,65,0,48,40,2647,detection,
2647119,25,2,977,977,0,0,0,70,0,0,64,0,48,40,2647,detection,
2648026,6,20,788,788,0,0,0,0,0,0,59,0,0,0,2648,detection,
2648359,19,14,788,788,0,0,0,0,0,0,57,0,0,0,2648,detection,
2649479,13,18,532,532,0,0,0,0,0,0,58,0,0,0,2649,detection,
2649513,21,18,532,532,0,0,0,0,0,0,62,0,0,0,2649,detection,
2649585,2,18,532,532,0,0,0,0,0,0,54,0,0,0,2649,detection,
2649608,20,6,1300,1300,0,0,0,0,0,0,58,0,0,0,2649,detection,
2650731,13,2,577,577,0,0,0,100,0,7,65,0,48,40,2650,detection,
2650846,27,22,992,992,0,0,0,0,0,0,53,0,0,0,2650,detection,
2650864,19,22,992,992,0,0,0,0,0,0,59,0,0,0,2650,detection,
2650885,21,22,992,992,0,0,0,0,0,0,58,0,0,0,2650,detection,
2650888,11,22,992,992,0,0,0,0,0,0,58,0,0,0,2650,detection,
2652031,17,30,276,788,-512,100,84,100,28,0,69,0,49,40,2652,detection,
2652056,18,30,276,788,-512,100,91,100,30,0,59,0,56,40,2652,detection,
2652086,2,30,276,788,-512,100,91,100,30,0,59,0,56,40,2652,detection,
2653629,1,25,739,739,0,0,0,0,0,0,36,0,0,0,2653,detection,
2653656,17,25,739,739,0,0,0,0,0,0,60,0,0,0,2653,detection,
2653724,27,25,739,739,0,0,0,0,0,0,66,0,0,0,2653,detection,
2655261,21,27,788,788,0,0,0,0,0,0,55,0,0,0,2655,detection,
2655305,18,27,788,788,0,0,0,0,0,0,58,0,0,0,2655,detection,
2656952,14,2,674,674,0,0,0,100,0,7,59,0,60,40,2656,detection,
2656981,13,2,674,674,0,0,0,100,0,0,64,0,48,40,2656,detection,
2658585,2,30,276,532,-256,100,45,100,30,0,59,0,56,40,2658,detection,
2658653,17,30,276,532,-256,100,41,100,27,0,70,0,49,40,2658,detection,
2658683,18,30,276,532,-256,100,45,100,30,0,59,0,56,40,2658,detection,
2660854,20,6,1044,1044,0,0,0,0,0,0,59,0,0,0,2660,detection,
2660938,18,31,276,788,-512,100,88,100,23,0,63,0,49,40,2660,detection,
2660951,14,31,276,788,-512,100,87,100,0,0,64,0,49,40,2660,detection,
2661195,23,14,788,788,0,0,0,0,0,0,62,0,0,0,2661,detection,
2661221,5,14,788,788,0,0,0,0,0,0,60,0,0,0,2661,detection,
2661237,19,14,788,788,0,0,0,0,0,0,59,0,0,0,2661,detection,
2661367,26,7,1274,1274,0,0,0,0,0,0,59,0,0,0,2661,detection,
2667857,9,4,1457,1457,0,0,0,0,0,0,60,0,0,0,2667,detection,
2668279,15,12,1141,1141,0,0,0,0,0,0,58,0,0,0,2668,detection,
2671564,1,13,690,690,0,0,0,0,0,0,39,0,0,0,2671,detection,
2671598,27,13,690,690,0,0,0,0,0,0,68,0,0,0,2671,detection,
2671606,9,13,690,690,0,0,0,0,0,0,69,0,0,0,2671,detection,
2674684,18,30,276,1300,-1024,100,100,100,91,0,59,0,56,40,2674,detection,
2674709,2,30,276,1300,-1024,100,100,100,91,0,59,0,56,40,2674,detection,
2674743,25,30,276,1300,-1024,100,100,100,65,0,62,0,52,40,2674,detection,
2675150,15,12,885,885,0,0,0,0,0,0,59,0,0,0,2675,detection,
2675313,1,16,788,788,0,0,0,0,0,0,37,0,0,0,2675,detection,
2675356,13,16,788,788,0,0,0,0,0,0,58,0,0,0,2675,detection,
2675386,21,16,788,788,0,0,0,0,0,0,60,0,0,0,2675,detection,
2675979,20,6,1044,1044,0,0,0,0,0,0,60,0,0,0,2675,detection,
2678117,26,21,532,532,0,0,0,0,0,0,56,0,0,0,2678,detection,
2678147,16,21,532,532,0,0,0,0,0,0,60,0,0,0,2678,detection,
2678186,10,21,532,532,0,0,0,0,0,0,62,0,0,0,2678,detection,
2679067,18,31,276,1251,-975,100,100,100,53,0,62,0,52,40,2679,detection,
2679098,5,31,276,1251,-975,100,100,100,49,0,72,0,49,40,2679,detection,
2680243,28,29,276,1088,-812,100,100,100,3,0,56,0,56,40,2680,detection,
2680835,2,18,583,583,0,0,0,0,0,0,52,0,0,0,2680,detection,
2681563,22,30,276,532,-256,100,45,70,79,0,59,0,56,40,2681,detection,
2682238,19,15,1044,1044,0,0,0,0,0,0,61,0,0,0,2682,detection,
2682484,20,3,532,532,0,0,0,0,0,0,53,0,0,0,2682,detection,
2682747,19,11,969,969,0,0,0,0,0,0,58,0,0,0,2682,detection,
2682805,1,16,788,788,0,0,0,0,0,0,37,0,0,0,2682,detection,
2682882,21,16,788,788,0,0,0,0,0,0,59,0,0,0,2682,detection,
2683059,1,31,276,1095,-819,100,100,100,45,0,38,0,72,55,2683,detection,
2683094,5,31,276,1095,-819,100,100,100,16,0,70,0,49,40,2683,detection,
2683899,3,10,788,788,0,0,0,0,0,0,66,0,0,0,2683,detection,
2683937,22,10,788,788,0,0,0,0,0,0,62,0,0,0,2683,detection,
2683967,8,10,788,788,0,0,0,0,0,0,58,0,0,0,2683,detection,
2684010,21,10,788,788,0,0,0,0,0,0,60,0,0,0,2684,detection,
2685378,25,22,788,788,0,0,0,0,0,0,61,0,0,0,2685,detection,
2686764,11,12,885,885,0,0,0,0,0,0,62,0,0,0,2686,detection,
2689861,19,15,788,788,0,0,0,0,0,0,63,0,0,0,2689,detection,
2690484,9,30,276,557,-281,100,49,100,54,0,60,0,56,40,2690,detection,
2690562,22,30,276,557,-281,100,50,100,2,0,59,0,56,40,2690,detection,
2690600,27,30,276,557,-281,100,48,73,53,0,63,0,49,40,2690,detection,
2691006,21,10,532,532,0,0,0,0,0,0,62,0,0,0,2691,detection,
2691018,3,10,532,532,0,0,0,0,0,0,64,0,0,0,2691,detection,
2691091,8,10,532,532,0,0,0,0,0,0,59,0,0,0,2691,detection,
2691849,27,4,1066,1066,0,0,0,0,0,0,64,0,0,0,2691,detection,
2691857,9,4,1066,1066,0,0,0,0,0,0,59,0,0,0,2691,detection,
2691858,13,4,1066,1066,0,0,0,0,0,0,52,0,0,0,2691,detection,
2691900,6,4,1066,1066,0,0,0,0,0,0,58,0,0,0,2691,detection,
2691900,16,4,1066,1066,0,0,0,0,0,0,61,0,0,0,2691,detection,
2692111,25,22,532,532,0,0,0,0,0,0,62,0,0,0,2692,detection,
2692137,11,22,532,532,0,0,0,0,0,0,56,0,0,0,2692,detection,
2692222,8,22,532,532,0,0,0,0,0,0,59,0,0,0,2692,detection,
2694370,28,29,276,1031,-755,100,100,100,7,0,52,0,56,40,2694,detection,
2695356,20,6,1069,1069,0,0,0,0,0,0,60,0,0,0,2695,detection,
2697772,6,20,685,685,0,0,0,0,0,0,59,0,0,0,2697,detection,
2697981,1,16,1300,1300,0,0,0,0,0,0,36,0,0,0,2697,detection,
2698025,12,16,1300,1300,0,0,0,0,0,0,62,0,0,0,2698,detection,
2698042,4,16,1300,1300,0,0,0,0,0,0,87,0,0,0,2698,detection,
2698055,10,16,1300,1300,0,0,0,0,0,0,66,0,0,0,2698,detection,
2698106,13,16,1300,1300,0,0,0,0,0,0,62,0,0,0,2698,detection,
2700271,6,4,1093,1093,0,0,0,0,0,0,59,0,0,0,2700,detection,
2700272,16,4,1093,1093,0,0,0,0,0,0,61,0,0,0,2700,detection,
2700276,12,4,1093,1093,0,0,0,0,0,0,60,0,0,0,2700,detection,
2700344,27,4,1093,1093,0,0,0,0,0,0,60,0,0,0,2700,detection,
2700353,13,4,1093,1093,0,0,0,0,0,0,57,0,0,0,2700,detection,
2700356,9,4,1093,1093,0,0,0,0,0,0,60,0,0,0,2700,detection,
2700456,2,18,1120,1120,0,0,0,0,0,0,54,0,0,0,2700,detection,
2700479,9,13,788,788,0,0,0,0,0,0,67,0,0,0,2700,detection,
2700489,19,13,788,788,0,0,0,0,0,0,51,0,0,0,2700,detection,
2700532,15,13,788,788,0,0,0,0,0,0,59,0,0,0,2700,detection,
2700540,4,13,788,788,0,0,0,0,0,0,69,0,0,0,2700,detection,
2700553,10,13,788,788,0,0,0,0,0,0,58,0,0,0,2700,detection,
2700565,1,13,788,788,0,0,0,0,0,0,39,0,0,0,2700,detection,
2700722,8,7,788,788,0,0,0,0,0,0,63,0,0,0,2700,detection,
2703093,8,22,580,580,0,0,0,0,0,0,56,0,0,0,2703,detection,
2703114,25,22,580,580,0,0,0,0,0,0,62,0,0,0,2703,detection,
2703845,5,31,276,861,-585,100,95,100,25,0,70,0,49,40,2703,detection,
2703858,1,31,276,861,-585,100,100,100,36,0,34,0,79,55,2703,detection,
2705553,10,16,788,788,0,0,0,0,0,0,65,0,0,0,2705,detection,
2705582,1,16,788,788,0,0,0,0,0,0,39,0,0,0,2705,detection,
2705604,13,16,788,788,0,0,0,0,0,0,61,0,0,0,2705,detection,
2706809,10,4,788,788,0,0,0,0,0,0,63,0,0,0,2706,detection,
2706843,27,4,788,788,0,0,0,0,0,0,62,0,0,0,2706,detection,
2706852,13,4,788,788,0,0,0,0,0,0,56,0,0,0,2706,detection,
2706855,9,4,788,788,0,0,0,0,0,0,59,0,0,0,2706,detection,
2706894,16,4,788,788,0,0,0,0,0,0,60,0,0,0,2706,detection,
2706902,6,4,788,788,0,0,0,0,0,0,58,0,0,0,2706,detection,
2706902,12,4,788,788,0,0,0,0,0,0,59,0,0,0,2706,detection,
2707498,1,10,532,532,0,0,0,0,0,0,44,0,0,0,2707,detection,
2708261,11,30,276,545,-269,100,40,100,50,0,79,0,49,40,2708,detection,
2708308,10,30,276,545,-269,100,48,73,78,0,58,0,56,40,2708,detection,
2708347,27,30,276,545,-269,100,46,100,1,0,63,0,49,40,2708,detection,
2708359,9,30,276,545,-269,100,49,100,1,0,56,0,56,40,2708,detection,
2712087,1,31,276,1274,-998,100,100,100,61,0,37,0,74,55,2712,detection,
2712185,10,31,276,1274,-998,100,100,100,66,0,63,0,49,40,2712,detection,
2712270,6,4,532,532,0,0,0,0,0,0,59,0,0,0,2712,detection,
2712271,16,4,532,532,0,0,0,0,0,0,61,0,0,0,2712,detection,
2712275,12,4,532,532,0,0,0,0,0,0,60,0,0,0,2712,detection,
2712305,10,4,532,532,0,0,0,0,0,0,64,0,0,0,2712,detection,
2712317,14,4,532,532,0,0,0,0,0,0,59,0,0,0,2712,detection,
2712339,2,4,532,532,0,0,0,0,0,0,59,0,0,0,2712,detection,
2712343,27,4,532,532,0,0,0,0,0,0,63,0,0,0,2712,detection,
2712352,13,4,532,532,0,0,0,0,0,0,57,0,0,0,2712,detection,
2712355,9,4,532,532,0,0,0,0,0,0,60,0,0,0,2712,detection,
2712602,1,13,788,788,0,0,0,0,0,0,38,0,0,0,2712,detection,
2712604,20,13,788,788,0,0,0,0,0,0,68,0,0,0,2712,detection,
2712608,9,13,788,788,0,0,0,0,0,0,65,0,0,0,2712,detection,
2712610,19,13,788,788,0,0,0,0,0,0,50,0,0,0,2712,detection,
2712622,28,13,788,788,0,0,0,0,0,0,58,0,0,0,2712,detection,
2712647,16,13,788,788,0,0,0,0,0,0,58,0,0,0,2712,detection,
2712648,15,13,788,788,0,0,0,0,0,0,58,0,0,0,2712,detection,
2712665,4,13,788,788,0,0,0,0,0,0,67,0,0,0,2712,detection,
2712678,10,13,788,788,0,0,0,0,0,0,57,0,0,0,2712,detection,
2712894,16,4,532,532,0,0,0,0,0,0,61,0,0,0,2712,detection,
2712899,12,4,532,532,0,0,0,0,0,0,60,0,0,0,2712,detection,
2712899,6,4,532,532,0,0,0,0,0,0,59,0,0,0,2712,detection,
2712967,10,4,532,532,0,0,0,0,0,0,65,0,0,0,2712,detection,
2712981,13,4,532,532,0,0,0,0,0,0,58,0,0,0,2712,detection,
2713015,9,4,532,532,0,0,0,0,0,0,57,0,0,0,2713,detection,
2713230,13,16,788,788,0,0,0,0,0,0,60,0,0,0,2713,detection,
2713265,11,16,788,788,0,0,0,0,0,0,60,0,0,0,2713,detection,
2713303,10,16,788,788,0,0,0,0,0,0,64,0,0,0,2713,detection,
2714359,20,9,718,718,0,0,0,0,0,0,61,0,0,0,2714,detection,
2714684,22,8,989,989,0,0,0,0,0,0,60,0,0,0,2714,detection,
2715093,8,7,861,861,0,0,0,0,0,0,63,0,0,0,2715,detection,
2717003,1,31,276,1274,-998,100,100,100,0,0,36,0,76,55,2717,detection,
2717034,15,31,276,1274,-998,100,100,100,32,0,64,0,49,40,2717,detection,
2717055,10,31,276,1274,-998,100,100,100,0,0,62,0,52,40,2717,detection,
2717243,1,12,885,885,0,0,0,0,0,0,46,0,0,0,2717,detection,
2717291,4,12,885,885,0,0,0,0,0,0,61,0,0,0,2717,detection,
2717346,5,12,885,885,0,0,0,0,0,0,60,0,0,0,2717,detection,
2720234,9,30,276,1397,-1121,100,100,100,100,0,60,0,56,40,2720,detection,
2720263,11,30,276,1397,-1121,100,100,100,88,0,76,0,49,40,2720,detection,
2720264,21,30,276,1397,-1121,100,100,100,62,0,88,0,49,40,2720,detection,
2720273,16,30,276,1397,-1121,100,100,100,23,0,62,0,52,40,2720,detection,
2720280,15,30,276,1397,-1121,100,100,100,43,0,71,0,49,40,2720,detection,
2720293,4,30,276,1397,-1121,100,100,100,9,0,59,0,56,40,2720,detection,
2720307,10,30,276,1397,-1121,100,100,100,100,0,58,0,56,40,2720,detection,
2721658,17,25,788,788,0,0,0,0,0,0,56,0,0,0,2721,detection,
2723886,1,31,276,557,-281,100,63,100,100,0,37,0,74,55,2723,detection,
2723904,15,31,276,557,-281,100,49,100,84,0,60,0,56,40,2723,detection,
2723992,26,21,788,788,0,0,0,0,0,0,60,0,0,0,2723,detection,
2725746,28,6,788,788,0,0,0,0,0,0,61,0,0,0,2725,detection,
2725951,14,18,1325,1325,0,0,0,0,0,0,53,0,0,0,2725,detection,
2725963,2,18,1325,1325,0,0,0,0,0,0,57,0,0,0,2725,detection,
2726028,12,18,1325,1325,0,0,0,0,0,0,59,0,0,0,2726,detection,
2726035,16,18,1325,1325,0,0,0,0,0,0,59,0,0,0,2726,detection,
2726556,1,16,788,788,0,0,0,0,0,0,38,0,0,0,2726,detection,
2726574,14,16,788,788,0,0,0,0,0,0,54,0,0,0,2726,detection,
2726587,2,16,788,788,0,0,0,0,0,0,44,0,0,0,2726,detection,
2726599,27,16,788,788,0,0,0,0,0,0,60,0,0,0,2726,detection,
2726647,12,16,788,788,0,0,0,0,0,0,64,0,0,0,2726,detection,
2726651,17,16,788,788,0,0,0,0,0,0,58,0,0,0,2726,detection,
2726668,4,16,788,788,0,0,0,0,0,0,81,0,0,0,2726,detection,
2726680,10,16,788,788,0,0,0,0,0,0,62,0,0,0,2726,detection,
2726683,18,16,788,788,0,0,0,0,0,0,74,0,0,0,2726,detection,
2727619,28,24,830,830,0,0,0,0,0,0,64,0,0,0,2727,detection,
2729413,1,31,276,580,-304,100,68,100,3,0,37,0,74,55,2729,detection,
2729433,10,31,276,580,-304,100,53,100,81,0,61,0,55,40,2729,detection,
2729468,5,31,276,580,-304,100,49,100,30,0,70,0,49,40,2729,detection,
2730649,6,4,532,532,0,0,0,0,0,0,59,0,0,0,2730,detection,
2730650,16,4,532,532,0,0,0,0,0,0,58,0,0,0,2730,detection,
2730654,12,4,532,532,0,0,0,0,0,0,56,0,0,0,2730,detection,
2730659,17,4,532,532,0,0,0,0,0,0,59,0,0,0,2730,detection,
2730684,10,4,532,532,0,0,0,0,0,0,65,0,0,0,2730,detection,
2730684,18,4,532,532,0,0,0,0,0,0,59,0,0,0,2730,detection,
2730689,22,4,532,532,0,0,0,0,0,0,58,0,0,0,2730,detection,
2730696,14,4,532,532,0,0,0,0,0,0,60,0,0,0,2730,detection,
2730748,7,4,532,532,0,0,0,0,0,0,59,0,0,0,2730,detection,
2732597,1,21,1300,1300,0,0,0,0,0,0,44,0,0,0,2732,detection,
2732683,10,21,1300,1300,0,0,0,0,0,0,60,0,0,0,2732,detection,
2734531,17,25,1092,1092,0,0,0,0,0,0,59,0,0,0,2734,detection,
2734773,1,12,1044,1044,0,0,0,0,0,0,39,0,0,0,2734,detection,
2734790,4,12,1044,1044,0,0,0,0,0,0,56,0,0,0,2734,detection,
2734899,3,8,989,989,0,0,0,0,0,0,56,0,0,0,2734,detection,
2736187,10,14,1044,1044,0,0,0,0,0,0,60,0,0,0,2736,detection,
2736489,25,22,801,801,0,0,0,0,0,0,57,0,0,0,2736,detection,
2739708,2,10,532,532,0,0,0,0,0,0,61,0,0,0,2739,detection,
2739733,1,10,532,532,0,0,0,0,0,0,44,0,0,0,2739,detection,
2739872,26,9,788,788,0,0,0,0,0,0,62,0,0,0,2739,detection,
2739883,1,12,1044,1044,0,0,0,0,0,0,38,0,0,0,2739,detection,
2740540,4,13,764,764,0,0,0,0,0,0,66,0,0,0,2740,detection,
2740617,28,13,764,764,0,0,0,0,0,0,57,0,0,0,2740,detection,
2740633,24,13,764,764,0,0,0,0,0,0,50,0,0,0,2740,detection,
2741260,21,30,276,788,-512,100,73,100,58,0,86,0,49,40,2741,detection,
2741265,11,30,276,788,-512,100,78,100,62,0,77,0,49,40,2741,detection,
2741278,15,30,276,788,-512,100,81,100,64,0,73,0,49,40,2741,detection,
2741596,27,18,1069,1069,0,0,0,0,0,0,62,0,0,0,2741,detection,
2741643,21,18,1069,1069,0,0,0,0,0,0,64,0,0,0,2741,detection,
2741657,15,18,1069,1069,0,0,0,0,0,0,60,0,0,0,2741,detection,
2741695,14,18,1069,1069,0,0,0,0,0,0,55,0,0,0,2741,detection,
2742005,1,21,1162,1162,0,0,0,0,0,0,43,0,0,0,2742,detection,
2742059,18,21,1162,1162,0,0,0,0,0,0,63,0,0,0,2742,detection,
2743150,12,14,1044,1044,0,0,0,0,0,0,64,0,0,0,2743,detection,
2743180,10,14,1044,1044,0,0,0,0,0,0,60,0,0,0,2743,detection,
2743222,5,14,1044,1044,0,0,0,0,0,0,61,0,0,0,2743,detection,
2743239,19,14,1044,1044,0,0,0,0,0,0,60,0,0,0,2743,detection,
2747245,28,29,276,1276,-1000,100,100,100,30,0,56,0,56,40,2747,detection,
2747261,24,29,276,1276,-1000,100,100,100,40,0,54,0,56,40,2747,detection,
2748985,1,31,276,1008,-732,100,100,100,63,0,38,0,72,55,2748,detection,
2748990,19,31,276,1008,-732,100,100,100,25,0,63,0,49,40,2748,detection,
2749012,21,31,276,1008,-732,100,100,100,26,0,58,0,56,40,2749,detection,
2749025,11,31,276,1008,-732,100,100,100,54,0,68,0,49,40,2749,detection,
2749147,16,18,1094,1094,0,0,0,0,0,0,60,0,0,0,2749,detection,
2749152,12,18,1094,1094,0,0,0,0,0,0,60,0,0,0,2749,detection,
2749152,15,18,1094,1094,0,0,0,0,0,0,62,0,0,0,2749,detection,
2749168,4,18,1094,1094,0,0,0,0,0,0,54,0,0,0,2749,detection,
2749847,5,11,532,532,0,0,0,0,0,0,60,0,0,0,2749,detection,
2749859,19,11,532,532,0,0,0,0,0,0,60,0,0,0,2749,detection,
2749880,24,11,532,532,0,0,0,0,0,0,62,0,0,0,2749,detection,
2749906,15,11,532,532,0,0,0,0,0,0,60,0,0,0,2749,detection,
2750233,20,2,788,788,0,100,0,100,0,15,65,0,49,40,2750,detection,
2751429,10,14,788,788,0,0,0,0,0,0,60,0,0,0,2751,detection,
2751484,19,14,788,788,0,0,0,0,0,0,62,0,0,0,2751,detection,
2752184,10,21,788,788,0,0,0,0,0,0,63,0,0,0,2752,detection,
2752248,1,21,788,788,0,0,0,0,0,0,45,0,0,0,2752,detection,
2752271,16,21,788,788,0,0,0,0,0,0,59,0,0,0,2752,detection,
2755239,19,15,788,788,0,0,0,0,0,0,62,0,0,0,2755,detection,
2755691,1,12,1044,1044,0,0,0,0,0,0,37,0,0,0,2755,detection,
2757111,19,11,1044,1044,0,0,0,0,0,0,61,0,0,0,2757,detection,
2757222,5,11,1044,1044,0,0,0,0,0,0,62,0,0,0,2757,detection,
2759021,16,21,788,788,0,0,0,0,0,0,59,0,0,0,2759,detection,
2759022,1,21,788,788,0,0,0,0,0,0,43,0,0,0,2759,detection,
2759056,18,21,788,788,0,0,0,0,0,0,62,0,0,0,2759,detection,
2759059,10,21,788,788,0,0,0,0,0,0,62,0,0,0,2759,detection,
2759265,11,19,593,593,0,0,0,0,0,0,62,0,0,0,2759,detection,
2759944,10,14,788,788,0,0,0,0,0,0,55,0,0,0,2759,detection,
2759990,19,14,788,788,0,0,0,0,0,0,61,0,0,0,2759,detection,
2760233,19,11,1044,1044,0,0,0,0,0,0,63,0,0,0,2760,detection,
2760523,3,4,1044,1044,0,0,0,0,0,0,66,0,0,0,2760,detection,
2761522,12,16,788,788,0,0,0,0,0,0,63,0,0,0,2761,detection,
2761551,1,16,788,788,0,0,0,0,0,0,37,0,0,0,2761,detection,
2763358,13,18,864,864,0,0,0,0,0,0,63,0,0,0,2763,detection,
2763436,10,18,864,864,0,0,0,0,0,0,60,0,0,0,2763,detection,
2763460,2,18,864,864,0,0,0,0,0,0,58,0,0,0,2763,detection,
2763469,27,18,864,864,0,0,0,0,0,0,64,0,0,0,2763,detection,
2763474,8,18,864,864,0,0,0,0,0,0,64,0,0,0,2763,detection,
2765985,9,30,276,1663,-1387,100,100,100,29,0,66,0,49,40,2765,detection,
2766016,11,30,276,1663,-1387,100,100,100,91,0,74,0,49,40,2766,detection,
2766063,18,30,276,1663,-1387,100,100,100,43,0,60,0,56,40,2766,detection,
2767722,8,4,1095,1095,0,0,0,0,0,0,64,0,0,0,2767,detection,
2767773,6,4,1095,1095,0,0,0,0,0,0,59,0,0,0,2767,detection,
2768240,28,6,1044,1044,0,0,0,0,0,0,60,0,0,0,2768,detection,
2768809,10,14,1112,1112,0,0,0,0,0,0,59,0,0,0,2768,detection,
2769142,11,5,532,532,0,0,0,0,0,0,47,0,0,0,2769,detection,
2769405,15,31,276,1064,-788,100,100,100,58,0,62,0,52,40,2769,detection,
2769419,1,31,276,1064,-788,100,100,100,8,0,38,0,72,55,2769,detection,
2769436,10,31,276,1064,-788,100,100,100,55,0,64,0,49,40,2769,detection,
2770856,9,30,276,1663,-1387,100,100,100,0,0,67,0,49,40,2770,detection,
2771152,6,4,1044,1044,0,0,0,0,0,0,55,0,0,0,2771,detection,
2772184,10,18,788,788,0,0,0,0,0,0,56,0,0,0,2772,detection,
2772201,14,18,788,788,0,0,0,0,0,0,58,0,0,0,2772,detection,
2772532,17,25,788,788,0,0,0,0,0,0,58,0,0,0,2772,detection,
2776686,10,14,874,874,0,0,0,0,0,0,59,0,0,0,2776,detection,
2776733,19,14,874,874,0,0,0,0,0,0,61,0,0,0,2776,detection,
2777011,11,5,557,557,0,0,0,0,0,0,47,0,0,0,2777,detection,
2777615,28,6,1044,1044,0,0,0,0,0,0,59,0,0,0,2777,detection,
2778072,14,18,532,532,0,0,0,0,0,0,59,0,0,0,2778,detection,
2778081,2,18,532,532,0,0,0,0,0,0,64,0,0,0,2778,detection,
2778114,13,18,532,532,0,0,0,0,0,0,65,0,0,0,2778,detection,
2778183,10,18,532,532,0,0,0,0,0,0,57,0,0,0,2778,detection,
2778197,1,26,788,788,0,0,0,0,0,0,41,0,0,0,2778,detection,
2779725,8,22,1474,1474,0,0,0,0,0,0,64,0,0,0,2779,detection,
2780945,23,4,1160,1160,0,0,0,0,0,0,64,0,0,0,2780,detection,
2781120,28,6,1300,1300,0,0,0,0,0,0,59,0,0,0,2781,detection,
2781329,1,12,788,788,0,0,0,0,0,0,39,0,0,0,2781,detection,
2781406,15,12,788,788,0,0,0,0,0,0,59,0,0,0,2781,detection,
2785687,22,4,1148,1148,0,0,0,0,0,0,62,0,0,0,2785,detection,
2785691,23,4,1148,1148,0,0,0,0,0,0,65,0,0,0,2785,detection,
2785742,25,4,1148,1148,0,0,0,0,0,0,64,0,0,0,2785,detection,
2787763,11,5,600,600,0,0,0,0,0,0,47,0,0,0,2787,detection,
2789028,12,18,557,557,0,0,0,0,0,0,61,0,0,0,2789,detection,
2789055,10,18,557,557,0,0,0,0,0,0,59,0,0,0,2789,detection,
2789406,17,10,532,532,0,0,0,0,0,0,67,0,0,0,2789,detection,
2789458,2,10,532,532,0,0,0,0,0,0,63,0,0,0,2789,detection,
2792013,1,21,1105,1105,0,0,0,0,0,0,42,0,0,0,2792,detection,
2792431,18,10,532,532,0,0,0,0,0,0,62,0,0,0,2792,detection,
2792787,1,12,1069,1069,0,0,0,0,0,0,39,0,0,0,2792,detection,
2793723,27,25,1300,1300,0,0,0,0,0,0,65,0,0,0,2793,detection,
2796123,26,17,1044,1044,0,0,0,0,0,0,59,0,0,0,2796,detection,
2797944,1,26,905,905,0,0,0,0,0,0,41,0,0,0,2797,detection,
2799240,1,31,276,1300,-1024,100,100,100,35,0,37,0,74,55,2799,detection,
2799283,15,31,276,1300,-1024,100,100,100,26,0,64,0,49,40,2799,detection,
2799309,22,31,276,1300,-1024,100,100,100,68,0,64,0,49,40,2799,detection,
2799365,19,31,276,1300,-1024,100,100,100,33,0,62,0,52,40,2799,detection,
2801483,20,9,1591,1591,0,0,0,0,0,0,71,0,0,0,2801,detection,
2802387,1,12,788,788,0,0,0,0,0,0,38,0,0,0,2802,detection,
2802485,9,4,1044,1044,0,0,0,0,0,0,61,0,0,0,2802,detection,
2802490,25,4,1044,1044,0,0,0,0,0,0,64,0,0,0,2802,detection,
2802498,7,4,1044,1044,0,0,0,0,0,0,59,0,0,0,2802,detection,
2802523,16,4,1044,1044,0,0,0,0,0,0,62,0,0,0,2802,detection,
2802562,22,4,1044,1044,0,0,0,0,0,0,63,0,0,0,2802,detection,
2802566,23,4,1044,1044,0,0,0,0,0,0,62,0,0,0,2802,detection,
2802600,27,4,1044,1044,0,0,0,0,0,0,64,0,0,0,2802,detection,
2802759,24,6,788,788,0,0,0,0,0,0,52,0,0,0,2802,detection,
2806970,8,22,1530,1530,0,0,0,0,0,0,66,0,0,0,2806,detection,
2807221,8,7,532,532,0,0,0,0,0,0,67,0,0,0,2807,detection,
2807929,18,30,276,1044,-768,100,100,100,76,0,56,0,56,40,2807,detection,
2809129,24,6,788,788,0,0,0,0,0,0,52,0,0,0,2809,detection,
2809901,6,28,532,532,0,0,0,0,0,0,65,0,0,0,2809,detection,
2810047,1,12,788,788,0,0,0,0,0,0,38,0,0,0,2810,detection,
2810096,27,25,1812,1812,0,0,0,0,0,0,64,0,0,0,2810,detection,
2810321,23,15,718,718,0,0,0,0,0,0,59,0,0,0,2810,detection,
2810494,28,24,1020,1020,0,0,0,0,0,0,66,0,0,0,2810,detection,
2812759,24,3,1300,1300,0,0,0,0,0,0,68,0,0,0,2812,detection,
2813013,1,21,1044,1044,0,0,0,0,0,0,41,0,0,0,2813,detection,
2813124,26,21,1044,1044,0,0,0,0,0,0,59,0,0,0,2813,detection,
2813618,1,31,276,1044,-768,100,100,100,40,0,32,0,81,55,2813,detection,
2813660,21,31,276,1044,-768,100,100,100,4,0,57,0,56,40,2813,detection,
2813686,22,31,276,1044,-768,100,100,100,29,0,62,0,52,40,2813,detection,
2813747,19,31,276,1044,-768,100,100,100,30,0,61,0,54,40,2813,detection,
2816058,10,30,276,788,-512,100,91,100,72,0,59,0,56,40,2816,detection,
2816084,2,30,276,788,-512,100,94,100,62,0,56,0,56,40,2816,detection,
2818097,27,4,1025,1025,0,0,0,0,0,0,63,0,0,0,2818,detection,
2818105,9,4,1025,1025,0,0,0,0,0,0,61,0,0,0,2818,detection,
2818114,25,4,1025,1025,0,0,0,0,0,0,64,0,0,0,2818,detection,
2818511,11,5,788,788,0,0,0,0,0,0,47,0,0,0,2818,detection,
2818528,6,5,788,788,0,0,0,0,0,0,61,0,0,0,2818,detection,
2819593,8,7,583,583,0,0,0,0,0,0,66,0,0,0,2819,detection,
2819648,12,19,788,788,0,0,0,0,0,0,65,0,0,0,2819,detection,
2819651,6,19,788,788,0,0,0,0,0,0,60,0,0,0,2819,detection,
2819745,28,19,788,788,0,0,0,0,0,0,55,0,0,0,2819,detection,
2820691,1,21,788,788,0,0,0,0,0,0,42,0,0,0,2820,detection,
2820742,26,21,788,788,0,0,0,0,0,0,60,0,0,0,2820,detection,
2820848,8,16,971,971,0,0,0,0,0,0,62,0,0,0,2820,detection,
2820927,4,16,971,971,0,0,0,0,0,0,76,0,0,0,2820,detection,
2823290,1,31,276,1044,-768,100,100,100,0,0,35,0,77,55,2823,detection,
2823362,19,31,276,1044,-768,100,100,100,0,0,60,0,56,40,2823,detection,
2823384,21,31,276,1044,-768,100,100,100,0,0,57,0,56,40,2823,detection,
2823897,6,28,1300,1300,0,0,0,0,0,0,59,0,0,0,2823,detection,
2824195,1,12,788,788,0,0,0,0,0,0,37,0,0,0,2824,detection,
2824482,20,6,788,788,0,0,0,0,0,0,56,0,0,0,2824,detection,
2824596,27,25,1483,1483,0,0,0,0,0,0,59,0,0,0,2824,detection,
2824787,1,13,788,788,0,0,0,0,0,0,37,0,0,0,2824,detection,
2824810,22,13,788,788,0,0,0,0,0,0,58,0,0,0,2824,detection,
2824818,23,13,788,788,0,0,0,0,0,0,64,0,0,0,2824,detection,
2824847,8,13,788,788,0,0,0,0,0,0,59,0,0,0,2824,detection,
2824869,28,13,788,788,0,0,0,0,0,0,57,0,0,0,2824,detection,
2824899,3,13,788,788,0,0,0,0,0,0,61,0,0,0,2824,detection,
2826364,19,23,1030,1030,0,0,0,0,0,0,60,0,0,0,2826,detection,
2827762,11,5,788,788,0,0,0,0,0,0,47,0,0,0,2827,detection,
2828322,23,19,557,557,0,0,0,0,0,0,56,0,0,0,2828,detection,
2828399,6,19,557,557,0,0,0,0,0,0,60,0,0,0,2828,detection,
2828408,15,19,557,557,0,0,0,0,0,0,61,0,0,0,2828,detection,
2829360,13,22,890,890,0,0,0,0,0,0,61,0,0,0,2829,detection,
2829365,19,22,890,890,0,0,0,0,0,0,59,0,0,0,2829,detection,
2831218,27,25,1718,1718,0,0,0,0,0,0,62,0,0,0,2831,detection,
2832400,24,29,276,1069,-793,100,100,100,25,0,57,0,56,40,2832,detection,
2833262,11,30,276,788,-512,100,80,100,91,0,75,0,49,40,2833,detection,
2833278,17,30,276,788,-512,100,80,100,26,0,74,0,49,40,2833,detection,
2833308,18,30,276,788,-512,100,93,100,31,0,57,0,56,40,2833,detection,
2833400,6,23,1069,1069,0,0,0,0,0,0,61,0,0,0,2833,detection,
2833897,6,19,788,788,0,0,0,0,0,0,56,0,0,0,2833,detection,
2833901,15,19,788,788,0,0,0,0,0,0,56,0,0,0,2833,detection,
2833939,23,19,788,788,0,0,0,0,0,0,59,0,0,0,2833,detection,
2834309,1,21,788,788,0,0,0,0,0,0,43,0,0,0,2834,detection,
2834394,16,21,788,788,0,0,0,0,0,0,56,0,0,0,2834,detection,
2834859,1,13,762,762,0,0,0,0,0,0,32,0,0,0,2834,detection,
2834884,24,13,762,762,0,0,0,0,0,0,53,0,0,0,2834,detection,
2834958,2,13,762,762,0,0,0,0,0,0,56,0,0,0,2834,detection,
2834987,19,13,762,762,0,0,0,0,0,0,53,0,0,0,2834,detection,
2835187,22,4,1402,1402,0,0,0,0,0,0,62,0,0,0,2835,detection,
2835238,25,4,1402,1402,0,0,0,0,0,0,63,0,0,0,2835,detection,
2835314,22,16,788,788,0,0,0,0,0,0,61,0,0,0,2835,detection,
2835319,23,16,788,788,0,0,0,0,0,0,54,0,0,0,2835,detection,
2837970,27,25,2095,2095,0,0,0,0,0,0,60,0,0,0,2837,detection,
2838250,1,31,276,1274,-998,100,100,100,35,0,34,0,79,55,2838,detection,
2838262,21,31,276,1274,-998,100,100,100,28,0,56,0,56,40,2838,detection,
2838326,14,31,276,1274,-998,100,100,100,56,0,62,0,52,40,2838,detection,
2841595,27,25,1300,1300,0,0,0,0,0,0,60,0,0,0,2841,detection,
2841696,23,14,788,788,0,0,0,0,0,0,61,0,0,0,2841,detection,
2842074,14,23,1300,1300,0,0,0,0,0,0,63,0,0,0,2842,detection,
2844864,25,4,1556,1556,0,0,0,0,0,0,62,0,0,0,2844,detection,
2845439,22,16,859,859,0,0,0,0,0,0,62,0,0,0,2845,detection,
2845440,23,16,859,859,0,0,0,0,0,0,59,0,0,0,2845,detection,
2845482,13,16,859,859,0,0,0,0,0,0,62,0,0,0,2845,detection,
2846136,11,5,992,992,0,0,0,0,0,0,48,0,0,0,2846,detection,
2846594,27,25,1300,1300,0,0,0,0,0,0,60,0,0,0,2846,detection,
2847526,6,24,1274,1274,0,0,0,0,0,0,59,0,0,0,2847,detection,
2848742,28,19,1199,1199,0,0,0,0,0,0,65,0,0,0,2848,detection,
2848772,12,19,1199,1199,0,0,0,0,0,0,67,0,0,0,2848,detection,
2848775,6,19,1199,1199,0,0,0,0,0,0,64,0,0,0,2848,detection,
2849872,28,29,276,1812,-1536,100,100,100,65,0,56,0,56,40,2849,detection,
2850230,27,4,1576,1576,0,0,0,0,0,0,62,0,0,0,2850,detection,
2851743,1,31,276,1737,-1461,100,100,100,71,0,34,0,79,55,2851,detection,
2851761,21,31,276,1737,-1461,100,100,100,56,0,56,0,56,40,2851,detection,
2853002,7,13,1300,1300,0,0,0,0,0,0,73,0,0,0,2853,detection,
2853007,24,13,1300,1300,0,0,0,0,0,0,57,0,0,0,2853,detection,
2853023,16,13,1300,1300,0,0,0,0,0,0,54,0,0,0,2853,detection,
2853450,14,16,859,859,0,0,0,0,0,0,59,0,0,0,2853,detection,
2853475,13,16,859,859,0,0,0,0,0,0,63,0,0,0,2853,detection,
2853653,6,28,788,788,0,0,0,0,0,0,62,0,0,0,2853,detection,
2855996,1,21,788,788,0,0,0,0,0,0,39,0,0,0,2855,detection,
2856499,7,13,1300,1300,0,0,0,0,0,0,70,0,0,0,2856,detection,
2856521,16,13,1300,1300,0,0,0,0,0,0,53,0,0,0,2856,detection,
2856531,15,13,1300,1300,0,0,0,0,0,0,58,0,0,0,2856,detection,
2857119,28,29,276,1812,-1536,100,100,100,0,0,55,0,56,40,2857,detection,
2857237,25,4,1576,1576,0,0,0,0,0,0,60,0,0,0,2857,detection,
2857313,22,4,1576,1576,0,0,0,0,0,0,57,0,0,0,2857,detection,
2857629,28,6,788,788,0,0,0,0,0,0,58,0,0,0,2857,detection,
2857987,19,23,1300,1300,0,0,0,0,0,0,55,0,0,0,2857,detection,
2858008,24,23,1300,1300,0,0,0,0,0,0,59,0,0,0,2858,detection,
2858575,23,19,1183,1183,0,0,0,0,0,0,61,0,0,0,2858,detection,
2859088,2,22,1371,1371,0,0,0,0,0,0,62,0,0,0,2859,detection,
2859109,9,22,1371,1371,0,0,0,0,0,0,63,0,0,0,2859,detection,
2859733,20,9,974,974,0,0,0,0,0,0,73,0,0,0,2859,detection,
2860738,19,14,532,532,0,0,0,0,0,0,61,0,0,0,2860,detection,
2864232,20,2,276,276,0,100,0,95,0,14,73,0,49,40,2864,detection,
2864233,13,2,276,276,0,100,0,100,0,0,68,0,49,40,2864,detection,
2864241,25,2,276,276,0,100,0,70,0,0,68,0,49,40,2864,detection,
2864515,11,22,1635,1635,0,0,0,0,0,0,67,0,0,0,2864,detection,
2864584,2,22,1635,1635,0,0,0,0,0,0,69,0,0,0,2864,detection,
2864596,5,22,1635,1635,0,0,0,0,0,0,74,0,0,0,2864,detection,
2864605,9,22,1635,1635,0,0,0,0,0,0,71,0,0,0,2864,detection,
2865572,1,26,1123,1123,0,0,0,0,0,0,40,0,0,0,2865,detection,
2865650,16,26,1123,1123,0,0,0,0,0,0,64,0,0,0,2865,detection,
2865753,1,12,788,788,0,0,0,0,0,0,32,0,0,0,2865,detection,
2865767,11,12,788,788,0,0,0,0,0,0,61,0,0,0,2865,detection,
2865780,15,12,788,788,0,0,0,0,0,0,58,0,0,0,2865,detection,
2867252,7,13,788,788,0,0,0,0,0,0,68,0,0,0,2867,detection,
2867258,24,13,788,788,0,0,0,0,0,0,57,0,0,0,2867,detection,
2867271,16,13,788,788,0,0,0,0,0,0,57,0,0,0,2867,detection,
2867279,15,13,788,788,0,0,0,0,0,0,53,0,0,0,2867,detection,
2868905,12,25,788,788,0,0,0,0,0,0,44,0,0,0,2868,detection,
2868969,27,25,788,788,0,0,0,0,0,0,59,0,0,0,2868,detection,
2869024,6,23,788,788,0,0,0,0,0,0,60,0,0,0,2869,detection,
2869114,19,23,788,788,0,0,0,0,0,0,59,0,0,0,2869,detection,
2871073,14,16,859,859,0,0,0,0,0,0,59,0,0,0,2871,detection,
2871087,2,16,859,859,0,0,0,0,0,0,48,0,0,0,2871,detection,
2871113,13,16,859,859,0,0,0,0,0,0,60,0,0,0,2871,detection,
2872559,22,4,1792,1792,0,0,0,0,0,0,65,0,0,0,2872,detection,
2872560,10,4,1792,1792,0,0,0,0,0,0,70,0,0,0,2872,detection,
2872653,12,4,1792,1792,0,0,0,0,0,0,71,0,0,0,2872,detection,
2872844,5,22,1755,1755,0,0,0,0,0,0,77,0,0,0,2872,detection,
2874649,16,13,1300,1300,0,0,0,0,0,0,60,0,0,0,2874,detection,
2874693,23,28,1300,1300,0,0,0,100,0,16,50,0,60,40,2874,detection,
2874773,6,28,1300,1300,0,0,0,0,0,0,61,0,0,0,2874,detection,
2875941,1,31,276,788,-512,100,100,100,100,0,33,0,79,55,2875,detection,
2875989,19,31,276,788,-512,100,91,100,30,0,59,0,56,40,2875,detection,
2876014,21,31,276,788,-512,100,94,100,100,0,56,0,56,40,2876,detection,
2878712,2,22,1448,1448,0,0,0,0,0,0,68,0,0,0,2878,detection,
2878716,5,22,1448,1448,0,0,0,0,0,0,76,0,0,0,2878,detection,
2879180,1,21,788,788,0,0,0,0,0,0,41,0,0,0,2879,detection,
2881771,6,28,1556,1556,0,0,0,0,0,0,61,0,0,0,2881,detection,
2883132,24,23,1044,1044,0,0,0,0,0,0,62,0,0,0,2883,detection,
2885514,11,22,1192,1192,0,0,0,0,0,0,69,0,0,0,2885,detection,
2885596,5,22,1192,1192,0,0,0,0,0,0,78,0,0,0,2885,detection,
2886722,5,15,1044,1044,0,0,0,0,0,0,62,0,0,0,2886,detection,
2886898,3,4,1792,1792,0,0,0,0,0,0,73,0,0,0,2886,detection,
2886898,12,4,1792,1792,0,0,0,0,0,0,72,0,0,0,2886,detection,
2886898,16,4,1792,1792,0,0,0,0,0,0,71,0,0,0,2886,detection,
2887435,10,31,276,532,-256,100,43,100,60,0,64,0,49,40,2887,detection,
2887436,22,31,276,532,-256,100,44,70,59,0,63,0,49,40,2887,detection,
2887444,1,31,276,532,-256,100,58,100,39,0,35,0,77,55,2887,detection,
2887448,14,31,276,532,-256,100,45,100,88,0,59,0,56,40,2887,detection,
2890123,26,9,788,788,0,0,0,0,0,0,61,0,0,0,2890,detection,
2890314,22,10,788,788,0,0,0,0,0,0,61,0,0,0,2890,detection,
2890343,1,10,788,788,0,0,0,0,0,0,43,0,0,0,2890,detection,
2890345,8,10,788,788,0,0,0,0,0,0,59,0,0,0,2890,detection,
2890400,16,10,788,788,0,0,0,0,0,0,59,0,0,0,2890,detection,
2890400,3,10,788,788,0,0,0,0,0,0,65,0,0,0,2890,detection,
2890408,17,10,788,788,0,0,0,0,0,0,65,0,0,0,2890,detection,
2890860,9,4,788,788,0,0,0,0,0,0,60,0,0,0,2890,detection,
2890900,12,4,788,788,0,0,0,0,0,0,70,0,0,0,2890,detection,
2890935,18,21,1300,1300,0,0,0,0,0,0,60,0,0,0,2890,detection,
2890965,1,21,1300,1300,0,0,0,0,0,0,39,0,0,0,2890,detection,
2892316,1,25,1321,1321,0,0,0,0,0,0,39,0,0,0,2892,detection,
2892350,27,25,1321,1321,0,0,0,0,0,0,60,0,0,0,2892,detection,
2892781,15,5,1274,1274,0,0,0,0,0,0,63,0,0,0,2892,detection,
2895470,5,15,1123,1123,0,100,0,0,0,0,70,0,49,40,2895,detection,
2895645,3,4,788,788,0,0,0,0,0,0,70,0,0,0,2895,detection,
2896085,1,21,1300,1300,0,0,0,0,0,0,38,0,0,0,2896,detection,
2896179,18,21,1300,1300,0,0,0,0,0,0,59,0,0,0,2896,detection,
2896184,10,21,1300,1300,0,0,0,0,0,0,61,0,0,0,2896,detection,
2896270,1,10,532,532,0,0,0,0,0,0,44,0,0,0,2896,detection,
2896279,17,10,532,532,0,0,0,0,0,0,66,0,0,0,2896,detection,
2896282,15,11,762,762,0,0,0,0,0,0,59,0,0,0,2896,detection,
2896308,18,10,532,532,0,0,0,0,0,0,64,0,0,0,2896,detection,
2896342,8,10,532,532,0,0,0,0,0,0,56,0,0,0,2896,detection,
2896347,5,11,762,762,0,0,0,0,0,0,61,0,0,0,2896,detection,
2896376,25,10,532,532,0,0,0,0,0,0,49,0,0,0,2896,detection,
2896386,21,10,532,532,0,0,0,0,0,0,63,0,0,0,2896,detection,
2896731,13,22,1192,1192,0,0,0,0,0,0,62,0,0,0,2896,detection,
2896735,9,22,1192,1192,0,0,0,0,0,0,69,0,0,0,2896,detection,
2896762,11,22,1192,1192,0,0,0,0,0,0,71,0,0,0,2896,detection,
2897730,9,4,788,788,0,0,0,0,0,0,59,0,0,0,2897,detection,
2898742,26,27,725,725,0,0,0,0,0,0,56,0,0,0,2898,detection,
2899560,1,21,1044,1044,0,0,0,0,0,0,37,0,0,0,2899,detection,
2899679,18,21,1044,1044,0,0,0,0,0,0,59,0,0,0,2899,detection,
2899680,10,21,1044,1044,0,0,0,0,0,0,60,0,0,0,2899,detection,
2899744,1,13,788,788,0,0,0,0,0,0,32,0,0,0,2899,detection,
2899805,10,13,788,788,0,0,0,0,0,0,57,0,0,0,2899,detection,
2900431,10,30,276,1532,-1256,100,100,100,89,0,58,0,56,40,2900,detection,
2900435,18,30,276,1532,-1256,100,100,100,88,0,60,0,56,40,2900,detection,
2900502,7,30,276,1532,-1256,100,100,100,40,0,58,0,56,40,2900,detection,
2900711,1,16,859,859,0,0,0,0,0,0,38,0,0,0,2900,detection,
2900732,13,16,859,859,0,0,0,0,0,0,61,0,0,0,2900,detection,
2901403,15,5,995,995,0,0,0,0,0,0,64,0,0,0,2901,detection,
2903947,14,23,788,788,0,0,0,0,0,0,62,0,0,0,2903,detection,
2905876,7,30,276,1044,-768,100,100,100,58,0,59,0,56,40,2905,detection,
2906339,1,25,1044,1044,0,0,0,0,0,0,39,0,0,0,2906,detection,
2906344,27,25,1044,1044,0,0,0,0,0,0,60,0,0,0,2906,detection,
2906408,17,25,1044,1044,0,0,0,0,0,0,58,0,0,0,2906,detection,
2908098,1,21,1018,1018,0,0,0,0,0,0,36,0,0,0,2908,detection,
2908145,16,21,1018,1018,0,0,0,0,0,0,59,0,0,0,2908,detection,
2908154,17,21,1018,1018,0,0,0,0,0,0,59,0,0,0,2908,detection,
2908167,4,21,1018,1018,0,0,0,0,0,0,60,0,0,0,2908,detection,
2908179,18,21,1018,1018,0,0,0,0,0,0,59,0,0,0,2908,detection,
2908180,10,21,1018,1018,0,0,0,0,0,0,60,0,0,0,2908,detection,
2908188,22,21,1018,1018,0,0,0,0,0,0,64,0,0,0,2908,detection,
2912133,1,10,651,651,0,0,0,0,0,0,42,0,0,0,2912,detection,
2912134,21,10,651,651,0,0,0,0,0,0,62,0,0,0,2912,detection,
2913095,5,11,788,788,0,0,0,0,0,0,56,0,0,0,2913,detection,
2913112,19,23,1044,1044,0,0,0,0,0,0,58,0,0,0,2913,detection,
2913154,15,11,788,788,0,0,0,0,0,0,59,0,0,0,2913,detection,
2913888,11,5,788,788,0,0,0,0,0,0,51,0,0,0,2913,detection,
2913971,27,4,992,992,0,0,0,0,0,0,62,0,0,0,2913,detection,
2913972,8,4,992,992,0,0,0,0,0,0,59,0,0,0,2913,detection,
2913990,9,4,992,992,0,0,0,0,0,0,60,0,0,0,2913,detection,
2913993,25,4,992,992,0,0,0,0,0,0,60,0,0,0,2913,detection,
2914011,21,4,992,992,0,0,0,0,0,0,61,0,0,0,2914,detection,
2914022,3,4,992,992,0,0,0,0,0,0,64,0,0,0,2914,detection,
2914032,17,4,992,992,0,0,0,0,0,0,60,0,0,0,2914,detection,
2914035,16,4,992,992,0,0,0,0,0,0,68,0,0,0,2914,detection,
2914057,10,4,992,992,0,0,0,0,0,0,68,0,0,0,2914,detection,
2914061,22,4,992,992,0,0,0,0,0,0,64,0,0,0,2914,detection,
2914069,14,4,992,992,0,0,0,0,0,0,59,0,0,0,2914,detection,
2914070,23,4,992,992,0,0,0,0,0,0,64,0,0,0,2914,detection,
2915459,2,30,276,1163,-887,100,100,100,46,0,55,0,56,40,2915,detection,
2915501,7,30,276,1163,-887,100,100,100,14,0,55,0,56,40,2915,detection,
2916240,1,25,788,788,0,0,0,0,0,0,38,0,0,0,2916,detection,
2916284,17,25,788,788,0,0,0,0,0,0,57,0,0,0,2916,detection,
2917014,1,21,788,788,0,0,0,0,0,0,35,0,0,0,2917,detection,
2917056,10,21,788,788,0,0,0,0,0,0,59,0,0,0,2917,detection,
2918024,6,3,1255,1255,0,0,0,0,0,0,65,0,0,0,2918,detection,
2918447,14,31,276,1474,-1198,100,100,100,100,0,69,0,49,40,2918,detection,
2921011,11,5,1018,1018,0,0,0,0,0,0,52,0,0,0,2921,detection,
2921358,19,23,788,788,0,0,0,0,0,0,58,0,0,0,2921,detection,
2922275,1,25,532,532,0,0,0,0,0,0,40,0,0,0,2922,detection,
2922280,17,25,532,532,0,0,0,0,0,0,59,0,0,0,2922,detection,
2923974,27,30,276,926,-650,100,100,100,43,0,63,0,49,40,2923,detection,
2923998,7,30,276,926,-650,100,100,100,29,0,55,0,56,40,2923,detection,
2924055,10,30,276,926,-650,100,100,100,72,0,59,0,56,40,2924,detection,
2924084,2,30,276,926,-650,100,100,100,29,0,56,0,56,40,2924,detection,
2925100,1,21,532,532,0,0,0,0,0,0,37,0,0,0,2925,detection,
2925151,17,21,532,532,0,0,0,0,0,0,56,0,0,0,2925,detection,
2925165,4,21,532,532,0,0,0,0,0,0,60,0,0,0,2925,detection,
2925182,18,21,532,532,0,0,0,0,0,0,56,0,0,0,2925,detection,
2925182,22,21,532,532,0,0,0,0,0,0,65,0,0,0,2925,detection,
2925609,1,13,788,788,0,0,0,0,0,0,31,0,0,0,2925,detection,
2925665,4,13,788,788,0,0,0,0,0,0,64,0,0,0,2925,detection,
2925676,3,13,788,788,0,0,0,0,0,0,56,0,0,0,2925,detection,
2925682,22,13,788,788,0,0,0,0,0,0,54,0,0,0,2925,detection,
2925686,18,13,788,788,0,0,0,0,0,0,54,0,0,0,2925,detection,
2925691,23,13,788,788,0,0,0,0,0,0,64,0,0,0,2925,detection,
2925733,9,13,788,788,0,0,0,0,0,0,64,0,0,0,2925,detection,
2925762,19,13,788,788,0,0,0,0,0,0,52,0,0,0,2925,detection,
2927731,13,22,1044,1044,0,0,0,0,0,0,61,0,0,0,2927,detection,
2927763,21,22,1044,1044,0,0,0,0,0,0,57,0,0,0,2927,detection,
2929395,6,3,1044,1044,0,0,0,0,0,0,64,0,0,0,2929,detection,
2933648,21,31,276,1556,-1280,100,100,100,94,0,56,0,56,40,2933,detection,
2933688,22,31,276,1556,-1280,100,100,100,100,0,62,0,53,40,2933,detection,
2933696,14,31,276,1556,-1280,100,100,100,8,0,70,0,49,40,2933,detection,
2934776,1,10,1300,1300,0,0,0,0,0,0,41,0,0,0,2934,detection,
2934782,17,10,1300,1300,0,0,0,0,0,0,64,0,0,0,2934,detection,
2934945,23,14,532,532,0,0,0,0,0,0,62,0,0,0,2934,detection,
2935863,25,30,276,949,-673,100,100,100,40,0,62,0,52,40,2935,detection,
2935876,7,30,276,949,-673,100,100,100,2,0,55,0,56,40,2935,detection,
2935885,21,30,276,949,-673,100,97,100,15,0,85,0,49,40,2935,detection,
2935902,3,30,276,949,-673,100,100,100,11,0,58,0,56,40,2935,detection,
2935907,17,30,276,949,-673,100,100,100,17,0,73,0,49,40,2935,detection,
2935932,10,30,276,949,-673,100,100,100,2,0,55,0,56,40,2935,detection,
2935932,18,30,276,949,-673,100,100,100,68,0,61,0,54,40,2935,detection,
2936967,5,11,992,992,0,0,0,0,0,0,56,0,0,0,2936,detection,
2937568,23,19,1300,1300,0,0,0,0,0,0,60,0,0,0,2937,detection,
2937675,1,21,532,532,0,0,0,0,0,0,32,0,0,0,2937,detection,
2937683,18,21,532,532,0,0,0,0,0,0,57,0,0,0,2937,detection,
2937687,22,21,532,532,0,0,0,0,0,0,66,0,0,0,2937,detection,
2937769,16,21,532,532,0,0,0,0,0,0,60,0,0,0,2937,detection,
2937802,1,25,583,583,0,0,0,0,0,0,36,0,0,0,2937,detection,
2938575,14,23,634,634,0,0,0,0,0,0,62,0,0,0,2938,detection,
2939479,13,22,788,788,0,0,0,0,0,0,62,0,0,0,2939,detection,
2939479,9,22,788,788,0,0,0,0,0,0,75,0,0,0,2939,detection,
2939488,19,22,788,788,0,0,0,0,0,0,60,0,0,0,2939,detection,
2939509,21,22,788,788,0,0,0,0,0,0,59,0,0,0,2939,detection,
2940343,5,12,1146,1146,0,0,0,0,0,0,59,0,0,0,2940,detection,
2940389,11,12,1146,1146,0,0,0,0,0,0,56,0,0,0,2940,detection,
2943635,21,4,997,997,0,0,0,0,0,0,61,0,0,0,2943,detection,
2943686,22,4,997,997,0,0,0,0,0,0,62,0,0,0,2943,detection,
2943694,14,4,997,997,0,0,0,0,0,0,58,0,0,0,2943,detection,
2943733,13,4,997,997,0,0,0,0,0,0,60,0,0,0,2943,detection,
2944980,9,22,788,788,0,0,0,0,0,0,76,0,0,0,2944,detection,
2944989,19,22,788,788,0,0,0,0,0,0,61,0,0,0,2944,detection,
2945193,1,31,276,1300,-1024,100,100,100,100,0,34,0,79,55,2945,detection,
2945198,14,31,276,1300,-1024,100,100,100,28,0,68,0,49,40,2945,detection,
2948406,17,30,276,788,-512,100,83,100,17,0,70,0,49,40,2948,detection,
2948432,10,30,276,788,-512,100,92,100,19,0,58,0,56,40,2948,detection,
2948441,22,30,276,788,-512,100,91,100,27,0,59,0,56,40,2948,detection,
2948487,9,30,276,788,-512,100,87,100,99,0,65,0,49,40,2948,detection,
2948500,7,30,276,788,-512,100,92,100,19,0,58,0,56,40,2948,detection,
2948509,11,12,1360,1360,0,0,0,0,0,0,59,0,0,0,2948,detection,
2950273,6,3,788,788,0,0,0,0,0,0,66,0,0,0,2950,detection,
2952137,21,16,859,859,0,0,0,0,0,0,61,0,0,0,2952,detection,
2952197,23,16,859,859,0,0,0,0,0,0,60,0,0,0,2952,detection,
2952898,12,19,1300,1300,0,0,0,0,0,0,65,0,0,0,2952,detection,
2952901,6,19,1300,1300,0,0,0,0,0,0,64,0,0,0,2952,detection,
2952939,23,19,1300,1300,0,0,0,0,0,0,60,0,0,0,2952,detection,
2952970,5,19,1300,1300,0,0,0,0,0,0,61,0,0,0,2952,detection,
2953016,11,19,1300,1300,0,0,0,0,0,0,64,0,0,0,2953,detection,
2953357,20,8,1225,1225,0,0,0,0,0,0,60,0,0,0,2953,detection,
2954488,19,23,647,647,0,0,0,0,0,0,57,0,0,0,2954,detection,
2956136,11,12,1293,1293,0,0,0,0,0,0,59,0,0,0,2956,detection,
2956841,5,19,1159,1159,0,0,0,0,0,0,63,0,0,0,2956,detection,
2956897,6,19,1159,1159,0,0,0,0,0,0,62,0,0,0,2956,detection,
2956897,12,19,1159,1159,0,0,0,0,0,0,64,0,0,0,2956,detection,
2957862,1,10,1300,1300,0,0,0,0,0,0,35,0,0,0,2957,detection,
2957863,25,10,1300,1300,0,0,0,0,0,0,48,0,0,0,2957,detection,
2957898,3,10,1300,1300,0,0,0,0,0,0,67,0,0,0,2957,detection,
2957901,12,11,1176,1176,0,0,0,0,0,0,67,0,0,0,2957,detection,
2957906,17,10,1300,1300,0,0,0,0,0,0,63,0,0,0,2957,detection,
2957936,22,10,1300,1300,0,0,0,0,0,0,60,0,0,0,2957,detection,
2957944,23,11,1176,1176,0,0,0,0,0,0,59,0,0,0,2957,detection,
2957958,2,10,1300,1300,0,0,0,0,0,0,62,0,0,0,2957,detection,
2957973,5,11,1176,1176,0,0,0,0,0,0,57,0,0,0,2957,detection,
2957990,19,11,1176,1176,0,0,0,0,0,0,60,0,0,0,2957,detection,
2962353,20,6,722,722,0,0,0,0,0,0,59,0,0,0,2962,detection,
2968010,11,19,1210,1210,0,0,0,0,0,0,63,0,0,0,2968,detection,
2970539,4,13,833,833,0,0,0,0,0,0,63,0,0,0,2970,detection,
2970611,19,13,833,833,0,0,0,0,0,0,52,0,0,0,2970,detection,
2970650,16,13,833,833,0,0,0,0,0,0,59,0,0,0,2970,detection,
2971896,3,10,1322,1322,0,0,0,0,0,0,65,0,0,0,2971,detection,
2972977,20,6,788,788,0,0,0,0,0,0,59,0,0,0,2972,detection,
2973165,4,21,762,762,0,0,0,0,0,0,59,0,0,0,2973,detection,
2974240,25,2,861,861,0,0,0,0,0,0,66,0,0,0,2974,detection,
2974621,26,7,1044,1044,0,0,0,0,0,0,64,0,0,0,2974,detection,
2975789,1,10,1044,1044,0,0,0,0,0,0,40,0,0,0,2975,detection,
2975831,2,10,1044,1044,0,0,0,0,0,0,63,0,0,0,2975,detection,
2975861,25,10,1044,1044,0,0,0,0,0,0,53,0,0,0,2975,detection,
2975908,17,10,1044,1044,0,0,0,0,0,0,60,0,0,0,2975,detection,
2976522,12,19,1372,1372,0,0,0,0,0,0,66,0,0,0,2976,detection,
2977447,14,31,276,992,-716,100,100,100,34,0,66,0,49,40,2977,detection,
2978132,21,30,276,1274,-998,100,100,100,31,0,84,0,49,40,2978,detection,
2979636,21,4,861,861,0,0,0,0,0,0,60,0,0,0,2979,detection,
2981234,1,10,1044,1044,0,0,0,0,0,0,40,0,0,0,2981,detection,
2981238,25,10,1044,1044,0,0,0,0,0,0,54,0,0,0,2981,detection,
2981268,3,10,1044,1044,0,0,0,0,0,0,66,0,0,0,2981,detection,
2981277,17,10,1044,1044,0,0,0,0,0,0,61,0,0,0,2981,detection,
2981332,2,10,1044,1044,0,0,0,0,0,0,64,0,0,0,2981,detection,
2982263,24,29,276,1044,-768,100,100,100,2,0,59,0,56,40,2982,detection,
2984636,24,3,1018,1018,0,0,0,0,0,0,66,0,0,0,2984,detection,
2984654,6,3,1018,1018,0,0,0,0,0,0,64,0,0,0,2984,detection,
2984735,20,3,1018,1018,0,0,0,0,0,0,57,0,0,0,2984,detection,
2984977,20,6,1432,1432,0,0,0,0,0,0,60,0,0,0,2984,detection,
2985250,7,30,276,1300,-1024,100,100,100,61,0,59,0,56,40,2985,detection,
2985259,21,30,276,1300,-1024,100,100,100,2,0,85,0,49,40,2985,detection,
2986124,26,17,1097,1097,0,0,0,0,0,0,62,0,0,0,2986,detection,
2989074,14,31,276,866,-590,100,100,100,14,0,64,0,49,40,2989,detection,
2989135,24,29,276,1274,-998,100,100,100,27,0,60,0,56,40,2989,detection,
2989139,21,31,276,866,-590,100,100,100,88,0,52,0,56,40,2989,detection,
2989838,2,22,1243,1243,0,0,0,0,0,0,66,0,0,0,2989,detection,
2989868,25,22,1243,1243,0,0,0,0,0,0,61,0,0,0,2989,detection,
2990733,20,24,1141,1141,0,0,0,0,0,0,58,0,0,0,2990,detection,
2992109,9,8,953,953,0,0,0,0,0,0,59,0,0,0,2992,detection,
2992852,20,6,711,711,0,0,0,0,0,0,59,0,0,0,2992,detection,
2993554,1,10,762,762,0,0,0,0,0,0,39,0,0,0,2993,detection,
2993558,22,10,762,762,0,0,0,0,0,0,59,0,0,0,2993,detection,
2994441,22,30,276,1402,-1126,100,100,100,73,0,59,0,56,40,2994,detection,
2994544,4,30,276,1402,-1126,100,100,100,0,0,59,0,56,40,2994,detection,
2996290,4,21,948,948,0,0,0,0,0,0,56,0,0,0,2996,detection,
2997551,1,10,762,762,0,0,0,0,0,0,38,0,0,0,2997,detection,
2997569,22,10,762,762,0,0,0,0,0,0,59,0,0,0,2997,detection,
2997573,14,10,762,762,0,0,0,0,0,0,59,0,0,0,2997,detection,
2997611,25,10,762,762,0,0,0,0,0,0,56,0,0,0,2997,detection,
2997656,17,10,762,762,0,0,0,0,0,0,63,0,0,0,2997,detection,
2998228,20,6,718,718,0,0,0,0,0,0,58,0,0,0,2998,detection,
2998386,11,19,997,997,0,0,0,0,0,0,65,0,0,0,2998,detection,
2998604,20,24,1231,1231,0,0,0,0,0,0,53,0,0,0,2998,detection,
3004979,20,24,1436,1436,0,0,0,0,0,0,54,0,0,0,3004,detection,
3005626,7,29,276,1948,-1672,100,100,100,76,0,56,0,56,40,3005,detection,
3006136,11,12,764,764,0,0,0,0,0,0,58,0,0,0,3006,detection,
3007346,5,15,1401,1401,0,0,0,0,0,0,71,0,0,0,3007,detection,
3007363,19,15,1401,1401,0,0,0,0,0,0,63,0,0,0,3007,detection,
3009576,14,8,1019,1019,0,0,0,0,0,0,56,0,0,0,3009,detection,
3009604,13,8,1019,1019,0,0,0,0,0,0,54,0,0,0,3009,detection,
3009605,9,8,1019,1019,0,0,0,0,0,0,59,0,0,0,3009,detection,
3009651,16,8,1019,1019,0,0,0,0,0,0,61,0,0,0,3009,detection,
3009656,17,8,1019,1019,0,0,0,0,0,0,61,0,0,0,3009,detection,
3010377,1,10,667,667,0,0,0,0,0,0,39,0,0,0,3010,detection,
3010394,3,10,667,667,0,0,0,0,0,0,65,0,0,0,3010,detection,
3010399,16,10,667,667,0,0,0,0,0,0,59,0,0,0,3010,detection,
3010407,17,10,667,667,0,0,0,0,0,0,62,0,0,0,3010,detection,
3010437,22,10,667,667,0,0,0,0,0,0,59,0,0,0,3010,detection,
3010450,14,10,667,667,0,0,0,0,0,0,56,0,0,0,3010,detection,
3010467,8,10,667,667,0,0,0,0,0,0,59,0,0,0,3010,detection,
3012072,23,15,788,788,0,0,0,0,0,0,58,0,0,0,3012,detection,
3012093,5,15,788,788,0,0,0,0,0,0,69,0,0,0,3012,detection,
3014479,20,24,1179,1179,0,0,0,0,0,0,57,0,0,0,3014,detection,
3016338,1,26,768,768,0,0,0,0,0,0,40,0,0,0,3016,detection,
3016650,6,19,768,768,0,0,0,0,0,0,61,0,0,0,3016,detection,
3016723,5,19,768,768,0,0,0,0,0,0,61,0,0,0,3016,detection,
3017100,20,6,718,718,0,0,0,0,0,0,58,0,0,0,3017,detection,
3019560,22,8,1045,1045,0,0,0,0,0,0,60,0,0,0,3019,detection,
3021098,8,7,512,512,0,0,0,0,0,0,66,0,0,0,3021,detection,
3023025,1,26,768,768,0,0,0,0,0,0,39,0,0,0,3023,detection,
3023147,6,19,512,512,0,0,0,0,0,0,63,0,0,0,3023,detection,
3023193,23,19,512,512,0,0,0,0,0,0,62,0,0,0,3023,detection,
3024124,1,25,512,512,0,0,0,0,0,0,42,0,0,0,3024,detection,
3024222,27,25,512,512,0,0,0,0,0,0,58,0,0,0,3024,detection,
3024248,26,25,512,512,0,0,0,0,0,0,56,0,0,0,3024,detection,
3024324,14,23,878,878,0,0,0,0,0,0,57,0,0,0,3024,detection,
3024345,5,23,878,878,0,0,0,0,0,0,56,0,0,0,3024,detection,
3024361,19,23,878,878,0,0,0,0,0,0,57,0,0,0,3024,detection,
3024370,28,23,878,878,0,0,0,0,0,0,64,0,0,0,3024,detection,
3024623,26,21,1306,1306,0,0,0,0,0,0,66,0,0,0,3024,detection,
3024679,10,21,1306,1306,0,0,0,0,0,0,61,0,0,0,3024,detection,
3024687,22,21,1306,1306,0,0,0,0,0,0,69,0,0,0,3024,detection,
3025408,15,31,276,1024,-748,100,100,100,31,0,63,0,49,40,3025,detection,
3026010,11,12,792,792,0,0,0,0,0,0,58,0,0,0,3026,detection,
3026276,12,11,1176,1176,0,0,0,0,0,0,66,0,0,0,3026,detection,
3027196,23,15,768,768,0,0,0,0,0,0,58,0,0,0,3027,detection,
3027222,5,15,768,768,0,0,0,0,0,0,63,0,0,0,3027,detection,
3027239,19,15,768,768,0,0,0,0,0,0,58,0,0,0,3027,detection,
3028237,19,22,788,788,0,0,0,0,0,0,60,0,0,0,3028,detection,
3028241,25,22,788,788,0,0,0,0,0,0,60,0,0,0,3028,detection,
3028258,21,22,788,788,0,0,0,0,0,0,58,0,0,0,3028,detection,
3028344,5,22,788,788,0,0,0,0,0,0,76,0,0,0,3028,detection,
3028714,2,8,1272,1272,0,0,0,0,0,0,56,0,0,0,3028,detection,
3028743,26,8,1272,1272,0,0,0,0,0,0,57,0,0,0,3028,detection,
3029149,6,24,1300,1300,0,0,0,0,0,0,59,0,0,0,3029,detection,
3032458,2,30,276,512,-236,92,41,100,49,0,60,0,56,40,3032,detection,
3032835,2,30,276,512,-236,92,41,100,0,0,60,0,56,40,3032,detection,
3032908,15,30,276,512,-236,92,37,100,28,0,74,0,49,40,3032,detection,
3034265,21,31,276,1024,-748,100,100,100,19,0,55,0,56,40,3034,detection,
3034402,6,19,512,512,0,0,0,0,0,0,64,0,0,0,3034,detection,
3034467,5,19,512,512,0,0,0,0,0,0,62,0,0,0,3034,detection,
3034523,12,11,1111,1111,0,0,0,0,0,0,65,0,0,0,3034,detection,
3034759,11,12,996,996,0,0,0,0,0,0,58,0,0,0,3034,detection,
3036486,9,7,512,512,0,0,0,0,0,0,67,0,0,0,3036,detection,
3036657,1,26,768,768,0,0,0,0,0,0,33,0,0,0,3036,detection,
3037115,20,24,572,572,0,0,0,0,0,0,58,0,0,0,3037,detection,
3037147,6,24,572,572,0,0,0,0,0,0,59,0,0,0,3037,detection,
3038430,10,21,788,788,0,0,0,0,0,0,57,0,0,0,3038,detection,
3038438,22,21,788,788,0,0,0,0,0,0,67,0,0,0,3038,detection,
3038654,17,16,859,859,0,0,0,0,0,0,59,0,0,0,3038,detection,
3038697,23,16,859,859,0,0,0,0,0,0,60,0,0,0,3038,detection,
3038701,14,16,859,859,0,0,0,0,0,0,59,0,0,0,3038,detection,
3039126,7,9,1024,1024,0,0,0,0,0,0,58,0,0,0,3039,detection,
3042012,21,27,901,901,0,0,0,0,0,0,55,0,0,0,3042,detection,
3042810,10,14,839,839,0,0,0,0,0,0,59,0,0,0,3042,detection,
3042902,6,5,768,768,0,0,0,0,0,0,62,0,0,0,3042,detection,
3042950,14,31,276,1024,-748,100,100,100,18,0,63,0,49,40,3042,detection,
3043276,16,10,653,653,0,0,0,0,0,0,59,0,0,0,3043,detection,
3043635,11,12,1207,1207,0,0,0,0,0,0,59,0,0,0,3043,detection,
3044352,20,24,532,532,0,0,0,0,0,0,59,0,0,0,3044,detection,
3044395,6,24,532,532,0,0,0,0,0,0,60,0,0,0,3044,detection,
3044991,19,31,276,1134,-858,100,100,100,42,0,56,0,56,40,3044,detection,
3045009,21,31,276,1134,-858,100,100,100,13,0,57,0,56,40,3045,detection,
3045060,10,31,276,1134,-858,100,100,100,70,0,61,0,54,40,3045,detection,
3045060,22,31,276,1134,-858,100,100,100,48,0,63,0,49,40,3045,detection,
3045060,18,31,276,1134,-858,100,100,100,13,0,63,0,49,40,3045,detection,
3045072,14,31,276,1134,-858,100,100,100,12,0,64,0,49,40,3045,detection,
3045744,25,8,1024,1024,0,0,0,0,0,0,56,0,0,0,3045,detection,
3045746,7,9,788,788,0,0,0,0,0,0,57,0,0,0,3045,detection,
3045788,4,8,1024,1024,0,0,0,0,0,0,58,0,0,0,3045,detection,
3045835,2,8,1024,1024,0,0,0,0,0,0,56,0,0,0,3045,detection,
3045980,20,6,718,718,0,0,0,0,0,0,57,0,0,0,3045,detection,
3046009,24,6,718,718,0,0,0,0,0,0,54,0,0,0,3046,detection,
3046376,7,29,276,788,-512,100,98,100,100,0,52,0,56,40,3046,detection,
3047740,19,15,512,512,0,0,0,0,0,0,59,0,0,0,3047,detection,
3047762,11,12,788,788,0,0,0,0,0,0,59,0,0,0,3047,detection,
3047820,23,15,512,512,0,0,0,0,0,0,59,0,0,0,3047,detection,
3047847,5,15,512,512,0,0,0,0,0,0,65,0,0,0,3047,detection,
3050277,17,21,1351,1351,0,0,0,0,0,0,59,0,0,0,3050,detection,
3050311,22,21,1351,1351,0,0,0,0,0,0,61,0,0,0,3050,detection,
3050639,11,31,276,1134,-858,100,100,100,13,0,68,0,49,40,3050,detection,
3050666,6,24,532,532,0,0,0,0,0,0,57,0,0,0,3050,detection,
3052998,7,29,276,532,-256,100,48,100,32,0,53,0,56,40,3052,detection,
3053977,20,6,788,788,0,0,0,0,0,0,53,0,0,0,3053,detection,
3057560,10,14,788,788,0,0,0,0,0,0,58,0,0,0,3057,detection,
3058260,24,5,768,768,0,0,0,0,0,0,67,0,0,0,3058,detection,
3058274,6,5,768,768,0,0,0,0,0,0,63,0,0,0,3058,detection,
3058282,15,5,768,768,0,0,0,0,0,0,66,0,0,0,3058,detection,
3059105,9,7,788,788,0,0,0,0,0,0,68,0,0,0,3059,detection,
3059900,1,13,1024,1024,0,0,0,0,0,0,36,0,0,0,3059,detection,
3059935,18,13,1024,1024,0,0,0,0,0,0,57,0,0,0,3059,detection,
3059935,10,13,1024,1024,0,0,0,0,0,0,56,0,0,0,3059,detection,
3059936,22,13,1024,1024,0,0,0,0,0,0,57,0,0,0,3059,detection,
3063045,4,30,276,512,-236,92,42,100,100,0,59,0,56,40,3063,detection,
3063083,2,30,276,512,-236,92,41,100,0,0,60,0,56,40,3063,detection,
3063100,8,30,276,512,-236,92,42,70,64,0,58,0,56,40,3063,detection,
3064355,20,24,608,608,0,0,0,0,0,0,59,0,0,0,3064,detection,
3064398,6,24,608,608,0,0,0,0,0,0,57,0,0,0,3064,detection,
3064628,24,6,788,788,0,0,0,0,0,0,58,0,0,0,3064,detection,
3064731,9,7,788,788,0,0,0,0,0,0,66,0,0,0,3064,detection,
3065603,20,3,1300,1300,0,0,0,0,0,0,57,0,0,0,3065,detection,
3065645,3,8,788,788,0,0,0,0,0,0,55,0,0,0,3065,detection,
3065662,4,8,788,788,0,0,0,0,0,0,58,0,0,0,3065,detection,
3066151,12,14,1044,1044,0,0,0,0,0,0,64,0,0,0,3066,detection,
3066286,1,13,1300,1300,0,0,0,0,0,0,36,0,0,0,3066,detection,
3066291,4,13,1300,1300,0,0,0,0,0,0,58,0,0,0,3066,detection,
3066347,8,13,1300,1300,0,0,0,0,0,0,58,0,0,0,3066,detection,
3066359,20,13,1300,1300,0,0,0,0,0,0,67,0,0,0,3066,detection,
3067350,27,22,1300,1300,0,0,0,0,0,0,57,0,0,0,3067,detection,
3069123,7,29,276,554,-278,100,52,79,2,0,54,0,56,40,3069,detection,
3070778,17,21,1351,1351,0,0,0,0,0,0,58,0,0,0,3070,detection,
3070804,10,21,1351,1351,0,0,0,0,0,0,60,0,0,0,3070,detection,
3070808,18,21,1351,1351,0,0,0,0,0,0,60,0,0,0,3070,detection,
3070808,22,21,1351,1351,0,0,0,0,0,0,60,0,0,0,3070,detection,
3071123,7,9,608,608,0,0,0,0,0,0,58,0,0,0,3071,detection,
3071761,11,31,276,788,-512,100,86,100,38,0,66,0,49,40,3071,detection,
3071825,14,31,276,788,-512,100,91,100,41,0,59,0,56,40,3071,detection,
3073495,28,11,1044,1044,0,0,0,0,0,0,56,0,0,0,3073,detection,
3074605,20,3,1300,1300,0,0,0,0,0,0,56,0,0,0,3074,detection,
3075730,20,6,788,788,0,0,0,0,0,0,53,0,0,0,3075,detection,
3075756,24,6,788,788,0,0,0,0,0,0,58,0,0,0,3075,detection,
3075893,1,13,1351,1351,0,0,0,0,0,0,35,0,0,0,3075,detection,
3079510,21,22,1300,1300,0,0,0,0,0,0,58,0,0,0,3079,detection,
3079515,11,22,1300,1300,0,0,0,0,0,0,69,0,0,0,3079,detection,
3081528,12,25,1248,1248,0,0,0,0,0,0,47,0,0,0,3081,detection,
3082135,24,13,1413,1413,0,0,0,0,0,0,56,0,0,0,3082,detection,
3082161,4,13,1413,1413,0,0,0,0,0,0,61,0,0,0,3082,detection,
3082191,1,13,1413,1413,0,0,0,0,0,0,35,0,0,0,3082,detection,
3083472,8,16,1024,1024,0,0,0,0,0,0,61,0,0,0,3083,detection,
3083523,3,16,1024,1024,0,0,0,0,0,0,63,0,0,0,3083,detection,
3083553,10,16,1024,1024,0,0,0,0,0,0,57,0,0,0,3083,detection,
3083562,18,16,1024,1024,0,0,0,0,0,0,67,0,0,0,3083,detection,
3083562,22,16,1024,1024,0,0,0,0,0,0,57,0,0,0,3083,detection,
3083636,11,31,276,1233,-957,100,100,100,50,0,65,0,49,40,3083,detection,
3083654,21,31,276,1233,-957,100,100,100,12,0,57,0,56,40,3083,detection,
3083873,26,7,1120,1120,0,0,0,0,0,0,63,0,0,0,3083,detection,
3083898,3,7,1120,1120,0,0,0,0,0,0,59,0,0,0,3083,detection,
3083982,20,7,1120,1120,0,0,0,0,0,0,65,0,0,0,3083,detection,
3083983,8,7,1120,1120,0,0,0,0,0,0,64,0,0,0,3083,detection,
3084735,9,7,1120,1120,0,0,0,0,0,0,64,0,0,0,3084,detection,
3085617,26,27,1044,1044,0,0,0,0,0,0,57,0,0,0,3085,detection,
3086103,20,3,1280,1280,0,0,0,0,0,0,56,0,0,0,3086,detection,
3087723,27,8,532,532,0,0,0,0,0,0,64,0,0,0,3087,detection,
3087728,13,8,532,532,0,0,0,0,0,0,59,0,0,0,3087,detection,
3087731,20,8,532,532,0,0,0,0,0,0,61,0,0,0,3087,detection,
3087740,26,8,532,532,0,0,0,0,0,0,63,0,0,0,3087,detection,
3087770,3,8,532,532,0,0,0,0,0,0,56,0,0,0,3087,detection,
3088587,1,13,1536,1536,0,0,0,0,0,0,35,0,0,0,3088,detection,
3088607,20,13,1536,1536,0,0,0,0,0,0,65,0,0,0,3088,detection,
3088629,24,13,1536,1536,0,0,0,0,0,0,56,0,0,0,3088,detection,
3089373,7,29,276,782,-506,100,95,100,28,0,54,0,56,40,3089,detection,
3090401,16,8,532,532,0,0,0,0,0,0,62,0,0,0,3090,detection,
3090728,20,7,1120,1120,0,0,0,0,0,0,64,0,0,0,3090,detection,
3091400,6,24,644,644,0,0,0,0,0,0,56,0,0,0,3091,detection,
3095847,27,25,1248,1248,0,0,0,0,0,0,62,0,0,0,3095,detection,
3096677,1,13,1812,1812,0,0,0,0,0,0,30,0,0,0,3096,detection,
3100315,1,13,2682,2682,0,0,0,0,0,0,67,0,0,0,3100,detection,
3100383,24,13,2682,2682,0,0,0,0,0,0,86,0,0,0,3100,detection,
3100624,26,17,1044,1044,0,0,0,0,0,0,63,0,0,0,3100,detection,
3102345,5,23,878,878,0,0,0,0,0,0,56,0,0,0,3102,detection,
3102688,22,31,276,1167,-891,100,100,100,3,0,58,0,56,40,3102,detection,
3102697,14,31,276,1167,-891,100,100,100,44,0,62,0,52,40,3102,detection,
3102735,19,31,276,1167,-891,100,100,100,3,0,60,0,56,40,3102,detection,
3102762,21,31,276,1167,-891,100,100,100,8,0,57,0,56,40,3102,detection,
3102764,11,31,276,1167,-891,100,100,100,7,0,64,0,49,40,3102,detection,
3102782,15,31,276,1167,-891,100,100,100,16,0,62,0,52,40,3102,detection,
3105619,28,19,788,788,0,0,0,0,0,0,64,0,0,0,3105,detection,
3105640,11,19,788,788,0,0,0,0,0,0,64,0,0,0,3105,detection,
3105650,12,19,788,788,0,0,0,0,0,0,61,0,0,0,3105,detection,
3106401,17,16,768,768,0,0,0,0,0,0,59,0,0,0,3106,detection,
3106414,4,16,768,768,0,0,0,0,0,0,76,0,0,0,3106,detection,
3106517,11,16,768,768,0,0,0,0,0,0,57,0,0,0,3106,detection,
3106763,21,22,1300,1300,0,0,0,0,0,0,57,0,0,0,3106,detection,
3107863,19,11,1044,1044,0,0,0,0,0,0,65,0,0,0,3107,detection,
3107868,28,11,1044,1044,0,0,0,0,0,0,60,0,0,0,3107,detection,
3107897,12,11,1044,1044,0,0,0,0,0,0,67,0,0,0,3107,detection,
3107906,15,11,1044,1044,0,0,0,0,0,0,59,0,0,0,3107,detection,
3108229,9,7,1120,1120,0,0,0,0,0,0,63,0,0,0,3108,detection,
3108232,20,7,1120,1120,0,0,0,0,0,0,59,0,0,0,3108,detection,
3108243,26,7,1120,1120,0,0,0,0,0,0,61,0,0,0,3108,detection,
3108512,21,31,276,1285,-1009,100,100,100,14,0,57,0,56,40,3108,detection,
3108515,11,31,276,1285,-1009,100,100,100,13,0,63,0,49,40,3108,detection,
3108528,15,31,276,1285,-1009,100,100,100,13,0,61,0,54,40,3108,detection,
3108571,14,31,276,1285,-1009,100,100,100,13,0,61,0,54,40,3108,detection,
3109841,1,13,2372,2372,0,0,0,0,0,0,63,0,0,0,3109,detection,
3109883,24,13,2372,2372,0,0,0,0,0,0,83,0,0,0,3109,detection,
3110492,28,19,916,916,0,0,0,0,0,0,62,0,0,0,3110,detection,
3110509,11,19,916,916,0,0,0,0,0,0,62,0,0,0,3110,detection,
3110532,12,19,916,916,0,0,0,0,0,0,63,0,0,0,3110,detection,
3112723,8,16,768,768,0,0,0,0,0,0,62,0,0,0,3112,detection,
3113619,25,30,276,512,-236,92,41,70,50,0,62,0,52,40,3113,detection,
3113658,15,30,276,512,-236,92,36,100,0,0,75,0,49,40,3113,detection,
3113667,4,30,276,512,-236,92,43,100,0,0,56,0,56,40,3113,detection,
3115420,1,10,871,871,0,0,0,0,0,0,39,0,0,0,3115,detection,
3116526,12,25,788,788,0,0,0,0,0,0,50,0,0,0,3116,detection,
3117232,20,2,1205,1205,0,0,0,85,0,14,73,0,48,40,3117,detection,
3117812,22,21,1300,1300,0,0,0,0,0,0,63,0,0,0,3117,detection,
3117888,11,19,1108,1108,0,0,0,0,0,0,62,0,0,0,3117,detection,
3117994,28,19,1108,1108,0,0,0,0,0,0,63,0,0,0,3117,detection,
3118557,18,31,276,1300,-1024,100,100,100,20,0,57,0,56,40,3118,detection,
3118561,10,31,276,1300,-1024,100,100,100,19,0,63,0,49,40,3118,detection,
3118571,22,31,276,1300,-1024,100,100,100,15,0,61,0,54,40,3118,detection,
3118574,14,31,276,1300,-1024,100,100,100,1,0,60,0,56,40,3118,detection,
3118600,5,31,276,1300,-1024,100,100,100,82,0,64,0,49,40,3118,detection,
3118612,19,31,276,1300,-1024,100,100,100,15,0,59,0,56,40,3118,detection,
3118634,21,31,276,1300,-1024,100,100,100,1,0,56,0,56,40,3118,detection,
3118638,11,31,276,1300,-1024,100,100,100,1,0,61,0,54,40,3118,detection,
3118659,15,31,276,1300,-1024,100,100,100,1,0,60,0,56,40,3118,detection,
3119747,7,9,773,773,0,0,0,0,0,0,57,0,0,0,3119,detection,
3120736,19,14,600,600,0,0,0,0,0,0,61,0,0,0,3120,detection,
3122638,11,5,788,788,0,0,0,0,0,0,51,0,0,0,3122,detection,
3122741,26,17,788,788,0,0,0,0,0,0,57,0,0,0,3122,detection,
3123108,9,20,788,788,0,0,0,0,0,0,64,0,0,0,3123,detection,
3123306,18,31,276,1044,-768,100,100,100,30,0,58,0,56,40,3123,detection,
3123307,1,31,276,1044,-768,100,100,100,38,0,37,0,74,55,3123,detection,
3123310,10,31,276,1044,-768,100,100,100,29,0,64,0,49,40,3123,detection,
3123345,5,31,276,1044,-768,100,100,100,28,0,65,0,49,40,3123,detection,
3124502,7,8,532,532,0,0,0,0,0,0,64,0,0,0,3124,detection,
3124523,16,8,532,532,0,0,0,0,0,0,63,0,0,0,3124,detection,
3124533,17,8,532,532,0,0,0,0,0,0,62,0,0,0,3124,detection,
3124537,4,8,532,532,0,0,0,0,0,0,59,0,0,0,3124,detection,
3124559,22,8,532,532,0,0,0,0,0,0,61,0,0,0,3124,detection,
3124600,27,8,532,532,0,0,0,0,0,0,65,0,0,0,3124,detection,
3124609,9,8,532,532,0,0,0,0,0,0,61,0,0,0,3124,detection,
3124636,24,29,276,875,-599,100,100,100,47,0,60,0,56,40,3124,detection,
3126095,1,13,2372,2372,0,0,0,0,0,0,59,0,0,0,3126,detection,
3127480,9,20,788,788,0,0,0,0,0,0,64,0,0,0,3127,detection,
3129869,26,27,788,788,0,0,0,0,0,0,57,0,0,0,3129,detection,
3130380,24,11,856,856,0,0,0,0,0,0,63,0,0,0,3130,detection,
3130397,12,11,856,856,0,0,0,0,0,0,64,0,0,0,3130,detection,
3130405,15,11,856,856,0,0,0,0,0,0,56,0,0,0,3130,detection,
3130440,23,11,856,856,0,0,0,0,0,0,64,0,0,0,3130,detection,
3133219,5,23,1038,1038,0,0,0,0,0,0,57,0,0,0,3133,detection,
3133501,7,29,276,1096,-820,100,100,100,38,0,57,0,56,40,3133,detection,
3134367,25,30,276,1120,-844,100,100,100,71,0,61,0,54,40,3134,detection,
3134393,11,30,276,1120,-844,100,100,100,35,0,73,0,49,40,3134,detection,
3134401,16,30,276,1120,-844,100,100,100,31,0,64,0,49,40,3134,detection,
3134530,15,19,1108,1108,0,0,0,0,0,0,60,0,0,0,3134,detection,
3134534,12,19,1108,1108,0,0,0,0,0,0,62,0,0,0,3134,detection,
3134969,5,22,1044,1044,0,0,0,0,0,0,73,0,0,0,3134,detection,
3134972,8,22,1044,1044,0,0,0,0,0,0,65,0,0,0,3134,detection,
3134976,27,22,1044,1044,0,0,0,0,0,0,57,0,0,0,3134,detection,
3134985,9,22,1044,1044,0,0,0,0,0,0,73,0,0,0,3134,detection,
3134989,19,22,1044,1044,0,0,0,0,0,0,55,0,0,0,3134,detection,
3135025,11,22,1044,1044,0,0,0,0,0,0,67,0,0,0,3135,detection,
3135580,1,12,1300,1300,0,0,0,0,0,0,38,0,0,0,3135,detection,
3135597,5,12,1300,1300,0,0,0,0,0,0,60,0,0,0,3135,detection,
3135640,11,12,1300,1300,0,0,0,0,0,0,55,0,0,0,3135,detection,
3137872,28,5,1300,1300,0,0,0,0,0,0,69,0,0,0,3137,detection,
3138667,4,16,768,768,0,0,0,0,0,0,76,0,0,0,3138,detection,
3142048,1,31,276,1059,-783,100,100,100,2,0,32,0,81,55,3142,detection,
3142061,10,31,276,1059,-783,100,100,100,1,0,64,0,49,40,3142,detection,
3143417,4,30,276,1280,-1004,100,100,100,91,0,59,0,56,40,3143,detection,
3143500,7,29,276,1142,-866,100,100,100,5,0,57,0,56,40,3143,detection,
3144273,16,30,276,1280,-1004,100,100,100,18,0,63,0,49,40,3144,detection,
3144845,8,13,1556,1556,0,0,0,0,0,0,59,0,0,0,3144,detection,
3146011,24,5,1300,1300,0,0,0,0,0,0,68,0,0,0,3146,detection,
3146022,6,3,1750,1750,0,0,0,0,0,0,71,0,0,0,3146,detection,
3146023,11,5,1300,1300,0,0,0,0,0,0,56,0,0,0,3146,detection,
3146029,15,5,1300,1300,0,0,0,0,0,0,68,0,0,0,3146,detection,
3146114,19,5,1300,1300,0,0,0,0,0,0,63,0,0,0,3146,detection,
3146369,25,2,788,788,0,0,0,0,0,0,64,0,0,0,3146,detection,
3146656,15,18,762,762,0,0,0,0,0,0,61,0,0,0,3146,detection,
3146712,2,18,762,762,0,0,0,0,0,0,62,0,0,0,3146,detection,
3147899,16,30,276,788,-512,100,89,100,57,0,62,0,52,40,3147,detection,
3148533,1,12,1300,1300,0,0,0,0,0,0,38,0,0,0,3148,detection,
3148840,1,31,276,788,-512,100,100,100,41,0,36,0,76,55,3148,detection,
3148849,5,31,276,788,-512,100,85,100,28,0,67,0,49,40,3148,detection,
3148862,19,31,276,788,-512,100,91,100,61,0,59,0,56,40,3148,detection,
3148935,22,31,276,788,-512,100,90,100,60,0,60,0,56,40,3148,detection,
3150139,11,22,1095,1095,0,0,0,0,0,0,65,0,0,0,3150,detection,
3151275,1,13,788,788,0,0,0,0,0,0,60,0,0,0,3151,detection,
3151472,8,7,1044,1044,0,0,0,0,0,0,63,0,0,0,3151,detection,
3151480,9,7,1044,1044,0,0,0,0,0,0,62,0,0,0,3151,detection,
3152526,15,5,788,788,0,0,0,0,0,0,66,0,0,0,3152,detection,
3152629,24,5,788,788,0,0,0,0,0,0,65,0,0,0,3152,detection,
3153020,1,31,276,788,-512,100,100,100,0,0,35,0,77,55,3153,detection,
3153028,15,31,276,788,-512,100,91,100,61,0,59,0,56,40,3153,detection,
3153521,6,3,1607,1607,0,0,0,0,0,0,69,0,0,0,3153,detection,
3156071,23,15,788,788,0,0,0,0,0,0,54,0,0,0,3156,detection,
3156097,5,15,788,788,0,0,0,0,0,0,66,0,0,0,3156,detection,
3156113,19,15,788,788,0,0,0,0,0,0,62,0,0,0,3156,detection,
3156621,28,6,788,788,0,0,0,0,0,0,54,0,0,0,3156,detection,
3156637,11,31,276,1081,-805,100,100,100,26,0,58,0,56,40,3156,detection,
3156654,15,31,276,1081,-805,100,100,100,35,0,56,0,56,40,3156,detection,
3156667,1,31,276,1081,-805,100,100,100,44,0,35,0,77,55,3156,detection,
3156683,10,31,276,1081,-805,100,100,100,2,0,63,0,49,40,3156,detection,
3156684,22,31,276,1081,-805,100,100,100,34,0,60,0,56,40,3156,detection,
3156747,19,31,276,1081,-805,100,100,100,35,0,59,0,56,40,3156,detection,
3159071,14,4,861,861,0,0,0,0,0,0,57,0,0,0,3159,detection,
3159248,7,29,276,788,-512,100,93,100,43,0,57,0,56,40,3159,detection,
3159593,5,11,788,788,0,0,0,0,0,0,56,0,0,0,3159,detection,
3159631,24,11,788,788,0,0,0,0,0,0,57,0,0,0,3159,detection,
3159691,23,11,788,788,0,0,0,0,0,0,63,0,0,0,3159,detection,
3160023,12,19,1050,1050,0,0,0,0,0,0,61,0,0,0,3160,detection,
3160741,1,13,1069,1069,0,0,0,0,0,0,65,0,0,0,3160,detection,
3160778,15,18,762,762,0,0,0,0,0,0,60,0,0,0,3160,detection,
3160834,2,18,762,762,0,0,0,0,0,0,61,0,0,0,3160,detection,
3160850,27,18,762,762,0,0,0,0,0,0,66,0,0,0,3160,detection,
3162074,14,23,788,788,0,0,0,0,0,0,60,0,0,0,3162,detection,
3162095,5,23,788,788,0,0,0,0,0,0,60,0,0,0,3162,detection,
3162358,20,24,863,863,0,0,0,0,0,0,59,0,0,0,3162,detection,
3162775,12,19,1050,1050,0,0,0,0,0,0,60,0,0,0,3162,detection,
3162869,28,19,1050,1050,0,0,0,0,0,0,58,0,0,0,3162,detection,
3163522,6,3,1300,1300,0,0,0,0,0,0,65,0,0,0,3163,detection,
3165482,20,7,788,788,0,0,0,0,0,0,62,0,0,0,3165,detection,
3165665,4,16,768,768,0,0,0,0,0,0,76,0,0,0,3165,detection,
3165998,7,29,276,788,-512,100,94,100,0,0,56,0,56,40,3165,detection,
3165999,28,29,276,788,-512,100,95,100,100,0,55,0,56,40,3165,detection,
3168965,5,14,1081,1081,0,0,0,0,0,0,59,0,0,0,3168,detection,
3169722,8,13,1069,1069,0,0,0,0,0,0,60,0,0,0,3169,detection,
3169792,4,13,1069,1069,0,0,0,0,0,0,62,0,0,0,3169,detection,
3169813,1,13,1069,1069,0,0,0,0,0,0,69,0,0,0,3169,detection,
3169947,14,23,788,788,0,0,0,0,0,0,59,0,0,0,3169,detection,
3169965,5,23,788,788,0,0,0,0,0,0,59,0,0,0,3169,detection,
3170113,25,30,276,1280,-1004,100,100,100,19,0,56,0,56,40,3170,detection,
3170220,5,15,1274,1274,0,0,0,0,0,0,65,0,0,0,3170,detection,
3170234,19,15,1274,1274,0,0,0,0,0,0,61,0,0,0,3170,detection,
3171774,3,7,1786,1786,0,0,0,0,0,0,58,0,0,0,3171,detection,
3171855,9,7,1786,1786,0,0,0,0,0,0,60,0,0,0,3171,detection,
3172804,10,16,788,788,0,0,0,0,0,0,60,0,0,0,3172,detection,
3172822,23,16,788,788,0,0,0,0,0,0,59,0,0,0,3172,detection,
3172834,14,16,788,788,0,0,0,0,0,0,59,0,0,0,3172,detection,
3174878,7,9,1091,1091,0,0,0,0,0,0,59,0,0,0,3174,detection,
3175619,26,27,788,788,0,0,0,0,0,0,57,0,0,0,3175,detection,
3175637,21,27,788,788,0,0,0,0,0,0,55,0,0,0,3175,detection,
3175684,18,27,788,788,0,0,0,0,0,0,58,0,0,0,3175,detection,
3175994,28,29,276,762,-486,100,90,100,3,0,55,0,56,40,3175,detection,
3176657,1,31,276,1325,-1049,100,100,100,37,0,35,0,77,55,3176,detection,
3177723,8,22,1550,1550,0,0,0,0,0,0,64,0,0,0,3177,detection,
3178915,1,12,788,788,0,0,0,0,0,0,38,0,0,0,3178,detection,
3178994,26,27,1274,1274,0,0,0,0,0,0,56,0,0,0,3178,detection,
3179008,21,27,1274,1274,0,0,0,0,0,0,55,0,0,0,3179,detection,
3179501,1,13,1069,1069,0,0,0,0,0,0,75,0,0,0,3179,detection,
3179539,4,13,1069,1069,0,0,0,0,0,0,64,0,0,0,3179,detection,
3180339,5,14,1256,1256,0,0,0,0,0,0,62,0,0,0,3180,detection,
3181239,19,22,1300,1300,0,0,0,0,0,0,59,0,0,0,3181,detection,
3182601,19,15,1274,1274,0,0,0,0,0,0,60,0,0,0,3182,detection,
3182690,23,15,1274,1274,0,0,0,0,0,0,58,0,0,0,3182,detection,
3183417,4,16,1300,1300,0,0,0,0,0,0,68,0,0,0,3183,detection,
3183989,25,30,276,1570,-1294,100,100,100,34,0,59,0,56,40,3183,detection,
3184046,4,30,276,1570,-1294,100,100,100,34,0,59,0,56,40,3184,detection,
3185980,20,7,1300,1300,0,0,0,0,0,0,61,0,0,0,3185,detection,
3185981,9,7,1300,1300,0,0,0,0,0,0,59,0,0,0,3185,detection,
3185998,26,7,1300,1300,0,0,0,0,0,0,60,0,0,0,3185,detection,
3186508,21,27,1274,1274,0,0,0,0,0,0,51,0,0,0,3186,detection,
3187184,22,31,276,1786,-1510,100,100,100,84,0,59,0,56,40,3187,detection,
3188272,12,19,768,768,0,0,0,0,0,0,60,0,0,0,3188,detection,
3188276,6,19,768,768,0,0,0,0,0,0,62,0,0,0,3188,detection,
3188591,1,12,788,788,0,0,0,0,0,0,38,0,0,0,3188,detection,
3191495,7,9,768,768,0,0,0,0,0,0,54,0,0,0,3191,detection,
3192336,2,30,276,2298,-2022,100,100,100,100,0,60,0,56,40,3192,detection,
3192361,9,30,276,2298,-2022,100,100,100,100,0,64,0,49,40,3192,detection,
3192365,25,30,276,2298,-2022,100,100,100,86,0,59,0,56,40,3192,detection,
3192387,21,30,276,2298,-2022,100,100,100,100,0,80,0,49,40,3192,detection,
3192416,4,30,276,2298,-2022,100,100,100,87,0,58,0,56,40,3192,detection,
3192765,1,31,276,1300,-1024,100,100,100,3,0,36,0,76,55,3192,detection,
3192778,15,31,276,1300,-1024,100,100,100,26,0,59,0,56,40,3192,detection,
3193913,4,21,788,788,0,0,0,0,0,0,56,0,0,0,3193,detection,
3194613,19,23,788,788,0,0,0,0,0,0,57,0,0,0,3194,detection,
3194749,19,22,512,512,0,0,0,0,0,0,59,0,0,0,3194,detection,
3195664,4,16,768,768,0,0,0,0,0,0,69,0,0,0,3195,detection,
3196520,6,19,512,512,0,0,0,0,0,0,59,0,0,0,3196,detection,
3197071,1,10,854,854,0,0,0,0,0,0,40,0,0,0,3197,detection,
3198636,11,31,276,1300,-1024,100,100,100,25,0,61,0,54,40,3198,detection,
3199025,12,11,1024,1024,0,0,0,0,0,0,66,0,0,0,3199,detection,
3199030,15,11,1024,1024,0,0,0,0,0,0,62,0,0,0,3199,detection,
3199434,10,18,768,768,0,0,0,0,0,0,62,0,0,0,3199,detection,
3199485,9,30,276,2298,-2022,100,100,100,0,0,62,0,52,40,3199,detection,
3199511,21,30,276,2298,-2022,100,100,100,0,0,76,0,49,40,3199,detection,
3199528,16,30,276,2298,-2022,100,100,100,100,0,61,0,55,40,3199,detection,
3199537,4,30,276,2298,-2022,100,100,100,0,0,58,0,56,40,3199,detection,
3201135,11,22,512,512,0,0,0,0,0,0,67,0,0,0,3201,detection,
3201221,8,22,512,512,0,0,0,0,0,0,65,0,0,0,3201,detection,
3202037,4,21,788,788,0,0,0,0,0,0,55,0,0,0,3202,detection,
3202364,19,23,1066,1066,0,0,0,0,0,0,58,0,0,0,3202,detection,
3202490,25,4,1280,1280,0,0,0,0,0,0,56,0,0,0,3202,detection,
3203723,1,10,512,512,0,0,0,0,0,0,36,0,0,0,3203,detection,
3203809,18,10,512,512,0,0,0,0,0,0,64,0,0,0,3203,detection,
3203814,22,10,512,512,0,0,0,0,0,0,56,0,0,0,3203,detection,
3203998,7,9,788,788,0,0,0,0,0,0,58,0,0,0,3203,detection,
3205981,9,7,1300,1300,0,0,0,0,0,0,55,0,0,0,3205,detection,
3207230,20,3,768,768,0,0,0,0,0,0,56,0,0,0,3207,detection,
3208523,3,10,512,512,0,0,0,0,0,0,66,0,0,0,3208,detection,
3208527,1,10,512,512,0,0,0,0,0,0,36,0,0,0,3208,detection,
3208654,17,16,768,768,0,0,0,0,0,0,59,0,0,0,3208,detection,
3208713,2,16,768,768,0,0,0,0,0,0,51,0,0,0,3208,detection,
3208734,13,16,768,768,0,0,0,0,0,0,63,0,0,0,3208,detection,
3208981,13,4,1024,1024,0,0,0,0,0,0,60,0,0,0,3208,detection,
3208986,9,4,1024,1024,0,0,0,0,0,0,61,0,0,0,3208,detection,
3208990,25,4,1024,1024,0,0,0,0,0,0,57,0,0,0,3208,detection,
3209011,21,4,1024,1024,0,0,0,0,0,0,61,0,0,0,3209,detection,
3209020,16,4,1024,1024,0,0,0,0,0,0,69,0,0,0,3209,detection,
3209033,17,4,1024,1024,0,0,0,0,0,0,61,0,0,0,3209,detection,
3210334,2,30,276,1020,-744,100,100,100,100,0,59,0,56,40,3210,detection,
3210389,21,30,276,1020,-744,100,100,100,100,0,73,0,49,40,3210,detection,
3210398,16,30,276,1020,-744,100,100,100,100,0,60,0,56,40,3210,detection,
3210402,3,30,276,1020,-744,100,100,100,8,0,57,0,56,40,3210,detection,
3210402,12,30,276,1020,-744,100,100,100,2,0,59,0,56,40,3210,detection,
3210433,10,30,276,1020,-744,100,100,100,27,0,58,0,56,40,3210,detection,
3210441,22,30,276,1020,-744,100,100,100,47,0,55,0,56,40,3210,detection,
3212483,5,31,276,1280,-1004,100,100,100,54,0,68,0,49,40,3212,detection,
3213903,12,18,768,768,0,0,0,0,0,0,60,0,0,0,3213,detection,
3213907,15,18,768,768,0,0,0,0,0,0,59,0,0,0,3213,detection,
3213914,4,13,1244,1244,0,0,0,0,0,0,62,0,0,0,3213,detection,
3213958,2,13,1244,1244,0,0,0,0,0,0,59,0,0,0,3213,detection,
3213984,8,18,768,768,0,0,0,0,0,0,63,0,0,0,3213,detection,
3213987,9,13,1244,1244,0,0,0,0,0,0,58,0,0,0,3213,detection,
3213996,28,13,1244,1244,0,0,0,0,0,0,53,0,0,0,3213,detection,
3214087,2,22,601,601,0,0,0,0,0,0,67,0,0,0,3214,detection,
3214096,5,22,601,601,0,0,0,0,0,0,70,0,0,0,3214,detection,
3214279,17,16,788,788,0,0,0,0,0,0,54,0,0,0,3214,detection,
3216401,6,23,1113,1113,0,0,0,0,0,0,56,0,0,0,3216,detection,
3217621,1,12,768,768,0,0,0,0,0,0,40,0,0,0,3217,detection,
3218730,1,21,762,762,0,0,0,0,0,0,34,0,0,0,3218,detection,
3218778,17,21,762,762,0,0,0,0,0,0,58,0,0,0,3218,detection,
3218789,4,21,762,762,0,0,0,0,0,0,54,0,0,0,3218,detection,
3218812,22,21,762,762,0,0,0,0,0,0,62,0,0,0,3218,detection,
3221109,20,2,788,788,0,0,0,78,0,14,69,0,48,40,3221,detection,
3221306,1,16,788,788,0,0,0,0,0,0,40,0,0,0,3221,detection,
3221314,22,16,788,788,0,0,0,0,0,0,60,0,0,0,3221,detection,
3221335,2,16,788,788,0,0,0,0,0,0,54,0,0,0,3221,detection,
3221388,21,16,788,788,0,0,0,0,0,0,60,0,0,0,3221,detection,
3221400,3,16,788,788,0,0,0,0,0,0,62,0,0,0,3221,detection,
3221404,17,16,788,788,0,0,0,0,0,0,58,0,0,0,3221,detection,
3221776,6,20,1024,1024,0,0,0,0,0,0,58,0,0,0,3221,detection,
3222486,19,23,857,857,0,0,0,0,0,0,55,0,0,0,3222,detection,
3226607,9,7,1044,1044,0,0,0,0,0,0,56,0,0,0,3226,detection,
3227156,15,30,276,1209,-933,100,100,100,77,0,67,0,49,40,3227,detection,
3227239,1,16,532,532,0,0,0,0,0,0,41,0,0,0,3227,detection,
3227262,21,16,532,532,0,0,0,0,0,0,61,0,0,0,3227,detection,
3227263,11,16,532,532,0,0,0,0,0,0,62,0,0,0,3227,detection,
3227270,3,16,532,532,0,0,0,0,0,0,62,0,0,0,3227,detection,
3227279,17,16,532,532,0,0,0,0,0,0,59,0,0,0,3227,detection,
3227313,22,16,532,532,0,0,0,0,0,0,61,0,0,0,3227,detection,
3227331,2,16,532,532,0,0,0,0,0,0,55,0,0,0,3227,detection,
3227595,1,12,998,998,0,0,0,0,0,0,39,0,0,0,3227,detection,
3228113,19,14,1530,1530,0,0,0,0,0,0,62,0,0,0,3228,detection,
3229913,1,21,739,739,0,0,0,0,0,0,33,0,0,0,3229,detection,
3230106,9,13,1244,1244,0,0,0,0,0,0,57,0,0,0,3230,detection,
3230119,28,13,1244,1244,0,0,0,0,0,0,52,0,0,0,3230,detection,
3230128,7,13,1244,1244,0,0,0,0,0,0,66,0,0,0,3230,detection,
3230980,1,31,276,1044,-768,100,100,100,39,0,35,0,77,55,3230,detection,
3231011,21,31,276,1044,-768,100,100,100,31,0,56,0,56,40,3231,detection,
3231024,11,31,276,1044,-768,100,100,100,30,0,60,0,56,40,3231,detection,
3231093,5,31,276,1044,-768,100,100,100,26,0,65,0,49,40,3231,detection,
3233109,19,14,1536,1536,0,0,0,0,0,0,61,0,0,0,3233,detection,
3234732,20,8,1280,1280,0,0,0,0,0,0,60,0,0,0,3234,detection,
3235944,23,15,563,563,0,0,0,0,0,0,59,0,0,0,3235,detection,
3237361,1,31,276,1792,-1516,100,100,100,100,0,34,0,79,55,3237,detection,
3237386,11,31,276,1792,-1516,100,100,100,89,0,59,0,56,40,3237,detection,
3237387,21,31,276,1792,-1516,100,100,100,95,0,52,0,56,40,3237,detection,
3237438,22,31,276,1792,-1516,100,100,100,0,0,59,0,56,40,3237,detection,
3237468,5,31,276,1792,-1516,100,100,100,85,0,64,0,49,40,3237,detection,
3237864,1,26,768,768,0,0,0,0,0,0,34,0,0,0,3237,detection,
3238634,24,5,532,532,0,0,0,0,0,0,66,0,0,0,3238,detection,
3238638,11,5,532,532,0,0,0,0,0,0,61,0,0,0,3238,detection,
3238819,23,19,512,512,0,0,0,0,0,0,64,0,0,0,3238,detection,
3238920,1,16,1274,1274,0,0,0,0,0,0,40,0,0,0,3238,detection,
3238934,18,16,1274,1274,0,0,0,0,0,0,68,0,0,0,3238,detection,
3238938,22,16,1274,1274,0,0,0,0,0,0,60,0,0,0,3238,detection,
3238968,2,16,1274,1274,0,0,0,0,0,0,59,0,0,0,3238,detection,
3238995,8,16,1274,1274,0,0,0,0,0,0,61,0,0,0,3238,detection,
3239010,21,16,1274,1274,0,0,0,0,0,0,60,0,0,0,3239,detection,
3239021,11,16,1274,1274,0,0,0,0,0,0,61,0,0,0,3239,detection,
3239027,17,16,1274,1274,0,0,0,0,0,0,58,0,0,0,3239,detection,
3239256,24,11,1018,1018,0,0,0,0,0,0,62,0,0,0,3239,detection,
3239347,5,11,1018,1018,0,0,0,0,0,0,62,0,0,0,3239,detection,
3240246,7,9,1563,1563,0,0,0,0,0,0,64,0,0,0,3240,detection,
3241270,6,20,532,532,0,0,0,0,0,0,59,0,0,0,3241,detection,
3242294,15,30,276,788,-512,100,84,100,46,0,69,0,49,40,3242,detection,
3242311,18,30,276,788,-512,100,90,100,19,0,60,0,56,40,3242,detection,
3243350,27,13,1300,1300,0,0,0,0,0,0,67,0,0,0,3243,detection,
3243358,9,13,1300,1300,0,0,0,0,0,0,60,0,0,0,3243,detection,
3243414,4,13,1300,1300,0,0,0,0,0,0,61,0,0,0,3243,detection,
3244257,24,5,1044,1044,0,0,0,0,0,0,64,0,0,0,3244,detection,
3244262,11,5,1044,1044,0,0,0,0,0,0,60,0,0,0,3244,detection,
3244512,21,18,768,768,0,0,0,0,0,0,63,0,0,0,3244,detection,
3244518,1,31,276,2836,-2560,100,100,100,100,0,69,0,49,40,3244,detection,
3244561,22,31,276,2836,-2560,100,100,100,92,0,97,0,49,40,3244,detection,
3244595,5,31,276,2836,-2560,100,100,100,90,0,100,0,49,40,3244,detection,
3244638,11,31,276,2836,-2560,100,100,100,93,0,95,0,49,40,3244,detection,
3244663,21,31,276,2836,-2560,100,100,100,97,0,89,0,49,40,3244,detection,
3246156,17,8,853,853,0,0,0,0,0,0,58,0,0,0,3246,detection,
3247905,1,16,788,788,0,0,0,0,0,0,34,0,0,0,3247,detection,
3247969,8,16,788,788,0,0,0,0,0,0,56,0,0,0,3247,detection,
3247995,26,16,788,788,0,0,0,0,0,0,76,0,0,0,3247,detection,
3248012,21,16,788,788,0,0,0,0,0,0,59,0,0,0,3248,detection,
3248013,11,16,788,788,0,0,0,0,0,0,60,0,0,0,3248,detection,
3249980,9,13,1300,1300,0,0,0,0,0,0,59,0,0,0,3249,detection,
3249997,7,13,1300,1300,0,0,0,0,0,0,64,0,0,0,3249,detection,
3250023,3,13,1300,1300,0,0,0,0,0,0,60,0,0,0,3250,detection,
3250040,4,13,1300,1300,0,0,0,0,0,0,60,0,0,0,3250,detection,
3251356,9,7,1777,1777,0,0,0,0,0,0,75,0,0,0,3251,detection,
3251399,3,7,1777,1777,0,0,0,0,0,0,72,0,0,0,3251,detection,
3251540,4,13,1300,1300,0,0,0,0,0,0,59,0,0,0,3251,detection,
3251887,24,20,551,551,0,0,0,0,0,0,70,0,0,0,3251,detection,
3251895,6,20,551,551,0,0,0,0,0,0,59,0,0,0,3251,detection,
3252595,5,11,1066,1066,0,0,0,0,0,0,63,0,0,0,3252,detection,
3252621,28,11,1066,1066,0,0,0,0,0,0,61,0,0,0,3252,detection,
3252628,24,11,1066,1066,0,0,0,0,0,0,63,0,0,0,3252,detection,
3253145,1,16,788,788,0,0,0,0,0,0,33,0,0,0,3253,detection,
3253154,17,16,788,788,0,0,0,0,0,0,58,0,0,0,3253,detection,
3253218,8,16,788,788,0,0,0,0,0,0,55,0,0,0,3253,detection,
3253260,21,16,788,788,0,0,0,0,0,0,55,0,0,0,3253,detection,
3253261,11,16,788,788,0,0,0,0,0,0,59,0,0,0,3253,detection,
3254810,18,10,949,949,0,0,0,0,0,0,63,0,0,0,3254,detection,
3255793,1,21,532,532,0,0,0,0,0,0,38,0,0,0,3255,detection,
3256270,1,31,276,1187,-911,100,100,100,100,0,69,0,49,40,3256,detection,
3256278,15,31,276,1187,-911,100,100,100,13,0,59,0,56,40,3256,detection,
3256342,5,31,276,1187,-911,100,100,100,100,0,97,0,49,40,3256,detection,
3256385,21,31,276,1187,-911,100,100,100,100,0,86,0,49,40,3256,detection,
3256388,11,31,276,1187,-911,100,100,100,100,0,92,0,49,40,3256,detection,
3257109,9,4,1254,1254,0,0,0,0,0,0,60,0,0,0,3257,detection,
3258501,7,29,276,788,-512,100,98,100,0,0,52,0,56,40,3258,detection,
3259382,24,5,669,669,0,0,0,0,0,0,64,0,0,0,3259,detection,
3259386,11,5,669,669,0,0,0,0,0,0,59,0,0,0,3259,detection,
3261562,18,13,1280,1280,0,0,0,0,0,0,59,0,0,0,3261,detection,
3261595,27,13,1280,1280,0,0,0,0,0,0,68,0,0,0,3261,detection,
3261608,9,13,1280,1280,0,0,0,0,0,0,60,0,0,0,3261,detection,
3261613,19,13,1280,1280,0,0,0,0,0,0,56,0,0,0,3261,detection,
3261620,7,13,1280,1280,0,0,0,0,0,0,65,0,0,0,3261,detection,
3261646,3,13,1280,1280,0,0,0,0,0,0,61,0,0,0,3261,detection,
3261664,4,13,1280,1280,0,0,0,0,0,0,57,0,0,0,3261,detection,
3262001,7,29,276,788,-512,100,98,100,0,0,52,0,56,40,3262,detection,
3262240,19,14,1619,1619,0,0,0,0,0,0,57,0,0,0,3262,detection,
3262436,18,27,1536,1536,0,0,0,0,0,0,59,0,0,0,3262,detection,
3262656,3,7,1510,1510,0,0,0,0,0,0,71,0,0,0,3262,detection,
3263104,20,6,788,788,0,0,0,0,0,0,53,0,0,0,3263,detection,
3264230,20,8,865,865,0,0,0,0,0,0,56,0,0,0,3264,detection,
3264282,17,8,865,865,0,0,0,0,0,0,58,0,0,0,3264,detection,
3264434,10,30,276,1280,-1004,100,100,100,31,0,58,0,56,40,3264,detection,
3265884,7,29,276,788,-512,100,98,100,0,0,52,0,56,40,3265,detection,
3267355,1,31,276,1123,-847,100,100,100,7,0,67,0,49,40,3267,detection,
3267402,15,31,276,1123,-847,100,100,100,7,0,58,0,56,40,3267,detection,
3267436,22,31,276,1123,-847,100,100,100,100,0,95,0,49,40,3267,detection,
3267466,5,31,276,1123,-847,100,100,100,5,0,91,0,49,40,3267,detection,
3268505,24,5,669,669,0,0,0,0,0,0,63,0,0,0,3268,detection,
3269056,10,30,276,1024,-748,100,100,100,30,0,58,0,56,40,3269,detection,
3269553,18,13,532,532,0,0,0,0,0,0,59,0,0,0,3269,detection,
3269558,22,13,532,532,0,0,0,0,0,0,59,0,0,0,3269,detection,
3269567,23,13,532,532,0,0,0,0,0,0,64,0,0,0,3269,detection,
3269604,9,13,532,532,0,0,0,0,0,0,61,0,0,0,3269,detection,
3270616,26,16,788,788,0,0,0,0,0,0,72,0,0,0,3270,detection,
3270637,1,16,788,788,0,0,0,0,0,0,32,0,0,0,3270,detection,
3271641,11,12,788,788,0,0,0,0,0,0,59,0,0,0,3271,detection,
3271718,5,12,788,788,0,0,0,0,0,0,59,0,0,0,3271,detection,
3273026,12,11,1066,1066,0,0,0,0,0,0,68,0,0,0,3273,detection,
3273116,28,11,1066,1066,0,0,0,0,0,0,61,0,0,0,3273,detection,
3273147,12,14,788,788,0,0,0,0,0,0,65,0,0,0,3273,detection,
3274054,1,21,583,583,0,0,0,0,0,0,38,0,0,0,3274,detection,
3275835,2,22,788,788,0,0,0,0,0,0,61,0,0,0,3275,detection,
3275847,27,22,788,788,0,0,0,0,0,0,56,0,0,0,3275,detection,
3275855,13,22,788,788,0,0,0,0,0,0,61,0,0,0,3275,detection,
3275861,19,22,788,788,0,0,0,0,0,0,59,0,0,0,3275,detection,
3275861,9,22,788,788,0,0,0,0,0,0,70,0,0,0,3275,detection,
3276064,23,13,551,551,0,0,0,0,0,0,65,0,0,0,3276,detection,
3276068,18,13,551,551,0,0,0,0,0,0,60,0,0,0,3276,detection,
3276081,2,13,551,551,0,0,0,0,0,0,59,0,0,0,3276,detection,
3276094,27,13,551,551,0,0,0,0,0,0,65,0,0,0,3276,detection,
3277242,26,27,1044,1044,0,0,0,0,0,0,54,0,0,0,3277,detection,
3278475,8,7,788,788,0,0,0,0,0,0,62,0,0,0,3278,detection,
3278868,26,27,1014,1014,0,0,0,0,0,0,57,0,0,0,3278,detection,
3279372,7,20,820,820,0,0,0,0,0,0,56,0,0,0,3279,detection,
3279381,24,20,820,820,0,0,0,0,0,0,68,0,0,0,3279,detection,
3279400,6,20,820,820,0,0,0,0,0,0,59,0,0,0,3279,detection,
3279733,20,24,863,863,0,0,0,0,0,0,59,0,0,0,3279,detection,
3279776,6,24,863,863,0,0,0,0,0,0,56,0,0,0,3279,detection,
3280522,12,14,883,883,0,0,0,0,0,0,65,0,0,0,3280,detection,
3280611,19,14,883,883,0,0,0,0,0,0,62,0,0,0,3280,detection,
3280969,27,22,551,551,0,0,0,0,0,0,58,0,0,0,3280,detection,
3280977,13,22,551,551,0,0,0,0,0,0,61,0,0,0,3280,detection,
3280990,9,22,551,551,0,0,0,0,0,0,71,0,0,0,3280,detection,
3282251,7,2,774,774,0,0,0,0,0,0,49,0,0,0,3282,detection,
3282853,20,8,865,865,0,0,0,0,0,0,56,0,0,0,3282,detection,
3282901,16,8,865,865,0,0,0,0,0,0,63,0,0,0,3282,detection,
3282905,17,8,865,865,0,0,0,0,0,0,57,0,0,0,3282,detection,
3283634,11,5,655,655,0,0,0,0,0,0,59,0,0,0,3283,detection,
3283656,15,5,655,655,0,0,0,0,0,0,61,0,0,0,3283,detection,
3284194,14,4,1184,1184,0,0,0,0,0,0,62,0,0,0,3284,detection,
3284276,3,4,1184,1184,0,0,0,0,0,0,68,0,0,0,3284,detection,
3286709,2,30,276,1024,-748,100,100,100,0,0,56,0,56,40,3286,detection,
3286726,27,30,276,1024,-748,100,100,100,11,0,60,0,56,40,3286,detection,
3286776,16,30,276,1024,-748,100,100,100,0,0,62,0,52,40,3286,detection,
3286777,12,30,276,1024,-748,100,100,100,0,0,60,0,56,40,3286,detection,
3286782,15,30,276,1024,-748,100,100,100,25,0,70,0,49,40,3286,detection,
3286807,10,30,276,1024,-748,100,100,100,0,0,59,0,56,40,3286,detection,
3286816,22,30,276,1024,-748,100,100,100,0,0,59,0,56,40,3286,detection,
3288182,22,13,543,543,0,0,0,0,0,0,59,0,0,0,3288,detection,
3288182,18,13,543,543,0,0,0,0,0,0,61,0,0,0,3288,detection,
3288191,23,13,543,543,0,0,0,0,0,0,66,0,0,0,3288,detection,
3288207,2,13,543,543,0,0,0,0,0,0,60,0,0,0,3288,detection,
3288220,27,13,543,543,0,0,0,0,0,0,66,0,0,0,3288,detection,
3288229,9,13,543,543,0,0,0,0,0,0,62,0,0,0,3288,detection,
3288275,12,19,512,512,0,0,0,0,0,0,62,0,0,0,3288,detection,
3288389,11,19,512,512,0,0,0,0,0,0,64,0,0,0,3288,detection,
3289089,1,31,276,532,-256,100,41,100,64,0,70,0,49,40,3289,detection,
3289095,5,31,276,532,-256,100,33,100,52,0,98,0,49,40,3289,detection,
3289155,15,31,276,532,-256,100,45,100,70,0,59,0,56,40,3289,detection,
3289184,10,31,276,532,-256,100,44,100,63,0,63,0,49,40,3289,detection,
3291299,1,21,808,808,0,0,0,0,0,0,37,0,0,0,3291,detection,
3291394,16,21,808,808,0,0,0,0,0,0,59,0,0,0,3291,detection,
3291402,17,21,808,808,0,0,0,0,0,0,57,0,0,0,3291,detection,
3291982,13,18,807,807,0,0,0,0,0,0,66,0,0,0,3291,detection,
3292043,4,18,807,807,0,0,0,0,0,0,59,0,0,0,3292,detection,
3294093,8,7,788,788,0,0,0,0,0,0,57,0,0,0,3294,detection,
3294275,1,16,788,788,0,0,0,0,0,0,32,0,0,0,3294,detection,
3297172,1,31,276,532,-256,100,40,100,0,0,73,0,49,40,3297,detection,
3297180,10,31,276,532,-256,100,44,100,0,0,63,0,49,40,3297,detection,
3297278,15,31,276,532,-256,100,45,100,0,0,60,0,56,40,3297,detection,
3298073,14,23,532,532,0,0,0,0,0,0,60,0,0,0,3298,detection,
3298220,8,7,1286,1286,0,0,0,0,0,0,60,0,0,0,3298,detection,
3299787,4,18,863,863,0,0,0,0,0,0,59,0,0,0,3299,detection,
3305094,8,7,1300,1300,0,0,0,0,0,0,59,0,0,0,3305,detection,
3307401,6,23,583,583,0,0,0,0,0,0,60,0,0,0,3307,detection,
3307445,14,23,583,583,0,0,0,0,0,0,61,0,0,0,3307,detection,
3307480,5,23,583,583,0,0,0,0,0,0,56,0,0,0,3307,detection,
3307487,19,23,583,583,0,0,0,0,0,0,59,0,0,0,3307,detection,
3307513,11,23,583,583,0,0,0,0,0,0,59,0,0,0,3307,detection,
3307649,12,30,276,1181,-905,100,100,100,18,0,60,0,56,40,3307,detection,
3307692,22,30,276,1181,-905,100,100,100,18,0,58,0,56,40,3307,detection,
3307709,2,30,276,1181,-905,100,100,100,19,0,55,0,56,40,3307,detection,
3309718,8,7,1095,1095,0,0,0,0,0,0,59,0,0,0,3309,detection,
3311588,1,16,788,788,0,0,0,0,0,0,35,0,0,0,3311,detection,
3311596,8,16,788,788,0,0,0,0,0,0,59,0,0,0,3311,detection,
3311722,5,19,532,532,0,0,0,0,0,0,63,0,0,0,3311,detection,
3311934,10,31,276,532,-256,100,44,100,0,0,63,0,49,40,3311,detection,
3311935,22,31,276,532,-256,100,34,100,53,0,95,0,49,40,3311,detection,
3312028,15,31,276,532,-256,100,45,100,0,0,61,0,54,40,3312,detection,
3316218,8,7,864,864,0,0,0,0,0,0,59,0,0,0,3316,detection,
3317351,27,8,1167,1167,0,0,0,0,0,0,66,0,0,0,3317,detection,
3319212,1,16,788,788,0,0,0,0,0,0,35,0,0,0,3319,detection,
3319233,13,16,788,788,0,0,0,0,0,0,62,0,0,0,3319,detection,
3319258,21,16,788,788,0,0,0,0,0,0,58,0,0,0,3319,detection,
3319263,11,16,788,788,0,0,0,0,0,0,59,0,0,0,3319,detection,
3319271,3,16,788,788,0,0,0,0,0,0,61,0,0,0,3319,detection,
3319816,23,11,839,839,0,0,0,0,0,0,64,0,0,0,3319,detection,
3320150,12,19,532,532,0,0,0,0,0,0,64,0,0,0,3320,detection,
3321709,2,10,788,788,0,0,0,0,0,0,63,0,0,0,3321,detection,
3321730,13,10,788,788,0,0,0,0,0,0,63,0,0,0,3321,detection,
3322269,6,23,788,788,0,0,0,0,0,0,59,0,0,0,3322,detection,
3322321,14,23,788,788,0,0,0,0,0,0,60,0,0,0,3322,detection,
3323713,2,22,606,606,0,0,0,0,0,0,62,0,0,0,3323,detection,
3323720,27,8,1300,1300,0,0,0,0,0,0,64,0,0,0,3323,detection,
3323721,5,22,606,606,0,0,0,0,0,0,74,0,0,0,3323,detection,
3323738,19,22,606,606,0,0,0,0,0,0,59,0,0,0,3323,detection,
3323743,25,22,606,606,0,0,0,0,0,0,60,0,0,0,3323,detection,
3324908,15,13,591,591,0,0,0,0,0,0,58,0,0,0,3324,detection,
3324933,10,13,591,591,0,0,0,0,0,0,57,0,0,0,3324,detection,
3326270,1,16,1044,1044,0,0,0,0,0,0,35,0,0,0,3326,detection,
3326314,22,16,1044,1044,0,0,0,0,0,0,61,0,0,0,3326,detection,
3326322,23,16,1044,1044,0,0,0,0,0,0,61,0,0,0,3326,detection,
3326326,14,16,1044,1044,0,0,0,0,0,0,62,0,0,0,3326,detection,
3326382,21,16,1044,1044,0,0,0,0,0,0,59,0,0,0,3326,detection,
3326387,11,16,1044,1044,0,0,0,0,0,0,59,0,0,0,3326,detection,
3326398,3,16,1044,1044,0,0,0,0,0,0,63,0,0,0,3326,detection,
3327023,6,28,788,788,0,0,0,0,0,0,60,0,0,0,3327,detection,
3327443,23,14,1090,1090,0,0,0,0,0,0,61,0,0,0,3327,detection,
3330795,4,30,276,1118,-842,100,100,100,100,0,57,0,56,40,3330,detection,
3330812,18,30,276,1118,-842,100,100,100,39,0,59,0,56,40,3330,detection,
3331370,28,23,911,911,0,0,0,0,0,0,65,0,0,0,3331,detection,
3332730,13,8,1376,1376,0,0,0,0,0,0,59,0,0,0,3332,detection,
3332940,23,11,839,839,0,0,0,0,0,0,64,0,0,0,3332,detection,
3332995,28,11,839,839,0,0,0,0,0,0,61,0,0,0,3332,detection,
3334939,22,4,788,788,0,0,0,0,0,0,61,0,0,0,3334,detection,
3334997,7,4,788,788,0,0,0,0,0,0,59,0,0,0,3334,detection,
3335010,21,4,788,788,0,0,0,0,0,0,56,0,0,0,3335,detection,
3335023,3,4,788,788,0,0,0,0,0,0,66,0,0,0,3335,detection,
3335028,6,4,788,788,0,0,0,0,0,0,59,0,0,0,3335,detection,
3337220,27,8,1095,1095,0,0,0,0,0,0,65,0,0,0,3337,detection,
3337228,13,8,1095,1095,0,0,0,0,0,0,59,0,0,0,3337,detection,
3337228,20,8,1095,1095,0,0,0,0,0,0,60,0,0,0,3337,detection,
3337400,16,26,1029,1029,0,0,0,0,0,0,62,0,0,0,3337,detection,
3337619,28,23,1141,1141,0,0,0,0,0,0,64,0,0,0,3337,detection,
3338022,6,3,768,768,0,0,0,0,0,0,68,0,0,0,3338,detection,
3338096,5,12,803,803,0,0,0,0,0,0,59,0,0,0,3338,detection,
3338155,15,12,803,803,0,0,0,0,0,0,58,0,0,0,3338,detection,
3338188,22,16,1044,1044,0,0,0,0,0,0,61,0,0,0,3338,detection,
3338439,22,21,1192,1192,0,0,0,0,0,0,63,0,0,0,3338,detection,
3338520,16,21,1192,1192,0,0,0,0,0,0,62,0,0,0,3338,detection,
3338542,4,21,1192,1192,0,0,0,0,0,0,61,0,0,0,3338,detection,
3338606,20,9,1029,1029,0,0,0,0,0,0,71,0,0,0,3338,detection,
3338774,3,7,864,864,0,0,0,0,0,0,68,0,0,0,3338,detection,
3338855,9,7,864,864,0,0,0,0,0,0,77,0,0,0,3338,detection,
3339041,4,30,276,862,-586,100,100,100,30,0,58,0,56,40,3339,detection,
3339067,18,30,276,862,-586,100,100,100,30,0,60,0,56,40,3339,detection,
3339376,7,29,276,824,-548,100,100,100,4,0,52,0,56,40,3339,detection,
3339655,15,31,276,845,-569,100,100,100,37,0,60,0,56,40,3339,detection,
3339684,10,31,276,845,-569,100,100,100,37,0,59,0,56,40,3339,detection,
3339719,5,31,276,845,-569,100,77,100,28,0,93,0,49,40,3339,detection,
3339761,19,31,276,845,-569,100,100,100,28,0,59,0,56,40,3339,detection,
3340146,12,19,1044,1044,0,0,0,0,0,0,59,0,0,0,3340,detection,
3342563,22,4,532,532,0,0,0,0,0,0,63,0,0,0,3342,detection,
3342571,14,4,532,532,0,0,0,0,0,0,63,0,0,0,3342,detection,
3342769,16,21,788,788,0,0,0,0,0,0,61,0,0,0,3342,detection,
3342788,4,21,788,788,0,0,0,0,0,0,60,0,0,0,3342,detection,
3343073,14,16,532,532,0,0,0,0,0,0,63,0,0,0,3343,detection,
3343099,27,16,532,532,0,0,0,0,0,0,61,0,0,0,3343,detection,
3343120,26,16,532,532,0,0,0,0,0,0,73,0,0,0,3343,detection,
3343137,21,16,532,532,0,0,0,0,0,0,60,0,0,0,3343,detection,
3344527,15,12,775,775,0,0,0,0,0,0,57,0,0,0,3344,detection,
3344595,5,12,775,775,0,0,0,0,0,0,58,0,0,0,3344,detection,
3345521,6,3,768,768,0,0,0,0,0,0,66,0,0,0,3345,detection,
3346024,16,26,1029,1029,0,0,0,0,0,0,57,0,0,0,3346,detection,
3346229,20,8,1146,1146,0,0,0,0,0,0,60,0,0,0,3346,detection,
3346500,7,29,276,793,-517,100,99,100,3,0,52,0,56,40,3346,detection,
3347356,9,20,1066,1066,0,0,0,0,0,0,62,0,0,0,3347,detection,
3347381,24,20,1066,1066,0,0,0,0,0,0,66,0,0,0,3347,detection,
3347636,21,27,532,532,0,0,0,0,0,0,56,0,0,0,3347,detection,
3349721,5,14,788,788,0,0,0,0,0,0,64,0,0,0,3349,detection,
3349737,19,14,788,788,0,0,0,0,0,0,60,0,0,0,3349,detection,
3350370,28,23,1141,1141,0,0,0,0,0,0,62,0,0,0,3350,detection,
3350787,4,21,532,532,0,0,0,0,0,0,61,0,0,0,3350,detection,
3350808,18,21,532,532,0,0,0,0,0,0,61,0,0,0,3350,detection,
3350899,3,2,788,788,0,0,0,98,0,15,59,0,60,40,3350,detection,
3351147,3,16,532,532,0,0,0,0,0,0,64,0,0,0,3351,detection,
3351164,4,16,532,532,0,0,0,0,0,0,69,0,0,0,3351,detection,
3351186,22,16,532,532,0,0,0,0,0,0,62,0,0,0,3351,detection,
3351186,18,16,532,532,0,0,0,0,0,0,68,0,0,0,3351,detection,
3351198,14,16,532,532,0,0,0,0,0,0,63,0,0,0,3351,detection,
3353686,22,4,532,532,0,0,0,0,0,0,65,0,0,0,3353,detection,
3353772,6,4,532,532,0,0,0,0,0,0,59,0,0,0,3353,detection,
3353975,8,13,788,788,0,0,0,0,0,0,59,0,0,0,3353,detection,
3354030,15,13,788,788,0,0,0,0,0,0,57,0,0,0,3354,detection,
3354059,10,13,788,788,0,0,0,0,0,0,53,0,0,0,3354,detection,
3354346,27,30,276,887,-611,100,100,100,15,0,64,0,49,40,3354,detection,
3354379,7,30,276,887,-611,100,100,100,49,0,59,0,56,40,3354,detection,
3354388,21,30,276,887,-611,100,97,100,14,0,73,0,49,40,3354,detection,
3354401,3,30,276,887,-611,100,100,100,16,0,58,0,56,40,3354,detection,
3354401,16,30,276,887,-611,100,100,100,15,0,63,0,49,40,3354,detection,
3354435,18,30,276,887,-611,100,100,100,2,0,61,0,54,40,3354,detection,
3357406,15,12,775,775,0,0,0,0,0,0,53,0,0,0,3357,detection,
3357470,5,12,775,775,0,0,0,0,0,0,58,0,0,0,3357,detection,
3358728,9,20,1066,1066,0,0,0,0,0,0,61,0,0,0,3358,detection,
3358758,24,20,1066,1066,0,0,0,0,0,0,61,0,0,0,3358,detection,
3359024,12,19,1120,1120,0,0,0,0,0,0,62,0,0,0,3359,detection,
3359033,15,19,1120,1120,0,0,0,0,0,0,61,0,0,0,3359,detection,
3359147,3,7,864,864,0,0,0,0,0,0,69,0,0,0,3359,detection,
3359525,1,26,1029,1029,0,0,0,0,0,0,38,0,0,0,3359,detection,
3359684,10,13,1044,1044,0,0,0,0,0,0,54,0,0,0,3359,detection,
3359719,8,13,1044,1044,0,0,0,0,0,0,56,0,0,0,3359,detection,
3360267,16,21,532,532,0,0,0,0,0,0,62,0,0,0,3360,detection,
3360310,18,21,532,532,0,0,0,0,0,0,61,0,0,0,3360,detection,
3360315,22,21,532,532,0,0,0,0,0,0,64,0,0,0,3360,detection,
3360613,19,5,665,665,0,0,0,0,0,0,63,0,0,0,3360,detection,
3360655,15,5,665,665,0,0,0,0,0,0,60,0,0,0,3360,detection,
3360898,12,14,762,762,0,0,0,0,0,0,63,0,0,0,3360,detection,
3360936,10,14,762,762,0,0,0,0,0,0,58,0,0,0,3360,detection,
3360969,5,14,762,762,0,0,0,0,0,0,63,0,0,0,3360,detection,
3361247,28,29,276,788,-512,100,95,100,3,0,55,0,56,40,3361,detection,
3361774,3,2,532,532,0,0,0,91,0,16,56,0,60,40,3361,detection,
3361826,14,2,532,532,0,0,0,100,0,0,60,0,60,40,3361,detection,
3362410,4,16,532,532,0,0,0,0,0,0,69,0,0,0,3362,detection,
3362439,22,16,532,532,0,0,0,0,0,0,63,0,0,0,3362,detection,
3362867,1,25,788,788,0,0,0,0,0,0,42,0,0,0,3362,detection,
3363353,13,8,1146,1146,0,0,0,0,0,0,60,0,0,0,3363,detection,
3364105,9,20,788,788,0,0,0,0,0,0,61,0,0,0,3364,detection,
3364130,24,20,788,788,0,0,0,0,0,0,64,0,0,0,3364,detection,
3365222,5,19,1120,1120,0,0,0,0,0,0,65,0,0,0,3365,detection,
3365273,12,19,1120,1120,0,0,0,0,0,0,62,0,0,0,3365,detection,
3366630,24,11,1091,1091,0,0,0,0,0,0,61,0,0,0,3366,detection,
3368471,5,12,2048,2048,0,0,0,0,0,0,70,0,0,0,3368,detection,
3368531,15,12,2048,2048,0,0,0,0,0,0,76,0,0,0,3368,detection,
3368542,1,25,788,788,0,0,0,0,0,0,41,0,0,0,3368,detection,
3368624,26,25,788,788,0,0,0,0,0,0,59,0,0,0,3368,detection,
3370246,28,6,788,788,0,0,0,0,0,0,59,0,0,0,3370,detection,
3372231,9,20,532,532,0,0,0,0,0,0,59,0,0,0,3372,detection,
3373004,7,2,532,532,0,0,0,0,0,0,54,0,0,0,3373,detection,
3375078,14,31,276,2192,-1916,100,100,100,99,0,67,0,49,40,3375,detection,
3375096,5,31,276,2192,-1916,100,100,100,100,0,85,0,49,40,3375,detection,
3375156,15,31,276,2192,-1916,100,100,100,100,0,67,0,49,40,3375,detection,
3375185,10,31,276,2192,-1916,100,100,100,100,0,78,0,49,40,3375,detection,
3375530,15,13,1044,1044,0,0,0,0,0,0,58,0,0,0,3375,detection,
3375594,8,13,1044,1044,0,0,0,0,0,0,56,0,0,0,3375,detection,
3376699,14,10,788,788,0,0,0,0,0,0,55,0,0,0,3376,detection,
3376708,2,10,788,788,0,0,0,0,0,0,62,0,0,0,3376,detection,
3376717,8,10,788,788,0,0,0,0,0,0,59,0,0,0,3376,detection,
3376759,21,10,788,788,0,0,0,0,0,0,61,0,0,0,3376,detection,
3376902,15,12,1896,1896,0,0,0,0,0,0,76,0,0,0,3376,detection,
3376971,5,12,1896,1896,0,0,0,0,0,0,70,0,0,0,3376,detection,
3377856,20,6,788,788,0,0,0,0,0,0,58,0,0,0,3377,detection,
3377868,28,6,788,788,0,0,0,0,0,0,59,0,0,0,3377,detection,
3378432,10,30,276,1044,-768,100,100,100,2,0,59,0,56,40,3378,detection,
3378524,3,30,276,1044,-768,100,100,100,19,0,57,0,56,40,3378,detection,
3380151,6,19,1291,1291,0,0,0,0,0,0,67,0,0,0,3380,detection,
3380155,15,19,1291,1291,0,0,0,0,0,0,62,0,0,0,3380,detection,
3380219,5,19,1291,1291,0,0,0,0,0,0,67,0,0,0,3380,detection,
3381028,15,12,1300,1300,0,0,0,0,0,0,76,0,0,0,3381,detection,
3381984,19,5,651,651,0,0,0,0,0,0,62,0,0,0,3381,detection,
3382009,24,5,651,651,0,0,0,0,0,0,58,0,0,0,3382,detection,
3382030,15,5,651,651,0,0,0,0,0,0,60,0,0,0,3382,detection,
3383396,3,30,276,1044,-768,100,100,100,0,0,57,0,56,40,3383,detection,
3383404,12,30,276,1044,-768,100,100,100,16,0,59,0,56,40,3383,detection,
3383430,10,30,276,1044,-768,100,100,100,0,0,58,0,56,40,3383,detection,
3384121,26,9,1029,1029,0,0,0,0,0,0,56,0,0,0,3384,detection,
3384840,1,25,788,788,0,0,0,0,0,0,40,0,0,0,3384,detection,
3385306,10,21,557,557,0,0,0,0,0,0,62,0,0,0,3385,detection,
3385374,26,21,557,557,0,0,0,0,0,0,67,0,0,0,3385,detection,
3385970,5,19,1163,1163,0,0,0,0,0,0,65,0,0,0,3385,detection,
3386022,6,19,1163,1163,0,0,0,0,0,0,65,0,0,0,3386,detection,
3386528,6,20,532,532,0,0,0,0,0,0,60,0,0,0,3386,detection,
3386689,22,4,762,762,0,0,0,0,0,0,64,0,0,0,3386,detection,
3386764,1,26,1029,1029,0,0,0,0,0,0,37,0,0,0,3386,detection,
3386770,16,4,762,762,0,0,0,0,0,0,67,0,0,0,3386,detection,
3386782,17,4,762,762,0,0,0,0,0,0,60,0,0,0,3386,detection,
3387276,17,16,784,784,0,0,0,0,0,0,57,0,0,0,3387,detection,
3387285,4,16,784,784,0,0,0,0,0,0,67,0,0,0,3387,detection,
3387314,22,16,784,784,0,0,0,0,0,0,58,0,0,0,3387,detection,
3387336,2,16,784,784,0,0,0,0,0,0,54,0,0,0,3387,detection,
3388354,20,6,788,788,0,0,0,0,0,0,58,0,0,0,3388,detection,
3388383,24,6,788,788,0,0,0,0,0,0,59,0,0,0,3388,detection,
3391271,12,14,762,762,0,0,0,0,0,0,62,0,0,0,3391,detection,
3391727,13,8,1146,1146,0,0,0,0,0,0,60,0,0,0,3391,detection,
3391736,9,8,1146,1146,0,0,0,0,0,0,61,0,0,0,3391,detection,
3391745,26,8,1146,1146,0,0,0,0,0,0,63,0,0,0,3391,detection,
3392022,3,30,276,1251,-975,100,100,100,26,0,53,0,56,40,3392,detection,
3392402,15,12,907,907,0,0,0,0,0,0,79,0,0,0,3392,detection,
3392698,14,31,276,899,-623,100,100,100,100,0,68,0,49,40,3392,detection,
3394513,24,29,276,1055,-779,100,100,100,21,0,59,0,56,40,3394,detection,
3396130,24,5,1658,1658,0,0,0,0,0,0,61,0,0,0,3396,detection,
3396733,20,7,864,864,0,0,0,0,0,0,61,0,0,0,3396,detection,
3397146,3,30,276,1281,-1005,100,100,100,3,0,52,0,56,40,3397,detection,
3397253,7,30,276,1281,-1005,100,100,100,47,0,59,0,56,40,3397,detection,
3398376,7,2,532,532,0,0,0,0,0,0,54,0,0,0,3398,detection,
3400562,18,27,557,557,0,0,0,0,0,0,59,0,0,0,3400,detection,
3402505,24,5,788,788,0,100,0,0,0,0,68,0,49,40,3402,detection,
3403372,26,9,532,532,0,0,0,0,0,0,62,0,0,0,3403,detection,
3403518,3,30,276,1281,-1005,100,100,100,0,0,52,0,56,40,3403,detection,
3403537,4,16,784,784,0,0,0,0,0,0,65,0,0,0,3403,detection,
3403585,2,18,863,863,0,0,0,0,0,0,61,0,0,0,3403,detection,
3403597,27,18,863,863,0,0,0,0,0,0,66,0,0,0,3403,detection,
3403666,4,18,863,863,0,0,0,0,0,0,60,0,0,0,3403,detection,
3404239,19,23,788,788,0,0,0,0,0,0,59,0,0,0,3404,detection,
3405304,10,21,600,600,0,0,0,0,0,0,62,0,0,0,3405,detection,
3407009,24,29,276,1044,-768,100,100,100,1,0,59,0,56,40,3407,detection,
3407147,3,13,925,925,0,0,0,0,0,0,60,0,0,0,3407,detection,
3407901,16,8,1044,1044,0,0,0,0,0,0,58,0,0,0,3407,detection,
3410009,24,3,532,532,0,0,0,0,0,0,67,0,0,0,3410,detection,
3412375,7,30,276,1044,-768,100,100,100,28,0,58,0,56,40,3412,detection,
3412397,3,30,276,1044,-768,100,100,100,29,0,56,0,56,40,3412,detection,
3412405,12,30,276,1044,-768,100,100,100,0,0,59,0,56,40,3412,detection,
3412431,10,30,276,1044,-768,100,100,100,0,0,54,0,56,40,3412,detection,
3412474,8,30,276,1044,-768,100,100,100,64,0,58,0,56,40,3412,detection,
3413010,11,23,762,762,0,0,0,0,0,0,59,0,0,0,3413,detection,
3413027,6,23,762,762,0,0,0,0,0,0,59,0,0,0,3413,detection,
3414852,13,8,788,788,0,0,0,0,0,0,59,0,0,0,3414,detection,
3414899,3,8,788,788,0,0,0,0,0,0,55,0,0,0,3414,detection,
3417133,11,23,1044,1044,0,0,0,0,0,0,59,0,0,0,3417,detection,
3417236,19,23,1044,1044,0,0,0,0,0,0,58,0,0,0,3417,detection,
3418265,11,19,907,907,0,0,0,0,0,0,65,0,0,0,3418,detection,
3418279,15,19,907,907,0,0,0,0,0,0,68,0,0,0,3418,detection,
3418322,23,19,907,907,0,0,0,0,0,0,64,0,0,0,3418,detection,
3418981,20,7,1044,1044,0,0,0,0,0,0,60,0,0,0,3418,detection,
3418996,26,7,1044,1044,0,0,0,0,0,0,56,0,0,0,3418,detection,
3419241,19,11,1300,1300,0,0,0,0,0,0,64,0,0,0,3419,detection,
3419533,1,16,784,784,0,0,0,0,0,0,36,0,0,0,3419,detection,
3419556,10,16,784,784,0,0,0,0,0,0,59,0,0,0,3419,detection,
3419575,23,16,784,784,0,0,0,0,0,0,60,0,0,0,3419,detection,
3419597,27,16,784,784,0,0,0,0,0,0,60,0,0,0,3419,detection,
3419598,8,16,784,784,0,0,0,0,0,0,58,0,0,0,3419,detection,
3419641,11,16,784,784,0,0,0,0,0,0,59,0,0,0,3419,detection,
3419650,12,16,784,784,0,0,0,0,0,0,62,0,0,0,3419,detection,
3420006,24,3,1300,1300,0,0,0,0,0,0,65,0,0,0,3420,detection,
3420027,1,25,762,762,0,0,0,0,0,0,41,0,0,0,3420,detection,
3422405,12,30,276,1581,-1305,100,100,100,64,0,59,0,56,40,3422,detection,
3422432,10,30,276,1581,-1305,100,100,100,67,0,54,0,56,40,3422,detection,
3422470,8,30,276,1581,-1305,100,100,100,64,0,58,0,56,40,3422,detection,
3422487,9,30,276,1581,-1305,100,100,100,82,0,63,0,49,40,3422,detection,
3424986,19,11,1296,1296,0,0,0,0,0,0,62,0,0,0,3424,detection,
3424994,28,24,788,788,0,0,0,0,0,0,64,0,0,0,3424,detection,
3425893,1,25,739,739,0,0,0,0,0,0,40,0,0,0,3425,detection,
3426105,20,7,1300,1300,0,0,0,0,0,0,61,0,0,0,3426,detection,
3427025,6,23,839,839,0,0,0,0,0,0,59,0,0,0,3427,detection,
3427107,19,23,839,839,0,0,0,0,0,0,58,0,0,0,3427,detection,
3428136,11,19,907,907,0,0,0,0,0,0,66,0,0,0,3428,detection,
3428740,28,24,788,788,0,0,0,0,0,0,63,0,0,0,3428,detection,
3429330,1,16,768,768,0,0,0,0,0,0,31,0,0,0,3429,detection,
3429343,8,16,768,768,0,0,0,0,0,0,58,0,0,0,3429,detection,
3429386,21,16,768,768,0,0,0,0,0,0,59,0,0,0,3429,detection,
3429387,11,16,768,768,0,0,0,0,0,0,54,0,0,0,3429,detection,
3429398,3,16,768,768,0,0,0,0,0,0,58,0,0,0,3429,detection,
3429870,28,13,925,925,0,0,0,0,0,0,56,0,0,0,3429,detection,
3430642,3,8,532,532,0,0,0,0,0,0,56,0,0,0,3430,detection,
3430664,4,8,532,532,0,0,0,0,0,0,56,0,0,0,3430,detection,
3430727,13,8,532,532,0,0,0,0,0,0,60,0,0,0,3430,detection,
3430779,15,11,512,512,0,0,0,0,0,0,63,0,0,0,3430,detection,
3431286,1,25,1280,1280,0,0,0,0,0,0,39,0,0,0,3431,detection,
3435157,17,26,1029,1029,0,0,0,0,0,0,58,0,0,0,3435,detection,
3435238,1,16,512,512,0,0,0,0,0,0,32,0,0,0,3435,detection,
3435255,21,16,512,512,0,0,0,0,0,0,61,0,0,0,3435,detection,
3435268,3,16,512,512,0,0,0,0,0,0,59,0,0,0,3435,detection,
3435315,23,16,512,512,0,0,0,0,0,0,61,0,0,0,3435,detection,
3437886,11,19,1137,1137,0,0,0,0,0,0,61,0,0,0,3437,detection,
3438117,20,7,1300,1300,0,0,0,0,0,0,61,0,0,0,3438,detection,
3438973,27,30,276,1285,-1009,100,100,100,45,0,63,0,49,40,3438,detection,
3438985,9,30,276,1285,-1009,100,100,100,35,0,60,0,56,40,3438,detection,
3439027,12,30,276,1285,-1009,100,100,100,36,0,56,0,56,40,3439,detection,
3439033,15,30,276,1285,-1009,100,100,100,28,0,70,0,49,40,3439,detection,
3439038,4,30,276,1285,-1009,100,100,100,50,0,59,0,56,40,3439,detection,
3439058,10,30,276,1285,-1009,100,100,100,35,0,59,0,56,40,3439,detection,
3439067,22,30,276,1285,-1009,100,100,100,12,0,59,0,56,40,3439,detection,
3439439,22,10,788,788,0,0,0,0,0,0,61,0,0,0,3439,detection,
3439580,1,25,1024,1024,0,0,0,0,0,0,34,0,0,0,3439,detection,
3439598,27,25,1024,1024,0,0,0,0,0,0,61,0,0,0,3439,detection,
3441243,28,24,1044,1044,0,0,0,0,0,0,62,0,0,0,3441,detection,
3442991,25,2,762,762,0,0,0,0,0,0,65,0,0,0,3442,detection,
3442999,7,2,762,762,0,0,0,0,0,0,53,0,0,0,3442,detection,
3443564,22,10,788,788,0,0,0,0,0,0,62,0,0,0,3443,detection,
3443998,26,9,532,532,0,0,0,0,0,0,63,0,0,0,3443,detection,
3444060,22,8,532,532,0,0,0,0,0,0,57,0,0,0,3444,detection,
3444085,2,8,532,532,0,0,0,0,0,0,57,0,0,0,3444,detection,
3444098,27,8,532,532,0,0,0,0,0,0,65,0,0,0,3444,detection,
3444110,9,8,532,532,0,0,0,0,0,0,62,0,0,0,3444,detection,
3444113,13,8,532,532,0,0,0,0,0,0,56,0,0,0,3444,detection,
3444119,26,8,532,532,0,0,0,0,0,0,63,0,0,0,3444,detection,
3445520,16,21,1024,1024,0,0,0,0,0,0,62,0,0,0,3445,detection,
3446087,2,22,833,833,0,0,0,0,0,0,61,0,0,0,3446,detection,
3446460,2,30,276,788,-512,100,91,100,46,0,59,0,56,40,3446,detection,
3446468,8,30,276,788,-512,100,91,100,94,0,59,0,56,40,3446,detection,
3446472,27,30,276,788,-512,100,88,100,57,0,63,0,49,40,3446,detection,
3446940,23,11,512,512,0,0,0,0,0,0,65,0,0,0,3446,detection,
3447131,21,16,512,512,0,0,0,0,0,0,62,0,0,0,3447,detection,
3447199,14,16,512,512,0,0,0,0,0,0,59,0,0,0,3447,detection,
3447648,1,25,1069,1069,0,0,0,0,0,0,37,0,0,0,3447,detection,
3447653,12,25,1069,1069,0,0,0,0,0,0,53,0,0,0,3447,detection,
3447657,17,25,1069,1069,0,0,0,0,0,0,58,0,0,0,3447,detection,
3447730,20,7,1069,1069,0,0,0,0,0,0,60,0,0,0,3447,detection,
3450776,6,5,768,768,0,0,0,0,0,0,60,0,0,0,3450,detection,
3450870,28,5,768,768,0,0,0,0,0,0,66,0,0,0,3450,detection,
3452151,6,24,1176,1176,0,0,0,0,0,0,63,0,0,0,3452,detection,
3452640,11,19,1137,1137,0,0,0,0,0,0,59,0,0,0,3452,detection,
3452651,12,19,1137,1137,0,0,0,0,0,0,61,0,0,0,3452,detection,
3452654,15,19,1137,1137,0,0,0,0,0,0,66,0,0,0,3452,detection,
3452985,9,4,762,762,0,0,0,0,0,0,56,0,0,0,3452,detection,
3453147,6,28,788,788,0,0,0,0,0,0,62,0,0,0,3453,detection,
3454367,26,27,784,784,0,0,0,0,0,0,57,0,0,0,3454,detection,
3454897,12,11,512,512,0,0,0,0,0,0,69,0,0,0,3454,detection,
3454905,15,11,512,512,0,0,0,0,0,0,63,0,0,0,3454,detection,
3455514,11,22,833,833,0,0,0,0,0,0,61,0,0,0,3455,detection,
3455750,7,2,762,762,0,0,0,0,0,0,49,0,0,0,3455,detection,
3456218,8,10,788,788,0,0,0,0,0,0,59,0,0,0,3456,detection,
3456664,4,30,276,1675,-1399,100,100,100,47,0,57,0,56,40,3456,detection,
3456720,8,30,276,1675,-1399,100,100,100,100,0,61,0,55,40,3456,detection,
3456724,27,30,276,1675,-1399,100,100,100,99,0,66,0,49,40,3456,detection,
3456732,9,30,276,1675,-1399,100,100,100,44,0,64,0,49,40,3456,detection,
3456779,12,30,276,1675,-1399,100,100,100,45,0,61,0,54,40,3456,detection,
3457358,19,5,768,768,0,0,0,0,0,0,63,0,0,0,3457,detection,
3457773,6,24,1001,1001,0,0,0,0,0,0,62,0,0,0,3457,detection,
3457867,28,24,1001,1001,0,0,0,0,0,0,57,0,0,0,3457,detection,
3458186,22,10,788,788,0,0,0,0,0,0,63,0,0,0,3458,detection,
3458208,2,10,788,788,0,0,0,0,0,0,59,0,0,0,3458,detection,
3459491,26,9,824,824,0,0,0,0,0,0,61,0,0,0,3459,detection,
3459933,22,8,677,677,0,0,0,0,0,0,56,0,0,0,3459,detection,
3460161,4,13,788,788,0,0,0,0,0,0,60,0,0,0,3460,detection,
3460224,8,13,788,788,0,0,0,0,0,0,59,0,0,0,3460,detection,
3465841,5,19,1273,1273,0,0,0,0,0,0,60,0,0,0,3465,detection,
3465871,28,19,1273,1273,0,0,0,0,0,0,61,0,0,0,3465,detection,
3465897,12,19,1273,1273,0,0,0,0,0,0,60,0,0,0,3465,detection,
3465901,6,19,1273,1273,0,0,0,0,0,0,64,0,0,0,3465,detection,
3466185,22,8,649,649,0,0,0,0,0,0,56,0,0,0,3466,detection,
3466253,7,8,649,649,0,0,0,0,0,0,59,0,0,0,3466,detection,
3468035,4,13,532,532,0,0,0,0,0,0,61,0,0,0,3468,detection,
3469241,25,22,833,833,0,0,0,0,0,0,59,0,0,0,3469,detection,
3469262,11,22,833,833,0,0,0,0,0,0,60,0,0,0,3469,detection,
3470719,5,23,839,839,0,0,0,0,0,0,60,0,0,0,3470,detection,
3471360,19,5,998,998,0,0,0,0,0,0,62,0,0,0,3471,detection,
3471386,24,5,998,998,0,0,0,0,0,0,66,0,0,0,3471,detection,
3471399,6,5,998,998,0,0,0,0,0,0,58,0,0,0,3471,detection,
3471446,23,15,782,782,0,0,0,0,0,0,58,0,0,0,3471,detection,
3472184,18,27,1024,1024,0,0,0,0,0,0,55,0,0,0,3472,detection,
3472531,15,12,1417,1417,0,0,0,0,0,0,75,0,0,0,3472,detection,
3472594,5,12,1417,1417,0,0,0,0,0,0,72,0,0,0,3472,detection,
3473119,28,6,788,788,0,0,0,0,0,0,60,0,0,0,3473,detection,
3473136,24,6,788,788,0,0,0,0,0,0,59,0,0,0,3473,detection,
3476735,1,21,1024,1024,0,0,0,0,0,0,40,0,0,0,3476,detection,
3476769,16,21,1024,1024,0,0,0,0,0,0,57,0,0,0,3476,detection,
3479368,26,9,993,993,0,0,0,0,0,0,61,0,0,0,3479,detection,
3480416,4,30,276,1296,-1020,100,100,100,44,0,60,0,56,40,3480,detection,
3480871,7,20,762,762,0,0,0,0,0,0,52,0,0,0,3480,detection,
3480872,1,16,512,512,0,0,0,0,0,0,34,0,0,0,3480,detection,
3480881,21,16,512,512,0,0,0,0,0,0,62,0,0,0,3480,detection,
3480893,3,16,512,512,0,0,0,0,0,0,59,0,0,0,3480,detection,
3480945,23,16,512,512,0,0,0,0,0,0,58,0,0,0,3480,detection,
3480948,14,16,512,512,0,0,0,0,0,0,59,0,0,0,3480,detection,
3480962,2,16,512,512,0,0,0,0,0,0,59,0,0,0,3480,detection,
3480974,27,16,512,512,0,0,0,0,0,0,60,0,0,0,3480,detection,
3481661,4,8,637,637,0,0,0,0,0,0,55,0,0,0,3481,detection,
3481682,22,8,637,637,0,0,0,0,0,0,55,0,0,0,3481,detection,
3481725,27,8,637,637,0,0,0,0,0,0,64,0,0,0,3481,detection,
3481729,20,8,637,637,0,0,0,0,0,0,59,0,0,0,3481,detection,
3481733,9,8,637,637,0,0,0,0,0,0,61,0,0,0,3481,detection,
3481742,26,8,637,637,0,0,0,0,0,0,62,0,0,0,3481,detection,
3481742,25,8,637,637,0,0,0,0,0,0,60,0,0,0,3481,detection,
3481746,7,8,637,637,0,0,0,0,0,0,58,0,0,0,3481,detection,
3481819,23,19,1273,1273,0,0,0,0,0,0,60,0,0,0,3481,detection,
3481841,5,19,1273,1273,0,0,0,0,0,0,58,0,0,0,3481,detection,
3481900,6,19,1273,1273,0,0,0,0,0,0,62,0,0,0,3481,detection,
3481905,15,19,1273,1273,0,0,0,0,0,0,64,0,0,0,3481,detection,
3482118,20,7,1024,1024,0,0,0,0,0,0,56,0,0,0,3482,detection,
3484719,5,12,1274,1274,0,0,0,0,0,0,72,0,0,0,3484,detection,
3484778,15,12,1274,1274,0,0,0,0,0,0,74,0,0,0,3484,detection,
3485681,10,30,276,1125,-849,100,100,100,19,0,58,0,56,40,3485,detection,
3485731,9,30,276,1125,-849,100,100,100,63,0,63,0,49,40,3485,detection,
3486066,23,28,762,762,0,0,0,100,0,16,53,0,60,40,3486,detection,
3487846,5,23,788,788,0,0,0,0,0,0,59,0,0,0,3487,detection,
3487863,19,23,788,788,0,0,0,0,0,0,58,0,0,0,3487,detection,
3487871,28,23,788,788,0,0,0,0,0,0,57,0,0,0,3487,detection,
3487883,24,23,788,788,0,0,0,0,0,0,61,0,0,0,3487,detection,
3490608,13,4,810,810,0,0,0,0,0,0,59,0,0,0,3490,detection,
3491038,4,30,276,1332,-1056,100,100,100,4,0,60,0,56,40,3491,detection,
3491110,9,30,276,1332,-1056,100,100,100,24,0,62,0,52,40,3491,detection,
3492166,4,10,1272,1272,0,0,0,0,0,0,61,0,0,0,3492,detection,
3492217,8,10,1272,1272,0,0,0,0,0,0,60,0,0,0,3492,detection,
3492523,12,11,742,742,0,0,0,0,0,0,67,0,0,0,3492,detection,
3492903,12,25,1091,1091,0,0,0,0,0,0,54,0,0,0,3492,detection,
3493097,8,18,852,852,0,0,0,0,0,0,59,0,0,0,3493,detection,
3493118,25,18,852,852,0,0,0,0,0,0,51,0,0,0,3493,detection,
3493153,12,18,852,852,0,0,0,0,0,0,61,0,0,0,3493,detection,
3494597,5,22,833,833,0,0,0,0,0,0,71,0,0,0,3494,detection,
3494617,25,22,833,833,0,0,0,0,0,0,59,0,0,0,3494,detection,
3496118,28,23,532,532,0,0,0,0,0,0,58,0,0,0,3496,detection,
3496484,20,24,1044,1044,0,0,0,0,0,0,54,0,0,0,3496,detection,
3496695,23,15,755,755,0,0,0,0,0,0,58,0,0,0,3496,detection,
3496722,5,15,755,755,0,0,0,0,0,0,64,0,0,0,3496,detection,
3497191,23,19,788,788,0,0,0,0,0,0,62,0,0,0,3497,detection,
3497243,28,19,788,788,0,0,0,0,0,0,60,0,0,0,3497,detection,
3497273,6,19,788,788,0,0,0,0,0,0,62,0,0,0,3497,detection,
3500231,9,30,276,1300,-1024,100,100,100,3,0,61,0,54,40,3500,detection,
3500309,10,30,276,1300,-1024,100,100,100,21,0,58,0,56,40,3500,detection,
3501655,15,5,998,998,0,0,0,0,0,0,62,0,0,0,3501,detection,
3501766,11,5,998,998,0,0,0,0,0,0,59,0,0,0,3501,detection,
3502242,25,4,782,782,0,0,0,0,0,0,60,0,0,0,3502,detection,
3502246,7,4,782,782,0,0,0,0,0,0,58,0,0,0,3502,detection,
3502307,10,4,782,782,0,0,0,0,0,0,62,0,0,0,3502,detection,
3502311,18,4,782,782,0,0,0,0,0,0,62,0,0,0,3502,detection,
3502312,22,4,782,782,0,0,0,0,0,0,58,0,0,0,3502,detection,
3502350,8,4,782,782,0,0,0,0,0,0,61,0,0,0,3502,detection,
3502357,9,4,782,782,0,0,0,0,0,0,55,0,0,0,3502,detection,
3502987,19,31,276,532,-256,100,45,100,37,0,59,0,56,40,3502,detection,
3503530,17,8,637,637,0,0,0,0,0,0,61,0,0,0,3503,detection,
3503538,4,8,637,637,0,0,0,0,0,0,55,0,0,0,3503,detection,
3503871,28,19,1294,1294,0,0,0,0,0,0,59,0,0,0,3503,detection,
3503901,6,19,1294,1294,0,0,0,0,0,0,61,0,0,0,3503,detection,
3503940,23,19,1294,1294,0,0,0,0,0,0,61,0,0,0,3503,detection,
3504727,20,24,1044,1044,0,0,0,0,0,0,53,0,0,0,3504,detection,
3505980,9,7,1024,1024,0,0,0,0,0,0,74,0,0,0,3505,detection,
3505984,8,7,1024,1024,0,0,0,0,0,0,59,0,0,0,3505,detection,
3505996,26,7,1024,1024,0,0,0,0,0,0,59,0,0,0,3505,detection,
3509192,23,19,1038,1038,0,0,0,0,0,0,63,0,0,0,3509,detection,
3509219,5,19,1038,1038,0,0,0,0,0,0,64,0,0,0,3509,detection,
3509243,28,19,1038,1038,0,0,0,0,0,0,61,0,0,0,3509,detection,
3509273,6,19,1038,1038,0,0,0,0,0,0,62,0,0,0,3509,detection,
3511486,19,23,532,532,0,0,0,0,0,0,59,0,0,0,3511,detection,
3511491,28,23,532,532,0,0,0,0,0,0,59,0,0,0,3511,detection,
3511647,21,27,532,532,0,0,0,0,0,0,58,0,0,0,3511,detection,
3513537,4,30,276,1321,-1045,100,100,100,1,0,61,0,54,40,3513,detection,
3513558,10,30,276,1321,-1045,100,100,100,2,0,58,0,56,40,3513,detection,
3513609,9,30,276,1321,-1045,100,100,100,2,0,62,0,52,40,3513,detection,
3513630,7,30,276,1321,-1045,100,100,100,34,0,54,0,56,40,3513,detection,
3514023,6,28,718,718,0,0,0,0,0,0,61,0,0,0,3514,detection,
3514066,23,28,718,718,0,0,0,100,0,16,53,0,60,40,3514,detection,
3515192,23,13,554,554,0,0,0,0,0,0,62,0,0,0,3515,detection,
3515480,20,24,1044,1044,0,0,0,0,0,0,53,0,0,0,3515,detection,
3516238,28,19,1044,1044,0,0,0,0,0,0,60,0,0,0,3516,detection,
3516282,15,19,1044,1044,0,0,0,0,0,0,63,0,0,0,3516,detection,
3516315,23,19,1044,1044,0,0,0,0,0,0,61,0,0,0,3516,detection,
3516341,5,19,1044,1044,0,0,0,0,0,0,63,0,0,0,3516,detection,
3516489,19,5,788,788,0,0,0,0,0,0,61,0,0,0,3516,detection,
3516497,28,5,788,788,0,0,0,0,0,0,68,0,0,0,3516,detection,
3516510,24,5,788,788,0,0,0,0,0,0,64,0,0,0,3516,detection,
3518760,24,3,1044,1044,0,0,0,0,0,0,59,0,0,0,3518,detection,
3519904,17,30,276,1230,-954,100,100,100,48,0,68,0,49,40,3519,detection,
3519927,4,30,276,1230,-954,100,100,100,10,0,60,0,56,40,3519,detection,
3519933,10,30,276,1230,-954,100,100,100,10,0,58,0,56,40,3519,detection,
3519982,9,30,276,1230,-954,100,100,100,10,0,60,0,56,40,3519,detection,
3519993,25,30,276,1230,-954,100,100,100,100,0,58,0,56,40,3519,detection,
3520001,7,30,276,1230,-954,100,100,100,10,0,58,0,56,40,3520,detection,
3523770,1,25,788,788,0,0,0,0,0,0,37,0,0,0,3523,detection,
3523843,27,25,788,788,0,0,0,0,0,0,60,0,0,0,3523,detection,
3524150,3,2,1047,1047,0,0,0,80,0,8,57,0,60,40,3524,detection,
3525990,26,7,557,557,0,0,0,0,0,0,60,0,0,0,3525,detection,
3526496,28,6,813,813,0,0,0,0,0,0,60,0,0,0,3526,detection,
3527608,19,5,1217,1217,0,0,0,0,0,0,60,0,0,0,3527,detection,
3527617,28,5,1217,1217,0,0,0,0,0,0,66,0,0,0,3527,detection,
3527662,6,5,1217,1217,0,0,0,0,0,0,61,0,0,0,3527,detection,
3528935,1,16,537,537,0,0,0,0,0,0,34,0,0,0,3528,detection,
3528944,23,16,537,537,0,0,0,0,0,0,58,0,0,0,3528,detection,
3528961,2,16,537,537,0,0,0,0,0,0,59,0,0,0,3528,detection,
3528970,8,16,537,537,0,0,0,0,0,0,58,0,0,0,3528,detection,
3528973,27,16,537,537,0,0,0,0,0,0,60,0,0,0,3528,detection,
3528982,13,16,537,537,0,0,0,0,0,0,62,0,0,0,3528,detection,
3529012,21,16,537,537,0,0,0,0,0,0,58,0,0,0,3529,detection,
3529024,3,16,537,537,0,0,0,0,0,0,59,0,0,0,3529,detection,
3529064,22,16,537,537,0,0,0,0,0,0,63,0,0,0,3529,detection,
3530279,17,30,276,1372,-1096,100,100,100,15,0,67,0,49,40,3530,detection,
3530288,4,30,276,1372,-1096,100,100,100,16,0,60,0,56,40,3530,detection,
3530348,8,30,276,1372,-1096,100,100,100,36,0,57,0,56,40,3530,detection,
3530356,9,30,276,1372,-1096,100,100,100,16,0,61,0,54,40,3530,detection,
3530373,7,30,276,1372,-1096,100,100,100,17,0,58,0,56,40,3530,detection,
3530518,1,25,788,788,0,0,0,0,0,0,36,0,0,0,3530,detection,
3530595,27,25,788,788,0,0,0,0,0,0,60,0,0,0,3530,detection,
3533147,6,5,910,910,0,0,0,0,0,0,61,0,0,0,3533,detection,
3533240,28,5,910,910,0,0,0,0,0,0,64,0,0,0,3533,detection,
3534653,1,25,1024,1024,0,0,0,0,0,0,36,0,0,0,3534,detection,
3534721,27,25,1024,1024,0,0,0,0,0,0,59,0,0,0,3534,detection,
3536638,11,19,762,762,0,0,0,0,0,0,62,0,0,0,3536,detection,
3536651,15,19,762,762,0,0,0,0,0,0,58,0,0,0,3536,detection,
3538157,17,10,1325,1325,0,0,0,0,0,0,63,0,0,0,3538,detection,
3538231,9,30,276,1422,-1146,100,100,100,6,0,56,0,56,40,3538,detection,
3538248,7,30,276,1422,-1146,100,100,100,6,0,58,0,56,40,3538,detection,
3538998,26,17,1141,1141,0,0,0,0,0,0,62,0,0,0,3538,detection,
3541314,23,13,782,782,0,0,0,0,0,0,60,0,0,0,3541,detection,
3542342,27,25,1049,1049,0,0,0,0,0,0,59,0,0,0,3542,detection,
3542512,24,29,276,512,-236,92,41,70,63,0,60,0,56,40,3542,detection,
3542646,6,5,983,983,0,0,0,0,0,0,61,0,0,0,3542,detection,
3542740,28,5,983,983,0,0,0,0,0,0,65,0,0,0,3542,detection,
3543777,17,10,1239,1239,0,0,0,0,0,0,64,0,0,0,3543,detection,
3546357,20,9,532,532,0,0,0,0,0,0,68,0,0,0,3546,detection,
3546370,26,9,532,532,0,0,0,0,0,0,62,0,0,0,3546,detection,
3546731,9,20,557,557,0,0,0,0,0,0,64,0,0,0,3546,detection,
3546985,1,21,974,974,0,0,0,0,0,0,39,0,0,0,3546,detection,
3547041,4,21,974,974,0,0,0,0,0,0,61,0,0,0,3547,detection,
3547062,22,21,974,974,0,0,0,0,0,0,63,0,0,0,3547,detection,
3547071,18,21,974,974,0,0,0,0,0,0,62,0,0,0,3547,detection,
3547648,12,11,788,788,0,0,0,0,0,0,65,0,0,0,3547,detection,
3549023,3,7,1325,1325,0,0,0,0,0,0,71,0,0,0,3549,detection,
3550396,6,5,978,978,0,0,0,0,0,0,61,0,0,0,3550,detection,
3550765,11,19,1044,1044,0,0,0,0,0,0,61,0,0,0,3550,detection,
3551528,17,10,1325,1325,0,0,0,0,0,0,63,0,0,0,3551,detection,
3551594,27,25,1305,1305,0,0,0,0,0,0,59,0,0,0,3551,detection,
3551637,1,25,1305,1305,0,0,0,0,0,0,37,0,0,0,3551,detection,
3552271,6,28,868,868,0,0,0,0,0,0,60,0,0,0,3552,detection,
3552620,26,9,532,532,0,0,0,0,0,0,64,0,0,0,3552,detection,
3553108,20,24,532,532,0,0,0,0,0,0,58,0,0,0,3553,detection,
3553150,6,24,532,532,0,0,0,0,0,0,64,0,0,0,3553,detection,
3554148,12,11,1044,1044,0,0,0,0,0,0,64,0,0,0,3554,detection,
3554158,15,11,1044,1044,0,0,0,0,0,0,62,0,0,0,3554,detection,
3554239,19,11,1044,1044,0,0,0,0,0,0,61,0,0,0,3554,detection,
3555433,18,4,686,686,0,0,0,0,0,0,61,0,0,0,3555,detection,
3555438,22,4,686,686,0,0,0,0,0,0,58,0,0,0,3555,detection,
3555446,14,4,686,686,0,0,0,0,0,0,62,0,0,0,3555,detection,
3555459,2,4,686,686,0,0,0,0,0,0,58,0,0,0,3555,detection,
3555484,9,4,686,686,0,0,0,0,0,0,54,0,0,0,3555,detection,
3555936,22,31,276,779,-503,100,69,100,22,0,92,0,49,40,3555,detection,
3556008,1,31,276,779,-503,100,81,100,26,0,70,0,49,40,3556,detection,
3558150,6,19,718,718,0,0,0,0,0,0,58,0,0,0,3558,detection,
3558262,11,19,718,718,0,0,0,0,0,0,60,0,0,0,3558,detection,
3559696,1,25,532,532,0,0,0,0,0,0,39,0,0,0,3559,detection,
3559719,27,25,532,532,0,0,0,0,0,0,56,0,0,0,3559,detection,
3559749,26,25,532,532,0,0,0,0,0,0,61,0,0,0,3559,detection,
3561271,12,11,1044,1044,0,0,0,0,0,0,62,0,0,0,3561,detection,
3563140,11,12,2836,2836,0,0,0,0,0,0,85,0,0,0,3563,detection,
3563167,4,12,2836,2836,0,0,0,0,0,0,100,0,0,0,3563,detection,
3563274,6,24,532,532,0,0,0,0,0,0,64,0,0,0,3563,detection,
3564189,23,13,782,782,0,0,0,0,0,0,59,0,0,0,3564,detection,
3564223,8,13,782,782,0,0,0,0,0,0,59,0,0,0,3564,detection,
3564239,25,13,782,782,0,0,0,0,0,0,58,0,0,0,3564,detection,
3564252,7,13,782,782,0,0,0,0,0,0,60,0,0,0,3564,detection,
3564274,16,13,782,782,0,0,0,0,0,0,59,0,0,0,3564,detection,
3564377,25,8,626,626,0,0,0,0,0,0,59,0,0,0,3564,detection,
3564399,16,8,626,626,0,0,0,0,0,0,62,0,0,0,3564,detection,
3564434,22,8,626,626,0,0,0,0,0,0,55,0,0,0,3564,detection,
3564475,27,8,626,626,0,0,0,0,0,0,59,0,0,0,3564,detection,
3564774,6,20,656,656,0,0,0,0,0,0,56,0,0,0,3564,detection,
3565273,3,30,276,588,-312,100,57,100,56,0,56,0,56,40,3565,detection,
3565334,2,30,276,588,-312,100,55,100,23,0,59,0,56,40,3565,detection,
3567783,17,10,1462,1462,0,0,0,0,0,0,64,0,0,0,3567,detection,
3567856,13,10,1462,1462,0,0,0,0,0,0,63,0,0,0,3567,detection,
3568368,1,25,532,532,0,0,0,0,0,0,40,0,0,0,3568,detection,
3568471,27,25,532,532,0,0,0,0,0,0,58,0,0,0,3568,detection,
3568905,15,12,2836,2836,0,0,0,0,0,0,86,0,0,0,3568,detection,
3568973,27,22,833,833,0,0,0,0,0,0,57,0,0,0,3568,detection,
3568974,8,22,833,833,0,0,0,0,0,0,64,0,0,0,3568,detection,
3569644,3,7,864,864,0,0,0,0,0,0,70,0,0,0,3569,detection,
3569772,6,3,788,788,0,0,0,0,0,0,65,0,0,0,3569,detection,
3570872,28,19,718,718,0,0,0,0,0,0,60,0,0,0,3570,detection,
3570899,6,19,718,718,0,0,0,0,0,0,57,0,0,0,3570,detection,
3572483,9,2,1021,1021,0,0,0,0,0,0,62,0,0,0,3572,detection,
3573650,12,11,1044,1044,0,0,0,0,0,0,57,0,0,0,3573,detection,
3573650,15,11,1044,1044,0,0,0,0,0,0,61,0,0,0,3573,detection,
3577346,5,23,557,557,0,0,0,0,0,0,60,0,0,0,3577,detection,
3577383,24,23,557,557,0,0,0,0,0,0,57,0,0,0,3577,detection,
3577397,6,3,1168,1168,0,0,0,0,0,0,64,0,0,0,3577,detection,
3578898,6,28,1103,1103,0,0,0,0,0,0,57,0,0,0,3578,detection,
3580856,20,6,554,554,0,0,0,0,0,0,59,0,0,0,3580,detection,
3580868,28,6,554,554,0,0,0,0,0,0,60,0,0,0,3580,detection,
3581512,24,5,1069,1069,0,0,0,0,0,0,63,0,0,0,3581,detection,
3584488,1,12,2836,2836,0,0,0,0,0,0,75,0,0,0,3584,detection,
3584510,11,12,2836,2836,0,0,0,0,0,0,85,0,0,0,3584,detection,
3584527,15,12,2836,2836,0,0,0,0,0,0,79,0,0,0,3584,detection,
3584540,4,12,2836,2836,0,0,0,0,0,0,100,0,0,0,3584,detection,
3584769,1,25,532,532,0,0,0,0,0,0,36,0,0,0,3584,detection,
3584779,12,25,532,532,0,0,0,0,0,0,55,0,0,0,3584,detection,
3584843,27,25,532,532,0,0,0,0,0,0,59,0,0,0,3584,detection,
3584869,26,25,532,532,0,0,0,0,0,0,63,0,0,0,3584,detection,
3585650,3,10,1462,1462,0,0,0,0,0,0,67,0,0,0,3585,detection,
3585651,17,10,1462,1462,0,0,0,0,0,0,62,0,0,0,3585,detection,
3585651,16,10,1462,1462,0,0,0,0,0,0,59,0,0,0,3585,detection,
3585757,24,5,813,813,0,0,0,0,0,0,64,0,0,0,3585,detection,
3586271,12,11,788,788,0,0,0,0,0,0,60,0,0,0,3586,detection,
3586280,15,11,788,788,0,0,0,0,0,0,60,0,0,0,3586,detection,
3586399,12,11,788,788,0,0,0,0,0,0,59,0,0,0,3586,detection,
3586883,7,20,656,656,0,0,0,0,0,0,56,0,0,0,3586,detection,
3586896,6,20,656,656,0,0,0,0,0,0,55,0,0,0,3586,detection,
3587021,6,20,656,656,0,0,0,0,0,0,55,0,0,0,3587,detection,
3587106,9,20,656,656,0,0,0,0,0,0,64,0,0,0,3587,detection,
3587157,1,12,1044,1044,0,0,0,0,0,0,68,0,0,0,3587,detection,
3587165,4,12,1044,1044,0,0,0,0,0,0,100,0,0,0,3587,detection,
3587263,11,12,1044,1044,0,0,0,0,0,0,86,0,0,0,3587,detection,
3587291,15,12,1044,1044,0,0,0,0,0,0,85,0,0,0,3587,detection,
3588358,1,12,1044,1044,0,0,0,0,0,0,66,0,0,0,3588,detection,
3588385,11,12,1044,1044,0,0,0,0,0,0,87,0,0,0,3588,detection,
3588413,4,12,1044,1044,0,0,0,0,0,0,100,0,0,0,3588,detection,
3590232,20,3,1615,1615,0,0,0,0,0,0,56,0,0,0,3590,detection,
3590270,6,3,1615,1615,0,0,0,0,0,0,64,0,0,0,3590,detection,
3592105,9,7,955,955,0,0,0,0,0,0,73,0,0,0,3592,detection,
3592109,20,7,955,955,0,0,0,0,0,0,59,0,0,0,3592,detection,
3593774,12,11,532,532,0,0,0,0,0,0,61,0,0,0,3593,detection,
3594190,1,26,838,838,0,0,0,0,0,0,38,0,0,0,3594,detection,
3596703,1,12,788,788,0,0,0,0,0,0,70,0,0,0,3596,detection,
3596776,15,12,788,788,0,0,0,0,0,0,91,0,0,0,3596,detection,
3596793,4,12,788,788,0,0,0,0,0,0,100,0,0,0,3596,detection,
3597059,1,12,788,788,0,0,0,0,0,0,73,0,0,0,3597,detection,
3597136,11,12,788,788,0,0,0,0,0,0,92,0,0,0,3597,detection,
3597163,4,12,788,788,0,0,0,0,0,0,100,0,0,0,3597,detection,
3597605,20,3,1782,1782,0,0,0,0,0,0,60,0,0,0,3597,detection,
3598496,7,20,656,656,0,0,0,0,0,0,56,49,59,40,3598,detection,
