sim_ms,mote_id,src,R,Rhat,e,v1,v2,v3,v4,v5,v6,v7,AC,ML,t,type,action
28034,1,17,512,512,0,0,0,0,0,0,0,0,0,0,28,detection,
28056,16,17,512,512,0,0,0,0,0,0,0,0,0,0,28,detection,
28065,10,17,512,512,0,0,0,0,0,0,0,0,0,0,28,detection,
28069,21,17,512,512,0,0,0,0,0,0,0,0,0,0,28,detection,
28074,26,17,512,512,0,0,0,0,0,0,0,0,0,0,28,detection,
28112,25,17,512,512,0,0,0,0,0,0,0,0,0,0,28,detection,
28121,27,17,512,512,0,0,0,0,0,0,0,0,0,0,28,detection,
28121,22,17,512,512,0,0,0,0,0,0,0,0,0,0,28,detection,
28125,4,17,512,512,0,0,0,0,0,0,0,0,0,0,28,detection,
28346,1,26,512,512,0,0,0,0,0,0,0,0,0,0,28,detection,
28365,25,26,512,512,0,0,0,0,0,0,0,0,0,0,28,detection,
28373,27,26,512,512,0,0,0,0,0,0,0,0,0,0,28,detection,
28446,21,26,512,512,0,0,0,0,0,0,0,0,0,0,28,detection,
28466,17,26,512,512,0,0,0,0,0,0,0,0,0,0,28,detection,
30486,12,4,1024,1024,0,0,0,0,0,0,0,0,0,0,30,detection,
30488,25,4,1024,1024,0,0,0,0,0,0,0,0,0,0,30,detection,
30496,27,4,1024,1024,0,0,0,0,0,0,0,0,0,0,30,detection,
30496,22,4,1024,1024,0,0,0,0,0,0,0,0,0,0,30,detection,
30512,14,4,1024,1024,0,0,0,0,0,0,0,0,0,0,30,detection,
30516,8,4,1024,1024,0,0,0,0,0,0,0,0,0,0,30,detection,
30532,3,4,1024,1024,0,0,0,0,0,0,0,0,0,0,30,detection,
30533,9,4,1024,1024,0,0,0,0,0,0,0,0,0,0,30,detection,
30556,16,4,1024,1024,0,0,0,0,0,0,0,0,0,0,30,detection,
30568,10,4,1024,1024,0,0,0,0,0,0,0,0,0,0,30,detection,
30569,21,4,1024,1024,0,0,0,0,0,0,0,0,0,0,30,detection,
30589,17,4,1024,1024,0,0,0,0,0,0,0,0,0,0,30,detection,
30597,2,4,1024,1024,0,0,0,0,0,0,0,0,0,0,30,detection,
31603,11,31,1024,1024,0,0,0,0,0,0,0,0,0,0,31,detection,
31616,13,31,1024,1024,0,0,0,0,0,0,0,0,0,0,31,detection,
31622,22,31,1024,1024,0,0,0,0,0,0,0,0,0,0,31,detection,
31626,4,31,1024,1024,0,0,0,0,0,0,0,0,0,0,31,detection,
31650,18,31,1024,1024,0,0,0,0,0,0,0,0,0,0,31,detection,
31655,5,31,1024,1024,0,0,0,0,0,0,0,0,0,0,31,detection,
31667,15,31,1024,1024,0,0,0,0,0,0,0,0,0,0,31,detection,
31695,10,27,1024,1024,0,0,0,0,0,0,0,0,0,0,31,detection,
31718,17,27,1024,1024,0,0,0,0,0,0,0,0,0,0,31,detection,
31739,25,27,1024,1024,0,0,0,0,0,0,0,0,0,0,31,detection,
31746,13,27,1024,1024,0,0,0,0,0,0,0,0,0,0,31,detection,
31747,22,27,1024,1024,0,0,0,0,0,0,0,0,0,0,31,detection,
31754,4,27,1024,1024,0,0,0,0,0,0,0,0,0,0,31,detection,
31763,8,27,1024,1024,0,0,0,0,0,0,0,0,0,0,31,detection,
31776,18,27,1024,1024,0,0,0,0,0,0,0,0,0,0,31,detection,
32159,9,16,1024,1024,0,0,0,0,0,0,0,0,0,0,32,detection,
32195,10,16,1024,1024,0,0,0,0,0,0,0,0,0,0,32,detection,
32199,21,16,1024,1024,0,0,0,0,0,0,0,0,0,0,32,detection,
32215,17,16,1024,1024,0,0,0,0,0,0,0,0,0,0,32,detection,
32223,2,16,1024,1024,0,0,0,0,0,0,0,0,0,0,32,detection,
32236,12,16,1024,1024,0,0,0,0,0,0,0,0,0,0,32,detection,
32238,25,16,1024,1024,0,0,0,0,0,0,0,0,0,0,32,detection,
32246,13,16,1024,1024,0,0,0,0,0,0,0,0,0,0,32,detection,
32246,27,16,1024,1024,0,0,0,0,0,0,0,0,0,0,32,detection,
32247,22,16,1024,1024,0,0,0,0,0,0,0,0,0,0,32,detection,
32255,4,16,1024,1024,0,0,0,0,0,0,0,0,0,0,32,detection,
32262,14,16,1024,1024,0,0,0,0,0,0,0,0,0,0,32,detection,
32267,8,16,1024,1024,0,0,0,0,0,0,0,0,0,0,32,detection,
32275,18,16,1024,1024,0,0,0,0,0,0,0,0,0,0,32,detection,
32451,26,25,768,768,0,0,0,0,0,0,0,0,0,0,32,detection,
32472,2,25,768,768,0,0,0,0,0,0,0,0,0,0,32,detection,
32495,13,25,768,768,0,0,0,0,0,0,0,0,0,0,32,detection,
32500,22,25,768,768,0,0,0,0,0,0,0,0,0,0,32,detection,
32504,4,25,768,768,0,0,0,0,0,0,0,0,0,0,32,detection,
32517,8,25,768,768,0,0,0,0,0,0,0,0,0,0,32,detection,
32557,16,25,768,768,0,0,0,0,0,0,0,0,0,0,32,detection,
32571,21,25,768,768,0,0,0,0,0,0,0,0,0,0,32,detection,
32642,8,10,768,768,0,0,0,0,0,0,0,0,0,0,32,detection,
32651,18,10,768,768,0,0,0,0,0,0,0,0,0,0,32,detection,
32661,3,10,768,768,0,0,0,0,0,0,0,0,0,0,32,detection,
32662,9,10,768,768,0,0,0,0,0,0,0,0,0,0,32,detection,
32914,1,21,1024,1024,0,0,0,0,0,0,0,0,0,0,32,detection,
32953,26,21,1024,1024,0,0,0,0,0,0,0,0,0,0,32,detection,
34031,5,12,1536,1536,0,0,0,0,0,0,0,0,0,0,34,detection,
34076,19,12,1536,1536,0,0,0,0,0,0,0,0,0,0,34,detection,
34107,11,12,1536,1536,0,0,0,0,0,0,0,0,0,0,34,detection,
35041,20,9,1280,1280,0,0,0,0,0,0,0,0,0,0,35,detection,
35057,16,9,1280,1280,0,0,0,0,0,0,0,0,0,0,35,detection,
35084,7,9,1280,1280,0,0,0,0,0,0,0,0,0,0,35,detection,
35099,2,9,1280,1280,0,0,0,0,0,0,0,0,0,0,35,detection,
35122,13,9,1280,1280,0,0,0,0,0,0,0,0,0,0,35,detection,
35132,4,9,1280,1280,0,0,0,0,0,0,0,0,0,0,35,detection,
35328,28,13,1280,1280,0,0,0,0,0,0,0,0,0,0,35,detection,
35333,7,13,1280,1280,0,0,0,0,0,0,0,0,0,0,35,detection,
35353,2,13,1280,1280,0,0,0,0,0,0,0,0,0,0,35,detection,
35367,25,13,1280,1280,0,0,0,0,0,0,0,0,0,0,35,detection,
35392,8,13,1280,1280,0,0,0,0,0,0,0,0,0,0,35,detection,
35410,3,13,1280,1280,0,0,0,0,0,0,0,0,0,0,35,detection,
35412,9,13,1280,1280,0,0,0,0,0,0,0,0,0,0,35,detection,
35419,15,11,1536,1536,0,0,0,0,0,0,0,0,0,0,35,detection,
35459,7,18,1280,1280,0,0,0,0,0,0,0,0,0,0,35,detection,
35479,2,18,1280,1280,0,0,0,0,0,0,0,0,0,0,35,detection,
35485,12,18,1280,1280,0,0,0,0,0,0,0,0,0,0,35,detection,
35492,13,18,1280,1280,0,0,0,0,0,0,0,0,0,0,35,detection,
35493,25,18,1280,1280,0,0,0,0,0,0,0,0,0,0,35,detection,
35499,27,18,1280,1280,0,0,0,0,0,0,0,0,0,0,35,detection,
35501,22,18,1280,1280,0,0,0,0,0,0,0,0,0,0,35,detection,
35506,4,18,1280,1280,0,0,0,0,0,0,0,0,0,0,35,detection,
35510,14,18,1280,1280,0,0,0,0,0,0,0,0,0,0,35,detection,
35522,8,18,1280,1280,0,0,0,0,0,0,0,0,0,0,35,detection,
35537,3,18,1280,1280,0,0,0,0,0,0,0,0,0,0,35,detection,
35538,9,18,1280,1280,0,0,0,0,0,0,0,0,0,0,35,detection,
35670,15,5,1536,1536,0,0,0,0,0,0,0,0,0,0,35,detection,
35702,23,5,1536,1536,0,0,0,0,0,0,0,0,0,0,35,detection,
35704,19,5,1536,1536,0,0,0,0,0,0,0,0,0,0,35,detection,
35730,11,5,1536,1536,0,0,0,0,0,0,0,0,0,0,35,detection,
35739,12,5,1536,1536,0,0,0,0,0,0,0,0,0,0,35,detection,
35895,8,2,1280,1280,0,0,0,0,0,0,0,0,0,0,35,detection,
35911,9,2,1280,1280,0,0,0,0,0,0,0,0,0,0,35,detection,
35961,7,2,1280,1280,0,0,0,0,0,0,0,0,0,0,35,detection,
35987,12,2,1280,1280,0,0,0,0,0,0,0,0,0,0,35,detection,
35992,25,2,1280,1280,0,0,0,0,0,0,0,0,0,0,35,detection,
35998,13,2,1280,1280,0,0,0,0,0,0,0,0,0,0,35,detection,
36003,22,2,1280,1280,0,0,0,0,0,0,0,0,0,0,36,detection,
36030,5,14,1536,1536,0,0,0,0,0,0,0,0,0,0,36,detection,
36080,19,14,1536,1536,0,0,0,0,0,0,0,0,0,0,36,detection,
36199,1,17,534,534,0,0,0,0,0,0,0,0,0,0,36,detection,
36329,23,22,1024,1024,0,0,0,0,0,0,0,0,0,0,36,detection,
36332,19,22,1024,1024,0,0,0,0,0,0,0,0,0,0,36,detection,
36355,2,22,1024,1024,0,0,0,0,0,0,0,0,0,0,36,detection,
36372,12,22,1024,1024,0,0,0,0,0,0,0,0,0,0,36,detection,
36381,4,22,1024,1024,0,0,0,0,0,0,0,0,0,0,36,detection,
36385,13,22,1024,1024,0,0,0,0,0,0,0,0,0,0,36,detection,
36386,14,22,1024,1024,0,0,0,0,0,0,0,0,0,0,36,detection,
36408,5,22,1024,1024,0,0,0,0,0,0,0,0,0,0,36,detection,
36414,9,22,1024,1024,0,0,0,0,0,0,0,0,0,0,36,detection,
36447,21,26,512,512,0,0,0,0,0,0,0,0,0,0,36,detection,
36467,17,26,512,512,0,0,0,0,0,0,0,0,0,0,36,detection,
36943,10,16,768,768,0,0,0,0,0,0,4,0,0,0,36,detection,
36957,23,16,768,768,0,0,0,0,0,0,0,0,0,0,36,detection,
36988,25,16,768,768,0,0,0,0,0,0,4,0,0,0,36,detection,
36995,27,16,768,768,0,0,0,0,0,0,4,0,0,0,36,detection,
37018,8,16,768,768,0,0,0,0,0,0,4,0,0,0,37,detection,
37034,9,16,768,768,0,0,0,0,0,0,4,0,0,0,37,detection,
37248,27,30,1280,1280,0,0,0,0,0,0,0,0,0,0,37,detection,
37325,21,30,1280,1280,0,0,0,0,0,0,0,0,0,0,37,detection,
37700,21,25,768,768,0,0,0,0,0,0,0,0,0,0,37,detection,
37716,17,25,768,768,0,0,0,0,0,0,0,0,0,0,37,detection,
37749,27,25,768,768,0,0,0,0,0,0,0,0,0,0,37,detection,
37902,18,29,1280,1280,0,0,0,0,0,0,0,0,0,0,37,detection,
37961,7,29,1280,1280,0,0,0,0,0,0,0,0,0,0,37,detection,
39084,19,28,1792,1792,0,0,0,0,0,0,0,0,0,0,39,detection,
39332,19,12,1536,1536,0,0,0,0,0,0,1,0,0,0,39,detection,
39356,11,12,1536,1536,0,0,0,0,0,0,0,0,0,0,39,detection,
39409,5,12,1536,1536,0,0,0,0,0,0,1,0,0,0,39,detection,
39789,9,7,1792,1792,0,0,0,0,0,0,0,0,0,0,39,detection,
39790,3,7,1792,1792,0,0,0,0,0,0,0,0,0,0,39,detection,
40047,15,19,1536,1536,0,0,0,0,0,0,0,0,0,0,40,detection,
40455,26,27,1024,1024,0,0,0,0,0,0,0,0,0,0,40,detection,
40780,5,22,1024,1024,0,0,0,0,0,0,1,0,0,0,40,detection,
40797,1,21,1024,1024,0,0,0,0,0,0,3,0,0,0,40,detection,
40832,19,22,1024,1024,0,0,0,0,0,0,0,0,0,0,40,detection,
40845,17,21,1024,1024,0,0,0,0,0,0,0,0,0,0,40,detection,
40858,11,22,1024,1024,0,0,0,0,0,0,0,0,0,0,40,detection,
41082,23,4,1024,1024,0,0,0,0,0,0,0,0,0,0,41,detection,
41088,7,4,1024,1024,0,0,0,0,0,0,0,0,0,0,41,detection,
41845,17,8,1280,1280,0,0,0,0,0,0,0,0,0,0,41,detection,
42163,3,9,1024,1024,0,0,0,0,0,0,0,0,0,0,42,detection,
42207,7,9,1024,1024,0,0,0,0,0,0,7,0,0,0,42,detection,
42608,11,14,1536,1536,0,0,0,0,0,0,0,0,0,0,42,detection,
42682,16,14,1536,1536,0,0,0,0,0,0,0,0,0,0,42,detection,
42695,10,14,1536,1536,0,0,0,0,0,0,0,0,0,0,42,detection,
42707,23,14,1536,1536,0,0,0,0,0,0,0,0,0,0,42,detection,
43292,3,29,1024,1024,0,0,0,0,0,0,0,0,0,0,43,detection,
43581,28,18,1280,1280,0,0,0,0,0,0,0,0,0,0,43,detection,
43584,23,18,1280,1280,0,0,0,0,0,0,0,0,0,0,43,detection,
43584,19,18,1280,1280,0,0,0,0,0,0,0,0,0,0,43,detection,
43610,11,18,1280,1280,0,0,0,0,0,0,0,0,0,0,43,detection,
43618,25,18,1280,1280,0,0,0,0,0,0,9,0,0,0,43,detection,
44787,6,28,1792,1792,0,0,0,0,0,0,0,0,0,0,44,detection,
45919,15,5,1536,1536,0,0,0,0,0,0,4,0,0,0,45,detection,
45935,16,5,1536,1536,0,0,0,0,0,0,0,0,0,0,45,detection,
46280,18,23,1536,1536,0,0,0,0,0,0,0,0,0,0,46,detection,
46283,5,23,1536,1536,0,0,0,0,0,0,0,0,0,0,46,detection,
46288,6,20,1536,1536,0,0,0,0,0,0,0,0,0,0,46,detection,
46308,16,23,1536,1536,0,0,0,0,0,0,0,0,0,0,46,detection,
46323,10,23,1536,1536,0,0,0,0,0,0,0,0,0,0,46,detection,
46332,19,23,1536,1536,0,0,0,0,0,0,0,0,0,0,46,detection,
46362,11,23,1536,1536,0,0,0,0,0,0,0,0,0,0,46,detection,
46366,12,23,1536,1536,0,0,0,0,0,0,0,0,0,0,46,detection,
48416,20,6,2048,2048,0,0,0,0,0,0,0,0,0,0,48,detection,
48421,3,6,2048,2048,0,0,0,0,0,0,0,0,0,0,48,detection,
48828,28,19,1792,1792,0,0,0,0,0,0,0,0,0,0,48,detection,
48836,23,19,1792,1792,0,0,0,0,0,0,0,0,0,0,48,detection,
48865,12,19,1792,1792,0,0,0,0,0,0,0,0,0,0,48,detection,
49583,19,22,1024,1024,0,0,0,0,0,0,1,0,0,0,49,detection,
49583,28,22,1024,1024,0,0,0,0,0,0,0,0,0,0,49,detection,
49600,2,22,1024,1024,0,0,0,0,0,0,0,0,0,0,49,detection,
49609,11,22,1024,1024,0,0,0,0,0,0,1,0,0,0,49,detection,
49613,12,22,1024,1024,0,0,0,0,0,0,0,0,0,0,49,detection,
49623,13,22,1024,1024,0,0,0,0,0,0,0,0,0,0,49,detection,
49631,4,22,1024,1024,0,0,0,0,0,0,1,0,0,0,49,detection,
49637,14,22,1024,1024,0,0,0,0,0,0,0,0,0,0,49,detection,
49653,18,22,1024,1024,0,0,0,0,0,0,0,0,0,0,49,detection,
49655,5,22,1024,1024,0,0,0,0,0,0,1,0,0,0,49,detection,
49656,24,22,1024,1024,0,0,0,0,0,0,0,0,0,0,49,detection,
50309,16,10,998,998,0,0,0,0,0,0,0,0,0,0,50,detection,
50335,23,10,998,998,0,0,0,0,0,0,0,0,0,0,50,detection,
50335,28,10,998,998,0,0,0,0,0,0,0,0,0,0,50,detection,
50361,11,10,998,998,0,0,0,0,0,0,0,0,0,0,50,detection,
50401,18,10,998,998,0,0,0,0,0,0,4,0,0,0,50,detection,
50407,24,10,998,998,0,0,0,0,0,0,0,0,0,0,50,detection,
50720,17,8,1280,1280,0,0,0,0,0,0,3,0,0,0,50,detection,
50918,1,25,844,844,0,0,0,0,0,0,0,0,0,0,50,detection,
50947,10,25,844,844,0,0,0,0,0,0,0,0,0,0,50,detection,
50948,21,25,844,844,0,0,0,0,0,0,2,0,0,0,50,detection,
50951,26,25,844,844,0,0,0,0,0,0,0,0,0,0,50,detection,
50974,2,25,844,844,0,0,0,0,0,0,0,0,0,0,50,detection,
51005,22,25,844,844,0,0,0,0,0,0,3,0,0,0,51,detection,
51018,8,25,844,844,0,0,0,0,0,0,4,0,0,0,51,detection,
51158,24,4,1280,1280,0,0,0,0,0,0,0,0,0,0,51,detection,
51163,3,4,1280,1280,0,0,0,0,0,0,6,0,0,0,51,detection,
51259,1,21,768,768,0,0,0,0,0,0,7,0,0,0,51,detection,
51342,17,21,768,768,0,0,0,0,0,0,3,0,0,0,51,detection,
51783,24,3,1536,1536,0,0,0,0,0,0,0,0,0,0,51,detection,
51791,20,3,1536,1536,0,0,0,0,0,0,0,0,0,0,51,detection,
52169,15,5,1536,1536,0,0,0,0,0,0,6,0,0,0,52,detection,
52356,11,14,1536,1536,0,0,0,0,0,0,1,0,0,0,52,detection,
52405,18,14,1536,1536,0,0,0,0,0,0,0,0,0,0,52,detection,
52432,16,14,1536,1536,0,0,0,0,0,0,0,0,0,0,52,detection,
52445,10,14,1536,1536,0,0,0,0,0,0,0,0,0,0,52,detection,
52451,21,14,1536,1536,0,0,0,0,0,0,0,0,0,0,52,detection,
52477,2,14,1536,1536,0,0,0,0,0,0,0,0,0,0,52,detection,
52765,14,30,1510,1510,0,0,0,0,0,0,0,0,0,0,52,detection,
52912,9,7,1792,1792,0,0,0,0,0,0,3,0,0,0,52,detection,
52967,17,7,1792,1792,0,0,0,0,0,0,0,0,0,0,52,detection,
53126,22,18,1280,1280,0,0,0,0,0,0,15,0,0,0,53,detection,
53128,4,18,1280,1280,0,0,0,0,0,0,11,0,0,0,53,detection,
53159,5,18,1280,1280,0,0,0,0,0,0,0,0,0,0,53,detection,
53162,24,18,1280,1280,0,0,0,0,0,0,0,0,0,0,53,detection,
53197,21,26,949,949,0,0,0,0,0,0,14,0,0,0,53,detection,
53203,28,18,1280,1280,0,0,0,0,0,0,9,0,0,0,53,detection,
53212,7,26,949,949,0,0,0,0,0,0,0,0,0,0,53,detection,
53218,17,26,949,949,0,0,0,0,0,0,11,0,0,0,53,detection,
53588,7,9,1254,1254,0,0,0,0,0,0,6,0,0,0,53,detection,
53659,5,24,1536,1536,0,0,0,0,0,0,0,0,0,0,53,detection,
53664,6,24,1536,1536,0,0,0,0,0,0,0,0,0,0,53,detection,
53674,15,23,1356,1356,0,0,0,0,0,0,0,0,0,0,53,detection,
53708,19,23,1356,1356,0,0,0,0,0,0,4,0,0,0,53,detection,
53709,28,23,1356,1356,0,0,0,0,0,0,0,0,0,0,53,detection,
55072,10,12,1356,1356,0,0,0,0,0,0,0,0,0,0,55,detection,
55084,28,12,1356,1356,0,0,0,0,0,0,0,0,0,0,55,detection,
55108,11,12,1356,1356,0,0,0,0,0,0,6,0,0,0,55,detection,
55138,14,12,1356,1356,0,0,0,0,0,0,0,0,0,0,55,detection,
55518,14,13,1280,1280,0,0,0,0,0,0,0,0,0,0,55,detection,
55536,5,13,1280,1280,0,0,0,0,0,0,0,0,0,0,55,detection,
55579,28,13,1280,1280,0,0,0,0,0,0,3,0,0,0,55,detection,
55587,19,13,1280,1280,0,0,0,0,0,0,0,0,0,0,55,detection,
55602,2,13,1280,1280,0,0,0,0,0,0,0,0,0,0,55,detection,
56040,1,21,512,512,0,0,0,0,0,0,10,0,0,0,56,detection,
56079,26,21,512,512,0,0,0,0,0,0,8,0,0,0,56,detection,
56088,7,21,512,512,0,0,0,0,0,0,0,0,0,0,56,detection,
56094,17,21,512,512,0,0,0,0,0,0,7,0,0,0,56,detection,
56126,27,21,512,512,0,0,0,0,0,0,0,0,0,0,56,detection,
56325,21,27,1024,1024,0,0,0,0,0,0,0,0,0,0,56,detection,
56536,24,29,1024,1024,0,0,0,0,0,0,0,0,0,0,56,detection,
56768,8,2,1100,1100,0,0,0,0,0,0,14,0,0,0,56,detection,
56789,9,2,1100,1100,0,0,0,0,0,0,4,0,0,0,56,detection,
56836,7,2,1100,1100,0,0,0,0,0,0,8,0,0,0,56,detection,
57163,3,6,2048,2048,0,0,0,0,0,0,3,0,0,0,57,detection,
57164,20,6,2048,2048,0,0,0,0,0,0,3,0,0,0,57,detection,
57328,26,8,1280,1280,0,0,0,0,0,0,0,0,0,0,57,detection,
57344,17,8,1280,1280,0,0,0,0,0,0,3,0,0,0,57,detection,
57425,15,16,768,768,0,0,0,0,0,0,0,0,0,0,57,detection,
57450,10,16,768,768,0,0,0,0,0,0,7,0,0,0,57,detection,
57458,23,16,768,768,0,0,0,0,0,0,4,0,0,0,57,detection,
57475,2,16,768,768,0,0,0,0,0,0,4,0,0,0,57,detection,
57488,12,16,768,768,0,0,0,0,0,0,7,0,0,0,57,detection,
57492,25,16,768,768,0,0,0,0,0,0,21,0,0,0,57,detection,
57497,22,16,768,768,0,0,0,0,0,0,11,0,0,0,57,detection,
57500,13,16,768,768,0,0,0,0,0,0,12,0,0,0,57,detection,
57513,14,16,768,768,0,0,0,0,0,0,4,0,0,0,57,detection,
57527,18,16,768,768,0,0,0,0,0,0,7,0,0,0,57,detection,
59162,9,7,1024,1024,0,0,0,0,0,0,7,0,0,0,59,detection,
59204,26,7,1024,1024,0,0,0,0,0,0,0,0,0,0,59,detection,
60295,15,5,1280,1280,0,0,0,0,0,0,11,0,0,0,60,detection,
61077,26,8,1536,1536,0,0,0,0,0,0,3,0,0,0,61,detection,
61096,17,8,1536,1536,0,0,0,0,0,0,7,0,0,0,61,detection,
61602,2,14,1280,1280,0,0,0,0,0,0,3,0,0,0,61,detection,
61610,11,14,1280,1280,0,0,0,0,0,0,4,0,0,0,61,detection,
61654,18,14,1280,1280,0,0,0,0,0,0,7,0,0,0,61,detection,
61658,5,14,1280,1280,0,0,0,0,0,0,6,0,0,0,61,detection,
61683,16,14,1280,1280,0,0,0,0,0,0,9,0,0,0,61,detection,
61696,10,14,1280,1280,0,0,0,0,0,0,7,0,0,0,61,detection,
61709,23,14,1280,1280,0,0,0,0,0,0,8,0,0,0,61,detection,
62539,6,20,1973,1973,0,0,0,0,0,0,11,0,0,0,62,detection,
63296,15,23,1356,1356,0,0,0,0,0,0,1,0,0,0,63,detection,
63309,16,23,1356,1356,0,0,0,0,0,0,12,0,0,0,63,detection,
63541,6,3,1536,1536,0,0,0,0,0,0,0,0,0,0,63,detection,
63550,15,30,1510,1510,0,0,0,0,0,0,0,0,0,0,63,detection,
64237,11,31,1280,1280,0,0,0,0,0,0,12,0,0,0,64,detection,
64250,13,31,1280,1280,0,0,0,0,0,0,16,0,0,0,64,detection,
64250,22,31,1280,1280,0,0,0,0,0,0,14,0,0,0,64,detection,
64266,14,31,1280,1280,0,0,0,0,0,0,0,0,0,0,64,detection,
64276,18,31,1280,1280,0,0,0,0,0,0,9,0,0,0,64,detection,
64281,5,31,1280,1280,0,0,0,0,0,0,7,0,0,0,64,detection,
64538,3,6,2048,2048,0,0,0,0,0,0,7,0,0,0,64,detection,
64539,20,6,2048,2048,0,0,0,0,0,0,7,0,0,0,64,detection,
64786,9,7,1024,1024,0,0,0,0,0,0,7,0,0,0,64,detection,
64828,26,7,1024,1024,0,0,0,0,0,0,0,0,0,0,64,detection,
64846,17,7,1024,1024,0,0,0,0,0,0,3,0,0,0,64,detection,
65041,1,25,512,512,0,0,0,0,0,0,4,0,0,0,65,detection,
65102,2,25,512,512,0,0,0,0,0,0,5,0,0,0,65,detection,
66308,16,23,1510,1510,0,0,0,0,0,0,22,0,0,0,66,detection,
67883,4,31,1356,1356,0,0,0,0,0,0,13,0,0,0,67,detection,
69208,19,28,1510,1510,0,0,0,0,0,0,6,0,0,0,69,detection,
69538,3,4,1510,1510,0,0,0,0,0,0,11,0,0,0,69,detection,
69542,20,4,1510,1510,0,0,0,0,0,0,0,0,0,0,69,detection,
69543,6,4,1510,1510,0,0,0,0,0,0,0,0,0,0,69,detection,
69637,14,4,1510,1510,0,0,0,0,0,0,6,0,0,0,69,detection,
69807,16,5,1536,1536,0,0,0,0,0,0,18,0,0,0,69,detection,
71289,24,13,1280,1280,0,0,0,0,0,0,0,0,0,0,71,detection,
71329,28,13,1280,1280,0,0,0,0,0,0,8,0,0,0,71,detection,
71351,2,13,1280,1280,0,0,0,0,0,0,5,0,0,0,71,detection,
72206,26,11,1024,1024,0,0,0,0,0,0,0,0,0,0,72,detection,
72211,28,11,1024,1024,0,0,0,0,0,0,0,0,0,0,72,detection,
72288,24,11,1024,1024,0,0,0,0,0,0,0,0,0,0,72,detection,
73334,26,31,1356,1356,0,0,0,0,0,0,0,0,0,0,73,detection,
73378,4,31,1356,1356,0,0,0,0,0,0,20,0,0,0,73,detection,
73403,14,31,1356,1356,0,0,0,0,0,0,4,0,0,0,73,detection,
73733,11,18,1536,1536,0,0,0,0,0,0,12,0,0,0,73,detection,
73749,13,18,1536,1536,0,0,0,0,0,0,19,0,0,0,73,detection,
73753,22,18,1536,1536,0,0,0,0,0,0,28,0,0,0,73,detection,
73838,7,26,949,949,0,0,0,0,0,0,1,0,0,0,73,detection,
73844,17,26,949,949,0,0,0,0,0,0,13,0,0,0,73,detection,
73951,21,26,949,949,0,0,0,0,0,0,17,0,0,0,73,detection,
73997,1,23,1510,1510,0,0,0,0,0,0,0,0,0,0,73,detection,
74412,3,4,1536,1536,0,0,0,0,0,0,14,0,0,0,74,detection,
75441,1,25,512,512,0,0,0,0,0,0,4,0,0,0,75,detection,
75499,27,25,512,512,0,0,0,0,0,0,3,0,0,0,75,detection,
75713,7,21,512,512,0,0,0,0,0,0,1,0,0,0,75,detection,
77659,5,13,1024,1024,0,0,0,0,0,0,11,0,0,0,77,detection,
77663,24,13,1024,1024,0,0,0,0,0,0,4,0,0,0,77,detection,
77674,15,13,1024,1024,0,0,0,0,0,0,0,0,0,0,77,detection,
77705,28,13,1024,1024,0,0,0,0,0,0,11,0,0,0,77,detection,
77729,2,13,1024,1024,0,0,0,0,0,0,15,0,0,0,77,detection,
77766,14,13,1024,1024,0,0,0,0,0,0,11,0,0,0,77,detection,
78915,9,7,1024,1024,0,0,0,0,0,0,9,0,0,0,78,detection,
79163,6,3,1792,1792,0,0,0,0,0,0,3,0,0,0,79,detection,
79166,20,3,1792,1792,0,0,0,0,0,0,3,0,0,0,79,detection,
79291,20,19,1536,1536,0,0,0,0,0,0,0,0,0,0,79,detection,
79293,6,19,1536,1536,0,0,0,0,0,0,0,0,0,0,79,detection,
80037,3,4,1536,1536,0,0,0,0,0,0,16,0,0,0,80,detection,
80038,6,4,1536,1536,0,0,0,0,0,0,3,0,0,0,80,detection,
80041,20,4,1536,1536,0,0,0,0,0,0,3,0,0,0,80,detection,
80327,21,17,762,762,0,0,0,0,0,0,17,0,0,0,80,detection,
80331,26,17,762,762,0,0,0,0,0,0,10,0,0,0,80,detection,
81123,22,18,1280,1280,0,0,0,0,0,0,31,0,0,0,81,detection,
81537,3,10,1205,1205,0,0,0,0,0,0,13,0,0,0,81,detection,
81544,6,10,1205,1205,0,0,0,0,0,0,0,0,0,0,81,detection,
82329,26,11,1280,1280,0,0,0,0,0,0,9,0,0,0,82,detection,
82418,20,5,1536,1536,0,0,0,0,0,0,0,0,0,0,82,detection,
82435,16,5,1536,1536,0,0,0,0,0,0,18,0,0,0,82,detection,
82456,19,5,1536,1536,0,0,0,0,0,0,7,0,0,0,82,detection,
83403,1,27,768,768,0,0,0,0,0,0,0,0,0,0,83,detection,
83535,1,23,1280,1280,0,0,0,0,0,0,8,0,0,0,83,detection,
84291,20,3,1792,1792,0,0,0,0,0,0,3,0,0,0,84,detection,
87102,2,16,1391,1391,0,0,0,0,0,0,20,0,0,0,87,detection,
87127,4,31,1356,1356,0,0,0,0,0,0,21,0,0,0,87,detection,
87140,14,31,1356,1356,0,0,0,0,0,0,7,0,0,0,87,detection,
87168,6,31,1356,1356,0,0,0,0,0,0,0,0,0,0,87,detection,
89146,1,27,512,512,0,0,0,0,0,0,4,0,0,0,89,detection,
89245,25,27,512,512,0,0,0,0,0,0,24,0,0,0,89,detection,
90163,3,6,1868,1868,0,0,0,0,0,0,19,0,0,0,90,detection,
90165,20,6,1868,1868,0,0,0,0,0,0,11,0,0,0,90,detection,
90867,25,2,1077,1077,0,0,0,0,0,0,16,0,0,0,90,detection,
91348,1,23,1024,1024,0,0,0,0,0,0,8,0,0,0,91,detection,
91862,11,18,1280,1280,0,0,0,0,0,0,24,0,0,0,91,detection,
91866,12,18,1280,1280,0,0,0,0,0,0,24,0,0,0,91,detection,
91897,8,18,1280,1280,0,0,0,0,0,0,28,0,0,0,91,detection,
91910,24,18,1280,1280,0,0,0,0,0,0,7,0,0,0,91,detection,
92764,14,31,1356,1356,0,0,0,0,0,0,9,0,0,0,92,detection,
96284,5,14,1536,1536,0,0,0,0,0,0,17,0,0,0,96,detection,
96295,20,14,1536,1536,0,0,0,0,0,0,0,0,0,0,96,detection,
96644,14,4,1766,1766,0,0,0,0,0,0,19,0,0,0,96,detection,
96665,20,4,1766,1766,0,0,0,0,0,0,7,0,0,0,96,detection,
96827,26,8,1205,1205,0,0,0,0,0,0,16,0,0,0,96,detection,
96848,17,8,1205,1205,0,0,0,0,0,0,24,0,0,0,96,detection,
96927,1,12,1100,1100,0,0,0,0,0,0,0,0,0,0,96,detection,
97415,20,6,1612,1612,0,0,0,0,0,0,13,0,0,0,97,detection,
99415,20,3,1868,1868,0,0,0,0,0,0,7,0,0,0,99,detection,
99417,6,3,1868,1868,0,0,0,0,0,0,10,0,0,0,99,detection,
99713,7,9,1254,1254,0,0,0,0,0,0,14,0,0,0,99,detection,
101044,20,15,1668,1668,0,0,0,0,0,0,0,0,0,0,101,detection,
102038,5,22,1536,1536,0,0,0,0,0,0,21,0,0,0,102,detection,
102081,19,22,1536,1536,0,0,0,0,0,0,9,0,0,0,102,detection,
103263,14,4,1868,1868,0,0,0,0,0,0,26,0,0,0,103,detection,
103271,8,4,1868,1868,0,0,0,0,0,0,24,0,0,0,103,detection,
103291,3,4,1868,1868,0,0,0,0,0,0,30,0,0,0,103,detection,
103292,20,4,1868,1868,0,0,0,0,0,0,11,0,0,0,103,detection,
105068,1,27,512,512,0,0,0,0,0,0,5,0,0,0,105,detection,
105333,28,11,1274,1274,0,0,0,0,0,0,9,0,0,0,105,detection,
105335,19,14,1717,1717,0,0,0,0,0,0,9,0,0,0,105,detection,
105407,5,14,1717,1717,0,0,0,0,0,0,28,0,0,0,105,detection,
105410,24,11,1274,1274,0,0,0,0,0,0,7,0,0,0,105,detection,
105501,27,25,742,742,0,0,0,0,0,0,15,0,0,0,105,detection,
105597,7,9,1256,1256,0,0,0,0,0,0,14,0,0,0,105,detection,
107379,1,23,998,998,0,0,0,0,0,0,8,0,0,0,107,detection,
107548,15,19,1536,1536,0,0,0,0,0,0,11,0,0,0,107,detection,
107586,28,19,1536,1536,0,0,0,0,0,0,14,0,0,0,107,detection,
107668,6,19,1536,1536,0,0,0,0,0,0,2,0,0,0,107,detection,
109674,15,16,1589,1589,0,0,0,0,0,0,11,0,0,0,109,detection,
109738,25,16,1589,1589,0,0,0,0,0,0,26,0,0,0,109,detection,
109754,22,16,1589,1589,0,0,0,0,0,0,25,0,0,0,109,detection,
110291,20,3,1868,1868,0,0,0,0,0,0,7,0,0,0,110,detection,
110292,6,3,1868,1868,0,0,0,0,0,0,10,0,0,0,110,detection,
111162,3,6,1612,1612,0,0,0,0,0,0,27,0,0,0,111,detection,
111723,17,4,1612,1612,0,0,0,0,0,0,23,0,0,0,111,detection,
111730,2,4,1612,1612,0,0,0,0,0,0,24,0,0,0,111,detection,
111752,22,4,1612,1612,0,0,0,0,0,0,27,0,0,0,111,detection,
111770,8,4,1612,1612,0,0,0,0,0,0,28,0,0,0,111,detection,
111787,3,4,1612,1612,0,0,0,0,0,0,33,0,0,0,111,detection,
111791,6,4,1612,1612,0,0,0,0,0,0,13,0,0,0,111,detection,
112294,20,15,2022,2022,0,0,0,0,0,0,6,0,0,0,112,detection,
113587,19,14,1868,1868,0,0,0,0,0,0,17,0,0,0,113,detection,
113657,5,14,1868,1868,0,0,0,0,0,0,32,0,0,0,113,detection,
114255,4,31,1536,1536,0,0,0,0,0,0,30,0,0,0,114,detection,
115283,1,7,998,998,0,0,0,0,0,0,0,0,0,0,115,detection,
115285,9,7,998,998,0,0,0,0,0,0,18,0,0,0,115,detection,
116998,27,25,998,998,0,0,0,0,0,0,18,0,0,0,116,detection,
117062,16,25,998,998,0,0,0,0,0,0,26,0,0,0,117,detection,
118169,20,15,2022,2022,0,0,0,0,0,0,7,0,0,0,118,detection,
119728,2,18,1280,1280,0,0,0,0,0,0,23,0,0,0,119,detection,
119733,11,18,1280,1280,0,0,0,0,0,0,27,0,0,0,119,detection,
119751,22,18,1280,1280,0,0,0,0,0,0,31,0,0,0,119,detection,
121225,2,16,1254,1254,0,0,0,0,0,0,31,0,0,0,121,detection,
121239,25,16,1254,1254,0,0,0,0,0,0,30,0,0,0,121,detection,
121242,12,16,1254,1254,0,0,0,0,0,0,25,0,0,0,121,detection,
121247,22,16,1254,1254,0,0,0,0,0,0,31,0,0,0,121,detection,
121259,4,16,1254,1254,0,0,0,0,0,0,31,0,0,0,121,detection,
121407,5,14,1868,1868,0,0,0,0,0,0,36,0,0,0,121,detection,
122417,6,31,1254,1254,0,0,0,0,0,0,9,0,0,0,122,detection,
123232,2,9,1256,1256,0,0,0,0,0,0,15,0,0,0,123,detection,
123421,15,11,1274,1274,0,0,0,0,0,0,12,0,0,0,123,detection,
123460,28,11,1274,1274,0,0,0,0,0,0,18,0,0,0,123,detection,
123695,10,17,1536,1536,0,0,0,0,0,0,24,0,0,0,123,detection,
123699,21,17,1536,1536,0,0,0,0,0,0,25,0,0,0,123,detection,
125158,1,12,768,768,0,0,0,0,0,0,8,0,0,0,125,detection,
125269,8,4,1817,1817,0,0,0,0,0,0,28,0,0,0,125,detection,
125292,20,4,1817,1817,0,0,0,0,0,0,14,0,0,0,125,detection,
125643,1,23,768,768,0,0,0,0,0,0,12,0,0,0,125,detection,
125698,10,23,768,768,0,0,0,0,0,0,21,0,0,0,125,detection,
125810,1,7,768,768,0,0,0,0,0,0,3,0,0,0,125,detection,
125849,17,7,768,768,0,0,0,0,0,0,25,0,0,0,125,detection,
125924,15,16,1254,1254,0,0,0,0,0,0,17,0,0,0,125,detection,
126345,28,22,1536,1536,0,0,0,0,0,0,21,0,0,0,126,detection,
126384,4,22,1536,1536,0,0,0,0,0,0,26,0,0,0,126,detection,
126835,19,28,1254,1254,0,0,0,0,0,0,20,0,0,0,126,detection,
127789,24,10,1280,1280,0,0,0,0,0,0,17,0,0,0,127,detection,
129422,15,30,1589,1589,0,0,0,0,0,0,10,0,0,0,129,detection,
130125,27,25,1031,1031,0,0,0,0,0,0,21,0,0,0,130,detection,
130128,22,25,1031,1031,0,0,0,0,0,0,26,0,0,0,130,detection,
130133,4,25,1031,1031,0,0,0,0,0,0,31,0,0,0,130,detection,
130523,1,7,512,512,0,0,0,0,0,0,6,0,0,0,130,detection,
130599,17,7,512,512,0,0,0,0,0,0,28,0,0,0,130,detection,
132220,1,23,512,512,0,0,0,0,0,0,14,0,0,0,132,detection,
132320,10,23,512,512,0,0,0,0,0,0,28,0,0,0,132,detection,
133746,22,4,1543,1543,0,0,0,0,0,0,29,0,0,0,133,detection,
133753,27,4,1543,1543,0,0,0,0,0,0,16,0,0,0,133,detection,
134156,5,14,2048,2048,0,0,0,0,0,0,40,0,0,0,134,detection,
134780,18,10,768,768,0,0,0,0,0,0,26,0,0,0,134,detection,
134785,24,10,768,768,0,0,0,0,0,0,22,0,0,0,134,detection,
134789,9,10,768,768,0,0,0,0,0,0,17,0,0,0,134,detection,
134792,3,10,768,768,0,0,0,0,0,0,37,0,0,0,134,detection,
135460,10,17,1024,1024,0,0,0,0,0,0,29,0,0,0,135,detection,
137175,1,21,1024,1024,0,0,0,0,0,0,13,0,0,0,137,detection,
137215,7,21,1024,1024,0,0,0,0,0,0,26,0,0,0,137,detection,
137224,17,21,1024,1024,0,0,0,0,0,0,28,0,0,0,137,detection,
138164,24,3,1280,1280,0,0,0,0,0,0,21,0,0,0,138,detection,
138165,6,3,1280,1280,0,0,0,0,0,0,17,0,0,0,138,detection,
138173,20,3,1280,1280,0,0,0,0,0,0,19,0,0,0,138,detection,
141323,10,4,1543,1543,0,0,0,0,0,0,21,0,0,0,141,detection,
141327,21,4,1543,1543,0,0,0,0,0,0,23,0,0,0,141,detection,
141340,7,4,1543,1543,0,0,0,0,0,0,23,0,0,0,141,detection,
141349,17,4,1543,1543,0,0,0,0,0,0,29,0,0,0,141,detection,
141365,12,4,1543,1543,0,0,0,0,0,0,22,0,0,0,141,detection,
141367,25,4,1543,1543,0,0,0,0,0,0,21,0,0,0,141,detection,
141375,27,4,1543,1543,0,0,0,0,0,0,17,0,0,0,141,detection,
141787,3,6,1510,1510,0,0,0,0,0,0,35,0,0,0,141,detection,
141795,20,6,1510,1510,0,0,0,0,0,0,22,0,0,0,141,detection,
141904,18,10,768,768,0,0,0,0,0,0,25,0,0,0,141,detection,
141911,9,10,768,768,0,0,0,0,0,0,19,0,0,0,141,detection,
141912,3,10,768,768,0,0,0,0,0,0,37,0,0,0,141,detection,
141917,6,10,768,768,0,0,0,0,0,0,19,0,0,0,141,detection,
141938,16,10,768,768,0,0,0,0,0,0,27,0,0,0,141,detection,
141960,23,10,768,768,0,0,0,0,0,0,28,0,0,0,141,detection,
142289,3,9,1232,1232,0,0,0,0,0,0,24,0,0,0,142,detection,
142297,20,9,1232,1232,0,0,0,0,0,0,11,0,0,0,142,detection,
142311,16,9,1232,1232,0,0,0,0,0,0,20,0,0,0,142,detection,
142481,1,21,1280,1280,0,0,0,0,0,0,16,0,0,0,142,detection,
142597,7,21,1280,1280,0,0,0,0,0,0,29,0,0,0,142,detection,
144089,1,23,512,512,0,0,0,0,0,0,16,0,0,0,144,detection,
144197,10,23,512,512,0,0,0,0,0,0,31,0,0,0,144,detection,
144840,7,13,512,512,0,0,0,0,0,0,28,0,0,0,144,detection,
145022,8,25,1024,1024,0,0,0,0,0,0,27,0,0,0,145,detection,
145470,17,4,1024,1024,0,0,0,0,0,0,32,0,0,0,145,detection,
145487,12,4,1024,1024,0,0,0,0,0,0,26,0,0,0,145,detection,
145500,22,4,1024,1024,0,0,0,0,0,0,32,0,0,0,145,detection,
145585,23,4,1024,1024,0,0,0,0,0,0,24,0,0,0,145,detection,
145610,7,4,1024,1024,0,0,0,0,0,0,27,0,0,0,145,detection,
145813,1,7,512,512,0,0,0,0,0,0,8,0,0,0,145,detection,
145844,17,7,512,512,0,0,0,0,0,0,30,0,0,0,145,detection,
145915,3,7,512,512,0,0,0,0,0,0,29,0,0,0,145,detection,
146721,17,16,1340,1340,0,0,0,0,0,0,23,0,0,0,146,detection,
146728,2,16,1340,1340,0,0,0,0,0,0,30,0,0,0,146,detection,
148032,18,29,512,512,0,0,0,0,0,0,26,0,0,0,148,detection,
148036,24,29,512,512,0,0,0,0,0,0,24,0,0,0,148,detection,
148092,7,29,512,512,0,0,0,0,0,0,28,0,0,0,148,detection,
148416,9,2,1077,1077,0,0,0,0,0,0,20,0,0,0,148,detection,
148540,1,21,768,768,0,0,0,0,0,0,21,0,0,0,148,detection,
149268,4,17,768,768,0,0,0,0,0,0,28,0,0,0,149,detection,
149307,16,17,768,768,0,0,0,0,0,0,24,0,0,0,149,detection,
149324,10,17,768,768,0,0,0,0,0,0,31,0,0,0,149,detection,
149328,21,17,768,768,0,0,0,0,0,0,34,0,0,0,149,detection,
149375,22,17,768,768,0,0,0,0,0,0,23,0,0,0,149,detection,
149910,24,3,768,768,0,0,0,0,0,0,32,0,0,0,149,detection,
150499,27,4,768,768,0,0,0,0,0,0,26,0,0,0,150,detection,
150502,22,4,768,768,0,0,0,0,0,0,33,0,0,0,150,detection,
150537,24,4,768,768,0,0,0,0,0,0,29,0,0,0,150,detection,
150540,3,4,768,768,0,0,0,0,0,0,41,0,0,0,150,detection,
150542,6,4,768,768,0,0,0,0,0,0,23,0,0,0,150,detection,
150545,20,4,768,768,0,0,0,0,0,0,34,0,0,0,150,detection,
150572,21,4,768,768,0,0,0,0,0,0,32,0,0,0,150,detection,
150575,10,4,768,768,0,0,0,0,0,0,28,0,0,0,150,detection,
150600,7,4,768,768,0,0,0,0,0,0,30,0,0,0,150,detection,
150609,17,4,768,768,0,0,0,0,0,0,33,0,0,0,150,detection,
150630,22,18,1024,1024,0,0,0,0,0,0,34,0,0,0,150,detection,
150664,24,18,1024,1024,0,0,0,0,0,0,34,0,0,0,150,detection,
150711,23,18,1024,1024,0,0,0,0,0,0,24,0,0,0,150,detection,
150715,7,18,1024,1024,0,0,0,0,0,0,23,0,0,0,150,detection,
150732,2,18,1024,1024,0,0,0,0,0,0,26,0,0,0,150,detection,
151920,6,20,1024,1024,0,0,0,0,0,0,21,0,0,0,151,detection,
152988,1,21,768,768,0,0,0,0,0,0,18,0,0,0,152,detection,
153162,3,6,1280,1280,0,0,0,0,0,0,40,0,0,0,153,detection,
153169,20,6,1280,1280,0,0,0,0,0,0,34,0,0,0,153,detection,
154468,17,16,1340,1340,0,0,0,0,0,0,24,0,0,0,154,detection,
156421,15,11,1478,1478,0,0,0,0,0,0,16,0,0,0,156,detection,
156666,20,3,768,768,0,0,0,0,0,0,33,0,0,0,156,detection,
156666,6,3,768,768,0,0,0,0,0,0,26,0,0,0,156,detection,
156799,15,30,1868,1868,0,0,0,0,0,0,18,0,0,0,156,detection,
158787,9,10,806,806,0,0,0,0,0,0,19,0,0,0,158,detection,
158809,16,10,806,806,0,0,0,0,0,0,27,0,0,0,158,detection,
160038,3,6,1075,1075,0,0,0,0,0,0,39,0,0,0,160,detection,
160042,20,6,1075,1075,0,0,0,0,0,0,31,0,0,0,160,detection,
161460,23,18,1280,1280,0,0,0,0,0,0,28,0,0,0,161,detection,
161497,22,18,1280,1280,0,0,0,0,0,0,37,0,0,0,161,detection,
161510,4,18,1280,1280,0,0,0,0,0,0,36,0,0,0,161,detection,
162392,8,25,1327,1327,0,0,0,0,0,0,36,0,0,0,162,detection,
163002,27,30,1868,1868,0,0,0,0,0,0,21,0,0,0,163,detection,
163049,15,30,1868,1868,0,0,0,0,0,0,23,0,0,0,163,detection,
163210,23,19,1292,1292,0,0,0,0,0,0,24,0,0,0,163,detection,
164499,22,4,768,768,0,0,0,0,0,0,34,0,0,0,164,detection,
164599,7,4,768,768,0,0,0,0,0,0,31,0,0,0,164,detection,
167142,1,21,793,793,0,0,0,0,0,0,19,0,0,0,167,detection,
168122,22,18,1024,1024,0,0,0,0,0,0,33,0,0,0,168,detection,
168127,4,18,1024,1024,0,0,0,0,0,0,37,0,0,0,168,detection,
169021,8,10,1024,1024,0,0,0,0,0,0,28,0,0,0,169,detection,
169033,9,10,1024,1024,0,0,0,0,0,0,28,0,0,0,169,detection,
169038,24,10,1024,1024,0,0,0,0,0,0,31,0,0,0,169,detection,
169664,3,6,1090,1090,0,0,0,0,0,0,39,0,0,0,169,detection,
169667,20,6,1090,1090,0,0,0,0,0,0,34,0,0,0,169,detection,
170915,6,20,998,998,0,0,0,0,0,0,21,0,0,0,170,detection,
171464,1,17,986,986,0,0,0,0,0,0,7,0,0,0,171,detection,
171503,4,17,986,986,0,0,0,0,0,0,33,0,0,0,171,detection,
171572,21,17,986,986,0,0,0,0,0,0,34,0,0,0,171,detection,
172028,18,29,512,512,0,0,0,0,0,0,29,0,0,0,172,detection,
174023,8,16,1320,1320,0,0,0,0,0,0,27,0,0,0,174,detection,
174075,10,16,1320,1320,0,0,0,0,0,0,27,0,0,0,174,detection,
174087,23,16,1320,1320,0,0,0,0,0,0,30,0,0,0,174,detection,
174100,2,16,1320,1320,0,0,0,0,0,0,32,0,0,0,174,detection,
175172,15,30,1280,1280,0,0,0,0,0,0,29,0,0,0,175,detection,
175187,16,23,742,742,0,0,0,0,0,0,34,0,0,0,175,detection,
175213,19,23,742,742,0,0,0,0,0,0,28,0,0,0,175,detection,
176424,20,14,1280,1280,0,0,0,0,0,0,27,0,0,0,176,detection,
178543,3,13,512,512,0,0,0,0,0,0,32,0,0,0,178,detection,
178590,7,13,512,512,0,0,0,0,0,0,29,0,0,0,178,detection,
178968,17,7,1135,1135,0,0,0,0,0,0,34,0,0,0,178,detection,
179249,27,25,1289,1289,0,0,0,0,0,0,33,0,0,0,179,detection,
180583,23,19,1254,1254,0,0,0,0,0,0,28,0,0,0,180,detection,
180959,23,16,1294,1294,0,0,0,0,0,0,29,0,0,0,180,detection,
181001,22,16,1294,1294,0,0,0,0,0,0,33,0,0,0,181,detection,
181018,14,12,742,742,0,0,0,0,0,0,28,0,0,0,181,detection,
181087,28,12,742,742,0,0,0,0,0,0,19,0,0,0,181,detection,
181111,11,12,742,742,0,0,0,0,0,0,27,0,0,0,181,detection,
183540,9,10,1280,1280,0,0,0,0,0,0,34,0,0,0,183,detection,
183542,6,10,1280,1280,0,0,0,0,0,0,25,0,0,0,183,detection,
185713,7,18,1049,1049,0,0,0,0,0,0,31,0,0,0,185,detection,
185748,22,18,1049,1049,0,0,0,0,0,0,33,0,0,0,185,detection,
185757,4,18,1049,1049,0,0,0,0,0,0,37,0,0,0,185,detection,
185842,23,19,998,998,0,0,0,0,0,0,31,0,0,0,185,detection,
186340,7,26,1024,1024,0,0,0,0,0,0,22,0,0,0,186,detection,
186369,25,26,1024,1024,0,0,0,0,0,0,28,0,0,0,186,detection,
186378,27,26,1024,1024,0,0,0,0,0,0,28,0,0,0,186,detection,
189001,27,30,1280,1280,0,0,0,0,0,0,31,0,0,0,189,detection,
190289,1,17,1100,1100,0,0,0,0,0,0,12,0,0,0,190,detection,
190324,21,17,1100,1100,0,0,0,0,0,0,37,0,0,0,190,detection,
190378,22,17,1100,1100,0,0,0,0,0,0,35,0,0,0,190,detection,
192907,18,14,1280,1280,0,0,0,0,0,0,31,0,0,0,192,detection,
193210,7,26,1024,1024,0,0,0,0,0,0,23,0,0,0,193,detection,
193223,17,26,1024,1024,0,0,0,0,0,0,30,0,0,0,193,detection,
194292,3,18,1024,1024,0,0,0,0,0,0,27,0,0,0,194,detection,
195224,26,7,1024,1024,0,0,0,0,0,0,21,0,0,0,195,detection,
195550,15,11,1536,1536,0,0,0,0,0,0,29,0,0,0,195,detection,
198905,18,16,1271,1271,0,0,0,0,0,0,27,0,0,0,198,detection,
202014,1,21,1020,1020,0,0,0,0,0,0,19,0,0,0,202,detection,
202043,6,10,1602,1602,0,0,0,0,0,0,28,0,0,0,202,detection,
202289,3,18,1024,1024,0,0,0,0,0,0,27,0,0,0,202,detection,
203187,16,17,1100,1100,0,0,0,0,0,0,39,0,0,0,203,detection,
203271,8,2,998,998,0,0,0,0,0,0,29,0,0,0,203,detection,
204279,18,16,1254,1254,0,0,0,0,0,0,31,0,0,0,204,detection,
204584,23,19,998,998,0,0,0,0,0,0,34,0,0,0,204,detection,
204924,20,5,1536,1536,0,0,0,0,0,0,33,0,0,0,204,detection,
206335,7,26,1254,1254,0,0,0,0,0,0,27,0,0,0,206,detection,
206365,25,26,1254,1254,0,0,0,0,0,0,31,0,0,0,206,detection,
209594,17,16,1254,1254,0,0,0,0,0,0,28,0,0,0,209,detection,
210956,28,22,998,998,0,0,0,0,0,0,26,0,0,0,210,detection,
210963,19,22,998,998,0,0,0,0,0,0,28,0,0,0,210,detection,
210981,2,22,998,998,0,0,0,0,0,0,19,0,0,0,210,detection,
210986,1,21,1024,1024,0,0,0,0,0,0,21,0,0,0,210,detection,
211033,5,22,998,998,0,0,0,0,0,0,26,0,0,0,211,detection,
212166,6,10,1629,1629,0,0,0,0,0,0,31,0,0,0,212,detection,
212343,17,25,1377,1377,0,0,0,0,0,0,36,0,0,0,212,detection,
215855,2,9,1536,1536,0,0,0,0,0,0,19,0,0,0,215,detection,
215886,4,9,1536,1536,0,0,0,0,0,0,28,0,0,0,215,detection,
217250,22,27,1536,1536,0,0,0,0,0,0,23,0,0,0,217,detection,
218901,1,26,1510,1510,0,0,0,0,0,0,8,0,0,0,218,detection,
218970,17,26,1510,1510,0,0,0,0,0,0,33,0,0,0,218,detection,
219766,14,16,1457,1457,0,0,0,0,0,0,31,0,0,0,219,detection,
219776,18,16,1457,1457,0,0,0,0,0,0,34,0,0,0,219,detection,
219917,20,5,1536,1536,0,0,0,0,0,0,36,0,0,0,219,detection,
220378,27,30,1515,1771,-256,0,58,89,38,10,36,0,74,55,220,detection,
222407,14,31,1118,1488,-370,0,88,100,58,0,32,0,71,55,222,detection,
225581,26,21,1024,1024,0,0,0,0,0,0,29,0,0,0,225,detection,
227903,18,14,1536,1536,0,0,0,0,0,0,33,0,0,0,227,detection,
227936,16,14,1536,1536,0,0,0,0,0,0,31,0,0,0,227,detection,
228401,1,26,1536,1536,0,0,0,0,0,0,11,0,0,0,228,detection,
232129,27,21,1024,1024,0,0,0,0,0,0,32,0,0,0,232,detection,
232792,6,10,1254,1254,0,0,0,0,0,0,37,0,0,0,232,detection,
232859,23,10,1254,1254,0,0,0,0,0,0,37,0,0,0,232,detection,
234497,22,27,1536,1536,0,0,0,0,0,0,27,0,0,0,234,detection,
234573,10,27,1536,1536,0,0,0,0,0,0,28,0,0,0,234,detection,
234578,21,27,1536,1536,0,0,0,0,0,0,26,0,0,0,234,detection,
235374,27,21,1280,1280,0,0,0,0,0,0,34,0,0,0,235,detection,
236308,16,14,1280,1280,0,0,0,0,0,0,33,0,0,0,236,detection,
236959,19,23,1510,1510,0,0,0,0,0,0,32,0,0,0,236,detection,
240385,13,25,1536,1536,0,0,0,0,0,0,31,0,0,0,240,detection,
240467,17,25,1536,1536,0,0,0,0,0,0,36,0,0,0,240,detection,
241173,24,13,1320,1320,0,0,0,0,0,0,27,0,0,0,241,detection,
241176,15,13,1320,1320,0,0,0,0,0,0,33,0,0,0,241,detection,
241892,14,18,1228,1228,0,0,0,0,0,0,29,0,0,0,241,detection,
242122,22,27,1583,1583,0,0,0,0,0,0,31,0,0,0,242,detection,
242465,7,9,1766,1766,0,0,0,0,0,0,27,0,0,0,242,detection,
242478,2,9,1766,1766,0,0,0,0,0,0,25,0,0,0,242,detection,
242543,3,9,1766,1766,0,0,0,0,0,0,31,0,0,0,242,detection,
242639,14,16,1532,1532,0,0,0,0,0,0,35,0,0,0,242,detection,
242661,18,16,1532,1532,0,0,0,0,0,0,38,0,0,0,242,detection,
244036,5,23,1510,1510,0,0,0,0,0,0,22,0,0,0,244,detection,
244120,25,17,1274,1274,0,0,0,0,0,0,26,0,0,0,244,detection,
244133,4,17,1274,1274,0,0,0,0,0,0,36,0,0,0,244,detection,
245247,13,25,1536,1536,0,0,0,0,0,0,29,0,0,0,245,detection,
245344,17,25,1536,1536,0,0,0,0,0,0,35,0,0,0,245,detection,
245358,2,25,1536,1536,0,0,0,0,0,0,30,0,0,0,245,detection,
245414,9,7,1393,1393,0,0,0,0,0,0,35,0,0,0,245,detection,
245789,9,4,819,819,0,0,0,0,0,0,30,0,0,0,245,detection,
245798,20,4,819,819,0,0,0,0,0,0,36,0,0,0,245,detection,
245824,10,4,819,819,0,0,0,0,0,0,36,0,0,0,245,detection,
245825,21,4,819,819,0,0,0,0,0,0,36,0,0,0,245,detection,
245837,23,4,819,819,0,0,0,0,0,0,30,0,0,0,245,detection,
245841,7,4,819,819,0,0,0,0,0,0,32,0,0,0,245,detection,
245846,17,4,819,819,0,0,0,0,0,0,36,0,0,0,245,detection,
245863,25,4,819,819,0,0,0,0,0,0,32,0,0,0,245,detection,
249411,24,13,1320,1320,0,0,0,0,0,0,26,0,0,0,249,detection,
249807,16,9,1331,1331,0,0,0,0,0,0,28,0,0,0,249,detection,
251542,24,11,1331,1331,0,0,0,0,0,0,27,0,0,0,251,detection,
251584,28,11,1331,1331,0,0,0,0,0,0,23,0,0,0,251,detection,
251749,25,17,1325,1325,0,0,0,0,0,0,27,0,0,0,251,detection,
252711,19,5,1331,1331,0,0,0,0,0,0,33,0,0,0,252,detection,
252792,20,5,1331,1331,0,0,0,0,0,0,37,0,0,0,252,detection,
254287,24,11,1331,1331,0,0,0,0,0,0,27,0,0,0,254,detection,
256322,10,23,1331,1331,0,0,0,0,0,0,40,0,0,0,256,detection,
256408,5,23,1331,1331,0,0,0,0,0,0,28,0,0,0,256,detection,
256469,17,25,1333,1333,0,0,0,0,0,0,41,0,0,0,256,detection,
258085,23,5,1587,1587,0,0,0,0,0,0,29,0,0,0,258,detection,
258370,25,13,1320,1320,0,0,0,0,0,0,27,0,0,0,258,detection,
258713,1,26,1536,1536,0,0,0,0,0,0,13,0,0,0,258,detection,
258750,27,21,1587,1587,0,0,0,0,0,0,37,0,0,0,258,detection,
259457,21,30,1395,1651,-256,0,64,99,42,11,28,0,75,55,259,detection,
259500,27,30,1395,1651,-256,0,54,100,0,9,42,0,71,55,259,detection,
267037,5,13,1837,1837,0,0,0,0,0,0,29,0,0,0,267,detection,
267050,15,13,1837,1837,0,0,0,0,0,0,36,0,0,0,267,detection,
267625,27,21,1484,1484,0,0,0,0,0,0,43,0,0,0,267,detection,
267951,21,27,1801,1801,0,0,0,0,0,0,31,0,0,0,267,detection,
267998,22,27,1801,1801,0,0,0,0,0,0,35,0,0,0,267,detection,
269212,28,23,1510,1510,0,0,0,0,0,0,21,0,0,0,269,detection,
271912,24,3,1510,1510,0,0,0,0,0,0,35,0,0,0,271,detection,
272558,1,26,1602,1602,0,0,0,0,0,0,17,0,0,0,272,detection,
275176,15,5,1587,1587,0,0,0,0,0,0,37,0,0,0,275,detection,
276215,7,2,1536,1536,0,0,0,0,0,0,28,0,0,0,276,detection,
278672,20,15,1905,1905,0,0,0,0,0,0,33,0,0,0,278,detection,
279417,6,20,1792,1792,0,0,0,0,0,0,34,0,0,0,279,detection,
280869,12,22,1612,1612,0,0,0,0,0,0,21,0,0,0,280,detection,
282017,1,26,1766,1766,0,0,0,0,0,0,20,0,0,0,282,detection,
282874,22,27,1907,1907,0,0,0,0,0,0,39,0,0,0,282,detection,
284165,6,20,1832,1832,0,0,0,0,0,0,38,0,0,0,284,detection,
287627,27,30,1335,1591,-256,0,52,80,0,0,45,0,67,55,287,detection,
288294,20,15,2022,2022,0,0,0,0,0,0,37,0,0,0,288,detection,
288952,10,14,1510,1510,0,0,0,0,0,0,32,0,0,0,288,detection,
289919,6,28,1294,1294,0,0,0,0,0,0,28,0,0,0,289,detection,
290211,19,12,1692,1692,0,0,0,0,0,0,38,0,0,0,290,detection,
291441,1,26,1792,1792,0,0,0,0,0,0,23,0,0,0,291,detection,
291467,7,26,1792,1792,0,0,0,0,0,0,30,0,0,0,291,detection,
291959,28,11,1996,1996,0,0,0,0,0,0,27,0,0,0,291,detection,
293063,16,23,2123,2123,0,0,0,0,0,0,41,0,0,0,293,detection,
294043,20,15,2022,2022,0,0,0,0,0,0,38,0,0,0,294,detection,
294571,10,14,1536,1536,0,0,0,0,0,0,36,0,0,0,294,detection,
294587,19,14,1536,1536,0,0,0,0,0,0,36,0,0,0,294,detection,
294587,23,14,1536,1536,0,0,0,0,0,0,32,0,0,0,294,detection,
294656,5,14,1536,1536,0,0,0,0,0,0,42,0,0,0,294,detection,
294948,10,16,1561,1561,0,0,0,0,0,0,37,0,0,0,294,detection,
294999,13,16,1561,1561,0,0,0,0,0,0,33,0,0,0,294,detection,
296327,21,17,1333,1333,0,0,0,0,0,0,44,0,0,0,296,detection,
296379,4,17,1333,1333,0,0,0,0,0,0,35,0,0,0,296,detection,
296883,4,9,1843,1843,0,0,0,0,0,0,32,0,0,0,296,detection,
296922,20,9,1843,1843,0,0,0,0,0,0,28,0,0,0,296,detection,
298079,26,7,1285,1285,0,0,0,0,0,0,29,0,0,0,298,detection,
298873,22,27,2022,2022,0,0,0,0,0,0,43,0,0,0,298,detection,
299582,28,11,1845,1845,0,0,0,0,0,0,31,0,0,0,299,detection,
299615,12,19,1786,1786,0,0,0,0,0,0,26,0,0,0,299,detection,
301239,11,18,1905,1905,0,0,0,0,0,0,36,0,0,0,301,detection,
301261,4,18,1905,1905,0,0,0,0,0,0,40,0,0,0,301,detection,
305659,24,13,2048,2048,0,0,0,0,0,0,34,0,0,0,305,detection,
305660,5,13,2048,2048,0,0,0,0,0,0,35,0,0,0,305,detection,
305672,15,13,2048,2048,0,0,0,0,0,0,38,0,0,0,305,detection,
307097,17,8,1565,1565,0,0,0,0,0,0,38,0,0,0,307,detection,
308150,18,16,1584,1584,0,0,0,0,0,0,45,0,0,0,308,detection,
308584,28,11,1845,1845,0,0,0,0,0,0,32,0,0,0,308,detection,
308676,15,11,1845,1845,0,0,0,0,0,0,37,0,0,0,308,detection,
309420,6,20,1806,1806,0,0,0,0,0,0,42,0,0,0,309,detection,
310911,5,24,1843,1843,0,0,0,0,0,0,24,0,0,0,310,detection,
312533,18,22,1781,1781,0,0,0,0,0,0,28,0,0,0,312,detection,
312583,28,22,1781,1781,0,0,0,0,0,0,31,0,0,0,312,detection,
312584,19,22,1781,1781,0,0,0,0,0,0,36,0,0,0,312,detection,
312606,2,22,1781,1781,0,0,0,0,0,0,31,0,0,0,312,detection,
312615,12,22,1781,1781,0,0,0,0,0,0,26,0,0,0,312,detection,
312659,5,13,1792,1792,0,0,0,0,0,0,36,0,0,0,312,detection,
317417,6,20,1797,1797,0,0,0,0,0,0,42,0,0,0,317,detection,
320415,9,2,1827,1827,0,0,0,0,0,0,31,0,0,0,320,detection,
320492,12,2,1827,1827,0,0,0,0,0,0,26,0,0,0,320,detection,
320501,22,2,1827,1827,0,0,0,0,0,0,26,0,0,0,320,detection,
320666,9,22,1781,1781,0,0,0,0,0,0,28,0,0,0,320,detection,
320706,28,22,1781,1781,0,0,0,0,0,0,31,0,0,0,320,detection,
321011,4,27,2298,2298,0,0,0,0,0,0,28,0,0,0,321,detection,
321028,22,27,2298,2298,0,0,0,0,0,0,45,0,0,0,321,detection,
321196,10,23,1590,1590,0,0,0,0,0,0,42,0,0,0,321,detection,
321297,20,3,1792,1792,0,0,0,0,0,0,41,0,0,0,321,detection,
323063,16,4,1843,1843,0,0,0,0,0,0,28,0,0,0,323,detection,
323164,24,10,1535,1535,0,0,0,0,0,0,39,0,0,0,323,detection,
323472,17,21,1913,1913,0,0,0,0,0,0,45,0,0,0,323,detection,
328324,10,25,1832,1832,0,0,0,0,0,0,30,0,0,0,328,detection,
328331,26,25,1832,1832,0,0,0,0,0,0,32,0,0,0,328,detection,
328409,24,10,1583,1583,0,0,0,0,0,0,43,0,0,0,328,detection,
329571,10,23,1334,1334,0,0,0,0,0,0,43,0,0,0,329,detection,
330420,5,24,1843,1843,0,0,0,0,0,0,27,0,0,0,330,detection,
332033,5,13,2022,2022,0,0,0,0,0,0,38,0,0,0,332,detection,
332858,11,12,1589,1589,0,0,0,0,0,0,43,0,0,0,332,detection,
332892,14,12,1589,1589,0,0,0,0,0,0,41,0,0,0,332,detection,
335106,2,18,2077,2077,0,0,0,0,0,0,37,0,0,0,335,detection,
336344,17,21,1845,1845,0,0,0,0,0,0,47,0,0,0,336,detection,
341619,25,26,1843,1843,0,0,0,0,0,0,38,0,0,0,341,detection,
342167,20,6,1806,1806,0,0,0,0,0,0,46,0,0,0,342,detection,
343151,18,22,2048,2048,0,0,0,0,0,0,32,0,0,0,343,detection,
344367,1,25,2055,2055,0,0,0,0,0,0,11,0,0,0,344,detection,
344385,4,25,2055,2055,0,0,0,0,0,0,36,0,0,0,344,detection,
345874,22,2,2077,2077,0,0,0,0,0,0,32,0,0,0,345,detection,
346502,13,27,2042,2042,0,0,0,0,0,0,33,0,0,0,346,detection,
347546,6,31,1018,1274,-256,0,59,91,39,0,34,0,75,55,347,detection,
347990,25,4,2022,2022,0,0,0,0,0,0,37,0,0,0,347,detection,
351588,7,21,2132,2132,0,0,0,0,0,0,58,0,0,0,351,detection,
353295,20,14,824,824,0,0,0,0,0,0,36,0,0,0,353,detection,
356414,1,25,1612,1612,0,0,0,0,0,0,15,0,0,0,356,detection,
357228,2,13,2073,2073,0,0,0,0,0,0,30,0,0,0,357,detection,
362207,23,10,1907,1907,0,0,0,0,0,0,40,0,0,0,362,detection,
362237,11,10,1907,1907,0,0,0,0,0,0,28,0,0,0,362,detection,
362271,8,10,1907,1907,0,0,0,0,0,0,36,0,0,0,362,detection,
362293,6,10,1907,1907,0,0,0,0,0,0,48,0,0,0,362,detection,
362488,11,14,1740,1740,0,0,0,0,0,0,32,0,0,0,362,detection,
362625,13,2,2099,2099,0,0,0,0,0,0,28,0,0,0,362,detection,
367658,18,31,978,1234,-256,0,61,94,40,0,32,0,71,55,367,detection,
369451,10,14,1843,1843,0,0,0,0,0,0,40,0,0,0,369,detection,
370196,10,23,1564,1564,0,0,0,0,0,0,38,0,0,0,370,detection,
371800,15,13,2101,2101,0,0,0,0,0,0,42,0,0,0,371,detection,
373457,26,27,2272,2272,0,0,0,0,0,0,28,0,0,0,373,detection,
373829,26,27,2076,2076,0,0,0,0,0,0,32,0,0,0,373,detection,
375748,13,2,2099,2099,0,0,0,0,0,0,28,0,0,0,375,detection,
375882,4,25,1842,1842,0,0,0,0,0,0,38,0,0,0,375,detection,
377072,10,14,1845,1845,0,0,0,0,0,0,43,0,0,0,377,detection,
377076,21,14,1845,1845,0,0,0,0,0,0,28,0,0,0,377,detection,
380624,1,12,1496,1496,0,0,0,0,0,0,21,0,0,0,380,detection,
381188,16,10,1881,1881,0,0,0,0,0,0,35,0,0,0,381,detection,
381269,8,10,1881,1881,0,0,0,0,0,0,35,0,0,0,381,detection,
382627,22,17,2357,2357,0,0,0,0,0,0,41,0,0,0,382,detection,
382822,21,14,1845,1845,0,0,0,0,0,0,28,0,0,0,382,detection,
384085,7,21,2076,2076,0,0,0,0,0,0,61,0,0,0,384,detection,
384114,11,5,2419,2419,0,0,0,0,0,0,28,0,0,0,384,detection,
387992,25,4,2354,2354,0,0,0,0,0,0,41,0,0,0,387,detection,
389323,21,14,1786,1786,0,0,0,0,0,0,32,0,0,0,389,detection,
389346,17,26,2102,2102,0,0,0,0,0,0,38,0,0,0,389,detection,
389377,27,26,2102,2102,0,0,0,0,0,0,36,0,0,0,389,detection,
390209,28,22,2280,2280,0,0,0,0,0,0,40,0,0,0,390,detection,
390238,12,22,2280,2280,0,0,0,0,0,0,31,0,0,0,390,detection,
390251,13,22,2280,2280,0,0,0,0,0,0,28,0,0,0,390,detection,
390538,24,11,2114,2114,0,0,0,0,0,0,36,0,0,0,390,detection,
393573,21,14,1786,1786,0,0,0,0,0,0,32,0,0,0,393,detection,
397144,14,4,2355,2355,0,0,0,0,0,0,40,0,0,0,397,detection,
397165,9,4,2355,2355,0,0,0,0,0,0,34,0,0,0,397,detection,
397416,9,7,2114,2114,0,0,0,0,0,0,38,0,0,0,397,detection,
399911,9,18,1490,1490,0,0,0,0,0,0,28,0,0,0,399,detection,
399971,1,12,1726,1726,0,0,0,0,0,0,20,0,0,0,399,detection,
400288,24,22,2589,2589,0,0,0,0,0,0,28,0,0,0,400,detection,
400365,12,22,2589,2589,0,0,0,0,0,0,34,0,0,0,400,detection,
400371,13,22,2589,2589,0,0,0,0,0,0,32,0,0,0,400,detection,
401966,7,2,2278,2278,0,0,0,0,0,0,35,0,0,0,401,detection,
401993,25,2,2278,2278,0,0,0,0,0,0,28,0,0,0,401,detection,
402042,9,2,2278,2278,0,0,0,0,0,0,34,0,0,0,402,detection,
402559,16,10,1868,1868,0,0,0,0,0,0,39,0,0,0,402,detection,
405254,22,31,918,1174,-256,0,61,94,40,11,32,0,71,55,405,detection,
406788,9,2,2293,2293,0,0,0,0,0,0,37,0,0,0,406,detection,
406864,25,2,2293,2293,0,0,0,0,0,0,32,0,0,0,406,detection,
406913,24,13,2644,2644,0,0,0,0,0,0,37,0,0,0,406,detection,
408951,10,16,1709,1709,0,0,0,0,0,0,42,0,0,0,408,detection,
409493,12,4,2355,2355,0,0,0,0,0,0,36,0,0,0,409,detection,
409502,22,4,2355,2355,0,0,0,0,0,0,44,0,0,0,409,detection,
411047,15,11,2252,2252,0,0,0,0,0,0,40,0,0,0,411,detection,
413287,9,2,2293,2293,0,0,0,0,0,0,37,0,0,0,413,detection,
413338,7,2,2293,2293,0,0,0,0,0,0,38,0,0,0,413,detection,
413405,18,14,1786,1786,0,0,0,0,0,0,42,0,0,0,413,detection,
415975,1,12,1726,1726,0,0,0,0,0,0,18,0,0,0,415,detection,
416087,28,12,1726,1726,0,0,0,0,0,0,34,0,0,0,416,detection,
416287,9,7,2067,2067,0,0,0,0,0,0,43,0,0,0,416,detection,
417539,9,18,2298,2298,0,0,0,0,0,0,32,0,0,0,417,detection,
417663,24,29,276,532,-256,0,57,88,38,10,37,0,74,55,417,detection,
418952,21,25,2298,2298,0,0,0,0,0,0,32,0,0,0,418,detection,
419460,28,23,1899,1899,0,0,0,0,0,0,34,0,0,0,419,detection,
419494,12,23,1899,1899,0,0,0,0,0,0,27,0,0,0,419,detection,
420460,23,22,1430,1430,0,0,0,0,0,0,28,0,0,0,420,detection,
420495,13,22,1430,1430,0,0,0,0,0,0,36,0,0,0,420,detection,
421535,24,13,788,788,0,0,0,0,0,0,41,0,0,0,421,detection,
421585,28,13,788,788,0,0,0,0,0,0,34,0,0,0,421,detection,
423244,25,17,788,788,0,0,0,0,0,0,37,0,0,0,423,detection,
423249,22,17,788,788,0,0,0,0,0,0,44,0,0,0,423,detection,
423257,4,17,788,788,0,0,0,0,0,0,40,0,0,0,423,detection,
427561,16,25,1300,1300,0,0,0,0,0,0,35,0,0,0,427,detection,
427575,21,25,1300,1300,0,0,0,0,0,0,37,0,0,0,427,detection,
428458,28,13,1044,1044,0,0,0,0,0,0,36,0,0,0,428,detection,
429288,9,7,2067,2067,0,0,0,0,0,0,44,0,0,0,429,detection,
431455,28,12,1300,1300,0,0,0,0,0,0,37,0,0,0,431,detection,
433323,21,25,1300,1300,0,0,0,0,0,0,36,0,0,0,433,detection,
434645,8,4,1300,1300,0,0,0,0,0,0,36,0,0,0,434,detection,
435486,11,22,1300,1300,0,0,0,0,0,0,25,0,0,0,435,detection,
437979,2,9,1556,1556,0,0,0,0,0,0,37,0,0,0,437,detection,
438060,16,9,1556,1556,0,0,0,0,0,0,34,0,0,0,438,detection,
443707,28,13,1044,1044,0,0,0,0,0,0,36,0,0,0,443,detection,
443711,19,13,1044,1044,0,0,0,0,0,0,29,0,0,0,443,detection,
443831,28,12,2111,2111,0,0,0,0,0,0,47,0,0,0,443,detection,
446912,24,10,1812,1812,0,0,0,0,0,0,46,0,0,0,446,detection,
447734,11,5,1300,1300,0,0,0,0,0,0,32,0,0,0,447,detection,
450841,7,4,1300,1300,0,0,0,0,0,0,39,0,0,0,450,detection,
450845,17,4,1300,1300,0,0,0,0,0,0,43,0,0,0,450,detection,
451230,1,27,1812,1812,0,0,0,0,0,0,8,0,0,0,451,detection,
451940,16,14,2044,2044,0,0,0,0,0,0,37,0,0,0,451,detection,
451977,2,14,2044,2044,0,0,0,0,0,0,28,0,0,0,451,detection,
457583,23,10,1812,1812,0,0,0,0,0,0,44,0,0,0,457,detection,
457643,8,10,1812,1812,0,0,0,0,0,0,38,0,0,0,457,detection,
457659,24,10,1812,1812,0,0,0,0,0,0,42,0,0,0,457,detection,
459614,25,2,2580,2580,0,0,0,0,0,0,36,0,0,0,459,detection,
460083,1,27,2198,2198,0,0,0,0,0,0,27,0,0,0,460,detection,
463578,21,26,2068,2068,0,0,0,0,0,0,35,0,0,0,463,detection,
465410,18,29,276,736,-460,0,98,100,65,10,41,0,68,55,465,detection,
465866,1,27,2095,2095,0,0,0,0,0,0,24,0,0,0,465,detection,
467457,26,11,1812,1812,0,0,0,0,0,0,32,0,0,0,467,detection,
469166,3,29,276,532,-256,0,60,93,40,0,33,0,75,55,469,detection,
469449,21,26,2304,2304,0,0,0,0,0,0,38,0,0,0,469,detection,
470213,7,21,2093,2093,0,0,0,0,0,0,66,0,0,0,470,detection,
471171,20,14,2605,2605,0,0,0,0,0,0,38,0,0,0,471,detection,
472661,24,22,1812,1812,0,0,0,0,0,0,32,0,0,0,472,detection,
472665,9,22,1812,1812,0,0,0,0,0,0,32,0,0,0,472,detection,
472951,21,26,2304,2304,0,0,0,0,0,0,37,0,0,0,472,detection,
473897,14,30,875,1514,-639,0,100,100,100,11,32,0,71,55,473,detection,
473956,21,30,875,1514,-639,0,100,100,58,10,36,0,69,55,473,detection,
476520,8,4,1300,1300,0,0,0,0,0,0,35,0,0,0,476,detection,
477148,1,27,1802,1802,0,0,0,0,0,0,21,0,0,0,477,detection,
477367,12,18,788,788,0,0,0,0,0,0,36,0,0,0,477,detection,
477418,3,18,788,788,0,0,0,0,0,0,32,0,0,0,477,detection,
479879,27,16,2068,2068,0,0,0,0,0,0,32,0,0,0,479,detection,
482920,6,3,1044,1044,0,0,0,0,0,0,46,0,0,0,482,detection,
484667,3,13,1300,1300,0,0,0,0,0,0,36,0,0,0,484,detection,
484673,15,13,1300,1300,0,0,0,0,0,0,45,0,0,0,484,detection,
484707,28,13,1300,1300,0,0,0,0,0,0,35,0,0,0,484,detection,
484707,19,13,1300,1300,0,0,0,0,0,0,34,0,0,0,484,detection,
484715,7,13,1300,1300,0,0,0,0,0,0,37,0,0,0,484,detection,
485417,20,14,1387,1387,0,0,0,0,0,0,42,0,0,0,485,detection,
485460,23,14,1387,1387,0,0,0,0,0,0,36,0,0,0,485,detection,
486836,28,19,1556,1556,0,0,0,0,0,0,34,0,0,0,486,detection,
487087,19,12,1300,1300,0,0,0,0,0,0,42,0,0,0,487,detection,
487123,27,16,2068,2068,0,0,0,0,0,0,31,0,0,0,487,detection,
488162,3,18,788,788,0,0,0,0,0,0,32,0,0,0,488,detection,
491162,3,6,1161,1161,0,0,0,0,0,0,46,0,0,0,491,detection,
491416,6,3,1044,1044,0,0,0,0,0,0,43,0,0,0,491,detection,
491992,12,19,1300,1300,0,0,0,0,0,0,36,0,0,0,491,detection,
491992,25,4,1899,1899,0,0,0,0,0,0,44,0,0,0,491,detection,
492013,14,4,1899,1899,0,0,0,0,0,0,43,0,0,0,492,detection,
494298,6,28,1556,1556,0,0,0,0,0,0,32,0,0,0,494,detection,
495993,12,22,2411,2411,0,0,0,0,0,0,40,0,0,0,495,detection,
496671,20,5,788,788,0,0,0,0,0,0,43,0,0,0,496,detection,
496684,16,5,788,788,0,0,0,0,0,0,33,0,0,0,496,detection,
497891,8,4,1643,1643,0,0,0,0,0,0,40,0,0,0,497,detection,
498991,12,22,1812,1812,0,0,0,0,0,0,40,0,0,0,498,detection,
499085,19,22,1812,1812,0,0,0,0,0,0,40,0,0,0,499,detection,
500558,16,17,1556,1556,0,0,0,0,0,0,41,0,0,0,500,detection,
505501,13,22,2068,2068,0,0,0,0,0,0,41,0,0,0,505,detection,
505864,12,19,1300,1300,0,0,0,0,0,0,37,0,0,0,505,detection,
509088,7,18,1556,1556,0,0,0,0,0,0,41,0,0,0,509,detection,
509834,23,4,2932,2932,0,0,0,0,0,0,39,0,0,0,509,detection,
512288,5,31,598,598,0,0,0,0,0,0,36,0,0,0,512,detection,
515040,6,3,1384,1384,0,0,0,0,0,0,46,0,0,0,515,detection,
515533,5,31,578,578,0,0,0,0,0,0,37,0,0,0,515,detection,
516752,27,30,755,1192,-437,0,86,100,23,0,49,0,59,40,516,detection,
516764,14,30,755,1192,-437,0,100,100,31,0,34,0,71,55,516,detection,
517170,20,5,969,969,0,0,0,0,0,0,42,0,0,0,517,detection,
518543,20,14,1227,1227,0,0,0,0,0,0,41,0,0,0,518,detection,
519664,3,6,1812,1812,0,0,0,0,0,0,50,0,0,0,519,detection,
520706,26,25,2239,2239,0,0,0,0,0,0,36,0,0,0,520,detection,
525264,14,30,735,991,-256,0,56,100,26,0,38,0,74,55,525,detection,
527627,22,16,1530,1530,0,0,0,0,0,0,39,0,0,0,527,detection,
527787,3,6,1812,1812,0,0,0,0,0,0,49,0,0,0,527,detection,
531076,21,26,2508,2508,0,0,0,0,0,0,42,0,0,0,531,detection,
531290,3,6,1812,1812,0,0,0,0,0,0,53,0,0,0,531,detection,
531666,6,3,1529,1529,0,0,0,0,0,0,48,0,0,0,531,detection,
531708,26,21,1812,1812,0,0,0,0,0,0,38,0,0,0,531,detection,
532248,27,30,695,720,-25,0,4,100,53,0,51,0,60,40,532,detection,
532265,14,30,695,720,-25,0,5,100,33,0,41,0,72,55,532,detection,
532501,27,4,2799,2799,0,0,0,0,0,0,41,0,0,0,532,detection,
532734,11,31,558,558,0,0,0,0,0,0,36,0,0,0,532,detection,
536414,24,11,1070,1070,0,0,0,0,0,0,40,0,0,0,536,detection,
536457,26,11,1070,1070,0,0,0,0,0,0,36,0,0,0,536,detection,
536461,28,11,1070,1070,0,0,0,0,0,0,40,0,0,0,536,detection,
537087,1,12,1812,1812,0,0,0,0,0,0,22,0,0,0,537,detection,
537199,10,12,1812,1812,0,0,0,0,0,0,28,0,0,0,537,detection,
539412,3,6,1812,1812,0,0,0,0,0,0,52,0,0,0,539,detection,
539919,6,19,1723,1723,0,0,0,0,0,0,29,0,0,0,539,detection,
539928,15,19,1723,1723,0,0,0,0,0,0,34,0,0,0,539,detection,
540661,5,18,2392,2392,0,0,0,0,0,0,33,0,0,0,540,detection,
540665,3,18,2392,2392,0,0,0,0,0,0,36,0,0,0,540,detection,
541833,28,11,1070,1070,0,0,0,0,0,0,40,0,0,0,541,detection,
542164,3,7,1854,1854,0,0,0,0,0,0,35,0,0,0,542,detection,
542573,10,14,1538,1538,0,0,0,0,0,0,45,0,0,0,542,detection,
542954,26,21,814,814,0,0,0,0,0,0,44,0,0,0,542,detection,
544052,1,12,1896,1896,0,0,0,0,0,0,25,0,0,0,544,detection,
544145,14,12,1896,1896,0,0,0,0,0,0,44,0,0,0,544,detection,
544162,5,12,1896,1896,0,0,0,0,0,0,28,0,0,0,544,detection,
545666,6,19,1812,1812,0,0,0,0,0,0,33,0,0,0,545,detection,
545674,15,19,1812,1812,0,0,0,0,0,0,37,0,0,0,545,detection,
546949,10,4,788,788,0,0,0,0,0,0,39,0,0,0,546,detection,
546990,25,16,865,865,0,0,0,0,0,0,41,0,0,0,546,detection,
546998,22,16,865,865,0,0,0,0,0,0,43,0,0,0,546,detection,
547124,27,30,675,799,-124,0,24,100,12,0,50,0,60,40,547,detection,
549345,19,5,1842,1842,0,0,0,0,0,0,47,0,0,0,549,detection,
551047,15,13,2989,2989,0,0,0,0,0,0,56,0,0,0,551,detection,
554353,2,14,532,532,0,0,0,0,0,0,35,0,0,0,554,detection,
556490,12,2,624,624,0,0,0,0,0,0,33,0,0,0,556,detection,
556584,28,11,1089,1089,0,0,0,0,0,0,40,0,0,0,556,detection,
556828,1,12,1044,1044,0,0,0,0,0,0,24,0,0,0,556,detection,
556888,14,12,1044,1044,0,0,0,0,0,0,47,0,0,0,556,detection,
556948,10,12,1044,1044,0,0,0,0,0,0,32,0,0,0,556,detection,
558148,8,16,859,859,0,0,0,0,0,0,36,0,0,0,558,detection,
558224,17,26,1070,1070,0,0,0,0,0,0,42,0,0,0,558,detection,
558244,25,26,1070,1070,0,0,0,0,0,0,44,0,0,0,558,detection,
558336,23,22,1326,1326,0,0,0,0,0,0,32,0,0,0,558,detection,
558673,15,19,2168,2168,0,0,0,0,0,0,45,0,0,0,558,detection,
558873,27,30,655,911,-256,0,48,100,16,0,53,0,60,40,558,detection,
560089,19,18,2090,2090,0,0,0,0,0,0,33,0,0,0,560,detection,
560730,2,9,1556,1556,0,0,0,0,0,0,41,0,0,0,560,detection,
560761,4,9,1556,1556,0,0,0,0,0,0,36,0,0,0,560,detection,
560794,3,9,1556,1556,0,0,0,0,0,0,34,0,0,0,560,detection,
562188,16,25,1582,1582,0,0,0,0,0,0,38,0,0,0,562,detection,
562205,21,25,1582,1582,0,0,0,0,0,0,39,0,0,0,562,detection,
562205,26,25,1582,1582,0,0,0,0,0,0,40,0,0,0,562,detection,
562218,17,25,1582,1582,0,0,0,0,0,0,48,0,0,0,562,detection,
563456,1,17,1582,1582,0,0,0,0,0,0,16,0,0,0,563,detection,
565461,19,13,2680,2680,0,0,0,0,0,0,37,0,0,0,565,detection,
565501,27,30,635,891,-256,0,48,100,0,0,53,0,60,40,565,detection,
566010,4,22,1582,1582,0,0,0,0,0,0,32,0,0,0,566,detection,
566990,12,4,1136,1136,0,0,0,0,0,0,40,0,0,0,566,detection,
567004,22,4,1136,1136,0,0,0,0,0,0,43,0,0,0,567,detection,
567081,23,4,1136,1136,0,0,0,0,0,0,42,0,0,0,567,detection,
568002,27,30,615,704,-89,0,16,100,20,0,57,0,60,40,568,detection,
568533,5,31,518,774,-256,0,55,84,37,0,40,0,73,55,568,detection,
569548,15,13,3251,3251,0,0,0,0,0,0,57,0,0,0,569,detection,
569583,19,13,3251,3251,0,0,0,0,0,0,50,0,0,0,569,detection,
570369,12,23,1648,1648,0,0,0,0,0,0,33,0,0,0,570,detection,
570981,1,17,1582,1582,0,0,0,0,0,0,15,0,0,0,570,detection,
572532,18,14,844,844,0,0,0,0,0,0,45,0,0,0,572,detection,
572603,2,14,844,844,0,0,0,0,0,0,34,0,0,0,572,detection,
573055,1,17,1812,1812,0,0,0,0,0,0,20,0,0,0,573,detection,
573077,26,17,1812,1812,0,0,0,0,0,0,34,0,0,0,573,detection,
573077,10,17,1812,1812,0,0,0,0,0,0,41,0,0,0,573,detection,
573119,25,17,1812,1812,0,0,0,0,0,0,40,0,0,0,573,detection,
574041,3,6,2068,2068,0,0,0,0,0,0,58,0,0,0,574,detection,
575645,14,18,1356,1356,0,0,0,0,0,0,33,0,0,0,575,detection,
575661,3,18,1356,1356,0,0,0,0,0,0,40,0,0,0,575,detection,
575665,9,18,1356,1356,0,0,0,0,0,0,32,0,0,0,575,detection,
575709,19,18,1356,1356,0,0,0,0,0,0,36,0,0,0,575,detection,
575730,2,18,1356,1356,0,0,0,0,0,0,42,0,0,0,575,detection,
576623,22,4,1591,1591,0,0,0,0,0,0,59,0,0,0,576,detection,
580920,6,3,1633,1633,0,0,0,0,0,0,51,0,0,0,580,detection,
581209,19,5,2182,2182,0,0,0,0,0,0,49,0,0,0,581,detection,
581294,20,5,2182,2182,0,0,0,0,0,0,61,0,0,0,581,detection,
581307,16,5,2182,2182,0,0,0,0,0,0,47,0,0,0,581,detection,
582644,8,16,1103,1103,0,0,0,0,0,0,36,0,0,0,582,detection,
583754,27,21,1251,1251,0,0,0,0,0,0,45,0,0,0,583,detection,
587914,5,24,1326,1326,0,0,0,0,0,0,31,0,0,0,587,detection,
590997,22,4,1582,1582,0,0,0,0,0,0,61,0,0,0,590,detection,
591021,8,4,1582,1582,0,0,0,0,0,0,39,0,0,0,591,detection,
591047,20,4,1582,1582,0,0,0,0,0,0,43,0,0,0,591,detection,
591078,21,4,1582,1582,0,0,0,0,0,0,39,0,0,0,591,detection,
591626,22,27,1363,1363,0,0,0,0,0,0,51,0,0,0,591,detection,
591636,4,27,1363,1363,0,0,0,0,0,0,32,0,0,0,591,detection,
591648,8,27,1363,1363,0,0,0,0,0,0,28,0,0,0,591,detection,
592655,1,26,1507,1507,0,0,0,0,0,0,24,0,0,0,592,detection,
594167,6,19,2377,2377,0,0,0,0,0,0,42,0,0,0,594,detection,
594687,16,10,1262,1262,0,0,0,0,0,0,49,0,0,0,594,detection,
594709,23,10,1262,1262,0,0,0,0,0,0,53,0,0,0,594,detection,
596508,4,17,1612,1612,0,0,0,0,0,0,44,0,0,0,596,detection,
596662,5,13,3284,3284,0,0,0,0,0,0,85,0,0,0,596,detection,
599369,12,19,768,768,0,0,0,0,0,0,40,0,0,0,599,detection,
599417,6,19,768,768,0,0,0,0,0,0,46,0,0,0,599,detection,
599829,1,23,1838,1838,0,0,0,0,0,0,15,0,0,0,599,detection,
599864,12,23,1838,1838,0,0,0,0,0,0,37,0,0,0,599,detection,
599907,18,23,1838,1838,0,0,0,0,0,0,29,0,0,0,599,detection,
600458,19,18,1557,1557,0,0,0,0,0,0,37,0,0,0,600,detection,
600513,14,18,1557,1557,0,0,0,0,0,0,33,0,0,0,600,detection,
600550,9,18,1557,1557,0,0,0,0,0,0,33,0,0,0,600,detection,
601661,1,26,512,512,0,0,0,0,0,0,29,0,0,0,601,detection,
604154,18,14,1018,1018,0,0,0,0,0,0,46,0,0,0,604,detection,
604213,19,14,1018,1018,0,0,0,0,0,0,40,0,0,0,604,detection,
604213,23,14,1018,1018,0,0,0,0,0,0,40,0,0,0,604,detection,
606500,22,27,1211,1211,0,0,0,0,0,0,51,0,0,0,606,detection,
607308,16,5,1838,1838,0,0,0,0,0,0,51,0,0,0,607,detection,
608167,20,4,1599,1599,0,0,0,0,0,0,46,0,0,0,608,detection,
608248,27,4,1599,1599,0,0,0,0,0,0,44,0,0,0,608,detection,
611502,13,25,1582,1582,0,0,0,0,0,0,35,0,0,0,611,detection,
613995,25,13,2094,2094,0,0,0,0,0,0,32,0,0,0,613,detection,
614037,24,13,2094,2094,0,0,0,0,0,0,41,0,0,0,614,detection,
614747,22,4,1599,1599,0,0,0,0,0,0,63,0,0,0,614,detection,
614768,8,4,1599,1599,0,0,0,0,0,0,43,0,0,0,614,detection,
616652,1,23,788,788,0,0,0,0,0,0,17,0,0,0,616,detection,
616777,18,23,788,788,0,0,0,0,0,0,34,0,0,0,616,detection,
617792,6,19,537,537,0,0,0,0,0,0,49,0,0,0,617,detection,
618873,27,30,555,595,-40,0,7,100,5,0,58,0,60,40,618,detection,
619835,23,18,1300,1300,0,0,0,0,0,0,36,0,0,0,619,detection,
620240,25,13,2094,2094,0,0,0,0,0,0,32,0,0,0,620,detection,
620297,1,26,512,512,0,0,0,0,0,0,30,0,0,0,620,detection,
620663,3,6,1024,1024,0,0,0,0,0,0,54,0,0,0,620,detection,
622041,3,9,793,793,0,0,0,0,0,0,39,0,0,0,622,detection,
624017,8,27,1390,1390,0,0,0,0,0,0,28,0,0,0,624,detection,
626034,5,12,1715,1715,0,0,0,0,0,0,36,0,0,0,626,detection,
628501,13,31,378,634,-256,0,61,94,40,11,32,0,71,55,628,detection,
628510,4,31,378,634,-256,0,58,89,38,0,36,0,74,55,628,detection,
628913,3,9,793,793,0,0,0,0,0,0,40,0,0,0,628,detection,
628938,16,9,793,793,0,0,0,0,0,0,39,0,0,0,628,detection,
630270,8,27,1390,1390,0,0,0,0,0,0,28,0,0,0,630,detection,
632215,7,4,890,890,0,0,0,0,0,0,39,0,0,0,632,detection,
632223,17,4,890,890,0,0,0,0,0,0,43,0,0,0,632,detection,
632231,2,4,890,890,0,0,0,0,0,0,32,0,0,0,632,detection,
632241,25,4,890,890,0,0,0,0,0,0,48,0,0,0,632,detection,
632248,22,4,890,890,0,0,0,0,0,0,65,0,0,0,632,detection,
632253,27,4,890,890,0,0,0,0,0,0,47,0,0,0,632,detection,
635131,4,22,1127,1127,0,0,0,0,0,0,36,0,0,0,635,detection,
635415,3,6,1049,1049,0,0,0,0,0,0,55,0,0,0,635,detection,
637709,28,11,1371,1371,0,0,0,0,0,0,44,0,0,0,637,detection,
638947,10,4,890,890,0,0,0,0,0,0,42,0,0,0,638,detection,
638962,7,4,890,890,0,0,0,0,0,0,39,0,0,0,638,detection,
638974,2,4,890,890,0,0,0,0,0,0,31,0,0,0,638,detection,
638987,12,4,890,890,0,0,0,0,0,0,43,0,0,0,638,detection,
639249,13,25,1639,1639,0,0,0,0,0,0,38,0,0,0,639,detection,
639867,25,13,1581,1581,0,0,0,0,0,0,44,0,0,0,639,detection,
639964,7,13,1581,1581,0,0,0,0,0,0,54,0,0,0,639,detection,
641422,6,28,1561,1561,0,0,0,0,0,0,36,0,0,0,641,detection,
641731,1,23,1305,1305,0,0,0,0,0,0,20,0,0,0,641,detection,
641812,16,23,1305,1305,0,0,0,0,0,0,45,0,0,0,641,detection,
641838,19,23,1305,1305,0,0,0,0,0,0,41,0,0,0,641,detection,
641878,22,17,1300,1300,0,0,0,0,0,0,47,0,0,0,641,detection,
641878,27,17,1300,1300,0,0,0,0,0,0,33,0,0,0,641,detection,
641882,4,17,1300,1300,0,0,0,0,0,0,44,0,0,0,641,detection,
641947,10,17,1300,1300,0,0,0,0,0,0,44,0,0,0,641,detection,
643178,15,30,475,552,-77,0,16,70,10,0,42,0,72,55,643,detection,
643490,1,21,1305,1305,0,0,0,0,0,0,26,0,0,0,643,detection,
643584,26,21,1305,1305,0,0,0,0,0,0,47,0,0,0,643,detection,
643625,13,31,358,844,-486,0,100,100,36,0,33,0,71,55,643,detection,
643629,22,31,358,844,-486,0,100,100,34,0,37,0,69,55,643,detection,
643634,4,31,358,844,-486,0,100,100,34,0,37,0,69,55,643,detection,
643663,5,31,358,844,-486,0,100,100,31,0,45,0,63,40,643,detection,
644099,17,7,1146,1146,0,0,0,0,0,0,45,0,0,0,644,detection,
647612,12,2,716,716,0,0,0,0,0,0,33,0,0,0,647,detection,
647625,13,2,716,716,0,0,0,0,0,0,32,0,0,0,647,detection,
647629,22,2,716,716,0,0,0,0,0,0,36,0,0,0,647,detection,
647722,17,27,1436,1436,0,0,0,0,0,0,28,0,0,0,647,detection,
648681,16,9,854,854,0,0,0,0,0,0,39,0,0,0,648,detection,
650215,7,13,1007,1007,0,0,0,0,0,0,55,0,0,0,650,detection,
650232,2,13,1007,1007,0,0,0,0,0,0,34,0,0,0,650,detection,
650242,25,13,1007,1007,0,0,0,0,0,0,47,0,0,0,650,detection,
650285,5,13,1007,1007,0,0,0,0,0,0,83,0,0,0,650,detection,
651160,1,21,1561,1561,0,0,0,0,0,0,30,0,0,0,651,detection,
651715,17,4,864,864,0,0,0,0,0,0,43,0,0,0,651,detection,
654662,5,22,633,633,0,0,0,0,0,0,37,0,0,0,654,detection,
654709,28,22,633,633,0,0,0,0,0,0,44,0,0,0,654,detection,
654912,1,26,512,512,0,0,0,0,0,0,31,0,0,0,654,detection,
659469,17,7,1126,1126,0,0,0,0,0,0,44,0,0,0,659,detection,
659583,19,23,1305,1305,0,0,0,0,0,0,41,0,0,0,659,detection,
659868,25,13,1228,1228,0,0,0,0,0,0,50,0,0,0,659,detection,
662493,25,17,1376,1376,0,0,0,0,0,0,44,0,0,0,662,detection,
663085,19,23,1817,1817,0,0,0,0,0,0,44,0,0,0,663,detection,
663183,16,23,1817,1817,0,0,0,0,0,0,49,0,0,0,663,detection,
664354,2,13,1426,1426,0,0,0,0,0,0,43,0,0,0,664,detection,
664366,25,13,1426,1426,0,0,0,0,0,0,50,0,0,0,664,detection,
665112,11,18,1854,1854,0,0,0,0,0,0,48,0,0,0,665,detection,
666749,22,17,1376,1376,0,0,0,0,0,0,51,0,0,0,666,detection,
666792,6,28,1145,1145,0,0,0,0,0,0,40,0,0,0,666,detection,
666823,10,17,1376,1376,0,0,0,0,0,0,47,0,0,0,666,detection,
666862,25,17,1376,1376,0,0,0,0,0,0,44,0,0,0,666,detection,
667032,18,29,276,713,-437,0,91,100,3,0,43,0,66,55,667,detection,
667044,3,29,276,713,-437,0,97,100,26,0,38,0,69,55,667,detection,
668038,5,12,1906,1906,0,0,0,0,0,0,38,0,0,0,668,detection,
669333,23,19,1366,1366,0,0,0,0,0,0,39,0,0,0,669,detection,
669407,18,27,1401,1401,0,0,0,0,0,0,33,0,0,0,669,detection,
669981,2,22,631,631,0,0,0,0,0,0,37,0,0,0,669,detection,
670538,24,3,532,532,0,0,0,0,0,0,44,0,0,0,670,detection,
671676,15,5,844,844,0,0,0,0,0,0,41,0,0,0,671,detection,
671865,25,2,947,947,0,0,0,0,0,0,40,0,0,0,671,detection,
671874,13,2,947,947,0,0,0,0,0,0,36,0,0,0,671,detection,
672227,2,22,631,631,0,0,0,0,0,0,38,0,0,0,672,detection,
672257,4,22,631,631,0,0,0,0,0,0,41,0,0,0,672,detection,
672282,5,22,631,631,0,0,0,0,0,0,38,0,0,0,672,detection,
672647,8,13,1504,1504,0,0,0,0,0,0,34,0,0,0,672,detection,
676283,5,12,1906,1906,0,0,0,0,0,0,38,0,0,0,676,detection,
683491,25,17,1459,1459,0,0,0,0,0,0,44,0,0,0,683,detection,
683499,22,17,1459,1459,0,0,0,0,0,0,50,0,0,0,683,detection,
684078,21,30,375,631,-256,0,56,86,56,0,39,0,73,55,684,detection,
687779,18,29,276,356,-80,0,16,70,47,0,47,0,64,40,687,detection,
687787,3,29,276,356,-80,0,16,100,50,0,42,0,71,55,687,detection,
689247,13,2,1373,1373,0,0,0,0,0,0,41,0,0,0,689,detection,
689664,24,4,1026,1026,0,0,0,0,0,0,37,0,0,0,689,detection,
689668,9,4,1026,1026,0,0,0,0,0,0,38,0,0,0,689,detection,
689672,20,4,1026,1026,0,0,0,0,0,0,50,0,0,0,689,detection,
689702,21,4,1026,1026,0,0,0,0,0,0,44,0,0,0,689,detection,
690938,1,27,1838,1838,0,0,0,0,0,0,20,0,0,0,690,detection,
691173,20,9,887,887,0,0,0,0,0,0,32,0,0,0,691,detection,
691415,3,29,276,578,-302,0,64,100,31,0,41,0,68,55,691,detection,
692491,12,22,857,857,0,0,0,0,0,0,43,0,0,0,692,detection,
692989,25,17,1499,1499,0,0,0,0,0,0,47,0,0,0,692,detection,
693043,20,6,788,788,0,0,0,0,0,0,50,0,0,0,693,detection,
693070,10,17,1499,1499,0,0,0,0,0,0,47,0,0,0,693,detection,
695172,1,23,1660,1660,0,0,0,0,0,0,28,0,0,0,695,detection,
695577,21,30,335,591,-256,0,53,100,0,0,43,0,70,55,695,detection,
697488,11,5,788,788,0,0,0,0,0,0,36,0,0,0,697,detection,
699221,17,25,847,847,0,0,0,0,0,0,50,0,0,0,699,detection,
699230,2,25,847,847,0,0,0,0,0,0,40,0,0,0,699,detection,
700444,10,17,1519,1519,0,0,0,0,0,0,50,0,0,0,700,detection,
703027,1,27,1044,1044,0,0,0,0,0,0,26,0,0,0,703,detection,
703959,26,7,2169,2169,0,0,0,0,0,0,33,0,0,0,703,detection,
704991,12,2,1373,1373,0,0,0,0,0,0,38,0,0,0,704,detection,
704997,13,2,1373,1373,0,0,0,0,0,0,41,0,0,0,704,detection,
705022,8,2,1373,1373,0,0,0,0,0,0,41,0,0,0,705,detection,
705309,16,5,1143,1143,0,0,0,0,0,0,56,0,0,0,705,detection,
706195,10,17,827,827,0,0,0,0,0,0,54,0,0,0,706,detection,
706919,20,9,1103,1103,0,0,0,0,0,0,36,0,0,0,706,detection,
708308,6,24,1143,1143,0,0,0,0,0,0,29,0,0,0,708,detection,
710144,8,13,1504,1504,0,0,0,0,0,0,33,0,0,0,710,detection,
710177,15,13,1504,1504,0,0,0,0,0,0,59,0,0,0,710,detection,
713007,1,7,2169,2169,0,0,0,0,0,0,12,0,0,0,713,detection,
715418,20,9,847,847,0,0,0,0,0,0,37,0,0,0,715,detection,
717226,1,27,1667,1667,0,0,0,0,0,0,24,0,0,0,717,detection,
718383,1,26,584,584,0,0,0,0,0,0,31,0,0,0,718,detection,
718503,27,26,584,584,0,0,0,0,0,0,39,0,0,0,718,detection,
719101,2,25,1307,1307,0,0,0,0,0,0,48,0,0,0,719,detection,
719200,10,25,1307,1307,0,0,0,0,0,0,41,0,0,0,719,detection,
719611,12,22,972,972,0,0,0,0,0,0,48,0,0,0,719,detection,
719612,11,22,972,972,0,0,0,0,0,0,31,0,0,0,719,detection,
719625,13,22,972,972,0,0,0,0,0,0,46,0,0,0,719,detection,
720456,10,17,532,532,0,0,0,0,0,0,59,0,0,0,720,detection,
721739,12,2,1819,1819,0,0,0,0,0,0,42,0,0,0,721,detection,
721751,13,2,1819,1819,0,0,0,0,0,0,41,0,0,0,721,detection,
721769,8,2,1819,1819,0,0,0,0,0,0,43,0,0,0,721,detection,
721928,1,27,1096,1096,0,0,0,0,0,0,27,0,0,0,721,detection,
722550,15,13,1484,1484,0,0,0,0,0,0,63,0,0,0,722,detection,
723533,1,23,1803,1803,0,0,0,0,0,0,29,0,0,0,723,detection,
723538,5,23,1803,1803,0,0,0,0,0,0,43,0,0,0,723,detection,
723908,1,7,1359,1359,0,0,0,0,0,0,12,0,0,0,723,detection,
726177,15,11,1349,1349,0,0,0,0,0,0,44,0,0,0,726,detection,
726208,26,11,1349,1349,0,0,0,0,0,0,40,0,0,0,726,detection,
727808,16,5,1454,1454,0,0,0,0,0,0,56,0,0,0,727,detection,
727834,23,5,1454,1454,0,0,0,0,0,0,34,0,0,0,727,detection,
728098,1,27,1663,1663,0,0,0,0,0,0,28,0,0,0,728,detection,
729937,1,12,1484,1484,0,0,0,0,0,0,28,0,0,0,729,detection,
730015,14,12,1484,1484,0,0,0,0,0,0,50,0,0,0,730,detection,
730042,3,10,1486,1486,0,0,0,0,0,0,48,0,0,0,730,detection,
730618,25,2,1819,1819,0,0,0,0,0,0,43,0,0,0,730,detection,
730622,22,2,1819,1819,0,0,0,0,0,0,40,0,0,0,730,detection,
730622,13,2,1819,1819,0,0,0,0,0,0,41,0,0,0,730,detection,
731741,12,16,1359,1359,0,0,0,0,0,0,37,0,0,0,731,detection,
731837,23,14,1871,1871,0,0,0,0,0,0,44,0,0,0,731,detection,
732082,19,13,1740,1740,0,0,0,0,0,0,52,0,0,0,732,detection,
732085,28,13,1740,1740,0,0,0,0,0,0,39,0,0,0,732,detection,
732172,15,13,1740,1740,0,0,0,0,0,0,61,0,0,0,732,detection,
737646,8,10,1338,1338,0,0,0,0,0,0,41,0,0,0,737,detection,
737663,3,10,1338,1338,0,0,0,0,0,0,49,0,0,0,737,detection,
737834,23,5,1519,1519,0,0,0,0,0,0,37,0,0,0,737,detection,
738060,1,12,1861,1861,0,0,0,0,0,0,31,0,0,0,738,detection,
738158,5,12,1861,1861,0,0,0,0,0,0,42,0,0,0,738,detection,
738907,5,14,1615,1615,0,0,0,0,0,0,52,0,0,0,738,detection,
738958,23,14,1615,1615,0,0,0,0,0,0,46,0,0,0,738,detection,
739770,8,10,1486,1486,0,0,0,0,0,0,49,0,0,0,739,detection,
748221,17,25,1202,1202,0,0,0,0,0,0,48,0,0,0,748,detection,
749040,3,10,1069,1069,0,0,0,0,0,0,51,0,0,0,749,detection,
749087,28,10,1069,1069,0,0,0,0,0,0,28,0,0,0,749,detection,
751291,9,18,2031,2031,0,0,0,0,0,0,37,0,0,0,751,detection,
751291,24,18,2031,2031,0,0,0,0,0,0,41,0,0,0,751,detection,
752002,22,25,1211,1211,0,0,0,0,0,0,44,0,0,0,752,detection,
753581,23,14,2031,2031,0,0,0,0,0,0,45,0,0,0,753,detection,
756593,1,7,2498,2498,0,0,0,0,0,0,33,0,0,0,756,detection,
756852,2,22,1499,1499,0,0,0,0,0,0,42,0,0,0,756,detection,
759379,12,5,1812,1812,0,0,0,0,0,0,28,0,0,0,759,detection,
759421,15,5,1812,1812,0,0,0,0,0,0,44,0,0,0,759,detection,
759459,23,5,1812,1812,0,0,0,0,0,0,41,0,0,0,759,detection,
760477,2,25,990,990,0,0,0,0,0,0,46,0,0,0,760,detection,
761869,1,27,1359,1359,0,0,0,0,0,0,32,0,0,0,761,detection,
761883,4,27,1359,1359,0,0,0,0,0,0,36,0,0,0,761,detection,
762384,4,9,1284,1284,0,0,0,0,0,0,40,0,0,0,762,detection,
762417,20,9,1284,1284,0,0,0,0,0,0,38,0,0,0,762,detection,
762464,7,9,1284,1284,0,0,0,0,0,0,34,0,0,0,762,detection,
762885,1,7,2324,2324,0,0,0,0,0,0,30,0,0,0,762,detection,
765262,14,12,1871,1871,0,0,0,0,0,0,54,0,0,0,765,detection,
765271,1,12,1871,1871,0,0,0,0,0,0,34,0,0,0,765,detection,
766337,28,11,1484,1484,0,0,0,0,0,0,48,0,0,0,766,detection,
768163,24,10,1386,1386,0,0,0,0,0,0,47,0,0,0,768,detection,
768188,16,10,1386,1386,0,0,0,0,0,0,52,0,0,0,768,detection,
768236,11,10,1386,1386,0,0,0,0,0,0,35,0,0,0,768,detection,
769002,13,16,1861,1861,0,0,0,0,0,0,36,0,0,0,769,detection,
769023,8,16,1861,1861,0,0,0,0,0,0,39,0,0,0,769,detection,
769088,21,16,1861,1861,0,0,0,0,0,0,28,0,0,0,769,detection,
769849,2,25,990,990,0,0,0,0,0,0,41,0,0,0,769,detection,
770448,1,23,534,534,0,0,0,0,0,0,36,0,0,0,770,detection,
771208,28,11,1246,1246,0,0,0,0,0,0,53,0,0,0,771,detection,
773255,4,9,1205,1205,0,0,0,0,0,0,44,0,0,0,773,detection,
773292,20,9,1205,1205,0,0,0,0,0,0,38,0,0,0,773,detection,
773336,7,9,1205,1205,0,0,0,0,0,0,35,0,0,0,773,detection,
773375,13,9,1205,1205,0,0,0,0,0,0,29,0,0,0,773,detection,
774021,8,18,2106,2106,0,0,0,0,0,0,38,0,0,0,774,detection,
774625,22,2,1786,1786,0,0,0,0,0,0,48,0,0,0,774,detection,
775993,11,10,1556,1556,0,0,0,0,0,0,37,0,0,0,775,detection,
777465,7,29,276,532,-256,0,58,89,38,10,36,0,74,55,777,detection,
777543,1,23,534,534,0,0,0,0,0,0,38,0,0,0,777,detection,
777550,15,23,534,534,0,0,0,0,0,0,32,0,0,0,777,detection,
778267,8,16,1898,1898,0,0,0,0,0,0,42,0,0,0,778,detection,
778323,21,16,1898,1898,0,0,0,0,0,0,32,0,0,0,778,detection,
779333,26,27,1556,1556,0,0,0,0,0,0,38,0,0,0,779,detection,
781628,22,17,1063,1063,0,0,0,0,0,0,55,0,0,0,781,detection,
781908,1,7,788,788,0,0,0,0,0,0,31,0,0,0,781,detection,
784978,1,12,1812,1812,0,0,0,0,0,0,34,0,0,0,784,detection,
786769,8,16,1996,1996,0,0,0,0,0,0,42,0,0,0,786,detection,
786963,7,29,276,532,-256,0,56,100,0,10,38,0,74,55,786,detection,
787713,19,22,1319,1319,0,0,0,0,0,0,41,0,0,0,787,detection,
788645,14,30,276,532,-256,0,53,80,32,0,44,0,69,55,788,detection,
789400,14,30,276,276,0,0,0,70,34,9,46,0,64,40,789,detection,
790242,25,2,1319,1319,0,0,0,0,0,0,44,0,0,0,790,detection,
790338,26,31,276,532,-256,0,64,99,42,11,28,0,75,55,790,detection,
790375,13,31,276,532,-256,0,57,88,34,0,37,0,74,55,790,detection,
790409,18,31,276,532,-256,0,58,89,0,0,36,0,74,55,790,detection,
790414,5,31,276,532,-256,0,51,77,30,0,48,0,67,55,790,detection,
790477,1,23,534,534,0,0,0,0,0,0,40,0,0,0,790,detection,
790494,12,23,534,534,0,0,0,0,0,0,45,0,0,0,790,detection,
790895,8,18,2085,2085,0,0,0,0,0,0,37,0,0,0,790,detection,
790962,23,18,2085,2085,0,0,0,0,0,0,40,0,0,0,790,detection,
792475,1,7,788,788,0,0,0,0,0,0,29,0,0,0,792,detection,
792585,26,7,788,788,0,0,0,0,0,0,37,0,0,0,792,detection,
792645,8,16,1996,1996,0,0,0,0,0,0,41,0,0,0,792,detection,
792668,18,16,1996,1996,0,0,0,0,0,0,45,0,0,0,792,detection,
793334,23,18,788,788,0,0,0,0,0,0,44,0,0,0,793,detection,
793394,8,18,788,788,0,0,0,0,0,0,40,0,0,0,793,detection,
793786,24,10,1847,1847,0,0,0,0,0,0,60,0,0,0,793,detection,
795768,8,16,2140,2140,0,0,0,0,0,0,45,0,0,0,795,detection,
795824,21,16,2140,2140,0,0,0,0,0,0,36,0,0,0,795,detection,
796719,17,25,1300,1300,0,0,0,0,0,0,50,0,0,0,796,detection,
796728,2,25,1300,1300,0,0,0,0,0,0,43,0,0,0,796,detection,
796750,22,25,1300,1300,0,0,0,0,0,0,45,0,0,0,796,detection,
796755,27,25,1300,1300,0,0,0,0,0,0,41,0,0,0,796,detection,
799713,7,26,788,788,0,0,0,0,0,0,40,0,0,0,799,detection,
800513,1,7,788,788,0,0,0,0,0,0,27,0,0,0,800,detection,
801710,23,18,532,532,0,0,0,0,0,0,45,0,0,0,801,detection,
802340,7,18,532,532,0,0,0,0,0,0,47,0,0,0,802,detection,
804865,12,22,1319,1319,0,0,0,0,0,0,53,0,0,0,804,detection,
804878,13,22,1319,1319,0,0,0,0,0,0,48,0,0,0,804,detection,
804882,4,22,1319,1319,0,0,0,0,0,0,46,0,0,0,804,detection,
804963,28,22,1319,1319,0,0,0,0,0,0,45,0,0,0,804,detection,
805991,25,13,788,788,0,0,0,0,0,0,54,0,0,0,805,detection,
807140,14,30,276,390,-114,0,23,100,15,18,43,0,70,55,807,detection,
810688,16,9,1532,1532,0,0,0,0,0,0,43,0,0,0,810,detection,
811418,9,22,788,788,0,0,0,0,0,0,36,0,0,0,811,detection,
811457,28,22,788,788,0,0,0,0,0,0,49,0,0,0,811,detection,
811486,12,22,788,788,0,0,0,0,0,0,57,0,0,0,811,detection,
811532,18,22,788,788,0,0,0,0,0,0,36,0,0,0,811,detection,
811535,5,22,788,788,0,0,0,0,0,0,38,0,0,0,811,detection,
815270,8,16,2140,2140,0,0,0,0,0,0,44,0,0,0,815,detection,
816037,9,7,1044,1044,0,0,0,0,0,0,47,0,0,0,816,detection,
816834,28,18,532,532,0,0,0,0,0,0,34,0,0,0,816,detection,
816834,7,18,532,532,0,0,0,0,0,0,48,0,0,0,816,detection,
816869,25,18,532,532,0,0,0,0,0,0,32,0,0,0,816,detection,
816877,27,18,532,532,0,0,0,0,0,0,33,0,0,0,816,detection,
816992,25,2,788,788,0,0,0,0,0,0,48,0,0,0,816,detection,
817000,13,2,788,788,0,0,0,0,0,0,44,0,0,0,817,detection,
818348,17,21,1300,1300,0,0,0,0,0,0,53,0,0,0,818,detection,
819043,6,28,788,788,0,0,0,0,0,0,43,0,0,0,819,detection,
823210,26,21,1300,1300,0,0,0,0,0,0,50,0,0,0,823,detection,
823219,17,21,1300,1300,0,0,0,0,0,0,48,0,0,0,823,detection,
823254,27,21,1300,1300,0,0,0,0,0,0,49,0,0,0,823,detection,
827003,27,4,1788,1788,0,0,0,0,0,0,47,0,0,0,827,detection,
828749,22,25,1044,1044,0,0,0,0,0,0,47,0,0,0,828,detection,
828752,13,25,1044,1044,0,0,0,0,0,0,41,0,0,0,828,detection,
828826,10,25,1044,1044,0,0,0,0,0,0,43,0,0,0,828,detection,
830708,19,14,1237,1237,0,0,0,0,0,0,44,0,0,0,830,detection,
831990,25,13,532,532,0,0,0,0,0,0,56,0,0,0,831,detection,
832023,8,13,532,532,0,0,0,0,0,0,44,0,0,0,832,detection,
832037,9,13,532,532,0,0,0,0,0,0,33,0,0,0,832,detection,
832037,5,13,532,532,0,0,0,0,0,0,88,0,0,0,832,detection,
837056,16,9,1044,1044,0,0,0,0,0,0,43,0,0,0,837,detection,
837627,22,25,1300,1300,0,0,0,0,0,0,50,0,0,0,837,detection,
837959,28,18,532,532,0,0,0,0,0,0,33,0,0,0,837,detection,
843063,16,14,1237,1237,0,0,0,0,0,0,41,0,0,0,843,detection,
843124,22,25,1300,1300,0,0,0,0,0,0,45,0,0,0,843,detection,
843498,27,30,276,319,-43,0,7,100,0,0,58,0,60,40,843,detection,
843554,15,30,276,319,-43,0,8,66,4,0,46,0,69,55,843,detection,
845558,16,5,1044,1044,0,0,0,0,0,0,62,0,0,0,845,detection,
852208,23,22,1556,1556,0,0,0,0,0,0,36,0,0,0,852,detection,
857126,22,25,1300,1300,0,0,0,0,0,0,48,0,0,0,857,detection,
859684,16,10,1044,1044,0,0,0,0,0,0,51,0,0,0,859,detection,
860581,26,11,1556,1556,0,0,0,0,0,0,43,0,0,0,860,detection,
860832,23,22,1737,1737,0,0,0,0,0,0,40,0,0,0,860,detection,
862623,22,25,1556,1556,0,0,0,0,0,0,52,0,0,0,862,detection,
863460,7,26,1749,1749,0,0,0,0,0,0,40,0,0,0,863,detection,
864439,16,4,1556,1556,0,0,0,0,0,0,32,0,0,0,864,detection,
864456,10,4,1556,1556,0,0,0,0,0,0,45,0,0,0,864,detection,
864493,12,5,1069,1069,0,0,0,0,0,0,35,0,0,0,864,detection,
868580,26,11,1556,1556,0,0,0,0,0,0,43,0,0,0,868,detection,
868946,10,4,1556,1556,0,0,0,0,0,0,42,0,0,0,868,detection,
868997,27,4,1556,1556,0,0,0,0,0,0,50,0,0,0,868,detection,
869018,14,4,1556,1556,0,0,0,0,0,0,47,0,0,0,869,detection,
870750,27,30,276,314,-38,0,6,100,0,0,59,0,60,40,870,detection,
870765,14,30,276,314,-38,0,7,100,10,18,47,0,65,55,870,detection,
873536,1,12,788,788,0,0,0,0,0,0,34,0,0,0,873,detection,
873576,10,12,788,788,0,0,0,0,0,0,36,0,0,0,873,detection,
873640,14,12,788,788,0,0,0,0,0,0,53,0,0,0,873,detection,
873661,5,12,788,788,0,0,0,0,0,0,42,0,0,0,873,detection,
874163,9,7,1558,1558,0,0,0,0,0,0,50,0,0,0,874,detection,
879350,17,8,1556,1556,0,0,0,0,0,0,44,0,0,0,879,detection,
881164,1,12,532,532,0,0,0,0,0,0,35,0,0,0,881,detection,
888142,14,16,788,788,0,0,0,0,0,0,40,0,0,0,888,detection,
888198,10,16,788,788,0,0,0,0,0,0,46,0,0,0,888,detection,
888231,2,16,788,788,0,0,0,0,0,0,46,0,0,0,888,detection,
888240,12,16,788,788,0,0,0,0,0,0,41,0,0,0,888,detection,
888249,13,16,788,788,0,0,0,0,0,0,41,0,0,0,888,detection,
888253,27,16,788,788,0,0,0,0,0,0,36,0,0,0,888,detection,
889614,12,5,1296,1296,0,0,0,0,0,0,34,0,0,0,889,detection,
891710,28,13,1300,1300,0,0,0,0,0,0,43,0,0,0,891,detection,
891731,2,13,1300,1300,0,0,0,0,0,0,42,0,0,0,891,detection,
891786,9,7,1532,1532,0,0,0,0,0,0,50,0,0,0,891,detection,
892968,17,25,1993,1993,0,0,0,0,0,0,53,0,0,0,892,detection,
893741,12,18,788,788,0,0,0,0,0,0,38,0,0,0,893,detection,
893793,3,18,788,788,0,0,0,0,0,0,40,0,0,0,893,detection,
894379,1,12,784,784,0,0,0,0,0,0,35,0,0,0,894,detection,
896658,5,14,762,762,0,0,0,0,0,0,55,0,0,0,896,detection,
896697,10,14,762,762,0,0,0,0,0,0,44,0,0,0,896,detection,
900158,5,13,1274,1274,0,0,0,0,0,0,91,0,0,0,900,detection,
900209,28,13,1274,1274,0,0,0,0,0,0,46,0,0,0,900,detection,
900963,7,9,1947,1947,0,0,0,0,0,0,44,0,0,0,900,detection,
901461,28,22,1812,1812,0,0,0,0,0,0,52,0,0,0,901,detection,
902362,12,5,1300,1300,0,0,0,0,0,0,37,0,0,0,902,detection,
904115,12,16,1300,1300,0,0,0,0,0,0,44,0,0,0,904,detection,
904198,10,16,1300,1300,0,0,0,0,0,0,46,0,0,0,904,detection,
907712,26,31,276,593,-317,0,75,100,9,0,32,0,71,55,907,detection,
907733,11,31,276,593,-317,0,69,100,46,0,39,0,69,55,907,detection,
907758,4,31,276,593,-317,0,71,100,25,0,37,0,69,55,907,detection,
907772,14,31,276,593,-317,0,72,100,8,0,36,0,69,55,907,detection,
907798,6,31,276,593,-317,0,69,100,8,0,39,0,69,55,907,detection,
908031,18,10,1274,1274,0,0,0,0,0,0,37,0,0,0,908,detection,
908063,16,10,1274,1274,0,0,0,0,0,0,54,0,0,0,908,detection,
908086,28,10,1274,1274,0,0,0,0,0,0,32,0,0,0,908,detection,
908591,7,29,276,736,-460,0,96,100,28,9,43,0,66,55,908,detection,
909613,12,5,1300,1300,0,0,0,0,0,0,37,0,0,0,909,detection,
910533,18,14,788,788,0,0,0,0,0,0,45,0,0,0,910,detection,
910580,21,14,788,788,0,0,0,0,0,0,36,0,0,0,910,detection,
913022,8,27,788,788,0,0,0,0,0,0,32,0,0,0,913,detection,
914910,5,13,1786,1786,0,0,0,0,0,0,91,0,0,0,914,detection,
918326,21,14,788,788,0,0,0,0,0,0,36,0,0,0,918,detection,
918330,19,14,788,788,0,0,0,0,0,0,48,0,0,0,918,detection,
918792,24,3,1173,1173,0,0,0,0,0,0,52,0,0,0,918,detection,
919162,5,18,788,788,0,0,0,0,0,0,36,0,0,0,919,detection,
919209,28,18,788,788,0,0,0,0,0,0,37,0,0,0,919,detection,
919243,12,18,788,788,0,0,0,0,0,0,38,0,0,0,919,detection,
919252,13,18,788,788,0,0,0,0,0,0,32,0,0,0,919,detection,
919877,27,4,788,788,0,0,0,0,0,0,54,0,0,0,919,detection,
919959,23,4,788,788,0,0,0,0,0,0,45,0,0,0,919,detection,
920412,5,22,1300,1300,0,0,0,0,0,0,41,0,0,0,920,detection,
920489,12,22,1300,1300,0,0,0,0,0,0,56,0,0,0,920,detection,
920498,13,22,1300,1300,0,0,0,0,0,0,51,0,0,0,920,detection,
921380,27,21,1300,1300,0,0,0,0,0,0,48,0,0,0,921,detection,
921720,17,8,1504,1504,0,0,0,0,0,0,45,0,0,0,921,detection,
923962,7,9,1760,1760,0,0,0,0,0,0,50,0,0,0,923,detection,
925088,28,11,1300,1300,0,0,0,0,0,0,56,0,0,0,925,detection,
926098,17,8,788,788,0,0,0,0,0,0,49,0,0,0,926,detection,
926297,20,14,957,957,0,0,0,0,0,0,42,0,0,0,926,detection,
928113,11,10,1044,1044,0,0,0,0,0,0,44,0,0,0,928,detection,
929040,5,22,1044,1044,0,0,0,0,0,0,42,0,0,0,929,detection,
929112,12,22,1044,1044,0,0,0,0,0,0,57,0,0,0,929,detection,
929122,13,22,1044,1044,0,0,0,0,0,0,52,0,0,0,929,detection,
930282,18,16,1300,1300,0,0,0,0,0,0,49,0,0,0,930,detection,
930323,10,16,1300,1300,0,0,0,0,0,0,45,0,0,0,930,detection,
931568,1,12,1339,1339,0,0,0,0,0,0,33,0,0,0,931,detection,
931586,28,12,1339,1339,0,0,0,0,0,0,49,0,0,0,931,detection,
933215,26,31,276,791,-515,0,100,100,31,0,33,0,71,55,933,detection,
933251,13,31,276,791,-515,0,100,100,37,0,41,0,68,55,933,detection,
933290,5,31,276,791,-515,0,100,100,34,0,49,0,59,40,933,detection,
934166,9,7,1069,1069,0,0,0,0,0,0,53,0,0,0,934,detection,
934531,8,25,1069,1069,0,0,0,0,0,0,42,0,0,0,934,detection,
936456,28,18,1044,1044,0,0,0,0,0,0,41,0,0,0,936,detection,
936482,11,18,1044,1044,0,0,0,0,0,0,53,0,0,0,936,detection,
936490,12,18,1044,1044,0,0,0,0,0,0,43,0,0,0,936,detection,
936503,22,18,1044,1044,0,0,0,0,0,0,45,0,0,0,936,detection,
936534,5,18,1044,1044,0,0,0,0,0,0,41,0,0,0,936,detection,
939526,18,10,1044,1044,0,0,0,0,0,0,41,0,0,0,939,detection,
939557,16,10,1044,1044,0,0,0,0,0,0,60,0,0,0,939,detection,
939583,28,10,1044,1044,0,0,0,0,0,0,38,0,0,0,939,detection,
942745,13,22,1274,1274,0,0,0,0,0,0,52,0,0,0,942,detection,
943488,12,5,1300,1300,0,0,0,0,0,0,42,0,0,0,943,detection,
943517,8,27,1069,1069,0,0,0,0,0,0,36,0,0,0,943,detection,
943556,16,5,1300,1300,0,0,0,0,0,0,69,0,0,0,943,detection,
943768,14,30,276,1369,-1093,0,100,100,100,0,58,0,58,40,943,detection,
944337,7,9,835,835,0,0,0,0,0,0,51,0,0,0,944,detection,
945859,11,18,1044,1044,0,0,0,0,0,0,50,0,0,0,945,detection,
945872,13,18,1044,1044,0,0,0,0,0,0,38,0,0,0,945,detection,
945890,14,18,1044,1044,0,0,0,0,0,0,40,0,0,0,945,detection,
946332,19,14,712,712,0,0,0,0,0,0,48,0,0,0,946,detection,
946363,11,14,712,712,0,0,0,0,0,0,36,0,0,0,946,detection,
947530,8,25,1581,1581,0,0,0,0,0,0,45,0,0,0,947,detection,
948877,13,16,1556,1556,0,0,0,0,0,0,44,0,0,0,948,detection,
948878,22,16,1556,1556,0,0,0,0,0,0,43,0,0,0,948,detection,
949345,1,12,788,788,0,0,0,0,0,0,36,0,0,0,949,detection,
949448,10,12,788,788,0,0,0,0,0,0,40,0,0,0,949,detection,
950178,15,31,276,532,-256,0,64,99,42,0,28,0,75,55,950,detection,
950540,9,10,788,788,0,0,0,0,0,0,44,0,0,0,950,detection,
950588,23,10,788,788,0,0,0,0,0,0,56,0,0,0,950,detection,
953210,28,19,532,532,0,0,0,0,0,0,41,0,0,0,953,detection,
953240,12,19,532,532,0,0,0,0,0,0,44,0,0,0,953,detection,
953298,6,20,1044,1044,0,0,0,0,0,0,45,0,0,0,953,detection,
953748,22,16,1300,1300,0,0,0,0,0,0,46,0,0,0,953,detection,
953765,14,16,1300,1300,0,0,0,0,0,0,43,0,0,0,953,detection,
953778,18,16,1300,1300,0,0,0,0,0,0,52,0,0,0,953,detection,
954540,24,29,276,532,-256,0,55,83,0,0,41,0,72,55,954,detection,
956988,12,19,532,532,0,0,0,0,0,0,45,0,0,0,956,detection,
957268,8,25,1091,1091,0,0,0,0,0,0,47,0,0,0,957,detection,
959035,24,29,276,532,-256,0,53,100,0,0,44,0,68,55,959,detection,
959067,1,12,788,788,0,0,0,0,0,0,36,0,0,0,959,detection,
959084,28,12,788,788,0,0,0,0,0,0,54,0,0,0,959,detection,
959088,19,12,788,788,0,0,0,0,0,0,45,0,0,0,959,detection,
959671,20,4,532,532,0,0,0,0,0,0,51,0,0,0,959,detection,
959672,6,4,532,532,0,0,0,0,0,0,45,0,0,0,959,detection,
959731,2,4,532,532,0,0,0,0,0,0,32,0,0,0,959,detection,
960489,11,5,1300,1300,0,0,0,0,0,0,42,0,0,0,960,detection,
960493,12,5,1300,1300,0,0,0,0,0,0,39,0,0,0,960,detection,
962037,9,7,1065,1065,0,0,0,0,0,0,53,0,0,0,962,detection,
962079,26,31,276,532,-256,0,57,100,38,0,37,0,74,55,962,detection,
964170,6,3,1300,1300,0,0,0,0,0,0,51,0,0,0,964,detection,
965734,1,26,1044,1044,0,0,0,0,0,0,35,0,0,0,965,detection,
966236,11,22,1044,1044,0,0,0,0,0,0,34,0,0,0,966,detection,
966271,14,22,1044,1044,0,0,0,0,0,0,28,0,0,0,966,detection,
968542,6,3,1300,1300,0,0,0,0,0,0,50,0,0,0,968,detection,
968546,20,3,1300,1300,0,0,0,0,0,0,44,0,0,0,968,detection,
970494,25,27,1347,1347,0,0,0,0,0,0,36,0,0,0,970,detection,
970523,8,27,1347,1347,0,0,0,0,0,0,40,0,0,0,970,detection,
970706,19,12,788,788,0,0,0,0,0,0,44,0,0,0,970,detection,
971725,17,21,1577,1577,0,0,0,0,0,0,51,0,0,0,971,detection,
971792,20,6,788,788,0,0,0,0,0,0,54,0,0,0,971,detection,
972306,15,30,276,736,-460,0,92,100,56,0,47,0,62,40,972,detection,
974514,14,22,1044,1044,0,0,0,0,0,0,28,0,0,0,974,detection,
974535,5,22,1044,1044,0,0,0,0,0,0,46,0,0,0,974,detection,
974604,2,22,1044,1044,0,0,0,0,0,0,42,0,0,0,974,detection,
974608,11,22,1044,1044,0,0,0,0,0,0,34,0,0,0,974,detection,
974661,24,29,276,532,-256,0,51,78,0,0,47,0,66,55,974,detection,
975016,8,27,1347,1347,0,0,0,0,0,0,36,0,0,0,975,detection,
975034,18,27,1347,1347,0,0,0,0,0,0,36,0,0,0,975,detection,
976730,2,16,788,788,0,0,0,0,0,0,45,0,0,0,976,detection,
976748,22,16,788,788,0,0,0,0,0,0,50,0,0,0,976,detection,
978343,17,8,788,788,0,0,0,0,0,0,49,0,0,0,978,detection,
981543,20,6,788,788,0,0,0,0,0,0,58,0,0,0,981,detection,
981669,20,3,1300,1300,0,0,0,0,0,0,44,0,0,0,981,detection,
983552,15,16,788,788,0,0,0,0,0,0,41,0,0,0,983,detection,
983823,10,27,788,788,0,0,0,0,0,0,32,0,0,0,983,detection,
983848,17,27,788,788,0,0,0,0,0,0,32,0,0,0,983,detection,
983904,18,27,788,788,0,0,0,0,0,0,38,0,0,0,983,detection,
985092,1,7,1270,1270,0,0,0,0,0,0,28,0,0,0,985,detection,
985416,20,6,788,788,0,0,0,0,0,0,57,0,0,0,985,detection,
985428,3,6,788,788,0,0,0,0,0,0,59,0,0,0,985,detection,
988096,17,8,788,788,0,0,0,0,0,0,48,0,0,0,988,detection,
989234,11,5,1300,1300,0,0,0,0,0,0,45,0,0,0,989,detection,
989582,19,13,1786,1786,0,0,0,0,0,0,52,0,0,0,989,detection,
989664,5,13,1786,1786,0,0,0,0,0,0,91,0,0,0,989,detection,
989677,15,13,1786,1786,0,0,0,0,0,0,61,0,0,0,989,detection,
991091,7,9,1059,1059,0,0,0,0,0,0,53,0,0,0,991,detection,
991585,28,11,975,975,0,0,0,0,0,0,56,0,0,0,991,detection,
992824,10,17,1300,1300,0,0,0,0,0,0,58,0,0,0,992,detection,
996713,7,21,1556,1556,0,0,0,0,0,0,69,0,0,0,996,detection,
998072,10,12,1044,1044,0,0,0,0,0,0,43,0,0,0,998,detection,
998706,23,4,762,762,0,0,0,0,0,0,44,0,0,0,998,detection,
998919,3,9,1108,1108,0,0,0,0,0,0,44,0,0,0,998,detection,
998999,22,16,532,532,0,0,0,0,0,0,51,0,0,0,998,detection,
999046,15,16,532,532,0,0,0,0,0,0,41,0,0,0,999,detection,
999250,22,2,766,766,0,0,0,0,0,0,52,0,0,0,999,detection,
1001746,13,22,1044,1044,0,0,0,0,0,0,54,0,0,0,1001,detection,
1001755,4,22,1044,1044,0,0,0,0,0,0,46,0,0,0,1001,detection,
1001831,19,22,1044,1044,0,0,0,0,0,0,44,0,0,0,1001,detection,
1001859,11,31,276,532,-256,0,54,82,8,0,42,0,71,55,1001,detection,
1002831,26,8,788,788,0,0,0,0,0,0,38,0,0,0,1002,detection,
1005031,18,29,276,532,-256,0,50,93,23,0,49,0,61,40,1005,detection,
1008958,28,18,788,788,0,0,0,0,0,0,45,0,0,0,1008,detection,
1010749,13,25,1530,1530,0,0,0,0,0,0,46,0,0,0,1010,detection,
1010754,22,25,1530,1530,0,0,0,0,0,0,55,0,0,0,1010,detection,
1010759,4,25,1530,1530,0,0,0,0,0,0,40,0,0,0,1010,detection,
1012084,19,22,1095,1095,0,0,0,0,0,0,44,0,0,0,1012,detection,
1012087,23,22,1095,1095,0,0,0,0,0,0,43,0,0,0,1012,detection,
1012125,13,22,1095,1095,0,0,0,0,0,0,54,0,0,0,1012,detection,
1016706,28,11,975,975,0,0,0,0,0,0,52,0,0,0,1016,detection,
1019332,28,18,1300,1300,0,0,0,0,0,0,44,0,0,0,1019,detection,
1021670,6,19,1300,1300,0,0,0,0,0,0,49,0,0,0,1021,detection,
1021713,23,19,1300,1300,0,0,0,0,0,0,42,0,0,0,1021,detection,
1024208,28,18,1300,1300,0,0,0,0,0,0,44,0,0,0,1024,detection,
1024665,9,7,1300,1300,0,0,0,0,0,0,52,0,0,0,1024,detection,
1028706,28,22,1095,1095,0,0,0,0,0,0,56,0,0,0,1028,detection,
1028761,14,22,1095,1095,0,0,0,0,0,0,32,0,0,0,1028,detection,
1028783,18,22,1095,1095,0,0,0,0,0,0,40,0,0,0,1028,detection,
1029670,6,28,1487,1487,0,0,0,0,0,0,47,0,0,0,1029,detection,
1029713,19,28,1487,1487,0,0,0,0,0,0,35,0,0,0,1029,detection,
1030875,22,25,1300,1300,0,0,0,0,0,0,59,0,0,0,1030,detection,
1034578,21,16,1044,1044,0,0,0,0,0,0,42,0,0,0,1034,detection,
1034599,17,16,1044,1044,0,0,0,0,0,0,39,0,0,0,1034,detection,
1034603,2,16,1044,1044,0,0,0,0,0,0,49,0,0,0,1034,detection,
1034621,25,16,1044,1044,0,0,0,0,0,0,44,0,0,0,1034,detection,
1034624,22,16,1044,1044,0,0,0,0,0,0,55,0,0,0,1034,detection,
1037220,1,23,788,788,0,0,0,0,0,0,34,0,0,0,1037,detection,
1037290,9,7,1300,1300,0,0,0,0,0,0,52,0,0,0,1037,detection,
1037301,15,23,788,788,0,0,0,0,0,0,31,0,0,0,1037,detection,
1037349,17,7,1300,1300,0,0,0,0,0,0,46,0,0,0,1037,detection,
1037876,22,17,1556,1556,0,0,0,0,0,0,58,0,0,0,1037,detection,
1037885,4,17,1556,1556,0,0,0,0,0,0,48,0,0,0,1037,detection,
1037936,16,17,1556,1556,0,0,0,0,0,0,44,0,0,0,1037,detection,
1040465,7,18,1300,1300,0,0,0,0,0,0,50,0,0,0,1040,detection,
1041320,10,27,1620,1620,0,0,0,0,0,0,36,0,0,0,1041,detection,
1041378,22,31,276,276,0,0,0,0,67,0,44,0,71,55,1041,detection,
1041424,15,31,276,276,0,0,0,0,40,0,32,0,0,0,1041,detection,
1043002,1,23,1300,1300,0,0,0,0,0,0,36,0,0,0,1043,detection,
1046046,20,19,1300,1300,0,0,0,0,0,0,29,0,0,0,1046,detection,
1048753,13,31,276,534,-258,0,53,81,35,0,44,0,69,55,1048,detection,
1050838,23,18,1300,1300,0,0,0,0,0,0,45,0,0,0,1050,detection,
1050839,19,18,1300,1300,0,0,0,0,0,0,39,0,0,0,1050,detection,
1050869,25,18,1300,1300,0,0,0,0,0,0,35,0,0,0,1050,detection,
1050916,24,18,1300,1300,0,0,0,0,0,0,44,0,0,0,1050,detection,
1051935,1,23,1300,1300,0,0,0,0,0,0,35,0,0,0,1051,detection,
1054069,10,27,2111,2111,0,0,0,0,0,0,40,0,0,0,1054,detection,
1057949,21,26,2836,2836,0,0,0,0,0,0,68,0,0,0,1057,detection,
1058208,23,19,788,788,0,0,0,0,0,0,42,0,0,0,1058,detection,
1058457,28,13,788,788,0,0,0,0,0,0,50,0,0,0,1058,detection,
1059202,10,23,1607,1607,0,0,0,0,0,0,41,0,0,0,1059,detection,
1059283,18,23,1607,1607,0,0,0,0,0,0,37,0,0,0,1059,detection,
1060515,14,12,1274,1274,0,0,0,0,0,0,56,0,0,0,1060,detection,
1061155,18,23,1300,1300,0,0,0,0,0,0,41,0,0,0,1061,detection,
1062321,10,27,1855,1855,0,0,0,0,0,0,41,0,0,0,1062,detection,
1062346,17,27,1855,1855,0,0,0,0,0,0,38,0,0,0,1062,detection,
1062368,25,27,1855,1855,0,0,0,0,0,0,41,0,0,0,1062,detection,
1062385,4,27,1855,1855,0,0,0,0,0,0,42,0,0,0,1062,detection,
1062406,18,27,1855,1855,0,0,0,0,0,0,44,0,0,0,1062,detection,
1071694,10,12,788,788,0,0,0,0,0,0,47,0,0,0,1071,detection,
1071762,14,12,788,788,0,0,0,0,0,0,60,0,0,0,1071,detection,
1074270,8,25,788,788,0,0,0,0,0,0,45,0,0,0,1074,detection,
1074326,26,25,788,788,0,0,0,0,0,0,44,0,0,0,1074,detection,
1074356,2,25,788,788,0,0,0,0,0,0,46,0,0,0,1074,detection,
1074377,22,25,788,788,0,0,0,0,0,0,58,0,0,0,1074,detection,
1074952,21,25,1556,1556,0,0,0,0,0,0,39,0,0,0,1074,detection,
1077779,18,27,1855,1855,0,0,0,0,0,0,44,0,0,0,1077,detection,
1078407,18,10,788,788,0,0,0,0,0,0,44,0,0,0,1078,detection,
1082458,28,22,1325,1325,0,0,0,0,0,0,56,0,0,0,1082,detection,
1086027,18,31,276,532,-256,0,55,84,0,0,40,0,73,55,1086,detection,
1086347,17,8,1044,1044,0,0,0,0,0,0,53,0,0,0,1086,detection,
1089541,3,13,1556,1556,0,0,0,0,0,0,38,0,0,0,1089,detection,
1089551,15,13,1556,1556,0,0,0,0,0,0,64,0,0,0,1089,detection,
1096569,10,12,1176,1176,0,0,0,0,0,0,45,0,0,0,1096,detection,
1097617,25,13,1556,1556,0,0,0,0,0,0,59,0,0,0,1097,detection,
1097917,6,28,2127,2127,0,0,0,0,0,0,47,0,0,0,1097,detection,
1098278,18,31,276,532,-256,0,53,100,0,0,43,0,70,55,1098,detection,
1100799,15,16,1300,1300,0,0,0,0,0,0,44,0,0,0,1100,detection,
1101360,11,5,1044,1044,0,0,0,0,0,0,50,0,0,0,1101,detection,
1101434,16,5,1044,1044,0,0,0,0,0,0,75,0,0,0,1101,detection,
1101459,19,5,1044,1044,0,0,0,0,0,0,59,0,0,0,1101,detection,
1105603,2,25,1556,1556,0,0,0,0,0,0,49,0,0,0,1105,detection,
1106032,5,13,1556,1556,0,0,0,0,0,0,88,0,0,0,1106,detection,
1106956,1,17,762,762,0,0,0,0,0,0,18,0,0,0,1106,detection,
1112437,16,9,1556,1556,0,0,0,0,0,0,46,0,0,0,1112,detection,
1115570,10,12,1410,1410,0,0,0,0,0,0,49,0,0,0,1115,detection,
1116332,23,4,1132,1132,0,0,0,0,0,0,41,0,0,0,1116,detection,
1120475,2,25,1854,1854,0,0,0,0,0,0,52,0,0,0,1120,detection,
1120537,5,22,1300,1300,0,0,0,0,0,0,49,0,0,0,1120,detection,
1121460,28,11,1300,1300,0,0,0,0,0,0,56,0,0,0,1121,detection,
1122079,21,27,1556,1556,0,0,0,0,0,0,36,0,0,0,1122,detection,
1122117,25,27,1556,1556,0,0,0,0,0,0,44,0,0,0,1122,detection,
1122125,13,27,1556,1556,0,0,0,0,0,0,36,0,0,0,1122,detection,
1122151,18,27,1556,1556,0,0,0,0,0,0,47,0,0,0,1122,detection,
1122981,2,13,788,788,0,0,0,0,0,0,45,0,0,0,1122,detection,
1122990,25,13,788,788,0,0,0,0,0,0,62,0,0,0,1122,detection,
1124006,4,31,276,1044,-768,0,100,100,63,0,43,0,66,55,1124,detection,
1124922,15,5,1327,1327,0,0,0,0,0,0,44,0,0,0,1124,detection,
1126458,28,11,1556,1556,0,0,0,0,0,0,56,0,0,0,1126,detection,
1127489,11,22,1556,1556,0,0,0,0,0,0,37,0,0,0,1127,detection,
1129742,12,19,1404,1404,0,0,0,0,0,0,52,0,0,0,1129,detection,
1132061,1,12,1556,1556,0,0,0,0,0,0,35,0,0,0,1132,detection,
1132069,10,12,1556,1556,0,0,0,0,0,0,52,0,0,0,1132,detection,
1132602,2,25,1854,1854,0,0,0,0,0,0,52,0,0,0,1132,detection,
1133380,13,2,1300,1300,0,0,0,0,0,0,48,0,0,0,1133,detection,
1133492,25,2,1300,1300,0,0,0,0,0,0,52,0,0,0,1133,detection,
1133603,2,13,992,992,0,0,0,0,0,0,44,0,0,0,1133,detection,
1135365,11,31,276,1044,-768,0,100,100,66,0,50,0,58,40,1135,detection,
1137916,3,29,276,699,-423,0,87,100,16,0,44,0,64,40,1137,detection,
1138479,2,18,788,788,0,0,0,0,0,0,45,0,0,0,1138,detection,
1138492,25,18,788,788,0,0,0,0,0,0,38,0,0,0,1138,detection,
1138500,13,18,788,788,0,0,0,0,0,0,42,0,0,0,1138,detection,
1140169,20,3,788,788,0,0,0,0,0,0,48,0,0,0,1140,detection,
1143409,18,29,276,532,-256,0,50,76,0,0,49,0,62,40,1143,detection,
1146946,10,12,1899,1899,0,0,0,0,0,0,63,0,0,0,1146,detection,
1147002,1,12,1899,1899,0,0,0,0,0,0,44,0,0,0,1147,detection,
1147726,2,18,788,788,0,0,0,0,0,0,48,0,0,0,1147,detection,
1147748,25,18,788,788,0,0,0,0,0,0,41,0,0,0,1147,detection,
1148155,18,27,532,532,0,0,0,0,0,0,48,0,0,0,1148,detection,
1149394,14,22,788,788,0,0,0,0,0,0,36,0,0,0,1149,detection,
1149528,18,29,276,532,-256,0,51,100,0,0,48,0,64,40,1149,detection,
1149540,3,29,276,532,-256,0,51,100,22,0,47,0,65,55,1149,detection,
1152256,1,26,2172,2172,0,0,0,0,0,0,37,0,0,0,1152,detection,
1153538,3,13,1044,1044,0,0,0,0,0,0,44,0,0,0,1153,detection,
1153547,15,13,1044,1044,0,0,0,0,0,0,63,0,0,0,1153,detection,
1153615,25,13,1044,1044,0,0,0,0,0,0,61,0,0,0,1153,detection,
1155377,1,12,1992,1992,0,0,0,0,0,0,46,0,0,0,1155,detection,
1155445,10,12,1992,1992,0,0,0,0,0,0,65,0,0,0,1155,detection,
1156198,10,4,1302,1302,0,0,0,0,0,0,50,0,0,0,1156,detection,
1157759,1,17,971,971,0,0,0,0,0,0,19,0,0,0,1157,detection,
1157819,10,17,971,971,0,0,0,0,0,0,59,0,0,0,1157,detection,
1157878,4,17,971,971,0,0,0,0,0,0,53,0,0,0,1157,detection,
1159638,14,22,1782,1782,0,0,0,0,0,0,40,0,0,0,1159,detection,
1160567,1,12,1483,1483,0,0,0,0,0,0,46,0,0,0,1160,detection,
1160571,10,12,1483,1483,0,0,0,0,0,0,69,0,0,0,1160,detection,
1160661,5,12,1483,1483,0,0,0,0,0,0,46,0,0,0,1160,detection,
1162916,3,18,1248,1248,0,0,0,0,0,0,44,0,0,0,1162,detection,
1163414,24,11,2093,2093,0,0,0,0,0,0,43,0,0,0,1163,detection,
1164526,18,27,619,619,0,0,0,0,0,0,48,0,0,0,1164,detection,
1165293,1,7,1812,1812,0,0,0,0,0,0,31,0,0,0,1165,detection,
1166377,13,25,1501,1501,0,0,0,0,0,0,46,0,0,0,1166,detection,
1166661,3,13,1044,1044,0,0,0,0,0,0,44,0,0,0,1166,detection,
1166679,15,13,1044,1044,0,0,0,0,0,0,62,0,0,0,1166,detection,
1166726,2,13,1044,1044,0,0,0,0,0,0,48,0,0,0,1166,detection,
1166739,25,13,1044,1044,0,0,0,0,0,0,60,0,0,0,1166,detection,
1167127,13,31,276,1335,-1059,0,100,100,100,0,50,0,58,40,1167,detection,
1168001,27,30,276,276,0,0,0,100,4,8,55,0,60,40,1168,detection,
1168115,12,5,1300,1300,0,0,0,0,0,0,43,0,0,0,1168,detection,
1170145,8,13,788,788,0,0,0,0,0,0,47,0,0,0,1170,detection,
1170238,25,13,788,788,0,0,0,0,0,0,60,0,0,0,1170,detection,
1170998,1,12,1812,1812,0,0,0,0,0,0,46,0,0,0,1170,detection,
1171075,10,12,1812,1812,0,0,0,0,0,0,69,0,0,0,1171,detection,
1171462,19,28,2580,2580,0,0,0,0,0,0,38,0,0,0,1171,detection,
1172248,27,18,532,532,0,0,0,0,0,0,37,0,0,0,1172,detection,
1172290,3,18,532,532,0,0,0,0,0,0,49,0,0,0,1172,detection,
1173499,27,30,276,298,-22,0,4,100,2,16,55,0,60,40,1173,detection,
1174303,1,26,2324,2324,0,0,0,0,0,0,36,0,0,0,1174,detection,
1176427,3,29,276,441,-165,0,34,100,12,0,43,0,70,55,1176,detection,
1177292,9,2,788,788,0,0,0,0,0,0,37,0,0,0,1177,detection,
1177390,12,2,788,788,0,0,0,0,0,0,45,0,0,0,1177,detection,
1177907,18,23,788,788,0,0,0,0,0,0,44,0,0,0,1177,detection,
1180303,6,10,1323,1323,0,0,0,0,0,0,48,0,0,0,1180,detection,
1185174,1,17,788,788,0,0,0,0,0,0,22,0,0,0,1185,detection,
1187112,12,2,788,788,0,0,0,0,0,0,41,0,0,0,1187,detection,
1187164,9,2,788,788,0,0,0,0,0,0,37,0,0,0,1187,detection,
1188875,13,31,276,532,-256,0,48,100,100,0,54,0,60,40,1188,detection,
1189002,27,26,788,788,0,0,0,0,0,0,42,0,0,0,1189,detection,
1189217,1,7,1812,1812,0,0,0,0,0,0,33,0,0,0,1189,detection,
1189830,21,16,1300,1300,0,0,0,0,0,0,45,0,0,0,1189,detection,
1189886,4,16,1300,1300,0,0,0,0,0,0,36,0,0,0,1189,detection,
1192666,9,13,637,637,0,0,0,0,0,0,35,0,0,0,1192,detection,
1192708,26,27,1020,1020,0,0,0,0,0,0,42,0,0,0,1192,detection,
1192725,17,27,1020,1020,0,0,0,0,0,0,38,0,0,0,1192,detection,
1193372,13,31,276,532,-256,0,46,100,0,0,57,0,60,40,1193,detection,
1196242,12,18,969,969,0,0,0,0,0,0,48,0,0,0,1196,detection,
1196260,4,18,969,969,0,0,0,0,0,0,45,0,0,0,1196,detection,
1202504,27,17,788,788,0,0,0,0,0,0,36,0,0,0,1202,detection,
1204037,1,26,997,997,0,0,0,0,0,0,32,0,0,0,1204,detection,
1204534,18,29,276,532,-256,0,49,74,0,0,51,0,60,40,1204,detection,
1205599,2,16,893,893,0,0,0,0,0,0,53,0,0,0,1205,detection,
1208017,22,25,1300,1300,0,0,0,0,0,0,60,0,0,0,1208,detection,
1211555,15,31,276,1405,-1129,0,100,100,100,0,50,0,58,40,1211,detection,
1213561,16,10,788,788,0,0,0,0,0,0,62,0,0,0,1213,detection,
1214831,19,14,2284,2284,0,0,0,0,0,0,69,0,0,0,1214,detection,
1215042,3,9,532,532,0,0,0,0,0,0,44,0,0,0,1215,detection,
1215999,13,31,276,1405,-1129,0,100,100,99,0,64,0,48,40,1215,detection,
1217250,27,30,276,561,-285,0,53,100,32,16,55,0,60,40,1217,detection,
1218750,22,25,1044,1044,0,0,0,0,0,0,60,0,0,0,1218,detection,
1220164,1,26,768,768,0,0,0,0,0,0,36,0,0,0,1220,detection,
1220853,2,13,764,764,0,0,0,0,0,0,52,0,0,0,1220,detection,
1220893,14,13,764,764,0,0,0,0,0,0,35,0,0,0,1220,detection,
1220896,8,13,764,764,0,0,0,0,0,0,47,0,0,0,1220,detection,
1220901,18,29,276,532,-256,0,48,100,0,0,54,0,60,40,1220,detection,
1220960,28,13,764,764,0,0,0,0,0,0,49,0,0,0,1220,detection,
1221445,10,12,788,788,0,0,0,0,0,0,69,0,0,0,1221,detection,
1222049,1,21,788,788,0,0,0,0,0,0,34,0,0,0,1222,detection,
1222449,21,16,893,893,0,0,0,0,0,0,50,0,0,0,1222,detection,
1222530,18,16,893,893,0,0,0,0,0,0,57,0,0,0,1222,detection,
1222548,15,16,893,893,0,0,0,0,0,0,49,0,0,0,1222,detection,
1223375,22,25,1248,1248,0,0,0,0,0,0,55,0,0,0,1223,detection,
1223379,27,25,1248,1248,0,0,0,0,0,0,41,0,0,0,1223,detection,
1225170,1,23,830,830,0,0,0,0,0,0,38,0,0,0,1225,detection,
1225188,16,23,830,830,0,0,0,0,0,0,48,0,0,0,1225,detection,
1225281,18,23,830,830,0,0,0,0,0,0,44,0,0,0,1225,detection,
1225286,5,23,830,830,0,0,0,0,0,0,47,0,0,0,1225,detection,
1226744,1,26,768,768,0,0,0,0,0,0,36,0,0,0,1226,detection,
1229333,19,14,1276,1276,0,0,0,0,0,0,72,0,0,0,1229,detection,
1231496,13,2,1276,1276,0,0,0,0,0,0,52,0,0,0,1231,detection,
1232011,4,9,1149,1149,0,0,0,0,0,0,48,0,0,0,1232,detection,
1232048,15,16,788,788,0,0,0,0,0,0,48,0,0,0,1232,detection,
1232073,10,16,788,788,0,0,0,0,0,0,48,0,0,0,1232,detection,
1232074,21,16,788,788,0,0,0,0,0,0,50,0,0,0,1232,detection,
1232086,23,16,788,788,0,0,0,0,0,0,36,0,0,0,1232,detection,
1232121,25,16,788,788,0,0,0,0,0,0,44,0,0,0,1232,detection,
1232130,27,16,788,788,0,0,0,0,0,0,39,0,0,0,1232,detection,
1235227,2,13,1157,1157,0,0,0,0,0,0,52,0,0,0,1235,detection,
1235542,3,6,1300,1300,0,0,0,0,0,0,58,0,0,0,1235,detection,
1237771,1,23,788,788,0,0,0,0,0,0,40,0,0,0,1237,detection,
1239582,26,21,788,788,0,0,0,0,0,0,50,0,0,0,1239,detection,
1239600,17,21,788,788,0,0,0,0,0,0,54,0,0,0,1239,detection,
1239671,6,3,764,764,0,0,0,0,0,0,54,0,0,0,1239,detection,
1240585,1,17,768,768,0,0,0,0,0,0,26,0,0,0,1240,detection,
1244413,5,18,557,557,0,0,0,0,0,0,44,0,0,0,1244,detection,
1244460,23,18,557,557,0,0,0,0,0,0,50,0,0,0,1244,detection,
1244481,2,18,557,557,0,0,0,0,0,0,45,0,0,0,1244,detection,
1245210,1,26,698,698,0,0,0,0,0,0,35,0,0,0,1245,detection,
1245223,17,26,698,698,0,0,0,0,0,0,45,0,0,0,1245,detection,
1245322,21,26,698,698,0,0,0,0,0,0,73,0,0,0,1245,detection,
1246041,3,6,1300,1300,0,0,0,0,0,0,58,0,0,0,1246,detection,
1247334,1,23,554,554,0,0,0,0,0,0,42,0,0,0,1247,detection,
1248169,1,17,512,512,0,0,0,0,0,0,28,0,0,0,1248,detection,
1248198,10,17,512,512,0,0,0,0,0,0,60,0,0,0,1248,detection,
1248203,21,17,512,512,0,0,0,0,0,0,44,0,0,0,1248,detection,
1248208,26,17,512,512,0,0,0,0,0,0,37,0,0,0,1248,detection,
1248246,25,17,512,512,0,0,0,0,0,0,52,0,0,0,1248,detection,
1249130,4,9,1300,1300,0,0,0,0,0,0,48,0,0,0,1249,detection,
1249214,7,9,1300,1300,0,0,0,0,0,0,54,0,0,0,1249,detection,
1250936,16,4,1276,1276,0,0,0,0,0,0,36,0,0,0,1250,detection,
1251579,21,25,1024,1024,0,0,0,0,0,0,42,0,0,0,1251,detection,
1252165,9,7,1788,1788,0,0,0,0,0,0,59,0,0,0,1252,detection,
1253121,13,2,1069,1069,0,0,0,0,0,0,55,0,0,0,1253,detection,
1254677,15,30,276,276,0,0,0,0,58,0,52,0,0,0,1254,detection,
1254749,27,30,276,276,0,0,0,100,34,23,59,0,60,40,1254,detection,
1257459,28,13,1325,1325,0,0,0,0,0,0,55,0,0,0,1257,detection,
1257466,7,13,1325,1325,0,0,0,0,0,0,60,0,0,0,1257,detection,
1257476,2,13,1325,1325,0,0,0,0,0,0,57,0,0,0,1257,detection,
1257515,14,13,1325,1325,0,0,0,0,0,0,40,0,0,0,1257,detection,
1260957,7,9,788,788,0,0,0,0,0,0,56,0,0,0,1260,detection,
1261042,6,3,971,971,0,0,0,0,0,0,53,0,0,0,1261,detection,
1261448,21,25,1280,1280,0,0,0,0,0,0,44,0,0,0,1261,detection,
1261469,17,25,1280,1280,0,0,0,0,0,0,56,0,0,0,1261,detection,
1261499,22,25,1280,1280,0,0,0,0,0,0,59,0,0,0,1261,detection,
1262521,1,17,512,512,0,0,0,0,0,0,29,0,0,0,1262,detection,
1262615,25,17,512,512,0,0,0,0,0,0,52,0,0,0,1262,detection,
1263420,6,4,1276,1276,0,0,0,0,0,0,48,0,0,0,1263,detection,
1264389,14,13,1325,1325,0,0,0,0,0,0,41,0,0,0,1264,detection,
1264397,8,13,1325,1325,0,0,0,0,0,0,54,0,0,0,1264,detection,
1264666,3,9,788,788,0,0,0,0,0,0,48,0,0,0,1264,detection,
1264709,7,9,788,788,0,0,0,0,0,0,54,0,0,0,1264,detection,
1264747,13,9,788,788,0,0,0,0,0,0,33,0,0,0,1264,detection,
1264757,4,9,788,788,0,0,0,0,0,0,52,0,0,0,1264,detection,
1265164,3,7,788,788,0,0,0,0,0,0,38,0,0,0,1265,detection,
1265164,9,7,788,788,0,0,0,0,0,0,59,0,0,0,1265,detection,
1265665,6,3,971,971,0,0,0,0,0,0,49,0,0,0,1265,detection,
1266387,13,31,276,506,-230,0,39,70,100,0,64,0,48,40,1266,detection,
1266394,14,31,276,506,-230,0,50,75,12,0,40,0,74,55,1266,detection,
1266427,15,31,276,506,-230,0,43,70,100,0,53,0,60,40,1266,detection,
1266487,11,31,276,506,-230,0,44,70,70,0,50,0,67,55,1266,detection,
1269753,27,4,1300,1300,0,0,0,0,0,0,57,0,0,0,1269,detection,
1269774,8,4,1300,1300,0,0,0,0,0,0,46,0,0,0,1269,detection,
1269791,9,4,1300,1300,0,0,0,0,0,0,42,0,0,0,1269,detection,
1269969,17,26,662,662,0,0,0,0,0,0,44,0,0,0,1269,detection,
1269994,25,26,662,662,0,0,0,0,0,0,46,0,0,0,1269,detection,
1270950,21,25,276,276,0,100,0,0,0,0,54,0,56,40,1270,detection,
1272283,18,27,1300,1300,0,0,0,0,0,0,51,0,0,0,1272,detection,
1275674,20,4,1044,1044,0,0,0,0,0,0,56,0,0,0,1275,detection,
1275712,23,4,1044,1044,0,0,0,0,0,0,46,0,0,0,1275,detection,
1275713,7,4,1044,1044,0,0,0,0,0,0,43,0,0,0,1275,detection,
1275721,17,4,1044,1044,0,0,0,0,0,0,47,0,0,0,1275,detection,
1275748,27,4,1044,1044,0,0,0,0,0,0,59,0,0,0,1275,detection,
1275751,22,4,1044,1044,0,0,0,0,0,0,67,0,0,0,1275,detection,
1275768,8,4,1044,1044,0,0,0,0,0,0,47,0,0,0,1275,detection,
1280657,18,31,276,506,-230,0,46,70,3,0,47,0,67,55,1280,detection,
1280676,15,31,276,506,-230,0,44,100,0,0,51,0,60,40,1280,detection,
1280735,11,31,276,506,-230,0,47,100,0,0,45,0,67,55,1280,detection,
1281050,15,11,532,532,0,0,0,0,0,0,45,0,0,0,1281,detection,
1281081,23,18,784,784,0,0,0,0,0,0,50,0,0,0,1281,detection,
1281081,28,18,784,784,0,0,0,0,0,0,47,0,0,0,1281,detection,
1281089,7,18,784,784,0,0,0,0,0,0,49,0,0,0,1281,detection,
1281128,22,18,784,784,0,0,0,0,0,0,48,0,0,0,1281,detection,
1281166,3,18,784,784,0,0,0,0,0,0,52,0,0,0,1281,detection,
1282210,23,19,839,839,0,0,0,0,0,0,45,0,0,0,1282,detection,
1282241,12,19,839,839,0,0,0,0,0,0,53,0,0,0,1282,detection,
1283415,24,29,276,532,-256,0,50,75,0,0,50,0,60,40,1283,detection,
1286572,21,26,788,788,0,0,0,0,0,0,76,0,0,0,1286,detection,
1289957,19,13,864,864,0,0,0,0,0,0,51,0,0,0,1289,detection,
1289992,25,13,864,864,0,0,0,0,0,0,55,0,0,0,1289,detection,
1292389,14,12,992,992,0,0,0,0,0,0,59,0,0,0,1292,detection,
1292448,10,12,992,992,0,0,0,0,0,0,64,0,0,0,1292,detection,
1292667,9,2,2018,2018,0,0,0,0,0,0,41,0,0,0,1292,detection,
1293129,22,25,404,404,0,50,0,0,0,0,63,0,0,0,1293,detection,
1293134,4,25,404,404,0,50,0,0,0,0,49,0,0,0,1293,detection,
1293322,21,26,532,532,0,0,0,0,0,0,80,0,0,0,1293,detection,
1293598,17,4,1044,1044,0,0,0,0,0,0,48,0,0,0,1293,detection,
1293605,2,4,1044,1044,0,0,0,0,0,0,37,0,0,0,1293,detection,
1293614,25,4,1044,1044,0,0,0,0,0,0,49,0,0,0,1293,detection,
1293623,22,4,1044,1044,0,0,0,0,0,0,68,0,0,0,1293,detection,
1293696,10,4,1044,1044,0,0,0,0,0,0,56,0,0,0,1293,detection,
1293787,5,24,788,788,0,0,0,0,0,0,34,0,0,0,1293,detection,
1294862,11,23,667,667,0,0,0,0,0,0,33,0,0,0,1294,detection,
1295905,18,22,916,916,0,0,0,0,0,0,43,0,0,0,1295,detection,
1296568,10,4,916,916,0,0,0,0,0,0,58,0,0,0,1296,detection,
1296602,2,4,916,916,0,0,0,0,0,0,40,0,0,0,1296,detection,
1296624,22,4,916,916,0,0,0,0,0,0,66,0,0,0,1296,detection,
1297668,6,3,1176,1176,0,0,0,0,0,0,52,0,0,0,1297,detection,
1297820,10,17,742,742,0,0,0,0,0,0,59,0,0,0,1297,detection,
1298283,5,24,916,916,0,0,0,0,0,0,37,0,0,0,1298,detection,
1298488,12,19,788,788,0,0,0,0,0,0,55,0,0,0,1298,detection,
1299518,14,30,276,532,-256,0,45,70,98,0,61,0,57,40,1299,detection,
1303782,18,16,1550,1550,0,0,0,0,0,0,59,0,0,0,1303,detection,
1304195,10,4,916,916,0,0,0,0,0,0,57,0,0,0,1304,detection,
1304213,7,4,916,916,0,0,0,0,0,0,46,0,0,0,1304,detection,
1304225,2,4,916,916,0,0,0,0,0,0,36,0,0,0,1304,detection,
1304241,12,4,916,916,0,0,0,0,0,0,47,0,0,0,1304,detection,
1305041,6,3,1342,1342,0,0,0,0,0,0,52,0,0,0,1305,detection,
1305105,2,9,532,532,0,0,0,0,0,0,46,0,0,0,1305,detection,
1306289,24,22,1131,1131,0,0,0,0,0,0,36,0,0,0,1306,detection,
1308083,26,8,1176,1176,0,0,0,0,0,0,46,0,0,0,1308,detection,
1308949,21,26,532,532,0,0,0,0,0,0,83,0,0,0,1308,detection,
1309168,3,6,1522,1522,0,0,0,0,0,0,59,0,0,0,1309,detection,
1313126,27,30,276,532,-256,0,45,100,30,30,59,0,58,40,1313,detection,
1313662,3,6,788,788,0,0,0,0,0,0,59,0,0,0,1313,detection,
1313743,12,19,768,768,0,0,0,0,0,0,57,0,0,0,1313,detection,
1313784,24,22,875,875,0,0,0,0,0,0,38,0,0,0,1313,detection,
1313832,28,22,875,875,0,0,0,0,0,0,57,0,0,0,1313,detection,
1315253,22,4,916,916,0,0,0,0,0,0,61,0,0,0,1315,detection,
1315671,20,14,1547,1547,0,0,0,0,0,0,42,0,0,0,1315,detection,
1318760,1,21,1556,1556,0,0,0,0,0,0,35,0,0,0,1318,detection,
1320000,27,30,276,532,-256,0,45,100,0,30,59,0,58,40,1320,detection,
1320289,3,6,788,788,0,0,0,0,0,0,58,0,0,0,1320,detection,
1320630,27,17,1044,1044,0,0,0,0,0,0,38,0,0,0,1320,detection,
1321038,24,13,1061,1061,0,0,0,0,0,0,46,0,0,0,1321,detection,
1321106,2,13,1061,1061,0,0,0,0,0,0,60,0,0,0,1321,detection,
1321416,6,3,1300,1300,0,0,0,0,0,0,56,0,0,0,1321,detection,
1323400,1,21,1209,1209,0,0,0,0,0,0,30,0,0,0,1323,detection,
1323916,6,3,1300,1300,0,0,0,0,0,0,56,0,0,0,1323,detection,
1324163,3,6,1300,1300,0,0,0,0,0,0,53,0,0,0,1324,detection,
1326830,26,8,788,788,0,0,0,0,0,0,52,0,0,0,1326,detection,
1328599,17,16,762,762,0,0,0,0,0,0,42,0,0,0,1328,detection,
1328633,4,16,762,762,0,0,0,0,0,0,38,0,0,0,1328,detection,
1328646,8,16,762,762,0,0,0,0,0,0,48,0,0,0,1328,detection,
1328961,19,22,1004,1004,0,0,0,0,0,0,49,0,0,0,1328,detection,
1328983,2,22,1004,1004,0,0,0,0,0,0,46,0,0,0,1328,detection,
1329788,3,6,1095,1095,0,0,0,0,0,0,54,0,0,0,1329,detection,
1333626,22,18,1209,1209,0,0,0,0,0,0,52,0,0,0,1333,detection,
1338206,26,8,889,889,0,0,0,0,0,0,51,0,0,0,1338,detection,
1338963,7,18,1209,1209,0,0,0,0,0,0,52,0,0,0,1338,detection,
1338964,19,18,1209,1209,0,0,0,0,0,0,43,0,0,0,1338,detection,
1341614,12,2,1428,1428,0,0,0,0,0,0,44,0,0,0,1341,detection,
1341624,13,2,1428,1428,0,0,0,0,0,0,55,0,0,0,1341,detection,
1341662,9,2,1428,1428,0,0,0,0,0,0,44,0,0,0,1341,detection,
1342016,14,16,739,739,0,0,0,0,0,0,46,0,0,0,1342,detection,
1342082,23,16,739,739,0,0,0,0,0,0,39,0,0,0,1342,detection,
1342542,24,11,1300,1300,0,0,0,0,0,0,43,0,0,0,1342,detection,
1342585,26,11,1300,1300,0,0,0,0,0,0,43,0,0,0,1342,detection,
1343789,24,4,916,916,0,0,0,0,0,0,40,0,0,0,1343,detection,
1344250,1,21,1644,1644,0,0,0,0,0,0,34,0,0,0,1344,detection,
1345289,3,29,276,532,-256,0,52,79,12,0,46,0,67,55,1345,detection,
1350667,3,9,762,762,0,0,0,0,0,0,47,0,0,0,1350,detection,
1352821,16,9,788,788,0,0,0,0,0,0,50,0,0,0,1352,detection,
1352853,2,9,788,788,0,0,0,0,0,0,46,0,0,0,1352,detection,
1355249,27,17,532,532,0,0,0,0,0,0,44,0,0,0,1355,detection,
1355489,12,18,1209,1209,0,0,0,0,0,0,47,0,0,0,1355,detection,
1355498,13,18,1209,1209,0,0,0,0,0,0,45,0,0,0,1355,detection,
1355499,22,18,1209,1209,0,0,0,0,0,0,51,0,0,0,1355,detection,
1355783,5,14,788,788,0,0,0,0,0,0,55,0,0,0,1355,detection,
1355825,10,14,788,788,0,0,0,0,0,0,48,0,0,0,1355,detection,
1355829,21,14,788,788,0,0,0,0,0,0,36,0,0,0,1355,detection,
1355833,19,14,788,788,0,0,0,0,0,0,75,0,0,0,1355,detection,
1356584,28,13,1300,1300,0,0,0,0,0,0,58,0,0,0,1356,detection,
1358703,21,16,699,699,0,0,0,0,0,0,53,0,0,0,1358,detection,
1358837,26,31,276,532,-256,0,55,100,0,0,40,0,73,55,1358,detection,
1358858,11,31,276,532,-256,0,50,76,3,0,49,0,62,40,1358,detection,
1361081,28,13,1428,1428,0,0,0,0,0,0,53,0,0,0,1361,detection,
1361088,7,13,1428,1428,0,0,0,0,0,0,58,0,0,0,1361,detection,
1363202,21,27,1044,1044,0,0,0,0,0,0,40,0,0,0,1363,detection,
1363551,15,23,1044,1044,0,0,0,0,0,0,36,0,0,0,1363,detection,
1363565,16,23,1044,1044,0,0,0,0,0,0,54,0,0,0,1363,detection,
1363586,19,23,1044,1044,0,0,0,0,0,0,46,0,0,0,1363,detection,
1365180,15,30,276,532,-256,0,47,71,31,0,55,0,69,55,1365,detection,
1365713,19,12,1280,1280,0,0,0,0,0,0,48,0,0,0,1365,detection,
1365782,5,12,1280,1280,0,0,0,0,0,0,49,0,0,0,1365,detection,
1367244,25,17,557,557,0,0,0,0,0,0,56,0,0,0,1367,detection,
1367662,24,11,1812,1812,0,0,0,0,0,0,47,0,0,0,1367,detection,
1367705,26,11,1812,1812,0,0,0,0,0,0,47,0,0,0,1367,detection,
1368448,21,16,874,874,0,0,0,0,0,0,53,0,0,0,1368,detection,
1368457,23,16,874,874,0,0,0,0,0,0,39,0,0,0,1368,detection,
1368495,25,16,874,874,0,0,0,0,0,0,49,0,0,0,1368,detection,
1368499,13,16,874,874,0,0,0,0,0,0,48,0,0,0,1368,detection,
1368504,4,16,874,874,0,0,0,0,0,0,38,0,0,0,1368,detection,
1368504,27,16,874,874,0,0,0,0,0,0,43,0,0,0,1368,detection,
1368541,9,16,874,874,0,0,0,0,0,0,33,0,0,0,1368,detection,
1368697,10,14,788,788,0,0,0,0,0,0,48,0,0,0,1368,detection,
1371238,12,19,512,512,0,0,0,0,0,0,58,0,0,0,1371,detection,
1371576,10,12,1024,1024,0,0,0,0,0,0,67,0,0,0,1371,detection,
1372416,3,6,1105,1105,0,0,0,0,0,0,54,0,0,0,1372,detection,
1373489,11,5,1211,1211,0,0,0,0,0,0,50,0,0,0,1373,detection,
1373588,19,5,1211,1211,0,0,0,0,0,0,63,0,0,0,1373,detection,
1373996,1,23,1044,1044,0,0,0,0,0,0,42,0,0,0,1373,detection,
1377464,19,28,1300,1300,0,0,0,0,0,0,41,0,0,0,1377,detection,
1377789,3,29,276,532,-256,0,50,100,0,0,50,0,60,40,1377,detection,
1377957,26,31,276,276,0,0,0,100,35,9,43,0,70,55,1377,detection,
1381130,4,16,824,824,0,0,0,0,0,0,38,0,0,0,1381,detection,
1381199,21,16,824,824,0,0,0,0,0,0,53,0,0,0,1381,detection,
1381207,23,16,824,824,0,0,0,0,0,0,35,0,0,0,1381,detection,
1381246,13,16,824,824,0,0,0,0,0,0,44,0,0,0,1381,detection,
1382379,27,4,1024,1024,0,0,0,0,0,0,58,0,0,0,1382,detection,
1382417,9,4,1024,1024,0,0,0,0,0,0,45,0,0,0,1382,detection,
1382421,20,4,1024,1024,0,0,0,0,0,0,59,0,0,0,1382,detection,
1382434,16,4,1024,1024,0,0,0,0,0,0,40,0,0,0,1382,detection,
1382456,23,4,1024,1024,0,0,0,0,0,0,49,0,0,0,1382,detection,
1384483,11,5,1094,1094,0,0,0,0,0,0,53,0,0,0,1384,detection,
1384831,26,31,276,532,-256,0,54,100,36,18,42,0,71,55,1384,detection,
1385293,6,3,1625,1625,0,0,0,0,0,0,62,0,0,0,1385,detection,
1387740,11,10,1300,1300,0,0,0,0,0,0,47,0,0,0,1387,detection,
1388096,17,26,598,598,0,0,0,0,0,0,48,0,0,0,1388,detection,
1389208,28,22,1428,1428,0,0,0,0,0,0,57,0,0,0,1389,detection,
1389212,23,22,1428,1428,0,0,0,0,0,0,47,0,0,0,1389,detection,
1389212,19,22,1428,1428,0,0,0,0,0,0,52,0,0,0,1389,detection,
1389256,4,22,1428,1428,0,0,0,0,0,0,49,0,0,0,1389,detection,
1389268,14,22,1428,1428,0,0,0,0,0,0,40,0,0,0,1389,detection,
1389750,1,27,1044,1044,0,0,0,0,0,0,39,0,0,0,1389,detection,
1389750,22,27,1044,1044,0,0,0,0,0,0,56,0,0,0,1389,detection,
1389759,4,27,1044,1044,0,0,0,0,0,0,47,0,0,0,1389,detection,
1389773,8,27,1044,1044,0,0,0,0,0,0,37,0,0,0,1389,detection,
1389861,12,19,512,512,0,0,0,0,0,0,59,0,0,0,1389,detection,
1391984,11,5,905,905,0,0,0,0,0,0,53,0,0,0,1391,detection,
1391992,12,5,905,905,0,0,0,0,0,0,46,0,0,0,1391,detection,
1394343,17,26,668,668,0,0,0,0,0,0,48,0,0,0,1394,detection,
1394398,8,4,1024,1024,0,0,0,0,0,0,50,0,0,0,1394,detection,
1394458,23,4,1024,1024,0,0,0,0,0,0,49,0,0,0,1394,detection,
1394463,7,4,1024,1024,0,0,0,0,0,0,50,0,0,0,1394,detection,
1394497,22,4,1024,1024,0,0,0,0,0,0,63,0,0,0,1394,detection,
1395705,21,25,1617,1617,0,0,0,0,0,0,56,0,0,0,1395,detection,
1398412,5,24,762,762,0,0,0,0,0,0,41,0,0,0,1398,detection,
1399170,1,23,1296,1296,0,0,0,0,0,0,41,0,0,0,1399,detection,
1400927,1,27,1044,1044,0,0,0,0,0,0,42,0,0,0,1400,detection,
1401033,18,27,1044,1044,0,0,0,0,0,0,55,0,0,0,1401,detection,
1404752,13,25,1617,1617,0,0,0,0,0,0,50,0,0,0,1404,detection,
1404753,27,25,1617,1617,0,0,0,0,0,0,44,0,0,0,1404,detection,
1406914,3,13,1336,1336,0,0,0,0,0,0,47,0,0,0,1406,detection,
1406957,28,13,1336,1336,0,0,0,0,0,0,57,0,0,0,1406,detection,
1406991,25,13,1336,1336,0,0,0,0,0,0,59,0,0,0,1406,detection,
1407021,14,13,1336,1336,0,0,0,0,0,0,44,0,0,0,1407,detection,
1410377,13,22,1280,1280,0,0,0,0,0,0,59,0,0,0,1410,detection,
1413115,12,19,949,949,0,0,0,0,0,0,58,0,0,0,1413,detection,
1414420,5,31,276,375,-99,0,18,70,53,0,52,0,64,40,1414,detection,
1415332,26,17,1044,1044,0,0,0,0,0,0,47,0,0,0,1415,detection,
1416469,17,26,1461,1461,0,0,0,0,0,0,51,0,0,0,1416,detection,
1416775,8,10,1536,1536,0,0,0,0,0,0,48,0,0,0,1416,detection,
1416779,18,10,1536,1536,0,0,0,0,0,0,44,0,0,0,1416,detection,
1416795,3,10,1536,1536,0,0,0,0,0,0,49,0,0,0,1416,detection,
1416860,11,10,1536,1536,0,0,0,0,0,0,50,0,0,0,1416,detection,
1418290,3,6,1323,1323,0,0,0,0,0,0,54,0,0,0,1418,detection,
1419413,5,12,1417,1417,0,0,0,0,0,0,53,0,0,0,1419,detection,
1419458,19,12,1417,1417,0,0,0,0,0,0,47,0,0,0,1419,detection,
1421115,12,5,1112,1112,0,0,0,0,0,0,50,0,0,0,1421,detection,
1421309,16,17,1044,1044,0,0,0,0,0,0,49,0,0,0,1421,detection,
1422211,23,18,1300,1300,0,0,0,0,0,0,54,0,0,0,1422,detection,
1422272,8,18,1300,1300,0,0,0,0,0,0,46,0,0,0,1422,detection,
1423564,1,25,1898,1898,0,0,0,0,0,0,22,0,0,0,1423,detection,
1423573,10,25,1898,1898,0,0,0,0,0,0,46,0,0,0,1423,detection,
1423650,8,25,1898,1898,0,0,0,0,0,0,48,0,0,0,1423,detection,
1425156,5,12,1481,1481,0,0,0,0,0,0,57,0,0,0,1425,detection,
1425207,19,12,1481,1481,0,0,0,0,0,0,50,0,0,0,1425,detection,
1427716,7,29,276,532,-256,0,52,79,27,0,46,0,68,55,1427,detection,
1429207,26,31,276,375,-99,0,20,100,21,18,43,0,70,55,1429,detection,
1429211,7,21,946,946,0,0,0,0,0,0,68,0,0,0,1429,detection,
1429239,11,31,276,375,-99,0,18,95,19,0,53,0,60,40,1429,detection,
1429252,13,31,276,375,-99,0,16,70,14,0,65,0,48,40,1429,detection,
1429279,4,31,276,375,-99,0,19,70,88,0,48,0,64,40,1429,detection,
1429283,18,31,276,375,-99,0,19,93,17,0,47,0,65,55,1429,detection,
1430448,21,14,2836,2836,0,0,0,0,0,0,70,0,0,0,1430,detection,
1431531,5,12,1368,1368,0,0,0,0,0,0,63,0,0,0,1431,detection,
1432085,23,4,788,788,0,0,0,0,0,0,52,0,0,0,1432,detection,
1432234,11,10,1601,1601,0,0,0,0,0,0,50,0,0,0,1432,detection,
1432995,25,18,788,788,0,0,0,0,0,0,44,0,0,0,1432,detection,
1432998,13,18,788,788,0,0,0,0,0,0,48,0,0,0,1432,detection,
1433357,1,25,788,788,0,0,0,0,0,0,25,0,0,0,1433,detection,
1433379,27,25,788,788,0,0,0,0,0,0,47,0,0,0,1433,detection,
1433392,8,25,788,788,0,0,0,0,0,0,52,0,0,0,1433,detection,
1433395,13,25,788,788,0,0,0,0,0,0,53,0,0,0,1433,detection,
1433448,10,25,788,788,0,0,0,0,0,0,49,0,0,0,1433,detection,
1437115,25,13,788,788,0,0,0,0,0,0,59,0,0,0,1437,detection,
1437166,9,13,788,788,0,0,0,0,0,0,35,0,0,0,1437,detection,
1437326,21,14,2226,2226,0,0,0,0,0,0,70,0,0,0,1437,detection,
1437587,7,21,866,866,0,0,0,0,0,0,65,0,0,0,1437,detection,
1438241,12,16,557,557,0,0,0,0,0,0,48,0,0,0,1438,detection,
1441033,18,23,1556,1556,0,0,0,0,0,0,44,0,0,0,1441,detection,
1441367,25,4,788,788,0,0,0,0,0,0,52,0,0,0,1441,detection,
1441620,13,18,788,788,0,0,0,0,0,0,44,0,0,0,1441,detection,
1441624,27,18,788,788,0,0,0,0,0,0,41,0,0,0,1441,detection,
1441624,22,18,788,788,0,0,0,0,0,0,54,0,0,0,1441,detection,
1441632,4,18,788,788,0,0,0,0,0,0,44,0,0,0,1441,detection,
1441666,9,18,788,788,0,0,0,0,0,0,40,0,0,0,1441,detection,
1441710,23,18,788,788,0,0,0,0,0,0,58,0,0,0,1441,detection,
1441913,9,13,788,788,0,0,0,0,0,0,35,0,0,0,1441,detection,
1442640,1,25,788,788,0,0,0,0,0,0,20,0,0,0,1442,detection,
1442645,8,25,788,788,0,0,0,0,0,0,51,0,0,0,1442,detection,
1443290,3,10,1300,1300,0,0,0,0,0,0,51,0,0,0,1443,detection,
1443309,6,10,1300,1300,0,0,0,0,0,0,50,0,0,0,1443,detection,
1443334,28,10,1300,1300,0,0,0,0,0,0,42,0,0,0,1443,detection,
1444312,15,11,788,788,0,0,0,0,0,0,49,0,0,0,1444,detection,
1444334,23,22,1356,1356,0,0,0,0,0,0,44,0,0,0,1444,detection,
1444335,19,22,1356,1356,0,0,0,0,0,0,52,0,0,0,1444,detection,
1444368,12,22,1356,1356,0,0,0,0,0,0,58,0,0,0,1444,detection,
1445038,9,4,1044,1044,0,0,0,0,0,0,50,0,0,0,1445,detection,
1445042,20,4,1044,1044,0,0,0,0,0,0,60,0,0,0,1445,detection,
1445939,16,23,1300,1300,0,0,0,0,0,0,58,0,0,0,1445,detection,
1445961,19,23,1300,1300,0,0,0,0,0,0,49,0,0,0,1445,detection,
1446028,18,23,1300,1300,0,0,0,0,0,0,48,0,0,0,1446,detection,
1449545,6,28,788,788,0,0,0,0,0,0,51,0,0,0,1449,detection,
1452277,18,23,1069,1069,0,0,0,0,0,0,50,0,0,0,1452,detection,
1455659,24,11,788,788,0,0,0,0,0,0,51,0,0,0,1455,detection,
1455671,15,11,788,788,0,0,0,0,0,0,49,0,0,0,1455,detection,
1455711,28,11,788,788,0,0,0,0,0,0,55,0,0,0,1455,detection,
1456117,12,2,1573,1573,0,0,0,0,0,0,48,0,0,0,1456,detection,
1456678,15,19,1336,1336,0,0,0,0,0,0,49,0,0,0,1456,detection,
1456834,1,25,1300,1300,0,0,0,0,0,0,23,0,0,0,1456,detection,
1456843,17,25,1300,1300,0,0,0,0,0,0,59,0,0,0,1456,detection,
1456873,27,25,1300,1300,0,0,0,0,0,0,51,0,0,0,1456,detection,
1457541,6,28,762,762,0,0,0,0,0,0,51,0,0,0,1457,detection,
1458545,20,9,788,788,0,0,0,0,0,0,42,0,0,0,1458,detection,
1458622,13,9,788,788,0,0,0,0,0,0,37,0,0,0,1458,detection,
1458793,6,3,1274,1274,0,0,0,0,0,0,62,0,0,0,1458,detection,
1458870,13,9,788,788,0,0,0,0,0,0,36,0,0,0,1458,detection,
1459868,25,17,788,788,0,0,0,0,0,0,59,0,0,0,1459,detection,
1460620,25,27,1300,1300,0,0,0,0,0,0,47,0,0,0,1460,detection,
1460624,13,27,1300,1300,0,0,0,0,0,0,38,0,0,0,1460,detection,
1460629,4,27,1300,1300,0,0,0,0,0,0,50,0,0,0,1460,detection,
1460666,18,27,1300,1300,0,0,0,0,0,0,59,0,0,0,1460,detection,
1460723,17,27,1300,1300,0,0,0,0,0,0,41,0,0,0,1460,detection,
1462663,24,3,1300,1300,0,0,0,0,0,0,54,0,0,0,1462,detection,
1462667,6,3,1300,1300,0,0,0,0,0,0,62,0,0,0,1462,detection,
1465362,12,5,1592,1592,0,0,0,0,0,0,58,0,0,0,1465,detection,
1465866,25,18,1274,1274,0,0,0,0,0,0,44,0,0,0,1465,detection,
1466046,6,24,1010,1010,0,0,0,0,0,0,38,0,0,0,1466,detection,
1467981,2,22,788,788,0,0,0,0,0,0,49,0,0,0,1467,detection,
1468083,23,22,788,788,0,0,0,0,0,0,47,0,0,0,1468,detection,
1468544,6,10,762,762,0,0,0,0,0,0,54,0,0,0,1468,detection,
1468588,23,19,788,788,0,0,0,0,0,0,45,0,0,0,1468,detection,
1468792,3,6,788,788,0,0,0,0,0,0,57,0,0,0,1468,detection,
1469084,23,4,1320,1320,0,0,0,0,0,0,55,0,0,0,1469,detection,
1469122,22,4,1320,1320,0,0,0,0,0,0,62,0,0,0,1469,detection,
1470708,19,23,1069,1069,0,0,0,0,0,0,51,0,0,0,1470,detection,
1471459,7,21,1243,1243,0,0,0,0,0,0,63,0,0,0,1471,detection,
1472036,24,3,1300,1300,0,0,0,0,0,0,53,0,0,0,1472,detection,
1472040,6,3,1300,1300,0,0,0,0,0,0,58,0,0,0,1472,detection,
1473224,17,8,788,788,0,0,0,0,0,0,57,0,0,0,1473,detection,
1475853,2,22,1300,1300,0,0,0,0,0,0,52,0,0,0,1475,detection,
1476362,12,5,1300,1300,0,0,0,0,0,0,61,0,0,0,1476,detection,
1477194,1,25,1300,1300,0,0,0,0,0,0,26,0,0,0,1477,detection,
1478412,3,6,1522,1522,0,0,0,0,0,0,57,0,0,0,1478,detection,
1482680,15,13,1812,1812,0,0,0,0,0,0,58,0,0,0,1482,detection,
1486945,10,25,1300,1300,0,0,0,0,0,0,52,0,0,0,1486,detection,
1486953,26,25,1300,1300,0,0,0,0,0,0,46,0,0,0,1486,detection,
1488668,18,31,276,532,-256,0,49,74,20,0,51,0,60,40,1488,detection,
1488704,21,16,784,784,0,0,0,0,0,0,56,0,0,0,1488,detection,
1488722,17,16,784,784,0,0,0,0,0,0,45,0,0,0,1488,detection,
1488760,4,16,784,784,0,0,0,0,0,0,41,0,0,0,1488,detection,
1490824,20,15,1812,1812,0,0,0,0,0,0,42,0,0,0,1490,detection,
1496551,15,13,1812,1812,0,0,0,0,0,0,61,0,0,0,1496,detection,
1496605,2,13,1812,1812,0,0,0,0,0,0,56,0,0,0,1496,detection,
1497912,9,18,788,788,0,0,0,0,0,0,36,0,0,0,1497,detection,
1498040,3,6,1811,1811,0,0,0,0,0,0,62,0,0,0,1498,detection,
1499463,23,5,788,788,0,0,0,0,0,0,44,0,0,0,1499,detection,
1501002,22,31,276,789,-513,0,100,100,68,0,47,0,62,40,1501,detection,
1501021,14,31,276,789,-513,0,100,100,40,0,40,0,69,55,1501,detection,
1504585,7,21,1675,1675,0,0,0,0,0,0,63,0,0,0,1504,detection,
1505163,9,18,1044,1044,0,0,0,0,0,0,37,0,0,0,1505,detection,
1507332,1,25,788,788,0,0,0,0,0,0,30,0,0,0,1507,detection,
1511469,1,25,1556,1556,0,0,0,0,0,0,35,0,0,0,1511,detection,
1512928,15,30,276,532,-256,0,46,70,0,0,58,0,61,40,1512,detection,
1513334,26,17,969,969,0,0,0,0,0,0,46,0,0,0,1513,detection,
1514913,3,6,2220,2220,0,0,0,0,0,0,68,0,0,0,1514,detection,
1515674,15,13,788,788,0,0,0,0,0,0,61,0,0,0,1515,detection,
1516493,12,23,1300,1300,0,0,0,0,0,0,48,0,0,0,1516,detection,
1516990,12,5,1044,1044,0,0,0,0,0,0,61,0,0,0,1516,detection,
1517045,20,5,1044,1044,0,0,0,0,0,0,54,0,0,0,1517,detection,
1518039,9,18,1044,1044,0,0,0,0,0,0,37,0,0,0,1518,detection,
1518039,24,18,1044,1044,0,0,0,0,0,0,49,0,0,0,1518,detection,
1518043,3,18,1044,1044,0,0,0,0,0,0,57,0,0,0,1518,detection,
1518086,19,18,1044,1044,0,0,0,0,0,0,47,0,0,0,1518,detection,
1518127,22,18,1044,1044,0,0,0,0,0,0,56,0,0,0,1518,detection,
1518127,13,18,1044,1044,0,0,0,0,0,0,45,0,0,0,1518,detection,
1518141,14,18,1044,1044,0,0,0,0,0,0,44,0,0,0,1518,detection,
1519079,1,25,788,788,0,0,0,0,0,0,35,0,0,0,1519,detection,
1519195,10,25,788,788,0,0,0,0,0,0,51,0,0,0,1519,detection,
1520791,6,24,1621,1621,0,0,0,0,0,0,38,0,0,0,1520,detection,
1521835,7,21,1560,1560,0,0,0,0,0,0,61,0,0,0,1521,detection,
1521908,5,23,1300,1300,0,0,0,0,0,0,50,0,0,0,1521,detection,
1523051,15,13,788,788,0,0,0,0,0,0,61,0,0,0,1523,detection,
1525148,8,27,1300,1300,0,0,0,0,0,0,40,0,0,0,1525,detection,
1525752,27,26,1439,1439,0,0,0,0,0,0,56,0,0,0,1525,detection,
1526170,1,25,1556,1556,0,0,0,0,0,0,34,0,0,0,1526,detection,
1530880,27,21,788,788,0,100,0,0,0,0,59,0,56,40,1530,detection,
1534248,13,2,788,788,0,0,0,0,0,0,55,0,0,0,1534,detection,
1534523,14,30,276,1476,-1200,0,100,100,100,0,67,0,48,40,1534,detection,
1536681,1,25,1786,1786,0,0,0,0,0,0,33,0,0,0,1536,detection,
1537231,2,9,1197,1197,0,0,0,0,0,0,49,0,0,0,1537,detection,
1537248,13,9,1197,1197,0,0,0,0,0,0,38,0,0,0,1537,detection,
1539852,2,9,1197,1197,0,0,0,0,0,0,50,0,0,0,1539,detection,
1540140,14,30,276,1476,-1200,0,100,100,0,0,67,0,48,40,1540,detection,
1543357,1,25,1917,1917,0,0,0,0,0,0,34,0,0,0,1543,detection,
1549114,12,22,788,788,0,0,0,0,0,0,53,0,0,0,1549,detection,
1549127,4,22,788,788,0,0,0,0,0,0,52,0,0,0,1549,detection,
1550284,5,12,788,788,0,0,0,0,0,0,62,0,0,0,1550,detection,
1553082,19,18,1223,1223,0,0,0,0,0,0,44,0,0,0,1553,detection,
1553082,28,18,1223,1223,0,0,0,0,0,0,56,0,0,0,1553,detection,
1553086,23,18,1223,1223,0,0,0,0,0,0,61,0,0,0,1553,detection,
1553448,10,17,1266,1266,0,0,0,0,0,0,59,0,0,0,1553,detection,
1555111,11,23,1762,1762,0,0,0,0,0,0,44,0,0,0,1555,detection,
1555503,27,4,788,788,0,0,0,0,0,0,58,0,0,0,1555,detection,
1555545,20,4,788,788,0,0,0,0,0,0,59,0,0,0,1555,detection,
1558374,27,26,1481,1481,0,0,0,0,0,0,58,0,0,0,1558,detection,
1559853,2,13,1353,1353,0,0,0,0,0,0,59,0,0,0,1559,detection,
1559892,14,13,1353,1353,0,0,0,0,0,0,48,0,0,0,1559,detection,
1559917,9,13,1353,1353,0,0,0,0,0,0,38,0,0,0,1559,detection,
1561045,6,19,1832,1832,0,0,0,0,0,0,52,0,0,0,1561,detection,
1561144,1,25,2122,2122,0,0,0,0,0,0,37,0,0,0,1561,detection,
1562869,25,2,1300,1300,0,0,0,0,0,0,55,0,0,0,1562,detection,
1566362,11,10,1556,1556,0,0,0,0,0,0,53,0,0,0,1566,detection,
1566413,24,10,1556,1556,0,0,0,0,0,0,63,0,0,0,1566,detection,
1566416,3,10,1556,1556,0,0,0,0,0,0,54,0,0,0,1566,detection,
1568007,1,17,1453,1453,0,0,0,0,0,0,33,0,0,0,1568,detection,
1568282,5,12,788,788,0,0,0,0,0,0,61,0,0,0,1568,detection,
1570409,1,25,1812,1812,0,0,0,0,0,0,36,0,0,0,1570,detection,
1570452,21,25,1812,1812,0,0,0,0,0,0,59,0,0,0,1570,detection,
1571301,6,28,1812,1812,0,0,0,0,0,0,55,0,0,0,1571,detection,
1572941,1,17,1453,1453,0,0,0,0,0,0,33,0,0,0,1572,detection,
1572993,25,17,1453,1453,0,0,0,0,0,0,59,0,0,0,1572,detection,
1573302,6,19,1832,1832,0,0,0,0,0,0,51,0,0,0,1573,detection,
1573347,28,19,1832,1832,0,0,0,0,0,0,44,0,0,0,1573,detection,
1575672,20,3,1617,1617,0,0,0,0,0,0,57,0,0,0,1575,detection,
1575755,27,16,2530,2530,0,0,0,0,0,0,49,0,0,0,1575,detection,
1575755,4,16,2530,2530,0,0,0,0,0,0,46,0,0,0,1575,detection,
1577291,3,29,276,532,-256,0,48,73,0,0,53,0,60,40,1577,detection,
1578040,6,19,2068,2068,0,0,0,0,0,0,55,0,0,0,1578,detection,
1581418,6,28,1556,1556,0,0,0,0,0,0,56,0,0,0,1581,detection,
1583466,1,21,1274,1274,0,0,0,0,0,0,37,0,0,0,1583,detection,
1585103,1,25,1812,1812,0,0,0,0,0,0,35,0,0,0,1585,detection,
1585199,21,25,1812,1812,0,0,0,0,0,0,61,0,0,0,1585,detection,
1585220,17,25,1812,1812,0,0,0,0,0,0,59,0,0,0,1585,detection,
1587260,4,27,1993,1993,0,0,0,0,0,0,50,0,0,0,1587,detection,
1587269,8,27,1993,1993,0,0,0,0,0,0,44,0,0,0,1587,detection,
1587396,14,30,276,1195,-919,0,100,100,32,0,64,0,48,40,1587,detection,
1588147,8,10,1778,1778,0,0,0,0,0,0,52,0,0,0,1588,detection,
1588212,23,10,1778,1778,0,0,0,0,0,0,55,0,0,0,1588,detection,
1588457,28,19,1786,1786,0,0,0,0,0,0,47,0,0,0,1588,detection,
1588589,19,28,1709,1709,0,0,0,0,0,0,46,0,0,0,1588,detection,
1589205,21,17,1709,1709,0,0,0,0,0,0,48,0,0,0,1589,detection,
1589239,25,17,1709,1709,0,0,0,0,0,0,59,0,0,0,1589,detection,
1589964,7,29,276,532,-256,0,50,75,0,0,50,0,60,40,1589,detection,
1592417,6,24,1812,1812,0,0,0,0,0,0,41,0,0,0,1592,detection,
1594216,17,25,1812,1812,0,0,0,0,0,0,59,0,0,0,1594,detection,
1594272,1,25,1812,1812,0,0,0,0,0,0,35,0,0,0,1594,detection,
1594420,5,22,1812,1812,0,0,0,0,0,0,52,0,0,0,1594,detection,
1594950,10,12,1018,1018,0,0,0,0,0,0,66,0,0,0,1594,detection,
1596952,21,14,788,788,0,0,0,0,0,0,73,0,0,0,1596,detection,
1596961,19,14,788,788,0,0,0,0,0,0,73,0,0,0,1596,detection,
1597784,5,22,1530,1530,0,0,0,0,0,0,56,0,0,0,1597,detection,
1597864,12,22,1530,1530,0,0,0,0,0,0,57,0,0,0,1597,detection,
1599582,19,28,1300,1300,0,0,0,0,0,0,46,0,0,0,1599,detection,
1600297,20,19,1300,1300,0,0,0,0,0,0,34,0,0,0,1600,detection,
1600303,6,19,1300,1300,0,0,0,0,0,0,57,0,0,0,1600,detection,
1600398,14,13,1300,1300,0,0,0,0,0,0,47,0,0,0,1600,detection,
1600457,19,13,1300,1300,0,0,0,0,0,0,55,0,0,0,1600,detection,
1600492,25,13,1300,1300,0,0,0,0,0,0,59,0,0,0,1600,detection,
1602958,23,4,1530,1530,0,0,0,0,0,0,58,0,0,0,1602,detection,
1604280,5,22,1274,1274,0,0,0,0,0,0,57,0,0,0,1604,detection,
1605143,8,10,1530,1530,0,0,0,0,0,0,55,0,0,0,1605,detection,
1607448,10,4,2153,2153,0,0,0,0,0,0,60,0,0,0,1607,detection,
1609418,6,28,1300,1300,0,0,0,0,0,0,55,0,0,0,1609,detection,
1612762,1,26,1300,1300,0,0,0,0,0,0,36,0,0,0,1612,detection,
1614270,8,4,2153,2153,0,0,0,0,0,0,53,0,0,0,1614,detection,
1614313,16,4,2153,2153,0,0,0,0,0,0,43,0,0,0,1614,detection,
1615034,24,3,1300,1300,0,0,0,0,0,0,58,0,0,0,1615,detection,
1615045,20,3,1300,1300,0,0,0,0,0,0,63,0,0,0,1615,detection,
1617161,24,3,1300,1300,0,0,0,0,0,0,59,0,0,0,1617,detection,
1617169,20,3,1300,1300,0,0,0,0,0,0,65,0,0,0,1617,detection,
1617373,1,26,1044,1044,0,0,0,0,0,0,37,0,0,0,1617,detection,
1618142,8,10,1274,1274,0,0,0,0,0,0,56,0,0,0,1618,detection,
1618527,8,4,2042,2042,0,0,0,0,0,0,57,0,0,0,1618,detection,
1619961,7,29,276,887,-611,0,100,100,45,0,51,0,58,40,1619,detection,
1620224,17,7,2298,2298,0,0,0,0,0,0,50,0,0,0,1620,detection,
1621536,5,12,1192,1192,0,0,0,0,0,0,57,0,0,0,1621,detection,
1624572,1,23,1812,1812,0,0,0,0,0,0,35,0,0,0,1624,detection,
1624661,18,23,1812,1812,0,0,0,0,0,0,53,0,0,0,1624,detection,
1626044,1,26,768,768,0,0,0,0,0,0,36,0,0,0,1626,detection,
1627242,25,17,1754,1754,0,0,0,0,0,0,56,0,0,0,1627,detection,
1629213,28,13,1892,1892,0,0,0,0,0,0,61,0,0,0,1629,detection,
1629335,7,21,1647,1647,0,0,0,0,0,0,63,0,0,0,1629,detection,
1632013,1,26,512,512,0,0,0,0,0,0,37,0,0,0,1632,detection,
1632049,15,5,788,788,0,0,0,0,0,0,48,0,0,0,1632,detection,
1632164,9,16,788,788,0,0,0,0,0,0,31,0,0,0,1632,detection,
1634397,8,2,1245,1245,0,0,0,0,0,0,49,0,0,0,1634,detection,
1635413,24,11,1300,1300,0,0,0,0,0,0,55,0,0,0,1635,detection,
1635668,3,9,1371,1371,0,0,0,0,0,0,51,0,0,0,1635,detection,
1635672,20,9,1371,1371,0,0,0,0,0,0,46,0,0,0,1635,detection,
1635689,16,9,1371,1371,0,0,0,0,0,0,53,0,0,0,1635,detection,
1635715,7,9,1371,1371,0,0,0,0,0,0,55,0,0,0,1635,detection,
1636169,20,3,788,788,0,100,0,0,0,0,77,0,49,40,1636,detection,
1636190,24,3,788,788,0,100,0,0,0,0,71,0,49,40,1636,detection,
1637846,1,23,1993,1993,0,0,0,0,0,0,38,0,0,0,1637,detection,
1637903,18,23,1993,1993,0,0,0,0,0,0,57,0,0,0,1637,detection,
1639071,10,14,1300,1300,0,0,0,0,0,0,52,0,0,0,1639,detection,
1639088,23,14,1300,1300,0,0,0,0,0,0,49,0,0,0,1639,detection,
1639101,2,14,1300,1300,0,0,0,0,0,0,37,0,0,0,1639,detection,
1639598,17,27,1300,1300,0,0,0,0,0,0,44,0,0,0,1639,detection,
1639619,25,27,1300,1300,0,0,0,0,0,0,50,0,0,0,1639,detection,
1641245,12,16,788,788,0,0,0,0,0,0,48,0,0,0,1641,detection,
1642704,24,11,1044,1044,0,0,0,0,0,0,56,0,0,0,1642,detection,
1643426,1,23,1737,1737,0,0,0,0,0,0,39,0,0,0,1643,detection,
1643461,28,23,1737,1737,0,0,0,0,0,0,42,0,0,0,1643,detection,
1643530,18,23,1737,1737,0,0,0,0,0,0,58,0,0,0,1643,detection,
1644538,24,3,861,861,0,71,0,0,0,0,76,0,49,40,1644,detection,
1644542,20,3,861,861,0,71,0,0,0,0,79,0,49,40,1644,detection,
1645665,3,9,1363,1363,0,0,0,0,0,0,51,0,0,0,1645,detection,
1647896,14,31,276,736,-460,0,95,100,7,0,44,0,64,40,1647,detection,
1647922,6,31,276,736,-460,0,96,100,20,0,43,0,66,55,1647,detection,
1647930,15,31,276,736,-460,0,87,100,29,0,53,0,58,40,1647,detection,
1648003,13,31,276,736,-460,0,78,100,41,0,64,0,48,40,1648,detection,
1648203,21,4,1044,1044,0,0,0,0,0,0,49,0,0,0,1648,detection,
1648425,3,7,1812,1812,0,0,0,0,0,0,42,0,0,0,1648,detection,
1648868,25,27,1044,1044,0,0,0,0,0,0,47,0,0,0,1648,detection,
1649962,23,5,992,992,0,0,0,0,0,0,44,0,0,0,1649,detection,
1650048,15,5,992,992,0,0,0,0,0,0,48,0,0,0,1650,detection,
1650417,20,19,1117,1117,0,0,0,0,0,0,41,0,0,0,1650,detection,
1650728,2,14,1504,1504,0,0,0,0,0,0,41,0,0,0,1650,detection,
1651117,1,26,531,531,0,0,0,0,0,0,33,0,0,0,1651,detection,
1652892,14,13,788,788,0,0,0,0,0,0,51,0,0,0,1652,detection,
1652896,8,13,788,788,0,0,0,0,0,0,53,0,0,0,1652,detection,
1652956,28,13,788,788,0,0,0,0,0,0,61,0,0,0,1652,detection,
1652977,2,13,788,788,0,0,0,0,0,0,59,0,0,0,1652,detection,
1653661,5,23,1504,1504,0,0,0,0,0,0,50,0,0,0,1653,detection,
1653709,28,23,1504,1504,0,0,0,0,0,0,45,0,0,0,1653,detection,
1654498,13,31,276,532,-256,0,43,100,23,0,64,0,48,40,1654,detection,
1654510,4,31,276,532,-256,0,51,78,21,0,47,0,67,55,1654,detection,
1654516,14,31,276,532,-256,0,51,77,27,0,48,0,67,55,1654,detection,
1654532,5,31,276,532,-256,0,49,96,20,0,52,0,60,40,1654,detection,
1654546,6,31,276,532,-256,0,52,100,27,0,46,0,67,55,1654,detection,
1654549,15,31,276,532,-256,0,49,100,26,0,51,0,60,40,1654,detection,
1657791,3,7,1556,1556,0,0,0,0,0,0,43,0,0,0,1657,detection,
1657825,21,4,788,788,0,0,0,0,0,0,48,0,0,0,1657,detection,
1658887,14,13,788,788,0,0,0,0,0,0,50,0,0,0,1658,detection,
1658891,8,13,788,788,0,0,0,0,0,0,52,0,0,0,1658,detection,
1658908,5,13,788,788,0,0,0,0,0,0,85,0,0,0,1658,detection,
1658929,15,13,788,788,0,0,0,0,0,0,60,0,0,0,1658,detection,
1658975,2,13,788,788,0,0,0,0,0,0,59,0,0,0,1658,detection,
1659224,17,8,762,762,0,0,0,0,0,0,56,0,0,0,1659,detection,
1659623,13,2,1033,1033,0,0,0,0,0,0,52,0,0,0,1659,detection,
1659627,22,25,1556,1556,0,0,0,0,0,0,64,0,0,0,1659,detection,
1659631,27,25,1556,1556,0,0,0,0,0,0,52,0,0,0,1659,detection,
1659644,8,2,1033,1033,0,0,0,0,0,0,48,0,0,0,1659,detection,
1659948,10,17,788,788,0,0,0,0,0,0,62,0,0,0,1659,detection,
1662196,10,4,1044,1044,0,0,0,0,0,0,59,0,0,0,1662,detection,
1662213,23,4,1044,1044,0,0,0,0,0,0,58,0,0,0,1662,detection,
1662221,17,4,1044,1044,0,0,0,0,0,0,51,0,0,0,1662,detection,
1662242,12,4,1044,1044,0,0,0,0,0,0,47,0,0,0,1662,detection,
1662616,25,18,512,512,0,0,0,0,0,0,49,0,0,0,1662,detection,
1662667,3,18,512,512,0,0,0,0,0,0,59,0,0,0,1662,detection,
1666243,25,27,1280,1280,0,0,0,0,0,0,48,0,0,0,1666,detection,
1666265,14,31,276,276,0,0,0,70,32,8,53,0,64,40,1666,detection,
1666295,6,31,276,276,0,0,0,100,32,8,52,0,60,40,1666,detection,
1666299,15,31,276,276,0,0,0,100,31,8,57,0,60,40,1666,detection,
1666371,13,31,276,276,0,0,0,100,29,7,62,0,54,40,1666,detection,
1666406,5,31,276,532,-256,0,49,100,0,0,51,0,60,40,1666,detection,
1666686,16,9,1356,1356,0,0,0,0,0,0,53,0,0,0,1666,detection,
1667014,14,12,788,788,0,0,0,0,0,0,59,0,0,0,1667,detection,
1667722,1,26,527,527,0,0,0,0,0,0,33,0,0,0,1667,detection,
1668459,19,22,969,969,0,0,0,0,0,0,57,0,0,0,1668,detection,
1669309,16,9,788,788,0,0,0,0,0,0,57,0,0,0,1669,detection,
1669334,7,9,788,788,0,0,0,0,0,0,57,0,0,0,1669,detection,
1670499,22,27,1299,1299,0,0,0,0,0,0,57,0,0,0,1670,detection,
1671173,15,31,276,276,0,0,0,100,0,7,59,0,60,40,1671,detection,
1671372,22,27,1299,1299,0,0,0,0,0,0,58,0,0,0,1671,detection,
1673043,3,7,1300,1300,0,0,0,0,0,0,46,0,0,0,1673,detection,
1673623,27,25,1556,1556,0,0,0,0,0,0,53,0,0,0,1673,detection,
1674751,27,16,1300,1300,0,0,0,0,0,0,51,0,0,0,1674,detection,
1674783,18,16,1300,1300,0,0,0,0,0,0,58,0,0,0,1674,detection,
1676744,25,27,1250,1250,0,0,0,0,0,0,52,0,0,0,1676,detection,
1676748,22,27,1250,1250,0,0,0,0,0,0,58,0,0,0,1676,detection,
1677145,14,13,788,788,0,0,0,0,0,0,50,0,0,0,1677,detection,
1678366,12,2,788,788,0,0,0,0,0,0,52,0,0,0,1678,detection,
1678371,13,2,788,788,0,0,0,0,0,0,56,0,0,0,1678,detection,
1678789,3,7,1300,1300,0,0,0,0,0,0,42,0,0,0,1678,detection,
1681166,3,4,1044,1044,0,0,0,0,0,0,45,0,0,0,1681,detection,
1681494,25,16,1523,1523,0,0,0,0,0,0,52,0,0,0,1681,detection,
1681498,27,16,1523,1523,0,0,0,0,0,0,57,0,0,0,1681,detection,
1681502,22,16,1523,1523,0,0,0,0,0,0,59,0,0,0,1681,detection,
1681528,18,16,1523,1523,0,0,0,0,0,0,59,0,0,0,1681,detection,
1682036,24,3,790,790,0,0,0,0,0,0,74,0,0,0,1682,detection,
1682044,20,3,790,790,0,0,0,0,0,0,82,0,0,0,1682,detection,
1682890,14,13,1300,1300,0,0,0,0,0,0,53,0,0,0,1682,detection,
1682893,8,13,1300,1300,0,0,0,0,0,0,54,0,0,0,1682,detection,
1682918,9,13,1300,1300,0,0,0,0,0,0,42,0,0,0,1682,detection,
1682924,15,13,1300,1300,0,0,0,0,0,0,60,0,0,0,1682,detection,
1682978,2,13,1300,1300,0,0,0,0,0,0,58,0,0,0,1682,detection,
1683342,17,8,969,969,0,0,0,0,0,0,57,0,0,0,1683,detection,
1683416,3,7,1302,1302,0,0,0,0,0,0,45,0,0,0,1683,detection,
1683906,18,27,1247,1247,0,0,0,0,0,0,59,0,0,0,1683,detection,
1685157,5,31,276,585,-309,0,58,100,6,0,54,0,60,40,1685,detection,
1685167,6,31,276,585,-309,0,62,100,41,18,47,0,62,40,1685,detection,
1685247,13,31,276,585,-309,0,54,82,36,0,61,0,58,40,1685,detection,
1685262,4,31,276,585,-309,0,60,93,6,0,50,0,60,40,1685,detection,
1685647,14,30,276,1273,-997,0,100,100,8,0,66,25,63,40,1685,detection,
1685915,3,7,1302,1302,0,0,0,0,0,0,45,0,0,0,1685,detection,
1686175,15,11,1115,1115,0,0,0,0,0,0,53,0,0,0,1686,detection,
1686769,8,2,739,739,0,0,0,0,0,0,47,0,0,0,1686,detection,
1686790,9,2,739,739,0,0,0,0,0,0,48,0,0,0,1686,detection,
1686862,12,2,739,739,0,0,0,0,0,0,52,0,0,0,1686,detection,
1686871,13,2,739,739,0,0,0,0,0,0,56,0,0,0,1686,detection,
1690250,27,16,1521,1521,0,0,0,0,0,0,57,0,0,0,1690,detection,
1690283,18,16,1521,1521,0,0,0,0,0,0,60,0,0,0,1690,detection,
1690791,20,3,781,781,0,0,0,0,0,0,82,0,0,0,1690,detection,
1691288,5,24,1253,1253,0,0,0,0,0,0,41,0,0,0,1691,detection,
1691334,1,25,1786,1786,0,0,0,0,0,0,35,0,0,0,1691,detection,
1691437,16,25,1786,1786,0,0,0,0,0,0,41,0,0,0,1691,detection,
1691454,26,25,1786,1786,0,0,0,0,0,0,46,0,0,0,1691,detection,
1691515,14,13,1300,1300,0,0,0,0,0,0,53,0,0,0,1691,detection,
1691516,8,13,1300,1300,0,0,0,0,0,0,53,0,0,0,1691,detection,
1691546,9,13,1300,1300,0,0,0,0,0,0,37,0,0,0,1691,detection,
1691550,15,13,1300,1300,0,0,0,0,0,0,59,0,0,0,1691,detection,
1691601,2,13,1300,1300,0,0,0,0,0,0,58,0,0,0,1691,detection,
1692036,9,7,1253,1253,0,0,0,0,0,0,59,0,0,0,1692,detection,
1694009,4,9,1251,1251,0,0,0,0,0,0,55,0,0,0,1694,detection,
1694107,2,9,1251,1251,0,0,0,0,0,0,53,0,0,0,1694,detection,
1694546,20,5,1044,1044,0,0,0,0,0,0,56,0,0,0,1694,detection,
1696518,8,13,1372,1372,0,0,0,0,0,0,57,0,0,0,1696,detection,
1696548,15,13,1372,1372,0,0,0,0,0,0,61,0,0,0,1696,detection,
1696549,9,13,1372,1372,0,0,0,0,0,0,47,0,0,0,1696,detection,
1698155,18,27,1247,1247,0,0,0,0,0,0,59,0,0,0,1698,detection,
1699292,20,5,1044,1044,0,0,0,0,0,0,55,0,0,0,1699,detection,
1699309,16,5,1044,1044,0,0,0,0,0,0,73,0,0,0,1699,detection,
1699540,3,29,276,677,-401,0,73,100,17,0,57,0,58,40,1699,detection,
1699541,24,29,276,677,-401,0,81,100,19,0,46,0,63,40,1699,detection,
1699733,1,25,788,788,0,0,0,0,0,0,35,0,0,0,1699,detection,
1699863,11,10,1300,1300,0,0,0,0,0,0,56,0,0,0,1699,detection,
1700380,22,18,1024,1024,0,0,0,0,0,0,55,0,0,0,1700,detection,
1701070,10,4,1300,1300,0,0,0,0,0,0,59,0,0,0,1701,detection,
1701085,21,4,1300,1300,0,0,0,0,0,0,51,0,0,0,1701,detection,
1702039,3,7,1253,1253,0,0,0,0,0,0,44,0,0,0,1702,detection,
1702083,26,7,1253,1253,0,0,0,0,0,0,41,0,0,0,1702,detection,
1702284,5,24,788,788,0,0,0,0,0,0,44,0,0,0,1702,detection,
1702751,13,9,995,995,0,0,0,0,0,0,44,0,0,0,1702,detection,
1703014,14,13,1518,1518,0,0,0,0,0,0,65,0,0,0,1703,detection,
1703018,8,13,1518,1518,0,0,0,0,0,0,58,0,0,0,1703,detection,
1703118,25,16,788,788,0,0,0,0,0,0,56,0,0,0,1703,detection,
1703135,27,16,788,788,0,0,0,0,0,0,60,0,0,0,1703,detection,
1703153,18,16,788,788,0,0,0,0,0,0,55,0,0,0,1703,detection,
1703432,16,5,788,788,0,0,0,0,0,0,75,0,0,0,1703,detection,
1703543,20,5,788,788,0,0,0,0,0,0,58,0,0,0,1703,detection,
1705124,1,25,788,788,0,0,0,0,0,0,34,0,0,0,1705,detection,
1705250,22,18,1024,1024,0,0,0,0,0,0,55,0,0,0,1705,detection,
1707660,24,3,1010,1010,0,0,0,0,0,0,71,0,0,0,1707,detection,
1707669,6,3,1010,1010,0,0,0,0,0,0,62,0,0,0,1707,detection,
1708531,18,31,276,532,-256,0,47,71,0,0,55,0,61,40,1708,detection,
1708734,11,10,1300,1300,0,0,0,0,0,0,59,0,0,0,1708,detection,
1709545,1,25,1300,1300,0,0,0,0,0,0,29,0,0,0,1709,detection,
1709558,16,25,1300,1300,0,0,0,0,0,0,45,0,0,0,1709,detection,
1710640,14,12,995,995,0,0,0,0,0,0,61,0,0,0,1710,detection,
1711044,20,5,532,532,0,0,0,0,0,0,60,0,0,0,1711,detection,
1711057,16,5,532,532,0,0,0,0,0,0,77,0,0,0,1711,detection,
1713371,13,9,1225,1225,0,0,0,0,0,0,40,0,0,0,1713,detection,
1713380,4,9,1225,1225,0,0,0,0,0,0,55,0,0,0,1713,detection,
1713742,12,23,1556,1556,0,0,0,0,0,0,56,0,0,0,1713,detection,
1713801,15,23,1556,1556,0,0,0,0,0,0,53,0,0,0,1713,detection,
1714109,11,10,1300,1300,0,0,0,0,0,0,59,0,0,0,1714,detection,
1714146,8,10,1300,1300,0,0,0,0,0,0,59,0,0,0,1714,detection,
1714167,9,10,1300,1300,0,0,0,0,0,0,44,0,0,0,1714,detection,
1714621,22,18,788,788,0,0,0,0,0,0,58,0,0,0,1714,detection,
1718011,22,4,1737,1737,0,0,0,0,0,0,61,0,0,0,1718,detection,
1718023,8,4,1737,1737,0,0,0,0,0,0,57,0,0,0,1718,detection,
1718070,10,4,1737,1737,0,0,0,0,0,0,54,0,0,0,1718,detection,
1718075,21,4,1737,1737,0,0,0,0,0,0,54,0,0,0,1718,detection,
1718083,23,4,1737,1737,0,0,0,0,0,0,53,0,0,0,1718,detection,
1718087,7,4,1737,1737,0,0,0,0,0,0,53,0,0,0,1718,detection,
1718576,1,25,788,788,0,0,0,0,0,0,30,0,0,0,1718,detection,
1718631,4,22,1044,1044,0,0,0,0,0,0,58,0,0,0,1718,detection,
1718652,18,22,1044,1044,0,0,0,0,0,0,49,0,0,0,1718,detection,
1719129,22,31,276,276,0,0,0,0,64,0,53,0,63,40,1719,detection,
1719207,26,31,276,276,0,0,0,0,13,0,48,0,0,0,1719,detection,
1720305,6,20,788,788,0,0,0,0,0,0,50,0,0,0,1720,detection,
1720646,14,30,276,276,0,0,0,100,100,7,65,0,48,40,1720,detection,
1721163,9,10,1504,1504,0,0,0,0,0,0,47,0,0,0,1721,detection,
1722276,18,22,788,788,0,0,0,0,0,0,48,0,0,0,1722,detection,
1722296,6,24,788,788,0,0,0,0,0,0,44,0,0,0,1722,detection,
1722358,2,22,788,788,0,0,0,0,0,0,56,0,0,0,1722,detection,
1722960,26,27,1157,1157,0,0,0,0,0,0,45,0,0,0,1722,detection,
1722997,22,27,1157,1157,0,0,0,0,0,0,58,0,0,0,1722,detection,
1724793,6,3,788,788,0,0,0,0,0,0,62,0,0,0,1724,detection,
1724944,10,4,1737,1737,0,0,0,0,0,0,54,0,0,0,1724,detection,
1724949,21,4,1737,1737,0,0,0,0,0,0,53,0,0,0,1724,detection,
1724961,7,4,1737,1737,0,0,0,0,0,0,53,0,0,0,1724,detection,
1724974,17,4,1737,1737,0,0,0,0,0,0,54,0,0,0,1724,detection,
1724978,2,4,1737,1737,0,0,0,0,0,0,39,0,0,0,1724,detection,
1725000,22,4,1737,1737,0,0,0,0,0,0,60,0,0,0,1725,detection,
1726681,16,5,557,557,0,0,0,0,0,0,77,0,0,0,1726,detection,
1726854,2,16,764,764,0,0,0,0,0,0,56,0,0,0,1726,detection,
1727045,20,6,788,788,0,0,0,0,0,0,57,0,0,0,1727,detection,
1727653,18,31,276,298,-22,0,4,70,28,0,56,0,69,55,1727,detection,
1727873,22,27,1170,1170,0,0,0,0,0,0,53,0,0,0,1727,detection,
1727886,4,27,1170,1170,0,0,0,0,0,0,53,0,0,0,1727,detection,
1727949,10,27,1170,1170,0,0,0,0,0,0,45,0,0,0,1727,detection,
1727954,26,27,1170,1170,0,0,0,0,0,0,45,0,0,0,1727,detection,
1728124,22,4,1765,1765,0,0,0,0,0,0,59,0,0,0,1728,detection,
1728226,2,4,1765,1765,0,0,0,0,0,0,43,0,0,0,1728,detection,
1728770,8,10,1610,1610,0,0,0,0,0,0,67,0,0,0,1728,detection,
1728787,9,10,1610,1610,0,0,0,0,0,0,65,0,0,0,1728,detection,
1728856,11,10,1610,1610,0,0,0,0,0,0,64,0,0,0,1728,detection,
1729346,19,22,532,532,0,0,0,0,0,0,58,0,0,0,1729,detection,
1731539,6,3,532,532,0,0,0,0,0,0,64,0,0,0,1731,detection,
1731540,24,3,532,532,0,0,0,0,0,0,71,0,0,0,1731,detection,
1732919,20,6,1300,1300,0,0,0,0,0,0,53,0,0,0,1732,detection,
1732987,1,25,813,813,0,0,0,0,0,0,31,0,0,0,1732,detection,
1734290,9,13,1044,1044,0,0,0,0,0,0,50,0,0,0,1734,detection,
1734925,15,23,788,788,0,0,0,0,0,0,58,0,0,0,1734,detection,
1734950,10,23,788,788,0,0,0,0,0,0,46,0,0,0,1734,detection,
1737915,6,3,1020,1020,0,0,0,0,0,0,66,0,0,0,1737,detection,
1738036,24,3,1020,1020,0,0,0,0,0,0,66,0,0,0,1738,detection,
1739210,23,19,1044,1044,0,0,0,0,0,0,49,0,0,0,1739,detection,
1740279,18,22,532,532,0,0,0,0,0,0,50,0,0,0,1740,detection,
1741042,20,6,532,532,0,0,0,0,0,0,58,0,0,0,1741,detection,
1741043,3,6,532,532,0,0,0,0,0,0,67,0,0,0,1741,detection,
1741788,24,13,788,788,0,0,0,0,0,0,49,0,0,0,1741,detection,
1741791,3,13,788,788,0,0,0,0,0,0,46,0,0,0,1741,detection,
1741801,15,13,788,788,0,0,0,0,0,0,57,0,0,0,1741,detection,
1741839,7,13,788,788,0,0,0,0,0,0,60,0,0,0,1741,detection,
1741895,14,13,788,788,0,0,0,0,0,0,64,0,0,0,1741,detection,
1744500,22,4,1044,1044,0,0,0,0,0,0,60,0,0,0,1744,detection,
1744504,27,4,1044,1044,0,0,0,0,0,0,59,0,0,0,1744,detection,
1744517,14,4,1044,1044,0,0,0,0,0,0,48,0,0,0,1744,detection,
1744819,10,27,1395,1395,0,0,0,0,0,0,41,0,0,0,1744,detection,
1744832,26,27,1395,1395,0,0,0,0,0,0,41,0,0,0,1744,detection,
1744874,13,27,1395,1395,0,0,0,0,0,0,42,0,0,0,1744,detection,
1744879,4,27,1395,1395,0,0,0,0,0,0,53,0,0,0,1744,detection,
1745338,23,10,1556,1556,0,0,0,0,0,0,57,0,0,0,1745,detection,
1745360,11,10,1556,1556,0,0,0,0,0,0,64,0,0,0,1745,detection,
1745414,9,10,1556,1556,0,0,0,0,0,0,66,0,0,0,1745,detection,
1748447,10,17,764,764,0,0,0,0,0,0,61,0,0,0,1748,detection,
1748501,22,17,764,764,0,0,0,0,0,0,57,0,0,0,1748,detection,
1748912,3,7,788,788,0,0,0,0,0,0,48,0,0,0,1748,detection,
1749087,19,14,762,762,0,0,0,0,0,0,72,0,0,0,1749,detection,
1752411,9,10,1300,1300,0,0,0,0,0,0,68,0,0,0,1752,detection,
1752415,24,10,1300,1300,0,0,0,0,0,0,69,0,0,0,1752,detection,
1752415,3,10,1300,1300,0,0,0,0,0,0,59,0,0,0,1752,detection,
1752625,27,30,276,276,0,0,0,100,30,38,59,0,60,40,1752,detection,
1752645,14,30,276,276,0,0,0,100,0,7,73,0,48,40,1752,detection,
1752679,15,30,276,276,0,0,0,0,30,0,59,0,0,0,1752,detection,
1753061,16,23,788,788,0,0,0,0,0,0,59,0,0,0,1753,detection,
1753070,10,23,788,788,0,0,0,0,0,0,46,0,0,0,1753,detection,
1753083,28,23,788,788,0,0,0,0,0,0,50,0,0,0,1753,detection,
1753087,19,23,788,788,0,0,0,0,0,0,55,0,0,0,1753,detection,
1753151,18,23,788,788,0,0,0,0,0,0,59,0,0,0,1753,detection,
1754083,19,23,788,788,0,0,0,0,0,0,56,0,0,0,1754,detection,
1754170,20,5,551,551,0,0,0,0,0,0,62,0,0,0,1754,detection,
1754919,3,13,1274,1274,0,0,0,0,0,0,49,0,0,0,1754,detection,
1754925,15,13,1274,1274,0,0,0,0,0,0,57,0,0,0,1754,detection,
1754959,19,13,1274,1274,0,0,0,0,0,0,58,0,0,0,1754,detection,
1755014,14,13,1274,1274,0,0,0,0,0,0,60,0,0,0,1755,detection,
1756286,9,10,788,788,0,0,0,0,0,0,69,0,0,0,1756,detection,
1756286,24,10,788,788,0,0,0,0,0,0,68,0,0,0,1756,detection,
1756293,3,10,788,788,0,0,0,0,0,0,62,0,0,0,1756,detection,
1756312,16,10,788,788,0,0,0,0,0,0,61,0,0,0,1756,detection,
1757122,22,4,1044,1044,0,0,0,0,0,0,61,0,0,0,1757,detection,
1757126,27,4,1044,1044,0,0,0,0,0,0,56,0,0,0,1757,detection,
1759179,15,16,1137,1137,0,0,0,0,0,0,56,0,0,0,1759,detection,
1759243,12,16,1137,1137,0,0,0,0,0,0,52,0,0,0,1759,detection,
1759339,19,28,532,532,0,0,0,0,0,0,51,0,0,0,1759,detection,
1759416,6,28,532,532,0,0,0,0,0,0,57,0,0,0,1759,detection,
1760121,1,25,813,813,0,0,0,0,0,0,32,0,0,0,1760,detection,
1760126,13,25,813,813,0,0,0,0,0,0,58,0,0,0,1760,detection,
1760622,22,18,1111,1111,0,0,0,0,0,0,59,0,0,0,1760,detection,
1760635,4,18,1111,1111,0,0,0,0,0,0,46,0,0,0,1760,detection,
1762661,5,24,762,762,0,0,0,0,0,0,48,0,0,0,1762,detection,
1764050,15,13,1044,1044,0,0,0,0,0,0,60,0,0,0,1764,detection,
1764157,5,13,1044,1044,0,0,0,0,0,0,82,0,0,0,1764,detection,
1764165,24,13,1044,1044,0,0,0,0,0,0,52,0,0,0,1764,detection,
1765254,4,27,1274,1274,0,0,0,0,0,0,57,0,0,0,1765,detection,
1767787,3,7,810,810,0,0,0,0,0,0,48,0,0,0,1767,detection,
1767787,9,7,810,810,0,0,0,0,0,0,59,0,0,0,1767,detection,
1769832,28,13,788,788,0,0,0,0,0,0,63,0,0,0,1769,detection,
1769892,14,13,788,788,0,0,0,0,0,0,66,0,0,0,1769,detection,
1770792,6,20,788,788,0,0,0,0,0,0,53,0,0,0,1770,detection,
1771283,5,14,762,762,0,0,0,0,0,0,55,0,0,0,1771,detection,
1771295,20,14,762,762,0,0,0,0,0,0,45,0,0,0,1771,detection,
1771338,23,14,762,762,0,0,0,0,0,0,52,0,0,0,1771,detection,
1771946,10,27,1274,1274,0,0,0,0,0,0,44,0,0,0,1771,detection,
1773450,10,12,1044,1044,0,0,0,0,0,0,68,0,0,0,1773,detection,
1773459,19,12,1044,1044,0,0,0,0,0,0,56,0,0,0,1773,detection,
1773488,11,12,1044,1044,0,0,0,0,0,0,50,0,0,0,1773,detection,
1774115,1,23,788,788,0,0,0,0,0,0,40,0,0,0,1774,detection,
1774210,28,23,788,788,0,0,0,0,0,0,51,0,0,0,1774,detection,
1776040,6,28,1107,1107,0,0,0,0,0,0,58,0,0,0,1776,detection,
1779242,25,13,1227,1227,0,0,0,0,0,0,59,0,0,0,1779,detection,
1779263,14,13,1227,1227,0,0,0,0,0,0,65,0,0,0,1779,detection,
1779357,2,13,1227,1227,0,0,0,0,0,0,59,0,0,0,1779,detection,
1779542,6,20,532,532,0,0,0,0,0,0,54,0,0,0,1779,detection,
1781197,10,27,1300,1300,0,0,0,0,0,0,48,0,0,0,1781,detection,
1781792,20,6,771,771,0,0,0,0,0,0,57,0,0,0,1781,detection,
1782500,27,30,276,532,-256,0,45,100,30,38,59,0,58,40,1782,detection,
1783617,12,4,1044,1044,0,0,0,0,0,0,52,0,0,0,1783,detection,
1783622,22,4,1044,1044,0,0,0,0,0,0,58,0,0,0,1783,detection,
1783622,27,4,1044,1044,0,0,0,0,0,0,57,0,0,0,1783,detection,
1783644,8,4,1044,1044,0,0,0,0,0,0,54,0,0,0,1783,detection,
1785144,14,31,276,532,-256,0,46,100,31,16,57,0,60,40,1785,detection,
1786020,14,13,1227,1227,0,0,0,0,0,0,64,0,0,0,1786,detection,
1786080,28,13,1227,1227,0,0,0,0,0,0,63,0,0,0,1786,detection,
1786102,2,13,1227,1227,0,0,0,0,0,0,59,0,0,0,1786,detection,
1786166,24,3,788,788,0,0,0,0,0,0,67,0,0,0,1786,detection,
1789668,9,16,788,788,0,0,0,0,0,0,34,0,0,0,1789,detection,
1789698,10,16,788,788,0,0,0,0,0,0,51,0,0,0,1789,detection,
1789724,17,16,788,788,0,0,0,0,0,0,45,0,0,0,1789,detection,
1790959,19,12,1044,1044,0,0,0,0,0,0,58,0,0,0,1790,detection,
1790981,11,12,1044,1044,0,0,0,0,0,0,53,0,0,0,1790,detection,
1791641,14,31,276,583,-307,0,56,100,6,16,57,0,60,40,1791,detection,
1793689,16,9,1225,1225,0,0,0,0,0,0,57,0,0,0,1793,detection,
1795293,6,20,762,762,0,0,0,0,0,0,54,0,0,0,1795,detection,
1797922,15,5,788,788,0,0,0,0,0,0,52,0,0,0,1797,detection,
1797985,11,5,788,788,0,0,0,0,0,0,57,0,0,0,1797,detection,
1797994,12,5,788,788,0,0,0,0,0,0,60,0,0,0,1797,detection,
1798558,16,9,788,788,0,0,0,0,0,0,56,0,0,0,1798,detection,
1798977,2,13,835,835,0,0,0,0,0,0,57,0,0,0,1798,detection,
1804660,9,16,788,788,0,0,0,0,0,0,34,0,0,0,1804,detection,
1804695,10,16,788,788,0,0,0,0,0,0,50,0,0,0,1804,detection,
1804750,13,16,788,788,0,0,0,0,0,0,47,0,0,0,1804,detection,
1805602,2,9,532,532,0,0,0,0,0,0,59,0,0,0,1805,detection,
1805670,3,9,532,532,0,0,0,0,0,0,54,0,0,0,1805,detection,
1805686,16,9,532,532,0,0,0,0,0,0,54,0,0,0,1805,detection,
1805827,21,25,1300,1300,0,0,0,0,0,0,60,0,0,0,1805,detection,
1805865,2,25,1300,1300,0,0,0,0,0,0,55,0,0,0,1805,detection,
1806457,28,13,829,829,0,0,0,0,0,0,64,0,0,0,1806,detection,
1806547,15,13,829,829,0,0,0,0,0,0,63,0,0,0,1806,detection,
1806877,27,30,276,532,-256,0,48,100,0,33,54,0,58,40,1806,detection,
1807057,16,5,788,788,0,0,0,0,0,0,70,0,0,0,1807,detection,
1807105,11,5,788,788,0,0,0,0,0,0,57,0,0,0,1807,detection,
1807114,12,5,788,788,0,0,0,0,0,0,55,0,0,0,1807,detection,
1808516,14,31,276,563,-287,0,52,100,2,16,56,0,60,40,1808,detection,
1808549,6,31,276,563,-287,0,55,84,2,0,51,0,60,40,1808,detection,
1809501,27,17,788,788,0,0,0,0,0,0,47,0,0,0,1809,detection,
1809557,16,17,788,788,0,0,0,0,0,0,49,0,0,0,1809,detection,
1809573,10,17,788,788,0,0,0,0,0,0,60,0,0,0,1809,detection,
1809864,11,10,1300,1300,0,0,0,0,0,0,63,0,0,0,1809,detection,
1809907,18,10,1300,1300,0,0,0,0,0,0,47,0,0,0,1809,detection,
1809911,24,10,1300,1300,0,0,0,0,0,0,67,0,0,0,1809,detection,
1809914,9,10,1300,1300,0,0,0,0,0,0,67,0,0,0,1809,detection,
1809937,16,10,1300,1300,0,0,0,0,0,0,60,0,0,0,1809,detection,
1809963,28,10,1300,1300,0,0,0,0,0,0,45,0,0,0,1809,detection,
1810944,10,16,788,788,0,0,0,0,0,0,55,0,0,0,1810,detection,
1810973,17,16,788,788,0,0,0,0,0,0,50,0,0,0,1810,detection,
1810982,2,16,788,788,0,0,0,0,0,0,60,0,0,0,1810,detection,
1810995,13,16,788,788,0,0,0,0,0,0,52,0,0,0,1810,detection,
1811000,27,16,788,788,0,0,0,0,0,0,65,0,0,0,1811,detection,
1811003,22,16,788,788,0,0,0,0,0,0,59,0,0,0,1811,detection,
1811034,18,16,788,788,0,0,0,0,0,0,60,0,0,0,1811,detection,
1811037,9,16,788,788,0,0,0,0,0,0,39,0,0,0,1811,detection,
1811170,6,20,788,788,0,0,0,0,0,0,57,0,0,0,1811,detection,
1812602,2,9,1044,1044,0,0,0,0,0,0,64,0,0,0,1812,detection,
1812627,13,9,1044,1044,0,0,0,0,0,0,46,0,0,0,1812,detection,
1812683,16,9,1044,1044,0,0,0,0,0,0,58,0,0,0,1812,detection,
1813707,19,12,1044,1044,0,0,0,0,0,0,59,0,0,0,1813,detection,
1813736,11,12,1044,1044,0,0,0,0,0,0,50,0,0,0,1813,detection,
1815223,17,27,1044,1044,0,0,0,0,0,0,46,0,0,0,1815,detection,
1815283,18,27,1044,1044,0,0,0,0,0,0,59,0,0,0,1815,detection,
1815696,1,21,887,887,0,0,0,0,0,0,37,0,0,0,1815,detection,
1815877,27,30,276,532,-256,0,48,100,0,33,54,0,58,40,1815,detection,
1815960,28,18,1300,1300,0,0,0,0,0,0,58,0,0,0,1815,detection,
1815994,12,18,1300,1300,0,0,0,0,0,0,50,0,0,0,1815,detection,
1816038,5,18,1300,1300,0,0,0,0,0,0,48,0,0,0,1816,detection,
1816041,9,18,1300,1300,0,0,0,0,0,0,41,0,0,0,1816,detection,
1816338,19,5,532,532,0,0,0,0,0,0,67,0,0,0,1816,detection,
1816372,12,5,532,532,0,0,0,0,0,0,56,0,0,0,1816,detection,
1817509,4,25,1300,1300,0,0,0,0,0,0,51,0,0,0,1817,detection,
1818048,20,15,1018,1018,0,0,0,0,0,0,42,0,0,0,1818,detection,
1818667,6,20,1044,1044,0,0,0,0,0,0,59,0,0,0,1818,detection,
1822603,2,18,1044,1044,0,0,0,0,0,0,51,0,0,0,1822,detection,
1822608,11,18,1044,1044,0,0,0,0,0,0,55,0,0,0,1822,detection,
1822624,13,18,1044,1044,0,0,0,0,0,0,51,0,0,0,1822,detection,
1822629,27,18,1044,1044,0,0,0,0,0,0,45,0,0,0,1822,detection,
1823576,1,23,788,788,0,0,0,0,0,0,39,0,0,0,1823,detection,
1823688,16,23,788,788,0,0,0,0,0,0,58,0,0,0,1823,detection,
1824084,28,10,1069,1069,0,0,0,0,0,0,46,0,0,0,1824,detection,
1824111,11,10,1069,1069,0,0,0,0,0,0,61,0,0,0,1824,detection,
1824157,18,10,1069,1069,0,0,0,0,0,0,48,0,0,0,1824,detection,
1828789,24,29,276,581,-305,0,59,91,12,0,50,0,60,40,1828,detection,
1829736,1,23,788,788,0,0,0,0,0,0,37,0,0,0,1829,detection,
1830449,10,12,1044,1044,0,0,0,0,0,0,68,0,0,0,1830,detection,
1830456,19,12,1044,1044,0,0,0,0,0,0,61,0,0,0,1830,detection,
1830462,28,12,1044,1044,0,0,0,0,0,0,54,0,0,0,1830,detection,
1830630,4,22,969,969,0,0,0,0,0,0,58,0,0,0,1830,detection,
1831363,25,4,788,788,0,0,0,0,0,0,56,0,0,0,1831,detection,
1832130,4,25,788,788,0,0,0,0,0,0,49,0,0,0,1832,detection,
1832970,17,27,1274,1274,0,0,0,0,0,0,45,0,0,0,1832,detection,
1832999,13,27,1274,1274,0,0,0,0,0,0,45,0,0,0,1832,detection,
1833496,13,9,1250,1250,0,0,0,0,0,0,47,0,0,0,1833,detection,
1834583,19,12,1061,1061,0,0,0,0,0,0,64,0,0,0,1834,detection,
1836958,26,17,1092,1092,0,0,0,0,0,0,45,0,0,0,1836,detection,
1837293,20,15,1018,1018,0,0,0,0,0,0,45,0,0,0,1837,detection,
1838211,19,28,982,982,0,0,0,0,0,0,52,0,0,0,1838,detection,
1840377,22,4,788,788,0,0,0,0,0,0,61,0,0,0,1840,detection,
1841624,22,16,1066,1066,0,0,0,0,0,0,59,0,0,0,1841,detection,
1841633,4,16,1066,1066,0,0,0,0,0,0,49,0,0,0,1841,detection,
1841650,8,16,1066,1066,0,0,0,0,0,0,52,0,0,0,1841,detection,
1841672,15,16,1066,1066,0,0,0,0,0,0,58,0,0,0,1841,detection,
1841697,10,16,1066,1066,0,0,0,0,0,0,58,0,0,0,1841,detection,
1841788,5,12,1316,1316,0,0,0,0,0,0,63,0,0,0,1841,detection,
1841823,10,12,1316,1316,0,0,0,0,0,0,69,0,0,0,1841,detection,
1841832,28,12,1316,1316,0,0,0,0,0,0,60,0,0,0,1841,detection,
1844479,2,14,810,810,0,0,0,0,0,0,41,0,0,0,1844,detection,
1844564,16,14,810,810,0,0,0,0,0,0,41,0,0,0,1844,detection,
1846183,16,10,1066,1066,0,0,0,0,0,0,59,0,0,0,1846,detection,
1846212,28,10,1066,1066,0,0,0,0,0,0,45,0,0,0,1846,detection,
1846272,8,10,1066,1066,0,0,0,0,0,0,66,0,0,0,1846,detection,
1846284,24,10,1066,1066,0,0,0,0,0,0,66,0,0,0,1846,detection,
1847095,1,21,928,928,0,0,0,0,0,0,37,0,0,0,1847,detection,
1847206,19,12,1543,1543,0,0,0,0,0,0,63,0,0,0,1847,detection,
1847220,17,21,928,928,0,0,0,0,0,0,52,0,0,0,1847,detection,
1847704,21,27,788,788,0,0,0,0,0,0,43,0,0,0,1847,detection,
1847708,26,27,788,788,0,0,0,0,0,0,44,0,0,0,1847,detection,
1848175,15,23,532,532,0,0,0,0,0,0,60,0,0,0,1848,detection,
1850379,22,25,532,532,0,0,0,0,0,0,66,0,0,0,1850,detection,
1850919,20,15,1018,1018,0,0,0,0,0,0,45,0,0,0,1850,detection,
1851241,11,31,276,532,-256,0,47,70,19,0,56,0,61,40,1851,detection,
1851292,6,31,276,532,-256,0,48,73,3,0,53,0,60,40,1851,detection,
1851748,13,18,788,788,0,0,0,0,0,0,54,0,0,0,1851,detection,
1851784,24,10,810,810,0,0,0,0,0,0,64,0,0,0,1851,detection,
1851832,28,10,810,810,0,0,0,0,0,0,46,0,0,0,1851,detection,
1852833,19,28,1341,1341,0,0,0,0,0,0,55,0,0,0,1852,detection,
1853002,22,4,788,788,0,0,0,0,0,0,60,0,0,0,1853,detection,
1853023,8,4,788,788,0,0,0,0,0,0,57,0,0,0,1853,detection,
1853456,26,11,788,788,0,0,0,0,0,0,51,0,0,0,1853,detection,
1853823,21,26,754,754,0,0,0,0,0,0,84,0,0,0,1853,detection,
1854658,1,27,532,532,0,0,0,0,0,0,43,0,0,0,1854,detection,
1857037,24,3,1266,1266,0,0,0,0,0,0,65,0,0,0,1857,detection,
1857208,19,28,1578,1578,0,0,0,0,0,0,59,0,0,0,1857,detection,
1857244,25,16,1290,1290,0,0,0,0,0,0,61,0,0,0,1857,detection,
1857267,4,16,1290,1290,0,0,0,0,0,0,49,0,0,0,1857,detection,
1858457,26,21,788,788,0,0,0,0,0,0,54,0,0,0,1858,detection,
1858469,17,21,788,788,0,0,0,0,0,0,58,0,0,0,1858,detection,
1858504,27,21,788,788,0,0,0,0,0,0,64,0,0,0,1858,detection,
1861757,1,27,532,532,0,0,0,0,0,0,45,0,0,0,1861,detection,
1861826,21,27,532,532,0,0,0,0,0,0,44,0,0,0,1861,detection,
1861834,26,27,532,532,0,0,0,0,0,0,46,0,0,0,1861,detection,
1861869,25,27,532,532,0,0,0,0,0,0,56,0,0,0,1861,detection,
1861873,22,27,532,532,0,0,0,0,0,0,58,0,0,0,1861,detection,
1861957,19,28,1578,1578,0,0,0,0,0,0,59,0,0,0,1861,detection,
1862284,24,3,1010,1010,0,0,0,0,0,0,65,0,0,0,1862,detection,
1862296,20,3,1010,1010,0,0,0,0,0,0,81,0,0,0,1862,detection,
1862455,26,11,532,532,0,0,0,0,0,0,52,0,0,0,1862,detection,
1862865,12,5,762,762,0,0,0,0,0,0,56,0,0,0,1862,detection,
1862921,15,5,762,762,0,0,0,0,0,0,52,0,0,0,1862,detection,
1862934,16,5,762,762,0,0,0,0,0,0,68,0,0,0,1862,detection,
1862963,23,5,762,762,0,0,0,0,0,0,44,0,0,0,1862,detection,
1863170,3,29,276,532,-256,0,46,100,17,0,57,0,60,40,1863,detection,
1863172,24,29,276,532,-256,0,48,100,6,0,53,0,60,40,1863,detection,
1864345,17,21,788,788,0,0,0,0,0,0,60,0,0,0,1864,detection,
1865783,5,12,1543,1543,0,0,0,0,0,0,62,0,0,0,1865,detection,
1865833,19,12,1543,1543,0,0,0,0,0,0,57,0,0,0,1865,detection,
1865956,28,10,788,788,0,0,0,0,0,0,50,0,0,0,1865,detection,
1865979,1,27,608,608,0,0,0,0,0,0,45,0,0,0,1865,detection,
1865988,25,27,608,608,0,0,0,0,0,0,55,0,0,0,1865,detection,
1866007,22,27,608,608,0,0,0,0,0,0,58,0,0,0,1866,detection,
1866084,21,27,608,608,0,0,0,0,0,0,41,0,0,0,1866,detection,
1866159,24,3,788,788,0,0,0,0,0,0,64,0,0,0,1866,detection,
1867540,20,15,788,788,0,0,0,0,0,0,49,0,0,0,1867,detection,
1867748,27,16,788,788,0,0,0,0,0,0,63,0,0,0,1867,detection,
1867752,22,16,788,788,0,0,0,0,0,0,55,0,0,0,1867,detection,
1867752,25,16,788,788,0,0,0,0,0,0,60,0,0,0,1867,detection,
1867756,4,16,788,788,0,0,0,0,0,0,52,0,0,0,1867,detection,
1867773,8,16,788,788,0,0,0,0,0,0,55,0,0,0,1867,detection,
1868488,12,18,788,788,0,0,0,0,0,0,53,0,0,0,1868,detection,
1869207,19,12,1300,1300,0,0,0,0,0,0,60,0,0,0,1869,detection,
1869667,3,29,276,276,0,0,0,100,30,8,58,0,60,40,1869,detection,
1871279,18,23,532,532,0,0,0,0,0,0,60,0,0,0,1871,detection,
1873035,24,3,532,532,0,0,0,0,0,0,64,0,0,0,1873,detection,
1874490,25,16,788,788,0,0,0,0,0,0,59,0,0,0,1874,detection,
1874516,8,16,788,788,0,0,0,0,0,0,55,0,0,0,1874,detection,
1875547,20,15,788,788,0,0,0,0,0,0,49,0,0,0,1875,detection,
1876174,15,11,639,639,0,0,0,0,0,0,57,0,0,0,1876,detection,
1876175,24,11,639,639,0,0,0,0,0,0,56,0,0,0,1876,detection,
1876398,8,4,1044,1044,0,0,0,0,0,0,57,0,0,0,1876,detection,
1876416,3,4,1044,1044,0,0,0,0,0,0,49,0,0,0,1876,detection,
1876416,24,4,1044,1044,0,0,0,0,0,0,43,0,0,0,1876,detection,
1876424,20,4,1044,1044,0,0,0,0,0,0,55,0,0,0,1876,detection,
1876438,16,4,1044,1044,0,0,0,0,0,0,47,0,0,0,1876,detection,
1876480,2,4,1044,1044,0,0,0,0,0,0,46,0,0,0,1876,detection,
1877597,17,7,1300,1300,0,0,0,0,0,0,53,0,0,0,1877,detection,
1877708,26,7,1300,1300,0,0,0,0,0,0,41,0,0,0,1877,detection,
1879546,1,27,895,895,0,0,0,0,0,0,50,0,0,0,1879,detection,
1879648,8,27,895,895,0,0,0,0,0,0,49,0,0,0,1879,detection,
1880245,25,16,1300,1300,0,0,0,0,0,0,59,0,0,0,1880,detection,
1880249,27,16,1300,1300,0,0,0,0,0,0,62,0,0,0,1880,detection,
1880250,22,16,1300,1300,0,0,0,0,0,0,58,0,0,0,1880,detection,
1880254,4,16,1300,1300,0,0,0,0,0,0,55,0,0,0,1880,detection,
1880263,14,16,1300,1300,0,0,0,0,0,0,46,0,0,0,1880,detection,
1880267,8,16,1300,1300,0,0,0,0,0,0,52,0,0,0,1880,detection,
1880292,9,16,1300,1300,0,0,0,0,0,0,39,0,0,0,1880,detection,
1881958,19,28,1556,1556,0,0,0,0,0,0,59,0,0,0,1881,detection,
1882502,27,4,788,788,0,0,0,0,0,0,61,0,0,0,1882,detection,
1882536,24,4,788,788,0,0,0,0,0,0,44,0,0,0,1882,detection,
1882950,21,30,276,532,-256,0,52,79,0,0,46,0,67,55,1882,detection,
1885499,22,31,276,483,-207,0,39,70,26,8,52,0,72,55,1885,detection,
1885919,20,15,557,557,0,0,0,0,0,0,54,0,0,0,1885,detection,
1885976,1,25,532,532,0,0,0,0,0,0,37,0,0,0,1885,detection,
1886011,22,25,532,532,0,0,0,0,0,0,67,0,0,0,1886,detection,
1886349,17,26,788,788,0,0,0,0,0,0,54,0,0,0,1886,detection,
1886590,7,9,794,794,0,0,0,0,0,0,56,0,0,0,1886,detection,
1887876,27,30,276,276,0,0,0,100,30,30,59,0,60,40,1887,detection,
1887926,15,30,276,276,0,0,0,0,0,0,60,0,0,0,1887,detection,
1887951,21,30,276,276,0,0,0,70,34,9,48,0,64,40,1887,detection,
1889491,25,16,1360,1360,0,0,0,0,0,0,60,0,0,0,1889,detection,
1889499,22,16,1360,1360,0,0,0,0,0,0,66,0,0,0,1889,detection,
1891457,26,21,788,788,0,0,0,0,0,0,58,0,0,0,1891,detection,
1891470,17,21,788,788,0,0,0,0,0,0,61,0,0,0,1891,detection,
1891910,24,29,276,532,-256,0,46,100,0,0,57,0,60,40,1891,detection,
1891915,3,29,276,532,-256,0,46,100,31,16,57,0,60,40,1891,detection,
1892710,26,7,1120,1120,0,0,0,0,0,0,44,0,0,0,1892,detection,
1892788,9,7,1120,1120,0,0,0,0,0,0,58,0,0,0,1892,detection,
1892882,4,27,895,895,0,0,0,0,0,0,57,0,0,0,1892,detection,
1892891,8,27,895,895,0,0,0,0,0,0,50,0,0,0,1892,detection,
1892994,25,27,895,895,0,0,0,0,0,0,59,0,0,0,1892,detection,
1893329,26,11,788,788,0,0,0,0,0,0,56,0,0,0,1893,detection,
1893422,15,11,788,788,0,0,0,0,0,0,57,0,0,0,1893,detection,
1894458,28,12,874,874,0,0,0,0,0,0,63,0,0,0,1894,detection,
1894487,11,12,874,874,0,0,0,0,0,0,52,0,0,0,1894,detection,
1894922,20,5,1069,1069,0,0,0,0,0,0,63,0,0,0,1894,detection,
1895623,27,4,788,788,0,0,0,0,0,0,62,0,0,0,1895,detection,
1895647,8,4,788,788,0,0,0,0,0,0,58,0,0,0,1895,detection,
1895664,9,4,788,788,0,0,0,0,0,0,52,0,0,0,1895,detection,
1895664,24,4,788,788,0,0,0,0,0,0,45,0,0,0,1895,detection,
1895664,20,4,788,788,0,0,0,0,0,0,56,0,0,0,1895,detection,
1895682,16,4,788,788,0,0,0,0,0,0,44,0,0,0,1895,detection,
1895717,7,4,788,788,0,0,0,0,0,0,58,0,0,0,1895,detection,
1896498,22,27,788,788,0,0,0,0,0,0,58,0,0,0,1896,detection,
1896959,28,18,784,784,0,0,0,0,0,0,61,0,0,0,1896,detection,
1896964,19,18,784,784,0,0,0,0,0,0,48,0,0,0,1896,detection,
1897019,14,18,784,784,0,0,0,0,0,0,47,0,0,0,1897,detection,
1897024,8,18,784,784,0,0,0,0,0,0,49,0,0,0,1897,detection,
1897040,9,18,784,784,0,0,0,0,0,0,44,0,0,0,1897,detection,
1897045,3,18,784,784,0,0,0,0,0,0,58,0,0,0,1897,detection,
1897349,17,7,864,864,0,0,0,0,0,0,59,0,0,0,1897,detection,
1897535,24,29,276,483,-207,0,38,100,6,0,56,0,60,40,1897,detection,
1899017,8,4,788,788,0,0,0,0,0,0,59,0,0,0,1899,detection,
1901158,18,10,1247,1247,0,0,0,0,0,0,53,0,0,0,1901,detection,
1901167,3,10,1247,1247,0,0,0,0,0,0,61,0,0,0,1901,detection,
1901679,15,13,788,788,0,0,0,0,0,0,64,0,0,0,1901,detection,
1901708,28,13,788,788,0,0,0,0,0,0,66,0,0,0,1901,detection,
1903078,26,11,813,813,0,0,0,0,0,0,55,0,0,0,1903,detection,
1904623,22,27,1044,1044,0,0,0,0,0,0,60,0,0,0,1904,detection,
1905327,21,17,1036,1036,0,0,0,0,0,0,55,0,0,0,1905,detection,
1905332,26,17,1036,1036,0,0,0,0,0,0,41,0,0,0,1905,detection,
1907041,6,28,1296,1296,0,0,0,0,0,0,53,0,0,0,1907,detection,
1909208,26,21,788,788,0,0,0,0,0,0,57,0,0,0,1909,detection,
1909213,7,21,788,788,0,0,0,0,0,0,67,0,0,0,1909,detection,
1909217,17,21,788,788,0,0,0,0,0,0,60,0,0,0,1909,detection,
1909743,25,16,1160,1160,0,0,0,0,0,0,59,0,0,0,1909,detection,
1909747,22,16,1160,1160,0,0,0,0,0,0,65,0,0,0,1909,detection,
1909759,4,16,1160,1160,0,0,0,0,0,0,59,0,0,0,1909,detection,
1910113,11,12,839,839,0,0,0,0,0,0,50,0,0,0,1910,detection,
1910140,14,12,839,839,0,0,0,0,0,0,59,0,0,0,1910,detection,
1910425,15,23,1195,1195,0,0,0,0,0,0,58,0,0,0,1910,detection,
1910538,3,10,1384,1384,0,0,0,0,0,0,64,0,0,0,1910,detection,
1912746,1,7,864,864,0,0,0,0,0,0,41,0,0,0,1912,detection,
1912832,26,7,864,864,0,0,0,0,0,0,47,0,0,0,1912,detection,
1914330,26,8,586,586,0,0,0,0,0,0,52,0,0,0,1914,detection,
1914347,17,8,586,586,0,0,0,0,0,0,54,0,0,0,1914,detection,
1914993,12,23,1038,1038,0,0,0,0,0,0,59,0,0,0,1914,detection,
1914999,11,23,1038,1038,0,0,0,0,0,0,55,0,0,0,1914,detection,
1915088,28,23,1038,1038,0,0,0,0,0,0,52,0,0,0,1915,detection,
1915541,6,28,1300,1300,0,0,0,0,0,0,57,0,0,0,1915,detection,
1916219,7,29,276,397,-121,0,22,100,60,0,55,0,60,40,1916,detection,
1917499,13,9,907,907,0,0,0,0,0,0,49,0,0,0,1917,detection,
1917543,3,9,907,907,0,0,0,0,0,0,59,0,0,0,1917,detection,
1917546,20,9,907,907,0,0,0,0,0,0,50,0,0,0,1917,detection,
1917956,26,31,276,532,-256,0,49,74,33,8,51,0,67,55,1917,detection,
1917984,11,31,276,532,-256,0,45,100,0,0,59,0,60,40,1917,detection,
1918001,13,31,276,532,-256,0,43,70,6,0,64,0,48,40,1918,detection,
1918016,14,31,276,532,-256,0,47,100,3,16,56,0,60,40,1918,detection,
1918032,18,31,276,532,-256,0,47,71,29,0,55,0,69,55,1918,detection,
1918044,6,31,276,532,-256,0,46,100,0,0,57,0,60,40,1918,detection,
1919436,16,4,788,788,0,0,0,0,0,0,46,0,0,0,1919,detection,
1919488,25,4,788,788,0,0,0,0,0,0,57,0,0,0,1919,detection,
1920240,12,18,788,788,0,0,0,0,0,0,57,0,0,0,1920,detection,
1920249,13,18,788,788,0,0,0,0,0,0,57,0,0,0,1920,detection,
1920254,27,18,788,788,0,0,0,0,0,0,48,0,0,0,1920,detection,
1920271,8,18,788,788,0,0,0,0,0,0,48,0,0,0,1920,detection,
1920292,3,18,788,788,0,0,0,0,0,0,58,0,0,0,1920,detection,
1920331,19,18,788,788,0,0,0,0,0,0,51,0,0,0,1920,detection,
1920335,23,18,788,788,0,0,0,0,0,0,60,0,0,0,1920,detection,
1921907,18,27,788,788,0,0,0,0,0,0,55,0,0,0,1921,detection,
1921956,28,13,788,788,0,0,0,0,0,0,61,0,0,0,1921,detection,
1922042,3,13,788,788,0,0,0,0,0,0,52,0,0,0,1922,detection,
1922046,15,13,788,788,0,0,0,0,0,0,64,0,0,0,1922,detection,
1923839,28,11,858,858,0,0,0,0,0,0,55,0,0,0,1923,detection,
1926875,27,30,276,672,-396,0,70,100,47,30,59,0,58,40,1926,detection,
1926896,14,30,276,672,-396,0,63,100,42,14,71,0,48,40,1926,detection,
1927456,21,27,1044,1044,0,0,0,0,0,0,43,0,0,0,1927,detection,
1927490,25,27,1044,1044,0,0,0,0,0,0,63,0,0,0,1927,detection,
1927498,22,27,1044,1044,0,0,0,0,0,0,61,0,0,0,1927,detection,
1927531,18,27,1044,1044,0,0,0,0,0,0,58,0,0,0,1927,detection,
1928653,18,23,992,992,0,0,0,0,0,0,57,0,0,0,1928,detection,
1928826,21,17,1044,1044,0,0,0,0,0,0,59,0,0,0,1928,detection,
1928835,26,17,1044,1044,0,0,0,0,0,0,43,0,0,0,1928,detection,
1928870,25,17,1044,1044,0,0,0,0,0,0,63,0,0,0,1928,detection,
1928877,22,17,1044,1044,0,0,0,0,0,0,59,0,0,0,1928,detection,
1928878,27,17,1044,1044,0,0,0,0,0,0,52,0,0,0,1928,detection,
1929082,28,11,858,858,0,0,0,0,0,0,55,0,0,0,1929,detection,
1930291,3,13,788,788,0,0,0,0,0,0,52,0,0,0,1930,detection,
1930356,2,13,788,788,0,0,0,0,0,0,61,0,0,0,1930,detection,
1930835,19,18,992,992,0,0,0,0,0,0,51,0,0,0,1930,detection,
1932832,19,22,532,532,0,0,0,0,0,0,55,0,0,0,1932,detection,
1932835,23,22,532,532,0,0,0,0,0,0,49,0,0,0,1932,detection,
1932869,12,22,532,532,0,0,0,0,0,0,58,0,0,0,1932,detection,
1933186,16,14,788,788,0,0,0,0,0,0,44,0,0,0,1933,detection,
1933291,3,6,788,788,0,0,0,0,0,0,69,0,0,0,1933,detection,
1933344,17,25,557,557,0,0,0,0,0,0,60,0,0,0,1933,detection,
1935962,7,29,276,487,-211,0,39,100,11,0,55,0,60,40,1935,detection,
1936250,27,26,1300,1300,0,0,0,0,0,0,57,0,0,0,1936,detection,
1936348,17,26,1300,1300,0,0,0,0,0,0,58,0,0,0,1936,detection,
1937412,5,24,802,802,0,0,0,0,0,0,52,0,0,0,1937,detection,
1940373,22,17,1044,1044,0,0,0,0,0,0,59,0,0,0,1940,detection,
1940788,5,22,583,583,0,0,0,0,0,0,54,0,0,0,1940,detection,
1940916,3,10,1620,1620,0,0,0,0,0,0,64,0,0,0,1940,detection,
1941707,19,12,1044,1044,0,0,0,0,0,0,59,0,0,0,1941,detection,
1942498,27,26,1044,1044,0,0,0,0,0,0,58,0,0,0,1942,detection,
1942957,28,11,858,858,0,0,0,0,0,0,55,0,0,0,1942,detection,
1943457,23,18,992,992,0,0,0,0,0,0,60,0,0,0,1943,detection,
1943458,19,18,992,992,0,0,0,0,0,0,50,0,0,0,1943,detection,
1943482,2,18,992,992,0,0,0,0,0,0,55,0,0,0,1943,detection,
1943495,13,18,992,992,0,0,0,0,0,0,58,0,0,0,1943,detection,
1943503,27,18,992,992,0,0,0,0,0,0,50,0,0,0,1943,detection,
1943530,8,18,992,992,0,0,0,0,0,0,48,0,0,0,1943,detection,
1943542,3,18,992,992,0,0,0,0,0,0,54,0,0,0,1943,detection,
1943554,9,18,992,992,0,0,0,0,0,0,48,0,0,0,1943,detection,
1943920,3,6,1300,1300,0,0,0,0,0,0,68,0,0,0,1943,detection,
1944600,2,13,762,762,0,0,0,0,0,0,60,0,0,0,1944,detection,
1944663,9,13,762,762,0,0,0,0,0,0,53,0,0,0,1944,detection,
1944667,3,13,762,762,0,0,0,0,0,0,51,0,0,0,1944,detection,
1944676,15,13,762,762,0,0,0,0,0,0,63,0,0,0,1944,detection,
1945032,1,7,532,532,0,0,0,0,0,0,41,0,0,0,1945,detection,
1945262,14,16,1199,1199,0,0,0,0,0,0,54,0,0,0,1945,detection,
1946451,10,27,1069,1069,0,0,0,0,0,0,54,0,0,0,1946,detection,
1946473,17,27,1069,1069,0,0,0,0,0,0,51,0,0,0,1946,detection,
1946494,25,27,1069,1069,0,0,0,0,0,0,64,0,0,0,1946,detection,
1946498,22,27,1069,1069,0,0,0,0,0,0,61,0,0,0,1946,detection,
1946502,13,27,1069,1069,0,0,0,0,0,0,51,0,0,0,1946,detection,
1946520,8,27,1069,1069,0,0,0,0,0,0,56,0,0,0,1946,detection,
1946532,18,27,1069,1069,0,0,0,0,0,0,59,0,0,0,1946,detection,
1948288,5,12,1069,1069,0,0,0,0,0,0,61,0,0,0,1948,detection,
1949655,18,10,1364,1364,0,0,0,0,0,0,57,0,0,0,1949,detection,
1949666,3,10,1364,1364,0,0,0,0,0,0,61,0,0,0,1949,detection,
1949671,6,10,1364,1364,0,0,0,0,0,0,59,0,0,0,1949,detection,
1951588,19,5,764,764,0,0,0,0,0,0,71,0,0,0,1951,detection,
1952313,16,23,1044,1044,0,0,0,0,0,0,58,0,0,0,1952,detection,
1952346,19,23,1044,1044,0,0,0,0,0,0,59,0,0,0,1952,detection,
1952402,18,23,1044,1044,0,0,0,0,0,0,60,0,0,0,1952,detection,
1953249,13,22,622,622,0,0,0,0,0,0,59,0,0,0,1953,detection,
1953284,5,22,622,622,0,0,0,0,0,0,53,0,0,0,1953,detection,
1953284,18,22,622,622,0,0,0,0,0,0,53,0,0,0,1953,detection,
1953292,9,22,622,622,0,0,0,0,0,0,40,0,0,0,1953,detection,
1953334,23,22,622,622,0,0,0,0,0,0,49,0,0,0,1953,detection,
1953343,19,22,622,622,0,0,0,0,0,0,55,0,0,0,1953,detection,
1953356,2,22,622,622,0,0,0,0,0,0,56,0,0,0,1953,detection,
1953365,12,22,622,622,0,0,0,0,0,0,58,0,0,0,1953,detection,
1955284,5,12,813,813,0,0,0,0,0,0,63,0,0,0,1955,detection,
1956993,12,2,1134,1134,0,0,0,0,0,0,55,0,0,0,1956,detection,
1956994,25,2,1134,1134,0,0,0,0,0,0,55,0,0,0,1956,detection,
1957002,13,2,1134,1134,0,0,0,0,0,0,55,0,0,0,1957,detection,
1957002,22,2,1134,1134,0,0,0,0,0,0,51,0,0,0,1957,detection,
1957040,9,2,1134,1134,0,0,0,0,0,0,52,0,0,0,1957,detection,
1958448,21,26,1044,1044,0,0,0,0,0,0,90,0,0,0,1958,detection,
1958496,25,26,1044,1044,0,0,0,0,0,0,51,0,0,0,1958,detection,
1958503,27,26,1044,1044,0,0,0,0,0,0,60,0,0,0,1958,detection,
1958959,19,23,1134,1134,0,0,0,0,0,0,59,0,0,0,1958,detection,
1958993,12,23,1134,1134,0,0,0,0,0,0,61,0,0,0,1958,detection,
1959028,18,23,1134,1134,0,0,0,0,0,0,59,0,0,0,1959,detection,
1959036,5,23,1134,1134,0,0,0,0,0,0,50,0,0,0,1959,detection,
1959053,15,23,1134,1134,0,0,0,0,0,0,59,0,0,0,1959,detection,
1959057,16,23,1134,1134,0,0,0,0,0,0,57,0,0,0,1959,detection,
1959337,23,19,929,929,0,0,0,0,0,0,49,0,0,0,1959,detection,
1960274,1,7,532,532,0,0,0,0,0,0,43,0,0,0,1960,detection,
1962536,9,2,878,878,0,0,0,0,0,0,53,0,0,0,1962,detection,
1962621,25,2,878,878,0,0,0,0,0,0,56,0,0,0,1962,detection,
1962621,13,2,878,878,0,0,0,0,0,0,57,0,0,0,1962,detection,
1962626,22,2,878,878,0,0,0,0,0,0,53,0,0,0,1962,detection,
1964164,9,2,878,878,0,0,0,0,0,0,54,0,0,0,1964,detection,
1965089,23,10,1182,1182,0,0,0,0,0,0,62,0,0,0,1965,detection,
1965153,18,10,1182,1182,0,0,0,0,0,0,57,0,0,0,1965,detection,
1965162,24,10,1182,1182,0,0,0,0,0,0,68,0,0,0,1965,detection,
1965166,6,10,1182,1182,0,0,0,0,0,0,59,0,0,0,1965,detection,
1965169,3,10,1182,1182,0,0,0,0,0,0,62,0,0,0,1965,detection,
1965184,16,10,1182,1182,0,0,0,0,0,0,60,0,0,0,1965,detection,
1965581,21,27,1069,1069,0,0,0,0,0,0,44,0,0,0,1965,detection,
1965585,26,27,1069,1069,0,0,0,0,0,0,48,0,0,0,1965,detection,
1965619,25,27,1069,1069,0,0,0,0,0,0,60,0,0,0,1965,detection,
1965623,13,27,1069,1069,0,0,0,0,0,0,48,0,0,0,1965,detection,
1965623,22,27,1069,1069,0,0,0,0,0,0,61,0,0,0,1965,detection,
1965665,18,27,1069,1069,0,0,0,0,0,0,59,0,0,0,1965,detection,
1966731,2,16,1199,1199,0,0,0,0,0,0,67,0,0,0,1966,detection,
1967462,28,11,858,858,0,0,0,0,0,0,55,0,0,0,1967,detection,
1968975,2,9,881,881,0,0,0,0,0,0,63,0,0,0,1968,detection,
1969417,5,12,813,813,0,0,0,0,0,0,64,0,0,0,1969,detection,
1971044,6,31,276,809,-533,0,96,100,33,0,58,0,58,40,1971,detection,
1971083,26,31,276,809,-533,0,100,100,35,8,52,0,58,40,1971,detection,
1971124,13,31,276,809,-533,0,93,100,32,0,62,0,54,40,1971,detection,
1974902,18,23,1134,1134,0,0,0,0,0,0,58,0,0,0,1974,detection,
1974910,5,23,1134,1134,0,0,0,0,0,0,49,0,0,0,1974,detection,
1974923,15,23,1134,1134,0,0,0,0,0,0,57,0,0,0,1974,detection,
1974940,16,23,1134,1134,0,0,0,0,0,0,57,0,0,0,1974,detection,
1974948,10,23,1134,1134,0,0,0,0,0,0,49,0,0,0,1974,detection,
1974957,19,23,1134,1134,0,0,0,0,0,0,58,0,0,0,1974,detection,
1974961,28,23,1134,1134,0,0,0,0,0,0,55,0,0,0,1974,detection,
1975242,25,18,1176,1176,0,0,0,0,0,0,56,0,0,0,1975,detection,
1975254,22,18,1176,1176,0,0,0,0,0,0,60,0,0,0,1975,detection,
1975288,9,18,1176,1176,0,0,0,0,0,0,49,0,0,0,1975,detection,
1975292,24,18,1176,1176,0,0,0,0,0,0,51,0,0,0,1975,detection,
1975339,23,18,1176,1176,0,0,0,0,0,0,56,0,0,0,1975,detection,
1975346,28,18,1176,1176,0,0,0,0,0,0,62,0,0,0,1975,detection,
1978798,20,15,987,987,0,0,0,0,0,0,54,0,0,0,1978,detection,
1980166,6,31,276,532,-256,0,46,100,33,0,57,0,60,40,1980,detection,
1980204,26,31,276,532,-256,0,47,100,34,8,55,0,60,40,1980,detection,
1980246,13,31,276,532,-256,0,44,100,32,0,62,0,54,40,1980,detection,
1982950,21,26,1018,1018,0,0,0,0,0,0,88,0,0,0,1982,detection,
1982993,25,26,1018,1018,0,0,0,0,0,0,48,0,0,0,1982,detection,
1985582,23,22,1382,1382,0,0,0,0,0,0,56,0,0,0,1985,detection,
1985588,28,22,1382,1382,0,0,0,0,0,0,63,0,0,0,1985,detection,
1985622,13,22,1382,1382,0,0,0,0,0,0,61,0,0,0,1985,detection,
1985631,4,22,1382,1382,0,0,0,0,0,0,64,0,0,0,1985,detection,
1985708,26,31,276,276,0,0,0,100,30,15,60,0,60,40,1985,detection,
1985745,13,31,276,276,0,0,0,100,29,7,64,0,48,40,1985,detection,
1986526,18,10,1177,1177,0,0,0,0,0,0,57,0,0,0,1986,detection,
1986534,24,10,1177,1177,0,0,0,0,0,0,69,0,0,0,1986,detection,
1987964,19,14,532,532,0,0,0,0,0,0,75,0,0,0,1987,detection,
1987978,2,14,532,532,0,0,0,0,0,0,46,0,0,0,1987,detection,
1989779,18,23,1300,1300,0,0,0,0,0,0,58,0,0,0,1989,detection,
1989787,5,23,1300,1300,0,0,0,0,0,0,53,0,0,0,1989,detection,
1989804,15,23,1300,1300,0,0,0,0,0,0,59,0,0,0,1989,detection,
1989812,16,23,1300,1300,0,0,0,0,0,0,52,0,0,0,1989,detection,
1989821,10,23,1300,1300,0,0,0,0,0,0,52,0,0,0,1989,detection,
1989838,28,23,1300,1300,0,0,0,0,0,0,57,0,0,0,1989,detection,
1989864,12,23,1300,1300,0,0,0,0,0,0,64,0,0,0,1989,detection,
1990428,15,30,276,532,-256,0,45,70,30,7,59,0,64,40,1990,detection,
1991793,6,31,276,372,-96,0,17,100,19,0,58,0,60,40,1991,detection,
1992543,6,31,276,428,-152,0,27,100,6,0,58,0,60,40,1992,detection,
1993504,4,22,1325,1325,0,0,0,0,0,0,62,0,0,0,1993,detection,
1993711,1,7,532,532,0,0,0,0,0,0,43,0,0,0,1993,detection,
1993749,27,16,1199,1199,0,0,0,0,0,0,60,0,0,0,1993,detection,
1993851,2,16,1199,1199,0,0,0,0,0,0,67,0,0,0,1993,detection,
1995029,18,29,276,616,-340,0,61,100,10,0,58,0,58,40,1995,detection,
1995037,24,29,276,616,-340,0,62,100,16,0,56,0,58,40,1995,detection,
1996206,28,23,788,788,0,0,0,0,0,0,60,0,0,0,1996,detection,
1996278,18,23,788,788,0,0,0,0,0,0,57,0,0,0,1996,detection,
1996283,5,23,788,788,0,0,0,0,0,0,56,0,0,0,1996,detection,
1997208,23,22,532,532,0,0,0,0,0,0,61,0,0,0,1997,detection,
1997247,13,22,532,532,0,0,0,0,0,0,67,0,0,0,1997,detection,
1997264,4,22,532,532,0,0,0,0,0,0,64,0,0,0,1997,detection,
1997833,26,21,788,788,0,0,0,0,0,0,57,0,0,0,1997,detection,
1998335,23,4,788,788,0,0,0,0,0,0,59,0,0,0,1998,detection,
1998378,27,4,788,788,0,0,0,0,0,0,62,0,0,0,1998,detection,
1998378,22,4,788,788,0,0,0,0,0,0,61,0,0,0,1998,detection,
1998399,8,4,788,788,0,0,0,0,0,0,59,0,0,0,1998,detection,
1998412,3,4,788,788,0,0,0,0,0,0,50,0,0,0,1998,detection,
2002448,10,17,1069,1069,0,0,0,0,0,0,61,0,0,0,2002,detection,
2002452,21,17,1069,1069,0,0,0,0,0,0,64,0,0,0,2002,detection,
2003435,16,23,532,532,0,0,0,0,0,0,58,0,0,0,2003,detection,
2003457,28,23,532,532,0,0,0,0,0,0,61,0,0,0,2003,detection,
2004220,17,21,788,788,0,0,0,0,0,0,59,0,0,0,2004,detection,
2006268,14,30,276,483,-207,0,33,100,20,14,71,0,48,40,2006,detection,
2006623,13,31,276,657,-381,0,66,100,44,15,62,0,54,40,2006,detection,
2007509,4,16,788,788,0,0,0,0,0,0,61,0,0,0,2007,detection,
2007526,18,10,788,788,0,0,0,0,0,0,60,0,0,0,2007,detection,
2007533,24,10,788,788,0,0,0,0,0,0,67,0,0,0,2007,detection,
2009461,19,5,971,971,0,0,0,0,0,0,68,0,0,0,2009,detection,
2010419,6,31,276,1288,-1012,0,100,100,100,0,61,0,56,40,2010,detection,
2013369,25,16,788,788,0,0,0,0,0,0,65,0,0,0,2013,detection,
2013378,22,16,788,788,0,0,0,0,0,0,67,0,0,0,2013,detection,
2013522,8,10,1044,1044,0,0,0,0,0,0,64,0,0,0,2013,detection,
2013526,18,10,1044,1044,0,0,0,0,0,0,56,0,0,0,2013,detection,
2013533,24,10,1044,1044,0,0,0,0,0,0,65,0,0,0,2013,detection,
2015307,16,23,532,532,0,0,0,0,0,0,59,0,0,0,2015,detection,
2015333,28,23,532,532,0,0,0,0,0,0,62,0,0,0,2015,detection,
2017052,1,21,1300,1300,0,0,0,0,0,0,36,0,0,0,2017,detection,
2017869,12,19,1300,1300,0,0,0,0,0,0,60,0,0,0,2017,detection,
2017919,6,20,992,992,0,0,0,0,0,0,54,0,0,0,2017,detection,
2018168,9,4,1044,1044,0,0,0,0,0,0,55,0,0,0,2018,detection,
2018172,20,4,1044,1044,0,0,0,0,0,0,59,0,0,0,2018,detection,
2018173,6,4,1044,1044,0,0,0,0,0,0,51,0,0,0,2018,detection,
2018207,23,4,1044,1044,0,0,0,0,0,0,58,0,0,0,2018,detection,
2018250,27,4,1044,1044,0,0,0,0,0,0,61,0,0,0,2018,detection,
2018336,23,22,969,969,0,0,0,0,0,0,59,0,0,0,2018,detection,
2019143,8,10,1044,1044,0,0,0,0,0,0,60,0,0,0,2019,detection,
2019151,18,10,1044,1044,0,0,0,0,0,0,55,0,0,0,2019,detection,
2019158,24,10,1044,1044,0,0,0,0,0,0,64,0,0,0,2019,detection,
2022917,3,6,1044,1044,0,0,0,0,0,0,67,0,0,0,2022,detection,
2023250,13,31,276,911,-635,0,100,100,29,15,62,0,54,40,2023,detection,
2023330,1,21,1300,1300,0,0,0,0,0,0,36,0,0,0,2023,detection,
2023791,9,13,602,602,0,0,0,0,0,0,54,0,0,0,2023,detection,
2024652,18,10,1300,1300,0,0,0,0,0,0,58,0,0,0,2024,detection,
2024660,24,10,1300,1300,0,0,0,0,0,0,63,0,0,0,2024,detection,
2025387,14,16,788,788,0,0,0,0,0,0,59,0,0,0,2025,detection,
2025490,25,16,788,788,0,0,0,0,0,0,67,0,0,0,2025,detection,
2025535,9,4,1300,1300,0,0,0,0,0,0,58,0,0,0,2025,detection,
2025540,24,4,1300,1300,0,0,0,0,0,0,44,0,0,0,2025,detection,
2027114,12,19,1248,1248,0,0,0,0,0,0,61,0,0,0,2027,detection,
2031801,15,19,1406,1406,0,0,0,0,0,0,53,0,0,0,2031,detection,
2031865,12,19,1406,1406,0,0,0,0,0,0,61,0,0,0,2031,detection,
2031913,3,6,1044,1044,0,0,0,0,0,0,66,0,0,0,2031,detection,
2031960,28,10,1044,1044,0,0,0,0,0,0,54,0,0,0,2031,detection,
2032019,8,10,1044,1044,0,0,0,0,0,0,66,0,0,0,2032,detection,
2032028,18,10,1044,1044,0,0,0,0,0,0,59,0,0,0,2032,detection,
2032036,24,10,1044,1044,0,0,0,0,0,0,64,0,0,0,2032,detection,
2033618,25,27,992,992,0,0,0,0,0,0,59,0,0,0,2033,detection,
2033622,22,27,992,992,0,0,0,0,0,0,56,0,0,0,2033,detection,
2033647,8,27,992,992,0,0,0,0,0,0,56,0,0,0,2033,detection,
2033918,3,29,276,276,0,0,0,0,31,0,55,0,0,0,2033,detection,
2035536,9,4,788,788,0,0,0,0,0,0,57,0,0,0,2035,detection,
2035536,24,4,788,788,0,0,0,0,0,0,47,0,0,0,2035,detection,
2035570,10,4,788,788,0,0,0,0,0,0,57,0,0,0,2035,detection,
2036417,6,3,788,788,0,0,0,0,0,0,64,0,0,0,2036,detection,
2036421,20,3,788,788,0,0,0,0,0,0,76,0,0,0,2036,detection,
2036667,6,28,1667,1667,0,0,0,0,0,0,59,0,0,0,2036,detection,
2036957,26,17,788,788,0,0,0,0,0,0,46,0,0,0,2036,detection,
2037387,1,21,1300,1300,0,0,0,0,0,0,35,0,0,0,2037,detection,
2041088,21,30,276,532,-256,0,51,78,34,0,47,0,68,55,2041,detection,
2042398,8,4,1300,1300,0,0,0,0,0,0,59,0,0,0,2042,detection,
2042411,9,4,1300,1300,0,0,0,0,0,0,57,0,0,0,2042,detection,
2042412,24,4,1300,1300,0,0,0,0,0,0,51,0,0,0,2042,detection,
2042471,17,4,1300,1300,0,0,0,0,0,0,58,0,0,0,2042,detection,
2042540,6,28,1300,1300,0,0,0,0,0,0,59,0,0,0,2042,detection,
2043296,1,12,788,788,0,0,0,0,0,0,43,0,0,0,2043,detection,
2043991,12,19,1406,1406,0,0,0,0,0,0,61,0,0,0,2043,detection,
2044377,12,2,532,532,0,0,0,0,0,0,57,0,0,0,2044,detection,
2044539,6,3,1044,1044,0,0,0,0,0,0,63,0,0,0,2044,detection,
2044544,20,3,1044,1044,0,0,0,0,0,0,73,0,0,0,2044,detection,
2044880,27,26,532,532,0,0,0,0,0,0,64,0,0,0,2044,detection,
2045221,17,8,788,788,0,0,0,0,0,0,53,0,0,0,2045,detection,
2045382,4,17,532,532,0,0,0,0,0,0,57,0,0,0,2045,detection,
2046539,3,29,276,532,-256,0,46,70,30,8,58,0,64,40,2046,detection,
2047892,8,10,788,788,0,0,0,0,0,0,67,0,0,0,2047,detection,
2047901,18,10,788,788,0,0,0,0,0,0,59,0,0,0,2047,detection,
2047909,24,10,788,788,0,0,0,0,0,0,61,0,0,0,2047,detection,
2047917,9,10,788,788,0,0,0,0,0,0,68,0,0,0,2047,detection,
2048470,17,4,1044,1044,0,0,0,0,0,0,57,0,0,0,2048,detection,
2049225,2,14,532,532,0,0,0,0,0,0,47,0,0,0,2049,detection,
2052364,12,2,1044,1044,0,0,0,0,0,0,58,0,0,0,2052,detection,
2052377,13,2,1044,1044,0,0,0,0,0,0,59,0,0,0,2052,detection,
2052471,1,12,1044,1044,0,0,0,0,0,0,46,0,0,0,2052,detection,
2054128,22,31,276,276,0,0,0,0,25,0,57,0,0,0,2054,detection,
2054979,1,12,1393,1393,0,0,0,0,0,0,46,0,0,0,2054,detection,
2057374,27,26,532,532,0,0,0,0,0,0,65,0,0,0,2057,detection,
2058043,20,6,1114,1114,0,0,0,0,0,0,57,0,0,0,2058,detection,
2059165,24,3,1044,1044,0,0,0,0,0,0,63,0,0,0,2059,detection,
2059962,28,18,1044,1044,0,0,0,0,0,0,61,0,0,0,2059,detection,
2059993,11,18,1044,1044,0,0,0,0,0,0,56,0,0,0,2059,detection,
2060349,28,11,1393,1393,0,0,0,0,0,0,56,0,0,0,2060,detection,
2062177,1,21,1300,1300,0,0,0,0,0,0,30,0,0,0,2062,detection,
2063691,1,12,1018,1018,0,0,0,0,0,0,44,0,0,0,2063,detection,
2064111,11,14,532,532,0,0,0,0,0,0,37,0,0,0,2064,detection,
2065007,4,9,881,881,0,0,0,0,0,0,55,0,0,0,2065,detection,
2065114,11,22,788,788,0,0,0,0,0,0,37,0,0,0,2065,detection,
2065226,2,13,819,819,0,0,0,0,0,0,59,0,0,0,2065,detection,
2065312,15,13,819,819,0,0,0,0,0,0,62,0,0,0,2065,detection,
2065786,6,20,971,971,0,0,0,0,0,0,54,0,0,0,2065,detection,
2066149,8,13,819,819,0,0,0,0,0,0,57,0,0,0,2066,detection,
2066165,9,13,819,819,0,0,0,0,0,0,53,0,0,0,2066,detection,
2066173,15,13,819,819,0,0,0,0,0,0,57,0,0,0,2066,detection,
2066884,4,18,788,788,0,0,0,0,0,0,51,0,0,0,2066,detection,
2066914,24,18,788,788,0,0,0,0,0,0,53,0,0,0,2066,detection,
2066915,5,18,788,788,0,0,0,0,0,0,52,0,0,0,2066,detection,
2066918,3,18,788,788,0,0,0,0,0,0,59,0,0,0,2066,detection,
2066997,13,18,788,788,0,0,0,0,0,0,59,0,0,0,2066,detection,
2067016,14,18,788,788,0,0,0,0,0,0,49,0,0,0,2067,detection,
2067040,9,18,788,788,0,0,0,0,0,0,55,0,0,0,2067,detection,
2067615,12,2,1300,1300,0,0,0,0,0,0,53,0,0,0,2067,detection,
2068622,22,31,276,276,0,0,0,0,0,0,58,0,0,0,2068,detection,
2068722,1,21,1044,1044,0,0,0,0,0,0,33,0,0,0,2068,detection,
2068849,17,4,1044,1044,0,0,0,0,0,0,53,0,0,0,2068,detection,
2068866,12,4,1044,1044,0,0,0,0,0,0,55,0,0,0,2068,detection,
2068879,27,4,1044,1044,0,0,0,0,0,0,60,0,0,0,2068,detection,
2068896,8,4,1044,1044,0,0,0,0,0,0,58,0,0,0,2068,detection,
2068913,24,4,1044,1044,0,0,0,0,0,0,54,0,0,0,2068,detection,
2068914,3,4,1044,1044,0,0,0,0,0,0,53,0,0,0,2068,detection,
2069651,18,10,1044,1044,0,0,0,0,0,0,60,0,0,0,2069,detection,
2069664,9,10,1044,1044,0,0,0,0,0,0,65,0,0,0,2069,detection,
2070793,6,20,788,1300,-512,100,92,100,61,8,58,0,56,40,2070,detection,
2071264,14,12,1044,1044,0,0,0,0,0,0,59,0,0,0,2071,detection,
2071482,11,14,532,532,0,0,0,0,0,0,38,0,0,0,2071,detection,
2071534,18,14,532,532,0,0,0,0,0,0,51,0,0,0,2071,detection,
2071545,20,14,532,532,0,0,0,0,0,0,50,0,0,0,2071,detection,
2071576,10,14,532,532,0,0,0,0,0,0,57,0,0,0,2071,detection,
2071850,2,14,532,532,0,0,0,0,0,0,48,0,0,0,2071,detection,
2071951,21,14,532,532,0,0,0,0,0,0,76,0,0,0,2071,detection,
2072165,20,6,1384,1384,0,0,0,0,0,0,64,0,0,0,2072,detection,
2072376,27,18,788,788,0,100,0,0,0,0,57,0,56,40,2072,detection,
2073004,4,9,881,881,0,0,0,0,0,0,55,0,0,0,2073,detection,
2073042,3,9,881,881,0,0,0,0,0,0,59,0,0,0,2073,detection,
2073045,20,9,881,881,0,0,0,0,0,0,49,0,0,0,2073,detection,
2073102,2,9,881,881,0,0,0,0,0,0,61,0,0,0,2073,detection,
2073524,8,27,992,992,0,0,0,0,0,0,52,0,0,0,2073,detection,
2074293,20,9,881,881,0,0,0,0,0,0,49,0,0,0,2074,detection,
2074775,1,27,992,992,0,0,0,0,0,0,46,0,0,0,2074,detection,
2074825,21,27,992,992,0,0,0,0,0,0,43,0,0,0,2074,detection,
2074874,13,27,992,992,0,0,0,0,0,0,47,0,0,0,2074,detection,
2074902,18,27,992,992,0,0,0,0,0,0,58,0,0,0,2074,detection,
2075572,1,21,992,992,0,100,0,0,0,0,40,0,71,55,2075,detection,
2076239,12,2,1300,1300,0,0,0,0,0,0,53,0,0,0,2076,detection,
2076836,28,22,532,532,0,0,0,0,0,0,61,0,0,0,2076,detection,
2080327,10,12,859,859,0,0,0,0,0,0,70,0,0,0,2080,detection,
2080539,9,2,1331,1331,0,0,0,0,0,0,54,0,0,0,2080,detection,
2080611,12,2,1331,1331,0,0,0,0,0,0,57,0,0,0,2080,detection,
2080620,13,2,1331,1331,0,0,0,0,0,0,58,0,0,0,2080,detection,
2080825,1,12,859,859,0,0,0,0,0,0,45,0,0,0,2080,detection,
2080888,14,12,859,859,0,0,0,0,0,0,56,0,0,0,2080,detection,
2080943,10,12,859,859,0,0,0,0,0,0,71,0,0,0,2080,detection,
2083729,2,13,1020,1020,0,0,0,0,0,0,59,0,0,0,2083,detection,
2083792,9,13,1020,1020,0,0,0,0,0,0,52,0,0,0,2083,detection,
2083797,15,13,1020,1020,0,0,0,0,0,0,56,0,0,0,2083,detection,
2083955,1,21,788,788,0,100,0,0,0,0,47,0,61,40,2083,detection,
2084335,7,29,276,532,-256,0,46,100,5,0,58,0,60,40,2084,detection,
2084989,11,10,1044,1044,0,0,0,0,0,0,67,0,0,0,2084,detection,
2085044,3,10,1044,1044,0,0,0,0,0,0,67,0,0,0,2085,detection,
2085460,19,5,1549,1549,0,0,0,0,0,0,65,0,0,0,2085,detection,
2085487,11,5,1549,1549,0,0,0,0,0,0,66,0,0,0,2085,detection,
2086507,1,26,1323,1323,0,0,0,0,0,0,43,0,0,0,2086,detection,
2086575,21,26,1323,1323,0,0,0,0,0,0,83,0,0,0,2086,detection,
2086752,22,2,859,859,0,100,0,0,0,0,64,0,49,40,2086,detection,
2086792,9,2,859,859,0,100,0,0,0,0,64,0,49,40,2086,detection,
2087320,10,14,549,549,0,0,0,0,0,0,58,0,0,0,2087,detection,
2088001,13,18,859,859,0,100,0,0,0,0,66,0,49,40,2088,detection,
2088044,9,18,859,859,0,100,0,0,0,0,62,0,52,40,2088,detection,
2088353,2,18,859,859,0,100,0,0,0,0,66,0,49,40,2088,detection,
2089313,16,9,881,881,0,0,0,0,0,0,59,0,0,0,2089,detection,
2089424,15,13,1044,1044,0,0,0,0,0,0,59,0,0,0,2089,detection,
2089870,13,9,881,881,0,0,0,0,0,0,49,0,0,0,2089,detection,
2090318,10,12,859,859,0,0,0,0,0,0,67,0,0,0,2090,detection,
2090577,19,12,859,859,0,0,0,0,0,0,60,0,0,0,2090,detection,
2091482,2,22,557,557,0,0,0,0,0,0,57,0,0,0,2091,detection,
2091787,3,4,1044,1044,0,0,0,0,0,0,53,0,0,0,2091,detection,
2091796,20,4,1044,1044,0,0,0,0,0,0,58,0,0,0,2091,detection,
2091817,10,4,1044,1044,0,0,0,0,0,0,57,0,0,0,2091,detection,
2091847,17,4,1044,1044,0,0,0,0,0,0,53,0,0,0,2091,detection,
2091863,2,4,1044,1044,0,0,0,0,0,0,49,0,0,0,2091,detection,
2091877,22,4,1044,1044,0,0,0,0,0,0,60,0,0,0,2091,detection,
2093502,22,17,1155,1155,0,0,0,0,0,0,60,0,0,0,2093,detection,
2093506,4,17,1155,1155,0,0,0,0,0,0,61,0,0,0,2093,detection,
2094394,8,27,788,1300,-512,100,95,100,63,8,55,0,56,40,2094,detection,
2095460,28,11,1300,1300,0,0,0,0,0,0,59,0,0,0,2095,detection,
2095676,15,13,881,881,0,100,0,0,0,0,67,0,49,40,2095,detection,
2097209,19,5,1549,1549,0,0,0,0,0,0,62,0,0,0,2097,detection,
2097243,12,5,1549,1549,0,0,0,0,0,0,67,0,0,0,2097,detection,
2097557,16,10,805,805,0,0,0,0,0,0,58,0,0,0,2097,detection,
2097651,18,10,805,805,0,0,0,0,0,0,60,0,0,0,2097,detection,
2097912,3,4,788,788,0,0,0,0,0,0,58,0,0,0,2097,detection,
2097917,20,4,788,788,0,0,0,0,0,0,59,0,0,0,2097,detection,
2097946,10,4,788,788,0,0,0,0,0,0,58,0,0,0,2097,detection,
2097964,7,4,788,788,0,0,0,0,0,0,55,0,0,0,2097,detection,
2097972,17,4,788,788,0,0,0,0,0,0,58,0,0,0,2097,detection,
2097977,2,4,788,788,0,0,0,0,0,0,54,0,0,0,2097,detection,
2097990,12,4,788,788,0,0,0,0,0,0,57,0,0,0,2097,detection,
2098013,22,4,788,788,0,0,0,0,0,0,61,0,0,0,2098,detection,
2098015,14,4,788,788,0,0,0,0,0,0,53,0,0,0,2098,detection,
2098401,14,30,276,659,-383,0,62,100,19,14,69,0,48,40,2098,detection,
2099374,1,21,1323,1323,0,100,0,0,0,0,56,0,56,40,2099,detection,
2099506,4,22,557,557,0,0,0,0,0,0,61,0,0,0,2099,detection,
2099519,14,22,557,557,0,0,0,0,0,0,44,0,0,0,2099,detection,
2099536,5,22,557,557,0,0,0,0,0,0,58,0,0,0,2099,detection,
2099742,12,2,859,859,0,100,0,0,0,0,64,0,49,40,2099,detection,
2099748,22,2,859,859,0,100,0,0,0,0,76,0,49,40,2099,detection,
2101323,10,17,532,532,0,0,0,0,0,0,63,0,0,0,2101,detection,
2101378,12,19,788,788,0,0,0,0,0,0,61,0,0,0,2101,detection,
2102085,28,10,805,805,0,0,0,0,0,0,59,0,0,0,2102,detection,
2102371,13,18,1044,1044,0,0,0,0,0,0,61,0,0,0,2102,detection,
2102413,9,18,1044,1044,0,0,0,0,0,0,64,0,0,0,2102,detection,
2103139,14,4,788,788,0,0,0,0,0,0,54,0,0,0,2103,detection,
2103164,3,4,788,788,0,0,0,0,0,0,59,0,0,0,2103,detection,
2103194,10,4,788,788,0,0,0,0,0,0,59,0,0,0,2103,detection,
2103208,7,4,788,788,0,0,0,0,0,0,55,0,0,0,2103,detection,
2103220,17,4,788,788,0,0,0,0,0,0,59,0,0,0,2103,detection,
2108040,24,11,532,532,0,0,0,0,0,0,57,0,0,0,2108,detection,
2108087,28,11,532,532,0,0,0,0,0,0,61,0,0,0,2108,detection,
2108661,9,18,1152,1152,0,0,0,0,0,0,64,0,0,0,2108,detection,
2109518,14,30,276,532,-256,0,42,100,13,14,69,0,48,40,2109,detection,
2110110,11,31,276,532,-256,0,46,70,0,0,58,0,61,40,2110,detection,
2110127,22,31,276,532,-256,0,45,70,30,7,61,0,64,40,2110,detection,
2110135,4,31,276,532,-256,0,48,100,6,0,54,0,60,40,2110,detection,
2110144,14,31,276,532,-256,0,49,73,0,0,52,0,60,40,2110,detection,
2110161,5,31,276,532,-256,0,46,70,6,0,58,0,61,40,2110,detection,
2111710,28,22,596,596,0,0,0,0,0,0,61,0,0,0,2111,detection,
2111714,19,22,596,596,0,0,0,0,0,0,59,0,0,0,2111,detection,
2111731,2,22,596,596,0,0,0,0,0,0,57,0,0,0,2111,detection,
2111756,4,22,596,596,0,0,0,0,0,0,61,0,0,0,2111,detection,
2111765,14,22,596,596,0,0,0,0,0,0,45,0,0,0,2111,detection,
2111782,5,22,596,596,0,0,0,0,0,0,58,0,0,0,2111,detection,
2111786,24,22,596,596,0,0,0,0,0,0,42,0,0,0,2111,detection,
2111978,2,14,543,543,0,0,0,0,0,0,48,0,0,0,2111,detection,
2111986,11,14,543,543,0,0,0,0,0,0,36,0,0,0,2111,detection,
2112033,5,14,543,543,0,0,0,0,0,0,56,0,0,0,2112,detection,
2112045,20,14,543,543,0,0,0,0,0,0,51,0,0,0,2112,detection,
2114116,25,13,881,881,0,100,0,0,0,0,66,0,49,40,2114,detection,
2114163,9,13,881,881,0,100,0,0,0,0,63,0,49,40,2114,detection,
2114176,15,13,881,881,0,100,0,0,0,0,75,0,49,40,2114,detection,
2114920,6,4,824,824,0,0,0,0,0,0,52,0,0,0,2114,detection,
2114945,10,4,824,824,0,0,0,0,0,0,60,0,0,0,2114,detection,
2115002,22,4,824,824,0,0,0,0,0,0,61,0,0,0,2115,detection,
2115014,14,4,824,824,0,0,0,0,0,0,55,0,0,0,2115,detection,
2115765,14,12,870,870,0,0,0,0,0,0,56,0,0,0,2115,detection,
2115922,6,10,805,805,0,0,0,0,0,0,64,0,0,0,2115,detection,
2116036,24,11,799,799,0,0,0,0,0,0,58,0,0,0,2116,detection,
2116087,28,11,799,799,0,0,0,0,0,0,63,0,0,0,2116,detection,
2117188,16,9,881,881,0,0,0,0,0,0,58,0,0,0,2117,detection,
2117397,8,2,608,608,0,0,0,0,0,0,52,0,0,0,2117,detection,
2117660,24,22,799,799,0,0,0,0,0,0,47,0,0,0,2117,detection,
2117707,19,22,799,799,0,0,0,0,0,0,60,0,0,0,2117,detection,
2117725,2,22,799,799,0,0,0,0,0,0,54,0,0,0,2117,detection,
2117737,11,22,799,799,0,0,0,0,0,0,42,0,0,0,2117,detection,
2117742,12,22,799,799,0,0,0,0,0,0,58,0,0,0,2117,detection,
2117755,4,22,799,799,0,0,0,0,0,0,66,0,0,0,2117,detection,
2117763,14,22,799,799,0,0,0,0,0,0,50,0,0,0,2117,detection,
2119411,14,30,276,690,-414,0,69,100,17,14,67,0,48,40,2119,detection,
2119801,15,16,1064,1064,0,0,0,0,0,0,61,0,0,0,2119,detection,
2119870,25,16,1064,1064,0,0,0,0,0,0,65,0,0,0,2119,detection,
2119909,18,16,1064,1064,0,0,0,0,0,0,59,0,0,0,2119,detection,
2119916,9,16,1064,1064,0,0,0,0,0,0,42,0,0,0,2119,detection,
2120089,1,26,1587,1587,0,0,0,0,0,0,44,0,0,0,2120,detection,
2120119,25,26,1587,1587,0,0,0,0,0,0,52,0,0,0,2120,detection,
2120134,4,17,762,762,0,0,0,0,0,0,63,0,0,0,2120,detection,
2120194,10,17,762,762,0,0,0,0,0,0,61,0,0,0,2120,detection,
2120346,19,28,532,532,0,0,0,0,0,0,61,0,0,0,2120,detection,
2121001,13,27,788,1300,-512,100,99,100,66,8,51,0,56,40,2121,detection,
2121026,8,27,788,1300,-512,100,96,100,0,8,54,0,56,40,2121,detection,
2123087,28,19,784,784,0,0,0,0,0,0,50,0,0,0,2123,detection,
2123847,17,21,1044,1044,0,0,0,0,0,0,62,0,0,0,2123,detection,
2125839,7,2,651,651,0,0,0,0,0,0,42,0,0,0,2125,detection,
2125874,22,2,651,651,0,0,0,0,0,0,74,0,0,0,2125,detection,
2125899,8,2,651,651,0,0,0,0,0,0,52,0,0,0,2125,detection,
2126878,22,31,276,469,-193,0,34,100,7,7,60,0,60,40,2126,detection,
2126896,14,31,276,469,-193,0,35,100,7,0,56,25,72,55,2126,detection,
2128120,25,18,1607,1607,0,0,0,0,0,0,67,0,0,0,2128,detection,
2128124,13,18,1607,1607,0,0,0,0,0,0,73,0,0,0,2128,detection,
2128125,27,18,1607,1607,0,0,0,0,0,0,72,0,0,0,2128,detection,
2128162,9,18,1607,1607,0,0,0,0,0,0,68,0,0,0,2128,detection,
2128602,1,26,1817,1817,0,0,0,0,0,0,42,0,0,0,2128,detection,
2128616,25,26,1817,1817,0,0,0,0,0,0,52,0,0,0,2128,detection,
2129177,15,19,1044,1044,0,0,0,0,0,0,53,0,0,0,2129,detection,
2130959,19,28,532,532,0,0,0,0,0,0,58,0,0,0,2130,detection,
2132555,1,27,1393,1393,0,0,0,0,0,0,44,0,0,0,2132,detection,
2132621,13,27,1393,1393,0,0,0,100,64,16,54,0,60,40,2132,detection,
2132650,8,27,1393,1393,0,0,0,100,61,16,58,0,60,40,2132,detection,
2132658,18,27,1393,1393,0,0,0,0,0,0,61,0,0,0,2132,detection,
2132764,14,12,942,942,0,0,0,0,0,0,56,0,0,0,2132,detection,
2133417,9,10,805,805,0,0,0,0,0,0,70,0,0,0,2133,detection,
2133418,6,10,805,805,0,0,0,0,0,0,65,0,0,0,2133,detection,
2133429,3,10,805,805,0,0,0,0,0,0,68,0,0,0,2133,detection,
2133435,16,10,805,805,0,0,0,0,0,0,59,0,0,0,2133,detection,
2135214,1,26,1813,1813,0,0,0,0,0,0,42,0,0,0,2135,detection,
2135240,25,26,1813,1813,0,0,0,0,0,0,61,0,0,0,2135,detection,
2136584,19,22,850,850,0,0,0,0,0,0,59,0,0,0,2136,detection,
2136601,2,22,850,850,0,0,0,0,0,0,54,0,0,0,2136,detection,
2136613,11,22,850,850,0,0,0,0,0,0,43,0,0,0,2136,detection,
2136640,14,22,850,850,0,0,0,0,0,0,50,0,0,0,2136,detection,
2136664,24,22,850,850,0,0,0,0,0,0,43,0,0,0,2136,detection,
2137614,25,18,1300,1300,0,0,0,0,0,0,66,0,0,0,2137,detection,
2137626,27,18,1300,1300,0,0,0,0,0,0,73,0,0,0,2137,detection,
2137669,3,18,1300,1300,0,0,0,0,0,0,59,0,0,0,2137,detection,
2138309,15,19,1069,1069,0,0,0,0,0,0,53,0,0,0,2138,detection,
2141788,24,11,799,799,0,0,0,0,0,0,55,0,0,0,2141,detection,
2142528,1,27,1300,1300,0,0,0,0,0,0,42,0,0,0,2142,detection,
2142535,5,12,927,927,0,0,0,0,0,0,64,0,0,0,2142,detection,
2142575,10,27,1300,1300,0,0,0,0,0,0,57,0,0,0,2142,detection,
2142622,25,27,1300,1300,0,0,0,0,0,0,62,0,0,0,2142,detection,
2142628,22,31,276,612,-336,0,60,100,17,7,59,0,60,40,2142,detection,
2143425,15,30,276,532,-256,0,45,70,0,0,59,0,61,40,2143,detection,
2143764,14,22,850,850,0,0,0,0,0,0,50,0,0,0,2143,detection,
2143785,24,22,850,850,0,0,0,0,0,0,43,0,0,0,2143,detection,
2144368,25,18,1044,1044,0,0,0,0,0,0,68,0,0,0,2144,detection,
2144376,27,18,1044,1044,0,0,0,0,0,0,74,0,0,0,2144,detection,
2144398,8,18,1044,1044,0,0,0,0,0,0,53,0,0,0,2144,detection,
2144414,3,18,1044,1044,0,0,0,0,0,0,60,0,0,0,2144,detection,
2144463,7,2,1044,1044,0,0,0,0,0,0,45,0,0,0,2144,detection,
2144497,22,2,1044,1044,0,0,0,0,0,0,71,0,0,0,2144,detection,
2147020,1,27,1300,1300,0,0,0,0,0,0,41,0,0,0,2147,detection,
2147021,8,27,1300,1300,0,0,0,100,0,16,57,0,60,40,2147,detection,
2147028,18,27,1300,1300,0,0,0,0,0,0,60,0,0,0,2147,detection,
2147071,10,27,1300,1300,0,0,0,0,0,0,57,0,0,0,2147,detection,
2147875,27,16,532,532,0,0,0,0,0,0,65,0,0,0,2147,detection,
2147915,20,14,788,788,0,0,0,0,0,0,56,0,0,0,2147,detection,
2150111,11,31,276,655,-379,0,68,100,14,0,58,0,58,40,2150,detection,
2150128,22,31,276,655,-379,0,67,100,5,7,59,0,58,40,2150,detection,
2150146,14,31,276,655,-379,0,69,100,22,0,56,50,87,100,2150,detection,
2150288,9,2,788,788,0,0,0,0,0,0,65,0,0,0,2150,detection,
2150666,6,4,883,883,0,0,0,0,0,0,51,0,0,0,2150,detection,
2150704,21,4,883,883,0,0,0,0,0,0,58,0,0,0,2150,detection,
2151360,28,11,799,799,0,0,0,0,0,0,64,0,0,0,2151,detection,
2151412,24,11,799,799,0,0,0,0,0,0,55,0,0,0,2151,detection,
2151512,14,12,1044,1044,0,0,0,0,0,0,59,0,0,0,2151,detection,
2151534,5,12,1044,1044,0,0,0,0,0,0,63,0,0,0,2151,detection,
2151711,19,28,1121,1121,0,0,0,0,0,0,58,0,0,0,2151,detection,
2152021,14,13,608,608,0,70,0,0,0,0,70,0,48,40,2152,detection,
2152034,5,13,608,608,0,70,0,0,0,0,85,0,48,40,2152,detection,
2152688,1,26,1325,1325,0,0,0,0,0,0,43,0,0,0,2152,detection,
2152744,25,26,1325,1325,0,0,0,0,0,0,64,0,0,0,2152,detection,
2152928,15,16,532,532,0,0,0,0,0,0,62,0,0,0,2152,detection,
2152949,10,16,532,532,0,0,0,0,0,0,59,0,0,0,2152,detection,
2152979,2,16,532,532,0,0,0,0,0,0,68,0,0,0,2152,detection,
2153000,27,16,532,532,0,0,0,0,0,0,66,0,0,0,2153,detection,
2153022,8,16,532,532,0,0,0,0,0,0,56,0,0,0,2153,detection,
2153029,18,16,532,532,0,0,0,0,0,0,60,0,0,0,2153,detection,
2155677,15,19,989,989,0,0,0,0,0,0,56,0,0,0,2155,detection,
2155838,28,12,1069,1069,0,0,0,0,0,0,62,0,0,0,2155,detection,
2155888,14,12,1069,1069,0,0,0,0,0,0,59,0,0,0,2155,detection,
2155909,5,12,1069,1069,0,0,0,0,0,0,57,0,0,0,2155,detection,
2156243,25,18,1044,1044,0,0,0,0,0,0,66,0,0,0,2156,detection,
2156248,27,18,1044,1044,0,0,0,0,0,0,74,0,0,0,2156,detection,
2156273,8,18,1044,1044,0,0,0,0,0,0,56,0,0,0,2156,detection,
2156291,3,18,1044,1044,0,0,0,0,0,0,59,0,0,0,2156,detection,
2156417,5,14,788,788,0,0,0,0,0,0,57,0,0,0,2156,detection,
2156418,20,14,788,788,0,0,0,0,0,0,56,0,0,0,2156,detection,
2156474,2,14,788,788,0,0,0,0,0,0,52,0,0,0,2156,detection,
2156483,11,14,788,788,0,0,0,0,0,0,40,0,0,0,2156,detection,
2158169,6,4,1128,1128,0,0,0,0,0,0,51,0,0,0,2158,detection,
2161658,5,12,1066,1066,0,0,0,0,0,0,56,0,0,0,2161,detection,
2163125,27,18,788,788,0,0,0,0,0,0,75,0,0,0,2163,detection,
2163163,3,18,788,788,0,0,0,0,0,0,60,0,0,0,2163,detection,
2163210,19,18,788,788,0,0,0,0,0,0,56,0,0,0,2163,detection,
2164015,1,27,1300,1300,0,0,0,0,0,0,35,0,0,0,2164,detection,
2164024,8,27,1300,1300,0,0,0,100,0,16,57,0,60,40,2164,detection,
2164032,18,27,1300,1300,0,0,0,0,0,0,59,0,0,0,2164,detection,
2164070,10,27,1300,1300,0,0,0,0,0,0,56,0,0,0,2164,detection,
2164082,26,27,1300,1300,0,0,0,0,0,0,51,0,0,0,2164,detection,
2164870,13,2,788,788,0,0,0,0,0,0,59,0,0,0,2164,detection,
2164875,22,2,788,788,0,0,0,0,0,0,71,0,0,0,2164,detection,
2164913,9,2,788,788,0,0,0,0,0,0,65,0,0,0,2164,detection,
2164960,7,2,788,788,0,0,0,0,0,0,42,0,0,0,2164,detection,
2165224,1,26,1325,1325,0,0,0,0,0,0,44,0,0,0,2165,detection,
2165238,25,26,1325,1325,0,0,0,0,0,0,65,0,0,0,2165,detection,
2165254,27,26,1325,1325,0,0,0,0,0,0,68,0,0,0,2165,detection,
2165417,6,28,902,902,0,0,0,0,0,0,58,0,0,0,2165,detection,
2167152,18,27,1300,1300,0,0,0,0,0,0,55,0,0,0,2167,detection,
2168572,10,16,762,762,0,0,0,0,0,0,55,0,0,0,2168,detection,
2168663,5,12,1120,1120,0,0,0,0,0,0,59,0,0,0,2168,detection,
2168706,28,12,1120,1120,0,0,0,0,0,0,62,0,0,0,2168,detection,
2168893,14,13,608,608,0,70,0,0,0,0,76,0,48,40,2168,detection,
2168914,24,13,608,608,0,70,0,0,0,0,61,0,58,40,2168,detection,
2168918,9,13,608,608,0,70,0,0,0,0,69,0,48,40,2168,detection,
2168927,15,13,608,608,0,70,0,0,0,0,81,0,48,40,2168,detection,
2169598,1,27,1044,1044,0,0,0,0,0,0,39,0,0,0,2169,detection,
2171409,5,14,788,788,0,0,0,0,0,0,58,0,0,0,2171,detection,
2171417,20,14,788,788,0,0,0,0,0,0,56,0,0,0,2171,detection,
2171477,2,14,788,788,0,0,0,0,0,0,53,0,0,0,2171,detection,
2171482,11,14,788,788,0,0,0,0,0,0,40,0,0,0,2171,detection,
2174959,19,18,788,788,0,0,0,0,0,0,57,0,0,0,2174,detection,
2176913,9,7,1300,1300,0,0,0,0,0,0,60,0,0,0,2176,detection,
2177137,1,27,1044,1044,0,0,0,0,0,0,40,0,0,0,2177,detection,
2177146,8,27,1044,1044,0,0,0,100,0,16,58,0,60,40,2177,detection,
2180212,7,9,881,881,0,0,0,0,0,0,54,0,0,0,2180,detection,
2180226,2,9,881,881,0,0,0,0,0,0,56,0,0,0,2180,detection,
2180269,4,9,881,881,0,0,0,0,0,0,55,0,0,0,2180,detection,
2180294,20,9,881,881,0,0,0,0,0,0,49,0,0,0,2180,detection,
2185286,5,12,1274,1274,0,0,0,0,0,0,59,0,0,0,2185,detection,
2186105,2,4,788,788,0,0,0,0,0,0,57,0,0,0,2186,detection,
2186139,14,4,788,788,0,0,0,0,0,0,58,0,0,0,2186,detection,
2186165,9,4,788,788,0,0,0,0,0,0,56,0,0,0,2186,detection,
2186165,24,4,788,788,0,0,0,0,0,0,57,0,0,0,2186,detection,
2186165,3,4,788,788,0,0,0,0,0,0,54,0,0,0,2186,detection,
2186167,6,4,788,788,0,0,0,0,0,0,54,0,0,0,2186,detection,
2190822,10,14,1061,1061,0,0,0,0,0,0,58,0,0,0,2190,detection,
2190851,2,14,1061,1061,0,0,0,0,0,0,52,0,0,0,2190,detection,
2191206,26,11,532,532,0,0,0,0,0,0,57,0,0,0,2191,detection,
2191499,1,27,1044,1044,0,0,0,0,0,0,41,0,0,0,2191,detection,
2192667,6,28,902,902,0,0,0,0,0,0,58,0,0,0,2192,detection,
2192754,27,17,1155,1155,0,0,0,0,0,0,54,0,0,0,2192,detection,
2192826,10,17,1155,1155,0,0,0,0,0,0,63,0,0,0,2192,detection,
2193133,27,16,718,718,0,0,0,0,0,0,64,0,0,0,2193,detection,
2194546,20,4,532,532,0,0,0,0,0,0,59,0,0,0,2194,detection,
2194625,27,30,276,1077,-801,0,100,100,46,30,64,0,48,40,2194,detection,
2195492,12,2,890,890,0,0,0,0,0,0,63,0,0,0,2195,detection,
2195578,21,25,1044,1044,0,0,0,0,0,0,56,0,0,0,2195,detection,
2195824,10,12,1300,1300,0,0,0,0,0,0,69,0,0,0,2195,detection,
2199000,27,30,276,532,-256,0,44,100,62,23,63,0,48,40,2199,detection,
2199954,26,11,532,532,0,0,0,0,0,0,58,0,0,0,2199,detection,
2200212,26,25,788,788,0,0,0,0,0,0,47,0,0,0,2200,detection,
2201753,22,31,276,532,-256,0,45,100,14,7,59,0,60,40,2201,detection,
2201762,4,31,276,532,-256,0,46,100,0,0,57,0,60,40,2201,detection,
2201771,14,31,276,532,-256,0,47,100,15,0,56,0,60,40,2201,detection,
2202520,8,10,1317,1317,0,0,0,0,0,0,68,0,0,0,2202,detection,
2202529,18,10,1317,1317,0,0,0,0,0,0,60,0,0,0,2202,detection,
2202537,9,10,1317,1317,0,0,0,0,0,0,70,0,0,0,2202,detection,
2202537,24,10,1317,1317,0,0,0,0,0,0,65,0,0,0,2202,detection,
2202545,3,10,1317,1317,0,0,0,0,0,0,69,0,0,0,2202,detection,
2205197,10,12,788,788,0,0,0,0,0,0,67,0,0,0,2205,detection,
2205265,14,12,788,788,0,0,0,0,0,0,58,0,0,0,2205,detection,
2205285,5,12,788,788,0,0,0,0,0,0,58,0,0,0,2205,detection,
2205704,26,11,532,532,0,0,0,0,0,0,55,0,0,0,2205,detection,
2205781,5,14,788,788,0,0,0,0,0,0,54,0,0,0,2205,detection,
2205782,18,14,788,788,0,0,0,0,0,0,54,0,0,0,2205,detection,
2205820,10,14,788,788,0,0,0,0,0,0,53,0,0,0,2205,detection,
2206248,27,30,276,532,-256,0,44,100,0,15,62,0,54,40,2206,detection,
2206297,20,15,1176,1176,0,0,0,0,0,0,59,0,0,0,2206,detection,
2206541,3,18,788,788,0,0,0,0,0,0,61,0,0,0,2206,detection,
2206542,24,18,788,788,0,0,0,0,0,0,57,0,0,0,2206,detection,
2206580,19,18,788,788,0,0,0,0,0,0,59,0,0,0,2206,detection,
2206600,7,18,788,788,0,0,0,0,0,0,56,0,0,0,2206,detection,
2208118,12,5,877,877,0,0,0,0,0,0,68,0,0,0,2208,detection,
2208174,15,5,877,877,0,0,0,0,0,0,57,0,0,0,2208,detection,
2208666,24,3,1300,1300,0,0,0,0,0,0,62,0,0,0,2208,detection,
2210912,3,4,762,762,0,0,0,0,0,0,54,0,0,0,2210,detection,
2210912,9,4,762,762,0,0,0,0,0,0,56,0,0,0,2210,detection,
2211348,17,8,1300,1300,0,0,0,0,0,0,57,0,0,0,2211,detection,
2211873,27,30,276,276,0,0,0,100,29,23,64,0,48,40,2211,detection,
2212118,25,26,788,788,0,0,0,0,0,0,63,0,0,0,2212,detection,
2212781,18,14,532,532,0,0,0,0,0,0,55,0,0,0,2212,detection,
2213523,1,27,1044,1044,0,0,0,0,0,0,42,0,0,0,2213,detection,
2213647,8,27,1044,1044,0,0,0,100,0,15,59,0,60,40,2213,detection,
2213921,20,15,1300,1300,0,0,0,0,0,0,54,0,0,0,2213,detection,
2214409,24,3,1044,1044,0,0,0,0,0,0,58,0,0,0,2214,detection,
2215202,26,25,839,839,0,0,0,0,0,0,47,0,0,0,2215,detection,
2215229,2,25,839,839,0,0,0,0,0,0,59,0,0,0,2215,detection,
2215926,1,17,1036,1036,0,0,0,0,0,0,35,0,0,0,2215,detection,
2215996,25,2,937,937,0,0,0,0,0,0,57,0,0,0,2215,detection,
2216645,8,27,1044,1044,0,0,0,100,0,8,56,0,60,40,2216,detection,
2217125,22,31,276,532,-256,0,48,100,0,8,54,0,60,40,2217,detection,
2217143,14,31,276,532,-256,0,47,100,0,0,55,0,60,40,2217,detection,
2217663,5,24,607,607,0,0,0,0,0,0,56,0,0,0,2217,detection,
2219081,26,11,1300,1300,0,0,0,0,0,0,58,0,0,0,2219,detection,
2219542,3,10,1251,1251,0,0,0,0,0,0,67,0,0,0,2219,detection,
2220420,20,15,1274,1274,0,0,0,0,0,0,58,0,0,0,2220,detection,
2222115,25,2,937,937,0,0,0,0,0,0,57,0,0,0,2222,detection,
2223077,26,25,1449,1449,0,0,0,0,0,0,51,0,0,0,2223,detection,
2223138,14,12,557,557,0,0,0,0,0,0,59,0,0,0,2223,detection,
2223163,5,12,557,557,0,0,0,0,0,0,59,0,0,0,2223,detection,
2223207,28,12,557,557,0,0,0,0,0,0,63,0,0,0,2223,detection,
2223764,14,31,276,276,0,0,0,100,31,8,57,0,60,40,2223,detection,
2224609,1,17,788,788,0,0,0,0,0,0,38,0,0,0,2224,detection,
2224682,16,17,788,788,0,0,0,0,0,0,48,0,0,0,2224,detection,
2225284,1,7,1027,1027,0,0,0,0,0,0,45,0,0,0,2225,detection,
2225285,9,7,1027,1027,0,0,0,0,0,0,56,0,0,0,2225,detection,
2225349,17,7,1027,1027,0,0,0,0,0,0,62,0,0,0,2225,detection,
2225530,18,14,532,532,0,0,0,0,0,0,56,0,0,0,2225,detection,
2225534,5,14,532,532,0,0,0,0,0,0,55,0,0,0,2225,detection,
2225565,16,14,532,532,0,0,0,0,0,0,49,0,0,0,2225,detection,
2225585,19,14,532,532,0,0,0,0,0,0,77,0,0,0,2225,detection,
2227034,24,10,788,788,0,0,0,0,0,0,64,0,0,0,2227,detection,
2227038,3,10,788,788,0,0,0,0,0,0,65,0,0,0,2227,detection,
2227042,9,10,788,788,0,0,0,0,0,0,68,0,0,0,2227,detection,
2227086,28,10,788,788,0,0,0,0,0,0,58,0,0,0,2227,detection,
2228209,19,18,788,788,0,0,0,0,0,0,58,0,0,0,2228,detection,
2228418,20,15,1414,1414,0,0,0,0,0,0,58,0,0,0,2228,detection,
2229172,6,19,1044,1044,0,0,0,0,0,0,57,0,0,0,2229,detection,
2229330,26,8,1119,1119,0,0,0,0,0,0,54,0,0,0,2229,detection,
2229351,17,8,1119,1119,0,0,0,0,0,0,57,0,0,0,2229,detection,
2230752,25,26,532,532,0,0,0,0,0,0,64,0,0,0,2230,detection,
2230913,24,4,762,762,0,0,0,0,0,0,57,0,0,0,2230,detection,
2230978,2,4,762,762,0,0,0,0,0,0,57,0,0,0,2230,detection,
2232328,26,8,788,788,0,0,0,0,0,0,57,0,0,0,2232,detection,
2232341,17,8,788,788,0,0,0,0,0,0,56,0,0,0,2232,detection,
2233292,20,15,1414,1414,0,0,0,0,0,0,57,0,0,0,2233,detection,
2235288,3,10,1248,1248,0,0,0,0,0,0,67,0,0,0,2235,detection,
2235335,28,10,1248,1248,0,0,0,0,0,0,64,0,0,0,2235,detection,
2235360,11,10,1248,1248,0,0,0,0,0,0,66,0,0,0,2235,detection,
2237656,5,31,276,552,-276,0,50,100,2,0,57,0,60,40,2237,detection,
2238078,26,25,1044,1044,0,0,0,0,0,0,54,0,0,0,2238,detection,
2238100,2,25,1044,1044,0,0,0,0,0,0,55,0,0,0,2238,detection,
2238135,4,25,1044,1044,0,0,0,0,0,0,52,0,0,0,2238,detection,
2238147,8,25,1044,1044,0,0,0,0,0,0,54,0,0,0,2238,detection,
2238587,19,28,902,902,0,0,0,0,0,0,57,0,0,0,2238,detection,
2239865,25,2,937,937,0,0,0,0,0,0,53,0,0,0,2239,detection,
2239868,12,2,937,937,0,0,0,0,0,0,62,0,0,0,2239,detection,
2240712,28,19,1300,1300,0,0,0,0,0,0,50,0,0,0,2240,detection,
2242321,10,12,605,605,0,0,0,0,0,0,68,0,0,0,2242,detection,
2242362,11,12,605,605,0,0,0,0,0,0,54,0,0,0,2242,detection,
2246916,24,11,1117,1117,0,0,0,0,0,0,59,0,0,0,2246,detection,
2246929,15,11,1117,1117,0,0,0,0,0,0,56,0,0,0,2246,detection,
2247267,8,25,1117,1117,0,0,0,0,0,0,57,0,0,0,2247,detection,
2247295,20,15,1274,1274,0,0,0,0,0,0,57,0,0,0,2247,detection,
2247330,26,25,1117,1117,0,0,0,0,0,0,57,0,0,0,2247,detection,
2248612,12,2,937,937,0,0,0,0,0,0,62,0,0,0,2248,detection,
2248743,12,19,1300,1300,0,0,0,0,0,0,64,0,0,0,2248,detection,
2248794,6,19,1300,1300,0,0,0,0,0,0,60,0,0,0,2248,detection,
2248833,28,19,1300,1300,0,0,0,0,0,0,49,0,0,0,2248,detection,
2251962,7,18,1522,1522,0,0,0,0,0,0,61,0,0,0,2251,detection,
2252018,14,18,1522,1522,0,0,0,0,0,0,52,0,0,0,2252,detection,
2252022,8,18,1522,1522,0,0,0,0,0,0,59,0,0,0,2252,detection,
2252292,6,19,1320,1320,0,0,0,0,0,0,61,0,0,0,2252,detection,
2252541,8,25,861,861,0,0,0,0,0,0,59,0,0,0,2252,detection,
2252961,28,19,1241,1241,0,0,0,0,0,0,55,0,0,0,2252,detection,
2254049,15,11,861,861,0,0,0,0,0,0,57,0,0,0,2254,detection,
2255792,20,15,1018,1018,0,0,0,0,0,0,59,0,0,0,2255,detection,
2259498,1,17,985,985,0,0,0,0,0,0,37,0,0,0,2259,detection,
2260785,24,10,788,788,0,0,0,0,0,0,62,0,0,0,2260,detection,
2260863,11,10,788,788,0,0,0,0,0,0,65,0,0,0,2260,detection,
2261158,5,14,989,989,0,0,0,0,0,0,56,0,0,0,2261,detection,
2261540,1,7,1162,1162,0,0,0,0,0,0,44,0,0,0,2261,detection,
2261599,17,7,1162,1162,0,0,0,0,0,0,62,0,0,0,2261,detection,
2262125,13,31,276,620,-344,0,62,97,35,0,57,0,58,40,2262,detection,
2262134,4,31,276,620,-344,0,62,100,10,0,57,0,58,40,2262,detection,
2262140,14,31,276,620,-344,0,62,100,41,16,57,0,58,40,2262,detection,
2262173,6,31,276,620,-344,0,59,90,76,0,64,0,48,40,2262,detection,
2262176,15,31,276,620,-344,0,60,93,40,0,61,0,57,40,2262,detection,
2262205,26,31,276,620,-344,0,61,100,41,23,59,0,58,40,2262,detection,
2265413,24,11,861,861,0,0,0,0,0,0,59,0,0,0,2265,detection,
2266825,10,27,1044,1044,0,0,0,0,0,0,57,0,0,0,2266,detection,
2266830,21,27,1044,1044,0,0,0,0,0,0,43,0,0,0,2266,detection,
2267263,1,17,1336,1336,0,0,0,0,0,0,41,0,0,0,2267,detection,
2267370,25,17,1336,1336,0,0,0,0,0,0,69,0,0,0,2267,detection,
2267694,1,25,861,861,0,0,0,0,0,0,38,0,0,0,2267,detection,
2267721,17,25,861,861,0,0,0,0,0,0,58,0,0,0,2267,detection,
2268647,8,2,937,937,0,0,0,0,0,0,50,0,0,0,2268,detection,
2268740,12,2,937,937,0,0,0,0,0,0,61,0,0,0,2268,detection,
2269461,28,18,788,788,0,0,0,0,0,0,56,0,0,0,2269,detection,
2269463,7,18,788,788,0,0,0,0,0,0,60,0,0,0,2269,detection,
2269481,2,18,788,788,0,0,0,0,0,0,64,0,0,0,2269,detection,
2269495,25,18,788,788,0,0,0,0,0,0,65,0,0,0,2269,detection,
2269534,8,18,788,788,0,0,0,0,0,0,59,0,0,0,2269,detection,
2273174,20,15,1248,1248,0,0,0,0,0,0,59,0,0,0,2273,detection,
2275079,26,8,705,705,0,0,0,0,0,0,56,0,0,0,2275,detection,
2275301,15,19,1221,1221,0,0,0,0,0,0,55,0,0,0,2275,detection,
2275734,11,10,762,762,0,0,0,0,0,0,64,0,0,0,2275,detection,
2276032,5,22,762,762,0,0,0,0,0,0,58,0,0,0,2276,detection,
2276039,9,22,762,762,0,0,0,0,0,0,40,0,0,0,2276,detection,
2276049,20,3,1176,1176,0,0,0,0,0,0,72,0,0,0,2276,detection,
2276087,19,22,762,762,0,0,0,0,0,0,59,0,0,0,2276,detection,
2276138,14,22,762,762,0,0,0,0,0,0,53,0,0,0,2276,detection,
2279799,15,19,1152,1152,0,0,0,0,0,0,55,0,0,0,2279,detection,
2279918,20,15,1455,1455,0,0,0,0,0,0,58,0,0,0,2279,detection,
2283102,1,17,1336,1336,0,0,0,0,0,0,41,0,0,0,2283,detection,
2283115,25,17,1336,1336,0,0,0,0,0,0,69,0,0,0,2283,detection,
2283128,22,17,1336,1336,0,0,0,0,0,0,61,0,0,0,2283,detection,
2286583,28,18,762,762,0,0,0,0,0,0,56,0,0,0,2286,detection,
2287670,3,29,276,1067,-791,0,100,100,61,0,63,0,48,40,2287,detection,
2290543,20,3,532,532,0,0,0,0,0,0,73,0,0,0,2290,detection,
2290544,6,3,532,532,0,0,0,0,0,0,65,0,0,0,2290,detection,
2292790,3,10,739,739,0,0,0,0,0,0,61,0,0,0,2292,detection,
2293331,26,11,616,616,0,0,0,0,0,0,58,0,0,0,2293,detection,
2293833,28,12,1217,1217,0,0,0,0,0,0,63,0,0,0,2293,detection,
2294295,1,25,861,861,0,0,0,0,0,0,38,0,0,0,2294,detection,
2294341,17,25,861,861,0,0,0,0,0,0,59,0,0,0,2294,detection,
2294377,22,25,861,861,0,0,0,0,0,0,68,0,0,0,2294,detection,
2294585,26,27,1044,1044,0,0,0,0,0,0,54,0,0,0,2294,detection,
2294628,13,27,1044,1044,0,0,0,100,0,16,58,0,60,40,2294,detection,
2294636,4,27,1044,1044,0,0,0,0,0,0,57,0,0,0,2294,detection,
2294663,18,27,1044,1044,0,0,0,0,0,0,58,0,0,0,2294,detection,
2296047,15,19,1115,1115,0,0,0,0,0,0,54,0,0,0,2296,detection,
2298276,8,27,1217,1217,0,0,0,100,0,7,59,0,60,40,2298,detection,
2298279,18,27,1217,1217,0,0,0,0,0,0,58,0,0,0,2298,detection,
2298374,13,27,1217,1217,0,0,0,100,0,16,57,0,60,40,2298,detection,
2298562,16,4,762,762,0,0,0,0,0,0,49,0,0,0,2298,detection,
2298571,10,4,762,762,0,0,0,0,0,0,59,0,0,0,2298,detection,
2298579,21,4,762,762,0,0,0,0,0,0,57,0,0,0,2298,detection,
2298664,3,4,762,762,0,0,0,0,0,0,53,0,0,0,2298,detection,
2298896,8,13,881,881,0,100,0,0,0,0,69,0,49,40,2298,detection,
2298909,5,13,881,881,0,100,0,0,0,0,100,0,49,40,2298,detection,
2298913,24,13,881,881,0,100,0,0,0,0,68,0,49,40,2298,detection,
2299791,20,14,1094,1094,0,0,0,0,0,0,64,0,0,0,2299,detection,
2299837,19,14,1094,1094,0,0,0,0,0,0,69,0,0,0,2299,detection,
2301914,3,29,276,532,-256,0,44,100,62,0,62,0,54,40,2301,detection,
2302081,28,12,986,986,0,0,0,0,0,0,64,0,0,0,2302,detection,
2302798,15,19,1274,1274,0,0,0,0,0,0,59,0,0,0,2302,detection,
2305357,11,10,739,739,0,0,0,0,0,0,64,0,0,0,2305,detection,
2305421,6,10,739,739,0,0,0,0,0,0,64,0,0,0,2305,detection,
2305424,3,10,739,739,0,0,0,0,0,0,61,0,0,0,2305,detection,
2306205,21,16,532,532,0,0,0,0,0,0,57,0,0,0,2306,detection,
2306622,13,9,788,788,0,0,0,0,0,0,52,0,0,0,2306,detection,
2306715,7,9,788,788,0,0,0,0,0,0,57,0,0,0,2306,detection,
2306725,2,9,788,788,0,0,0,0,0,0,59,0,0,0,2306,detection,
2308121,13,27,961,961,0,0,0,100,0,15,59,0,60,40,2308,detection,
2308223,17,27,961,961,0,0,0,0,0,0,56,0,0,0,2308,detection,
2308667,3,29,276,2580,-2304,0,100,100,100,0,90,0,48,40,2308,detection,
2309008,1,17,1336,1336,0,0,0,0,0,0,41,0,0,0,2309,detection,
2309128,22,17,1336,1336,0,0,0,0,0,0,57,0,0,0,2309,detection,
2309128,27,17,1336,1336,0,0,0,0,0,0,56,0,0,0,2309,detection,
2309249,13,31,276,506,-230,0,42,100,13,0,57,0,60,40,2309,detection,
2309254,22,31,276,506,-230,0,43,100,3,8,54,0,60,40,2309,detection,
2310202,26,11,592,592,0,0,0,0,0,0,58,0,0,0,2310,detection,
2310300,15,19,1300,1300,0,0,0,0,0,0,59,0,0,0,2310,detection,
2310333,26,21,1072,1072,0,0,0,0,0,0,59,0,0,0,2310,detection,
2310824,21,16,532,532,0,0,0,0,0,0,59,0,0,0,2310,detection,
2310884,4,16,532,532,0,0,0,0,0,0,63,0,0,0,2310,detection,
2310906,18,16,532,532,0,0,0,0,0,0,61,0,0,0,2310,detection,
2311246,13,9,1274,1274,0,0,0,0,0,0,55,0,0,0,2311,detection,
2311336,7,9,1274,1274,0,0,0,0,0,0,60,0,0,0,2311,detection,
2311622,13,27,788,788,0,0,0,99,0,16,58,0,60,40,2311,detection,
2311648,8,27,788,788,0,0,0,100,0,0,59,0,60,40,2311,detection,
2311724,17,27,788,788,0,0,0,0,0,0,59,0,0,0,2311,detection,
2312491,12,18,762,762,0,0,0,0,0,0,57,0,0,0,2312,detection,
2312542,3,18,762,762,0,0,0,0,0,0,60,0,0,0,2312,detection,
2312624,27,17,788,788,0,0,0,0,0,0,58,0,0,0,2312,detection,
2312627,22,17,788,788,0,0,0,0,0,0,61,0,0,0,2312,detection,
2313896,8,13,532,532,0,0,0,0,0,0,71,0,0,0,2313,detection,
2313909,5,13,532,532,0,0,0,0,0,0,100,0,0,0,2313,detection,
2313909,24,13,532,532,0,0,0,0,0,0,69,0,0,0,2313,detection,
2313917,9,13,532,532,0,0,0,0,0,0,73,0,0,0,2313,detection,
2313981,2,13,532,532,0,0,0,0,0,0,61,0,0,0,2313,detection,
2315543,6,3,532,532,0,0,0,0,0,0,62,0,0,0,2315,detection,
2316854,2,9,532,532,0,0,0,0,0,0,61,0,0,0,2316,detection,
2316871,13,9,532,532,0,0,0,0,0,0,60,0,0,0,2316,detection,
2316998,13,9,532,532,0,0,0,0,0,0,57,0,0,0,2316,detection,
2317103,2,9,532,532,0,0,0,0,0,0,62,0,0,0,2317,detection,
2318954,26,11,788,788,0,0,0,0,0,0,59,0,0,0,2318,detection,
2318975,17,8,1109,1109,0,0,0,0,0,0,58,0,0,0,2318,detection,
2319617,17,8,1109,1109,0,0,0,0,0,0,58,0,0,0,2319,detection,
2320170,20,15,1455,1455,0,0,0,0,0,0,54,0,0,0,2320,detection,
2321105,2,14,1044,1044,0,0,0,0,0,0,52,0,0,0,2321,detection,
2321169,20,14,1044,1044,0,0,0,0,0,0,58,0,0,0,2321,detection,
2321208,19,14,1044,1044,0,0,0,0,0,0,71,0,0,0,2321,detection,
2321493,25,13,532,532,0,0,0,0,0,0,68,0,0,0,2321,detection,
2321539,24,13,532,532,0,0,0,0,0,0,69,0,0,0,2321,detection,
2322027,22,17,532,532,0,0,0,0,0,0,64,0,0,0,2322,detection,
2322420,6,4,1044,1044,0,0,0,0,0,0,58,0,0,0,2322,detection,
2322436,16,4,1044,1044,0,0,0,0,0,0,52,0,0,0,2322,detection,
2324128,27,21,788,788,0,100,0,0,0,0,77,0,49,40,2324,detection,
2324245,13,9,583,583,0,0,0,0,0,0,57,0,0,0,2324,detection,
2324757,4,16,762,762,0,0,0,0,0,0,58,0,0,0,2324,detection,
2324782,18,16,762,762,0,0,0,0,0,0,59,0,0,0,2324,detection,
2325185,16,4,1044,1044,0,0,0,0,0,0,52,0,0,0,2325,detection,
2326535,8,2,1126,1126,0,0,0,0,0,0,50,0,0,0,2326,detection,
2326540,9,2,1126,1126,0,0,0,0,0,0,68,0,0,0,2326,detection,
2326621,25,2,1126,1126,0,0,0,0,0,0,54,0,0,0,2326,detection,
2326622,13,2,1126,1126,0,0,0,0,0,0,57,0,0,0,2326,detection,
2326626,22,2,1126,1126,0,0,0,0,0,0,70,0,0,0,2326,detection,
2326665,3,29,276,617,-341,0,48,100,100,0,87,0,48,40,2326,detection,
2327741,12,4,788,788,0,0,0,0,0,0,58,0,0,0,2327,detection,
2327788,3,4,788,788,0,0,0,0,0,0,58,0,0,0,2327,detection,
2327813,16,4,788,788,0,0,0,0,0,0,57,0,0,0,2327,detection,
2327915,3,7,1300,1300,0,0,0,0,0,0,52,0,0,0,2327,detection,
2329699,10,14,1069,1069,0,0,0,0,0,0,57,0,0,0,2329,detection,
2329709,19,14,1069,1069,0,0,0,0,0,0,69,0,0,0,2329,detection,
2329726,2,14,1069,1069,0,0,0,0,0,0,51,0,0,0,2329,detection,
2329793,20,14,1069,1069,0,0,0,0,0,0,57,0,0,0,2329,detection,
2331345,17,21,788,788,0,100,0,0,0,0,69,0,49,40,2331,detection,
2331374,27,21,788,788,0,100,0,0,0,0,86,0,49,40,2331,detection,
2332705,21,17,532,532,0,0,0,0,0,0,64,0,0,0,2332,detection,
2333004,4,31,276,528,-252,0,47,71,11,0,53,0,61,40,2333,detection,
2333035,18,31,276,528,-252,0,46,70,0,0,55,0,61,40,2333,detection,
2333128,22,31,276,528,-252,0,46,100,2,0,57,0,60,40,2333,detection,
2333789,3,4,788,788,0,0,0,0,0,0,59,0,0,0,2333,detection,
2333794,6,4,788,788,0,0,0,0,0,0,58,0,0,0,2333,detection,
2333827,16,4,788,788,0,0,0,0,0,0,58,0,0,0,2333,detection,
2333827,21,4,788,788,0,0,0,0,0,0,58,0,0,0,2333,detection,
2333862,12,4,788,788,0,0,0,0,0,0,59,0,0,0,2333,detection,
2336042,3,7,1044,1044,0,0,0,0,0,0,53,0,0,0,2336,detection,
2336226,2,9,564,564,0,0,0,0,0,0,63,0,0,0,2336,detection,
2336246,13,9,564,564,0,0,0,0,0,0,58,0,0,0,2336,detection,
2337048,20,19,1533,1533,0,0,0,0,0,0,44,0,0,0,2337,detection,
2337048,15,19,1533,1533,0,0,0,0,0,0,55,0,0,0,2337,detection,
2337520,14,30,276,474,-198,0,33,70,24,0,67,0,47,40,2337,detection,
2337555,15,30,276,474,-198,0,37,70,7,0,54,0,61,40,2337,detection,
2338004,4,16,1300,1300,0,0,0,0,0,0,61,0,0,0,2338,detection,
2338454,26,11,586,586,0,0,0,0,0,0,59,0,0,0,2338,detection,
2340409,5,13,564,564,0,100,0,0,0,0,100,0,49,40,2340,detection,
2340412,9,13,564,564,0,100,0,0,0,0,82,0,49,40,2340,detection,
2340413,24,13,564,564,0,100,0,0,0,0,73,0,49,40,2340,detection,
2341957,19,14,788,788,0,0,0,0,0,0,68,0,0,0,2341,detection,
2344669,20,19,788,788,0,0,0,0,0,0,47,0,0,0,2344,detection,
2344674,15,19,788,788,0,0,0,0,0,0,59,0,0,0,2344,detection,
2347909,5,14,532,532,0,0,0,0,0,0,61,0,0,0,2347,detection,
2347956,19,14,532,532,0,0,0,0,0,0,69,0,0,0,2347,detection,
2347974,2,14,532,532,0,0,0,0,0,0,56,0,0,0,2347,detection,
2348710,26,7,890,890,0,0,0,0,0,0,51,0,0,0,2348,detection,
2349787,1,25,861,861,0,0,0,0,0,0,39,0,0,0,2349,detection,
2349899,8,25,861,861,0,0,0,0,0,0,59,0,0,0,2349,detection,
2350167,20,15,1044,1044,0,0,0,0,0,0,57,0,0,0,2350,detection,
2350257,4,16,1300,1300,0,0,0,0,0,0,60,0,0,0,2350,detection,
2350282,18,16,1300,1300,0,0,0,0,0,0,59,0,0,0,2350,detection,
2352010,4,31,276,788,-512,0,93,100,31,0,57,0,58,40,2352,detection,
2352119,12,19,532,532,0,0,0,0,0,0,67,0,0,0,2352,detection,
2352170,20,19,532,532,0,0,0,0,0,0,49,0,0,0,2352,detection,
2352170,6,19,532,532,0,0,0,0,0,0,60,0,0,0,2352,detection,
2352427,3,29,276,532,-256,0,36,100,8,0,86,0,48,40,2352,detection,
2352461,7,29,276,532,-256,0,46,70,0,0,58,0,61,40,2352,detection,
2352990,12,16,1044,1044,0,0,0,0,0,0,56,0,0,0,2352,detection,
2355074,10,16,1044,1044,0,0,0,0,0,0,59,0,0,0,2355,detection,
2355100,17,16,1044,1044,0,0,0,0,0,0,54,0,0,0,2355,detection,
2355377,22,4,788,788,0,0,0,0,0,0,60,0,0,0,2355,detection,
2355433,16,4,788,788,0,0,0,0,0,0,58,0,0,0,2355,detection,
2355488,12,4,788,788,0,0,0,0,0,0,58,0,0,0,2355,detection,
2356344,28,13,564,564,0,100,0,0,0,0,72,0,49,40,2356,detection,
2356353,2,13,564,564,0,100,0,0,0,0,68,0,49,40,2356,detection,
2356417,24,13,564,564,0,100,0,0,0,0,83,0,49,40,2356,detection,
2359166,6,19,532,532,0,0,0,0,0,0,61,0,0,0,2359,detection,
2359170,20,19,532,532,0,0,0,0,0,0,46,0,0,0,2359,detection,
2361374,27,21,1128,1128,0,0,0,0,0,0,80,0,0,0,2361,detection,
2362251,27,4,788,788,0,0,0,0,0,0,60,0,0,0,2362,detection,
2362289,9,4,788,788,0,0,0,0,0,0,56,0,0,0,2362,detection,
2362324,21,4,788,788,0,0,0,0,0,0,58,0,0,0,2362,detection,
2363920,6,20,788,788,0,0,0,0,62,0,57,0,72,55,2363,detection,
2365948,10,14,762,762,0,0,0,0,0,0,57,0,0,0,2365,detection,
2366385,4,17,583,583,0,0,0,0,0,0,63,0,0,0,2366,detection,
2367668,20,19,532,532,0,0,0,0,0,0,47,0,0,0,2367,detection,
2367668,6,19,532,532,0,0,0,0,0,0,63,0,0,0,2367,detection,
2369376,27,21,1300,1300,0,0,0,0,0,0,76,0,0,0,2369,detection,
2370170,1,12,1044,1044,0,0,0,0,0,0,44,0,0,0,2370,detection,
2370209,19,12,1044,1044,0,0,0,0,0,0,59,0,0,0,2370,detection,
2370210,28,12,1044,1044,0,0,0,0,0,0,59,0,0,0,2370,detection,
2370265,14,12,1044,1044,0,0,0,0,0,0,58,0,0,0,2370,detection,
2370286,5,12,1044,1044,0,0,0,0,0,0,59,0,0,0,2370,detection,
2371009,4,9,991,991,0,0,0,0,0,0,55,0,0,0,2371,detection,
2371429,15,16,1044,1044,0,0,0,0,0,0,63,0,0,0,2371,detection,
2371458,10,16,1044,1044,0,0,0,0,0,0,60,0,0,0,2371,detection,
2371475,17,16,1044,1044,0,0,0,0,0,0,55,0,0,0,2371,detection,
2371479,2,16,1044,1044,0,0,0,0,0,0,65,0,0,0,2371,detection,
2371487,12,16,1044,1044,0,0,0,0,0,0,57,0,0,0,2371,detection,
2371497,25,16,1044,1044,0,0,0,0,0,0,66,0,0,0,2371,detection,
2371500,13,16,1044,1044,0,0,0,0,0,0,56,0,0,0,2371,detection,
2371505,4,16,1044,1044,0,0,0,0,0,0,62,0,0,0,2371,detection,
2371527,18,16,1044,1044,0,0,0,0,0,0,60,0,0,0,2371,detection,
2371534,8,16,1044,1044,0,0,0,0,0,0,58,0,0,0,2371,detection,
2372662,24,10,1090,1090,0,0,0,0,0,0,63,0,0,0,2372,detection,
2372714,28,10,1090,1090,0,0,0,0,0,0,64,0,0,0,2372,detection,
2374040,6,20,557,557,0,0,0,0,0,0,59,0,0,0,2374,detection,
2374332,26,7,1044,1044,0,0,0,0,0,0,54,0,0,0,2374,detection,
2374351,17,7,1044,1044,0,0,0,0,0,0,61,0,0,0,2374,detection,
2375215,26,8,532,532,0,0,0,0,0,0,61,0,0,0,2375,detection,
2375224,17,8,532,532,0,0,0,0,0,0,60,0,0,0,2375,detection,
2378084,19,13,564,564,0,100,0,0,0,0,69,0,49,40,2378,detection,
2378249,27,21,1044,1044,0,0,0,0,0,0,76,0,0,0,2378,detection,
2378411,9,4,788,788,0,0,0,0,0,0,52,0,0,0,2378,detection,
2378436,16,4,788,788,0,0,0,0,0,0,53,0,0,0,2378,detection,
2378456,10,4,788,788,0,0,0,0,0,0,55,0,0,0,2378,detection,
2380927,15,13,564,564,0,100,0,0,0,0,91,0,49,40,2380,detection,
2380956,28,13,564,564,0,100,0,0,0,0,81,0,49,40,2380,detection,
2383244,12,19,532,532,0,0,0,0,0,0,68,0,0,0,2383,detection,
2383737,11,18,969,969,0,0,0,0,0,0,58,0,0,0,2383,detection,
2383744,12,18,969,969,0,0,0,0,0,0,57,0,0,0,2383,detection,
2383749,13,18,969,969,0,0,0,0,0,0,70,0,0,0,2383,detection,
2383754,25,18,969,969,0,0,0,0,0,0,60,0,0,0,2383,detection,
2383838,7,18,969,969,0,0,0,0,0,0,59,0,0,0,2383,detection,
2384661,24,10,1044,1044,0,0,0,0,0,0,62,0,0,0,2384,detection,
2384666,9,10,1044,1044,0,0,0,0,0,0,65,0,0,0,2384,detection,
2384709,28,10,1044,1044,0,0,0,0,0,0,58,0,0,0,2384,detection,
2387128,22,31,276,788,-512,0,92,100,31,0,58,0,58,40,2387,detection,
2389347,17,7,788,788,0,0,0,0,0,0,56,0,0,0,2389,detection,
2391453,21,27,788,788,0,100,0,0,0,0,53,0,56,40,2391,detection,
2391473,10,27,788,788,0,100,0,0,0,0,60,0,56,40,2391,detection,
2391495,25,27,788,788,0,100,0,0,0,0,69,0,49,40,2391,detection,
2391749,27,21,1044,1044,0,0,0,0,0,0,71,0,0,0,2391,detection,
2392285,24,10,839,839,0,0,0,0,0,0,62,0,0,0,2392,detection,
2392286,9,10,839,839,0,0,0,0,0,0,65,0,0,0,2392,detection,
2392294,3,10,839,839,0,0,0,0,0,0,64,0,0,0,2392,detection,
2392343,28,10,839,839,0,0,0,0,0,0,59,0,0,0,2392,detection,
2393408,18,29,276,532,-256,0,46,70,10,0,57,0,61,40,2393,detection,
2395857,2,25,788,788,0,0,0,0,0,0,58,0,0,0,2395,detection,
2395874,13,25,788,788,0,0,0,0,0,0,58,0,0,0,2395,detection,
2395875,22,25,788,788,0,0,0,0,0,0,66,0,0,0,2395,detection,
2395879,27,25,788,788,0,0,0,0,0,0,56,0,0,0,2395,detection,
2397588,7,2,788,788,0,0,0,0,0,0,45,0,0,0,2397,detection,
2397624,22,2,788,788,0,0,0,0,0,0,64,0,0,0,2397,detection,
2398113,11,12,532,532,0,0,0,0,0,0,59,0,0,0,2398,detection,
2398206,19,12,532,532,0,0,0,0,0,0,60,0,0,0,2398,detection,
2398383,13,22,788,788,0,0,0,0,0,0,65,0,0,0,2398,detection,
2399654,18,29,276,532,-256,0,46,100,0,0,57,0,60,40,2399,detection,
2399666,24,29,276,532,-256,0,47,70,10,0,56,0,61,40,2399,detection,
2399666,3,29,276,532,-256,0,37,100,0,0,85,0,48,40,2399,detection,
2400081,26,11,712,712,0,0,0,0,0,0,58,0,0,0,2400,detection,
2400085,28,11,712,712,0,0,0,0,0,0,63,0,0,0,2400,detection,
2403273,8,16,788,788,0,0,0,0,0,0,57,0,0,0,2403,detection,
2403278,18,16,788,788,0,0,0,0,0,0,55,0,0,0,2403,detection,
2403835,19,28,557,557,0,0,0,0,0,0,62,0,0,0,2403,detection,
2403860,11,12,532,532,0,0,0,0,0,0,60,0,0,0,2403,detection,
2403958,19,12,532,532,0,0,0,0,0,0,61,0,0,0,2403,detection,
2408426,15,11,694,694,0,0,0,0,0,0,53,0,0,0,2408,detection,
2408457,28,11,694,694,0,0,0,0,0,0,63,0,0,0,2408,detection,
2408542,24,11,694,694,0,0,0,0,0,0,59,0,0,0,2408,detection,
2408790,6,20,782,782,0,0,0,0,0,0,58,0,0,0,2408,detection,
2410093,17,21,1127,1127,0,0,0,0,0,0,67,0,0,0,2410,detection,
2410611,11,22,788,788,0,0,0,0,0,0,46,0,0,0,2410,detection,
2410620,12,22,788,788,0,0,0,0,0,0,58,0,0,0,2410,detection,
2410620,13,22,788,788,0,0,0,0,0,0,64,0,0,0,2410,detection,
2410662,5,22,788,788,0,0,0,0,0,0,57,0,0,0,2410,detection,
2410668,18,22,788,788,0,0,0,0,0,0,57,0,0,0,2410,detection,
2411140,14,22,788,788,0,0,0,0,0,0,57,0,0,0,2411,detection,
2411912,5,24,788,788,0,0,0,0,0,0,56,0,0,0,2411,detection,
2412770,14,4,992,992,0,0,0,0,0,0,59,0,0,0,2412,detection,
2416738,12,18,1044,1044,0,0,0,0,0,0,56,0,0,0,2416,detection,
2417641,14,16,782,782,0,100,0,0,0,0,70,0,49,40,2417,detection,
2417649,8,16,782,782,0,100,0,0,0,0,64,0,49,40,2417,detection,
2418793,20,14,1300,1300,0,0,0,0,0,0,60,0,0,0,2418,detection,
2422701,21,30,276,276,0,0,0,70,32,8,52,0,64,40,2422,detection,
2423112,12,18,1248,1248,0,0,0,0,0,0,57,0,0,0,2423,detection,
2423425,15,11,887,887,0,0,0,0,0,0,53,0,0,0,2423,detection,
2423456,28,11,887,887,0,0,0,0,0,0,61,0,0,0,2423,detection,
2424795,20,14,1300,1300,0,0,0,0,0,0,59,0,0,0,2424,detection,
2424813,16,14,1300,1300,0,0,0,0,0,0,52,0,0,0,2424,detection,
2425451,21,30,276,506,-230,0,42,100,28,16,56,0,60,40,2425,detection,
2425561,16,4,992,992,0,0,0,0,0,0,54,0,0,0,2425,detection,
2425647,8,4,992,992,0,0,0,0,0,0,56,0,0,0,2425,detection,
2426167,3,29,276,532,-256,0,38,100,0,0,80,0,48,40,2426,detection,
2426673,20,15,1300,1300,0,0,0,0,0,0,57,0,0,0,2426,detection,
2426793,3,7,1300,1300,0,0,0,0,0,0,53,0,0,0,2426,detection,
2426793,9,7,1300,1300,0,0,0,0,0,0,59,0,0,0,2426,detection,
2426883,4,16,782,782,0,100,0,0,0,0,69,0,49,40,2426,detection,
2427075,10,25,1300,1300,0,0,0,0,0,0,54,0,0,0,2427,detection,
2427100,2,25,1300,1300,0,0,0,0,0,0,58,0,0,0,2427,detection,
2429504,22,17,1010,1010,0,0,0,0,0,0,62,0,0,0,2429,detection,
2430607,17,21,782,782,0,100,0,0,0,0,75,0,49,40,2430,detection,
2432166,3,9,788,788,0,0,0,0,0,0,55,0,0,0,2432,detection,
2432294,20,15,1300,1300,0,0,0,0,0,0,57,0,0,0,2432,detection,
2433477,2,25,1812,1812,0,0,0,0,0,0,57,0,0,0,2433,detection,
2433572,10,25,1812,1812,0,0,0,0,0,0,58,0,0,0,2433,detection,
2434365,12,22,532,532,0,0,0,0,0,0,59,0,0,0,2434,detection,
2434370,13,22,532,532,0,0,0,0,0,0,65,0,0,0,2434,detection,
2434408,18,22,532,532,0,0,0,0,0,0,58,0,0,0,2434,detection,
2434459,19,22,532,532,0,0,0,0,0,0,59,0,0,0,2434,detection,
2435239,12,18,788,788,0,0,0,0,0,0,53,0,0,0,2435,detection,
2435252,13,18,788,788,0,0,0,0,0,0,68,0,0,0,2435,detection,
2436287,3,9,1266,1266,0,0,0,0,0,0,59,0,0,0,2436,detection,
2437054,15,30,276,532,-256,0,46,70,6,0,58,0,61,40,2437,detection,
2437952,21,17,1044,1044,0,0,0,0,0,0,63,0,0,0,2437,detection,
2437961,26,17,1044,1044,0,0,0,0,0,0,49,0,0,0,2437,detection,
2439370,25,2,1314,1314,0,0,0,0,0,0,57,0,0,0,2439,detection,
2439379,12,2,1314,1314,0,0,0,0,0,0,56,0,0,0,2439,detection,
2439787,24,10,894,894,0,0,0,0,0,0,62,0,0,0,2439,detection,
2439787,9,10,894,894,0,0,0,0,0,0,64,0,0,0,2439,detection,
2439796,6,10,894,894,0,0,0,0,0,0,59,0,0,0,2439,detection,
2441603,2,25,1826,1826,0,0,0,0,0,0,57,0,0,0,2441,detection,
2443465,7,4,512,512,0,0,0,0,0,0,59,0,0,0,2443,detection,
2443503,22,4,512,512,0,0,0,0,0,0,56,0,0,0,2443,detection,
2445630,4,22,532,532,0,0,0,0,0,0,67,0,0,0,2445,detection,
2446292,20,14,1276,1276,0,0,0,0,0,0,59,0,0,0,2446,detection,
2446405,18,14,1276,1276,0,0,0,0,0,0,59,0,0,0,2446,detection,
2446833,28,11,512,512,0,0,0,0,0,0,59,0,0,0,2446,detection,
2447677,15,13,564,564,0,100,0,0,0,0,100,0,49,40,2447,detection,
2451463,7,29,276,2580,-2304,0,100,100,100,0,90,0,48,40,2451,detection,
2452698,10,25,1044,1044,0,0,0,0,0,0,59,0,0,0,2452,detection,
2452727,2,25,1044,1044,0,0,0,0,0,0,58,0,0,0,2452,detection,
2452912,5,24,1300,1300,0,0,0,0,0,0,55,0,0,0,2452,detection,
2452920,6,24,1300,1300,0,0,0,0,0,0,48,0,0,0,2452,detection,
2454211,19,18,813,813,0,0,0,0,0,0,56,0,0,0,2454,detection,
2454214,7,18,813,813,0,0,0,0,0,0,59,0,0,0,2454,detection,
2454245,13,18,813,813,0,0,0,0,0,0,67,0,0,0,2454,detection,
2454254,22,18,813,813,0,0,0,0,0,0,59,0,0,0,2454,detection,
2454271,4,18,813,813,0,0,0,0,0,0,54,0,0,0,2454,detection,
2456841,7,26,549,549,0,0,0,0,0,0,45,0,0,0,2456,detection,
2457977,2,25,1044,1044,0,0,0,0,0,0,59,0,0,0,2457,detection,
2459211,28,11,512,512,0,0,0,0,0,0,59,0,0,0,2459,detection,
2460357,2,14,1061,1061,0,0,0,0,0,0,59,0,0,0,2460,detection,
2460408,18,14,1061,1061,0,0,0,0,0,0,59,0,0,0,2460,detection,
2460408,5,14,1061,1061,0,0,0,0,0,0,60,0,0,0,2460,detection,
2460420,20,14,1061,1061,0,0,0,0,0,0,58,0,0,0,2460,detection,
2461417,6,24,1044,1044,0,0,0,0,0,0,46,0,0,0,2461,detection,
2462194,10,4,512,512,0,0,0,0,0,0,59,0,0,0,2462,detection,
2462211,7,4,512,512,0,0,0,0,0,0,60,0,0,0,2462,detection,
2462313,16,4,512,512,0,0,0,0,0,0,59,0,0,0,2462,detection,
2462713,7,29,276,2580,-2304,0,100,100,0,0,89,0,48,40,2462,detection,
2465782,5,14,1061,1061,0,0,0,0,0,0,59,0,0,0,2465,detection,
2465795,20,14,1061,1061,0,0,0,0,0,0,58,0,0,0,2465,detection,
2465829,21,14,1061,1061,0,0,0,0,0,0,78,0,0,0,2465,detection,
2465851,2,14,1061,1061,0,0,0,0,0,0,58,0,0,0,2465,detection,
2466147,14,31,276,532,-256,0,47,70,10,0,56,0,61,40,2466,detection,
2466158,5,31,276,532,-256,0,46,70,2,0,57,0,61,40,2466,detection,
2466402,18,10,1280,1280,0,0,0,0,0,0,60,0,0,0,2466,detection,
2466421,6,10,1280,1280,0,0,0,0,0,0,64,0,0,0,2466,detection,
2466430,16,10,1280,1280,0,0,0,0,0,0,63,0,0,0,2466,detection,
2466486,11,10,1280,1280,0,0,0,0,0,0,62,0,0,0,2466,detection,
2468525,1,7,768,768,0,0,0,0,0,0,46,0,0,0,2468,detection,
2468585,26,7,768,768,0,0,0,0,0,0,59,0,0,0,2468,detection,
2471499,22,27,276,276,0,100,0,0,0,0,63,0,49,40,2471,detection,
2471503,13,27,276,276,0,100,0,87,0,15,61,0,54,40,2471,detection,
2471511,4,27,276,276,0,100,0,0,0,0,64,0,49,40,2471,detection,
2473182,16,10,1205,1205,0,0,0,0,0,0,62,0,0,0,2473,detection,
2473616,25,2,1354,1354,0,0,0,0,0,0,57,0,0,0,2473,detection,
2475283,5,31,276,532,-256,0,49,100,0,0,52,0,60,40,2475,detection,
2475392,14,31,276,532,-256,0,49,100,0,0,52,0,60,40,2475,detection,
2475693,10,4,788,788,0,0,0,0,0,0,59,0,0,0,2475,detection,
2477910,5,24,1573,1573,0,0,0,0,0,0,55,0,0,0,2477,detection,
2478086,7,29,276,532,-256,0,35,100,100,0,90,0,48,40,2478,detection,
2478199,21,14,532,532,0,0,0,0,0,0,85,0,0,0,2478,detection,
2478293,6,10,1300,1300,0,0,0,0,0,0,62,0,0,0,2478,detection,
2478309,16,10,1300,1300,0,0,0,0,0,0,61,0,0,0,2478,detection,
2478403,18,10,1300,1300,0,0,0,0,0,0,63,0,0,0,2478,detection,
2479171,6,19,757,757,0,0,0,0,0,0,62,0,0,0,2479,detection,
2479612,11,22,608,608,0,0,0,0,0,0,50,0,0,0,2479,detection,
2479624,13,22,608,608,0,0,0,0,0,0,64,0,0,0,2479,detection,
2483916,6,24,1573,1573,0,0,0,0,0,0,49,0,0,0,2483,detection,
2485669,20,14,762,762,0,0,0,0,0,0,57,0,0,0,2485,detection,
2486017,14,12,1219,1219,0,0,0,0,0,0,54,0,0,0,2486,detection,
2486037,5,12,1219,1219,0,0,0,0,0,0,58,0,0,0,2486,detection,
2486213,7,29,276,276,0,0,0,100,23,6,91,0,48,40,2486,detection,
2486283,18,29,276,276,0,0,0,100,30,8,58,0,60,40,2486,detection,
2486355,2,9,1300,1300,0,0,0,0,0,0,61,0,0,0,2486,detection,
2488279,1,7,532,532,0,0,0,0,0,0,48,0,0,0,2488,detection,
2491714,19,5,324,324,0,81,0,0,0,0,73,0,49,40,2491,detection,
2495399,1,7,762,762,0,0,0,0,0,0,46,0,0,0,2495,detection,
2495864,25,2,836,836,0,0,0,0,0,0,57,0,0,0,2495,detection,
2497665,24,29,276,301,-25,0,4,35,28,0,57,0,0,0,2497,detection,
2497669,20,14,762,762,0,0,0,0,0,0,53,0,0,0,2497,detection,
2498916,6,19,813,813,0,0,0,0,0,0,64,0,0,0,2498,detection,
2501292,6,19,813,813,0,0,0,0,0,0,63,0,0,0,2501,detection,
2502787,24,10,1478,1478,0,0,0,0,0,0,58,0,0,0,2502,detection,
2502821,16,10,1478,1478,0,0,0,0,0,0,60,0,0,0,2502,detection,
2502835,28,10,1478,1478,0,0,0,0,0,0,62,0,0,0,2502,detection,
2503503,22,4,788,788,0,0,0,0,0,0,60,0,0,0,2503,detection,
2503541,9,4,788,788,0,0,0,0,0,0,52,0,0,0,2503,detection,
2503545,20,4,788,788,0,0,0,0,0,0,59,0,0,0,2503,detection,
2504333,26,21,608,608,0,0,0,0,0,0,59,0,0,0,2504,detection,
2504791,6,19,557,557,0,0,0,0,0,0,64,0,0,0,2504,detection,
2505792,6,28,512,512,0,0,0,0,0,0,59,0,0,0,2505,detection,
2506198,10,16,603,603,0,0,0,0,0,0,59,0,0,0,2506,detection,
2506250,13,16,603,603,0,0,0,0,0,0,59,0,0,0,2506,detection,
2508661,5,24,788,788,0,0,0,0,0,0,51,0,0,0,2508,detection,
2508872,13,31,276,532,-256,0,45,70,3,0,60,0,61,40,2508,detection,
2509832,26,8,1044,1044,0,0,0,0,0,0,60,0,0,0,2509,detection,
2510060,1,7,739,739,0,0,0,0,0,0,39,0,0,0,2510,detection,
2512423,20,9,1271,1271,0,0,0,0,0,0,54,0,0,0,2512,detection,
2514174,6,31,276,532,-256,0,44,70,10,0,63,0,48,40,2514,detection,
2514246,13,31,276,532,-256,0,45,100,0,0,59,0,60,40,2514,detection,
2514545,3,6,813,813,0,0,0,0,0,0,68,0,0,0,2514,detection,
2516919,6,31,276,1223,-947,0,100,100,78,0,64,0,48,40,2516,detection,
2516995,13,31,276,1223,-947,0,100,100,79,0,63,0,48,40,2516,detection,
2518080,21,26,547,547,0,0,0,0,0,0,85,0,0,0,2518,detection,
2518097,17,26,547,547,0,0,0,0,0,0,54,0,0,0,2518,detection,
2518118,25,26,547,547,0,0,0,0,0,0,60,0,0,0,2518,detection,
2519611,11,22,651,651,0,0,0,0,0,0,49,0,0,0,2519,detection,
2519629,4,22,651,651,0,0,0,0,0,0,65,0,0,0,2519,detection,
2519642,14,22,651,651,0,0,0,0,0,0,53,0,0,0,2519,detection,
2519667,9,22,651,651,0,0,0,0,0,0,40,0,0,0,2519,detection,
2519704,21,4,788,788,0,0,0,0,0,0,53,0,0,0,2519,detection,
2519721,17,4,788,788,0,0,0,0,0,0,58,0,0,0,2519,detection,
2519742,12,4,788,788,0,0,0,0,0,0,58,0,0,0,2519,detection,
2519750,22,4,788,788,0,0,0,0,0,0,59,0,0,0,2519,detection,
2519768,14,4,788,788,0,0,0,0,0,0,59,0,0,0,2519,detection,
2519772,8,4,788,788,0,0,0,0,0,0,55,0,0,0,2519,detection,
2519785,9,4,788,788,0,0,0,0,0,0,52,0,0,0,2519,detection,
2519789,3,4,788,788,0,0,0,0,0,0,58,0,0,0,2519,detection,
2520706,26,21,580,580,0,0,0,0,0,0,59,0,0,0,2520,detection,
2520955,26,8,1059,1059,0,0,0,0,0,0,59,0,0,0,2520,detection,
2521883,4,9,1059,1059,0,0,0,0,0,0,52,0,0,0,2521,detection,
2521916,20,9,1059,1059,0,0,0,0,0,0,54,0,0,0,2521,detection,
2522085,19,5,593,593,0,0,0,0,0,0,75,0,0,0,2522,detection,
2523868,12,19,582,582,0,0,0,0,0,0,70,0,0,0,2523,detection,
2523918,6,19,582,582,0,0,0,0,0,0,65,0,0,0,2523,detection,
2523961,28,19,582,582,0,0,0,0,0,0,61,0,0,0,2523,detection,
2525920,6,24,788,788,0,0,0,0,0,0,52,0,0,0,2525,detection,
2526600,17,8,1300,1300,0,0,0,0,0,0,56,0,0,0,2526,detection,
2527162,24,29,276,563,-287,0,54,83,33,0,53,0,60,40,2527,detection,
2527294,20,9,803,803,0,0,0,0,0,0,56,0,0,0,2527,detection,
2527534,24,10,859,859,0,0,0,0,0,0,63,0,0,0,2527,detection,
2527635,4,17,1044,1044,0,0,0,0,0,0,63,0,0,0,2527,detection,
2527705,21,17,1044,1044,0,0,0,0,0,0,63,0,0,0,2527,detection,
2527710,26,17,1044,1044,0,0,0,0,0,0,52,0,0,0,2527,detection,
2528660,5,12,803,803,0,0,0,0,0,0,56,0,0,0,2528,detection,
2528708,19,12,803,803,0,0,0,0,0,0,62,0,0,0,2528,detection,
2529238,11,14,762,762,0,0,0,0,0,0,44,0,0,0,2529,detection,
2529248,13,31,276,276,0,0,0,100,100,7,65,0,48,40,2529,detection,
2529293,20,14,762,762,0,0,0,0,0,0,53,0,0,0,2529,detection,
2529833,26,21,580,580,0,0,0,0,0,0,56,0,0,0,2529,detection,
2529843,17,21,580,580,0,0,0,0,0,0,74,0,0,0,2529,detection,
2539704,21,30,276,506,-230,0,41,100,0,15,59,0,60,40,2539,detection,
2539995,25,26,788,788,0,0,0,0,0,0,63,0,0,0,2539,detection,
2540085,21,26,788,788,0,0,0,0,0,0,85,0,0,0,2540,detection,
2540097,17,26,788,788,0,0,0,0,0,0,58,0,0,0,2540,detection,
2540329,26,8,836,836,0,0,0,0,0,0,60,0,0,0,2540,detection,
2540342,17,8,836,836,0,0,0,0,0,0,61,0,0,0,2540,detection,
2542544,20,9,803,803,0,0,0,0,0,0,57,0,0,0,2542,detection,
2542590,7,9,803,803,0,0,0,0,0,0,61,0,0,0,2542,detection,
2543119,25,17,788,788,0,0,0,0,0,0,68,0,0,0,2543,detection,
2543127,22,17,788,788,0,0,0,0,0,0,62,0,0,0,2543,detection,
2543183,16,17,788,788,0,0,0,0,0,0,51,0,0,0,2543,detection,
2543199,10,17,788,788,0,0,0,0,0,0,58,0,0,0,2543,detection,
2543200,21,17,788,788,0,0,0,0,0,0,58,0,0,0,2543,detection,
2543218,26,17,788,788,0,0,0,0,0,0,56,0,0,0,2543,detection,
2543702,26,21,580,580,0,0,0,0,0,0,56,0,0,0,2543,detection,
2543715,7,21,580,580,0,0,0,0,0,0,65,0,0,0,2543,detection,
2543719,17,21,580,580,0,0,0,0,0,0,73,0,0,0,2543,detection,
2545409,5,12,1044,1044,0,0,0,0,0,0,56,0,0,0,2545,detection,
2545457,28,12,1044,1044,0,0,0,0,0,0,64,0,0,0,2545,detection,
2545459,19,12,1044,1044,0,0,0,0,0,0,59,0,0,0,2545,detection,
2545460,10,12,1044,1044,0,0,0,0,0,0,68,0,0,0,2545,detection,
2545515,14,12,1044,1044,0,0,0,0,0,0,59,0,0,0,2545,detection,
2545991,12,2,580,580,0,0,0,0,0,0,61,0,0,0,2545,detection,
2545996,25,2,580,580,0,0,0,0,0,0,59,0,0,0,2545,detection,
2546022,8,2,580,580,0,0,0,0,0,0,56,0,0,0,2546,detection,
2548962,19,18,758,758,0,0,0,0,0,0,56,0,0,0,2548,detection,
2548979,2,18,758,758,0,0,0,0,0,0,63,0,0,0,2548,detection,
2548996,25,18,758,758,0,0,0,0,0,0,59,0,0,0,2548,detection,
2549059,16,17,788,788,0,0,0,0,0,0,51,0,0,0,2549,detection,
2549069,10,17,788,788,0,0,0,0,0,0,57,0,0,0,2549,detection,
2549072,21,17,788,788,0,0,0,0,0,0,57,0,0,0,2549,detection,
2549119,25,17,788,788,0,0,0,0,0,0,66,0,0,0,2549,detection,
2549198,21,26,557,557,0,0,0,0,0,0,86,0,0,0,2549,detection,
2549220,17,26,557,557,0,0,0,0,0,0,59,0,0,0,2549,detection,
2549245,25,26,557,557,0,0,0,0,0,0,62,0,0,0,2549,detection,
2550284,5,24,762,762,0,0,0,0,0,0,51,0,0,0,2550,detection,
2550303,6,24,762,762,0,0,0,0,0,0,52,0,0,0,2550,detection,
2550700,10,25,532,532,0,0,0,0,0,0,61,0,0,0,2550,detection,
2550704,26,25,532,532,0,0,0,0,0,0,58,0,0,0,2550,detection,
2550705,21,25,532,532,0,0,0,0,0,0,60,0,0,0,2550,detection,
2550717,17,25,532,532,0,0,0,0,0,0,64,0,0,0,2550,detection,
2552981,2,4,838,838,0,0,0,0,0,0,54,0,0,0,2552,detection,
2552993,12,4,838,838,0,0,0,0,0,0,55,0,0,0,2552,detection,
2553835,28,19,651,651,0,0,0,0,0,0,61,0,0,0,2553,detection,
2553870,12,19,651,651,0,0,0,0,0,0,66,0,0,0,2553,detection,
2553872,13,31,276,352,-76,0,12,100,8,15,66,0,48,40,2553,detection,
2554963,28,10,859,859,0,0,0,0,0,0,64,0,0,0,2554,detection,
2555019,8,10,859,859,0,0,0,0,0,0,69,0,0,0,2555,detection,
2555035,24,10,859,859,0,0,0,0,0,0,64,0,0,0,2555,detection,
2555043,3,10,859,859,0,0,0,0,0,0,66,0,0,0,2555,detection,
2555048,6,10,859,859,0,0,0,0,0,0,64,0,0,0,2555,detection,
2555057,16,10,859,859,0,0,0,0,0,0,62,0,0,0,2555,detection,
2555667,20,6,762,762,0,0,0,0,0,0,63,0,0,0,2555,detection,
2556455,26,8,1066,1066,0,0,0,0,0,0,56,0,0,0,2556,detection,
2556472,17,8,1066,1066,0,0,0,0,0,0,60,0,0,0,2556,detection,
2556698,10,27,600,600,0,0,0,0,0,0,64,0,0,0,2556,detection,
2556703,21,27,600,600,0,0,0,0,0,0,58,0,0,0,2556,detection,
2556749,22,27,600,600,0,0,0,0,0,0,63,0,0,0,2556,detection,
2556772,8,27,600,600,0,0,0,100,0,0,59,0,60,40,2556,detection,
2564740,25,26,557,557,0,0,0,0,0,0,62,0,0,0,2564,detection,
2564846,17,26,557,557,0,0,0,0,0,0,59,0,0,0,2564,detection,
2565079,26,8,856,856,0,0,0,0,0,0,60,0,0,0,2565,detection,
2565093,17,8,856,856,0,0,0,0,0,0,61,0,0,0,2565,detection,
2565641,14,12,1065,1065,0,0,0,0,0,0,58,0,0,0,2565,detection,
2567275,8,25,532,532,0,0,0,0,0,0,56,0,0,0,2567,detection,
2567313,16,25,532,532,0,0,0,0,0,0,50,0,0,0,2567,detection,
2567329,26,25,532,532,0,0,0,0,0,0,59,0,0,0,2567,detection,
2567342,17,25,532,532,0,0,0,0,0,0,64,0,0,0,2567,detection,
2567934,16,17,788,788,0,0,0,0,0,0,50,0,0,0,2567,detection,
2567951,21,17,788,788,0,0,0,0,0,0,56,0,0,0,2567,detection,
2567960,26,17,788,788,0,0,0,0,0,0,55,0,0,0,2567,detection,
2567990,25,17,788,788,0,0,0,0,0,0,65,0,0,0,2567,detection,
2568494,25,18,735,735,0,0,0,0,0,0,58,0,0,0,2568,detection,
2568787,3,4,907,907,0,0,0,0,0,0,59,0,0,0,2568,detection,
2568791,24,4,907,907,0,0,0,0,0,0,58,0,0,0,2568,detection,
2568825,10,4,907,907,0,0,0,0,0,0,59,0,0,0,2568,detection,
2568846,17,4,907,907,0,0,0,0,0,0,59,0,0,0,2568,detection,
2568854,2,4,907,907,0,0,0,0,0,0,55,0,0,0,2568,detection,
2568864,25,4,907,907,0,0,0,0,0,0,58,0,0,0,2568,detection,
2568867,12,4,907,907,0,0,0,0,0,0,55,0,0,0,2568,detection,
2568873,27,4,907,907,0,0,0,0,0,0,56,0,0,0,2568,detection,
2568893,14,4,907,907,0,0,0,0,0,0,59,0,0,0,2568,detection,
2568898,8,4,907,907,0,0,0,0,0,0,60,0,0,0,2568,detection,
2570578,26,8,856,856,0,0,0,0,0,0,61,0,0,0,2570,detection,
2572463,19,28,742,742,0,0,0,0,0,0,61,0,0,0,2572,detection,
2572714,19,5,1018,1018,0,0,0,0,0,0,72,0,0,0,2572,detection,
2573085,7,21,580,580,0,0,0,0,0,0,67,0,0,0,2573,detection,
2573752,27,30,276,276,0,0,0,100,0,23,61,0,57,40,2573,detection,
2574896,8,2,1112,1112,0,0,0,0,0,0,58,0,0,0,2574,detection,
2576623,13,9,580,605,-25,100,4,35,2,7,68,0,49,40,2576,detection,
2576669,20,9,580,605,-25,100,4,35,2,7,68,0,49,40,2576,detection,
2576670,3,9,580,605,-25,100,4,35,2,7,64,0,49,40,2576,detection,
2576712,7,9,580,605,-25,100,4,35,2,7,68,0,49,40,2576,detection,
2580896,8,13,580,580,0,100,0,0,0,0,84,0,49,40,2580,detection,
2580909,5,13,580,580,0,100,0,0,0,0,100,0,49,40,2580,detection,
2580916,9,13,580,580,0,100,0,0,0,0,92,0,49,40,2580,detection,
2580917,3,13,580,580,0,100,0,0,0,0,62,0,52,40,2580,detection,
2580930,15,13,580,580,0,100,0,0,0,0,96,0,49,40,2580,detection,
2582243,12,2,1254,1254,0,0,0,0,0,0,60,0,0,0,2582,detection,
2582273,8,2,1254,1254,0,0,0,0,0,0,61,0,0,0,2582,detection,
2582338,7,9,605,605,0,90,0,25,2,14,71,0,49,40,2582,detection,
2582372,13,9,605,605,0,90,0,25,2,13,76,0,49,40,2582,detection,
2582419,20,9,605,605,0,90,0,25,2,13,75,0,49,40,2582,detection,
2582424,3,9,605,605,0,90,0,25,2,14,71,0,49,40,2582,detection,
2583084,26,31,276,352,-76,0,14,100,32,25,56,0,60,40,2583,detection,
2583143,14,31,276,352,-76,0,13,100,21,0,57,0,60,40,2583,detection,
2583168,6,31,276,352,-76,0,12,100,97,0,66,0,48,40,2583,detection,
2583210,7,21,838,838,0,0,0,0,0,0,73,0,0,0,2583,detection,
2585156,18,14,762,762,0,0,0,0,0,0,58,0,0,0,2585,detection,
2585702,26,8,856,856,0,0,0,0,0,0,61,0,0,0,2585,detection,
2585723,17,8,856,856,0,0,0,0,0,0,62,0,0,0,2585,detection,
2585918,6,3,788,788,0,0,0,0,0,0,65,0,0,0,2585,detection,
2585922,20,3,788,788,0,0,0,0,0,0,66,0,0,0,2585,detection,
2586974,17,4,907,907,0,0,0,0,0,0,59,0,0,0,2586,detection,
2586975,2,4,907,907,0,0,0,0,0,0,56,0,0,0,2586,detection,
2586991,12,4,907,907,0,0,0,0,0,0,56,0,0,0,2586,detection,
2586991,25,4,907,907,0,0,0,0,0,0,59,0,0,0,2586,detection,
2587017,14,4,907,907,0,0,0,0,0,0,56,0,0,0,2587,detection,
2587021,8,4,907,907,0,0,0,0,0,0,60,0,0,0,2587,detection,
2587038,3,4,907,907,0,0,0,0,0,0,59,0,0,0,2587,detection,
2587046,20,4,907,907,0,0,0,0,0,0,59,0,0,0,2587,detection,
2587047,6,4,907,907,0,0,0,0,0,0,59,0,0,0,2587,detection,
2588461,7,21,863,863,0,0,0,0,0,0,75,0,0,0,2588,detection,
2590345,1,17,788,788,0,0,0,0,0,0,41,0,0,0,2590,detection,
2590370,25,17,788,788,0,0,0,0,0,0,64,0,0,0,2590,detection,
2590384,4,17,788,788,0,0,0,0,0,0,58,0,0,0,2590,detection,
2590456,26,17,788,788,0,0,0,0,0,0,55,0,0,0,2590,detection,
2591240,12,2,1274,1274,0,0,0,0,0,0,61,0,0,0,2591,detection,
2591271,8,2,1274,1274,0,0,0,0,0,0,59,0,0,0,2591,detection,
2592916,20,6,739,739,0,0,0,0,0,0,62,0,0,0,2592,detection,
2593544,3,29,276,764,-488,0,73,100,23,0,80,0,48,40,2593,detection,
2593587,7,29,276,764,-488,0,69,100,46,12,87,0,48,40,2593,detection,
2594042,9,7,739,739,0,0,0,0,0,0,59,0,0,0,2594,detection,
2594042,3,7,739,739,0,0,0,0,0,0,56,0,0,0,2594,detection,
2595221,17,26,784,784,0,0,0,0,0,0,59,0,0,0,2595,detection,
2597657,18,31,276,532,-256,0,47,100,0,0,55,0,60,40,2597,detection,
2597671,6,31,276,532,-256,0,43,100,20,0,65,0,48,40,2597,detection,
2597679,15,31,276,532,-256,0,44,70,10,0,62,0,55,40,2597,detection,
2597705,26,31,276,532,-256,0,45,100,21,23,59,0,60,40,2597,detection,
2598044,20,3,532,532,0,0,0,0,0,0,71,0,0,0,2598,detection,
2599045,3,9,886,886,0,81,0,17,0,13,77,0,49,40,2599,detection,
2599613,25,4,1251,1251,0,0,0,0,0,0,58,0,0,0,2599,detection,
2599647,8,4,1251,1251,0,0,0,0,0,0,60,0,0,0,2599,detection,
2599686,16,4,1251,1251,0,0,0,0,0,0,59,0,0,0,2599,detection,
2600147,8,2,1274,1274,0,0,0,0,0,0,60,0,0,0,2600,detection,
2600237,12,2,1274,1274,0,0,0,0,0,0,62,0,0,0,2600,detection,
2600588,1,25,532,532,0,0,0,0,0,0,34,0,0,0,2600,detection,
2600604,17,25,532,532,0,0,0,0,0,0,65,0,0,0,2600,detection,
2600648,8,25,532,532,0,0,0,0,0,0,57,0,0,0,2600,detection,
2600686,16,25,532,532,0,0,0,0,0,0,47,0,0,0,2600,detection,
2605916,20,3,551,551,0,0,0,0,0,0,71,0,0,0,2605,detection,
2606424,20,5,883,883,0,0,0,0,0,0,67,0,0,0,2606,detection,
2606462,19,5,883,883,0,0,0,0,0,0,74,0,0,0,2606,detection,
2607251,13,31,276,276,0,0,0,100,8,21,68,0,48,40,2607,detection,
2607259,4,31,276,276,0,0,0,0,61,0,59,0,0,0,2607,detection,
2607281,18,31,276,276,0,0,0,100,31,8,57,0,60,40,2607,detection,
2607294,6,31,276,276,0,0,0,100,28,7,67,0,48,40,2607,detection,
2607298,15,31,276,276,0,0,0,70,28,7,68,0,42,40,2607,detection,
2607329,26,31,276,276,0,0,0,100,30,23,60,0,60,40,2607,detection,
2607585,28,10,859,859,0,0,0,0,0,0,64,0,0,0,2607,detection,
2608710,19,13,605,605,0,100,0,0,0,0,77,0,49,40,2608,detection,
2610095,17,4,788,788,0,0,0,0,0,0,59,0,0,0,2610,detection,
2610112,25,4,788,788,0,0,0,0,0,0,58,0,0,0,2610,detection,
2610147,8,4,788,788,0,0,0,0,0,0,59,0,0,0,2610,detection,
2610163,9,4,788,788,0,0,0,0,0,0,52,0,0,0,2610,detection,
2610168,20,4,788,788,0,0,0,0,0,0,55,0,0,0,2610,detection,
2610185,16,4,788,788,0,0,0,0,0,0,58,0,0,0,2610,detection,
2612131,4,17,788,788,0,0,0,0,0,0,57,0,0,0,2612,detection,
2616081,21,30,276,298,-22,0,3,100,24,15,60,0,60,40,2616,detection,
2616123,27,30,276,298,-22,0,3,100,2,23,65,0,48,40,2616,detection,
2617204,26,31,276,276,0,0,0,100,0,23,61,0,57,40,2617,detection,
2617246,13,31,276,276,0,0,0,100,0,23,65,0,48,40,2617,detection,
2617254,4,31,276,276,0,0,0,0,0,0,60,0,0,0,2617,detection,
2617280,18,31,276,276,0,0,0,100,0,8,54,0,60,40,2617,detection,
2617284,5,31,276,276,0,0,0,0,30,0,58,0,0,0,2617,detection,
2617790,3,29,276,293,-17,0,2,100,46,0,82,0,48,40,2617,detection,
2619392,8,4,788,788,0,0,0,0,0,0,59,0,0,0,2619,detection,
2619469,17,4,788,788,0,0,0,0,0,0,54,0,0,0,2619,detection,
2619478,2,4,788,788,0,0,0,0,0,0,59,0,0,0,2619,detection,
2619515,14,4,788,788,0,0,0,0,0,0,59,0,0,0,2619,detection,
2620805,20,3,599,599,0,0,0,0,0,0,70,0,0,0,2620,detection,
2624416,9,2,1111,1111,0,0,0,0,0,0,66,0,0,0,2624,detection,
2624494,25,2,1111,1111,0,0,0,0,0,0,58,0,0,0,2624,detection,
2624494,13,2,1111,1111,0,0,0,0,0,0,60,0,0,0,2624,detection,
2625960,19,5,868,868,0,0,0,0,0,0,75,0,0,0,2625,detection,
2626252,27,21,532,532,0,0,0,0,0,0,75,0,0,0,2626,detection,
2626815,16,9,856,856,0,73,0,0,0,0,63,0,49,40,2626,detection,
2626924,20,15,532,532,0,0,0,0,0,0,59,0,0,0,2626,detection,
2627166,9,16,698,698,0,0,0,0,0,0,45,0,0,0,2627,detection,
2627177,15,16,698,698,0,0,0,0,0,0,62,0,0,0,2627,detection,
2627223,17,16,698,698,0,0,0,0,0,0,58,0,0,0,2627,detection,
2630118,25,2,855,855,0,0,0,0,0,0,59,0,0,0,2630,detection,
2630122,13,2,855,855,0,0,0,0,0,0,61,0,0,0,2630,detection,
2630399,8,4,788,788,0,0,0,0,0,0,58,0,0,0,2630,detection,
2630412,9,4,788,788,0,0,0,0,0,0,55,0,0,0,2630,detection,
2630417,6,4,788,788,0,0,0,0,0,0,59,0,0,0,2630,detection,
2630468,17,4,788,788,0,0,0,0,0,0,58,0,0,0,2630,detection,
2630913,3,29,276,285,-9,0,1,97,0,0,85,0,48,40,2630,detection,
2631034,18,29,276,285,-9,0,1,100,1,16,55,25,72,55,2631,detection,
2633202,21,26,532,532,0,0,0,0,0,0,87,0,0,0,2633,detection,
2633257,4,9,532,532,0,0,0,0,0,0,57,0,0,0,2633,detection,
2635666,24,22,1044,1044,0,0,0,0,0,0,47,0,0,0,2635,detection,
2635713,28,22,1044,1044,0,0,0,0,0,0,63,0,0,0,2635,detection,
2635739,11,22,1044,1044,0,0,0,0,0,0,53,0,0,0,2635,detection,
2638085,26,21,532,532,0,0,0,0,0,0,61,0,0,0,2638,detection,
2638123,27,21,532,532,0,0,0,0,0,0,74,0,0,0,2638,detection,
2639836,28,11,742,742,0,0,0,0,0,0,58,0,0,0,2639,detection,
2641047,20,19,788,788,0,0,0,0,0,0,49,0,0,0,2641,detection,
2643830,28,22,788,788,0,0,0,0,0,0,64,0,0,0,2643,detection,
2643855,11,22,788,788,0,0,0,0,0,0,54,0,0,0,2643,detection,
2643911,24,22,788,788,0,0,0,0,0,0,47,0,0,0,2643,detection,
2645787,9,4,788,788,0,0,0,0,0,0,57,0,0,0,2645,detection,
2645792,6,4,788,788,0,0,0,0,0,0,55,0,0,0,2645,detection,
2647515,1,17,788,788,0,0,0,0,0,0,41,0,0,0,2647,detection,
2647618,25,17,788,788,0,0,0,0,0,0,59,0,0,0,2647,detection,
2651616,25,2,855,855,0,0,0,0,0,0,56,0,0,0,2651,detection,
2652792,20,6,1142,1142,0,0,0,0,0,0,62,0,0,0,2652,detection,
2653538,3,29,276,285,-9,0,1,89,0,0,86,0,48,40,2653,detection,
2653712,19,5,868,868,0,0,0,0,0,0,77,0,0,0,2653,detection,
2653881,4,9,784,784,0,0,0,0,0,0,57,0,0,0,2653,detection,
2654421,20,3,556,556,0,0,0,0,0,0,70,0,0,0,2654,detection,
2655954,21,14,788,788,0,0,0,0,0,0,86,0,0,0,2655,detection,
2655963,19,14,788,788,0,0,0,0,0,0,68,0,0,0,2655,detection,
2655980,2,14,788,788,0,0,0,0,0,0,58,0,0,0,2655,detection,
2656032,18,14,788,788,0,0,0,0,0,0,53,0,0,0,2656,detection,
2657787,9,4,1040,1040,0,0,0,0,0,0,58,0,0,0,2657,detection,
2661577,21,25,532,532,0,0,0,0,0,0,61,0,0,0,2661,detection,
2661593,17,25,532,532,0,0,0,0,0,0,65,0,0,0,2661,detection,
2661603,2,25,532,532,0,0,0,0,0,0,60,0,0,0,2661,detection,
2661628,22,25,532,532,0,0,0,0,0,0,63,0,0,0,2661,detection,
2661628,27,25,532,532,0,0,0,0,0,0,60,0,0,0,2661,detection,
2661649,8,25,532,532,0,0,0,0,0,0,57,0,0,0,2661,detection,
2661709,28,22,788,788,0,0,0,0,0,0,65,0,0,0,2661,detection,
2661734,11,22,788,788,0,0,0,0,0,0,51,0,0,0,2661,detection,
2661785,24,22,788,788,0,0,0,0,0,0,48,0,0,0,2661,detection,
2664864,2,14,532,532,0,0,0,0,0,0,59,0,0,0,2664,detection,
2667329,26,8,856,856,0,0,0,0,0,0,61,0,0,0,2667,detection,
2667796,20,15,532,532,0,0,0,0,0,0,59,0,0,0,2667,detection,
2667916,3,29,276,276,0,0,0,78,0,6,88,0,48,40,2667,detection,
2668354,2,18,653,653,0,0,0,0,0,0,62,0,0,0,2668,detection,
2670879,4,9,788,788,0,0,0,0,0,0,56,0,0,0,2670,detection,
2672177,15,19,739,739,0,0,0,0,0,0,59,0,0,0,2672,detection,
2672212,28,19,739,739,0,0,0,0,0,0,60,0,0,0,2672,detection,
2672296,20,19,739,739,0,0,0,0,0,0,49,0,0,0,2672,detection,
2672910,18,31,276,532,-256,0,46,100,31,16,57,0,60,40,2672,detection,
2673021,14,31,276,532,-256,0,47,70,22,0,56,0,63,40,2673,detection,
2674543,20,6,788,788,0,0,0,0,0,0,60,0,0,0,2674,detection,
2674788,3,29,276,276,0,0,0,70,0,6,90,0,48,40,2674,detection,
2675768,14,22,739,739,0,100,0,0,0,0,64,0,49,40,2675,detection,
2675840,19,22,739,739,0,100,0,0,0,0,66,0,49,40,2675,detection,
2675861,11,22,739,739,0,100,0,0,0,0,61,0,54,40,2675,detection,
2679292,20,19,532,532,0,100,0,0,0,0,60,0,56,40,2679,detection,
2679297,15,19,532,532,0,100,0,0,0,0,66,0,49,40,2679,detection,
2679331,28,19,532,532,0,100,0,0,0,0,68,0,49,40,2679,detection,
2679370,12,19,532,532,0,100,0,0,0,0,78,0,49,40,2679,detection,
2679831,28,19,532,532,0,100,0,0,0,0,76,0,49,40,2679,detection,
2679863,12,19,532,532,0,100,0,0,0,0,88,0,49,40,2679,detection,
2679921,20,19,532,532,0,100,0,0,0,0,68,0,49,40,2679,detection,
2679926,15,19,532,532,0,100,0,0,0,0,74,0,49,40,2679,detection,
2680702,10,12,1044,1044,0,0,0,0,0,0,66,0,0,0,2680,detection,
2680707,28,12,1044,1044,0,0,0,0,0,0,63,0,0,0,2680,detection,
2680763,14,22,532,532,0,100,0,0,0,0,72,0,49,40,2680,detection,
2681289,20,6,788,788,0,0,0,0,0,0,61,0,0,0,2681,detection,
2681671,20,15,532,532,0,0,0,0,0,0,61,0,0,0,2681,detection,
2683330,21,16,689,689,0,0,0,0,0,0,58,0,0,0,2683,detection,
2685062,16,9,1210,1210,0,0,0,0,0,0,62,0,0,0,2685,detection,
2685122,13,9,1210,1210,0,0,0,17,0,14,72,0,0,0,2685,detection,
2685131,4,9,1210,1210,0,0,0,0,0,0,56,0,0,0,2685,detection,
2687049,15,19,532,532,0,100,0,0,0,0,83,0,49,40,2687,detection,
2687087,28,19,532,532,0,100,0,0,0,0,82,0,49,40,2687,detection,
2687114,12,19,532,532,0,100,0,0,0,0,100,0,49,40,2687,detection,
2687293,20,19,532,532,0,100,0,0,0,0,77,0,49,40,2687,detection,
2687459,28,12,1044,1044,0,0,0,0,0,0,62,0,0,0,2687,detection,
2688414,9,13,788,788,0,0,0,0,0,0,85,0,0,0,2688,detection,
2688458,19,13,788,788,0,0,0,0,0,0,75,0,0,0,2688,detection,
2688639,14,22,532,532,0,100,0,0,0,0,80,0,49,40,2688,detection,
2689668,20,15,532,532,0,0,0,0,0,0,62,0,0,0,2689,detection,
2690154,18,31,276,532,-256,0,46,100,0,16,57,0,60,40,2690,detection,
2692505,4,9,954,954,0,0,0,0,0,0,58,0,0,0,2692,detection,
2693768,8,10,788,788,0,0,0,0,0,0,67,0,0,0,2693,detection,
2693792,3,10,788,788,0,0,0,0,0,0,64,0,0,0,2693,detection,
2693810,16,10,788,788,0,0,0,0,0,0,61,0,0,0,2693,detection,
2693836,28,10,788,788,0,0,0,0,0,0,63,0,0,0,2693,detection,
2694113,11,10,788,788,0,0,0,0,0,0,62,0,0,0,2694,detection,
2694142,8,10,788,788,0,0,0,0,0,0,65,0,0,0,2694,detection,
2694165,3,10,788,788,0,0,0,0,0,0,63,0,0,0,2694,detection,
2694169,6,10,788,788,0,0,0,0,0,0,62,0,0,0,2694,detection,
2694206,28,10,788,788,0,0,0,0,0,0,62,0,0,0,2694,detection,
2694997,27,30,276,532,-256,0,43,100,26,15,64,0,48,40,2694,detection,
2695018,14,30,276,532,-256,0,44,70,6,0,62,0,55,40,2695,detection,
2695456,19,13,788,788,0,0,0,0,0,0,73,0,0,0,2695,detection,
2696785,9,4,1342,1342,0,0,0,0,0,0,64,0,0,0,2696,detection,
2696790,6,4,1342,1342,0,0,0,0,0,0,68,0,0,0,2696,detection,
2696811,16,4,1342,1342,0,0,0,0,0,0,63,0,0,0,2696,detection,
2697044,20,15,532,532,0,0,0,0,0,0,59,0,0,0,2697,detection,
2697290,3,29,276,319,-43,0,6,70,4,12,89,0,48,40,2697,detection,
2697558,16,9,788,788,0,0,0,0,0,0,61,0,0,0,2697,detection,
2698126,27,30,276,532,-256,0,44,100,0,15,62,0,54,40,2698,detection,
2698140,14,30,276,532,-256,0,45,100,0,0,61,0,57,40,2698,detection,
2698836,1,27,823,823,0,0,0,0,0,0,41,0,0,0,2698,detection,
2698892,8,10,1044,1044,0,0,0,0,0,0,64,0,0,0,2698,detection,
2698917,3,10,1044,1044,0,0,0,0,0,0,61,0,0,0,2698,detection,
2699040,5,31,276,532,-256,0,46,70,31,8,57,0,64,40,2699,detection,
2699254,27,16,981,981,0,0,0,0,0,0,64,0,0,0,2699,detection,
2699254,4,16,981,981,0,0,0,0,0,0,67,0,0,0,2699,detection,
2699287,9,16,981,981,0,0,0,0,0,0,46,0,0,0,2699,detection,
2699665,6,28,788,788,0,0,0,0,0,0,59,0,0,0,2699,detection,
2699921,6,19,532,532,0,100,0,0,0,0,69,0,49,40,2699,detection,
2700038,9,13,788,788,0,0,0,0,0,0,79,0,0,0,2700,detection,
2700700,21,26,768,768,0,0,0,0,0,0,83,0,0,0,2700,detection,
2701417,20,15,532,532,0,0,0,0,0,0,59,0,0,0,2701,detection,
2702876,27,4,1044,1044,0,0,0,0,0,0,56,0,0,0,2702,detection,
2702934,16,4,1044,1044,0,0,0,0,0,0,62,0,0,0,2702,detection,
2704380,4,31,276,327,-51,0,8,70,5,0,61,0,58,40,2704,detection,
2704416,24,3,548,548,0,0,0,0,0,0,62,0,0,0,2704,detection,
2704535,18,22,532,532,0,100,0,0,0,0,65,0,49,40,2704,detection,
2704610,11,12,1044,1044,0,0,0,0,0,0,61,0,0,0,2704,detection,
2704640,14,12,1044,1044,0,0,0,0,0,0,58,0,0,0,2704,detection,
2704972,1,27,823,823,0,0,0,0,0,0,39,0,0,0,2704,detection,
2704998,13,27,823,823,0,0,0,77,0,7,60,0,60,40,2704,detection,
2705010,4,27,823,823,0,0,0,0,0,0,63,0,0,0,2705,detection,
2705544,6,10,1044,1044,0,0,0,0,0,0,61,0,0,0,2705,detection,
2705556,16,10,1044,1044,0,0,0,0,0,0,56,0,0,0,2705,detection,
2705564,9,10,1044,1044,0,0,0,0,0,0,63,0,0,0,2705,detection,
2705612,11,10,1044,1044,0,0,0,0,0,0,57,0,0,0,2705,detection,
2705869,12,16,1166,1166,0,0,0,0,0,0,62,0,0,0,2705,detection,
2705878,27,16,1166,1166,0,0,0,0,0,0,64,0,0,0,2705,detection,
2705878,4,16,1166,1166,0,0,0,0,0,0,67,0,0,0,2705,detection,
2705915,9,16,1166,1166,0,0,0,0,0,0,48,0,0,0,2705,detection,
2705930,15,16,1166,1166,0,0,0,0,0,0,64,0,0,0,2705,detection,
2705962,28,10,1044,1044,0,0,0,0,0,0,61,0,0,0,2705,detection,
2706200,21,26,1097,1097,0,0,0,0,0,0,79,0,0,0,2706,detection,
2706241,12,5,532,532,0,0,0,0,0,0,70,0,0,0,2706,detection,
2706401,12,19,768,768,0,100,0,0,0,0,100,0,49,40,2706,detection,
2707882,4,9,532,532,0,0,0,0,0,0,59,0,0,0,2707,detection,
2710562,16,4,1044,1044,0,0,0,0,0,0,61,0,0,0,2710,detection,
2710576,10,4,1044,1044,0,0,0,0,0,0,59,0,0,0,2710,detection,
2710605,2,4,1044,1044,0,0,0,0,0,0,58,0,0,0,2710,detection,
2710618,12,4,1044,1044,0,0,0,0,0,0,59,0,0,0,2710,detection,
2710623,27,4,1044,1044,0,0,0,0,0,0,59,0,0,0,2710,detection,
2710644,14,4,1044,1044,0,0,0,0,0,0,59,0,0,0,2710,detection,
2711175,1,12,1044,1044,0,0,0,0,0,0,44,0,0,0,2711,detection,
2711197,10,12,1044,1044,0,0,0,0,0,0,65,0,0,0,2711,detection,
2711208,19,12,1044,1044,0,0,0,0,0,0,61,0,0,0,2711,detection,
2711239,11,12,1044,1044,0,0,0,0,0,0,64,0,0,0,2711,detection,
2711265,14,12,1044,1044,0,0,0,0,0,0,58,0,0,0,2711,detection,
2711283,5,12,1044,1044,0,0,0,0,0,0,59,0,0,0,2711,detection,
2711500,27,30,276,276,0,0,0,100,29,23,63,0,48,40,2711,detection,
2711521,14,30,276,276,0,0,0,100,28,7,67,0,48,40,2711,detection,
2713783,18,14,532,532,0,0,0,0,0,0,55,0,0,0,2713,detection,
2714791,20,6,853,853,0,0,0,0,0,0,61,0,0,0,2714,detection,
2715653,18,16,788,788,0,0,0,0,0,0,59,0,0,0,2715,detection,
2715698,10,16,788,788,0,0,0,0,0,0,59,0,0,0,2715,detection,
2715728,2,16,788,788,0,0,0,0,0,0,67,0,0,0,2715,detection,
2715741,12,16,788,788,0,0,0,0,0,0,64,0,0,0,2715,detection,
2715817,1,12,1044,1044,0,0,0,0,0,0,43,0,0,0,2715,detection,
2715825,10,12,1044,1044,0,0,0,0,0,0,63,0,0,0,2715,detection,
2715833,19,12,1044,1044,0,0,0,0,0,0,60,0,0,0,2715,detection,
2715907,5,12,1044,1044,0,0,0,0,0,0,59,0,0,0,2715,detection,
2717002,13,9,532,532,0,0,0,0,0,0,71,0,0,0,2717,detection,
2717007,4,9,532,532,0,0,0,0,0,0,60,0,0,0,2717,detection,
2717049,20,9,532,532,0,0,0,17,0,13,75,0,0,0,2717,detection,
2717058,16,9,532,532,0,0,0,0,0,0,61,0,0,0,2717,detection,
2717306,6,10,1044,1044,0,0,0,0,0,0,60,0,0,0,2717,detection,
2717308,16,10,1044,1044,0,0,0,0,0,0,55,0,0,0,2717,detection,
2718188,16,4,788,788,0,0,0,0,0,0,59,0,0,0,2718,detection,
2718223,17,4,788,788,0,0,0,0,0,0,59,0,0,0,2718,detection,
2718223,2,4,788,788,0,0,0,0,0,0,59,0,0,0,2718,detection,
2718249,27,4,788,788,0,0,0,0,0,0,59,0,0,0,2718,detection,
2718287,9,4,788,788,0,0,0,0,0,0,61,0,0,0,2718,detection,
2718303,6,4,788,788,0,0,0,0,0,0,69,0,0,0,2718,detection,
2718950,21,26,1303,1303,0,0,0,0,0,0,71,0,0,0,2718,detection,
2719212,28,11,742,742,0,0,0,0,0,0,57,0,0,0,2719,detection,
2719289,5,31,276,316,-40,0,7,71,26,8,58,0,72,55,2719,detection,
2720090,21,30,276,532,-256,0,45,70,27,0,59,0,71,55,2720,detection,
2720276,18,16,532,532,0,0,0,0,0,0,59,0,0,0,2720,detection,
2720285,24,3,776,776,0,0,0,0,0,0,61,0,0,0,2720,detection,
2721433,16,9,532,532,0,0,0,0,0,0,58,0,0,0,2721,detection,
2722413,9,13,992,992,0,0,0,0,0,0,75,0,0,0,2722,detection,
2722462,28,13,992,992,0,0,0,0,0,0,77,0,0,0,2722,detection,
2723112,11,10,788,788,0,0,0,0,0,0,60,0,0,0,2723,detection,
2723168,6,10,788,788,0,0,0,0,0,0,59,0,0,0,2723,detection,
2723211,28,10,788,788,0,0,0,0,0,0,56,0,0,0,2723,detection,
2723237,12,5,762,762,0,0,0,0,0,0,68,0,0,0,2723,detection,
2724170,6,19,788,788,0,0,0,0,0,0,70,0,0,0,2724,detection,
2724174,20,19,788,788,0,0,0,0,0,0,75,0,0,0,2724,detection,
2726310,1,12,1044,1044,0,0,0,0,0,0,37,0,0,0,2726,detection,
2726319,10,12,1044,1044,0,0,0,0,0,0,58,0,0,0,2726,detection,
2726334,19,12,1044,1044,0,0,0,0,0,0,59,0,0,0,2726,detection,
2726408,5,12,1044,1044,0,0,0,0,0,0,58,0,0,0,2726,detection,
2728060,16,10,532,532,0,0,0,0,0,0,60,0,0,0,2728,detection,
2728081,28,10,532,532,0,0,0,0,0,0,57,0,0,0,2728,detection,
2728107,11,10,532,532,0,0,0,0,0,0,62,0,0,0,2728,detection,
2728917,20,19,788,788,0,0,0,0,0,0,67,0,0,0,2728,detection,
2728917,6,19,788,788,0,0,0,0,0,0,68,0,0,0,2728,detection,
2728925,15,19,788,788,0,0,0,0,0,0,79,0,0,0,2728,detection,
2728960,28,19,788,788,0,0,0,0,0,0,80,0,0,0,2728,detection,
2728990,12,19,788,788,0,0,0,0,0,0,100,0,0,0,2728,detection,
2729220,17,4,788,788,0,0,0,0,0,0,59,0,0,0,2729,detection,
2731074,10,27,818,818,0,0,0,0,0,0,63,0,0,0,2731,detection,
2732253,4,9,788,788,0,0,0,0,0,0,55,0,0,0,2732,detection,
2738320,10,12,1300,1300,0,0,0,0,0,0,61,0,0,0,2738,detection,
2738996,25,17,992,992,0,0,0,0,0,0,58,0,0,0,2738,detection,
2743115,11,5,764,764,0,0,0,0,0,0,65,0,0,0,2743,detection,
2743388,1,21,532,532,0,0,0,0,0,0,56,0,0,0,2743,detection,
2743504,27,21,532,532,0,0,0,0,0,0,73,0,0,0,2743,detection,
2745173,15,30,276,532,-256,0,46,70,0,0,57,0,61,40,2745,detection,
2745416,24,11,742,742,0,0,0,0,0,0,58,0,0,0,2745,detection,
2748661,24,29,276,20,256,0,43,70,62,7,64,0,42,40,2748,detection,
2749293,6,28,762,762,0,0,0,0,0,0,54,0,0,0,2749,detection,
2751423,15,30,276,532,-256,0,46,100,0,0,57,0,60,40,2751,detection,
2751744,13,9,813,813,0,0,0,0,0,0,68,0,0,0,2751,detection,
2753092,17,4,788,788,0,0,0,0,0,0,59,0,0,0,2753,detection,
2753113,25,4,788,788,0,0,0,0,0,0,55,0,0,0,2753,detection,
2753117,12,4,788,788,0,0,0,0,0,0,59,0,0,0,2753,detection,
2753148,8,4,788,788,0,0,0,0,0,0,55,0,0,0,2753,detection,
2753165,6,4,788,788,0,0,0,0,0,0,69,0,0,0,2753,detection,
2756083,28,12,1300,1300,0,0,0,0,0,0,61,0,0,0,2756,detection,
2756286,9,13,957,957,0,0,0,0,0,0,72,0,0,0,2756,detection,
2756292,24,13,957,957,0,0,0,0,0,0,82,0,0,0,2756,detection,
2756394,14,13,957,957,0,0,0,0,0,0,72,0,0,0,2756,detection,
2757120,13,27,818,818,0,0,0,70,0,0,58,0,61,40,2757,detection,
2757132,4,27,818,818,0,0,0,0,0,0,58,0,0,0,2757,detection,
2757154,18,27,818,818,0,0,0,0,0,0,57,0,0,0,2757,detection,
2765456,28,12,1044,1044,0,0,0,0,0,0,62,0,0,0,2765,detection,
2766018,14,30,276,532,-256,0,43,100,28,15,66,0,48,40,2766,detection,
2766809,20,5,764,764,0,0,0,0,0,0,65,0,0,0,2766,detection,
2766837,19,5,764,764,0,0,0,0,0,0,78,0,0,0,2766,detection,
2766861,11,5,764,764,0,0,0,0,0,0,64,0,0,0,2766,detection,
2766866,12,5,764,764,0,0,0,0,0,0,67,0,0,0,2766,detection,
2767097,17,16,989,989,0,0,0,0,0,0,60,0,0,0,2767,detection,
2767119,25,16,989,989,0,0,0,0,0,0,64,0,0,0,2767,detection,
2767131,4,16,989,989,0,0,0,0,0,0,65,0,0,0,2767,detection,
2767149,8,16,989,989,0,0,0,0,0,0,64,0,0,0,2767,detection,
2768531,5,14,788,788,0,0,0,0,0,0,59,0,0,0,2768,detection,
2768532,18,14,788,788,0,0,0,0,0,0,58,0,0,0,2768,detection,
2768544,20,14,788,788,0,0,0,0,0,0,56,0,0,0,2768,detection,
2768574,10,14,788,788,0,0,0,0,0,0,56,0,0,0,2768,detection,
2769278,18,10,1044,1044,0,0,0,0,0,0,63,0,0,0,2769,detection,
2769286,24,10,1044,1044,0,0,0,0,0,0,64,0,0,0,2769,detection,
2769359,11,10,1044,1044,0,0,0,0,0,0,64,0,0,0,2769,detection,
2771149,8,25,532,532,0,0,0,0,0,0,57,0,0,0,2771,detection,
2771188,16,25,532,532,0,0,0,0,0,0,47,0,0,0,2771,detection,
2771217,17,25,532,532,0,0,0,0,0,0,65,0,0,0,2771,detection,
2771252,27,25,532,532,0,0,0,0,0,0,57,0,0,0,2771,detection,
2772803,15,31,276,276,0,0,0,70,0,7,69,0,48,40,2772,detection,
2775033,5,14,788,788,0,0,0,0,0,0,58,0,0,0,2775,detection,
2775034,18,14,788,788,0,0,0,0,0,0,58,0,0,0,2775,detection,
2775042,20,14,788,788,0,0,0,0,0,0,56,0,0,0,2775,detection,
2775068,10,14,788,788,0,0,0,0,0,0,56,0,0,0,2775,detection,
2775106,2,14,788,788,0,0,0,0,0,0,58,0,0,0,2775,detection,
2775706,26,11,532,532,0,0,0,0,0,0,58,0,0,0,2775,detection,
2775925,15,31,276,532,-256,0,42,100,28,14,67,0,48,40,2775,detection,
2776242,25,16,788,788,0,0,0,0,0,0,64,0,0,0,2776,detection,
2776254,4,16,788,788,0,0,0,0,0,0,60,0,0,0,2776,detection,
2776271,8,16,788,788,0,0,0,0,0,0,63,0,0,0,2776,detection,
2776416,3,29,276,20,256,0,34,70,26,17,96,0,46,40,2776,detection,
2776463,7,29,276,20,256,0,33,100,64,16,100,0,48,40,2776,detection,
2778086,28,12,1044,1044,0,0,0,0,0,0,63,0,0,0,2778,detection,
2778106,1,12,1044,1044,0,0,0,0,0,0,43,0,0,0,2778,detection,
2779896,8,4,788,788,0,0,0,0,0,0,58,0,0,0,2779,detection,
2779914,3,4,788,788,0,0,0,0,0,0,55,0,0,0,2779,detection,
2781646,8,16,1556,1556,0,0,0,0,0,0,71,0,0,0,2781,detection,
2781677,15,16,1556,1556,0,0,0,0,0,0,66,0,0,0,2781,detection,
2782198,10,14,1044,1044,0,0,0,0,0,0,56,0,0,0,2782,detection,
2782211,19,14,1044,1044,0,0,0,0,0,0,66,0,0,0,2782,detection,
2782228,2,14,1044,1044,0,0,0,0,0,0,54,0,0,0,2782,detection,
2782237,11,14,1044,1044,0,0,0,0,0,0,47,0,0,0,2782,detection,
2782796,6,31,276,532,-256,0,43,70,28,0,66,0,42,40,2782,detection,
2782800,15,31,276,532,-256,0,45,100,0,15,61,0,57,40,2782,detection,
2785870,25,17,788,788,0,0,0,0,0,0,61,0,0,0,2785,detection,
2787491,25,4,1300,1300,0,0,0,0,0,0,65,0,0,0,2787,detection,
2787500,27,4,1300,1300,0,0,0,0,0,0,66,0,0,0,2787,detection,
2787520,8,4,1300,1300,0,0,0,0,0,0,63,0,0,0,2787,detection,
2787696,10,14,1044,1044,0,0,0,0,0,0,55,0,0,0,2787,detection,
2790080,26,11,580,580,0,0,0,0,0,0,54,0,0,0,2790,detection,
2792909,5,13,899,899,0,0,0,0,0,0,100,0,0,0,2792,detection,
2792981,2,13,899,899,0,0,0,0,0,0,66,0,0,0,2792,detection,
2793419,20,5,740,740,0,0,0,0,0,0,63,0,0,0,2793,detection,
2793486,11,5,740,740,0,0,0,0,0,0,60,0,0,0,2793,detection,
2794505,4,16,1556,1556,0,0,0,0,0,0,63,0,0,0,2794,detection,
2795199,10,17,788,788,0,0,0,0,0,0,60,0,0,0,2795,detection,
2795209,26,17,788,788,0,0,0,0,0,0,54,0,0,0,2795,detection,
2796004,4,27,788,788,0,0,0,0,0,0,61,0,0,0,2796,detection,
2796742,1,21,768,768,0,0,0,0,0,0,53,0,0,0,2796,detection,
2796833,26,21,768,768,0,0,0,0,0,0,60,0,0,0,2796,detection,
2797778,18,10,1120,1120,0,0,0,0,0,0,62,0,0,0,2797,detection,
2797860,11,10,1120,1120,0,0,0,0,0,0,64,0,0,0,2797,detection,
2797996,11,5,949,949,0,0,0,0,0,0,58,0,0,0,2797,detection,
2798460,28,19,1017,1017,0,0,0,0,0,0,76,0,0,0,2798,detection,
2798707,19,14,512,512,0,0,0,0,0,0,67,0,0,0,2798,detection,
2799422,6,20,1348,1348,0,0,0,0,0,0,59,0,0,0,2799,detection,
2799993,25,16,1300,1300,0,0,0,0,0,0,58,0,0,0,2799,detection,
2800002,27,16,1300,1300,0,0,0,0,0,0,63,0,0,0,2800,detection,
2800209,19,13,899,899,0,0,0,0,0,0,70,0,0,0,2800,detection,
2800225,2,13,899,899,0,0,0,0,0,0,61,0,0,0,2800,detection,
2800496,25,27,1044,1044,0,0,0,0,0,0,67,0,0,0,2800,detection,
2800504,4,27,1044,1044,0,0,0,0,0,0,60,0,0,0,2800,detection,
2800936,16,4,1300,1300,0,0,0,0,0,0,64,0,0,0,2800,detection,
2800991,25,4,1300,1300,0,0,0,0,0,0,66,0,0,0,2800,detection,
2801000,27,4,1300,1300,0,0,0,0,0,0,67,0,0,0,2801,detection,
2801939,1,21,512,512,0,0,0,0,0,0,53,0,0,0,2801,detection,
2801960,26,21,512,512,0,0,0,0,0,0,60,0,0,0,2801,detection,
2803795,6,19,768,768,0,0,0,0,0,0,65,0,0,0,2803,detection,
2803833,28,19,768,768,0,0,0,0,0,0,72,0,0,0,2803,detection,
2803868,12,19,768,768,0,0,0,0,0,0,90,0,0,0,2803,detection,
2804791,1,12,768,768,0,0,0,0,0,0,43,0,0,0,2804,detection,
2804833,19,12,768,768,0,0,0,0,0,0,59,0,0,0,2804,detection,
2804837,28,12,768,768,0,0,0,0,0,0,62,0,0,0,2804,detection,
2804889,14,12,768,768,0,0,0,0,0,0,57,0,0,0,2804,detection,
2804989,11,5,532,532,0,0,0,0,0,0,64,0,0,0,2804,detection,
2805125,13,31,276,276,0,0,0,100,0,21,70,0,48,40,2805,detection,
2805128,22,31,276,276,0,0,0,0,61,0,59,0,0,0,2805,detection,
2805168,6,31,276,276,0,0,0,70,29,7,63,0,42,40,2805,detection,
2805172,15,31,276,276,0,0,0,100,28,23,66,0,48,40,2805,detection,
2805214,26,31,276,276,0,0,0,100,0,23,62,0,54,40,2805,detection,
2805541,20,6,873,873,0,0,0,0,0,0,61,0,0,0,2805,detection,
2805542,3,6,873,873,0,0,0,0,0,0,69,0,0,0,2805,detection,
2806114,25,16,1300,1300,0,0,0,0,0,0,60,0,0,0,2806,detection,
2806123,27,16,1300,1300,0,0,0,0,0,0,64,0,0,0,2806,detection,
2806127,4,16,1300,1300,0,0,0,0,0,0,64,0,0,0,2806,detection,
2808993,1,26,1024,1024,0,0,0,0,0,0,39,0,0,0,2808,detection,
2809492,25,27,788,788,0,0,0,0,0,0,68,0,0,0,2809,detection,
2809505,4,27,788,788,0,0,0,0,0,0,60,0,0,0,2809,detection,
2810912,24,3,777,777,0,0,0,0,0,0,60,0,0,0,2810,detection,
2811082,28,19,512,512,0,0,0,0,0,0,73,0,0,0,2811,detection,
2812736,11,5,1300,1300,0,0,0,0,0,0,63,0,0,0,2812,detection,
2813165,24,13,899,899,0,0,0,0,0,0,77,0,0,0,2813,detection,
2813304,1,12,768,768,0,0,0,0,0,0,41,0,0,0,2813,detection,
2814358,11,10,1120,1120,0,0,0,0,0,0,64,0,0,0,2814,detection,
2814422,15,31,276,276,0,0,0,0,0,0,67,0,0,0,2814,detection,
2814454,26,31,276,276,0,0,0,100,0,15,62,50,98,100,2814,detection,
2814496,13,31,276,276,0,0,0,100,0,21,71,0,48,40,2814,detection,
2814500,22,31,276,276,0,0,0,0,0,0,60,0,0,0,2814,detection,
2816542,6,20,1296,1296,0,0,0,0,0,0,58,0,0,0,2816,detection,
2817750,27,25,969,969,0,0,0,0,0,0,57,0,0,0,2817,detection,
2818458,26,21,742,742,0,0,0,0,0,0,59,0,0,0,2818,detection,
2818623,27,16,1300,1300,0,0,0,0,0,0,61,0,0,0,2818,detection,
2818627,22,16,1300,1300,0,0,0,0,0,0,68,0,0,0,2818,detection,
2818631,4,16,1300,1300,0,0,0,0,0,0,65,0,0,0,2818,detection,
2818648,8,16,1300,1300,0,0,0,0,0,0,69,0,0,0,2818,detection,
2818665,9,16,1300,1300,0,0,0,0,0,0,53,0,0,0,2818,detection,
2819048,20,9,1044,1044,0,0,0,8,0,14,72,0,0,0,2819,detection,
2819058,16,9,1044,1044,0,0,0,0,0,0,61,0,0,0,2819,detection,
2819134,4,9,1044,1044,0,0,0,0,0,0,59,0,0,0,2819,detection,
2819594,1,26,768,768,0,0,0,0,0,0,41,0,0,0,2819,detection,
2823140,14,12,512,512,0,0,0,0,0,0,58,0,0,0,2823,detection,
2823209,28,19,512,512,0,0,0,0,0,0,72,0,0,0,2823,detection,
2827649,1,26,512,512,0,0,0,0,0,0,43,0,0,0,2827,detection,
2827705,21,26,512,512,0,0,0,0,0,0,77,0,0,0,2827,detection,
2827792,6,28,788,788,0,0,0,0,0,0,58,0,0,0,2827,detection,
2829300,15,16,1300,1300,0,0,0,0,0,0,72,0,0,0,2829,detection,
2829733,11,5,1111,1111,0,0,0,0,0,0,64,0,0,0,2829,detection,
2830309,16,9,1254,1254,0,0,0,0,0,0,60,0,0,0,2830,detection,
2833505,4,9,1300,1300,0,0,0,0,0,0,58,0,0,0,2833,detection,
2833555,16,9,1300,1300,0,0,0,0,0,0,59,0,0,0,2833,detection,
2834993,12,2,532,532,0,0,0,0,0,0,63,0,0,0,2834,detection,
2834998,13,2,532,532,0,0,0,0,0,0,62,0,0,0,2834,detection,
2835024,8,2,532,532,0,0,0,0,0,0,65,0,0,0,2835,detection,
2835357,11,5,532,532,0,0,0,0,0,0,65,0,0,0,2835,detection,
2835379,12,5,532,532,0,0,0,0,0,0,64,0,0,0,2835,detection,
2835421,20,5,532,532,0,0,0,0,0,0,68,0,0,0,2835,detection,
2837084,28,12,788,788,0,0,0,0,0,0,57,0,0,0,2837,detection,
2837114,11,12,788,788,0,0,0,0,0,0,58,0,0,0,2837,detection,
2837157,5,12,788,788,0,0,0,0,0,0,58,0,0,0,2837,detection,
2837496,22,27,1044,1044,0,0,0,0,0,0,66,0,0,0,2837,detection,
2837508,4,27,1044,1044,0,0,0,0,0,0,60,0,0,0,2837,detection,
2837615,25,27,1044,1044,0,0,0,0,0,0,66,0,0,0,2837,detection,
2838235,11,10,894,894,0,0,0,0,0,0,64,0,0,0,2838,detection,
2838367,1,26,512,512,0,0,0,0,0,0,43,0,0,0,2838,detection,
2839046,20,4,1044,1044,0,0,0,0,0,0,59,0,0,0,2839,detection,
2839114,25,4,1044,1044,0,0,0,0,0,0,65,0,0,0,2839,detection,
2839123,27,4,1044,1044,0,0,0,0,0,0,66,0,0,0,2839,detection,
2840166,20,5,532,532,0,0,0,0,0,0,69,0,0,0,2840,detection,
2840579,21,14,512,512,0,0,0,0,0,0,84,0,0,0,2840,detection,
2840588,19,14,512,512,0,0,0,0,0,0,65,0,0,0,2840,detection,
2841987,12,2,532,532,0,0,0,0,0,0,63,0,0,0,2841,detection,
2841995,13,2,532,532,0,0,0,0,0,0,63,0,0,0,2841,detection,
2841996,25,2,532,532,0,0,0,0,0,0,61,0,0,0,2841,detection,
2842021,8,2,532,532,0,0,0,0,0,0,66,0,0,0,2842,detection,
2842287,9,16,1300,1300,0,0,0,0,0,0,55,0,0,0,2842,detection,
2842308,15,16,1300,1300,0,0,0,0,0,0,73,0,0,0,2842,detection,
2844944,10,17,580,580,0,0,0,0,0,0,61,0,0,0,2844,detection,
2846581,28,12,992,992,0,0,0,0,0,0,56,0,0,0,2846,detection,
2846827,10,27,1044,1044,0,0,0,0,0,0,61,0,0,0,2846,detection,
2846866,25,27,1044,1044,0,0,0,0,0,0,64,0,0,0,2846,detection,
2846874,22,27,1044,1044,0,0,0,0,0,0,64,0,0,0,2846,detection,
2846878,4,27,1044,1044,0,0,0,0,0,0,59,0,0,0,2846,detection,
2848553,15,13,887,887,0,0,0,0,0,0,100,0,0,0,2848,detection,
2848590,7,13,887,887,0,0,0,0,0,0,61,0,0,0,2848,detection,
2848663,24,13,887,887,0,0,0,0,0,0,73,0,0,0,2848,detection,
2849415,6,28,788,788,0,0,0,0,0,0,57,0,0,0,2849,detection,
2851896,14,31,276,532,-256,0,47,100,0,0,56,0,60,40,2851,detection,
2855279,18,27,1044,1044,0,0,0,0,0,0,57,0,0,0,2855,detection,
2855321,10,27,1044,1044,0,0,0,0,0,0,60,0,0,0,2855,detection,
2855368,25,27,1044,1044,0,0,0,0,0,0,59,0,0,0,2855,detection,
2855381,4,27,1044,1044,0,0,0,0,0,0,59,0,0,0,2855,detection,
2855613,12,2,810,810,0,0,0,0,0,0,63,0,0,0,2855,detection,
2855617,25,2,810,810,0,0,0,0,0,0,62,0,0,0,2855,detection,
2855621,13,2,810,810,0,0,0,0,0,0,64,0,0,0,2855,detection,
2855647,8,2,810,810,0,0,0,0,0,0,66,0,0,0,2855,detection,
2855668,9,2,810,810,0,0,0,0,0,0,66,0,0,0,2855,detection,
2857334,7,13,788,788,0,0,0,0,0,0,64,0,0,0,2857,detection,
2857334,19,13,788,788,0,0,0,0,0,0,64,0,0,0,2857,detection,
2857355,2,13,788,788,0,0,0,0,0,0,63,0,0,0,2857,detection,
2858873,13,31,276,276,0,0,0,100,0,21,72,0,48,40,2858,detection,
2858895,14,31,276,276,0,0,0,100,30,8,58,0,60,40,2858,detection,
2859913,9,4,1300,1300,0,0,0,0,0,0,66,0,0,0,2859,detection,
2861334,26,21,532,532,0,0,0,0,0,0,60,0,0,0,2861,detection,
2861338,7,21,532,532,0,0,0,0,0,0,77,0,0,0,2861,detection,
2862422,20,9,1322,1322,0,0,0,0,0,14,68,0,0,0,2862,detection,
2864266,14,31,276,532,-256,0,46,100,31,16,57,0,60,40,2864,detection,
2866144,14,13,532,532,0,0,0,0,0,0,74,0,0,0,2866,detection,
2866161,24,13,532,532,0,0,0,0,0,0,73,0,0,0,2866,detection,
2866174,15,13,532,532,0,0,0,0,0,0,96,0,0,0,2866,detection,
2866211,7,13,532,532,0,0,0,0,0,0,65,0,0,0,2866,detection,
2868365,12,2,918,918,0,0,0,0,0,0,58,0,0,0,2868,detection,
2868365,25,2,918,918,0,0,0,0,0,0,61,0,0,0,2868,detection,
2868378,22,2,918,918,0,0,0,0,0,0,67,0,0,0,2868,detection,
2868412,9,2,918,918,0,0,0,0,0,0,64,0,0,0,2868,detection,
2869061,16,9,1174,1174,0,0,0,0,0,0,60,0,0,0,2869,detection,
2869100,2,9,1174,1174,0,0,0,0,0,0,62,0,0,0,2869,detection,
2869130,4,9,1174,1174,0,0,0,0,0,0,59,0,0,0,2869,detection,
2869168,20,9,1174,1174,0,0,0,0,0,15,65,0,0,0,2869,detection,
2869372,22,27,1521,1521,0,0,0,0,0,0,63,0,0,0,2869,detection,
2869381,4,27,1521,1521,0,0,0,0,0,0,58,0,0,0,2869,detection,
2869445,10,27,1521,1521,0,0,0,0,0,0,60,0,0,0,2869,detection,
2870232,2,16,788,788,0,0,0,0,0,0,65,0,0,0,2870,detection,
2870240,12,16,788,788,0,0,0,0,0,0,63,0,0,0,2870,detection,
2870245,25,16,788,788,0,0,0,0,0,0,62,0,0,0,2870,detection,
2870249,13,16,788,788,0,0,0,0,0,0,59,0,0,0,2870,detection,
2870249,27,16,788,788,0,0,0,0,0,0,64,0,0,0,2870,detection,
2870253,22,16,788,788,0,0,0,0,0,0,66,0,0,0,2870,detection,
2870263,4,16,788,788,0,0,0,0,0,0,64,0,0,0,2870,detection,
2870288,9,16,788,788,0,0,0,0,0,0,57,0,0,0,2870,detection,
2870307,15,16,788,788,0,0,0,0,0,0,71,0,0,0,2870,detection,
2870949,10,12,1044,1044,0,0,0,0,0,0,60,0,0,0,2870,detection,
2870958,19,12,1044,1044,0,0,0,0,0,0,58,0,0,0,2870,detection,
2870984,11,12,1044,1044,0,0,0,0,0,0,61,0,0,0,2870,detection,
2871823,16,25,1412,1412,0,0,0,0,0,0,51,0,0,0,2871,detection,
2871825,10,25,1412,1412,0,0,0,0,0,0,60,0,0,0,2871,detection,
2871829,26,25,1412,1412,0,0,0,0,0,0,54,0,0,0,2871,detection,
2871859,2,25,1412,1412,0,0,0,0,0,0,56,0,0,0,2871,detection,
2871873,27,25,1412,1412,0,0,0,0,0,0,61,0,0,0,2871,detection,
2871876,22,25,1412,1412,0,0,0,0,0,0,65,0,0,0,2871,detection,
2872540,6,28,532,532,0,0,0,0,0,0,59,0,0,0,2872,detection,
2872670,20,4,1300,1300,0,0,0,0,0,0,58,0,0,0,2872,detection,
2872699,10,4,1300,1300,0,0,0,0,0,0,59,0,0,0,2872,detection,
2872742,12,4,1300,1300,0,0,0,0,0,0,59,0,0,0,2872,detection,
2872994,25,26,512,512,0,0,0,0,0,0,62,0,0,0,2872,detection,
2875168,20,9,1044,1044,0,0,0,0,0,14,67,0,0,0,2875,detection,
2875266,4,9,1044,1044,0,0,0,0,0,0,59,0,0,0,2875,detection,
2875353,2,16,532,532,0,0,0,0,0,0,66,0,0,0,2875,detection,
2875378,22,16,532,532,0,0,0,0,0,0,67,0,0,0,2875,detection,
2875381,4,16,532,532,0,0,0,0,0,0,65,0,0,0,2875,detection,
2875387,14,16,532,532,0,0,0,0,0,0,70,0,0,0,2875,detection,
2875392,13,16,532,532,0,0,0,0,0,0,59,0,0,0,2875,detection,
2875412,9,16,532,532,0,0,0,0,0,0,55,0,0,0,2875,detection,
2875424,15,16,532,532,0,0,0,0,0,0,72,0,0,0,2875,detection,
2876875,27,25,768,768,0,0,0,0,0,0,62,0,0,0,2876,detection,
2876879,22,25,768,768,0,0,0,0,0,0,66,0,0,0,2876,detection,
2876883,4,25,768,768,0,0,0,0,0,0,53,0,0,0,2876,detection,
2876944,10,25,768,768,0,0,0,0,0,0,61,0,0,0,2876,detection,
2876982,2,25,768,768,0,0,0,0,0,0,60,0,0,0,2876,detection,
2878957,26,27,810,810,0,0,0,0,0,0,59,0,0,0,2878,detection,
2878992,25,27,810,810,0,0,0,0,0,0,64,0,0,0,2878,detection,
2879000,22,27,810,810,0,0,0,0,0,0,64,0,0,0,2879,detection,
2879004,4,27,810,810,0,0,0,0,0,0,55,0,0,0,2879,detection,
2879018,8,27,810,810,0,0,0,0,0,0,59,0,0,0,2879,detection,
2879026,18,27,810,810,0,0,0,0,0,0,58,0,0,0,2879,detection,
2880674,15,13,854,854,0,0,0,0,0,0,87,0,0,0,2880,detection,
2884205,26,25,790,790,0,0,0,0,0,0,59,0,0,0,2884,detection,
2884227,2,25,790,790,0,0,0,0,0,0,60,0,0,0,2884,detection,
2884248,27,25,790,790,0,0,0,0,0,0,62,0,0,0,2884,detection,
2884249,22,25,790,790,0,0,0,0,0,0,65,0,0,0,2884,detection,
2884273,8,25,790,790,0,0,0,0,0,0,61,0,0,0,2884,detection,
2884312,16,25,790,790,0,0,0,0,0,0,55,0,0,0,2884,detection,
2884321,10,25,790,790,0,0,0,0,0,0,62,0,0,0,2884,detection,
2884893,8,10,894,894,0,0,0,0,0,0,60,0,0,0,2884,detection,
2884901,18,10,894,894,0,0,0,0,0,0,62,0,0,0,2884,detection,
2885058,16,9,1044,1044,0,0,0,0,0,0,59,0,0,0,2885,detection,
2885104,2,9,1044,1044,0,0,0,0,0,0,61,0,0,0,2885,detection,
2885134,4,9,1044,1044,0,0,0,0,0,0,58,0,0,0,2885,detection,
2885168,20,9,1044,1044,0,0,0,0,0,7,65,0,0,0,2885,detection,
2885880,22,2,1044,1044,0,0,0,0,0,0,65,0,0,0,2885,detection,
2885914,9,2,1044,1044,0,0,0,0,0,0,59,0,0,0,2885,detection,
2885992,25,2,1044,1044,0,0,0,0,0,0,60,0,0,0,2885,detection,
2885995,13,2,1044,1044,0,0,0,0,0,0,62,0,0,0,2885,detection,
2886309,1,21,1010,1010,0,0,0,0,0,0,46,0,0,0,2886,detection,
2886624,13,31,276,841,-565,0,92,100,61,21,70,0,48,40,2886,detection,
2886628,22,31,276,841,-565,0,99,100,66,7,61,0,56,40,2886,detection,
2886636,4,31,276,841,-565,0,99,100,60,0,61,0,56,40,2886,detection,
2886646,14,31,276,841,-565,0,100,100,36,15,59,0,58,40,2886,detection,
2886659,18,31,276,841,-565,0,100,100,36,15,59,0,58,40,2886,detection,
2886706,26,31,276,841,-565,0,96,100,64,15,64,0,48,40,2886,detection,
2886739,12,4,1117,1117,0,0,0,0,0,0,59,0,0,0,2886,detection,
2886747,27,4,1117,1117,0,0,0,0,0,0,66,0,0,0,2886,detection,
2886752,22,4,1117,1117,0,0,0,0,0,0,59,0,0,0,2886,detection,
2886764,25,4,1117,1117,0,0,0,0,0,0,66,0,0,0,2886,detection,
2886769,14,4,1117,1117,0,0,0,0,0,0,59,0,0,0,2886,detection,
2886789,9,4,1117,1117,0,0,0,0,0,0,66,0,0,0,2886,detection,
2886790,3,4,1117,1117,0,0,0,0,0,0,59,0,0,0,2886,detection,
2886790,24,4,1117,1117,0,0,0,0,0,0,58,0,0,0,2886,detection,
2886820,10,4,1117,1117,0,0,0,0,0,0,59,0,0,0,2886,detection,
2886838,16,4,1117,1117,0,0,0,0,0,0,65,0,0,0,2886,detection,
2886865,2,4,1117,1117,0,0,0,0,0,0,59,0,0,0,2886,detection,
2887030,18,16,608,608,0,0,0,0,0,0,59,0,0,0,2887,detection,
2887037,9,16,608,608,0,0,0,0,0,0,55,0,0,0,2887,detection,
2887076,10,16,608,608,0,0,0,0,0,0,59,0,0,0,2887,detection,
2887105,2,16,608,608,0,0,0,0,0,0,66,0,0,0,2887,detection,
2887118,12,16,608,608,0,0,0,0,0,0,63,0,0,0,2887,detection,
2887119,25,16,608,608,0,0,0,0,0,0,62,0,0,0,2887,detection,
2887122,13,16,608,608,0,0,0,0,0,0,59,0,0,0,2887,detection,
2887126,22,16,608,608,0,0,0,0,0,0,63,0,0,0,2887,detection,
2887135,4,16,608,608,0,0,0,0,0,0,64,0,0,0,2887,detection,
2887148,8,16,608,608,0,0,0,0,0,0,72,0,0,0,2887,detection,
2887159,27,16,608,608,0,0,0,0,0,0,64,0,0,0,2887,detection,
2888321,10,12,1044,1044,0,0,0,0,0,0,59,0,0,0,2888,detection,
2888627,13,22,532,532,0,100,0,0,0,0,73,0,49,40,2888,detection,
2888665,24,22,532,532,0,100,0,0,0,0,58,0,56,40,2888,detection,
2888669,9,22,532,532,0,100,0,0,0,0,47,0,61,40,2888,detection,
2888712,28,22,532,532,0,100,0,0,0,0,73,0,49,40,2888,detection,
2888738,11,22,532,532,0,100,0,0,0,0,73,0,49,40,2888,detection,
2888742,12,22,532,532,0,100,0,0,0,0,66,0,49,40,2888,detection,
2890745,13,31,276,532,-256,0,42,100,34,14,68,0,48,40,2890,detection,
2890749,22,31,276,532,-256,0,45,100,36,7,60,0,60,40,2890,detection,
2890758,4,31,276,532,-256,0,45,100,36,0,60,0,60,40,2890,detection,
2890767,14,31,276,532,-256,0,46,100,37,16,58,0,60,40,2890,detection,
2890780,18,31,276,532,-256,0,46,100,37,16,58,0,60,40,2890,detection,
2892070,10,16,2944,2944,0,0,0,0,0,0,100,0,0,0,2892,detection,
2892112,12,16,2944,2944,0,0,0,0,0,0,90,0,0,0,2892,detection,
2892121,13,16,2944,2944,0,0,0,0,0,0,96,0,0,0,2892,detection,
2892125,22,16,2944,2944,0,0,0,0,0,0,97,0,0,0,2892,detection,
2892130,4,16,2944,2944,0,0,0,0,0,0,98,0,0,0,2892,detection,
2892142,8,16,2944,2944,0,0,0,0,0,0,94,0,0,0,2892,detection,
2892151,18,16,2944,2944,0,0,0,0,0,0,100,0,0,0,2892,detection,
2892949,21,14,512,512,0,0,0,0,0,0,86,0,0,0,2892,detection,
2894537,3,4,532,532,0,0,0,0,0,0,59,0,0,0,2894,detection,
2894572,10,4,532,532,0,0,0,0,0,0,59,0,0,0,2894,detection,
2894602,2,4,532,532,0,0,0,0,0,0,59,0,0,0,2894,detection,
2894614,25,4,532,532,0,0,0,0,0,0,68,0,0,0,2894,detection,
2894623,27,4,532,532,0,0,0,0,0,0,64,0,0,0,2894,detection,
2894641,14,4,532,532,0,0,0,0,0,0,60,0,0,0,2894,detection,
2894649,8,4,532,532,0,0,0,0,0,0,64,0,0,0,2894,detection,
2895309,16,9,1044,1044,0,0,0,0,0,0,59,0,0,0,2895,detection,
2895430,3,9,1044,1044,0,0,0,8,0,14,73,0,0,0,2895,detection,
2897997,22,27,805,805,0,0,0,0,0,0,64,0,0,0,2897,detection,
2898002,13,27,805,805,0,0,0,70,0,0,63,0,48,40,2898,detection,
2898009,4,27,805,805,0,0,0,0,0,0,56,0,0,0,2898,detection,
2898022,8,27,805,805,0,0,0,0,0,0,60,0,0,0,2898,detection,
2898073,10,27,805,805,0,0,0,0,0,0,61,0,0,0,2898,detection,
2898083,26,27,805,805,0,0,0,0,0,0,60,0,0,0,2898,detection,
2898090,21,27,805,805,0,0,0,0,0,0,62,0,0,0,2898,detection,
2898113,25,27,805,805,0,0,0,0,0,0,64,0,0,0,2898,detection,
2899079,1,25,790,790,0,0,0,0,0,0,39,0,0,0,2899,detection,
2899093,17,25,790,790,0,0,0,0,0,0,65,0,0,0,2899,detection,
2899124,27,25,790,790,0,0,0,0,0,0,62,0,0,0,2899,detection,
2899127,13,25,790,790,0,0,0,0,0,0,59,0,0,0,2899,detection,
2899127,22,25,790,790,0,0,0,0,0,0,65,0,0,0,2899,detection,
2899149,8,25,790,790,0,0,0,0,0,0,61,0,0,0,2899,detection,
2899187,16,25,790,790,0,0,0,0,0,0,55,0,0,0,2899,detection,
2899872,25,16,1300,1300,0,0,0,0,0,0,61,0,0,0,2899,detection,
2899974,17,16,1300,1300,0,0,0,0,0,0,59,0,0,0,2899,detection,
2902172,20,5,1044,1044,0,0,0,0,0,0,70,0,0,0,2902,detection,
2902173,15,5,1044,1044,0,0,0,0,0,0,57,0,0,0,2902,detection,
2902793,3,6,1322,1322,0,0,0,0,0,0,67,0,0,0,2902,detection,
2903764,14,4,532,532,0,0,0,0,0,0,60,0,0,0,2903,detection,
2903772,8,4,532,532,0,0,0,0,0,0,66,0,0,0,2903,detection,
2903785,3,4,532,532,0,0,0,0,0,0,59,0,0,0,2903,detection,
2903785,9,4,532,532,0,0,0,0,0,0,67,0,0,0,2903,detection,
2903789,24,4,532,532,0,0,0,0,0,0,55,0,0,0,2903,detection,
2903811,16,4,532,532,0,0,0,0,0,0,67,0,0,0,2903,detection,
2903819,10,4,532,532,0,0,0,0,0,0,56,0,0,0,2903,detection,
2903828,21,4,532,532,0,0,0,0,0,0,54,0,0,0,2903,detection,
2903850,17,4,532,532,0,0,0,0,0,0,60,0,0,0,2903,detection,
2903866,25,4,532,532,0,0,0,0,0,0,68,0,0,0,2903,detection,
2904047,20,15,1024,1024,0,0,0,0,0,0,62,0,0,0,2904,detection,
2904668,3,9,1044,1044,0,0,0,0,0,14,70,0,0,0,2904,detection,
2904682,16,9,1044,1044,0,0,0,0,0,0,58,0,0,0,2904,detection,
2906773,8,16,1044,1044,0,0,0,0,0,0,92,0,0,0,2906,detection,
2906779,18,16,1044,1044,0,0,0,0,0,0,98,0,0,0,2906,detection,
2906790,9,16,1044,1044,0,0,0,0,0,0,57,0,0,0,2906,detection,
2906843,17,16,1044,1044,0,0,0,0,0,0,59,0,0,0,2906,detection,
2906865,25,16,1044,1044,0,0,0,0,0,0,60,0,0,0,2906,detection,
2907085,7,21,1013,1013,0,0,0,0,0,0,73,0,0,0,2907,detection,
2907128,27,21,1013,1013,0,0,0,0,0,0,72,0,0,0,2907,detection,
2907580,21,30,276,899,-623,0,100,100,43,0,61,0,56,40,2907,detection,
2907628,27,30,276,899,-623,0,100,100,71,30,64,0,48,40,2907,detection,
2908289,9,13,945,945,0,0,0,0,0,0,65,0,0,0,2908,detection,
2909987,11,5,890,890,0,0,0,0,0,0,64,0,0,0,2909,detection,
2910042,20,5,890,890,0,0,0,0,0,0,69,0,0,0,2910,detection,
2910046,15,5,890,890,0,0,0,0,0,0,57,0,0,0,2910,detection,
2910123,27,21,788,788,0,0,0,0,0,0,69,0,0,0,2910,detection,
2910589,7,2,557,557,0,0,0,0,0,0,50,0,0,0,2910,detection,
2912300,6,31,276,603,-327,0,55,100,37,15,65,0,48,40,2912,detection,
2913792,3,9,1300,1300,0,0,0,0,0,14,70,0,0,0,2913,detection,
2913878,4,9,1300,1300,0,0,0,0,0,0,59,0,0,0,2913,detection,
2915381,4,9,788,788,0,0,0,0,0,0,58,0,0,0,2915,detection,
2915428,3,9,788,788,0,0,0,0,0,15,64,0,0,0,2915,detection,
2915432,16,9,788,788,0,0,0,0,0,0,54,0,0,0,2915,detection,
2918460,7,2,580,580,0,0,0,0,0,0,50,0,0,0,2918,detection,
2919744,25,17,805,805,0,0,0,0,0,0,60,0,0,0,2919,detection,
2919752,27,17,805,805,0,0,0,0,0,0,61,0,0,0,2919,detection,
2919753,22,17,805,805,0,0,0,0,0,0,61,0,0,0,2919,detection,
2919761,4,17,805,805,0,0,0,0,0,0,56,0,0,0,2919,detection,
2919808,16,17,805,805,0,0,0,0,0,0,49,0,0,0,2919,detection,
2919946,10,27,805,805,0,0,0,0,0,0,61,0,0,0,2919,detection,
2919958,26,27,805,805,0,0,0,0,0,0,56,0,0,0,2919,detection,
2919972,17,27,805,805,0,0,0,0,0,0,60,0,0,0,2919,detection,
2920010,22,27,805,805,0,0,0,0,0,0,61,0,0,0,2920,detection,
2920022,8,27,805,805,0,0,0,0,0,0,60,0,0,0,2920,detection,
2921200,21,30,276,532,-256,0,45,100,43,0,60,0,60,40,2921,detection,
2924082,1,7,1092,1092,0,0,0,0,0,0,42,0,0,0,2924,detection,
2924232,11,5,1110,1110,0,0,0,0,0,0,63,0,0,0,2924,detection,
2927075,21,30,276,276,0,0,0,100,31,8,57,0,60,40,2927,detection,
2927138,27,30,276,276,0,0,0,100,70,30,66,0,48,40,2927,detection,
2927143,14,30,276,276,0,0,0,0,28,0,68,0,0,0,2927,detection,
2930262,14,16,1486,1486,0,0,0,0,0,0,72,0,0,0,2930,detection,
2930875,13,22,788,788,0,0,0,0,0,0,70,0,0,0,2930,detection,
2930917,9,22,788,788,0,0,0,0,0,0,49,0,0,0,2930,detection,
2931540,6,3,788,788,0,0,0,0,0,0,64,0,0,0,2931,detection,
2931753,27,21,946,946,0,0,0,0,0,0,67,0,0,0,2931,detection,
2932162,1,25,790,790,0,0,0,0,0,0,38,0,0,0,2932,detection,
2932201,10,25,790,790,0,0,0,0,0,0,58,0,0,0,2932,detection,
2932205,21,25,790,790,0,0,0,0,0,0,62,0,0,0,2932,detection,
2932217,17,25,790,790,0,0,0,0,0,0,60,0,0,0,2932,detection,
2932248,27,25,790,790,0,0,0,0,0,0,62,0,0,0,2932,detection,
2932787,9,22,788,788,0,0,0,0,0,0,49,0,0,0,2932,detection,
2932794,1,7,1302,1302,0,0,0,0,0,0,41,0,0,0,2932,detection,
2936940,1,7,1248,1248,0,0,0,0,0,0,42,0,0,0,2936,detection,
2937007,4,31,276,564,-288,0,51,100,3,0,59,0,60,40,2937,detection,
2937020,14,31,276,564,-288,0,54,100,4,16,54,0,60,40,2937,detection,
2937033,18,31,276,564,-288,0,52,100,3,16,58,0,60,40,2937,detection,
2937042,6,31,276,564,-288,0,49,100,4,15,64,0,48,40,2937,detection,
2937123,13,31,276,564,-288,0,48,100,3,7,66,50,98,100,2937,detection,
2937433,16,4,608,608,0,0,0,0,0,0,67,0,0,0,2937,detection,
2937501,22,4,608,608,0,0,0,0,0,0,59,0,0,0,2937,detection,
2937519,14,4,608,608,0,0,0,0,0,0,60,0,0,0,2937,detection,
2937539,9,4,608,608,0,0,0,0,0,0,66,0,0,0,2937,detection,
2938336,28,22,762,762,0,0,0,0,0,0,70,0,0,0,2938,detection,
2938348,19,22,762,762,0,0,0,0,0,0,61,0,0,0,2938,detection,
2938379,4,22,762,762,0,0,0,0,0,0,64,0,0,0,2938,detection,
2938381,13,22,762,762,0,0,0,0,0,0,63,0,0,0,2938,detection,
2938400,14,22,762,762,0,0,0,0,0,0,76,0,0,0,2938,detection,
2938409,18,22,762,762,0,0,0,0,0,0,63,0,0,0,2938,detection,
2938412,9,22,762,762,0,0,0,0,0,0,48,0,0,0,2938,detection,
2938559,16,9,532,532,0,0,0,0,0,0,55,0,0,0,2938,detection,
2938628,4,9,532,532,0,0,0,0,0,0,56,0,0,0,2938,detection,
2938791,6,3,532,532,0,0,0,0,0,0,65,0,0,0,2938,detection,
2939328,21,16,788,788,0,0,0,0,0,0,54,0,0,0,2939,detection,
2939378,4,16,788,788,0,0,0,0,0,0,91,0,0,0,2939,detection,
2939379,22,16,788,788,0,0,0,0,0,0,95,0,0,0,2939,detection,
2939383,13,16,788,788,0,0,0,0,0,0,100,0,0,0,2939,detection,
2939412,14,16,788,788,0,0,0,0,0,0,69,0,0,0,2939,detection,
2943081,28,10,532,557,-25,100,4,35,2,7,68,0,49,40,2943,detection,
2943389,1,7,1044,1044,0,0,0,0,0,0,41,0,0,0,2943,detection,
2943470,17,7,1044,1044,0,0,0,0,0,0,60,0,0,0,2943,detection,
2946114,11,5,1110,1110,0,0,0,0,0,0,58,0,0,0,2946,detection,
2946827,26,25,1044,1044,0,0,0,0,0,0,58,0,0,0,2946,detection,
2946854,2,25,1044,1044,0,0,0,0,0,0,60,0,0,0,2946,detection,
2948160,9,4,593,593,0,0,0,0,0,0,65,0,0,0,2948,detection,
2951419,20,15,1095,1095,0,0,0,0,0,0,60,0,0,0,2951,detection,
2951951,26,25,788,788,0,0,0,0,0,0,59,0,0,0,2951,detection,
2951978,2,25,788,788,0,0,0,0,0,0,60,0,0,0,2951,detection,
2952000,27,25,788,788,0,0,0,0,0,0,62,0,0,0,2952,detection,
2952036,1,7,788,788,0,0,0,0,0,0,41,0,0,0,2952,detection,
2953889,14,4,586,586,0,0,0,0,0,0,59,0,0,0,2953,detection,
2953910,9,4,586,586,0,0,0,0,0,0,65,0,0,0,2953,detection,
2953931,16,4,586,586,0,0,0,0,0,0,67,0,0,0,2953,detection,
2953953,21,4,586,586,0,0,0,0,0,0,54,0,0,0,2953,detection,
2954168,20,6,1018,1018,0,0,0,0,0,0,64,0,0,0,2954,detection,
2954586,28,22,762,762,0,0,0,0,0,0,68,0,0,0,2954,detection,
2954969,17,21,946,946,0,0,0,0,0,0,70,0,0,0,2954,detection,
2955076,21,16,788,788,0,0,0,0,0,0,53,0,0,0,2955,detection,
2955117,12,16,788,788,0,0,0,0,0,0,92,0,0,0,2955,detection,
2955131,4,16,788,788,0,0,0,0,0,0,88,0,0,0,2955,detection,
2955139,14,16,788,788,0,0,0,0,0,0,67,0,0,0,2955,detection,
2955165,9,16,788,788,0,0,0,0,0,0,60,0,0,0,2955,detection,
2955770,14,13,788,788,0,0,0,0,0,0,67,0,0,0,2955,detection,
2955789,9,13,788,788,0,0,0,0,0,0,63,0,0,0,2955,detection,
2955834,19,13,788,788,0,0,0,0,0,0,63,0,0,0,2955,detection,
2957112,11,12,1044,1044,0,0,0,0,0,0,60,0,0,0,2957,detection,
2957132,4,31,276,532,-256,0,47,100,3,0,55,0,60,40,2957,detection,
2957210,19,12,1044,1044,0,0,0,0,0,0,58,0,0,0,2957,detection,
2957504,4,9,1044,1044,0,0,0,0,0,0,59,0,0,0,2957,detection,
2957559,16,9,1044,1044,0,0,0,0,0,0,58,0,0,0,2957,detection,
2960076,21,4,575,575,0,0,0,0,0,0,55,0,0,0,2960,detection,
2960116,25,2,1266,1266,0,0,0,0,0,0,61,0,0,0,2960,detection,
2960143,14,4,575,575,0,0,0,0,0,0,55,0,0,0,2960,detection,
2960521,14,30,276,532,-256,0,43,70,28,7,66,0,42,40,2960,detection,
2960578,21,30,276,532,-256,0,45,100,30,15,60,0,60,40,2960,detection,
2962343,28,22,762,762,0,0,0,0,0,0,62,0,0,0,2962,detection,
2964146,14,31,276,532,-256,0,46,100,3,16,57,0,60,40,2964,detection,
2964248,13,31,276,532,-256,0,43,100,3,7,64,0,48,40,2964,detection,
2965058,16,5,1110,1110,0,0,0,0,0,0,69,0,0,0,2965,detection,
2965208,28,10,1300,1300,0,0,0,0,2,0,66,0,0,0,2965,detection,
2965293,3,10,1300,1300,0,0,0,0,0,0,60,0,0,0,2965,detection,
2965535,5,13,788,788,0,0,0,0,0,0,99,0,0,0,2965,detection,
2965581,19,13,788,788,0,0,0,0,0,0,61,0,0,0,2965,detection,
2965654,1,7,1300,1300,0,0,0,0,0,0,42,0,0,0,2965,detection,
2967629,4,9,788,788,0,0,0,0,0,0,58,0,0,0,2967,detection,
2967685,16,9,788,788,0,0,0,0,0,0,58,0,0,0,2967,detection,
2967749,13,9,788,788,0,0,0,0,0,0,62,0,0,0,2967,detection,
2967975,2,25,1176,1176,0,0,0,0,0,0,59,0,0,0,2967,detection,
2968002,27,25,1176,1176,0,0,0,0,0,0,57,0,0,0,2968,detection,
2968017,14,30,276,532,-256,0,43,100,0,7,64,0,48,40,2968,detection,
2968512,14,16,1300,1300,0,0,0,0,0,0,61,0,0,0,2968,detection,
2970824,21,4,1044,1044,0,0,0,0,0,0,59,0,0,0,2970,detection,
2970888,14,4,1044,1044,0,0,0,0,0,0,59,0,0,0,2970,detection,
2970957,28,22,788,788,0,0,0,0,0,0,64,0,0,0,2970,detection,
2972500,1,7,1274,1274,0,0,0,0,0,0,41,0,0,0,2972,detection,
2972683,16,5,1110,1110,0,0,0,0,0,0,67,0,0,0,2972,detection,
2973904,18,10,1044,1044,0,0,0,0,0,0,62,0,0,0,2973,detection,
2973911,3,10,1044,1044,0,0,0,0,0,0,58,0,0,0,2973,detection,
2974133,4,31,276,532,-256,0,45,100,0,0,59,0,60,40,2974,detection,
2974138,14,31,276,532,-256,0,46,100,0,16,57,0,60,40,2974,detection,
2974240,13,16,1300,1300,0,0,0,0,0,0,96,0,0,0,2974,detection,
2974530,18,27,1044,1044,0,0,0,0,0,0,58,0,0,0,2974,detection,
2976435,16,9,1300,1300,0,0,0,0,0,0,57,0,0,0,2976,detection,
2976495,13,9,1300,1300,0,0,0,0,0,0,64,0,0,0,2976,detection,
2976504,4,9,1300,1300,0,0,0,0,0,0,58,0,0,0,2976,detection,
2976824,21,4,591,591,0,0,0,0,0,0,59,0,0,0,2976,detection,
2976888,14,4,591,591,0,0,0,0,0,0,59,0,0,0,2976,detection,
2979666,6,3,532,532,0,0,0,0,0,0,66,0,0,0,2979,detection,
2979666,24,3,532,532,0,0,0,0,0,0,61,0,0,0,2979,detection,
2980301,1,7,1274,1274,0,0,0,0,0,0,34,0,0,0,2980,detection,
2980517,14,31,276,532,-256,0,46,100,0,8,57,0,60,40,2980,detection,
2983076,10,27,1044,1044,0,0,0,0,0,0,56,0,0,0,2983,detection,
2983084,26,27,1044,1044,0,0,0,0,0,0,59,0,0,0,2983,detection,
2983115,25,27,1044,1044,0,0,0,0,0,0,63,0,0,0,2983,detection,
2983435,16,9,1300,1300,0,0,0,0,0,0,57,0,0,0,2983,detection,
2985018,14,4,1112,1112,0,0,0,0,0,0,59,0,0,0,2985,detection,
2985035,9,4,1112,1112,0,0,0,0,0,0,64,0,0,0,2985,detection,
2985087,21,4,1112,1112,0,0,0,0,0,0,59,0,0,0,2985,detection,
2985100,17,4,1112,1112,0,0,0,0,0,0,59,0,0,0,2985,detection,
2985989,11,5,1110,1110,0,0,0,0,0,0,57,0,0,0,2985,detection,
2986057,16,5,1110,1110,0,0,0,0,0,0,65,0,0,0,2986,detection,
2986072,10,25,1418,1418,0,0,0,0,0,0,61,0,0,0,2986,detection,
2986079,26,25,1418,1418,0,0,0,0,0,0,58,0,0,0,2986,detection,
2986092,17,25,1418,1418,0,0,0,0,0,0,63,0,0,0,2986,detection,
2986102,2,25,1418,1418,0,0,0,0,0,0,59,0,0,0,2986,detection,
2986136,27,25,1418,1418,0,0,0,0,0,0,56,0,0,0,2986,detection,
2986268,14,13,1119,1119,0,0,0,0,0,0,65,0,0,0,2986,detection,
2986284,5,13,1119,1119,0,0,0,0,0,0,89,0,0,0,2986,detection,
2986289,9,13,1119,1119,0,0,0,0,0,0,62,0,0,0,2986,detection,
2986301,15,13,1119,1119,0,0,0,0,0,0,83,0,0,0,2986,detection,
2987202,21,30,276,2211,-1935,0,100,100,100,12,86,0,48,40,2987,detection,
2988298,6,24,1300,1300,0,0,0,0,0,0,55,0,0,0,2988,detection,
2988543,3,9,1044,1044,0,0,0,0,0,7,68,0,0,0,2988,detection,
2989200,21,4,1300,1300,0,0,0,0,0,0,58,0,0,0,2989,detection,
2989211,7,4,1300,1300,0,0,0,0,0,0,59,0,0,0,2989,detection,
2989220,17,4,1300,1300,0,0,0,0,0,0,59,0,0,0,2989,detection,
2989263,14,4,1300,1300,0,0,0,0,0,0,59,0,0,0,2989,detection,
2990428,3,10,1044,1044,0,0,0,0,0,0,59,0,0,0,2990,detection,
2992460,26,7,1274,1274,0,0,0,0,0,0,59,0,0,0,2992,detection,
2993213,7,2,1556,1556,0,0,0,0,0,0,55,0,0,0,2993,detection,
2993247,13,2,1556,1556,0,0,0,0,0,0,63,0,0,0,2993,detection,
2993252,22,2,1556,1556,0,0,0,0,0,0,66,0,0,0,2993,detection,
2995445,10,27,1018,1018,0,0,0,0,0,0,56,0,0,0,2995,detection,
2995458,26,27,1018,1018,0,0,0,0,0,0,59,0,0,0,2995,detection,
2995475,17,27,1018,1018,0,0,0,0,0,0,59,0,0,0,2995,detection,
2995492,25,27,1018,1018,0,0,0,0,0,0,61,0,0,0,2995,detection,
2995501,13,27,1018,1018,0,0,0,70,0,0,62,0,55,40,2995,detection,
2996698,21,4,1442,1442,0,0,0,0,0,0,54,0,0,0,2996,detection,
2996711,7,4,1442,1442,0,0,0,0,0,0,59,0,0,0,2996,detection,
2996753,22,4,1442,1442,0,0,0,0,0,0,59,0,0,0,2996,detection,
2997045,6,19,742,742,0,0,0,0,0,0,64,0,0,0,2997,detection,
2998394,14,31,276,298,-22,0,3,100,28,0,58,0,60,40,2998,detection,
2998424,15,31,276,298,-22,0,3,29,2,7,67,0,0,0,2998,detection,
2998505,4,31,276,298,-22,0,3,100,27,0,59,0,60,40,2998,detection,
2999084,28,22,788,788,0,0,0,0,0,0,63,0,0,0,2999,detection,
2999106,2,22,788,788,0,0,0,0,0,0,58,0,0,0,2999,detection,
2999127,4,22,788,788,0,0,0,0,0,0,62,0,0,0,2999,detection,
3000291,20,6,1018,1018,0,0,0,0,0,0,63,0,0,0,3000,detection,
3000675,15,30,276,532,-256,0,47,100,0,0,56,0,60,40,3000,detection,
3000957,19,13,998,998,0,0,0,0,0,0,67,0,0,0,3000,detection,
3002873,22,4,585,585,0,0,0,0,0,0,59,0,0,0,3002,detection,
3002995,13,9,1044,1044,0,0,0,0,0,0,64,0,0,0,3002,detection,
3003042,3,9,1044,1044,0,0,0,0,0,0,68,0,0,0,3003,detection,
3003059,16,9,1044,1044,0,0,0,0,0,0,58,0,0,0,3003,detection,
3003503,4,22,788,788,0,0,0,0,0,0,61,0,0,0,3003,detection,
3006205,21,14,512,512,0,0,0,0,0,0,87,0,0,0,3006,detection,
3007995,13,16,1300,1300,0,0,0,0,0,0,92,0,0,0,3007,detection,
3007995,25,16,1300,1300,0,0,0,0,0,0,59,0,0,0,3007,detection,
3008004,27,16,1300,1300,0,0,0,0,0,0,62,0,0,0,3008,detection,
3008037,9,16,1300,1300,0,0,0,0,0,0,59,0,0,0,3008,detection,
3008047,15,16,1300,1300,0,0,0,0,0,0,69,0,0,0,3008,detection,
3008098,17,16,1300,1300,0,0,0,0,0,0,54,0,0,0,3008,detection,
3008106,2,16,1300,1300,0,0,0,0,0,0,64,0,0,0,3008,detection,
3008463,7,2,1044,1044,0,0,0,0,0,0,59,0,0,0,3008,detection,
3008497,13,2,1044,1044,0,0,0,0,0,0,59,0,0,0,3008,detection,
3008498,22,2,1044,1044,0,0,0,0,0,0,66,0,0,0,3008,detection,
3008524,8,2,1044,1044,0,0,0,0,0,0,66,0,0,0,3008,detection,
3008867,25,13,998,998,0,0,0,0,0,0,69,0,0,0,3008,detection,
3008892,14,13,998,998,0,0,0,0,0,0,71,0,0,0,3008,detection,
3008896,8,13,998,998,0,0,0,0,0,0,86,0,0,0,3008,detection,
3008913,9,13,998,998,0,0,0,0,0,0,68,0,0,0,3008,detection,
3008917,3,13,998,998,0,0,0,0,0,0,67,0,0,0,3008,detection,
3011914,9,16,1561,1561,0,0,0,0,0,0,59,0,0,0,3011,detection,
3011923,15,16,1561,1561,0,0,0,0,0,0,67,0,0,0,3011,detection,
3011974,17,16,1561,1561,0,0,0,0,0,0,58,0,0,0,3011,detection,
3012175,15,31,276,532,-256,0,43,70,26,7,65,0,46,40,3012,detection,
3012207,26,31,276,532,-256,0,44,100,35,15,63,0,48,40,3012,detection,
3012248,13,31,276,532,-256,0,45,70,0,0,59,0,61,40,3012,detection,
3012252,22,31,276,532,-256,0,47,70,0,0,56,0,61,40,3012,detection,
3012270,14,31,276,532,-256,0,46,100,28,0,57,0,60,40,3012,detection,
3012287,5,31,276,532,-256,0,46,70,26,0,58,0,72,55,3012,detection,
3013183,16,17,981,981,0,0,0,0,0,0,50,0,0,0,3013,detection,
3013243,25,17,981,981,0,0,0,0,0,0,59,0,0,0,3013,detection,
3015166,9,10,788,788,0,0,0,0,0,0,58,0,0,0,3015,detection,
3015166,3,10,788,788,0,0,0,0,0,0,61,0,0,0,3015,detection,
3015171,6,10,788,788,0,0,0,0,0,0,55,0,0,0,3015,detection,
3015185,16,10,788,788,0,0,0,0,0,0,59,0,0,0,3015,detection,
3015278,18,10,788,788,0,0,0,0,0,0,61,0,0,0,3015,detection,
3015544,20,6,1300,1300,0,0,0,0,0,0,61,0,0,0,3015,detection,
3015764,14,16,739,739,0,0,0,0,0,0,64,0,0,0,3015,detection,
3015865,12,16,739,739,0,0,0,0,0,0,90,0,0,0,3015,detection,
3016048,15,5,788,788,0,0,0,0,0,0,52,0,0,0,3016,detection,
3016056,16,5,788,788,0,0,0,0,0,0,64,0,0,0,3016,detection,
3016327,21,27,788,788,0,0,0,0,0,0,61,0,0,0,3016,detection,
3016988,11,12,1044,1044,0,0,0,0,0,0,59,0,0,0,3016,detection,
3021926,15,19,788,788,0,0,0,0,0,0,75,0,0,0,3021,detection,
3022450,21,27,788,788,0,0,0,0,0,0,59,0,0,0,3022,detection,
3022497,22,27,788,788,0,0,0,0,0,0,63,0,0,0,3022,detection,
3022526,18,27,788,788,0,0,0,0,0,0,57,0,0,0,3022,detection,
3022532,8,27,788,788,0,0,0,0,0,0,60,0,0,0,3022,detection,
3022643,8,10,532,532,0,0,0,0,0,0,64,0,0,0,3022,detection,
3022659,24,10,532,532,0,0,0,0,0,0,65,0,0,0,3022,detection,
3022661,18,10,532,532,0,0,0,0,0,0,61,0,0,0,3022,detection,
3022667,3,10,532,532,0,0,0,0,0,0,62,0,0,0,3022,detection,
3022685,16,10,532,532,0,0,0,0,0,0,61,0,0,0,3022,detection,
3022707,28,10,532,532,0,0,0,0,0,0,66,0,0,0,3022,detection,
3022745,13,16,739,739,0,0,0,0,0,0,90,0,0,0,3022,detection,
3022754,27,16,739,739,0,0,0,0,0,0,62,0,0,0,3022,detection,
3022762,14,16,739,739,0,0,0,0,0,0,63,0,0,0,3022,detection,
3022776,18,16,739,739,0,0,0,0,0,0,95,0,0,0,3022,detection,
3022788,9,16,739,739,0,0,0,0,0,0,58,0,0,0,3022,detection,
3022848,17,16,739,739,0,0,0,0,0,0,57,0,0,0,3022,detection,
3022865,12,16,739,739,0,0,0,0,0,0,88,0,0,0,3022,detection,
3022917,20,6,1556,1556,0,0,0,0,0,0,60,0,0,0,3022,detection,
3023913,9,13,1074,1074,0,0,0,0,0,0,67,0,0,0,3023,detection,
3023917,3,13,1074,1074,0,0,0,0,0,0,67,0,0,0,3023,detection,
3023960,28,13,1074,1074,0,0,0,0,0,0,75,0,0,0,3023,detection,
3024020,14,13,1074,1074,0,0,0,0,0,0,70,0,0,0,3024,detection,
3024233,11,12,1251,1251,0,0,0,0,0,0,59,0,0,0,3024,detection,
3024263,14,12,1251,1251,0,0,0,0,0,0,58,0,0,0,3024,detection,
3025922,6,24,1300,1300,0,0,0,0,0,0,59,0,0,0,3025,detection,
3027104,2,4,585,585,0,0,0,0,0,0,55,0,0,0,3027,detection,
3027720,17,7,1300,1300,0,0,0,0,0,0,59,0,0,0,3027,detection,
3027874,13,31,276,276,0,0,0,70,30,7,60,0,64,40,3027,detection,
3027875,22,31,276,276,0,0,0,70,31,8,57,0,64,40,3027,detection,
3027893,14,31,276,276,0,0,0,100,30,7,59,0,60,40,3027,detection,
3027908,5,31,276,276,0,0,0,70,30,7,59,0,64,40,3027,detection,
3027910,18,31,276,276,0,0,0,100,34,15,59,0,60,40,3027,detection,
3027922,15,31,276,276,0,0,0,70,28,15,65,0,42,40,3027,detection,
3028820,16,25,788,788,0,0,0,0,0,0,59,0,0,0,3028,detection,
3028820,10,25,788,788,0,0,0,0,0,0,62,0,0,0,3028,detection,
3028829,21,25,788,788,0,0,0,0,0,0,62,0,0,0,3028,detection,
3028876,13,25,788,788,0,0,0,0,0,0,60,0,0,0,3028,detection,
3028876,27,25,788,788,0,0,0,0,0,0,60,0,0,0,3028,detection,
3028880,22,25,788,788,0,0,0,0,0,0,65,0,0,0,3028,detection,
3030109,11,12,1251,1251,0,0,0,0,0,0,58,0,0,0,3030,detection,
3030139,14,12,1251,1251,0,0,0,0,0,0,53,0,0,0,3030,detection,
3030199,10,12,1251,1251,0,0,0,0,0,0,59,0,0,0,3030,detection,
3030294,20,6,1066,1066,0,0,0,0,0,0,56,0,0,0,3030,detection,
3031169,6,24,1300,1300,0,0,0,0,0,0,58,0,0,0,3031,detection,
3032960,28,22,1044,1044,0,0,0,0,0,0,61,0,0,0,3032,detection,
3033015,14,22,1044,1044,0,0,0,0,0,0,72,0,0,0,3033,detection,
3033033,18,22,1044,1044,0,0,0,0,0,0,62,0,0,0,3033,detection,
3033037,5,22,1044,1044,0,0,0,0,0,0,57,0,0,0,3033,detection,
3035528,18,10,626,626,0,0,0,0,0,0,56,0,0,0,3035,detection,
3035536,9,10,626,626,0,0,0,0,0,0,57,0,0,0,3035,detection,
3035558,16,10,626,626,0,0,0,0,0,0,60,0,0,0,3035,detection,
3035584,28,10,626,626,0,0,0,0,0,0,65,0,0,0,3035,detection,
3035643,8,10,626,626,0,0,0,0,0,0,64,0,0,0,3035,detection,
3035671,6,19,895,895,0,0,0,0,0,0,63,0,0,0,3035,detection,
3035671,20,19,895,895,0,0,0,0,0,0,68,0,0,0,3035,detection,
3035672,15,19,895,895,0,0,0,0,0,0,67,0,0,0,3035,detection,
3038332,28,22,788,788,0,0,0,0,0,0,62,0,0,0,3038,detection,
3038723,17,16,718,718,0,0,0,0,0,0,57,0,0,0,3038,detection,
3038744,13,16,718,718,0,0,0,0,0,0,87,0,0,0,3038,detection,
3038762,14,16,718,718,0,0,0,0,0,0,62,0,0,0,3038,detection,
3038787,9,16,718,718,0,0,0,0,0,0,58,0,0,0,3038,detection,
3038919,20,6,1066,1066,0,0,0,0,0,0,55,0,0,0,3038,detection,
3039414,5,24,1300,1300,0,0,0,0,0,0,55,0,0,0,3039,detection,
3039417,6,24,1300,1300,0,0,0,0,0,0,58,0,0,0,3039,detection,
3039766,14,13,532,532,0,0,0,0,0,0,72,0,0,0,3039,detection,
3039864,25,13,532,532,0,0,0,0,0,0,66,0,0,0,3039,detection,
3040306,15,5,762,762,0,0,0,0,0,0,52,0,0,0,3040,detection,
3040747,13,25,788,788,0,0,0,0,0,0,61,0,0,0,3040,detection,
3040751,27,25,788,788,0,0,0,0,0,0,60,0,0,0,3040,detection,
3040819,10,25,788,788,0,0,0,0,0,0,62,0,0,0,3040,detection,
3040827,21,25,788,788,0,0,0,0,0,0,62,0,0,0,3040,detection,
3044820,10,12,1251,1251,0,0,0,0,0,0,58,0,0,0,3044,detection,
3044838,28,12,1251,1251,0,0,0,0,0,0,60,0,0,0,3044,detection,
3044858,11,12,1251,1251,0,0,0,0,0,0,58,0,0,0,3044,detection,
3044888,14,12,1251,1251,0,0,0,0,0,0,53,0,0,0,3044,detection,
3045783,18,14,1044,1044,0,0,0,0,0,0,57,0,0,0,3045,detection,
3045829,21,14,1044,1044,0,0,0,0,0,0,86,0,0,0,3045,detection,
3045863,11,14,1044,1044,0,0,0,0,0,0,50,0,0,0,3045,detection,
3047307,16,9,974,974,0,0,0,0,0,0,59,0,0,0,3047,detection,
3048423,15,30,276,319,-43,0,7,100,25,0,57,0,60,40,3048,detection,
3048831,19,13,532,532,0,0,0,0,0,0,68,0,0,0,3048,detection,
3048865,25,13,532,532,0,0,0,0,0,0,67,0,0,0,3048,detection,
3048916,3,13,532,532,0,0,0,0,0,0,64,0,0,0,3048,detection,
3050917,20,19,768,768,0,0,0,0,0,0,65,0,0,0,3050,detection,
3050918,6,19,768,768,0,0,0,0,0,0,61,0,0,0,3050,detection,
3050922,15,19,768,768,0,0,0,0,0,0,65,0,0,0,3050,detection,
3051253,27,21,1112,1112,0,0,0,0,0,0,65,0,0,0,3051,detection,
3051347,17,21,1112,1112,0,0,0,0,0,0,64,0,0,0,3051,detection,
3051773,8,2,805,805,0,0,0,0,0,0,64,0,0,0,3051,detection,
3052790,6,24,1300,1300,0,0,0,0,0,0,53,0,0,0,3052,detection,
3054421,20,15,703,703,0,0,0,0,0,0,60,0,0,0,3054,detection,
3054459,28,18,1044,1044,0,0,0,0,0,0,59,0,0,0,3054,detection,
3054493,12,18,1044,1044,0,0,0,0,0,0,56,0,0,0,3054,detection,
3054503,27,18,1044,1044,0,0,0,0,0,0,72,0,0,0,3054,detection,
3054666,20,6,1123,1123,0,0,0,0,0,0,55,0,0,0,3054,detection,
3054741,12,22,788,788,0,0,0,0,0,0,61,0,0,0,3054,detection,
3054763,14,22,788,788,0,0,0,0,0,0,71,0,0,0,3054,detection,
3060032,18,31,276,532,-256,0,45,100,30,23,59,0,60,40,3060,detection,
3060112,11,31,276,532,-256,0,46,100,14,0,58,0,60,40,3060,detection,
3060143,14,31,276,532,-256,0,46,100,30,16,58,0,60,40,3060,detection,
3061081,28,18,788,788,0,0,0,0,0,0,60,0,0,0,3061,detection,
3061089,7,18,788,788,0,0,0,0,0,0,60,0,0,0,3061,detection,
3061124,27,18,788,788,0,0,0,0,0,0,73,0,0,0,3061,detection,
3061129,22,18,788,788,0,0,0,0,0,0,61,0,0,0,3061,detection,
3061916,6,24,788,788,0,0,0,0,0,0,57,0,0,0,3061,detection,
3062115,25,27,995,995,0,0,0,0,0,0,61,0,0,0,3062,detection,
3062122,22,27,995,995,0,0,0,0,0,0,63,0,0,0,3062,detection,
3063806,16,9,788,788,0,0,0,0,0,0,54,0,0,0,3063,detection,
3063840,7,9,788,788,0,0,0,17,0,14,72,0,0,0,3063,detection,
3064330,21,14,532,532,0,0,0,0,0,0,87,0,0,0,3064,detection,
3064360,11,14,532,532,0,0,0,0,0,0,55,0,0,0,3064,detection,
3066416,20,6,1280,1280,0,0,0,0,0,0,58,0,0,0,3066,detection,
3067040,9,7,1044,1044,0,0,0,0,0,0,59,0,0,0,3067,detection,
3067458,28,12,1044,1044,0,0,0,0,0,0,59,0,0,0,3067,detection,
3067515,14,31,276,2165,-1889,0,100,100,100,13,82,0,48,40,3067,detection,
3068892,8,10,616,616,0,0,0,0,0,0,63,0,0,0,3068,detection,
3068917,3,10,616,616,0,0,0,0,0,0,61,0,0,0,3068,detection,
3070079,26,8,788,788,0,0,0,0,0,0,61,0,0,0,3070,detection,
3070172,15,19,976,976,0,0,0,0,0,0,63,0,0,0,3070,detection,
3070807,16,9,532,532,0,0,0,0,0,0,55,0,0,0,3070,detection,
3071235,11,14,532,532,0,0,0,0,0,0,55,0,0,0,3071,detection,
3075398,8,18,788,788,0,0,0,0,0,0,60,0,0,0,3075,detection,
3075419,3,18,788,788,0,0,0,0,0,0,57,0,0,0,3075,detection,
3075539,24,4,1044,1044,0,0,0,0,0,0,59,0,0,0,3075,detection,
3077003,22,17,532,532,0,0,0,0,0,0,63,0,0,0,3077,detection,
3077058,16,17,532,532,0,0,0,0,0,0,55,0,0,0,3077,detection,
3077075,10,17,532,532,0,0,0,0,0,0,62,0,0,0,3077,detection,
3079255,27,26,1044,1044,0,0,0,0,0,0,67,0,0,0,3079,detection,
3079610,11,14,557,557,0,0,0,0,0,0,52,0,0,0,3079,detection,
3081234,11,22,890,890,0,0,0,0,0,0,70,0,0,0,3081,detection,
3081264,14,22,890,890,0,0,0,0,0,0,68,0,0,0,3081,detection,
3081290,9,22,890,890,0,0,0,0,0,0,52,0,0,0,3081,detection,
3081333,28,22,890,890,0,0,0,0,0,0,62,0,0,0,3081,detection,
3081347,19,22,890,890,0,0,0,0,0,0,64,0,0,0,3081,detection,
3081772,8,13,969,969,0,0,0,0,0,0,79,0,0,0,3081,detection,
3081790,24,13,969,969,0,0,0,0,0,0,70,0,0,0,3081,detection,
3081793,3,13,969,969,0,0,0,0,0,0,62,0,0,0,3081,detection,
3082600,17,8,813,813,0,0,0,0,0,0,61,0,0,0,3082,detection,
3083961,28,11,532,532,0,0,0,0,0,0,62,0,0,0,3083,detection,
3084240,25,4,1274,1274,0,0,0,0,0,0,66,0,0,0,3084,detection,
3084931,16,9,532,532,0,0,0,0,0,0,56,0,0,0,3084,detection,
3085088,7,26,788,788,0,0,0,0,0,0,51,0,0,0,3085,detection,
3086358,11,31,276,532,-256,0,48,100,0,0,53,0,60,40,3086,detection,
3086393,14,31,276,532,-256,0,37,100,100,12,84,0,48,40,3086,detection,
3086422,15,31,276,532,-256,0,43,100,29,23,64,0,48,40,3086,detection,
3086484,11,22,532,532,0,0,0,0,0,0,69,0,0,0,3086,detection,
3086576,21,14,554,554,0,0,0,0,0,0,86,0,0,0,3086,detection,
3086613,11,14,554,554,0,0,0,0,0,0,52,0,0,0,3086,detection,
3089787,9,7,788,788,0,0,0,0,0,0,58,0,0,0,3089,detection,
3090707,26,27,1044,1044,0,0,0,0,0,0,58,0,0,0,3090,detection,
3090724,17,27,1044,1044,0,0,0,0,0,0,59,0,0,0,3090,detection,
3090741,25,27,1044,1044,0,0,0,0,0,0,60,0,0,0,3090,detection,
3090758,4,27,1044,1044,0,0,0,0,0,0,59,0,0,0,3090,detection,
3090771,8,27,1044,1044,0,0,0,0,0,0,55,0,0,0,3090,detection,
3091713,28,12,1044,1044,0,0,0,0,0,0,59,0,0,0,3091,detection,
3092864,25,27,788,788,0,0,0,0,0,0,61,0,0,0,3092,detection,
3093435,16,17,762,762,0,0,0,0,0,0,54,0,0,0,3093,detection,
3093444,10,17,762,762,0,0,0,0,0,0,61,0,0,0,3093,detection,
3093457,26,17,762,762,0,0,0,0,0,0,54,0,0,0,3093,detection,
3093504,27,17,762,762,0,0,0,0,0,0,61,0,0,0,3093,detection,
3095367,12,19,813,813,0,0,0,0,0,0,87,0,0,0,3095,detection,
3095426,15,11,810,810,0,0,0,0,0,0,58,0,0,0,3095,detection,
3095460,28,11,810,810,0,0,0,0,0,0,63,0,0,0,3095,detection,
3097879,22,31,276,449,-173,0,30,70,20,0,60,0,61,40,3097,detection,
3097892,14,31,276,449,-173,0,25,100,8,12,84,0,48,40,3097,detection,
3097925,15,31,276,449,-173,0,29,100,9,23,63,0,48,40,3097,detection,
3100114,25,27,788,788,0,0,0,0,0,0,58,0,0,0,3100,detection,
3100131,4,27,788,788,0,0,0,0,0,0,60,0,0,0,3100,detection,
3100209,28,19,583,583,0,0,0,0,0,0,71,0,0,0,3100,detection,
3100239,12,19,583,583,0,0,0,0,0,0,79,0,0,0,3100,detection,
3101624,27,26,788,788,0,0,0,0,0,0,67,0,0,0,3101,detection,
3102002,27,30,276,808,-532,0,90,100,60,38,65,50,87,100,3102,detection,
3103210,28,22,788,788,0,0,0,0,0,0,60,0,0,0,3103,detection,
3103235,11,22,788,788,0,0,0,0,0,0,68,0,0,0,3103,detection,
3103423,15,11,810,810,0,0,0,0,0,0,59,0,0,0,3103,detection,
3104229,2,18,788,788,0,0,0,0,0,0,63,0,0,0,3104,detection,
3104239,11,18,788,788,0,0,0,0,0,0,63,0,0,0,3104,detection,
3104272,8,18,788,788,0,0,0,0,0,0,62,0,0,0,3104,detection,
3104290,5,18,788,788,0,0,0,0,0,0,52,0,0,0,3104,detection,
3104292,3,18,788,788,0,0,0,0,0,0,57,0,0,0,3104,detection,
3106876,27,30,276,532,-256,0,45,100,32,30,60,0,58,40,3106,detection,
3106893,14,30,276,532,-256,0,43,100,0,7,64,0,48,40,3106,detection,
3109736,11,12,788,788,0,0,0,0,0,0,57,0,0,0,3109,detection,
3109762,14,12,788,788,0,0,0,0,0,0,56,0,0,0,3109,detection,
3109835,19,12,788,788,0,0,0,0,0,0,57,0,0,0,3109,detection,
3109835,28,12,788,788,0,0,0,0,0,0,58,0,0,0,3109,detection,
3110346,28,19,1105,1105,0,0,0,0,0,0,71,0,0,0,3110,detection,
3110364,12,19,1105,1105,0,0,0,0,0,0,81,0,0,0,3110,detection,
3110585,28,11,810,810,0,0,0,0,0,0,63,0,0,0,3110,detection,
3112908,18,22,1300,1300,0,0,0,0,0,0,57,0,0,0,3112,detection,
3112912,5,22,1300,1300,0,0,0,0,0,0,57,0,0,0,3112,detection,
3112912,9,22,1300,1300,0,0,0,0,0,0,54,0,0,0,3112,detection,
3112963,28,22,1300,1300,0,0,0,0,0,0,60,0,0,0,3112,detection,
3114083,19,12,1300,1300,0,0,0,0,0,0,53,0,0,0,3114,detection,
3114088,28,12,1300,1300,0,0,0,0,0,0,57,0,0,0,3114,detection,
3114109,11,12,1300,1300,0,0,0,0,0,0,53,0,0,0,3114,detection,
3114139,14,12,1300,1300,0,0,0,0,0,0,56,0,0,0,3114,detection,
3114889,14,31,276,532,-256,0,38,100,8,13,81,0,48,40,3114,detection,
3114909,18,31,276,532,-256,0,48,100,0,16,54,0,60,40,3114,detection,
3114923,15,31,276,532,-256,0,46,100,10,25,57,0,58,40,3114,detection,
3114957,26,31,276,532,-256,0,46,100,0,16,58,0,60,40,3114,detection,
3114999,22,31,276,532,-256,0,45,70,9,0,59,0,61,40,3114,detection,
3115000,11,31,276,532,-256,0,46,100,0,0,57,0,60,40,3115,detection,
3115849,17,27,788,788,0,0,0,0,0,0,56,0,0,0,3115,detection,
3115880,4,27,788,788,0,0,0,0,0,0,60,0,0,0,3115,detection,
3115896,8,27,788,788,0,0,0,0,0,0,56,0,0,0,3115,detection,
3116589,1,7,788,788,0,0,0,0,0,0,37,0,0,0,3116,detection,
3116710,26,7,788,788,0,0,0,0,0,0,58,0,0,0,3116,detection,
3116989,25,4,788,788,0,0,0,0,0,0,61,0,0,0,3116,detection,
3117041,24,4,788,788,0,0,0,0,0,0,58,0,0,0,3117,detection,
3117383,4,25,788,788,0,0,0,0,0,0,58,0,0,0,3117,detection,
3117918,24,29,276,20,256,0,41,70,0,0,71,0,48,40,3117,detection,
3118384,12,19,621,621,0,0,0,0,0,0,78,0,0,0,3118,detection,
3118667,18,31,276,532,-256,0,46,100,0,16,58,0,60,40,3118,detection,
3118673,15,31,276,532,-256,0,45,100,0,23,60,0,60,40,3118,detection,
3118708,26,31,276,532,-256,0,45,100,0,7,60,0,60,40,3118,detection,
3118737,11,31,276,532,-256,0,47,100,0,0,56,0,60,40,3118,detection,
3118754,22,31,276,532,-256,0,45,100,0,0,59,0,60,40,3118,detection,
3118759,4,31,276,532,-256,0,45,70,27,0,59,0,71,55,3118,detection,
3120142,1,17,1185,1185,0,0,0,0,0,0,36,0,0,0,3120,detection,
3120171,15,11,810,810,0,0,0,0,0,0,60,0,0,0,3120,detection,
3123516,14,31,276,276,0,0,0,0,24,0,84,0,0,0,3123,detection,
3123550,15,31,276,276,0,0,0,100,30,23,61,0,57,40,3123,detection,
3123580,26,31,276,276,0,0,0,100,29,15,62,0,54,40,3123,detection,
3123624,22,31,276,276,0,0,0,100,30,7,60,0,60,40,3123,detection,
3124895,14,4,788,788,0,0,0,0,0,0,58,0,0,0,3124,detection,
3124937,16,4,788,788,0,0,0,0,0,0,65,0,0,0,3124,detection,
3124950,10,4,788,788,0,0,0,0,0,0,55,0,0,0,3124,detection,
3124971,17,4,788,788,0,0,0,0,0,0,55,0,0,0,3124,detection,
3124988,25,4,788,788,0,0,0,0,0,0,63,0,0,0,3124,detection,
3124992,12,4,788,788,0,0,0,0,0,0,59,0,0,0,3124,detection,
3124997,27,4,788,788,0,0,0,0,0,0,62,0,0,0,3124,detection,
3126862,12,19,621,621,0,0,0,0,0,0,75,0,0,0,3126,detection,
3126922,20,19,621,621,0,0,0,0,0,0,67,0,0,0,3126,detection,
3126961,28,19,621,621,0,0,0,0,0,0,66,0,0,0,3126,detection,
3127991,12,22,788,788,0,0,0,0,0,0,64,0,0,0,3127,detection,
3128030,18,22,788,788,0,0,0,0,0,0,60,0,0,0,3128,detection,
3128034,5,22,788,788,0,0,0,0,0,0,52,0,0,0,3128,detection,
3128085,28,22,788,788,0,0,0,0,0,0,55,0,0,0,3128,detection,
3128103,2,22,788,788,0,0,0,0,0,0,58,0,0,0,3128,detection,
3128622,22,27,1044,1044,0,0,0,0,0,0,64,0,0,0,3128,detection,
3128634,4,27,1044,1044,0,0,0,0,0,0,61,0,0,0,3128,detection,
3128699,10,27,1044,1044,0,0,0,0,0,0,60,0,0,0,3128,detection,
3128705,21,14,583,583,0,0,0,0,0,0,85,0,0,0,3128,detection,
3128720,17,27,1044,1044,0,0,0,0,0,0,56,0,0,0,3128,detection,
3130428,15,11,810,810,0,0,0,0,0,0,60,0,0,0,3130,detection,
3130456,26,11,810,810,0,0,0,0,0,0,58,0,0,0,3130,detection,
3131309,16,4,1044,1044,0,0,0,0,0,0,64,0,0,0,3131,detection,
3131403,14,4,1044,1044,0,0,0,0,0,0,61,0,0,0,3131,detection,
3134047,20,15,978,978,0,0,0,0,0,0,60,0,0,0,3134,detection,
3136417,20,19,723,723,0,0,0,0,0,0,65,0,0,0,3136,detection,
3136425,15,19,723,723,0,0,0,0,0,0,65,0,0,0,3136,detection,
3137667,20,15,788,788,0,0,0,0,0,0,61,0,0,0,3137,detection,
3138469,1,7,1300,1300,0,0,0,0,0,0,36,0,0,0,3138,detection,
3138538,9,7,1300,1300,0,0,0,0,0,0,58,0,0,0,3138,detection,
3138594,17,7,1300,1300,0,0,0,0,0,0,59,0,0,0,3138,detection,
3140366,25,2,1066,1066,0,0,0,0,0,0,61,0,0,0,3140,detection,
3140457,19,12,1120,1120,0,0,0,0,0,0,56,0,0,0,3140,detection,
3140462,28,12,1120,1120,0,0,0,0,0,0,57,0,0,0,3140,detection,
3141087,28,22,1002,1002,0,0,0,0,0,0,56,0,0,0,3141,detection,
3141087,19,22,1002,1002,0,0,0,0,0,0,65,0,0,0,3141,detection,
3141113,12,22,1002,1002,0,0,0,0,0,0,65,0,0,0,3141,detection,
3141155,18,22,1002,1002,0,0,0,0,0,0,60,0,0,0,3141,detection,
3141164,9,22,1002,1002,0,0,0,0,0,0,59,0,0,0,3141,detection,
3141174,24,22,1002,1002,0,0,0,0,0,0,64,0,0,0,3141,detection,
3142042,3,6,1514,1514,0,0,0,0,0,0,62,0,0,0,3142,detection,
3143917,20,15,813,813,0,0,0,0,0,0,62,0,0,0,3143,detection,
3144814,16,14,583,583,0,0,0,0,0,0,57,0,0,0,3144,detection,
3144857,11,14,583,583,0,0,0,0,0,0,55,0,0,0,3144,detection,
3146537,9,7,979,979,0,0,0,0,0,0,59,0,0,0,3146,detection,
3147888,14,4,1044,1044,0,0,0,0,0,0,62,0,0,0,3147,detection,
3147913,24,4,1044,1044,0,0,0,0,0,0,59,0,0,0,3147,detection,
3147934,16,4,1044,1044,0,0,0,0,0,0,59,0,0,0,3147,detection,
3149038,3,6,1632,1632,0,0,0,0,0,0,64,0,0,0,3149,detection,
3149125,22,31,276,349,-73,0,12,100,8,15,60,0,60,40,3149,detection,
3149160,5,31,276,349,-73,0,13,71,8,15,59,0,61,40,3149,detection,
3151395,8,27,788,788,0,0,0,0,0,0,59,0,0,0,3151,detection,
3152413,9,7,788,788,0,0,0,0,0,0,59,0,0,0,3152,detection,
3153989,25,2,1066,1066,0,0,0,0,0,0,61,0,0,0,3153,detection,
3154602,7,29,276,20,256,0,33,70,0,0,100,0,48,40,3154,detection,
3155038,3,6,1697,1697,0,0,0,0,0,0,63,0,0,0,3155,detection,
3155917,6,3,1323,1323,0,0,0,0,0,0,68,0,0,0,3155,detection,
3157782,1,17,532,532,0,0,0,0,0,0,42,0,0,0,3157,detection,
3158182,16,4,788,788,0,0,0,0,0,0,62,0,0,0,3158,detection,
3158263,14,4,788,788,0,0,0,0,0,0,57,0,0,0,3158,detection,
3158667,20,15,822,822,0,0,0,0,0,0,58,0,0,0,3158,detection,
3161028,18,27,532,532,0,0,0,0,0,0,55,0,0,0,3161,detection,
3163204,21,25,788,788,0,0,0,0,0,0,62,0,0,0,3163,detection,
3163667,6,28,532,532,0,100,0,0,0,0,66,0,49,40,3163,detection,
3165164,1,17,532,532,0,0,0,0,0,0,45,0,0,0,3165,detection,
3165198,10,17,532,532,0,0,0,0,0,0,62,0,0,0,3165,detection,
3165250,22,17,532,532,0,0,0,0,0,0,65,0,0,0,3165,detection,
3168222,17,8,945,945,0,0,0,0,0,0,61,0,0,0,3168,detection,
3168468,1,12,1044,1044,0,0,0,0,0,0,41,0,0,0,3168,detection,
3169415,24,18,788,788,0,0,0,0,0,0,62,0,0,0,3169,detection,
3169418,3,18,788,788,0,0,0,0,0,0,58,0,0,0,3169,detection,
3169478,2,18,788,788,0,0,0,0,0,0,59,0,0,0,3169,detection,
3169500,27,18,788,788,0,0,0,0,0,0,69,0,0,0,3169,detection,
3170204,21,27,762,762,0,0,0,0,0,0,58,0,0,0,3170,detection,
3170622,13,31,276,479,-203,0,35,70,23,0,63,0,47,40,3170,detection,
3171136,4,16,788,788,0,0,0,0,0,0,89,0,0,0,3171,detection,
3173665,9,7,762,762,0,0,0,0,0,0,55,0,0,0,3173,detection,
3173666,3,7,762,762,0,0,0,0,0,0,56,0,0,0,3173,detection,
3176662,5,24,532,532,0,0,0,0,0,0,56,0,0,0,3176,detection,
3180005,1,17,603,603,0,0,0,0,0,0,45,0,0,0,3180,detection,
3180056,16,17,603,603,0,0,0,0,0,0,55,0,0,0,3180,detection,
3180069,10,17,603,603,0,0,0,0,0,0,61,0,0,0,3180,detection,
3180129,22,17,603,603,0,0,0,0,0,0,61,0,0,0,3180,detection,
3180832,26,7,788,788,0,0,0,0,0,0,54,0,0,0,3180,detection,
3183548,1,12,1575,1575,0,0,0,0,0,0,41,0,0,0,3183,detection,
3183612,11,12,1575,1575,0,0,0,0,0,0,60,0,0,0,3183,detection,
3183707,21,30,276,1216,-940,0,100,100,100,0,79,0,48,40,3183,detection,
3183767,14,30,276,1216,-940,0,100,100,78,7,63,0,48,40,3183,detection,
3187614,25,4,1320,1320,0,0,0,0,0,0,62,0,0,0,3187,detection,
3188825,21,30,276,276,0,0,0,100,92,6,83,0,48,40,3188,detection,
3189855,2,13,860,860,0,0,0,0,0,0,62,0,0,0,3189,detection,
3189906,5,13,860,860,0,0,0,0,0,0,79,0,0,0,3189,detection,
3189915,24,13,860,860,0,0,0,0,0,0,68,0,0,0,3189,detection,
3189927,15,13,860,860,0,0,0,0,0,0,77,0,0,0,3189,detection,
3190426,15,16,946,946,0,0,0,0,0,0,65,0,0,0,3190,detection,
3190495,13,16,946,946,0,0,0,0,0,0,82,0,0,0,3190,detection,
3190503,4,16,946,946,0,0,0,0,0,0,84,0,0,0,3190,detection,
3191942,1,12,1172,1172,0,0,0,0,0,0,43,0,0,0,3191,detection,
3191968,7,2,1066,1066,0,0,0,0,0,0,59,0,0,0,3191,detection,
3191998,13,2,1066,1066,0,0,0,0,0,0,63,0,0,0,3191,detection,
3192040,9,2,1066,1066,0,0,0,0,0,0,64,0,0,0,3192,detection,
3193297,20,19,788,788,0,0,0,0,0,0,64,0,0,0,3193,detection,
3193298,6,19,788,788,0,0,0,0,0,0,60,0,0,0,3193,detection,
3193302,15,19,788,788,0,0,0,0,0,0,64,0,0,0,3193,detection,
3193336,28,19,788,788,0,0,0,0,0,0,68,0,0,0,3193,detection,
3195077,21,30,276,276,0,0,0,100,0,6,86,0,48,40,3195,detection,
3197413,24,3,788,788,0,0,0,0,0,0,60,0,0,0,3197,detection,
3197837,19,28,532,532,0,0,0,0,0,0,63,0,0,0,3197,detection,
3198481,1,12,1044,1044,0,0,0,0,0,0,45,0,0,0,3198,detection,
3198489,11,12,1044,1044,0,0,0,0,0,0,61,0,0,0,3198,detection,
3200059,16,17,788,788,0,0,0,0,0,0,58,0,0,0,3200,detection,
3200128,22,17,788,788,0,0,0,0,0,0,64,0,0,0,3200,detection,
3200133,4,17,788,788,0,0,0,0,0,0,55,0,0,0,3200,detection,
3201078,21,30,276,788,-512,0,76,100,50,13,81,0,48,40,3201,detection,
3204834,19,28,532,532,0,0,0,0,0,0,64,0,0,0,3204,detection,
3206626,22,17,532,532,0,0,0,0,0,0,65,0,0,0,3206,detection,
3206631,4,17,532,532,0,0,0,0,0,0,56,0,0,0,3206,detection,
3206681,16,17,532,532,0,0,0,0,0,0,59,0,0,0,3206,detection,
3207480,2,16,890,890,0,0,0,0,0,0,63,0,0,0,3207,detection,
3207494,25,16,890,890,0,0,0,0,0,0,59,0,0,0,3207,detection,
3207502,4,16,890,890,0,0,0,0,0,0,81,0,0,0,3207,detection,
3209932,16,17,532,532,0,0,0,0,0,0,60,0,0,0,3209,detection,
3210228,1,12,1504,1504,0,0,0,0,0,0,38,0,0,0,3210,detection,
3210380,22,2,1066,1066,0,0,0,0,0,0,67,0,0,0,3210,detection,
3210667,9,7,1556,1556,0,0,0,0,0,0,58,0,0,0,3210,detection,
3212039,24,3,1223,1223,0,0,0,0,0,0,64,0,0,0,3212,detection,
3212048,20,3,1223,1223,0,0,0,0,0,0,71,0,0,0,3212,detection,
3213286,5,24,557,557,0,0,0,0,0,0,57,0,0,0,3213,detection,
3213787,24,13,860,860,0,0,0,0,0,0,62,0,0,0,3213,detection,
3213790,9,13,860,860,0,0,0,0,0,0,65,0,0,0,3213,detection,
3214824,21,4,839,839,0,0,0,0,0,0,58,0,0,0,3214,detection,
3214848,17,4,839,839,0,0,0,0,0,0,59,0,0,0,3214,detection,
3214917,9,4,839,839,0,0,0,0,0,0,60,0,0,0,3214,detection,
3216054,15,30,276,532,-256,0,46,100,25,0,57,0,60,40,3216,detection,
3216682,16,17,532,532,0,0,0,0,0,0,61,0,0,0,3216,detection,
3216704,21,17,532,532,0,0,0,0,0,0,57,0,0,0,3216,detection,
3216750,22,17,532,532,0,0,0,0,0,0,66,0,0,0,3216,detection,
3216912,24,3,1409,1409,0,0,0,0,0,0,65,0,0,0,3216,detection,
3216917,20,3,1409,1409,0,0,0,0,0,0,69,0,0,0,3216,detection,
3219747,13,2,1066,1066,0,0,0,0,0,0,63,0,0,0,3219,detection,
3220107,2,22,788,788,0,0,0,0,0,0,57,0,0,0,3220,detection,
3220163,5,22,788,788,0,0,0,0,0,0,56,0,0,0,3220,detection,
3220172,24,22,788,788,0,0,0,0,0,0,66,0,0,0,3220,detection,
3222414,24,3,1409,1409,0,0,0,0,0,0,60,0,0,0,3222,detection,
3222419,20,6,1044,1044,0,0,0,0,0,0,58,0,0,0,3222,detection,
3223288,9,7,1610,1610,0,0,0,0,0,0,65,0,0,0,3223,detection,
3223926,15,30,276,532,-256,0,47,100,0,0,56,0,60,40,3223,detection,
3223956,21,30,276,532,-256,0,38,100,25,13,80,0,48,40,3223,detection,
3224661,5,31,276,532,-256,0,46,100,22,16,58,0,60,40,3224,detection,
3225781,18,22,1044,1044,0,0,0,0,0,0,61,0,0,0,3225,detection,
3226097,17,16,1084,1084,0,0,0,0,0,0,59,0,0,0,3226,detection,
3227287,9,4,1044,1044,0,0,0,0,0,0,62,0,0,0,3227,detection,
3227289,5,24,784,784,0,0,0,0,0,0,57,0,0,0,3227,detection,
3227355,2,4,1044,1044,0,0,0,0,0,0,59,0,0,0,3227,detection,
3229169,6,20,1233,1233,0,0,0,0,0,0,54,0,0,0,3229,detection,
3230184,16,17,532,532,0,0,0,0,0,0,61,0,0,0,3230,detection,
3230201,21,17,532,532,0,0,0,0,0,0,58,0,0,0,3230,detection,
3230245,25,17,532,532,0,0,0,0,0,0,61,0,0,0,3230,detection,
3230364,11,31,276,347,-71,0,12,100,22,0,57,0,60,40,3230,detection,
3232079,1,26,740,740,0,0,0,0,0,0,42,0,0,0,3232,detection,
3234715,7,4,1120,1120,0,0,0,0,0,0,59,0,0,0,3234,detection,
3234787,9,4,1120,1120,0,0,0,0,0,0,61,0,0,0,3234,detection,
3235660,18,29,276,532,-256,0,45,100,29,15,59,0,60,40,3235,detection,
3238904,18,22,788,788,0,0,0,0,0,0,60,0,0,0,3238,detection,
3238993,12,22,788,788,0,0,0,0,0,0,64,0,0,0,3238,detection,
3239485,11,31,276,349,-73,0,13,100,0,0,58,0,60,40,3239,detection,
3239536,5,31,276,349,-73,0,13,100,22,16,54,0,60,40,3239,detection,
3241918,3,29,276,276,0,0,0,0,22,0,100,0,0,0,3241,detection,
3242793,6,20,788,788,0,0,0,0,0,0,57,0,0,0,3242,detection,
3245647,8,16,788,788,0,0,0,0,0,0,90,0,0,0,3245,detection,
3245677,15,16,788,788,0,0,0,0,0,0,60,0,0,0,3245,detection,
3245724,17,16,788,788,0,0,0,0,0,0,58,0,0,0,3245,detection,
3247393,14,4,1120,1120,0,0,0,0,0,0,60,0,0,0,3247,detection,
3247414,9,4,1120,1120,0,0,0,0,0,0,61,0,0,0,3247,detection,
3247462,7,4,1120,1120,0,0,0,0,0,0,59,0,0,0,3247,detection,
3247504,27,4,1120,1120,0,0,0,0,0,0,64,0,0,0,3247,detection,
3247906,18,22,532,532,0,0,0,0,0,0,61,0,0,0,3247,detection,
3247962,19,22,532,532,0,0,0,0,0,0,65,0,0,0,3247,detection,
3248111,11,31,276,334,-58,0,10,100,1,0,58,0,60,40,3248,detection,
3249412,9,7,1044,1044,0,0,0,0,0,0,64,0,0,0,3249,detection,
3250052,15,30,276,327,-51,0,9,100,25,0,53,0,60,40,3250,detection,
3252417,6,20,718,718,0,0,0,0,0,0,57,0,0,0,3252,detection,
3253842,17,16,788,788,0,0,0,0,0,0,58,0,0,0,3253,detection,
3253893,8,16,788,788,0,0,0,0,0,0,88,0,0,0,3253,detection,
3253927,15,16,788,788,0,0,0,0,0,0,59,0,0,0,3253,detection,
3253953,21,16,788,788,0,0,0,0,0,0,57,0,0,0,3253,detection,
3254235,11,31,276,276,0,0,0,100,6,7,59,0,60,40,3254,detection,
3254250,22,31,276,276,0,0,0,0,8,0,61,0,0,0,3254,detection,
3254282,5,31,276,276,0,0,0,100,8,23,59,0,60,40,3254,detection,
3254307,15,31,276,276,0,0,0,0,0,0,62,0,0,0,3254,detection,
3255084,28,11,946,946,0,0,0,0,0,0,63,0,0,0,3255,detection,
3255199,24,11,946,946,0,0,0,0,0,0,59,0,0,0,3255,detection,
3255244,12,19,757,757,0,0,0,0,0,0,72,0,0,0,3255,detection,
3255508,4,27,762,762,0,0,0,0,0,0,60,0,0,0,3255,detection,
3256688,1,26,740,740,0,0,0,0,0,0,41,0,0,0,3256,detection,
3257714,7,29,276,532,-256,0,33,70,44,0,100,0,37,40,3257,detection,
3259016,14,12,808,808,0,0,0,0,0,0,56,0,0,0,3259,detection,
3260293,3,7,788,788,0,0,0,0,0,0,56,0,0,0,3260,detection,
3261208,19,22,762,762,0,0,0,0,0,0,64,0,0,0,3261,detection,
3261238,12,22,762,762,0,0,0,0,0,0,62,0,0,0,3261,detection,
3261250,13,22,762,762,0,0,0,0,0,0,65,0,0,0,3261,detection,
3261264,14,22,762,762,0,0,0,0,0,0,63,0,0,0,3261,detection,
3262659,18,29,276,532,-256,0,46,100,0,16,58,0,60,40,3262,detection,
3262941,1,17,762,762,0,0,0,0,0,0,44,0,0,0,3262,detection,
3264208,26,31,276,276,0,0,0,100,0,15,62,0,54,40,3264,detection,
3264284,5,31,276,276,0,0,0,100,0,23,59,0,60,40,3264,detection,
3264297,15,31,276,276,0,0,0,0,0,0,62,0,0,0,3264,detection,
3267292,9,18,788,788,0,0,0,0,0,0,67,0,0,0,3267,detection,
3267395,14,18,788,788,0,0,0,0,0,0,55,0,0,0,3267,detection,
3267866,12,2,788,788,0,0,0,0,0,0,62,0,0,0,3267,detection,
3267871,13,2,788,788,0,0,0,0,0,0,63,0,0,0,3267,detection,
3267880,22,2,788,788,0,0,0,0,0,0,67,0,0,0,3267,detection,
3267964,7,2,788,788,0,0,0,0,0,0,59,0,0,0,3267,detection,
3269044,20,6,1659,1659,0,0,0,0,0,0,60,0,0,0,3269,detection,
3270997,13,9,632,632,0,0,0,0,0,0,64,0,0,0,3270,detection,
3271164,3,7,788,788,0,0,0,0,0,0,55,0,0,0,3271,detection,
3273013,14,22,1300,1300,0,0,0,0,0,0,65,0,0,0,3273,detection,
3273030,18,22,1300,1300,0,0,0,0,0,0,60,0,0,0,3273,detection,
3273175,15,16,974,974,0,0,0,0,0,0,64,0,0,0,3273,detection,
3273957,26,31,276,301,-25,0,4,100,2,23,63,0,48,40,3273,detection,
3274034,5,31,276,301,-25,0,4,100,2,30,59,0,60,40,3274,detection,
3278583,26,7,1300,1300,0,0,0,0,0,0,61,0,0,0,3278,detection,
3279294,20,15,1230,1230,0,0,0,0,0,0,57,0,0,0,3279,detection,
3279997,13,31,276,532,-256,0,44,100,6,0,62,0,54,40,3279,detection,
3280004,22,31,276,532,-256,0,47,70,31,0,56,0,64,40,3280,detection,
3282088,7,2,788,788,0,0,0,0,0,0,56,0,0,0,3282,detection,
3282114,12,2,788,788,0,0,0,0,0,0,62,0,0,0,3282,detection,
3282122,13,2,788,788,0,0,0,0,0,0,63,0,0,0,3282,detection,
3282122,22,2,788,788,0,0,0,0,0,0,67,0,0,0,3282,detection,
3284987,12,22,788,788,0,0,0,0,0,0,61,0,0,0,3284,detection,
3286828,21,16,974,974,0,0,0,0,0,0,58,0,0,0,3286,detection,
3286896,8,16,974,974,0,0,0,0,0,0,91,0,0,0,3286,detection,
3286958,19,12,808,808,0,0,0,0,0,0,56,0,0,0,3286,detection,
3287014,14,12,808,808,0,0,0,0,0,0,56,0,0,0,3287,detection,
3287031,5,12,808,808,0,0,0,0,0,0,57,0,0,0,3287,detection,
3287998,13,31,276,276,0,0,0,100,29,7,63,0,48,40,3287,detection,
3288010,22,31,276,276,0,0,0,70,31,8,57,0,64,40,3288,detection,
3288080,26,31,276,276,0,0,0,100,2,23,63,0,48,40,3288,detection,
3289657,18,22,788,788,0,0,0,0,0,0,59,0,0,0,3289,detection,
3289666,9,22,788,788,0,0,0,0,0,0,59,0,0,0,3289,detection,
3290784,18,29,276,557,-281,0,50,76,3,0,58,0,60,40,3290,detection,
3291041,6,28,762,762,0,0,0,0,0,0,64,0,0,0,3291,detection,
3291303,6,20,1075,1075,0,0,0,0,0,0,58,0,0,0,3291,detection,
3292252,1,21,1176,1176,0,0,0,0,0,0,46,0,0,0,3292,detection,
3292342,7,21,1176,1176,0,0,0,0,0,0,70,0,0,0,3292,detection,
3292342,17,21,1176,1176,0,0,0,0,0,0,68,0,0,0,3292,detection,
3292723,17,8,945,945,0,0,0,0,0,0,60,0,0,0,3292,detection,
3293511,4,18,788,788,0,0,0,0,0,0,56,0,0,0,3293,detection,
3294614,12,2,788,788,0,0,0,0,0,0,61,0,0,0,3294,detection,
3294622,13,2,788,788,0,0,0,0,0,0,62,0,0,0,3294,detection,
3294626,22,2,788,788,0,0,0,0,0,0,61,0,0,0,3294,detection,
3294664,9,2,788,788,0,0,0,0,0,0,62,0,0,0,3294,detection,
3295043,20,6,1457,1457,0,0,0,0,0,0,59,0,0,0,3295,detection,
3296729,1,7,1300,1300,0,0,0,0,0,0,40,0,0,0,3296,detection,
3296845,17,7,1300,1300,0,0,0,0,0,0,60,0,0,0,3296,detection,
3299247,13,9,632,632,0,0,0,0,0,0,63,0,0,0,3299,detection,
3299260,4,9,632,632,0,0,0,0,0,0,58,0,0,0,3299,detection,
3299294,3,9,632,632,0,0,0,0,0,0,67,0,0,0,3299,detection,
3300416,20,6,1457,1457,0,0,0,0,0,0,59,0,0,0,3300,detection,
3302462,7,21,1201,1201,0,0,0,0,0,0,72,0,0,0,3302,detection,
3302471,17,21,1201,1201,0,0,0,0,0,0,69,0,0,0,3302,detection,
3302494,13,2,532,532,0,0,0,0,0,0,62,0,0,0,3302,detection,
3302500,22,2,532,532,0,0,0,0,0,0,61,0,0,0,3302,detection,
3302838,19,18,788,788,0,0,0,0,0,0,59,0,0,0,3302,detection,
3302867,12,18,788,788,0,0,0,0,0,0,56,0,0,0,3302,detection,
3302880,4,18,788,788,0,0,0,0,0,0,56,0,0,0,3302,detection,
3303247,22,2,532,532,0,0,0,0,0,0,61,0,0,0,3303,detection,
3303410,5,22,839,839,0,0,0,0,0,0,56,0,0,0,3303,detection,
3303411,9,22,839,839,0,0,0,0,0,0,54,0,0,0,3303,detection,
3303462,19,22,839,839,0,0,0,0,0,0,62,0,0,0,3303,detection,
3303475,2,22,839,839,0,0,0,0,0,0,57,0,0,0,3303,detection,
3303491,12,22,839,839,0,0,0,0,0,0,60,0,0,0,3303,detection,
3303500,13,22,839,839,0,0,0,0,0,0,64,0,0,0,3303,detection,
3303530,18,22,839,839,0,0,0,0,0,0,55,0,0,0,3303,detection,
3304871,13,31,276,276,0,0,0,96,0,7,63,0,48,40,3304,detection,
3304875,22,31,276,276,0,0,0,70,0,8,57,0,61,40,3304,detection,
3304909,5,31,276,276,0,0,0,100,2,30,60,0,60,40,3304,detection,
3304922,15,31,276,276,0,0,0,0,0,0,62,0,0,0,3304,detection,
3305656,18,29,276,565,-289,0,52,100,0,0,57,0,60,40,3305,detection,
3305699,21,16,1044,1044,0,0,0,0,0,0,58,0,0,0,3305,detection,
3305741,12,16,1044,1044,0,0,0,0,0,0,86,0,0,0,3305,detection,
3305746,13,16,1044,1044,0,0,0,0,0,0,79,0,0,0,3305,detection,
3305771,8,16,1044,1044,0,0,0,0,0,0,87,0,0,0,3305,detection,
3305801,15,16,1044,1044,0,0,0,0,0,0,63,0,0,0,3305,detection,
3308221,17,21,1226,1226,0,0,0,0,0,0,69,0,0,0,3308,detection,
3308922,20,5,532,532,0,0,0,0,0,0,70,0,0,0,3308,detection,
3308935,16,5,532,532,0,0,0,0,0,0,65,0,0,0,3308,detection,
3308961,19,5,532,532,0,0,0,0,0,0,80,0,0,0,3308,detection,
3308986,11,5,532,532,0,0,0,0,0,0,62,0,0,0,3308,detection,
3309325,10,12,532,532,0,0,0,0,0,0,59,0,0,0,3309,detection,
3309742,12,5,532,532,0,0,0,0,0,0,68,0,0,0,3309,detection,
3310978,2,16,532,532,0,0,0,0,0,0,64,0,0,0,3310,detection,
3310987,12,16,532,532,0,0,0,0,0,0,88,0,0,0,3310,detection,
3311020,8,16,532,532,0,0,0,0,0,0,86,0,0,0,3311,detection,
3312042,6,20,1044,1044,0,0,0,0,0,0,57,0,0,0,3312,detection,
3313123,13,2,532,532,0,0,0,0,0,0,62,0,0,0,3313,detection,
3313127,22,2,532,532,0,0,0,0,0,0,61,0,0,0,3313,detection,
3313162,9,2,532,532,0,0,0,0,0,0,63,0,0,0,3313,detection,
3313412,9,2,532,532,0,0,0,0,0,0,63,0,0,0,3313,detection,
3313490,12,2,532,532,0,0,0,0,0,0,61,0,0,0,3313,detection,
3313490,25,2,532,532,0,0,0,0,0,0,58,0,0,0,3313,detection,
3313498,13,2,532,532,0,0,0,0,0,0,57,0,0,0,3313,detection,
3313498,22,2,532,532,0,0,0,0,0,0,60,0,0,0,3313,detection,
3314969,17,7,1300,1300,0,0,0,0,0,0,61,0,0,0,3314,detection,
3315041,9,7,1300,1300,0,0,0,0,0,0,64,0,0,0,3315,detection,
3315543,20,5,532,532,0,0,0,0,0,0,70,0,0,0,3315,detection,
3315556,16,5,532,532,0,0,0,0,0,0,67,0,0,0,3315,detection,
3315582,19,5,532,532,0,0,0,0,0,0,82,0,0,0,3315,detection,
3316047,20,19,665,665,0,0,0,0,0,0,63,0,0,0,3316,detection,
3316542,6,3,1158,1158,0,0,0,0,0,0,70,0,0,0,3316,detection,
3316549,15,19,665,665,0,0,0,0,0,0,64,0,0,0,3316,detection,
3317696,10,12,554,554,0,0,0,0,0,0,60,0,0,0,3317,detection,
3317708,19,12,554,554,0,0,0,0,0,0,57,0,0,0,3317,detection,
3318335,28,11,1129,1129,0,0,0,0,0,0,57,0,0,0,3318,detection,
3318744,25,16,532,532,0,0,0,0,0,0,56,0,0,0,3318,detection,
3318789,6,28,762,762,0,0,0,0,0,0,63,0,0,0,3318,detection,
3318953,21,17,762,762,0,0,0,0,0,0,57,0,0,0,3318,detection,
3319544,3,6,1457,1457,0,0,0,0,0,0,62,0,0,0,3319,detection,
3320371,25,26,665,665,0,100,0,0,0,0,70,0,49,40,3320,detection,
3320667,6,20,1044,1044,0,0,0,0,0,0,57,0,0,0,3320,detection,
3321540,6,3,1044,1044,0,0,0,0,0,0,68,0,0,0,3321,detection,
3325967,7,21,1226,1226,0,0,0,0,0,0,70,0,0,0,3325,detection,
3326658,5,12,554,554,0,0,0,0,0,0,58,0,0,0,3326,detection,
3326697,10,12,554,554,0,0,0,0,0,0,56,0,0,0,3326,detection,
3328417,6,3,1472,1472,0,0,0,0,0,0,66,0,0,0,3328,detection,
3328422,20,3,1472,1472,0,0,0,0,0,0,71,0,0,0,3328,detection,
3329298,15,31,276,303,-27,0,4,38,3,7,62,0,0,0,3329,detection,
3329334,26,31,276,303,-27,0,4,100,3,30,63,0,48,40,3329,detection,
3330789,9,16,532,532,0,0,0,0,0,0,55,0,0,0,3330,detection,
3330828,21,16,532,532,0,0,0,0,0,0,59,0,0,0,3330,detection,
3330871,25,16,532,532,0,0,0,0,0,0,57,0,0,0,3330,detection,
3330880,27,16,532,532,0,0,0,0,0,0,62,0,0,0,3330,detection,
3330880,22,16,532,532,0,0,0,0,0,0,98,0,0,0,3330,detection,
3330888,14,16,532,532,0,0,0,0,0,0,63,0,0,0,3330,detection,
3332117,12,5,557,557,0,0,0,0,0,0,69,0,0,0,3332,detection,
3332336,28,11,1150,1150,0,0,0,0,0,0,62,0,0,0,3332,detection,
3332393,12,19,276,276,0,100,0,0,0,0,81,0,49,40,3332,detection,
3332424,20,19,276,276,0,100,0,0,0,0,70,0,49,40,3332,detection,
3332739,12,19,276,276,0,100,0,0,0,0,91,0,49,40,3332,detection,
3332988,12,2,276,276,0,100,0,0,0,0,69,0,49,40,3332,detection,
3332996,13,2,276,276,0,100,0,0,0,0,68,0,49,40,3332,detection,
3335255,4,22,802,802,0,0,0,0,0,0,56,0,0,0,3335,detection,
3336496,25,26,276,276,0,100,0,0,0,0,78,0,49,40,3336,detection,
3336947,10,12,276,276,0,100,0,0,0,0,68,0,49,40,3336,detection,
3336958,19,12,276,276,0,100,0,0,0,0,64,0,49,40,3336,detection,
3337035,5,12,276,276,0,100,0,0,0,0,61,0,54,40,3337,detection,
3337267,14,4,788,788,0,0,0,0,0,0,59,0,0,0,3337,detection,
3337989,12,19,301,301,0,90,0,0,0,0,100,0,49,40,3337,detection,
3338044,20,19,301,301,0,90,0,0,0,0,74,0,49,40,3338,detection,
3338374,12,19,301,301,0,90,0,0,0,0,96,0,49,40,3338,detection,
3338419,20,19,301,301,0,90,0,0,0,0,82,0,49,40,3338,detection,
3338666,6,3,1378,1378,0,0,0,0,0,0,65,0,0,0,3338,detection,
3340339,7,21,813,813,0,0,0,0,0,0,71,0,0,0,3340,detection,
3340451,26,25,788,788,0,0,0,0,0,0,58,0,0,0,3340,detection,
3340500,27,25,788,788,0,0,0,0,0,0,60,0,0,0,3340,detection,
3340821,10,25,788,788,0,0,0,0,0,0,61,0,0,0,3340,detection,
3340830,26,25,788,788,0,0,0,0,0,0,58,0,0,0,3340,detection,
3340849,2,25,788,788,0,0,0,0,0,0,59,0,0,0,3340,detection,
3340873,13,25,788,788,0,0,0,0,0,0,56,0,0,0,3340,detection,
3340876,27,25,788,788,0,0,0,0,0,0,59,0,0,0,3340,detection,
3341243,12,2,788,788,0,100,0,0,0,0,77,0,49,40,3341,detection,
3341248,13,2,788,788,0,100,0,0,0,0,77,0,49,40,3341,detection,
3341827,21,4,788,788,0,100,0,0,0,0,65,0,49,40,3341,detection,
3341839,7,4,788,788,0,100,0,0,0,0,62,0,52,40,3341,detection,
3341878,22,4,788,788,0,100,0,0,0,0,65,0,49,40,3341,detection,
3341894,14,4,788,788,0,100,0,0,0,0,66,0,49,40,3341,detection,
3341917,6,4,788,788,0,100,0,0,0,0,78,0,49,40,3341,detection,
3342189,16,14,557,557,0,0,0,0,0,0,58,0,0,0,3342,detection,
3342784,5,12,788,788,0,100,0,0,0,0,73,0,49,40,3342,detection,
3342824,10,12,788,788,0,100,0,0,0,0,76,0,49,40,3342,detection,
3343164,24,11,1044,1044,0,0,0,0,0,0,59,0,0,0,3343,detection,
3344914,3,6,788,788,0,0,0,0,0,0,61,0,0,0,3344,detection,
3345441,3,6,788,788,0,0,0,0,0,0,60,0,0,0,3345,detection,
3345542,6,3,813,813,0,0,0,0,0,0,71,0,0,0,3345,detection,
3346437,16,25,788,788,0,0,0,0,0,0,59,0,0,0,3346,detection,
3346453,26,25,788,788,0,0,0,0,0,0,58,0,0,0,3346,detection,
3346454,21,25,788,788,0,0,0,0,0,0,61,0,0,0,3346,detection,
3346497,27,25,788,788,0,0,0,0,0,0,59,0,0,0,3346,detection,
3346502,22,25,788,788,0,0,0,0,0,0,64,0,0,0,3346,detection,
3346696,10,25,788,788,0,0,0,0,0,0,60,0,0,0,3346,detection,
3346726,2,25,788,788,0,0,0,0,0,0,54,0,0,0,3346,detection,
3346745,13,25,788,788,0,0,0,0,0,0,55,0,0,0,3346,detection,
3346750,27,25,788,788,0,0,0,0,0,0,59,0,0,0,3346,detection,
3347041,6,4,788,788,0,100,0,0,0,0,88,0,49,40,3347,detection,
3347045,3,4,788,788,0,100,0,0,0,0,67,0,49,40,3347,detection,
3347062,16,4,788,788,0,100,0,0,0,0,69,0,49,40,3347,detection,
3347085,21,4,788,788,0,100,0,0,0,0,73,0,49,40,3347,detection,
3347088,7,4,788,788,0,100,0,0,0,0,70,0,49,40,3347,detection,
3347126,22,4,788,788,0,100,0,0,0,0,70,0,49,40,3347,detection,
3347516,14,4,788,788,0,100,0,0,0,0,74,0,49,40,3347,detection,
3347540,3,4,788,788,0,100,0,0,0,0,75,0,49,40,3347,detection,
3347541,6,4,788,788,0,100,0,0,0,0,99,0,49,40,3347,detection,
3347559,16,4,788,788,0,100,0,0,0,0,78,0,49,40,3347,detection,
3347598,7,4,788,788,0,100,0,0,0,0,79,0,49,40,3347,detection,
3349341,7,18,762,762,0,0,0,0,0,0,56,0,0,0,3349,detection,
3349393,14,18,762,762,0,0,0,0,0,0,55,0,0,0,3349,detection,
3349418,3,18,762,762,0,0,0,0,0,0,61,0,0,0,3349,detection,
3349627,22,18,762,762,0,0,0,0,0,0,60,0,0,0,3349,detection,
3349633,4,18,762,762,0,0,0,0,0,0,55,0,0,0,3349,detection,
3349641,14,18,762,762,0,0,0,0,0,0,54,0,0,0,3349,detection,
3349661,5,18,762,762,0,0,0,0,0,0,56,0,0,0,3349,detection,
3349663,3,18,762,762,0,0,0,0,0,0,60,0,0,0,3349,detection,
3349713,7,18,762,762,0,0,0,0,0,0,55,0,0,0,3349,detection,
3350238,12,19,301,301,0,100,0,0,0,0,100,0,49,40,3350,detection,
3350302,15,19,301,301,0,100,0,0,0,0,71,0,49,40,3350,detection,
3350676,15,19,301,301,0,100,0,0,0,0,80,0,49,40,3350,detection,
3352038,24,11,1210,1210,0,0,0,0,0,0,58,0,0,0,3352,detection,
3352429,3,7,813,813,0,0,0,0,0,0,55,0,0,0,3352,detection,
3352913,3,7,813,813,0,0,0,0,0,0,55,0,0,0,3352,detection,
3355449,10,12,788,788,0,100,0,0,0,0,86,0,49,40,3355,detection,
3357238,12,2,788,788,0,100,0,0,0,0,87,0,49,40,3357,detection,
3357246,13,2,788,788,0,100,0,0,0,0,87,0,49,40,3357,detection,
3357271,8,2,788,788,0,100,0,0,0,0,72,0,49,40,3357,detection,
3357665,24,11,1518,1518,0,0,0,0,0,0,63,0,0,0,3357,detection,
3358087,7,2,788,788,0,100,0,0,0,0,67,0,49,40,3358,detection,
3358505,27,21,1069,1069,0,0,0,0,0,0,60,0,0,0,3358,detection,
3358585,26,21,1069,1069,0,0,0,0,0,0,59,0,0,0,3358,detection,
3358598,7,21,1069,1069,0,0,0,0,0,0,69,0,0,0,3358,detection,
3359703,26,25,788,788,0,0,0,0,0,0,53,0,0,0,3359,detection,
3360455,21,14,602,602,0,0,0,0,0,0,84,0,0,0,3360,detection,
3360742,25,27,532,532,0,0,0,0,0,0,63,0,0,0,3360,detection,
3360749,22,27,532,532,0,0,0,0,0,0,64,0,0,0,3360,detection,
3360780,18,27,532,532,0,0,0,0,0,0,56,0,0,0,3360,detection,
3360831,21,27,532,532,0,0,0,0,0,0,59,0,0,0,3360,detection,
3361028,18,27,532,532,0,0,0,0,0,0,56,0,0,0,3361,detection,
3361101,21,27,532,532,0,0,0,0,0,0,60,0,0,0,3361,detection,
3362097,17,4,762,762,0,100,0,0,0,0,66,0,49,40,3362,detection,
3362126,22,4,762,762,0,100,0,0,0,0,83,0,49,40,3362,detection,
3363661,24,11,1044,1044,0,0,0,0,0,0,69,0,0,0,3363,detection,
3365264,14,12,532,532,0,100,0,0,0,0,62,0,52,40,3365,detection,
3365285,5,12,532,532,0,100,0,0,0,0,82,0,49,40,3365,detection,
3365331,19,12,532,532,0,100,0,0,0,0,72,0,49,40,3365,detection,
3365828,21,26,788,788,0,100,0,0,0,0,86,0,49,40,3365,detection,
3365879,27,26,788,788,0,100,0,0,0,0,71,0,49,40,3365,detection,
3366006,22,16,788,788,0,100,0,0,0,0,100,0,49,40,3366,detection,
3366006,27,16,788,788,0,100,0,0,0,0,70,0,49,40,3366,detection,
3366009,4,16,788,788,0,100,0,0,0,0,91,0,49,40,3366,detection,
3366028,18,16,788,788,0,100,0,0,0,0,100,0,49,40,3366,detection,
3366103,21,16,788,788,0,100,0,0,0,0,65,0,49,40,3366,detection,
3367377,27,21,813,813,0,0,0,0,0,0,61,0,0,0,3367,detection,
3368879,27,18,532,1044,-512,100,83,100,55,7,70,0,49,40,3368,detection,
3368921,3,18,532,1044,-512,100,91,100,61,7,59,0,56,40,3368,detection,
3368960,7,18,532,1044,-512,100,92,100,61,8,58,0,56,40,3368,detection,
3368982,2,18,532,1044,-512,100,89,100,59,7,62,0,52,40,3368,detection,
3369008,4,17,762,762,0,0,0,0,0,0,56,0,0,0,3369,detection,
3372832,26,11,1044,1044,0,0,0,0,0,0,59,0,0,0,3372,detection,
3372917,24,11,1044,1044,0,0,0,0,0,0,70,0,0,0,3372,detection,
3373295,6,20,1044,1044,0,0,0,0,0,0,59,0,0,0,3373,detection,
3374072,10,12,532,532,0,100,0,0,0,0,97,0,49,40,3374,detection,
3374083,19,12,532,532,0,100,0,0,0,0,81,0,49,40,3374,detection,
3376426,15,31,276,530,-254,0,44,70,26,7,61,0,68,55,3376,detection,
3376499,13,31,276,530,-254,0,44,100,29,15,62,0,54,40,3376,detection,
3376517,14,31,276,530,-254,0,37,70,25,6,81,0,47,40,3376,detection,
3376540,5,31,276,530,-254,0,45,70,30,0,59,0,64,40,3376,detection,
3377339,7,18,532,1044,-512,100,92,100,0,8,58,0,56,40,3377,detection,
3377340,28,18,532,1044,-512,100,91,100,61,7,59,0,56,40,3377,detection,
3377353,2,18,532,1044,-512,100,90,100,0,7,61,0,54,40,3377,detection,
3377374,27,18,532,1044,-512,100,84,100,0,7,68,0,49,40,3377,detection,
3377630,4,22,802,802,0,0,0,0,0,0,56,0,0,0,3377,detection,
3380249,27,21,813,813,0,0,0,0,0,0,61,0,0,0,3380,detection,
3380334,26,21,813,813,0,0,0,0,0,0,56,0,0,0,3380,detection,
3380335,7,21,813,813,0,0,0,0,0,0,71,0,0,0,3380,detection,
3380532,5,14,276,301,-25,100,4,35,2,7,60,0,56,40,3380,detection,
3380791,6,20,1044,1044,0,0,0,0,0,0,60,0,0,0,3380,detection,
3382706,26,8,788,788,0,100,0,0,0,0,68,0,49,40,3382,detection,
3383366,12,2,788,788,0,100,0,0,0,0,94,0,49,40,3383,detection,
3383463,7,2,788,788,0,100,0,0,0,0,74,0,49,40,3383,detection,
3384644,14,30,276,20,256,0,40,70,100,0,75,0,48,40,3384,detection,
3385242,12,19,788,788,0,100,0,0,0,0,100,0,49,40,3385,detection,
3385296,20,19,788,788,0,100,0,0,0,0,97,0,49,40,3385,detection,
3385297,6,19,788,788,0,100,0,0,0,0,64,0,49,40,3385,detection,
3385297,15,19,788,788,0,100,0,0,0,0,86,0,49,40,3385,detection,
3385790,6,28,762,762,0,0,0,0,0,0,61,0,0,0,3385,detection,
3386950,10,14,276,276,0,100,0,0,0,0,62,0,52,40,3386,detection,
3386955,21,14,276,276,0,100,0,0,0,0,90,0,49,40,3386,detection,
3388780,18,16,788,788,0,100,0,0,0,0,96,0,49,40,3388,detection,
3389538,24,11,1044,1044,0,0,0,0,0,0,72,0,0,0,3389,detection,
3390200,10,12,276,276,0,100,0,0,0,0,100,0,49,40,3390,detection,
3390208,19,12,276,276,0,100,0,0,0,0,91,0,49,40,3390,detection,
3392917,24,29,276,20,256,0,38,100,0,0,80,0,48,40,3392,detection,
3393129,22,18,532,1044,-512,100,94,100,62,8,56,0,56,40,3393,detection,
3393133,4,18,532,1044,-512,100,92,100,61,8,58,0,56,40,3393,detection,
3393213,28,18,532,1044,-512,100,91,100,0,7,59,0,56,40,3393,detection,
3393292,20,6,788,788,0,0,0,0,0,0,54,50,68,55,3393,detection,
3394438,16,4,532,532,0,100,0,0,0,0,88,0,49,40,3394,detection,
3394472,17,4,532,532,0,100,0,0,0,0,74,0,49,40,3394,detection,
3394502,22,4,532,532,0,100,0,0,0,0,94,0,49,40,3394,detection,
3395413,5,24,788,788,0,0,0,0,0,0,56,0,0,0,3395,detection,
3395421,6,24,788,788,0,0,0,0,0,0,57,0,0,0,3395,detection,
3396163,24,11,788,788,0,0,0,0,0,0,69,0,0,0,3396,detection,
3397045,6,20,788,788,0,0,0,0,0,0,56,0,0,0,3397,detection,
3397753,1,25,788,788,0,0,0,0,0,0,38,0,0,0,3397,detection,
3403332,26,11,1044,1044,0,0,0,0,0,0,63,0,0,0,3403,detection,
3403576,21,14,276,276,0,100,0,0,0,0,96,0,49,40,3403,detection,
3409462,26,7,532,532,0,100,0,0,0,0,68,0,49,40,3409,detection,
3410253,27,26,788,788,0,100,0,0,0,0,81,0,49,40,3410,detection,
3410348,17,26,788,788,0,100,0,0,0,0,65,0,49,40,3410,detection,
3414503,22,18,532,1044,-512,100,95,100,0,8,55,0,56,40,3414,detection,
3414507,4,18,532,1044,-512,100,96,100,0,8,54,0,56,40,3414,detection,
3414589,19,18,532,1044,-512,100,91,100,61,7,59,0,56,40,3414,detection,
3414592,7,18,532,1044,-512,100,93,100,0,8,57,0,56,40,3414,detection,
3414602,2,18,532,1044,-512,100,90,100,0,7,60,0,56,40,3414,detection,
3415830,26,11,1044,1044,0,0,0,0,0,0,64,0,0,0,3415,detection,
3418457,28,10,532,532,0,100,0,0,0,0,73,0,49,40,3418,detection,
3418517,8,10,532,532,0,100,0,0,0,0,70,0,49,40,3418,detection,
3418533,24,10,532,532,0,100,0,0,0,0,73,0,49,40,3418,detection,
3418541,9,10,532,532,0,100,0,0,0,0,68,0,49,40,3418,detection,
3418580,28,10,532,532,0,100,0,0,0,0,82,0,49,40,3418,detection,
3418644,8,10,532,532,0,100,0,0,0,0,80,0,49,40,3418,detection,
3418661,24,10,532,532,0,100,0,0,0,0,82,0,49,40,3418,detection,
3418667,3,10,532,532,0,100,0,0,0,0,68,0,49,40,3418,detection,
3421834,26,17,762,762,0,0,0,0,0,0,58,0,0,0,3421,detection,
3422541,24,3,301,301,0,100,0,0,0,0,72,0,49,40,3422,detection,
3422787,24,3,301,301,0,100,0,0,0,0,81,0,49,40,3422,detection,
3423589,28,12,276,276,0,100,0,0,0,0,60,0,56,40,3423,detection,
3423696,10,12,276,276,0,100,0,0,0,0,100,0,49,40,3423,detection,
3423945,10,12,276,276,0,100,0,0,0,0,100,0,49,40,3423,detection,
3430286,24,3,301,301,0,100,0,0,0,0,91,0,49,40,3430,detection,
3431790,9,16,788,788,0,100,0,0,0,0,66,0,49,40,3431,detection,
3431829,21,16,788,788,0,100,0,0,0,0,73,0,49,40,3431,detection,
3431868,25,16,788,788,0,100,0,0,0,0,68,0,49,40,3431,detection,
3431899,8,16,788,788,0,100,0,0,0,0,100,0,49,40,3431,detection,
3432601,7,4,532,532,0,100,0,0,0,0,94,0,49,40,3432,detection,
3432604,2,4,532,532,0,100,0,0,0,0,66,0,49,40,3432,detection,
3432617,12,4,532,532,0,100,0,0,0,0,62,0,52,40,3432,detection,
3432626,22,4,532,532,0,100,0,0,0,0,100,0,49,40,3432,detection,
3432631,27,4,532,532,0,100,0,0,0,0,72,0,49,40,3432,detection,
3437143,8,10,532,532,0,100,0,0,0,0,90,0,49,40,3437,detection,
3437160,9,10,532,532,0,100,0,0,0,0,77,0,49,40,3437,detection,
3437411,9,10,532,532,0,100,0,0,0,0,87,0,49,40,3437,detection,
3437530,8,10,532,532,0,100,0,0,0,0,100,0,49,40,3437,detection,
3437703,21,14,276,276,0,100,0,0,0,0,96,0,49,40,3437,detection,
3440161,24,3,301,301,0,100,0,0,0,0,100,0,49,40,3440,detection,
3440169,6,3,301,301,0,100,0,0,0,0,80,0,49,40,3440,detection,
3442175,15,11,992,992,0,0,0,0,0,0,62,0,0,0,3442,detection,
3448407,5,24,788,788,0,0,0,0,0,0,56,0,0,0,3448,detection,
3451866,12,2,788,788,0,100,0,0,0,0,96,0,49,40,3451,detection,
3451868,25,2,788,788,0,100,0,0,0,0,69,0,49,40,3451,detection,
3451897,8,2,788,788,0,100,0,0,0,0,77,0,49,40,3451,detection,
3451964,7,2,788,788,0,100,0,0,0,0,84,0,49,40,3451,detection,
3452115,12,2,788,788,0,100,0,0,0,0,96,0,49,40,3452,detection,
3452119,13,2,788,788,0,100,0,0,0,0,99,0,49,40,3452,detection,
3452126,22,2,788,788,0,100,0,0,0,0,72,0,49,40,3452,detection,
3455120,12,19,788,788,0,100,0,0,0,0,100,0,49,40,3455,detection,
3457543,3,6,788,788,0,0,0,0,0,0,59,50,68,55,3457,detection,
3457628,22,25,946,946,0,0,0,0,0,0,64,0,0,0,3457,detection,
3464284,5,12,276,276,0,100,0,0,0,0,93,0,49,40,3464,detection,
3464319,10,12,276,276,0,100,0,0,0,0,96,0,49,40,3464,detection,
3464335,19,12,276,276,0,100,0,0,0,0,96,0,49,40,3464,detection,
3464365,11,12,276,276,0,100,0,0,0,0,68,0,49,40,3464,detection,
3467424,15,11,788,788,0,0,0,0,0,0,61,0,0,0,3467,detection,
3467707,26,8,788,788,0,100,0,0,0,0,77,0,49,40,3467,detection,
3467998,11,22,532,532,0,0,0,0,0,0,66,0,0,0,3467,detection,
3468032,18,22,532,532,0,0,0,0,0,0,60,0,0,0,3468,detection,
3469346,17,7,532,532,0,100,0,0,0,0,68,0,49,40,3469,detection,
3470791,6,3,301,301,0,100,0,0,0,0,90,0,49,40,3470,detection,
3471663,9,10,532,532,0,100,0,0,0,0,98,0,49,40,3471,detection,
3471672,6,10,532,532,0,100,0,0,0,0,65,0,49,40,3471,detection,
3471909,24,10,532,532,0,100,0,0,0,0,92,0,49,40,3471,detection,
3471914,9,10,532,532,0,100,0,0,0,0,100,0,49,40,3471,detection,
3471920,6,10,532,532,0,100,0,0,0,0,73,0,49,40,3471,detection,
3473658,18,22,532,532,0,0,0,0,0,0,61,0,0,0,3473,detection,
3473735,11,22,532,532,0,0,0,0,0,0,66,0,0,0,3473,detection,
3473740,12,22,532,532,0,0,0,0,0,0,61,0,0,0,3473,detection,
3475186,16,14,276,276,0,100,0,0,0,0,65,0,49,40,3475,detection,
3475199,21,14,276,276,0,100,0,0,0,0,96,0,49,40,3475,detection,
3475922,15,11,532,532,0,0,0,0,0,0,57,0,0,0,3475,detection,
3481573,10,27,788,788,0,0,0,0,0,0,59,0,0,0,3481,detection,
3481578,21,27,788,788,0,0,0,0,0,0,62,0,0,0,3481,detection,
3481599,17,27,788,788,0,0,0,0,0,0,59,0,0,0,3481,detection,
3482626,13,31,276,532,-256,0,45,100,0,15,61,0,57,40,3482,detection,
3482637,4,31,276,532,-256,0,46,70,0,0,58,0,61,40,3482,detection,
3482709,26,31,276,532,-256,0,44,100,26,30,62,0,54,40,3482,detection,
3489700,21,27,788,788,0,100,0,0,0,0,70,0,49,40,3489,detection,
3489720,17,27,788,788,0,100,0,0,0,0,67,0,49,40,3489,detection,
3489772,8,27,788,788,0,100,0,0,0,0,66,0,49,40,3489,detection,
3489877,22,25,762,762,0,0,0,0,0,0,58,0,0,0,3489,detection,
3489899,8,25,762,762,0,0,0,0,0,0,60,0,0,0,3489,detection,
3491868,12,18,276,788,-512,100,94,100,62,8,56,0,56,40,3491,detection,
3491873,25,18,276,788,-512,100,90,100,60,7,61,0,54,40,3491,detection,
3492043,9,22,532,532,0,0,0,0,0,0,59,0,0,0,3492,detection,
3492112,12,22,532,532,0,0,0,0,0,0,58,0,0,0,3492,detection,
3492155,18,22,532,532,0,0,0,0,0,0,62,0,0,0,3492,detection,
3492163,5,22,532,532,0,0,0,0,0,0,57,0,0,0,3492,detection,
3492163,24,22,532,532,0,0,0,0,0,0,62,0,0,0,3492,detection,
3493747,13,31,276,532,-256,0,47,100,0,16,56,0,60,40,3493,detection,
3493756,4,31,276,532,-256,0,46,100,0,0,58,0,60,40,3493,detection,
3497827,21,27,788,788,0,100,0,0,0,0,79,0,49,40,3497,detection,
3497843,17,27,788,788,0,100,0,0,0,0,75,0,49,40,3497,detection,
3497895,8,27,788,788,0,100,0,0,0,0,74,0,49,40,3497,detection,
3498663,5,24,276,276,0,100,0,0,0,0,59,0,56,40,3498,detection,
3500124,13,31,276,111,165,0,28,100,48,23,64,0,48,40,3500,detection,
3500133,4,31,276,111,165,0,28,100,48,7,62,0,54,40,3500,detection,
3500172,6,31,276,111,165,0,27,70,49,0,69,0,37,40,3500,detection,
3502159,18,29,276,20,256,0,43,70,62,0,64,0,42,40,3502,detection,
3502167,24,29,276,20,256,0,35,70,0,0,90,0,48,40,3502,detection,
3502171,3,29,276,20,256,0,33,70,22,0,100,0,48,40,3502,detection,
3503144,1,17,788,788,0,0,0,0,0,0,42,0,0,0,3503,detection,
3503243,25,17,788,788,0,0,0,0,0,0,60,0,0,0,3503,detection,
3503252,27,17,788,788,0,0,0,0,0,0,60,0,0,0,3503,detection,
3503252,22,17,788,788,0,0,0,0,0,0,64,0,0,0,3503,detection,
3503836,28,13,352,352,0,70,0,0,0,0,81,0,48,40,3503,detection,
3504082,28,13,352,352,0,70,0,0,0,0,87,0,48,40,3504,detection,
3504086,19,13,352,352,0,70,0,0,0,0,74,0,48,40,3504,detection,
3504086,7,13,352,352,0,70,0,0,0,0,71,0,48,40,3504,detection,
3509326,21,17,557,557,0,0,0,0,0,0,62,0,0,0,3509,detection,
3509365,25,17,557,557,0,0,0,0,0,0,62,0,0,0,3509,detection,
3509373,22,17,557,557,0,0,0,0,0,0,65,0,0,0,3509,detection,
3509373,27,17,557,557,0,0,0,0,0,0,62,0,0,0,3509,detection,
3509382,4,17,557,557,0,0,0,0,0,0,61,0,0,0,3509,detection,
3510597,17,27,788,788,0,100,0,0,0,0,84,0,49,40,3510,detection,
3510620,25,27,788,788,0,100,0,0,0,0,71,0,49,40,3510,detection,
3510737,12,22,532,532,0,0,0,0,0,0,58,0,0,0,3510,detection,
3510755,4,22,532,532,0,0,0,0,0,0,60,0,0,0,3510,detection,
3510780,18,22,532,532,0,0,0,0,0,0,62,0,0,0,3510,detection,
3510787,24,22,532,532,0,0,0,0,0,0,62,0,0,0,3510,detection,
3510789,9,22,532,532,0,0,0,0,0,0,60,0,0,0,3510,detection,
3510856,11,22,532,532,0,0,0,0,0,0,61,0,0,0,3510,detection,
3512206,28,13,421,421,0,43,0,0,0,0,90,0,0,0,3512,detection,
3513168,6,31,276,532,-256,0,42,70,46,7,67,0,37,40,3513,detection,
3513249,13,31,276,532,-256,0,44,100,48,30,63,0,48,40,3513,detection,
3513258,4,31,276,532,-256,0,45,100,49,15,61,0,57,40,3513,detection,
3514791,24,11,532,532,0,0,0,0,0,0,70,0,0,0,3514,detection,
3518549,20,5,568,568,0,0,0,0,0,0,66,0,0,0,3518,detection,
3518588,19,5,568,568,0,0,0,0,0,0,82,0,0,0,3518,detection,
3520089,7,26,276,276,0,100,0,0,0,0,61,0,54,40,3520,detection,
3521123,27,25,762,762,0,0,0,0,0,0,54,0,0,0,3521,detection,
3521126,22,25,762,762,0,0,0,0,0,0,57,0,0,0,3521,detection,
3521147,8,25,762,762,0,0,0,0,0,0,59,0,0,0,3521,detection,
3521186,16,25,762,762,0,0,0,0,0,0,59,0,0,0,3521,detection,
3521203,21,25,762,762,0,0,0,0,0,0,57,0,0,0,3521,detection,
3521229,2,25,762,762,0,0,0,0,0,0,58,0,0,0,3521,detection,
3521920,6,31,276,276,0,0,0,70,28,14,68,0,42,40,3521,detection,
3521996,13,31,276,276,0,0,0,100,29,30,63,0,48,40,3521,detection,
3523540,24,3,276,276,0,100,0,0,0,0,100,0,49,40,3523,detection,
3525335,28,10,301,301,0,90,0,0,0,0,86,0,49,40,3525,detection,
3525420,6,10,301,301,0,90,0,0,0,0,82,0,49,40,3525,detection,
3526698,21,17,557,557,0,0,0,0,0,0,62,0,0,0,3526,detection,
3526744,25,17,557,557,0,0,0,0,0,0,59,0,0,0,3526,detection,
3526753,22,17,557,557,0,0,0,0,0,0,65,0,0,0,3526,detection,
3526754,4,17,557,557,0,0,0,0,0,0,62,0,0,0,3526,detection,
3532996,1,21,788,788,0,0,0,0,0,0,43,0,0,0,3532,detection,
3537041,6,28,813,813,0,0,0,0,0,0,56,0,0,0,3537,detection,
3537691,1,21,922,922,0,0,0,0,0,0,44,0,0,0,3537,detection,
3538247,13,31,276,506,-230,0,40,100,26,38,62,0,54,40,3538,detection,
3538255,22,31,276,506,-230,0,40,70,27,0,60,0,71,55,3538,detection,
3545071,1,21,883,883,0,0,0,0,0,0,43,0,0,0,3545,detection,
3545715,7,21,883,883,0,0,0,0,0,0,68,0,0,0,3545,detection,
3547423,20,3,301,301,0,90,0,0,0,0,74,0,49,40,3547,detection,
3548624,13,31,276,532,-256,0,45,100,3,30,61,0,56,40,3548,detection,
3552666,6,3,301,301,0,90,0,0,0,0,100,0,49,40,3552,detection,
3552666,24,3,301,301,0,90,0,0,0,0,100,0,49,40,3552,detection,
3552670,20,3,301,301,0,90,0,0,0,0,83,0,49,40,3552,detection,
3553877,22,31,276,1067,-791,0,100,100,62,0,67,0,48,40,3553,detection,
3557701,21,26,532,532,0,0,0,0,0,0,86,0,0,0,3557,detection,
3560708,26,21,532,1044,-512,100,91,100,61,7,59,0,56,40,3560,detection,
3561664,6,28,768,768,0,0,0,0,0,0,56,0,0,0,3561,detection,
3562751,22,31,276,532,-256,0,43,100,60,0,65,0,48,40,3562,detection,
3563101,17,16,788,788,0,100,0,0,0,0,64,0,49,40,3563,detection,
3563123,13,16,788,788,0,100,0,0,0,0,85,0,49,40,3563,detection,
3563123,25,16,788,788,0,100,0,0,0,0,77,0,49,40,3563,detection,
3563138,27,16,788,788,0,100,0,0,0,0,79,0,49,40,3563,detection,
3563148,8,16,788,788,0,100,0,0,0,0,100,0,49,40,3563,detection,
3567332,26,21,788,788,0,0,0,100,61,15,59,0,60,40,3567,detection,
3572297,6,20,813,813,0,0,0,0,0,0,59,0,0,0,3572,detection,
3572576,21,30,276,276,0,0,0,100,25,20,79,0,48,40,3572,detection,
3572643,14,30,276,276,0,0,0,70,26,0,76,0,46,40,3572,detection,
3573918,9,2,324,324,0,81,0,0,0,0,69,0,49,40,3573,detection,
3574287,9,2,324,324,0,81,0,0,0,0,75,0,49,40,3574,detection,
3574368,12,2,324,324,0,81,0,0,0,0,100,0,49,40,3574,detection,
3574369,25,2,324,324,0,81,0,0,0,0,75,0,49,40,3574,detection,
3574377,22,2,324,324,0,81,0,0,0,0,77,0,49,40,3574,detection,
3575453,26,21,788,788,0,0,0,100,0,15,59,0,60,40,3575,detection,
3577666,6,28,677,677,0,0,0,0,0,0,60,0,0,0,3577,detection,
3577714,19,28,677,677,0,0,0,0,0,0,64,0,0,0,3577,detection,
3577772,8,25,762,762,0,0,0,0,0,0,55,0,0,0,3577,detection,
3578815,1,26,605,605,0,0,0,0,0,0,40,0,0,0,3578,detection,
3578822,21,26,605,605,0,0,0,0,0,0,83,0,0,0,3578,detection,
3578868,25,26,605,605,0,0,0,0,0,0,75,0,0,0,3578,detection,
3580051,15,11,532,532,0,0,0,0,0,0,58,0,0,0,3580,detection,
3580214,19,18,813,813,0,0,0,100,61,16,58,0,60,40,3580,detection,
3580230,2,18,813,813,0,0,0,100,61,15,59,0,60,40,3580,detection,
3580238,11,18,813,813,0,0,0,0,0,0,65,0,0,0,3580,detection,
3580242,12,18,813,813,0,0,0,100,63,16,55,0,60,40,3580,detection,
3580248,25,18,813,813,0,0,0,100,60,15,60,0,60,40,3580,detection,
3580268,14,18,813,813,0,0,0,0,0,0,58,0,0,0,3580,detection,
3580270,4,18,813,813,0,0,0,100,62,16,57,0,60,40,3580,detection,
3580293,9,18,813,813,0,0,0,0,0,0,65,0,0,0,3580,detection,
3582453,26,11,532,532,0,0,0,0,0,0,65,0,0,0,3582,detection,
3585450,21,30,276,134,142,0,19,70,13,0,89,0,48,40,3585,detection,
3587829,26,21,580,580,0,0,0,100,0,15,59,0,60,40,3587,detection,
3588013,14,22,532,532,0,0,0,0,0,0,64,0,0,0,3588,detection,
3588034,18,22,532,532,0,0,0,0,0,0,63,0,0,0,3588,detection,
3588114,11,22,532,532,0,0,0,0,0,0,60,0,0,0,3588,detection,
3588223,17,27,788,788,0,100,0,0,0,0,95,0,49,40,3588,detection,
3588245,25,27,788,788,0,100,0,0,0,0,79,0,49,40,3588,detection,
3588250,22,27,788,788,0,100,0,0,0,0,73,0,49,40,3588,detection,
3588275,8,27,788,788,0,100,0,0,0,0,83,0,49,40,3588,detection,
3588276,18,27,788,788,0,100,0,0,0,0,68,0,49,40,3588,detection,
3590902,1,25,790,790,0,0,0,0,0,0,37,0,0,0,3590,detection,
3590954,26,25,790,790,0,0,0,0,0,0,57,0,0,0,3590,detection,
3591587,19,28,677,677,0,0,0,0,0,0,60,0,0,0,3591,detection,
3592297,15,31,276,532,-256,0,47,100,0,8,56,0,60,40,3592,detection,
3596546,20,3,1299,1299,0,0,0,0,0,0,82,0,0,0,3596,detection,
3596951,21,30,276,796,-520,0,77,100,65,6,82,0,48,40,3596,detection,
