108744	ID:5	Contiki-78a5a97
112387	ID:5	Rime addr 0.0.0.0.0.0.0.5
117798	ID:5	MAC 00:00:00:00:00:00:00:05
119358	ID:5	Node id 5.
123393	ID:5	ContikiMAC 8 26
131571	ID:5	IPv6 fe80:0000:0000:0000:0200:0000:0000:0005
136046	ID:5	Starting 2H-FuzzRID sensor node
140651	ID:5	2H-FuzzRID node started
161820	ID:24	Contiki-78a5a97
165617	ID:24	Rime addr 0.0.0.0.0.0.0.24
171042	ID:24	MAC 00:00:00:00:00:00:00:18
172741	ID:24	Node id 24.
176021	ID:24	ContikiMAC 8 26
184221	ID:24	IPv6 fe80:0000:0000:0000:0200:0000:0000:0018
188277	ID:24	Starting 2H-FuzzRID attacker
195819	ID:24	[ATK] Attacker node started, type=4 stage=1 delta=20
219008	ID:12	Contiki-78a5a97
222805	ID:12	Rime addr 0.0.0.0.0.0.0.12
228216	ID:12	MAC 00:00:00:00:00:00:00:0c
229914	ID:12	Node id 12.
233950	ID:12	ContikiMAC 8 26
242120	ID:12	IPv6 fe80:0000:0000:0000:0200:0000:0000:000c
246595	ID:12	Starting 2H-FuzzRID sensor node
250110	ID:4	Contiki-78a5a97
251197	ID:12	2H-FuzzRID node started
253753	ID:4	Rime addr 0.0.0.0.0.0.0.4
259164	ID:4	MAC 00:00:00:00:00:00:00:04
260724	ID:4	Node id 4.
264759	ID:4	ContikiMAC 8 26
272937	ID:4	IPv6 fe80:0000:0000:0000:0200:0000:0000:0004
277412	ID:4	Starting 2H-FuzzRID sensor node
282017	ID:4	2H-FuzzRID node started
308376	ID:3	Contiki-78a5a97
312019	ID:3	Rime addr 0.0.0.0.0.0.0.3
317430	ID:3	MAC 00:00:00:00:00:00:00:03
318990	ID:3	Node id 3.
323025	ID:3	ContikiMAC 8 26
331203	ID:3	IPv6 fe80:0000:0000:0000:0200:0000:0000:0003
335678	ID:3	Starting 2H-FuzzRID sensor node
340283	ID:3	2H-FuzzRID node started
366999	ID:21	Contiki-78a5a97
370796	ID:21	Rime addr 0.0.0.0.0.0.0.21
376222	ID:21	MAC 00:00:00:00:00:00:00:15
377921	ID:21	Node id 21.
381956	ID:21	ContikiMAC 8 26
390146	ID:21	IPv6 fe80:0000:0000:0000:0200:0000:0000:0015
394622	ID:21	Starting 2H-FuzzRID sensor node
399225	ID:21	2H-FuzzRID node started
411391	ID:16	Contiki-78a5a97
415188	ID:16	Rime addr 0.0.0.0.0.0.0.16
419552	ID:30	Contiki-78a5a97
420614	ID:16	MAC 00:00:00:00:00:00:00:10
422313	ID:16	Node id 16.
423349	ID:30	Rime addr 0.0.0.0.0.0.0.30
426348	ID:16	ContikiMAC 8 26
428777	ID:30	MAC 00:00:00:00:00:00:00:1e
430477	ID:30	Node id 30.
433757	ID:30	ContikiMAC 8 26
434538	ID:16	IPv6 fe80:0000:0000:0000:0200:0000:0000:0010
439014	ID:16	Starting 2H-FuzzRID sensor node
441957	ID:30	IPv6 fe80:0000:0000:0000:0200:0000:0000:001e
443617	ID:16	2H-FuzzRID node started
446013	ID:30	Starting 2H-FuzzRID attacker
446362	ID:28	Contiki-78a5a97
448214	ID:23	Contiki-78a5a97
450159	ID:28	Rime addr 0.0.0.0.0.0.0.28
452011	ID:23	Rime addr 0.0.0.0.0.0.0.23
453551	ID:30	[ATK] Attacker node started, type=4 stage=1 delta=20
455585	ID:28	MAC 00:00:00:00:00:00:00:1c
457284	ID:28	Node id 28.
457436	ID:23	MAC 00:00:00:00:00:00:00:17
459135	ID:23	Node id 23.
460564	ID:28	ContikiMAC 8 26
462415	ID:23	ContikiMAC 8 26
463016	ID:9	Contiki-78a5a97
466659	ID:9	Rime addr 0.0.0.0.0.0.0.9
468764	ID:28	IPv6 fe80:0000:0000:0000:0200:0000:0000:001c
470615	ID:23	IPv6 fe80:0000:0000:0000:0200:0000:0000:0017
472070	ID:9	MAC 00:00:00:00:00:00:00:09
472820	ID:28	Starting 2H-FuzzRID attacker
473630	ID:9	Node id 9.
474671	ID:23	Starting 2H-FuzzRID attacker
477665	ID:9	ContikiMAC 8 26
480361	ID:28	[ATK] Attacker node started, type=4 stage=1 delta=20
482213	ID:23	[ATK] Attacker node started, type=4 stage=1 delta=20
485843	ID:9	IPv6 fe80:0000:0000:0000:0200:0000:0000:0009
490318	ID:9	Starting 2H-FuzzRID sensor node
494923	ID:9	2H-FuzzRID node started
527826	ID:1	Contiki-78a5a97
531469	ID:1	Rime addr 0.0.0.0.0.0.0.1
536880	ID:1	MAC 00:00:00:00:00:00:00:01
538440	ID:1	Node id 1.
542496	ID:1	ContikiMAC 8 26
550676	ID:1	IPv6 fe80:0000:0000:0000:0200:0000:0000:0001
554173	ID:1	Starting 2H-FuzzRID root
560219	ID:1	IPv6 addresses: aaaa::200:0:0:1
561444	ID:1	aaaa::1
563853	ID:1	fe80::200:0:0:1
568286	ID:1	2H-FuzzRID root started
579517	ID:7	Contiki-78a5a97
583160	ID:7	Rime addr 0.0.0.0.0.0.0.7
588571	ID:7	MAC 00:00:00:00:00:00:00:07
590131	ID:7	Node id 7.
594166	ID:7	ContikiMAC 8 26
602344	ID:7	IPv6 fe80:0000:0000:0000:0200:0000:0000:0007
606819	ID:7	Starting 2H-FuzzRID sensor node
607111	ID:6	Contiki-78a5a97
610754	ID:6	Rime addr 0.0.0.0.0.0.0.6
611424	ID:7	2H-FuzzRID node started
612470	ID:31	Contiki-78a5a97
616165	ID:6	MAC 00:00:00:00:00:00:00:06
616267	ID:31	Rime addr 0.0.0.0.0.0.0.31
617725	ID:6	Node id 6.
618215	ID:20	Contiki-78a5a97
621695	ID:31	MAC 00:00:00:00:00:00:00:1f
621760	ID:6	ContikiMAC 8 26
622012	ID:20	Rime addr 0.0.0.0.0.0.0.20
623395	ID:31	Node id 31.
626675	ID:31	ContikiMAC 8 26
627438	ID:20	MAC 00:00:00:00:00:00:00:14
629137	ID:20	Node id 20.
629938	ID:6	IPv6 fe80:0000:0000:0000:0200:0000:0000:0006
633172	ID:20	ContikiMAC 8 26
634413	ID:6	Starting 2H-FuzzRID sensor node
634875	ID:31	IPv6 fe80:0000:0000:0000:0200:0000:0000:001f
638931	ID:31	Starting 2H-FuzzRID attacker
639018	ID:6	2H-FuzzRID node started
639855	ID:2	Contiki-78a5a97
641362	ID:20	IPv6 fe80:0000:0000:0000:0200:0000:0000:0014
643498	ID:2	Rime addr 0.0.0.0.0.0.0.2
645838	ID:20	Starting 2H-FuzzRID sensor node
646469	ID:31	[ATK] Attacker node started, type=4 stage=1 delta=20
648909	ID:2	MAC 00:00:00:00:00:00:00:02
650030	ID:22	Contiki-78a5a97
650441	ID:20	2H-FuzzRID node started
650469	ID:2	Node id 2.
653827	ID:22	Rime addr 0.0.0.0.0.0.0.22
654504	ID:2	ContikiMAC 8 26
659253	ID:22	MAC 00:00:00:00:00:00:00:16
660952	ID:22	Node id 22.
662682	ID:2	IPv6 fe80:0000:0000:0000:0200:0000:0000:0002
664987	ID:22	ContikiMAC 8 26
667157	ID:2	Starting 2H-FuzzRID sensor node
671762	ID:2	2H-FuzzRID node started
673177	ID:22	IPv6 fe80:0000:0000:0000:0200:0000:0000:0016
677653	ID:22	Starting 2H-FuzzRID sensor node
682256	ID:22	2H-FuzzRID node started
684287	ID:29	Contiki-78a5a97
688084	ID:29	Rime addr 0.0.0.0.0.0.0.29
693510	ID:29	MAC 00:00:00:00:00:00:00:1d
695209	ID:29	Node id 29.
698489	ID:29	ContikiMAC 8 26
706689	ID:29	IPv6 fe80:0000:0000:0000:0200:0000:0000:001d
710745	ID:29	Starting 2H-FuzzRID attacker
718286	ID:29	[ATK] Attacker node started, type=4 stage=1 delta=20
725393	ID:15	Contiki-78a5a97
729190	ID:15	Rime addr 0.0.0.0.0.0.0.15
734601	ID:15	MAC 00:00:00:00:00:00:00:0f
736299	ID:15	Node id 15.
740335	ID:15	ContikiMAC 8 26
748505	ID:15	IPv6 fe80:0000:0000:0000:0200:0000:0000:000f
752980	ID:15	Starting 2H-FuzzRID sensor node
757582	ID:15	2H-FuzzRID node started
759880	ID:26	Contiki-78a5a97
763677	ID:26	Rime addr 0.0.0.0.0.0.0.26
769103	ID:26	MAC 00:00:00:00:00:00:00:1a
770802	ID:26	Node id 26.
774082	ID:26	ContikiMAC 8 26
782282	ID:26	IPv6 fe80:0000:0000:0000:0200:0000:0000:001a
786338	ID:26	Starting 2H-FuzzRID attacker
793879	ID:26	[ATK] Attacker node started, type=4 stage=1 delta=20
842262	ID:19	Contiki-78a5a97
846059	ID:19	Rime addr 0.0.0.0.0.0.0.19
851485	ID:19	MAC 00:00:00:00:00:00:00:13
853184	ID:19	Node id 19.
857219	ID:19	ContikiMAC 8 26
865409	ID:19	IPv6 fe80:0000:0000:0000:0200:0000:0000:0013
869885	ID:19	Starting 2H-FuzzRID sensor node
874488	ID:19	2H-FuzzRID node started
888232	ID:13	Contiki-78a5a97
892029	ID:13	Rime addr 0.0.0.0.0.0.0.13
897440	ID:13	MAC 00:00:00:00:00:00:00:0d
899138	ID:13	Node id 13.
903174	ID:13	ContikiMAC 8 26
904832	ID:17	Contiki-78a5a97
908629	ID:17	Rime addr 0.0.0.0.0.0.0.17
911344	ID:13	IPv6 fe80:0000:0000:0000:0200:0000:0000:000d
914055	ID:17	MAC 00:00:00:00:00:00:00:11
915754	ID:17	Node id 17.
915819	ID:13	Starting 2H-FuzzRID sensor node
919789	ID:17	ContikiMAC 8 26
920421	ID:13	2H-FuzzRID node started
927979	ID:17	IPv6 fe80:0000:0000:0000:0200:0000:0000:0011
932455	ID:17	Starting 2H-FuzzRID sensor node
937058	ID:17	2H-FuzzRID node started
941978	ID:11	Contiki-78a5a97
945775	ID:11	Rime addr 0.0.0.0.0.0.0.11
948093	ID:25	Contiki-78a5a97
951186	ID:11	MAC 00:00:00:00:00:00:00:0b
951890	ID:25	Rime addr 0.0.0.0.0.0.0.25
952884	ID:11	Node id 11.
956920	ID:11	ContikiMAC 8 26
957315	ID:25	MAC 00:00:00:00:00:00:00:19
959014	ID:25	Node id 25.
962294	ID:25	ContikiMAC 8 26
965090	ID:11	IPv6 fe80:0000:0000:0000:0200:0000:0000:000b
969565	ID:11	Starting 2H-FuzzRID sensor node
970494	ID:25	IPv6 fe80:0000:0000:0000:0200:0000:0000:0019
974167	ID:11	2H-FuzzRID node started
974466	ID:18	Contiki-78a5a97
974550	ID:25	Starting 2H-FuzzRID attacker
978263	ID:18	Rime addr 0.0.0.0.0.0.0.18
982092	ID:25	[ATK] Attacker node started, type=4 stage=1 delta=20
983689	ID:18	MAC 00:00:00:00:00:00:00:12
985388	ID:18	Node id 18.
989423	ID:18	ContikiMAC 8 26
997613	ID:18	IPv6 fe80:0000:0000:0000:0200:0000:0000:0012
1002089	ID:18	Starting 2H-FuzzRID sensor node
1006692	ID:18	2H-FuzzRID node started
1011619	ID:10	Contiki-78a5a97
1015416	ID:10	Rime addr 0.0.0.0.0.0.0.10
1020827	ID:10	MAC 00:00:00:00:00:00:00:0a
1022525	ID:10	Node id 10.
1026561	ID:10	ContikiMAC 8 26
1029442	ID:27	Contiki-78a5a97
1033239	ID:27	Rime addr 0.0.0.0.0.0.0.27
1034731	ID:10	IPv6 fe80:0000:0000:0000:0200:0000:0000:000a
1038665	ID:27	MAC 00:00:00:00:00:00:00:1b
1039206	ID:10	Starting 2H-FuzzRID sensor node
1040252	ID:8	Contiki-78a5a97
1040364	ID:27	Node id 27.
1043644	ID:27	ContikiMAC 8 26
1043808	ID:10	2H-FuzzRID node started
1043895	ID:8	Rime addr 0.0.0.0.0.0.0.8
1049306	ID:8	MAC 00:00:00:00:00:00:00:08
1050866	ID:8	Node id 8.
1051844	ID:27	IPv6 fe80:0000:0000:0000:0200:0000:0000:001b
1054901	ID:8	ContikiMAC 8 26
1055900	ID:27	Starting 2H-FuzzRID attacker
1063079	ID:8	IPv6 fe80:0000:0000:0000:0200:0000:0000:0008
1063112	ID:14	Contiki-78a5a97
1063441	ID:27	[ATK] Attacker node started, type=4 stage=1 delta=20
1066909	ID:14	Rime addr 0.0.0.0.0.0.0.14
1067554	ID:8	Starting 2H-FuzzRID sensor node
1072159	ID:8	2H-FuzzRID node started
1072320	ID:14	MAC 00:00:00:00:00:00:00:0e
1074018	ID:14	Node id 14.
1078054	ID:14	ContikiMAC 8 26
1086224	ID:14	IPv6 fe80:0000:0000:0000:0200:0000:0000:000e
1090699	ID:14	Starting 2H-FuzzRID sensor node
1095301	ID:14	2H-FuzzRID node started
26502709	ID:1	[HFS] ra=0 si=0 cx=49 ac=0
26505506	ID:1	[LIST] Neighbors: 2
26509143	ID:1	[LIST] Quarantine: (none)
26512640	ID:1	[LIST] Blacklist: (none)
26518595	ID:1	FUZZRID,DET,2,768,768,0,0,0,0,0,0,0,0,0,0
26520533	ID:20	[HFS] ra=0 si=0 cx=49 ac=0
26523332	ID:20	[LIST] Neighbors: 2
26526969	ID:20	[LIST] Quarantine: (none)
26530466	ID:20	[LIST] Blacklist: (none)
26536421	ID:20	FUZZRID,DET,2,768,768,0,0,0,0,0,0,0,0,0,0
26537605	ID:10	[HFS] ra=0 si=0 cx=49 ac=0
26540402	ID:10	[LIST] Neighbors: 2
26540836	ID:13	[HFS] ra=0 si=0 cx=49 ac=0
26543634	ID:13	[LIST] Neighbors: 2
26544039	ID:10	[LIST] Quarantine: (none)
26547270	ID:13	[LIST] Quarantine: (none)
26547536	ID:10	[LIST] Blacklist: (none)
26550767	ID:13	[LIST] Blacklist: (none)
26553507	ID:10	FUZZRID,DET,2,768,768,0,0,0,0,0,0,0,0,0,0
26556722	ID:13	FUZZRID,DET,2,768,768,0,0,0,0,0,0,0,0,0,0
26583572	ID:3	[HFS] ra=0 si=0 cx=49 ac=0
26586370	ID:3	[LIST] Neighbors: 2
26590006	ID:3	[LIST] Quarantine: (none)
26593503	ID:3	[LIST] Blacklist: (none)
26599458	ID:3	FUZZRID,DET,2,768,768,0,0,0,0,0,0,0,0,0,0
26618480	ID:19	[HFS] ra=0 si=0 cx=49 ac=0
26621277	ID:19	[LIST] Neighbors: 2
26624914	ID:19	[LIST] Quarantine: (none)
26628411	ID:19	[LIST] Blacklist: (none)
26634366	ID:19	FUZZRID,DET,2,768,768,0,0,0,0,0,0,0,0,0,0
27472089	ID:1	[HFS] ra=0 si=0 cx=49 ac=0
27475313	ID:1	[LIST] Neighbors: 2,21
27478965	ID:1	[LIST] Quarantine: (none)
27482461	ID:1	[LIST] Blacklist: (none)
27488555	ID:1	FUZZRID,DET,21,512,512,0,0,0,0,0,0,0,0,0,0
27528043	ID:4	[HFS] ra=0 si=0 cx=49 ac=0
27531000	ID:4	[LIST] Neighbors: 21
27534637	ID:4	[LIST] Quarantine: (none)
27538147	ID:4	[LIST] Blacklist: (none)
27544241	ID:4	FUZZRID,DET,21,512,512,0,0,0,0,0,0,0,0,0,0
27558161	ID:17	[HFS] ra=0 si=0 cx=49 ac=0
27561119	ID:17	[LIST] Neighbors: 21
27564550	ID:27	[ATK-DBG] t=26s warm-up true_rank=512 (not attacking yet)
27564756	ID:17	[LIST] Quarantine: (none)
27568284	ID:17	[LIST] Blacklist: (none)
27574377	ID:17	FUZZRID,DET,21,512,512,0,0,0,0,0,0,0,0,0,0
27601127	ID:28	[ATK-DBG] t=27s warm-up true_rank=512 (not attacking yet)
27622191	ID:1	[HFS] ra=0 si=0 cx=49 ac=0
27625841	ID:1	[LIST] Neighbors: 2,21,28
27629499	ID:1	[LIST] Quarantine: (none)
27632996	ID:1	[LIST] Blacklist: (none)
27639089	ID:1	FUZZRID,DET,28,512,512,0,0,0,0,0,0,0,0,0,0
27665267	ID:2	[HFS] ra=0 si=0 cx=49 ac=0
27665309	ID:13	[HFS] ra=0 si=0 cx=49 ac=0
27666203	ID:10	[HFS] ra=0 si=0 cx=49 ac=0
27668224	ID:2	[LIST] Neighbors: 28
27668533	ID:13	[LIST] Neighbors: 2,28
27669427	ID:10	[LIST] Neighbors: 2,28
27671892	ID:2	[LIST] Quarantine: (none)
27672170	ID:13	[LIST] Quarantine: (none)
27673064	ID:10	[LIST] Quarantine: (none)
27675389	ID:2	[LIST] Blacklist: (none)
27675666	ID:13	[LIST] Blacklist: (none)
27676560	ID:10	[LIST] Blacklist: (none)
27681483	ID:2	FUZZRID,DET,28,512,512,0,0,0,0,0,0,0,0,0,0
27681760	ID:13	FUZZRID,DET,28,512,512,0,0,0,0,0,0,0,0,0,0
27682654	ID:10	FUZZRID,DET,28,512,512,0,0,0,0,0,0,0,0,0,0
27732922	ID:7	[HFS] ra=0 si=0 cx=49 ac=0
27735879	ID:7	[LIST] Neighbors: 28
27739516	ID:7	[LIST] Quarantine: (none)
27743013	ID:7	[LIST] Blacklist: (none)
27746921	ID:19	[HFS] ra=0 si=0 cx=49 ac=0
27749106	ID:7	FUZZRID,DET,28,512,512,0,0,0,0,0,0,0,0,0,0
27750145	ID:19	[LIST] Neighbors: 2,28
27753782	ID:19	[LIST] Quarantine: (none)
27757278	ID:19	[LIST] Blacklist: (none)
27763391	ID:19	FUZZRID,DET,28,512,512,0,0,0,0,0,0,0,0,0,0
27798464	ID:1	[HFS] ra=0 si=0 cx=49 ac=0
27802394	ID:1	[LIST] Neighbors: 2,21,28,4
27806031	ID:1	[LIST] Quarantine: (none)
27809528	ID:1	[LIST] Blacklist: (none)
27815482	ID:1	FUZZRID,DET,4,512,512,0,0,0,0,0,0,0,0,0,0
27893477	ID:21	[HFS] ra=0 si=0 cx=49 ac=0
27896288	ID:21	[LIST] Neighbors: 4
27899924	ID:21	[LIST] Quarantine: (none)
27903421	ID:21	[LIST] Blacklist: (none)
27909376	ID:21	FUZZRID,DET,4,512,512,0,0,0,0,0,0,0,0,0,0
28094214	ID:1	[HFS] ra=0 si=0 cx=49 ac=0
28098571	ID:1	[LIST] Neighbors: 2,21,28,4,19
28102208	ID:1	[LIST] Quarantine: (none)
28105704	ID:1	[LIST] Blacklist: (none)
28111798	ID:1	FUZZRID,DET,19,512,512,0,0,0,0,0,0,0,0,0,0
28154164	ID:4	[HFS] ra=0 si=0 cx=49 ac=0
28157548	ID:4	[LIST] Neighbors: 21,19
28161185	ID:4	[LIST] Quarantine: (none)
28164681	ID:4	[LIST] Blacklist: (none)
28168031	ID:13	[HFS] ra=0 si=0 cx=49 ac=0
28168056	ID:2	[HFS] ra=0 si=0 cx=49 ac=0
28170775	ID:4	FUZZRID,DET,19,512,512,0,0,0,0,0,0,0,0,0,0
28171440	ID:2	[LIST] Neighbors: 28,19
28171681	ID:13	[LIST] Neighbors: 2,28,19
28175077	ID:2	[LIST] Quarantine: (none)
28175318	ID:13	[LIST] Quarantine: (none)
28178585	ID:2	[LIST] Blacklist: (none)
28178815	ID:13	[LIST] Blacklist: (none)
28184679	ID:2	FUZZRID,DET,19,512,512,0,0,0,0,0,0,0,0,0,0
28184920	ID:13	FUZZRID,DET,19,512,512,0,0,0,0,0,0,0,0,0,0
28609549	ID:1	[HFS] ra=0 si=0 cx=49 ac=0
28614332	ID:1	[LIST] Neighbors: 2,21,28,4,19,27
28617970	ID:1	[LIST] Quarantine: (none)
28621467	ID:1	[LIST] Blacklist: (none)
28627560	ID:1	FUZZRID,DET,27,512,512,0,0,0,0,0,0,0,0,0,0
28643745	ID:21	[HFS] ra=0 si=0 cx=49 ac=0
28646969	ID:21	[LIST] Neighbors: 4,27
28650606	ID:21	[LIST] Quarantine: (none)
28652839	ID:4	[HFS] ra=0 si=0 cx=49 ac=0
28654102	ID:21	[LIST] Blacklist: (none)
28656649	ID:4	[LIST] Neighbors: 21,19,27
28660196	ID:21	FUZZRID,DET,27,512,512,0,0,0,0,0,0,0,0,0,0
28660286	ID:4	[LIST] Quarantine: (none)
28663783	ID:4	[LIST] Blacklist: (none)
28669877	ID:4	FUZZRID,DET,27,512,512,0,0,0,0,0,0,0,0,0,0
28671373	ID:2	[HFS] ra=0 si=0 cx=49 ac=0
28675183	ID:2	[LIST] Neighbors: 28,19,27
28678819	ID:2	[LIST] Quarantine: (none)
28681823	ID:17	[HFS] ra=0 si=0 cx=49 ac=0
28682316	ID:2	[LIST] Blacklist: (none)
28685217	ID:17	[LIST] Neighbors: 21,27
28688448	ID:2	FUZZRID,DET,27,512,512,0,0,0,0,0,0,0,0,0,0
28688854	ID:17	[LIST] Quarantine: (none)
28692351	ID:17	[LIST] Blacklist: (none)
28698444	ID:17	FUZZRID,DET,27,512,512,0,0,0,0,0,0,0,0,0,0
29038502	ID:10	[HFS] ra=0 si=0 cx=49 ac=0
29042152	ID:10	[LIST] Neighbors: 2,28,13
29043463	ID:2	[HFS] ra=0 si=0 cx=49 ac=0
29045788	ID:10	[LIST] Quarantine: (none)
29047700	ID:2	[LIST] Neighbors: 28,19,27,13
29049285	ID:10	[LIST] Blacklist: (none)
29051337	ID:2	[LIST] Quarantine: (none)
29054845	ID:2	[LIST] Blacklist: (none)
29055739	ID:10	FUZZRID,DET,13,1024,1024,0,0,0,0,0,0,0,0,0,0
29061299	ID:2	FUZZRID,DET,13,1024,1024,0,0,0,0,0,0,0,0,0,0
29106340	ID:7	[HFS] ra=0 si=0 cx=49 ac=0
29109724	ID:7	[LIST] Neighbors: 28,13
29113360	ID:7	[LIST] Quarantine: (none)
29116857	ID:7	[LIST] Blacklist: (none)
29123311	ID:7	FUZZRID,DET,13,1024,1024,0,0,0,0,0,0,0,0,0,0
30097923	ID:23	[ATK-DBG] t=29s warm-up true_rank=1024 (not attacking yet)
30119000	ID:1	[HFS] ra=0 si=0 cx=49 ac=0
30124092	ID:1	[LIST] Neighbors: 2,21,28,4,19,27,3
30127728	ID:1	[LIST] Quarantine: (none)
30131225	ID:1	[LIST] Blacklist: (none)
30137540	ID:1	FUZZRID,DET,3,1024,1024,0,0,0,0,0,0,0,0,0,0
30144246	ID:21	[HFS] ra=0 si=0 cx=49 ac=0
30147784	ID:21	[LIST] Neighbors: 4,27,3
30151420	ID:21	[LIST] Quarantine: (none)
30154917	ID:21	[LIST] Blacklist: (none)
30161232	ID:21	FUZZRID,DET,3,1024,1024,0,0,0,0,0,0,0,0,0,0
30181580	ID:17	[HFS] ra=0 si=0 cx=49 ac=0
30185244	ID:17	[LIST] Neighbors: 21,27,3
30188881	ID:17	[LIST] Quarantine: (none)
30192377	ID:17	[LIST] Blacklist: (none)
30198692	ID:17	FUZZRID,DET,3,1024,1024,0,0,0,0,0,0,0,0,0,0
30232830	ID:7	[HFS] ra=0 si=0 cx=49 ac=0
30236641	ID:7	[LIST] Neighbors: 28,13,10
30240278	ID:7	[LIST] Quarantine: (none)
30243807	ID:7	[LIST] Blacklist: (none)
30250261	ID:7	FUZZRID,DET,10,1024,1024,0,0,0,0,0,0,0,0,0,0
30270819	ID:20	[HFS] ra=0 si=0 cx=49 ac=0
30274043	ID:20	[LIST] Neighbors: 2,10
30277680	ID:20	[LIST] Quarantine: (none)
30281177	ID:20	[LIST] Blacklist: (none)
30287630	ID:20	FUZZRID,DET,10,1024,1024,0,0,0,0,0,0,0,0,0,0
30293266	ID:13	[HFS] ra=0 si=0 cx=49 ac=0
30293814	ID:2	[HFS] ra=0 si=0 cx=49 ac=0
30297343	ID:13	[LIST] Neighbors: 2,28,19,10
30298477	ID:2	[LIST] Neighbors: 28,19,27,13,10
30300984	ID:13	[LIST] Quarantine: (none)
30302115	ID:2	[LIST] Quarantine: (none)
30304481	ID:13	[LIST] Blacklist: (none)
30305611	ID:2	[LIST] Blacklist: (none)
30310934	ID:13	FUZZRID,DET,10,1024,1024,0,0,0,0,0,0,0,0,0,0
30312098	ID:2	FUZZRID,DET,10,1024,1024,0,0,0,0,0,0,0,0,0,0
30464264	ID:14	[HFS] ra=0 si=0 cx=49 ac=0
30467222	ID:14	[LIST] Neighbors: 20
30470858	ID:14	[LIST] Quarantine: (none)
30474355	ID:14	[LIST] Blacklist: (none)
30480809	ID:14	FUZZRID,DET,20,1024,1024,0,0,0,0,0,0,0,0,0,0
30836050	ID:3	[HFS] ra=0 si=0 cx=49 ac=0
30839301	ID:3	[LIST] Neighbors: 2,23
30842938	ID:3	[LIST] Quarantine: (none)
30846434	ID:3	[LIST] Blacklist: (none)
30852888	ID:3	FUZZRID,DET,23,1024,1024,0,0,0,0,0,0,0,0,0,0
31212938	ID:3	[HFS] ra=0 si=0 cx=49 ac=0
31216588	ID:3	[LIST] Neighbors: 2,23,17
31220225	ID:3	[LIST] Quarantine: (none)
31223722	ID:3	[LIST] Blacklist: (none)
31230199	ID:3	FUZZRID,DET,17,1024,1024,0,0,0,0,0,0,0,0,0,0
31259921	ID:5	[HFS] ra=0 si=0 cx=49 ac=0
31262718	ID:5	[LIST] Neighbors: 7
31266354	ID:5	[LIST] Quarantine: (none)
31269851	ID:5	[LIST] Blacklist: (none)
31276167	ID:5	FUZZRID,DET,7,1024,1024,0,0,0,0,0,0,0,0,0,0
31291521	ID:10	[HFS] ra=0 si=0 cx=49 ac=0
31291874	ID:13	[HFS] ra=0 si=0 cx=49 ac=0
31295451	ID:10	[LIST] Neighbors: 2,28,13,7
31296231	ID:13	[LIST] Neighbors: 2,28,19,10,7
31299091	ID:10	[LIST] Quarantine: (none)
31299868	ID:13	[LIST] Quarantine: (none)
31302588	ID:10	[LIST] Blacklist: (none)
31303365	ID:13	[LIST] Blacklist: (none)
31308903	ID:10	FUZZRID,DET,7,1024,1024,0,0,0,0,0,0,0,0,0,0
31309680	ID:13	FUZZRID,DET,7,1024,1024,0,0,0,0,0,0,0,0,0,0
31319771	ID:8	[HFS] ra=0 si=0 cx=49 ac=0
31322568	ID:8	[LIST] Neighbors: 7
31326205	ID:8	[LIST] Quarantine: (none)
31329702	ID:8	[LIST] Blacklist: (none)
31336017	ID:8	FUZZRID,DET,7,1024,1024,0,0,0,0,0,0,0,0,0,0
32189314	ID:31	[ATK-DBG] t=31s warm-up true_rank=1024 (not attacking yet)
32310665	ID:17	[HFS] ra=0 si=0 cx=49 ac=0
32312504	ID:16	[HFS] ra=0 si=0 cx=49 ac=0
32314756	ID:17	[LIST] Neighbors: 21,27,3,31
32315491	ID:16	[LIST] Neighbors: 31
32318423	ID:17	[LIST] Quarantine: (none)
32319127	ID:16	[LIST] Quarantine: (none)
32321920	ID:17	[LIST] Blacklist: (none)
32322624	ID:16	[LIST] Blacklist: (none)
32328374	ID:17	FUZZRID,DET,31,1024,1024,0,0,0,0,0,0,0,0,0,0
32329079	ID:16	FUZZRID,DET,31,1024,1024,0,0,0,0,0,0,0,0,0,0
32336521	ID:3	[HFS] ra=0 si=0 cx=49 ac=0
32340597	ID:3	[LIST] Neighbors: 2,23,17,31
32344234	ID:3	[LIST] Quarantine: (none)
32347731	ID:3	[LIST] Blacklist: (none)
32354224	ID:3	FUZZRID,DET,31,1024,1024,0,0,0,0,0,0,0,0,0,0
32603037	ID:25	[ATK-DBG] t=31s warm-up true_rank=1280 (not attacking yet)
32647194	ID:20	[HFS] ra=0 si=0 cx=49 ac=0
32650844	ID:20	[LIST] Neighbors: 2,10,25
32654481	ID:20	[LIST] Quarantine: (none)
32657978	ID:20	[LIST] Blacklist: (none)
32663585	ID:13	[HFS] ra=0 si=0 cx=49 ac=0
32664260	ID:10	[HFS] ra=0 si=0 cx=49 ac=0
32664429	ID:20	FUZZRID,DET,25,1280,1280,0,0,0,0,0,0,0,0,0,0
32668402	ID:13	[LIST] Neighbors: 2,28,19,10,7,25
32668617	ID:10	[LIST] Neighbors: 2,28,13,7,25
32672039	ID:13	[LIST] Quarantine: (none)
32672254	ID:10	[LIST] Quarantine: (none)
32675564	ID:13	[LIST] Blacklist: (none)
32675769	ID:10	[LIST] Blacklist: (none)
32682015	ID:13	FUZZRID,DET,25,1280,1280,0,0,0,0,0,0,0,0,0,0
32682221	ID:10	FUZZRID,DET,25,1280,1280,0,0,0,0,0,0,0,0,0,0
32692769	ID:8	[HFS] ra=0 si=0 cx=49 ac=0
32695993	ID:8	[LIST] Neighbors: 7,25
32699629	ID:8	[LIST] Quarantine: (none)
32703143	ID:8	[LIST] Blacklist: (none)
32709594	ID:8	FUZZRID,DET,25,1280,1280,0,0,0,0,0,0,0,0,0,0
32715084	ID:14	[HFS] ra=0 si=0 cx=49 ac=0
32718497	ID:14	[LIST] Neighbors: 20,25
32722134	ID:14	[LIST] Quarantine: (none)
32725631	ID:14	[LIST] Blacklist: (none)
32732081	ID:14	FUZZRID,DET,25,1280,1280,0,0,0,0,0,0,0,0,0,0
32732099	ID:7	[HFS] ra=0 si=0 cx=49 ac=0
32736335	ID:7	[LIST] Neighbors: 28,13,10,25
32739972	ID:7	[LIST] Quarantine: (none)
32743469	ID:7	[LIST] Blacklist: (none)
32749946	ID:7	FUZZRID,DET,25,1280,1280,0,0,0,0,0,0,0,0,0,0
32801447	ID:27	[ATK-DBG] t=31s warm-up true_rank=512 (not attacking yet)
32823413	ID:1	[HFS] ra=0 si=0 cx=49 ac=0
32828476	ID:1	[LIST] Neighbors: 2,21,28,4,19,27,3
32832113	ID:1	[LIST] Quarantine: (none)
32835610	ID:1	[LIST] Blacklist: (none)
32837188	ID:3	[HFS] ra=0 si=0 cx=49 ac=0
32841700	ID:3	[LIST] Neighbors: 2,23,17,31,27
32841740	ID:1	FUZZRID,DET,27,512,512,0,0,0,0,0,0,0,0,0,0
32845337	ID:3	[LIST] Quarantine: (none)
32848833	ID:3	[LIST] Blacklist: (none)
32854927	ID:3	FUZZRID,DET,27,512,512,0,0,0,0,0,0,0,0,0,0
32870802	ID:19	[HFS] ra=0 si=0 cx=49 ac=0
32874458	ID:19	[LIST] Neighbors: 2,28,27
32878094	ID:19	[LIST] Quarantine: (none)
32881591	ID:19	[LIST] Blacklist: (none)
32887691	ID:19	FUZZRID,DET,27,512,512,0,0,0,0,0,0,0,0,0,0
32895487	ID:21	[HFS] ra=0 si=0 cx=49 ac=0
32898991	ID:21	[LIST] Neighbors: 4,27,3
32902628	ID:21	[LIST] Quarantine: (none)
32904210	ID:4	[HFS] ra=0 si=0 cx=49 ac=0
32906149	ID:21	[LIST] Blacklist: (none)
32908020	ID:4	[LIST] Neighbors: 21,19,27
32911656	ID:4	[LIST] Quarantine: (none)
32912243	ID:21	FUZZRID,DET,27,512,512,0,0,0,0,0,0,0,0,0,0
32915153	ID:4	[LIST] Blacklist: (none)
32917545	ID:2	[HFS] ra=0 si=0 cx=49 ac=0
32921246	ID:4	FUZZRID,DET,27,512,512,0,0,0,0,0,0,0,0,0,0
32922219	ID:2	[LIST] Neighbors: 28,19,27,13,10
32925857	ID:2	[LIST] Quarantine: (none)
32929353	ID:2	[LIST] Blacklist: (none)
32933945	ID:17	[HFS] ra=0 si=0 cx=49 ac=0
32935447	ID:2	FUZZRID,DET,27,512,512,0,0,0,0,0,0,0,0,0,0
32938035	ID:17	[LIST] Neighbors: 21,27,3,31
32941672	ID:17	[LIST] Quarantine: (none)
32945169	ID:17	[LIST] Blacklist: (none)
32951263	ID:17	FUZZRID,DET,27,512,512,0,0,0,0,0,0,0,0,0,0
34068605	ID:24	[ATK-DBG] t=33s warm-up true_rank=1280 (not attacking yet)
34115492	ID:9	[HFS] ra=0 si=0 cx=49 ac=0
34118449	ID:9	[LIST] Neighbors: 14
34122086	ID:9	[LIST] Quarantine: (none)
34125583	ID:9	[LIST] Blacklist: (none)
34132039	ID:9	FUZZRID,DET,14,1536,1536,0,0,0,0,0,0,0,0,0,0
34132545	ID:6	[HFS] ra=0 si=0 cx=49 ac=0
34135503	ID:6	[LIST] Neighbors: 14
34139148	ID:6	[LIST] Quarantine: (none)
34142645	ID:6	[LIST] Blacklist: (none)
34148346	ID:20	[HFS] ra=0 si=0 cx=49 ac=0
34149101	ID:6	FUZZRID,DET,14,1536,1536,0,0,0,0,0,0,0,0,0,0
34152423	ID:20	[LIST] Neighbors: 2,10,25,14
34156059	ID:20	[LIST] Quarantine: (none)
34159556	ID:20	[LIST] Blacklist: (none)
34166017	ID:20	FUZZRID,DET,14,1536,1536,0,0,0,0,0,0,0,0,0,0
34367535	ID:9	[HFS] ra=0 si=0 cx=49 ac=0
34370919	ID:9	[LIST] Neighbors: 14,24
34374556	ID:9	[LIST] Quarantine: (none)
34378053	ID:9	[LIST] Blacklist: (none)
34384504	ID:9	FUZZRID,DET,24,1280,1280,0,0,0,0,0,0,0,0,0,0
34427390	ID:22	[HFS] ra=0 si=0 cx=49 ac=0
34430348	ID:22	[LIST] Neighbors: 24
34433984	ID:22	[LIST] Quarantine: (none)
34437502	ID:22	[LIST] Blacklist: (none)
34443953	ID:22	FUZZRID,DET,24,1280,1280,0,0,0,0,0,0,0,0,0,0
34818500	ID:8	[HFS] ra=0 si=0 cx=49 ac=0
34822016	ID:8	[LIST] Neighbors: 7,25,5
34825653	ID:8	[LIST] Quarantine: (none)
34829150	ID:8	[LIST] Blacklist: (none)
34835461	ID:8	FUZZRID,DET,5,1280,1280,0,0,0,0,0,0,0,0,0,0
34856841	ID:7	[HFS] ra=0 si=0 cx=49 ac=0
34861358	ID:7	[LIST] Neighbors: 28,13,10,25,5
34864995	ID:7	[LIST] Quarantine: (none)
34868492	ID:7	[LIST] Blacklist: (none)
34874804	ID:7	FUZZRID,DET,5,1280,1280,0,0,0,0,0,0,0,0,0,0
35106685	ID:7	[HFS] ra=0 si=0 cx=49 ac=0
35111482	ID:7	[LIST] Neighbors: 28,13,10,25,5,8
35115119	ID:7	[LIST] Quarantine: (none)
35118616	ID:7	[LIST] Blacklist: (none)
35124941	ID:7	FUZZRID,DET,8,1536,1536,0,0,0,0,0,0,0,0,0,0
35136947	ID:5	[HFS] ra=0 si=0 cx=49 ac=0
35140024	ID:5	[LIST] Neighbors: 7,8
35143661	ID:5	[LIST] Quarantine: (none)
35147158	ID:5	[LIST] Blacklist: (none)
35153475	ID:5	FUZZRID,DET,8,1536,1536,0,0,0,0,0,0,0,0,0,0
35636825	ID:1	[HFS] ra=0 si=0 cx=49 ac=0
35641888	ID:1	[LIST] Neighbors: 2,21,28,4,19,27,3
35645544	ID:1	[LIST] Quarantine: (none)
35649041	ID:1	[LIST] Blacklist: (none)
35655135	ID:1	FUZZRID,DET,21,512,512,0,0,0,0,0,0,0,0,0,0
35683306	ID:17	[HFS] ra=0 si=0 cx=49 ac=0
35687396	ID:17	[LIST] Neighbors: 21,27,3,31
35691033	ID:17	[LIST] Quarantine: (none)
35694542	ID:17	[LIST] Blacklist: (none)
35700636	ID:17	FUZZRID,DET,21,512,512,0,0,0,0,0,0,1,0,0,0
35711386	ID:28	[ATK-DBG] t=35s warm-up true_rank=512 (not attacking yet)
35711825	ID:3	[HFS] ra=0 si=0 cx=49 ac=0
35716755	ID:3	[LIST] Neighbors: 2,23,17,31,27,21
35720392	ID:3	[LIST] Quarantine: (none)
35723889	ID:3	[LIST] Blacklist: (none)
35729983	ID:3	FUZZRID,DET,21,512,512,0,0,0,0,0,0,0,0,0,0
35767143	ID:1	[HFS] ra=0 si=0 cx=49 ac=0
35772206	ID:1	[LIST] Neighbors: 2,21,28,4,19,27,3
35773802	ID:20	[HFS] ra=0 si=0 cx=49 ac=0
35775842	ID:1	[LIST] Quarantine: (none)
35778305	ID:20	[LIST] Neighbors: 2,10,25,14,28
35779339	ID:1	[LIST] Blacklist: (none)
35781946	ID:20	[LIST] Quarantine: (none)
35785433	ID:1	FUZZRID,DET,28,512,512,0,0,0,0,0,0,0,0,0,0
35785443	ID:20	[LIST] Blacklist: (none)
35788475	ID:10	[HFS] ra=0 si=0 cx=49 ac=0
35791536	ID:20	FUZZRID,DET,28,512,512,0,0,0,0,0,0,0,0,0,0
35792838	ID:10	[LIST] Neighbors: 2,28,13,7,25
35792856	ID:13	[HFS] ra=0 si=0 cx=49 ac=0
35793021	ID:2	[HFS] ra=0 si=0 cx=49 ac=0
35796475	ID:10	[LIST] Quarantine: (none)
35797639	ID:13	[LIST] Neighbors: 2,28,19,10,7,25
35797684	ID:2	[LIST] Neighbors: 28,19,27,13,10
35799972	ID:10	[LIST] Blacklist: (none)
35801277	ID:13	[LIST] Quarantine: (none)
35801321	ID:2	[LIST] Quarantine: (none)
35804773	ID:13	[LIST] Blacklist: (none)
35804844	ID:2	[LIST] Blacklist: (none)
35806065	ID:10	FUZZRID,DET,28,512,512,0,0,0,0,0,0,0,0,0,0
35810894	ID:13	FUZZRID,DET,28,512,512,0,0,0,0,0,0,0,0,0,0
35810938	ID:2	FUZZRID,DET,28,512,512,0,0,0,0,0,0,0,0,0,0
35856799	ID:7	[HFS] ra=0 si=0 cx=49 ac=0
35861595	ID:7	[LIST] Neighbors: 28,13,10,25,5,8
35864153	ID:1	[HFS] ra=0 si=0 cx=49 ac=0
35865233	ID:7	[LIST] Quarantine: (none)
35868730	ID:7	[LIST] Blacklist: (none)
35869216	ID:1	[LIST] Neighbors: 2,21,28,4,19,27,3
35870674	ID:19	[HFS] ra=0 si=0 cx=49 ac=0
35872854	ID:1	[LIST] Quarantine: (none)
35874604	ID:19	[LIST] Neighbors: 2,28,27,4
35874825	ID:7	FUZZRID,DET,28,512,512,0,0,0,0,0,0,1,0,0,0
35876351	ID:1	[LIST] Blacklist: (none)
35878241	ID:19	[LIST] Quarantine: (none)
35881738	ID:19	[LIST] Blacklist: (none)
35882306	ID:1	FUZZRID,DET,4,512,512,0,0,0,0,0,0,0,0,0,0
35887693	ID:19	FUZZRID,DET,4,512,512,0,0,0,0,0,0,0,0,0,0
35893832	ID:21	[HFS] ra=0 si=0 cx=49 ac=0
35897365	ID:21	[LIST] Neighbors: 4,27,3
35901002	ID:21	[LIST] Quarantine: (none)
35904498	ID:21	[LIST] Blacklist: (none)
35910453	ID:21	FUZZRID,DET,4,512,512,0,0,0,0,0,0,0,0,0,0
35927165	ID:22	[HFS] ra=0 si=0 cx=49 ac=0
35930556	ID:22	[LIST] Neighbors: 24,16
35934193	ID:22	[LIST] Quarantine: (none)
35937690	ID:22	[LIST] Blacklist: (none)
35944146	ID:22	FUZZRID,DET,16,1536,1536,0,0,0,0,0,0,0,0,0,0
36039824	ID:26	[ATK-DBG] t=35s warm-up true_rank=1280 (not attacking yet)
36066355	ID:16	[HFS] ra=0 si=0 cx=49 ac=0
36069739	ID:16	[LIST] Neighbors: 31,26
36073376	ID:16	[LIST] Quarantine: (none)
36076873	ID:16	[LIST] Blacklist: (none)
36083354	ID:16	FUZZRID,DET,26,1280,1280,0,0,0,0,0,0,0,0,0,0
36096897	ID:1	[HFS] ra=0 si=0 cx=49 ac=0
36101960	ID:1	[LIST] Neighbors: 2,21,28,4,19,27,3
36105597	ID:1	[LIST] Quarantine: (none)
36109094	ID:1	[LIST] Blacklist: (none)
36115049	ID:1	FUZZRID,DET,2,512,512,0,0,0,0,0,0,4,0,0,0
36118240	ID:19	[HFS] ra=0 si=0 cx=49 ac=0
36122171	ID:19	[LIST] Neighbors: 2,28,27,4
36124469	ID:18	[HFS] ra=0 si=0 cx=49 ac=0
36125807	ID:19	[LIST] Quarantine: (none)
36127426	ID:18	[LIST] Neighbors: 26
36129315	ID:19	[LIST] Blacklist: (none)
36131083	ID:18	[LIST] Quarantine: (none)
36134580	ID:18	[LIST] Blacklist: (none)
36135270	ID:19	FUZZRID,DET,2,512,512,0,0,0,0,0,0,4,0,0,0
36141062	ID:18	FUZZRID,DET,26,1280,1280,0,0,0,0,0,0,0,0,0,0
36143892	ID:20	[HFS] ra=0 si=0 cx=49 ac=0
36148395	ID:20	[LIST] Neighbors: 2,10,25,14,28
36152033	ID:20	[LIST] Quarantine: (none)
36155547	ID:20	[LIST] Blacklist: (none)
36161503	ID:20	FUZZRID,DET,2,512,512,0,0,0,0,0,0,6,0,0,0
36165261	ID:10	[HFS] ra=0 si=0 cx=49 ac=0
36165401	ID:13	[HFS] ra=0 si=0 cx=49 ac=0
36169617	ID:10	[LIST] Neighbors: 2,28,13,7,25
36170184	ID:13	[LIST] Neighbors: 2,28,19,10,7,25
36173255	ID:10	[LIST] Quarantine: (none)
36173821	ID:13	[LIST] Quarantine: (none)
36176751	ID:10	[LIST] Blacklist: (none)
36177318	ID:13	[LIST] Blacklist: (none)
36182707	ID:10	FUZZRID,DET,2,512,512,0,0,0,0,0,0,6,0,0,0
36183275	ID:13	FUZZRID,DET,2,512,512,0,0,0,0,0,0,6,0,0,0
36199499	ID:30	[ATK-DBG] t=35s warm-up true_rank=1536 (not attacking yet)
36212381	ID:3	[HFS] ra=0 si=0 cx=49 ac=0
36217311	ID:3	[LIST] Neighbors: 2,23,17,31,27,21
36220948	ID:3	[LIST] Quarantine: (none)
36224445	ID:3	[LIST] Blacklist: (none)
36230401	ID:3	FUZZRID,DET,2,512,512,0,0,0,0,0,0,6,0,0,0
36237426	ID:1	[HFS] ra=0 si=0 cx=49 ac=0
36242489	ID:1	[LIST] Neighbors: 2,21,28,4,19,27,3
36246127	ID:1	[LIST] Quarantine: (none)
36249624	ID:1	[LIST] Blacklist: (none)
36255718	ID:1	FUZZRID,DET,19,512,512,0,0,0,0,0,0,0,0,0,0
36260304	ID:6	[HFS] ra=0 si=0 cx=49 ac=0
36263688	ID:6	[LIST] Neighbors: 14,30
36267325	ID:6	[LIST] Quarantine: (none)
36270842	ID:6	[LIST] Blacklist: (none)
36277298	ID:6	FUZZRID,DET,30,1536,1536,0,0,0,0,0,0,0,0,0,0
36292853	ID:13	[HFS] ra=0 si=0 cx=49 ac=0
36292888	ID:2	[HFS] ra=0 si=0 cx=49 ac=0
36297551	ID:2	[LIST] Neighbors: 28,19,27,13,10
36297636	ID:13	[LIST] Neighbors: 2,28,19,10,7,25
36301188	ID:2	[LIST] Quarantine: (none)
36301274	ID:13	[LIST] Quarantine: (none)
36304704	ID:2	[LIST] Blacklist: (none)
36304771	ID:13	[LIST] Blacklist: (none)
36310798	ID:2	FUZZRID,DET,19,512,512,0,0,0,0,0,0,0,0,0,0
36310894	ID:13	FUZZRID,DET,19,512,512,0,0,0,0,0,0,0,0,0,0
36320838	ID:8	[HFS] ra=0 si=0 cx=49 ac=0
36324769	ID:8	[LIST] Neighbors: 7,25,5,30
36328424	ID:8	[LIST] Quarantine: (none)
36331921	ID:8	[LIST] Blacklist: (none)
36338411	ID:8	FUZZRID,DET,30,1536,1536,0,0,0,0,0,0,0,0,0,0
36341268	ID:14	[HFS] ra=0 si=0 cx=49 ac=0
36345079	ID:14	[LIST] Neighbors: 20,25,30
36348715	ID:14	[LIST] Quarantine: (none)
36352212	ID:14	[LIST] Blacklist: (none)
36358676	ID:14	FUZZRID,DET,30,1536,1536,0,0,0,0,0,0,0,0,0,0
37019386	ID:21	[HFS] ra=0 si=0 cx=49 ac=0
37023350	ID:21	[LIST] Neighbors: 4,27,3,17
37026987	ID:21	[LIST] Quarantine: (none)
37030484	ID:21	[LIST] Blacklist: (none)
37036577	ID:21	FUZZRID,DET,17,768,768,0,0,0,0,0,0,0,0,0,0
37637030	ID:31	[ATK-DBG] t=37s warm-up true_rank=790 (not attacking yet)
37684491	ID:17	[HFS] ra=0 si=0 cx=49 ac=0
37687849	ID:16	[HFS] ra=0 si=0 cx=49 ac=0
37688581	ID:17	[LIST] Neighbors: 21,27,3,31
37691267	ID:16	[LIST] Neighbors: 31,26
37692218	ID:17	[LIST] Quarantine: (none)
37694903	ID:16	[LIST] Quarantine: (none)
37695715	ID:17	[LIST] Blacklist: (none)
37698400	ID:16	[LIST] Blacklist: (none)
37701812	ID:17	FUZZRID,DET,31,790,790,0,0,0,0,0,0,3,0,0,0
37704497	ID:16	FUZZRID,DET,31,790,790,0,0,0,0,0,0,4,0,0,0
37747807	ID:12	[HFS] ra=0 si=0 cx=49 ac=0
37750625	ID:12	[LIST] Neighbors: 9
37752955	ID:15	[HFS] ra=0 si=0 cx=49 ac=0
37754262	ID:12	[LIST] Quarantine: (none)
37755753	ID:15	[LIST] Neighbors: 9
37757759	ID:12	[LIST] Blacklist: (none)
37759389	ID:15	[LIST] Quarantine: (none)
37762647	ID:6	[HFS] ra=0 si=0 cx=49 ac=0
37762886	ID:15	[LIST] Blacklist: (none)
37764076	ID:12	FUZZRID,DET,9,1792,1792,0,0,0,0,0,0,0,0,0,0
37766311	ID:6	[LIST] Neighbors: 14,30,9
37769202	ID:15	FUZZRID,DET,9,1792,1792,0,0,0,0,0,0,0,0,0,0
37769947	ID:6	[LIST] Quarantine: (none)
37773444	ID:6	[LIST] Blacklist: (none)
37779773	ID:6	FUZZRID,DET,9,1792,1792,0,0,0,0,0,0,0,0,0,0
37968364	ID:11	[HFS] ra=0 si=0 cx=49 ac=0
37971162	ID:11	[LIST] Neighbors: 6
37974798	ID:11	[LIST] Quarantine: (none)
37978295	ID:11	[LIST] Blacklist: (none)
37984610	ID:11	FUZZRID,DET,6,2048,2048,0,0,0,0,0,0,0,0,0,0
37991919	ID:9	[HFS] ra=0 si=0 cx=49 ac=0
37995583	ID:9	[LIST] Neighbors: 14,24,6
37999219	ID:9	[LIST] Quarantine: (none)
38002726	ID:9	[LIST] Blacklist: (none)
38009041	ID:9	FUZZRID,DET,6,2048,2048,0,0,0,0,0,0,0,0,0,0
38030545	ID:1	[HFS] ra=0 si=0 cx=49 ac=0
38035642	ID:1	[LIST] Neighbors: 2,21,28,4,19,27,3
38039279	ID:1	[LIST] Quarantine: (none)
38042776	ID:1	[LIST] Blacklist: (none)
38043506	ID:2	[HFS] ra=0 si=0 cx=49 ac=0
38048478	ID:2	[LIST] Neighbors: 28,19,27,13,10,3
38048731	ID:1	FUZZRID,DET,3,768,768,0,0,0,0,0,0,0,0,0,0
38052116	ID:2	[LIST] Quarantine: (none)
38055613	ID:2	[LIST] Blacklist: (none)
38059730	ID:17	[HFS] ra=0 si=0 cx=49 ac=0
38061568	ID:2	FUZZRID,DET,3,768,768,0,0,0,0,0,0,0,0,0,0
38063820	ID:17	[LIST] Neighbors: 21,27,3,31
38067457	ID:17	[LIST] Quarantine: (none)
38070954	ID:17	[LIST] Blacklist: (none)
38076934	ID:17	FUZZRID,DET,3,768,768,0,0,0,0,0,0,0,0,0,0
38145298	ID:21	[HFS] ra=0 si=0 cx=49 ac=0
38149229	ID:21	[LIST] Neighbors: 4,27,3,17
38152865	ID:21	[LIST] Quarantine: (none)
38156362	ID:21	[LIST] Blacklist: (none)
38162317	ID:21	FUZZRID,DET,3,768,768,0,0,0,0,0,0,0,0,0,0
38500508	ID:18	[HFS] ra=0 si=0 cx=49 ac=0
38503925	ID:18	[LIST] Neighbors: 26,22
38507562	ID:18	[LIST] Quarantine: (none)
38511059	ID:18	[LIST] Blacklist: (none)
38517514	ID:18	FUZZRID,DET,22,1536,1536,0,0,0,0,0,0,0,0,0,0
38565223	ID:16	[HFS] ra=0 si=0 cx=49 ac=0
38569033	ID:16	[LIST] Neighbors: 31,26,22
38572670	ID:16	[LIST] Quarantine: (none)
38576166	ID:16	[LIST] Blacklist: (none)
38582659	ID:16	FUZZRID,DET,22,1536,1536,0,0,0,0,0,0,0,0,0,0
38607866	ID:7	[HFS] ra=0 si=0 cx=49 ac=0
38612662	ID:7	[LIST] Neighbors: 28,13,10,25,5,8
38616299	ID:7	[LIST] Quarantine: (none)
38619796	ID:7	[LIST] Blacklist: (none)
38620843	ID:19	[HFS] ra=0 si=0 cx=49 ac=0
38625200	ID:19	[LIST] Neighbors: 2,28,27,4,13
38625926	ID:7	FUZZRID,DET,13,768,768,0,0,0,0,0,0,4,0,0,0
38628837	ID:19	[LIST] Quarantine: (none)
38632333	ID:19	[LIST] Blacklist: (none)
38638427	ID:19	FUZZRID,DET,13,768,768,0,0,0,0,0,0,0,0,0,0
38665888	ID:10	[HFS] ra=0 si=0 cx=49 ac=0
38670671	ID:10	[LIST] Neighbors: 2,28,13,7,25,20
38674309	ID:10	[LIST] Quarantine: (none)
38677805	ID:10	[LIST] Blacklist: (none)
38679376	ID:2	[HFS] ra=0 si=0 cx=49 ac=0
38683900	ID:10	FUZZRID,DET,20,768,768,0,0,0,0,0,0,0,0,0,0
38684746	ID:2	[LIST] Neighbors: 28,19,27,13,10,3,20
38688382	ID:2	[LIST] Quarantine: (none)
38688916	ID:23	[ATK-DBG] t=38s warm-up true_rank=768 (not attacking yet)
38691879	ID:2	[LIST] Blacklist: (none)
38697972	ID:2	FUZZRID,DET,20,768,768,0,0,0,0,0,0,0,0,0,0
38899018	ID:20	[HFS] ra=0 si=0 cx=49 ac=0
38903948	ID:20	[LIST] Neighbors: 2,10,25,14,28,23
38907585	ID:20	[LIST] Quarantine: (none)
38911082	ID:20	[LIST] Blacklist: (none)
38915342	ID:10	[HFS] ra=0 si=0 cx=49 ac=0
38917175	ID:20	FUZZRID,DET,23,768,768,0,0,0,0,0,0,0,0,0,0
38920552	ID:10	[LIST] Neighbors: 2,28,13,7,25,20,23
38920632	ID:2	[HFS] ra=0 si=0 cx=49 ac=0
38924188	ID:10	[LIST] Quarantine: (none)
38926428	ID:2	[LIST] Neighbors: 28,19,27,13,10,3,20,23
38927685	ID:10	[LIST] Blacklist: (none)
38930065	ID:2	[LIST] Quarantine: (none)
38933561	ID:2	[LIST] Blacklist: (none)
38933779	ID:10	FUZZRID,DET,23,768,768,0,0,0,0,0,0,0,0,0,0
38939655	ID:2	FUZZRID,DET,23,768,768,0,0,0,0,0,0,0,0,0,0
38960324	ID:3	[HFS] ra=0 si=0 cx=49 ac=0
38965254	ID:3	[LIST] Neighbors: 2,23,17,31,27,21
38968892	ID:3	[LIST] Quarantine: (none)
38972388	ID:3	[LIST] Blacklist: (none)
38978482	ID:3	FUZZRID,DET,23,768,768,0,0,0,0,0,0,4,0,0,0
39384813	ID:5	[HFS] ra=0 si=0 cx=49 ac=0
39387891	ID:5	[LIST] Neighbors: 7,8
39391528	ID:5	[LIST] Quarantine: (none)
39395024	ID:5	[LIST] Blacklist: (none)
39400980	ID:5	FUZZRID,DET,7,768,768,0,0,0,0,0,0,6,0,0,0
39415857	ID:10	[HFS] ra=0 si=0 cx=49 ac=0
39415990	ID:13	[HFS] ra=0 si=0 cx=49 ac=0
39420773	ID:13	[LIST] Neighbors: 2,28,19,10,7,25
39421067	ID:10	[LIST] Neighbors: 2,28,13,7,25,20,23
39424410	ID:13	[LIST] Quarantine: (none)
39424704	ID:10	[LIST] Quarantine: (none)
39427941	ID:13	[LIST] Blacklist: (none)
39428201	ID:10	[LIST] Blacklist: (none)
39433897	ID:13	FUZZRID,DET,7,768,768,0,0,0,0,0,0,4,0,0,0
39434156	ID:10	FUZZRID,DET,7,768,768,0,0,0,0,0,0,6,0,0,0
39689016	ID:16	[HFS] ra=0 si=0 cx=49 ac=0
39693253	ID:16	[LIST] Neighbors: 31,26,22,18
39696889	ID:16	[LIST] Quarantine: (none)
39700401	ID:16	[LIST] Blacklist: (none)
39706857	ID:16	FUZZRID,DET,18,1536,1536,0,0,0,0,0,0,0,0,0,0
39732788	ID:7	[HFS] ra=0 si=0 cx=49 ac=0
39737585	ID:7	[LIST] Neighbors: 28,13,10,25,5,8
39741223	ID:7	[LIST] Quarantine: (none)
39744719	ID:7	[LIST] Blacklist: (none)
39747825	ID:19	[HFS] ra=0 si=0 cx=49 ac=0
39750813	ID:7	FUZZRID,DET,10,768,768,0,0,0,0,0,0,8,0,0,0
39751802	ID:15	[HFS] ra=0 si=0 cx=49 ac=0
39752608	ID:19	[LIST] Neighbors: 2,28,27,4,13,10
39755059	ID:15	[LIST] Neighbors: 9,14
39756273	ID:19	[LIST] Quarantine: (none)
39758696	ID:15	[LIST] Quarantine: (none)
39759770	ID:19	[LIST] Blacklist: (none)
39759972	ID:6	[HFS] ra=0 si=0 cx=49 ac=0
39762193	ID:15	[LIST] Blacklist: (none)
39763636	ID:6	[LIST] Neighbors: 14,30,9
39765902	ID:19	FUZZRID,DET,10,768,768,0,0,0,0,0,0,0,0,0,0
39767273	ID:6	[LIST] Quarantine: (none)
39768647	ID:15	FUZZRID,DET,14,1792,1792,0,0,0,0,0,0,0,0,0,0
39770770	ID:6	[LIST] Blacklist: (none)
39777255	ID:6	FUZZRID,DET,14,1792,1792,0,0,0,0,0,0,2,0,0,0
40306162	ID:25	[ATK-DBG] t=39s warm-up true_rank=1280 (not attacking yet)
40340197	ID:14	[HFS] ra=0 si=0 cx=49 ac=0
40344008	ID:14	[LIST] Neighbors: 20,25,30
40347644	ID:14	[LIST] Quarantine: (none)
40351144	ID:14	[LIST] Blacklist: (none)
40357595	ID:14	FUZZRID,DET,25,1280,1280,0,0,0,0,0,0,0,0,0,0
40357868	ID:7	[HFS] ra=0 si=0 cx=49 ac=0
40362664	ID:7	[LIST] Neighbors: 28,13,10,25,5,8
40366302	ID:7	[LIST] Quarantine: (none)
40369798	ID:7	[LIST] Blacklist: (none)
40376250	ID:7	FUZZRID,DET,25,1280,1280,0,0,0,0,0,0,0,0,0,0
40383527	ID:5	[HFS] ra=0 si=0 cx=49 ac=0
40387031	ID:5	[LIST] Neighbors: 7,8,25
40390668	ID:5	[LIST] Quarantine: (none)
40394164	ID:5	[LIST] Blacklist: (none)
40400615	ID:5	FUZZRID,DET,25,1280,1280,0,0,0,0,0,0,0,0,0,0
40413691	ID:10	[HFS] ra=0 si=0 cx=49 ac=0
40418410	ID:13	[HFS] ra=0 si=0 cx=49 ac=0
40418900	ID:10	[LIST] Neighbors: 2,28,13,7,25,20,23
40422537	ID:10	[LIST] Quarantine: (none)
40423193	ID:13	[LIST] Neighbors: 2,28,19,10,7,25
40426050	ID:10	[LIST] Blacklist: (none)
40426830	ID:13	[LIST] Quarantine: (none)
40430327	ID:13	[LIST] Blacklist: (none)
40432502	ID:10	FUZZRID,DET,25,1280,1280,0,0,0,0,0,0,1,0,0,0
40436812	ID:13	FUZZRID,DET,25,1280,1280,0,0,0,0,0,0,0,0,0,0
40442780	ID:8	[HFS] ra=0 si=0 cx=49 ac=0
40446744	ID:8	[LIST] Neighbors: 7,25,5,30
40450381	ID:8	[LIST] Quarantine: (none)
40453878	ID:8	[LIST] Blacklist: (none)
40460329	ID:8	FUZZRID,DET,25,1280,1280,0,0,0,0,0,0,0,0,0,0
41143943	ID:29	[ATK-DBG] t=40s warm-up true_rank=2048 (not attacking yet)
41873181	ID:12	[HFS] ra=0 si=0 cx=49 ac=0
41876404	ID:12	[LIST] Neighbors: 9,29
41878600	ID:18	[HFS] ra=0 si=0 cx=49 ac=0
41878728	ID:15	[HFS] ra=0 si=0 cx=49 ac=0
41880041	ID:12	[LIST] Quarantine: (none)
41882378	ID:15	[LIST] Neighbors: 9,14,29
41882410	ID:18	[LIST] Neighbors: 26,22,29
41883538	ID:12	[LIST] Blacklist: (none)
41886015	ID:15	[LIST] Quarantine: (none)
41886046	ID:18	[LIST] Quarantine: (none)
41889543	ID:18	[LIST] Blacklist: (none)
41889549	ID:15	[LIST] Blacklist: (none)
41889992	ID:12	FUZZRID,DET,29,2048,2048,0,0,0,0,0,0,0,0,0,0
41896003	ID:15	FUZZRID,DET,29,2048,2048,0,0,0,0,0,0,0,0,0,0
41896009	ID:18	FUZZRID,DET,29,2048,2048,0,0,0,0,0,0,0,0,0,0
42176633	ID:24	[ATK-DBG] t=42s warm-up true_rank=1331 (not attacking yet)
42217989	ID:11	[HFS] ra=0 si=0 cx=49 ac=0
42221218	ID:11	[LIST] Neighbors: 6,15
42224855	ID:11	[LIST] Quarantine: (none)
42228351	ID:11	[LIST] Blacklist: (none)
42234808	ID:11	FUZZRID,DET,15,2304,2304,0,0,0,0,0,0,0,0,0,0
42257686	ID:6	[HFS] ra=0 si=0 cx=49 ac=0
42261777	ID:6	[LIST] Neighbors: 14,30,9,15
42265414	ID:6	[LIST] Quarantine: (none)
42268911	ID:6	[LIST] Blacklist: (none)
42275368	ID:6	FUZZRID,DET,15,2304,2304,0,0,0,0,0,0,0,0,0,0
42465560	ID:14	[HFS] ra=0 si=0 cx=49 ac=0
42469797	ID:14	[LIST] Neighbors: 20,25,30,24
42473434	ID:14	[LIST] Quarantine: (none)
42476931	ID:14	[LIST] Blacklist: (none)
42483396	ID:14	FUZZRID,DET,24,1331,1331,0,0,0,0,0,0,0,0,0,0
42489790	ID:9	[HFS] ra=0 si=0 cx=49 ac=0
42493453	ID:9	[LIST] Neighbors: 14,24,6
42497090	ID:9	[LIST] Quarantine: (none)
42500586	ID:9	[LIST] Blacklist: (none)
42503678	ID:15	[HFS] ra=0 si=0 cx=49 ac=0
42507040	ID:9	FUZZRID,DET,24,1331,1331,0,0,0,0,0,0,0,0,0,0
42507755	ID:15	[LIST] Neighbors: 9,14,29,24
42511392	ID:15	[LIST] Quarantine: (none)
42514889	ID:15	[LIST] Blacklist: (none)
42521376	ID:15	FUZZRID,DET,24,1331,1331,0,0,0,0,0,0,0,0,0,0
42564615	ID:8	[HFS] ra=0 si=0 cx=49 ac=0
42568546	ID:8	[LIST] Neighbors: 7,25,5,30
42572183	ID:8	[LIST] Quarantine: (none)
42575680	ID:8	[LIST] Blacklist: (none)
42581995	ID:8	FUZZRID,DET,5,1024,1024,0,0,0,0,0,0,0,0,0,0
42608397	ID:7	[HFS] ra=0 si=0 cx=49 ac=0
42613194	ID:7	[LIST] Neighbors: 28,13,10,25,5,8
42616849	ID:7	[LIST] Quarantine: (none)
42620346	ID:7	[LIST] Blacklist: (none)
42626661	ID:7	FUZZRID,DET,5,1024,1024,0,0,0,0,0,0,0,0,0,0
43500505	ID:18	[HFS] ra=0 si=0 cx=49 ac=0
43504349	ID:18	[LIST] Neighbors: 26,22,29
43507986	ID:18	[LIST] Quarantine: (none)
43511482	ID:18	[LIST] Blacklist: (none)
43517938	ID:18	FUZZRID,DET,22,1536,1536,0,0,0,0,0,0,0,0,0,0
43564869	ID:16	[HFS] ra=0 si=0 cx=49 ac=0
43569106	ID:16	[LIST] Neighbors: 31,26,22,18
43572743	ID:16	[LIST] Quarantine: (none)
43576241	ID:16	[LIST] Blacklist: (none)
43582697	ID:16	FUZZRID,DET,22,1536,1536,0,0,0,0,0,0,0,0,0,0
43592977	ID:11	[HFS] ra=0 si=0 cx=49 ac=0
43596218	ID:11	[LIST] Neighbors: 6,15
43599855	ID:11	[LIST] Quarantine: (none)
43603351	ID:11	[LIST] Blacklist: (none)
43609667	ID:11	FUZZRID,DET,6,2048,2048,0,0,0,0,0,0,4,0,0,0
44054185	ID:22	[HFS] ra=0 si=0 cx=49 ac=0
44057569	ID:22	[LIST] Neighbors: 24,16
44061206	ID:22	[LIST] Quarantine: (none)
44064703	ID:22	[LIST] Blacklist: (none)
44071159	ID:22	FUZZRID,DET,16,1276,1276,0,0,0,0,0,0,0,0,0,0
44309715	ID:30	[ATK-DBG] t=43s warm-up true_rank=1536 (not attacking yet)
44336699	ID:26	[ATK-DBG] t=43s warm-up true_rank=1305 (not attacking yet)
44439037	ID:16	[HFS] ra=0 si=0 cx=49 ac=0
44443274	ID:16	[LIST] Neighbors: 31,26,22,18
44446911	ID:16	[LIST] Quarantine: (none)
44450407	ID:16	[LIST] Blacklist: (none)
44456860	ID:16	FUZZRID,DET,26,1305,1305,0,0,0,0,0,0,0,0,0,0
44567794	ID:8	[HFS] ra=0 si=0 cx=49 ac=0
44571744	ID:8	[LIST] Neighbors: 7,25,5,30
44575381	ID:8	[LIST] Quarantine: (none)
44578878	ID:8	[LIST] Blacklist: (none)
44585334	ID:8	FUZZRID,DET,30,1536,1536,0,0,0,0,0,0,0,0,0,0
45637036	ID:1	[HFS] ra=0 si=0 cx=49 ac=0
45642099	ID:1	[LIST] Neighbors: 2,21,28,4,19,27,3
45645189	ID:21	[HFS] ra=0 si=0 cx=49 ac=0
45645736	ID:1	[LIST] Quarantine: (none)
45649119	ID:21	[LIST] Neighbors: 4,27,3,17
45649233	ID:1	[LIST] Blacklist: (none)
45652756	ID:21	[LIST] Quarantine: (none)
45655189	ID:1	FUZZRID,DET,4,512,512,0,0,0,0,0,0,0,0,0,0
45656253	ID:21	[LIST] Blacklist: (none)
45662208	ID:21	FUZZRID,DET,4,512,512,0,0,0,0,0,0,0,0,0,0
45744302	ID:19	[HFS] ra=0 si=0 cx=49 ac=0
45749086	ID:19	[LIST] Neighbors: 2,28,27,4,13,10
45752723	ID:19	[LIST] Quarantine: (none)
45756220	ID:19	[LIST] Blacklist: (none)
45762175	ID:19	FUZZRID,DET,4,512,512,0,0,0,0,0,0,0,0,0,0
45845876	ID:11	[HFS] ra=0 si=0 cx=49 ac=0
45849099	ID:11	[LIST] Neighbors: 6,15
45852736	ID:11	[LIST] Quarantine: (none)
45856233	ID:11	[LIST] Blacklist: (none)
45862687	ID:11	FUZZRID,DET,15,1843,1843,0,0,0,0,0,0,3,0,0,0
45872260	ID:12	[HFS] ra=0 si=0 cx=49 ac=0
45875919	ID:12	[LIST] Neighbors: 9,29,15
45879555	ID:12	[LIST] Quarantine: (none)
45883052	ID:12	[LIST] Blacklist: (none)
45884932	ID:6	[HFS] ra=0 si=0 cx=49 ac=0
45889043	ID:6	[LIST] Neighbors: 14,30,9,15
45889505	ID:12	FUZZRID,DET,15,1843,1843,0,0,0,0,0,0,0,0,0,0
45892680	ID:6	[LIST] Quarantine: (none)
45896177	ID:6	[LIST] Blacklist: (none)
45902631	ID:6	FUZZRID,DET,15,1843,1843,0,0,0,0,0,0,3,0,0,0
46341732	ID:14	[HFS] ra=0 si=0 cx=49 ac=0
46346249	ID:14	[LIST] Neighbors: 20,25,30,24,9
46349886	ID:14	[LIST] Quarantine: (none)
46353382	ID:14	[LIST] Blacklist: (none)
46359698	ID:14	FUZZRID,DET,9,1817,1817,0,0,0,0,0,0,0,0,0,0
46378155	ID:15	[HFS] ra=0 si=0 cx=49 ac=0
46382231	ID:15	[LIST] Neighbors: 9,14,29,24
46385868	ID:15	[LIST] Quarantine: (none)
46389365	ID:15	[LIST] Blacklist: (none)
46395683	ID:15	FUZZRID,DET,9,1817,1817,0,0,0,0,0,0,2,0,0,0
46430859	ID:22	[HFS] ra=0 si=0 cx=49 ac=0
46434523	ID:22	[LIST] Neighbors: 24,16,9
46438159	ID:22	[LIST] Quarantine: (none)
46441656	ID:22	[LIST] Blacklist: (none)
46447972	ID:22	FUZZRID,DET,9,1817,1817,0,0,0,0,0,0,0,0,0,0
46606378	ID:7	[HFS] ra=0 si=0 cx=49 ac=0
46611176	ID:7	[LIST] Neighbors: 28,13,10,25,5,8
46614114	ID:9	[HFS] ra=0 si=0 cx=49 ac=0
46614814	ID:7	[LIST] Quarantine: (none)
46618238	ID:9	[LIST] Neighbors: 14,24,6,12
46618311	ID:7	[LIST] Blacklist: (none)
46621875	ID:9	[LIST] Quarantine: (none)
46624403	ID:7	FUZZRID,DET,10,819,819,0,0,0,0,0,0,7,0,0,0
46625372	ID:9	[LIST] Blacklist: (none)
46628038	ID:15	[HFS] ra=0 si=0 cx=49 ac=0
46631829	ID:9	FUZZRID,DET,12,2304,2304,0,0,0,0,0,0,0,0,0,0
46632541	ID:15	[LIST] Neighbors: 9,14,29,24,12
46636178	ID:15	[LIST] Quarantine: (none)
46637710	ID:6	[HFS] ra=0 si=0 cx=49 ac=0
46639688	ID:15	[LIST] Blacklist: (none)
46642227	ID:6	[LIST] Neighbors: 14,30,9,15,12
46645864	ID:6	[LIST] Quarantine: (none)
46646144	ID:15	FUZZRID,DET,12,2304,2304,0,0,0,0,0,0,0,0,0,0
46649361	ID:6	[LIST] Blacklist: (none)
46655838	ID:6	FUZZRID,DET,12,2304,2304,0,0,0,0,0,0,0,0,0,0
47439207	ID:16	[HFS] ra=0 si=0 cx=49 ac=0
47443469	ID:16	[LIST] Neighbors: 31,26,22,18
47447106	ID:16	[LIST] Quarantine: (none)
47450603	ID:16	[LIST] Blacklist: (none)
47457059	ID:16	FUZZRID,DET,18,1536,1536,0,0,0,0,0,0,0,0,0,0
47956901	ID:29	[ATK-DBG] t=47s warm-up true_rank=2304 (not attacking yet)
47993234	ID:9	[HFS] ra=0 si=0 cx=49 ac=0
47995264	ID:12	[HFS] ra=0 si=0 cx=49 ac=0
47997750	ID:9	[LIST] Neighbors: 14,24,6,12,29
47998948	ID:12	[LIST] Neighbors: 9,29,15
48001388	ID:9	[LIST] Quarantine: (none)
48002584	ID:12	[LIST] Quarantine: (none)
48004884	ID:9	[LIST] Blacklist: (none)
48006081	ID:12	[LIST] Blacklist: (none)
48011341	ID:9	FUZZRID,DET,29,2304,2304,0,0,0,0,0,0,0,0,0,0
48012538	ID:12	FUZZRID,DET,29,2304,2304,0,0,0,0,0,0,1,0,0,0
48051051	ID:22	[HFS] ra=0 si=0 cx=49 ac=0
48055174	ID:22	[LIST] Neighbors: 24,16,9,29
48058811	ID:22	[LIST] Quarantine: (none)
48062308	ID:22	[LIST] Blacklist: (none)
48068765	ID:22	FUZZRID,DET,29,2304,2304,0,0,0,0,0,0,0,0,0,0
48999190	ID:12	[HFS] ra=0 si=0 cx=49 ac=0
49003084	ID:15	[HFS] ra=0 si=0 cx=49 ac=0
49003266	ID:12	[LIST] Neighbors: 9,29,15,11
49006903	ID:12	[LIST] Quarantine: (none)
49008023	ID:15	[LIST] Neighbors: 9,14,29,24,12,11
49010400	ID:12	[LIST] Blacklist: (none)
49011661	ID:15	[LIST] Quarantine: (none)
49013028	ID:6	[HFS] ra=0 si=0 cx=49 ac=0
49015158	ID:15	[LIST] Blacklist: (none)
49016858	ID:12	FUZZRID,DET,11,2355,2355,0,0,0,0,0,0,0,0,0,0
49017972	ID:6	[LIST] Neighbors: 14,30,9,15,12,11
49021610	ID:6	[LIST] Quarantine: (none)
49021616	ID:15	FUZZRID,DET,11,2355,2355,0,0,0,0,0,0,0,0,0,0
49025107	ID:6	[LIST] Blacklist: (none)
49031595	ID:6	FUZZRID,DET,11,2355,2355,0,0,0,0,0,0,0,0,0,0
49698133	ID:1	[HFS] ra=0 si=0 cx=49 ac=0
49703196	ID:1	[LIST] Neighbors: 2,21,28,4,19,27,3
49706833	ID:1	[LIST] Quarantine: (none)
49710330	ID:1	[LIST] Blacklist: (none)
49711056	ID:3	[HFS] ra=0 si=0 cx=49 ac=0
49716007	ID:3	[LIST] Neighbors: 2,23,17,31,27,21
49716286	ID:1	FUZZRID,DET,2,512,512,0,0,0,0,0,0,5,0,0,0
49719645	ID:3	[LIST] Quarantine: (none)
49723141	ID:3	[LIST] Blacklist: (none)
49729097	ID:3	FUZZRID,DET,2,512,512,0,0,0,0,0,0,6,0,0,0
49745473	ID:19	[HFS] ra=0 si=0 cx=49 ac=0
49750256	ID:19	[LIST] Neighbors: 2,28,27,4,13,10
49753893	ID:19	[LIST] Quarantine: (none)
49757392	ID:19	[LIST] Blacklist: (none)
49763347	ID:19	FUZZRID,DET,2,512,512,0,0,0,0,0,0,5,0,0,0
49770907	ID:20	[HFS] ra=0 si=0 cx=49 ac=0
49775845	ID:20	[LIST] Neighbors: 2,10,25,14,28,23
49779483	ID:20	[LIST] Quarantine: (none)
49782980	ID:20	[LIST] Blacklist: (none)
49787994	ID:10	[HFS] ra=0 si=0 cx=49 ac=0
49788935	ID:20	FUZZRID,DET,2,512,512,0,0,0,0,0,0,6,0,0,0
49792247	ID:13	[HFS] ra=0 si=0 cx=49 ac=0
49793203	ID:10	[LIST] Neighbors: 2,28,13,7,25,20,23
49796840	ID:10	[LIST] Quarantine: (none)
49797030	ID:13	[LIST] Neighbors: 2,28,19,10,7,25
49800350	ID:10	[LIST] Blacklist: (none)
49800668	ID:13	[LIST] Quarantine: (none)
49804165	ID:13	[LIST] Blacklist: (none)
49806306	ID:10	FUZZRID,DET,2,512,512,0,0,0,0,0,0,7,0,0,0
49810120	ID:13	FUZZRID,DET,2,512,512,0,0,0,0,0,0,6,0,0,0
50337505	ID:3	[HFS] ra=0 si=0 cx=49 ac=0
50339656	ID:14	[HFS] ra=0 si=0 cx=49 ac=0
50342435	ID:3	[LIST] Neighbors: 2,23,17,31,27,21
50342954	ID:11	[HFS] ra=0 si=0 cx=49 ac=0
50344486	ID:14	[LIST] Neighbors: 20,25,30,24,9,6
50346073	ID:3	[LIST] Quarantine: (none)
50346177	ID:11	[LIST] Neighbors: 6,15
50348124	ID:14	[LIST] Quarantine: (none)
50349569	ID:3	[LIST] Blacklist: (none)
50349814	ID:11	[LIST] Quarantine: (none)
50351621	ID:14	[LIST] Blacklist: (none)
50353311	ID:11	[LIST] Blacklist: (none)
50355663	ID:3	FUZZRID,DET,17,768,768,0,0,0,0,0,0,4,0,0,0
50357937	ID:14	FUZZRID,DET,6,1792,1792,0,0,0,0,0,0,0,0,0,0
50359648	ID:11	FUZZRID,DET,6,1792,1792,0,0,0,0,0,0,9,0,0,0
50365265	ID:9	[HFS] ra=0 si=0 cx=49 ac=0
50369814	ID:9	[LIST] Neighbors: 14,24,6,12,29
50373452	ID:9	[LIST] Quarantine: (none)
50375625	ID:12	[HFS] ra=0 si=0 cx=49 ac=0
50376948	ID:9	[LIST] Blacklist: (none)
50379981	ID:12	[LIST] Neighbors: 9,29,15,11,6
50380801	ID:15	[HFS] ra=0 si=0 cx=49 ac=0
50383264	ID:9	FUZZRID,DET,6,1792,1792,0,0,0,0,0,0,8,0,0,0
50383618	ID:12	[LIST] Quarantine: (none)
50386010	ID:15	[LIST] Neighbors: 9,14,29,24,12,11,6
50387115	ID:12	[LIST] Blacklist: (none)
50389646	ID:15	[LIST] Quarantine: (none)
50393143	ID:15	[LIST] Blacklist: (none)
50393431	ID:12	FUZZRID,DET,6,1792,1792,0,0,0,0,0,0,0,0,0,0
50399475	ID:15	FUZZRID,DET,6,1792,1792,0,0,0,0,0,0,0,0,0,0
51364368	ID:9	[HFS] ra=0 si=0 cx=49 ac=0
51369311	ID:9	[LIST] Neighbors: 14,24,6,12,29,15
51372669	ID:12	[HFS] ra=0 si=0 cx=49 ac=0
51372949	ID:9	[LIST] Quarantine: (none)
51376467	ID:9	[LIST] Blacklist: (none)
51377045	ID:12	[LIST] Neighbors: 9,29,15,11,6
51380682	ID:12	[LIST] Quarantine: (none)
51382921	ID:9	FUZZRID,DET,15,2047,2047,0,0,0,0,0,0,0,0,0,0
51384178	ID:12	[LIST] Blacklist: (none)
51385733	ID:6	[HFS] ra=0 si=0 cx=49 ac=0
51390632	ID:12	FUZZRID,DET,15,2047,2047,0,0,0,0,0,0,0,0,0,0
51390677	ID:6	[LIST] Neighbors: 14,30,9,15,12,11
51394314	ID:6	[LIST] Quarantine: (none)
51397811	ID:6	[LIST] Blacklist: (none)
51404265	ID:6	FUZZRID,DET,15,2047,2047,0,0,0,0,0,0,4,0,0,0
51469686	ID:14	[HFS] ra=0 si=0 cx=49 ac=0
51470384	ID:11	[HFS] ra=0 si=0 cx=49 ac=0
51473608	ID:11	[LIST] Neighbors: 6,15
51474909	ID:14	[LIST] Neighbors: 20,25,30,24,9,6,15
51477245	ID:11	[LIST] Quarantine: (none)
51478546	ID:14	[LIST] Quarantine: (none)
51480741	ID:11	[LIST] Blacklist: (none)
51482043	ID:14	[LIST] Blacklist: (none)
51487195	ID:11	FUZZRID,DET,15,2047,2047,0,0,0,0,0,0,5,0,0,0
51488496	ID:14	FUZZRID,DET,15,2047,2047,0,0,0,0,0,0,0,0,0,0
51621707	ID:27	[ATK-DBG] t=50s warm-up true_rank=512 (not attacking yet)
51643870	ID:1	[HFS] ra=0 si=0 cx=49 ac=0
51648933	ID:1	[LIST] Neighbors: 2,21,28,4,19,27,3
51651857	ID:4	[HFS] ra=0 si=0 cx=49 ac=0
51652571	ID:1	[LIST] Quarantine: (none)
51655667	ID:4	[LIST] Neighbors: 21,19,27
51656068	ID:1	[LIST] Blacklist: (none)
51659304	ID:4	[LIST] Quarantine: (none)
51662193	ID:1	FUZZRID,DET,27,512,512,0,0,0,0,0,0,0,0,0,0
51662800	ID:4	[LIST] Blacklist: (none)
51668894	ID:4	FUZZRID,DET,27,512,512,0,0,0,0,0,0,0,0,0,0
51669817	ID:2	[HFS] ra=0 si=0 cx=49 ac=0
51675613	ID:2	[LIST] Neighbors: 28,19,27,13,10,3,20,23
51679250	ID:2	[LIST] Quarantine: (none)
51681661	ID:17	[HFS] ra=0 si=0 cx=49 ac=0
51682746	ID:2	[LIST] Blacklist: (none)
51685785	ID:17	[LIST] Neighbors: 21,27,3,31
51688871	ID:2	FUZZRID,DET,27,512,512,0,0,0,0,0,0,0,0,0,0
51689422	ID:17	[LIST] Quarantine: (none)
51692919	ID:17	[LIST] Blacklist: (none)
51699012	ID:17	FUZZRID,DET,27,512,512,0,0,0,0,0,0,0,0,0,0
51712476	ID:3	[HFS] ra=0 si=0 cx=49 ac=0
51717406	ID:3	[LIST] Neighbors: 2,23,17,31,27,21
51721043	ID:3	[LIST] Quarantine: (none)
51724540	ID:3	[LIST] Blacklist: (none)
51730634	ID:3	FUZZRID,DET,27,512,512,0,0,0,0,0,0,0,0,0,0
51746362	ID:19	[HFS] ra=0 si=0 cx=49 ac=0
51751145	ID:19	[LIST] Neighbors: 2,28,27,4,13,10
51754783	ID:19	[LIST] Quarantine: (none)
51758279	ID:19	[LIST] Blacklist: (none)
51764373	ID:19	FUZZRID,DET,27,512,512,0,0,0,0,0,0,0,0,0,0
52039463	ID:10	[HFS] ra=0 si=0 cx=49 ac=0
52044154	ID:2	[HFS] ra=0 si=0 cx=49 ac=0
52044672	ID:10	[LIST] Neighbors: 2,28,13,7,25,20,23
52048309	ID:10	[LIST] Quarantine: (none)
52049949	ID:2	[LIST] Neighbors: 28,19,27,13,10,3,20,23
52051806	ID:10	[LIST] Blacklist: (none)
52053586	ID:2	[LIST] Quarantine: (none)
52057082	ID:2	[LIST] Blacklist: (none)
52057901	ID:10	FUZZRID,DET,20,796,796,0,0,0,0,0,0,0,0,0,0
52063178	ID:2	FUZZRID,DET,20,796,796,0,0,0,0,0,0,0,0,0,0
52093973	ID:14	[HFS] ra=0 si=0 cx=49 ac=0
52099197	ID:14	[LIST] Neighbors: 20,25,30,24,9,6,15
52102833	ID:14	[LIST] Quarantine: (none)
52106330	ID:14	[LIST] Blacklist: (none)
52112427	ID:14	FUZZRID,DET,20,796,796,0,0,0,0,0,0,1,0,0,0
52165457	ID:23	[ATK-DBG] t=51s warm-up true_rank=844 (not attacking yet)
52212755	ID:3	[HFS] ra=0 si=0 cx=49 ac=0
52217685	ID:3	[LIST] Neighbors: 2,23,17,31,27,21
52221323	ID:3	[LIST] Quarantine: (none)
52224819	ID:3	[LIST] Blacklist: (none)
52230911	ID:3	FUZZRID,DET,23,844,844,0,0,0,0,0,0,3,0,0,0
52413604	ID:28	[ATK-DBG] t=51s warm-up true_rank=512 (not attacking yet)
52477135	ID:1	[HFS] ra=0 si=0 cx=49 ac=0
52482214	ID:1	[LIST] Neighbors: 2,21,28,4,19,27,3
52485851	ID:1	[LIST] Quarantine: (none)
52489348	ID:1	[LIST] Blacklist: (none)
52495441	ID:1	FUZZRID,DET,19,512,512,0,0,0,0,0,0,0,0,0,0
52527978	ID:4	[HFS] ra=0 si=0 cx=49 ac=0
52531788	ID:4	[LIST] Neighbors: 21,19,27
52535425	ID:4	[LIST] Quarantine: (none)
52538921	ID:4	[LIST] Blacklist: (none)
52545015	ID:4	FUZZRID,DET,19,512,512,0,0,0,0,0,0,0,0,0,0
52983676	ID:7	[HFS] ra=0 si=0 cx=49 ac=0
52988472	ID:7	[LIST] Neighbors: 28,13,10,25,5,8
52992129	ID:7	[LIST] Quarantine: (none)
52995625	ID:7	[LIST] Blacklist: (none)
53001938	ID:7	FUZZRID,DET,8,1280,1280,0,0,0,0,0,0,4,0,0,0
53003006	ID:1	[HFS] ra=0 si=0 cx=49 ac=0
53008069	ID:1	[LIST] Neighbors: 2,21,28,4,19,27,3
53011705	ID:1	[LIST] Quarantine: (none)
53015202	ID:1	[LIST] Blacklist: (none)
53021296	ID:1	FUZZRID,DET,28,512,512,0,0,0,0,0,0,0,0,0,0
53041570	ID:2	[HFS] ra=0 si=0 cx=49 ac=0
53047373	ID:2	[LIST] Neighbors: 28,19,27,13,10,3,20,23
53051010	ID:2	[LIST] Quarantine: (none)
53054507	ID:2	[LIST] Blacklist: (none)
53060600	ID:2	FUZZRID,DET,28,512,512,0,0,0,0,0,0,0,0,0,0
53105282	ID:7	[HFS] ra=0 si=0 cx=49 ac=0
53110079	ID:7	[LIST] Neighbors: 28,13,10,25,5,8
53113717	ID:7	[LIST] Quarantine: (none)
53117213	ID:7	[LIST] Blacklist: (none)
53118492	ID:19	[HFS] ra=0 si=0 cx=49 ac=0
53123308	ID:7	FUZZRID,DET,28,512,512,0,0,0,0,0,0,1,0,0,0
53123309	ID:19	[LIST] Neighbors: 2,28,27,4,13,10
53126947	ID:19	[LIST] Quarantine: (none)
53130443	ID:19	[LIST] Blacklist: (none)
53136537	ID:19	FUZZRID,DET,28,512,512,0,0,0,0,0,0,0,0,0,0
53360984	ID:31	[ATK-DBG] t=52s warm-up true_rank=810 (not attacking yet)
53431656	ID:22	[HFS] ra=0 si=0 cx=49 ac=0
53436172	ID:22	[LIST] Neighbors: 24,16,9,29,31
53437803	ID:16	[HFS] ra=0 si=0 cx=49 ac=0
53439810	ID:22	[LIST] Quarantine: (none)
53442074	ID:16	[LIST] Neighbors: 31,26,22,18
53443306	ID:22	[LIST] Blacklist: (none)
53445711	ID:16	[LIST] Quarantine: (none)
53449207	ID:16	[LIST] Blacklist: (none)
53449398	ID:22	FUZZRID,DET,31,810,810,0,0,0,0,0,0,0,0,0,0
53455300	ID:16	FUZZRID,DET,31,810,810,0,0,0,0,0,0,4,0,0,0
53460163	ID:3	[HFS] ra=0 si=0 cx=49 ac=0
53465093	ID:3	[LIST] Neighbors: 2,23,17,31,27,21
53468731	ID:3	[LIST] Quarantine: (none)
53472246	ID:3	[LIST] Blacklist: (none)
53478339	ID:3	FUZZRID,DET,31,810,810,0,0,0,0,0,0,3,0,0,0
53483078	ID:7	[HFS] ra=0 si=0 cx=49 ac=0
53487874	ID:7	[LIST] Neighbors: 28,13,10,25,5,8
53491512	ID:7	[LIST] Quarantine: (none)
53495009	ID:7	[LIST] Blacklist: (none)
53501340	ID:7	FUZZRID,DET,5,1024,1024,0,0,0,0,0,0,0,0,0,0
54910516	ID:24	[ATK-DBG] t=54s warm-up true_rank=1109 (not attacking yet)
54914942	ID:1	[HFS] ra=0 si=0 cx=49 ac=0
54919542	ID:2	[HFS] ra=0 si=0 cx=49 ac=0
54920005	ID:1	[LIST] Neighbors: 2,21,28,4,19,27,3
54923641	ID:1	[LIST] Quarantine: (none)
54925337	ID:2	[LIST] Neighbors: 28,19,27,13,10,3,20,23
54927138	ID:1	[LIST] Blacklist: (none)
54929005	ID:2	[LIST] Quarantine: (none)
54931128	ID:17	[HFS] ra=0 si=0 cx=49 ac=0
54932502	ID:2	[LIST] Blacklist: (none)
54933090	ID:1	FUZZRID,DET,3,819,819,0,0,0,0,0,0,0,0,0,0
54935219	ID:17	[LIST] Neighbors: 21,27,3,31
54938494	ID:2	FUZZRID,DET,3,819,819,0,0,0,0,0,0,0,0,0,0
54938856	ID:17	[LIST] Quarantine: (none)
54942353	ID:17	[LIST] Blacklist: (none)
54948305	ID:17	FUZZRID,DET,3,819,819,0,0,0,0,0,0,0,0,0,0
54966747	ID:14	[HFS] ra=0 si=0 cx=49 ac=0
54971971	ID:14	[LIST] Neighbors: 20,25,30,24,9,6,15
54975607	ID:14	[LIST] Quarantine: (none)
54979104	ID:14	[LIST] Blacklist: (none)
54985560	ID:14	FUZZRID,DET,24,1109,1109,0,0,0,0,0,0,0,0,0,0
54992064	ID:9	[HFS] ra=0 si=0 cx=49 ac=0
54997006	ID:9	[LIST] Neighbors: 14,24,6,12,29,15
55000644	ID:9	[LIST] Quarantine: (none)
55004141	ID:9	[LIST] Blacklist: (none)
55005471	ID:15	[HFS] ra=0 si=0 cx=49 ac=0
55010596	ID:9	FUZZRID,DET,24,1109,1109,0,0,0,0,0,0,0,0,0,0
55010681	ID:15	[LIST] Neighbors: 9,14,29,24,12,11,6
55014317	ID:15	[LIST] Quarantine: (none)
55017814	ID:15	[LIST] Blacklist: (none)
55024309	ID:15	FUZZRID,DET,24,1109,1109,0,0,0,0,0,0,1,0,0,0
55051654	ID:22	[HFS] ra=0 si=0 cx=49 ac=0
55056171	ID:22	[LIST] Neighbors: 24,16,9,29,31
55059808	ID:22	[LIST] Quarantine: (none)
55063304	ID:22	[LIST] Blacklist: (none)
55069761	ID:22	FUZZRID,DET,24,1109,1109,0,0,0,0,0,0,2,0,0,0
56135797	ID:5	[HFS] ra=0 si=0 cx=49 ac=0
56139301	ID:5	[LIST] Neighbors: 7,8,25
56142938	ID:5	[LIST] Quarantine: (none)
56146434	ID:5	[LIST] Blacklist: (none)
56152390	ID:5	FUZZRID,DET,7,768,768,0,0,0,0,0,0,6,0,0,0
56166558	ID:10	[HFS] ra=0 si=0 cx=49 ac=0
56166734	ID:13	[HFS] ra=0 si=0 cx=49 ac=0
56171517	ID:13	[LIST] Neighbors: 2,28,19,10,7,25
56171767	ID:10	[LIST] Neighbors: 2,28,13,7,25,20,23
56175155	ID:13	[LIST] Quarantine: (none)
56175404	ID:10	[LIST] Quarantine: (none)
56178652	ID:13	[LIST] Blacklist: (none)
56178901	ID:10	[LIST] Blacklist: (none)
56184635	ID:13	FUZZRID,DET,7,768,768,0,0,0,0,0,0,5,0,0,0
56184881	ID:10	FUZZRID,DET,7,768,768,0,0,0,0,0,0,6,0,0,0
56191552	ID:8	[HFS] ra=0 si=0 cx=49 ac=0
56195485	ID:8	[LIST] Neighbors: 7,25,5,30
56199122	ID:8	[LIST] Quarantine: (none)
56202619	ID:8	[LIST] Blacklist: (none)
56208574	ID:8	FUZZRID,DET,7,768,768,0,0,0,0,0,0,6,0,0,0
56423349	ID:25	[ATK-DBG] t=55s warm-up true_rank=1280 (not attacking yet)
56466459	ID:14	[HFS] ra=0 si=0 cx=49 ac=0
56471683	ID:14	[LIST] Neighbors: 20,25,30,24,9,6,15
56475319	ID:14	[LIST] Quarantine: (none)
56478816	ID:14	[LIST] Blacklist: (none)
56479300	ID:7	[HFS] ra=0 si=0 cx=49 ac=0
56484096	ID:7	[LIST] Neighbors: 28,13,10,25,5,8
56485267	ID:14	FUZZRID,DET,25,1280,1280,0,0,0,0,0,0,0,0,0,0
56487734	ID:7	[LIST] Quarantine: (none)
56491231	ID:7	[LIST] Blacklist: (none)
56494274	ID:9	[HFS] ra=0 si=0 cx=49 ac=0
56497682	ID:7	FUZZRID,DET,25,1280,1280,0,0,0,0,0,0,0,0,0,0
56499643	ID:9	[LIST] Neighbors: 14,24,6,12,29,15,22
56503285	ID:9	[LIST] Quarantine: (none)
56503401	ID:18	[HFS] ra=0 si=0 cx=49 ac=0
56506782	ID:9	[LIST] Blacklist: (none)
56507236	ID:18	[LIST] Neighbors: 26,22,29
56510873	ID:18	[LIST] Quarantine: (none)
56513123	ID:5	[HFS] ra=0 si=0 cx=49 ac=0
56513234	ID:9	FUZZRID,DET,22,1322,1322,0,0,0,0,0,0,0,0,0,0
56514369	ID:18	[LIST] Blacklist: (none)
56516627	ID:5	[LIST] Neighbors: 7,8,25
56520263	ID:5	[LIST] Quarantine: (none)
56520823	ID:18	FUZZRID,DET,22,1322,1322,0,0,0,0,0,0,9,0,0,0
56523760	ID:5	[LIST] Blacklist: (none)
56530212	ID:5	FUZZRID,DET,25,1280,1280,0,0,0,0,0,0,0,0,0,0
56539300	ID:10	[HFS] ra=0 si=0 cx=49 ac=0
56544530	ID:10	[LIST] Neighbors: 2,28,13,7,25,20,23
56548166	ID:10	[LIST] Quarantine: (none)
56551663	ID:10	[LIST] Blacklist: (none)
56558114	ID:10	FUZZRID,DET,25,1280,1280,0,0,0,0,0,0,1,0,0,0
56563764	ID:16	[HFS] ra=0 si=0 cx=49 ac=0
56568001	ID:16	[LIST] Neighbors: 31,26,22,18
56568640	ID:8	[HFS] ra=0 si=0 cx=49 ac=0
56571637	ID:16	[LIST] Quarantine: (none)
56572584	ID:8	[LIST] Neighbors: 7,25,5,30
56575134	ID:16	[LIST] Blacklist: (none)
56576220	ID:8	[LIST] Quarantine: (none)
56579717	ID:8	[LIST] Blacklist: (none)
56581588	ID:16	FUZZRID,DET,22,1322,1322,0,0,0,0,0,0,9,0,0,0
56586168	ID:8	FUZZRID,DET,25,1280,1280,0,0,0,0,0,0,0,0,0,0
56628372	ID:15	[HFS] ra=0 si=0 cx=49 ac=0
56633583	ID:15	[LIST] Neighbors: 9,14,29,24,12,11,6
56637219	ID:15	[LIST] Quarantine: (none)
56640717	ID:15	[LIST] Blacklist: (none)
56647174	ID:15	FUZZRID,DET,11,2303,2303,0,0,0,0,0,0,4,0,0,0
57865442	ID:9	[HFS] ra=0 si=0 cx=49 ac=0
57870811	ID:9	[LIST] Neighbors: 14,24,6,12,29,15,22
57874448	ID:9	[LIST] Quarantine: (none)
57877945	ID:9	[LIST] Blacklist: (none)
57878588	ID:15	[HFS] ra=0 si=0 cx=49 ac=0
57883797	ID:15	[LIST] Neighbors: 9,14,29,24,12,11,6
57884420	ID:9	FUZZRID,DET,14,1558,1558,0,0,0,0,0,0,2,0,0,0
57887446	ID:15	[LIST] Quarantine: (none)
57890943	ID:15	[LIST] Blacklist: (none)
57895944	ID:20	[HFS] ra=0 si=0 cx=49 ac=0
57897400	ID:15	FUZZRID,DET,14,1558,1558,0,0,0,0,0,0,1,0,0,0
57900873	ID:20	[LIST] Neighbors: 2,10,25,14,28,23
57904511	ID:20	[LIST] Quarantine: (none)
57908007	ID:20	[LIST] Blacklist: (none)
57914484	ID:20	FUZZRID,DET,14,1558,1558,0,0,0,0,0,0,1,0,0,0
60158295	ID:5	 7683 P 0.0 0 44080 1921903 16974 17762 0 14745 44080 1921903 16974 17762 0 14745 (radio 1.76% / 1.76% tx 0.86% / 0.86% listen 0.90% / 0.90%)
60268561	ID:12	 7683 P 0.0 0 40708 1925208 13620 21924 0 17891 40708 1925208 13620 21924 0 17891 (radio 1.80% / 1.80% tx 0.69% / 0.69% listen 1.11% / 1.11%)
60297638	ID:26	[ATK-DBG] t=59s warm-up true_rank=1091 (not attacking yet)
60299664	ID:4	 7683 P 0.0 0 41329 1924649 11968 15595 0 13210 41329 1924649 11968 15595 0 13210 (radio 1.40% / 1.40% tx 0.60% / 0.60% listen 0.79% / 0.79%)
60357924	ID:3	 7683 P 0.0 0 75374 1890575 29563 24492 0 15092 75374 1890575 29563 24492 0 15092 (radio 2.74% / 2.74% tx 1.50% / 1.50% listen 1.24% / 1.24%)
60378566	ID:18	[HFS] ra=0 si=0 cx=49 ac=0
60382376	ID:18	[LIST] Neighbors: 26,22,29
60386012	ID:18	[LIST] Quarantine: (none)
60389509	ID:18	[LIST] Blacklist: (none)
60395965	ID:18	FUZZRID,DET,26,1091,1091,0,0,0,0,0,0,1,0,0,0
60416543	ID:21	 7683 P 0.0 0 44985 1920871 12050 17621 0 14337 44985 1920871 12050 17621 0 14337 (radio 1.50% / 1.50% tx 0.61% / 0.61% listen 0.89% / 0.89%)
60428905	ID:22	[HFS] ra=0 si=0 cx=49 ac=0
60433848	ID:22	[LIST] Neighbors: 24,16,9,29,31,26
60437503	ID:22	[LIST] Quarantine: (none)
60438763	ID:16	[HFS] ra=0 si=0 cx=49 ac=0
60440999	ID:22	[LIST] Blacklist: (none)
60443000	ID:16	[LIST] Neighbors: 31,26,22,18
60446637	ID:16	[LIST] Quarantine: (none)
60447454	ID:22	FUZZRID,DET,26,1091,1091,0,0,0,0,0,0,0,0,0,0
60450134	ID:16	[LIST] Blacklist: (none)
60456589	ID:16	FUZZRID,DET,26,1091,1091,0,0,0,0,0,0,0,0,0,0
60488531	ID:16	 7686 P 0.0 0 71938 1894942 32088 26530 0 15771 71938 1894942 32088 26530 0 15771 (radio 2.98% / 2.98% tx 1.63% / 1.63% listen 1.34% / 1.34%)
60512565	ID:9	 7683 P 0.0 0 82197 1883769 33257 32329 0 21273 82197 1883769 33257 32329 0 21273 (radio 3.33% / 3.33% tx 1.69% / 1.69% listen 1.64% / 1.64%)
60594868	ID:1	 7685 P 0.0 0 99200 1867092 21765 1944315 0 0 99200 1867092 21765 1944315 0 0 (radio 99.-8639% / 99.-8639% tx 1.10% / 1.10% listen 98.-8649% / 98.-8649%)
60629066	ID:7	 7683 P 0.0 0 80902 1885030 29798 26401 0 16190 80902 1885030 29798 26401 0 16190 (radio 2.85% / 2.85% tx 1.51% / 1.51% listen 1.34% / 1.34%)
60656671	ID:6	 7683 P 0.0 0 89514 1876458 42357 31297 0 18194 89514 1876458 42357 31297 0 18194 (radio 3.74% / 3.74% tx 2.15% / 2.15% listen 1.59% / 1.59%)
60668290	ID:20	 7683 P 0.0 0 111106 1854855 50454 40792 0 18830 111106 1854855 50454 40792 0 18830 (radio 4.64% / 4.64% tx 2.56% / 2.56% listen 2.07% / 2.07%)
60680243	ID:22	[HFS] ra=0 si=0 cx=49 ac=0
60685186	ID:22	[LIST] Neighbors: 24,16,9,29,31,26
60688824	ID:22	[LIST] Quarantine: (none)
60689404	ID:2	 7683 P 0.0 0 97870 1868091 19172 33027 0 18937 97870 1868091 19172 33027 0 18937 (radio 2.65% / 2.65% tx 0.97% / 0.97% listen 1.67% / 1.67%)
60692321	ID:22	[LIST] Blacklist: (none)
60698777	ID:22	FUZZRID,DET,16,1503,1503,0,0,0,0,0,0,2,0,0,0
60731887	ID:7	[HFS] ra=0 si=0 cx=49 ac=0
60733424	ID:22	 7687 P 0.0 0 75789 1891279 34468 31916 0 20857 75789 1891279 34468 31916 0 20857 (radio 3.37% / 3.37% tx 1.75% / 1.75% listen 1.62% / 1.62%)
60736684	ID:7	[LIST] Neighbors: 28,13,10,25,5,8
60740321	ID:7	[LIST] Quarantine: (none)
60743818	ID:7	[LIST] Blacklist: (none)
60745355	ID:19	[HFS] ra=0 si=0 cx=49 ac=0
60749941	ID:7	FUZZRID,DET,10,865,865,0,0,0,0,0,0,6,0,0,0
60750166	ID:19	[LIST] Neighbors: 2,28,27,4,13,10
60753803	ID:19	[LIST] Quarantine: (none)
60754734	ID:18	[HFS] ra=0 si=0 cx=49 ac=0
60757300	ID:19	[LIST] Blacklist: (none)
60758970	ID:18	[LIST] Neighbors: 26,22,29,16
60762638	ID:18	[LIST] Quarantine: (none)
60763392	ID:19	FUZZRID,DET,10,865,865,0,0,0,0,0,0,0,0,0,0
60766135	ID:18	[LIST] Blacklist: (none)
60772624	ID:18	FUZZRID,DET,16,1503,1503,0,0,0,0,0,0,0,0,0,0
60774946	ID:15	 7683 P 0.0 0 87458 1878505 37790 36654 0 23070 87458 1878505 37790 36654 0 23070 (radio 3.78% / 3.78% tx 1.92% / 1.92% listen 1.86% / 1.86%)
60792602	ID:2	[HFS] ra=0 si=0 cx=49 ac=0
60798398	ID:2	[LIST] Neighbors: 28,19,27,13,10,3,20,23
60802047	ID:2	[LIST] Quarantine: (none)
60805544	ID:2	[LIST] Blacklist: (none)
60811637	ID:2	FUZZRID,DET,10,865,865,0,0,0,0,0,0,4,0,0,0
60892995	ID:19	 7683 P 0.0 0 57348 1908656 14866 21948 0 17496 57348 1908656 14866 21948 0 17496 (radio 1.87% / 1.87% tx 0.75% / 0.75% listen 1.11% / 1.11%)
60937760	ID:13	 7683 P 0.0 0 93937 1871985 40609 31104 0 16919 93937 1871985 40609 31104 0 16919 (radio 3.64% / 3.64% tx 2.06% / 2.06% listen 1.58% / 1.58%)
60954385	ID:17	 7683 P 0.0 0 45981 1919980 13507 17949 0 15997 45981 1919980 13507 17949 0 15997 (radio 1.60% / 1.60% tx 0.68% / 0.68% listen 0.91% / 0.91%)
60991494	ID:11	 7683 P 0.0 0 76244 1889685 39728 27497 0 14826 76244 1889685 39728 27497 0 14826 (radio 3.41% / 3.41% tx 2.02% / 2.02% listen 1.39% / 1.39%)
61011996	ID:30	[ATK-DBG] t=60s warm-up true_rank=1536 (not attacking yet)
61024019	ID:18	 7683 P 0.0 0 34774 1931209 10222 18930 0 16457 34774 1931209 10222 18930 0 16457 (radio 1.48% / 1.48% tx 0.51% / 0.51% listen 0.96% / 0.96%)
61061169	ID:10	 7683 P 0.0 0 95366 1870596 39125 34834 0 22447 95366 1870596 39125 34834 0 22447 (radio 3.76% / 3.76% tx 1.99% / 1.99% listen 1.77% / 1.77%)
61067779	ID:8	[HFS] ra=0 si=0 cx=49 ac=0
61071748	ID:8	[LIST] Neighbors: 7,25,5,30
61075385	ID:8	[LIST] Quarantine: (none)
61078883	ID:8	[LIST] Blacklist: (none)
61085340	ID:8	FUZZRID,DET,30,1536,1536,0,0,0,0,0,0,0,0,0,0
61089240	ID:14	[HFS] ra=0 si=0 cx=49 ac=0
61094483	ID:14	[LIST] Neighbors: 20,25,30,24,9,6,15
61098119	ID:14	[LIST] Quarantine: (none)
61101617	ID:14	[LIST] Blacklist: (none)
61108073	ID:14	FUZZRID,DET,30,1536,1536,0,0,0,0,0,0,0,0,0,0
61117362	ID:8	 7686 P 0.0 0 51399 1915489 17960 19005 0 15146 51399 1915489 17960 19005 0 15146 (radio 1.87% / 1.87% tx 0.91% / 0.91% listen 0.96% / 0.96%)
61131117	ID:15	[HFS] ra=0 si=0 cx=49 ac=0
61136228	ID:6	[HFS] ra=0 si=0 cx=49 ac=0
61136754	ID:15	[LIST] Neighbors: 9,14,29,24,12,11,6,30
61140390	ID:15	[LIST] Quarantine: (none)
61141172	ID:6	[LIST] Neighbors: 14,30,9,15,12,11
61143887	ID:15	[LIST] Blacklist: (none)
61144190	ID:14	 7687 P 0.0 0 101636 1865331 45716 35575 0 21308 101636 1865331 45716 35575 0 21308 (radio 4.13% / 4.13% tx 2.32% / 2.32% listen 1.80% / 1.80%)
61144809	ID:6	[LIST] Quarantine: (none)
61148306	ID:6	[LIST] Blacklist: (none)
61150343	ID:15	FUZZRID,DET,30,1536,1536,0,0,0,0,0,0,0,0,0,0
61154773	ID:6	FUZZRID,DET,30,1536,1536,0,0,0,0,0,0,1,0,0,0
62213756	ID:14	[HFS] ra=0 si=0 cx=49 ac=0
62219014	ID:14	[LIST] Neighbors: 20,25,30,24,9,6,15
62220735	ID:11	[HFS] ra=0 si=0 cx=49 ac=0
62222650	ID:14	[LIST] Quarantine: (none)
62223959	ID:11	[LIST] Neighbors: 6,15
62226147	ID:14	[LIST] Blacklist: (none)
62227596	ID:11	[LIST] Quarantine: (none)
62231093	ID:11	[LIST] Blacklist: (none)
62232463	ID:14	FUZZRID,DET,6,1792,1792,0,0,0,0,0,0,0,0,0,0
62237548	ID:11	FUZZRID,DET,6,1792,1792,0,0,0,0,0,0,11,0,0,0
62238970	ID:9	[HFS] ra=0 si=0 cx=49 ac=0
62244339	ID:9	[LIST] Neighbors: 14,24,6,12,29,15,22
62247464	ID:12	[HFS] ra=0 si=0 cx=49 ac=0
62247976	ID:9	[LIST] Quarantine: (none)
62251473	ID:9	[LIST] Blacklist: (none)
62251821	ID:12	[LIST] Neighbors: 9,29,15,11,6
62252870	ID:15	[HFS] ra=0 si=0 cx=49 ac=0
62255458	ID:12	[LIST] Quarantine: (none)
62257790	ID:9	FUZZRID,DET,6,1792,1792,0,0,0,0,0,0,9,0,0,0
62258506	ID:15	[LIST] Neighbors: 9,14,29,24,12,11,6,30
62258954	ID:12	[LIST] Blacklist: (none)
62262143	ID:15	[LIST] Quarantine: (none)
62265276	ID:12	FUZZRID,DET,6,1792,1792,0,0,0,0,0,0,0,0,0,0
62265662	ID:15	[LIST] Blacklist: (none)
62271978	ID:15	FUZZRID,DET,6,1792,1792,0,0,0,0,0,0,0,0,0,0
62371414	ID:12	[HFS] ra=0 si=0 cx=49 ac=0
62375786	ID:12	[LIST] Neighbors: 9,29,15,11,6
62379423	ID:12	[LIST] Quarantine: (none)
62382920	ID:12	[LIST] Blacklist: (none)
62384751	ID:6	[HFS] ra=0 si=0 cx=49 ac=0
62389238	ID:12	FUZZRID,DET,9,1538,1538,0,0,0,0,0,0,1,0,0,0
62389695	ID:6	[LIST] Neighbors: 14,30,9,15,12,11
62393332	ID:6	[LIST] Quarantine: (none)
62396829	ID:6	[LIST] Blacklist: (none)
62403146	ID:6	FUZZRID,DET,9,1538,1538,0,0,0,0,0,0,1,0,0,0
62427729	ID:22	[HFS] ra=0 si=0 cx=49 ac=0
62432674	ID:22	[LIST] Neighbors: 24,16,9,29,31,26
62436312	ID:22	[LIST] Quarantine: (none)
62439809	ID:22	[LIST] Blacklist: (none)
62446159	ID:22	FUZZRID,DET,9,1538,1538,0,0,0,0,0,0,1,0,0,0
62466611	ID:14	[HFS] ra=0 si=0 cx=49 ac=0
62471834	ID:14	[LIST] Neighbors: 20,25,30,24,9,6,15
62475471	ID:14	[LIST] Quarantine: (none)
62478968	ID:14	[LIST] Blacklist: (none)
62485285	ID:14	FUZZRID,DET,9,1538,1538,0,0,0,0,0,0,0,0,0,0
63555248	ID:22	[HFS] ra=0 si=0 cx=49 ac=0
63560618	ID:22	[LIST] Neighbors: 24,16,9,29,31,26,18
63564254	ID:22	[LIST] Quarantine: (none)
63567751	ID:22	[LIST] Blacklist: (none)
63574206	ID:22	FUZZRID,DET,18,1347,1347,0,0,0,0,0,0,0,0,0,0
64240845	ID:9	[HFS] ra=0 si=0 cx=49 ac=0
64246227	ID:9	[LIST] Neighbors: 14,24,6,12,29,15,22
64249863	ID:9	[LIST] Quarantine: (none)
64252214	ID:18	[HFS] ra=0 si=0 cx=49 ac=0
64253360	ID:9	[LIST] Blacklist: (none)
64256451	ID:18	[LIST] Neighbors: 26,22,29,16
64259839	ID:9	FUZZRID,DET,22,1066,1066,0,0,0,0,0,0,4,0,0,0
64260088	ID:18	[LIST] Quarantine: (none)
64263617	ID:18	[LIST] Blacklist: (none)
64270071	ID:18	FUZZRID,DET,22,1066,1066,0,0,0,0,0,0,8,0,0,0
65008495	ID:6	[HFS] ra=0 si=0 cx=49 ac=0
65013438	ID:6	[LIST] Neighbors: 14,30,9,15,12,11
65017076	ID:6	[LIST] Quarantine: (none)
65020573	ID:6	[LIST] Blacklist: (none)
65027028	ID:6	FUZZRID,DET,15,1737,1737,0,0,0,0,0,0,4,0,0,0
65090619	ID:14	[HFS] ra=0 si=0 cx=49 ac=0
65093116	ID:11	[HFS] ra=0 si=0 cx=49 ac=0
65095842	ID:14	[LIST] Neighbors: 20,25,30,24,9,6,15
65096374	ID:11	[LIST] Neighbors: 6,15
65099478	ID:14	[LIST] Quarantine: (none)
65100011	ID:11	[LIST] Quarantine: (none)
65102975	ID:14	[LIST] Blacklist: (none)
65103507	ID:11	[LIST] Blacklist: (none)
65109430	ID:14	FUZZRID,DET,15,1737,1737,0,0,0,0,0,0,0,0,0,0
65109964	ID:11	FUZZRID,DET,15,1737,1737,0,0,0,0,0,0,5,0,0,0
65115728	ID:9	[HFS] ra=0 si=0 cx=49 ac=0
65121098	ID:9	[LIST] Neighbors: 14,24,6,12,29,15,22
65124734	ID:9	[LIST] Quarantine: (none)
65128231	ID:9	[LIST] Blacklist: (none)
65134699	ID:9	FUZZRID,DET,15,1737,1737,0,0,0,0,0,0,0,0,0,0
65970667	ID:11	[HFS] ra=0 si=0 cx=49 ac=0
65974317	ID:11	[LIST] Neighbors: 6,15,12
65977954	ID:11	[LIST] Quarantine: (none)
65981451	ID:11	[LIST] Blacklist: (none)
65987905	ID:11	FUZZRID,DET,12,2050,2050,0,0,0,0,0,0,0,0,0,0
66000825	ID:15	[HFS] ra=0 si=0 cx=49 ac=0
66006479	ID:15	[LIST] Neighbors: 9,14,29,24,12,11,6,30
66009608	ID:6	[HFS] ra=0 si=0 cx=49 ac=0
66010116	ID:15	[LIST] Quarantine: (none)
66013612	ID:15	[LIST] Blacklist: (none)
66014551	ID:6	[LIST] Neighbors: 14,30,9,15,12,11
66018189	ID:6	[LIST] Quarantine: (none)
66020067	ID:15	FUZZRID,DET,12,2050,2050,0,0,0,0,0,0,0,0,0,0
66021686	ID:6	[LIST] Blacklist: (none)
66028141	ID:6	FUZZRID,DET,12,2050,2050,0,0,0,0,0,0,0,0,0,0
66167362	ID:29	[ATK-DBG] t=65s warm-up true_rank=1859 (not attacking yet)
66241409	ID:9	[HFS] ra=0 si=0 cx=49 ac=0
66246785	ID:9	[LIST] Neighbors: 14,24,6,12,29,15,22
66250422	ID:9	[LIST] Quarantine: (none)
66253209	ID:18	[HFS] ra=0 si=0 cx=49 ac=0
66253879	ID:15	[HFS] ra=0 si=0 cx=49 ac=0
66253919	ID:9	[LIST] Blacklist: (none)
66257446	ID:18	[LIST] Neighbors: 26,22,29,16
66259515	ID:15	[LIST] Neighbors: 9,14,29,24,12,11,6,30
66260399	ID:9	FUZZRID,DET,29,1859,1859,0,0,0,0,0,0,4,0,0,0
66261083	ID:18	[LIST] Quarantine: (none)
66263152	ID:15	[LIST] Quarantine: (none)
66264595	ID:18	[LIST] Blacklist: (none)
66266649	ID:15	[LIST] Blacklist: (none)
66271051	ID:18	FUZZRID,DET,29,1859,1859,0,0,0,0,0,0,3,0,0,0
66273104	ID:15	FUZZRID,DET,29,1859,1859,0,0,0,0,0,0,4,0,0,0
66304776	ID:22	[HFS] ra=0 si=0 cx=49 ac=0
66310146	ID:22	[LIST] Neighbors: 24,16,9,29,31,26,18
66313782	ID:22	[LIST] Quarantine: (none)
66317279	ID:22	[LIST] Blacklist: (none)
66323752	ID:22	FUZZRID,DET,29,1859,1859,0,0,0,0,0,0,6,0,0,0
70498442	ID:12	[HFS] ra=0 si=0 cx=49 ac=0
70502798	ID:12	[LIST] Neighbors: 9,29,15,11,6
70503380	ID:15	[HFS] ra=0 si=0 cx=49 ac=0
70506436	ID:12	[LIST] Quarantine: (none)
70509017	ID:15	[LIST] Neighbors: 9,14,29,24,12,11,6,30
70509932	ID:12	[LIST] Blacklist: (none)
70512210	ID:6	[HFS] ra=0 si=0 cx=49 ac=0
70512654	ID:15	[LIST] Quarantine: (none)
70516151	ID:15	[LIST] Blacklist: (none)
70516390	ID:12	FUZZRID,DET,11,2038,2038,0,0,0,0,0,0,2,0,0,0
70517153	ID:6	[LIST] Neighbors: 14,30,9,15,12,11
70520791	ID:6	[LIST] Quarantine: (none)
70522636	ID:15	FUZZRID,DET,11,2038,2038,0,0,0,0,0,0,4,0,0,0
70524288	ID:6	[LIST] Blacklist: (none)
70530743	ID:6	FUZZRID,DET,11,2038,2038,0,0,0,0,0,0,2,0,0,0
72026731	ID:29	[ATK-DBG] t=71s warm-up true_rank=1603 (not attacking yet)
72053108	ID:22	[HFS] ra=0 si=0 cx=49 ac=0
72058478	ID:22	[LIST] Neighbors: 24,16,9,29,31,26,18
72062114	ID:22	[LIST] Quarantine: (none)
72065611	ID:22	[LIST] Blacklist: (none)
72072201	ID:22	FUZZRID,DET,29,1603,1603,0,0,0,0,0,0,12,0,0,0
72113355	ID:9	[HFS] ra=0 si=0 cx=49 ac=0
72118758	ID:9	[LIST] Neighbors: 14,24,6,12,29,15,22
72121063	ID:12	[HFS] ra=0 si=0 cx=49 ac=0
72122394	ID:9	[LIST] Quarantine: (none)
72125420	ID:12	[LIST] Neighbors: 9,29,15,11,6
72125908	ID:9	[LIST] Blacklist: (none)
72129057	ID:12	[LIST] Quarantine: (none)
72129972	ID:15	[HFS] ra=0 si=0 cx=49 ac=0
72132498	ID:9	FUZZRID,DET,29,1603,1603,0,0,0,0,0,0,10,0,0,0
72132554	ID:12	[LIST] Blacklist: (none)
72135608	ID:15	[LIST] Neighbors: 9,14,29,24,12,11,6,30
72139157	ID:12	FUZZRID,DET,29,1603,1603,0,0,0,0,0,0,10,0,0,0
72139264	ID:15	[LIST] Quarantine: (none)
72142760	ID:15	[LIST] Blacklist: (none)
72149211	ID:15	FUZZRID,DET,29,1603,1603,0,0,0,0,0,0,8,0,0,0
73268457	ID:1	[HFS] ra=0 si=0 cx=49 ac=0
73273520	ID:1	[LIST] Neighbors: 2,21,28,4,19,27,3
73277156	ID:1	[LIST] Quarantine: (none)
73280653	ID:1	[LIST] Blacklist: (none)
73286609	ID:1	FUZZRID,DET,2,512,512,0,0,0,0,0,0,4,0,0,0
73290012	ID:13	[HFS] ra=0 si=0 cx=49 ac=0
73290101	ID:10	[HFS] ra=0 si=0 cx=49 ac=0
73294795	ID:13	[LIST] Neighbors: 2,28,19,10,7,25
73295311	ID:10	[LIST] Neighbors: 2,28,13,7,25,20,23
73298432	ID:13	[LIST] Quarantine: (none)
73298952	ID:10	[LIST] Quarantine: (none)
73301963	ID:13	[LIST] Blacklist: (none)
73302449	ID:10	[LIST] Blacklist: (none)
73307918	ID:13	FUZZRID,DET,2,512,512,0,0,0,0,0,0,6,0,0,0
73308405	ID:10	FUZZRID,DET,2,512,512,0,0,0,0,0,0,7,0,0,0
73337124	ID:3	[HFS] ra=0 si=0 cx=49 ac=0
73342054	ID:3	[LIST] Neighbors: 2,23,17,31,27,21
73345708	ID:3	[LIST] Quarantine: (none)
73349205	ID:3	[LIST] Blacklist: (none)
73355161	ID:3	FUZZRID,DET,2,512,512,0,0,0,0,0,0,6,0,0,0
73371501	ID:19	[HFS] ra=0 si=0 cx=49 ac=0
73376284	ID:19	[LIST] Neighbors: 2,28,27,4,13,10
73379922	ID:19	[LIST] Quarantine: (none)
73383419	ID:19	[LIST] Blacklist: (none)
73389375	ID:19	FUZZRID,DET,2,512,512,0,0,0,0,0,0,4,0,0,0
73527722	ID:1	[HFS] ra=0 si=0 cx=49 ac=0
73532785	ID:1	[LIST] Neighbors: 2,21,28,4,19,27,3
73536449	ID:1	[LIST] Quarantine: (none)
73539946	ID:1	[LIST] Blacklist: (none)
73545900	ID:1	FUZZRID,DET,4,512,512,0,0,0,0,0,0,0,0,0,0
73622358	ID:19	[HFS] ra=0 si=0 cx=49 ac=0
73627141	ID:19	[LIST] Neighbors: 2,28,27,4,13,10
73630778	ID:19	[LIST] Quarantine: (none)
73634275	ID:19	[LIST] Blacklist: (none)
73640263	ID:19	FUZZRID,DET,4,512,512,0,0,0,0,0,0,0,0,0,0
73642589	ID:21	[HFS] ra=0 si=0 cx=49 ac=0
73646525	ID:21	[LIST] Neighbors: 4,27,3,17
73650162	ID:21	[LIST] Quarantine: (none)
73653659	ID:21	[LIST] Blacklist: (none)
73659614	ID:21	FUZZRID,DET,4,512,512,0,0,0,0,0,0,0,0,0,0
75841816	ID:14	[HFS] ra=0 si=0 cx=49 ac=0
75847040	ID:14	[LIST] Neighbors: 20,25,30,24,9,6,15
75850676	ID:14	[LIST] Quarantine: (none)
75854173	ID:14	[LIST] Blacklist: (none)
75860266	ID:14	FUZZRID,DET,20,833,833,0,0,0,0,0,0,1,0,0,0
76064112	ID:16	[HFS] ra=0 si=0 cx=49 ac=0
76068349	ID:16	[LIST] Neighbors: 31,26,22,18
76071986	ID:16	[LIST] Quarantine: (none)
76075483	ID:16	[LIST] Blacklist: (none)
76081960	ID:16	FUZZRID,DET,22,1066,1066,0,0,0,0,0,0,8,0,0,0
76128027	ID:18	[HFS] ra=0 si=0 cx=49 ac=0
76132264	ID:18	[LIST] Neighbors: 26,22,29,16
76135900	ID:18	[LIST] Quarantine: (none)
76136150	ID:6	[HFS] ra=0 si=0 cx=49 ac=0
76139397	ID:18	[LIST] Blacklist: (none)
76141093	ID:6	[LIST] Neighbors: 14,30,9,15,12,11
76144731	ID:6	[LIST] Quarantine: (none)
76145870	ID:18	FUZZRID,DET,22,1066,1066,0,0,0,0,0,0,8,0,0,0
76148228	ID:6	[LIST] Blacklist: (none)
76154684	ID:6	FUZZRID,DET,14,1544,1544,0,0,0,0,0,0,3,0,0,0
76863872	ID:27	[ATK-DBG] t=75s warm-up true_rank=512 (not attacking yet)
76885913	ID:1	[HFS] ra=0 si=0 cx=49 ac=0
76890976	ID:1	[LIST] Neighbors: 2,21,28,4,19,27,3
76893996	ID:21	[HFS] ra=0 si=0 cx=49 ac=0
76894613	ID:1	[LIST] Quarantine: (none)
76897931	ID:21	[LIST] Neighbors: 4,27,3,17
76898110	ID:1	[LIST] Blacklist: (none)
76901568	ID:21	[LIST] Quarantine: (none)
76902554	ID:4	[HFS] ra=0 si=0 cx=49 ac=0
76904235	ID:1	FUZZRID,DET,27,512,512,0,0,0,0,0,0,0,0,0,0
76905065	ID:21	[LIST] Blacklist: (none)
76906364	ID:4	[LIST] Neighbors: 21,19,27
76910000	ID:4	[LIST] Quarantine: (none)
76911158	ID:21	FUZZRID,DET,27,512,512,0,0,0,0,0,0,0,0,0,0
76913497	ID:4	[LIST] Blacklist: (none)
76915990	ID:2	[HFS] ra=0 si=0 cx=49 ac=0
76919590	ID:4	FUZZRID,DET,27,512,512,0,0,0,0,0,0,0,0,0,0
76921793	ID:2	[LIST] Neighbors: 28,19,27,13,10,3,20,23
76925430	ID:2	[LIST] Quarantine: (none)
76928927	ID:2	[LIST] Blacklist: (none)
76932143	ID:17	[HFS] ra=0 si=0 cx=49 ac=0
76935020	ID:2	FUZZRID,DET,27,512,512,0,0,0,0,0,0,0,0,0,0
76936233	ID:17	[LIST] Neighbors: 21,27,3,31
76939870	ID:17	[LIST] Quarantine: (none)
76943367	ID:17	[LIST] Blacklist: (none)
76949461	ID:17	FUZZRID,DET,27,512,512,0,0,0,0,0,0,0,0,0,0
76963035	ID:3	[HFS] ra=0 si=0 cx=49 ac=0
76967965	ID:3	[LIST] Neighbors: 2,23,17,31,27,21
76971602	ID:3	[LIST] Quarantine: (none)
76975099	ID:3	[LIST] Blacklist: (none)
76981193	ID:3	FUZZRID,DET,27,512,512,0,0,0,0,0,0,0,0,0,0
76997020	ID:19	[HFS] ra=0 si=0 cx=49 ac=0
77001803	ID:19	[LIST] Neighbors: 2,28,27,4,13,10
77005440	ID:19	[LIST] Quarantine: (none)
77008937	ID:19	[LIST] Blacklist: (none)
77015064	ID:19	FUZZRID,DET,27,512,512,0,0,0,0,0,0,0,0,0,0
77377225	ID:25	[ATK-DBG] t=76s warm-up true_rank=1280 (not attacking yet)
77416154	ID:10	[HFS] ra=0 si=0 cx=49 ac=0
77416620	ID:13	[HFS] ra=0 si=0 cx=49 ac=0
77421363	ID:10	[LIST] Neighbors: 2,28,13,7,25,20,23
77421415	ID:13	[LIST] Neighbors: 2,28,19,10,7,25
77424999	ID:10	[LIST] Quarantine: (none)
77425052	ID:13	[LIST] Quarantine: (none)
77428496	ID:10	[LIST] Blacklist: (none)
77428550	ID:13	[LIST] Blacklist: (none)
77434948	ID:10	FUZZRID,DET,25,1280,1280,0,0,0,0,0,0,1,0,0,0
77435000	ID:13	FUZZRID,DET,25,1280,1280,0,0,0,0,0,0,0,0,0,0
77441199	ID:8	[HFS] ra=0 si=0 cx=49 ac=0
77445130	ID:8	[LIST] Neighbors: 7,25,5,30
77448767	ID:8	[LIST] Quarantine: (none)
77452264	ID:8	[LIST] Blacklist: (none)
77458715	ID:8	FUZZRID,DET,25,1280,1280,0,0,0,0,0,0,0,0,0,0
77509635	ID:5	[HFS] ra=0 si=0 cx=49 ac=0
77513173	ID:5	[LIST] Neighbors: 7,8,25
77516809	ID:5	[LIST] Quarantine: (none)
77520306	ID:5	[LIST] Blacklist: (none)
77523024	ID:20	[HFS] ra=0 si=0 cx=49 ac=0
77526757	ID:5	FUZZRID,DET,25,1280,1280,0,0,0,0,0,0,0,0,0,0
77527953	ID:20	[LIST] Neighbors: 2,10,25,14,28,23
77531591	ID:20	[LIST] Quarantine: (none)
77535088	ID:20	[LIST] Blacklist: (none)
77541539	ID:20	FUZZRID,DET,25,1280,1280,0,0,0,0,0,0,0,0,0,0
78568138	ID:8	[HFS] ra=0 si=0 cx=49 ac=0
78572069	ID:8	[LIST] Neighbors: 7,25,5,30
78575706	ID:8	[LIST] Quarantine: (none)
78579203	ID:8	[LIST] Blacklist: (none)
78585541	ID:8	FUZZRID,DET,5,1024,1024,0,0,0,0,0,0,0,0,0,0
78607127	ID:7	[HFS] ra=0 si=0 cx=49 ac=0
78611923	ID:7	[LIST] Neighbors: 28,13,10,25,5,8
78615561	ID:7	[LIST] Quarantine: (none)
78619087	ID:7	[LIST] Blacklist: (none)
78625402	ID:7	FUZZRID,DET,5,1024,1024,0,0,0,0,0,0,0,0,0,0
79535221	ID:1	[HFS] ra=0 si=0 cx=49 ac=0
79535514	ID:24	[ATK-DBG] t=79s warm-up true_rank=1117 (not attacking yet)
79540284	ID:1	[LIST] Neighbors: 2,21,28,4,19,27,3
79542349	ID:10	[HFS] ra=0 si=0 cx=49 ac=0
79543745	ID:2	[HFS] ra=0 si=0 cx=49 ac=0
79543920	ID:1	[LIST] Quarantine: (none)
79547417	ID:1	[LIST] Blacklist: (none)
79547985	ID:10	[LIST] Neighbors: 2,28,13,7,25,20,23,19
79549540	ID:2	[LIST] Neighbors: 28,19,27,13,10,3,20,23
79551622	ID:10	[LIST] Quarantine: (none)
79553177	ID:2	[LIST] Quarantine: (none)
79553546	ID:1	FUZZRID,DET,19,512,512,0,0,0,0,0,0,0,0,0,0
79555118	ID:10	[LIST] Blacklist: (none)
79556674	ID:2	[LIST] Blacklist: (none)
79561212	ID:10	FUZZRID,DET,19,512,512,0,0,0,0,0,0,0,0,0,0
79562801	ID:2	FUZZRID,DET,19,512,512,0,0,0,0,0,0,0,0,0,0
79591541	ID:14	[HFS] ra=0 si=0 cx=49 ac=0
79596764	ID:14	[LIST] Neighbors: 20,25,30,24,9,6,15
79600401	ID:14	[LIST] Quarantine: (none)
79603898	ID:14	[LIST] Blacklist: (none)
79610355	ID:14	FUZZRID,DET,24,1117,1117,0,0,0,0,0,0,0,0,0,0
79616868	ID:9	[HFS] ra=0 si=0 cx=49 ac=0
79622237	ID:9	[LIST] Neighbors: 14,24,6,12,29,15,22
79625907	ID:9	[LIST] Quarantine: (none)
79629404	ID:9	[LIST] Blacklist: (none)
79630332	ID:15	[HFS] ra=0 si=0 cx=49 ac=0
79635861	ID:9	FUZZRID,DET,24,1117,1117,0,0,0,0,0,0,0,0,0,0
79635968	ID:15	[LIST] Neighbors: 9,14,29,24,12,11,6,30
79639605	ID:15	[LIST] Quarantine: (none)
79643101	ID:15	[LIST] Blacklist: (none)
79649558	ID:15	FUZZRID,DET,24,1117,1117,0,0,0,0,0,0,1,0,0,0
79654083	ID:4	[HFS] ra=0 si=0 cx=49 ac=0
79657893	ID:4	[LIST] Neighbors: 21,19,27
79661529	ID:4	[LIST] Quarantine: (none)
79665026	ID:4	[LIST] Blacklist: (none)
79671119	ID:4	FUZZRID,DET,19,512,512,0,0,0,0,0,0,0,0,0,0
79676594	ID:22	[HFS] ra=0 si=0 cx=49 ac=0
79681982	ID:22	[LIST] Neighbors: 24,16,9,29,31,26,18
79685619	ID:22	[LIST] Quarantine: (none)
79689116	ID:22	[LIST] Blacklist: (none)
79695599	ID:22	FUZZRID,DET,24,1117,1117,0,0,0,0,0,0,2,0,0,0
79972936	ID:30	[ATK-DBG] t=79s warm-up true_rank=1536 (not attacking yet)
80004697	ID:15	[HFS] ra=0 si=0 cx=49 ac=0
80010333	ID:15	[LIST] Neighbors: 9,14,29,24,12,11,6,30
80011770	ID:6	[HFS] ra=0 si=0 cx=49 ac=0
80013984	ID:15	[LIST] Quarantine: (none)
80016714	ID:6	[LIST] Neighbors: 14,30,9,15,12,11
80017481	ID:15	[LIST] Blacklist: (none)
80020352	ID:6	[LIST] Quarantine: (none)
80023849	ID:6	[LIST] Blacklist: (none)
80023937	ID:15	FUZZRID,DET,30,1536,1536,0,0,0,0,0,0,0,0,0,0
80030344	ID:6	FUZZRID,DET,30,1536,1536,0,0,0,0,0,0,1,0,0,0
80067382	ID:8	[HFS] ra=0 si=0 cx=49 ac=0
80071324	ID:8	[LIST] Neighbors: 7,25,5,30
80074961	ID:8	[LIST] Quarantine: (none)
80078458	ID:8	[LIST] Blacklist: (none)
80084915	ID:8	FUZZRID,DET,30,1536,1536,0,0,0,0,0,0,0,0,0,0
80094029	ID:14	[HFS] ra=0 si=0 cx=49 ac=0
80099252	ID:14	[LIST] Neighbors: 20,25,30,24,9,6,15
80102889	ID:14	[LIST] Quarantine: (none)
80106386	ID:14	[LIST] Blacklist: (none)
80112842	ID:14	FUZZRID,DET,30,1536,1536,0,0,0,0,0,0,0,0,0,0
80857003	ID:7	[HFS] ra=0 si=0 cx=49 ac=0
80861800	ID:7	[LIST] Neighbors: 28,13,10,25,5,8
80865437	ID:7	[LIST] Quarantine: (none)
80868947	ID:7	[LIST] Blacklist: (none)
80875261	ID:7	FUZZRID,DET,8,1049,1049,0,0,0,0,0,0,4,0,0,0
80885910	ID:5	[HFS] ra=0 si=0 cx=49 ac=0
80889413	ID:5	[LIST] Neighbors: 7,8,25
80893050	ID:5	[LIST] Quarantine: (none)
80896547	ID:5	[LIST] Blacklist: (none)
80902861	ID:5	FUZZRID,DET,8,1049,1049,0,0,0,0,0,0,3,0,0,0
81204519	ID:23	[ATK-DBG] t=80s warm-up true_rank=836 (not attacking yet)
81291278	ID:10	[HFS] ra=0 si=0 cx=49 ac=0
81296914	ID:10	[LIST] Neighbors: 2,28,13,7,25,20,23,19
81300551	ID:10	[LIST] Quarantine: (none)
81304047	ID:10	[LIST] Blacklist: (none)
81310174	ID:10	FUZZRID,DET,23,836,836,0,0,0,0,0,0,0,0,0,0
81332982	ID:3	[HFS] ra=0 si=0 cx=49 ac=0
81337912	ID:3	[LIST] Neighbors: 2,23,17,31,27,21
81341550	ID:3	[LIST] Quarantine: (none)
81345046	ID:3	[LIST] Blacklist: (none)
81351140	ID:3	FUZZRID,DET,23,836,836,0,0,0,0,0,0,3,0,0,0
81701638	ID:1	[HFS] ra=0 si=0 cx=49 ac=0
81706701	ID:1	[LIST] Neighbors: 2,21,28,4,19,27,3
81710338	ID:1	[LIST] Quarantine: (none)
81713835	ID:1	[LIST] Blacklist: (none)
81719788	ID:1	FUZZRID,DET,3,855,855,0,0,0,0,0,0,0,0,0,0
81769438	ID:21	[HFS] ra=0 si=0 cx=49 ac=0
81773368	ID:21	[LIST] Neighbors: 4,27,3,17
81777005	ID:21	[LIST] Quarantine: (none)
81780502	ID:21	[LIST] Blacklist: (none)
81786456	ID:21	FUZZRID,DET,3,855,855,0,0,0,0,0,0,0,0,0,0
81791419	ID:2	[HFS] ra=0 si=0 cx=49 ac=0
81797233	ID:2	[LIST] Neighbors: 28,19,27,13,10,3,20,23
81800870	ID:2	[LIST] Quarantine: (none)
81804366	ID:2	[LIST] Blacklist: (none)
81807585	ID:17	[HFS] ra=0 si=0 cx=49 ac=0
81810320	ID:2	FUZZRID,DET,3,855,855,0,0,0,0,0,0,0,0,0,0
81811676	ID:17	[LIST] Neighbors: 21,27,3,31
81815313	ID:17	[LIST] Quarantine: (none)
81818843	ID:17	[LIST] Blacklist: (none)
81824796	ID:17	FUZZRID,DET,3,855,855,0,0,0,0,0,0,0,0,0,0
83416499	ID:31	[ATK-DBG] t=82s warm-up true_rank=884 (not attacking yet)
83554512	ID:22	[HFS] ra=0 si=0 cx=49 ac=0
83558013	ID:17	[HFS] ra=0 si=0 cx=49 ac=0
83559882	ID:22	[LIST] Neighbors: 24,16,9,29,31,26,18
83562104	ID:17	[LIST] Neighbors: 21,27,3,31
83563519	ID:22	[LIST] Quarantine: (none)
83565741	ID:17	[LIST] Quarantine: (none)
83567016	ID:22	[LIST] Blacklist: (none)
83569262	ID:17	[LIST] Blacklist: (none)
83573142	ID:22	FUZZRID,DET,31,884,884,0,0,0,0,0,0,1,0,0,0
83575355	ID:17	FUZZRID,DET,31,884,884,0,0,0,0,0,0,2,0,0,0
83608242	ID:7	[HFS] ra=0 si=0 cx=49 ac=0
83613039	ID:7	[LIST] Neighbors: 28,13,10,25,5,8
83616709	ID:7	[LIST] Quarantine: (none)
83620206	ID:7	[LIST] Blacklist: (none)
83626299	ID:7	FUZZRID,DET,10,855,855,0,0,0,0,0,0,5,0,0,0
83646553	ID:20	[HFS] ra=0 si=0 cx=49 ac=0
83651482	ID:20	[LIST] Neighbors: 2,10,25,14,28,23
83655127	ID:20	[LIST] Quarantine: (none)
83658624	ID:20	[LIST] Blacklist: (none)
83664717	ID:20	FUZZRID,DET,10,855,855,0,0,0,0,0,0,5,0,0,0
84233915	ID:28	[ATK-DBG] t=83s warm-up true_rank=512 (not attacking yet)
84255337	ID:1	[HFS] ra=0 si=0 cx=49 ac=0
84260400	ID:1	[LIST] Neighbors: 2,21,28,4,19,27,3
84264037	ID:1	[LIST] Quarantine: (none)
84267534	ID:1	[LIST] Blacklist: (none)
84273522	ID:20	[HFS] ra=0 si=0 cx=49 ac=0
84273627	ID:1	FUZZRID,DET,28,512,512,0,0,0,0,0,0,0,0,0,0
84278451	ID:20	[LIST] Neighbors: 2,10,25,14,28,23
84282088	ID:20	[LIST] Quarantine: (none)
84285585	ID:20	[LIST] Blacklist: (none)
84289721	ID:13	[HFS] ra=0 si=0 cx=49 ac=0
84289961	ID:10	[HFS] ra=0 si=0 cx=49 ac=0
84291679	ID:20	FUZZRID,DET,28,512,512,0,0,0,0,0,0,0,0,0,0
84294235	ID:2	[HFS] ra=0 si=0 cx=49 ac=0
84294517	ID:13	[LIST] Neighbors: 2,28,19,10,7,25
84295597	ID:10	[LIST] Neighbors: 2,28,13,7,25,20,23,19
84298155	ID:13	[LIST] Quarantine: (none)
84299234	ID:10	[LIST] Quarantine: (none)
84300030	ID:2	[LIST] Neighbors: 28,19,27,13,10,3,20,23
84301683	ID:13	[LIST] Blacklist: (none)
84302730	ID:10	[LIST] Blacklist: (none)
84303667	ID:2	[LIST] Quarantine: (none)
84307164	ID:2	[LIST] Blacklist: (none)
84307777	ID:13	FUZZRID,DET,28,512,512,0,0,0,0,0,0,0,0,0,0
84308824	ID:10	FUZZRID,DET,28,512,512,0,0,0,0,0,0,1,0,0,0
84313257	ID:2	FUZZRID,DET,28,512,512,0,0,0,0,0,0,0,0,0,0
84357893	ID:7	[HFS] ra=0 si=0 cx=49 ac=0
84362714	ID:7	[LIST] Neighbors: 28,13,10,25,5,8
84366351	ID:7	[LIST] Quarantine: (none)
84369848	ID:7	[LIST] Blacklist: (none)
84371067	ID:19	[HFS] ra=0 si=0 cx=49 ac=0
84375865	ID:19	[LIST] Neighbors: 2,28,27,4,13,10
84375943	ID:7	FUZZRID,DET,28,512,512,0,0,0,0,0,0,1,0,0,0
84379502	ID:19	[LIST] Quarantine: (none)
84382999	ID:19	[LIST] Blacklist: (none)
84389092	ID:19	FUZZRID,DET,28,512,512,0,0,0,0,0,0,0,0,0,0
84497106	ID:1	[HFS] ra=0 si=0 cx=49 ac=0
84502168	ID:1	[LIST] Neighbors: 2,21,28,4,19,27,3
84505805	ID:1	[LIST] Quarantine: (none)
84509302	ID:1	[LIST] Blacklist: (none)
84515396	ID:1	FUZZRID,DET,21,512,512,0,0,0,0,0,0,0,0,0,0
84526417	ID:4	[HFS] ra=0 si=0 cx=49 ac=0
84530227	ID:4	[LIST] Neighbors: 21,19,27
84533863	ID:4	[LIST] Quarantine: (none)
84537360	ID:4	[LIST] Blacklist: (none)
84543454	ID:4	FUZZRID,DET,21,512,512,0,0,0,0,0,0,0,0,0,0
84556263	ID:17	[HFS] ra=0 si=0 cx=49 ac=0
84560387	ID:17	[LIST] Neighbors: 21,27,3,31
84564024	ID:17	[LIST] Quarantine: (none)
84567521	ID:17	[LIST] Blacklist: (none)
84573615	ID:17	FUZZRID,DET,21,512,512,0,0,0,0,0,0,1,0,0,0
84587567	ID:3	[HFS] ra=0 si=0 cx=49 ac=0
84592497	ID:3	[LIST] Neighbors: 2,23,17,31,27,21
84596134	ID:3	[LIST] Quarantine: (none)
84599631	ID:3	[LIST] Blacklist: (none)
84605763	ID:3	FUZZRID,DET,21,512,512,0,0,0,0,0,0,0,0,0,0
85237668	ID:29	[ATK-DBG] t=84s warm-up true_rank=1603 (not attacking yet)
85302523	ID:22	[HFS] ra=0 si=0 cx=49 ac=0
85307893	ID:22	[LIST] Neighbors: 24,16,9,29,31,26,18
85311529	ID:22	[LIST] Quarantine: (none)
85315026	ID:22	[LIST] Blacklist: (none)
85321617	ID:22	FUZZRID,DET,29,1603,1603,0,0,0,0,0,0,14,0,0,0
85366962	ID:9	[HFS] ra=0 si=0 cx=49 ac=0
85370158	ID:12	[HFS] ra=0 si=0 cx=49 ac=0
85372345	ID:9	[LIST] Neighbors: 14,24,6,12,29,15,22
85374548	ID:12	[LIST] Neighbors: 9,29,15,11,6
85375981	ID:9	[LIST] Quarantine: (none)
85378185	ID:12	[LIST] Quarantine: (none)
85378938	ID:18	[HFS] ra=0 si=0 cx=49 ac=0
85379333	ID:15	[HFS] ra=0 si=0 cx=49 ac=0
85379478	ID:9	[LIST] Blacklist: (none)
85381682	ID:12	[LIST] Blacklist: (none)
85383174	ID:18	[LIST] Neighbors: 26,22,29,16
85384989	ID:15	[LIST] Neighbors: 9,14,29,24,12,11,6,30
85386097	ID:9	FUZZRID,DET,29,1603,1603,0,0,0,0,0,0,13,0,0,0
85386811	ID:18	[LIST] Quarantine: (none)
85388272	ID:12	FUZZRID,DET,29,1603,1603,0,0,0,0,0,0,13,0,0,0
85388626	ID:15	[LIST] Quarantine: (none)
85390308	ID:18	[LIST] Blacklist: (none)
85392122	ID:15	[LIST] Blacklist: (none)
85396760	ID:18	FUZZRID,DET,29,1603,1603,0,0,0,0,0,0,7,0,0,0
85398613	ID:15	FUZZRID,DET,29,1603,1603,0,0,0,0,0,0,9,0,0,0
87539824	ID:26	[ATK-DBG] t=86s warm-up true_rank=1343 (not attacking yet)
87565170	ID:16	[HFS] ra=0 si=0 cx=49 ac=0
87569407	ID:16	[LIST] Neighbors: 31,26,22,18
87573044	ID:16	[LIST] Quarantine: (none)
87576541	ID:16	[LIST] Blacklist: (none)
87582995	ID:16	FUZZRID,DET,26,1343,1343,0,0,0,0,0,0,2,0,0,0
87625112	ID:18	[HFS] ra=0 si=0 cx=49 ac=0
87629382	ID:18	[LIST] Neighbors: 26,22,29,16
87633019	ID:18	[LIST] Quarantine: (none)
87636519	ID:18	[LIST] Blacklist: (none)
87642973	ID:18	FUZZRID,DET,26,1343,1343,0,0,0,0,0,0,4,0,0,0
87678103	ID:22	[HFS] ra=0 si=0 cx=49 ac=0
87683473	ID:22	[LIST] Neighbors: 24,16,9,29,31,26,18
87687109	ID:22	[LIST] Quarantine: (none)
87690606	ID:22	[LIST] Blacklist: (none)
87697062	ID:22	FUZZRID,DET,26,1343,1343,0,0,0,0,0,0,2,0,0,0
87710635	ID:3	[HFS] ra=0 si=0 cx=49 ac=0
87715588	ID:3	[LIST] Neighbors: 2,23,17,31,27,21
87719225	ID:3	[LIST] Quarantine: (none)
87722722	ID:3	[LIST] Blacklist: (none)
87728816	ID:3	FUZZRID,DET,17,768,768,0,0,0,0,0,0,5,0,0,0
87770363	ID:21	[HFS] ra=0 si=0 cx=49 ac=0
87774294	ID:21	[LIST] Neighbors: 4,27,3,17
87777930	ID:21	[LIST] Quarantine: (none)
87781429	ID:21	[LIST] Blacklist: (none)
87787522	ID:21	FUZZRID,DET,17,768,768,0,0,0,0,0,0,0,0,0,0
88151877	ID:4	[HFS] ra=0 si=0 cx=49 ac=0
88155687	ID:4	[LIST] Neighbors: 21,19,27
88159324	ID:4	[LIST] Quarantine: (none)
88162821	ID:4	[LIST] Blacklist: (none)
88168914	ID:4	FUZZRID,DET,21,512,512,0,0,0,0,0,0,0,0,0,0
88261490	ID:5	[HFS] ra=0 si=0 cx=49 ac=0
88264994	ID:5	[LIST] Neighbors: 7,8,25
88268630	ID:5	[LIST] Quarantine: (none)
88272127	ID:5	[LIST] Blacklist: (none)
88278083	ID:5	FUZZRID,DET,7,768,768,0,0,0,0,0,0,6,0,0,0
88288054	ID:10	[HFS] ra=0 si=0 cx=49 ac=0
88292418	ID:13	[HFS] ra=0 si=0 cx=49 ac=0
88293703	ID:10	[LIST] Neighbors: 2,28,13,7,25,20,23,19
88297201	ID:13	[LIST] Neighbors: 2,28,19,10,7,25
88297340	ID:10	[LIST] Quarantine: (none)
88300837	ID:10	[LIST] Blacklist: (none)
88300844	ID:13	[LIST] Quarantine: (none)
88304340	ID:13	[LIST] Blacklist: (none)
88306792	ID:10	FUZZRID,DET,7,768,768,0,0,0,0,0,0,6,0,0,0
88310296	ID:13	FUZZRID,DET,7,768,768,0,0,0,0,0,0,4,0,0,0
88317154	ID:8	[HFS] ra=0 si=0 cx=49 ac=0
88321085	ID:8	[LIST] Neighbors: 7,25,5,30
88324722	ID:8	[LIST] Quarantine: (none)
88328219	ID:8	[LIST] Blacklist: (none)
88334174	ID:8	FUZZRID,DET,7,768,768,0,0,0,0,0,0,6,0,0,0
89465298	ID:14	[HFS] ra=0 si=0 cx=49 ac=0
89470522	ID:14	[LIST] Neighbors: 20,25,30,24,9,6,15
89474158	ID:14	[LIST] Quarantine: (none)
89477682	ID:14	[LIST] Blacklist: (none)
89484000	ID:14	FUZZRID,DET,9,1512,1512,0,0,0,0,0,0,0,0,0,0
89498247	ID:12	[HFS] ra=0 si=0 cx=49 ac=0
89502604	ID:12	[LIST] Neighbors: 9,29,15,11,6
89502852	ID:15	[HFS] ra=0 si=0 cx=49 ac=0
89506241	ID:12	[LIST] Quarantine: (none)
89508489	ID:15	[LIST] Neighbors: 9,14,29,24,12,11,6,30
89509738	ID:12	[LIST] Blacklist: (none)
89511710	ID:6	[HFS] ra=0 si=0 cx=49 ac=0
89512126	ID:15	[LIST] Quarantine: (none)
89515623	ID:15	[LIST] Blacklist: (none)
89516056	ID:12	FUZZRID,DET,9,1512,1512,0,0,0,0,0,0,1,0,0,0
89516653	ID:6	[LIST] Neighbors: 14,30,9,15,12,11
89520291	ID:6	[LIST] Quarantine: (none)
89521942	ID:15	FUZZRID,DET,9,1512,1512,0,0,0,0,0,0,2,0,0,0
89523788	ID:6	[LIST] Blacklist: (none)
89530106	ID:6	FUZZRID,DET,9,1512,1512,0,0,0,0,0,0,1,0,0,0
90596603	ID:23	[ATK-DBG] t=90s warm-up true_rank=880 (not attacking yet)
90664675	ID:10	[HFS] ra=0 si=0 cx=49 ac=0
90670311	ID:10	[LIST] Neighbors: 2,28,13,7,25,20,23,19
90673951	ID:10	[LIST] Quarantine: (none)
90677447	ID:10	[LIST] Blacklist: (none)
90683539	ID:10	FUZZRID,DET,20,814,814,0,0,0,0,0,0,0,0,0,0
90745980	ID:19	[HFS] ra=0 si=0 cx=49 ac=0
90750764	ID:19	[LIST] Neighbors: 2,28,27,4,13,10
90754401	ID:19	[LIST] Quarantine: (none)
90757898	ID:19	[LIST] Blacklist: (none)
90763991	ID:19	FUZZRID,DET,10,855,855,0,0,0,0,0,0,0,0,0,0
90898321	ID:20	[HFS] ra=0 si=0 cx=49 ac=0
90903250	ID:20	[LIST] Neighbors: 2,10,25,14,28,23
90906887	ID:20	[LIST] Quarantine: (none)
90910384	ID:20	[LIST] Blacklist: (none)
90916481	ID:20	FUZZRID,DET,23,880,880,0,0,0,0,0,0,1,0,0,0
91789978	ID:13	[HFS] ra=0 si=0 cx=49 ac=0
91794761	ID:13	[LIST] Neighbors: 2,28,19,10,7,25
91798398	ID:13	[LIST] Quarantine: (none)
91801895	ID:13	[LIST] Blacklist: (none)
91807850	ID:13	FUZZRID,DET,7,768,768,0,0,0,0,0,0,4,0,0,0
94842492	ID:14	[HFS] ra=0 si=0 cx=49 ac=0
94845228	ID:11	[HFS] ra=0 si=0 cx=49 ac=0
94847715	ID:14	[LIST] Neighbors: 20,25,30,24,9,6,15
94848889	ID:11	[LIST] Neighbors: 6,15,12
94851351	ID:14	[LIST] Quarantine: (none)
94852525	ID:11	[LIST] Quarantine: (none)
94854848	ID:14	[LIST] Blacklist: (none)
94856022	ID:11	[LIST] Blacklist: (none)
94861336	ID:14	FUZZRID,DET,15,1673,1673,0,0,0,0,0,0,0,0,0,0
94862476	ID:11	FUZZRID,DET,15,1673,1673,0,0,0,0,0,0,5,0,0,0
94863364	ID:9	[HFS] ra=0 si=0 cx=49 ac=0
94868767	ID:9	[LIST] Neighbors: 14,24,6,12,29,15,22
94871330	ID:12	[HFS] ra=0 si=0 cx=49 ac=0
94872404	ID:9	[LIST] Quarantine: (none)
94875686	ID:12	[LIST] Neighbors: 9,29,15,11,6
94875908	ID:9	[LIST] Blacklist: (none)
94879324	ID:12	[LIST] Quarantine: (none)
94882362	ID:9	FUZZRID,DET,15,1673,1673,0,0,0,0,0,0,0,0,0,0
94882820	ID:12	[LIST] Blacklist: (none)
94884536	ID:6	[HFS] ra=0 si=0 cx=49 ac=0
94889292	ID:12	FUZZRID,DET,15,1673,1673,0,0,0,0,0,0,0,0,0,0
94889480	ID:6	[LIST] Neighbors: 14,30,9,15,12,11
94893117	ID:6	[LIST] Quarantine: (none)
94896614	ID:6	[LIST] Blacklist: (none)
94903095	ID:6	FUZZRID,DET,15,1673,1673,0,0,0,0,0,0,4,0,0,0
95246841	ID:12	[HFS] ra=0 si=0 cx=49 ac=0
95251206	ID:12	[LIST] Neighbors: 9,29,15,11,6
95254843	ID:12	[LIST] Quarantine: (none)
95255797	ID:15	[HFS] ra=0 si=0 cx=49 ac=0
95258340	ID:12	[LIST] Blacklist: (none)
95259975	ID:6	[HFS] ra=0 si=0 cx=49 ac=0
95261433	ID:15	[LIST] Neighbors: 9,14,29,24,12,11,6,30
95264794	ID:12	FUZZRID,DET,11,1974,1974,0,0,0,0,0,0,3,0,0,0
95264918	ID:6	[LIST] Neighbors: 14,30,9,15,12,11
95265103	ID:15	[LIST] Quarantine: (none)
95268556	ID:6	[LIST] Quarantine: (none)
95268600	ID:15	[LIST] Blacklist: (none)
95272053	ID:6	[LIST] Blacklist: (none)
95275055	ID:15	FUZZRID,DET,11,1974,1974,0,0,0,0,0,0,3,0,0,0
95278515	ID:6	FUZZRID,DET,11,1974,1974,0,0,0,0,0,0,3,0,0,0
95386906	ID:5	[HFS] ra=0 si=0 cx=49 ac=0
95390410	ID:5	[LIST] Neighbors: 7,8,25
95394046	ID:5	[LIST] Quarantine: (none)
95397543	ID:5	[LIST] Blacklist: (none)
95403888	ID:5	FUZZRID,DET,8,1046,1046,0,0,0,0,0,0,4,0,0,0
96929829	ID:22	[HFS] ra=0 si=0 cx=49 ac=0
96935199	ID:22	[LIST] Neighbors: 24,16,9,29,31,26,18
96938835	ID:22	[LIST] Quarantine: (none)
96941553	ID:16	[HFS] ra=0 si=0 cx=49 ac=0
96942332	ID:22	[LIST] Blacklist: (none)
96945790	ID:16	[LIST] Neighbors: 31,26,22,18
96948784	ID:22	FUZZRID,DET,18,1624,1624,0,0,0,0,0,0,0,0,0,0
96949427	ID:16	[LIST] Quarantine: (none)
96952924	ID:16	[LIST] Blacklist: (none)
96959376	ID:16	FUZZRID,DET,18,1624,1624,0,0,0,0,0,0,0,0,0,0
97989363	ID:9	[HFS] ra=0 si=0 cx=49 ac=0
97994732	ID:9	[LIST] Neighbors: 14,24,6,12,29,15,22
97998369	ID:9	[LIST] Quarantine: (none)
98001887	ID:9	[LIST] Blacklist: (none)
98002407	ID:15	[HFS] ra=0 si=0 cx=49 ac=0
98008043	ID:15	[LIST] Neighbors: 9,14,29,24,12,11,6,30
98008342	ID:9	FUZZRID,DET,12,1975,1975,0,0,0,0,0,0,0,0,0,0
98011145	ID:6	[HFS] ra=0 si=0 cx=49 ac=0
98011680	ID:15	[LIST] Quarantine: (none)
98015176	ID:15	[LIST] Blacklist: (none)
98016089	ID:6	[LIST] Neighbors: 14,30,9,15,12,11
98019726	ID:6	[LIST] Quarantine: (none)
98021656	ID:15	FUZZRID,DET,12,1975,1975,0,0,0,0,0,0,0,0,0,0
98023223	ID:6	[LIST] Blacklist: (none)
98029678	ID:6	FUZZRID,DET,12,1975,1975,0,0,0,0,0,0,0,0,0,0
99095855	ID:11	[HFS] ra=0 si=0 cx=49 ac=0
99099505	ID:11	[LIST] Neighbors: 6,15,12
99103141	ID:11	[LIST] Quarantine: (none)
99106638	ID:11	[LIST] Blacklist: (none)
99113106	ID:11	FUZZRID,DET,6,1792,1792,0,0,0,0,0,0,11,0,0,0
99122583	ID:12	[HFS] ra=0 si=0 cx=49 ac=0
99126940	ID:12	[LIST] Neighbors: 9,29,15,11,6
99127882	ID:15	[HFS] ra=0 si=0 cx=49 ac=0
99130577	ID:12	[LIST] Quarantine: (none)
99133520	ID:15	[LIST] Neighbors: 9,14,29,24,12,11,6,30
99134073	ID:12	[LIST] Blacklist: (none)
99137156	ID:15	[LIST] Quarantine: (none)
99140416	ID:12	FUZZRID,DET,6,1792,1792,0,0,0,0,0,0,0,0,0,0
99140662	ID:15	[LIST] Blacklist: (none)
99146978	ID:15	FUZZRID,DET,6,1792,1792,0,0,0,0,0,0,0,0,0,0
101708434	ID:29	[ATK-DBG] t=101s warm-up true_rank=1603 (not attacking yet)
101751746	ID:15	[HFS] ra=0 si=0 cx=49 ac=0
101757383	ID:15	[LIST] Neighbors: 9,14,29,24,12,11,6,30
101761019	ID:15	[LIST] Quarantine: (none)
101764543	ID:15	[LIST] Blacklist: (none)
101771135	ID:15	FUZZRID,DET,29,1603,1603,0,0,0,0,0,0,10,0,0,0
109276637	ID:26	[ATK-DBG] t=108s warm-up true_rank=1303 (not attacking yet)
109303956	ID:22	[HFS] ra=0 si=0 cx=49 ac=0
109309360	ID:22	[LIST] Neighbors: 24,16,9,29,31,26,18
109312996	ID:22	[LIST] Quarantine: (none)
109316493	ID:22	[LIST] Blacklist: (none)
109322977	ID:22	FUZZRID,DET,26,1303,1303,0,0,0,0,0,0,1,0,0,0
118066073	ID:29	[ATK-DBG] t=117s warm-up true_rank=1603 (not attacking yet)
118121922	ID:12	[HFS] ra=0 si=0 cx=49 ac=0
118126121	ID:18	[HFS] ra=0 si=0 cx=49 ac=0
118126279	ID:12	[LIST] Neighbors: 9,29,15,11,6
118129916	ID:12	[LIST] Quarantine: (none)
118130357	ID:18	[LIST] Neighbors: 26,22,29,16
118133438	ID:12	[LIST] Blacklist: (none)
118133994	ID:18	[LIST] Quarantine: (none)
118137498	ID:18	[LIST] Blacklist: (none)
118140029	ID:12	FUZZRID,DET,29,1603,1603,0,0,0,0,0,0,14,0,0,0
118143949	ID:18	FUZZRID,DET,29,1603,1603,0,0,0,0,0,0,8,0,0,0
118177963	ID:22	[HFS] ra=0 si=0 cx=49 ac=0
118183332	ID:22	[LIST] Neighbors: 24,16,9,29,31,26,18
118186969	ID:22	[LIST] Quarantine: (none)
118190466	ID:22	[LIST] Blacklist: (none)
118197056	ID:22	FUZZRID,DET,29,1603,1603,0,0,0,0,0,0,16,0,0,0
120158287	ID:5	 15363 P 0.0 1 72769 3859252 22420 32482 0 27944 28687 1937349 5446 14720 0 13199 (radio 1.39% / 1.02% tx 0.57% / 0.27% listen 0.82% / 0.74%)
120268560	ID:12	 15363 P 0.0 1 84345 3847286 21046 38050 0 31779 43635 1922078 7426 16126 0 13888 (radio 1.50% / 1.19% tx 0.53% / 0.37% listen 0.96% / 0.82%)
120299680	ID:4	 15363 P 0.0 1 70105 3861908 15071 29551 0 25342 28774 1937259 3103 13956 0 12132 (radio 1.13% / 0.86% tx 0.38% / 0.15% listen 0.75% / 0.70%)
120358136	ID:3	 15363 P 0.0 1 111125 3820749 34283 40078 0 29568 35749 1930174 4720 15586 0 14476 (radio 1.89% / 1.03% tx 0.87% / 0.24% listen 1.01% / 0.79%)
120416831	ID:21	 15363 P 0.0 1 89035 3842512 24012 34126 0 26526 44048 1921641 11962 16505 0 12189 (radio 1.47% / 1.44% tx 0.61% / 0.60% listen 0.86% / 0.83%)
120461142	ID:16	 15363 P 0.0 1 102753 3829259 38143 41853 0 30903 30814 1934317 6055 15323 0 15132 (radio 2.03% / 1.08% tx 0.97% / 0.30% listen 1.06% / 0.77%)
120513106	ID:9	 15363 P 0.0 1 141242 3790780 45850 52382 0 37158 59043 1907011 12593 20053 0 15885 (radio 2.49% / 1.66% tx 1.16% / 0.64% listen 1.33% / 1.01%)
120595556	ID:1	 15365 P 0.0 1 168605 3763673 39639 3892475 0 0 69404 1896581 17874 1948158 0 0 (radio 99.-9731% / 100.-8739% tx 1.00% / 0.90% listen 98.-9732% / 99.-8730%)
120629607	ID:7	 15363 P 0.0 1 127933 3803915 41257 44116 0 29188 47029 1918885 11459 17715 0 12998 (radio 2.17% / 1.48% tx 1.04% / 0.58% listen 1.12% / 0.90%)
120657217	ID:6	 15363 P 0.0 1 147258 3784756 54673 48093 0 32867 57742 1908298 12316 16796 0 14673 (radio 2.61% / 1.48% tx 1.39% / 0.62% listen 1.22% / 0.85%)
120668278	ID:20	 15363 P 0.0 1 174895 3757019 69405 62901 0 33188 63787 1902164 18951 22109 0 14358 (radio 3.36% / 2.08% tx 1.76% / 0.96% listen 1.59% / 1.12%)
120689683	ID:2	 15363 P 0.0 1 158573 3773427 25478 51648 0 32524 60701 1905336 6306 18621 0 13587 (radio 1.96% / 1.26% tx 0.64% / 0.32% listen 1.31% / 0.94%)
120700121	ID:22	 15363 P 0.0 1 135521 3796483 47015 51901 0 37994 59730 1905204 12547 19985 0 17137 (radio 2.51% / 1.65% tx 1.19% / 0.63% listen 1.31% / 1.01%)
120775483	ID:15	 15363 P 0.0 1 152463 3779504 47805 56531 0 38411 65003 1900999 10015 19877 0 15341 (radio 2.65% / 1.52% tx 1.21% / 0.50% listen 1.43% / 1.01%)
120891828	ID:19	 15363 P 0.0 1 94971 3837057 17972 37393 0 30576 37621 1928401 3106 15445 0 13080 (radio 1.40% / 0.94% tx 0.45% / 0.15% listen 0.95% / 0.78%)
120938302	ID:13	 15363 P 0.0 1 140261 3791595 51467 48253 0 29521 46322 1919610 10858 17149 0 12602 (radio 2.53% / 1.42% tx 1.30% / 0.55% listen 1.22% / 0.87%)
120954385	ID:17	 15363 P 0.0 1 77972 3854026 19672 33533 0 30049 31989 1934046 6165 15584 0 14052 (radio 1.35% / 1.10% tx 0.50% / 0.31% listen 0.85% / 0.79%)
120991788	ID:11	 15363 P 0.0 1 111625 3820320 48689 42025 0 27554 35379 1930635 8961 14528 0 12728 (radio 2.30% / 1.19% tx 1.23% / 0.45% listen 1.06% / 0.73%)
121024297	ID:18	 15363 P 0.0 1 79170 3852865 22646 36379 0 29913 44395 1921656 12424 17449 0 13456 (radio 1.50% / 1.51% tx 0.57% / 0.63% listen 0.92% / 0.88%)
121061408	ID:10	 15363 P 0.0 1 139943 3792050 44638 53295 0 38500 44575 1921454 5513 18461 0 16053 (radio 2.49% / 1.21% tx 1.13% / 0.28% listen 1.35% / 0.93%)
121089799	ID:8	 15363 P 0.0 1 86509 3845535 25774 34050 0 27968 35109 1930046 7814 15045 0 12822 (radio 1.52% / 1.16% tx 0.65% / 0.39% listen 0.86% / 0.76%)
121112939	ID:14	 15363 P 0.0 1 151716 3780289 54070 54988 0 36561 50079 1914958 8354 19413 0 15253 (radio 2.77% / 1.41% tx 1.37% / 0.42% listen 1.39% / 0.98%)
121483974	ID:7	[HFS] ra=0 si=0 cx=49 ac=0
121488771	ID:7	[LIST] Neighbors: 28,13,10,25,5,8
121492410	ID:7	[LIST] Quarantine: (none)
121495907	ID:7	[LIST] Blacklist: (none)
121497691	ID:19	[HFS] ra=0 si=0 cx=49 ac=0
121502000	ID:7	FUZZRID,DET,13,867,867,0,0,0,0,0,0,3,0,0,0
121502474	ID:19	[LIST] Neighbors: 2,28,27,4,13,10
121506133	ID:19	[LIST] Quarantine: (none)
121509630	ID:19	[LIST] Blacklist: (none)
121515723	ID:19	FUZZRID,DET,13,867,867,0,0,0,0,0,0,1,0,0,0
121539919	ID:10	[HFS] ra=0 si=0 cx=49 ac=0
121544525	ID:2	[HFS] ra=0 si=0 cx=49 ac=0
121545555	ID:10	[LIST] Neighbors: 2,28,13,7,25,20,23,19
121549192	ID:10	[LIST] Quarantine: (none)
121550321	ID:2	[LIST] Neighbors: 28,19,27,13,10,3,20,23
121552688	ID:10	[LIST] Blacklist: (none)
121553958	ID:2	[LIST] Quarantine: (none)
121557454	ID:2	[LIST] Blacklist: (none)
121558781	ID:10	FUZZRID,DET,13,867,867,0,0,0,0,0,0,2,0,0,0
121563576	ID:2	FUZZRID,DET,13,867,867,0,0,0,0,0,0,3,0,0,0
127743942	ID:25	[ATK-DBG] t=126s warm-up true_rank=1145 (not attacking yet)
127770198	ID:20	[HFS] ra=0 si=0 cx=49 ac=0
127775147	ID:20	[LIST] Neighbors: 2,10,25,14,28,23
127778784	ID:20	[LIST] Quarantine: (none)
127782281	ID:20	[LIST] Blacklist: (none)
127788736	ID:20	FUZZRID,DET,25,1145,1145,0,0,0,0,0,0,0,0,0,0
127791840	ID:13	[HFS] ra=0 si=0 cx=49 ac=0
127792015	ID:10	[HFS] ra=0 si=0 cx=49 ac=0
127796624	ID:13	[LIST] Neighbors: 2,28,19,10,7,25
127797651	ID:10	[LIST] Neighbors: 2,28,13,7,25,20,23,19
127800285	ID:13	[LIST] Quarantine: (none)
127801287	ID:10	[LIST] Quarantine: (none)
127803781	ID:13	[LIST] Blacklist: (none)
127804784	ID:10	[LIST] Blacklist: (none)
127810236	ID:13	FUZZRID,DET,25,1145,1145,0,0,0,0,0,0,0,0,0,0
127811261	ID:10	FUZZRID,DET,25,1145,1145,0,0,0,0,0,0,1,0,0,0
127816612	ID:8	[HFS] ra=0 si=0 cx=49 ac=0
127820543	ID:8	[LIST] Neighbors: 7,25,5,30
127824180	ID:8	[LIST] Quarantine: (none)
127827677	ID:8	[LIST] Blacklist: (none)
127834131	ID:8	FUZZRID,DET,25,1145,1145,0,0,0,0,0,0,0,0,0,0
127842697	ID:14	[HFS] ra=0 si=0 cx=49 ac=0
127847920	ID:14	[LIST] Neighbors: 20,25,30,24,9,6,15
127851563	ID:14	[LIST] Quarantine: (none)
127855060	ID:14	[LIST] Blacklist: (none)
127855676	ID:7	[HFS] ra=0 si=0 cx=49 ac=0
127860473	ID:7	[LIST] Neighbors: 28,13,10,25,5,8
127861514	ID:14	FUZZRID,DET,25,1145,1145,0,0,0,0,0,0,0,0,0,0
127864111	ID:7	[LIST] Quarantine: (none)
127867607	ID:7	[LIST] Blacklist: (none)
127874062	ID:7	FUZZRID,DET,25,1145,1145,0,0,0,0,0,0,0,0,0,0
127885139	ID:5	[HFS] ra=0 si=0 cx=49 ac=0
127888643	ID:5	[LIST] Neighbors: 7,8,25
127892279	ID:5	[LIST] Quarantine: (none)
127895796	ID:5	[LIST] Blacklist: (none)
127902251	ID:5	FUZZRID,DET,25,1145,1145,0,0,0,0,0,0,0,0,0,0
129367124	ID:9	[HFS] ra=0 si=0 cx=49 ac=0
129372493	ID:9	[LIST] Neighbors: 14,24,6,12,29,15,22
129376130	ID:9	[LIST] Quarantine: (none)
129379627	ID:9	[LIST] Blacklist: (none)
129380345	ID:15	[HFS] ra=0 si=0 cx=49 ac=0
129384076	ID:6	[HFS] ra=0 si=0 cx=49 ac=0
129385981	ID:15	[LIST] Neighbors: 9,14,29,24,12,11,6,30
129386120	ID:9	FUZZRID,DET,14,1482,1482,0,0,0,0,0,0,2,0,0,0
129389019	ID:6	[LIST] Neighbors: 14,30,9,15,12,11
129389618	ID:15	[LIST] Quarantine: (none)
129392657	ID:6	[LIST] Quarantine: (none)
129393115	ID:15	[LIST] Blacklist: (none)
129396154	ID:6	[LIST] Blacklist: (none)
129397454	ID:20	[HFS] ra=0 si=0 cx=49 ac=0
129399569	ID:15	FUZZRID,DET,14,1482,1482,0,0,0,0,0,0,1,0,0,0
129402384	ID:20	[LIST] Neighbors: 2,10,25,14,28,23
129402608	ID:6	FUZZRID,DET,14,1482,1482,0,0,0,0,0,0,3,0,0,0
129406021	ID:20	[LIST] Quarantine: (none)
129409517	ID:20	[LIST] Blacklist: (none)
129415971	ID:20	FUZZRID,DET,14,1482,1482,0,0,0,0,0,0,0,0,0,0
129966544	ID:14	[HFS] ra=0 si=0 cx=49 ac=0
129971767	ID:14	[LIST] Neighbors: 20,25,30,24,9,6,15
129975404	ID:14	[LIST] Quarantine: (none)
129978901	ID:14	[LIST] Blacklist: (none)
129984997	ID:14	FUZZRID,DET,20,796,796,0,0,0,0,0,0,1,0,0,0
130040063	ID:10	[HFS] ra=0 si=0 cx=49 ac=0
130040425	ID:2	[HFS] ra=0 si=0 cx=49 ac=0
130045699	ID:10	[LIST] Neighbors: 2,28,13,7,25,20,23,19
130046255	ID:2	[LIST] Neighbors: 28,19,27,13,10,3,20,23
130049370	ID:10	[LIST] Quarantine: (none)
130049891	ID:2	[LIST] Quarantine: (none)
130052866	ID:10	[LIST] Blacklist: (none)
130053388	ID:2	[LIST] Blacklist: (none)
130058962	ID:10	FUZZRID,DET,20,796,796,0,0,0,0,0,0,0,0,0,0
130059484	ID:2	FUZZRID,DET,20,796,796,0,0,0,0,0,0,1,0,0,0
134358462	ID:7	[HFS] ra=0 si=0 cx=49 ac=0
134363273	ID:7	[LIST] Neighbors: 28,13,10,25,5,8
134366911	ID:7	[LIST] Quarantine: (none)
134370408	ID:7	[LIST] Blacklist: (none)
134376723	ID:7	FUZZRID,DET,5,1024,1024,0,0,0,0,0,0,0,0,0,0
134425674	ID:1	[HFS] ra=0 si=0 cx=49 ac=0
134430737	ID:1	[LIST] Neighbors: 2,21,28,4,19,27,3
134434374	ID:1	[LIST] Quarantine: (none)
134437871	ID:1	[LIST] Blacklist: (none)
134443388	ID:8	[HFS] ra=0 si=0 cx=49 ac=0
134443827	ID:1	FUZZRID,DET,2,512,512,0,0,0,0,0,0,4,0,0,0
134447319	ID:8	[LIST] Neighbors: 7,25,5,30
134450955	ID:8	[LIST] Quarantine: (none)
134454452	ID:8	[LIST] Blacklist: (none)
134459223	ID:3	[HFS] ra=0 si=0 cx=49 ac=0
134460767	ID:8	FUZZRID,DET,5,1024,1024,0,0,0,0,0,0,0,0,0,0
134464181	ID:3	[LIST] Neighbors: 2,23,17,31,27,21
134467819	ID:3	[LIST] Quarantine: (none)
134471316	ID:3	[LIST] Blacklist: (none)
134477271	ID:3	FUZZRID,DET,2,512,512,0,0,0,0,0,0,6,0,0,0
134493437	ID:19	[HFS] ra=0 si=0 cx=49 ac=0
134498253	ID:19	[LIST] Neighbors: 2,28,27,4,13,10
134501891	ID:19	[LIST] Quarantine: (none)
134505388	ID:19	[LIST] Blacklist: (none)
134511343	ID:19	FUZZRID,DET,2,512,512,0,0,0,0,0,0,4,0,0,0
134519150	ID:20	[HFS] ra=0 si=0 cx=49 ac=0
134524079	ID:20	[LIST] Neighbors: 2,10,25,14,28,23
134527717	ID:20	[LIST] Quarantine: (none)
134531247	ID:20	[LIST] Blacklist: (none)
134536267	ID:10	[HFS] ra=0 si=0 cx=49 ac=0
134537202	ID:20	FUZZRID,DET,2,512,512,0,0,0,0,0,0,6,0,0,0
134540439	ID:13	[HFS] ra=0 si=0 cx=49 ac=0
134541936	ID:10	[LIST] Neighbors: 2,28,13,7,25,20,23,19
134545222	ID:13	[LIST] Neighbors: 2,28,19,10,7,25
134545573	ID:10	[LIST] Quarantine: (none)
134548860	ID:13	[LIST] Quarantine: (none)
134549091	ID:10	[LIST] Blacklist: (none)
134552382	ID:13	[LIST] Blacklist: (none)
134555046	ID:10	FUZZRID,DET,2,512,512,0,0,0,0,0,0,7,0,0,0
134558338	ID:13	FUZZRID,DET,2,512,512,0,0,0,0,0,0,6,0,0,0
135762276	ID:30	[ATK-DBG] t=135s warm-up true_rank=1401 (not attacking yet)
135818324	ID:8	[HFS] ra=0 si=0 cx=49 ac=0
135822254	ID:8	[LIST] Neighbors: 7,25,5,30
135825891	ID:8	[LIST] Quarantine: (none)
135829402	ID:8	[LIST] Blacklist: (none)
135835857	ID:8	FUZZRID,DET,30,1401,1401,0,0,0,0,0,0,0,0,0,0
135839713	ID:14	[HFS] ra=0 si=0 cx=49 ac=0
135844937	ID:14	[LIST] Neighbors: 20,25,30,24,9,6,15
135848573	ID:14	[LIST] Quarantine: (none)
135852070	ID:14	[LIST] Blacklist: (none)
135858536	ID:14	FUZZRID,DET,30,1401,1401,0,0,0,0,0,0,0,0,0,0
135879632	ID:15	[HFS] ra=0 si=0 cx=49 ac=0
135885268	ID:15	[LIST] Neighbors: 9,14,29,24,12,11,6,30
135886521	ID:6	[HFS] ra=0 si=0 cx=49 ac=0
135888905	ID:15	[LIST] Quarantine: (none)
135891465	ID:6	[LIST] Neighbors: 14,30,9,15,12,11
135892402	ID:15	[LIST] Blacklist: (none)
135895102	ID:6	[LIST] Quarantine: (none)
135898599	ID:6	[LIST] Blacklist: (none)
135898856	ID:15	FUZZRID,DET,30,1401,1401,0,0,0,0,0,0,0,0,0,0
135905058	ID:6	FUZZRID,DET,30,1401,1401,0,0,0,0,0,0,1,0,0,0
136760834	ID:6	[HFS] ra=0 si=0 cx=49 ac=0
136765777	ID:6	[LIST] Neighbors: 14,30,9,15,12,11
136769443	ID:6	[LIST] Quarantine: (none)
136772940	ID:6	[LIST] Blacklist: (none)
136779255	ID:6	FUZZRID,DET,9,1485,1485,0,0,0,0,0,0,1,0,0,0
136803569	ID:22	[HFS] ra=0 si=0 cx=49 ac=0
136808940	ID:22	[LIST] Neighbors: 24,16,9,29,31,26,18
136812577	ID:22	[LIST] Quarantine: (none)
136816074	ID:22	[LIST] Blacklist: (none)
136822413	ID:22	FUZZRID,DET,9,1485,1485,0,0,0,0,0,0,1,0,0,0
136842650	ID:14	[HFS] ra=0 si=0 cx=49 ac=0
136847873	ID:14	[LIST] Neighbors: 20,25,30,24,9,6,15
136851510	ID:14	[LIST] Quarantine: (none)
136855007	ID:14	[LIST] Blacklist: (none)
136861355	ID:14	FUZZRID,DET,9,1485,1485,0,0,0,0,0,0,0,0,0,0
136871374	ID:12	[HFS] ra=0 si=0 cx=49 ac=0
136875731	ID:12	[LIST] Neighbors: 9,29,15,11,6
136879368	ID:12	[LIST] Quarantine: (none)
136880331	ID:15	[HFS] ra=0 si=0 cx=49 ac=0
136882879	ID:12	[LIST] Blacklist: (none)
136885968	ID:15	[LIST] Neighbors: 9,14,29,24,12,11,6,30
136889194	ID:12	FUZZRID,DET,9,1485,1485,0,0,0,0,0,0,1,0,0,0
136889605	ID:15	[LIST] Quarantine: (none)
136893101	ID:15	[LIST] Blacklist: (none)
136899451	ID:15	FUZZRID,DET,9,1485,1485,0,0,0,0,0,0,2,0,0,0
137770706	ID:21	[HFS] ra=0 si=0 cx=49 ac=0
137774636	ID:21	[LIST] Neighbors: 4,27,3,17
137778273	ID:21	[LIST] Quarantine: (none)
137781770	ID:21	[LIST] Blacklist: (none)
137787724	ID:21	FUZZRID,DET,3,855,855,0,0,0,0,0,0,0,0,0,0
137809088	ID:17	[HFS] ra=0 si=0 cx=49 ac=0
137813179	ID:17	[LIST] Neighbors: 21,27,3,31
137816816	ID:17	[LIST] Quarantine: (none)
137820313	ID:17	[LIST] Blacklist: (none)
137826266	ID:17	FUZZRID,DET,3,855,855,0,0,0,0,0,0,0,0,0,0
137852624	ID:1	[HFS] ra=0 si=0 cx=49 ac=0
137857687	ID:1	[LIST] Neighbors: 2,21,28,4,19,27,3
137861323	ID:1	[LIST] Quarantine: (none)
137864853	ID:1	[LIST] Blacklist: (none)
137870807	ID:1	FUZZRID,DET,3,855,855,0,0,0,0,0,0,0,0,0,0
138132629	ID:28	[ATK-DBG] t=137s warm-up true_rank=512 (not attacking yet)
138154342	ID:1	[HFS] ra=0 si=0 cx=49 ac=0
138159406	ID:1	[LIST] Neighbors: 2,21,28,4,19,27,3
138162973	ID:10	[HFS] ra=0 si=0 cx=49 ac=0
138163043	ID:1	[LIST] Quarantine: (none)
138166539	ID:1	[LIST] Blacklist: (none)
138167027	ID:13	[HFS] ra=0 si=0 cx=49 ac=0
138168609	ID:10	[LIST] Neighbors: 2,28,13,7,25,20,23,19
138169969	ID:2	[HFS] ra=0 si=0 cx=49 ac=0
138171835	ID:13	[LIST] Neighbors: 2,28,19,10,7,25
138172245	ID:10	[LIST] Quarantine: (none)
138172633	ID:1	FUZZRID,DET,28,512,512,0,0,0,0,0,0,0,0,0,0
138175472	ID:13	[LIST] Quarantine: (none)
138175764	ID:2	[LIST] Neighbors: 28,19,27,13,10,3,20,23
138175769	ID:10	[LIST] Blacklist: (none)
138178969	ID:13	[LIST] Blacklist: (none)
138179425	ID:2	[LIST] Quarantine: (none)
138181863	ID:10	FUZZRID,DET,28,512,512,0,0,0,0,0,0,1,0,0,0
138182922	ID:2	[LIST] Blacklist: (none)
138185063	ID:13	FUZZRID,DET,28,512,512,0,0,0,0,0,0,0,0,0,0
138189016	ID:2	FUZZRID,DET,28,512,512,0,0,0,0,0,0,1,0,0,0
138230893	ID:7	[HFS] ra=0 si=0 cx=49 ac=0
138235690	ID:7	[LIST] Neighbors: 28,13,10,25,5,8
138239327	ID:7	[LIST] Quarantine: (none)
138242828	ID:7	[LIST] Blacklist: (none)
138244172	ID:19	[HFS] ra=0 si=0 cx=49 ac=0
138248923	ID:7	FUZZRID,DET,28,512,512,0,0,0,0,0,0,1,0,0,0
138248955	ID:19	[LIST] Neighbors: 2,28,27,4,13,10
138252593	ID:19	[LIST] Quarantine: (none)
138256090	ID:19	[LIST] Blacklist: (none)
138262183	ID:19	FUZZRID,DET,28,512,512,0,0,0,0,0,0,0,0,0,0
138270448	ID:20	[HFS] ra=0 si=0 cx=49 ac=0
138275377	ID:20	[LIST] Neighbors: 2,10,25,14,28,23
138279015	ID:20	[LIST] Quarantine: (none)
138282511	ID:20	[LIST] Blacklist: (none)
138288639	ID:20	FUZZRID,DET,28,512,512,0,0,0,0,0,0,0,0,0,0
138653209	ID:27	[ATK-DBG] t=137s warm-up true_rank=512 (not attacking yet)
138675188	ID:1	[HFS] ra=0 si=0 cx=49 ac=0
138680251	ID:1	[LIST] Neighbors: 2,21,28,4,19,27,3
138683165	ID:17	[HFS] ra=0 si=0 cx=49 ac=0
138683907	ID:1	[LIST] Quarantine: (none)
138687256	ID:17	[LIST] Neighbors: 21,27,3,31
138687404	ID:1	[LIST] Blacklist: (none)
138690893	ID:17	[LIST] Quarantine: (none)
138693498	ID:1	FUZZRID,DET,27,512,512,0,0,0,0,0,0,0,0,0,0
138694402	ID:17	[LIST] Blacklist: (none)
138700496	ID:17	FUZZRID,DET,27,512,512,0,0,0,0,0,0,0,0,0,0
138709683	ID:3	[HFS] ra=0 si=0 cx=49 ac=0
138714612	ID:3	[LIST] Neighbors: 2,23,17,31,27,21
138718250	ID:3	[LIST] Quarantine: (none)
138721747	ID:3	[LIST] Blacklist: (none)
138727840	ID:3	FUZZRID,DET,27,512,512,0,0,0,0,0,0,0,0,0,0
138768715	ID:21	[HFS] ra=0 si=0 cx=49 ac=0
138772652	ID:21	[LIST] Neighbors: 4,27,3,17
138776288	ID:21	[LIST] Quarantine: (none)
138777465	ID:4	[HFS] ra=0 si=0 cx=49 ac=0
138779785	ID:21	[LIST] Blacklist: (none)
138781275	ID:4	[LIST] Neighbors: 21,19,27
138784911	ID:4	[LIST] Quarantine: (none)
138785879	ID:21	FUZZRID,DET,27,512,512,0,0,0,0,0,0,0,0,0,0
138788421	ID:4	[LIST] Blacklist: (none)
138794514	ID:4	FUZZRID,DET,27,512,512,0,0,0,0,0,0,0,0,0,0
138972911	ID:1	[HFS] ra=0 si=0 cx=49 ac=0
138977974	ID:1	[LIST] Neighbors: 2,21,28,4,19,27,3
138981621	ID:1	[LIST] Quarantine: (none)
138985118	ID:1	[LIST] Blacklist: (none)
138991073	ID:1	FUZZRID,DET,4,512,512,0,0,0,0,0,0,0,0,0,0
138995021	ID:19	[HFS] ra=0 si=0 cx=49 ac=0
138999804	ID:19	[LIST] Neighbors: 2,28,27,4,13,10
139003441	ID:19	[LIST] Quarantine: (none)
139006972	ID:19	[LIST] Blacklist: (none)
139012926	ID:19	FUZZRID,DET,4,512,512,0,0,0,0,0,0,0,0,0,0
139019719	ID:21	[HFS] ra=0 si=0 cx=49 ac=0
139023649	ID:21	[LIST] Neighbors: 4,27,3,17
139027286	ID:21	[LIST] Quarantine: (none)
139030783	ID:21	[LIST] Blacklist: (none)
139036738	ID:21	FUZZRID,DET,4,512,512,0,0,0,0,0,0,0,0,0,0
139177263	ID:24	[ATK-DBG] t=139s warm-up true_rank=1114 (not attacking yet)
139216482	ID:14	[HFS] ra=0 si=0 cx=49 ac=0
139221741	ID:14	[LIST] Neighbors: 20,25,30,24,9,6,15
139225378	ID:14	[LIST] Quarantine: (none)
139228875	ID:14	[LIST] Blacklist: (none)
139235360	ID:14	FUZZRID,DET,24,1114,1114,0,0,0,0,0,0,0,0,0,0
139250919	ID:15	[HFS] ra=0 si=0 cx=49 ac=0
139256555	ID:15	[LIST] Neighbors: 9,14,29,24,12,11,6,30
139260192	ID:15	[LIST] Quarantine: (none)
139263704	ID:15	[LIST] Blacklist: (none)
139270161	ID:15	FUZZRID,DET,24,1114,1114,0,0,0,0,0,0,1,0,0,0
139272315	ID:20	[HFS] ra=0 si=0 cx=49 ac=0
139277671	ID:20	[LIST] Neighbors: 2,10,25,14,28,23,24
139281307	ID:20	[LIST] Quarantine: (none)
139284804	ID:20	[LIST] Blacklist: (none)
139291261	ID:20	FUZZRID,DET,24,1114,1114,0,0,0,0,0,0,0,0,0,0
139313538	ID:16	[HFS] ra=0 si=0 cx=49 ac=0
139317775	ID:16	[LIST] Neighbors: 31,26,22,18
139321411	ID:16	[LIST] Quarantine: (none)
139324908	ID:16	[LIST] Blacklist: (none)
139331360	ID:16	FUZZRID,DET,18,1624,1624,0,0,0,0,0,0,0,0,0,0
140715122	ID:14	[HFS] ra=0 si=0 cx=49 ac=0
140717904	ID:11	[HFS] ra=0 si=0 cx=49 ac=0
140720345	ID:14	[LIST] Neighbors: 20,25,30,24,9,6,15
140721554	ID:11	[LIST] Neighbors: 6,15,12
140723981	ID:14	[LIST] Quarantine: (none)
140725191	ID:11	[LIST] Quarantine: (none)
140727478	ID:14	[LIST] Blacklist: (none)
140728688	ID:11	[LIST] Blacklist: (none)
140733816	ID:14	FUZZRID,DET,6,1657,1657,0,0,0,0,0,0,0,0,0,0
140735141	ID:11	FUZZRID,DET,6,1657,1657,0,0,0,0,0,0,11,0,0,0
140740425	ID:9	[HFS] ra=0 si=0 cx=49 ac=0
140745806	ID:9	[LIST] Neighbors: 14,24,6,12,29,15,22
140748950	ID:12	[HFS] ra=0 si=0 cx=49 ac=0
140749443	ID:9	[LIST] Quarantine: (none)
140752940	ID:9	[LIST] Blacklist: (none)
140753307	ID:12	[LIST] Neighbors: 9,29,15,11,6
140754303	ID:15	[HFS] ra=0 si=0 cx=49 ac=0
140756944	ID:12	[LIST] Quarantine: (none)
140759280	ID:9	FUZZRID,DET,6,1657,1657,0,0,0,0,0,0,8,0,0,0
140759939	ID:15	[LIST] Neighbors: 9,14,29,24,12,11,6,30
140760441	ID:12	[LIST] Blacklist: (none)
140763576	ID:15	[LIST] Quarantine: (none)
140766754	ID:12	FUZZRID,DET,6,1657,1657,0,0,0,0,0,0,0,0,0,0
140767073	ID:15	[LIST] Blacklist: (none)
140773386	ID:15	FUZZRID,DET,6,1657,1657,0,0,0,0,0,0,0,0,0,0
141665924	ID:31	[ATK-DBG] t=141s warm-up true_rank=864 (not attacking yet)
141709321	ID:3	[HFS] ra=0 si=0 cx=49 ac=0
141714251	ID:3	[LIST] Neighbors: 2,23,17,31,27,21
141717888	ID:3	[LIST] Quarantine: (none)
141721408	ID:3	[LIST] Blacklist: (none)
141727501	ID:3	FUZZRID,DET,31,864,864,0,0,0,0,0,0,2,0,0,0
141803558	ID:22	[HFS] ra=0 si=0 cx=49 ac=0
141807407	ID:17	[HFS] ra=0 si=0 cx=49 ac=0
141808940	ID:22	[LIST] Neighbors: 24,16,9,29,31,26,18
141811497	ID:17	[LIST] Neighbors: 21,27,3,31
141812577	ID:22	[LIST] Quarantine: (none)
141815134	ID:17	[LIST] Quarantine: (none)
141816074	ID:22	[LIST] Blacklist: (none)
141818631	ID:17	[LIST] Blacklist: (none)
141822167	ID:22	FUZZRID,DET,31,864,864,0,0,0,0,0,0,1,0,0,0
141824725	ID:17	FUZZRID,DET,31,864,864,0,0,0,0,0,0,2,0,0,0
142052886	ID:22	[HFS] ra=0 si=0 cx=49 ac=0
142058255	ID:22	[LIST] Neighbors: 24,16,9,29,31,26,18
142061892	ID:22	[LIST] Quarantine: (none)
142065389	ID:22	[LIST] Blacklist: (none)
142071853	ID:22	FUZZRID,DET,16,1503,1503,0,0,0,0,0,0,2,0,0,0
142520761	ID:21	[HFS] ra=0 si=0 cx=49 ac=0
142524691	ID:21	[LIST] Neighbors: 4,27,3,17
142528328	ID:21	[LIST] Quarantine: (none)
142531849	ID:21	[LIST] Blacklist: (none)
142537942	ID:21	FUZZRID,DET,17,768,768,0,0,0,0,0,0,0,0,0,0
144651564	ID:1	[HFS] ra=0 si=0 cx=49 ac=0
144656627	ID:1	[LIST] Neighbors: 2,21,28,4,19,27,3
144660264	ID:1	[LIST] Quarantine: (none)
144663761	ID:1	[LIST] Blacklist: (none)
144665540	ID:10	[HFS] ra=0 si=0 cx=49 ac=0
144669860	ID:1	FUZZRID,DET,19,512,512,0,0,0,0,0,0,0,0,0,0
144671176	ID:10	[LIST] Neighbors: 2,28,13,7,25,20,23,19
144674813	ID:10	[LIST] Quarantine: (none)
144678309	ID:10	[LIST] Blacklist: (none)
144684421	ID:10	FUZZRID,DET,19,512,512,0,0,0,0,0,0,0,0,0,0
144745709	ID:12	[HFS] ra=0 si=0 cx=49 ac=0
144750087	ID:12	[LIST] Neighbors: 9,29,15,11,6
144753724	ID:12	[LIST] Quarantine: (none)
144755146	ID:15	[HFS] ra=0 si=0 cx=49 ac=0
144757221	ID:12	[LIST] Blacklist: (none)
144759102	ID:6	[HFS] ra=0 si=0 cx=49 ac=0
144760782	ID:15	[LIST] Neighbors: 9,14,29,24,12,11,6,30
144763675	ID:12	FUZZRID,DET,11,1969,1969,0,0,0,0,0,0,3,0,0,0
144764056	ID:6	[LIST] Neighbors: 14,30,9,15,12,11
144764419	ID:15	[LIST] Quarantine: (none)
144767694	ID:6	[LIST] Quarantine: (none)
144767916	ID:15	[LIST] Blacklist: (none)
144771191	ID:6	[LIST] Blacklist: (none)
144774404	ID:15	FUZZRID,DET,11,1969,1969,0,0,0,0,0,0,3,0,0,0
144777675	ID:6	FUZZRID,DET,11,1969,1969,0,0,0,0,0,0,3,0,0,0
146357997	ID:7	[HFS] ra=0 si=0 cx=49 ac=0
146362794	ID:7	[LIST] Neighbors: 28,13,10,25,5,8
146366431	ID:7	[LIST] Quarantine: (none)
146369928	ID:7	[LIST] Blacklist: (none)
146371371	ID:19	[HFS] ra=0 si=0 cx=49 ac=0
146376023	ID:7	FUZZRID,DET,10,871,871,0,0,0,0,0,0,5,0,0,0
146376154	ID:19	[LIST] Neighbors: 2,28,27,4,13,10
146379792	ID:19	[LIST] Quarantine: (none)
146383288	ID:19	[LIST] Blacklist: (none)
146389382	ID:19	FUZZRID,DET,10,871,871,0,0,0,0,0,0,0,0,0,0
146396098	ID:20	[HFS] ra=0 si=0 cx=49 ac=0
146401454	ID:20	[LIST] Neighbors: 2,10,25,14,28,23,24
146405091	ID:20	[LIST] Quarantine: (none)
146408588	ID:20	[LIST] Blacklist: (none)
146414682	ID:20	FUZZRID,DET,10,871,871,0,0,0,0,0,0,4,0,0,0
148363739	ID:1	[HFS] ra=0 si=0 cx=49 ac=0
148367436	ID:9	[HFS] ra=0 si=0 cx=49 ac=0
148368802	ID:1	[LIST] Neighbors: 2,21,28,4,19,27,3
148372440	ID:1	[LIST] Quarantine: (none)
148372805	ID:9	[LIST] Neighbors: 14,24,6,12,29,15,22
148375937	ID:1	[LIST] Blacklist: (none)
148376467	ID:9	[LIST] Quarantine: (none)
148378596	ID:18	[HFS] ra=0 si=0 cx=49 ac=0
148379964	ID:9	[LIST] Blacklist: (none)
148382030	ID:1	FUZZRID,DET,21,512,512,0,0,0,0,0,0,0,0,0,0
148382832	ID:18	[LIST] Neighbors: 26,22,29,16
148386418	ID:9	FUZZRID,DET,22,1120,1120,0,0,0,0,0,0,5,0,0,0
148386469	ID:18	[LIST] Quarantine: (none)
148389966	ID:18	[LIST] Blacklist: (none)
148396429	ID:18	FUZZRID,DET,22,1120,1120,0,0,0,0,0,0,8,0,0,0
148401353	ID:4	[HFS] ra=0 si=0 cx=49 ac=0
148405163	ID:4	[LIST] Neighbors: 21,19,27
148408799	ID:4	[LIST] Quarantine: (none)
148412302	ID:4	[LIST] Blacklist: (none)
148418396	ID:4	FUZZRID,DET,21,512,512,0,0,0,0,0,0,0,0,0,0
148438458	ID:16	[HFS] ra=0 si=0 cx=49 ac=0
148442694	ID:16	[LIST] Neighbors: 31,26,22,18
148446331	ID:16	[LIST] Quarantine: (none)
148449843	ID:16	[LIST] Blacklist: (none)
148456297	ID:16	FUZZRID,DET,22,1120,1120,0,0,0,0,0,0,8,0,0,0
149446988	ID:23	[ATK-DBG] t=148s warm-up true_rank=868 (not attacking yet)
149521152	ID:20	[HFS] ra=0 si=0 cx=49 ac=0
149526508	ID:20	[LIST] Neighbors: 2,10,25,14,28,23,24
149530144	ID:20	[LIST] Quarantine: (none)
149533641	ID:20	[LIST] Blacklist: (none)
149539758	ID:20	FUZZRID,DET,23,868,868,0,0,0,0,0,0,0,0,0,0
149542456	ID:10	[HFS] ra=0 si=0 cx=49 ac=0
149542831	ID:2	[HFS] ra=0 si=0 cx=49 ac=0
149548091	ID:10	[LIST] Neighbors: 2,28,13,7,25,20,23,19
149548632	ID:2	[LIST] Neighbors: 28,19,27,13,10,3,20,23
149551748	ID:10	[LIST] Quarantine: (none)
149552268	ID:2	[LIST] Quarantine: (none)
149555245	ID:10	[LIST] Blacklist: (none)
149555765	ID:2	[LIST] Blacklist: (none)
149561337	ID:10	FUZZRID,DET,23,868,868,0,0,0,0,0,0,0,0,0,0
149561858	ID:2	FUZZRID,DET,23,868,868,0,0,0,0,0,0,2,0,0,0
149584077	ID:3	[HFS] ra=0 si=0 cx=49 ac=0
149589040	ID:3	[LIST] Neighbors: 2,23,17,31,27,21
149592678	ID:3	[LIST] Quarantine: (none)
149596175	ID:3	[LIST] Blacklist: (none)
149602268	ID:3	FUZZRID,DET,23,868,868,0,0,0,0,0,0,2,0,0,0
151868502	ID:19	[HFS] ra=0 si=0 cx=49 ac=0
151873319	ID:19	[LIST] Neighbors: 2,28,27,4,13,10
151876956	ID:19	[LIST] Quarantine: (none)
151880453	ID:19	[LIST] Blacklist: (none)
151885148	ID:5	[HFS] ra=0 si=0 cx=49 ac=0
151886409	ID:19	FUZZRID,DET,2,512,512,0,0,0,0,0,0,4,0,0,0
151888652	ID:5	[LIST] Neighbors: 7,8,25
151892288	ID:5	[LIST] Quarantine: (none)
151895796	ID:5	[LIST] Blacklist: (none)
151902111	ID:5	FUZZRID,DET,8,1046,1046,0,0,0,0,0,0,4,0,0,0
151984692	ID:7	[HFS] ra=0 si=0 cx=49 ac=0
151989488	ID:7	[LIST] Neighbors: 28,13,10,25,5,8
151993126	ID:7	[LIST] Quarantine: (none)
151996623	ID:7	[LIST] Blacklist: (none)
152002963	ID:7	FUZZRID,DET,8,1046,1046,0,0,0,0,0,0,4,0,0,0
152137277	ID:5	[HFS] ra=0 si=0 cx=49 ac=0
152140788	ID:5	[LIST] Neighbors: 7,8,25
152144424	ID:5	[LIST] Quarantine: (none)
152147921	ID:5	[LIST] Blacklist: (none)
152153893	ID:5	FUZZRID,DET,7,768,768,0,0,0,0,0,0,6,0,0,0
152163975	ID:10	[HFS] ra=0 si=0 cx=49 ac=0
152168249	ID:13	[HFS] ra=0 si=0 cx=49 ac=0
152169611	ID:10	[LIST] Neighbors: 2,28,13,7,25,20,23,19
152173032	ID:13	[LIST] Neighbors: 2,28,19,10,7,25
152173248	ID:10	[LIST] Quarantine: (none)
152176684	ID:13	[LIST] Quarantine: (none)
152176748	ID:10	[LIST] Blacklist: (none)
152180181	ID:13	[LIST] Blacklist: (none)
152182703	ID:10	FUZZRID,DET,7,768,768,0,0,0,0,0,0,6,0,0,0
152186136	ID:13	FUZZRID,DET,7,768,768,0,0,0,0,0,0,4,0,0,0
152192957	ID:8	[HFS] ra=0 si=0 cx=49 ac=0
152196888	ID:8	[LIST] Neighbors: 7,25,5,30
152200525	ID:8	[LIST] Quarantine: (none)
152204022	ID:8	[LIST] Blacklist: (none)
152209977	ID:8	FUZZRID,DET,7,768,768,0,0,0,0,0,0,6,0,0,0
152718111	ID:11	[HFS] ra=0 si=0 cx=49 ac=0
152721795	ID:11	[LIST] Neighbors: 6,15,12
152725432	ID:11	[LIST] Quarantine: (none)
152728928	ID:11	[LIST] Blacklist: (none)
152735381	ID:11	FUZZRID,DET,12,1927,1927,0,0,0,0,0,0,0,0,0,0
152740048	ID:9	[HFS] ra=0 si=0 cx=49 ac=0
152745417	ID:9	[LIST] Neighbors: 14,24,6,12,29,15,22
152749054	ID:9	[LIST] Quarantine: (none)
152752551	ID:9	[LIST] Blacklist: (none)
152753182	ID:15	[HFS] ra=0 si=0 cx=49 ac=0
152757486	ID:6	[HFS] ra=0 si=0 cx=49 ac=0
152758818	ID:15	[LIST] Neighbors: 9,14,29,24,12,11,6,30
152759004	ID:9	FUZZRID,DET,12,1927,1927,0,0,0,0,0,0,0,0,0,0
152762455	ID:15	[LIST] Quarantine: (none)
152762463	ID:6	[LIST] Neighbors: 14,30,9,15,12,11
152765952	ID:15	[LIST] Blacklist: (none)
152766101	ID:6	[LIST] Quarantine: (none)
152769598	ID:6	[LIST] Blacklist: (none)
152772405	ID:15	FUZZRID,DET,12,1927,1927,0,0,0,0,0,0,0,0,0,0
152776050	ID:6	FUZZRID,DET,12,1927,1927,0,0,0,0,0,0,0,0,0,0
153664179	ID:3	[PKT-TX] DATA bytes=12  seq=1 
153801591	ID:1	[PKT-RX] DATA bytes=12 from=3 seq=1
153956809	ID:3	[PKT-RTT] seq=1,rtt_delay_ms=140
154369765	ID:19	[HFS] ra=0 si=0 cx=49 ac=0
154374548	ID:19	[LIST] Neighbors: 2,28,27,4,13,10
154378186	ID:19	[LIST] Quarantine: (none)
154381692	ID:19	[LIST] Blacklist: (none)
154387784	ID:19	FUZZRID,DET,13,832,832,0,0,0,0,0,0,0,0,0,0
156426030	ID:15	[PKT-TX] DATA bytes=13  seq=1 
156677842	ID:1	[PKT-RX] DATA bytes=13 from=15 seq=1
157844791	ID:26	[ATK-DBG] t=157s warm-up true_rank=1292 (not attacking yet)
157874287	ID:15	[PKT-RTT] seq=1,rtt_delay_ms=718
157927369	ID:22	[HFS] ra=0 si=0 cx=49 ac=0
157932739	ID:22	[LIST] Neighbors: 24,16,9,29,31,26,18
157936375	ID:22	[LIST] Quarantine: (none)
157938635	ID:16	[HFS] ra=0 si=0 cx=49 ac=0
157939880	ID:22	[LIST] Blacklist: (none)
157942872	ID:16	[LIST] Neighbors: 31,26,22,18
157946332	ID:22	FUZZRID,DET,26,1292,1292,0,0,0,0,0,0,1,0,0,0
157946509	ID:16	[LIST] Quarantine: (none)
157950006	ID:16	[LIST] Blacklist: (none)
157956459	ID:16	FUZZRID,DET,26,1292,1292,0,0,0,0,0,0,2,0,0,0
160471629	ID:17	[PKT-TX] DATA bytes=13  seq=1 
160527696	ID:1	[PKT-RX] DATA bytes=13 from=17 seq=1
160989615	ID:9	[HFS] ra=0 si=0 cx=49 ac=0
160994984	ID:9	[LIST] Neighbors: 14,24,6,12,29,15,22
160997707	ID:12	[HFS] ra=0 si=0 cx=49 ac=0
160998620	ID:9	[LIST] Quarantine: (none)
161002064	ID:12	[LIST] Neighbors: 9,29,15,11,6
161002117	ID:9	[LIST] Blacklist: (none)
161005701	ID:12	[LIST] Quarantine: (none)
161008579	ID:9	FUZZRID,DET,15,1588,1588,0,0,0,0,0,0,0,0,0,0
161009197	ID:12	[LIST] Blacklist: (none)
161010919	ID:6	[HFS] ra=0 si=0 cx=49 ac=0
161015654	ID:12	FUZZRID,DET,15,1588,1588,0,0,0,0,0,0,0,0,0,0
161015874	ID:6	[LIST] Neighbors: 14,30,9,15,12,11
161019512	ID:6	[LIST] Quarantine: (none)
161023008	ID:6	[LIST] Blacklist: (none)
161029499	ID:6	FUZZRID,DET,15,1588,1588,0,0,0,0,0,0,4,0,0,0
161092910	ID:14	[HFS] ra=0 si=0 cx=49 ac=0
161095539	ID:11	[HFS] ra=0 si=0 cx=49 ac=0
161098134	ID:14	[LIST] Neighbors: 20,25,30,24,9,6,15
161099189	ID:11	[LIST] Neighbors: 6,15,12
161101771	ID:14	[LIST] Quarantine: (none)
161102825	ID:11	[LIST] Quarantine: (none)
161105268	ID:14	[LIST] Blacklist: (none)
161106322	ID:11	[LIST] Blacklist: (none)
161111725	ID:14	FUZZRID,DET,15,1588,1588,0,0,0,0,0,0,0,0,0,0
161112779	ID:11	FUZZRID,DET,15,1588,1588,0,0,0,0,0,0,5,0,0,0
163217618	ID:9	[PKT-TX] DATA bytes=12  seq=1 
163249447	ID:22	[PKT-TX] DATA bytes=13  seq=1 
163426603	ID:1	[PKT-RX] DATA bytes=12 from=9 seq=1
163690565	ID:1	[PKT-RX] DATA bytes=13 from=22 seq=1
164377531	ID:6	[PKT-TX] DATA bytes=12  seq=1 
164797713	ID:22	[PKT-RTT] seq=1,rtt_delay_ms=773
164982885	ID:1	[PKT-RX] DATA bytes=12 from=6 seq=1
165403923	ID:20	[PKT-TX] DATA bytes=13  seq=1 
165551178	ID:1	[PKT-RX] DATA bytes=13 from=20 seq=1
165620760	ID:29	[ATK-DBG] t=164s warm-up true_rank=1603 (not attacking yet)
165797166	ID:10	[PKT-TX] DATA bytes=13  seq=1 
165927072	ID:1	[PKT-RX] DATA bytes=13 from=10 seq=1
168777571	ID:21	[PKT-TX] DATA bytes=13  seq=1 
168794260	ID:1	[PKT-RX] DATA bytes=13 from=21 seq=1
169450740	ID:8	[PKT-TX] DATA bytes=12  seq=1 
169607840	ID:1	[PKT-RX] DATA bytes=12 from=8 seq=1
169938985	ID:8	[PKT-RTT] seq=1,rtt_delay_ms=242
170653346	ID:14	[PKT-TX] DATA bytes=13  seq=1 
170803498	ID:1	[PKT-RX] DATA bytes=13 from=14 seq=1
171027044	ID:5	[PKT-TX] DATA bytes=12  seq=1 
171233875	ID:1	[PKT-RX] DATA bytes=12 from=5 seq=1
171506949	ID:5	[PKT-RTT] seq=1,rtt_delay_ms=234
171606117	ID:12	[PKT-TX] DATA bytes=13  seq=1 
171637162	ID:4	[PKT-TX] DATA bytes=12  seq=1 
171654929	ID:1	[PKT-RX] DATA bytes=12 from=4 seq=1
171892851	ID:18	[PKT-TX] DATA bytes=13  seq=1 
171927675	ID:1	[PKT-RX] DATA bytes=13 from=12 seq=1
171967159	ID:7	[PKT-TX] DATA bytes=12  seq=1 
172107745	ID:1	[PKT-RX] DATA bytes=12 from=7 seq=1
172352390	ID:7	[PKT-RTT] seq=1,rtt_delay_ms=187
172817494	ID:1	[PKT-RX] DATA bytes=13 from=18 seq=1
173119351	ID:12	[PKT-RTT] seq=1,rtt_delay_ms=750
174433397	ID:2	[PKT-TX] DATA bytes=12  seq=1 
174449817	ID:1	[PKT-RX] DATA bytes=12 from=2 seq=1
174735670	ID:11	[PKT-TX] DATA bytes=13  seq=1 
175051957	ID:1	[PKT-RX] DATA bytes=13 from=11 seq=1
175345375	ID:16	[PKT-TX] DATA bytes=13  seq=1 
175441161	ID:1	[PKT-RX] DATA bytes=13 from=16 seq=1
175467005	ID:11	[PKT-RTT] seq=1,rtt_delay_ms=359
175776246	ID:19	[PKT-TX] DATA bytes=13  seq=1 
175793040	ID:1	[PKT-RX] DATA bytes=13 from=19 seq=1
180071939	ID:26	[ATK-DBG] t=179s warm-up true_rank=1274 (not attacking yet)
180158853	ID:5	 23043 P 0.0 2 110929 5787114 34278 50151 0 41789 38158 1927862 11858 17669 0 13845 (radio 1.43% / 1.50% tx 0.58% / 0.60% listen 0.85% / 0.89%)
180187547	ID:16	[HFS] ra=0 si=0 cx=49 ac=0
180191784	ID:16	[LIST] Neighbors: 31,26,22,18
180195420	ID:16	[LIST] Quarantine: (none)
180198917	ID:16	[LIST] Blacklist: (none)
180205375	ID:16	FUZZRID,DET,26,1274,1274,0,0,0,0,0,0,2,0,0,0
180268840	ID:12	 23043 P 0.0 2 120716 5776743 28013 53277 0 44743 36369 1929457 6967 15227 0 12964 (radio 1.37% / 1.12% tx 0.47% / 0.35% listen 0.90% / 0.77%)
180299663	ID:4	 23043 P 0.0 2 96748 5801303 18243 43965 0 39396 26641 1939395 3172 14414 0 14054 (radio 1.05% / 0.89% tx 0.30% / 0.16% listen 0.74% / 0.73%)
180358207	ID:3	 23043 P 0.0 2 149382 5748428 40986 57174 0 43663 38255 1927679 6703 17096 0 14095 (radio 1.66% / 1.21% tx 0.69% / 0.34% listen 0.96% / 0.86%)
180416830	ID:21	 23043 P 0.0 2 120484 5776854 27263 49635 0 40918 31447 1934342 3251 15509 0 14392 (radio 1.30% / 0.95% tx 0.46% / 0.16% listen 0.84% / 0.78%)
180461223	ID:16	 23043 P 0.0 2 131815 5766236 41777 56129 0 44419 29060 1936977 3634 14276 0 13516 (radio 1.65% / 0.91% tx 0.70% / 0.18% listen 0.95% / 0.72%)
180513096	ID:9	 23043 P 0.0 2 196257 5701824 59667 73192 0 52478 55013 1911044 13817 20810 0 15320 (radio 2.25% / 1.76% tx 1.01% / 0.70% listen 1.24% / 1.05%)
180595532	ID:1	 23045 P 0.0 2 244501 5653744 59548 5838629 0 0 75894 1890071 19909 1946153 0 0 (radio 99.-9367% / 100.-8739% tx 1.00% / 1.01% listen 98.-9368% / 98.-8640%)
180629597	ID:7	 23043 P 0.0 2 192736 5705085 62795 67093 0 42394 64802 1901170 21538 22977 0 13206 (radio 2.20% / 2.26% tx 1.06% / 1.09% listen 1.13% / 1.16%)
180656911	ID:6	 23043 P 0.0 2 188715 5709331 60680 64033 0 46499 41455 1924575 6007 15940 0 13632 (radio 2.11% / 1.11% tx 1.02% / 0.30% listen 1.08% / 0.81%)
180668608	ID:20	 23043 P 0.0 2 266342 5631602 102547 91964 0 47471 91446 1874583 33142 29063 0 14283 (radio 3.29% / 3.16% tx 1.73% / 1.68% listen 1.55% / 1.47%)
180689966	ID:2	 23043 P 0.0 2 245448 5652454 47770 79892 0 48791 86873 1879027 22292 28244 0 16267 (radio 2.16% / 2.57% tx 0.80% / 1.13% listen 1.35% / 1.43%)
180699862	ID:22	 23043 P 0.0 2 177842 5720227 53703 70485 0 53823 42319 1923744 6688 18584 0 15829 (radio 2.10% / 1.28% tx 0.91% / 0.34% listen 1.19% / 0.94%)
180760137	ID:13	[PKT-TX] DATA bytes=13  seq=1 
180775473	ID:15	 23043 P 0.0 2 208951 5689039 58987 76705 0 53203 56487 1909535 11182 20174 0 14792 (radio 2.30% / 1.59% tx 1.00% / 0.56% listen 1.30% / 1.02%)
180857696	ID:1	[PKT-RX] DATA bytes=13 from=13 seq=1
180892041	ID:19	 23043 P 0.0 2 135165 5762929 21147 54586 0 46582 40192 1925872 3175 17193 0 16006 (radio 1.28% / 1.03% tx 0.35% / 0.16% listen 0.92% / 0.87%)
180938327	ID:13	 23043 P 0.0 2 195067 5702790 67916 69763 0 44340 54804 1911195 16449 21510 0 14819 (radio 2.33% / 1.93% tx 1.15% / 0.83% listen 1.18% / 1.09%)
180954664	ID:17	 23043 P 0.0 2 105952 5792086 23374 48663 0 44373 27978 1938060 3702 15130 0 14324 (radio 1.22% / 0.95% tx 0.39% / 0.18% listen 0.82% / 0.76%)
180991810	ID:11	 23043 P 0.0 2 146443 5751503 58187 57572 0 39706 34816 1931183 9498 15547 0 12152 (radio 1.96% / 1.27% tx 0.98% / 0.48% listen 0.97% / 0.79%)
181024247	ID:18	 23043 P 0.0 2 108196 5789900 28595 51391 0 43524 29024 1937035 5949 15012 0 13611 (radio 1.35% / 1.06% tx 0.48% / 0.30% listen 0.87% / 0.76%)
181061451	ID:10	 23043 P 0.0 2 192707 5705335 54318 76431 0 57121 52763 1913285 9680 23136 0 18621 (radio 2.21% / 1.66% tx 0.92% / 0.49% listen 1.29% / 1.17%)
181090083	ID:8	 23043 P 0.0 2 121357 5776738 33045 50228 0 41789 34847 1931203 7271 16178 0 13821 (radio 1.41% / 1.19% tx 0.56% / 0.36% listen 0.85% / 0.82%)
181112912	ID:14	 23043 P 0.0 2 199071 5698999 61585 75420 0 54052 47353 1918710 7515 20432 0 17491 (radio 2.32% / 1.42% tx 1.04% / 0.38% listen 1.27% / 1.03%)
182608822	ID:22	[PKT-TX] DATA bytes=13  seq=2 
182689943	ID:1	[PKT-RX] DATA bytes=13 from=22 seq=2
182721612	ID:17	[PKT-TX] DATA bytes=13  seq=2 
182846060	ID:13	[PKT-TX] DATA bytes=13  seq=2 
182981401	ID:1	[PKT-RX] DATA bytes=13 from=13 seq=2
183674340	ID:22	[PKT-RTT] seq=2,rtt_delay_ms=531
183782868	ID:16	[PKT-TX] DATA bytes=13  seq=2 
183902796	ID:1	[PKT-RX] DATA bytes=13 from=17 seq=2
184213739	ID:19	[PKT-TX] DATA bytes=13  seq=2 
184230402	ID:1	[PKT-RX] DATA bytes=13 from=19 seq=2
184317277	ID:1	[PKT-RX] DATA bytes=13 from=16 seq=2
184380471	ID:20	[PKT-TX] DATA bytes=13  seq=2 
184426513	ID:1	[PKT-RX] DATA bytes=13 from=20 seq=2
184489470	ID:15	[PKT-TX] DATA bytes=13  seq=2 
184687119	ID:1	[PKT-RX] DATA bytes=13 from=15 seq=2
184999106	ID:15	[PKT-RTT] seq=2,rtt_delay_ms=250
189220041	ID:11	[PKT-TX] DATA bytes=13  seq=2 
189340839	ID:14	[PKT-TX] DATA bytes=13  seq=2 
189428331	ID:1	[PKT-RX] DATA bytes=13 from=11 seq=2
189976671	ID:3	[PKT-TX] DATA bytes=12  seq=2 
190215764	ID:11	[PKT-RTT] seq=2,rtt_delay_ms=492
190302538	ID:1	[PKT-RX] DATA bytes=13 from=14 seq=2
190550585	ID:1	[PKT-RX] DATA bytes=12 from=3 seq=2
190777564	ID:21	[PKT-TX] DATA bytes=13  seq=2 
190794260	ID:1	[PKT-RX] DATA bytes=13 from=21 seq=2
190957866	ID:3	[PKT-RTT] seq=2,rtt_delay_ms=484
191880422	ID:8	[PKT-TX] DATA bytes=12  seq=2 
192107338	ID:1	[PKT-RX] DATA bytes=12 from=8 seq=2
192437921	ID:8	[PKT-RTT] seq=2,rtt_delay_ms=273
192967611	ID:9	[PKT-TX] DATA bytes=12  seq=2 
193176607	ID:1	[PKT-RX] DATA bytes=12 from=9 seq=2
194797158	ID:10	[PKT-TX] DATA bytes=13  seq=2 
194926956	ID:1	[PKT-RX] DATA bytes=13 from=10 seq=2
195464632	ID:2	[PKT-TX] DATA bytes=12  seq=2 
195480944	ID:1	[PKT-RX] DATA bytes=12 from=2 seq=2
197076152	ID:27	[ATK-DBG] t=196s warm-up true_rank=512 (not attacking yet)
197082150	ID:31	[ATK-DBG] t=196s warm-up true_rank=846 (not attacking yet)
197127256	ID:28	[ATK-DBG] t=196s warm-up true_rank=512 (not attacking yet)
197416038	ID:2	[HFS] ra=0 si=0 cx=49 ac=0
197421834	ID:2	[LIST] Neighbors: 28,19,27,13,10,3,20,23
197425471	ID:2	[LIST] Quarantine: (none)
197428967	ID:2	[LIST] Blacklist: (none)
197435061	ID:2	FUZZRID,DET,27,512,512,0,0,0,0,0,0,1,0,0,0
197680764	ID:17	[HFS] ra=0 si=0 cx=49 ac=0
197684855	ID:17	[LIST] Neighbors: 21,27,3,31
197688491	ID:17	[LIST] Quarantine: (none)
197691988	ID:17	[LIST] Blacklist: (none)
197698081	ID:17	FUZZRID,DET,31,846,846,0,0,0,0,0,0,1,0,0,0
197792336	ID:2	[HFS] ra=0 si=0 cx=49 ac=0
197798132	ID:2	[LIST] Neighbors: 28,19,27,13,10,3,20,23
197801768	ID:2	[LIST] Quarantine: (none)
197805265	ID:2	[LIST] Blacklist: (none)
197811360	ID:2	FUZZRID,DET,19,512,512,0,0,0,0,0,0,1,0,0,0
198534852	ID:5	[PKT-TX] DATA bytes=12  seq=2 
198920493	ID:2	[HFS] ra=0 si=0 cx=49 ac=0
198926288	ID:2	[LIST] Neighbors: 28,19,27,13,10,3,20,23
198929925	ID:2	[LIST] Quarantine: (none)
198933422	ID:2	[LIST] Blacklist: (none)
198939516	ID:2	FUZZRID,DET,28,512,512,0,0,0,0,0,0,1,0,0,0
199097117	ID:7	[PKT-TX] DATA bytes=12  seq=2 
199106856	ID:1	[PKT-RX] DATA bytes=12 from=5 seq=2
199383537	ID:5	[PKT-RTT] seq=2,rtt_delay_ms=421
199606942	ID:1	[PKT-RX] DATA bytes=12 from=7 seq=2
199753340	ID:6	[PKT-TX] DATA bytes=12  seq=2 
199854389	ID:7	[PKT-RTT] seq=2,rtt_delay_ms=375
200488315	ID:1	[PKT-RX] DATA bytes=12 from=6 seq=2
202131146	ID:25	[ATK-LAUNCHED] *** ATTACK LAUNCHED *** type=4 stage=1 delta=20 true_rank=1136 t=201s
202139739	ID:25	[ATK-FAKE-RANK]  true_rank=1136 fake_rank=1156 t=11720s
202268695	ID:20	[HFS] ra=0 si=0 cx=49 ac=0
202274050	ID:20	[LIST] Neighbors: 2,10,25,14,28,23,24
202277687	ID:20	[LIST] Quarantine: (none)
202281184	ID:20	[LIST] Blacklist: (none)
202287945	ID:20	FUZZRID,DET,25,1156,1136,20,0,7,25,5,0,0,0,0,0
203587054	ID:24	[ATK-LAUNCHED] *** ATTACK LAUNCHED *** type=4 stage=1 delta=20 true_rank=1116 t=203s
203595648	ID:24	[ATK-FAKE-RANK]  true_rank=1116 fake_rank=1136 t=11720s
204705344	ID:18	[PKT-TX] DATA bytes=13  seq=2 
204819376	ID:8	[HFS] ra=0 si=0 cx=49 ac=0
204823306	ID:8	[LIST] Neighbors: 7,25,5,30
204826943	ID:8	[LIST] Quarantine: (none)
204830440	ID:8	[LIST] Blacklist: (none)
204836755	ID:8	FUZZRID,DET,5,1064,1064,0,0,0,0,0,0,0,0,0,0
205168610	ID:12	[PKT-TX] DATA bytes=13  seq=2 
205192091	ID:1	[PKT-RX] DATA bytes=13 from=18 seq=2
205199663	ID:4	[PKT-TX] DATA bytes=12  seq=2 
205216276	ID:1	[PKT-RX] DATA bytes=12 from=4 seq=2
205427496	ID:1	[PKT-RX] DATA bytes=13 from=12 seq=2
205728038	ID:30	[ATK-LAUNCHED] *** ATTACK LAUNCHED *** type=4 stage=1 delta=20 true_rank=1426 t=205s
205736629	ID:30	[ATK-FAKE-RANK]  true_rank=1426 fake_rank=1446 t=11720s
205816348	ID:8	[HFS] ra=0 si=0 cx=49 ac=0
205820278	ID:8	[LIST] Neighbors: 7,25,5,30
205823915	ID:8	[LIST] Quarantine: (none)
205827445	ID:8	[LIST] Blacklist: (none)
205834179	ID:8	FUZZRID,DET,30,1446,1426,20,0,7,25,5,0,0,0,0,0
205866565	ID:12	[PKT-RTT] seq=2,rtt_delay_ms=343
207257999	ID:6	[HFS] ra=0 si=0 cx=49 ac=0
207262942	ID:6	[LIST] Neighbors: 14,30,9,15,12,11
207266580	ID:6	[LIST] Quarantine: (none)
207270076	ID:6	[LIST] Blacklist: (none)
207276392	ID:6	FUZZRID,DET,9,1454,1454,0,0,0,0,0,0,2,0,0,0
207565360	ID:16	[HFS] ra=0 si=0 cx=49 ac=0
207569597	ID:16	[LIST] Neighbors: 31,26,22,18
207573234	ID:16	[LIST] Quarantine: (none)
207576731	ID:16	[LIST] Blacklist: (none)
207583214	ID:16	FUZZRID,DET,22,1120,1120,0,0,0,0,0,0,8,0,0,0
207864330	ID:9	[HFS] ra=0 si=0 cx=49 ac=0
207869699	ID:9	[LIST] Neighbors: 14,24,6,12,29,15,22
207873336	ID:9	[LIST] Quarantine: (none)
207876833	ID:9	[LIST] Blacklist: (none)
207883160	ID:9	FUZZRID,DET,6,1657,1657,0,0,0,0,0,0,8,0,0,0
209303095	ID:22	[HFS] ra=0 si=0 cx=49 ac=0
209308465	ID:22	[LIST] Neighbors: 24,16,9,29,31,26,18
209312101	ID:22	[LIST] Quarantine: (none)
209315598	ID:22	[LIST] Blacklist: (none)
209322051	ID:22	FUZZRID,DET,18,1644,1644,0,0,0,0,0,0,0,0,0,0
211120421	ID:12	[HFS] ra=0 si=0 cx=49 ac=0
211124807	ID:12	[LIST] Neighbors: 9,29,15,11,6
211128444	ID:12	[LIST] Quarantine: (none)
211131940	ID:12	[LIST] Blacklist: (none)
211138397	ID:12	FUZZRID,DET,11,1892,1892,0,0,0,0,0,0,2,0,0,0
213430299	ID:22	[HFS] ra=0 si=0 cx=49 ac=0
213435669	ID:22	[LIST] Neighbors: 24,16,9,29,31,26,18
213438185	ID:16	[HFS] ra=0 si=0 cx=49 ac=0
213439320	ID:22	[LIST] Quarantine: (none)
213442422	ID:16	[LIST] Neighbors: 31,26,22,18
213442817	ID:22	[LIST] Blacklist: (none)
213446059	ID:16	[LIST] Quarantine: (none)
213449271	ID:22	FUZZRID,DET,18,1376,1376,0,0,0,0,0,0,3,0,0,0
213449563	ID:16	[LIST] Blacklist: (none)
213456017	ID:16	FUZZRID,DET,18,1376,1376,0,0,0,0,0,0,3,0,0,0
214330687	ID:18	[PKT-TX] DATA bytes=13  seq=3 
214567418	ID:1	[PKT-RX] DATA bytes=13 from=18 seq=3
214872117	ID:18	[PKT-RTT] seq=3,rtt_delay_ms=265
215699467	ID:15	[PKT-TX] DATA bytes=13  seq=3 
215927664	ID:1	[PKT-RX] DATA bytes=13 from=15 seq=3
216248128	ID:15	[PKT-RTT] seq=3,rtt_delay_ms=273
219151290	ID:13	[PKT-TX] DATA bytes=13  seq=3 
219231760	ID:1	[PKT-RX] DATA bytes=13 from=13 seq=3
219305848	ID:22	[HFS] ra=0 si=0 cx=49 ac=0
219311218	ID:22	[LIST] Neighbors: 24,16,9,29,31,26,18
219313428	ID:16	[HFS] ra=0 si=0 cx=49 ac=0
219314879	ID:22	[LIST] Quarantine: (none)
219317665	ID:16	[LIST] Neighbors: 31,26,22,18
219318376	ID:22	[LIST] Blacklist: (none)
219321302	ID:16	[LIST] Quarantine: (none)
219324799	ID:16	[LIST] Blacklist: (none)
219324830	ID:22	FUZZRID,DET,18,1376,1376,0,0,0,0,0,0,3,0,0,0
219331260	ID:16	FUZZRID,DET,18,1376,1376,0,0,0,0,0,0,3,0,0,0
220019752	ID:21	[PKT-TX] DATA bytes=13  seq=3 
220036494	ID:1	[PKT-RX] DATA bytes=13 from=21 seq=3
220232239	ID:7	[PKT-TX] DATA bytes=12  seq=3 
220357771	ID:1	[PKT-RX] DATA bytes=12 from=7 seq=3
220979554	ID:7	[PKT-RTT] seq=3,rtt_delay_ms=367
221235993	ID:16	[PKT-TX] DATA bytes=13  seq=3 
221317295	ID:1	[PKT-RX] DATA bytes=13 from=16 seq=3
222862977	ID:5	[PKT-TX] DATA bytes=12  seq=3 
223107045	ID:1	[PKT-RX] DATA bytes=12 from=5 seq=3
223275742	ID:6	[PKT-TX] DATA bytes=12  seq=3 
223529441	ID:8	[PKT-TX] DATA bytes=12  seq=3 
223659121	ID:17	[PKT-TX] DATA bytes=13  seq=3 
223667587	ID:2	[HFS] ra=0 si=0 cx=49 ac=0
223673382	ID:2	[LIST] Neighbors: 28,19,27,13,10,3,20,23
223677047	ID:2	[LIST] Quarantine: (none)
223680544	ID:2	[LIST] Blacklist: (none)
223686636	ID:2	FUZZRID,DET,20,812,812,0,0,0,0,0,0,1,0,0,0
223717859	ID:14	[HFS] ra=0 si=0 cx=49 ac=0
223723082	ID:14	[LIST] Neighbors: 20,25,30,24,9,6,15
223726719	ID:14	[LIST] Quarantine: (none)
223730216	ID:14	[LIST] Blacklist: (none)
223736309	ID:14	FUZZRID,DET,20,812,812,0,0,0,0,0,0,1,0,0,0
223776765	ID:1	[PKT-RX] DATA bytes=13 from=17 seq=3
223881701	ID:5	[PKT-RTT] seq=3,rtt_delay_ms=507
224232745	ID:1	[PKT-RX] DATA bytes=12 from=8 seq=3
224563455	ID:8	[PKT-RTT] seq=3,rtt_delay_ms=515
225107702	ID:1	[PKT-RX] DATA bytes=12 from=6 seq=3
225425577	ID:2	[PKT-TX] DATA bytes=12  seq=3 
225442060	ID:1	[PKT-RX] DATA bytes=12 from=2 seq=3
225460403	ID:22	[PKT-TX] DATA bytes=13  seq=3 
226067698	ID:1	[PKT-RX] DATA bytes=13 from=22 seq=3
226299686	ID:22	[PKT-RTT] seq=3,rtt_delay_ms=414
226935166	ID:20	[PKT-TX] DATA bytes=13  seq=3 
227053084	ID:1	[PKT-RX] DATA bytes=13 from=20 seq=3
228121734	ID:12	[HFS] ra=0 si=0 cx=49 ac=0
228126091	ID:12	[LIST] Neighbors: 9,29,15,11,6
228126358	ID:15	[HFS] ra=0 si=0 cx=49 ac=0
228129728	ID:12	[LIST] Quarantine: (none)
228131994	ID:15	[LIST] Neighbors: 9,14,29,24,12,11,6,30
228133225	ID:12	[LIST] Blacklist: (none)
228135015	ID:6	[HFS] ra=0 si=0 cx=49 ac=0
228135631	ID:15	[LIST] Quarantine: (none)
228139127	ID:15	[LIST] Blacklist: (none)
228139577	ID:12	FUZZRID,DET,9,1454,1454,0,0,0,0,0,0,2,0,0,0
228139958	ID:6	[LIST] Neighbors: 14,30,9,15,12,11
228143596	ID:6	[LIST] Quarantine: (none)
228145443	ID:15	FUZZRID,DET,9,1454,1454,0,0,0,0,0,0,3,0,0,0
228147100	ID:6	[LIST] Blacklist: (none)
228153415	ID:6	FUZZRID,DET,9,1454,1454,0,0,0,0,0,0,2,0,0,0
228177981	ID:22	[HFS] ra=0 si=0 cx=49 ac=0
228183381	ID:22	[LIST] Neighbors: 24,16,9,29,31,26,18
228187017	ID:22	[LIST] Quarantine: (none)
228190514	ID:22	[LIST] Blacklist: (none)
228196858	ID:22	FUZZRID,DET,9,1454,1454,0,0,0,0,0,0,2,0,0,0
228217047	ID:14	[HFS] ra=0 si=0 cx=49 ac=0
228222295	ID:14	[LIST] Neighbors: 20,25,30,24,9,6,15
228225933	ID:14	[LIST] Quarantine: (none)
228229430	ID:14	[LIST] Blacklist: (none)
228235779	ID:14	FUZZRID,DET,9,1454,1454,0,0,0,0,0,0,0,0,0,0
228357578	ID:7	[HFS] ra=0 si=0 cx=49 ac=0
228362374	ID:7	[LIST] Neighbors: 28,13,10,25,5,8
228366012	ID:7	[LIST] Quarantine: (none)
228369509	ID:7	[LIST] Blacklist: (none)
228370950	ID:19	[HFS] ra=0 si=0 cx=49 ac=0
228375601	ID:7	FUZZRID,DET,13,810,810,0,0,0,0,0,0,3,0,0,0
228375733	ID:19	[LIST] Neighbors: 2,28,27,4,13,10
228379371	ID:19	[LIST] Quarantine: (none)
228382868	ID:19	[LIST] Blacklist: (none)
228388959	ID:19	FUZZRID,DET,13,810,810,0,0,0,0,0,0,0,0,0,0
228413531	ID:10	[HFS] ra=0 si=0 cx=49 ac=0
228418029	ID:2	[HFS] ra=0 si=0 cx=49 ac=0
228419166	ID:10	[LIST] Neighbors: 2,28,13,7,25,20,23,19
228422803	ID:10	[LIST] Quarantine: (none)
228423825	ID:2	[LIST] Neighbors: 28,19,27,13,10,3,20,23
228426328	ID:10	[LIST] Blacklist: (none)
228427467	ID:2	[LIST] Quarantine: (none)
228430963	ID:2	[LIST] Blacklist: (none)
228432420	ID:10	FUZZRID,DET,13,810,810,0,0,0,0,0,0,3,0,0,0
228437055	ID:2	FUZZRID,DET,13,810,810,0,0,0,0,0,0,4,0,0,0
228629581	ID:12	[PKT-TX] DATA bytes=13  seq=3 
229293990	ID:14	[PKT-TX] DATA bytes=13  seq=3 
229427810	ID:1	[PKT-RX] DATA bytes=13 from=12 seq=3
229442474	ID:30	[ATK-FAKE-RANK]  true_rank=1302 fake_rank=1466 t=11720s
229504525	ID:15	[HFS] ra=74 si=0 cx=49 ac=95
229510161	ID:15	[LIST] Neighbors: 9,14,29,24,12,11,6,30
229511532	ID:6	[HFS] ra=74 si=0 cx=49 ac=95
229513798	ID:15	[LIST] Quarantine: (none)
229516476	ID:6	[LIST] Neighbors: 14,30,9,15,12,11
229517295	ID:15	[LIST] Blacklist: (none)
229520143	ID:6	[LIST] Quarantine: (none)
229523640	ID:6	[LIST] Blacklist: (none)
229524942	ID:15	FUZZRID,DET,30,1466,1302,164,0,60,93,40,0,3,0,95,100
229531289	ID:6	FUZZRID,DET,30,1466,1302,164,0,59,91,39,0,4,0,95,100
229567064	ID:8	[HFS] ra=74 si=0 cx=49 ac=95
229570995	ID:8	[LIST] Neighbors: 7,25,5,30
229574631	ID:8	[LIST] Quarantine: (none)
229578144	ID:8	[LIST] Blacklist: (none)
229585793	ID:8	FUZZRID,DET,30,1466,1302,164,0,60,93,35,0,3,0,95,100
229926254	ID:1	[PKT-RX] DATA bytes=13 from=14 seq=3
230744823	ID:12	[PKT-RTT] seq=3,rtt_delay_ms=1054
232539346	ID:10	[PKT-TX] DATA bytes=13  seq=3 
232687272	ID:1	[PKT-RX] DATA bytes=13 from=10 seq=3
233274918	ID:27	[ATK-LAUNCHED] *** ATTACK LAUNCHED *** type=4 stage=1 delta=20 true_rank=512 t=232s
233283151	ID:27	[ATK-FAKE-RANK]  true_rank=512 fake_rank=532 t=11720s
233305025	ID:1	[HFS] ra=0 si=0 cx=49 ac=0
233308756	ID:17	[HFS] ra=0 si=0 cx=49 ac=0
233310088	ID:1	[LIST] Neighbors: 2,21,28,4,19,27,3
233312847	ID:17	[LIST] Neighbors: 21,27,3,31
233313724	ID:1	[LIST] Quarantine: (none)
233316484	ID:17	[LIST] Quarantine: (none)
233317221	ID:1	[LIST] Blacklist: (none)
233319981	ID:17	[LIST] Blacklist: (none)
233323595	ID:1	FUZZRID,DET,27,532,512,20,0,7,25,5,0,0,0,0,0
233326380	ID:17	FUZZRID,DET,27,532,512,20,0,7,25,5,0,0,0,0,0
233335312	ID:3	[HFS] ra=0 si=0 cx=49 ac=0
233340241	ID:3	[LIST] Neighbors: 2,23,17,31,27,21
233343879	ID:3	[LIST] Quarantine: (none)
233347386	ID:3	[LIST] Blacklist: (none)
233353760	ID:3	FUZZRID,DET,27,532,512,20,0,7,25,5,0,0,0,0,0
233369358	ID:19	[HFS] ra=0 si=0 cx=49 ac=0
233374141	ID:19	[LIST] Neighbors: 2,28,27,4,13,10
233377779	ID:19	[LIST] Quarantine: (none)
233381276	ID:19	[LIST] Blacklist: (none)
233387650	ID:19	FUZZRID,DET,27,532,512,20,0,7,25,5,0,0,0,0,0
233394414	ID:21	[HFS] ra=0 si=0 cx=49 ac=0
233398351	ID:21	[LIST] Neighbors: 4,27,3,17
233401988	ID:21	[LIST] Quarantine: (none)
233403070	ID:4	[HFS] ra=0 si=0 cx=49 ac=0
233405485	ID:21	[LIST] Blacklist: (none)
233406900	ID:4	[LIST] Neighbors: 21,19,27
233410537	ID:4	[LIST] Quarantine: (none)
233411863	ID:21	FUZZRID,DET,27,532,512,20,0,7,25,5,0,0,0,0,0
233414034	ID:4	[LIST] Blacklist: (none)
233416386	ID:2	[HFS] ra=0 si=0 cx=49 ac=0
233420408	ID:4	FUZZRID,DET,27,532,512,20,0,7,25,5,0,0,0,0,0
233422215	ID:2	[LIST] Neighbors: 28,19,27,13,10,3,20,23
233425852	ID:2	[LIST] Quarantine: (none)
233429348	ID:2	[LIST] Blacklist: (none)
233435723	ID:2	FUZZRID,DET,27,532,512,20,0,7,25,5,0,1,0,0,0
234106089	ID:26	[ATK-LAUNCHED] *** ATTACK LAUNCHED *** type=4 stage=1 delta=20 true_rank=1244 t=233s
234114682	ID:26	[ATK-FAKE-RANK]  true_rank=1244 fake_rank=1264 t=11720s
234187120	ID:16	[HFS] ra=0 si=0 cx=49 ac=0
234191357	ID:16	[LIST] Neighbors: 31,26,22,18
234194994	ID:16	[LIST] Quarantine: (none)
234198491	ID:16	[LIST] Blacklist: (none)
234205228	ID:16	FUZZRID,DET,26,1264,1244,20,0,7,25,5,0,1,0,0,0
234251260	ID:18	[HFS] ra=0 si=0 cx=49 ac=0
234255497	ID:18	[LIST] Neighbors: 26,22,29,16
234256680	ID:9	[PKT-TX] DATA bytes=12  seq=3 
234259134	ID:18	[LIST] Quarantine: (none)
234262638	ID:18	[LIST] Blacklist: (none)
234269375	ID:18	FUZZRID,DET,26,1264,1244,20,0,7,25,4,0,4,0,0,0
234390734	ID:3	[PKT-TX] DATA bytes=12  seq=3 
234426850	ID:1	[PKT-RX] DATA bytes=12 from=3 seq=3
234687685	ID:1	[PKT-RX] DATA bytes=12 from=9 seq=3
234979404	ID:1	[HFS] ra=0 si=0 cx=49 ac=0
234984467	ID:1	[LIST] Neighbors: 2,21,28,4,19,27,3
234988104	ID:1	[LIST] Quarantine: (none)
234991601	ID:1	[LIST] Blacklist: (none)
234996805	ID:19	[HFS] ra=0 si=0 cx=49 ac=0
234997556	ID:1	FUZZRID,DET,2,512,512,0,0,0,0,0,0,4,0,0,0
235001588	ID:19	[LIST] Neighbors: 2,28,27,4,13,10
235005226	ID:19	[LIST] Quarantine: (none)
235008722	ID:19	[LIST] Blacklist: (none)
235014678	ID:19	FUZZRID,DET,2,512,512,0,0,0,0,0,0,4,0,0,0
235022361	ID:20	[HFS] ra=0 si=0 cx=49 ac=0
235027716	ID:20	[LIST] Neighbors: 2,10,25,14,28,23,24
235031387	ID:20	[LIST] Quarantine: (none)
235034884	ID:20	[LIST] Blacklist: (none)
235039544	ID:13	[HFS] ra=0 si=0 cx=49 ac=0
235039829	ID:10	[HFS] ra=0 si=0 cx=49 ac=0
235040839	ID:20	FUZZRID,DET,2,512,512,0,0,0,0,0,0,6,0,0,0
235044327	ID:13	[LIST] Neighbors: 2,28,19,10,7,25
235045464	ID:10	[LIST] Neighbors: 2,28,13,7,25,20,23,19
235047965	ID:13	[LIST] Quarantine: (none)
235049101	ID:10	[LIST] Quarantine: (none)
235051461	ID:13	[LIST] Blacklist: (none)
235052598	ID:10	[LIST] Blacklist: (none)
235057417	ID:13	FUZZRID,DET,2,512,512,0,0,0,0,0,0,5,0,0,0
235058582	ID:10	FUZZRID,DET,2,512,512,0,0,0,0,0,0,7,0,0,0
235086378	ID:3	[HFS] ra=0 si=0 cx=49 ac=0
235091308	ID:3	[LIST] Neighbors: 2,23,17,31,27,21
235094945	ID:3	[LIST] Quarantine: (none)
235098442	ID:3	[LIST] Blacklist: (none)
235104398	ID:3	FUZZRID,DET,2,512,512,0,0,0,0,0,0,5,0,0,0
235538419	ID:10	[HFS] ra=0 si=0 cx=49 ac=0
235544054	ID:10	[LIST] Neighbors: 2,28,13,7,25,20,23,19
235547691	ID:10	[LIST] Quarantine: (none)
235551188	ID:10	[LIST] Blacklist: (none)
235557145	ID:10	FUZZRID,DET,7,772,772,0,0,0,0,0,0,5,0,0,0
235691823	ID:30	[ATK-FAKE-RANK]  true_rank=1302 fake_rank=1486 t=11720s
235718654	ID:14	[HFS] ra=74 si=47 cx=49 ac=82
235723878	ID:14	[LIST] Neighbors: 20,25,30,24,9,6,15
235727542	ID:14	[LIST] Quarantine: (none)
235731039	ID:14	[LIST] Blacklist: (none)
235738723	ID:14	FUZZRID,DET,30,1486,1302,184,0,67,100,45,0,3,0,82,55
235753632	ID:15	[HFS] ra=74 si=47 cx=49 ac=82
235759290	ID:15	[LIST] Neighbors: 9,14,29,24,12,11,6,30
235760665	ID:6	[HFS] ra=74 si=47 cx=49 ac=82
235762927	ID:15	[LIST] Quarantine: (none)
235765609	ID:6	[LIST] Neighbors: 14,30,9,15,12,11
235766423	ID:15	[LIST] Blacklist: (none)
235769246	ID:6	[LIST] Quarantine: (none)
235772743	ID:6	[LIST] Blacklist: (none)
235773971	ID:15	FUZZRID,DET,30,1486,1302,184,0,67,100,4,0,3,0,82,75
235780252	ID:6	FUZZRID,DET,30,1486,1302,184,0,66,100,4,0,4,0,82,75
235790003	ID:1	[HFS] ra=0 si=0 cx=49 ac=0
235794174	ID:2	[HFS] ra=0 si=0 cx=49 ac=0
235795066	ID:1	[LIST] Neighbors: 2,21,28,4,19,27,3
235798702	ID:1	[LIST] Quarantine: (none)
235799969	ID:2	[LIST] Neighbors: 28,19,27,13,10,3,20,23
235802213	ID:1	[LIST] Blacklist: (none)
235803606	ID:2	[LIST] Quarantine: (none)
235806209	ID:17	[HFS] ra=0 si=0 cx=49 ac=0
235807103	ID:2	[LIST] Blacklist: (none)
235808166	ID:1	FUZZRID,DET,3,824,824,0,0,0,0,0,0,0,0,0,0
235810299	ID:17	[LIST] Neighbors: 21,27,3,31
235813056	ID:2	FUZZRID,DET,3,824,824,0,0,0,0,0,0,2,0,0,0
235813936	ID:17	[LIST] Quarantine: (none)
235816562	ID:8	[HFS] ra=74 si=48 cx=49 ac=82
235817444	ID:17	[LIST] Blacklist: (none)
235820494	ID:8	[LIST] Neighbors: 7,25,5,30
235823396	ID:17	FUZZRID,DET,3,824,824,0,0,0,0,0,0,0,0,0,0
235824131	ID:8	[LIST] Quarantine: (none)
235827628	ID:8	[LIST] Blacklist: (none)
235835136	ID:8	FUZZRID,DET,30,1486,1302,184,0,71,100,5,0,0,0,82,75
236118485	ID:11	[PKT-TX] DATA bytes=13  seq=3 
236426488	ID:1	[PKT-RX] DATA bytes=13 from=11 seq=3
238315532	ID:16	[HFS] ra=0 si=0 cx=49 ac=0
238319769	ID:16	[LIST] Neighbors: 31,26,22,18
238323406	ID:16	[LIST] Quarantine: (none)
238326903	ID:16	[LIST] Blacklist: (none)
238333357	ID:16	FUZZRID,DET,18,1376,1376,0,0,0,0,0,0,3,0,0,0
238427580	ID:22	[HFS] ra=0 si=0 cx=49 ac=0
238432961	ID:22	[LIST] Neighbors: 24,16,9,29,31,26,18
238436598	ID:22	[LIST] Quarantine: (none)
238440095	ID:22	[LIST] Blacklist: (none)
238446574	ID:22	FUZZRID,DET,18,1376,1376,0,0,0,0,0,0,3,0,0,0
238481759	ID:7	[HFS] ra=0 si=0 cx=49 ac=0
238486556	ID:7	[LIST] Neighbors: 28,13,10,25,5,8
238490193	ID:7	[LIST] Quarantine: (none)
238493690	ID:7	[LIST] Blacklist: (none)
238499801	ID:7	FUZZRID,DET,13,810,810,0,0,0,0,0,0,3,0,0,0
238616402	ID:9	[HFS] ra=0 si=0 cx=49 ac=0
238621786	ID:9	[LIST] Neighbors: 14,24,6,12,29,15,22
238625422	ID:9	[LIST] Quarantine: (none)
238628919	ID:9	[LIST] Blacklist: (none)
238633535	ID:6	[HFS] ra=0 si=0 cx=49 ac=0
238635399	ID:9	FUZZRID,DET,14,1298,1298,0,0,0,0,0,0,2,0,0,0
238638512	ID:6	[LIST] Neighbors: 14,30,9,15,12,11
238642150	ID:6	[LIST] Quarantine: (none)
238645646	ID:6	[LIST] Blacklist: (none)
238646826	ID:20	[HFS] ra=0 si=0 cx=49 ac=0
238652121	ID:6	FUZZRID,DET,14,1298,1298,0,0,0,0,0,0,3,0,0,0
238652182	ID:20	[LIST] Neighbors: 2,10,25,14,28,23,24
238655827	ID:20	[LIST] Quarantine: (none)
238659324	ID:20	[LIST] Blacklist: (none)
238665776	ID:20	FUZZRID,DET,14,1298,1298,0,0,0,0,0,0,1,0,0,0
239314070	ID:25	[ATK-FAKE-RANK]  true_rank=1132 fake_rank=1176 t=11720s
239340483	ID:14	[HFS] ra=71 si=0 cx=49 ac=93
239345707	ID:14	[LIST] Neighbors: 20,25,30,24,9,6,15
239349343	ID:14	[LIST] Quarantine: (none)
239352840	ID:14	[LIST] Blacklist: (none)
239357912	ID:7	[HFS] ra=71 si=0 cx=49 ac=93
239360311	ID:14	FUZZRID,DET,25,1176,1132,44,0,17,67,11,0,0,0,93,100
239362714	ID:7	[LIST] Neighbors: 28,13,10,25,5,8
239366351	ID:7	[LIST] Quarantine: (none)
239369849	ID:7	[LIST] Blacklist: (none)
239377355	ID:7	FUZZRID,DET,25,1176,1132,44,0,17,67,11,0,0,0,93,100
239387260	ID:5	[HFS] ra=71 si=0 cx=49 ac=93
239390788	ID:5	[LIST] Neighbors: 7,8,25
239394424	ID:5	[LIST] Quarantine: (none)
239396165	ID:20	[HFS] ra=71 si=0 cx=49 ac=93
239397921	ID:5	[LIST] Blacklist: (none)
239401552	ID:20	[LIST] Neighbors: 2,10,25,14,28,23,24
239405187	ID:20	[LIST] Quarantine: (none)
239405393	ID:5	FUZZRID,DET,25,1176,1132,44,0,17,67,11,0,0,0,93,100
239408684	ID:20	[LIST] Blacklist: (none)
239413934	ID:10	[HFS] ra=71 si=0 cx=49 ac=93
239416017	ID:20	FUZZRID,DET,25,1176,1132,44,0,17,67,6,0,0,0,93,100
239417953	ID:13	[HFS] ra=71 si=0 cx=49 ac=93
239419569	ID:10	[LIST] Neighbors: 2,28,13,7,25,20,23,19
239422736	ID:13	[LIST] Neighbors: 2,28,19,10,7,25
239423206	ID:10	[LIST] Quarantine: (none)
239426404	ID:13	[LIST] Quarantine: (none)
239426703	ID:10	[LIST] Blacklist: (none)
239429901	ID:13	[LIST] Blacklist: (none)
239434183	ID:10	FUZZRID,DET,25,1176,1132,44,0,16,67,11,0,1,0,93,100
239437405	ID:13	FUZZRID,DET,25,1176,1132,44,0,17,67,11,0,0,0,93,100
239442757	ID:8	[HFS] ra=71 si=0 cx=49 ac=93
239446687	ID:8	[LIST] Neighbors: 7,25,5,30
239450324	ID:8	[LIST] Quarantine: (none)
239453843	ID:8	[LIST] Blacklist: (none)
239461314	ID:8	FUZZRID,DET,25,1176,1132,44,0,17,67,11,0,0,0,93,100
240121530	ID:4	[PKT-TX] DATA bytes=12  seq=3 
240138189	ID:1	[PKT-RX] DATA bytes=12 from=4 seq=3
240158855	ID:5	 30723 P 0.0 3 144554 7719480 44497 69116 0 56483 33624 1932366 10219 18965 0 14694 (radio 1.44% / 1.48% tx 0.56% / 0.51% listen 0.87% / 0.96%)
240268839	ID:12	 30723 P 0.0 3 160312 7703123 37866 71586 0 58194 39595 1926380 9853 18309 0 13451 (radio 1.39% / 1.43% tx 0.48% / 0.50% listen 0.91% / 0.93%)
240300204	ID:4	 30723 P 0.0 3 141326 7722759 35299 65230 0 55027 44577 1921456 17056 21265 0 15631 (radio 1.27% / 1.94% tx 0.44% / 0.86% listen 0.82% / 1.08%)
240358472	ID:3	 30723 P 0.0 3 202084 7661739 58664 77928 0 58176 52701 1913311 17678 20754 0 14513 (radio 1.73% / 1.95% tx 0.74% / 0.89% listen 0.99% / 1.05%)
240416831	ID:21	 30723 P 0.0 3 148886 7714243 30195 69052 0 58036 28401 1937389 2932 19417 0 17118 (radio 1.26% / 1.13% tx 0.38% / 0.14% listen 0.87% / 0.98%)
240461222	ID:16	 30723 P 0.0 3 167048 7697047 48450 72749 0 57209 35232 1930811 6673 16620 0 12790 (radio 1.54% / 1.18% tx 0.61% / 0.33% listen 0.92% / 0.84%)
240513127	ID:9	 30723 P 0.0 3 255752 7608387 78003 97272 0 68714 59494 1906563 18336 24080 0 16236 (radio 2.22% / 2.15% tx 0.99% / 0.93% listen 1.23% / 1.22%)
240595968	ID:1	 30725 P 0.0 3 376254 7487928 118425 7745768 0 0 131752 1834184 58877 1907137 0 0 (radio 100.-9831% / 100.-8739% tx 1.50% / 2.99% listen 98.-9782% / 97.-8738%)
240606456	ID:7	[HFS] ra=0 si=0 cx=49 ac=0
240611252	ID:7	[LIST] Neighbors: 28,13,10,25,5,8
240614890	ID:7	[LIST] Quarantine: (none)
240618393	ID:7	[LIST] Blacklist: (none)
240624708	ID:7	FUZZRID,DET,8,1081,1081,0,0,0,0,0,0,3,0,0,0
240635314	ID:5	[HFS] ra=0 si=0 cx=49 ac=0
240638830	ID:5	[LIST] Neighbors: 7,8,25
240642467	ID:5	[LIST] Quarantine: (none)
240645963	ID:5	[LIST] Blacklist: (none)
240652279	ID:5	FUZZRID,DET,8,1081,1081,0,0,0,0,0,0,3,0,0,0
240656926	ID:6	 30723 P 0.0 3 232900 7631167 68843 83113 0 61950 44184 1921836 8163 19080 0 15451 (radio 1.93% / 1.38% tx 0.87% / 0.41% listen 1.05% / 0.97%)
240660035	ID:7	 30726 P 0.0 3 268326 7596480 91804 95926 0 56404 75589 1891395 29009 28833 0 14010 (radio 2.38% / 2.94% tx 1.16% / 1.47% listen 1.21% / 1.46%)
240668893	ID:20	 30723 P 0.0 3 343289 7520709 125481 120728 0 62907 76946 1889107 22934 28764 0 15436 (radio 3.13% / 2.62% tx 1.59% / 1.16% listen 1.53% / 1.46%)
240690231	ID:2	 30723 P 0.0 3 338601 7525170 67509 114335 0 66914 93152 1872716 19739 34443 0 18123 (radio 2.31% / 2.75% tx 0.85% / 1.00% listen 1.45% / 1.75%)
240700089	ID:22	 30723 P 0.0 3 236095 7628031 68595 95653 0 71453 58252 1907804 14892 25168 0 17630 (radio 2.08% / 2.03% tx 0.87% / 0.75% listen 1.21% / 1.28%)
240713739	ID:19	[PKT-TX] DATA bytes=13  seq=3 
240730647	ID:1	[PKT-RX] DATA bytes=13 from=19 seq=3
240775224	ID:15	 30723 P 0.0 3 254848 7609173 66863 98544 0 70164 45896 1920134 7876 21839 0 16961 (radio 2.10% / 1.51% tx 0.85% / 0.40% listen 1.25% / 1.11%)
240893212	ID:19	 30723 P 0.0 3 168231 7695968 22657 75448 0 65966 33065 1933039 1510 20862 0 19384 (radio 1.24% / 1.13% tx 0.28% / 0.07% listen 0.95% / 1.06%)
240938312	ID:13	 30723 P 0.0 3 241984 7621814 81273 91269 0 60328 46916 1919024 13357 21506 0 15988 (radio 2.19% / 1.77% tx 1.03% / 0.67% listen 1.16% / 1.09%)
240954926	ID:17	 30723 P 0.0 3 147802 7716277 35764 69564 0 58965 41849 1924191 12390 20901 0 14592 (radio 1.33% / 1.69% tx 0.45% / 0.63% listen 0.88% / 1.06%)
240991765	ID:11	 30723 P 0.0 3 172765 7691159 63784 72360 0 52059 26321 1939656 5597 14788 0 12353 (radio 1.73% / 1.03% tx 0.81% / 0.28% listen 0.92% / 0.75%)
241024515	ID:18	 30723 P 0.0 3 161505 7702648 49128 70644 0 57321 53308 1912748 20533 19253 0 13797 (radio 1.52% / 2.02% tx 0.62% / 1.04% listen 0.89% / 0.97%)
241061687	ID:10	 30723 P 0.0 3 237432 7626668 62024 101922 0 78705 44724 1921333 7706 25491 0 21584 (radio 2.08% / 1.68% tx 0.78% / 0.39% listen 1.29% / 1.29%)
241090348	ID:8	 30723 P 0.0 3 167038 7697111 45742 70859 0 56683 45680 1920373 12697 20631 0 14894 (radio 1.48% / 1.69% tx 0.58% / 0.64% listen 0.90% / 1.04%)
241112944	ID:14	 30723 P 0.0 3 246479 7617648 70909 97092 0 72159 47407 1918649 9324 21672 0 18107 (radio 2.13% / 1.57% tx 0.90% / 0.47% listen 1.23% / 1.10%)
246726846	ID:10	[PKT-TX] DATA bytes=13  seq=4 
246801094	ID:1	[PKT-RX] DATA bytes=13 from=10 seq=4
247041096	ID:10	[PKT-RTT] seq=4,rtt_delay_ms=156
247496449	ID:1	[HFS] ra=0 si=0 cx=49 ac=0
247501512	ID:1	[LIST] Neighbors: 2,21,28,4,19,27,3
247505148	ID:1	[LIST] Quarantine: (none)
247508646	ID:1	[LIST] Blacklist: (none)
247514630	ID:1	FUZZRID,DET,4,512,512,0,0,0,0,0,0,0,0,0,0
247517629	ID:21	[HFS] ra=0 si=0 cx=49 ac=0
247521559	ID:21	[LIST] Neighbors: 4,27,3,17
247525196	ID:21	[LIST] Quarantine: (none)
247528693	ID:21	[LIST] Blacklist: (none)
247534648	ID:21	FUZZRID,DET,4,512,512,0,0,0,0,0,0,0,0,0,0
247573639	ID:28	[ATK-LAUNCHED] *** ATTACK LAUNCHED *** type=4 stage=1 delta=20 true_rank=512 t=247s
247581904	ID:28	[ATK-FAKE-RANK]  true_rank=512 fake_rank=532 t=11720s
247608665	ID:7	[HFS] ra=0 si=0 cx=49 ac=0
247613461	ID:7	[LIST] Neighbors: 28,13,10,25,5,8
247617129	ID:7	[LIST] Quarantine: (none)
247620626	ID:7	[LIST] Blacklist: (none)
247626059	ID:1	[HFS] ra=0 si=0 cx=49 ac=0
247627001	ID:7	FUZZRID,DET,28,532,512,20,0,7,25,5,0,1,0,0,0
247631122	ID:1	[LIST] Neighbors: 2,21,28,4,19,27,3
247634759	ID:1	[LIST] Quarantine: (none)
247638256	ID:1	[LIST] Blacklist: (none)
247644630	ID:1	FUZZRID,DET,28,532,512,20,0,7,25,5,0,0,0,0,0
247648438	ID:20	[HFS] ra=0 si=0 cx=49 ac=0
247653794	ID:20	[LIST] Neighbors: 2,10,25,14,28,23,24
247657430	ID:20	[LIST] Quarantine: (none)
247660927	ID:20	[LIST] Blacklist: (none)
247664467	ID:13	[HFS] ra=0 si=0 cx=49 ac=0
247664841	ID:10	[HFS] ra=0 si=0 cx=49 ac=0
247667302	ID:20	FUZZRID,DET,28,532,512,20,0,7,25,5,0,0,0,0,0
247669284	ID:13	[LIST] Neighbors: 2,28,19,10,7,25
247670476	ID:10	[LIST] Neighbors: 2,28,13,7,25,20,23,19
247672922	ID:13	[LIST] Quarantine: (none)
247674113	ID:10	[LIST] Quarantine: (none)
247676418	ID:13	[LIST] Blacklist: (none)
247677610	ID:10	[LIST] Blacklist: (none)
247682792	ID:13	FUZZRID,DET,28,532,512,20,0,7,25,5,0,0,0,0,0
247684007	ID:10	FUZZRID,DET,28,532,512,20,0,7,25,5,0,1,0,0,0
247688987	ID:2	[HFS] ra=0 si=0 cx=49 ac=0
247694809	ID:2	[LIST] Neighbors: 28,19,27,13,10,3,20,23
247698446	ID:2	[LIST] Quarantine: (none)
247701942	ID:2	[LIST] Blacklist: (none)
247708317	ID:2	FUZZRID,DET,28,532,512,20,0,7,25,5,0,1,0,0,0
248082394	ID:30	[ATK-FAKE-RANK]  true_rank=1337 fake_rank=1506 t=11720s
248131479	ID:15	[HFS] ra=74 si=42 cx=49 ac=82
248134219	ID:6	[HFS] ra=74 si=37 cx=49 ac=82
248137116	ID:15	[LIST] Neighbors: 9,14,29,24,12,11,6,30
248139196	ID:6	[LIST] Neighbors: 14,30,9,15,12,11
248140753	ID:15	[LIST] Quarantine: (none)
248142833	ID:6	[LIST] Quarantine: (none)
248144250	ID:15	[LIST] Blacklist: (none)
248146330	ID:6	[LIST] Blacklist: (none)
248151794	ID:15	FUZZRID,DET,30,1506,1337,169,0,62,100,3,0,3,0,82,75
248153840	ID:6	FUZZRID,DET,30,1506,1337,169,0,61,100,3,0,4,0,82,75
248194243	ID:8	[HFS] ra=74 si=47 cx=49 ac=82
248198175	ID:8	[LIST] Neighbors: 7,25,5,30
248201811	ID:8	[LIST] Quarantine: (none)
248205308	ID:8	[LIST] Blacklist: (none)
248212848	ID:8	FUZZRID,DET,30,1506,1337,169,0,66,100,3,0,0,0,82,75
248215731	ID:14	[HFS] ra=74 si=42 cx=49 ac=82
248220955	ID:14	[LIST] Neighbors: 20,25,30,24,9,6,15
248224591	ID:14	[LIST] Quarantine: (none)
248228102	ID:14	[LIST] Blacklist: (none)
248235612	ID:14	FUZZRID,DET,30,1506,1337,169,0,62,100,3,0,3,0,82,55
248586046	ID:3	[PKT-TX] DATA bytes=12  seq=4 
248686765	ID:1	[PKT-RX] DATA bytes=12 from=3 seq=4
248831826	ID:3	[PKT-RTT] seq=4,rtt_delay_ms=117
250948914	ID:5	[PKT-TX] DATA bytes=12  seq=4 
251059235	ID:12	[PKT-TX] DATA bytes=13  seq=4 
251109325	ID:1	[PKT-RX] DATA bytes=12 from=5 seq=4
251260272	ID:5	[HFS] ra=0 si=0 cx=49 ac=0
251263789	ID:5	[LIST] Neighbors: 7,8,25
251267426	ID:5	[LIST] Quarantine: (none)
251270936	ID:5	[LIST] Blacklist: (none)
251276893	ID:5	FUZZRID,DET,7,789,789,0,0,0,0,0,0,5,0,0,0
251291221	ID:13	[HFS] ra=0 si=0 cx=49 ac=0
251296004	ID:13	[LIST] Neighbors: 2,28,19,10,7,25
251299641	ID:13	[LIST] Quarantine: (none)
251303138	ID:13	[LIST] Blacklist: (none)
251309094	ID:13	FUZZRID,DET,7,789,789,0,0,0,0,0,0,4,0,0,0
251315910	ID:8	[HFS] ra=0 si=0 cx=49 ac=0
251319841	ID:8	[LIST] Neighbors: 7,25,5,30
251323478	ID:8	[LIST] Quarantine: (none)
251326975	ID:8	[LIST] Blacklist: (none)
251332931	ID:8	FUZZRID,DET,7,789,789,0,0,0,0,0,0,6,0,0,0
251745059	ID:17	[PKT-TX] DATA bytes=13  seq=4 
251778140	ID:1	[PKT-RX] DATA bytes=13 from=17 seq=4
251815054	ID:18	[PKT-TX] DATA bytes=13  seq=4 
252066760	ID:1	[PKT-RX] DATA bytes=13 from=18 seq=4
252428397	ID:1	[PKT-RX] DATA bytes=13 from=12 seq=4
252863725	ID:4	[PKT-TX] DATA bytes=12  seq=4 
252871314	ID:21	[PKT-TX] DATA bytes=13  seq=4 
252915680	ID:16	[PKT-TX] DATA bytes=13  seq=4 
252942872	ID:31	[ATK-LAUNCHED] *** ATTACK LAUNCHED *** type=4 stage=1 delta=20 true_rank=829 t=252s
252951135	ID:31	[ATK-FAKE-RANK]  true_rank=829 fake_rank=849 t=11720s
253057595	ID:1	[PKT-RX] DATA bytes=12 from=4 seq=4
253099878	ID:1	[PKT-RX] DATA bytes=13 from=21 seq=4
253176914	ID:22	[HFS] ra=0 si=0 cx=49 ac=0
253182284	ID:22	[LIST] Neighbors: 24,16,9,29,31,26,18
253185920	ID:22	[LIST] Quarantine: (none)
253188652	ID:16	[HFS] ra=0 si=0 cx=49 ac=0
253189417	ID:22	[LIST] Blacklist: (none)
253192910	ID:16	[LIST] Neighbors: 31,26,22,18
253195789	ID:22	FUZZRID,DET,31,849,829,20,0,7,25,5,0,1,0,0,0
253196546	ID:16	[LIST] Quarantine: (none)
253200043	ID:16	[LIST] Blacklist: (none)
253206417	ID:16	FUZZRID,DET,31,849,829,20,0,7,25,4,0,4,0,0,0
253210922	ID:3	[HFS] ra=0 si=0 cx=49 ac=0
253215867	ID:3	[LIST] Neighbors: 2,23,17,31,27,21
253219505	ID:3	[LIST] Quarantine: (none)
253223002	ID:3	[LIST] Blacklist: (none)
253229374	ID:3	FUZZRID,DET,31,849,829,20,0,7,25,5,0,2,0,0,0
253410405	ID:15	[PKT-TX] DATA bytes=13  seq=4 
253455926	ID:19	[PKT-TX] DATA bytes=13  seq=4 
253472773	ID:1	[PKT-RX] DATA bytes=13 from=19 seq=4
254009549	ID:6	[HFS] ra=0 si=0 cx=49 ac=0
254014492	ID:6	[LIST] Neighbors: 14,30,9,15,12,11
254018130	ID:6	[LIST] Quarantine: (none)
254021626	ID:6	[LIST] Blacklist: (none)
254028100	ID:6	FUZZRID,DET,11,1887,1887,0,0,0,0,0,0,2,0,0,0
254191375	ID:1	[PKT-RX] DATA bytes=13 from=16 seq=4
254302054	ID:23	[ATK-LAUNCHED] *** ATTACK LAUNCHED *** type=4 stage=1 delta=20 true_rank=878 t=253s
254303124	ID:1	[PKT-RX] DATA bytes=13 from=15 seq=4
254310319	ID:23	[ATK-FAKE-RANK]  true_rank=878 fake_rank=898 t=11720s
254336277	ID:3	[HFS] ra=0 si=0 cx=49 ac=0
254341207	ID:3	[LIST] Neighbors: 2,23,17,31,27,21
254344845	ID:3	[LIST] Quarantine: (none)
254348365	ID:3	[LIST] Blacklist: (none)
254354739	ID:3	FUZZRID,DET,23,898,878,20,0,7,25,5,0,1,0,0,0
254397388	ID:20	[HFS] ra=0 si=0 cx=49 ac=0
254402744	ID:20	[LIST] Neighbors: 2,10,25,14,28,23,24
254406387	ID:20	[LIST] Quarantine: (none)
254409884	ID:20	[LIST] Blacklist: (none)
254414338	ID:10	[HFS] ra=0 si=0 cx=49 ac=0
254416257	ID:20	FUZZRID,DET,23,898,878,20,0,7,25,5,0,0,0,0,0
254418978	ID:2	[HFS] ra=0 si=0 cx=49 ac=0
254419974	ID:10	[LIST] Neighbors: 2,28,13,7,25,20,23,19
254423610	ID:10	[LIST] Quarantine: (none)
254424773	ID:2	[LIST] Neighbors: 28,19,27,13,10,3,20,23
254427107	ID:10	[LIST] Blacklist: (none)
254428410	ID:2	[LIST] Quarantine: (none)
254431907	ID:2	[LIST] Blacklist: (none)
254433480	ID:10	FUZZRID,DET,23,898,878,20,0,7,25,5,0,0,0,0,0
254438281	ID:2	FUZZRID,DET,23,898,878,20,0,7,25,5,0,2,0,0,0
254491842	ID:12	[PKT-RTT] seq=4,rtt_delay_ms=1710
255347892	ID:1	[HFS] ra=0 si=0 cx=49 ac=0
255352955	ID:1	[LIST] Neighbors: 2,21,28,4,19,27,3
255356626	ID:1	[LIST] Quarantine: (none)
255360123	ID:1	[LIST] Blacklist: (none)
255366217	ID:1	FUZZRID,DET,21,512,512,0,0,0,0,0,0,0,0,0,0
255402847	ID:4	[HFS] ra=0 si=0 cx=49 ac=0
255406659	ID:4	[LIST] Neighbors: 21,19,27
255410296	ID:4	[LIST] Quarantine: (none)
255413792	ID:4	[LIST] Blacklist: (none)
255419886	ID:4	FUZZRID,DET,21,512,512,0,0,0,0,0,0,0,0,0,0
255432795	ID:17	[HFS] ra=0 si=0 cx=49 ac=0
255436903	ID:17	[LIST] Neighbors: 21,27,3,31
255440540	ID:17	[LIST] Quarantine: (none)
255444037	ID:17	[LIST] Blacklist: (none)
255450131	ID:17	FUZZRID,DET,21,512,512,0,0,0,0,0,0,1,0,0,0
255689807	ID:13	[PKT-TX] DATA bytes=13  seq=4 
255731485	ID:1	[PKT-RX] DATA bytes=13 from=13 seq=4
255915702	ID:13	[PKT-RTT] seq=4,rtt_delay_ms=109
256940611	ID:6	[PKT-TX] DATA bytes=12  seq=4 
257357041	ID:1	[PKT-RX] DATA bytes=12 from=6 seq=4
257372260	ID:1	[HFS] ra=0 si=0 cx=49 ac=0
257377323	ID:1	[LIST] Neighbors: 2,21,28,4,19,27,3
257380960	ID:1	[LIST] Quarantine: (none)
257384457	ID:1	[LIST] Blacklist: (none)
257390550	ID:1	FUZZRID,DET,19,512,512,0,0,0,0,0,0,0,0,0,0
257403999	ID:4	[HFS] ra=0 si=0 cx=49 ac=0
257407809	ID:4	[LIST] Neighbors: 21,19,27
257411445	ID:4	[LIST] Quarantine: (none)
257414361	ID:10	[HFS] ra=0 si=0 cx=49 ac=0
257414960	ID:4	[LIST] Blacklist: (none)
257417169	ID:13	[HFS] ra=0 si=0 cx=49 ac=0
257417400	ID:2	[HFS] ra=0 si=0 cx=49 ac=0
257419997	ID:10	[LIST] Neighbors: 2,28,13,7,25,20,23,19
257421054	ID:4	FUZZRID,DET,19,512,512,0,0,0,0,0,0,0,0,0,0
257421974	ID:13	[LIST] Neighbors: 2,28,19,10,7,25
257423212	ID:2	[LIST] Neighbors: 28,19,27,13,10,3,20,23
257423633	ID:10	[LIST] Quarantine: (none)
257425613	ID:13	[LIST] Quarantine: (none)
257426848	ID:2	[LIST] Quarantine: (none)
257427130	ID:10	[LIST] Blacklist: (none)
257429109	ID:13	[LIST] Blacklist: (none)
257430345	ID:2	[LIST] Blacklist: (none)
257433223	ID:10	FUZZRID,DET,19,512,512,0,0,0,0,0,0,0,0,0,0
257435203	ID:13	FUZZRID,DET,19,512,512,0,0,0,0,0,0,0,0,0,0
257436439	ID:2	FUZZRID,DET,19,512,512,0,0,0,0,0,0,1,0,0,0
257691676	ID:8	[HFS] ra=0 si=0 cx=49 ac=0
257695625	ID:8	[LIST] Neighbors: 7,25,5,30
257699262	ID:8	[LIST] Quarantine: (none)
257702759	ID:8	[LIST] Blacklist: (none)
257709075	ID:8	FUZZRID,DET,5,1073,1073,0,0,0,0,0,0,0,0,0,0
257730685	ID:7	[HFS] ra=0 si=0 cx=49 ac=0
257735481	ID:7	[LIST] Neighbors: 28,13,10,25,5,8
257739119	ID:7	[LIST] Quarantine: (none)
257742617	ID:7	[LIST] Blacklist: (none)
257748933	ID:7	FUZZRID,DET,5,1073,1073,0,0,0,0,0,0,0,0,0,0
258381526	ID:6	[PKT-RTT] seq=4,rtt_delay_ms=718
258897931	ID:22	[PKT-TX] DATA bytes=13  seq=4 
258942401	ID:14	[PKT-TX] DATA bytes=13  seq=4 
259188798	ID:11	[PKT-TX] DATA bytes=13  seq=4 
259697636	ID:23	[ATK-FAKE-RANK]  true_rank=878 fake_rank=918 t=11720s
259928752	ID:1	[PKT-RX] DATA bytes=13 from=11 seq=4
260230463	ID:7	[HFS] ra=0 si=0 cx=49 ac=0
260235260	ID:7	[LIST] Neighbors: 28,13,10,25,5,8
260238897	ID:7	[LIST] Quarantine: (none)
260242409	ID:7	[LIST] Blacklist: (none)
260248501	ID:7	FUZZRID,DET,10,826,826,0,0,0,0,0,0,5,0,0,0
260927352	ID:1	[PKT-RX] DATA bytes=13 from=14 seq=4
261219446	ID:11	[HFS] ra=0 si=0 cx=49 ac=0
261223096	ID:11	[LIST] Neighbors: 6,15,12
261226733	ID:11	[LIST] Quarantine: (none)
261230229	ID:11	[LIST] Blacklist: (none)
261236702	ID:11	FUZZRID,DET,12,1839,1839,0,0,0,0,0,0,0,0,0,0
261241385	ID:9	[HFS] ra=0 si=0 cx=49 ac=0
261246785	ID:9	[LIST] Neighbors: 14,24,6,12,29,15,22
261250422	ID:9	[LIST] Quarantine: (none)
261253919	ID:9	[LIST] Blacklist: (none)
261254376	ID:15	[HFS] ra=0 si=0 cx=49 ac=0
261258856	ID:6	[HFS] ra=0 si=0 cx=49 ac=0
261260012	ID:15	[LIST] Neighbors: 9,14,29,24,12,11,6,30
261260398	ID:9	FUZZRID,DET,12,1839,1839,0,0,0,0,0,0,0,0,0,0
261263649	ID:15	[LIST] Quarantine: (none)
261263799	ID:6	[LIST] Neighbors: 14,30,9,15,12,11
261267146	ID:15	[LIST] Blacklist: (none)
261267437	ID:6	[LIST] Quarantine: (none)
261270933	ID:6	[LIST] Blacklist: (none)
261273640	ID:15	FUZZRID,DET,12,1839,1839,0,0,0,0,0,0,0,0,0,0
261277395	ID:6	FUZZRID,DET,12,1839,1839,0,0,0,0,0,0,0,0,0,0
262183382	ID:2	[PKT-TX] DATA bytes=12  seq=4 
262364498	ID:1	[PKT-RX] DATA bytes=12 from=2 seq=4
263177924	ID:22	[HFS] ra=0 si=0 cx=49 ac=0
263183294	ID:22	[LIST] Neighbors: 24,16,9,29,31,26,18
263186942	ID:22	[LIST] Quarantine: (none)
263189920	ID:16	[HFS] ra=0 si=0 cx=49 ac=0
263190439	ID:22	[LIST] Blacklist: (none)
263194168	ID:16	[LIST] Neighbors: 31,26,22,18
263196893	ID:22	FUZZRID,DET,18,1376,1376,0,0,0,0,0,0,3,0,0,0
263197805	ID:16	[LIST] Quarantine: (none)
263201302	ID:16	[LIST] Blacklist: (none)
263207756	ID:16	FUZZRID,DET,18,1376,1376,0,0,0,0,0,0,0,0,0,0
263317979	ID:20	[PKT-TX] DATA bytes=13  seq=4 
263427108	ID:1	[PKT-RX] DATA bytes=13 from=20 seq=4
264127151	ID:26	[ATK-FAKE-RANK]  true_rank=1216 fake_rank=1284 t=11720s
264251450	ID:18	[HFS] ra=72 si=0 cx=49 ac=94
264255704	ID:18	[LIST] Neighbors: 26,22,29,16
264259341	ID:18	[LIST] Quarantine: (none)
264262838	ID:18	[LIST] Blacklist: (none)
264270307	ID:18	FUZZRID,DET,26,1284,1216,68,0,24,70,11,0,4,0,94,100
264561361	ID:9	[PKT-TX] DATA bytes=12  seq=4 
264801977	ID:1	[PKT-RX] DATA bytes=12 from=9 seq=4
265138292	ID:8	[PKT-TX] DATA bytes=12  seq=4 
265359969	ID:1	[PKT-RX] DATA bytes=12 from=8 seq=4
265626886	ID:18	[HFS] ra=0 si=0 cx=49 ac=0
265631124	ID:18	[LIST] Neighbors: 26,22,29,16
265634761	ID:18	[LIST] Quarantine: (none)
265638258	ID:18	[LIST] Blacklist: (none)
265644711	ID:18	FUZZRID,DET,16,1449,1449,0,0,0,0,0,0,1,0,0,0
265689172	ID:8	[PKT-RTT] seq=4,rtt_delay_ms=273
265710087	ID:3	[HFS] ra=0 si=0 cx=49 ac=0
265715028	ID:3	[LIST] Neighbors: 2,23,17,31,27,21
265718665	ID:3	[LIST] Quarantine: (none)
265722162	ID:3	[LIST] Blacklist: (none)
265728254	ID:3	FUZZRID,DET,17,829,829,0,0,0,0,0,0,4,0,0,0
269538297	ID:27	[ATK-FAKE-RANK]  true_rank=512 fake_rank=552 t=11720s
269643360	ID:21	[HFS] ra=0 si=0 cx=49 ac=0
269647290	ID:21	[LIST] Neighbors: 4,27,3,17
269650927	ID:21	[LIST] Quarantine: (none)
269654424	ID:21	[LIST] Blacklist: (none)
269660938	ID:21	FUZZRID,DET,27,552,512,40,0,15,60,5,0,0,0,0,0
270467159	ID:7	[PKT-TX] DATA bytes=12  seq=4 
270607771	ID:1	[PKT-RX] DATA bytes=12 from=7 seq=4
271063911	ID:16	[HFS] ra=0 si=0 cx=49 ac=0
271068148	ID:16	[LIST] Neighbors: 31,26,22,18
271071785	ID:16	[LIST] Quarantine: (none)
271075282	ID:16	[LIST] Blacklist: (none)
271081737	ID:16	FUZZRID,DET,18,1376,1376,0,0,0,0,0,0,0,0,0,0
271274105	ID:29	[ATK-LAUNCHED] *** ATTACK LAUNCHED *** type=4 stage=1 delta=20 true_rank=1651 t=270s
271282695	ID:29	[ATK-FAKE-RANK]  true_rank=1651 fake_rank=1671 t=11720s
271370765	ID:12	[HFS] ra=0 si=0 cx=49 ac=0
271375122	ID:12	[LIST] Neighbors: 9,29,15,11,6
271378759	ID:12	[LIST] Quarantine: (none)
271382255	ID:12	[LIST] Blacklist: (none)
271389152	ID:12	FUZZRID,DET,29,1671,1651,20,0,6,25,4,0,14,0,0,0
271497348	ID:24	[ATK-FAKE-RANK]  true_rank=1122 fake_rank=1156 t=11720s
271553168	ID:22	[HFS] ra=0 si=0 cx=49 ac=0
271558538	ID:22	[LIST] Neighbors: 24,16,9,29,31,26,18
271562175	ID:22	[LIST] Quarantine: (none)
271565672	ID:22	[LIST] Blacklist: (none)
271572553	ID:22	FUZZRID,DET,24,1156,1122,34,0,12,50,8,0,2,0,0,0
271592250	ID:14	[HFS] ra=0 si=0 cx=49 ac=0
271597474	ID:14	[LIST] Neighbors: 20,25,30,24,9,6,15
271601143	ID:14	[LIST] Quarantine: (none)
271604640	ID:14	[LIST] Blacklist: (none)
271611515	ID:14	FUZZRID,DET,24,1156,1122,34,0,13,50,8,0,0,0,0,0
271617255	ID:9	[HFS] ra=0 si=0 cx=49 ac=0
271622624	ID:9	[LIST] Neighbors: 14,24,6,12,29,15,22
271626261	ID:9	[LIST] Quarantine: (none)
271629758	ID:9	[LIST] Blacklist: (none)
271630752	ID:15	[HFS] ra=0 si=0 cx=49 ac=0
271636388	ID:15	[LIST] Neighbors: 9,14,29,24,12,11,6,30
271636667	ID:9	FUZZRID,DET,24,1156,1122,34,0,13,50,8,0,0,0,0,0
271640025	ID:15	[LIST] Quarantine: (none)
271643521	ID:15	[LIST] Blacklist: (none)
271650397	ID:15	FUZZRID,DET,24,1156,1122,34,0,13,50,8,0,1,0,0,0
272771584	ID:21	[HFS] ra=0 si=0 cx=49 ac=0
272775514	ID:21	[LIST] Neighbors: 4,27,3,17
272779151	ID:21	[LIST] Quarantine: (none)
272782648	ID:21	[LIST] Blacklist: (none)
272784051	ID:19	[PKT-TX] DATA bytes=13  seq=5 
272788741	ID:21	FUZZRID,DET,17,829,829,0,0,0,0,0,0,0,0,0,0
272871127	ID:1	[PKT-RX] DATA bytes=13 from=19 seq=5
274449584	ID:30	[ATK-FAKE-RANK]  true_rank=1412 fake_rank=1526 t=11720s
274509806	ID:6	[HFS] ra=74 si=0 cx=49 ac=95
274514755	ID:6	[LIST] Neighbors: 14,30,9,15,12,11
274518393	ID:6	[LIST] Quarantine: (none)
274521890	ID:6	[LIST] Blacklist: (none)
274529717	ID:6	FUZZRID,DET,30,1526,1412,114,0,44,100,14,0,0,0,95,100
274569987	ID:8	[HFS] ra=74 si=0 cx=49 ac=95
274573918	ID:8	[LIST] Neighbors: 7,25,5,30
274577584	ID:8	[LIST] Quarantine: (none)
274581081	ID:8	[LIST] Blacklist: (none)
274588908	ID:8	FUZZRID,DET,30,1526,1412,114,0,44,100,14,0,0,0,95,100
274591346	ID:14	[HFS] ra=74 si=0 cx=49 ac=95
274596596	ID:14	[LIST] Neighbors: 20,25,30,24,9,6,15
274600233	ID:14	[LIST] Quarantine: (none)
274603730	ID:14	[LIST] Blacklist: (none)
274611557	ID:14	FUZZRID,DET,30,1526,1412,114,0,42,100,13,0,3,0,95,100
275284674	ID:31	[ATK-FAKE-RANK]  true_rank=810 fake_rank=869 t=11720s
275336174	ID:3	[HFS] ra=72 si=0 cx=49 ac=94
275341104	ID:3	[LIST] Neighbors: 2,23,17,31,27,21
275344742	ID:3	[LIST] Quarantine: (none)
275348238	ID:3	[LIST] Blacklist: (none)
275355237	ID:3	FUZZRID,DET,31,869,810,59,0,22,70,9,0,2,0,94,100
275624466	ID:22	[PKT-TX] DATA bytes=13  seq=5 
276192558	ID:1	[PKT-RX] DATA bytes=13 from=22 seq=5
276424918	ID:22	[PKT-RTT] seq=5,rtt_delay_ms=398
277106146	ID:7	[HFS] ra=0 si=0 cx=49 ac=0
277110943	ID:7	[LIST] Neighbors: 28,13,10,25,5,8
277114580	ID:7	[LIST] Quarantine: (none)
277118108	ID:7	[LIST] Blacklist: (none)
277119715	ID:19	[HFS] ra=0 si=0 cx=49 ac=0
277124200	ID:7	FUZZRID,DET,10,826,826,0,0,0,0,0,0,1,0,0,0
277124498	ID:19	[LIST] Neighbors: 2,28,27,4,13,10
277128136	ID:19	[LIST] Quarantine: (none)
277131633	ID:19	[LIST] Blacklist: (none)
277137724	ID:19	FUZZRID,DET,10,826,826,0,0,0,0,0,0,0,0,0,0
277144456	ID:20	[HFS] ra=0 si=0 cx=49 ac=0
277149845	ID:20	[LIST] Neighbors: 2,10,25,14,28,23,24
277153482	ID:20	[LIST] Quarantine: (none)
277156979	ID:20	[LIST] Blacklist: (none)
277163079	ID:20	FUZZRID,DET,10,826,826,0,0,0,0,0,0,4,0,0,0
277166233	ID:13	[HFS] ra=0 si=0 cx=49 ac=0
277167000	ID:2	[HFS] ra=0 si=0 cx=49 ac=0
277171016	ID:13	[LIST] Neighbors: 2,28,19,10,7,25
277172796	ID:2	[LIST] Neighbors: 28,19,27,13,10,3,20,23
277174654	ID:13	[LIST] Quarantine: (none)
277176432	ID:2	[LIST] Quarantine: (none)
277178151	ID:13	[LIST] Blacklist: (none)
277179929	ID:2	[LIST] Blacklist: (none)
277184243	ID:13	FUZZRID,DET,10,826,826,0,0,0,0,0,0,5,0,0,0
277186022	ID:2	FUZZRID,DET,10,826,826,0,0,0,0,0,0,7,0,0,0
277343311	ID:11	[HFS] ra=0 si=0 cx=49 ac=0
277346961	ID:11	[LIST] Neighbors: 6,15,12
277350597	ID:11	[LIST] Quarantine: (none)
277354094	ID:11	[LIST] Blacklist: (none)
277360549	ID:11	FUZZRID,DET,6,1804,1804,0,0,0,0,0,0,11,0,0,0
277365470	ID:9	[HFS] ra=0 si=0 cx=49 ac=0
277370840	ID:9	[LIST] Neighbors: 14,24,6,12,29,15,22
277374393	ID:12	[HFS] ra=0 si=0 cx=49 ac=0
277374476	ID:9	[LIST] Quarantine: (none)
277378005	ID:9	[LIST] Blacklist: (none)
277378750	ID:12	[LIST] Neighbors: 9,29,15,11,6
277379446	ID:15	[HFS] ra=0 si=0 cx=49 ac=0
277382387	ID:12	[LIST] Quarantine: (none)
277384321	ID:9	FUZZRID,DET,6,1804,1804,0,0,0,0,0,0,7,0,0,0
277385083	ID:15	[LIST] Neighbors: 9,14,29,24,12,11,6,30
277385883	ID:12	[LIST] Blacklist: (none)
277388720	ID:15	[LIST] Quarantine: (none)
277392216	ID:15	[LIST] Blacklist: (none)
277392232	ID:12	FUZZRID,DET,6,1804,1804,0,0,0,0,0,0,0,0,0,0
277398570	ID:15	FUZZRID,DET,6,1804,1804,0,0,0,0,0,0,0,0,0,0
278553296	ID:22	[HFS] ra=0 si=0 cx=49 ac=0
278558666	ID:22	[LIST] Neighbors: 24,16,9,29,31,26,18
278562302	ID:22	[LIST] Quarantine: (none)
278565799	ID:22	[LIST] Blacklist: (none)
278572273	ID:22	FUZZRID,DET,16,1449,1449,0,0,0,0,0,0,2,0,0,0
278725938	ID:9	[PKT-TX] DATA bytes=12  seq=5 
278926343	ID:1	[PKT-RX] DATA bytes=12 from=9 seq=5
279235257	ID:9	[PKT-RTT] seq=5,rtt_delay_ms=250
279593052	ID:11	[HFS] ra=0 si=0 cx=49 ac=0
279596702	ID:11	[LIST] Neighbors: 6,15,12
279600339	ID:11	[LIST] Quarantine: (none)
279603835	ID:11	[LIST] Blacklist: (none)
279610293	ID:11	FUZZRID,DET,15,1515,1515,0,0,0,0,0,0,6,0,0,0
279615493	ID:9	[HFS] ra=0 si=0 cx=49 ac=0
279620862	ID:9	[LIST] Neighbors: 14,24,6,12,29,15,22
279623449	ID:12	[HFS] ra=0 si=0 cx=49 ac=0
279624499	ID:9	[LIST] Quarantine: (none)
279627805	ID:12	[LIST] Neighbors: 9,29,15,11,6
279628005	ID:9	[LIST] Blacklist: (none)
279631442	ID:12	[LIST] Quarantine: (none)
279634463	ID:9	FUZZRID,DET,15,1515,1515,0,0,0,0,0,0,2,0,0,0
279634939	ID:12	[LIST] Blacklist: (none)
279636655	ID:6	[HFS] ra=0 si=0 cx=49 ac=0
279641396	ID:12	FUZZRID,DET,15,1515,1515,0,0,0,0,0,0,2,0,0,0
279641598	ID:6	[LIST] Neighbors: 14,30,9,15,12,11
279645236	ID:6	[LIST] Quarantine: (none)
279648732	ID:6	[LIST] Blacklist: (none)
279655223	ID:6	FUZZRID,DET,15,1515,1515,0,0,0,0,0,0,5,0,0,0
281252056	ID:15	[HFS] ra=0 si=0 cx=49 ac=0
281257692	ID:15	[LIST] Neighbors: 9,14,29,24,12,11,6,30
281261329	ID:15	[LIST] Quarantine: (none)
281264825	ID:15	[LIST] Blacklist: (none)
281271281	ID:15	FUZZRID,DET,12,1839,1839,0,0,0,0,0,0,0,0,0,0
282528339	ID:14	[PKT-TX] DATA bytes=13  seq=5 
282678428	ID:1	[PKT-RX] DATA bytes=13 from=14 seq=5
282708341	ID:12	[PKT-TX] DATA bytes=13  seq=5 
282926094	ID:1	[PKT-RX] DATA bytes=13 from=12 seq=5
282965071	ID:21	[PKT-TX] DATA bytes=13  seq=5 
282981900	ID:1	[PKT-RX] DATA bytes=13 from=21 seq=5
283627562	ID:18	[PKT-TX] DATA bytes=13  seq=5 
283679978	ID:10	[PKT-TX] DATA bytes=13  seq=5 
284175834	ID:1	[PKT-RX] DATA bytes=13 from=10 seq=5
284318117	ID:1	[PKT-RX] DATA bytes=13 from=18 seq=5
284659068	ID:13	[PKT-TX] DATA bytes=13  seq=5 
284712755	ID:11	[PKT-TX] DATA bytes=13  seq=5 
284733337	ID:1	[PKT-RX] DATA bytes=13 from=13 seq=5
284936843	ID:1	[PKT-RX] DATA bytes=13 from=11 seq=5
285849224	ID:8	[PKT-TX] DATA bytes=12  seq=5 
286107834	ID:1	[PKT-RX] DATA bytes=12 from=8 seq=5
286342637	ID:14	[HFS] ra=0 si=0 cx=49 ac=0
286347861	ID:14	[LIST] Neighbors: 20,25,30,24,9,6,15
286351497	ID:14	[LIST] Quarantine: (none)
286354994	ID:14	[LIST] Blacklist: (none)
286361449	ID:14	FUZZRID,DET,15,1494,1494,0,0,0,0,0,0,2,0,0,0
287043230	ID:15	[PKT-TX] DATA bytes=13  seq=5 
287303400	ID:1	[PKT-RX] DATA bytes=13 from=15 seq=5
287625784	ID:15	[PKT-RTT] seq=5,rtt_delay_ms=289
287894009	ID:29	[ATK-FAKE-RANK]  true_rank=1651 fake_rank=1691 t=11720s
287929461	ID:22	[HFS] ra=0 si=0 cx=49 ac=0
287934831	ID:22	[LIST] Neighbors: 24,16,9,29,31,26,18
287938481	ID:22	[LIST] Quarantine: (none)
287941978	ID:22	[LIST] Blacklist: (none)
287948990	ID:22	FUZZRID,DET,29,1691,1651,40,0,12,60,8,0,15,0,0,0
287996770	ID:12	[HFS] ra=0 si=0 cx=49 ac=0
288001127	ID:12	[LIST] Neighbors: 9,29,15,11,6
288001144	ID:18	[HFS] ra=0 si=0 cx=49 ac=0
288001883	ID:15	[HFS] ra=0 si=0 cx=49 ac=0
288004764	ID:12	[LIST] Quarantine: (none)
288005380	ID:18	[LIST] Neighbors: 26,22,29,16
288007533	ID:15	[LIST] Neighbors: 9,14,29,24,12,11,6,30
288008260	ID:12	[LIST] Blacklist: (none)
288009017	ID:18	[LIST] Quarantine: (none)
288011170	ID:15	[LIST] Quarantine: (none)
288012514	ID:18	[LIST] Blacklist: (none)
288014683	ID:15	[LIST] Blacklist: (none)
288015272	ID:12	FUZZRID,DET,29,1691,1651,40,0,12,60,4,0,14,0,0,0
288019387	ID:18	FUZZRID,DET,29,1691,1651,40,0,13,60,8,0,9,0,0,0
288021694	ID:15	FUZZRID,DET,29,1691,1651,40,0,13,60,8,0,10,0,0,0
288503700	ID:2	[PKT-TX] DATA bytes=12  seq=5 
288520006	ID:1	[PKT-RX] DATA bytes=12 from=2 seq=5
288660799	ID:2	[PKT-RTT] seq=5,rtt_delay_ms=78
289520283	ID:21	[HFS] ra=0 si=0 cx=49 ac=0
289524214	ID:21	[LIST] Neighbors: 4,27,3,17
289527851	ID:21	[LIST] Quarantine: (none)
289531348	ID:21	[LIST] Blacklist: (none)
289537301	ID:21	FUZZRID,DET,3,836,836,0,0,0,0,0,0,0,0,0,0
290001625	ID:16	[PKT-TX] DATA bytes=13  seq=5 
290191350	ID:1	[PKT-RX] DATA bytes=13 from=16 seq=5
290741059	ID:9	[HFS] ra=0 si=0 cx=49 ac=0
290746429	ID:9	[LIST] Neighbors: 14,24,6,12,29,15,22
290750069	ID:9	[LIST] Quarantine: (none)
290752317	ID:18	[HFS] ra=0 si=0 cx=49 ac=0
290753566	ID:9	[LIST] Blacklist: (none)
290756554	ID:18	[LIST] Neighbors: 26,22,29,16
290760018	ID:9	FUZZRID,DET,22,1287,1287,0,0,0,0,0,0,4,0,0,0
290760191	ID:18	[LIST] Quarantine: (none)
290763688	ID:18	[LIST] Blacklist: (none)
290770175	ID:18	FUZZRID,DET,22,1287,1287,0,0,0,0,0,0,9,0,0,0
293192979	ID:20	[PKT-TX] DATA bytes=13  seq=5 
293291372	ID:6	[PKT-TX] DATA bytes=12  seq=5 
293302238	ID:1	[PKT-RX] DATA bytes=13 from=20 seq=5
293609680	ID:1	[PKT-RX] DATA bytes=12 from=6 seq=5
294130703	ID:6	[PKT-RTT] seq=5,rtt_delay_ms=414
294332473	ID:4	[PKT-TX] DATA bytes=12  seq=5 
294349013	ID:1	[PKT-RX] DATA bytes=12 from=4 seq=5
294372923	ID:7	[PKT-TX] DATA bytes=12  seq=5 
294397598	ID:4	[PKT-RTT] seq=5,rtt_delay_ms=31
294489434	ID:1	[PKT-RX] DATA bytes=12 from=7 seq=5
294987254	ID:17	[PKT-TX] DATA bytes=13  seq=5 
295051526	ID:1	[PKT-RX] DATA bytes=13 from=17 seq=5
295484498	ID:3	[PKT-TX] DATA bytes=12  seq=5 
296051430	ID:1	[PKT-RX] DATA bytes=12 from=3 seq=5
299980179	ID:5	[PKT-TX] DATA bytes=12  seq=5 
300158575	ID:5	 38403 P 0.0 4 179386 9650621 54352 87994 0 72357 34831 1931141 9855 18878 0 15874 (radio 1.44% / 1.46% tx 0.55% / 0.50% listen 0.89% / 0.96%)
300233299	ID:1	[PKT-RX] DATA bytes=12 from=5 seq=5
300268838	ID:12	 38403 P 0.0 4 196413 9632834 44330 87771 0 72505 36100 1929711 6464 16185 0 14311 (radio 1.34% / 1.15% tx 0.45% / 0.32% listen 0.89% / 0.82%)
300299888	ID:4	 38403 P 0.0 4 170839 9659283 39549 80924 0 69615 29512 1936524 4250 15694 0 14588 (radio 1.22% / 1.01% tx 0.40% / 0.21% listen 0.82% / 0.79%)
300358208	ID:3	 38403 P 0.0 4 241402 9588424 65322 96277 0 72778 39317 1926685 6658 18349 0 14602 (radio 1.64% / 1.27% tx 0.66% / 0.33% listen 0.97% / 0.93%)
300416783	ID:21	 38403 P 0.0 4 182751 9646201 34128 86197 0 73138 33864 1931958 3933 17145 0 15102 (radio 1.22% / 1.07% tx 0.34% / 0.20% listen 0.87% / 0.87%)
300461503	ID:16	 38403 P 0.0 4 224698 9605430 71771 95098 0 71075 57649 1908383 23321 22349 0 13866 (radio 1.69% / 2.32% tx 0.73% / 1.18% listen 0.96% / 1.13%)
300513361	ID:9	 38403 P 0.0 4 312411 9517786 91736 123514 0 88035 56658 1909399 13733 26242 0 19321 (radio 2.18% / 2.03% tx 0.93% / 0.69% listen 1.25% / 1.33%)
300595960	ID:1	 38405 P 0.0 4 476945 9353172 154555 9675694 0 0 100689 1865244 36130 1929924 0 0 (radio 100.-9613% / 100.-8739% tx 1.57% / 1.83% listen 98.-9570% / 98.-8722%)
300630435	ID:7	 38403 P 0.0 4 371707 9458138 138234 130176 0 68748 103380 1861658 46430 34250 0 12344 (radio 2.73% / 4.10% tx 1.40% / 2.36% listen 1.32% / 1.74%)
300657470	ID:6	 38403 P 0.0 4 286359 9543721 82338 104051 0 77533 53457 1912554 13495 20938 0 15583 (radio 1.89% / 1.75% tx 0.83% / 0.68% listen 1.05% / 1.06%)
300668899	ID:20	 38403 P 0.0 4 410687 9419373 143866 146836 0 77234 67397 1898664 18385 26108 0 14327 (radio 2.95% / 2.26% tx 1.46% / 0.93% listen 1.49% / 1.32%)
300690246	ID:2	 38403 P 0.0 4 419661 9409941 83450 144449 0 82888 81059 1884771 15941 30114 0 15974 (radio 2.31% / 2.34% tx 0.84% / 0.81% listen 1.46% / 1.53%)
300700694	ID:22	 38403 P 0.0 4 323970 9506189 103604 128486 0 88967 87874 1878158 35009 32833 0 17514 (radio 2.36% / 3.45% tx 1.05% / 1.78% listen 1.30% / 1.67%)
300775784	ID:15	 38403 P 0.0 4 318604 9511447 83093 124519 0 89222 63754 1902274 16230 25975 0 19058 (radio 2.11% / 2.14% tx 0.84% / 0.82% listen 1.26% / 1.32%)
300892094	ID:19	 38403 P 0.0 4 207206 9623013 29506 94575 0 82583 38974 1927045 6849 19127 0 16617 (radio 1.26% / 1.32% tx 0.30% / 0.34% listen 0.96% / 0.97%)
300938279	ID:13	 38403 P 0.0 4 287537 9542281 90735 112407 0 77034 45552 1920467 9462 21138 0 16706 (radio 2.06% / 1.55% tx 0.92% / 0.48% listen 1.14% / 1.07%)
300954662	ID:17	 38403 P 0.0 4 181824 9648286 43944 86272 0 73070 34021 1932009 8180 16708 0 14105 (radio 1.32% / 1.26% tx 0.44% / 0.41% listen 0.87% / 0.84%)
300991810	ID:11	 38403 P 0.0 4 201341 9628573 68535 86873 0 65068 28575 1937414 4751 14513 0 13009 (radio 1.58% / 0.97% tx 0.69% / 0.24% listen 0.88% / 0.73%)
301024561	ID:18	 38403 P 0.0 4 206203 9624012 62178 91740 0 73599 44697 1921364 13050 21096 0 16278 (radio 1.56% / 1.73% tx 0.63% / 0.66% listen 0.93% / 1.07%)
301062011	ID:10	 38403 P 0.0 4 287671 9542479 74245 127034 0 99169 50237 1915811 12221 25112 0 20464 (radio 2.04% / 1.89% tx 0.75% / 0.62% listen 1.29% / 1.27%)
301090365	ID:8	 38403 P 0.0 4 230824 9599367 70107 98201 0 71502 63785 1902256 24365 27342 0 14819 (radio 1.71% / 2.63% tx 0.71% / 1.23% listen 0.99% / 1.39%)
301113460	ID:14	 38403 P 0.0 4 298873 9531317 84101 121578 0 90444 52393 1913669 13192 24486 0 18285 (radio 2.09% / 1.91% tx 0.85% / 0.67% listen 1.23% / 1.24%)
301847905	ID:15	[PKT-TX] DATA bytes=13  seq=6 
302052787	ID:1	[PKT-RX] DATA bytes=13 from=15 seq=6
302374106	ID:15	[PKT-RTT] seq=6,rtt_delay_ms=257
302584971	ID:3	[HFS] ra=0 si=0 cx=49 ac=0
302589901	ID:3	[LIST] Neighbors: 2,23,17,31,27,21
302593539	ID:3	[LIST] Quarantine: (none)
302597035	ID:3	[LIST] Blacklist: (none)
302603129	ID:3	FUZZRID,DET,21,512,512,0,0,0,0,0,0,0,0,0,0
302862237	ID:17	[PKT-TX] DATA bytes=13  seq=6 
302903658	ID:1	[PKT-RX] DATA bytes=13 from=17 seq=6
304215839	ID:14	[PKT-TX] DATA bytes=13  seq=6 
304552240	ID:1	[PKT-RX] DATA bytes=13 from=14 seq=6
308527780	ID:4	[PKT-TX] DATA bytes=12  seq=6 
308544267	ID:1	[PKT-RX] DATA bytes=12 from=4 seq=6
308647290	ID:4	[PKT-RTT] seq=6,rtt_delay_ms=54
310255471	ID:20	[PKT-TX] DATA bytes=13  seq=6 
310301513	ID:1	[PKT-RX] DATA bytes=13 from=20 seq=6
314025742	ID:6	[PKT-TX] DATA bytes=12  seq=6 
314358516	ID:1	[PKT-RX] DATA bytes=12 from=6 seq=6
314882223	ID:6	[PKT-RTT] seq=6,rtt_delay_ms=421
315212555	ID:16	[PKT-TX] DATA bytes=13  seq=6 
315317280	ID:1	[PKT-RX] DATA bytes=13 from=16 seq=6
315666864	ID:19	[PKT-TX] DATA bytes=13  seq=6 
315683665	ID:1	[PKT-RX] DATA bytes=13 from=19 seq=6
315739365	ID:19	[PKT-RTT] seq=6,rtt_delay_ms=31
317099160	ID:30	[ATK-FAKE-RANK]  true_rank=1400 fake_rank=1546 t=11720s
317216240	ID:14	[HFS] ra=74 si=0 cx=49 ac=95
317221464	ID:14	[LIST] Neighbors: 20,25,30,24,9,6,15
317225100	ID:14	[LIST] Quarantine: (none)
317228597	ID:14	[LIST] Blacklist: (none)
317236285	ID:14	FUZZRID,DET,30,1546,1400,146,0,57,100,8,0,0,0,95,100
317344937	ID:10	[PKT-TX] DATA bytes=13  seq=6 
317428197	ID:1	[PKT-RX] DATA bytes=13 from=10 seq=6
317541323	ID:13	[HFS] ra=0 si=0 cx=49 ac=0
317546136	ID:13	[LIST] Neighbors: 2,28,19,10,7,25
317549773	ID:13	[LIST] Quarantine: (none)
317553270	ID:13	[LIST] Blacklist: (none)
317559226	ID:13	FUZZRID,DET,2,512,512,0,0,0,0,0,0,5,0,0,0
318709798	ID:9	[PKT-TX] DATA bytes=12  seq=6 
318767909	ID:13	[PKT-TX] DATA bytes=13  seq=6 
318856722	ID:1	[PKT-RX] DATA bytes=13 from=13 seq=6
319286724	ID:8	[PKT-TX] DATA bytes=12  seq=6 
319484674	ID:1	[PKT-RX] DATA bytes=12 from=8 seq=6
319676874	ID:1	[PKT-RX] DATA bytes=12 from=9 seq=6
319714539	ID:5	[PKT-TX] DATA bytes=12  seq=6 
319982041	ID:1	[PKT-RX] DATA bytes=12 from=5 seq=6
320088270	ID:11	[PKT-TX] DATA bytes=13  seq=6 
320185423	ID:7	[PKT-TX] DATA bytes=12  seq=6 
320454730	ID:28	[ATK-FAKE-RANK]  true_rank=512 fake_rank=552 t=11720s
320580680	ID:18	[PKT-TX] DATA bytes=13  seq=6 
320858533	ID:1	[PKT-RX] DATA bytes=12 from=7 seq=6
321439954	ID:1	[PKT-RX] DATA bytes=13 from=18 seq=6
321851671	ID:3	[PKT-TX] DATA bytes=12  seq=6 
322113077	ID:2	[PKT-TX] DATA bytes=12  seq=6 
322124473	ID:22	[PKT-TX] DATA bytes=13  seq=6 
322357491	ID:1	[PKT-RX] DATA bytes=12 from=2 seq=6
322495885	ID:19	[HFS] ra=0 si=0 cx=49 ac=0
322500668	ID:19	[LIST] Neighbors: 2,28,27,4,13,10
322504315	ID:19	[LIST] Quarantine: (none)
322507812	ID:19	[LIST] Blacklist: (none)
322514464	ID:19	FUZZRID,DET,28,552,512,40,0,15,60,10,0,0,0,0,0
322654404	ID:1	[PKT-RX] DATA bytes=12 from=3 seq=6
322994232	ID:19	[HFS] ra=0 si=0 cx=49 ac=0
322999047	ID:19	[LIST] Neighbors: 2,28,27,4,13,10
323002684	ID:19	[LIST] Quarantine: (none)
323006181	ID:19	[LIST] Blacklist: (none)
323012136	ID:19	FUZZRID,DET,4,512,512,0,0,0,0,0,0,0,0,0,0
323066330	ID:16	[HFS] ra=0 si=0 cx=49 ac=0
323070567	ID:16	[LIST] Neighbors: 31,26,22,18
323074204	ID:16	[LIST] Quarantine: (none)
323077701	ID:16	[LIST] Blacklist: (none)
323084156	ID:16	FUZZRID,DET,18,1568,1568,0,0,0,0,0,0,0,0,0,0
323223420	ID:1	[PKT-RX] DATA bytes=13 from=22 seq=6
323735700	ID:9	[PKT-RTT] seq=6,rtt_delay_ms=2507
323999793	ID:18	[PKT-RTT] seq=6,rtt_delay_ms=1703
324317048	ID:12	[PKT-TX] DATA bytes=13  seq=6 
324465072	ID:21	[PKT-TX] DATA bytes=13  seq=6 
324481900	ID:1	[PKT-RX] DATA bytes=13 from=21 seq=6
324798528	ID:22	[PKT-RTT] seq=6,rtt_delay_ms=1335
324912865	ID:2	[PKT-RTT] seq=6,rtt_delay_ms=1398
325176878	ID:1	[PKT-RX] DATA bytes=13 from=11 seq=6
325426561	ID:1	[PKT-RX] DATA bytes=13 from=12 seq=6
325716527	ID:11	[PKT-RTT] seq=6,rtt_delay_ms=2812
332050477	ID:5	[PKT-TX] DATA bytes=12  seq=7 
332111680	ID:6	[PKT-TX] DATA bytes=12  seq=7 
332230714	ID:1	[PKT-RX] DATA bytes=12 from=5 seq=7
332360893	ID:26	[ATK-FAKE-RANK]  true_rank=1204 fake_rank=1304 t=11720s
332429722	ID:22	[HFS] ra=64 si=0 cx=49 ac=85
332435091	ID:22	[LIST] Neighbors: 24,16,9,29,31,26,18
332438760	ID:22	[LIST] Quarantine: (none)
332442257	ID:22	[LIST] Blacklist: (none)
332449904	ID:22	FUZZRID,DET,26,1304,1204,100,0,39,70,26,0,0,0,85,100
332484598	ID:1	[PKT-RX] DATA bytes=12 from=6 seq=7
333005342	ID:6	[PKT-RTT] seq=7,rtt_delay_ms=445
334148721	ID:10	[PKT-TX] DATA bytes=13  seq=7 
334303243	ID:1	[PKT-RX] DATA bytes=13 from=10 seq=7
334635096	ID:13	[PKT-TX] DATA bytes=13  seq=7 
334732558	ID:1	[PKT-RX] DATA bytes=13 from=13 seq=7
335590222	ID:30	[ATK-FAKE-RANK]  true_rank=1397 fake_rank=1566 t=11720s
335631030	ID:15	[HFS] ra=74 si=42 cx=49 ac=82
335633505	ID:6	[HFS] ra=74 si=47 cx=49 ac=82
335636667	ID:15	[LIST] Neighbors: 9,14,29,24,12,11,6,30
335638483	ID:6	[LIST] Neighbors: 14,30,9,15,12,11
335640304	ID:15	[LIST] Quarantine: (none)
335642120	ID:6	[LIST] Quarantine: (none)
335643800	ID:15	[LIST] Blacklist: (none)
335645617	ID:6	[LIST] Blacklist: (none)
335651310	ID:15	FUZZRID,DET,30,1566,1397,169,0,62,100,0,0,3,0,82,75
335653266	ID:6	FUZZRID,DET,30,1566,1397,169,0,66,100,14,0,0,0,82,75
335693702	ID:8	[HFS] ra=74 si=47 cx=49 ac=82
335697633	ID:8	[LIST] Neighbors: 7,25,5,30
335701270	ID:8	[LIST] Quarantine: (none)
335704767	ID:8	[LIST] Blacklist: (none)
335712416	ID:8	FUZZRID,DET,30,1566,1397,169,0,66,100,14,0,0,0,82,75
335715012	ID:14	[HFS] ra=74 si=47 cx=49 ac=82
335720236	ID:14	[LIST] Neighbors: 20,25,30,24,9,6,15
335723873	ID:14	[LIST] Quarantine: (none)
335727403	ID:14	[LIST] Blacklist: (none)
335734934	ID:14	FUZZRID,DET,30,1566,1397,169,0,66,100,5,0,0,0,82,75
335949655	ID:4	[PKT-TX] DATA bytes=12  seq=7 
335966275	ID:1	[PKT-RX] DATA bytes=12 from=4 seq=7
336007921	ID:3	[PKT-TX] DATA bytes=12  seq=7 
336427125	ID:1	[PKT-RX] DATA bytes=12 from=3 seq=7
336522273	ID:4	[PKT-RTT] seq=7,rtt_delay_ms=281
338629127	ID:21	[PKT-TX] DATA bytes=13  seq=7 
338646941	ID:1	[PKT-RX] DATA bytes=13 from=21 seq=7
339166934	ID:17	[PKT-TX] DATA bytes=13  seq=7 
339237413	ID:18	[PKT-TX] DATA bytes=13  seq=7 
339279614	ID:1	[PKT-RX] DATA bytes=13 from=17 seq=7
339442977	ID:1	[PKT-RX] DATA bytes=13 from=18 seq=7
339747117	ID:18	[PKT-RTT] seq=7,rtt_delay_ms=250
340052760	ID:22	[HFS] ra=0 si=0 cx=49 ac=0
340058130	ID:22	[LIST] Neighbors: 24,16,9,29,31,26,18
340061766	ID:22	[LIST] Quarantine: (none)
340065263	ID:22	[LIST] Blacklist: (none)
340071578	ID:22	FUZZRID,DET,9,1460,1460,0,0,0,0,0,0,2,0,0,0
341128269	ID:23	[ATK-FAKE-RANK]  true_rank=878 fake_rank=938 t=11720s
344810388	ID:8	[PKT-TX] DATA bytes=12  seq=7 
344824059	ID:25	[ATK-FAKE-RANK]  true_rank=1131 fake_rank=1196 t=11720s
344981864	ID:1	[PKT-RX] DATA bytes=12 from=8 seq=7
345232769	ID:7	[HFS] ra=72 si=0 cx=49 ac=94
345237574	ID:7	[LIST] Neighbors: 28,13,10,25,5,8
345241212	ID:7	[LIST] Quarantine: (none)
345244708	ID:7	[LIST] Blacklist: (none)
345252041	ID:7	FUZZRID,DET,25,1196,1131,65,0,25,70,5,0,0,0,94,100
345365103	ID:7	[PKT-TX] DATA bytes=12  seq=7 
345485541	ID:1	[PKT-RX] DATA bytes=12 from=7 seq=7
345627801	ID:19	[PKT-TX] DATA bytes=13  seq=7 
345644604	ID:1	[PKT-RX] DATA bytes=13 from=19 seq=7
345740319	ID:19	[PKT-RTT] seq=7,rtt_delay_ms=54
346377167	ID:18	[HFS] ra=0 si=0 cx=49 ac=0
346381404	ID:18	[LIST] Neighbors: 26,22,29,16
346385041	ID:18	[LIST] Quarantine: (none)
346388538	ID:18	[LIST] Blacklist: (none)
346394992	ID:18	FUZZRID,DET,16,1383,1383,0,0,0,0,0,0,1,0,0,0
348642250	ID:16	[PKT-TX] DATA bytes=13  seq=7 
348805978	ID:11	[PKT-TX] DATA bytes=13  seq=7 
348817296	ID:1	[PKT-RX] DATA bytes=13 from=16 seq=7
349052443	ID:1	[PKT-RX] DATA bytes=13 from=11 seq=7
349464440	ID:11	[PKT-RTT] seq=7,rtt_delay_ms=328
349809235	ID:12	[PKT-TX] DATA bytes=13  seq=7 
350053484	ID:1	[PKT-RX] DATA bytes=13 from=12 seq=7
350497659	ID:20	[PKT-TX] DATA bytes=13  seq=7 
350551008	ID:1	[PKT-RX] DATA bytes=13 from=20 seq=7
351991055	ID:9	[PKT-TX] DATA bytes=12  seq=7 
352176254	ID:1	[PKT-RX] DATA bytes=12 from=9 seq=7
352491514	ID:9	[PKT-RTT] seq=7,rtt_delay_ms=250
353747089	ID:14	[PKT-TX] DATA bytes=13  seq=7 
353803206	ID:1	[PKT-RX] DATA bytes=13 from=14 seq=7
353895967	ID:20	[HFS] ra=0 si=0 cx=49 ac=0
353901323	ID:20	[LIST] Neighbors: 2,10,25,14,28,23,24
353904960	ID:20	[LIST] Quarantine: (none)
353908484	ID:20	[LIST] Blacklist: (none)
353914577	ID:20	FUZZRID,DET,10,830,830,0,0,0,0,0,0,5,0,0,0
355800570	ID:2	[PKT-TX] DATA bytes=12  seq=7 
355811973	ID:22	[PKT-TX] DATA bytes=13  seq=7 
355816821	ID:1	[PKT-RX] DATA bytes=12 from=2 seq=7
356673099	ID:2	[PKT-RTT] seq=7,rtt_delay_ms=429
357066801	ID:1	[PKT-RX] DATA bytes=13 from=22 seq=7
357299074	ID:22	[PKT-RTT] seq=7,rtt_delay_ms=742
357871843	ID:15	[PKT-TX] DATA bytes=13  seq=7 
358053245	ID:1	[PKT-RX] DATA bytes=13 from=15 seq=7
358375225	ID:15	[PKT-RTT] seq=7,rtt_delay_ms=250
358544348	ID:24	[ATK-FAKE-RANK]  true_rank=1113 fake_rank=1176 t=11720s
360159134	ID:5	 46083 P 0.0 5 202575 11593440 58103 103665 0 86242 23188 1942819 3751 15671 0 13885 (radio 1.37% / 0.98% tx 0.49% / 0.19% listen 0.87% / 0.79%)
360269382	ID:12	 46083 P 0.0 5 220580 11574623 45962 101426 0 85272 24166 1941789 1632 13655 0 12767 (radio 1.24% / 0.77% tx 0.38% / 0.08% listen 0.85% / 0.69%)
360300763	ID:4	 46083 P 0.0 5 208085 11588075 51741 101223 0 85822 37245 1928792 12192 20299 0 16207 (radio 1.29% / 1.65% tx 0.43% / 0.62% listen 0.85% / 1.03%)
360358751	ID:3	 46083 P 0.0 5 279268 11516539 74098 116187 0 88453 37865 1928115 8776 19910 0 15675 (radio 1.61% / 1.45% tx 0.62% / 0.44% listen 0.98% / 1.01%)
360417389	ID:21	 46083 P 0.0 5 209435 11585389 36743 105240 0 90586 26683 1939188 2615 19043 0 17448 (radio 1.20% / 1.10% tx 0.31% / 0.13% listen 0.89% / 0.96%)
360461729	ID:16	 46083 P 0.0 5 253083 11543082 76724 111159 0 85012 28384 1937652 4953 16061 0 13937 (radio 1.59% / 1.06% tx 0.65% / 0.25% listen 0.94% / 0.81%)
360514264	ID:9	 46083 P 0.0 5 359807 11436446 104279 145398 0 103900 47395 1918660 12543 21884 0 15865 (radio 2.11% / 1.75% tx 0.88% / 0.63% listen 1.23% / 1.11%)
360596516	ID:1	 46085 P 0.0 5 612422 11183658 219428 11576867 0 0 135475 1830486 64873 1901171 0 0 (radio 100.-9831% / 100.-8739% tx 1.86% / 3.29% listen 98.-9453% / 96.-8669%)
360630436	ID:7	 46083 P 0.0 5 444655 11351186 168754 157564 0 81617 72947 1893048 30520 27388 0 12869 (radio 2.76% / 2.94% tx 1.43% / 1.55% listen 1.33% / 1.39%)
360657435	ID:6	 46083 P 0.0 5 320703 11475420 87292 120235 0 90956 34343 1931699 4954 16184 0 13423 (radio 1.75% / 1.07% tx 0.74% / 0.25% listen 1.01% / 0.82%)
360669117	ID:20	 46083 P 0.0 5 497027 11299088 177173 178840 0 91590 86339 1879715 33307 32004 0 14356 (radio 3.01% / 3.32% tx 1.50% / 1.69% listen 1.51% / 1.62%)
360691102	ID:2	 46083 P 0.0 5 492218 11303131 100443 174754 0 100103 72556 1893190 16993 30305 0 17215 (radio 2.33% / 2.40% tx 0.85% / 0.86% listen 1.48% / 1.54%)
360701265	ID:22	 46083 P 0.0 5 381932 11414302 121195 153188 0 104438 57961 1908113 17591 24702 0 15471 (radio 2.32% / 2.15% tx 1.02% / 0.89% listen 1.29% / 1.25%)
360775997	ID:15	 46083 P 0.0 5 363792 11432305 92084 145572 0 104986 45187 1920858 8991 21053 0 15764 (radio 2.01% / 1.52% tx 0.78% / 0.45% listen 1.23% / 1.07%)
360892577	ID:19	 46083 P 0.0 5 236601 11559683 29642 115006 0 101680 29394 1936670 136 20431 0 19097 (radio 1.22% / 1.04% tx 0.25% / 0.00% listen 0.97% / 1.03%)
360938605	ID:13	 46083 P 0.0 5 322948 11472902 96182 129406 0 92082 35410 1930621 5447 16999 0 15048 (radio 1.91% / 1.14% tx 0.81% / 0.27% listen 1.09% / 0.86%)
360955222	ID:17	 46083 P 0.0 5 204956 11591193 46256 101958 0 87591 23131 1942907 2312 15686 0 14521 (radio 1.25% / 0.91% tx 0.39% / 0.11% listen 0.86% / 0.79%)
360992352	ID:11	 46083 P 0.0 5 222534 11573352 70371 100153 0 77047 21192 1944779 1836 13280 0 11979 (radio 1.44% / 0.76% tx 0.59% / 0.09% listen 0.84% / 0.67%)
361024857	ID:18	 46083 P 0.0 5 242161 11554124 71718 108239 0 86455 35957 1930112 9540 16499 0 12856 (radio 1.52% / 1.32% tx 0.60% / 0.48% listen 0.91% / 0.83%)
361062292	ID:10	 46083 P 0.0 5 323880 11472316 80047 149055 0 118408 36208 1929837 5802 22021 0 19239 (radio 1.94% / 1.41% tx 0.67% / 0.29% listen 1.26% / 1.12%)
361090643	ID:8	 46083 P 0.0 5 267746 11528491 79794 117466 0 85653 36921 1929124 9687 19265 0 14151 (radio 1.67% / 1.47% tx 0.67% / 0.49% listen 0.99% / 0.97%)
361113771	ID:14	 46083 P 0.0 5 333951 11462303 87501 141590 0 108334 35077 1930986 3400 20012 0 17890 (radio 1.94% / 1.19% tx 0.74% / 0.17% listen 1.20% / 1.01%)
361761507	ID:2	[PKT-TX] DATA bytes=12  seq=8 
361777762	ID:1	[PKT-RX] DATA bytes=12 from=2 seq=8
361912596	ID:2	[PKT-RTT] seq=8,rtt_delay_ms=70
362083596	ID:20	[PKT-TX] DATA bytes=13  seq=8 
362176413	ID:12	[PKT-TX] DATA bytes=13  seq=8 
362178145	ID:1	[PKT-RX] DATA bytes=13 from=20 seq=8
362426234	ID:1	[PKT-RX] DATA bytes=13 from=12 seq=8
364070421	ID:3	[PKT-TX] DATA bytes=12  seq=8 
364176804	ID:1	[PKT-RX] DATA bytes=12 from=3 seq=8
364225939	ID:9	[PKT-TX] DATA bytes=12  seq=8 
364429246	ID:17	[HFS] ra=0 si=0 cx=49 ac=0
364433337	ID:17	[LIST] Neighbors: 21,27,3,31
364436974	ID:17	[LIST] Quarantine: (none)
364440471	ID:17	[LIST] Blacklist: (none)
364446580	ID:17	FUZZRID,DET,21,512,512,0,0,0,0,0,0,1,0,0,0
364704895	ID:11	[PKT-TX] DATA bytes=13  seq=8 
364803268	ID:1	[PKT-RX] DATA bytes=12 from=9 seq=8
365112149	ID:9	[PKT-RTT] seq=8,rtt_delay_ms=437
365425676	ID:1	[PKT-RX] DATA bytes=13 from=11 seq=8
365839599	ID:11	[PKT-RTT] seq=8,rtt_delay_ms=562
365878093	ID:13	[PKT-TX] DATA bytes=13  seq=8 
365981485	ID:1	[PKT-RX] DATA bytes=13 from=13 seq=8
367681928	ID:17	[HFS] ra=0 si=0 cx=49 ac=0
367686019	ID:17	[LIST] Neighbors: 21,27,3,31
367689656	ID:17	[LIST] Quarantine: (none)
367693153	ID:17	[LIST] Blacklist: (none)
367699108	ID:17	FUZZRID,DET,3,874,874,0,0,0,0,0,0,0,0,0,0
368386414	ID:5	[PKT-TX] DATA bytes=12  seq=8 
368607474	ID:1	[PKT-RX] DATA bytes=12 from=5 seq=8
369003460	ID:31	[ATK-FAKE-RANK]  true_rank=881 fake_rank=889 t=11720s
374069779	ID:22	[PKT-TX] DATA bytes=13  seq=8 
374144780	ID:15	[PKT-TX] DATA bytes=13  seq=8 
374192473	ID:1	[PKT-RX] DATA bytes=13 from=22 seq=8
375131464	ID:15	[HFS] ra=0 si=0 cx=49 ac=0
375137100	ID:15	[LIST] Neighbors: 9,14,29,24,12,11,6,30
375140737	ID:15	[LIST] Quarantine: (none)
375144234	ID:15	[LIST] Blacklist: (none)
375150551	ID:15	FUZZRID,DET,6,1833,1833,0,0,0,0,0,0,0,0,0,0
375302501	ID:1	[PKT-RX] DATA bytes=13 from=15 seq=8
376124483	ID:15	[PKT-RTT] seq=8,rtt_delay_ms=984
376165625	ID:13	[HFS] ra=0 si=0 cx=49 ac=0
376170436	ID:13	[LIST] Neighbors: 2,28,19,10,7,25
376174074	ID:13	[LIST] Quarantine: (none)
376177571	ID:13	[LIST] Blacklist: (none)
376183528	ID:13	FUZZRID,DET,7,799,799,0,0,0,0,0,0,3,0,0,0
376259297	ID:6	[HFS] ra=0 si=0 cx=49 ac=0
376264241	ID:6	[LIST] Neighbors: 14,30,9,15,12,11
376267878	ID:6	[LIST] Quarantine: (none)
376271401	ID:6	[LIST] Blacklist: (none)
376277856	ID:6	FUZZRID,DET,11,1818,1818,0,0,0,0,0,0,2,0,0,0
376549376	ID:22	[PKT-RTT] seq=8,rtt_delay_ms=1234
378129343	ID:4	[PKT-TX] DATA bytes=12  seq=8 
378145963	ID:1	[PKT-RX] DATA bytes=12 from=4 seq=8
378826048	ID:7	[PKT-TX] DATA bytes=12  seq=8 
378858674	ID:1	[PKT-RX] DATA bytes=12 from=7 seq=8
379088739	ID:19	[PKT-TX] DATA bytes=13  seq=8 
379105543	ID:1	[PKT-RX] DATA bytes=13 from=19 seq=8
379221305	ID:18	[PKT-TX] DATA bytes=13  seq=8 
379241326	ID:19	[PKT-RTT] seq=8,rtt_delay_ms=70
379557418	ID:16	[PKT-TX] DATA bytes=13  seq=8 
379689930	ID:1	[PKT-RX] DATA bytes=13 from=16 seq=8
379942161	ID:1	[PKT-RX] DATA bytes=13 from=18 seq=8
380247429	ID:18	[PKT-RTT] seq=8,rtt_delay_ms=507
382583599	ID:8	[PKT-TX] DATA bytes=12  seq=8 
382732041	ID:1	[PKT-RX] DATA bytes=12 from=8 seq=8
383303912	ID:27	[ATK-FAKE-RANK]  true_rank=512 fake_rank=572 t=11720s
383404418	ID:4	[HFS] ra=72 si=0 cx=49 ac=94
383408228	ID:4	[LIST] Neighbors: 21,19,27
383411865	ID:4	[LIST] Quarantine: (none)
383415379	ID:4	[LIST] Blacklist: (none)
383422524	ID:4	FUZZRID,DET,27,572,512,60,0,23,70,10,0,0,0,94,100
383861687	ID:6	[PKT-TX] DATA bytes=12  seq=8 
384231544	ID:1	[PKT-RX] DATA bytes=12 from=6 seq=8
384755700	ID:6	[PKT-RTT] seq=8,rtt_delay_ms=445
385558821	ID:21	[PKT-TX] DATA bytes=13  seq=8 
385575655	ID:1	[PKT-RX] DATA bytes=13 from=21 seq=8
386096626	ID:17	[PKT-TX] DATA bytes=13  seq=8 
386152516	ID:1	[PKT-RX] DATA bytes=13 from=17 seq=8
386187783	ID:10	[PKT-TX] DATA bytes=13  seq=8 
386239284	ID:14	[PKT-TX] DATA bytes=13  seq=8 
386304998	ID:17	[PKT-RTT] seq=8,rtt_delay_ms=101
386553191	ID:1	[PKT-RX] DATA bytes=13 from=10 seq=8
386686843	ID:1	[PKT-RX] DATA bytes=13 from=14 seq=8
388442535	ID:8	[HFS] ra=0 si=0 cx=49 ac=0
388446466	ID:8	[LIST] Neighbors: 7,25,5,30
388450103	ID:8	[LIST] Quarantine: (none)
388453601	ID:8	[LIST] Blacklist: (none)
388459916	ID:8	FUZZRID,DET,5,1062,1062,0,0,0,0,0,0,0,0,0,0
392230717	ID:15	[PKT-TX] DATA bytes=13  seq=9 
392426513	ID:1	[PKT-RX] DATA bytes=13 from=15 seq=9
392567401	ID:14	[PKT-TX] DATA bytes=13  seq=9 
392927138	ID:1	[PKT-RX] DATA bytes=13 from=14 seq=9
393036721	ID:20	[PKT-TX] DATA bytes=13  seq=9 
393248407	ID:15	[PKT-RTT] seq=9,rtt_delay_ms=507
393427778	ID:1	[PKT-RX] DATA bytes=13 from=20 seq=9
393996530	ID:4	[PKT-TX] DATA bytes=12  seq=9 
394013156	ID:1	[PKT-RX] DATA bytes=12 from=4 seq=9
395436361	ID:9	[PKT-TX] DATA bytes=12  seq=9 
395677086	ID:1	[PKT-RX] DATA bytes=12 from=9 seq=9
395985907	ID:9	[PKT-RTT] seq=9,rtt_delay_ms=273
396110993	ID:16	[PKT-TX] DATA bytes=13  seq=9 
396192374	ID:1	[PKT-RX] DATA bytes=13 from=16 seq=9
398136048	ID:5	[HFS] ra=0 si=0 cx=49 ac=0
398139552	ID:5	[LIST] Neighbors: 7,8,25
398143189	ID:5	[LIST] Quarantine: (none)
398146686	ID:5	[LIST] Blacklist: (none)
398153001	ID:5	FUZZRID,DET,8,1056,1056,0,0,0,0,0,0,3,0,0,0
398481110	ID:12	[PKT-TX] DATA bytes=13  seq=9 
398802575	ID:1	[PKT-RX] DATA bytes=13 from=12 seq=9
403165171	ID:10	[HFS] ra=0 si=0 cx=49 ac=0
403170806	ID:10	[LIST] Neighbors: 2,28,13,7,25,20,23,19
403174443	ID:10	[LIST] Quarantine: (none)
403177940	ID:10	[LIST] Blacklist: (none)
403184032	ID:10	FUZZRID,DET,13,824,824,0,0,0,0,0,0,3,0,0,0
403556979	ID:13	[PKT-TX] DATA bytes=13  seq=9 
403607765	ID:1	[PKT-RX] DATA bytes=13 from=13 seq=9
404042757	ID:2	[PKT-TX] DATA bytes=12  seq=9 
404059111	ID:1	[PKT-RX] DATA bytes=12 from=2 seq=9
404150742	ID:6	[PKT-TX] DATA bytes=12  seq=9 
404162691	ID:2	[PKT-RTT] seq=9,rtt_delay_ms=54
404485068	ID:1	[PKT-RX] DATA bytes=12 from=6 seq=9
404612820	ID:19	[PKT-TX] DATA bytes=13  seq=9 
404675278	ID:17	[PKT-TX] DATA bytes=13  seq=9 
404778402	ID:1	[PKT-RX] DATA bytes=13 from=17 seq=9
404894227	ID:5	[PKT-TX] DATA bytes=12  seq=9 
405005907	ID:6	[PKT-RTT] seq=9,rtt_delay_ms=421
405090855	ID:1	[PKT-RX] DATA bytes=13 from=19 seq=9
405115047	ID:19	[PKT-RTT] seq=9,rtt_delay_ms=250
405304198	ID:17	[PKT-RTT] seq=9,rtt_delay_ms=312
405358118	ID:1	[PKT-RX] DATA bytes=12 from=5 seq=9
407259103	ID:11	[PKT-TX] DATA bytes=13  seq=9 
407552163	ID:1	[PKT-RX] DATA bytes=13 from=11 seq=9
407966430	ID:11	[PKT-RTT] seq=9,rtt_delay_ms=351
408597877	ID:21	[PKT-TX] DATA bytes=13  seq=9 
408614573	ID:1	[PKT-RX] DATA bytes=13 from=21 seq=9
408840911	ID:14	[HFS] ra=0 si=0 cx=49 ac=0
408846134	ID:14	[LIST] Neighbors: 20,25,30,24,9,6,15
408849770	ID:14	[LIST] Quarantine: (none)
408853267	ID:14	[LIST] Blacklist: (none)
408859376	ID:14	FUZZRID,DET,20,813,813,0,0,0,0,0,0,1,0,0,0
409708853	ID:7	[PKT-TX] DATA bytes=12  seq=9 
409857474	ID:1	[PKT-RX] DATA bytes=12 from=7 seq=9
410169544	ID:8	[PKT-TX] DATA bytes=12  seq=9 
410355813	ID:1	[PKT-RX] DATA bytes=12 from=8 seq=9
411765734	ID:3	[PKT-TX] DATA bytes=12  seq=9 
411801546	ID:1	[PKT-RX] DATA bytes=12 from=3 seq=9
412502555	ID:18	[PKT-TX] DATA bytes=13  seq=9 
412692922	ID:1	[PKT-RX] DATA bytes=13 from=18 seq=9
412998788	ID:18	[PKT-RTT] seq=9,rtt_delay_ms=242
413226029	ID:22	[PKT-TX] DATA bytes=13  seq=9 
413315783	ID:1	[PKT-RX] DATA bytes=13 from=22 seq=9
413547485	ID:22	[PKT-RTT] seq=9,rtt_delay_ms=156
413762277	ID:6	[HFS] ra=0 si=0 cx=49 ac=0
413767221	ID:6	[LIST] Neighbors: 14,30,9,15,12,11
413770858	ID:6	[LIST] Quarantine: (none)
413774355	ID:6	[LIST] Blacklist: (none)
413780837	ID:6	FUZZRID,DET,12,1784,1784,0,0,0,0,0,0,0,0,0,0
418157034	ID:10	[PKT-TX] DATA bytes=13  seq=9 
418301496	ID:1	[PKT-RX] DATA bytes=13 from=10 seq=9
420159080	ID:5	 53763 P 0.0 6 229039 13532982 63110 119948 0 99914 26462 1939542 5007 16283 0 13672 (radio 1.33% / 1.08% tx 0.45% / 0.25% listen 0.87% / 0.82%)
420269398	ID:12	 53763 P 0.0 6 249023 13511912 50543 116466 0 98228 28441 1937289 4581 15040 0 12956 (radio 1.21% / 0.99% tx 0.36% / 0.23% listen 0.84% / 0.76%)
420300485	ID:4	 53763 P 0.0 6 229672 13532528 51875 116921 0 100805 21586 1944453 134 15698 0 14983 (radio 1.22% / 0.80% tx 0.37% / 0.00% listen 0.84% / 0.79%)
420359059	ID:3	 53763 P 0.0 6 306767 13455010 76425 131349 0 102370 27497 1938471 2327 15162 0 13917 (radio 1.50% / 0.88% tx 0.55% / 0.11% listen 0.95% / 0.77%)
420417622	ID:21	 53763 P 0.0 6 238384 13522406 39205 123521 0 106203 28948 1937017 2462 18281 0 15617 (radio 1.18% / 1.05% tx 0.28% / 0.12% listen 0.89% / 0.92%)
420461765	ID:16	 53763 P 0.0 6 275498 13486706 78492 124549 0 97461 22414 1943624 1768 13390 0 12449 (radio 1.47% / 0.77% tx 0.57% / 0.08% listen 0.90% / 0.68%)
420513916	ID:9	 53763 P 0.0 6 398814 13363493 111513 165174 0 119700 39006 1927047 7234 19776 0 15800 (radio 2.01% / 1.37% tx 0.81% / 0.36% listen 1.20% / 1.00%)
420596526	ID:1	 53765 P 0.0 6 730428 13031609 273708 13488634 0 0 118004 1847951 54280 1911766 0 0 (radio 100.-9987% / 100.-8739% tx 1.98% / 2.76% listen 98.-9674% / 97.-8715%)
420630439	ID:7	 53763 P 0.0 6 504533 13257308 191390 180599 0 93685 59877 1906122 22636 23035 0 12068 (radio 2.70% / 2.32% tx 1.39% / 1.15% listen 1.31% / 1.17%)
420657786	ID:6	 53763 P 0.0 6 356697 13405461 92467 136856 0 104711 35992 1930041 5175 16621 0 13755 (radio 1.66% / 1.10% tx 0.67% / 0.26% listen 0.99% / 0.84%)
420669423	ID:20	 53763 P 0.0 6 566113 13196064 199721 204800 0 104323 69085 1896976 22548 25960 0 12733 (radio 2.93% / 2.46% tx 1.45% / 1.14% listen 1.48% / 1.32%)
420697368	ID:2	 53763 P 0.0 6 568584 13192930 119588 204063 0 114852 76365 1889799 19145 29309 0 14749 (radio 2.35% / 2.46% tx 0.86% / 0.97% listen 1.48% / 1.49%)
420701262	ID:22	 53763 P 0.0 6 431039 13331268 134846 174299 0 118508 49106 1916966 13651 21111 0 14070 (radio 2.24% / 1.76% tx 0.97% / 0.69% listen 1.26% / 1.07%)
420776299	ID:15	 53763 P 0.0 6 407574 13354562 100176 166071 0 120471 43780 1922257 8092 20499 0 15485 (radio 1.93% / 1.45% tx 0.72% / 0.41% listen 1.20% / 1.04%)
420890089	ID:28	[ATK-FAKE-RANK]  true_rank=512 fake_rank=572 t=11720s
420892636	ID:19	 53763 P 0.0 6 263907 13498446 29778 133117 0 119023 27304 1938763 136 18111 0 17343 (radio 1.18% / 0.92% tx 0.21% / 0.00% listen 0.96% / 0.92%)
420911758	ID:1	[HFS] ra=72 si=0 cx=49 ac=94
420916134	ID:13	[HFS] ra=72 si=0 cx=49 ac=94
420916176	ID:10	[HFS] ra=72 si=0 cx=49 ac=94
420916821	ID:1	[LIST] Neighbors: 2,21,28,4,19,27,3
420917107	ID:2	[HFS] ra=72 si=0 cx=49 ac=94
420920458	ID:1	[LIST] Quarantine: (none)
420920918	ID:13	[LIST] Neighbors: 2,28,19,10,7,25
420921812	ID:10	[LIST] Neighbors: 2,28,13,7,25,20,23,19
420922932	ID:2	[LIST] Neighbors: 28,19,27,13,10,3,20,23
420923955	ID:1	[LIST] Blacklist: (none)
420924556	ID:13	[LIST] Quarantine: (none)
420925449	ID:10	[LIST] Quarantine: (none)
420926569	ID:2	[LIST] Quarantine: (none)
420928087	ID:13	[LIST] Blacklist: (none)
420928946	ID:10	[LIST] Blacklist: (none)
420930066	ID:2	[LIST] Blacklist: (none)
420931064	ID:1	FUZZRID,DET,28,572,512,60,0,23,70,10,0,0,0,94,100
420935232	ID:13	FUZZRID,DET,28,572,512,60,0,23,70,10,0,0,0,94,100
420936055	ID:10	FUZZRID,DET,28,572,512,60,0,22,70,10,0,1,0,94,100
420937212	ID:2	FUZZRID,DET,28,572,512,60,0,23,70,10,0,0,0,94,100
420955453	ID:17	 53763 P 0.0 6 236371 13525815 51991 117648 0 100179 31413 1934622 5735 15690 0 12588 (radio 1.23% / 1.08% tx 0.37% / 0.29% listen 0.85% / 0.79%)
420971506	ID:13	 53767 P 0.0 6 355594 13407356 99336 145681 0 106639 32644 1934454 3154 16275 0 14557 (radio 1.78% / 0.98% tx 0.72% / 0.16% listen 1.05% / 0.82%)
420979964	ID:7	[HFS] ra=72 si=0 cx=49 ac=94
420984760	ID:7	[LIST] Neighbors: 28,13,10,25,5,8
420988398	ID:7	[LIST] Quarantine: (none)
420991894	ID:7	[LIST] Blacklist: (none)
420992648	ID:11	 53763 P 0.0 6 258080 13503810 82268 117098 0 88930 35545 1930458 11897 16945 0 11883 (radio 1.44% / 1.46% tx 0.59% / 0.60% listen 0.85% / 0.86%)
420997437	ID:19	[HFS] ra=72 si=0 cx=49 ac=94
420999004	ID:7	FUZZRID,DET,28,572,512,60,0,22,70,10,0,1,0,94,100
421002220	ID:19	[LIST] Neighbors: 2,28,27,4,13,10
421005857	ID:19	[LIST] Quarantine: (none)
421009354	ID:19	[LIST] Blacklist: (none)
421016325	ID:19	FUZZRID,DET,28,572,512,60,0,23,70,5,0,0,0,94,100
421023884	ID:20	[HFS] ra=72 si=0 cx=49 ac=94
421024857	ID:18	 53763 P 0.0 6 272546 13489806 78059 124448 0 98985 30384 1935682 6341 16209 0 12530 (radio 1.47% / 1.14% tx 0.56% / 0.32% listen 0.90% / 0.82%)
421029240	ID:20	[LIST] Neighbors: 2,10,25,14,28,23,24
421032876	ID:20	[LIST] Quarantine: (none)
421036373	ID:20	[LIST] Blacklist: (none)
421043511	ID:20	FUZZRID,DET,28,572,512,60,0,23,70,10,0,0,0,94,100
421063987	ID:10	 53763 P 0.0 6 363100 13399226 85963 170191 0 136524 39219 1926910 5916 21136 0 18116 (radio 1.86% / 1.37% tx 0.62% / 0.30% listen 1.23% / 1.07%)
421090643	ID:8	 53763 P 0.0 6 303644 13458634 88802 135312 0 98598 35896 1930143 9008 17846 0 12945 (radio 1.62% / 1.36% tx 0.64% / 0.45% listen 0.98% / 0.90%)
421113768	ID:14	 53763 P 0.0 6 375678 13386645 95693 161628 0 124512 41725 1924342 8192 20038 0 16178 (radio 1.86% / 1.43% tx 0.69% / 0.41% listen 1.17% / 1.01%)
423266950	ID:23	[ATK-FAKE-RANK]  true_rank=768 fake_rank=958 t=11720s
423294984	ID:2	[HFS] ra=74 si=47 cx=49 ac=82
423300780	ID:2	[LIST] Neighbors: 28,19,27,13,10,3,20,23
423304425	ID:2	[LIST] Quarantine: (none)
423307921	ID:2	[LIST] Blacklist: (none)
423315211	ID:2	FUZZRID,DET,23,958,768,190,0,66,100,39,0,6,0,82,55
423335577	ID:3	[HFS] ra=74 si=47 cx=49 ac=82
423340507	ID:3	[LIST] Neighbors: 2,23,17,31,27,21
423344144	ID:3	[LIST] Quarantine: (none)
423347666	ID:3	[LIST] Blacklist: (none)
423354957	ID:3	FUZZRID,DET,23,958,768,190,0,67,100,40,0,5,0,82,55
423396556	ID:20	[HFS] ra=74 si=48 cx=49 ac=82
423401912	ID:20	[LIST] Neighbors: 2,10,25,14,28,23,24
423405553	ID:20	[LIST] Quarantine: (none)
423409050	ID:20	[LIST] Blacklist: (none)
423416339	ID:20	FUZZRID,DET,23,958,768,190,0,68,100,41,0,4,0,82,55
424049378	ID:13	[PKT-TX] DATA bytes=14  seq=10 
424095229	ID:11	[PKT-TX] DATA bytes=14  seq=10 
424802700	ID:1	[PKT-RX] DATA bytes=14 from=11 seq=10
424803035	ID:8	[PKT-TX] DATA bytes=13  seq=10 
424983079	ID:1	[PKT-RX] DATA bytes=13 from=8 seq=10
425107458	ID:1	[PKT-RX] DATA bytes=14 from=13 seq=10
426295012	ID:7	[PKT-TX] DATA bytes=13  seq=10 
426357225	ID:1	[PKT-RX] DATA bytes=13 from=7 seq=10
429274758	ID:23	[ATK-FAKE-RANK]  true_rank=768 fake_rank=978 t=11720s
429334742	ID:3	[HFS] ra=74 si=49 cx=49 ac=82
429339672	ID:3	[LIST] Neighbors: 2,23,17,31,27,21
429343309	ID:3	[LIST] Quarantine: (none)
429346827	ID:3	[LIST] Blacklist: (none)
429353978	ID:3	FUZZRID,DET,23,978,768,210,0,78,100,5,0,2,0,82,55
429395666	ID:20	[HFS] ra=74 si=49 cx=49 ac=82
429401022	ID:20	[LIST] Neighbors: 2,10,25,14,28,23,24
429404658	ID:20	[LIST] Quarantine: (none)
429408155	ID:20	[LIST] Blacklist: (none)
429415337	ID:20	FUZZRID,DET,23,978,768,210,0,76,100,4,0,4,0,82,55
429417317	ID:10	[HFS] ra=74 si=49 cx=49 ac=82
429417701	ID:2	[HFS] ra=74 si=48 cx=49 ac=82
429422953	ID:10	[LIST] Neighbors: 2,28,13,7,25,20,23,19
429423496	ID:2	[LIST] Neighbors: 28,19,27,13,10,3,20,23
429426609	ID:10	[LIST] Quarantine: (none)
429427133	ID:2	[LIST] Quarantine: (none)
429430105	ID:10	[LIST] Blacklist: (none)
429430630	ID:2	[LIST] Blacklist: (none)
429437393	ID:10	FUZZRID,DET,23,978,768,210,0,76,100,45,0,4,0,82,55
429437778	ID:2	FUZZRID,DET,23,978,768,210,0,73,100,4,0,6,0,82,55
429914976	ID:10	[HFS] ra=0 si=0 cx=49 ac=0
429919280	ID:2	[HFS] ra=0 si=0 cx=49 ac=0
429920612	ID:10	[LIST] Neighbors: 2,28,13,7,25,20,23,19
429924249	ID:10	[LIST] Quarantine: (none)
429925076	ID:2	[LIST] Neighbors: 28,19,27,13,10,3,20,23
429927745	ID:10	[LIST] Blacklist: (none)
429928726	ID:2	[LIST] Quarantine: (none)
429932222	ID:2	[LIST] Blacklist: (none)
429933867	ID:10	FUZZRID,DET,13,768,768,0,0,0,0,0,0,7,0,0,0
429938316	ID:2	FUZZRID,DET,13,768,768,0,0,0,0,0,0,8,0,0,0
429982955	ID:7	[HFS] ra=0 si=0 cx=49 ac=0
429987752	ID:7	[LIST] Neighbors: 28,13,10,25,5,8
429991390	ID:7	[LIST] Quarantine: (none)
429994886	ID:7	[LIST] Blacklist: (none)
429996281	ID:19	[HFS] ra=0 si=0 cx=49 ac=0
430000981	ID:7	FUZZRID,DET,13,768,768,0,0,0,0,0,0,6,0,0,0
430001064	ID:19	[LIST] Neighbors: 2,28,27,4,13,10
430004734	ID:19	[LIST] Quarantine: (none)
430008231	ID:19	[LIST] Blacklist: (none)
430014325	ID:19	FUZZRID,DET,13,768,768,0,0,0,0,0,0,4,0,0,0
430700403	ID:14	[PKT-TX] DATA bytes=14  seq=10 
430803093	ID:1	[PKT-RX] DATA bytes=14 from=14 seq=10
431418369	ID:30	[ATK-FAKE-RANK]  true_rank=1389 fake_rank=1586 t=11720s
431444837	ID:8	[HFS] ra=74 si=49 cx=49 ac=82
431448768	ID:8	[LIST] Neighbors: 7,25,5,30
431452405	ID:8	[LIST] Quarantine: (none)
431455625	ID:6	[PKT-TX] DATA bytes=13  seq=10 
431455902	ID:8	[LIST] Blacklist: (none)
431463413	ID:8	FUZZRID,DET,30,1586,1389,197,0,76,100,7,0,0,0,82,75
431466174	ID:14	[HFS] ra=74 si=49 cx=49 ac=82
431471397	ID:14	[LIST] Neighbors: 20,25,30,24,9,6,15
431475034	ID:14	[LIST] Quarantine: (none)
431478531	ID:14	[LIST] Blacklist: (none)
431486041	ID:14	FUZZRID,DET,30,1586,1389,197,0,76,100,7,0,0,0,82,75
431505980	ID:15	[HFS] ra=74 si=49 cx=49 ac=82
431508632	ID:6	[HFS] ra=74 si=49 cx=49 ac=82
431511617	ID:15	[LIST] Neighbors: 9,14,29,24,12,11,6,30
431513610	ID:6	[LIST] Neighbors: 14,30,9,15,12,11
431515254	ID:15	[LIST] Quarantine: (none)
431517247	ID:6	[LIST] Quarantine: (none)
431518750	ID:15	[LIST] Blacklist: (none)
431520745	ID:6	[LIST] Blacklist: (none)
431526260	ID:15	FUZZRID,DET,30,1586,1389,197,0,76,100,7,0,0,0,82,75
431528255	ID:6	FUZZRID,DET,30,1586,1389,197,0,76,100,7,0,0,0,82,75
431789367	ID:3	[PKT-TX] DATA bytes=13  seq=10 
431935347	ID:20	[PKT-TX] DATA bytes=14  seq=10 
432051653	ID:1	[PKT-RX] DATA bytes=14 from=20 seq=10
432177016	ID:1	[PKT-RX] DATA bytes=13 from=3 seq=10
432356172	ID:1	[PKT-RX] DATA bytes=13 from=6 seq=10
432934226	ID:4	[PKT-TX] DATA bytes=13  seq=10 
432951011	ID:1	[PKT-RX] DATA bytes=13 from=4 seq=10
433023446	ID:4	[PKT-RTT] seq=10,rtt_delay_ms=39
433147493	ID:9	[PKT-TX] DATA bytes=13  seq=10 
433302706	ID:1	[PKT-RX] DATA bytes=13 from=9 seq=10
433894422	ID:5	[PKT-TX] DATA bytes=13  seq=10 
434108782	ID:1	[PKT-RX] DATA bytes=13 from=5 seq=10
434219612	ID:28	[ATK-FAKE-RANK]  true_rank=512 fake_rank=592 t=11720s
434229035	ID:7	[HFS] ra=0 si=0 cx=49 ac=0
434233832	ID:7	[LIST] Neighbors: 28,13,10,25,5,8
434237469	ID:7	[LIST] Quarantine: (none)
434240966	ID:7	[LIST] Blacklist: (none)
434247060	ID:7	FUZZRID,DET,13,768,768,0,0,0,0,0,0,6,0,0,0
434289188	ID:10	[HFS] ra=0 si=0 cx=49 ac=0
434293405	ID:2	[HFS] ra=0 si=0 cx=49 ac=0
434294824	ID:10	[LIST] Neighbors: 2,28,13,7,25,20,23,19
434298461	ID:10	[LIST] Quarantine: (none)
434299201	ID:2	[LIST] Neighbors: 28,19,27,13,10,3,20,23
434301957	ID:10	[LIST] Blacklist: (none)
434302837	ID:2	[LIST] Quarantine: (none)
434306334	ID:2	[LIST] Blacklist: (none)
434308051	ID:10	FUZZRID,DET,13,768,768,0,0,0,0,0,0,7,0,0,0
434312428	ID:2	FUZZRID,DET,13,768,768,0,0,0,0,0,0,9,0,0,0
434438875	ID:10	[PKT-TX] DATA bytes=14  seq=10 
434804031	ID:1	[PKT-RX] DATA bytes=14 from=10 seq=10
435020361	ID:12	[PKT-TX] DATA bytes=14  seq=10 
435301895	ID:1	[PKT-RX] DATA bytes=14 from=12 seq=10
435501572	ID:15	[HFS] ra=0 si=0 cx=49 ac=0
435507242	ID:15	[LIST] Neighbors: 9,14,29,24,12,11,6,30
435510879	ID:15	[LIST] Quarantine: (none)
435514403	ID:15	[LIST] Blacklist: (none)
435520721	ID:15	FUZZRID,DET,9,1433,1433,0,0,0,0,0,0,4,0,0,0
438290869	ID:16	[PKT-TX] DATA bytes=14  seq=10 
438441398	ID:1	[PKT-RX] DATA bytes=14 from=16 seq=10
438721798	ID:19	[PKT-TX] DATA bytes=14  seq=10 
438738647	ID:1	[PKT-RX] DATA bytes=14 from=19 seq=10
438871053	ID:19	[PKT-RTT] seq=10,rtt_delay_ms=70
440121043	ID:18	[PKT-TX] DATA bytes=14  seq=10 
440315460	ID:1	[PKT-RX] DATA bytes=14 from=18 seq=10
440386836	ID:29	[ATK-FAKE-RANK]  true_rank=1838 fake_rank=1711 t=11720s
440492169	ID:9	[HFS] ra=56 si=0 cx=49 ac=0
440497538	ID:9	[LIST] Neighbors: 14,24,6,12,29,15,22
440501188	ID:9	[LIST] Quarantine: (none)
440504685	ID:9	[LIST] Blacklist: (none)
440512470	ID:9	FUZZRID,DET,29,1711,1838,-127,42,38,70,25,14,14,0,0,0
441910565	ID:21	[PKT-TX] DATA bytes=14  seq=10 
441927553	ID:1	[PKT-RX] DATA bytes=14 from=21 seq=10
442015866	ID:21	[PKT-RTT] seq=10,rtt_delay_ms=46
442448372	ID:17	[PKT-TX] DATA bytes=14  seq=10 
442528534	ID:1	[PKT-RX] DATA bytes=14 from=17 seq=10
443316844	ID:15	[PKT-TX] DATA bytes=14  seq=10 
443553271	ID:1	[PKT-RX] DATA bytes=14 from=15 seq=10
443902776	ID:2	[PKT-TX] DATA bytes=13  seq=10 
443905906	ID:22	[PKT-TX] DATA bytes=14  seq=10 
443919820	ID:1	[PKT-RX] DATA bytes=13 from=2 seq=10
444067875	ID:1	[PKT-RX] DATA bytes=14 from=22 seq=10
444128368	ID:15	[HFS] ra=0 si=0 cx=49 ac=0
444134010	ID:15	[LIST] Neighbors: 9,14,29,24,12,11,6,30
444137647	ID:15	[LIST] Quarantine: (none)
444141143	ID:15	[LIST] Blacklist: (none)
444147597	ID:15	FUZZRID,DET,11,1808,1808,0,0,0,0,0,0,2,0,0,0
444360691	ID:23	[ATK-FAKE-RANK]  true_rank=768 fake_rank=998 t=11720s
444371406	ID:1	[HFS] ra=0 si=0 cx=49 ac=0
444376469	ID:1	[LIST] Neighbors: 2,21,28,4,19,27,3
444380107	ID:1	[LIST] Quarantine: (none)
444383604	ID:1	[LIST] Blacklist: (none)
444389559	ID:1	FUZZRID,DET,4,512,512,0,0,0,0,0,0,0,0,0,0
444396078	ID:20	[HFS] ra=74 si=49 cx=49 ac=82
444401434	ID:20	[LIST] Neighbors: 2,10,25,14,28,23,24
444405070	ID:20	[LIST] Quarantine: (none)
444408567	ID:20	[LIST] Blacklist: (none)
444415716	ID:20	FUZZRID,DET,23,998,768,230,0,83,100,4,0,4,0,82,55
444417605	ID:10	[HFS] ra=74 si=49 cx=49 ac=82
444423241	ID:10	[LIST] Neighbors: 2,28,13,7,25,20,23,19
444426888	ID:10	[LIST] Quarantine: (none)
444430385	ID:10	[LIST] Blacklist: (none)
444437534	ID:10	FUZZRID,DET,23,998,768,230,0,83,100,4,0,4,0,82,55
447357065	ID:7	[HFS] ra=0 si=0 cx=49 ac=0
447361875	ID:7	[LIST] Neighbors: 28,13,10,25,5,8
447365512	ID:7	[LIST] Quarantine: (none)
447369009	ID:7	[LIST] Blacklist: (none)
447375324	ID:7	FUZZRID,DET,8,1050,1050,0,0,0,0,0,0,3,0,0,0
447385849	ID:5	[HFS] ra=0 si=0 cx=49 ac=0
447389352	ID:5	[LIST] Neighbors: 7,8,25
447392989	ID:5	[LIST] Quarantine: (none)
447396495	ID:5	[LIST] Blacklist: (none)
447402811	ID:5	FUZZRID,DET,8,1050,1050,0,0,0,0,0,0,3,0,0,0
449358848	ID:7	[HFS] ra=0 si=0 cx=49 ac=0
449363645	ID:7	[LIST] Neighbors: 28,13,10,25,5,8
449367282	ID:7	[LIST] Quarantine: (none)
449370779	ID:7	[LIST] Blacklist: (none)
449372434	ID:19	[HFS] ra=0 si=0 cx=49 ac=0
449376905	ID:7	FUZZRID,DET,13,768,768,0,0,0,0,0,0,3,0,0,0
449377217	ID:19	[LIST] Neighbors: 2,28,27,4,13,10
449380855	ID:19	[LIST] Quarantine: (none)
449384352	ID:19	[LIST] Blacklist: (none)
449390446	ID:19	FUZZRID,DET,13,768,768,0,0,0,0,0,0,4,0,0,0
449414870	ID:10	[HFS] ra=0 si=0 cx=49 ac=0
449419042	ID:2	[HFS] ra=0 si=0 cx=49 ac=0
449420515	ID:10	[LIST] Neighbors: 2,28,13,7,25,20,23,19
449424152	ID:10	[LIST] Quarantine: (none)
449424837	ID:2	[LIST] Neighbors: 28,19,27,13,10,3,20,23
449427648	ID:10	[LIST] Blacklist: (none)
449428474	ID:2	[LIST] Quarantine: (none)
449431971	ID:2	[LIST] Blacklist: (none)
449433742	ID:10	FUZZRID,DET,13,768,768,0,0,0,0,0,0,7,0,0,0
449438065	ID:2	FUZZRID,DET,13,768,768,0,0,0,0,0,0,9,0,0,0
450177584	ID:22	[HFS] ra=0 si=0 cx=49 ac=0
450182961	ID:22	[LIST] Neighbors: 24,16,9,29,31,26,18
450186597	ID:22	[LIST] Quarantine: (none)
450190094	ID:22	[LIST] Blacklist: (none)
450196439	ID:22	FUZZRID,DET,9,1430,1430,0,0,0,0,0,0,3,0,0,0
450216920	ID:14	[HFS] ra=0 si=0 cx=49 ac=0
450222155	ID:14	[LIST] Neighbors: 20,25,30,24,9,6,15
450225792	ID:14	[LIST] Quarantine: (none)
450229289	ID:14	[LIST] Blacklist: (none)
450235640	ID:14	FUZZRID,DET,9,1430,1430,0,0,0,0,0,0,1,0,0,0
450245536	ID:12	[HFS] ra=0 si=0 cx=49 ac=0
450249911	ID:12	[LIST] Neighbors: 9,29,15,11,6
450253549	ID:12	[LIST] Quarantine: (none)
450257045	ID:12	[LIST] Blacklist: (none)
450259036	ID:6	[HFS] ra=0 si=0 cx=49 ac=0
450263363	ID:12	FUZZRID,DET,9,1430,1430,0,0,0,0,0,0,2,0,0,0
450263980	ID:6	[LIST] Neighbors: 14,30,9,15,12,11
450267617	ID:6	[LIST] Quarantine: (none)
450271122	ID:6	[LIST] Blacklist: (none)
450277440	ID:6	FUZZRID,DET,9,1430,1430,0,0,0,0,0,0,2,0,0,0
453494167	ID:11	[PKT-TX] DATA bytes=14  seq=11 
453760030	ID:5	[HFS] ra=0 si=0 cx=49 ac=0
453763550	ID:5	[LIST] Neighbors: 7,8,25
453767187	ID:5	[LIST] Quarantine: (none)
453770683	ID:5	[LIST] Blacklist: (none)
453776637	ID:5	FUZZRID,DET,7,847,847,0,0,0,0,0,0,5,0,0,0
453790958	ID:13	[HFS] ra=0 si=0 cx=49 ac=0
453795741	ID:13	[LIST] Neighbors: 2,28,19,10,7,25
453799379	ID:13	[LIST] Quarantine: (none)
453802875	ID:13	[LIST] Blacklist: (none)
453808828	ID:13	FUZZRID,DET,7,847,847,0,0,0,0,0,0,4,0,0,0
453815604	ID:8	[HFS] ra=0 si=0 cx=49 ac=0
453819535	ID:8	[LIST] Neighbors: 7,25,5,30
453823172	ID:8	[LIST] Quarantine: (none)
453826669	ID:8	[LIST] Blacklist: (none)
453832622	ID:8	FUZZRID,DET,7,847,847,0,0,0,0,0,0,5,0,0,0
454158056	ID:16	[PKT-TX] DATA bytes=14  seq=11 
454178499	ID:1	[PKT-RX] DATA bytes=14 from=11 seq=11
454316748	ID:1	[PKT-RX] DATA bytes=14 from=16 seq=11
454620767	ID:6	[PKT-TX] DATA bytes=13  seq=11 
455052535	ID:20	[PKT-TX] DATA bytes=14  seq=11 
455175018	ID:1	[PKT-RX] DATA bytes=14 from=20 seq=11
455552805	ID:7	[PKT-TX] DATA bytes=13  seq=11 
455983881	ID:1	[PKT-RX] DATA bytes=13 from=7 seq=11
456013508	ID:8	[PKT-TX] DATA bytes=13  seq=11 
456183522	ID:25	[ATK-FAKE-RANK]  true_rank=1029 fake_rank=1216 t=11720s
456289142	ID:10	[HFS] ra=74 si=48 cx=49 ac=82
456294778	ID:10	[LIST] Neighbors: 2,28,13,7,25,20,23,19
456298415	ID:10	[LIST] Quarantine: (none)
456301912	ID:10	[LIST] Blacklist: (none)
456309560	ID:10	FUZZRID,DET,25,1216,1029,187,0,71,100,36,0,1,0,82,75
456674618	ID:18	[PKT-TX] DATA bytes=14  seq=11 
456856985	ID:1	[PKT-RX] DATA bytes=13 from=6 seq=11
456940171	ID:1	[PKT-RX] DATA bytes=14 from=18 seq=11
457228684	ID:7	[PKT-RTT] seq=11,rtt_delay_ms=835
457246815	ID:12	[HFS] ra=0 si=0 cx=49 ac=0
457251206	ID:12	[LIST] Neighbors: 9,29,15,11,6
457254843	ID:12	[LIST] Quarantine: (none)
457258339	ID:12	[LIST] Blacklist: (none)
457264793	ID:12	FUZZRID,DET,11,1804,1804,0,0,0,0,0,0,2,0,0,0
457316691	ID:8	[HFS] ra=0 si=0 cx=49 ac=0
457320635	ID:8	[LIST] Neighbors: 7,25,5,30
457324272	ID:8	[LIST] Quarantine: (none)
457327769	ID:8	[LIST] Blacklist: (none)
457334087	ID:8	FUZZRID,DET,5,1114,1114,0,0,0,0,0,0,0,0,0,0
457355873	ID:7	[HFS] ra=0 si=0 cx=49 ac=0
457360670	ID:7	[LIST] Neighbors: 28,13,10,25,5,8
457364307	ID:7	[LIST] Quarantine: (none)
457367828	ID:7	[LIST] Blacklist: (none)
457374146	ID:7	FUZZRID,DET,5,1114,1114,0,0,0,0,0,0,0,0,0,0
457732929	ID:1	[PKT-RX] DATA bytes=13 from=8 seq=11
458132987	ID:6	[PKT-RTT] seq=11,rtt_delay_ms=1750
460273093	ID:22	[PKT-TX] DATA bytes=14  seq=11 
460440381	ID:1	[PKT-RX] DATA bytes=14 from=22 seq=11
461505533	ID:27	[ATK-FAKE-RANK]  true_rank=512 fake_rank=592 t=11720s
462534639	ID:29	[ATK-FAKE-RANK]  true_rank=1687 fake_rank=1731 t=11720s
462617115	ID:9	[HFS] ra=58 si=0 cx=49 ac=0
462620451	ID:12	[HFS] ra=71 si=0 cx=49 ac=93
462622485	ID:9	[LIST] Neighbors: 14,24,6,12,29,15,22
462624821	ID:12	[LIST] Neighbors: 9,29,15,11,6
462626121	ID:9	[LIST] Quarantine: (none)
462628458	ID:12	[LIST] Quarantine: (none)
462629191	ID:18	[HFS] ra=71 si=0 cx=49 ac=93
462629507	ID:15	[HFS] ra=71 si=0 cx=49 ac=93
462629618	ID:9	[LIST] Blacklist: (none)
462631954	ID:12	[LIST] Blacklist: (none)
462633427	ID:18	[LIST] Neighbors: 26,22,29,16
462635143	ID:15	[LIST] Neighbors: 9,14,29,24,12,11,6,30
462636943	ID:9	FUZZRID,DET,29,1731,1687,44,0,12,67,32,25,18,0,0,0
462637078	ID:18	[LIST] Quarantine: (none)
462638780	ID:15	[LIST] Quarantine: (none)
462639423	ID:12	FUZZRID,DET,29,1731,1687,44,0,13,67,0,0,14,0,93,100
462640575	ID:18	[LIST] Blacklist: (none)
462642277	ID:15	[LIST] Blacklist: (none)
462648043	ID:18	FUZZRID,DET,29,1731,1687,44,0,13,67,0,0,14,0,93,100
462649747	ID:15	FUZZRID,DET,29,1731,1687,44,0,13,67,0,0,14,0,93,100
463510854	ID:19	[PKT-TX] DATA bytes=14  seq=11 
463527706	ID:1	[PKT-RX] DATA bytes=14 from=19 seq=11
463615785	ID:19	[PKT-RTT] seq=11,rtt_delay_ms=46
464004736	ID:12	[PKT-TX] DATA bytes=14  seq=11 
464301233	ID:1	[PKT-RX] DATA bytes=14 from=12 seq=11
464993748	ID:12	[PKT-RTT] seq=11,rtt_delay_ms=492
466780306	ID:9	[PKT-TX] DATA bytes=13  seq=11 
466926468	ID:1	[PKT-RX] DATA bytes=13 from=9 seq=11
467715945	ID:14	[HFS] ra=0 si=0 cx=49 ac=0
467721177	ID:14	[LIST] Neighbors: 20,25,30,24,9,6,15
467724813	ID:14	[LIST] Quarantine: (none)
467728310	ID:14	[LIST] Blacklist: (none)
467730722	ID:23	[ATK-FAKE-RANK]  true_rank=768 fake_rank=1018 t=11720s
467734405	ID:14	FUZZRID,DET,20,776,776,0,0,0,0,0,0,1,0,0,0
467789734	ID:10	[HFS] ra=0 si=0 cx=49 ac=0
467794136	ID:2	[HFS] ra=0 si=0 cx=49 ac=0
467795375	ID:10	[LIST] Neighbors: 2,28,13,7,25,20,23,19
467799012	ID:10	[LIST] Quarantine: (none)
467799932	ID:2	[LIST] Neighbors: 28,19,27,13,10,3,20,23
467802509	ID:10	[LIST] Blacklist: (none)
467803586	ID:2	[LIST] Quarantine: (none)
467807082	ID:2	[LIST] Blacklist: (none)
467808603	ID:10	FUZZRID,DET,20,776,776,0,0,0,0,0,0,0,0,0,0
467813177	ID:2	FUZZRID,DET,20,776,776,0,0,0,0,0,0,1,0,0,0
467962816	ID:3	[HFS] ra=74 si=49 cx=49 ac=82
467967746	ID:3	[LIST] Neighbors: 2,23,17,31,27,21
467971408	ID:3	[LIST] Quarantine: (none)
467974905	ID:3	[LIST] Blacklist: (none)
467982373	ID:3	FUZZRID,DET,23,1018,768,250,0,93,100,10,0,2,0,82,55
468023712	ID:20	[HFS] ra=74 si=49 cx=49 ac=82
468029068	ID:20	[LIST] Neighbors: 2,10,25,14,28,23,24
468032704	ID:20	[LIST] Quarantine: (none)
468036201	ID:20	[LIST] Blacklist: (none)
468043561	ID:20	FUZZRID,DET,23,1018,768,250,0,95,100,5,0,1,0,82,55
468043933	ID:10	[HFS] ra=74 si=49 cx=49 ac=82
468046051	ID:2	[HFS] ra=74 si=49 cx=49 ac=82
468049569	ID:10	[LIST] Neighbors: 2,28,13,7,25,20,23,19
468051847	ID:2	[LIST] Neighbors: 28,19,27,13,10,3,20,23
468053206	ID:10	[LIST] Quarantine: (none)
468055484	ID:2	[LIST] Quarantine: (none)
468056703	ID:10	[LIST] Blacklist: (none)
468058980	ID:2	[LIST] Blacklist: (none)
468064032	ID:10	FUZZRID,DET,23,1018,768,250,0,90,100,4,0,4,0,82,55
468066309	ID:2	FUZZRID,DET,23,1018,768,250,0,87,100,9,0,6,0,82,55
469496502	ID:21	[PKT-TX] DATA bytes=14  seq=11 
469513489	ID:1	[PKT-RX] DATA bytes=14 from=21 seq=11
469639542	ID:21	[PKT-RTT] seq=11,rtt_delay_ms=70
470034317	ID:17	[PKT-TX] DATA bytes=14  seq=11 
470153003	ID:1	[PKT-RX] DATA bytes=14 from=17 seq=11
470604943	ID:29	[ATK-FAKE-RANK]  true_rank=1687 fake_rank=1751 t=11720s
470678692	ID:22	[HFS] ra=72 si=0 cx=49 ac=94
470684080	ID:22	[LIST] Neighbors: 24,16,9,29,31,26,18
470687716	ID:22	[LIST] Quarantine: (none)
470691213	ID:22	[LIST] Blacklist: (none)
470698708	ID:22	FUZZRID,DET,29,1751,1687,64,0,18,70,4,0,19,0,94,100
470742993	ID:9	[HFS] ra=72 si=0 cx=49 ac=94
470746118	ID:12	[HFS] ra=72 si=0 cx=49 ac=94
470748362	ID:9	[LIST] Neighbors: 14,24,6,12,29,15,22
470750506	ID:12	[LIST] Neighbors: 9,29,15,11,6
470750620	ID:18	[HFS] ra=72 si=0 cx=49 ac=94
470752026	ID:9	[LIST] Quarantine: (none)
470754144	ID:12	[LIST] Quarantine: (none)
470754856	ID:18	[LIST] Neighbors: 26,22,29,16
470755523	ID:9	[LIST] Blacklist: (none)
470757640	ID:12	[LIST] Blacklist: (none)
470758493	ID:18	[LIST] Quarantine: (none)
470761990	ID:18	[LIST] Blacklist: (none)
470763166	ID:9	FUZZRID,DET,29,1751,1687,64,0,18,70,3,25,18,0,94,100
470765111	ID:12	FUZZRID,DET,29,1751,1687,64,0,19,70,4,0,13,0,94,100
470769475	ID:18	FUZZRID,DET,29,1751,1687,64,0,19,70,4,0,14,0,94,100
471636614	ID:5	[PKT-TX] DATA bytes=13  seq=11 
471707663	ID:4	[PKT-TX] DATA bytes=13  seq=11 
471724507	ID:1	[PKT-RX] DATA bytes=13 from=4 seq=11
471860035	ID:1	[PKT-RX] DATA bytes=13 from=5 seq=11
472132223	ID:5	[PKT-RTT] seq=11,rtt_delay_ms=242
473258617	ID:1	[HFS] ra=0 si=0 cx=49 ac=0
473263680	ID:1	[LIST] Neighbors: 2,21,28,4,19,27,3
473267316	ID:1	[LIST] Quarantine: (none)
473270782	ID:21	[HFS] ra=0 si=0 cx=49 ac=0
473270824	ID:1	[LIST] Blacklist: (none)
473274712	ID:21	[LIST] Neighbors: 4,27,3,17
473276778	ID:1	FUZZRID,DET,3,879,879,0,0,0,0,0,0,0,0,0,0
473278349	ID:21	[LIST] Quarantine: (none)
473281849	ID:21	[LIST] Blacklist: (none)
473287803	ID:21	FUZZRID,DET,3,879,879,0,0,0,0,0,0,0,0,0,0
473293064	ID:2	[HFS] ra=0 si=0 cx=49 ac=0
473298859	ID:2	[LIST] Neighbors: 28,19,27,13,10,3,20,23
473302496	ID:2	[LIST] Quarantine: (none)
473305992	ID:2	[LIST] Blacklist: (none)
473309091	ID:17	[HFS] ra=0 si=0 cx=49 ac=0
473311958	ID:2	FUZZRID,DET,3,879,879,0,0,0,0,0,0,2,0,0,0
473313182	ID:17	[LIST] Neighbors: 21,27,3,31
473316819	ID:17	[LIST] Quarantine: (none)
473320316	ID:17	[LIST] Blacklist: (none)
473326270	ID:17	FUZZRID,DET,3,879,879,0,0,0,0,0,0,0,0,0,0
473463753	ID:13	[PKT-TX] DATA bytes=14  seq=11 
473505808	ID:1	[PKT-RX] DATA bytes=14 from=13 seq=11
473586409	ID:10	[PKT-TX] DATA bytes=14  seq=11 
473687428	ID:1	[PKT-RX] DATA bytes=14 from=10 seq=11
473965314	ID:15	[PKT-TX] DATA bytes=14  seq=11 
474177979	ID:1	[PKT-RX] DATA bytes=14 from=15 seq=11
475469061	ID:3	[PKT-TX] DATA bytes=13  seq=11 
475551957	ID:1	[PKT-RX] DATA bytes=13 from=3 seq=11
476411340	ID:14	[PKT-TX] DATA bytes=14  seq=11 
476554198	ID:1	[PKT-RX] DATA bytes=14 from=14 seq=11
477482640	ID:7	[HFS] ra=0 si=0 cx=49 ac=0
477487437	ID:7	[LIST] Neighbors: 28,13,10,25,5,8
477491074	ID:7	[LIST] Quarantine: (none)
477494571	ID:7	[LIST] Blacklist: (none)
477495997	ID:19	[HFS] ra=0 si=0 cx=49 ac=0
477500665	ID:7	FUZZRID,DET,13,768,768,0,0,0,0,0,0,2,0,0,0
477500780	ID:19	[LIST] Neighbors: 2,28,27,4,13,10
477504417	ID:19	[LIST] Quarantine: (none)
477507914	ID:19	[LIST] Blacklist: (none)
477514009	ID:19	FUZZRID,DET,13,768,768,0,0,0,0,0,0,4,0,0,0
477538656	ID:10	[HFS] ra=0 si=0 cx=49 ac=0
477542839	ID:2	[HFS] ra=0 si=0 cx=49 ac=0
477544292	ID:10	[LIST] Neighbors: 2,28,13,7,25,20,23,19
477547929	ID:10	[LIST] Quarantine: (none)
477548635	ID:2	[LIST] Neighbors: 28,19,27,13,10,3,20,23
477551425	ID:10	[LIST] Blacklist: (none)
477552271	ID:2	[LIST] Quarantine: (none)
477555768	ID:2	[LIST] Blacklist: (none)
477557519	ID:10	FUZZRID,DET,13,768,768,0,0,0,0,0,0,3,0,0,0
477561863	ID:2	FUZZRID,DET,13,768,768,0,0,0,0,0,0,9,0,0,0
477980478	ID:2	[PKT-TX] DATA bytes=13  seq=11 
477996966	ID:1	[PKT-RX] DATA bytes=13 from=2 seq=11
479003138	ID:18	[HFS] ra=0 si=0 cx=49 ac=0
479007382	ID:18	[LIST] Neighbors: 26,22,29,16
479011019	ID:18	[LIST] Quarantine: (none)
479014516	ID:18	[LIST] Blacklist: (none)
479020973	ID:18	FUZZRID,DET,16,1267,1267,0,0,0,0,0,0,2,0,0,0
479054478	ID:22	[HFS] ra=0 si=0 cx=49 ac=0
479059848	ID:22	[LIST] Neighbors: 24,16,9,29,31,26,18
479063484	ID:22	[LIST] Quarantine: (none)
479066981	ID:22	[LIST] Blacklist: (none)
479073438	ID:22	FUZZRID,DET,16,1267,1267,0,0,0,0,0,0,2,0,0,0
480021347	ID:24	[ATK-FAKE-RANK]  true_rank=1087 fake_rank=1196 t=11720s
480052401	ID:22	[HFS] ra=72 si=0 cx=49 ac=94
480057770	ID:22	[LIST] Neighbors: 24,16,9,29,31,26,18
480061407	ID:22	[LIST] Quarantine: (none)
480064904	ID:22	[LIST] Blacklist: (none)
480072553	ID:22	FUZZRID,DET,24,1196,1087,109,0,40,70,18,0,2,0,94,100
480159419	ID:5	 61443 P 0.0 7 262052 15465959 71784 137267 0 114447 33012 1932977 8674 17319 0 14533 (radio 1.32% / 1.32% tx 0.45% / 0.44% listen 0.87% / 0.88%)
480269682	ID:12	 61443 P 0.0 7 286639 15440146 57944 133867 0 111571 37615 1928234 7401 17401 0 13343 (radio 1.21% / 1.26% tx 0.36% / 0.37% listen 0.85% / 0.88%)
480300739	ID:4	 61443 P 0.0 7 255410 15472825 55114 130911 0 113609 25736 1940297 3239 13990 0 12804 (radio 1.18% / 0.87% tx 0.35% / 0.16% listen 0.83% / 0.71%)
480359047	ID:3	 61443 P 0.0 7 348994 15378786 86109 148209 0 115680 42226 1923776 9684 16860 0 13310 (radio 1.48% / 1.35% tx 0.54% / 0.49% listen 0.94% / 0.85%)
480417373	ID:21	 61443 P 0.0 7 264032 15462678 39580 139226 0 119793 25646 1940272 375 15705 0 13590 (radio 1.13% / 0.81% tx 0.25% / 0.01% listen 0.88% / 0.79%)
480462009	ID:16	 61443 P 0.0 7 305431 15422813 85448 138637 0 109657 29931 1936107 6956 14088 0 12196 (radio 1.42% / 1.07% tx 0.54% / 0.35% listen 0.88% / 0.71%)
480514264	ID:9	 61443 P 0.0 7 453335 15275032 125645 187546 0 136550 54519 1911539 14132 22372 0 16850 (radio 1.99% / 1.85% tx 0.79% / 0.71% listen 1.19% / 1.13%)
480596518	ID:1	 61445 P 0.0 7 832516 14895512 311019 15417341 0 0 102087 1863903 37311 1928705 0 0 (radio 100.-9831% / 100.-8739% tx 1.97% / 1.89% listen 98.-9556% / 98.-8729%)
480631074	ID:7	 61443 P 0.0 7 597215 15130539 229039 211468 0 106856 92681 1873231 37649 30869 0 13171 (radio 2.-193% / 3.48% tx 1.45% / 1.91% listen 1.34% / 1.57%)
480657786	ID:6	 61443 P 0.0 7 395685 15332514 99587 154273 0 118343 38987 1927053 7120 17417 0 13632 (radio 1.61% / 1.24% tx 0.63% / 0.36% listen 0.98% / 0.88%)
480669771	ID:20	 61443 P 0.0 7 633745 15094496 217370 229720 0 119499 67631 1898432 17649 24920 0 15176 (radio 2.-189% / 2.16% tx 1.38% / 0.89% listen 1.46% / 1.26%)
480691102	ID:2	 61443 P 0.0 7 649354 15077678 129909 232551 0 131806 80768 1884748 10321 28488 0 16954 (radio 2.30% / 1.97% tx 0.82% / 0.52% listen 1.47% / 1.44%)
480702398	ID:22	 61443 P 0.0 7 478698 15249728 144817 195454 0 134457 47657 1918460 9971 21155 0 15949 (radio 2.16% / 1.58% tx 0.92% / 0.50% listen 1.24% / 1.07%)
480776345	ID:15	 61443 P 0.0 7 457614 15270577 109549 187339 0 136451 50038 1916015 9373 21268 0 15980 (radio 1.88% / 1.55% tx 0.69% / 0.47% listen 1.19% / 1.08%)
480892940	ID:19	 61443 P 0.0 7 304167 15424236 32962 152667 0 134904 40258 1925790 3184 19550 0 15881 (radio 1.18% / 1.15% tx 0.20% / 0.16% listen 0.97% / 0.99%)
480939463	ID:13	 61443 P 0.0 7 431367 15296524 130878 170085 0 122042 75772 1889168 31542 24404 0 15403 (radio 1.91% / 2.84% tx 0.83% / 1.60% listen 1.08% / 1.24%)
480955449	ID:17	 61443 P 0.0 7 265168 15463055 57169 133504 0 113849 28796 1937240 5178 15856 0 13670 (radio 1.21% / 1.06% tx 0.36% / 0.26% listen 0.84% / 0.80%)
480992657	ID:11	 61443 P 0.0 7 286934 15440985 89706 131653 0 101492 28853 1937175 7438 14555 0 12562 (radio 1.40% / 1.11% tx 0.57% / 0.37% listen 0.83% / 0.74%)
481025144	ID:18	 61443 P 0.0 7 307133 15421287 85425 140338 0 112355 34585 1931481 7366 15890 0 13370 (radio 1.43% / 1.18% tx 0.54% / 0.37% listen 0.89% / 0.80%)
481062293	ID:10	 61443 P 0.0 7 409806 15318521 90172 193982 0 157518 46705 1919295 4209 23791 0 20994 (radio 1.80% / 1.42% tx 0.57% / 0.21% listen 1.23% / 1.21%)
481091164	ID:8	 61443 P 0.0 7 343948 15384390 98892 154585 0 113123 40303 1925756 10090 19273 0 14525 (radio 1.61% / 1.49% tx 0.62% / 0.51% listen 0.98% / 0.98%)
481113789	ID:14	 61443 P 0.0 7 411803 15316592 99007 180641 0 141459 36124 1929947 3314 19013 0 16947 (radio 1.77% / 1.13% tx 0.62% / 0.16% listen 1.14% / 0.96%)
481429992	ID:3	[PKT-TX] DATA bytes=13  seq=12 
481551050	ID:1	[PKT-RX] DATA bytes=13 from=3 seq=12
481701236	ID:7	[PKT-TX] DATA bytes=13  seq=12 
481734256	ID:1	[PKT-RX] DATA bytes=13 from=7 seq=12
481879967	ID:30	[ATK-FAKE-RANK]  true_rank=1317 fake_rank=1606 t=11720s
481977904	ID:7	[PKT-RTT] seq=12,rtt_delay_ms=132
482002296	ID:15	[HFS] ra=74 si=49 cx=49 ac=82
482007932	ID:15	[LIST] Neighbors: 9,14,29,24,12,11,6,30
482011569	ID:15	[LIST] Quarantine: (none)
482015066	ID:15	[LIST] Blacklist: (none)
482022889	ID:15	FUZZRID,DET,30,1606,1317,289,0,100,100,23,0,0,0,82,75
482063979	ID:11	[PKT-TX] DATA bytes=14  seq=12 
482303827	ID:1	[PKT-RX] DATA bytes=14 from=11 seq=12
483616243	ID:9	[PKT-TX] DATA bytes=13  seq=12 
483803664	ID:1	[PKT-RX] DATA bytes=13 from=9 seq=12
484193169	ID:8	[PKT-TX] DATA bytes=13  seq=12 
484357654	ID:1	[PKT-RX] DATA bytes=13 from=8 seq=12
484667122	ID:17	[PKT-TX] DATA bytes=14  seq=12 
484686882	ID:8	[PKT-RTT] seq=12,rtt_delay_ms=242
484737553	ID:18	[PKT-TX] DATA bytes=14  seq=12 
484778440	ID:1	[PKT-RX] DATA bytes=14 from=17 seq=12
484942144	ID:1	[PKT-RX] DATA bytes=14 from=18 seq=12
485400825	ID:16	[PKT-TX] DATA bytes=14  seq=12 
485565600	ID:1	[PKT-RX] DATA bytes=14 from=16 seq=12
485824110	ID:5	[PKT-TX] DATA bytes=13  seq=12 
485940879	ID:29	[ATK-FAKE-RANK]  true_rank=1687 fake_rank=1771 t=11720s
485982637	ID:1	[PKT-RX] DATA bytes=13 from=5 seq=12
485993422	ID:9	[HFS] ra=72 si=8 cx=49 ac=94
485996610	ID:12	[HFS] ra=73 si=0 cx=49 ac=94
485998791	ID:9	[LIST] Neighbors: 14,24,6,12,29,15,22
486000967	ID:12	[LIST] Neighbors: 9,29,15,11,6
486001257	ID:18	[HFS] ra=73 si=0 cx=49 ac=94
486002446	ID:9	[LIST] Quarantine: (none)
486004604	ID:12	[LIST] Quarantine: (none)
486005494	ID:18	[LIST] Neighbors: 26,22,29,16
486005943	ID:9	[LIST] Blacklist: (none)
486008101	ID:12	[LIST] Blacklist: (none)
486009131	ID:18	[LIST] Quarantine: (none)
486012637	ID:18	[LIST] Blacklist: (none)
486013586	ID:9	FUZZRID,DET,29,1771,1687,84,0,25,70,4,28,14,0,94,100
486015588	ID:12	FUZZRID,DET,29,1771,1687,84,0,26,72,4,0,13,0,94,100
486019967	ID:18	FUZZRID,DET,29,1771,1687,84,0,28,78,4,0,8,0,94,100
486053082	ID:22	[HFS] ra=72 si=0 cx=49 ac=94
486058451	ID:22	[LIST] Neighbors: 24,16,9,29,31,26,18
486062088	ID:22	[LIST] Quarantine: (none)
486065585	ID:22	[LIST] Blacklist: (none)
486073053	ID:22	FUZZRID,DET,29,1771,1687,84,0,25,70,4,0,14,0,94,100
486082440	ID:21	[PKT-TX] DATA bytes=14  seq=12 
486258236	ID:5	[PKT-RTT] seq=12,rtt_delay_ms=210
486303687	ID:1	[PKT-RX] DATA bytes=14 from=21 seq=12
486393738	ID:21	[PKT-RTT] seq=12,rtt_delay_ms=156
488332365	ID:1	[HFS] ra=0 si=0 cx=49 ac=0
488337022	ID:3	[HFS] ra=0 si=0 cx=49 ac=0
488337428	ID:1	[LIST] Neighbors: 2,21,28,4,19,27,3
488341064	ID:1	[LIST] Quarantine: (none)
488341985	ID:3	[LIST] Neighbors: 2,23,17,31,27,21
488344561	ID:1	[LIST] Blacklist: (none)
488345623	ID:3	[LIST] Quarantine: (none)
488349120	ID:3	[LIST] Blacklist: (none)
488350655	ID:1	FUZZRID,DET,21,512,512,0,0,0,0,0,0,0,0,0,0
488355213	ID:3	FUZZRID,DET,21,512,512,0,0,0,0,0,0,0,0,0,0
488434092	ID:17	[HFS] ra=0 si=0 cx=49 ac=0
488438183	ID:17	[LIST] Neighbors: 21,27,3,31
488441819	ID:17	[LIST] Quarantine: (none)
488445316	ID:17	[LIST] Blacklist: (none)
488451411	ID:17	FUZZRID,DET,21,512,512,0,0,0,0,0,0,1,0,0,0
490527163	ID:13	[PKT-TX] DATA bytes=14  seq=12 
490628542	ID:1	[PKT-RX] DATA bytes=14 from=13 seq=12
491731108	ID:4	[PKT-TX] DATA bytes=13  seq=12 
491747989	ID:1	[PKT-RX] DATA bytes=13 from=4 seq=12
491883585	ID:6	[HFS] ra=0 si=0 cx=49 ac=0
491888562	ID:6	[LIST] Neighbors: 14,30,9,15,12,11
491892199	ID:6	[LIST] Quarantine: (none)
491895702	ID:6	[LIST] Blacklist: (none)
491902158	ID:6	FUZZRID,DET,15,1425,1425,0,0,0,0,0,0,2,0,0,0
491965389	ID:14	[HFS] ra=0 si=0 cx=49 ac=0
491968166	ID:11	[HFS] ra=0 si=0 cx=49 ac=0
491970617	ID:14	[LIST] Neighbors: 20,25,30,24,9,6,15
491971850	ID:11	[LIST] Neighbors: 6,15,12
491974254	ID:14	[LIST] Quarantine: (none)
491975486	ID:11	[LIST] Quarantine: (none)
491977751	ID:14	[LIST] Blacklist: (none)
491978983	ID:11	[LIST] Blacklist: (none)
491984236	ID:14	FUZZRID,DET,15,1425,1425,0,0,0,0,0,0,4,0,0,0
491985438	ID:11	FUZZRID,DET,15,1425,1425,0,0,0,0,0,0,2,0,0,0
491990673	ID:9	[HFS] ra=0 si=0 cx=49 ac=0
491996042	ID:9	[LIST] Neighbors: 14,24,6,12,29,15,22
491999679	ID:9	[LIST] Quarantine: (none)
492003176	ID:9	[LIST] Blacklist: (none)
492009631	ID:9	FUZZRID,DET,15,1425,1425,0,0,0,0,0,0,4,0,0,0
494214988	ID:14	[HFS] ra=0 si=0 cx=49 ac=0
494217615	ID:11	[HFS] ra=0 si=0 cx=49 ac=0
494220212	ID:14	[LIST] Neighbors: 20,25,30,24,9,6,15
494221265	ID:11	[LIST] Neighbors: 6,15,12
494223848	ID:14	[LIST] Quarantine: (none)
494224901	ID:11	[LIST] Quarantine: (none)
494227345	ID:14	[LIST] Blacklist: (none)
494228398	ID:11	[LIST] Blacklist: (none)
494233676	ID:14	FUZZRID,DET,6,1681,1681,0,0,0,0,0,0,3,0,0,0
494234713	ID:11	FUZZRID,DET,6,1681,1681,0,0,0,0,0,0,9,0,0,0
494239984	ID:9	[HFS] ra=0 si=0 cx=49 ac=0
494245387	ID:9	[LIST] Neighbors: 14,24,6,12,29,15,22
494249023	ID:9	[LIST] Quarantine: (none)
494252520	ID:9	[LIST] Blacklist: (none)
494253775	ID:15	[HFS] ra=0 si=0 cx=49 ac=0
494259004	ID:9	FUZZRID,DET,6,1681,1681,0,0,0,0,0,0,11,0,0,0
494259430	ID:15	[LIST] Neighbors: 9,14,29,24,12,11,6,30
494263067	ID:15	[LIST] Quarantine: (none)
494266563	ID:15	[LIST] Blacklist: (none)
494272877	ID:15	FUZZRID,DET,6,1681,1681,0,0,0,0,0,0,3,0,0,0
494290568	ID:15	[PKT-TX] DATA bytes=14  seq=12 
494429369	ID:1	[PKT-RX] DATA bytes=14 from=15 seq=12
494622277	ID:14	[PKT-TX] DATA bytes=14  seq=12 
494686873	ID:1	[PKT-RX] DATA bytes=14 from=14 seq=12
497118639	ID:26	[ATK-FAKE-RANK]  true_rank=1204 fake_rank=1324 t=11720s
497189800	ID:16	[HFS] ra=65 si=0 cx=49 ac=87
497194037	ID:16	[LIST] Neighbors: 31,26,22,18
497197674	ID:16	[LIST] Quarantine: (none)
497201171	ID:16	[LIST] Blacklist: (none)
497208817	ID:16	FUZZRID,DET,26,1324,1204,120,0,45,70,25,0,1,0,87,100
498160236	ID:6	[PKT-TX] DATA bytes=13  seq=12 
499177492	ID:1	[PKT-RX] DATA bytes=13 from=6 seq=12
499365300	ID:12	[PKT-TX] DATA bytes=14  seq=12 
499395133	ID:2	[PKT-TX] DATA bytes=13  seq=12 
499927145	ID:1	[PKT-RX] DATA bytes=13 from=2 seq=12
500380470	ID:6	[PKT-RTT] seq=12,rtt_delay_ms=1109
500686906	ID:1	[PKT-RX] DATA bytes=14 from=12 seq=12
501110952	ID:25	[ATK-FAKE-RANK]  true_rank=1029 fake_rank=1236 t=11720s
501118071	ID:12	[PKT-RTT] seq=12,rtt_delay_ms=875
501137140	ID:5	[HFS] ra=74 si=49 cx=49 ac=82
501140648	ID:5	[LIST] Neighbors: 7,8,25
501144285	ID:5	[LIST] Quarantine: (none)
501146251	ID:20	[HFS] ra=74 si=49 cx=49 ac=82
501147781	ID:5	[LIST] Blacklist: (none)
501151608	ID:20	[LIST] Neighbors: 2,10,25,14,28,23,24
501155267	ID:20	[LIST] Quarantine: (none)
501155460	ID:5	FUZZRID,DET,25,1236,1029,207,0,80,100,42,0,0,0,82,75
501158764	ID:20	[LIST] Blacklist: (none)
501163427	ID:10	[HFS] ra=74 si=49 cx=49 ac=82
501166413	ID:20	FUZZRID,DET,25,1236,1029,207,0,80,100,42,0,0,0,82,75
501167837	ID:13	[HFS] ra=74 si=49 cx=49 ac=82
501169063	ID:10	[LIST] Neighbors: 2,28,13,7,25,20,23,19
501172620	ID:13	[LIST] Neighbors: 2,28,19,10,7,25
501172700	ID:10	[LIST] Quarantine: (none)
501176197	ID:10	[LIST] Blacklist: (none)
501176265	ID:13	[LIST] Quarantine: (none)
501179761	ID:13	[LIST] Blacklist: (none)
501183745	ID:10	FUZZRID,DET,25,1236,1029,207,0,80,100,5,0,0,0,82,75
501187410	ID:13	FUZZRID,DET,25,1236,1029,207,0,79,100,41,0,1,0,82,75
501192579	ID:8	[HFS] ra=74 si=49 cx=49 ac=82
501196510	ID:8	[LIST] Neighbors: 7,25,5,30
501200147	ID:8	[LIST] Quarantine: (none)
501203644	ID:8	[LIST] Blacklist: (none)
501211292	ID:8	FUZZRID,DET,25,1236,1029,207,0,80,100,42,0,0,0,82,75
501231505	ID:7	[HFS] ra=74 si=49 cx=49 ac=82
501236315	ID:7	[LIST] Neighbors: 28,13,10,25,5,8
501239953	ID:7	[LIST] Quarantine: (none)
501243450	ID:7	[LIST] Blacklist: (none)
501251098	ID:7	FUZZRID,DET,25,1236,1029,207,0,80,100,36,0,0,0,82,75
502095253	ID:11	[HFS] ra=0 si=0 cx=49 ac=0
502098903	ID:11	[LIST] Neighbors: 6,15,12
502102540	ID:11	[LIST] Quarantine: (none)
502106037	ID:11	[LIST] Blacklist: (none)
502112490	ID:11	FUZZRID,DET,12,1805,1805,0,0,0,0,0,0,0,0,0,0
502125851	ID:15	[HFS] ra=0 si=0 cx=49 ac=0
502131487	ID:15	[LIST] Neighbors: 9,14,29,24,12,11,6,30
502134463	ID:6	[HFS] ra=0 si=0 cx=49 ac=0
502135124	ID:15	[LIST] Quarantine: (none)
502138620	ID:15	[LIST] Blacklist: (none)
502139407	ID:6	[LIST] Neighbors: 14,30,9,15,12,11
502143044	ID:6	[LIST] Quarantine: (none)
502145074	ID:15	FUZZRID,DET,12,1805,1805,0,0,0,0,0,0,0,0,0,0
502146541	ID:6	[LIST] Blacklist: (none)
502152995	ID:6	FUZZRID,DET,12,1805,1805,0,0,0,0,0,0,2,0,0,0
502315541	ID:19	[PKT-TX] DATA bytes=14  seq=12 
502332483	ID:1	[PKT-RX] DATA bytes=14 from=19 seq=12
502365459	ID:19	[PKT-RTT] seq=12,rtt_delay_ms=23
502699736	ID:27	[ATK-FAKE-RANK]  true_rank=512 fake_rank=612 t=11720s
502722071	ID:1	[HFS] ra=72 si=0 cx=49 ac=94
502727134	ID:1	[LIST] Neighbors: 2,21,28,4,19,27,3
502730782	ID:1	[LIST] Quarantine: (none)
502734279	ID:1	[LIST] Blacklist: (none)
502741567	ID:1	FUZZRID,DET,27,612,512,100,0,39,70,20,0,0,0,94,100
502747695	ID:19	[HFS] ra=72 si=0 cx=49 ac=94
502752478	ID:19	[LIST] Neighbors: 2,28,27,4,13,10
502756134	ID:19	[LIST] Quarantine: (none)
502759630	ID:19	[LIST] Blacklist: (none)
502766918	ID:19	FUZZRID,DET,27,612,512,100,0,39,70,20,0,0,0,94,100
502768549	ID:21	[HFS] ra=72 si=0 cx=49 ac=94
502772511	ID:21	[LIST] Neighbors: 4,27,3,17
502776148	ID:21	[LIST] Quarantine: (none)
502777114	ID:4	[HFS] ra=74 si=0 cx=49 ac=95
502779645	ID:21	[LIST] Blacklist: (none)
502780924	ID:4	[LIST] Neighbors: 21,19,27
502784561	ID:4	[LIST] Quarantine: (none)
502786933	ID:21	FUZZRID,DET,27,612,512,100,0,39,70,15,0,0,0,94,100
502788057	ID:4	[LIST] Blacklist: (none)
502794947	ID:2	[HFS] ra=72 si=0 cx=49 ac=94
502795379	ID:4	FUZZRID,DET,27,612,512,100,0,39,86,10,0,0,0,95,100
502800743	ID:2	[LIST] Neighbors: 28,19,27,13,10,3,20,23
502804380	ID:2	[LIST] Quarantine: (none)
502806938	ID:17	[HFS] ra=72 si=0 cx=49 ac=94
502807876	ID:2	[LIST] Blacklist: (none)
502811029	ID:17	[LIST] Neighbors: 21,27,3,31
502814665	ID:17	[LIST] Quarantine: (none)
502815190	ID:2	FUZZRID,DET,27,612,512,100,0,38,70,20,0,1,0,94,100
502818162	ID:17	[LIST] Blacklist: (none)
502825481	ID:17	FUZZRID,DET,27,612,512,100,0,39,70,20,0,0,0,94,100
502837787	ID:3	[HFS] ra=72 si=0 cx=49 ac=94
502842717	ID:3	[LIST] Neighbors: 2,23,17,31,27,21
502846355	ID:3	[LIST] Quarantine: (none)
502849851	ID:3	[LIST] Blacklist: (none)
502857140	ID:3	FUZZRID,DET,27,612,512,100,0,39,70,20,0,0,0,94,100
503873953	ID:12	[HFS] ra=0 si=0 cx=49 ac=0
503878310	ID:12	[LIST] Neighbors: 9,29,15,11,6
503878904	ID:15	[HFS] ra=0 si=0 cx=49 ac=0
503881947	ID:12	[LIST] Quarantine: (none)
503884570	ID:15	[LIST] Neighbors: 9,14,29,24,12,11,6,30
503885444	ID:12	[LIST] Blacklist: (none)
503888206	ID:15	[LIST] Quarantine: (none)
503891703	ID:15	[LIST] Blacklist: (none)
503891757	ID:12	FUZZRID,DET,6,1681,1681,0,0,0,0,0,0,3,0,0,0
503898016	ID:15	FUZZRID,DET,6,1681,1681,0,0,0,0,0,0,0,0,0,0
503968217	ID:14	[HFS] ra=0 si=0 cx=49 ac=0
503971240	ID:11	[HFS] ra=0 si=0 cx=49 ac=0
503973440	ID:14	[LIST] Neighbors: 20,25,30,24,9,6,15
503974890	ID:11	[LIST] Neighbors: 6,15,12
503977076	ID:14	[LIST] Quarantine: (none)
503978527	ID:11	[LIST] Quarantine: (none)
503980573	ID:14	[LIST] Blacklist: (none)
503982023	ID:11	[LIST] Blacklist: (none)
503986887	ID:14	FUZZRID,DET,6,1681,1681,0,0,0,0,0,0,3,0,0,0
503988337	ID:11	FUZZRID,DET,6,1681,1681,0,0,0,0,0,0,9,0,0,0
503989180	ID:9	[HFS] ra=0 si=0 cx=49 ac=0
503994549	ID:9	[LIST] Neighbors: 14,24,6,12,29,15,22
503998186	ID:9	[LIST] Quarantine: (none)
504001683	ID:9	[LIST] Blacklist: (none)
504008025	ID:9	FUZZRID,DET,6,1681,1681,0,0,0,0,0,0,7,0,0,0
504266097	ID:10	[PKT-TX] DATA bytes=14  seq=12 
504302770	ID:1	[PKT-RX] DATA bytes=14 from=10 seq=12
504988732	ID:24	[ATK-FAKE-RANK]  true_rank=1077 fake_rank=1216 t=11720s
505053144	ID:22	[HFS] ra=74 si=0 cx=49 ac=95
505058520	ID:22	[LIST] Neighbors: 24,16,9,29,31,26,18
505062157	ID:22	[LIST] Quarantine: (none)
505065654	ID:22	[LIST] Blacklist: (none)
505073342	ID:22	FUZZRID,DET,24,1216,1077,139,0,52,100,7,0,2,0,95,100
505092250	ID:14	[HFS] ra=73 si=0 cx=49 ac=94
505097473	ID:14	[LIST] Neighbors: 20,25,30,24,9,6,15
505101144	ID:14	[LIST] Quarantine: (none)
505104641	ID:14	[LIST] Blacklist: (none)
505112290	ID:14	FUZZRID,DET,24,1216,1077,139,0,54,82,27,0,0,0,94,100
505117354	ID:9	[HFS] ra=73 si=0 cx=49 ac=94
505122723	ID:9	[LIST] Neighbors: 14,24,6,12,29,15,22
505126360	ID:9	[LIST] Quarantine: (none)
505129857	ID:9	[LIST] Blacklist: (none)
505130769	ID:15	[HFS] ra=73 si=0 cx=49 ac=94
505136405	ID:15	[LIST] Neighbors: 9,14,29,24,12,11,6,30
505137517	ID:9	FUZZRID,DET,24,1216,1077,139,0,54,82,27,0,0,0,94,100
505140042	ID:15	[LIST] Quarantine: (none)
505143539	ID:15	[LIST] Blacklist: (none)
505151188	ID:15	FUZZRID,DET,24,1216,1077,139,0,53,81,26,0,1,0,94,100
506023093	ID:22	[PKT-TX] DATA bytes=14  seq=12 
506190824	ID:1	[PKT-RX] DATA bytes=14 from=22 seq=12
506335207	ID:3	[HFS] ra=0 si=0 cx=49 ac=0
506340168	ID:3	[LIST] Neighbors: 2,23,17,31,27,21
506343806	ID:3	[LIST] Quarantine: (none)
506347303	ID:3	[LIST] Blacklist: (none)
506353398	ID:3	FUZZRID,DET,17,786,786,0,0,0,0,0,0,4,0,0,0
506395007	ID:21	[HFS] ra=0 si=0 cx=49 ac=0
506398937	ID:21	[LIST] Neighbors: 4,27,3,17
506402574	ID:21	[LIST] Quarantine: (none)
506406071	ID:21	[LIST] Blacklist: (none)
506412165	ID:21	FUZZRID,DET,17,786,786,0,0,0,0,0,0,0,0,0,0
509490086	ID:20	[PKT-TX] DATA bytes=14  seq=12 
509553050	ID:1	[PKT-RX] DATA bytes=14 from=20 seq=12
511221916	ID:6	[PKT-TX] DATA bytes=13  seq=13 
511427139	ID:1	[PKT-RX] DATA bytes=13 from=6 seq=13
511882083	ID:6	[PKT-RTT] seq=13,rtt_delay_ms=328
512214315	ID:31	[ATK-FAKE-RANK]  true_rank=910 fake_rank=909 t=11720s
512801994	ID:4	[PKT-TX] DATA bytes=13  seq=13 
512818817	ID:1	[PKT-RX] DATA bytes=13 from=4 seq=13
513467492	ID:14	[HFS] ra=0 si=0 cx=49 ac=0
513472715	ID:14	[LIST] Neighbors: 20,25,30,24,9,6,15
513476352	ID:14	[LIST] Quarantine: (none)
513479849	ID:14	[LIST] Blacklist: (none)
513486196	ID:14	FUZZRID,DET,6,1681,1681,0,0,0,0,0,0,3,0,0,0
513492586	ID:9	[HFS] ra=0 si=0 cx=49 ac=0
513496871	ID:12	[HFS] ra=0 si=0 cx=49 ac=0
513497955	ID:9	[LIST] Neighbors: 14,24,6,12,29,15,22
513501227	ID:12	[LIST] Neighbors: 9,29,15,11,6
513501607	ID:9	[LIST] Quarantine: (none)
513504864	ID:12	[LIST] Quarantine: (none)
513505104	ID:9	[LIST] Blacklist: (none)
513508361	ID:12	[LIST] Blacklist: (none)
513511418	ID:9	FUZZRID,DET,6,1681,1681,0,0,0,0,0,0,7,0,0,0
513514675	ID:12	FUZZRID,DET,6,1681,1681,0,0,0,0,0,0,3,0,0,0
513592188	ID:8	[PKT-TX] DATA bytes=13  seq=13 
513784625	ID:23	[ATK-FAKE-RANK]  true_rank=768 fake_rank=1038 t=11720s
513914833	ID:10	[HFS] ra=74 si=49 cx=49 ac=82
513920469	ID:10	[LIST] Neighbors: 2,28,13,7,25,20,23,19
513924106	ID:10	[LIST] Quarantine: (none)
513927602	ID:10	[LIST] Blacklist: (none)
513935109	ID:10	FUZZRID,DET,23,1038,768,270,0,100,100,5,0,0,0,82,55
513965673	ID:12	[PKT-TX] DATA bytes=14  seq=13 
514113690	ID:21	[PKT-TX] DATA bytes=14  seq=13 
514130616	ID:1	[PKT-RX] DATA bytes=14 from=21 seq=13
514265511	ID:21	[PKT-RTT] seq=13,rtt_delay_ms=70
514428959	ID:1	[PKT-RX] DATA bytes=14 from=12 seq=13
514690916	ID:29	[ATK-FAKE-RANK]  true_rank=1681 fake_rank=1791 t=11720s
514739210	ID:15	[PKT-TX] DATA bytes=14  seq=13 
515244342	ID:12	[PKT-RTT] seq=13,rtt_delay_ms=632
515301590	ID:1	[PKT-RX] DATA bytes=14 from=15 seq=13
515625698	ID:15	[PKT-RTT] seq=13,rtt_delay_ms=437
515731919	ID:1	[PKT-RX] DATA bytes=13 from=8 seq=13
515948055	ID:18	[PKT-TX] DATA bytes=14  seq=13 
516193289	ID:1	[PKT-RX] DATA bytes=14 from=18 seq=13
520633284	ID:10	[PKT-TX] DATA bytes=14  seq=13 
520678652	ID:1	[PKT-RX] DATA bytes=14 from=10 seq=13
520747101	ID:12	[HFS] ra=0 si=0 cx=49 ac=0
520751485	ID:12	[LIST] Neighbors: 9,29,15,11,6
520755122	ID:12	[LIST] Quarantine: (none)
520758619	ID:12	[LIST] Blacklist: (none)
520764932	ID:12	FUZZRID,DET,6,1681,1681,0,0,0,0,0,0,0,0,0,0
521895715	ID:14	[PKT-TX] DATA bytes=14  seq=13 
522053330	ID:1	[PKT-RX] DATA bytes=14 from=14 seq=13
522307729	ID:19	[PKT-TX] DATA bytes=14  seq=13 
522324719	ID:1	[PKT-RX] DATA bytes=14 from=19 seq=13
522871409	ID:19	[PKT-RTT] seq=13,rtt_delay_ms=281
522872899	ID:20	[PKT-TX] DATA bytes=14  seq=13 
522926985	ID:1	[PKT-RX] DATA bytes=14 from=20 seq=13
523079939	ID:16	[PKT-TX] DATA bytes=14  seq=13 
523191439	ID:1	[PKT-RX] DATA bytes=14 from=16 seq=13
523614906	ID:9	[HFS] ra=0 si=0 cx=49 ac=0
523620275	ID:9	[LIST] Neighbors: 14,24,6,12,29,15,22
523623912	ID:9	[LIST] Quarantine: (none)
523627409	ID:9	[LIST] Blacklist: (none)
523628175	ID:15	[HFS] ra=0 si=0 cx=49 ac=0
523633811	ID:15	[LIST] Neighbors: 9,14,29,24,12,11,6,30
523633864	ID:9	FUZZRID,DET,14,1167,1167,0,0,0,0,0,0,3,0,0,0
523636211	ID:6	[HFS] ra=0 si=0 cx=49 ac=0
523637448	ID:15	[LIST] Quarantine: (none)
523640944	ID:15	[LIST] Blacklist: (none)
523641154	ID:6	[LIST] Neighbors: 14,30,9,15,12,11
523644792	ID:6	[LIST] Quarantine: (none)
523647400	ID:15	FUZZRID,DET,14,1167,1167,0,0,0,0,0,0,3,0,0,0
523648288	ID:6	[LIST] Blacklist: (none)
523648523	ID:20	[HFS] ra=0 si=0 cx=49 ac=0
523653878	ID:20	[LIST] Neighbors: 2,10,25,14,28,23,24
523654779	ID:6	FUZZRID,DET,14,1167,1167,0,0,0,0,0,0,5,0,0,0
523657515	ID:20	[LIST] Quarantine: (none)
523661012	ID:20	[LIST] Blacklist: (none)
523667467	ID:20	FUZZRID,DET,14,1167,1167,0,0,0,0,0,0,2,0,0,0
524194941	ID:22	[PKT-TX] DATA bytes=14  seq=13 
524317920	ID:1	[PKT-RX] DATA bytes=14 from=22 seq=13
524345229	ID:11	[PKT-TX] DATA bytes=14  seq=13 
524432496	ID:13	[PKT-TX] DATA bytes=14  seq=13 
524504040	ID:1	[PKT-RX] DATA bytes=14 from=13 seq=13
524552702	ID:1	[PKT-RX] DATA bytes=14 from=11 seq=13
524966056	ID:11	[PKT-RTT] seq=13,rtt_delay_ms=304
525808104	ID:25	[ATK-FAKE-RANK]  true_rank=1029 fake_rank=1256 t=11720s
525940977	ID:8	[HFS] ra=74 si=49 cx=49 ac=82
525944919	ID:8	[LIST] Neighbors: 7,25,5,30
525948555	ID:8	[LIST] Quarantine: (none)
525952052	ID:8	[LIST] Blacklist: (none)
525959562	ID:8	FUZZRID,DET,25,1256,1029,227,0,88,100,5,0,0,0,82,75
526540211	ID:13	[HFS] ra=0 si=0 cx=49 ac=0
526545017	ID:13	[LIST] Neighbors: 2,28,19,10,7,25
526548654	ID:13	[LIST] Quarantine: (none)
526552150	ID:13	[LIST] Blacklist: (none)
526558242	ID:13	FUZZRID,DET,10,813,813,0,0,0,0,0,0,7,0,0,0
527191252	ID:1	[HFS] ra=0 si=0 cx=49 ac=0
527196315	ID:1	[LIST] Neighbors: 2,21,28,4,19,27,3
527199952	ID:1	[LIST] Quarantine: (none)
527203449	ID:1	[LIST] Blacklist: (none)
527209543	ID:1	FUZZRID,DET,19,512,512,0,0,0,0,0,0,0,0,0,0
527276139	ID:4	[HFS] ra=0 si=0 cx=49 ac=0
527279983	ID:4	[LIST] Neighbors: 21,19,27
527283619	ID:4	[LIST] Quarantine: (none)
527287116	ID:4	[LIST] Blacklist: (none)
527289537	ID:13	[HFS] ra=0 si=0 cx=49 ac=0
527290742	ID:10	[HFS] ra=0 si=0 cx=49 ac=0
527293210	ID:4	FUZZRID,DET,19,512,512,0,0,0,0,0,0,0,0,0,0
527294320	ID:13	[LIST] Neighbors: 2,28,19,10,7,25
527296378	ID:10	[LIST] Neighbors: 2,28,13,7,25,20,23,19
527297957	ID:13	[LIST] Quarantine: (none)
527300015	ID:10	[LIST] Quarantine: (none)
527301454	ID:13	[LIST] Blacklist: (none)
527303511	ID:10	[LIST] Blacklist: (none)
527307548	ID:13	FUZZRID,DET,19,512,512,0,0,0,0,0,0,1,0,0,0
527309638	ID:10	FUZZRID,DET,19,512,512,0,0,0,0,0,0,0,0,0,0
527329601	ID:23	[ATK-FAKE-RANK]  true_rank=768 fake_rank=1058 t=11720s
527416354	ID:10	[HFS] ra=74 si=49 cx=49 ac=82
527421989	ID:10	[LIST] Neighbors: 2,28,13,7,25,20,23,19
527425630	ID:10	[LIST] Quarantine: (none)
527429126	ID:10	[LIST] Blacklist: (none)
527436672	ID:10	FUZZRID,DET,23,1058,768,290,0,100,100,5,0,0,0,82,55
527462476	ID:3	[HFS] ra=74 si=49 cx=49 ac=82
527467405	ID:3	[LIST] Neighbors: 2,23,17,31,27,21
527471042	ID:3	[LIST] Quarantine: (none)
527474539	ID:3	[LIST] Blacklist: (none)
527482224	ID:3	FUZZRID,DET,23,1058,768,290,0,100,100,10,0,2,0,82,55
527972547	ID:5	[PKT-TX] DATA bytes=13  seq=13 
528175791	ID:2	[PKT-TX] DATA bytes=13  seq=13 
528389303	ID:1	[PKT-RX] DATA bytes=13 from=2 seq=13
528607880	ID:1	[PKT-RX] DATA bytes=13 from=5 seq=13
528884223	ID:5	[PKT-RTT] seq=13,rtt_delay_ms=453
529277444	ID:4	[HFS] ra=0 si=0 cx=49 ac=0
529281255	ID:4	[LIST] Neighbors: 21,19,27
529284892	ID:4	[LIST] Quarantine: (none)
529288422	ID:4	[LIST] Blacklist: (none)
529294515	ID:4	FUZZRID,DET,21,512,512,0,0,0,0,0,0,0,0,0,0
532362435	ID:17	[PKT-TX] DATA bytes=14  seq=13 
532404434	ID:1	[PKT-RX] DATA bytes=14 from=17 seq=13
533147493	ID:9	[PKT-TX] DATA bytes=13  seq=13 
533357926	ID:7	[HFS] ra=0 si=0 cx=49 ac=0
533362722	ID:7	[LIST] Neighbors: 28,13,10,25,5,8
533366359	ID:7	[LIST] Quarantine: (none)
533369856	ID:7	[LIST] Blacklist: (none)
533371246	ID:19	[HFS] ra=0 si=0 cx=49 ac=0
533375950	ID:7	FUZZRID,DET,13,768,768,0,0,0,0,0,0,2,0,0,0
533376029	ID:19	[LIST] Neighbors: 2,28,27,4,13,10
533379665	ID:19	[LIST] Quarantine: (none)
533383162	ID:19	[LIST] Blacklist: (none)
533389256	ID:19	FUZZRID,DET,13,768,768,0,0,0,0,0,0,0,0,0,0
533802772	ID:1	[PKT-RX] DATA bytes=13 from=9 seq=13
534111870	ID:9	[PKT-RTT] seq=13,rtt_delay_ms=476
535400221	ID:26	[ATK-FAKE-RANK]  true_rank=1204 fake_rank=1344 t=11720s
535502874	ID:18	[HFS] ra=74 si=0 cx=49 ac=95
535507111	ID:18	[LIST] Neighbors: 26,22,29,16
535510747	ID:18	[LIST] Quarantine: (none)
535514244	ID:18	[LIST] Blacklist: (none)
535522070	ID:18	FUZZRID,DET,26,1344,1204,140,0,51,100,17,0,3,0,95,100
535770624	ID:20	[HFS] ra=0 si=0 cx=49 ac=0
535775992	ID:20	[LIST] Neighbors: 2,10,25,14,28,23,24
535779629	ID:20	[LIST] Quarantine: (none)
535783126	ID:20	[LIST] Blacklist: (none)
535789218	ID:20	FUZZRID,DET,10,813,813,0,0,0,0,0,0,5,0,0,0
535792921	ID:2	[HFS] ra=0 si=0 cx=49 ac=0
535798717	ID:2	[LIST] Neighbors: 28,19,27,13,10,3,20,23
535802354	ID:2	[LIST] Quarantine: (none)
535805850	ID:2	[LIST] Blacklist: (none)
535811958	ID:2	FUZZRID,DET,10,813,813,0,0,0,0,0,0,7,0,0,0
535856575	ID:7	[HFS] ra=0 si=0 cx=49 ac=0
535861372	ID:7	[LIST] Neighbors: 28,13,10,25,5,8
535865008	ID:7	[LIST] Quarantine: (none)
535868528	ID:7	[LIST] Blacklist: (none)
535869841	ID:19	[HFS] ra=0 si=0 cx=49 ac=0
535874620	ID:7	FUZZRID,DET,10,813,813,0,0,0,0,0,0,1,0,0,0
535874624	ID:19	[LIST] Neighbors: 2,28,27,4,13,10
535878260	ID:19	[LIST] Quarantine: (none)
535881757	ID:19	[LIST] Blacklist: (none)
535887849	ID:19	FUZZRID,DET,10,813,813,0,0,0,0,0,0,0,0,0,0
537455440	ID:3	[PKT-TX] DATA bytes=13  seq=13 
537529374	ID:1	[PKT-RX] DATA bytes=13 from=3 seq=13
537708157	ID:3	[PKT-RTT] seq=13,rtt_delay_ms=125
537724899	ID:7	[PKT-TX] DATA bytes=13  seq=13 
537963421	ID:28	[ATK-FAKE-RANK]  true_rank=512 fake_rank=612 t=11720s
538108034	ID:1	[PKT-RX] DATA bytes=13 from=7 seq=13
539220825	ID:1	[HFS] ra=0 si=0 cx=49 ac=0
539225889	ID:1	[LIST] Neighbors: 2,21,28,4,19,27,3
539229529	ID:1	[LIST] Quarantine: (none)
539233026	ID:1	[LIST] Blacklist: (none)
539239020	ID:1	FUZZRID,DET,3,768,768,0,0,0,0,0,0,0,0,0,0
539271323	ID:21	[HFS] ra=0 si=0 cx=49 ac=0
539275253	ID:21	[LIST] Neighbors: 4,27,3,17
539278911	ID:21	[LIST] Quarantine: (none)
539282408	ID:21	[LIST] Blacklist: (none)
539288364	ID:21	FUZZRID,DET,3,768,768,0,0,0,0,0,0,4,0,0,0
539293345	ID:2	[HFS] ra=0 si=0 cx=49 ac=0
539299141	ID:2	[LIST] Neighbors: 28,19,27,13,10,3,20,23
539302777	ID:2	[LIST] Quarantine: (none)
539306274	ID:2	[LIST] Blacklist: (none)
539312238	ID:2	FUZZRID,DET,3,768,768,0,0,0,0,0,0,6,0,0,0
539484986	ID:1	[HFS] ra=0 si=0 cx=49 ac=0
539490049	ID:1	[LIST] Neighbors: 2,21,28,4,19,27,3
539493685	ID:1	[LIST] Quarantine: (none)
539494150	ID:19	[HFS] ra=0 si=0 cx=49 ac=0
539497182	ID:1	[LIST] Blacklist: (none)
539498933	ID:19	[LIST] Neighbors: 2,28,27,4,13,10
539502570	ID:19	[LIST] Quarantine: (none)
539503138	ID:1	FUZZRID,DET,2,512,512,0,0,0,0,0,0,4,0,0,0
539506067	ID:19	[LIST] Blacklist: (none)
539512024	ID:19	FUZZRID,DET,2,512,512,0,0,0,0,0,0,3,0,0,0
539519320	ID:20	[HFS] ra=0 si=0 cx=49 ac=0
539524676	ID:20	[LIST] Neighbors: 2,10,25,14,28,23,24
539528313	ID:20	[LIST] Quarantine: (none)
539531810	ID:20	[LIST] Blacklist: (none)
539537765	ID:20	FUZZRID,DET,2,512,512,0,0,0,0,0,0,5,0,0,0
539540946	ID:13	[HFS] ra=0 si=0 cx=49 ac=0
539541139	ID:10	[HFS] ra=0 si=0 cx=49 ac=0
539545729	ID:13	[LIST] Neighbors: 2,28,19,10,7,25
539546774	ID:10	[LIST] Neighbors: 2,28,13,7,25,20,23,19
539549366	ID:13	[LIST] Quarantine: (none)
539550411	ID:10	[LIST] Quarantine: (none)
539552863	ID:13	[LIST] Blacklist: (none)
539553908	ID:10	[LIST] Blacklist: (none)
539558818	ID:13	FUZZRID,DET,2,512,512,0,0,0,0,0,0,4,0,0,0
539559881	ID:10	FUZZRID,DET,2,512,512,0,0,0,0,0,0,6,0,0,0
540159413	ID:5	 69123 P 0.0 8 285823 17408192 74844 153339 0 128618 23770 1942233 3060 16072 0 14171 (radio 1.28% / 0.97% tx 0.42% / 0.15% listen 0.86% / 0.81%)
540269919	ID:12	 69123 P 0.0 8 330345 17362261 69387 153160 0 126336 43704 1922115 11443 19293 0 14765 (radio 1.25% / 1.56% tx 0.39% / 0.58% listen 0.86% / 0.98%)
540300483	ID:4	 69123 P 0.0 8 280602 17413670 56094 147020 0 127818 25191 1940845 980 16109 0 14209 (radio 1.14% / 0.86% tx 0.31% / 0.04% listen 0.83% / 0.81%)
540359625	ID:3	 69123 P 0.0 8 423936 17269816 116733 174638 0 129996 74941 1891030 30624 26429 0 14316 (radio 1.64% / 2.90% tx 0.65% / 1.55% listen 0.98% / 1.34%)
540417667	ID:21	 69123 P 0.0 8 302674 17389759 46414 159351 0 135594 38640 1927081 6834 20125 0 15801 (radio 1.16% / 1.37% tx 0.26% / 0.34% listen 0.90% / 1.02%)
540462013	ID:16	 69123 P 0.0 8 335019 17359261 91372 153649 0 121918 29587 1936448 5924 15012 0 12261 (radio 1.38% / 1.06% tx 0.51% / 0.30% listen 0.86% / 0.76%)
540514221	ID:9	 69123 P 0.0 8 513345 17181065 139464 215023 0 156086 60009 1906033 13819 27477 0 19536 (radio 2.00% / 2.10% tx 0.78% / 0.70% listen 1.21% / 1.39%)
540596505	ID:1	 69125 P 0.0 8 958186 16735722 360155 17334203 0 0 125668 1840210 49136 1916861 0 0 (radio 100.-9952% / 100.-8739% tx 2.03% / 2.49% listen 97.-9613% / 97.-8689%)
540631062	ID:7	 69123 P 0.0 8 669933 17023793 257391 238244 0 119633 72717 1893254 28352 26776 0 12777 (radio 2.-163% / 2.80% tx 1.45% / 1.44% listen 1.34% / 1.36%)
540658359	ID:6	 69123 P 0.0 8 454225 17240000 118501 172913 0 132360 58538 1907486 18914 18640 0 14017 (radio 1.64% / 1.91% tx 0.66% / 0.96% listen 0.97% / 0.94%)
540669788	ID:20	 69123 P 0.0 8 724697 16969601 248625 262755 0 133244 90951 1875105 31255 33035 0 13745 (radio 2.-154% / 3.26% tx 1.40% / 1.58% listen 1.48% / 1.68%)
540691087	ID:2	 69123 P 0.0 8 743609 16949237 151451 269625 0 149057 94254 1871559 21542 37074 0 17251 (radio 2.37% / 2.98% tx 0.85% / 1.09% listen 1.52% / 1.88%)
540701277	ID:22	 69123 P 0.0 8 537180 17157171 161728 217804 0 150733 58480 1907443 16911 22350 0 16276 (radio 2.14% / 1.99% tx 0.91% / 0.86% listen 1.23% / 1.13%)
540776642	ID:15	 69123 P 0.0 8 538955 17155282 135933 216203 0 152560 81340 1884705 26384 28864 0 16109 (radio 1.99% / 2.81% tx 0.76% / 1.34% listen 1.22% / 1.46%)
540884912	ID:6	[HFS] ra=0 si=0 cx=49 ac=0
540889855	ID:6	[LIST] Neighbors: 14,30,9,15,12,11
540892935	ID:19	 69123 P 0.0 8 344228 17350238 36442 172240 0 151202 40060 1926002 3480 19573 0 16298 (radio 1.17% / 1.17% tx 0.20% / 0.17% listen 0.97% / 0.99%)
540893492	ID:6	[LIST] Quarantine: (none)
540896989	ID:6	[LIST] Blacklist: (none)
540903444	ID:6	FUZZRID,DET,14,1167,1167,0,0,0,0,0,0,6,0,0,0
540939447	ID:13	 69123 P 0.0 8 484555 17209327 145521 190983 0 137698 53187 1912803 14643 20898 0 15656 (radio 1.90% / 1.80% tx 0.82% / 0.74% listen 1.07% / 1.06%)
540955505	ID:17	 69123 P 0.0 8 299661 17394598 65220 150919 0 128608 34492 1931543 8051 17415 0 14759 (radio 1.22% / 1.29% tx 0.36% / 0.40% listen 0.85% / 0.88%)
540992634	ID:11	 69123 P 0.0 8 312144 17381778 91480 147268 0 115492 25209 1940793 1774 15615 0 14000 (radio 1.34% / 0.88% tx 0.51% / 0.09% listen 0.83% / 0.79%)
541025080	ID:18	 69123 P 0.0 8 336409 17358077 89795 156440 0 125798 29275 1936790 4370 16102 0 13443 (radio 1.39% / 1.04% tx 0.50% / 0.22% listen 0.88% / 0.81%)
541062310	ID:10	 69123 P 0.0 8 454698 17239686 96263 216744 0 178148 44890 1921165 6091 22762 0 20630 (radio 1.76% / 1.46% tx 0.54% / 0.30% listen 1.22% / 1.15%)
541091159	ID:8	 69123 P 0.0 8 372314 17322078 102874 170659 0 126578 28365 1937688 3982 16074 0 13455 (radio 1.54% / 1.02% tx 0.58% / 0.20% listen 0.96% / 0.81%)
541114529	ID:14	 69123 P 0.0 8 457749 17236728 106877 202744 0 160884 45944 1920136 7870 22103 0 19425 (radio 1.74% / 1.52% tx 0.60% / 0.40% listen 1.14% / 1.12%)
541584993	ID:9	[PKT-TX] DATA bytes=13  seq=14 
541802027	ID:1	[PKT-RX] DATA bytes=13 from=9 seq=14
542105478	ID:2	[PKT-TX] DATA bytes=13  seq=14 
542121966	ID:1	[PKT-RX] DATA bytes=13 from=2 seq=14
542463417	ID:11	[PKT-TX] DATA bytes=14  seq=14 
543363591	ID:9	[PKT-RTT] seq=14,rtt_delay_ms=882
543871527	ID:5	[PKT-TX] DATA bytes=13  seq=14 
543907764	ID:31	[ATK-FAKE-RANK]  true_rank=894 fake_rank=929 t=11720s
543927944	ID:1	[PKT-RX] DATA bytes=14 from=11 seq=14
543937429	ID:16	[HFS] ra=0 si=0 cx=49 ac=0
543941700	ID:16	[LIST] Neighbors: 31,26,22,18
543945337	ID:16	[LIST] Quarantine: (none)
543948863	ID:16	[LIST] Blacklist: (none)
543955377	ID:16	FUZZRID,DET,31,929,894,35,0,12,52,3,0,4,0,0,0
544053943	ID:22	[HFS] ra=0 si=0 cx=49 ac=0
544059312	ID:22	[LIST] Neighbors: 24,16,9,29,31,26,18
544062949	ID:22	[LIST] Quarantine: (none)
544066446	ID:22	[LIST] Blacklist: (none)
544072973	ID:22	FUZZRID,DET,31,929,894,35,0,13,52,3,0,1,0,0,0
544337968	ID:3	[PKT-TX] DATA bytes=13  seq=14 
544716426	ID:11	[PKT-RTT] seq=14,rtt_delay_ms=1125
544778775	ID:1	[PKT-RX] DATA bytes=13 from=3 seq=14
544982635	ID:1	[HFS] ra=0 si=0 cx=49 ac=0
544987731	ID:1	[LIST] Neighbors: 2,21,28,4,19,27,3
544991368	ID:1	[LIST] Quarantine: (none)
544994869	ID:1	[LIST] Blacklist: (none)
545000824	ID:1	FUZZRID,DET,3,768,768,0,0,0,0,0,0,0,0,0,0
545020514	ID:21	[HFS] ra=0 si=0 cx=49 ac=0
545024470	ID:21	[LIST] Neighbors: 4,27,3,17
545028106	ID:21	[LIST] Quarantine: (none)
545031603	ID:21	[LIST] Blacklist: (none)
545037563	ID:21	FUZZRID,DET,3,768,768,0,0,0,0,0,0,0,0,0,0
545042820	ID:2	[HFS] ra=0 si=0 cx=49 ac=0
545048637	ID:2	[LIST] Neighbors: 28,19,27,13,10,3,20,23
545052273	ID:2	[LIST] Quarantine: (none)
545054713	ID:17	[HFS] ra=0 si=0 cx=49 ac=0
545055770	ID:2	[LIST] Blacklist: (none)
545058803	ID:17	[LIST] Neighbors: 21,27,3,31
545061725	ID:2	FUZZRID,DET,3,768,768,0,0,0,0,0,0,6,0,0,0
545062440	ID:17	[LIST] Quarantine: (none)
545065937	ID:17	[LIST] Blacklist: (none)
545071892	ID:17	FUZZRID,DET,3,768,768,0,0,0,0,0,0,4,0,0,0
545091028	ID:14	[PKT-TX] DATA bytes=14  seq=14 
545208523	ID:12	[PKT-TX] DATA bytes=14  seq=14 
545482524	ID:1	[PKT-RX] DATA bytes=13 from=5 seq=14
545758298	ID:5	[PKT-RTT] seq=14,rtt_delay_ms=937
546060779	ID:1	[PKT-RX] DATA bytes=14 from=14 seq=14
546082008	ID:3	[PKT-RTT] seq=14,rtt_delay_ms=867
546302171	ID:1	[PKT-RX] DATA bytes=14 from=12 seq=14
548039685	ID:10	[HFS] ra=0 si=0 cx=49 ac=0
548045321	ID:10	[LIST] Neighbors: 2,28,13,7,25,20,23,19
548048958	ID:10	[LIST] Quarantine: (none)
548052455	ID:10	[LIST] Blacklist: (none)
548058770	ID:10	FUZZRID,DET,7,1020,1020,0,0,0,0,0,0,5,0,0,0
550343063	ID:14	[HFS] ra=0 si=0 cx=49 ac=0
550346089	ID:11	[HFS] ra=0 si=0 cx=49 ac=0
550348287	ID:14	[LIST] Neighbors: 20,25,30,24,9,6,15
550349739	ID:11	[LIST] Neighbors: 6,15,12
550351923	ID:14	[LIST] Quarantine: (none)
550353376	ID:11	[LIST] Quarantine: (none)
550355420	ID:14	[LIST] Blacklist: (none)
550356873	ID:11	[LIST] Blacklist: (none)
550361734	ID:14	FUZZRID,DET,6,1681,1681,0,0,0,0,0,0,3,0,0,0
550363186	ID:11	FUZZRID,DET,6,1681,1681,0,0,0,0,0,0,9,0,0,0
550364134	ID:9	[HFS] ra=0 si=0 cx=49 ac=0
550369527	ID:9	[LIST] Neighbors: 14,24,6,12,29,15,22
550372490	ID:12	[HFS] ra=0 si=0 cx=49 ac=0
550373164	ID:9	[LIST] Quarantine: (none)
550376661	ID:9	[LIST] Blacklist: (none)
550376846	ID:12	[LIST] Neighbors: 9,29,15,11,6
550377804	ID:15	[HFS] ra=0 si=0 cx=49 ac=0
550380483	ID:12	[LIST] Quarantine: (none)
550382975	ID:9	FUZZRID,DET,6,1681,1681,0,0,0,0,0,0,6,0,0,0
550383451	ID:15	[LIST] Neighbors: 9,14,29,24,12,11,6,30
550383997	ID:12	[LIST] Blacklist: (none)
550387087	ID:15	[LIST] Quarantine: (none)
550390310	ID:12	FUZZRID,DET,6,1681,1681,0,0,0,0,0,0,0,0,0,0
550390584	ID:15	[LIST] Blacklist: (none)
550396897	ID:15	FUZZRID,DET,6,1681,1681,0,0,0,0,0,0,0,0,0,0
551839118	ID:6	[PKT-TX] DATA bytes=13  seq=14 
552053751	ID:1	[PKT-RX] DATA bytes=13 from=6 seq=14
552385880	ID:17	[PKT-TX] DATA bytes=14  seq=14 
552455842	ID:18	[PKT-TX] DATA bytes=14  seq=14 
552691656	ID:1	[PKT-RX] DATA bytes=14 from=18 seq=14
552779334	ID:1	[PKT-RX] DATA bytes=14 from=17 seq=14
553064115	ID:16	[HFS] ra=0 si=0 cx=49 ac=0
553068352	ID:16	[LIST] Neighbors: 31,26,22,18
553071989	ID:16	[LIST] Quarantine: (none)
553075486	ID:16	[LIST] Blacklist: (none)
553081960	ID:16	FUZZRID,DET,22,1207,1207,0,0,0,0,0,0,7,0,0,0
555269005	ID:29	[ATK-FAKE-RANK]  true_rank=1681 fake_rank=1811 t=11720s
555304269	ID:22	[HFS] ra=74 si=0 cx=49 ac=95
555309639	ID:22	[LIST] Neighbors: 24,16,9,29,31,26,18
555313276	ID:22	[LIST] Quarantine: (none)
555316773	ID:22	[LIST] Blacklist: (none)
555324632	ID:22	FUZZRID,DET,29,1811,1681,130,0,39,100,9,0,14,0,95,100
555371871	ID:12	[HFS] ra=74 si=0 cx=49 ac=95
555376227	ID:12	[LIST] Neighbors: 9,29,15,11,6
555376534	ID:18	[HFS] ra=74 si=0 cx=49 ac=95
555377075	ID:15	[HFS] ra=73 si=0 cx=49 ac=94
555379864	ID:12	[LIST] Quarantine: (none)
555380771	ID:18	[LIST] Neighbors: 26,22,29,16
555382711	ID:15	[LIST] Neighbors: 9,14,29,24,12,11,6,30
555383361	ID:12	[LIST] Blacklist: (none)
555384408	ID:18	[LIST] Quarantine: (none)
555386348	ID:15	[LIST] Quarantine: (none)
555387917	ID:18	[LIST] Blacklist: (none)
555389845	ID:15	[LIST] Blacklist: (none)
555391186	ID:12	FUZZRID,DET,29,1811,1681,130,0,40,100,9,0,13,0,95,100
555395766	ID:18	FUZZRID,DET,29,1811,1681,130,0,43,100,10,0,8,0,95,100
555397492	ID:15	FUZZRID,DET,29,1811,1681,130,0,43,79,19,0,8,0,94,100
556744580	ID:16	[PKT-TX] DATA bytes=14  seq=14 
556942045	ID:1	[PKT-RX] DATA bytes=14 from=16 seq=14
557175746	ID:19	[PKT-TX] DATA bytes=14  seq=14 
557184685	ID:16	[PKT-RTT] seq=14,rtt_delay_ms=218
557192729	ID:1	[PKT-RX] DATA bytes=14 from=19 seq=14
557586948	ID:1	[HFS] ra=0 si=0 cx=49 ac=0
557592011	ID:1	[LIST] Neighbors: 2,21,28,4,19,27,3
557595648	ID:1	[LIST] Quarantine: (none)
557599145	ID:1	[LIST] Blacklist: (none)
557605100	ID:1	FUZZRID,DET,3,768,768,0,0,0,0,0,0,0,0,0,0
557668111	ID:2	[HFS] ra=0 si=0 cx=49 ac=0
557673911	ID:2	[LIST] Neighbors: 28,19,27,13,10,3,20,23
557677548	ID:2	[LIST] Quarantine: (none)
557681044	ID:2	[LIST] Blacklist: (none)
557684155	ID:17	[HFS] ra=0 si=0 cx=49 ac=0
557686999	ID:2	FUZZRID,DET,3,768,768,0,0,0,0,0,0,0,0,0,0
557688245	ID:17	[LIST] Neighbors: 21,27,3,31
557691885	ID:17	[LIST] Quarantine: (none)
557695382	ID:17	[LIST] Blacklist: (none)
557701338	ID:17	FUZZRID,DET,3,768,768,0,0,0,0,0,0,4,0,0,0
558203648	ID:22	[PKT-TX] DATA bytes=14  seq=14 
558318163	ID:1	[PKT-RX] DATA bytes=14 from=22 seq=14
558924802	ID:22	[PKT-RTT] seq=14,rtt_delay_ms=359
559719229	ID:10	[PKT-TX] DATA bytes=14  seq=14 
559803400	ID:1	[PKT-RX] DATA bytes=14 from=10 seq=14
560040816	ID:10	[PKT-RTT] seq=14,rtt_delay_ms=156
561301270	ID:15	[PKT-TX] DATA bytes=14  seq=14 
561724469	ID:20	[PKT-TX] DATA bytes=14  seq=14 
561840286	ID:21	[PKT-TX] DATA bytes=14  seq=14 
561857269	ID:1	[PKT-RX] DATA bytes=14 from=21 seq=14
562301939	ID:1	[PKT-RX] DATA bytes=14 from=20 seq=14
562552911	ID:1	[PKT-RX] DATA bytes=14 from=15 seq=14
562949858	ID:4	[PKT-TX] DATA bytes=13  seq=14 
563016550	ID:20	[PKT-RTT] seq=14,rtt_delay_ms=640
563019495	ID:1	[PKT-RX] DATA bytes=13 from=4 seq=14
563740026	ID:8	[PKT-TX] DATA bytes=13  seq=14 
563983583	ID:1	[PKT-RX] DATA bytes=13 from=8 seq=14
565943412	ID:7	[PKT-TX] DATA bytes=13  seq=14 
566233527	ID:1	[PKT-RX] DATA bytes=13 from=7 seq=14
568830940	ID:13	[PKT-TX] DATA bytes=14  seq=14 
568879218	ID:1	[PKT-RX] DATA bytes=14 from=13 seq=14
571356101	ID:4	[PKT-TX] DATA bytes=13  seq=15 
571372679	ID:1	[PKT-RX] DATA bytes=13 from=4 seq=15
572041139	ID:10	[HFS] ra=0 si=0 cx=49 ac=0
572046774	ID:10	[LIST] Neighbors: 2,28,13,7,25,20,23,19
572050411	ID:10	[LIST] Quarantine: (none)
572053908	ID:10	[LIST] Blacklist: (none)
572060025	ID:10	FUZZRID,DET,20,840,840,0,0,0,0,0,0,0,0,0,0
573394489	ID:19	[PKT-TX] DATA bytes=14  seq=15 
573411307	ID:1	[PKT-RX] DATA bytes=14 from=19 seq=15
573456766	ID:17	[PKT-TX] DATA bytes=14  seq=15 
573504341	ID:21	[PKT-TX] DATA bytes=14  seq=15 
573663289	ID:1	[PKT-RX] DATA bytes=14 from=21 seq=15
573795517	ID:1	[PKT-RX] DATA bytes=14 from=17 seq=15
574005486	ID:24	[ATK-FAKE-RANK]  true_rank=1114 fake_rank=1236 t=11720s
574089670	ID:14	[HFS] ra=74 si=0 cx=49 ac=95
574094918	ID:14	[LIST] Neighbors: 20,25,30,24,9,6,15
574098555	ID:14	[LIST] Quarantine: (none)
574102052	ID:14	[LIST] Blacklist: (none)
574109741	ID:14	FUZZRID,DET,24,1236,1114,122,0,47,100,4,0,0,0,95,100
578593010	ID:11	[HFS] ra=0 si=0 cx=49 ac=0
578596660	ID:11	[LIST] Neighbors: 6,15,12
578600297	ID:11	[LIST] Quarantine: (none)
578603793	ID:11	[LIST] Blacklist: (none)
578610247	ID:11	FUZZRID,DET,12,1782,1782,0,0,0,0,0,0,0,0,0,0
580563979	ID:11	[PKT-TX] DATA bytes=14  seq=15 
580628916	ID:2	[PKT-TX] DATA bytes=13  seq=15 
580645647	ID:1	[PKT-RX] DATA bytes=13 from=2 seq=15
580804030	ID:1	[PKT-RX] DATA bytes=14 from=11 seq=15
581466669	ID:11	[PKT-RTT] seq=15,rtt_delay_ms=445
583496355	ID:6	[PKT-TX] DATA bytes=13  seq=15 
583801558	ID:1	[PKT-RX] DATA bytes=13 from=6 seq=15
584561204	ID:8	[PKT-TX] DATA bytes=13  seq=15 
584734440	ID:1	[PKT-RX] DATA bytes=13 from=8 seq=15
586425672	ID:5	[PKT-TX] DATA bytes=13  seq=15 
586607279	ID:1	[PKT-RX] DATA bytes=13 from=5 seq=15
586882876	ID:5	[PKT-RTT] seq=15,rtt_delay_ms=226
587100682	ID:7	[PKT-TX] DATA bytes=13  seq=15 
587172965	ID:22	[PKT-TX] DATA bytes=14  seq=15 
587233039	ID:1	[PKT-RX] DATA bytes=13 from=7 seq=15
587247986	ID:15	[PKT-TX] DATA bytes=14  seq=15 
587291780	ID:18	[PKT-TX] DATA bytes=14  seq=15 
587317335	ID:1	[PKT-RX] DATA bytes=14 from=22 seq=15
587940113	ID:1	[PKT-RX] DATA bytes=14 from=18 seq=15
588298279	ID:22	[PKT-RTT] seq=15,rtt_delay_ms=562
588424683	ID:13	[PKT-TX] DATA bytes=14  seq=15 
589005756	ID:1	[PKT-RX] DATA bytes=14 from=13 seq=15
589176644	ID:1	[PKT-RX] DATA bytes=14 from=15 seq=15
590189523	ID:3	[PKT-TX] DATA bytes=13  seq=15 
590278064	ID:1	[PKT-RX] DATA bytes=13 from=3 seq=15
590457928	ID:3	[PKT-RTT] seq=15,rtt_delay_ms=132
591278127	ID:4	[HFS] ra=0 si=0 cx=49 ac=0
591281939	ID:4	[LIST] Neighbors: 21,19,27
591285576	ID:4	[LIST] Quarantine: (none)
591289072	ID:4	[LIST] Blacklist: (none)
591295166	ID:4	FUZZRID,DET,19,512,512,0,0,0,0,0,0,0,0,0,0
591622277	ID:14	[PKT-TX] DATA bytes=14  seq=15 
591676617	ID:12	[PKT-TX] DATA bytes=14  seq=15 
591679105	ID:1	[PKT-RX] DATA bytes=14 from=14 seq=15
591928890	ID:1	[PKT-RX] DATA bytes=14 from=12 seq=15
592989627	ID:9	[HFS] ra=0 si=0 cx=49 ac=0
592994996	ID:9	[LIST] Neighbors: 14,24,6,12,29,15,22
592997660	ID:12	[HFS] ra=0 si=0 cx=49 ac=0
592998633	ID:9	[LIST] Quarantine: (none)
593002045	ID:12	[LIST] Neighbors: 9,29,15,11,6
593002130	ID:9	[LIST] Blacklist: (none)
593005682	ID:12	[LIST] Quarantine: (none)
593008585	ID:9	FUZZRID,DET,15,1423,1423,0,0,0,0,0,0,9,0,0,0
593009178	ID:12	[LIST] Blacklist: (none)
593010380	ID:6	[HFS] ra=0 si=0 cx=49 ac=0
593015324	ID:6	[LIST] Neighbors: 14,30,9,15,12,11
593015633	ID:12	FUZZRID,DET,15,1423,1423,0,0,0,0,0,0,7,0,0,0
593018961	ID:6	[LIST] Quarantine: (none)
593022457	ID:6	[LIST] Blacklist: (none)
593028939	ID:6	FUZZRID,DET,15,1423,1423,0,0,0,0,0,0,8,0,0,0
593038118	ID:9	[PKT-TX] DATA bytes=13  seq=15 
593092631	ID:14	[HFS] ra=0 si=0 cx=49 ac=0
593095248	ID:11	[HFS] ra=0 si=0 cx=49 ac=0
593095556	ID:16	[PKT-TX] DATA bytes=14  seq=15 
593097854	ID:14	[LIST] Neighbors: 20,25,30,24,9,6,15
593098898	ID:11	[LIST] Neighbors: 6,15,12
593101492	ID:14	[LIST] Quarantine: (none)
593102535	ID:11	[LIST] Quarantine: (none)
593104989	ID:14	[LIST] Blacklist: (none)
593106032	ID:11	[LIST] Blacklist: (none)
593111444	ID:14	FUZZRID,DET,15,1423,1423,0,0,0,0,0,0,9,0,0,0
593112487	ID:11	FUZZRID,DET,15,1423,1423,0,0,0,0,0,0,7,0,0,0
593192068	ID:1	[PKT-RX] DATA bytes=14 from=16 seq=15
594303776	ID:1	[PKT-RX] DATA bytes=13 from=9 seq=15
595186943	ID:16	[PKT-RTT] seq=15,rtt_delay_ms=1039
595332232	ID:29	[ATK-FAKE-RANK]  true_rank=1679 fake_rank=1831 t=11720s
595428758	ID:22	[HFS] ra=74 si=0 cx=49 ac=95
595434128	ID:22	[LIST] Neighbors: 24,16,9,29,31,26,18
595437782	ID:22	[LIST] Quarantine: (none)
595441279	ID:22	[LIST] Blacklist: (none)
595449106	ID:22	FUZZRID,DET,29,1831,1679,152,0,47,100,4,0,13,0,95,100
596604088	ID:25	[ATK-FAKE-RANK]  true_rank=1054 fake_rank=1276 t=11720s
596967922	ID:14	[HFS] ra=74 si=49 cx=49 ac=82
596973146	ID:14	[LIST] Neighbors: 20,25,30,24,9,6,15
596976783	ID:14	[LIST] Quarantine: (none)
596980280	ID:14	[LIST] Blacklist: (none)
596987928	ID:14	FUZZRID,DET,25,1276,1054,222,0,86,100,46,0,0,0,82,75
597391629	ID:1	[HFS] ra=0 si=0 cx=49 ac=0
597395102	ID:21	[HFS] ra=0 si=0 cx=49 ac=0
597396692	ID:1	[LIST] Neighbors: 2,21,28,4,19,27,3
597399050	ID:21	[LIST] Neighbors: 4,27,3,17
597400329	ID:1	[LIST] Quarantine: (none)
597402687	ID:21	[LIST] Quarantine: (none)
597403826	ID:1	[LIST] Blacklist: (none)
597406184	ID:21	[LIST] Blacklist: (none)
597409780	ID:1	FUZZRID,DET,3,768,768,0,0,0,0,0,0,0,0,0,0
597412143	ID:21	FUZZRID,DET,3,768,768,0,0,0,0,0,0,0,0,0,0
597417379	ID:2	[HFS] ra=0 si=0 cx=49 ac=0
597423174	ID:2	[LIST] Neighbors: 28,19,27,13,10,3,20,23
597426810	ID:2	[LIST] Quarantine: (none)
597430307	ID:2	[LIST] Blacklist: (none)
597433314	ID:17	[HFS] ra=0 si=0 cx=49 ac=0
597436261	ID:2	FUZZRID,DET,3,768,768,0,0,0,0,0,0,0,0,0,0
597437405	ID:17	[LIST] Neighbors: 21,27,3,31
597441042	ID:17	[LIST] Quarantine: (none)
597444542	ID:17	[LIST] Blacklist: (none)
597450498	ID:17	FUZZRID,DET,3,768,768,0,0,0,0,0,0,4,0,0,0
598937972	ID:10	[PKT-TX] DATA bytes=14  seq=15 
599349593	ID:1	[PKT-RX] DATA bytes=14 from=10 seq=15
599646344	ID:20	[PKT-TX] DATA bytes=14  seq=15 
599801100	ID:1	[PKT-RX] DATA bytes=14 from=20 seq=15
600018627	ID:20	[PKT-RTT] seq=15,rtt_delay_ms=179
600159421	ID:5	 76803 P 0.0 9 312062 19347961 80057 170239 0 142689 26237 1939769 5213 16900 0 14071 (radio 1.27% / 1.12% tx 0.40% / 0.26% listen 0.86% / 0.85%)
600269629	ID:12	 76803 P 0.0 9 361116 19297341 73161 169996 0 141591 30770 1935080 3774 16836 0 15255 (radio 1.23% / 1.04% tx 0.37% / 0.19% listen 0.86% / 0.85%)
600300764	ID:4	 76803 P 0.0 9 303714 19356598 57454 163830 0 143461 23111 1942928 1360 16810 0 15643 (radio 1.12% / 0.92% tx 0.29% / 0.06% listen 0.83% / 0.85%)
600359624	ID:3	 76803 P 0.0 9 468771 19190910 130295 191607 0 144201 44833 1921094 13562 16969 0 14205 (radio 1.63% / 1.55% tx 0.66% / 0.68% listen 0.97% / 0.86%)
600417653	ID:21	 76803 P 0.0 9 337608 19320635 51575 180391 0 152042 34933 1930876 5161 21040 0 16448 (radio 1.17% / 1.33% tx 0.26% / 0.26% listen 0.91% / 1.07%)
600462010	ID:16	 76803 P 0.0 9 365371 19294939 96494 169123 0 134516 30351 1935678 5122 15474 0 12598 (radio 1.35% / 1.04% tx 0.49% / 0.26% listen 0.86% / 0.78%)
600513984	ID:9	 76803 P 0.0 9 554892 19105568 146028 237945 0 175037 41545 1924503 6564 22922 0 18951 (radio 1.95% / 1.49% tx 0.74% / 0.33% listen 1.21% / 1.16%)
600596714	ID:1	 76805 P 0.0 9 1088416 18571443 415531 19244805 0 0 130228 1835721 55376 1910600 0 0 (radio 100.-9831% / 100.-8739% tx 2.11% / 2.81% listen 97.-9524% / 97.-8721%)
600631086	ID:7	 76803 P 0.0 9 756029 18903701 295225 265986 0 131750 86094 1879908 37834 27742 0 12117 (radio 2.-134% / 3.33% tx 1.50% / 1.92% listen 1.35% / 1.41%)
600658078	ID:6	 76803 P 0.0 9 493233 19166951 125545 190012 0 147431 39007 1926951 7044 17099 0 15071 (radio 1.60% / 1.22% tx 0.63% / 0.35% listen 0.96% / 0.86%)
600670230	ID:20	 76803 P 0.0 9 820276 18840091 287489 296914 0 146888 95577 1870490 38864 34159 0 13644 (radio 2.-122% / 3.71% tx 1.46% / 1.97% listen 1.51% / 1.73%)
600701261	ID:22	 76803 P 0.0 9 596813 19063583 178988 240959 0 166803 59632 1906412 17260 23155 0 16070 (radio 2.13% / 2.05% tx 0.91% / 0.87% listen 1.22% / 1.17%)
600709906	ID:2	 76805 P 0.0 9 830082 18829345 169896 304355 0 165218 86472 1880108 18445 34730 0 16161 (radio 2.-178% / 2.70% tx 0.86% / 0.93% listen 1.54% / 1.76%)
600776641	ID:15	 76803 P 0.0 9 629168 19031119 172283 248203 0 168608 90212 1875837 36350 32000 0 16048 (radio 2.13% / 3.47% tx 0.87% / 1.84% listen 1.26% / 1.62%)
600860877	ID:26	[ATK-FAKE-RANK]  true_rank=1274 fake_rank=1364 t=11720s
600892573	ID:19	 76803 P 0.0 9 373023 19287503 37053 192026 0 169297 28794 1937265 611 19786 0 18095 (radio 1.16% / 1.03% tx 0.18% / 0.03% listen 0.97% / 1.00%)
600939183	ID:13	 76803 P 0.0 9 518744 19141058 151317 209575 0 153350 34188 1931731 5796 18592 0 15652 (radio 1.83% / 1.24% tx 0.76% / 0.29% listen 1.06% / 0.94%)
600939516	ID:3	[PKT-TX] DATA bytes=13  seq=16 
600955503	ID:17	 76803 P 0.0 9 328886 19331409 69360 168551 0 143411 29224 1936811 4140 17632 0 14803 (radio 1.21% / 1.10% tx 0.35% / 0.21% listen 0.85% / 0.89%)
600992656	ID:11	 76803 P 0.0 9 345317 19314618 99350 165013 0 128606 33171 1932840 7870 17745 0 13114 (radio 1.34% / 1.30% tx 0.50% / 0.40% listen 0.83% / 0.90%)
601001633	ID:18	[HFS] ra=74 si=0 cx=49 ac=95
601005869	ID:18	[LIST] Neighbors: 26,22,29,16
601009506	ID:18	[LIST] Quarantine: (none)
601013003	ID:18	[LIST] Blacklist: (none)
601020651	ID:18	FUZZRID,DET,26,1364,1274,90,0,33,100,12,0,3,0,95,100
601027962	ID:1	[PKT-RX] DATA bytes=13 from=3 seq=16
601054012	ID:18	 76806 P 0.0 9 366060 19295421 94673 173039 0 140083 29650 1937344 4878 16599 0 14285 (radio 1.36% / 1.09% tx 0.48% / 0.24% listen 0.88% / 0.84%)
601062587	ID:10	 76803 P 0.0 9 491956 19168477 100298 239219 0 197734 37257 1928791 4035 22475 0 19586 (radio 1.72% / 1.34% tx 0.51% / 0.20% listen 1.21% / 1.14%)
601091499	ID:8	 76803 P 0.0 9 411797 19248612 113129 188161 0 141220 39481 1926534 10255 17502 0 14642 (radio 1.53% / 1.41% tx 0.57% / 0.52% listen 0.95% / 0.89%)
601114079	ID:14	 76803 P 0.0 9 500010 19160511 111867 225505 0 180025 42259 1923783 4990 22761 0 19141 (radio 1.71% / 1.41% tx 0.56% / 0.25% listen 1.14% / 1.15%)
601207094	ID:3	[PKT-RTT] seq=16,rtt_delay_ms=132
601217954	ID:14	[HFS] ra=0 si=0 cx=49 ac=0
601220804	ID:11	[HFS] ra=0 si=0 cx=49 ac=0
601223177	ID:14	[LIST] Neighbors: 20,25,30,24,9,6,15
601224455	ID:11	[LIST] Neighbors: 6,15,12
601226843	ID:14	[LIST] Quarantine: (none)
601228091	ID:11	[LIST] Quarantine: (none)
601230340	ID:14	[LIST] Blacklist: (none)
601231588	ID:11	[LIST] Blacklist: (none)
601236795	ID:14	FUZZRID,DET,15,1423,1423,0,0,0,0,0,0,6,0,0,0
601238043	ID:11	FUZZRID,DET,15,1423,1423,0,0,0,0,0,0,9,0,0,0
601246766	ID:12	[HFS] ra=0 si=0 cx=49 ac=0
601251123	ID:12	[LIST] Neighbors: 9,29,15,11,6
601254760	ID:12	[LIST] Quarantine: (none)
601258256	ID:12	[LIST] Blacklist: (none)
601259693	ID:6	[HFS] ra=0 si=0 cx=49 ac=0
601264636	ID:6	[LIST] Neighbors: 14,30,9,15,12,11
601264717	ID:12	FUZZRID,DET,15,1423,1423,0,0,0,0,0,0,9,0,0,0
601268273	ID:6	[LIST] Quarantine: (none)
601271770	ID:6	[LIST] Blacklist: (none)
601278379	ID:6	FUZZRID,DET,15,1423,1423,0,0,0,0,0,0,10,0,0,0
601963969	ID:19	[PKT-TX] DATA bytes=14  seq=16 
601980921	ID:1	[PKT-RX] DATA bytes=14 from=19 seq=16
602116815	ID:22	[PKT-TX] DATA bytes=14  seq=16 
602190281	ID:1	[PKT-RX] DATA bytes=14 from=22 seq=16
602424537	ID:22	[PKT-RTT] seq=16,rtt_delay_ms=148
602561204	ID:8	[PKT-TX] DATA bytes=13  seq=16 
602734456	ID:1	[PKT-RX] DATA bytes=13 from=8 seq=16
603159979	ID:15	[PKT-TX] DATA bytes=14  seq=16 
603261610	ID:5	[PKT-TX] DATA bytes=13  seq=16 
603301986	ID:1	[PKT-RX] DATA bytes=14 from=15 seq=16
603371922	ID:12	[PKT-TX] DATA bytes=14  seq=16 
603942543	ID:2	[PKT-TX] DATA bytes=13  seq=16 
603958972	ID:1	[PKT-RX] DATA bytes=13 from=2 seq=16
603976391	ID:1	[PKT-RX] DATA bytes=13 from=5 seq=16
604127727	ID:18	[PKT-TX] DATA bytes=14  seq=16 
604248146	ID:12	[HFS] ra=0 si=0 cx=49 ac=0
604252503	ID:12	[LIST] Neighbors: 9,29,15,11,6
604256140	ID:12	[LIST] Quarantine: (none)
604259636	ID:12	[LIST] Blacklist: (none)
604266116	ID:12	FUZZRID,DET,15,1423,1423,0,0,0,0,0,0,6,0,0,0
604383997	ID:5	[PKT-RTT] seq=16,rtt_delay_ms=554
605067316	ID:1	[PKT-RX] DATA bytes=14 from=18 seq=16
605249429	ID:15	[PKT-RTT] seq=16,rtt_delay_ms=1039
606749292	ID:18	[PKT-RTT] seq=16,rtt_delay_ms=1304
606926870	ID:1	[PKT-RX] DATA bytes=14 from=12 seq=16
607063451	ID:16	[HFS] ra=0 si=0 cx=49 ac=0
607067688	ID:16	[LIST] Neighbors: 31,26,22,18
607071324	ID:16	[LIST] Quarantine: (none)
607074842	ID:16	[LIST] Blacklist: (none)
607081293	ID:16	FUZZRID,DET,18,1605,1605,0,0,0,0,0,0,0,0,0,0
608093210	ID:11	[HFS] ra=0 si=0 cx=49 ac=0
608094198	ID:14	[HFS] ra=0 si=0 cx=49 ac=0
608096894	ID:11	[LIST] Neighbors: 6,15,12
608099421	ID:14	[LIST] Neighbors: 20,25,30,24,9,6,15
608100531	ID:11	[LIST] Quarantine: (none)
608103058	ID:14	[LIST] Quarantine: (none)
608104030	ID:11	[LIST] Blacklist: (none)
608106555	ID:14	[LIST] Blacklist: (none)
608110347	ID:11	FUZZRID,DET,6,1730,1730,0,0,0,0,0,0,8,0,0,0
608112899	ID:14	FUZZRID,DET,6,1730,1730,0,0,0,0,0,0,0,0,0,0
608115371	ID:9	[HFS] ra=0 si=0 cx=49 ac=0
608120740	ID:9	[LIST] Neighbors: 14,24,6,12,29,15,22
608124088	ID:12	[HFS] ra=0 si=0 cx=49 ac=0
608124377	ID:9	[LIST] Quarantine: (none)
608127874	ID:9	[LIST] Blacklist: (none)
608128444	ID:12	[LIST] Neighbors: 9,29,15,11,6
608128885	ID:15	[HFS] ra=0 si=0 cx=49 ac=0
608132081	ID:12	[LIST] Quarantine: (none)
608134190	ID:9	FUZZRID,DET,6,1730,1730,0,0,0,0,0,0,6,0,0,0
608134521	ID:15	[LIST] Neighbors: 9,14,29,24,12,11,6,30
608135578	ID:12	[LIST] Blacklist: (none)
608138158	ID:15	[LIST] Quarantine: (none)
608141655	ID:15	[LIST] Blacklist: (none)
608141894	ID:12	FUZZRID,DET,6,1730,1730,0,0,0,0,0,0,0,0,0,0
608147971	ID:15	FUZZRID,DET,6,1730,1730,0,0,0,0,0,0,1,0,0,0
610101672	ID:9	[PKT-TX] DATA bytes=13  seq=16 
610303514	ID:1	[PKT-RX] DATA bytes=13 from=9 seq=16
613291797	ID:2	[HFS] ra=0 si=0 cx=49 ac=0
613297592	ID:2	[LIST] Neighbors: 28,19,27,13,10,3,20,23
613301229	ID:2	[LIST] Quarantine: (none)
613304726	ID:2	[LIST] Blacklist: (none)
613310844	ID:2	FUZZRID,DET,13,813,813,0,0,0,0,0,0,3,0,0,0
614501477	ID:11	[PKT-TX] DATA bytes=14  seq=16 
615053511	ID:1	[PKT-RX] DATA bytes=14 from=11 seq=16
615466464	ID:11	[PKT-RTT] seq=16,rtt_delay_ms=476
616965173	ID:14	[HFS] ra=0 si=0 cx=49 ac=0
616967954	ID:11	[HFS] ra=0 si=0 cx=49 ac=0
616970396	ID:14	[LIST] Neighbors: 20,25,30,24,9,6,15
616971604	ID:11	[LIST] Neighbors: 6,15,12
616974033	ID:14	[LIST] Quarantine: (none)
616975241	ID:11	[LIST] Quarantine: (none)
616977542	ID:14	[LIST] Blacklist: (none)
616978738	ID:11	[LIST] Blacklist: (none)
616983996	ID:14	FUZZRID,DET,15,1463,1463,0,0,0,0,0,0,6,0,0,0
616985205	ID:11	FUZZRID,DET,15,1463,1463,0,0,0,0,0,0,9,0,0,0
616990259	ID:9	[HFS] ra=0 si=0 cx=49 ac=0
616995628	ID:9	[LIST] Neighbors: 14,24,6,12,29,15,22
616998287	ID:12	[HFS] ra=0 si=0 cx=49 ac=0
616999265	ID:9	[LIST] Quarantine: (none)
617002643	ID:12	[LIST] Neighbors: 9,29,15,11,6
617002764	ID:9	[LIST] Blacklist: (none)
617006280	ID:12	[LIST] Quarantine: (none)
617009218	ID:9	FUZZRID,DET,15,1463,1463,0,0,0,0,0,0,5,0,0,0
617009777	ID:12	[LIST] Blacklist: (none)
617011134	ID:6	[HFS] ra=0 si=0 cx=49 ac=0
617016078	ID:6	[LIST] Neighbors: 14,30,9,15,12,11
617016256	ID:12	FUZZRID,DET,15,1463,1463,0,0,0,0,0,0,6,0,0,0
617019723	ID:6	[LIST] Quarantine: (none)
617023220	ID:6	[LIST] Blacklist: (none)
617029813	ID:6	FUZZRID,DET,15,1463,1463,0,0,0,0,0,0,10,0,0,0
617299437	ID:23	[ATK-FAKE-RANK]  true_rank=768 fake_rank=1078 t=11720s
617424690	ID:13	[PKT-TX] DATA bytes=14  seq=16 
617879599	ID:1	[PKT-RX] DATA bytes=14 from=13 seq=16
617889980	ID:20	[PKT-TX] DATA bytes=14  seq=16 
617926233	ID:1	[PKT-RX] DATA bytes=14 from=20 seq=16
618143429	ID:20	[PKT-RTT] seq=16,rtt_delay_ms=125
618615457	ID:14	[PKT-TX] DATA bytes=14  seq=16 
618699631	ID:1	[PKT-RX] DATA bytes=14 from=14 seq=16
619873085	ID:7	[PKT-TX] DATA bytes=13  seq=16 
619982180	ID:1	[PKT-RX] DATA bytes=13 from=7 seq=16
621586409	ID:10	[PKT-TX] DATA bytes=14  seq=16 
621687912	ID:1	[PKT-RX] DATA bytes=14 from=10 seq=16
623066848	ID:21	[PKT-TX] DATA bytes=14  seq=16 
623083793	ID:1	[PKT-RX] DATA bytes=14 from=21 seq=16
623604622	ID:17	[PKT-TX] DATA bytes=14  seq=16 
623655374	ID:1	[PKT-RX] DATA bytes=14 from=17 seq=16
623740873	ID:9	[HFS] ra=0 si=0 cx=49 ac=0
623746242	ID:9	[LIST] Neighbors: 14,24,6,12,29,15,22
623749879	ID:9	[LIST] Quarantine: (none)
623753376	ID:9	[LIST] Blacklist: (none)
623754277	ID:30	[ATK-FAKE-RANK]  true_rank=1313 fake_rank=1626 t=11720s
623759839	ID:9	FUZZRID,DET,22,1213,1213,0,0,0,0,0,0,4,0,0,0
623819093	ID:8	[HFS] ra=74 si=49 cx=49 ac=82
623823024	ID:8	[LIST] Neighbors: 7,25,5,30
623826661	ID:8	[LIST] Quarantine: (none)
623830158	ID:8	[LIST] Blacklist: (none)
623837984	ID:8	FUZZRID,DET,30,1626,1313,313,0,100,100,30,0,0,0,82,75
623840907	ID:14	[HFS] ra=74 si=49 cx=49 ac=82
623846130	ID:14	[LIST] Neighbors: 20,25,30,24,9,6,15
623849767	ID:14	[LIST] Quarantine: (none)
623853264	ID:14	[LIST] Blacklist: (none)
623861129	ID:14	FUZZRID,DET,30,1626,1313,313,0,100,100,30,0,0,0,82,75
623880491	ID:15	[HFS] ra=74 si=49 cx=49 ac=82
623883118	ID:6	[HFS] ra=74 si=49 cx=49 ac=82
623886128	ID:15	[LIST] Neighbors: 9,14,29,24,12,11,6,30
623888096	ID:6	[LIST] Neighbors: 14,30,9,15,12,11
623889765	ID:15	[LIST] Quarantine: (none)
623891732	ID:6	[LIST] Quarantine: (none)
623893261	ID:15	[LIST] Blacklist: (none)
623895229	ID:6	[LIST] Blacklist: (none)
623900948	ID:15	FUZZRID,DET,30,1626,1313,313,0,100,100,6,0,1,0,82,75
623903055	ID:6	FUZZRID,DET,30,1626,1313,313,0,100,100,29,0,1,0,82,75
624093061	ID:11	[HFS] ra=0 si=0 cx=49 ac=0
624096712	ID:11	[LIST] Neighbors: 6,15,12
624100349	ID:11	[LIST] Quarantine: (none)
624103846	ID:11	[LIST] Blacklist: (none)
624110160	ID:11	FUZZRID,DET,6,1764,1764,0,0,0,0,0,0,8,0,0,0
624535245	ID:6	[PKT-TX] DATA bytes=13  seq=16 
624801661	ID:1	[PKT-RX] DATA bytes=13 from=6 seq=16
625256515	ID:6	[PKT-RTT] seq=16,rtt_delay_ms=359
625463364	ID:3	[HFS] ra=0 si=0 cx=49 ac=0
625468294	ID:3	[LIST] Neighbors: 2,23,17,31,27,21
625471931	ID:3	[LIST] Quarantine: (none)
625475428	ID:3	[LIST] Blacklist: (none)
625481519	ID:3	FUZZRID,DET,17,800,800,0,0,0,0,0,0,4,0,0,0
625587744	ID:16	[PKT-TX] DATA bytes=14  seq=16 
625690143	ID:1	[PKT-RX] DATA bytes=14 from=16 seq=16
625936704	ID:16	[PKT-RTT] seq=16,rtt_delay_ms=171
627410788	ID:4	[PKT-TX] DATA bytes=13  seq=16 
627427664	ID:1	[PKT-RX] DATA bytes=13 from=4 seq=16
629526028	ID:31	[ATK-FAKE-RANK]  true_rank=872 fake_rank=949 t=11720s
630243664	ID:23	[ATK-FAKE-RANK]  true_rank=768 fake_rank=1098 t=11720s
630270766	ID:20	[HFS] ra=74 si=49 cx=49 ac=82
630276132	ID:20	[LIST] Neighbors: 2,10,25,14,28,23,24
630279769	ID:20	[LIST] Quarantine: (none)
630283266	ID:20	[LIST] Blacklist: (none)
630290913	ID:20	FUZZRID,DET,23,1098,768,330,0,100,100,20,0,0,0,82,55
630292180	ID:10	[HFS] ra=74 si=49 cx=49 ac=82
630293006	ID:2	[HFS] ra=74 si=49 cx=49 ac=82
630297816	ID:10	[LIST] Neighbors: 2,28,13,7,25,20,23,19
630298802	ID:2	[LIST] Neighbors: 28,19,27,13,10,3,20,23
630301469	ID:10	[LIST] Quarantine: (none)
630302467	ID:2	[LIST] Quarantine: (none)
630304965	ID:10	[LIST] Blacklist: (none)
630305964	ID:2	[LIST] Blacklist: (none)
630312611	ID:10	FUZZRID,DET,23,1098,768,330,0,100,100,10,0,0,0,82,55
630313643	ID:2	FUZZRID,DET,23,1098,768,330,0,100,100,18,0,6,0,82,55
630338319	ID:3	[HFS] ra=74 si=49 cx=49 ac=82
630343249	ID:3	[LIST] Neighbors: 2,23,17,31,27,21
630346886	ID:3	[LIST] Quarantine: (none)
630350383	ID:3	[LIST] Blacklist: (none)
630357890	ID:3	FUZZRID,DET,23,1098,768,330,0,100,100,9,0,3,0,82,55
630608395	ID:27	[ATK-FAKE-RANK]  true_rank=512 fake_rank=632 t=11720s
631118705	ID:19	[HFS] ra=74 si=0 cx=49 ac=95
631123501	ID:19	[LIST] Neighbors: 2,28,27,4,13,10
631127138	ID:19	[LIST] Quarantine: (none)
631130635	ID:19	[LIST] Blacklist: (none)
631137997	ID:19	FUZZRID,DET,27,632,512,120,0,46,100,5,0,0,0,95,100
631502801	ID:13	[PKT-TX] DATA bytes=14  seq=17 
631517431	ID:16	[PKT-TX] DATA bytes=14  seq=17 
631680776	ID:28	[ATK-FAKE-RANK]  true_rank=512 fake_rank=632 t=11720s
631897041	ID:20	[HFS] ra=74 si=0 cx=49 ac=95
631902396	ID:20	[LIST] Neighbors: 2,10,25,14,28,23,24
631906033	ID:20	[LIST] Quarantine: (none)
631909530	ID:20	[LIST] Blacklist: (none)
631917029	ID:20	FUZZRID,DET,28,632,512,120,0,46,100,15,0,0,0,95,100
632004498	ID:1	[PKT-RX] DATA bytes=14 from=13 seq=17
632262659	ID:1	[PKT-RX] DATA bytes=14 from=16 seq=17
632346791	ID:19	[PKT-TX] DATA bytes=14  seq=17 
632384768	ID:6	[HFS] ra=0 si=0 cx=49 ac=0
632389711	ID:6	[LIST] Neighbors: 14,30,9,15,12,11
632393348	ID:6	[LIST] Quarantine: (none)
632396845	ID:6	[LIST] Blacklist: (none)
632403299	ID:6	FUZZRID,DET,11,1767,1767,0,0,0,0,0,0,3,0,0,0
632435804	ID:16	[PKT-RTT] seq=17,rtt_delay_ms=453
632528254	ID:1	[PKT-RX] DATA bytes=14 from=19 seq=17
632660549	ID:5	[PKT-TX] DATA bytes=13  seq=17 
632857254	ID:1	[PKT-RX] DATA bytes=13 from=5 seq=17
633132741	ID:5	[PKT-RTT] seq=17,rtt_delay_ms=234
633901611	ID:6	[PKT-TX] DATA bytes=13  seq=17 
634620791	ID:1	[HFS] ra=0 si=0 cx=49 ac=0
634625854	ID:1	[LIST] Neighbors: 2,21,28,4,19,27,3
634629500	ID:1	[LIST] Quarantine: (none)
634632997	ID:1	[LIST] Blacklist: (none)
634638985	ID:1	FUZZRID,DET,3,768,768,0,0,0,0,0,0,0,0,0,0
634690843	ID:8	[HFS] ra=0 si=0 cx=49 ac=0
634694779	ID:8	[LIST] Neighbors: 7,25,5,30
634698416	ID:8	[LIST] Quarantine: (none)
634701913	ID:8	[LIST] Blacklist: (none)
634708229	ID:8	FUZZRID,DET,5,1106,1106,0,0,0,0,0,0,0,0,0,0
634802912	ID:1	[PKT-RX] DATA bytes=13 from=6 seq=17
634955036	ID:11	[PKT-TX] DATA bytes=14  seq=17 
636395834	ID:24	[ATK-FAKE-RANK]  true_rank=1186 fake_rank=1256 t=11720s
640717868	ID:11	[HFS] ra=0 si=0 cx=49 ac=0
640721518	ID:11	[LIST] Neighbors: 6,15,12
640725155	ID:11	[LIST] Quarantine: (none)
640728652	ID:11	[LIST] Blacklist: (none)
640735108	ID:11	FUZZRID,DET,15,1568,1568,0,0,0,0,0,0,8,0,0,0
640748127	ID:12	[HFS] ra=0 si=0 cx=49 ac=0
640752484	ID:12	[LIST] Neighbors: 9,29,15,11,6
640756120	ID:12	[LIST] Quarantine: (none)
640759617	ID:12	[LIST] Blacklist: (none)
640766073	ID:12	FUZZRID,DET,15,1568,1568,0,0,0,0,0,0,5,0,0,0
641271293	ID:21	[HFS] ra=0 si=0 cx=49 ac=0
641275223	ID:21	[LIST] Neighbors: 4,27,3,17
641278860	ID:21	[LIST] Quarantine: (none)
641282357	ID:21	[LIST] Blacklist: (none)
641288311	ID:21	FUZZRID,DET,4,512,512,0,0,0,0,0,0,0,0,0,0
641358577	ID:1	[PKT-RX] DATA bytes=14 from=11 seq=17
643652983	ID:4	[PKT-TX] DATA bytes=13  seq=17 
643690331	ID:1	[PKT-RX] DATA bytes=13 from=4 seq=17
643770028	ID:21	[PKT-TX] DATA bytes=14  seq=17 
643902738	ID:1	[PKT-RX] DATA bytes=14 from=21 seq=17
644374628	ID:22	[PKT-TX] DATA bytes=14  seq=17 
644985994	ID:25	[ATK-FAKE-RANK]  true_rank=1032 fake_rank=1296 t=11720s
645413780	ID:10	[HFS] ra=74 si=49 cx=49 ac=82
645417758	ID:13	[HFS] ra=74 si=49 cx=49 ac=82
645419416	ID:10	[LIST] Neighbors: 2,28,13,7,25,20,23,19
645422541	ID:13	[LIST] Neighbors: 2,28,19,10,7,25
645423053	ID:10	[LIST] Quarantine: (none)
645426178	ID:13	[LIST] Quarantine: (none)
645426549	ID:10	[LIST] Blacklist: (none)
645429675	ID:13	[LIST] Blacklist: (none)
645434197	ID:10	FUZZRID,DET,25,1296,1032,264,0,97,100,14,0,3,0,82,75
645437322	ID:13	FUZZRID,DET,25,1296,1032,264,0,95,100,13,0,4,0,82,75
645442064	ID:1	[PKT-RX] DATA bytes=14 from=22 seq=17
645442547	ID:8	[HFS] ra=74 si=49 cx=49 ac=82
645446478	ID:8	[LIST] Neighbors: 7,25,5,30
645450115	ID:8	[LIST] Quarantine: (none)
645453612	ID:8	[LIST] Blacklist: (none)
645461121	ID:8	FUZZRID,DET,25,1296,1032,264,0,97,100,9,0,3,0,82,75
645468001	ID:14	[HFS] ra=74 si=49 cx=49 ac=82
645473225	ID:14	[LIST] Neighbors: 20,25,30,24,9,6,15
645476862	ID:14	[LIST] Quarantine: (none)
645480359	ID:14	[LIST] Blacklist: (none)
645481757	ID:7	[HFS] ra=74 si=49 cx=49 ac=82
645486554	ID:7	[LIST] Neighbors: 28,13,10,25,5,8
645488028	ID:14	FUZZRID,DET,25,1296,1032,264,0,97,100,10,0,3,0,82,75
645490191	ID:7	[LIST] Quarantine: (none)
645493687	ID:7	[LIST] Blacklist: (none)
645501512	ID:7	FUZZRID,DET,25,1296,1032,264,0,100,100,14,0,0,0,82,75
645511031	ID:5	[HFS] ra=74 si=49 cx=49 ac=82
645514536	ID:5	[LIST] Neighbors: 7,8,25
645518173	ID:5	[LIST] Quarantine: (none)
645520135	ID:20	[HFS] ra=74 si=49 cx=49 ac=82
645521669	ID:5	[LIST] Blacklist: (none)
645525491	ID:20	[LIST] Neighbors: 2,10,25,14,28,23,24
645529128	ID:20	[LIST] Quarantine: (none)
645529317	ID:5	FUZZRID,DET,25,1296,1032,264,0,97,100,14,0,3,0,82,75
645532651	ID:20	[LIST] Blacklist: (none)
645540321	ID:20	FUZZRID,DET,25,1296,1032,264,0,97,100,14,0,3,0,82,75
646175030	ID:22	[PKT-RTT] seq=17,rtt_delay_ms=898
648440223	ID:16	[HFS] ra=0 si=0 cx=49 ac=0
648444460	ID:16	[LIST] Neighbors: 31,26,22,18
648448097	ID:16	[LIST] Quarantine: (none)
648451594	ID:16	[LIST] Blacklist: (none)
648458080	ID:16	FUZZRID,DET,18,1523,1523,0,0,0,0,0,0,3,0,0,0
648466807	ID:11	[PKT-RTT] seq=17,rtt_delay_ms=6750
649676618	ID:22	[HFS] ra=0 si=0 cx=49 ac=0
649681988	ID:22	[LIST] Neighbors: 24,16,9,29,31,26,18
649685625	ID:22	[LIST] Quarantine: (none)
649689122	ID:22	[LIST] Blacklist: (none)
649695599	ID:22	FUZZRID,DET,16,1342,1342,0,0,0,0,0,0,3,0,0,0
649831066	ID:3	[PKT-TX] DATA bytes=13  seq=17 
649904954	ID:1	[PKT-RX] DATA bytes=13 from=3 seq=17
650289534	ID:10	[PKT-TX] DATA bytes=14  seq=17 
650341130	ID:14	[PKT-TX] DATA bytes=14  seq=17 
650459030	ID:7	[PKT-TX] DATA bytes=13  seq=17 
650609138	ID:1	[PKT-RX] DATA bytes=13 from=7 seq=17
650681273	ID:25	[ATK-FAKE-RANK]  true_rank=1032 fake_rank=1316 t=11720s
650698895	ID:1	[PKT-RX] DATA bytes=14 from=10 seq=17
650715720	ID:14	[HFS] ra=74 si=49 cx=49 ac=82
650720945	ID:14	[LIST] Neighbors: 20,25,30,24,9,6,15
650724582	ID:14	[LIST] Quarantine: (none)
650728101	ID:14	[LIST] Blacklist: (none)
650733534	ID:7	[HFS] ra=74 si=49 cx=49 ac=82
650735821	ID:14	FUZZRID,DET,25,1316,1032,284,0,100,100,5,0,0,0,82,75
650738331	ID:7	[LIST] Neighbors: 28,13,10,25,5,8
650741989	ID:7	[LIST] Quarantine: (none)
650745486	ID:7	[LIST] Blacklist: (none)
650753211	ID:7	FUZZRID,DET,25,1316,1032,284,0,100,100,5,0,0,0,82,75
650763030	ID:5	[HFS] ra=74 si=49 cx=49 ac=82
650766535	ID:5	[LIST] Neighbors: 7,8,25
650770171	ID:5	[LIST] Quarantine: (none)
650771971	ID:20	[HFS] ra=74 si=49 cx=49 ac=82
650773668	ID:5	[LIST] Blacklist: (none)
650777327	ID:20	[LIST] Neighbors: 2,10,25,14,28,23,24
650780967	ID:20	[LIST] Quarantine: (none)
650781355	ID:5	FUZZRID,DET,25,1316,1032,284,0,100,100,5,0,0,0,82,75
650784464	ID:20	[LIST] Blacklist: (none)
650789218	ID:10	[HFS] ra=74 si=49 cx=49 ac=82
650792150	ID:20	FUZZRID,DET,25,1316,1032,284,0,100,100,5,0,0,0,82,75
650793784	ID:13	[HFS] ra=74 si=49 cx=49 ac=82
650794854	ID:10	[LIST] Neighbors: 2,28,13,7,25,20,23,19
650798491	ID:10	[LIST] Quarantine: (none)
650798568	ID:13	[LIST] Neighbors: 2,28,19,10,7,25
650801988	ID:10	[LIST] Blacklist: (none)
650802205	ID:13	[LIST] Quarantine: (none)
650805702	ID:13	[LIST] Blacklist: (none)
650809675	ID:10	FUZZRID,DET,25,1316,1032,284,0,100,100,4,0,3,0,82,75
650813422	ID:13	FUZZRID,DET,25,1316,1032,284,0,100,100,5,0,0,0,82,75
650818435	ID:8	[HFS] ra=74 si=49 cx=49 ac=82
650822367	ID:8	[LIST] Neighbors: 7,25,5,30
650826004	ID:8	[LIST] Quarantine: (none)
650829501	ID:8	[LIST] Blacklist: (none)
650837220	ID:8	FUZZRID,DET,25,1316,1032,284,0,100,100,4,0,3,0,82,75
650981818	ID:30	[ATK-FAKE-RANK]  true_rank=1310 fake_rank=1646 t=11720s
651542477	ID:29	[ATK-FAKE-RANK]  true_rank=1835 fake_rank=1851 t=11720s
651751418	ID:18	[HFS] ra=74 si=0 cx=49 ac=95
651755655	ID:18	[LIST] Neighbors: 26,22,29,16
651759292	ID:18	[LIST] Quarantine: (none)
651762789	ID:18	[LIST] Blacklist: (none)
651770437	ID:18	FUZZRID,DET,29,1851,1835,16,0,4,100,22,0,15,0,95,100
651803176	ID:22	[HFS] ra=74 si=0 cx=49 ac=95
651808546	ID:22	[LIST] Neighbors: 24,16,9,29,31,26,18
651812183	ID:22	[LIST] Quarantine: (none)
651815680	ID:22	[LIST] Blacklist: (none)
651823328	ID:22	FUZZRID,DET,29,1851,1835,16,0,4,100,26,0,17,0,95,100
652903173	ID:12	[PKT-TX] DATA bytes=14  seq=17 
652926262	ID:1	[PKT-RX] DATA bytes=14 from=14 seq=17
653615018	ID:8	[PKT-TX] DATA bytes=13  seq=17 
654232759	ID:1	[PKT-RX] DATA bytes=13 from=8 seq=17
654636541	ID:15	[PKT-TX] DATA bytes=14  seq=17 
654801056	ID:1	[PKT-RX] DATA bytes=14 from=12 seq=17
655583925	ID:20	[PKT-TX] DATA bytes=14  seq=17 
655926185	ID:1	[PKT-RX] DATA bytes=14 from=20 seq=17
655940770	ID:16	[HFS] ra=0 si=0 cx=49 ac=0
655945007	ID:16	[LIST] Neighbors: 31,26,22,18
655948644	ID:16	[LIST] Quarantine: (none)
655952141	ID:16	[LIST] Blacklist: (none)
655958597	ID:16	FUZZRID,DET,18,1548,1548,0,0,0,0,0,0,4,0,0,0
656646667	ID:20	[PKT-RTT] seq=17,rtt_delay_ms=531
657803440	ID:9	[PKT-TX] DATA bytes=13  seq=17 
658050466	ID:17	[PKT-TX] DATA bytes=14  seq=17 
658082041	ID:2	[PKT-TX] DATA bytes=13  seq=17 
658121114	ID:18	[PKT-TX] DATA bytes=14  seq=17 
658341207	ID:1	[PKT-RX] DATA bytes=13 from=2 seq=17
658518541	ID:25	[ATK-FAKE-RANK]  true_rank=1100 fake_rank=1336 t=11720s
659011712	ID:5	[HFS] ra=74 si=49 cx=49 ac=82
659015228	ID:5	[LIST] Neighbors: 7,8,25
659018865	ID:5	[LIST] Quarantine: (none)
659022362	ID:5	[LIST] Blacklist: (none)
659030011	ID:5	FUZZRID,DET,25,1336,1100,236,0,92,100,12,0,0,0,82,75
659280312	ID:1	[PKT-RX] DATA bytes=14 from=17 seq=17
659622013	ID:12	[HFS] ra=0 si=0 cx=49 ac=0
659626369	ID:12	[LIST] Neighbors: 9,29,15,11,6
659630006	ID:12	[LIST] Quarantine: (none)
659633503	ID:12	[LIST] Blacklist: (none)
659639852	ID:12	FUZZRID,DET,9,1423,1423,0,0,0,0,0,0,7,0,0,0
659802578	ID:1	[PKT-RX] DATA bytes=13 from=9 seq=17
659942480	ID:1	[PKT-RX] DATA bytes=14 from=18 seq=17
660160211	ID:5	 84483 P 0.0 10 369911 21256142 103706 202174 0 163125 57848 1908181 23649 31935 0 20436 (radio 1.41% / 2.82% tx 0.47% / 1.20% listen 0.93% / 1.62%)
660270256	ID:12	 84483 P 0.0 10 408477 21215839 85279 200288 0 165368 47360 1918498 12118 30292 0 23777 (radio 1.32% / 2.15% tx 0.39% / 0.61% listen 0.92% / 1.54%)
660301307	ID:4	 84483 P 0.0 10 350537 21275805 75197 193149 0 165496 46822 1919207 17743 29319 0 22035 (radio 1.24% / 2.39% tx 0.34% / 0.90% listen 0.89% / 1.49%)
660359836	ID:3	 84483 P 0.0 10 542866 21082761 162016 227140 0 167572 74094 1891851 31721 35533 0 23371 (radio 1.79% / 3.42% tx 0.74% / 1.61% listen 1.05% / 1.80%)
660365718	ID:9	[HFS] ra=0 si=0 cx=49 ac=0
660371087	ID:9	[LIST] Neighbors: 14,24,6,12,29,15,22
660373630	ID:12	[HFS] ra=0 si=0 cx=49 ac=0
660374724	ID:9	[LIST] Quarantine: (none)
660377987	ID:12	[LIST] Neighbors: 9,29,15,11,6
660378221	ID:9	[LIST] Blacklist: (none)
660381624	ID:12	[LIST] Quarantine: (none)
660384844	ID:9	FUZZRID,DET,15,1561,1561,0,0,0,0,0,0,10,0,0,0
660385120	ID:12	[LIST] Blacklist: (none)
660386735	ID:6	[HFS] ra=0 si=0 cx=49 ac=0
660391576	ID:12	FUZZRID,DET,15,1561,1561,0,0,0,0,0,0,9,0,0,0
660391678	ID:6	[LIST] Neighbors: 14,30,9,15,12,11
660395315	ID:6	[LIST] Quarantine: (none)
660398812	ID:6	[LIST] Blacklist: (none)
660405441	ID:6	FUZZRID,DET,15,1561,1561,0,0,0,0,0,0,14,0,0,0
660418145	ID:21	 84483 P 0.0 10 420970 21203248 87721 220786 0 173105 83361 1882613 36146 40395 0 21063 (radio 1.42% / 3.89% tx 0.40% / 1.83% listen 1.02% / 2.05%)
660462850	ID:16	 84483 P 0.0 10 455030 21171294 140176 207300 0 152172 89658 1876355 43682 38177 0 17656 (radio 1.60% / 4.16% tx 0.64% / 2.22% listen 0.95% / 1.94%)
660468632	ID:14	[HFS] ra=0 si=0 cx=49 ac=0
660473856	ID:14	[LIST] Neighbors: 20,25,30,24,9,6,15
660477492	ID:14	[LIST] Quarantine: (none)
660480989	ID:14	[LIST] Blacklist: (none)
660487615	ID:14	FUZZRID,DET,15,1561,1561,0,0,0,0,0,0,10,0,0,0
660520945	ID:9	 84483 P 0.0 10 651868 20974830 186681 285860 0 205154 96975 1869262 40653 47915 0 30117 (radio 2.-181% / 4.50% tx 0.86% / 2.06% listen 1.32% / 2.43%)
660597368	ID:1	 84485 P 0.0 10 1277455 20348318 512956 21113357 0 0 189037 1776875 97425 1868550 0 0 (radio 100.-9930% / 100.-8739% tx 2.-162% / 4.95% listen 97.-9669% / 95.-8735%)
660624998	ID:18	[PKT-RTT] seq=17,rtt_delay_ms=1250
660631621	ID:7	 84483 P 0.0 10 875884 20749792 352941 314457 0 152365 119854 1846091 57716 48471 0 20615 (radio 3.-190% / 5.40% tx 1.63% / 2.93% listen 1.45% / 2.46%)
660658630	ID:6	 84483 P 0.0 10 554531 21071566 144241 220930 0 170818 61297 1904615 18696 30918 0 23387 (radio 1.68% / 2.52% tx 0.66% / 0.95% listen 1.02% / 1.57%)
660671473	ID:20	 84483 P 0.0 10 1047443 20578934 402644 379180 0 171427 227166 1738843 115155 82266 0 24539 (radio 3.-138% / 10.04% tx 1.86% / 5.85% listen 1.75% / 4.18%)
660698535	ID:2	 84483 P 0.0 10 1015821 20609155 249322 380306 0 194159 185738 1779810 79426 75951 0 28941 (radio 2.-108% / 7.90% tx 1.15% / 4.04% listen 1.75% / 3.86%)
660701838	ID:22	 84483 P 0.0 10 676771 20949643 207927 284992 0 195518 79956 1886060 28939 44033 0 28715 (radio 2.-171% / 3.71% tx 0.96% / 1.47% listen 1.31% / 2.23%)
660753383	ID:29	[ATK-FAKE-RANK]  true_rank=1832 fake_rank=1871 t=11720s
660777766	ID:15	 84483 P 0.0 10 825604 20800672 276136 316732 0 193695 196435 1769553 103853 68529 0 25087 (radio 2.-125% / 8.76% tx 1.27% / 5.28% listen 1.46% / 3.48%)
660866111	ID:9	[HFS] ra=72 si=0 cx=49 ac=94
660871506	ID:9	[LIST] Neighbors: 14,24,6,12,29,15,22
660873491	ID:12	[HFS] ra=74 si=0 cx=49 ac=95
660875143	ID:9	[LIST] Quarantine: (none)
660877611	ID:18	[HFS] ra=74 si=0 cx=49 ac=95
660877848	ID:12	[LIST] Neighbors: 9,29,15,11,6
660878092	ID:15	[HFS] ra=73 si=0 cx=49 ac=94
660878640	ID:9	[LIST] Blacklist: (none)
660881485	ID:12	[LIST] Quarantine: (none)
660881848	ID:18	[LIST] Neighbors: 26,22,29,16
660883735	ID:15	[LIST] Neighbors: 9,14,29,24,12,11,6,30
660884981	ID:12	[LIST] Blacklist: (none)
660885485	ID:18	[LIST] Quarantine: (none)
660886273	ID:9	FUZZRID,DET,29,1871,1832,39,0,11,70,8,25,19,0,94,100
660887372	ID:15	[LIST] Quarantine: (none)
660888982	ID:18	[LIST] Blacklist: (none)
660890868	ID:15	[LIST] Blacklist: (none)
660892806	ID:12	FUZZRID,DET,29,1871,1832,39,0,11,100,17,0,17,0,95,100
660893417	ID:19	 84483 P 0.0 10 430854 21195600 53880 233352 0 200324 57830 1908097 16827 41326 0 31027 (radio 1.32% / 2.95% tx 0.24% / 0.85% listen 1.07% / 2.10%)
660896631	ID:18	FUZZRID,DET,29,1871,1832,39,0,11,100,4,0,16,0,95,100
660898515	ID:15	FUZZRID,DET,29,1871,1832,39,0,11,79,17,0,16,0,94,100
660940338	ID:13	 84483 P 0.0 10 623781 21001987 201097 255785 0 177244 105036 1860929 49780 46210 0 23894 (radio 2.-188% / 4.88% tx 0.92% / 2.53% listen 1.18% / 2.35%)
660955990	ID:17	 84483 P 0.0 10 366506 21259811 80710 196576 0 165963 37619 1928402 11350 28025 0 22552 (radio 1.28% / 2.00% tx 0.37% / 0.57% listen 0.90% / 1.42%)
660993428	ID:11	 84483 P 0.0 10 411454 21214495 127225 196674 0 146860 66136 1899877 27875 31661 0 18254 (radio 1.49% / 3.02% tx 0.58% / 1.41% listen 0.90% / 1.61%)
661026191	ID:18	 84483 P 0.0 10 467684 21158836 146887 213794 0 160587 101623 1863415 52214 40755 0 20504 (radio 1.66% / 4.73% tx 0.67% / 2.65% listen 0.98% / 2.07%)
661063089	ID:10	 84483 P 0.0 10 545145 21081320 113887 283076 0 235258 53188 1912843 13589 43857 0 37524 (radio 1.83% / 2.92% tx 0.52% / 0.69% listen 1.30% / 2.23%)
661091691	ID:8	 84483 P 0.0 10 475529 21150883 137539 221128 0 161896 63731 1902271 24410 32967 0 20676 (radio 1.65% / 2.91% tx 0.63% / 1.24% listen 1.02% / 1.67%)
661121783	ID:14	 84483 P 0.0 10 623061 21003653 161401 282484 0 210837 123050 1843142 49534 56979 0 30812 (radio 2.-194% / 5.41% tx 0.74% / 2.51% listen 1.30% / 2.89%)
661571784	ID:11	[PKT-TX] DATA bytes=14  seq=18 
661802657	ID:1	[PKT-RX] DATA bytes=14 from=11 seq=18
661974872	ID:7	[PKT-TX] DATA bytes=13  seq=18 
662107333	ID:1	[PKT-RX] DATA bytes=13 from=7 seq=18
662459057	ID:14	[PKT-TX] DATA bytes=14  seq=18 
663927779	ID:1	[PKT-RX] DATA bytes=14 from=14 seq=18
664394966	ID:21	[PKT-TX] DATA bytes=14  seq=18 
664471046	ID:1	[PKT-RX] DATA bytes=14 from=21 seq=18
664610945	ID:25	[ATK-FAKE-RANK]  true_rank=1100 fake_rank=1356 t=11720s
664637023	ID:5	[HFS] ra=74 si=49 cx=49 ac=82
664640527	ID:5	[LIST] Neighbors: 7,8,25
664644164	ID:5	[LIST] Quarantine: (none)
664647661	ID:5	[LIST] Blacklist: (none)
664648868	ID:20	[HFS] ra=74 si=49 cx=49 ac=82
664654224	ID:20	[LIST] Neighbors: 2,10,25,14,28,23,24
664655348	ID:5	FUZZRID,DET,25,1356,1100,256,0,100,100,5,0,0,0,82,75
664657861	ID:20	[LIST] Quarantine: (none)
664661358	ID:20	[LIST] Blacklist: (none)
664663366	ID:10	[HFS] ra=74 si=49 cx=49 ac=82
664667890	ID:13	[HFS] ra=74 si=49 cx=49 ac=82
664669003	ID:10	[LIST] Neighbors: 2,28,13,7,25,20,23,19
664669045	ID:20	FUZZRID,DET,25,1356,1100,256,0,100,100,7,0,0,0,82,75
664672639	ID:10	[LIST] Quarantine: (none)
664672674	ID:13	[LIST] Neighbors: 2,28,19,10,7,25
664676136	ID:10	[LIST] Blacklist: (none)
664676311	ID:13	[LIST] Quarantine: (none)
664679807	ID:13	[LIST] Blacklist: (none)
664683647	ID:10	FUZZRID,DET,25,1356,1100,256,0,94,100,6,0,3,0,82,75
664687495	ID:13	FUZZRID,DET,25,1356,1100,256,0,100,100,7,0,0,0,82,75
664692406	ID:8	[HFS] ra=74 si=49 cx=49 ac=82
664696337	ID:8	[LIST] Neighbors: 7,25,5,30
664699974	ID:8	[LIST] Quarantine: (none)
664703471	ID:8	[LIST] Blacklist: (none)
664710981	ID:8	FUZZRID,DET,25,1356,1100,256,0,94,100,6,0,3,0,82,75
664731581	ID:7	[HFS] ra=74 si=49 cx=49 ac=82
664736379	ID:7	[LIST] Neighbors: 28,13,10,25,5,8
664740015	ID:7	[LIST] Quarantine: (none)
664743527	ID:7	[LIST] Blacklist: (none)
664751215	ID:7	FUZZRID,DET,25,1356,1100,256,0,100,100,7,0,0,0,82,75
665068144	ID:8	[PKT-TX] DATA bytes=13  seq=18 
665232233	ID:1	[PKT-RX] DATA bytes=13 from=8 seq=18
665707527	ID:15	[PKT-TX] DATA bytes=14  seq=18 
666261728	ID:2	[PKT-TX] DATA bytes=13  seq=18 
666427875	ID:1	[PKT-RX] DATA bytes=13 from=2 seq=18
666560529	ID:1	[PKT-RX] DATA bytes=14 from=15 seq=18
666875366	ID:15	[PKT-RTT] seq=18,rtt_delay_ms=578
667628734	ID:15	[HFS] ra=0 si=0 cx=49 ac=0
667633188	ID:6	[HFS] ra=0 si=0 cx=49 ac=0
667634370	ID:15	[LIST] Neighbors: 9,14,29,24,12,11,6,30
667638007	ID:15	[LIST] Quarantine: (none)
667638165	ID:6	[LIST] Neighbors: 14,30,9,15,12,11
667641504	ID:15	[LIST] Blacklist: (none)
667641802	ID:6	[LIST] Quarantine: (none)
667645299	ID:6	[LIST] Blacklist: (none)
667647958	ID:15	FUZZRID,DET,9,1459,1459,0,0,0,0,0,0,10,0,0,0
667651614	ID:6	FUZZRID,DET,9,1459,1459,0,0,0,0,0,0,2,0,0,0
667676441	ID:22	[HFS] ra=0 si=0 cx=49 ac=0
667681844	ID:22	[LIST] Neighbors: 24,16,9,29,31,26,18
667685481	ID:22	[LIST] Quarantine: (none)
667688978	ID:22	[LIST] Blacklist: (none)
667695320	ID:22	FUZZRID,DET,9,1459,1459,0,0,0,0,0,0,6,0,0,0
667714939	ID:14	[HFS] ra=0 si=0 cx=49 ac=0
667720197	ID:14	[LIST] Neighbors: 20,25,30,24,9,6,15
667723833	ID:14	[LIST] Quarantine: (none)
667727331	ID:14	[LIST] Blacklist: (none)
667733681	ID:14	FUZZRID,DET,9,1459,1459,0,0,0,0,0,0,4,0,0,0
667748117	ID:12	[HFS] ra=0 si=0 cx=49 ac=0
667752473	ID:12	[LIST] Neighbors: 9,29,15,11,6
667756110	ID:12	[LIST] Quarantine: (none)
667759607	ID:12	[LIST] Blacklist: (none)
667765922	ID:12	FUZZRID,DET,9,1459,1459,0,0,0,0,0,0,2,0,0,0
668467631	ID:14	[HFS] ra=0 si=0 cx=49 ac=0
668472855	ID:14	[LIST] Neighbors: 20,25,30,24,9,6,15
668476492	ID:14	[LIST] Quarantine: (none)
668479989	ID:14	[LIST] Blacklist: (none)
668486445	ID:14	FUZZRID,DET,15,1567,1567,0,0,0,0,0,0,9,0,0,0
668494090	ID:9	[HFS] ra=0 si=0 cx=49 ac=0
668496646	ID:12	[HFS] ra=0 si=0 cx=49 ac=0
668499459	ID:9	[LIST] Neighbors: 14,24,6,12,29,15,22
668501002	ID:12	[LIST] Neighbors: 9,29,15,11,6
668503096	ID:9	[LIST] Quarantine: (none)
668504639	ID:12	[LIST] Quarantine: (none)
668506593	ID:9	[LIST] Blacklist: (none)
668508158	ID:12	[LIST] Blacklist: (none)
668509655	ID:6	[HFS] ra=0 si=0 cx=49 ac=0
668513217	ID:9	FUZZRID,DET,15,1567,1567,0,0,0,0,0,0,10,0,0,0
668514614	ID:12	FUZZRID,DET,15,1567,1567,0,0,0,0,0,0,8,0,0,0
668514616	ID:6	[LIST] Neighbors: 14,30,9,15,12,11
668518252	ID:6	[LIST] Quarantine: (none)
668521749	ID:6	[LIST] Blacklist: (none)
668528373	ID:6	FUZZRID,DET,15,1567,1567,0,0,0,0,0,0,13,0,0,0
669541871	ID:13	[PKT-TX] DATA bytes=14  seq=18 
669628388	ID:1	[PKT-RX] DATA bytes=14 from=13 seq=18
669930881	ID:22	[HFS] ra=0 si=0 cx=49 ac=0
669936251	ID:22	[LIST] Neighbors: 24,16,9,29,31,26,18
669938454	ID:16	[HFS] ra=0 si=0 cx=49 ac=0
669939888	ID:22	[LIST] Quarantine: (none)
669942691	ID:16	[LIST] Neighbors: 31,26,22,18
669943385	ID:22	[LIST] Blacklist: (none)
669946328	ID:16	[LIST] Quarantine: (none)
669949842	ID:22	FUZZRID,DET,18,1581,1581,0,0,0,0,0,0,3,0,0,0
669949843	ID:16	[LIST] Blacklist: (none)
669956300	ID:16	FUZZRID,DET,18,1581,1581,0,0,0,0,0,0,3,0,0,0
670664718	ID:22	[PKT-TX] DATA bytes=14  seq=18 
670818140	ID:1	[PKT-RX] DATA bytes=14 from=22 seq=18
671049608	ID:22	[PKT-RTT] seq=18,rtt_delay_ms=187
674722670	ID:18	[PKT-TX] DATA bytes=14  seq=18 
674857938	ID:7	[HFS] ra=0 si=0 cx=49 ac=0
674862734	ID:7	[LIST] Neighbors: 28,13,10,25,5,8
674866371	ID:7	[LIST] Quarantine: (none)
674869868	ID:7	[LIST] Blacklist: (none)
674871173	ID:19	[HFS] ra=0 si=0 cx=49 ac=0
674875956	ID:19	[LIST] Neighbors: 2,28,27,4,13,10
674875962	ID:7	FUZZRID,DET,13,921,921,0,0,0,0,0,0,2,0,0,0
674879594	ID:19	[LIST] Quarantine: (none)
674883091	ID:19	[LIST] Blacklist: (none)
674889185	ID:19	FUZZRID,DET,13,921,921,0,0,0,0,0,0,1,0,0,0
674914175	ID:10	[HFS] ra=0 si=0 cx=49 ac=0
674919816	ID:10	[LIST] Neighbors: 2,28,13,7,25,20,23,19
674923452	ID:10	[LIST] Quarantine: (none)
674926949	ID:10	[LIST] Blacklist: (none)
674933043	ID:10	FUZZRID,DET,13,921,921,0,0,0,0,0,0,2,0,0,0
675315824	ID:1	[PKT-RX] DATA bytes=14 from=18 seq=18
675623367	ID:18	[PKT-RTT] seq=18,rtt_delay_ms=445
676082145	ID:29	[ATK-FAKE-RANK]  true_rank=1795 fake_rank=1891 t=11720s
676117772	ID:9	[HFS] ra=74 si=8 cx=49 ac=95
676120955	ID:12	[HFS] ra=74 si=0 cx=49 ac=95
676123141	ID:9	[LIST] Neighbors: 14,24,6,12,29,15,22
676125311	ID:12	[LIST] Neighbors: 9,29,15,11,6
676126778	ID:9	[LIST] Quarantine: (none)
676128948	ID:12	[LIST] Quarantine: (none)
676130275	ID:9	[LIST] Blacklist: (none)
676132459	ID:12	[LIST] Blacklist: (none)
676138215	ID:9	FUZZRID,DET,29,1891,1795,96,0,27,100,11,25,17,0,95,100
676140246	ID:12	FUZZRID,DET,29,1891,1795,96,0,28,100,11,0,16,0,95,100
676177221	ID:22	[HFS] ra=74 si=0 cx=49 ac=95
676182590	ID:22	[LIST] Neighbors: 24,16,9,29,31,26,18
676186227	ID:22	[LIST] Quarantine: (none)
676189740	ID:22	[LIST] Blacklist: (none)
676197527	ID:22	FUZZRID,DET,29,1891,1795,96,0,28,100,15,0,16,0,95,100
676408083	ID:16	[PKT-TX] DATA bytes=14  seq=18 
676566777	ID:1	[PKT-RX] DATA bytes=14 from=16 seq=18
677378041	ID:19	[PKT-TX] DATA bytes=14  seq=18 
677394843	ID:1	[PKT-RX] DATA bytes=14 from=19 seq=18
678816297	ID:5	[PKT-TX] DATA bytes=13  seq=18 
678957663	ID:4	[PKT-TX] DATA bytes=13  seq=18 
678974448	ID:1	[PKT-RX] DATA bytes=13 from=4 seq=18
678983680	ID:1	[PKT-RX] DATA bytes=13 from=5 seq=18
679842902	ID:11	[HFS] ra=0 si=0 cx=49 ac=0
679846553	ID:11	[LIST] Neighbors: 6,15,12
679850190	ID:11	[LIST] Quarantine: (none)
679853686	ID:11	[LIST] Blacklist: (none)
679860281	ID:11	FUZZRID,DET,15,1548,1548,0,0,0,0,0,0,12,0,0,0
679865266	ID:9	[HFS] ra=0 si=0 cx=49 ac=0
679870667	ID:9	[LIST] Neighbors: 14,24,6,12,29,15,22
679873247	ID:12	[HFS] ra=0 si=0 cx=49 ac=0
679874304	ID:9	[LIST] Quarantine: (none)
679877604	ID:12	[LIST] Neighbors: 9,29,15,11,6
679877801	ID:9	[LIST] Blacklist: (none)
679881240	ID:12	[LIST] Quarantine: (none)
679884424	ID:9	FUZZRID,DET,15,1548,1548,0,0,0,0,0,0,10,0,0,0
679884737	ID:12	[LIST] Blacklist: (none)
679886350	ID:6	[HFS] ra=0 si=0 cx=49 ac=0
679891193	ID:12	FUZZRID,DET,15,1548,1548,0,0,0,0,0,0,8,0,0,0
679891293	ID:6	[LIST] Neighbors: 14,30,9,15,12,11
679894931	ID:6	[LIST] Quarantine: (none)
679898428	ID:6	[LIST] Blacklist: (none)
679905052	ID:6	FUZZRID,DET,15,1548,1548,0,0,0,0,0,0,13,0,0,0
679964107	ID:14	[HFS] ra=0 si=0 cx=49 ac=0
679969364	ID:14	[LIST] Neighbors: 20,25,30,24,9,6,15
679973001	ID:14	[LIST] Quarantine: (none)
679976498	ID:14	[LIST] Blacklist: (none)
679982976	ID:14	FUZZRID,DET,15,1548,1548,0,0,0,0,0,0,9,0,0,0
682965842	ID:14	[HFS] ra=0 si=0 cx=49 ac=0
682971065	ID:14	[LIST] Neighbors: 20,25,30,24,9,6,15
682974702	ID:14	[LIST] Quarantine: (none)
682978199	ID:14	[LIST] Blacklist: (none)
682984515	ID:14	FUZZRID,DET,9,1451,1451,0,0,0,0,0,0,1,0,0,0
682994625	ID:12	[HFS] ra=0 si=0 cx=49 ac=0
682998982	ID:12	[LIST] Neighbors: 9,29,15,11,6
683002619	ID:12	[LIST] Quarantine: (none)
683003152	ID:15	[HFS] ra=0 si=0 cx=49 ac=0
683006115	ID:12	[LIST] Blacklist: (none)
683007690	ID:6	[HFS] ra=0 si=0 cx=49 ac=0
683008788	ID:15	[LIST] Neighbors: 9,14,29,24,12,11,6,30
683012431	ID:12	FUZZRID,DET,9,1451,1451,0,0,0,0,0,0,2,0,0,0
683012446	ID:15	[LIST] Quarantine: (none)
683012633	ID:6	[LIST] Neighbors: 14,30,9,15,12,11
683015942	ID:15	[LIST] Blacklist: (none)
683016270	ID:6	[LIST] Quarantine: (none)
683019767	ID:6	[LIST] Blacklist: (none)
683022258	ID:15	FUZZRID,DET,9,1451,1451,0,0,0,0,0,0,5,0,0,0
683026082	ID:6	FUZZRID,DET,9,1451,1451,0,0,0,0,0,0,3,0,0,0
683055302	ID:22	[HFS] ra=0 si=0 cx=49 ac=0
683060671	ID:22	[LIST] Neighbors: 24,16,9,29,31,26,18
683064320	ID:22	[LIST] Quarantine: (none)
683067817	ID:22	[LIST] Blacklist: (none)
683074132	ID:22	FUZZRID,DET,9,1451,1451,0,0,0,0,0,0,1,0,0,0
683495247	ID:17	[PKT-TX] DATA bytes=14  seq=18 
683528407	ID:1	[PKT-RX] DATA bytes=14 from=17 seq=18
686694040	ID:9	[PKT-TX] DATA bytes=13  seq=18 
686802538	ID:1	[PKT-RX] DATA bytes=13 from=9 seq=18
687234847	ID:10	[PKT-TX] DATA bytes=14  seq=18 
687379768	ID:12	[PKT-TX] DATA bytes=14  seq=18 
687552358	ID:1	[PKT-RX] DATA bytes=14 from=10 seq=18
688041580	ID:20	[PKT-TX] DATA bytes=14  seq=18 
688053190	ID:1	[PKT-RX] DATA bytes=14 from=12 seq=18
688065671	ID:6	[PKT-TX] DATA bytes=13  seq=18 
688301285	ID:1	[PKT-RX] DATA bytes=14 from=20 seq=18
688383175	ID:6	[HFS] ra=0 si=0 cx=49 ac=0
688388152	ID:6	[LIST] Neighbors: 14,30,9,15,12,11
688391789	ID:6	[LIST] Quarantine: (none)
688395285	ID:6	[LIST] Blacklist: (none)
688401600	ID:6	FUZZRID,DET,9,1448,1448,0,0,0,0,0,0,3,0,0,0
688686634	ID:1	[PKT-RX] DATA bytes=13 from=6 seq=18
689181718	ID:3	[PKT-TX] DATA bytes=13  seq=18 
689904908	ID:1	[PKT-RX] DATA bytes=13 from=3 seq=18
690113068	ID:9	[PKT-RTT] seq=18,rtt_delay_ms=1703
690899949	ID:20	[PKT-RTT] seq=18,rtt_delay_ms=1429
691453146	ID:2	[PKT-TX] DATA bytes=13  seq=19 
691470599	ID:1	[PKT-RX] DATA bytes=13 from=2 seq=19
691506101	ID:6	[PKT-RTT] seq=18,rtt_delay_ms=1718
691681710	ID:3	[PKT-TX] DATA bytes=13  seq=19 
691778775	ID:1	[PKT-RX] DATA bytes=13 from=3 seq=19
691868211	ID:12	[PKT-RTT] seq=18,rtt_delay_ms=2242
694071875	ID:25	[ATK-FAKE-RANK]  true_rank=1100 fake_rank=1376 t=11720s
694107148	ID:7	[HFS] ra=74 si=49 cx=49 ac=82
694111945	ID:7	[LIST] Neighbors: 28,13,10,25,5,8
694115582	ID:7	[LIST] Quarantine: (none)
694119087	ID:7	[LIST] Blacklist: (none)
694121425	ID:5	[PKT-TX] DATA bytes=13  seq=19 
694126796	ID:7	FUZZRID,DET,25,1376,1100,276,0,100,100,5,0,0,0,82,75
694145512	ID:20	[HFS] ra=74 si=49 cx=49 ac=82
694150868	ID:20	[LIST] Neighbors: 2,10,25,14,28,23,24
694154505	ID:20	[LIST] Quarantine: (none)
694158002	ID:20	[LIST] Blacklist: (none)
694165689	ID:20	FUZZRID,DET,25,1376,1100,276,0,100,100,5,0,0,0,82,75
694167116	ID:10	[HFS] ra=74 si=49 cx=49 ac=82
694167239	ID:13	[HFS] ra=74 si=49 cx=49 ac=82
694172023	ID:13	[LIST] Neighbors: 2,28,19,10,7,25
694172752	ID:10	[LIST] Neighbors: 2,28,13,7,25,20,23,19
694175660	ID:13	[LIST] Quarantine: (none)
694176389	ID:10	[LIST] Quarantine: (none)
694179156	ID:13	[LIST] Blacklist: (none)
694179886	ID:10	[LIST] Blacklist: (none)
694186883	ID:13	FUZZRID,DET,25,1376,1100,276,0,100,100,5,0,0,0,82,75
694187574	ID:10	FUZZRID,DET,25,1376,1100,276,0,100,100,4,0,4,0,82,75
694191776	ID:8	[HFS] ra=74 si=49 cx=49 ac=82
694195721	ID:8	[LIST] Neighbors: 7,25,5,30
694199358	ID:8	[LIST] Quarantine: (none)
694202864	ID:8	[LIST] Blacklist: (none)
694210552	ID:8	FUZZRID,DET,25,1376,1100,276,0,100,100,4,0,4,0,82,75
694217419	ID:14	[HFS] ra=74 si=49 cx=49 ac=82
694222643	ID:14	[LIST] Neighbors: 20,25,30,24,9,6,15
694226284	ID:14	[LIST] Quarantine: (none)
694229781	ID:14	[LIST] Blacklist: (none)
694237502	ID:14	FUZZRID,DET,25,1376,1100,276,0,100,100,2,0,0,0,82,75
694262892	ID:4	[PKT-TX] DATA bytes=13  seq=19 
694280173	ID:1	[PKT-RX] DATA bytes=13 from=4 seq=19
694482210	ID:1	[PKT-RX] DATA bytes=13 from=5 seq=19
695629395	ID:15	[PKT-TX] DATA bytes=14  seq=19 
695803967	ID:1	[PKT-RX] DATA bytes=14 from=15 seq=19
695964612	ID:23	[ATK-FAKE-RANK]  true_rank=768 fake_rank=1118 t=11720s
696375958	ID:15	[PKT-RTT] seq=19,rtt_delay_ms=367
696712251	ID:3	[HFS] ra=74 si=49 cx=49 ac=82
696717181	ID:3	[LIST] Neighbors: 2,23,17,31,27,21
696720848	ID:3	[LIST] Quarantine: (none)
696724345	ID:3	[LIST] Blacklist: (none)
696731854	ID:3	FUZZRID,DET,23,1118,768,350,0,100,100,4,0,3,0,82,55
699675258	ID:29	[ATK-FAKE-RANK]  true_rank=1795 fake_rank=1911 t=11720s
699741076	ID:9	[HFS] ra=74 si=16 cx=49 ac=95
699746445	ID:9	[LIST] Neighbors: 14,24,6,12,29,15,22
699748247	ID:12	[HFS] ra=74 si=0 cx=49 ac=95
699750082	ID:9	[LIST] Quarantine: (none)
699752598	ID:18	[HFS] ra=74 si=0 cx=49 ac=95
699752604	ID:12	[LIST] Neighbors: 9,29,15,11,6
699753281	ID:15	[HFS] ra=74 si=0 cx=49 ac=95
699753579	ID:9	[LIST] Blacklist: (none)
699756241	ID:12	[LIST] Quarantine: (none)
699756834	ID:18	[LIST] Neighbors: 26,22,29,16
699758917	ID:15	[LIST] Neighbors: 9,14,29,24,12,11,6,30
699759737	ID:12	[LIST] Blacklist: (none)
699760471	ID:18	[LIST] Quarantine: (none)
699761548	ID:9	FUZZRID,DET,29,1911,1795,116,0,34,100,3,28,16,0,95,100
699762585	ID:15	[LIST] Quarantine: (none)
699763968	ID:18	[LIST] Blacklist: (none)
699766082	ID:15	[LIST] Blacklist: (none)
699767584	ID:12	FUZZRID,DET,29,1911,1795,116,0,34,100,4,0,15,0,95,100
699771935	ID:18	FUZZRID,DET,29,1911,1795,116,0,34,100,15,0,15,0,95,100
699774049	ID:15	FUZZRID,DET,29,1911,1795,116,0,34,100,15,0,16,0,95,100
699804429	ID:22	[HFS] ra=74 si=0 cx=49 ac=95
699809799	ID:22	[LIST] Neighbors: 24,16,9,29,31,26,18
699813436	ID:22	[LIST] Quarantine: (none)
699816933	ID:22	[LIST] Blacklist: (none)
699824761	ID:22	FUZZRID,DET,29,1911,1795,116,0,34,100,4,0,15,0,95,100
704078597	ID:10	[PKT-TX] DATA bytes=14  seq=19 
704177211	ID:1	[PKT-RX] DATA bytes=14 from=10 seq=19
704665542	ID:11	[PKT-TX] DATA bytes=14  seq=19 
704925953	ID:1	[PKT-RX] DATA bytes=14 from=11 seq=19
705340509	ID:11	[PKT-RTT] seq=19,rtt_delay_ms=335
706566333	ID:16	[HFS] ra=0 si=0 cx=49 ac=0
706570569	ID:16	[LIST] Neighbors: 31,26,22,18
706574206	ID:16	[LIST] Quarantine: (none)
706577703	ID:16	[LIST] Blacklist: (none)
706584193	ID:16	FUZZRID,DET,18,1575,1575,0,0,0,0,0,0,3,0,0,0
706591195	ID:14	[HFS] ra=0 si=0 cx=49 ac=0
706596418	ID:14	[LIST] Neighbors: 20,25,30,24,9,6,15
706600055	ID:14	[LIST] Quarantine: (none)
706603552	ID:14	[LIST] Blacklist: (none)
706609866	ID:14	FUZZRID,DET,9,1442,1442,0,0,0,0,0,0,1,0,0,0
706619804	ID:12	[HFS] ra=0 si=0 cx=49 ac=0
706624194	ID:12	[LIST] Neighbors: 9,29,15,11,6
706627831	ID:12	[LIST] Quarantine: (none)
706628549	ID:15	[HFS] ra=0 si=0 cx=49 ac=0
706631340	ID:12	[LIST] Blacklist: (none)
706632878	ID:6	[HFS] ra=0 si=0 cx=49 ac=0
706634186	ID:15	[LIST] Neighbors: 9,14,29,24,12,11,6,30
706637655	ID:12	FUZZRID,DET,9,1442,1442,0,0,0,0,0,0,2,0,0,0
706637821	ID:6	[LIST] Neighbors: 14,30,9,15,12,11
706637822	ID:15	[LIST] Quarantine: (none)
706641319	ID:15	[LIST] Blacklist: (none)
706641458	ID:6	[LIST] Quarantine: (none)
706644955	ID:6	[LIST] Blacklist: (none)
706647636	ID:15	FUZZRID,DET,9,1442,1442,0,0,0,0,0,0,5,0,0,0
706651270	ID:6	FUZZRID,DET,9,1442,1442,0,0,0,0,0,0,3,0,0,0
706932624	ID:16	[PKT-TX] DATA bytes=14  seq=19 
707316313	ID:1	[PKT-RX] DATA bytes=14 from=16 seq=19
708358327	ID:9	[PKT-TX] DATA bytes=13  seq=19 
708552072	ID:1	[PKT-RX] DATA bytes=13 from=9 seq=19
708862234	ID:9	[PKT-RTT] seq=19,rtt_delay_ms=250
710120203	ID:19	[PKT-TX] DATA bytes=14  seq=19 
710136983	ID:1	[PKT-RX] DATA bytes=14 from=19 seq=19
710252782	ID:13	[PKT-TX] DATA bytes=14  seq=19 
710427101	ID:14	[PKT-TX] DATA bytes=14  seq=19 
710505341	ID:1	[PKT-RX] DATA bytes=14 from=13 seq=19
710551537	ID:1	[PKT-RX] DATA bytes=14 from=14 seq=19
710837691	ID:14	[PKT-RTT] seq=19,rtt_delay_ms=203
714143685	ID:17	[PKT-TX] DATA bytes=14  seq=19 
714280663	ID:1	[PKT-RX] DATA bytes=14 from=17 seq=19
715878403	ID:6	[PKT-TX] DATA bytes=13  seq=19 
716177642	ID:1	[PKT-RX] DATA bytes=13 from=6 seq=19
716756104	ID:6	[PKT-RTT] seq=19,rtt_delay_ms=437
717183086	ID:18	[PKT-TX] DATA bytes=14  seq=19 
717592812	ID:1	[PKT-RX] DATA bytes=14 from=18 seq=19
718145358	ID:12	[PKT-TX] DATA bytes=14  seq=19 
718293411	ID:21	[PKT-TX] DATA bytes=14  seq=19 
718302586	ID:20	[PKT-TX] DATA bytes=14  seq=19 
718310255	ID:1	[PKT-RX] DATA bytes=14 from=21 seq=19
718392114	ID:21	[PKT-RTT] seq=19,rtt_delay_ms=46
718425115	ID:1	[PKT-RX] DATA bytes=14 from=20 seq=19
718677773	ID:7	[PKT-TX] DATA bytes=13  seq=19 
718734275	ID:1	[PKT-RX] DATA bytes=13 from=7 seq=19
718749628	ID:22	[PKT-TX] DATA bytes=14  seq=19 
718926168	ID:1	[PKT-RX] DATA bytes=14 from=12 seq=19
718966581	ID:8	[PKT-TX] DATA bytes=13  seq=19 
718968645	ID:11	[HFS] ra=0 si=0 cx=49 ac=0
718972295	ID:11	[LIST] Neighbors: 6,15,12
718975932	ID:11	[LIST] Quarantine: (none)
718979450	ID:11	[LIST] Blacklist: (none)
718986044	ID:11	FUZZRID,DET,15,1523,1523,0,0,0,0,0,0,12,0,0,0
719233443	ID:1	[PKT-RX] DATA bytes=13 from=8 seq=19
720159913	ID:5	 92163 P 0.0 11 397386 23194715 109028 218701 0 176670 27474 1938573 5322 16527 0 13545 (radio 1.38% / 1.11% tx 0.46% / 0.27% listen 0.92% / 0.84%)
720270462	ID:12	 92163 P 0.0 11 477802 23112366 109013 228562 0 182176 69323 1896527 23734 28274 0 16808 (radio 1.43% / 2.64% tx 0.46% / 1.20% listen 0.96% / 1.43%)
720300764	ID:4	 92163 P 0.0 11 371133 23221215 75414 209524 0 181069 20595 1945410 217 16375 0 15573 (radio 1.20% / 0.84% tx 0.31% / 0.01% listen 0.88% / 0.83%)
720359551	ID:3	 92163 P 0.0 11 577730 23013887 168127 250461 0 186859 34863 1931126 6111 23321 0 19287 (radio 1.77% / 1.49% tx 0.71% / 0.31% listen 1.06% / 1.18%)
720417892	ID:21	 92163 P 0.0 11 451451 23138811 91650 240113 0 188671 30480 1935563 3929 19327 0 15566 (radio 1.40% / 1.18% tx 0.38% / 0.19% listen 1.01% / 0.98%)
720462812	ID:16	 92163 P 0.0 11 499685 23092491 153752 228566 0 165680 44654 1921197 13576 21266 0 13508 (radio 1.62% / 1.77% tx 0.65% / 0.69% listen 0.96% / 1.08%)
720515122	ID:9	 92163 P 0.0 11 757938 22834536 231918 327023 0 228681 106069 1859706 45237 41163 0 23527 (radio 2.-146% / 4.39% tx 0.98% / 2.30% listen 1.38% / 2.09%)
720597368	ID:1	 92165 P 0.0 11 1406677 22184769 571999 23020316 0 0 129220 1836451 59043 1906958 0 0 (radio 100.-9831% / 100.-8739% tx 2.-140% / 3.00% listen 97.-9592% / 97.-8739%)
720631096	ID:7	 92163 P 0.0 11 925343 22666376 366233 334656 0 165972 49458 1916584 13292 20199 0 13607 (radio 2.-85% / 1.70% tx 1.55% / 0.67% listen 1.41% / 1.02%)
720658570	ID:6	 92163 P 0.0 11 613645 22978422 159778 248692 0 189875 59112 1906856 15537 27762 0 19057 (radio 1.73% / 2.20% tx 0.67% / 0.79% listen 1.05% / 1.41%)
720671419	ID:20	 92163 P 0.0 11 1206294 22386031 476422 434378 0 190666 158849 1807097 73778 55198 0 19239 (radio 3.-279% / 6.56% tx 2.-181% / 3.75% listen 1.-98% / 2.80%)
720696379	ID:2	 92163 P 0.0 11 1234117 22356681 358223 451346 0 210860 218294 1747526 108901 71040 0 16701 (radio 3.-139% / 9.15% tx 1.51% / 5.53% listen 1.-91% / 3.61%)
720701839	ID:22	 92163 P 0.0 11 731325 22861146 220293 310855 0 214501 54553 1911503 12366 25863 0 18983 (radio 2.-157% / 1.94% tx 0.93% / 0.62% listen 1.31% / 1.31%)
720744113	ID:12	[PKT-RTT] seq=19,rtt_delay_ms=1296
720777270	ID:15	 92163 P 0.0 11 939780 22652517 323081 356922 0 214025 114175 1851845 46945 40190 0 20330 (radio 2.-94% / 4.43% tx 1.36% / 2.38% listen 1.51% / 2.04%)
720817305	ID:1	[PKT-RX] DATA bytes=14 from=22 seq=19
720893157	ID:19	 92163 P 0.0 11 465529 23126867 56723 258451 0 223705 34673 1931267 2843 25099 0 23381 (radio 1.33% / 1.42% tx 0.24% / 0.14% listen 1.09% / 1.27%)
720939759	ID:13	 92163 P 0.0 11 661594 22930146 207621 277504 0 196913 37812 1928159 6524 21719 0 19669 (radio 2.-177% / 1.43% tx 0.88% / 0.33% listen 1.17% / 1.10%)
720955725	ID:17	 92163 P 0.0 11 390143 23202197 83401 212638 0 180269 23636 1942386 2691 16062 0 14306 (radio 1.25% / 0.95% tx 0.35% / 0.13% listen 0.90% / 0.81%)
720993159	ID:11	 92163 P 0.0 11 436787 23155120 130669 214464 0 162606 25332 1940625 3444 17790 0 15746 (radio 1.46% / 1.08% tx 0.55% / 0.17% listen 0.90% / 0.90%)
721025923	ID:18	 92163 P 0.0 11 508656 23083837 159806 231848 0 174473 40971 1925001 12919 18054 0 13886 (radio 1.66% / 1.57% tx 0.67% / 0.65% listen 0.98% / 0.91%)
721063221	ID:10	 92163 P 0.0 11 607799 22984584 134822 318271 0 261399 62653 1903264 20935 35195 0 26141 (radio 1.-90% / 2.85% tx 0.57% / 1.06% listen 1.34% / 1.79%)
721091404	ID:8	 92163 P 0.0 11 503581 23088718 140872 237149 0 175898 28050 1937835 3333 16021 0 14002 (radio 1.60% / 0.98% tx 0.59% / 0.16% listen 1.00% / 0.81%)
721115390	ID:14	 92163 P 0.0 11 712907 22879532 192556 322304 0 233611 89844 1875879 31155 39820 0 22774 (radio 2.-164% / 3.61% tx 0.81% / 1.58% listen 1.36% / 2.02%)
721489608	ID:15	[PKT-TX] DATA bytes=14  seq=20 
721858320	ID:9	[PKT-TX] DATA bytes=13  seq=20 
722303847	ID:1	[PKT-RX] DATA bytes=13 from=9 seq=20
723052076	ID:1	[PKT-RX] DATA bytes=14 from=15 seq=20
723888717	ID:7	[PKT-TX] DATA bytes=13  seq=20 
723983159	ID:1	[PKT-RX] DATA bytes=13 from=7 seq=20
724180159	ID:10	[PKT-TX] DATA bytes=14  seq=20 
724230072	ID:7	[PKT-RTT] seq=20,rtt_delay_ms=164
724553154	ID:1	[PKT-RX] DATA bytes=14 from=10 seq=20
725556465	ID:17	[HFS] ra=0 si=0 cx=49 ac=0
725560555	ID:17	[LIST] Neighbors: 21,27,3,31
725564192	ID:17	[LIST] Quarantine: (none)
725567723	ID:17	[LIST] Blacklist: (none)
725573680	ID:17	FUZZRID,DET,3,796,796,0,0,0,0,0,0,4,0,0,0
725915914	ID:13	[HFS] ra=0 si=0 cx=49 ac=0
725920716	ID:13	[LIST] Neighbors: 2,28,19,10,7,25
725924353	ID:13	[LIST] Quarantine: (none)
725927850	ID:13	[LIST] Blacklist: (none)
725933804	ID:13	FUZZRID,DET,7,978,978,0,0,0,0,0,0,4,0,0,0
730542122	ID:17	[PKT-TX] DATA bytes=14  seq=20 
730778354	ID:1	[PKT-RX] DATA bytes=14 from=17 seq=20
731377782	ID:13	[PKT-TX] DATA bytes=14  seq=20 
731505819	ID:1	[PKT-RX] DATA bytes=14 from=13 seq=20
731841602	ID:14	[HFS] ra=0 si=0 cx=49 ac=0
731844333	ID:11	[HFS] ra=0 si=0 cx=49 ac=0
731846825	ID:14	[LIST] Neighbors: 20,25,30,24,9,6,15
731847983	ID:11	[LIST] Neighbors: 6,15,12
731850462	ID:14	[LIST] Quarantine: (none)
731851620	ID:11	[LIST] Quarantine: (none)
731853959	ID:14	[LIST] Blacklist: (none)
731855149	ID:11	[LIST] Blacklist: (none)
731860275	ID:14	FUZZRID,DET,6,1819,1819,0,0,0,0,0,0,0,0,0,0
731861465	ID:11	FUZZRID,DET,6,1819,1819,0,0,0,0,0,0,7,0,0,0
731866538	ID:9	[HFS] ra=0 si=0 cx=49 ac=0
731871003	ID:12	[HFS] ra=0 si=0 cx=49 ac=0
731871926	ID:9	[LIST] Neighbors: 14,24,6,12,29,15,22
731875366	ID:12	[LIST] Neighbors: 9,29,15,11,6
731875563	ID:9	[LIST] Quarantine: (none)
731879003	ID:12	[LIST] Quarantine: (none)
731879060	ID:9	[LIST] Blacklist: (none)
731880223	ID:15	[HFS] ra=0 si=0 cx=49 ac=0
731882500	ID:12	[LIST] Blacklist: (none)
731885398	ID:9	FUZZRID,DET,6,1819,1819,0,0,0,0,0,0,7,0,0,0
731885859	ID:15	[LIST] Neighbors: 9,14,29,24,12,11,6,30
731888816	ID:12	FUZZRID,DET,6,1819,1819,0,0,0,0,0,0,0,0,0,0
731889496	ID:15	[LIST] Quarantine: (none)
731892992	ID:15	[LIST] Blacklist: (none)
731899347	ID:15	FUZZRID,DET,6,1819,1819,0,0,0,0,0,0,2,0,0,0
733542978	ID:2	[PKT-TX] DATA bytes=13  seq=20 
733559605	ID:1	[PKT-RX] DATA bytes=13 from=2 seq=20
733670757	ID:2	[PKT-RTT] seq=20,rtt_delay_ms=62
734058086	ID:18	[PKT-TX] DATA bytes=14  seq=20 
734316183	ID:1	[PKT-RX] DATA bytes=14 from=18 seq=20
734474461	ID:20	[PKT-TX] DATA bytes=14  seq=20 
734552237	ID:1	[PKT-RX] DATA bytes=14 from=20 seq=20
736902786	ID:21	[PKT-TX] DATA bytes=14  seq=20 
736919630	ID:1	[PKT-RX] DATA bytes=14 from=21 seq=20
737016644	ID:21	[PKT-RTT] seq=20,rtt_delay_ms=54
737770996	ID:12	[PKT-TX] DATA bytes=14  seq=20 
738334684	ID:14	[PKT-TX] DATA bytes=14  seq=20 
738426870	ID:1	[PKT-RX] DATA bytes=14 from=14 seq=20
739178056	ID:1	[PKT-RX] DATA bytes=14 from=12 seq=20
739619834	ID:12	[PKT-RTT] seq=20,rtt_delay_ms=921
739704957	ID:16	[PKT-TX] DATA bytes=14  seq=20 
739816137	ID:1	[PKT-RX] DATA bytes=14 from=16 seq=20
740683485	ID:5	[PKT-TX] DATA bytes=13  seq=20 
740738787	ID:19	[PKT-TX] DATA bytes=14  seq=20 
740755616	ID:1	[PKT-RX] DATA bytes=14 from=19 seq=20
740824851	ID:4	[PKT-TX] DATA bytes=13  seq=20 
740967434	ID:1	[PKT-RX] DATA bytes=13 from=4 seq=20
741022607	ID:4	[PKT-RTT] seq=20,rtt_delay_ms=93
741615018	ID:8	[PKT-TX] DATA bytes=13  seq=20 
742090980	ID:14	[HFS] ra=0 si=0 cx=49 ac=0
742096204	ID:14	[LIST] Neighbors: 20,25,30,24,9,6,15
742099841	ID:14	[LIST] Quarantine: (none)
742103338	ID:14	[LIST] Blacklist: (none)
742109655	ID:14	FUZZRID,DET,6,1819,1819,0,0,0,0,0,0,0,0,0,0
742615139	ID:19	[PKT-RTT] seq=20,rtt_delay_ms=937
743107071	ID:1	[PKT-RX] DATA bytes=13 from=5 seq=20
743359538	ID:1	[PKT-RX] DATA bytes=13 from=8 seq=20
743637527	ID:5	[HFS] ra=0 si=0 cx=49 ac=0
743641031	ID:5	[LIST] Neighbors: 7,8,25
743644667	ID:5	[LIST] Quarantine: (none)
743648174	ID:5	[LIST] Blacklist: (none)
743654491	ID:5	FUZZRID,DET,8,1103,1103,0,0,0,0,0,0,3,0,0,0
744263687	ID:24	[ATK-FAKE-RANK]  true_rank=1137 fake_rank=1276 t=11720s
744700378	ID:30	[ATK-FAKE-RANK]  true_rank=1310 fake_rank=1666 t=11720s
744842413	ID:14	[HFS] ra=74 si=49 cx=49 ac=82
744847637	ID:14	[LIST] Neighbors: 20,25,30,24,9,6,15
744851283	ID:14	[LIST] Quarantine: (none)
744854780	ID:14	[LIST] Blacklist: (none)
744862639	ID:14	FUZZRID,DET,30,1666,1310,356,0,100,100,11,0,0,0,82,75
747165542	ID:11	[PKT-TX] DATA bytes=14  seq=20 
747429340	ID:1	[PKT-RX] DATA bytes=14 from=11 seq=20
747841565	ID:11	[PKT-RTT] seq=20,rtt_delay_ms=335
748116823	ID:22	[PKT-TX] DATA bytes=14  seq=20 
748193134	ID:1	[PKT-RX] DATA bytes=14 from=22 seq=20
748423905	ID:3	[PKT-TX] DATA bytes=13  seq=20 
748530238	ID:1	[PKT-RX] DATA bytes=13 from=3 seq=20
749651626	ID:6	[PKT-TX] DATA bytes=13  seq=20 
750427771	ID:1	[PKT-RX] DATA bytes=13 from=6 seq=20
750869234	ID:19	[HFS] ra=0 si=0 cx=49 ac=0
750874052	ID:19	[LIST] Neighbors: 2,28,27,4,13,10
750877689	ID:19	[LIST] Quarantine: (none)
750881186	ID:19	[LIST] Blacklist: (none)
750887141	ID:19	FUZZRID,DET,4,512,512,0,0,0,0,0,0,0,0,0,0
751479561	ID:19	[PKT-TX] DATA bytes=14  seq=21 
751497419	ID:1	[PKT-RX] DATA bytes=14 from=19 seq=21
751617238	ID:19	[PKT-RTT] seq=21,rtt_delay_ms=62
751816841	ID:21	[PKT-TX] DATA bytes=14  seq=21 
751833624	ID:1	[PKT-RX] DATA bytes=14 from=21 seq=21
751890017	ID:21	[PKT-RTT] seq=21,rtt_delay_ms=31
752490018	ID:8	[PKT-TX] DATA bytes=13  seq=21 
752733440	ID:1	[PKT-RX] DATA bytes=13 from=8 seq=21
753136729	ID:2	[PKT-TX] DATA bytes=13  seq=21 
753153393	ID:1	[PKT-RX] DATA bytes=13 from=2 seq=21
753287065	ID:2	[PKT-RTT] seq=21,rtt_delay_ms=70
753336410	ID:10	[PKT-TX] DATA bytes=14  seq=21 
753426132	ID:1	[PKT-RX] DATA bytes=14 from=10 seq=21
753870344	ID:12	[HFS] ra=0 si=0 cx=49 ac=0
753874700	ID:12	[LIST] Neighbors: 9,29,15,11,6
753878337	ID:12	[LIST] Quarantine: (none)
753881834	ID:12	[LIST] Blacklist: (none)
753883628	ID:6	[HFS] ra=0 si=0 cx=49 ac=0
753888149	ID:12	FUZZRID,DET,9,1454,1454,0,0,0,0,0,0,1,0,0,0
753888605	ID:6	[LIST] Neighbors: 14,30,9,15,12,11
753892242	ID:6	[LIST] Quarantine: (none)
753895740	ID:6	[LIST] Blacklist: (none)
753902055	ID:6	FUZZRID,DET,9,1454,1454,0,0,0,0,0,0,3,0,0,0
754046468	ID:9	[PKT-TX] DATA bytes=13  seq=21 
754717932	ID:14	[HFS] ra=0 si=0 cx=49 ac=0
754723156	ID:14	[LIST] Neighbors: 20,25,30,24,9,6,15
754726792	ID:14	[LIST] Quarantine: (none)
754730289	ID:14	[LIST] Blacklist: (none)
754736746	ID:14	FUZZRID,DET,15,1504,1504,0,0,0,0,0,0,9,0,0,0
754742985	ID:9	[HFS] ra=0 si=0 cx=49 ac=0
754746719	ID:12	[HFS] ra=0 si=0 cx=49 ac=0
754748354	ID:9	[LIST] Neighbors: 14,24,6,12,29,15,22
754751075	ID:12	[LIST] Neighbors: 9,29,15,11,6
754751991	ID:9	[LIST] Quarantine: (none)
754754712	ID:12	[LIST] Quarantine: (none)
754755488	ID:9	[LIST] Blacklist: (none)
754758209	ID:12	[LIST] Blacklist: (none)
754759833	ID:6	[HFS] ra=0 si=0 cx=49 ac=0
754762117	ID:9	FUZZRID,DET,15,1504,1504,0,0,0,0,0,0,10,0,0,0
754764665	ID:12	FUZZRID,DET,15,1504,1504,0,0,0,0,0,0,8,0,0,0
754764777	ID:6	[LIST] Neighbors: 14,30,9,15,12,11
754768413	ID:6	[LIST] Quarantine: (none)
754771910	ID:6	[LIST] Blacklist: (none)
754778514	ID:6	FUZZRID,DET,15,1504,1504,0,0,0,0,0,0,13,0,0,0
755051094	ID:1	[PKT-RX] DATA bytes=13 from=9 seq=21
755409641	ID:18	[PKT-TX] DATA bytes=14  seq=21 
755566916	ID:1	[PKT-RX] DATA bytes=14 from=18 seq=21
756428926	ID:22	[HFS] ra=0 si=0 cx=49 ac=0
756434295	ID:22	[LIST] Neighbors: 24,16,9,29,31,26,18
756437932	ID:22	[LIST] Quarantine: (none)
756440770	ID:16	[HFS] ra=0 si=0 cx=49 ac=0
756441429	ID:22	[LIST] Blacklist: (none)
756445007	ID:16	[LIST] Neighbors: 31,26,22,18
756447886	ID:22	FUZZRID,DET,18,1559,1559,0,0,0,0,0,0,4,0,0,0
756448644	ID:16	[LIST] Quarantine: (none)
756452141	ID:16	[LIST] Blacklist: (none)
756458598	ID:16	FUZZRID,DET,18,1559,1559,0,0,0,0,0,0,0,0,0,0
757142187	ID:25	[ATK-FAKE-RANK]  true_rank=1093 fake_rank=1396 t=11720s
757193863	ID:8	[HFS] ra=74 si=49 cx=49 ac=82
757197794	ID:8	[LIST] Neighbors: 7,25,5,30
757201431	ID:8	[LIST] Quarantine: (none)
757204962	ID:8	[LIST] Blacklist: (none)
757212672	ID:8	FUZZRID,DET,25,1396,1093,303,0,100,100,6,0,4,0,82,75
757215240	ID:14	[HFS] ra=74 si=49 cx=49 ac=82
757220477	ID:14	[LIST] Neighbors: 20,25,30,24,9,6,15
757224114	ID:14	[LIST] Quarantine: (none)
757227611	ID:14	[LIST] Blacklist: (none)
757233079	ID:7	[HFS] ra=74 si=49 cx=49 ac=82
757235333	ID:14	FUZZRID,DET,25,1396,1093,303,0,100,100,7,0,0,0,82,75
757237876	ID:7	[LIST] Neighbors: 28,13,10,25,5,8
757241513	ID:7	[LIST] Quarantine: (none)
757245010	ID:7	[LIST] Blacklist: (none)
757252698	ID:7	FUZZRID,DET,25,1396,1093,303,0,100,100,7,0,0,0,82,75
757262317	ID:5	[HFS] ra=74 si=49 cx=49 ac=82
757265821	ID:5	[LIST] Neighbors: 7,8,25
757269458	ID:5	[LIST] Quarantine: (none)
757271292	ID:20	[HFS] ra=74 si=49 cx=49 ac=82
757272955	ID:5	[LIST] Blacklist: (none)
757276648	ID:20	[LIST] Neighbors: 2,10,25,14,28,23,24
757280285	ID:20	[LIST] Quarantine: (none)
757280781	ID:5	FUZZRID,DET,25,1396,1093,303,0,100,100,12,0,0,0,82,75
757283782	ID:20	[LIST] Blacklist: (none)
757288811	ID:10	[HFS] ra=74 si=49 cx=49 ac=82
757291470	ID:20	FUZZRID,DET,25,1396,1093,303,0,100,100,7,0,0,0,82,75
757294447	ID:10	[LIST] Neighbors: 2,28,13,7,25,20,23,19
757298084	ID:10	[LIST] Quarantine: (none)
757301613	ID:10	[LIST] Blacklist: (none)
757309340	ID:10	FUZZRID,DET,25,1396,1093,303,0,100,100,6,0,4,0,82,75
757848126	ID:15	[PKT-TX] DATA bytes=14  seq=21 
758301316	ID:1	[PKT-RX] DATA bytes=14 from=15 seq=21
760937128	ID:22	[PKT-TX] DATA bytes=14  seq=21 
761066439	ID:1	[PKT-RX] DATA bytes=14 from=22 seq=21
761081296	ID:6	[PKT-TX] DATA bytes=13  seq=21 
761301272	ID:1	[PKT-RX] DATA bytes=13 from=6 seq=21
762050857	ID:29	[ATK-FAKE-RANK]  true_rank=1795 fake_rank=1931 t=11720s
762157729	ID:11	[PKT-TX] DATA bytes=14  seq=21 
762427110	ID:1	[PKT-RX] DATA bytes=14 from=11 seq=21
762882392	ID:6	[PKT-RTT] seq=21,rtt_delay_ms=898
763216530	ID:11	[PKT-RTT] seq=21,rtt_delay_ms=523
764958836	ID:20	[PKT-TX] DATA bytes=14  seq=21 
765051377	ID:1	[PKT-RX] DATA bytes=14 from=20 seq=21
766231108	ID:4	[PKT-TX] DATA bytes=13  seq=21 
766247945	ID:1	[PKT-RX] DATA bytes=13 from=4 seq=21
766274315	ID:4	[PKT-RTT] seq=21,rtt_delay_ms=15
766417149	ID:10	[HFS] ra=0 si=0 cx=49 ac=0
766422785	ID:10	[LIST] Neighbors: 2,28,13,7,25,20,23,19
766426422	ID:10	[LIST] Quarantine: (none)
766429918	ID:10	[LIST] Blacklist: (none)
766436039	ID:10	FUZZRID,DET,19,512,512,0,0,0,0,0,0,0,0,0,0
767033728	ID:31	[ATK-FAKE-RANK]  true_rank=966 fake_rank=969 t=11720s
767085340	ID:3	[HFS] ra=72 si=0 cx=49 ac=94
767090270	ID:3	[LIST] Neighbors: 2,23,17,31,27,21
767093907	ID:3	[LIST] Quarantine: (none)
767097404	ID:3	[LIST] Blacklist: (none)
767104262	ID:3	FUZZRID,DET,31,969,966,3,0,1,70,13,0,3,0,94,100
767365493	ID:9	[HFS] ra=0 si=0 cx=49 ac=0
767370862	ID:9	[LIST] Neighbors: 14,24,6,12,29,15,22
767374499	ID:9	[LIST] Quarantine: (none)
767378006	ID:9	[LIST] Blacklist: (none)
767384600	ID:9	FUZZRID,DET,15,1491,1491,0,0,0,0,0,0,10,0,0,0
767644429	ID:5	[PKT-TX] DATA bytes=13  seq=21 
767858745	ID:1	[PKT-RX] DATA bytes=13 from=5 seq=21
768132478	ID:5	[PKT-RTT] seq=21,rtt_delay_ms=242
768696818	ID:26	[ATK-FAKE-RANK]  true_rank=1327 fake_rank=1384 t=11720s
768802496	ID:22	[HFS] ra=74 si=0 cx=49 ac=95
768807865	ID:22	[LIST] Neighbors: 24,16,9,29,31,26,18
768811502	ID:22	[LIST] Quarantine: (none)
768815020	ID:22	[LIST] Blacklist: (none)
768822488	ID:22	FUZZRID,DET,26,1384,1327,57,0,22,84,11,0,0,0,95,100
769496920	ID:12	[PKT-TX] DATA bytes=14  seq=21 
769802265	ID:1	[PKT-RX] DATA bytes=14 from=12 seq=21
770244054	ID:12	[PKT-RTT] seq=21,rtt_delay_ms=367
770290895	ID:16	[PKT-TX] DATA bytes=14  seq=21 
770440902	ID:1	[PKT-RX] DATA bytes=14 from=16 seq=21
771057444	ID:13	[PKT-TX] DATA bytes=14  seq=21 
771381074	ID:1	[PKT-RX] DATA bytes=14 from=13 seq=21
771400461	ID:3	[PKT-TX] DATA bytes=13  seq=21 
771530119	ID:1	[PKT-RX] DATA bytes=13 from=3 seq=21
772450123	ID:29	[ATK-FAKE-RANK]  true_rank=1795 fake_rank=1951 t=11720s
772493951	ID:9	[HFS] ra=74 si=0 cx=49 ac=95
772499321	ID:9	[LIST] Neighbors: 14,24,6,12,29,15,22
772502957	ID:9	[LIST] Quarantine: (none)
772506454	ID:9	[LIST] Blacklist: (none)
772514454	ID:9	FUZZRID,DET,29,1951,1795,156,0,46,100,8,14,15,0,95,100
772870998	ID:12	[HFS] ra=0 si=0 cx=49 ac=0
772875366	ID:12	[LIST] Neighbors: 9,29,15,11,6
772879003	ID:12	[LIST] Quarantine: (none)
772882500	ID:12	[LIST] Blacklist: (none)
772888956	ID:12	FUZZRID,DET,11,1835,1835,0,0,0,0,0,0,2,0,0,0
776028631	ID:14	[PKT-TX] DATA bytes=14  seq=21 
776176978	ID:1	[PKT-RX] DATA bytes=14 from=14 seq=21
778245247	ID:17	[PKT-TX] DATA bytes=14  seq=21 
778278312	ID:1	[PKT-RX] DATA bytes=14 from=17 seq=21
779607460	ID:7	[PKT-TX] DATA bytes=13  seq=21 
779734328	ID:1	[PKT-RX] DATA bytes=13 from=7 seq=21
779940919	ID:25	[ATK-FAKE-RANK]  true_rank=1093 fake_rank=1416 t=11720s
780065766	ID:8	[HFS] ra=74 si=49 cx=49 ac=82
780069731	ID:8	[LIST] Neighbors: 7,25,5,30
780073368	ID:8	[LIST] Quarantine: (none)
780076865	ID:8	[LIST] Blacklist: (none)
780084571	ID:8	FUZZRID,DET,25,1416,1093,323,0,100,100,4,0,4,0,82,75
780159943	ID:5	 99843 P 0.0 12 426618 25131497 114393 237312 0 191857 29230 1936782 5365 18611 0 15187 (radio 1.37% / 1.21% tx 0.44% / 0.27% listen 0.92% / 0.94%)
780270453	ID:12	 99843 P 0.0 12 524705 25031308 122278 249727 0 195994 46902 1918942 13265 21165 0 13818 (radio 1.45% / 1.75% tx 0.47% / 0.67% listen 0.97% / 1.07%)
780301018	ID:4	 99843 P 0.0 12 400391 25157857 80706 228082 0 195991 29257 1936642 5292 18558 0 14922 (radio 1.20% / 1.21% tx 0.31% / 0.26% listen 0.89% / 0.94%)
780359953	ID:3	 99843 P 0.0 12 630646 24926964 185659 273501 0 200938 52915 1913077 17532 23040 0 14079 (radio 1.-89% / 2.06% tx 0.72% / 0.89% listen 1.07% / 1.17%)
780417903	ID:21	 99843 P 0.0 12 482294 25073932 95431 259027 0 203965 30842 1935121 3781 18914 0 15294 (radio 1.38% / 1.15% tx 0.37% / 0.19% listen 1.01% / 0.96%)
780462575	ID:16	 99843 P 0.0 12 533567 25024419 162149 246641 0 179963 33880 1931928 8397 18075 0 14283 (radio 1.59% / 1.34% tx 0.63% / 0.42% listen 0.96% / 0.91%)
780514808	ID:9	 99843 P 0.0 12 847404 24710955 268319 363194 0 248326 89465 1876419 36401 36171 0 19645 (radio 2.-121% / 3.69% tx 1.04% / 1.85% listen 1.42% / 1.83%)
780597368	ID:1	 99845 P 0.0 12 1516616 24040760 616254 24942101 0 0 109937 1855991 44255 1921783 0 0 (radio 100.-9915% / 100.-8739% tx 2.-127% / 2.25% listen 97.-9688% / 97.-8664%)
780631869	ID:7	 99843 P 0.0 12 1031393 24526356 418452 370417 0 179052 106048 1859980 52219 35761 0 13080 (radio 3.-160% / 4.47% tx 1.63% / 2.65% listen 1.44% / 1.81%)
780658397	ID:6	 99843 P 0.0 12 656132 24901752 168276 268954 0 206556 42485 1923330 8498 20262 0 16681 (radio 1.-97% / 1.46% tx 0.65% / 0.43% listen 1.05% / 1.03%)
780670516	ID:20	 99843 P 0.0 12 1282157 24276082 497760 460880 0 205408 75861 1890051 21338 26502 0 14742 (radio 3.-262% / 2.43% tx 1.-74% / 1.08% listen 1.-88% / 1.34%)
780692038	ID:2	 99843 P 0.0 12 1304906 24251522 373871 480803 0 226882 70787 1894841 15648 29457 0 16022 (radio 3.-134% / 2.29% tx 1.46% / 0.79% listen 1.-80% / 1.49%)
780701838	ID:22	 99843 P 0.0 12 781939 24776506 232796 336004 0 233241 50612 1915360 12503 25149 0 18740 (radio 2.-146% / 1.91% tx 0.91% / 0.63% listen 1.31% / 1.27%)
780777353	ID:15	 99843 P 0.0 12 1010689 24547627 347079 387555 0 232900 70908 1895110 23998 30633 0 18875 (radio 2.-81% / 2.77% tx 1.35% / 1.22% listen 1.51% / 1.55%)
780893155	ID:19	 99843 P 0.0 12 516393 25041839 66632 278403 0 239412 50863 1914972 9909 19952 0 15707 (radio 1.34% / 1.51% tx 0.26% / 0.50% listen 1.08% / 1.01%)
780939759	ID:13	 99843 P 0.0 12 703388 24854180 217300 299133 0 213211 41793 1924034 9679 21629 0 16298 (radio 2.-166% / 1.59% tx 0.85% / 0.49% listen 1.17% / 1.10%)
780955745	ID:17	 99843 P 0.0 12 425083 25133116 91514 232185 0 194647 34938 1930919 8113 19547 0 14378 (radio 1.26% / 1.40% tx 0.35% / 0.41% listen 0.90% / 0.99%)
780993175	ID:11	 99843 P 0.0 12 470824 25086929 140265 232749 0 176118 34035 1931809 9596 18285 0 13512 (radio 1.45% / 1.41% tx 0.54% / 0.48% listen 0.91% / 0.93%)
780996521	ID:21	[PKT-TX] DATA bytes=14  seq=22 
781013247	ID:1	[PKT-RX] DATA bytes=14 from=21 seq=22
781025946	ID:18	 99843 P 0.0 12 546973 25011491 171762 249764 0 188053 38316 1927654 11956 17916 0 13580 (radio 1.64% / 1.51% tx 0.67% / 0.60% listen 0.97% / 0.91%)
781062937	ID:10	 99843 P 0.0 12 651682 24906723 143648 343766 0 281426 43882 1922139 8826 25495 0 20027 (radio 1.-78% / 1.74% tx 0.56% / 0.44% listen 1.34% / 1.29%)
781067802	ID:1	[HFS] ra=0 si=0 cx=49 ac=0
781072865	ID:1	[LIST] Neighbors: 2,21,28,4,19,27,3
781076502	ID:1	[LIST] Quarantine: (none)
781079999	ID:1	[LIST] Blacklist: (none)
781085956	ID:1	FUZZRID,DET,3,790,790,0,0,0,0,0,0,0,0,0,0
781091690	ID:8	 99843 P 0.0 12 544790 25013567 152205 258129 0 191609 41207 1924849 11333 20980 0 15711 (radio 1.60% / 1.64% tx 0.59% / 0.57% listen 1.00% / 1.06%)
781114920	ID:14	 99843 P 0.0 12 790641 24767761 217181 355187 0 251435 77733 1888229 24625 32883 0 17824 (radio 2.-145% / 2.92% tx 0.84% / 1.25% listen 1.38% / 1.67%)
781144065	ID:21	[HFS] ra=0 si=0 cx=49 ac=0
781147995	ID:21	[LIST] Neighbors: 4,27,3,17
781151632	ID:21	[LIST] Quarantine: (none)
781155129	ID:21	[LIST] Blacklist: (none)
781161086	ID:21	FUZZRID,DET,3,790,790,0,0,0,0,0,0,0,0,0,0
781166460	ID:2	[HFS] ra=0 si=0 cx=49 ac=0
781172255	ID:2	[LIST] Neighbors: 28,19,27,13,10,3,20,23
781175892	ID:2	[LIST] Quarantine: (none)
781179388	ID:2	[LIST] Blacklist: (none)
781182304	ID:17	[HFS] ra=0 si=0 cx=49 ac=0
781185345	ID:2	FUZZRID,DET,3,790,790,0,0,0,0,0,0,2,0,0,0
781186394	ID:17	[LIST] Neighbors: 21,27,3,31
781190031	ID:17	[LIST] Quarantine: (none)
781193562	ID:17	[LIST] Blacklist: (none)
781199519	ID:17	FUZZRID,DET,3,790,790,0,0,0,0,0,0,4,0,0,0
781262988	ID:14	[PKT-TX] DATA bytes=14  seq=22 
781396697	ID:21	[PKT-RTT] seq=22,rtt_delay_ms=195
781429423	ID:1	[PKT-RX] DATA bytes=14 from=14 seq=22
781684423	ID:12	[PKT-TX] DATA bytes=14  seq=22 
782176955	ID:1	[PKT-RX] DATA bytes=14 from=12 seq=22
782398909	ID:10	[PKT-TX] DATA bytes=14  seq=22 
782693816	ID:1	[PKT-RX] DATA bytes=14 from=10 seq=22
783119032	ID:12	[PKT-RTT] seq=22,rtt_delay_ms=710
783165237	ID:10	[HFS] ra=0 si=0 cx=49 ac=0
783170873	ID:10	[LIST] Neighbors: 2,28,13,7,25,20,23,19
783174511	ID:10	[LIST] Quarantine: (none)
783178007	ID:10	[LIST] Blacklist: (none)
783184100	ID:10	FUZZRID,DET,13,857,857,0,0,0,0,0,0,2,0,0,0
783276453	ID:19	[PKT-TX] DATA bytes=14  seq=22 
783293371	ID:1	[PKT-RX] DATA bytes=14 from=19 seq=22
783364964	ID:19	[PKT-RTT] seq=22,rtt_delay_ms=39
784789879	ID:28	[ATK-FAKE-RANK]  true_rank=512 fake_rank=652 t=11720s
784915142	ID:10	[HFS] ra=74 si=0 cx=49 ac=95
784920795	ID:10	[LIST] Neighbors: 2,28,13,7,25,20,23,19
784924432	ID:10	[LIST] Quarantine: (none)
784927928	ID:10	[LIST] Blacklist: (none)
784935427	ID:10	FUZZRID,DET,28,652,512,140,0,53,100,20,0,1,0,95,100
785581299	ID:6	[PKT-TX] DATA bytes=13  seq=22 
785801722	ID:1	[PKT-RX] DATA bytes=13 from=6 seq=22
786257086	ID:6	[PKT-RTT] seq=22,rtt_delay_ms=335
789009843	ID:3	[PKT-TX] DATA bytes=13  seq=22 
789153829	ID:1	[PKT-RX] DATA bytes=13 from=3 seq=22
789386728	ID:2	[PKT-TX] DATA bytes=13  seq=22 
789403257	ID:1	[PKT-RX] DATA bytes=13 from=2 seq=22
792259292	ID:11	[PKT-TX] DATA bytes=14  seq=22 
792405878	ID:22	[PKT-TX] DATA bytes=14  seq=22 
792567990	ID:1	[PKT-RX] DATA bytes=14 from=22 seq=22
792801444	ID:1	[PKT-RX] DATA bytes=14 from=11 seq=22
794090652	ID:11	[PKT-RTT] seq=22,rtt_delay_ms=914
796105360	ID:5	[PKT-TX] DATA bytes=13  seq=22 
796357803	ID:1	[PKT-RX] DATA bytes=13 from=5 seq=22
796632737	ID:5	[PKT-RTT] seq=22,rtt_delay_ms=257
799612442	ID:17	[PKT-TX] DATA bytes=14  seq=22 
799654473	ID:1	[PKT-RX] DATA bytes=14 from=17 seq=22
799803016	ID:17	[PKT-RTT] seq=22,rtt_delay_ms=93
799923707	ID:16	[PKT-TX] DATA bytes=14  seq=22 
800065902	ID:1	[PKT-RX] DATA bytes=14 from=16 seq=22
800145962	ID:4	[PKT-TX] DATA bytes=13  seq=22 
800162846	ID:1	[PKT-RX] DATA bytes=13 from=4 seq=22
800274387	ID:4	[PKT-RTT] seq=22,rtt_delay_ms=62
800553034	ID:8	[PKT-TX] DATA bytes=13  seq=22 
800732699	ID:1	[PKT-RX] DATA bytes=13 from=8 seq=22
801066082	ID:8	[PKT-RTT] seq=22,rtt_delay_ms=250
802262189	ID:15	[PKT-TX] DATA bytes=14  seq=22 
802333836	ID:20	[PKT-TX] DATA bytes=14  seq=22 
802455624	ID:23	[ATK-FAKE-RANK]  true_rank=819 fake_rank=1138 t=11720s
802927415	ID:1	[PKT-RX] DATA bytes=14 from=20 seq=22
803177779	ID:1	[PKT-RX] DATA bytes=14 from=15 seq=22
803264448	ID:27	[ATK-FAKE-RANK]  true_rank=512 fake_rank=652 t=11720s
803292441	ID:2	[HFS] ra=74 si=0 cx=49 ac=95
803298236	ID:2	[LIST] Neighbors: 28,19,27,13,10,3,20,23
803301907	ID:2	[LIST] Quarantine: (none)
803305403	ID:2	[LIST] Blacklist: (none)
803312871	ID:2	FUZZRID,DET,27,652,512,140,0,53,100,10,0,1,0,95,100
805802773	ID:7	[PKT-TX] DATA bytes=13  seq=22 
805859132	ID:1	[PKT-RX] DATA bytes=13 from=7 seq=22
805869952	ID:13	[PKT-TX] DATA bytes=14  seq=22 
806003945	ID:1	[PKT-RX] DATA bytes=14 from=13 seq=22
807176519	ID:22	[HFS] ra=0 si=0 cx=49 ac=0
807181922	ID:22	[LIST] Neighbors: 24,16,9,29,31,26,18
807185559	ID:22	[LIST] Quarantine: (none)
807189056	ID:22	[LIST] Blacklist: (none)
807195372	ID:22	FUZZRID,DET,9,1460,1460,0,0,0,0,0,0,1,0,0,0
807920610	ID:9	[PKT-TX] DATA bytes=13  seq=22 
808052772	ID:1	[PKT-RX] DATA bytes=13 from=9 seq=22
809847141	ID:18	[PKT-TX] DATA bytes=14  seq=22 
810066387	ID:1	[PKT-RX] DATA bytes=14 from=18 seq=22
811699851	ID:4	[PKT-TX] DATA bytes=13  seq=23 
811716567	ID:1	[PKT-RX] DATA bytes=13 from=4 seq=23
811772073	ID:4	[PKT-RTT] seq=23,rtt_delay_ms=31
813288950	ID:10	[HFS] ra=0 si=0 cx=49 ac=0
813294586	ID:10	[LIST] Neighbors: 2,28,13,7,25,20,23,19
813298223	ID:10	[LIST] Quarantine: (none)
813301748	ID:10	[LIST] Blacklist: (none)
813307704	ID:10	FUZZRID,DET,7,932,932,0,0,0,0,0,0,4,0,0,0
814305159	ID:10	[PKT-TX] DATA bytes=14  seq=23 
814427631	ID:1	[PKT-RX] DATA bytes=14 from=10 seq=23
814917123	ID:17	[PKT-TX] DATA bytes=14  seq=23 
815028407	ID:1	[PKT-RX] DATA bytes=14 from=17 seq=23
815180303	ID:17	[PKT-RTT] seq=23,rtt_delay_ms=125
815376479	ID:11	[PKT-TX] DATA bytes=14  seq=23 
815505989	ID:30	[ATK-FAKE-RANK]  true_rank=1310 fake_rank=1686 t=11720s
815678749	ID:1	[PKT-RX] DATA bytes=14 from=11 seq=23
815759088	ID:6	[HFS] ra=74 si=49 cx=49 ac=82
815764056	ID:6	[LIST] Neighbors: 14,30,9,15,12,11
815767693	ID:6	[LIST] Quarantine: (none)
815771190	ID:6	[LIST] Blacklist: (none)
815779016	ID:6	FUZZRID,DET,30,1686,1310,376,0,100,100,16,0,1,0,82,75
816216881	ID:11	[PKT-RTT] seq=23,rtt_delay_ms=414
820595773	ID:3	[PKT-TX] DATA bytes=13  seq=23 
820654894	ID:1	[PKT-RX] DATA bytes=13 from=3 seq=23
820748720	ID:9	[PKT-TX] DATA bytes=13  seq=23 
820927664	ID:1	[PKT-RX] DATA bytes=13 from=9 seq=23
821723950	ID:14	[PKT-TX] DATA bytes=14  seq=23 
821800887	ID:1	[PKT-RX] DATA bytes=14 from=14 seq=23
824134645	ID:16	[PKT-TX] DATA bytes=14  seq=23 
824317349	ID:1	[PKT-RX] DATA bytes=14 from=16 seq=23
824763456	ID:8	[PKT-TX] DATA bytes=13  seq=23 
824983629	ID:1	[PKT-RX] DATA bytes=13 from=8 seq=23
825313311	ID:8	[PKT-RTT] seq=23,rtt_delay_ms=273
827040407	ID:10	[HFS] ra=0 si=0 cx=49 ac=0
827046075	ID:10	[LIST] Neighbors: 2,28,13,7,25,20,23,19
827049712	ID:10	[LIST] Quarantine: (none)
827053208	ID:10	[LIST] Blacklist: (none)
827059303	ID:10	FUZZRID,DET,20,781,781,0,0,0,0,0,0,0,0,0,0
827116826	ID:9	[HFS] ra=0 si=0 cx=49 ac=0
827122205	ID:9	[LIST] Neighbors: 14,24,6,12,29,15,22
827125842	ID:9	[LIST] Quarantine: (none)
827129339	ID:9	[LIST] Blacklist: (none)
827130235	ID:15	[HFS] ra=0 si=0 cx=49 ac=0
827134030	ID:6	[HFS] ra=0 si=0 cx=49 ac=0
827135818	ID:9	FUZZRID,DET,14,1056,1056,0,0,0,0,0,0,6,0,0,0
827135871	ID:15	[LIST] Neighbors: 9,14,29,24,12,11,6,30
827138973	ID:6	[LIST] Neighbors: 14,30,9,15,12,11
827139508	ID:15	[LIST] Quarantine: (none)
827142610	ID:6	[LIST] Quarantine: (none)
827143005	ID:15	[LIST] Blacklist: (none)
827146122	ID:6	[LIST] Blacklist: (none)
827147455	ID:20	[HFS] ra=0 si=0 cx=49 ac=0
827149480	ID:15	FUZZRID,DET,14,1056,1056,0,0,0,0,0,0,9,0,0,0
827152576	ID:6	FUZZRID,DET,14,1056,1056,0,0,0,0,0,0,6,0,0,0
827152810	ID:20	[LIST] Neighbors: 2,10,25,14,28,23,24
827156447	ID:20	[LIST] Quarantine: (none)
827159944	ID:20	[LIST] Blacklist: (none)
827166432	ID:20	FUZZRID,DET,14,1056,1056,0,0,0,0,0,0,4,0,0,0
827599469	ID:20	[PKT-TX] DATA bytes=14  seq=23 
827898065	ID:22	[PKT-TX] DATA bytes=14  seq=23 
828871108	ID:18	[PKT-TX] DATA bytes=14  seq=23 
828925698	ID:1	[PKT-RX] DATA bytes=14 from=20 seq=23
829163632	ID:10	[HFS] ra=0 si=0 cx=49 ac=0
829169267	ID:10	[LIST] Neighbors: 2,28,13,7,25,20,23,19
829172904	ID:10	[LIST] Quarantine: (none)
829176401	ID:10	[LIST] Blacklist: (none)
829182494	ID:10	FUZZRID,DET,13,865,865,0,0,0,0,0,0,2,0,0,0
829231665	ID:7	[HFS] ra=0 si=0 cx=49 ac=0
829236461	ID:7	[LIST] Neighbors: 28,13,10,25,5,8
829240098	ID:7	[LIST] Quarantine: (none)
829243596	ID:7	[LIST] Blacklist: (none)
829244889	ID:19	[HFS] ra=0 si=0 cx=49 ac=0
829249672	ID:19	[LIST] Neighbors: 2,28,27,4,13,10
829249689	ID:7	FUZZRID,DET,13,865,865,0,0,0,0,0,0,2,0,0,0
829253309	ID:19	[LIST] Quarantine: (none)
829256832	ID:19	[LIST] Blacklist: (none)
829262925	ID:19	FUZZRID,DET,13,865,865,0,0,0,0,0,0,1,0,0,0
829715673	ID:12	[PKT-TX] DATA bytes=14  seq=23 
829863716	ID:21	[PKT-TX] DATA bytes=14  seq=23 
829880637	ID:1	[PKT-RX] DATA bytes=14 from=21 seq=23
829926233	ID:1	[PKT-RX] DATA bytes=14 from=12 seq=23
829943405	ID:7	[PKT-TX] DATA bytes=13  seq=23 
829988172	ID:5	[PKT-TX] DATA bytes=13  seq=23 
830129076	ID:15	[HFS] ra=0 si=0 cx=49 ac=0
830134712	ID:15	[LIST] Neighbors: 9,14,29,24,12,11,6,30
830138349	ID:15	[LIST] Quarantine: (none)
830141845	ID:15	[LIST] Blacklist: (none)
830148299	ID:15	FUZZRID,DET,12,1805,1805,0,0,0,0,0,0,1,0,0,0
831302953	ID:22	[HFS] ra=0 si=0 cx=49 ac=0
831308323	ID:22	[LIST] Neighbors: 24,16,9,29,31,26,18
831311960	ID:22	[LIST] Quarantine: (none)
831315457	ID:22	[LIST] Blacklist: (none)
831321913	ID:22	FUZZRID,DET,16,1232,1232,0,0,0,0,0,0,2,0,0,0
832316858	ID:1	[PKT-RX] DATA bytes=14 from=18 seq=23
832983348	ID:1	[PKT-RX] DATA bytes=13 from=7 seq=23
833234556	ID:1	[PKT-RX] DATA bytes=13 from=5 seq=23
833506810	ID:5	[PKT-RTT] seq=23,rtt_delay_ms=1757
834940272	ID:13	[PKT-TX] DATA bytes=14  seq=23 
835006071	ID:1	[PKT-RX] DATA bytes=14 from=13 seq=23
835161316	ID:13	[PKT-RTT] seq=23,rtt_delay_ms=109
835573487	ID:6	[PKT-TX] DATA bytes=13  seq=23 
835762182	ID:15	[PKT-TX] DATA bytes=14  seq=23 
835803770	ID:1	[PKT-RX] DATA bytes=13 from=6 seq=23
836553101	ID:1	[PKT-RX] DATA bytes=14 from=15 seq=23
836707075	ID:2	[PKT-TX] DATA bytes=13  seq=23 
836723604	ID:1	[PKT-RX] DATA bytes=13 from=2 seq=23
836880342	ID:6	[PKT-RTT] seq=23,rtt_delay_ms=648
837049917	ID:19	[PKT-TX] DATA bytes=14  seq=23 
837066797	ID:1	[PKT-RX] DATA bytes=14 from=19 seq=23
840160195	ID:5	 107523 P 0.0 13 454498 27069573 120878 254698 0 206285 27879 1938076 6485 17386 0 14428 (radio 1.36% / 1.21% tx 0.43% / 0.32% listen 0.92% / 0.88%)
840270461	ID:12	 107523 P 0.0 13 559810 26962248 130301 267591 0 209546 35103 1930940 8023 17864 0 13552 (radio 1.44% / 1.31% tx 0.47% / 0.40% listen 0.97% / 0.90%)
840301291	ID:4	 107523 P 0.0 13 432764 27091396 87888 246951 0 211251 32372 1933539 7182 18869 0 15260 (radio 1.21% / 1.32% tx 0.31% / 0.36% listen 0.89% / 0.95%)
840359964	ID:3	 107523 P 0.0 13 665829 26857713 193286 291389 0 216609 35182 1930749 7627 17888 0 15671 (radio 1.-80% / 1.29% tx 0.70% / 0.38% listen 1.05% / 0.90%)
840418143	ID:21	 107523 P 0.0 13 516073 27006079 98902 280238 0 220387 33778 1932147 3471 21211 0 16422 (radio 1.37% / 1.25% tx 0.35% / 0.17% listen 1.01% / 1.07%)
840463237	ID:16	 107523 P 0.0 13 577419 26946626 177486 266662 0 193728 43851 1922207 15337 20021 0 13765 (radio 1.-95% / 1.79% tx 0.64% / 0.78% listen 0.96% / 1.01%)
840515115	ID:9	 107523 P 0.0 13 906255 26618071 286591 389634 0 266089 58850 1907116 18272 26440 0 17763 (radio 2.-111% / 2.27% tx 1.04% / 0.92% listen 1.41% / 1.34%)
840597460	ID:1	 107525 P 0.0 13 1635796 25887604 669337 26854888 0 0 119178 1846844 53083 1912786 0 0 (radio 100.-9987% / 99.-8640% tx 2.-113% / 2.70% listen 97.-9618% / 97.-8710%)
840631990	ID:7	 107523 P 0.0 13 1113640 26410094 453261 401815 0 193554 82246 1883738 34809 31398 0 14502 (radio 3.-146% / 3.36% tx 1.-92% / 1.77% listen 1.45% / 1.59%)
840658674	ID:6	 107523 P 0.0 13 692253 26831515 173062 287042 0 221169 36120 1929763 4786 18088 0 14613 (radio 1.-89% / 1.16% tx 0.62% / 0.24% listen 1.04% / 0.92%)
840671250	ID:20	 107523 P 0.0 13 1407060 26117127 555267 502810 0 220432 124901 1841045 57507 41930 0 15024 (radio 3.-228% / 5.05% tx 2.-155% / 2.92% listen 1.-74% / 2.13%)
840696019	ID:2	 107523 P 0.0 13 1390215 26132233 397211 515841 0 245144 85307 1880711 23340 35038 0 18262 (radio 3.-281% / 2.96% tx 1.44% / 1.18% listen 1.-69% / 1.78%)
840702068	ID:22	 107523 P 0.0 13 838915 26685468 250161 360267 0 249126 56975 1908962 17365 24263 0 15885 (radio 2.-135% / 2.11% tx 0.90% / 0.88% listen 1.30% / 1.23%)
840738165	ID:5	[PKT-TX] DATA bytes=13  seq=24 
840777550	ID:15	 107523 P 0.0 13 1083361 26441006 371660 415953 0 248540 72671 1893379 24581 28398 0 15640 (radio 2.-70% / 2.69% tx 1.35% / 1.25% listen 1.51% / 1.44%)
840816399	ID:2	[PKT-TX] DATA bytes=13  seq=24 
840832981	ID:1	[PKT-RX] DATA bytes=13 from=2 seq=24
840895224	ID:19	 107523 P 0.0 13 551488 26972731 68146 301740 0 260335 35094 1930892 1514 23337 0 20923 (radio 1.34% / 1.26% tx 0.24% / 0.07% listen 1.09% / 1.18%)
840940325	ID:13	 107523 P 0.0 13 763372 26760226 239644 324357 0 229737 59982 1906046 22344 25224 0 16526 (radio 2.-152% / 2.41% tx 0.87% / 1.13% listen 1.17% / 1.28%)
840956584	ID:17	 107523 P 0.0 13 473112 27050982 108785 254212 0 208422 48028 1917866 17271 22027 0 13775 (radio 1.31% / 1.99% tx 0.39% / 0.87% listen 0.92% / 1.12%)
840993404	ID:11	 107523 P 0.0 13 496966 27026857 145513 248513 0 189094 26141 1939928 5248 15764 0 12976 (radio 1.43% / 1.06% tx 0.52% / 0.26% listen 0.90% / 0.80%)
841026046	ID:18	 107523 P 0.0 13 571197 26953007 174660 264966 0 201860 24223 1941516 2898 15202 0 13807 (radio 1.-97% / 0.92% tx 0.63% / 0.14% listen 0.96% / 0.77%)
841063517	ID:10	 107523 P 0.0 13 723659 26800732 165561 377562 0 302722 71975 1894009 21913 33796 0 21296 (radio 1.-59% / 2.83% tx 0.60% / 1.11% listen 1.37% / 1.71%)
841091824	ID:8	 107523 P 0.0 13 576131 26948292 158078 275820 0 206001 31340 1934725 5873 17691 0 14392 (radio 1.-99% / 1.19% tx 0.57% / 0.29% listen 1.00% / 0.89%)
841115215	ID:14	 107523 P 0.0 13 846723 26677551 233742 380638 0 268945 56081 1909790 16561 25451 0 17510 (radio 2.-133% / 2.13% tx 0.84% / 0.84% listen 1.38% / 1.29%)
841734438	ID:1	[PKT-RX] DATA bytes=13 from=5 seq=24
842037204	ID:2	[PKT-RTT] seq=24,rtt_delay_ms=609
842801216	ID:21	[PKT-TX] DATA bytes=14  seq=24 
842818044	ID:1	[PKT-RX] DATA bytes=14 from=21 seq=24
842845582	ID:16	[PKT-TX] DATA bytes=14  seq=24 
843140447	ID:21	[PKT-RTT] seq=24,rtt_delay_ms=164
843441183	ID:1	[PKT-RX] DATA bytes=14 from=16 seq=24
843474393	ID:8	[PKT-TX] DATA bytes=13  seq=24 
843732416	ID:1	[PKT-RX] DATA bytes=13 from=8 seq=24
844144016	ID:18	[PKT-TX] DATA bytes=14  seq=24 
844371553	ID:24	[ATK-FAKE-RANK]  true_rank=1072 fake_rank=1296 t=11720s
844552644	ID:22	[HFS] ra=74 si=49 cx=49 ac=82
844558014	ID:22	[LIST] Neighbors: 24,16,9,29,31,26,18
844561651	ID:22	[LIST] Quarantine: (none)
844565160	ID:22	[LIST] Blacklist: (none)
844572838	ID:22	FUZZRID,DET,24,1296,1072,224,0,84,100,21,0,2,0,82,75
844591305	ID:14	[HFS] ra=74 si=49 cx=49 ac=82
844596529	ID:14	[LIST] Neighbors: 20,25,30,24,9,6,15
844600166	ID:14	[LIST] Quarantine: (none)
844603663	ID:14	[LIST] Blacklist: (none)
844611309	ID:14	FUZZRID,DET,24,1296,1072,224,0,87,100,26,0,0,0,82,75
844616952	ID:9	[HFS] ra=74 si=49 cx=49 ac=82
844622345	ID:9	[LIST] Neighbors: 14,24,6,12,29,15,22
844625982	ID:9	[LIST] Quarantine: (none)
844629479	ID:9	[LIST] Blacklist: (none)
844630055	ID:15	[HFS] ra=74 si=49 cx=49 ac=82
844635691	ID:15	[LIST] Neighbors: 9,14,29,24,12,11,6,30
844637151	ID:9	FUZZRID,DET,24,1296,1072,224,0,85,100,21,0,1,0,82,75
844639328	ID:15	[LIST] Quarantine: (none)
844642825	ID:15	[LIST] Blacklist: (none)
844647358	ID:20	[HFS] ra=74 si=49 cx=49 ac=82
844650506	ID:15	FUZZRID,DET,24,1296,1072,224,0,82,100,20,0,3,0,82,75
844652714	ID:20	[LIST] Neighbors: 2,10,25,14,28,23,24
844656351	ID:20	[LIST] Quarantine: (none)
844659848	ID:20	[LIST] Blacklist: (none)
844667534	ID:20	FUZZRID,DET,24,1296,1072,224,0,87,100,58,0,0,0,82,55
844817432	ID:1	[PKT-RX] DATA bytes=14 from=18 seq=24
849206559	ID:29	[ATK-FAKE-RANK]  true_rank=1795 fake_rank=1971 t=11720s
849242256	ID:9	[HFS] ra=74 si=0 cx=49 ac=95
849245470	ID:12	[HFS] ra=74 si=0 cx=49 ac=95
849247625	ID:9	[LIST] Neighbors: 14,24,6,12,29,15,22
849249840	ID:12	[LIST] Neighbors: 9,29,15,11,6
849251262	ID:9	[LIST] Quarantine: (none)
849253477	ID:12	[LIST] Quarantine: (none)
849253912	ID:18	[HFS] ra=74 si=0 cx=49 ac=95
849254759	ID:9	[LIST] Blacklist: (none)
849254787	ID:15	[HFS] ra=74 si=0 cx=49 ac=95
849256974	ID:12	[LIST] Blacklist: (none)
849258149	ID:18	[LIST] Neighbors: 26,22,29,16
849260423	ID:15	[LIST] Neighbors: 9,14,29,24,12,11,6,30
849261798	ID:18	[LIST] Quarantine: (none)
849262619	ID:9	FUZZRID,DET,29,1971,1795,176,0,53,100,4,0,15,0,95,100
849264060	ID:15	[LIST] Quarantine: (none)
849264939	ID:12	FUZZRID,DET,29,1971,1795,176,0,53,100,12,0,14,0,95,100
849265295	ID:18	[LIST] Blacklist: (none)
849267557	ID:15	[LIST] Blacklist: (none)
849273261	ID:18	FUZZRID,DET,29,1971,1795,176,0,53,100,12,0,15,0,95,100
849275523	ID:15	FUZZRID,DET,29,1971,1795,176,0,52,100,11,0,16,0,95,100
849301877	ID:22	[HFS] ra=74 si=0 cx=49 ac=95
849307262	ID:22	[LIST] Neighbors: 24,16,9,29,31,26,18
849310899	ID:22	[LIST] Quarantine: (none)
849314396	ID:22	[LIST] Blacklist: (none)
849322362	ID:22	FUZZRID,DET,29,1971,1795,176,0,53,100,12,0,14,0,95,100
849336410	ID:10	[PKT-TX] DATA bytes=14  seq=24 
849426125	ID:1	[PKT-RX] DATA bytes=14 from=10 seq=24
850285473	ID:10	[PKT-RTT] seq=24,rtt_delay_ms=468
850769992	ID:15	[PKT-TX] DATA bytes=14  seq=24 
851148073	ID:22	[PKT-TX] DATA bytes=14  seq=24 
851481101	ID:4	[PKT-TX] DATA bytes=13  seq=24 
851497885	ID:1	[PKT-RX] DATA bytes=13 from=4 seq=24
851524398	ID:4	[PKT-RTT] seq=24,rtt_delay_ms=15
851552525	ID:20	[PKT-TX] DATA bytes=14  seq=24 
851573069	ID:13	[PKT-TX] DATA bytes=14  seq=24 
851629917	ID:1	[PKT-RX] DATA bytes=14 from=13 seq=24
851871532	ID:12	[HFS] ra=0 si=0 cx=49 ac=0
851875889	ID:12	[LIST] Neighbors: 9,29,15,11,6
851879526	ID:12	[LIST] Quarantine: (none)
851883022	ID:12	[LIST] Blacklist: (none)
851884738	ID:6	[HFS] ra=0 si=0 cx=49 ac=0
851889338	ID:12	FUZZRID,DET,9,1335,1335,0,0,0,0,0,0,2,0,0,0
851889682	ID:6	[LIST] Neighbors: 14,30,9,15,12,11
851893319	ID:6	[LIST] Quarantine: (none)
851896821	ID:6	[LIST] Blacklist: (none)
851903136	ID:6	FUZZRID,DET,9,1335,1335,0,0,0,0,0,0,3,0,0,0
852053146	ID:1	[PKT-RX] DATA bytes=14 from=15 seq=24
852064523	ID:3	[PKT-TX] DATA bytes=13  seq=24 
852091131	ID:14	[PKT-TX] DATA bytes=14  seq=24 
852153075	ID:1	[PKT-RX] DATA bytes=13 from=3 seq=24
853249558	ID:15	[PKT-RTT] seq=24,rtt_delay_ms=1234
853932703	ID:19	[PKT-TX] DATA bytes=14  seq=24 
853949483	ID:1	[PKT-RX] DATA bytes=14 from=19 seq=24
854366987	ID:19	[PKT-RTT] seq=24,rtt_delay_ms=210
854565600	ID:1	[PKT-RX] DATA bytes=14 from=22 seq=24
855052436	ID:1	[PKT-RX] DATA bytes=14 from=14 seq=24
855077588	ID:28	[ATK-FAKE-RANK]  true_rank=512 fake_rank=672 t=11720s
855099865	ID:1	[HFS] ra=74 si=42 cx=49 ac=82
855104957	ID:1	[LIST] Neighbors: 2,21,28,4,19,27,3
855107950	ID:7	[HFS] ra=74 si=42 cx=49 ac=82
855108593	ID:1	[LIST] Quarantine: (none)
855112090	ID:1	[LIST] Blacklist: (none)
855112747	ID:7	[LIST] Neighbors: 28,13,10,25,5,8
855116384	ID:7	[LIST] Quarantine: (none)
855119377	ID:1	FUZZRID,DET,28,672,512,160,0,62,100,26,0,0,0,82,75
855119881	ID:7	[LIST] Blacklist: (none)
855121291	ID:19	[HFS] ra=74 si=42 cx=49 ac=82
855126074	ID:19	[LIST] Neighbors: 2,28,27,4,13,10
855127167	ID:7	FUZZRID,DET,28,672,512,160,0,62,100,26,0,0,0,82,75
855129735	ID:19	[LIST] Quarantine: (none)
855133231	ID:19	[LIST] Blacklist: (none)
855140519	ID:19	FUZZRID,DET,28,672,512,160,0,62,100,26,0,0,0,82,75
855147639	ID:20	[HFS] ra=74 si=42 cx=49 ac=82
855152995	ID:20	[LIST] Neighbors: 2,10,25,14,28,23,24
855156666	ID:20	[LIST] Quarantine: (none)
855160163	ID:20	[LIST] Blacklist: (none)
855164037	ID:10	[HFS] ra=74 si=42 cx=49 ac=82
855167488	ID:20	FUZZRID,DET,28,672,512,160,0,62,100,10,0,0,0,82,75
855168170	ID:13	[HFS] ra=74 si=37 cx=49 ac=82
855169044	ID:2	[HFS] ra=74 si=37 cx=49 ac=82
855169676	ID:10	[LIST] Neighbors: 2,28,13,7,25,20,23,19
855172954	ID:13	[LIST] Neighbors: 2,28,19,10,7,25
855173313	ID:10	[LIST] Quarantine: (none)
855174840	ID:2	[LIST] Neighbors: 28,19,27,13,10,3,20,23
855176590	ID:13	[LIST] Quarantine: (none)
855176809	ID:10	[LIST] Blacklist: (none)
855178477	ID:2	[LIST] Quarantine: (none)
855180087	ID:13	[LIST] Blacklist: (none)
855181974	ID:2	[LIST] Blacklist: (none)
855183957	ID:10	FUZZRID,DET,28,672,512,160,0,62,100,5,0,0,0,82,75
855187230	ID:13	FUZZRID,DET,28,672,512,160,0,61,94,25,0,1,0,82,75
855189261	ID:2	FUZZRID,DET,28,672,512,160,0,61,100,25,0,1,0,82,75
856175000	ID:22	[PKT-RTT] seq=24,rtt_delay_ms=2507
857440560	ID:17	[PKT-TX] DATA bytes=14  seq=24 
857497683	ID:12	[HFS] ra=0 si=0 cx=49 ac=0
857502044	ID:12	[LIST] Neighbors: 9,29,15,11,6
857505681	ID:12	[LIST] Quarantine: (none)
857509178	ID:12	[LIST] Blacklist: (none)
857515492	ID:12	FUZZRID,DET,6,1767,1767,0,0,0,0,0,0,0,0,0,0
858030732	ID:1	[PKT-RX] DATA bytes=14 from=17 seq=24
858163626	ID:10	[HFS] ra=0 si=0 cx=49 ac=0
858167629	ID:2	[HFS] ra=0 si=0 cx=49 ac=0
858169262	ID:10	[LIST] Neighbors: 2,28,13,7,25,20,23,19
858172899	ID:10	[LIST] Quarantine: (none)
858173424	ID:2	[LIST] Neighbors: 28,19,27,13,10,3,20,23
858176395	ID:10	[LIST] Blacklist: (none)
858177061	ID:2	[LIST] Quarantine: (none)
858180558	ID:2	[LIST] Blacklist: (none)
858182490	ID:10	FUZZRID,DET,20,947,947,0,0,0,0,0,0,0,6,0,0
858186684	ID:2	FUZZRID,DET,20,947,947,0,0,0,0,0,0,7,6,0,0
858214071	ID:14	[HFS] ra=0 si=0 cx=49 ac=0
858219295	ID:14	[LIST] Neighbors: 20,25,30,24,9,6,15
858222931	ID:14	[LIST] Quarantine: (none)
858226428	ID:14	[LIST] Blacklist: (none)
858232523	ID:14	FUZZRID,DET,20,947,947,0,0,0,0,0,0,0,0,0,0
860681171	ID:23	[ATK-FAKE-RANK]  true_rank=819 fake_rank=1158 t=11720s
860711561	ID:3	[HFS] ra=74 si=49 cx=49 ac=82
860716491	ID:3	[LIST] Neighbors: 2,23,17,31,27,21
860720128	ID:3	[LIST] Quarantine: (none)
860723645	ID:3	[LIST] Blacklist: (none)
860731185	ID:3	FUZZRID,DET,23,1158,819,339,0,100,100,2,0,3,0,82,55
860772649	ID:20	[HFS] ra=74 si=49 cx=49 ac=82
860778005	ID:20	[LIST] Neighbors: 2,10,25,14,28,23,24
860781666	ID:20	[LIST] Quarantine: (none)
860785163	ID:20	[LIST] Blacklist: (none)
860789476	ID:10	[HFS] ra=74 si=49 cx=49 ac=82
860792671	ID:20	FUZZRID,DET,23,1158,819,339,0,100,100,2,0,2,0,82,55
860794531	ID:2	[HFS] ra=74 si=49 cx=49 ac=82
860795112	ID:10	[LIST] Neighbors: 2,28,13,7,25,20,23,19
860798749	ID:10	[LIST] Quarantine: (none)
860800326	ID:2	[LIST] Neighbors: 28,19,27,13,10,3,20,23
860802246	ID:10	[LIST] Blacklist: (none)
860803963	ID:2	[LIST] Quarantine: (none)
860807460	ID:2	[LIST] Blacklist: (none)
860809780	ID:10	FUZZRID,DET,23,1158,819,339,0,100,100,2,0,0,0,82,55
860814994	ID:2	FUZZRID,DET,23,1158,819,339,0,100,100,2,0,2,0,82,55
861220735	ID:26	[ATK-FAKE-RANK]  true_rank=1327 fake_rank=1404 t=11720s
861251177	ID:18	[HFS] ra=74 si=0 cx=49 ac=95
861255425	ID:18	[LIST] Neighbors: 26,22,29,16
861259061	ID:18	[LIST] Quarantine: (none)
861262558	ID:18	[LIST] Blacklist: (none)
861270097	ID:18	FUZZRID,DET,26,1404,1327,77,0,28,100,3,0,3,0,95,100
861907848	ID:25	[ATK-FAKE-RANK]  true_rank=1037 fake_rank=1436 t=11720s
861942815	ID:8	[HFS] ra=74 si=49 cx=49 ac=82
861946746	ID:8	[LIST] Neighbors: 7,25,5,30
861950383	ID:8	[LIST] Quarantine: (none)
861953882	ID:8	[LIST] Blacklist: (none)
861961710	ID:8	FUZZRID,DET,25,1436,1037,399,0,100,100,17,0,7,0,82,75
861981824	ID:7	[HFS] ra=74 si=49 cx=49 ac=82
861986621	ID:7	[LIST] Neighbors: 28,13,10,25,5,8
861990258	ID:7	[LIST] Quarantine: (none)
861993755	ID:7	[LIST] Blacklist: (none)
862001582	ID:7	FUZZRID,DET,25,1436,1037,399,0,100,100,23,0,3,0,82,75
862011347	ID:5	[HFS] ra=74 si=49 cx=49 ac=82
862014852	ID:5	[LIST] Neighbors: 7,8,25
862018489	ID:5	[LIST] Quarantine: (none)
862019970	ID:20	[HFS] ra=74 si=49 cx=49 ac=82
862021986	ID:5	[LIST] Blacklist: (none)
862025326	ID:20	[LIST] Neighbors: 2,10,25,14,28,23,24
862028963	ID:20	[LIST] Quarantine: (none)
862029813	ID:5	FUZZRID,DET,25,1436,1037,399,0,100,100,23,0,4,0,82,75
862032460	ID:20	[LIST] Blacklist: (none)
862040316	ID:20	FUZZRID,DET,25,1436,1037,399,0,100,100,22,0,5,0,82,75
862042296	ID:13	[HFS] ra=74 si=49 cx=49 ac=82
862042468	ID:10	[HFS] ra=74 si=49 cx=49 ac=82
862047079	ID:13	[LIST] Neighbors: 2,28,19,10,7,25
862048104	ID:10	[LIST] Neighbors: 2,28,13,7,25,20,23,19
862050716	ID:13	[LIST] Quarantine: (none)
862051749	ID:10	[LIST] Quarantine: (none)
862054213	ID:13	[LIST] Blacklist: (none)
862055245	ID:10	[LIST] Blacklist: (none)
862062075	ID:13	FUZZRID,DET,25,1436,1037,399,0,100,100,30,0,3,0,82,75
862063073	ID:10	FUZZRID,DET,25,1436,1037,399,0,100,100,21,0,7,0,82,75
862232863	ID:7	[HFS] ra=0 si=0 cx=49 ac=0
862237659	ID:7	[LIST] Neighbors: 28,13,10,25,5,8
862241296	ID:7	[LIST] Quarantine: (none)
862244793	ID:7	[LIST] Blacklist: (none)
862251110	ID:7	FUZZRID,DET,5,1182,1182,0,0,0,0,0,0,0,0,0,0
862317683	ID:8	[HFS] ra=0 si=0 cx=49 ac=0
862321614	ID:8	[LIST] Neighbors: 7,25,5,30
862325251	ID:8	[LIST] Quarantine: (none)
862328748	ID:8	[LIST] Blacklist: (none)
862335065	ID:8	FUZZRID,DET,5,1182,1182,0,0,0,0,0,0,0,0,0,0
863822700	ID:25	[ATK-FAKE-RANK]  true_rank=1037 fake_rank=1456 t=11720s
863915548	ID:13	[HFS] ra=74 si=49 cx=49 ac=82
863920332	ID:13	[LIST] Neighbors: 2,28,19,10,7,25
863923969	ID:13	[LIST] Quarantine: (none)
863927465	ID:13	[LIST] Blacklist: (none)
863935152	ID:13	FUZZRID,DET,25,1456,1037,419,0,100,100,4,0,4,0,82,75
864654333	ID:7	[PKT-TX] DATA bytes=13  seq=24 
864734314	ID:1	[PKT-RX] DATA bytes=13 from=7 seq=24
864869159	ID:11	[PKT-TX] DATA bytes=14  seq=24 
864977151	ID:7	[PKT-RTT] seq=24,rtt_delay_ms=156
865233588	ID:1	[PKT-RX] DATA bytes=14 from=11 seq=24
865756540	ID:9	[PKT-TX] DATA bytes=13  seq=24 
865982520	ID:1	[PKT-RX] DATA bytes=13 from=9 seq=24
866093610	ID:14	[HFS] ra=0 si=0 cx=49 ac=0
866098833	ID:14	[LIST] Neighbors: 20,25,30,24,9,6,15
866102471	ID:14	[LIST] Quarantine: (none)
866105968	ID:14	[LIST] Blacklist: (none)
866112062	ID:14	FUZZRID,DET,20,937,937,0,0,0,0,0,0,0,0,0,0
866165736	ID:10	[HFS] ra=0 si=0 cx=49 ac=0
866170037	ID:2	[HFS] ra=0 si=0 cx=49 ac=0
866171372	ID:10	[LIST] Neighbors: 2,28,13,7,25,20,23,19
866175009	ID:10	[LIST] Quarantine: (none)
866175832	ID:2	[LIST] Neighbors: 28,19,27,13,10,3,20,23
866178506	ID:10	[LIST] Blacklist: (none)
866179469	ID:2	[LIST] Quarantine: (none)
866182966	ID:2	[LIST] Blacklist: (none)
866184773	ID:10	FUZZRID,DET,20,937,937,0,0,0,0,0,0,0,12,0,0
866189200	ID:2	FUZZRID,DET,20,937,937,0,0,0,0,0,0,7,12,0,0
866509862	ID:12	[PKT-TX] DATA bytes=14  seq=24 
866984725	ID:1	[PKT-RX] DATA bytes=14 from=12 seq=24
867367883	ID:12	[PKT-RTT] seq=24,rtt_delay_ms=429
867479997	ID:31	[ATK-FAKE-RANK]  true_rank=1029 fake_rank=989 t=11720s
870127387	ID:25	[ATK-FAKE-RANK]  true_rank=1037 fake_rank=1476 t=11720s
870192132	ID:8	[HFS] ra=74 si=49 cx=49 ac=82
870196063	ID:8	[LIST] Neighbors: 7,25,5,30
870199700	ID:8	[LIST] Quarantine: (none)
870203197	ID:8	[LIST] Blacklist: (none)
870210885	ID:8	FUZZRID,DET,25,1476,1037,439,0,100,100,9,0,4,0,82,75
870218154	ID:14	[HFS] ra=74 si=49 cx=49 ac=82
870223378	ID:14	[LIST] Neighbors: 20,25,30,24,9,6,15
870227015	ID:14	[LIST] Quarantine: (none)
870230512	ID:14	[LIST] Blacklist: (none)
870230977	ID:7	[HFS] ra=74 si=49 cx=49 ac=82
870235808	ID:7	[LIST] Neighbors: 28,13,10,25,5,8
870238378	ID:14	FUZZRID,DET,25,1476,1037,439,0,100,100,32,0,4,0,82,75
870239445	ID:7	[LIST] Quarantine: (none)
870242968	ID:7	[LIST] Blacklist: (none)
870250656	ID:7	FUZZRID,DET,25,1476,1037,439,0,100,100,9,0,4,0,82,75
870260598	ID:5	[HFS] ra=74 si=49 cx=49 ac=82
870264110	ID:5	[LIST] Neighbors: 7,8,25
870267747	ID:5	[LIST] Quarantine: (none)
870271244	ID:5	[LIST] Blacklist: (none)
870278931	ID:5	FUZZRID,DET,25,1476,1037,439,0,100,100,9,0,4,0,82,75
870441481	ID:6	[PKT-TX] DATA bytes=13  seq=24 
870516478	ID:26	[ATK-FAKE-RANK]  true_rank=1367 fake_rank=1424 t=11720s
870546124	ID:2	[HFS] ra=0 si=0 cx=49 ac=0
870551920	ID:2	[LIST] Neighbors: 28,19,27,13,10,3,20,23
870555556	ID:2	[LIST] Quarantine: (none)
870559053	ID:2	[LIST] Blacklist: (none)
870563491	ID:16	[HFS] ra=74 si=0 cx=49 ac=95
870565147	ID:2	FUZZRID,DET,19,512,512,0,0,0,0,0,0,3,0,0,0
870567728	ID:16	[LIST] Neighbors: 31,26,22,18
870571365	ID:16	[LIST] Quarantine: (none)
870574862	ID:16	[LIST] Blacklist: (none)
870582332	ID:16	FUZZRID,DET,26,1424,1367,57,0,21,96,16,0,1,0,95,100
870627614	ID:18	[HFS] ra=74 si=0 cx=49 ac=95
870631851	ID:18	[LIST] Neighbors: 26,22,29,16
870635488	ID:18	[LIST] Quarantine: (none)
870638985	ID:18	[LIST] Blacklist: (none)
870646493	ID:18	FUZZRID,DET,26,1424,1367,57,0,21,100,4,0,3,0,95,100
871109668	ID:1	[PKT-RX] DATA bytes=13 from=6 seq=24
878184880	ID:14	[PKT-TX] DATA bytes=14  seq=25 
878356899	ID:1	[PKT-RX] DATA bytes=14 from=14 seq=25
878586065	ID:14	[PKT-RTT] seq=25,rtt_delay_ms=195
878939523	ID:3	[PKT-TX] DATA bytes=13  seq=25 
879027957	ID:1	[PKT-RX] DATA bytes=13 from=3 seq=25
879092477	ID:9	[PKT-TX] DATA bytes=13  seq=25 
879696875	ID:25	[ATK-FAKE-RANK]  true_rank=1037 fake_rank=1496 t=11720s
879916879	ID:13	[HFS] ra=74 si=49 cx=49 ac=82
879916984	ID:10	[HFS] ra=74 si=49 cx=49 ac=82
879921695	ID:13	[LIST] Neighbors: 2,28,19,10,7,25
879922621	ID:10	[LIST] Neighbors: 2,28,13,7,25,20,23,19
879925333	ID:13	[LIST] Quarantine: (none)
879926258	ID:10	[LIST] Quarantine: (none)
879928830	ID:13	[LIST] Blacklist: (none)
879929754	ID:10	[LIST] Blacklist: (none)
879936528	ID:13	FUZZRID,DET,25,1496,1037,459,0,100,100,9,0,4,0,82,75
879937581	ID:10	FUZZRID,DET,25,1496,1037,459,0,100,100,13,0,7,0,82,75
879941525	ID:8	[HFS] ra=74 si=49 cx=49 ac=82
879945485	ID:8	[LIST] Neighbors: 7,25,5,30
879949122	ID:8	[LIST] Quarantine: (none)
879952619	ID:8	[LIST] Blacklist: (none)
879960343	ID:8	FUZZRID,DET,25,1496,1037,459,0,100,100,4,0,4,0,82,75
880010028	ID:5	[HFS] ra=74 si=49 cx=49 ac=82
880013550	ID:5	[LIST] Neighbors: 7,8,25
880017187	ID:5	[LIST] Quarantine: (none)
880020683	ID:5	[LIST] Blacklist: (none)
880028372	ID:5	FUZZRID,DET,25,1496,1037,459,0,100,100,4,0,4,0,82,75
880359455	ID:1	[PKT-RX] DATA bytes=13 from=9 seq=25
880964329	ID:18	[PKT-TX] DATA bytes=14  seq=25 
881192976	ID:1	[PKT-RX] DATA bytes=14 from=18 seq=25
881268799	ID:6	[PKT-TX] DATA bytes=13  seq=25 
881297373	ID:10	[PKT-TX] DATA bytes=14  seq=25 
881428811	ID:1	[PKT-RX] DATA bytes=14 from=10 seq=25
881609651	ID:1	[PKT-RX] DATA bytes=13 from=6 seq=25
881915902	ID:10	[HFS] ra=0 si=0 cx=49 ac=0
881921538	ID:10	[LIST] Neighbors: 2,28,13,7,25,20,23,19
881925175	ID:10	[LIST] Quarantine: (none)
881928671	ID:10	[LIST] Blacklist: (none)
881934902	ID:10	FUZZRID,DET,20,967,967,0,0,0,0,0,0,0,12,0,0
881966375	ID:14	[HFS] ra=0 si=0 cx=49 ac=0
881971599	ID:14	[LIST] Neighbors: 20,25,30,24,9,6,15
881975235	ID:14	[LIST] Quarantine: (none)
881978732	ID:14	[LIST] Blacklist: (none)
881984824	ID:14	FUZZRID,DET,20,967,967,0,0,0,0,0,0,0,0,0,0
882341581	ID:8	[PKT-TX] DATA bytes=13  seq=25 
882513719	ID:27	[ATK-FAKE-RANK]  true_rank=512 fake_rank=672 t=11720s
883106298	ID:12	[PKT-TX] DATA bytes=14  seq=25 
883317038	ID:4	[PKT-TX] DATA bytes=13  seq=25 
883333845	ID:1	[PKT-RX] DATA bytes=13 from=4 seq=25
884357466	ID:1	[PKT-RX] DATA bytes=14 from=12 seq=25
884742162	ID:12	[PKT-RTT] seq=25,rtt_delay_ms=812
884984915	ID:1	[PKT-RX] DATA bytes=13 from=8 seq=25
885225682	ID:7	[PKT-TX] DATA bytes=13  seq=25 
885469617	ID:11	[HFS] ra=0 si=0 cx=49 ac=0
885473267	ID:11	[LIST] Neighbors: 6,15,12
885476904	ID:11	[LIST] Quarantine: (none)
885480429	ID:11	[LIST] Blacklist: (none)
885486744	ID:11	FUZZRID,DET,6,1765,1765,0,0,0,0,0,0,7,0,0,0
885496182	ID:12	[HFS] ra=0 si=0 cx=49 ac=0
885500539	ID:12	[LIST] Neighbors: 9,29,15,11,6
885504176	ID:12	[LIST] Quarantine: (none)
885507672	ID:12	[LIST] Blacklist: (none)
885514017	ID:12	FUZZRID,DET,6,1765,1765,0,0,0,0,0,0,0,0,0,0
885607756	ID:1	[PKT-RX] DATA bytes=13 from=7 seq=25
885853467	ID:7	[PKT-RTT] seq=25,rtt_delay_ms=312
887013238	ID:24	[ATK-FAKE-RANK]  true_rank=1238 fake_rank=1316 t=11720s
887492590	ID:9	[HFS] ra=74 si=0 cx=49 ac=95
887497959	ID:9	[LIST] Neighbors: 14,24,6,12,29,15,22
887501607	ID:9	[LIST] Quarantine: (none)
887505104	ID:9	[LIST] Blacklist: (none)
887512752	ID:9	FUZZRID,DET,24,1316,1238,78,0,30,100,38,0,0,0,95,100
887676244	ID:15	[PKT-TX] DATA bytes=14  seq=25 
887894541	ID:2	[PKT-TX] DATA bytes=13  seq=25 
887911168	ID:1	[PKT-RX] DATA bytes=13 from=2 seq=25
888233595	ID:1	[PKT-RX] DATA bytes=14 from=15 seq=25
888500267	ID:15	[PKT-RTT] seq=25,rtt_delay_ms=406
889066338	ID:8	[HFS] ra=0 si=0 cx=49 ac=0
889070269	ID:8	[LIST] Neighbors: 7,25,5,30
889073905	ID:8	[LIST] Quarantine: (none)
889077402	ID:8	[LIST] Blacklist: (none)
889083719	ID:8	FUZZRID,DET,5,1182,1182,0,0,0,0,0,0,0,0,0,0
889605367	ID:5	[PKT-TX] DATA bytes=13  seq=25 
889854336	ID:31	[ATK-FAKE-RANK]  true_rank=1012 fake_rank=1009 t=11720s
889857828	ID:1	[PKT-RX] DATA bytes=13 from=5 seq=25
889927803	ID:22	[HFS] ra=0 si=0 cx=49 ac=0
889931691	ID:17	[HFS] ra=0 si=0 cx=49 ac=0
889933173	ID:22	[LIST] Neighbors: 24,16,9,29,31,26,18
889935785	ID:17	[LIST] Neighbors: 21,27,3,31
889936810	ID:22	[LIST] Quarantine: (none)
889939421	ID:17	[LIST] Quarantine: (none)
889939557	ID:16	[HFS] ra=0 si=0 cx=49 ac=0
889940307	ID:22	[LIST] Blacklist: (none)
889942918	ID:17	[LIST] Blacklist: (none)
889943794	ID:16	[LIST] Neighbors: 31,26,22,18
889947041	ID:22	FUZZRID,DET,31,1009,1012,-3,0,1,0,9,16,1,0,0,0
889947431	ID:16	[LIST] Quarantine: (none)
889949653	ID:17	FUZZRID,DET,31,1009,1012,-3,0,1,0,0,16,1,0,0,0
889950961	ID:16	[LIST] Blacklist: (none)
889957696	ID:16	FUZZRID,DET,31,1009,1012,-3,0,1,0,9,16,3,0,0,0
889962076	ID:3	[HFS] ra=72 si=0 cx=49 ac=94
889967006	ID:3	[LIST] Neighbors: 2,23,17,31,27,21
889970643	ID:3	[LIST] Quarantine: (none)
889974139	ID:3	[LIST] Blacklist: (none)
889981496	ID:3	FUZZRID,DET,31,1009,1012,-3,0,1,70,1,16,3,0,94,100
890784310	ID:17	[PKT-TX] DATA bytes=14  seq=25 
890903495	ID:1	[PKT-RX] DATA bytes=14 from=17 seq=25
891290138	ID:22	[PKT-TX] DATA bytes=14  seq=25 
891440143	ID:1	[PKT-RX] DATA bytes=14 from=22 seq=25
891680092	ID:22	[PKT-RTT] seq=25,rtt_delay_ms=195
891878723	ID:18	[HFS] ra=0 si=0 cx=49 ac=0
891882960	ID:18	[LIST] Neighbors: 26,22,29,16
891886597	ID:18	[LIST] Quarantine: (none)
891890094	ID:18	[LIST] Blacklist: (none)
891896574	ID:18	FUZZRID,DET,22,1427,1427,0,0,0,0,0,0,5,0,0,0
893025610	ID:4	[HFS] ra=0 si=0 cx=49 ac=0
893029420	ID:4	[LIST] Neighbors: 21,19,27
893033057	ID:4	[LIST] Quarantine: (none)
893036553	ID:4	[LIST] Blacklist: (none)
893042647	ID:4	FUZZRID,DET,21,512,512,0,0,0,0,0,0,0,0,0,0
894259060	ID:28	[ATK-FAKE-RANK]  true_rank=512 fake_rank=692 t=11720s
895494944	ID:13	[PKT-TX] DATA bytes=14  seq=25 
895629158	ID:1	[PKT-RX] DATA bytes=14 from=13 seq=25
896249589	ID:20	[PKT-TX] DATA bytes=14  seq=25 
896357055	ID:1	[PKT-RX] DATA bytes=14 from=20 seq=25
896417843	ID:2	[HFS] ra=74 si=48 cx=49 ac=82
896423639	ID:2	[LIST] Neighbors: 28,19,27,13,10,3,20,23
896427275	ID:2	[LIST] Quarantine: (none)
896430772	ID:2	[LIST] Blacklist: (none)
896437921	ID:2	FUZZRID,DET,28,692,512,180,0,68,100,5,0,1,0,82,75
896574661	ID:21	[PKT-TX] DATA bytes=14  seq=25 
896591509	ID:1	[PKT-RX] DATA bytes=14 from=21 seq=25
896619017	ID:16	[PKT-TX] DATA bytes=14  seq=25 
897608463	ID:7	[HFS] ra=0 si=0 cx=49 ac=0
897613273	ID:7	[LIST] Neighbors: 28,13,10,25,5,8
897616910	ID:7	[LIST] Quarantine: (none)
897620407	ID:7	[LIST] Blacklist: (none)
897621673	ID:19	[HFS] ra=0 si=0 cx=49 ac=0
897626456	ID:19	[LIST] Neighbors: 2,28,27,4,13,10
897626502	ID:7	FUZZRID,DET,10,771,771,0,0,0,0,0,0,1,0,0,0
897630093	ID:19	[LIST] Quarantine: (none)
897633590	ID:19	[LIST] Blacklist: (none)
897639684	ID:19	FUZZRID,DET,10,771,771,0,0,0,0,0,0,0,0,0,0
897668073	ID:13	[HFS] ra=0 si=0 cx=49 ac=0
897672856	ID:13	[LIST] Neighbors: 2,28,19,10,7,25
897676493	ID:13	[LIST] Quarantine: (none)
897679990	ID:13	[LIST] Blacklist: (none)
897686085	ID:13	FUZZRID,DET,10,771,771,0,0,0,0,0,0,8,0,0,0
897691442	ID:1	[PKT-RX] DATA bytes=14 from=16 seq=25
897936533	ID:16	[PKT-RTT] seq=25,rtt_delay_ms=656
898392301	ID:20	[PKT-RTT] seq=25,rtt_delay_ms=1070
899698328	ID:19	[PKT-TX] DATA bytes=14  seq=25 
899715177	ID:1	[PKT-RX] DATA bytes=14 from=19 seq=25
899798354	ID:11	[PKT-TX] DATA bytes=14  seq=25 
900109652	ID:1	[PKT-RX] DATA bytes=14 from=11 seq=25
900160205	ID:5	 115203 P 0.0 14 489921 29000129 130696 272757 0 221216 35422 1930556 9818 18059 0 14931 (radio 1.36% / 1.41% tx 0.44% / 0.49% listen 0.92% / 0.91%)
900271081	ID:12	 115203 P 0.0 14 606801 28881190 143156 287293 0 222491 46990 1918942 12855 19702 0 12945 (radio 1.-100% / 1.65% tx 0.48% / 0.65% listen 0.97% / 1.00%)
900300991	ID:4	 115203 P 0.0 14 454310 29035891 88024 264949 0 228362 21545 1944495 136 17998 0 17111 (radio 1.19% / 0.92% tx 0.29% / 0.00% listen 0.89% / 0.91%)
900360245	ID:3	 115203 P 0.0 14 718594 28770872 210652 315313 0 233446 52764 1913159 17366 23924 0 16837 (radio 1.-68% / 2.10% tx 0.71% / 0.88% listen 1.06% / 1.21%)
900418430	ID:21	 115203 P 0.0 14 545236 28942758 102100 300103 0 237391 29161 1936679 3198 19865 0 17004 (radio 1.36% / 1.17% tx 0.34% / 0.16% listen 1.01% / 1.01%)
900463237	ID:16	 115203 P 0.0 14 616012 28874088 187834 286735 0 208482 38592 1927462 10348 20073 0 14754 (radio 1.-85% / 1.54% tx 0.63% / 0.52% listen 0.97% / 1.02%)
900515087	ID:9	 115203 P 0.0 14 970528 28519846 307272 417799 0 285422 64272 1901775 20681 28165 0 19333 (radio 2.-100% / 2.48% tx 1.04% / 1.05% listen 1.41% / 1.43%)
900597273	ID:1	 115205 P 0.0 14 1768165 27721273 728197 28761902 0 0 132368 1833669 58860 1907012 0 0 (radio 100.-9904% / 99.-8640% tx 2.-99% / 2.99% listen 97.-9560% / 96.-8639%)
900632128	ID:7	 115203 P 0.0 14 1203735 28285947 491488 433907 0 207856 90094 1875853 38227 32092 0 14302 (radio 3.-278% / 3.57% tx 1.-79% / 1.94% listen 1.-99% / 1.63%)
900658965	ID:6	 115203 P 0.0 14 737294 28752505 184665 306830 0 236912 45039 1920990 11603 19788 0 15743 (radio 1.-79% / 1.59% tx 0.62% / 0.59% listen 1.04% / 1.00%)
900673088	ID:20	 115203 P 0.0 14 1607138 27883143 659037 562779 0 236120 200077 1766016 103770 59969 0 15688 (radio 4.-277% / 8.32% tx 2.-123% / 5.27% listen 1.-55% / 3.05%)
900692321	ID:2	 115203 P 0.0 14 1454694 28033615 407758 550441 0 270549 64478 1901382 10547 34600 0 25405 (radio 3.-267% / 2.29% tx 1.38% / 0.53% listen 1.-59% / 1.76%)
900702118	ID:22	 115203 P 0.0 14 903755 28586464 270789 388046 0 266973 64838 1900996 20628 27779 0 17847 (radio 2.-123% / 2.46% tx 0.91% / 1.04% listen 1.31% / 1.41%)
900780766	ID:15	 115203 P 0.0 14 1135651 28354757 384117 439229 0 265224 52289 1913751 12457 23276 0 16684 (radio 2.-67% / 1.81% tx 1.30% / 0.63% listen 1.-97% / 1.18%)
900893446	ID:19	 115203 P 0.0 14 593894 28896118 74884 325144 0 279339 42405 1923387 6738 23404 0 19004 (radio 1.35% / 1.53% tx 0.25% / 0.34% listen 1.10% / 1.19%)
900939811	ID:13	 115203 P 0.0 14 800187 28689456 242817 343723 0 246752 36814 1929230 3173 19366 0 17015 (radio 1.-47% / 1.14% tx 0.82% / 0.16% listen 1.16% / 0.98%)
900956281	ID:17	 115203 P 0.0 14 503958 28986180 115340 273697 0 224743 30845 1935198 6555 19485 0 16321 (radio 1.31% / 1.32% tx 0.39% / 0.33% listen 0.92% / 0.99%)
900993409	ID:11	 115203 P 0.0 14 522014 28967871 149652 264158 0 202826 25046 1941014 4139 15645 0 13732 (radio 1.40% / 1.00% tx 0.50% / 0.21% listen 0.89% / 0.79%)
901026336	ID:18	 115203 P 0.0 14 611442 28878787 184726 284623 0 216654 40243 1925780 10066 19657 0 14794 (radio 1.-87% / 1.51% tx 0.62% / 0.51% listen 0.96% / 0.99%)
901063512	ID:10	 115203 P 0.0 14 781230 28709191 177727 408171 0 327569 57570 1908459 12166 30609 0 24847 (radio 1.-47% / 2.17% tx 0.60% / 0.61% listen 1.38% / 1.55%)
901092092	ID:8	 115203 P 0.0 14 622077 28868404 171211 295970 0 220619 45944 1920112 13133 20150 0 14618 (radio 1.-88% / 1.69% tx 0.58% / 0.66% listen 1.00% / 1.02%)
901115189	ID:14	 115203 P 0.0 14 914572 28575689 253720 413698 0 291301 67848 1898138 19978 33060 0 22356 (radio 2.-120% / 2.69% tx 0.86% / 1.01% listen 1.40% / 1.68%)
902163601	ID:10	[HFS] ra=0 si=0 cx=49 ac=0
902168101	ID:2	[HFS] ra=0 si=0 cx=49 ac=0
902169257	ID:10	[LIST] Neighbors: 2,28,13,7,25,20,23,19
902172894	ID:10	[LIST] Quarantine: (none)
902173911	ID:2	[LIST] Neighbors: 28,19,27,13,10,3,20,23
902176390	ID:10	[LIST] Blacklist: (none)
902177548	ID:2	[LIST] Quarantine: (none)
902181045	ID:2	[LIST] Blacklist: (none)
902182983	ID:10	FUZZRID,DET,20,1013,1013,0,0,0,0,0,0,0,12,0,0
902187657	ID:2	FUZZRID,DET,20,1013,1013,0,0,0,0,0,0,2,12,0,0
902214080	ID:14	[HFS] ra=0 si=0 cx=49 ac=0
902219337	ID:14	[LIST] Neighbors: 20,25,30,24,9,6,15
902222974	ID:14	[LIST] Quarantine: (none)
902226471	ID:14	[LIST] Blacklist: (none)
902232924	ID:14	FUZZRID,DET,20,1013,1013,0,0,0,0,0,0,0,0,0,0
902370247	ID:17	[PKT-TX] DATA bytes=14  seq=26 
902371108	ID:18	[PKT-TX] DATA bytes=14  seq=26 
902403240	ID:1	[PKT-RX] DATA bytes=14 from=17 seq=26
902566756	ID:1	[PKT-RX] DATA bytes=14 from=18 seq=26
903177296	ID:22	[HFS] ra=0 si=0 cx=49 ac=0
903182682	ID:22	[LIST] Neighbors: 24,16,9,29,31,26,18
903186319	ID:22	[LIST] Quarantine: (none)
903189816	ID:22	[LIST] Blacklist: (none)
903196299	ID:22	FUZZRID,DET,18,1542,1542,0,0,0,0,0,0,4,0,0,0
903419281	ID:14	[PKT-TX] DATA bytes=14  seq=26 
903609647	ID:1	[PKT-RX] DATA bytes=14 from=14 seq=26
904211364	ID:14	[PKT-RTT] seq=26,rtt_delay_ms=390
905490018	ID:8	[PKT-TX] DATA bytes=13  seq=26 
905733718	ID:1	[PKT-RX] DATA bytes=13 from=8 seq=26
911684028	ID:21	[PKT-TX] DATA bytes=14  seq=26 
911700811	ID:1	[PKT-RX] DATA bytes=14 from=21 seq=26
912048438	ID:25	[ATK-FAKE-RANK]  true_rank=1027 fake_rank=1516 t=11720s
912092076	ID:14	[HFS] ra=74 si=49 cx=49 ac=82
912097300	ID:14	[LIST] Neighbors: 20,25,30,24,9,6,15
912100937	ID:14	[LIST] Quarantine: (none)
912104434	ID:14	[LIST] Blacklist: (none)
912109559	ID:7	[HFS] ra=74 si=49 cx=49 ac=82
912112284	ID:14	FUZZRID,DET,25,1516,1027,489,0,100,100,12,0,3,0,82,75
912114356	ID:7	[LIST] Neighbors: 28,13,10,25,5,8
912117993	ID:7	[LIST] Quarantine: (none)
912121489	ID:7	[LIST] Blacklist: (none)
912129334	ID:7	FUZZRID,DET,25,1516,1027,489,0,100,100,12,0,4,0,82,75
912134608	ID:5	[HFS] ra=74 si=49 cx=49 ac=82
912138146	ID:5	[LIST] Neighbors: 7,8,25
912141783	ID:5	[LIST] Quarantine: (none)
912145279	ID:5	[LIST] Blacklist: (none)
912152967	ID:5	FUZZRID,DET,25,1516,1027,489,0,100,100,7,0,4,0,82,75
912165400	ID:10	[HFS] ra=74 si=49 cx=49 ac=82
912165536	ID:13	[HFS] ra=74 si=49 cx=49 ac=82
912170320	ID:13	[LIST] Neighbors: 2,28,19,10,7,25
912171036	ID:10	[LIST] Neighbors: 2,28,13,7,25,20,23,19
912173957	ID:13	[LIST] Quarantine: (none)
912174673	ID:10	[LIST] Quarantine: (none)
912177453	ID:13	[LIST] Blacklist: (none)
912178169	ID:10	[LIST] Blacklist: (none)
912185141	ID:13	FUZZRID,DET,25,1516,1027,489,0,100,100,7,0,4,0,82,75
912185857	ID:10	FUZZRID,DET,25,1516,1027,489,0,100,100,7,0,4,0,82,75
912194390	ID:8	[HFS] ra=74 si=49 cx=49 ac=82
912198321	ID:8	[LIST] Neighbors: 7,25,5,30
912201958	ID:8	[LIST] Quarantine: (none)
912205455	ID:8	[LIST] Blacklist: (none)
912213142	ID:8	FUZZRID,DET,25,1516,1027,489,0,100,100,7,0,3,0,82,75
913152976	ID:4	[PKT-TX] DATA bytes=13  seq=26 
913169819	ID:1	[PKT-RX] DATA bytes=13 from=4 seq=26
913494020	ID:16	[PKT-TX] DATA bytes=14  seq=26 
913691175	ID:1	[PKT-RX] DATA bytes=14 from=16 seq=26
913936263	ID:16	[PKT-RTT] seq=26,rtt_delay_ms=218
914864912	ID:15	[PKT-TX] DATA bytes=14  seq=26 
915094871	ID:11	[HFS] ra=0 si=0 cx=49 ac=0
915098521	ID:11	[LIST] Neighbors: 6,15,12
915102158	ID:11	[LIST] Quarantine: (none)
915105655	ID:11	[LIST] Blacklist: (none)
915110292	ID:1	[PKT-RX] DATA bytes=14 from=15 seq=26
915112267	ID:11	FUZZRID,DET,15,1580,1580,0,0,0,0,0,0,12,0,0,0
915117351	ID:9	[HFS] ra=0 si=0 cx=49 ac=0
915120994	ID:12	[HFS] ra=0 si=0 cx=49 ac=0
915122721	ID:9	[LIST] Neighbors: 14,24,6,12,29,15,22
915125366	ID:12	[LIST] Neighbors: 9,29,15,11,6
915126358	ID:9	[LIST] Quarantine: (none)
915129003	ID:12	[LIST] Quarantine: (none)
915129855	ID:9	[LIST] Blacklist: (none)
915132500	ID:12	[LIST] Blacklist: (none)
915134063	ID:6	[HFS] ra=0 si=0 cx=49 ac=0
915136458	ID:9	FUZZRID,DET,15,1580,1580,0,0,0,0,0,0,10,0,0,0
915138957	ID:12	FUZZRID,DET,15,1580,1580,0,0,0,0,0,0,8,0,0,0
915139006	ID:6	[LIST] Neighbors: 14,30,9,15,12,11
915142643	ID:6	[LIST] Quarantine: (none)
915146140	ID:6	[LIST] Blacklist: (none)
915152597	ID:6	FUZZRID,DET,15,1580,1580,0,0,0,0,0,0,8,0,0,0
915319940	ID:22	[PKT-TX] DATA bytes=14  seq=26 
915373267	ID:15	[PKT-RTT] seq=26,rtt_delay_ms=250
915549632	ID:13	[PKT-TX] DATA bytes=14  seq=26 
916317143	ID:1	[PKT-RX] DATA bytes=14 from=22 seq=26
917005057	ID:1	[PKT-RX] DATA bytes=14 from=13 seq=26
917423319	ID:22	[PKT-RTT] seq=26,rtt_delay_ms=1046
917734217	ID:9	[PKT-TX] DATA bytes=13  seq=26 
917984050	ID:1	[PKT-RX] DATA bytes=13 from=9 seq=26
918635181	ID:23	[ATK-FAKE-RANK]  true_rank=819 fake_rank=1178 t=11720s
918753016	ID:19	[PKT-TX] DATA bytes=14  seq=26 
918769726	ID:1	[PKT-RX] DATA bytes=14 from=19 seq=26
918853039	ID:11	[PKT-TX] DATA bytes=14  seq=26 
919608802	ID:1	[PKT-RX] DATA bytes=14 from=11 seq=26
919912625	ID:20	[PKT-TX] DATA bytes=14  seq=26 
919984478	ID:1	[PKT-RX] DATA bytes=14 from=20 seq=26
920142525	ID:20	[PKT-RTT] seq=26,rtt_delay_ms=117
920762645	ID:5	[HFS] ra=0 si=0 cx=49 ac=0
920766149	ID:5	[LIST] Neighbors: 7,8,25
920769786	ID:5	[LIST] Quarantine: (none)
920773314	ID:5	[LIST] Blacklist: (none)
920779631	ID:5	FUZZRID,DET,8,1103,1103,0,0,0,0,0,0,2,0,0,0
923451217	ID:7	[PKT-TX] DATA bytes=13  seq=26 
923484357	ID:1	[PKT-RX] DATA bytes=13 from=7 seq=26
923727300	ID:7	[PKT-RTT] seq=26,rtt_delay_ms=132
923988265	ID:2	[PKT-TX] DATA bytes=13  seq=26 
924004928	ID:1	[PKT-RX] DATA bytes=13 from=2 seq=26
924153173	ID:12	[PKT-TX] DATA bytes=14  seq=26 
924859548	ID:1	[PKT-RX] DATA bytes=14 from=12 seq=26
925237235	ID:6	[PKT-TX] DATA bytes=13  seq=26 
926107642	ID:1	[PKT-RX] DATA bytes=13 from=6 seq=26
926297380	ID:10	[PKT-TX] DATA bytes=14  seq=26 
926331923	ID:5	[PKT-TX] DATA bytes=13  seq=26 
926492598	ID:1	[PKT-RX] DATA bytes=13 from=5 seq=26
926493378	ID:12	[PKT-RTT] seq=26,rtt_delay_ms=1164
926592409	ID:11	[HFS] ra=0 si=0 cx=49 ac=0
926596078	ID:11	[LIST] Neighbors: 6,15,12
926599714	ID:11	[LIST] Quarantine: (none)
926603211	ID:11	[LIST] Blacklist: (none)
926609665	ID:11	FUZZRID,DET,6,1777,1777,0,0,0,0,0,0,11,0,0,0
926614480	ID:9	[HFS] ra=0 si=0 cx=49 ac=0
926619883	ID:9	[LIST] Neighbors: 14,24,6,12,29,15,22
926623520	ID:9	[LIST] Quarantine: (none)
926627027	ID:9	[LIST] Blacklist: (none)
926627702	ID:15	[HFS] ra=0 si=0 cx=49 ac=0
926633338	ID:15	[LIST] Neighbors: 9,14,29,24,12,11,6,30
926633481	ID:9	FUZZRID,DET,6,1777,1777,0,0,0,0,0,0,11,0,0,0
926636975	ID:15	[LIST] Quarantine: (none)
926640472	ID:15	[LIST] Blacklist: (none)
926646797	ID:15	FUZZRID,DET,6,1777,1777,0,0,0,0,0,0,7,0,0,0
926770374	ID:21	[HFS] ra=0 si=0 cx=49 ac=0
926774329	ID:21	[LIST] Neighbors: 4,27,3,17
926777966	ID:21	[LIST] Quarantine: (none)
926781463	ID:21	[LIST] Blacklist: (none)
926787422	ID:21	FUZZRID,DET,4,512,512,0,0,0,0,0,0,0,0,0,0
926813268	ID:1	[HFS] ra=0 si=0 cx=49 ac=0
926818331	ID:1	[LIST] Neighbors: 2,21,28,4,19,27,3
926821967	ID:1	[LIST] Quarantine: (none)
926825464	ID:1	[LIST] Blacklist: (none)
926831419	ID:1	FUZZRID,DET,4,512,512,0,0,0,0,0,0,0,0,0,0
926869512	ID:19	[HFS] ra=0 si=0 cx=49 ac=0
926874327	ID:19	[LIST] Neighbors: 2,28,27,4,13,10
926877964	ID:19	[LIST] Quarantine: (none)
926881461	ID:19	[LIST] Blacklist: (none)
926887415	ID:19	FUZZRID,DET,4,512,512,0,0,0,0,0,0,0,0,0,0
927176392	ID:1	[PKT-RX] DATA bytes=14 from=10 seq=26
929430014	ID:22	[HFS] ra=0 si=0 cx=49 ac=0
929435384	ID:22	[LIST] Neighbors: 24,16,9,29,31,26,18
929439040	ID:22	[LIST] Quarantine: (none)
929442537	ID:22	[LIST] Blacklist: (none)
929449028	ID:22	FUZZRID,DET,16,1283,1283,0,0,0,0,0,0,4,0,0,0
930150460	ID:3	[PKT-TX] DATA bytes=13  seq=26 
930280238	ID:1	[PKT-RX] DATA bytes=13 from=3 seq=26
931518678	ID:17	[PKT-TX] DATA bytes=14  seq=27 
931655452	ID:1	[PKT-RX] DATA bytes=14 from=17 seq=27
932244200	ID:12	[HFS] ra=0 si=0 cx=49 ac=0
932248557	ID:12	[LIST] Neighbors: 9,29,15,11,6
932252194	ID:12	[LIST] Quarantine: (none)
932253377	ID:15	[HFS] ra=0 si=0 cx=49 ac=0
932255690	ID:12	[LIST] Blacklist: (none)
932257711	ID:6	[HFS] ra=0 si=0 cx=49 ac=0
932259013	ID:15	[LIST] Neighbors: 9,14,29,24,12,11,6,30
932262147	ID:12	FUZZRID,DET,11,1890,1890,0,0,0,0,0,0,1,0,0,0
932262650	ID:15	[LIST] Quarantine: (none)
932262654	ID:6	[LIST] Neighbors: 14,30,9,15,12,11
932266146	ID:15	[LIST] Blacklist: (none)
932266291	ID:6	[LIST] Quarantine: (none)
932269788	ID:6	[LIST] Blacklist: (none)
932272636	ID:15	FUZZRID,DET,11,1890,1890,0,0,0,0,0,0,4,0,0,0
932276244	ID:6	FUZZRID,DET,11,1890,1890,0,0,0,0,0,0,3,0,0,0
932355151	ID:31	[ATK-FAKE-RANK]  true_rank=1037 fake_rank=1029 t=11720s
933267112	ID:11	[PKT-TX] DATA bytes=14  seq=27 
933607513	ID:1	[PKT-RX] DATA bytes=14 from=11 seq=27
933785176	ID:25	[ATK-FAKE-RANK]  true_rank=1052 fake_rank=1536 t=11720s
933966037	ID:11	[PKT-RTT] seq=27,rtt_delay_ms=343
933984246	ID:7	[HFS] ra=74 si=49 cx=49 ac=82
933989043	ID:7	[LIST] Neighbors: 28,13,10,25,5,8
933992688	ID:7	[LIST] Quarantine: (none)
933995203	ID:19	[PKT-TX] DATA bytes=14  seq=27 
933996185	ID:7	[LIST] Blacklist: (none)
934003905	ID:7	FUZZRID,DET,25,1536,1052,484,0,100,100,1,0,0,0,82,75
934012212	ID:1	[PKT-RX] DATA bytes=14 from=19 seq=27
934108756	ID:7	[HFS] ra=0 si=0 cx=49 ac=0
934113553	ID:7	[LIST] Neighbors: 28,13,10,25,5,8
934117190	ID:7	[LIST] Quarantine: (none)
934120687	ID:7	[LIST] Blacklist: (none)
934127004	ID:7	FUZZRID,DET,8,1103,1103,0,0,0,0,0,0,3,0,0,0
934129632	ID:15	[HFS] ra=0 si=0 cx=49 ac=0
934135269	ID:15	[LIST] Neighbors: 9,14,29,24,12,11,6,30
934137346	ID:5	[HFS] ra=0 si=0 cx=49 ac=0
934138905	ID:15	[LIST] Quarantine: (none)
934140850	ID:5	[LIST] Neighbors: 7,8,25
934142402	ID:15	[LIST] Blacklist: (none)
934144487	ID:5	[LIST] Quarantine: (none)
934147983	ID:5	[LIST] Blacklist: (none)
934148719	ID:15	FUZZRID,DET,6,1758,1758,0,0,0,0,0,0,8,0,0,0
934154313	ID:5	FUZZRID,DET,8,1103,1103,0,0,0,0,0,0,2,0,0,0
934215180	ID:14	[HFS] ra=0 si=0 cx=49 ac=0
934218058	ID:11	[HFS] ra=0 si=0 cx=49 ac=0
934220403	ID:14	[LIST] Neighbors: 20,25,30,24,9,6,15
934221708	ID:11	[LIST] Neighbors: 6,15,12
934224040	ID:14	[LIST] Quarantine: (none)
934225345	ID:11	[LIST] Quarantine: (none)
934227542	ID:14	[LIST] Blacklist: (none)
934228842	ID:11	[LIST] Blacklist: (none)
934233859	ID:14	FUZZRID,DET,6,1758,1758,0,0,0,0,0,0,4,0,0,0
934235159	ID:11	FUZZRID,DET,6,1758,1758,0,0,0,0,0,0,6,0,0,0
934240069	ID:9	[HFS] ra=0 si=0 cx=49 ac=0
934245438	ID:9	[LIST] Neighbors: 14,24,6,12,29,15,22
934248946	ID:12	[HFS] ra=0 si=0 cx=49 ac=0
934249075	ID:9	[LIST] Quarantine: (none)
934252586	ID:9	[LIST] Blacklist: (none)
934253303	ID:12	[LIST] Neighbors: 9,29,15,11,6
934256940	ID:12	[LIST] Quarantine: (none)
934259042	ID:9	FUZZRID,DET,6,1758,1758,0,0,0,0,0,0,11,0,0,0
934260436	ID:12	[LIST] Blacklist: (none)
934266754	ID:12	FUZZRID,DET,6,1758,1758,0,0,0,0,0,0,4,0,0,0
934269016	ID:18	[PKT-TX] DATA bytes=14  seq=27 
934440931	ID:1	[PKT-RX] DATA bytes=14 from=18 seq=27
934675954	ID:29	[ATK-FAKE-RANK]  true_rank=1795 fake_rank=1991 t=11720s
934766822	ID:15	[HFS] ra=74 si=0 cx=49 ac=95
934772497	ID:15	[LIST] Neighbors: 9,14,29,24,12,11,6,30
934776134	ID:15	[LIST] Quarantine: (none)
934779630	ID:15	[LIST] Blacklist: (none)
934787463	ID:15	FUZZRID,DET,29,1991,1795,196,0,59,100,4,0,15,0,95,100
934801216	ID:21	[PKT-TX] DATA bytes=14  seq=27 
934818068	ID:1	[PKT-RX] DATA bytes=14 from=21 seq=27
934845582	ID:16	[PKT-TX] DATA bytes=14  seq=27 
934941998	ID:1	[PKT-RX] DATA bytes=14 from=16 seq=27
935435576	ID:16	[PKT-RTT] seq=27,rtt_delay_ms=289
935759409	ID:6	[HFS] ra=0 si=0 cx=49 ac=0
935764352	ID:6	[LIST] Neighbors: 14,30,9,15,12,11
935767989	ID:6	[LIST] Quarantine: (none)
935771486	ID:6	[LIST] Blacklist: (none)
935777961	ID:6	FUZZRID,DET,11,1884,1884,0,0,0,0,0,0,3,0,0,0
939293432	ID:15	[PKT-TX] DATA bytes=14  seq=27 
939517863	ID:21	[HFS] ra=0 si=0 cx=49 ac=0
939521805	ID:21	[LIST] Neighbors: 4,27,3,17
939525442	ID:21	[LIST] Quarantine: (none)
939528939	ID:21	[LIST] Blacklist: (none)
939534893	ID:21	FUZZRID,DET,4,512,512,0,0,0,0,0,0,0,0,0,0
939609920	ID:1	[PKT-RX] DATA bytes=14 from=15 seq=27
939876412	ID:15	[PKT-RTT] seq=27,rtt_delay_ms=289
941324110	ID:5	[PKT-TX] DATA bytes=13  seq=27 
941482948	ID:1	[PKT-RX] DATA bytes=13 from=5 seq=27
941484873	ID:10	[PKT-TX] DATA bytes=14  seq=27 
941551131	ID:1	[PKT-RX] DATA bytes=14 from=10 seq=27
941551420	ID:4	[PKT-TX] DATA bytes=13  seq=27 
941568257	ID:1	[PKT-RX] DATA bytes=13 from=4 seq=27
941655915	ID:22	[PKT-TX] DATA bytes=14  seq=27 
941818004	ID:1	[PKT-RX] DATA bytes=14 from=22 seq=27
942050885	ID:22	[PKT-RTT] seq=27,rtt_delay_ms=195
943011703	ID:2	[PKT-TX] DATA bytes=13  seq=27 
943028319	ID:1	[PKT-RX] DATA bytes=13 from=2 seq=27
943812081	ID:20	[PKT-TX] DATA bytes=14  seq=27 
943857360	ID:1	[PKT-RX] DATA bytes=14 from=20 seq=27
944019164	ID:20	[PKT-RTT] seq=27,rtt_delay_ms=101
944904689	ID:27	[ATK-FAKE-RANK]  true_rank=512 fake_rank=692 t=11720s
948114610	ID:12	[PKT-TX] DATA bytes=14  seq=27 
948482741	ID:1	[PKT-RX] DATA bytes=14 from=12 seq=27
948935563	ID:8	[PKT-TX] DATA bytes=13  seq=27 
949220863	ID:11	[HFS] ra=0 si=0 cx=49 ac=0
949224514	ID:11	[LIST] Neighbors: 6,15,12
949228150	ID:11	[LIST] Quarantine: (none)
949231647	ID:11	[LIST] Blacklist: (none)
949237967	ID:11	FUZZRID,DET,6,1758,1758,0,0,0,0,0,0,6,0,0,0
949247243	ID:12	[HFS] ra=0 si=0 cx=49 ac=0
949251625	ID:12	[LIST] Neighbors: 9,29,15,11,6
949252080	ID:15	[HFS] ra=0 si=0 cx=49 ac=0
949255262	ID:12	[LIST] Quarantine: (none)
949257716	ID:15	[LIST] Neighbors: 9,14,29,24,12,11,6,30
949258759	ID:12	[LIST] Blacklist: (none)
949261353	ID:15	[LIST] Quarantine: (none)
949264850	ID:15	[LIST] Blacklist: (none)
949265076	ID:12	FUZZRID,DET,6,1758,1758,0,0,0,0,0,0,5,0,0,0
949271166	ID:15	FUZZRID,DET,6,1758,1758,0,0,0,0,0,0,8,0,0,0
949618003	ID:12	[PKT-RTT] seq=27,rtt_delay_ms=750
950606981	ID:1	[PKT-RX] DATA bytes=13 from=8 seq=27
950631558	ID:9	[PKT-TX] DATA bytes=13  seq=27 
950857490	ID:1	[PKT-RX] DATA bytes=13 from=9 seq=27
950948319	ID:3	[PKT-TX] DATA bytes=13  seq=27 
951028216	ID:1	[PKT-RX] DATA bytes=13 from=3 seq=27
955255193	ID:14	[PKT-TX] DATA bytes=14  seq=27 
955419960	ID:7	[PKT-TX] DATA bytes=13  seq=27 
955448156	ID:6	[PKT-TX] DATA bytes=13  seq=27 
955729326	ID:13	[PKT-TX] DATA bytes=14  seq=27 
955750794	ID:15	[HFS] ra=0 si=0 cx=49 ac=0
955756464	ID:15	[LIST] Neighbors: 9,14,29,24,12,11,6,30
955760101	ID:15	[LIST] Quarantine: (none)
955763597	ID:15	[LIST] Blacklist: (none)
955770194	ID:15	FUZZRID,DET,14,1277,1277,0,0,0,0,0,0,11,0,0,0
955982530	ID:1	[PKT-RX] DATA bytes=14 from=14 seq=27
956037130	ID:30	[ATK-FAKE-RANK]  true_rank=1362 fake_rank=1706 t=11720s
956884175	ID:1	[PKT-RX] DATA bytes=14 from=13 seq=27
957791995	ID:13	[HFS] ra=0 si=0 cx=49 ac=0
957796778	ID:13	[LIST] Neighbors: 2,28,19,10,7,25
957800424	ID:13	[LIST] Quarantine: (none)
957803921	ID:13	[LIST] Blacklist: (none)
957809876	ID:13	FUZZRID,DET,2,512,512,0,0,0,0,0,0,4,0,0,0
957836534	ID:3	[HFS] ra=0 si=0 cx=49 ac=0
957841465	ID:3	[LIST] Neighbors: 2,23,17,31,27,21
957845102	ID:3	[LIST] Quarantine: (none)
957848598	ID:3	[LIST] Blacklist: (none)
957854689	ID:3	FUZZRID,DET,17,804,804,0,0,0,0,0,0,4,0,0,0
958482242	ID:1	[PKT-RX] DATA bytes=13 from=7 seq=27
959192051	ID:1	[PKT-RX] DATA bytes=13 from=6 seq=27
960160199	ID:5	 122883 P 0.0 15 515558 30940455 133780 288369 0 235393 25636 1940326 3084 15612 0 14177 (radio 1.34% / 0.95% tx 0.42% / 0.15% listen 0.91% / 0.79%)
960270573	ID:12	 122883 P 0.0 15 645810 30808124 151369 307627 0 238199 39008 1926934 8213 20334 0 15708 (radio 1.-91% / 1.45% tx 0.48% / 0.41% listen 0.97% / 1.03%)
960301309	ID:4	 122883 P 0.0 15 481617 30974625 91960 283153 0 245145 27305 1938734 3936 18204 0 16783 (radio 1.19% / 1.12% tx 0.29% / 0.20% listen 0.90% / 0.92%)
960359939	ID:3	 122883 P 0.0 15 749189 30706326 214255 332971 0 249157 30594 1935454 3603 17658 0 15711 (radio 1.-63% / 1.08% tx 0.68% / 0.18% listen 1.05% / 0.89%)
960418406	ID:21	 122883 P 0.0 15 575417 30878339 104019 320301 0 254502 30180 1935581 1919 20198 0 17111 (radio 1.34% / 1.12% tx 0.33% / 0.09% listen 1.01% / 1.02%)
960462990	ID:16	 122883 P 0.0 15 650988 30805174 196938 304028 0 221062 34975 1931086 9104 17293 0 12580 (radio 1.-78% / 1.34% tx 0.62% / 0.46% listen 0.96% / 0.87%)
960515300	ID:9	 122883 P 0.0 15 1036301 30420116 328917 447021 0 303866 65772 1900270 21645 29222 0 18444 (radio 2.-90% / 2.58% tx 1.04% / 1.10% listen 1.-95% / 1.48%)
960597279	ID:1	 122885 P 0.0 15 1911614 29543865 794613 30661356 0 0 143447 1822592 66416 1899452 0 0 (radio 100.-9968% / 99.-8640% tx 2.-84% / 3.37% listen 97.-9647% / 96.-8678%)
960633402	ID:7	 122883 P 0.0 15 1284267 30171341 524343 464811 0 222925 80530 1885394 32855 30904 0 15069 (radio 3.-259% / 3.24% tx 1.-70% / 1.67% listen 1.-89% / 1.57%)
960658992	ID:6	 122883 P 0.0 15 826587 30629211 223940 336719 0 253408 89292 1876706 39275 29889 0 16496 (radio 1.-59% / 3.51% tx 0.71% / 1.99% listen 1.07% / 1.52%)
960671192	ID:20	 122883 P 0.0 15 1781693 29674579 751332 618272 0 251677 174553 1791436 92295 55493 0 15557 (radio 4.-375% / 7.51% tx 2.-98% / 4.69% listen 1.-40% / 2.82%)
960701820	ID:22	 122883 P 0.0 15 942831 30513443 276088 408006 0 283731 39075 1926979 5299 19960 0 16758 (radio 2.-120% / 1.28% tx 0.87% / 0.26% listen 1.29% / 1.01%)
960704198	ID:2	 122884 P 0.0 15 1516233 29938390 421415 585654 0 297112 61537 1904775 13657 35213 0 26563 (radio 3.-253% / 2.48% tx 1.33% / 0.69% listen 1.-51% / 1.79%)
960780834	ID:15	 122883 P 0.0 15 1219334 30237100 411939 470604 0 283484 83681 1882343 27822 31375 0 18260 (radio 2.-193% / 3.01% tx 1.30% / 1.41% listen 1.-87% / 1.59%)
960905028	ID:19	 122884 P 0.0 15 630472 30825901 78328 349254 0 299580 36577 1929783 3444 24110 0 20241 (radio 1.35% / 1.40% tx 0.24% / 0.17% listen 1.11% / 1.22%)
960940347	ID:13	 122883 P 0.0 15 873585 30582104 272706 373593 0 263291 73396 1892648 29889 29870 0 16539 (radio 2.-132% / 3.03% tx 0.86% / 1.52% listen 1.18% / 1.51%)
960956304	ID:17	 122883 P 0.0 15 535583 30920611 122861 292141 0 239447 31623 1934431 7521 18444 0 14704 (radio 1.31% / 1.32% tx 0.39% / 0.38% listen 0.92% / 0.93%)
960993841	ID:11	 122883 P 0.0 15 564513 30891406 162567 284473 0 217398 42497 1923535 12915 20315 0 14572 (radio 1.-95% / 1.69% tx 0.51% / 0.65% listen 0.90% / 1.03%)
961026081	ID:18	 122883 P 0.0 15 642873 30813408 192448 300416 0 230314 31430 1934621 7722 15793 0 13660 (radio 1.-80% / 1.19% tx 0.61% / 0.39% listen 0.95% / 0.80%)
961040094	ID:10	[HFS] ra=0 si=0 cx=49 ac=0
961040623	ID:2	[HFS] ra=0 si=0 cx=49 ac=0
961045730	ID:10	[LIST] Neighbors: 2,28,13,7,25,20,23,19
961046419	ID:2	[LIST] Neighbors: 28,19,27,13,10,3,20,23
961049376	ID:10	[LIST] Quarantine: (none)
961050056	ID:2	[LIST] Quarantine: (none)
961052873	ID:10	[LIST] Blacklist: (none)
961053585	ID:2	[LIST] Blacklist: (none)
961059328	ID:10	FUZZRID,DET,20,1078,1078,0,0,0,0,0,0,7,0,0,0
961060041	ID:2	FUZZRID,DET,20,1078,1078,0,0,0,0,0,0,9,0,0,0
961092126	ID:8	 122883 P 0.0 15 659988 30796551 181487 314664 0 236022 37910 1928147 10276 18694 0 15403 (radio 1.-79% / 1.47% tx 0.57% / 0.52% listen 1.00% / 0.95%)
961093955	ID:14	[HFS] ra=0 si=0 cx=49 ac=0
961098561	ID:10	 122887 P 0.0 15 828118 30629470 186730 438584 0 353220 46887 1920279 9003 30413 0 25651 (radio 1.-38% / 2.00% tx 0.59% / 0.45% listen 1.-98% / 1.54%)
961099178	ID:14	[LIST] Neighbors: 20,25,30,24,9,6,15
961102827	ID:14	[LIST] Quarantine: (none)
961106324	ID:14	[LIST] Blacklist: (none)
961112779	ID:14	FUZZRID,DET,20,1078,1078,0,0,0,0,0,0,7,0,0,0
961151190	ID:14	 122887 P 0.0 15 987101 30470302 276475 449637 0 314620 72527 1894613 22755 35939 0 23319 (radio 2.-106% / 2.98% tx 0.87% / 1.15% listen 1.-94% / 1.82%)
962213963	ID:19	[PKT-TX] DATA bytes=14  seq=28 
962230646	ID:1	[PKT-RX] DATA bytes=14 from=19 seq=28
963387548	ID:12	[PKT-TX] DATA bytes=14  seq=28 
964573703	ID:18	[PKT-TX] DATA bytes=14  seq=28 
964685591	ID:1	[PKT-RX] DATA bytes=14 from=12 seq=28
964990990	ID:12	[PKT-RTT] seq=28,rtt_delay_ms=796
965317862	ID:1	[PKT-RX] DATA bytes=14 from=18 seq=28
965446633	ID:28	[ATK-FAKE-RANK]  true_rank=512 fake_rank=712 t=11720s
965746004	ID:19	[HFS] ra=74 si=49 cx=49 ac=82
965750788	ID:19	[LIST] Neighbors: 2,28,27,4,13,10
965754454	ID:19	[LIST] Quarantine: (none)
965757951	ID:19	[LIST] Blacklist: (none)
965765239	ID:19	FUZZRID,DET,28,712,512,200,0,78,100,10,0,0,0,82,75
966112211	ID:6	[PKT-TX] DATA bytes=13  seq=28 
966127377	ID:25	[ATK-FAKE-RANK]  true_rank=1052 fake_rank=1556 t=11720s
966192133	ID:8	[HFS] ra=74 si=49 cx=49 ac=82
966196065	ID:8	[LIST] Neighbors: 7,25,5,30
966199702	ID:8	[LIST] Quarantine: (none)
966203199	ID:8	[LIST] Blacklist: (none)
966210888	ID:8	FUZZRID,DET,25,1556,1052,504,0,100,100,3,0,3,0,82,75
966231171	ID:7	[HFS] ra=74 si=49 cx=49 ac=82
966235968	ID:7	[LIST] Neighbors: 28,13,10,25,5,8
966239605	ID:7	[LIST] Quarantine: (none)
966243108	ID:7	[LIST] Blacklist: (none)
966250796	ID:7	FUZZRID,DET,25,1556,1052,504,0,100,100,5,0,0,0,82,75
966260671	ID:5	[HFS] ra=74 si=49 cx=49 ac=82
966264175	ID:5	[LIST] Neighbors: 7,8,25
966267812	ID:5	[LIST] Quarantine: (none)
966271309	ID:5	[LIST] Blacklist: (none)
966279028	ID:5	FUZZRID,DET,25,1556,1052,504,0,100,100,3,0,0,0,82,75
966426741	ID:1	[PKT-RX] DATA bytes=13 from=6 seq=28
966873908	ID:18	[PKT-RTT] seq=28,rtt_delay_ms=1148
967371113	ID:2	[PKT-TX] DATA bytes=13  seq=28 
967387596	ID:1	[PKT-RX] DATA bytes=13 from=2 seq=28
968208818	ID:20	[PKT-TX] DATA bytes=14  seq=28 
968553481	ID:1	[PKT-RX] DATA bytes=14 from=20 seq=28
968684057	ID:15	[PKT-TX] DATA bytes=14  seq=28 
968926620	ID:1	[PKT-RX] DATA bytes=14 from=15 seq=28
969141587	ID:20	[PKT-RTT] seq=28,rtt_delay_ms=460
970249669	ID:15	[PKT-RTT] seq=28,rtt_delay_ms=781
970342235	ID:14	[HFS] ra=0 si=0 cx=49 ac=0
970347458	ID:14	[LIST] Neighbors: 20,25,30,24,9,6,15
970351095	ID:14	[LIST] Quarantine: (none)
970354592	ID:14	[LIST] Blacklist: (none)
970360687	ID:14	FUZZRID,DET,20,913,913,0,0,0,0,0,0,6,0,0,0
970415719	ID:10	[HFS] ra=0 si=0 cx=49 ac=0
970421354	ID:10	[LIST] Neighbors: 2,28,13,7,25,20,23,19
970424991	ID:10	[LIST] Quarantine: (none)
970428488	ID:10	[LIST] Blacklist: (none)
970434616	ID:10	FUZZRID,DET,20,913,913,0,0,0,0,0,0,6,0,0,0
970749628	ID:22	[PKT-TX] DATA bytes=14  seq=28 
970940970	ID:1	[PKT-RX] DATA bytes=14 from=22 seq=28
971175991	ID:22	[PKT-RTT] seq=28,rtt_delay_ms=210
971339944	ID:14	[HFS] ra=0 si=0 cx=49 ac=0
971345197	ID:14	[LIST] Neighbors: 20,25,30,24,9,6,15
971348834	ID:14	[LIST] Quarantine: (none)
971352332	ID:14	[LIST] Blacklist: (none)
971358676	ID:14	FUZZRID,DET,6,1748,1748,0,0,0,0,0,0,5,0,0,0
971425672	ID:5	[PKT-TX] DATA bytes=13  seq=28 
971608163	ID:1	[PKT-RX] DATA bytes=13 from=5 seq=28
973310974	ID:8	[PKT-TX] DATA bytes=13  seq=28 
973732894	ID:1	[PKT-RX] DATA bytes=13 from=8 seq=28
974717299	ID:7	[PKT-TX] DATA bytes=13  seq=28 
975233901	ID:1	[PKT-RX] DATA bytes=13 from=7 seq=28
976995370	ID:1	[HFS] ra=0 si=0 cx=49 ac=0
977000433	ID:1	[LIST] Neighbors: 2,21,28,4,19,27,3
977004080	ID:1	[LIST] Quarantine: (none)
977007577	ID:1	[LIST] Blacklist: (none)
977013671	ID:1	FUZZRID,DET,19,512,512,0,0,0,0,0,0,0,0,0,0
977029009	ID:4	[HFS] ra=0 si=0 cx=49 ac=0
977032819	ID:4	[LIST] Neighbors: 21,19,27
977036456	ID:4	[LIST] Quarantine: (none)
977039441	ID:10	[HFS] ra=0 si=0 cx=49 ac=0
977039960	ID:4	[LIST] Blacklist: (none)
977041995	ID:13	[HFS] ra=0 si=0 cx=49 ac=0
977043063	ID:2	[HFS] ra=0 si=0 cx=49 ac=0
977045096	ID:10	[LIST] Neighbors: 2,28,13,7,25,20,23,19
977046054	ID:4	FUZZRID,DET,19,512,512,0,0,0,0,0,0,0,0,0,0
977046778	ID:13	[LIST] Neighbors: 2,28,19,10,7,25
977048733	ID:10	[LIST] Quarantine: (none)
977048859	ID:2	[LIST] Neighbors: 28,19,27,13,10,3,20,23
977050425	ID:13	[LIST] Quarantine: (none)
977052229	ID:10	[LIST] Blacklist: (none)
977052495	ID:2	[LIST] Quarantine: (none)
977053921	ID:13	[LIST] Blacklist: (none)
977055992	ID:2	[LIST] Blacklist: (none)
977058323	ID:10	FUZZRID,DET,19,512,512,0,0,0,0,0,0,0,0,0,0
977060015	ID:13	FUZZRID,DET,19,512,512,0,0,0,0,0,0,1,0,0,0
977062103	ID:2	FUZZRID,DET,19,512,512,0,0,0,0,0,0,3,0,0,0
978036450	ID:14	[PKT-TX] DATA bytes=14  seq=28 
978179030	ID:1	[PKT-RX] DATA bytes=14 from=14 seq=28
978277778	ID:21	[PKT-TX] DATA bytes=14  seq=28 
978463514	ID:14	[PKT-RTT] seq=28,rtt_delay_ms=210
978537629	ID:1	[PKT-RX] DATA bytes=14 from=21 seq=28
978739584	ID:24	[ATK-FAKE-RANK]  true_rank=1169 fake_rank=1336 t=11720s
981203632	ID:10	[PKT-TX] DATA bytes=14  seq=28 
981302631	ID:1	[PKT-RX] DATA bytes=14 from=10 seq=28
983865778	ID:9	[HFS] ra=0 si=0 cx=49 ac=0
983871147	ID:9	[LIST] Neighbors: 14,24,6,12,29,15,22
983874784	ID:9	[LIST] Quarantine: (none)
983878285	ID:9	[LIST] Blacklist: (none)
983879198	ID:15	[HFS] ra=0 si=0 cx=49 ac=0
983884741	ID:9	FUZZRID,DET,6,1748,1748,0,0,0,0,0,0,11,0,0,0
983884849	ID:15	[LIST] Neighbors: 9,14,29,24,12,11,6,30
983888486	ID:15	[LIST] Quarantine: (none)
983891983	ID:15	[LIST] Blacklist: (none)
983898299	ID:15	FUZZRID,DET,6,1748,1748,0,0,0,0,0,0,8,0,0,0
983964384	ID:14	[HFS] ra=0 si=0 cx=49 ac=0
983967627	ID:11	[HFS] ra=0 si=0 cx=49 ac=0
983969618	ID:14	[LIST] Neighbors: 20,25,30,24,9,6,15
983971277	ID:11	[LIST] Neighbors: 6,15,12
983973254	ID:14	[LIST] Quarantine: (none)
983974914	ID:11	[LIST] Quarantine: (none)
983976751	ID:14	[LIST] Blacklist: (none)
983978410	ID:11	[LIST] Blacklist: (none)
983983068	ID:14	FUZZRID,DET,6,1748,1748,0,0,0,0,0,0,5,0,0,0
983984727	ID:11	FUZZRID,DET,6,1748,1748,0,0,0,0,0,0,6,0,0,0
984338342	ID:16	[PKT-TX] DATA bytes=14  seq=28 
984384836	ID:3	[PKT-TX] DATA bytes=13  seq=28 
984441061	ID:1	[PKT-RX] DATA bytes=14 from=16 seq=28
984520044	ID:27	[ATK-FAKE-RANK]  true_rank=512 fake_rank=712 t=11720s
984652980	ID:1	[PKT-RX] DATA bytes=13 from=3 seq=28
984727243	ID:1	[HFS] ra=74 si=49 cx=49 ac=82
984732306	ID:1	[LIST] Neighbors: 2,21,28,4,19,27,3
984735943	ID:1	[LIST] Quarantine: (none)
984739440	ID:1	[LIST] Blacklist: (none)
984744567	ID:19	[HFS] ra=74 si=49 cx=49 ac=82
984746728	ID:1	FUZZRID,DET,27,712,512,200,0,78,100,26,0,0,0,82,75
984749351	ID:19	[LIST] Neighbors: 2,28,27,4,13,10
984752988	ID:19	[LIST] Quarantine: (none)
984756484	ID:19	[LIST] Blacklist: (none)
984760297	ID:6	[HFS] ra=0 si=0 cx=49 ac=0
984763809	ID:19	FUZZRID,DET,27,712,512,200,0,78,100,20,0,0,0,82,75
984765240	ID:6	[LIST] Neighbors: 14,30,9,15,12,11
984768877	ID:6	[LIST] Quarantine: (none)
984769734	ID:21	[HFS] ra=74 si=49 cx=49 ac=82
984772380	ID:6	[LIST] Blacklist: (none)
984773665	ID:21	[LIST] Neighbors: 4,27,3,17
984777302	ID:21	[LIST] Quarantine: (none)
984778337	ID:4	[HFS] ra=74 si=49 cx=49 ac=82
984778696	ID:6	FUZZRID,DET,9,1358,1358,0,0,0,0,0,0,3,0,0,0
984780800	ID:21	[LIST] Blacklist: (none)
984782181	ID:4	[LIST] Neighbors: 21,19,27
984785818	ID:4	[LIST] Quarantine: (none)
984788120	ID:21	FUZZRID,DET,27,712,512,200,0,78,100,26,0,0,0,82,75
984789315	ID:4	[LIST] Blacklist: (none)
984796602	ID:4	FUZZRID,DET,27,712,512,200,0,78,100,26,0,0,0,82,75
985186502	ID:16	[PKT-RTT] seq=28,rtt_delay_ms=421
985451879	ID:9	[PKT-TX] DATA bytes=13  seq=28 
985539159	ID:10	[HFS] ra=0 si=0 cx=49 ac=0
985543774	ID:2	[HFS] ra=0 si=0 cx=49 ac=0
985544816	ID:10	[LIST] Neighbors: 2,28,13,7,25,20,23,19
985548452	ID:10	[LIST] Quarantine: (none)
985549570	ID:2	[LIST] Neighbors: 28,19,27,13,10,3,20,23
985551949	ID:10	[LIST] Blacklist: (none)
985553207	ID:2	[LIST] Quarantine: (none)
985556703	ID:2	[LIST] Blacklist: (none)
985558042	ID:10	FUZZRID,DET,20,862,862,0,0,0,0,0,0,6,0,0,0
985562830	ID:2	FUZZRID,DET,20,862,862,0,0,0,0,0,0,9,0,0,0
985948067	ID:13	[PKT-TX] DATA bytes=14  seq=28 
986004768	ID:1	[PKT-RX] DATA bytes=14 from=13 seq=28
986163021	ID:13	[PKT-RTT] seq=28,rtt_delay_ms=101
986677072	ID:1	[PKT-RX] DATA bytes=13 from=9 seq=28
987128060	ID:17	[PKT-TX] DATA bytes=14  seq=28 
987279762	ID:1	[PKT-RX] DATA bytes=14 from=17 seq=28
989045213	ID:2	[HFS] ra=0 si=0 cx=49 ac=0
989051009	ID:2	[LIST] Neighbors: 28,19,27,13,10,3,20,23
989054646	ID:2	[LIST] Quarantine: (none)
989056167	ID:11	[PKT-TX] DATA bytes=14  seq=28 
989058142	ID:2	[LIST] Blacklist: (none)
989064098	ID:2	FUZZRID,DET,3,786,786,0,0,0,0,0,0,2,0,0,0
989121726	ID:4	[PKT-TX] DATA bytes=13  seq=28 
989208882	ID:1	[PKT-RX] DATA bytes=13 from=4 seq=28
989696061	ID:1	[PKT-RX] DATA bytes=14 from=11 seq=28
991604392	ID:6	[PKT-TX] DATA bytes=13  seq=29 
992302791	ID:1	[PKT-RX] DATA bytes=13 from=6 seq=29
992543798	ID:12	[PKT-TX] DATA bytes=14  seq=29 
994235854	ID:11	[PKT-TX] DATA bytes=14  seq=29 
994333768	ID:8	[PKT-TX] DATA bytes=13  seq=29 
994484025	ID:1	[PKT-RX] DATA bytes=13 from=8 seq=29
994505819	ID:6	[PKT-RTT] seq=29,rtt_delay_ms=1445
994542860	ID:5	[PKT-TX] DATA bytes=13  seq=29 
994732739	ID:1	[PKT-RX] DATA bytes=13 from=5 seq=29
995177911	ID:1	[PKT-RX] DATA bytes=14 from=12 seq=29
996177911	ID:1	[PKT-RX] DATA bytes=14 from=11 seq=29
997457041	ID:2	[PKT-TX] DATA bytes=13  seq=29 
997473528	ID:1	[PKT-RX] DATA bytes=13 from=2 seq=29
1001314559	ID:3	[PKT-TX] DATA bytes=13  seq=29 
1001403076	ID:1	[PKT-RX] DATA bytes=13 from=3 seq=29
1001467532	ID:9	[PKT-TX] DATA bytes=13  seq=29 
1001678646	ID:1	[PKT-RX] DATA bytes=13 from=9 seq=29
1002065750	ID:25	[ATK-FAKE-RANK]  true_rank=1052 fake_rank=1576 t=11720s
1002120247	ID:17	[PKT-TX] DATA bytes=14  seq=29 
1002153215	ID:1	[PKT-RX] DATA bytes=14 from=17 seq=29
1002621528	ID:21	[PKT-TX] DATA bytes=14  seq=29 
1002638177	ID:1	[PKT-RX] DATA bytes=14 from=21 seq=29
1006043539	ID:13	[HFS] ra=0 si=0 cx=49 ac=0
1006048322	ID:13	[LIST] Neighbors: 2,28,19,10,7,25
1006051963	ID:13	[LIST] Quarantine: (none)
1006055460	ID:13	[LIST] Blacklist: (none)
1006061777	ID:13	FUZZRID,DET,7,1079,1079,0,0,0,0,0,0,4,6,0,0
1006122944	ID:15	[PKT-TX] DATA bytes=14  seq=29 
1006302770	ID:1	[PKT-RX] DATA bytes=14 from=15 seq=29
1006623489	ID:15	[PKT-RTT] seq=29,rtt_delay_ms=250
1006700998	ID:20	[PKT-TX] DATA bytes=14  seq=29 
1006802491	ID:1	[PKT-RX] DATA bytes=14 from=20 seq=29
1007018501	ID:20	[PKT-RTT] seq=29,rtt_delay_ms=156
1008145388	ID:4	[PKT-TX] DATA bytes=13  seq=29 
1008162058	ID:1	[PKT-RX] DATA bytes=13 from=4 seq=29
1011648935	ID:10	[PKT-TX] DATA bytes=14  seq=29 
1011927491	ID:1	[PKT-RX] DATA bytes=14 from=10 seq=29
1013057582	ID:1	[HFS] ra=0 si=0 cx=49 ac=0
1013062645	ID:1	[LIST] Neighbors: 2,21,28,4,19,27,3
1013066300	ID:1	[LIST] Quarantine: (none)
1013069797	ID:1	[LIST] Blacklist: (none)
1013075752	ID:1	FUZZRID,DET,2,512,512,0,0,0,0,0,0,3,0,0,0
1013087634	ID:3	[HFS] ra=0 si=0 cx=49 ac=0
1013092564	ID:3	[LIST] Neighbors: 2,23,17,31,27,21
1013096201	ID:3	[LIST] Quarantine: (none)
1013099697	ID:3	[LIST] Blacklist: (none)
1013105653	ID:3	FUZZRID,DET,2,512,512,0,0,0,0,0,0,6,0,0,0
1013147349	ID:20	[HFS] ra=0 si=0 cx=49 ac=0
1013152704	ID:20	[LIST] Neighbors: 2,10,25,14,28,23,24
1013156341	ID:20	[LIST] Quarantine: (none)
1013159838	ID:20	[LIST] Blacklist: (none)
1013164743	ID:13	[HFS] ra=0 si=0 cx=49 ac=0
1013164767	ID:10	[HFS] ra=0 si=0 cx=49 ac=0
1013165793	ID:20	FUZZRID,DET,2,512,512,0,0,0,0,0,0,7,0,0,0
1013169540	ID:13	[LIST] Neighbors: 2,28,19,10,7,25
1013170403	ID:10	[LIST] Neighbors: 2,28,13,7,25,20,23,19
1013173177	ID:13	[LIST] Quarantine: (none)
1013174040	ID:10	[LIST] Quarantine: (none)
1013176683	ID:13	[LIST] Blacklist: (none)
1013177536	ID:10	[LIST] Blacklist: (none)
1013182639	ID:13	FUZZRID,DET,2,512,512,0,0,0,0,0,0,4,0,0,0
1013183492	ID:10	FUZZRID,DET,2,512,512,0,0,0,0,0,0,4,0,0,0
1013499628	ID:22	[PKT-TX] DATA bytes=14  seq=29 
1013666819	ID:13	[PKT-TX] DATA bytes=14  seq=29 
1013811992	ID:1	[PKT-RX] DATA bytes=14 from=22 seq=29
1014048230	ID:22	[PKT-RTT] seq=29,rtt_delay_ms=273
1014128609	ID:1	[PKT-RX] DATA bytes=14 from=13 seq=29
1014287089	ID:13	[PKT-RTT] seq=29,rtt_delay_ms=304
1016967897	ID:11	[HFS] ra=0 si=0 cx=49 ac=0
1016971547	ID:11	[LIST] Neighbors: 6,15,12
1016975184	ID:11	[LIST] Quarantine: (none)
1016978680	ID:11	[LIST] Blacklist: (none)
1016985136	ID:11	FUZZRID,DET,12,1758,1758,0,0,0,0,0,0,0,0,0,0
1017039950	ID:10	[HFS] ra=0 si=0 cx=49 ac=0
1017040343	ID:2	[HFS] ra=0 si=0 cx=49 ac=0
1017045586	ID:10	[LIST] Neighbors: 2,28,13,7,25,20,23,19
1017046138	ID:2	[LIST] Neighbors: 28,19,27,13,10,3,20,23
1017049231	ID:10	[LIST] Quarantine: (none)
1017049775	ID:2	[LIST] Quarantine: (none)
1017052727	ID:10	[LIST] Blacklist: (none)
1017053305	ID:2	[LIST] Blacklist: (none)
1017058819	ID:10	FUZZRID,DET,20,815,815,0,0,0,0,0,0,5,0,0,0
1017059397	ID:2	FUZZRID,DET,20,815,815,0,0,0,0,0,0,8,0,0,0
1017168494	ID:31	[ATK-FAKE-RANK]  true_rank=1013 fake_rank=1049 t=11720s
1017309518	ID:17	[HFS] ra=0 si=0 cx=49 ac=0
1017313609	ID:17	[LIST] Neighbors: 21,27,3,31
1017317245	ID:17	[LIST] Quarantine: (none)
1017320742	ID:17	[LIST] Blacklist: (none)
1017327928	ID:17	FUZZRID,DET,31,1049,1013,36,0,13,53,9,33,1,14,0,0
1018018816	ID:21	[HFS] ra=0 si=0 cx=49 ac=0
1018022746	ID:21	[LIST] Neighbors: 4,27,3,17
1018026383	ID:21	[LIST] Quarantine: (none)
1018029891	ID:21	[LIST] Blacklist: (none)
1018035983	ID:21	FUZZRID,DET,17,814,814,0,0,0,0,0,0,0,0,0,0
1018738706	ID:18	[PKT-TX] DATA bytes=14  seq=29 
1018940523	ID:19	[PKT-TX] DATA bytes=14  seq=29 
1018940652	ID:1	[PKT-RX] DATA bytes=14 from=18 seq=29
1018957392	ID:1	[PKT-RX] DATA bytes=14 from=19 seq=29
1019267457	ID:16	[PKT-TX] DATA bytes=14  seq=29 
1019440823	ID:1	[PKT-RX] DATA bytes=14 from=16 seq=29
1019686959	ID:16	[PKT-RTT] seq=29,rtt_delay_ms=203
1019751039	ID:1	[HFS] ra=0 si=0 cx=49 ac=0
1019756104	ID:1	[LIST] Neighbors: 2,21,28,4,19,27,3
1019759741	ID:1	[LIST] Quarantine: (none)
1019763238	ID:1	[LIST] Blacklist: (none)
1019769194	ID:1	FUZZRID,DET,3,784,784,0,0,0,0,0,0,0,0,0,0
1019771606	ID:21	[HFS] ra=0 si=0 cx=49 ac=0
1019775536	ID:21	[LIST] Neighbors: 4,27,3,17
1019779192	ID:21	[LIST] Quarantine: (none)
1019782689	ID:21	[LIST] Blacklist: (none)
1019788645	ID:21	FUZZRID,DET,3,784,784,0,0,0,0,0,0,0,0,0,0
1019793832	ID:2	[HFS] ra=0 si=0 cx=49 ac=0
1019799627	ID:2	[LIST] Neighbors: 28,19,27,13,10,3,20,23
1019802780	ID:7	[PKT-TX] DATA bytes=13  seq=29 
1019803264	ID:2	[LIST] Quarantine: (none)
1019805716	ID:17	[HFS] ra=0 si=0 cx=49 ac=0
1019806761	ID:2	[LIST] Blacklist: (none)
1019809807	ID:17	[LIST] Neighbors: 21,27,3,31
1019812717	ID:2	FUZZRID,DET,3,784,784,0,0,0,0,0,0,2,0,0,0
1019813444	ID:17	[LIST] Quarantine: (none)
1019816941	ID:17	[LIST] Blacklist: (none)
1019822897	ID:17	FUZZRID,DET,3,784,784,0,0,0,0,0,0,4,0,0,0
1020160340	ID:5	 130563 P 0.0 16 543985 32878051 139883 306225 0 249982 28426 1937596 6103 17856 0 14589 (radio 1.-96% / 1.21% tx 0.41% / 0.31% listen 0.91% / 0.90%)
1020270877	ID:12	 130563 P 0.0 16 705836 32713866 176644 335077 0 253897 60024 1905742 25275 27450 0 15698 (radio 1.-76% / 2.68% tx 0.52% / 1.28% listen 1.00% / 1.39%)
1020286443	ID:14	[PKT-TX] DATA bytes=14  seq=29 
1020301262	ID:4	 130563 P 0.0 16 506352 32915661 93728 300676 0 261226 24734 1941036 1768 17523 0 16081 (radio 1.18% / 0.98% tx 0.28% / 0.08% listen 0.89% / 0.89%)
1020359142	ID:1	[PKT-RX] DATA bytes=13 from=7 seq=29
1020360232	ID:3	 130563 P 0.0 16 805398 32616145 233963 358817 0 267340 56207 1909819 19708 25846 0 18183 (radio 1.-52% / 2.31% tx 0.70% / 1.00% listen 1.07% / 1.31%)
1020418540	ID:21	 130563 P 0.0 16 608414 32811323 107196 340301 0 270670 32995 1932984 3177 20000 0 16168 (radio 1.-95% / 1.17% tx 0.32% / 0.16% listen 1.01% / 1.01%)
1020429401	ID:1	[PKT-RX] DATA bytes=14 from=14 seq=29
1020463265	ID:16	 130563 P 0.0 16 695706 32726296 211764 326560 0 235226 44717 1921122 14826 22532 0 14164 (radio 1.-68% / 1.90% tx 0.63% / 0.75% listen 0.97% / 1.14%)
1020515477	ID:9	 130563 P 0.0 16 1133968 32288374 372211 487769 0 324240 97666 1868258 43294 40748 0 20374 (radio 2.-200% / 4.27% tx 1.11% / 2.20% listen 1.-83% / 2.07%)
1020597283	ID:1	 130565 P 0.0 16 2031243 31390205 843152 32578722 0 0 119627 1846340 48539 1917364 0 0 (radio 100.-9896% / 99.-8639% tx 2.-77% / 2.46% listen 97.-9591% / 97.-8686%)
1020632131	ID:7	 130563 P 0.0 16 1354598 32066989 551723 492562 0 237246 70330 1895648 27380 27751 0 14321 (radio 3.-245% / 2.80% tx 1.-64% / 1.39% listen 1.-82% / 1.41%)
1020658984	ID:6	 130563 P 0.0 16 877864 32543911 240426 362388 0 273288 51276 1914700 16486 25669 0 19880 (radio 1.-49% / 2.14% tx 0.71% / 0.83% listen 1.08% / 1.30%)
1020702257	ID:22	 130563 P 0.0 16 997481 32424689 292739 436501 0 303660 54648 1911246 16651 28495 0 19929 (radio 2.-111% / 2.29% tx 0.87% / 0.84% listen 1.-98% / 1.44%)
1020712524	ID:14	[PKT-RTT] seq=29,rtt_delay_ms=210
1020719713	ID:2	 130566 P 0.0 16 1642923 31778186 459781 636227 0 317979 126688 1839796 38366 50573 0 20867 (radio 3.-230% / 4.52% tx 1.-91% / 1.95% listen 1.-39% / 2.57%)
1020740003	ID:20	 130571 P 0.0 16 1952960 31471483 835759 669275 0 266997 171266 1796904 84427 51003 0 15320 (radio 4.-336% / 6.88% tx 2.-79% / 4.28% listen 2.-129% / 2.59%)
1020778024	ID:15	 130563 P 0.0 16 1303960 32118348 446394 504601 0 301162 84624 1881248 34455 33997 0 17678 (radio 2.-173% / 3.48% tx 1.-95% / 1.75% listen 1.-78% / 1.72%)
1020893929	ID:19	 130563 P 0.0 16 689561 32732418 93490 377822 0 319890 59088 1906517 15162 28568 0 20310 (radio 1.-88% / 2.22% tx 0.27% / 0.77% listen 1.13% / 1.45%)
1020940335	ID:13	 130563 P 0.0 16 928795 32492920 288943 399054 0 280309 55209 1910816 16237 25461 0 17018 (radio 2.-123% / 2.12% tx 0.86% / 0.82% listen 1.19% / 1.29%)
1020956410	ID:17	 130563 P 0.0 16 566848 32855383 128924 310416 0 256003 31264 1934772 6063 18275 0 16556 (radio 1.-98% / 1.23% tx 0.38% / 0.30% listen 0.92% / 0.92%)
1020993564	ID:11	 130563 P 0.0 16 591860 32830021 167337 302502 0 232622 27346 1938615 4770 18029 0 15224 (radio 1.-88% / 1.15% tx 0.50% / 0.24% listen 0.90% / 0.91%)
1021026062	ID:18	 130563 P 0.0 16 677424 32744731 201218 320216 0 245394 34550 1931323 8770 19800 0 15080 (radio 1.-73% / 1.45% tx 0.60% / 0.44% listen 0.95% / 1.00%)
1021063843	ID:10	 130563 P 0.0 16 884833 32537643 200394 472288 0 379812 56713 1908173 13664 33704 0 26592 (radio 2.-128% / 2.41% tx 0.59% / 0.69% listen 1.-88% / 1.71%)
1021073319	ID:3	[PKT-TX] DATA bytes=13  seq=30 
1021092102	ID:8	 130563 P 0.0 16 709998 32712595 199014 337789 0 250495 50009 1916044 17527 23125 0 14473 (radio 1.-68% / 2.06% tx 0.59% / 0.89% listen 1.01% / 1.17%)
1021116033	ID:14	 130563 P 0.0 16 1062133 32360138 300397 485286 0 335055 75031 1889836 23922 35649 0 20435 (radio 2.-94% / 3.03% tx 0.89% / 1.21% listen 1.-84% / 1.81%)
1021153216	ID:1	[PKT-RX] DATA bytes=13 from=3 seq=30
1021909582	ID:13	[PKT-TX] DATA bytes=14  seq=30 
1022005621	ID:1	[PKT-RX] DATA bytes=14 from=13 seq=30
1022163940	ID:13	[PKT-RTT] seq=30,rtt_delay_ms=125
1022707467	ID:21	[PKT-TX] DATA bytes=14  seq=30 
1022724248	ID:1	[PKT-RX] DATA bytes=14 from=21 seq=30
1023496259	ID:4	[PKT-TX] DATA bytes=13  seq=30 
1023496366	ID:19	[HFS] ra=0 si=0 cx=49 ac=0
1023501149	ID:19	[LIST] Neighbors: 2,28,27,4,13,10
1023504786	ID:19	[LIST] Quarantine: (none)
1023508283	ID:19	[LIST] Blacklist: (none)
1023513640	ID:1	[PKT-RX] DATA bytes=13 from=4 seq=30
1023514238	ID:19	FUZZRID,DET,4,512,512,0,0,0,0,0,0,0,0,0,0
1023620872	ID:19	[HFS] ra=0 si=0 cx=49 ac=0
1023625655	ID:19	[LIST] Neighbors: 2,28,27,4,13,10
1023629315	ID:19	[LIST] Quarantine: (none)
1023632811	ID:19	[LIST] Blacklist: (none)
1023638902	ID:19	FUZZRID,DET,10,800,800,0,0,0,0,0,0,0,0,0,0
1024540543	ID:11	[PKT-TX] DATA bytes=14  seq=30 
1024638457	ID:8	[PKT-TX] DATA bytes=13  seq=30 
1024858723	ID:1	[PKT-RX] DATA bytes=13 from=8 seq=30
1026292989	ID:2	[PKT-TX] DATA bytes=13  seq=30 
1026309745	ID:1	[PKT-RX] DATA bytes=13 from=2 seq=30
1026549712	ID:6	[PKT-TX] DATA bytes=13  seq=30 
1026802772	ID:1	[PKT-RX] DATA bytes=13 from=6 seq=30
1027005194	ID:14	[PKT-TX] DATA bytes=14  seq=30 
1027319663	ID:1	[HFS] ra=0 si=0 cx=49 ac=0
1027324760	ID:1	[LIST] Neighbors: 2,21,28,4,19,27,3
1027328397	ID:1	[LIST] Quarantine: (none)
1027331925	ID:1	[LIST] Blacklist: (none)
1027337417	ID:3	[HFS] ra=0 si=0 cx=49 ac=0
1027338019	ID:1	FUZZRID,DET,21,512,512,0,0,0,0,0,0,0,0,0,0
1027342347	ID:3	[LIST] Neighbors: 2,23,17,31,27,21
1027345988	ID:3	[LIST] Quarantine: (none)
1027349485	ID:3	[LIST] Blacklist: (none)
1027355579	ID:3	FUZZRID,DET,21,512,512,0,0,0,0,0,0,1,0,0,0
1028005736	ID:6	[PKT-RTT] seq=30,rtt_delay_ms=726
1028426628	ID:1	[PKT-RX] DATA bytes=14 from=14 seq=30
1029169961	ID:7	[PKT-TX] DATA bytes=13  seq=30 
1029210310	ID:14	[PKT-RTT] seq=30,rtt_delay_ms=1101
1029232320	ID:1	[PKT-RX] DATA bytes=13 from=7 seq=30
1029300266	ID:18	[PKT-TX] DATA bytes=14  seq=30 
1029427301	ID:1	[PKT-RX] DATA bytes=14 from=11 seq=30
1029567418	ID:1	[PKT-RX] DATA bytes=14 from=18 seq=30
1029843050	ID:14	[HFS] ra=0 si=0 cx=49 ac=0
1029846077	ID:11	[HFS] ra=0 si=0 cx=49 ac=0
1029848274	ID:14	[LIST] Neighbors: 20,25,30,24,9,6,15
1029849728	ID:11	[LIST] Neighbors: 6,15,12
1029851911	ID:14	[LIST] Quarantine: (none)
1029853364	ID:11	[LIST] Quarantine: (none)
1029855408	ID:14	[LIST] Blacklist: (none)
1029856861	ID:11	[LIST] Blacklist: (none)
1029861726	ID:14	FUZZRID,DET,6,1755,1755,0,0,0,0,0,0,5,0,0,0
1029863179	ID:11	FUZZRID,DET,6,1755,1755,0,0,0,0,0,0,5,0,0,0
1029863804	ID:9	[HFS] ra=0 si=0 cx=49 ac=0
1029869173	ID:9	[LIST] Neighbors: 14,24,6,12,29,15,22
1029872423	ID:12	[HFS] ra=0 si=0 cx=49 ac=0
1029872810	ID:9	[LIST] Quarantine: (none)
1029876327	ID:9	[LIST] Blacklist: (none)
1029876780	ID:12	[LIST] Neighbors: 9,29,15,11,6
1029877306	ID:15	[HFS] ra=0 si=0 cx=49 ac=0
1029880417	ID:12	[LIST] Quarantine: (none)
1029882645	ID:9	FUZZRID,DET,6,1755,1755,0,0,0,0,0,0,6,0,0,0
1029882943	ID:15	[LIST] Neighbors: 9,14,29,24,12,11,6,30
1029883913	ID:12	[LIST] Blacklist: (none)
1029886580	ID:15	[LIST] Quarantine: (none)
1029890102	ID:15	[LIST] Blacklist: (none)
1029890231	ID:12	FUZZRID,DET,6,1755,1755,0,0,0,0,0,0,2,0,0,0
1029896420	ID:15	FUZZRID,DET,6,1755,1755,0,0,0,0,0,0,3,0,0,0
1030404124	ID:20	[PKT-TX] DATA bytes=14  seq=30 
1030561247	ID:9	[PKT-TX] DATA bytes=13  seq=30 
1030927981	ID:1	[PKT-RX] DATA bytes=14 from=20 seq=30
1031176653	ID:1	[PKT-RX] DATA bytes=13 from=9 seq=30
1031392207	ID:20	[PKT-RTT] seq=30,rtt_delay_ms=492
1031695818	ID:10	[PKT-TX] DATA bytes=14  seq=30 
1031803330	ID:1	[PKT-RX] DATA bytes=14 from=10 seq=30
1032040324	ID:10	[PKT-RTT] seq=30,rtt_delay_ms=171
1033691845	ID:15	[PKT-TX] DATA bytes=14  seq=30 
1033928073	ID:1	[PKT-RX] DATA bytes=14 from=15 seq=30
1033987436	ID:17	[PKT-TX] DATA bytes=14  seq=30 
1034903957	ID:1	[PKT-RX] DATA bytes=14 from=17 seq=30
1035286315	ID:30	[ATK-FAKE-RANK]  true_rank=1360 fake_rank=1726 t=11720s
1035342536	ID:14	[HFS] ra=74 si=49 cx=49 ac=82
1035347760	ID:14	[LIST] Neighbors: 20,25,30,24,9,6,15
1035351423	ID:14	[LIST] Quarantine: (none)
1035354920	ID:14	[LIST] Blacklist: (none)
1035362640	ID:14	FUZZRID,DET,30,1726,1360,366,0,100,100,2,0,0,0,82,75
1035624178	ID:15	[PKT-RTT] seq=30,rtt_delay_ms=960
1035634150	ID:5	[HFS] ra=0 si=0 cx=49 ac=0
1035637653	ID:5	[LIST] Neighbors: 7,8,25
1035641290	ID:5	[LIST] Quarantine: (none)
1035644787	ID:5	[LIST] Blacklist: (none)
1035651132	ID:5	FUZZRID,DET,7,1057,1057,0,0,0,0,0,0,3,0,0,0
1035665210	ID:10	[HFS] ra=0 si=0 cx=49 ac=0
1035665227	ID:13	[HFS] ra=0 si=0 cx=49 ac=0
1035670017	ID:13	[LIST] Neighbors: 2,28,19,10,7,25
1035670845	ID:10	[LIST] Neighbors: 2,28,13,7,25,20,23,19
1035673654	ID:13	[LIST] Quarantine: (none)
1035674511	ID:10	[LIST] Quarantine: (none)
1035677150	ID:13	[LIST] Blacklist: (none)
1035678007	ID:10	[LIST] Blacklist: (none)
1035683605	ID:13	FUZZRID,DET,7,1057,1057,0,0,0,0,0,0,3,12,0,0
1035684323	ID:10	FUZZRID,DET,7,1057,1057,0,0,0,0,0,0,3,6,0,0
1035694084	ID:8	[HFS] ra=0 si=0 cx=49 ac=0
1035698015	ID:8	[LIST] Neighbors: 7,25,5,30
1035701651	ID:8	[LIST] Quarantine: (none)
1035705148	ID:8	[LIST] Blacklist: (none)
1035711464	ID:8	FUZZRID,DET,7,1057,1057,0,0,0,0,0,0,5,0,0,0
1036353390	ID:26	[ATK-FAKE-RANK]  true_rank=1421 fake_rank=1444 t=11720s
1036430359	ID:22	[HFS] ra=74 si=0 cx=49 ac=95
1036435729	ID:22	[LIST] Neighbors: 24,16,9,29,31,26,18
1036439366	ID:22	[LIST] Quarantine: (none)
1036442863	ID:22	[LIST] Blacklist: (none)
1036450054	ID:22	FUZZRID,DET,26,1444,1421,23,0,8,90,8,0,0,0,95,100
1037184893	ID:30	[ATK-FAKE-RANK]  true_rank=1360 fake_rank=1746 t=11720s
1037215589	ID:14	[HFS] ra=74 si=49 cx=49 ac=82
1037220812	ID:14	[LIST] Neighbors: 20,25,30,24,9,6,15
1037224449	ID:14	[LIST] Quarantine: (none)
1037227962	ID:14	[LIST] Blacklist: (none)
1037235671	ID:14	FUZZRID,DET,30,1746,1360,386,0,100,100,5,0,0,0,82,75
1037255498	ID:15	[HFS] ra=74 si=49 cx=49 ac=82
1037258322	ID:6	[HFS] ra=74 si=49 cx=49 ac=82
1037261135	ID:15	[LIST] Neighbors: 9,14,29,24,12,11,6,30
1037263265	ID:6	[LIST] Neighbors: 14,30,9,15,12,11
1037264772	ID:15	[LIST] Quarantine: (none)
1037266902	ID:6	[LIST] Quarantine: (none)
1037268268	ID:15	[LIST] Blacklist: (none)
1037270422	ID:6	[LIST] Blacklist: (none)
1037276126	ID:15	FUZZRID,DET,30,1746,1360,386,0,100,100,18,0,2,0,82,75
1037278110	ID:6	FUZZRID,DET,30,1746,1360,386,0,100,100,2,0,2,0,82,75
1037318138	ID:8	[HFS] ra=74 si=49 cx=49 ac=82
1037322069	ID:8	[LIST] Neighbors: 7,25,5,30
1037325706	ID:8	[LIST] Quarantine: (none)
1037329203	ID:8	[LIST] Blacklist: (none)
1037337059	ID:8	FUZZRID,DET,30,1746,1360,386,0,100,100,19,0,0,0,82,75
1038322145	ID:16	[PKT-TX] DATA bytes=14  seq=30 
1038818134	ID:1	[PKT-RX] DATA bytes=14 from=16 seq=30
1039060315	ID:16	[PKT-RTT] seq=30,rtt_delay_ms=367
1041718380	ID:22	[PKT-TX] DATA bytes=14  seq=30 
1041818147	ID:1	[PKT-RX] DATA bytes=14 from=22 seq=30
1044035538	ID:5	[PKT-TX] DATA bytes=13  seq=30 
1044231979	ID:1	[PKT-RX] DATA bytes=13 from=5 seq=30
1044506657	ID:5	[PKT-RTT] seq=30,rtt_delay_ms=234
1047996923	ID:12	[PKT-TX] DATA bytes=14  seq=30 
1048302590	ID:1	[PKT-RX] DATA bytes=14 from=12 seq=30
1048620204	ID:19	[PKT-TX] DATA bytes=14  seq=30 
1048778521	ID:1	[PKT-RX] DATA bytes=14 from=19 seq=30
1051201864	ID:9	[PKT-TX] DATA bytes=13  seq=31 
1051427584	ID:1	[PKT-RX] DATA bytes=13 from=9 seq=31
1051654407	ID:24	[ATK-FAKE-RANK]  true_rank=1260 fake_rank=1356 t=11720s
1051803781	ID:22	[HFS] ra=74 si=0 cx=49 ac=95
1051809151	ID:22	[LIST] Neighbors: 24,16,9,29,31,26,18
1051812788	ID:22	[LIST] Quarantine: (none)
1051816285	ID:22	[LIST] Blacklist: (none)
1051823935	ID:22	FUZZRID,DET,24,1356,1260,96,0,36,100,32,0,1,0,95,100
1052564330	ID:16	[HFS] ra=0 si=0 cx=49 ac=0
1052568567	ID:16	[LIST] Neighbors: 31,26,22,18
1052572204	ID:16	[LIST] Quarantine: (none)
1052575701	ID:16	[LIST] Blacklist: (none)
1052582153	ID:16	FUZZRID,DET,22,1325,1325,0,0,0,0,0,0,3,0,0,0
1052746732	ID:29	[ATK-FAKE-RANK]  true_rank=1750 fake_rank=2011 t=11720s
1052871860	ID:12	[HFS] ra=74 si=49 cx=49 ac=82
1052876217	ID:12	[LIST] Neighbors: 9,29,15,11,6
1052879854	ID:12	[LIST] Quarantine: (none)
1052883351	ID:12	[LIST] Blacklist: (none)
1052890999	ID:12	FUZZRID,DET,29,2011,1750,261,0,86,100,18,0,9,0,82,75
1052984011	ID:22	[PKT-TX] DATA bytes=14  seq=31 
1053065656	ID:1	[PKT-RX] DATA bytes=14 from=22 seq=31
1055055248	ID:22	[HFS] ra=0 si=0 cx=49 ac=0
1055060618	ID:22	[LIST] Neighbors: 24,16,9,29,31,26,18
1055064254	ID:22	[LIST] Quarantine: (none)
1055067751	ID:22	[LIST] Blacklist: (none)
1055074106	ID:22	FUZZRID,DET,9,1340,1340,0,0,0,0,0,0,1,0,0,0
1055127108	ID:15	[HFS] ra=0 si=0 cx=49 ac=0
1055132752	ID:15	[LIST] Neighbors: 9,14,29,24,12,11,6,30
1055136389	ID:15	[LIST] Quarantine: (none)
1055139886	ID:15	[LIST] Blacklist: (none)
1055146200	ID:15	FUZZRID,DET,9,1340,1340,0,0,0,0,0,0,5,0,0,0
1055338998	ID:17	[PKT-TX] DATA bytes=14  seq=31 
1055404774	ID:1	[PKT-RX] DATA bytes=14 from=17 seq=31
1055914561	ID:10	[PKT-TX] DATA bytes=14  seq=31 
1056051932	ID:1	[PKT-RX] DATA bytes=14 from=10 seq=31
1056287347	ID:10	[PKT-RTT] seq=31,rtt_delay_ms=179
1056467371	ID:14	[HFS] ra=0 si=0 cx=49 ac=0
1056472594	ID:14	[LIST] Neighbors: 20,25,30,24,9,6,15
1056476231	ID:14	[LIST] Quarantine: (none)
1056479728	ID:14	[LIST] Blacklist: (none)
1056485821	ID:14	FUZZRID,DET,20,811,811,0,0,0,0,0,0,6,0,0,0
1056540797	ID:10	[HFS] ra=0 si=0 cx=49 ac=0
1056546433	ID:10	[LIST] Neighbors: 2,28,13,7,25,20,23,19
1056550070	ID:10	[LIST] Quarantine: (none)
1056553567	ID:10	[LIST] Blacklist: (none)
1056559698	ID:10	FUZZRID,DET,20,811,811,0,0,0,0,0,0,2,0,0,0
1056807445	ID:13	[PKT-TX] DATA bytes=14  seq=31 
1056879178	ID:1	[PKT-RX] DATA bytes=14 from=13 seq=31
1057037786	ID:13	[PKT-RTT] seq=31,rtt_delay_ms=109
1057123946	ID:12	[HFS] ra=0 si=0 cx=49 ac=0
1057128303	ID:12	[LIST] Neighbors: 9,29,15,11,6
1057131940	ID:12	[LIST] Quarantine: (none)
1057135436	ID:12	[LIST] Blacklist: (none)
1057141891	ID:12	FUZZRID,DET,11,1866,1866,0,0,0,0,0,0,1,0,0,0
1058895361	ID:12	[PKT-TX] DATA bytes=14  seq=31 
1059174712	ID:6	[PKT-TX] DATA bytes=13  seq=31 
1059177106	ID:1	[PKT-RX] DATA bytes=14 from=12 seq=31
1059427518	ID:1	[PKT-RX] DATA bytes=13 from=6 seq=31
1059630220	ID:14	[PKT-TX] DATA bytes=14  seq=31 
1059716582	ID:8	[PKT-TX] DATA bytes=13  seq=31 
1059754705	ID:6	[PKT-RTT] seq=31,rtt_delay_ms=289
1059983929	ID:1	[PKT-RX] DATA bytes=13 from=8 seq=31
1060238915	ID:4	[PKT-TX] DATA bytes=13  seq=31 
1060255757	ID:1	[PKT-RX] DATA bytes=13 from=4 seq=31
1060314022	ID:8	[PKT-RTT] seq=31,rtt_delay_ms=296
1060355912	ID:21	[PKT-TX] DATA bytes=14  seq=31 
1060372871	ID:1	[PKT-RX] DATA bytes=14 from=21 seq=31
1060644578	ID:2	[PKT-TX] DATA bytes=13  seq=31 
1060661238	ID:1	[PKT-RX] DATA bytes=13 from=2 seq=31
1061261204	ID:18	[PKT-TX] DATA bytes=14  seq=31 
1061816189	ID:1	[PKT-RX] DATA bytes=14 from=18 seq=31
1061989603	ID:15	[PKT-TX] DATA bytes=14  seq=31 
1062178063	ID:1	[PKT-RX] DATA bytes=14 from=15 seq=31
1062573329	ID:19	[PKT-TX] DATA bytes=14  seq=31 
1062590314	ID:1	[PKT-RX] DATA bytes=14 from=19 seq=31
1062665903	ID:16	[PKT-TX] DATA bytes=14  seq=31 
1062941534	ID:1	[PKT-RX] DATA bytes=14 from=16 seq=31
1063186642	ID:16	[PKT-RTT] seq=31,rtt_delay_ms=257
1063380898	ID:7	[PKT-TX] DATA bytes=13  seq=31 
1063501311	ID:15	[PKT-RTT] seq=31,rtt_delay_ms=750
1063732194	ID:27	[ATK-FAKE-RANK]  true_rank=512 fake_rank=732 t=11720s
1063837894	ID:3	[HFS] ra=74 si=49 cx=49 ac=82
1063842825	ID:3	[LIST] Neighbors: 2,23,17,31,27,21
1063846461	ID:3	[LIST] Quarantine: (none)
1063849958	ID:3	[LIST] Blacklist: (none)
1063857246	ID:3	FUZZRID,DET,27,732,512,220,0,84,100,30,0,1,0,82,75
1063859280	ID:1	[PKT-RX] DATA bytes=13 from=7 seq=31
1064054391	ID:1	[PKT-RX] DATA bytes=14 from=14 seq=31
1068004023	ID:5	[PKT-TX] DATA bytes=13  seq=31 
1068607253	ID:1	[PKT-RX] DATA bytes=13 from=5 seq=31
1068882329	ID:5	[PKT-RTT] seq=31,rtt_delay_ms=437
1069627932	ID:15	[HFS] ra=0 si=0 cx=49 ac=0
1069633591	ID:15	[LIST] Neighbors: 9,14,29,24,12,11,6,30
1069637227	ID:15	[LIST] Quarantine: (none)
1069640724	ID:15	[LIST] Blacklist: (none)
1069647039	ID:15	FUZZRID,DET,9,1334,1334,0,0,0,0,0,0,6,0,0,0
1072032738	ID:11	[PKT-TX] DATA bytes=14  seq=31 
1072302076	ID:1	[PKT-RX] DATA bytes=14 from=11 seq=31
1072341621	ID:11	[HFS] ra=0 si=0 cx=49 ac=0
1072345271	ID:11	[LIST] Neighbors: 6,15,12
1072348908	ID:11	[LIST] Quarantine: (none)
1072352405	ID:11	[LIST] Blacklist: (none)
1072358859	ID:11	FUZZRID,DET,12,1726,1726,0,0,0,0,0,0,0,0,0,0
1072367873	ID:9	[HFS] ra=0 si=0 cx=49 ac=0
1072373243	ID:9	[LIST] Neighbors: 14,24,6,12,29,15,22
1072376887	ID:9	[LIST] Quarantine: (none)
1072380384	ID:9	[LIST] Blacklist: (none)
1072385301	ID:6	[HFS] ra=0 si=0 cx=49 ac=0
1072386838	ID:9	FUZZRID,DET,12,1726,1726,0,0,0,0,0,0,1,0,0,0
1072390244	ID:6	[LIST] Neighbors: 14,30,9,15,12,11
1072393881	ID:6	[LIST] Quarantine: (none)
1072397380	ID:6	[LIST] Blacklist: (none)
1072403834	ID:6	FUZZRID,DET,12,1726,1726,0,0,0,0,0,0,2,0,0,0
1073058421	ID:17	[HFS] ra=0 si=0 cx=49 ac=0
1073062511	ID:17	[LIST] Neighbors: 21,27,3,31
1073066148	ID:17	[LIST] Quarantine: (none)
1073069645	ID:17	[LIST] Blacklist: (none)
1073075601	ID:17	FUZZRID,DET,3,780,780,0,0,0,0,0,0,4,0,0,0
1073158288	ID:3	[PKT-TX] DATA bytes=13  seq=31 
1073240184	ID:9	[HFS] ra=0 si=0 cx=49 ac=0
1073245553	ID:9	[LIST] Neighbors: 14,24,6,12,29,15,22
1073249190	ID:9	[LIST] Quarantine: (none)
1073252687	ID:9	[LIST] Blacklist: (none)
1073259145	ID:9	FUZZRID,DET,15,1616,1616,0,0,0,0,0,0,9,0,0,0
1073279129	ID:1	[PKT-RX] DATA bytes=13 from=3 seq=31
1078935381	ID:20	[PKT-TX] DATA bytes=14  seq=31 
1079051660	ID:1	[PKT-RX] DATA bytes=14 from=20 seq=31
1079267847	ID:20	[PKT-RTT] seq=31,rtt_delay_ms=164
1080160351	ID:5	 138243 P 0.0 17 572289 34815806 145821 324043 0 264688 28302 1937755 5938 17818 0 14706 (radio 1.-89% / 1.20% tx 0.41% / 0.30% listen 0.91% / 0.90%)
1080270884	ID:12	 138243 P 0.0 17 748973 34636646 188359 353046 0 266988 43136 1922780 11715 17969 0 13091 (radio 1.-69% / 1.50% tx 0.53% / 0.59% listen 0.99% / 0.91%)
1080301291	ID:4	 138243 P 0.0 17 531001 34856924 97146 318316 0 277368 24647 1941263 3418 17640 0 16142 (radio 1.17% / 1.07% tx 0.27% / 0.17% listen 0.89% / 0.89%)
1080360240	ID:3	 138243 P 0.0 17 854349 34533128 248116 380301 0 282263 48950 1916983 14153 21484 0 14923 (radio 1.-44% / 1.81% tx 0.70% / 0.71% listen 1.07% / 1.09%)
1080418569	ID:21	 138243 P 0.0 17 644129 34741563 114086 360713 0 287275 35713 1930240 6890 20412 0 16605 (radio 1.-88% / 1.38% tx 0.32% / 0.35% listen 1.01% / 1.03%)
1080463286	ID:16	 138243 P 0.0 17 753247 34634656 235464 349409 0 246599 57539 1908360 23700 22849 0 11373 (radio 1.-57% / 2.36% tx 0.66% / 1.20% listen 0.98% / 1.16%)
1080515488	ID:9	 138243 P 0.0 17 1200047 34188341 393779 515374 0 342333 66078 1899967 21568 27605 0 18093 (radio 2.-186% / 2.50% tx 1.11% / 1.09% listen 1.-76% / 1.40%)
1080597460	ID:1	 138245 P 0.0 17 2156190 33231263 900428 34487250 0 0 124945 1841058 57276 1908527 0 0 (radio 100.-9953% / 99.-8640% tx 2.-189% / 2.91% listen 97.-9664% / 97.-8731%)
1080632130	ID:7	 138243 P 0.0 17 1434447 33953168 586365 521087 0 250767 79848 1886179 34642 28525 0 13521 (radio 3.-230% / 3.21% tx 1.-56% / 1.76% listen 1.-75% / 1.45%)
1080658692	ID:6	 138243 P 0.0 17 921543 34466244 250177 382217 0 289017 43678 1922333 9751 19829 0 15729 (radio 1.-43% / 1.50% tx 0.70% / 0.49% listen 1.08% / 1.00%)
1080671036	ID:20	 138243 P 0.0 17 2042458 33345563 869947 701381 0 283045 89497 1874080 34188 32106 0 16048 (radio 4.-321% / 3.37% tx 2.-197% / 1.74% listen 1.-24% / 1.63%)
1080692471	ID:2	 138243 P 0.0 17 1734997 33651147 489396 672389 0 335696 92072 1872961 29615 36162 0 17717 (radio 3.-215% / 3.34% tx 1.-84% / 1.50% listen 1.-32% / 1.84%)
1080702520	ID:22	 138243 P 0.0 17 1046062 34342007 303247 458190 0 319931 48579 1917318 10508 21689 0 16271 (radio 2.-107% / 1.63% tx 0.85% / 0.53% listen 1.-92% / 1.10%)
1080777779	ID:15	 138243 P 0.0 17 1351819 34036390 454951 526363 0 317762 47858 1918042 8557 21762 0 16600 (radio 2.-166% / 1.54% tx 1.-93% / 0.43% listen 1.-73% / 1.10%)
1080804689	ID:22	[HFS] ra=0 si=0 cx=49 ac=0
1080810058	ID:22	[LIST] Neighbors: 24,16,9,29,31,26,18
1080813695	ID:22	[LIST] Quarantine: (none)
1080817192	ID:22	[LIST] Blacklist: (none)
1080823648	ID:22	FUZZRID,DET,18,1529,1529,0,0,0,0,0,0,3,0,0,0
1080893593	ID:19	 138243 P 0.0 17 725927 34662097 95547 399572 0 339051 36365 1929679 2057 21750 0 19161 (radio 1.-82% / 1.21% tx 0.26% / 0.10% listen 1.12% / 1.10%)
1080940022	ID:13	 138243 P 0.0 17 970412 34417302 298285 420376 0 296236 41616 1924382 9342 21322 0 15927 (radio 2.-119% / 1.55% tx 0.84% / 0.47% listen 1.18% / 1.08%)
1080956709	ID:17	 138243 P 0.0 17 603821 34784425 139486 329016 0 269711 36972 1929042 10562 18600 0 13708 (radio 1.-89% / 1.48% tx 0.39% / 0.53% listen 0.92% / 0.94%)
1080993560	ID:11	 138243 P 0.0 17 620311 34767548 173223 318108 0 245450 28449 1937527 5886 15606 0 12828 (radio 1.-83% / 1.09% tx 0.48% / 0.29% listen 0.89% / 0.79%)
1081026353	ID:18	 138243 P 0.0 17 713009 34675099 211694 337489 0 259332 35584 1930368 10476 17273 0 13938 (radio 1.-67% / 1.41% tx 0.59% / 0.53% listen 0.95% / 0.87%)
1081063374	ID:10	 138243 P 0.0 17 929589 34458859 209033 497618 0 399914 44754 1921216 8639 25330 0 20102 (radio 1.-22% / 1.72% tx 0.59% / 0.43% listen 1.-81% / 1.28%)
1081091844	ID:8	 138243 P 0.0 17 745861 34642802 207104 356706 0 265551 35861 1930207 8090 18917 0 15056 (radio 1.-63% / 1.37% tx 0.58% / 0.41% listen 1.00% / 0.96%)
1081115951	ID:14	 138243 P 0.0 17 1150132 34238134 333635 519442 0 352604 87998 1877996 33238 34156 0 17549 (radio 2.-81% / 3.42% tx 0.94% / 1.69% listen 1.-75% / 1.73%)
1081674912	ID:23	[ATK-FAKE-RANK]  true_rank=804 fake_rank=1198 t=11720s
1081771944	ID:20	[HFS] ra=74 si=49 cx=49 ac=82
1081777299	ID:20	[LIST] Neighbors: 2,10,25,14,28,23,24
1081780967	ID:20	[LIST] Quarantine: (none)
1081784464	ID:20	[LIST] Blacklist: (none)
1081792110	ID:20	FUZZRID,DET,23,1198,804,394,0,100,100,13,0,3,0,82,55
1082819059	ID:9	[PKT-TX] DATA bytes=13  seq=32 
1082927726	ID:1	[PKT-RX] DATA bytes=13 from=9 seq=32
1083965278	ID:21	[PKT-TX] DATA bytes=14  seq=32 
1083981991	ID:1	[PKT-RX] DATA bytes=14 from=21 seq=32
1084073372	ID:17	[PKT-TX] DATA bytes=14  seq=32 
1084153675	ID:1	[PKT-RX] DATA bytes=14 from=17 seq=32
1085880192	ID:14	[PKT-TX] DATA bytes=14  seq=32 
1086052072	ID:1	[PKT-RX] DATA bytes=14 from=14 seq=32
1086336846	ID:14	[PKT-RTT] seq=32,rtt_delay_ms=226
1086790426	ID:28	[ATK-FAKE-RANK]  true_rank=512 fake_rank=732 t=11720s
1086915878	ID:10	[HFS] ra=74 si=49 cx=49 ac=82
1086921515	ID:10	[LIST] Neighbors: 2,28,13,7,25,20,23,19
1086925151	ID:10	[LIST] Quarantine: (none)
1086928648	ID:10	[LIST] Blacklist: (none)
1086935939	ID:10	FUZZRID,DET,28,732,512,220,0,85,100,15,0,0,0,82,75
1087666280	ID:10	[HFS] ra=0 si=0 cx=49 ac=0
1087671916	ID:10	[LIST] Neighbors: 2,28,13,7,25,20,23,19
1087675553	ID:10	[LIST] Quarantine: (none)
1087679049	ID:10	[LIST] Blacklist: (none)
1087685503	ID:10	FUZZRID,DET,7,1049,1049,0,0,0,0,0,0,2,12,0,0
1088543804	ID:12	[PKT-TX] DATA bytes=14  seq=32 
1088801837	ID:1	[PKT-RX] DATA bytes=14 from=12 seq=32
1089193194	ID:20	[PKT-TX] DATA bytes=14  seq=32 
1089300522	ID:1	[PKT-RX] DATA bytes=14 from=20 seq=32
1089516167	ID:20	[PKT-RTT] seq=32,rtt_delay_ms=156
1089634293	ID:11	[PKT-TX] DATA bytes=14  seq=32 
1089927101	ID:1	[PKT-RX] DATA bytes=14 from=11 seq=32
1091102059	ID:10	[PKT-TX] DATA bytes=14  seq=32 
1091176932	ID:1	[PKT-RX] DATA bytes=14 from=10 seq=32
1091341580	ID:8	[PKT-TX] DATA bytes=13  seq=32 
1091439130	ID:16	[HFS] ra=0 si=0 cx=49 ac=0
1091443368	ID:16	[LIST] Neighbors: 31,26,22,18
1091447005	ID:16	[LIST] Quarantine: (none)
1091450502	ID:16	[LIST] Blacklist: (none)
1091456956	ID:16	FUZZRID,DET,22,1319,1319,0,0,0,0,0,0,3,0,0,0
1091491989	ID:9	[HFS] ra=0 si=0 cx=49 ac=0
1091497359	ID:9	[LIST] Neighbors: 14,24,6,12,29,15,22
1091500995	ID:9	[LIST] Quarantine: (none)
1091504492	ID:9	[LIST] Blacklist: (none)
1091510958	ID:9	FUZZRID,DET,22,1319,1319,0,0,0,0,0,0,4,0,0,0
1091608759	ID:1	[PKT-RX] DATA bytes=13 from=8 seq=32
1092379022	ID:5	[PKT-TX] DATA bytes=13  seq=32 
1092665025	ID:10	[HFS] ra=0 si=0 cx=49 ac=0
1092670660	ID:10	[LIST] Neighbors: 2,28,13,7,25,20,23,19
1092674297	ID:10	[LIST] Quarantine: (none)
1092677794	ID:10	[LIST] Blacklist: (none)
1092683889	ID:10	FUZZRID,DET,20,776,776,0,0,0,0,0,0,2,0,0,0
1092856117	ID:1	[PKT-RX] DATA bytes=13 from=5 seq=32
1092939873	ID:8	[PKT-RTT] seq=32,rtt_delay_ms=796
1093133958	ID:5	[PKT-RTT] seq=32,rtt_delay_ms=375
1094501570	ID:25	[ATK-FAKE-RANK]  true_rank=1046 fake_rank=1596 t=11720s
1094541778	ID:13	[HFS] ra=74 si=49 cx=49 ac=82
1094546561	ID:13	[LIST] Neighbors: 2,28,19,10,7,25
1094550198	ID:13	[LIST] Quarantine: (none)
1094553695	ID:13	[LIST] Blacklist: (none)
1094561527	ID:13	FUZZRID,DET,25,1596,1046,550,0,100,100,14,0,4,0,82,75
1094566343	ID:8	[HFS] ra=74 si=49 cx=49 ac=82
1094570274	ID:8	[LIST] Neighbors: 7,25,5,30
1094573911	ID:8	[LIST] Quarantine: (none)
1094577408	ID:8	[LIST] Blacklist: (none)
1094585268	ID:8	FUZZRID,DET,25,1596,1046,550,0,100,100,11,0,3,0,82,75
1094592174	ID:14	[HFS] ra=74 si=49 cx=49 ac=82
1094597398	ID:14	[LIST] Neighbors: 20,25,30,24,9,6,15
1094601034	ID:14	[LIST] Quarantine: (none)
1094604531	ID:14	[LIST] Blacklist: (none)
1094609602	ID:7	[HFS] ra=74 si=49 cx=49 ac=82
1094612360	ID:14	FUZZRID,DET,25,1596,1046,550,0,100,100,14,0,3,0,82,75
1094614399	ID:7	[LIST] Neighbors: 28,13,10,25,5,8
1094618037	ID:7	[LIST] Quarantine: (none)
1094621534	ID:7	[LIST] Blacklist: (none)
1094629361	ID:7	FUZZRID,DET,25,1596,1046,550,0,100,100,11,0,0,0,82,75
1094634855	ID:5	[HFS] ra=74 si=49 cx=49 ac=82
1094638360	ID:5	[LIST] Neighbors: 7,8,25
1094641996	ID:5	[LIST] Quarantine: (none)
1094645493	ID:5	[LIST] Blacklist: (none)
1094647873	ID:20	[HFS] ra=74 si=49 cx=49 ac=82
1094653229	ID:20	[LIST] Neighbors: 2,10,25,14,28,23,24
1094653344	ID:5	FUZZRID,DET,25,1596,1046,550,0,100,100,11,0,0,0,82,75
1094656866	ID:20	[LIST] Quarantine: (none)
1094660363	ID:20	[LIST] Blacklist: (none)
1094668192	ID:20	FUZZRID,DET,25,1596,1046,550,0,100,100,35,0,6,0,82,75
1095998092	ID:7	[PKT-TX] DATA bytes=13  seq=32 
1096107185	ID:1	[PKT-RX] DATA bytes=13 from=7 seq=32
1098246675	ID:18	[PKT-TX] DATA bytes=14  seq=32 
1098942697	ID:1	[PKT-RX] DATA bytes=14 from=18 seq=32
1101517457	ID:16	[PKT-TX] DATA bytes=14  seq=32 
1101690815	ID:1	[PKT-RX] DATA bytes=14 from=16 seq=32
1101936501	ID:16	[PKT-RTT] seq=32,rtt_delay_ms=203
1102612133	ID:13	[PKT-TX] DATA bytes=14  seq=32 
1102754917	ID:1	[PKT-RX] DATA bytes=14 from=13 seq=32
1104377579	ID:15	[HFS] ra=0 si=0 cx=49 ac=0
1104383215	ID:15	[LIST] Neighbors: 9,14,29,24,12,11,6,30
1104386852	ID:15	[LIST] Quarantine: (none)
1104390382	ID:15	[LIST] Blacklist: (none)
1104396838	ID:15	FUZZRID,DET,12,1712,1712,0,0,0,0,0,0,2,0,0,0
1104402778	ID:2	[PKT-TX] DATA bytes=13  seq=32 
1104420047	ID:1	[PKT-RX] DATA bytes=13 from=2 seq=32
1104525461	ID:3	[PKT-TX] DATA bytes=13  seq=32 
1104655107	ID:1	[PKT-RX] DATA bytes=13 from=3 seq=32
1105710573	ID:22	[PKT-TX] DATA bytes=14  seq=32 
1105816236	ID:1	[PKT-RX] DATA bytes=14 from=22 seq=32
1108363913	ID:4	[PKT-TX] DATA bytes=13  seq=32 
1108380702	ID:1	[PKT-RX] DATA bytes=13 from=4 seq=32
1108535594	ID:15	[PKT-TX] DATA bytes=14  seq=32 
1108676792	ID:1	[PKT-RX] DATA bytes=14 from=15 seq=32
1109000974	ID:15	[PKT-RTT] seq=32,rtt_delay_ms=226
1109011059	ID:6	[PKT-TX] DATA bytes=13  seq=32 
1109302293	ID:1	[PKT-RX] DATA bytes=13 from=6 seq=32
1109634260	ID:6	[PKT-RTT] seq=32,rtt_delay_ms=312
1109885829	ID:19	[PKT-TX] DATA bytes=14  seq=32 
1109902746	ID:1	[PKT-RX] DATA bytes=14 from=19 seq=32
1111750490	ID:10	[PKT-TX] DATA bytes=14  seq=33 
1111801658	ID:1	[PKT-RX] DATA bytes=14 from=10 seq=33
1112433484	ID:5	[PKT-TX] DATA bytes=13  seq=33 
1112609887	ID:1	[PKT-RX] DATA bytes=13 from=5 seq=33
1112881573	ID:5	[PKT-RTT] seq=33,rtt_delay_ms=218
1113543600	ID:4	[PKT-TX] DATA bytes=13  seq=33 
1113560305	ID:1	[PKT-RX] DATA bytes=13 from=4 seq=33
1113871268	ID:12	[HFS] ra=0 si=0 cx=49 ac=0
1113875646	ID:12	[LIST] Neighbors: 9,29,15,11,6
1113879283	ID:12	[LIST] Quarantine: (none)
1113882779	ID:12	[LIST] Blacklist: (none)
1113884398	ID:6	[HFS] ra=0 si=0 cx=49 ac=0
1113889230	ID:12	FUZZRID,DET,15,1603,1603,0,0,0,0,0,0,4,0,0,0
1113889341	ID:6	[LIST] Neighbors: 14,30,9,15,12,11
1113892978	ID:6	[LIST] Quarantine: (none)
1113896475	ID:6	[LIST] Blacklist: (none)
1113902960	ID:6	FUZZRID,DET,15,1603,1603,0,0,0,0,0,0,9,0,0,0
1113966399	ID:14	[HFS] ra=0 si=0 cx=49 ac=0
1113969060	ID:11	[HFS] ra=0 si=0 cx=49 ac=0
1113971622	ID:14	[LIST] Neighbors: 20,25,30,24,9,6,15
1113972711	ID:11	[LIST] Neighbors: 6,15,12
1113975259	ID:14	[LIST] Quarantine: (none)
1113976347	ID:11	[LIST] Quarantine: (none)
1113978756	ID:14	[LIST] Blacklist: (none)
1113979870	ID:11	[LIST] Blacklist: (none)
1113985220	ID:14	FUZZRID,DET,15,1603,1603,0,0,0,0,0,0,9,0,0,0
1113986321	ID:11	FUZZRID,DET,15,1603,1603,0,0,0,0,0,0,8,0,0,0
1114317196	ID:8	[HFS] ra=0 si=0 cx=49 ac=0
1114321127	ID:8	[LIST] Neighbors: 7,25,5,30
1114324763	ID:8	[LIST] Quarantine: (none)
1114328284	ID:8	[LIST] Blacklist: (none)
1114334599	ID:8	FUZZRID,DET,5,1332,1332,0,0,0,0,0,0,0,0,0,0
1116146699	ID:14	[PKT-TX] DATA bytes=14  seq=33 
1116177772	ID:7	[PKT-TX] DATA bytes=13  seq=33 
1116234245	ID:1	[PKT-RX] DATA bytes=13 from=7 seq=33
1116304384	ID:1	[PKT-RX] DATA bytes=14 from=14 seq=33
1116586405	ID:14	[PKT-RTT] seq=33,rtt_delay_ms=218
1119471766	ID:19	[PKT-TX] DATA bytes=14  seq=33 
1119488612	ID:1	[PKT-RX] DATA bytes=14 from=19 seq=33
1120672958	ID:22	[PKT-TX] DATA bytes=14  seq=33 
1120683603	ID:2	[PKT-TX] DATA bytes=13  seq=33 
1120700130	ID:1	[PKT-RX] DATA bytes=13 from=2 seq=33
1120817160	ID:1	[PKT-RX] DATA bytes=14 from=22 seq=33
1121228039	ID:11	[PKT-TX] DATA bytes=14  seq=33 
1121428611	ID:1	[PKT-RX] DATA bytes=14 from=11 seq=33
1121717520	ID:14	[HFS] ra=0 si=0 cx=49 ac=0
1121722743	ID:14	[LIST] Neighbors: 20,25,30,24,9,6,15
1121726380	ID:14	[LIST] Quarantine: (none)
1121729877	ID:14	[LIST] Blacklist: (none)
1121736227	ID:14	FUZZRID,DET,6,1715,1715,0,0,0,0,0,0,5,0,0,0
1121742535	ID:9	[HFS] ra=0 si=0 cx=49 ac=0
1121746948	ID:12	[HFS] ra=0 si=0 cx=49 ac=0
1121747904	ID:9	[LIST] Neighbors: 14,24,6,12,29,15,22
1121751304	ID:12	[LIST] Neighbors: 9,29,15,11,6
1121751541	ID:9	[LIST] Quarantine: (none)
1121754941	ID:12	[LIST] Quarantine: (none)
1121755038	ID:9	[LIST] Blacklist: (none)
1121758438	ID:12	[LIST] Blacklist: (none)
1121761357	ID:9	FUZZRID,DET,6,1715,1715,0,0,0,0,0,0,5,0,0,0
1121764753	ID:12	FUZZRID,DET,6,1715,1715,0,0,0,0,0,0,1,0,0,0
1122090064	ID:11	[PKT-RTT] seq=33,rtt_delay_ms=429
1122771268	ID:8	[PKT-TX] DATA bytes=13  seq=33 
1122982669	ID:1	[PKT-RX] DATA bytes=13 from=8 seq=33
1123159309	ID:17	[PKT-TX] DATA bytes=14  seq=33 
1123278589	ID:1	[PKT-RX] DATA bytes=14 from=17 seq=33
1123315817	ID:8	[PKT-RTT] seq=33,rtt_delay_ms=265
1123409101	ID:6	[PKT-TX] DATA bytes=13  seq=33 
1123429285	ID:17	[PKT-RTT] seq=33,rtt_delay_ms=132
1123676793	ID:1	[PKT-RX] DATA bytes=13 from=6 seq=33
1124007503	ID:6	[PKT-RTT] seq=33,rtt_delay_ms=296
1129193186	ID:20	[PKT-TX] DATA bytes=14  seq=33 
1129300492	ID:1	[PKT-RX] DATA bytes=14 from=20 seq=33
1130628464	ID:18	[HFS] ra=0 si=0 cx=49 ac=0
1130632701	ID:18	[LIST] Neighbors: 26,22,29,16
1130636338	ID:18	[LIST] Quarantine: (none)
1130639835	ID:18	[LIST] Blacklist: (none)
1130646289	ID:18	FUZZRID,DET,16,1301,1301,0,0,0,0,0,0,5,0,0,0
1131144042	ID:18	[PKT-TX] DATA bytes=14  seq=33 
1131315961	ID:1	[PKT-RX] DATA bytes=14 from=18 seq=33
1131402733	ID:30	[ATK-FAKE-RANK]  true_rank=1331 fake_rank=1766 t=11720s
1131442074	ID:8	[HFS] ra=74 si=49 cx=49 ac=82
1131446005	ID:8	[LIST] Neighbors: 7,25,5,30
1131449642	ID:8	[LIST] Quarantine: (none)
1131453144	ID:8	[LIST] Blacklist: (none)
1131457466	ID:21	[PKT-TX] DATA bytes=14  seq=33 
1131460970	ID:8	FUZZRID,DET,30,1766,1331,435,0,100,100,12,0,3,0,82,75
1131463913	ID:14	[HFS] ra=74 si=49 cx=49 ac=82
1131469137	ID:14	[LIST] Neighbors: 20,25,30,24,9,6,15
1131472774	ID:14	[LIST] Quarantine: (none)
1131474317	ID:1	[PKT-RX] DATA bytes=14 from=21 seq=33
1131476283	ID:14	[LIST] Blacklist: (none)
1131484109	ID:14	FUZZRID,DET,30,1766,1331,435,0,100,100,12,0,3,0,82,75
1131502949	ID:15	[HFS] ra=74 si=49 cx=49 ac=82
1131508591	ID:15	[LIST] Neighbors: 9,14,29,24,12,11,6,30
1131510045	ID:6	[HFS] ra=74 si=49 cx=49 ac=82
1131512227	ID:15	[LIST] Quarantine: (none)
1131514989	ID:6	[LIST] Neighbors: 14,30,9,15,12,11
1131515724	ID:15	[LIST] Blacklist: (none)
1131518626	ID:6	[LIST] Quarantine: (none)
1131522123	ID:6	[LIST] Blacklist: (none)
1131523550	ID:15	FUZZRID,DET,30,1766,1331,435,0,100,100,11,0,6,0,82,75
1131529987	ID:6	FUZZRID,DET,30,1766,1331,435,0,100,100,11,0,6,0,82,75
1131604320	ID:13	[PKT-TX] DATA bytes=14  seq=33 
1131755767	ID:1	[PKT-RX] DATA bytes=14 from=13 seq=33
1131823320	ID:3	[PKT-TX] DATA bytes=13  seq=33 
1131902827	ID:1	[PKT-RX] DATA bytes=13 from=3 seq=33
1132558084	ID:29	[ATK-FAKE-RANK]  true_rank=1833 fake_rank=2031 t=11720s
1132615489	ID:9	[HFS] ra=74 si=37 cx=49 ac=82
1132620858	ID:9	[LIST] Neighbors: 14,24,6,12,29,15,22
1132622699	ID:12	[HFS] ra=74 si=47 cx=49 ac=82
1132624495	ID:9	[LIST] Quarantine: (none)
1132626942	ID:18	[HFS] ra=74 si=0 cx=49 ac=95
1132627057	ID:12	[LIST] Neighbors: 9,29,15,11,6
1132627604	ID:15	[HFS] ra=74 si=0 cx=49 ac=95
1132628006	ID:9	[LIST] Blacklist: (none)
1132630693	ID:12	[LIST] Quarantine: (none)
1132631179	ID:18	[LIST] Neighbors: 26,22,29,16
1132633240	ID:15	[LIST] Neighbors: 9,14,29,24,12,11,6,30
1132634190	ID:12	[LIST] Blacklist: (none)
1132634815	ID:18	[LIST] Quarantine: (none)
1132635655	ID:9	FUZZRID,DET,29,2031,1833,198,0,61,100,4,0,13,0,82,75
1132636877	ID:15	[LIST] Quarantine: (none)
1132638336	ID:18	[LIST] Blacklist: (none)
1132640382	ID:15	[LIST] Blacklist: (none)
1132641851	ID:12	FUZZRID,DET,29,2031,1833,198,0,65,100,13,0,9,0,82,75
1132646191	ID:18	FUZZRID,DET,29,2031,1833,198,0,60,100,4,0,14,0,95,100
1132648209	ID:15	FUZZRID,DET,29,2031,1833,198,0,60,100,0,0,14,0,95,100
1132678669	ID:22	[HFS] ra=74 si=37 cx=49 ac=82
1132684039	ID:22	[LIST] Neighbors: 24,16,9,29,31,26,18
1132687676	ID:22	[LIST] Quarantine: (none)
1132691173	ID:22	[LIST] Blacklist: (none)
1132698823	ID:22	FUZZRID,DET,29,2031,1833,198,0,61,100,4,0,13,0,82,75
1135303441	ID:9	[PKT-TX] DATA bytes=13  seq=33 
1135426933	ID:1	[PKT-RX] DATA bytes=13 from=9 seq=33
1135736122	ID:9	[PKT-RTT] seq=33,rtt_delay_ms=210
1137853401	ID:16	[PKT-TX] DATA bytes=14  seq=33 
1137902712	ID:30	[ATK-FAKE-RANK]  true_rank=1327 fake_rank=1786 t=11720s
1137940880	ID:1	[PKT-RX] DATA bytes=14 from=16 seq=33
1137942080	ID:8	[HFS] ra=74 si=49 cx=49 ac=82
1137946045	ID:8	[LIST] Neighbors: 7,25,5,30
1137949682	ID:8	[LIST] Quarantine: (none)
1137953179	ID:8	[LIST] Blacklist: (none)
1137957475	ID:15	[PKT-TX] DATA bytes=14  seq=33 
1137960866	ID:8	FUZZRID,DET,30,1786,1327,459,0,100,100,6,0,0,0,82,75
1137963571	ID:14	[HFS] ra=74 si=49 cx=49 ac=82
1137968795	ID:14	[LIST] Neighbors: 20,25,30,24,9,6,15
1137972432	ID:14	[LIST] Quarantine: (none)
1137975929	ID:14	[LIST] Blacklist: (none)
1137983651	ID:14	FUZZRID,DET,30,1786,1327,459,0,100,100,6,0,0,0,82,75
1138002738	ID:15	[HFS] ra=74 si=49 cx=49 ac=82
1138008375	ID:15	[LIST] Neighbors: 9,14,29,24,12,11,6,30
1138009840	ID:6	[HFS] ra=74 si=49 cx=49 ac=82
1138012012	ID:15	[LIST] Quarantine: (none)
1138014784	ID:6	[LIST] Neighbors: 14,30,9,15,12,11
1138015522	ID:15	[LIST] Blacklist: (none)
1138018420	ID:6	[LIST] Quarantine: (none)
1138021917	ID:6	[LIST] Blacklist: (none)
1138023248	ID:15	FUZZRID,DET,30,1786,1327,459,0,100,100,5,0,6,0,82,75
1138029604	ID:6	FUZZRID,DET,30,1786,1327,459,0,100,100,5,0,6,0,82,75
1138427912	ID:1	[PKT-RX] DATA bytes=14 from=15 seq=33
1138981946	ID:30	[ATK-FAKE-RANK]  true_rank=1327 fake_rank=1806 t=11720s
1139008419	ID:6	[HFS] ra=74 si=49 cx=49 ac=82
1139013363	ID:6	[LIST] Neighbors: 14,30,9,15,12,11
1139017000	ID:6	[LIST] Quarantine: (none)
1139020497	ID:6	[LIST] Blacklist: (none)
1139028183	ID:6	FUZZRID,DET,30,1806,1327,479,0,100,100,5,0,1,0,82,75
1139246923	ID:12	[PKT-TX] DATA bytes=14  seq=33 
1139552567	ID:1	[PKT-RX] DATA bytes=14 from=12 seq=33
1140160346	ID:5	 145923 P 0.0 18 603825 36750242 153810 342082 0 278441 31534 1934436 7989 18039 0 13753 (radio 1.-83% / 1.32% tx 0.41% / 0.40% listen 0.91% / 0.91%)
1140270605	ID:12	 145923 P 0.0 18 782959 36568707 194382 368531 0 280004 33985 1932061 6023 15485 0 13016 (radio 1.-65% / 1.09% tx 0.52% / 0.30% listen 0.98% / 0.78%)
1140301341	ID:4	 145923 P 0.0 18 551400 36802484 97363 332754 0 291285 20398 1945560 217 14438 0 13917 (radio 1.-100% / 0.74% tx 0.26% / 0.01% listen 0.89% / 0.73%)
1140359958	ID:3	 145923 P 0.0 18 887039 36466494 253749 396705 0 295903 32689 1933366 5633 16404 0 13640 (radio 1.-41% / 1.12% tx 0.67% / 0.28% listen 1.06% / 0.83%)
1140418569	ID:21	 145923 P 0.0 18 670959 36680701 115311 377381 0 301394 26829 1939138 1225 16668 0 14119 (radio 1.-84% / 0.91% tx 0.30% / 0.06% listen 1.01% / 0.84%)
1140462989	ID:16	 145923 P 0.0 18 787555 36566363 243353 365516 0 258683 34307 1931707 7889 16107 0 12084 (radio 1.-52% / 1.22% tx 0.65% / 0.40% listen 0.97% / 0.81%)
1140480684	ID:29	[ATK-FAKE-RANK]  true_rank=1833 fake_rank=2051 t=11720s
1140515487	ID:9	 145923 P 0.0 18 1250667 36103659 404791 538514 0 358876 50619 1915318 11012 23140 0 16543 (radio 2.-178% / 1.73% tx 1.08% / 0.56% listen 1.-71% / 1.17%)
1140597205	ID:1	 145925 P 0.0 18 2246967 35106502 935038 36418571 0 0 90775 1875239 34610 1931319 0 0 (radio 100.-9889% / 99.-8639% tx 2.-180% / 1.76% listen 97.-9609% / 98.-8715%)
1140625903	ID:18	[HFS] ra=74 si=47 cx=49 ac=82
1140630174	ID:18	[LIST] Neighbors: 26,22,29,16
1140632134	ID:7	 145923 P 0.0 18 1505966 35847710 614523 547079 0 263258 71517 1894542 28158 25992 0 12491 (radio 3.-219% / 2.75% tx 1.-51% / 1.43% listen 1.-69% / 1.32%)
1140633811	ID:18	[LIST] Quarantine: (none)
1140637308	ID:18	[LIST] Blacklist: (none)
1140644988	ID:18	FUZZRID,DET,29,2051,1833,218,0,67,100,4,0,13,0,82,75
1140658708	ID:6	 145923 P 0.0 18 965087 36388749 258537 401505 0 305249 43543 1922505 8360 19288 0 16232 (radio 1.-39% / 1.40% tx 0.69% / 0.42% listen 1.07% / 0.98%)
1140671036	ID:20	 145923 P 0.0 18 2127130 35226718 898782 732788 0 297056 84671 1881155 28835 31407 0 14011 (radio 4.-309% / 3.06% tx 2.-190% / 1.46% listen 1.-19% / 1.59%)
1140692537	ID:2	 145923 P 0.0 18 1816231 35535883 511216 702688 0 350753 81232 1884736 21820 30299 0 15057 (radio 3.-205% / 2.65% tx 1.-79% / 1.10% listen 1.-27% / 1.54%)
1140702269	ID:22	 145923 P 0.0 18 1087559 36266460 310602 476028 0 335658 41496 1924453 7355 17838 0 15727 (radio 2.-105% / 1.28% tx 0.83% / 0.37% listen 1.-88% / 0.90%)
1140778007	ID:15	 145923 P 0.0 18 1408219 35945854 468036 548751 0 333575 56399 1909464 13085 22388 0 15813 (radio 2.-158% / 1.80% tx 1.-90% / 0.66% listen 1.-69% / 1.13%)
1140893300	ID:19	 145923 P 0.0 18 755360 36598631 95922 416652 0 354956 29431 1936534 375 17080 0 15905 (radio 1.-78% / 0.88% tx 0.25% / 0.01% listen 1.11% / 0.86%)
1140940254	ID:13	 145923 P 0.0 18 1005112 36348645 303874 437750 0 311102 34698 1931343 5589 17374 0 14866 (radio 1.-17% / 1.16% tx 0.81% / 0.28% listen 1.-98% / 0.88%)
1140956417	ID:17	 145923 P 0.0 18 631661 36722350 144569 344677 0 282593 27839 1937925 5083 15661 0 12882 (radio 1.-85% / 1.05% tx 0.38% / 0.25% listen 0.92% / 0.79%)
1140993543	ID:11	 145923 P 0.0 18 646563 36707310 177625 333399 0 258276 26251 1939762 4402 15291 0 12826 (radio 1.-79% / 1.00% tx 0.47% / 0.22% listen 0.89% / 0.77%)
1141026062	ID:18	 145923 P 0.0 18 748900 36605160 220194 355036 0 272680 35890 1930061 8500 17547 0 13348 (radio 1.-61% / 1.32% tx 0.58% / 0.43% listen 0.95% / 0.89%)
1141063302	ID:10	 145923 P 0.0 18 963433 36390856 210687 518111 0 419212 33843 1931997 1654 20493 0 19298 (radio 1.-20% / 1.12% tx 0.56% / 0.08% listen 1.-77% / 1.04%)
1141092113	ID:8	 145923 P 0.0 18 792445 36562223 220463 377001 0 279188 46583 1919421 13359 20295 0 13637 (radio 1.-56% / 1.71% tx 0.59% / 0.67% listen 1.00% / 1.03%)
1141115581	ID:14	 145923 P 0.0 18 1230514 36123774 361276 549359 0 367228 80381 1885640 27641 29917 0 14624 (radio 2.-187% / 2.92% tx 0.96% / 1.40% listen 1.-68% / 1.52%)
1143245247	ID:17	[PKT-TX] DATA bytes=14  seq=34 
1143278359	ID:1	[PKT-RX] DATA bytes=14 from=17 seq=34
1144887405	ID:6	[HFS] ra=0 si=0 cx=49 ac=0
1144892349	ID:6	[LIST] Neighbors: 14,30,9,15,12,11
1144895985	ID:6	[LIST] Quarantine: (none)
1144899482	ID:6	[LIST] Blacklist: (none)
1144905938	ID:6	FUZZRID,DET,11,1875,1875,0,0,0,0,0,0,3,0,0,0
1145396522	ID:7	[PKT-TX] DATA bytes=13  seq=34 
1145482500	ID:1	[PKT-RX] DATA bytes=13 from=7 seq=34
1148148934	ID:10	[PKT-TX] DATA bytes=14  seq=34 
1148151069	ID:4	[HFS] ra=0 si=0 cx=49 ac=0
1148154879	ID:4	[LIST] Neighbors: 21,19,27
1148158516	ID:4	[LIST] Quarantine: (none)
1148162022	ID:4	[LIST] Blacklist: (none)
1148168116	ID:4	FUZZRID,DET,19,512,512,0,0,0,0,0,0,0,0,0,0
1148301935	ID:1	[PKT-RX] DATA bytes=14 from=10 seq=34
1148736206	ID:16	[PKT-TX] DATA bytes=14  seq=34 
1148818004	ID:1	[PKT-RX] DATA bytes=14 from=16 seq=34
1148865300	ID:12	[PKT-TX] DATA bytes=14  seq=34 
1149176721	ID:1	[PKT-RX] DATA bytes=14 from=12 seq=34
1149479320	ID:13	[PKT-TX] DATA bytes=14  seq=34 
1149631081	ID:1	[PKT-RX] DATA bytes=14 from=13 seq=34
1149881164	ID:20	[PKT-TX] DATA bytes=14  seq=34 
1149926932	ID:1	[PKT-RX] DATA bytes=14 from=20 seq=34
1153855478	ID:2	[PKT-TX] DATA bytes=13  seq=34 
1153871966	ID:1	[PKT-RX] DATA bytes=13 from=2 seq=34
1153913432	ID:2	[PKT-RTT] seq=34,rtt_delay_ms=23
1155074583	ID:30	[ATK-FAKE-RANK]  true_rank=1325 fake_rank=1826 t=11720s
1155127553	ID:15	[HFS] ra=74 si=49 cx=49 ac=82
1155133190	ID:15	[LIST] Neighbors: 9,14,29,24,12,11,6,30
1155134661	ID:6	[HFS] ra=74 si=49 cx=49 ac=82
1155136826	ID:15	[LIST] Quarantine: (none)
1155139616	ID:6	[LIST] Neighbors: 14,30,9,15,12,11
1155140323	ID:15	[LIST] Blacklist: (none)
1155143253	ID:6	[LIST] Quarantine: (none)
1155146749	ID:6	[LIST] Blacklist: (none)
1155148010	ID:15	FUZZRID,DET,30,1826,1325,501,0,100,100,9,0,6,0,82,75
1155154437	ID:6	FUZZRID,DET,30,1826,1325,501,0,100,100,5,0,1,0,82,75
1155216577	ID:14	[HFS] ra=74 si=49 cx=49 ac=82
1155221801	ID:14	[LIST] Neighbors: 20,25,30,24,9,6,15
1155225444	ID:14	[LIST] Quarantine: (none)
1155228941	ID:14	[LIST] Blacklist: (none)
1155236767	ID:14	FUZZRID,DET,30,1826,1325,501,0,100,100,10,0,0,0,82,75
1156979399	ID:6	[PKT-TX] DATA bytes=13  seq=34 
1157010135	ID:6	[HFS] ra=0 si=0 cx=49 ac=0
1157015079	ID:6	[LIST] Neighbors: 14,30,9,15,12,11
1157018716	ID:6	[LIST] Quarantine: (none)
1157022240	ID:6	[LIST] Blacklist: (none)
1157028697	ID:6	FUZZRID,DET,15,1584,1584,0,0,0,0,0,0,9,0,0,0
1157263030	ID:14	[PKT-TX] DATA bytes=14  seq=34 
1158052700	ID:1	[PKT-RX] DATA bytes=14 from=14 seq=34
1158168189	ID:13	[HFS] ra=0 si=0 cx=49 ac=0
1158172972	ID:13	[LIST] Neighbors: 2,28,19,10,7,25
1158176609	ID:13	[LIST] Quarantine: (none)
1158180106	ID:13	[LIST] Blacklist: (none)
1158186235	ID:13	FUZZRID,DET,10,785,785,0,0,0,0,0,0,8,0,0,0
1158300675	ID:1	[PKT-RX] DATA bytes=13 from=6 seq=34
1159916696	ID:31	[ATK-FAKE-RANK]  true_rank=972 fake_rank=1069 t=11720s
1159960392	ID:3	[HFS] ra=65 si=23 cx=49 ac=75
1159965322	ID:3	[LIST] Neighbors: 2,23,17,31,27,21
1159968959	ID:3	[LIST] Quarantine: (none)
1159972456	ID:3	[LIST] Blacklist: (none)
1159979847	ID:3	FUZZRID,DET,31,1069,972,97,0,36,70,25,33,2,14,75,75
1161356109	ID:4	[PKT-TX] DATA bytes=13  seq=34 
1161372945	ID:1	[PKT-RX] DATA bytes=13 from=4 seq=34
1161399333	ID:4	[PKT-RTT] seq=34,rtt_delay_ms=15
1163453618	ID:22	[PKT-TX] DATA bytes=14  seq=34 
1163568116	ID:1	[PKT-RX] DATA bytes=14 from=22 seq=34
1164678441	ID:9	[PKT-TX] DATA bytes=13  seq=34 
1165303685	ID:1	[PKT-RX] DATA bytes=13 from=9 seq=34
1165613416	ID:9	[PKT-RTT] seq=34,rtt_delay_ms=460
1165759843	ID:3	[PKT-TX] DATA bytes=13  seq=34 
1165904197	ID:1	[PKT-RX] DATA bytes=13 from=3 seq=34
1165946769	ID:26	[ATK-FAKE-RANK]  true_rank=1421 fake_rank=1464 t=11720s
1165956517	ID:18	[PKT-TX] DATA bytes=14  seq=34 
1166057710	ID:19	[PKT-TX] DATA bytes=14  seq=34 
1166062927	ID:16	[HFS] ra=74 si=0 cx=49 ac=95
1166067198	ID:16	[LIST] Neighbors: 31,26,22,18
1166070835	ID:16	[LIST] Quarantine: (none)
1166074332	ID:16	[LIST] Blacklist: (none)
1166074687	ID:1	[PKT-RX] DATA bytes=14 from=19 seq=34
1166081852	ID:16	FUZZRID,DET,26,1464,1421,43,0,16,100,3,0,1,0,95,100
1166116958	ID:19	[PKT-RTT] seq=34,rtt_delay_ms=23
1166228048	ID:11	[PKT-TX] DATA bytes=14  seq=34 
1166255643	ID:8	[PKT-TX] DATA bytes=13  seq=34 
1166318219	ID:1	[PKT-RX] DATA bytes=14 from=18 seq=34
1166625450	ID:18	[PKT-RTT] seq=34,rtt_delay_ms=328
1166732257	ID:1	[PKT-RX] DATA bytes=13 from=8 seq=34
1167803610	ID:1	[PKT-RX] DATA bytes=14 from=11 seq=34
1167824653	ID:21	[PKT-TX] DATA bytes=14  seq=34 
1167841572	ID:1	[PKT-RX] DATA bytes=14 from=21 seq=34
1167852812	ID:28	[ATK-FAKE-RANK]  true_rank=512 fake_rank=752 t=11720s
1167889935	ID:21	[PKT-RTT] seq=34,rtt_delay_ms=31
1168040891	ID:2	[HFS] ra=74 si=49 cx=49 ac=82
1168046720	ID:2	[LIST] Neighbors: 28,19,27,13,10,3,20,23
1168050357	ID:2	[LIST] Quarantine: (none)
1168053865	ID:2	[LIST] Blacklist: (none)
1168061153	ID:2	FUZZRID,DET,28,752,512,240,0,91,100,15,0,1,0,82,75
1168222547	ID:5	[PKT-TX] DATA bytes=13  seq=34 
1168984465	ID:1	[PKT-RX] DATA bytes=13 from=5 seq=34
1169277796	ID:15	[PKT-TX] DATA bytes=14  seq=34 
1169929169	ID:1	[PKT-RX] DATA bytes=14 from=15 seq=34
1170249486	ID:15	[PKT-RTT] seq=34,rtt_delay_ms=484
1173160390	ID:2	[PKT-TX] DATA bytes=13  seq=35 
1173176838	ID:1	[PKT-RX] DATA bytes=13 from=2 seq=35
1173288517	ID:2	[PKT-RTT] seq=35,rtt_delay_ms=62
1173344248	ID:10	[PKT-TX] DATA bytes=14  seq=35 
1173428051	ID:1	[PKT-RX] DATA bytes=14 from=10 seq=35
1173900565	ID:4	[HFS] ra=0 si=0 cx=49 ac=0
1173904375	ID:4	[LIST] Neighbors: 21,19,27
1173908012	ID:4	[LIST] Quarantine: (none)
1173911509	ID:4	[LIST] Blacklist: (none)
1173917602	ID:4	FUZZRID,DET,21,512,512,0,0,0,0,0,0,0,0,0,0
1174940555	ID:23	[ATK-FAKE-RANK]  true_rank=804 fake_rank=1218 t=11720s
1175791086	ID:3	[PKT-TX] DATA bytes=13  seq=35 
1175902958	ID:1	[PKT-RX] DATA bytes=13 from=3 seq=35
1178426997	ID:22	[HFS] ra=0 si=0 cx=49 ac=0
1178432401	ID:22	[LIST] Neighbors: 24,16,9,29,31,26,18
1178436038	ID:22	[LIST] Quarantine: (none)
1178439535	ID:22	[LIST] Blacklist: (none)
1178446019	ID:22	FUZZRID,DET,18,1578,1578,0,0,0,0,0,0,3,0,0,0
1178668332	ID:30	[ATK-FAKE-RANK]  true_rank=1325 fake_rank=1846 t=11720s
1178694844	ID:8	[HFS] ra=74 si=49 cx=49 ac=82
1178698776	ID:8	[LIST] Neighbors: 7,25,5,30
1178702445	ID:8	[LIST] Quarantine: (none)
1178705942	ID:8	[LIST] Blacklist: (none)
1178713767	ID:8	FUZZRID,DET,30,1846,1325,521,0,100,100,16,0,0,0,82,75
1178716398	ID:14	[HFS] ra=74 si=49 cx=49 ac=82
1178721622	ID:14	[LIST] Neighbors: 20,25,30,24,9,6,15
1178725259	ID:14	[LIST] Quarantine: (none)
1178728756	ID:14	[LIST] Blacklist: (none)
1178736443	ID:14	FUZZRID,DET,30,1846,1325,521,0,100,100,5,0,0,0,82,75
1178755665	ID:15	[HFS] ra=74 si=49 cx=49 ac=82
1178758340	ID:6	[HFS] ra=74 si=49 cx=49 ac=82
1178761301	ID:15	[LIST] Neighbors: 9,14,29,24,12,11,6,30
1178763284	ID:6	[LIST] Neighbors: 14,30,9,15,12,11
1178764963	ID:15	[LIST] Quarantine: (none)
1178766921	ID:6	[LIST] Quarantine: (none)
1178768459	ID:15	[LIST] Blacklist: (none)
1178770423	ID:6	[LIST] Blacklist: (none)
1178776146	ID:15	FUZZRID,DET,30,1846,1325,521,0,100,100,4,0,6,0,82,75
1178778109	ID:6	FUZZRID,DET,30,1846,1325,521,0,100,100,5,0,1,0,82,75
1178926413	ID:4	[PKT-TX] DATA bytes=13  seq=35 
1178943199	ID:1	[PKT-RX] DATA bytes=13 from=4 seq=35
1179022302	ID:4	[PKT-RTT] seq=35,rtt_delay_ms=46
1180697144	ID:16	[PKT-TX] DATA bytes=14  seq=35 
1180699664	ID:15	[PKT-TX] DATA bytes=14  seq=35 
1180893692	ID:17	[PKT-TX] DATA bytes=14  seq=35 
1181030453	ID:1	[PKT-RX] DATA bytes=14 from=17 seq=35
1181065773	ID:25	[ATK-FAKE-RANK]  true_rank=1046 fake_rank=1616 t=11720s
1181138206	ID:5	[HFS] ra=74 si=49 cx=49 ac=82
1181141710	ID:5	[LIST] Neighbors: 7,8,25
1181145347	ID:5	[LIST] Quarantine: (none)
1181148873	ID:5	[LIST] Blacklist: (none)
1181156592	ID:5	FUZZRID,DET,25,1616,1046,570,0,100,100,5,0,0,0,82,75
1181302399	ID:1	[PKT-RX] DATA bytes=14 from=15 seq=35
1181315516	ID:19	[PKT-TX] DATA bytes=14  seq=35 
1181625840	ID:15	[PKT-RTT] seq=35,rtt_delay_ms=460
1181637893	ID:1	[PKT-RX] DATA bytes=14 from=19 seq=35
1181817167	ID:1	[PKT-RX] DATA bytes=14 from=16 seq=35
1181990159	ID:19	[PKT-RTT] seq=35,rtt_delay_ms=335
1183521529	ID:7	[PKT-TX] DATA bytes=13  seq=35 
1183982103	ID:1	[PKT-RX] DATA bytes=13 from=7 seq=35
1184228023	ID:7	[PKT-RTT] seq=35,rtt_delay_ms=351
1184856513	ID:7	[HFS] ra=0 si=0 cx=49 ac=0
1184861315	ID:7	[LIST] Neighbors: 28,13,10,25,5,8
1184864952	ID:7	[LIST] Quarantine: (none)
1184868449	ID:7	[LIST] Blacklist: (none)
1184874541	ID:7	FUZZRID,DET,13,847,847,0,0,0,0,0,0,2,0,0,0
1186240087	ID:20	[PKT-TX] DATA bytes=14  seq=35 
1186303231	ID:1	[PKT-RX] DATA bytes=14 from=20 seq=35
1189637367	ID:6	[HFS] ra=0 si=0 cx=49 ac=0
1189642311	ID:6	[LIST] Neighbors: 14,30,9,15,12,11
1189645981	ID:6	[LIST] Quarantine: (none)
1189649478	ID:6	[LIST] Blacklist: (none)
1189655932	ID:6	FUZZRID,DET,12,1678,1678,0,0,0,0,0,0,2,0,0,0
1190040042	ID:10	[HFS] ra=0 si=0 cx=49 ac=0
1190045678	ID:10	[LIST] Neighbors: 2,28,13,7,25,20,23,19
1190049315	ID:10	[LIST] Quarantine: (none)
1190052811	ID:10	[LIST] Blacklist: (none)
1190058907	ID:10	FUZZRID,DET,20,790,790,0,0,0,0,0,0,2,0,0,0
1190101713	ID:22	[PKT-TX] DATA bytes=14  seq=35 
1190299640	ID:13	[PKT-TX] DATA bytes=14  seq=35 
1190404055	ID:8	[PKT-TX] DATA bytes=13  seq=35 
1190609462	ID:1	[PKT-RX] DATA bytes=13 from=8 seq=35
1190941337	ID:1	[PKT-RX] DATA bytes=14 from=22 seq=35
1191199110	ID:5	[PKT-TX] DATA bytes=13  seq=35 
1191424183	ID:22	[PKT-RTT] seq=35,rtt_delay_ms=656
1191857320	ID:1	[PKT-RX] DATA bytes=13 from=5 seq=35
1192254937	ID:1	[PKT-RX] DATA bytes=14 from=13 seq=35
1195026837	ID:18	[PKT-TX] DATA bytes=14  seq=35 
1195192936	ID:1	[PKT-RX] DATA bytes=14 from=18 seq=35
1195418805	ID:12	[PKT-TX] DATA bytes=14  seq=35 
1195590134	ID:9	[PKT-TX] DATA bytes=13  seq=35 
1195677224	ID:1	[PKT-RX] DATA bytes=14 from=12 seq=35
1195998946	ID:18	[PKT-RTT] seq=35,rtt_delay_ms=484
1196142104	ID:11	[PKT-TX] DATA bytes=14  seq=35 
1196429093	ID:1	[PKT-RX] DATA bytes=14 from=11 seq=35
1197051513	ID:1	[PKT-RX] DATA bytes=13 from=9 seq=35
1197361329	ID:9	[PKT-RTT] seq=35,rtt_delay_ms=882
1198129347	ID:21	[PKT-TX] DATA bytes=14  seq=35 
1198147421	ID:1	[PKT-RX] DATA bytes=14 from=21 seq=35
1198265998	ID:21	[PKT-RTT] seq=35,rtt_delay_ms=62
1199591155	ID:14	[PKT-TX] DATA bytes=14  seq=35 
1199677397	ID:1	[PKT-RX] DATA bytes=14 from=14 seq=35
1200096594	ID:6	[PKT-TX] DATA bytes=13  seq=35 
1200160588	ID:5	 153603 P 0.0 19 648758 38671346 170805 363656 0 292009 44931 1921104 16995 21574 0 13568 (radio 1.-74% / 1.96% tx 0.43% / 0.86% listen 0.92% / 1.09%)
1200270866	ID:12	 153603 P 0.0 19 824098 38493606 207042 388582 0 294533 41138 1924899 12660 20051 0 14529 (radio 1.-58% / 1.66% tx 0.52% / 0.64% listen 0.98% / 1.01%)
1200301688	ID:4	 153603 P 0.0 19 588812 38730885 106391 352917 0 305476 37410 1928401 9028 20163 0 14191 (radio 1.-93% / 1.48% tx 0.27% / 0.45% listen 0.89% / 1.02%)
1200359974	ID:3	 153603 P 0.0 19 924828 38394659 261386 415898 0 310867 37787 1928165 7637 19193 0 14964 (radio 1.-37% / 1.36% tx 0.66% / 0.38% listen 1.05% / 0.97%)
1200418569	ID:21	 153603 P 0.0 19 708669 38609030 123723 397634 0 316089 37708 1928329 8412 20253 0 14695 (radio 1.-77% / 1.45% tx 0.31% / 0.42% listen 1.01% / 1.03%)
1200425581	ID:1	[PKT-RX] DATA bytes=13 from=6 seq=35
1200463274	ID:16	 153603 P 0.0 19 851125 38468709 270841 391882 0 272058 63569 1902346 27488 26366 0 13375 (radio 1.-41% / 2.73% tx 0.68% / 1.39% listen 0.99% / 1.34%)
1200515711	ID:9	 153603 P 0.0 19 1312948 38007323 425871 568629 0 378515 62280 1903664 21080 30115 0 19639 (radio 2.-166% / 2.60% tx 1.08% / 1.07% listen 1.-65% / 1.53%)
1200597225	ID:1	 153605 P 0.0 19 2341694 36977805 971014 38348559 0 0 94726 1871303 35976 1929987 0 0 (radio 100.-9941% / 99.-8639% tx 2.-172% / 1.82% listen 97.-9669% / 98.-8722%)
1200632148	ID:7	 153603 P 0.0 19 1583929 37735579 645868 575416 0 277173 77961 1887869 31345 28337 0 13915 (radio 3.-208% / 3.03% tx 1.-45% / 1.59% listen 1.-63% / 1.44%)
1200659236	ID:6	 153603 P 0.0 19 1029645 38290212 279323 427867 0 320854 64557 1901463 20786 26362 0 15605 (radio 1.-30% / 2.39% tx 0.71% / 1.05% listen 1.08% / 1.34%)
1200671513	ID:20	 153603 P 0.0 19 2195825 37123954 921124 758675 0 310301 68694 1897236 22342 25887 0 13245 (radio 4.-301% / 2.45% tx 2.-185% / 1.13% listen 1.-17% / 1.31%)
1200697435	ID:2	 153603 P 0.0 19 1879378 37438941 521966 729627 0 367200 63146 1903058 10750 26939 0 16447 (radio 3.-201% / 1.91% tx 1.-77% / 0.54% listen 1.-24% / 1.37%)
1200702522	ID:22	 153603 P 0.0 19 1135164 38184861 322710 499495 0 353807 47603 1918401 12108 23467 0 18149 (radio 2.-101% / 1.80% tx 0.82% / 0.61% listen 1.-83% / 1.19%)
1200778012	ID:15	 153603 P 0.0 19 1466392 37853508 484121 573680 0 350279 58172 1907654 16085 24929 0 16704 (radio 2.-150% / 2.08% tx 1.-87% / 0.81% listen 1.-64% / 1.26%)
1200894003	ID:19	 153603 P 0.0 19 793654 38526289 101384 438406 0 372950 38293 1927658 5462 21754 0 17994 (radio 1.-72% / 1.38% tx 0.25% / 0.27% listen 1.-98% / 1.10%)
1200940708	ID:13	 153603 P 0.0 19 1075629 38244145 332014 465290 0 324916 70515 1895500 28140 27540 0 13814 (radio 2.-107% / 2.83% tx 0.84% / 1.43% listen 1.-91% / 1.40%)
1200956418	ID:17	 153603 P 0.0 19 666111 38653795 154378 364397 0 297676 34448 1931445 9809 19720 0 15083 (radio 1.-78% / 1.50% tx 0.39% / 0.49% listen 0.92% / 1.00%)
1200993565	ID:11	 153603 P 0.0 19 672983 38646956 183427 350123 0 272801 26418 1939646 5802 16724 0 14525 (radio 1.-74% / 1.14% tx 0.46% / 0.29% listen 0.89% / 0.85%)
1201026083	ID:18	 153603 P 0.0 19 784482 38535375 229574 374646 0 287364 35580 1930215 9380 19610 0 14684 (radio 1.-56% / 1.47% tx 0.58% / 0.47% listen 0.95% / 0.99%)
1201063913	ID:10	 153603 P 0.0 19 1008410 38311835 221303 542759 0 438622 44975 1920979 10616 24648 0 19410 (radio 1.-15% / 1.79% tx 0.56% / 0.53% listen 1.-72% / 1.25%)
1201091820	ID:8	 153603 P 0.0 19 821373 38499103 224671 394507 0 294674 28926 1936880 4208 17506 0 15486 (radio 1.-52% / 1.10% tx 0.57% / 0.21% listen 1.00% / 0.89%)
1201116269	ID:14	 153603 P 0.0 19 1289100 38031161 377041 576062 0 384779 58584 1907387 15765 26703 0 17551 (radio 2.-177% / 2.16% tx 0.95% / 0.80% listen 1.-63% / 1.35%)
1204213997	ID:17	[PKT-TX] DATA bytes=14  seq=36 
1204279630	ID:1	[PKT-RX] DATA bytes=14 from=17 seq=36
1206229399	ID:6	[PKT-TX] DATA bytes=13  seq=36 
1206552632	ID:1	[PKT-RX] DATA bytes=13 from=6 seq=36
1208574851	ID:4	[PKT-TX] DATA bytes=13  seq=36 
1208591636	ID:1	[PKT-RX] DATA bytes=13 from=4 seq=36
1208647430	ID:4	[PKT-RTT] seq=36,rtt_delay_ms=31
1210325598	ID:24	[ATK-FAKE-RANK]  true_rank=1121 fake_rank=1376 t=11720s
1210353586	ID:3	[PKT-TX] DATA bytes=13  seq=36 
1210404153	ID:1	[PKT-RX] DATA bytes=13 from=3 seq=36
1210668403	ID:21	[PKT-TX] DATA bytes=14  seq=36 
1210707860	ID:12	[PKT-TX] DATA bytes=14  seq=36 
1210739071	ID:29	[ATK-FAKE-RANK]  true_rank=1833 fake_rank=2071 t=11720s
1210881036	ID:1	[PKT-RX] DATA bytes=14 from=21 seq=36
1211017167	ID:21	[PKT-RTT] seq=36,rtt_delay_ms=171
1211425515	ID:1	[PKT-RX] DATA bytes=14 from=12 seq=36
1212378738	ID:15	[HFS] ra=74 si=48 cx=49 ac=82
1212384374	ID:15	[LIST] Neighbors: 9,14,29,24,12,11,6,30
1212388011	ID:15	[LIST] Quarantine: (none)
1212391508	ID:15	[LIST] Blacklist: (none)
1212399158	ID:15	FUZZRID,DET,29,2071,1833,238,0,72,100,8,0,14,0,82,75
1213207469	ID:15	[PKT-TX] DATA bytes=14  seq=36 
1213428938	ID:1	[PKT-RX] DATA bytes=14 from=15 seq=36
1214624139	ID:15	[PKT-RTT] seq=36,rtt_delay_ms=703
1217287813	ID:27	[ATK-FAKE-RANK]  true_rank=512 fake_rank=752 t=11720s
1217419299	ID:2	[HFS] ra=74 si=49 cx=49 ac=82
1217425095	ID:2	[LIST] Neighbors: 28,19,27,13,10,3,20,23
1217428732	ID:2	[LIST] Quarantine: (none)
1217432229	ID:2	[LIST] Blacklist: (none)
1217436247	ID:9	[PKT-TX] DATA bytes=13  seq=36 
1217439517	ID:2	FUZZRID,DET,27,752,512,240,0,91,100,25,0,1,0,82,75
1217553847	ID:1	[PKT-RX] DATA bytes=13 from=9 seq=36
1217863420	ID:9	[PKT-RTT] seq=36,rtt_delay_ms=210
1218303034	ID:8	[PKT-TX] DATA bytes=13  seq=36 
1218482791	ID:1	[PKT-RX] DATA bytes=13 from=8 seq=36
1219474477	ID:20	[PKT-TX] DATA bytes=14  seq=36 
1219552360	ID:1	[PKT-RX] DATA bytes=14 from=20 seq=36
1219790894	ID:16	[PKT-TX] DATA bytes=14  seq=36 
1220191305	ID:1	[PKT-RX] DATA bytes=14 from=16 seq=36
1220321791	ID:11	[PKT-TX] DATA bytes=14  seq=36 
1220436740	ID:16	[PKT-RTT] seq=36,rtt_delay_ms=320
1221052360	ID:1	[PKT-RX] DATA bytes=14 from=11 seq=36
1221216155	ID:14	[PKT-TX] DATA bytes=14  seq=36 
1221302076	ID:1	[PKT-RX] DATA bytes=14 from=14 seq=36
1222382441	ID:22	[PKT-TX] DATA bytes=14  seq=36 
1222568117	ID:1	[PKT-RX] DATA bytes=14 from=22 seq=36
1222800884	ID:22	[PKT-RTT] seq=36,rtt_delay_ms=203
1223089853	ID:2	[PKT-TX] DATA bytes=13  seq=36 
1223106380	ID:1	[PKT-RX] DATA bytes=13 from=2 seq=36
1223162529	ID:2	[PKT-RTT] seq=36,rtt_delay_ms=31
1223468497	ID:11	[HFS] ra=0 si=0 cx=49 ac=0
1223472160	ID:11	[LIST] Neighbors: 6,15,12
1223475797	ID:11	[LIST] Quarantine: (none)
1223479310	ID:11	[LIST] Blacklist: (none)
1223485625	ID:11	FUZZRID,DET,6,1720,1720,0,0,0,0,0,0,5,0,0,0
1225290553	ID:10	[HFS] ra=0 si=0 cx=49 ac=0
1225296214	ID:10	[LIST] Neighbors: 2,28,13,7,25,20,23,19
1225299851	ID:10	[LIST] Quarantine: (none)
1225303348	ID:10	[LIST] Blacklist: (none)
1225309441	ID:10	FUZZRID,DET,19,512,512,0,0,0,0,0,0,0,0,0,0
1225597141	ID:18	[PKT-TX] DATA bytes=14  seq=36 
1225816372	ID:1	[PKT-RX] DATA bytes=14 from=18 seq=36
1225823336	ID:19	[PKT-TX] DATA bytes=14  seq=36 
1225876361	ID:10	[PKT-TX] DATA bytes=14  seq=36 
1226130081	ID:1	[PKT-RX] DATA bytes=14 from=19 seq=36
1226497711	ID:18	[PKT-RTT] seq=36,rtt_delay_ms=445
1227176055	ID:1	[PKT-RX] DATA bytes=14 from=10 seq=36
1227833996	ID:7	[PKT-TX] DATA bytes=13  seq=36 
1227886609	ID:5	[PKT-TX] DATA bytes=13  seq=36 
1227984257	ID:1	[PKT-RX] DATA bytes=13 from=7 seq=36
1228233260	ID:1	[PKT-RX] DATA bytes=13 from=5 seq=36
1228479208	ID:7	[PKT-RTT] seq=36,rtt_delay_ms=320
1230402163	ID:13	[PKT-TX] DATA bytes=14  seq=36 
1230503470	ID:1	[PKT-RX] DATA bytes=14 from=13 seq=36
1231350639	ID:7	[PKT-TX] DATA bytes=13  seq=37 
1231483303	ID:1	[PKT-RX] DATA bytes=13 from=7 seq=37
1231728862	ID:7	[PKT-RTT] seq=37,rtt_delay_ms=187
1234488005	ID:17	[PKT-TX] DATA bytes=14  seq=37 
1235176611	ID:12	[PKT-TX] DATA bytes=14  seq=37 
1235428934	ID:1	[PKT-RX] DATA bytes=14 from=12 seq=37
1235530631	ID:1	[PKT-RX] DATA bytes=14 from=17 seq=37
1235689832	ID:8	[HFS] ra=0 si=0 cx=49 ac=0
1235693763	ID:8	[LIST] Neighbors: 7,25,5,30
1235697429	ID:8	[LIST] Quarantine: (none)
1235700926	ID:8	[LIST] Blacklist: (none)
1235707242	ID:8	FUZZRID,DET,5,1390,1390,0,0,0,0,0,0,0,0,0,0
1236751502	ID:26	[ATK-FAKE-RANK]  true_rank=1405 fake_rank=1484 t=11720s
1236875985	ID:18	[HFS] ra=74 si=0 cx=49 ac=95
1236880255	ID:18	[LIST] Neighbors: 26,22,29,16
1236883892	ID:18	[LIST] Quarantine: (none)
1236887389	ID:18	[LIST] Blacklist: (none)
1236894932	ID:18	FUZZRID,DET,26,1484,1405,79,0,29,100,5,0,2,0,95,100
1237551580	ID:22	[HFS] ra=0 si=0 cx=49 ac=0
1237556982	ID:22	[LIST] Neighbors: 24,16,9,29,31,26,18
1237560619	ID:22	[LIST] Quarantine: (none)
1237564116	ID:22	[LIST] Blacklist: (none)
1237570454	ID:22	FUZZRID,DET,9,1327,1327,0,0,0,0,0,0,1,0,0,0
1238043407	ID:15	[PKT-TX] DATA bytes=14  seq=37 
1238303094	ID:1	[PKT-RX] DATA bytes=14 from=15 seq=37
1238417866	ID:5	[PKT-TX] DATA bytes=13  seq=37 
1239625688	ID:15	[PKT-RTT] seq=37,rtt_delay_ms=789
1239763030	ID:14	[PKT-TX] DATA bytes=14  seq=37 
1239857326	ID:1	[PKT-RX] DATA bytes=13 from=5 seq=37
1239926234	ID:1	[PKT-RX] DATA bytes=14 from=14 seq=37
1240535796	ID:4	[PKT-TX] DATA bytes=13  seq=37 
1240552632	ID:1	[PKT-RX] DATA bytes=13 from=4 seq=37
1240884644	ID:16	[PKT-TX] DATA bytes=14  seq=37 
1241441039	ID:1	[PKT-RX] DATA bytes=14 from=16 seq=37
1241503016	ID:19	[PKT-TX] DATA bytes=14  seq=37 
1241513430	ID:8	[PKT-TX] DATA bytes=13  seq=37 
1241686969	ID:16	[PKT-RTT] seq=37,rtt_delay_ms=398
1241716019	ID:1	[PKT-RX] DATA bytes=14 from=19 seq=37
1241733578	ID:1	[PKT-RX] DATA bytes=13 from=8 seq=37
1242085289	ID:3	[HFS] ra=0 si=0 cx=49 ac=0
1242090219	ID:3	[LIST] Neighbors: 2,23,17,31,27,21
1242093856	ID:3	[LIST] Quarantine: (none)
1242097386	ID:3	[LIST] Blacklist: (none)
1242103480	ID:3	FUZZRID,DET,21,512,512,0,0,0,0,0,0,1,0,0,0
1243198149	ID:6	[PKT-TX] DATA bytes=13  seq=37 
1243428090	ID:1	[PKT-RX] DATA bytes=13 from=6 seq=37
1243873981	ID:12	[HFS] ra=0 si=0 cx=49 ac=0
1243878337	ID:12	[LIST] Neighbors: 9,29,15,11,6
1243881974	ID:12	[LIST] Quarantine: (none)
1243885471	ID:12	[LIST] Blacklist: (none)
1243891950	ID:12	FUZZRID,DET,11,1869,1869,0,0,0,0,0,0,1,0,0,0
1244576879	ID:9	[PKT-TX] DATA bytes=13  seq=37 
1244802507	ID:1	[PKT-RX] DATA bytes=13 from=9 seq=37
1245238428	ID:9	[PKT-RTT] seq=37,rtt_delay_ms=328
1245621692	ID:18	[PKT-TX] DATA bytes=14  seq=37 
1246943442	ID:1	[PKT-RX] DATA bytes=14 from=18 seq=37
1247250276	ID:18	[PKT-RTT] seq=37,rtt_delay_ms=812
1247382671	ID:6	[HFS] ra=0 si=0 cx=49 ac=0
1247387630	ID:6	[LIST] Neighbors: 14,30,9,15,12,11
1247391267	ID:6	[LIST] Quarantine: (none)
1247394764	ID:6	[LIST] Blacklist: (none)
1247401218	ID:6	FUZZRID,DET,14,1089,1089,0,0,0,0,0,0,9,0,0,0
1248244413	ID:11	[PKT-TX] DATA bytes=14  seq=37 
1248678133	ID:1	[PKT-RX] DATA bytes=14 from=11 seq=37
1249689521	ID:3	[PKT-TX] DATA bytes=13  seq=37 
1249777802	ID:1	[PKT-RX] DATA bytes=13 from=3 seq=37
1249958672	ID:3	[PKT-RTT] seq=37,rtt_delay_ms=132
1251366816	ID:22	[PKT-TX] DATA bytes=14  seq=37 
1251443116	ID:1	[PKT-RX] DATA bytes=14 from=22 seq=37
1251680111	ID:22	[PKT-RTT] seq=37,rtt_delay_ms=156
1253121104	ID:2	[PKT-TX] DATA bytes=13  seq=37 
1253137736	ID:1	[PKT-RX] DATA bytes=13 from=2 seq=37
1253164551	ID:2	[PKT-RTT] seq=37,rtt_delay_ms=15
1254168333	ID:30	[ATK-FAKE-RANK]  true_rank=1325 fake_rank=1866 t=11720s
1254194966	ID:8	[HFS] ra=74 si=49 cx=49 ac=82
1254198897	ID:8	[LIST] Neighbors: 7,25,5,30
1254202534	ID:8	[LIST] Quarantine: (none)
1254206031	ID:8	[LIST] Blacklist: (none)
1254213718	ID:8	FUZZRID,DET,30,1866,1325,541,0,100,100,5,0,0,0,82,75
1254216458	ID:14	[HFS] ra=74 si=49 cx=49 ac=82
1254221682	ID:14	[LIST] Neighbors: 20,25,30,24,9,6,15
1254225318	ID:14	[LIST] Quarantine: (none)
1254228815	ID:14	[LIST] Blacklist: (none)
1254236503	ID:14	FUZZRID,DET,30,1866,1325,541,0,100,100,5,0,0,0,82,75
1254255666	ID:15	[HFS] ra=74 si=49 cx=49 ac=82
1254258408	ID:6	[HFS] ra=74 si=49 cx=49 ac=82
1254261303	ID:15	[LIST] Neighbors: 9,14,29,24,12,11,6,30
1254263352	ID:6	[LIST] Neighbors: 14,30,9,15,12,11
1254264963	ID:15	[LIST] Quarantine: (none)
1254266988	ID:6	[LIST] Quarantine: (none)
1254268460	ID:15	[LIST] Blacklist: (none)
1254270485	ID:6	[LIST] Blacklist: (none)
1254276148	ID:15	FUZZRID,DET,30,1866,1325,541,0,100,100,5,0,1,0,82,75
1254278172	ID:6	FUZZRID,DET,30,1866,1325,541,0,100,100,5,0,1,0,82,75
1255537833	ID:10	[HFS] ra=0 si=0 cx=49 ac=0
1255543502	ID:10	[LIST] Neighbors: 2,28,13,7,25,20,23,19
1255547139	ID:10	[LIST] Quarantine: (none)
1255550636	ID:10	[LIST] Blacklist: (none)
1255556762	ID:10	FUZZRID,DET,7,966,966,0,0,0,0,0,0,2,12,0,0
1255587499	ID:28	[ATK-FAKE-RANK]  true_rank=512 fake_rank=772 t=11720s
1255637690	ID:21	[PKT-TX] DATA bytes=14  seq=37 
1255737485	ID:1	[PKT-RX] DATA bytes=14 from=21 seq=37
1256003232	ID:23	[ATK-FAKE-RANK]  true_rank=804 fake_rank=1238 t=11720s
1256043958	ID:10	[HFS] ra=74 si=49 cx=49 ac=82
1256049594	ID:10	[LIST] Neighbors: 2,28,13,7,25,20,23,19
1256053231	ID:10	[LIST] Quarantine: (none)
1256056727	ID:10	[LIST] Blacklist: (none)
1256064372	ID:10	FUZZRID,DET,23,1238,804,434,0,100,100,24,0,0,0,82,55
1256438868	ID:10	[PKT-TX] DATA bytes=14  seq=37 
1256544775	ID:20	[PKT-TX] DATA bytes=14  seq=37 
1256552421	ID:1	[PKT-RX] DATA bytes=14 from=10 seq=37
1256685443	ID:1	[PKT-RX] DATA bytes=14 from=20 seq=37
1257760570	ID:13	[PKT-TX] DATA bytes=14  seq=37 
1257879699	ID:1	[PKT-RX] DATA bytes=14 from=13 seq=37
1258284450	ID:25	[ATK-FAKE-RANK]  true_rank=1044 fake_rank=1636 t=11720s
1258319771	ID:8	[HFS] ra=74 si=49 cx=49 ac=82
1258323702	ID:8	[LIST] Neighbors: 7,25,5,30
1258327339	ID:8	[LIST] Quarantine: (none)
1258330836	ID:8	[LIST] Blacklist: (none)
1258338692	ID:8	FUZZRID,DET,25,1636,1044,592,0,100,100,10,0,3,0,82,75
1260160625	ID:5	 161283 P 0.0 20 684297 40601804 182716 381871 0 305157 35537 1930458 11911 18215 0 13148 (radio 1.-68% / 1.53% tx 0.44% / 0.60% listen 0.92% / 0.92%)
1260270881	ID:12	 161283 P 0.0 20 862706 40421029 217511 407416 0 308017 38607 1927423 10469 18834 0 13484 (radio 1.-53% / 1.49% tx 0.52% / 0.53% listen 0.98% / 0.95%)
1260301708	ID:4	 161283 P 0.0 20 616433 40669184 110839 370701 0 320504 27620 1938299 4448 17784 0 15028 (radio 1.-88% / 1.13% tx 0.26% / 0.22% listen 0.89% / 0.90%)
1260360107	ID:3	 161283 P 0.0 20 963112 40322424 269844 434709 0 325517 38283 1927765 8458 18811 0 14650 (radio 1.-34% / 1.38% tx 0.65% / 0.43% listen 1.-99% / 0.95%)
1260418571	ID:21	 161283 P 0.0 20 740576 40543101 128103 418269 0 332374 31905 1934071 4380 20635 0 16285 (radio 1.-72% / 1.27% tx 0.31% / 0.22% listen 1.01% / 1.04%)
1260463231	ID:16	 161283 P 0.0 20 897937 40387956 287824 413363 0 285159 46811 1919247 16983 21481 0 13101 (radio 1.-35% / 1.95% tx 0.69% / 0.86% listen 1.00% / 1.09%)
1260515645	ID:9	 161283 P 0.0 20 1366997 39919117 442080 594623 0 396153 54048 1911794 16209 25994 0 17638 (radio 2.-157% / 2.14% tx 1.-97% / 0.82% listen 1.-61% / 1.32%)
1260597585	ID:1	 161285 P 0.0 20 2449748 38835789 1016980 40268470 0 0 108052 1857984 45966 1919909 0 0 (radio 99.-9887% / 99.-8640% tx 2.-162% / 2.33% listen 97.-9622% / 97.-8673%)
1260632116	ID:7	 161283 P 0.0 20 1641826 39643756 666049 597971 0 290755 57896 1908177 20181 22555 0 13582 (radio 3.-202% / 2.17% tx 1.-43% / 1.02% listen 1.-60% / 1.14%)
1260659109	ID:6	 161283 P 0.0 20 1070555 40215333 287605 447969 0 336661 40909 1925121 8282 20102 0 15807 (radio 1.-26% / 1.44% tx 0.69% / 0.42% listen 1.-96% / 1.02%)
1260671037	ID:20	 161283 P 0.0 20 2260257 39025485 938556 784834 0 324954 64430 1901531 17432 26159 0 14653 (radio 4.-399% / 2.21% tx 2.-181% / 0.88% listen 1.-14% / 1.33%)
1260692485	ID:2	 161283 P 0.0 20 1956871 39327335 541338 760875 0 383032 77492 1888394 19372 31248 0 15832 (radio 3.-297% / 2.57% tx 1.-73% / 0.98% listen 1.-20% / 1.58%)
1260702034	ID:22	 161283 P 0.0 20 1178678 40107346 331068 522595 0 371474 43513 1922485 8358 23100 0 17667 (radio 2.-98% / 1.60% tx 0.80% / 0.42% listen 1.-78% / 1.17%)
1260778008	ID:15	 161283 P 0.0 20 1515557 39770279 496135 596811 0 367391 49163 1916771 12014 23131 0 17112 (radio 2.-144% / 1.78% tx 1.-84% / 0.61% listen 1.-60% / 1.17%)
1260893995	ID:19	 161283 P 0.0 20 828257 40457721 104035 460039 0 391893 34602 1931432 2651 21633 0 18943 (radio 1.-68% / 1.23% tx 0.25% / 0.13% listen 1.-93% / 1.10%)
1260940067	ID:13	 161283 P 0.0 20 1106950 40178695 335878 482165 0 339677 31320 1934550 3864 16875 0 14761 (radio 1.-6% / 1.05% tx 0.81% / 0.19% listen 1.-88% / 0.85%)
1260956431	ID:17	 161283 P 0.0 20 696932 40588689 162103 382775 0 312513 30819 1934894 7725 18378 0 14837 (radio 1.-73% / 1.32% tx 0.39% / 0.39% listen 0.92% / 0.93%)
1260993861	ID:11	 161283 P 0.0 20 708727 40577238 194556 367634 0 285444 35742 1930282 11129 17511 0 12643 (radio 1.-68% / 1.45% tx 0.47% / 0.56% listen 0.89% / 0.89%)
1261026062	ID:18	 161283 P 0.0 20 819564 40466114 238168 392976 0 300763 35081 1930739 8594 18330 0 13399 (radio 1.-52% / 1.36% tx 0.57% / 0.43% listen 0.95% / 0.93%)
1261065161	ID:10	 161283 P 0.0 20 1071341 40214928 240770 570731 0 456040 62930 1903093 19467 27972 0 17418 (radio 1.-8% / 2.41% tx 0.58% / 0.99% listen 1.-66% / 1.42%)
1261091836	ID:8	 161283 P 0.0 20 849763 40436606 227254 410230 0 308768 28388 1937503 2583 15723 0 14094 (radio 1.-50% / 0.93% tx 0.55% / 0.13% listen 0.99% / 0.79%)
1261115572	ID:14	 161283 P 0.0 20 1347253 39938988 393070 600691 0 400089 58152 1907827 16029 24629 0 15310 (radio 2.-168% / 2.06% tx 0.95% / 0.81% listen 1.-59% / 1.25%)
1261330413	ID:3	[PKT-TX] DATA bytes=13  seq=38 
1261404848	ID:1	[PKT-RX] DATA bytes=13 from=3 seq=38
1261501575	ID:25	[ATK-FAKE-RANK]  true_rank=1044 fake_rank=1656 t=11720s
1261541847	ID:13	[HFS] ra=74 si=49 cx=49 ac=82
1261546631	ID:13	[LIST] Neighbors: 2,28,19,10,7,25
1261550285	ID:13	[LIST] Quarantine: (none)
1261553782	ID:13	[LIST] Blacklist: (none)
1261561607	ID:13	FUZZRID,DET,25,1656,1044,612,0,100,100,16,0,0,0,82,75
1261566205	ID:8	[HFS] ra=74 si=49 cx=49 ac=82
1261570136	ID:8	[LIST] Neighbors: 7,25,5,30
1261573773	ID:8	[LIST] Quarantine: (none)
1261577303	ID:8	[LIST] Blacklist: (none)
1261582468	ID:3	[PKT-RTT] seq=38,rtt_delay_ms=125
1261584990	ID:8	FUZZRID,DET,25,1656,1044,612,0,100,100,4,0,3,0,82,75
1261592384	ID:14	[HFS] ra=74 si=49 cx=49 ac=82
1261597608	ID:14	[LIST] Neighbors: 20,25,30,24,9,6,15
1261601245	ID:14	[LIST] Quarantine: (none)
1261604742	ID:14	[LIST] Blacklist: (none)
1261609771	ID:7	[HFS] ra=74 si=49 cx=49 ac=82
1261612601	ID:14	FUZZRID,DET,25,1656,1044,612,0,100,100,15,0,3,0,82,75
1261614568	ID:7	[LIST] Neighbors: 28,13,10,25,5,8
1261618205	ID:7	[LIST] Quarantine: (none)
1261621702	ID:7	[LIST] Blacklist: (none)
1261629527	ID:7	FUZZRID,DET,25,1656,1044,612,0,100,100,16,0,0,0,82,75
1261634858	ID:5	[HFS] ra=74 si=49 cx=49 ac=82
1261638362	ID:5	[LIST] Neighbors: 7,8,25
1261641999	ID:5	[LIST] Quarantine: (none)
1261645496	ID:5	[LIST] Blacklist: (none)
1261647733	ID:20	[HFS] ra=74 si=49 cx=49 ac=82
1261653090	ID:20	[LIST] Neighbors: 2,10,25,14,28,23,24
1261653341	ID:5	FUZZRID,DET,25,1656,1044,612,0,100,100,10,0,0,0,82,75
1261656726	ID:20	[LIST] Quarantine: (none)
1261660223	ID:20	[LIST] Blacklist: (none)
1261668049	ID:20	FUZZRID,DET,25,1656,1044,612,0,100,100,14,0,6,0,82,75
1262887157	ID:15	[PKT-TX] DATA bytes=14  seq=38 
1263052034	ID:1	[PKT-RX] DATA bytes=14 from=15 seq=38
1263756511	ID:15	[PKT-RTT] seq=38,rtt_delay_ms=429
1265760828	ID:19	[PKT-TX] DATA bytes=14  seq=38 
1265997576	ID:1	[PKT-RX] DATA bytes=14 from=19 seq=38
1266404997	ID:9	[PKT-TX] DATA bytes=13  seq=38 
1266510570	ID:13	[PKT-TX] DATA bytes=14  seq=38 
1266885221	ID:1	[PKT-RX] DATA bytes=14 from=13 seq=38
1267050989	ID:1	[PKT-RX] DATA bytes=13 from=9 seq=38
1267360573	ID:9	[PKT-RTT] seq=38,rtt_delay_ms=476
1268754522	ID:5	[PKT-TX] DATA bytes=13  seq=38 
1268983723	ID:1	[PKT-RX] DATA bytes=13 from=5 seq=38
1269095145	ID:10	[PKT-TX] DATA bytes=14  seq=38 
1269176017	ID:1	[PKT-RX] DATA bytes=14 from=10 seq=38
1269241816	ID:22	[PKT-TX] DATA bytes=14  seq=38 
1269302747	ID:7	[PKT-TX] DATA bytes=13  seq=38 
1269315176	ID:1	[PKT-RX] DATA bytes=14 from=22 seq=38
1269550652	ID:22	[PKT-RTT] seq=38,rtt_delay_ms=148
1269733890	ID:1	[PKT-RX] DATA bytes=13 from=7 seq=38
1269979996	ID:7	[PKT-RTT] seq=38,rtt_delay_ms=335
1271065891	ID:18	[PKT-TX] DATA bytes=14  seq=38 
1271317836	ID:1	[PKT-RX] DATA bytes=14 from=18 seq=38
1271624788	ID:18	[PKT-RTT] seq=38,rtt_delay_ms=273
1273573150	ID:6	[PKT-TX] DATA bytes=13  seq=38 
1273803069	ID:1	[PKT-RX] DATA bytes=13 from=6 seq=38
1280622936	ID:20	[PKT-TX] DATA bytes=14  seq=38 
1280676932	ID:1	[PKT-RX] DATA bytes=14 from=20 seq=38
1280755193	ID:14	[PKT-TX] DATA bytes=14  seq=38 
1280926956	ID:1	[PKT-RX] DATA bytes=14 from=14 seq=38
1281224367	ID:8	[PKT-TX] DATA bytes=13  seq=38 
1281482697	ID:1	[PKT-RX] DATA bytes=13 from=8 seq=38
1285200056	ID:12	[PKT-TX] DATA bytes=14  seq=38 
1285425534	ID:1	[PKT-RX] DATA bytes=14 from=12 seq=38
1285582465	ID:21	[PKT-TX] DATA bytes=14  seq=38 
1285599317	ID:1	[PKT-RX] DATA bytes=14 from=21 seq=38
1288682747	ID:17	[PKT-TX] DATA bytes=14  seq=38 
1289042979	ID:2	[PKT-TX] DATA bytes=13  seq=38 
1289059511	ID:1	[PKT-RX] DATA bytes=13 from=2 seq=38
1289293601	ID:4	[PKT-TX] DATA bytes=13  seq=38 
1289310215	ID:1	[PKT-RX] DATA bytes=13 from=4 seq=38
1289652080	ID:1	[PKT-RX] DATA bytes=14 from=17 seq=38
1289679736	ID:22	[HFS] ra=0 si=0 cx=49 ac=0
1289685105	ID:22	[LIST] Neighbors: 24,16,9,29,31,26,18
1289688761	ID:22	[LIST] Quarantine: (none)
1289692258	ID:22	[LIST] Blacklist: (none)
1289698713	ID:22	FUZZRID,DET,16,1353,1353,0,0,0,0,0,0,4,0,0,0
1290244606	ID:16	[PKT-TX] DATA bytes=14  seq=38 
1290775407	ID:11	[PKT-TX] DATA bytes=14  seq=38 
1291426556	ID:1	[PKT-RX] DATA bytes=14 from=11 seq=38
1291581133	ID:19	[PKT-TX] DATA bytes=14  seq=39 
1291695858	ID:1	[PKT-RX] DATA bytes=14 from=19 seq=39
1291714322	ID:18	[PKT-TX] DATA bytes=14  seq=39 
1291815271	ID:1	[PKT-RX] DATA bytes=14 from=16 seq=38
1294692260	ID:1	[PKT-RX] DATA bytes=14 from=18 seq=39
1295872436	ID:18	[PKT-RTT] seq=39,rtt_delay_ms=2078
1296278653	ID:15	[PKT-TX] DATA bytes=14  seq=39 
1296428769	ID:1	[PKT-RX] DATA bytes=14 from=15 seq=39
1296806609	ID:31	[ATK-FAKE-RANK]  true_rank=1032 fake_rank=1089 t=11720s
1296927552	ID:22	[HFS] ra=72 si=0 cx=49 ac=94
1296931298	ID:17	[HFS] ra=72 si=2 cx=49 ac=94
1296932921	ID:22	[LIST] Neighbors: 24,16,9,29,31,26,18
1296935423	ID:17	[LIST] Neighbors: 21,27,3,31
1296936558	ID:22	[LIST] Quarantine: (none)
1296939021	ID:16	[HFS] ra=72 si=0 cx=49 ac=94
1296939060	ID:17	[LIST] Quarantine: (none)
1296940055	ID:22	[LIST] Blacklist: (none)
1296942584	ID:17	[LIST] Blacklist: (none)
1296943259	ID:16	[LIST] Neighbors: 31,26,22,18
1296946896	ID:16	[LIST] Quarantine: (none)
1296947666	ID:22	FUZZRID,DET,31,1089,1032,57,0,20,70,14,33,5,0,94,100
1296950089	ID:17	FUZZRID,DET,31,1089,1032,57,0,21,70,5,33,2,0,94,100
1296950402	ID:16	[LIST] Blacklist: (none)
1296958043	ID:16	FUZZRID,DET,31,1089,1032,57,0,19,70,13,33,7,0,94,100
1297750226	ID:15	[PKT-RTT] seq=39,rtt_delay_ms=734
1298585593	ID:22	[PKT-TX] DATA bytes=14  seq=39 
1298879538	ID:4	[PKT-TX] DATA bytes=13  seq=39 
1298896256	ID:1	[PKT-RX] DATA bytes=13 from=4 seq=39
1299232337	ID:20	[PKT-TX] DATA bytes=14  seq=39 
1299301329	ID:1	[PKT-RX] DATA bytes=14 from=20 seq=39
1299906323	ID:1	[PKT-RX] DATA bytes=14 from=22 seq=39
1300049324	ID:22	[PKT-RTT] seq=39,rtt_delay_ms=726
1300840329	ID:21	[PKT-TX] DATA bytes=14  seq=39 
1300856987	ID:1	[PKT-RX] DATA bytes=14 from=21 seq=39
1301033144	ID:10	[PKT-TX] DATA bytes=14  seq=39 
1301072141	ID:16	[PKT-TX] DATA bytes=14  seq=39 
1301190566	ID:17	[PKT-TX] DATA bytes=14  seq=39 
1301780631	ID:1	[PKT-RX] DATA bytes=14 from=17 seq=39
1301841283	ID:30	[ATK-FAKE-RANK]  true_rank=1325 fake_rank=1886 t=11720s
1302130928	ID:15	[HFS] ra=74 si=49 cx=49 ac=82
1302136565	ID:15	[LIST] Neighbors: 9,14,29,24,12,11,6,30
1302140202	ID:15	[LIST] Quarantine: (none)
1302143698	ID:15	[LIST] Blacklist: (none)
1302151407	ID:15	FUZZRID,DET,30,1886,1325,561,0,100,100,5,0,1,0,82,75
1302151607	ID:13	[PKT-TX] DATA bytes=14  seq=39 
1302176423	ID:1	[PKT-RX] DATA bytes=14 from=10 seq=39
1302653866	ID:1	[PKT-RX] DATA bytes=14 from=16 seq=39
1303520818	ID:14	[PKT-TX] DATA bytes=14  seq=39 
1303934970	ID:16	[PKT-RTT] seq=39,rtt_delay_ms=1429
1304255896	ID:1	[PKT-RX] DATA bytes=14 from=13 seq=39
1304411382	ID:13	[PKT-RTT] seq=39,rtt_delay_ms=1125
1304925416	ID:1	[PKT-RX] DATA bytes=14 from=14 seq=39
1306021999	ID:20	[HFS] ra=0 si=0 cx=49 ac=0
1306027355	ID:20	[LIST] Neighbors: 2,10,25,14,28,23,24
1306030992	ID:20	[LIST] Quarantine: (none)
1306034489	ID:20	[LIST] Blacklist: (none)
1306040737	ID:20	FUZZRID,DET,10,768,768,0,0,0,0,0,0,12,0,0,0
1306043483	ID:13	[HFS] ra=0 si=0 cx=49 ac=0
1306043520	ID:2	[HFS] ra=0 si=0 cx=49 ac=0
1306048266	ID:13	[LIST] Neighbors: 2,28,19,10,7,25
1306049331	ID:2	[LIST] Neighbors: 28,19,27,13,10,3,20,23
1306051903	ID:13	[LIST] Quarantine: (none)
1306052968	ID:2	[LIST] Quarantine: (none)
1306055399	ID:13	[LIST] Blacklist: (none)
1306056464	ID:2	[LIST] Blacklist: (none)
1306061632	ID:13	FUZZRID,DET,10,768,768,0,0,0,0,0,0,11,0,0,0
1306062697	ID:2	FUZZRID,DET,10,768,768,0,0,0,0,0,0,13,0,0,0
1306107354	ID:7	[HFS] ra=0 si=0 cx=49 ac=0
1306112155	ID:7	[LIST] Neighbors: 28,13,10,25,5,8
1306115791	ID:7	[LIST] Quarantine: (none)
1306119288	ID:7	[LIST] Blacklist: (none)
1306120724	ID:19	[HFS] ra=0 si=0 cx=49 ac=0
1306125382	ID:7	FUZZRID,DET,10,768,768,0,0,0,0,0,0,5,0,0,0
1306125507	ID:19	[LIST] Neighbors: 2,28,27,4,13,10
1306129174	ID:19	[LIST] Quarantine: (none)
1306132671	ID:19	[LIST] Blacklist: (none)
1306138766	ID:19	FUZZRID,DET,10,768,768,0,0,0,0,0,0,4,0,0,0
1306260828	ID:5	[HFS] ra=0 si=0 cx=49 ac=0
1306264332	ID:5	[LIST] Neighbors: 7,8,25
1306267969	ID:5	[LIST] Quarantine: (none)
1306271495	ID:5	[LIST] Blacklist: (none)
1306277811	ID:5	FUZZRID,DET,8,1340,1340,0,0,0,0,0,0,2,0,0,0
1306697191	ID:31	[ATK-FAKE-RANK]  true_rank=1115 fake_rank=1109 t=11720s
1306805143	ID:22	[HFS] ra=72 si=0 cx=49 ac=94
1306808778	ID:17	[HFS] ra=72 si=0 cx=49 ac=94
1306810513	ID:22	[LIST] Neighbors: 24,16,9,29,31,26,18
1306812494	ID:16	[HFS] ra=72 si=0 cx=49 ac=94
1306812882	ID:17	[LIST] Neighbors: 21,27,3,31
1306814180	ID:22	[LIST] Quarantine: (none)
1306816519	ID:17	[LIST] Quarantine: (none)
1306816765	ID:16	[LIST] Neighbors: 31,26,22,18
1306817677	ID:22	[LIST] Blacklist: (none)
1306820016	ID:17	[LIST] Blacklist: (none)
1306820401	ID:16	[LIST] Quarantine: (none)
1306823898	ID:16	[LIST] Blacklist: (none)
1306825150	ID:22	FUZZRID,DET,31,1109,1115,-6,0,2,70,16,50,0,0,94,100
1306827489	ID:17	FUZZRID,DET,31,1109,1115,-6,0,2,70,16,50,1,0,94,100
1306831400	ID:16	FUZZRID,DET,31,1109,1115,-6,0,2,70,15,50,2,0,94,100
1306834920	ID:3	[HFS] ra=66 si=0 cx=49 ac=89
1306839869	ID:3	[LIST] Neighbors: 2,23,17,31,27,21
1306843506	ID:3	[LIST] Quarantine: (none)
1306847005	ID:3	[LIST] Blacklist: (none)
1306854478	ID:3	FUZZRID,DET,31,1109,1115,-6,0,2,70,24,50,5,0,89,100
1309340113	ID:29	[ATK-FAKE-RANK]  true_rank=1833 fake_rank=2091 t=11720s
1309371074	ID:12	[HFS] ra=74 si=49 cx=49 ac=82
1309375432	ID:12	[LIST] Neighbors: 9,29,15,11,6
1309379068	ID:12	[LIST] Quarantine: (none)
1309382599	ID:12	[LIST] Blacklist: (none)
1309390271	ID:12	FUZZRID,DET,29,2091,1833,258,0,87,100,13,0,8,0,82,75
1309753916	ID:2	[PKT-TX] DATA bytes=13  seq=39 
1309770543	ID:1	[PKT-RX] DATA bytes=13 from=2 seq=39
1311538054	ID:2	[PKT-RTT] seq=39,rtt_delay_ms=890
1311580034	ID:11	[PKT-TX] DATA bytes=14  seq=39 
1311665363	ID:13	[HFS] ra=0 si=0 cx=49 ac=0
1311670157	ID:13	[LIST] Neighbors: 2,28,19,10,7,25
1311673794	ID:13	[LIST] Quarantine: (none)
1311677291	ID:13	[LIST] Blacklist: (none)
1311683524	ID:13	FUZZRID,DET,10,768,768,0,0,0,0,0,0,11,0,0,0
1311733616	ID:7	[HFS] ra=0 si=0 cx=49 ac=0
1311738413	ID:7	[LIST] Neighbors: 28,13,10,25,5,8
1311742050	ID:7	[LIST] Quarantine: (none)
1311742950	ID:19	[HFS] ra=0 si=0 cx=49 ac=0
1311745546	ID:7	[LIST] Blacklist: (none)
1311747733	ID:19	[LIST] Neighbors: 2,28,27,4,13,10
1311751370	ID:19	[LIST] Quarantine: (none)
1311751640	ID:7	FUZZRID,DET,10,768,768,0,0,0,0,0,0,5,0,0,0
1311754874	ID:19	[LIST] Blacklist: (none)
1311760968	ID:19	FUZZRID,DET,10,768,768,0,0,0,0,0,0,4,0,0,0
1312017728	ID:3	[PKT-TX] DATA bytes=13  seq=39 
1312153011	ID:1	[PKT-RX] DATA bytes=13 from=3 seq=39
1312170622	ID:9	[PKT-TX] DATA bytes=13  seq=39 
1312676725	ID:1	[PKT-RX] DATA bytes=13 from=9 seq=39
1312790488	ID:10	[HFS] ra=0 si=0 cx=49 ac=0
1312794374	ID:2	[HFS] ra=0 si=0 cx=49 ac=0
1312796123	ID:10	[LIST] Neighbors: 2,28,13,7,25,20,23,19
1312799790	ID:10	[LIST] Quarantine: (none)
1312800170	ID:2	[LIST] Neighbors: 28,19,27,13,10,3,20,23
1312803287	ID:10	[LIST] Blacklist: (none)
1312803807	ID:2	[LIST] Quarantine: (none)
1312807303	ID:2	[LIST] Blacklist: (none)
1312809383	ID:10	FUZZRID,DET,13,950,950,0,0,0,0,0,0,3,0,0,0
1312813433	ID:2	FUZZRID,DET,13,950,950,0,0,0,0,0,0,6,0,0,0
1312858049	ID:7	[HFS] ra=0 si=0 cx=49 ac=0
1312862853	ID:7	[LIST] Neighbors: 28,13,10,25,5,8
1312866489	ID:7	[LIST] Quarantine: (none)
1312869986	ID:7	[LIST] Blacklist: (none)
1312876082	ID:7	FUZZRID,DET,13,950,950,0,0,0,0,0,0,2,0,0,0
1313926324	ID:1	[PKT-RX] DATA bytes=14 from=11 seq=39
1314270361	ID:12	[PKT-TX] DATA bytes=14  seq=39 
1314552543	ID:1	[PKT-RX] DATA bytes=14 from=12 seq=39
1315308484	ID:5	[PKT-TX] DATA bytes=13  seq=39 
1315326184	ID:7	[PKT-TX] DATA bytes=13  seq=39 
1315415780	ID:26	[ATK-FAKE-RANK]  true_rank=1455 fake_rank=1504 t=11720s
1315564631	ID:16	[HFS] ra=74 si=0 cx=49 ac=95
1315568889	ID:16	[LIST] Neighbors: 31,26,22,18
1315572525	ID:16	[LIST] Quarantine: (none)
1315576023	ID:16	[LIST] Blacklist: (none)
1315583531	ID:16	FUZZRID,DET,26,1504,1455,49,0,19,100,1,0,0,0,95,100
1315609306	ID:1	[PKT-RX] DATA bytes=13 from=7 seq=39
1315623868	ID:12	[HFS] ra=0 si=0 cx=49 ac=0
1315628225	ID:12	[LIST] Neighbors: 9,29,15,11,6
1315631861	ID:12	[LIST] Quarantine: (none)
1315635358	ID:12	[LIST] Blacklist: (none)
1315641815	ID:12	FUZZRID,DET,15,1678,1678,0,0,0,0,0,0,3,0,0,0
1315859795	ID:1	[PKT-RX] DATA bytes=13 from=5 seq=39
1316005625	ID:8	[PKT-TX] DATA bytes=13  seq=39 
1316234391	ID:1	[PKT-RX] DATA bytes=13 from=8 seq=39
1318393462	ID:6	[PKT-TX] DATA bytes=13  seq=39 
1319869602	ID:19	[HFS] ra=0 si=0 cx=49 ac=0
1319874385	ID:19	[LIST] Neighbors: 2,28,27,4,13,10
1319878022	ID:19	[LIST] Quarantine: (none)
1319881552	ID:19	[LIST] Blacklist: (none)
1319887507	ID:19	FUZZRID,DET,4,512,512,0,0,0,0,0,0,0,0,0,0
1320160336	ID:5	 168963 P 0.0 21 714874 42537211 189496 399540 0 318853 30575 1935407 6780 17669 0 13696 (radio 1.-64% / 1.24% tx 0.43% / 0.34% listen 0.92% / 0.89%)
1320270863	ID:12	 168963 P 0.0 21 917822 42331922 237722 430393 0 321357 55114 1910893 20211 22977 0 13340 (radio 1.-45% / 2.19% tx 0.54% / 1.02% listen 0.00% / 1.16%)
1320301710	ID:4	 168963 P 0.0 21 650349 42601334 119996 392781 0 338896 33915 1932150 9157 22080 0 18392 (radio 1.-81% / 1.58% tx 0.27% / 0.46% listen 0.90% / 1.12%)
1320360683	ID:3	 168963 P 0.0 21 1050944 42200581 307122 472480 0 344458 87830 1878157 37278 37771 0 18941 (radio 1.-20% / 3.81% tx 0.71% / 1.89% listen 1.-91% / 1.92%)
1320419002	ID:21	 168963 P 0.0 21 825691 42424003 164000 456611 0 349929 85113 1880902 35897 38342 0 17555 (radio 1.-56% / 3.77% tx 0.37% / 1.82% listen 1.-94% / 1.95%)
1320463417	ID:16	 168963 P 0.0 21 969838 42282091 318596 444207 0 301029 71899 1894135 30772 30844 0 15870 (radio 1.-23% / 3.13% tx 0.73% / 1.56% listen 1.-97% / 1.56%)
1320515628	ID:9	 168963 P 0.0 21 1423305 41828642 459564 621905 0 414204 56307 1909525 17484 27282 0 18051 (radio 2.-149% / 2.27% tx 1.-94% / 0.88% listen 1.-56% / 1.38%)
1320596915	ID:1	 168965 P 0.0 21 2627493 40623997 1107713 42143600 0 0 177744 1788208 90733 1875129 0 0 (radio 0.69% / 99.-8640% tx 2.-143% / 4.61% listen 97.-9688% / 95.-8701%)
1320632130	ID:7	 168963 P 0.0 21 1714832 41536695 691877 629415 0 307977 73005 1892939 25828 31444 0 17222 (radio 3.-293% / 2.91% tx 1.-40% / 1.31% listen 1.-54% / 1.59%)
1320659393	ID:6	 168963 P 0.0 21 1113438 42138499 299088 468720 0 352838 42882 1923166 11483 20751 0 16177 (radio 1.-22% / 1.63% tx 0.69% / 0.58% listen 1.-91% / 1.05%)
1320671217	ID:20	 168963 P 0.0 21 2392454 40859200 999795 832498 0 343432 132196 1833715 61239 47664 0 18478 (radio 4.-374% / 5.53% tx 2.-168% / 3.11% listen 1.-7% / 2.42%)
1320692422	ID:2	 168963 P 0.0 21 2041282 41208931 561358 801444 0 408161 84410 1881596 20020 40569 0 25129 (radio 3.-283% / 3.08% tx 1.-70% / 1.01% listen 1.-15% / 2.06%)
1320702486	ID:22	 168963 P 0.0 21 1231939 42020045 342550 550817 0 392995 53259 1912699 11482 28222 0 21521 (radio 2.-193% / 2.01% tx 0.79% / 0.58% listen 1.-72% / 1.43%)
1320780959	ID:15	 168963 P 0.0 21 1582512 41669473 519180 624146 0 383146 66953 1899194 23045 27335 0 15755 (radio 2.-135% / 2.56% tx 1.-80% / 1.17% listen 1.-55% / 1.39%)
1320803521	ID:1	[PKT-RX] DATA bytes=13 from=6 seq=39
1320895518	ID:19	 168963 P 0.0 21 873460 42378585 108884 489111 0 415749 45202 1920864 4849 29072 0 23856 (radio 1.-62% / 1.72% tx 0.25% / 0.24% listen 1.-87% / 1.47%)
1320940730	ID:13	 168963 P 0.0 21 1183414 42068228 365451 513693 0 358317 76462 1889533 29573 31528 0 18640 (radio 2.-196% / 3.10% tx 0.84% / 1.50% listen 1.-81% / 1.60%)
1320956693	ID:17	 168963 P 0.0 21 759353 42492316 188088 416575 0 333879 62419 1903627 25985 33800 0 21366 (radio 1.-60% / 3.04% tx 0.43% / 1.32% listen 0.96% / 1.71%)
1320993539	ID:11	 168963 P 0.0 21 732210 42519817 197878 384079 0 300045 23481 1942579 3322 16445 0 14601 (radio 1.-65% / 1.00% tx 0.45% / 0.16% listen 0.88% / 0.83%)
1321026056	ID:18	 168963 P 0.0 21 848594 42403127 243844 411772 0 316417 29028 1937013 5676 18796 0 15654 (radio 1.-48% / 1.24% tx 0.56% / 0.28% listen 0.95% / 0.95%)
1321064070	ID:10	 168963 P 0.0 21 1162949 42089338 280722 611683 0 481169 91607 1874410 39952 40952 0 25129 (radio 2.-193% / 4.11% tx 0.64% / 2.03% listen 1.-58% / 2.08%)
1321069181	ID:7	[PKT-TX] DATA bytes=13  seq=40 
1321092100	ID:8	 168963 P 0.0 21 891344 42360991 238739 430074 0 322280 41579 1924385 11485 19844 0 13512 (radio 1.-45% / 1.59% tx 0.55% / 0.58% listen 0.00% / 1.00%)
1321107896	ID:1	[PKT-RX] DATA bytes=13 from=7 seq=40
1321115592	ID:14	 168963 P 0.0 21 1409100 41843060 411806 629697 0 418532 61846 1904072 18736 29006 0 18443 (radio 2.-158% / 2.42% tx 0.95% / 0.95% listen 1.-54% / 1.47%)
1321173699	ID:16	[PKT-TX] DATA bytes=14  seq=40 
1321336905	ID:31	[ATK-FAKE-RANK]  true_rank=1191 fake_rank=1129 t=11720s
1321405670	ID:1	[PKT-RX] DATA bytes=14 from=16 seq=40
1321678848	ID:22	[HFS] ra=72 si=46 cx=49 ac=77
1321682509	ID:17	[HFS] ra=72 si=45 cx=49 ac=77
1321684219	ID:22	[LIST] Neighbors: 24,16,9,29,31,26,18
1321686623	ID:17	[LIST] Neighbors: 21,27,3,31
1321687856	ID:22	[LIST] Quarantine: (none)
1321690260	ID:17	[LIST] Quarantine: (none)
1321690630	ID:16	[HFS] ra=72 si=45 cx=49 ac=77
1321691353	ID:22	[LIST] Blacklist: (none)
1321693757	ID:17	[LIST] Blacklist: (none)
1321694867	ID:16	[LIST] Neighbors: 31,26,22,18
1321698504	ID:16	[LIST] Quarantine: (none)
1321698954	ID:22	FUZZRID,DET,31,1129,1191,-62,0,24,70,14,50,0,0,77,75
1321701362	ID:17	FUZZRID,DET,31,1129,1191,-62,0,23,70,14,50,1,0,77,75
1321702001	ID:16	[LIST] Blacklist: (none)
1321709575	ID:16	FUZZRID,DET,31,1129,1191,-62,0,23,70,14,50,2,0,77,75
1321936143	ID:16	[PKT-RTT] seq=40,rtt_delay_ms=375
1322088039	ID:3	[PKT-TX] DATA bytes=13  seq=40 
1322153003	ID:1	[PKT-RX] DATA bytes=13 from=3 seq=40
1324004574	ID:31	[ATK-FAKE-RANK]  true_rank=1175 fake_rank=1149 t=11720s
1325845333	ID:28	[ATK-FAKE-RANK]  true_rank=512 fake_rank=792 t=11720s
1326147185	ID:2	[PKT-TX] DATA bytes=13  seq=40 
1326163631	ID:1	[PKT-RX] DATA bytes=13 from=2 seq=40
1326287115	ID:2	[PKT-RTT] seq=40,rtt_delay_ms=70
1327542789	ID:13	[HFS] ra=0 si=0 cx=49 ac=0
1327547572	ID:13	[LIST] Neighbors: 2,28,19,10,7,25
1327551209	ID:13	[LIST] Quarantine: (none)
1327554706	ID:13	[LIST] Blacklist: (none)
1327560801	ID:13	FUZZRID,DET,10,768,768,0,0,0,0,0,0,6,0,0,0
1327606825	ID:7	[HFS] ra=0 si=0 cx=49 ac=0
1327611621	ID:7	[LIST] Neighbors: 28,13,10,25,5,8
1327615258	ID:7	[LIST] Quarantine: (none)
1327618755	ID:7	[LIST] Blacklist: (none)
1327620431	ID:19	[HFS] ra=0 si=0 cx=49 ac=0
1327624849	ID:7	FUZZRID,DET,10,768,768,0,0,0,0,0,0,5,0,0,0
1327625214	ID:19	[LIST] Neighbors: 2,28,27,4,13,10
1327628851	ID:19	[LIST] Quarantine: (none)
1327632347	ID:19	[LIST] Blacklist: (none)
1327638441	ID:19	FUZZRID,DET,10,768,768,0,0,0,0,0,0,4,0,0,0
1328113707	ID:18	[PKT-TX] DATA bytes=14  seq=40 
1328406177	ID:1	[PKT-RX] DATA bytes=14 from=18 seq=40
1329612132	ID:13	[PKT-TX] DATA bytes=14  seq=40 
1329755117	ID:1	[PKT-RX] DATA bytes=14 from=13 seq=40
1329916222	ID:13	[PKT-RTT] seq=40,rtt_delay_ms=148
1331388523	ID:21	[PKT-TX] DATA bytes=14  seq=40 
1331393683	ID:17	[PKT-TX] DATA bytes=14  seq=40 
1331405210	ID:1	[PKT-RX] DATA bytes=14 from=21 seq=40
1331655230	ID:1	[PKT-RX] DATA bytes=14 from=17 seq=40
1334879735	ID:12	[PKT-TX] DATA bytes=14  seq=40 
1335176373	ID:1	[PKT-RX] DATA bytes=14 from=12 seq=40
1338499625	ID:22	[PKT-TX] DATA bytes=14  seq=40 
1339167497	ID:2	[HFS] ra=0 si=0 cx=49 ac=0
1339173292	ID:2	[LIST] Neighbors: 28,19,27,13,10,3,20,23
1339176929	ID:2	[LIST] Quarantine: (none)
1339180426	ID:2	[LIST] Blacklist: (none)
1339186398	ID:2	FUZZRID,DET,3,786,786,0,0,0,0,0,0,4,0,0,0
1339488178	ID:5	[PKT-TX] DATA bytes=13  seq=40 
1339530215	ID:1	[PKT-RX] DATA bytes=14 from=22 seq=40
1339797843	ID:22	[PKT-RTT] seq=40,rtt_delay_ms=648
1339984518	ID:1	[PKT-RX] DATA bytes=13 from=5 seq=40
1340256339	ID:5	[PKT-RTT] seq=40,rtt_delay_ms=382
1340434225	ID:4	[PKT-TX] DATA bytes=13  seq=40 
1340451012	ID:1	[PKT-RX] DATA bytes=13 from=4 seq=40
1340760648	ID:6	[PKT-TX] DATA bytes=13  seq=40 
1341051794	ID:1	[PKT-RX] DATA bytes=13 from=6 seq=40
1341202760	ID:9	[PKT-TX] DATA bytes=13  seq=40 
1341428422	ID:1	[PKT-RX] DATA bytes=13 from=9 seq=40
1342324656	ID:15	[PKT-TX] DATA bytes=14  seq=40 
1342551866	ID:1	[PKT-RX] DATA bytes=14 from=15 seq=40
1343714004	ID:19	[PKT-TX] DATA bytes=14  seq=40 
1343730932	ID:1	[PKT-RX] DATA bytes=14 from=19 seq=40
1343737485	ID:23	[ATK-FAKE-RANK]  true_rank=796 fake_rank=1258 t=11720s
1345009291	ID:11	[PKT-TX] DATA bytes=14  seq=40 
1345107186	ID:8	[PKT-TX] DATA bytes=13  seq=40 
1345359656	ID:1	[PKT-RX] DATA bytes=13 from=8 seq=40
1345687933	ID:8	[PKT-RTT] seq=40,rtt_delay_ms=289
1346176939	ID:1	[PKT-RX] DATA bytes=14 from=11 seq=40
1348536961	ID:20	[PKT-TX] DATA bytes=14  seq=40 
1348685472	ID:1	[PKT-RX] DATA bytes=14 from=20 seq=40
1348770817	ID:14	[PKT-TX] DATA bytes=14  seq=40 
1349424746	ID:10	[PKT-TX] DATA bytes=14  seq=40 
1349730315	ID:7	[HFS] ra=0 si=0 cx=49 ac=0
1349735112	ID:7	[LIST] Neighbors: 28,13,10,25,5,8
1349738749	ID:7	[LIST] Quarantine: (none)
1349742269	ID:7	[LIST] Blacklist: (none)
1349748363	ID:7	FUZZRID,DET,10,768,768,0,0,0,0,0,0,5,0,0,0
1349772801	ID:20	[HFS] ra=0 si=0 cx=49 ac=0
1349778157	ID:20	[LIST] Neighbors: 2,10,25,14,28,23,24
1349781806	ID:20	[LIST] Quarantine: (none)
1349785303	ID:20	[LIST] Blacklist: (none)
1349790086	ID:13	[HFS] ra=0 si=0 cx=49 ac=0
1349791397	ID:20	FUZZRID,DET,10,768,768,0,0,0,0,0,0,7,0,0,0
1349794877	ID:13	[LIST] Neighbors: 2,28,19,10,7,25
1349794955	ID:2	[HFS] ra=0 si=0 cx=49 ac=0
1349798514	ID:13	[LIST] Quarantine: (none)
1349800751	ID:2	[LIST] Neighbors: 28,19,27,13,10,3,20,23
1349802011	ID:13	[LIST] Blacklist: (none)
1349804388	ID:2	[LIST] Quarantine: (none)
1349807884	ID:2	[LIST] Blacklist: (none)
1349808105	ID:13	FUZZRID,DET,10,768,768,0,0,0,0,0,0,6,0,0,0
1349814139	ID:2	FUZZRID,DET,10,768,768,0,0,0,0,0,0,15,0,0,0
1349880629	ID:1	[PKT-RX] DATA bytes=14 from=10 seq=40
1349926932	ID:1	[PKT-RX] DATA bytes=14 from=14 seq=40
1350016236	ID:20	[PKT-RTT] seq=40,rtt_delay_ms=734
1351126461	ID:11	[PKT-TX] DATA bytes=14  seq=41 
1352051377	ID:1	[PKT-RX] DATA bytes=14 from=11 seq=41
1352308602	ID:2	[PKT-TX] DATA bytes=13  seq=41 
1352325096	ID:1	[PKT-RX] DATA bytes=13 from=2 seq=41
1352413303	ID:2	[PKT-RTT] seq=41,rtt_delay_ms=46
1352717300	ID:7	[PKT-TX] DATA bytes=13  seq=41 
1352859402	ID:1	[PKT-RX] DATA bytes=13 from=7 seq=41
1354462822	ID:31	[ATK-FAKE-RANK]  true_rank=1140 fake_rank=1169 t=11720s
1354553859	ID:22	[HFS] ra=67 si=71 cx=49 ac=71
1354557519	ID:17	[HFS] ra=67 si=71 cx=49 ac=71
1354559229	ID:22	[LIST] Neighbors: 24,16,9,29,31,26,18
1354561624	ID:17	[LIST] Neighbors: 21,27,3,31
1354562865	ID:22	[LIST] Quarantine: (none)
1354565261	ID:17	[LIST] Quarantine: (none)
1354565563	ID:16	[HFS] ra=69 si=71 cx=49 ac=72
1354566362	ID:22	[LIST] Blacklist: (none)
1354568758	ID:17	[LIST] Blacklist: (none)
1354569801	ID:16	[LIST] Neighbors: 31,26,22,18
1354573444	ID:16	[LIST] Quarantine: (none)
1354573809	ID:22	FUZZRID,DET,31,1169,1140,29,0,11,70,23,66,0,0,71,75
1354576191	ID:17	FUZZRID,DET,31,1169,1140,29,0,11,70,23,66,1,0,71,75
1354576941	ID:16	[LIST] Blacklist: (none)
1354584374	ID:16	FUZZRID,DET,31,1169,1140,29,0,10,70,22,66,2,0,72,75
1355103664	ID:3	[PKT-TX] DATA bytes=13  seq=41 
1355121922	ID:12	[PKT-TX] DATA bytes=14  seq=41 
1355154412	ID:1	[PKT-RX] DATA bytes=13 from=3 seq=41
1355207662	ID:4	[PKT-TX] DATA bytes=13  seq=41 
1355224451	ID:1	[PKT-RX] DATA bytes=13 from=4 seq=41
1355427670	ID:1	[PKT-RX] DATA bytes=14 from=12 seq=41
1355862433	ID:17	[PKT-TX] DATA bytes=14  seq=41 
1355904575	ID:1	[PKT-RX] DATA bytes=14 from=17 seq=41
1356249653	ID:22	[PKT-TX] DATA bytes=14  seq=41 
1356527422	ID:1	[PKT-RX] DATA bytes=14 from=22 seq=41
1357173185	ID:22	[PKT-RTT] seq=41,rtt_delay_ms=460
1358473029	ID:30	[ATK-FAKE-RANK]  true_rank=1325 fake_rank=1906 t=11720s
1358504860	ID:15	[HFS] ra=74 si=49 cx=49 ac=82
1358507522	ID:6	[HFS] ra=74 si=49 cx=49 ac=82
1358510497	ID:15	[LIST] Neighbors: 9,14,29,24,12,11,6,30
1358512490	ID:6	[LIST] Neighbors: 14,30,9,15,12,11
1358514133	ID:15	[LIST] Quarantine: (none)
1358516126	ID:6	[LIST] Quarantine: (none)
1358517630	ID:15	[LIST] Blacklist: (none)
1358519623	ID:6	[LIST] Blacklist: (none)
1358525353	ID:15	FUZZRID,DET,30,1906,1325,581,0,100,100,5,0,1,0,82,75
1358527451	ID:6	FUZZRID,DET,30,1906,1325,581,0,100,100,10,0,1,0,82,75
1358563408	ID:16	[HFS] ra=0 si=0 cx=49 ac=0
1358567645	ID:16	[LIST] Neighbors: 31,26,22,18
1358568018	ID:8	[HFS] ra=74 si=49 cx=49 ac=82
1358571282	ID:16	[LIST] Quarantine: (none)
1358571949	ID:8	[LIST] Neighbors: 7,25,5,30
1358574779	ID:16	[LIST] Blacklist: (none)
1358575586	ID:8	[LIST] Quarantine: (none)
1358579083	ID:8	[LIST] Blacklist: (none)
1358581260	ID:16	FUZZRID,DET,22,1470,1470,0,0,0,0,0,0,2,0,0,0
1358586941	ID:8	FUZZRID,DET,30,1906,1325,581,0,100,100,10,0,0,0,82,75
1359307523	ID:6	[PKT-TX] DATA bytes=13  seq=41 
1359551413	ID:1	[PKT-RX] DATA bytes=13 from=6 seq=41
1361700929	ID:8	[PKT-TX] DATA bytes=13  seq=41 
1361859699	ID:1	[PKT-RX] DATA bytes=13 from=8 seq=41
1362189942	ID:8	[PKT-RTT] seq=41,rtt_delay_ms=242
1363166624	ID:2	[HFS] ra=0 si=0 cx=49 ac=0
1363172420	ID:2	[LIST] Neighbors: 28,19,27,13,10,3,20,23
1363176057	ID:2	[LIST] Quarantine: (none)
1363179564	ID:2	[LIST] Blacklist: (none)
1363185659	ID:2	FUZZRID,DET,13,931,931,0,0,0,0,0,0,6,0,0,0
1363264371	ID:9	[PKT-TX] DATA bytes=13  seq=41 
1363428686	ID:1	[PKT-RX] DATA bytes=13 from=9 seq=41
1364559031	ID:15	[PKT-TX] DATA bytes=14  seq=41 
1364804092	ID:1	[PKT-RX] DATA bytes=14 from=15 seq=41
1365752764	ID:13	[PKT-TX] DATA bytes=14  seq=41 
1365881070	ID:1	[PKT-RX] DATA bytes=14 from=13 seq=41
1366043085	ID:2	[HFS] ra=0 si=0 cx=49 ac=0
1366048911	ID:2	[LIST] Neighbors: 28,19,27,13,10,3,20,23
1366052548	ID:2	[LIST] Quarantine: (none)
1366056044	ID:2	[LIST] Blacklist: (none)
1366062139	ID:2	FUZZRID,DET,19,512,512,0,0,0,0,0,0,3,0,0,0
1367355358	ID:5	[PKT-TX] DATA bytes=13  seq=41 
1367615176	ID:24	[ATK-FAKE-RANK]  true_rank=1148 fake_rank=1396 t=11720s
1368484832	ID:1	[PKT-RX] DATA bytes=13 from=5 seq=41
1369466137	ID:14	[PKT-TX] DATA bytes=14  seq=41 
1369552372	ID:1	[PKT-RX] DATA bytes=14 from=14 seq=41
1369882455	ID:5	[PKT-RTT] seq=41,rtt_delay_ms=1257
1370213642	ID:14	[PKT-RTT] seq=41,rtt_delay_ms=367
1371666926	ID:10	[PKT-TX] DATA bytes=14  seq=41 
1371753462	ID:1	[PKT-RX] DATA bytes=14 from=10 seq=41
1371885887	ID:19	[PKT-TX] DATA bytes=14  seq=41 
1371902529	ID:1	[PKT-RX] DATA bytes=14 from=19 seq=41
1373215380	ID:21	[PKT-TX] DATA bytes=14  seq=41 
1373232222	ID:1	[PKT-RX] DATA bytes=14 from=21 seq=41
1373259641	ID:16	[PKT-TX] DATA bytes=14  seq=41 
1373528427	ID:1	[PKT-RX] DATA bytes=14 from=16 seq=41
1374059275	ID:16	[PKT-RTT] seq=41,rtt_delay_ms=398
1375771344	ID:20	[PKT-TX] DATA bytes=14  seq=41 
1375815890	ID:18	[PKT-TX] DATA bytes=14  seq=41 
1375926450	ID:1	[PKT-RX] DATA bytes=14 from=20 seq=41
1376154295	ID:1	[PKT-RX] DATA bytes=14 from=18 seq=41
1376393191	ID:20	[PKT-RTT] seq=41,rtt_delay_ms=304
1380160338	ID:5	 176643 P 0.0 22 742703 44475379 195845 416912 0 333068 27827 1938168 6349 17372 0 14215 (radio 1.-60% / 1.20% tx 0.43% / 0.32% listen 0.92% / 0.88%)
1380270582	ID:12	 176643 P 0.0 22 950449 44265108 245077 447327 0 334800 32626 1933186 7355 16934 0 13443 (radio 1.-42% / 1.23% tx 0.54% / 0.37% listen 0.03% / 0.86%)
1380301402	ID:4	 176643 P 0.0 22 670630 44547119 120132 408011 0 353630 20280 1945785 136 15230 0 14734 (radio 1.-79% / 0.78% tx 0.26% / 0.00% listen 0.90% / 0.77%)
1380360664	ID:3	 176643 P 0.0 22 1121685 44095783 332970 500718 0 358681 70740 1895202 25848 28238 0 14223 (radio 1.-11% / 2.75% tx 0.73% / 1.31% listen 1.-85% / 1.43%)
1380419010	ID:21	 176643 P 0.0 22 879239 44336477 178145 482123 0 364255 53546 1912474 14145 25512 0 14326 (radio 1.-49% / 2.01% tx 0.39% / 0.71% listen 1.-89% / 1.29%)
1380463679	ID:16	 176643 P 0.0 22 1013286 44204661 330926 466068 0 316356 43447 1922570 12330 21861 0 15327 (radio 1.-19% / 1.73% tx 0.73% / 0.62% listen 1.-92% / 1.11%)
1380515627	ID:9	 176643 P 0.0 22 1482902 43735038 479292 649608 0 432234 59595 1906396 19728 27703 0 18030 (radio 2.-141% / 2.41% tx 1.-89% / 1.00% listen 1.-52% / 1.40%)
1380596913	ID:1	 176645 P 0.0 22 2739629 42477872 1154927 44062271 0 0 112134 1853875 47214 1918669 0 0 (radio 5.-474% / 99.-8640% tx 2.-135% / 2.40% listen 2.-144% / 97.-8680%)
1380632124	ID:7	 176643 P 0.0 22 1789388 43428206 721197 657987 0 322121 74554 1891511 29320 28572 0 14144 (radio 3.-280% / 2.94% tx 1.-36% / 1.49% listen 1.-50% / 1.45%)
1380659115	ID:6	 176643 P 0.0 22 1155535 44062420 308380 490473 0 369337 42096 1923921 9292 21753 0 16499 (radio 1.-19% / 1.57% tx 0.68% / 0.47% listen 1.-87% / 1.10%)
1380671235	ID:20	 176643 P 0.0 22 2472178 42745518 1028518 864038 0 359824 79723 1886318 28723 31540 0 16392 (radio 4.-362% / 3.06% tx 2.-163% / 1.46% listen 1.-99% / 1.60%)
1380692446	ID:2	 176643 P 0.0 22 2128412 43087824 581519 836250 0 425784 87128 1878893 20161 34806 0 17623 (radio 3.-272% / 2.79% tx 1.-67% / 1.02% listen 1.-11% / 1.77%)
1380702512	ID:22	 176643 P 0.0 22 1281801 43936180 354304 575554 0 411955 49860 1916135 11754 24737 0 18960 (radio 2.-185% / 1.85% tx 0.78% / 0.59% listen 1.-68% / 1.25%)
1380777998	ID:15	 176643 P 0.0 22 1637807 43579951 534710 649424 0 400216 55293 1910478 15530 25278 0 17070 (radio 2.-129% / 2.07% tx 1.-77% / 0.79% listen 1.-52% / 1.28%)
1380893999	ID:19	 176643 P 0.0 22 912340 44305693 112462 511059 0 433355 38879 1927108 3578 21948 0 17606 (radio 1.-58% / 1.29% tx 0.24% / 0.18% listen 1.-82% / 1.11%)
1380940719	ID:13	 176643 P 0.0 22 1229608 43988046 377224 536235 0 374849 46192 1919818 11773 22542 0 16532 (radio 2.-188% / 1.74% tx 0.83% / 0.59% listen 1.-77% / 1.14%)
1380956396	ID:17	 176643 P 0.0 22 785432 44432305 190779 434311 0 350266 26077 1939989 2691 17736 0 16387 (radio 1.-57% / 1.03% tx 0.42% / 0.13% listen 0.01% / 0.90%)
1380993575	ID:11	 176643 P 0.0 22 761166 44456929 205536 400799 0 313351 28954 1937112 7658 16720 0 13306 (radio 1.-61% / 1.23% tx 0.45% / 0.38% listen 0.88% / 0.85%)
1381026072	ID:18	 176643 P 0.0 22 880428 44337337 251364 429203 0 330423 31832 1934210 7520 17431 0 14006 (radio 1.-45% / 1.26% tx 0.55% / 0.38% listen 0.94% / 0.88%)
1381064117	ID:10	 176643 P 0.0 22 1223393 43994908 300190 640741 0 502997 60443 1905570 19468 29058 0 21828 (radio 2.-182% / 2.46% tx 0.66% / 0.99% listen 1.-54% / 1.47%)
1381091841	ID:8	 176643 P 0.0 22 922382 44295803 244176 447199 0 336625 31036 1934812 5437 17125 0 14345 (radio 1.-43% / 1.14% tx 0.53% / 0.27% listen 0.03% / 0.87%)
1381115578	ID:14	 176643 P 0.0 22 1474874 43743338 434377 659512 0 436043 65773 1900278 22571 29815 0 17511 (radio 2.-149% / 2.66% tx 0.01% / 1.14% listen 1.-50% / 1.51%)
1382767456	ID:16	[PKT-TX] DATA bytes=14  seq=42 
1383030533	ID:1	[PKT-RX] DATA bytes=14 from=16 seq=42
1383310740	ID:16	[PKT-RTT] seq=42,rtt_delay_ms=265
1383507924	ID:6	[HFS] ra=0 si=0 cx=49 ac=0
1383512867	ID:6	[LIST] Neighbors: 14,30,9,15,12,11
1383516504	ID:6	[LIST] Quarantine: (none)
1383520003	ID:6	[LIST] Blacklist: (none)
1383526458	ID:6	FUZZRID,DET,11,1889,1889,0,0,0,0,0,0,2,0,0,0
1383711279	ID:3	[HFS] ra=0 si=0 cx=49 ac=0
1383716210	ID:3	[LIST] Neighbors: 2,23,17,31,27,21
1383719847	ID:3	[LIST] Quarantine: (none)
1383723365	ID:3	[LIST] Blacklist: (none)
1383729457	ID:3	FUZZRID,DET,17,888,888,0,0,0,0,0,0,2,0,0,0
1385416164	ID:3	[PKT-TX] DATA bytes=13  seq=42 
1385528101	ID:1	[PKT-RX] DATA bytes=13 from=3 seq=42
1388420621	ID:9	[PKT-TX] DATA bytes=13  seq=42 
1388552697	ID:1	[PKT-RX] DATA bytes=13 from=9 seq=42
1388708996	ID:7	[PKT-TX] DATA bytes=13  seq=42 
1388859348	ID:1	[PKT-RX] DATA bytes=13 from=7 seq=42
1390597546	ID:5	[PKT-TX] DATA bytes=13  seq=42 
1390858344	ID:1	[PKT-RX] DATA bytes=13 from=5 seq=42
1391132876	ID:5	[PKT-RTT] seq=42,rtt_delay_ms=265
1391240301	ID:12	[PKT-TX] DATA bytes=14  seq=42 
1391551445	ID:1	[PKT-RX] DATA bytes=14 from=12 seq=42
1393616817	ID:22	[PKT-TX] DATA bytes=14  seq=42 
1393779613	ID:1	[PKT-RX] DATA bytes=14 from=22 seq=42
1394424745	ID:22	[PKT-RTT] seq=42,rtt_delay_ms=398
1394665846	ID:26	[ATK-FAKE-RANK]  true_rank=1497 fake_rank=1524 t=11720s
1394966182	ID:30	[ATK-FAKE-RANK]  true_rank=1325 fake_rank=1926 t=11720s
1395091170	ID:15	[PKT-TX] DATA bytes=14  seq=42 
1395251764	ID:18	[HFS] ra=74 si=0 cx=49 ac=95
1395256000	ID:18	[LIST] Neighbors: 26,22,29,16
1395259637	ID:18	[LIST] Quarantine: (none)
1395263134	ID:18	[LIST] Blacklist: (none)
1395270643	ID:18	FUZZRID,DET,26,1524,1497,27,0,9,100,12,0,3,0,95,100
1395495912	ID:6	[PKT-TX] DATA bytes=13  seq=42 
1395591129	ID:14	[PKT-TX] DATA bytes=14  seq=42 
1396287569	ID:27	[ATK-FAKE-RANK]  true_rank=512 fake_rank=772 t=11720s
1396300963	ID:1	[PKT-RX] DATA bytes=14 from=15 seq=42
1396494399	ID:19	[HFS] ra=74 si=49 cx=49 ac=82
1396499187	ID:19	[LIST] Neighbors: 2,28,27,4,13,10
1396502823	ID:19	[LIST] Quarantine: (none)
1396506320	ID:19	[LIST] Blacklist: (none)
1396513809	ID:19	FUZZRID,DET,27,772,512,260,0,100,100,15,0,0,0,82,75
1396552688	ID:1	[PKT-RX] DATA bytes=14 from=14 seq=42
1396800892	ID:1	[PKT-RX] DATA bytes=13 from=6 seq=42
1397144591	ID:20	[HFS] ra=0 si=0 cx=49 ac=0
1397149946	ID:20	[LIST] Neighbors: 2,10,25,14,28,23,24
1397153583	ID:20	[LIST] Quarantine: (none)
1397157085	ID:20	[LIST] Blacklist: (none)
1397163180	ID:20	FUZZRID,DET,10,787,787,0,0,0,0,0,0,7,0,0,0
1397463457	ID:14	[PKT-RTT] seq=42,rtt_delay_ms=929
1398424511	ID:25	[ATK-FAKE-RANK]  true_rank=1033 fake_rank=1676 t=11720s
1398862239	ID:10	[PKT-TX] DATA bytes=14  seq=42 
1399005120	ID:1	[PKT-RX] DATA bytes=14 from=10 seq=42
1399294543	ID:2	[HFS] ra=0 si=0 cx=49 ac=0
1399300338	ID:2	[LIST] Neighbors: 28,19,27,13,10,3,20,23
1399304005	ID:2	[LIST] Quarantine: (none)
1399307502	ID:2	[LIST] Blacklist: (none)
1399313735	ID:2	FUZZRID,DET,10,785,785,0,0,0,0,0,0,15,0,0,0
1399358235	ID:7	[HFS] ra=0 si=0 cx=49 ac=0
1399363032	ID:7	[LIST] Neighbors: 28,13,10,25,5,8
1399366669	ID:7	[LIST] Quarantine: (none)
1399370165	ID:7	[LIST] Blacklist: (none)
1399371641	ID:19	[HFS] ra=0 si=0 cx=49 ac=0
1399376260	ID:7	FUZZRID,DET,10,785,785,0,0,0,0,0,0,5,0,0,0
1399376424	ID:19	[LIST] Neighbors: 2,28,27,4,13,10
1399380061	ID:19	[LIST] Quarantine: (none)
1399383557	ID:19	[LIST] Blacklist: (none)
1399389652	ID:19	FUZZRID,DET,10,785,785,0,0,0,0,0,0,4,0,0,0
1399396433	ID:20	[HFS] ra=0 si=0 cx=49 ac=0
1399401789	ID:20	[LIST] Neighbors: 2,10,25,14,28,23,24
1399405425	ID:20	[LIST] Quarantine: (none)
1399408922	ID:20	[LIST] Blacklist: (none)
1399415038	ID:20	FUZZRID,DET,10,785,785,0,0,0,0,0,0,7,0,0,0
1400580882	ID:13	[PKT-TX] DATA bytes=14  seq=42 
1400628799	ID:1	[PKT-RX] DATA bytes=14 from=13 seq=42
1402386421	ID:19	[PKT-TX] DATA bytes=14  seq=42 
1402403112	ID:1	[PKT-RX] DATA bytes=14 from=19 seq=42
1402535397	ID:2	[PKT-TX] DATA bytes=13  seq=42 
1402551933	ID:1	[PKT-RX] DATA bytes=13 from=2 seq=42
1404270125	ID:29	[ATK-FAKE-RANK]  true_rank=1809 fake_rank=2111 t=11720s
1404626723	ID:18	[HFS] ra=74 si=49 cx=49 ac=82
1404630984	ID:18	[LIST] Neighbors: 26,22,29,16
1404634621	ID:18	[LIST] Quarantine: (none)
1404638118	ID:18	[LIST] Blacklist: (none)
1404645945	ID:18	FUZZRID,DET,29,2111,1809,302,0,100,100,19,0,7,0,82,75
1405183695	ID:18	[PKT-TX] DATA bytes=14  seq=42 
1405223219	ID:21	[PKT-TX] DATA bytes=14  seq=42 
1405231100	ID:4	[PKT-TX] DATA bytes=13  seq=42 
1405240064	ID:1	[PKT-RX] DATA bytes=14 from=21 seq=42
1405405684	ID:1	[PKT-RX] DATA bytes=13 from=4 seq=42
1405531349	ID:1	[PKT-RX] DATA bytes=14 from=18 seq=42
1405556565	ID:31	[ATK-FAKE-RANK]  true_rank=1083 fake_rank=1189 t=11720s
1405563985	ID:11	[PKT-TX] DATA bytes=14  seq=42 
1405587486	ID:3	[HFS] ra=74 si=56 cx=49 ac=82
1405592416	ID:3	[LIST] Neighbors: 2,23,17,31,27,21
1405596053	ID:3	[LIST] Quarantine: (none)
1405599550	ID:3	[LIST] Blacklist: (none)
1405607195	ID:3	FUZZRID,DET,31,1189,1083,106,0,37,99,26,66,5,0,82,75
1405661866	ID:8	[PKT-TX] DATA bytes=13  seq=42 
1405689208	ID:16	[HFS] ra=72 si=56 cx=49 ac=77
1405693469	ID:16	[LIST] Neighbors: 31,26,22,18
1405697106	ID:16	[LIST] Quarantine: (none)
1405700603	ID:16	[LIST] Blacklist: (none)
1405708245	ID:16	FUZZRID,DET,31,1189,1083,106,0,40,70,19,66,1,0,77,75
1405858802	ID:1	[PKT-RX] DATA bytes=13 from=8 seq=42
1405885886	ID:17	[PKT-TX] DATA bytes=14  seq=42 
1406028714	ID:1	[PKT-RX] DATA bytes=14 from=17 seq=42
1406051739	ID:1	[PKT-RX] DATA bytes=14 from=11 seq=42
1406224461	ID:20	[PKT-TX] DATA bytes=14  seq=42 
1407383973	ID:6	[HFS] ra=0 si=0 cx=49 ac=0
1407388917	ID:6	[LIST] Neighbors: 14,30,9,15,12,11
1407392554	ID:6	[LIST] Quarantine: (none)
1407396051	ID:6	[LIST] Blacklist: (none)
1407402535	ID:6	FUZZRID,DET,12,1675,1675,0,0,0,0,0,0,2,0,0,0
1408055017	ID:17	[PKT-RTT] seq=42,rtt_delay_ms=1078
1408065039	ID:8	[PKT-RTT] seq=42,rtt_delay_ms=1195
1408451156	ID:1	[PKT-RX] DATA bytes=14 from=20 seq=42
1408641842	ID:20	[PKT-RTT] seq=42,rtt_delay_ms=1203
1408721662	ID:31	[ATK-FAKE-RANK]  true_rank=1077 fake_rank=1209 t=11720s
1409256069	ID:15	[HFS] ra=0 si=0 cx=49 ac=0
1409261705	ID:15	[LIST] Neighbors: 9,14,29,24,12,11,6,30
1409265342	ID:15	[LIST] Quarantine: (none)
1409268839	ID:15	[LIST] Blacklist: (none)
1409275174	ID:15	FUZZRID,DET,6,1678,1678,0,0,0,0,0,0,3,0,0,0
1411449220	ID:2	[PKT-TX] DATA bytes=13  seq=43 
1411465755	ID:1	[PKT-RX] DATA bytes=13 from=2 seq=43
1412165548	ID:23	[ATK-FAKE-RANK]  true_rank=796 fake_rank=1278 t=11720s
1412213079	ID:3	[HFS] ra=74 si=49 cx=49 ac=82
1412218009	ID:3	[LIST] Neighbors: 2,23,17,31,27,21
1412221646	ID:3	[LIST] Quarantine: (none)
1412225142	ID:3	[LIST] Blacklist: (none)
1412232824	ID:3	FUZZRID,DET,23,1278,796,482,0,100,100,35,0,3,0,82,55
1412273949	ID:20	[HFS] ra=74 si=49 cx=49 ac=82
1412279305	ID:20	[LIST] Neighbors: 2,10,25,14,28,23,24
1412282942	ID:20	[LIST] Quarantine: (none)
1412286439	ID:20	[LIST] Blacklist: (none)
1412291197	ID:10	[HFS] ra=74 si=49 cx=49 ac=82
1412294087	ID:20	FUZZRID,DET,23,1278,796,482,0,100,100,21,0,3,0,82,55
1412296040	ID:2	[HFS] ra=74 si=49 cx=49 ac=82
1412296833	ID:10	[LIST] Neighbors: 2,28,13,7,25,20,23,19
1412300490	ID:10	[LIST] Quarantine: (none)
1412301836	ID:2	[LIST] Neighbors: 28,19,27,13,10,3,20,23
1412303986	ID:10	[LIST] Blacklist: (none)
1412305473	ID:2	[LIST] Quarantine: (none)
1412308969	ID:2	[LIST] Blacklist: (none)
1412311634	ID:10	FUZZRID,DET,23,1278,796,482,0,100,100,12,0,1,0,82,55
1412316617	ID:2	FUZZRID,DET,23,1278,796,482,0,100,100,34,0,4,0,82,55
1412877672	ID:15	[HFS] ra=0 si=0 cx=49 ac=0
1412883311	ID:15	[LIST] Neighbors: 9,14,29,24,12,11,6,30
1412886948	ID:15	[LIST] Quarantine: (none)
1412890444	ID:15	[LIST] Blacklist: (none)
1412897038	ID:15	FUZZRID,DET,14,1121,1121,0,0,0,0,0,0,11,0,0,0
1416381162	ID:20	[PKT-TX] DATA bytes=14  seq=43 
1416426833	ID:1	[PKT-RX] DATA bytes=14 from=20 seq=43
1416646909	ID:20	[PKT-RTT] seq=43,rtt_delay_ms=132
1417340672	ID:12	[PKT-TX] DATA bytes=14  seq=43 
1417551528	ID:1	[PKT-RX] DATA bytes=14 from=12 seq=43
1418901504	ID:19	[PKT-TX] DATA bytes=14  seq=43 
1418918436	ID:1	[PKT-RX] DATA bytes=14 from=19 seq=43
1421411449	ID:14	[PKT-TX] DATA bytes=14  seq=43 
1421553977	ID:1	[PKT-RX] DATA bytes=14 from=14 seq=43
1421946834	ID:11	[PKT-TX] DATA bytes=14  seq=43 
1422276797	ID:10	[PKT-TX] DATA bytes=14  seq=43 
1422504523	ID:1	[PKT-RX] DATA bytes=14 from=10 seq=43
1422711405	ID:14	[PKT-RTT] seq=43,rtt_delay_ms=648
1422900553	ID:3	[PKT-TX] DATA bytes=13  seq=43 
1423029194	ID:1	[PKT-RX] DATA bytes=13 from=3 seq=43
1423162230	ID:1	[PKT-RX] DATA bytes=14 from=11 seq=43
1423346507	ID:13	[PKT-TX] DATA bytes=14  seq=43 
1423379657	ID:1	[PKT-RX] DATA bytes=14 from=13 seq=43
1423840924	ID:11	[PKT-RTT] seq=43,rtt_delay_ms=945
1423915505	ID:10	[HFS] ra=0 si=0 cx=49 ac=0
1423920073	ID:2	[HFS] ra=0 si=0 cx=49 ac=0
1423921141	ID:10	[LIST] Neighbors: 2,28,13,7,25,20,23,19
1423924790	ID:10	[LIST] Quarantine: (none)
1423925868	ID:2	[LIST] Neighbors: 28,19,27,13,10,3,20,23
1423928287	ID:10	[LIST] Blacklist: (none)
1423929505	ID:2	[LIST] Quarantine: (none)
1423933002	ID:2	[LIST] Blacklist: (none)
1423934382	ID:10	FUZZRID,DET,20,786,786,0,0,0,0,0,0,3,0,0,0
1423939235	ID:2	FUZZRID,DET,20,786,786,0,0,0,0,0,0,10,0,0,0
1423965830	ID:14	[HFS] ra=0 si=0 cx=49 ac=0
1423971053	ID:14	[LIST] Neighbors: 20,25,30,24,9,6,15
1423974690	ID:14	[LIST] Quarantine: (none)
1423978187	ID:14	[LIST] Blacklist: (none)
1423984283	ID:14	FUZZRID,DET,20,786,786,0,0,0,0,0,0,6,0,0,0
1425686168	ID:8	[PKT-TX] DATA bytes=13  seq=43 
1425859408	ID:1	[PKT-RX] DATA bytes=13 from=8 seq=43
1426188981	ID:8	[PKT-RTT] seq=43,rtt_delay_ms=250
1426827753	ID:22	[PKT-TX] DATA bytes=14  seq=43 
1427028939	ID:1	[PKT-RX] DATA bytes=14 from=22 seq=43
1428020317	ID:21	[HFS] ra=0 si=0 cx=49 ac=0
1428024248	ID:21	[LIST] Neighbors: 4,27,3,17
1428027884	ID:21	[LIST] Quarantine: (none)
1428031381	ID:21	[LIST] Blacklist: (none)
1428037337	ID:21	FUZZRID,DET,4,512,512,0,0,0,0,0,0,0,0,0,0
1428174442	ID:22	[PKT-RTT] seq=43,rtt_delay_ms=671
1428599742	ID:24	[ATK-FAKE-RANK]  true_rank=1093 fake_rank=1416 t=11720s
1428679968	ID:22	[HFS] ra=74 si=49 cx=49 ac=82
1428685338	ID:22	[LIST] Neighbors: 24,16,9,29,31,26,18
1428688975	ID:22	[LIST] Quarantine: (none)
1428692472	ID:22	[LIST] Blacklist: (none)
1428700332	ID:22	FUZZRID,DET,24,1416,1093,323,0,100,100,58,0,1,0,82,75
1429873753	ID:9	[PKT-TX] DATA bytes=13  seq=43 
1430052492	ID:1	[PKT-RX] DATA bytes=13 from=9 seq=43
1430276273	ID:6	[PKT-TX] DATA bytes=13  seq=43 
1430611870	ID:9	[PKT-RTT] seq=43,rtt_delay_ms=367
1430887893	ID:4	[PKT-TX] DATA bytes=13  seq=43 
1430905229	ID:1	[PKT-RX] DATA bytes=13 from=4 seq=43
1430926793	ID:1	[PKT-RX] DATA bytes=13 from=6 seq=43
1431126239	ID:18	[HFS] ra=0 si=0 cx=49 ac=0
1431130475	ID:18	[LIST] Neighbors: 26,22,29,16
1431134112	ID:18	[LIST] Quarantine: (none)
1431137638	ID:18	[LIST] Blacklist: (none)
1431144093	ID:18	FUZZRID,DET,22,1478,1478,0,0,0,0,0,0,4,0,0,0
1432154308	ID:7	[PKT-TX] DATA bytes=13  seq=43 
1432234348	ID:1	[PKT-RX] DATA bytes=13 from=7 seq=43
1432488706	ID:18	[PKT-TX] DATA bytes=14  seq=43 
1432779961	ID:1	[PKT-RX] DATA bytes=14 from=18 seq=43
1433125558	ID:18	[PKT-RTT] seq=43,rtt_delay_ms=312
1433840973	ID:14	[HFS] ra=0 si=0 cx=49 ac=0
1433843804	ID:11	[HFS] ra=0 si=0 cx=49 ac=0
1433846196	ID:14	[LIST] Neighbors: 20,25,30,24,9,6,15
1433847454	ID:11	[LIST] Neighbors: 6,15,12
1433849833	ID:14	[LIST] Quarantine: (none)
1433851091	ID:11	[LIST] Quarantine: (none)
1433853330	ID:14	[LIST] Blacklist: (none)
1433854590	ID:11	[LIST] Blacklist: (none)
1433859660	ID:14	FUZZRID,DET,6,1697,1697,0,0,0,0,0,0,1,0,0,0
1433860904	ID:11	FUZZRID,DET,6,1697,1697,0,0,0,0,0,0,5,0,0,0
1433865796	ID:9	[HFS] ra=0 si=0 cx=49 ac=0
1433870345	ID:12	[HFS] ra=0 si=0 cx=49 ac=0
1433871165	ID:9	[LIST] Neighbors: 14,24,6,12,29,15,22
1433874702	ID:12	[LIST] Neighbors: 9,29,15,11,6
1433874802	ID:9	[LIST] Quarantine: (none)
1433878299	ID:9	[LIST] Blacklist: (none)
1433878339	ID:12	[LIST] Quarantine: (none)
1433879348	ID:15	[HFS] ra=0 si=0 cx=49 ac=0
1433881835	ID:12	[LIST] Blacklist: (none)
1433884614	ID:9	FUZZRID,DET,6,1697,1697,0,0,0,0,0,0,5,0,0,0
1433884989	ID:15	[LIST] Neighbors: 9,14,29,24,12,11,6,30
1433888150	ID:12	FUZZRID,DET,6,1697,1697,0,0,0,0,0,0,1,0,0,0
1433888626	ID:15	[LIST] Quarantine: (none)
1433892123	ID:15	[LIST] Blacklist: (none)
1433898437	ID:15	FUZZRID,DET,6,1697,1697,0,0,0,0,0,0,3,0,0,0
1434956184	ID:17	[PKT-TX] DATA bytes=14  seq=43 
1435028202	ID:1	[PKT-RX] DATA bytes=14 from=17 seq=43
1435262156	ID:15	[PKT-TX] DATA bytes=14  seq=43 
1435402940	ID:21	[PKT-TX] DATA bytes=14  seq=43 
1435419577	ID:1	[PKT-RX] DATA bytes=14 from=21 seq=43
1435514462	ID:21	[PKT-RTT] seq=43,rtt_delay_ms=54
1435677024	ID:1	[PKT-RX] DATA bytes=14 from=15 seq=43
1435838341	ID:16	[PKT-TX] DATA bytes=14  seq=43 
1436152612	ID:1	[PKT-RX] DATA bytes=14 from=16 seq=43
1437775551	ID:4	[HFS] ra=0 si=0 cx=49 ac=0
1437779361	ID:4	[LIST] Neighbors: 21,19,27
1437782998	ID:4	[LIST] Quarantine: (none)
1437786494	ID:4	[LIST] Blacklist: (none)
1437792588	ID:4	FUZZRID,DET,21,512,512,0,0,0,0,0,0,0,0,0,0
1439925671	ID:5	[PKT-TX] DATA bytes=13  seq=43 
1440107836	ID:1	[PKT-RX] DATA bytes=13 from=5 seq=43
1440160334	ID:5	 184323 P 0.0 23 771959 46412134 203469 434045 0 347057 29255 1936755 7624 17133 0 13989 (radio 1.-56% / 1.25% tx 0.43% / 0.38% listen 0.00% / 0.87%)
1440270577	ID:12	 184323 P 0.0 23 979112 46202363 249073 464087 0 349631 28661 1937255 3996 16760 0 14831 (radio 1.-40% / 1.05% tx 0.52% / 0.20% listen 0.07% / 0.85%)
1440301717	ID:4	 184323 P 0.0 23 695775 46488046 122254 424727 0 369144 25143 1940927 2122 16716 0 15514 (radio 1.-76% / 0.95% tx 0.25% / 0.10% listen 0.90% / 0.85%)
1440360681	ID:3	 184323 P 0.0 23 1193353 45990052 358567 529339 0 373260 71667 1894269 25597 28621 0 14579 (radio 1.-94% / 2.75% tx 0.75% / 1.30% listen 1.-79% / 1.45%)
1440419024	ID:21	 184323 P 0.0 23 937090 46244648 194302 509384 0 379779 57850 1908171 16157 27261 0 15524 (radio 1.-42% / 2.20% tx 0.41% / 0.82% listen 1.-84% / 1.38%)
1440463651	ID:16	 184323 P 0.0 23 1056202 46127609 344431 487690 0 331243 42914 1922948 13505 21622 0 14887 (radio 1.-15% / 1.78% tx 0.72% / 0.68% listen 1.-88% / 1.09%)
1440515615	ID:9	 184323 P 0.0 23 1535379 45648524 493777 676128 0 451215 52476 1913486 14485 26520 0 18981 (radio 2.-135% / 2.08% tx 1.-87% / 0.73% listen 1.-48% / 1.34%)
1440596915	ID:1	 184325 P 0.0 23 2857367 44326160 1207184 45975875 0 0 117736 1848288 52257 1913603 0 0 (radio 8.-723% / 99.-8640% tx 2.-127% / 2.65% listen 6.-596% / 97.-8706%)
1440632126	ID:7	 184323 P 0.0 23 1856534 45327011 746944 684388 0 336401 67144 1898805 25747 26401 0 14280 (radio 3.-270% / 2.65% tx 1.-33% / 1.30% listen 1.-46% / 1.34%)
1440659409	ID:6	 184323 P 0.0 23 1205318 45978607 322053 512619 0 385839 49781 1916187 13673 22146 0 16502 (radio 1.-15% / 1.82% tx 0.68% / 0.69% listen 1.-83% / 1.12%)
1440671699	ID:20	 184323 P 0.0 23 2551845 44631841 1052072 895610 0 376318 79666 1886323 23554 31572 0 16494 (radio 4.-352% / 2.80% tx 2.-160% / 1.19% listen 1.-93% / 1.60%)
1440692740	ID:2	 184323 P 0.0 23 2228673 44953523 611910 872851 0 443036 100259 1865699 30391 36601 0 17252 (radio 3.-259% / 3.40% tx 1.-62% / 1.54% listen 1.-98% / 1.86%)
1440702511	ID:22	 184323 P 0.0 23 1327146 45856801 364435 597538 0 428955 45343 1920621 10131 21984 0 17000 (radio 2.-179% / 1.63% tx 0.77% / 0.51% listen 1.-65% / 1.11%)
1440778004	ID:15	 184323 P 0.0 23 1714976 45468703 562797 680022 0 416942 77167 1888752 28087 30598 0 16726 (radio 2.-119% / 2.98% tx 1.-72% / 1.42% listen 1.-47% / 1.55%)
1440894007	ID:19	 184323 P 0.0 23 951292 46232744 115174 533223 0 451889 38951 1927051 2712 22164 0 18534 (radio 1.-54% / 1.26% tx 0.24% / 0.13% listen 1.-79% / 1.12%)
1440940254	ID:13	 184323 P 0.0 23 1262231 45921455 381606 555316 0 391800 32622 1933409 4382 19081 0 16951 (radio 1.-84% / 1.19% tx 0.80% / 0.22% listen 1.-74% / 0.97%)
1440956418	ID:17	 184323 P 0.0 23 816124 46367604 197725 454095 0 366944 30690 1935299 6946 19784 0 16678 (radio 1.-53% / 1.35% tx 0.41% / 0.35% listen 0.05% / 1.00%)
1440993590	ID:11	 184323 P 0.0 23 794848 46389241 214544 419160 0 326899 33680 1932312 9008 18361 0 13548 (radio 1.-57% / 1.39% tx 0.45% / 0.45% listen 0.88% / 0.93%)
1441026049	ID:18	 184323 P 0.0 23 913252 46270552 256852 446799 0 344530 32823 1933215 5488 17596 0 14107 (radio 1.-42% / 1.17% tx 0.54% / 0.27% listen 0.03% / 0.89%)
1441064075	ID:10	 184323 P 0.0 23 1297714 45886608 328357 672744 0 523728 74320 1891700 28167 32003 0 20731 (radio 2.-170% / 3.06% tx 0.69% / 1.43% listen 1.-49% / 1.62%)
1441091804	ID:8	 184323 P 0.0 23 946915 46237088 246080 463365 0 351403 24531 1941285 1904 16166 0 14778 (radio 1.-41% / 0.91% tx 0.52% / 0.09% listen 0.07% / 0.82%)
1441097432	ID:6	[PKT-TX] DATA bytes=13  seq=44 
1441104614	ID:17	[PKT-TX] DATA bytes=14  seq=44 
1441115595	ID:14	 184323 P 0.0 23 1555045 45629174 464258 690942 0 451797 80170 1885836 29881 31430 0 15754 (radio 2.-138% / 3.11% tx 0.07% / 1.51% listen 1.-45% / 1.59%)
1441155757	ID:1	[PKT-RX] DATA bytes=14 from=17 seq=44
1441426513	ID:1	[PKT-RX] DATA bytes=13 from=6 seq=44
1441444933	ID:22	[PKT-TX] DATA bytes=14  seq=44 
1441654841	ID:1	[PKT-RX] DATA bytes=14 from=22 seq=44
1441696783	ID:11	[PKT-TX] DATA bytes=14  seq=44 
1441927421	ID:1	[PKT-RX] DATA bytes=14 from=11 seq=44
1442098942	ID:14	[PKT-TX] DATA bytes=14  seq=44 
1442175855	ID:1	[PKT-RX] DATA bytes=14 from=14 seq=44
1442842300	ID:7	[PKT-TX] DATA bytes=13  seq=44 
1442984258	ID:1	[PKT-RX] DATA bytes=13 from=7 seq=44
1443049632	ID:13	[PKT-TX] DATA bytes=14  seq=44 
1443629769	ID:1	[PKT-RX] DATA bytes=14 from=13 seq=44
1443988364	ID:29	[ATK-FAKE-RANK]  true_rank=1809 fake_rank=2131 t=11720s
1444053632	ID:22	[HFS] ra=74 si=49 cx=49 ac=82
1444059002	ID:22	[LIST] Neighbors: 24,16,9,29,31,26,18
1444062642	ID:22	[LIST] Quarantine: (none)
1444066139	ID:22	[LIST] Blacklist: (none)
1444073965	ID:22	FUZZRID,DET,29,2131,1809,322,0,100,100,27,0,9,0,82,75
1444114094	ID:9	[HFS] ra=74 si=49 cx=49 ac=82
1444119497	ID:9	[LIST] Neighbors: 14,24,6,12,29,15,22
1444121343	ID:12	[HFS] ra=74 si=49 cx=49 ac=82
1444123134	ID:9	[LIST] Quarantine: (none)
1444125700	ID:12	[LIST] Neighbors: 9,29,15,11,6
1444126631	ID:9	[LIST] Blacklist: (none)
1444129337	ID:12	[LIST] Quarantine: (none)
1444130700	ID:15	[HFS] ra=74 si=49 cx=49 ac=82
1444132834	ID:12	[LIST] Blacklist: (none)
1444134596	ID:9	FUZZRID,DET,29,2131,1809,322,0,100,100,25,0,13,0,82,75
1444136337	ID:15	[LIST] Neighbors: 9,14,29,24,12,11,6,30
1444139973	ID:15	[LIST] Quarantine: (none)
1444140690	ID:12	FUZZRID,DET,29,2131,1809,322,0,100,100,14,0,7,0,82,75
1444143470	ID:15	[LIST] Blacklist: (none)
1444151434	ID:15	FUZZRID,DET,29,2131,1809,322,0,100,100,17,0,13,0,82,75
1445130127	ID:15	[HFS] ra=0 si=0 cx=49 ac=0
1445135763	ID:15	[LIST] Neighbors: 9,14,29,24,12,11,6,30
1445139403	ID:15	[LIST] Quarantine: (none)
1445142900	ID:15	[LIST] Blacklist: (none)
1445149215	ID:15	FUZZRID,DET,9,1312,1312,0,0,0,0,0,0,5,0,0,0
1445915894	ID:16	[PKT-TX] DATA bytes=14  seq=44 
1445958741	ID:8	[PKT-TX] DATA bytes=13  seq=44 
1446155835	ID:1	[PKT-RX] DATA bytes=14 from=16 seq=44
1446192456	ID:2	[PKT-TX] DATA bytes=13  seq=44 
1446208950	ID:1	[PKT-RX] DATA bytes=13 from=2 seq=44
1446288436	ID:2	[PKT-RTT] seq=44,rtt_delay_ms=46
1446355956	ID:1	[PKT-RX] DATA bytes=13 from=8 seq=44
1448370863	ID:12	[HFS] ra=0 si=0 cx=49 ac=0
1448375227	ID:12	[LIST] Neighbors: 9,29,15,11,6
1448378864	ID:12	[LIST] Quarantine: (none)
1448382360	ID:12	[LIST] Blacklist: (none)
1448388817	ID:12	FUZZRID,DET,11,1877,1877,0,0,0,0,0,0,1,0,0,0
1453670665	ID:20	[PKT-TX] DATA bytes=14  seq=44 
1453801741	ID:1	[PKT-RX] DATA bytes=14 from=20 seq=44
1456509954	ID:3	[PKT-TX] DATA bytes=13  seq=44 
1456654240	ID:1	[PKT-RX] DATA bytes=13 from=3 seq=44
1456842503	ID:9	[PKT-TX] DATA bytes=13  seq=44 
1457053611	ID:1	[PKT-RX] DATA bytes=13 from=9 seq=44
1460364603	ID:15	[PKT-TX] DATA bytes=14  seq=44 
1460550064	ID:1	[PKT-RX] DATA bytes=14 from=15 seq=44
1460761609	ID:5	[PKT-TX] DATA bytes=13  seq=44 
1461233671	ID:1	[PKT-RX] DATA bytes=13 from=5 seq=44
1461749061	ID:15	[PKT-RTT] seq=44,rtt_delay_ms=687
1463082867	ID:12	[PKT-TX] DATA bytes=14  seq=44 
1463169210	ID:21	[PKT-TX] DATA bytes=14  seq=44 
1463186010	ID:1	[PKT-RX] DATA bytes=14 from=21 seq=44
1463263426	ID:21	[PKT-RTT] seq=44,rtt_delay_ms=46
1463302492	ID:1	[PKT-RX] DATA bytes=14 from=12 seq=44
1463743729	ID:12	[PKT-RTT] seq=44,rtt_delay_ms=328
1464871725	ID:4	[PKT-TX] DATA bytes=13  seq=44 
1464888513	ID:1	[PKT-RX] DATA bytes=13 from=4 seq=44
1465023297	ID:4	[PKT-RTT] seq=44,rtt_delay_ms=70
1465894597	ID:19	[PKT-TX] DATA bytes=14  seq=44 
1465911532	ID:1	[PKT-RX] DATA bytes=14 from=19 seq=44
1465991703	ID:19	[PKT-RTT] seq=44,rtt_delay_ms=46
1466417453	ID:18	[PKT-TX] DATA bytes=14  seq=44 
1466454488	ID:28	[ATK-FAKE-RANK]  true_rank=512 fake_rank=812 t=11720s
1467031323	ID:1	[PKT-RX] DATA bytes=14 from=18 seq=44
1467373672	ID:18	[PKT-RTT] seq=44,rtt_delay_ms=476
1468094377	ID:11	[HFS] ra=0 si=0 cx=49 ac=0
1468098050	ID:11	[LIST] Neighbors: 6,15,12
1468101687	ID:11	[LIST] Quarantine: (none)
1468105184	ID:11	[LIST] Blacklist: (none)
1468111636	ID:11	FUZZRID,DET,12,1651,1651,0,0,0,0,0,0,0,0,0,0
1468823169	ID:10	[PKT-TX] DATA bytes=14  seq=44 
1468880010	ID:1	[PKT-RX] DATA bytes=14 from=10 seq=44
1469676986	ID:22	[HFS] ra=0 si=0 cx=49 ac=0
1469682356	ID:22	[LIST] Neighbors: 24,16,9,29,31,26,18
1469685993	ID:22	[LIST] Quarantine: (none)
1469689240	ID:16	[HFS] ra=0 si=0 cx=49 ac=0
1469689490	ID:22	[LIST] Blacklist: (none)
1469693477	ID:16	[LIST] Neighbors: 31,26,22,18
1469695948	ID:22	FUZZRID,DET,18,1594,1594,0,0,0,0,0,0,3,0,0,0
1469697114	ID:16	[LIST] Quarantine: (none)
1469700611	ID:16	[LIST] Blacklist: (none)
1469707095	ID:16	FUZZRID,DET,18,1594,1594,0,0,0,0,0,0,0,0,0,0
1471779047	ID:8	[PKT-TX] DATA bytes=13  seq=45 
1471984569	ID:1	[PKT-RX] DATA bytes=13 from=8 seq=45
1472217496	ID:9	[PKT-TX] DATA bytes=13  seq=45 
1472429061	ID:1	[PKT-RX] DATA bytes=13 from=9 seq=45
1472745912	ID:6	[PKT-TX] DATA bytes=13  seq=45 
1473051587	ID:1	[PKT-RX] DATA bytes=13 from=6 seq=45
1473223093	ID:15	[PKT-TX] DATA bytes=14  seq=45 
1473426438	ID:1	[PKT-RX] DATA bytes=14 from=15 seq=45
1473756985	ID:15	[PKT-RTT] seq=45,rtt_delay_ms=265
1478994943	ID:13	[PKT-TX] DATA bytes=14  seq=45 
1479128951	ID:1	[PKT-RX] DATA bytes=14 from=13 seq=45
1479246848	ID:12	[HFS] ra=0 si=0 cx=49 ac=0
1479251206	ID:12	[LIST] Neighbors: 9,29,15,11,6
1479254842	ID:12	[LIST] Quarantine: (none)
1479258339	ID:12	[LIST] Blacklist: (none)
1479264652	ID:12	FUZZRID,DET,6,1680,1680,0,0,0,0,0,0,0,0,0,0
1480432684	ID:16	[PKT-TX] DATA bytes=14  seq=45 
1480654612	ID:1	[PKT-RX] DATA bytes=14 from=16 seq=45
1481247906	ID:20	[PKT-TX] DATA bytes=14  seq=45 
1481302072	ID:1	[PKT-RX] DATA bytes=14 from=20 seq=45
1481565558	ID:17	[PKT-TX] DATA bytes=14  seq=45 
1482028375	ID:1	[PKT-RX] DATA bytes=14 from=17 seq=45
1483989567	ID:14	[PKT-TX] DATA bytes=14  seq=45 
1484051873	ID:1	[PKT-RX] DATA bytes=14 from=14 seq=45
1484412121	ID:7	[PKT-TX] DATA bytes=13  seq=45 
1484483298	ID:1	[PKT-RX] DATA bytes=13 from=7 seq=45
1484728995	ID:7	[PKT-RTT] seq=45,rtt_delay_ms=156
1484895961	ID:4	[PKT-TX] DATA bytes=13  seq=45 
1484912706	ID:1	[PKT-RX] DATA bytes=13 from=4 seq=45
1485397312	ID:4	[PKT-RTT] seq=45,rtt_delay_ms=250
1488231531	ID:30	[ATK-FAKE-RANK]  true_rank=1320 fake_rank=1946 t=11720s
1488378288	ID:15	[HFS] ra=74 si=49 cx=49 ac=82
1488383924	ID:15	[LIST] Neighbors: 9,14,29,24,12,11,6,30
1488387585	ID:15	[LIST] Quarantine: (none)
1488391082	ID:15	[LIST] Blacklist: (none)
1488398908	ID:15	FUZZRID,DET,30,1946,1320,626,0,100,100,11,0,1,0,82,75
1489746682	ID:21	[PKT-TX] DATA bytes=14  seq=45 
1489763531	ID:1	[PKT-RX] DATA bytes=14 from=21 seq=45
1489891035	ID:21	[PKT-RTT] seq=45,rtt_delay_ms=70
1491769540	ID:2	[PKT-TX] DATA bytes=13  seq=45 
1491786230	ID:1	[PKT-RX] DATA bytes=13 from=2 seq=45
1491912463	ID:2	[PKT-RTT] seq=45,rtt_delay_ms=70
1491985854	ID:11	[PKT-TX] DATA bytes=14  seq=45 
1492192479	ID:8	[HFS] ra=0 si=0 cx=49 ac=0
1492196410	ID:8	[LIST] Neighbors: 7,25,5,30
1492200047	ID:8	[LIST] Quarantine: (none)
1492203563	ID:8	[LIST] Blacklist: (none)
1492209880	ID:8	FUZZRID,DET,5,1353,1353,0,0,0,0,0,0,0,0,0,0
1492302567	ID:1	[PKT-RX] DATA bytes=14 from=11 seq=45
1493620254	ID:19	[PKT-TX] DATA bytes=14  seq=45 
1493637182	ID:1	[PKT-RX] DATA bytes=14 from=19 seq=45
1493740795	ID:19	[PKT-RTT] seq=45,rtt_delay_ms=54
1494119329	ID:3	[PKT-TX] DATA bytes=13  seq=45 
1494155367	ID:1	[PKT-RX] DATA bytes=13 from=3 seq=45
1494160054	ID:5	[PKT-TX] DATA bytes=13  seq=45 
1494359757	ID:1	[PKT-RX] DATA bytes=13 from=5 seq=45
1495059422	ID:12	[PKT-TX] DATA bytes=14  seq=45 
1495302648	ID:1	[PKT-RX] DATA bytes=14 from=12 seq=45
1495743904	ID:12	[PKT-RTT] seq=45,rtt_delay_ms=335
1496011203	ID:18	[PKT-TX] DATA bytes=14  seq=45 
1496278445	ID:1	[PKT-RX] DATA bytes=14 from=18 seq=45
1496625307	ID:18	[PKT-RTT] seq=45,rtt_delay_ms=304
1498245044	ID:10	[PKT-TX] DATA bytes=14  seq=45 
1498378990	ID:1	[PKT-RX] DATA bytes=14 from=10 seq=45
1499179315	ID:22	[PKT-TX] DATA bytes=14  seq=45 
1499778528	ID:1	[PKT-RX] DATA bytes=14 from=22 seq=45
1500160325	ID:5	 192003 P 0.0 24 798536 48351591 208804 450672 0 360934 26576 1939457 5335 16627 0 13877 (radio 1.-54% / 1.11% tx 0.42% / 0.27% listen 0.04% / 0.84%)
1500270874	ID:12	 192003 P 0.0 24 1012495 48134992 253918 480767 0 363413 33382 1932629 4845 16680 0 13782 (radio 1.-38% / 1.09% tx 0.51% / 0.24% listen 0.10% / 0.84%)
1500301703	ID:4	 192003 P 0.0 24 719852 48429935 124610 439812 0 382709 24076 1941889 2356 15085 0 13565 (radio 1.-73% / 0.88% tx 0.25% / 0.11% listen 0.02% / 0.76%)
1500360650	ID:3	 192003 P 0.0 24 1244593 47904661 373895 550595 0 385980 51238 1914609 15328 21256 0 12720 (radio 1.-87% / 1.86% tx 0.76% / 0.77% listen 1.-76% / 1.08%)
1500418723	ID:21	 192003 P 0.0 24 970907 48176827 197887 528715 0 393910 33816 1932179 3585 19331 0 14131 (radio 1.-40% / 1.16% tx 0.40% / 0.18% listen 1.-80% / 0.98%)
1500463574	ID:16	 192003 P 0.0 24 1091385 48058213 353492 505949 0 344879 35182 1930604 9061 18259 0 13636 (radio 1.-100% / 1.38% tx 0.71% / 0.46% listen 1.-85% / 0.92%)
1500515630	ID:9	 192003 P 0.0 24 1608411 47541523 521524 704992 0 466940 73031 1892999 27747 28864 0 15725 (radio 2.-126% / 2.87% tx 1.-82% / 1.41% listen 1.-44% / 1.46%)
1500597368	ID:1	 192005 P 0.0 24 2965509 46184063 1253745 47895245 0 0 108140 1857903 46561 1919368 0 0 (radio 12.-1163% / 99.-8639% tx 2.-120% / 2.36% listen 10.-956% / 97.-8676%)
1500632148	ID:7	 192003 P 0.0 24 1917995 47231556 770541 708094 0 349409 61460 1904545 23597 23706 0 13008 (radio 3.-262% / 2.40% tx 1.-31% / 1.20% listen 1.-44% / 1.20%)
1500659335	ID:6	 192003 P 0.0 24 1241091 47908865 329257 532467 0 402670 35772 1930258 7204 19848 0 16831 (radio 1.-100% / 1.37% tx 0.66% / 0.36% listen 1.-80% / 1.00%)
1500671253	ID:20	 192003 P 0.0 24 2604364 46545302 1062776 918259 0 389892 52517 1913461 10704 22649 0 13574 (radio 4.-347% / 1.69% tx 2.-159% / 0.54% listen 1.-88% / 1.15%)
1500692470	ID:2	 192003 P 0.0 24 2288816 46859301 622588 897833 0 458109 60142 1905778 10678 24982 0 15073 (radio 3.-253% / 1.81% tx 1.-61% / 0.54% listen 1.-93% / 1.27%)
1500702262	ID:22	 192003 P 0.0 24 1366512 47783486 370781 616381 0 444714 39365 1926685 6346 18843 0 15759 (radio 2.-174% / 1.28% tx 0.75% / 0.32% listen 1.-62% / 0.95%)
1500778015	ID:15	 192003 P 0.0 24 1773128 47376596 577044 704360 0 432530 58150 1907893 14247 24338 0 15588 (radio 2.-115% / 1.96% tx 1.-70% / 0.72% listen 1.-45% / 1.23%)
1500893985	ID:19	 192003 P 0.0 24 992284 48157618 121444 553641 0 467426 40991 1924874 6270 20418 0 15537 (radio 1.-51% / 1.35% tx 0.24% / 0.31% listen 1.-75% / 1.03%)
1500940252	ID:13	 192003 P 0.0 24 1297835 47851860 388316 572881 0 406043 35603 1930405 6710 17565 0 14243 (radio 1.-80% / 1.23% tx 0.79% / 0.34% listen 1.-71% / 0.89%)
1500956411	ID:17	 192003 P 0.0 24 844216 48305251 203728 470653 0 380761 28091 1937647 6003 16558 0 13817 (radio 1.-51% / 1.14% tx 0.41% / 0.30% listen 0.08% / 0.84%)
1500993566	ID:11	 192003 P 0.0 24 820314 48329717 218869 434150 0 339654 25465 1940476 4325 14990 0 12755 (radio 1.-55% / 0.98% tx 0.44% / 0.21% listen 0.00% / 0.76%)
1501026045	ID:18	 192003 P 0.0 24 947285 48202402 265949 463136 0 357630 34032 1931850 9097 16337 0 13100 (radio 1.-40% / 1.29% tx 0.54% / 0.46% listen 0.06% / 0.83%)
1501063850	ID:10	 192003 P 0.0 24 1330500 47819881 331530 692162 0 541635 32785 1933273 3173 19418 0 17907 (radio 2.-167% / 1.14% tx 0.67% / 0.16% listen 1.-47% / 0.98%)
1501092117	ID:8	 192003 P 0.0 24 986248 48163772 256969 482891 0 365422 39331 1926684 10889 19526 0 14019 (radio 1.-37% / 1.54% tx 0.52% / 0.55% listen 0.10% / 0.99%)
1501115575	ID:14	 192003 P 0.0 24 1619832 47530345 485531 717785 0 467554 64786 1901171 21273 26843 0 15757 (radio 2.-130% / 2.44% tx 0.11% / 1.08% listen 1.-42% / 1.36%)
1501807537	ID:10	[PKT-TX] DATA bytes=14  seq=46 
1501879078	ID:1	[PKT-RX] DATA bytes=14 from=10 seq=46
1503290541	ID:11	[PKT-TX] DATA bytes=14  seq=46 
1503553803	ID:1	[PKT-RX] DATA bytes=14 from=11 seq=46
1504134624	ID:26	[ATK-FAKE-RANK]  true_rank=1509 fake_rank=1544 t=11720s
1504178601	ID:22	[HFS] ra=74 si=0 cx=49 ac=95
1504183971	ID:22	[LIST] Neighbors: 24,16,9,29,31,26,18
1504187642	ID:22	[LIST] Quarantine: (none)
1504191139	ID:22	[LIST] Blacklist: (none)
1504198649	ID:22	FUZZRID,DET,26,1544,1509,35,0,13,100,3,0,0,0,95,100
1505441352	ID:23	[ATK-FAKE-RANK]  true_rank=796 fake_rank=1298 t=11720s
1505521999	ID:20	[HFS] ra=74 si=49 cx=49 ac=82
1505527354	ID:20	[LIST] Neighbors: 2,10,25,14,28,23,24
1505530991	ID:20	[LIST] Quarantine: (none)
1505534488	ID:20	[LIST] Blacklist: (none)
1505541995	ID:20	FUZZRID,DET,23,1298,796,502,0,100,100,4,0,3,0,82,55
1506472140	ID:18	[PKT-TX] DATA bytes=14  seq=46 
1506781506	ID:1	[PKT-RX] DATA bytes=14 from=18 seq=46
1506849630	ID:24	[ATK-FAKE-RANK]  true_rank=1061 fake_rank=1436 t=11720s
1507150314	ID:31	[ATK-FAKE-RANK]  true_rank=1038 fake_rank=1229 t=11720s
1507177513	ID:22	[HFS] ra=74 si=63 cx=49 ac=78
1507182884	ID:22	[LIST] Neighbors: 24,16,9,29,31,26,18
1507186521	ID:22	[LIST] Quarantine: (none)
1507188978	ID:16	[HFS] ra=74 si=63 cx=49 ac=78
1507190020	ID:22	[LIST] Blacklist: (none)
1507193215	ID:16	[LIST] Neighbors: 31,26,22,18
1507196852	ID:16	[LIST] Quarantine: (none)
1507197809	ID:22	FUZZRID,DET,31,1229,1038,191,0,73,100,41,66,1,0,78,75
1507200349	ID:16	[LIST] Blacklist: (none)
1507208138	ID:16	FUZZRID,DET,31,1229,1038,191,0,73,100,21,66,1,0,78,75
1507211169	ID:3	[HFS] ra=74 si=63 cx=49 ac=78
1507216099	ID:3	[LIST] Neighbors: 2,23,17,31,27,21
1507219736	ID:3	[LIST] Quarantine: (none)
1507223233	ID:3	[LIST] Blacklist: (none)
1507231022	ID:3	FUZZRID,DET,31,1229,1038,191,0,67,100,20,66,5,0,78,75
1507622437	ID:18	[PKT-RTT] seq=46,rtt_delay_ms=570
1508178034	ID:8	[PKT-TX] DATA bytes=13  seq=46 
1508357278	ID:1	[PKT-RX] DATA bytes=13 from=8 seq=46
1509374656	ID:22	[PKT-TX] DATA bytes=14  seq=46 
1509656154	ID:1	[PKT-RX] DATA bytes=14 from=22 seq=46
1510340475	ID:4	[PKT-TX] DATA bytes=13  seq=46 
1510357195	ID:1	[PKT-RX] DATA bytes=13 from=4 seq=46
1510363290	ID:2	[PKT-TX] DATA bytes=13  seq=46 
1510398141	ID:4	[PKT-RTT] seq=46,rtt_delay_ms=23
1510583602	ID:1	[PKT-RX] DATA bytes=13 from=2 seq=46
1510671942	ID:2	[PKT-RTT] seq=46,rtt_delay_ms=148
1511224200	ID:27	[ATK-FAKE-RANK]  true_rank=512 fake_rank=792 t=11720s
1511645656	ID:21	[HFS] ra=74 si=49 cx=49 ac=82
1511649609	ID:21	[LIST] Neighbors: 4,27,3,17
1511653246	ID:21	[LIST] Quarantine: (none)
1511656743	ID:21	[LIST] Blacklist: (none)
1511664242	ID:21	FUZZRID,DET,27,792,512,280,0,100,100,20,0,0,0,82,75
1511957468	ID:15	[PKT-TX] DATA bytes=14  seq=46 
1512448414	ID:25	[ATK-FAKE-RANK]  true_rank=1074 fake_rank=1696 t=11720s
1512928889	ID:1	[PKT-RX] DATA bytes=14 from=15 seq=46
1512983691	ID:7	[HFS] ra=74 si=49 cx=49 ac=82
1512988488	ID:7	[LIST] Neighbors: 28,13,10,25,5,8
1512992134	ID:7	[LIST] Quarantine: (none)
1512995631	ID:7	[LIST] Blacklist: (none)
1513003318	ID:7	FUZZRID,DET,25,1696,1074,622,0,100,100,2,0,0,0,82,75
1514006162	ID:20	[PKT-TX] DATA bytes=14  seq=46 
1514051932	ID:1	[PKT-RX] DATA bytes=14 from=20 seq=46
1514944171	ID:7	[PKT-TX] DATA bytes=13  seq=46 
1514982884	ID:1	[PKT-RX] DATA bytes=13 from=7 seq=46
1515228935	ID:7	[PKT-RTT] seq=46,rtt_delay_ms=140
1515565559	ID:17	[PKT-TX] DATA bytes=14  seq=46 
1516031163	ID:1	[PKT-RX] DATA bytes=14 from=17 seq=46
1517332619	ID:21	[PKT-TX] DATA bytes=14  seq=46 
1517349264	ID:1	[PKT-RX] DATA bytes=14 from=21 seq=46
1517392862	ID:21	[PKT-RTT] seq=46,rtt_delay_ms=23
1518311246	ID:9	[PKT-TX] DATA bytes=13  seq=46 
1518428925	ID:1	[PKT-RX] DATA bytes=13 from=9 seq=46
1520237971	ID:19	[PKT-TX] DATA bytes=14  seq=46 
1520254917	ID:1	[PKT-RX] DATA bytes=14 from=19 seq=46
1520364506	ID:19	[PKT-RTT] seq=46,rtt_delay_ms=62
1520791898	ID:6	[PKT-TX] DATA bytes=13  seq=46 
1521053802	ID:1	[PKT-RX] DATA bytes=13 from=6 seq=46
1523213331	ID:16	[PKT-TX] DATA bytes=14  seq=46 
1523405959	ID:1	[PKT-RX] DATA bytes=14 from=16 seq=46
1523687012	ID:16	[PKT-RTT] seq=46,rtt_delay_ms=234
1524427255	ID:12	[PKT-TX] DATA bytes=14  seq=46 
1524676261	ID:1	[PKT-RX] DATA bytes=14 from=12 seq=46
1524730359	ID:5	[PKT-TX] DATA bytes=13  seq=46 
1525057443	ID:13	[PKT-TX] DATA bytes=14  seq=46 
1525117237	ID:12	[PKT-RTT] seq=46,rtt_delay_ms=343
1525129043	ID:1	[PKT-RX] DATA bytes=14 from=13 seq=46
1525359349	ID:1	[PKT-RX] DATA bytes=13 from=5 seq=46
1526606754	ID:14	[PKT-TX] DATA bytes=14  seq=46 
1526678374	ID:1	[PKT-RX] DATA bytes=14 from=14 seq=46
1527564649	ID:3	[PKT-TX] DATA bytes=13  seq=46 
1527653390	ID:1	[PKT-RX] DATA bytes=13 from=3 seq=46
1530988905	ID:4	[PKT-TX] DATA bytes=13  seq=47 
1531005630	ID:1	[PKT-RX] DATA bytes=13 from=4 seq=47
1531149247	ID:4	[PKT-RTT] seq=47,rtt_delay_ms=78
1531261490	ID:6	[HFS] ra=0 si=0 cx=49 ac=0
1531266434	ID:6	[LIST] Neighbors: 14,30,9,15,12,11
1531270071	ID:6	[LIST] Quarantine: (none)
1531273568	ID:6	[LIST] Blacklist: (none)
1531280058	ID:6	FUZZRID,DET,11,1873,1873,0,0,0,0,0,0,2,0,0,0
1531643677	ID:17	[PKT-TX] DATA bytes=14  seq=47 
1531780951	ID:1	[PKT-RX] DATA bytes=14 from=17 seq=47
1531865086	ID:20	[PKT-TX] DATA bytes=14  seq=47 
1531928200	ID:1	[PKT-RX] DATA bytes=14 from=20 seq=47
1532543347	ID:30	[ATK-FAKE-RANK]  true_rank=1320 fake_rank=1966 t=11720s
1532570001	ID:8	[HFS] ra=74 si=49 cx=49 ac=82
1532573932	ID:8	[LIST] Neighbors: 7,25,5,30
1532577584	ID:8	[LIST] Quarantine: (none)
1532581081	ID:8	[LIST] Blacklist: (none)
1532588905	ID:8	FUZZRID,DET,30,1966,1320,646,0,100,100,16,0,0,0,82,75
1532591580	ID:14	[HFS] ra=74 si=49 cx=49 ac=82
1532596805	ID:14	[LIST] Neighbors: 20,25,30,24,9,6,15
1532600445	ID:14	[LIST] Quarantine: (none)
1532603942	ID:14	[LIST] Blacklist: (none)
1532611766	ID:14	FUZZRID,DET,30,1966,1320,646,0,100,100,27,0,0,0,82,75
1532633596	ID:6	[HFS] ra=74 si=49 cx=49 ac=82
1532638573	ID:6	[LIST] Neighbors: 14,30,9,15,12,11
1532642210	ID:6	[LIST] Quarantine: (none)
1532645707	ID:6	[LIST] Blacklist: (none)
1532653532	ID:6	FUZZRID,DET,30,1966,1320,646,0,100,100,16,0,1,0,82,75
1535011609	ID:5	[PKT-TX] DATA bytes=13  seq=47 
1535234356	ID:1	[PKT-RX] DATA bytes=13 from=5 seq=47
1536614602	ID:15	[PKT-TX] DATA bytes=14  seq=47 
1536800254	ID:1	[PKT-RX] DATA bytes=14 from=15 seq=47
1538713773	ID:6	[PKT-TX] DATA bytes=13  seq=47 
1538928939	ID:1	[PKT-RX] DATA bytes=13 from=6 seq=47
1539009954	ID:3	[PKT-TX] DATA bytes=13  seq=47 
1539154474	ID:1	[PKT-RX] DATA bytes=13 from=3 seq=47
1541509464	ID:6	[HFS] ra=0 si=0 cx=49 ac=0
1541514407	ID:6	[LIST] Neighbors: 14,30,9,15,12,11
1541518044	ID:6	[LIST] Quarantine: (none)
1541521541	ID:6	[LIST] Blacklist: (none)
1541527994	ID:6	FUZZRID,DET,15,1640,1640,0,0,0,0,0,0,8,0,0,0
1544481483	ID:21	[PKT-TX] DATA bytes=14  seq=47 
1544498130	ID:1	[PKT-RX] DATA bytes=14 from=21 seq=47
1544640026	ID:21	[PKT-RTT] seq=47,rtt_delay_ms=78
1544731724	ID:7	[HFS] ra=0 si=0 cx=49 ac=0
1544736521	ID:7	[LIST] Neighbors: 28,13,10,25,5,8
1544740158	ID:7	[LIST] Quarantine: (none)
1544743667	ID:7	[LIST] Blacklist: (none)
1544745156	ID:19	[HFS] ra=0 si=0 cx=49 ac=0
1544749763	ID:7	FUZZRID,DET,10,793,793,0,0,0,0,0,0,1,0,0,0
1544749939	ID:19	[LIST] Neighbors: 2,28,27,4,13,10
1544753576	ID:19	[LIST] Quarantine: (none)
1544757073	ID:19	[LIST] Blacklist: (none)
1544763170	ID:19	FUZZRID,DET,10,793,793,0,0,0,0,0,0,4,0,0,0
1544770118	ID:20	[HFS] ra=0 si=0 cx=49 ac=0
1544775474	ID:20	[LIST] Neighbors: 2,10,25,14,28,23,24
1544779111	ID:20	[LIST] Quarantine: (none)
1544782608	ID:20	[LIST] Blacklist: (none)
1544788704	ID:20	FUZZRID,DET,10,793,793,0,0,0,0,0,0,6,0,0,0
1544791557	ID:13	[HFS] ra=0 si=0 cx=49 ac=0
1544791986	ID:2	[HFS] ra=0 si=0 cx=49 ac=0
1544796340	ID:13	[LIST] Neighbors: 2,28,19,10,7,25
1544797793	ID:2	[LIST] Neighbors: 28,19,27,13,10,3,20,23
1544799977	ID:13	[LIST] Quarantine: (none)
1544801429	ID:2	[LIST] Quarantine: (none)
1544803501	ID:13	[LIST] Blacklist: (none)
1544804926	ID:2	[LIST] Blacklist: (none)
1544809597	ID:13	FUZZRID,DET,10,793,793,0,0,0,0,0,0,6,0,0,0
1544811161	ID:2	FUZZRID,DET,10,793,793,0,0,0,0,0,0,10,0,0,0
1544879020	ID:29	[ATK-FAKE-RANK]  true_rank=1809 fake_rank=2151 t=11720s
1544992569	ID:9	[HFS] ra=74 si=49 cx=49 ac=82
1544997938	ID:9	[LIST] Neighbors: 14,24,6,12,29,15,22
1545001607	ID:9	[LIST] Quarantine: (none)
1545005104	ID:9	[LIST] Blacklist: (none)
1545012792	ID:9	FUZZRID,DET,29,2151,1809,342,0,100,100,4,0,7,0,82,75
1546386727	ID:2	[PKT-TX] DATA bytes=13  seq=47 
1546403258	ID:1	[PKT-RX] DATA bytes=13 from=2 seq=47
1546538536	ID:2	[PKT-RTT] seq=47,rtt_delay_ms=70
1547361206	ID:16	[PKT-TX] DATA bytes=14  seq=47 
1547529695	ID:1	[PKT-RX] DATA bytes=14 from=16 seq=47
1547678216	ID:22	[HFS] ra=0 si=0 cx=49 ac=0
1547683586	ID:22	[LIST] Neighbors: 24,16,9,29,31,26,18
1547687222	ID:22	[LIST] Quarantine: (none)
1547690719	ID:22	[LIST] Blacklist: (none)
1547697176	ID:22	FUZZRID,DET,16,1503,1503,0,0,0,0,0,0,4,0,0,0
1547792129	ID:19	[PKT-TX] DATA bytes=14  seq=47 
1547808851	ID:1	[PKT-RX] DATA bytes=14 from=19 seq=47
1547870509	ID:19	[PKT-RTT] seq=47,rtt_delay_ms=39
1548184305	ID:16	[PKT-RTT] seq=47,rtt_delay_ms=406
1549341129	ID:14	[PKT-TX] DATA bytes=14  seq=47 
1549427274	ID:1	[PKT-RX] DATA bytes=14 from=14 seq=47
1550319940	ID:22	[PKT-TX] DATA bytes=14  seq=47 
1550354953	ID:18	[PKT-TX] DATA bytes=14  seq=47 
1550530072	ID:1	[PKT-RX] DATA bytes=14 from=22 seq=47
1550780352	ID:1	[PKT-RX] DATA bytes=14 from=18 seq=47
1551731298	ID:12	[PKT-TX] DATA bytes=14  seq=47 
1552052630	ID:1	[PKT-RX] DATA bytes=14 from=12 seq=47
1552271496	ID:7	[PKT-TX] DATA bytes=13  seq=47 
1552357116	ID:1	[PKT-RX] DATA bytes=13 from=7 seq=47
1552463693	ID:13	[PKT-TX] DATA bytes=14  seq=47 
1552493425	ID:12	[PKT-RTT] seq=47,rtt_delay_ms=375
1552505756	ID:1	[PKT-RX] DATA bytes=14 from=13 seq=47
1552727417	ID:7	[PKT-RTT] seq=47,rtt_delay_ms=226
1553888437	ID:8	[PKT-TX] DATA bytes=13  seq=47 
1554108325	ID:1	[PKT-RX] DATA bytes=13 from=8 seq=47
1555782736	ID:11	[PKT-TX] DATA bytes=14  seq=47 
1556427163	ID:1	[PKT-RX] DATA bytes=14 from=11 seq=47
1559488359	ID:29	[ATK-FAKE-RANK]  true_rank=1662 fake_rank=2171 t=11720s
1559541926	ID:10	[PKT-TX] DATA bytes=14  seq=47 
1559553131	ID:22	[HFS] ra=74 si=49 cx=49 ac=82
1559558520	ID:22	[LIST] Neighbors: 24,16,9,29,31,26,18
1559562157	ID:22	[LIST] Quarantine: (none)
1559565654	ID:22	[LIST] Blacklist: (none)
1559573620	ID:22	FUZZRID,DET,29,2171,1662,509,0,100,100,39,0,12,0,82,75
1559621081	ID:12	[HFS] ra=74 si=49 cx=49 ac=82
1559625438	ID:12	[LIST] Neighbors: 9,29,15,11,6
1559628439	ID:1	[PKT-RX] DATA bytes=14 from=10 seq=47
1559629074	ID:12	[LIST] Quarantine: (none)
1559629882	ID:15	[HFS] ra=74 si=49 cx=49 ac=82
1559632599	ID:12	[LIST] Blacklist: (none)
1559635518	ID:15	[LIST] Neighbors: 9,14,29,24,12,11,6,30
1559639155	ID:15	[LIST] Quarantine: (none)
1559640564	ID:12	FUZZRID,DET,29,2171,1662,509,0,100,100,39,0,11,0,82,75
1559642652	ID:15	[LIST] Blacklist: (none)
1559650625	ID:15	FUZZRID,DET,29,2171,1662,509,0,100,100,39,0,12,0,82,75
1559845007	ID:1	[HFS] ra=0 si=0 cx=49 ac=0
1559850095	ID:1	[LIST] Neighbors: 2,21,28,4,19,27,3
1559853731	ID:1	[LIST] Quarantine: (none)
1559857229	ID:1	[LIST] Blacklist: (none)
1559863184	ID:1	FUZZRID,DET,3,768,768,0,0,0,0,0,0,0,0,0,0
1559895468	ID:21	[HFS] ra=0 si=0 cx=49 ac=0
1559899398	ID:21	[LIST] Neighbors: 4,27,3,17
1559903035	ID:21	[LIST] Quarantine: (none)
1559906532	ID:21	[LIST] Blacklist: (none)
1559912487	ID:21	FUZZRID,DET,3,768,768,0,0,0,0,0,0,0,0,0,0
1559917943	ID:2	[HFS] ra=0 si=0 cx=49 ac=0
1559923772	ID:2	[LIST] Neighbors: 28,19,27,13,10,3,20,23
1559927408	ID:2	[LIST] Quarantine: (none)
1559929615	ID:17	[HFS] ra=0 si=0 cx=49 ac=0
1559930905	ID:2	[LIST] Blacklist: (none)
1559933705	ID:17	[LIST] Neighbors: 21,27,3,31
1559936861	ID:2	FUZZRID,DET,3,768,768,0,0,0,0,0,0,4,0,0,0
1559937342	ID:17	[LIST] Quarantine: (none)
1559940839	ID:17	[LIST] Blacklist: (none)
1559946794	ID:17	FUZZRID,DET,3,768,768,0,0,0,0,0,0,0,0,0,0
1559951896	ID:9	[PKT-TX] DATA bytes=13  seq=47 
1560160325	ID:5	 199683 P 0.0 25 829353 50286840 217400 467773 0 373902 30816 1935249 8596 17101 0 12968 (radio 1.-50% / 1.30% tx 0.42% / 0.43% listen 0.07% / 0.86%)
1560177772	ID:1	[PKT-RX] DATA bytes=13 from=9 seq=47
1560270860	ID:12	 199683 P 0.0 25 1041254 50072300 257644 497569 0 378120 28758 1937308 3726 16802 0 14707 (radio 1.-37% / 1.04% tx 0.50% / 0.18% listen 0.13% / 0.85%)
1560301391	ID:4	 199683 P 0.0 25 740069 50375771 124746 454639 0 396329 20216 1945836 136 14827 0 13620 (radio 1.-71% / 0.76% tx 0.24% / 0.00% listen 0.04% / 0.75%)
1560360703	ID:3	 199683 P 0.0 25 1321194 49794008 403490 578759 0 399791 76599 1889347 29595 28164 0 13811 (radio 1.-76% / 2.93% tx 0.78% / 1.50% listen 1.-71% / 1.43%)
1560419022	ID:21	 199683 P 0.0 25 1018574 50095121 206309 553773 0 408708 47665 1918294 8422 25058 0 14798 (radio 1.-36% / 1.70% tx 0.40% / 0.42% listen 1.-76% / 1.27%)
1560463673	ID:16	 199683 P 0.0 25 1135214 49980257 367320 527141 0 358841 43827 1922044 13828 21192 0 13962 (radio 1.-94% / 1.78% tx 0.71% / 0.70% listen 1.-81% / 1.07%)
1560515852	ID:9	 199683 P 0.0 25 1676699 49439178 545914 733374 0 483449 68287 1897655 24390 28382 0 16509 (radio 2.-118% / 2.68% tx 1.-78% / 1.24% listen 1.-41% / 1.44%)
1560597565	ID:1	 199685 P 0.0 25 3075215 48040371 1298452 49816483 0 0 109704 1856308 44707 1921237 0 0 (radio 15.-1500% / 99.-8639% tx 2.-199% / 2.27% listen 13.-1217% / 97.-8667%)
1560632123	ID:7	 199683 P 0.0 25 1970198 49145403 785275 728983 0 362105 52202 1913847 14734 20889 0 12696 (radio 2.-156% / 1.81% tx 1.-31% / 0.74% listen 1.-42% / 1.06%)
1560659132	ID:6	 199683 P 0.0 25 1279858 49836127 335092 551999 0 418562 38766 1927262 5835 19532 0 15892 (radio 1.-95% / 1.29% tx 0.65% / 0.29% listen 1.-77% / 0.99%)
1560671674	ID:20	 199683 P 0.0 25 2661117 48454598 1074585 940099 0 402275 56752 1909296 11809 21840 0 12383 (radio 3.-242% / 1.71% tx 2.-158% / 0.60% listen 1.-85% / 1.11%)
1560702501	ID:22	 199683 P 0.0 25 1422463 49693525 385023 640018 0 461225 55949 1910039 14242 23637 0 16511 (radio 2.-168% / 1.92% tx 0.75% / 0.72% listen 1.-59% / 1.20%)
1560707842	ID:2	 199685 P 0.0 25 2344632 48769896 628543 922593 0 474227 55814 1910595 5955 24760 0 16118 (radio 3.-249% / 1.56% tx 1.-62% / 0.30% listen 1.-88% / 1.25%)
1560777994	ID:15	 199683 P 0.0 25 1830892 49284838 594708 727652 0 447450 57763 1908242 17664 23292 0 14920 (radio 2.-194% / 2.08% tx 1.-68% / 0.89% listen 1.-42% / 1.18%)
1560893968	ID:19	 199683 P 0.0 25 1025308 50090421 121976 571528 0 482362 33023 1932803 532 17887 0 14936 (radio 1.-49% / 0.93% tx 0.23% / 0.02% listen 1.-73% / 0.90%)
1560940246	ID:13	 199683 P 0.0 25 1328187 49787576 390593 587847 0 419516 30350 1935716 2277 14966 0 13473 (radio 1.-77% / 0.87% tx 0.76% / 0.11% listen 1.-70% / 0.76%)
1560956708	ID:17	 199683 P 0.0 25 886326 50228944 217984 492864 0 396363 42108 1923693 14256 22211 0 15602 (radio 1.-45% / 1.85% tx 0.42% / 0.72% listen 0.12% / 1.12%)
1560993564	ID:11	 199683 P 0.0 25 850518 50265474 227273 450869 0 352908 30203 1935757 8404 16719 0 13254 (radio 1.-52% / 1.27% tx 0.44% / 0.42% listen 0.04% / 0.85%)
1561026047	ID:18	 199683 P 0.0 25 974176 50141495 270728 479571 0 371998 26890 1939093 4779 16435 0 14368 (radio 1.-38% / 1.07% tx 0.52% / 0.24% listen 0.09% / 0.83%)
1561063866	ID:10	 199683 P 0.0 25 1369205 49747142 338583 711175 0 558542 38703 1927261 7053 19013 0 16907 (radio 2.-163% / 1.32% tx 0.66% / 0.35% listen 1.-45% / 0.96%)
1561092133	ID:8	 199683 P 0.0 25 1018379 50097697 263137 499741 0 379449 32130 1933925 6168 16850 0 14027 (radio 1.-35% / 1.17% tx 0.51% / 0.31% listen 0.13% / 0.85%)
1561115949	ID:14	 199683 P 0.0 25 1667521 49448725 495063 739466 0 482997 47688 1918380 9532 21681 0 15443 (radio 2.-127% / 1.58% tx 0.12% / 0.48% listen 1.-40% / 1.10%)
1561615246	ID:7	[PKT-TX] DATA bytes=13  seq=48 
1561733042	ID:1	[PKT-RX] DATA bytes=13 from=7 seq=48
1561978464	ID:7	[PKT-RTT] seq=48,rtt_delay_ms=179
1563152163	ID:13	[PKT-TX] DATA bytes=14  seq=48 
1563253693	ID:1	[PKT-RX] DATA bytes=14 from=13 seq=48
1564040459	ID:13	[HFS] ra=0 si=0 cx=49 ac=0
1564045242	ID:13	[LIST] Neighbors: 2,28,19,10,7,25
1564048879	ID:13	[LIST] Quarantine: (none)
1564052382	ID:13	[LIST] Blacklist: (none)
1564058479	ID:13	FUZZRID,DET,7,956,956,0,0,0,0,0,0,3,12,0,0
1564464319	ID:29	[ATK-FAKE-RANK]  true_rank=1662 fake_rank=2191 t=11720s
1564491237	ID:9	[HFS] ra=74 si=49 cx=49 ac=82
1564496607	ID:9	[LIST] Neighbors: 14,24,6,12,29,15,22
1564498491	ID:12	[HFS] ra=74 si=49 cx=49 ac=82
1564500244	ID:9	[LIST] Quarantine: (none)
1564502849	ID:12	[LIST] Neighbors: 9,29,15,11,6
1564503071	ID:15	[HFS] ra=74 si=49 cx=49 ac=82
1564503469	ID:18	[HFS] ra=74 si=49 cx=49 ac=82
1564503741	ID:9	[LIST] Blacklist: (none)
1564506485	ID:12	[LIST] Quarantine: (none)
1564507706	ID:18	[LIST] Neighbors: 26,22,29,16
1564508730	ID:15	[LIST] Neighbors: 9,14,29,24,12,11,6,30
1564509982	ID:12	[LIST] Blacklist: (none)
1564511343	ID:18	[LIST] Quarantine: (none)
1564511735	ID:9	FUZZRID,DET,29,2191,1662,529,0,100,100,39,0,11,0,82,75
1564512366	ID:15	[LIST] Quarantine: (none)
1564514840	ID:18	[LIST] Blacklist: (none)
1564515863	ID:15	[LIST] Blacklist: (none)
1564517847	ID:12	FUZZRID,DET,29,2191,1662,529,0,100,100,4,0,11,0,82,75
1564522806	ID:18	FUZZRID,DET,29,2191,1662,529,0,100,100,48,0,11,0,82,75
1564523690	ID:15	FUZZRID,DET,29,2191,1662,529,0,100,100,4,0,12,0,82,75
1564554689	ID:22	[HFS] ra=74 si=49 cx=49 ac=82
1564560059	ID:22	[LIST] Neighbors: 24,16,9,29,31,26,18
1564563696	ID:22	[LIST] Quarantine: (none)
1564567193	ID:22	[LIST] Blacklist: (none)
1564575021	ID:22	FUZZRID,DET,29,2191,1662,529,0,100,100,4,0,12,0,82,75
1566011327	ID:31	[ATK-FAKE-RANK]  true_rank=1024 fake_rank=1249 t=11720s
1566309182	ID:21	[PKT-TX] DATA bytes=14  seq=48 
1566325928	ID:1	[PKT-RX] DATA bytes=14 from=21 seq=48
1566353394	ID:16	[PKT-TX] DATA bytes=14  seq=48 
1566393384	ID:21	[PKT-RTT] seq=48,rtt_delay_ms=39
1566531037	ID:1	[PKT-RX] DATA bytes=14 from=16 seq=48
1566810425	ID:20	[PKT-TX] DATA bytes=14  seq=48 
1566811922	ID:16	[PKT-RTT] seq=48,rtt_delay_ms=226
1566926947	ID:1	[PKT-RX] DATA bytes=14 from=20 seq=48
1567387892	ID:4	[PKT-TX] DATA bytes=13  seq=48 
1567405313	ID:1	[PKT-RX] DATA bytes=13 from=4 seq=48
1568042121	ID:17	[PKT-TX] DATA bytes=14  seq=48 
1568153594	ID:1	[PKT-RX] DATA bytes=14 from=17 seq=48
1569017104	ID:11	[PKT-TX] DATA bytes=14  seq=48 
1569304107	ID:1	[PKT-RX] DATA bytes=14 from=11 seq=48
1571129550	ID:5	[PKT-TX] DATA bytes=13  seq=48 
1571132739	ID:6	[HFS] ra=0 si=0 cx=49 ac=0
1571137683	ID:6	[LIST] Neighbors: 14,30,9,15,12,11
1571141320	ID:6	[LIST] Quarantine: (none)
1571144816	ID:6	[LIST] Blacklist: (none)
1571151408	ID:6	FUZZRID,DET,14,1045,1045,0,0,0,0,0,0,10,0,0,0
1571358438	ID:1	[PKT-RX] DATA bytes=13 from=5 seq=48
1571660593	ID:15	[PKT-TX] DATA bytes=14  seq=48 
1571801535	ID:1	[PKT-RX] DATA bytes=14 from=15 seq=48
1573092658	ID:14	[HFS] ra=0 si=0 cx=49 ac=0
1573095367	ID:11	[HFS] ra=0 si=0 cx=49 ac=0
1573097881	ID:14	[LIST] Neighbors: 20,25,30,24,9,6,15
1573099029	ID:11	[LIST] Neighbors: 6,15,12
1573101518	ID:14	[LIST] Quarantine: (none)
1573102666	ID:11	[LIST] Quarantine: (none)
1573105015	ID:14	[LIST] Blacklist: (none)
1573106162	ID:11	[LIST] Blacklist: (none)
1573111467	ID:14	FUZZRID,DET,15,1615,1615,0,0,0,0,0,0,8,0,0,0
1573112615	ID:11	FUZZRID,DET,15,1615,1615,0,0,0,0,0,0,8,0,0,0
1573117749	ID:9	[HFS] ra=0 si=0 cx=49 ac=0
1573121512	ID:12	[HFS] ra=0 si=0 cx=49 ac=0
1573123118	ID:9	[LIST] Neighbors: 14,24,6,12,29,15,22
1573125869	ID:12	[LIST] Neighbors: 9,29,15,11,6
1573126755	ID:9	[LIST] Quarantine: (none)
1573129505	ID:12	[LIST] Quarantine: (none)
1573130252	ID:9	[LIST] Blacklist: (none)
1573132440	ID:22	[PKT-TX] DATA bytes=14  seq=48 
1573133018	ID:12	[LIST] Blacklist: (none)
1573134481	ID:6	[HFS] ra=0 si=0 cx=49 ac=0
1573136742	ID:9	FUZZRID,DET,15,1615,1615,0,0,0,0,0,0,4,0,0,0
1573139425	ID:6	[LIST] Neighbors: 14,30,9,15,12,11
1573139471	ID:12	FUZZRID,DET,15,1615,1615,0,0,0,0,0,0,3,0,0,0
1573143062	ID:6	[LIST] Quarantine: (none)
1573146558	ID:6	[LIST] Blacklist: (none)
1573153011	ID:6	FUZZRID,DET,15,1615,1615,0,0,0,0,0,0,8,0,0,0
1573405032	ID:1	[PKT-RX] DATA bytes=14 from=22 seq=48
1573621120	ID:2	[PKT-TX] DATA bytes=13  seq=48 
1573637632	ID:1	[PKT-RX] DATA bytes=13 from=2 seq=48
1573671953	ID:2	[PKT-RTT] seq=48,rtt_delay_ms=23
1573917656	ID:13	[HFS] ra=0 si=0 cx=49 ac=0
1573922439	ID:13	[LIST] Neighbors: 2,28,19,10,7,25
1573926076	ID:13	[LIST] Quarantine: (none)
1573929573	ID:13	[LIST] Blacklist: (none)
1573935667	ID:13	FUZZRID,DET,10,783,783,0,0,0,0,0,0,5,0,0,0
1573966162	ID:14	[PKT-TX] DATA bytes=14  seq=48 
1574052262	ID:1	[PKT-RX] DATA bytes=14 from=14 seq=48
1574971817	ID:19	[PKT-TX] DATA bytes=14  seq=48 
1574988741	ID:1	[PKT-RX] DATA bytes=14 from=19 seq=48
1575104953	ID:18	[PKT-TX] DATA bytes=14  seq=48 
1575115800	ID:19	[PKT-RTT] seq=48,rtt_delay_ms=70
1575198459	ID:3	[PKT-TX] DATA bytes=13  seq=48 
1575278260	ID:1	[PKT-RX] DATA bytes=13 from=3 seq=48
1575321764	ID:26	[ATK-FAKE-RANK]  true_rank=1542 fake_rank=1564 t=11720s
1575437930	ID:16	[HFS] ra=74 si=0 cx=49 ac=95
1575442201	ID:16	[LIST] Neighbors: 31,26,22,18
1575445838	ID:16	[LIST] Quarantine: (none)
1575449335	ID:16	[LIST] Blacklist: (none)
1575456712	ID:16	FUZZRID,DET,26,1564,1542,22,0,8,100,7,0,0,0,95,100
1575458866	ID:3	[PKT-RTT] seq=48,rtt_delay_ms=125
1575780380	ID:1	[PKT-RX] DATA bytes=14 from=18 seq=48
1576824634	ID:29	[ATK-FAKE-RANK]  true_rank=1662 fake_rank=2211 t=11720s
1576871783	ID:12	[HFS] ra=74 si=49 cx=49 ac=82
1576876140	ID:12	[LIST] Neighbors: 9,29,15,11,6
1576876320	ID:15	[HFS] ra=74 si=49 cx=49 ac=82
1576876572	ID:18	[HFS] ra=74 si=49 cx=49 ac=82
1576879777	ID:12	[LIST] Quarantine: (none)
1576880809	ID:18	[LIST] Neighbors: 26,22,29,16
1576881957	ID:15	[LIST] Neighbors: 9,14,29,24,12,11,6,30
1576883298	ID:12	[LIST] Blacklist: (none)
1576884446	ID:18	[LIST] Quarantine: (none)
1576885594	ID:15	[LIST] Quarantine: (none)
1576887943	ID:18	[LIST] Blacklist: (none)
1576889123	ID:15	[LIST] Blacklist: (none)
1576891125	ID:12	FUZZRID,DET,29,2211,1662,549,0,100,100,4,0,11,0,82,75
1576895771	ID:18	FUZZRID,DET,29,2211,1662,549,0,100,100,4,0,11,0,82,75
1576896951	ID:15	FUZZRID,DET,29,2211,1662,549,0,100,100,4,0,12,0,82,75
1576927801	ID:22	[HFS] ra=74 si=49 cx=49 ac=82
1576933171	ID:22	[LIST] Neighbors: 24,16,9,29,31,26,18
1576936808	ID:22	[LIST] Quarantine: (none)
1576940305	ID:22	[LIST] Blacklist: (none)
1576948133	ID:22	FUZZRID,DET,29,2211,1662,549,0,100,100,4,0,12,0,82,75
1577323587	ID:25	[ATK-FAKE-RANK]  true_rank=1078 fake_rank=1716 t=11720s
1577760119	ID:5	[HFS] ra=74 si=49 cx=49 ac=82
1577763623	ID:5	[LIST] Neighbors: 7,8,25
1577767260	ID:5	[LIST] Quarantine: (none)
1577770757	ID:5	[LIST] Blacklist: (none)
1577778468	ID:5	FUZZRID,DET,25,1716,1078,638,0,100,100,6,0,0,0,82,75
1578929584	ID:22	[HFS] ra=0 si=0 cx=49 ac=0
1578934954	ID:22	[LIST] Neighbors: 24,16,9,29,31,26,18
1578938621	ID:22	[LIST] Quarantine: (none)
1578942118	ID:22	[LIST] Blacklist: (none)
1578948434	ID:22	FUZZRID,DET,9,1312,1312,0,0,0,0,0,0,1,0,0,0
1578968106	ID:14	[HFS] ra=0 si=0 cx=49 ac=0
1578973329	ID:14	[LIST] Neighbors: 20,25,30,24,9,6,15
1578976982	ID:14	[LIST] Quarantine: (none)
1578980479	ID:14	[LIST] Blacklist: (none)
1578986795	ID:14	FUZZRID,DET,9,1312,1312,0,0,0,0,0,0,1,0,0,0
1578996898	ID:12	[HFS] ra=0 si=0 cx=49 ac=0
1579001255	ID:12	[LIST] Neighbors: 9,29,15,11,6
1579001296	ID:15	[HFS] ra=0 si=0 cx=49 ac=0
1579004892	ID:12	[LIST] Quarantine: (none)
1579006933	ID:15	[LIST] Neighbors: 9,14,29,24,12,11,6,30
1579008388	ID:12	[LIST] Blacklist: (none)
1579010215	ID:6	[HFS] ra=0 si=0 cx=49 ac=0
1579010569	ID:15	[LIST] Quarantine: (none)
1579014066	ID:15	[LIST] Blacklist: (none)
1579014712	ID:12	FUZZRID,DET,9,1312,1312,0,0,0,0,0,0,2,0,0,0
1579015175	ID:6	[LIST] Neighbors: 14,30,9,15,12,11
1579018812	ID:6	[LIST] Quarantine: (none)
1579020402	ID:15	FUZZRID,DET,9,1312,1312,0,0,0,0,0,0,6,0,0,0
1579022309	ID:6	[LIST] Blacklist: (none)
1579028654	ID:6	FUZZRID,DET,9,1312,1312,0,0,0,0,0,0,4,0,0,0
1581166933	ID:10	[PKT-TX] DATA bytes=14  seq=48 
1581253304	ID:1	[PKT-RX] DATA bytes=14 from=10 seq=48
1584776271	ID:6	[PKT-TX] DATA bytes=13  seq=48 
1585052535	ID:1	[PKT-RX] DATA bytes=13 from=6 seq=48
1585660918	ID:12	[PKT-TX] DATA bytes=14  seq=48 
1585678325	ID:22	[HFS] ra=0 si=0 cx=49 ac=0
1585683695	ID:22	[LIST] Neighbors: 24,16,9,29,31,26,18
1585687362	ID:22	[LIST] Quarantine: (none)
1585690859	ID:22	[LIST] Blacklist: (none)
1585697174	ID:22	FUZZRID,DET,9,1312,1312,0,0,0,0,0,0,1,0,0,0
1585755970	ID:6	[PKT-RTT] seq=48,rtt_delay_ms=484
1585896242	ID:8	[PKT-TX] DATA bytes=13  seq=48 
1586107269	ID:1	[PKT-RX] DATA bytes=13 from=8 seq=48
1587358448	ID:9	[PKT-TX] DATA bytes=13  seq=48 
1588452216	ID:1	[PKT-RX] DATA bytes=13 from=9 seq=48
1588461150	ID:1	[PKT-RX] DATA bytes=14 from=12 seq=48
1588867166	ID:12	[PKT-RTT] seq=48,rtt_delay_ms=1601
1589115097	ID:9	[HFS] ra=0 si=0 cx=49 ac=0
1589120466	ID:9	[LIST] Neighbors: 14,24,6,12,29,15,22
1589124103	ID:9	[LIST] Quarantine: (none)
1589127600	ID:9	[LIST] Blacklist: (none)
1589134055	ID:9	FUZZRID,DET,22,1523,1523,0,0,0,0,0,0,4,0,0,0
1590847540	ID:5	[PKT-TX] DATA bytes=13  seq=49 
1591108325	ID:1	[PKT-RX] DATA bytes=13 from=5 seq=49
1591777778	ID:2	[PKT-TX] DATA bytes=13  seq=49 
1591794918	ID:1	[PKT-RX] DATA bytes=13 from=2 seq=49
1591912394	ID:2	[PKT-RTT] seq=49,rtt_delay_ms=62
1591972134	ID:18	[PKT-TX] DATA bytes=14  seq=49 
1592281230	ID:1	[PKT-RX] DATA bytes=14 from=18 seq=49
1593934106	ID:27	[ATK-FAKE-RANK]  true_rank=512 fake_rank=812 t=11720s
1593956635	ID:1	[HFS] ra=74 si=49 cx=49 ac=82
1593961109	ID:3	[HFS] ra=74 si=49 cx=49 ac=82
1593961699	ID:1	[LIST] Neighbors: 2,21,28,4,19,27,3
1593965335	ID:1	[LIST] Quarantine: (none)
1593966039	ID:3	[LIST] Neighbors: 2,23,17,31,27,21
1593968832	ID:1	[LIST] Blacklist: (none)
1593969676	ID:3	[LIST] Quarantine: (none)
1593973173	ID:3	[LIST] Blacklist: (none)
1593976331	ID:1	FUZZRID,DET,27,812,512,300,0,100,100,26,0,0,0,82,75
1593980676	ID:3	FUZZRID,DET,27,812,512,300,0,100,100,20,0,0,0,82,75
1593994869	ID:19	[HFS] ra=74 si=49 cx=49 ac=82
1593999653	ID:19	[LIST] Neighbors: 2,28,27,4,13,10
1594003290	ID:19	[LIST] Quarantine: (none)
1594006787	ID:19	[LIST] Blacklist: (none)
1594014251	ID:19	FUZZRID,DET,27,812,512,300,0,100,100,10,0,0,0,82,75
1594020107	ID:21	[HFS] ra=74 si=49 cx=49 ac=82
1594024050	ID:21	[LIST] Neighbors: 4,27,3,17
1594027687	ID:21	[LIST] Quarantine: (none)
1594028741	ID:4	[HFS] ra=74 si=49 cx=49 ac=82
1594031184	ID:21	[LIST] Blacklist: (none)
1594032551	ID:4	[LIST] Neighbors: 21,19,27
1594036188	ID:4	[LIST] Quarantine: (none)
1594038546	ID:21	FUZZRID,DET,27,812,512,300,0,100,100,5,0,0,0,82,75
1594039685	ID:4	[LIST] Blacklist: (none)
1594041686	ID:2	[HFS] ra=74 si=49 cx=49 ac=82
1594047150	ID:4	FUZZRID,DET,27,812,512,300,0,100,100,26,0,0,0,82,75
1594047513	ID:2	[LIST] Neighbors: 28,19,27,13,10,3,20,23
1594051150	ID:2	[LIST] Quarantine: (none)
1594054646	ID:2	[LIST] Blacklist: (none)
1594058321	ID:17	[HFS] ra=74 si=49 cx=49 ac=82
1594062145	ID:2	FUZZRID,DET,27,812,512,300,0,100,100,14,0,3,0,82,75
1594062412	ID:17	[LIST] Neighbors: 21,27,3,31
1594066049	ID:17	[LIST] Quarantine: (none)
1594069546	ID:17	[LIST] Blacklist: (none)
1594077011	ID:17	FUZZRID,DET,27,812,512,300,0,100,100,52,0,0,0,82,75
1595546546	ID:9	[PKT-TX] DATA bytes=13  seq=49 
1595678923	ID:1	[PKT-RX] DATA bytes=13 from=9 seq=49
1596249628	ID:22	[PKT-TX] DATA bytes=14  seq=49 
1596423353	ID:11	[PKT-TX] DATA bytes=14  seq=49 
1596531083	ID:1	[PKT-RX] DATA bytes=14 from=22 seq=49
1596686701	ID:1	[PKT-RX] DATA bytes=14 from=11 seq=49
1597090185	ID:11	[PKT-RTT] seq=49,rtt_delay_ms=328
1597805344	ID:17	[HFS] ra=0 si=0 cx=49 ac=0
1597809435	ID:17	[LIST] Neighbors: 21,27,3,31
1597813072	ID:17	[LIST] Quarantine: (none)
1597816569	ID:17	[LIST] Blacklist: (none)
1597822663	ID:17	FUZZRID,DET,21,512,512,0,0,0,0,0,0,1,0,0,0
1599786469	ID:14	[PKT-TX] DATA bytes=14  seq=49 
1599925889	ID:1	[PKT-RX] DATA bytes=14 from=14 seq=49
1600987232	ID:10	[PKT-TX] DATA bytes=14  seq=49 
1601130125	ID:1	[PKT-RX] DATA bytes=14 from=10 seq=49
1604332861	ID:12	[PKT-TX] DATA bytes=14  seq=49 
1604435425	ID:20	[PKT-TX] DATA bytes=14  seq=49 
1604551822	ID:1	[PKT-RX] DATA bytes=14 from=20 seq=49
1604636194	ID:29	[ATK-FAKE-RANK]  true_rank=1655 fake_rank=2231 t=11720s
1604675424	ID:22	[HFS] ra=74 si=49 cx=49 ac=82
1604680828	ID:22	[LIST] Neighbors: 24,16,9,29,31,26,18
1604684465	ID:22	[LIST] Quarantine: (none)
1604687962	ID:22	[LIST] Blacklist: (none)
1604695789	ID:22	FUZZRID,DET,29,2231,1655,576,0,100,100,5,0,12,0,82,75
1604740376	ID:9	[HFS] ra=74 si=49 cx=49 ac=82
1604745745	ID:9	[LIST] Neighbors: 14,24,6,12,29,15,22
1604747519	ID:12	[HFS] ra=74 si=49 cx=49 ac=82
1604749382	ID:9	[LIST] Quarantine: (none)
1604751905	ID:12	[LIST] Neighbors: 9,29,15,11,6
1604752123	ID:18	[HFS] ra=74 si=49 cx=49 ac=82
1604752209	ID:15	[HFS] ra=74 si=49 cx=49 ac=82
1604752879	ID:9	[LIST] Blacklist: (none)
1604755542	ID:12	[LIST] Quarantine: (none)
1604756360	ID:18	[LIST] Neighbors: 26,22,29,16
1604757846	ID:15	[LIST] Neighbors: 9,14,29,24,12,11,6,30
1604759038	ID:12	[LIST] Blacklist: (none)
1604759997	ID:18	[LIST] Quarantine: (none)
1604760853	ID:9	FUZZRID,DET,29,2231,1655,576,0,100,100,10,0,11,0,82,75
1604761483	ID:15	[LIST] Quarantine: (none)
1604763494	ID:18	[LIST] Blacklist: (none)
1604764979	ID:15	[LIST] Blacklist: (none)
1604766905	ID:12	FUZZRID,DET,29,2231,1655,576,0,100,100,5,0,11,0,82,75
1604771322	ID:18	FUZZRID,DET,29,2231,1655,576,0,100,100,5,0,11,0,82,75
1604772811	ID:15	FUZZRID,DET,29,2231,1655,576,0,100,100,5,0,12,0,82,75
1605112211	ID:6	[PKT-TX] DATA bytes=13  seq=49 
1605176438	ID:1	[PKT-RX] DATA bytes=14 from=12 seq=49
1605229318	ID:13	[PKT-TX] DATA bytes=14  seq=49 
1605380897	ID:1	[PKT-RX] DATA bytes=14 from=13 seq=49
1605664042	ID:13	[PKT-RTT] seq=49,rtt_delay_ms=210
1605926513	ID:1	[PKT-RX] DATA bytes=13 from=6 seq=49
1606618191	ID:12	[PKT-RTT] seq=49,rtt_delay_ms=1140
1606755696	ID:6	[PKT-RTT] seq=49,rtt_delay_ms=820
1608504489	ID:18	[HFS] ra=0 si=0 cx=49 ac=0
1608508725	ID:18	[LIST] Neighbors: 26,22,29,16
1608512362	ID:18	[LIST] Quarantine: (none)
1608515859	ID:18	[LIST] Blacklist: (none)
1608522316	ID:18	FUZZRID,DET,16,1517,1517,0,0,0,0,0,0,7,0,0,0
1609978703	ID:3	[PKT-TX] DATA bytes=13  seq=49 
1610029252	ID:1	[PKT-RX] DATA bytes=13 from=3 seq=49
1610207242	ID:3	[PKT-RTT] seq=49,rtt_delay_ms=109
1610651034	ID:4	[HFS] ra=0 si=0 cx=49 ac=0
1610654845	ID:4	[LIST] Neighbors: 21,19,27
1610658482	ID:4	[LIST] Quarantine: (none)
1610661979	ID:4	[LIST] Blacklist: (none)
1610668072	ID:4	FUZZRID,DET,19,512,512,0,0,0,0,0,0,0,0,0,0
1611126839	ID:16	[PKT-TX] DATA bytes=14  seq=49 
1612074815	ID:21	[PKT-TX] DATA bytes=14  seq=49 
1612091592	ID:1	[PKT-RX] DATA bytes=14 from=21 seq=49
1612531220	ID:1	[PKT-RX] DATA bytes=14 from=16 seq=49
1612745540	ID:12	[HFS] ra=0 si=0 cx=49 ac=0
1612749910	ID:12	[LIST] Neighbors: 9,29,15,11,6
1612753547	ID:12	[LIST] Quarantine: (none)
1612757044	ID:12	[LIST] Blacklist: (none)
1612763500	ID:12	FUZZRID,DET,11,1895,1895,0,0,0,0,0,0,1,0,0,0
1613098288	ID:4	[PKT-TX] DATA bytes=13  seq=49 
1613752986	ID:17	[PKT-TX] DATA bytes=14  seq=49 
1613936434	ID:16	[PKT-RTT] seq=49,rtt_delay_ms=1398
1614116530	ID:1	[PKT-RX] DATA bytes=13 from=4 seq=49
1615115176	ID:7	[PKT-TX] DATA bytes=13  seq=49 
1615232180	ID:8	[PKT-TX] DATA bytes=13  seq=49 
1615534544	ID:1	[PKT-RX] DATA bytes=14 from=17 seq=49
1616106859	ID:1	[PKT-RX] DATA bytes=13 from=7 seq=49
1616554425	ID:17	[PKT-RTT] seq=49,rtt_delay_ms=1398
1616606637	ID:1	[PKT-RX] DATA bytes=13 from=8 seq=49
1618582468	ID:15	[PKT-TX] DATA bytes=14  seq=49 
1618706418	ID:1	[HFS] ra=0 si=0 cx=49 ac=0
1618711481	ID:1	[LIST] Neighbors: 2,21,28,4,19,27,3
1618715118	ID:1	[LIST] Quarantine: (none)
1618718615	ID:1	[LIST] Blacklist: (none)
1618724709	ID:1	FUZZRID,DET,19,512,512,0,0,0,0,0,0,0,0,0,0
1618778114	ID:4	[HFS] ra=0 si=0 cx=49 ac=0
1618781924	ID:4	[LIST] Neighbors: 21,19,27
1618785561	ID:4	[LIST] Quarantine: (none)
1618789058	ID:4	[LIST] Blacklist: (none)
1618791293	ID:13	[HFS] ra=0 si=0 cx=49 ac=0
1618795153	ID:4	FUZZRID,DET,19,512,512,0,0,0,0,0,0,0,0,0,0
1618796076	ID:13	[LIST] Neighbors: 2,28,19,10,7,25
1618799713	ID:13	[LIST] Quarantine: (none)
1618803221	ID:13	[LIST] Blacklist: (none)
1618809315	ID:13	FUZZRID,DET,19,512,512,0,0,0,0,0,0,1,0,0,0
1619052133	ID:1	[PKT-RX] DATA bytes=14 from=15 seq=49
1619146247	ID:21	[HFS] ra=0 si=0 cx=49 ac=0
1619150177	ID:21	[LIST] Neighbors: 4,27,3,17
1619153813	ID:21	[LIST] Quarantine: (none)
1619157311	ID:21	[LIST] Blacklist: (none)
1619163267	ID:21	FUZZRID,DET,4,557,557,0,0,0,0,0,0,0,0,0,0
1620065581	ID:19	[PKT-TX] DATA bytes=14  seq=49 
1620082285	ID:1	[PKT-RX] DATA bytes=14 from=19 seq=49
1620160620	ID:5	 207363 P 0.0 26 865141 52217066 228533 487085 0 387625 35786 1930226 11133 19312 0 13723 (radio 1.-47% / 1.54% tx 0.43% / 0.56% listen 0.10% / 0.98%)
1620271158	ID:12	 207363 P 0.0 26 1099032 51980571 275878 520175 0 391672 57776 1908271 18234 22606 0 13552 (radio 1.-31% / 2.07% tx 0.51% / 0.92% listen 0.17% / 1.14%)
1620301976	ID:4	 207363 P 0.0 26 781989 52299892 136335 478266 0 413199 41918 1924121 11589 23627 0 16870 (radio 1.-66% / 1.79% tx 0.25% / 0.58% listen 0.09% / 1.20%)
1620360688	ID:3	 207363 P 0.0 26 1380866 51700347 422232 606593 0 416973 59670 1906339 18742 27834 0 17182 (radio 1.-69% / 2.36% tx 0.79% / 0.95% listen 1.-67% / 1.41%)
1620419306	ID:21	 207363 P 0.0 26 1081540 51998101 225444 583802 0 425129 62964 1902980 19135 30029 0 16421 (radio 1.-29% / 2.50% tx 0.42% / 0.97% listen 1.-71% / 1.52%)
1620463680	ID:16	 207363 P 0.0 26 1188069 51893368 387368 552163 0 373800 52854 1913111 20048 25022 0 14959 (radio 1.-85% / 2.29% tx 0.72% / 1.01% listen 1.-77% / 1.27%)
1620515653	ID:9	 207363 P 0.0 26 1759449 51322413 576083 764538 0 500060 82749 1883235 30169 31164 0 16611 (radio 2.-191% / 3.11% tx 1.-73% / 1.53% listen 1.-37% / 1.58%)
1620597574	ID:1	 207365 P 0.0 26 3226393 49855200 1369908 51710909 0 0 151176 1814829 71456 1894424 0 0 (radio 19.-1853% / 99.-8640% tx 2.-185% / 3.63% listen 16.-1568% / 96.-8703%)
1620612024	ID:23	[ATK-FAKE-RANK]  true_rank=1015 fake_rank=1318 t=11720s
1620632151	ID:7	 207363 P 0.0 26 2037545 51044110 811533 757305 0 377616 67345 1898707 26258 28322 0 15511 (radio 2.-148% / 2.77% tx 1.-29% / 1.33% listen 1.-39% / 1.44%)
1620659096	ID:6	 207363 P 0.0 26 1317194 51764817 340050 571664 0 435401 37334 1928690 4958 19665 0 16839 (radio 1.-91% / 1.25% tx 0.64% / 0.25% listen 1.-74% / 1.00%)
1620671270	ID:20	 207363 P 0.0 26 2748353 50333355 1107205 973983 0 417478 87235 1878757 32620 33884 0 15203 (radio 3.-232% / 3.38% tx 2.-154% / 1.65% listen 1.-79% / 1.72%)
1620692480	ID:2	 207363 P 0.0 26 2436656 50643331 656199 960059 0 492295 92023 1873435 27656 37466 0 18068 (radio 3.-239% / 3.31% tx 1.-58% / 1.40% listen 1.-81% / 1.90%)
1620702521	ID:22	 207363 P 0.0 26 1493885 51588054 409424 670063 0 480558 71421 1894529 24401 30045 0 19333 (radio 2.-159% / 2.76% tx 0.77% / 1.24% listen 1.-55% / 1.52%)
1620778035	ID:15	 207363 P 0.0 26 1885574 51196146 606744 749565 0 463677 54681 1911308 12036 21913 0 16227 (radio 2.-188% / 1.72% tx 1.-67% / 0.61% listen 1.-40% / 1.11%)
1620896040	ID:19	 207363 P 0.0 26 1079786 52001926 133035 597919 0 501289 54476 1911505 11059 26391 0 18927 (radio 1.-44% / 1.90% tx 0.25% / 0.56% listen 1.-69% / 1.34%)
1620940611	ID:13	 207363 P 0.0 26 1407752 51674005 422464 618410 0 434188 79563 1886429 31871 30563 0 14672 (radio 1.-66% / 3.17% tx 0.79% / 1.62% listen 1.-65% / 1.55%)
1620956722	ID:17	 207363 P 0.0 26 937357 52143744 237062 517137 0 411669 51030 1914800 19078 24273 0 15306 (radio 1.-39% / 2.20% tx 0.44% / 0.97% listen 0.16% / 1.23%)
1620993859	ID:11	 207363 P 0.0 26 888771 52193277 239885 469555 0 365604 38252 1927803 12612 18686 0 12696 (radio 1.-48% / 1.59% tx 0.45% / 0.64% listen 0.07% / 0.95%)
1621026341	ID:18	 207363 P 0.0 26 1010344 52071272 278976 498364 0 387005 36167 1929777 8248 18793 0 15007 (radio 1.-35% / 1.37% tx 0.52% / 0.41% listen 0.12% / 0.95%)
1621064161	ID:10	 207363 P 0.0 26 1422207 51660193 353512 741290 0 581301 53001 1913051 14929 30115 0 22759 (radio 2.-156% / 2.29% tx 0.66% / 0.75% listen 1.-42% / 1.53%)
1621092389	ID:8	 207363 P 0.0 26 1059132 52023006 275869 519899 0 393590 40752 1925309 12732 20158 0 14141 (radio 1.-31% / 1.67% tx 0.51% / 0.64% listen 0.17% / 1.02%)
1621115600	ID:14	 207363 P 0.0 26 1736343 51345918 517197 767651 0 498899 68820 1897193 22134 28185 0 15902 (radio 2.-120% / 2.55% tx 0.16% / 1.12% listen 1.-37% / 1.43%)
1621239686	ID:12	[PKT-TX] DATA bytes=14  seq=50 
1621551963	ID:1	[PKT-RX] DATA bytes=14 from=12 seq=50
1621993082	ID:12	[PKT-RTT] seq=50,rtt_delay_ms=375
1622870912	ID:6	[PKT-TX] DATA bytes=13  seq=50 
1623678649	ID:1	[PKT-RX] DATA bytes=13 from=6 seq=50
1624005965	ID:6	[PKT-RTT] seq=50,rtt_delay_ms=562
1626840823	ID:14	[HFS] ra=0 si=0 cx=49 ac=0
1626846047	ID:14	[LIST] Neighbors: 20,25,30,24,9,6,15
1626849684	ID:14	[LIST] Quarantine: (none)
1626853181	ID:14	[LIST] Blacklist: (none)
1626859516	ID:14	FUZZRID,DET,6,1601,1601,0,0,0,0,0,0,1,0,0,0
1627246526	ID:5	[PKT-TX] DATA bytes=13  seq=50 
1627644969	ID:15	[PKT-TX] DATA bytes=14  seq=50 
1627855972	ID:1	[PKT-RX] DATA bytes=13 from=5 seq=50
1628178967	ID:1	[PKT-RX] DATA bytes=14 from=15 seq=50
1628979631	ID:17	[PKT-TX] DATA bytes=14  seq=50 
1629030958	ID:1	[PKT-RX] DATA bytes=14 from=17 seq=50
1629123456	ID:8	[PKT-TX] DATA bytes=13  seq=50 
1629179668	ID:17	[PKT-RTT] seq=50,rtt_delay_ms=93
1629357884	ID:1	[PKT-RX] DATA bytes=13 from=8 seq=50
1629432755	ID:19	[PKT-TX] DATA bytes=14  seq=50 
1629449678	ID:1	[PKT-RX] DATA bytes=14 from=19 seq=50
1631748772	ID:9	[PKT-TX] DATA bytes=13  seq=50 
1631928052	ID:1	[PKT-RX] DATA bytes=13 from=9 seq=50
1632294282	ID:14	[PKT-TX] DATA bytes=14  seq=50 
1632427963	ID:1	[PKT-RX] DATA bytes=14 from=14 seq=50
1633236208	ID:16	[PKT-TX] DATA bytes=14  seq=50 
1633406205	ID:1	[PKT-RX] DATA bytes=14 from=16 seq=50
1633686863	ID:16	[PKT-RTT] seq=50,rtt_delay_ms=218
1633769542	ID:2	[PKT-TX] DATA bytes=13  seq=50 
1633791819	ID:13	[PKT-TX] DATA bytes=14  seq=50 
1633894489	ID:1	[PKT-RX] DATA bytes=13 from=2 seq=50
1634003739	ID:1	[PKT-RX] DATA bytes=14 from=13 seq=50
1634161859	ID:13	[PKT-RTT] seq=50,rtt_delay_ms=179
1635785720	ID:21	[PKT-TX] DATA bytes=14  seq=50 
1635802495	ID:1	[PKT-RX] DATA bytes=14 from=21 seq=50
1637381162	ID:20	[PKT-TX] DATA bytes=14  seq=50 
1637471939	ID:28	[ATK-FAKE-RANK]  true_rank=512 fake_rank=832 t=11720s
1638021862	ID:20	[HFS] ra=74 si=49 cx=49 ac=82
1638027251	ID:20	[LIST] Neighbors: 2,10,25,14,28,23,24
1638030888	ID:20	[LIST] Quarantine: (none)
1638034385	ID:20	[LIST] Blacklist: (none)
1638041849	ID:20	FUZZRID,DET,28,832,512,320,0,100,100,40,0,1,0,82,75
1638178542	ID:1	[PKT-RX] DATA bytes=14 from=20 seq=50
1638391370	ID:20	[PKT-RTT] seq=50,rtt_delay_ms=500
1640217299	ID:7	[PKT-TX] DATA bytes=13  seq=50 
1640337917	ID:11	[PKT-TX] DATA bytes=14  seq=50 
1640359108	ID:1	[PKT-RX] DATA bytes=13 from=7 seq=50
1640553769	ID:1	[PKT-RX] DATA bytes=14 from=11 seq=50
1640705982	ID:10	[PKT-TX] DATA bytes=14  seq=50 
1640754117	ID:1	[PKT-RX] DATA bytes=14 from=10 seq=50
1642201628	ID:27	[ATK-FAKE-RANK]  true_rank=512 fake_rank=832 t=11720s
1642249604	ID:22	[PKT-TX] DATA bytes=14  seq=50 
1642277643	ID:4	[HFS] ra=74 si=49 cx=49 ac=82
1642281482	ID:4	[LIST] Neighbors: 21,19,27
1642285118	ID:4	[LIST] Quarantine: (none)
1642288615	ID:4	[LIST] Blacklist: (none)
1642295958	ID:4	FUZZRID,DET,27,832,512,320,0,100,100,5,0,0,0,82,75
1642531161	ID:1	[PKT-RX] DATA bytes=14 from=22 seq=50
1642706516	ID:18	[PKT-TX] DATA bytes=14  seq=50 
1643278855	ID:1	[PKT-RX] DATA bytes=14 from=18 seq=50
1643622676	ID:18	[PKT-RTT] seq=50,rtt_delay_ms=453
1644478678	ID:3	[PKT-TX] DATA bytes=13  seq=50 
1644529095	ID:1	[PKT-RX] DATA bytes=13 from=3 seq=50
1644707105	ID:3	[PKT-RTT] seq=50,rtt_delay_ms=109
1645692039	ID:4	[PKT-TX] DATA bytes=13  seq=50 
1645708925	ID:1	[PKT-RX] DATA bytes=13 from=4 seq=50
1646880984	ID:30	[ATK-FAKE-RANK]  true_rank=1320 fake_rank=1986 t=11720s
1647009883	ID:6	[HFS] ra=74 si=49 cx=49 ac=82
1647014827	ID:6	[LIST] Neighbors: 14,30,9,15,12,11
1647018464	ID:6	[LIST] Quarantine: (none)
1647021961	ID:6	[LIST] Blacklist: (none)
1647029671	ID:6	FUZZRID,DET,30,1986,1320,666,0,100,100,5,0,1,0,82,75
1652817281	ID:8	[HFS] ra=0 si=0 cx=49 ac=0
1652821212	ID:8	[LIST] Neighbors: 7,25,5,30
1652824849	ID:8	[LIST] Quarantine: (none)
1652828347	ID:8	[LIST] Blacklist: (none)
1652834662	ID:8	FUZZRID,DET,5,1341,1341,0,0,0,0,0,0,0,0,0,0
1655605438	ID:1	[HFS] ra=0 si=0 cx=49 ac=0
1655610501	ID:1	[LIST] Neighbors: 2,21,28,4,19,27,3
1655614159	ID:1	[LIST] Quarantine: (none)
1655617656	ID:1	[LIST] Blacklist: (none)
1655619147	ID:19	[HFS] ra=0 si=0 cx=49 ac=0
1655623611	ID:1	FUZZRID,DET,4,552,552,0,0,0,0,0,0,0,0,0,0
1655623930	ID:19	[LIST] Neighbors: 2,28,27,4,13,10
1655627567	ID:19	[LIST] Quarantine: (none)
1655631063	ID:19	[LIST] Blacklist: (none)
1655637019	ID:19	FUZZRID,DET,4,552,552,0,0,0,0,0,0,0,0,0,0
1655644006	ID:21	[HFS] ra=0 si=0 cx=49 ac=0
1655647937	ID:21	[LIST] Neighbors: 4,27,3,17
1655651573	ID:21	[LIST] Quarantine: (none)
1655655070	ID:21	[LIST] Blacklist: (none)
1655661026	ID:21	FUZZRID,DET,4,552,552,0,0,0,0,0,0,0,0,0,0
1658038451	ID:10	[HFS] ra=0 si=0 cx=49 ac=0
1658044117	ID:10	[LIST] Neighbors: 2,28,13,7,25,20,23,19
1658047754	ID:10	[LIST] Quarantine: (none)
1658051250	ID:10	[LIST] Blacklist: (none)
1658057205	ID:10	FUZZRID,DET,2,512,512,0,0,0,0,0,0,5,0,0,0
1658182552	ID:17	[HFS] ra=0 si=0 cx=49 ac=0
1658186642	ID:17	[LIST] Neighbors: 21,27,3,31
1658190279	ID:17	[LIST] Quarantine: (none)
1658193776	ID:17	[LIST] Blacklist: (none)
1658199732	ID:17	FUZZRID,DET,3,779,779,0,0,0,0,0,0,0,0,0,0
1658605369	ID:7	[HFS] ra=0 si=0 cx=49 ac=0
1658610169	ID:7	[LIST] Neighbors: 28,13,10,25,5,8
1658613806	ID:7	[LIST] Quarantine: (none)
1658617303	ID:7	[LIST] Blacklist: (none)
1658623398	ID:7	FUZZRID,DET,10,776,776,0,0,0,0,0,0,1,0,0,0
1659979948	ID:29	[ATK-FAKE-RANK]  true_rank=1655 fake_rank=2251 t=11720s
1660053418	ID:22	[HFS] ra=74 si=49 cx=49 ac=82
1660058800	ID:22	[LIST] Neighbors: 24,16,9,29,31,26,18
1660062437	ID:22	[LIST] Quarantine: (none)
1660065934	ID:22	[LIST] Blacklist: (none)
1660073795	ID:22	FUZZRID,DET,29,2251,1655,596,0,100,100,4,0,12,0,82,75
1660118250	ID:9	[HFS] ra=74 si=49 cx=49 ac=82
1660121264	ID:12	[HFS] ra=74 si=49 cx=49 ac=82
1660123620	ID:9	[LIST] Neighbors: 14,24,6,12,29,15,22
1660125646	ID:12	[LIST] Neighbors: 9,29,15,11,6
1660125784	ID:18	[HFS] ra=74 si=49 cx=49 ac=82
1660127257	ID:9	[LIST] Quarantine: (none)
1660129283	ID:12	[LIST] Quarantine: (none)
1660130023	ID:18	[LIST] Neighbors: 26,22,29,16
1660130754	ID:9	[LIST] Blacklist: (none)
1660132779	ID:12	[LIST] Blacklist: (none)
1660133660	ID:18	[LIST] Quarantine: (none)
1660137157	ID:18	[LIST] Blacklist: (none)
1660138615	ID:9	FUZZRID,DET,29,2251,1655,596,0,100,100,4,0,11,0,82,75
1660140467	ID:12	FUZZRID,DET,29,2251,1655,596,0,100,100,4,0,7,0,82,75
1660145015	ID:18	FUZZRID,DET,29,2251,1655,596,0,100,100,4,0,11,0,82,75
1664166474	ID:2	[HFS] ra=0 si=0 cx=49 ac=0
1664172271	ID:2	[LIST] Neighbors: 28,19,27,13,10,3,20,23
1664175908	ID:2	[LIST] Quarantine: (none)
1664179425	ID:2	[LIST] Blacklist: (none)
1664185518	ID:2	FUZZRID,DET,13,867,867,0,0,0,0,0,0,6,0,0,0
1674416491	ID:25	[ATK-FAKE-RANK]  true_rank=1078 fake_rank=1736 t=11720s
1674521328	ID:20	[HFS] ra=74 si=49 cx=49 ac=82
1674526691	ID:20	[LIST] Neighbors: 2,10,25,14,28,23,24
1674530328	ID:20	[LIST] Quarantine: (none)
1674533825	ID:20	[LIST] Blacklist: (none)
1674541655	ID:20	FUZZRID,DET,25,1736,1078,658,0,100,100,10,0,6,0,82,75
1675379960	ID:15	[HFS] ra=0 si=0 cx=49 ac=0
1675385597	ID:15	[LIST] Neighbors: 9,14,29,24,12,11,6,30
1675389264	ID:15	[LIST] Quarantine: (none)
1675392760	ID:15	[LIST] Blacklist: (none)
1675399212	ID:15	FUZZRID,DET,12,1641,1641,0,0,0,0,0,0,2,0,0,0
1680160330	ID:5	 215043 P 0.0 27 890885 54157310 233458 502849 0 400766 25742 1940244 4925 15764 0 13141 (radio 1.-45% / 1.05% tx 0.42% / 0.25% listen 0.13% / 0.80%)
1680270896	ID:12	 215043 P 0.0 27 1133584 53912058 283689 536869 0 404387 34551 1931487 7811 16694 0 12715 (radio 1.-29% / 1.24% tx 0.51% / 0.39% listen 0.19% / 0.84%)
1680301722	ID:4	 215043 P 0.0 27 817753 54230019 145518 496200 0 426912 35763 1930127 9183 17934 0 13713 (radio 1.-62% / 1.37% tx 0.26% / 0.46% listen 0.12% / 0.91%)
1680360653	ID:3	 215043 P 0.0 27 1444300 53602927 443733 631824 0 432171 63432 1902580 21501 25231 0 15198 (radio 1.-61% / 2.37% tx 0.02% / 1.09% listen 1.-64% / 1.28%)
1680419297	ID:21	 215043 P 0.0 27 1156906 53888760 254208 612170 0 438872 75365 1890659 28764 28368 0 13743 (radio 1.-99% / 2.90% tx 0.46% / 1.46% listen 1.-67% / 1.44%)
1680463405	ID:16	 215043 P 0.0 27 1221245 53826248 395278 571145 0 387799 33175 1932880 7910 18982 0 13999 (radio 1.-81% / 1.36% tx 0.71% / 0.40% listen 1.-75% / 0.96%)
1680515648	ID:9	 215043 P 0.0 27 1811798 53235931 590361 787307 0 515140 52348 1913518 14278 22769 0 15080 (radio 2.-184% / 1.88% tx 1.-71% / 0.72% listen 1.-35% / 1.15%)
1680597270	ID:1	 215045 P 0.0 27 3308973 51738629 1400211 53646589 0 0 82578 1883429 30303 1935679 0 0 (radio 21.-2088% / 99.-8639% tx 2.-180% / 1.54% listen 19.-1830% / 98.-8693%)
1680632111	ID:7	 215043 P 0.0 27 2088543 52959009 826998 778694 0 390882 50997 1914899 15465 21389 0 13266 (radio 2.-143% / 1.87% tx 1.-28% / 0.78% listen 1.-37% / 1.08%)
1680659133	ID:6	 215043 P 0.0 27 1356239 53691793 347790 589697 0 448873 39043 1926976 7740 18033 0 13472 (radio 1.-86% / 1.31% tx 0.63% / 0.39% listen 1.-71% / 0.91%)
1680671261	ID:20	 215043 P 0.0 27 2810265 52237225 1125088 998316 0 430885 61911 1903870 17883 24333 0 13407 (radio 3.-227% / 2.14% tx 2.-152% / 0.90% listen 1.-75% / 1.23%)
1680692462	ID:2	 215043 P 0.0 27 2503862 52542097 673926 986460 0 507080 67205 1898766 17727 26401 0 14785 (radio 3.-233% / 2.24% tx 1.-56% / 0.90% listen 1.-77% / 1.34%)
1680702259	ID:22	 215043 P 0.0 27 1527463 53520359 413094 688712 0 496954 33577 1932305 3670 18649 0 16396 (radio 2.-156% / 1.13% tx 0.75% / 0.18% listen 1.-53% / 0.94%)
1680780980	ID:15	 215043 P 0.0 27 1940189 53107510 622069 771408 0 477567 54614 1911364 15325 21843 0 13890 (radio 2.-181% / 1.89% tx 1.-66% / 0.77% listen 1.-38% / 1.11%)
1680894234	ID:19	 215043 P 0.0 27 1113657 53934061 134468 616919 0 517809 33870 1932135 1433 19000 0 16520 (radio 1.-42% / 1.03% tx 0.24% / 0.07% listen 1.-66% / 0.96%)
1680940256	ID:13	 215043 P 0.0 27 1442461 53605363 428710 635325 0 448157 34708 1931358 6246 16915 0 13969 (radio 1.-63% / 1.17% tx 0.77% / 0.31% listen 1.-63% / 0.86%)
1680956429	ID:17	 215043 P 0.0 27 968238 54078881 243304 537511 0 427938 30879 1935137 6242 20374 0 16269 (radio 1.-37% / 1.35% tx 0.44% / 0.31% listen 0.19% / 1.03%)
1680993572	ID:11	 215043 P 0.0 27 916560 54131462 246386 486062 0 378754 27788 1938185 6501 16507 0 13150 (radio 1.-45% / 1.17% tx 0.44% / 0.33% listen 0.10% / 0.83%)
1681026339	ID:18	 215043 P 0.0 27 1046519 54001129 288471 516094 0 399242 36173 1929857 9495 17730 0 12237 (radio 1.-32% / 1.38% tx 0.52% / 0.48% listen 0.15% / 0.90%)
1681064101	ID:10	 215043 P 0.0 27 1467937 53580398 363763 763188 0 597657 45728 1920205 10251 21898 0 16356 (radio 2.-152% / 1.63% tx 0.66% / 0.52% listen 1.-40% / 1.11%)
1681092141	ID:8	 215043 P 0.0 27 1091198 53957005 282808 535977 0 406849 32064 1933999 6939 16078 0 13259 (radio 1.-30% / 1.17% tx 0.51% / 0.35% listen 0.19% / 0.81%)
1681115580	ID:14	 215043 P 0.0 27 1787657 53260634 530341 789920 0 513989 51313 1914716 13144 22269 0 15090 (radio 2.-195% / 1.80% tx 0.18% / 0.66% listen 1.-35% / 1.13%)
1683270928	ID:24	[ATK-FAKE-RANK]  true_rank=1096 fake_rank=1456 t=11720s
1683343421	ID:14	[HFS] ra=74 si=49 cx=49 ac=82
1683348645	ID:14	[LIST] Neighbors: 20,25,30,24,9,6,15
1683352282	ID:14	[LIST] Quarantine: (none)
1683355779	ID:14	[LIST] Blacklist: (none)
1683363605	ID:14	FUZZRID,DET,24,1456,1096,360,0,100,100,35,0,0,0,82,75
1700618523	ID:19	[HFS] ra=0 si=0 cx=49 ac=0
1700623340	ID:19	[LIST] Neighbors: 2,28,27,4,13,10
1700626976	ID:19	[LIST] Quarantine: (none)
1700630473	ID:19	[LIST] Blacklist: (none)
1700636429	ID:19	FUZZRID,DET,4,552,552,0,0,0,0,0,0,0,0,0,0
1701931255	ID:25	[ATK-FAKE-RANK]  true_rank=1075 fake_rank=1756 t=11720s
1701966644	ID:14	[HFS] ra=74 si=49 cx=49 ac=82
1701971876	ID:14	[LIST] Neighbors: 20,25,30,24,9,6,15
1701975513	ID:14	[LIST] Quarantine: (none)
1701979010	ID:14	[LIST] Blacklist: (none)
1701983957	ID:7	[HFS] ra=74 si=49 cx=49 ac=82
1701986875	ID:14	FUZZRID,DET,25,1756,1075,681,0,100,100,16,0,4,0,82,75
1701988754	ID:7	[LIST] Neighbors: 28,13,10,25,5,8
1701992409	ID:7	[LIST] Quarantine: (none)
1701995906	ID:7	[LIST] Blacklist: (none)
1702003732	ID:7	FUZZRID,DET,25,1756,1075,681,0,100,100,15,0,0,0,82,75
1702013255	ID:5	[HFS] ra=74 si=49 cx=49 ac=82
1702016760	ID:5	[LIST] Neighbors: 7,8,25
1702020396	ID:5	[LIST] Quarantine: (none)
1702021741	ID:20	[HFS] ra=74 si=49 cx=49 ac=82
1702023893	ID:5	[LIST] Blacklist: (none)
1702027111	ID:20	[LIST] Neighbors: 2,10,25,14,28,23,24
1702030748	ID:20	[LIST] Quarantine: (none)
1702031753	ID:5	FUZZRID,DET,25,1756,1075,681,0,100,100,11,0,0,0,82,75
1702034245	ID:20	[LIST] Blacklist: (none)
1702041967	ID:20	FUZZRID,DET,25,1756,1075,681,0,100,100,5,0,1,0,82,75
1702044148	ID:13	[HFS] ra=74 si=49 cx=49 ac=82
1702045351	ID:10	[HFS] ra=74 si=49 cx=49 ac=82
1702048932	ID:13	[LIST] Neighbors: 2,28,19,10,7,25
1702050988	ID:10	[LIST] Neighbors: 2,28,13,7,25,20,23,19
1702052568	ID:13	[LIST] Quarantine: (none)
1702054625	ID:10	[LIST] Quarantine: (none)
1702056065	ID:13	[LIST] Blacklist: (none)
1702058121	ID:10	[LIST] Blacklist: (none)
1702063891	ID:13	FUZZRID,DET,25,1756,1075,681,0,100,100,17,0,0,0,82,75
1702065974	ID:10	FUZZRID,DET,25,1756,1075,681,0,100,100,45,0,5,0,82,75
1702068746	ID:8	[HFS] ra=74 si=49 cx=49 ac=82
1702072677	ID:8	[LIST] Neighbors: 7,25,5,30
1702076314	ID:8	[LIST] Quarantine: (none)
1702079822	ID:8	[LIST] Blacklist: (none)
1702087671	ID:8	FUZZRID,DET,25,1756,1075,681,0,100,100,16,0,3,0,82,75
1705511886	ID:29	[ATK-FAKE-RANK]  true_rank=1655 fake_rank=2271 t=11720s
1705628699	ID:15	[HFS] ra=74 si=49 cx=49 ac=82
1705634336	ID:15	[LIST] Neighbors: 9,14,29,24,12,11,6,30
1705638005	ID:15	[LIST] Quarantine: (none)
1705641501	ID:15	[LIST] Blacklist: (none)
1705649329	ID:15	FUZZRID,DET,29,2271,1655,616,0,100,100,8,0,11,0,82,75
1706595250	ID:26	[ATK-FAKE-RANK]  true_rank=1530 fake_rank=1584 t=11720s
1706625589	ID:18	[HFS] ra=74 si=0 cx=49 ac=95
1706629845	ID:18	[LIST] Neighbors: 26,22,29,16
1706633482	ID:18	[LIST] Quarantine: (none)
1706636979	ID:18	[LIST] Blacklist: (none)
1706644489	ID:18	FUZZRID,DET,26,1584,1530,54,0,20,100,6,0,2,0,95,100
1716039634	ID:10	[HFS] ra=0 si=0 cx=49 ac=0
1716045270	ID:10	[LIST] Neighbors: 2,28,13,7,25,20,23,19
1716048907	ID:10	[LIST] Quarantine: (none)
1716052403	ID:10	[LIST] Blacklist: (none)
1716058498	ID:10	FUZZRID,DET,20,784,784,0,0,0,0,0,0,3,0,0,0
1717138061	ID:30	[ATK-FAKE-RANK]  true_rank=1320 fake_rank=2006 t=11720s
1718954570	ID:28	[ATK-FAKE-RANK]  true_rank=512 fake_rank=852 t=11720s
1719039862	ID:13	[HFS] ra=74 si=49 cx=49 ac=82
1719044645	ID:13	[LIST] Neighbors: 2,28,19,10,7,25
1719048282	ID:13	[LIST] Quarantine: (none)
1719051779	ID:13	[LIST] Blacklist: (none)
1719059243	ID:13	FUZZRID,DET,28,852,512,340,0,100,100,46,0,0,0,82,75
1721301077	ID:22	[HFS] ra=0 si=0 cx=49 ac=0
1721306480	ID:22	[LIST] Neighbors: 24,16,9,29,31,26,18
1721310117	ID:22	[LIST] Quarantine: (none)
1721313626	ID:22	[LIST] Blacklist: (none)
1721320080	ID:22	FUZZRID,DET,18,1803,1803,0,0,0,0,0,0,3,0,0,0
1721420408	ID:2	[HFS] ra=0 si=0 cx=49 ac=0
1721426204	ID:2	[LIST] Neighbors: 28,19,27,13,10,3,20,23
1721429844	ID:2	[LIST] Quarantine: (none)
1721433341	ID:2	[LIST] Blacklist: (none)
1721439435	ID:2	FUZZRID,DET,19,512,512,0,0,0,0,0,0,3,0,0,0
1726802414	ID:22	[HFS] ra=0 si=0 cx=49 ac=0
1726807784	ID:22	[LIST] Neighbors: 24,16,9,29,31,26,18
1726811421	ID:22	[LIST] Quarantine: (none)
1726814919	ID:22	[LIST] Blacklist: (none)
1726821375	ID:22	FUZZRID,DET,16,1500,1500,0,0,0,0,0,0,5,0,0,0
1734253719	ID:15	[HFS] ra=0 si=0 cx=49 ac=0
1734259355	ID:15	[LIST] Neighbors: 9,14,29,24,12,11,6,30
1734263005	ID:15	[LIST] Quarantine: (none)
1734266501	ID:15	[LIST] Blacklist: (none)
1734272816	ID:15	FUZZRID,DET,9,1323,1323,0,0,0,0,0,0,6,0,0,0
1734385718	ID:31	[ATK-FAKE-RANK]  true_rank=1106 fake_rank=1269 t=11720s
1734433155	ID:17	[HFS] ra=74 si=59 cx=49 ac=82
1734437246	ID:17	[LIST] Neighbors: 21,27,3,31
1734440883	ID:17	[LIST] Quarantine: (none)
1734444402	ID:17	[LIST] Blacklist: (none)
1734452231	ID:17	FUZZRID,DET,31,1269,1106,163,0,62,100,34,66,1,0,82,75
1739260970	ID:1	[HFS] ra=0 si=0 cx=49 ac=0
1739266033	ID:1	[LIST] Neighbors: 2,21,28,4,19,27,3
1739269576	ID:20	[HFS] ra=0 si=0 cx=49 ac=0
1739269670	ID:1	[LIST] Quarantine: (none)
1739273167	ID:1	[LIST] Blacklist: (none)
1739274932	ID:20	[LIST] Neighbors: 2,10,25,14,28,23,24
1739278569	ID:20	[LIST] Quarantine: (none)
1739279122	ID:1	FUZZRID,DET,2,512,512,0,0,0,0,0,0,3,0,0,0
1739282086	ID:20	[LIST] Blacklist: (none)
1739288041	ID:20	FUZZRID,DET,2,512,512,0,0,0,0,0,0,6,0,0,0
1739291064	ID:13	[HFS] ra=0 si=0 cx=49 ac=0
1739291166	ID:10	[HFS] ra=0 si=0 cx=49 ac=0
1739295674	ID:27	[ATK-FAKE-RANK]  true_rank=512 fake_rank=852 t=11720s
1739295856	ID:13	[LIST] Neighbors: 2,28,19,10,7,25
1739296801	ID:10	[LIST] Neighbors: 2,28,13,7,25,20,23,19
1739299493	ID:13	[LIST] Quarantine: (none)
1739300438	ID:10	[LIST] Quarantine: (none)
1739302990	ID:13	[LIST] Blacklist: (none)
1739303935	ID:10	[LIST] Blacklist: (none)
1739308945	ID:13	FUZZRID,DET,2,512,512,0,0,0,0,0,0,4,0,0,0
1739309890	ID:10	FUZZRID,DET,2,512,512,0,0,0,0,0,0,5,0,0,0
1739989522	ID:9	[HFS] ra=0 si=0 cx=49 ac=0
1739994925	ID:9	[LIST] Neighbors: 14,24,6,12,29,15,22
1739998562	ID:9	[LIST] Quarantine: (none)
1740002059	ID:9	[LIST] Blacklist: (none)
1740002212	ID:15	[HFS] ra=0 si=0 cx=49 ac=0
1740007848	ID:15	[LIST] Neighbors: 9,14,29,24,12,11,6,30
1740008511	ID:9	FUZZRID,DET,12,1641,1641,0,0,0,0,0,0,2,0,0,0
1740011211	ID:6	[HFS] ra=0 si=0 cx=49 ac=0
1740011485	ID:15	[LIST] Quarantine: (none)
1740014981	ID:15	[LIST] Blacklist: (none)
1740016154	ID:6	[LIST] Neighbors: 14,30,9,15,12,11
1740019792	ID:6	[LIST] Quarantine: (none)
1740021434	ID:15	FUZZRID,DET,12,1641,1641,0,0,0,0,0,0,2,0,0,0
1740023288	ID:6	[LIST] Blacklist: (none)
1740029773	ID:6	FUZZRID,DET,12,1641,1641,0,0,0,0,0,0,2,0,0,0
1740159533	ID:5	 222723 P 0.0 28 908543 56105651 233458 515183 0 413078 17657 1948341 0 12334 0 12312 (radio 1.-45% / 0.62% tx 0.40% / 0.00% listen 0.15% / 0.62%)
1740270874	ID:12	 222723 P 0.0 28 1164409 55847230 290353 551158 0 416599 30824 1935172 6664 14289 0 12212 (radio 1.-28% / 1.06% tx 0.50% / 0.33% listen 0.21% / 0.72%)
1740301725	ID:4	 222723 P 0.0 28 839996 56173820 147610 509254 0 438939 22242 1943801 2092 13054 0 12027 (radio 1.-61% / 0.77% tx 0.25% / 0.10% listen 0.13% / 0.66%)
1740359529	ID:3	 222723 P 0.0 28 1467839 55545444 443733 644013 0 444360 23537 1942517 0 12189 0 12189 (radio 1.-60% / 0.61% tx 0.02% / 0.00% listen 1.-63% / 0.61%)
1740418452	ID:21	 222723 P 0.0 28 1179761 55831963 254289 624414 0 450698 22854 1943203 81 12244 0 11826 (radio 1.-97% / 0.62% tx 0.44% / 0.00% listen 1.-66% / 0.62%)
1740463396	ID:16	 222723 P 0.0 28 1242300 55771253 396866 583766 0 399894 21053 1945005 1588 12621 0 12095 (radio 1.-79% / 0.72% tx 0.69% / 0.08% listen 1.-73% / 0.64%)
1740515570	ID:9	 222723 P 0.0 28 1847670 55166005 595888 803523 0 528880 35871 1930074 5527 16216 0 13740 (radio 2.-181% / 1.10% tx 1.-71% / 0.28% listen 1.-35% / 0.82%)
1740597189	ID:1	 222725 P 0.0 28 3345061 53668566 1405725 55607132 0 0 36086 1929937 5514 1960541 0 0 (radio 24.-2344% / 100.-8739% tx 2.-180% / 0.28% listen 22.-2165% / 99.-8667%)
1740631582	ID:7	 222723 P 0.0 28 2114761 54898831 827631 791091 0 402993 26216 1939822 633 12397 0 12111 (radio 2.-143% / 0.66% tx 1.-31% / 0.03% listen 1.-37% / 0.63%)
1740659139	ID:6	 222723 P 0.0 28 1393104 55620896 354909 606033 0 461646 36864 1929103 7119 16336 0 12773 (radio 1.-83% / 1.19% tx 0.62% / 0.36% listen 1.-70% / 0.83%)
1740671101	ID:20	 222723 P 0.0 28 2852580 54160730 1132503 1015747 0 443886 42313 1923505 7415 17431 0 13001 (radio 3.-300% / 1.26% tx 1.-53% / 0.37% listen 1.-73% / 0.88%)
1740692448	ID:2	 222723 P 0.0 28 2548496 54463305 679805 1002222 0 519329 44633 1921208 5879 15762 0 12249 (radio 2.-131% / 1.10% tx 1.-57% / 0.29% listen 1.-75% / 0.80%)
1740702040	ID:22	 222723 P 0.0 28 1558025 55455655 414564 703059 0 510304 30560 1935296 1470 14347 0 13350 (radio 1.-55% / 0.80% tx 0.72% / 0.07% listen 1.-53% / 0.72%)
1740759097	ID:15	[HFS] ra=0 si=0 cx=49 ac=0
1740764733	ID:15	[LIST] Neighbors: 9,14,29,24,12,11,6,30
1740768370	ID:15	[LIST] Quarantine: (none)
1740771867	ID:15	[LIST] Blacklist: (none)
1740778495	ID:15	FUZZRID,DET,14,1071,1071,0,0,0,0,0,0,11,0,0,0
1740818732	ID:15	 222728 P 0.0 28 1976214 55038767 624659 787503 0 491657 36024 1931257 2590 16095 0 14090 (radio 2.-179% / 0.94% tx 1.-66% / 0.13% listen 1.-38% / 0.81%)
1740894286	ID:19	 222723 P 0.0 28 1150716 55863067 140098 631997 0 529809 37057 1929006 5630 15078 0 12000 (radio 1.-40% / 1.05% tx 0.24% / 0.28% listen 1.-65% / 0.76%)
1740940218	ID:13	 222723 P 0.0 28 1473301 55540594 430320 649397 0 460549 30838 1935231 1610 14072 0 12392 (radio 1.-62% / 0.79% tx 0.00% / 0.08% listen 1.-62% / 0.71%)
1740956430	ID:17	 222723 P 0.0 28 994029 56019149 247204 550831 0 439386 25790 1940268 3900 13320 0 11448 (radio 1.-36% / 0.87% tx 0.43% / 0.19% listen 0.21% / 0.67%)
1740992766	ID:11	 222723 P 0.0 28 933107 56080954 246386 498241 0 390933 16545 1949492 0 12179 0 12179 (radio 1.-45% / 0.61% tx 0.43% / 0.00% listen 0.12% / 0.61%)
1741026359	ID:18	 222723 P 0.0 28 1077946 55935707 295836 531546 0 410960 31426 1934578 7365 15452 0 11718 (radio 1.-31% / 1.16% tx 0.51% / 0.37% listen 0.17% / 0.78%)
1741063839	ID:10	 222723 P 0.0 28 1501741 55512664 365444 778903 0 611706 33803 1932266 1681 15715 0 14049 (radio 2.-150% / 0.88% tx 0.64% / 0.08% listen 1.-39% / 0.79%)
1741091283	ID:8	 222723 P 0.0 28 1112250 55902017 282808 547913 0 418522 21051 1945012 0 11936 0 11673 (radio 1.-30% / 0.60% tx 0.49% / 0.00% listen 0.20% / 0.60%)
1741116269	ID:14	 222723 P 0.0 28 1835257 55179116 541638 808679 0 527322 47598 1918482 11297 18759 0 13333 (radio 2.-190% / 1.52% tx 0.19% / 0.57% listen 1.-34% / 0.95%)
1741258749	ID:6	[HFS] ra=0 si=0 cx=49 ac=0
1741263692	ID:6	[LIST] Neighbors: 14,30,9,15,12,11
1741267329	ID:6	[LIST] Quarantine: (none)
1741270842	ID:6	[LIST] Blacklist: (none)
1741277294	ID:6	FUZZRID,DET,12,1641,1641,0,0,0,0,0,0,2,0,0,0
1746240771	ID:9	[HFS] ra=0 si=0 cx=49 ac=0
1746246140	ID:9	[LIST] Neighbors: 14,24,6,12,29,15,22
1746249777	ID:9	[LIST] Quarantine: (none)
1746253285	ID:9	[LIST] Blacklist: (none)
1746259744	ID:9	FUZZRID,DET,15,1599,1599,0,0,0,0,0,0,4,0,0,0
1747543429	ID:24	[ATK-FAKE-RANK]  true_rank=1085 fake_rank=1476 t=11720s
1747591524	ID:14	[HFS] ra=74 si=49 cx=49 ac=82
1747596748	ID:14	[LIST] Neighbors: 20,25,30,24,9,6,15
1747600385	ID:14	[LIST] Quarantine: (none)
1747603882	ID:14	[LIST] Blacklist: (none)
1747611569	ID:14	FUZZRID,DET,24,1476,1085,391,0,100,100,8,0,0,0,82,75
1747616984	ID:9	[HFS] ra=74 si=49 cx=49 ac=82
1747622354	ID:9	[LIST] Neighbors: 14,24,6,12,29,15,22
1747625991	ID:9	[LIST] Quarantine: (none)
1747629488	ID:9	[LIST] Blacklist: (none)
1747630272	ID:15	[HFS] ra=74 si=49 cx=49 ac=82
1747635909	ID:15	[LIST] Neighbors: 9,14,29,24,12,11,6,30
1747637330	ID:9	FUZZRID,DET,24,1476,1085,391,0,100,100,81,0,0,0,82,75
1747639546	ID:15	[LIST] Quarantine: (none)
1747643042	ID:15	[LIST] Blacklist: (none)
1747647256	ID:20	[HFS] ra=74 si=49 cx=49 ac=82
1747650869	ID:15	FUZZRID,DET,24,1476,1085,391,0,100,100,41,0,2,0,82,75
1747652612	ID:20	[LIST] Neighbors: 2,10,25,14,28,23,24
1747656249	ID:20	[LIST] Quarantine: (none)
1747659746	ID:20	[LIST] Blacklist: (none)
1747667573	ID:20	FUZZRID,DET,24,1476,1085,391,0,100,100,41,0,2,0,82,55
1747676757	ID:22	[HFS] ra=74 si=49 cx=49 ac=82
1747682127	ID:22	[LIST] Neighbors: 24,16,9,29,31,26,18
1747685764	ID:22	[LIST] Quarantine: (none)
1747689261	ID:22	[LIST] Blacklist: (none)
1747697088	ID:22	FUZZRID,DET,24,1476,1085,391,0,100,100,17,0,1,0,82,75
1751717351	ID:14	[HFS] ra=0 si=0 cx=49 ac=0
1751720141	ID:11	[HFS] ra=0 si=0 cx=49 ac=0
1751722575	ID:14	[LIST] Neighbors: 20,25,30,24,9,6,15
1751723792	ID:11	[LIST] Neighbors: 6,15,12
1751726212	ID:14	[LIST] Quarantine: (none)
1751727429	ID:11	[LIST] Quarantine: (none)
1751729709	ID:14	[LIST] Blacklist: (none)
1751730925	ID:11	[LIST] Blacklist: (none)
1751736199	ID:14	FUZZRID,DET,15,1530,1530,0,0,0,0,0,0,8,0,0,0
1751737547	ID:11	FUZZRID,DET,15,1530,1530,0,0,0,0,0,0,11,0,0,0
1751737945	ID:9	[HFS] ra=0 si=0 cx=49 ac=0
1751743348	ID:9	[LIST] Neighbors: 14,24,6,12,29,15,22
1751746214	ID:12	[HFS] ra=0 si=0 cx=49 ac=0
1751746985	ID:9	[LIST] Quarantine: (none)
1751750488	ID:9	[LIST] Blacklist: (none)
1751750571	ID:12	[LIST] Neighbors: 9,29,15,11,6
1751754208	ID:12	[LIST] Quarantine: (none)
1751756944	ID:9	FUZZRID,DET,15,1530,1530,0,0,0,0,0,0,7,0,0,0
1751757738	ID:12	[LIST] Blacklist: (none)
1751759190	ID:6	[HFS] ra=0 si=0 cx=49 ac=0
1751764133	ID:6	[LIST] Neighbors: 14,30,9,15,12,11
1751764194	ID:12	FUZZRID,DET,15,1530,1530,0,0,0,0,0,0,6,0,0,0
1751767770	ID:6	[LIST] Quarantine: (none)
1751771267	ID:6	[LIST] Blacklist: (none)
1751777862	ID:6	FUZZRID,DET,15,1530,1530,0,0,0,0,0,0,11,0,0,0
1755229523	ID:23	[ATK-FAKE-RANK]  true_rank=990 fake_rank=1338 t=11720s
1755512469	ID:6	[HFS] ra=0 si=0 cx=49 ac=0
1755517412	ID:6	[LIST] Neighbors: 14,30,9,15,12,11
1755521050	ID:6	[LIST] Quarantine: (none)
1755524547	ID:6	[LIST] Blacklist: (none)
1755531041	ID:6	FUZZRID,DET,11,1823,1823,0,0,0,0,0,0,2,0,0,0
1757716481	ID:11	[HFS] ra=0 si=0 cx=49 ac=0
1757720132	ID:11	[LIST] Neighbors: 6,15,12
1757723768	ID:11	[LIST] Quarantine: (none)
1757727265	ID:11	[LIST] Blacklist: (none)
1757733860	ID:11	FUZZRID,DET,15,1509,1509,0,0,0,0,0,0,11,0,0,0
1757742747	ID:9	[HFS] ra=0 si=0 cx=49 ac=0
1757746689	ID:12	[HFS] ra=0 si=0 cx=49 ac=0
1757748117	ID:9	[LIST] Neighbors: 14,24,6,12,29,15,22
1757751066	ID:12	[LIST] Neighbors: 9,29,15,11,6
1757751753	ID:9	[LIST] Quarantine: (none)
1757754703	ID:12	[LIST] Quarantine: (none)
1757755251	ID:9	[LIST] Blacklist: (none)
1757758199	ID:12	[LIST] Blacklist: (none)
1757759591	ID:6	[HFS] ra=0 si=0 cx=49 ac=0
1757761738	ID:9	FUZZRID,DET,15,1509,1509,0,0,0,0,0,0,6,0,0,0
1757764534	ID:6	[LIST] Neighbors: 14,30,9,15,12,11
1757764656	ID:12	FUZZRID,DET,15,1509,1509,0,0,0,0,0,0,6,0,0,0
1757768171	ID:6	[LIST] Quarantine: (none)
1757771681	ID:6	[LIST] Blacklist: (none)
1757778276	ID:6	FUZZRID,DET,15,1509,1509,0,0,0,0,0,0,11,0,0,0
1758614485	ID:9	[HFS] ra=0 si=0 cx=49 ac=0
1758619888	ID:9	[LIST] Neighbors: 14,24,6,12,29,15,22
1758623524	ID:9	[LIST] Quarantine: (none)
1758627027	ID:9	[LIST] Blacklist: (none)
1758627246	ID:15	[HFS] ra=0 si=0 cx=49 ac=0
1758632892	ID:15	[LIST] Neighbors: 9,14,29,24,12,11,6,30
1758633481	ID:9	FUZZRID,DET,14,1087,1087,0,0,0,0,0,0,7,0,0,0
1758636528	ID:15	[LIST] Quarantine: (none)
1758640026	ID:15	[LIST] Blacklist: (none)
1758644790	ID:20	[HFS] ra=0 si=0 cx=49 ac=0
1758646619	ID:15	FUZZRID,DET,14,1087,1087,0,0,0,0,0,0,13,0,0,0
1758650153	ID:20	[LIST] Neighbors: 2,10,25,14,28,23,24
1758653790	ID:20	[LIST] Quarantine: (none)
1758657287	ID:20	[LIST] Blacklist: (none)
1758663742	ID:20	FUZZRID,DET,14,1087,1087,0,0,0,0,0,0,7,0,0,0
1761902841	ID:4	[HFS] ra=0 si=0 cx=49 ac=0
1761906651	ID:4	[LIST] Neighbors: 21,19,27
1761910288	ID:4	[LIST] Quarantine: (none)
1761913785	ID:4	[LIST] Blacklist: (none)
1761919879	ID:4	FUZZRID,DET,21,512,512,0,0,0,0,0,0,0,0,0,0
1766721386	ID:25	[ATK-FAKE-RANK]  true_rank=1072 fake_rank=1776 t=11720s
1766817831	ID:8	[HFS] ra=74 si=49 cx=49 ac=82
1766821762	ID:8	[LIST] Neighbors: 7,25,5,30
1766825399	ID:8	[LIST] Quarantine: (none)
1766828896	ID:8	[LIST] Blacklist: (none)
1766836583	ID:8	FUZZRID,DET,25,1776,1072,704,0,100,100,5,0,0,0,82,75
1767039598	ID:10	[HFS] ra=0 si=0 cx=49 ac=0
1767045236	ID:10	[LIST] Neighbors: 2,28,13,7,25,20,23,19
1767048873	ID:10	[LIST] Quarantine: (none)
1767052369	ID:10	[LIST] Blacklist: (none)
1767058463	ID:10	FUZZRID,DET,7,985,985,0,0,0,0,0,0,3,12,0,0
1767065994	ID:8	[HFS] ra=0 si=0 cx=49 ac=0
1767069925	ID:8	[LIST] Neighbors: 7,25,5,30
1767073562	ID:8	[LIST] Quarantine: (none)
1767077059	ID:8	[LIST] Blacklist: (none)
1767083013	ID:8	FUZZRID,DET,7,985,985,0,0,0,0,0,0,3,0,0,0
1769335101	ID:3	[HFS] ra=0 si=0 cx=49 ac=0
1769340031	ID:3	[LIST] Neighbors: 2,23,17,31,27,21
1769343668	ID:3	[LIST] Quarantine: (none)
1769347165	ID:3	[LIST] Blacklist: (none)
1769353120	ID:3	FUZZRID,DET,2,512,512,0,0,0,0,0,0,4,0,0,0
1773494068	ID:31	[ATK-FAKE-RANK]  true_rank=1106 fake_rank=1289 t=11720s
1773551314	ID:22	[HFS] ra=74 si=63 cx=49 ac=78
1773556684	ID:22	[LIST] Neighbors: 24,16,9,29,31,26,18
1773559021	ID:17	[HFS] ra=74 si=49 cx=49 ac=82
1773560321	ID:22	[LIST] Quarantine: (none)
1773562687	ID:16	[HFS] ra=74 si=49 cx=49 ac=82
1773563112	ID:17	[LIST] Neighbors: 21,27,3,31
1773563818	ID:22	[LIST] Blacklist: (none)
1773566749	ID:17	[LIST] Quarantine: (none)
1773566924	ID:16	[LIST] Neighbors: 31,26,22,18
1773570246	ID:17	[LIST] Blacklist: (none)
1773570561	ID:16	[LIST] Quarantine: (none)
1773571502	ID:22	FUZZRID,DET,31,1289,1106,183,0,71,100,2,66,0,0,78,75
1773574058	ID:16	[LIST] Blacklist: (none)
1773577894	ID:17	FUZZRID,DET,31,1289,1106,183,0,70,100,5,50,1,0,82,75
1773581706	ID:16	FUZZRID,DET,31,1289,1106,183,0,70,100,2,50,1,0,82,75
1773585190	ID:3	[HFS] ra=74 si=63 cx=49 ac=78
1773590121	ID:3	[LIST] Neighbors: 2,23,17,31,27,21
1773593758	ID:3	[LIST] Quarantine: (none)
1773597254	ID:3	[LIST] Blacklist: (none)
1773604924	ID:3	FUZZRID,DET,31,1289,1106,183,0,66,100,1,66,4,0,78,75
1774718546	ID:14	[HFS] ra=0 si=0 cx=49 ac=0
1774721401	ID:11	[HFS] ra=0 si=0 cx=49 ac=0
1774723769	ID:14	[LIST] Neighbors: 20,25,30,24,9,6,15
1774725051	ID:11	[LIST] Neighbors: 6,15,12
1774727406	ID:14	[LIST] Quarantine: (none)
1774728688	ID:11	[LIST] Quarantine: (none)
1774730903	ID:14	[LIST] Blacklist: (none)
1774732184	ID:11	[LIST] Blacklist: (none)
1774737359	ID:14	FUZZRID,DET,15,1506,1506,0,0,0,0,0,0,7,0,0,0
1774738801	ID:11	FUZZRID,DET,15,1506,1506,0,0,0,0,0,0,10,0,0,0
1774739304	ID:9	[HFS] ra=0 si=0 cx=49 ac=0
1774744673	ID:9	[LIST] Neighbors: 14,24,6,12,29,15,22
1774747300	ID:12	[HFS] ra=0 si=0 cx=49 ac=0
1774748310	ID:9	[LIST] Quarantine: (none)
1774751656	ID:12	[LIST] Neighbors: 9,29,15,11,6
1774751807	ID:9	[LIST] Blacklist: (none)
1774755293	ID:12	[LIST] Quarantine: (none)
1774758263	ID:9	FUZZRID,DET,15,1506,1506,0,0,0,0,0,0,6,0,0,0
1774758790	ID:12	[LIST] Blacklist: (none)
1774760148	ID:6	[HFS] ra=0 si=0 cx=49 ac=0
1774765093	ID:6	[LIST] Neighbors: 14,30,9,15,12,11
1774765271	ID:12	FUZZRID,DET,15,1506,1506,0,0,0,0,0,0,5,0,0,0
1774768729	ID:6	[LIST] Quarantine: (none)
1774772240	ID:6	[LIST] Blacklist: (none)
1774778835	ID:6	FUZZRID,DET,15,1506,1506,0,0,0,0,0,0,10,0,0,0
1782009583	ID:5	[HFS] ra=0 si=0 cx=49 ac=0
1782013087	ID:5	[LIST] Neighbors: 7,8,25
1782016723	ID:5	[LIST] Quarantine: (none)
1782020220	ID:5	[LIST] Blacklist: (none)
1782026555	ID:5	FUZZRID,DET,8,1277,1277,0,0,0,0,0,0,2,0,0,0
1789190822	ID:16	[HFS] ra=0 si=0 cx=49 ac=0
1789195059	ID:16	[LIST] Neighbors: 31,26,22,18
1789198724	ID:16	[LIST] Quarantine: (none)
1789202221	ID:16	[LIST] Blacklist: (none)
1789208675	ID:16	FUZZRID,DET,18,1803,1803,0,0,0,0,0,0,0,0,0,0
1790478277	ID:26	[ATK-FAKE-RANK]  true_rank=1687 fake_rank=1604 t=11720s
1790565857	ID:16	[HFS] ra=74 si=0 cx=49 ac=95
1790570094	ID:16	[LIST] Neighbors: 31,26,22,18
1790573731	ID:16	[LIST] Quarantine: (none)
1790577228	ID:16	[LIST] Blacklist: (none)
1790585151	ID:16	FUZZRID,DET,26,1604,1687,-83,0,32,100,27,16,0,0,95,100
1796913900	ID:13	[HFS] ra=0 si=0 cx=49 ac=0
1796918683	ID:13	[LIST] Neighbors: 2,28,19,10,7,25
1796922320	ID:13	[LIST] Quarantine: (none)
1796925844	ID:13	[LIST] Blacklist: (none)
1796931937	ID:13	FUZZRID,DET,7,979,979,0,0,0,0,0,0,3,12,0,0
1797816536	ID:29	[ATK-FAKE-RANK]  true_rank=1655 fake_rank=2291 t=11720s
1797929525	ID:22	[HFS] ra=74 si=49 cx=49 ac=82
1797934895	ID:22	[LIST] Neighbors: 24,16,9,29,31,26,18
1797938532	ID:22	[LIST] Quarantine: (none)
1797942029	ID:22	[LIST] Blacklist: (none)
1797949857	ID:22	FUZZRID,DET,29,2291,1655,636,0,100,100,8,0,11,0,82,75
1800160339	ID:5	 230403 P 0.0 29 939286 58040908 243084 531047 0 425924 30741 1935257 9626 15864 0 12846 (radio 1.-42% / 1.29% tx 0.41% / 0.48% listen 0.17% / 0.80%)
1800271095	ID:12	 230403 P 0.0 29 1198721 57778602 296834 568003 0 430293 34311 1931372 6481 16845 0 13694 (radio 1.-100% / 1.18% tx 0.50% / 0.32% listen 0.23% / 0.85%)
1800300888	ID:4	 230403 P 0.0 29 859638 58120225 147610 521671 0 450970 19641 1946405 0 12417 0 12031 (radio 1.-60% / 0.63% tx 0.25% / 0.00% listen 0.15% / 0.63%)
1800360385	ID:3	 230403 P 0.0 29 1512558 57466757 453704 662959 0 457181 44717 1921313 9971 18946 0 12821 (radio 1.-57% / 1.47% tx 0.04% / 0.50% listen 1.-61% / 0.96%)
1800419011	ID:21	 230403 P 0.0 29 1207253 57770532 256648 638462 0 462710 27491 1938569 2359 14048 0 12012 (radio 1.-94% / 0.83% tx 0.43% / 0.11% listen 1.-65% / 0.71%)
1800463409	ID:16	 230403 P 0.0 29 1267786 57711823 399122 598836 0 413606 25485 1940570 2256 15070 0 13712 (radio 1.-77% / 0.88% tx 0.67% / 0.11% listen 1.-72% / 0.76%)
1800515368	ID:9	 230403 P 0.0 29 1884625 57095016 598150 821761 0 545599 36953 1929011 2262 18238 0 16719 (radio 2.-178% / 1.04% tx 1.-72% / 0.11% listen 1.-34% / 0.92%)
1800597206	ID:1	 230405 P 0.0 29 3384499 55595136 1413995 57564909 0 0 39436 1926570 8270 1957776 0 0 (radio 27.-2677% / 100.-8739% tx 2.-179% / 0.42% listen 24.-2398% / 99.-8681%)
1800632154	ID:7	 230403 P 0.0 29 2155770 56823868 838913 806704 0 415267 41008 1925037 11282 15613 0 12274 (radio 2.-140% / 1.36% tx 1.-31% / 0.57% listen 1.-37% / 0.79%)
1800659122	ID:6	 230403 P 0.0 29 1435590 57544444 361838 624887 0 476328 42485 1923548 6929 18854 0 14682 (radio 1.-79% / 1.31% tx 0.61% / 0.35% listen 1.-67% / 0.95%)
1800671056	ID:20	 230403 P 0.0 29 2891891 56087277 1136701 1033924 0 457823 39309 1926547 4198 18177 0 13937 (radio 3.-297% / 1.13% tx 1.-53% / 0.21% listen 1.-71% / 0.92%)
1800692435	ID:2	 230403 P 0.0 29 2593584 56383976 683953 1021748 0 533261 45087 1920671 4148 19526 0 13932 (radio 2.-130% / 1.20% tx 1.-57% / 0.21% listen 1.-73% / 0.99%)
1800702326	ID:22	 230403 P 0.0 29 1607744 57371778 427482 722528 0 523981 49717 1916123 12918 19469 0 13677 (radio 1.-51% / 1.64% tx 0.72% / 0.65% listen 1.-51% / 0.99%)
1800778075	ID:15	 230403 P 0.0 29 2048790 56930793 651452 810697 0 506610 72574 1892026 26793 23194 0 14953 (radio 2.-171% / 2.54% tx 1.-63% / 1.36% listen 1.-36% / 1.18%)
1800894278	ID:19	 230403 P 0.0 29 1183024 57796707 144215 646315 0 541990 32307 1933640 4117 14318 0 12181 (radio 1.-39% / 0.93% tx 0.24% / 0.20% listen 1.-64% / 0.72%)
1800939934	ID:13	 230403 P 0.0 29 1499608 57480355 431062 663369 0 474072 26305 1939761 742 13972 0 13523 (radio 1.-61% / 0.74% tx 0.00% / 0.03% listen 1.-61% / 0.71%)
1800956674	ID:17	 230403 P 0.0 29 1015682 57963543 248254 564333 0 451900 21652 1944394 1050 13502 0 12514 (radio 1.-36% / 0.74% tx 0.42% / 0.05% listen 0.22% / 0.68%)
1800993838	ID:11	 230403 P 0.0 29 969407 58010660 256805 516259 0 404105 36298 1929706 10419 18018 0 13172 (radio 1.-42% / 1.44% tx 0.43% / 0.52% listen 0.14% / 0.91%)
1801026325	ID:18	 230403 P 0.0 29 1099377 57880333 297737 546074 0 424877 21430 1944626 1901 14528 0 13917 (radio 1.-30% / 0.83% tx 0.50% / 0.09% listen 0.19% / 0.73%)
1801063650	ID:10	 230403 P 0.0 29 1541826 57438651 373457 798238 0 627510 40083 1925987 8013 19335 0 15804 (radio 1.-47% / 1.39% tx 0.63% / 0.40% listen 1.-38% / 0.98%)
1801092119	ID:8	 230403 P 0.0 29 1144598 57835734 288913 563920 0 431430 32346 1933717 6105 16007 0 12908 (radio 1.-29% / 1.12% tx 0.48% / 0.31% listen 0.22% / 0.81%)
1801115583	ID:14	 230403 P 0.0 29 1893182 57087236 556709 829527 0 540681 57923 1908120 15071 20848 0 13359 (radio 2.-184% / 1.82% tx 0.21% / 0.76% listen 1.-33% / 1.06%)
1801465841	ID:14	[HFS] ra=0 si=0 cx=49 ac=0
1801468644	ID:11	[HFS] ra=0 si=0 cx=49 ac=0
1801471065	ID:14	[LIST] Neighbors: 20,25,30,24,9,6,15
1801472294	ID:11	[LIST] Neighbors: 6,15,12
1801474702	ID:14	[LIST] Quarantine: (none)
1801475931	ID:11	[LIST] Quarantine: (none)
1801478199	ID:14	[LIST] Blacklist: (none)
1801479450	ID:11	[LIST] Blacklist: (none)
1801484655	ID:14	FUZZRID,DET,15,1489,1489,0,0,0,0,0,0,6,0,0,0
1801485904	ID:11	FUZZRID,DET,15,1489,1489,0,0,0,0,0,0,9,0,0,0
1801490777	ID:9	[HFS] ra=0 si=0 cx=49 ac=0
1801496146	ID:9	[LIST] Neighbors: 14,24,6,12,29,15,22
1801499783	ID:9	[LIST] Quarantine: (none)
1801503285	ID:9	[LIST] Blacklist: (none)
1801509740	ID:9	FUZZRID,DET,15,1489,1489,0,0,0,0,0,0,6,0,0,0
1809545096	ID:24	[ATK-FAKE-RANK]  true_rank=1076 fake_rank=1496 t=11720s
1809607884	ID:7	[HFS] ra=0 si=0 cx=49 ac=0
1809612714	ID:7	[LIST] Neighbors: 28,13,10,25,5,8
1809616350	ID:7	[LIST] Quarantine: (none)
1809617770	ID:9	[HFS] ra=74 si=49 cx=49 ac=82
1809619847	ID:7	[LIST] Blacklist: (none)
1809623139	ID:9	[LIST] Neighbors: 14,24,6,12,29,15,22
1809625942	ID:7	FUZZRID,DET,10,776,776,0,0,0,0,0,0,1,0,0,0
1809626776	ID:9	[LIST] Quarantine: (none)
1809630273	ID:9	[LIST] Blacklist: (none)
1809637970	ID:9	FUZZRID,DET,24,1496,1076,420,0,100,100,7,0,0,0,82,75
1809646358	ID:20	[HFS] ra=0 si=0 cx=49 ac=0
1809651713	ID:20	[LIST] Neighbors: 2,10,25,14,28,23,24
1809655350	ID:20	[LIST] Quarantine: (none)
1809658847	ID:20	[LIST] Blacklist: (none)
1809664942	ID:20	FUZZRID,DET,10,776,776,0,0,0,0,0,0,6,0,0,0
1811328986	ID:26	[ATK-FAKE-RANK]  true_rank=1687 fake_rank=1624 t=11720s
1811376124	ID:18	[HFS] ra=74 si=0 cx=49 ac=95
1811380360	ID:18	[LIST] Neighbors: 26,22,29,16
1811383997	ID:18	[LIST] Quarantine: (none)
1811387498	ID:18	[LIST] Blacklist: (none)
1811395421	ID:18	FUZZRID,DET,26,1624,1687,-63,0,23,100,29,16,2,0,95,100
1811428675	ID:22	[HFS] ra=74 si=0 cx=49 ac=95
1811434045	ID:22	[LIST] Neighbors: 24,16,9,29,31,26,18
1811437681	ID:22	[LIST] Quarantine: (none)
1811441178	ID:22	[LIST] Blacklist: (none)
1811448925	ID:22	FUZZRID,DET,26,1624,1687,-63,0,24,83,25,16,0,0,95,100
1812589326	ID:29	[ATK-FAKE-RANK]  true_rank=1655 fake_rank=2311 t=11720s
1812616592	ID:9	[HFS] ra=74 si=49 cx=49 ac=82
1812621964	ID:9	[LIST] Neighbors: 14,24,6,12,29,15,22
1812623819	ID:12	[HFS] ra=74 si=49 cx=49 ac=82
1812625628	ID:9	[LIST] Quarantine: (none)
1812628176	ID:12	[LIST] Neighbors: 9,29,15,11,6
1812628471	ID:18	[HFS] ra=74 si=49 cx=49 ac=82
1812628525	ID:15	[HFS] ra=74 si=49 cx=49 ac=82
1812629125	ID:9	[LIST] Blacklist: (none)
1812631813	ID:12	[LIST] Quarantine: (none)
1812632708	ID:18	[LIST] Neighbors: 26,22,29,16
1812634161	ID:15	[LIST] Neighbors: 9,14,29,24,12,11,6,30
1812635309	ID:12	[LIST] Blacklist: (none)
1812636379	ID:18	[LIST] Quarantine: (none)
1812637091	ID:9	FUZZRID,DET,29,2311,1655,656,0,100,100,12,0,11,0,82,75
1812637798	ID:15	[LIST] Quarantine: (none)
1812639876	ID:18	[LIST] Blacklist: (none)
1812641295	ID:15	[LIST] Blacklist: (none)
1812643136	ID:12	FUZZRID,DET,29,2311,1655,656,0,100,100,13,0,7,0,82,75
1812647841	ID:18	FUZZRID,DET,29,2311,1655,656,0,100,100,13,0,10,0,82,75
1812649160	ID:15	FUZZRID,DET,29,2311,1655,656,0,100,100,8,0,13,0,82,75
1812679857	ID:22	[HFS] ra=74 si=49 cx=49 ac=82
1812685227	ID:22	[LIST] Neighbors: 24,16,9,29,31,26,18
1812688864	ID:22	[LIST] Quarantine: (none)
1812692361	ID:22	[LIST] Blacklist: (none)
1812700187	ID:22	FUZZRID,DET,29,2311,1655,656,0,100,100,4,0,11,0,82,75
1814407791	ID:28	[ATK-FAKE-RANK]  true_rank=512 fake_rank=872 t=11720s
1815642587	ID:21	[HFS] ra=0 si=0 cx=49 ac=0
1815646525	ID:21	[LIST] Neighbors: 4,27,3,17
1815650162	ID:21	[LIST] Quarantine: (none)
1815653659	ID:21	[LIST] Blacklist: (none)
1815659613	ID:21	FUZZRID,DET,4,548,548,0,0,0,0,0,0,0,0,0,0
1816215244	ID:14	[HFS] ra=0 si=0 cx=49 ac=0
1816218193	ID:11	[HFS] ra=0 si=0 cx=49 ac=0
1816220477	ID:14	[LIST] Neighbors: 20,25,30,24,9,6,15
1816221877	ID:11	[LIST] Neighbors: 6,15,12
1816224114	ID:14	[LIST] Quarantine: (none)
1816225514	ID:11	[LIST] Quarantine: (none)
1816227612	ID:14	[LIST] Blacklist: (none)
1816229031	ID:11	[LIST] Blacklist: (none)
1816233956	ID:14	FUZZRID,DET,6,1594,1594,0,0,0,0,0,0,1,0,0,0
1816235350	ID:11	FUZZRID,DET,6,1594,1594,0,0,0,0,0,0,5,0,0,0
1816240468	ID:9	[HFS] ra=0 si=0 cx=49 ac=0
1816245837	ID:9	[LIST] Neighbors: 14,24,6,12,29,15,22
1816248880	ID:12	[HFS] ra=0 si=0 cx=49 ac=0
1816249474	ID:9	[LIST] Quarantine: (none)
1816253004	ID:9	[LIST] Blacklist: (none)
1816253237	ID:12	[LIST] Neighbors: 9,29,15,11,6
1816253959	ID:15	[HFS] ra=0 si=0 cx=49 ac=0
1816256900	ID:12	[LIST] Quarantine: (none)
1816259324	ID:9	FUZZRID,DET,6,1594,1594,0,0,0,0,0,0,5,0,0,0
1816259595	ID:15	[LIST] Neighbors: 9,14,29,24,12,11,6,30
1816260397	ID:12	[LIST] Blacklist: (none)
1816263232	ID:15	[LIST] Quarantine: (none)
1816266716	ID:12	FUZZRID,DET,6,1594,1594,0,0,0,0,0,0,1,0,0,0
1816266728	ID:15	[LIST] Blacklist: (none)
1816273055	ID:15	FUZZRID,DET,6,1594,1594,0,0,0,0,0,0,4,0,0,0
1817981930	ID:7	[HFS] ra=0 si=0 cx=49 ac=0
1817986735	ID:7	[LIST] Neighbors: 28,13,10,25,5,8
1817990372	ID:7	[LIST] Quarantine: (none)
1817993869	ID:7	[LIST] Blacklist: (none)
1817999962	ID:7	FUZZRID,DET,13,867,867,0,0,0,0,0,0,1,0,0,0
1818893575	ID:31	[ATK-FAKE-RANK]  true_rank=1105 fake_rank=1309 t=11720s
1819802959	ID:22	[HFS] ra=0 si=0 cx=49 ac=0
1819808329	ID:22	[LIST] Neighbors: 24,16,9,29,31,26,18
1819811966	ID:22	[LIST] Quarantine: (none)
1819815463	ID:22	[LIST] Blacklist: (none)
1819821920	ID:22	FUZZRID,DET,16,1558,1558,0,0,0,0,0,0,5,0,0,0
1819875674	ID:18	[HFS] ra=0 si=0 cx=49 ac=0
1819879911	ID:18	[LIST] Neighbors: 26,22,29,16
1819883548	ID:18	[LIST] Quarantine: (none)
1819887078	ID:18	[LIST] Blacklist: (none)
1819893535	ID:18	FUZZRID,DET,16,1558,1558,0,0,0,0,0,0,7,0,0,0
1831599416	ID:27	[ATK-FAKE-RANK]  true_rank=512 fake_rank=872 t=11720s
1838541553	ID:13	[HFS] ra=0 si=0 cx=49 ac=0
1838546336	ID:13	[LIST] Neighbors: 2,28,19,10,7,25
1838549973	ID:13	[LIST] Quarantine: (none)
1838553501	ID:13	[LIST] Blacklist: (none)
1838559456	ID:13	FUZZRID,DET,2,512,512,0,0,0,0,0,0,3,0,0,0
1844622450	ID:12	[HFS] ra=0 si=0 cx=49 ac=0
1844626806	ID:12	[LIST] Neighbors: 9,29,15,11,6
1844630443	ID:12	[LIST] Quarantine: (none)
1844633940	ID:12	[LIST] Blacklist: (none)
1844640412	ID:12	FUZZRID,DET,11,1771,1771,0,0,0,0,0,0,1,0,0,0
1856933750	ID:17	[HFS] ra=0 si=0 cx=49 ac=0
1856937841	ID:17	[LIST] Neighbors: 21,27,3,31
1856941478	ID:17	[LIST] Quarantine: (none)
1856944975	ID:17	[LIST] Blacklist: (none)
1856951095	ID:17	FUZZRID,DET,21,512,512,0,0,0,0,0,0,0,0,0,0
1860159542	ID:5	 238083 P 0.0 30 955778 59990467 243084 542756 0 437633 16491 1949559 0 11709 0 11709 (radio 1.-42% / 0.59% tx 0.39% / 0.00% listen 0.18% / 0.59%)
1860270877	ID:12	 238083 P 0.0 30 1225286 59717705 298632 582609 0 443792 26564 1939103 1798 14606 0 13499 (radio 1.-97% / 0.83% tx 0.49% / 0.09% listen 0.25% / 0.74%)
1860301776	ID:4	 238083 P 0.0 30 882408 60063504 150257 535542 0 463508 22768 1943279 2647 13871 0 12538 (radio 1.-58% / 0.84% tx 0.24% / 0.13% listen 0.17% / 0.70%)
1860360671	ID:3	 238083 P 0.0 30 1562977 59382357 469509 683155 0 469724 50417 1915600 15805 20196 0 12543 (radio 1.-52% / 1.83% tx 0.06% / 0.80% listen 1.-59% / 1.02%)
1860419069	ID:21	 238083 P 0.0 30 1235905 59707917 258581 653523 0 475459 28651 1937385 1933 15061 0 12749 (radio 1.-92% / 0.86% tx 0.42% / 0.09% listen 1.-64% / 0.76%)
1860463408	ID:16	 238083 P 0.0 30 1295499 59650170 404844 613483 0 426973 27711 1938347 5722 14647 0 13367 (radio 1.-74% / 1.03% tx 0.66% / 0.29% listen 1.-70% / 0.74%)
1860515252	ID:9	 238083 P 0.0 30 1928258 59017395 605917 840943 0 560028 43631 1922379 7767 19182 0 14429 (radio 2.-175% / 1.37% tx 0.28% / 0.39% listen 1.-33% / 0.97%)
1860597508	ID:1	 238085 P 0.0 30 3427691 57517968 1425689 59519258 0 0 43190 1922832 11694 1954347 0 0 (radio 29.-2837% / 100.-8739% tx 2.-178% / 0.59% listen 27.-2660% / 99.-8698%)
1860631023	ID:7	 238083 P 0.0 30 2181613 58763963 838913 819617 0 427929 25841 1940095 0 12913 0 12662 (radio 2.-140% / 0.65% tx 1.-33% / 0.00% listen 1.-36% / 0.65%)
1860659138	ID:6	 238083 P 0.0 30 1463780 59482313 364860 638301 0 489670 28188 1937869 3022 13414 0 13342 (radio 1.-77% / 0.83% tx 0.59% / 0.15% listen 1.-66% / 0.68%)
1860671043	ID:20	 238083 P 0.0 30 2929480 58015697 1141881 1048407 0 471194 37587 1928420 5180 14483 0 13371 (radio 3.-293% / 1.00% tx 1.-54% / 0.26% listen 1.-69% / 0.73%)
1860692456	ID:2	 238083 P 0.0 30 2633643 58309702 688390 1040390 0 547912 40058 1925726 4437 18642 0 14651 (radio 2.-199% / 1.17% tx 1.-58% / 0.22% listen 1.-71% / 0.94%)
1860702032	ID:22	 238083 P 0.0 30 1651573 59293721 435439 740586 0 537589 43828 1921943 7957 18058 0 13608 (radio 1.-48% / 1.32% tx 0.00% / 0.40% listen 1.-49% / 0.91%)
1860778018	ID:15	 238083 P 0.0 30 2103219 58842229 668359 830179 0 520239 54427 1911436 16907 19482 0 13629 (radio 2.-166% / 1.85% tx 1.-61% / 0.86% listen 1.-35% / 0.99%)
1860894287	ID:19	 238083 P 0.0 30 1212506 59733280 145485 661468 0 555789 29481 1936573 1270 15153 0 13799 (radio 1.-39% / 0.83% tx 0.23% / 0.06% listen 1.-62% / 0.77%)
1860940241	ID:13	 238083 P 0.0 30 1534771 59411258 437334 679437 0 486745 35161 1930903 6272 16068 0 12673 (radio 1.-58% / 1.13% tx 0.01% / 0.31% listen 1.-59% / 0.81%)
1860955846	ID:17	 238083 P 0.0 30 1035234 59910043 248254 578754 0 466303 19550 1946500 0 14421 0 14403 (radio 1.-35% / 0.73% tx 0.40% / 0.00% listen 0.24% / 0.73%)
1860993582	ID:11	 238083 P 0.0 30 992913 59953148 259794 529751 0 416442 23505 1942488 2989 13492 0 12337 (radio 1.-41% / 0.83% tx 0.42% / 0.15% listen 0.16% / 0.68%)
1861026048	ID:18	 238083 P 0.0 30 1123172 59822596 298705 559680 0 437873 23793 1942263 968 13606 0 12996 (radio 1.-30% / 0.74% tx 0.49% / 0.04% listen 0.21% / 0.69%)
1861063631	ID:10	 238083 P 0.0 30 1574995 59371555 378097 813303 0 641335 33168 1932904 4640 15065 0 13825 (radio 1.-46% / 1.00% tx 0.62% / 0.23% listen 1.-38% / 0.76%)
1861091482	ID:8	 238083 P 0.0 30 1164287 59781872 288913 575440 0 442950 19688 1946138 0 11520 0 11520 (radio 1.-100% / 0.58% tx 0.47% / 0.00% listen 0.23% / 0.58%)
1861115336	ID:14	 238083 P 0.0 30 1925556 59020620 558727 844824 0 554229 32373 1933384 2018 15297 0 13548 (radio 2.-182% / 0.88% tx 0.21% / 0.10% listen 1.-32% / 0.77%)
1861715306	ID:14	[HFS] ra=0 si=0 cx=49 ac=0
1861718021	ID:11	[HFS] ra=0 si=0 cx=49 ac=0
1861720529	ID:14	[LIST] Neighbors: 20,25,30,24,9,6,15
1861721672	ID:11	[LIST] Neighbors: 6,15,12
1861724166	ID:14	[LIST] Quarantine: (none)
1861725308	ID:11	[LIST] Quarantine: (none)
1861727682	ID:14	[LIST] Blacklist: (none)
1861728805	ID:11	[LIST] Blacklist: (none)
1861734137	ID:14	FUZZRID,DET,15,1474,1474,0,0,0,0,0,0,6,0,0,0
1861735260	ID:11	FUZZRID,DET,15,1474,1474,0,0,0,0,0,0,9,0,0,0
1861740306	ID:9	[HFS] ra=0 si=0 cx=49 ac=0
1861745675	ID:9	[LIST] Neighbors: 14,24,6,12,29,15,22
1861748422	ID:12	[HFS] ra=0 si=0 cx=49 ac=0
1861749312	ID:9	[LIST] Quarantine: (none)
1861752779	ID:12	[LIST] Neighbors: 9,29,15,11,6
1861752809	ID:9	[LIST] Blacklist: (none)
1861756415	ID:12	[LIST] Quarantine: (none)
1861759280	ID:9	FUZZRID,DET,15,1474,1474,0,0,0,0,0,0,5,0,0,0
1861759912	ID:12	[LIST] Blacklist: (none)
1861760998	ID:6	[HFS] ra=0 si=0 cx=49 ac=0
1861765942	ID:6	[LIST] Neighbors: 14,30,9,15,12,11
1861766391	ID:12	FUZZRID,DET,15,1474,1474,0,0,0,0,0,0,5,0,0,0
1861769583	ID:6	[LIST] Quarantine: (none)
1861773080	ID:6	[LIST] Blacklist: (none)
1861779535	ID:6	FUZZRID,DET,15,1474,1474,0,0,0,0,0,0,5,0,0,0
1862518547	ID:21	[HFS] ra=0 si=0 cx=49 ac=0
1862522511	ID:21	[LIST] Neighbors: 4,27,3,17
1862526148	ID:21	[LIST] Quarantine: (none)
1862529645	ID:21	[LIST] Blacklist: (none)
1862535737	ID:21	FUZZRID,DET,17,895,895,0,0,0,0,0,0,0,0,0,0
1862691262	ID:8	[HFS] ra=0 si=0 cx=49 ac=0
1862695199	ID:8	[LIST] Neighbors: 7,25,5,30
1862698836	ID:8	[LIST] Quarantine: (none)
1862702333	ID:8	[LIST] Blacklist: (none)
1862708287	ID:8	FUZZRID,DET,7,979,979,0,0,0,0,0,0,2,0,0,0
1872582204	ID:1	[HFS] ra=0 si=0 cx=49 ac=0
1872587267	ID:1	[LIST] Neighbors: 2,21,28,4,19,27,3
1872587423	ID:3	[HFS] ra=0 si=0 cx=49 ac=0
1872590905	ID:1	[LIST] Quarantine: (none)
1872592353	ID:3	[LIST] Neighbors: 2,23,17,31,27,21
1872594402	ID:1	[LIST] Blacklist: (none)
1872595990	ID:3	[LIST] Quarantine: (none)
1872599487	ID:3	[LIST] Blacklist: (none)
1872600495	ID:1	FUZZRID,DET,21,512,512,0,0,0,0,0,0,0,0,0,0
1872605580	ID:3	FUZZRID,DET,21,512,512,0,0,0,0,0,0,1,0,0,0
1872684033	ID:17	[HFS] ra=0 si=0 cx=49 ac=0
1872688123	ID:17	[LIST] Neighbors: 21,27,3,31
1872691760	ID:17	[LIST] Quarantine: (none)
1872695257	ID:17	[LIST] Blacklist: (none)
1872701375	ID:17	FUZZRID,DET,21,512,512,0,0,0,0,0,0,0,0,0,0
1872718254	ID:28	[ATK-FAKE-RANK]  true_rank=512 fake_rank=892 t=11720s
1872740155	ID:1	[HFS] ra=74 si=49 cx=49 ac=82
1872744786	ID:19	[HFS] ra=74 si=49 cx=49 ac=82
1872745218	ID:1	[LIST] Neighbors: 2,21,28,4,19,27,3
1872748855	ID:1	[LIST] Quarantine: (none)
1872749570	ID:19	[LIST] Neighbors: 2,28,27,4,13,10
1872752352	ID:1	[LIST] Blacklist: (none)
1872753207	ID:19	[LIST] Quarantine: (none)
1872756704	ID:19	[LIST] Blacklist: (none)
1872759817	ID:1	FUZZRID,DET,28,892,512,380,0,100,100,57,0,0,0,82,75
1872764169	ID:19	FUZZRID,DET,28,892,512,380,0,100,100,46,0,0,0,82,75
1872771141	ID:20	[HFS] ra=74 si=49 cx=49 ac=82
1872776497	ID:20	[LIST] Neighbors: 2,10,25,14,28,23,24
1872780134	ID:20	[LIST] Quarantine: (none)
1872783631	ID:20	[LIST] Blacklist: (none)
1872791130	ID:20	FUZZRID,DET,28,892,512,380,0,100,100,15,0,1,0,82,75
1872791456	ID:13	[HFS] ra=74 si=49 cx=49 ac=82
1872792116	ID:10	[HFS] ra=74 si=49 cx=49 ac=82
1872792499	ID:2	[HFS] ra=74 si=49 cx=49 ac=82
1872796239	ID:13	[LIST] Neighbors: 2,28,19,10,7,25
1872797752	ID:10	[LIST] Neighbors: 2,28,13,7,25,20,23,19
1872798296	ID:2	[LIST] Neighbors: 28,19,27,13,10,3,20,23
1872799876	ID:13	[LIST] Quarantine: (none)
1872801389	ID:10	[LIST] Quarantine: (none)
1872801932	ID:2	[LIST] Quarantine: (none)
1872803373	ID:13	[LIST] Blacklist: (none)
1872804886	ID:10	[LIST] Blacklist: (none)
1872805429	ID:2	[LIST] Blacklist: (none)
1872810838	ID:13	FUZZRID,DET,28,892,512,380,0,100,100,10,0,0,0,82,75
1872812351	ID:10	FUZZRID,DET,28,892,512,380,0,100,100,40,0,1,0,82,75
1872812894	ID:2	FUZZRID,DET,28,892,512,380,0,100,100,34,0,3,0,82,75
1872855649	ID:7	[HFS] ra=74 si=49 cx=49 ac=82
1872860456	ID:7	[LIST] Neighbors: 28,13,10,25,5,8
1872864092	ID:7	[LIST] Quarantine: (none)
1872867589	ID:7	[LIST] Blacklist: (none)
1872875085	ID:7	FUZZRID,DET,28,892,512,380,0,100,100,57,0,0,0,82,75
1876289124	ID:10	[HFS] ra=0 si=0 cx=49 ac=0
1876293072	ID:13	[HFS] ra=0 si=0 cx=49 ac=0
1876294759	ID:10	[LIST] Neighbors: 2,28,13,7,25,20,23,19
1876297855	ID:13	[LIST] Neighbors: 2,28,19,10,7,25
1876298396	ID:10	[LIST] Quarantine: (none)
1876301492	ID:13	[LIST] Quarantine: (none)
1876301893	ID:10	[LIST] Blacklist: (none)
1876304989	ID:13	[LIST] Blacklist: (none)
1876308208	ID:10	FUZZRID,DET,7,1052,1052,0,0,0,0,0,0,7,0,0,0
1876311338	ID:13	FUZZRID,DET,7,1052,1052,0,0,0,0,0,0,7,0,0,0
1876317652	ID:8	[HFS] ra=0 si=0 cx=49 ac=0
1876321604	ID:8	[LIST] Neighbors: 7,25,5,30
1876325241	ID:8	[LIST] Quarantine: (none)
1876328738	ID:8	[LIST] Blacklist: (none)
1876335054	ID:8	FUZZRID,DET,7,1052,1052,0,0,0,0,0,0,6,0,0,0
1876386022	ID:5	[HFS] ra=0 si=0 cx=49 ac=0
1876389529	ID:5	[LIST] Neighbors: 7,8,25
1876393166	ID:5	[LIST] Quarantine: (none)
1876396663	ID:5	[LIST] Blacklist: (none)
1876402978	ID:5	FUZZRID,DET,7,1052,1052,0,0,0,0,0,0,7,0,0,0
1879856262	ID:7	[HFS] ra=0 si=0 cx=49 ac=0
1879861058	ID:7	[LIST] Neighbors: 28,13,10,25,5,8
1879864695	ID:7	[LIST] Quarantine: (none)
1879868192	ID:7	[LIST] Blacklist: (none)
1879874522	ID:7	FUZZRID,DET,5,1333,1333,0,0,0,0,0,0,1,0,0,0
1879941025	ID:8	[HFS] ra=0 si=0 cx=49 ac=0
1879944957	ID:8	[LIST] Neighbors: 7,25,5,30
1879948593	ID:8	[LIST] Quarantine: (none)
1879952090	ID:8	[LIST] Blacklist: (none)
1879958405	ID:8	FUZZRID,DET,5,1333,1333,0,0,0,0,0,0,0,0,0,0
1883136488	ID:5	[HFS] ra=0 si=0 cx=49 ac=0
1883139992	ID:5	[LIST] Neighbors: 7,8,25
1883143629	ID:5	[LIST] Quarantine: (none)
1883147126	ID:5	[LIST] Blacklist: (none)
1883153469	ID:5	FUZZRID,DET,7,1091,1091,0,0,0,0,0,0,6,0,0,0
1883163296	ID:10	[HFS] ra=0 si=0 cx=49 ac=0
1883167418	ID:13	[HFS] ra=0 si=0 cx=49 ac=0
1883168931	ID:10	[LIST] Neighbors: 2,28,13,7,25,20,23,19
1883172201	ID:13	[LIST] Neighbors: 2,28,19,10,7,25
1883172568	ID:10	[LIST] Quarantine: (none)
1883175844	ID:13	[LIST] Quarantine: (none)
1883176065	ID:10	[LIST] Blacklist: (none)
1883179340	ID:13	[LIST] Blacklist: (none)
1883182380	ID:10	FUZZRID,DET,7,1091,1091,0,0,0,0,0,0,6,0,0,0
1883185657	ID:13	FUZZRID,DET,7,1091,1091,0,0,0,0,0,0,1,0,0,0
1883192203	ID:8	[HFS] ra=0 si=0 cx=49 ac=0
1883196133	ID:8	[LIST] Neighbors: 7,25,5,30
1883199770	ID:8	[LIST] Quarantine: (none)
1883203284	ID:8	[LIST] Blacklist: (none)
1883209600	ID:8	FUZZRID,DET,7,1091,1091,0,0,0,0,0,0,5,0,0,0
1889315608	ID:8	[HFS] ra=0 si=0 cx=49 ac=0
1889319539	ID:8	[LIST] Neighbors: 7,25,5,30
1889323176	ID:8	[LIST] Quarantine: (none)
1889326673	ID:8	[LIST] Blacklist: (none)
1889332987	ID:8	FUZZRID,DET,5,1369,1369,0,0,0,0,0,0,0,0,0,0
1891503791	ID:15	[HFS] ra=0 si=0 cx=49 ac=0
1891509430	ID:15	[LIST] Neighbors: 9,14,29,24,12,11,6,30
1891513067	ID:15	[LIST] Quarantine: (none)
1891516563	ID:15	[LIST] Blacklist: (none)
1891522916	ID:15	FUZZRID,DET,6,1591,1591,0,0,0,0,0,0,3,0,0,0
1896137738	ID:30	[ATK-FAKE-RANK]  true_rank=1347 fake_rank=2026 t=11720s
1896193465	ID:8	[HFS] ra=74 si=49 cx=49 ac=82
1896197396	ID:8	[LIST] Neighbors: 7,25,5,30
1896201033	ID:8	[LIST] Quarantine: (none)
1896204542	ID:8	[LIST] Blacklist: (none)
1896212229	ID:8	FUZZRID,DET,30,2026,1347,679,0,100,100,8,0,0,0,82,75
1899468025	ID:11	[HFS] ra=0 si=0 cx=49 ac=0
1899471675	ID:11	[LIST] Neighbors: 6,15,12
1899475312	ID:11	[LIST] Quarantine: (none)
1899478808	ID:11	[LIST] Blacklist: (none)
1899485263	ID:11	FUZZRID,DET,15,1460,1460,0,0,0,0,0,0,9,0,0,0
1901069131	ID:8	[HFS] ra=0 si=0 cx=49 ac=0
1901073062	ID:8	[LIST] Neighbors: 7,25,5,30
1901076698	ID:8	[LIST] Quarantine: (none)
1901080195	ID:8	[LIST] Blacklist: (none)
1901086521	ID:8	FUZZRID,DET,7,1079,1079,0,0,0,0,0,0,5,0,0,0
1901137382	ID:5	[HFS] ra=0 si=0 cx=49 ac=0
1901140886	ID:5	[LIST] Neighbors: 7,8,25
1901144523	ID:5	[LIST] Quarantine: (none)
1901148034	ID:5	[LIST] Blacklist: (none)
1901154351	ID:5	FUZZRID,DET,7,1079,1079,0,0,0,0,0,0,5,0,0,0
1901164194	ID:10	[HFS] ra=0 si=0 cx=49 ac=0
1901168179	ID:13	[HFS] ra=0 si=0 cx=49 ac=0
1901169830	ID:10	[LIST] Neighbors: 2,28,13,7,25,20,23,19
1901172962	ID:13	[LIST] Neighbors: 2,28,19,10,7,25
1901173467	ID:10	[LIST] Quarantine: (none)
1901176599	ID:13	[LIST] Quarantine: (none)
1901176964	ID:10	[LIST] Blacklist: (none)
1901180096	ID:13	[LIST] Blacklist: (none)
1901183302	ID:10	FUZZRID,DET,7,1079,1079,0,0,0,0,0,0,6,0,0,0
1901186446	ID:13	FUZZRID,DET,7,1079,1079,0,0,0,0,0,0,1,0,0,0
1904314930	ID:16	[HFS] ra=0 si=0 cx=49 ac=0
1904319168	ID:16	[LIST] Neighbors: 31,26,22,18
1904322805	ID:16	[LIST] Quarantine: (none)
1904326302	ID:16	[LIST] Blacklist: (none)
1904332754	ID:16	FUZZRID,DET,22,1641,1641,0,0,0,0,0,0,2,0,0,0
1904367675	ID:9	[HFS] ra=0 si=0 cx=49 ac=0
1904373044	ID:9	[LIST] Neighbors: 14,24,6,12,29,15,22
1904376681	ID:9	[LIST] Quarantine: (none)
1904378985	ID:18	[HFS] ra=0 si=0 cx=49 ac=0
1904380178	ID:9	[LIST] Blacklist: (none)
1904383221	ID:18	[LIST] Neighbors: 26,22,29,16
1904386631	ID:9	FUZZRID,DET,22,1641,1641,0,0,0,0,0,0,2,0,0,0
1904386858	ID:18	[LIST] Quarantine: (none)
1904390355	ID:18	[LIST] Blacklist: (none)
1904396808	ID:18	FUZZRID,DET,22,1641,1641,0,0,0,0,0,0,4,0,0,0
1910886064	ID:25	[ATK-FAKE-RANK]  true_rank=1069 fake_rank=1796 t=11720s
1911822096	ID:26	[ATK-FAKE-RANK]  true_rank=1687 fake_rank=1644 t=11720s
1911877006	ID:18	[HFS] ra=74 si=0 cx=49 ac=95
1911881263	ID:18	[LIST] Neighbors: 26,22,29,16
1911884900	ID:18	[LIST] Quarantine: (none)
1911888397	ID:18	[LIST] Blacklist: (none)
1911896191	ID:18	FUZZRID,DET,26,1644,1687,-43,0,16,100,5,16,2,0,95,100
1912803801	ID:22	[HFS] ra=0 si=0 cx=49 ac=0
1912809171	ID:22	[LIST] Neighbors: 24,16,9,29,31,26,18
1912812808	ID:22	[LIST] Quarantine: (none)
1912816305	ID:22	[LIST] Blacklist: (none)
1912822621	ID:22	FUZZRID,DET,9,1374,1374,0,0,0,0,0,0,1,0,0,0
1916998391	ID:27	[ATK-FAKE-RANK]  true_rank=512 fake_rank=892 t=11720s
1917143589	ID:21	[HFS] ra=74 si=49 cx=49 ac=82
1917147520	ID:21	[LIST] Neighbors: 4,27,3,17
1917151156	ID:21	[LIST] Quarantine: (none)
1917154653	ID:21	[LIST] Blacklist: (none)
1917162143	ID:21	FUZZRID,DET,27,892,512,380,0,100,100,20,0,0,0,82,75
1917589554	ID:31	[ATK-FAKE-RANK]  true_rank=1075 fake_rank=1329 t=11720s
1920160678	ID:5	 245763 P 0.0 31 995606 61916683 255706 562729 0 452717 39826 1926216 12622 19973 0 15084 (radio 1.-39% / 1.65% tx 0.40% / 0.64% listen 0.21% / 1.01%)
1920270891	ID:12	 245763 P 0.0 31 1249834 61659009 300651 597499 0 457860 24547 1941304 2019 14890 0 14068 (radio 1.-94% / 0.86% tx 0.47% / 0.10% listen 0.26% / 0.75%)
1920301145	ID:4	 245763 P 0.0 31 901597 62010360 150338 548294 0 475872 19187 1946856 81 12752 0 12364 (radio 1.-58% / 0.65% tx 0.23% / 0.00% listen 0.18% / 0.64%)
1920360081	ID:3	 245763 P 0.0 31 1589570 61321757 470157 696104 0 482331 26592 1939400 648 12949 0 12607 (radio 1.-52% / 0.69% tx 0.06% / 0.03% listen 1.-58% / 0.65%)
1920419008	ID:21	 245763 P 0.0 31 1266713 61643119 261847 666460 0 487237 30806 1935202 3266 12937 0 11778 (radio 1.-89% / 0.82% tx 0.41% / 0.16% listen 1.-63% / 0.65%)
1920462422	ID:16	 245763 P 0.0 31 1315019 61596722 404844 625420 0 438887 19519 1946552 0 11937 0 11914 (radio 1.-73% / 0.60% tx 0.64% / 0.00% listen 0.31% / 0.60%)
1920515698	ID:9	 245763 P 0.0 31 1989310 60922376 626930 864003 0 573902 61050 1904981 21013 23060 0 13874 (radio 2.-168% / 2.24% tx 0.31% / 1.06% listen 1.-100% / 1.17%)
1920597195	ID:1	 245765 P 0.0 31 3466888 59444755 1431203 61479804 0 0 39196 1926787 5514 1960544 0 0 (radio 31.-3068% / 100.-8739% tx 2.-178% / 0.28% listen 29.-2891% / 99.-8667%)
1920632154	ID:7	 245763 P 0.0 31 2269570 60641851 877535 847714 0 442195 87955 1877888 38622 28097 0 14266 (radio 2.-199% / 3.39% tx 1.-98% / 1.96% listen 1.-34% / 1.42%)
1920659155	ID:6	 245763 P 0.0 31 1501524 61410591 372334 656632 0 504501 37743 1928278 7474 18331 0 14831 (radio 1.-73% / 1.31% tx 0.59% / 0.38% listen 1.-64% / 0.93%)
1920671345	ID:20	 245763 P 0.0 31 2983361 59927693 1158545 1069141 0 484445 53879 1911996 16664 20734 0 13251 (radio 3.-288% / 1.90% tx 1.-53% / 0.84% listen 1.-67% / 1.05%)
1920692116	ID:2	 245763 P 0.0 31 2669151 60240024 688795 1056838 0 562490 35506 1930322 405 16448 0 14578 (radio 2.-196% / 0.85% tx 1.-59% / 0.02% listen 1.-69% / 0.83%)
1920702039	ID:22	 245763 P 0.0 31 1685094 61226009 439657 754113 0 550024 33520 1932288 4218 13527 0 12435 (radio 1.-47% / 0.90% tx 0.01% / 0.21% listen 1.-49% / 0.68%)
1920778025	ID:15	 245763 P 0.0 31 2153003 60758397 681996 849724 0 534362 49783 1916168 13637 19545 0 14123 (radio 2.-162% / 1.68% tx 1.-60% / 0.69% listen 1.-34% / 0.99%)
1920894539	ID:19	 245763 P 0.0 31 1265499 61646341 156345 681989 0 568044 52991 1913061 10860 20521 0 12255 (radio 1.-36% / 1.59% tx 0.24% / 0.55% listen 1.-60% / 1.04%)
1920939947	ID:13	 245763 P 0.0 31 1565273 61346712 438221 696501 0 503076 30501 1935454 887 17064 0 16331 (radio 1.-57% / 0.91% tx 0.01% / 0.04% listen 1.-58% / 0.86%)
1920956714	ID:17	 245763 P 0.0 31 1060808 61850516 252157 592308 0 478402 25572 1940473 3903 13554 0 12099 (radio 1.-35% / 0.88% tx 0.40% / 0.19% listen 0.25% / 0.68%)
1920993836	ID:11	 245763 P 0.0 31 1019184 61892864 264716 545074 0 429455 26270 1939716 4922 15323 0 13013 (radio 1.-40% / 1.02% tx 0.42% / 0.25% listen 0.18% / 0.77%)
1921026062	ID:18	 245763 P 0.0 31 1145182 61766650 299337 571936 0 449357 22008 1944054 632 12256 0 11484 (radio 1.-99% / 0.65% tx 0.47% / 0.03% listen 0.22% / 0.62%)
1921063936	ID:10	 245763 P 0.0 31 1654287 61258315 405553 842998 0 657712 79291 1886760 27456 29695 0 16377 (radio 1.-39% / 2.90% tx 0.64% / 1.39% listen 1.-35% / 1.51%)
1921092417	ID:8	 245763 P 0.0 31 1217041 61695038 304121 598244 0 457138 52752 1913166 15208 22804 0 14188 (radio 1.-94% / 1.93% tx 0.48% / 0.77% listen 0.26% / 1.15%)
1921115579	ID:14	 245763 P 0.0 31 1972354 60939847 569659 866272 0 569724 46796 1919227 10932 21448 0 15495 (radio 2.-177% / 1.64% tx 0.22% / 0.55% listen 1.-99% / 1.09%)
1926245367	ID:23	[ATK-FAKE-RANK]  true_rank=990 fake_rank=1358 t=11720s
1927372394	ID:24	[ATK-FAKE-RANK]  true_rank=1076 fake_rank=1516 t=11720s
1928062950	ID:16	[HFS] ra=0 si=0 cx=49 ac=0
1928067210	ID:16	[LIST] Neighbors: 31,26,22,18
1928070847	ID:16	[LIST] Quarantine: (none)
1928074344	ID:16	[LIST] Blacklist: (none)
1928080796	ID:16	FUZZRID,DET,22,1641,1641,0,0,0,0,0,0,1,0,0,0
1929838734	ID:3	[HFS] ra=0 si=0 cx=49 ac=0
1929843664	ID:3	[LIST] Neighbors: 2,23,17,31,27,21
1929847301	ID:3	[LIST] Quarantine: (none)
1929850797	ID:3	[LIST] Blacklist: (none)
1929856930	ID:3	FUZZRID,DET,21,512,512,0,0,0,0,0,0,0,0,0,0
1929933078	ID:17	[HFS] ra=0 si=0 cx=49 ac=0
1929937183	ID:17	[LIST] Neighbors: 21,27,3,31
1929940820	ID:17	[LIST] Quarantine: (none)
1929944317	ID:17	[LIST] Blacklist: (none)
1929950272	ID:17	FUZZRID,DET,3,786,786,0,0,0,0,0,0,0,0,0,0
1931414471	ID:13	[HFS] ra=0 si=0 cx=49 ac=0
1931414657	ID:10	[HFS] ra=0 si=0 cx=49 ac=0
1931419288	ID:13	[LIST] Neighbors: 2,28,19,10,7,25
1931420293	ID:10	[LIST] Neighbors: 2,28,13,7,25,20,23,19
1931422925	ID:13	[LIST] Quarantine: (none)
1931423951	ID:10	[LIST] Quarantine: (none)
1931426422	ID:13	[LIST] Blacklist: (none)
1931427448	ID:10	[LIST] Blacklist: (none)
1931432737	ID:13	FUZZRID,DET,7,1069,1069,0,0,0,0,0,0,1,0,0,0
1931433763	ID:10	FUZZRID,DET,7,1069,1069,0,0,0,0,0,0,1,0,0,0
1939461384	ID:3	[HFS] ra=0 si=0 cx=49 ac=0
1939466313	ID:3	[LIST] Neighbors: 2,23,17,31,27,21
1939469950	ID:3	[LIST] Quarantine: (none)
1939473447	ID:3	[LIST] Blacklist: (none)
1939479541	ID:3	FUZZRID,DET,17,870,870,0,0,0,0,0,0,2,0,0,0
1940340333	ID:14	[HFS] ra=0 si=0 cx=49 ac=0
1940345557	ID:14	[LIST] Neighbors: 20,25,30,24,9,6,15
1940349194	ID:14	[LIST] Quarantine: (none)
1940352691	ID:14	[LIST] Blacklist: (none)
1940358816	ID:14	FUZZRID,DET,20,770,770,0,0,0,0,0,0,2,0,0,0
1940413962	ID:10	[HFS] ra=0 si=0 cx=49 ac=0
1940418226	ID:2	[HFS] ra=0 si=0 cx=49 ac=0
1940419597	ID:10	[LIST] Neighbors: 2,28,13,7,25,20,23,19
1940423234	ID:10	[LIST] Quarantine: (none)
1940424051	ID:2	[LIST] Neighbors: 28,19,27,13,10,3,20,23
1940426748	ID:10	[LIST] Blacklist: (none)
1940427688	ID:2	[LIST] Quarantine: (none)
1940431185	ID:2	[LIST] Blacklist: (none)
1940432844	ID:10	FUZZRID,DET,20,770,770,0,0,0,0,0,0,3,0,0,0
1940437419	ID:2	FUZZRID,DET,20,770,770,0,0,0,0,0,0,10,0,0,0
1941981114	ID:29	[ATK-FAKE-RANK]  true_rank=1631 fake_rank=2331 t=11720s
1942122381	ID:12	[HFS] ra=74 si=49 cx=49 ac=82
1942126765	ID:12	[LIST] Neighbors: 9,29,15,11,6
1942130402	ID:12	[LIST] Quarantine: (none)
1942133899	ID:12	[LIST] Blacklist: (none)
1942141726	ID:12	FUZZRID,DET,29,2331,1631,700,0,100,100,10,0,6,0,82,75
1954134774	ID:5	[HFS] ra=0 si=0 cx=49 ac=0
1954138278	ID:5	[LIST] Neighbors: 7,8,25
1954141915	ID:5	[LIST] Quarantine: (none)
1954145412	ID:5	[LIST] Blacklist: (none)
1954151727	ID:5	FUZZRID,DET,7,1069,1069,0,0,0,0,0,0,5,0,0,0
1957157493	ID:28	[ATK-FAKE-RANK]  true_rank=512 fake_rank=912 t=11720s
1957295190	ID:2	[HFS] ra=74 si=49 cx=49 ac=82
1957300986	ID:2	[LIST] Neighbors: 28,19,27,13,10,3,20,23
1957304623	ID:2	[LIST] Quarantine: (none)
1957308120	ID:2	[LIST] Blacklist: (none)
1957315446	ID:2	FUZZRID,DET,28,912,512,400,0,100,100,4,0,3,0,82,75
1963010490	ID:6	[HFS] ra=0 si=0 cx=49 ac=0
1963015455	ID:6	[LIST] Neighbors: 14,30,9,15,12,11
1963019092	ID:6	[LIST] Quarantine: (none)
1963022589	ID:6	[LIST] Blacklist: (none)
1963029074	ID:6	FUZZRID,DET,11,1732,1732,0,0,0,0,0,0,2,0,0,0
1968618028	ID:9	[HFS] ra=0 si=0 cx=49 ac=0
1968621765	ID:12	[HFS] ra=0 si=0 cx=49 ac=0
1968623397	ID:9	[LIST] Neighbors: 14,24,6,12,29,15,22
1968626122	ID:12	[LIST] Neighbors: 9,29,15,11,6
1968627034	ID:9	[LIST] Quarantine: (none)
1968629759	ID:12	[LIST] Quarantine: (none)
1968630531	ID:9	[LIST] Blacklist: (none)
1968633255	ID:12	[LIST] Blacklist: (none)
1968634594	ID:6	[HFS] ra=0 si=0 cx=49 ac=0
1968637018	ID:9	FUZZRID,DET,15,1448,1448,0,0,0,0,0,0,5,0,0,0
1968639538	ID:6	[LIST] Neighbors: 14,30,9,15,12,11
1968639712	ID:12	FUZZRID,DET,15,1448,1448,0,0,0,0,0,0,5,0,0,0
1968643174	ID:6	[LIST] Quarantine: (none)
1968646681	ID:6	[LIST] Blacklist: (none)
1968653134	ID:6	FUZZRID,DET,15,1448,1448,0,0,0,0,0,0,5,0,0,0
1968716898	ID:14	[HFS] ra=0 si=0 cx=49 ac=0
1968719634	ID:11	[HFS] ra=0 si=0 cx=49 ac=0
1968722155	ID:14	[LIST] Neighbors: 20,25,30,24,9,6,15
1968723284	ID:11	[LIST] Neighbors: 6,15,12
1968725792	ID:14	[LIST] Quarantine: (none)
1968726921	ID:11	[LIST] Quarantine: (none)
1968729289	ID:14	[LIST] Blacklist: (none)
1968730429	ID:11	[LIST] Blacklist: (none)
1968735774	ID:14	FUZZRID,DET,15,1448,1448,0,0,0,0,0,0,5,0,0,0
1968736882	ID:11	FUZZRID,DET,15,1448,1448,0,0,0,0,0,0,4,0,0,0
1970346283	ID:11	[HFS] ra=0 si=0 cx=49 ac=0
1970349933	ID:11	[LIST] Neighbors: 6,15,12
1970353570	ID:11	[LIST] Quarantine: (none)
1970357066	ID:11	[LIST] Blacklist: (none)
1970363526	ID:11	FUZZRID,DET,12,1620,1620,0,0,0,0,0,0,0,0,0,0
1977231534	ID:7	[HFS] ra=0 si=0 cx=49 ac=0
1977236331	ID:7	[LIST] Neighbors: 28,13,10,25,5,8
1977239967	ID:7	[LIST] Quarantine: (none)
1977243464	ID:7	[LIST] Blacklist: (none)
1977249801	ID:7	FUZZRID,DET,8,1352,1352,0,0,0,0,0,0,3,0,0,0
1977260284	ID:5	[HFS] ra=0 si=0 cx=49 ac=0
1977263801	ID:5	[LIST] Neighbors: 7,8,25
1977267438	ID:5	[LIST] Quarantine: (none)
1977270936	ID:5	[LIST] Blacklist: (none)
1977277253	ID:5	FUZZRID,DET,8,1352,1352,0,0,0,0,0,0,1,0,0,0
1978917033	ID:25	[ATK-FAKE-RANK]  true_rank=1069 fake_rank=1816 t=11720s
1979042984	ID:13	[HFS] ra=74 si=49 cx=49 ac=82
1979047767	ID:13	[LIST] Neighbors: 2,28,19,10,7,25
1979051404	ID:13	[LIST] Quarantine: (none)
1979054901	ID:13	[LIST] Blacklist: (none)
1979062761	ID:13	FUZZRID,DET,25,1816,1069,747,0,100,100,17,0,0,0,82,75
1980160609	ID:5	 253443 P 0.0 32 1021736 63856627 260251 577937 0 465207 26129 1939944 4545 15208 0 12490 (radio 1.-38% / 1.00% tx 0.40% / 0.23% listen 0.22% / 0.77%)
1980301433	ID:4	 253443 P 0.0 32 922368 63955628 151113 561946 0 488390 20769 1945268 775 13652 0 12518 (radio 1.-57% / 0.73% tx 0.23% / 0.03% listen 0.20% / 0.69%)
1980360395	ID:3	 253443 P 0.0 32 1628119 63249209 477340 713212 0 495706 38547 1927452 7183 17108 0 13375 (radio 1.-49% / 1.23% tx 0.07% / 0.36% listen 1.-57% / 0.87%)
1980370799	ID:12	 253455 P 0.0 32 1301776 63576248 319114 619004 0 470215 51941 1917239 18463 21505 0 12355 (radio 1.-88% / 2.02% tx 0.49% / 0.93% listen 0.29% / 1.09%)
1980419018	ID:21	 253443 P 0.0 32 1304048 63571819 269198 684452 0 500052 37334 1928700 7351 17992 0 12815 (radio 1.-86% / 1.28% tx 0.41% / 0.37% listen 1.-61% / 0.91%)
1980463551	ID:16	 253443 P 0.0 32 1353278 63524537 416155 644030 0 451578 38257 1927815 11311 18610 0 12691 (radio 1.-69% / 1.52% tx 0.64% / 0.57% listen 0.33% / 0.94%)
1980515490	ID:9	 253443 P 0.0 32 2033482 62844266 636940 883264 0 587369 44171 1921890 10010 19261 0 13467 (radio 2.-165% / 1.48% tx 0.31% / 0.50% listen 1.-97% / 0.97%)
1980597472	ID:1	 253445 P 0.0 32 3528513 61349152 1453655 63423395 0 0 61623 1904397 22452 1943590 0 0 (radio 33.-3297% / 100.-8739% tx 2.-175% / 1.14% listen 31.-3056% / 98.-8653%)
1980632339	ID:7	 253443 P 0.0 32 2311517 62565681 887895 864158 0 454452 41946 1923830 10360 16444 0 12257 (radio 2.-195% / 1.36% tx 1.-96% / 0.52% listen 1.-100% / 0.83%)
1980658289	ID:6	 253443 P 0.0 32 1527708 63350446 372334 670611 0 518438 26183 1939855 0 13979 0 13937 (radio 1.-72% / 0.71% tx 0.57% / 0.00% listen 1.-63% / 0.71%)
1980671421	ID:20	 253443 P 0.0 32 3029372 61847568 1169022 1087726 0 497595 46010 1919875 10477 18585 0 13150 (radio 3.-284% / 1.47% tx 1.-53% / 0.53% listen 1.-65% / 0.94%)
1980692433	ID:2	 253443 P 0.0 32 2723889 62151152 698616 1079078 0 576629 54736 1911128 9821 22240 0 14139 (radio 2.-191% / 1.63% tx 1.-59% / 0.49% listen 1.-67% / 1.13%)
1980702042	ID:22	 253443 P 0.0 32 1727787 63149326 449145 773559 0 564192 42692 1923317 9488 19446 0 14168 (radio 1.-44% / 1.47% tx 0.03% / 0.48% listen 1.-47% / 0.98%)
1980777782	ID:15	 253443 P 0.0 32 2190971 62686477 689643 865551 0 547694 37967 1928080 7647 15827 0 13332 (radio 2.-159% / 1.19% tx 1.-60% / 0.38% listen 1.-99% / 0.80%)
1980894261	ID:19	 253443 P 0.0 32 1295566 63582345 157476 697313 0 581584 30066 1936004 1131 15324 0 13540 (radio 1.-35% / 0.83% tx 0.24% / 0.05% listen 1.-59% / 0.77%)
1980940237	ID:13	 253443 P 0.0 32 1597834 63279819 442211 711697 0 515967 32560 1933107 3990 15196 0 12891 (radio 1.-55% / 0.97% tx 0.01% / 0.20% listen 1.-57% / 0.77%)
1980956950	ID:17	 253443 P 0.0 32 1085856 63791524 255570 607354 0 491950 25047 1941008 3413 15046 0 13548 (radio 1.-100% / 0.93% tx 0.39% / 0.17% listen 0.27% / 0.76%)
1980993871	ID:11	 253443 P 0.0 32 1048981 63829114 271245 561061 0 441591 29795 1936250 6529 15987 0 12136 (radio 1.-38% / 1.14% tx 0.41% / 0.33% listen 0.20% / 0.81%)
1981026343	ID:18	 253443 P 0.0 32 1168315 63709566 301857 586989 0 462800 23131 1942916 2520 15053 0 13443 (radio 1.-96% / 0.89% tx 0.46% / 0.12% listen 0.24% / 0.76%)
1981063524	ID:10	 253443 P 0.0 32 1684624 63194035 406117 859492 0 673275 30336 1935720 564 16494 0 15563 (radio 1.-38% / 0.86% tx 0.62% / 0.02% listen 1.-100% / 0.83%)
1981092146	ID:8	 253443 P 0.0 32 1249666 63628482 312485 612738 0 469375 32623 1933444 8364 14494 0 12237 (radio 1.-90% / 1.16% tx 0.48% / 0.42% listen 0.28% / 0.73%)
1981115330	ID:14	 253443 P 0.0 32 2009727 62868460 573943 882533 0 582801 37372 1928613 4284 16261 0 13077 (radio 2.-175% / 1.04% tx 0.22% / 0.21% listen 1.-97% / 0.82%)
1982633544	ID:6	[HFS] ra=0 si=0 cx=49 ac=0
1982638521	ID:6	[LIST] Neighbors: 14,30,9,15,12,11
1982642158	ID:6	[LIST] Quarantine: (none)
1982645655	ID:6	[LIST] Blacklist: (none)
1982651975	ID:6	FUZZRID,DET,9,1367,1367,0,0,0,0,0,0,2,0,0,0
1984883169	ID:6	[HFS] ra=0 si=0 cx=49 ac=0
1984888146	ID:6	[LIST] Neighbors: 14,30,9,15,12,11
1984891783	ID:6	[LIST] Quarantine: (none)
1984895283	ID:6	[LIST] Blacklist: (none)
1984901877	ID:6	FUZZRID,DET,14,1034,1034,0,0,0,0,0,0,10,0,0,0
1991635890	ID:5	[HFS] ra=0 si=0 cx=49 ac=0
1991639394	ID:5	[LIST] Neighbors: 7,8,25
1991643031	ID:5	[LIST] Quarantine: (none)
1991646527	ID:5	[LIST] Blacklist: (none)
1991652843	ID:5	FUZZRID,DET,7,1065,1065,0,0,0,0,0,0,5,0,0,0
1991666882	ID:13	[HFS] ra=0 si=0 cx=49 ac=0
1991666933	ID:10	[HFS] ra=0 si=0 cx=49 ac=0
1991671695	ID:13	[LIST] Neighbors: 2,28,19,10,7,25
1991672569	ID:10	[LIST] Neighbors: 2,28,13,7,25,20,23,19
1991675332	ID:13	[LIST] Quarantine: (none)
1991676205	ID:10	[LIST] Quarantine: (none)
1991678828	ID:13	[LIST] Blacklist: (none)
1991679702	ID:10	[LIST] Blacklist: (none)
1991685143	ID:13	FUZZRID,DET,7,1065,1065,0,0,0,0,0,0,0,0,0,0
1991686020	ID:10	FUZZRID,DET,7,1065,1065,0,0,0,0,0,0,1,0,0,0
1991691462	ID:8	[HFS] ra=0 si=0 cx=49 ac=0
1991695426	ID:8	[LIST] Neighbors: 7,25,5,30
1991699063	ID:8	[LIST] Quarantine: (none)
1991702584	ID:8	[LIST] Blacklist: (none)
1991708900	ID:8	FUZZRID,DET,7,1065,1065,0,0,0,0,0,0,5,0,0,0
1991745080	ID:12	[HFS] ra=0 si=0 cx=49 ac=0
1991749437	ID:12	[LIST] Neighbors: 9,29,15,11,6
1991753074	ID:12	[LIST] Quarantine: (none)
1991754492	ID:15	[HFS] ra=0 si=0 cx=49 ac=0
1991756570	ID:12	[LIST] Blacklist: (none)
1991758744	ID:6	[HFS] ra=0 si=0 cx=49 ac=0
1991760128	ID:15	[LIST] Neighbors: 9,14,29,24,12,11,6,30
1991763024	ID:12	FUZZRID,DET,11,1720,1720,0,0,0,0,0,0,0,0,0,0
1991763687	ID:6	[LIST] Neighbors: 14,30,9,15,12,11
1991763765	ID:15	[LIST] Quarantine: (none)
1991767262	ID:15	[LIST] Blacklist: (none)
1991767324	ID:6	[LIST] Quarantine: (none)
1991770842	ID:6	[LIST] Blacklist: (none)
1991773716	ID:15	FUZZRID,DET,11,1720,1720,0,0,0,0,0,0,4,0,0,0
1991777296	ID:6	FUZZRID,DET,11,1720,1720,0,0,0,0,0,0,2,0,0,0
1992165865	ID:10	[HFS] ra=0 si=0 cx=49 ac=0
1992171500	ID:10	[LIST] Neighbors: 2,28,13,7,25,20,23,19
1992175137	ID:10	[LIST] Quarantine: (none)
1992178634	ID:10	[LIST] Blacklist: (none)
1992184745	ID:10	FUZZRID,DET,13,840,840,0,0,0,0,0,0,3,0,0,0
1995279022	ID:4	[HFS] ra=0 si=0 cx=49 ac=0
1995282833	ID:4	[LIST] Neighbors: 21,19,27
1995286469	ID:4	[LIST] Quarantine: (none)
1995289966	ID:4	[LIST] Blacklist: (none)
1995296093	ID:4	FUZZRID,DET,19,512,512,0,0,0,0,0,0,0,0,0,0
2004599192	ID:24	[ATK-FAKE-RANK]  true_rank=1075 fake_rank=1536 t=11720s
2004631170	ID:15	[HFS] ra=74 si=49 cx=49 ac=82
2004636807	ID:15	[LIST] Neighbors: 9,14,29,24,12,11,6,30
2004640443	ID:15	[LIST] Quarantine: (none)
2004643940	ID:15	[LIST] Blacklist: (none)
2004651767	ID:15	FUZZRID,DET,24,1536,1075,461,0,100,100,17,0,3,0,82,75
2005087445	ID:26	[ATK-FAKE-RANK]  true_rank=1687 fake_rank=1664 t=11720s
2005180614	ID:22	[HFS] ra=72 si=0 cx=49 ac=94
2005185984	ID:22	[LIST] Neighbors: 24,16,9,29,31,26,18
2005189621	ID:22	[LIST] Quarantine: (none)
2005193118	ID:22	[LIST] Blacklist: (none)
2005200725	ID:22	FUZZRID,DET,26,1664,1687,-23,0,8,70,10,16,0,0,94,100
2005474750	ID:30	[ATK-FAKE-RANK]  true_rank=1347 fake_rank=2046 t=11720s
2005509753	ID:6	[HFS] ra=74 si=49 cx=49 ac=82
2005514697	ID:6	[LIST] Neighbors: 14,30,9,15,12,11
2005518334	ID:6	[LIST] Quarantine: (none)
2005521831	ID:6	[LIST] Blacklist: (none)
2005529530	ID:6	FUZZRID,DET,30,2046,1347,699,0,100,100,8,0,1,0,82,75
2010012306	ID:29	[ATK-FAKE-RANK]  true_rank=1631 fake_rank=2351 t=11720s
2010129264	ID:18	[HFS] ra=74 si=49 cx=49 ac=82
2010133501	ID:18	[LIST] Neighbors: 26,22,29,16
2010137138	ID:18	[LIST] Quarantine: (none)
2010140635	ID:18	[LIST] Blacklist: (none)
2010148602	ID:18	FUZZRID,DET,29,2351,1631,720,0,100,100,13,0,11,0,82,75
2011057745	ID:23	[ATK-FAKE-RANK]  true_rank=947 fake_rank=1378 t=11720s
2012451776	ID:27	[ATK-FAKE-RANK]  true_rank=512 fake_rank=912 t=11720s
2012556625	ID:17	[HFS] ra=74 si=49 cx=49 ac=82
2012560716	ID:17	[LIST] Neighbors: 21,27,3,31
2012564353	ID:17	[LIST] Quarantine: (none)
2012567863	ID:17	[LIST] Blacklist: (none)
2012575359	ID:17	FUZZRID,DET,27,912,512,400,0,100,100,26,0,0,0,82,75
2013650320	ID:4	[HFS] ra=0 si=0 cx=49 ac=0
2013654130	ID:4	[LIST] Neighbors: 21,19,27
2013657767	ID:4	[LIST] Quarantine: (none)
2013661264	ID:4	[LIST] Blacklist: (none)
2013667357	ID:4	FUZZRID,DET,21,512,512,0,0,0,0,0,0,0,0,0,0
2014086391	ID:3	[HFS] ra=0 si=0 cx=49 ac=0
2014091321	ID:3	[LIST] Neighbors: 2,23,17,31,27,21
2014094957	ID:3	[LIST] Quarantine: (none)
2014098454	ID:3	[LIST] Blacklist: (none)
2014104548	ID:3	FUZZRID,DET,17,859,859,0,0,0,0,0,0,1,0,0,0
2014636311	ID:5	[HFS] ra=0 si=0 cx=49 ac=0
2014639815	ID:5	[LIST] Neighbors: 7,8,25
2014643452	ID:5	[LIST] Quarantine: (none)
2014646949	ID:5	[LIST] Blacklist: (none)
2014653264	ID:5	FUZZRID,DET,8,1336,1336,0,0,0,0,0,0,1,0,0,0
2018126504	ID:28	[ATK-FAKE-RANK]  true_rank=512 fake_rank=932 t=11720s
2018231248	ID:7	[HFS] ra=74 si=49 cx=49 ac=82
2018236045	ID:7	[LIST] Neighbors: 28,13,10,25,5,8
2018239682	ID:7	[LIST] Quarantine: (none)
2018243178	ID:7	[LIST] Blacklist: (none)
2018250644	ID:7	FUZZRID,DET,28,932,512,420,0,100,100,10,0,1,0,82,75
2036916981	ID:2	[HFS] ra=0 si=0 cx=49 ac=0
2036922793	ID:2	[LIST] Neighbors: 28,19,27,13,10,3,20,23
2036926429	ID:2	[LIST] Quarantine: (none)
2036929926	ID:2	[LIST] Blacklist: (none)
2036935882	ID:2	FUZZRID,DET,3,782,782,0,0,0,0,0,0,4,0,0,0
2040160620	ID:5	 261123 P 0.0 33 1046028 65798403 263979 592687 0 477902 24290 1941776 3728 14750 0 12695 (radio 1.-37% / 0.93% tx 0.39% / 0.18% listen 0.24% / 0.75%)
2040270049	ID:12	 261123 P 0.0 33 1323207 65517470 319114 631948 0 482982 21430 1941222 0 12944 0 12767 (radio 1.-87% / 0.65% tx 0.47% / 0.00% listen 0.30% / 0.65%)
2040301705	ID:4	 261123 P 0.0 33 958334 65885672 160842 579765 0 500924 35965 1930044 9729 17819 0 12534 (radio 1.-54% / 1.40% tx 0.24% / 0.49% listen 0.22% / 0.90%)
2040360388	ID:3	 261123 P 0.0 33 1656481 65186909 479665 728509 0 510034 28361 1937700 2325 15297 0 14328 (radio 1.-48% / 0.89% tx 0.07% / 0.11% listen 1.-56% / 0.77%)
2040419014	ID:21	 261123 P 0.0 33 1337789 65504049 276948 701223 0 513383 33740 1932230 7750 16771 0 13331 (radio 1.-83% / 1.24% tx 0.41% / 0.39% listen 1.-60% / 0.85%)
2040463260	ID:16	 261123 P 0.0 33 1378734 65465137 420353 658440 0 463790 25455 1940600 4198 14410 0 12212 (radio 1.-68% / 0.94% tx 0.62% / 0.21% listen 0.34% / 0.73%)
2040515250	ID:9	 261123 P 0.0 33 2066817 64776999 640837 898600 0 600438 33333 1932733 3897 15336 0 13069 (radio 2.-163% / 0.97% tx 0.31% / 0.19% listen 1.-95% / 0.78%)
2040596571	ID:1	 261125 P 0.0 33 3553147 63290586 1453655 65389475 0 0 24632 1941434 0 1966078 0 0 (radio 35.-3460% / 100.-8739% tx 2.-176% / 0.00% listen 33.-3285% / 100.-8739%)
2040631886	ID:7	 261123 P 0.0 33 2353203 64489778 897784 881428 0 467284 41685 1924097 9889 17270 0 12832 (radio 2.-191% / 1.38% tx 1.-95% / 0.50% listen 1.-97% / 0.87%)
2040659423	ID:6	 261123 P 0.0 33 1574742 65269470 383296 688732 0 530747 47032 1919024 10962 18121 0 12309 (radio 1.-69% / 1.47% tx 0.57% / 0.55% listen 1.-62% / 0.92%)
2040671104	ID:20	 261123 P 0.0 33 3059732 63783015 1171928 1103045 0 511548 30359 1935447 2906 15319 0 13953 (radio 3.-281% / 0.92% tx 1.-54% / 0.14% listen 1.-64% / 0.77%)
2040692443	ID:2	 261123 P 0.0 33 2771045 64070040 707315 1097388 0 590136 47154 1918888 8699 18310 0 13507 (radio 2.-188% / 1.37% tx 1.-59% / 0.44% listen 1.-65% / 0.93%)
2040701175	ID:22	 261123 P 0.0 33 1754775 65088403 449145 786834 0 577212 26987 1939077 0 13275 0 13020 (radio 1.-44% / 0.67% tx 0.02% / 0.00% listen 1.-47% / 0.67%)
2040777791	ID:15	 261123 P 0.0 33 2232167 64611353 696201 882774 0 561070 41195 1924876 6558 17223 0 13376 (radio 2.-157% / 1.20% tx 1.-61% / 0.33% listen 1.-97% / 0.87%)
2040894270	ID:19	 261123 P 0.0 33 1329509 65514468 161704 713698 0 595916 33941 1932123 4228 16385 0 14332 (radio 1.-98% / 1.04% tx 0.24% / 0.21% listen 1.-58% / 0.83%)
2040940515	ID:13	 261123 P 0.0 33 1640940 65202692 452923 730563 0 529363 43104 1922873 10712 18866 0 13396 (radio 1.-52% / 1.50% tx 0.03% / 0.54% listen 1.-55% / 0.95%)
2040956717	ID:17	 261123 P 0.0 33 1120379 65723056 265292 623092 0 504388 34522 1931532 9722 15738 0 12438 (radio 1.-96% / 1.29% tx 0.39% / 0.49% listen 0.28% / 0.80%)
2040993861	ID:11	 261123 P 0.0 33 1070095 65774001 274268 573414 0 453872 21113 1944887 3023 12353 0 12281 (radio 1.-38% / 0.78% tx 0.41% / 0.15% listen 0.21% / 0.62%)
2041026350	ID:18	 261123 P 0.0 33 1193493 65650211 304869 601336 0 475012 25176 1940645 3012 14347 0 12212 (radio 1.-93% / 0.88% tx 0.45% / 0.15% listen 0.25% / 0.72%)
2041063912	ID:10	 261123 P 0.0 33 1732615 65112100 416492 879776 0 687591 47989 1918065 10375 20284 0 14316 (radio 1.-99% / 1.55% tx 0.62% / 0.52% listen 1.-97% / 1.03%)
2041092127	ID:8	 261123 P 0.0 33 1275639 65568585 315566 626639 0 482182 25972 1940103 3081 13901 0 12807 (radio 1.-88% / 0.86% tx 0.47% / 0.15% listen 0.29% / 0.70%)
2041115343	ID:14	 261123 P 0.0 33 2044389 64799871 578785 898222 0 596216 34660 1931411 4842 15689 0 13415 (radio 2.-172% / 1.04% tx 0.22% / 0.24% listen 1.-95% / 0.79%)
2042511209	ID:29	[ATK-FAKE-RANK]  true_rank=1631 fake_rank=2371 t=11720s
2042550814	ID:22	[HFS] ra=74 si=49 cx=49 ac=82
2042556184	ID:22	[LIST] Neighbors: 24,16,9,29,31,26,18
2042559821	ID:22	[LIST] Quarantine: (none)
2042563341	ID:22	[LIST] Blacklist: (none)
2042571169	ID:22	FUZZRID,DET,29,2371,1631,740,0,100,100,19,0,7,0,82,75
2042615373	ID:9	[HFS] ra=74 si=49 cx=49 ac=82
2042620743	ID:9	[LIST] Neighbors: 14,24,6,12,29,15,22
2042622650	ID:12	[HFS] ra=74 si=49 cx=49 ac=82
2042624380	ID:9	[LIST] Quarantine: (none)
2042627007	ID:12	[LIST] Neighbors: 9,29,15,11,6
2042627115	ID:18	[HFS] ra=74 si=49 cx=49 ac=82
2042627227	ID:15	[HFS] ra=74 si=49 cx=49 ac=82
2042627877	ID:9	[LIST] Blacklist: (none)
2042630644	ID:12	[LIST] Quarantine: (none)
2042631352	ID:18	[LIST] Neighbors: 26,22,29,16
2042632891	ID:15	[LIST] Neighbors: 9,14,29,24,12,11,6,30
2042634140	ID:12	[LIST] Blacklist: (none)
2042634989	ID:18	[LIST] Quarantine: (none)
2042635858	ID:9	FUZZRID,DET,29,2371,1631,740,0,100,100,17,0,11,0,82,75
2042636528	ID:15	[LIST] Quarantine: (none)
2042638486	ID:18	[LIST] Blacklist: (none)
2042640025	ID:15	[LIST] Blacklist: (none)
2042641863	ID:12	FUZZRID,DET,29,2371,1631,740,0,100,100,9,0,6,0,82,75
2042646314	ID:18	FUZZRID,DET,29,2371,1631,740,0,100,100,4,0,10,0,82,75
2042647992	ID:15	FUZZRID,DET,29,2371,1631,740,0,100,100,17,0,13,0,82,75
2054551138	ID:22	[HFS] ra=0 si=0 cx=49 ac=0
2054556541	ID:22	[LIST] Neighbors: 24,16,9,29,31,26,18
2054560178	ID:22	[LIST] Quarantine: (none)
2054563675	ID:22	[LIST] Blacklist: (none)
2054570132	ID:22	FUZZRID,DET,16,1554,1554,0,0,0,0,0,0,6,0,0,0
2069253531	ID:15	[HFS] ra=0 si=0 cx=49 ac=0
2069259167	ID:15	[LIST] Neighbors: 9,14,29,24,12,11,6,30
2069262804	ID:15	[LIST] Quarantine: (none)
2069266301	ID:15	[LIST] Blacklist: (none)
2069272776	ID:15	FUZZRID,DET,11,1720,1720,0,0,0,0,0,0,4,0,0,0
2069519997	ID:20	[HFS] ra=0 si=0 cx=49 ac=0
2069525353	ID:20	[LIST] Neighbors: 2,10,25,14,28,23,24
2069528990	ID:20	[LIST] Quarantine: (none)
2069532505	ID:20	[LIST] Blacklist: (none)
2069538600	ID:20	FUZZRID,DET,10,786,786,0,0,0,0,0,0,6,0,0,0
2069669369	ID:24	[ATK-FAKE-RANK]  true_rank=1075 fake_rank=1556 t=11720s
2069717233	ID:14	[HFS] ra=74 si=49 cx=49 ac=82
2069722457	ID:14	[LIST] Neighbors: 20,25,30,24,9,6,15
2069726094	ID:14	[LIST] Quarantine: (none)
2069729591	ID:14	[LIST] Blacklist: (none)
2069737424	ID:14	FUZZRID,DET,24,1556,1075,481,0,100,100,23,0,0,0,82,75
2074369616	ID:25	[ATK-FAKE-RANK]  true_rank=1087 fake_rank=1836 t=11720s
2074648727	ID:20	[HFS] ra=74 si=49 cx=49 ac=82
2074654083	ID:20	[LIST] Neighbors: 2,10,25,14,28,23,24
2074657720	ID:20	[LIST] Quarantine: (none)
2074661217	ID:20	[LIST] Blacklist: (none)
2074669080	ID:20	FUZZRID,DET,25,1836,1087,749,0,100,100,17,0,1,0,82,75
2079627742	ID:15	[HFS] ra=0 si=0 cx=49 ac=0
2079633379	ID:15	[LIST] Neighbors: 9,14,29,24,12,11,6,30
2079637016	ID:15	[LIST] Quarantine: (none)
2079640522	ID:15	[LIST] Blacklist: (none)
2079646974	ID:15	FUZZRID,DET,12,1620,1620,0,0,0,0,0,0,3,0,0,0
2084017024	ID:28	[ATK-FAKE-RANK]  true_rank=512 fake_rank=952 t=11720s
2084147315	ID:20	[HFS] ra=74 si=49 cx=49 ac=82
2084152671	ID:20	[LIST] Neighbors: 2,10,25,14,28,23,24
2084156308	ID:20	[LIST] Quarantine: (none)
2084159805	ID:20	[LIST] Blacklist: (none)
2084167271	ID:20	FUZZRID,DET,28,952,512,440,0,100,100,15,0,1,0,82,75
2085012098	ID:30	[ATK-FAKE-RANK]  true_rank=1346 fake_rank=2066 t=11720s
2085068569	ID:8	[HFS] ra=74 si=49 cx=49 ac=82
2085072500	ID:8	[LIST] Neighbors: 7,25,5,30
2085076137	ID:8	[LIST] Quarantine: (none)
2085079634	ID:8	[LIST] Blacklist: (none)
2085087494	ID:8	FUZZRID,DET,30,2066,1346,720,0,100,100,10,0,0,0,82,75
2085090076	ID:14	[HFS] ra=74 si=49 cx=49 ac=82
2085095300	ID:14	[LIST] Neighbors: 20,25,30,24,9,6,15
2085098937	ID:14	[LIST] Quarantine: (none)
2085102434	ID:14	[LIST] Blacklist: (none)
2085110260	ID:14	FUZZRID,DET,30,2066,1346,720,0,100,100,19,0,0,0,82,75
2085129524	ID:15	[HFS] ra=74 si=49 cx=49 ac=82
2085135161	ID:15	[LIST] Neighbors: 9,14,29,24,12,11,6,30
2085136237	ID:6	[HFS] ra=74 si=49 cx=49 ac=82
2085138798	ID:15	[LIST] Quarantine: (none)
2085141181	ID:6	[LIST] Neighbors: 14,30,9,15,12,11
2085142294	ID:15	[LIST] Blacklist: (none)
2085144818	ID:6	[LIST] Quarantine: (none)
2085148315	ID:6	[LIST] Blacklist: (none)
2085150121	ID:15	FUZZRID,DET,30,2066,1346,720,0,100,100,23,0,2,0,82,75
2085156011	ID:6	FUZZRID,DET,30,2066,1346,720,0,100,100,5,0,0,0,82,75
2091003604	ID:18	[HFS] ra=0 si=0 cx=49 ac=0
2091007841	ID:18	[LIST] Neighbors: 26,22,29,16
2091011477	ID:18	[LIST] Quarantine: (none)
2091014974	ID:18	[LIST] Blacklist: (none)
2091021429	ID:18	FUZZRID,DET,22,1614,1614,0,0,0,0,0,0,3,0,0,0
2091776294	ID:31	[ATK-FAKE-RANK]  true_rank=1060 fake_rank=1349 t=11720s
2091807547	ID:17	[HFS] ra=74 si=49 cx=49 ac=82
2091811638	ID:17	[LIST] Neighbors: 21,27,3,31
2091815275	ID:17	[LIST] Quarantine: (none)
2091818772	ID:17	[LIST] Blacklist: (none)
2091826773	ID:17	FUZZRID,DET,31,1349,1060,289,0,100,100,27,33,0,0,82,75
2092501496	ID:26	[ATK-FAKE-RANK]  true_rank=1687 fake_rank=1684 t=11720s
2092541680	ID:23	[ATK-FAKE-RANK]  true_rank=929 fake_rank=1398 t=11720s
2092625966	ID:18	[HFS] ra=74 si=0 cx=49 ac=95
2092630236	ID:18	[LIST] Neighbors: 26,22,29,16
2092633873	ID:18	[LIST] Quarantine: (none)
2092637370	ID:18	[LIST] Blacklist: (none)
2092645015	ID:18	FUZZRID,DET,26,1684,1687,-3,0,1,100,10,16,2,0,95,100
2092664097	ID:10	[HFS] ra=74 si=49 cx=49 ac=82
2092669732	ID:10	[LIST] Neighbors: 2,28,13,7,25,20,23,19
2092673369	ID:10	[LIST] Quarantine: (none)
2092676887	ID:10	[LIST] Blacklist: (none)
2092684434	ID:10	FUZZRID,DET,23,1398,929,469,0,100,100,3,0,2,0,82,55
2093067834	ID:8	[HFS] ra=0 si=0 cx=49 ac=0
2093071765	ID:8	[LIST] Neighbors: 7,25,5,30
2093075402	ID:8	[LIST] Quarantine: (none)
2093078899	ID:8	[LIST] Blacklist: (none)
2093085213	ID:8	FUZZRID,DET,5,1334,1334,0,0,0,0,0,0,0,0,0,0
2100136023	ID:5	[HFS] ra=0 si=0 cx=49 ac=0
2100139535	ID:5	[LIST] Neighbors: 7,8,25
2100143172	ID:5	[LIST] Quarantine: (none)
2100146668	ID:5	[LIST] Blacklist: (none)
2100152984	ID:5	FUZZRID,DET,7,1055,1055,0,0,0,0,0,0,5,0,0,0
2100186809	ID:5	 268806 P 0.0 34 1070555 67740733 268549 607514 0 490641 24526 1942330 4570 14827 0 12739 (radio 1.-98% / 0.98% tx 0.39% / 0.23% listen 0.25% / 0.75%)
2100191690	ID:8	[HFS] ra=0 si=0 cx=49 ac=0
2100195635	ID:8	[LIST] Neighbors: 7,25,5,30
2100199271	ID:8	[LIST] Quarantine: (none)
2100202768	ID:8	[LIST] Blacklist: (none)
2100209084	ID:8	FUZZRID,DET,7,1055,1055,0,0,0,0,0,0,5,0,0,0
2100270879	ID:12	 268803 P 0.0 34 1353489 67453203 324436 647427 0 495713 30280 1935733 5322 15479 0 12731 (radio 1.-84% / 1.05% tx 0.47% / 0.27% listen 0.31% / 0.78%)
2100288439	ID:10	[HFS] ra=0 si=0 cx=49 ac=0
2100294075	ID:10	[LIST] Neighbors: 2,28,13,7,25,20,23,19
2100297712	ID:10	[LIST] Quarantine: (none)
2100300885	ID:4	 268803 P 0.0 34 976777 67833278 160842 591285 0 512444 18441 1947606 0 11520 0 11520 (radio 1.-54% / 0.58% tx 0.23% / 0.00% listen 0.23% / 0.58%)
2100301208	ID:10	[LIST] Blacklist: (none)
2100307183	ID:10	FUZZRID,DET,2,512,512,0,0,0,0,0,0,5,0,0,0
2100360357	ID:3	 268803 P 0.0 34 1684172 67125270 481845 742242 0 522447 27690 1938361 2180 13733 0 12413 (radio 1.-47% / 0.80% tx 0.07% / 0.11% listen 1.-55% / 0.69%)
2100418710	ID:21	 268803 P 0.0 34 1360616 67447076 277110 713397 0 524972 22826 1943027 162 12174 0 11589 (radio 1.-81% / 0.62% tx 0.40% / 0.00% listen 1.-59% / 0.61%)
2100463280	ID:16	 268803 P 0.0 34 1402521 67407414 423431 672507 0 476637 23785 1942277 3078 14067 0 12847 (radio 1.-66% / 0.87% tx 0.61% / 0.15% listen 0.35% / 0.71%)
2100515238	ID:9	 268803 P 0.0 34 2096454 66713431 642371 914375 0 615385 29636 1936432 1534 15775 0 14947 (radio 2.-162% / 0.88% tx 0.30% / 0.07% listen 1.-92% / 0.80%)
2100596570	ID:1	 268805 P 0.0 34 3577865 65231945 1453655 67355555 0 0 24716 1941359 0 1966078 0 0 (radio 37.-3687% / 100.-8739% tx 2.-176% / 0.00% listen 35.-3449% / 100.-8739%)
2100631916	ID:7	 268803 P 0.0 34 2391345 66417626 907032 896916 0 479947 38141 1927848 9248 15488 0 12663 (radio 2.-188% / 1.25% tx 1.-94% / 0.47% listen 1.-95% / 0.78%)
2100659117	ID:6	 268803 P 0.0 34 1609485 67200796 389373 704861 0 543905 34741 1931326 6077 16129 0 13158 (radio 1.-66% / 1.12% tx 0.56% / 0.30% listen 1.-60% / 0.82%)
2100671349	ID:20	 268803 P 0.0 34 3109812 65698863 1182065 1123302 0 524409 50079 1915848 10137 20257 0 12861 (radio 3.-278% / 1.54% tx 1.-54% / 0.51% listen 1.-62% / 1.03%)
2100697355	ID:2	 268803 P 0.0 34 2812298 65994968 714225 1112792 0 602671 41252 1924928 6910 15404 0 12535 (radio 2.-185% / 1.13% tx 1.-59% / 0.35% listen 1.-64% / 0.78%)
2100703596	ID:22	 268803 P 0.0 34 1793964 67015212 455205 802796 0 590022 39187 1926809 6060 15962 0 12810 (radio 1.-43% / 1.12% tx 0.03% / 0.30% listen 1.-46% / 0.81%)
2100777997	ID:15	 268803 P 0.0 34 2285956 66523580 709684 902947 0 574409 53788 1912227 13483 20173 0 13339 (radio 2.-153% / 1.71% tx 1.-60% / 0.68% listen 1.-94% / 1.02%)
2100893422	ID:19	 268803 P 0.0 34 1355133 67454920 161704 726404 0 608622 25623 1940452 0 12706 0 12706 (radio 1.-96% / 0.64% tx 0.23% / 0.00% listen 1.-57% / 0.64%)
2100939371	ID:13	 268803 P 0.0 34 1664407 67145261 452923 743298 0 542098 23466 1942569 0 12735 0 12735 (radio 1.-51% / 0.64% tx 0.03% / 0.00% listen 1.-55% / 0.64%)
2100956679	ID:17	 268803 P 0.0 34 1142673 67666815 266972 636112 0 516214 22293 1943759 1680 13020 0 11826 (radio 1.-94% / 0.74% tx 0.38% / 0.08% listen 0.30% / 0.66%)
2100993768	ID:11	 268803 P 0.0 34 1087550 67722571 274585 586263 0 466531 17454 1948570 317 12849 0 12659 (radio 1.-100% / 0.66% tx 0.39% / 0.01% listen 0.22% / 0.65%)
2101026321	ID:18	 268803 P 0.0 34 1224587 67585132 310399 617130 0 486951 31092 1934921 5530 15794 0 11939 (radio 1.-91% / 1.08% tx 0.45% / 0.28% listen 0.27% / 0.80%)
2101065719	ID:10	 268803 P 0.0 34 1770266 67040568 420945 896326 0 701174 37649 1928468 4453 16550 0 13583 (radio 1.-96% / 1.06% tx 0.61% / 0.22% listen 1.-95% / 0.84%)
2101092156	ID:8	 268803 P 0.0 34 1303704 67506553 318948 640868 0 494897 28064 1937968 3382 14229 0 12715 (radio 1.-86% / 0.89% tx 0.46% / 0.17% listen 0.30% / 0.72%)
2101115586	ID:14	 268803 P 0.0 34 2095295 66714987 591084 918602 0 609440 50905 1915116 12299 20380 0 13224 (radio 2.-168% / 1.66% tx 0.23% / 0.62% listen 1.-92% / 1.03%)
2105464973	ID:29	[ATK-FAKE-RANK]  true_rank=1631 fake_rank=2391 t=11720s
2105553150	ID:22	[HFS] ra=74 si=49 cx=49 ac=82
2105558521	ID:22	[LIST] Neighbors: 24,16,9,29,31,26,18
2105562157	ID:22	[LIST] Quarantine: (none)
2105565654	ID:22	[LIST] Blacklist: (none)
2105573344	ID:22	FUZZRID,DET,29,2391,1631,760,0,100,100,4,0,6,0,82,75
2110336842	ID:3	[HFS] ra=0 si=0 cx=49 ac=0
2110341772	ID:3	[LIST] Neighbors: 2,23,17,31,27,21
2110345429	ID:3	[LIST] Quarantine: (none)
2110348925	ID:3	[LIST] Blacklist: (none)
2110355018	ID:3	FUZZRID,DET,17,859,859,0,0,0,0,0,0,1,0,0,0
2122364887	ID:1	[HFS] ra=0 si=0 cx=49 ac=0
2122369950	ID:1	[LIST] Neighbors: 2,21,28,4,19,27,3
2122373587	ID:1	[LIST] Quarantine: (none)
2122377084	ID:1	[LIST] Blacklist: (none)
2122383038	ID:1	FUZZRID,DET,4,537,537,0,0,0,0,0,0,0,0,0,0
2130224775	ID:24	[ATK-FAKE-RANK]  true_rank=1075 fake_rank=1576 t=11720s
2130366590	ID:9	[HFS] ra=74 si=49 cx=49 ac=82
2130371959	ID:9	[LIST] Neighbors: 14,24,6,12,29,15,22
2130375628	ID:9	[LIST] Quarantine: (none)
2130379125	ID:9	[LIST] Blacklist: (none)
2130386953	ID:9	FUZZRID,DET,24,1576,1075,501,0,100,100,21,0,0,0,82,75
2140005077	ID:15	[HFS] ra=0 si=0 cx=49 ac=0
2140010713	ID:15	[LIST] Neighbors: 9,14,29,24,12,11,6,30
2140014350	ID:15	[LIST] Quarantine: (none)
2140017846	ID:15	[LIST] Blacklist: (none)
2140024160	ID:15	FUZZRID,DET,9,1361,1361,0,0,0,0,0,0,7,0,0,0
2141248756	ID:12	[HFS] ra=0 si=0 cx=49 ac=0
2141253112	ID:12	[LIST] Neighbors: 9,29,15,11,6
2141256760	ID:12	[LIST] Quarantine: (none)
2141260256	ID:12	[LIST] Blacklist: (none)
2141266570	ID:12	FUZZRID,DET,6,1639,1639,0,0,0,0,0,0,1,0,0,0
2145614301	ID:30	[ATK-FAKE-RANK]  true_rank=1312 fake_rank=2086 t=11720s
2146194125	ID:8	[HFS] ra=74 si=49 cx=49 ac=82
2146198056	ID:8	[LIST] Neighbors: 7,25,5,30
2146201693	ID:8	[LIST] Quarantine: (none)
2146205190	ID:8	[LIST] Blacklist: (none)
2146213016	ID:8	FUZZRID,DET,30,2086,1312,774,0,100,100,14,0,0,0,82,75
2155200854	ID:27	[ATK-FAKE-RANK]  true_rank=512 fake_rank=932 t=11720s
2155276874	ID:4	[HFS] ra=74 si=49 cx=49 ac=82
2155280684	ID:4	[LIST] Neighbors: 21,19,27
2155284321	ID:4	[LIST] Quarantine: (none)
2155287818	ID:4	[LIST] Blacklist: (none)
2155295283	ID:4	FUZZRID,DET,27,932,512,420,0,100,100,26,0,0,0,82,75
2156540130	ID:13	[HFS] ra=0 si=0 cx=49 ac=0
2156544915	ID:13	[LIST] Neighbors: 2,28,19,10,7,25
2156548552	ID:13	[LIST] Quarantine: (none)
2156552049	ID:13	[LIST] Blacklist: (none)
2156558376	ID:13	FUZZRID,DET,7,1050,1050,0,0,0,0,0,0,0,0,0,0
2160160618	ID:5	 276483 P 0.0 35 1092822 69683529 272259 620963 0 502869 22265 1942796 3710 13449 0 12228 (radio 1.-96% / 0.87% tx 0.38% / 0.18% listen 0.27% / 0.68%)
2160270867	ID:12	 276483 P 0.0 35 1383374 69389277 329754 663102 0 508689 29884 1936074 5318 15675 0 12976 (radio 1.-82% / 1.06% tx 0.46% / 0.27% listen 0.33% / 0.79%)
2160327080	ID:4	 276486 P 0.0 35 998371 69778309 161449 603645 0 523928 21592 1945031 607 12360 0 11484 (radio 1.-53% / 0.65% tx 0.22% / 0.03% listen 0.24% / 0.62%)
2160360382	ID:3	 276483 P 0.0 35 1725571 69049739 489920 759829 0 534499 41397 1924469 8075 17587 0 12052 (radio 1.-45% / 1.30% tx 0.08% / 0.41% listen 1.-54% / 0.89%)
2160418733	ID:21	 276483 P 0.0 35 1384191 69389409 277353 726663 0 537466 23573 1942333 243 13266 0 12494 (radio 1.-80% / 0.68% tx 0.39% / 0.01% listen 1.-59% / 0.67%)
2160463253	ID:16	 276483 P 0.0 35 1423713 69352282 424967 685806 0 489094 21191 1944868 1536 13299 0 12457 (radio 1.-65% / 0.75% tx 0.60% / 0.07% listen 0.36% / 0.67%)
2160515517	ID:9	 276483 P 0.0 35 2143581 68632371 655019 933752 0 628901 47126 1918940 12648 19377 0 13516 (radio 2.-158% / 1.62% tx 0.31% / 0.64% listen 1.-90% / 0.98%)
2160596571	ID:1	 276485 P 0.0 35 3604399 67171093 1453655 69321635 0 0 26532 1939148 0 1966079 0 0 (radio 39.-3853% / 100.-8738% tx 2.-177% / 0.00% listen 37.-3676% / 100.-8738%)
2160631896	ID:7	 276483 P 0.0 35 2423489 68351449 912305 912260 0 493185 32143 1933823 5273 15344 0 13238 (radio 2.-185% / 1.04% tx 1.-93% / 0.26% listen 1.-93% / 0.78%)
2160659107	ID:6	 276483 P 0.0 35 1641660 69134687 394317 720727 0 557257 32174 1933891 4944 15866 0 13352 (radio 1.-64% / 1.05% tx 0.55% / 0.25% listen 1.-59% / 0.80%)
2160670765	ID:20	 276483 P 0.0 35 3137290 67637448 1182389 1137859 0 538258 27477 1938585 324 14557 0 13849 (radio 3.-276% / 0.75% tx 1.-55% / 0.01% listen 1.-61% / 0.74%)
2160692446	ID:2	 276483 P 0.0 35 2853199 67919964 719718 1128943 0 615471 40900 1924996 5493 16151 0 12800 (radio 2.-182% / 1.10% tx 1.-59% / 0.27% listen 1.-62% / 0.82%)
2160701196	ID:22	 276483 P 0.0 35 1820752 68954325 455205 816721 0 603718 26786 1939113 0 13925 0 13696 (radio 1.-42% / 0.70% tx 0.03% / 0.00% listen 1.-46% / 0.70%)
2160778001	ID:15	 276483 P 0.0 35 2331251 68444179 720511 921614 0 587410 45294 1920599 10827 18667 0 13001 (radio 2.-151% / 1.50% tx 1.-59% / 0.55% listen 1.-92% / 0.94%)
2160893989	ID:19	 276483 P 0.0 35 1383689 69392437 162028 740985 0 622150 28554 1937517 324 14581 0 13528 (radio 1.-94% / 0.75% tx 0.22% / 0.01% listen 1.-56% / 0.74%)
2160940232	ID:13	 276483 P 0.0 35 1699044 69076614 458433 758998 0 554685 34635 1931353 5510 15700 0 12587 (radio 1.-50% / 1.07% tx 0.04% / 0.28% listen 1.-54% / 0.79%)
2160956705	ID:17	 276483 P 0.0 35 1171349 69604201 272981 651204 0 528358 28674 1937386 6009 15092 0 12144 (radio 1.-91% / 1.07% tx 0.38% / 0.30% listen 0.31% / 0.76%)
2160993018	ID:11	 276483 P 0.0 35 1104030 69672163 274585 599034 0 479302 16479 1949592 0 12771 0 12771 (radio 1.-98% / 0.64% tx 0.38% / 0.00% listen 0.23% / 0.64%)
2161026336	ID:18	 276483 P 0.0 35 1245992 69529791 311745 629928 0 498884 21403 1944659 1346 12798 0 11933 (radio 1.-89% / 0.71% tx 0.44% / 0.06% listen 0.28% / 0.65%)
2161063887	ID:10	 276483 P 0.0 35 1823492 68953241 437099 916858 0 713697 53225 1912673 16154 20532 0 12523 (radio 1.-91% / 1.86% tx 0.01% / 0.82% listen 1.-92% / 1.04%)
2161091841	ID:8	 276483 P 0.0 35 1325961 69450359 319433 653709 0 507441 22255 1943806 485 12841 0 12544 (radio 1.-84% / 0.67% tx 0.45% / 0.02% listen 0.31% / 0.65%)
2161115342	ID:14	 276483 P 0.0 35 2129692 68646657 595491 935160 0 623169 34396 1931670 4407 16558 0 13729 (radio 2.-166% / 1.06% tx 0.23% / 0.22% listen 1.-90% / 0.84%)
2174668152	ID:2	[HFS] ra=0 si=0 cx=49 ac=0
2174673950	ID:2	[LIST] Neighbors: 28,19,27,13,10,3,20,23
2174677607	ID:2	[LIST] Quarantine: (none)
2174681103	ID:2	[LIST] Blacklist: (none)
2174687197	ID:2	FUZZRID,DET,19,512,512,0,0,0,0,0,0,3,0,0,0
2175216056	ID:14	[HFS] ra=0 si=0 cx=49 ac=0
2175218774	ID:11	[HFS] ra=0 si=0 cx=49 ac=0
2175221279	ID:14	[LIST] Neighbors: 20,25,30,24,9,6,15
2175222424	ID:11	[LIST] Neighbors: 6,15,12
2175224916	ID:14	[LIST] Quarantine: (none)
2175226061	ID:11	[LIST] Quarantine: (none)
2175228413	ID:14	[LIST] Blacklist: (none)
2175229590	ID:11	[LIST] Blacklist: (none)
2175234867	ID:14	FUZZRID,DET,15,1440,1440,0,0,0,0,0,0,5,0,0,0
2175236043	ID:11	FUZZRID,DET,15,1440,1440,0,0,0,0,0,0,5,0,0,0
2175240905	ID:9	[HFS] ra=0 si=0 cx=49 ac=0
2175246274	ID:9	[LIST] Neighbors: 14,24,6,12,29,15,22
2175249929	ID:9	[LIST] Quarantine: (none)
2175253426	ID:9	[LIST] Blacklist: (none)
2175259879	ID:9	FUZZRID,DET,15,1440,1440,0,0,0,0,0,0,1,0,0,0
2188370819	ID:19	[HFS] ra=0 si=0 cx=49 ac=0
2188375602	ID:19	[LIST] Neighbors: 2,28,27,4,13,10
2188379238	ID:19	[LIST] Quarantine: (none)
2188382735	ID:19	[LIST] Blacklist: (none)
2188388689	ID:19	FUZZRID,DET,4,531,531,0,0,0,0,0,0,0,0,0,0
2189293388	ID:2	[HFS] ra=0 si=0 cx=49 ac=0
2189299191	ID:2	[LIST] Neighbors: 28,19,27,13,10,3,20,23
2189302828	ID:2	[LIST] Quarantine: (none)
2189306324	ID:2	[LIST] Blacklist: (none)
2189312416	ID:2	FUZZRID,DET,13,840,840,0,0,0,0,0,0,6,0,0,0
2191747953	ID:19	[HFS] ra=0 si=0 cx=49 ac=0
2191752736	ID:19	[LIST] Neighbors: 2,28,27,4,13,10
2191756373	ID:19	[LIST] Quarantine: (none)
2191759870	ID:19	[LIST] Blacklist: (none)
2191765985	ID:19	FUZZRID,DET,10,778,778,0,0,0,0,0,0,4,0,0,0
2191772828	ID:20	[HFS] ra=0 si=0 cx=49 ac=0
2191778184	ID:20	[LIST] Neighbors: 2,10,25,14,28,23,24
2191781821	ID:20	[LIST] Quarantine: (none)
2191785318	ID:20	[LIST] Blacklist: (none)
2191790069	ID:13	[HFS] ra=0 si=0 cx=49 ac=0
2191791413	ID:20	FUZZRID,DET,10,778,778,0,0,0,0,0,0,6,0,0,0
2191794654	ID:2	[HFS] ra=0 si=0 cx=49 ac=0
2191794877	ID:13	[LIST] Neighbors: 2,28,19,10,7,25
2191798514	ID:13	[LIST] Quarantine: (none)
2191800450	ID:2	[LIST] Neighbors: 28,19,27,13,10,3,20,23
2191802011	ID:13	[LIST] Blacklist: (none)
2191804086	ID:2	[LIST] Quarantine: (none)
2191807583	ID:2	[LIST] Blacklist: (none)
2191808106	ID:13	FUZZRID,DET,10,778,778,0,0,0,0,0,0,5,0,0,0
2191813817	ID:2	FUZZRID,DET,10,778,778,0,0,0,0,0,0,10,0,0,0
2194703707	ID:28	[ATK-FAKE-RANK]  true_rank=512 fake_rank=972 t=11720s
2207549382	ID:23	[ATK-FAKE-RANK]  true_rank=929 fake_rank=1418 t=11720s
2209882736	ID:6	[HFS] ra=0 si=0 cx=49 ac=0
2209887679	ID:6	[LIST] Neighbors: 14,30,9,15,12,11
2209891316	ID:6	[LIST] Quarantine: (none)
2209894813	ID:6	[LIST] Blacklist: (none)
2209901268	ID:6	FUZZRID,DET,11,1734,1734,0,0,0,0,0,0,0,0,0,0
2213721328	ID:25	[ATK-FAKE-RANK]  true_rank=1064 fake_rank=1856 t=11720s
2213838735	ID:14	[HFS] ra=74 si=49 cx=49 ac=82
2213843993	ID:14	[LIST] Neighbors: 20,25,30,24,9,6,15
2213847630	ID:14	[LIST] Quarantine: (none)
2213851144	ID:14	[LIST] Blacklist: (none)
2213858971	ID:14	FUZZRID,DET,25,1856,1064,792,0,100,100,28,0,0,0,82,75
2218086127	ID:31	[ATK-FAKE-RANK]  true_rank=1046 fake_rank=1369 t=11720s
2219336005	ID:3	[HFS] ra=0 si=0 cx=49 ac=0
2219340936	ID:3	[LIST] Neighbors: 2,23,17,31,27,21
2219344573	ID:3	[LIST] Quarantine: (none)
2219348086	ID:3	[LIST] Blacklist: (none)
2219354041	ID:3	FUZZRID,DET,2,512,512,0,0,0,0,0,0,4,0,0,0
2220159763	ID:5	 284163 P 0.0 36 1109316 71632933 272259 633798 0 515704 16493 1949404 0 12835 0 12835 (radio 1.-94% / 0.65% tx 0.37% / 0.00% listen 0.28% / 0.65%)
2220270904	ID:12	 284163 P 0.0 36 1410814 71327908 334524 677443 0 521388 27438 1938631 4770 14341 0 12699 (radio 1.-79% / 0.97% tx 0.45% / 0.24% listen 0.34% / 0.72%)
2220301961	ID:4	 284163 P 0.0 36 1025924 71715972 167463 618088 0 536042 27552 1937663 6014 14443 0 12114 (radio 1.-52% / 1.04% tx 0.23% / 0.30% listen 0.25% / 0.73%)
2220360365	ID:3	 284163 P 0.0 36 1752570 70988761 491051 773849 0 547845 26998 1939022 1131 14020 0 13346 (radio 1.-45% / 0.77% tx 0.08% / 0.05% listen 1.-53% / 0.71%)
2220418717	ID:21	 284163 P 0.0 36 1408245 71331276 277937 739489 0 549481 24053 1941867 584 12826 0 12015 (radio 1.-79% / 0.68% tx 0.38% / 0.02% listen 1.-58% / 0.65%)
2220462414	ID:16	 284163 P 0.0 36 1442252 71299802 424967 698255 0 501543 18537 1947520 0 12449 0 12449 (radio 1.-64% / 0.63% tx 0.58% / 0.00% listen 0.36% / 0.63%)
2220515257	ID:9	 284163 P 0.0 36 2182138 70559874 661947 950351 0 642183 38556 1927503 6928 16599 0 13282 (radio 2.-156% / 1.19% tx 0.31% / 0.35% listen 1.-88% / 0.84%)
2220596378	ID:1	 284165 P 0.0 36 3629326 69111748 1453655 71287715 0 0 24925 1940655 0 1966078 0 0 (radio 40.-3979% / 100.-8738% tx 1.-78% / 0.00% listen 38.-3743% / 100.-8738%)
2220631917	ID:7	 284163 P 0.0 36 2453597 70287351 915708 927240 0 506163 30107 1935902 3403 14980 0 12978 (radio 2.-183% / 0.93% tx 1.-93% / 0.17% listen 1.-91% / 0.76%)
2220659130	ID:6	 284163 P 0.0 36 1672669 71069748 397817 736270 0 570662 31008 1935061 3500 15543 0 13405 (radio 1.-63% / 0.96% tx 0.54% / 0.17% listen 1.-58% / 0.79%)
2220671074	ID:20	 284163 P 0.0 36 3180160 69560630 1190928 1154674 0 553087 42868 1923182 8539 16815 0 14829 (radio 3.-273% / 1.28% tx 1.-55% / 0.43% listen 1.-60% / 0.85%)
2220692729	ID:2	 284163 P 0.0 36 2907484 69831723 730348 1148553 0 628795 54284 1911759 10630 19610 0 13324 (radio 2.-178% / 1.53% tx 1.-59% / 0.54% listen 1.-61% / 0.99%)
2220702031	ID:22	 284163 P 0.0 36 1859171 70881972 463311 832654 0 615980 38417 1927647 8106 15933 0 12262 (radio 1.-99% / 1.22% tx 0.04% / 0.41% listen 1.-45% / 0.81%)
2220777780	ID:15	 284163 P 0.0 36 2368258 70373190 727660 936978 0 600881 37006 1929011 7149 15364 0 13471 (radio 2.-149% / 1.14% tx 1.-60% / 0.36% listen 1.-90% / 0.78%)
2220894285	ID:19	 284163 P 0.0 36 1424275 71317915 166976 758187 0 635396 40585 1925478 4948 17202 0 13246 (radio 1.-91% / 1.12% tx 0.22% / 0.25% listen 1.-55% / 0.87%)
2220940246	ID:13	 284163 P 0.0 36 1735925 71005743 464887 775890 0 567923 36880 1929129 6454 16892 0 13238 (radio 1.-48% / 1.18% tx 0.04% / 0.32% listen 1.-53% / 0.85%)
2220956726	ID:17	 284163 P 0.0 36 1193731 71547883 275253 664151 0 540393 22381 1943682 2272 12947 0 12035 (radio 1.-89% / 0.77% tx 0.37% / 0.11% listen 0.32% / 0.65%)
2220993865	ID:11	 284163 P 0.0 36 1135249 71606987 283041 615115 0 491466 31217 1934824 8456 16081 0 12164 (radio 1.-95% / 1.24% tx 0.38% / 0.43% listen 0.25% / 0.81%)
2221026362	ID:18	 284163 P 0.0 36 1268396 71473444 314390 642987 0 511132 22403 1943653 2645 13059 0 12248 (radio 1.-87% / 0.79% tx 0.43% / 0.13% listen 0.29% / 0.66%)
2221092111	ID:8	 284163 P 0.0 36 1354963 71387419 325051 667920 0 519054 29000 1937060 5618 14211 0 11613 (radio 1.-82% / 1.00% tx 0.44% / 0.28% listen 0.32% / 0.72%)
2221115590	ID:14	 284163 P 0.0 36 2178581 70563822 608440 953698 0 636038 48887 1917165 12949 18538 0 12869 (radio 2.-163% / 1.60% tx 0.24% / 0.65% listen 1.-87% / 0.94%)
2221142939	ID:10	 284173 P 0.0 36 1868835 70876448 448329 937095 0 729259 45342 1923207 11230 20237 0 15562 (radio 1.-87% / 1.59% tx 0.02% / 0.57% listen 1.-90% / 1.02%)
2231379318	ID:18	[HFS] ra=0 si=0 cx=49 ac=0
2231383555	ID:18	[LIST] Neighbors: 26,22,29,16
2231387218	ID:18	[LIST] Quarantine: (none)
2231390715	ID:18	[LIST] Blacklist: (none)
2231397172	ID:18	FUZZRID,DET,16,1552,1552,0,0,0,0,0,0,7,0,0,0
2231552966	ID:22	[HFS] ra=0 si=0 cx=49 ac=0
2231558335	ID:22	[LIST] Neighbors: 24,16,9,29,31,26,18
2231561972	ID:22	[LIST] Quarantine: (none)
2231565469	ID:22	[LIST] Blacklist: (none)
2231571926	ID:22	FUZZRID,DET,18,1830,1830,0,0,0,0,0,0,3,0,0,0
2231984316	ID:7	[HFS] ra=0 si=0 cx=49 ac=0
2231989112	ID:7	[LIST] Neighbors: 28,13,10,25,5,8
2231992749	ID:7	[LIST] Quarantine: (none)
2231996246	ID:7	[LIST] Blacklist: (none)
2232002341	ID:7	FUZZRID,DET,10,774,774,0,0,0,0,0,0,2,0,0,0
2242068137	ID:8	[HFS] ra=0 si=0 cx=49 ac=0
2242072068	ID:8	[LIST] Neighbors: 7,25,5,30
2242075705	ID:8	[LIST] Quarantine: (none)
2242079202	ID:8	[LIST] Blacklist: (none)
2242085536	ID:8	FUZZRID,DET,7,1070,1070,0,0,0,0,0,0,4,0,0,0
2244397846	ID:27	[ATK-FAKE-RANK]  true_rank=512 fake_rank=952 t=11720s
2244816676	ID:29	[ATK-FAKE-RANK]  true_rank=1613 fake_rank=2411 t=11720s
2244871986	ID:12	[HFS] ra=74 si=49 cx=49 ac=82
2244876346	ID:12	[LIST] Neighbors: 9,29,15,11,6
2244879983	ID:12	[LIST] Quarantine: (none)
2244883479	ID:12	[LIST] Blacklist: (none)
2244891345	ID:12	FUZZRID,DET,29,2411,1613,798,0,100,100,13,0,6,0,82,75
2247884972	ID:6	[HFS] ra=0 si=0 cx=49 ac=0
2247889915	ID:6	[LIST] Neighbors: 14,30,9,15,12,11
2247893552	ID:6	[LIST] Quarantine: (none)
2247897049	ID:6	[LIST] Blacklist: (none)
2247903520	ID:6	FUZZRID,DET,15,1455,1455,0,0,0,0,0,0,4,0,0,0
2251150714	ID:26	[ATK-FAKE-RANK]  true_rank=1676 fake_rank=1704 t=11720s
2251189057	ID:16	[HFS] ra=74 si=0 cx=49 ac=95
2251193294	ID:16	[LIST] Neighbors: 31,26,22,18
2251196931	ID:16	[LIST] Quarantine: (none)
2251200428	ID:16	[LIST] Blacklist: (none)
2251208214	ID:16	FUZZRID,DET,26,1704,1676,28,0,10,100,28,33,0,0,95,100
2252745341	ID:12	[HFS] ra=0 si=0 cx=49 ac=0
2252749697	ID:12	[LIST] Neighbors: 9,29,15,11,6
2252753334	ID:12	[LIST] Quarantine: (none)
2252753612	ID:15	[HFS] ra=0 si=0 cx=49 ac=0
2252756831	ID:12	[LIST] Blacklist: (none)
2252758337	ID:6	[HFS] ra=0 si=0 cx=49 ac=0
2252759248	ID:15	[LIST] Neighbors: 9,14,29,24,12,11,6,30
2252762885	ID:15	[LIST] Quarantine: (none)
2252763147	ID:12	FUZZRID,DET,9,1357,1357,0,0,0,0,0,0,2,0,0,0
2252763280	ID:6	[LIST] Neighbors: 14,30,9,15,12,11
2252766381	ID:15	[LIST] Blacklist: (none)
2252766917	ID:6	[LIST] Quarantine: (none)
2252770422	ID:6	[LIST] Blacklist: (none)
2252772698	ID:15	FUZZRID,DET,9,1357,1357,0,0,0,0,0,0,5,0,0,0
2252776739	ID:6	FUZZRID,DET,9,1357,1357,0,0,0,0,0,0,2,0,0,0
2252801819	ID:22	[HFS] ra=0 si=0 cx=49 ac=0
2252807188	ID:22	[LIST] Neighbors: 24,16,9,29,31,26,18
2252810825	ID:22	[LIST] Quarantine: (none)
2252814322	ID:22	[LIST] Blacklist: (none)
2252820638	ID:22	FUZZRID,DET,9,1357,1357,0,0,0,0,0,0,1,0,0,0
2252840478	ID:14	[HFS] ra=0 si=0 cx=49 ac=0
2252845701	ID:14	[LIST] Neighbors: 20,25,30,24,9,6,15
2252849338	ID:14	[LIST] Quarantine: (none)
2252852835	ID:14	[LIST] Blacklist: (none)
2252859152	ID:14	FUZZRID,DET,9,1357,1357,0,0,0,0,0,0,1,0,0,0
2256893152	ID:21	[HFS] ra=0 si=0 cx=49 ac=0
2256897116	ID:21	[LIST] Neighbors: 4,27,3,17
2256900753	ID:21	[LIST] Quarantine: (none)
2256904250	ID:21	[LIST] Blacklist: (none)
2256910205	ID:21	FUZZRID,DET,4,531,531,0,0,0,0,0,0,0,0,0,0
2259572203	ID:31	[ATK-FAKE-RANK]  true_rank=1041 fake_rank=1389 t=11720s
2259684049	ID:22	[HFS] ra=74 si=49 cx=49 ac=82
2259684111	ID:17	[HFS] ra=74 si=49 cx=49 ac=82
2259687792	ID:16	[HFS] ra=74 si=49 cx=49 ac=82
2259688202	ID:17	[LIST] Neighbors: 21,27,3,31
2259689419	ID:22	[LIST] Neighbors: 24,16,9,29,31,26,18
2259691839	ID:17	[LIST] Quarantine: (none)
2259692063	ID:16	[LIST] Neighbors: 31,26,22,18
2259693056	ID:22	[LIST] Quarantine: (none)
2259695336	ID:17	[LIST] Blacklist: (none)
2259695700	ID:16	[LIST] Quarantine: (none)
2259696574	ID:22	[LIST] Blacklist: (none)
2259699197	ID:16	[LIST] Blacklist: (none)
2259703301	ID:17	FUZZRID,DET,31,1389,1041,348,0,100,100,15,33,0,0,82,75
2259704538	ID:22	FUZZRID,DET,31,1389,1041,348,0,100,100,42,50,0,0,82,75
2259707162	ID:16	FUZZRID,DET,31,1389,1041,348,0,100,100,42,33,1,0,82,75
2259709989	ID:3	[HFS] ra=74 si=60 cx=49 ac=82
2259714919	ID:3	[LIST] Neighbors: 2,23,17,31,27,21
2259718556	ID:3	[LIST] Quarantine: (none)
2259722053	ID:3	[LIST] Blacklist: (none)
2259730018	ID:3	FUZZRID,DET,31,1389,1041,348,0,100,100,39,66,4,0,82,75
2262845142	ID:11	[HFS] ra=0 si=0 cx=49 ac=0
2262848792	ID:11	[LIST] Neighbors: 6,15,12
2262852429	ID:11	[LIST] Quarantine: (none)
2262855926	ID:11	[LIST] Blacklist: (none)
2262862407	ID:11	FUZZRID,DET,12,1654,1654,0,0,0,0,0,0,1,0,0,0
2266634860	ID:5	[HFS] ra=0 si=0 cx=49 ac=0
2266638364	ID:5	[LIST] Neighbors: 7,8,25
2266642001	ID:5	[LIST] Quarantine: (none)
2266645498	ID:5	[LIST] Blacklist: (none)
2266651832	ID:5	FUZZRID,DET,8,1335,1335,0,0,0,0,0,0,1,0,0,0
2266930205	ID:17	[HFS] ra=0 si=0 cx=49 ac=0
2266934330	ID:17	[LIST] Neighbors: 21,27,3,31
2266937967	ID:17	[LIST] Quarantine: (none)
2266941464	ID:17	[LIST] Blacklist: (none)
2266947558	ID:17	FUZZRID,DET,21,512,512,0,0,0,0,0,0,0,0,0,0
2267477188	ID:28	[ATK-FAKE-RANK]  true_rank=512 fake_rank=992 t=11720s
2267913973	ID:10	[HFS] ra=74 si=49 cx=49 ac=82
2267919609	ID:10	[LIST] Neighbors: 2,28,13,7,25,20,23,19
2267923246	ID:10	[LIST] Quarantine: (none)
2267926748	ID:10	[LIST] Blacklist: (none)
2267934213	ID:10	FUZZRID,DET,28,992,512,480,0,100,100,25,0,1,0,82,75
2274623810	ID:12	[HFS] ra=0 si=0 cx=49 ac=0
2274628167	ID:12	[LIST] Neighbors: 9,29,15,11,6
2274631804	ID:12	[LIST] Quarantine: (none)
2274635300	ID:12	[LIST] Blacklist: (none)
2274641755	ID:12	FUZZRID,DET,11,1734,1734,0,0,0,0,0,0,0,0,0,0
2277233407	ID:7	[HFS] ra=0 si=0 cx=49 ac=0
2277238204	ID:7	[LIST] Neighbors: 28,13,10,25,5,8
2277241850	ID:7	[LIST] Quarantine: (none)
2277245346	ID:7	[LIST] Blacklist: (none)
2277251661	ID:7	FUZZRID,DET,5,1322,1322,0,0,0,0,0,0,1,0,0,0
2280160629	ID:5	 291843 P 0.0 37 1131503 73576802 274764 648138 0 528290 22185 1943869 2505 14340 0 12586 (radio 1.-92% / 0.85% tx 0.36% / 0.12% listen 0.29% / 0.72%)
2280270893	ID:12	 291843 P 0.0 37 1446608 73258163 342338 694015 0 534262 35793 1930255 7814 16572 0 12874 (radio 1.-77% / 1.24% tx 0.45% / 0.39% listen 0.35% / 0.84%)
2280301988	ID:4	 291843 P 0.0 37 1050071 73657879 170669 633489 0 549642 24145 1941907 3206 15401 0 13600 (radio 1.-50% / 0.94% tx 0.22% / 0.16% listen 0.27% / 0.78%)
2280360610	ID:3	 291843 P 0.0 37 1790138 72917166 497496 792230 0 562370 37566 1928405 6445 18381 0 14525 (radio 1.-100% / 1.26% tx 0.09% / 0.32% listen 1.-52% / 0.93%)
2280419038	ID:21	 291843 P 0.0 37 1445454 73259992 283988 757981 0 562551 37208 1928716 6051 18492 0 13070 (radio 1.-76% / 1.24% tx 0.38% / 0.30% listen 1.-57% / 0.94%)
2280463263	ID:16	 291843 P 0.0 37 1478947 73229053 434541 717039 0 515273 36693 1929251 9574 18784 0 13730 (radio 1.-61% / 1.44% tx 0.00% / 0.48% listen 0.38% / 0.95%)
2280515502	ID:9	 291843 P 0.0 37 2230864 72477200 675715 971579 0 657786 48724 1917326 13768 21228 0 15603 (radio 2.-152% / 1.78% tx 0.32% / 0.70% listen 1.-85% / 1.07%)
2280597295	ID:1	 291845 P 0.0 37 3703394 71003530 1483732 73223687 0 0 74066 1891782 30077 1935970 0 0 (radio 42.-4146% / 100.-8739% tx 1.-74% / 1.52% listen 40.-3972% / 98.-8692%)
2280632128	ID:7	 291843 P 0.0 37 2500164 72206808 927727 947056 0 519867 46566 1919457 12019 19816 0 13704 (radio 2.-180% / 1.61% tx 1.-91% / 0.61% listen 1.-89% / 1.00%)
2280659129	ID:6	 291843 P 0.0 37 1707232 73001252 402927 753216 0 584829 34561 1931504 5110 16946 0 14167 (radio 1.-61% / 1.12% tx 0.53% / 0.25% listen 1.-57% / 0.86%)
2280671354	ID:20	 291843 P 0.0 37 3231241 71475617 1204060 1176052 0 566577 51080 1914987 13132 21378 0 13490 (radio 3.-269% / 1.75% tx 1.-54% / 0.66% listen 1.-58% / 1.08%)
2280697200	ID:2	 291843 P 0.0 37 2954891 71750422 736493 1169755 0 643941 47406 1918699 6145 21202 0 15146 (radio 2.-175% / 1.39% tx 0.41% / 0.31% listen 1.-59% / 1.07%)
2280702312	ID:22	 291843 P 0.0 37 1906094 72801019 474265 852928 0 631097 46922 1919047 10954 20274 0 15117 (radio 1.-95% / 1.58% tx 0.05% / 0.55% listen 1.-44% / 1.03%)
2280777659	ID:15	 291843 P 0.0 37 2407847 72299523 735277 955268 0 615578 39588 1926333 7617 18290 0 14697 (radio 2.-147% / 1.31% tx 0.40% / 0.38% listen 1.-88% / 0.93%)
2280894287	ID:19	 291843 P 0.0 37 1465002 73243257 172992 777839 0 649910 40726 1925342 6016 19652 0 14514 (radio 1.-88% / 1.30% tx 0.23% / 0.30% listen 1.-54% / 0.99%)
2280940211	ID:13	 291843 P 0.0 37 1766585 72941139 468947 792883 0 582742 30659 1935396 4060 16993 0 14819 (radio 1.-47% / 1.07% tx 0.05% / 0.20% listen 1.-52% / 0.86%)
2280956981	ID:17	 291843 P 0.0 37 1232788 73474889 287012 683461 0 553767 39056 1927006 11759 19310 0 13374 (radio 1.-86% / 1.58% tx 0.38% / 0.59% listen 0.33% / 0.98%)
2280993561	ID:11	 291843 P 0.0 37 1153502 73554640 283252 628170 0 504107 18252 1947653 211 13055 0 12641 (radio 1.-93% / 0.67% tx 0.37% / 0.01% listen 0.26% / 0.66%)
2281026333	ID:18	 291843 P 0.0 37 1295702 73412187 319024 658681 0 524966 27305 1938743 4634 15694 0 13834 (radio 1.-85% / 1.03% tx 0.42% / 0.23% listen 0.30% / 0.79%)
2281063612	ID:10	 291843 P 0.0 37 1911453 72797109 456728 958088 0 745936 42616 1920661 8399 20993 0 16677 (radio 1.-84% / 1.49% tx 0.03% / 0.42% listen 1.-87% / 1.06%)
2281092420	ID:8	 291843 P 0.0 37 1398938 73309280 339543 686719 0 530700 43973 1921861 14492 18799 0 11646 (radio 1.-78% / 1.69% tx 0.45% / 0.73% listen 0.34% / 0.95%)
2281115571	ID:14	 291843 P 0.0 37 2224031 72484428 618902 973554 0 650362 45448 1920606 10462 19856 0 14324 (radio 2.-160% / 1.54% tx 0.25% / 0.53% listen 1.-85% / 1.00%)
2283240639	ID:9	[HFS] ra=0 si=0 cx=49 ac=0
2283246008	ID:9	[LIST] Neighbors: 14,24,6,12,29,15,22
2283249645	ID:9	[LIST] Quarantine: (none)
2283253146	ID:9	[LIST] Blacklist: (none)
2283259600	ID:9	FUZZRID,DET,14,1062,1062,0,0,0,0,0,0,7,0,0,0
2288971658	ID:31	[ATK-FAKE-RANK]  true_rank=1060 fake_rank=1409 t=11720s
2296958479	ID:24	[ATK-FAKE-RANK]  true_rank=1128 fake_rank=1596 t=11720s
2297055134	ID:22	[HFS] ra=74 si=49 cx=49 ac=82
2297060504	ID:22	[LIST] Neighbors: 24,16,9,29,31,26,18
2297064141	ID:22	[LIST] Quarantine: (none)
2297067638	ID:22	[LIST] Blacklist: (none)
2297075490	ID:22	FUZZRID,DET,24,1596,1128,468,0,100,100,19,0,1,0,82,75
2302916698	ID:25	[ATK-FAKE-RANK]  true_rank=1064 fake_rank=1876 t=11720s
2313542707	ID:13	[HFS] ra=0 si=0 cx=49 ac=0
2313547490	ID:13	[LIST] Neighbors: 2,28,19,10,7,25
2313551127	ID:13	[LIST] Quarantine: (none)
2313554624	ID:13	[LIST] Blacklist: (none)
2313560719	ID:13	FUZZRID,DET,10,772,772,0,0,0,0,0,0,5,0,0,0
2317715319	ID:14	[HFS] ra=0 si=0 cx=49 ac=0
2317720542	ID:14	[LIST] Neighbors: 20,25,30,24,9,6,15
2317724179	ID:14	[LIST] Quarantine: (none)
2317727682	ID:14	[LIST] Blacklist: (none)
2317733995	ID:14	FUZZRID,DET,6,1627,1627,0,0,0,0,0,0,1,0,0,0
2325403782	ID:30	[ATK-FAKE-RANK]  true_rank=1312 fake_rank=2106 t=11720s
2325505473	ID:15	[HFS] ra=74 si=49 cx=49 ac=82
2325511110	ID:15	[LIST] Neighbors: 9,14,29,24,12,11,6,30
2325514746	ID:15	[LIST] Quarantine: (none)
2325518243	ID:15	[LIST] Blacklist: (none)
2325526071	ID:15	FUZZRID,DET,30,2106,1312,794,0,100,100,18,0,2,0,82,75
2336392123	ID:26	[ATK-FAKE-RANK]  true_rank=1717 fake_rank=1724 t=11720s
2336500092	ID:18	[HFS] ra=74 si=0 cx=49 ac=95
2336504362	ID:18	[LIST] Neighbors: 26,22,29,16
2336507999	ID:18	[LIST] Quarantine: (none)
2336511519	ID:18	[LIST] Blacklist: (none)
2336518888	ID:18	FUZZRID,DET,26,1724,1717,7,0,2,100,2,33,1,0,95,100
2340160625	ID:5	 299523 P 0.0 38 1154646 75519559 278825 663509 0 541451 23142 1942757 4061 15371 0 13161 (radio 1.-90% / 0.98% tx 0.36% / 0.20% listen 0.30% / 0.78%)
2340270040	ID:12	 299523 P 0.0 38 1466573 75204216 342338 706449 0 546696 19963 1946053 0 12434 0 12434 (radio 1.-76% / 0.63% tx 0.44% / 0.00% listen 0.36% / 0.63%)
2340301696	ID:4	 299523 P 0.0 38 1069481 75604439 171093 645979 0 561914 19409 1946560 424 12490 0 12272 (radio 1.-50% / 0.65% tx 0.22% / 0.02% listen 0.28% / 0.63%)
2340360410	ID:3	 299523 P 0.0 38 1829444 74843893 506541 809458 0 575029 39305 1926727 9045 17228 0 12659 (radio 1.-97% / 1.33% tx 0.10% / 0.46% listen 1.-51% / 0.87%)
2340419020	ID:21	 299523 P 0.0 38 1473471 75198015 287627 772203 0 574743 28016 1938023 3639 14222 0 12192 (radio 1.-74% / 0.90% tx 0.37% / 0.18% listen 1.-56% / 0.72%)
2340463549	ID:16	 299523 P 0.0 38 1514289 75159400 445273 734955 0 528101 35341 1930347 10732 17916 0 12828 (radio 1.-59% / 1.45% tx 0.02% / 0.54% listen 0.39% / 0.91%)
2340515258	ID:9	 299523 P 0.0 38 2272824 74400932 684352 990159 0 671516 41959 1923732 8637 18580 0 13730 (radio 2.-150% / 1.38% tx 0.33% / 0.43% listen 1.-83% / 0.94%)
2340596374	ID:1	 299525 P 0.0 38 3728065 72944921 1483732 75189767 0 0 24669 1941391 0 1966078 0 0 (radio 43.-4271% / 100.-8739% tx 1.-75% / 0.00% listen 42.-4197% / 100.-8739%)
2340632141	ID:7	 299523 P 0.0 38 2545398 74127620 940958 966220 0 532320 45233 1920812 13231 19164 0 12453 (radio 2.-176% / 1.64% tx 1.-90% / 0.67% listen 1.-87% / 0.97%)
2340659431	ID:6	 299523 P 0.0 38 1749999 74924550 414371 771060 0 597216 42765 1923298 11444 17844 0 12387 (radio 1.-58% / 1.48% tx 0.54% / 0.58% listen 1.-56% / 0.90%)
2340671064	ID:20	 299523 P 0.0 38 3264007 73408928 1207408 1192059 0 580410 32765 1933311 3348 16007 0 13833 (radio 3.-268% / 0.98% tx 1.-55% / 0.17% listen 1.-57% / 0.81%)
2340697261	ID:2	 299523 P 0.0 38 3001948 73669421 744748 1188585 0 657670 47056 1918999 8255 18830 0 13729 (radio 2.-172% / 1.37% tx 0.41% / 0.41% listen 1.-58% / 0.95%)
2340702027	ID:22	 299523 P 0.0 38 1945713 74727393 481688 871582 0 645593 39618 1926374 7423 18654 0 14496 (radio 1.-92% / 1.32% tx 0.06% / 0.37% listen 1.-99% / 0.94%)
2340777640	ID:15	 299523 P 0.0 38 2447244 74226025 741925 972588 0 629129 39396 1926502 6648 17320 0 13551 (radio 2.-145% / 1.21% tx 0.40% / 0.33% listen 1.-86% / 0.88%)
2340894287	ID:19	 299523 P 0.0 38 1505008 75169319 181782 794060 0 662074 40005 1926062 8790 16221 0 12164 (radio 1.-85% / 1.27% tx 0.23% / 0.44% listen 1.-53% / 0.82%)
2340940466	ID:13	 299523 P 0.0 38 1805577 74868165 477678 810867 0 596570 38990 1927026 8731 17984 0 13828 (radio 1.-100% / 1.35% tx 0.06% / 0.44% listen 1.-51% / 0.91%)
2340956720	ID:17	 299523 P 0.0 38 1255825 75417919 290185 697696 0 567056 23035 1943030 3173 14235 0 13289 (radio 1.-84% / 0.88% tx 0.37% / 0.16% listen 0.34% / 0.72%)
2340993832	ID:11	 299523 P 0.0 38 1172553 75501602 284442 641498 0 516376 19050 1946962 1190 13328 0 12269 (radio 1.-92% / 0.73% tx 0.37% / 0.06% listen 0.27% / 0.67%)
2341026351	ID:18	 299523 P 0.0 38 1322179 75351765 322810 673642 0 537705 26476 1939578 3786 14961 0 12739 (radio 1.-83% / 0.95% tx 0.42% / 0.19% listen 0.31% / 0.76%)
2341063669	ID:10	 299523 P 0.0 38 1943760 74730739 459917 975132 0 761071 32306 1933630 3189 17044 0 15135 (radio 1.-81% / 1.02% tx 0.03% / 0.16% listen 1.-85% / 0.86%)
2341091279	ID:8	 299523 P 0.0 38 1418867 75255416 339543 700383 0 544364 19927 1946136 0 13664 0 13664 (radio 1.-77% / 0.69% tx 0.44% / 0.00% listen 0.35% / 0.69%)
2341115356	ID:14	 299523 P 0.0 38 2266229 74408283 626604 992373 0 664467 42197 1923855 7702 18819 0 14105 (radio 2.-157% / 1.34% tx 0.25% / 0.39% listen 1.-83% / 0.95%)
2346525840	ID:4	[HFS] ra=0 si=0 cx=49 ac=0
2346529650	ID:4	[LIST] Neighbors: 21,19,27
2346533287	ID:4	[LIST] Quarantine: (none)
2346536784	ID:4	[LIST] Blacklist: (none)
2346542877	ID:4	FUZZRID,DET,21,512,512,0,0,0,0,0,0,0,0,0,0
2347260624	ID:6	[HFS] ra=0 si=0 cx=49 ac=0
2347265595	ID:6	[LIST] Neighbors: 14,30,9,15,12,11
2347269232	ID:6	[LIST] Quarantine: (none)
2347272729	ID:6	[LIST] Blacklist: (none)
2347279219	ID:6	FUZZRID,DET,11,1726,1726,0,0,0,0,0,0,0,0,0,0
2353232117	ID:7	[HFS] ra=0 si=0 cx=49 ac=0
2353236913	ID:7	[LIST] Neighbors: 28,13,10,25,5,8
2353240550	ID:7	[LIST] Quarantine: (none)
2353244047	ID:7	[LIST] Blacklist: (none)
2353245506	ID:19	[HFS] ra=0 si=0 cx=49 ac=0
2353250139	ID:7	FUZZRID,DET,13,819,819,0,0,0,0,0,0,1,0,0,0
2353250305	ID:19	[LIST] Neighbors: 2,28,27,4,13,10
2353253942	ID:19	[LIST] Quarantine: (none)
2353257439	ID:19	[LIST] Blacklist: (none)
2353263530	ID:19	FUZZRID,DET,13,819,819,0,0,0,0,0,0,0,0,0,0
2353288523	ID:10	[HFS] ra=0 si=0 cx=49 ac=0
2353292170	ID:2	[HFS] ra=0 si=0 cx=49 ac=0
2353294160	ID:10	[LIST] Neighbors: 2,28,13,7,25,20,23,19
2353297797	ID:10	[LIST] Quarantine: (none)
2353297965	ID:2	[LIST] Neighbors: 28,19,27,13,10,3,20,23
2353301293	ID:10	[LIST] Blacklist: (none)
2353301602	ID:2	[LIST] Quarantine: (none)
2353305124	ID:2	[LIST] Blacklist: (none)
2353307384	ID:10	FUZZRID,DET,13,819,819,0,0,0,0,0,0,3,0,0,0
2353311216	ID:2	FUZZRID,DET,13,819,819,0,0,0,0,0,0,5,0,0,0
2355084333	ID:27	[ATK-FAKE-RANK]  true_rank=512 fake_rank=972 t=11720s
2355143652	ID:21	[HFS] ra=74 si=49 cx=49 ac=82
2355147582	ID:21	[LIST] Neighbors: 4,27,3,17
2355151219	ID:21	[LIST] Quarantine: (none)
2355154750	ID:21	[LIST] Blacklist: (none)
2355162214	ID:21	FUZZRID,DET,27,972,512,460,0,100,100,20,0,0,0,82,75
2357376484	ID:23	[ATK-FAKE-RANK]  true_rank=897 fake_rank=1438 t=11720s
2357416857	ID:10	[HFS] ra=74 si=49 cx=49 ac=82
2357422493	ID:10	[LIST] Neighbors: 2,28,13,7,25,20,23,19
2357426130	ID:10	[LIST] Quarantine: (none)
2357429626	ID:10	[LIST] Blacklist: (none)
2357437309	ID:10	FUZZRID,DET,23,1438,897,541,0,100,100,18,0,2,0,82,55
2357458191	ID:3	[HFS] ra=74 si=49 cx=49 ac=82
2357463121	ID:3	[LIST] Neighbors: 2,23,17,31,27,21
2357466758	ID:3	[LIST] Quarantine: (none)
2357470288	ID:3	[LIST] Blacklist: (none)
2357477934	ID:3	FUZZRID,DET,23,1438,897,541,0,100,100,14,0,3,0,82,55
2357523343	ID:20	[HFS] ra=74 si=49 cx=49 ac=82
2357528698	ID:20	[LIST] Neighbors: 2,10,25,14,28,23,24
2357532365	ID:20	[LIST] Quarantine: (none)
2357535862	ID:20	[LIST] Blacklist: (none)
2357543370	ID:20	FUZZRID,DET,23,1438,897,541,0,100,100,9,0,3,0,82,55
2358379425	ID:15	[HFS] ra=0 si=0 cx=49 ac=0
2358385061	ID:15	[LIST] Neighbors: 9,14,29,24,12,11,6,30
2358388704	ID:15	[LIST] Quarantine: (none)
2358392201	ID:15	[LIST] Blacklist: (none)
2358398687	ID:15	FUZZRID,DET,12,1649,1649,0,0,0,0,0,0,3,0,0,0
2361414745	ID:13	[HFS] ra=0 si=0 cx=49 ac=0
2361414790	ID:10	[HFS] ra=0 si=0 cx=49 ac=0
2361419542	ID:13	[LIST] Neighbors: 2,28,19,10,7,25
2361420426	ID:10	[LIST] Neighbors: 2,28,13,7,25,20,23,19
2361423179	ID:13	[LIST] Quarantine: (none)
2361424091	ID:10	[LIST] Quarantine: (none)
2361426683	ID:13	[LIST] Blacklist: (none)
2361427587	ID:10	[LIST] Blacklist: (none)
2361433000	ID:13	FUZZRID,DET,7,1104,1104,0,0,0,0,0,0,0,0,0,0
2361433905	ID:10	FUZZRID,DET,7,1104,1104,0,0,0,0,0,0,1,0,0,0
2363555122	ID:22	[HFS] ra=0 si=0 cx=49 ac=0
2363560492	ID:22	[LIST] Neighbors: 24,16,9,29,31,26,18
2363564129	ID:22	[LIST] Quarantine: (none)
2363567626	ID:22	[LIST] Blacklist: (none)
2363573974	ID:22	FUZZRID,DET,9,1324,1324,0,0,0,0,0,0,1,0,0,0
2366199042	ID:31	[ATK-FAKE-RANK]  true_rank=1060 fake_rank=1429 t=11720s
2366336735	ID:3	[HFS] ra=0 si=0 cx=49 ac=0
2366341665	ID:3	[LIST] Neighbors: 2,23,17,31,27,21
2366345301	ID:3	[LIST] Quarantine: (none)
2366348798	ID:3	[LIST] Blacklist: (none)
2366354919	ID:3	FUZZRID,DET,17,867,867,0,0,0,0,0,0,1,0,0,0
2367542099	ID:23	[ATK-FAKE-RANK]  true_rank=897 fake_rank=1458 t=11720s
2367647108	ID:20	[HFS] ra=74 si=49 cx=49 ac=82
2367652464	ID:20	[LIST] Neighbors: 2,10,25,14,28,23,24
2367656107	ID:20	[LIST] Quarantine: (none)
2367659604	ID:20	[LIST] Blacklist: (none)
2367667110	ID:20	FUZZRID,DET,23,1458,897,561,0,100,100,4,0,3,0,82,55
2376860952	ID:28	[ATK-FAKE-RANK]  true_rank=512 fake_rank=1012 t=11720s
2376897030	ID:20	[HFS] ra=74 si=49 cx=49 ac=82
2376902391	ID:20	[LIST] Neighbors: 2,10,25,14,28,23,24
2376906028	ID:20	[LIST] Quarantine: (none)
2376909525	ID:20	[LIST] Blacklist: (none)
2376917170	ID:20	FUZZRID,DET,28,1012,512,500,0,100,100,15,0,1,0,82,75
2382560775	ID:24	[ATK-FAKE-RANK]  true_rank=1128 fake_rank=1616 t=11720s
2384057978	ID:17	[HFS] ra=0 si=0 cx=49 ac=0
2384062068	ID:17	[LIST] Neighbors: 21,27,3,31
2384065705	ID:17	[LIST] Quarantine: (none)
2384069202	ID:17	[LIST] Blacklist: (none)
2384075158	ID:17	FUZZRID,DET,3,769,769,0,0,0,0,0,0,0,0,0,0
2384597056	ID:25	[ATK-FAKE-RANK]  true_rank=1058 fake_rank=1896 t=11720s
2384636713	ID:5	[HFS] ra=74 si=49 cx=49 ac=82
2384640229	ID:5	[LIST] Neighbors: 7,8,25
2384643865	ID:5	[LIST] Quarantine: (none)
2384647362	ID:5	[LIST] Blacklist: (none)
2384655189	ID:5	FUZZRID,DET,25,1896,1058,838,0,100,100,40,0,0,0,82,75
2387801338	ID:22	[HFS] ra=0 si=0 cx=49 ac=0
2387806708	ID:22	[LIST] Neighbors: 24,16,9,29,31,26,18
2387810345	ID:22	[LIST] Quarantine: (none)
2387813842	ID:22	[LIST] Blacklist: (none)
2387820319	ID:22	FUZZRID,DET,16,1672,1672,0,0,0,0,0,0,6,0,0,0
2389261213	ID:29	[ATK-FAKE-RANK]  true_rank=1653 fake_rank=2431 t=11720s
2389305001	ID:22	[HFS] ra=74 si=49 cx=49 ac=82
2389310371	ID:22	[LIST] Neighbors: 24,16,9,29,31,26,18
2389314040	ID:22	[LIST] Quarantine: (none)
2389317537	ID:22	[LIST] Blacklist: (none)
2389325265	ID:22	FUZZRID,DET,29,2431,1653,778,0,100,100,4,0,6,0,82,75
2389365441	ID:9	[HFS] ra=74 si=49 cx=49 ac=82
2389370811	ID:9	[LIST] Neighbors: 14,24,6,12,29,15,22
2389372681	ID:12	[HFS] ra=74 si=49 cx=49 ac=82
2389374447	ID:9	[LIST] Quarantine: (none)
2389377045	ID:12	[LIST] Neighbors: 9,29,15,11,6
2389377417	ID:15	[HFS] ra=74 si=49 cx=49 ac=82
2389377426	ID:18	[HFS] ra=74 si=49 cx=49 ac=82
2389377944	ID:9	[LIST] Blacklist: (none)
2389380682	ID:12	[LIST] Quarantine: (none)
2389381683	ID:18	[LIST] Neighbors: 26,22,29,16
2389383054	ID:15	[LIST] Neighbors: 9,14,29,24,12,11,6,30
2389384178	ID:12	[LIST] Blacklist: (none)
2389385320	ID:18	[LIST] Quarantine: (none)
2389385772	ID:9	FUZZRID,DET,29,2431,1653,778,0,100,100,8,0,11,0,82,75
2389386691	ID:15	[LIST] Quarantine: (none)
2389388817	ID:18	[LIST] Blacklist: (none)
2389390187	ID:15	[LIST] Blacklist: (none)
2389391885	ID:12	FUZZRID,DET,29,2431,1653,778,0,100,100,4,0,6,0,82,75
2389396505	ID:18	FUZZRID,DET,29,2431,1653,778,0,100,100,8,0,6,0,82,75
2389398014	ID:15	FUZZRID,DET,29,2431,1653,778,0,100,100,7,0,13,0,82,75
2391039914	ID:10	[HFS] ra=0 si=0 cx=49 ac=0
2391045550	ID:10	[LIST] Neighbors: 2,28,13,7,25,20,23,19
2391049186	ID:10	[LIST] Quarantine: (none)
2391052683	ID:10	[LIST] Blacklist: (none)
2391058778	ID:10	FUZZRID,DET,20,779,779,0,0,0,0,0,0,3,0,0,0
2400160633	ID:5	 307203 P 0.0 39 1184222 77455981 286691 679830 0 554203 29574 1936422 7866 16321 0 12752 (radio 1.-87% / 1.23% tx 0.36% / 0.40% listen 0.31% / 0.83%)
2400270873	ID:12	 307203 P 0.0 39 1489821 77147044 343609 719357 0 558896 23246 1942828 1271 12908 0 12200 (radio 1.-75% / 0.72% tx 0.43% / 0.06% listen 0.36% / 0.65%)
2400301978	ID:4	 307203 P 0.0 39 1096836 77542799 176204 660448 0 573539 27353 1938360 5111 14469 0 11625 (radio 1.-49% / 0.99% tx 0.22% / 0.26% listen 0.29% / 0.73%)
2400360415	ID:3	 307203 P 0.0 39 1860150 76779237 509504 823667 0 587957 30705 1935344 2963 14209 0 12928 (radio 1.-95% / 0.87% tx 0.10% / 0.15% listen 1.-50% / 0.72%)
2400419031	ID:21	 307203 P 0.0 39 1510364 77127168 295467 788577 0 586602 36891 1929153 7840 16374 0 11859 (radio 1.-72% / 1.23% tx 0.37% / 0.39% listen 1.-55% / 0.83%)
2400463529	ID:16	 307203 P 0.0 39 1549667 77089781 456497 752185 0 540462 35377 1930381 11224 17230 0 12361 (radio 1.-56% / 1.44% tx 0.03% / 0.57% listen 0.41% / 0.87%)
2400515454	ID:9	 307203 P 0.0 39 2307649 76332026 688777 1005374 0 684368 34823 1931094 4425 15215 0 12852 (radio 2.-149% / 0.99% tx 0.32% / 0.22% listen 1.-82% / 0.77%)
2400596359	ID:1	 307205 P 0.0 39 3752547 74886511 1483732 77155847 0 0 24480 1941590 0 1966078 0 0 (radio 45.-4495% / 100.-8739% tx 1.-76% / 0.00% listen 43.-4265% / 100.-8739%)
2400632154	ID:7	 307203 P 0.0 39 2588146 76050886 951979 982775 0 544876 42746 1923266 11021 16555 0 12556 (radio 2.-173% / 1.40% tx 1.-89% / 0.56% listen 1.-85% / 0.84%)
2400658137	ID:6	 307203 P 0.0 39 1774942 76865677 414371 784493 0 610625 24942 1941127 0 13433 0 13409 (radio 1.-57% / 0.68% tx 0.52% / 0.00% listen 0.45% / 0.68%)
2400671062	ID:20	 307203 P 0.0 39 3303456 75335540 1211924 1208367 0 593592 39448 1926612 4516 16308 0 13182 (radio 3.-266% / 1.05% tx 1.-56% / 0.22% listen 1.-56% / 0.82%)
2400692000	ID:2	 307203 P 0.0 39 3034718 75602554 744910 1202550 0 671135 32768 1933133 162 13965 0 13465 (radio 2.-171% / 0.71% tx 0.40% / 0.00% listen 1.-57% / 0.71%)
2400702033	ID:22	 307203 P 0.0 39 1987795 76651377 488686 888693 0 658288 42080 1923984 6998 17111 0 12695 (radio 1.-89% / 1.22% tx 0.07% / 0.35% listen 1.-97% / 0.87%)
2400777627	ID:15	 307203 P 0.0 39 2482930 76156202 746606 988151 0 642660 35684 1930177 4681 15563 0 13531 (radio 2.-198% / 1.02% tx 0.40% / 0.23% listen 1.-84% / 0.79%)
2400895183	ID:19	 307203 P 0.0 39 1532859 77107583 181863 807202 0 674901 27850 1938264 81 13142 0 12827 (radio 1.-84% / 0.67% tx 0.23% / 0.00% listen 1.-52% / 0.66%)
2400940231	ID:13	 307203 P 0.0 39 1834870 76804842 480706 823633 0 609121 29292 1936677 3028 12766 0 12551 (radio 1.-98% / 0.80% tx 0.06% / 0.15% listen 1.-50% / 0.64%)
2400956708	ID:17	 307203 P 0.0 39 1282708 77356726 295684 711820 0 579281 26881 1938807 5499 14124 0 12225 (radio 1.-82% / 0.99% tx 0.37% / 0.27% listen 0.35% / 0.71%)
2400993856	ID:11	 307203 P 0.0 39 1192393 77447840 286769 654153 0 528307 19838 1946238 2327 12655 0 11931 (radio 1.-90% / 0.76% tx 0.36% / 0.11% listen 0.28% / 0.64%)
2401026354	ID:18	 307203 P 0.0 39 1349805 77290196 327436 688649 0 550090 27625 1938431 4626 15007 0 12385 (radio 1.-81% / 0.99% tx 0.41% / 0.23% listen 0.32% / 0.76%)
2401066095	ID:10	 307203 P 0.0 39 1982146 76658312 463212 991536 0 774928 38385 1927573 3295 16404 0 13857 (radio 1.-79% / 1.00% tx 0.04% / 0.16% listen 1.-84% / 0.83%)
2401092147	ID:8	 307203 P 0.0 39 1450060 77190282 346663 716391 0 557152 31191 1934866 7120 16008 0 12788 (radio 1.-75% / 1.17% tx 0.44% / 0.36% listen 0.36% / 0.81%)
2401115547	ID:14	 307203 P 0.0 39 2300346 76340225 631508 1007734 0 677642 34116 1931942 4904 15361 0 13175 (radio 2.-156% / 1.03% tx 0.25% / 0.24% listen 1.-82% / 0.78%)
2408902893	ID:29	[ATK-FAKE-RANK]  true_rank=1653 fake_rank=2451 t=11720s
2409003049	ID:15	[HFS] ra=74 si=49 cx=49 ac=82
2409008685	ID:15	[LIST] Neighbors: 9,14,29,24,12,11,6,30
2409012322	ID:15	[LIST] Quarantine: (none)
2409015819	ID:15	[LIST] Blacklist: (none)
2409023508	ID:15	FUZZRID,DET,29,2451,1653,798,0,100,100,4,0,7,0,82,75
2409981950	ID:30	[ATK-FAKE-RANK]  true_rank=1312 fake_rank=2126 t=11720s
2410008786	ID:6	[HFS] ra=74 si=49 cx=49 ac=82
2410013730	ID:6	[LIST] Neighbors: 14,30,9,15,12,11
2410017366	ID:6	[LIST] Quarantine: (none)
2410020863	ID:6	[LIST] Blacklist: (none)
2410028691	ID:6	FUZZRID,DET,30,2126,1312,814,0,100,100,24,0,0,0,82,75
2416370280	ID:12	[HFS] ra=0 si=0 cx=49 ac=0
2416374667	ID:12	[LIST] Neighbors: 9,29,15,11,6
2416378304	ID:12	[LIST] Quarantine: (none)
2416381801	ID:12	[LIST] Blacklist: (none)
2416388114	ID:12	FUZZRID,DET,6,1623,1623,0,0,0,0,0,0,1,0,0,0
2422991832	ID:27	[ATK-FAKE-RANK]  true_rank=512 fake_rank=992 t=11720s
2423059910	ID:17	[HFS] ra=74 si=49 cx=49 ac=82
2423064001	ID:17	[LIST] Neighbors: 21,27,3,31
2423067638	ID:17	[LIST] Quarantine: (none)
2423071135	ID:17	[LIST] Blacklist: (none)
2423078633	ID:17	FUZZRID,DET,27,992,512,480,0,100,100,20,0,0,0,82,75
2423376994	ID:18	[HFS] ra=0 si=0 cx=49 ac=0
2423381264	ID:18	[LIST] Neighbors: 26,22,29,16
2423384901	ID:18	[LIST] Quarantine: (none)
2423388398	ID:18	[LIST] Blacklist: (none)
2423394852	ID:18	FUZZRID,DET,22,1694,1694,0,0,0,0,0,0,3,0,0,0
2429541911	ID:10	[HFS] ra=0 si=0 cx=49 ac=0
2429547546	ID:10	[LIST] Neighbors: 2,28,13,7,25,20,23,19
2429551194	ID:10	[LIST] Quarantine: (none)
2429554691	ID:10	[LIST] Blacklist: (none)
2429560783	ID:10	FUZZRID,DET,13,819,819,0,0,0,0,0,0,2,0,0,0
2434993699	ID:26	[ATK-FAKE-RANK]  true_rank=1717 fake_rank=1744 t=11720s
2435054427	ID:22	[HFS] ra=72 si=0 cx=49 ac=94
2435059797	ID:22	[LIST] Neighbors: 24,16,9,29,31,26,18
2435063434	ID:22	[LIST] Quarantine: (none)
2435066931	ID:22	[LIST] Blacklist: (none)
2435074541	ID:22	FUZZRID,DET,26,1744,1717,27,0,10,70,13,33,0,0,94,100
2438542612	ID:31	[ATK-FAKE-RANK]  true_rank=1060 fake_rank=1449 t=11720s
2438684278	ID:17	[HFS] ra=74 si=49 cx=49 ac=82
2438688369	ID:17	[LIST] Neighbors: 21,27,3,31
2438692024	ID:17	[LIST] Quarantine: (none)
2438695521	ID:17	[LIST] Blacklist: (none)
2438703486	ID:17	FUZZRID,DET,31,1449,1060,389,0,100,100,10,16,1,0,82,75
2438993877	ID:19	[HFS] ra=0 si=0 cx=49 ac=0
2438998660	ID:19	[LIST] Neighbors: 2,28,27,4,13,10
2439002297	ID:19	[LIST] Quarantine: (none)
2439005793	ID:19	[LIST] Blacklist: (none)
2439011747	ID:19	FUZZRID,DET,4,527,527,0,0,0,0,0,0,0,0,0,0
2443276031	ID:4	[HFS] ra=0 si=0 cx=49 ac=0
2443279842	ID:4	[LIST] Neighbors: 21,19,27
2443283478	ID:4	[LIST] Quarantine: (none)
2443286975	ID:4	[LIST] Blacklist: (none)
2443293069	ID:4	FUZZRID,DET,19,512,512,0,0,0,0,0,0,0,0,0,0
2444465038	ID:23	[ATK-FAKE-RANK]  true_rank=897 fake_rank=1478 t=11720s
2444542312	ID:10	[HFS] ra=74 si=49 cx=49 ac=82
2444547947	ID:10	[LIST] Neighbors: 2,28,13,7,25,20,23,19
2444551609	ID:10	[LIST] Quarantine: (none)
2444555105	ID:10	[LIST] Blacklist: (none)
2444562752	ID:10	FUZZRID,DET,23,1478,897,581,0,100,100,10,0,1,0,82,55
2451443224	ID:8	[HFS] ra=0 si=0 cx=49 ac=0
2451447164	ID:8	[LIST] Neighbors: 7,25,5,30
2451450800	ID:8	[LIST] Quarantine: (none)
2451454297	ID:8	[LIST] Blacklist: (none)
2451460612	ID:8	FUZZRID,DET,5,1317,1317,0,0,0,0,0,0,0,0,0,0
2453386428	ID:6	[HFS] ra=0 si=0 cx=49 ac=0
2453391371	ID:6	[LIST] Neighbors: 14,30,9,15,12,11
2453395008	ID:6	[LIST] Quarantine: (none)
2453398505	ID:6	[LIST] Blacklist: (none)
2453404957	ID:6	FUZZRID,DET,12,1649,1649,0,0,0,0,0,0,2,0,0,0
2460160631	ID:5	 314883 P 0.0 40 1204295 79401810 288724 692398 0 565912 20072 1945829 2033 12568 0 11709 (radio 1.-85% / 0.74% tx 0.35% / 0.10% listen 0.32% / 0.63%)
2460270606	ID:12	 314883 P 0.0 40 1511733 79091209 343821 731733 0 570935 21910 1944165 212 12376 0 12039 (radio 1.-74% / 0.64% tx 0.42% / 0.01% listen 0.37% / 0.62%)
2460301999	ID:4	 314883 P 0.0 40 1126291 79479157 182215 675750 0 585739 29453 1936358 6011 15302 0 12200 (radio 1.-47% / 1.08% tx 0.22% / 0.30% listen 0.30% / 0.77%)
2460360389	ID:3	 314883 P 0.0 40 1896203 78709210 516663 840144 0 600761 36052 1929973 7159 16477 0 12804 (radio 1.-92% / 1.20% tx 0.10% / 0.36% listen 1.-50% / 0.83%)
2460418593	ID:21	 314883 P 0.0 40 1533831 79069770 295629 801987 0 599566 23466 1942602 162 13410 0 12964 (radio 1.-71% / 0.69% tx 0.36% / 0.00% listen 0.46% / 0.68%)
2460462419	ID:16	 314883 P 0.0 40 1568215 79037300 456497 764719 0 552996 18547 1947519 0 12534 0 12534 (radio 1.-56% / 0.63% tx 0.03% / 0.00% listen 0.41% / 0.63%)
2460514610	ID:9	 314883 P 0.0 40 2333223 78272520 688777 1019078 0 698072 25573 1940494 0 13704 0 13704 (radio 2.-148% / 0.69% tx 0.32% / 0.00% listen 1.-81% / 0.69%)
2460596371	ID:1	 314885 P 0.0 40 3777713 76827415 1483732 79121927 0 0 25164 1940904 0 1966079 0 0 (radio 46.-4565% / 100.-8739% tx 1.-76% / 0.00% listen 44.-4389% / 100.-8739%)
2460631022	ID:7	 314883 P 0.0 40 2611604 77993399 951979 995015 0 557116 23457 1942513 0 12240 0 12240 (radio 2.-172% / 0.62% tx 1.-89% / 0.00% listen 1.-84% / 0.62%)
2460658996	ID:6	 314883 P 0.0 40 1808728 78797960 418648 799178 0 622721 33784 1932283 4277 14685 0 12096 (radio 1.-56% / 0.96% tx 0.51% / 0.21% listen 0.45% / 0.74%)
2460670219	ID:20	 314883 P 0.0 40 3328640 77276255 1211924 1221520 0 606745 25183 1940715 0 13153 0 13153 (radio 3.-265% / 0.66% tx 1.-57% / 0.00% listen 1.-56% / 0.66%)
2460692326	ID:2	 314883 P 0.0 40 3071139 77532183 747934 1218304 0 684969 36419 1929629 3024 15754 0 13834 (radio 2.-170% / 0.95% tx 0.39% / 0.15% listen 1.-56% / 0.80%)
2460702050	ID:22	 314883 P 0.0 40 2026509 78578734 495851 904689 0 671228 38712 1927357 7165 15996 0 12940 (radio 1.-87% / 1.17% tx 0.08% / 0.36% listen 1.-95% / 0.81%)
2460777844	ID:15	 314883 P 0.0 40 2523678 78081374 754106 1004721 0 654953 40747 1925172 7500 16570 0 12293 (radio 2.-195% / 1.22% tx 0.40% / 0.38% listen 1.-82% / 0.84%)
2460894296	ID:19	 314883 P 0.0 40 1570822 79035638 188307 823075 0 687675 37962 1928055 6444 15873 0 12774 (radio 1.-82% / 1.13% tx 0.23% / 0.32% listen 1.-52% / 0.80%)
2460940234	ID:13	 314883 P 0.0 40 1868462 78737228 486921 838366 0 621084 33591 1932386 6215 14733 0 11963 (radio 1.-96% / 1.06% tx 0.07% / 0.31% listen 1.-50% / 0.74%)
2460956728	ID:17	 314883 P 0.0 40 1317387 79287790 304434 729017 0 591277 34677 1931064 8750 17197 0 11996 (radio 1.-79% / 1.31% tx 0.37% / 0.44% listen 0.37% / 0.87%)
2460992998	ID:11	 314883 P 0.0 40 1208803 79397508 286769 666104 0 540258 16409 1949668 0 11951 0 11951 (radio 1.-89% / 0.60% tx 0.35% / 0.00% listen 0.29% / 0.60%)
2461026329	ID:18	 314883 P 0.0 40 1378532 79227524 333035 703369 0 561655 28726 1937328 5599 14720 0 11565 (radio 1.-78% / 1.03% tx 0.41% / 0.28% listen 0.33% / 0.74%)
2461063857	ID:10	 314883 P 0.0 40 2022754 78583687 469790 1008040 0 787438 40606 1925375 6578 16504 0 12510 (radio 1.-77% / 1.17% tx 0.04% / 0.33% listen 1.-82% / 0.83%)
2461092131	ID:8	 314883 P 0.0 40 1473441 79132958 348147 728797 0 569042 23379 1942676 1484 12406 0 11890 (radio 1.-73% / 0.70% tx 0.43% / 0.07% listen 0.37% / 0.63%)
2461115558	ID:14	 314883 P 0.0 40 2333577 78273046 635078 1022549 0 689818 33230 1932821 3570 14815 0 12176 (radio 2.-155% / 0.93% tx 0.25% / 0.18% listen 1.-80% / 0.75%)
2474793600	ID:29	[ATK-FAKE-RANK]  true_rank=1653 fake_rank=2471 t=11720s
2474856806	ID:30	[ATK-FAKE-RANK]  true_rank=1312 fake_rank=2146 t=11720s
2474873402	ID:12	[HFS] ra=74 si=49 cx=49 ac=82
2474877759	ID:12	[LIST] Neighbors: 9,29,15,11,6
2474881396	ID:12	[LIST] Quarantine: (none)
2474884893	ID:12	[LIST] Blacklist: (none)
2474892614	ID:12	FUZZRID,DET,29,2471,1653,818,0,100,100,9,0,6,0,82,75
2478498837	ID:12	[HFS] ra=0 si=0 cx=49 ac=0
2478503194	ID:12	[LIST] Neighbors: 9,29,15,11,6
2478506831	ID:12	[LIST] Quarantine: (none)
2478510327	ID:12	[LIST] Blacklist: (none)
2478516815	ID:12	FUZZRID,DET,11,1748,1748,0,0,0,0,0,0,0,0,0,0
2483922917	ID:1	[HFS] ra=0 si=0 cx=49 ac=0
2483927980	ID:1	[LIST] Neighbors: 2,21,28,4,19,27,3
2483930523	ID:17	[HFS] ra=0 si=0 cx=49 ac=0
2483931617	ID:1	[LIST] Quarantine: (none)
2483934639	ID:17	[LIST] Neighbors: 21,27,3,31
2483935114	ID:1	[LIST] Blacklist: (none)
2483938276	ID:17	[LIST] Quarantine: (none)
2483941069	ID:1	FUZZRID,DET,3,768,768,0,0,0,0,0,0,0,0,0,0
2483941773	ID:17	[LIST] Blacklist: (none)
2483947727	ID:17	FUZZRID,DET,3,768,768,0,0,0,0,0,0,0,0,0,0
2484020413	ID:21	[HFS] ra=0 si=0 cx=49 ac=0
2484024343	ID:21	[LIST] Neighbors: 4,27,3,17
2484027980	ID:21	[LIST] Quarantine: (none)
2484031477	ID:21	[LIST] Blacklist: (none)
2484037432	ID:21	FUZZRID,DET,3,768,768,0,0,0,0,0,0,0,0,0,0
2484042752	ID:2	[HFS] ra=0 si=0 cx=49 ac=0
2484048548	ID:2	[LIST] Neighbors: 28,19,27,13,10,3,20,23
2484052188	ID:2	[LIST] Quarantine: (none)
2484055684	ID:2	[LIST] Blacklist: (none)
2484061639	ID:2	FUZZRID,DET,3,768,768,0,0,0,0,0,0,2,0,0,0
2485145968	ID:20	[HFS] ra=0 si=0 cx=49 ac=0
2485151323	ID:20	[LIST] Neighbors: 2,10,25,14,28,23,24
2485154960	ID:20	[LIST] Quarantine: (none)
2485158484	ID:20	[LIST] Blacklist: (none)
2485164579	ID:20	FUZZRID,DET,10,771,771,0,0,0,0,0,0,6,0,0,0
2487594561	ID:11	[HFS] ra=0 si=0 cx=49 ac=0
2487598211	ID:11	[LIST] Neighbors: 6,15,12
2487601848	ID:11	[LIST] Quarantine: (none)
2487605345	ID:11	[LIST] Blacklist: (none)
2487611658	ID:11	FUZZRID,DET,6,1623,1623,0,0,0,0,0,0,5,0,0,0
2495991546	ID:9	[HFS] ra=0 si=0 cx=49 ac=0
2495995931	ID:12	[HFS] ra=0 si=0 cx=49 ac=0
2495996926	ID:9	[LIST] Neighbors: 14,24,6,12,29,15,22
2496000288	ID:12	[LIST] Neighbors: 9,29,15,11,6
2496000562	ID:9	[LIST] Quarantine: (none)
2496003925	ID:12	[LIST] Quarantine: (none)
2496004059	ID:9	[LIST] Blacklist: (none)
2496005235	ID:15	[HFS] ra=0 si=0 cx=49 ac=0
2496007421	ID:12	[LIST] Blacklist: (none)
2496010404	ID:9	FUZZRID,DET,6,1623,1623,0,0,0,0,0,0,5,0,0,0
2496010871	ID:15	[LIST] Neighbors: 9,14,29,24,12,11,6,30
2496013735	ID:12	FUZZRID,DET,6,1623,1623,0,0,0,0,0,0,1,0,0,0
2496014508	ID:15	[LIST] Quarantine: (none)
2496018005	ID:15	[LIST] Blacklist: (none)
2496024352	ID:15	FUZZRID,DET,6,1623,1623,0,0,0,0,0,0,3,0,0,0
2496090345	ID:14	[HFS] ra=0 si=0 cx=49 ac=0
2496093340	ID:11	[HFS] ra=0 si=0 cx=49 ac=0
2496095569	ID:14	[LIST] Neighbors: 20,25,30,24,9,6,15
2496096990	ID:11	[LIST] Neighbors: 6,15,12
2496099206	ID:14	[LIST] Quarantine: (none)
2496100627	ID:11	[LIST] Quarantine: (none)
2496102703	ID:14	[LIST] Blacklist: (none)
2496104124	ID:11	[LIST] Blacklist: (none)
2496109016	ID:14	FUZZRID,DET,6,1623,1623,0,0,0,0,0,0,1,0,0,0
2496110437	ID:11	FUZZRID,DET,6,1623,1623,0,0,0,0,0,0,2,0,0,0
2498680940	ID:17	[HFS] ra=0 si=0 cx=49 ac=0
2498685064	ID:17	[LIST] Neighbors: 21,27,3,31
2498688701	ID:17	[LIST] Quarantine: (none)
2498692198	ID:17	[LIST] Blacklist: (none)
2498698291	ID:17	FUZZRID,DET,21,512,512,0,0,0,0,0,0,0,0,0,0
2498807457	ID:31	[ATK-FAKE-RANK]  true_rank=1046 fake_rank=1469 t=11720s
2502956274	ID:25	[ATK-FAKE-RANK]  true_rank=1055 fake_rank=1916 t=11720s
2502984398	ID:7	[HFS] ra=74 si=49 cx=49 ac=82
2502989195	ID:7	[LIST] Neighbors: 28,13,10,25,5,8
2502992832	ID:7	[LIST] Quarantine: (none)
2502996329	ID:7	[LIST] Blacklist: (none)
2503004190	ID:7	FUZZRID,DET,25,1916,1055,861,0,100,100,46,0,1,0,82,75
2505432653	ID:23	[ATK-FAKE-RANK]  true_rank=897 fake_rank=1498 t=11720s
2517485902	ID:28	[ATK-FAKE-RANK]  true_rank=512 fake_rank=1032 t=11720s
2520159766	ID:5	 322563 P 0.0 41 1220804 81351203 288724 704879 0 578393 16508 1949393 0 12481 0 12481 (radio 1.-84% / 0.63% tx 0.34% / 0.00% listen 0.33% / 0.63%)
2520270892	ID:12	 322563 P 0.0 41 1550456 81018560 353203 749286 0 583083 38721 1927351 9382 17553 0 12148 (radio 1.-71% / 1.36% tx 0.42% / 0.47% listen 0.38% / 0.89%)
2520301144	ID:4	 322563 P 0.0 41 1144682 81426614 182215 687737 0 597388 18390 1947457 0 11987 0 11649 (radio 1.-99% / 0.60% tx 0.22% / 0.00% listen 0.31% / 0.60%)
2520360405	ID:3	 322563 P 0.0 41 1935088 80636284 525544 855267 0 612503 38884 1927074 8881 15123 0 11742 (radio 1.-89% / 1.22% tx 0.11% / 0.45% listen 1.-49% / 0.76%)
2520418890	ID:21	 322563 P 0.0 41 1561715 81007954 297802 815224 0 611384 27883 1938184 2173 13237 0 11818 (radio 1.-70% / 0.78% tx 0.36% / 0.11% listen 0.46% / 0.67%)
2520462959	ID:16	 322563 P 0.0 41 1587465 80984120 456709 777338 0 565453 19248 1946820 212 12619 0 12457 (radio 1.-55% / 0.65% tx 0.03% / 0.01% listen 0.42% / 0.64%)
2520514599	ID:9	 322563 P 0.0 41 2359781 80211680 688777 1032272 0 711001 26556 1939160 0 13194 0 12929 (radio 2.-200% / 0.67% tx 0.31% / 0.00% listen 1.-80% / 0.67%)
2520596849	ID:1	 322565 P 0.0 41 3813426 78757762 1489259 81082458 0 0 35711 1930347 5527 1960529 0 0 (radio 47.-4687% / 99.-8639% tx 1.-76% / 0.28% listen 46.-4560% / 99.-8667%)
2520632100	ID:7	 322563 P 0.0 41 2644042 79926955 956187 1010266 0 570187 32436 1933556 4208 15251 0 13071 (radio 2.-170% / 0.98% tx 1.-89% / 0.21% listen 1.-82% / 0.77%)
2520658999	ID:6	 322563 P 0.0 41 1841171 80731560 424745 812762 0 635315 32442 1933600 6097 13584 0 12594 (radio 1.-55% / 1.00% tx 0.51% / 0.31% listen 0.46% / 0.69%)
2520671074	ID:20	 322563 P 0.0 41 3368745 79202153 1219044 1238193 0 619219 40103 1925898 7120 16673 0 12474 (radio 2.-163% / 1.21% tx 1.-57% / 0.36% listen 1.-55% / 0.84%)
2520691717	ID:2	 322563 P 0.0 41 3103017 79466356 748015 1232179 0 698110 31877 1934173 81 13875 0 13141 (radio 2.-169% / 0.70% tx 0.38% / 0.00% listen 1.-55% / 0.70%)
2520702028	ID:22	 322563 P 0.0 41 2056566 80514751 498918 917833 0 683452 30056 1936017 3067 13144 0 12224 (radio 1.-85% / 0.82% tx 0.08% / 0.15% listen 1.-93% / 0.66%)
2520777815	ID:15	 322563 P 0.0 41 2553967 80017108 755962 1018593 0 667912 30288 1935734 1856 13872 0 12959 (radio 2.-194% / 0.79% tx 0.39% / 0.09% listen 1.-81% / 0.70%)
2520893973	ID:19	 322563 P 0.0 41 1599200 80973322 188630 836807 0 700283 28377 1937684 323 13732 0 12608 (radio 1.-80% / 0.71% tx 0.22% / 0.01% listen 1.-51% / 0.69%)
2520940287	ID:13	 322563 P 0.0 41 1901430 80670227 492377 853192 0 633393 32967 1932999 5456 14826 0 12309 (radio 1.-94% / 1.03% tx 0.07% / 0.27% listen 1.-49% / 0.75%)
2520955881	ID:17	 322563 P 0.0 41 1337577 81233272 304434 741564 0 603489 20188 1945482 0 12547 0 12212 (radio 1.-78% / 0.63% tx 0.36% / 0.00% listen 0.37% / 0.63%)
2520994147	ID:11	 322563 P 0.0 41 1243513 81328758 297157 682464 0 551944 34708 1931250 10388 16360 0 11686 (radio 1.-86% / 1.36% tx 0.35% / 0.52% listen 0.30% / 0.83%)
2521025496	ID:18	 322563 P 0.0 41 1397055 81175059 333035 715432 0 573718 18521 1947535 0 12063 0 12063 (radio 1.-78% / 0.61% tx 0.40% / 0.00% listen 0.34% / 0.61%)
2521063860	ID:10	 322563 P 0.0 41 2064994 80507388 479405 1025935 0 800894 42238 1923701 9615 17895 0 13456 (radio 1.-74% / 1.39% tx 0.06% / 0.48% listen 1.-80% / 0.91%)
2521091278	ID:8	 322563 P 0.0 41 1493381 81079074 348147 741660 0 581905 19938 1946116 0 12863 0 12863 (radio 1.-73% / 0.65% tx 0.42% / 0.00% listen 0.37% / 0.65%)
2521115549	ID:14	 322563 P 0.0 41 2365908 80206771 638160 1036952 0 702895 32329 1933725 3082 14403 0 13077 (radio 2.-154% / 0.88% tx 0.25% / 0.15% listen 1.-79% / 0.73%)
2526365093	ID:9	[HFS] ra=0 si=0 cx=49 ac=0
2526370462	ID:9	[LIST] Neighbors: 14,24,6,12,29,15,22
2526374099	ID:9	[LIST] Quarantine: (none)
2526377596	ID:9	[LIST] Blacklist: (none)
2526384048	ID:9	FUZZRID,DET,12,1649,1649,0,0,0,0,0,0,2,0,0,0
2528002383	ID:15	[HFS] ra=0 si=0 cx=49 ac=0
2528008031	ID:15	[LIST] Neighbors: 9,14,29,24,12,11,6,30
2528011668	ID:15	[LIST] Quarantine: (none)
2528015166	ID:15	[LIST] Blacklist: (none)
2528021480	ID:15	FUZZRID,DET,9,1324,1324,0,0,0,0,0,0,5,0,0,0
2529318221	ID:27	[ATK-FAKE-RANK]  true_rank=512 fake_rank=1012 t=11720s
2529402428	ID:4	[HFS] ra=74 si=49 cx=49 ac=82
2529406240	ID:4	[LIST] Neighbors: 21,19,27
2529409877	ID:4	[LIST] Quarantine: (none)
2529413373	ID:4	[LIST] Blacklist: (none)
2529421019	ID:4	FUZZRID,DET,27,1012,512,500,0,100,100,20,0,0,0,82,75
2530920578	ID:2	[HFS] ra=0 si=0 cx=49 ac=0
2530926374	ID:2	[LIST] Neighbors: 28,19,27,13,10,3,20,23
2530930010	ID:2	[LIST] Quarantine: (none)
2530933507	ID:2	[LIST] Blacklist: (none)
2530939601	ID:2	FUZZRID,DET,19,512,512,0,0,0,0,0,0,3,0,0,0
2534895928	ID:24	[ATK-FAKE-RANK]  true_rank=1128 fake_rank=1636 t=11720s
2534968217	ID:14	[HFS] ra=74 si=49 cx=49 ac=82
2534973441	ID:14	[LIST] Neighbors: 20,25,30,24,9,6,15
2534977078	ID:14	[LIST] Quarantine: (none)
2534980575	ID:14	[LIST] Blacklist: (none)
2534988295	ID:14	FUZZRID,DET,24,1636,1128,508,0,100,100,7,0,0,0,82,75
2542892442	ID:21	[HFS] ra=0 si=0 cx=49 ac=0
2542896406	ID:21	[LIST] Neighbors: 4,27,3,17
2542900043	ID:21	[LIST] Quarantine: (none)
2542903540	ID:21	[LIST] Blacklist: (none)
2542909632	ID:21	FUZZRID,DET,17,867,867,0,0,0,0,0,0,0,0,0,0
2544329583	ID:26	[ATK-FAKE-RANK]  true_rank=1709 fake_rank=1764 t=11720s
2544393557	ID:21	[HFS] ra=0 si=0 cx=49 ac=0
2544397512	ID:21	[LIST] Neighbors: 4,27,3,17
2544401148	ID:21	[LIST] Quarantine: (none)
2544404645	ID:21	[LIST] Blacklist: (none)
2544410599	ID:21	FUZZRID,DET,4,525,525,0,0,0,0,0,0,0,0,0,0
2544437496	ID:16	[HFS] ra=74 si=2 cx=49 ac=95
2544441766	ID:16	[LIST] Neighbors: 31,26,22,18
2544445403	ID:16	[LIST] Quarantine: (none)
2544448901	ID:16	[LIST] Blacklist: (none)
2544456582	ID:16	FUZZRID,DET,26,1764,1709,55,0,21,100,7,33,0,0,95,100
2550092540	ID:14	[HFS] ra=0 si=0 cx=49 ac=0
2550097763	ID:14	[LIST] Neighbors: 20,25,30,24,9,6,15
2550101423	ID:14	[LIST] Quarantine: (none)
2550104920	ID:14	[LIST] Blacklist: (none)
2550111015	ID:14	FUZZRID,DET,20,775,775,0,0,0,0,0,0,2,0,0,0
2550165999	ID:10	[HFS] ra=0 si=0 cx=49 ac=0
2550171634	ID:10	[LIST] Neighbors: 2,28,13,7,25,20,23,19
2550175271	ID:10	[LIST] Quarantine: (none)
2550178768	ID:10	[LIST] Blacklist: (none)
2550184887	ID:10	FUZZRID,DET,20,775,775,0,0,0,0,0,0,2,0,0,0
2553364572	ID:9	[HFS] ra=0 si=0 cx=49 ac=0
2553369968	ID:9	[LIST] Neighbors: 14,24,6,12,29,15,22
2553373605	ID:9	[LIST] Quarantine: (none)
2553377102	ID:9	[LIST] Blacklist: (none)
2553383585	ID:9	FUZZRID,DET,14,1094,1094,0,0,0,0,0,0,7,0,0,0
2555109131	ID:7	[HFS] ra=0 si=0 cx=49 ac=0
2555113927	ID:7	[LIST] Neighbors: 28,13,10,25,5,8
2555117564	ID:7	[LIST] Quarantine: (none)
2555121061	ID:7	[LIST] Blacklist: (none)
2555127179	ID:7	FUZZRID,DET,13,813,813,0,0,0,0,0,0,1,0,0,0
2566011697	ID:5	[HFS] ra=0 si=0 cx=49 ac=0
2566015229	ID:5	[LIST] Neighbors: 7,8,25
2566018866	ID:5	[LIST] Quarantine: (none)
2566022363	ID:5	[LIST] Blacklist: (none)
2566028678	ID:5	FUZZRID,DET,8,1333,1333,0,0,0,0,0,0,1,0,0,0
2566257533	ID:6	[HFS] ra=0 si=0 cx=49 ac=0
2566262490	ID:6	[LIST] Neighbors: 14,30,9,15,12,11
2566266126	ID:6	[LIST] Quarantine: (none)
2566269623	ID:6	[LIST] Blacklist: (none)
2566276078	ID:6	FUZZRID,DET,11,1748,1748,0,0,0,0,0,0,0,0,0,0
2569123429	ID:12	[HFS] ra=0 si=0 cx=49 ac=0
2569127785	ID:12	[LIST] Neighbors: 9,29,15,11,6
2569131422	ID:12	[LIST] Quarantine: (none)
2569134919	ID:12	[LIST] Blacklist: (none)
2569141391	ID:12	FUZZRID,DET,15,1433,1433,0,0,0,0,0,0,1,0,0,0
2570542236	ID:2	[HFS] ra=0 si=0 cx=49 ac=0
2570548032	ID:2	[LIST] Neighbors: 28,19,27,13,10,3,20,23
2570551668	ID:2	[LIST] Quarantine: (none)
2570555165	ID:2	[LIST] Blacklist: (none)
2570561398	ID:2	FUZZRID,DET,10,768,768,0,0,0,0,0,0,10,0,0,0
2570862570	ID:25	[ATK-FAKE-RANK]  true_rank=1055 fake_rank=1936 t=11720s
2570942855	ID:8	[HFS] ra=74 si=49 cx=49 ac=82
2570946787	ID:8	[LIST] Neighbors: 7,25,5,30
2570950424	ID:8	[LIST] Quarantine: (none)
2570953921	ID:8	[LIST] Blacklist: (none)
2570961746	ID:8	FUZZRID,DET,25,1936,1055,881,0,100,100,46,0,0,0,82,75
2571322829	ID:23	[ATK-FAKE-RANK]  true_rank=897 fake_rank=1518 t=11720s
2573630851	ID:15	[HFS] ra=0 si=0 cx=49 ac=0
2573636487	ID:15	[LIST] Neighbors: 9,14,29,24,12,11,6,30
2573640124	ID:15	[LIST] Quarantine: (none)
2573643620	ID:15	[LIST] Blacklist: (none)
2573649934	ID:15	FUZZRID,DET,6,1623,1623,0,0,0,0,0,0,4,0,0,0
2573916188	ID:10	[HFS] ra=0 si=0 cx=49 ac=0
2573921824	ID:10	[LIST] Neighbors: 2,28,13,7,25,20,23,19
2573925490	ID:10	[LIST] Quarantine: (none)
2573928987	ID:10	[LIST] Blacklist: (none)
2573934942	ID:10	FUZZRID,DET,2,512,512,0,0,0,0,0,0,5,0,0,0
2574903787	ID:30	[ATK-FAKE-RANK]  true_rank=1312 fake_rank=2166 t=11720s
2575005667	ID:15	[HFS] ra=74 si=49 cx=49 ac=82
2575011303	ID:15	[LIST] Neighbors: 9,14,29,24,12,11,6,30
2575014963	ID:15	[LIST] Quarantine: (none)
2575018460	ID:15	[LIST] Blacklist: (none)
2575026287	ID:15	FUZZRID,DET,30,2166,1312,854,0,100,100,15,0,2,0,82,75
2580159764	ID:5	 330243 P 0.0 42 1238263 83299643 288724 717364 0 590609 17457 1948440 0 12485 0 12216 (radio 1.-83% / 0.63% tx 0.34% / 0.00% listen 0.34% / 0.63%)
2580270912	ID:12	 330243 P 0.0 42 1587153 82947919 363077 766962 0 596141 36695 1929359 9874 17676 0 13058 (radio 1.-68% / 1.40% tx 0.42% / 0.50% listen 0.39% / 0.89%)
2580301987	ID:4	 330243 P 0.0 42 1171072 83366193 186264 702024 0 609765 26388 1939579 4049 14287 0 12377 (radio 1.-97% / 0.93% tx 0.22% / 0.20% listen 0.32% / 0.72%)
2580360378	ID:3	 330243 P 0.0 42 1971350 82566024 532801 872095 0 625717 36261 1929740 7257 16828 0 13214 (radio 1.-87% / 1.22% tx 0.12% / 0.36% listen 1.-99% / 0.85%)
2580418571	ID:21	 330243 P 0.0 42 1589799 82945936 298207 829147 0 623590 28083 1937982 405 13923 0 12206 (radio 1.-69% / 0.72% tx 0.35% / 0.02% listen 0.47% / 0.70%)
2580463269	ID:16	 330243 P 0.0 42 1611392 82926259 459135 791392 0 578252 23926 1942139 2426 14054 0 12799 (radio 1.-54% / 0.83% tx 0.03% / 0.12% listen 0.42% / 0.71%)
2580515722	ID:9	 330243 P 0.0 42 2415806 82121534 705592 1055047 0 725362 56023 1909854 16815 22775 0 14361 (radio 2.-195% / 2.01% tx 0.32% / 0.85% listen 1.-77% / 1.15%)
2580596366	ID:1	 330245 P 0.0 42 3839603 80697648 1489259 83048538 0 0 26175 1939886 0 1966079 0 0 (radio 49.-4858% / 100.-8739% tx 1.-77% / 0.00% listen 47.-4682% / 100.-8739%)
2580632104	ID:7	 330243 P 0.0 42 2675569 81861395 959321 1025703 0 583284 31526 1934440 3134 15437 0 13097 (radio 2.-169% / 0.94% tx 1.-89% / 0.15% listen 1.-81% / 0.78%)
2580658981	ID:6	 330243 P 0.0 42 1876771 82662025 431420 830587 0 650050 35599 1930465 6675 17825 0 14735 (radio 1.-53% / 1.24% tx 0.00% / 0.33% listen 0.47% / 0.90%)
2580671402	ID:20	 330243 P 0.0 42 3414347 81122616 1229145 1257172 0 633505 45601 1920463 10101 18979 0 14286 (radio 2.-160% / 1.47% tx 1.-57% / 0.51% listen 1.-53% / 0.96%)
2580692580	ID:2	 330243 P 0.0 42 3158323 81376914 758638 1252599 0 711742 55304 1910558 10623 20420 0 13632 (radio 2.-166% / 1.57% tx 0.38% / 0.54% listen 1.-54% / 1.03%)
2580703650	ID:22	 330243 P 0.0 42 2085861 82451570 500687 933142 0 697961 29294 1936819 1769 15309 0 14509 (radio 1.-83% / 0.86% tx 0.08% / 0.08% listen 1.-92% / 0.77%)
2580777824	ID:15	 330243 P 0.0 42 2601272 81935854 765944 1038645 0 682212 47303 1918746 9982 20052 0 14300 (radio 2.-190% / 1.52% tx 0.39% / 0.50% listen 1.-79% / 1.01%)
2580894287	ID:19	 330243 P 0.0 42 1637181 82901403 194077 854071 0 713602 37979 1928081 5447 17264 0 13319 (radio 1.-78% / 1.15% tx 0.22% / 0.27% listen 1.-50% / 0.87%)
2580940230	ID:13	 330243 P 0.0 42 1934193 82603527 497819 869502 0 647143 32761 1933300 5442 16310 0 13750 (radio 1.-91% / 1.10% tx 0.08% / 0.27% listen 1.-99% / 0.82%)
2580956729	ID:17	 330243 P 0.0 42 1362313 83174208 308926 755476 0 615902 24734 1940936 4492 13912 0 12413 (radio 1.-76% / 0.93% tx 0.36% / 0.22% listen 0.38% / 0.70%)
2580993856	ID:11	 330243 P 0.0 42 1270224 83268038 303723 698463 0 565069 26710 1939280 6566 15999 0 13125 (radio 1.-84% / 1.14% tx 0.35% / 0.33% listen 0.31% / 0.81%)
2581026344	ID:18	 330243 P 0.0 42 1425201 83112970 338816 730141 0 585775 28144 1937911 5781 14709 0 12057 (radio 1.-76% / 1.04% tx 0.40% / 0.29% listen 0.35% / 0.74%)
2581064161	ID:10	 330243 P 0.0 42 2115925 82422349 491836 1047879 0 815729 50930 1914961 12431 21944 0 14835 (radio 1.-71% / 1.74% tx 0.07% / 0.63% listen 1.-78% / 1.11%)
2581092202	ID:8	 330243 P 0.0 42 1529011 83009507 357574 757390 0 593458 35628 1930433 9427 15730 0 11553 (radio 1.-70% / 1.27% tx 0.42% / 0.47% listen 0.38% / 0.80%)
2581115849	ID:14	 330243 P 0.0 42 2429602 82109117 659878 1061246 0 717417 63693 1902346 21718 24294 0 14522 (radio 2.-200% / 2.34% tx 0.27% / 1.10% listen 1.-77% / 1.23%)
2581222405	ID:31	[ATK-FAKE-RANK]  true_rank=1063 fake_rank=1489 t=11720s
2581314614	ID:16	[HFS] ra=74 si=49 cx=49 ac=82
2581318851	ID:16	[LIST] Neighbors: 31,26,22,18
2581322488	ID:16	[LIST] Quarantine: (none)
2581325985	ID:16	[LIST] Blacklist: (none)
2581333950	ID:16	FUZZRID,DET,31,1489,1063,426,0,100,100,19,16,1,0,82,75
2585480603	ID:29	[ATK-FAKE-RANK]  true_rank=1641 fake_rank=2491 t=11720s
2585552607	ID:22	[HFS] ra=74 si=49 cx=49 ac=82
2585557977	ID:22	[LIST] Neighbors: 24,16,9,29,31,26,18
2585561614	ID:22	[LIST] Quarantine: (none)
2585565111	ID:22	[LIST] Blacklist: (none)
2585572971	ID:22	FUZZRID,DET,29,2491,1641,850,0,100,100,16,0,6,0,82,75
2595283937	ID:28	[ATK-FAKE-RANK]  true_rank=512 fake_rank=1052 t=11720s
2602510250	ID:6	[HFS] ra=0 si=0 cx=49 ac=0
2602515193	ID:6	[LIST] Neighbors: 14,30,9,15,12,11
2602518830	ID:6	[LIST] Quarantine: (none)
2602522327	ID:6	[LIST] Blacklist: (none)
2602528794	ID:6	FUZZRID,DET,12,1641,1641,0,0,0,0,0,0,2,0,0,0
2619543453	ID:2	[HFS] ra=0 si=0 cx=49 ac=0
2619549249	ID:2	[LIST] Neighbors: 28,19,27,13,10,3,20,23
2619552887	ID:2	[LIST] Quarantine: (none)
2619556384	ID:2	[LIST] Blacklist: (none)
2619562340	ID:2	FUZZRID,DET,3,781,781,0,0,0,0,0,0,2,0,0,0
2621045847	ID:27	[ATK-FAKE-RANK]  true_rank=512 fake_rank=1032 t=11720s
2622122105	ID:19	[HFS] ra=0 si=0 cx=49 ac=0
2622126888	ID:19	[LIST] Neighbors: 2,28,27,4,13,10
2622130525	ID:19	[LIST] Quarantine: (none)
2622134022	ID:19	[LIST] Blacklist: (none)
2622139976	ID:19	FUZZRID,DET,4,523,523,0,0,0,0,0,0,0,0,0,0
2637838036	ID:3	[HFS] ra=0 si=0 cx=49 ac=0
2637842966	ID:3	[LIST] Neighbors: 2,23,17,31,27,21
2637846603	ID:3	[LIST] Quarantine: (none)
2637850099	ID:3	[LIST] Blacklist: (none)
2637856192	ID:3	FUZZRID,DET,17,832,832,0,0,0,0,0,0,1,0,0,0
2639862437	ID:23	[ATK-FAKE-RANK]  true_rank=872 fake_rank=1538 t=11720s
2640160608	ID:5	 337923 P 0.0 43 1264187 85239736 294654 732286 0 602708 25922 1940093 5930 14922 0 12099 (radio 1.-81% / 1.06% tx 0.34% / 0.30% listen 0.35% / 0.75%)
2640271160	ID:12	 337923 P 0.0 43 1625728 84875099 374469 784588 0 608336 38574 1927180 11392 17626 0 12195 (radio 1.-66% / 1.47% tx 0.43% / 0.57% listen 0.41% / 0.89%)
2640301988	ID:4	 337923 P 0.0 43 1192580 85310745 187817 716739 0 623666 21506 1944552 1553 14715 0 13901 (radio 1.-95% / 0.82% tx 0.21% / 0.07% listen 0.33% / 0.74%)
2640360397	ID:3	 337923 P 0.0 43 2010864 84492542 540761 891023 0 640238 39513 1926518 7960 18928 0 14521 (radio 1.-84% / 1.36% tx 0.12% / 0.40% listen 1.-97% / 0.96%)
2640418869	ID:21	 337923 P 0.0 43 1624016 84877780 303886 846416 0 636557 34215 1931844 5679 17269 0 12967 (radio 1.-67% / 1.16% tx 0.35% / 0.28% listen 0.48% / 0.87%)
2640463519	ID:16	 337923 P 0.0 43 1647877 84855791 469406 809631 0 590734 36484 1929532 10271 18239 0 12482 (radio 1.-52% / 1.45% tx 0.04% / 0.52% listen 0.43% / 0.92%)
2640515719	ID:9	 337923 P 0.0 43 2459356 84043886 716162 1074417 0 739194 43549 1922352 10570 19370 0 13832 (radio 2.-192% / 1.52% tx 0.33% / 0.53% listen 1.-76% / 0.98%)
2640596647	ID:1	 337925 P 0.0 43 3892034 82611276 1506127 84997742 0 0 52429 1913628 16868 1949202 0 0 (radio 0.20% / 100.-8739% tx 1.-75% / 0.85% listen 48.-4756% / 99.-8724%)
2640632070	ID:7	 337923 P 0.0 43 2710060 83792927 965272 1041304 0 595309 34490 1931532 5951 15601 0 12025 (radio 2.-167% / 1.09% tx 1.-88% / 0.30% listen 1.-79% / 0.79%)
2640658971	ID:6	 337923 P 0.0 43 1912291 84592573 437874 847201 0 663412 35519 1930548 6454 16614 0 13362 (radio 1.-51% / 1.17% tx 0.00% / 0.32% listen 0.48% / 0.84%)
2640671356	ID:20	 337923 P 0.0 43 3466158 83036870 1243730 1277803 0 646044 51810 1914254 14585 20631 0 12539 (radio 2.-157% / 1.79% tx 1.-56% / 0.74% listen 1.-52% / 1.04%)
2640697497	ID:2	 337923 P 0.0 43 3212553 83288902 768819 1275021 0 726495 54229 1911988 10181 22422 0 14753 (radio 2.-163% / 1.65% tx 0.39% / 0.51% listen 1.-52% / 1.14%)
2640702012	ID:22	 337923 P 0.0 43 2119890 84383495 505030 950237 0 712537 34027 1931925 4343 17095 0 14576 (radio 1.-81% / 1.09% tx 0.08% / 0.22% listen 1.-90% / 0.86%)
2640777809	ID:15	 337923 P 0.0 43 2634663 83868530 770564 1054162 0 695309 33390 1932676 4620 15517 0 13097 (radio 2.-188% / 1.02% tx 0.39% / 0.23% listen 1.-78% / 0.78%)
2640894541	ID:19	 337923 P 0.0 43 1685975 84818672 206056 874694 0 727307 48793 1917269 11979 20623 0 13705 (radio 1.-75% / 1.65% tx 0.23% / 0.60% listen 1.-99% / 1.04%)
2640940209	ID:13	 337923 P 0.0 43 1964541 84539246 501879 885451 0 660902 30346 1935719 4060 15949 0 13759 (radio 1.-89% / 1.01% tx 0.08% / 0.20% listen 1.-97% / 0.81%)
2640956716	ID:17	 337923 P 0.0 43 1389017 85113195 314040 771983 0 629754 26703 1938987 5114 16507 0 13852 (radio 1.-74% / 1.09% tx 0.36% / 0.26% listen 0.39% / 0.83%)
2640993832	ID:11	 337923 P 0.0 43 1289377 85214793 304913 712279 0 577824 19152 1946755 1190 13816 0 12755 (radio 1.-82% / 0.76% tx 0.35% / 0.06% listen 0.32% / 0.70%)
2641026341	ID:18	 337923 P 0.0 43 1448375 85055852 341336 744547 0 598570 23173 1942882 2520 14406 0 12795 (radio 1.-74% / 0.86% tx 0.39% / 0.12% listen 0.36% / 0.73%)
2641062986	ID:10	 337923 P 0.0 43 2141665 84362524 491836 1064560 0 832410 25739 1940175 0 16681 0 16681 (radio 1.-70% / 0.84% tx 0.07% / 0.00% listen 1.-77% / 0.84%)
2641092122	ID:8	 337923 P 0.0 43 1553096 84951477 359813 770889 0 605538 24084 1941970 2239 13499 0 12080 (radio 1.-69% / 0.80% tx 0.41% / 0.11% listen 0.39% / 0.68%)
2641115543	ID:14	 337923 P 0.0 43 2465106 84039676 664636 1078151 0 731057 35503 1930559 4758 16905 0 13640 (radio 2.-198% / 1.10% tx 0.27% / 0.24% listen 1.-75% / 0.85%)
2643305236	ID:22	[HFS] ra=0 si=0 cx=49 ac=0
2643310606	ID:22	[LIST] Neighbors: 24,16,9,29,31,26,18
2643312948	ID:16	[HFS] ra=0 si=0 cx=49 ac=0
2643314244	ID:22	[LIST] Quarantine: (none)
2643317210	ID:16	[LIST] Neighbors: 31,26,22,18
2643317741	ID:22	[LIST] Blacklist: (none)
2643320847	ID:16	[LIST] Quarantine: (none)
2643324196	ID:22	FUZZRID,DET,18,1830,1830,0,0,0,0,0,0,0,0,0,0
2643324344	ID:16	[LIST] Blacklist: (none)
2643330800	ID:16	FUZZRID,DET,18,1830,1830,0,0,0,0,0,0,0,0,0,0
2644775893	ID:26	[ATK-FAKE-RANK]  true_rank=1696 fake_rank=1784 t=11720s
2644803832	ID:22	[HFS] ra=73 si=22 cx=49 ac=89
2644809219	ID:22	[LIST] Neighbors: 24,16,9,29,31,26,18
2644812856	ID:22	[LIST] Quarantine: (none)
2644816353	ID:22	[LIST] Blacklist: (none)
2644823986	ID:22	FUZZRID,DET,26,1784,1696,88,0,34,82,15,33,0,0,89,100
2645948133	ID:1	[HFS] ra=0 si=0 cx=49 ac=0
2645953196	ID:1	[LIST] Neighbors: 2,21,28,4,19,27,3
2645956834	ID:1	[LIST] Quarantine: (none)
2645960331	ID:1	[LIST] Blacklist: (none)
2645961215	ID:3	[HFS] ra=0 si=0 cx=49 ac=0
2645966147	ID:3	[LIST] Neighbors: 2,23,17,31,27,21
2645966286	ID:1	FUZZRID,DET,2,512,512,0,0,0,0,0,0,3,0,0,0
2645969784	ID:3	[LIST] Quarantine: (none)
2645973280	ID:3	[LIST] Blacklist: (none)
2645979236	ID:3	FUZZRID,DET,2,512,512,0,0,0,0,0,0,4,0,0,0
2645995702	ID:19	[HFS] ra=0 si=0 cx=49 ac=0
2646000485	ID:19	[LIST] Neighbors: 2,28,27,4,13,10
2646004122	ID:19	[LIST] Quarantine: (none)
2646007619	ID:19	[LIST] Blacklist: (none)
2646013574	ID:19	FUZZRID,DET,2,512,512,0,0,0,0,0,0,3,0,0,0
2646020916	ID:20	[HFS] ra=0 si=0 cx=49 ac=0
2646026272	ID:20	[LIST] Neighbors: 2,10,25,14,28,23,24
2646029909	ID:20	[LIST] Quarantine: (none)
2646033406	ID:20	[LIST] Blacklist: (none)
2646038239	ID:10	[HFS] ra=0 si=0 cx=49 ac=0
2646039361	ID:20	FUZZRID,DET,2,512,512,0,0,0,0,0,0,5,0,0,0
2646042640	ID:13	[HFS] ra=0 si=0 cx=49 ac=0
2646043876	ID:10	[LIST] Neighbors: 2,28,13,7,25,20,23,19
2646047423	ID:13	[LIST] Neighbors: 2,28,19,10,7,25
2646047513	ID:10	[LIST] Quarantine: (none)
2646051009	ID:10	[LIST] Blacklist: (none)
2646051059	ID:13	[LIST] Quarantine: (none)
2646054556	ID:13	[LIST] Blacklist: (none)
2646056965	ID:10	FUZZRID,DET,2,512,512,0,0,0,0,0,0,4,0,0,0
2646060514	ID:13	FUZZRID,DET,2,512,512,0,0,0,0,0,0,3,0,0,0
2646275913	ID:4	[HFS] ra=0 si=0 cx=49 ac=0
2646279723	ID:4	[LIST] Neighbors: 21,19,27
2646283360	ID:4	[LIST] Quarantine: (none)
2646286856	ID:4	[LIST] Blacklist: (none)
2646292976	ID:4	FUZZRID,DET,21,512,512,0,0,0,0,0,0,0,0,0,0
2654342155	ID:24	[ATK-FAKE-RANK]  true_rank=1105 fake_rank=1656 t=11720s
2654492192	ID:9	[HFS] ra=74 si=49 cx=49 ac=82
2654497562	ID:9	[LIST] Neighbors: 14,24,6,12,29,15,22
2654501199	ID:9	[LIST] Quarantine: (none)
2654504696	ID:9	[LIST] Blacklist: (none)
2654512557	ID:9	FUZZRID,DET,24,1656,1105,551,0,100,100,13,0,0,0,82,75
2658254501	ID:29	[ATK-FAKE-RANK]  true_rank=1641 fake_rank=2511 t=11720s
2658379704	ID:18	[HFS] ra=74 si=49 cx=49 ac=82
2658383941	ID:18	[LIST] Neighbors: 26,22,29,16
2658387578	ID:18	[LIST] Quarantine: (none)
2658391075	ID:18	[LIST] Blacklist: (none)
2658398936	ID:18	FUZZRID,DET,29,2511,1641,870,0,100,100,21,0,6,0,82,75
2669943537	ID:8	[HFS] ra=0 si=0 cx=49 ac=0
2669947468	ID:8	[LIST] Neighbors: 7,25,5,30
2669951105	ID:8	[LIST] Quarantine: (none)
2669954602	ID:8	[LIST] Blacklist: (none)
2669960916	ID:8	FUZZRID,DET,5,1315,1315,0,0,0,0,0,0,0,0,0,0
2672504435	ID:31	[ATK-FAKE-RANK]  true_rank=1059 fake_rank=1509 t=11720s
2677205761	ID:25	[ATK-FAKE-RANK]  true_rank=1055 fake_rank=1956 t=11720s
2677339762	ID:14	[HFS] ra=74 si=49 cx=49 ac=82
2677344986	ID:14	[LIST] Neighbors: 20,25,30,24,9,6,15
2677348623	ID:14	[LIST] Quarantine: (none)
2677352123	ID:14	[LIST] Blacklist: (none)
2677359949	ID:14	FUZZRID,DET,25,1956,1055,901,0,100,100,28,0,0,0,82,75
2695164265	ID:13	[HFS] ra=0 si=0 cx=49 ac=0
2695169048	ID:13	[LIST] Neighbors: 2,28,19,10,7,25
2695172685	ID:13	[LIST] Quarantine: (none)
2695176181	ID:13	[LIST] Blacklist: (none)
2695182136	ID:13	FUZZRID,DET,2,512,512,0,0,0,0,0,0,3,0,0,0
2695746324	ID:12	[HFS] ra=0 si=0 cx=49 ac=0
2695750681	ID:12	[LIST] Neighbors: 9,29,15,11,6
2695754318	ID:12	[LIST] Quarantine: (none)
2695755519	ID:15	[HFS] ra=0 si=0 cx=49 ac=0
2695757814	ID:12	[LIST] Blacklist: (none)
2695759695	ID:6	[HFS] ra=0 si=0 cx=49 ac=0
2695761155	ID:15	[LIST] Neighbors: 9,14,29,24,12,11,6,30
2695764292	ID:12	FUZZRID,DET,11,1737,1737,0,0,0,0,0,0,0,0,0,0
2695764638	ID:6	[LIST] Neighbors: 14,30,9,15,12,11
2695764823	ID:15	[LIST] Quarantine: (none)
2695768275	ID:6	[LIST] Quarantine: (none)
2695768320	ID:15	[LIST] Blacklist: (none)
2695771772	ID:6	[LIST] Blacklist: (none)
2695774811	ID:15	FUZZRID,DET,11,1737,1737,0,0,0,0,0,0,4,0,0,0
2695778234	ID:6	FUZZRID,DET,11,1737,1737,0,0,0,0,0,0,0,0,0,0
2695842232	ID:14	[HFS] ra=0 si=0 cx=49 ac=0
2695845044	ID:11	[HFS] ra=0 si=0 cx=49 ac=0
2695847455	ID:14	[LIST] Neighbors: 20,25,30,24,9,6,15
2695848694	ID:11	[LIST] Neighbors: 6,15,12
2695851092	ID:14	[LIST] Quarantine: (none)
2695852331	ID:11	[LIST] Quarantine: (none)
2695854589	ID:14	[LIST] Blacklist: (none)
2695855849	ID:11	[LIST] Blacklist: (none)
2695861054	ID:14	FUZZRID,DET,15,1449,1449,0,0,0,0,0,0,5,0,0,0
2695862302	ID:11	FUZZRID,DET,15,1449,1449,0,0,0,0,0,0,4,0,0,0
2695871225	ID:12	[HFS] ra=0 si=0 cx=49 ac=0
2695875581	ID:12	[LIST] Neighbors: 9,29,15,11,6
2695879218	ID:12	[LIST] Quarantine: (none)
2695882739	ID:12	[LIST] Blacklist: (none)
2695884140	ID:6	[HFS] ra=0 si=0 cx=49 ac=0
2695889083	ID:6	[LIST] Neighbors: 14,30,9,15,12,11
2695889192	ID:12	FUZZRID,DET,15,1449,1449,0,0,0,0,0,0,1,0,0,0
2695892720	ID:6	[LIST] Quarantine: (none)
2695896217	ID:6	[LIST] Blacklist: (none)
2695902675	ID:6	FUZZRID,DET,15,1449,1449,0,0,0,0,0,0,4,0,0,0
2700160621	ID:5	 345603 P 0.0 44 1289389 87180573 300135 747446 0 615479 25201 1940837 5481 15160 0 12771 (radio 1.-79% / 1.04% tx 0.33% / 0.27% listen 0.35% / 0.77%)
2700216469	ID:14	[HFS] ra=0 si=0 cx=49 ac=0
2700221692	ID:14	[LIST] Neighbors: 20,25,30,24,9,6,15
2700225329	ID:14	[LIST] Quarantine: (none)
2700228826	ID:14	[LIST] Blacklist: (none)
2700235140	ID:14	FUZZRID,DET,6,1620,1620,0,0,0,0,0,0,1,0,0,0
2700270597	ID:12	 345603 P 0.0 44 1649979 86816526 375422 798061 0 621421 24250 1941427 953 13473 0 13085 (radio 1.-65% / 0.73% tx 0.42% / 0.04% listen 0.41% / 0.68%)
2700301133	ID:4	 345603 P 0.0 44 1212160 87257221 187817 728605 0 635339 19579 1946476 0 11866 0 11673 (radio 1.-94% / 0.60% tx 0.21% / 0.00% listen 0.33% / 0.60%)
2700360384	ID:3	 345603 P 0.0 44 2043581 86425893 545592 905370 0 652092 32716 1933351 4831 14347 0 11854 (radio 1.-82% / 0.97% tx 0.13% / 0.24% listen 1.-95% / 0.72%)
2700418584	ID:21	 345603 P 0.0 44 1647283 86820512 304522 858575 0 648439 23265 1942732 636 12159 0 11882 (radio 1.-66% / 0.65% tx 0.34% / 0.03% listen 0.48% / 0.61%)
2700463255	ID:16	 345603 P 0.0 44 1677931 86791811 475896 825480 0 603307 30052 1936020 6490 15849 0 12573 (radio 1.-99% / 1.13% tx 0.05% / 0.33% listen 0.44% / 0.80%)
2700515455	ID:9	 345603 P 0.0 44 2495442 85973864 720683 1092444 0 754015 36084 1929978 4521 18027 0 14821 (radio 2.-190% / 1.14% tx 0.32% / 0.22% listen 1.-74% / 0.91%)
2700564485	ID:8	[HFS] ra=0 si=0 cx=49 ac=0
2700568416	ID:8	[LIST] Neighbors: 7,25,5,30
2700572052	ID:8	[LIST] Quarantine: (none)
2700575549	ID:8	[LIST] Blacklist: (none)
2700581864	ID:8	FUZZRID,DET,5,1315,1315,0,0,0,0,0,0,0,0,0,0
2700595499	ID:1	 345605 P 0.0 44 3918484 84550880 1506127 86963822 0 0 26448 1939604 0 1966078 0 0 (radio 2.-153% / 100.-8739% tx 1.-76% / 0.00% listen 1.-77% / 100.-8739%)
2700610524	ID:7	[HFS] ra=0 si=0 cx=49 ac=0
2700615320	ID:7	[LIST] Neighbors: 28,13,10,25,5,8
2700618957	ID:7	[LIST] Quarantine: (none)
2700622454	ID:7	[LIST] Blacklist: (none)
2700628769	ID:7	FUZZRID,DET,5,1315,1315,0,0,0,0,0,0,1,0,0,0
2700659220	ID:6	 345603 P 0.0 44 1954660 86516271 448663 864940 0 676859 42368 1923698 10789 17739 0 13447 (radio 1.-98% / 1.45% tx 0.02% / 0.54% listen 0.00% / 0.90%)
2700667128	ID:7	 345607 P 0.0 44 2745240 85724928 971097 1057256 0 608149 35178 1932001 5825 15952 0 12840 (radio 2.-165% / 1.10% tx 1.-88% / 0.29% listen 1.-78% / 0.81%)
2700671243	ID:20	 345603 P 0.0 44 3506304 84962794 1251314 1295693 0 660029 40145 1925924 7584 17890 0 13985 (radio 2.-155% / 1.29% tx 1.-56% / 0.38% listen 1.-100% / 0.90%)
2700697395	ID:2	 345603 P 0.0 44 3257883 85209633 776285 1290893 0 738967 45328 1920731 7466 15872 0 12472 (radio 2.-161% / 1.18% tx 0.39% / 0.37% listen 1.-100% / 0.80%)
2700702325	ID:22	 345603 P 0.0 44 2165875 86303414 515474 969529 0 726322 45983 1919919 10444 19292 0 13785 (radio 1.-78% / 1.51% tx 0.09% / 0.53% listen 1.-88% / 0.98%)
2700777844	ID:15	 345603 P 0.0 44 2675303 85793948 779159 1071217 0 709870 40638 1925418 8595 17055 0 14561 (radio 2.-186% / 1.30% tx 0.39% / 0.43% listen 1.-77% / 0.86%)
2700895800	ID:19	 345603 P 0.0 44 1718569 86752204 209420 888226 0 739539 32593 1933532 3364 13532 0 12232 (radio 1.-74% / 0.85% tx 0.23% / 0.17% listen 1.-97% / 0.68%)
2700940225	ID:13	 345603 P 0.0 44 1994803 86475052 504539 900403 0 674251 30260 1935806 2660 14952 0 13349 (radio 1.-87% / 0.89% tx 0.08% / 0.13% listen 1.-96% / 0.76%)
2700956399	ID:17	 345603 P 0.0 44 1409871 87058397 315020 784905 0 641801 20853 1945202 980 12922 0 12047 (radio 1.-73% / 0.70% tx 0.35% / 0.04% listen 0.40% / 0.65%)
2700993849	ID:11	 345603 P 0.0 44 1312862 87157292 308588 725546 0 590669 23483 1942499 3675 13267 0 12845 (radio 1.-81% / 0.86% tx 0.34% / 0.18% listen 0.33% / 0.67%)
2701026357	ID:18	 345603 P 0.0 44 1476140 86994144 346688 758419 0 611377 27763 1938292 5352 13872 0 12807 (radio 1.-73% / 0.97% tx 0.39% / 0.27% listen 0.37% / 0.70%)
2701066511	ID:10	 345603 P 0.0 44 2182262 86287871 498982 1083284 0 846694 40595 1925347 7146 18724 0 14284 (radio 1.-67% / 1.31% tx 0.07% / 0.36% listen 1.-75% / 0.95%)
2701092133	ID:8	 345603 P 0.0 44 1580499 86890129 362585 785718 0 618237 27401 1938652 2772 14829 0 12699 (radio 1.-68% / 0.89% tx 0.40% / 0.14% listen 0.40% / 0.75%)
2701116450	ID:14	 345603 P 0.0 44 2516750 85953895 678179 1098613 0 744441 51642 1914219 13543 20462 0 13384 (radio 2.-194% / 1.72% tx 0.28% / 0.68% listen 1.-73% / 1.04%)
2707768035	ID:23	[ATK-FAKE-RANK]  true_rank=851 fake_rank=1558 t=11720s
2707898014	ID:20	[HFS] ra=74 si=49 cx=49 ac=82
2707903370	ID:20	[LIST] Neighbors: 2,10,25,14,28,23,24
2707907007	ID:20	[LIST] Quarantine: (none)
2707910504	ID:20	[LIST] Blacklist: (none)
2707918151	ID:20	FUZZRID,DET,23,1558,851,707,0,100,100,36,0,2,0,82,55
2713615230	ID:9	[HFS] ra=0 si=0 cx=49 ac=0
2713620426	ID:12	[HFS] ra=0 si=0 cx=49 ac=0
2713620599	ID:9	[LIST] Neighbors: 14,24,6,12,29,15,22
2713624236	ID:9	[LIST] Quarantine: (none)
2713624807	ID:12	[LIST] Neighbors: 9,29,15,11,6
2713627733	ID:9	[LIST] Blacklist: (none)
2713628444	ID:12	[LIST] Quarantine: (none)
2713629196	ID:15	[HFS] ra=0 si=0 cx=49 ac=0
2713631941	ID:12	[LIST] Blacklist: (none)
2713634049	ID:9	FUZZRID,DET,6,1474,1474,0,0,0,0,0,0,9,0,0,0
2713634849	ID:15	[LIST] Neighbors: 9,14,29,24,12,11,6,30
2713638257	ID:12	FUZZRID,DET,6,1474,1474,0,0,0,0,0,0,1,0,0,0
2713638486	ID:15	[LIST] Quarantine: (none)
2713641983	ID:15	[LIST] Blacklist: (none)
2713648299	ID:15	FUZZRID,DET,6,1474,1474,0,0,0,0,0,0,7,0,0,0
2713717547	ID:11	[HFS] ra=0 si=0 cx=49 ac=0
2713721218	ID:11	[LIST] Neighbors: 6,15,12
2713724854	ID:11	[LIST] Quarantine: (none)
2713728351	ID:11	[LIST] Blacklist: (none)
2713734668	ID:11	FUZZRID,DET,6,1474,1474,0,0,0,0,0,0,5,0,0,0
2715052695	ID:22	[HFS] ra=0 si=0 cx=49 ac=0
2715058064	ID:22	[LIST] Neighbors: 24,16,9,29,31,26,18
2715061701	ID:22	[LIST] Quarantine: (none)
2715065198	ID:22	[LIST] Blacklist: (none)
2715071654	ID:22	FUZZRID,DET,18,1830,1830,0,0,0,0,0,0,0,0,0,0
2716380009	ID:15	[HFS] ra=0 si=0 cx=49 ac=0
2716385645	ID:15	[LIST] Neighbors: 9,14,29,24,12,11,6,30
2716389282	ID:15	[LIST] Quarantine: (none)
2716392778	ID:15	[LIST] Blacklist: (none)
2716399410	ID:15	FUZZRID,DET,14,1069,1069,0,0,0,0,0,0,13,0,0,0
2718875181	ID:18	[HFS] ra=0 si=0 cx=49 ac=0
2718879418	ID:18	[LIST] Neighbors: 26,22,29,16
2718883055	ID:18	[LIST] Quarantine: (none)
2718886552	ID:18	[LIST] Blacklist: (none)
2718893004	ID:18	FUZZRID,DET,22,1680,1680,0,0,0,0,0,0,3,0,0,0
2718939323	ID:16	[HFS] ra=0 si=0 cx=49 ac=0
2718943560	ID:16	[LIST] Neighbors: 31,26,22,18
2718947197	ID:16	[LIST] Quarantine: (none)
2718950694	ID:16	[LIST] Blacklist: (none)
2718957146	ID:16	FUZZRID,DET,22,1680,1680,0,0,0,0,0,0,1,0,0,0
2721841350	ID:14	[HFS] ra=0 si=0 cx=49 ac=0
2721844315	ID:11	[HFS] ra=0 si=0 cx=49 ac=0
2721846596	ID:14	[LIST] Neighbors: 20,25,30,24,9,6,15
2721847965	ID:11	[LIST] Neighbors: 6,15,12
2721850233	ID:14	[LIST] Quarantine: (none)
2721851602	ID:11	[LIST] Quarantine: (none)
2721853730	ID:14	[LIST] Blacklist: (none)
2721855099	ID:11	[LIST] Blacklist: (none)
2721860075	ID:14	FUZZRID,DET,6,1455,1455,0,0,0,0,0,0,5,0,0,0
2721861414	ID:11	FUZZRID,DET,6,1455,1455,0,0,0,0,0,0,5,0,0,0
2721865931	ID:9	[HFS] ra=0 si=0 cx=49 ac=0
2721870952	ID:12	[HFS] ra=0 si=0 cx=49 ac=0
2721871300	ID:9	[LIST] Neighbors: 14,24,6,12,29,15,22
2721874937	ID:9	[LIST] Quarantine: (none)
2721875309	ID:12	[LIST] Neighbors: 9,29,15,11,6
2721878434	ID:9	[LIST] Blacklist: (none)
2721878946	ID:12	[LIST] Quarantine: (none)
2721879921	ID:15	[HFS] ra=0 si=0 cx=49 ac=0
2721882459	ID:12	[LIST] Blacklist: (none)
2721884750	ID:9	FUZZRID,DET,6,1455,1455,0,0,0,0,0,0,9,0,0,0
2721885557	ID:15	[LIST] Neighbors: 9,14,29,24,12,11,6,30
2721888775	ID:12	FUZZRID,DET,6,1455,1455,0,0,0,0,0,0,1,0,0,0
2721889194	ID:15	[LIST] Quarantine: (none)
2721892690	ID:15	[LIST] Blacklist: (none)
2721899006	ID:15	FUZZRID,DET,6,1455,1455,0,0,0,0,0,0,3,0,0,0
2723355695	ID:1	[HFS] ra=0 si=0 cx=49 ac=0
2723360758	ID:1	[LIST] Neighbors: 2,21,28,4,19,27,3
2723364395	ID:1	[LIST] Quarantine: (none)
2723367892	ID:1	[LIST] Blacklist: (none)
2723374004	ID:1	FUZZRID,DET,21,512,512,0,0,0,0,0,0,0,0,0,0
2723402031	ID:4	[HFS] ra=0 si=0 cx=49 ac=0
2723405841	ID:4	[LIST] Neighbors: 21,19,27
2723409478	ID:4	[LIST] Quarantine: (none)
2723413002	ID:4	[LIST] Blacklist: (none)
2723419095	ID:4	FUZZRID,DET,21,512,512,0,0,0,0,0,0,0,0,0,0
2723431907	ID:17	[HFS] ra=0 si=0 cx=49 ac=0
2723435998	ID:17	[LIST] Neighbors: 21,27,3,31
2723439634	ID:17	[LIST] Quarantine: (none)
2723443143	ID:17	[LIST] Blacklist: (none)
2723449237	ID:17	FUZZRID,DET,21,512,512,0,0,0,0,0,0,0,0,0,0
2723463314	ID:3	[HFS] ra=0 si=0 cx=49 ac=0
2723468244	ID:3	[LIST] Neighbors: 2,23,17,31,27,21
2723471881	ID:3	[LIST] Quarantine: (none)
2723475378	ID:3	[LIST] Blacklist: (none)
2723481503	ID:3	FUZZRID,DET,21,512,512,0,0,0,0,0,0,0,0,0,0
2724052718	ID:22	[HFS] ra=0 si=0 cx=49 ac=0
2724058101	ID:22	[LIST] Neighbors: 24,16,9,29,31,26,18
2724061738	ID:22	[LIST] Quarantine: (none)
2724065235	ID:22	[LIST] Blacklist: (none)
2724071573	ID:22	FUZZRID,DET,9,1350,1350,0,0,0,0,0,0,1,0,0,0
2728270834	ID:24	[ATK-FAKE-RANK]  true_rank=1105 fake_rank=1676 t=11720s
2729801226	ID:22	[HFS] ra=0 si=0 cx=49 ac=0
2729806596	ID:22	[LIST] Neighbors: 24,16,9,29,31,26,18
2729810232	ID:22	[LIST] Quarantine: (none)
2729813761	ID:22	[LIST] Blacklist: (none)
2729820217	ID:22	FUZZRID,DET,16,1757,1757,0,0,0,0,0,0,6,0,0,0
2734840578	ID:14	[HFS] ra=0 si=0 cx=49 ac=0
2734843609	ID:11	[HFS] ra=0 si=0 cx=49 ac=0
2734845802	ID:14	[LIST] Neighbors: 20,25,30,24,9,6,15
2734847259	ID:11	[LIST] Neighbors: 6,15,12
2734849438	ID:14	[LIST] Quarantine: (none)
2734850896	ID:11	[LIST] Quarantine: (none)
2734852962	ID:14	[LIST] Blacklist: (none)
2734854393	ID:11	[LIST] Blacklist: (none)
2734859277	ID:14	FUZZRID,DET,6,1455,1455,0,0,0,0,0,0,5,0,0,0
2734860708	ID:11	FUZZRID,DET,6,1455,1455,0,0,0,0,0,0,5,0,0,0
2734865287	ID:9	[HFS] ra=0 si=0 cx=49 ac=0
2734870276	ID:12	[HFS] ra=0 si=0 cx=49 ac=0
2734870667	ID:9	[LIST] Neighbors: 14,24,6,12,29,15,22
2734874304	ID:9	[LIST] Quarantine: (none)
2734874666	ID:12	[LIST] Neighbors: 9,29,15,11,6
2734877801	ID:9	[LIST] Blacklist: (none)
2734878303	ID:12	[LIST] Quarantine: (none)
2734879051	ID:15	[HFS] ra=0 si=0 cx=49 ac=0
2734881800	ID:12	[LIST] Blacklist: (none)
2734884145	ID:9	FUZZRID,DET,6,1455,1455,0,0,0,0,0,0,9,0,0,0
2734884709	ID:15	[LIST] Neighbors: 9,14,29,24,12,11,6,30
2734888115	ID:12	FUZZRID,DET,6,1455,1455,0,0,0,0,0,0,1,0,0,0
2734888346	ID:15	[LIST] Quarantine: (none)
2734891843	ID:15	[LIST] Blacklist: (none)
2734898158	ID:15	FUZZRID,DET,6,1455,1455,0,0,0,0,0,0,3,0,0,0
2739704623	ID:26	[ATK-FAKE-RANK]  true_rank=1696 fake_rank=1804 t=11720s
2739751577	ID:18	[HFS] ra=74 si=29 cx=49 ac=82
2739755844	ID:18	[LIST] Neighbors: 26,22,29,16
2739759481	ID:18	[LIST] Quarantine: (none)
2739762978	ID:18	[LIST] Blacklist: (none)
2739770767	ID:18	FUZZRID,DET,26,1804,1696,108,0,41,100,25,33,1,0,82,75
2744745174	ID:12	[HFS] ra=0 si=0 cx=49 ac=0
2744749565	ID:12	[LIST] Neighbors: 9,29,15,11,6
2744753201	ID:12	[LIST] Quarantine: (none)
2744756698	ID:12	[LIST] Blacklist: (none)
2744763153	ID:12	FUZZRID,DET,11,1741,1741,0,0,0,0,0,0,0,0,0,0
2745918988	ID:30	[ATK-FAKE-RANK]  true_rank=1312 fake_rank=2186 t=11720s
2746068822	ID:8	[HFS] ra=74 si=49 cx=49 ac=82
2746072754	ID:8	[LIST] Neighbors: 7,25,5,30
2746076390	ID:8	[LIST] Quarantine: (none)
2746079887	ID:8	[LIST] Blacklist: (none)
2746087715	ID:8	FUZZRID,DET,30,2186,1312,874,0,100,100,26,0,0,0,82,75
2760160643	ID:5	 353283 P 0.0 45 1312554 89123467 304455 760831 0 628238 23164 1942894 4320 13385 0 12759 (radio 1.-78% / 0.90% tx 0.33% / 0.21% listen 0.36% / 0.68%)
2760270043	ID:12	 353283 P 0.0 45 1674851 88757329 375422 810820 0 633521 24871 1940803 0 12759 0 12100 (radio 1.-64% / 0.64% tx 0.41% / 0.00% listen 0.42% / 0.64%)
2760301422	ID:4	 353283 P 0.0 45 1232434 89203004 187897 741079 0 647407 20272 1945783 80 12474 0 12068 (radio 1.-93% / 0.63% tx 0.20% / 0.00% listen 0.34% / 0.63%)
2760360389	ID:3	 353283 P 0.0 45 2077990 88357503 551055 920302 0 664300 34407 1931610 5463 14932 0 12208 (radio 1.-80% / 1.03% tx 0.13% / 0.27% listen 1.-94% / 0.75%)
2760418882	ID:21	 353283 P 0.0 45 1674004 88759643 307628 871054 0 660430 26720 1939131 3106 12479 0 11991 (radio 1.-65% / 0.79% tx 0.34% / 0.15% listen 0.01% / 0.63%)
2760463266	ID:16	 353283 P 0.0 45 1709806 88726008 483827 840911 0 615306 31874 1934197 7931 15431 0 11999 (radio 1.-96% / 1.18% tx 0.06% / 0.40% listen 0.45% / 0.78%)
2760515484	ID:9	 353283 P 0.0 45 2537403 87897965 727937 1110059 0 767907 41960 1924101 7254 17615 0 13892 (radio 2.-187% / 1.26% tx 0.33% / 0.36% listen 1.-73% / 0.89%)
2760596385	ID:1	 353285 P 0.0 45 3954400 86480988 1511641 88924362 0 0 35914 1930108 5514 1960539 0 0 (radio 5.-474% / 100.-8739% tx 1.-76% / 0.28% listen 3.-298% / 99.-8667%)
2760632085	ID:7	 353283 P 0.0 45 2778074 87656902 977658 1071767 0 620735 32833 1931974 6561 14511 0 12586 (radio 2.-164% / 1.07% tx 1.-87% / 0.33% listen 1.-77% / 0.73%)
2760659249	ID:6	 353283 P 0.0 45 2004572 88432378 465447 882435 0 690508 49911 1916107 16784 17495 0 13649 (radio 1.-94% / 1.74% tx 0.03% / 0.85% listen 0.02% / 0.88%)
2760671393	ID:20	 353283 P 0.0 45 3558239 86876927 1266823 1315227 0 673239 51933 1914133 15509 19534 0 13210 (radio 2.-200% / 1.78% tx 1.-55% / 0.78% listen 1.-98% / 0.99%)
2760692278	ID:2	 353283 P 0.0 45 3295306 87138114 779269 1308197 0 753889 37421 1928481 2984 17304 0 14922 (radio 2.-160% / 1.03% tx 0.38% / 0.15% listen 1.-98% / 0.88%)
2760702056	ID:22	 353283 P 0.0 45 2212118 88222989 525357 986102 0 738165 46242 1919575 9883 16573 0 11843 (radio 1.-76% / 1.34% tx 0.10% / 0.50% listen 1.-86% / 0.84%)
2760778119	ID:15	 353283 P 0.0 45 2725119 87710191 789540 1090471 0 723072 49815 1916243 10381 19254 0 13202 (radio 2.-183% / 1.50% tx 0.39% / 0.52% listen 1.-75% / 0.97%)
2760894126	ID:19	 353283 P 0.0 45 1753599 88683194 214681 903645 0 751868 35029 1930990 5261 15419 0 12329 (radio 1.-72% / 1.05% tx 0.23% / 0.26% listen 0.04% / 0.78%)
2760940507	ID:13	 353283 P 0.0 45 2035290 88400593 515220 917632 0 686904 40485 1925541 10681 17229 0 12653 (radio 1.-85% / 1.41% tx 0.09% / 0.54% listen 1.-94% / 0.87%)
2760956734	ID:17	 353283 P 0.0 45 1432796 89001483 317347 797699 0 653862 22923 1943086 2327 12794 0 12061 (radio 1.-72% / 0.76% tx 0.35% / 0.11% listen 0.40% / 0.65%)
2760993864	ID:11	 353283 P 0.0 45 1336396 89099759 311337 739384 0 603225 23533 1942467 2749 13838 0 12556 (radio 1.-79% / 0.84% tx 0.34% / 0.13% listen 0.34% / 0.70%)
2761026365	ID:18	 353283 P 0.0 45 1501319 88934927 349863 772081 0 623742 25178 1940783 3175 13662 0 12365 (radio 1.-71% / 0.85% tx 0.38% / 0.16% listen 0.37% / 0.69%)
2761063869	ID:10	 353283 P 0.0 45 2216776 88219323 504006 1100592 0 861671 34513 1931452 5024 17308 0 14977 (radio 1.-66% / 1.13% tx 0.08% / 0.25% listen 1.-74% / 0.88%)
2761092133	ID:8	 353283 P 0.0 45 1607445 88829236 366015 799693 0 630003 26945 1939107 3430 13975 0 11766 (radio 1.-67% / 0.88% tx 0.40% / 0.17% listen 0.40% / 0.71%)
2761115375	ID:14	 353283 P 0.0 45 2561546 87875149 686355 1117841 0 758740 44794 1921254 8176 19228 0 14299 (radio 1.-91% / 1.39% tx 0.28% / 0.41% listen 1.-72% / 0.97%)
2764582720	ID:29	[ATK-FAKE-RANK]  true_rank=1641 fake_rank=2531 t=11720s
2764621764	ID:12	[HFS] ra=74 si=49 cx=49 ac=82
2764626121	ID:12	[LIST] Neighbors: 9,29,15,11,6
2764629758	ID:12	[LIST] Quarantine: (none)
2764633255	ID:12	[LIST] Blacklist: (none)
2764641114	ID:12	FUZZRID,DET,29,2531,1641,890,0,100,100,16,0,6,0,82,75
2766526031	ID:4	[HFS] ra=0 si=0 cx=49 ac=0
2766529842	ID:4	[LIST] Neighbors: 21,19,27
2766533478	ID:4	[LIST] Quarantine: (none)
2766536975	ID:4	[LIST] Blacklist: (none)
2766543069	ID:4	FUZZRID,DET,19,512,512,0,0,0,0,0,0,0,0,0,0
2768932328	ID:25	[ATK-FAKE-RANK]  true_rank=1073 fake_rank=1976 t=11720s
2769464885	ID:14	[HFS] ra=0 si=0 cx=49 ac=0
2769467883	ID:11	[HFS] ra=0 si=0 cx=49 ac=0
2769470108	ID:14	[LIST] Neighbors: 20,25,30,24,9,6,15
2769471533	ID:11	[LIST] Neighbors: 6,15,12
2769473745	ID:14	[LIST] Quarantine: (none)
2769475170	ID:11	[LIST] Quarantine: (none)
2769477263	ID:14	[LIST] Blacklist: (none)
2769478667	ID:11	[LIST] Blacklist: (none)
2769483578	ID:14	FUZZRID,DET,6,1455,1455,0,0,0,0,0,0,1,0,0,0
2769484982	ID:11	FUZZRID,DET,6,1455,1455,0,0,0,0,0,0,4,0,0,0
2769491211	ID:9	[HFS] ra=0 si=0 cx=49 ac=0
2769496580	ID:9	[LIST] Neighbors: 14,24,6,12,29,15,22
2769498966	ID:12	[HFS] ra=0 si=0 cx=49 ac=0
2769500217	ID:9	[LIST] Quarantine: (none)
2769503322	ID:12	[LIST] Neighbors: 9,29,15,11,6
2769503357	ID:15	[HFS] ra=0 si=0 cx=49 ac=0
2769503714	ID:9	[LIST] Blacklist: (none)
2769506959	ID:12	[LIST] Quarantine: (none)
2769509010	ID:15	[LIST] Neighbors: 9,14,29,24,12,11,6,30
2769510029	ID:9	FUZZRID,DET,6,1455,1455,0,0,0,0,0,0,5,0,0,0
2769510456	ID:12	[LIST] Blacklist: (none)
2769512647	ID:15	[LIST] Quarantine: (none)
2769516143	ID:15	[LIST] Blacklist: (none)
2769516771	ID:12	FUZZRID,DET,6,1455,1455,0,0,0,0,0,0,1,0,0,0
2769522459	ID:15	FUZZRID,DET,6,1455,1455,0,0,0,0,0,0,3,0,0,0
2772125664	ID:28	[ATK-FAKE-RANK]  true_rank=512 fake_rank=1072 t=11720s
2772169653	ID:2	[HFS] ra=74 si=49 cx=49 ac=82
2772175449	ID:2	[LIST] Neighbors: 28,19,27,13,10,3,20,23
2772179086	ID:2	[LIST] Quarantine: (none)
2772182583	ID:2	[LIST] Blacklist: (none)
2772190230	ID:2	FUZZRID,DET,28,1072,512,560,0,100,100,39,0,3,0,82,75
2777429637	ID:22	[HFS] ra=0 si=0 cx=49 ac=0
2777435006	ID:22	[LIST] Neighbors: 24,16,9,29,31,26,18
2777438643	ID:22	[LIST] Quarantine: (none)
2777442140	ID:22	[LIST] Blacklist: (none)
2777448618	ID:22	FUZZRID,DET,16,1757,1757,0,0,0,0,0,0,6,0,0,0
2777502764	ID:18	[HFS] ra=0 si=0 cx=49 ac=0
2777507001	ID:18	[LIST] Neighbors: 26,22,29,16
2777510638	ID:18	[LIST] Quarantine: (none)
2777514135	ID:18	[LIST] Blacklist: (none)
2777520591	ID:18	FUZZRID,DET,16,1757,1757,0,0,0,0,0,0,7,0,0,0
2780969382	ID:11	[HFS] ra=0 si=0 cx=49 ac=0
2780973049	ID:11	[LIST] Neighbors: 6,15,12
2780976686	ID:11	[LIST] Quarantine: (none)
2780980183	ID:11	[LIST] Blacklist: (none)
2780986636	ID:11	FUZZRID,DET,12,1635,1635,0,0,0,0,0,0,1,0,0,0
2783047738	ID:26	[ATK-FAKE-RANK]  true_rank=1696 fake_rank=1824 t=11720s
2783129125	ID:18	[HFS] ra=74 si=45 cx=49 ac=82
2783133362	ID:18	[LIST] Neighbors: 26,22,29,16
2783136998	ID:18	[LIST] Quarantine: (none)
2783140495	ID:18	[LIST] Blacklist: (none)
2783148177	ID:18	FUZZRID,DET,26,1824,1696,128,0,49,100,5,33,1,0,82,75
2783177669	ID:22	[HFS] ra=74 si=48 cx=49 ac=82
2783183039	ID:22	[LIST] Neighbors: 24,16,9,29,31,26,18
2783186676	ID:22	[LIST] Quarantine: (none)
2783189063	ID:16	[HFS] ra=74 si=48 cx=49 ac=82
2783190173	ID:22	[LIST] Blacklist: (none)
2783193329	ID:16	[LIST] Neighbors: 31,26,22,18
2783196966	ID:16	[LIST] Quarantine: (none)
2783197991	ID:22	FUZZRID,DET,26,1824,1696,128,0,50,100,10,33,0,0,82,75
2783200463	ID:16	[LIST] Blacklist: (none)
2783208286	ID:16	FUZZRID,DET,26,1824,1696,128,0,50,100,19,33,0,0,82,75
2786039568	ID:10	[HFS] ra=0 si=0 cx=49 ac=0
2786045236	ID:10	[LIST] Neighbors: 2,28,13,7,25,20,23,19
2786048873	ID:10	[LIST] Quarantine: (none)
2786052369	ID:10	[LIST] Blacklist: (none)
2786058464	ID:10	FUZZRID,DET,20,779,779,0,0,0,0,0,0,1,0,0,0
2789753853	ID:18	[HFS] ra=0 si=0 cx=49 ac=0
2789758090	ID:18	[LIST] Neighbors: 26,22,29,16
2789761727	ID:18	[LIST] Quarantine: (none)
2789765224	ID:18	[LIST] Blacklist: (none)
2789771714	ID:18	FUZZRID,DET,22,1680,1680,0,0,0,0,0,0,3,0,0,0
2800506398	ID:27	[ATK-FAKE-RANK]  true_rank=512 fake_rank=1052 t=11720s
2800643519	ID:21	[HFS] ra=74 si=49 cx=49 ac=82
2800647463	ID:21	[LIST] Neighbors: 4,27,3,17
2800651100	ID:21	[LIST] Quarantine: (none)
2800654611	ID:21	[LIST] Blacklist: (none)
2800662283	ID:21	FUZZRID,DET,27,1052,512,540,0,100,100,20,0,0,0,82,75
2802167332	ID:13	[HFS] ra=0 si=0 cx=49 ac=0
2802172115	ID:13	[LIST] Neighbors: 2,28,19,10,7,25
2802175752	ID:13	[LIST] Quarantine: (none)
2802179249	ID:13	[LIST] Blacklist: (none)
2802185343	ID:13	FUZZRID,DET,10,768,768,0,0,0,0,0,0,5,0,0,0
2809377539	ID:18	[HFS] ra=0 si=0 cx=49 ac=0
2809381776	ID:18	[LIST] Neighbors: 26,22,29,16
2809385413	ID:18	[LIST] Quarantine: (none)
2809388910	ID:18	[LIST] Blacklist: (none)
2809395366	ID:18	FUZZRID,DET,16,1755,1755,0,0,0,0,0,0,7,0,0,0
2813136038	ID:23	[ATK-FAKE-RANK]  true_rank=851 fake_rank=1578 t=11720s
2813164433	ID:10	[HFS] ra=74 si=49 cx=49 ac=82
2813170096	ID:10	[LIST] Neighbors: 2,28,13,7,25,20,23,19
2813173733	ID:10	[LIST] Quarantine: (none)
2813177229	ID:10	[LIST] Blacklist: (none)
2813184877	ID:10	FUZZRID,DET,23,1578,851,727,0,100,100,37,0,1,0,82,55
2814680068	ID:17	[HFS] ra=0 si=0 cx=49 ac=0
2814684158	ID:17	[LIST] Neighbors: 21,27,3,31
2814687795	ID:17	[LIST] Quarantine: (none)
2814691292	ID:17	[LIST] Blacklist: (none)
2814697418	ID:17	FUZZRID,DET,21,512,512,0,0,0,0,0,0,0,0,0,0
2817665640	ID:25	[ATK-FAKE-RANK]  true_rank=1069 fake_rank=1996 t=11720s
2817917750	ID:13	[HFS] ra=74 si=49 cx=49 ac=82
2817922534	ID:13	[LIST] Neighbors: 2,28,19,10,7,25
2817926171	ID:13	[LIST] Quarantine: (none)
2817929667	ID:13	[LIST] Blacklist: (none)
2817937494	ID:13	FUZZRID,DET,25,1996,1069,927,0,100,100,46,0,0,0,82,75
2817942483	ID:8	[HFS] ra=74 si=49 cx=49 ac=82
2817946415	ID:8	[LIST] Neighbors: 7,25,5,30
2817950051	ID:8	[LIST] Quarantine: (none)
2817953563	ID:8	[LIST] Blacklist: (none)
2817961390	ID:8	FUZZRID,DET,25,1996,1069,927,0,100,100,11,0,0,0,82,75
2817968430	ID:14	[HFS] ra=74 si=49 cx=49 ac=82
2817973654	ID:14	[LIST] Neighbors: 20,25,30,24,9,6,15
2817977291	ID:14	[LIST] Quarantine: (none)
2817980788	ID:14	[LIST] Blacklist: (none)
2817981392	ID:7	[HFS] ra=74 si=49 cx=49 ac=82
2817986189	ID:7	[LIST] Neighbors: 28,13,10,25,5,8
2817988477	ID:14	FUZZRID,DET,25,1996,1069,927,0,100,100,6,0,0,0,82,75
2817989825	ID:7	[LIST] Quarantine: (none)
2817993322	ID:7	[LIST] Blacklist: (none)
2818001149	ID:7	FUZZRID,DET,25,1996,1069,927,0,100,100,16,0,1,0,82,75
2818010931	ID:5	[HFS] ra=74 si=49 cx=49 ac=82
2818014436	ID:5	[LIST] Neighbors: 7,8,25
2818018073	ID:5	[LIST] Quarantine: (none)
2818021570	ID:5	[LIST] Blacklist: (none)
2818029396	ID:5	FUZZRID,DET,25,1996,1069,927,0,100,100,23,0,0,0,82,75
2819512374	ID:6	[HFS] ra=0 si=0 cx=49 ac=0
2819517318	ID:6	[LIST] Neighbors: 14,30,9,15,12,11
2819520982	ID:6	[LIST] Quarantine: (none)
2819524478	ID:6	[LIST] Blacklist: (none)
2819530934	ID:6	FUZZRID,DET,11,1741,1741,0,0,0,0,0,0,1,0,0,0
2820159768	ID:5	 360963 P 0.0 46 1330072 91072026 304455 773441 0 640832 17517 1948559 0 12610 0 12594 (radio 1.-77% / 0.64% tx 0.32% / 0.00% listen 0.37% / 0.64%)
2820270863	ID:12	 360963 P 0.0 46 1699881 90698062 377008 823854 0 645777 25028 1940733 1586 13034 0 12256 (radio 1.-64% / 0.74% tx 0.40% / 0.08% listen 0.42% / 0.66%)
2820301990	ID:4	 360963 P 0.0 46 1259626 91141861 193611 754573 0 659008 27191 1938857 5714 13494 0 11601 (radio 1.-91% / 0.97% tx 0.20% / 0.29% listen 0.35% / 0.68%)
2820360388	ID:3	 360963 P 0.0 46 2119410 90282138 560856 938535 0 677231 41418 1924635 9801 18233 0 12931 (radio 1.-78% / 1.42% tx 0.14% / 0.49% listen 1.-92% / 0.92%)
2820418859	ID:21	 360963 P 0.0 46 1706391 90693128 311193 886852 0 672895 32386 1933485 3565 15798 0 12465 (radio 1.-64% / 0.98% tx 0.33% / 0.18% listen 0.03% / 0.80%)
2820463273	ID:16	 360963 P 0.0 46 1741540 90660345 491322 856980 0 629325 31733 1934337 7495 16069 0 14019 (radio 1.-94% / 1.19% tx 0.06% / 0.38% listen 0.46% / 0.81%)
2820515464	ID:9	 360963 P 0.0 46 2575433 89825993 734807 1125738 0 780377 38029 1928028 6870 15679 0 12470 (radio 2.-185% / 1.14% tx 0.33% / 0.34% listen 1.-72% / 0.79%)
2820595680	ID:1	 360965 P 0.0 46 3980053 88421402 1511641 90890442 0 0 25651 1940414 0 1966078 0 0 (radio 7.-694% / 100.-8739% tx 1.-76% / 0.00% listen 5.-472% / 100.-8739%)
2820631251	ID:7	 360963 P 0.0 46 2802897 89598036 977658 1085175 0 633950 24822 1941134 0 13408 0 13215 (radio 2.-163% / 0.68% tx 1.-88% / 0.00% listen 1.-76% / 0.68%)
2820658981	ID:6	 360963 P 0.0 46 2041781 90361156 472963 897791 0 702990 37208 1928778 7516 15356 0 12482 (radio 1.-92% / 1.16% tx 0.04% / 0.38% listen 0.04% / 0.78%)
2820670778	ID:20	 360963 P 0.0 46 3586319 88814888 1267594 1329583 0 686646 28079 1937961 771 14356 0 13407 (radio 2.-198% / 0.76% tx 1.-56% / 0.03% listen 1.-96% / 0.73%)
2820692293	ID:2	 360963 P 0.0 46 3332966 89066515 782290 1323614 0 767154 37659 1928401 3021 15417 0 13265 (radio 2.-159% / 0.93% tx 0.38% / 0.15% listen 1.-97% / 0.78%)
2820702292	ID:22	 360963 P 0.0 46 2249494 90151490 530591 1003404 0 752786 37375 1928501 5234 17302 0 14621 (radio 1.-74% / 1.14% tx 0.10% / 0.26% listen 1.-85% / 0.88%)
2820776979	ID:15	 360963 P 0.0 46 2752066 89649140 789540 1104144 0 736222 26946 1938949 0 13673 0 13150 (radio 2.-181% / 0.69% tx 0.38% / 0.00% listen 1.-74% / 0.69%)
2820894135	ID:19	 360963 P 0.0 46 1786289 90616573 217991 919116 0 765801 32689 1933379 3310 15471 0 13933 (radio 1.-70% / 0.95% tx 0.23% / 0.16% listen 0.06% / 0.78%)
2820940243	ID:13	 360963 P 0.0 46 2071795 90330144 521126 933878 0 700011 36503 1929551 5906 16246 0 13107 (radio 1.-82% / 1.12% tx 0.09% / 0.30% listen 1.-92% / 0.82%)
2820956714	ID:17	 360963 P 0.0 46 1464923 90935155 325127 814962 0 667147 32126 1933672 7780 17263 0 13285 (radio 1.-70% / 1.27% tx 0.35% / 0.39% listen 0.41% / 0.87%)
2820993844	ID:11	 360963 P 0.0 46 1356903 91045275 312500 751672 0 614673 20506 1945516 1163 12288 0 11448 (radio 1.-78% / 0.68% tx 0.33% / 0.05% listen 0.34% / 0.62%)
2821026362	ID:18	 360963 P 0.0 46 1538906 90863243 358787 789253 0 636393 37586 1928316 8924 17172 0 12651 (radio 1.-69% / 1.32% tx 0.38% / 0.45% listen 0.38% / 0.87%)
2821064161	ID:10	 360963 P 0.0 46 2266963 90135105 516698 1120185 0 875163 50186 1915782 12692 19593 0 13492 (radio 1.-63% / 1.64% tx 0.09% / 0.64% listen 1.-72% / 0.99%)
2821092128	ID:8	 360963 P 0.0 46 1632780 90769929 368984 813220 0 642621 25333 1940693 2969 13527 0 12618 (radio 1.-66% / 0.83% tx 0.39% / 0.15% listen 0.41% / 0.68%)
2821115365	ID:14	 360963 P 0.0 46 2605739 89796906 694486 1133269 0 771472 44192 1921757 8131 15428 0 12732 (radio 1.-89% / 1.19% tx 0.28% / 0.41% listen 1.-71% / 0.78%)
2826967375	ID:11	[HFS] ra=0 si=0 cx=49 ac=0
2826968749	ID:14	[HFS] ra=0 si=0 cx=49 ac=0
2826971025	ID:11	[LIST] Neighbors: 6,15,12
2826973972	ID:14	[LIST] Neighbors: 20,25,30,24,9,6,15
2826974662	ID:11	[LIST] Quarantine: (none)
2826977611	ID:14	[LIST] Quarantine: (none)
2826978158	ID:11	[LIST] Blacklist: (none)
2826981108	ID:14	[LIST] Blacklist: (none)
2826984506	ID:11	FUZZRID,DET,6,1455,1455,0,0,0,0,0,0,4,0,0,0
2826987422	ID:14	FUZZRID,DET,6,1455,1455,0,0,0,0,0,0,1,0,0,0
2826989058	ID:9	[HFS] ra=0 si=0 cx=49 ac=0
2826994461	ID:9	[LIST] Neighbors: 14,24,6,12,29,15,22
2826998098	ID:9	[LIST] Quarantine: (none)
2826998247	ID:12	[HFS] ra=0 si=0 cx=49 ac=0
2827001607	ID:9	[LIST] Blacklist: (none)
2827002604	ID:12	[LIST] Neighbors: 9,29,15,11,6
2827002740	ID:15	[HFS] ra=0 si=0 cx=49 ac=0
2827006241	ID:12	[LIST] Quarantine: (none)
2827007923	ID:9	FUZZRID,DET,6,1455,1455,0,0,0,0,0,0,4,0,0,0
2827008376	ID:15	[LIST] Neighbors: 9,14,29,24,12,11,6,30
2827009737	ID:12	[LIST] Blacklist: (none)
2827012013	ID:15	[LIST] Quarantine: (none)
2827015522	ID:15	[LIST] Blacklist: (none)
2827016053	ID:12	FUZZRID,DET,6,1455,1455,0,0,0,0,0,0,1,0,0,0
2827021838	ID:15	FUZZRID,DET,6,1455,1455,0,0,0,0,0,0,2,0,0,0
2829294502	ID:24	[ATK-FAKE-RANK]  true_rank=1105 fake_rank=1696 t=11720s
2829379911	ID:15	[HFS] ra=74 si=49 cx=49 ac=82
2829385548	ID:15	[LIST] Neighbors: 9,14,29,24,12,11,6,30
2829389185	ID:15	[LIST] Quarantine: (none)
2829392682	ID:15	[LIST] Blacklist: (none)
2829400509	ID:15	FUZZRID,DET,24,1696,1105,591,0,100,100,31,0,3,0,82,75
2834675604	ID:31	[ATK-FAKE-RANK]  true_rank=1091 fake_rank=1529 t=11720s
2835752482	ID:15	[HFS] ra=0 si=0 cx=49 ac=0
2835758118	ID:15	[LIST] Neighbors: 9,14,29,24,12,11,6,30
2835761755	ID:15	[LIST] Quarantine: (none)
2835765252	ID:15	[LIST] Blacklist: (none)
2835771567	ID:15	FUZZRID,DET,6,1455,1455,0,0,0,0,0,0,2,0,0,0
2865272351	ID:27	[ATK-FAKE-RANK]  true_rank=512 fake_rank=1072 t=11720s
2865419057	ID:2	[HFS] ra=74 si=49 cx=49 ac=82
2865424853	ID:2	[LIST] Neighbors: 28,19,27,13,10,3,20,23
2865428490	ID:2	[LIST] Quarantine: (none)
2865431987	ID:2	[LIST] Blacklist: (none)
2865439633	ID:2	FUZZRID,DET,27,1072,512,560,0,100,100,63,0,3,0,82,75
2867180621	ID:28	[ATK-FAKE-RANK]  true_rank=512 fake_rank=1092 t=11720s
2867232354	ID:7	[HFS] ra=74 si=49 cx=49 ac=82
2867237154	ID:7	[LIST] Neighbors: 28,13,10,25,5,8
2867240791	ID:7	[LIST] Quarantine: (none)
2867244288	ID:7	[LIST] Blacklist: (none)
2867251936	ID:7	FUZZRID,DET,28,1092,512,580,0,100,100,40,0,1,0,82,75
2870895235	ID:27	[ATK-FAKE-RANK]  true_rank=512 fake_rank=1092 t=11720s
2870929967	ID:17	[HFS] ra=74 si=49 cx=49 ac=82
2870934072	ID:17	[LIST] Neighbors: 21,27,3,31
2870937708	ID:17	[LIST] Quarantine: (none)
2870941205	ID:17	[LIST] Blacklist: (none)
2870948852	ID:17	FUZZRID,DET,27,1092,512,580,0,100,100,26,0,0,0,82,75
2871019672	ID:21	[HFS] ra=74 si=49 cx=49 ac=82
2871023630	ID:21	[LIST] Neighbors: 4,27,3,17
2871027267	ID:21	[LIST] Quarantine: (none)
2871028483	ID:4	[HFS] ra=74 si=49 cx=49 ac=82
2871028652	ID:1	[HFS] ra=74 si=49 cx=49 ac=82
2871030764	ID:21	[LIST] Blacklist: (none)
2871032321	ID:4	[LIST] Neighbors: 21,19,27
2871033716	ID:1	[LIST] Neighbors: 2,21,28,4,19,27,3
2871035958	ID:4	[LIST] Quarantine: (none)
2871037353	ID:1	[LIST] Quarantine: (none)
2871038410	ID:21	FUZZRID,DET,27,1092,512,580,0,100,100,10,0,0,0,82,75
2871039454	ID:4	[LIST] Blacklist: (none)
2871040850	ID:1	[LIST] Blacklist: (none)
2871041194	ID:2	[HFS] ra=74 si=49 cx=49 ac=82
2871046990	ID:2	[LIST] Neighbors: 28,19,27,13,10,3,20,23
2871047101	ID:4	FUZZRID,DET,27,1092,512,580,0,100,100,20,0,0,0,82,75
2871048496	ID:1	FUZZRID,DET,27,1092,512,580,0,100,100,72,0,0,0,82,75
2871050627	ID:2	[LIST] Quarantine: (none)
2871054145	ID:2	[LIST] Blacklist: (none)
2871061678	ID:2	FUZZRID,DET,27,1092,512,580,0,100,100,4,0,3,0,82,75
2872992191	ID:19	[HFS] ra=0 si=0 cx=49 ac=0
2872996974	ID:19	[LIST] Neighbors: 2,28,27,4,13,10
2873000611	ID:19	[LIST] Quarantine: (none)
2873004108	ID:19	[LIST] Blacklist: (none)
2873010063	ID:19	FUZZRID,DET,2,512,512,0,0,0,0,0,0,3,0,0,0
2873270427	ID:20	[HFS] ra=0 si=0 cx=49 ac=0
2873275783	ID:20	[LIST] Neighbors: 2,10,25,14,28,23,24
2873279420	ID:20	[LIST] Quarantine: (none)
2873282925	ID:20	[LIST] Blacklist: (none)
2873289016	ID:20	FUZZRID,DET,10,844,844,0,0,0,0,0,0,1,0,0,0
2874712029	ID:3	[HFS] ra=0 si=0 cx=49 ac=0
2874716986	ID:3	[LIST] Neighbors: 2,23,17,31,27,21
2874720623	ID:3	[LIST] Quarantine: (none)
2874724120	ID:3	[LIST] Blacklist: (none)
2874730212	ID:3	FUZZRID,DET,17,825,825,0,0,0,0,0,0,1,0,0,0
2876416208	ID:13	[HFS] ra=0 si=0 cx=49 ac=0
2876416809	ID:2	[HFS] ra=0 si=0 cx=49 ac=0
2876420995	ID:13	[LIST] Neighbors: 2,28,19,10,7,25
2876422605	ID:2	[LIST] Neighbors: 28,19,27,13,10,3,20,23
2876424632	ID:13	[LIST] Quarantine: (none)
2876426242	ID:2	[LIST] Quarantine: (none)
2876428130	ID:13	[LIST] Blacklist: (none)
2876429738	ID:2	[LIST] Blacklist: (none)
2876434222	ID:13	FUZZRID,DET,10,844,844,0,0,0,0,0,0,4,0,0,0
2876435844	ID:2	FUZZRID,DET,10,844,844,0,0,0,0,0,0,9,0,0,0
2876480469	ID:7	[HFS] ra=0 si=0 cx=49 ac=0
2876485266	ID:7	[LIST] Neighbors: 28,13,10,25,5,8
2876488902	ID:7	[LIST] Quarantine: (none)
2876492409	ID:7	[LIST] Blacklist: (none)
2876498501	ID:7	FUZZRID,DET,10,844,844,0,0,0,0,0,0,2,0,0,0
2876522644	ID:20	[HFS] ra=0 si=0 cx=49 ac=0
2876528000	ID:20	[LIST] Neighbors: 2,10,25,14,28,23,24
2876531666	ID:20	[LIST] Quarantine: (none)
2876535163	ID:20	[LIST] Blacklist: (none)
2876541289	ID:20	FUZZRID,DET,10,844,844,0,0,0,0,0,0,0,0,0,0
2880160615	ID:5	 368643 P 0.0 47 1355610 93012524 310035 788152 0 652847 25536 1940498 5580 14711 0 12015 (radio 1.-75% / 1.03% tx 0.32% / 0.28% listen 0.38% / 0.74%)
2880270891	ID:12	 368643 P 0.0 47 1724217 92639789 379026 838210 0 659312 24335 1941727 2018 14356 0 13535 (radio 1.-63% / 0.83% tx 0.40% / 0.10% listen 0.43% / 0.73%)
2880301131	ID:4	 368643 P 0.0 47 1278818 93088677 193611 767635 0 672060 19191 1946816 0 13062 0 13052 (radio 1.-90% / 0.66% tx 0.20% / 0.00% listen 0.35% / 0.66%)
2880360384	ID:3	 368643 P 0.0 47 2152518 92215054 564803 954326 0 690706 33106 1932916 3947 15791 0 13475 (radio 1.-76% / 1.00% tx 0.14% / 0.20% listen 1.-90% / 0.80%)
2880418557	ID:21	 368643 P 0.0 47 1730804 92634723 311355 900296 0 685521 24412 1941595 162 13444 0 12626 (radio 1.-63% / 0.69% tx 0.32% / 0.00% listen 0.04% / 0.68%)
2880462383	ID:16	 368643 P 0.0 47 1760078 92607883 491322 869582 0 641927 18537 1947538 0 12602 0 12602 (radio 1.-93% / 0.64% tx 0.06% / 0.00% listen 0.01% / 0.64%)
2880515473	ID:9	 368643 P 0.0 47 2616374 91751105 743274 1144775 0 795091 40939 1925112 8467 19037 0 14714 (radio 2.-182% / 1.39% tx 0.33% / 0.43% listen 1.-70% / 0.96%)
2880595682	ID:1	 368645 P 0.0 47 4006433 90361091 1511641 92856522 0 0 26378 1939689 0 1966079 0 0 (radio 8.-768% / 100.-8739% tx 1.-77% / 0.00% listen 7.-691% / 100.-8739%)
2880632097	ID:7	 368643 P 0.0 47 2839338 91527618 983383 1101641 0 647089 36439 1929582 5725 16466 0 13139 (radio 2.-162% / 1.12% tx 1.-87% / 0.29% listen 1.-75% / 0.83%)
2880658964	ID:6	 368643 P 0.0 47 2079164 92289807 481389 913985 0 716405 37382 1928651 8426 16194 0 13415 (radio 1.-89% / 1.25% tx 0.05% / 0.42% listen 0.05% / 0.82%)
2880671078	ID:20	 368643 P 0.0 47 3621919 90744978 1270614 1346021 0 700632 35599 1930090 3020 16438 0 13986 (radio 2.-196% / 0.98% tx 1.-57% / 0.15% listen 1.-94% / 0.83%)
2880692303	ID:2	 368643 P 0.0 47 3382825 90982706 789380 1341918 0 780314 49857 1916191 7090 18304 0 13160 (radio 2.-157% / 1.29% tx 0.38% / 0.36% listen 1.-95% / 0.93%)
2880702282	ID:22	 368643 P 0.0 47 2284945 92082096 535822 1018973 0 765674 35450 1930606 5231 15569 0 12888 (radio 1.-72% / 1.05% tx 0.11% / 0.26% listen 1.-84% / 0.79%)
2880778104	ID:15	 368643 P 0.0 47 2808044 91559061 804749 1124867 0 748890 55976 1909921 15209 20723 0 12668 (radio 2.-178% / 1.82% tx 0.39% / 0.77% listen 1.-72% / 1.05%)
2880894093	ID:19	 368643 P 0.0 47 1819103 92549706 219763 934656 0 778884 32813 1933133 1772 15540 0 13083 (radio 1.-69% / 0.88% tx 0.23% / 0.09% listen 0.08% / 0.79%)
2880939376	ID:13	 368643 P 0.0 47 2096563 92271438 521126 948068 0 714185 24767 1941294 0 14190 0 14174 (radio 1.-81% / 0.72% tx 0.09% / 0.00% listen 1.-91% / 0.72%)
2880956707	ID:17	 368643 P 0.0 47 1487958 92877793 327768 828712 0 679950 23034 1942638 2641 13750 0 12803 (radio 1.-69% / 0.83% tx 0.34% / 0.13% listen 0.42% / 0.69%)
2880993008	ID:11	 368643 P 0.0 47 1374360 92993895 312500 764427 0 627251 17456 1948620 0 12755 0 12578 (radio 1.-77% / 0.64% tx 0.33% / 0.00% listen 0.35% / 0.64%)
2881025486	ID:18	 368643 P 0.0 47 1557019 92810800 358787 801159 0 648299 18111 1947557 0 11906 0 11906 (radio 1.-69% / 0.60% tx 0.38% / 0.00% listen 0.39% / 0.60%)
2881064174	ID:10	 368643 P 0.0 47 2329365 92038576 538679 1142987 0 888454 62401 1903471 21981 22802 0 13291 (radio 1.-59% / 2.27% tx 0.11% / 1.11% listen 1.-70% / 1.15%)
2881092136	ID:8	 368643 P 0.0 47 1657355 92711385 372052 826875 0 655103 24574 1941456 3068 13655 0 12482 (radio 1.-64% / 0.85% tx 0.39% / 0.15% listen 0.42% / 0.69%)
2881115394	ID:14	 368643 P 0.0 47 2648586 91720133 703792 1151063 0 785109 42845 1923227 9306 17794 0 13637 (radio 1.-86% / 1.37% tx 0.29% / 0.47% listen 1.-70% / 0.90%)
2889503508	ID:15	[HFS] ra=0 si=0 cx=49 ac=0
2889509150	ID:15	[LIST] Neighbors: 9,14,29,24,12,11,6,30
2889512787	ID:15	[LIST] Quarantine: (none)
2889516283	ID:15	[LIST] Blacklist: (none)
2889522739	ID:15	FUZZRID,DET,11,1741,1741,0,0,0,0,0,0,4,0,0,0
2890083050	ID:30	[ATK-FAKE-RANK]  true_rank=1312 fake_rank=2206 t=11720s
2890191735	ID:8	[HFS] ra=74 si=49 cx=49 ac=82
2890195680	ID:8	[LIST] Neighbors: 7,25,5,30
2890199317	ID:8	[LIST] Quarantine: (none)
2890202814	ID:8	[LIST] Blacklist: (none)
2890210535	ID:8	FUZZRID,DET,30,2206,1312,894,0,100,100,5,0,0,0,82,75
2890629704	ID:15	[HFS] ra=0 si=0 cx=49 ac=0
2890635340	ID:15	[LIST] Neighbors: 9,14,29,24,12,11,6,30
2890638984	ID:15	[LIST] Quarantine: (none)
2890642480	ID:15	[LIST] Blacklist: (none)
2890648797	ID:15	FUZZRID,DET,9,1350,1350,0,0,0,0,0,0,5,0,0,0
2890932645	ID:23	[ATK-FAKE-RANK]  true_rank=851 fake_rank=1598 t=11720s
2892039841	ID:13	[HFS] ra=0 si=0 cx=49 ac=0
2892044624	ID:13	[LIST] Neighbors: 2,28,19,10,7,25
2892048261	ID:13	[LIST] Quarantine: (none)
2892051757	ID:13	[LIST] Blacklist: (none)
2892058102	ID:13	FUZZRID,DET,7,1129,1129,0,0,0,0,0,0,0,0,0,0
2894020364	ID:21	[HFS] ra=0 si=0 cx=49 ac=0
2894024294	ID:21	[LIST] Neighbors: 4,27,3,17
2894027931	ID:21	[LIST] Quarantine: (none)
2894031429	ID:21	[LIST] Blacklist: (none)
2894037383	ID:21	FUZZRID,DET,4,521,521,0,0,0,0,0,0,0,0,0,0
2895976195	ID:28	[ATK-FAKE-RANK]  true_rank=512 fake_rank=1112 t=11720s
2895998387	ID:1	[HFS] ra=74 si=49 cx=49 ac=82
2896003450	ID:1	[LIST] Neighbors: 2,21,28,4,19,27,3
2896007087	ID:1	[LIST] Quarantine: (none)
2896010584	ID:1	[LIST] Blacklist: (none)
2896018268	ID:1	FUZZRID,DET,28,1112,512,600,0,100,100,57,0,0,0,82,75
2896041097	ID:13	[HFS] ra=74 si=49 cx=49 ac=82
2896041633	ID:2	[HFS] ra=74 si=49 cx=49 ac=82
2896045880	ID:13	[LIST] Neighbors: 2,28,19,10,7,25
2896047429	ID:2	[LIST] Neighbors: 28,19,27,13,10,3,20,23
2896049517	ID:13	[LIST] Quarantine: (none)
2896051066	ID:2	[LIST] Quarantine: (none)
2896053014	ID:13	[LIST] Blacklist: (none)
2896054564	ID:2	[LIST] Blacklist: (none)
2896060662	ID:13	FUZZRID,DET,28,1112,512,600,0,100,100,57,0,0,0,82,75
2896062107	ID:2	FUZZRID,DET,28,1112,512,600,0,100,100,9,0,3,0,82,75
2896108856	ID:7	[HFS] ra=74 si=49 cx=49 ac=82
2896113653	ID:7	[LIST] Neighbors: 28,13,10,25,5,8
2896117290	ID:7	[LIST] Quarantine: (none)
2896120787	ID:7	[LIST] Blacklist: (none)
2896122273	ID:19	[HFS] ra=74 si=49 cx=49 ac=82
2896127057	ID:19	[LIST] Neighbors: 2,28,27,4,13,10
2896128296	ID:7	FUZZRID,DET,28,1112,512,600,0,100,100,5,0,1,0,82,75
2896130713	ID:19	[LIST] Quarantine: (none)
2896134210	ID:19	[LIST] Blacklist: (none)
2896141858	ID:19	FUZZRID,DET,28,1112,512,600,0,100,100,57,0,0,0,82,75
2896761741	ID:5	[HFS] ra=0 si=0 cx=49 ac=0
2896765245	ID:5	[LIST] Neighbors: 7,8,25
2896768881	ID:5	[LIST] Quarantine: (none)
2896772378	ID:5	[LIST] Blacklist: (none)
2896778693	ID:5	FUZZRID,DET,7,1129,1129,0,0,0,0,0,0,5,0,0,0
2896788563	ID:10	[HFS] ra=0 si=0 cx=49 ac=0
2896794199	ID:10	[LIST] Neighbors: 2,28,13,7,25,20,23,19
2896797836	ID:10	[LIST] Quarantine: (none)
2896801332	ID:10	[LIST] Blacklist: (none)
2896807648	ID:10	FUZZRID,DET,7,1129,1129,0,0,0,0,0,0,1,0,0,0
2898915637	ID:13	[HFS] ra=0 si=0 cx=49 ac=0
2898920436	ID:13	[LIST] Neighbors: 2,28,19,10,7,25
2898924073	ID:13	[LIST] Quarantine: (none)
2898927570	ID:13	[LIST] Blacklist: (none)
2898933664	ID:13	FUZZRID,DET,19,512,512,0,0,0,0,0,0,1,0,0,0
2901290856	ID:2	[HFS] ra=0 si=0 cx=49 ac=0
2901296686	ID:2	[LIST] Neighbors: 28,19,27,13,10,3,20,23
2901300322	ID:2	[LIST] Quarantine: (none)
2901303819	ID:2	[LIST] Blacklist: (none)
2901309910	ID:2	FUZZRID,DET,13,800,800,0,0,0,0,0,0,5,0,0,0
2905207667	ID:29	[ATK-FAKE-RANK]  true_rank=1625 fake_rank=2551 t=11720s
2905251008	ID:18	[HFS] ra=74 si=49 cx=49 ac=82
2905255279	ID:18	[LIST] Neighbors: 26,22,29,16
2905258915	ID:18	[LIST] Quarantine: (none)
2905262412	ID:18	[LIST] Blacklist: (none)
2905270240	ID:18	FUZZRID,DET,29,2551,1625,926,0,100,100,13,0,6,0,82,75
2911442913	ID:8	[HFS] ra=0 si=0 cx=49 ac=0
2911446844	ID:8	[LIST] Neighbors: 7,25,5,30
2911450481	ID:8	[LIST] Quarantine: (none)
2911453983	ID:8	[LIST] Blacklist: (none)
2911460299	ID:8	FUZZRID,DET,5,1387,1387,0,0,0,0,0,0,0,0,0,0
2919493922	ID:26	[ATK-FAKE-RANK]  true_rank=1716 fake_rank=1844 t=11720s
2919565216	ID:16	[HFS] ra=74 si=48 cx=49 ac=82
2919569453	ID:16	[LIST] Neighbors: 31,26,22,18
2919573090	ID:16	[LIST] Quarantine: (none)
2919576587	ID:16	[LIST] Blacklist: (none)
2919584235	ID:16	FUZZRID,DET,26,1844,1716,128,0,50,100,0,33,0,0,82,75
2921129772	ID:15	[HFS] ra=0 si=0 cx=49 ac=0
2921135408	ID:15	[LIST] Neighbors: 9,14,29,24,12,11,6,30
2921139045	ID:15	[LIST] Quarantine: (none)
2921142542	ID:15	[LIST] Blacklist: (none)
2921148995	ID:15	FUZZRID,DET,12,1632,1632,0,0,0,0,0,0,4,0,0,0
2926212293	ID:3	[HFS] ra=0 si=0 cx=49 ac=0
2926217222	ID:3	[LIST] Neighbors: 2,23,17,31,27,21
2926220859	ID:3	[LIST] Quarantine: (none)
2926224356	ID:3	[LIST] Blacklist: (none)
2926230478	ID:3	FUZZRID,DET,21,512,512,0,0,0,0,0,0,0,0,0,0
2937834023	ID:27	[ATK-FAKE-RANK]  true_rank=512 fake_rank=1112 t=11720s
2937934576	ID:17	[HFS] ra=74 si=49 cx=49 ac=82
2937938667	ID:17	[LIST] Neighbors: 21,27,3,31
2937942304	ID:17	[LIST] Quarantine: (none)
2937945801	ID:17	[LIST] Blacklist: (none)
2937953309	ID:17	FUZZRID,DET,27,1112,512,600,0,100,100,5,0,0,0,82,75
2940096413	ID:28	[ATK-FAKE-RANK]  true_rank=512 fake_rank=1132 t=11720s
2940160613	ID:5	 376323 P 0.0 48 1382237 94951891 315227 803945 0 665871 26626 1939367 5192 15793 0 13024 (radio 1.-73% / 1.06% tx 0.32% / 0.26% listen 0.38% / 0.80%)
2940164442	ID:13	[HFS] ra=74 si=49 cx=49 ac=82
2940169259	ID:13	[LIST] Neighbors: 2,28,19,10,7,25
2940172896	ID:13	[LIST] Quarantine: (none)
2940176403	ID:13	[LIST] Blacklist: (none)
2940183935	ID:13	FUZZRID,DET,28,1132,512,620,0,100,100,5,0,0,0,82,75
2940270902	ID:12	 376323 P 0.0 48 1759308 94570759 388601 855569 0 672301 35090 1930970 9575 17359 0 12989 (radio 1.-61% / 1.36% tx 0.40% / 0.48% listen 0.44% / 0.88%)
2940301989	ID:4	 376323 P 0.0 48 1307115 95026398 198678 784111 0 685270 28295 1937721 5067 16476 0 13210 (radio 1.-88% / 1.09% tx 0.20% / 0.25% listen 0.36% / 0.83%)
2940360397	ID:3	 376323 P 0.0 48 2182130 94151438 567222 970097 0 705007 29611 1936384 2419 15771 0 14301 (radio 1.-75% / 0.92% tx 0.14% / 0.12% listen 1.-89% / 0.80%)
2940419141	ID:21	 376323 P 0.0 48 1774348 94557205 321649 919829 0 698495 43542 1922482 10294 19533 0 12974 (radio 1.-61% / 1.51% tx 0.33% / 0.52% listen 0.06% / 0.99%)
2940463533	ID:16	 376323 P 0.0 48 1796981 94537056 502408 887359 0 654559 36901 1929173 11086 17777 0 12632 (radio 1.-90% / 1.46% tx 0.07% / 0.56% listen 0.02% / 0.90%)
2940515558	ID:9	 376323 P 0.0 48 2661133 93672401 755310 1163978 0 809025 44757 1921296 12036 19203 0 13934 (radio 1.-80% / 1.58% tx 0.33% / 0.61% listen 1.-69% / 0.97%)
2940596786	ID:1	 376325 P 0.0 48 4068825 92264759 1533473 94800759 0 0 62390 1903668 21832 1944235 0 0 (radio 10.-987% / 100.-8739% tx 1.-75% / 1.11% listen 9.-868% / 98.-8650%)
2940632663	ID:7	 376323 P 0.0 48 2893228 93439740 1000421 1121862 0 659664 53889 1912122 17038 20221 0 12575 (radio 2.-159% / 1.89% tx 1.-86% / 0.86% listen 1.-73% / 1.02%)
2940658098	ID:6	 376323 P 0.0 48 2102647 94232327 481389 927273 0 729693 23482 1942520 0 13288 0 13288 (radio 1.-88% / 0.67% tx 0.05% / 0.00% listen 0.07% / 0.67%)
2940671360	ID:20	 376323 P 0.0 48 3671154 92661475 1284334 1365967 0 713517 49234 1916497 13720 19946 0 12885 (radio 2.-193% / 1.71% tx 1.-56% / 0.69% listen 1.-92% / 1.01%)
2940692580	ID:2	 376323 P 0.0 48 3438938 92892605 801151 1363668 0 794609 56112 1909899 11771 21750 0 14295 (radio 2.-199% / 1.70% tx 0.38% / 0.59% listen 1.-93% / 1.10%)
2940701438	ID:22	 376323 P 0.0 48 2310487 94022617 535822 1033614 0 780315 25541 1940521 0 14641 0 14641 (radio 1.-71% / 0.74% tx 0.11% / 0.00% listen 1.-82% / 0.74%)
2940778104	ID:15	 376323 P 0.0 48 2858028 93475044 816579 1145367 0 762462 49983 1915983 11830 20500 0 13572 (radio 2.-175% / 1.64% tx 0.40% / 0.60% listen 1.-71% / 1.04%)
2940894139	ID:19	 376323 P 0.0 48 1862771 94472013 227007 953331 0 792557 43666 1922307 7244 18675 0 13673 (radio 1.-67% / 1.31% tx 0.23% / 0.36% listen 0.09% / 0.94%)
2940940270	ID:13	 376323 P 0.0 48 2136463 94197604 526959 965909 0 727863 39898 1926166 5833 17841 0 13678 (radio 1.-79% / 1.20% tx 0.10% / 0.29% listen 1.-89% / 0.90%)
2940956682	ID:17	 376323 P 0.0 48 1514413 94817007 332247 844212 0 692834 26454 1939214 4479 15500 0 12884 (radio 1.-68% / 1.01% tx 0.34% / 0.22% listen 0.43% / 0.78%)
2941026342	ID:18	 376323 P 0.0 48 1582274 94751305 362288 815927 0 660885 25253 1940505 3501 14768 0 12586 (radio 1.-67% / 0.92% tx 0.37% / 0.17% listen 0.40% / 0.75%)
2941026789	ID:11	 376327 P 0.0 48 1397039 94938367 316229 779075 0 640058 22677 1944472 3729 14648 0 12807 (radio 1.-76% / 0.93% tx 0.32% / 0.18% listen 0.36% / 0.74%)
2941063864	ID:10	 376323 P 0.0 48 2366333 93967518 544078 1163098 0 905665 36967 1928942 5399 20111 0 17211 (radio 1.-57% / 1.29% tx 0.11% / 0.27% listen 1.-69% / 1.02%)
2941092122	ID:8	 376323 P 0.0 48 1683731 94651058 374291 841240 0 667264 26375 1939673 2239 14365 0 12161 (radio 1.-63% / 0.84% tx 0.38% / 0.11% listen 0.42% / 0.73%)
2941115357	ID:14	 376323 P 0.0 48 2682022 93652772 707991 1168267 0 799742 33435 1932639 4199 17204 0 14633 (radio 1.-84% / 1.08% tx 0.28% / 0.21% listen 1.-68% / 0.87%)
2945386793	ID:5	[HFS] ra=0 si=0 cx=49 ac=0
2945390297	ID:5	[LIST] Neighbors: 7,8,25
2945393934	ID:5	[LIST] Quarantine: (none)
2945397431	ID:5	[LIST] Blacklist: (none)
2945403748	ID:5	FUZZRID,DET,8,1328,1328,0,0,0,0,0,0,0,0,0,0
2948393063	ID:25	[ATK-FAKE-RANK]  true_rank=1131 fake_rank=2016 t=11720s
2948522514	ID:20	[HFS] ra=74 si=49 cx=49 ac=82
2948527871	ID:20	[LIST] Neighbors: 2,10,25,14,28,23,24
2948531526	ID:20	[LIST] Quarantine: (none)
2948535023	ID:20	[LIST] Blacklist: (none)
2948542883	ID:20	FUZZRID,DET,25,2016,1131,885,0,100,100,34,0,1,0,82,75
2951095774	ID:11	[HFS] ra=0 si=0 cx=49 ac=0
2951099448	ID:11	[LIST] Neighbors: 6,15,12
2951103085	ID:11	[LIST] Quarantine: (none)
2951106582	ID:11	[LIST] Blacklist: (none)
2951112897	ID:11	FUZZRID,DET,6,1455,1455,0,0,0,0,0,0,4,0,0,0
2951122475	ID:12	[HFS] ra=0 si=0 cx=49 ac=0
2951126832	ID:12	[LIST] Neighbors: 9,29,15,11,6
2951127090	ID:15	[HFS] ra=0 si=0 cx=49 ac=0
2951130469	ID:12	[LIST] Quarantine: (none)
2951132751	ID:15	[LIST] Neighbors: 9,14,29,24,12,11,6,30
2951133997	ID:12	[LIST] Blacklist: (none)
2951136388	ID:15	[LIST] Quarantine: (none)
2951139885	ID:15	[LIST] Blacklist: (none)
2951140312	ID:12	FUZZRID,DET,6,1455,1455,0,0,0,0,0,0,1,0,0,0
2951146199	ID:15	FUZZRID,DET,6,1455,1455,0,0,0,0,0,0,2,0,0,0
2953916775	ID:10	[HFS] ra=0 si=0 cx=49 ac=0
2953922411	ID:10	[LIST] Neighbors: 2,28,13,7,25,20,23,19
2953926049	ID:10	[LIST] Quarantine: (none)
2953929545	ID:10	[LIST] Blacklist: (none)
2953935501	ID:10	FUZZRID,DET,2,512,512,0,0,0,0,0,0,4,0,0,0
2955842797	ID:11	[HFS] ra=0 si=0 cx=49 ac=0
2955846481	ID:11	[LIST] Neighbors: 6,15,12
2955850118	ID:11	[LIST] Quarantine: (none)
2955853615	ID:11	[LIST] Blacklist: (none)
2955859930	ID:11	FUZZRID,DET,6,1455,1455,0,0,0,0,0,0,4,0,0,0
2964734123	ID:7	[HFS] ra=0 si=0 cx=49 ac=0
2964738919	ID:7	[LIST] Neighbors: 28,13,10,25,5,8
2964742556	ID:7	[LIST] Quarantine: (none)
2964746053	ID:7	[LIST] Blacklist: (none)
2964752179	ID:7	FUZZRID,DET,10,822,822,0,0,0,0,0,0,2,0,0,0
2975481991	ID:30	[ATK-FAKE-RANK]  true_rank=1312 fake_rank=2226 t=11720s
2975554031	ID:22	[HFS] ra=0 si=0 cx=49 ac=0
2975559401	ID:22	[LIST] Neighbors: 24,16,9,29,31,26,18
2975563062	ID:22	[LIST] Quarantine: (none)
2975566559	ID:22	[LIST] Blacklist: (none)
2975573012	ID:22	FUZZRID,DET,18,2043,2043,0,0,0,0,0,0,0,0,0,0
2975591381	ID:14	[HFS] ra=74 si=49 cx=49 ac=82
2975596605	ID:14	[LIST] Neighbors: 20,25,30,24,9,6,15
2975600242	ID:14	[LIST] Quarantine: (none)
2975603739	ID:14	[LIST] Blacklist: (none)
2975611568	ID:14	FUZZRID,DET,30,2226,1312,914,0,100,100,50,0,0,0,82,75
2979651191	ID:26	[ATK-FAKE-RANK]  true_rank=1701 fake_rank=1864 t=11720s
2979679059	ID:22	[HFS] ra=74 si=49 cx=49 ac=82
2979684429	ID:22	[LIST] Neighbors: 24,16,9,29,31,26,18
2979688066	ID:22	[LIST] Quarantine: (none)
2979691563	ID:22	[LIST] Blacklist: (none)
2979699212	ID:22	FUZZRID,DET,26,1864,1701,163,0,63,100,9,33,0,0,82,75
2995301244	ID:22	[HFS] ra=0 si=0 cx=49 ac=0
2995306614	ID:22	[LIST] Neighbors: 24,16,9,29,31,26,18
2995310251	ID:22	[LIST] Quarantine: (none)
2995313761	ID:22	[LIST] Blacklist: (none)
2995320215	ID:22	FUZZRID,DET,16,1771,1771,0,0,0,0,0,0,5,0,0,0
2995883997	ID:6	[HFS] ra=0 si=0 cx=49 ac=0
2995888940	ID:6	[LIST] Neighbors: 14,30,9,15,12,11
2995892577	ID:6	[LIST] Quarantine: (none)
2995896073	ID:6	[LIST] Blacklist: (none)
2995902535	ID:6	FUZZRID,DET,12,1630,1630,0,0,0,0,0,0,4,0,0,0
2997815266	ID:31	[ATK-FAKE-RANK]  true_rank=1103 fake_rank=1549 t=11720s
2998791631	ID:2	[HFS] ra=0 si=0 cx=49 ac=0
2998797426	ID:2	[LIST] Neighbors: 28,19,27,13,10,3,20,23
2998801063	ID:2	[LIST] Quarantine: (none)
2998804565	ID:2	[LIST] Blacklist: (none)
2998810521	ID:2	FUZZRID,DET,3,780,780,0,0,0,0,0,0,1,0,0,0
3000160335	ID:5	 384003 P 0.0 49 1401224 96898908 315966 817133 0 678485 18986 1947017 739 13188 0 12614 (radio 1.-73% / 0.70% tx 0.32% / 0.03% listen 0.39% / 0.67%)
3000270851	ID:12	 384003 P 0.0 49 1782722 96513408 389975 869013 0 685029 23413 1942649 1374 13444 0 12728 (radio 1.-60% / 0.75% tx 0.39% / 0.06% listen 0.01% / 0.68%)
3000301138	ID:4	 384003 P 0.0 49 1325221 96974349 198678 795997 0 697156 18105 1947951 0 11886 0 11886 (radio 1.-87% / 0.60% tx 0.20% / 0.00% listen 0.37% / 0.60%)
3000360387	ID:3	 384003 P 0.0 49 2214367 96085246 572279 985163 0 717726 32235 1933808 5057 15066 0 12719 (radio 1.-73% / 1.02% tx 0.14% / 0.25% listen 1.-88% / 0.76%)
3000418833	ID:21	 384003 P 0.0 49 1800290 96497320 323539 933368 0 710699 25941 1940115 1890 13539 0 12204 (radio 1.-60% / 0.78% tx 0.32% / 0.09% listen 0.07% / 0.68%)
3000463233	ID:16	 384003 P 0.0 49 1822891 96477216 506650 901460 0 666385 25909 1940160 4242 14101 0 11826 (radio 1.-88% / 0.93% tx 0.07% / 0.21% listen 0.04% / 0.71%)
3000515284	ID:9	 384003 P 0.0 49 2696550 95602993 761419 1179929 0 822218 35415 1930592 6109 15951 0 13193 (radio 1.-78% / 1.12% tx 0.33% / 0.31% listen 1.-68% / 0.81%)
3000596378	ID:1	 384005 P 0.0 49 4093564 94206090 1533473 96766839 0 0 24737 1941331 0 1966078 0 0 (radio 12.-1162% / 100.-8739% tx 1.-76% / 0.00% listen 11.-1087% / 100.-8739%)
3000632343	ID:7	 384003 P 0.0 49 2927640 95371387 1006083 1137277 0 672017 34411 1931647 5662 15415 0 12353 (radio 2.-157% / 1.07% tx 1.-86% / 0.28% listen 1.-72% / 0.78%)
3000659233	ID:6	 384003 P 0.0 49 2144129 96156857 491604 944151 0 742670 41480 1924530 10215 16878 0 12977 (radio 1.-86% / 1.37% tx 0.06% / 0.51% listen 0.08% / 0.85%)
3000671248	ID:20	 384003 P 0.0 49 3708679 94589930 1289676 1382716 0 726972 37524 1928455 5342 16749 0 13455 (radio 2.-191% / 1.12% tx 1.-100% / 0.27% listen 1.-91% / 0.85%)
3000692578	ID:2	 384003 P 0.0 49 3490141 94807469 812091 1381507 0 807070 51201 1914864 10940 17839 0 12461 (radio 2.-196% / 1.46% tx 0.38% / 0.55% listen 1.-91% / 0.90%)
3000702300	ID:22	 384003 P 0.0 49 2352799 95946373 542684 1050775 0 792914 42310 1923756 6862 17161 0 12599 (radio 1.-69% / 1.22% tx 0.11% / 0.34% listen 1.-81% / 0.87%)
3000777829	ID:15	 384003 P 0.0 49 2897052 95402098 823813 1161586 0 775386 39022 1927054 7234 16219 0 12924 (radio 2.-173% / 1.19% tx 0.40% / 0.36% listen 1.-70% / 0.82%)
3000893562	ID:19	 384003 P 0.0 49 1888713 96411985 227088 966958 0 805895 25941 1939972 81 13627 0 13338 (radio 1.-66% / 0.69% tx 0.23% / 0.00% listen 0.10% / 0.69%)
3000928784	ID:24	[ATK-FAKE-RANK]  true_rank=1107 fake_rank=1716 t=11720s
3000940078	ID:13	 384003 P 0.0 49 2163550 96136561 528569 980031 0 740777 27086 1938957 1610 14122 0 12914 (radio 1.-78% / 0.80% tx 0.10% / 0.08% listen 0.12% / 0.71%)
3000956697	ID:17	 384003 P 0.0 49 1538143 96759084 335466 857978 0 704770 23728 1942077 3219 13766 0 11936 (radio 1.-66% / 0.86% tx 0.34% / 0.16% listen 0.43% / 0.70%)
3000992954	ID:9	[HFS] ra=74 si=49 cx=49 ac=82
3000993855	ID:11	 384003 P 0.0 49 1422403 96877999 320165 793664 0 652246 25363 1939632 3936 14589 0 12188 (radio 1.-75% / 0.94% tx 0.32% / 0.20% listen 0.37% / 0.74%)
3000998324	ID:9	[LIST] Neighbors: 14,24,6,12,29,15,22
3001001961	ID:9	[LIST] Quarantine: (none)
3001005458	ID:9	[LIST] Blacklist: (none)
3001013319	ID:9	FUZZRID,DET,24,1716,1107,609,0,100,100,15,0,0,0,82,75
3001026341	ID:18	 384003 P 0.0 49 1607819 96691433 366604 830120 0 672896 25543 1940128 4316 14193 0 12011 (radio 1.-66% / 0.94% tx 0.37% / 0.21% listen 0.40% / 0.72%)
3001064182	ID:10	 384003 P 0.0 49 2414913 95884931 556662 1181952 0 918063 48578 1917413 12584 18854 0 12398 (radio 1.-98% / 1.59% tx 0.12% / 0.64% listen 1.-68% / 0.95%)
3001091838	ID:8	 384003 P 0.0 49 1705246 96595606 375139 853841 0 679536 21513 1944548 848 12601 0 12272 (radio 1.-63% / 0.68% tx 0.38% / 0.04% listen 0.43% / 0.64%)
3001115345	ID:14	 384003 P 0.0 49 2716702 95584164 711480 1184964 0 813603 34678 1931392 3489 16697 0 13861 (radio 1.-82% / 1.02% tx 0.28% / 0.17% listen 1.-67% / 0.84%)
3016738224	ID:9	[HFS] ra=0 si=0 cx=49 ac=0
3016743593	ID:9	[LIST] Neighbors: 14,24,6,12,29,15,22
3016747230	ID:9	[LIST] Quarantine: (none)
3016750727	ID:9	[LIST] Blacklist: (none)
3016757180	ID:9	FUZZRID,DET,14,1041,1041,0,0,0,0,0,0,7,0,0,0
3016757215	ID:15	[HFS] ra=0 si=0 cx=49 ac=0
3016759642	ID:6	[HFS] ra=0 si=0 cx=49 ac=0
3016762872	ID:15	[LIST] Neighbors: 9,14,29,24,12,11,6,30
3016764616	ID:6	[LIST] Neighbors: 14,30,9,15,12,11
3016766509	ID:15	[LIST] Quarantine: (none)
3016768252	ID:6	[LIST] Quarantine: (none)
3016770005	ID:15	[LIST] Blacklist: (none)
3016771749	ID:6	[LIST] Blacklist: (none)
3016773105	ID:20	[HFS] ra=0 si=0 cx=49 ac=0
3016776597	ID:15	FUZZRID,DET,14,1041,1041,0,0,0,0,0,0,13,0,0,0
3016778374	ID:6	FUZZRID,DET,14,1041,1041,0,0,0,0,0,0,12,0,0,0
3016778461	ID:20	[LIST] Neighbors: 2,10,25,14,28,23,24
3016782097	ID:20	[LIST] Quarantine: (none)
3016785594	ID:20	[LIST] Blacklist: (none)
3016792081	ID:20	FUZZRID,DET,14,1041,1041,0,0,0,0,0,0,7,0,0,0
3021871763	ID:12	[HFS] ra=0 si=0 cx=49 ac=0
3021876120	ID:12	[LIST] Neighbors: 9,29,15,11,6
3021879757	ID:12	[LIST] Quarantine: (none)
3021883253	ID:12	[LIST] Blacklist: (none)
3021889717	ID:12	FUZZRID,DET,11,1727,1727,0,0,0,0,0,0,0,0,0,0
3023876716	ID:28	[ATK-FAKE-RANK]  true_rank=512 fake_rank=1152 t=11720s
3025243882	ID:19	[HFS] ra=0 si=0 cx=49 ac=0
3025248666	ID:19	[LIST] Neighbors: 2,28,27,4,13,10
3025252303	ID:19	[LIST] Quarantine: (none)
3025255800	ID:19	[LIST] Blacklist: (none)
3025261754	ID:19	FUZZRID,DET,4,518,518,0,0,0,0,0,0,0,0,0,0
3028576033	ID:27	[ATK-FAKE-RANK]  true_rank=512 fake_rank=1132 t=11720s
3028651961	ID:4	[HFS] ra=74 si=49 cx=49 ac=82
3028655782	ID:4	[LIST] Neighbors: 21,19,27
3028659419	ID:4	[LIST] Quarantine: (none)
3028662916	ID:4	[LIST] Blacklist: (none)
3028670599	ID:4	FUZZRID,DET,27,1132,512,620,0,100,100,10,0,0,0,82,75
3043448514	ID:25	[ATK-FAKE-RANK]  true_rank=1124 fake_rank=2036 t=11720s
3043569748	ID:8	[HFS] ra=74 si=49 cx=49 ac=82
3043573679	ID:8	[LIST] Neighbors: 7,25,5,30
3043577316	ID:8	[LIST] Quarantine: (none)
3043580813	ID:8	[LIST] Blacklist: (none)
3043588501	ID:8	FUZZRID,DET,25,2036,1124,912,0,100,100,3,0,0,0,82,75
3059056596	ID:17	[HFS] ra=0 si=0 cx=49 ac=0
3059060687	ID:17	[LIST] Neighbors: 21,27,3,31
3059064324	ID:17	[LIST] Quarantine: (none)
3059067821	ID:17	[LIST] Blacklist: (none)
3059073776	ID:17	FUZZRID,DET,3,780,780,0,0,0,0,0,0,0,0,0,0
3060159772	ID:5	 391683 P 0.0 50 1417667 98848543 315966 830475 0 691827 16442 1949635 0 13342 0 13342 (radio 1.-72% / 0.67% tx 0.31% / 0.00% listen 0.39% / 0.67%)
3060270863	ID:12	 391683 P 0.0 50 1818437 98443720 398724 885837 0 697029 35714 1930312 8749 16824 0 12000 (radio 1.-58% / 1.30% tx 0.39% / 0.44% listen 0.02% / 0.85%)
3060302274	ID:4	 391683 P 0.0 50 1363273 98902349 210065 813911 0 709228 38050 1928000 11387 17914 0 12072 (radio 1.-84% / 1.49% tx 0.20% / 0.57% listen 0.38% / 0.91%)
3060360494	ID:3	 391683 P 0.0 50 2248230 98017447 578595 1001204 0 730855 33861 1932201 6316 16041 0 13129 (radio 1.-71% / 1.13% tx 0.14% / 0.32% listen 0.14% / 0.81%)
3060418574	ID:21	 391683 P 0.0 50 1823538 98440127 323961 947199 0 724311 23246 1942807 422 13831 0 13612 (radio 1.-59% / 0.72% tx 0.32% / 0.02% listen 0.08% / 0.70%)
3060462387	ID:16	 391683 P 0.0 50 1841384 98424800 506650 913511 0 678436 18492 1947584 0 12051 0 12051 (radio 1.-87% / 0.61% tx 0.07% / 0.00% listen 0.05% / 0.61%)
3060515266	ID:9	 391683 P 0.0 50 2730878 97534666 765199 1196804 0 836614 34326 1931673 3780 16875 0 14396 (radio 1.-76% / 1.05% tx 0.33% / 0.19% listen 1.-67% / 0.85%)
3060567500	ID:8	[HFS] ra=0 si=0 cx=49 ac=0
3060571464	ID:8	[LIST] Neighbors: 7,25,5,30
3060575101	ID:8	[LIST] Quarantine: (none)
3060578598	ID:8	[LIST] Blacklist: (none)
3060584913	ID:8	FUZZRID,DET,5,1385,1385,0,0,0,0,0,0,0,0,0,0
3060596372	ID:1	 391685 P 0.0 50 4118188 96147527 1533473 98732919 0 0 24622 1941437 0 1966079 0 0 (radio 14.-1381% / 100.-8739% tx 1.-76% / 0.00% listen 12.-1163% / 100.-8739%)
3060632688	ID:7	 391683 P 0.0 50 2967129 97297959 1016456 1154103 0 684768 39487 1926572 10373 16826 0 12751 (radio 2.-198% / 1.38% tx 1.-85% / 0.52% listen 1.-71% / 0.85%)
3060658997	ID:6	 391683 P 0.0 50 2185539 98081424 501597 962464 0 755920 41409 1924567 9993 18313 0 13250 (radio 1.-83% / 1.43% tx 0.07% / 0.50% listen 0.10% / 0.93%)
3060671268	ID:20	 391683 P 0.0 50 3750190 96514485 1296987 1401210 0 741521 41510 1924555 7311 18494 0 14549 (radio 2.-188% / 1.31% tx 1.-100% / 0.37% listen 1.-89% / 0.94%)
3060692270	ID:2	 391683 P 0.0 50 3526883 96736792 814025 1397926 0 821390 36741 1929323 1934 16419 0 14320 (radio 2.-194% / 0.93% tx 0.38% / 0.09% listen 1.-90% / 0.83%)
3060702294	ID:22	 391683 P 0.0 50 2390813 97874426 550470 1066162 0 804877 38012 1928053 7786 15387 0 11963 (radio 1.-68% / 1.17% tx 0.12% / 0.39% listen 1.-80% / 0.78%)
3060777667	ID:15	 391683 P 0.0 50 2930596 97334575 827524 1177420 0 789058 33542 1932477 3711 15834 0 13672 (radio 1.-72% / 0.99% tx 0.39% / 0.18% listen 1.-69% / 0.80%)
3060894140	ID:19	 391683 P 0.0 50 1926354 98340265 233451 983807 0 819471 37639 1928280 6363 16849 0 13576 (radio 1.-65% / 1.18% tx 0.23% / 0.32% listen 0.12% / 0.85%)
3060939251	ID:13	 391683 P 0.0 50 2187086 98079053 528569 994493 0 755239 23534 1942492 0 14462 0 14462 (radio 1.-77% / 0.73% tx 0.09% / 0.00% listen 0.13% / 0.73%)
3060956688	ID:17	 391683 P 0.0 50 1559823 98703072 337053 871332 0 717592 21678 1943988 1587 13354 0 12822 (radio 1.-66% / 0.76% tx 0.33% / 0.08% listen 0.01% / 0.67%)
3060993868	ID:11	 391683 P 0.0 50 1443171 98823259 322237 807505 0 664770 20767 1945260 2072 13841 0 12524 (radio 1.-73% / 0.80% tx 0.32% / 0.10% listen 0.37% / 0.70%)
3061025486	ID:18	 391683 P 0.0 50 1625942 98638981 366604 842203 0 684979 18122 1947548 0 12083 0 12083 (radio 1.-66% / 0.61% tx 0.36% / 0.00% listen 0.41% / 0.61%)
3061063860	ID:10	 391683 P 0.0 50 2444379 97821416 558342 1198626 0 933505 29465 1936485 1680 16674 0 15442 (radio 1.-97% / 0.93% tx 0.12% / 0.08% listen 1.-67% / 0.84%)
3061092095	ID:8	 391683 P 0.0 50 1729743 98536870 376329 867993 0 692639 24496 1941264 1190 14152 0 13103 (radio 1.-62% / 0.78% tx 0.37% / 0.06% listen 0.00% / 0.71%)
3061115654	ID:14	 391683 P 0.0 50 2771142 97495791 727473 1205461 0 826625 54438 1911627 15993 20497 0 13022 (radio 1.-79% / 1.85% tx 0.29% / 0.81% listen 1.-66% / 1.04%)
3061492052	ID:9	[HFS] ra=0 si=0 cx=49 ac=0
3061497421	ID:9	[LIST] Neighbors: 14,24,6,12,29,15,22
3061501058	ID:9	[LIST] Quarantine: (none)
3061504555	ID:9	[LIST] Blacklist: (none)
3061510870	ID:9	FUZZRID,DET,6,1404,1404,0,0,0,0,0,0,4,0,0,0
3064228346	ID:26	[ATK-FAKE-RANK]  true_rank=1701 fake_rank=1884 t=11720s
3064377573	ID:18	[HFS] ra=74 si=49 cx=49 ac=82
3064381823	ID:18	[LIST] Neighbors: 26,22,29,16
3064385460	ID:18	[LIST] Quarantine: (none)
3064388957	ID:18	[LIST] Blacklist: (none)
3064396745	ID:18	FUZZRID,DET,26,1884,1701,183,0,70,100,14,33,1,0,82,75
3067775953	ID:23	[ATK-FAKE-RANK]  true_rank=834 fake_rank=1618 t=11720s
3070935869	ID:30	[ATK-FAKE-RANK]  true_rank=1316 fake_rank=2246 t=11720s
3078074680	ID:24	[ATK-FAKE-RANK]  true_rank=1107 fake_rank=1736 t=11720s
3078127345	ID:15	[HFS] ra=74 si=49 cx=49 ac=82
3078132982	ID:15	[LIST] Neighbors: 9,14,29,24,12,11,6,30
3078136619	ID:15	[LIST] Quarantine: (none)
3078140115	ID:15	[LIST] Blacklist: (none)
3078147812	ID:15	FUZZRID,DET,24,1736,1107,629,0,100,100,9,0,3,0,82,75
3078148852	ID:20	[HFS] ra=74 si=49 cx=49 ac=82
3078154208	ID:20	[LIST] Neighbors: 2,10,25,14,28,23,24
3078157845	ID:20	[LIST] Quarantine: (none)
3078161342	ID:20	[LIST] Blacklist: (none)
3078169171	ID:20	FUZZRID,DET,24,1736,1107,629,0,100,100,59,0,2,0,82,55
3078177566	ID:22	[HFS] ra=74 si=49 cx=49 ac=82
3078182961	ID:22	[LIST] Neighbors: 24,16,9,29,31,26,18
3078186598	ID:22	[LIST] Quarantine: (none)
3078190095	ID:22	[LIST] Blacklist: (none)
3078197962	ID:22	FUZZRID,DET,24,1736,1107,629,0,100,100,41,0,1,0,82,75
3078216857	ID:14	[HFS] ra=74 si=49 cx=49 ac=82
3078222081	ID:14	[LIST] Neighbors: 20,25,30,24,9,6,15
3078225724	ID:14	[LIST] Quarantine: (none)
3078229221	ID:14	[LIST] Blacklist: (none)
3078237050	ID:14	FUZZRID,DET,24,1736,1107,629,0,100,100,31,0,0,0,82,75
3082051330	ID:29	[ATK-FAKE-RANK]  true_rank=1625 fake_rank=2571 t=11720s
3082127383	ID:15	[HFS] ra=74 si=49 cx=49 ac=82
3082133031	ID:15	[LIST] Neighbors: 9,14,29,24,12,11,6,30
3082136668	ID:15	[LIST] Quarantine: (none)
3082140166	ID:15	[LIST] Blacklist: (none)
3082147991	ID:15	FUZZRID,DET,29,2571,1625,946,0,100,100,33,0,7,0,82,75
3088115683	ID:9	[HFS] ra=0 si=0 cx=49 ac=0
3088121086	ID:9	[LIST] Neighbors: 14,24,6,12,29,15,22
3088124723	ID:9	[LIST] Quarantine: (none)
3088128220	ID:9	[LIST] Blacklist: (none)
3088134704	ID:9	FUZZRID,DET,22,1669,1669,0,0,0,0,0,0,2,0,0,0
3089646658	ID:21	[HFS] ra=0 si=0 cx=49 ac=0
3089650589	ID:21	[LIST] Neighbors: 4,27,3,17
3089654225	ID:21	[LIST] Quarantine: (none)
3089657722	ID:21	[LIST] Blacklist: (none)
3089663821	ID:21	FUZZRID,DET,17,813,813,0,0,0,0,0,0,0,0,0,0
3099858517	ID:7	[HFS] ra=0 si=0 cx=49 ac=0
3099863314	ID:7	[LIST] Neighbors: 28,13,10,25,5,8
3099866951	ID:7	[LIST] Quarantine: (none)
3099870447	ID:7	[LIST] Blacklist: (none)
3099876765	ID:7	FUZZRID,DET,8,1328,1328,0,0,0,0,0,0,2,0,0,0
3099882625	ID:5	[HFS] ra=0 si=0 cx=49 ac=0
3099886129	ID:5	[LIST] Neighbors: 7,8,25
3099889766	ID:5	[LIST] Quarantine: (none)
3099893263	ID:5	[LIST] Blacklist: (none)
3099899577	ID:5	FUZZRID,DET,8,1328,1328,0,0,0,0,0,0,1,0,0,0
3106346021	ID:11	[HFS] ra=0 si=0 cx=49 ac=0
3106349671	ID:11	[LIST] Neighbors: 6,15,12
3106353308	ID:11	[LIST] Quarantine: (none)
3106356827	ID:11	[LIST] Blacklist: (none)
3106363281	ID:11	FUZZRID,DET,12,1630,1630,0,0,0,0,0,0,1,0,0,0
3106368273	ID:9	[HFS] ra=0 si=0 cx=49 ac=0
3106373642	ID:9	[LIST] Neighbors: 14,24,6,12,29,15,22
3106377306	ID:9	[LIST] Quarantine: (none)
3106380803	ID:9	[LIST] Blacklist: (none)
3106385200	ID:6	[HFS] ra=0 si=0 cx=49 ac=0
3106387257	ID:9	FUZZRID,DET,12,1630,1630,0,0,0,0,0,0,1,0,0,0
3106390175	ID:6	[LIST] Neighbors: 14,30,9,15,12,11
3106393812	ID:6	[LIST] Quarantine: (none)
3106397310	ID:6	[LIST] Blacklist: (none)
3106403795	ID:6	FUZZRID,DET,12,1630,1630,0,0,0,0,0,0,3,0,0,0
3112289283	ID:13	[HFS] ra=0 si=0 cx=49 ac=0
3112294066	ID:13	[LIST] Neighbors: 2,28,19,10,7,25
3112297703	ID:13	[LIST] Quarantine: (none)
3112301199	ID:13	[LIST] Blacklist: (none)
3112307155	ID:13	FUZZRID,DET,2,512,512,0,0,0,0,0,0,3,0,0,0
3117414298	ID:10	[HFS] ra=0 si=0 cx=49 ac=0
3117419956	ID:10	[LIST] Neighbors: 2,28,13,7,25,20,23,19
3117423592	ID:10	[LIST] Quarantine: (none)
3117427089	ID:10	[LIST] Blacklist: (none)
3117433183	ID:10	FUZZRID,DET,20,768,768,0,0,0,0,0,0,1,0,0,0
3120160866	ID:5	 399363 P 0.0 51 1442367 100789845 320326 844813 0 703991 24698 1941302 4360 14338 0 12164 (radio 1.-71% / 0.95% tx 0.31% / 0.22% listen 0.40% / 0.72%)
3120271135	ID:12	 399363 P 0.0 51 1852286 100375579 407326 900548 0 709001 33847 1931859 8602 14711 0 11972 (radio 1.-99% / 1.18% tx 0.39% / 0.43% listen 0.04% / 0.74%)
3120301367	ID:4	 399363 P 0.0 51 1381749 100849920 210065 825640 0 720957 18475 1947571 0 11729 0 11729 (radio 1.-83% / 0.59% tx 0.20% / 0.00% listen 0.38% / 0.59%)
3120360508	ID:3	 399363 P 0.0 51 2286396 99945348 586814 1018393 0 743526 38164 1927901 8219 17189 0 12671 (radio 1.-70% / 1.29% tx 0.15% / 0.41% listen 0.15% / 0.87%)
3120418787	ID:21	 399363 P 0.0 51 1849718 100380006 324285 960641 0 736495 26179 1939879 324 13442 0 12184 (radio 1.-59% / 0.70% tx 0.31% / 0.01% listen 0.09% / 0.68%)
3120463467	ID:16	 399363 P 0.0 51 1862113 100370148 508182 926945 0 691030 20727 1945348 1532 13434 0 12594 (radio 1.-86% / 0.76% tx 0.07% / 0.07% listen 0.06% / 0.68%)
3120515276	ID:9	 399363 P 0.0 51 2770563 99461020 770237 1213643 0 849813 39683 1926354 5038 16839 0 13199 (radio 1.-74% / 1.11% tx 0.33% / 0.25% listen 1.-66% / 0.85%)
3120596614	ID:1	 399365 P 0.0 51 4143273 98088516 1533473 100698999 0 0 25083 1940989 0 1966078 0 0 (radio 15.-1499% / 100.-8739% tx 1.-77% / 0.00% listen 14.-1381% / 100.-8739%)
3120631375	ID:7	 399363 P 0.0 51 2992140 99239004 1016456 1167002 0 697651 25010 1941045 0 12899 0 12883 (radio 2.-197% / 0.65% tx 0.15% / 0.00% listen 1.-70% / 0.65%)
3120659224	ID:6	 399363 P 0.0 51 2221527 100011448 508436 978909 0 769257 35987 1930024 6839 16445 0 13337 (radio 1.-81% / 1.18% tx 0.07% / 0.34% listen 0.11% / 0.83%)
3120671071	ID:20	 399363 P 0.0 51 3782402 98448338 1299979 1415825 0 754943 32211 1933853 2992 14615 0 13422 (radio 2.-187% / 0.89% tx 1.-99% / 0.15% listen 1.-88% / 0.74%)
3120692303	ID:2	 399363 P 0.0 51 3563628 98666111 817933 1412836 0 834316 36743 1929319 3908 14910 0 12926 (radio 2.-192% / 0.95% tx 0.37% / 0.19% listen 1.-88% / 0.75%)
3120702306	ID:22	 399363 P 0.0 51 2422689 99808425 552711 1080794 0 817797 31875 1933999 2241 14632 0 12920 (radio 1.-67% / 0.85% tx 0.12% / 0.11% listen 1.-79% / 0.74%)
3120777643	ID:15	 399363 P 0.0 51 2968740 99262450 832844 1193741 0 802047 38142 1927875 5320 16321 0 12989 (radio 1.-70% / 1.10% tx 0.39% / 0.27% listen 1.-68% / 0.83%)
3120894356	ID:19	 399363 P 0.0 51 1954740 100277555 234721 997420 0 832037 28385 1937290 1270 13613 0 12566 (radio 1.-64% / 0.75% tx 0.22% / 0.06% listen 0.13% / 0.69%)
3120940641	ID:13	 399363 P 0.0 51 2226654 100005439 537632 1010534 0 766971 39566 1926386 9063 16041 0 11732 (radio 1.-75% / 1.27% tx 0.10% / 0.46% listen 0.14% / 0.81%)
3120956945	ID:17	 399363 P 0.0 51 1592483 100636400 345988 887453 0 729756 32659 1933328 8935 16121 0 12164 (radio 1.-64% / 1.27% tx 0.33% / 0.45% listen 0.02% / 0.81%)
3120993248	ID:11	 399363 P 0.0 51 1460798 100771630 322237 819927 0 677179 17626 1948371 0 12422 0 12409 (radio 1.-73% / 0.63% tx 0.31% / 0.00% listen 0.38% / 0.63%)
3121026571	ID:18	 399363 P 0.0 51 1649689 100581239 368510 856012 0 697388 23745 1942258 1906 13809 0 12409 (radio 1.-65% / 0.79% tx 0.36% / 0.09% listen 0.41% / 0.70%)
3121063907	ID:10	 399363 P 0.0 51 2479397 99752378 562096 1214195 0 946814 35016 1930962 3754 15569 0 13309 (radio 1.-95% / 0.98% tx 0.12% / 0.19% listen 1.-66% / 0.79%)
3121092638	ID:8	 399363 P 0.0 51 1770317 100462339 389127 884598 0 704176 40572 1925469 12798 16605 0 11537 (radio 1.-60% / 1.49% tx 0.38% / 0.65% listen 0.02% / 0.84%)
3121115357	ID:14	 399363 P 0.0 51 2806414 99426590 731450 1221593 0 839992 35271 1930799 3977 16132 0 13367 (radio 1.-78% / 1.02% tx 0.29% / 0.20% listen 1.-65% / 0.82%)
3124604474	ID:31	[ATK-FAKE-RANK]  true_rank=1080 fake_rank=1569 t=11720s
3129103288	ID:26	[ATK-FAKE-RANK]  true_rank=1695 fake_rank=1904 t=11720s
3129190982	ID:16	[HFS] ra=74 si=49 cx=49 ac=82
3129195220	ID:16	[LIST] Neighbors: 31,26,22,18
3129198863	ID:16	[LIST] Quarantine: (none)
3129202360	ID:16	[LIST] Blacklist: (none)
3129210182	ID:16	FUZZRID,DET,26,1904,1695,209,0,81,100,21,33,0,0,82,75
3129713903	ID:1	[HFS] ra=0 si=0 cx=49 ac=0
3129718966	ID:1	[LIST] Neighbors: 2,21,28,4,19,27,3
3129722604	ID:1	[LIST] Quarantine: (none)
3129726101	ID:1	[LIST] Blacklist: (none)
3129732226	ID:1	FUZZRID,DET,19,512,512,0,0,0,0,0,0,0,0,0,0
3129777412	ID:4	[HFS] ra=0 si=0 cx=49 ac=0
3129781222	ID:4	[LIST] Neighbors: 21,19,27
3129784858	ID:4	[LIST] Quarantine: (none)
3129788355	ID:4	[LIST] Blacklist: (none)
3129790744	ID:13	[HFS] ra=0 si=0 cx=49 ac=0
3129794449	ID:4	FUZZRID,DET,19,512,512,0,0,0,0,0,0,0,0,0,0
3129795527	ID:13	[LIST] Neighbors: 2,28,19,10,7,25
3129799164	ID:13	[LIST] Quarantine: (none)
3129802662	ID:13	[LIST] Blacklist: (none)
3129808755	ID:13	FUZZRID,DET,19,512,512,0,0,0,0,0,0,0,0,0,0
3133871406	ID:1	[HFS] ra=0 si=0 cx=49 ac=0
3133876469	ID:1	[LIST] Neighbors: 2,21,28,4,19,27,3
3133880107	ID:1	[LIST] Quarantine: (none)
3133883604	ID:1	[LIST] Blacklist: (none)
3133889559	ID:1	FUZZRID,DET,4,518,518,0,0,0,0,0,0,0,0,0,0
3133995775	ID:19	[HFS] ra=0 si=0 cx=49 ac=0
3134000585	ID:19	[LIST] Neighbors: 2,28,27,4,13,10
3134004222	ID:19	[LIST] Quarantine: (none)
3134007719	ID:19	[LIST] Blacklist: (none)
3134013674	ID:19	FUZZRID,DET,4,518,518,0,0,0,0,0,0,0,0,0,0
3141078831	ID:28	[ATK-FAKE-RANK]  true_rank=512 fake_rank=1172 t=11720s
3141122250	ID:19	[HFS] ra=74 si=49 cx=49 ac=82
3141127033	ID:19	[LIST] Neighbors: 2,28,27,4,13,10
3141130670	ID:19	[LIST] Quarantine: (none)
3141134167	ID:19	[LIST] Blacklist: (none)
3141141813	ID:19	FUZZRID,DET,28,1172,512,660,0,100,100,15,0,0,0,82,75
3142392845	ID:21	[HFS] ra=0 si=0 cx=49 ac=0
3142396805	ID:21	[LIST] Neighbors: 4,27,3,17
3142400442	ID:21	[LIST] Quarantine: (none)
3142403939	ID:21	[LIST] Blacklist: (none)
3142409894	ID:21	FUZZRID,DET,4,518,518,0,0,0,0,0,0,0,0,0,0
3142667520	ID:13	[HFS] ra=0 si=0 cx=49 ac=0
3142672303	ID:13	[LIST] Neighbors: 2,28,19,10,7,25
3142675940	ID:13	[LIST] Quarantine: (none)
3142679437	ID:13	[LIST] Blacklist: (none)
3142685529	ID:13	FUZZRID,DET,10,811,811,0,0,0,0,0,0,1,0,0,0
3144803639	ID:24	[ATK-FAKE-RANK]  true_rank=1107 fake_rank=1756 t=11720s
3146816901	ID:29	[ATK-FAKE-RANK]  true_rank=1623 fake_rank=2591 t=11720s
3146925951	ID:22	[HFS] ra=74 si=49 cx=49 ac=82
3146931321	ID:22	[LIST] Neighbors: 24,16,9,29,31,26,18
3146934958	ID:22	[LIST] Quarantine: (none)
3146938481	ID:22	[LIST] Blacklist: (none)
3146946305	ID:22	FUZZRID,DET,29,2591,1623,968,0,100,100,27,0,6,0,82,75
3147887581	ID:30	[ATK-FAKE-RANK]  true_rank=1312 fake_rank=2266 t=11720s
3148005894	ID:15	[HFS] ra=74 si=49 cx=49 ac=82
3148011530	ID:15	[LIST] Neighbors: 9,14,29,24,12,11,6,30
3148015167	ID:15	[LIST] Quarantine: (none)
3148018664	ID:15	[LIST] Blacklist: (none)
3148026492	ID:15	FUZZRID,DET,30,2266,1312,954,0,100,100,25,0,2,0,82,75
3148232373	ID:7	[HFS] ra=0 si=0 cx=49 ac=0
3148237169	ID:7	[LIST] Neighbors: 28,13,10,25,5,8
3148240806	ID:7	[LIST] Quarantine: (none)
3148244303	ID:7	[LIST] Blacklist: (none)
3148250646	ID:7	FUZZRID,DET,5,1385,1385,0,0,0,0,0,0,1,0,0,0
3149585744	ID:3	[HFS] ra=0 si=0 cx=49 ac=0
3149590674	ID:3	[LIST] Neighbors: 2,23,17,31,27,21
3149594311	ID:3	[LIST] Quarantine: (none)
3149597808	ID:3	[LIST] Blacklist: (none)
3149603898	ID:3	FUZZRID,DET,17,804,804,0,0,0,0,0,0,0,0,0,0
3162831161	ID:23	[ATK-FAKE-RANK]  true_rank=834 fake_rank=1638 t=11720s
3162895779	ID:20	[HFS] ra=74 si=49 cx=49 ac=82
3162901134	ID:20	[LIST] Neighbors: 2,10,25,14,28,23,24
3162904771	ID:20	[LIST] Quarantine: (none)
3162908268	ID:20	[LIST] Blacklist: (none)
3162915919	ID:20	FUZZRID,DET,23,1638,834,804,0,100,100,24,0,2,0,82,55
3163845647	ID:31	[ATK-FAKE-RANK]  true_rank=1064 fake_rank=1589 t=11720s
3163928611	ID:22	[HFS] ra=74 si=49 cx=49 ac=82
3163932155	ID:17	[HFS] ra=74 si=49 cx=49 ac=82
3163933981	ID:22	[LIST] Neighbors: 24,16,9,29,31,26,18
3163936246	ID:17	[LIST] Neighbors: 21,27,3,31
3163937642	ID:22	[LIST] Quarantine: (none)
3163939883	ID:17	[LIST] Quarantine: (none)
3163939917	ID:16	[HFS] ra=74 si=49 cx=49 ac=82
3163941139	ID:22	[LIST] Blacklist: (none)
3163943380	ID:17	[LIST] Blacklist: (none)
3163944169	ID:16	[LIST] Neighbors: 31,26,22,18
3163947805	ID:16	[LIST] Quarantine: (none)
3163949106	ID:22	FUZZRID,DET,31,1589,1064,525,0,100,100,46,33,0,0,82,75
3163951302	ID:16	[LIST] Blacklist: (none)
3163951378	ID:17	FUZZRID,DET,31,1589,1064,525,0,100,100,35,16,0,0,82,75
3163959269	ID:16	FUZZRID,DET,31,1589,1064,525,0,100,100,25,16,1,0,82,75
3163962107	ID:3	[HFS] ra=74 si=49 cx=49 ac=82
3163967038	ID:3	[LIST] Neighbors: 2,23,17,31,27,21
3163970708	ID:3	[LIST] Quarantine: (none)
3163974205	ID:3	[LIST] Blacklist: (none)
3163982173	ID:3	FUZZRID,DET,31,1589,1064,525,0,100,100,42,50,4,0,82,75
3165504210	ID:18	[HFS] ra=0 si=0 cx=49 ac=0
3165508446	ID:18	[LIST] Neighbors: 26,22,29,16
3165512083	ID:18	[LIST] Quarantine: (none)
3165515580	ID:18	[LIST] Blacklist: (none)
3165522035	ID:18	FUZZRID,DET,16,1868,1868,0,0,0,0,0,0,8,0,0,0
3168217295	ID:11	[HFS] ra=0 si=0 cx=49 ac=0
3168220945	ID:11	[LIST] Neighbors: 6,15,12
3168224582	ID:11	[LIST] Quarantine: (none)
3168228079	ID:11	[LIST] Blacklist: (none)
3168234393	ID:11	FUZZRID,DET,6,1404,1404,0,0,0,0,0,0,0,0,0,0
3168427853	ID:22	[HFS] ra=0 si=0 cx=49 ac=0
3168433241	ID:22	[LIST] Neighbors: 24,16,9,29,31,26,18
3168436877	ID:22	[LIST] Quarantine: (none)
3168439713	ID:16	[HFS] ra=0 si=0 cx=49 ac=0
3168440374	ID:22	[LIST] Blacklist: (none)
3168443950	ID:16	[LIST] Neighbors: 31,26,22,18
3168446858	ID:22	FUZZRID,DET,18,2000,2000,0,0,0,0,0,0,4,0,0,0
3168447587	ID:16	[LIST] Quarantine: (none)
3168451101	ID:16	[LIST] Blacklist: (none)
3168457554	ID:16	FUZZRID,DET,18,2000,2000,0,0,0,0,0,0,3,0,0,0
3168678736	ID:27	[ATK-FAKE-RANK]  true_rank=512 fake_rank=1152 t=11720s
3168710751	ID:3	[HFS] ra=74 si=49 cx=49 ac=82
3168715681	ID:3	[LIST] Neighbors: 2,23,17,31,27,21
3168719318	ID:3	[LIST] Quarantine: (none)
3168722815	ID:3	[LIST] Blacklist: (none)
3168730477	ID:3	FUZZRID,DET,27,1152,512,640,0,100,100,88,0,0,0,82,75
3169026781	ID:4	[HFS] ra=0 si=0 cx=49 ac=0
3169030591	ID:4	[LIST] Neighbors: 21,19,27
3169034228	ID:4	[LIST] Quarantine: (none)
3169037725	ID:4	[LIST] Blacklist: (none)
3169043818	ID:4	FUZZRID,DET,21,512,512,0,0,0,0,0,0,0,0,0,0
3173928029	ID:22	[HFS] ra=0 si=0 cx=49 ac=0
3173933399	ID:22	[LIST] Neighbors: 24,16,9,29,31,26,18
3173937035	ID:22	[LIST] Quarantine: (none)
3173939919	ID:16	[HFS] ra=0 si=0 cx=49 ac=0
3173940532	ID:22	[LIST] Blacklist: (none)
3173944169	ID:16	[LIST] Neighbors: 31,26,22,18
3173946993	ID:22	FUZZRID,DET,18,1993,1993,0,0,0,0,0,0,4,0,0,0
3173947805	ID:16	[LIST] Quarantine: (none)
3173951302	ID:16	[LIST] Blacklist: (none)
3173957759	ID:16	FUZZRID,DET,18,1993,1993,0,0,0,0,0,0,3,0,0,0
3174010389	ID:6	[HFS] ra=0 si=0 cx=49 ac=0
3174015332	ID:6	[LIST] Neighbors: 14,30,9,15,12,11
3174018969	ID:6	[LIST] Quarantine: (none)
3174022466	ID:6	[LIST] Blacklist: (none)
3174028934	ID:6	FUZZRID,DET,11,1727,1727,0,0,0,0,0,0,1,0,0,0
3174364885	ID:9	[HFS] ra=0 si=0 cx=49 ac=0
3174370254	ID:9	[LIST] Neighbors: 14,24,6,12,29,15,22
3174373891	ID:9	[LIST] Quarantine: (none)
3174376382	ID:18	[HFS] ra=0 si=0 cx=49 ac=0
3174377388	ID:9	[LIST] Blacklist: (none)
3174380618	ID:18	[LIST] Neighbors: 26,22,29,16
3174383865	ID:9	FUZZRID,DET,22,1651,1651,0,0,0,0,0,0,5,0,0,0
3174384255	ID:18	[LIST] Quarantine: (none)
3174387777	ID:18	[LIST] Blacklist: (none)
3174394230	ID:18	FUZZRID,DET,22,1651,1651,0,0,0,0,0,0,7,0,0,0
3174440870	ID:16	[HFS] ra=0 si=0 cx=49 ac=0
3174445107	ID:16	[LIST] Neighbors: 31,26,22,18
3174448743	ID:16	[LIST] Quarantine: (none)
3174452240	ID:16	[LIST] Blacklist: (none)
3174458694	ID:16	FUZZRID,DET,22,1651,1651,0,0,0,0,0,0,5,0,0,0
3174682940	ID:25	[ATK-FAKE-RANK]  true_rank=1124 fake_rank=2056 t=11720s
3180160567	ID:5	 407043 P 0.0 52 1460109 102738107 320854 857866 0 716798 17741 1948262 528 13053 0 12807 (radio 1.-70% / 0.69% tx 0.30% / 0.02% listen 0.41% / 0.66%)
3180271138	ID:12	 407043 P 0.0 52 1875739 102317809 409347 913998 0 721642 23452 1942230 2021 13450 0 12641 (radio 1.-97% / 0.78% tx 0.39% / 0.10% listen 0.05% / 0.68%)
3180302231	ID:4	 407043 P 0.0 52 1408185 102789537 213726 838323 0 733169 26434 1939617 3661 12683 0 12212 (radio 1.-82% / 0.83% tx 0.20% / 0.18% listen 0.39% / 0.64%)
3180361069	ID:3	 407043 P 0.0 52 2333305 101864491 597311 1036968 0 755956 46907 1919143 10497 18575 0 12430 (radio 1.-67% / 1.47% tx 0.16% / 0.53% listen 0.17% / 0.94%)
3180419121	ID:21	 407043 P 0.0 52 1877280 102318477 326009 974484 0 748633 27560 1938471 1724 13843 0 12138 (radio 1.-99% / 0.79% tx 0.31% / 0.08% listen 0.11% / 0.70%)
3180463492	ID:16	 407043 P 0.0 52 1900899 102297390 517577 946653 0 706146 38784 1927242 9395 19708 0 15116 (radio 1.-84% / 1.48% tx 0.08% / 0.47% listen 0.08% / 1.00%)
3180515838	ID:9	 407043 P 0.0 52 2817529 101380104 782275 1234387 0 864966 46964 1919084 12038 20744 0 15153 (radio 1.-72% / 1.66% tx 0.33% / 0.61% listen 1.-64% / 1.05%)
3180597591	ID:1	 407045 P 0.0 52 4177083 100020762 1536231 102662313 0 0 33808 1932246 2758 1963313 0 0 (radio 17.-1676% / 100.-8739% tx 1.-77% / 0.14% listen 16.-1599% / 99.-8653%)
3180632568	ID:7	 407043 P 0.0 52 3028548 101168655 1023964 1183260 0 710885 36406 1929651 7508 16258 0 13234 (radio 2.-195% / 1.20% tx 0.15% / 0.38% listen 1.-69% / 0.82%)
3180659233	ID:6	 407043 P 0.0 52 2258800 101940160 516021 995375 0 783108 37272 1928712 7585 16466 0 13851 (radio 1.-79% / 1.22% tx 0.08% / 0.38% listen 0.13% / 0.83%)
3180671419	ID:20	 407043 P 0.0 52 3821787 100375015 1304726 1433714 0 768612 39383 1926677 4747 17889 0 13669 (radio 2.-185% / 1.15% tx 1.-99% / 0.24% listen 1.-87% / 0.90%)
3180697496	ID:2	 407043 P 0.0 52 3608359 100587596 824438 1431263 0 848171 44730 1921485 6505 18427 0 13855 (radio 2.-190% / 1.26% tx 0.37% / 0.33% listen 1.-87% / 0.93%)
3180702869	ID:22	 407043 P 0.0 52 2491944 101704929 576333 1104772 0 833627 69254 1896504 23622 23978 0 15830 (radio 1.-63% / 2.42% tx 0.14% / 1.20% listen 1.-77% / 1.21%)
3180777939	ID:15	 407043 P 0.0 52 3008413 101188835 841723 1210613 0 816025 39671 1926385 8879 16872 0 13978 (radio 1.-68% / 1.30% tx 0.39% / 0.45% listen 1.-67% / 0.85%)
3180894658	ID:19	 407043 P 0.0 52 1995795 102202405 241618 1013884 0 845331 41053 1924850 6897 16464 0 13294 (radio 1.-62% / 1.18% tx 0.23% / 0.35% listen 0.14% / 0.83%)
3180940620	ID:13	 407043 P 0.0 52 2266031 101932097 545749 1027971 0 779951 39376 1926658 8117 17437 0 12980 (radio 1.-73% / 1.29% tx 0.11% / 0.41% listen 0.16% / 0.88%)
3180956940	ID:17	 407043 P 0.0 52 1617482 102577230 349434 901783 0 743599 24998 1940830 3446 14330 0 13843 (radio 1.-63% / 0.90% tx 0.33% / 0.17% listen 0.04% / 0.72%)
3180994095	ID:11	 407043 P 0.0 52 1481521 102716908 324353 832763 0 689206 20721 1945278 2116 12836 0 12027 (radio 1.-72% / 0.76% tx 0.31% / 0.10% listen 0.38% / 0.65%)
3181026848	ID:18	 407043 P 0.0 52 1690290 102506387 380434 873095 0 711163 40600 1925148 11924 17083 0 13775 (radio 1.-63% / 1.47% tx 0.36% / 0.60% listen 0.01% / 0.86%)
3181064441	ID:10	 407043 P 0.0 52 2523146 101674524 572692 1234290 0 961949 43748 1922146 10596 20095 0 15135 (radio 1.-92% / 1.56% tx 0.13% / 0.53% listen 1.-64% / 1.02%)
3181092541	ID:8	 407043 P 0.0 52 1794912 102403776 392196 898204 0 716609 24594 1941437 3069 13606 0 12433 (radio 1.-100% / 0.84% tx 0.37% / 0.15% listen 0.03% / 0.69%)
3181115946	ID:14	 407043 P 0.0 52 2850441 101348636 741930 1240716 0 853824 44025 1922046 10480 19123 0 13832 (radio 1.-75% / 1.50% tx 0.29% / 0.53% listen 1.-64% / 0.97%)
3182981807	ID:7	[HFS] ra=0 si=0 cx=49 ac=0
3182986604	ID:7	[LIST] Neighbors: 28,13,10,25,5,8
3182990241	ID:7	[LIST] Quarantine: (none)
3182993737	ID:7	[LIST] Blacklist: (none)
3182999833	ID:7	FUZZRID,DET,13,793,793,0,0,0,0,0,0,1,0,0,0
3188168348	ID:30	[ATK-FAKE-RANK]  true_rank=1312 fake_rank=2286 t=11720s
3188194931	ID:8	[HFS] ra=74 si=49 cx=49 ac=82
3188198863	ID:8	[LIST] Neighbors: 7,25,5,30
3188202499	ID:8	[LIST] Quarantine: (none)
3188205996	ID:8	[LIST] Blacklist: (none)
3188213826	ID:8	FUZZRID,DET,30,2286,1312,974,0,100,100,20,0,0,0,82,75
3188216427	ID:14	[HFS] ra=74 si=49 cx=49 ac=82
3188221651	ID:14	[LIST] Neighbors: 20,25,30,24,9,6,15
3188225304	ID:14	[LIST] Quarantine: (none)
3188228801	ID:14	[LIST] Blacklist: (none)
3188236627	ID:14	FUZZRID,DET,30,2286,1312,974,0,100,100,15,0,0,0,82,75
3188258614	ID:6	[HFS] ra=74 si=49 cx=49 ac=82
3188263591	ID:6	[LIST] Neighbors: 14,30,9,15,12,11
3188267228	ID:6	[LIST] Quarantine: (none)
3188270725	ID:6	[LIST] Blacklist: (none)
3188278553	ID:6	FUZZRID,DET,30,2286,1312,974,0,100,100,40,0,1,0,82,75
3188302191	ID:22	[HFS] ra=0 si=0 cx=49 ac=0
3188307561	ID:22	[LIST] Neighbors: 24,16,9,29,31,26,18
3188311198	ID:22	[LIST] Quarantine: (none)
3188314059	ID:16	[HFS] ra=0 si=0 cx=49 ac=0
3188314695	ID:22	[LIST] Blacklist: (none)
3188318329	ID:16	[LIST] Neighbors: 31,26,22,18
3188321154	ID:22	FUZZRID,DET,18,1947,1947,0,0,0,0,0,0,4,0,0,0
3188321966	ID:16	[LIST] Quarantine: (none)
3188325463	ID:16	[LIST] Blacklist: (none)
3188331917	ID:16	FUZZRID,DET,18,1947,1947,0,0,0,0,0,0,3,0,0,0
3192564267	ID:16	[HFS] ra=0 si=0 cx=49 ac=0
3192568504	ID:16	[LIST] Neighbors: 31,26,22,18
3192572140	ID:16	[LIST] Quarantine: (none)
3192575637	ID:16	[LIST] Blacklist: (none)
3192582095	ID:16	FUZZRID,DET,22,1646,1646,0,0,0,0,0,0,4,0,0,0
3198255611	ID:15	[HFS] ra=0 si=0 cx=49 ac=0
3198261247	ID:15	[LIST] Neighbors: 9,14,29,24,12,11,6,30
3198264884	ID:15	[LIST] Quarantine: (none)
3198268380	ID:15	[LIST] Blacklist: (none)
3198274869	ID:15	FUZZRID,DET,12,1628,1628,0,0,0,0,0,0,4,0,0,0
3208189177	ID:16	[HFS] ra=0 si=0 cx=49 ac=0
3208193414	ID:16	[LIST] Neighbors: 31,26,22,18
3208197051	ID:16	[LIST] Quarantine: (none)
3208200548	ID:16	[LIST] Blacklist: (none)
3208207000	ID:16	FUZZRID,DET,22,1646,1646,0,0,0,0,0,0,1,0,0,0
3208856628	ID:30	[ATK-FAKE-RANK]  true_rank=1312 fake_rank=2306 t=11720s
3208965702	ID:14	[HFS] ra=74 si=49 cx=49 ac=82
3208970926	ID:14	[LIST] Neighbors: 20,25,30,24,9,6,15
3208974563	ID:14	[LIST] Quarantine: (none)
3208978060	ID:14	[LIST] Blacklist: (none)
3208985749	ID:14	FUZZRID,DET,30,2306,1312,994,0,100,100,5,0,0,0,82,75
3215915749	ID:28	[ATK-FAKE-RANK]  true_rank=512 fake_rank=1192 t=11720s
3215983830	ID:7	[HFS] ra=74 si=49 cx=49 ac=82
3215988627	ID:7	[LIST] Neighbors: 28,13,10,25,5,8
3215992269	ID:7	[LIST] Quarantine: (none)
3215995765	ID:7	[LIST] Blacklist: (none)
3216003412	ID:7	FUZZRID,DET,28,1192,512,680,0,100,100,20,0,1,0,82,75
3219379490	ID:29	[ATK-FAKE-RANK]  true_rank=1566 fake_rank=2611 t=11720s
3219504629	ID:18	[HFS] ra=74 si=49 cx=49 ac=82
3219508866	ID:18	[LIST] Neighbors: 26,22,29,16
3219512503	ID:18	[LIST] Quarantine: (none)
3219516000	ID:18	[LIST] Blacklist: (none)
3219524008	ID:18	FUZZRID,DET,29,2611,1566,1045,0,100,100,27,0,7,0,82,75
3221166829	ID:2	[HFS] ra=0 si=0 cx=49 ac=0
3221172653	ID:2	[LIST] Neighbors: 28,19,27,13,10,3,20,23
3221176290	ID:2	[LIST] Quarantine: (none)
3221179786	ID:2	[LIST] Blacklist: (none)
3221185880	ID:2	FUZZRID,DET,19,512,512,0,0,0,0,0,0,3,0,0,0
3221377797	ID:18	[HFS] ra=0 si=0 cx=49 ac=0
3221382034	ID:18	[LIST] Neighbors: 26,22,29,16
3221385671	ID:18	[LIST] Quarantine: (none)
3221389176	ID:18	[LIST] Blacklist: (none)
3221395629	ID:18	FUZZRID,DET,22,1646,1646,0,0,0,0,0,0,2,0,0,0
3221437708	ID:16	[HFS] ra=0 si=0 cx=49 ac=0
3221441945	ID:16	[LIST] Neighbors: 31,26,22,18
3221445582	ID:16	[LIST] Quarantine: (none)
3221449079	ID:16	[LIST] Blacklist: (none)
3221455530	ID:16	FUZZRID,DET,22,1646,1646,0,0,0,0,0,0,0,0,0,0
3221490273	ID:9	[HFS] ra=0 si=0 cx=49 ac=0
3221495667	ID:9	[LIST] Neighbors: 14,24,6,12,29,15,22
3221499303	ID:9	[LIST] Quarantine: (none)
3221502800	ID:9	[LIST] Blacklist: (none)
3221509280	ID:9	FUZZRID,DET,22,1646,1646,0,0,0,0,0,0,5,0,0,0
3225629432	ID:31	[ATK-FAKE-RANK]  true_rank=1049 fake_rank=1609 t=11720s
3225685052	ID:17	[HFS] ra=74 si=49 cx=49 ac=82
3225689143	ID:17	[LIST] Neighbors: 21,27,3,31
3225692780	ID:17	[LIST] Quarantine: (none)
3225696277	ID:17	[LIST] Blacklist: (none)
3225703962	ID:17	FUZZRID,DET,31,1609,1049,560,0,100,100,9,0,0,0,82,75
3227849205	ID:24	[ATK-FAKE-RANK]  true_rank=1099 fake_rank=1776 t=11720s
3227881030	ID:15	[HFS] ra=74 si=49 cx=49 ac=82
3227886667	ID:15	[LIST] Neighbors: 9,14,29,24,12,11,6,30
3227890304	ID:15	[LIST] Quarantine: (none)
3227893800	ID:15	[LIST] Blacklist: (none)
3227901626	ID:15	FUZZRID,DET,24,1776,1099,677,0,100,100,11,0,3,0,82,75
3229150892	ID:26	[ATK-FAKE-RANK]  true_rank=1695 fake_rank=1924 t=11720s
3229179002	ID:22	[HFS] ra=74 si=49 cx=49 ac=82
3229184372	ID:22	[LIST] Neighbors: 24,16,9,29,31,26,18
3229188009	ID:22	[LIST] Quarantine: (none)
3229191506	ID:22	[LIST] Blacklist: (none)
3229199305	ID:22	FUZZRID,DET,26,1924,1695,229,0,86,100,16,33,2,0,82,75
3238622814	ID:27	[ATK-FAKE-RANK]  true_rank=512 fake_rank=1172 t=11720s
3238772216	ID:21	[HFS] ra=74 si=49 cx=49 ac=82
3238776146	ID:21	[LIST] Neighbors: 4,27,3,17
3238779783	ID:21	[LIST] Quarantine: (none)
3238783280	ID:21	[LIST] Blacklist: (none)
3238790926	ID:21	FUZZRID,DET,27,1172,512,660,0,100,100,20,0,0,0,82,75
3240160847	ID:5	 414723 P 0.0 53 1480354 104683927 323045 871040 0 729058 20244 1945820 2191 13174 0 12260 (radio 1.-69% / 0.78% tx 0.30% / 0.11% listen 0.01% / 0.67%)
3240271093	ID:12	 414723 P 0.0 53 1898602 104260905 411040 926498 0 733589 22862 1943096 1693 12500 0 11947 (radio 1.-96% / 0.72% tx 0.38% / 0.08% listen 0.06% / 0.63%)
3240301650	ID:4	 414723 P 0.0 53 1427237 104736412 213807 851277 0 745558 19051 1946875 81 12954 0 12389 (radio 1.-81% / 0.66% tx 0.20% / 0.00% listen 0.39% / 0.65%)
3240361058	ID:3	 414723 P 0.0 53 2376310 103787544 607496 1055534 0 769425 43004 1923053 10185 18566 0 13469 (radio 1.-65% / 1.46% tx 0.16% / 0.51% listen 0.18% / 0.94%)
3240419122	ID:21	 414723 P 0.0 53 1908277 104253461 328799 988604 0 760597 30996 1934984 2790 14120 0 11964 (radio 1.-98% / 0.86% tx 0.30% / 0.14% listen 0.12% / 0.71%)
3240463765	ID:16	 414723 P 0.0 53 1941265 104222887 528845 965426 0 719395 40365 1925497 11268 18773 0 13249 (radio 1.-81% / 1.52% tx 0.09% / 0.57% listen 0.10% / 0.95%)
3240515558	ID:9	 414723 P 0.0 53 2856025 103307659 789202 1251256 0 878153 38495 1927555 6927 16869 0 13187 (radio 1.-70% / 1.21% tx 0.33% / 0.35% listen 1.-64% / 0.85%)
3240597588	ID:1	 414725 P 0.0 53 4214820 101949081 1541744 104622856 0 0 37735 1928319 5513 1960541 0 0 (radio 19.-1893% / 100.-8739% tx 1.-77% / 0.28% listen 17.-1676% / 99.-8667%)
3240632550	ID:7	 414723 P 0.0 53 3062066 103101189 1027954 1198655 0 723411 33517 1932534 3990 15395 0 12526 (radio 2.-193% / 0.98% tx 0.15% / 0.20% listen 1.-69% / 0.78%)
3240658643	ID:6	 414723 P 0.0 53 2283608 103881338 516021 1009300 0 797029 24807 1941178 0 13925 0 13921 (radio 1.-78% / 0.70% tx 0.08% / 0.00% listen 0.14% / 0.70%)
3240671076	ID:20	 414723 P 0.0 53 3848444 102314424 1304888 1448080 0 782800 26655 1939409 162 14366 0 14188 (radio 2.-184% / 0.73% tx 1.-99% / 0.00% listen 1.-85% / 0.73%)
3240692854	ID:2	 414723 P 0.0 53 3659142 102502715 834833 1450820 0 861347 50781 1915119 10395 19557 0 13176 (radio 2.-187% / 1.52% tx 0.38% / 0.52% listen 1.-85% / 0.99%)
3240702864	ID:22	 414723 P 0.0 53 2542321 103620508 589800 1122942 0 847505 50376 1915579 13467 18170 0 13878 (radio 1.-61% / 1.60% tx 0.15% / 0.68% listen 1.-76% / 0.92%)
3240777895	ID:15	 414723 P 0.0 53 3040424 103122657 843473 1225418 0 829014 32010 1933822 1750 14805 0 12989 (radio 1.-67% / 0.84% tx 0.38% / 0.08% listen 1.-66% / 0.75%)
3240894655	ID:19	 414723 P 0.0 53 2035647 104128623 248216 1030538 0 857811 39850 1926218 6598 16654 0 12480 (radio 1.-61% / 1.18% tx 0.23% / 0.33% listen 0.16% / 0.84%)
3240940635	ID:13	 414723 P 0.0 53 2296045 103868115 549762 1043236 0 793854 30012 1936018 4013 15265 0 13903 (radio 1.-72% / 0.98% tx 0.11% / 0.20% listen 0.17% / 0.77%)
3240957214	ID:17	 414723 P 0.0 53 1652544 104507905 359445 919994 0 756347 35061 1930675 10011 18211 0 12748 (radio 1.-61% / 1.43% tx 0.33% / 0.50% listen 0.05% / 0.92%)
3240993249	ID:11	 414723 P 0.0 53 1498047 104666265 324353 844460 0 700903 16525 1949357 0 11697 0 11697 (radio 1.-71% / 0.59% tx 0.30% / 0.00% listen 0.39% / 0.59%)
3241026571	ID:18	 414723 P 0.0 53 1724845 104437884 389474 887721 0 724206 34554 1931497 9040 14626 0 13043 (radio 1.-61% / 1.20% tx 0.36% / 0.45% listen 0.02% / 0.74%)
3241064161	ID:10	 414723 P 0.0 53 2558918 103604746 578365 1251894 0 976556 35771 1930222 5673 17604 0 14607 (radio 1.-90% / 1.18% tx 0.14% / 0.28% listen 1.-63% / 0.89%)
3241092355	ID:8	 414723 P 0.0 53 1822794 104341951 396955 912647 0 729581 27881 1938175 4759 14443 0 12972 (radio 1.-99% / 0.97% tx 0.37% / 0.24% listen 0.05% / 0.73%)
3241115934	ID:14	 414723 P 0.0 53 2895511 103269632 753101 1257309 0 866266 45069 1920996 11171 16593 0 12442 (radio 1.-73% / 1.41% tx 0.30% / 0.56% listen 1.-63% / 0.84%)
3244502334	ID:15	[HFS] ra=0 si=0 cx=49 ac=0
3244507970	ID:15	[LIST] Neighbors: 9,14,29,24,12,11,6,30
3244511607	ID:15	[LIST] Quarantine: (none)
3244515104	ID:15	[LIST] Blacklist: (none)
3244521417	ID:15	FUZZRID,DET,9,1297,1297,0,0,0,0,0,0,5,0,0,0
3247507114	ID:6	[HFS] ra=0 si=0 cx=49 ac=0
3247512063	ID:6	[LIST] Neighbors: 14,30,9,15,12,11
3247515700	ID:6	[LIST] Quarantine: (none)
3247519197	ID:6	[LIST] Blacklist: (none)
3247525651	ID:6	FUZZRID,DET,15,1340,1340,0,0,0,0,0,0,6,0,0,0
3258464912	ID:25	[ATK-FAKE-RANK]  true_rank=1121 fake_rank=2076 t=11720s
3258773225	ID:20	[HFS] ra=74 si=49 cx=49 ac=82
3258778581	ID:20	[LIST] Neighbors: 2,10,25,14,28,23,24
3258782226	ID:20	[LIST] Quarantine: (none)
3258785723	ID:20	[LIST] Blacklist: (none)
3258793585	ID:20	FUZZRID,DET,25,2076,1121,955,0,100,100,17,0,1,0,82,75
3259713386	ID:3	[HFS] ra=0 si=0 cx=49 ac=0
3259718316	ID:3	[LIST] Neighbors: 2,23,17,31,27,21
3259721967	ID:3	[LIST] Quarantine: (none)
3259725464	ID:3	[LIST] Blacklist: (none)
3259731560	ID:3	FUZZRID,DET,17,796,796,0,0,0,0,0,0,0,0,0,0
3267491822	ID:9	[HFS] ra=0 si=0 cx=49 ac=0
3267497205	ID:9	[LIST] Neighbors: 14,24,6,12,29,15,22
3267500842	ID:9	[LIST] Quarantine: (none)
3267504339	ID:9	[LIST] Blacklist: (none)
3267510818	ID:9	FUZZRID,DET,22,1642,1642,0,0,0,0,0,0,5,0,0,0
3276915860	ID:13	[HFS] ra=0 si=0 cx=49 ac=0
3276920643	ID:13	[LIST] Neighbors: 2,28,19,10,7,25
3276924280	ID:13	[LIST] Quarantine: (none)
3276927802	ID:13	[LIST] Blacklist: (none)
3276934120	ID:13	FUZZRID,DET,7,1110,1110,0,0,0,0,0,0,0,0,0,0
3282496025	ID:19	[HFS] ra=0 si=0 cx=49 ac=0
3282500808	ID:19	[LIST] Neighbors: 2,28,27,4,13,10
3282504455	ID:19	[LIST] Quarantine: (none)
3282507951	ID:19	[LIST] Blacklist: (none)
3282513906	ID:19	FUZZRID,DET,4,515,515,0,0,0,0,0,0,0,0,0,0
3290536545	ID:30	[ATK-FAKE-RANK]  true_rank=1310 fake_rank=2326 t=11720s
3290567584	ID:8	[HFS] ra=74 si=49 cx=49 ac=82
3290571515	ID:8	[LIST] Neighbors: 7,25,5,30
3290575152	ID:8	[LIST] Quarantine: (none)
3290578649	ID:8	[LIST] Blacklist: (none)
3290586656	ID:8	FUZZRID,DET,30,2326,1310,1016,0,100,100,10,0,0,0,82,75
3292052287	ID:22	[HFS] ra=0 si=0 cx=49 ac=0
3292057681	ID:22	[LIST] Neighbors: 24,16,9,29,31,26,18
3292061318	ID:22	[LIST] Quarantine: (none)
3292064264	ID:16	[HFS] ra=0 si=0 cx=49 ac=0
3292064815	ID:22	[LIST] Blacklist: (none)
3292068501	ID:16	[LIST] Neighbors: 31,26,22,18
3292071294	ID:22	FUZZRID,DET,18,1938,1938,0,0,0,0,0,0,4,0,0,0
3292072138	ID:16	[LIST] Quarantine: (none)
3292075635	ID:16	[LIST] Blacklist: (none)
3292082100	ID:16	FUZZRID,DET,18,1938,1938,0,0,0,0,0,0,3,0,0,0
3294065558	ID:23	[ATK-FAKE-RANK]  true_rank=836 fake_rank=1658 t=11720s
3295556204	ID:28	[ATK-FAKE-RANK]  true_rank=512 fake_rank=1212 t=11720s
3295844473	ID:11	[HFS] ra=0 si=0 cx=49 ac=0
3295848124	ID:11	[LIST] Neighbors: 6,15,12
3295851760	ID:11	[LIST] Quarantine: (none)
3295855289	ID:11	[LIST] Blacklist: (none)
3295861604	ID:11	FUZZRID,DET,6,1404,1404,0,0,0,0,0,0,0,0,0,0
3300160833	ID:5	 422403 P 0.0 54 1510838 106619321 331658 888265 0 741761 30483 1935394 8613 17225 0 12703 (radio 1.-67% / 1.31% tx 0.30% / 0.43% listen 0.02% / 0.87%)
3300271094	ID:12	 422403 P 0.0 54 1927177 106198246 416289 943886 0 748175 28574 1937341 5249 17388 0 14586 (radio 1.-94% / 1.15% tx 0.38% / 0.26% listen 0.07% / 0.88%)
3300301774	ID:4	 422403 P 0.0 54 1448159 106681172 214794 865938 0 759033 20920 1944760 987 14661 0 13475 (radio 0.20% / 0.79% tx 0.19% / 0.05% listen 0.00% / 0.74%)
3300360764	ID:3	 422403 P 0.0 54 2415215 105714702 615411 1073759 0 784175 38904 1927158 7915 18225 0 14750 (radio 1.-63% / 1.32% tx 0.17% / 0.40% listen 0.19% / 0.92%)
3300419384	ID:21	 422403 P 0.0 54 1949114 106178692 338118 1007276 0 773578 40835 1925231 9319 18672 0 12981 (radio 1.-95% / 1.42% tx 0.31% / 0.47% listen 0.13% / 0.94%)
3300463523	ID:16	 422403 P 0.0 54 1976704 106153387 538826 983000 0 731929 35437 1930500 9981 17574 0 12534 (radio 1.-79% / 1.40% tx 0.10% / 0.50% listen 0.11% / 0.89%)
3300515838	ID:9	 422403 P 0.0 54 2908680 105221057 804224 1274060 0 893129 52653 1913398 15022 22804 0 14976 (radio 1.-67% / 1.92% tx 0.34% / 0.76% listen 1.-62% / 1.15%)
3300597804	ID:1	 422405 P 0.0 54 4286645 103843287 1569628 106561031 0 0 71823 1894206 27884 1938173 0 0 (radio 20.-1970% / 100.-8739% tx 1.-75% / 1.41% listen 19.-1896% / 98.-8681%)
3300632826	ID:7	 422403 P 0.0 54 3107030 105022272 1039638 1218163 0 736440 44962 1921083 11684 19508 0 13029 (radio 2.-190% / 1.58% tx 0.16% / 0.59% listen 1.-67% / 0.99%)
3300659751	ID:6	 422403 P 0.0 54 2334945 105796022 533531 1030519 0 810994 51336 1914684 17510 21219 0 13965 (radio 1.-75% / 1.96% tx 0.09% / 0.89% listen 0.15% / 1.07%)
3300671663	ID:20	 422403 P 0.0 54 3924520 104204281 1335931 1476555 0 797663 76074 1889857 31043 28475 0 14863 (radio 2.-179% / 3.02% tx 1.-96% / 1.57% listen 1.-83% / 1.44%)
3300692836	ID:2	 422403 P 0.0 54 3735404 104392439 860535 1481009 0 877108 76261 1889724 25702 30189 0 15761 (radio 2.-183% / 2.84% tx 0.00% / 1.30% listen 1.-83% / 1.53%)
3300702572	ID:22	 422403 P 0.0 54 2573684 105554980 592823 1137125 0 861350 31362 1934472 3023 14183 0 13845 (radio 1.-99% / 0.87% tx 0.15% / 0.15% listen 1.-75% / 0.72%)
3300778172	ID:15	 422403 P 0.0 54 3101819 105027278 864402 1249263 0 842792 61393 1904621 20929 23845 0 13778 (radio 1.-64% / 2.27% tx 0.00% / 1.06% listen 1.-64% / 1.21%)
3300894625	ID:19	 422403 P 0.0 54 2073522 106056813 253197 1050314 0 873658 37874 1928190 4981 19776 0 15847 (radio 1.-99% / 1.25% tx 0.23% / 0.25% listen 0.17% / 1.00%)
3300940914	ID:13	 422403 P 0.0 54 2341588 105788558 561599 1063924 0 807996 45542 1920443 11837 20688 0 14142 (radio 1.-69% / 1.65% tx 0.12% / 0.60% listen 0.18% / 1.05%)
3300956929	ID:17	 422403 P 0.0 54 1682645 106443654 366992 936492 0 768874 30099 1935749 7547 16498 0 12527 (radio 1.-99% / 1.22% tx 0.33% / 0.38% listen 0.07% / 0.83%)
3301007182	ID:11	 422404 P 0.0 54 1527104 106603559 331456 862372 0 714889 29055 1937294 7103 17912 0 13986 (radio 1.-70% / 1.27% tx 0.30% / 0.36% listen 0.00% / 0.91%)
3301026753	ID:18	 422403 P 0.0 54 1748528 106380256 392712 900682 0 736933 23682 1942372 3238 12961 0 12727 (radio 1.-100% / 0.82% tx 0.36% / 0.16% listen 0.03% / 0.65%)
3301064454	ID:10	 422403 P 0.0 54 2610012 105519616 595114 1276864 0 995417 51092 1914870 16749 24970 0 18861 (radio 1.-86% / 2.12% tx 0.15% / 0.85% listen 1.-62% / 1.27%)
3301092625	ID:8	 422403 P 0.0 54 1860268 106270528 407523 930542 0 741979 37472 1928577 10568 17895 0 12398 (radio 1.-96% / 1.44% tx 0.37% / 0.53% listen 0.06% / 0.91%)
3301115934	ID:14	 422403 P 0.0 54 2953753 105177437 772828 1283040 0 882222 58240 1907805 19727 25731 0 15956 (radio 1.-69% / 2.31% tx 0.31% / 1.00% listen 1.-61% / 1.30%)
3301206216	ID:31	[ATK-FAKE-RANK]  true_rank=1123 fake_rank=1629 t=11720s
3301303741	ID:22	[HFS] ra=74 si=49 cx=49 ac=82
3301309112	ID:22	[LIST] Neighbors: 24,16,9,29,31,26,18
3301312782	ID:22	[LIST] Quarantine: (none)
3301316279	ID:22	[LIST] Blacklist: (none)
3301323966	ID:22	FUZZRID,DET,31,1629,1123,506,0,100,100,4,0,2,0,82,75
3306298358	ID:23	[ATK-FAKE-RANK]  true_rank=836 fake_rank=1678 t=11720s
3306398038	ID:20	[HFS] ra=74 si=49 cx=49 ac=82
3306403393	ID:20	[LIST] Neighbors: 2,10,25,14,28,23,24
3306407030	ID:20	[LIST] Quarantine: (none)
3306410527	ID:20	[LIST] Blacklist: (none)
3306415205	ID:10	[HFS] ra=74 si=49 cx=49 ac=82
3306418033	ID:20	FUZZRID,DET,23,1678,836,842,0,100,100,9,0,2,0,82,55
3306419965	ID:2	[HFS] ra=74 si=49 cx=49 ac=82
3306420841	ID:10	[LIST] Neighbors: 2,28,13,7,25,20,23,19
3306424511	ID:10	[LIST] Quarantine: (none)
3306425761	ID:2	[LIST] Neighbors: 28,19,27,13,10,3,20,23
3306428007	ID:10	[LIST] Blacklist: (none)
3306429425	ID:2	[LIST] Quarantine: (none)
3306432922	ID:2	[LIST] Blacklist: (none)
3306435652	ID:10	FUZZRID,DET,23,1678,836,842,0,100,100,29,0,0,0,82,55
3306440567	ID:2	FUZZRID,DET,23,1678,836,842,0,100,100,86,0,4,0,82,55
3311970247	ID:26	[ATK-FAKE-RANK]  true_rank=1685 fake_rank=1944 t=11720s
3312000694	ID:18	[HFS] ra=74 si=49 cx=49 ac=82
3312004931	ID:18	[LIST] Neighbors: 26,22,29,16
3312008567	ID:18	[LIST] Quarantine: (none)
3312012078	ID:18	[LIST] Blacklist: (none)
3312019895	ID:18	FUZZRID,DET,26,1944,1685,259,0,97,100,19,16,2,0,82,75
3319665129	ID:10	[HFS] ra=0 si=0 cx=49 ac=0
3319670795	ID:10	[LIST] Neighbors: 2,28,13,7,25,20,23,19
3319674431	ID:10	[LIST] Quarantine: (none)
3319677928	ID:10	[LIST] Blacklist: (none)
3319683883	ID:10	FUZZRID,DET,2,512,512,0,0,0,0,0,0,4,0,0,0
3321261363	ID:5	[HFS] ra=0 si=0 cx=49 ac=0
3321264867	ID:5	[LIST] Neighbors: 7,8,25
3321268503	ID:5	[LIST] Quarantine: (none)
3321272000	ID:5	[LIST] Blacklist: (none)
3321278315	ID:5	FUZZRID,DET,8,1377,1377,0,0,0,0,0,0,0,0,0,0
3321621409	ID:12	[HFS] ra=0 si=0 cx=49 ac=0
3321625786	ID:12	[LIST] Neighbors: 9,29,15,11,6
3321629423	ID:12	[LIST] Quarantine: (none)
3321632920	ID:12	[LIST] Blacklist: (none)
3321639373	ID:12	FUZZRID,DET,11,1720,1720,0,0,0,0,0,0,0,0,0,0
3328519749	ID:20	[HFS] ra=0 si=0 cx=49 ac=0
3328525118	ID:20	[LIST] Neighbors: 2,10,25,14,28,23,24
3328528755	ID:20	[LIST] Quarantine: (none)
3328532252	ID:20	[LIST] Blacklist: (none)
3328538359	ID:20	FUZZRID,DET,10,789,789,0,0,0,0,0,0,1,0,0,0
3331900928	ID:4	[HFS] ra=0 si=0 cx=49 ac=0
3331904738	ID:4	[LIST] Neighbors: 21,19,27
3331908375	ID:4	[LIST] Quarantine: (none)
3331911872	ID:4	[LIST] Blacklist: (none)
3331917976	ID:4	FUZZRID,DET,21,512,512,0,0,0,0,0,0,0,0,0,0
3345792937	ID:2	[HFS] ra=0 si=0 cx=49 ac=0
3345798733	ID:2	[LIST] Neighbors: 28,19,27,13,10,3,20,23
3345802370	ID:2	[LIST] Quarantine: (none)
3345805866	ID:2	[LIST] Blacklist: (none)
3345811821	ID:2	FUZZRID,DET,3,768,768,0,0,0,0,0,0,1,0,0,0
3350386074	ID:6	[HFS] ra=0 si=0 cx=49 ac=0
3350391017	ID:6	[LIST] Neighbors: 14,30,9,15,12,11
3350394654	ID:6	[LIST] Quarantine: (none)
3350398151	ID:6	[LIST] Blacklist: (none)
3350404639	ID:6	FUZZRID,DET,12,1624,1624,0,0,0,0,0,0,3,0,0,0
3350613913	ID:29	[ATK-FAKE-RANK]  true_rank=1566 fake_rank=2631 t=11720s
3350746857	ID:12	[HFS] ra=74 si=49 cx=49 ac=82
3350751214	ID:12	[LIST] Neighbors: 9,29,15,11,6
3350754851	ID:12	[LIST] Quarantine: (none)
3350758347	ID:12	[LIST] Blacklist: (none)
3350766394	ID:12	FUZZRID,DET,29,2631,1566,1065,0,100,100,43,0,2,0,82,75
3360159988	ID:5	 430083 P 0.0 55 1528308 108567722 331658 901511 0 754990 17468 1948401 0 13246 0 13229 (radio 1.-67% / 0.67% tx 0.30% / 0.00% listen 0.03% / 0.67%)
3360271108	ID:12	 430083 P 0.0 55 1958660 108132787 421803 959954 0 761618 31481 1934541 5514 16068 0 13443 (radio 1.-92% / 1.09% tx 0.38% / 0.28% listen 0.09% / 0.81%)
3360302076	ID:4	 430083 P 0.0 55 1474495 108620607 219136 879911 0 770493 26334 1939435 4342 13973 0 11460 (radio 0.21% / 0.93% tx 0.19% / 0.22% listen 0.01% / 0.71%)
3360360776	ID:3	 430083 P 0.0 55 2445656 107650328 619089 1088895 0 797335 30439 1935626 3678 15136 0 13160 (radio 1.-62% / 0.95% tx 0.17% / 0.18% listen 0.20% / 0.76%)
3360419405	ID:21	 430083 P 0.0 55 1979177 108114705 342886 1021619 0 785521 30061 1936013 4768 14343 0 11943 (radio 1.-94% / 0.97% tx 0.31% / 0.24% listen 0.14% / 0.72%)
3360462631	ID:16	 430083 P 0.0 55 1994847 108100923 538826 995980 0 744909 18141 1947536 0 12980 0 12980 (radio 1.-78% / 0.66% tx 0.09% / 0.00% listen 0.12% / 0.66%)
3360515731	ID:9	 430083 P 0.0 55 2937856 107157945 806548 1289688 0 908032 29175 1936888 2324 15628 0 14903 (radio 1.-66% / 0.91% tx 0.34% / 0.11% listen 1.-100% / 0.79%)
3360596910	ID:1	 430085 P 0.0 55 4311152 105784849 1569628 108527111 0 0 24506 1941562 0 1966079 0 0 (radio 21.-2087% / 100.-8739% tx 1.-75% / 0.00% listen 20.-1974% / 100.-8739%)
3360632552	ID:7	 430083 P 0.0 55 3143960 106951403 1048116 1234144 0 749018 36929 1929131 8478 15981 0 12578 (radio 2.-188% / 1.24% tx 0.17% / 0.43% listen 1.-66% / 0.81%)
3360659793	ID:6	 430083 P 0.0 55 2382760 107714227 547192 1050413 0 823587 47814 1918205 13661 19894 0 12593 (radio 1.-72% / 1.70% tx 0.10% / 0.69% listen 0.17% / 1.01%)
3360671415	ID:20	 430083 P 0.0 55 3964104 106130760 1340975 1494060 0 810602 39583 1926479 5044 17505 0 12939 (radio 2.-177% / 1.14% tx 1.-96% / 0.25% listen 1.-82% / 0.89%)
3360692573	ID:2	 430083 P 0.0 55 3786388 106307459 869438 1499317 0 889687 50983 1915020 8903 18308 0 12579 (radio 2.-180% / 1.38% tx 0.00% / 0.45% listen 1.-81% / 0.93%)
3360703848	ID:22	 430083 P 0.0 55 2614789 107479620 601802 1154200 0 874218 41104 1924640 8979 17075 0 12868 (radio 1.-97% / 1.32% tx 0.15% / 0.45% listen 1.-74% / 0.86%)
3360777935	ID:15	 430083 P 0.0 55 3129376 106965787 865453 1264407 0 857465 27556 1938509 1051 15144 0 14673 (radio 1.-63% / 0.82% tx 0.00% / 0.05% listen 1.-64% / 0.77%)
3360893798	ID:19	 430083 P 0.0 55 2099160 107997249 253197 1063700 0 887044 25636 1940436 0 13386 0 13386 (radio 1.-98% / 0.68% tx 0.22% / 0.00% listen 0.18% / 0.68%)
3360939779	ID:13	 430083 P 0.0 55 2365340 107730860 561599 1077766 0 821838 23751 1942302 0 13842 0 13842 (radio 1.-69% / 0.70% tx 0.11% / 0.00% listen 0.19% / 0.70%)
3360956080	ID:17	 430083 P 0.0 55 1700717 108391253 366992 949183 0 781565 18070 1947599 0 12691 0 12691 (radio 1.-98% / 0.64% tx 0.33% / 0.00% listen 0.08% / 0.64%)
3360994085	ID:11	 430083 P 0.0 55 1554803 108541351 338427 878378 0 727460 27698 1937792 6971 16006 0 12571 (radio 1.-68% / 1.16% tx 0.30% / 0.35% listen 0.01% / 0.81%)
3361026577	ID:18	 430083 P 0.0 55 1777819 108317022 398848 916487 0 749662 29290 1936766 6136 15805 0 12729 (radio 1.-98% / 1.11% tx 0.36% / 0.31% listen 0.05% / 0.80%)
3361064912	ID:10	 430083 P 0.0 55 2664731 107430940 609445 1298172 0 1008519 54718 1911324 14331 21308 0 13102 (radio 1.-83% / 1.81% tx 0.16% / 0.72% listen 1.-100% / 1.08%)
3361092351	ID:8	 430083 P 0.0 55 1884350 108212505 410378 943640 0 754215 24080 1941977 2855 13098 0 12236 (radio 1.-95% / 0.81% tx 0.37% / 0.14% listen 0.07% / 0.66%)
3361115655	ID:14	 430083 P 0.0 55 2995663 107101595 782439 1300348 0 894913 41908 1924158 9611 17308 0 12691 (radio 1.-67% / 1.36% tx 0.32% / 0.48% listen 1.-99% / 0.88%)
3364115773	ID:9	[HFS] ra=0 si=0 cx=49 ac=0
3364121142	ID:9	[LIST] Neighbors: 14,24,6,12,29,15,22
3364124779	ID:9	[LIST] Quarantine: (none)
3364127278	ID:18	[HFS] ra=0 si=0 cx=49 ac=0
3364128285	ID:9	[LIST] Blacklist: (none)
3364131544	ID:18	[LIST] Neighbors: 26,22,29,16
3364134738	ID:9	FUZZRID,DET,22,1642,1642,0,0,0,0,0,0,5,0,0,0
3364135180	ID:18	[LIST] Quarantine: (none)
3364138678	ID:18	[LIST] Blacklist: (none)
3364145130	ID:18	FUZZRID,DET,22,1642,1642,0,0,0,0,0,0,2,0,0,0
3369669365	ID:24	[ATK-FAKE-RANK]  true_rank=1092 fake_rank=1796 t=11720s
3369717145	ID:14	[HFS] ra=74 si=49 cx=49 ac=82
3369722369	ID:14	[LIST] Neighbors: 20,25,30,24,9,6,15
3369726006	ID:14	[LIST] Quarantine: (none)
3369729503	ID:14	[LIST] Blacklist: (none)
3369737330	ID:14	FUZZRID,DET,24,1796,1092,704,0,100,100,19,0,0,0,82,75
3371751331	ID:18	[HFS] ra=0 si=0 cx=49 ac=0
3371755567	ID:18	[LIST] Neighbors: 26,22,29,16
3371759204	ID:18	[LIST] Quarantine: (none)
3371762701	ID:18	[LIST] Blacklist: (none)
3371769154	ID:18	FUZZRID,DET,16,1928,1928,0,0,0,0,0,0,8,0,0,0
3375666581	ID:25	[ATK-FAKE-RANK]  true_rank=1116 fake_rank=2096 t=11720s
3375718609	ID:14	[HFS] ra=74 si=49 cx=49 ac=82
3375723833	ID:14	[LIST] Neighbors: 20,25,30,24,9,6,15
3375727471	ID:14	[LIST] Quarantine: (none)
3375730968	ID:14	[LIST] Blacklist: (none)
3375738795	ID:14	FUZZRID,DET,25,2096,1116,980,0,100,100,13,0,0,0,82,75
3380511540	ID:31	[ATK-FAKE-RANK]  true_rank=1123 fake_rank=1649 t=11720s
3385993029	ID:28	[ATK-FAKE-RANK]  true_rank=512 fake_rank=1232 t=11720s
3386021069	ID:20	[HFS] ra=74 si=49 cx=49 ac=82
3386026425	ID:20	[LIST] Neighbors: 2,10,25,14,28,23,24
3386030062	ID:20	[LIST] Quarantine: (none)
3386033559	ID:20	[LIST] Blacklist: (none)
3386041236	ID:20	FUZZRID,DET,28,1232,512,720,0,100,100,56,0,1,0,82,75
3389777530	ID:4	[HFS] ra=0 si=0 cx=49 ac=0
3389781341	ID:4	[LIST] Neighbors: 21,19,27
3389784978	ID:4	[LIST] Quarantine: (none)
3389788475	ID:4	[LIST] Blacklist: (none)
3389794568	ID:4	FUZZRID,DET,19,512,512,0,0,0,0,0,0,0,0,0,0
3391178862	ID:22	[HFS] ra=0 si=0 cx=49 ac=0
3391184232	ID:22	[LIST] Neighbors: 24,16,9,29,31,26,18
3391186367	ID:16	[HFS] ra=0 si=0 cx=49 ac=0
3391187868	ID:22	[LIST] Quarantine: (none)
3391190631	ID:16	[LIST] Neighbors: 31,26,22,18
3391191365	ID:22	[LIST] Blacklist: (none)
3391194268	ID:16	[LIST] Quarantine: (none)
3391197765	ID:16	[LIST] Blacklist: (none)
3391197832	ID:22	FUZZRID,DET,18,1930,1930,0,0,0,0,0,0,4,0,0,0
3391204218	ID:16	FUZZRID,DET,18,1930,1930,0,0,0,0,0,0,0,0,0,0
3391882840	ID:6	[HFS] ra=0 si=0 cx=49 ac=0
3391887783	ID:6	[LIST] Neighbors: 14,30,9,15,12,11
3391891420	ID:6	[LIST] Quarantine: (none)
3391894917	ID:6	[LIST] Blacklist: (none)
3391901230	ID:6	FUZZRID,DET,9,1297,1297,0,0,0,0,0,0,3,0,0,0
3395912890	ID:27	[ATK-FAKE-RANK]  true_rank=512 fake_rank=1192 t=11720s
3396059770	ID:17	[HFS] ra=74 si=49 cx=49 ac=82
3396063861	ID:17	[LIST] Neighbors: 21,27,3,31
3396067498	ID:17	[LIST] Quarantine: (none)
3396070995	ID:17	[LIST] Blacklist: (none)
3396078680	ID:17	FUZZRID,DET,27,1192,512,680,0,100,100,20,0,0,0,82,75
3397691578	ID:8	[HFS] ra=0 si=0 cx=49 ac=0
3397695508	ID:8	[LIST] Neighbors: 7,25,5,30
3397699145	ID:8	[LIST] Quarantine: (none)
3397702642	ID:8	[LIST] Blacklist: (none)
3397708957	ID:8	FUZZRID,DET,5,1385,1385,0,0,0,0,0,0,0,0,0,0
3404275715	ID:26	[ATK-FAKE-RANK]  true_rank=1685 fake_rank=1964 t=11720s
3404314476	ID:16	[HFS] ra=74 si=49 cx=49 ac=82
3404318748	ID:16	[LIST] Neighbors: 31,26,22,18
3404322384	ID:16	[LIST] Quarantine: (none)
3404325881	ID:16	[LIST] Blacklist: (none)
3404333879	ID:16	FUZZRID,DET,26,1964,1685,279,0,100,100,18,33,0,0,82,75
3408895640	ID:30	[ATK-FAKE-RANK]  true_rank=1308 fake_rank=2346 t=11720s
3409008445	ID:6	[HFS] ra=74 si=49 cx=49 ac=82
3409013388	ID:6	[LIST] Neighbors: 14,30,9,15,12,11
3409017025	ID:6	[LIST] Quarantine: (none)
3409020522	ID:6	[LIST] Blacklist: (none)
3409028530	ID:6	FUZZRID,DET,30,2346,1308,1038,0,100,100,16,0,1,0,82,75
3416665573	ID:13	[HFS] ra=0 si=0 cx=49 ac=0
3416670356	ID:13	[LIST] Neighbors: 2,28,19,10,7,25
3416673993	ID:13	[LIST] Quarantine: (none)
3416677522	ID:13	[LIST] Blacklist: (none)
3416683477	ID:13	FUZZRID,DET,2,512,512,0,0,0,0,0,0,1,0,0,0
3420160841	ID:5	 437763 P 0.0 56 1552978 110508961 336714 916258 0 767371 24668 1941239 5056 14747 0 12381 (radio 1.-65% / 1.00% tx 0.30% / 0.25% listen 0.05% / 0.75%)
3420270286	ID:12	 437763 P 0.0 56 1978607 110078912 421803 972134 0 773798 19946 1946125 0 12180 0 12180 (radio 1.-91% / 0.61% tx 0.37% / 0.00% listen 0.10% / 0.61%)
3420302222	ID:4	 437763 P 0.0 56 1505775 110555222 225787 895796 0 782535 31278 1934615 6651 15885 0 12042 (radio 1.-77% / 1.14% tx 0.20% / 0.33% listen 0.03% / 0.80%)
3420360941	ID:3	 437763 P 0.0 56 2473672 109588378 621353 1103093 0 810243 28015 1938050 2264 14198 0 12908 (radio 1.-100% / 0.83% tx 0.17% / 0.11% listen 0.21% / 0.72%)
3420419100	ID:21	 437763 P 0.0 56 2003439 110056520 343129 1035290 0 798304 24261 1941815 243 13671 0 12783 (radio 1.-92% / 0.70% tx 0.30% / 0.01% listen 0.15% / 0.69%)
3420463814	ID:16	 437763 P 0.0 56 2022294 110039474 542687 1010796 0 757536 27445 1938551 3861 14816 0 12627 (radio 1.-77% / 0.95% tx 0.10% / 0.19% listen 0.13% / 0.75%)
3420515838	ID:9	 437763 P 0.0 56 2974732 109086949 811967 1306336 0 921925 36875 1929004 5419 16648 0 13893 (radio 1.-65% / 1.12% tx 0.34% / 0.27% listen 1.-99% / 0.84%)
3420596909	ID:1	 437765 P 0.0 56 4336251 107725819 1569628 110493191 0 0 25097 1940970 0 1966078 0 0 (radio 23.-2265% / 100.-8739% tx 1.-75% / 0.00% listen 21.-2090% / 100.-8739%)
3420632542	ID:7	 437763 P 0.0 56 3173029 108888392 1051056 1248279 0 761375 29068 1936989 2940 14135 0 12357 (radio 2.-187% / 0.86% tx 0.17% / 0.14% listen 1.-66% / 0.71%)
3420659474	ID:6	 437763 P 0.0 56 2411788 109651216 548871 1064745 0 836636 29027 1936989 1679 14332 0 13049 (radio 1.-71% / 0.81% tx 0.10% / 0.08% listen 0.18% / 0.72%)
3420671424	ID:20	 437763 P 0.0 56 4002580 108058346 1347109 1511228 0 824512 38474 1927586 6134 17168 0 13910 (radio 2.-175% / 1.18% tx 1.-95% / 0.31% listen 1.-81% / 0.87%)
3420692555	ID:2	 437763 P 0.0 56 3821634 108238074 872243 1513986 0 903118 35245 1930615 2805 14669 0 13431 (radio 2.-179% / 0.88% tx 0.01% / 0.14% listen 1.-80% / 0.74%)
3420704011	ID:22	 437763 P 0.0 56 2652695 109407366 607787 1169989 0 887736 37905 1927746 5985 15789 0 13518 (radio 1.-95% / 1.10% tx 0.15% / 0.30% listen 1.-73% / 0.80%)
3420778099	ID:15	 437763 P 0.0 56 3169133 108891982 873127 1281580 0 870574 39756 1926195 7674 17173 0 13109 (radio 1.-100% / 1.26% tx 0.01% / 0.39% listen 1.-63% / 0.87%)
3420894668	ID:19	 437763 P 0.0 56 2137435 109925041 260707 1080638 0 900652 38273 1927792 7510 16938 0 13608 (radio 1.-96% / 1.24% tx 0.23% / 0.38% listen 0.19% / 0.86%)
3420939775	ID:13	 437763 P 0.0 56 2390096 109672115 561599 1090991 0 834834 24754 1941255 0 13225 0 12996 (radio 1.-68% / 0.67% tx 0.11% / 0.00% listen 0.20% / 0.67%)
3420956920	ID:17	 437763 P 0.0 56 1729544 110328165 372892 964724 0 793921 28825 1936912 5900 15541 0 12356 (radio 1.-96% / 1.09% tx 0.33% / 0.30% listen 0.09% / 0.79%)
3420993219	ID:11	 437763 P 0.0 56 1571260 110490963 338427 890289 0 739371 16456 1949612 0 11911 0 11911 (radio 1.-68% / 0.60% tx 0.30% / 0.00% listen 0.02% / 0.60%)
3421026571	ID:18	 437763 P 0.0 56 1809057 110251816 405080 930815 0 761569 31237 1934794 6232 14328 0 11907 (radio 1.-96% / 1.04% tx 0.36% / 0.31% listen 0.06% / 0.72%)
3421064491	ID:10	 437763 P 0.0 56 2703866 109357856 617382 1314870 0 1021782 39134 1926916 7937 16698 0 13263 (radio 1.-81% / 1.25% tx 0.16% / 0.40% listen 1.-98% / 0.84%)
3421092357	ID:8	 437763 P 0.0 56 1910240 110152612 413177 958026 0 766757 25889 1940107 2799 14386 0 12542 (radio 1.-93% / 0.87% tx 0.36% / 0.14% listen 0.08% / 0.73%)
3421115934	ID:14	 437763 P 0.0 56 3046888 109016433 794536 1320673 0 907424 51224 1914838 12097 20325 0 12511 (radio 1.-65% / 1.64% tx 0.32% / 0.61% listen 1.-98% / 1.03%)
3422614163	ID:9	[HFS] ra=0 si=0 cx=49 ac=0
3422619533	ID:9	[LIST] Neighbors: 14,24,6,12,29,15,22
3422623169	ID:9	[LIST] Quarantine: (none)
3422626666	ID:9	[LIST] Blacklist: (none)
3422632982	ID:9	FUZZRID,DET,6,1374,1374,0,0,0,0,0,0,4,0,0,0
3434395297	ID:29	[ATK-FAKE-RANK]  true_rank=1564 fake_rank=2651 t=11720s
3434504059	ID:15	[HFS] ra=74 si=49 cx=49 ac=82
3434509709	ID:15	[LIST] Neighbors: 9,14,29,24,12,11,6,30
3434513346	ID:15	[LIST] Quarantine: (none)
3434516842	ID:15	[LIST] Blacklist: (none)
3434524850	ID:15	FUZZRID,DET,29,2651,1564,1087,0,100,100,32,0,7,0,82,75
3445552026	ID:22	[HFS] ra=0 si=0 cx=49 ac=0
3445557402	ID:22	[LIST] Neighbors: 24,16,9,29,31,26,18
3445561039	ID:22	[LIST] Quarantine: (none)
3445564536	ID:22	[LIST] Blacklist: (none)
3445571014	ID:22	FUZZRID,DET,16,1928,1928,0,0,0,0,0,0,6,0,0,0
3446810171	ID:1	[HFS] ra=0 si=0 cx=49 ac=0
3446815235	ID:1	[LIST] Neighbors: 2,21,28,4,19,27,3
3446818872	ID:1	[LIST] Quarantine: (none)
3446822369	ID:1	[LIST] Blacklist: (none)
3446828324	ID:1	FUZZRID,DET,4,515,515,0,0,0,0,0,0,0,0,0,0
3448974175	ID:24	[ATK-FAKE-RANK]  true_rank=1092 fake_rank=1816 t=11720s
3449116080	ID:9	[HFS] ra=74 si=49 cx=49 ac=82
3449121450	ID:9	[LIST] Neighbors: 14,24,6,12,29,15,22
3449125087	ID:9	[LIST] Quarantine: (none)
3449128584	ID:9	[LIST] Blacklist: (none)
3449136410	ID:9	FUZZRID,DET,24,1816,1092,724,0,100,100,29,0,0,0,82,75
3452737484	ID:23	[ATK-FAKE-RANK]  true_rank=836 fake_rank=1698 t=11720s
3461414539	ID:13	[HFS] ra=0 si=0 cx=49 ac=0
3461414598	ID:10	[HFS] ra=0 si=0 cx=49 ac=0
3461419322	ID:13	[LIST] Neighbors: 2,28,19,10,7,25
3461420236	ID:10	[LIST] Neighbors: 2,28,13,7,25,20,23,19
3461422958	ID:13	[LIST] Quarantine: (none)
3461423873	ID:10	[LIST] Quarantine: (none)
3461426455	ID:13	[LIST] Blacklist: (none)
3461427369	ID:10	[LIST] Blacklist: (none)
3461432772	ID:13	FUZZRID,DET,7,1100,1100,0,0,0,0,0,0,0,0,0,0
3461433687	ID:10	FUZZRID,DET,7,1100,1100,0,0,0,0,0,0,0,0,0,0
3473416503	ID:2	[HFS] ra=0 si=0 cx=49 ac=0
3473422299	ID:2	[LIST] Neighbors: 28,19,27,13,10,3,20,23
3473425936	ID:2	[LIST] Quarantine: (none)
3473429432	ID:2	[LIST] Blacklist: (none)
3473435564	ID:2	FUZZRID,DET,13,785,785,0,0,0,0,0,0,5,0,0,0
3473480209	ID:7	[HFS] ra=0 si=0 cx=49 ac=0
3473485029	ID:7	[LIST] Neighbors: 28,13,10,25,5,8
3473488666	ID:7	[LIST] Quarantine: (none)
3473492163	ID:7	[LIST] Blacklist: (none)
3473498258	ID:7	FUZZRID,DET,13,785,785,0,0,0,0,0,0,1,0,0,0
3474862667	ID:9	[HFS] ra=0 si=0 cx=49 ac=0
3474868037	ID:9	[LIST] Neighbors: 14,24,6,12,29,15,22
3474871674	ID:9	[LIST] Quarantine: (none)
3474875171	ID:9	[LIST] Blacklist: (none)
3474881625	ID:9	FUZZRID,DET,14,1125,1125,0,0,0,0,0,0,7,0,0,0
3475058584	ID:17	[HFS] ra=0 si=0 cx=49 ac=0
3475062674	ID:17	[LIST] Neighbors: 21,27,3,31
3475066311	ID:17	[LIST] Quarantine: (none)
3475069822	ID:17	[LIST] Blacklist: (none)
3475075777	ID:17	FUZZRID,DET,3,768,768,0,0,0,0,0,0,0,0,0,0
3480159991	ID:5	 445443 P 0.0 57 1569513 112458322 336714 928947 0 780060 16533 1949361 0 12689 0 12689 (radio 1.-65% / 0.64% tx 0.29% / 0.00% listen 0.06% / 0.64%)
3480271134	ID:12	 445443 P 0.0 57 2001751 112021835 423820 985371 0 786224 23142 1942923 2017 13237 0 12426 (radio 1.-90% / 0.77% tx 0.37% / 0.10% listen 0.11% / 0.67%)
3480301787	ID:4	 445443 P 0.0 57 1524888 112502178 225893 907627 0 794232 19111 1946956 106 11831 0 11697 (radio 0.24% / 0.60% tx 0.19% / 0.00% listen 0.04% / 0.60%)
3480360776	ID:3	 445443 P 0.0 57 2505172 111522938 625457 1117753 0 822443 31498 1934560 4104 14660 0 12200 (radio 1.-98% / 0.95% tx 0.17% / 0.20% listen 0.22% / 0.74%)
3480419398	ID:21	 445443 P 0.0 57 2029420 111996618 345774 1048056 0 810263 25979 1940098 2645 12766 0 11959 (radio 1.-91% / 0.78% tx 0.30% / 0.13% listen 0.16% / 0.64%)
3480463780	ID:16	 445443 P 0.0 57 2042936 111984775 544061 1023578 0 769848 20640 1945301 1374 12782 0 12312 (radio 1.-76% / 0.72% tx 0.10% / 0.06% listen 0.14% / 0.65%)
3480516324	ID:9	 445443 P 0.0 57 3031659 110996039 827552 1328332 0 935100 56926 1909090 15585 21996 0 13175 (radio 1.-100% / 1.91% tx 0.34% / 0.79% listen 1.-97% / 1.11%)
3480596902	ID:1	 445445 P 0.0 57 4362282 109665860 1569628 112459271 0 0 26029 1940041 0 1966078 0 0 (radio 24.-2382% / 100.-8739% tx 1.-76% / 0.00% listen 23.-2269% / 100.-8739%)
3480632553	ID:7	 445443 P 0.0 57 3204736 110822739 1055205 1261515 0 773752 31705 1934347 4149 13236 0 12377 (radio 2.-186% / 0.88% tx 0.17% / 0.21% listen 1.-65% / 0.67%)
3480659495	ID:6	 445443 P 0.0 57 2443971 111585069 554001 1080744 0 850264 32181 1933853 5130 15999 0 13628 (radio 1.-70% / 1.07% tx 0.10% / 0.26% listen 0.19% / 0.81%)
3480671920	ID:20	 445443 P 0.0 57 4042719 109984277 1354221 1528427 0 837787 40138 1925931 7112 17199 0 13275 (radio 2.-174% / 1.23% tx 1.-95% / 0.36% listen 1.-79% / 0.87%)
3480697188	ID:2	 445443 P 0.0 57 3857852 110168025 872729 1529359 0 916336 36217 1929951 486 15373 0 13218 (radio 2.-178% / 0.80% tx 0.01% / 0.02% listen 1.-79% / 0.78%)
3480702592	ID:22	 445443 P 0.0 57 2695401 111330463 617120 1188107 0 901256 42704 1923097 9333 18118 0 13520 (radio 1.-93% / 1.39% tx 0.16% / 0.47% listen 1.-72% / 0.92%)
3480778075	ID:15	 445443 P 0.0 57 3201342 110825695 875857 1297240 0 884327 32208 1933713 2730 15660 0 13753 (radio 1.-98% / 0.93% tx 0.01% / 0.13% listen 1.-100% / 0.79%)
3480894360	ID:19	 445443 P 0.0 57 2164672 111863874 260869 1093058 0 912609 27235 1938833 162 12420 0 11957 (radio 1.-95% / 0.63% tx 0.22% / 0.00% listen 0.20% / 0.63%)
3480940928	ID:13	 445443 P 0.0 57 2432309 111595883 572780 1106144 0 846466 42211 1923768 11181 15153 0 11632 (radio 1.-66% / 1.33% tx 0.12% / 0.56% listen 0.21% / 0.77%)
3480956940	ID:17	 445443 P 0.0 57 1751781 112271605 374471 977897 0 805940 22236 1943440 1579 13173 0 12019 (radio 1.-95% / 0.75% tx 0.32% / 0.08% listen 0.10% / 0.67%)
3480993227	ID:11	 445443 P 0.0 57 1587687 112440604 338427 902392 0 751474 16425 1949641 0 12103 0 12103 (radio 1.-67% / 0.61% tx 0.29% / 0.00% listen 0.03% / 0.61%)
3481025742	ID:18	 445443 P 0.0 57 1827637 112199292 405080 943355 0 774109 18579 1947476 0 12540 0 12540 (radio 1.-95% / 0.63% tx 0.35% / 0.00% listen 0.07% / 0.63%)
3481064456	ID:10	 445443 P 0.0 57 2737072 111290696 620611 1330749 0 1035706 33204 1932840 3229 15879 0 13924 (radio 1.-80% / 0.97% tx 0.16% / 0.16% listen 1.-97% / 0.80%)
3481092377	ID:8	 445443 P 0.0 57 1944735 112083930 422445 974152 0 778605 34493 1931318 9268 16126 0 11848 (radio 1.-91% / 1.29% tx 0.37% / 0.47% listen 0.10% / 0.82%)
3481115669	ID:14	 445443 P 0.0 57 3089950 110939438 803512 1339046 0 920787 43060 1923005 8976 18373 0 13363 (radio 1.-63% / 1.39% tx 0.32% / 0.45% listen 1.-96% / 0.93%)
3481516606	ID:28	[ATK-FAKE-RANK]  true_rank=512 fake_rank=1252 t=11720s
3486127588	ID:15	[HFS] ra=0 si=0 cx=49 ac=0
3486133224	ID:15	[LIST] Neighbors: 9,14,29,24,12,11,6,30
3486136861	ID:15	[LIST] Quarantine: (none)
3486140382	ID:15	[LIST] Blacklist: (none)
3486146836	ID:15	FUZZRID,DET,11,1720,1720,0,0,0,0,0,0,4,0,0,0
3488463440	ID:25	[ATK-FAKE-RANK]  true_rank=1114 fake_rank=2116 t=11720s
3488511378	ID:5	[HFS] ra=74 si=49 cx=49 ac=82
3488514883	ID:5	[LIST] Neighbors: 7,8,25
3488518520	ID:5	[LIST] Quarantine: (none)
3488520148	ID:20	[HFS] ra=74 si=49 cx=49 ac=82
3488522016	ID:5	[LIST] Blacklist: (none)
3488525504	ID:20	[LIST] Neighbors: 2,10,25,14,28,23,24
3488529141	ID:20	[LIST] Quarantine: (none)
3488530024	ID:5	FUZZRID,DET,25,2116,1114,1002,0,100,100,19,0,0,0,82,75
3488532645	ID:20	[LIST] Blacklist: (none)
3488540654	ID:20	FUZZRID,DET,25,2116,1114,1002,0,100,100,12,0,1,0,82,75
3488542099	ID:13	[HFS] ra=74 si=49 cx=49 ac=82
3488542116	ID:10	[HFS] ra=74 si=49 cx=49 ac=82
3488546883	ID:13	[LIST] Neighbors: 2,28,19,10,7,25
3488547752	ID:10	[LIST] Neighbors: 2,28,13,7,25,20,23,19
3488550520	ID:13	[LIST] Quarantine: (none)
3488551389	ID:10	[LIST] Quarantine: (none)
3488554016	ID:13	[LIST] Blacklist: (none)
3488554886	ID:10	[LIST] Blacklist: (none)
3488562024	ID:13	FUZZRID,DET,25,2116,1114,1002,0,100,100,19,0,0,0,82,75
3488562894	ID:10	FUZZRID,DET,25,2116,1114,1002,0,100,100,77,0,4,0,82,75
3488566836	ID:8	[HFS] ra=74 si=49 cx=49 ac=82
3488570767	ID:8	[LIST] Neighbors: 7,25,5,30
3488574404	ID:8	[LIST] Quarantine: (none)
3488577902	ID:8	[LIST] Blacklist: (none)
3488585910	ID:8	FUZZRID,DET,25,2116,1114,1002,0,100,100,23,0,0,0,82,75
3488592720	ID:14	[HFS] ra=74 si=49 cx=49 ac=82
3488597944	ID:14	[LIST] Neighbors: 20,25,30,24,9,6,15
3488601581	ID:14	[LIST] Quarantine: (none)
3488605078	ID:14	[LIST] Blacklist: (none)
3488609540	ID:7	[HFS] ra=74 si=49 cx=49 ac=82
3488612968	ID:14	FUZZRID,DET,25,2116,1114,1002,0,100,100,5,0,0,0,82,75
3488614337	ID:7	[LIST] Neighbors: 28,13,10,25,5,8
3488617974	ID:7	[LIST] Quarantine: (none)
3488621470	ID:7	[LIST] Blacklist: (none)
3488629511	ID:7	FUZZRID,DET,25,2116,1114,1002,0,100,100,19,0,0,0,82,75
3488996167	ID:12	[HFS] ra=0 si=0 cx=49 ac=0
3489000523	ID:12	[LIST] Neighbors: 9,29,15,11,6
3489004160	ID:12	[LIST] Quarantine: (none)
3489007657	ID:12	[LIST] Blacklist: (none)
3489014110	ID:12	FUZZRID,DET,15,1324,1324,0,0,0,0,0,0,1,0,0,0
3492909844	ID:31	[ATK-FAKE-RANK]  true_rank=1081 fake_rank=1669 t=11720s
3497968312	ID:11	[HFS] ra=0 si=0 cx=49 ac=0
3497971962	ID:11	[LIST] Neighbors: 6,15,12
3497975599	ID:11	[LIST] Quarantine: (none)
3497979096	ID:11	[LIST] Blacklist: (none)
3497985548	ID:11	FUZZRID,DET,12,1622,1622,0,0,0,0,0,0,1,0,0,0
3515768205	ID:25	[ATK-FAKE-RANK]  true_rank=1114 fake_rank=2136 t=11720s
3515819658	ID:8	[HFS] ra=74 si=49 cx=49 ac=82
3515823589	ID:8	[LIST] Neighbors: 7,25,5,30
3515827225	ID:8	[LIST] Quarantine: (none)
3515830722	ID:8	[LIST] Blacklist: (none)
3515838592	ID:8	FUZZRID,DET,25,2136,1114,1022,0,100,100,5,0,0,0,82,75
3518254912	ID:15	[HFS] ra=0 si=0 cx=49 ac=0
3518260548	ID:15	[LIST] Neighbors: 9,14,29,24,12,11,6,30
3518264185	ID:15	[LIST] Quarantine: (none)
3518267682	ID:15	[LIST] Blacklist: (none)
3518273997	ID:15	FUZZRID,DET,9,1381,1381,0,0,0,0,0,0,5,0,0,0
3518278681	ID:30	[ATK-FAKE-RANK]  true_rank=1305 fake_rank=2366 t=11720s
3525136993	ID:29	[ATK-FAKE-RANK]  true_rank=1561 fake_rank=2671 t=11720s
3525245461	ID:12	[HFS] ra=74 si=49 cx=49 ac=82
3525249832	ID:12	[LIST] Neighbors: 9,29,15,11,6
3525253469	ID:12	[LIST] Quarantine: (none)
3525256965	ID:12	[LIST] Blacklist: (none)
3525264990	ID:12	FUZZRID,DET,29,2671,1561,1110,0,100,100,11,0,2,0,82,75
3537268455	ID:21	[HFS] ra=0 si=0 cx=49 ac=0
3537272399	ID:21	[LIST] Neighbors: 4,27,3,17
3537276035	ID:21	[LIST] Quarantine: (none)
3537279532	ID:21	[LIST] Blacklist: (none)
3537285487	ID:21	FUZZRID,DET,4,513,513,0,0,0,0,0,0,0,0,0,0
3537456344	ID:23	[ATK-FAKE-RANK]  true_rank=836 fake_rank=1718 t=11720s
3539915427	ID:13	[HFS] ra=0 si=0 cx=49 ac=0
3539920210	ID:13	[LIST] Neighbors: 2,28,19,10,7,25
3539923847	ID:13	[LIST] Quarantine: (none)
3539927344	ID:13	[LIST] Blacklist: (none)
3539933439	ID:13	FUZZRID,DET,10,777,777,0,0,0,0,0,0,1,0,0,0
3540160865	ID:5	 453123 P 0.0 58 1590891 114402848 338908 942622 0 792809 21376 1944526 2194 13675 0 12749 (radio 1.-64% / 0.80% tx 0.29% / 0.11% listen 0.07% / 0.69%)
3540271690	ID:12	 453123 P 0.0 58 2046186 113943335 436879 1004797 0 798333 44434 1921500 13059 19426 0 12109 (radio 1.-87% / 1.65% tx 0.00% / 0.66% listen 0.12% / 0.98%)
3540301794	ID:4	 453123 P 0.0 58 1545508 114447626 226821 920562 0 806701 20618 1945448 928 12935 0 12469 (radio 0.24% / 0.70% tx 0.19% / 0.04% listen 0.05% / 0.65%)
3540361058	ID:3	 453123 P 0.0 58 2545292 113448884 635879 1135418 0 835532 40119 1925946 10422 17665 0 13089 (radio 1.-96% / 1.42% tx 0.17% / 0.53% listen 0.23% / 0.89%)
3540419083	ID:21	 453123 P 0.0 58 2054689 113937425 346017 1061250 0 822490 25268 1940807 243 13194 0 12227 (radio 1.-90% / 0.68% tx 0.29% / 0.01% listen 0.17% / 0.67%)
3540463791	ID:16	 453123 P 0.0 58 2071594 113921877 550142 1039580 0 782688 28656 1937102 6081 16002 0 12840 (radio 1.-75% / 1.12% tx 0.10% / 0.30% listen 0.15% / 0.81%)
3540515558	ID:9	 453123 P 0.0 58 3069660 112924088 835236 1345747 0 949194 38000 1928049 7684 17415 0 14094 (radio 1.-98% / 1.27% tx 0.34% / 0.39% listen 1.-96% / 0.88%)
3540596916	ID:1	 453125 P 0.0 58 4387998 111606211 1569628 114425351 0 0 25715 1940351 0 1966079 0 0 (radio 25.-2498% / 100.-8739% tx 1.-76% / 0.00% listen 24.-2385% / 100.-8739%)
3540632532	ID:7	 453123 P 0.0 58 3233586 112759941 1057102 1275598 0 786559 28849 1937202 1897 14083 0 12807 (radio 2.-185% / 0.81% tx 0.17% / 0.09% listen 1.-65% / 0.71%)
3540659508	ID:6	 453123 P 0.0 58 2476828 113518226 559660 1095517 0 862538 32856 1933157 5659 14773 0 12274 (radio 1.-69% / 1.03% tx 0.11% / 0.28% listen 0.20% / 0.75%)
3540670575	ID:20	 453123 P 0.0 58 4069553 111923503 1354221 1542187 0 851358 26832 1939226 0 13760 0 13571 (radio 2.-173% / 0.69% tx 1.-95% / 0.00% listen 1.-79% / 0.69%)
3540692566	ID:2	 453123 P 0.0 58 3895110 112096681 876399 1545107 0 930098 37256 1928656 3670 15748 0 13762 (radio 2.-177% / 0.98% tx 0.01% / 0.18% listen 1.-78% / 0.80%)
3540702572	ID:22	 453123 P 0.0 58 2727593 113264283 620900 1203714 0 914747 32190 1933820 3780 15607 0 13491 (radio 1.-91% / 0.98% tx 0.16% / 0.19% listen 1.-71% / 0.79%)
3540777894	ID:15	 453123 P 0.0 58 3241390 112751610 882659 1313648 0 897163 40046 1925915 6802 16408 0 12836 (radio 1.-96% / 1.18% tx 0.02% / 0.34% listen 1.-98% / 0.83%)
3540894972	ID:19	 453123 P 0.0 58 2211184 113783426 271731 1111562 0 925176 46510 1919552 10862 18504 0 12567 (radio 1.-92% / 1.49% tx 0.23% / 0.55% listen 0.21% / 0.94%)
3540940617	ID:13	 453123 P 0.0 58 2460458 113533778 573831 1121319 0 860950 28148 1937895 1051 15175 0 14484 (radio 1.-65% / 0.82% tx 0.12% / 0.05% listen 0.22% / 0.77%)
3540956966	ID:17	 453123 P 0.0 58 1776395 114213045 378375 992176 0 818618 24613 1941440 3904 14279 0 12678 (radio 1.-93% / 0.92% tx 0.32% / 0.19% listen 0.11% / 0.72%)
3540994078	ID:11	 453123 P 0.0 58 1613534 114380705 343555 917447 0 763859 25845 1940101 5128 15055 0 12385 (radio 1.-66% / 1.02% tx 0.29% / 0.26% listen 0.05% / 0.76%)
3541026584	ID:18	 453123 P 0.0 58 1857747 114135236 411822 958918 0 786072 30109 1935944 6742 15563 0 11963 (radio 1.-93% / 1.13% tx 0.35% / 0.34% listen 0.08% / 0.79%)
3541064460	ID:10	 453123 P 0.0 58 2777215 113216487 627976 1348701 0 1050110 40141 1925791 7365 17952 0 14404 (radio 1.-78% / 1.28% tx 0.17% / 0.37% listen 1.-95% / 0.91%)
3541092364	ID:8	 453123 P 0.0 58 1972540 114022185 425735 989000 0 791131 27804 1938255 3290 14848 0 12526 (radio 1.-90% / 0.92% tx 0.36% / 0.16% listen 0.11% / 0.75%)
3541114979	ID:14	 453123 P 0.0 58 3117056 112878395 803512 1353327 0 935058 27105 1938957 0 14281 0 14271 (radio 1.-100% / 0.72% tx 0.32% / 0.00% listen 1.-95% / 0.72%)
3543569054	ID:27	[ATK-FAKE-RANK]  true_rank=512 fake_rank=1212 t=11720s
3543711521	ID:3	[HFS] ra=74 si=49 cx=49 ac=82
3543716451	ID:3	[LIST] Neighbors: 2,23,17,31,27,21
3543720088	ID:3	[LIST] Quarantine: (none)
3543723585	ID:3	[LIST] Blacklist: (none)
3543731265	ID:3	FUZZRID,DET,27,1212,512,700,0,100,100,15,0,0,0,82,75
3548438912	ID:26	[ATK-FAKE-RANK]  true_rank=1681 fake_rank=1984 t=11720s
3562068104	ID:8	[HFS] ra=0 si=0 cx=49 ac=0
3562072035	ID:8	[LIST] Neighbors: 7,25,5,30
3562075672	ID:8	[LIST] Quarantine: (none)
3562079169	ID:8	[LIST] Blacklist: (none)
3562085484	ID:8	FUZZRID,DET,5,1385,1385,0,0,0,0,0,0,0,0,0,0
3563054592	ID:22	[HFS] ra=0 si=0 cx=49 ac=0
3563059962	ID:22	[LIST] Neighbors: 24,16,9,29,31,26,18
3563063621	ID:22	[LIST] Quarantine: (none)
3563067118	ID:22	[LIST] Blacklist: (none)
3563073570	ID:22	FUZZRID,DET,18,1923,1923,0,0,0,0,0,0,0,0,0,0
3565844442	ID:11	[HFS] ra=0 si=0 cx=49 ac=0
3565848092	ID:11	[LIST] Neighbors: 6,15,12
3565851729	ID:11	[LIST] Quarantine: (none)
3565855226	ID:11	[LIST] Blacklist: (none)
3565861540	ID:11	FUZZRID,DET,6,1374,1374,0,0,0,0,0,0,0,0,0,0
3565871220	ID:12	[HFS] ra=0 si=0 cx=49 ac=0
3565875576	ID:12	[LIST] Neighbors: 9,29,15,11,6
3565879213	ID:12	[LIST] Quarantine: (none)
3565882738	ID:12	[LIST] Blacklist: (none)
3565889054	ID:12	FUZZRID,DET,6,1374,1374,0,0,0,0,0,0,1,0,0,0
3567666460	ID:2	[HFS] ra=0 si=0 cx=49 ac=0
3567672256	ID:2	[LIST] Neighbors: 28,19,27,13,10,3,20,23
3567675893	ID:2	[LIST] Quarantine: (none)
3567679389	ID:2	[LIST] Blacklist: (none)
3567685485	ID:2	FUZZRID,DET,13,783,783,0,0,0,0,0,0,3,0,0,0
3590604226	ID:25	[ATK-FAKE-RANK]  true_rank=1114 fake_rank=2156 t=11720s
3590635652	ID:5	[HFS] ra=74 si=49 cx=49 ac=82
3590639156	ID:5	[LIST] Neighbors: 7,8,25
3590642793	ID:5	[LIST] Quarantine: (none)
3590646290	ID:5	[LIST] Blacklist: (none)
3590654312	ID:5	FUZZRID,DET,25,2156,1114,1042,0,100,100,10,0,0,0,82,75
3596886032	ID:5	[HFS] ra=0 si=0 cx=49 ac=0
3596889536	ID:5	[LIST] Neighbors: 7,8,25
3596893173	ID:5	[LIST] Quarantine: (none)
3596896670	ID:5	[LIST] Blacklist: (none)
3596902984	ID:5	FUZZRID,DET,8,1366,1366,0,0,0,0,0,0,0,0,0,0
3597791151	ID:13	[HFS] ra=0 si=0 cx=49 ac=0
3597795934	ID:13	[LIST] Neighbors: 2,28,19,10,7,25
3597799571	ID:13	[LIST] Quarantine: (none)
3597803081	ID:13	[LIST] Blacklist: (none)
3597809398	ID:13	FUZZRID,DET,7,1095,1095,0,0,0,0,0,0,0,0,0,0
TEST TIMEOUT
