sim_ms,mote_id,src,R,Rhat,e,v1,v2,v3,v4,v5,v6,v7,AC,ML,t,type,action
49921,1,7,768,768,0,0,0,0,0,0,0,0,0,0,49,detection,
49929,2,7,768,768,0,0,0,0,0,0,0,0,0,0,49,detection,
49947,4,7,768,768,0,0,0,0,0,0,0,0,0,0,49,detection,
49993,8,7,768,768,0,0,0,0,0,0,0,0,0,0,49,detection,
49994,10,7,768,768,0,0,0,0,0,0,0,0,0,0,49,detection,
51072,1,17,512,512,0,0,0,0,0,0,0,0,0,0,51,detection,
51120,8,17,512,512,0,0,0,0,0,0,0,0,0,0,51,detection,
51196,21,17,512,512,0,0,0,0,0,0,0,0,0,0,51,detection,
52493,10,8,1024,1024,0,0,0,0,0,0,0,0,0,0,52,detection,
52522,14,8,1024,1024,0,0,0,0,0,0,0,0,0,0,52,detection,
52526,25,8,1024,1024,0,0,0,0,0,0,0,0,0,0,52,detection,
52530,9,8,1024,1024,0,0,0,0,0,0,0,0,0,0,52,detection,
52556,2,8,1024,1024,0,0,0,0,0,0,0,0,0,0,52,detection,
52557,17,8,1024,1024,0,0,0,0,0,0,0,0,0,0,52,detection,
52574,4,8,1024,1024,0,0,0,0,0,0,0,0,0,0,52,detection,
52574,21,8,1024,1024,0,0,0,0,0,0,0,0,0,0,52,detection,
52577,12,8,1024,1024,0,0,0,0,0,0,0,0,0,0,52,detection,
52586,7,8,1024,1024,0,0,0,0,0,0,0,0,0,0,52,detection,
53471,22,2,1024,1024,0,0,0,0,0,0,0,0,0,0,53,detection,
53475,23,2,1024,1024,0,0,0,0,0,0,0,0,0,0,53,detection,
53480,16,2,1024,1024,0,0,0,0,0,0,0,0,0,0,53,detection,
53493,18,2,1024,1024,0,0,0,0,0,0,0,0,0,0,53,detection,
53494,10,2,1024,1024,0,0,0,0,0,0,0,0,0,0,53,detection,
53494,8,2,1024,1024,0,0,0,0,0,0,0,0,0,0,53,detection,
53523,14,2,1024,1024,0,0,0,0,0,0,0,0,0,0,53,detection,
53528,25,2,1024,1024,0,0,0,0,0,0,0,0,0,0,53,detection,
53531,9,2,1024,1024,0,0,0,0,0,0,0,0,0,0,53,detection,
53574,11,2,1024,1024,0,0,0,0,0,0,0,0,0,0,53,detection,
53574,13,2,1024,1024,0,0,0,0,0,0,0,0,0,0,53,detection,
53579,12,2,1024,1024,0,0,0,0,0,0,0,0,0,0,53,detection,
53586,7,2,1024,1024,0,0,0,0,0,0,0,0,0,0,53,detection,
53745,18,4,1024,1024,0,0,0,0,0,0,0,0,0,0,53,detection,
53807,3,4,1024,1024,0,0,0,0,0,0,0,0,0,0,53,detection,
53826,13,4,1024,1024,0,0,0,0,0,0,0,0,0,0,53,detection,
53827,12,4,1024,1024,0,0,0,0,0,0,0,0,0,0,53,detection,
53834,7,4,1024,1024,0,0,0,0,0,0,0,0,0,0,53,detection,
53848,22,4,1024,1024,0,0,0,0,0,0,0,0,0,0,53,detection,
53851,24,4,1024,1024,0,0,0,0,0,0,0,0,0,0,53,detection,
53856,16,4,1024,1024,0,0,0,0,0,0,0,0,0,0,53,detection,
54182,2,10,1280,1280,0,0,0,0,0,0,0,0,0,0,54,detection,
54193,5,10,1280,1280,0,0,0,0,0,0,0,0,0,0,54,detection,
54199,4,10,1280,1280,0,0,0,0,0,0,0,0,0,0,54,detection,
54204,12,10,1280,1280,0,0,0,0,0,0,0,0,0,0,54,detection,
54214,7,10,1280,1280,0,0,0,0,0,0,0,0,0,0,54,detection,
54224,24,10,1280,1280,0,0,0,0,0,0,0,0,0,0,54,detection,
54225,22,10,1280,1280,0,0,0,0,0,0,0,0,0,0,54,detection,
54229,23,10,1280,1280,0,0,0,0,0,0,0,0,0,0,54,detection,
54229,16,10,1280,1280,0,0,0,0,0,0,0,0,0,0,54,detection,
54246,18,10,1280,1280,0,0,0,0,0,0,0,0,0,0,54,detection,
54247,8,10,1280,1280,0,0,0,0,0,0,0,0,0,0,54,detection,
54403,14,29,1024,1024,0,0,0,0,0,0,0,0,0,0,54,detection,
54407,9,29,1024,1024,0,0,0,0,0,0,0,0,0,0,54,detection,
54433,2,29,1024,1024,0,0,0,0,0,0,0,0,0,0,54,detection,
54449,13,29,1024,1024,0,0,0,0,0,0,0,0,0,0,54,detection,
54450,4,29,1024,1024,0,0,0,0,0,0,0,0,0,0,54,detection,
54455,12,29,1024,1024,0,0,0,0,0,0,0,0,0,0,54,detection,
54462,7,29,1024,1024,0,0,0,0,0,0,0,0,0,0,54,detection,
54475,24,29,1024,1024,0,0,0,0,0,0,0,0,0,0,54,detection,
54476,22,29,1024,1024,0,0,0,0,0,0,0,0,0,0,54,detection,
54497,10,29,1024,1024,0,0,0,0,0,0,0,0,0,0,54,detection,
54497,18,29,1024,1024,0,0,0,0,0,0,0,0,0,0,54,detection,
54498,8,29,1024,1024,0,0,0,0,0,0,0,0,0,0,54,detection,
54652,25,26,768,768,0,0,0,0,0,0,0,0,0,0,54,detection,
54657,9,26,768,768,0,0,0,0,0,0,0,0,0,0,54,detection,
54680,17,26,768,768,0,0,0,0,0,0,0,0,0,0,54,detection,
54684,2,26,768,768,0,0,0,0,0,0,0,0,0,0,54,detection,
54715,7,26,768,768,0,0,0,0,0,0,0,0,0,0,54,detection,
54749,8,26,768,768,0,0,0,0,0,0,0,0,0,0,54,detection,
56026,14,9,1280,1280,0,0,0,0,0,0,0,0,0,0,56,detection,
56307,6,3,1536,1536,0,0,0,0,0,0,0,0,0,0,56,detection,
56327,4,3,1536,1536,0,0,0,0,0,0,0,0,0,0,56,detection,
56353,24,3,1536,1536,0,0,0,0,0,0,0,0,0,0,56,detection,
56375,20,3,1536,1536,0,0,0,0,0,0,0,0,0,0,56,detection,
56435,2,12,1536,1536,0,0,0,0,0,0,0,0,0,0,56,detection,
56444,5,12,1536,1536,0,0,0,0,0,0,0,0,0,0,56,detection,
56451,4,12,1536,1536,0,0,0,0,0,0,0,0,0,0,56,detection,
56454,13,12,1536,1536,0,0,0,0,0,0,0,0,0,0,56,detection,
56476,22,12,1536,1536,0,0,0,0,0,0,0,0,0,0,56,detection,
56498,10,12,1536,1536,0,0,0,0,0,0,0,0,0,0,56,detection,
56498,18,12,1536,1536,0,0,0,0,0,0,0,0,0,0,56,detection,
56500,8,12,1536,1536,0,0,0,0,0,0,0,0,0,0,56,detection,
56527,14,12,1536,1536,0,0,0,0,0,0,0,0,0,0,56,detection,
56532,9,12,1536,1536,0,0,0,0,0,0,0,0,0,0,56,detection,
56654,25,14,1536,1536,0,0,0,0,0,0,0,0,0,0,56,detection,
56686,2,14,1536,1536,0,0,0,0,0,0,0,0,0,0,56,detection,
56696,5,14,1536,1536,0,0,0,0,0,0,0,0,0,0,56,detection,
56699,11,14,1536,1536,0,0,0,0,0,0,0,0,0,0,56,detection,
56701,13,14,1536,1536,0,0,0,0,0,0,0,0,0,0,56,detection,
56703,4,14,1536,1536,0,0,0,0,0,0,0,0,0,0,56,detection,
56706,12,14,1536,1536,0,0,0,0,0,0,0,0,0,0,56,detection,
56716,7,14,1536,1536,0,0,0,0,0,0,0,0,0,0,56,detection,
56727,24,14,1536,1536,0,0,0,0,0,0,0,0,0,0,56,detection,
56728,22,14,1536,1536,0,0,0,0,0,0,0,0,0,0,56,detection,
56730,16,14,1536,1536,0,0,0,0,0,0,0,0,0,0,56,detection,
56749,8,14,1536,1536,0,0,0,0,0,0,0,0,0,0,56,detection,
56749,10,14,1536,1536,0,0,0,0,0,0,0,0,0,0,56,detection,
56749,18,14,1536,1536,0,0,0,0,0,0,0,0,0,0,56,detection,
57334,19,18,1536,1536,0,0,0,0,0,0,0,0,0,0,57,detection,
57403,14,18,1536,1536,0,0,0,0,0,0,0,0,0,0,57,detection,
57536,15,23,1536,1536,0,0,0,0,0,0,0,0,0,0,57,detection,
57562,3,24,1536,1536,0,0,0,0,0,0,0,0,0,0,57,detection,
57625,18,30,1536,1536,0,0,0,0,0,0,0,0,0,0,57,detection,
57654,25,30,1536,1536,0,0,0,0,0,0,0,0,0,0,57,detection,
57661,15,30,1536,1536,0,0,0,0,0,0,0,0,0,0,57,detection,
57728,22,28,1536,1536,0,0,0,0,0,0,0,0,0,0,57,detection,
57728,23,28,1536,1536,0,0,0,0,0,0,0,0,0,0,57,detection,
57749,10,28,1536,1536,0,0,0,0,0,0,0,0,0,0,57,detection,
57750,18,28,1536,1536,0,0,0,0,0,0,0,0,0,0,57,detection,
57779,14,28,1536,1536,0,0,0,0,0,0,0,0,0,0,57,detection,
57820,5,28,1536,1536,0,0,0,0,0,0,0,0,0,0,57,detection,
57827,11,28,1536,1536,0,0,0,0,0,0,0,0,0,0,57,detection,
57830,12,28,1536,1536,0,0,0,0,0,0,0,0,0,0,57,detection,
57913,15,16,1536,1536,0,0,0,0,0,0,0,0,0,0,57,detection,
58280,14,5,1792,1792,0,0,0,0,0,0,0,0,0,0,58,detection,
58289,15,5,1792,1792,0,0,0,0,0,0,0,0,0,0,58,detection,
58328,11,5,1792,1792,0,0,0,0,0,0,0,0,0,0,58,detection,
58329,13,5,1792,1792,0,0,0,0,0,0,0,0,0,0,58,detection,
58357,22,5,1792,1792,0,0,0,0,0,0,0,0,0,0,58,detection,
58728,23,11,1280,1280,0,0,0,0,0,0,0,0,0,0,58,detection,
58733,16,11,1280,1280,0,0,0,0,0,0,0,0,0,0,58,detection,
58748,10,11,1280,1280,0,0,0,0,0,0,0,0,0,0,58,detection,
58781,25,11,1280,1280,0,0,0,0,0,0,0,0,0,0,58,detection,
58789,15,11,1280,1280,0,0,0,0,0,0,0,0,0,0,58,detection,
58810,2,11,1280,1280,0,0,0,0,0,0,0,0,0,0,58,detection,
59103,24,13,1536,1536,0,0,0,0,0,0,0,0,0,0,59,detection,
59173,1,17,512,512,0,0,0,0,0,0,0,0,0,0,59,detection,
59195,21,17,512,512,0,0,0,0,0,0,1,0,0,0,59,detection,
59196,5,13,1536,1536,0,0,0,0,0,0,0,0,0,0,59,detection,
59203,4,13,1536,1536,0,0,0,0,0,0,0,0,0,0,59,detection,
59205,11,13,1536,1536,0,0,0,0,0,0,0,0,0,0,59,detection,
59219,7,17,512,512,0,0,0,0,0,0,0,0,0,0,59,detection,
59692,1,7,512,512,0,0,0,0,0,0,4,0,0,0,59,detection,
59810,17,7,512,512,0,0,0,0,0,0,0,0,0,0,59,detection,
60123,20,6,1792,1792,0,0,0,0,0,0,0,0,0,0,60,detection,
60213,19,22,1536,1536,0,0,0,0,0,0,0,0,0,0,60,detection,
60228,23,22,1536,1536,0,0,0,0,0,0,0,0,0,0,60,detection,
60230,24,22,1536,1536,0,0,0,0,0,0,0,0,0,0,60,detection,
60233,16,22,1536,1536,0,0,0,0,0,0,0,0,0,0,60,detection,
60282,9,21,768,768,0,0,0,0,0,0,0,0,0,0,60,detection,
60309,17,21,768,768,0,0,0,0,0,0,0,0,0,0,60,detection,
60390,8,29,1024,1024,0,0,0,0,0,0,0,0,0,0,60,detection,
60410,9,29,1024,1024,0,0,0,0,0,0,0,0,0,0,60,detection,
60435,3,20,1792,1792,0,0,0,0,0,0,0,0,0,0,60,detection,
60435,2,29,1024,1024,0,0,0,0,0,0,3,0,0,0,60,detection,
60435,6,20,1792,1792,0,0,0,0,0,0,0,0,0,0,60,detection,
61071,5,19,2048,2048,0,0,0,0,0,0,0,0,0,0,61,detection,
61105,23,15,1792,1792,0,0,0,0,0,0,0,0,0,0,61,detection,
61111,16,15,1792,1792,0,0,0,0,0,0,0,0,0,0,61,detection,
61311,17,9,1024,1024,0,0,0,0,0,0,0,0,0,0,61,detection,
61322,21,9,1024,1024,0,0,0,0,0,0,0,0,0,0,61,detection,
61997,10,14,1536,1536,0,0,0,0,0,0,1,0,0,0,61,detection,
61998,18,14,1536,1536,0,0,0,0,0,0,3,0,0,0,61,detection,
61998,8,14,1536,1536,0,0,0,0,0,0,0,0,0,0,61,detection,
62033,9,14,1536,1536,0,0,0,0,0,0,0,0,0,0,62,detection,
62079,4,14,1536,1536,0,0,0,0,0,0,0,0,0,0,62,detection,
62104,24,14,1536,1536,0,0,0,0,0,0,0,0,0,0,62,detection,
62183,3,4,1254,1254,0,0,0,0,0,0,6,0,0,0,62,detection,
62202,13,4,1254,1254,0,0,0,0,0,0,4,0,0,0,62,detection,
62282,1,8,768,768,0,0,0,0,0,0,0,0,0,0,62,detection,
62410,9,8,768,768,0,0,0,0,0,0,6,0,0,0,62,detection,
62477,22,10,1280,1280,0,0,0,0,0,0,0,0,0,0,62,detection,
62479,24,10,1280,1280,0,0,0,0,0,0,0,0,0,0,62,detection,
62498,18,10,1280,1280,0,0,0,0,0,0,5,0,0,0,62,detection,
63308,17,26,768,768,0,0,0,0,0,0,0,0,0,0,63,detection,
63322,21,26,768,768,0,0,0,0,0,0,0,0,0,0,63,detection,
63913,9,27,1024,1024,0,0,0,0,0,0,0,0,0,0,63,detection,
63934,17,27,1024,1024,0,0,0,0,0,0,0,0,0,0,63,detection,
63952,21,27,1024,1024,0,0,0,0,0,0,0,0,0,0,63,detection,
64202,11,23,1536,1536,0,0,0,0,0,0,0,0,0,0,64,detection,
64207,13,23,1536,1536,0,0,0,0,0,0,0,0,0,0,64,detection,
64207,12,23,1536,1536,0,0,0,0,0,0,0,0,0,0,64,detection,
64233,16,23,1536,1536,0,0,0,0,0,0,0,0,0,0,64,detection,
64284,25,23,1536,1536,0,0,0,0,0,0,0,0,0,0,64,detection,
64576,13,12,1280,1280,0,0,0,0,0,0,4,0,0,0,64,detection,
64579,11,12,1280,1280,0,0,0,0,0,0,0,0,0,0,64,detection,
64605,23,12,1280,1280,0,0,0,0,0,0,0,0,0,0,64,detection,
64686,17,12,1280,1280,0,0,0,0,0,0,0,0,0,0,64,detection,
64693,5,28,1536,1536,0,0,0,0,0,0,0,0,0,0,64,detection,
64701,11,28,1536,1536,0,0,0,0,0,0,0,0,0,0,64,detection,
64704,13,28,1536,1536,0,0,0,0,0,0,0,0,0,0,64,detection,
65100,22,5,1536,1536,0,0,0,0,0,0,6,0,0,0,65,detection,
65106,24,5,1536,1536,0,0,0,0,0,0,0,0,0,0,65,detection,
65107,23,5,1536,1536,0,0,0,0,0,0,0,0,0,0,65,detection,
65151,14,5,1536,1536,0,0,0,0,0,0,4,0,0,0,65,detection,
65162,15,5,1536,1536,0,0,0,0,0,0,4,0,0,0,65,detection,
65202,11,5,1536,1536,0,0,0,0,0,0,4,0,0,0,65,detection,
65202,13,5,1536,1536,0,0,0,0,0,0,4,0,0,0,65,detection,
65946,5,24,1280,1280,0,0,0,0,0,0,0,0,0,0,65,detection,
66228,23,22,1280,1280,0,0,0,0,0,0,6,0,0,0,66,detection,
66232,16,22,1280,1280,0,0,0,0,0,0,4,0,0,0,66,detection,
66248,20,6,1792,1792,0,0,0,0,0,0,0,0,0,0,66,detection,
66289,15,22,1280,1280,0,0,0,0,0,0,0,0,0,0,66,detection,
66309,3,6,1792,1792,0,0,0,0,0,0,0,0,0,0,66,detection,
66325,5,22,1280,1280,0,0,0,0,0,0,0,0,0,0,66,detection,
66329,11,22,1280,1280,0,0,0,0,0,0,0,0,0,0,66,detection,
66562,2,11,1331,1331,0,0,0,0,0,0,11,0,0,0,66,detection,
66604,23,11,1331,1331,0,0,0,0,0,0,1,0,0,0,66,detection,
66655,25,11,1331,1331,0,0,0,0,0,0,0,0,0,0,66,detection,
67121,18,30,1536,1536,0,0,0,0,0,0,10,0,0,0,67,detection,
67154,25,30,1536,1536,0,0,0,0,0,0,0,0,0,0,67,detection,
67162,15,30,1536,1536,0,0,0,0,0,0,0,0,0,0,67,detection,
67282,25,23,1792,1792,0,0,0,0,0,0,3,0,0,0,67,detection,
67285,15,23,1792,1792,0,0,0,0,0,0,4,0,0,0,67,detection,
67330,12,23,1792,1792,0,0,0,0,0,0,5,0,0,0,67,detection,
67658,25,16,1280,1280,0,0,0,0,0,0,0,0,0,0,67,detection,
67663,15,16,1280,1280,0,0,0,0,0,0,4,0,0,0,67,detection,
69365,23,15,1536,1536,0,0,0,0,0,0,7,0,0,0,69,detection,
69789,15,13,1280,1280,0,0,0,0,0,0,0,0,0,0,69,detection,
69822,5,13,1280,1280,0,0,0,0,0,0,4,0,0,0,69,detection,
69826,4,13,1280,1280,0,0,0,0,0,0,6,0,0,0,69,detection,
69830,11,13,1280,1280,0,0,0,0,0,0,8,0,0,0,69,detection,
70535,9,27,768,768,0,0,0,0,0,0,4,0,0,0,70,detection,
70560,17,27,768,768,0,0,0,0,0,0,4,0,0,0,70,detection,
70572,21,27,768,768,0,0,0,0,0,0,4,0,0,0,70,detection,
70624,8,2,1293,1293,0,0,0,0,0,0,7,0,0,0,70,detection,
70658,9,2,1293,1293,0,0,0,0,0,0,5,0,0,0,70,detection,
70708,12,2,1293,1293,0,0,0,0,0,0,10,0,0,0,70,detection,
70782,9,8,768,768,0,0,0,0,0,0,6,0,0,0,70,detection,
70812,2,8,768,768,0,0,0,0,0,0,18,0,0,0,70,detection,
70814,17,8,768,768,0,0,0,0,0,0,4,0,0,0,70,detection,
70823,21,8,768,768,0,0,0,0,0,0,4,0,0,0,70,detection,
70829,12,8,768,768,0,0,0,0,0,0,11,0,0,0,70,detection,
70842,7,8,768,768,0,0,0,0,0,0,10,0,0,0,70,detection,
70913,15,30,1536,1536,0,0,0,0,0,0,3,0,0,0,70,detection,
70938,3,10,1536,1536,0,0,0,0,0,0,0,0,0,0,70,detection,
70976,24,10,1536,1536,0,0,0,0,0,0,3,0,0,0,70,detection,
70980,22,10,1536,1536,0,0,0,0,0,0,16,0,0,0,70,detection,
71900,1,17,512,512,0,0,0,0,0,0,0,0,0,0,71,detection,
71964,7,17,512,512,0,0,0,0,0,0,5,0,0,0,71,detection,
71998,8,17,512,512,0,0,0,0,0,0,1,0,0,0,71,detection,
72627,20,19,1792,1792,0,0,0,0,0,0,0,0,0,0,72,detection,
72704,13,29,998,998,0,0,0,0,0,0,5,0,0,0,72,detection,
72704,12,29,998,998,0,0,0,0,0,0,9,0,0,0,72,detection,
72729,24,29,998,998,0,0,0,0,0,0,4,0,0,0,72,detection,
72746,10,29,998,998,0,0,0,0,0,0,9,0,0,0,72,detection,
72751,18,29,998,998,0,0,0,0,0,0,17,0,0,0,72,detection,
72776,14,29,998,998,0,0,0,0,0,0,5,0,0,0,72,detection,
72824,1,21,768,768,0,0,0,0,0,0,0,0,0,0,72,detection,
72961,1,7,512,512,0,0,0,0,0,0,5,0,0,0,72,detection,
73001,8,7,512,512,0,0,0,0,0,0,9,0,0,0,73,detection,
73062,17,7,512,512,0,0,0,0,0,0,0,0,0,0,73,detection,
73076,21,7,512,512,0,0,0,0,0,0,0,0,0,0,73,detection,
74735,16,23,1536,1536,0,0,0,0,0,0,12,0,0,0,74,detection,
74777,14,28,1510,1510,0,0,0,0,0,0,5,0,0,0,74,detection,
74782,25,23,1536,1536,0,0,0,0,0,0,7,0,0,0,74,detection,
75060,3,4,1647,1647,0,0,0,0,0,0,13,0,0,0,75,detection,
75061,6,4,1647,1647,0,0,0,0,0,0,0,0,0,0,75,detection,
75126,20,4,1647,1647,0,0,0,0,0,0,0,0,0,0,75,detection,
75409,14,18,1510,1510,0,0,0,0,0,0,5,0,0,0,75,detection,
76155,25,16,1280,1280,0,0,0,0,0,0,0,0,0,0,76,detection,
76413,15,13,1280,1280,0,0,0,0,0,0,0,0,0,0,76,detection,
76477,24,13,1280,1280,0,0,0,0,0,0,6,0,0,0,76,detection,
76819,5,24,1280,1280,0,0,0,0,0,0,3,0,0,0,76,detection,
78028,25,2,1280,1280,0,0,0,0,0,0,8,0,0,0,78,detection,
78453,21,11,1331,1331,0,0,0,0,0,0,0,0,0,0,78,detection,
78499,10,11,1331,1331,0,0,0,0,0,0,14,0,0,0,78,detection,
78565,17,11,1331,1331,0,0,0,0,0,0,0,0,0,0,78,detection,
78790,15,25,1024,1024,0,0,0,0,0,0,0,0,0,0,78,detection,
78873,8,26,768,768,0,0,0,0,0,0,3,0,0,0,78,detection,
78907,9,26,768,768,0,0,0,0,0,0,0,0,0,0,78,detection,
78937,17,26,768,768,0,0,0,0,0,0,0,0,0,0,78,detection,
78942,2,26,768,768,0,0,0,0,0,0,16,0,0,0,78,detection,
78951,21,26,768,768,0,0,0,0,0,0,0,0,0,0,78,detection,
78967,7,26,768,768,0,0,0,0,0,0,11,0,0,0,78,detection,
79286,15,30,1510,1510,0,0,0,0,0,0,3,0,0,0,79,detection,
80087,19,5,1536,1536,0,0,0,0,0,0,0,0,0,0,80,detection,
80126,20,5,1536,1536,0,0,0,0,0,0,0,0,0,0,80,detection,
80185,6,5,1536,1536,0,0,0,0,0,0,0,0,0,0,80,detection,
80188,17,12,1276,1276,0,0,0,0,0,0,4,0,0,0,80,detection,
80203,21,12,1276,1276,0,0,0,0,0,0,0,0,0,0,80,detection,
80247,8,12,1276,1276,0,0,0,0,0,0,3,0,0,0,80,detection,
80282,9,12,1276,1276,0,0,0,0,0,0,0,0,0,0,80,detection,
80688,6,14,1536,1536,0,0,0,0,0,0,0,0,0,0,80,detection,
80689,3,14,1536,1536,0,0,0,0,0,0,0,0,0,0,80,detection,
80701,4,14,1536,1536,0,0,0,0,0,0,4,0,0,0,80,detection,
80744,1,9,1024,1024,0,0,0,0,0,0,0,0,0,0,80,detection,
80753,20,14,1536,1536,0,0,0,0,0,0,0,0,0,0,80,detection,
80818,17,9,1024,1024,0,0,0,0,0,0,0,0,0,0,80,detection,
80825,21,9,1024,1024,0,0,0,0,0,0,0,0,0,0,80,detection,
80876,20,3,2304,2304,0,0,0,0,0,0,6,0,0,0,80,detection,
81561,6,4,1536,1536,0,0,0,0,0,0,7,0,0,0,81,detection,
81561,3,4,1536,1536,0,0,0,0,0,0,16,0,0,0,81,detection,
81588,19,4,1536,1536,0,0,0,0,0,0,0,0,0,0,81,detection,
81625,20,4,1536,1536,0,0,0,0,0,0,6,0,0,0,81,detection,
83107,16,15,1536,1536,0,0,0,0,0,0,12,0,0,0,83,detection,
84184,6,20,1792,1792,0,0,0,0,0,0,4,0,0,0,84,detection,
84184,3,20,1792,1792,0,0,0,0,0,0,7,0,0,0,84,detection,
84215,19,20,1792,1792,0,0,0,0,0,0,0,0,0,0,84,detection,
84437,3,10,1792,1792,0,0,0,0,0,0,4,0,0,0,84,detection,
84446,5,10,1792,1792,0,0,0,0,0,0,8,0,0,0,84,detection,
84453,4,10,1792,1792,0,0,0,0,0,0,10,0,0,0,84,detection,
84483,24,10,1792,1792,0,0,0,0,0,0,11,0,0,0,84,detection,
84498,18,10,1792,1792,0,0,0,0,0,0,19,0,0,0,84,detection,
85062,3,6,2048,2048,0,0,0,0,0,0,11,0,0,0,85,detection,
85090,19,6,2048,2048,0,0,0,0,0,0,0,0,0,0,85,detection,
86156,25,23,1536,1536,0,0,0,0,0,0,8,0,0,0,86,detection,
87000,20,3,2048,2048,0,0,0,0,0,0,10,0,0,0,87,detection,
87060,6,3,2048,2048,0,0,0,0,0,0,6,0,0,0,87,detection,
87088,4,3,2048,2048,0,0,0,0,0,0,11,0,0,0,87,detection,
87089,19,3,2048,2048,0,0,0,0,0,0,0,0,0,0,87,detection,
87788,15,5,1510,1510,0,0,0,0,0,0,7,0,0,0,87,detection,
87838,19,5,1510,1510,0,0,0,0,0,0,8,0,0,0,87,detection,
87877,20,5,1510,1510,0,0,0,0,0,0,8,0,0,0,87,detection,
88532,14,28,1792,1792,0,0,0,0,0,0,20,0,0,0,88,detection,
88563,6,28,1792,1792,0,0,0,0,0,0,0,0,0,0,88,detection,
88931,1,9,1024,1024,0,0,0,0,0,0,3,0,0,0,88,detection,
88949,21,9,1024,1024,0,0,0,0,0,0,3,0,0,0,88,detection,
89031,25,23,1280,1280,0,0,0,0,0,0,11,0,0,0,89,detection,
89498,20,4,1792,1792,0,0,0,0,0,0,10,0,0,0,89,detection,
89562,3,4,1792,1792,0,0,0,0,0,0,18,0,0,0,89,detection,
89588,19,4,1792,1792,0,0,0,0,0,0,3,0,0,0,89,detection,
90414,15,30,1586,1586,0,0,0,0,0,0,3,0,0,0,90,detection,
91251,20,19,1792,1792,0,0,0,0,0,0,1,0,0,0,91,detection,
93279,14,5,1510,1510,0,0,0,0,0,0,22,0,0,0,93,detection,
93316,3,5,1510,1510,0,0,0,0,0,0,0,0,0,0,93,detection,
93339,19,5,1510,1510,0,0,0,0,0,0,7,0,0,0,93,detection,
93356,22,5,1510,1510,0,0,0,0,0,0,22,0,0,0,93,detection,
93377,20,5,1510,1510,0,0,0,0,0,0,7,0,0,0,93,detection,
93838,19,6,1792,1792,0,0,0,0,0,0,4,0,0,0,93,detection,
93875,20,6,1792,1792,0,0,0,0,0,0,4,0,0,0,93,detection,
95601,22,2,1280,1280,0,0,0,0,0,0,24,0,0,0,95,detection,
95705,11,28,1792,1792,0,0,0,0,0,0,18,0,0,0,95,detection,
95964,19,4,1792,1792,0,0,0,0,0,0,7,0,0,0,95,detection,
96002,20,4,1792,1792,0,0,0,0,0,0,14,0,0,0,96,detection,
96407,25,23,1536,1536,0,0,0,0,0,0,13,0,0,0,96,detection,
96521,1,9,1100,1100,0,0,0,0,0,0,4,0,0,0,96,detection,
96573,21,9,1100,1100,0,0,0,0,0,0,4,0,0,0,96,detection,
96951,4,14,1792,1792,0,0,0,0,0,0,14,0,0,0,96,detection,
96966,19,14,1792,1792,0,0,0,0,0,0,0,0,0,0,96,detection,
97005,20,14,1792,1792,0,0,0,0,0,0,3,0,0,0,97,detection,
97206,12,10,1792,1792,0,0,0,0,0,0,14,0,0,0,97,detection,
97228,24,10,1792,1792,0,0,0,0,0,0,13,0,0,0,97,detection,
97249,18,10,1792,1792,0,0,0,0,0,0,20,0,0,0,97,detection,
97253,8,10,1792,1792,0,0,0,0,0,0,12,0,0,0,97,detection,
97313,2,10,1792,1792,0,0,0,0,0,0,22,0,0,0,97,detection,
97690,2,29,1280,1280,0,0,0,0,0,0,27,0,0,0,97,detection,
97705,13,29,1280,1280,0,0,0,0,0,0,18,0,0,0,97,detection,
97750,18,29,1280,1280,0,0,0,0,0,0,23,0,0,0,97,detection,
98501,20,5,1792,1792,0,0,0,0,0,0,10,0,0,0,98,detection,
98528,14,5,1792,1792,0,0,0,0,0,0,26,0,0,0,98,detection,
98685,17,8,1126,1126,0,0,0,0,0,0,4,0,0,0,98,detection,
98688,6,8,1126,1126,0,0,0,0,0,0,0,0,0,0,98,detection,
98703,12,8,1126,1126,0,0,0,0,0,0,17,0,0,0,98,detection,
98784,9,8,1126,1126,0,0,0,0,0,0,13,0,0,0,98,detection,
99186,6,20,2048,2048,0,0,0,0,0,0,6,0,0,0,99,detection,
99186,3,20,2048,2048,0,0,0,0,0,0,7,0,0,0,99,detection,
99213,19,20,2048,2048,0,0,0,0,0,0,0,0,0,0,99,detection,
100964,19,6,1638,1638,0,0,0,0,0,0,7,0,0,0,100,detection,
101001,20,6,1638,1638,0,0,0,0,0,0,13,0,0,0,101,detection,
101062,3,6,1638,1638,0,0,0,0,0,0,13,0,0,0,101,detection,
101583,11,12,1280,1280,0,0,0,0,0,0,23,0,0,0,101,detection,
102656,1,9,1280,1280,0,0,0,0,0,0,11,0,0,0,102,detection,
103525,14,5,1792,1792,0,0,0,0,0,0,27,0,0,0,103,detection,
103562,6,5,1792,1792,0,0,0,0,0,0,11,0,0,0,103,detection,
103563,3,5,1792,1792,0,0,0,0,0,0,4,0,0,0,103,detection,
103588,19,5,1792,1792,0,0,0,0,0,0,10,0,0,0,103,detection,
103602,22,5,1792,1792,0,0,0,0,0,0,25,0,0,0,103,detection,
103624,10,11,1331,1331,0,0,0,0,0,0,15,0,0,0,103,detection,
103626,20,5,1792,1792,0,0,0,0,0,0,9,0,0,0,103,detection,
103697,21,11,1331,1331,0,0,0,0,0,0,0,0,0,0,103,detection,
104061,6,28,1536,1536,0,0,0,0,0,0,9,0,0,0,104,detection,
104064,3,28,1536,1536,0,0,0,0,0,0,0,0,0,0,104,detection,
104481,16,22,1743,1743,0,0,0,0,0,0,10,0,0,0,104,detection,
104704,13,29,1536,1536,0,0,0,0,0,0,22,0,0,0,104,detection,
105433,6,3,1894,1894,0,0,0,0,0,0,14,0,0,0,105,detection,
105452,4,3,1894,1894,0,0,0,0,0,0,25,0,0,0,105,detection,
105465,19,3,1894,1894,0,0,0,0,0,0,8,0,0,0,105,detection,
105501,20,3,1894,1894,0,0,0,0,0,0,16,0,0,0,105,detection,
105826,21,7,512,512,0,0,0,0,0,0,0,0,0,0,105,detection,
106934,17,26,768,768,0,0,0,0,0,0,3,0,0,0,106,detection,
106937,6,26,768,768,0,0,0,0,0,0,0,0,0,0,106,detection,
106938,2,26,768,768,0,0,0,0,0,0,21,0,0,0,106,detection,
108750,10,12,1024,1024,0,0,0,0,0,0,22,0,0,0,108,detection,
108785,9,12,1024,1024,0,0,0,0,0,0,12,0,0,0,108,detection,
109713,19,3,1280,1280,0,0,0,0,0,0,12,0,0,0,109,detection,
109719,1,9,1280,1280,0,0,0,0,0,0,15,0,0,0,109,detection,
109749,20,3,1280,1280,0,0,0,0,0,0,19,0,0,0,109,detection,
109823,21,9,1280,1280,0,0,0,0,0,0,11,0,0,0,109,detection,
110528,14,5,1792,1792,0,0,0,0,0,0,30,0,0,0,110,detection,
110587,19,5,1792,1792,0,0,0,0,0,0,14,0,0,0,110,detection,
111073,5,19,1024,1024,0,0,0,0,0,0,25,0,0,0,111,detection,
111713,1,21,768,768,0,0,0,0,0,0,0,0,0,0,111,detection,
114963,19,14,1280,1280,0,0,0,0,0,0,9,0,0,0,114,detection,
115208,13,12,1024,1024,0,0,0,0,0,0,22,0,0,0,115,detection,
115230,23,12,1024,1024,0,0,0,0,0,0,18,0,0,0,115,detection,
115339,19,5,1536,1536,0,0,0,0,0,0,18,0,0,0,115,detection,
115376,20,5,1536,1536,0,0,0,0,0,0,14,0,0,0,115,detection,
115626,20,3,1280,1280,0,0,0,0,0,0,20,0,0,0,115,detection,
115687,6,3,1280,1280,0,0,0,0,0,0,18,0,0,0,115,detection,
115857,16,15,1536,1536,0,0,0,0,0,0,14,0,0,0,115,detection,
115967,7,10,1280,1280,0,0,0,0,0,0,18,0,0,0,115,detection,
116824,21,9,1024,1024,0,0,0,0,0,0,13,0,0,0,116,detection,
117654,25,2,1280,1280,0,0,0,0,0,0,11,0,0,0,117,detection,
117662,9,2,1280,1280,0,0,0,0,0,0,18,0,0,0,117,detection,
117706,13,2,1280,1280,0,0,0,0,0,0,24,0,0,0,117,detection,
117706,12,2,1280,1280,0,0,0,0,0,0,24,0,0,0,117,detection,
117714,7,2,1280,1280,0,0,0,0,0,0,23,0,0,0,117,detection,
118503,20,19,1024,1024,0,0,0,0,0,0,6,0,0,0,118,detection,
118570,5,19,1024,1024,0,0,0,0,0,0,27,0,0,0,118,detection,
118713,19,20,1536,1536,0,0,0,0,0,0,4,0,0,0,118,detection,
119377,20,22,1536,1536,0,0,0,0,0,0,0,0,0,0,119,detection,
120981,22,28,1536,1536,0,0,0,0,0,0,21,0,0,0,120,detection,
121092,19,14,1280,1280,0,0,0,0,0,0,10,0,0,0,121,detection,
121101,22,28,1536,1536,0,0,0,0,0,0,21,0,0,0,121,detection,
123212,19,5,1536,1536,0,0,0,0,0,0,17,0,0,0,123,detection,
123277,14,5,1536,1536,0,0,0,0,0,0,35,0,0,0,123,detection,
123970,7,17,1280,1280,0,0,0,0,0,0,24,0,0,0,123,detection,
124000,8,17,1280,1280,0,0,0,0,0,0,25,0,0,0,124,detection,
124007,20,17,1280,1280,0,0,0,0,0,0,0,0,0,0,124,detection,
124184,17,8,1024,1024,0,0,0,0,0,0,17,0,0,0,124,detection,
124186,6,8,1024,1024,0,0,0,0,0,0,9,0,0,0,124,detection,
124206,4,8,1024,1024,0,0,0,0,0,0,24,0,0,0,124,detection,
124283,14,8,1024,1024,0,0,0,0,0,0,23,0,0,0,124,detection,
127065,3,4,1280,1280,0,0,0,0,0,0,27,0,0,0,127,detection,
127454,4,12,1024,1024,0,0,0,0,0,0,24,0,0,0,127,detection,
127455,13,12,1024,1024,0,0,0,0,0,0,23,0,0,0,127,detection,
127455,11,12,1024,1024,0,0,0,0,0,0,26,0,0,0,127,detection,
127729,22,4,1280,1280,0,0,0,0,0,0,24,0,0,0,127,detection,
127816,6,4,1280,1280,0,0,0,0,0,0,19,0,0,0,127,detection,
128749,20,6,1280,1280,0,0,0,0,0,0,19,0,0,0,128,detection,
128934,6,3,1356,1356,0,0,0,0,0,0,23,0,0,0,128,detection,
129006,20,22,1280,1280,0,0,0,0,0,0,4,0,0,0,129,detection,
132060,2,10,1280,1280,0,0,0,0,0,0,30,0,0,0,132,detection,
132076,4,10,1280,1280,0,0,0,0,0,0,30,0,0,0,132,detection,
132090,7,10,1280,1280,0,0,0,0,0,0,18,0,0,0,132,detection,
132102,24,10,1280,1280,0,0,0,0,0,0,27,0,0,0,132,detection,
132150,14,28,1536,1536,0,0,0,0,0,0,31,0,0,0,132,detection,
132188,6,28,1536,1536,0,0,0,0,0,0,22,0,0,0,132,detection,
132189,3,28,1536,1536,0,0,0,0,0,0,21,0,0,0,132,detection,
132227,22,28,1536,1536,0,0,0,0,0,0,20,0,0,0,132,detection,
132252,18,28,1536,1536,0,0,0,0,0,0,24,0,0,0,132,detection,
132414,14,8,1280,1280,0,0,0,0,0,0,31,0,0,0,132,detection,
132500,18,4,1536,1536,0,0,0,0,0,0,28,0,0,0,132,detection,
132501,20,4,1536,1536,0,0,0,0,0,0,18,0,0,0,132,detection,
132561,3,4,1536,1536,0,0,0,0,0,0,32,0,0,0,132,detection,
132586,12,4,1536,1536,0,0,0,0,0,0,26,0,0,0,132,detection,
132603,22,4,1536,1536,0,0,0,0,0,0,27,0,0,0,132,detection,
134212,7,2,1792,1792,0,0,0,0,0,0,26,0,0,0,134,detection,
134251,10,2,1792,1792,0,0,0,0,0,0,27,0,0,0,134,detection,
134715,19,20,1536,1536,0,0,0,0,0,0,6,0,0,0,134,detection,
134812,6,20,1536,1536,0,0,0,0,0,0,20,0,0,0,134,detection,
134813,3,20,1536,1536,0,0,0,0,0,0,19,0,0,0,134,detection,
135025,14,5,2022,2022,0,0,0,0,0,0,33,0,0,0,135,detection,
137452,21,17,1536,1536,0,0,0,0,0,0,15,0,0,0,137,detection,
137466,7,17,1536,1536,0,0,0,0,0,0,27,0,0,0,137,detection,
137504,20,17,1536,1536,0,0,0,0,0,0,3,0,0,0,137,detection,
137751,8,14,1510,1510,0,0,0,0,0,0,21,0,0,0,137,detection,
137826,5,14,1510,1510,0,0,0,0,0,0,26,0,0,0,137,detection,
137937,3,4,1536,1536,0,0,0,0,0,0,25,0,0,0,137,detection,
137955,12,4,1536,1536,0,0,0,0,0,0,24,0,0,0,137,detection,
137958,13,4,1536,1536,0,0,0,0,0,0,24,0,0,0,137,detection,
137963,7,4,1536,1536,0,0,0,0,0,0,23,0,0,0,137,detection,
137976,22,4,1536,1536,0,0,0,0,0,0,26,0,0,0,137,detection,
140809,17,21,768,768,0,0,0,0,0,0,26,0,0,0,140,detection,
141625,8,26,1280,1280,0,0,0,0,0,0,21,0,0,0,141,detection,
142815,3,24,1024,1024,0,0,0,0,0,0,22,0,0,0,142,detection,
143706,4,13,1280,1280,0,0,0,0,0,0,30,0,0,0,143,detection,
143857,23,22,1280,1280,0,0,0,0,0,0,23,0,0,0,143,detection,
143857,24,22,1280,1280,0,0,0,0,0,0,26,0,0,0,143,detection,
144205,13,4,1280,1280,0,0,0,0,0,0,28,0,0,0,144,detection,
144205,12,4,1280,1280,0,0,0,0,0,0,27,0,0,0,144,detection,
144213,7,4,1280,1280,0,0,0,0,0,0,26,0,0,0,144,detection,
144708,13,23,1280,1280,0,0,0,0,0,0,22,0,0,0,144,detection,
144911,1,2,1024,1024,0,0,0,0,0,0,0,0,0,0,144,detection,
144997,10,2,1024,1024,0,0,0,0,0,0,31,0,0,0,144,detection,
148828,21,17,1280,1280,0,0,0,0,0,0,27,0,0,0,148,detection,
148842,7,17,1280,1280,0,0,0,0,0,0,27,0,0,0,148,detection,
150529,14,8,1536,1536,0,0,0,0,0,0,33,0,0,0,150,detection,
150537,9,8,1536,1536,0,0,0,0,0,0,28,0,0,0,150,detection,
150703,4,13,1024,1024,0,0,0,0,0,0,32,0,0,0,150,detection,
150962,7,4,1024,1024,0,0,0,0,0,0,27,0,0,0,150,detection,
150976,22,4,1024,1024,0,0,0,0,0,0,31,0,0,0,150,detection,
150985,24,4,1024,1024,0,0,0,0,0,0,23,0,0,0,150,detection,
150997,18,4,1024,1024,0,0,0,0,0,0,32,0,0,0,150,detection,
151001,20,4,1024,1024,0,0,0,0,0,0,24,0,0,0,151,detection,
151078,12,4,1024,1024,0,0,0,0,0,0,30,0,0,0,151,detection,
151811,3,24,1280,1280,0,0,0,0,0,0,30,0,0,0,151,detection,
152776,14,28,1792,1792,0,0,0,0,0,0,35,0,0,0,152,detection,
153098,1,2,1024,1024,0,0,0,0,0,0,0,0,0,0,153,detection,
153799,1,19,1024,1024,0,0,0,0,0,0,0,0,0,0,153,detection,
155181,1,31,1348,1348,0,0,0,0,0,0,0,0,0,0,155,detection,
156153,25,26,1792,1792,0,0,0,0,0,0,7,0,0,0,156,detection,
156162,9,26,1792,1792,0,0,0,0,0,0,22,0,0,0,156,detection,
157579,11,12,1512,1512,0,0,0,0,0,0,30,0,0,0,157,detection,
158940,17,7,742,742,0,0,0,0,0,0,22,0,0,0,158,detection,
158952,4,7,742,742,0,0,0,0,0,0,25,0,0,0,158,detection,
158952,21,7,742,742,0,0,0,0,0,0,23,0,0,0,158,detection,
160578,4,29,1280,1280,0,0,0,0,0,0,32,0,0,0,160,detection,
160578,13,29,1280,1280,0,0,0,0,0,0,32,0,0,0,160,detection,
160603,7,29,1280,1280,0,0,0,0,0,0,23,0,0,0,160,detection,
160603,22,29,1280,1280,0,0,0,0,0,0,24,0,0,0,160,detection,
160608,24,29,1280,1280,0,0,0,0,0,0,25,0,0,0,160,detection,
160631,18,29,1280,1280,0,0,0,0,0,0,30,0,0,0,160,detection,
161933,17,21,998,998,0,0,0,0,0,0,30,0,0,0,161,detection,
163449,4,13,1254,1254,0,0,0,0,0,0,35,0,0,0,163,detection,
163790,15,11,1331,1331,0,0,0,0,0,0,13,0,0,0,163,detection,
164202,13,4,1273,1273,0,0,0,0,0,0,31,0,0,0,164,detection,
164207,12,4,1273,1273,0,0,0,0,0,0,32,0,0,0,164,detection,
164228,22,4,1273,1273,0,0,0,0,0,0,31,0,0,0,164,detection,
164567,3,10,1280,1280,0,0,0,0,0,0,26,0,0,0,164,detection,
164610,16,10,1280,1280,0,0,0,0,0,0,18,0,0,0,164,detection,
164732,24,3,1569,1569,0,0,0,0,0,0,24,0,0,0,164,detection,
164997,10,8,1788,1788,0,0,0,0,0,0,22,0,0,0,164,detection,
165032,9,8,1788,1788,0,0,0,0,0,0,31,0,0,0,165,detection,
165078,4,12,1785,1785,0,0,0,0,0,0,31,0,0,0,165,detection,
165078,11,12,1785,1785,0,0,0,0,0,0,33,0,0,0,165,detection,
167325,4,29,1280,1280,0,0,0,0,0,0,30,0,0,0,167,detection,
167328,13,29,1280,1280,0,0,0,0,0,0,31,0,0,0,167,detection,
167350,22,29,1280,1280,0,0,0,0,0,0,23,0,0,0,167,detection,
168575,1,2,1254,1254,0,0,0,0,0,0,4,0,0,0,168,detection,
169111,16,23,1299,1299,0,0,0,0,0,0,26,0,0,0,169,detection,
169580,11,12,1529,1529,0,0,0,0,0,0,34,0,0,0,169,detection,
170079,21,17,1254,1254,0,0,0,0,0,0,34,0,0,0,170,detection,
170092,7,17,1254,1254,0,0,0,0,0,0,31,0,0,0,170,detection,
170127,20,17,1254,1254,0,0,0,0,0,0,12,0,0,0,170,detection,
170527,14,28,1792,1792,0,0,0,0,0,0,38,0,0,0,170,detection,
170816,6,14,1903,1903,0,0,0,0,0,0,26,0,0,0,170,detection,
170833,12,14,1903,1903,0,0,0,0,0,0,26,0,0,0,170,detection,
170842,7,14,1903,1903,0,0,0,0,0,0,21,0,0,0,170,detection,
170859,24,14,1903,1903,0,0,0,0,0,0,25,0,0,0,170,detection,
170872,8,14,1903,1903,0,0,0,0,0,0,27,0,0,0,170,detection,
170906,25,14,1903,1903,0,0,0,0,0,0,14,0,0,0,170,detection,
171187,3,6,1536,1536,0,0,0,0,0,0,33,0,0,0,171,detection,
171783,25,8,1840,1840,0,0,0,0,0,0,14,0,0,0,171,detection,
171785,9,8,1840,1840,0,0,0,0,0,0,34,0,0,0,171,detection,
177607,23,22,1557,1557,0,0,0,0,0,0,27,0,0,0,177,detection,
177610,16,22,1557,1557,0,0,0,0,0,0,22,0,0,0,177,detection,
179449,21,17,1254,1254,0,0,0,0,0,0,33,0,0,0,179,detection,
182537,15,11,1536,1536,0,0,0,0,0,0,20,0,0,0,182,detection,
184314,6,26,1973,1973,0,0,0,0,0,0,26,0,0,0,184,detection,
184371,8,26,1973,1973,0,0,0,0,0,0,34,0,0,0,184,detection,
188406,14,12,1554,1554,0,0,0,0,0,0,25,0,0,0,188,detection,
188909,25,26,1891,1891,0,0,0,0,0,0,29,0,0,0,188,detection,
195407,9,26,1635,1635,0,0,0,0,0,0,26,0,0,0,195,detection,
195407,25,26,1635,1635,0,0,0,0,0,0,31,0,0,0,195,detection,
196881,20,5,1996,1996,0,0,0,0,0,0,29,0,0,0,196,detection,
196941,6,5,1996,1996,0,0,0,0,0,0,36,0,0,0,196,detection,
199593,19,6,1792,1792,0,0,0,0,0,0,24,0,0,0,199,detection,
201106,23,2,1647,1647,0,0,0,0,0,0,37,0,0,0,201,detection,
201107,16,2,1647,1647,0,0,0,0,0,0,33,0,0,0,201,detection,
205310,6,20,1510,1510,0,0,0,0,0,0,38,0,0,0,205,detection,
210062,17,26,-512,1635,-2147,0,100,100,100,12,23,0,79,55,210,detection,
210316,17,12,1792,1792,0,0,0,0,0,0,27,0,0,0,210,detection,
210324,4,12,1792,1792,0,0,0,0,0,0,34,0,0,0,210,detection,
210328,13,12,1792,1792,0,0,0,0,0,0,29,0,0,0,210,detection,
210329,21,12,1792,1792,0,0,0,0,0,0,28,0,0,0,210,detection,
212108,22,28,-512,2048,-2560,0,100,100,100,11,28,0,75,55,212,detection,
213159,1,8,1891,1891,0,0,0,0,0,0,8,0,0,0,213,detection,
214456,11,13,1435,1435,0,0,0,0,0,0,30,0,0,0,214,detection,
214573,21,17,-1,-1,0,0,0,0,0,0,40,0,0,0,214,detection,
217608,24,13,1621,1621,0,0,0,0,0,0,35,0,0,0,217,detection,
217703,11,13,1621,1621,0,0,0,0,0,0,31,0,0,0,217,detection,
217914,9,12,1536,1536,0,0,0,0,0,0,31,0,0,0,217,detection,
217940,2,12,1536,1536,0,0,0,0,0,0,32,0,0,0,217,detection,
217948,5,12,1536,1536,0,0,0,0,0,0,32,0,0,0,217,detection,
219731,22,10,1536,1536,0,0,0,0,0,0,25,0,0,0,219,detection,
221542,15,25,2048,2048,0,0,0,0,0,0,26,0,0,0,221,detection,
224077,11,12,1536,1536,0,0,0,0,0,0,45,0,0,0,224,detection,
224415,15,25,2048,2048,0,0,0,0,0,0,24,0,0,0,224,detection,
228323,21,9,1792,1792,0,0,0,0,0,0,40,0,0,0,228,detection,
228787,15,25,2048,2048,0,0,0,0,0,0,23,0,0,0,228,detection,
229352,22,10,-1,-1,0,0,0,0,0,0,31,0,0,0,229,detection,
229355,23,10,-1,-1,0,0,0,0,0,0,24,0,0,0,229,detection,
229668,15,11,2048,2048,0,0,0,0,0,0,29,0,0,0,229,detection,
229691,17,11,2048,2048,0,0,0,0,0,0,30,0,0,0,229,detection,
231504,8,29,-512,1280,-1792,0,100,100,100,11,32,0,71,55,231,detection,
234073,5,10,-1,-1,0,0,0,0,0,0,32,0,0,0,234,detection,
235235,16,14,2048,2048,0,0,0,0,0,0,20,0,0,0,235,detection,
235316,3,14,2048,2048,0,0,0,0,0,0,25,0,0,0,235,detection,
236908,14,9,1792,1792,0,0,0,0,0,0,27,0,0,0,236,detection,
237033,25,11,2048,2048,0,0,0,0,0,0,28,0,0,0,237,detection,
237280,14,18,1766,1766,0,0,0,0,0,0,32,0,0,0,237,detection,
237602,22,28,-512,2024,-2536,0,100,100,3,11,33,0,71,55,237,detection,
237628,10,28,-512,2024,-2536,0,100,100,100,11,28,0,75,55,237,detection,
238071,5,12,1743,1743,0,0,0,0,0,0,31,0,0,0,238,detection,
238075,21,12,1743,1743,0,0,0,0,0,0,28,0,0,0,238,detection,
238078,13,12,1743,1743,0,0,0,0,0,0,33,0,0,0,238,detection,
238079,11,12,1743,1743,0,0,0,0,0,0,44,0,0,0,238,detection,
238104,22,12,1743,1743,0,0,0,0,0,0,24,0,0,0,238,detection,
238728,23,5,-1,-1,0,0,0,0,0,0,35,0,0,0,238,detection,
238732,24,5,-1,-1,0,0,0,0,0,0,39,0,0,0,238,detection,
238749,20,5,-1,-1,0,0,0,0,0,0,40,0,0,0,238,detection,
240902,14,9,1792,1792,0,0,0,0,0,0,28,0,0,0,240,detection,
240940,17,9,1792,1792,0,0,0,0,0,0,34,0,0,0,240,detection,
242155,25,11,2048,2048,0,0,0,0,0,0,32,0,0,0,242,detection,
242229,22,28,-512,2024,-2536,0,100,100,0,10,34,0,71,55,242,detection,
242696,5,19,1740,1740,0,0,0,0,0,0,41,0,0,0,242,detection,
244850,22,12,1743,1743,0,0,0,0,0,0,27,0,0,0,244,detection,
245451,13,4,1891,1891,0,0,0,0,0,0,39,0,0,0,245,detection,
245468,19,4,1891,1891,0,0,0,0,0,0,32,0,0,0,245,detection,
245468,7,4,1891,1891,0,0,0,0,0,0,32,0,0,0,245,detection,
245480,24,4,1891,1891,0,0,0,0,0,0,37,0,0,0,245,detection,
247352,22,12,1743,1743,0,0,0,0,0,0,27,0,0,0,247,detection,
247377,10,12,1743,1743,0,0,0,0,0,0,32,0,0,0,247,detection,
248152,14,9,1792,1792,0,0,0,0,0,0,28,0,0,0,248,detection,
248834,11,28,-512,2024,-2536,0,100,100,100,11,32,0,71,55,248,detection,
248966,1,8,512,512,0,0,0,0,0,0,16,0,0,0,248,detection,
249064,6,8,512,512,0,0,0,0,0,0,37,0,0,0,249,detection,
250062,2,7,2162,2162,0,0,0,0,0,0,39,0,0,0,250,detection,
251627,8,29,-512,-1,-511,100,100,100,100,10,37,0,74,55,251,detection,
253043,15,5,-1,-1,0,0,0,0,0,0,32,0,0,0,253,detection,
253082,13,5,-1,-1,0,0,0,0,0,0,35,0,0,0,253,detection,
253333,12,4,1891,1891,0,0,0,0,0,0,40,0,0,0,253,detection,
254238,1,8,512,512,0,0,0,0,0,0,16,0,0,0,254,detection,
254310,6,8,512,512,0,0,0,0,0,0,39,0,0,0,254,detection,
255184,2,7,2041,2041,0,0,0,0,0,0,48,0,0,0,255,detection,
255528,14,9,1792,1792,0,0,0,0,0,0,28,0,0,0,255,detection,
256452,5,28,-512,2024,-2536,0,100,100,100,11,28,0,75,55,256,detection,
256457,11,28,-512,2024,-2536,0,100,100,0,11,32,0,71,55,256,detection,
256577,11,13,1792,1792,0,0,0,0,0,0,38,0,0,0,256,detection,
256581,4,13,1792,1792,0,0,0,0,0,0,39,0,0,0,256,detection,
256603,24,13,1792,1792,0,0,0,0,0,0,40,0,0,0,256,detection,
259352,22,4,-1,-1,0,0,0,0,0,0,85,0,0,0,259,detection,
260775,14,18,-1,-1,0,0,0,0,0,0,36,0,0,0,260,detection,
262620,1,8,512,512,0,0,0,0,0,0,18,0,0,0,262,detection,
262659,9,8,512,512,0,0,0,0,0,0,40,0,0,0,262,detection,
262684,6,8,512,512,0,0,0,0,0,0,39,0,0,0,262,detection,
265419,15,13,1792,1792,0,0,0,0,0,0,32,0,0,0,265,detection,
265442,6,28,-512,2024,-2536,0,100,100,100,10,41,0,68,55,265,detection,
265479,24,13,1792,1792,0,0,0,0,0,0,38,0,0,0,265,detection,
267590,19,18,-1,-1,0,0,0,0,0,0,28,0,0,0,267,detection,
267650,14,18,-1,-1,0,0,0,0,0,0,36,0,0,0,267,detection,
268155,14,8,512,512,0,0,0,0,0,0,44,0,0,0,268,detection,
268155,9,8,512,512,0,0,0,0,0,0,41,0,0,0,268,detection,
268186,6,8,512,512,0,0,0,0,0,0,40,0,0,0,268,detection,
268203,4,8,512,512,0,0,0,0,0,0,36,0,0,0,268,detection,
268203,21,8,512,512,0,0,0,0,0,0,34,0,0,0,268,detection,
268249,10,8,512,512,0,0,0,0,0,0,36,0,0,0,268,detection,
269339,19,4,1024,1024,0,0,0,0,0,0,38,0,0,0,269,detection,
269373,18,4,1024,1024,0,0,0,0,0,0,41,0,0,0,269,detection,
269377,20,4,1024,1024,0,0,0,0,0,0,52,0,0,0,269,detection,
270063,6,28,-512,-1,-511,100,100,100,100,9,44,0,64,40,270,detection,
271358,16,14,1024,1024,0,0,0,0,0,0,25,0,0,0,271,detection,
271435,2,14,1024,1024,0,0,0,0,0,0,25,0,0,0,271,detection,
273108,16,2,1536,1536,0,0,0,0,0,0,41,0,0,0,273,detection,
274526,14,8,512,512,0,0,0,0,0,0,44,0,0,0,274,detection,
274560,17,8,512,512,0,0,0,0,0,0,37,0,0,0,274,detection,
274561,6,8,512,512,0,0,0,0,0,0,40,0,0,0,274,detection,
274940,6,4,768,768,0,0,0,0,0,0,43,0,0,0,274,detection,
274962,19,4,768,768,0,0,0,0,0,0,41,0,0,0,274,detection,
275943,2,26,-512,2048,-2560,0,100,100,100,0,33,0,71,55,275,detection,
277213,7,17,1280,1280,0,0,0,0,0,0,42,0,0,0,277,detection,
277252,20,17,1280,1280,0,0,0,0,0,0,36,0,0,0,277,detection,
280341,7,2,1536,1536,0,0,0,0,0,0,37,0,0,0,280,detection,
281088,12,29,-512,768,-1280,0,100,100,100,11,31,0,72,55,281,detection,
281109,22,29,-512,768,-1280,0,100,100,100,10,35,0,70,55,281,detection,
284794,1,21,-1,-1,0,0,0,0,0,0,16,0,0,0,284,detection,
284808,17,21,-1,-1,0,0,0,0,0,0,41,0,0,0,284,detection,
287189,6,28,-512,512,-1024,0,100,100,67,9,49,0,59,40,287,detection,
288811,2,14,1024,1024,0,0,0,0,0,0,25,0,0,0,288,detection,
288824,5,14,1024,1024,0,0,0,0,0,0,32,0,0,0,288,detection,
288845,7,14,1024,1024,0,0,0,0,0,0,35,0,0,0,288,detection,
288872,18,14,1024,1024,0,0,0,0,0,0,25,0,0,0,288,detection,
288875,10,14,1024,1024,0,0,0,0,0,0,25,0,0,0,288,detection,
290378,10,7,1792,1792,0,0,0,0,0,0,28,0,0,0,290,detection,
290378,8,7,1792,1792,0,0,0,0,0,0,32,0,0,0,290,detection,
291314,2,10,1024,1024,0,0,0,0,0,0,36,0,0,0,291,detection,
291318,3,10,1024,1024,0,0,0,0,0,0,36,0,0,0,291,detection,
292452,21,17,1536,1536,0,0,0,0,0,0,42,0,0,0,292,detection,
293683,2,14,2304,2304,0,0,0,0,0,0,28,0,0,0,293,detection,
293690,3,14,2304,2304,0,0,0,0,0,0,28,0,0,0,293,detection,
293696,5,14,2304,2304,0,0,0,0,0,0,36,0,0,0,293,detection,
293708,13,14,2304,2304,0,0,0,0,0,0,28,0,0,0,293,detection,
294939,6,28,-512,512,-1024,0,100,100,0,8,50,0,58,40,294,detection,
295095,1,21,-1,-1,0,0,0,0,0,0,31,0,0,0,295,detection,
296021,1,9,1024,1024,0,0,0,0,0,0,29,0,0,0,296,detection,
296073,21,9,1024,1024,0,0,0,0,0,0,41,0,0,0,296,detection,
296205,13,14,2048,2048,0,0,0,0,0,0,32,0,0,0,296,detection,
296214,19,14,2048,2048,0,0,0,0,0,0,37,0,0,0,296,detection,
296214,7,14,2048,2048,0,0,0,0,0,0,39,0,0,0,296,detection,
296234,16,14,2048,2048,0,0,0,0,0,0,28,0,0,0,296,detection,
296248,10,14,2048,2048,0,0,0,0,0,0,28,0,0,0,296,detection,
297199,21,17,1536,1536,0,0,0,0,0,0,42,0,0,0,297,detection,
297254,20,17,1536,1536,0,0,0,0,0,0,37,0,0,0,297,detection,
298353,23,10,1024,1024,0,0,0,0,0,0,32,0,0,0,298,detection,
298356,24,10,1024,1024,0,0,0,0,0,0,40,0,0,0,298,detection,
301292,15,11,1024,1024,0,0,0,0,0,0,40,0,0,0,301,detection,
301314,17,11,1024,1024,0,0,0,0,0,0,36,0,0,0,301,detection,
301331,21,11,1024,1024,0,0,0,0,0,0,28,0,0,0,301,detection,
303148,1,9,768,768,0,0,0,0,0,0,31,0,0,0,303,detection,
303419,15,30,-512,1536,-2048,0,100,100,100,11,32,0,71,55,303,detection,
305541,15,11,1024,1024,0,0,0,0,0,0,41,0,0,0,305,detection,
305563,17,11,1024,1024,0,0,0,0,0,0,37,0,0,0,305,detection,
305575,21,11,1024,1024,0,0,0,0,0,0,29,0,0,0,305,detection,
305912,25,23,1536,1536,0,0,0,0,0,0,41,0,0,0,305,detection,
306698,5,13,1792,1792,0,0,0,0,0,0,32,0,0,0,306,detection,
306731,24,13,1792,1792,0,0,0,0,0,0,41,0,0,0,306,detection,
308843,7,10,1536,1536,0,0,0,0,0,0,32,0,0,0,308,detection,
308851,24,10,1536,1536,0,0,0,0,0,0,40,0,0,0,308,detection,
308859,23,10,1536,1536,0,0,0,0,0,0,36,0,0,0,308,detection,
309190,1,21,768,768,0,0,0,0,0,0,31,0,0,0,309,detection,
309228,24,13,1792,1792,0,0,0,0,0,0,40,0,0,0,309,detection,
309322,5,13,1792,1792,0,0,0,0,0,0,31,0,0,0,309,detection,
309418,15,30,-512,1536,-2048,0,100,100,0,11,32,0,71,55,309,detection,
310221,1,9,512,512,0,0,0,0,0,0,29,0,0,0,310,detection,
310475,22,4,1536,1536,0,0,0,0,0,0,85,0,0,0,310,detection,
310487,16,4,1536,1536,0,0,0,0,0,0,33,0,0,0,310,detection,
310497,18,4,1536,1536,0,0,0,0,0,0,44,0,0,0,310,detection,
310501,20,4,1536,1536,0,0,0,0,0,0,51,0,0,0,310,detection,
310561,6,4,1536,1536,0,0,0,0,0,0,46,0,0,0,310,detection,
310565,3,4,1536,1536,0,0,0,0,0,0,43,0,0,0,310,detection,
310578,12,4,1536,1536,0,0,0,0,0,0,39,0,0,0,310,detection,
310594,19,4,1536,1536,0,0,0,0,0,0,44,0,0,0,310,detection,
310826,5,24,2304,2304,0,0,0,0,0,0,34,0,0,0,310,detection,
311084,13,5,2048,2048,0,0,0,0,0,0,37,0,0,0,311,detection,
314039,1,9,512,512,0,0,0,0,0,0,29,0,0,0,314,detection,
314073,21,9,512,512,0,0,0,0,0,0,44,0,0,0,314,detection,
315043,1,21,512,512,0,0,0,0,0,0,33,0,0,0,315,detection,
315286,25,26,-512,2048,-2560,0,100,100,100,0,41,0,68,55,315,detection,
317000,18,2,1792,1792,0,0,0,0,0,0,33,0,0,0,317,detection,
317081,11,2,1792,1792,0,0,0,0,0,0,33,0,0,0,317,detection,
317091,7,2,1792,1792,0,0,0,0,0,0,42,0,0,0,317,detection,
319377,1,9,512,512,0,0,0,0,0,0,29,0,0,0,319,detection,
321652,1,21,512,512,0,0,0,0,0,0,35,0,0,0,321,detection,
324939,2,7,-1,-1,0,0,0,0,0,0,54,0,0,0,324,detection,
324948,4,7,-1,-1,0,0,0,0,0,0,28,0,0,0,324,detection,
326166,15,13,1792,1792,0,0,0,0,0,0,37,0,0,0,326,detection,
327106,1,21,512,512,0,0,0,0,0,0,31,0,0,0,327,detection,
327385,1,17,-1,-1,0,0,0,0,0,0,18,0,0,0,327,detection,
327857,24,5,2816,2816,0,0,0,0,0,0,39,0,0,0,327,detection,
329083,11,28,-512,512,-1024,0,100,100,100,10,37,0,69,55,329,detection,
331185,6,20,1024,1024,0,0,0,0,0,0,45,0,0,0,331,detection,
331186,3,20,1024,1024,0,0,0,0,0,0,41,0,0,0,331,detection,
331689,17,9,512,512,0,0,0,0,0,0,37,0,0,0,331,detection,
332194,5,13,1792,1792,0,0,0,0,0,0,30,0,0,0,332,detection,
332811,17,21,512,512,0,0,0,0,0,0,45,0,0,0,332,detection,
337229,24,5,4096,4096,0,0,0,0,0,0,71,0,0,0,337,detection,
339201,21,9,512,512,0,0,0,0,0,0,44,0,0,0,339,detection,
340060,6,4,2048,2048,0,0,0,0,0,0,48,0,0,0,340,detection,
340107,24,4,2048,2048,0,0,0,0,0,0,41,0,0,0,340,detection,
344165,15,22,768,768,0,0,0,0,0,0,33,0,0,0,344,detection,
346700,1,17,512,512,0,0,0,0,0,0,22,0,0,0,346,detection,
348912,9,21,512,512,0,0,0,0,0,0,28,0,0,0,348,detection,
351064,6,4,-1,-1,0,0,0,0,0,0,52,0,0,0,351,detection,
351100,24,4,-1,-1,0,0,0,0,0,0,44,0,0,0,351,detection,
352075,21,9,742,742,0,0,0,0,0,0,44,0,0,0,352,detection,
358951,21,9,742,742,0,0,0,0,0,0,44,0,0,0,358,detection,
362206,13,2,1536,1536,0,0,0,0,0,0,36,0,0,0,362,detection,
364575,21,9,-1,-1,0,0,0,0,0,0,47,0,0,0,364,detection,
366066,1,17,512,512,0,0,0,0,0,0,22,0,0,0,366,detection,
368913,15,22,512,512,0,0,0,0,0,0,34,0,0,0,368,detection,
371609,24,13,1024,1024,0,0,0,0,0,0,40,0,0,0,371,detection,
371666,15,13,1024,1024,0,0,0,0,0,0,40,0,0,0,371,detection,
372061,3,24,-1,-1,0,0,0,0,0,0,41,0,0,0,372,detection,
372070,5,24,-1,-1,0,0,0,0,0,0,37,0,0,0,372,detection,
377960,13,28,-512,949,-1461,0,100,100,100,11,29,0,74,55,377,detection,
378537,15,22,512,512,0,0,0,0,0,0,33,0,0,0,378,detection,
378605,24,22,512,512,0,0,0,0,0,0,37,0,0,0,378,detection,
379164,15,13,768,768,0,0,0,0,0,0,41,0,0,0,379,detection,
379364,1,17,512,512,0,0,0,0,0,0,21,0,0,0,379,detection,
385801,1,17,512,512,0,0,0,0,0,0,17,0,0,0,385,detection,
386227,24,3,-1,-1,0,0,0,0,0,0,30,0,0,0,386,detection,
386311,17,26,-512,-1,-511,100,100,100,100,0,37,0,74,55,386,detection,
386318,2,26,-512,-1,-511,100,100,100,100,0,37,0,74,55,386,detection,
388789,15,22,512,512,0,0,0,0,0,0,33,0,0,0,388,detection,
388854,23,22,512,512,0,0,0,0,0,0,37,0,0,0,388,detection,
388854,24,22,512,512,0,0,0,0,0,0,37,0,0,0,388,detection,
393292,15,13,512,512,0,0,0,0,0,0,45,0,0,0,393,detection,
394233,24,22,512,512,0,0,0,0,0,0,37,0,0,0,394,detection,
398105,24,22,512,512,0,0,0,0,0,0,37,0,0,0,398,detection,
398108,23,22,512,512,0,0,0,0,0,0,37,0,0,0,398,detection,
404413,15,22,512,512,0,0,0,0,0,0,33,0,0,0,404,detection,
404456,11,22,512,512,0,0,0,0,0,0,28,0,0,0,404,detection,
404468,19,22,512,512,0,0,0,0,0,0,33,0,0,0,404,detection,
404477,24,22,512,512,0,0,0,0,0,0,36,0,0,0,404,detection,
404481,23,22,512,512,0,0,0,0,0,0,36,0,0,0,404,detection,
404506,20,22,512,512,0,0,0,0,0,0,34,0,0,0,404,detection,
411283,9,21,1536,1536,0,0,0,0,0,0,37,0,0,0,411,detection,
412776,14,18,1024,1024,0,0,0,0,0,0,40,0,0,0,412,detection,
414230,23,22,-1,-1,0,0,0,0,0,0,37,0,0,0,414,detection,
414253,20,22,-1,-1,0,0,0,0,0,0,37,0,0,0,414,detection,
416934,6,14,1536,1536,0,0,0,0,0,0,35,0,0,0,416,detection,
417034,9,14,1536,1536,0,0,0,0,0,0,28,0,0,0,417,detection,
420626,20,14,1536,1536,0,0,0,0,0,0,32,0,0,0,420,detection,
422558,2,7,3609,3609,0,0,0,0,0,0,57,0,0,0,422,detection,
426790,15,11,-1,-1,0,0,0,0,0,0,44,0,0,0,426,detection,
426819,17,11,-1,-1,0,0,0,0,0,0,40,0,0,0,426,detection,
432325,5,19,793,793,0,0,0,0,0,0,45,0,0,0,432,detection,
432379,20,19,793,793,0,0,0,0,0,0,32,0,0,0,432,detection,
433061,3,20,-1,-1,0,0,0,0,0,0,59,0,0,0,433,detection,
433065,6,20,-1,-1,0,0,0,0,0,0,59,0,0,0,433,detection,
433088,19,20,-1,-1,0,0,0,0,0,0,57,0,0,0,433,detection,
434060,6,4,1305,1305,0,0,0,0,0,0,51,0,0,0,434,detection,
434077,13,4,1305,1305,0,0,0,0,0,0,42,0,0,0,434,detection,
438312,3,4,1305,1305,0,0,0,0,0,0,46,0,0,0,438,detection,
438341,19,4,1305,1305,0,0,0,0,0,0,44,0,0,0,438,detection,
438341,7,4,1305,1305,0,0,0,0,0,0,43,0,0,0,438,detection,
438350,22,4,1305,1305,0,0,0,0,0,0,88,0,0,0,438,detection,
438362,16,4,1305,1305,0,0,0,0,0,0,36,0,0,0,438,detection,
438375,18,4,1305,1305,0,0,0,0,0,0,47,0,0,0,438,detection,
438375,20,4,1305,1305,0,0,0,0,0,0,54,0,0,0,438,detection,
441311,17,7,1817,1817,0,0,0,0,0,0,33,0,0,0,441,detection,
441327,4,7,1817,1817,0,0,0,0,0,0,32,0,0,0,441,detection,
441370,8,7,1817,1817,0,0,0,0,0,0,35,0,0,0,441,detection,
441371,10,7,1817,1817,0,0,0,0,0,0,32,0,0,0,441,detection,
443451,21,9,-1,-1,0,0,0,0,0,0,47,0,0,0,443,detection,
445091,19,18,1305,1305,0,0,0,0,0,0,32,0,0,0,445,detection,
446911,9,21,1561,1561,0,0,0,0,0,0,41,0,0,0,446,detection,
447445,5,19,793,793,0,0,0,0,0,0,45,0,0,0,447,detection,
449372,10,7,1561,1561,0,0,0,0,0,0,35,0,0,0,449,detection,
449905,25,14,-1,-1,0,0,0,0,0,0,35,0,0,0,449,detection,
450102,24,10,-1,-1,0,0,0,0,0,0,43,0,0,0,450,detection,
450124,8,10,-1,-1,0,0,0,0,0,0,32,0,0,0,450,detection,
451457,12,23,-1,-1,0,0,0,0,0,0,32,0,0,0,451,detection,
451580,13,23,-1,-1,0,0,0,0,0,0,32,0,0,0,451,detection,
453450,4,7,1561,1561,0,0,0,0,0,0,34,0,0,0,453,detection,
453455,21,7,1561,1561,0,0,0,0,0,0,33,0,0,0,453,detection,
453497,10,7,1561,1561,0,0,0,0,0,0,36,0,0,0,453,detection,
453501,8,7,1561,1561,0,0,0,0,0,0,36,0,0,0,453,detection,
455442,3,28,-512,512,-1024,0,100,100,100,9,46,0,63,40,455,detection,
455456,13,28,-512,512,-1024,0,100,100,67,10,34,0,71,55,455,detection,
455780,25,14,-1,-1,0,0,0,0,0,0,35,0,0,0,455,detection,
455811,2,14,-1,-1,0,0,0,0,0,0,32,0,0,0,455,detection,
455851,24,10,-1,-1,0,0,0,0,0,0,47,0,0,0,455,detection,
455859,23,10,-1,-1,0,0,0,0,0,0,40,0,0,0,455,detection,
455876,18,10,-1,-1,0,0,0,0,0,0,32,0,0,0,455,detection,
458815,3,28,-512,512,-1024,0,100,100,0,9,47,0,62,40,458,detection,
458819,6,28,-512,512,-1024,0,100,100,0,9,48,0,60,40,458,detection,
459715,19,18,1561,1561,0,0,0,0,0,0,33,0,0,0,459,detection,
461205,13,23,-1,-1,0,0,0,0,0,0,32,0,0,0,461,detection,
461235,16,23,-1,-1,0,0,0,0,0,0,40,0,0,0,461,detection,
468937,6,28,-512,512,-1024,0,100,100,0,9,48,0,60,40,468,detection,
468942,3,28,-512,512,-1024,0,100,100,0,9,46,0,63,40,468,detection,
469005,10,28,-512,512,-1024,0,100,100,100,10,35,0,70,55,469,detection,
469006,18,28,-512,512,-1024,0,100,100,100,10,39,0,69,55,469,detection,
470333,21,26,-512,1998,-2510,0,100,100,100,10,34,0,71,55,470,detection,
470410,9,26,-512,1998,-2510,0,100,100,100,0,37,0,69,55,470,detection,
470656,25,2,2533,2533,0,0,0,0,0,0,40,0,0,0,470,detection,
474584,11,28,-512,512,-1024,0,100,100,0,10,38,0,69,55,474,detection,
474584,13,28,-512,512,-1024,0,100,100,0,10,36,0,69,55,474,detection,
474623,10,28,-512,512,-1024,0,100,100,0,10,37,0,69,55,474,detection,
474624,18,28,-512,512,-1024,0,100,100,0,9,42,0,66,55,474,detection,
474687,6,28,-512,512,-1024,0,100,100,0,9,49,0,59,40,474,detection,
477687,6,28,-512,512,-1024,0,100,100,0,0,49,0,59,40,477,detection,
480276,14,2,2487,2487,0,0,0,0,0,0,37,0,0,0,480,detection,
480281,25,2,2487,2487,0,0,0,0,0,0,40,0,0,0,480,detection,
481453,11,28,-512,512,-1024,0,100,100,0,10,36,0,69,55,481,detection,
481458,13,28,-512,512,-1024,0,100,100,0,10,37,0,69,55,481,detection,
490468,19,6,768,768,0,0,0,0,0,0,38,0,0,0,490,detection,
490561,3,6,768,768,0,0,0,0,0,0,42,0,0,0,490,detection,
491880,10,28,-512,512,-1024,0,100,100,0,10,37,0,69,55,491,detection,
491956,11,28,-512,512,-1024,0,100,100,0,10,37,0,69,55,491,detection,
492662,15,13,-1,-1,0,0,0,0,0,0,44,0,0,0,492,detection,
493371,10,7,1280,1280,0,0,0,0,0,0,39,0,0,0,493,detection,
493435,17,7,1280,1280,0,0,0,0,0,0,36,0,0,0,493,detection,
494658,9,21,1792,1792,0,0,0,0,0,0,44,0,0,0,494,detection,
496943,3,28,-512,512,-1024,0,100,100,0,9,46,0,63,40,496,detection,
496952,5,28,-512,512,-1024,0,100,100,100,10,34,0,71,55,496,detection,
496956,11,28,-512,512,-1024,0,100,100,0,10,37,0,69,55,496,detection,
496961,12,28,-512,512,-1024,0,100,100,100,11,33,0,71,55,496,detection,
496982,22,28,-512,512,-1024,0,100,100,100,10,38,0,69,55,496,detection,
497345,19,3,1322,1322,0,0,0,0,0,0,38,0,0,0,497,detection,
498314,17,12,-1,-1,0,0,0,0,0,0,35,0,0,0,498,detection,
498327,13,12,-1,-1,0,0,0,0,0,0,37,0,0,0,498,detection,
498328,21,12,-1,-1,0,0,0,0,0,0,32,0,0,0,498,detection,
498331,11,12,-1,-1,0,0,0,0,0,0,47,0,0,0,498,detection,
498357,22,12,-1,-1,0,0,0,0,0,0,32,0,0,0,498,detection,
501077,21,11,-1,-1,0,0,0,0,0,0,53,0,0,0,501,detection,
501750,10,28,-512,512,-1024,0,100,100,0,10,37,0,69,55,501,detection,
504991,1,7,1975,1975,0,0,0,0,0,0,18,0,0,0,504,detection,
505788,15,11,-1,-1,0,0,0,0,0,0,52,0,0,0,505,detection,
505814,17,11,-1,-1,0,0,0,0,0,0,53,0,0,0,505,detection,
505822,21,11,-1,-1,0,0,0,0,0,0,51,0,0,0,505,detection,
506027,1,17,1024,1024,0,0,0,0,0,0,22,0,0,0,506,detection,
506313,17,12,512,512,0,0,0,0,0,0,40,0,0,0,506,detection,
509698,5,28,-512,512,-1024,0,100,100,0,10,36,0,69,55,509,detection,
510950,21,11,-1,-1,0,0,0,0,0,0,49,0,0,0,510,detection,
512961,1,7,1024,1024,0,0,0,0,0,0,21,0,0,0,512,detection,
513363,1,17,768,768,0,0,0,0,0,0,22,0,0,0,513,detection,
515197,5,28,-512,512,-1024,0,100,100,0,10,37,0,69,55,515,detection,
515231,22,28,-512,512,-1024,0,100,100,0,10,40,0,69,55,515,detection,
518935,17,12,742,742,0,0,0,0,0,0,39,0,0,0,518,detection,
518981,22,12,742,742,0,0,0,0,0,0,36,0,0,0,518,detection,
519352,24,22,-1,-1,0,0,0,0,0,0,37,0,0,0,519,detection,
520161,1,17,768,768,0,0,0,0,0,0,22,0,0,0,520,detection,
521042,1,7,768,768,0,0,0,0,0,0,22,0,0,0,521,detection,
521063,17,7,768,768,0,0,0,0,0,0,41,0,0,0,521,detection,
521910,9,21,1280,1280,0,0,0,0,0,0,48,0,0,0,521,detection,
523184,6,3,768,768,0,0,0,0,0,0,41,0,0,0,523,detection,
526938,3,6,512,512,0,0,0,0,0,0,43,0,0,0,526,detection,
528602,1,19,1609,1609,0,0,0,0,0,0,26,0,0,0,528,detection,
529514,1,7,768,768,0,0,0,0,0,0,22,0,0,0,529,detection,
529558,17,7,768,768,0,0,0,0,0,0,41,0,0,0,529,detection,
531535,25,16,1254,1254,0,0,0,0,0,0,34,0,0,0,531,detection,
531969,19,6,512,512,0,0,0,0,0,0,39,0,0,0,531,detection,
532296,1,17,768,768,0,0,0,0,0,0,21,0,0,0,532,detection,
532332,21,26,-512,-1,-511,100,100,100,100,10,37,0,74,55,532,detection,
535216,19,18,512,512,0,0,0,0,0,0,40,0,0,0,535,detection,
536685,6,3,512,512,0,0,0,0,0,0,43,0,0,0,536,detection,
536934,3,6,512,512,0,0,0,0,0,0,44,0,0,0,536,detection,
537831,1,17,768,768,0,0,0,0,0,0,21,0,0,0,537,detection,
538031,25,26,-512,1766,-2278,0,100,100,39,0,44,0,64,40,538,detection,
538036,9,26,-512,1766,-2278,0,100,100,33,0,41,0,68,55,538,detection,
538061,17,7,852,852,0,0,0,0,0,0,37,0,0,0,538,detection,
538886,1,19,768,768,0,0,0,0,0,0,26,0,0,0,538,detection,
540531,25,16,1024,1024,0,0,0,0,0,0,37,0,0,0,540,detection,
540979,1,17,870,870,0,0,0,0,0,0,21,0,0,0,540,detection,
542686,17,7,843,843,0,0,0,0,0,0,36,0,0,0,542,detection,
547905,25,16,1024,1024,0,0,0,0,0,0,37,0,0,0,547,detection,
549060,3,6,534,534,0,0,0,0,0,0,40,0,0,0,549,detection,
552221,19,3,512,512,0,0,0,0,0,0,44,0,0,0,552,detection,
555077,21,11,-1,-1,0,0,0,0,0,0,48,0,0,0,555,detection,
555627,8,7,843,843,0,0,0,0,0,0,40,0,0,0,555,detection,
556714,19,18,512,512,0,0,0,0,0,0,42,0,0,0,556,detection,
558044,15,13,1254,1254,0,0,0,0,0,0,48,0,0,0,558,detection,
558186,3,6,534,534,0,0,0,0,0,0,40,0,0,0,558,detection,
558222,19,6,534,534,0,0,0,0,0,0,40,0,0,0,558,detection,
558417,1,19,512,512,0,0,0,0,0,0,29,0,0,0,558,detection,
558451,5,19,512,512,0,0,0,0,0,0,49,0,0,0,558,detection,
562079,21,11,1280,1280,0,0,0,0,0,0,50,0,0,0,562,detection,
562113,16,11,1280,1280,0,0,0,0,0,0,33,0,0,0,562,detection,
562482,24,3,742,742,0,0,0,0,0,0,34,0,0,0,562,detection,
563026,14,9,1280,1280,0,0,0,0,0,0,28,0,0,0,563,detection,
563423,15,13,512,512,0,0,0,0,0,0,52,0,0,0,563,detection,
567063,1,19,512,512,0,0,0,0,0,0,30,0,0,0,567,detection,
570684,3,6,534,534,0,0,0,0,0,0,41,0,0,0,570,detection,
570715,19,6,534,534,0,0,0,0,0,0,37,0,0,0,570,detection,
571750,18,10,-1,-1,0,0,0,0,0,0,36,0,0,0,571,detection,
571810,2,10,-1,-1,0,0,0,0,0,0,40,0,0,0,571,detection,
573249,10,2,1046,1046,0,0,0,0,0,0,41,0,0,0,573,detection,
573253,18,2,1046,1046,0,0,0,0,0,0,36,0,0,0,573,detection,
573278,14,2,1046,1046,0,0,0,0,0,0,37,0,0,0,573,detection,
573287,9,2,1046,1046,0,0,0,0,0,0,35,0,0,0,573,detection,
574696,5,19,512,512,0,0,0,0,0,0,45,0,0,0,574,detection,
577006,20,17,936,936,0,0,0,0,0,0,41,0,0,0,577,detection,
577468,19,3,-1,-1,0,0,0,0,0,0,47,0,0,0,577,detection,
577476,24,3,-1,-1,0,0,0,0,0,0,37,0,0,0,577,detection,
577505,20,3,-1,-1,0,0,0,0,0,0,41,0,0,0,577,detection,
577561,6,3,-1,-1,0,0,0,0,0,0,42,0,0,0,577,detection,
577574,4,3,-1,-1,0,0,0,0,0,0,38,0,0,0,577,detection,
577814,2,10,-1,-1,0,0,0,0,0,0,46,0,0,0,577,detection,
577816,3,10,-1,-1,0,0,0,0,0,0,43,0,0,0,577,detection,
577828,4,10,-1,-1,0,0,0,0,0,0,36,0,0,0,577,detection,
577828,12,10,-1,-1,0,0,0,0,0,0,36,0,0,0,577,detection,
577857,23,10,-1,-1,0,0,0,0,0,0,43,0,0,0,577,detection,
577871,18,10,-1,-1,0,0,0,0,0,0,43,0,0,0,577,detection,
578871,18,2,1046,1046,0,0,0,0,0,0,35,0,0,0,578,detection,
578874,10,2,1046,1046,0,0,0,0,0,0,40,0,0,0,578,detection,
578900,14,2,1046,1046,0,0,0,0,0,0,36,0,0,0,578,detection,
579835,12,4,1448,1448,0,0,0,0,0,0,43,0,0,0,579,detection,
579853,22,4,1448,1448,0,0,0,0,0,0,92,0,0,0,579,detection,
580822,5,19,742,742,0,0,0,0,0,0,44,0,0,0,580,detection,
581437,6,3,1177,1177,0,0,0,0,0,0,46,0,0,0,581,detection,
581468,19,3,1177,1177,0,0,0,0,0,0,51,0,0,0,581,detection,
581477,24,3,1177,1177,0,0,0,0,0,0,41,0,0,0,581,detection,
581501,20,3,1177,1177,0,0,0,0,0,0,41,0,0,0,581,detection,
581660,9,26,-512,1448,-1960,0,100,100,43,0,45,0,63,40,581,detection,
584872,18,10,-1,-1,0,0,0,0,0,0,39,0,0,0,584,detection,
584933,2,10,-1,-1,0,0,0,0,0,0,47,0,0,0,584,detection,
584950,4,10,-1,-1,0,0,0,0,0,0,36,0,0,0,584,detection,
584953,12,10,-1,-1,0,0,0,0,0,0,36,0,0,0,584,detection,
586187,17,26,-512,1448,-1960,0,100,100,100,0,41,0,68,55,586,detection,
586191,2,26,-512,1448,-1960,0,100,100,100,0,41,0,68,55,586,detection,
586192,6,26,-512,1448,-1960,0,100,100,100,10,36,0,69,55,586,detection,
586285,9,26,-512,1448,-1960,0,100,100,0,0,41,0,68,55,586,detection,
587441,2,29,-512,1046,-1558,0,100,100,100,0,37,0,69,55,587,detection,
587459,12,29,-512,1046,-1558,0,100,100,42,10,35,0,70,55,587,detection,
587536,9,29,-512,1046,-1558,0,100,100,100,10,34,0,71,55,587,detection,
589196,5,24,2123,2123,0,0,0,0,0,0,43,0,0,0,589,detection,
589957,12,4,1448,1448,0,0,0,0,0,0,42,0,0,0,589,detection,
589978,22,4,1448,1448,0,0,0,0,0,0,88,0,0,0,589,detection,
591666,15,5,-1,-1,0,0,0,0,0,0,41,0,0,0,591,detection,
593072,5,24,2123,2123,0,0,0,0,0,0,43,0,0,0,593,detection,
594625,18,29,-512,1046,-1558,0,100,100,100,10,38,0,69,55,594,detection,
594659,9,29,-512,1046,-1558,0,100,100,0,11,33,0,71,55,594,detection,
594705,12,29,-512,1046,-1558,0,100,100,0,10,34,0,71,55,594,detection,
595323,5,13,512,512,0,0,0,0,0,0,36,0,0,0,595,detection,
596605,23,2,-1,-1,0,0,0,0,0,0,41,0,0,0,596,detection,
596622,18,2,-1,-1,0,0,0,0,0,0,38,0,0,0,596,detection,
596651,14,2,-1,-1,0,0,0,0,0,0,39,0,0,0,596,detection,
596656,9,2,-1,-1,0,0,0,0,0,0,38,0,0,0,596,detection,
596703,12,2,-1,-1,0,0,0,0,0,0,35,0,0,0,596,detection,
599879,18,29,-512,-1,-511,100,100,100,100,9,47,0,61,40,599,detection,
599909,9,29,-512,-1,-511,100,100,100,100,9,46,0,62,40,599,detection,
600735,16,15,512,512,0,0,0,0,0,0,33,0,0,0,600,detection,
611967,19,14,1448,1448,0,0,0,0,0,0,40,0,0,0,611,detection,
611983,24,14,1448,1448,0,0,0,0,0,0,35,0,0,0,611,detection,
612035,9,14,1448,1448,0,0,0,0,0,0,32,0,0,0,612,detection,
612060,6,14,1448,1448,0,0,0,0,0,0,39,0,0,0,612,detection,
612064,3,14,1448,1448,0,0,0,0,0,0,32,0,0,0,612,detection,
615438,17,12,-1,-1,0,0,0,0,0,0,43,0,0,0,615,detection,
615481,22,12,-1,-1,0,0,0,0,0,0,40,0,0,0,615,detection,
616352,24,14,1647,1647,0,0,0,0,0,0,38,0,0,0,616,detection,
616360,16,14,1647,1647,0,0,0,0,0,0,32,0,0,0,616,detection,
616437,6,14,1647,1647,0,0,0,0,0,0,42,0,0,0,616,detection,
617031,25,16,-1,-1,0,0,0,0,0,0,55,0,0,0,617,detection,
617656,14,9,1461,1461,0,0,0,0,0,0,32,0,0,0,617,detection,
617744,10,2,-1,-1,0,0,0,0,0,0,43,0,0,0,617,detection,
617779,25,2,-1,-1,0,0,0,0,0,0,43,0,0,0,617,detection,
617786,9,2,-1,-1,0,0,0,0,0,0,41,0,0,0,617,detection,
617830,12,2,-1,-1,0,0,0,0,0,0,38,0,0,0,617,detection,
617855,22,2,-1,-1,0,0,0,0,0,0,36,0,0,0,617,detection,
617859,16,2,-1,-1,0,0,0,0,0,0,43,0,0,0,617,detection,
619217,19,6,1355,1355,0,0,0,0,0,0,40,0,0,0,619,detection,
621276,14,9,1205,1205,0,0,0,0,0,0,29,0,0,0,621,detection,
622717,19,6,1355,1355,0,0,0,0,0,0,39,0,0,0,622,detection,
623163,25,30,-512,1717,-2229,0,100,100,100,11,28,0,75,55,623,detection,
623354,24,14,1391,1391,0,0,0,0,0,0,41,0,0,0,623,detection,
624915,15,23,1461,1461,0,0,0,0,0,0,32,0,0,0,624,detection,
624955,12,23,1461,1461,0,0,0,0,0,0,36,0,0,0,624,detection,
625934,6,3,-1,-1,0,0,0,0,0,0,50,0,0,0,625,detection,
627937,2,12,1647,1647,0,0,0,0,0,0,36,0,0,0,627,detection,
627940,17,12,1647,1647,0,0,0,0,0,0,42,0,0,0,627,detection,
627949,5,12,1647,1647,0,0,0,0,0,0,35,0,0,0,627,detection,
627979,22,12,1647,1647,0,0,0,0,0,0,40,0,0,0,627,detection,
627997,10,12,1647,1647,0,0,0,0,0,0,36,0,0,0,627,detection,
628783,25,30,-512,-1,-511,100,100,100,100,11,32,0,81,55,628,detection,
628791,15,30,-512,-1,-511,100,100,100,100,11,32,0,81,55,628,detection,
629604,24,14,1280,1280,0,0,0,0,0,0,42,0,0,0,629,detection,
629685,3,14,1280,1280,0,0,0,0,0,0,38,0,0,0,629,detection,
630309,2,10,-1,-1,0,0,0,0,0,0,47,0,0,0,630,detection,
630318,5,10,-1,-1,0,0,0,0,0,0,32,0,0,0,630,detection,
630330,4,10,-1,-1,0,0,0,0,0,0,40,0,0,0,630,detection,
630331,12,10,-1,-1,0,0,0,0,0,0,40,0,0,0,630,detection,
630344,7,10,-1,-1,0,0,0,0,0,0,36,0,0,0,630,detection,
630356,22,10,-1,-1,0,0,0,0,0,0,36,0,0,0,630,detection,
633456,13,12,1647,1647,0,0,0,0,0,0,37,0,0,0,633,detection,
633477,22,12,1647,1647,0,0,0,0,0,0,40,0,0,0,633,detection,
633572,5,12,1647,1647,0,0,0,0,0,0,34,0,0,0,633,detection,
633952,4,10,-1,-1,0,0,0,0,0,0,39,0,0,0,633,detection,
633965,7,10,-1,-1,0,0,0,0,0,0,36,0,0,0,633,detection,
635988,16,23,1461,1461,0,0,0,0,0,0,44,0,0,0,635,detection,
636908,9,21,1647,1647,0,0,0,0,0,0,51,0,0,0,636,detection,
638205,11,28,-512,2159,-2671,0,100,100,100,0,40,0,69,55,638,detection,
640436,1,9,1867,1867,0,0,0,0,0,0,33,0,0,0,640,detection,
640526,14,9,1867,1867,0,0,0,0,0,0,33,0,0,0,640,detection,
641735,16,23,1486,1486,0,0,0,0,0,0,44,0,0,0,641,detection,
642591,19,14,1510,1510,0,0,0,0,0,0,43,0,0,0,642,detection,
642603,24,14,1510,1510,0,0,0,0,0,0,38,0,0,0,642,detection,
642607,16,14,1510,1510,0,0,0,0,0,0,32,0,0,0,642,detection,
643784,9,21,1647,1647,0,0,0,0,0,0,47,0,0,0,643,detection,
647139,1,19,2159,2159,0,0,0,0,0,0,31,0,0,0,647,detection,
647736,1,9,1867,1867,0,0,0,0,0,0,33,0,0,0,647,detection,
647779,14,9,1867,1867,0,0,0,0,0,0,33,0,0,0,647,detection,
651235,16,14,1867,1867,0,0,0,0,0,0,36,0,0,0,651,detection,
651339,19,14,1867,1867,0,0,0,0,0,0,46,0,0,0,651,detection,
653380,1,9,1867,1867,0,0,0,0,0,0,32,0,0,0,653,detection,
654980,16,23,1636,1636,0,0,0,0,0,0,48,0,0,0,654,detection,
655588,19,14,512,512,0,0,0,0,0,0,47,0,0,0,655,detection,
658195,1,9,2671,2671,0,0,0,0,0,0,36,0,0,0,658,detection,
663813,3,14,512,512,0,0,0,0,0,0,43,0,0,0,663,detection,
665778,1,9,-1,-1,0,0,0,0,0,0,77,0,0,0,665,detection,
669359,16,23,1636,1636,0,0,0,0,0,0,44,0,0,0,669,detection,
670856,16,23,-1,-1,0,0,0,0,0,0,48,0,0,0,670,detection,
676603,1,9,512,512,0,0,0,0,0,0,81,0,0,0,676,detection,
683321,5,22,-1,-1,0,0,0,0,0,0,33,0,0,0,683,detection,
683341,19,22,-1,-1,0,0,0,0,0,0,36,0,0,0,683,detection,
683376,20,22,-1,-1,0,0,0,0,0,0,36,0,0,0,683,detection,
688017,1,9,512,512,0,0,0,0,0,0,81,0,0,0,688,detection,
688073,21,9,512,512,0,0,0,0,0,0,51,0,0,0,688,detection,
690288,25,30,-512,-1,-511,100,100,100,0,10,36,0,76,55,690,detection,
694458,11,14,742,742,0,0,0,0,0,0,28,0,0,0,694,detection,
699310,6,4,-1,-1,0,0,0,0,0,0,54,0,0,0,699,detection,
699340,19,4,-1,-1,0,0,0,0,0,0,48,0,0,0,699,detection,
699352,24,4,-1,-1,0,0,0,0,0,0,43,0,0,0,699,detection,
699379,20,4,-1,-1,0,0,0,0,0,0,58,0,0,0,699,detection,
701869,1,21,768,768,0,0,0,0,0,0,28,0,0,0,701,detection,
702609,16,14,742,742,0,0,0,0,0,0,36,0,0,0,702,detection,
703856,24,4,512,512,0,0,0,0,0,0,47,0,0,0,703,detection,
703875,20,4,512,512,0,0,0,0,0,0,59,0,0,0,703,detection,
703940,6,28,-512,-1,-511,100,98,100,66,0,51,0,56,40,703,detection,
703962,12,28,-512,-1,-511,100,100,100,77,10,36,0,76,55,703,detection,
703980,22,28,-512,-1,-511,100,100,100,72,9,42,0,67,55,703,detection,
709199,21,9,-1,-1,0,0,0,0,0,0,51,0,0,0,709,detection,
709689,6,4,-1,-1,0,0,0,0,0,0,54,0,0,0,709,detection,
709725,24,4,-1,-1,0,0,0,0,0,0,47,0,0,0,709,detection,
709750,20,4,-1,-1,0,0,0,0,0,0,58,0,0,0,709,detection,
712937,6,20,512,512,0,0,0,0,0,0,60,0,0,0,712,detection,
715385,1,21,768,768,0,0,0,0,0,0,26,0,0,0,715,detection,
715406,9,21,768,768,0,0,0,0,0,0,50,0,0,0,715,detection,
718935,6,20,512,512,0,0,0,0,0,0,60,0,0,0,718,detection,
720931,1,21,512,512,0,0,0,0,0,0,27,0,0,0,720,detection,
722718,19,6,-1,-1,0,0,0,0,0,0,43,0,0,0,722,detection,
723361,16,4,1024,1024,0,0,0,0,0,0,38,0,0,0,723,detection,
723379,20,4,1024,1024,0,0,0,0,0,0,58,0,0,0,723,detection,
723435,6,4,1024,1024,0,0,0,0,0,0,57,0,0,0,723,detection,
725717,19,6,-1,-1,0,0,0,0,0,0,46,0,0,0,725,detection,
728941,6,4,1024,1024,0,0,0,0,0,0,57,0,0,0,728,detection,
731274,1,21,-1,-1,0,0,0,0,0,0,28,0,0,0,731,detection,
767661,9,27,-512,1024,-1536,0,100,100,100,0,32,0,71,55,767,detection,
770643,1,8,768,768,0,0,0,0,0,0,22,0,0,0,770,detection,
770699,21,8,768,768,0,0,0,0,0,0,33,0,0,0,770,detection,
776948,1,8,512,512,0,0,0,0,0,0,22,0,0,0,776,detection,
782638,1,8,512,512,0,0,0,0,0,0,18,0,0,0,782,detection,
782881,20,5,-1,-1,0,0,0,0,0,0,46,0,0,0,782,detection,
789583,1,8,512,512,0,0,0,0,0,0,18,0,0,0,789,detection,
794200,1,8,512,512,0,0,0,0,0,0,18,0,0,0,794,detection,
796997,1,8,512,512,0,0,0,0,0,0,18,0,0,0,796,detection,
803567,1,8,512,512,0,0,0,0,0,0,17,0,0,0,803,detection,
809888,1,8,512,512,0,0,0,0,0,0,17,0,0,0,809,detection,
817101,24,10,-1,-1,0,0,0,0,0,0,51,0,0,0,817,detection,
817105,22,10,-1,-1,0,0,0,0,0,0,40,0,0,0,817,detection,
817109,16,10,-1,-1,0,0,0,0,0,0,32,0,0,0,817,detection,
817126,18,10,-1,-1,0,0,0,0,0,0,43,0,0,0,817,detection,
817195,5,10,-1,-1,0,0,0,0,0,0,36,0,0,0,817,detection,
817513,1,8,512,512,0,0,0,0,0,0,17,0,0,0,817,detection,
821966,7,8,512,512,0,0,0,0,0,0,34,0,0,0,821,detection,
822034,9,8,512,512,0,0,0,0,0,0,41,0,0,0,822,detection,
826031,9,8,512,512,0,0,0,0,0,0,42,0,0,0,826,detection,
836981,23,22,-1,-1,0,0,0,0,0,0,41,0,0,0,836,detection,
851408,25,23,512,512,0,0,0,0,0,0,42,0,0,0,851,detection,
857654,25,23,512,512,0,0,0,0,0,0,43,0,0,0,857,detection,
867950,5,28,-512,1280,-1792,0,100,100,100,10,40,0,69,55,867,detection,
867959,13,28,-512,1280,-1792,0,100,100,100,10,39,0,69,55,867,detection,
867962,12,28,-512,1280,-1792,0,100,100,100,10,38,0,69,55,867,detection,
868005,10,28,-512,1280,-1792,0,100,100,100,10,41,0,68,55,868,detection,
881979,23,22,512,512,0,0,0,0,0,0,45,0,0,0,881,detection,
882077,13,2,-1,-1,0,0,0,0,0,0,38,0,0,0,882,detection,
882102,22,2,-1,-1,0,0,0,0,0,0,38,0,0,0,882,detection,
882102,23,2,-1,-1,0,0,0,0,0,0,43,0,0,0,882,detection,
882109,16,2,-1,-1,0,0,0,0,0,0,46,0,0,0,882,detection,
882123,8,2,-1,-1,0,0,0,0,0,0,32,0,0,0,882,detection,
882152,25,2,-1,-1,0,0,0,0,0,0,46,0,0,0,882,detection,
882153,14,2,-1,-1,0,0,0,0,0,0,42,0,0,0,882,detection,
890004,1,21,512,512,0,0,0,0,0,0,32,0,0,0,890,detection,
891991,1,2,-1,-256,255,0,73,100,48,0,18,0,82,55,891,detection,
892103,23,2,-1,-256,255,0,50,76,33,0,49,0,65,55,892,detection,
894666,1,21,512,512,0,0,0,0,0,0,33,0,0,0,894,detection,
895907,25,23,1024,1024,0,0,0,0,0,0,45,0,0,0,895,detection,
895957,11,23,1024,1024,0,0,0,0,0,0,28,0,0,0,895,detection,
896074,1,2,768,768,0,0,0,99,46,0,22,0,92,100,896,detection,
896103,22,2,768,768,0,0,0,0,0,0,42,0,0,0,896,detection,
898564,1,21,-1,-1,0,0,0,0,0,0,35,0,0,0,898,detection,
898967,7,29,-512,-1,-511,100,100,100,70,9,45,0,62,40,898,detection,
899005,8,29,-512,-1,-511,100,99,100,0,8,50,0,56,40,899,detection,
900810,6,8,-1,-1,0,0,0,0,0,0,39,0,0,0,900,detection,
900817,17,8,-1,-1,0,0,0,0,0,0,40,0,0,0,900,detection,
900826,4,8,-1,-1,0,0,0,0,0,0,38,0,0,0,900,detection,
900955,21,11,-1,-1,0,0,0,0,0,0,52,0,0,0,900,detection,
900977,23,11,-1,-1,0,0,0,0,0,0,32,0,0,0,900,detection,
903647,1,2,512,512,0,0,0,89,0,0,22,0,92,100,903,detection,
906236,16,22,742,742,0,0,0,0,0,0,35,0,0,0,906,detection,
906626,18,30,-512,1254,-1766,0,100,100,100,11,28,0,75,55,906,detection,
910132,20,22,742,742,0,0,0,0,0,0,39,0,0,0,910,detection,
910311,6,20,-1,-1,0,0,0,0,0,0,61,0,0,0,910,detection,
911162,1,2,512,512,0,0,0,79,0,0,22,0,92,100,911,detection,
911195,5,10,1254,1254,0,0,0,0,0,0,40,0,0,0,911,detection,
911233,16,10,1254,1254,0,0,0,0,0,0,36,0,0,0,911,detection,
911250,18,10,1254,1254,0,0,0,0,0,0,46,0,0,0,911,detection,
915818,5,13,-1,-1,0,0,0,0,0,0,39,0,0,0,915,detection,
916955,4,10,-1,-1,0,0,0,0,0,0,39,0,0,0,916,detection,
916955,12,10,-1,-1,0,0,0,0,0,0,44,0,0,0,916,detection,
916976,22,10,-1,-1,0,0,0,0,0,0,36,0,0,0,916,detection,
918788,1,2,512,512,0,0,0,74,0,0,18,0,94,100,918,detection,
921123,18,10,-1,-1,0,0,0,0,0,0,50,0,0,0,921,detection,
921200,4,10,-1,-1,0,0,0,0,0,0,39,0,0,0,921,detection,
921204,12,10,-1,-1,0,0,0,0,0,0,43,0,0,0,921,detection,
921225,22,10,-1,-1,0,0,0,0,0,0,36,0,0,0,921,detection,
921230,16,10,-1,-1,0,0,0,0,0,0,40,0,0,0,921,detection,
926738,1,2,512,512,0,0,0,70,0,0,18,0,94,100,926,detection,
927341,19,6,-1,-1,0,0,0,0,0,0,49,0,0,0,927,detection,
931615,1,2,512,512,0,0,0,70,0,0,18,0,94,100,931,detection,
936139,1,2,512,512,0,0,0,70,0,0,17,0,94,100,936,detection,
943574,1,2,512,512,0,0,0,70,0,0,17,0,94,100,943,detection,
949113,1,2,512,512,0,0,0,70,0,0,17,0,94,100,949,detection,
954129,18,30,-512,512,-1024,0,100,100,100,10,35,0,70,55,954,detection,
954386,1,2,512,512,0,0,0,70,0,0,16,0,94,100,954,detection,
954458,11,2,512,512,0,0,0,0,0,0,37,0,0,0,954,detection,
957191,6,4,1024,1024,0,0,0,0,0,0,56,0,0,0,957,detection,
957252,20,4,1024,1024,0,0,0,0,0,0,57,0,0,0,957,detection,
957382,20,6,-1,-1,0,0,0,0,0,0,44,0,0,0,957,detection,
957687,2,11,-1,-1,0,0,0,0,0,0,32,0,0,0,957,detection,
957873,18,30,-512,512,-1024,0,100,100,0,10,36,0,69,55,957,detection,
959786,9,27,-512,1536,-2048,0,100,100,78,0,35,0,70,55,959,detection,
961291,1,2,512,512,0,0,0,70,0,0,16,0,94,100,961,detection,
961376,18,2,512,512,0,0,0,0,0,0,43,0,0,0,961,detection,
961402,14,2,512,512,0,0,0,0,0,0,47,0,0,0,961,detection,
962063,6,14,-1,-1,0,0,0,0,0,0,45,0,0,0,962,detection,
962064,2,14,-1,-1,0,0,0,0,0,0,36,0,0,0,962,detection,
962068,3,14,-1,-1,0,0,0,0,0,0,46,0,0,0,962,detection,
962068,5,14,-1,-1,0,0,0,0,0,0,40,0,0,0,962,detection,
962076,11,14,-1,-1,0,0,0,0,0,0,32,0,0,0,962,detection,
962077,13,14,-1,-1,0,0,0,0,0,0,36,0,0,0,962,detection,
962082,4,14,-1,-1,0,0,0,0,0,0,32,0,0,0,962,detection,
962085,12,14,-1,-1,0,0,0,0,0,0,35,0,0,0,962,detection,
962090,19,14,-1,-1,0,0,0,0,0,0,50,0,0,0,962,detection,
962103,22,14,-1,-1,0,0,0,0,0,0,28,0,0,0,962,detection,
962107,16,14,-1,-1,0,0,0,0,0,0,40,0,0,0,962,detection,
962437,6,28,-512,1024,-1536,0,100,100,100,0,54,0,58,40,962,detection,
962442,3,28,-512,1024,-1536,0,100,100,68,0,47,0,62,40,962,detection,
962449,5,28,-512,1024,-1536,0,100,100,37,10,39,0,69,55,962,detection,
962457,11,28,-512,1024,-1536,0,100,100,100,0,44,0,64,40,962,detection,
962483,23,28,-512,1024,-1536,0,100,100,100,11,28,0,75,55,962,detection,
962501,18,28,-512,1024,-1536,0,100,100,71,9,43,0,66,55,962,detection,
963503,18,30,-512,512,-1024,0,100,100,0,10,37,0,69,55,963,detection,
966370,18,4,-1,-1,0,0,0,0,0,0,50,0,0,0,966,detection,
967858,23,28,-512,-1,-511,100,100,100,100,11,32,0,81,55,967,detection,
967878,18,28,-512,-1,-511,100,100,100,100,9,46,0,62,40,967,detection,
967905,14,28,-512,-1,-511,100,100,100,67,9,48,0,59,40,967,detection,
967939,3,28,-512,-1,-511,100,100,100,100,0,46,0,62,40,967,detection,
967942,6,28,-512,-1,-511,100,94,100,100,0,56,0,56,40,967,detection,
967948,5,28,-512,-1,-511,100,100,100,100,9,43,0,66,55,967,detection,
967956,11,28,-512,-1,-511,100,100,100,100,0,47,0,61,40,967,detection,
969644,1,2,-1,-1,0,0,0,70,0,0,18,0,94,100,969,detection,
969650,14,2,-1,-1,0,0,0,0,0,0,47,0,0,0,969,detection,
969703,11,2,-1,-1,0,0,0,0,0,0,41,0,0,0,969,detection,
969733,23,2,-1,-1,0,0,0,70,32,0,51,0,64,40,969,detection,
969748,18,2,-1,-1,0,0,0,0,0,0,46,0,0,0,969,detection,
1032582,21,26,-512,512,-1024,0,100,100,73,10,41,0,68,55,1032,detection,
1044415,15,5,512,512,0,0,0,0,0,0,47,0,0,0,1044,detection,
1044935,1,21,-1,-1,0,0,0,0,0,0,33,0,0,0,1044,detection,
1047204,21,26,-512,512,-1024,0,100,100,0,10,41,0,68,55,1047,detection,
1054702,21,26,-512,512,-1024,0,100,100,0,10,41,0,68,55,1054,detection,
1060451,21,26,-512,512,-1024,0,100,100,0,10,37,0,69,55,1060,detection,
1062465,19,5,-1,-1,0,0,0,0,0,0,41,0,0,0,1062,detection,
1062482,24,5,-1,-1,0,0,0,0,0,0,76,0,0,0,1062,detection,
1065160,25,26,-512,512,-1024,0,100,100,100,0,49,0,59,40,1065,detection,
1065192,2,26,-512,512,-1024,0,100,100,100,0,45,0,63,40,1065,detection,
1065192,6,26,-512,512,-1024,0,100,100,100,10,41,0,68,55,1065,detection,
1071815,6,5,768,768,0,0,0,0,0,0,40,0,0,0,1071,detection,
1071829,11,5,768,768,0,0,0,0,0,0,32,0,0,0,1071,detection,
1071836,19,5,768,768,0,0,0,0,0,0,44,0,0,0,1071,detection,
1071946,5,19,3328,3328,0,0,0,0,0,0,85,0,0,0,1071,detection,
1076916,15,5,512,512,0,0,0,0,0,0,49,0,0,0,1076,detection,
1076981,22,5,512,512,0,0,0,0,0,0,40,0,0,0,1076,detection,
1083198,5,19,2913,2913,0,0,0,0,0,0,85,0,0,0,1083,detection,
1083436,6,5,742,742,0,0,0,0,0,0,39,0,0,0,1083,detection,
1083457,11,5,742,742,0,0,0,0,0,0,31,0,0,0,1083,detection,
1083457,13,5,742,742,0,0,0,0,0,0,40,0,0,0,1083,detection,
1083461,19,5,742,742,0,0,0,0,0,0,44,0,0,0,1083,detection,
1083475,22,5,742,742,0,0,0,0,0,0,39,0,0,0,1083,detection,
1083483,24,5,742,742,0,0,0,0,0,0,81,0,0,0,1083,detection,
1083934,17,11,-1,-1,0,0,0,0,0,0,55,0,0,0,1083,detection,
1085717,19,6,1254,1254,0,0,0,0,0,0,53,0,0,0,1085,detection,
1085912,1,2,1254,1254,0,0,0,70,0,0,22,0,91,100,1085,detection,
1086251,1,21,-1,-1,0,0,0,0,0,0,41,0,0,0,1086,detection,
1089311,17,11,1254,1254,0,0,0,0,0,0,53,0,0,0,1089,detection,
1089405,25,11,1254,1254,0,0,0,0,0,0,39,0,0,0,1089,detection,
1091693,3,5,949,949,0,0,0,0,0,0,33,0,0,0,1091,detection,
1091702,11,5,949,949,0,0,0,0,0,0,32,0,0,0,1091,detection,
1091706,13,5,949,949,0,0,0,0,0,0,40,0,0,0,1091,detection,
1091718,19,5,949,949,0,0,0,0,0,0,44,0,0,0,1091,detection,
1091728,22,5,949,949,0,0,0,0,0,0,40,0,0,0,1091,detection,
1092155,14,28,-512,1461,-1973,0,100,100,100,9,48,0,60,40,1092,detection,
1092190,3,28,-512,1461,-1973,0,100,100,100,0,48,0,60,40,1092,detection,
1092232,22,28,-512,1461,-1973,0,100,100,100,9,45,0,63,40,1092,detection,
1093589,1,2,768,768,0,0,0,70,0,0,26,0,81,75,1093,detection,
1093605,22,2,768,768,0,0,0,0,0,0,41,0,0,0,1093,detection,
1093657,25,2,768,768,0,0,0,0,0,0,46,0,0,0,1093,detection,
1094008,1,21,768,768,0,0,0,0,0,0,43,0,0,0,1094,detection,
1094933,17,11,1205,1205,0,0,0,0,0,0,54,0,0,0,1094,detection,
1094938,2,11,1205,1205,0,0,0,0,0,0,37,0,0,0,1094,detection,
1098188,6,5,949,949,0,0,0,0,0,0,39,0,0,0,1098,detection,
1098189,3,5,949,949,0,0,0,0,0,0,33,0,0,0,1098,detection,
1098202,13,5,949,949,0,0,0,0,0,0,39,0,0,0,1098,detection,
1098218,19,5,949,949,0,0,0,0,0,0,45,0,0,0,1098,detection,
1098228,22,5,949,949,0,0,0,0,0,0,37,0,0,0,1098,detection,
1098693,6,28,-512,1461,-1973,0,100,100,100,0,60,0,58,40,1098,detection,
1098696,3,28,-512,1461,-1973,0,100,100,0,0,47,0,62,40,1098,detection,
1098703,5,28,-512,1461,-1973,0,100,100,100,0,46,0,63,40,1098,detection,
1098707,13,28,-512,1461,-1973,0,100,100,25,9,42,0,66,55,1098,detection,
1098711,11,28,-512,1461,-1973,0,100,100,100,0,50,0,58,40,1098,detection,
1098728,22,28,-512,1461,-1973,0,100,100,0,0,44,0,64,40,1098,detection,
1098754,18,28,-512,1461,-1973,0,100,100,100,9,49,0,59,40,1098,detection,
1098779,14,28,-512,1461,-1973,0,100,100,0,9,48,0,60,40,1098,detection,
1098990,1,2,768,768,0,0,0,70,0,0,26,0,81,75,1098,detection,
1104934,6,5,1303,1303,0,0,0,0,0,0,42,0,0,0,1104,detection,
1104939,3,5,1303,1303,0,0,0,0,0,0,36,0,0,0,1104,detection,
1104956,13,5,1303,1303,0,0,0,0,0,0,37,0,0,0,1104,detection,
1104961,11,5,1303,1303,0,0,0,0,0,0,36,0,0,0,1104,detection,
1104981,22,5,1303,1303,0,0,0,0,0,0,40,0,0,0,1104,detection,
1105403,14,28,-512,1461,-1973,0,100,100,0,9,48,0,60,40,1105,detection,
1105438,3,28,-512,1461,-1973,0,100,100,0,0,46,0,63,40,1105,detection,
1105446,6,28,-512,1461,-1973,0,100,100,0,0,55,0,58,40,1105,detection,
1105447,5,28,-512,1461,-1973,0,100,100,0,0,46,0,63,40,1105,detection,
1105455,13,28,-512,1461,-1973,0,100,100,0,10,37,0,69,55,1105,detection,
1107441,6,8,1815,1815,0,0,0,0,0,0,41,0,0,0,1107,detection,
1107601,1,2,512,512,0,0,0,70,0,0,26,0,81,75,1107,detection,
1112441,3,28,-512,1412,-1924,0,100,100,6,0,45,0,63,40,1112,detection,
1112458,13,28,-512,1412,-1924,0,100,100,7,0,37,0,69,55,1112,detection,
1112811,6,3,1559,1559,0,0,0,0,0,0,54,0,0,0,1112,detection,
1112841,19,3,1559,1559,0,0,0,0,0,0,52,0,0,0,1112,detection,
1116253,20,3,1559,1559,0,0,0,0,0,0,46,0,0,0,1116,detection,
1116309,6,3,1559,1559,0,0,0,0,0,0,56,0,0,0,1116,detection,
1117160,9,8,1815,1815,0,0,0,0,0,0,45,0,0,0,1117,detection,
1117186,6,8,1815,1815,0,0,0,0,0,0,41,0,0,0,1117,detection,
1117384,1,2,512,512,0,0,0,70,0,0,26,0,81,75,1117,detection,
1117583,13,28,-512,1391,-1903,0,100,100,3,0,36,0,69,55,1117,detection,
1117627,18,28,-512,1391,-1903,0,100,100,9,9,44,0,64,40,1117,detection,
1117703,11,28,-512,1391,-1903,0,100,100,9,0,50,0,58,40,1117,detection,
1119460,13,29,-512,1815,-2327,0,100,100,100,10,41,0,68,55,1119,detection,
1124252,20,3,1559,1559,0,0,0,0,0,0,47,0,0,0,1124,detection,
1124531,14,8,2071,2071,0,0,0,0,0,0,47,0,0,0,1124,detection,
1124532,9,8,2071,2071,0,0,0,0,0,0,48,0,0,0,1124,detection,
1124562,6,8,2071,2071,0,0,0,0,0,0,44,0,0,0,1124,detection,
1124579,21,8,2071,2071,0,0,0,0,0,0,36,0,0,0,1124,detection,
1126303,1,2,512,512,0,0,0,70,0,0,26,0,81,75,1126,detection,
1126404,25,2,512,512,0,0,0,0,0,0,47,0,0,0,1126,detection,
1139566,2,29,-512,768,-1280,0,100,100,40,0,40,0,69,55,1139,detection,
1139584,13,29,-512,768,-1280,0,100,100,100,10,40,0,69,55,1139,detection,
1139638,18,29,-512,768,-1280,0,100,100,100,8,50,0,58,40,1139,detection,
1140400,14,8,4119,4119,0,0,0,0,0,0,85,0,0,0,1140,detection,
1140409,9,8,4119,4119,0,0,0,0,0,0,88,0,0,0,1140,detection,
1140448,21,8,4119,4119,0,0,0,0,0,0,77,0,0,0,1140,detection,
1145662,9,8,4119,4119,0,0,0,0,0,0,88,0,0,0,1145,detection,
1145778,14,8,4119,4119,0,0,0,0,0,0,85,0,0,0,1145,detection,
1148326,21,8,4119,4119,0,0,0,0,0,0,73,0,0,0,1148,detection,
1149278,14,8,4119,4119,0,0,0,0,0,0,77,0,0,0,1149,detection,
1158653,14,8,4119,4119,0,0,0,0,0,0,70,0,0,0,1158,detection,
1158658,25,8,4119,4119,0,0,0,0,0,0,61,0,0,0,1158,detection,
1165527,14,8,4119,4119,0,0,0,0,0,0,64,0,0,0,1165,detection,
1179899,14,8,-1,-1,0,0,0,0,0,0,71,0,0,0,1179,detection,
1179905,25,8,-1,-1,0,0,0,0,0,0,69,0,0,0,1179,detection,
1184441,2,29,-512,1024,-1536,0,100,100,35,0,44,0,64,40,1184,detection,
1184458,4,29,-512,1024,-1536,0,100,100,100,10,37,0,69,55,1184,detection,
1184462,12,29,-512,1024,-1536,0,100,100,3,10,39,0,69,55,1184,detection,
1184500,10,29,-512,1024,-1536,0,100,100,100,0,33,0,71,55,1184,detection,
1184504,18,29,-512,1024,-1536,0,100,100,32,8,52,0,58,40,1184,detection,
1188999,10,29,-512,1024,-1536,0,100,100,0,0,33,0,71,55,1188,detection,
1188999,18,29,-512,1024,-1536,0,100,100,0,8,53,0,58,40,1188,detection,
1189080,4,29,-512,1024,-1536,0,100,100,0,10,37,0,69,55,1189,detection,
1196567,17,27,-512,-1,-511,100,100,100,81,0,32,0,81,55,1196,detection,
1200186,17,27,-512,512,-1024,0,100,100,76,0,37,0,69,55,1200,detection,
1200580,1,17,-1,-1,0,0,0,0,0,0,25,0,0,0,1200,detection,
1200625,20,17,-1,-1,0,0,0,0,0,0,44,0,0,0,1200,detection,
1206928,1,17,768,768,0,0,0,0,0,0,26,0,0,0,1206,detection,
1207003,20,17,768,768,0,0,0,0,0,0,44,0,0,0,1207,detection,
1210612,1,17,768,768,0,0,0,0,0,0,26,0,0,0,1210,detection,
1210626,20,17,768,768,0,0,0,0,0,0,44,0,0,0,1210,detection,
1213288,15,23,768,768,0,0,0,0,0,0,36,0,0,0,1213,detection,
1213960,12,10,-1,-256,255,0,52,79,34,0,45,0,68,55,1213,detection,
1213982,16,10,-1,-256,255,0,52,79,34,0,45,0,68,55,1213,detection,
1213982,23,10,-1,-256,255,0,50,76,33,0,49,0,65,55,1213,detection,
1213999,18,10,-1,-256,255,0,47,70,31,0,56,0,64,40,1213,detection,
1214752,18,29,-512,1280,-1792,0,100,100,31,8,56,0,58,40,1214,detection,
1215439,17,27,-512,512,-1024,0,100,100,0,0,37,0,69,55,1215,detection,
1219564,3,10,1280,1280,0,0,0,0,0,0,46,0,0,0,1219,detection,
1219604,23,10,1280,1280,0,0,0,70,33,0,48,0,64,40,1219,detection,
1219629,18,10,1280,1280,0,0,0,70,30,0,59,0,64,40,1219,detection,
1219716,1,17,512,512,0,0,0,0,0,0,26,0,0,0,1219,detection,
1219752,20,17,512,512,0,0,0,0,0,0,46,0,0,0,1219,detection,
1220289,15,23,768,768,0,0,0,0,0,0,36,0,0,0,1220,detection,
1223452,4,3,-1,-1,0,0,0,0,0,0,42,0,0,0,1223,detection,
1225437,3,10,1024,1024,0,0,0,0,0,0,52,0,0,0,1225,detection,
1225455,12,10,1024,1024,0,0,0,70,32,0,51,0,64,40,1225,detection,
1225518,1,17,512,512,0,0,0,0,0,0,26,0,0,0,1225,detection,
1225626,20,17,512,512,0,0,0,0,0,0,47,0,0,0,1225,detection,
1226701,4,3,-1,-1,0,0,0,0,0,0,41,0,0,0,1226,detection,
1227230,23,15,1024,1024,0,0,0,0,0,0,34,0,0,0,1227,detection,
1228815,17,21,1536,1536,0,0,0,0,0,0,48,0,0,0,1228,detection,
1234481,23,15,1024,1024,0,0,0,0,0,0,33,0,0,0,1234,detection,
1234486,16,15,1024,1024,0,0,0,0,0,0,37,50,68,55,1234,detection,
1235606,23,10,768,768,0,0,0,70,0,0,53,0,61,40,1235,detection,
1235608,24,10,768,768,0,0,0,0,0,0,56,0,0,0,1235,detection,
1237435,3,24,-1,-1,0,0,0,0,0,0,44,0,0,0,1237,detection,
1237449,5,24,-1,-1,0,0,0,0,0,0,46,0,0,0,1237,detection,
1238207,21,27,-512,-1,-511,100,100,100,81,11,32,0,81,55,1238,detection,
1239721,19,3,1536,1536,0,0,0,0,0,0,55,0,0,0,1239,detection,
1239729,24,3,1536,1536,0,0,0,0,0,0,44,0,0,0,1239,detection,
1241311,17,21,-1,-1,0,0,0,0,0,0,51,0,0,0,1241,detection,
1242820,5,24,1280,1280,0,0,0,0,0,0,45,0,0,0,1242,detection,
1244358,16,15,1024,1024,0,0,0,0,0,0,37,100,99,100,1244,detection,
1244573,5,10,768,768,0,0,0,0,0,0,44,0,0,0,1244,detection,
1247710,12,29,-512,1075,-1587,0,100,100,7,9,43,0,66,55,1247,detection,
1248282,1,21,-1,-1,0,0,0,0,0,0,45,0,0,0,1248,detection,
1248312,17,21,-1,-1,0,0,0,0,0,0,47,0,0,0,1248,detection,
1250355,24,10,829,829,0,0,0,0,0,0,56,0,0,0,1250,detection,
1250355,23,10,829,829,0,0,0,70,0,0,54,0,61,40,1250,detection,
1250360,16,10,829,829,0,0,0,70,33,0,49,0,64,40,1250,detection,
1250372,18,10,829,829,0,0,0,70,0,0,59,0,61,40,1250,detection,
1253414,9,27,-512,1561,-2073,0,100,100,3,0,38,0,69,55,1253,detection,
1254061,6,3,1536,1536,0,0,0,0,0,0,59,0,0,0,1254,detection,
1254482,24,5,1024,1024,0,0,0,0,0,0,84,0,0,0,1254,detection,
1254508,20,5,1024,1024,0,0,0,0,0,0,49,0,0,0,1254,detection,
1254786,15,16,1341,1341,0,0,0,0,0,0,32,0,0,0,1254,detection,
1256102,24,10,-1,-1,0,0,0,0,0,0,56,0,0,0,1256,detection,
1256729,24,5,-1,-1,0,0,0,0,0,0,83,0,0,0,1256,detection,
1259560,6,3,1536,1536,0,0,0,0,0,0,58,0,0,0,1259,detection,
1259574,4,3,1536,1536,0,0,0,0,0,0,44,0,0,0,1259,detection,
1259595,19,3,1536,1536,0,0,0,0,0,0,54,0,0,0,1259,detection,
1260080,11,13,-1,-1,0,0,0,0,0,0,41,0,0,0,1260,detection,
1260088,4,13,-1,-1,0,0,0,0,0,0,43,0,0,0,1260,detection,
1260543,15,23,1233,1233,0,0,0,0,0,0,40,0,0,0,1260,detection,
1261036,9,27,-512,1561,-2073,0,100,100,0,0,37,0,69,55,1261,detection,
1262060,6,3,3353,3353,0,0,0,0,0,0,93,0,0,0,1262,detection,
1262401,14,8,-1,-1,0,0,0,0,0,0,74,0,0,0,1262,detection,
1262461,7,8,-1,-1,0,0,0,0,0,0,37,0,0,0,1262,detection,
1264287,9,27,-512,-1,-511,100,100,100,100,0,41,0,69,55,1264,detection,
1267709,13,23,1233,1233,0,0,0,0,0,0,37,0,0,0,1267,detection,
1267794,15,23,1233,1233,0,0,0,0,0,0,40,0,0,0,1267,detection,
1267824,5,24,2048,2048,0,0,0,0,0,0,48,0,0,0,1267,detection,
1268027,14,8,-1,-1,0,0,0,0,0,0,77,0,0,0,1268,detection,
1268035,9,8,-1,-1,0,0,0,0,0,0,88,0,0,0,1268,detection,
1268606,1,21,1717,1717,0,0,0,0,0,0,46,0,0,0,1268,detection,
1268965,19,20,742,742,0,0,0,0,0,0,55,0,0,0,1268,detection,
1269463,19,3,3171,3171,0,0,0,0,0,0,84,0,0,0,1269,detection,
1274357,24,22,1254,1254,0,0,0,0,0,0,41,0,0,0,1274,detection,
1274452,5,22,1254,1254,0,0,0,0,0,0,36,0,0,0,1274,detection,
1274838,1,21,1717,1717,0,0,0,0,0,0,45,0,0,0,1274,detection,
1275204,4,29,-512,1024,-1536,0,100,100,0,10,41,0,68,55,1275,detection,
1277963,19,20,-1,-1,0,0,0,0,0,0,56,0,0,0,1277,detection,
1283762,1,21,1717,1717,0,0,0,0,0,0,43,0,0,0,1283,detection,
1297478,24,5,768,768,0,0,0,0,0,0,86,0,0,0,1297,detection,
1298759,1,21,512,512,0,0,0,0,0,0,49,0,0,0,1298,detection,
1309562,2,10,1024,1024,0,0,0,0,0,0,51,0,0,0,1309,detection,
1309575,4,10,1024,1024,0,0,0,0,0,0,43,0,0,0,1309,detection,
1309581,12,10,1024,1024,0,0,0,70,0,0,54,0,61,40,1309,detection,
1309592,7,10,1024,1024,0,0,0,0,0,0,40,0,0,0,1309,detection,
1309601,22,10,1024,1024,0,0,0,0,0,0,40,0,0,0,1309,detection,
1310454,12,2,1536,1536,0,0,0,0,0,0,41,0,0,0,1310,detection,
1310480,23,2,1536,1536,0,0,0,70,0,0,54,0,61,40,1310,detection,
1310526,14,2,1536,1536,0,0,0,0,0,0,50,0,0,0,1310,detection,
1310903,14,12,1536,1536,0,0,0,0,0,0,35,0,0,0,1310,detection,
1312856,16,4,1536,1536,0,0,0,0,0,0,42,0,0,0,1312,detection,
1313454,13,29,-512,-1,-511,100,100,100,100,9,43,0,66,55,1313,detection,
1313480,24,29,-512,-1,-511,100,100,100,78,10,35,0,77,55,1313,detection,
1314938,2,12,1536,1536,0,0,0,0,0,0,38,0,0,0,1314,detection,
1314939,17,12,1536,1536,0,0,0,0,0,0,45,0,0,0,1314,detection,
1314956,13,12,1536,1536,0,0,0,0,0,0,41,0,0,0,1314,detection,
1314960,21,12,1536,1536,0,0,0,0,0,0,36,0,0,0,1314,detection,
1314981,22,12,1536,1536,0,0,0,0,0,0,43,0,0,0,1314,detection,
1316605,22,2,1536,1536,0,0,0,0,0,0,44,0,0,0,1316,detection,
1316622,10,2,1536,1536,0,0,0,0,0,0,46,0,0,0,1316,detection,
1316626,18,2,1536,1536,0,0,0,0,0,0,46,0,0,0,1316,detection,
1321978,22,2,2048,2048,0,0,0,0,0,0,45,0,0,0,1321,detection,
1321999,18,2,2048,2048,0,0,0,0,0,0,51,0,0,0,1321,detection,
1321999,10,2,2048,2048,0,0,0,0,0,0,48,0,0,0,1321,detection,
1323004,20,14,2304,2304,0,0,0,0,0,0,37,0,0,0,1323,detection,
1324076,21,12,2048,2048,0,0,0,0,0,0,41,0,0,0,1324,detection,
1324101,22,12,2048,2048,0,0,0,0,0,0,48,0,0,0,1324,detection,
1324122,10,12,2048,2048,0,0,0,0,0,0,45,0,0,0,1324,detection,
1324728,24,13,2048,2048,0,0,0,0,0,0,43,0,0,0,1324,detection,
1325568,2,29,-512,2560,-3072,0,100,100,100,0,56,0,58,40,1325,detection,
1325704,12,23,2048,2048,0,0,0,0,0,0,40,0,0,0,1325,detection,
1325973,24,29,-512,2560,-3072,0,100,100,100,9,45,0,63,40,1325,detection,
1328127,20,14,2304,2304,0,0,0,0,0,0,37,0,0,0,1328,detection,
1329200,21,12,2048,2048,0,0,0,0,0,0,41,0,0,0,1329,detection,
1329204,13,12,2048,2048,0,0,0,0,0,0,45,0,0,0,1329,detection,
1329225,22,12,2048,2048,0,0,0,0,0,0,49,0,0,0,1329,detection,
1329354,24,4,2022,2022,0,0,0,0,0,0,51,0,0,0,1329,detection,
1329436,3,4,2022,2022,0,0,0,0,0,0,50,0,0,0,1329,detection,
1329436,6,4,2022,2022,0,0,0,0,0,0,56,0,0,0,1329,detection,
1329744,18,2,-1,-1,0,0,0,0,0,0,54,0,0,0,1329,detection,
1329777,1,31,-512,512,-1024,0,100,100,100,14,14,0,82,55,1329,detection,
1329833,12,2,-1,-1,0,0,0,0,0,0,44,0,0,0,1329,detection,
1329851,22,2,-1,-1,0,0,0,0,0,0,49,0,0,0,1329,detection,
1330128,8,29,-512,2560,-3072,0,100,100,100,8,53,0,58,40,1330,detection,
1330162,9,29,-512,2560,-3072,0,100,100,100,9,48,0,60,40,1330,detection,
1330202,4,29,-512,2560,-3072,0,100,100,100,8,52,0,58,40,1330,detection,
1330221,19,22,-1,-1,0,0,0,0,0,0,77,0,0,0,1330,detection,
1330233,24,29,-512,2560,-3072,0,100,100,0,9,45,0,63,40,1330,detection,
1331255,20,17,2048,2048,0,0,0,0,0,0,51,0,0,0,1331,detection,
1331574,5,13,2534,2534,0,0,0,0,0,0,38,0,0,0,1331,detection,
1331607,24,13,2534,2534,0,0,0,0,0,0,43,0,0,0,1331,detection,
1332605,22,10,1069,1069,0,0,0,0,0,0,40,0,0,0,1332,detection,
1332628,18,10,1069,1069,0,0,0,70,0,0,59,0,61,40,1332,detection,
1332713,7,10,1069,1069,0,0,0,0,0,0,36,0,0,0,1332,detection,
1333477,24,4,-1,-1,0,0,0,0,0,0,54,0,0,0,1333,detection,
1333559,6,4,-1,-1,0,0,0,0,0,0,56,0,0,0,1333,detection,
1333879,20,17,2560,2560,0,0,0,0,0,0,53,0,0,0,1333,detection,
1335340,19,22,1581,1581,0,0,0,0,0,0,82,0,0,0,1335,detection,
1335821,5,13,2536,2536,0,0,0,0,0,0,38,0,0,0,1335,detection,
1336987,16,2,-1,-1,0,0,0,0,0,0,48,0,0,0,1336,detection,
1337000,8,2,-1,-1,0,0,0,0,0,0,35,0,0,0,1337,detection,
1338689,2,29,-512,3072,-3584,0,100,100,64,0,54,0,58,40,1338,detection,
1338701,4,29,-512,3072,-3584,0,100,100,66,8,50,0,58,40,1338,detection,
1338731,24,29,-512,3072,-3584,0,100,100,68,9,48,0,60,40,1338,detection,
1338748,8,29,-512,3072,-3584,0,100,100,63,8,55,0,58,40,1338,detection,
1338787,9,29,-512,3072,-3584,0,100,100,66,8,51,0,58,40,1338,detection,
1339952,5,10,1009,1009,0,0,0,0,0,0,44,0,0,0,1339,detection,
1339964,7,10,1009,1009,0,0,0,0,0,0,36,0,0,0,1339,detection,
1339977,22,10,1009,1009,0,0,0,0,0,0,40,0,0,0,1339,detection,
1341198,21,12,2048,2048,0,0,0,0,0,0,38,0,0,0,1341,detection,
1341202,13,12,2048,2048,0,0,0,0,0,0,47,0,0,0,1341,detection,
1341228,22,12,2048,2048,0,0,0,0,0,0,49,0,0,0,1341,detection,
1341330,13,5,512,512,0,0,0,0,0,0,40,0,0,0,1341,detection,
1343003,18,14,2304,2304,0,0,0,0,0,0,29,0,0,0,1343,detection,
1343089,19,22,1521,1521,0,0,0,0,0,0,82,0,0,0,1343,detection,
1344032,14,18,1325,1325,0,0,0,0,0,0,44,0,0,0,1344,detection,
1344091,19,18,1325,1325,0,0,0,0,0,0,47,0,0,0,1344,detection,
1345793,15,13,1024,1024,0,0,0,0,0,0,55,0,0,0,1345,detection,
1351462,19,22,1572,1572,0,0,0,0,0,0,80,0,0,0,1351,detection,
1351484,23,22,1572,1572,0,0,0,0,0,0,49,0,0,0,1351,detection,
1352027,14,18,1325,1325,0,0,0,0,0,0,42,0,0,0,1352,detection,
1352091,19,18,1325,1325,0,0,0,0,0,0,44,0,0,0,1352,detection,
1352496,10,7,1280,1280,0,0,0,0,0,0,45,0,0,0,1352,detection,
1353655,14,12,1750,1750,0,0,0,0,0,0,36,0,0,0,1353,detection,
1353698,5,12,1750,1750,0,0,0,0,0,0,39,0,0,0,1353,detection,
1353705,13,12,1750,1750,0,0,0,0,0,0,45,0,0,0,1353,detection,
1353728,22,12,1750,1750,0,0,0,0,0,0,48,0,0,0,1353,detection,
1354498,8,14,1536,1536,0,0,0,0,0,0,35,0,0,0,1354,detection,
1354502,10,14,1536,1536,0,0,0,0,0,0,32,0,0,0,1354,detection,
1354536,9,14,1536,1536,0,0,0,0,0,0,36,0,0,0,1354,detection,
1354566,6,14,1536,1536,0,0,0,0,0,0,49,0,0,0,1354,detection,
1354566,2,14,1536,1536,0,0,0,0,0,0,40,0,0,0,1354,detection,
1354579,12,14,1536,1536,0,0,0,0,0,0,39,0,0,0,1354,detection,
1354579,4,14,1536,1536,0,0,0,0,0,0,36,0,0,0,1354,detection,
1354579,13,14,1536,1536,0,0,0,0,0,0,40,0,0,0,1354,detection,
1354779,14,8,-1,-1,0,0,0,0,0,0,79,0,0,0,1354,detection,
1354783,9,8,-1,-1,0,0,0,0,0,0,92,0,0,0,1354,detection,
1354810,2,8,-1,-1,0,0,0,0,0,0,32,0,0,0,1354,detection,
1354810,6,8,-1,-1,0,0,0,0,0,0,47,0,0,0,1354,detection,
1358686,3,6,1792,1792,0,0,0,0,0,0,44,0,0,0,1358,detection,
1362956,11,5,512,512,0,0,0,0,0,0,38,0,0,0,1362,detection,
1363310,3,6,1792,1792,0,0,0,0,0,0,44,0,0,0,1363,detection,
1363327,4,7,-1,-1,0,0,0,0,0,0,37,0,0,0,1363,detection,
1363379,10,7,-1,-1,0,0,0,0,0,0,44,0,0,0,1363,detection,
1366321,5,28,-512,512,-1024,0,100,100,100,0,51,0,58,40,1366,detection,
1366334,12,28,-512,512,-1024,0,100,100,100,9,44,0,64,40,1366,detection,
1366386,10,28,-512,512,-1024,0,100,100,100,10,41,0,68,55,1366,detection,
1366700,5,10,1024,1024,0,0,0,0,0,0,48,0,0,0,1366,detection,
1367188,3,6,1792,1792,0,0,0,0,0,0,44,0,0,0,1367,detection,
1370945,5,10,1024,1024,0,0,0,0,0,0,48,0,0,0,1370,detection,
1371531,14,5,742,742,0,0,0,0,0,0,44,0,0,0,1371,detection,
1371579,11,5,742,742,0,0,0,0,0,0,33,0,0,0,1371,detection,
1372880,20,6,1792,1792,0,0,0,0,0,0,49,0,0,0,1372,detection,
1372936,3,6,1792,1792,0,0,0,0,0,0,44,0,0,0,1372,detection,
1375105,23,22,1971,1971,0,0,0,0,0,0,60,0,0,0,1375,detection,
1375169,15,22,1971,1971,0,0,0,0,0,0,49,0,0,0,1375,detection,
1375448,5,28,-512,742,-1254,0,100,100,29,0,50,0,58,40,1375,detection,
1375456,12,28,-512,742,-1254,0,100,100,32,9,43,0,66,55,1375,detection,
1375481,22,28,-512,742,-1254,0,100,100,95,0,48,0,60,40,1375,detection,
1375486,23,28,-512,742,-1254,0,100,100,100,10,36,0,69,55,1375,detection,
1375499,10,28,-512,742,-1254,0,100,100,32,0,41,0,68,55,1375,detection,
1375701,4,7,1228,1228,0,0,0,0,0,0,42,0,0,0,1375,detection,
1375963,19,20,-1,-1,0,0,0,0,0,0,57,0,0,0,1375,detection,
1376237,16,23,-1,-1,0,0,0,0,0,0,51,0,0,0,1376,detection,
1376334,13,23,-1,-1,0,0,0,0,0,0,40,0,0,0,1376,detection,
1376563,6,4,1740,1740,0,0,0,0,0,0,52,0,0,0,1376,detection,
1376585,13,4,1740,1740,0,0,0,0,0,0,42,0,0,0,1376,detection,
1376590,19,4,1740,1740,0,0,0,0,0,0,52,0,0,0,1376,detection,
1376593,7,4,1740,1740,0,0,0,0,0,0,46,0,0,0,1376,detection,
1376605,22,4,1740,1740,0,0,0,0,0,0,88,0,0,0,1376,detection,
1376607,16,4,1740,1740,0,0,0,0,0,0,45,0,0,0,1376,detection,
1376632,20,4,1740,1740,0,0,0,0,0,0,57,0,0,0,1376,detection,
1378708,12,28,-512,742,-1254,0,100,100,0,9,42,0,66,55,1378,detection,
1378730,22,28,-512,742,-1254,0,100,100,0,0,47,0,62,40,1378,detection,
1379559,3,6,-1,-1,0,0,0,0,0,0,48,0,0,0,1379,detection,
1379593,19,6,-1,-1,0,0,0,0,0,0,56,0,0,0,1379,detection,
1379627,20,6,-1,-1,0,0,0,0,0,0,48,0,0,0,1379,detection,
1379810,6,4,1740,1740,0,0,0,0,0,0,52,0,0,0,1379,detection,
1379839,19,4,1740,1740,0,0,0,0,0,0,52,0,0,0,1379,detection,
1379852,22,4,1740,1740,0,0,0,0,0,0,85,0,0,0,1379,detection,
1380237,16,22,-1,-1,0,0,0,0,0,0,41,0,0,0,1380,detection,
1381465,19,20,-1,-1,0,0,0,0,0,0,55,0,0,0,1381,detection,
1381693,5,19,-1,-1,0,0,0,0,0,0,88,0,0,0,1381,detection,
1383221,19,5,949,949,0,0,0,0,0,0,45,0,0,0,1383,detection,
1385726,24,5,949,949,0,0,0,0,0,0,82,0,0,0,1385,detection,
1387072,5,19,1461,1461,0,0,0,0,0,0,92,0,0,0,1387,detection,
1393068,3,28,-512,949,-1461,0,100,100,60,0,49,0,59,40,1393,detection,
1393085,13,28,-512,949,-1461,0,100,100,63,0,40,0,69,55,1393,detection,
1394591,7,4,-1,-1,0,0,0,0,0,0,46,0,0,0,1394,detection,
1394601,22,4,-1,-1,0,0,0,0,0,0,86,0,0,0,1394,detection,
1394630,20,4,-1,-1,0,0,0,0,0,0,53,0,0,0,1394,detection,
1439129,18,30,-512,512,-1024,0,100,100,0,10,37,0,69,55,1439,detection,
1441748,18,30,-512,512,-1024,0,100,100,0,10,34,0,71,55,1441,detection,
1442351,1,9,512,512,0,0,0,0,0,0,81,0,0,0,1442,detection,
1442827,4,13,768,768,0,0,0,0,0,0,42,0,0,0,1442,detection,
1445007,20,19,-1,-1,0,0,0,0,0,0,40,0,0,0,1445,detection,
1454338,1,9,-1,-1,0,0,0,0,0,0,84,0,0,0,1454,detection,
1454440,17,9,-1,-1,0,0,0,0,0,0,41,0,0,0,1454,detection,
1656285,25,16,-1,-1,0,0,0,0,0,0,56,0,0,0,1656,detection,
1656626,20,3,768,768,0,0,0,0,0,0,51,0,0,0,1656,detection,
1656716,19,3,768,768,0,0,0,0,0,0,86,0,0,0,1656,detection,
1656733,24,3,768,768,0,0,0,0,0,0,44,0,0,0,1656,detection,
1657187,3,24,768,768,0,0,0,0,0,0,47,0,0,0,1657,detection,
1658035,1,7,768,768,0,0,0,0,0,0,22,0,0,0,1658,detection,
1658230,24,22,768,768,0,0,0,0,0,0,45,0,0,0,1658,detection,
1658233,16,22,768,768,0,0,0,0,0,0,44,0,0,0,1658,detection,
1658331,11,22,768,768,0,0,0,0,0,0,34,0,0,0,1658,detection,
1658343,19,22,768,768,0,0,0,0,0,0,79,0,0,0,1658,detection,
1658915,9,27,-512,768,-1280,0,100,100,100,0,41,0,68,55,1658,detection,
1662963,19,3,512,512,0,0,0,0,0,0,88,0,0,0,1662,detection,
1662980,24,3,512,512,0,0,0,0,0,0,46,0,0,0,1662,detection,
1663314,3,24,512,512,0,0,0,0,0,0,47,0,0,0,1663,detection,
1663453,11,22,512,512,0,0,0,0,0,0,33,0,0,0,1663,detection,
1663461,19,22,512,512,0,0,0,0,0,0,83,0,0,0,1663,detection,
1663486,16,22,512,512,0,0,0,0,0,0,41,0,0,0,1663,detection,
1663508,24,22,512,512,0,0,0,0,0,0,45,0,0,0,1663,detection,
1663508,20,22,512,512,0,0,0,0,0,0,40,0,0,0,1663,detection,
1663857,16,11,-1,-1,0,0,0,0,0,0,36,0,0,0,1663,detection,
1663950,21,11,-1,-1,0,0,0,0,0,0,55,0,0,0,1663,detection,
1665542,1,19,512,512,0,0,0,0,0,0,36,0,0,0,1665,detection,
1666963,19,22,512,512,0,0,0,0,0,0,85,0,0,0,1666,detection,
1666977,24,22,512,512,0,0,0,0,0,0,45,0,0,0,1666,detection,
1666981,16,22,512,512,0,0,0,0,0,0,42,0,0,0,1666,detection,
1668188,3,24,512,512,0,0,0,0,0,0,44,0,0,0,1668,detection,
1669091,19,3,512,512,0,0,0,0,0,0,91,0,0,0,1669,detection,
1669126,20,3,512,512,0,0,0,0,0,0,52,0,0,0,1669,detection,
1670391,1,19,512,512,0,0,0,0,0,0,32,0,0,0,1670,detection,
1670999,10,11,1024,1024,0,0,0,0,0,0,32,0,0,0,1670,detection,
1673251,20,3,512,512,0,0,0,0,0,0,52,0,0,0,1673,detection,
1676229,24,3,512,512,0,0,0,0,0,0,48,0,0,0,1676,detection,
1676701,4,10,1536,1536,0,0,0,0,0,0,46,0,0,0,1676,detection,
1676727,1,19,512,512,0,0,0,0,0,0,32,0,0,0,1676,detection,
1678063,3,24,512,512,0,0,0,0,0,0,44,0,0,0,1678,detection,
1678076,5,24,512,512,0,0,0,0,0,0,53,0,0,0,1678,detection,
1680162,9,29,-512,-1,-511,100,100,100,100,9,49,0,58,40,1680,detection,
1680189,2,29,-512,-1,-511,100,94,100,100,0,56,0,56,40,1680,detection,
1681442,3,20,-1,-256,255,0,44,70,29,0,63,0,42,40,1681,detection,
1681542,15,11,1024,1024,0,0,0,0,0,0,54,0,0,0,1681,detection,
1681576,21,11,1024,1024,0,0,0,0,0,0,57,0,0,0,1681,detection,
1681623,10,11,1024,1024,0,0,0,0,0,0,36,0,0,0,1681,detection,
1682902,14,12,-1,-1,0,0,0,0,0,0,39,0,0,0,1682,detection,
1682937,17,12,-1,-1,0,0,0,0,0,0,49,0,0,0,1682,detection,
1682957,13,12,-1,-1,0,0,0,0,0,0,49,0,0,0,1682,detection,
1683561,3,24,512,512,0,0,0,0,0,0,45,0,0,0,1683,detection,
1686858,16,22,512,512,0,0,0,0,0,0,43,0,0,0,1686,detection,
1687188,3,20,1024,1024,0,0,0,70,30,0,60,0,64,40,1687,detection,
1687502,20,3,1024,1024,0,0,0,0,0,0,55,0,0,0,1687,detection,
1688063,6,5,1024,1024,0,0,0,0,0,0,41,0,0,0,1688,detection,
1688686,2,7,1024,1024,0,0,0,0,0,0,63,0,0,0,1688,detection,
1688699,4,7,1024,1024,0,0,0,0,0,0,42,0,0,0,1688,detection,
1689185,3,24,512,512,0,0,0,0,0,0,45,0,0,0,1689,detection,
1689196,5,24,512,512,0,0,0,0,0,0,54,0,0,0,1689,detection,
1694065,3,20,1024,1024,0,0,0,70,0,0,57,0,61,40,1694,detection,
1696447,5,24,742,742,0,0,0,0,0,0,53,0,0,0,1696,detection,
1696686,6,5,998,998,0,0,0,0,0,0,41,0,0,0,1696,detection,
1696814,3,6,-1,-1,0,0,0,0,0,0,48,0,0,0,1696,detection,
1700813,3,6,1024,1024,0,0,0,0,0,0,52,0,0,0,1700,detection,
1702690,3,5,1184,1184,0,0,0,0,0,0,40,0,0,0,1702,detection,
1702728,24,5,1184,1184,0,0,0,0,0,0,86,0,0,0,1702,detection,
1704380,20,3,1024,1024,0,0,0,0,0,0,55,0,0,0,1704,detection,
1704587,7,2,-1,-1,0,0,0,0,0,0,45,0,0,0,1704,detection,
1705578,4,10,1280,1280,0,0,0,0,0,0,52,0,0,0,1705,detection,
1707408,25,16,-1,-1,0,0,0,0,0,0,49,0,0,0,1707,detection,
1708186,6,5,1184,1184,0,0,0,0,0,0,41,0,0,0,1708,detection,
1708229,24,5,1184,1184,0,0,0,0,0,0,85,0,0,0,1708,detection,
1708259,20,5,1184,1184,0,0,0,0,0,0,53,0,0,0,1708,detection,
1708276,14,5,1184,1184,0,0,0,0,0,0,48,0,0,0,1708,detection,
1711658,9,8,1766,1766,0,0,0,0,0,0,95,0,0,0,1711,detection,
1711687,17,8,1766,1766,0,0,0,0,0,0,43,0,0,0,1711,detection,
1711700,21,8,1766,1766,0,0,0,0,0,0,74,0,0,0,1711,detection,
1711704,4,8,1766,1766,0,0,0,0,0,0,42,0,0,0,1711,detection,
1711752,10,8,1766,1766,0,0,0,0,0,0,38,0,0,0,1711,detection,
1712060,6,3,1024,1024,0,0,0,0,0,0,87,0,0,0,1712,detection,
1712435,17,9,1024,1024,0,0,0,0,0,0,44,0,0,0,1712,detection,
1713439,6,14,1536,1536,0,0,0,0,0,0,49,0,0,0,1713,detection,
1713449,5,14,1536,1536,0,0,0,0,0,0,43,0,0,0,1713,detection,
1713457,12,14,1536,1536,0,0,0,0,0,0,42,0,0,0,1713,detection,
1715938,6,5,-1,-1,0,0,0,0,0,0,44,0,0,0,1715,detection,
1715938,3,5,-1,-1,0,0,0,0,0,0,44,0,0,0,1715,detection,
1717200,4,10,1280,1280,0,0,0,0,0,0,53,0,0,0,1717,detection,
1717251,8,10,1280,1280,0,0,0,0,0,0,38,0,0,0,1717,detection,
1717280,25,16,-1,-1,0,0,0,0,0,0,47,0,0,0,1717,detection,
1719934,6,3,1024,1024,0,0,0,0,0,0,84,0,0,0,1719,detection,
1719978,24,3,1024,1024,0,0,0,0,0,0,51,0,0,0,1719,detection,
1720327,21,8,1510,1510,0,0,0,0,0,0,77,0,0,0,1720,detection,
1720408,9,8,1510,1510,0,0,0,0,0,0,96,0,0,0,1720,detection,
1721061,2,14,1696,1696,0,0,0,0,0,0,40,0,0,0,1721,detection,
1721103,22,4,1280,1280,0,0,0,0,0,0,88,0,0,0,1721,detection,
1721956,21,27,-512,512,-1024,0,100,100,76,10,37,0,69,55,1721,detection,
1722251,10,11,1792,1792,0,0,0,0,0,0,39,0,0,0,1722,detection,
1722324,21,11,1792,1792,0,0,0,0,0,0,60,0,0,0,1722,detection,
1724154,25,16,-1,-1,0,0,0,0,0,0,46,0,0,0,1724,detection,
1725628,20,6,1375,1375,0,0,0,0,0,0,52,0,0,0,1725,detection,
1726934,6,3,1228,1228,0,0,0,0,0,0,79,0,0,0,1726,detection,
1727562,6,14,1696,1696,0,0,0,0,0,0,52,0,0,0,1727,detection,
1727571,5,14,1696,1696,0,0,0,0,0,0,47,0,0,0,1727,detection,
1729532,25,16,-1,-1,0,0,0,0,0,0,44,0,0,0,1729,detection,
1730351,22,2,-1,-1,0,0,0,0,0,0,52,0,0,0,1730,detection,
1730373,18,2,-1,-1,0,0,0,0,0,0,56,0,0,0,1730,detection,
1733343,1,31,-512,-1,-511,100,100,100,69,9,46,0,62,40,1733,detection,
1736388,8,17,1280,1280,0,0,0,0,0,0,37,0,0,0,1736,detection,
1736883,20,14,3145,3145,0,0,0,0,0,0,59,0,0,0,1736,detection,
1736908,25,14,3145,3145,0,0,0,0,0,0,57,0,0,0,1736,detection,
1737227,22,4,1024,1024,0,0,0,0,0,0,80,0,0,0,1737,detection,
1737252,18,4,1024,1024,0,0,0,0,0,0,50,0,0,0,1737,detection,
1739208,11,22,512,512,0,0,0,0,0,0,33,0,0,0,1739,detection,
1740940,3,10,-1,-1,0,0,0,0,0,0,52,0,0,0,1740,detection,
1740949,4,10,-1,-1,0,0,0,0,0,0,56,0,0,0,1740,detection,
1744377,20,5,1536,1536,0,0,0,0,0,0,56,0,0,0,1744,detection,
1748360,16,14,3145,3145,0,0,0,0,0,0,68,0,0,0,1748,detection,
1748408,25,14,3145,3145,0,0,0,0,0,0,55,0,0,0,1748,detection,
1748446,5,14,3145,3145,0,0,0,0,0,0,72,0,0,0,1748,detection,
1749318,17,11,1484,1484,0,0,0,0,0,0,59,0,0,0,1749,detection,
1750164,1,31,-512,1024,-1536,0,100,100,100,9,46,0,63,40,1750,detection,
1751282,1,2,768,768,0,0,0,70,0,0,26,0,81,75,1751,detection,
1752727,22,4,975,975,0,0,0,0,0,0,78,0,0,0,1752,detection,
1752813,3,4,975,975,0,0,0,0,0,0,53,0,0,0,1752,detection,
1753169,15,30,-512,1740,-2252,0,100,100,100,10,36,0,69,55,1753,detection,
1753292,15,13,1792,1792,0,0,0,0,0,0,59,0,0,0,1753,detection,
1753331,4,13,1792,1792,0,0,0,0,0,0,45,0,0,0,1753,detection,
1753356,24,13,1792,1792,0,0,0,0,0,0,46,0,0,0,1753,detection,
1754327,1,2,512,512,0,0,0,70,0,0,22,0,91,100,1754,detection,
1755155,25,14,3188,3188,0,0,0,0,0,0,52,0,0,0,1755,detection,
1755184,6,14,3188,3188,0,0,0,0,0,0,78,0,0,0,1755,detection,
1755198,5,14,3188,3188,0,0,0,0,0,0,74,0,0,0,1755,detection,
1755206,13,14,3188,3188,0,0,0,0,0,0,71,0,0,0,1755,detection,
1755823,1,31,-512,512,-1024,0,100,100,64,8,54,0,58,40,1755,detection,
1756202,11,22,949,949,0,0,0,0,0,0,38,0,0,0,1756,detection,
1756324,5,13,2666,2666,0,0,0,0,0,0,45,0,0,0,1756,detection,
1756354,24,13,2666,2666,0,0,0,0,0,0,51,0,0,0,1756,detection,
1756790,15,30,-512,1740,-2252,0,100,100,0,10,36,0,69,55,1756,detection,
1757740,1,21,-1,-1,0,0,0,0,0,0,44,0,0,0,1757,detection,
1760261,1,31,-512,512,-1024,0,100,100,0,8,56,0,58,40,1760,detection,
1761272,1,2,512,512,0,0,0,70,0,0,22,0,91,100,1761,detection,
1761542,9,27,-512,742,-1254,0,100,100,3,0,40,0,69,55,1761,detection,
1761567,17,27,-512,742,-1254,0,100,100,34,0,37,0,69,55,1761,detection,
1762284,14,29,-512,1817,-2329,0,100,100,100,11,32,0,71,55,1762,detection,
1765187,17,11,1231,1231,0,0,0,0,0,0,65,0,0,0,1765,detection,
1765820,1,2,512,512,0,0,0,70,0,0,22,0,91,100,1765,detection,
1765905,25,2,512,512,0,0,0,0,0,0,49,0,0,0,1765,detection,
1766964,1,31,-512,512,-1024,0,100,100,0,8,57,0,58,40,1766,detection,
1770603,22,4,1412,1412,0,0,0,0,0,0,75,0,0,0,1770,detection,
1770710,12,4,1412,1412,0,0,0,0,0,0,45,0,0,0,1770,detection,
1770714,19,4,1412,1412,0,0,0,0,0,0,55,0,0,0,1770,detection,
1770718,7,4,1412,1412,0,0,0,0,0,0,49,0,0,0,1770,detection,
1771611,1,31,-512,512,-1024,0,100,100,0,8,54,0,58,40,1771,detection,
1773279,14,29,-512,1817,-2329,0,100,100,0,11,31,0,72,55,1773,detection,
1773315,17,11,-1,-1,0,0,0,0,0,0,66,0,0,0,1773,detection,
1773327,2,29,-512,1817,-2329,0,100,100,100,0,61,0,56,40,1773,detection,
1774700,1,21,-1,-1,0,0,0,0,0,0,43,0,0,0,1774,detection,
1775687,6,14,-1,-1,0,0,0,0,0,0,77,0,0,0,1775,detection,
1775688,2,14,-1,-1,0,0,0,0,0,0,43,0,0,0,1775,detection,
1775704,13,14,-1,-1,0,0,0,0,0,0,74,0,0,0,1775,detection,
1775752,20,14,-1,-1,0,0,0,0,0,0,63,0,0,0,1775,detection,
1776342,7,17,-1,-1,0,0,0,0,0,0,43,0,0,0,1776,detection,
1776564,17,9,-1,-1,0,0,0,0,0,0,47,0,0,0,1776,detection,
1777525,14,2,512,512,0,0,0,0,0,0,55,0,0,0,1777,detection,
1777530,25,2,512,512,0,0,0,0,0,0,49,0,0,0,1777,detection,
1777935,6,20,-1,-1,0,0,0,0,0,0,62,0,0,0,1777,detection,
1778167,1,31,-512,512,-1024,0,100,100,0,0,55,0,58,40,1778,detection,
1778311,3,4,-1,-1,0,0,0,0,0,0,57,0,0,0,1778,detection,
1778337,7,4,-1,-1,0,0,0,0,0,0,53,0,0,0,1778,detection,
1778350,22,4,-1,-1,0,0,0,0,0,0,76,0,0,0,1778,detection,
1779602,24,13,-1,-1,0,0,0,0,0,0,54,0,0,0,1779,detection,
1782086,7,4,-1,-1,0,0,0,0,0,0,52,0,0,0,1782,detection,
1783247,18,2,512,512,0,0,0,0,0,0,62,0,0,0,1783,detection,
1783276,14,2,512,512,0,0,0,0,0,0,56,0,0,0,1783,detection,
1783332,13,2,512,512,0,0,0,0,0,0,44,0,0,0,1783,detection,
1786218,1,31,-512,512,-1024,0,100,100,0,0,54,0,58,40,1786,detection,
1786864,1,21,512,512,0,0,0,0,0,0,49,0,0,0,1786,detection,
1787902,14,29,-512,1024,-1536,0,100,100,100,10,36,0,69,55,1787,detection,
1787938,2,29,-512,1024,-1536,0,100,100,91,0,63,0,48,40,1787,detection,
1791869,1,21,512,512,0,0,0,0,0,0,49,0,0,0,1791,detection,
1794057,2,29,-512,1024,-1536,0,100,100,0,0,62,0,54,40,1794,detection,
1794335,12,8,1788,1788,0,0,0,0,0,0,28,0,0,0,1794,detection,
1794343,7,8,1788,1788,0,0,0,0,0,0,40,0,0,0,1794,detection,
1796281,14,29,-512,1536,-2048,0,100,100,74,10,39,0,69,55,1796,detection,
1796311,2,29,-512,1536,-2048,0,100,100,60,0,61,0,56,40,1796,detection,
1796704,11,12,2048,2048,0,0,0,0,0,0,51,50,68,55,1796,detection,
1796789,9,12,2048,2048,0,0,0,0,0,0,37,0,0,0,1796,detection,
1796995,8,7,2300,2300,0,0,0,0,0,0,43,0,0,0,1796,detection,
1797711,19,3,1536,1536,0,0,0,0,0,0,87,0,0,0,1797,detection,
1801284,9,12,2048,2048,0,0,0,0,0,0,37,0,0,0,1801,detection,
1801327,11,12,2048,2048,0,0,0,0,0,0,50,100,99,100,1801,detection,
1801378,8,12,2048,2048,0,0,0,0,0,0,28,0,0,0,1801,detection,
1801452,4,8,1788,1788,0,0,0,0,0,0,45,0,0,0,1801,detection,
1801466,7,8,1788,1788,0,0,0,0,0,0,39,0,0,0,1801,detection,
1811087,7,8,1788,1788,0,0,0,0,0,0,38,0,0,0,1811,detection,
1811126,10,8,1788,1788,0,0,0,0,0,0,41,0,0,0,1811,detection,
1822408,25,16,-1,-256,255,0,50,76,33,0,49,0,65,55,1822,detection,
1827860,16,15,1254,1254,0,0,0,0,0,0,41,0,0,0,1827,detection,
1831106,16,15,-1,-1,0,0,0,0,0,0,41,0,0,0,1831,detection,
1834359,24,29,-512,1024,-1536,0,100,100,100,9,48,0,60,40,1834,detection,
1834436,2,29,-512,1024,-1536,0,100,100,60,0,60,0,58,40,1834,detection,
1834453,4,29,-512,1024,-1536,0,100,100,100,8,53,0,58,40,1834,detection,
1836165,15,16,1254,1254,0,0,0,0,0,0,35,0,0,0,1836,detection,
1837109,16,15,1766,1766,0,0,0,0,0,0,44,0,0,0,1837,detection,
1837855,22,14,1254,1254,0,0,0,0,0,0,32,0,0,0,1837,detection,
1837859,24,14,1254,1254,0,0,0,0,0,0,41,0,0,0,1837,detection,
1837873,8,14,1254,1254,0,0,0,0,0,0,38,0,0,0,1837,detection,
1837877,10,14,1254,1254,0,0,0,0,0,0,36,0,0,0,1837,detection,
1837940,2,14,1254,1254,0,0,0,0,0,0,47,0,0,0,1837,detection,
1837941,3,14,1254,1254,0,0,0,0,0,0,46,0,0,0,1837,detection,
1837949,5,14,1254,1254,0,0,0,0,0,0,78,0,0,0,1837,detection,
1837957,11,14,1254,1254,0,0,0,0,0,0,36,0,0,0,1837,detection,
1839916,15,22,1766,1766,0,0,0,0,0,0,46,0,0,0,1839,detection,
1840628,8,10,1766,1766,0,0,0,0,0,0,42,0,0,0,1840,detection,
1840709,12,10,1766,1766,0,0,0,70,0,0,56,0,61,40,1840,detection,
1840714,7,10,1766,1766,0,0,0,0,0,0,40,0,0,0,1840,detection,
1841495,10,7,-1,-1,0,0,0,0,0,0,47,0,0,0,1841,detection,
1842385,8,29,-512,1024,-1536,0,100,100,100,8,54,0,58,40,1842,detection,
1844002,10,8,1510,1510,0,0,0,0,0,0,47,0,0,0,1844,detection,
1844103,24,14,1254,1254,0,0,0,0,0,0,40,0,0,0,1844,detection,
1844155,25,14,1254,1254,0,0,0,0,0,0,55,0,0,0,1844,detection,
1844186,2,14,1254,1254,0,0,0,0,0,0,47,0,0,0,1844,detection,
1844198,5,14,1254,1254,0,0,0,0,0,0,78,0,0,0,1844,detection,
1844202,11,14,1254,1254,0,0,0,0,0,0,36,0,0,0,1844,detection,
1844494,10,2,1766,1766,0,0,0,0,0,0,50,0,0,0,1844,detection,
1844578,11,2,1766,1766,0,0,0,0,0,0,44,0,0,0,1844,detection,
1844591,7,2,1766,1766,0,0,0,0,0,0,49,0,0,0,1844,detection,
1845631,20,22,1766,1766,0,0,0,0,0,0,40,0,0,0,1845,detection,
1845704,12,10,1766,1766,0,0,0,70,0,0,56,0,61,40,1845,detection,
1845716,7,10,1766,1766,0,0,0,0,0,0,40,0,0,0,1845,detection,
1846127,10,28,-512,2278,-2790,0,100,100,100,0,44,0,64,40,1846,detection,
1850876,10,28,-512,2482,-2994,0,100,100,27,0,46,0,63,40,1850,detection,
1850977,22,14,1023,1023,0,0,0,0,0,0,34,0,0,0,1850,detection,
1850998,8,14,1023,1023,0,0,0,0,0,0,40,0,0,0,1850,detection,
1851002,20,14,1023,1023,0,0,0,0,0,0,67,0,0,0,1851,detection,
1851079,11,14,1023,1023,0,0,0,0,0,0,37,0,0,0,1851,detection,
1851503,10,29,-512,1766,-2278,0,100,100,100,0,37,0,69,55,1851,detection,
1852371,10,2,1766,1766,0,0,0,0,0,0,49,0,0,0,1852,detection,
1853455,12,10,-1,-1,0,0,0,70,0,0,59,0,61,40,1853,detection,
1853792,15,11,1535,1535,0,0,0,0,0,0,56,0,0,0,1853,detection,
1854038,9,27,-512,1535,-2047,0,100,100,100,0,44,0,64,40,1854,detection,
1854063,17,27,-512,1535,-2047,0,100,100,100,0,40,0,69,55,1854,detection,
1854561,3,4,768,768,0,0,0,0,0,0,56,0,0,0,1854,detection,
1858998,8,14,1766,1766,0,0,0,0,0,0,39,0,0,0,1858,detection,
1859003,20,14,1766,1766,0,0,0,0,0,0,70,0,0,0,1859,detection,
1859032,25,14,1766,1766,0,0,0,0,0,0,61,0,0,0,1859,detection,
1859063,3,14,1766,1766,0,0,0,0,0,0,49,0,0,0,1859,detection,
1859075,11,14,1766,1766,0,0,0,0,0,0,40,0,0,0,1859,detection,
1859101,22,14,1766,1766,0,0,0,0,0,0,37,0,0,0,1859,detection,
1860659,9,21,2022,2022,0,0,0,0,0,0,55,0,0,0,1860,detection,
1860685,17,21,2022,2022,0,0,0,0,0,0,52,0,0,0,1860,detection,
1861828,21,27,-512,2022,-2534,0,100,100,100,10,41,0,68,55,1861,detection,
1861913,9,27,-512,2022,-2534,0,100,100,66,0,45,0,63,40,1861,detection,
1862476,24,4,512,512,0,0,0,0,0,0,58,0,0,0,1862,detection,
1862505,20,4,512,512,0,0,0,0,0,0,58,0,0,0,1862,detection,
1862561,3,4,512,512,0,0,0,0,0,0,58,0,0,0,1862,detection,
1865438,3,24,1024,1024,0,0,0,0,0,0,49,0,0,0,1865,detection,
1865745,10,2,2226,2226,0,0,0,0,0,0,51,0,0,0,1865,detection,
1865952,21,17,-1,-1,0,0,0,0,0,0,45,0,0,0,1865,detection,
1865970,7,17,-1,-1,0,0,0,0,0,0,43,0,0,0,1865,detection,
1866205,4,3,1024,1024,0,0,0,0,0,0,44,0,0,0,1866,detection,
1866226,24,3,1024,1024,0,0,0,0,0,0,54,0,0,0,1866,detection,
1866255,20,3,1024,1024,0,0,0,0,0,0,54,0,0,0,1866,detection,
1868107,16,15,1536,1536,0,0,0,0,0,0,48,0,0,0,1868,detection,
1868688,17,21,2022,2022,0,0,0,0,0,0,52,0,0,0,1868,detection,
1868782,9,21,2022,2022,0,0,0,0,0,0,56,0,0,0,1868,detection,
1869292,15,25,-1,-1,0,0,0,0,0,0,34,0,0,0,1869,detection,
1869600,24,4,512,512,0,0,0,0,0,0,59,0,0,0,1869,detection,
1870005,20,5,2022,2022,0,0,0,0,0,0,56,0,0,0,1870,detection,
1870622,10,2,1536,1536,0,0,0,0,0,0,54,0,0,0,1870,detection,
1870658,25,11,-1,-1,0,0,0,0,0,0,42,0,0,0,1870,detection,
1870852,16,11,-1,-1,0,0,0,0,0,0,35,0,0,0,1870,detection,
1871687,3,24,768,768,0,0,0,0,0,0,49,0,0,0,1871,detection,
1871700,5,24,768,768,0,0,0,0,0,0,58,0,0,0,1871,detection,
1872988,16,22,1024,1024,0,0,0,0,0,0,47,0,0,0,1872,detection,
1873082,11,22,1024,1024,0,0,0,0,0,0,41,0,0,0,1873,detection,
1873536,9,27,-512,1792,-2304,0,100,100,29,0,50,0,58,40,1873,detection,
1873935,17,21,-1,-1,0,0,0,0,0,0,55,0,0,0,1873,detection,
1875689,17,12,2534,2534,0,0,0,0,0,0,52,0,0,0,1875,detection,
1878283,25,16,-1,-1,0,0,0,70,32,0,51,0,64,40,1878,detection,
1878286,15,16,-1,-1,0,0,0,0,0,0,38,0,0,0,1878,detection,
1885199,4,3,998,998,0,0,0,0,0,0,44,0,0,0,1885,detection,
1886859,24,29,-512,1024,-1536,0,100,100,0,8,50,0,58,40,1886,detection,
1886877,8,29,-512,1024,-1536,0,100,100,0,8,56,0,58,40,1886,detection,
1886910,14,29,-512,1024,-1536,0,100,100,71,9,43,0,66,55,1886,detection,
1888706,13,12,2534,2534,0,0,0,0,0,0,52,0,0,0,1888,detection,
1889584,13,28,-512,2410,-2922,0,100,100,100,0,46,0,63,40,1889,detection,
1889584,12,28,-512,2410,-2922,0,100,100,100,9,46,0,63,40,1889,detection,
1890093,19,3,1205,1205,0,0,0,0,0,0,77,0,0,0,1890,detection,
1892342,7,29,-512,1024,-1536,0,100,100,100,9,46,0,63,40,1892,detection,
1892355,24,29,-512,1024,-1536,0,100,100,0,8,50,0,58,40,1892,detection,
1892845,7,4,1280,1280,0,0,0,0,0,0,56,0,0,0,1892,detection,
1892858,24,4,1280,1280,0,0,0,0,0,0,59,0,0,0,1892,detection,
1892862,16,4,1280,1280,0,0,0,0,0,0,48,0,0,0,1892,detection,
1894684,2,10,1510,1510,0,0,0,0,0,0,54,0,0,0,1894,detection,
1895156,25,16,-1,-1,0,0,0,70,0,0,54,0,61,40,1895,detection,
1899184,2,10,2048,2048,0,0,0,0,0,0,58,0,0,0,1899,detection,
1899192,3,10,2048,2048,0,0,0,0,0,0,55,0,0,0,1899,detection,
1899209,12,10,2048,2048,0,0,0,70,0,0,59,0,61,40,1899,detection,
1900454,13,28,-512,2396,-2908,0,100,100,1,0,46,0,63,40,1900,detection,
1901122,10,2,1973,1973,0,0,0,0,0,0,59,0,0,0,1901,detection,
1901229,24,29,-512,-1,-511,100,96,100,100,0,53,0,56,40,1901,detection,
1901233,22,29,-512,-1,-511,100,100,100,100,10,38,0,72,55,1901,detection,
1901339,19,3,1374,1374,0,0,0,0,0,0,72,0,0,0,1901,detection,
1904562,3,10,1510,1510,0,0,0,0,0,0,58,0,0,0,1904,detection,
1904628,18,10,1886,1886,0,0,0,0,0,0,54,0,0,0,1904,detection,
1904684,2,10,1886,1886,0,0,0,0,0,0,57,0,0,0,1904,detection,
1904690,3,10,1886,1886,0,0,0,0,0,0,58,0,0,0,1904,detection,
1905838,19,3,1543,1543,0,0,0,0,0,0,69,0,0,0,1905,detection,
1906825,5,24,768,768,0,0,0,0,0,0,61,0,0,0,1906,detection,
1907101,22,4,1280,1280,0,0,0,0,0,0,73,0,0,0,1907,detection,
1907102,24,4,1280,1280,0,0,0,0,0,0,58,0,0,0,1907,detection,
1907106,16,4,1280,1280,0,0,0,0,0,0,44,0,0,0,1907,detection,
1909781,14,9,-1,-1,0,0,0,0,0,0,37,0,0,0,1909,detection,
1909812,17,9,-1,-1,0,0,0,0,0,0,47,0,0,0,1909,detection,
1909824,21,9,-1,-1,0,0,0,0,0,0,51,0,0,0,1909,detection,
1915283,25,30,-512,1280,-1792,0,100,100,100,10,40,0,69,55,1915,detection,
1915815,6,28,-512,2396,-2908,0,100,100,100,0,62,0,54,40,1915,detection,
1916308,2,10,2171,2171,0,0,0,0,0,0,58,0,0,0,1916,detection,
1919121,10,2,2535,2535,0,0,0,0,0,0,58,0,0,0,1919,detection,
1920062,3,10,2394,2394,0,0,0,0,0,0,57,0,0,0,1920,detection,
1922815,6,3,-1,-1,0,0,0,0,0,0,81,0,0,0,1922,detection,
1923960,11,28,-512,2396,-2908,0,100,100,100,0,53,0,58,40,1923,detection,
1924121,10,2,2534,2534,0,0,0,0,0,0,61,0,0,0,1924,detection,
1930499,18,2,2534,2534,0,0,0,0,0,0,61,0,0,0,1930,detection,
1930746,18,10,2790,2790,0,0,0,0,0,0,60,0,0,0,1930,detection,
1930814,2,10,2790,2790,0,0,0,0,0,0,60,0,0,0,1930,detection,
1933880,20,19,1917,1917,0,0,0,0,0,0,43,0,0,0,1933,detection,
1933935,2,10,2790,2790,0,0,0,0,0,0,61,0,0,0,1933,detection,
1934002,18,10,2790,2790,0,0,0,0,0,0,61,0,0,0,1934,detection,
1934871,18,2,3072,3072,0,0,0,0,0,0,93,0,0,0,1934,detection,
1934871,10,2,3072,3072,0,0,0,0,0,0,85,0,0,0,1934,detection,
1934956,13,2,3072,3072,0,0,0,0,0,0,88,0,0,0,1934,detection,
1938376,20,19,2135,2135,0,0,0,0,0,0,45,0,0,0,1938,detection,
1943079,11,28,-512,2396,-2908,0,100,100,0,0,54,0,58,40,1943,detection,
1943127,20,19,2135,2135,0,0,0,0,0,0,41,0,0,0,1943,detection,
1948948,5,19,2135,2135,0,0,0,0,0,0,92,0,0,0,1948,detection,
1949455,11,28,-512,2396,-2908,0,100,100,0,0,54,0,58,40,1949,detection,
1955093,19,5,-1,-1,0,0,0,0,0,0,49,0,0,0,1955,detection,
1955101,24,5,-1,-1,0,0,0,0,0,0,82,0,0,0,1955,detection,
1955105,22,5,-1,-1,0,0,0,0,0,0,42,0,0,0,1955,detection,
1955128,20,5,-1,-1,0,0,0,0,0,0,56,0,0,0,1955,detection,
1957194,3,28,-512,2396,-2908,0,100,100,100,0,54,0,58,40,1957,detection,
1957253,18,28,-512,2396,-2908,0,100,100,100,9,49,0,59,40,1957,detection,
1958625,20,5,-1,-1,0,0,0,0,0,0,56,0,0,0,1958,detection,
2050952,13,4,-1,-1,0,0,0,0,0,0,45,0,0,0,2050,detection,
2050965,19,4,-1,-1,0,0,0,0,0,0,55,0,0,0,2050,detection,
2050978,24,4,-1,-1,0,0,0,0,0,0,58,0,0,0,2050,detection,
2050999,18,4,-1,-1,0,0,0,0,0,0,53,0,0,0,2050,detection,
2053575,5,24,768,768,0,0,0,0,0,0,60,0,0,0,2053,detection,
2053780,14,18,768,768,0,0,0,0,0,0,45,0,0,0,2053,detection,
2054383,10,2,1280,1280,0,0,0,0,0,0,88,0,0,0,2054,detection,
2054412,9,2,1280,1280,0,0,0,0,0,0,44,0,0,0,2054,detection,
2054776,14,8,-1,-1,0,0,0,0,0,0,84,0,0,0,2054,detection,
2054788,9,8,-1,-1,0,0,0,0,0,0,100,0,0,0,2054,detection,
2054814,2,8,-1,-1,0,0,0,0,0,0,35,0,0,0,2054,detection,
2054874,10,8,-1,-1,0,0,0,0,0,0,50,0,0,0,2054,detection,
2054895,1,19,512,512,0,0,0,0,0,0,32,0,0,0,2054,detection,
2055784,9,14,1280,1280,0,0,0,0,0,0,40,0,0,0,2055,detection,
2055809,6,14,1280,1280,0,0,0,0,0,0,76,0,0,0,2055,detection,
2055810,2,14,1280,1280,0,0,0,0,0,0,51,0,0,0,2055,detection,
2055826,5,14,1280,1280,0,0,0,0,0,0,82,0,0,0,2055,detection,
2055826,13,14,1280,1280,0,0,0,0,0,0,73,0,0,0,2055,detection,
2055826,11,14,1280,1280,0,0,0,0,0,0,40,0,0,0,2055,detection,
2055877,20,14,1280,1280,0,0,0,0,0,0,72,0,0,0,2055,detection,
2057565,2,10,1280,1280,0,0,0,0,0,0,56,0,0,0,2057,detection,
2057574,5,10,1280,1280,0,0,0,0,0,0,52,0,0,0,2057,detection,
2057574,4,10,1280,1280,0,0,0,0,0,0,59,0,0,0,2057,detection,
2057625,18,10,1280,1280,0,0,0,0,0,0,60,0,0,0,2057,detection,
2057625,8,10,1280,1280,0,0,0,0,0,0,45,0,0,0,2057,detection,
2061542,15,30,-512,1280,-1792,0,100,100,66,10,40,0,69,55,2061,detection,
2062560,2,14,1280,1280,0,0,0,0,0,0,51,0,0,0,2062,detection,
2062577,11,14,1280,1280,0,0,0,0,0,0,40,0,0,0,2062,detection,
2062582,4,14,1280,1280,0,0,0,0,0,0,40,0,0,0,2062,detection,
2063065,1,19,512,512,0,0,0,0,0,0,32,0,0,0,2063,detection,
2063151,14,18,-1,-1,0,0,0,0,0,0,49,0,0,0,2063,detection,
2064434,2,10,1280,1280,0,0,0,0,0,0,56,0,0,0,2064,detection,
2064455,12,10,1280,1280,0,0,0,70,0,0,58,0,61,40,2064,detection,
2067501,18,30,-512,1280,-1792,0,100,100,100,10,37,0,69,55,2067,detection,
2068935,2,10,1280,1280,0,0,0,0,0,0,55,0,0,0,2068,detection,
2068939,3,10,1280,1280,0,0,0,0,0,0,57,0,0,0,2068,detection,
2070653,14,18,-1,-1,0,0,0,0,0,0,58,0,0,0,2070,detection,
2072001,18,2,-1,-1,0,0,0,0,0,0,91,0,0,0,2072,detection,
2072001,10,2,-1,-1,0,0,0,0,0,0,87,0,0,0,2072,detection,
2072082,13,2,-1,-1,0,0,0,0,0,0,92,0,0,0,2072,detection,
2072291,9,27,-512,-1,-511,100,96,100,100,0,53,0,56,40,2072,detection,
2072852,1,19,512,512,0,0,0,0,0,0,32,0,0,0,2072,detection,
2076333,12,10,1280,1280,0,0,0,70,0,0,54,0,61,40,2076,detection,
2076354,22,10,1280,1280,0,0,0,0,0,0,43,0,0,0,2076,detection,
2079060,6,20,1792,1792,0,0,0,0,0,0,64,0,0,0,2079,detection,
2084749,18,30,-512,-1,-511,100,76,100,100,0,81,0,49,40,2084,detection,
2085933,1,19,-1,-1,0,0,0,0,0,0,34,0,0,0,2085,detection,
2085947,5,19,-1,-1,0,0,0,0,0,0,95,0,0,0,2085,detection,
2091067,3,20,1536,1536,0,0,0,70,0,0,61,0,58,40,2091,detection,
2091746,10,11,-1,-1,0,0,0,0,0,0,43,0,0,0,2091,detection,
2093630,20,17,-1,-1,0,0,0,0,0,0,57,0,0,0,2093,detection,
2094313,2,14,2048,2048,0,0,0,0,0,0,55,0,0,0,2094,detection,
2094317,3,14,2048,2048,0,0,0,0,0,0,52,0,0,0,2094,detection,
2094326,5,14,2048,2048,0,0,0,0,0,0,81,0,0,0,2094,detection,
2094330,11,14,2048,2048,0,0,0,0,0,0,44,0,0,0,2094,detection,
2094331,4,14,2048,2048,0,0,0,0,0,0,40,0,0,0,2094,detection,
2094334,12,14,2048,2048,0,0,0,0,0,0,45,0,0,0,2094,detection,
2094339,19,14,2048,2048,0,0,0,0,0,0,53,0,0,0,2094,detection,
2094356,22,14,2048,2048,0,0,0,0,0,0,41,0,0,0,2094,detection,
2094374,18,14,2048,2048,0,0,0,0,0,0,33,0,0,0,2094,detection,
2094378,10,14,2048,2048,0,0,0,0,0,0,40,0,0,0,2094,detection,
2094381,20,14,2048,2048,0,0,0,0,0,0,75,0,0,0,2094,detection,
2095350,22,14,2048,2048,0,0,0,0,0,0,40,0,0,0,2095,detection,
2095374,10,14,2048,2048,0,0,0,0,0,0,36,0,0,0,2095,detection,
2095375,18,14,2048,2048,0,0,0,0,0,0,33,0,0,0,2095,detection,
2095379,20,14,2048,2048,0,0,0,0,0,0,74,0,0,0,2095,detection,
2095435,2,14,2048,2048,0,0,0,0,0,0,55,0,0,0,2095,detection,
2095438,3,14,2048,2048,0,0,0,0,0,0,52,0,0,0,2095,detection,
2095443,5,14,2048,2048,0,0,0,0,0,0,80,0,0,0,2095,detection,
2095451,11,14,2048,2048,0,0,0,0,0,0,44,0,0,0,2095,detection,
2095451,4,14,2048,2048,0,0,0,0,0,0,40,0,0,0,2095,detection,
2095456,12,14,2048,2048,0,0,0,0,0,0,45,0,0,0,2095,detection,
2095463,19,14,2048,2048,0,0,0,0,0,0,53,0,0,0,2095,detection,
2095939,3,20,1536,1536,0,0,0,70,0,0,62,0,55,40,2095,detection,
2097315,3,10,2048,2048,0,0,0,0,0,0,57,0,0,0,2097,detection,
2097323,5,10,2048,2048,0,0,0,0,0,0,55,0,0,0,2097,detection,
2097336,12,10,2048,2048,0,0,0,70,0,0,57,0,61,40,2097,detection,
2097341,7,10,2048,2048,0,0,0,0,0,0,43,0,0,0,2097,detection,
2097353,22,10,2048,2048,0,0,0,0,0,0,47,0,0,0,2097,detection,
2097358,16,10,2048,2048,0,0,0,70,0,0,49,0,63,40,2097,detection,
2097374,18,10,2048,2048,0,0,0,0,0,0,59,0,0,0,2097,detection,
2097843,19,3,2048,2048,0,0,0,0,0,0,72,0,0,0,2097,detection,
2098354,22,5,-1,-1,0,0,0,0,0,0,41,0,0,0,2098,detection,
2098379,20,5,-1,-1,0,0,0,0,0,0,52,0,0,0,2098,detection,
2098401,14,5,-1,-1,0,0,0,0,0,0,52,0,0,0,2098,detection,
2101752,10,14,2816,2816,0,0,0,0,0,0,36,0,0,0,2101,detection,
2101752,20,14,2816,2816,0,0,0,0,0,0,73,0,0,0,2101,detection,
2101812,2,14,2816,2816,0,0,0,0,0,0,51,0,0,0,2101,detection,
2101816,3,14,2816,2816,0,0,0,0,0,0,52,0,0,0,2101,detection,
2101821,5,14,2816,2816,0,0,0,0,0,0,79,0,0,0,2101,detection,
2101825,4,14,2816,2816,0,0,0,0,0,0,40,0,0,0,2101,detection,
2101830,12,14,2816,2816,0,0,0,0,0,0,42,0,0,0,2101,detection,
2101837,19,14,2816,2816,0,0,0,0,0,0,53,0,0,0,2101,detection,
2101851,22,14,2816,2816,0,0,0,0,0,0,37,0,0,0,2101,detection,
2101859,24,14,2816,2816,0,0,0,0,0,0,44,0,0,0,2101,detection,
2102697,5,10,2816,2816,0,0,0,0,0,0,55,0,0,0,2102,detection,
2102700,4,10,2816,2816,0,0,0,0,0,0,55,0,0,0,2102,detection,
2102726,22,10,2816,2816,0,0,0,0,0,0,47,0,0,0,2102,detection,
2103780,14,12,1792,1792,0,0,0,0,0,0,44,0,0,0,2103,detection,
2103811,2,12,1792,1792,0,0,0,0,0,0,44,0,0,0,2103,detection,
2103815,17,12,1792,1792,0,0,0,0,0,0,57,0,0,0,2103,detection,
2103819,5,12,1792,1792,0,0,0,0,0,0,44,0,0,0,2103,detection,
2103832,11,12,1792,1792,0,0,0,0,0,0,54,0,0,0,2103,detection,
2199566,17,27,-512,949,-1461,0,100,100,83,0,41,0,68,55,2199,detection,
2199820,1,31,-512,768,-1280,0,100,100,33,0,49,0,59,40,2199,detection,
2206690,17,27,-512,949,-1461,0,100,100,0,0,41,0,68,55,2206,detection,
2213309,1,31,-512,-1,-511,100,100,100,100,0,48,0,59,40,2213,detection,
2215067,17,27,-512,949,-1461,0,100,100,0,0,41,0,68,55,2215,detection,
2215162,9,27,-512,949,-1461,0,100,100,100,0,58,0,58,40,2215,detection,
2220285,9,27,-512,949,-1461,0,100,100,0,0,58,0,58,40,2220,detection,
2220315,17,27,-512,949,-1461,0,100,100,0,0,41,0,68,55,2220,detection,
2224164,9,27,-512,949,-1461,0,100,100,0,0,54,0,58,40,2224,detection,
2224186,17,27,-512,949,-1461,0,100,100,0,0,40,0,69,55,2224,detection,
2228412,9,27,-512,949,-1461,0,100,100,0,0,54,0,58,40,2228,detection,
2231092,1,9,-1,-1,0,0,0,0,0,0,78,0,0,0,2231,detection,
2234159,9,27,-512,949,-1461,0,100,100,0,0,54,0,58,40,2234,detection,
2254083,21,27,-512,949,-1461,0,100,100,100,9,47,0,62,40,2254,detection,
2257700,21,27,-512,949,-1461,0,100,100,0,9,47,0,62,40,2257,detection,
2258119,1,9,768,768,0,0,0,0,0,0,74,0,0,0,2258,detection,
2264829,21,27,-512,949,-1461,0,100,100,0,9,42,0,66,55,2264,detection,
2267298,1,9,512,512,0,0,0,0,0,0,75,0,0,0,2267,detection,
2267405,14,9,512,512,0,0,0,0,0,0,41,0,0,0,2267,detection,
2271693,5,14,-1,-1,0,0,0,0,0,0,74,0,0,0,2271,detection,
2271728,22,14,-1,-1,0,0,0,0,0,0,40,0,0,0,2271,detection,
2271784,9,14,-1,-1,0,0,0,0,0,0,43,0,0,0,2271,detection,
2272030,1,9,512,512,0,0,0,0,0,0,76,0,0,0,2272,detection,
2272151,14,9,512,512,0,0,0,0,0,0,43,0,0,0,2272,detection,
2273454,21,27,-512,949,-1461,0,100,100,0,10,41,0,68,55,2273,detection,
2276142,1,9,512,512,0,0,0,0,0,0,72,0,0,0,2276,detection,
2276151,14,9,512,512,0,0,0,0,0,0,44,0,0,0,2276,detection,
2276702,21,27,-512,949,-1461,0,100,100,0,0,41,0,68,55,2276,detection,
2276823,5,19,1024,1024,0,0,0,0,0,0,88,0,0,0,2276,detection,
2277784,9,14,768,768,0,0,0,0,0,0,48,0,0,0,2277,detection,
2277827,5,14,768,768,0,0,0,0,0,0,80,0,0,0,2277,detection,
2277852,22,14,768,768,0,0,0,0,0,0,45,0,0,0,2277,detection,
2280070,5,22,768,768,0,0,0,0,0,0,38,0,0,0,2280,detection,
2285324,5,24,1536,1536,0,0,0,0,0,0,55,0,0,0,2285,detection,
2286151,14,9,512,512,0,0,0,0,0,0,44,0,0,0,2286,detection,
2286448,5,14,768,768,0,0,0,0,0,0,82,0,0,0,2286,detection,
2289842,19,5,768,768,0,0,0,0,0,0,54,0,0,0,2289,detection,
2289852,22,5,768,768,0,0,0,0,0,0,47,0,0,0,2289,detection,
2289852,24,5,768,768,0,0,0,0,0,0,84,0,0,0,2289,detection,
2289915,15,5,768,768,0,0,0,0,0,0,49,0,0,0,2289,detection,
2290157,9,14,768,768,0,0,0,0,0,0,46,0,0,0,2290,detection,
2290195,5,14,768,768,0,0,0,0,0,0,85,0,0,0,2290,detection,
2290220,7,14,768,768,0,0,0,0,0,0,46,0,0,0,2290,detection,
2290233,24,14,768,768,0,0,0,0,0,0,49,0,0,0,2290,detection,
2291526,14,9,512,512,0,0,0,0,0,0,41,0,0,0,2291,detection,
2292532,25,30,-512,-1,-511,100,100,100,100,9,43,0,66,55,2292,detection,
2295945,5,19,768,768,0,0,0,0,0,0,92,0,0,0,2295,detection,
2296631,20,14,819,819,0,0,0,0,0,0,74,0,0,0,2296,detection,
2299776,14,9,949,949,0,0,0,0,0,0,42,0,0,0,2299,detection,
2300341,19,5,-1,-1,0,0,0,0,0,0,54,0,0,0,2300,detection,
2300418,15,5,-1,-1,0,0,0,0,0,0,52,0,0,0,2300,detection,
2301945,5,24,1024,1024,0,0,0,0,0,0,60,0,0,0,2301,detection,
2302128,20,14,1280,1280,0,0,0,0,0,0,73,0,0,0,2302,detection,
2303402,14,9,949,949,0,0,0,0,0,0,42,0,0,0,2303,detection,
2303532,25,30,-512,-1,-511,100,100,100,0,10,40,0,71,55,2303,detection,
2308064,17,9,1135,1135,0,0,0,0,0,0,54,0,0,0,2308,detection,
2308157,14,9,1135,1135,0,0,0,0,0,0,44,0,0,0,2308,detection,
2308311,3,10,-1,-1,0,0,0,0,0,0,56,0,0,0,2308,detection,
2308703,13,2,1647,1647,0,0,0,0,0,0,92,0,0,0,2308,detection,
2308725,22,2,1647,1647,0,0,0,0,0,0,55,0,0,0,2308,detection,
2308747,8,2,1647,1647,0,0,0,0,0,0,38,0,0,0,2308,detection,
2310123,8,17,-1,-1,0,0,0,0,0,0,41,0,0,0,2310,detection,
2313686,17,9,1303,1303,0,0,0,0,0,0,57,0,0,0,2313,detection,
2314073,5,24,1024,1024,0,0,0,0,0,0,61,0,0,0,2314,detection,
2314326,13,2,1559,1559,0,0,0,0,0,0,92,0,0,0,2314,detection,
2314351,22,2,1559,1559,0,0,0,0,0,0,56,0,0,0,2314,detection,
2314624,1,19,1661,1661,0,0,0,0,0,0,37,0,0,0,2314,detection,
2314633,20,19,1661,1661,0,0,0,0,0,0,44,0,0,0,2314,detection,
2316327,5,22,1536,1536,0,0,0,0,0,0,42,0,0,0,2316,detection,
2316357,24,22,1536,1536,0,0,0,0,0,0,49,0,0,0,2316,detection,
2316977,22,5,1024,1024,0,0,0,0,0,0,52,0,0,0,2316,detection,
2319351,22,2,1559,1559,0,0,0,0,0,0,58,0,0,0,2319,detection,
2319377,8,2,1559,1559,0,0,0,0,0,0,39,0,0,0,2319,detection,
2319406,9,2,1559,1559,0,0,0,0,0,0,46,0,0,0,2319,detection,
2319409,14,2,1559,1559,0,0,0,0,0,0,60,0,0,0,2319,detection,
2319452,13,2,1559,1559,0,0,0,0,0,0,92,0,0,0,2319,detection,
2319995,8,17,1280,1280,0,0,0,0,0,0,45,0,0,0,2319,detection,
2320211,1,19,1661,1661,0,0,0,0,0,0,35,0,0,0,2320,detection,
2320254,20,19,1661,1661,0,0,0,0,0,0,44,0,0,0,2320,detection,
2323087,19,20,-1,-1,0,0,0,0,0,0,56,0,0,0,2323,detection,
2323957,12,8,1280,1280,0,0,0,0,0,0,33,0,0,0,2323,detection,
2324039,9,8,1280,1280,0,0,0,0,0,0,100,0,0,0,2324,detection,
2325032,25,30,-512,1536,-2048,0,100,100,100,9,44,0,64,40,2325,detection,
2325355,24,13,1280,1280,0,0,0,0,0,0,60,0,0,0,2325,detection,
2326251,10,7,1024,1024,0,0,0,0,0,0,50,0,0,0,2326,detection,
2326602,24,22,1536,1536,0,0,0,0,0,0,48,0,0,0,2326,detection,
2327829,21,17,1280,1280,0,0,0,0,0,0,50,0,0,0,2327,detection,
2329568,3,10,1280,1280,0,0,0,0,0,0,54,0,0,0,2329,detection,
2329590,7,10,1280,1280,0,0,0,0,0,0,48,0,0,0,2329,detection,
2331281,25,30,-512,1280,-1792,0,100,100,35,0,45,0,63,40,2331,detection,
2331293,15,30,-512,1280,-1792,0,100,100,0,9,44,0,64,40,2331,detection,
2331479,24,13,1280,1280,0,0,0,0,0,0,61,0,0,0,2331,detection,
2331956,1,19,768,768,0,0,0,0,0,0,35,0,0,0,2331,detection,
2332003,20,19,768,768,0,0,0,0,0,0,48,0,0,0,2332,detection,
2332533,25,2,1559,1559,0,0,0,0,0,0,54,0,0,0,2332,detection,
2332601,22,2,1559,1559,0,0,0,0,0,0,59,0,0,0,2332,detection,
2332623,8,2,1559,1559,0,0,0,0,0,0,40,0,0,0,2332,detection,
2333215,7,29,-512,1280,-1792,0,100,100,32,8,53,0,58,40,2333,detection,
2333935,6,3,1792,1792,0,0,0,0,0,0,79,0,0,0,2333,detection,
2337847,1,19,768,768,0,0,0,0,0,0,34,0,0,0,2337,detection,
2338457,13,2,1627,1627,0,0,0,0,0,0,92,0,0,0,2338,detection,
2340202,21,17,1280,1280,0,0,0,0,0,0,51,0,0,0,2340,detection,
2340214,7,10,1356,1356,0,0,0,0,0,0,49,0,0,0,2340,detection,
2340252,8,10,1356,1356,0,0,0,0,0,0,49,0,0,0,2340,detection,
2340817,17,21,1792,1792,0,0,0,0,0,0,59,0,0,0,2340,detection,
2340879,10,8,1510,1510,0,0,0,0,0,0,50,0,0,0,2340,detection,
2340934,17,8,1510,1510,0,0,0,0,0,0,43,0,0,0,2340,detection,
2340955,12,8,1510,1510,0,0,0,0,0,0,32,0,0,0,2340,detection,
2343415,15,30,-512,1280,-1792,0,100,100,0,0,46,0,63,40,2343,detection,
2343689,1,19,512,512,0,0,0,0,0,0,34,0,0,0,2343,detection,
2343753,20,19,512,512,0,0,0,0,0,0,48,0,0,0,2343,detection,
2349843,19,22,1792,1792,0,0,0,0,0,0,86,0,0,0,2349,detection,
2351876,20,19,512,512,0,0,0,0,0,0,48,0,0,0,2351,detection,
2353940,2,14,768,768,0,0,0,0,0,0,55,0,0,0,2353,detection,
2353944,3,14,768,768,0,0,0,0,0,0,56,0,0,0,2353,detection,
2353948,5,14,768,768,0,0,0,0,0,0,81,0,0,0,2353,detection,
2353956,13,14,768,768,0,0,0,0,0,0,75,0,0,0,2353,detection,
2353961,12,14,768,768,0,0,0,0,0,0,45,0,0,0,2353,detection,
2353983,24,14,768,768,0,0,0,0,0,0,52,0,0,0,2353,detection,
2354570,5,24,-1,-1,0,0,0,0,0,0,63,0,0,0,2354,detection,
2356525,14,2,1280,1280,0,0,0,0,0,0,59,0,0,0,2356,detection,
2356530,25,2,1280,1280,0,0,0,0,0,0,56,0,0,0,2356,detection,
2356951,21,9,1792,1792,0,0,0,0,0,0,54,0,0,0,2356,detection,
2359377,20,19,742,742,0,0,0,0,0,0,48,0,0,0,2359,detection,
2360126,8,7,1177,1177,0,0,0,0,0,0,43,0,0,0,2360,detection,
2360463,19,6,768,768,0,0,0,0,0,0,53,0,0,0,2360,detection,
2360504,20,6,768,768,0,0,0,0,0,0,56,0,0,0,2360,detection,
2361814,6,20,768,768,0,0,0,0,0,0,63,0,0,0,2361,detection,
2362564,3,10,1254,1254,0,0,0,0,0,0,57,0,0,0,2362,detection,
2362576,5,10,1254,1254,0,0,0,0,0,0,55,0,0,0,2362,detection,
2362661,14,28,-512,1868,-2380,0,100,100,50,8,56,0,58,40,2362,detection,
2364962,19,6,998,998,0,0,0,0,0,0,54,0,0,0,2364,detection,
2366875,8,17,1510,1510,0,0,0,0,0,0,44,0,0,0,2366,detection,
2366881,20,17,1510,1510,0,0,0,0,0,0,57,0,0,0,2366,detection,
2368313,2,10,1254,1254,0,0,0,0,0,0,58,0,0,0,2368,detection,
2368316,3,10,1254,1254,0,0,0,0,0,0,57,0,0,0,2368,detection,
2368335,12,10,1254,1254,0,0,0,70,0,0,57,0,61,40,2368,detection,
2368360,16,10,1254,1254,0,0,0,70,0,0,52,0,61,40,2368,detection,
2368377,18,10,1254,1254,0,0,0,0,0,0,59,0,0,0,2368,detection,
2368455,13,2,1536,1536,0,0,0,0,0,0,96,0,0,0,2368,detection,
2368526,14,2,1536,1536,0,0,0,0,0,0,60,0,0,0,2368,detection,
2368776,14,12,1280,1280,0,0,0,0,0,0,47,0,0,0,2368,detection,
2369059,6,20,768,768,0,0,0,0,0,0,62,0,0,0,2369,detection,
2370252,10,28,-512,1868,-2380,0,100,100,76,0,54,0,58,40,2370,detection,
2370281,14,28,-512,1868,-2380,0,100,100,0,7,61,0,56,40,2370,detection,
2376281,14,5,1766,1766,0,0,0,0,0,0,55,0,0,0,2376,detection,
2376442,3,20,768,768,0,0,0,70,0,0,63,0,48,40,2376,detection,
2376445,6,20,768,768,0,0,0,0,0,0,61,0,0,0,2376,detection,
2376464,19,20,768,768,0,0,0,0,0,0,59,0,0,0,2376,detection,
2376825,4,3,1280,1280,0,0,0,0,0,0,48,0,0,0,2376,detection,
2376842,19,3,1280,1280,0,0,0,0,0,0,70,0,0,0,2376,detection,
2376879,20,3,1280,1280,0,0,0,0,0,0,58,0,0,0,2376,detection,
2378446,3,28,-512,1792,-2304,0,100,100,73,0,57,0,58,40,2378,detection,
2378446,5,28,-512,1792,-2304,0,100,100,100,0,53,0,58,40,2378,detection,
2378463,12,28,-512,1792,-2304,0,100,100,81,0,49,0,59,40,2378,detection,
2378912,9,21,2278,2278,0,0,0,0,0,0,59,0,0,0,2378,detection,
2379063,3,10,1254,1254,0,0,0,0,0,0,57,0,0,0,2379,detection,
2379080,12,10,1254,1254,0,0,0,70,0,0,57,0,61,40,2379,detection,
2379191,2,29,-512,527,-1039,0,100,100,58,0,61,0,56,40,2379,detection,
2379212,13,29,-512,527,-1039,0,100,100,70,9,48,0,60,40,2379,detection,
2379212,12,29,-512,527,-1039,0,100,100,76,9,44,0,64,40,2379,detection,
2379255,18,29,-512,527,-1039,0,100,100,89,7,60,0,58,40,2379,detection,
2383216,19,6,-1,-1,0,0,0,0,0,0,58,0,0,0,2383,detection,
2383253,20,6,-1,-1,0,0,0,0,0,0,59,0,0,0,2383,detection,
2384534,9,21,2278,2278,0,0,0,0,0,0,58,0,0,0,2384,detection,
2384909,14,9,1461,1461,0,0,0,0,0,0,47,0,0,0,2384,detection,
2388685,2,29,-512,525,-1037,0,100,100,0,0,58,0,58,40,2388,detection,
2388749,18,29,-512,525,-1037,0,100,100,0,0,61,0,56,40,2388,detection,
2389032,9,14,1205,1205,0,0,0,0,0,0,51,0,0,0,2389,detection,
2389527,14,9,1461,1461,0,0,0,0,0,0,45,0,0,0,2389,detection,
2394065,6,20,1766,1766,0,0,0,0,0,0,56,0,0,0,2394,detection,
2394088,19,20,1766,1766,0,0,0,0,0,0,61,0,0,0,2394,detection,
2395323,4,3,-1,-1,0,0,0,0,0,0,52,0,0,0,2395,detection,
2396940,3,10,1254,1254,0,0,0,0,0,0,56,0,0,0,2396,detection,
2404381,20,6,1547,1547,0,0,0,0,0,0,60,0,0,0,2404,detection,
2406811,17,21,1766,1766,0,0,0,0,0,0,58,0,0,0,2406,detection,
2410752,18,30,-512,512,-1024,0,100,100,49,0,85,0,48,40,2410,detection,
2410832,13,2,2278,2278,0,0,0,0,0,0,100,0,0,0,2410,detection,
2413455,4,14,2000,2000,0,0,0,0,0,0,43,0,0,0,2413,detection,
2414000,10,7,1647,1647,0,0,0,0,0,0,53,0,0,0,2414,detection,
2414790,9,27,-512,2816,-3328,0,100,100,100,0,57,0,58,40,2414,detection,
2414878,8,29,-512,754,-1266,0,100,100,31,0,60,0,58,40,2414,detection,
2414879,10,29,-512,754,-1266,0,100,100,100,0,40,0,69,55,2414,detection,
2415561,6,20,1817,1817,0,0,0,0,0,0,55,0,0,0,2415,detection,
2415595,19,20,1817,1817,0,0,0,0,0,0,60,0,0,0,2415,detection,
2418248,10,7,1647,1647,0,0,0,0,0,0,53,0,0,0,2418,detection,
2418481,16,11,1766,1766,0,0,0,0,0,0,38,0,0,0,2418,detection,
2419935,17,21,1510,1510,0,0,0,0,0,0,59,0,0,0,2419,detection,
2420162,9,27,-512,3790,-4302,0,100,100,100,0,75,0,48,40,2420,detection,
2420428,1,17,-1,-1,0,0,0,0,0,0,33,0,0,0,2420,detection,
2420937,3,24,1766,1766,0,0,0,0,0,0,52,0,0,0,2420,detection,
2420947,5,24,1766,1766,0,0,0,0,0,0,62,0,0,0,2420,detection,
2422909,14,28,-512,1766,-2278,0,100,100,11,7,63,0,48,40,2422,detection,
2423538,9,27,-512,2278,-2790,0,100,100,100,0,74,0,48,40,2423,detection,
2423958,12,2,2278,2278,0,0,0,0,0,0,46,0,0,0,2423,detection,
2424333,13,12,1766,1766,0,0,0,0,0,0,56,0,0,0,2424,detection,
2425784,1,17,-1,-1,0,0,0,0,0,0,34,0,0,0,2425,detection,
2433338,19,6,1733,1733,0,0,0,0,0,0,61,0,0,0,2433,detection,
2433453,21,17,768,768,0,0,0,0,0,0,54,0,0,0,2433,detection,
2434248,10,7,1612,1612,0,0,0,0,0,0,58,0,0,0,2434,detection,
2434911,9,27,-512,2124,-2636,0,100,100,16,0,73,0,48,40,2434,detection,
2435982,16,15,1766,1766,0,0,0,0,0,0,52,0,0,0,2435,detection,
2436417,15,11,1792,1792,0,0,0,0,0,0,59,0,0,0,2436,detection,
2436482,16,11,1792,1792,0,0,0,0,0,0,41,0,0,0,2436,detection,
2437334,11,28,-512,2201,-2713,0,100,100,23,0,57,0,58,40,2437,detection,
2437694,5,10,2304,2304,0,0,0,0,0,0,55,0,0,0,2437,detection,
2437996,1,21,1280,1280,0,0,0,0,0,0,48,0,0,0,2437,detection,
2438061,17,21,1280,1280,0,0,0,0,0,0,59,0,0,0,2438,detection,
2439170,15,30,-512,742,-1254,0,100,100,70,0,49,0,59,40,2439,detection,
2439199,5,24,-1,-1,0,0,0,0,0,0,61,0,0,0,2439,detection,
2440455,13,12,1766,1766,0,0,0,0,0,0,55,0,0,0,2440,detection,
2440455,21,12,1766,1766,0,0,0,0,0,0,41,0,0,0,2440,detection,
2440750,8,29,-512,1145,-1657,0,100,100,46,0,59,0,58,40,2440,detection,
2441500,8,7,1714,1714,0,0,0,0,0,0,46,0,0,0,2441,detection,
2441827,21,17,768,768,0,0,0,0,0,0,53,0,0,0,2441,detection,
2442819,5,10,2304,2304,0,0,0,0,0,0,51,0,0,0,2442,detection,
2444232,16,15,1766,1766,0,0,0,0,0,0,51,0,0,0,2444,detection,
2444457,4,29,-512,1024,-1536,0,100,100,0,8,57,0,58,40,2444,detection,
2444466,7,29,-512,1024,-1536,0,100,100,30,7,59,0,58,40,2444,detection,
2445250,20,4,-1,-1,0,0,0,0,0,0,67,0,0,0,2445,detection,
2446828,4,7,1714,1714,0,0,0,0,0,0,46,0,0,0,2446,detection,
2446871,8,7,1714,1714,0,0,0,0,0,0,46,0,0,0,2446,detection,
2447095,19,22,1788,1788,0,0,0,0,0,0,92,0,0,0,2447,detection,
2447122,16,22,1788,1788,0,0,0,0,0,0,50,0,0,0,2447,detection,
2448751,1,21,-1,-1,0,0,0,0,0,0,81,0,0,0,2448,detection,
2449475,22,4,-1,-1,0,0,0,0,0,0,71,0,0,0,2449,detection,
2449501,18,4,-1,-1,0,0,0,0,0,0,57,0,0,0,2449,detection,
2449501,20,4,-1,-1,0,0,0,0,0,0,65,0,0,0,2449,detection,
2449984,24,10,2816,2816,0,0,0,0,0,0,61,0,0,0,2449,detection,
2450001,18,10,2816,2816,0,0,0,0,0,0,62,0,0,0,2450,detection,
2450065,2,10,2816,2816,0,0,0,0,0,0,61,0,0,0,2450,detection,
2450070,5,10,2816,2816,0,0,0,0,0,0,55,0,0,0,2450,detection,
2450500,10,2,-1,-1,0,0,0,0,0,0,86,0,0,0,2450,detection,
2450529,25,2,-1,-1,0,0,0,0,0,0,59,0,0,0,2450,detection,
2451814,17,12,-1,-1,0,0,0,0,0,0,100,0,0,0,2451,detection,
2452608,16,22,1788,1788,0,0,0,0,0,0,50,0,0,0,2452,detection,
2454104,24,10,2790,2790,0,0,0,0,0,0,58,0,0,0,2454,detection,
2456253,10,7,1714,1714,0,0,0,0,0,0,58,0,0,0,2456,detection,
2456916,15,30,-512,949,-1461,0,100,100,26,0,50,0,58,40,2456,detection,
2462499,18,10,2790,2790,0,0,0,0,0,0,63,0,0,0,2462,detection,
2466706,21,27,-512,2124,-2636,0,100,100,100,0,44,0,64,40,2466,detection,
2467416,15,30,-512,1135,-1647,0,100,100,24,0,48,0,60,40,2467,detection,
2469089,7,10,2226,2226,0,0,0,0,0,0,48,0,0,0,2469,detection,
2469110,16,10,2226,2226,0,0,0,70,0,0,56,0,61,40,2469,detection,
2469126,8,10,2226,2226,0,0,0,0,0,0,45,0,0,0,2469,detection,
2471225,22,10,2226,2226,0,0,0,0,0,0,47,0,0,0,2471,detection,
2471235,16,10,2226,2226,0,0,0,70,0,0,56,0,61,40,2471,detection,
2471246,8,10,2226,2226,0,0,0,0,0,0,45,0,0,0,2471,detection,
2471246,18,10,2226,2226,0,0,0,0,0,0,58,0,0,0,2471,detection,
2479441,3,6,2681,2681,0,0,0,0,0,0,60,0,0,0,2479,detection,
2479463,19,6,2681,2681,0,0,0,0,0,0,63,0,0,0,2479,detection,
2481133,20,17,3840,3840,0,0,0,0,0,0,90,0,0,0,2481,detection,
2482185,3,6,2686,2686,0,0,0,0,0,0,61,0,0,0,2482,detection,
2486005,20,17,3840,3840,0,0,0,0,0,0,88,0,0,0,2486,detection,
2487811,3,6,2686,2686,0,0,0,0,0,0,61,0,0,0,2487,detection,
2493190,3,6,2686,2686,0,0,0,0,0,0,59,0,0,0,2493,detection,
2493751,20,17,3840,3840,0,0,0,0,0,0,82,0,0,0,2493,detection,
2498463,19,6,2686,2686,0,0,0,0,0,0,63,0,0,0,2498,detection,
2505752,20,17,3840,3840,0,0,0,0,0,0,77,0,0,0,2505,detection,
2511214,19,6,-1,-1,0,0,0,0,0,0,62,0,0,0,2511,detection,
2511500,8,17,3840,3840,0,0,0,0,0,0,85,0,0,0,2511,detection,
2511501,20,17,3840,3840,0,0,0,0,0,0,72,0,0,0,2511,detection,
2517372,8,17,3840,3840,0,0,0,0,0,0,85,0,0,0,2517,detection,
2517377,20,17,3840,3840,0,0,0,0,0,0,69,0,0,0,2517,detection,
2521497,8,17,3840,3840,0,0,0,0,0,0,80,0,0,0,2521,detection,
2522129,20,17,3840,3840,0,0,0,0,0,0,66,0,0,0,2522,detection,
2658282,25,30,-512,768,-1280,0,100,100,67,0,49,0,59,40,2658,detection,
2658758,1,2,768,768,0,0,0,70,0,0,22,0,91,100,2658,detection,
2658778,14,2,768,768,0,0,0,0,0,0,59,0,0,0,2658,detection,
2658778,25,2,768,768,0,0,0,0,0,0,59,0,0,0,2658,detection,
2658872,18,2,768,768,0,0,0,0,0,0,86,0,0,0,2658,detection,
2664912,1,2,512,512,0,0,0,70,0,0,22,0,91,100,2664,detection,
2669990,1,2,512,512,0,0,0,70,0,0,22,0,91,100,2669,detection,
2672621,1,31,-512,1024,-1536,0,100,100,100,0,47,0,62,40,2672,detection,
2674404,1,2,512,512,0,0,0,70,0,0,22,0,91,100,2674,detection,
2676532,25,30,-512,512,-1024,0,100,100,33,0,50,0,58,40,2676,detection,
2676906,1,31,-512,-1,-511,100,100,100,100,0,49,0,58,40,2676,detection,
2681514,1,2,512,512,0,0,0,70,0,0,22,0,91,100,2681,detection,
2682740,1,17,768,768,0,0,0,0,0,0,36,0,0,0,2682,detection,
2683537,25,30,-512,742,-1254,0,100,100,29,0,50,0,58,40,2683,detection,
2683988,1,31,-512,768,-1280,0,100,100,100,0,50,0,58,40,2683,detection,
2688195,1,31,-512,512,-1024,0,100,100,34,0,46,0,63,40,2688,detection,
2688819,1,2,512,512,0,0,0,70,0,0,18,0,94,100,2688,detection,
2689334,1,17,512,512,0,0,0,0,0,0,37,0,0,0,2689,detection,
2695958,1,17,512,512,0,0,0,0,0,0,34,0,0,0,2695,detection,
2696905,25,14,1024,1024,0,0,0,0,0,0,66,0,0,0,2696,detection,
2696965,7,14,1024,1024,0,0,0,0,0,0,48,0,0,0,2696,detection,
2698904,1,2,512,512,0,0,0,70,0,0,18,0,94,100,2698,detection,
2700252,8,7,1536,1536,0,0,0,0,0,0,49,0,0,0,2700,detection,
2701028,14,8,2048,2048,0,0,0,0,0,0,89,0,0,0,2701,detection,
2701033,25,8,2048,2048,0,0,0,0,0,0,75,0,0,0,2701,detection,
2701092,7,8,2048,2048,0,0,0,0,0,0,38,0,0,0,2701,detection,
2701125,10,8,2048,2048,0,0,0,0,0,0,53,0,0,0,2701,detection,
2702474,1,17,512,512,0,0,0,0,0,0,34,0,0,0,2702,detection,
2702595,7,17,512,512,0,0,0,0,0,0,47,0,0,0,2702,detection,
2703194,1,2,512,512,0,0,0,70,0,0,17,0,94,100,2703,detection,
2703935,17,7,768,768,0,0,0,0,0,0,40,0,0,0,2703,detection,
2708654,1,17,512,512,0,0,0,0,0,0,34,0,0,0,2708,detection,
2709746,8,7,768,768,0,0,0,0,0,0,54,0,0,0,2709,detection,
2710920,15,30,-512,742,-1254,0,100,100,52,0,47,0,62,40,2710,detection,
2714417,15,30,-512,742,-1254,0,100,100,0,0,47,0,62,40,2714,detection,
2714972,1,7,768,768,0,0,0,0,0,0,26,0,0,0,2714,detection,
2715060,17,7,768,768,0,0,0,0,0,0,40,0,0,0,2715,detection,
2715225,24,3,-1,-1,0,0,0,0,0,0,57,0,0,0,2715,detection,
2717210,12,2,512,512,0,0,0,0,0,0,51,0,0,0,2717,detection,
2717236,16,2,512,512,0,0,0,0,0,0,54,0,0,0,2717,detection,
2717466,1,17,512,512,0,0,0,0,0,0,34,0,0,0,2717,detection,
2717500,8,17,512,512,0,0,0,0,0,0,88,0,0,0,2717,detection,
2717591,7,17,512,512,0,0,0,0,0,0,48,0,0,0,2717,detection,
2719090,7,8,1024,1024,0,0,0,0,0,0,42,0,0,0,2719,detection,
2719153,14,8,1024,1024,0,0,0,0,0,0,93,0,0,0,2719,detection,
2719154,25,8,1024,1024,0,0,0,0,0,0,79,0,0,0,2719,detection,
2719192,6,8,1024,1024,0,0,0,0,0,0,51,0,0,0,2719,detection,
2719691,17,12,1024,1024,0,0,0,0,0,0,97,0,0,0,2719,detection,
2719695,5,12,1024,1024,0,0,0,0,0,0,44,0,0,0,2719,detection,
2719699,4,12,1024,1024,0,0,0,0,0,0,40,0,0,0,2719,detection,
2719917,15,30,-512,742,-1254,0,100,100,0,0,46,0,63,40,2719,detection,
2720566,6,14,1971,1971,0,0,0,0,0,0,73,0,0,0,2720,detection,
2720575,4,14,1971,1971,0,0,0,0,0,0,50,0,0,0,2720,detection,
2720579,13,14,1971,1971,0,0,0,0,0,0,75,0,0,0,2720,detection,
2720582,12,14,1971,1971,0,0,0,0,0,0,51,0,0,0,2720,detection,
2720587,19,14,1971,1971,0,0,0,0,0,0,60,0,0,0,2720,detection,
2720592,7,14,1971,1971,0,0,0,0,0,0,53,0,0,0,2720,detection,
2720601,22,14,1971,1971,0,0,0,0,0,0,53,0,0,0,2720,detection,
2720609,16,14,1971,1971,0,0,0,0,0,0,68,0,0,0,2720,detection,
2720623,8,14,1971,1971,0,0,0,0,0,0,45,0,0,0,2720,detection,
2723914,15,30,-512,742,-1254,0,100,100,0,0,46,0,63,40,2723,detection,
2724789,1,7,844,844,0,0,0,0,0,0,26,0,0,0,2724,detection,
2725502,10,14,1971,1971,0,0,0,0,0,0,42,0,0,0,2725,detection,
2726341,7,17,512,512,0,0,0,0,0,0,48,0,0,0,2726,detection,
2726711,7,8,1024,1024,0,0,0,0,0,0,41,0,0,0,2726,detection,
2726780,25,8,1024,1024,0,0,0,0,0,0,79,0,0,0,2726,detection,
2729952,13,4,1024,1024,0,0,0,0,0,0,49,0,0,0,2729,detection,
2729960,12,4,1024,1024,0,0,0,0,0,0,49,0,0,0,2729,detection,
2729970,7,4,1024,1024,0,0,0,0,0,0,56,0,0,0,2729,detection,
2729982,16,4,1024,1024,0,0,0,0,0,0,48,0,0,0,2729,detection,
2730702,21,11,-1,-1,0,0,0,0,0,0,63,0,0,0,2730,detection,
2731966,7,17,742,742,0,0,0,0,0,0,48,0,0,0,2731,detection,
2731996,8,17,742,742,0,0,0,0,0,0,88,0,0,0,2731,detection,
2734202,11,13,-1,-1,0,0,0,0,0,0,44,0,0,0,2734,detection,
2734344,19,5,768,768,0,0,0,0,0,0,59,0,0,0,2734,detection,
2735748,1,7,1296,1296,0,0,0,0,0,0,26,0,0,0,2735,detection,
2735906,25,8,1024,1024,0,0,0,0,0,0,83,0,0,0,2735,detection,
2738103,24,13,-1,-1,0,0,0,0,0,0,56,0,0,0,2738,detection,
2738329,13,4,768,768,0,0,0,0,0,0,50,0,0,0,2738,detection,
2738341,7,4,768,768,0,0,0,0,0,0,57,0,0,0,2738,detection,
2740452,4,14,1024,1024,0,0,0,0,0,0,53,0,0,0,2740,detection,
2740455,11,14,1024,1024,0,0,0,0,0,0,47,0,0,0,2740,detection,
2740459,12,14,1024,1024,0,0,0,0,0,0,54,0,0,0,2740,detection,
2740464,19,14,1024,1024,0,0,0,0,0,0,59,0,0,0,2740,detection,
2740502,10,14,1024,1024,0,0,0,0,0,0,46,0,0,0,2740,detection,
2740507,20,14,1024,1024,0,0,0,0,0,0,67,0,0,0,2740,detection,
2740537,9,14,1024,1024,0,0,0,0,0,0,54,0,0,0,2740,detection,
2740575,5,14,1024,1024,0,0,0,0,0,0,77,0,0,0,2740,detection,
2742844,1,7,1368,1368,0,0,0,0,0,0,26,0,0,0,2742,detection,
2743031,25,8,1024,1024,0,0,0,0,0,0,87,0,0,0,2743,detection,
2743060,17,8,1024,1024,0,0,0,0,0,0,47,0,0,0,2743,detection,
2743062,6,8,1024,1024,0,0,0,0,0,0,55,0,0,0,2743,detection,
2743467,7,4,768,768,0,0,0,0,0,0,58,0,0,0,2743,detection,
2743811,2,10,1536,1536,0,0,0,0,0,0,61,0,0,0,2743,detection,
2744083,21,27,-512,1536,-2048,0,100,100,79,0,47,0,62,40,2744,detection,
2747374,10,14,1024,1024,0,0,0,0,0,0,45,0,0,0,2747,detection,
2747377,20,14,1024,1024,0,0,0,0,0,0,65,0,0,0,2747,detection,
2747408,9,14,1024,1024,0,0,0,0,0,0,53,0,0,0,2747,detection,
2747446,5,14,1024,1024,0,0,0,0,0,0,75,0,0,0,2747,detection,
2747450,11,14,1024,1024,0,0,0,0,0,0,47,0,0,0,2747,detection,
2747463,19,14,1024,1024,0,0,0,0,0,0,59,0,0,0,2747,detection,
2747485,24,14,1024,1024,0,0,0,0,0,0,54,0,0,0,2747,detection,
2751534,9,29,-512,1536,-2048,0,100,100,100,8,52,0,58,40,2751,detection,
2752000,1,7,1368,1368,0,0,0,0,0,0,26,0,0,0,2752,detection,
2755064,1,7,1280,1280,0,0,0,0,0,0,29,0,0,0,2755,detection,
2757578,21,27,-512,1536,-2048,0,100,100,0,0,47,0,62,40,2757,detection,
2759207,4,29,-512,1792,-2304,0,100,100,90,0,61,0,56,40,2759,detection,
2759236,24,29,-512,1792,-2304,0,100,100,100,0,56,0,58,40,2759,detection,
2759254,8,29,-512,1792,-2304,0,100,100,75,0,61,0,56,40,2759,detection,
2759330,11,13,-1,-1,0,0,0,0,0,0,44,0,0,0,2759,detection,
2759352,24,13,-1,-1,0,0,0,0,0,0,59,0,0,0,2759,detection,
2762381,8,29,-512,-1,-511,100,89,100,100,0,61,0,55,40,2762,detection,
2762455,13,29,-512,-1,-511,100,98,100,68,8,51,0,56,40,2762,detection,
2766940,1,7,1280,1280,0,0,0,0,0,0,34,0,0,0,2766,detection,
2771315,3,6,695,695,0,28,0,0,0,0,66,0,0,0,2771,detection,
2773450,4,8,1280,1280,0,0,0,0,0,0,48,0,0,0,2773,detection,
2774561,6,3,1207,1207,0,0,0,0,0,0,77,0,0,0,2774,detection,
2774600,24,3,1207,1207,0,0,0,0,0,0,57,0,0,0,2774,detection,
2775282,25,16,895,895,0,0,0,70,0,0,57,0,61,40,2775,detection,
2775293,15,16,895,895,0,0,0,0,0,0,42,0,0,0,2775,detection,
2775761,1,7,1207,1207,0,0,0,0,0,0,33,0,0,0,2775,detection,
2775821,5,24,-1,-1,0,0,0,0,0,0,60,0,0,0,2775,detection,
2778115,16,15,1407,1407,0,0,0,0,0,0,54,0,0,0,2778,detection,
2781922,1,7,768,768,0,0,0,0,0,0,36,0,0,0,2781,detection,
2782686,6,3,-1,-1,0,0,0,0,0,0,75,0,0,0,2782,detection,
2783163,15,16,895,895,0,0,0,0,0,0,42,0,0,0,2783,detection,
2783465,7,8,1280,1280,0,0,0,0,0,0,45,0,0,0,2783,detection,
2783533,25,8,1280,1280,0,0,0,0,0,0,88,0,0,0,2783,detection,
2783563,6,8,1280,1280,0,0,0,0,0,0,59,0,0,0,2783,detection,
2783572,4,8,1280,1280,0,0,0,0,0,0,44,0,0,0,2783,detection,
2785482,16,15,1151,1151,0,0,0,0,0,0,55,0,0,0,2785,detection,
2786199,4,8,1280,1280,0,0,0,0,0,0,44,0,0,0,2786,detection,
2787340,1,7,768,768,0,0,0,0,0,0,36,0,0,0,2787,detection,
2788573,5,24,1919,1919,0,0,0,0,0,0,60,0,0,0,2788,detection,
2790913,9,27,-512,1151,-1663,0,100,100,100,0,76,0,48,40,2790,detection,
2791883,20,17,1381,1381,0,0,0,0,0,0,73,0,0,0,2791,detection,
2792657,14,12,1663,1663,0,0,0,0,0,0,47,0,0,0,2792,detection,
2792692,17,12,1663,1663,0,0,0,0,0,0,95,0,0,0,2792,detection,
2792705,21,12,1663,1663,0,0,0,0,0,0,45,0,0,0,2792,detection,
2792708,13,12,1663,1663,0,0,0,0,0,0,59,0,0,0,2792,detection,
2792747,10,12,1663,1663,0,0,0,0,0,0,48,0,0,0,2792,detection,
2793220,1,7,768,768,0,0,0,0,0,0,35,0,0,0,2793,detection,
2793749,20,6,-1,-1,0,0,0,0,0,0,60,0,0,0,2793,detection,
2794717,19,3,976,976,0,0,0,0,0,0,72,0,0,0,2794,detection,
2794725,24,3,976,976,0,0,0,0,0,0,58,0,0,0,2794,detection,
2794754,20,3,976,976,0,0,0,0,0,0,58,0,0,0,2794,detection,
2796204,13,2,1893,1893,0,0,0,0,0,0,100,0,0,0,2796,detection,
2796204,11,2,1893,1893,0,0,0,0,0,0,47,0,0,0,2796,detection,
2797467,19,14,2000,2000,0,0,0,0,0,0,55,0,0,0,2797,detection,
2797751,8,29,-512,1407,-1919,0,100,100,100,0,60,0,58,40,2797,detection,
2797830,4,29,-512,1407,-1919,0,100,100,44,0,63,0,48,40,2797,detection,
2797841,7,29,-512,1407,-1919,0,100,100,44,7,61,0,56,40,2797,detection,
2797857,22,29,-512,1407,-1919,0,100,100,100,10,41,0,68,55,2797,detection,
2799066,3,28,-512,768,-1280,0,100,100,100,0,56,0,58,40,2799,detection,
2799069,6,28,-512,768,-1280,0,100,100,100,0,60,0,58,40,2799,detection,
2799983,16,15,1151,1151,0,0,0,0,0,0,55,0,0,0,2799,detection,
2800195,1,7,512,512,0,0,0,0,0,0,36,0,0,0,2800,detection,
2800204,4,7,512,512,0,0,0,0,0,0,51,0,0,0,2800,detection,
2800251,8,7,512,512,0,0,0,0,0,0,58,0,0,0,2800,detection,
2802201,11,2,-1,-1,0,0,0,0,0,0,92,0,0,0,2802,detection,
2804435,2,11,1744,1744,0,0,0,0,0,0,40,0,0,0,2804,detection,
2805702,11,2,2256,2256,0,0,0,0,0,0,92,0,0,0,2805,detection,
2805711,12,2,2256,2256,0,0,0,0,0,0,54,0,0,0,2805,detection,
2805996,8,7,512,512,0,0,0,0,0,0,59,0,0,0,2805,detection,
2806073,4,7,512,512,0,0,0,0,0,0,52,0,0,0,2806,detection,
2806231,16,15,-1,-1,0,0,0,0,0,0,55,0,0,0,2806,detection,
2808589,7,29,-512,-1,-511,100,91,100,100,7,59,0,56,40,2808,detection,
2809659,9,27,-512,1173,-1685,0,100,100,2,0,74,0,48,40,2809,detection,
2810074,11,2,2256,2256,0,0,0,0,0,0,90,0,0,0,2810,detection,
2810079,12,2,2256,2256,0,0,0,0,0,0,53,0,0,0,2810,detection,
2810126,10,2,2256,2256,0,0,0,0,0,0,84,0,0,0,2810,detection,
2810563,2,11,1488,1488,0,0,0,0,0,0,41,0,0,0,2810,detection,
2810566,17,11,1488,1488,0,0,0,0,0,0,68,0,0,0,2810,detection,
2810690,3,28,-512,768,-1280,0,100,100,0,0,55,0,58,40,2810,detection,
2812819,5,10,1663,1663,0,100,0,0,0,0,66,0,49,40,2812,detection,
2813075,4,7,512,512,0,0,0,0,0,0,52,0,0,0,2813,detection,
2815816,3,28,-512,1488,-2000,0,100,100,86,0,59,0,58,40,2815,detection,
2815910,14,28,-512,1488,-2000,0,100,100,32,0,62,0,54,40,2815,detection,
2816977,22,4,1024,1024,0,0,0,0,0,0,69,0,0,0,2816,detection,
2816985,16,4,1024,1024,0,0,0,0,0,0,52,0,0,0,2816,detection,
2817152,14,12,1488,1488,0,0,0,0,0,0,50,0,0,0,2817,detection,
2819780,25,16,1024,1024,0,0,0,70,0,0,56,0,61,40,2819,detection,
2819791,15,16,1024,1024,0,0,0,0,0,0,42,0,0,0,2819,detection,
2819966,7,29,-512,1024,-1536,0,100,100,100,7,61,0,56,40,2819,detection,
2819979,22,29,-512,1024,-1536,0,100,100,53,9,44,0,64,40,2819,detection,
2819998,10,2,-1,-1,0,0,0,0,0,0,82,0,0,0,2819,detection,
2819999,8,29,-512,1024,-1536,0,100,100,45,0,60,0,58,40,2819,detection,
2820078,11,2,-1,-1,0,0,0,0,0,0,91,0,0,0,2820,detection,
2820079,12,2,-1,-1,0,0,0,0,0,0,57,0,0,0,2820,detection,
2821816,17,12,1488,1488,0,0,0,0,0,0,88,0,0,0,2821,detection,
2822228,24,13,2000,2000,0,0,0,0,0,0,59,0,0,0,2822,detection,
2825359,16,15,1024,1024,0,0,0,0,0,0,58,0,0,0,2825,detection,
2827468,7,29,-512,768,-1280,0,100,100,29,0,62,0,54,40,2827,detection,
2827477,22,29,-512,768,-1280,0,100,100,36,9,42,0,66,55,2827,detection,
2827485,24,29,-512,768,-1280,0,100,100,100,0,62,0,54,40,2827,detection,
2829669,1,21,-1,-1,0,0,0,0,0,0,80,0,0,0,2829,detection,
2830550,1,31,-512,1893,-2405,0,100,100,100,0,48,0,60,40,2830,detection,
2831623,10,11,2111,2111,0,0,0,0,0,0,46,0,0,0,2831,detection,
2832359,1,7,569,569,0,0,0,0,0,0,36,0,0,0,2832,detection,
2835101,24,13,2000,2000,0,0,0,0,0,0,58,0,0,0,2835,detection,
2836106,1,7,569,569,0,0,0,0,0,0,36,0,0,0,2836,detection,
2836206,21,7,569,569,0,0,0,0,0,0,36,0,0,0,2836,detection,
2836281,14,28,-512,1488,-2000,0,100,100,0,0,61,0,56,40,2836,detection,
2836691,1,31,-512,-1,-511,100,99,100,100,0,50,0,56,40,2836,detection,
2837358,24,14,-1,-1,0,0,0,0,0,0,58,0,0,0,2837,detection,
2837375,8,14,-1,-1,0,0,0,0,0,0,48,0,0,0,2837,detection,
2837438,6,14,-1,-1,0,0,0,0,0,0,72,0,0,0,2837,detection,
2837443,3,14,-1,-1,0,0,0,0,0,0,55,0,0,0,2837,detection,
2837464,19,14,-1,-1,0,0,0,0,0,0,58,0,0,0,2837,detection,
2837832,13,29,-512,768,-1280,0,100,100,94,8,56,0,58,40,2837,detection,
2837836,12,29,-512,768,-1280,0,100,100,32,9,48,0,60,40,2837,detection,
2837906,14,29,-512,768,-1280,0,100,100,35,9,44,0,64,40,2837,detection,
2838630,20,4,-1,-1,0,0,0,0,0,0,89,0,0,0,2838,detection,
2842127,1,7,569,569,0,0,0,0,0,0,36,0,0,0,2842,detection,
2843372,10,11,2111,2111,0,0,0,0,0,0,47,0,0,0,2843,detection,
2843440,17,11,2111,2111,0,0,0,0,0,0,67,0,0,0,2843,detection,
2843732,16,15,1024,1024,0,0,0,0,0,0,58,0,0,0,2843,detection,
2846746,10,11,2279,2279,0,0,0,0,0,0,49,0,0,0,2846,detection,
2847688,17,12,1692,1692,0,0,0,0,0,0,83,0,0,0,2847,detection,
2847706,11,12,1692,1692,0,0,0,0,0,0,59,0,0,0,2847,detection,
2848336,1,7,569,569,0,0,0,0,0,0,32,0,0,0,2848,detection,
2850980,24,13,1081,1081,0,0,0,0,0,0,58,0,0,0,2850,detection,
2851862,1,31,-512,768,-1280,0,100,100,100,0,49,0,59,40,2851,detection,
2854185,2,11,2279,2279,0,0,0,0,0,0,51,0,0,0,2854,detection,
2854188,17,11,2279,2279,0,0,0,0,0,0,67,0,0,0,2854,detection,
2854439,6,28,-512,1488,-2000,0,100,100,85,0,60,0,58,40,2854,detection,
2854456,11,28,-512,1488,-2000,0,100,100,83,0,61,0,56,40,2854,detection,
2854877,1,7,548,548,0,0,0,0,0,0,32,0,0,0,2854,detection,
2854960,21,7,548,548,0,0,0,0,0,0,35,0,0,0,2854,detection,
2859309,6,14,1337,1337,0,0,0,0,0,0,75,0,0,0,2859,detection,
2859314,2,14,1337,1337,0,0,0,0,0,0,56,0,0,0,2859,detection,
2859331,13,14,1337,1337,0,0,0,0,0,0,78,0,0,0,2859,detection,
2859344,7,14,1337,1337,0,0,0,0,0,0,55,0,0,0,2859,detection,
2859372,10,11,2279,2279,0,0,0,0,0,0,49,0,0,0,2859,detection,
2859411,25,11,2279,2279,0,0,0,0,0,0,52,0,0,0,2859,detection,
2859437,17,11,2279,2279,0,0,0,0,0,0,62,0,0,0,2859,detection,
2859441,2,11,2279,2279,0,0,0,0,0,0,48,0,0,0,2859,detection,
2860820,1,7,540,540,0,0,0,0,0,0,32,0,0,0,2860,detection,
2862204,12,2,1849,1849,0,0,0,0,0,0,57,0,0,0,2862,detection,
2862207,13,2,1849,1849,0,0,0,0,0,0,97,0,0,0,2862,detection,
2862225,22,2,1849,1849,0,0,0,0,0,0,62,0,0,0,2862,detection,
2862233,16,2,1849,1849,0,0,0,0,0,0,53,0,0,0,2862,detection,
2862285,9,2,1849,1849,0,0,0,0,0,0,49,0,0,0,2862,detection,
2864121,10,11,2279,2279,0,0,0,0,0,0,48,0,0,0,2864,detection,
2864186,2,11,2279,2279,0,0,0,0,0,0,47,0,0,0,2864,detection,
2864189,17,11,2279,2279,0,0,0,0,0,0,61,0,0,0,2864,detection,
2865974,22,4,2361,2361,0,0,0,0,0,0,67,0,0,0,2865,detection,
2867605,1,7,540,540,0,0,0,0,0,0,32,0,0,0,2867,detection,
2867704,21,7,540,540,0,0,0,0,0,0,35,0,0,0,2867,detection,
2869372,10,11,-1,-1,0,0,0,0,0,0,51,0,0,0,2869,detection,
2869407,25,11,-1,-1,0,0,0,0,0,0,51,0,0,0,2869,detection,
2869415,15,11,-1,-1,0,0,0,0,0,0,61,0,0,0,2869,detection,
2869437,2,11,-1,-1,0,0,0,0,0,0,50,0,0,0,2869,detection,
2871604,24,13,821,821,0,0,0,0,0,0,59,0,0,0,2871,detection,
2872274,1,7,537,537,0,0,0,0,0,0,32,0,0,0,2872,detection,
2872327,21,7,537,537,0,0,0,0,0,0,30,0,0,0,2872,detection,
2873499,20,4,-1,-1,0,0,0,0,0,0,88,0,0,0,2873,detection,
2876190,2,14,1024,1024,0,0,0,0,0,0,55,0,0,0,2876,detection,
2876203,13,14,1024,1024,0,0,0,0,0,0,77,0,0,0,2876,detection,
2876233,16,14,1024,1024,0,0,0,0,0,0,71,0,0,0,2876,detection,
2876233,24,14,1024,1024,0,0,0,0,0,0,53,0,0,0,2876,detection,
2876704,13,2,-1,-1,0,0,0,0,0,0,88,0,0,0,2876,detection,
2876708,12,2,-1,-1,0,0,0,0,0,0,56,0,0,0,2876,detection,
2876725,22,2,-1,-1,0,0,0,0,0,0,57,0,0,0,2876,detection,
2876733,16,2,-1,-1,0,0,0,0,0,0,56,0,0,0,2876,detection,
2876776,14,2,-1,-1,0,0,0,0,0,0,55,0,0,0,2876,detection,
2876781,9,2,-1,-1,0,0,0,0,0,0,52,0,0,0,2876,detection,
2876784,25,2,-1,-1,0,0,0,0,0,0,55,0,0,0,2876,detection,
2876824,11,2,-1,-1,0,0,0,0,0,0,92,0,0,0,2876,detection,
2880953,13,14,1049,1049,0,0,0,0,0,0,75,0,0,0,2880,detection,
2880983,24,14,1049,1049,0,0,0,0,0,0,57,0,0,0,2880,detection,
2881541,15,13,861,861,0,0,0,0,0,0,59,0,0,0,2881,detection,
2881606,24,13,861,861,0,0,0,0,0,0,59,0,0,0,2881,detection,
2881660,9,2,-1,-1,0,0,0,0,0,0,56,0,0,0,2881,detection,
2881703,11,2,-1,-1,0,0,0,0,0,0,90,0,0,0,2881,detection,
2881704,13,2,-1,-1,0,0,0,0,0,0,86,0,0,0,2881,detection,
2884233,16,15,-1,-1,0,0,0,0,0,0,57,0,0,0,2884,detection,
2884330,1,7,529,529,0,0,0,0,0,0,32,0,0,0,2884,detection,
2884451,21,7,529,529,0,0,0,0,0,0,30,0,0,0,2884,detection,
2885541,15,13,861,861,0,0,0,0,0,0,58,0,0,0,2885,detection,
2887733,24,14,1373,1373,0,0,0,0,0,0,56,0,0,0,2887,detection,
2887814,2,14,1373,1373,0,0,0,0,0,0,55,0,0,0,2887,detection,
2889814,3,24,1373,1373,0,0,0,0,0,0,56,0,0,0,2889,detection,
2890980,24,3,1885,1885,0,0,0,0,0,0,53,0,0,0,2890,detection,
2892956,11,22,-1,-1,0,0,0,0,0,0,41,0,0,0,2892,detection,
2892979,24,22,-1,-1,0,0,0,0,0,0,52,0,0,0,2892,detection,
2892987,16,22,-1,-1,0,0,0,0,0,0,53,0,0,0,2892,detection,
2894036,9,27,-512,1885,-2397,0,100,100,73,0,76,0,48,40,2894,detection,
2895878,1,7,525,525,0,0,0,0,0,0,32,0,0,0,2895,detection,
2905317,3,28,-512,1859,-2371,0,100,100,44,0,58,0,58,40,2905,detection,
2905321,5,28,-512,1859,-2371,0,100,100,8,0,57,0,58,40,2905,detection,
2905329,11,28,-512,1859,-2371,0,100,100,43,0,60,0,58,40,2905,detection,
2905338,13,28,-512,1859,-2371,0,100,100,70,0,49,0,59,40,2905,detection,
2905703,1,7,525,525,0,0,0,0,0,0,32,0,0,0,2905,detection,
2905827,21,7,525,525,0,0,0,0,0,0,30,0,0,0,2905,detection,
2908398,1,7,-1,-1,0,0,0,0,0,0,33,0,0,0,2908,detection,
2908451,21,7,-1,-1,0,0,0,0,0,0,36,0,0,0,2908,detection,
2908497,10,7,-1,-1,0,0,0,0,0,0,58,0,0,0,2908,detection,
2908686,17,21,1037,1037,0,0,0,0,0,0,54,0,0,0,2908,detection,
2909950,5,28,-512,1859,-2371,0,100,100,0,0,53,0,58,40,2909,detection,
2909953,11,28,-512,1859,-2371,0,100,100,0,0,60,0,58,40,2909,detection,
2910469,7,10,1549,1549,0,0,0,0,0,0,48,0,0,0,2910,detection,
2910575,4,10,1549,1549,0,0,0,0,0,0,58,0,0,0,2910,detection,
2911038,15,11,1859,1859,0,0,0,0,0,0,60,0,0,0,2911,detection,
2917163,25,30,-512,1549,-2061,0,100,100,100,0,53,0,58,40,2917,detection,
2917238,16,22,1293,1293,0,0,0,0,0,0,57,0,0,0,2917,detection,
2918436,6,3,1549,1549,0,0,0,0,0,0,73,0,0,0,2918,detection,
2919466,19,22,1293,1293,0,0,0,0,0,0,96,0,0,0,2919,detection,
2926733,16,4,1593,1593,0,0,0,0,0,0,55,0,0,0,2926,detection,
2932035,9,21,1593,1593,0,0,0,0,0,0,58,0,0,0,2932,detection,
2932059,17,21,1593,1593,0,0,0,0,0,0,58,0,0,0,2932,detection,
2932467,19,14,-1,-256,255,0,45,70,30,0,59,0,64,40,2932,detection,
2932479,22,14,-1,-256,255,0,46,70,30,0,58,0,64,40,2932,detection,
2935967,7,17,1620,1620,0,72,0,0,0,0,56,0,57,40,2935,detection,
2936582,4,14,1593,1593,0,0,0,0,0,0,57,0,0,0,2936,detection,
2936607,16,14,1593,1593,0,0,0,0,0,0,74,0,0,0,2936,detection,
2939811,6,3,2309,2309,0,0,0,0,0,0,66,0,0,0,2939,detection,
2944795,1,2,512,512,0,0,0,70,0,0,17,0,94,100,2944,detection,
2944843,19,3,2309,2309,0,0,0,0,0,0,69,0,0,0,2944,detection,
2945359,16,14,-1,-1,0,0,0,0,0,0,73,0,0,0,2945,detection,
2946316,3,28,-512,2040,-2552,0,100,100,21,0,58,0,58,40,2946,detection,
2951604,22,28,-512,-1,-511,100,98,100,95,0,51,0,56,40,2951,detection,
2952705,4,13,1849,1849,0,0,0,0,0,0,50,0,0,0,2952,detection,
2953092,1,2,537,537,0,0,0,70,0,0,16,0,94,100,2953,detection,
2954783,9,21,2985,2985,0,0,0,0,0,0,84,0,0,0,2954,detection,
2955824,4,13,2204,2204,0,0,0,0,0,0,51,0,0,0,2955,detection,
2957487,1,2,537,537,0,0,0,70,0,0,16,0,94,100,2957,detection,
2957529,25,2,537,537,0,0,0,0,0,0,59,0,0,0,2957,detection,
2964498,8,29,-512,1561,-2073,0,100,100,65,0,56,0,58,40,2964,detection,
2966286,1,2,531,531,0,0,0,70,0,0,15,0,94,100,2966,detection,
2966374,10,2,531,531,0,0,0,0,0,0,85,0,0,0,2966,detection,
2966404,25,2,531,531,0,0,0,0,0,0,59,0,0,0,2966,detection,
2966628,20,3,-1,-1,0,0,0,0,0,0,58,0,0,0,2966,detection,
2966945,5,13,3344,3344,0,0,0,0,0,0,49,0,0,0,2966,detection,
2968751,8,29,-512,1817,-2329,0,100,100,31,0,55,0,58,40,2968,detection,
2968836,12,29,-512,1817,-2329,0,100,100,100,0,54,0,58,40,2968,detection,
2975126,8,29,-512,-1,-511,100,91,100,100,0,59,0,56,40,2975,detection,
2975207,12,29,-512,-1,-511,100,93,100,100,0,57,0,56,40,2975,detection,
2977049,1,2,525,525,0,0,0,70,0,0,15,0,94,100,2977,detection,
2977121,10,2,525,525,0,0,0,0,0,0,87,0,0,0,2977,detection,
2977156,25,2,525,525,0,0,0,0,0,0,60,0,0,0,2977,detection,
2977822,5,13,3344,3344,0,0,0,0,0,0,50,0,0,0,2977,detection,
2977826,4,13,3344,3344,0,0,0,0,0,0,52,0,0,0,2977,detection,
2979088,7,10,1037,1037,0,0,0,0,0,0,52,0,0,0,2979,detection,
2982560,6,3,1024,1024,0,0,0,0,0,0,69,0,0,0,2982,detection,
2982604,24,3,1024,1024,0,0,0,0,0,0,57,0,0,0,2982,detection,
2982628,20,3,1024,1024,0,0,0,0,0,0,57,0,0,0,2982,detection,
2982795,15,13,1612,1612,0,0,0,0,0,0,58,0,0,0,2982,detection,
2982828,4,13,1612,1612,0,0,0,0,0,0,55,0,0,0,2982,detection,
2982832,11,13,1612,1612,0,0,0,0,0,0,47,0,0,0,2982,detection,
2983040,15,25,512,512,0,0,0,0,0,0,39,0,0,0,2983,detection,
2983708,12,29,-512,1024,-1536,0,100,100,100,0,60,0,58,40,2983,detection,
2983734,24,29,-512,1024,-1536,0,100,100,30,0,61,0,56,40,2983,detection,
2990458,12,29,-512,1024,-1536,0,100,100,0,0,59,0,58,40,2990,detection,
2990490,24,29,-512,1024,-1536,0,100,100,0,0,60,0,58,40,2990,detection,
2991829,11,13,1586,1586,0,0,0,0,0,0,46,0,0,0,2991,detection,
2993828,11,13,1586,1586,0,0,0,0,0,0,46,0,0,0,2993,detection,
2995856,24,29,-512,1024,-1536,0,100,100,0,0,56,0,58,40,2995,detection,
2995873,8,29,-512,1024,-1536,0,100,100,100,0,59,0,58,40,2995,detection,
2995877,10,29,-512,1024,-1536,0,100,100,37,0,44,0,64,40,2995,detection,
2995942,2,29,-512,1024,-1536,0,100,100,58,0,61,0,56,40,2995,detection,
2996312,2,10,781,781,0,0,0,0,0,0,63,0,0,0,2996,detection,
2996312,3,10,781,781,0,0,0,0,0,0,58,0,0,0,2996,detection,
2996337,7,10,781,781,0,0,0,0,0,0,53,0,0,0,2996,detection,
2996349,22,10,781,781,0,0,0,0,0,0,52,0,0,0,2996,detection,
2996371,8,10,781,781,0,0,0,0,0,0,50,0,0,0,2996,detection,
2996970,7,17,1024,1024,0,0,0,0,0,0,59,0,0,0,2996,detection,
2997003,8,17,1024,1024,0,0,0,0,0,0,92,0,0,0,2997,detection,
2999561,6,3,1280,1280,0,0,0,0,0,0,67,0,0,0,2999,detection,
3001708,13,2,-1,-1,0,0,0,0,0,0,82,0,0,0,3001,detection,
3001750,8,2,-1,-1,0,0,0,0,0,0,40,0,0,0,3001,detection,
3001785,9,2,-1,-1,0,0,0,0,0,0,56,0,0,0,3001,detection,
3005252,20,6,1293,1293,0,0,0,0,0,0,59,0,0,0,3005,detection,
3005532,14,29,-512,1293,-1805,0,100,100,70,9,47,0,62,40,3005,detection,
3005540,9,29,-512,1293,-1805,0,100,100,30,0,55,0,58,40,3005,detection,
3005561,2,29,-512,1293,-1805,0,100,100,31,0,60,0,58,40,3005,detection,
3005583,12,29,-512,1293,-1805,0,100,100,32,0,59,0,58,40,3005,detection,
3005587,13,29,-512,1293,-1805,0,100,100,62,7,59,0,58,40,3005,detection,
3005592,7,29,-512,1293,-1805,0,100,100,60,0,64,0,48,40,3005,detection,
3005625,8,29,-512,1293,-1805,0,100,100,32,0,58,0,58,40,3005,detection,
3005626,10,29,-512,1293,-1805,0,100,100,37,0,43,0,66,55,3005,detection,
3007157,25,16,1868,1868,0,0,0,70,0,0,61,0,58,40,3007,detection,
3007168,15,16,1868,1868,0,0,0,0,0,0,46,0,0,0,3007,detection,
3007719,19,3,1280,1280,0,0,0,0,0,0,67,0,0,0,3007,detection,
3010568,2,29,-512,1536,-2048,0,100,100,28,0,61,0,56,40,3010,detection,
3010581,12,29,-512,1536,-2048,0,100,100,29,0,59,0,58,40,3010,detection,
3010581,13,29,-512,1536,-2048,0,100,100,28,0,60,0,58,40,3010,detection,
3010589,7,29,-512,1536,-2048,0,100,100,27,0,65,0,48,40,3010,detection,
3010624,10,29,-512,1536,-2048,0,100,100,32,0,48,0,60,40,3010,detection,
3010624,8,29,-512,1536,-2048,0,100,100,28,0,60,0,58,40,3010,detection,
3010653,14,29,-512,1536,-2048,0,100,100,31,0,52,0,58,40,3010,detection,
3010663,9,29,-512,1536,-2048,0,100,100,28,0,61,0,56,40,3010,detection,
3010691,3,5,1792,1792,0,0,0,0,0,0,44,0,0,0,3010,detection,
3010721,19,5,1792,1792,0,0,0,0,0,0,58,0,0,0,3010,detection,
3011628,20,6,1293,1293,0,0,0,0,0,0,59,0,0,0,3011,detection,
3011820,5,19,-1,-1,0,0,0,0,0,0,93,0,0,0,3011,detection,
3015946,5,19,-1,-1,0,0,0,0,0,0,89,0,0,0,3015,detection,
3017330,21,27,-512,1024,-1536,0,100,100,66,0,50,0,58,40,3017,detection,
3019561,17,7,1230,1230,0,0,0,0,0,0,47,0,0,0,3019,detection,
3020203,21,27,-512,1024,-1536,0,100,100,0,0,50,0,58,40,3020,detection,
3021378,20,6,1280,1280,0,0,0,0,0,0,54,0,0,0,3021,detection,
3025375,20,6,1742,1742,0,0,0,0,0,0,58,0,0,0,3025,detection,
3026872,10,7,1230,1230,0,0,0,0,0,0,55,0,0,0,3026,detection,
3026875,8,7,1230,1230,0,0,0,0,0,0,61,0,0,0,3026,detection,
3026935,17,7,1230,1230,0,0,0,0,0,0,48,0,0,0,3026,detection,
3028451,21,27,-512,1536,-2048,0,100,100,67,0,49,0,59,40,3028,detection,
3028875,20,6,1792,1792,0,0,0,0,0,0,57,0,0,0,3028,detection,
3034530,25,16,-1,-1,0,0,0,70,0,0,60,0,61,40,3034,detection,
3034541,15,16,-1,-1,0,0,0,0,0,0,50,0,0,0,3034,detection,
3037326,5,24,1135,1135,0,0,0,0,0,0,57,0,0,0,3037,detection,
3037754,20,6,1647,1647,0,0,0,0,0,0,57,0,0,0,3037,detection,
3041856,24,5,1647,1647,0,0,0,0,0,0,82,0,0,0,3041,detection,
3041919,15,5,1647,1647,0,0,0,0,0,0,54,0,0,0,3041,detection,
3041940,6,5,1647,1647,0,0,0,0,0,0,47,0,0,0,3041,detection,
3045570,5,19,1647,1647,0,0,0,0,0,0,86,0,0,0,3045,detection,
3045633,20,19,1647,1647,0,0,0,0,0,0,51,0,0,0,3045,detection,
3046169,15,30,-512,2159,-2671,0,100,100,100,0,50,0,58,40,3046,detection,
3047062,3,10,1792,1792,0,0,0,0,0,0,57,0,0,0,3047,detection,
3047080,12,10,1792,1792,0,0,0,0,0,0,56,0,0,0,3047,detection,
3047089,7,10,1792,1792,0,0,0,0,0,0,56,0,0,0,3047,detection,
3047104,22,10,1792,1792,0,0,0,0,0,0,56,0,0,0,3047,detection,
3048448,5,24,-1,-1,0,0,0,0,0,0,60,0,0,0,3048,detection,
3048572,5,19,1647,1647,0,0,0,0,0,0,83,0,0,0,3048,detection,
3048628,20,19,1647,1647,0,0,0,0,0,0,47,0,0,0,3048,detection,
3049812,3,10,-1,-256,255,0,46,70,30,0,58,0,64,40,3049,detection,
3049842,7,10,-1,-256,255,0,46,70,30,0,58,0,64,40,3049,detection,
3049851,22,10,-1,-256,255,0,46,70,31,0,57,0,64,40,3049,detection,
3049859,16,10,-1,-256,255,0,46,93,31,0,57,0,60,40,3049,detection,
3050627,8,2,1672,1672,0,0,0,0,0,0,44,0,0,0,3050,detection,
3053497,10,7,2159,2159,0,0,0,0,0,0,58,0,0,0,3053,detection,
3053561,17,7,2159,2159,0,0,0,0,0,0,50,0,0,0,3053,detection,
3053579,21,7,2159,2159,0,0,0,0,0,0,40,0,0,0,3053,detection,
3055601,7,10,1536,1536,0,0,0,70,30,0,59,0,64,40,3055,detection,
3055967,7,29,-512,1978,-2490,0,100,100,50,0,63,0,48,40,3055,detection,
3056001,10,29,-512,1978,-2490,0,100,100,57,0,51,0,58,40,3056,detection,
3056035,9,29,-512,1978,-2490,0,100,100,50,0,64,0,48,40,3056,detection,
3061192,6,8,1792,1792,0,0,0,0,0,0,54,0,0,0,3061,detection,
3061200,4,8,1792,1792,0,0,0,0,0,0,48,0,0,0,3061,detection,
3063854,24,5,1722,1722,0,0,0,0,0,0,76,0,0,0,3063,detection,
3063935,6,5,1722,1722,0,0,0,0,0,0,51,0,0,0,3063,detection,
3063940,3,5,1722,1722,0,0,0,0,0,0,47,0,0,0,3063,detection,
3063956,13,5,1722,1722,0,0,0,0,0,0,42,0,0,0,3063,detection,
3064280,14,29,-512,1978,-2490,0,100,100,54,0,55,0,58,40,3064,detection,
3064285,9,29,-512,1978,-2490,0,100,100,0,0,62,0,54,40,3064,detection,
3064340,7,29,-512,1978,-2490,0,100,100,0,0,62,0,54,40,3064,detection,
3064357,22,29,-512,1978,-2490,0,100,100,100,9,45,0,63,40,3064,detection,
3064382,10,29,-512,1978,-2490,0,100,100,0,0,50,0,58,40,3064,detection,
3064467,7,10,-1,-1,0,0,0,70,0,0,58,0,61,40,3064,detection,
3064487,16,10,-1,-1,0,0,0,83,31,0,57,0,60,40,3064,detection,
3064700,4,3,2234,2234,0,0,0,0,0,0,55,0,0,0,3064,detection,
3064754,20,3,2234,2234,0,0,0,0,0,0,57,0,0,0,3064,detection,
3065439,6,20,698,698,0,0,0,0,0,0,59,0,0,0,3065,detection,
3066857,24,13,2159,2159,0,0,0,0,0,0,59,0,0,0,3066,detection,
3067717,7,29,-512,1978,-2490,0,100,100,0,0,61,0,56,40,3067,detection,
3067730,22,29,-512,1978,-2490,0,100,100,0,9,45,0,63,40,3067,detection,
3067781,14,29,-512,1978,-2490,0,100,100,0,0,54,0,58,40,3067,detection,
3067786,9,29,-512,1978,-2490,0,100,100,0,0,61,0,56,40,3067,detection,
3068446,5,24,1210,1210,0,0,0,0,0,0,59,0,0,0,3068,detection,
3068876,10,8,1210,1210,0,0,0,0,0,0,56,0,0,0,3068,detection,
3068936,6,8,1210,1210,0,0,0,0,0,0,58,0,0,0,3068,detection,
3068949,4,8,1210,1210,0,0,0,0,0,0,52,0,0,0,3068,detection,
3069881,20,6,-1,-1,0,0,0,0,0,0,60,0,0,0,3069,detection,
3071985,16,10,1722,1722,0,0,0,74,0,0,56,0,60,40,3071,detection,
3072062,3,10,1722,1722,0,0,0,70,31,0,54,0,64,40,3072,detection,
3072095,7,10,1722,1722,0,0,0,70,0,0,58,0,61,40,3072,detection,
3072202,5,13,1466,1466,0,0,0,0,0,0,55,0,0,0,3072,detection,
3072206,4,13,1466,1466,0,0,0,0,0,0,59,0,0,0,3072,detection,
3072227,24,13,1466,1466,0,0,0,0,0,0,56,0,0,0,3072,detection,
3075227,24,4,1722,1722,0,0,0,0,0,0,53,0,0,0,3075,detection,
3080358,24,13,1466,1466,0,0,0,0,0,0,56,0,0,0,3080,detection,
3080452,4,13,1466,1466,0,0,0,0,0,0,59,0,0,0,3080,detection,
3081715,7,29,-512,1978,-2490,0,100,100,0,0,56,0,58,40,3081,detection,
3081731,22,29,-512,1978,-2490,0,100,100,0,0,49,0,59,40,3081,detection,
3081753,10,29,-512,1978,-2490,0,100,100,0,0,54,0,58,40,3081,detection,
3081753,8,29,-512,1978,-2490,0,100,100,52,0,59,0,58,40,3081,detection,
3084748,10,7,2490,2490,0,0,0,0,0,0,59,0,0,0,3084,detection,
3085161,15,16,2976,2976,0,0,0,0,0,0,53,0,0,0,3085,detection,
3089833,4,29,-512,-1,-511,100,89,100,100,0,62,0,53,40,3089,detection,
3090229,24,13,-1,-1,0,0,0,0,0,0,59,0,0,0,3090,detection,
3092661,9,8,2159,2159,0,0,0,0,0,0,100,0,0,0,3092,detection,
3092687,17,8,2159,2159,0,0,0,0,0,0,51,0,0,0,3092,detection,
3095758,20,4,1466,1466,0,0,0,0,0,0,92,0,0,0,3095,detection,
3111062,3,5,768,768,0,0,0,0,0,0,50,0,0,0,3111,detection,
3112196,5,10,1280,1280,0,0,0,0,0,0,64,0,0,0,3112,detection,
3112200,4,10,1280,1280,0,0,0,0,0,0,58,0,0,0,3112,detection,
3112208,12,10,1280,1280,0,0,0,0,0,0,56,0,0,0,3112,detection,
3112218,7,10,1280,1280,0,0,0,70,0,0,53,0,61,40,3112,detection,
3112235,24,10,1280,1280,0,0,0,0,0,0,61,0,0,0,3112,detection,
3112235,16,10,1280,1280,0,0,0,70,0,0,56,0,61,40,3112,detection,
3112248,8,10,1280,1280,0,0,0,0,0,0,53,0,0,0,3112,detection,
3113841,7,17,-1,-1,0,0,0,0,0,0,58,0,0,0,3113,detection,
3113874,8,17,-1,-1,0,0,0,0,0,0,96,0,0,0,3113,detection,
3113879,20,17,-1,-1,0,0,0,0,0,0,73,0,0,0,3113,detection,
3114789,9,12,-1,-1,0,0,0,0,0,0,41,0,0,0,3114,detection,
3114828,11,12,-1,-1,0,0,0,0,0,0,59,0,0,0,3114,detection,
3116061,3,5,512,512,0,0,0,0,0,0,52,0,0,0,3116,detection,
3122416,9,27,-512,1024,-1536,0,100,100,90,0,74,0,48,40,3122,detection,
3122441,17,27,-512,1024,-1536,0,100,100,10,0,44,0,64,40,3122,detection,
3137315,3,6,2081,2081,0,0,0,0,0,0,72,0,0,0,3137,detection,
3138437,6,3,512,512,0,0,0,0,0,0,69,0,0,0,3138,detection,
3145310,6,3,512,512,0,0,0,0,0,0,71,0,0,0,3145,detection,
3150185,6,3,512,512,0,0,0,0,0,0,73,0,0,0,3150,detection,
3153685,6,3,512,512,0,0,0,0,0,0,73,0,0,0,3153,detection,
3159809,6,3,512,512,0,0,0,0,0,0,74,0,0,0,3159,detection,
3161314,6,28,-512,512,-1024,0,100,100,100,0,61,0,56,40,3161,detection,
3161314,3,28,-512,512,-1024,0,100,100,100,0,59,0,58,40,3161,detection,
3161331,12,28,-512,512,-1024,0,100,100,100,0,54,0,58,40,3161,detection,
3161356,22,28,-512,512,-1024,0,100,100,65,0,52,0,58,40,3161,detection,
3164183,6,3,512,512,0,0,0,0,0,0,70,0,0,0,3164,detection,
3169309,6,3,512,512,0,0,0,0,0,0,71,0,0,0,3169,detection,
3169344,19,3,512,512,0,0,0,0,0,0,65,0,0,0,3169,detection,
3170968,19,22,1024,1024,0,0,0,0,0,0,96,0,0,0,3170,detection,
3171061,2,7,1024,1024,0,0,0,0,0,0,69,0,0,0,3171,detection,
3171462,7,2,1536,1536,0,0,0,0,0,0,49,0,0,0,3171,detection,
3171526,14,2,1536,1536,0,0,0,0,0,0,58,0,0,0,3171,detection,
3173565,3,28,-512,512,-1024,0,100,100,0,0,61,0,56,40,3173,detection,
3173585,12,28,-512,512,-1024,0,100,100,0,0,55,0,58,40,3173,detection,
3173951,21,27,-512,1536,-2048,0,100,100,0,0,52,0,58,40,3173,detection,
3175436,2,14,-1,-1,0,0,0,0,0,0,55,0,0,0,3175,detection,
3175444,5,14,-1,-1,0,0,0,0,0,0,73,0,0,0,3175,detection,
3175529,25,14,-1,-1,0,0,0,0,0,0,71,0,0,0,3175,detection,
3176697,5,24,1536,1536,0,0,0,0,0,0,59,0,0,0,3176,detection,
3177059,2,7,1024,1024,0,0,0,0,0,0,66,0,0,0,3177,detection,
3177081,21,7,1024,1024,0,0,0,0,0,0,44,0,0,0,3177,detection,
3179478,22,29,-512,1536,-2048,0,100,100,56,0,52,0,58,40,3179,detection,
3179538,9,29,-512,1536,-2048,0,100,100,52,0,60,0,58,40,3179,detection,
3180195,5,24,-1,-1,0,0,0,0,0,0,59,0,0,0,3180,detection,
3181219,7,14,1280,1280,0,0,0,0,0,0,61,0,0,0,3181,detection,
3181232,24,14,1280,1280,0,0,0,0,0,0,58,0,0,0,3181,detection,
3181278,25,14,1280,1280,0,0,0,0,0,0,79,0,0,0,3181,detection,
3181408,25,30,-512,1792,-2304,0,100,100,29,0,56,0,58,40,3181,detection,
3182468,19,3,742,742,0,0,0,0,0,0,64,0,0,0,3182,detection,
3182506,20,3,742,742,0,0,0,0,0,0,57,0,0,0,3182,detection,
3182782,14,5,1280,1280,0,0,0,0,0,0,55,0,0,0,3182,detection,
3184288,15,11,1536,1536,0,0,0,0,0,0,59,0,0,0,3184,detection,
3184310,17,11,1536,1536,0,0,0,0,0,0,64,0,0,0,3184,detection,
3184357,16,11,1536,1536,0,0,0,0,0,0,44,0,0,0,3184,detection,
3185278,14,9,1024,1024,0,0,0,0,0,0,49,0,0,0,3185,detection,
3190059,2,14,1510,1510,0,0,0,0,0,0,55,0,0,0,3190,detection,
3190094,7,14,1510,1510,0,0,0,0,0,0,59,0,0,0,3190,detection,
3195400,14,2,1536,1536,0,0,0,0,0,0,58,0,0,0,3195,detection,
3195410,9,2,1536,1536,0,0,0,0,0,0,56,0,0,0,3195,detection,
3195465,7,2,1536,1536,0,0,0,0,0,0,52,0,0,0,3195,detection,
3197231,16,11,3584,3584,0,0,0,0,0,0,80,0,0,0,3197,detection,
3199648,14,9,-1,-1,0,0,0,0,0,0,52,0,0,0,3199,detection,
3200593,7,14,1792,1792,0,0,0,0,0,0,62,0,0,0,3200,detection,
3204581,11,12,1254,1254,0,0,0,0,0,0,58,0,0,0,3204,detection,
3204911,9,21,1356,1356,0,0,0,0,0,0,81,0,0,0,3204,detection,
3204940,17,21,1356,1356,0,0,0,0,0,0,58,0,0,0,3204,detection,
3206215,7,14,1792,1792,0,0,0,0,0,0,61,0,0,0,3206,detection,
3208455,21,17,-1,-1,0,0,0,0,0,0,56,0,0,0,3208,detection,
3211707,13,2,1794,1794,0,0,0,0,0,0,77,0,0,0,3211,detection,
3211737,16,2,1794,1794,0,0,0,0,0,0,60,0,0,0,3211,detection,
3214451,21,17,-1,-1,0,0,0,0,0,0,52,0,0,0,3214,detection,
3217939,3,28,-512,1254,-1766,0,100,100,87,0,60,0,58,40,3217,detection,
3217953,5,28,-512,1254,-1766,0,100,100,74,0,56,0,58,40,3217,detection,
3217961,12,28,-512,1254,-1766,0,100,100,90,0,57,0,58,40,3217,detection,
3217961,13,28,-512,1254,-1766,0,100,100,77,0,52,0,58,40,3217,detection,
3217982,22,28,-512,1254,-1766,0,100,100,92,0,55,0,58,40,3217,detection,
3218481,22,2,1794,1794,0,0,0,0,0,0,61,0,0,0,3218,detection,
3218481,16,2,1794,1794,0,0,0,0,0,0,59,0,0,0,3218,detection,
3220456,13,4,-1,-1,0,0,0,0,0,0,53,0,0,0,3220,detection,
3221921,15,30,-512,2304,-2816,0,100,100,18,0,53,0,58,40,3221,detection,
3226817,3,24,1868,1868,0,0,0,0,0,0,55,0,0,0,3226,detection,
3226823,5,24,1868,1868,0,0,0,0,0,0,58,0,0,0,3226,detection,
3227291,15,30,-512,2304,-2816,0,100,100,0,0,52,0,58,40,3227,detection,
3229089,7,14,-1,-1,0,0,0,0,0,0,92,0,0,0,3229,detection,
3229561,17,21,1356,1356,0,0,0,0,0,0,58,0,0,0,3229,detection,
3230852,24,3,1092,1092,0,0,0,0,0,0,57,50,68,55,3230,detection,
3230950,4,3,1092,1092,0,0,0,0,0,0,55,0,0,0,3230,detection,
3234700,11,2,1868,1868,0,0,0,0,0,0,87,0,0,0,3234,detection,
3242823,4,7,2973,2973,0,0,0,0,0,0,55,0,0,0,3242,detection,
3245167,15,30,-512,-1,-511,100,97,100,100,0,52,0,56,40,3245,detection,
3248699,5,24,1868,1868,0,0,0,0,0,0,58,0,0,0,3248,detection,
3249666,9,27,-512,3057,-3569,0,100,100,100,0,72,0,48,40,3249,detection,
3253325,4,7,3008,3008,0,0,0,0,0,0,55,0,0,0,3253,detection,
3259440,2,7,3008,3008,0,0,0,0,0,0,71,0,0,0,3259,detection,
3259453,21,7,3008,3008,0,0,0,0,0,0,47,0,0,0,3259,detection,
3263162,9,27,-512,3599,-4111,0,100,100,58,0,70,0,48,40,3263,detection,
3263936,2,7,3008,3008,0,0,0,0,0,0,71,0,0,0,3263,detection,
3263955,21,7,3008,3008,0,0,0,0,0,0,46,0,0,0,3263,detection,
3269935,2,7,3008,3008,0,0,0,0,0,0,72,0,0,0,3269,detection,
3269953,21,7,3008,3008,0,0,0,0,0,0,43,0,0,0,3269,detection,
3274061,2,7,3008,3008,0,0,0,0,0,0,72,0,0,0,3274,detection,
3274074,21,7,3008,3008,0,0,0,0,0,0,42,0,0,0,3274,detection,
3277919,15,30,-512,-1,-511,100,94,100,0,0,56,0,56,40,3277,detection,
3288685,17,7,3008,3008,0,0,0,0,0,0,49,0,0,0,3288,detection,
3288753,8,7,3008,3008,0,0,0,0,0,0,56,0,0,0,3288,detection,
3291039,15,30,-512,512,-1024,0,100,100,62,0,57,0,58,40,3291,detection,
3294309,17,7,3008,3008,0,0,0,0,0,0,45,0,0,0,3294,detection,
3294326,21,7,3008,3008,0,0,0,0,0,0,42,0,0,0,3294,detection,
3295415,15,30,-512,512,-1024,0,100,100,0,0,59,0,58,40,3295,detection,
3297749,8,7,3008,3008,0,0,0,0,0,0,56,0,0,0,3297,detection,
3297812,17,7,3008,3008,0,0,0,0,0,0,44,0,0,0,3297,detection,
3297826,21,7,3008,3008,0,0,0,0,0,0,41,0,0,0,3297,detection,
3315333,12,10,768,768,0,0,0,0,0,0,56,0,0,0,3315,detection,
3334915,15,13,768,768,0,0,0,0,0,0,55,0,0,0,3334,detection,
3337060,2,10,512,512,0,0,0,0,0,0,64,0,0,0,3337,detection,
3337081,12,10,512,512,0,0,0,0,0,0,57,0,0,0,3337,detection,
3339040,15,13,768,768,0,0,0,0,0,0,55,0,0,0,3339,detection,
3341195,5,12,768,768,0,0,0,0,0,0,47,0,0,0,3341,detection,
3341208,13,12,768,768,0,0,0,0,0,0,58,0,0,0,3341,detection,
3341247,10,12,768,768,0,0,0,0,0,0,52,0,0,0,3341,detection,
3341581,21,27,-512,2932,-3444,0,100,100,100,0,74,0,48,40,3341,detection,
3343252,20,19,1280,1280,0,0,0,0,0,0,50,0,0,0,3343,detection,
3343321,5,19,1280,1280,0,0,0,0,0,0,81,0,0,0,3343,detection,
3343829,4,7,1792,1792,0,0,0,0,0,0,54,0,0,0,3343,detection,
3343830,21,7,1792,1792,0,0,0,0,0,0,41,0,0,0,3343,detection,
3344189,6,14,1792,1792,0,0,0,0,0,0,70,0,0,0,3344,detection,
3344203,4,14,1792,1792,0,0,0,0,0,0,57,0,0,0,3344,detection,
3345470,7,29,-512,1792,-2304,0,100,100,22,0,59,0,58,40,3345,detection,
3349658,25,14,1792,1792,0,0,0,0,0,0,83,0,0,0,3349,detection,
3349691,3,14,1792,1792,0,0,0,0,0,0,55,0,0,0,3349,detection,
3349718,7,14,1792,1792,0,0,0,0,0,0,91,0,0,0,3349,detection,
3349731,22,14,1792,1792,0,0,0,70,29,0,61,0,69,55,3349,detection,
3349735,16,14,1792,1792,0,0,0,0,0,0,72,0,0,0,3349,detection,
3350072,5,12,512,512,0,0,0,0,0,0,48,0,0,0,3350,detection,
3351903,14,29,-512,1792,-2304,0,100,100,22,0,58,0,58,40,3351,detection,
3351938,2,29,-512,1792,-2304,0,100,100,30,0,60,0,58,40,3351,detection,
3351971,7,29,-512,1792,-2304,0,100,100,0,0,59,0,58,40,3351,detection,
3352905,25,16,2304,2304,0,0,0,70,0,0,59,0,61,40,3352,detection,
3356108,1,8,768,768,0,0,0,0,0,0,18,0,0,0,3356,detection,
3356628,20,19,1049,1049,0,0,0,0,0,0,51,0,0,0,3356,detection,
3357170,15,5,1205,1205,0,0,0,0,0,0,57,0,0,0,3357,detection,
3357223,19,5,1205,1205,0,0,0,0,0,0,58,0,0,0,3357,detection,
3357439,2,14,1792,1792,0,0,0,0,0,0,55,0,0,0,3357,detection,
3357440,3,14,1792,1792,0,0,0,0,0,0,52,0,0,0,3357,detection,
3357448,5,14,1792,1792,0,0,0,0,0,0,66,0,0,0,3357,detection,
3357466,19,14,1792,1792,0,0,0,70,30,0,59,0,64,40,3357,detection,
3357469,7,14,1792,1792,0,0,0,0,0,0,90,0,0,0,3357,detection,
3357482,16,14,1792,1792,0,0,0,0,0,0,67,0,0,0,3357,detection,
3357504,10,14,1792,1792,0,0,0,0,0,0,49,0,0,0,3357,detection,
3357591,19,14,1792,1792,0,0,0,70,0,0,58,0,61,40,3357,detection,
3360367,1,31,-512,1024,-1536,0,100,100,34,0,47,0,62,40,3360,detection,
3364236,1,8,512,512,0,0,0,0,0,0,14,0,0,0,3364,detection,
3364250,10,8,512,512,0,0,0,0,0,0,58,0,0,0,3364,detection,
3364283,25,8,512,512,0,0,0,0,0,0,95,0,0,0,3364,detection,
3364288,9,8,512,512,0,0,0,0,0,0,100,0,0,0,3364,detection,
3364313,3,14,-1,-1,0,0,0,0,0,0,55,0,0,0,3364,detection,
3364378,10,14,-1,-1,0,0,0,0,0,0,52,0,0,0,3364,detection,
3365155,14,5,1161,1161,0,0,0,0,0,0,55,0,0,0,3365,detection,
3368377,10,12,949,949,0,0,0,0,0,0,47,0,0,0,3368,detection,
3368407,14,12,949,949,0,0,0,0,0,0,54,0,0,0,3368,detection,
3368441,2,12,949,949,0,0,0,0,0,0,48,0,0,0,3368,detection,
3368454,21,12,949,949,0,0,0,0,0,0,48,0,0,0,3368,detection,
3368980,1,31,-512,1182,-1694,0,100,100,21,0,46,0,63,40,3368,detection,
3369334,13,5,1161,1161,0,0,0,0,0,0,45,0,0,0,3369,detection,
3369338,19,5,1161,1161,0,0,0,0,0,0,58,0,0,0,3369,detection,
3369410,14,5,1161,1161,0,0,0,0,0,0,56,0,0,0,3369,detection,
3369457,12,2,1024,1024,0,0,0,0,0,0,56,0,0,0,3369,detection,
3369500,10,2,1024,1024,0,0,0,0,0,0,80,0,0,0,3369,detection,
3369526,14,2,1024,1024,0,0,0,0,0,0,57,0,0,0,3369,detection,
3369588,1,8,-1,-1,0,0,0,0,0,0,19,0,0,0,3369,detection,
3371255,20,19,-1,-1,0,0,0,0,0,0,54,0,0,0,3371,detection,
3373582,12,2,1024,1024,0,0,0,0,0,0,52,0,0,0,3373,detection,
3373591,7,2,1024,1024,0,0,0,0,0,0,56,0,0,0,3373,detection,
3374449,5,10,1536,1536,0,0,0,0,0,0,65,0,0,0,3374,detection,
3374457,12,10,1536,1536,0,0,0,0,0,0,57,0,0,0,3374,detection,
3374565,6,28,-512,-1,-511,100,90,100,60,0,60,0,56,40,3374,detection,
3374727,1,31,-512,1182,-1694,0,100,100,0,0,45,0,63,40,3374,detection,
3377320,5,19,1461,1461,0,0,0,0,0,0,78,0,0,0,3377,detection,
3378208,12,2,1024,1024,0,0,0,0,0,0,52,0,0,0,3378,detection,
3378212,7,2,1024,1024,0,0,0,0,0,0,55,0,0,0,3378,detection,
3378573,5,10,1536,1536,0,0,0,0,0,0,65,0,0,0,3378,detection,
3379227,24,5,1024,1024,0,0,0,0,0,0,77,0,0,0,3379,detection,
3379594,1,31,-512,1541,-2053,0,100,100,47,0,48,0,60,40,3379,detection,
3382374,10,8,512,512,0,0,0,0,0,0,59,0,0,0,3382,detection,
3383279,25,11,1024,1024,0,0,0,0,0,0,54,0,0,0,3383,detection,
3385063,2,29,-512,768,-1280,0,100,100,100,0,60,0,58,40,3385,detection,
3385375,8,10,1536,1536,0,0,0,0,0,0,62,0,0,0,3385,detection,
3385842,19,5,1024,1024,0,0,0,0,0,0,57,0,0,0,3385,detection,
3385852,24,5,1024,1024,0,0,0,0,0,0,75,0,0,0,3385,detection,
3386487,16,2,1461,1461,0,0,0,0,0,0,59,0,0,0,3386,detection,
3392084,12,8,512,512,0,0,0,0,0,0,37,0,0,0,3392,detection,
3394162,9,29,-512,768,-1280,0,100,100,92,0,58,0,58,40,3394,detection,
3394210,12,29,-512,768,-1280,0,100,100,94,0,56,0,58,40,3394,detection,
3394231,24,29,-512,768,-1280,0,100,100,30,0,61,0,56,40,3394,detection,
3394250,8,29,-512,768,-1280,0,100,100,100,0,61,0,56,40,3394,detection,
3394925,1,31,-512,768,-1280,0,100,100,100,0,46,0,63,40,3394,detection,
3396857,22,2,1461,1461,0,0,0,0,0,0,60,0,0,0,3396,detection,
3397443,3,10,1484,1484,0,0,0,70,0,0,57,0,61,40,3397,detection,
3397459,12,10,1484,1484,0,0,0,0,0,0,58,0,0,0,3397,detection,
3397482,24,10,1484,1484,0,0,0,0,0,0,61,0,0,0,3397,detection,
3400537,9,21,768,768,0,0,0,0,0,0,87,0,0,0,3400,detection,
3402565,3,10,1280,1280,0,0,0,70,0,0,60,0,61,40,3402,detection,
3407066,3,24,768,768,0,0,0,0,0,0,59,0,0,0,3407,detection,
3407697,3,10,1280,1280,0,0,0,70,0,0,60,0,61,40,3407,detection,
3407709,12,10,1280,1280,0,0,0,0,0,0,61,0,0,0,3407,detection,
3408245,8,12,-1,-1,0,0,0,0,0,0,32,0,0,0,3408,detection,
3408249,10,12,-1,-1,0,0,0,0,0,0,51,0,0,0,3408,detection,
3408566,3,28,-512,-1,-511,100,95,100,100,0,55,0,56,40,3408,detection,
3409200,21,9,1280,1280,0,0,0,0,0,0,57,0,0,0,3409,detection,
3410326,13,14,1049,1049,0,0,0,0,0,0,73,0,0,0,3410,detection,
3411689,3,24,768,768,0,0,0,0,0,0,59,0,0,0,3411,detection,
3415488,16,11,-1,-256,255,0,36,70,24,0,87,0,47,40,3415,detection,
3415531,25,11,-1,-256,255,0,45,70,30,0,59,0,64,40,3415,detection,
3416090,19,6,1280,1280,0,0,0,0,0,0,62,0,0,0,3416,detection,
3416326,21,9,1280,1280,0,0,0,0,0,0,57,0,0,0,3416,detection,
3417414,1,21,1024,1024,0,0,0,0,0,0,78,0,0,0,3417,detection,
3418437,3,24,816,816,0,0,0,0,0,0,59,0,0,0,3418,detection,
3420325,21,9,1280,1280,0,0,0,0,0,0,57,0,0,0,3420,detection,
3422281,14,5,1371,1371,0,0,0,0,0,0,53,0,0,0,3422,detection,
3424484,16,15,-1,-1,0,0,0,0,0,0,57,0,0,0,3424,detection,
3425742,1,21,870,870,0,0,0,0,0,0,75,0,0,0,3425,detection,
3426622,8,10,-1,-1,0,0,0,0,0,0,61,0,0,0,3426,detection,
3430653,14,5,1541,1541,0,0,0,0,0,0,55,0,0,0,3430,detection,
3432541,1,21,870,870,0,0,0,0,0,0,75,0,0,0,3432,detection,
3433906,25,11,2385,2385,0,0,0,70,29,0,62,0,69,55,3433,detection,
3433918,15,11,2385,2385,0,0,0,0,0,0,60,0,0,0,3433,detection,
3433939,17,11,2385,2385,0,0,0,0,0,0,63,0,0,0,3433,detection,
3433939,2,11,2385,2385,0,0,0,0,0,0,51,0,0,0,3433,detection,
3436528,14,5,1541,1541,0,0,0,0,0,0,56,0,0,0,3436,detection,
3436563,3,5,1541,1541,0,0,0,0,0,0,57,0,0,0,3436,detection,
3436950,11,2,-1,-1,0,0,0,0,0,0,84,0,0,0,3436,detection,
3436963,7,2,-1,-1,0,0,0,0,0,0,55,0,0,0,3436,detection,
3436976,22,2,-1,-1,0,0,0,0,0,0,59,0,0,0,3436,detection,
3440252,10,8,1132,1132,0,0,0,0,0,0,59,0,0,0,3440,detection,
3440282,9,8,1132,1132,0,0,0,0,0,0,93,0,0,0,3440,detection,
3440312,2,8,1132,1132,0,0,0,0,0,0,38,0,0,0,3440,detection,
3443437,3,24,1024,1024,0,100,0,0,0,0,67,0,49,40,3443,detection,
3443451,5,24,1024,1024,0,100,0,0,0,0,64,0,49,40,3443,detection,
3446572,1,21,870,870,0,0,0,0,0,0,75,0,0,0,3446,detection,
3446939,6,3,1024,1024,0,0,0,0,0,0,71,0,0,0,3446,detection,
3449943,3,6,1536,1536,0,0,0,0,0,0,67,0,0,0,3449,detection,
3450316,17,27,-512,3461,-3973,0,100,100,100,0,72,0,48,40,3450,detection,
3450632,1,21,870,870,0,0,0,0,0,0,74,0,0,0,3450,detection,
3452564,6,14,512,512,0,0,0,0,0,0,76,0,0,0,3452,detection,
3452611,16,14,512,512,0,0,0,0,0,0,73,0,0,0,3452,detection,
3455313,3,6,1024,1024,0,0,0,0,0,0,70,0,0,0,3455,detection,
3459715,1,21,768,768,0,0,0,0,0,0,80,0,0,0,3459,detection,
3460936,6,14,512,512,0,0,0,0,0,0,78,0,0,0,3460,detection,
3460941,3,14,512,512,0,0,0,0,0,0,56,0,0,0,3460,detection,
3461105,24,3,1126,1126,0,0,0,0,0,0,58,0,0,0,3461,detection,
3463188,3,24,1280,1280,0,0,0,0,0,0,66,0,0,0,3463,detection,
3463193,5,24,1280,1280,0,0,0,0,0,0,61,0,0,0,3463,detection,
3463977,22,12,1792,1792,0,0,0,0,0,0,52,0,0,0,3463,detection,
3464225,19,5,1536,1536,0,0,0,0,0,0,57,0,0,0,3464,detection,
3464229,24,5,1536,1536,0,0,0,0,0,0,73,0,0,0,3464,detection,
3465970,7,8,1792,1792,0,0,0,0,0,0,49,0,0,0,3465,detection,
3466187,17,27,-512,1792,-2304,0,100,100,100,0,75,0,48,40,3466,detection,
3467122,10,7,1792,1792,0,0,0,0,0,0,58,0,0,0,3467,detection,
3467126,8,7,1792,1792,0,0,0,0,0,0,59,0,0,0,3467,detection,
3467446,5,19,1792,1792,0,0,0,0,0,0,72,0,0,0,3467,detection,
3470686,17,27,-512,1792,-2304,0,100,100,0,0,70,0,48,40,3470,detection,
3472919,15,5,1280,1280,0,0,0,0,0,0,62,0,0,0,3472,detection,
3472979,22,5,1280,1280,0,0,0,0,0,0,57,0,0,0,3472,detection,
3473249,8,7,1792,1792,0,0,0,0,0,0,58,0,0,0,3473,detection,
3474828,5,24,-1,-1,0,0,0,0,0,0,64,0,0,0,3474,detection,
3475293,1,21,810,810,0,0,0,0,0,0,80,0,0,0,3475,detection,
3477856,16,2,1066,1066,0,0,0,0,0,0,60,0,0,0,3477,detection,
3477902,14,2,1066,1066,0,0,0,0,0,0,58,0,0,0,3477,detection,
3478033,9,8,1792,1792,0,0,0,0,0,0,92,0,0,0,3478,detection,
3478084,12,8,1792,1792,0,0,0,0,0,0,37,0,0,0,3478,detection,
3478093,7,8,1792,1792,0,0,0,0,0,0,52,0,0,0,3478,detection,
3478544,15,5,1280,1280,0,0,0,0,0,0,64,0,0,0,3478,detection,
3478600,22,5,1280,1280,0,0,0,0,0,0,58,0,0,0,3478,detection,
3479130,20,22,1536,1536,0,0,0,0,0,0,44,0,0,0,3479,detection,
3480830,11,12,1536,1536,0,0,0,0,0,0,56,0,0,0,3480,detection,
3481411,14,29,-512,1280,-1792,0,100,100,62,0,57,0,58,40,3481,detection,
3482002,8,7,1792,1792,0,0,0,0,0,0,58,0,0,0,3482,detection,
3482282,9,8,1792,1792,0,0,0,0,0,0,89,0,0,0,3482,detection,
3482286,25,8,1792,1792,0,0,0,0,0,0,95,0,0,0,3482,detection,
3482325,4,8,1792,1792,0,0,0,0,0,0,55,0,0,0,3482,detection,
3482329,12,8,1792,1792,0,0,0,0,0,0,36,0,0,0,3482,detection,
3482338,7,8,1792,1792,0,0,0,0,0,0,52,0,0,0,3482,detection,
3482377,10,8,1792,1792,0,0,0,0,0,0,58,0,0,0,3482,detection,
3482947,4,10,1536,1536,0,0,0,0,0,0,59,0,0,0,3482,detection,
3482969,7,10,1536,1536,0,0,0,70,0,0,58,0,61,40,3482,detection,
3482982,22,10,1536,1536,0,0,0,70,30,0,58,0,64,40,3482,detection,
3483129,20,22,1536,1536,0,0,0,0,0,0,44,0,0,0,3483,detection,
3483217,19,22,1536,1536,0,0,0,0,0,0,98,0,0,0,3483,detection,
3484229,22,5,1280,1280,0,0,0,0,0,0,55,0,0,0,3484,detection,
3484232,24,5,1280,1280,0,0,0,0,0,0,75,0,0,0,3484,detection,
3484292,15,5,1280,1280,0,0,0,0,0,0,64,0,0,0,3484,detection,
3485150,14,2,1076,1076,0,0,0,0,0,0,59,0,0,0,3485,detection,
3485907,14,29,-512,1435,-1947,0,100,100,18,0,57,0,58,40,3485,detection,
3488855,22,12,1536,1536,0,0,0,0,0,0,55,0,0,0,3488,detection,
3488877,8,12,1536,1536,0,0,0,0,0,0,37,0,0,0,3488,detection,
3490774,14,2,1127,1127,0,0,0,0,0,0,59,0,0,0,3490,detection,
3491079,4,7,1766,1766,0,0,0,0,0,0,54,0,0,0,3491,detection,
3492794,15,22,1536,1536,0,0,0,0,0,0,50,0,0,0,3492,detection,
3492820,5,22,1536,1536,0,0,0,0,0,0,47,0,0,0,3492,detection,
3492879,20,22,1536,1536,0,0,0,0,0,0,44,0,0,0,3492,detection,
3495870,10,7,1766,1766,0,0,0,0,0,0,58,0,0,0,3495,detection,
3497209,13,28,-512,-1,-511,100,97,100,100,0,52,0,56,40,3497,detection,
3499948,5,22,1536,1536,0,0,0,0,0,0,47,0,0,0,3499,detection,
3500447,5,12,1812,1812,0,0,0,0,0,0,51,0,0,0,3500,detection,
3500452,11,12,1812,1812,0,0,0,0,0,0,55,0,0,0,3500,detection,
3500620,10,7,1766,1766,0,0,0,0,0,0,58,0,0,0,3500,detection,
3503914,15,25,2278,2278,0,0,0,0,0,0,43,0,0,0,3503,detection,
3504232,16,2,1127,1127,0,0,0,0,0,0,61,0,0,0,3504,detection,
3505530,25,8,1766,1766,0,0,0,0,0,0,92,0,0,0,3505,detection,
3505578,21,8,1766,1766,0,0,0,0,0,0,77,0,0,0,3505,detection,
3505594,7,8,1766,1766,0,0,0,0,0,0,52,0,0,0,3505,detection,
3505906,14,29,-512,1588,-2100,0,100,100,19,0,53,0,58,40,3505,detection,
3506702,11,22,1536,1536,0,0,0,0,0,0,44,0,0,0,3506,detection,
3509373,10,7,-1,-1,0,0,0,0,0,0,57,0,0,0,3509,detection,
3512402,25,8,1766,1766,0,0,0,0,0,0,89,0,0,0,3512,detection,
3512406,9,8,1766,1766,0,0,0,0,0,0,86,0,0,0,3512,detection,
3512752,20,22,1536,1536,0,0,0,0,0,0,45,0,0,0,3512,detection,
3515108,24,14,-1,-1,0,0,0,0,0,0,66,0,0,0,3515,detection,
3516876,20,22,1587,1587,0,0,0,0,0,0,44,0,0,0,3516,detection,
3516945,5,22,1587,1587,0,0,0,0,0,0,44,0,0,0,3516,detection,
3516962,11,22,1587,1587,0,0,0,0,0,0,43,0,0,0,3516,detection,
3518691,17,21,1247,1247,0,0,0,0,0,0,59,0,0,0,3518,detection,
3519060,17,8,1766,1766,0,0,0,0,0,0,54,0,0,0,3519,detection,
3519063,2,8,1766,1766,0,0,0,0,0,0,42,0,0,0,3519,detection,
3519083,21,27,-512,1659,-2171,0,100,100,100,0,76,0,48,40,3519,detection,
3519089,4,8,1766,1766,0,0,0,0,0,0,55,0,0,0,3519,detection,
3520090,7,4,-1,-1,0,0,0,0,0,0,54,0,0,0,3520,detection,
3520692,6,28,-512,1526,-2038,0,100,100,100,0,60,0,58,40,3520,detection,
3523434,2,8,1766,1766,0,0,0,0,0,0,41,0,0,0,3523,detection,
3526315,6,28,-512,1526,-2038,0,100,100,0,0,59,0,58,40,3526,detection,
3526354,24,3,1536,1536,0,0,0,0,0,0,58,0,0,0,3526,detection,
3526376,10,28,-512,1526,-2038,0,100,100,43,0,53,0,58,40,3526,detection,
3526593,7,17,-1,-1,0,0,0,0,0,0,69,0,0,0,3526,detection,
3529155,14,8,1766,1766,0,0,0,0,0,0,94,0,0,0,3529,detection,
3529159,9,8,1766,1766,0,0,0,0,0,0,83,0,0,0,3529,detection,
3529187,2,8,1766,1766,0,0,0,0,0,0,37,0,0,0,3529,detection,
3529203,21,8,1766,1766,0,0,0,0,0,0,77,0,0,0,3529,detection,
3529317,17,9,1766,1766,0,0,0,0,0,0,62,0,0,0,3529,detection,
3529939,6,28,-512,1710,-2222,0,100,100,22,0,56,0,58,40,3529,detection,
3529998,10,28,-512,1710,-2222,0,100,100,22,0,55,0,58,40,3529,detection,
3532716,7,17,-1,-1,0,0,0,0,0,0,72,0,0,0,3532,detection,
3537001,10,28,-512,1876,-2388,0,100,100,20,0,56,0,58,40,3537,detection,
3537792,15,22,1581,1581,0,0,0,0,0,0,50,0,0,0,3537,detection,
3537827,11,22,1581,1581,0,0,0,0,0,0,43,0,0,0,3537,detection,
3538082,13,5,1759,1759,0,0,0,0,0,0,49,0,0,0,3538,detection,
3538704,4,14,-1,-1,0,0,0,0,0,0,59,0,0,0,3538,detection,
3538704,12,14,-1,-1,0,0,0,0,0,0,62,0,0,0,3538,detection,
3538708,11,14,-1,-1,0,0,0,0,0,0,59,0,0,0,3538,detection,
3538714,19,14,-1,-1,0,0,0,70,0,0,65,0,48,40,3538,detection,
3538730,22,14,-1,-1,0,0,0,70,0,0,67,0,48,40,3538,detection,
3538733,24,14,-1,-1,0,0,0,0,0,0,68,0,0,0,3538,detection,
3538752,8,14,-1,-1,0,0,0,0,0,0,56,0,0,0,3538,detection,
3538755,20,14,-1,-1,0,0,0,0,0,0,70,0,0,0,3538,detection,
3542320,1,31,-512,2248,-2760,0,100,100,100,0,49,0,59,40,3542,detection,
3542496,10,28,-512,2025,-2537,0,100,100,18,0,53,0,58,40,3542,detection,
3545778,14,9,1766,1766,0,0,0,0,0,0,53,0,0,0,3545,detection,
3546008,20,14,2093,2093,0,0,0,0,0,0,69,0,0,0,3546,detection,
3546032,9,14,2093,2093,0,0,0,0,0,0,57,0,0,0,3546,detection,
3546079,11,14,2093,2093,0,0,0,0,0,0,62,0,0,0,3546,detection,
3546079,12,14,2093,2093,0,0,0,0,0,0,61,0,0,0,3546,detection,
3547454,5,28,-512,2025,-2537,0,100,100,88,0,64,0,48,40,3547,detection,
3548163,15,22,1581,1581,0,0,0,0,0,0,49,0,0,0,3548,detection,
3549063,2,11,1663,1663,0,90,0,0,0,0,62,0,52,40,3549,detection,
3549079,21,11,1663,1663,0,90,0,0,0,0,70,0,49,40,3549,detection,
3549629,20,19,1792,1792,0,0,0,0,0,0,58,0,0,0,3549,detection,
3551694,3,20,2150,2150,0,0,0,70,0,0,65,0,48,40,3551,detection,
3555828,21,9,1766,1766,0,0,0,0,0,0,58,0,0,0,3555,detection,
3559562,6,28,-512,2025,-2537,0,100,100,37,0,59,0,58,40,3559,detection,
3562658,25,8,1973,1973,0,0,0,0,0,0,83,0,0,0,3562,detection,
3565894,1,31,-512,1973,-2485,0,100,100,33,0,56,0,58,40,3565,detection,
3567078,11,12,2354,2354,0,0,0,0,0,0,58,0,0,0,3567,detection,
3567479,1,8,1973,1973,0,0,0,0,0,0,25,0,0,0,3567,detection,
3568033,25,16,1092,1092,0,0,0,70,0,0,59,0,61,40,3568,detection,
3569581,11,22,-1,-1,0,0,0,0,0,0,46,0,0,0,3569,detection,
3570565,6,14,-1,-1,0,0,0,0,0,0,88,0,0,0,3570,detection,
3570566,3,14,-1,-1,0,0,0,0,0,0,86,0,0,0,3570,detection,
3570579,13,14,-1,-1,0,0,0,0,0,0,81,0,0,0,3570,detection,
3570591,7,14,-1,-1,0,0,0,0,0,0,83,0,0,0,3570,detection,
3570604,24,14,-1,-1,0,0,0,0,0,0,77,0,0,0,3570,detection,
3570612,16,14,-1,-1,0,0,0,0,0,0,83,0,0,0,3570,detection,
3571076,5,13,1561,1561,0,0,0,0,0,0,57,0,0,0,3571,detection,
3571827,5,24,2662,2662,0,0,0,0,0,0,62,0,0,0,3571,detection,
3574876,20,4,2048,2048,0,0,0,0,0,0,90,0,0,0,3574,detection,
3574964,12,4,2048,2048,0,0,0,0,0,0,52,0,0,0,3574,detection,
3576668,15,11,1958,1958,0,0,0,0,0,0,56,0,0,0,3576,detection,
3576686,2,11,1958,1958,0,0,0,0,0,0,62,0,0,0,3576,detection,
3576703,21,11,1958,1958,0,0,0,0,0,0,65,0,0,0,3576,detection,
3577203,4,12,2534,2534,0,0,0,0,0,0,43,0,0,0,3577,detection,
3577203,11,12,2534,2534,0,0,0,0,0,0,58,0,0,0,3577,detection,
3582205,12,4,2048,2048,0,0,0,0,0,0,52,0,0,0,3582,detection,
3585534,9,12,2534,2534,0,0,0,0,0,0,41,0,0,0,3585,detection,
3585577,4,12,2534,2534,0,0,0,0,0,0,43,0,0,0,3585,detection,
3585577,11,12,2534,2534,0,0,0,0,0,0,57,0,0,0,3585,detection,
3585582,21,12,2534,2534,0,0,0,0,0,0,52,0,0,0,3585,detection,
3590291,15,25,1024,1024,0,0,0,0,0,0,43,0,0,0,3590,detection,
3591061,2,29,-512,-1,-511,100,90,100,91,0,60,0,56,40,3591,detection,
3591077,4,29,-512,-1,-511,100,89,100,0,0,61,0,54,40,3591,detection,
3594255,20,3,4141,4141,0,0,0,0,0,0,97,0,0,0,3594,detection,
3596412,15,25,1024,1024,0,0,0,0,0,0,44,0,0,0,3596,detection,
3596691,17,7,1280,1280,0,0,0,0,0,0,49,0,0,0,3596,detection,
3597573,21,9,-1,-1,0,0,0,0,0,0,57,0,0,0,3597,detection,
3597655,14,9,-1,-1,0,0,0,0,0,0,56,0,0,0,3597,detection,
3598437,2,11,1536,1536,0,0,0,0,0,0,64,0,0,0,3598,detection,
3598450,21,11,1536,1536,0,0,0,0,0,0,68,0,0,0,3598,detection,
3599317,17,27,-512,742,-1254,0,100,100,100,0,73,0,48,40,3599,detection,
3599748,10,14,1792,1792,0,0,0,0,0,0,56,0,0,0,3599,detection,
3599812,3,14,1792,1792,0,0,0,0,0,0,83,0,0,0,3599,detection,
3599829,13,14,1792,1792,0,0,0,0,0,0,77,0,0,0,3599,detection,
3599997,1,8,768,768,0,0,0,0,0,0,27,0,0,0,3599,detection,
