sim_ms,mote_id,src,R,Rhat,e,v1,v2,v3,v4,v5,v6,v7,AC,ML,t,type,action
49921,1,7,768,768,0,0,0,0,0,0,0,0,0,0,49,detection,
49929,2,7,768,768,0,0,0,0,0,0,0,0,0,0,49,detection,
49947,4,7,768,768,0,0,0,0,0,0,0,0,0,0,49,detection,
49993,8,7,768,768,0,0,0,0,0,0,0,0,0,0,49,detection,
49994,10,7,768,768,0,0,0,0,0,0,0,0,0,0,49,detection,
51072,1,17,512,512,0,0,0,0,0,0,0,0,0,0,51,detection,
51120,8,17,512,512,0,0,0,0,0,0,0,0,0,0,51,detection,
51196,21,17,512,512,0,0,0,0,0,0,0,0,0,0,51,detection,
52493,10,8,1024,1024,0,0,0,0,0,0,0,0,0,0,52,detection,
52522,14,8,1024,1024,0,0,0,0,0,0,0,0,0,0,52,detection,
52526,25,8,1024,1024,0,0,0,0,0,0,0,0,0,0,52,detection,
52530,9,8,1024,1024,0,0,0,0,0,0,0,0,0,0,52,detection,
52556,2,8,1024,1024,0,0,0,0,0,0,0,0,0,0,52,detection,
52557,17,8,1024,1024,0,0,0,0,0,0,0,0,0,0,52,detection,
52574,4,8,1024,1024,0,0,0,0,0,0,0,0,0,0,52,detection,
52574,21,8,1024,1024,0,0,0,0,0,0,0,0,0,0,52,detection,
52577,12,8,1024,1024,0,0,0,0,0,0,0,0,0,0,52,detection,
52586,7,8,1024,1024,0,0,0,0,0,0,0,0,0,0,52,detection,
53471,22,2,1024,1024,0,0,0,0,0,0,0,0,0,0,53,detection,
53475,23,2,1024,1024,0,0,0,0,0,0,0,0,0,0,53,detection,
53480,16,2,1024,1024,0,0,0,0,0,0,0,0,0,0,53,detection,
53493,18,2,1024,1024,0,0,0,0,0,0,0,0,0,0,53,detection,
53494,10,2,1024,1024,0,0,0,0,0,0,0,0,0,0,53,detection,
53494,8,2,1024,1024,0,0,0,0,0,0,0,0,0,0,53,detection,
53523,14,2,1024,1024,0,0,0,0,0,0,0,0,0,0,53,detection,
53528,25,2,1024,1024,0,0,0,0,0,0,0,0,0,0,53,detection,
53531,9,2,1024,1024,0,0,0,0,0,0,0,0,0,0,53,detection,
53574,11,2,1024,1024,0,0,0,0,0,0,0,0,0,0,53,detection,
53574,13,2,1024,1024,0,0,0,0,0,0,0,0,0,0,53,detection,
53579,12,2,1024,1024,0,0,0,0,0,0,0,0,0,0,53,detection,
53586,7,2,1024,1024,0,0,0,0,0,0,0,0,0,0,53,detection,
53745,18,4,1024,1024,0,0,0,0,0,0,0,0,0,0,53,detection,
53807,3,4,1024,1024,0,0,0,0,0,0,0,0,0,0,53,detection,
53826,13,4,1024,1024,0,0,0,0,0,0,0,0,0,0,53,detection,
53834,7,4,1024,1024,0,0,0,0,0,0,0,0,0,0,53,detection,
53848,22,4,1024,1024,0,0,0,0,0,0,0,0,0,0,53,detection,
53851,24,4,1024,1024,0,0,0,0,0,0,0,0,0,0,53,detection,
53856,16,4,1024,1024,0,0,0,0,0,0,0,0,0,0,53,detection,
54182,2,10,1280,1280,0,0,0,0,0,0,0,0,0,0,54,detection,
54193,5,10,1280,1280,0,0,0,0,0,0,0,0,0,0,54,detection,
54199,4,10,1280,1280,0,0,0,0,0,0,0,0,0,0,54,detection,
54204,12,10,1280,1280,0,0,0,0,0,0,0,0,0,0,54,detection,
54214,7,10,1280,1280,0,0,0,0,0,0,0,0,0,0,54,detection,
54224,24,10,1280,1280,0,0,0,0,0,0,0,0,0,0,54,detection,
54225,22,10,1280,1280,0,0,0,0,0,0,0,0,0,0,54,detection,
54229,23,10,1280,1280,0,0,0,0,0,0,0,0,0,0,54,detection,
54229,16,10,1280,1280,0,0,0,0,0,0,0,0,0,0,54,detection,
54246,18,10,1280,1280,0,0,0,0,0,0,0,0,0,0,54,detection,
54247,8,10,1280,1280,0,0,0,0,0,0,0,0,0,0,54,detection,
54403,14,29,1024,1024,0,0,0,0,0,0,0,0,0,0,54,detection,
54407,9,29,1024,1024,0,0,0,0,0,0,0,0,0,0,54,detection,
54433,2,29,1024,1024,0,0,0,0,0,0,0,0,0,0,54,detection,
54449,13,29,1024,1024,0,0,0,0,0,0,0,0,0,0,54,detection,
54450,4,29,1024,1024,0,0,0,0,0,0,0,0,0,0,54,detection,
54455,12,29,1024,1024,0,0,0,0,0,0,0,0,0,0,54,detection,
54462,7,29,1024,1024,0,0,0,0,0,0,0,0,0,0,54,detection,
54475,24,29,1024,1024,0,0,0,0,0,0,0,0,0,0,54,detection,
54476,22,29,1024,1024,0,0,0,0,0,0,0,0,0,0,54,detection,
54497,10,29,1024,1024,0,0,0,0,0,0,0,0,0,0,54,detection,
54497,18,29,1024,1024,0,0,0,0,0,0,0,0,0,0,54,detection,
54498,8,29,1024,1024,0,0,0,0,0,0,0,0,0,0,54,detection,
54652,25,26,768,768,0,0,0,0,0,0,0,0,0,0,54,detection,
54657,9,26,768,768,0,0,0,0,0,0,0,0,0,0,54,detection,
54680,17,26,768,768,0,0,0,0,0,0,0,0,0,0,54,detection,
54684,2,26,768,768,0,0,0,0,0,0,0,0,0,0,54,detection,
54715,7,26,768,768,0,0,0,0,0,0,0,0,0,0,54,detection,
54749,8,26,768,768,0,0,0,0,0,0,0,0,0,0,54,detection,
56026,14,9,1280,1280,0,0,0,0,0,0,0,0,0,0,56,detection,
56307,6,3,1536,1536,0,0,0,0,0,0,0,0,0,0,56,detection,
56327,4,3,1536,1536,0,0,0,0,0,0,0,0,0,0,56,detection,
56353,24,3,1536,1536,0,0,0,0,0,0,0,0,0,0,56,detection,
56375,20,3,1536,1536,0,0,0,0,0,0,0,0,0,0,56,detection,
56435,2,12,1536,1536,0,0,0,0,0,0,0,0,0,0,56,detection,
56444,5,12,1536,1536,0,0,0,0,0,0,0,0,0,0,56,detection,
56451,4,12,1536,1536,0,0,0,0,0,0,0,0,0,0,56,detection,
56454,13,12,1536,1536,0,0,0,0,0,0,0,0,0,0,56,detection,
56476,22,12,1536,1536,0,0,0,0,0,0,0,0,0,0,56,detection,
56498,10,12,1536,1536,0,0,0,0,0,0,0,0,0,0,56,detection,
56498,18,12,1536,1536,0,0,0,0,0,0,0,0,0,0,56,detection,
56500,8,12,1536,1536,0,0,0,0,0,0,0,0,0,0,56,detection,
56527,14,12,1536,1536,0,0,0,0,0,0,0,0,0,0,56,detection,
56532,9,12,1536,1536,0,0,0,0,0,0,0,0,0,0,56,detection,
56654,25,14,1536,1536,0,0,0,0,0,0,0,0,0,0,56,detection,
56686,2,14,1536,1536,0,0,0,0,0,0,0,0,0,0,56,detection,
56696,5,14,1536,1536,0,0,0,0,0,0,0,0,0,0,56,detection,
56699,11,14,1536,1536,0,0,0,0,0,0,0,0,0,0,56,detection,
56701,13,14,1536,1536,0,0,0,0,0,0,0,0,0,0,56,detection,
56703,4,14,1536,1536,0,0,0,0,0,0,0,0,0,0,56,detection,
56706,12,14,1536,1536,0,0,0,0,0,0,0,0,0,0,56,detection,
56716,7,14,1536,1536,0,0,0,0,0,0,0,0,0,0,56,detection,
56727,24,14,1536,1536,0,0,0,0,0,0,0,0,0,0,56,detection,
56728,22,14,1536,1536,0,0,0,0,0,0,0,0,0,0,56,detection,
56730,16,14,1536,1536,0,0,0,0,0,0,0,0,0,0,56,detection,
56749,8,14,1536,1536,0,0,0,0,0,0,0,0,0,0,56,detection,
56749,10,14,1536,1536,0,0,0,0,0,0,0,0,0,0,56,detection,
56749,18,14,1536,1536,0,0,0,0,0,0,0,0,0,0,56,detection,
57334,19,18,1536,1536,0,0,0,0,0,0,0,0,0,0,57,detection,
57403,14,18,1536,1536,0,0,0,0,0,0,0,0,0,0,57,detection,
57536,15,23,1536,1536,0,0,0,0,0,0,0,0,0,0,57,detection,
57562,3,24,1536,1536,0,0,0,0,0,0,0,0,0,0,57,detection,
57625,18,30,1536,1536,0,0,0,0,0,0,0,0,0,0,57,detection,
57654,25,30,1536,1536,0,0,0,0,0,0,0,0,0,0,57,detection,
57661,15,30,1536,1536,0,0,0,0,0,0,0,0,0,0,57,detection,
57728,22,28,1536,1536,0,0,0,0,0,0,0,0,0,0,57,detection,
57728,23,28,1536,1536,0,0,0,0,0,0,0,0,0,0,57,detection,
57749,10,28,1536,1536,0,0,0,0,0,0,0,0,0,0,57,detection,
57750,18,28,1536,1536,0,0,0,0,0,0,0,0,0,0,57,detection,
57779,14,28,1536,1536,0,0,0,0,0,0,0,0,0,0,57,detection,
57820,5,28,1536,1536,0,0,0,0,0,0,0,0,0,0,57,detection,
57827,11,28,1536,1536,0,0,0,0,0,0,0,0,0,0,57,detection,
57830,12,28,1536,1536,0,0,0,0,0,0,0,0,0,0,57,detection,
57913,15,16,1536,1536,0,0,0,0,0,0,0,0,0,0,57,detection,
58280,14,5,1792,1792,0,0,0,0,0,0,0,0,0,0,58,detection,
58289,15,5,1792,1792,0,0,0,0,0,0,0,0,0,0,58,detection,
58328,11,5,1792,1792,0,0,0,0,0,0,0,0,0,0,58,detection,
58329,13,5,1792,1792,0,0,0,0,0,0,0,0,0,0,58,detection,
58357,22,5,1792,1792,0,0,0,0,0,0,0,0,0,0,58,detection,
58728,23,11,1280,1280,0,0,0,0,0,0,0,0,0,0,58,detection,
58733,16,11,1280,1280,0,0,0,0,0,0,0,0,0,0,58,detection,
58748,10,11,1280,1280,0,0,0,0,0,0,0,0,0,0,58,detection,
58781,25,11,1280,1280,0,0,0,0,0,0,0,0,0,0,58,detection,
58789,15,11,1280,1280,0,0,0,0,0,0,0,0,0,0,58,detection,
58810,2,11,1280,1280,0,0,0,0,0,0,0,0,0,0,58,detection,
58978,23,22,1536,1536,0,0,0,0,0,0,0,0,0,0,58,detection,
58979,24,22,1536,1536,0,0,0,0,0,0,0,0,0,0,58,detection,
58983,16,22,1536,1536,0,0,0,0,0,0,0,0,0,0,58,detection,
59039,15,22,1536,1536,0,0,0,0,0,0,0,0,0,0,59,detection,
59073,5,22,1536,1536,0,0,0,0,0,0,0,0,0,0,59,detection,
59076,11,22,1536,1536,0,0,0,0,0,0,0,0,0,0,59,detection,
59082,12,22,1536,1536,0,0,0,0,0,0,0,0,0,0,59,detection,
59087,19,22,1536,1536,0,0,0,0,0,0,0,0,0,0,59,detection,
59173,1,17,512,512,0,0,0,0,0,0,0,0,0,0,59,detection,
59195,21,17,512,512,0,0,0,0,0,0,1,0,0,0,59,detection,
59219,7,17,512,512,0,0,0,0,0,0,0,0,0,0,59,detection,
59514,1,7,512,512,0,0,0,0,0,0,4,0,0,0,59,detection,
59532,9,7,512,512,0,0,0,0,0,0,0,0,0,0,59,detection,
59560,17,7,512,512,0,0,0,0,0,0,0,0,0,0,59,detection,
59572,21,7,512,512,0,0,0,0,0,0,0,0,0,0,59,detection,
59621,8,7,512,512,0,0,0,0,0,0,6,0,0,0,59,detection,
59954,11,31,1280,1280,0,0,0,0,0,0,0,0,0,0,59,detection,
59957,13,31,1280,1280,0,0,0,0,0,0,0,0,0,0,59,detection,
59959,12,31,1280,1280,0,0,0,0,0,0,0,0,0,0,59,detection,
59978,24,31,1280,1280,0,0,0,0,0,0,0,0,0,0,59,detection,
59982,23,31,1280,1280,0,0,0,0,0,0,0,0,0,0,59,detection,
59982,16,31,1280,1280,0,0,0,0,0,0,0,0,0,0,59,detection,
60033,9,31,1280,1280,0,0,0,0,0,0,0,0,0,0,60,detection,
60309,17,21,768,768,0,0,0,0,0,0,0,0,0,0,60,detection,
60435,6,20,1792,1792,0,0,0,0,0,0,0,0,0,0,60,detection,
60577,4,13,1536,1536,0,0,0,0,0,0,0,0,0,0,60,detection,
60586,19,13,1536,1536,0,0,0,0,0,0,0,0,0,0,60,detection,
60606,23,13,1536,1536,0,0,0,0,0,0,0,0,0,0,60,detection,
60948,5,19,2048,2048,0,0,0,0,0,0,0,0,0,0,60,detection,
61123,8,29,1024,1024,0,0,0,0,0,0,0,0,0,0,61,detection,
61157,9,29,1024,1024,0,0,0,0,0,0,0,0,0,0,61,detection,
61214,7,29,1024,1024,0,0,0,0,0,0,0,0,0,0,61,detection,
61311,17,9,1024,1024,0,0,0,0,0,0,0,0,0,0,61,detection,
61437,17,2,1049,1049,0,0,0,0,0,0,0,0,0,0,61,detection,
61448,21,2,1049,1049,0,0,0,0,0,0,0,0,0,0,61,detection,
62067,1,8,768,768,0,0,0,0,0,0,0,0,0,0,62,detection,
62070,21,8,768,768,0,0,0,0,0,0,4,0,0,0,62,detection,
62122,18,10,1280,1280,0,0,0,0,0,0,1,0,0,0,62,detection,
62182,17,8,768,768,0,0,0,0,0,0,4,0,0,0,62,detection,
62194,5,10,1280,1280,0,0,0,0,0,0,1,0,0,0,62,detection,
62199,4,10,1280,1280,0,0,0,0,0,0,0,0,0,0,62,detection,
63213,19,22,1536,1536,0,0,0,0,0,0,3,0,0,0,63,detection,
63288,15,22,1536,1536,0,0,0,0,0,0,3,0,0,0,63,detection,
63309,17,27,1280,1280,0,0,0,0,0,0,0,0,0,0,63,detection,
63326,13,4,1024,1024,0,0,0,0,0,0,0,0,0,0,63,detection,
63326,21,27,1280,1280,0,0,0,0,0,0,0,0,0,0,63,detection,
63360,23,25,1024,1024,0,0,0,0,0,0,0,0,0,0,63,detection,
63464,19,28,1536,1536,0,0,0,0,0,0,0,0,0,0,63,detection,
63484,16,28,1536,1536,0,0,0,0,0,0,0,0,0,0,63,detection,
63497,8,26,768,768,0,0,0,0,0,0,0,0,0,0,63,detection,
63560,17,26,768,768,0,0,0,0,0,0,0,0,0,0,63,detection,
64123,10,14,1024,1024,0,0,0,0,0,0,5,0,0,0,64,detection,
64123,18,14,1024,1024,0,0,0,0,0,0,7,0,0,0,64,detection,
64160,9,14,1024,1024,0,0,0,0,0,0,0,0,0,0,64,detection,
64187,2,14,1024,1024,0,0,0,0,0,0,9,0,0,0,64,detection,
64195,5,14,1024,1024,0,0,0,0,0,0,3,0,0,0,64,detection,
64199,11,14,1024,1024,0,0,0,0,0,0,3,0,0,0,64,detection,
64200,4,14,1024,1024,0,0,0,0,0,0,3,0,0,0,64,detection,
64204,13,14,1024,1024,0,0,0,0,0,0,3,0,0,0,64,detection,
64204,12,14,1024,1024,0,0,0,0,0,0,3,0,0,0,64,detection,
64226,22,14,1024,1024,0,0,0,0,0,0,6,0,0,0,64,detection,
64229,24,14,1024,1024,0,0,0,0,0,0,3,0,0,0,64,detection,
64234,16,14,1024,1024,0,0,0,0,0,0,3,0,0,0,64,detection,
64576,13,12,1280,1280,0,0,0,0,0,0,4,0,0,0,64,detection,
64578,11,12,1280,1280,0,0,0,0,0,0,0,0,0,0,64,detection,
64624,10,12,1280,1280,0,0,0,0,0,0,6,0,0,0,64,detection,
64625,8,12,1280,1280,0,0,0,0,0,0,4,0,0,0,64,detection,
64654,14,12,1280,1280,0,0,0,0,0,0,7,0,0,0,64,detection,
64656,25,12,1280,1280,0,0,0,0,0,0,0,0,0,0,64,detection,
64658,9,12,1280,1280,0,0,0,0,0,0,4,0,0,0,64,detection,
64687,17,12,1280,1280,0,0,0,0,0,0,0,0,0,0,64,detection,
65604,24,31,1280,1280,0,0,0,0,0,0,0,0,0,0,65,detection,
65604,23,31,1280,1280,0,0,0,0,0,0,1,0,0,0,65,detection,
65608,16,31,1280,1280,0,0,0,0,0,0,0,0,0,0,65,detection,
65659,9,31,1280,1280,0,0,0,0,0,0,0,0,0,0,65,detection,
65905,25,16,1280,1280,0,0,0,0,0,0,0,0,0,0,65,detection,
65957,13,16,1280,1280,0,0,0,0,0,0,0,0,0,0,65,detection,
65957,11,16,1280,1280,0,0,0,0,0,0,0,0,0,0,65,detection,
66214,19,5,1536,1536,0,0,0,0,0,0,0,0,0,0,66,detection,
66227,22,5,1536,1536,0,0,0,0,0,0,7,0,0,0,66,detection,
66229,24,5,1536,1536,0,0,0,0,0,0,0,0,0,0,66,detection,
66412,15,23,1536,1536,0,0,0,0,0,0,6,0,0,0,66,detection,
66822,5,19,2048,2048,0,0,0,0,0,0,0,0,0,0,66,detection,
67155,25,11,1280,1280,0,0,0,0,0,0,0,0,0,0,67,detection,
67185,2,11,1280,1280,0,0,0,0,0,0,5,0,0,0,67,detection,
67228,23,11,1280,1280,0,0,0,0,0,0,1,0,0,0,67,detection,
67667,15,13,1536,1536,0,0,0,0,0,0,0,0,0,0,67,detection,
67697,5,13,1536,1536,0,0,0,0,0,0,0,0,0,0,67,detection,
67729,23,13,1536,1536,0,0,0,0,0,0,3,0,0,0,67,detection,
68684,3,6,2048,2048,0,0,0,0,0,0,0,0,0,0,68,detection,
68933,6,20,1792,1792,0,0,0,0,0,0,0,0,0,0,68,detection,
68934,3,20,1792,1792,0,0,0,0,0,0,0,0,0,0,68,detection,
69329,11,22,1536,1536,0,0,0,0,0,0,3,0,0,0,69,detection,
69336,19,22,1536,1536,0,0,0,0,0,0,4,0,0,0,69,detection,
69875,20,19,2048,2048,0,0,0,0,0,0,0,0,0,0,69,detection,
70103,24,14,1024,1024,0,0,0,0,0,0,3,0,0,0,70,detection,
70103,22,14,1024,1024,0,0,0,0,0,0,12,0,0,0,70,detection,
70124,10,14,1024,1024,0,0,0,0,0,0,6,0,0,0,70,detection,
70124,18,14,1024,1024,0,0,0,0,0,0,12,0,0,0,70,detection,
70249,20,3,2304,2304,0,0,0,0,0,0,4,0,0,0,70,detection,
70417,15,30,1536,1536,0,0,0,0,0,0,4,0,0,0,70,detection,
70448,5,30,1536,1536,0,0,0,0,0,0,0,0,0,0,70,detection,
70497,18,30,1536,1536,0,0,0,0,0,0,12,0,0,0,70,detection,
71811,6,10,1280,1280,0,0,0,0,0,0,0,0,0,0,71,detection,
71812,3,10,1280,1280,0,0,0,0,0,0,0,0,0,0,71,detection,
71820,5,10,1280,1280,0,0,0,0,0,0,8,0,0,0,71,detection,
71829,4,10,1280,1280,0,0,0,0,0,0,10,0,0,0,71,detection,
71839,19,10,1280,1280,0,0,0,0,0,0,0,0,0,0,71,detection,
71854,22,10,1280,1280,0,0,0,0,0,0,21,0,0,0,71,detection,
71854,24,10,1280,1280,0,0,0,0,0,0,8,0,0,0,71,detection,
71875,18,10,1280,1280,0,0,0,0,0,0,17,0,0,0,71,detection,
72015,1,17,512,512,0,0,0,0,0,0,0,0,0,0,72,detection,
72071,21,17,512,512,0,0,0,0,0,0,1,0,0,0,72,detection,
72120,8,17,512,512,0,0,0,0,0,0,0,0,0,0,72,detection,
73116,1,7,512,512,0,0,0,0,0,0,5,0,0,0,73,detection,
73949,21,27,1280,1280,0,0,0,0,0,0,0,0,0,0,73,detection,
73998,8,26,768,768,0,0,0,0,0,0,1,0,0,0,73,detection,
74057,17,26,768,768,0,0,0,0,0,0,0,0,0,0,74,detection,
74075,21,26,768,768,0,0,0,0,0,0,0,0,0,0,74,detection,
74088,7,26,768,768,0,0,0,0,0,0,0,0,0,0,74,detection,
74122,1,21,768,768,0,0,0,0,0,0,0,0,0,0,74,detection,
74183,6,10,1280,1280,0,0,0,0,0,0,1,0,0,0,74,detection,
74185,3,10,1280,1280,0,0,0,0,0,0,1,0,0,0,74,detection,
74194,5,10,1280,1280,0,0,0,0,0,0,9,0,0,0,74,detection,
74199,4,10,1280,1280,0,0,0,0,0,0,12,0,0,0,74,detection,
74228,24,10,1280,1280,0,0,0,0,0,0,9,0,0,0,74,detection,
74247,18,10,1280,1280,0,0,0,0,0,0,19,0,0,0,74,detection,
74376,20,4,1461,1461,0,0,0,0,0,0,0,0,0,0,74,detection,
74435,3,4,1461,1461,0,0,0,0,0,0,14,0,0,0,74,detection,
75872,18,30,1536,1536,0,0,0,0,0,0,14,0,0,0,75,detection,
75946,5,30,1536,1536,0,0,0,0,0,0,0,0,0,0,75,detection,
75968,19,6,1792,1792,0,0,0,0,0,0,0,0,0,0,75,detection,
77405,25,16,1280,1280,0,0,0,0,0,0,0,0,0,0,77,detection,
77933,3,20,1717,1717,0,0,0,0,0,0,6,0,0,0,77,detection,
78666,15,25,1254,1254,0,0,0,0,0,0,0,0,0,0,78,detection,
78732,23,25,1254,1254,0,0,0,0,0,0,10,0,0,0,78,detection,
79999,20,3,2560,2560,0,0,0,0,0,0,10,0,0,0,79,detection,
80075,4,3,2560,2560,0,0,0,0,0,0,9,0,0,0,80,detection,
80188,17,12,1280,1280,0,0,0,0,0,0,0,0,0,0,80,detection,
80202,21,12,1280,1280,0,0,0,0,0,0,0,0,0,0,80,detection,
80248,8,12,1280,1280,0,0,0,0,0,0,9,0,0,0,80,detection,
80281,9,12,1280,1280,0,0,0,0,0,0,7,0,0,0,80,detection,
80744,1,9,1024,1024,0,0,0,0,0,0,0,0,0,0,80,detection,
80818,17,9,1024,1024,0,0,0,0,0,0,0,0,0,0,80,detection,
80828,21,9,1024,1024,0,0,0,0,0,0,0,0,0,0,80,detection,
80936,6,31,1280,1280,0,0,0,0,0,0,0,0,0,0,80,detection,
80938,3,31,1280,1280,0,0,0,0,0,0,0,0,0,0,80,detection,
81062,2,11,1280,1280,0,0,0,0,0,0,10,0,0,0,81,detection,
81787,15,30,1536,1536,0,0,0,0,0,0,11,0,0,0,81,detection,
82539,15,13,1487,1487,0,0,0,0,0,0,2,0,0,0,82,detection,
82560,3,6,1792,1792,0,0,0,0,0,0,6,0,0,0,82,detection,
82587,19,6,1792,1792,0,0,0,0,0,0,1,0,0,0,82,detection,
82625,20,6,1792,1792,0,0,0,0,0,0,0,0,0,0,82,detection,
82934,6,20,1717,1717,0,0,0,0,0,0,4,0,0,0,82,detection,
82935,3,20,1717,1717,0,0,0,0,0,0,6,0,0,0,82,detection,
82965,19,20,1717,1717,0,0,0,0,0,0,0,0,0,0,82,detection,
84813,3,14,1792,1792,0,0,0,0,0,0,0,0,0,0,84,detection,
84824,4,14,1792,1792,0,0,0,0,0,0,15,0,0,0,84,detection,
89954,4,3,1536,1536,0,0,0,0,0,0,20,0,0,0,89,detection,
91536,15,30,1792,1792,0,0,0,0,0,0,16,0,0,0,91,detection,
91572,5,30,1792,1792,0,0,0,0,0,0,4,0,0,0,91,detection,
91872,8,17,512,512,0,0,0,0,0,0,10,0,0,0,91,detection,
92114,16,2,1766,1766,0,0,0,0,0,0,17,0,0,0,92,detection,
92136,1,11,1024,1024,0,0,0,0,0,0,0,0,0,0,92,detection,
92156,25,2,1766,1766,0,0,0,0,0,0,8,0,0,0,92,detection,
92565,3,28,1536,1536,0,0,0,0,0,0,0,0,0,0,92,detection,
92579,12,28,1536,1536,0,0,0,0,0,0,9,0,0,0,92,detection,
92583,11,28,1536,1536,0,0,0,0,0,0,16,0,0,0,92,detection,
92910,9,8,768,768,0,0,0,0,0,0,9,0,0,0,92,detection,
92955,21,8,768,768,0,0,0,0,0,0,5,0,0,0,92,detection,
92967,7,8,768,768,0,0,0,0,0,0,12,0,0,0,92,detection,
92971,12,8,768,768,0,0,0,0,0,0,11,0,0,0,92,detection,
93154,14,5,1280,1280,0,0,0,0,0,0,24,0,0,0,93,detection,
93214,19,5,1280,1280,0,0,0,0,0,0,8,0,0,0,93,detection,
93230,22,5,1280,1280,0,0,0,0,0,0,25,0,0,0,93,detection,
93252,20,5,1280,1280,0,0,0,0,0,0,0,0,0,0,93,detection,
93622,8,10,1024,1024,0,0,0,0,0,0,14,0,0,0,93,detection,
93623,18,10,1024,1024,0,0,0,0,0,0,25,0,0,0,93,detection,
93629,20,14,1792,1792,0,0,0,0,0,0,0,0,0,0,93,detection,
93685,6,10,1024,1024,0,0,0,0,0,0,11,0,0,0,93,detection,
93691,2,10,1024,1024,0,0,0,0,0,0,22,0,0,0,93,detection,
94010,20,3,1536,1536,0,0,0,0,0,0,16,0,0,0,94,detection,
94435,15,13,1487,1487,0,0,0,0,0,0,6,0,0,0,94,detection,
95877,8,26,793,793,0,0,0,0,0,0,12,0,0,0,95,detection,
98248,8,26,793,793,0,0,0,0,0,0,12,0,0,0,98,detection,
98307,17,26,793,793,0,0,0,0,0,0,8,0,0,0,98,detection,
98312,6,26,793,793,0,0,0,0,0,0,0,0,0,0,98,detection,
98325,2,26,793,793,0,0,0,0,0,0,18,0,0,0,98,detection,
98666,15,13,1487,1487,0,0,0,0,0,0,11,0,0,0,98,detection,
98733,1,11,1280,1280,0,0,0,0,0,0,1,0,0,0,98,detection,
98752,20,3,1536,1536,0,0,0,0,0,0,17,0,0,0,98,detection,
99084,12,10,1024,1024,0,0,0,0,0,0,12,0,0,0,99,detection,
100783,9,8,768,768,0,0,0,0,0,0,14,0,0,0,100,detection,
100830,12,8,768,768,0,0,0,0,0,0,15,0,0,0,100,detection,
101525,14,5,1280,1280,0,0,0,0,0,0,26,0,0,0,101,detection,
102032,1,9,1024,1024,0,0,0,0,0,0,0,0,0,0,102,detection,
102076,21,9,1024,1024,0,0,0,0,0,0,0,0,0,0,102,detection,
102422,1,7,512,512,0,0,0,0,0,0,4,0,0,0,102,detection,
102450,21,7,512,512,0,0,0,0,0,0,0,0,0,0,102,detection,
102534,25,2,1305,1305,0,0,0,0,0,0,14,0,0,0,102,detection,
103954,11,28,1280,1280,0,0,0,0,0,0,21,0,0,0,103,detection,
104000,18,28,1280,1280,0,0,0,0,0,0,21,0,0,0,104,detection,
104001,10,28,1280,1280,0,0,0,0,0,0,19,0,0,0,104,detection,
106758,1,21,768,768,0,0,0,0,0,0,0,0,0,0,106,detection,
108307,6,3,1305,1305,0,0,0,0,0,0,8,0,0,0,108,detection,
108437,3,4,1049,1049,0,0,0,0,0,0,24,0,0,0,108,detection,
108439,6,4,1049,1049,0,0,0,0,0,0,0,0,0,0,108,detection,
108480,22,4,1049,1049,0,0,0,0,0,0,19,0,0,0,108,detection,
108500,20,4,1049,1049,0,0,0,0,0,0,14,0,0,0,108,detection,
108501,18,4,1049,1049,0,0,0,0,0,0,21,0,0,0,108,detection,
109234,24,31,1356,1356,0,0,0,0,0,0,27,0,0,0,109,detection,
109285,9,31,1356,1356,0,0,0,0,0,0,23,0,0,0,109,detection,
111907,9,8,793,793,0,0,0,0,0,0,19,0,0,0,111,detection,
112998,10,28,1280,1280,0,0,0,0,0,0,21,0,0,0,112,detection,
113435,6,26,808,808,0,0,0,0,0,0,1,0,0,0,113,detection,
113592,7,10,768,768,0,0,0,0,0,0,19,0,0,0,113,detection,
113601,24,10,768,768,0,0,0,0,0,0,28,0,0,0,113,detection,
114006,20,18,1305,1305,0,0,0,0,0,0,0,0,0,0,114,detection,
114062,6,18,1305,1305,0,0,0,0,0,0,0,0,0,0,114,detection,
114093,19,18,1305,1305,0,0,0,0,0,0,19,0,0,0,114,detection,
115062,6,14,1817,1817,0,0,0,0,0,0,0,0,0,0,115,detection,
115072,5,14,1817,1817,0,0,0,0,0,0,11,0,0,0,115,detection,
115624,10,11,1280,1280,0,0,0,0,0,0,31,0,0,0,115,detection,
116281,25,2,1280,1280,0,0,0,0,0,0,19,0,0,0,116,detection,
116289,9,2,1280,1280,0,0,0,0,0,0,18,0,0,0,116,detection,
116316,17,2,1280,1280,0,0,0,0,0,0,16,0,0,0,116,detection,
116331,13,2,1280,1280,0,0,0,0,0,0,24,0,0,0,116,detection,
116331,11,2,1280,1280,0,0,0,0,0,0,21,0,0,0,116,detection,
116336,12,2,1280,1280,0,0,0,0,0,0,18,0,0,0,116,detection,
117103,23,13,1536,1536,0,0,0,0,0,0,14,0,0,0,117,detection,
119228,24,31,1350,1350,0,0,0,0,0,0,25,0,0,0,119,detection,
119283,9,31,1350,1350,0,0,0,0,0,0,24,0,0,0,119,detection,
119313,6,31,1350,1350,0,0,0,0,0,0,11,0,0,0,119,detection,
119314,3,31,1350,1350,0,0,0,0,0,0,13,0,0,0,119,detection,
119498,10,12,1024,1024,0,0,0,0,0,0,26,0,0,0,119,detection,
120751,20,6,1294,1294,0,0,0,0,0,0,3,0,0,0,120,detection,
121214,19,18,1280,1280,0,0,0,0,0,0,25,0,0,0,121,detection,
122322,5,19,1305,1305,0,0,0,0,0,0,11,0,0,0,122,detection,
122375,20,19,1305,1305,0,0,0,0,0,0,4,0,0,0,122,detection,
124729,23,13,1536,1536,0,0,0,0,0,0,15,0,0,0,124,detection,
124936,6,20,1356,1356,0,0,0,0,0,0,7,0,0,0,124,detection,
124937,3,20,1356,1356,0,0,0,0,0,0,10,0,0,0,124,detection,
125027,14,5,1561,1561,0,0,0,0,0,0,35,0,0,0,125,detection,
125957,11,16,1868,1868,0,0,0,0,0,0,24,0,0,0,125,detection,
127500,10,12,1254,1254,0,0,0,0,0,0,25,0,0,0,127,detection,
127530,25,12,1254,1254,0,0,0,0,0,0,13,0,0,0,127,detection,
129216,19,28,1049,1049,0,0,0,0,0,0,27,0,0,0,129,detection,
129229,22,28,1049,1049,0,0,0,0,0,0,27,0,0,0,129,detection,
129235,16,28,1049,1049,0,0,0,0,0,0,24,0,0,0,129,detection,
129248,18,28,1049,1049,0,0,0,0,0,0,32,0,0,0,129,detection,
129254,20,28,1049,1049,0,0,0,0,0,0,0,0,0,0,129,detection,
129281,14,28,1049,1049,0,0,0,0,0,0,33,0,0,0,129,detection,
129312,3,28,1049,1049,0,0,0,0,0,0,11,0,0,0,129,detection,
130652,14,5,1561,1561,0,0,0,0,0,0,36,0,0,0,130,detection,
131502,8,14,1561,1561,0,0,0,0,0,0,19,0,0,0,131,detection,
131540,15,30,1792,1792,0,0,0,0,0,0,38,0,0,0,131,detection,
131569,5,14,1561,1561,0,0,0,0,0,0,19,0,0,0,131,detection,
132668,15,22,1561,1561,0,0,0,0,0,0,30,0,0,0,132,detection,
133577,21,2,1371,1371,0,0,0,0,0,0,11,0,0,0,133,detection,
133578,11,2,1371,1371,0,0,0,0,0,0,22,0,0,0,133,detection,
133597,7,2,1371,1371,0,0,0,0,0,0,19,0,0,0,133,detection,
133659,9,2,1371,1371,0,0,0,0,0,0,19,0,0,0,133,detection,
133685,17,2,1371,1371,0,0,0,0,0,0,23,0,0,0,133,detection,
135908,14,8,1064,1064,0,0,0,0,0,0,25,0,0,0,135,detection,
136998,8,26,1043,1043,0,0,0,0,0,0,20,0,0,0,136,detection,
139954,4,13,1536,1536,0,0,0,0,0,0,19,0,0,0,139,detection,
140000,8,14,1561,1561,0,0,0,0,0,0,19,0,0,0,140,detection,
140072,5,14,1561,1561,0,0,0,0,0,0,21,0,0,0,140,detection,
140583,11,22,1536,1536,0,0,0,0,0,0,27,0,0,0,140,detection,
140584,12,22,1536,1536,0,0,0,0,0,0,24,0,0,0,140,detection,
140609,24,22,1536,1536,0,0,0,0,0,0,24,0,0,0,140,detection,
140609,23,22,1536,1536,0,0,0,0,0,0,26,0,0,0,140,detection,
142028,14,28,1049,1049,0,0,0,0,0,0,34,0,0,0,142,detection,
142079,11,28,1049,1049,0,0,0,0,0,0,30,0,0,0,142,detection,
143583,1,2,1280,1280,0,0,0,0,0,0,0,0,0,0,143,detection,
143628,10,2,1280,1280,0,0,0,0,0,0,26,0,0,0,143,detection,
143701,21,2,1280,1280,0,0,0,0,0,0,22,0,0,0,143,detection,
144189,17,21,768,768,0,0,0,0,0,0,28,0,0,0,144,detection,
144452,11,22,1536,1536,0,0,0,0,0,0,28,0,0,0,144,detection,
144482,23,22,1536,1536,0,0,0,0,0,0,28,0,0,0,144,detection,
144485,16,22,1536,1536,0,0,0,0,0,0,27,0,0,0,144,detection,
144487,24,22,1536,1536,0,0,0,0,0,0,25,0,0,0,144,detection,
145094,1,31,1350,1350,0,0,0,0,0,0,0,0,0,0,145,detection,
145105,24,31,1350,1350,0,0,0,0,0,0,24,0,0,0,145,detection,
145109,23,31,1350,1350,0,0,0,0,0,0,31,0,0,0,145,detection,
145437,2,10,768,768,0,0,0,0,0,0,29,0,0,0,145,detection,
145464,19,10,768,768,0,0,0,0,0,0,22,0,0,0,145,detection,
145464,7,10,768,768,0,0,0,0,0,0,24,0,0,0,145,detection,
146662,15,30,2047,2047,0,0,0,0,0,0,41,0,0,0,146,detection,
147189,6,3,1280,1280,0,0,0,0,0,0,16,0,0,0,147,detection,
147233,24,3,1280,1280,0,0,0,0,0,0,19,0,0,0,147,detection,
147326,4,13,1280,1280,0,0,0,0,0,0,23,0,0,0,147,detection,
147384,23,13,1280,1280,0,0,0,0,0,0,28,0,0,0,147,detection,
148354,24,22,1280,1280,0,0,0,0,0,0,28,0,0,0,148,detection,
148379,23,22,1280,1280,0,0,0,0,0,0,33,0,0,0,148,detection,
149747,8,14,1576,1576,0,0,0,0,0,0,23,0,0,0,149,detection,
149783,25,14,1576,1576,0,0,0,0,0,0,11,0,0,0,149,detection,
150427,1,2,1024,1024,0,0,0,0,0,0,4,0,0,0,150,detection,
150486,16,2,1024,1024,0,0,0,0,0,0,36,0,0,0,150,detection,
150496,10,2,1024,1024,0,0,0,0,0,0,27,0,0,0,150,detection,
150499,18,2,1024,1024,0,0,0,0,0,0,27,0,0,0,150,detection,
151187,6,18,1280,1280,0,0,0,0,0,0,11,0,0,0,151,detection,
151251,20,18,1280,1280,0,0,0,0,0,0,7,0,0,0,151,detection,
152200,21,17,1049,1049,0,0,0,0,0,0,22,0,0,0,152,detection,
152218,7,17,1049,1049,0,0,0,0,0,0,18,0,0,0,152,detection,
152468,19,10,1024,1024,0,0,0,0,0,0,30,0,0,0,152,detection,
153288,15,30,2048,2048,0,0,0,0,0,0,46,0,0,0,153,detection,
155249,8,26,1536,1536,0,0,0,0,0,0,26,0,0,0,155,detection,
155951,4,3,1024,1024,0,0,0,0,0,0,33,0,0,0,155,detection,
155978,24,3,1024,1024,0,0,0,0,0,0,23,0,0,0,155,detection,
156004,20,3,1024,1024,0,0,0,0,0,0,28,0,0,0,156,detection,
156874,8,14,1320,1320,0,0,0,0,0,0,27,0,0,0,156,detection,
156912,9,14,1320,1320,0,0,0,0,0,0,23,0,0,0,156,detection,
158083,11,12,1305,1305,0,0,0,0,0,0,24,0,0,0,158,detection,
158330,21,7,742,742,0,0,0,0,0,0,22,0,0,0,158,detection,
158966,19,10,1075,1075,0,0,0,0,0,0,31,0,0,0,158,detection,
159282,14,9,1587,1587,0,0,0,0,0,0,28,0,0,0,159,detection,
159456,13,4,1024,1024,0,0,0,0,0,0,26,0,0,0,159,detection,
159872,8,26,1561,1561,0,0,0,0,0,0,24,0,0,0,159,detection,
159914,9,26,1561,1561,0,0,0,0,0,0,24,0,0,0,159,detection,
162710,13,29,1280,1280,0,0,0,0,0,0,31,0,0,0,162,detection,
162731,22,29,1280,1280,0,0,0,0,0,0,31,0,0,0,162,detection,
162753,18,29,1280,1280,0,0,0,0,0,0,32,0,0,0,162,detection,
164175,1,2,1024,1024,0,0,0,0,0,0,5,0,0,0,164,detection,
165964,11,12,1254,1254,0,0,0,0,0,0,27,0,0,0,165,detection,
167728,22,29,1280,1280,0,0,0,0,0,0,29,0,0,0,167,detection,
167830,13,29,1280,1280,0,0,0,0,0,0,29,0,0,0,167,detection,
168658,25,8,1561,1561,0,0,0,0,0,0,17,0,0,0,168,detection,
168661,9,8,1561,1561,0,0,0,0,0,0,28,0,0,0,168,detection,
171469,7,14,1345,1345,0,0,0,0,0,0,18,0,0,0,171,detection,
172485,1,31,1280,1280,0,0,0,0,0,0,3,0,0,0,172,detection,
172606,23,31,1280,1280,0,0,0,0,0,0,35,0,0,0,172,detection,
172613,16,31,1280,1280,0,0,0,0,0,0,31,0,0,0,172,detection,
172730,23,22,1024,1024,0,0,0,0,0,0,35,0,0,0,172,detection,
172907,9,26,1792,1792,0,0,0,0,0,0,29,0,0,0,172,detection,
172907,25,26,1792,1792,0,0,0,0,0,0,21,0,0,0,172,detection,
172937,6,26,1792,1792,0,0,0,0,0,0,19,0,0,0,172,detection,
173001,8,26,1792,1792,0,0,0,0,0,0,29,0,0,0,173,detection,
174783,25,12,1536,1536,0,0,0,0,0,0,26,0,0,0,174,detection,
174827,11,12,1536,1536,0,0,0,0,0,0,32,0,0,0,174,detection,
176292,15,11,1561,1561,0,0,0,0,0,0,33,0,0,0,176,detection,
177035,9,8,1792,1792,0,0,0,0,0,0,33,0,0,0,177,detection,
177234,16,10,1321,1321,0,0,0,0,0,0,26,0,0,0,177,detection,
177252,8,10,1321,1321,0,0,0,0,0,0,27,0,0,0,177,detection,
177324,5,10,1321,1321,0,0,0,0,0,0,27,0,0,0,177,detection,
177703,4,7,949,949,0,0,0,0,0,0,19,0,0,0,177,detection,
182792,15,11,1561,1561,0,0,0,0,0,0,32,0,0,0,182,detection,
182906,14,12,1536,1536,0,0,0,0,0,0,32,0,0,0,182,detection,
182907,25,12,1536,1536,0,0,0,0,0,0,27,0,0,0,182,detection,
185880,1,2,1461,1461,0,0,0,0,0,0,8,0,0,0,185,detection,
185983,23,2,1461,1461,0,0,0,0,0,0,36,0,0,0,185,detection,
185983,16,2,1461,1461,0,0,0,0,0,0,40,0,0,0,185,detection,
187565,2,29,1280,1280,0,0,0,0,0,0,31,0,0,0,187,detection,
192034,9,26,1832,1832,0,0,0,0,0,0,35,0,0,0,192,detection,
192043,25,26,1832,1832,0,0,0,0,0,0,28,0,0,0,192,detection,
192060,17,26,1832,1832,0,0,0,0,0,0,29,0,0,0,192,detection,
192063,6,26,1832,1832,0,0,0,0,0,0,29,0,0,0,192,detection,
192095,7,26,1832,1832,0,0,0,0,0,0,24,0,0,0,192,detection,
195038,15,11,1895,1895,0,0,0,0,0,0,50,0,0,0,195,detection,
195687,17,21,1791,1791,0,0,0,0,0,0,32,0,0,0,195,detection,
196531,25,26,1832,1832,0,0,0,0,0,0,27,0,0,0,196,detection,
196535,9,26,1832,1832,0,0,0,0,0,0,34,0,0,0,196,detection,
196560,17,26,1832,1832,0,0,0,0,0,0,31,0,0,0,196,detection,
198198,21,17,1536,1536,0,0,0,0,0,0,34,0,0,0,198,detection,
198484,16,22,1254,1254,0,0,0,0,0,0,34,0,0,0,198,detection,
202526,14,12,1792,1792,0,0,0,0,0,0,35,0,0,0,202,detection,
202580,13,12,1792,1792,0,0,0,0,0,0,29,0,0,0,202,detection,
204164,15,11,1792,1792,0,0,0,0,0,0,52,0,0,0,204,detection,
204812,6,10,1766,1766,0,0,0,0,0,0,34,0,0,0,204,detection,
205317,3,31,-512,1280,-1792,0,100,100,100,11,31,0,72,55,205,detection,
213692,3,31,-512,1510,-2022,0,100,100,35,10,34,0,71,55,213,detection,
215132,20,28,-512,1834,-2346,0,100,100,100,10,37,0,69,55,215,detection,
215467,1,8,1766,1766,0,0,0,0,0,0,8,0,0,0,215,detection,
215780,25,12,1792,1792,0,0,0,0,0,0,30,0,0,0,215,detection,
215788,9,12,1792,1792,0,0,0,0,0,0,32,0,0,0,215,detection,
216028,14,9,1832,1832,0,0,0,0,0,0,32,0,0,0,216,detection,
216079,21,9,1832,1832,0,0,0,0,0,0,34,0,0,0,216,detection,
219201,5,22,1254,1254,0,0,0,0,0,0,22,0,0,0,219,detection,
224092,1,8,1766,1766,0,0,0,0,0,0,12,0,0,0,224,detection,
226032,25,2,1792,1792,0,0,0,0,0,0,37,0,0,0,226,detection,
227252,18,14,1345,1345,0,0,0,0,0,0,34,0,0,0,227,detection,
229529,1,8,1832,1832,0,0,0,0,0,0,16,0,0,0,229,detection,
230561,6,10,1510,1510,0,0,0,0,0,0,41,0,0,0,230,detection,
237729,22,12,1792,1792,0,0,0,0,0,0,28,0,0,0,237,detection,
238282,25,12,1792,1792,0,0,0,0,0,0,32,0,0,0,238,detection,
238324,5,12,1792,1792,0,0,0,0,0,0,27,0,0,0,238,detection,
238328,21,12,1792,1792,0,0,0,0,0,0,33,0,0,0,238,detection,
238328,4,12,1792,1792,0,0,0,0,0,0,22,0,0,0,238,detection,
238329,13,12,1792,1792,0,0,0,0,0,0,35,0,0,0,238,detection,
238329,11,12,1792,1792,0,0,0,0,0,0,42,0,0,0,238,detection,
238360,22,12,1792,1792,0,0,0,0,0,0,28,0,0,0,238,detection,
238481,22,5,1829,1829,0,0,0,0,0,0,37,0,0,0,238,detection,
238482,24,5,1829,1829,0,0,0,0,0,0,28,0,0,0,238,detection,
238506,20,5,1829,1829,0,0,0,0,0,0,26,0,0,0,238,detection,
238822,1,8,768,768,0,0,0,0,0,0,19,0,0,0,238,detection,
239528,14,9,1833,1833,0,0,0,0,0,0,36,0,0,0,239,detection,
239831,13,4,1461,1461,0,0,0,0,0,0,37,0,0,0,239,detection,
239840,7,4,1461,1461,0,0,0,0,0,0,23,0,0,0,239,detection,
239856,24,4,1461,1461,0,0,0,0,0,0,29,0,0,0,239,detection,
239881,20,4,1461,1461,0,0,0,0,0,0,33,0,0,0,239,detection,
240581,11,5,1829,1829,0,0,0,0,0,0,25,0,0,0,240,detection,
240594,19,5,1829,1829,0,0,0,0,0,0,37,0,0,0,240,detection,
240603,24,5,1829,1829,0,0,0,0,0,0,28,0,0,0,240,detection,
240603,22,5,1829,1829,0,0,0,0,0,0,36,0,0,0,240,detection,
241005,8,29,-512,1834,-2346,0,100,100,100,8,52,0,58,40,241,detection,
241733,23,10,1766,1766,0,0,0,0,0,0,28,0,0,0,241,detection,
242735,22,28,-512,1834,-2346,0,100,100,100,0,46,0,63,40,242,detection,
243069,5,12,1792,1792,0,0,0,0,0,0,27,0,0,0,243,detection,
243077,13,12,1792,1792,0,0,0,0,0,0,34,0,0,0,243,detection,
243078,11,12,1792,1792,0,0,0,0,0,0,41,0,0,0,243,detection,
243086,4,12,1792,1792,0,0,0,0,0,0,22,0,0,0,243,detection,
243099,22,12,1792,1792,0,0,0,0,0,0,28,0,0,0,243,detection,
243128,10,12,1792,1792,0,0,0,0,0,0,36,0,0,0,243,detection,
243289,15,11,2018,2018,0,0,0,0,0,0,54,0,0,0,243,detection,
244997,18,2,1792,1792,0,0,0,0,0,0,37,0,0,0,244,detection,
245031,14,2,1792,1792,0,0,0,0,0,0,33,0,0,0,245,detection,
245035,9,2,1792,1792,0,0,0,0,0,0,36,0,0,0,245,detection,
245050,1,8,-1,-1,0,0,0,0,0,0,28,0,0,0,245,detection,
246352,22,10,1766,1766,0,0,0,0,0,0,36,0,0,0,246,detection,
247083,21,27,-512,2048,-2560,0,100,100,100,11,29,0,74,55,247,detection,
247652,14,9,1833,1833,0,0,0,0,0,0,36,0,0,0,247,detection,
247844,19,20,1792,1792,0,0,0,0,0,0,32,0,0,0,247,detection,
250062,2,7,1766,1766,0,0,0,0,0,0,28,0,0,0,250,detection,
250075,4,7,1766,1766,0,0,0,0,0,0,24,0,0,0,250,detection,
250079,21,7,1766,1766,0,0,0,0,0,0,33,0,0,0,250,detection,
250160,9,7,1766,1766,0,0,0,0,0,0,33,0,0,0,250,detection,
253086,13,31,-512,1717,-2229,0,100,100,100,10,38,0,69,55,253,detection,
253217,7,17,2121,2121,0,0,0,0,0,0,36,0,0,0,253,detection,
255949,5,13,1819,1819,0,0,0,0,0,0,28,0,0,0,255,detection,
255949,4,13,1819,1819,0,0,0,0,0,0,32,0,0,0,255,detection,
255970,19,13,1819,1819,0,0,0,0,0,0,29,0,0,0,255,detection,
260065,3,31,-512,1903,-2415,0,100,100,55,9,42,0,66,55,260,detection,
260462,19,13,1819,1819,0,0,0,0,0,0,29,0,0,0,260,detection,
262104,22,4,1792,1792,0,0,0,0,0,0,37,0,0,0,262,detection,
266251,20,5,1829,1829,0,0,0,0,0,0,31,0,0,0,266,detection,
266277,14,5,1829,1829,0,0,0,0,0,0,39,0,0,0,266,detection,
266293,15,5,1829,1829,0,0,0,0,0,0,25,0,0,0,266,detection,
268234,23,11,2278,2278,0,0,0,0,0,0,34,0,0,0,268,detection,
268700,4,13,1819,1819,0,0,0,0,0,0,34,0,0,0,268,detection,
268713,19,13,1819,1819,0,0,0,0,0,0,29,0,0,0,268,detection,
268734,23,13,1819,1819,0,0,0,0,0,0,36,0,0,0,268,detection,
273209,13,5,1829,1829,0,0,0,0,0,0,25,0,0,0,273,detection,
273251,20,5,1829,1829,0,0,0,0,0,0,31,0,0,0,273,detection,
273277,14,5,1829,1829,0,0,0,0,0,0,39,0,0,0,273,detection,
276605,24,3,1536,1536,0,0,0,0,0,0,37,0,0,0,276,detection,
276631,20,3,1536,1536,0,0,0,0,0,0,49,0,0,0,276,detection,
278310,6,20,1973,1973,0,0,0,0,0,0,33,0,0,0,278,detection,
279037,15,5,1766,1766,0,0,0,0,0,0,28,0,0,0,279,detection,
279334,2,7,2022,2022,0,0,0,0,0,0,32,0,0,0,279,detection,
280794,15,13,-1,-1,0,0,0,0,0,0,28,0,0,0,280,detection,
282508,1,11,2137,2137,0,0,0,0,0,0,14,0,0,0,282,detection,
289459,13,2,2278,2278,0,0,0,0,0,0,37,0,0,0,289,detection,
289831,13,16,1792,1792,0,0,0,0,0,0,33,0,0,0,289,detection,
292550,1,11,2341,2341,0,0,0,0,0,0,18,0,0,0,292,detection,
293564,17,7,2022,2022,0,0,0,0,0,0,33,0,0,0,293,detection,
293568,1,9,-1,-1,0,0,0,0,0,0,19,0,0,0,293,detection,
294949,21,17,2048,2048,0,0,0,0,0,0,41,0,0,0,294,detection,
295001,8,17,2048,2048,0,0,0,0,0,0,33,0,0,0,295,detection,
295916,1,21,768,768,0,0,0,0,0,0,19,0,0,0,295,detection,
299152,14,5,2485,2485,0,0,0,0,0,0,38,0,0,0,299,detection,
299203,13,5,2485,2485,0,0,0,0,0,0,28,0,0,0,299,detection,
299378,10,7,2022,2022,0,0,0,0,0,0,28,0,0,0,299,detection,
299536,1,21,-1,-1,0,0,0,0,0,0,62,0,0,0,299,detection,
299948,21,17,2344,2344,0,0,0,0,0,0,44,0,0,0,299,detection,
299967,7,17,2344,2344,0,0,0,0,0,0,42,0,0,0,299,detection,
299996,8,17,2344,2344,0,0,0,0,0,0,37,0,0,0,299,detection,
301405,14,2,2048,2048,0,0,0,0,0,0,36,0,0,0,301,detection,
301440,17,2,2048,2048,0,0,0,0,0,0,36,0,0,0,301,detection,
301452,13,2,2048,2048,0,0,0,0,0,0,41,0,0,0,301,detection,
301486,16,2,2048,2048,0,0,0,0,0,0,42,0,0,0,301,detection,
301498,18,2,2048,2048,0,0,0,0,0,0,41,0,0,0,301,detection,
301504,8,2,2048,2048,0,0,0,0,0,0,33,0,0,0,301,detection,
301790,15,16,-1,-1,0,0,0,0,0,0,28,0,0,0,301,detection,
302416,15,30,-512,1792,-2304,0,100,100,100,9,47,0,62,40,302,detection,
303082,11,28,-512,512,-1024,0,100,100,100,0,44,0,64,40,303,detection,
304935,6,20,1792,1792,0,0,0,0,0,0,36,0,0,0,304,detection,
306702,13,2,2048,2048,0,0,0,0,0,0,40,0,0,0,306,detection,
308064,17,7,2022,2022,0,0,0,0,0,0,32,0,0,0,308,detection,
308081,4,7,2022,2022,0,0,0,0,0,0,33,0,0,0,308,detection,
308754,18,30,-512,1792,-2304,0,100,100,100,10,35,0,70,55,308,detection,
312205,13,2,2048,2048,0,0,0,0,0,0,39,0,0,0,312,detection,
312708,11,16,2278,2278,0,0,0,0,0,0,36,0,0,0,312,detection,
313703,4,3,-1,-1,0,0,0,0,0,0,44,0,0,0,313,detection,
315064,2,7,2022,2022,0,0,0,0,0,0,32,0,0,0,315,detection,
315634,20,28,-512,512,-1024,0,100,100,100,8,55,0,58,40,315,detection,
315733,24,5,2560,2560,0,0,0,0,0,0,31,0,0,0,315,detection,
317060,2,7,2022,2022,0,0,0,0,0,0,32,0,0,0,317,detection,
317080,4,7,2022,2022,0,0,0,0,0,0,32,0,0,0,317,detection,
317124,8,7,2022,2022,0,0,0,0,0,0,32,0,0,0,317,detection,
317328,11,16,-1,-1,0,0,0,0,0,0,38,0,0,0,317,detection,
318262,1,21,512,512,0,0,0,0,0,0,66,0,0,0,318,detection,
318313,17,21,512,512,0,0,0,0,0,0,41,0,0,0,318,detection,
319334,11,28,-512,512,-1024,0,100,100,0,0,44,0,64,40,319,detection,
319407,9,2,2278,2278,0,0,0,0,0,0,40,0,0,0,319,detection,
319454,21,2,2278,2278,0,0,0,0,0,0,39,0,0,0,319,detection,
319457,13,2,2278,2278,0,0,0,0,0,0,44,0,0,0,319,detection,
319487,16,2,2278,2278,0,0,0,0,0,0,47,0,0,0,319,detection,
319500,18,2,2278,2278,0,0,0,0,0,0,45,0,0,0,319,detection,
319500,8,2,2278,2278,0,0,0,0,0,0,37,0,0,0,319,detection,
320281,9,2,2278,2278,0,0,0,0,0,0,40,0,0,0,320,detection,
321365,1,17,-1,-1,0,0,0,0,0,0,18,0,0,0,321,detection,
321478,24,5,2560,2560,0,0,0,0,0,0,30,0,0,0,321,detection,
323650,1,21,512,512,0,0,0,0,0,0,66,0,0,0,323,detection,
323688,17,21,512,512,0,0,0,0,0,0,41,0,0,0,323,detection,
326091,1,17,-1,-1,0,0,0,0,0,0,19,0,0,0,326,detection,
327945,3,28,-512,742,-1254,0,100,100,100,10,35,0,70,55,327,detection,
327969,19,28,-512,742,-1254,0,100,100,100,10,35,0,70,55,327,detection,
327983,22,28,-512,742,-1254,0,100,100,100,0,47,0,62,40,327,detection,
328071,5,13,1536,1536,0,0,0,0,0,0,33,0,0,0,328,detection,
328170,15,13,1536,1536,0,0,0,0,0,0,32,0,0,0,328,detection,
328915,1,21,512,512,0,0,0,0,0,0,66,0,0,0,328,detection,
328941,17,21,512,512,0,0,0,0,0,0,41,0,0,0,328,detection,
331290,15,13,1536,1536,0,0,0,0,0,0,32,0,0,0,331,detection,
331416,1,17,1024,1024,0,0,0,0,0,0,22,0,0,0,331,detection,
332103,24,5,2029,2029,0,0,0,0,0,0,34,0,0,0,332,detection,
333505,20,28,-512,949,-1461,0,100,100,58,9,48,0,60,40,333,detection,
333566,3,28,-512,949,-1461,0,100,100,30,10,37,0,69,55,333,detection,
334686,17,21,512,512,0,0,0,0,0,0,41,0,0,0,334,detection,
336979,24,5,2029,2029,0,0,0,0,0,0,33,0,0,0,336,detection,
337130,1,17,768,768,0,0,0,0,0,0,22,0,0,0,337,detection,
338328,4,13,1024,1024,0,0,0,0,0,0,42,0,0,0,338,detection,
342903,1,17,998,998,0,0,0,0,0,0,18,0,0,0,342,detection,
344853,22,2,-1,-1,0,0,0,0,0,0,33,0,0,0,344,detection,
348062,6,26,-512,-1,-511,100,100,100,74,10,39,0,71,55,348,detection,
348083,21,26,-512,-1,-511,100,100,100,80,11,33,0,79,55,348,detection,
348096,7,26,-512,-1,-511,100,100,100,76,10,37,0,74,55,348,detection,
350820,3,28,-512,949,-1461,0,100,100,0,10,36,0,69,55,350,detection,
355216,1,17,1205,1205,0,0,0,0,0,0,19,0,0,0,355,detection,
359700,5,13,1461,1461,0,0,0,0,0,0,37,0,0,0,359,detection,
359791,15,13,1461,1461,0,0,0,0,0,0,32,0,0,0,359,detection,
362955,13,2,1280,1280,0,0,0,0,0,0,43,0,0,0,362,detection,
364065,3,24,1205,1205,0,0,0,0,0,0,33,0,0,0,364,detection,
364426,15,13,1461,1461,0,0,0,0,0,0,32,0,0,0,364,detection,
373094,19,28,-512,1303,-1815,0,100,100,78,9,43,0,66,55,373,detection,
375105,24,22,1717,1717,0,0,0,0,0,0,40,0,0,0,375,detection,
382478,24,22,-1,-1,0,0,0,0,0,0,43,0,0,0,382,detection,
382854,1,17,1559,1559,0,0,0,0,0,0,25,0,0,0,382,detection,
386873,8,26,-512,2071,-2583,0,100,100,100,10,40,0,69,55,386,detection,
386938,2,26,-512,2071,-2583,0,100,100,100,0,29,0,74,55,386,detection,
387288,15,13,768,768,0,0,0,0,0,0,36,0,0,0,387,detection,
389483,22,28,-512,-1,-511,100,100,100,97,0,49,0,58,40,389,detection,
391288,15,13,768,768,0,0,0,0,0,0,36,0,0,0,391,detection,
403686,17,26,-512,-1,-511,100,100,100,76,10,37,0,74,55,403,detection,
403690,2,26,-512,-1,-511,100,100,100,100,0,32,0,81,55,403,detection,
404194,3,28,-512,768,-1280,0,100,100,27,10,35,0,70,55,404,detection,
404232,22,28,-512,768,-1280,0,100,100,99,0,51,0,58,40,404,detection,
406043,15,13,512,512,0,0,0,0,0,0,37,0,0,0,406,detection,
410254,8,26,-512,-1,-511,100,100,100,100,9,44,0,64,40,410,detection,
410313,17,26,-512,-1,-511,100,100,100,0,11,33,0,79,55,410,detection,
410317,2,26,-512,-1,-511,100,100,100,0,0,32,0,81,55,410,detection,
412109,23,13,512,512,0,0,0,0,0,0,41,0,0,0,412,detection,
412442,3,28,-512,-1,-511,100,100,100,100,10,38,0,72,55,412,detection,
412462,12,28,-512,-1,-511,100,100,100,81,11,32,0,81,55,412,detection,
415832,12,28,-512,-1,-511,100,100,100,0,11,32,0,81,55,415,detection,
415861,23,28,-512,-1,-511,100,100,100,85,11,28,0,87,100,415,detection,
430458,12,28,-512,512,-1024,0,100,100,76,10,38,0,69,55,430,detection,
430483,23,28,-512,512,-1024,0,100,100,77,10,36,0,69,75,430,detection,
434954,13,12,-1,-256,255,0,56,85,37,0,39,0,73,55,434,detection,
459818,3,28,-512,512,-1024,0,100,100,74,10,40,0,69,55,459,detection,
459830,12,28,-512,512,-1024,0,100,100,0,10,39,0,69,55,459,detection,
459874,18,28,-512,512,-1024,0,100,100,100,10,41,0,68,55,459,detection,
464440,3,28,-512,512,-1024,0,100,100,0,10,41,0,68,55,464,detection,
464456,12,28,-512,512,-1024,0,100,100,0,10,40,0,69,55,464,detection,
464469,19,28,-512,512,-1024,0,100,100,100,9,46,0,63,40,464,detection,
467580,12,28,-512,512,-1024,0,100,100,0,10,37,0,69,55,467,detection,
471689,3,28,-512,512,-1024,0,100,100,0,0,42,0,66,55,471,detection,
471705,12,28,-512,512,-1024,0,100,100,0,10,37,0,69,55,471,detection,
471714,19,28,-512,512,-1024,0,100,100,0,9,48,0,60,40,471,detection,
471752,18,28,-512,512,-1024,0,100,100,0,10,41,0,68,55,471,detection,
476442,3,28,-512,512,-1024,0,100,100,0,0,43,0,66,55,476,detection,
476459,11,28,-512,512,-1024,0,100,100,0,0,45,0,63,40,476,detection,
476464,19,28,-512,512,-1024,0,100,100,0,9,49,0,59,40,476,detection,
476481,22,28,-512,512,-1024,0,100,100,32,0,53,0,58,40,476,detection,
476499,18,28,-512,512,-1024,0,100,100,0,10,41,0,68,55,476,detection,
476503,10,28,-512,512,-1024,0,100,100,100,10,35,0,70,55,476,detection,
481064,3,28,-512,512,-1024,0,100,100,0,0,43,0,66,55,481,detection,
481081,11,28,-512,512,-1024,0,100,100,0,0,41,0,68,55,481,detection,
481093,19,28,-512,512,-1024,0,100,100,0,9,46,0,63,40,481,detection,
481102,22,28,-512,512,-1024,0,100,100,0,0,51,0,58,40,481,detection,
481124,18,28,-512,512,-1024,0,100,100,0,10,41,0,68,55,481,detection,
481127,10,28,-512,512,-1024,0,100,100,0,10,36,0,69,55,481,detection,
483468,19,18,-1,-1,0,0,0,0,0,0,36,0,0,0,483,detection,
483560,6,18,-1,-1,0,0,0,0,0,0,32,0,0,0,483,detection,
485717,19,28,-512,512,-1024,0,100,100,0,9,46,0,63,40,485,detection,
485733,22,28,-512,512,-1024,0,100,100,0,0,53,0,58,40,485,detection,
485738,16,28,-512,512,-1024,0,100,100,100,0,37,0,69,55,485,detection,
485750,10,28,-512,512,-1024,0,100,100,0,10,37,0,69,55,485,detection,
485751,18,28,-512,512,-1024,0,100,100,0,10,37,0,69,55,485,detection,
485819,3,28,-512,512,-1024,0,100,100,0,0,44,0,64,40,485,detection,
489688,3,28,-512,512,-1024,0,100,100,0,0,44,0,64,40,489,detection,
489717,19,28,-512,512,-1024,0,100,100,0,0,46,0,63,40,489,detection,
489731,22,28,-512,512,-1024,0,100,100,0,0,54,0,58,40,489,detection,
489735,16,28,-512,512,-1024,0,100,100,0,0,37,0,69,55,489,detection,
494978,22,28,-512,512,-1024,0,100,100,0,0,54,0,58,40,494,detection,
494987,16,28,-512,512,-1024,0,100,100,0,0,37,0,69,55,494,detection,
495003,10,28,-512,512,-1024,0,100,100,0,10,37,0,69,55,495,detection,
495064,3,28,-512,512,-1024,0,100,100,0,0,44,0,64,40,495,detection,
495084,11,28,-512,512,-1024,0,100,100,0,0,41,0,68,55,495,detection,
498326,5,28,-512,512,-1024,0,100,100,100,11,33,0,71,55,498,detection,
498360,16,28,-512,512,-1024,0,100,100,0,0,37,0,69,55,498,detection,
498373,10,28,-512,512,-1024,0,100,100,0,10,34,0,71,55,498,detection,
498385,20,28,-512,512,-1024,0,100,100,56,8,51,0,58,40,498,detection,
502931,1,17,768,768,0,0,0,0,0,0,27,0,0,0,502,detection,
502966,7,17,768,768,0,0,0,0,0,0,44,0,0,0,502,detection,
505227,22,12,1280,1280,0,0,0,0,0,0,32,0,0,0,505,detection,
508323,1,7,1280,1280,0,0,0,0,0,0,19,0,0,0,508,detection,
509789,1,17,512,512,0,0,0,0,0,0,28,0,0,0,509,detection,
511060,17,12,1024,1024,0,0,0,0,0,0,28,0,0,0,511,detection,
511077,11,12,1024,1024,0,0,0,0,0,0,46,0,0,0,511,detection,
513445,1,7,1024,1024,0,0,0,0,0,0,22,0,0,0,513,detection,
519574,5,12,1049,1049,0,0,0,0,0,0,34,0,0,0,519,detection,
521716,1,7,768,768,0,0,0,0,0,0,22,0,0,0,521,detection,
525229,24,22,-1,-1,0,0,0,0,0,0,46,0,0,0,525,detection,
525539,15,13,1792,1792,0,0,0,0,0,0,41,0,0,0,525,detection,
526562,6,3,512,512,0,0,0,0,0,0,38,0,0,0,526,detection,
528814,3,6,512,512,0,0,0,0,0,0,36,0,0,0,528,detection,
529729,1,17,512,512,0,0,0,0,0,0,29,0,0,0,529,detection,
529841,7,17,512,512,0,0,0,0,0,0,46,0,0,0,529,detection,
531155,25,16,1024,1024,0,0,0,0,0,0,28,0,0,0,531,detection,
531205,11,16,1024,1024,0,0,0,0,0,0,44,0,0,0,531,detection,
531983,24,31,-512,1536,-2048,0,100,100,100,10,36,0,69,55,531,detection,
531988,16,31,-512,1536,-2048,0,100,100,100,10,37,0,69,55,531,detection,
532081,11,31,-512,1536,-2048,0,100,100,100,11,33,0,71,55,532,detection,
533936,6,3,512,512,0,0,0,0,0,0,40,0,0,0,533,detection,
534377,10,12,-1,-1,0,0,0,0,0,0,39,0,0,0,534,detection,
534437,2,12,-1,-1,0,0,0,0,0,0,28,0,0,0,534,detection,
534454,11,28,-512,1536,-2048,0,100,100,100,0,45,0,63,40,534,detection,
534476,22,28,-512,1536,-2048,0,100,100,100,0,56,0,58,40,534,detection,
534485,16,28,-512,1536,-2048,0,100,100,100,0,41,0,68,55,534,detection,
535182,1,17,512,512,0,0,0,0,0,0,30,0,0,0,535,detection,
535563,6,18,512,512,0,0,0,0,0,0,38,0,0,0,535,detection,
538439,1,17,512,512,0,0,0,0,0,0,30,0,0,0,538,detection,
538467,7,17,512,512,0,0,0,0,0,0,46,0,0,0,538,detection,
538814,17,7,816,816,0,0,0,0,0,0,36,0,0,0,538,detection,
540442,3,6,512,512,0,0,0,0,0,0,37,0,0,0,540,detection,
546035,25,16,1024,1024,0,0,0,0,0,0,28,0,0,0,546,detection,
550787,15,13,768,768,0,0,0,0,0,0,44,0,0,0,550,detection,
552561,6,3,768,768,0,0,0,0,0,0,44,0,0,0,552,detection,
553064,17,7,876,876,0,0,0,0,0,0,35,0,0,0,553,detection,
554342,19,5,1133,1133,0,0,0,0,0,0,40,0,0,0,554,detection,
554359,24,5,1133,1133,0,0,0,0,0,0,33,0,0,0,554,detection,
554434,2,10,1280,1280,0,0,0,0,0,0,35,0,0,0,554,detection,
554442,3,10,1280,1280,0,0,0,0,0,0,34,0,0,0,554,detection,
554455,4,10,1280,1280,0,0,0,0,0,0,36,0,0,0,554,detection,
554456,12,10,1280,1280,0,0,0,0,0,0,32,0,0,0,554,detection,
557039,15,13,512,512,0,0,0,0,0,0,45,0,0,0,557,detection,
557878,8,7,1095,1095,0,0,0,0,0,0,35,0,0,0,557,detection,
559562,2,10,1280,1280,0,0,0,0,0,0,34,0,0,0,559,detection,
559574,4,10,1280,1280,0,0,0,0,0,0,36,0,0,0,559,detection,
560188,6,18,529,529,0,0,0,0,0,0,39,0,0,0,560,detection,
560213,19,18,529,529,0,0,0,0,0,0,41,0,0,0,560,detection,
561345,19,6,512,512,0,0,0,0,0,0,32,0,0,0,561,detection,
561466,19,5,1024,1024,0,0,0,0,0,0,44,0,0,0,561,detection,
563202,11,16,1647,1647,0,0,0,0,0,0,48,0,0,0,563,detection,
565356,16,11,1607,1607,0,0,0,0,0,0,33,0,0,0,565,detection,
566936,2,10,1023,1023,0,0,0,0,0,0,39,0,0,0,566,detection,
567167,15,5,1280,1280,0,0,0,0,0,0,33,0,0,0,567,detection,
567276,14,9,-1,-1,0,0,0,0,0,0,41,0,0,0,567,detection,
567583,11,31,-512,-1,-511,100,100,100,100,10,36,0,76,55,567,detection,
567610,16,31,-512,-1,-511,100,100,100,100,10,40,0,71,55,567,detection,
568752,10,29,-512,1535,-2047,0,100,100,100,11,33,0,71,55,568,detection,
568752,18,29,-512,1535,-2047,0,100,100,100,10,36,0,69,55,568,detection,
568778,14,29,-512,1535,-2047,0,100,100,100,11,33,0,71,55,568,detection,
568816,2,29,-512,1535,-2047,0,100,100,100,0,36,0,69,55,568,detection,
568829,4,29,-512,1535,-2047,0,100,100,100,11,33,0,71,55,568,detection,
570563,6,3,1024,1024,0,0,0,0,0,0,47,0,0,0,570,detection,
570903,14,29,-512,1535,-2047,0,100,100,0,11,32,0,71,55,570,detection,
570916,9,29,-512,1535,-2047,0,100,100,100,10,34,0,71,55,570,detection,
570937,2,29,-512,1535,-2047,0,100,100,0,0,35,0,70,55,570,detection,
570950,4,29,-512,1535,-2047,0,100,100,0,11,32,0,71,55,570,detection,
570959,12,29,-512,1535,-2047,0,100,100,100,11,33,0,71,55,570,detection,
570997,10,29,-512,1535,-2047,0,100,100,0,11,32,0,71,55,570,detection,
572716,19,5,1280,1280,0,0,0,0,0,0,46,0,0,0,572,detection,
572789,15,5,1280,1280,0,0,0,0,0,0,34,0,0,0,572,detection,
573311,6,18,-1,-1,0,0,0,0,0,0,43,0,0,0,573,detection,
573343,19,18,-1,-1,0,0,0,0,0,0,44,0,0,0,573,detection,
573708,11,16,1607,1607,0,0,0,0,0,0,50,0,0,0,573,detection,
574216,7,8,1811,1811,0,0,0,0,0,0,34,0,0,0,574,detection,
574575,4,10,1230,1230,0,0,0,0,0,0,40,0,0,0,574,detection,
574580,12,10,1230,1230,0,0,0,0,0,0,37,0,0,0,574,detection,
574609,23,10,1230,1230,0,0,0,0,0,0,35,0,0,0,574,detection,
574626,18,10,1230,1230,0,0,0,0,0,0,37,0,0,0,574,detection,
574687,2,10,1230,1230,0,0,0,0,0,0,39,0,0,0,574,detection,
574687,3,10,1230,1230,0,0,0,0,0,0,37,0,0,0,574,detection,
574692,6,10,1230,1230,0,0,0,0,0,0,45,0,0,0,574,detection,
575289,15,5,1280,1280,0,0,0,0,0,0,34,0,0,0,575,detection,
577165,15,5,1280,1280,0,0,0,0,0,0,33,0,0,0,577,detection,
577375,8,7,1470,1470,0,0,0,0,0,0,39,0,0,0,577,detection,
577997,18,10,1253,1253,0,0,0,0,0,0,36,0,0,0,577,detection,
578061,2,10,1253,1253,0,0,0,0,0,0,36,0,0,0,578,detection,
578061,6,10,1253,1253,0,0,0,0,0,0,44,0,0,0,578,detection,
578082,12,10,1253,1253,0,0,0,0,0,0,38,0,0,0,578,detection,
578091,19,10,1253,1253,0,0,0,0,0,0,36,0,0,0,578,detection,
578107,24,10,1253,1253,0,0,0,0,0,0,37,0,0,0,578,detection,
579311,6,3,768,768,0,0,0,0,0,0,44,0,0,0,579,detection,
579328,4,3,768,768,0,0,0,0,0,0,48,0,0,0,579,detection,
579357,24,3,768,768,0,0,0,0,0,0,41,0,0,0,579,detection,
580902,14,29,-512,1534,-2046,0,100,100,0,11,32,0,71,55,580,detection,
580912,9,29,-512,1534,-2046,0,100,100,0,11,33,0,71,55,580,detection,
581001,18,29,-512,1534,-2046,0,100,100,0,10,36,0,69,55,581,detection,
582225,22,4,1280,1280,0,0,0,0,0,0,41,0,0,0,582,detection,
582254,20,4,1280,1280,0,0,0,0,0,0,40,0,0,0,582,detection,
583165,9,26,-512,1280,-1792,0,100,100,100,10,41,0,68,55,583,detection,
584312,6,3,768,768,0,0,0,0,0,0,44,0,0,0,584,detection,
584325,4,3,768,768,0,0,0,0,0,0,49,0,0,0,584,detection,
584916,15,5,1280,1280,0,0,0,0,0,0,29,0,0,0,584,detection,
588455,12,29,-512,1280,-1792,0,100,100,38,10,36,0,69,55,588,detection,
588498,10,29,-512,1280,-1792,0,100,100,39,10,35,0,70,55,588,detection,
588498,18,29,-512,1280,-1792,0,100,100,37,10,39,0,69,55,588,detection,
588531,14,29,-512,1280,-1792,0,100,100,38,10,36,0,69,55,588,detection,
589693,6,26,-512,1280,-1792,0,100,100,100,9,42,0,66,55,589,detection,
589860,24,31,-512,1280,-1792,0,100,100,37,10,39,0,69,55,589,detection,
589959,13,31,-512,1280,-1792,0,100,100,64,10,38,0,69,55,589,detection,
590581,12,2,1536,1536,0,0,0,0,0,0,37,0,0,0,590,detection,
590610,23,2,1536,1536,0,0,0,0,0,0,38,0,0,0,590,detection,
590657,14,2,1536,1536,0,0,0,0,0,0,35,0,0,0,590,detection,
590661,9,2,1536,1536,0,0,0,0,0,0,44,0,0,0,590,detection,
596331,13,5,-1,-1,0,0,0,0,0,0,32,0,0,0,596,detection,
596381,20,5,-1,-1,0,0,0,0,0,0,34,0,0,0,596,detection,
597352,22,4,1484,1484,0,0,0,0,0,0,42,0,0,0,597,detection,
597660,9,2,1536,1536,0,0,0,0,0,0,40,0,0,0,597,detection,
597690,17,2,1536,1536,0,0,0,0,0,0,36,0,0,0,597,detection,
597729,23,2,1536,1536,0,0,0,0,0,0,37,0,0,0,597,detection,
597749,18,2,1536,1536,0,0,0,0,0,0,48,0,0,0,597,detection,
597775,14,2,1536,1536,0,0,0,0,0,0,34,0,0,0,597,detection,
604599,22,4,1484,1484,0,0,0,0,0,0,42,0,0,0,604,detection,
605687,17,2,1536,1536,0,0,0,0,0,0,35,0,0,0,605,detection,
605830,13,5,1204,1204,0,0,0,0,0,0,36,0,0,0,605,detection,
607904,14,2,1536,1536,0,0,0,0,0,0,34,0,0,0,607,detection,
607908,9,2,1536,1536,0,0,0,0,0,0,40,0,0,0,607,detection,
610584,13,16,1532,1532,0,0,0,0,0,0,36,0,0,0,610,detection,
614813,6,26,-512,-1,-511,100,79,100,100,6,76,0,49,40,614,detection,
616908,25,16,1532,1532,0,0,0,0,0,0,37,0,0,0,616,detection,
616956,13,16,1532,1532,0,0,0,0,0,0,35,0,0,0,616,detection,
617823,5,13,512,512,0,0,0,0,0,0,42,0,0,0,617,detection,
618953,12,2,1536,1536,0,0,0,0,0,0,37,0,0,0,618,detection,
618957,11,2,1536,1536,0,0,0,0,0,0,36,0,0,0,618,detection,
618979,22,2,1536,1536,0,0,0,0,0,0,36,0,0,0,618,detection,
618996,10,2,1536,1536,0,0,0,0,0,0,37,0,0,0,618,detection,
619035,25,2,1536,1536,0,0,0,0,0,0,47,0,0,0,619,detection,
619035,9,2,1536,1536,0,0,0,0,0,0,40,0,0,0,619,detection,
619559,6,3,1256,1256,0,0,0,0,0,0,47,0,0,0,619,detection,
620589,7,4,-1,-1,0,0,0,0,0,0,32,0,0,0,620,detection,
621727,22,10,2048,2048,0,0,0,0,0,0,38,0,0,0,621,detection,
622078,5,30,-512,2048,-2560,0,100,100,100,11,32,0,71,55,622,detection,
623324,5,30,-512,2048,-2560,0,100,100,0,11,32,0,71,55,623,detection,
623935,6,3,1232,1232,0,0,0,0,0,0,47,0,0,0,623,detection,
625904,25,2,1768,1768,0,0,0,0,0,0,46,0,0,0,625,detection,
625908,9,2,1768,1768,0,0,0,0,0,0,39,0,0,0,625,detection,
625955,21,2,1768,1768,0,0,0,0,0,0,43,0,0,0,625,detection,
625958,12,2,1768,1768,0,0,0,0,0,0,36,0,0,0,625,detection,
625975,24,14,1744,1744,0,0,0,0,0,0,32,0,0,0,625,detection,
625976,22,2,1768,1768,0,0,0,0,0,0,35,0,0,0,625,detection,
625998,10,2,1768,1768,0,0,0,0,0,0,36,0,0,0,625,detection,
627978,22,12,-1,-1,0,0,0,0,0,0,40,0,0,0,627,detection,
628033,9,12,-1,-1,0,0,0,0,0,0,45,0,0,0,628,detection,
628076,21,12,-1,-1,0,0,0,0,0,0,45,0,0,0,628,detection,
628437,3,6,-1,-1,0,0,0,0,0,0,59,0,0,0,628,detection,
630697,5,30,-512,2048,-2560,0,100,100,0,11,32,0,71,55,630,detection,
630785,25,30,-512,2048,-2560,0,100,100,100,11,25,0,77,55,630,detection,
631062,17,2,1768,1768,0,0,0,0,0,0,35,0,0,0,631,detection,
631079,11,2,1768,1768,0,0,0,0,0,0,36,0,0,0,631,detection,
631083,13,2,1768,1768,0,0,0,0,0,0,46,0,0,0,631,detection,
631100,22,2,1768,1768,0,0,0,0,0,0,34,0,0,0,631,detection,
631121,10,2,1768,1768,0,0,0,0,0,0,36,0,0,0,631,detection,
631156,25,2,1768,1768,0,0,0,0,0,0,42,0,0,0,631,detection,
632953,13,2,1768,1768,0,0,0,0,0,0,46,0,0,0,632,detection,
632977,22,2,1768,1768,0,0,0,0,0,0,34,0,0,0,632,detection,
632986,16,2,1768,1768,0,0,0,0,0,0,49,0,0,0,632,detection,
633030,25,2,1768,1768,0,0,0,0,0,0,42,0,0,0,633,detection,
633033,9,2,1768,1768,0,0,0,0,0,0,39,0,0,0,633,detection,
634574,5,22,-1,-1,0,0,0,0,0,0,32,0,0,0,634,detection,
638782,25,30,-512,2280,-2792,0,100,100,40,11,25,0,77,55,638,detection,
641095,7,17,2280,2280,0,0,0,0,0,0,46,0,0,0,641,detection,
642356,22,2,1768,1768,0,0,0,0,0,0,33,0,0,0,642,detection,
642404,25,2,1768,1768,0,0,0,0,0,0,41,0,0,0,642,detection,
643949,5,10,-1,-1,0,0,0,0,0,0,39,0,0,0,643,detection,
643952,4,10,-1,-1,0,0,0,0,0,0,39,0,0,0,643,detection,
643966,7,10,-1,-1,0,0,0,0,0,0,37,0,0,0,643,detection,
644487,24,14,1536,1536,0,0,0,0,0,0,36,0,0,0,644,detection,
647378,10,7,1356,1356,0,0,0,0,0,0,32,0,0,0,647,detection,
647454,4,7,1356,1356,0,0,0,0,0,0,36,0,0,0,647,detection,
647980,22,5,844,844,0,0,0,0,0,0,39,0,0,0,647,detection,
648005,20,5,844,844,0,0,0,0,0,0,38,0,0,0,648,detection,
648040,15,5,844,844,0,0,0,0,0,0,35,0,0,0,648,detection,
648078,13,5,844,844,0,0,0,0,0,0,40,0,0,0,648,detection,
650080,13,4,-1,-1,0,0,0,0,0,0,41,0,0,0,650,detection,
650088,7,4,-1,-1,0,0,0,0,0,0,35,0,0,0,650,detection,
654481,16,14,1024,1024,0,0,0,0,0,0,36,0,0,0,654,detection,
655538,15,5,862,862,0,0,0,0,0,0,36,0,0,0,655,detection,
659246,10,7,1744,1744,0,0,0,0,0,0,35,0,0,0,659,detection,
659250,8,7,1744,1744,0,0,0,0,0,0,42,0,0,0,659,detection,
659315,17,7,1744,1744,0,0,0,0,0,0,45,0,0,0,659,detection,
659315,2,7,1744,1744,0,0,0,0,0,0,38,0,0,0,659,detection,
666166,15,5,903,903,0,0,0,0,0,0,37,0,0,0,666,detection,
666228,22,5,903,903,0,0,0,0,0,0,39,0,0,0,666,detection,
667749,8,7,1391,1391,0,0,0,0,0,0,49,0,0,0,667,detection,
669421,9,31,-512,1416,-1928,0,100,100,100,10,38,0,69,55,669,detection,
670287,15,5,903,903,0,0,0,0,0,0,37,0,0,0,670,detection,
670329,13,5,903,903,0,0,0,0,0,0,40,0,0,0,670,detection,
670371,10,2,1356,1356,0,0,0,0,0,0,39,0,0,0,670,detection,
670408,25,2,1356,1356,0,0,0,0,0,0,45,0,0,0,670,detection,
670478,22,2,1356,1356,0,0,0,0,0,0,33,0,0,0,670,detection,
673372,10,2,1356,1356,0,0,0,0,0,0,35,0,0,0,673,detection,
673407,25,2,1356,1356,0,0,0,0,0,0,44,0,0,0,673,detection,
674066,3,14,512,512,0,0,0,0,0,0,33,0,0,0,674,detection,
674692,6,31,-512,1416,-1928,0,100,100,100,10,38,0,69,55,674,detection,
674735,24,31,-512,1416,-1928,0,100,100,19,10,40,0,69,55,674,detection,
675231,24,3,1024,1024,0,0,0,0,0,0,44,0,0,0,675,detection,
675372,8,7,1391,1391,0,0,0,0,0,0,46,0,0,0,675,detection,
677062,3,14,512,512,0,0,0,0,0,0,34,0,0,0,677,detection,
677108,24,14,512,512,0,0,0,0,0,0,41,0,0,0,677,detection,
677109,16,14,512,512,0,0,0,0,0,0,41,0,0,0,677,detection,
679205,11,16,998,998,0,0,0,0,0,0,49,0,0,0,679,detection,
680063,2,10,1356,1356,0,0,0,0,0,0,39,0,0,0,680,detection,
682228,24,14,742,742,0,0,0,0,0,0,41,0,0,0,682,detection,
682232,16,14,742,742,0,0,0,0,0,0,40,0,0,0,682,detection,
685729,24,31,-512,1416,-1928,0,100,100,0,10,40,0,69,55,685,detection,
688006,20,19,-1,-1,0,0,0,0,0,0,32,0,0,0,688,detection,
692823,11,16,1258,1258,0,0,0,0,0,0,49,0,0,0,692,detection,
700234,24,31,-512,1416,-1928,0,100,100,0,10,41,0,68,55,700,detection,
702233,16,14,1280,1280,0,0,0,0,0,0,43,0,0,0,702,detection,
703497,8,17,1819,1819,0,0,0,0,0,0,40,0,0,0,703,detection,
705411,9,31,-512,1416,-1928,0,100,100,0,10,38,0,69,55,705,detection,
705445,3,31,-512,1416,-1928,0,100,100,66,9,46,0,63,40,705,detection,
705461,12,31,-512,1416,-1928,0,100,100,100,0,28,0,75,55,705,detection,
708058,6,20,-1,-1,0,0,0,0,0,0,41,0,0,0,708,detection,
709409,9,31,-512,1416,-1928,0,100,100,0,10,38,0,69,55,709,detection,
709491,16,31,-512,1416,-1928,0,100,100,100,9,44,0,64,40,709,detection,
718582,12,31,-512,1416,-1928,0,100,100,0,0,28,0,75,55,718,detection,
718662,9,31,-512,1416,-1928,0,100,100,0,10,34,0,71,55,718,detection,
722609,16,31,-512,1416,-1928,0,100,100,0,9,44,0,64,40,722,detection,
731090,1,21,768,768,0,0,0,0,0,0,62,0,0,0,731,detection,
736240,1,21,512,512,0,0,0,0,0,0,62,0,0,0,736,detection,
738373,10,29,-512,-1,-511,100,100,100,100,10,38,0,72,55,738,detection,
738373,8,29,-512,-1,-511,100,99,100,100,8,50,0,56,40,738,detection,
738376,18,29,-512,-1,-511,100,100,100,100,9,43,0,66,55,738,detection,
738438,2,29,-512,-1,-511,100,100,100,100,0,38,0,72,55,738,detection,
753073,21,8,-1,-1,0,0,0,0,0,0,33,0,0,0,753,detection,
767311,3,10,1205,1205,0,0,0,0,0,0,40,0,0,0,767,detection,
769458,1,8,768,768,0,0,0,0,0,0,39,0,0,0,769,detection,
769574,21,8,768,768,0,0,0,0,0,0,36,0,0,0,769,detection,
772828,4,13,-1,-256,255,0,51,78,34,0,46,0,69,55,772,detection,
773186,3,10,1254,1254,0,0,0,0,0,0,45,0,0,0,773,detection,
773232,24,10,1254,1254,0,0,0,0,0,0,41,0,0,0,773,detection,
773578,13,5,-1,-1,0,0,0,0,0,0,42,0,0,0,773,detection,
773625,20,5,-1,-1,0,0,0,0,0,0,44,0,0,0,773,detection,
773651,14,5,-1,-1,0,0,0,0,0,0,44,0,0,0,773,detection,
778146,1,8,512,512,0,0,0,0,0,0,36,0,0,0,778,detection,
778198,21,8,512,512,0,0,0,0,0,0,37,0,0,0,778,detection,
780507,20,18,512,512,0,0,0,0,0,0,36,0,0,0,780,detection,
781731,23,13,-1,-1,0,0,0,0,0,0,41,0,0,0,781,detection,
785285,25,30,-512,-1,-511,100,100,100,100,11,28,0,87,100,785,detection,
788602,24,10,1280,1280,0,0,0,0,0,0,44,0,0,0,788,detection,
788879,20,18,512,512,0,0,0,0,0,0,37,0,0,0,788,detection,
793456,1,8,512,512,0,0,0,0,0,0,38,0,0,0,793,detection,
796253,20,18,512,512,0,0,0,0,0,0,37,0,0,0,796,detection,
797730,24,10,1280,1280,0,0,0,0,0,0,41,0,0,0,797,detection,
802315,6,18,-1,-1,0,0,0,0,0,0,46,0,0,0,802,detection,
802375,20,18,-1,-1,0,0,0,0,0,0,41,0,0,0,802,detection,
802561,1,8,512,512,0,0,0,0,0,0,39,0,0,0,802,detection,
805940,6,10,1280,1280,0,0,0,0,0,0,44,0,0,0,805,detection,
805950,5,10,1280,1280,0,0,0,0,0,0,44,0,0,0,805,detection,
807579,11,28,-512,3353,-3865,0,100,100,100,0,88,0,48,40,807,detection,
807605,22,28,-512,3353,-3865,0,100,100,100,0,90,0,48,40,807,detection,
807613,16,28,-512,3353,-3865,0,100,100,100,0,81,0,48,40,807,detection,
807626,10,28,-512,3353,-3865,0,100,100,100,6,77,0,48,40,807,detection,
807747,1,8,512,512,0,0,0,0,0,0,40,0,0,0,807,detection,
810100,22,5,1024,1024,0,0,0,0,0,0,39,0,0,0,810,detection,
810910,25,11,-1,-1,0,0,0,0,0,0,73,0,0,0,810,detection,
811028,1,8,512,512,0,0,0,0,0,0,40,0,0,0,811,detection,
817951,13,5,-1,-1,0,0,0,0,0,0,45,0,0,0,817,detection,
817978,22,5,-1,-1,0,0,0,0,0,0,42,0,0,0,817,detection,
818003,20,5,-1,-1,0,0,0,0,0,0,43,0,0,0,818,detection,
818307,1,8,512,512,0,0,0,0,0,0,40,0,0,0,818,detection,
822312,6,18,1024,1024,0,0,0,0,0,0,45,0,0,0,822,detection,
822376,20,18,1024,1024,0,0,0,0,0,0,44,0,0,0,822,detection,
825313,17,21,1462,1462,0,0,0,0,0,0,41,0,0,0,825,detection,
825488,24,29,-512,-1,-511,100,100,100,80,11,33,0,79,55,825,detection,
825731,22,28,-512,1536,-2048,0,100,100,100,0,91,0,48,40,825,detection,
826434,6,18,-1,-1,0,0,0,0,0,0,49,0,0,0,826,detection,
831467,7,10,1536,1536,0,0,0,0,0,0,40,0,0,0,831,detection,
831480,22,10,1536,1536,0,0,0,0,0,0,42,0,0,0,831,detection,
831497,18,10,1536,1536,0,0,0,0,0,0,36,0,0,0,831,detection,
831501,8,10,1536,1536,0,0,0,0,0,0,36,0,0,0,831,detection,
832200,5,28,-512,1536,-2048,0,100,100,100,10,36,0,69,55,832,detection,
832211,12,28,-512,1536,-2048,0,100,100,100,0,40,0,69,55,832,detection,
832229,22,28,-512,1536,-2048,0,100,100,0,0,88,0,48,40,832,detection,
832251,18,28,-512,1536,-2048,0,100,100,100,10,41,0,68,55,832,detection,
832254,10,28,-512,1536,-2048,0,100,100,100,6,81,0,48,40,832,detection,
832258,20,28,-512,1536,-2048,0,100,100,100,8,51,0,58,40,832,detection,
834185,2,7,2048,2048,0,0,0,0,0,0,42,0,0,0,834,detection,
834189,17,7,2048,2048,0,0,0,0,0,0,47,0,0,0,834,detection,
834202,21,7,2048,2048,0,0,0,0,0,0,36,0,0,0,834,detection,
834246,10,7,2048,2048,0,0,0,0,0,0,39,0,0,0,834,detection,
834312,6,18,-1,-1,0,0,0,0,0,0,49,0,0,0,834,detection,
834406,14,18,-1,-1,0,0,0,0,0,0,28,0,0,0,834,detection,
835447,5,13,1024,1024,0,0,0,0,0,0,45,0,0,0,835,detection,
835451,4,13,1024,1024,0,0,0,70,34,0,46,0,64,40,835,detection,
836463,19,6,1536,1536,0,0,0,0,0,0,35,0,0,0,836,detection,
837478,22,28,-512,2048,-2560,0,100,100,52,0,77,0,48,40,837,detection,
838664,15,11,-1,-1,0,0,0,0,0,0,57,0,0,0,838,detection,
840608,23,22,1280,1280,0,0,0,0,0,0,45,0,0,0,840,detection,
845322,5,13,1024,1024,0,0,0,0,0,0,45,0,0,0,845,detection,
845539,15,11,-1,-1,0,0,0,0,0,0,52,0,0,0,845,detection,
845562,2,11,-1,-1,0,0,0,0,0,0,33,0,0,0,845,detection,
853232,16,2,2048,2048,0,0,0,0,0,0,49,0,0,0,853,detection,
853248,10,2,2048,2048,0,0,0,0,0,0,34,0,0,0,853,detection,
853249,8,2,2048,2048,0,0,0,0,0,0,41,0,0,0,853,detection,
853252,18,2,2048,2048,0,0,0,0,0,0,51,0,0,0,853,detection,
853282,14,2,2048,2048,0,0,0,0,0,0,37,0,0,0,853,detection,
853286,9,2,2048,2048,0,0,0,0,0,0,43,0,0,0,853,detection,
853784,14,5,1536,1536,0,0,0,0,0,0,47,0,0,0,853,detection,
855110,23,28,-512,2048,-2560,0,100,100,100,10,38,0,69,75,855,detection,
856281,14,8,1536,1536,0,0,0,0,0,0,28,0,0,0,856,detection,
856564,6,14,-1,-256,255,0,60,92,40,0,33,0,75,55,856,detection,
858996,10,2,1792,1792,0,0,0,0,0,0,35,0,0,0,858,detection,
858997,8,2,1792,1792,0,0,0,0,0,0,41,0,0,0,858,detection,
859078,13,2,1792,1792,0,0,0,0,0,0,51,0,0,0,859,detection,
860253,18,30,-512,1999,-2511,0,100,100,30,10,38,0,69,55,860,detection,
860290,15,30,-512,1999,-2511,0,100,100,26,8,50,0,58,40,860,detection,
862208,12,10,1868,1868,0,0,0,0,0,0,42,0,0,0,862,detection,
862251,8,10,1868,1868,0,0,0,0,0,0,40,0,0,0,862,detection,
862315,6,10,1868,1868,0,0,0,0,0,0,47,0,0,0,862,detection,
862317,2,10,1868,1868,0,0,0,0,0,0,43,0,0,0,862,detection,
862321,5,10,1868,1868,0,0,0,0,0,0,44,0,0,0,862,detection,
862324,4,10,1868,1868,0,0,0,0,0,0,43,0,0,0,862,detection,
865873,18,30,-512,1743,-2255,0,100,100,37,10,39,0,69,55,865,detection,
865915,15,30,-512,1743,-2255,0,100,100,33,8,51,0,58,40,865,detection,
867239,16,10,1868,1868,0,0,0,0,0,0,34,0,0,0,867,detection,
867277,14,8,1487,1487,0,100,0,0,0,0,47,0,61,40,867,detection,
867375,10,8,1487,1487,0,100,0,0,0,0,73,0,49,40,867,detection,
867956,12,2,1817,1817,0,0,0,0,0,0,40,0,0,0,867,detection,
867985,16,2,1817,1817,0,0,0,0,0,0,49,0,0,0,867,detection,
867998,8,2,1817,1817,0,0,0,0,0,0,41,0,0,0,867,detection,
867999,10,2,1817,1817,0,0,0,0,0,0,36,0,0,0,867,detection,
868032,25,2,1817,1817,0,0,0,0,0,0,45,0,0,0,868,detection,
868032,14,2,1817,1817,0,0,0,0,0,0,34,0,0,0,868,detection,
868076,21,2,1817,1817,0,0,0,0,0,0,47,0,0,0,868,detection,
870748,18,30,-512,1743,-2255,0,100,100,0,10,40,0,69,55,870,detection,
871504,10,28,-512,1743,-2255,0,100,100,19,0,85,0,48,40,871,detection,
871534,14,28,-512,1743,-2255,0,100,100,100,0,37,0,69,55,871,detection,
871573,5,28,-512,1743,-2255,0,100,100,29,10,41,0,68,55,871,detection,
871585,12,28,-512,1743,-2255,0,100,100,28,0,45,0,63,40,871,detection,
871938,6,10,2090,2090,0,0,0,0,0,0,48,0,0,0,871,detection,
871947,5,10,2090,2090,0,0,0,0,0,0,44,0,0,0,871,detection,
871951,4,10,2090,2090,0,0,0,0,0,0,43,0,0,0,871,detection,
871955,12,10,2090,2090,0,0,0,0,0,0,42,0,0,0,871,detection,
871981,16,10,2090,2090,0,0,0,0,0,0,33,0,0,0,871,detection,
871998,8,10,2090,2090,0,0,0,0,0,0,40,0,0,0,871,detection,
873828,5,30,-512,1743,-2255,0,100,100,45,10,37,0,69,55,873,detection,
874200,21,2,1817,1817,0,0,0,0,0,0,47,0,0,0,874,detection,
874207,11,2,1817,1817,0,0,0,0,0,0,40,0,0,0,874,detection,
874207,12,2,1817,1817,0,0,0,0,0,0,41,0,0,0,874,detection,
874207,13,2,1817,1817,0,0,0,0,0,0,51,0,0,0,874,detection,
874233,23,2,1817,1817,0,0,0,0,0,0,41,0,0,0,874,detection,
874234,16,2,1817,1817,0,0,0,0,0,0,49,0,0,0,874,detection,
874246,10,2,1817,1817,0,0,0,0,0,0,37,0,0,0,874,detection,
874247,8,2,1817,1817,0,0,0,0,0,0,41,0,0,0,874,detection,
874277,14,2,1817,1817,0,0,0,0,0,0,35,0,0,0,874,detection,
874281,25,2,1817,1817,0,0,0,0,0,0,46,0,0,0,874,detection,
874579,13,5,1444,1444,0,0,0,0,0,0,49,0,0,0,874,detection,
874656,14,5,1444,1444,0,0,0,0,0,0,46,0,0,0,874,detection,
877821,5,28,-512,1700,-2212,0,100,100,6,10,41,0,68,55,877,detection,
877846,19,28,-512,1700,-2212,0,100,100,100,0,49,0,59,40,877,detection,
877855,23,28,-512,1700,-2212,0,100,100,50,10,40,0,69,75,877,detection,
877864,16,28,-512,1700,-2212,0,100,100,100,0,85,0,48,40,877,detection,
877877,10,28,-512,1700,-2212,0,100,100,4,0,85,0,48,40,877,detection,
877907,14,28,-512,1700,-2212,0,100,100,6,0,37,0,69,55,877,detection,
880980,22,28,-512,1722,-2234,0,100,100,31,0,83,0,48,40,880,detection,
880984,16,28,-512,1722,-2234,0,100,100,2,0,85,0,48,40,880,detection,
881000,10,28,-512,1722,-2234,0,100,100,2,0,85,0,48,40,881,detection,
881030,14,28,-512,1722,-2234,0,100,100,3,0,36,0,69,55,881,detection,
881073,5,28,-512,1722,-2234,0,100,100,3,10,41,0,68,55,881,detection,
881082,12,28,-512,1722,-2234,0,100,100,2,0,44,0,64,40,881,detection,
882329,13,16,1956,1956,0,0,0,0,0,0,38,0,0,0,882,detection,
882577,13,2,1817,1817,0,0,0,0,0,0,52,0,0,0,882,detection,
882602,22,2,1817,1817,0,0,0,0,0,0,34,0,0,0,882,detection,
882603,23,2,1817,1817,0,0,0,0,0,0,42,0,0,0,882,detection,
882607,16,2,1817,1817,0,0,0,0,0,0,49,0,0,0,882,detection,
882628,8,2,1817,1817,0,0,0,0,0,0,37,0,0,0,882,detection,
882654,14,2,1817,1817,0,0,0,0,0,0,36,0,0,0,882,detection,
882654,25,2,1817,1817,0,0,0,0,0,0,47,0,0,0,882,detection,
883481,1,21,-1,-1,0,0,0,0,0,0,66,0,0,0,883,detection,
886069,3,31,-512,1766,-2278,0,100,100,47,9,46,0,63,40,886,detection,
886251,18,30,-512,2329,-2841,0,100,100,85,10,39,0,69,55,886,detection,
886329,5,30,-512,2329,-2841,0,100,100,87,10,37,0,69,55,886,detection,
888213,1,2,1817,1817,0,0,0,0,0,0,22,0,0,0,888,detection,
888226,22,2,1817,1817,0,0,0,0,0,0,35,0,0,0,888,detection,
888234,16,2,1817,1817,0,0,0,0,0,0,49,0,0,0,888,detection,
888281,25,2,1817,1817,0,0,0,0,0,0,44,0,0,0,888,detection,
888327,21,2,1817,1817,0,0,0,0,0,0,43,0,0,0,888,detection,
888328,13,2,1817,1817,0,0,0,0,0,0,52,0,0,0,888,detection,
889065,3,31,-512,1766,-2278,0,100,100,0,10,41,0,68,55,889,detection,
889085,12,31,-512,1766,-2278,0,100,100,50,0,41,0,68,55,889,detection,
890323,5,30,-512,2073,-2585,0,100,100,37,10,38,0,69,55,890,detection,
890376,18,30,-512,2073,-2585,0,100,100,37,10,40,0,69,55,890,detection,
894748,18,30,-512,1024,-1536,0,100,100,100,9,44,0,64,40,894,detection,
894958,12,31,-512,1766,-2278,0,100,100,0,0,40,0,69,55,894,detection,
895065,3,31,-512,1766,-2278,0,100,100,0,10,40,0,69,55,895,detection,
895500,10,28,-512,1280,-1792,0,100,100,42,0,86,0,48,40,895,detection,
895533,14,28,-512,1280,-1792,0,100,100,59,0,47,0,62,40,895,detection,
895572,5,28,-512,1280,-1792,0,100,100,58,9,49,0,59,40,895,detection,
895581,12,28,-512,1280,-1792,0,100,100,56,0,52,0,58,40,895,detection,
896884,1,21,768,768,0,0,0,0,0,0,70,0,0,0,896,detection,
898607,22,28,-512,1280,-1792,0,100,100,43,0,82,0,48,40,898,detection,
898611,16,28,-512,1280,-1792,0,100,100,41,0,88,0,48,40,898,detection,
898627,10,28,-512,1280,-1792,0,100,100,0,0,78,0,48,40,898,detection,
898628,18,28,-512,1280,-1792,0,100,100,33,9,49,0,59,40,898,detection,
898653,14,28,-512,1280,-1792,0,100,100,0,0,44,0,64,40,898,detection,
898696,5,28,-512,1280,-1792,0,100,100,0,9,45,0,63,40,898,detection,
898712,12,28,-512,1280,-1792,0,100,100,0,0,52,0,58,40,898,detection,
899189,3,31,-512,1766,-2278,0,100,100,0,0,39,0,69,55,899,detection,
899241,16,31,-512,1766,-2278,0,100,100,49,9,43,0,66,55,899,detection,
901190,1,21,512,512,0,0,0,0,0,0,70,0,0,0,901,detection,
902069,5,13,-1,-1,0,0,0,0,0,0,45,0,0,0,902,detection,
903253,20,4,1024,1024,0,0,0,0,0,0,43,0,0,0,903,detection,
903910,9,29,-512,1024,-1536,0,100,100,76,10,37,0,69,55,903,detection,
903966,7,29,-512,1024,-1536,0,100,100,100,0,34,0,71,55,903,detection,
906467,7,17,1536,1536,0,0,0,0,0,0,48,0,0,0,906,detection,
909583,4,29,-512,1024,-1536,0,100,100,78,10,35,0,70,55,909,detection,
909592,7,29,-512,1024,-1536,0,100,100,0,0,33,0,71,55,909,detection,
909660,9,29,-512,1024,-1536,0,100,100,0,10,37,0,69,55,909,detection,
914591,7,17,1536,1536,0,0,0,0,0,0,48,0,0,0,914,detection,
914621,8,17,1536,1536,0,0,0,0,0,0,44,0,0,0,914,detection,
917905,9,7,2048,2048,0,0,0,0,0,0,36,0,0,0,917,detection,
920738,16,22,-1,-1,0,0,0,0,0,0,38,0,0,0,920,detection,
920823,5,22,-1,-1,0,0,0,0,0,0,32,0,0,0,920,detection,
920836,12,22,-1,-1,0,0,0,0,0,0,36,0,0,0,920,detection,
943021,1,2,512,512,0,0,0,0,0,0,26,0,0,0,943,detection,
949981,1,2,512,512,0,0,0,0,0,0,26,0,0,0,949,detection,
950083,11,2,512,512,0,0,0,0,0,0,44,0,0,0,950,detection,
950254,18,30,-512,512,-1024,0,100,100,68,0,48,0,60,40,950,detection,
950837,7,4,1024,1024,0,0,0,0,0,0,38,0,0,0,950,detection,
951102,22,5,-1,-1,0,0,0,0,0,0,46,0,0,0,951,detection,
951153,14,5,-1,-1,0,0,0,0,0,0,50,0,0,0,951,detection,
951203,13,5,-1,-1,0,0,0,0,0,0,52,0,0,0,951,detection,
952004,20,6,768,768,0,0,0,0,0,0,32,0,0,0,952,detection,
953439,2,11,1024,1024,0,0,0,0,0,0,37,0,0,0,953,detection,
953482,16,11,1024,1024,0,0,0,0,0,0,36,0,0,0,953,detection,
954151,14,5,1536,1536,0,0,0,0,0,0,53,0,0,0,954,detection,
954202,13,5,1536,1536,0,0,0,0,0,0,56,0,0,0,954,detection,
954207,11,5,1536,1536,0,0,0,0,0,0,28,0,0,0,954,detection,
954220,19,5,1536,1536,0,0,0,0,0,0,49,0,0,0,954,detection,
954229,22,5,1536,1536,0,0,0,0,0,0,49,0,0,0,954,detection,
954312,6,20,-1,-1,0,0,0,0,0,0,37,0,0,0,954,detection,
954530,14,28,-512,1280,-1792,0,100,100,0,0,46,0,63,40,954,detection,
954568,3,28,-512,1280,-1792,0,100,100,100,0,43,0,66,55,954,detection,
954573,5,28,-512,1280,-1792,0,100,100,0,0,48,0,60,40,954,detection,
954582,12,28,-512,1280,-1792,0,100,100,0,0,55,0,58,40,954,detection,
954584,11,28,-512,1280,-1792,0,100,100,100,0,92,0,48,40,954,detection,
954611,16,28,-512,1280,-1792,0,100,100,0,0,92,0,48,40,954,detection,
954627,18,28,-512,1280,-1792,0,100,100,0,0,51,0,58,40,954,detection,
954628,20,28,-512,1280,-1792,0,100,100,32,8,53,0,58,40,954,detection,
957091,1,2,512,512,0,0,0,0,0,0,22,0,0,0,957,detection,
957644,1,11,-1,-1,0,0,0,0,0,0,22,0,0,0,957,detection,
960986,23,28,-512,1024,-1536,0,100,100,94,9,43,0,66,75,960,detection,
962202,11,5,1280,1280,0,0,0,0,0,0,31,0,0,0,962,detection,
964987,1,2,512,512,0,0,0,0,0,0,22,0,0,0,964,detection,
965185,6,4,-1,-1,0,0,0,0,0,0,33,0,0,0,965,detection,
965192,3,4,-1,-1,0,0,0,0,0,0,40,0,0,0,965,detection,
965249,20,4,-1,-1,0,0,0,0,0,0,46,0,0,0,965,detection,
966034,9,7,-1,-1,0,0,0,0,0,0,38,0,0,0,966,detection,
966078,21,7,-1,-1,0,0,0,0,0,0,39,0,0,0,966,detection,
966125,10,7,-1,-1,0,0,0,0,0,0,42,0,0,0,966,detection,
967253,20,28,-512,768,-1280,0,100,100,64,8,54,0,58,40,967,detection,
969062,6,20,998,998,0,0,0,0,0,0,40,0,0,0,969,detection,
969575,5,19,1536,1536,0,0,0,0,0,0,32,0,0,0,969,detection,
971313,3,6,698,698,0,0,0,0,0,0,61,0,0,0,971,detection,
971377,20,6,698,698,0,0,0,0,0,0,32,0,0,0,971,detection,
971802,1,11,793,793,0,0,0,0,0,0,28,0,0,0,971,detection,
971811,2,11,793,793,0,0,0,0,0,0,37,0,0,0,971,detection,
971856,23,11,793,793,0,0,0,0,0,0,37,0,0,0,971,detection,
972028,14,5,2048,2048,0,0,0,0,0,0,57,0,0,0,972,detection,
972037,15,5,2048,2048,0,0,0,0,0,0,40,0,0,0,972,detection,
972078,13,5,2048,2048,0,0,0,0,0,0,56,0,0,0,972,detection,
972101,22,5,2048,2048,0,0,0,0,0,0,52,0,0,0,972,detection,
975499,20,4,1024,1024,0,0,0,0,0,0,49,0,0,0,975,detection,
975698,5,28,-512,1536,-2048,0,100,100,33,0,50,0,58,40,975,detection,
975732,23,28,-512,1536,-2048,0,100,100,69,9,46,0,63,40,975,detection,
975750,18,28,-512,1536,-2048,0,100,100,32,0,54,0,58,40,975,detection,
975757,20,28,-512,1536,-2048,0,100,100,94,0,56,0,58,40,975,detection,
975782,14,28,-512,1536,-2048,0,100,100,34,0,48,0,60,40,975,detection,
977733,16,11,793,793,0,0,0,0,0,0,36,0,0,0,977,detection,
978857,22,2,512,512,0,0,0,0,0,0,39,0,0,0,978,detection,
978861,16,2,512,512,0,0,0,0,0,0,53,0,0,0,978,detection,
979127,20,4,1024,1024,0,0,0,0,0,0,45,0,0,0,979,detection,
979127,18,4,1024,1024,0,0,0,0,0,0,37,0,0,0,979,detection,
979915,15,30,-512,742,-1254,0,100,100,100,8,54,0,58,40,979,detection,
979954,5,30,-512,742,-1254,0,100,100,100,9,42,0,66,55,979,detection,
980731,16,22,1024,1024,0,0,0,0,0,0,42,0,0,0,980,detection,
980791,15,22,1024,1024,0,0,0,0,0,0,36,0,0,0,980,detection,
981185,2,14,-1,-1,0,0,0,0,0,0,32,0,0,0,981,detection,
981186,3,14,-1,-1,0,0,0,0,0,0,37,0,0,0,981,detection,
981188,6,14,-1,-1,0,0,0,79,38,0,36,0,74,55,981,detection,
981198,5,14,-1,-1,0,0,0,0,0,0,36,0,0,0,981,detection,
981199,4,14,-1,-1,0,0,0,0,0,0,36,0,0,0,981,detection,
981202,11,14,-1,-1,0,0,0,0,0,0,32,0,0,0,981,detection,
981225,22,14,-1,-1,0,0,0,0,0,0,32,0,0,0,981,detection,
981250,18,14,-1,-1,0,0,0,0,0,0,37,0,0,0,981,detection,
981250,20,14,-1,-1,0,0,0,0,0,0,28,0,0,0,981,detection,
981503,20,28,-512,1536,-2048,0,100,100,0,0,58,0,58,40,981,detection,
983532,14,18,1536,1536,0,0,0,0,0,0,32,0,0,0,983,detection,
983627,20,18,1536,1536,0,0,0,0,0,0,43,0,0,0,983,detection,
984879,20,4,-1,-1,0,0,0,0,0,0,49,0,0,0,984,detection,
987063,3,6,-1,-1,0,0,0,0,0,0,62,0,0,0,987,detection,
987131,20,6,-1,-1,0,0,0,0,0,0,36,0,0,0,987,detection,
992538,15,30,-512,-1,-511,100,92,100,89,8,58,0,56,40,992,detection,
993915,15,30,-512,-1,-511,100,93,100,0,8,57,0,56,40,993,detection,
1040957,21,26,-512,512,-1024,0,100,100,76,10,37,0,69,55,1040,detection,
1050077,21,26,-512,512,-1024,0,100,100,0,10,37,0,69,55,1050,detection,
1053701,21,26,-512,512,-1024,0,100,100,0,10,37,0,69,55,1053,detection,
1057941,2,26,-512,512,-1024,0,100,100,76,0,37,0,69,55,1057,detection,
1057954,21,26,-512,512,-1024,0,100,100,0,10,37,0,69,55,1057,detection,
1058232,24,5,512,512,0,0,0,0,0,0,38,0,0,0,1058,detection,
1058689,3,24,-1,-256,255,0,57,87,38,0,37,0,74,55,1058,detection,
1063569,6,26,-512,512,-1024,0,100,100,52,6,78,0,48,40,1063,detection,
1063659,25,26,-512,512,-1024,0,100,100,100,10,40,0,69,55,1063,detection,
1064219,19,5,512,512,0,0,0,0,0,0,50,0,0,0,1064,detection,
1067464,19,5,512,512,0,0,0,0,0,0,50,0,0,0,1067,detection,
1067540,15,5,512,512,0,0,0,0,0,0,45,0,0,0,1067,detection,
1067782,25,26,-512,512,-1024,0,100,100,0,10,41,0,68,55,1067,detection,
1067815,2,26,-512,512,-1024,0,100,100,0,0,37,0,69,55,1067,detection,
1067902,1,21,-1,-1,0,0,0,0,0,0,73,0,0,0,1067,detection,
1076409,25,26,-512,512,-1024,0,100,100,0,10,41,0,68,55,1076,detection,
1076439,6,26,-512,512,-1024,0,100,100,0,6,81,0,48,40,1076,detection,
1076439,2,26,-512,512,-1024,0,100,100,0,0,33,0,71,55,1076,detection,
1079571,1,21,768,768,0,0,0,0,0,0,73,0,0,0,1079,detection,
1083705,11,5,1024,1024,0,0,0,0,0,0,36,0,0,0,1083,detection,
1083714,19,5,1024,1024,0,0,0,0,0,0,55,0,0,0,1083,detection,
1085518,1,2,-1,-1,0,0,0,0,0,0,25,0,0,0,1085,detection,
1085530,25,2,-1,-1,0,0,0,0,0,0,47,0,0,0,1085,detection,
1085574,21,2,-1,-1,0,0,0,0,0,0,47,0,0,0,1085,detection,
1085581,11,2,-1,-1,0,0,0,0,0,0,44,0,0,0,1085,detection,
1085599,22,2,-1,-1,0,0,0,0,0,0,43,0,0,0,1085,detection,
1085774,1,21,512,512,0,0,0,0,0,0,75,0,0,0,1085,detection,
1087733,1,21,512,512,0,0,0,0,0,0,72,0,0,0,1087,detection,
1089818,1,2,1024,1024,0,0,0,0,0,0,27,0,0,0,1089,detection,
1089904,25,2,1024,1024,0,0,0,0,0,0,50,0,0,0,1089,detection,
1092972,1,21,512,512,0,0,0,0,0,0,73,0,0,0,1092,detection,
1093315,6,3,-1,-1,0,0,0,0,0,0,50,0,0,0,1093,detection,
1095096,1,2,1024,1024,0,0,0,0,0,0,27,0,0,0,1095,detection,
1095101,22,2,1024,1024,0,0,0,0,0,0,46,0,0,0,1095,detection,
1095200,21,2,1024,1024,0,0,0,0,0,0,51,0,0,0,1095,detection,
1096958,11,5,1024,1024,0,0,0,0,0,0,36,0,0,0,1096,detection,
1096967,19,5,1024,1024,0,0,0,0,0,0,54,0,0,0,1096,detection,
1096977,22,5,1024,1024,0,0,0,0,0,0,56,0,0,0,1096,detection,
1098281,25,11,-1,-256,255,0,39,70,26,0,77,0,46,40,1098,detection,
1098487,1,2,1024,1024,0,0,0,0,0,0,26,0,0,0,1098,detection,
1099320,5,22,1536,1536,0,0,0,0,0,0,36,0,0,0,1099,detection,
1099327,11,22,1536,1536,0,0,0,0,0,0,40,0,0,0,1099,detection,
1099341,19,22,1536,1536,0,0,0,0,0,0,32,0,0,0,1099,detection,
1099358,16,22,1536,1536,0,0,0,0,0,0,41,0,0,0,1099,detection,
1099751,1,21,537,537,0,0,0,0,0,0,72,0,0,0,1099,detection,
1101037,9,26,-512,1536,-2048,0,100,100,35,9,44,0,64,40,1101,detection,
1101752,18,28,-512,1295,-1807,0,100,100,29,0,58,0,58,40,1101,detection,
1101760,20,28,-512,1295,-1807,0,100,100,28,0,62,0,54,40,1101,detection,
1101825,5,28,-512,1295,-1807,0,100,100,29,0,55,0,58,40,1101,detection,
1101832,11,28,-512,1295,-1807,0,100,100,1,0,96,0,48,40,1101,detection,
1101845,19,28,-512,1295,-1807,0,100,100,53,0,49,0,59,40,1101,detection,
1101854,22,28,-512,1295,-1807,0,100,100,1,0,84,0,48,40,1101,detection,
1101859,16,28,-512,1295,-1807,0,100,100,1,0,96,0,48,40,1101,detection,
1104106,16,22,1536,1536,0,0,0,0,0,0,41,0,0,0,1104,detection,
1104329,11,5,768,768,0,0,0,0,0,0,37,0,0,0,1104,detection,
1104329,13,5,768,768,0,0,0,0,0,0,57,0,0,0,1104,detection,
1104339,19,5,768,768,0,0,0,0,0,0,54,0,0,0,1104,detection,
1104355,22,5,768,768,0,0,0,0,0,0,57,0,0,0,1104,detection,
1104458,1,2,1075,1075,0,0,0,0,0,0,26,0,0,0,1104,detection,
1106379,8,26,-512,1280,-1792,0,100,100,100,9,47,0,62,40,1106,detection,
1108982,16,22,-1,-1,0,0,0,0,0,0,41,0,0,0,1108,detection,
1109038,15,22,-1,-1,0,0,0,0,0,0,40,0,0,0,1109,detection,
1115577,13,5,1020,1020,0,0,0,0,0,0,58,0,0,0,1115,detection,
1115577,11,5,1020,1020,0,0,0,0,0,0,33,0,0,0,1115,detection,
1115603,22,5,1020,1020,0,0,0,0,0,0,58,0,0,0,1115,detection,
1115658,14,5,1020,1020,0,0,0,0,0,0,58,0,0,0,1115,detection,
1115663,15,5,1020,1020,0,0,0,0,0,0,50,0,0,0,1115,detection,
1119590,1,2,768,768,0,0,0,0,0,0,29,0,0,0,1119,detection,
1120356,22,29,-512,1481,-1993,0,100,100,100,11,31,0,72,55,1120,detection,
1120377,8,29,-512,1481,-1993,0,100,100,100,8,50,0,58,40,1120,detection,
1122827,13,5,1020,1020,0,0,0,0,0,0,55,0,0,0,1122,detection,
1122827,11,5,1020,1020,0,0,0,0,0,0,34,0,0,0,1122,detection,
1122840,19,5,1020,1020,0,0,0,0,0,0,55,0,0,0,1122,detection,
1122853,22,5,1020,1020,0,0,0,0,0,0,55,0,0,0,1122,detection,
1122905,14,5,1020,1020,0,0,0,0,0,0,55,0,0,0,1122,detection,
1122913,15,5,1020,1020,0,0,0,0,0,0,48,0,0,0,1122,detection,
1126487,1,2,512,512,0,0,0,0,0,0,26,0,0,0,1126,detection,
1126499,18,2,512,512,0,0,0,0,0,0,52,0,0,0,1126,detection,
1126533,25,2,512,512,0,0,0,0,0,0,55,0,0,0,1126,detection,
1127154,14,9,1532,1532,0,0,0,0,0,0,44,0,0,0,1127,detection,
1127206,21,9,1532,1532,0,0,0,0,0,0,37,0,0,0,1127,detection,
1131827,21,9,1532,1532,0,0,0,0,0,0,36,0,0,0,1131,detection,
1133028,14,8,-1,-1,0,0,0,0,0,0,47,0,0,0,1133,detection,
1133167,1,2,512,512,0,0,0,0,0,0,26,0,0,0,1133,detection,
1134727,22,5,1613,1613,0,0,0,0,0,0,55,0,0,0,1134,detection,
1134753,20,5,1613,1613,0,0,0,0,0,0,48,0,0,0,1134,detection,
1134791,15,5,1613,1613,0,0,0,0,0,0,48,0,0,0,1134,detection,
1136381,20,3,1024,1024,0,0,0,0,0,0,48,0,0,0,1136,detection,
1136478,22,14,1532,1532,0,0,0,0,0,0,36,0,0,0,1136,detection,
1141977,22,14,1532,1532,0,0,0,0,0,0,36,0,0,0,1141,detection,
1144722,19,28,-512,1309,-1821,0,100,100,1,0,47,0,62,40,1144,detection,
1147063,6,26,-512,-1,-511,100,76,100,50,6,81,0,49,40,1147,detection,
1147063,17,26,-512,-1,-511,100,100,100,0,10,36,0,76,55,1147,detection,
1147093,7,26,-512,-1,-511,100,100,100,0,10,36,0,76,55,1147,detection,
1148716,19,5,1660,1660,0,0,0,0,0,0,54,0,0,0,1148,detection,
1148968,19,6,-1,-1,0,0,0,0,0,0,38,0,0,0,1148,detection,
1152715,7,26,-512,-1,-511,100,100,100,0,10,36,0,76,55,1152,detection,
1155197,5,28,-512,1309,-1821,0,100,100,1,0,55,0,58,40,1155,detection,
1155235,23,28,-512,1309,-1821,0,100,100,30,9,46,0,63,40,1155,detection,
1155239,16,28,-512,1309,-1821,0,100,100,1,0,96,0,48,40,1155,detection,
1155625,18,30,-512,512,-1024,0,100,100,0,0,48,0,60,40,1155,detection,
1155967,19,5,1660,1660,0,0,0,0,0,0,53,0,0,0,1155,detection,
1156850,13,29,-512,768,-1280,0,100,100,100,10,35,0,70,55,1156,detection,
1156871,10,12,-1,-1,0,0,0,0,0,0,42,0,0,0,1156,detection,
1156875,18,29,-512,768,-1280,0,100,100,100,9,46,0,63,40,1156,detection,
1156948,4,12,-1,-1,0,0,0,0,0,0,32,0,0,0,1156,detection,
1156954,21,9,3167,3167,0,0,0,0,0,0,72,0,0,0,1156,detection,
1159604,22,14,1736,1736,0,0,0,0,0,0,36,0,0,0,1159,detection,
1160077,21,9,3208,3208,0,0,0,0,0,0,67,0,0,0,1160,detection,
1160496,18,29,-512,512,-1024,0,100,100,35,9,43,0,66,55,1160,detection,
1160565,2,29,-512,512,-1024,0,100,100,71,0,43,0,66,55,1160,detection,
1160582,13,29,-512,512,-1024,0,100,100,38,10,36,0,69,55,1160,detection,
1163668,15,25,742,742,0,0,0,0,0,0,28,0,0,0,1163,detection,
1164876,18,29,-512,512,-1024,0,100,100,0,9,44,0,64,40,1164,detection,
1166782,25,8,1024,1024,0,0,0,0,0,0,32,0,0,0,1166,detection,
1171750,18,29,-512,512,-1024,0,100,100,0,0,44,0,64,40,1171,detection,
1171966,19,28,-512,-1,-511,100,100,100,100,0,48,0,59,40,1171,detection,
1171983,16,28,-512,-1,-511,100,69,100,100,0,93,0,49,40,1171,detection,
1172082,11,28,-512,-1,-511,100,66,100,100,0,100,0,49,40,1172,detection,
1172357,22,14,1736,1736,0,0,0,0,0,0,33,0,0,0,1172,detection,
1173985,23,13,-1,-256,255,0,54,82,36,0,42,0,71,55,1173,detection,
1174045,15,13,-1,-256,255,0,51,78,34,0,46,0,69,55,1174,detection,
1175255,18,30,-512,512,-1024,0,100,100,0,0,49,0,59,40,1175,detection,
1175852,22,14,1736,1736,0,0,0,0,0,0,33,0,0,0,1175,detection,
1176901,14,8,-1,-1,0,0,0,0,0,0,49,0,0,0,1176,detection,
1177329,11,28,-512,-1,-511,100,68,100,0,0,95,0,49,40,1177,detection,
1177342,19,28,-512,-1,-511,100,100,100,0,0,46,0,62,40,1177,detection,
1177359,16,28,-512,-1,-511,100,74,100,0,0,84,0,49,40,1177,detection,
1178123,18,30,-512,-1,-511,100,97,100,65,0,52,0,56,40,1178,detection,
1179476,22,14,1736,1736,0,0,0,0,0,0,33,0,0,0,1179,detection,
1179949,21,9,-1,-1,0,0,0,0,0,0,67,0,0,0,1179,detection,
1184727,22,14,1736,1736,0,0,0,0,0,0,33,0,0,0,1184,detection,
1184787,25,14,1736,1736,0,0,0,0,0,0,29,0,0,0,1184,detection,
1194190,17,26,-512,512,-1024,0,100,100,74,10,40,0,69,55,1194,detection,
1194353,22,14,1736,1736,0,0,0,0,0,0,33,0,0,0,1194,detection,
1194357,24,14,1736,1736,0,0,0,0,0,0,42,0,0,0,1194,detection,
1199850,22,14,1736,1736,0,0,0,0,0,0,33,0,0,0,1199,detection,
1199855,24,14,1736,1736,0,0,0,0,0,0,42,0,0,0,1199,detection,
1199876,8,14,1736,1736,0,0,0,0,0,0,39,0,0,0,1199,detection,
1199910,9,14,1736,1736,0,0,0,0,0,0,38,0,0,0,1199,detection,
1204560,17,26,-512,512,-1024,0,100,100,0,10,41,0,68,55,1204,detection,
1204581,21,26,-512,512,-1024,0,100,100,0,10,36,0,69,55,1204,detection,
1204778,14,8,1992,1992,0,0,0,0,0,0,53,0,0,0,1204,detection,
1204782,9,8,1992,1992,0,0,0,0,0,0,41,0,0,0,1204,detection,
1209937,17,26,-512,512,-1024,0,100,100,0,10,41,0,68,55,1209,detection,
1212563,2,8,1992,1992,0,0,0,0,0,0,33,0,0,0,1212,detection,
1212580,4,8,1992,1992,0,0,0,0,0,0,33,0,0,0,1212,detection,
1212653,14,8,1992,1992,0,0,0,0,0,0,49,0,0,0,1212,detection,
1212657,9,8,1992,1992,0,0,0,0,0,0,37,0,0,0,1212,detection,
1214327,21,26,-512,512,-1024,0,100,100,0,11,32,0,71,55,1214,detection,
1218080,21,26,-512,512,-1024,0,100,100,0,0,31,0,72,55,1218,detection,
1223326,21,26,-512,512,-1024,0,100,100,0,0,31,0,72,55,1223,detection,
1234705,21,26,-512,512,-1024,0,100,100,0,0,31,0,72,55,1234,detection,
1239565,2,26,-512,512,-1024,0,100,100,0,0,34,0,71,55,1239,detection,
1239578,21,26,-512,512,-1024,0,100,100,0,0,31,0,72,55,1239,detection,
1248443,17,26,-512,512,-1024,0,100,100,0,10,41,0,68,55,1248,detection,
1248456,21,26,-512,512,-1024,0,100,100,0,0,30,0,73,55,1248,detection,
1253565,17,26,-512,512,-1024,0,100,100,0,0,41,0,68,55,1253,detection,
1257663,25,26,-512,512,-1024,0,100,100,0,10,37,0,69,55,1257,detection,
1257689,17,26,-512,512,-1024,0,100,100,0,0,41,0,68,55,1257,detection,
1261940,17,26,-512,512,-1024,0,100,100,0,0,37,0,69,55,1261,detection,
1265686,17,26,-512,512,-1024,0,100,100,0,0,37,0,69,55,1265,detection,
1270686,17,26,-512,512,-1024,0,100,100,0,0,37,0,69,55,1270,detection,
1270781,25,26,-512,512,-1024,0,100,100,0,10,37,0,69,55,1270,detection,
1274158,25,26,-512,512,-1024,0,100,100,0,10,37,0,69,55,1274,detection,
1274191,17,26,-512,512,-1024,0,100,100,0,0,36,0,69,55,1274,detection,
1279970,7,26,-512,512,-1024,0,100,100,74,10,40,0,69,55,1279,detection,
1280037,25,26,-512,512,-1024,0,100,100,0,10,37,0,69,55,1280,detection,
1286909,25,26,-512,512,-1024,0,100,100,0,0,37,0,69,55,1286,detection,
1286939,17,26,-512,512,-1024,0,100,100,0,0,36,0,69,55,1286,detection,
1286953,21,26,-512,512,-1024,0,100,100,0,0,30,0,73,55,1286,detection,
1292538,25,26,-512,512,-1024,0,100,100,0,0,37,0,69,55,1292,detection,
1292568,17,26,-512,512,-1024,0,100,100,0,0,36,0,69,55,1292,detection,
1292577,21,26,-512,512,-1024,0,100,100,0,0,30,0,73,55,1292,detection,
1292594,7,26,-512,512,-1024,0,100,100,0,10,37,0,69,55,1292,detection,
1292628,8,26,-512,512,-1024,0,100,100,99,8,51,0,58,40,1292,detection,
1295314,17,26,-512,512,-1024,0,100,100,0,0,35,0,70,55,1295,detection,
1295328,21,26,-512,512,-1024,0,100,100,0,0,26,0,75,55,1295,detection,
1295341,7,26,-512,512,-1024,0,100,100,0,10,37,0,69,55,1295,detection,
1300079,21,26,-512,512,-1024,0,100,100,0,0,26,0,75,55,1300,detection,
1306472,7,26,-512,512,-1024,0,100,100,0,10,37,0,69,55,1306,detection,
1312090,7,26,-512,512,-1024,0,100,100,0,0,37,0,69,55,1312,detection,
1312128,8,26,-512,512,-1024,0,100,100,0,8,52,0,58,40,1312,detection,
1312162,25,26,-512,512,-1024,0,100,100,0,0,37,0,69,55,1312,detection,
1315841,7,26,-512,512,-1024,0,100,100,0,0,37,0,69,55,1315,detection,
1323128,8,26,-512,512,-1024,0,100,100,0,8,52,0,58,40,1323,detection,
1332625,8,26,-512,512,-1024,0,100,100,0,9,49,0,59,40,1332,detection,
1341753,8,26,-512,512,-1024,0,100,100,0,0,49,0,59,40,1341,detection,
1347375,8,26,-512,512,-1024,0,100,100,0,0,49,0,59,40,1347,detection,
1371565,2,26,-512,512,-1024,0,100,100,0,0,33,0,71,55,1371,detection,
1377064,2,26,-512,512,-1024,0,100,100,0,0,33,0,71,55,1377,detection,
1377067,17,26,-512,512,-1024,0,100,100,0,0,35,0,70,55,1377,detection,
1381689,2,26,-512,512,-1024,0,100,100,0,0,33,0,71,55,1381,detection,
1381689,17,26,-512,512,-1024,0,100,100,0,0,31,0,72,55,1381,detection,
1385064,2,26,-512,512,-1024,0,100,100,0,0,33,0,71,55,1385,detection,
1396438,17,26,-512,512,-1024,0,100,100,0,0,30,0,73,55,1396,detection,
1396439,2,26,-512,512,-1024,0,100,100,0,0,33,0,71,55,1396,detection,
1401060,17,26,-512,512,-1024,0,100,100,0,0,30,0,73,55,1401,detection,
1401061,2,26,-512,512,-1024,0,100,100,0,0,32,0,71,55,1401,detection,
1404936,2,26,-512,512,-1024,0,100,100,0,0,28,0,75,55,1404,detection,
1404939,17,26,-512,512,-1024,0,100,100,0,0,30,0,73,55,1404,detection,
1410538,9,26,-512,742,-1254,0,100,100,100,9,44,0,64,40,1410,detection,
1414562,17,26,-512,742,-1254,0,100,100,36,0,32,0,71,55,1414,detection,
1414660,9,26,-512,742,-1254,0,100,100,0,9,44,0,64,40,1414,detection,
1417811,17,26,-512,742,-1254,0,100,100,0,0,33,0,71,55,1417,detection,
1427440,17,26,-512,742,-1254,0,100,100,0,0,33,0,71,55,1427,detection,
1427538,9,26,-512,742,-1254,0,100,100,0,9,44,0,64,40,1427,detection,
1432036,9,26,-512,742,-1254,0,100,100,0,9,44,0,64,40,1432,detection,
1432061,17,26,-512,742,-1254,0,100,100,0,0,33,0,71,55,1432,detection,
1436536,9,26,-512,742,-1254,0,100,100,0,9,44,0,64,40,1436,detection,
1436564,17,26,-512,742,-1254,0,100,100,0,0,29,0,74,55,1436,detection,
1439787,9,26,-512,742,-1254,0,100,100,0,0,44,0,64,40,1439,detection,
1439816,17,26,-512,742,-1254,0,100,100,0,0,28,0,75,55,1439,detection,
1444908,9,26,-512,742,-1254,0,100,100,0,0,44,0,64,40,1444,detection,
1444938,17,26,-512,742,-1254,0,100,100,0,0,28,0,75,55,1444,detection,
1448830,4,13,768,768,0,0,0,70,0,0,50,0,61,40,1448,detection,
1448838,19,13,768,768,0,0,0,0,0,0,33,0,0,0,1448,detection,
1449290,15,25,1280,1280,0,0,0,0,0,0,32,0,0,0,1449,detection,
1449620,10,8,-1,-1,0,0,0,0,0,0,55,0,0,0,1449,detection,
1449942,2,26,-512,742,-1254,0,100,100,37,0,29,0,74,55,1449,detection,
1453164,9,31,-512,1280,-1792,0,100,100,21,10,34,0,71,55,1453,detection,
1453211,11,31,-512,1280,-1792,0,100,100,100,10,38,0,69,55,1453,detection,
1453233,24,31,-512,1280,-1792,0,100,100,19,10,40,0,69,55,1453,detection,
1453236,23,31,-512,1280,-1792,0,100,100,100,10,40,0,69,55,1453,detection,
1455938,2,26,-512,742,-1254,0,100,100,0,0,29,0,74,55,1455,detection,
1456006,8,26,-512,742,-1254,0,100,100,30,0,48,0,60,40,1456,detection,
1457732,24,31,-512,1280,-1792,0,100,100,0,10,40,0,69,55,1457,detection,
1460454,11,31,-512,1280,-1792,0,100,100,0,10,38,0,69,55,1460,detection,
1460482,24,31,-512,1280,-1792,0,100,100,0,0,39,0,69,55,1460,detection,
1460484,23,31,-512,1280,-1792,0,100,100,0,10,39,0,69,55,1460,detection,
1460535,9,31,-512,1280,-1792,0,100,100,0,11,33,0,71,55,1460,detection,
1460568,3,31,-512,1280,-1792,0,100,100,72,0,38,0,69,55,1460,detection,
1476964,19,13,512,512,0,0,0,0,0,0,34,0,0,0,1476,detection,
1673217,19,22,-1,-256,255,0,56,86,37,0,38,0,74,55,1673,detection,
1673230,24,22,-1,-256,255,0,51,77,34,0,47,0,69,55,1673,detection,
1673235,16,22,-1,-256,255,0,54,82,36,0,42,0,71,55,1673,detection,
1674910,25,16,768,768,0,0,0,0,0,0,41,0,0,0,1674,detection,
1675687,3,24,-1,-1,0,0,0,73,36,0,41,0,72,55,1675,detection,
1676658,9,7,-1,-1,0,0,0,0,0,0,42,0,0,0,1676,detection,
1678781,25,16,512,512,0,0,0,0,0,0,41,0,0,0,1678,detection,
1680227,24,3,1280,1280,0,0,0,0,0,0,47,0,0,0,1680,detection,
1680255,20,3,1280,1280,0,0,0,0,0,0,52,0,0,0,1680,detection,
1682409,9,7,1024,1024,0,0,0,0,0,0,45,0,0,0,1682,detection,
1682439,2,7,1024,1024,0,0,0,0,0,0,42,0,0,0,1682,detection,
1682452,4,7,1024,1024,0,0,0,0,0,0,40,0,0,0,1682,detection,
1684462,7,2,-1,-1,0,0,0,0,0,0,36,0,0,0,1684,detection,
1684480,23,2,-1,-1,0,0,0,0,0,0,45,0,0,0,1684,detection,
1685251,20,3,768,768,0,0,0,0,0,0,52,0,0,0,1685,detection,
1686037,25,16,512,512,0,0,0,0,0,0,37,0,0,0,1686,detection,
1688183,2,7,1024,1024,0,0,0,0,0,0,42,0,0,0,1688,detection,
1688284,9,7,1024,1024,0,0,0,0,0,0,44,0,0,0,1688,detection,
1694250,20,3,768,768,0,0,0,0,0,0,52,0,0,0,1694,detection,
1696909,9,7,998,998,0,0,0,0,0,0,41,0,0,0,1696,detection,
1696933,2,7,998,998,0,0,0,0,0,0,41,0,0,0,1696,detection,
1699090,7,29,-512,1510,-2022,0,100,100,73,0,36,0,69,55,1699,detection,
1699111,24,29,-512,1510,-2022,0,100,100,100,10,36,0,69,55,1699,detection,
1700112,24,31,-512,1691,-2203,0,100,100,57,0,44,0,64,40,1700,detection,
1700116,16,31,-512,1691,-2203,0,100,100,10,9,47,0,62,40,1700,detection,
1700565,6,3,-1,-1,0,0,0,0,0,0,53,0,0,0,1700,detection,
1700625,20,3,-1,-1,0,0,0,0,0,0,56,0,0,0,1700,detection,
1704190,17,9,1715,1715,0,0,0,0,0,0,56,0,0,0,1704,detection,
1704656,25,16,949,949,0,0,0,0,0,0,41,0,0,0,1704,detection,
1704816,3,24,1024,1024,0,0,0,70,0,0,44,0,70,55,1704,detection,
1705156,25,26,-512,1536,-2048,0,100,100,100,0,41,0,68,55,1705,detection,
1708157,25,16,-1,-1,0,0,0,0,0,0,43,0,0,0,1708,detection,
1711065,3,24,1024,1024,0,0,0,70,0,0,43,0,71,55,1711,detection,
1711466,7,26,-512,1536,-2048,0,100,100,100,0,41,0,68,55,1711,detection,
1713183,6,3,-1,-1,0,0,0,0,0,0,56,0,0,0,1713,detection,
1714435,17,9,1850,1850,0,0,0,0,0,0,48,0,0,0,1714,detection,
1717312,6,26,-512,1766,-2278,0,100,100,100,6,79,0,48,40,1717,detection,
1722409,9,8,1903,1903,0,0,0,0,0,0,41,0,0,0,1722,detection,
1722434,17,8,1903,1903,0,0,0,0,0,0,32,0,0,0,1722,detection,
1723449,4,10,1903,1903,0,0,0,0,0,0,46,0,0,0,1723,detection,
1723471,19,10,1903,1903,0,0,0,0,0,0,43,0,0,0,1723,detection,
1723496,8,10,1903,1903,0,0,0,0,0,0,44,0,0,0,1723,detection,
1727123,8,10,2159,2159,0,0,0,0,0,0,41,0,0,0,1727,detection,
1728782,9,8,1903,1903,0,0,0,0,0,0,40,0,0,0,1728,detection,
1729436,17,9,1850,1850,0,0,0,0,0,0,43,0,0,0,1729,detection,
1734585,1,31,-512,768,-1280,0,100,100,100,12,17,0,82,55,1734,detection,
1737562,17,9,1972,1972,0,0,0,0,0,0,40,0,0,0,1737,detection,
1739598,1,31,-512,512,-1024,0,100,100,47,12,20,0,82,55,1739,detection,
1743373,8,17,2110,2110,0,0,0,0,0,0,45,0,0,0,1743,detection,
1745339,1,31,-512,512,-1024,0,100,100,0,12,22,0,80,55,1745,detection,
1745500,10,11,-1,-1,0,0,0,0,0,0,39,0,0,0,1745,detection,
1747311,17,8,2622,2622,0,0,0,0,0,0,35,0,0,0,1747,detection,
1752059,1,31,-512,512,-1024,0,100,100,0,12,22,0,80,55,1752,detection,
1755879,1,21,768,768,0,0,0,0,0,0,65,0,0,0,1755,detection,
1756178,1,2,-1,-1,0,0,0,0,0,0,29,0,0,0,1756,detection,
1756199,21,2,-1,-1,0,0,0,0,0,0,54,0,0,0,1756,detection,
1756246,18,2,-1,-1,0,0,0,0,0,0,55,0,0,0,1756,detection,
1760539,1,31,-512,512,-1024,0,100,100,0,12,23,0,79,55,1760,detection,
1761473,1,21,512,512,0,0,0,0,0,0,65,0,0,0,1761,detection,
1766534,1,31,-512,512,-1024,0,100,100,0,12,19,0,82,55,1766,detection,
1766824,1,21,512,512,0,0,0,0,0,0,64,0,0,0,1766,detection,
1772020,1,21,512,512,0,0,0,0,0,0,64,0,0,0,1772,detection,
1773495,1,31,-512,512,-1024,0,100,100,0,12,19,0,82,55,1773,detection,
1781309,1,21,512,512,0,0,0,0,0,0,62,0,0,0,1781,detection,
1781589,1,31,-512,512,-1024,0,100,100,0,0,19,0,82,55,1781,detection,
1782900,14,2,-1,-1,0,0,0,0,0,0,39,0,0,0,1782,detection,
1782952,21,2,-1,-1,0,0,0,0,0,0,58,0,0,0,1782,detection,
1783311,2,29,-512,1024,-1536,0,100,100,69,0,46,0,63,40,1783,detection,
1783332,13,29,-512,1024,-1536,0,100,100,74,10,39,0,69,55,1783,detection,
1786676,1,21,512,512,0,0,0,0,0,0,57,0,0,0,1786,detection,
1787505,1,31,-512,-1,-511,100,100,100,91,0,23,0,93,100,1787,detection,
1792106,1,21,512,512,0,0,0,0,0,0,56,0,0,0,1792,detection,
1792684,6,14,-1,-1,0,0,0,70,0,0,38,0,74,55,1792,detection,
1792751,20,14,-1,-1,0,0,0,0,0,0,32,0,0,0,1792,detection,
1807778,14,29,-512,1024,-1536,0,100,100,37,10,39,0,69,55,1807,detection,
1807816,2,29,-512,1024,-1536,0,100,100,0,0,42,0,66,55,1807,detection,
1807833,4,29,-512,1024,-1536,0,100,100,0,10,34,0,71,55,1807,detection,
1807859,24,29,-512,1024,-1536,0,100,100,72,10,38,0,69,55,1807,detection,
1813031,14,29,-512,-1,-511,100,100,100,100,9,42,0,67,55,1813,detection,
1813079,4,29,-512,-1,-511,100,100,100,100,10,37,0,74,55,1813,detection,
1813104,24,29,-512,-1,-511,100,100,100,100,9,42,0,67,55,1813,detection,
1813108,22,29,-512,-1,-511,100,100,100,100,10,34,0,79,55,1813,detection,
1817685,6,20,1024,1024,0,0,0,0,0,0,44,0,0,0,1817,detection,
1826975,22,14,1280,1280,0,0,0,0,0,0,37,0,0,0,1826,detection,
1826983,24,14,1280,1280,0,0,0,0,0,0,45,0,0,0,1826,detection,
1826987,16,14,1280,1280,0,0,0,0,0,0,46,0,0,0,1826,detection,
1827031,25,14,1280,1280,0,0,0,0,0,0,33,0,0,0,1827,detection,
1831981,16,14,1280,1280,0,0,0,0,0,0,42,0,0,0,1831,detection,
1832001,10,14,1280,1280,0,0,0,0,0,0,32,0,0,0,1832,detection,
1832002,8,14,1280,1280,0,0,0,0,0,0,42,0,0,0,1832,detection,
1832062,3,14,1280,1280,0,0,0,0,0,0,40,0,0,0,1832,detection,
1835788,15,23,1536,1536,0,0,0,0,0,0,32,0,0,0,1835,detection,
1838624,10,29,-512,2304,-2816,0,100,100,100,9,47,0,62,40,1838,detection,
1838625,8,29,-512,2304,-2816,0,100,100,100,8,53,0,58,40,1838,detection,
1838658,14,29,-512,2304,-2816,0,100,100,100,9,47,0,62,40,1838,detection,
1838701,4,29,-512,2304,-2816,0,100,100,100,9,46,0,63,40,1838,detection,
1843314,17,27,-512,-1,-511,100,100,100,84,11,29,0,86,100,1843,detection,
1843331,21,27,-512,-1,-511,100,100,100,100,11,33,0,79,55,1843,detection,
1849542,15,25,512,512,0,0,0,0,0,0,38,0,0,0,1849,detection,
1855538,15,25,512,512,0,0,0,0,0,0,39,0,0,0,1855,detection,
1856409,25,14,-1,-1,0,0,0,0,0,0,37,0,0,0,1856,detection,
1856436,3,14,-1,-1,0,0,0,0,0,0,43,0,0,0,1856,detection,
1856444,5,14,-1,-1,0,0,0,0,0,0,40,0,0,0,1856,detection,
1856453,11,14,-1,-1,0,0,0,0,0,0,36,0,0,0,1856,detection,
1856474,22,14,-1,-1,0,0,0,0,0,0,40,0,0,0,1856,detection,
1856481,24,14,-1,-1,0,0,0,0,0,0,49,0,0,0,1856,detection,
1856486,16,14,-1,-1,0,0,0,0,0,0,45,0,0,0,1856,detection,
1857879,20,3,1024,1024,0,0,0,0,0,0,59,0,0,0,1857,detection,
1858061,3,24,-1,-1,0,0,0,70,0,0,46,0,68,55,1858,detection,
1860191,3,20,768,768,0,0,0,0,0,0,37,0,0,0,1860,detection,
1860702,4,29,-512,1536,-2048,0,100,100,100,9,45,0,63,40,1860,detection,
1860750,10,29,-512,1536,-2048,0,100,100,100,8,50,0,58,40,1860,detection,
1860753,8,29,-512,1536,-2048,0,100,100,95,8,55,0,58,40,1860,detection,
1860813,2,29,-512,1536,-2048,0,100,100,70,0,45,0,63,40,1860,detection,
1861329,4,3,1024,1024,0,0,0,0,0,0,48,0,0,0,1861,detection,
1862040,15,22,-1,-1,0,0,0,0,0,0,43,0,0,0,1862,detection,
1862079,11,22,-1,-1,0,0,0,0,0,0,43,0,0,0,1862,detection,
1862109,24,22,-1,-1,0,0,0,70,33,0,50,0,64,40,1862,detection,
1862113,16,22,-1,-1,0,0,0,70,34,0,45,0,64,40,1862,detection,
1865068,17,26,-512,1280,-1792,0,100,100,85,0,32,0,71,55,1865,detection,
1865078,21,26,-512,1280,-1792,0,100,100,100,0,29,0,74,55,1865,detection,
1865094,7,26,-512,1280,-1792,0,100,100,35,0,45,0,63,40,1865,detection,
1868062,2,29,-512,1024,-1536,0,100,100,67,0,49,0,59,40,1868,detection,
1868082,4,29,-512,1024,-1536,0,100,100,67,0,49,0,59,40,1868,detection,
1868125,10,29,-512,1024,-1536,0,100,100,67,9,49,0,59,40,1868,detection,
1869417,15,25,768,768,0,0,0,0,0,0,44,0,0,0,1869,detection,
1869493,10,2,-1,-1,0,0,0,0,0,0,39,0,0,0,1869,detection,
1869705,11,16,-1,-1,0,0,0,0,0,0,52,0,0,0,1869,detection,
1872289,15,22,1024,1024,0,0,0,0,0,0,47,0,0,0,1872,detection,
1872328,11,22,1024,1024,0,0,0,0,0,0,46,0,0,0,1872,detection,
1872688,3,4,512,512,0,0,0,0,0,0,45,0,0,0,1872,detection,
1874701,4,29,-512,1020,-1532,0,100,100,0,0,48,0,60,40,1874,detection,
1874878,20,3,1280,1280,0,0,0,0,0,0,59,0,0,0,1874,detection,
1876362,1,8,512,512,0,0,0,0,0,0,40,0,0,0,1876,detection,
1877560,3,20,-1,-1,0,0,0,0,0,0,41,0,0,0,1877,detection,
1880328,4,29,-512,1020,-1532,0,100,100,0,0,47,0,62,40,1880,detection,
1882777,14,8,512,512,0,0,0,0,0,0,53,0,0,0,1882,detection,
1886189,3,4,512,512,0,0,0,0,0,0,45,0,0,0,1886,detection,
1886376,8,14,1024,1024,0,0,0,0,0,0,42,0,0,0,1886,detection,
1888501,20,3,1024,1024,0,0,0,0,0,0,58,0,0,0,1888,detection,
1889577,4,8,512,512,0,0,0,0,0,0,37,0,0,0,1889,detection,
1889594,7,8,512,512,0,0,0,0,0,0,41,0,0,0,1889,detection,
1895606,16,11,1024,1024,0,0,0,0,0,0,39,0,0,0,1895,detection,
1895873,8,14,1024,1024,0,0,0,0,0,0,41,0,0,0,1895,detection,
1895877,18,14,1024,1024,0,0,0,0,0,0,41,0,0,0,1895,detection,
1895877,20,14,1024,1024,0,0,0,0,0,0,36,0,0,0,1895,detection,
1896025,14,8,512,512,0,0,0,0,0,0,53,0,0,0,1896,detection,
1896038,9,8,512,512,0,0,0,0,0,0,44,0,0,0,1896,detection,
1896077,4,8,512,512,0,0,0,0,0,0,37,0,0,0,1896,detection,
1896090,7,8,512,512,0,0,0,0,0,0,42,0,0,0,1896,detection,
1896362,23,31,-512,1024,-1536,0,100,100,35,9,43,0,66,55,1896,detection,
1896363,16,31,-512,1024,-1536,0,100,100,87,9,49,0,59,40,1896,detection,
1896426,9,31,-512,1024,-1536,0,100,100,38,10,37,0,69,55,1896,detection,
1896457,11,31,-512,1024,-1536,0,100,100,36,10,41,0,68,55,1896,detection,
1896460,12,31,-512,1024,-1536,0,100,100,100,0,42,0,66,55,1896,detection,
1899315,17,7,1024,1024,0,0,0,0,0,0,46,0,0,0,1899,detection,
1901482,24,14,1024,1024,0,0,0,0,0,0,52,0,0,0,1901,detection,
1902525,14,8,512,512,0,0,0,0,0,0,53,0,0,0,1902,detection,
1903531,9,7,1024,1024,0,0,0,0,0,0,44,0,0,0,1903,detection,
1906737,16,22,-1,-1,0,0,0,70,0,0,49,0,63,40,1906,detection,
1909820,5,14,768,768,0,0,0,0,0,0,41,0,0,0,1909,detection,
1912483,24,22,1536,1536,0,0,0,70,0,0,54,0,61,40,1912,detection,
1912483,16,22,1536,1536,0,0,0,70,0,0,52,0,61,40,1912,detection,
1914062,17,7,1536,1536,0,0,0,0,0,0,49,0,0,0,1914,detection,
1914079,21,7,1536,1536,0,0,0,0,0,0,42,0,0,0,1914,detection,
1916908,25,14,870,870,0,0,0,0,0,0,41,0,0,0,1916,detection,
1916947,5,14,870,870,0,0,0,0,0,0,41,0,0,0,1916,detection,
1916977,24,14,870,870,0,0,0,0,0,0,53,0,0,0,1916,detection,
1917006,20,14,870,870,0,0,0,0,0,0,40,0,0,0,1917,detection,
1918701,5,22,768,768,0,0,0,0,0,0,41,0,0,0,1918,detection,
1918727,24,22,768,768,0,0,0,70,0,0,59,0,61,40,1918,detection,
1918732,16,22,768,768,0,0,0,70,0,0,57,0,61,40,1918,detection,
1921030,14,5,1024,1024,0,0,0,0,0,0,58,0,0,0,1921,detection,
1923329,5,30,-512,1024,-1536,0,100,100,38,0,45,0,63,40,1923,detection,
1927479,24,5,-1,-1,0,0,0,0,0,0,44,0,0,0,1927,detection,
1931355,16,14,768,768,0,0,0,0,0,0,50,0,0,0,1931,detection,
1931466,7,14,768,768,0,0,0,0,0,0,33,0,0,0,1931,detection,
1932434,17,7,-1,-1,0,0,0,0,0,0,52,0,0,0,1932,detection,
1932455,4,7,-1,-1,0,0,0,0,0,0,40,0,0,0,1932,detection,
1933333,12,22,793,793,0,0,0,0,0,0,40,0,0,0,1933,detection,
1933342,19,22,793,793,0,0,0,72,35,0,43,0,72,55,1933,detection,
1933358,23,22,793,793,0,0,0,0,0,0,49,0,0,0,1933,detection,
1933715,7,29,-512,1280,-1792,0,100,100,33,0,39,0,69,55,1933,detection,
1933783,14,29,-512,1280,-1792,0,100,100,100,0,46,0,63,40,1933,detection,
1936075,5,30,-512,1305,-1817,0,100,100,37,0,48,0,60,40,1936,detection,
1939456,12,22,793,793,0,0,0,0,0,0,40,0,0,0,1939,detection,
1939465,19,22,793,793,0,0,0,70,0,0,43,0,71,55,1939,detection,
1939478,23,22,793,793,0,0,0,0,0,0,45,0,0,0,1939,detection,
1939478,24,22,793,793,0,0,0,70,0,0,59,0,61,40,1939,detection,
1939955,21,27,-512,-1,-511,100,100,100,0,10,34,0,79,55,1939,detection,
1945965,7,29,-512,-1,-511,100,100,100,100,0,43,0,66,55,1945,detection,
1946030,14,29,-512,-1,-511,100,100,100,100,0,49,0,58,40,1946,detection,
1949853,24,5,-1,-1,0,0,0,0,0,0,44,0,0,0,1949,detection,
1949882,20,5,-1,-1,0,0,0,0,0,0,52,0,0,0,1949,detection,
1951327,5,30,-512,1536,-2048,0,100,100,29,0,52,0,58,40,1951,detection,
1967794,15,5,768,768,0,0,0,0,0,0,50,0,0,0,1967,detection,
1970465,7,29,-512,1792,-2304,0,100,100,100,0,42,0,66,55,1970,detection,
1970736,16,22,1792,1792,0,0,0,70,0,0,57,0,61,40,1970,detection,
1971791,15,23,1792,1792,0,0,0,0,0,0,36,0,0,0,1971,detection,
1972908,1,9,1280,1280,0,0,0,0,0,0,22,0,0,0,1972,detection,
1974104,23,22,1792,1792,0,0,0,0,0,0,47,0,0,0,1974,detection,
1974108,24,22,1792,1792,0,0,0,70,0,0,58,0,61,40,1974,detection,
1974109,16,22,1792,1792,0,0,0,70,0,0,57,0,61,40,1974,detection,
1974168,15,22,1792,1792,0,0,0,0,0,0,47,0,0,0,1974,detection,
1976869,1,9,1024,1024,0,0,0,0,0,0,22,0,0,0,1976,detection,
1979130,20,18,-1,-1,0,0,0,0,0,0,46,0,0,0,1979,detection,
1982479,22,28,-512,2048,-2560,0,100,100,74,0,82,0,48,40,1982,detection,
1982501,18,28,-512,2048,-2560,0,100,100,88,0,61,0,56,40,1982,detection,
1985664,15,30,-512,512,-1024,0,100,100,61,8,58,0,58,40,1985,detection,
1989001,20,5,-1,-1,0,0,0,0,0,0,55,0,0,0,1989,detection,
1989036,15,5,-1,-1,0,0,0,0,0,0,53,0,0,0,1989,detection,
1989199,5,28,-512,1792,-2304,0,100,100,57,0,59,0,58,40,1989,detection,
1989227,22,28,-512,1792,-2304,0,100,100,24,0,84,0,48,40,1989,detection,
1989233,23,28,-512,1792,-2304,0,100,100,62,0,51,0,58,40,1989,detection,
1989241,16,28,-512,1792,-2304,0,100,100,100,0,89,0,48,40,1989,detection,
1989249,10,28,-512,1792,-2304,0,100,100,51,0,79,0,48,40,1989,detection,
1989250,18,28,-512,1792,-2304,0,100,100,30,0,61,0,56,40,1989,detection,
1990690,17,12,768,768,0,0,0,0,0,0,37,0,0,0,1990,detection,
1990695,5,12,768,768,0,0,0,0,0,0,37,0,0,0,1990,detection,
1990807,1,9,768,768,0,0,0,0,0,0,26,0,0,0,1990,detection,
1991201,5,30,-512,742,-1254,0,100,100,98,0,55,0,58,40,1991,detection,
1992160,9,29,-512,1280,-1792,0,100,100,37,10,40,0,69,55,1992,detection,
1992186,2,29,-512,1280,-1792,0,100,100,32,0,52,0,58,40,1992,detection,
1992207,12,29,-512,1280,-1792,0,100,100,0,10,38,0,69,55,1992,detection,
1992228,22,29,-512,1280,-1792,0,100,100,100,10,37,0,69,55,1992,detection,
1992253,10,29,-512,1280,-1792,0,100,100,32,0,52,0,58,40,1992,detection,
1997199,5,28,-512,2044,-2556,0,100,100,30,0,58,0,58,40,1997,detection,
1997235,16,28,-512,2044,-2556,0,100,100,24,0,84,0,48,40,1997,detection,
1997283,14,28,-512,2044,-2556,0,100,100,66,0,50,0,58,40,1997,detection,
1997587,13,29,-512,1024,-1536,0,100,100,0,9,43,0,66,55,1997,detection,
1997604,22,29,-512,1024,-1536,0,100,100,36,10,41,0,68,55,1997,detection,
1997605,24,29,-512,1024,-1536,0,100,100,100,9,45,0,63,40,1997,detection,
1997626,10,29,-512,1024,-1536,0,100,100,31,0,55,0,58,40,1997,detection,
1997630,18,29,-512,1024,-1536,0,100,100,68,0,48,0,60,40,1997,detection,
1997660,9,29,-512,1024,-1536,0,100,100,37,10,39,0,69,55,1997,detection,
2000215,1,17,-1,-1,0,0,0,0,0,0,28,0,0,0,2000,detection,
2002080,13,29,-512,1024,-1536,0,100,100,0,9,43,0,66,55,2002,detection,
2002501,10,12,512,512,0,0,0,0,0,0,44,0,0,0,2002,detection,
2005545,1,17,-1,-1,0,0,0,0,0,0,26,0,0,0,2005,detection,
2008001,18,12,512,512,0,0,0,0,0,0,33,0,0,0,2008,detection,
2008065,2,12,512,512,0,0,0,0,0,0,36,0,0,0,2008,detection,
2008065,17,12,512,512,0,0,0,0,0,0,37,0,0,0,2008,detection,
2008074,5,12,512,512,0,0,0,0,0,0,39,0,0,0,2008,detection,
2008077,21,12,512,512,0,0,0,0,0,0,52,0,0,0,2008,detection,
2008153,14,5,1024,1024,0,0,0,0,0,0,58,0,0,0,2008,detection,
2008214,19,5,1024,1024,0,0,0,0,0,0,52,0,0,0,2008,detection,
2009414,1,17,-1,-1,0,0,0,0,0,0,29,0,0,0,2009,detection,
2011562,6,20,949,949,0,0,0,0,0,0,49,0,0,0,2011,detection,
2012688,17,12,512,512,0,0,0,0,0,0,37,0,0,0,2012,detection,
2012700,21,12,512,512,0,0,0,0,0,0,55,0,0,0,2012,detection,
2012747,10,12,512,512,0,0,0,0,0,0,44,0,0,0,2012,detection,
2012747,18,12,512,512,0,0,0,0,0,0,34,0,0,0,2012,detection,
2014651,14,5,1024,1024,0,0,0,0,0,0,57,0,0,0,2014,detection,
2014712,19,5,1024,1024,0,0,0,0,0,0,52,0,0,0,2014,detection,
2021114,16,28,-512,1536,-2048,0,100,100,50,0,80,0,48,40,2021,detection,
2025357,23,28,-512,1536,-2048,0,100,100,31,0,55,0,58,40,2025,detection,
2025362,16,28,-512,1536,-2048,0,100,100,0,0,76,0,48,40,2025,detection,
2025382,20,28,-512,1536,-2048,0,100,100,28,0,61,0,56,40,2025,detection,
2025404,14,28,-512,1536,-2048,0,100,100,64,0,53,0,58,40,2025,detection,
2028594,19,18,768,768,0,0,0,0,0,0,48,0,0,0,2028,detection,
2030006,20,4,-1,-1,0,0,0,0,0,0,52,0,0,0,2030,detection,
2030105,24,4,-1,-1,0,0,0,0,0,0,32,0,0,0,2030,detection,
2030562,2,10,1280,1280,0,0,0,0,0,0,46,0,0,0,2030,detection,
2030579,12,10,1280,1280,0,0,0,0,0,0,42,0,0,0,2030,detection,
2030588,19,10,1280,1280,0,0,0,0,0,0,44,0,0,0,2030,detection,
2030622,8,10,1280,1280,0,0,0,0,0,0,41,0,0,0,2030,detection,
2030622,18,10,1280,1280,0,0,0,0,0,0,39,0,0,0,2030,detection,
2031378,10,28,-512,1536,-2048,0,100,100,25,0,79,0,48,40,2031,detection,
2034412,9,26,-512,1792,-2304,0,100,100,100,0,47,0,62,40,2034,detection,
2034440,6,26,-512,1792,-2304,0,100,100,2,0,80,0,48,40,2034,detection,
2039078,13,4,-1,-1,0,0,0,0,0,0,44,0,0,0,2039,detection,
2039100,24,4,-1,-1,0,0,0,0,0,0,35,0,0,0,2039,detection,
2039126,18,4,-1,-1,0,0,0,0,0,0,41,0,0,0,2039,detection,
2039909,9,26,-512,-1,-511,100,100,100,100,0,47,0,61,40,2039,detection,
2039939,17,26,-512,-1,-511,100,100,100,100,0,36,0,76,55,2039,detection,
2042505,20,5,1792,1792,0,0,0,0,0,0,58,0,0,0,2042,detection,
2042531,14,5,1792,1792,0,0,0,0,0,0,57,0,0,0,2042,detection,
2044621,10,2,1024,1024,0,0,0,0,0,0,43,0,0,0,2044,detection,
2044625,18,2,1024,1024,0,0,0,0,0,0,59,0,0,0,2044,detection,
2044625,8,2,1024,1024,0,0,0,0,0,0,40,0,0,0,2044,detection,
2044702,12,2,1024,1024,0,0,0,0,0,0,40,0,0,0,2044,detection,
2044840,19,18,512,512,0,0,0,0,0,0,45,0,0,0,2044,detection,
2044921,15,30,-512,1024,-1536,0,100,100,61,0,58,0,58,40,2044,detection,
2046685,6,20,-1,-1,0,0,0,0,0,0,52,0,0,0,2046,detection,
2046687,3,20,-1,-1,0,0,0,0,0,0,44,0,0,0,2046,detection,
2047589,19,18,512,512,0,0,0,0,0,0,47,0,0,0,2047,detection,
2050290,15,30,-512,1024,-1536,0,100,100,0,0,53,0,58,40,2050,detection,
2051309,6,20,-1,-1,0,0,0,0,0,0,51,0,0,0,2051,detection,
2051310,3,20,-1,-1,0,0,0,0,0,0,40,0,0,0,2051,detection,
2053497,10,2,1024,1024,0,0,0,0,0,0,43,0,0,0,2053,detection,
2053531,14,2,1024,1024,0,0,0,0,0,0,42,0,0,0,2053,detection,
2053535,9,2,1024,1024,0,0,0,0,0,0,46,0,0,0,2053,detection,
2053578,12,2,1024,1024,0,0,0,0,0,0,40,0,0,0,2053,detection,
2053582,13,2,1024,1024,0,0,0,0,0,0,55,0,0,0,2053,detection,
2053582,11,2,1024,1024,0,0,0,0,0,0,47,0,0,0,2053,detection,
2054081,13,5,-1,-256,255,0,45,70,30,0,59,0,64,40,2054,detection,
2058183,2,10,1792,1792,0,0,0,0,0,0,52,0,0,0,2058,detection,
2058234,23,10,1792,1792,0,0,0,0,0,0,41,0,0,0,2058,detection,
2058252,18,10,1792,1792,0,0,0,0,0,0,45,0,0,0,2058,detection,
2058252,8,10,1792,1792,0,0,0,0,0,0,45,0,0,0,2058,detection,
2060670,15,13,1536,1536,0,0,0,70,33,0,50,0,64,40,2060,detection,
2061060,6,20,-1,-1,0,0,0,0,0,0,54,0,0,0,2061,detection,
2061953,11,2,-1,-1,0,0,0,0,0,0,51,0,0,0,2061,detection,
2062355,23,10,-1,-1,0,0,0,0,0,0,43,0,0,0,2062,detection,
2062372,8,10,-1,-1,0,0,0,0,0,0,49,0,0,0,2062,detection,
2062372,18,10,-1,-1,0,0,0,0,0,0,48,0,0,0,2062,detection,
2064282,9,2,-1,-1,0,0,0,0,0,0,49,0,0,0,2064,detection,
2064329,12,2,-1,-1,0,0,0,0,0,0,43,0,0,0,2064,detection,
2064355,24,5,-1,-1,0,0,0,0,0,0,47,0,0,0,2064,detection,
2064452,4,13,1792,1792,0,0,0,70,0,0,53,0,61,40,2064,detection,
2064481,23,13,1792,1792,0,0,0,70,34,0,45,0,64,40,2064,detection,
2066357,24,4,1536,1536,0,0,0,0,0,0,38,0,0,0,2066,detection,
2068481,22,29,-512,-1,-511,100,76,100,100,6,80,0,49,40,2068,detection,
2072077,11,2,-1,-1,0,0,0,0,0,0,92,0,0,0,2072,detection,
2072124,10,2,-1,-1,0,0,0,0,0,0,85,0,0,0,2072,detection,
2072124,18,2,-1,-1,0,0,0,0,0,0,100,0,0,0,2072,detection,
2074538,15,13,1536,1536,0,0,0,70,0,0,53,0,61,40,2074,detection,
2076201,21,26,-512,1280,-1792,0,100,100,0,0,33,0,71,55,2076,detection,
2076287,9,26,-512,1280,-1792,0,100,100,100,0,52,0,58,40,2076,detection,
2076317,2,26,-512,1280,-1792,0,100,100,84,0,33,0,71,55,2076,detection,
2084164,15,13,1305,1305,0,0,0,70,0,0,54,0,61,40,2084,detection,
2084949,5,19,698,698,0,0,0,0,0,0,36,0,0,0,2084,detection,
2085978,22,10,-1,-1,0,0,0,0,0,0,45,0,0,0,2085,detection,
2090038,9,26,-512,1817,-2329,0,100,100,65,0,56,0,58,40,2090,detection,
2091591,7,10,-1,-1,0,0,0,0,0,0,43,0,0,0,2091,detection,
2093065,3,14,1145,1145,0,0,0,0,0,0,46,0,0,0,2093,detection,
2093070,5,14,1145,1145,0,0,0,0,0,0,44,0,0,0,2093,detection,
2093078,4,14,1145,1145,0,0,0,0,0,0,40,0,0,0,2093,detection,
2093079,12,14,1145,1145,0,0,0,0,0,0,32,0,0,0,2093,detection,
2093082,11,14,1145,1145,0,0,0,0,0,0,40,0,0,0,2093,detection,
2093100,22,14,1145,1145,0,0,0,0,0,0,40,0,0,0,2093,detection,
2093122,18,14,1145,1145,0,0,0,0,0,0,44,0,0,0,2093,detection,
2093125,10,14,1145,1145,0,0,0,0,0,0,36,0,0,0,2093,detection,
2094534,9,26,-512,1561,-2073,0,100,100,31,0,57,0,58,40,2094,detection,
2094580,21,26,-512,1561,-2073,0,100,100,42,0,37,0,69,55,2094,detection,
2095280,14,5,1657,1657,0,0,0,0,0,0,57,0,0,0,2095,detection,
2096069,5,22,1657,1657,0,0,0,0,0,0,44,0,0,0,2096,detection,
2096202,5,30,-512,1657,-2169,0,100,100,100,0,55,0,58,40,2096,detection,
2100075,5,22,1657,1657,0,0,0,0,0,0,41,0,0,0,2100,detection,
2100081,12,22,1657,1657,0,0,0,0,0,0,44,0,0,0,2100,detection,
2102497,10,7,-1,-1,0,0,0,0,0,0,45,0,0,0,2102,detection,
2102577,21,7,-1,-1,0,0,0,0,0,0,42,0,0,0,2102,detection,
2102703,11,31,-512,-1,-511,100,100,100,100,9,44,0,64,40,2102,detection,
2102711,12,31,-512,-1,-511,100,100,100,100,0,44,0,64,40,2102,detection,
2102829,11,5,2169,2169,0,0,0,0,0,0,37,0,0,0,2102,detection,
2102876,20,5,2169,2169,0,0,0,0,0,0,58,0,0,0,2102,detection,
2104479,24,14,-1,-1,0,0,0,0,0,0,56,0,0,0,2104,detection,
2104504,20,14,-1,-1,0,0,0,0,0,0,44,0,0,0,2104,detection,
2104564,2,14,-1,-1,0,0,0,0,0,0,36,0,0,0,2104,detection,
2104564,3,14,-1,-1,0,0,0,0,0,0,46,0,0,0,2104,detection,
2104572,5,14,-1,-1,0,0,0,0,0,0,48,0,0,0,2104,detection,
2104577,11,14,-1,-1,0,0,0,0,0,0,43,0,0,0,2104,detection,
2104577,4,14,-1,-1,0,0,0,0,0,0,43,0,0,0,2104,detection,
2125256,1,8,-1,-1,0,0,0,0,0,0,44,0,0,0,2125,detection,
2125312,2,8,-1,-1,0,0,0,0,0,0,38,0,0,0,2125,detection,
2194995,1,7,768,768,0,0,0,0,0,0,22,0,0,0,2194,detection,
2195037,9,7,768,768,0,0,0,0,0,0,48,0,0,0,2195,detection,
2195063,17,7,768,768,0,0,0,0,0,0,55,0,0,0,2195,detection,
2195598,1,31,-512,1280,-1792,0,100,100,100,0,26,0,75,75,2195,detection,
2195662,9,31,-512,1280,-1792,0,100,100,37,0,40,0,69,55,2195,detection,
2195696,3,31,-512,1280,-1792,0,100,100,0,0,41,0,68,55,2195,detection,
2195710,12,31,-512,1280,-1792,0,100,100,100,0,42,0,66,55,2195,detection,
2195818,17,27,-512,742,-1254,0,100,100,100,10,34,0,71,75,2195,detection,
2196813,17,27,-512,742,-1254,0,100,100,0,10,34,0,71,75,2196,detection,
2197307,2,12,-1,-1,0,0,0,0,0,0,38,0,0,0,2197,detection,
2198590,7,14,1280,1280,0,0,0,0,0,0,36,0,0,0,2198,detection,
2199159,14,28,-512,1792,-2304,0,100,100,31,0,56,0,58,40,2199,detection,
2199197,5,28,-512,1792,-2304,0,100,100,29,0,61,0,56,40,2199,detection,
2199760,1,7,512,512,0,0,0,0,0,0,22,0,0,0,2199,detection,
2199873,10,7,512,512,0,0,0,0,0,0,47,0,0,0,2199,detection,
2199874,8,7,512,512,0,0,0,0,0,0,52,0,0,0,2199,detection,
2199899,1,31,-512,1280,-1792,0,100,100,0,0,26,0,75,75,2199,detection,
2199915,9,31,-512,1280,-1792,0,100,100,0,0,39,0,69,55,2199,detection,
2199938,3,31,-512,1280,-1792,0,100,100,0,0,41,0,68,55,2199,detection,
2199959,12,31,-512,1280,-1792,0,100,100,0,0,41,0,68,55,2199,detection,
2200591,7,17,-1,-1,0,0,0,0,0,0,51,0,0,0,2200,detection,
2200625,8,17,-1,-1,0,0,0,0,0,0,48,0,0,0,2200,detection,
2203760,1,31,-512,768,-1280,0,100,100,87,0,26,0,75,75,2203,detection,
2203859,24,31,-512,768,-1280,0,100,100,100,0,44,0,64,40,2203,detection,
2203952,4,14,1024,1024,0,0,0,0,0,0,48,0,0,0,2203,detection,
2203965,7,14,1024,1024,0,0,0,0,0,0,37,0,0,0,2203,detection,
2203978,24,14,1024,1024,0,0,0,0,0,0,58,0,0,0,2203,detection,
2204002,10,14,1024,1024,0,0,0,0,0,0,41,0,0,0,2204,detection,
2204003,18,14,1024,1024,0,0,0,0,0,0,45,0,0,0,2204,detection,
2204033,9,14,1024,1024,0,0,0,0,0,0,44,0,0,0,2204,detection,
2207479,24,14,-1,-1,0,0,0,0,0,0,53,0,0,0,2207,detection,
2207497,18,14,-1,-1,0,0,0,0,0,0,49,0,0,0,2207,detection,
2207497,10,14,-1,-1,0,0,0,0,0,0,44,0,0,0,2207,detection,
2207501,8,14,-1,-1,0,0,0,0,0,0,44,0,0,0,2207,detection,
2207564,3,14,-1,-1,0,0,0,0,0,0,45,0,0,0,2207,detection,
2207565,2,14,-1,-1,0,0,0,0,0,0,36,0,0,0,2207,detection,
2207573,4,14,-1,-1,0,0,0,0,0,0,48,0,0,0,2207,detection,
2207574,5,14,-1,-1,0,0,0,0,0,0,48,0,0,0,2207,detection,
2207590,7,14,-1,-1,0,0,0,0,0,0,40,0,0,0,2207,detection,
2209437,17,27,-512,742,-1254,0,100,100,0,10,34,0,71,75,2209,detection,
2209588,7,17,-1,-1,0,0,0,0,0,0,61,0,0,0,2209,detection,
2209625,8,17,-1,-1,0,0,0,0,0,0,57,0,0,0,2209,detection,
2234701,5,22,512,512,0,0,0,0,0,0,45,0,0,0,2234,detection,
2248695,5,22,512,512,0,0,0,0,0,0,47,0,0,0,2248,detection,
2253822,5,22,512,512,0,0,0,0,0,0,47,0,0,0,2253,detection,
2265694,5,22,512,512,0,0,0,0,0,0,48,0,0,0,2265,detection,
2268725,22,14,1024,1024,0,0,0,0,0,0,44,0,0,0,2268,detection,
2268786,9,14,1024,1024,0,0,0,0,0,0,46,0,0,0,2268,detection,
2269618,1,9,768,768,0,0,0,0,0,0,25,0,0,0,2269,detection,
2269652,14,9,768,768,0,0,0,0,0,0,44,0,0,0,2269,detection,
2271822,5,22,512,512,0,0,0,0,0,0,48,0,0,0,2271,detection,
2271844,19,22,512,512,0,0,0,70,0,0,44,0,70,55,2271,detection,
2272344,19,5,-1,-1,0,0,0,0,0,0,66,0,0,0,2272,detection,
2272405,14,5,-1,-1,0,0,0,0,0,0,64,0,0,0,2272,detection,
2275158,9,14,1024,1024,0,0,0,0,0,0,45,0,0,0,2275,detection,
2275197,5,14,1024,1024,0,0,0,0,0,0,52,0,0,0,2275,detection,
2275217,7,14,1024,1024,0,0,0,0,0,0,44,0,0,0,2275,detection,
2275226,22,14,1024,1024,0,0,0,0,0,0,44,0,0,0,2275,detection,
2276426,1,9,512,512,0,0,0,0,0,0,22,0,0,0,2276,detection,
2278727,22,5,1024,1024,0,0,0,0,0,0,59,0,0,0,2278,detection,
2278781,14,5,1024,1024,0,0,0,0,0,0,63,0,0,0,2278,detection,
2279936,17,7,1280,1280,0,0,0,0,0,0,59,0,0,0,2279,detection,
2279941,2,7,1280,1280,0,0,0,0,0,0,45,0,0,0,2279,detection,
2280032,9,14,1024,1024,0,0,0,0,0,0,44,0,0,0,2280,detection,
2280071,5,14,1024,1024,0,0,0,0,0,0,51,0,0,0,2280,detection,
2280088,7,14,1024,1024,0,0,0,0,0,0,39,0,0,0,2280,detection,
2280100,22,14,1024,1024,0,0,0,0,0,0,44,0,0,0,2280,detection,
2280188,6,18,-1,-1,0,0,0,0,0,0,52,0,0,0,2280,detection,
2281095,1,9,512,512,0,0,0,0,0,0,22,0,0,0,2281,detection,
2284572,5,19,-1,-1,0,0,0,0,0,0,40,0,0,0,2284,detection,
2284936,17,7,1280,1280,0,0,0,0,0,0,59,0,0,0,2284,detection,
2286908,9,14,1024,1024,0,0,0,0,0,0,40,0,0,0,2286,detection,
2288575,5,22,949,949,0,0,0,0,0,0,50,0,0,0,2288,detection,
2288592,19,22,949,949,0,0,0,70,0,0,45,0,68,55,2288,detection,
2288610,24,22,949,949,0,0,0,70,0,0,59,0,61,40,2288,detection,
2289686,2,7,1280,1280,0,0,0,0,0,0,45,0,0,0,2289,detection,
2289788,9,7,1280,1280,0,0,0,0,0,0,53,0,0,0,2289,detection,
2290823,5,30,-512,1205,-1717,0,100,100,57,0,53,0,58,40,2290,detection,
2290908,25,30,-512,1205,-1717,0,100,100,100,10,34,0,71,75,2290,detection,
2294696,5,22,1135,1135,0,0,0,0,0,0,53,0,0,0,2294,detection,
2294713,19,22,1135,1135,0,0,0,70,0,0,48,0,65,55,2294,detection,
2296659,9,14,1228,1228,0,0,0,0,0,0,40,0,0,0,2296,detection,
2298354,22,5,1647,1647,0,0,0,0,0,0,58,0,0,0,2298,detection,
2298354,24,5,1647,1647,0,0,0,0,0,0,51,0,0,0,2298,detection,
2298457,13,5,1647,1647,0,0,0,70,30,0,59,0,64,40,2298,detection,
2298690,2,7,1280,1280,0,0,0,0,0,0,51,0,0,0,2298,detection,
2305331,13,5,1391,1391,0,0,0,70,0,0,60,0,61,40,2305,detection,
2305343,19,5,1391,1391,0,0,0,0,0,0,72,0,0,0,2305,detection,
2305359,22,5,1391,1391,0,0,0,0,0,0,59,0,0,0,2305,detection,
2305784,25,30,-512,1230,-1742,0,100,100,3,10,35,0,70,75,2305,detection,
2305959,13,31,-512,2229,-2741,0,100,100,100,10,40,0,69,55,2305,detection,
2305984,24,31,-512,2229,-2741,0,100,100,100,0,44,0,64,40,2305,detection,
2306934,17,8,-1,-1,0,0,0,0,0,0,38,0,0,0,2306,detection,
2308467,7,14,1740,1740,0,0,0,0,0,0,48,0,0,0,2308,detection,
2308500,10,14,1740,1740,0,0,0,0,0,0,48,0,0,0,2308,detection,
2309581,13,31,-512,1815,-2327,0,100,100,57,9,43,0,66,55,2309,detection,
2309607,23,31,-512,1815,-2327,0,100,100,100,9,42,0,66,55,2309,detection,
2309607,24,31,-512,1815,-2327,0,100,100,55,0,47,0,62,40,2309,detection,
2311127,10,7,1903,1903,0,0,0,0,0,0,51,0,0,0,2311,detection,
2313455,13,5,1391,1391,0,0,0,70,0,0,60,0,61,40,2313,detection,
2313477,22,5,1391,1391,0,0,0,0,0,0,59,0,0,0,2313,detection,
2315498,10,14,1536,1536,0,0,0,0,0,0,54,0,0,0,2315,detection,
2315505,20,14,1536,1536,0,0,0,0,0,0,49,0,0,0,2315,detection,
2317157,25,30,-512,1431,-1943,0,100,100,30,10,35,0,70,75,2317,detection,
2318321,5,22,1590,1590,0,0,0,0,0,0,56,0,0,0,2318,detection,
2318356,24,22,1590,1590,0,0,0,70,0,0,69,0,48,40,2318,detection,
2320333,13,5,1846,1846,0,0,0,70,0,0,60,0,61,40,2320,detection,
2320351,22,5,1846,1846,0,0,0,0,0,0,59,0,0,0,2320,detection,
2321719,19,20,2048,2048,0,0,0,0,0,0,36,0,0,0,2321,detection,
2324324,5,30,-512,2077,-2589,0,100,100,100,0,52,0,58,40,2324,detection,
2326727,22,5,1846,1846,0,0,0,0,0,0,59,0,0,0,2326,detection,
2328339,19,20,768,768,0,0,0,0,0,0,38,0,0,0,2328,detection,
2329825,5,30,-512,2077,-2589,0,100,100,0,0,52,0,58,40,2329,detection,
2329910,25,30,-512,2077,-2589,0,100,100,100,11,30,0,73,75,2329,detection,
2330447,5,22,1536,1536,0,0,0,0,0,0,58,0,0,0,2330,detection,
2330459,12,22,1536,1536,0,0,0,0,0,0,43,0,0,0,2330,detection,
2330484,23,22,1536,1536,0,0,0,0,0,0,50,0,0,0,2330,detection,
2330778,14,9,-1,-1,0,0,0,0,0,0,48,0,0,0,2330,detection,
2330813,17,9,-1,-1,0,0,0,0,0,0,45,0,0,0,2330,detection,
2330875,10,29,-512,1280,-1792,0,100,100,31,0,55,0,58,40,2330,detection,
2330965,7,29,-512,1280,-1792,0,100,100,70,0,45,0,63,40,2330,detection,
2331122,10,7,1280,1280,0,0,0,0,0,0,54,0,0,0,2331,detection,
2331320,3,31,-512,-1,-511,100,100,100,100,0,44,0,64,40,2331,detection,
2331333,12,31,-512,-1,-511,100,100,100,100,0,44,0,64,40,2331,detection,
2331497,10,14,1973,1973,0,0,0,0,0,0,56,0,0,0,2331,detection,
2331502,20,14,1973,1973,0,0,0,0,0,0,49,0,0,0,2331,detection,
2333499,10,11,-1,-1,0,0,0,0,0,0,41,0,0,0,2333,detection,
2335840,7,29,-512,1024,-1536,0,100,100,34,0,46,0,63,40,2335,detection,
2337795,15,30,-512,2023,-2535,0,100,100,100,0,57,0,58,40,2337,detection,
2337871,8,17,2229,2229,0,0,0,0,0,0,60,0,0,0,2337,detection,
2337951,21,17,2229,2229,0,0,0,0,0,0,44,0,0,0,2337,detection,
2338067,3,14,1973,1973,0,0,0,0,0,0,49,0,0,0,2338,detection,
2338085,12,14,1973,1973,0,0,0,0,0,0,36,0,0,0,2338,detection,
2338124,10,14,1973,1973,0,0,0,0,0,0,56,0,0,0,2338,detection,
2338128,8,14,1973,1973,0,0,0,0,0,0,48,0,0,0,2338,detection,
2341157,25,30,-512,2025,-2537,0,100,100,8,0,30,0,73,75,2341,detection,
2341166,15,30,-512,2025,-2537,0,100,100,0,0,57,0,58,40,2341,detection,
2342091,7,29,-512,1024,-1536,0,100,100,0,0,47,0,62,40,2342,detection,
2342698,21,17,2229,2229,0,0,0,0,0,0,44,0,0,0,2342,detection,
2344581,13,5,2022,2022,0,0,0,70,0,0,60,0,61,40,2344,detection,
2345689,6,26,-512,1561,-2073,0,100,100,23,0,77,0,48,40,2345,detection,
2345723,7,26,-512,1561,-2073,0,100,100,36,0,49,0,59,40,2345,detection,
2346666,15,30,-512,2025,-2537,0,100,100,0,0,56,0,58,40,2346,detection,
2348198,21,17,-1,-1,0,0,0,0,0,0,47,0,0,0,2348,detection,
2348314,3,10,-1,-1,0,0,0,0,0,0,88,0,0,0,2348,detection,
2350965,7,29,-512,768,-1280,0,100,100,34,0,48,0,60,40,2350,detection,
2354311,2,10,-1,-1,0,0,0,0,0,0,94,0,0,0,2354,detection,
2354371,8,10,-1,-1,0,0,0,0,0,0,79,0,0,0,2354,detection,
2354375,18,10,-1,-1,0,0,0,0,0,0,86,0,0,0,2354,detection,
2357529,14,5,-1,-1,0,0,0,0,0,0,58,0,0,0,2357,detection,
2357581,13,5,-1,-1,0,0,0,70,0,0,61,0,58,40,2357,detection,
2357602,24,5,-1,-1,0,0,0,0,0,0,54,0,0,0,2357,detection,
2360166,15,30,-512,2232,-2744,0,100,100,25,0,57,0,58,40,2360,detection,
2362130,8,29,-512,768,-1280,0,100,100,93,8,57,0,58,40,2362,detection,
2362541,15,5,-1,-1,0,0,0,0,0,0,56,0,0,0,2362,detection,
2362601,24,5,-1,-1,0,0,0,0,0,0,53,0,0,0,2362,detection,
2362653,14,5,-1,-1,0,0,0,0,0,0,57,0,0,0,2362,detection,
2363256,18,30,-512,2232,-2744,0,100,100,100,0,57,0,58,40,2363,detection,
2367677,1,11,-1,-1,0,0,0,0,0,0,32,0,0,0,2367,detection,
2369125,18,30,-512,2232,-2744,0,100,100,0,0,53,0,58,40,2369,detection,
2377084,12,29,-512,768,-1280,0,100,100,72,9,42,0,66,55,2377,detection,
2377085,13,29,-512,768,-1280,0,100,100,34,9,46,0,63,40,2377,detection,
2377128,8,29,-512,768,-1280,0,100,100,0,7,60,0,58,40,2377,detection,
2377128,18,29,-512,768,-1280,0,100,100,33,0,51,0,58,40,2377,detection,
2381565,2,29,-512,512,-1024,0,100,100,93,0,57,0,58,40,2381,detection,
2381582,13,29,-512,512,-1024,0,100,100,34,9,47,0,62,40,2381,detection,
2381586,12,29,-512,512,-1024,0,100,100,35,9,43,0,66,55,2381,detection,
2387088,19,6,-1,-1,0,0,0,0,0,0,39,0,0,0,2387,detection,
2387129,20,6,-1,-1,0,0,0,0,0,0,41,0,0,0,2387,detection,
2391191,2,29,-512,512,-1024,0,100,100,0,0,58,0,58,40,2391,detection,
2391211,13,29,-512,512,-1024,0,100,100,0,0,48,0,60,40,2391,detection,
2391212,12,29,-512,512,-1024,0,100,100,0,9,44,0,64,40,2391,detection,
2391230,24,29,-512,512,-1024,0,100,100,66,8,50,0,58,40,2391,detection,
2391255,18,29,-512,512,-1024,0,100,100,32,0,52,0,58,40,2391,detection,
2395440,2,29,-512,742,-1254,0,100,100,27,0,58,0,58,40,2395,detection,
2395458,12,29,-512,742,-1254,0,100,100,33,10,40,0,69,55,2395,detection,
2395479,24,29,-512,742,-1254,0,100,100,31,9,46,0,63,40,2395,detection,
2395500,18,29,-512,742,-1254,0,100,100,29,0,51,0,58,40,2395,detection,
2395504,8,29,-512,742,-1254,0,100,100,3,0,58,0,58,40,2395,detection,
2398962,12,29,-512,742,-1254,0,100,100,0,0,39,0,69,55,2398,detection,
2398997,18,29,-512,742,-1254,0,100,100,0,0,51,0,58,40,2398,detection,
2399062,2,29,-512,742,-1254,0,100,100,0,0,57,0,58,40,2399,detection,
2402064,6,26,-512,768,-1280,0,100,100,82,0,75,0,48,40,2402,detection,
2402068,17,26,-512,768,-1280,0,100,100,100,0,39,0,69,55,2402,detection,
2403127,10,29,-512,949,-1461,0,100,100,39,0,58,0,58,40,2403,detection,
2403127,8,29,-512,949,-1461,0,100,100,25,0,56,0,58,40,2403,detection,
2403208,13,29,-512,949,-1461,0,100,100,57,0,49,0,59,40,2403,detection,
2403209,12,29,-512,949,-1461,0,100,100,29,0,40,0,69,55,2403,detection,
2403230,24,29,-512,949,-1461,0,100,100,28,0,46,0,63,40,2403,detection,
2403234,22,29,-512,949,-1461,0,100,100,95,6,79,0,48,40,2403,detection,
2407874,18,30,-512,-1,-511,100,94,100,100,0,56,0,56,40,2407,detection,
2409283,14,29,-512,1135,-1647,0,100,100,100,0,53,0,58,40,2409,detection,
2412692,6,26,-512,512,-1024,0,100,100,26,0,77,0,48,40,2412,detection,
2412706,21,26,-512,512,-1024,0,100,100,100,0,40,0,69,55,2412,detection,
2413530,14,29,-512,1135,-1647,0,100,100,0,0,53,0,58,40,2413,detection,
2413539,9,29,-512,1135,-1647,0,100,100,14,9,47,0,62,40,2413,detection,
2413625,10,29,-512,1135,-1647,0,100,100,22,0,59,0,58,40,2413,detection,
2413629,8,29,-512,1135,-1647,0,100,100,22,0,56,0,58,40,2413,detection,
2415438,6,18,768,768,0,0,0,0,0,0,56,0,0,0,2415,detection,
2415468,19,18,768,768,0,0,0,0,0,0,46,0,0,0,2415,detection,
2415507,20,18,768,768,0,0,0,0,0,0,50,0,0,0,2415,detection,
2417941,17,26,-512,512,-1024,0,100,100,37,0,40,0,69,55,2417,detection,
2418004,8,29,-512,1135,-1647,0,100,100,0,0,55,0,58,40,2418,detection,
2418030,14,29,-512,1135,-1647,0,100,100,0,0,53,0,58,40,2418,detection,
2418034,9,29,-512,1135,-1647,0,100,100,0,0,47,0,62,40,2418,detection,
2418079,12,22,1280,1280,0,0,0,0,0,0,43,0,0,0,2418,detection,
2422562,17,26,-512,512,-1024,0,100,100,0,0,40,0,69,55,2422,detection,
2422562,6,26,-512,512,-1024,0,100,100,0,0,74,0,48,40,2422,detection,
2424063,6,18,-1,-1,0,0,0,0,0,0,56,0,0,0,2424,detection,
2424088,19,18,-1,-1,0,0,0,0,0,0,51,0,0,0,2424,detection,
2424127,20,18,-1,-1,0,0,0,0,0,0,55,0,0,0,2424,detection,
2424468,7,29,-512,1135,-1647,0,100,100,45,0,56,0,58,40,2424,detection,
2424480,24,29,-512,1135,-1647,0,100,100,24,0,48,0,60,40,2424,detection,
2424502,8,29,-512,1135,-1647,0,100,100,0,0,54,0,58,40,2424,detection,
2424534,14,29,-512,1135,-1647,0,100,100,0,0,52,0,58,40,2424,detection,
2424535,9,29,-512,1135,-1647,0,100,100,0,0,47,0,62,40,2424,detection,
2428127,8,29,-512,1135,-1647,0,100,100,0,0,53,0,58,40,2428,detection,
2428313,6,26,-512,512,-1024,0,100,100,0,0,75,0,48,40,2428,detection,
2428313,17,26,-512,512,-1024,0,100,100,0,0,37,0,69,55,2428,detection,
2428330,21,26,-512,512,-1024,0,100,100,0,0,40,0,69,55,2428,detection,
2430750,18,30,-512,512,-1024,0,100,100,60,0,61,0,56,40,2430,detection,
2433749,8,29,-512,1135,-1647,0,100,100,0,0,48,0,60,40,2433,detection,
2433830,4,29,-512,1135,-1647,0,100,100,14,0,52,0,58,40,2433,detection,
2433843,7,29,-512,1135,-1647,0,100,100,0,0,57,0,58,40,2433,detection,
2433856,24,29,-512,1135,-1647,0,100,100,0,0,49,0,59,40,2433,detection,
2437503,18,30,-512,512,-1024,0,100,100,0,0,62,0,54,40,2437,detection,
2437546,15,30,-512,512,-1024,0,100,100,100,0,58,0,58,40,2437,detection,
2439499,18,30,-512,512,-1024,0,100,100,0,0,62,0,54,40,2439,detection,
2439542,15,30,-512,512,-1024,0,100,100,0,0,59,0,58,40,2439,detection,
2445918,15,30,-512,512,-1024,0,100,100,0,0,60,0,58,40,2445,detection,
2446004,18,30,-512,512,-1024,0,100,100,0,0,63,0,48,40,2446,detection,
2447344,7,29,-512,1135,-1647,0,100,100,0,0,56,0,58,40,2447,detection,
2447377,8,29,-512,1135,-1647,0,100,100,0,0,48,0,60,40,2447,detection,
2459544,15,30,-512,512,-1024,0,100,100,0,0,56,0,58,40,2459,detection,
2464378,18,30,-512,512,-1024,0,100,100,0,0,63,0,48,40,2464,detection,
2464416,15,30,-512,512,-1024,0,100,100,0,0,57,0,58,40,2464,detection,
2468374,18,30,-512,512,-1024,0,100,100,0,0,63,0,48,40,2468,detection,
2516325,5,30,-512,512,-1024,0,100,100,100,0,57,0,58,40,2516,detection,
2520821,5,30,-512,512,-1024,0,100,100,0,0,58,0,58,40,2520,detection,
2526538,25,30,-512,512,-1024,0,100,100,100,0,35,0,70,75,2526,detection,
2526572,5,30,-512,512,-1024,0,100,100,0,0,59,0,58,40,2526,detection,
2530253,18,30,-512,512,-1024,0,100,100,0,0,59,0,58,40,2530,detection,
2530283,25,30,-512,512,-1024,0,100,100,0,0,36,0,69,75,2530,detection,
2530322,5,30,-512,512,-1024,0,100,100,0,0,59,0,58,40,2530,detection,
2535625,18,30,-512,512,-1024,0,100,100,0,0,58,0,58,40,2535,detection,
2539159,25,30,-512,512,-1024,0,100,100,0,0,36,0,69,75,2539,detection,
2539250,18,30,-512,512,-1024,0,100,100,0,0,58,0,58,40,2539,detection,
2543626,18,30,-512,512,-1024,0,100,100,0,0,57,0,58,40,2543,detection,
2543659,25,30,-512,512,-1024,0,100,100,0,0,37,0,69,75,2543,detection,
2547324,5,30,-512,512,-1024,0,100,100,0,0,59,0,58,40,2547,detection,
2552127,18,30,-512,512,-1024,0,100,100,0,0,57,0,58,40,2552,detection,
2552197,5,30,-512,512,-1024,0,100,100,0,0,56,0,58,40,2552,detection,
2556623,18,30,-512,512,-1024,0,100,100,0,0,56,0,58,40,2556,detection,
2571378,18,30,-512,512,-1024,0,100,100,0,0,56,0,58,40,2571,detection,
2575626,18,30,-512,512,-1024,0,100,100,0,0,56,0,58,40,2575,detection,
2578560,6,20,512,512,0,0,0,0,0,0,59,0,0,0,2578,detection,
2578564,3,20,512,512,0,0,0,0,0,0,44,0,0,0,2578,detection,
2579031,25,16,-1,-1,0,0,0,0,0,0,42,0,0,0,2579,detection,
2579592,7,29,-512,512,-1024,0,100,100,78,0,54,0,58,40,2579,detection,
2580457,1,9,768,768,0,0,0,0,0,0,22,0,0,0,2580,detection,
2580574,21,9,768,768,0,0,0,0,0,0,70,0,0,0,2580,detection,
2581629,20,6,1024,1024,0,0,0,0,0,0,44,0,0,0,2581,detection,
2582478,1,21,768,768,0,0,0,0,0,0,57,0,0,0,2582,detection,
2582614,16,31,-512,-1,-511,100,97,100,100,0,52,0,56,40,2582,detection,
2583743,1,7,768,768,0,0,0,0,0,0,22,0,0,0,2583,detection,
2583783,9,7,768,768,0,0,0,0,0,0,56,0,0,0,2583,detection,
2586689,1,9,512,512,0,0,0,0,0,0,22,0,0,0,2586,detection,
2586698,21,9,512,512,0,0,0,0,0,0,75,0,0,0,2586,detection,
2587403,14,8,1536,1536,0,0,0,0,0,0,56,0,0,0,2587,detection,
2587407,25,8,1536,1536,0,0,0,0,0,0,36,0,0,0,2587,detection,
2587716,7,29,-512,512,-1024,0,100,100,0,0,55,0,58,40,2587,detection,
2587852,23,25,-1,-1,0,0,0,0,0,0,31,0,0,0,2587,detection,
2588597,1,7,512,512,0,0,0,0,0,0,22,0,0,0,2588,detection,
2588697,21,7,512,512,0,0,0,0,0,0,47,0,0,0,2588,detection,
2589394,1,21,1024,1024,0,0,0,0,0,0,55,0,0,0,2589,detection,
2590903,14,18,2048,2048,0,0,0,0,0,0,36,0,0,0,2590,detection,
2592958,13,29,-512,512,-1024,0,100,100,56,0,50,0,58,40,2592,detection,
2593262,1,21,768,768,0,0,0,0,0,0,54,0,0,0,2593,detection,
2593718,7,29,-512,512,-1024,0,100,100,0,0,57,0,58,40,2593,detection,
2594075,21,7,512,512,0,0,0,0,0,0,47,0,0,0,2594,detection,
2595686,1,9,512,512,0,0,0,0,0,0,22,0,0,0,2595,detection,
2595700,21,9,512,512,0,0,0,0,0,0,79,0,0,0,2595,detection,
2596696,3,31,-512,1536,-2048,0,100,100,100,0,47,0,62,40,2596,detection,
2596705,13,31,-512,1536,-2048,0,100,100,37,9,46,0,63,40,2596,detection,
2596791,9,31,-512,1536,-2048,0,100,100,35,0,43,0,66,55,2596,detection,
2597990,1,21,-1,-1,0,0,0,0,0,0,54,0,0,0,2597,detection,
2598067,6,18,2048,2048,0,0,0,0,0,0,56,0,0,0,2598,detection,
2598131,20,18,2048,2048,0,0,0,0,0,0,58,0,0,0,2598,detection,
2598964,7,29,-512,512,-1024,0,100,100,0,0,57,0,58,40,2598,detection,
2604128,18,29,-512,512,-1024,0,100,100,30,0,47,0,62,40,2604,detection,
2604161,9,29,-512,512,-1024,0,100,100,81,0,49,0,59,40,2604,detection,
2604204,13,29,-512,512,-1024,0,100,100,0,0,50,0,58,40,2604,detection,
2609325,5,19,-1,-1,0,0,0,0,0,0,43,0,0,0,2609,detection,
2609380,20,19,-1,-1,0,0,0,0,0,0,36,0,0,0,2609,detection,
2609443,2,29,-512,512,-1024,0,100,100,28,0,54,0,58,40,2609,detection,
2609455,4,29,-512,512,-1024,0,100,100,78,0,54,0,58,40,2609,detection,
2609455,13,29,-512,512,-1024,0,100,100,0,0,50,0,58,40,2609,detection,
2609498,18,29,-512,512,-1024,0,100,100,0,0,48,0,60,40,2609,detection,
2609537,9,29,-512,512,-1024,0,100,100,0,0,50,0,58,40,2609,detection,
2614591,19,18,2048,2048,0,0,0,0,0,0,54,0,0,0,2614,detection,
2614630,20,18,2048,2048,0,0,0,0,0,0,57,0,0,0,2614,detection,
2614952,4,29,-512,512,-1024,0,100,100,0,0,55,0,58,40,2614,detection,
2614956,13,29,-512,512,-1024,0,100,100,0,0,47,0,62,40,2614,detection,
2618816,2,29,-512,512,-1024,0,100,100,0,0,55,0,58,40,2618,detection,
2618832,4,29,-512,512,-1024,0,100,100,0,0,56,0,58,40,2618,detection,
2618832,13,29,-512,512,-1024,0,100,100,0,0,47,0,62,40,2618,detection,
2618880,18,29,-512,512,-1024,0,100,100,0,0,48,0,60,40,2618,detection,
2618914,9,29,-512,512,-1024,0,100,100,0,0,52,0,58,40,2618,detection,
2619530,14,18,2048,2048,0,0,0,0,0,0,36,0,0,0,2619,detection,
2619594,19,18,2048,2048,0,0,0,0,0,0,53,0,0,0,2619,detection,
2619634,20,18,2048,2048,0,0,0,0,0,0,57,0,0,0,2619,detection,
2620713,1,21,-1,-1,0,0,0,0,0,0,52,0,0,0,2620,detection,
2623577,4,29,-512,512,-1024,0,100,100,0,0,53,0,58,40,2623,detection,
2623581,13,29,-512,512,-1024,0,100,100,0,0,47,0,62,40,2623,detection,
2623628,18,29,-512,512,-1024,0,100,100,0,0,48,0,60,40,2623,detection,
2623658,14,29,-512,512,-1024,0,100,100,77,0,55,0,58,40,2623,detection,
2623662,9,29,-512,512,-1024,0,100,100,0,0,53,0,58,40,2623,detection,
2625215,19,18,2048,2048,0,0,0,0,0,0,53,0,0,0,2625,detection,
2625257,20,18,2048,2048,0,0,0,0,0,0,57,0,0,0,2625,detection,
2625279,14,18,2048,2048,0,0,0,0,0,0,36,0,0,0,2625,detection,
2629530,14,18,2048,2048,0,0,0,0,0,0,36,0,0,0,2629,detection,
2633092,19,18,2048,2048,0,0,0,0,0,0,53,0,0,0,2633,detection,
2633131,20,18,2048,2048,0,0,0,0,0,0,52,0,0,0,2633,detection,
2635034,14,29,-512,-1,-511,100,96,100,64,0,54,0,56,40,2635,detection,
2635035,9,29,-512,-1,-511,100,98,100,66,0,51,0,56,40,2635,detection,
2635064,2,29,-512,-1,-511,100,92,100,61,0,58,0,56,40,2635,detection,
2635126,18,29,-512,-1,-511,100,97,100,65,0,52,0,56,40,2635,detection,
2653254,18,30,-512,768,-1280,0,100,100,32,0,53,0,58,40,2653,detection,
2655694,1,2,-1,-1,0,0,0,0,0,0,33,0,0,0,2655,detection,
2655706,13,2,-1,-1,0,0,0,0,0,0,55,0,0,0,2655,detection,
2655732,23,2,-1,-1,0,0,0,0,0,0,44,0,0,0,2655,detection,
2655749,18,2,-1,-1,0,0,0,0,0,0,100,0,0,0,2655,detection,
2655779,14,2,-1,-1,0,0,0,0,0,0,45,0,0,0,2655,detection,
2655783,25,2,-1,-1,0,0,0,0,0,0,58,0,0,0,2655,detection,
2655814,17,2,-1,-1,0,0,0,0,0,0,35,0,0,0,2655,detection,
2657748,18,30,-512,-1,-511,100,93,100,93,0,57,0,56,40,2657,detection,
2657786,25,30,-512,-1,-511,100,100,100,74,0,40,0,71,75,2657,detection,
2657821,5,30,-512,-1,-511,100,91,100,61,0,59,0,56,40,2657,detection,
2670687,1,31,-512,768,-1280,0,100,100,0,0,29,0,74,75,2670,detection,
2670733,23,31,-512,768,-1280,0,100,100,100,9,45,0,63,40,2670,detection,
2673956,1,31,-512,512,-1024,0,100,100,43,0,26,0,75,75,2673,detection,
2678217,1,17,768,768,0,0,0,0,0,0,31,0,0,0,2678,detection,
2678453,13,5,-1,-1,0,0,0,70,0,0,56,0,61,40,2678,detection,
2684865,1,2,768,768,0,0,0,0,0,0,36,0,0,0,2684,detection,
2684873,18,2,768,768,0,0,0,0,0,0,98,0,0,0,2684,detection,
2685113,1,31,-512,1024,-1536,0,100,100,84,0,29,0,74,75,2685,detection,
2686326,1,17,512,512,0,0,0,0,0,0,32,0,0,0,2686,detection,
2687698,5,30,-512,1024,-1536,0,100,100,100,0,60,0,58,40,2687,detection,
2691698,5,30,-512,1024,-1536,0,100,100,0,0,60,0,58,40,2691,detection,
2692607,1,2,512,512,0,0,0,0,0,0,37,0,0,0,2692,detection,
2692684,17,2,512,512,0,0,0,0,0,0,39,0,0,0,2692,detection,
2693041,9,31,-512,-1,-511,100,100,100,100,0,46,0,62,40,2693,detection,
2696321,5,30,-512,1024,-1536,0,100,100,0,0,60,0,58,40,2696,detection,
2697263,1,2,512,512,0,0,0,0,0,0,37,0,0,0,2697,detection,
2697310,17,2,512,512,0,0,0,0,0,0,40,0,0,0,2697,detection,
2697370,18,2,512,512,0,0,0,0,0,0,100,0,0,0,2697,detection,
2698615,16,31,-512,1024,-1536,0,100,100,100,0,55,0,58,40,2698,detection,
2699794,1,17,512,512,0,0,0,0,0,0,33,0,0,0,2699,detection,
2702949,5,30,-512,1024,-1536,0,100,100,0,0,59,0,58,40,2702,detection,
2704865,1,2,512,512,0,0,0,0,0,0,37,0,0,0,2704,detection,
2704873,18,2,512,512,0,0,0,0,0,0,100,0,0,0,2704,detection,
2704980,22,2,512,512,0,0,0,0,0,0,51,0,0,0,2704,detection,
2706603,23,25,-1,-1,0,0,0,0,0,0,35,0,0,0,2706,detection,
2707206,1,17,512,512,0,0,0,0,0,0,33,0,0,0,2707,detection,
2707220,7,17,512,512,0,0,0,0,0,0,66,0,0,0,2707,detection,
2707610,16,31,-512,1280,-1792,0,100,100,30,0,59,0,58,40,2707,detection,
2708775,14,8,1536,1536,0,0,0,0,0,0,58,0,0,0,2708,detection,
2708780,25,8,1536,1536,0,0,0,0,0,0,40,0,0,0,2708,detection,
2708840,7,8,1536,1536,0,0,0,0,0,0,43,0,0,0,2708,detection,
2709003,8,7,768,768,0,100,0,0,0,0,64,0,49,40,2709,detection,
2709067,17,7,768,768,0,100,0,0,0,0,66,0,49,40,2709,detection,
2711046,15,30,-512,1024,-1536,0,100,100,60,0,61,0,56,40,2711,detection,
2711852,23,11,2048,2048,0,0,0,0,0,0,41,0,0,0,2711,detection,
2713371,18,2,512,512,0,0,0,0,0,0,96,0,0,0,2713,detection,
2715563,3,24,1792,1792,0,0,0,70,0,0,47,0,67,55,2715,detection,
2715925,1,17,512,512,0,0,0,0,0,0,34,0,0,0,2715,detection,
2715964,7,17,512,512,0,0,0,0,0,0,67,0,0,0,2715,detection,
2716002,8,17,512,512,0,0,0,0,0,0,65,0,0,0,2716,detection,
2716406,25,8,1210,1210,0,0,0,0,0,0,43,0,0,0,2716,detection,
2716545,1,7,1024,1024,0,0,0,0,0,0,26,0,0,0,2716,detection,
2716604,24,3,1466,1466,0,0,0,0,0,0,48,0,0,0,2716,detection,
2716664,15,30,-512,1024,-1536,0,100,100,0,0,61,0,56,40,2716,detection,
2716749,8,17,512,512,0,0,0,0,0,0,66,0,0,0,2716,detection,
2717707,12,2,742,742,0,0,0,0,0,0,46,0,0,0,2717,detection,
2717737,16,2,742,742,0,0,0,0,0,0,53,0,0,0,2717,detection,
2719404,1,17,512,512,0,0,0,0,0,0,30,0,0,0,2719,detection,
2719465,7,17,512,512,0,0,0,0,0,0,68,0,0,0,2719,detection,
2721171,15,30,-512,1024,-1536,0,100,100,0,0,61,0,56,40,2721,detection,
2721952,11,14,1024,1024,0,0,0,0,0,0,47,0,0,0,2721,detection,
2721959,13,14,1024,1024,0,0,0,0,0,0,32,0,0,0,2721,detection,
2722031,9,14,1024,1024,0,0,0,0,0,0,43,0,0,0,2722,detection,
2723215,7,8,768,768,0,0,0,0,0,0,48,0,0,0,2723,detection,
2723279,25,8,768,768,0,0,0,0,0,0,48,0,0,0,2723,detection,
2723308,17,8,768,768,0,0,0,0,0,0,44,0,0,0,2723,detection,
2725938,17,7,1024,1024,0,0,0,0,0,0,64,0,0,0,2725,detection,
2730372,10,14,1024,1024,0,0,0,0,0,0,59,0,0,0,2730,detection,
2730381,20,14,1024,1024,0,0,0,0,0,0,52,0,0,0,2730,detection,
2730406,9,14,1024,1024,0,0,0,0,0,0,43,0,0,0,2730,detection,
2730453,11,14,1024,1024,0,0,0,0,0,0,43,0,0,0,2730,detection,
2730872,10,11,-1,-1,0,0,0,0,0,0,40,0,0,0,2730,detection,
2730906,25,8,787,787,0,0,0,0,0,0,45,0,0,0,2730,detection,
2730915,15,11,-1,-1,0,0,0,0,0,0,54,0,0,0,2730,detection,
2733449,5,19,1254,1254,0,0,0,0,0,0,43,0,0,0,2733,detection,
2733842,19,10,-1,-1,0,0,0,0,0,0,44,0,0,0,2733,detection,
2733856,16,10,-1,-1,0,0,0,0,0,0,37,0,0,0,2733,detection,
2733933,2,10,-1,-1,0,0,0,0,0,0,96,0,0,0,2733,detection,
2733949,5,10,-1,-1,0,0,0,0,0,0,47,0,0,0,2733,detection,
2733954,12,10,-1,-1,0,0,0,0,0,0,45,0,0,0,2733,detection,
2734336,1,7,1046,1046,0,0,0,0,0,0,29,0,0,0,2734,detection,
2734439,17,7,1046,1046,0,0,0,0,0,0,59,0,0,0,2734,detection,
2736554,2,10,-1,-1,0,0,0,0,0,0,94,0,0,0,2736,detection,
2736567,5,10,-1,-1,0,0,0,0,0,0,46,0,0,0,2736,detection,
2736588,19,10,-1,-1,0,0,0,0,0,0,44,0,0,0,2736,detection,
2736870,10,2,1135,1135,0,0,0,0,0,0,81,0,0,0,2736,detection,
2736953,13,14,1024,1024,0,0,0,0,0,0,32,0,0,0,2736,detection,
2736999,10,14,1024,1024,0,0,0,0,0,0,58,0,0,0,2736,detection,
2737034,9,14,1024,1024,0,0,0,0,0,0,42,0,0,0,2737,detection,
2737754,20,19,998,998,0,0,0,0,0,0,42,0,0,0,2737,detection,
2737820,5,19,998,998,0,0,0,0,0,0,44,0,0,0,2737,detection,
2741613,16,22,1536,1536,0,0,0,70,0,0,52,0,61,40,2741,detection,
2741753,20,14,-1,-1,0,0,0,0,0,0,56,0,0,0,2741,detection,
2741970,19,20,1024,1024,0,0,0,0,0,0,44,0,0,0,2741,detection,
2746458,11,31,-512,1536,-2048,0,100,100,100,9,44,0,64,40,2746,detection,
2747466,19,20,1024,1024,0,0,0,0,0,0,44,0,0,0,2747,detection,
2751088,19,20,1024,1024,0,0,0,0,0,0,45,0,0,0,2751,detection,
2751748,10,2,1303,1303,0,0,0,0,0,0,74,0,0,0,2751,detection,
2752781,1,7,512,512,0,0,0,0,0,0,34,0,0,0,2752,detection,
2753312,2,10,1280,1280,0,0,0,0,0,0,93,0,0,0,2753,detection,
2753321,5,10,1280,1280,0,0,0,0,0,0,51,0,0,0,2753,detection,
2753338,19,10,1280,1280,0,0,0,0,0,0,48,0,0,0,2753,detection,
2754210,12,28,-512,1536,-2048,0,100,100,32,0,53,0,58,40,2754,detection,
2754747,10,2,1303,1303,0,0,0,0,0,0,68,0,0,0,2754,detection,
2754780,14,2,1303,1303,0,0,0,0,0,0,55,0,0,0,2754,detection,
2755924,1,7,512,512,0,0,0,0,0,0,34,0,0,0,2755,detection,
2756440,6,3,1400,1400,0,0,0,0,0,0,59,0,0,0,2756,detection,
2758062,2,10,1280,1280,0,0,0,0,0,0,96,0,0,0,2758,detection,
2758070,5,10,1280,1280,0,0,0,0,0,0,52,0,0,0,2758,detection,
2758088,19,10,1280,1280,0,0,0,0,0,0,48,0,0,0,2758,detection,
2761079,11,31,-512,1280,-1792,0,100,100,35,0,45,0,63,40,2761,detection,
2761455,4,3,1400,1400,0,0,0,0,0,0,52,0,0,0,2761,detection,
2763236,1,7,512,512,0,0,0,0,0,0,30,0,0,0,2763,detection,
2765007,20,18,967,967,0,0,0,0,0,0,57,0,0,0,2765,detection,
2765812,6,4,-1,-1,0,0,0,0,0,0,36,0,0,0,2765,detection,
2767560,6,3,1400,1400,0,0,0,0,0,0,55,0,0,0,2767,detection,
2769337,12,31,-512,1280,-1792,0,100,100,100,0,49,0,59,40,2769,detection,
2769843,1,7,-1,-1,0,0,0,0,0,0,34,0,0,0,2769,detection,
2770325,21,2,1536,1536,0,0,0,0,0,0,57,0,0,0,2770,detection,
2770332,13,2,1536,1536,0,0,0,0,0,0,58,0,0,0,2770,detection,
2770332,11,2,1536,1536,0,0,0,0,0,0,96,0,0,0,2770,detection,
2770371,10,2,1536,1536,0,0,0,0,0,0,72,0,0,0,2770,detection,
2772826,5,13,1223,1223,0,0,0,0,0,0,50,0,0,0,2772,detection,
2772952,4,3,1400,1400,0,0,0,0,0,0,52,0,0,0,2772,detection,
2776629,18,30,-512,1317,-1829,0,100,100,100,0,60,0,58,40,2776,detection,
2776698,5,30,-512,1317,-1829,0,100,100,35,0,59,0,58,40,2776,detection,
2777209,12,31,-512,-1,-511,100,97,100,100,0,52,0,56,40,2777,detection,
2777695,3,28,-512,768,-1280,0,100,100,69,0,46,0,63,40,2777,detection,
2777808,17,8,-1,-1,0,0,0,0,0,0,47,0,0,0,2777,detection,
2785480,22,28,-512,512,-1024,0,100,100,100,0,86,0,48,40,2785,detection,
2785562,1,7,512,512,0,0,0,0,0,0,37,0,0,0,2785,detection,
2785627,8,7,512,512,0,0,0,0,0,0,68,0,0,0,2785,detection,
2785980,16,4,-1,-1,0,0,0,0,0,0,33,0,0,0,2785,detection,
2786809,2,10,-1,-1,0,0,0,0,0,0,95,0,0,0,2786,detection,
2786819,5,10,-1,-1,0,0,0,0,0,0,55,0,0,0,2786,detection,
2789439,3,28,-512,512,-1024,0,100,100,34,0,46,0,63,40,2789,detection,
2790760,1,7,512,512,0,0,0,0,0,0,37,0,0,0,2790,detection,
2790872,8,7,512,512,0,0,0,0,0,0,68,0,0,0,2790,detection,
2791565,3,6,-1,-1,0,0,0,0,0,0,57,0,0,0,2791,detection,
2794970,19,28,-512,512,-1024,0,100,100,69,0,46,0,63,40,2794,detection,
2794978,22,28,-512,512,-1024,0,100,100,0,0,87,0,48,40,2794,detection,
2796624,1,7,512,512,0,0,0,0,0,0,37,0,0,0,2796,detection,
2796702,4,7,512,512,0,0,0,0,0,0,45,0,0,0,2796,detection,
2796710,12,2,-1,-1,0,0,0,0,0,0,50,0,0,0,2796,detection,
2797192,3,31,-512,-1,-511,100,100,100,100,0,47,0,61,40,2797,detection,
2797212,12,31,-512,-1,-511,100,95,100,0,0,55,0,56,40,2797,detection,
2797234,24,31,-512,-1,-511,100,99,100,100,0,50,0,56,40,2797,detection,
2799196,1,7,512,512,0,0,0,0,0,0,37,0,0,0,2799,detection,
2799201,4,7,512,512,0,0,0,0,0,0,46,0,0,0,2799,detection,
2799593,7,29,-512,512,-1024,0,100,100,0,0,58,0,58,40,2799,detection,
2799609,22,29,-512,512,-1024,0,100,100,43,6,82,0,48,40,2799,detection,
2799626,8,29,-512,512,-1024,0,100,100,81,0,50,0,58,40,2799,detection,
2801132,20,18,-1,-1,0,0,0,0,0,0,56,0,0,0,2801,detection,
2804451,5,13,2048,2048,0,0,0,0,0,0,53,0,0,0,2804,detection,
2805965,7,29,-512,512,-1024,0,100,100,0,0,58,0,58,40,2805,detection,
2805978,22,29,-512,512,-1024,0,100,100,0,0,86,0,48,40,2805,detection,
2806003,8,29,-512,512,-1024,0,100,100,0,0,53,0,58,40,2806,detection,
2808191,6,20,2224,2224,0,0,0,0,0,0,69,0,0,0,2808,detection,
2811688,6,20,2334,2334,0,0,0,0,0,0,72,0,0,0,2811,detection,
2812576,5,30,-512,2846,-3358,0,100,100,100,0,59,0,58,40,2812,detection,
2812626,18,30,-512,2846,-3358,0,100,100,100,0,60,0,58,40,2812,detection,
2813077,4,7,949,949,0,0,0,0,0,0,47,0,0,0,2813,detection,
2815843,7,29,-512,512,-1024,0,100,100,0,0,58,0,58,40,2815,detection,
2815855,22,29,-512,512,-1024,0,100,100,0,0,88,0,48,40,2815,detection,
2815856,24,29,-512,512,-1024,0,100,100,81,0,50,0,58,40,2815,detection,
2815873,8,29,-512,512,-1024,0,100,100,0,0,55,0,58,40,2815,detection,
2816856,23,22,1461,1461,0,0,0,0,0,0,53,0,0,0,2816,detection,
2816861,16,22,1461,1461,0,0,0,70,0,0,56,0,61,40,2816,detection,
2816919,15,22,1461,1461,0,0,0,0,0,0,51,0,0,0,2816,detection,
2817062,6,20,2433,2433,0,0,0,0,0,0,71,0,0,0,2817,detection,
2817574,5,30,-512,2846,-3358,0,100,100,0,0,55,0,58,40,2817,detection,
2820126,8,7,949,949,0,0,0,0,0,0,65,0,0,0,2820,detection,
2820853,24,29,-512,512,-1024,0,100,100,0,0,52,0,58,40,2820,detection,
2820854,22,29,-512,512,-1024,0,100,100,0,0,88,0,48,40,2820,detection,
2821875,18,30,-512,2846,-3358,0,100,100,0,0,59,0,58,40,2821,detection,
2821947,5,30,-512,2846,-3358,0,100,100,0,0,55,0,58,40,2821,detection,
2825341,7,29,-512,512,-1024,0,100,100,0,0,58,0,58,40,2825,detection,
2825413,9,29,-512,512,-1024,0,100,100,63,0,55,0,58,40,2825,detection,
2828163,15,23,1461,1461,0,0,0,0,0,0,40,0,0,0,2828,detection,
2829066,2,8,1461,1461,0,0,0,0,0,0,40,0,0,0,2829,detection,
2829083,12,8,1461,1461,0,0,0,0,0,0,33,0,0,0,2829,detection,
2829439,17,2,1973,1973,0,0,0,0,0,0,43,0,0,0,2829,detection,
2829453,11,2,1973,1973,0,0,0,0,0,0,100,0,0,0,2829,detection,
2829495,10,2,1973,1973,0,0,0,0,0,0,75,0,0,0,2829,detection,
2829495,18,2,1973,1973,0,0,0,0,0,0,100,0,0,0,2829,detection,
2829816,1,7,1087,1087,0,0,0,0,0,0,44,0,0,0,2829,detection,
2829828,21,7,1087,1087,0,0,0,0,0,0,50,0,0,0,2829,detection,
2831289,15,16,1717,1717,0,0,0,0,0,0,32,0,0,0,2831,detection,
2832166,15,22,1973,1973,0,0,0,0,0,0,55,0,0,0,2832,detection,
2832230,23,22,1973,1973,0,0,0,0,0,0,56,0,0,0,2832,detection,
2832235,16,22,1973,1973,0,0,0,70,0,0,56,0,61,40,2832,detection,
2835811,17,2,1973,1973,0,0,0,0,0,0,43,0,0,0,2835,detection,
2835828,11,2,1973,1973,0,0,0,0,0,0,96,0,0,0,2835,detection,
2836511,1,7,1087,1087,0,0,0,0,0,0,46,0,0,0,2836,detection,
2837374,18,30,-512,2485,-2997,0,100,100,43,0,59,0,58,40,2837,detection,
2837789,15,16,1903,1903,0,0,0,0,0,0,32,0,0,0,2837,detection,
2838156,14,29,-512,512,-1024,0,100,100,60,0,60,0,58,40,2838,detection,
2838192,2,29,-512,512,-1024,0,100,100,61,0,59,0,58,40,2838,detection,
2838212,12,29,-512,512,-1024,0,100,100,62,0,41,0,68,55,2838,detection,
2838422,15,22,1717,1717,0,0,0,0,0,0,56,0,0,0,2838,detection,
2838480,23,22,1717,1717,0,0,0,0,0,0,56,0,0,0,2838,detection,
2838484,16,22,1717,1717,0,0,0,70,0,0,57,0,61,40,2838,detection,
2843083,13,16,1903,1903,0,0,0,0,0,0,41,0,0,0,2843,detection,
2844703,11,2,-1,-1,0,0,0,0,0,0,93,0,0,0,2844,detection,
2844706,12,2,-1,-1,0,0,0,0,0,0,53,0,0,0,2844,detection,
2844746,8,2,-1,-1,0,0,0,0,0,0,44,0,0,0,2844,detection,
2844749,18,2,-1,-1,0,0,0,0,0,0,94,0,0,0,2844,detection,
2844784,25,2,-1,-1,0,0,0,0,0,0,58,0,0,0,2844,detection,
2846549,1,7,977,977,0,0,0,0,0,0,40,0,0,0,2846,detection,
2846817,1,21,1599,1599,0,0,0,0,0,0,53,0,0,0,2846,detection,
2846877,18,29,-512,512,-1024,0,100,100,63,0,56,0,58,40,2846,detection,
2848692,3,6,-1,-1,0,0,0,0,0,0,58,0,0,0,2848,detection,
2850914,15,22,1947,1947,0,0,0,0,0,0,55,0,0,0,2850,detection,
2852566,1,21,1855,1855,0,0,0,0,0,0,48,0,0,0,2852,detection,
2854629,10,29,-512,512,-1024,0,100,100,73,0,60,0,58,40,2854,detection,
2854964,1,7,930,930,0,0,0,0,0,0,38,0,0,0,2854,detection,
2855075,21,7,930,930,0,0,0,0,0,0,49,0,0,0,2855,detection,
2857538,15,22,2154,2154,0,0,0,0,0,0,56,0,0,0,2857,detection,
2858528,1,21,-1,-1,0,0,0,0,0,0,50,0,0,0,2858,detection,
2859573,1,7,816,816,0,0,0,0,0,0,37,0,0,0,2859,detection,
2860481,24,31,-512,1186,-1698,0,100,100,100,0,55,0,58,40,2860,detection,
2860484,23,31,-512,1186,-1698,0,100,100,53,8,51,0,58,40,2860,detection,
2860489,16,31,-512,1186,-1698,0,100,100,11,0,59,0,58,40,2860,detection,
2861952,5,22,2154,2154,0,0,0,0,0,0,59,0,0,0,2861,detection,
2862292,15,25,-1,-1,0,0,0,0,0,0,47,0,0,0,2862,detection,
2862705,13,16,1442,1442,0,0,0,0,0,0,44,0,0,0,2862,detection,
2864154,14,2,-1,-1,0,0,0,0,0,0,58,0,0,0,2864,detection,
2864155,25,2,-1,-1,0,0,0,0,0,0,57,0,0,0,2864,detection,
2864160,9,2,-1,-1,0,0,0,0,0,0,49,0,0,0,2864,detection,
2864205,11,2,-1,-1,0,0,0,0,0,0,86,0,0,0,2864,detection,
2864205,13,2,-1,-1,0,0,0,0,0,0,58,0,0,0,2864,detection,
2864206,12,2,-1,-1,0,0,0,0,0,0,57,0,0,0,2864,detection,
2864227,22,2,-1,-1,0,0,0,0,0,0,54,0,0,0,2864,detection,
2864231,23,2,-1,-1,0,0,0,0,0,0,47,0,0,0,2864,detection,
2864232,16,2,-1,-1,0,0,0,0,0,0,56,0,0,0,2864,detection,
2865260,1,7,785,785,0,0,0,0,0,0,35,0,0,0,2865,detection,
2865751,18,28,-512,1954,-2466,0,100,100,19,0,56,0,58,40,2865,detection,
2865754,10,28,-512,1954,-2466,0,100,100,42,0,78,0,48,40,2865,detection,
2865832,11,28,-512,1954,-2466,0,100,100,100,0,86,0,48,40,2865,detection,
2866195,3,31,-512,1186,-1698,0,100,100,100,0,52,0,58,40,2866,detection,
2871062,3,24,768,768,0,0,0,70,0,0,50,0,61,40,2871,detection,
2871553,1,7,757,757,0,0,0,0,0,0,34,0,0,0,2871,detection,
2873077,11,2,-1,-1,0,0,0,0,0,0,82,0,0,0,2873,detection,
2873753,18,28,-512,1280,-1792,0,100,100,80,0,59,0,58,40,2873,detection,
2873817,3,28,-512,1280,-1792,0,100,100,100,0,49,0,59,40,2873,detection,
2876182,1,7,732,732,0,0,0,0,0,0,34,0,0,0,2876,detection,
2878576,5,28,-512,1280,-1792,0,100,100,62,0,56,0,58,40,2878,detection,
2878581,11,28,-512,1280,-1792,0,100,100,64,0,86,0,48,40,2878,detection,
2878581,12,28,-512,1280,-1792,0,100,100,31,0,56,0,58,40,2878,detection,
2878602,22,28,-512,1280,-1792,0,100,100,77,0,79,0,48,40,2878,detection,
2878610,23,28,-512,1280,-1792,0,100,100,30,0,58,0,58,40,2878,detection,
2878611,16,28,-512,1280,-1792,0,100,100,27,0,73,0,48,40,2878,detection,
2878624,10,28,-512,1280,-1792,0,100,100,68,0,79,0,48,40,2878,detection,
2883692,2,14,1280,1280,0,0,0,0,0,0,40,0,0,0,2883,detection,
2884162,9,26,-512,-1,-511,100,93,100,100,0,57,0,56,40,2884,detection,
2884162,25,26,-512,-1,-511,100,100,100,100,0,41,0,69,55,2884,detection,
2884581,1,7,672,672,0,0,0,0,0,0,34,0,0,0,2884,detection,
2884704,21,7,672,672,0,0,0,0,0,0,49,0,0,0,2884,detection,
2890190,1,7,672,672,0,0,0,0,0,0,33,0,0,0,2890,detection,
2897006,1,7,672,672,0,0,0,0,0,0,29,0,0,0,2897,detection,
2901120,1,7,672,672,0,0,0,0,0,0,29,0,0,0,2901,detection,
2909912,25,30,-512,-1,-511,100,100,100,0,0,44,0,64,40,2909,detection,
2921323,1,2,-1,-1,0,0,0,0,0,0,37,0,0,0,2921,detection,
2944841,1,2,768,768,0,0,0,0,0,0,40,0,0,0,2944,detection,
2944905,25,2,768,768,0,0,0,0,0,0,57,0,0,0,2944,detection,
2945469,19,18,3097,3097,0,0,0,0,0,0,84,0,0,0,2945,detection,
2946317,2,26,-512,768,-1280,0,100,100,76,0,37,0,69,55,2946,detection,
2955785,25,26,-512,768,-1280,0,100,100,100,0,45,0,63,40,2955,detection,
2955818,2,26,-512,768,-1280,0,100,100,0,0,37,0,69,55,2955,detection,
2956405,1,2,-1,-256,255,0,53,80,35,0,44,0,69,55,2956,detection,
2956499,10,2,-1,-256,255,0,37,70,25,0,82,0,47,40,2956,detection,
2959909,25,26,-512,512,-1024,0,100,100,35,0,45,0,63,40,2959,detection,
2962105,1,2,768,768,0,0,0,70,35,0,44,0,64,40,2962,detection,
2962122,10,2,768,768,0,0,0,70,25,0,81,0,47,40,2962,detection,
2962155,25,2,768,768,0,0,0,0,0,0,53,0,0,0,2962,detection,
2964283,25,26,-512,512,-1024,0,100,100,0,0,45,0,63,40,2964,detection,
2964314,2,26,-512,512,-1024,0,100,100,38,0,37,0,69,55,2964,detection,
2966732,1,2,512,512,0,0,0,70,0,0,44,0,70,55,2966,detection,
2966749,10,2,512,512,0,0,0,70,0,0,79,0,48,40,2966,detection,
2966779,25,2,512,512,0,0,0,0,0,0,54,0,0,0,2966,detection,
2968690,17,26,-512,768,-1280,0,100,100,36,0,41,0,68,55,2968,detection,
2968691,2,26,-512,768,-1280,0,100,100,36,0,41,0,68,55,2968,detection,
2972264,1,2,-1,-1,0,0,0,70,0,0,44,0,70,55,2972,detection,
2972374,18,2,-1,-1,0,0,0,0,0,0,89,0,0,0,2972,detection,
2975709,1,2,768,768,0,0,0,70,0,0,44,0,70,55,2975,detection,
2975747,18,2,768,768,0,0,0,0,0,0,85,0,0,0,2975,detection,
2975747,10,2,768,768,0,0,0,70,0,0,77,0,48,40,2975,detection,
2975784,25,2,768,768,0,0,0,0,0,0,53,0,0,0,2975,detection,
2975815,17,2,768,768,0,0,0,0,0,0,46,0,0,0,2975,detection,
2976310,6,20,787,787,0,0,0,0,0,0,79,0,0,0,2976,detection,
2976314,3,20,787,787,0,0,0,0,0,0,48,0,0,0,2976,detection,
2976694,17,27,-512,787,-1299,0,100,100,6,10,39,0,69,75,2976,detection,
2977032,25,26,-512,787,-1299,0,100,100,36,0,49,0,59,40,2977,detection,
2980904,25,2,512,512,0,0,0,0,0,0,54,0,0,0,2980,detection,
2980963,7,2,512,512,0,0,0,0,0,0,40,0,0,0,2980,detection,
2980997,18,2,512,512,0,0,0,0,0,0,86,0,0,0,2980,detection,
2980997,10,2,512,512,0,0,0,70,0,0,79,0,48,40,2980,detection,
2981375,10,7,-1,-1,0,0,0,0,0,0,57,0,0,0,2981,detection,
2981453,4,7,-1,-1,0,0,0,0,0,0,50,0,0,0,2981,detection,
2981748,8,29,-512,1024,-1536,0,100,100,61,0,58,0,58,40,2981,detection,
2981749,18,29,-512,1024,-1536,0,100,100,61,0,59,0,58,40,2981,detection,
2981752,10,29,-512,1024,-1536,0,100,100,60,0,60,0,58,40,2981,detection,
2981833,12,29,-512,1024,-1536,0,100,100,71,0,44,0,64,40,2981,detection,
2982564,17,27,-512,787,-1299,0,100,100,0,10,41,0,68,75,2982,detection,
2983757,20,18,1024,1024,0,0,0,0,0,0,56,0,0,0,2983,detection,
2983941,3,24,519,519,0,0,0,70,0,0,51,0,61,40,2983,detection,
2985657,25,2,512,512,0,0,0,0,0,0,55,0,0,0,2985,detection,
2991705,12,8,1536,1536,0,0,0,0,0,0,36,0,0,0,2991,detection,
2992914,9,29,-512,1536,-2048,0,100,100,100,0,61,0,56,40,2992,detection,
2992940,2,29,-512,1536,-2048,0,100,100,100,0,66,0,48,40,2992,detection,
2992957,12,29,-512,1536,-2048,0,100,100,67,0,49,0,59,40,2992,detection,
2993002,18,29,-512,1536,-2048,0,100,100,57,0,67,0,48,40,2993,detection,
2993373,18,12,1536,1536,0,0,0,0,0,0,37,0,0,0,2993,detection,
2993373,8,12,1536,1536,0,0,0,0,0,0,33,0,0,0,2993,detection,
2995706,12,8,1536,1536,0,0,0,0,0,0,36,0,0,0,2995,detection,
2996687,6,18,-1,-1,0,0,0,0,0,0,56,0,0,0,2996,detection,
2999713,7,2,742,742,0,0,0,0,0,0,39,0,0,0,2999,detection,
2999730,22,2,742,742,0,0,0,0,0,0,53,0,0,0,2999,detection,
2999734,16,2,742,742,0,0,0,0,0,0,55,0,0,0,2999,detection,
2999881,20,6,1024,1024,0,0,0,0,0,0,44,0,0,0,2999,detection,
3003328,12,8,1280,1280,0,0,0,0,0,0,36,0,0,0,3003,detection,
3003463,7,2,742,742,0,0,0,0,0,0,39,0,0,0,3003,detection,
3003482,16,2,742,742,0,0,0,0,0,0,54,0,0,0,3003,detection,
3003532,25,2,742,742,0,0,0,0,0,0,54,0,0,0,3003,detection,
3005377,20,6,1254,1254,0,0,0,0,0,0,48,0,0,0,3005,detection,
3005579,11,16,1254,1254,0,0,0,0,0,0,54,0,0,0,3005,detection,
3006291,15,25,-1,-1,0,0,0,0,0,0,47,0,0,0,3006,detection,
3006860,23,31,-512,1766,-2278,0,100,100,73,8,53,0,58,40,3006,detection,
3006865,16,31,-512,1766,-2278,0,100,100,69,0,59,0,58,40,3006,detection,
3008318,17,27,-512,1024,-1536,0,100,100,34,10,40,0,69,75,3008,detection,
3009435,17,8,1280,1280,0,0,0,0,0,0,48,0,0,0,3009,detection,
3009440,2,8,1280,1280,0,0,0,0,0,0,46,0,0,0,3009,detection,
3009967,7,17,1536,1536,0,0,0,0,0,0,65,0,0,0,3009,detection,
3011378,8,12,1792,1792,0,0,0,0,0,0,36,0,0,0,3011,detection,
3014282,25,16,1254,1254,0,0,0,0,0,0,45,0,0,0,3014,detection,
3014436,17,9,-1,-1,0,0,0,0,0,0,46,0,0,0,3014,detection,
3015182,17,8,-1,-1,0,0,0,0,0,0,51,0,0,0,3015,detection,
3015187,2,8,-1,-1,0,0,0,0,0,0,49,0,0,0,3015,detection,
3015213,7,8,-1,-1,0,0,0,0,0,0,47,0,0,0,3015,detection,
3015251,10,8,-1,-1,0,0,0,0,0,0,47,0,0,0,3015,detection,
3015591,7,29,-512,1536,-2048,0,100,100,100,0,55,0,58,40,3015,detection,
3021952,13,16,1254,1254,0,0,0,0,0,0,44,0,0,0,3021,detection,
3022030,25,16,1254,1254,0,0,0,0,0,0,44,0,0,0,3022,detection,
3022037,15,16,1254,1254,0,0,0,0,0,0,36,0,0,0,3022,detection,
3026119,10,29,-512,1536,-2048,0,100,100,62,0,56,0,58,40,3026,detection,
3028613,16,22,1766,1766,0,0,0,70,0,0,57,0,61,40,3028,detection,
3029530,14,18,1464,1464,0,0,0,0,0,0,38,0,0,0,3029,detection,
3031541,9,29,-512,1766,-2278,0,100,100,26,0,63,0,48,40,3031,detection,
3033794,15,30,-512,1510,-2022,0,100,100,57,0,61,0,56,40,3033,detection,
3034576,11,12,1822,1822,0,0,0,0,0,0,46,0,0,0,3034,detection,
3034691,17,12,1822,1822,0,0,0,0,0,0,39,0,0,0,3034,detection,
3039953,5,30,-512,1510,-2022,0,100,100,100,0,59,0,58,40,3039,detection,
3040160,9,7,1258,1258,0,0,0,0,0,0,56,0,0,0,3040,detection,
3040189,17,7,1258,1258,0,0,0,0,0,0,62,0,0,0,3040,detection,
3041380,20,19,-1,-1,0,0,0,0,0,0,45,0,0,0,3041,detection,
3041461,12,22,1766,1766,0,0,0,0,0,0,46,0,0,0,3041,detection,
3046439,3,28,-512,1976,-2488,0,100,100,88,0,52,0,58,40,3046,detection,
3052999,8,2,2225,2225,0,0,0,0,0,0,51,0,0,0,3052,detection,
3054001,20,19,1740,1740,0,0,0,0,0,0,50,0,0,0,3054,detection,
3054206,12,22,-1,-1,0,0,0,0,0,0,50,0,0,0,3054,detection,
3056158,9,7,2022,2022,0,0,0,0,0,0,56,0,0,0,3056,detection,
3056448,5,30,-512,2481,-2993,0,100,100,100,0,65,0,48,40,3056,detection,
3056950,21,17,-1,-1,0,0,0,0,0,0,46,0,0,0,3056,detection,
3057401,14,18,1464,1464,0,0,0,0,0,0,40,0,0,0,3057,detection,
3058454,21,9,-1,-1,0,0,0,0,0,0,80,0,0,0,3058,detection,
3060502,20,19,1691,1691,0,0,0,0,0,0,46,0,0,0,3060,detection,
3061408,9,7,2022,2022,0,0,0,0,0,0,56,0,0,0,3061,detection,
3061437,17,7,2022,2022,0,0,0,0,0,0,61,0,0,0,3061,detection,
3061454,21,7,2022,2022,0,0,0,0,0,0,53,0,0,0,3061,detection,
3061479,23,2,2127,2127,0,0,0,0,0,0,51,0,0,0,3061,detection,
3070684,17,21,-1,-1,0,0,0,0,0,0,44,0,0,0,3070,detection,
3071284,9,7,2206,2206,0,0,0,0,0,0,54,0,0,0,3071,detection,
3071313,17,7,2206,2206,0,0,0,0,0,0,62,0,0,0,3071,detection,
3071327,21,7,2206,2206,0,0,0,0,0,0,54,0,0,0,3071,detection,
3093627,8,7,1536,1536,0,0,0,0,0,0,65,0,0,0,3093,detection,
3093662,9,7,1536,1536,0,0,0,0,0,0,57,0,0,0,3093,detection,
3093684,2,7,1536,1536,0,0,0,0,0,0,54,0,0,0,3093,detection,
3093691,17,7,1536,1536,0,0,0,0,0,0,61,0,0,0,3093,detection,
3095132,20,3,-1,-1,0,0,0,0,0,0,54,0,0,0,3095,detection,
3096217,7,29,-512,2048,-2560,0,100,100,62,0,57,0,58,40,3096,detection,
3096682,17,9,1024,1024,0,0,0,0,0,0,50,0,0,0,3096,detection,
3097628,8,26,-512,2048,-2560,0,100,100,100,0,52,0,58,40,3097,detection,
3100968,19,20,-1,-1,0,0,0,0,0,0,44,0,0,0,3100,detection,
3102535,9,7,793,793,0,0,0,0,0,0,59,0,0,0,3102,detection,
3102565,2,7,793,793,0,0,0,0,0,0,59,0,0,0,3102,detection,
3102872,18,2,1280,1280,0,0,0,0,0,0,80,0,0,0,3102,detection,
3102877,8,2,1280,1280,0,0,0,0,0,0,55,0,0,0,3102,detection,
3102910,9,2,1280,1280,0,0,0,0,0,0,54,0,0,0,3102,detection,
3104037,9,8,1792,1792,0,0,0,0,0,0,48,0,0,0,3104,detection,
3104064,2,8,1792,1792,0,0,0,0,0,0,52,0,0,0,3104,detection,
3105252,8,26,-512,1792,-2304,0,100,100,32,0,52,0,58,40,3105,detection,
3105346,7,26,-512,1792,-2304,0,100,100,31,0,45,0,63,40,3105,detection,
3106336,19,20,-1,-1,0,0,0,0,0,0,44,0,0,0,3106,detection,
3107093,7,17,1280,1280,0,0,0,0,0,0,70,0,0,0,3107,detection,
3107250,10,7,790,790,0,0,0,0,0,0,59,0,0,0,3107,detection,
3107250,8,7,790,790,0,0,0,0,0,0,69,0,0,0,3107,detection,
3108206,11,28,-512,-1,-511,100,75,100,100,0,82,0,49,40,3108,detection,
3108207,12,28,-512,-1,-511,100,91,100,100,0,59,0,56,40,3108,detection,
3108218,19,28,-512,-1,-511,100,100,100,67,0,49,0,57,40,3108,detection,
3108228,22,28,-512,-1,-511,100,78,100,100,0,78,0,49,40,3108,detection,
3108237,16,28,-512,-1,-511,100,83,100,100,0,70,0,49,40,3108,detection,
3110236,23,31,-512,1792,-2304,0,100,100,3,0,57,0,58,40,3110,detection,
3110236,16,31,-512,1792,-2304,0,100,100,3,0,54,0,58,40,3110,detection,
3110310,2,10,1024,1024,0,0,0,0,0,0,91,0,0,0,3110,detection,
3110319,5,10,1024,1024,0,0,0,0,0,0,58,0,0,0,3110,detection,
3112191,2,26,-512,1792,-2304,0,100,100,100,0,41,0,68,55,3112,detection,
3112254,8,26,-512,1792,-2304,0,100,100,0,0,52,0,58,40,3112,detection,
3114213,7,17,-1,-1,0,0,0,0,0,0,68,0,0,0,3114,detection,
3116623,8,26,-512,1792,-2304,0,100,100,0,0,52,0,58,40,3116,detection,
3116662,9,26,-512,1792,-2304,0,100,100,100,0,58,0,58,40,3116,detection,
3116691,2,26,-512,1792,-2304,0,100,100,0,0,41,0,68,55,3116,detection,
3116691,17,26,-512,1792,-2304,0,100,100,100,0,44,0,64,40,3116,detection,
3116721,7,26,-512,1792,-2304,0,100,100,0,0,45,0,63,40,3116,detection,
3116748,18,2,1280,1280,0,0,0,0,0,0,75,0,0,0,3116,detection,
3117726,22,5,1100,1100,0,0,0,0,0,0,56,0,0,0,3117,detection,
3117967,7,10,1024,1024,0,0,0,0,0,0,46,0,0,0,3117,detection,
3117980,24,10,1024,1024,0,0,0,0,0,0,44,0,0,0,3117,detection,
3117980,23,10,1024,1024,0,0,0,0,0,0,46,0,0,0,3117,detection,
3117984,16,10,1024,1024,0,0,0,0,0,0,40,0,0,0,3117,detection,
3119313,17,9,-1,-1,0,0,0,0,0,0,54,0,0,0,3119,detection,
3120826,5,12,-1,-256,255,0,53,80,35,0,44,0,69,55,3120,detection,
3137082,11,31,-512,2252,-2764,0,100,100,100,0,49,0,59,40,3137,detection,
3137085,12,31,-512,2252,-2764,0,100,100,100,0,59,0,58,40,3137,detection,
3137111,23,31,-512,2252,-2764,0,100,100,56,0,57,0,58,40,3137,detection,
3137166,9,31,-512,2252,-2764,0,100,100,100,0,45,0,63,40,3137,detection,
3142938,6,3,512,512,0,0,0,0,0,0,59,0,0,0,3142,detection,
3148062,6,3,512,512,0,0,0,0,0,0,61,0,0,0,3148,detection,
3148483,22,28,-512,-1,-511,100,79,100,0,0,75,0,49,40,3148,detection,
3148569,3,28,-512,-1,-511,100,95,100,100,0,55,0,56,40,3148,detection,
3148582,12,28,-512,-1,-511,100,91,100,0,0,59,0,56,40,3148,detection,
3157813,3,6,768,768,0,0,0,0,0,0,61,0,0,0,3157,detection,
3165564,17,12,-1,-1,0,0,0,0,0,0,41,0,0,0,3165,detection,
3165598,22,12,-1,-1,0,0,0,0,0,0,44,0,0,0,3165,detection,
3165834,12,28,-512,512,-1024,0,100,100,60,0,60,0,58,40,3165,detection,
3165845,19,28,-512,512,-1024,0,100,100,64,0,53,0,58,40,3165,detection,
3165858,22,28,-512,512,-1024,0,100,100,52,0,77,0,48,40,3165,detection,
3165941,3,28,-512,512,-1024,0,100,100,60,0,60,0,58,40,3165,detection,
3171754,18,28,-512,512,-1024,0,100,100,90,0,60,0,58,40,3171,detection,
3171759,20,28,-512,512,-1024,0,100,100,100,0,65,0,48,40,3171,detection,
3171815,3,28,-512,512,-1024,0,100,100,0,0,60,0,58,40,3171,detection,
3171834,12,28,-512,512,-1024,0,100,100,0,0,61,0,56,40,3171,detection,
3171840,19,28,-512,512,-1024,0,100,100,0,0,53,0,58,40,3171,detection,
3172756,20,3,-1,-1,0,0,0,0,0,0,57,0,0,0,3172,detection,
3176250,18,28,-512,512,-1024,0,100,100,0,0,61,0,56,40,3176,detection,
3176257,20,28,-512,512,-1024,0,100,100,0,0,66,0,48,40,3176,detection,
3180611,23,28,-512,512,-1024,0,100,100,91,0,59,0,58,40,3180,detection,
3180627,10,28,-512,512,-1024,0,100,100,76,0,80,0,48,40,3180,detection,
3180627,18,28,-512,512,-1024,0,100,100,0,0,61,0,56,40,3180,detection,
3180632,20,28,-512,512,-1024,0,100,100,0,0,66,0,48,40,3180,detection,
3180709,12,28,-512,512,-1024,0,100,100,0,0,61,0,56,40,3180,detection,
3180713,19,28,-512,512,-1024,0,100,100,0,0,52,0,58,40,3180,detection,
3184279,14,28,-512,512,-1024,0,100,100,100,0,61,0,56,40,3184,detection,
3184341,19,28,-512,512,-1024,0,100,100,0,0,52,0,58,40,3184,detection,
3184359,23,28,-512,512,-1024,0,100,100,0,0,59,0,58,40,3184,detection,
3184376,18,28,-512,512,-1024,0,100,100,0,0,61,0,56,40,3184,detection,
3184381,20,28,-512,512,-1024,0,100,100,0,0,63,0,48,40,3184,detection,
3188373,18,28,-512,512,-1024,0,100,100,0,0,61,0,56,40,3188,detection,
3188376,10,28,-512,512,-1024,0,100,100,0,0,81,0,48,40,3188,detection,
3188385,20,28,-512,512,-1024,0,100,100,0,0,63,0,48,40,3188,detection,
3188402,14,28,-512,512,-1024,0,100,100,0,0,62,0,54,40,3188,detection,
3188445,3,28,-512,512,-1024,0,100,100,0,0,56,0,58,40,3188,detection,
3188467,19,28,-512,512,-1024,0,100,100,0,0,52,0,58,40,3188,detection,
3193342,19,28,-512,512,-1024,0,100,100,0,0,51,0,58,40,3193,detection,
3193360,23,28,-512,512,-1024,0,100,100,0,0,59,0,58,40,3193,detection,
3193376,10,28,-512,512,-1024,0,100,100,0,0,82,0,48,40,3193,detection,
3193385,20,28,-512,512,-1024,0,100,100,0,0,63,0,48,40,3193,detection,
3199442,3,28,-512,512,-1024,0,100,100,0,0,57,0,58,40,3199,detection,
3199451,5,28,-512,512,-1024,0,100,100,90,0,61,0,56,40,3199,detection,
3199468,19,28,-512,512,-1024,0,100,100,0,0,47,0,62,40,3199,detection,
3199484,23,28,-512,512,-1024,0,100,100,0,0,60,0,58,40,3199,detection,
3199498,10,28,-512,512,-1024,0,100,100,0,0,82,0,48,40,3199,detection,
3199510,20,28,-512,512,-1024,0,100,100,0,0,62,0,54,40,3199,detection,
3238667,15,30,-512,-1,-511,100,90,100,100,0,60,0,56,40,3238,detection,
3238748,18,30,-512,-1,-511,100,91,100,100,0,59,0,56,40,3238,detection,
3244000,18,30,-512,768,-1280,0,100,100,92,0,58,0,58,40,3244,detection,
3244289,15,23,768,768,0,0,0,0,0,0,43,0,0,0,3244,detection,
3247039,15,30,-512,768,-1280,0,100,100,91,0,59,0,58,40,3247,detection,
3247124,18,30,-512,768,-1280,0,100,100,0,0,54,0,58,40,3247,detection,
3247786,15,23,-1,-1,0,0,0,0,0,0,47,0,0,0,3247,detection,
3248081,12,29,-512,1280,-1792,0,100,100,33,0,51,0,58,40,3248,detection,
3248102,22,29,-512,1280,-1792,0,100,100,71,0,89,0,48,40,3248,detection,
3248124,18,29,-512,1280,-1792,0,100,100,30,0,61,0,56,40,3248,detection,
3254670,15,30,-512,512,-1024,0,100,100,31,0,56,0,58,40,3254,detection,
3256230,23,10,-1,-1,0,0,0,0,0,0,50,0,0,0,3256,detection,
3256251,18,10,-1,-1,0,0,0,0,0,0,88,0,0,0,3256,detection,
3329059,2,10,-1,-1,0,0,0,0,0,0,84,0,0,0,3329,detection,
3329077,12,10,-1,-1,0,0,0,0,0,0,51,0,0,0,3329,detection,
3332914,15,13,-1,-1,0,0,0,70,0,0,57,0,61,40,3332,detection,
3332963,19,13,-1,-1,0,0,0,0,0,0,38,0,0,0,3332,detection,
3333934,2,10,-1,-1,0,0,0,0,0,0,79,0,0,0,3333,detection,
3337164,15,13,-1,-1,0,0,0,70,0,0,57,0,61,40,3337,detection,
3337213,19,13,-1,-1,0,0,0,0,0,0,34,0,0,0,3337,detection,
3339185,2,10,-1,-1,0,0,0,0,0,0,77,0,0,0,3339,detection,
3339207,12,10,-1,-1,0,0,0,0,0,0,50,0,0,0,3339,detection,
3339225,1,8,-1,-1,0,0,0,0,0,0,38,0,0,0,3339,detection,
3340312,2,12,-1,-1,0,0,0,0,0,0,42,0,0,0,3340,detection,
3340322,5,12,-1,-1,0,0,0,71,35,0,43,0,69,55,3340,detection,
3340373,10,12,-1,-1,0,0,0,0,0,0,47,0,0,0,3340,detection,
3342166,15,13,512,512,0,0,0,70,0,0,58,0,61,40,3342,detection,
3342216,19,13,512,512,0,0,0,0,0,0,39,0,0,0,3342,detection,
3344557,2,10,-1,-1,0,0,0,0,0,0,73,0,0,0,3344,detection,
3344582,12,10,-1,-1,0,0,0,0,0,0,50,0,0,0,3344,detection,
3345785,25,26,-512,1024,-1536,0,100,100,30,0,52,0,58,40,3345,detection,
3345812,2,26,-512,1024,-1536,0,100,100,100,0,45,0,63,40,3345,detection,
3346113,1,8,768,768,0,0,0,0,0,0,41,0,0,0,3346,detection,
3349557,2,10,512,512,0,0,0,0,0,0,72,0,0,0,3349,detection,
3349575,5,10,512,512,0,0,0,0,0,0,55,0,0,0,3349,detection,
3349580,12,10,512,512,0,0,0,0,0,0,55,0,0,0,3349,detection,
3349592,19,10,512,512,0,0,0,0,0,0,52,0,0,0,3349,detection,
3350825,5,19,1024,1024,0,0,0,0,0,0,48,0,0,0,3350,detection,
3352044,1,8,512,512,0,0,0,0,0,0,41,0,0,0,3352,detection,
3352164,9,8,512,512,0,0,0,0,0,0,52,0,0,0,3352,detection,
3356820,5,10,512,512,0,0,0,0,0,0,56,0,0,0,3356,detection,
3356829,12,10,512,512,0,0,0,0,0,0,56,0,0,0,3356,detection,
3359097,1,8,512,512,0,0,0,0,0,0,42,0,0,0,3359,detection,
3359157,9,8,512,512,0,0,0,0,0,0,52,0,0,0,3359,detection,
3360427,15,13,512,512,0,0,0,70,0,0,59,0,61,40,3360,detection,
3361816,2,12,768,768,0,0,0,0,0,0,45,0,0,0,3361,detection,
3362683,2,10,512,512,0,0,0,0,0,0,74,0,0,0,3362,detection,
3362696,5,10,512,512,0,0,0,0,0,0,56,0,0,0,3362,detection,
3362751,8,10,512,512,0,0,0,0,0,0,86,0,0,0,3362,detection,
3364199,21,2,1024,1024,0,0,0,0,0,0,57,0,0,0,3364,detection,
3364207,12,2,1024,1024,0,0,0,0,0,0,56,0,0,0,3364,detection,
3364247,10,2,1024,1024,0,0,0,70,0,0,80,0,48,40,3364,detection,
3364276,14,2,1024,1024,0,0,0,0,0,0,57,0,0,0,3364,detection,
3364292,1,31,-512,768,-1280,0,100,100,40,0,33,0,71,75,3364,detection,
3364331,13,31,-512,768,-1280,0,100,100,100,9,49,0,59,40,3364,detection,
3364332,12,31,-512,768,-1280,0,100,100,100,0,58,0,58,40,3364,detection,
3367988,1,31,-512,512,-1024,0,100,100,40,0,33,0,71,75,3367,detection,
3368829,13,5,768,768,0,0,0,70,0,0,60,0,61,40,3368,detection,
3368840,19,5,768,768,0,0,0,0,0,0,73,0,0,0,3368,detection,
3368904,14,5,768,768,0,0,0,0,0,0,63,0,0,0,3368,detection,
3369526,14,2,768,768,0,0,0,0,0,0,58,0,0,0,3369,detection,
3369572,21,2,768,768,0,0,0,0,0,0,58,0,0,0,3369,detection,
3369582,12,2,768,768,0,0,0,0,0,0,54,0,0,0,3369,detection,
3369586,7,2,768,768,0,0,0,0,0,0,44,0,0,0,3369,detection,
3369623,18,2,768,768,0,0,0,0,0,0,73,0,0,0,3369,detection,
3372873,8,10,742,742,0,0,0,0,0,0,85,0,0,0,3372,detection,
3372909,9,26,-512,1024,-1536,0,100,100,93,0,57,0,58,40,3372,detection,
3372912,25,26,-512,1024,-1536,0,100,100,0,0,56,0,58,40,3372,detection,
3374687,1,31,-512,512,-1024,0,100,100,0,0,34,0,71,75,3374,detection,
3374704,13,31,-512,512,-1024,0,100,100,34,9,47,0,62,40,3374,detection,
3375328,13,5,768,768,0,0,0,70,0,0,61,0,58,40,3375,detection,
3375344,19,5,768,768,0,0,0,0,0,0,73,0,0,0,3375,detection,
3375354,24,5,768,768,0,0,0,0,0,0,55,0,0,0,3375,detection,
3377384,8,26,-512,768,-1280,0,100,100,100,0,52,0,58,40,3377,detection,
3377406,25,26,-512,768,-1280,0,100,100,31,0,56,0,58,40,3377,detection,
3377410,9,26,-512,768,-1280,0,100,100,30,0,58,0,58,40,3377,detection,
3377858,24,29,-512,1024,-1536,0,100,100,63,0,55,0,58,40,3377,detection,
3380553,1,31,-512,512,-1024,0,100,100,0,0,34,0,71,75,3380,detection,
3380999,10,14,1024,1024,0,0,0,0,0,0,58,0,0,0,3380,detection,
3382826,13,5,-1,-1,0,0,0,70,0,0,60,0,61,40,3382,detection,
3382856,24,5,-1,-1,0,0,0,0,0,0,58,0,0,0,3382,detection,
3385499,8,10,742,742,0,0,0,0,0,0,84,0,0,0,3385,detection,
3385562,2,10,742,742,0,0,0,0,0,0,71,0,0,0,3385,detection,
3385572,5,10,742,742,0,0,0,0,0,0,55,0,0,0,3385,detection,
3385786,9,26,-512,768,-1280,0,100,100,0,0,55,0,58,40,3385,detection,
3385815,6,26,-512,768,-1280,0,100,100,25,0,80,0,48,40,3385,detection,
3390543,15,13,512,512,0,0,0,70,0,0,55,0,61,40,3390,detection,
3391698,1,31,-512,512,-1024,0,100,100,0,0,34,0,71,75,3391,detection,
3391706,13,31,-512,512,-1024,0,100,100,0,0,48,0,60,40,3391,detection,
3393705,21,8,998,998,0,0,0,0,0,0,41,0,0,0,3393,detection,
3393709,12,8,998,998,0,0,0,0,0,0,37,0,0,0,3393,detection,
3395541,9,29,-512,1254,-1766,0,100,100,57,0,65,0,48,40,3395,detection,
3396554,1,31,-512,512,-1024,0,100,100,0,0,34,0,71,75,3396,detection,
3396580,13,31,-512,512,-1024,0,100,100,0,0,49,0,59,40,3396,detection,
3397004,8,26,-512,1280,-1792,0,100,100,62,0,56,0,58,40,3397,detection,
3398621,10,8,998,998,0,0,0,0,0,0,50,0,0,0,3398,detection,
3399451,5,13,512,512,0,0,0,0,0,0,58,0,0,0,3399,detection,
3399827,21,9,1792,1792,0,0,0,0,0,0,75,0,0,0,3399,detection,
3401005,20,19,1024,1024,0,0,0,0,0,0,49,0,0,0,3401,detection,
3402316,3,10,1303,1303,0,0,0,0,0,0,88,0,0,0,3402,detection,
3402393,1,31,-512,512,-1024,0,100,100,0,0,30,0,73,75,3402,detection,
3409064,6,26,-512,1280,-1792,0,100,100,52,0,76,0,48,40,3409,detection,
3409067,17,26,-512,1280,-1792,0,100,100,68,0,48,0,60,40,3409,detection,
3409068,2,26,-512,1280,-1792,0,100,100,34,0,48,0,60,40,3409,detection,
3410066,3,24,1536,1536,0,0,0,70,0,0,54,0,61,40,3410,detection,
3412128,10,28,-512,1792,-2304,0,100,100,100,0,73,0,48,40,3412,detection,
3412376,20,19,1024,1024,0,0,0,0,0,0,49,0,0,0,3412,detection,
3414185,17,26,-512,1510,-2022,0,100,100,29,0,52,0,58,40,3414,detection,
3414440,3,24,1536,1536,0,0,0,70,0,0,58,0,61,40,3414,detection,
3415252,20,19,1510,1510,0,0,0,0,0,0,52,0,0,0,3415,detection,
3415567,17,27,-512,1815,-2327,0,100,100,100,0,44,0,64,40,3415,detection,
3418445,3,28,-512,1792,-2304,0,100,100,100,0,64,0,48,40,3418,detection,
3424876,10,28,-512,1971,-2483,0,100,100,19,0,70,0,48,40,3424,detection,
3425419,15,30,-512,1792,-2304,0,100,100,100,0,59,0,58,40,3425,detection,
3432037,9,12,1510,1510,0,0,0,0,0,0,46,50,68,55,3432,detection,
3432062,2,12,1510,1510,0,0,0,0,0,0,48,0,0,0,3432,detection,
3432950,5,28,-512,1971,-2483,0,100,100,100,0,64,0,48,40,3432,detection,
3433278,14,5,-1,-1,0,0,0,0,0,0,62,0,0,0,3433,detection,
3435470,1,21,-1,-1,0,0,0,0,0,0,49,0,0,0,3435,detection,
3436435,2,7,-1,-1,0,0,0,0,0,0,87,0,0,0,3436,detection,
3436435,17,7,-1,-1,0,0,0,0,0,0,87,0,0,0,3436,detection,
3437559,2,12,1766,1766,0,0,0,0,0,0,46,0,0,0,3437,detection,
3437580,4,12,1766,1766,0,0,0,0,0,0,37,0,0,0,3437,detection,
3437606,22,12,1766,1766,0,0,0,0,0,0,43,0,0,0,3437,detection,
3437624,8,12,1766,1766,0,0,0,0,0,0,38,0,0,0,3437,detection,
3437627,10,12,1766,1766,0,0,0,0,0,0,53,0,0,0,3437,detection,
3437658,9,12,1766,1766,0,0,0,0,0,0,45,100,99,100,3437,detection,
3440078,11,2,1536,1536,0,0,0,0,0,0,83,0,0,0,3440,detection,
3440100,22,2,1536,1536,0,0,0,0,0,0,57,0,0,0,3440,detection,
3440108,23,2,1536,1536,0,0,0,0,0,0,54,0,0,0,3440,detection,
3440159,25,2,1536,1536,0,0,0,0,0,0,58,0,0,0,3440,detection,
3440186,17,2,1536,1536,0,0,0,0,0,0,50,0,0,0,3440,detection,
3442065,3,28,-512,2132,-2644,0,100,100,36,0,70,0,48,40,3442,detection,
3442073,5,28,-512,2132,-2644,0,100,100,17,0,67,0,48,40,3442,detection,
3442687,17,27,-512,2278,-2790,0,100,100,62,0,46,0,63,40,3442,detection,
3444785,25,12,1766,1766,0,0,0,0,0,0,43,0,0,0,3444,detection,
3444786,9,12,1766,1766,0,0,0,0,0,0,40,100,99,100,3444,detection,
3444811,2,12,1766,1766,0,0,0,0,0,0,46,0,0,0,3444,detection,
3444815,17,12,1766,1766,0,0,0,0,0,0,49,0,0,0,3444,detection,
3444832,11,12,1766,1766,0,0,0,0,0,0,52,0,0,0,3444,detection,
3444854,22,12,1766,1766,0,0,0,0,0,0,43,0,0,0,3444,detection,
3444870,10,12,1766,1766,0,0,0,0,0,0,53,0,0,0,3444,detection,
3446936,17,2,1536,1536,0,0,0,0,0,0,49,0,0,0,3446,detection,
3446952,11,2,1536,1536,0,0,0,0,0,0,81,0,0,0,3446,detection,
3446961,7,2,1536,1536,0,0,0,0,0,0,44,0,0,0,3446,detection,
3446979,23,2,1536,1536,0,0,0,0,0,0,53,0,0,0,3446,detection,
3452192,3,28,-512,2048,-2560,0,100,100,9,0,68,0,48,40,3452,detection,
3452196,5,28,-512,2048,-2560,0,100,100,9,0,66,0,48,40,3452,detection,
3456488,16,14,512,512,0,0,0,0,0,0,55,0,0,0,3456,detection,
3459690,17,27,-512,2022,-2534,0,100,100,33,0,50,0,58,40,3459,detection,
3462234,16,14,512,512,0,0,0,0,0,0,55,0,0,0,3462,detection,
3464510,1,21,512,512,0,0,0,0,0,0,50,0,0,0,3464,detection,
3465282,14,29,-512,975,-1487,0,100,100,53,0,63,0,48,40,3465,detection,
3468193,3,14,512,512,0,0,0,0,0,0,54,0,0,0,3468,detection,
3468232,16,14,512,512,0,0,0,0,0,0,56,0,0,0,3468,detection,
3471470,1,21,512,512,0,0,0,0,0,0,50,0,0,0,3471,detection,
3475043,1,21,512,512,0,0,0,0,0,0,51,0,0,0,3475,detection,
3476403,14,2,1024,1024,0,0,0,0,0,0,61,0,0,0,3476,detection,
3476437,17,2,1024,1024,0,0,0,0,0,0,49,0,0,0,3476,detection,
3476449,21,2,1024,1024,0,0,0,0,0,0,54,0,0,0,3476,detection,
3476485,16,2,1024,1024,0,0,0,0,0,0,58,0,0,0,3476,detection,
3478192,2,29,-512,1392,-1904,0,100,100,16,0,64,0,48,40,3478,detection,
3478281,14,29,-512,1392,-1904,0,100,100,48,0,62,0,54,40,3478,detection,
3478814,3,14,1135,1135,0,0,0,0,0,0,56,0,0,0,3478,detection,
3479112,16,28,-512,3584,-4096,0,100,100,100,0,99,0,48,40,3479,detection,
3479441,17,27,-512,1536,-2048,0,100,100,63,0,50,0,58,40,3479,detection,
3479454,21,27,-512,1536,-2048,0,100,100,100,10,37,0,69,55,3479,detection,
3482153,14,2,-1,-1,0,0,0,0,0,0,60,0,0,0,3482,detection,
3482196,21,2,-1,-1,0,0,0,0,0,0,57,0,0,0,3482,detection,
3482231,16,2,-1,-1,0,0,0,0,0,0,58,0,0,0,3482,detection,
3484437,17,27,-512,1536,-2048,0,100,100,0,0,49,0,59,40,3484,detection,
3484454,21,27,-512,1536,-2048,0,100,100,0,10,37,0,69,55,3484,detection,
3486190,3,14,1454,1454,0,0,0,0,0,0,62,0,0,0,3486,detection,
3488440,17,21,-1,-1,0,0,0,0,0,0,48,0,0,0,3488,detection,
3493439,3,14,1454,1454,0,0,0,0,0,0,62,0,0,0,3493,detection,
3497789,15,23,2222,2222,0,0,0,0,0,0,47,0,0,0,3497,detection,
3521461,12,14,1921,1921,0,0,0,0,0,0,57,0,0,0,3521,detection,
3521981,24,3,2147,2147,0,0,0,0,0,0,53,0,0,0,3521,detection,
3523165,15,22,-1,-1,0,0,0,0,0,0,56,0,0,0,3523,detection,
3523199,5,22,-1,-1,0,0,0,0,0,0,62,0,0,0,3523,detection,
3523203,11,22,-1,-1,0,0,0,0,0,0,46,0,0,0,3523,detection,
3523215,19,22,-1,-1,0,0,0,0,0,0,50,0,0,0,3523,detection,
3523233,24,22,-1,-1,0,0,0,70,0,0,64,0,48,40,3523,detection,
3525357,24,3,2147,2147,0,0,0,0,0,0,53,0,0,0,3525,detection,
3527228,24,14,1921,1921,0,0,0,0,0,0,73,0,0,0,3527,detection,
3527253,18,14,1921,1921,0,0,0,0,0,0,71,0,0,0,3527,detection,
3527314,3,14,1921,1921,0,0,0,0,0,0,66,0,0,0,3527,detection,
3527330,11,14,1921,1921,0,0,0,0,0,0,62,0,0,0,3527,detection,
3527331,12,14,1921,1921,0,0,0,0,0,0,56,0,0,0,3527,detection,
3530330,4,3,-1,-1,0,0,0,0,0,0,55,0,0,0,3530,detection,
3530356,24,3,-1,-1,0,0,0,0,0,0,56,0,0,0,3530,detection,
3533254,8,14,1921,1921,0,0,0,0,0,0,67,0,0,0,3533,detection,
3533326,11,14,1921,1921,0,0,0,0,0,0,65,0,0,0,3533,detection,
3533331,12,14,1921,1921,0,0,0,0,0,0,54,0,0,0,3533,detection,
3533352,24,14,1921,1921,0,0,0,0,0,0,75,0,0,0,3533,detection,
3537576,11,14,1921,1921,0,0,0,0,0,0,64,0,0,0,3537,detection,
3537580,4,14,1921,1921,0,0,0,0,0,0,69,0,0,0,3537,detection,
3537581,12,14,1921,1921,0,0,0,0,0,0,48,0,0,0,3537,detection,
3537602,24,14,1921,1921,0,0,0,0,0,0,73,0,0,0,3537,detection,
3537606,22,14,1921,1921,0,0,0,0,0,0,60,0,0,0,3537,detection,
3537627,18,14,1921,1921,0,0,0,0,0,0,73,0,0,0,3537,detection,
3537627,8,14,1921,1921,0,0,0,0,0,0,69,0,0,0,3537,detection,
3537632,20,14,1921,1921,0,0,0,0,0,0,73,0,0,0,3537,detection,
3537662,9,14,1921,1921,0,0,0,0,0,0,60,0,0,0,3537,detection,
3540440,2,14,1921,1921,0,0,0,0,0,0,59,0,0,0,3540,detection,
3540444,3,14,1921,1921,0,0,0,0,0,0,62,0,0,0,3540,detection,
3540453,4,14,1921,1921,0,0,0,0,0,0,71,0,0,0,3540,detection,
3540455,11,14,1921,1921,0,0,0,0,0,0,62,0,0,0,3540,detection,
3540457,12,14,1921,1921,0,0,0,0,0,0,46,0,0,0,3540,detection,
3540478,24,14,1921,1921,0,0,0,0,0,0,71,0,0,0,3540,detection,
3540500,18,14,1921,1921,0,0,0,0,0,0,70,0,0,0,3540,detection,
3544453,11,14,1921,1921,0,0,0,0,0,0,60,0,0,0,3544,detection,
3544454,12,14,1921,1921,0,0,0,0,0,0,45,0,0,0,3544,detection,
3544479,22,14,1921,1921,0,0,0,0,0,0,61,0,0,0,3544,detection,
3544479,24,14,1921,1921,0,0,0,0,0,0,69,0,0,0,3544,detection,
3544500,18,14,1921,1921,0,0,0,0,0,0,68,0,0,0,3544,detection,
3544501,8,14,1921,1921,0,0,0,0,0,0,68,0,0,0,3544,detection,
3544501,20,14,1921,1921,0,0,0,0,0,0,75,0,0,0,3544,detection,
3544539,9,14,1921,1921,0,0,0,0,0,0,62,0,0,0,3544,detection,
3544565,2,14,1921,1921,0,0,0,0,0,0,57,0,0,0,3544,detection,
3549329,11,14,2010,2010,0,0,0,0,0,0,58,0,0,0,3549,detection,
3549330,4,14,2010,2010,0,0,0,0,0,0,70,0,0,0,3549,detection,
3549352,24,14,2010,2010,0,0,0,0,0,0,67,0,0,0,3549,detection,
3549352,22,14,2010,2010,0,0,0,0,0,0,61,0,0,0,3549,detection,
3549374,18,14,2010,2010,0,0,0,0,0,0,66,0,0,0,3549,detection,
3549377,8,14,2010,2010,0,0,0,0,0,0,66,0,0,0,3549,detection,
3549381,20,14,2010,2010,0,0,0,0,0,0,74,0,0,0,3549,detection,
3549411,9,14,2010,2010,0,0,0,0,0,0,61,0,0,0,3549,detection,
3549441,3,14,2010,2010,0,0,0,0,0,0,61,0,0,0,3549,detection,
3549441,2,14,2010,2010,0,0,0,0,0,0,56,0,0,0,3549,detection,
3554123,18,14,2010,2010,0,0,0,0,0,0,64,0,0,0,3554,detection,
3554187,3,14,2010,2010,0,0,0,0,0,0,60,0,0,0,3554,detection,
3560413,9,14,2010,2010,0,0,0,0,0,0,55,0,0,0,3560,detection,
3560439,2,14,2010,2010,0,0,0,0,0,0,54,0,0,0,3560,detection,
3560439,6,14,2010,2010,0,0,0,70,0,0,65,0,48,40,3560,detection,
3560495,18,14,2010,2010,0,0,0,0,0,0,58,0,0,0,3560,detection,
3560507,20,14,2010,2010,0,0,0,0,0,0,72,0,0,0,3560,detection,
