sim_ms,mote_id,src,R,Rhat,e,v1,v2,v3,v4,v5,v6,v7,AC,ML,t,type,action
26500,1,7,768,768,0,0,0,0,0,0,0,0,0,0,26,detection,
26505,15,7,768,768,0,0,0,0,0,0,0,0,0,0,26,detection,
26526,18,7,768,768,0,0,0,0,0,0,0,0,0,0,26,detection,
26534,27,7,768,768,0,0,0,0,0,0,0,0,0,0,26,detection,
26573,19,7,768,768,0,0,0,0,0,0,0,0,0,0,26,detection,
26590,4,7,768,768,0,0,0,0,0,0,0,0,0,0,26,detection,
26840,1,4,768,768,0,0,0,0,0,0,0,0,0,0,26,detection,
26884,15,4,768,768,0,0,0,0,0,0,0,0,0,0,26,detection,
26900,18,4,768,768,0,0,0,0,0,0,0,0,0,0,26,detection,
26909,27,4,768,768,0,0,0,0,0,0,0,0,0,0,26,detection,
26912,7,4,768,768,0,0,0,0,0,0,0,0,0,0,26,detection,
26934,6,4,768,768,0,0,0,0,0,0,0,0,0,0,26,detection,
26948,19,4,768,768,0,0,0,0,0,0,0,0,0,0,26,detection,
26960,23,4,768,768,0,0,0,0,0,0,0,0,0,0,26,detection,
26964,10,4,768,768,0,0,0,0,0,0,0,0,0,0,26,detection,
27460,1,15,768,768,0,0,0,0,0,0,0,0,0,0,27,detection,
27470,4,15,768,768,0,0,0,0,0,0,0,0,0,0,27,detection,
27496,21,10,512,512,0,0,0,0,0,0,0,0,0,0,27,detection,
27534,27,15,768,768,0,0,0,0,0,0,0,0,0,0,27,detection,
27564,25,10,512,512,0,0,0,0,0,0,0,0,0,0,27,detection,
27609,1,18,512,512,0,0,0,0,0,0,0,0,0,0,27,detection,
27658,27,18,512,512,0,0,0,0,0,0,0,0,0,0,27,detection,
27665,7,18,512,512,0,0,0,0,0,0,0,0,0,0,27,detection,
27742,1,23,768,768,0,0,0,0,0,0,0,0,0,0,27,detection,
27759,15,23,768,768,0,0,0,0,0,0,0,0,0,0,27,detection,
27773,28,23,768,768,0,0,0,0,0,0,0,0,0,0,27,detection,
27808,6,23,768,768,0,0,0,0,0,0,0,0,0,0,27,detection,
27838,10,23,768,768,0,0,0,0,0,0,0,0,0,0,27,detection,
27841,17,23,768,768,0,0,0,0,0,0,0,0,0,0,27,detection,
27871,1,27,768,768,0,0,0,0,0,0,0,0,0,0,27,detection,
27883,15,27,768,768,0,0,0,0,0,0,0,0,0,0,27,detection,
27917,7,27,768,768,0,0,0,0,0,0,0,0,0,0,27,detection,
29463,10,6,1280,1280,0,0,0,0,0,0,0,0,0,0,29,detection,
29468,4,6,1280,1280,0,0,0,0,0,0,0,0,0,0,29,detection,
29487,12,6,1280,1280,0,0,0,0,0,0,0,0,0,0,29,detection,
29497,21,6,1280,1280,0,0,0,0,0,0,0,0,0,0,29,detection,
29527,28,6,1280,1280,0,0,0,0,0,0,0,0,0,0,29,detection,
30116,1,19,1024,1024,0,0,0,0,0,0,0,0,0,0,30,detection,
30136,15,19,1024,1024,0,0,0,0,0,0,0,0,0,0,30,detection,
30211,23,19,1024,1024,0,0,0,0,0,0,0,0,0,0,30,detection,
30214,17,19,1024,1024,0,0,0,0,0,0,0,0,0,0,30,detection,
30221,4,19,1024,1024,0,0,0,0,0,0,0,0,0,0,30,detection,
30248,21,25,1024,1024,0,0,0,0,0,0,0,0,0,0,30,detection,
30268,24,25,1024,1024,0,0,0,0,0,0,0,0,0,0,30,detection,
30274,28,25,1024,1024,0,0,0,0,0,0,0,0,0,0,30,detection,
30289,8,25,1024,1024,0,0,0,0,0,0,0,0,0,0,30,detection,
30289,11,25,1024,1024,0,0,0,0,0,0,0,0,0,0,30,detection,
30310,16,25,1024,1024,0,0,0,0,0,0,0,0,0,0,30,detection,
30353,13,25,1024,1024,0,0,0,0,0,0,0,0,0,0,30,detection,
30357,20,25,1024,1024,0,0,0,0,0,0,0,0,0,0,30,detection,
31040,1,21,768,768,0,0,0,0,0,0,0,0,0,0,31,detection,
31062,6,21,768,768,0,0,0,0,0,0,0,0,0,0,31,detection,
31064,25,21,768,768,0,0,0,0,0,0,0,0,0,0,31,detection,
31091,10,21,768,768,0,0,0,0,0,0,0,0,0,0,31,detection,
31104,13,21,768,768,0,0,0,0,0,0,0,0,0,0,31,detection,
31311,16,28,1280,1280,0,0,0,0,0,0,0,0,0,0,31,detection,
31313,6,28,1280,1280,0,0,0,0,0,0,0,0,0,0,31,detection,
31315,25,28,1280,1280,0,0,0,0,0,0,0,0,0,0,31,detection,
31336,23,28,1280,1280,0,0,0,0,0,0,0,0,0,0,31,detection,
31339,10,28,1280,1280,0,0,0,0,0,0,0,0,0,0,31,detection,
31396,24,28,1280,1280,0,0,0,0,0,0,0,0,0,0,31,detection,
31434,14,17,1280,1280,0,0,0,0,0,0,0,0,0,0,31,detection,
31843,17,31,1024,1024,0,0,0,0,0,0,0,0,0,0,31,detection,
31862,12,31,1024,1024,0,0,0,0,0,0,0,0,0,0,31,detection,
31925,22,31,1024,1024,0,0,0,0,0,0,0,0,0,0,31,detection,
31935,14,31,1024,1024,0,0,0,0,0,0,0,0,0,0,31,detection,
31936,16,31,1024,1024,0,0,0,0,0,0,0,0,0,0,31,detection,
31938,6,31,1024,1024,0,0,0,0,0,0,0,0,0,0,31,detection,
31949,19,31,1024,1024,0,0,0,0,0,0,0,0,0,0,31,detection,
31962,23,31,1024,1024,0,0,0,0,0,0,0,0,0,0,31,detection,
32792,1,7,512,512,0,0,0,0,0,0,4,0,0,0,32,detection,
32824,19,7,512,512,0,0,0,0,0,0,6,0,0,0,32,detection,
32842,4,7,512,512,0,0,0,0,0,0,4,0,0,0,32,detection,
32857,3,13,1280,1280,0,0,0,0,0,0,0,0,0,0,32,detection,
32858,20,13,1280,1280,0,0,0,0,0,0,0,0,0,0,32,detection,
32873,21,13,1280,1280,0,0,0,0,0,0,0,0,0,0,32,detection,
32885,15,7,512,512,0,0,0,0,0,0,4,0,0,0,32,detection,
32887,5,13,1280,1280,0,0,0,0,0,0,0,0,0,0,32,detection,
32942,25,13,1280,1280,0,0,0,0,0,0,0,0,0,0,32,detection,
33036,9,12,1280,1280,0,0,0,0,0,0,0,0,0,0,33,detection,
33812,16,24,1280,1280,0,0,0,0,0,0,0,0,0,0,33,detection,
33815,25,24,1280,1280,0,0,0,0,0,0,0,0,0,0,33,detection,
33850,2,24,1280,1280,0,0,0,0,0,0,0,0,0,0,33,detection,
33947,25,20,1536,1536,0,0,0,0,0,0,0,0,0,0,33,detection,
33981,13,20,1536,1536,0,0,0,0,0,0,0,0,0,0,33,detection,
33985,3,20,1536,1536,0,0,0,0,0,0,0,0,0,0,33,detection,
34001,21,20,1536,1536,0,0,0,0,0,0,0,0,0,0,34,detection,
34009,26,20,1536,1536,0,0,0,0,0,0,0,0,0,0,34,detection,
34062,6,16,1536,1536,0,0,0,0,0,0,0,0,0,0,34,detection,
34078,25,16,1536,1536,0,0,0,0,0,0,0,0,0,0,34,detection,
34114,12,16,1536,1536,0,0,0,0,0,0,0,0,0,0,34,detection,
34770,24,30,1280,1280,0,0,0,0,0,0,0,0,0,0,34,detection,
34776,28,30,1280,1280,0,0,0,0,0,0,0,0,0,0,34,detection,
34791,8,30,1280,1280,0,0,0,0,0,0,0,0,0,0,34,detection,
34792,11,30,1280,1280,0,0,0,0,0,0,0,0,0,0,34,detection,
34815,16,30,1280,1280,0,0,0,0,0,0,0,0,0,0,34,detection,
34822,25,30,1280,1280,0,0,0,0,0,0,0,0,0,0,34,detection,
34861,20,30,1280,1280,0,0,0,0,0,0,0,0,0,0,34,detection,
34876,21,30,1280,1280,0,0,0,0,0,0,0,0,0,0,34,detection,
35039,9,14,1280,1280,0,0,0,0,0,0,0,0,0,0,35,detection,
35091,17,14,1280,1280,0,0,0,0,0,0,0,0,0,0,35,detection,
35188,6,10,512,512,0,0,0,0,0,0,0,0,0,0,35,detection,
35194,25,10,512,512,0,0,0,0,0,0,1,0,0,0,35,detection,
35212,23,10,512,512,0,0,0,0,0,0,0,0,0,0,35,detection,
35220,4,10,512,512,0,0,0,0,0,0,0,0,0,0,35,detection,
35284,27,18,512,512,0,0,0,0,0,0,0,0,0,0,35,detection,
35307,1,18,512,512,0,0,0,0,0,0,0,0,0,0,35,detection,
35347,4,18,512,512,0,0,0,0,0,0,0,0,0,0,35,detection,
35490,12,22,1280,1280,0,0,0,0,0,0,0,0,0,0,35,detection,
35627,1,15,512,512,0,0,0,0,0,0,4,0,0,0,35,detection,
35659,27,15,512,512,0,0,0,0,0,0,4,0,0,0,35,detection,
35669,7,15,512,512,0,0,0,0,0,0,0,0,0,0,35,detection,
35698,19,15,512,512,0,0,0,0,0,0,0,0,0,0,35,detection,
35738,12,6,1024,1024,0,0,0,0,0,0,6,0,0,0,35,detection,
35790,9,6,1024,1024,0,0,0,0,0,0,0,0,0,0,35,detection,
35815,16,6,1024,1024,0,0,0,0,0,0,0,0,0,0,35,detection,
35935,6,4,512,512,0,0,0,0,0,0,6,0,0,0,35,detection,
35946,19,4,512,512,0,0,0,0,0,0,4,0,0,0,35,detection,
35960,23,4,512,512,0,0,0,0,0,0,4,0,0,0,35,detection,
35987,1,4,512,512,0,0,0,0,0,0,4,0,0,0,35,detection,
36007,15,4,512,512,0,0,0,0,0,0,4,0,0,0,36,detection,
36026,18,4,512,512,0,0,0,0,0,0,4,0,0,0,36,detection,
36036,27,4,512,512,0,0,0,0,0,0,4,0,0,0,36,detection,
36040,7,4,512,512,0,0,0,0,0,0,4,0,0,0,36,detection,
36080,1,23,512,512,0,0,0,0,0,0,4,0,0,0,36,detection,
36091,17,23,512,512,0,0,0,0,0,0,6,0,0,0,36,detection,
36100,4,23,512,512,0,0,0,0,0,0,0,0,0,0,36,detection,
36125,21,23,512,512,0,0,0,0,0,0,0,0,0,0,36,detection,
36134,15,23,512,512,0,0,0,0,0,0,4,0,0,0,36,detection,
36186,6,23,512,512,0,0,0,0,0,0,4,0,0,0,36,detection,
36222,1,27,512,512,0,0,0,0,0,0,4,0,0,0,36,detection,
36225,4,27,512,512,0,0,0,0,0,0,0,0,0,0,36,detection,
36846,17,9,1536,1536,0,0,0,0,0,0,0,0,0,0,36,detection,
36865,12,9,1536,1536,0,0,0,0,0,0,0,0,0,0,36,detection,
36928,22,9,1536,1536,0,0,0,0,0,0,0,0,0,0,36,detection,
36942,6,9,1536,1536,0,0,0,0,0,0,0,0,0,0,36,detection,
37310,14,31,1024,1024,0,0,0,0,0,0,0,0,0,0,37,detection,
37316,6,31,1024,1024,0,0,0,0,0,0,0,0,0,0,37,detection,
37323,19,31,1024,1024,0,0,0,0,0,0,0,0,0,0,37,detection,
37337,23,31,1024,1024,0,0,0,0,0,0,0,0,0,0,37,detection,
37341,17,31,1024,1024,0,0,0,0,0,0,0,0,0,0,37,detection,
37362,12,31,1024,1024,0,0,0,0,0,0,0,0,0,0,37,detection,
37396,24,2,1792,1792,0,0,0,0,0,0,0,0,0,0,37,detection,
37414,9,31,1024,1024,0,0,0,0,0,0,0,0,0,0,37,detection,
37416,11,2,1792,1792,0,0,0,0,0,0,0,0,0,0,37,detection,
37611,3,26,2048,2048,0,0,0,0,0,0,0,0,0,0,37,detection,
37640,5,26,2048,2048,0,0,0,0,0,0,0,0,0,0,37,detection,
37810,1,19,768,768,0,0,0,0,0,0,0,0,0,0,37,detection,
37838,23,19,768,768,0,0,0,0,0,0,0,0,0,0,37,detection,
37842,17,19,768,768,0,0,0,0,0,0,0,0,0,0,37,detection,
37885,15,19,768,768,0,0,0,0,0,0,0,0,0,0,37,detection,
37915,7,19,768,768,0,0,0,0,0,0,0,0,0,0,37,detection,
38554,22,12,1280,1280,0,0,0,0,0,0,0,0,0,0,38,detection,
38857,13,21,819,819,0,0,0,0,0,0,0,0,0,0,38,detection,
38864,20,21,819,819,0,0,0,0,0,0,0,0,0,0,38,detection,
38903,28,21,819,819,0,0,0,0,0,0,0,0,0,0,38,detection,
38972,1,21,819,819,0,0,0,0,0,0,0,0,0,0,38,detection,
39540,9,17,1024,1024,0,0,0,0,0,0,0,0,0,0,39,detection,
39561,14,17,1024,1024,0,0,0,0,0,0,1,0,0,0,39,detection,
39578,19,17,1024,1024,0,0,0,0,0,0,0,0,0,0,39,detection,
39590,23,17,1024,1024,0,0,0,0,0,0,0,0,0,0,39,detection,
39768,24,25,768,768,0,0,0,0,0,0,6,0,0,0,39,detection,
39777,28,25,768,768,0,0,0,0,0,0,4,0,0,0,39,detection,
39793,8,25,768,768,0,0,0,0,0,0,6,0,0,0,39,detection,
39812,16,25,768,768,0,0,0,0,0,0,6,0,0,0,39,detection,
39842,10,25,768,768,0,0,0,0,0,0,0,0,0,0,39,detection,
39858,13,25,768,768,0,0,0,0,0,0,6,0,0,0,39,detection,
39858,20,25,768,768,0,0,0,0,0,0,7,0,0,0,39,detection,
39872,21,25,768,768,0,0,0,0,0,0,4,0,0,0,39,detection,
39927,22,16,1536,1536,0,0,0,0,0,0,0,0,0,0,39,detection,
39938,6,16,1536,1536,0,0,0,0,0,0,0,0,0,0,39,detection,
39987,12,16,1536,1536,0,0,0,0,0,0,0,0,0,0,39,detection,
40252,21,28,1024,1024,0,0,0,0,0,0,0,0,0,0,40,detection,
40268,24,28,1024,1024,0,0,0,0,0,0,4,0,0,0,40,detection,
40312,16,28,1024,1024,0,0,0,0,0,0,4,0,0,0,40,detection,
40318,25,28,1024,1024,0,0,0,0,0,0,4,0,0,0,40,detection,
41544,8,24,1024,1024,0,0,0,0,0,0,0,0,0,0,41,detection,
41544,11,24,1024,1024,0,0,0,0,0,0,0,0,0,0,41,detection,
41597,2,24,1024,1024,0,0,0,0,0,0,1,0,0,0,41,detection,
42352,2,11,1536,1536,0,0,0,0,0,0,0,0,0,0,42,detection,
42358,3,13,1075,1075,0,0,0,0,0,0,6,0,0,0,42,detection,
42374,21,13,1075,1075,0,0,0,0,0,0,4,0,0,0,42,detection,
42388,5,13,1075,1075,0,0,0,0,0,0,6,0,0,0,42,detection,
42397,24,11,1536,1536,0,0,0,0,0,0,0,0,0,0,42,detection,
42667,11,2,1792,1792,0,0,0,0,0,0,2,0,0,0,42,detection,
42760,26,29,1126,1126,0,0,0,0,0,0,0,0,0,0,42,detection,
42765,5,29,1126,1126,0,0,0,0,0,0,0,0,0,0,42,detection,
42857,13,29,1126,1126,0,0,0,0,0,0,0,0,0,0,42,detection,
42861,3,29,1126,1126,0,0,0,0,0,0,0,0,0,0,42,detection,
43170,11,8,1280,1280,0,0,0,0,0,0,0,0,0,0,43,detection,
43396,24,30,1024,1024,0,0,0,0,0,0,4,0,0,0,43,detection,
43400,28,30,1024,1024,0,0,0,0,0,0,4,0,0,0,43,detection,
43416,8,30,1024,1024,0,0,0,0,0,0,4,0,0,0,43,detection,
43417,11,30,1024,1024,0,0,0,0,0,0,6,0,0,0,43,detection,
43440,16,30,1024,1024,0,0,0,0,0,0,6,0,0,0,43,detection,
43445,25,30,1024,1024,0,0,0,0,0,0,6,0,0,0,43,detection,
43793,9,22,1280,1280,0,0,0,0,0,0,0,0,0,0,43,detection,
44110,13,3,1331,1331,0,0,0,0,0,0,0,0,0,0,44,detection,
44139,26,3,1331,1331,0,0,0,0,0,0,0,0,0,0,44,detection,
44610,13,5,1587,1587,0,0,0,0,0,0,0,0,0,0,44,detection,
44640,26,5,1587,1587,0,0,0,0,0,0,0,0,0,0,44,detection,
44809,14,9,1536,1536,0,0,0,0,0,0,0,0,0,0,44,detection,
44840,17,9,1536,1536,0,0,0,0,0,0,0,0,0,0,44,detection,
44900,24,16,1536,1536,0,0,0,0,0,0,0,0,0,0,44,detection,
45487,3,26,1638,1638,0,0,0,0,0,0,3,0,0,0,45,detection,
45512,5,26,1638,1638,0,0,0,0,0,0,3,0,0,0,45,detection,
45549,1,23,534,534,0,0,0,0,0,0,4,0,0,0,45,detection,
45575,19,23,534,534,0,0,0,0,0,0,0,0,0,0,45,detection,
45590,17,23,534,534,0,0,0,0,0,0,6,0,0,0,45,detection,
45604,4,23,534,534,0,0,0,0,0,0,0,0,0,0,45,detection,
45633,15,23,534,534,0,0,0,0,0,0,4,0,0,0,45,detection,
46113,1,18,512,512,0,0,0,0,0,0,0,0,0,0,46,detection,
46159,27,18,512,512,0,0,0,0,0,0,0,0,0,0,46,detection,
46213,23,10,548,548,0,0,0,0,0,0,0,0,0,0,46,detection,
46319,25,13,1024,1024,0,0,0,0,0,0,10,0,0,0,46,detection,
46359,20,13,1024,1024,0,0,0,0,0,0,9,0,0,0,46,detection,
46360,3,13,1024,1024,0,0,0,0,0,0,10,0,0,0,46,detection,
46374,21,13,1024,1024,0,0,0,0,0,0,9,0,0,0,46,detection,
46758,15,7,512,512,0,0,0,0,0,0,5,0,0,0,46,detection,
46774,18,7,512,512,0,0,0,0,0,0,4,0,0,0,46,detection,
46784,27,7,512,512,0,0,0,0,0,0,4,0,0,0,46,detection,
46823,19,7,512,512,0,0,0,0,0,0,6,0,0,0,46,detection,
46824,1,7,512,512,0,0,0,0,0,0,5,0,0,0,46,detection,
46845,4,7,512,512,0,0,0,0,0,0,5,0,0,0,46,detection,
47476,2,11,1280,1280,0,0,0,0,0,0,8,0,0,0,47,detection,
47521,24,11,1280,1280,0,0,0,0,0,0,8,0,0,0,47,detection,
47661,9,12,1280,1280,0,0,0,0,0,0,4,0,0,0,47,detection,
47678,22,12,1280,1280,0,0,0,0,0,0,3,0,0,0,47,detection,
48717,17,19,768,768,0,0,0,0,0,0,0,0,0,0,48,detection,
48760,15,19,768,768,0,0,0,0,0,0,0,0,0,0,48,detection,
48790,7,19,768,768,0,0,0,0,0,0,0,0,0,0,48,detection,
48809,1,19,768,768,0,0,0,0,0,0,0,0,0,0,48,detection,
49428,22,16,1280,1280,0,0,0,0,0,0,8,0,0,0,49,detection,
49651,28,6,768,768,0,0,0,0,0,0,4,0,0,0,49,detection,
49664,9,6,768,768,0,0,0,0,0,0,0,0,0,0,49,detection,
49686,16,6,768,768,0,0,0,0,0,0,1,0,0,0,49,detection,
49714,23,6,768,768,0,0,0,0,0,0,0,0,0,0,49,detection,
49721,4,6,768,768,0,0,0,0,0,0,4,0,0,0,49,detection,
49736,12,6,768,768,0,0,0,0,0,0,7,0,0,0,49,detection,
50203,1,21,903,903,0,0,0,0,0,0,1,0,0,0,50,detection,
50234,20,21,903,903,0,0,0,0,0,0,0,0,0,0,50,detection,
50277,28,21,903,903,0,0,0,0,0,0,0,0,0,0,50,detection,
50499,21,28,1024,1024,0,0,0,0,0,0,0,0,0,0,50,detection,
50562,6,28,1024,1024,0,0,0,0,0,0,4,0,0,0,50,detection,
50564,16,28,1024,1024,0,0,0,0,0,0,6,0,0,0,50,detection,
50587,23,28,1024,1024,0,0,0,0,0,0,4,0,0,0,50,detection,
51539,7,4,531,531,0,0,0,0,0,0,4,0,0,0,51,detection,
51540,1,4,531,531,0,0,0,0,0,0,4,0,0,0,51,detection,
51575,19,4,531,531,0,0,0,0,0,0,4,0,0,0,51,detection,
51587,23,4,531,531,0,0,0,0,0,0,4,0,0,0,51,detection,
51591,10,4,531,531,0,0,0,0,0,0,4,0,0,0,51,detection,
51633,15,4,531,531,0,0,0,0,0,0,4,0,0,0,51,detection,
51649,18,4,531,531,0,0,0,0,0,0,4,0,0,0,51,detection,
51658,27,4,531,531,0,0,0,0,0,0,4,0,0,0,51,detection,
52113,3,26,1382,1382,0,0,0,0,0,0,7,0,0,0,52,detection,
52138,5,26,1382,1382,0,0,0,0,0,0,7,0,0,0,52,detection,
52261,15,27,512,512,0,0,0,0,0,0,4,0,0,0,52,detection,
52273,18,27,512,512,0,0,0,0,0,0,0,0,0,0,52,detection,
52284,1,27,512,512,0,0,0,0,0,0,5,0,0,0,52,detection,
52291,7,27,512,512,0,0,0,0,0,0,4,0,0,0,52,detection,
52295,8,11,1280,1280,0,0,0,0,0,0,0,0,0,0,52,detection,
52336,23,31,880,880,0,0,0,0,0,0,0,0,0,0,52,detection,
52339,17,31,880,880,0,0,0,0,0,0,0,0,0,0,52,detection,
52349,2,11,1280,1280,0,0,0,0,0,0,9,0,0,0,52,detection,
52360,12,31,880,880,0,0,0,0,0,0,2,0,0,0,52,detection,
52413,9,31,880,880,0,0,0,0,0,0,0,0,0,0,52,detection,
52428,22,31,880,880,0,0,0,0,0,0,2,0,0,0,52,detection,
52436,14,31,880,880,0,0,0,0,0,0,0,0,0,0,52,detection,
52451,19,31,880,880,0,0,0,0,0,0,0,0,0,0,52,detection,
52524,1,15,512,512,0,0,0,0,0,0,5,0,0,0,52,detection,
52534,27,15,512,512,0,0,0,0,0,0,5,0,0,0,52,detection,
52544,7,15,512,512,0,0,0,0,0,0,0,0,0,0,52,detection,
52580,19,15,512,512,0,0,0,0,0,0,0,0,0,0,52,detection,
52591,23,15,512,512,0,0,0,0,0,0,0,0,0,0,52,detection,
52596,4,15,512,512,0,0,0,0,0,0,4,0,0,0,52,detection,
53093,17,14,1212,1212,0,0,0,0,0,0,0,0,0,0,53,detection,
53275,28,25,875,875,0,0,0,0,0,0,3,0,0,0,53,detection,
53291,8,25,875,875,0,0,0,0,0,0,4,0,0,0,53,detection,
53291,11,25,875,875,0,0,0,0,0,0,5,0,0,0,53,detection,
53313,16,25,875,875,0,0,0,0,0,0,5,0,0,0,53,detection,
53340,10,25,875,875,0,0,0,0,0,0,1,0,0,0,53,detection,
53356,13,25,875,875,0,0,0,0,0,0,5,0,0,0,53,detection,
53359,20,25,875,875,0,0,0,0,0,0,6,0,0,0,53,detection,
53374,21,25,875,875,0,0,0,0,0,0,3,0,0,0,53,detection,
53394,24,25,875,875,0,0,0,0,0,0,4,0,0,0,53,detection,
53693,25,13,1190,1190,0,0,0,0,0,0,8,0,0,0,53,detection,
53733,20,13,1190,1190,0,0,0,0,0,0,9,0,0,0,53,detection,
53737,3,13,1190,1190,0,0,0,0,0,0,8,0,0,0,53,detection,
53765,26,13,1190,1190,0,0,0,0,0,0,0,0,0,0,53,detection,
53858,13,20,1536,1536,0,0,0,0,0,0,4,0,0,0,53,detection,
53861,3,20,1536,1536,0,0,0,0,0,0,3,0,0,0,53,detection,
53887,26,20,1536,1536,0,0,0,0,0,0,6,0,0,0,53,detection,
55233,13,3,1446,1446,0,0,0,0,0,0,0,0,0,0,55,detection,
55262,26,3,1446,1446,0,0,0,0,0,0,0,0,0,0,55,detection,
55416,9,12,1075,1075,0,0,0,0,0,0,4,0,0,0,55,detection,
55427,22,12,1075,1075,0,0,0,0,0,0,3,0,0,0,55,detection,
55450,19,17,1168,1168,0,0,0,0,0,0,0,0,0,0,55,detection,
55539,9,17,1168,1168,0,0,0,0,0,0,0,0,0,0,55,detection,
55776,24,8,1387,1387,0,0,0,0,0,0,0,0,0,0,55,detection,
55794,11,8,1387,1387,0,0,0,0,0,0,1,0,0,0,55,detection,
55975,2,24,1241,1241,0,0,0,0,0,0,2,0,0,0,55,detection,
56031,28,24,1241,1241,0,0,0,0,0,0,0,0,0,0,56,detection,
56056,22,24,1241,1241,0,0,0,0,0,0,0,0,0,0,56,detection,
56063,16,24,1241,1241,0,0,0,0,0,0,2,0,0,0,56,detection,
56074,25,24,1241,1241,0,0,0,0,0,0,3,0,0,0,56,detection,
57803,22,9,1305,1305,0,0,0,0,0,0,0,0,0,0,57,detection,
57811,14,9,1305,1305,0,0,0,0,0,0,0,0,0,0,57,detection,
57842,17,9,1305,1305,0,0,0,0,0,0,0,0,0,0,57,detection,
58985,13,20,1446,1446,0,0,0,0,0,0,8,0,0,0,58,detection,
58999,21,20,1446,1446,0,0,0,0,0,0,8,0,0,0,58,detection,
59014,26,20,1446,1446,0,0,0,0,0,0,9,0,0,0,59,detection,
59248,21,30,1204,1204,0,0,0,0,0,0,2,0,0,0,59,detection,
59272,24,30,1204,1204,0,0,0,0,0,0,4,0,0,0,59,detection,
59277,28,30,1204,1204,0,0,0,0,0,0,4,0,0,0,59,detection,
59293,11,30,1204,1204,0,0,0,0,0,0,6,0,0,0,59,detection,
59311,16,30,1204,1204,0,0,0,0,0,0,5,0,0,0,59,detection,
59395,24,2,1792,1792,0,0,0,0,0,0,3,0,0,0,59,detection,
59420,11,2,1792,1792,0,0,0,0,0,0,9,0,0,0,59,detection,
59611,3,29,1407,1407,0,0,0,0,0,0,2,0,0,0,59,detection,
59637,26,29,1407,1407,0,0,0,0,0,0,3,0,0,0,59,detection,
59640,5,29,1407,1407,0,0,0,0,0,0,2,0,0,0,59,detection,
60291,9,22,1136,1136,0,0,0,0,0,0,0,0,0,0,60,detection,
60315,16,22,1136,1136,0,0,0,0,0,0,0,0,0,0,60,detection,
60363,12,22,1136,1136,0,0,0,0,0,0,1,0,0,0,60,detection,
61233,13,5,1561,1561,0,0,0,0,0,0,0,0,0,0,61,detection,
61262,26,5,1561,1561,0,0,0,0,0,0,0,0,0,0,61,detection,
62790,8,11,1280,1280,0,0,0,0,0,0,3,0,0,0,62,detection,
62848,2,11,1280,1280,0,0,0,0,0,0,13,0,0,0,62,detection,
62898,24,11,1280,1280,0,0,0,0,0,0,12,0,0,0,62,detection,
63396,24,16,1024,1024,0,0,0,0,0,0,4,0,0,0,63,detection,
63406,28,16,1024,1024,0,0,0,0,0,0,0,0,0,0,63,detection,
63429,22,16,1024,1024,0,0,0,0,0,0,9,0,0,0,63,detection,
63439,6,16,1024,1024,0,0,0,0,0,0,7,0,0,0,63,detection,
63444,25,16,1024,1024,0,0,0,0,0,0,10,0,0,0,63,detection,
64136,26,13,1354,1354,0,0,0,0,0,0,0,0,0,0,64,detection,
64139,5,13,1354,1354,0,0,0,0,0,0,7,0,0,0,64,detection,
64193,25,13,1354,1354,0,0,0,0,0,0,7,0,0,0,64,detection,
64234,20,13,1354,1354,0,0,0,0,0,0,8,0,0,0,64,detection,
64237,3,13,1354,1354,0,0,0,0,0,0,7,0,0,0,64,detection,
64249,21,13,1354,1354,0,0,0,0,0,0,8,0,0,0,64,detection,
67540,11,2,1536,1536,0,0,0,0,0,0,12,0,0,0,67,detection,
69521,24,11,1280,1280,0,0,0,0,0,0,12,0,0,0,69,detection,
69541,8,11,1280,1280,0,0,0,0,0,0,3,0,0,0,69,detection,
69600,2,11,1280,1280,0,0,0,0,0,0,13,0,0,0,69,detection,
71109,13,26,1663,1663,0,0,0,0,0,0,0,0,0,0,71,detection,
71111,3,26,1663,1663,0,0,0,0,0,0,8,0,0,0,71,detection,
71111,20,26,1663,1663,0,0,0,0,0,0,0,0,0,0,71,detection,
71140,5,26,1663,1663,0,0,0,0,0,0,8,0,0,0,71,detection,
72942,16,12,1075,1075,0,0,0,0,0,0,0,0,0,0,72,detection,
73040,9,12,1075,1075,0,0,0,0,0,0,5,0,0,0,73,detection,
73053,22,12,1075,1075,0,0,0,0,0,0,4,0,0,0,73,detection,
73440,1,23,523,523,0,0,0,0,0,0,4,0,0,0,73,detection,
73464,10,23,523,523,0,0,0,0,0,0,4,0,0,0,73,detection,
73468,17,23,523,523,0,0,0,0,0,0,5,0,0,0,73,detection,
73470,4,23,523,523,0,0,0,0,0,0,0,0,0,0,73,detection,
73527,18,27,512,512,0,0,0,0,0,0,0,0,0,0,73,detection,
73529,28,23,523,523,0,0,0,0,0,0,5,0,0,0,73,detection,
73569,1,27,512,512,0,0,0,0,0,0,4,0,0,0,73,detection,
73603,4,27,512,512,0,0,0,0,0,0,0,0,0,0,73,detection,
73635,15,27,512,512,0,0,0,0,0,0,5,0,0,0,73,detection,
73864,1,19,768,768,0,0,0,0,0,0,0,0,0,0,73,detection,
73884,15,19,768,768,0,0,0,0,0,0,0,0,0,0,73,detection,
73918,7,19,768,768,0,0,0,0,0,0,0,0,0,0,73,detection,
73962,23,19,768,768,0,0,0,0,0,0,0,0,0,0,73,detection,
73965,17,19,768,768,0,0,0,0,0,0,0,0,0,0,73,detection,
73971,4,19,768,768,0,0,0,0,0,0,0,0,0,0,73,detection,
76610,13,29,1382,1382,0,0,0,0,0,0,1,0,0,0,76,detection,
76613,3,29,1382,1382,0,0,0,0,0,0,1,0,0,0,76,detection,
76638,5,29,1382,1382,0,0,0,0,0,0,1,0,0,0,76,detection,
76639,26,29,1382,1382,0,0,0,0,0,0,3,0,0,0,76,detection,
76892,1,21,973,973,0,0,0,0,0,0,2,0,0,0,76,detection,
76904,28,21,973,973,0,0,0,0,0,0,0,0,0,0,76,detection,
76938,6,21,973,973,0,0,0,0,0,0,3,0,0,0,76,detection,
76945,25,21,973,973,0,0,0,0,0,0,5,0,0,0,76,detection,
76963,10,21,973,973,0,0,0,0,0,0,3,0,0,0,76,detection,
77109,20,25,840,840,0,0,0,0,0,0,6,0,0,0,77,detection,
77123,21,25,840,840,0,0,0,0,0,0,2,0,0,0,77,detection,
77144,24,25,840,840,0,0,0,0,0,0,3,0,0,0,77,detection,
77153,28,25,840,840,0,0,0,0,0,0,2,0,0,0,77,detection,
77168,8,25,840,840,0,0,0,0,0,0,3,0,0,0,77,detection,
77169,11,25,840,840,0,0,0,0,0,0,6,0,0,0,77,detection,
77187,16,25,840,840,0,0,0,0,0,0,5,0,0,0,77,detection,
78389,26,20,1610,1610,0,0,0,0,0,0,11,0,0,0,78,detection,
78421,8,20,1610,1610,0,0,0,0,0,0,0,0,0,0,78,detection,
78484,13,20,1610,1610,0,0,0,0,0,0,9,0,0,0,78,detection,
78487,3,20,1610,1610,0,0,0,0,0,0,7,0,0,0,78,detection,
78498,21,20,1610,1610,0,0,0,0,0,0,9,0,0,0,78,detection,
78939,1,4,525,525,0,0,0,0,0,0,4,0,0,0,78,detection,
78964,10,4,525,525,0,0,0,0,0,0,4,0,0,0,78,detection,
78965,23,4,525,525,0,0,0,0,0,0,4,0,0,0,78,detection,
79010,15,4,525,525,0,0,0,0,0,0,4,0,0,0,79,detection,
79026,18,4,525,525,0,0,0,0,0,0,4,0,0,0,79,detection,
79040,7,4,525,525,0,0,0,0,0,0,4,0,0,0,79,detection,
80233,13,5,1817,1817,0,0,0,0,0,0,0,0,0,0,80,detection,
80262,26,5,1817,1817,0,0,0,0,0,0,0,0,0,0,80,detection,
81040,9,17,1144,1144,0,0,0,0,0,0,0,0,0,0,81,detection,
81059,14,17,1144,1144,0,0,0,0,0,0,1,0,0,0,81,detection,
81074,19,17,1144,1144,0,0,0,0,0,0,0,0,0,0,81,detection,
81088,23,17,1144,1144,0,0,0,0,0,0,0,0,0,0,81,detection,
82313,6,10,512,512,0,0,0,0,0,0,0,0,0,0,82,detection,
82320,25,10,512,512,0,0,0,0,0,0,3,0,0,0,82,detection,
82338,23,10,512,512,0,0,0,0,0,0,0,0,0,0,82,detection,
82346,4,10,512,512,0,0,0,0,0,0,0,0,0,0,82,detection,
82376,21,10,512,512,0,0,0,0,0,0,1,0,0,0,82,detection,
82404,28,10,512,512,0,0,0,0,0,0,0,0,0,0,82,detection,
82790,9,31,843,843,0,0,0,0,0,0,0,0,0,0,82,detection,
82802,22,31,843,843,0,0,0,0,0,0,1,0,0,0,82,detection,
82810,14,31,843,843,0,0,0,0,0,0,0,0,0,0,82,detection,
82812,6,31,843,843,0,0,0,0,0,0,0,0,0,0,82,detection,
82813,16,31,843,843,0,0,0,0,0,0,1,0,0,0,82,detection,
82824,19,31,843,843,0,0,0,0,0,0,0,0,0,0,82,detection,
82839,23,31,843,843,0,0,0,0,0,0,0,0,0,0,82,detection,
82841,17,31,843,843,0,0,0,0,0,0,0,0,0,0,82,detection,
82862,12,31,843,843,0,0,0,0,0,0,2,0,0,0,82,detection,
84167,1,7,512,512,0,0,0,0,0,0,4,0,0,0,84,detection,
84200,19,7,512,512,0,0,0,0,0,0,6,0,0,0,84,detection,
84219,4,7,512,512,0,0,0,0,0,0,4,0,0,0,84,detection,
84260,15,7,512,512,0,0,0,0,0,0,4,0,0,0,84,detection,
84285,27,7,512,512,0,0,0,0,0,0,5,0,0,0,84,detection,
84487,1,15,512,512,0,0,0,0,0,0,4,0,0,0,84,detection,
84542,7,15,512,512,0,0,0,0,0,0,0,0,0,0,84,detection,
84576,19,15,512,512,0,0,0,0,0,0,0,0,0,0,84,detection,
84591,23,15,512,512,0,0,0,0,0,0,0,0,0,0,84,detection,
84603,4,15,512,512,0,0,0,0,0,0,5,0,0,0,84,detection,
84762,1,18,512,512,0,0,0,0,0,0,0,0,0,0,84,detection,
84790,27,18,512,512,0,0,0,0,0,0,0,0,0,0,84,detection,
84790,7,18,512,512,0,0,0,0,0,0,0,0,0,0,84,detection,
84848,4,18,512,512,0,0,0,0,0,0,0,0,0,0,84,detection,
85062,16,24,1147,1147,0,0,0,0,0,0,2,0,0,0,85,detection,
85066,25,24,1147,1147,0,0,0,0,0,0,2,0,0,0,85,detection,
85101,2,24,1147,1147,0,0,0,0,0,0,3,0,0,0,85,detection,
85152,28,24,1147,1147,0,0,0,0,0,0,0,0,0,0,85,detection,
85167,11,24,1147,1147,0,0,0,0,0,0,2,0,0,0,85,detection,
85167,8,24,1147,1147,0,0,0,0,0,0,0,0,0,0,85,detection,
86214,23,6,768,768,0,0,0,0,0,0,0,0,0,0,86,detection,
86218,10,6,768,768,0,0,0,0,0,0,4,0,0,0,86,detection,
86222,4,6,768,768,0,0,0,0,0,0,5,0,0,0,86,detection,
86236,12,6,768,768,0,0,0,0,0,0,7,0,0,0,86,detection,
86247,21,6,768,768,0,0,0,0,0,0,4,0,0,0,86,detection,
86277,28,6,768,768,0,0,0,0,0,0,5,0,0,0,86,detection,
86289,9,6,768,768,0,0,0,0,0,0,0,0,0,0,86,detection,
86312,16,6,768,768,0,0,0,0,0,0,1,0,0,0,86,detection,
86977,2,11,1403,1403,0,0,0,0,0,0,13,0,0,0,86,detection,
87022,24,11,1403,1403,0,0,0,0,0,0,12,0,0,0,87,detection,
87043,8,11,1403,1403,0,0,0,0,0,0,3,0,0,0,87,detection,
87940,16,28,804,804,0,0,0,0,0,0,6,0,0,0,87,detection,
87944,25,28,804,804,0,0,0,0,0,0,6,0,0,0,87,detection,
87964,10,28,804,804,0,0,0,0,0,0,3,0,0,0,87,detection,
87965,23,28,804,804,0,0,0,0,0,0,4,0,0,0,87,detection,
88001,21,28,804,804,0,0,0,0,0,0,0,0,0,0,88,detection,
88039,7,15,512,512,0,0,0,0,0,0,0,0,0,0,88,detection,
88236,13,26,1663,1663,0,0,0,0,0,0,0,0,0,0,88,detection,
88264,5,26,1663,1663,0,0,0,0,0,0,8,0,0,0,88,detection,
89529,28,16,1024,1024,0,0,0,0,0,0,0,0,0,0,89,detection,
89553,22,16,1024,1024,0,0,0,0,0,0,8,0,0,0,89,detection,
89563,6,16,1024,1024,0,0,0,0,0,0,8,0,0,0,89,detection,
89572,25,16,1024,1024,0,0,0,0,0,0,10,0,0,0,89,detection,
89612,12,16,1024,1024,0,0,0,0,0,0,8,0,0,0,89,detection,
89648,24,16,1024,1024,0,0,0,0,0,0,5,0,0,0,89,detection,
89735,3,13,1293,1293,0,0,0,0,0,0,7,0,0,0,89,detection,
89736,20,13,1293,1293,0,0,0,0,0,0,7,0,0,0,89,detection,
89751,21,13,1293,1293,0,0,0,0,0,0,6,0,0,0,89,detection,
89762,26,13,1293,1293,0,0,0,0,0,0,0,0,0,0,89,detection,
89765,5,13,1293,1293,0,0,0,0,0,0,7,0,0,0,89,detection,
89819,25,13,1293,1293,0,0,0,0,0,0,7,0,0,0,89,detection,
91044,11,8,1326,1326,0,0,0,0,0,0,2,0,0,0,91,detection,
91666,9,14,1160,1160,0,0,0,0,0,0,0,0,0,0,91,detection,
92042,8,30,1387,1387,0,0,0,0,0,0,3,0,0,0,92,detection,
92048,11,30,1387,1387,0,0,0,0,0,0,6,0,0,0,92,detection,
92066,16,30,1387,1387,0,0,0,0,0,0,4,0,0,0,92,detection,
92076,25,30,1387,1387,0,0,0,0,0,0,4,0,0,0,92,detection,
92110,20,30,1387,1387,0,0,0,0,0,0,2,0,0,0,92,detection,
92125,21,30,1387,1387,0,0,0,0,0,0,1,0,0,0,92,detection,
92145,24,30,1387,1387,0,0,0,0,0,0,3,0,0,0,92,detection,
92155,28,30,1387,1387,0,0,0,0,0,0,3,0,0,0,92,detection,
92440,16,22,1099,1099,0,0,0,0,0,0,0,0,0,0,92,detection,
92488,12,22,1099,1099,0,0,0,0,0,0,1,0,0,0,92,detection,
92527,24,22,1099,1099,0,0,0,0,0,0,0,0,0,0,92,detection,
92541,9,22,1099,1099,0,0,0,0,0,0,0,0,0,0,92,detection,
93011,26,3,1594,1594,0,0,0,0,0,0,0,0,0,0,93,detection,
93110,13,3,1594,1594,0,0,0,0,0,0,0,0,0,0,93,detection,
93565,16,12,1069,1069,0,0,0,0,0,0,0,0,0,0,93,detection,
93802,22,9,1276,1276,0,0,0,0,0,0,0,0,0,0,93,detection,
93810,14,9,1276,1276,0,0,0,0,0,0,0,0,0,0,93,detection,
93814,6,9,1276,1276,0,0,0,0,0,0,0,0,0,0,93,detection,
93842,17,9,1276,1276,0,0,0,0,0,0,0,0,0,0,93,detection,
93863,12,9,1276,1276,0,0,0,0,0,0,1,0,0,0,93,detection,
95272,24,30,1387,1387,0,0,0,0,0,0,2,0,0,0,95,detection,
95736,13,29,1454,1454,0,0,0,0,0,0,1,0,0,0,95,detection,
97803,22,12,1069,1069,0,0,0,0,0,0,3,0,0,0,97,detection,
97814,16,12,1069,1069,0,0,0,0,0,0,0,0,0,0,97,detection,
101138,26,20,1549,1549,0,0,0,0,0,0,11,0,0,0,101,detection,
101169,8,20,1549,1549,0,0,0,0,0,0,0,0,0,0,101,detection,
101192,25,20,1549,1549,0,0,0,0,0,0,10,0,0,0,101,detection,
101233,13,20,1549,1549,0,0,0,0,0,0,10,0,0,0,101,detection,
101236,3,20,1549,1549,0,0,0,0,0,0,8,0,0,0,101,detection,
101251,21,20,1549,1549,0,0,0,0,0,0,8,0,0,0,101,detection,
110772,24,2,1659,1659,0,0,0,0,0,0,7,0,0,0,110,detection,
110791,11,2,1659,1659,0,0,0,0,0,0,14,0,0,0,110,detection,
116600,2,11,1425,1425,0,0,0,0,0,0,12,0,0,0,116,detection,
116646,24,11,1425,1425,0,0,0,0,0,0,11,0,0,0,116,detection,
124039,9,17,1144,1144,0,0,0,0,0,0,0,0,0,0,124,detection,
124062,14,17,1144,1144,0,0,0,0,0,0,1,0,0,0,124,detection,
124077,19,17,1144,1144,0,0,0,0,0,0,0,0,0,0,124,detection,
124091,23,17,1144,1144,0,0,0,0,0,0,0,0,0,0,124,detection,
125125,21,25,793,793,0,0,0,0,0,0,2,0,0,0,125,detection,
125146,24,25,793,793,0,0,0,0,0,0,3,0,0,0,125,detection,
125166,11,25,793,793,0,0,0,0,0,0,7,0,0,0,125,detection,
125166,8,25,793,793,0,0,0,0,0,0,3,0,0,0,125,detection,
125189,16,25,793,793,0,0,0,0,0,0,5,0,0,0,125,detection,
125214,10,25,793,793,0,0,0,0,0,0,0,0,0,0,125,detection,
125231,13,25,793,793,0,0,0,0,0,0,6,0,0,0,125,detection,
125234,20,25,793,793,0,0,0,0,0,0,6,0,0,0,125,detection,
127966,17,9,1276,1276,0,0,0,0,0,0,0,0,0,0,127,detection,
128059,14,9,1276,1276,0,0,0,0,0,0,0,0,0,0,128,detection,
129646,1,19,768,768,0,0,0,0,0,0,0,0,0,0,129,detection,
129665,7,19,768,768,0,0,0,0,0,0,0,0,0,0,129,detection,
129714,23,19,768,768,0,0,0,0,0,0,0,0,0,0,129,detection,
129716,17,19,768,768,0,0,0,0,0,0,0,0,0,0,129,detection,
129722,4,19,768,768,0,0,0,0,0,0,0,0,0,0,129,detection,
129759,15,19,768,768,0,0,0,0,0,0,0,0,0,0,129,detection,
130195,25,30,1371,1371,0,0,0,0,0,0,4,0,0,0,130,detection,
130235,20,30,1371,1371,0,0,0,0,0,0,2,0,0,0,130,detection,
130250,21,30,1371,1371,0,0,0,0,0,0,1,0,0,0,130,detection,
130270,24,30,1371,1371,0,0,0,0,0,0,1,0,0,0,130,detection,
130279,28,30,1371,1371,0,0,0,0,0,0,2,0,0,0,130,detection,
130726,1,21,898,898,0,0,0,0,0,0,1,0,0,0,130,detection,
130733,13,21,898,898,0,0,0,0,0,0,2,0,0,0,130,detection,
130738,20,21,898,898,0,0,0,0,0,0,1,0,0,0,130,detection,
130778,28,21,898,898,0,0,0,0,0,0,0,0,0,0,130,detection,
130811,6,21,898,898,0,0,0,0,0,0,2,0,0,0,130,detection,
130816,25,21,898,898,0,0,0,0,0,0,4,0,0,0,130,detection,
130840,10,21,898,898,0,0,0,0,0,0,2,0,0,0,130,detection,
133737,20,8,1256,1256,0,0,0,0,0,0,0,0,0,0,133,detection,
133771,24,8,1256,1256,0,0,0,0,0,0,0,0,0,0,133,detection,
133795,11,8,1256,1256,0,0,0,0,0,0,2,0,0,0,133,detection,
134608,13,29,1356,1356,0,0,0,0,0,0,0,0,0,0,134,detection,
134611,3,29,1356,1356,0,0,0,0,0,0,1,0,0,0,134,detection,
134637,26,29,1356,1356,0,0,0,0,0,0,2,0,0,0,134,detection,
134640,5,29,1356,1356,0,0,0,0,0,0,1,0,0,0,134,detection,
135135,1,4,519,519,0,0,0,0,0,0,4,0,0,0,135,detection,
135150,18,4,519,519,0,0,0,0,0,0,4,0,0,0,135,detection,
135159,27,4,519,519,0,0,0,0,0,0,4,0,0,0,135,detection,
135168,7,4,519,519,0,0,0,0,0,0,4,0,0,0,135,detection,
135187,6,4,519,519,0,0,0,0,0,0,6,0,0,0,135,detection,
135198,19,4,519,519,0,0,0,0,0,0,4,0,0,0,135,detection,
135212,23,4,519,519,0,0,0,0,0,0,4,0,0,0,135,detection,
135219,10,4,519,519,0,0,0,0,0,0,4,0,0,0,135,detection,
135258,15,4,519,519,0,0,0,0,0,0,4,0,0,0,135,detection,
139008,15,27,512,512,0,0,0,0,0,0,4,0,0,0,139,detection,
139010,1,27,512,512,0,0,0,0,0,0,4,0,0,0,139,detection,
139024,18,27,512,512,0,0,0,0,0,0,0,0,0,0,139,detection,
139042,7,27,512,512,0,0,0,0,0,0,5,0,0,0,139,detection,
139160,27,7,512,512,0,0,0,0,0,0,4,0,0,0,139,detection,
141641,5,26,1634,1634,0,0,0,0,0,0,8,0,0,0,141,detection,
141733,13,26,1634,1634,0,0,0,0,0,0,0,0,0,0,141,detection,
141735,3,26,1634,1634,0,0,0,0,0,0,8,0,0,0,141,detection,
141737,20,26,1634,1634,0,0,0,0,0,0,0,0,0,0,141,detection,
141813,6,28,804,804,0,0,0,0,0,0,4,0,0,0,141,detection,
141813,16,28,804,804,0,0,0,0,0,0,5,0,0,0,141,detection,
141818,25,28,804,804,0,0,0,0,0,0,6,0,0,0,141,detection,
141838,10,28,804,804,0,0,0,0,0,0,4,0,0,0,141,detection,
141839,23,28,804,804,0,0,0,0,0,0,4,0,0,0,141,detection,
141874,21,28,804,804,0,0,0,0,0,0,0,0,0,0,141,detection,
141894,24,28,804,804,0,0,0,0,0,0,4,0,0,0,141,detection,
142026,28,6,775,775,0,0,0,0,0,0,4,0,0,0,142,detection,
142038,9,6,775,775,0,0,0,0,0,0,0,0,0,0,142,detection,
142061,16,6,775,775,0,0,0,0,0,0,1,0,0,0,142,detection,
142087,23,6,775,775,0,0,0,0,0,0,0,0,0,0,142,detection,
142090,10,6,775,775,0,0,0,0,0,0,5,0,0,0,142,detection,
142095,4,6,775,775,0,0,0,0,0,0,4,0,0,0,142,detection,
142110,12,6,775,775,0,0,0,0,0,0,7,0,0,0,142,detection,
142125,21,6,775,775,0,0,0,0,0,0,5,0,0,0,142,detection,
143541,9,12,1071,1071,0,0,0,0,0,0,4,0,0,0,143,detection,
143553,22,12,1071,1071,0,0,0,0,0,0,3,0,0,0,143,detection,
143565,16,12,1071,1071,0,0,0,0,0,0,0,0,0,0,143,detection,
146468,17,14,1160,1160,0,0,0,0,0,0,0,0,0,0,146,detection,
146503,1,23,513,513,0,0,0,0,0,0,4,0,0,0,146,detection,
146509,15,23,513,513,0,0,0,0,0,0,4,0,0,0,146,detection,
146528,28,23,513,513,0,0,0,0,0,0,6,0,0,0,146,detection,
146562,6,23,513,513,0,0,0,0,0,0,5,0,0,0,146,detection,
146574,19,23,513,513,0,0,0,0,0,0,0,0,0,0,146,detection,
146590,17,23,513,513,0,0,0,0,0,0,5,0,0,0,146,detection,
146591,10,23,513,513,0,0,0,0,0,0,5,0,0,0,146,detection,
146604,4,23,513,513,0,0,0,0,0,0,0,0,0,0,146,detection,
146876,21,13,1172,1172,0,0,0,0,0,0,6,0,0,0,146,detection,
146887,26,13,1172,1172,0,0,0,0,0,0,0,0,0,0,146,detection,
146890,5,13,1172,1172,0,0,0,0,0,0,7,0,0,0,146,detection,
146944,25,13,1172,1172,0,0,0,0,0,0,6,0,0,0,146,detection,
146984,3,13,1172,1172,0,0,0,0,0,0,7,0,0,0,146,detection,
146986,20,13,1172,1172,0,0,0,0,0,0,7,0,0,0,146,detection,
147234,13,3,1589,1589,0,0,0,0,0,0,0,0,0,0,147,detection,
147240,20,3,1589,1589,0,0,0,0,0,0,0,0,0,0,147,detection,
148354,1,15,512,512,0,0,0,0,0,0,4,0,0,0,148,detection,
148417,7,15,512,512,0,0,0,0,0,0,0,0,0,0,148,detection,
148451,19,15,512,512,0,0,0,0,0,0,0,0,0,0,148,detection,
148466,23,15,512,512,0,0,0,0,0,0,0,0,0,0,148,detection,
148469,4,15,512,512,0,0,0,0,0,0,4,0,0,0,148,detection,
149074,1,18,512,512,0,0,0,0,0,0,0,0,0,0,149,detection,
149097,4,18,512,512,0,0,0,0,0,0,0,0,0,0,149,detection,
149158,27,18,512,512,0,0,0,0,0,0,0,0,0,0,149,detection,
149167,7,18,512,512,0,0,0,0,0,0,0,0,0,0,149,detection,
149623,21,10,512,512,0,0,0,0,0,0,1,0,0,0,149,detection,
149654,28,10,512,512,0,0,0,0,0,0,0,0,0,0,149,detection,
149688,6,10,512,512,0,0,0,0,0,0,0,0,0,0,149,detection,
149714,23,10,512,512,0,0,0,0,0,0,0,0,0,0,149,detection,
149722,4,10,512,512,0,0,0,0,0,0,0,0,0,0,149,detection,
151847,4,7,512,512,0,0,0,0,0,0,4,0,0,0,151,detection,
152041,7,4,515,515,0,0,0,0,0,0,4,0,0,0,152,detection,
153560,16,31,805,805,0,0,0,0,0,0,1,0,0,0,153,detection,
153561,14,31,805,805,0,0,0,0,0,0,0,0,0,0,153,detection,
153564,6,31,805,805,0,0,0,0,0,0,0,0,0,0,153,detection,
153576,19,31,805,805,0,0,0,0,0,0,0,0,0,0,153,detection,
153590,23,31,805,805,0,0,0,0,0,0,0,0,0,0,153,detection,
153662,9,31,805,805,0,0,0,0,0,0,0,0,0,0,153,detection,
154840,10,6,797,797,0,0,0,0,0,0,4,0,0,0,154,detection,
155403,28,25,789,789,0,0,0,0,0,0,2,0,0,0,155,detection,
155849,2,24,1081,1081,0,0,0,0,0,0,3,0,0,0,155,detection,
155904,28,24,1081,1081,0,0,0,0,0,0,0,0,0,0,155,detection,
155919,11,24,1081,1081,0,0,0,0,0,0,2,0,0,0,155,detection,
155920,8,24,1081,1081,0,0,0,0,0,0,0,0,0,0,155,detection,
155928,22,24,1081,1081,0,0,0,0,0,0,0,0,0,0,155,detection,
155938,16,24,1081,1081,0,0,0,0,0,0,1,0,0,0,155,detection,
155943,25,24,1081,1081,0,0,0,0,0,0,2,0,0,0,155,detection,
156311,16,22,1099,1099,0,0,0,0,0,0,0,0,0,0,156,detection,
156397,24,22,1099,1099,0,0,0,0,0,0,0,0,0,0,156,detection,
156412,9,22,1099,1099,0,0,0,0,0,0,0,0,0,0,156,detection,
157263,26,5,1595,1595,0,0,0,0,0,0,0,0,0,0,157,detection,
157358,13,5,1595,1595,0,0,0,0,0,0,0,0,0,0,157,detection,
157483,13,20,1428,1428,0,0,0,0,0,0,10,0,0,0,157,detection,
157486,3,20,1428,1428,0,0,0,0,0,0,9,0,0,0,157,detection,
157501,21,20,1428,1428,0,0,0,0,0,0,8,0,0,0,157,detection,
157512,26,20,1428,1428,0,0,0,0,0,0,11,0,0,0,157,detection,
157543,8,20,1428,1428,0,0,0,0,0,0,0,0,0,0,157,detection,
157610,3,29,1335,1335,0,0,0,0,0,0,0,0,0,0,157,detection,
163272,24,16,1056,1056,0,0,0,0,0,0,4,0,0,0,163,detection,
163281,28,16,1056,1056,0,0,0,0,0,0,0,0,0,0,163,detection,
163304,22,16,1056,1056,0,0,0,0,0,0,8,0,0,0,163,detection,
163310,6,16,1056,1056,0,0,0,0,0,0,8,0,0,0,163,detection,
163320,25,16,1056,1056,0,0,0,0,0,0,10,0,0,0,163,detection,
163363,12,16,1056,1056,0,0,0,0,0,0,8,0,0,0,163,detection,
164148,24,11,1352,1352,0,0,0,0,0,0,11,0,0,0,164,detection,
164168,8,11,1352,1352,0,0,0,0,0,0,3,0,0,0,164,detection,
164226,2,11,1352,1352,0,0,0,0,0,0,7,0,0,0,164,detection,
166397,24,2,1608,1608,0,0,0,0,0,0,8,0,0,0,166,detection,
166417,11,2,1608,1608,0,0,0,0,0,0,16,0,0,0,166,detection,
179237,20,30,1281,1281,0,0,0,0,0,0,2,0,0,0,179,detection,
183430,22,12,1059,1059,0,0,0,0,0,0,3,0,0,0,183,detection,
188189,6,31,794,794,0,0,0,0,0,0,0,0,0,0,188,detection,
192471,4,23,525,525,0,0,0,0,0,0,0,0,0,0,192,detection,
192914,7,27,512,512,0,0,0,0,0,0,4,0,0,0,192,detection,
197087,23,10,512,512,0,0,0,0,0,0,0,0,0,0,197,detection,
197164,7,18,512,512,0,0,0,0,0,0,0,0,0,0,197,detection,
199223,2,11,1388,1388,0,0,0,0,0,0,6,0,0,0,199,detection,
199757,15,19,768,768,0,0,0,0,0,0,0,0,0,0,199,detection,
200689,6,21,859,859,0,0,0,0,0,0,1,0,0,0,200,detection,
201093,10,28,807,807,0,0,0,0,0,0,3,0,0,0,201,detection,
202202,19,17,1057,1057,0,0,0,0,0,0,0,0,0,0,202,detection,
203403,28,16,1053,1053,0,0,0,0,0,0,0,0,0,0,203,detection,
204029,28,24,1081,1081,0,0,0,0,0,0,0,0,0,0,204,detection,
204538,9,14,1109,1109,0,0,0,0,0,0,0,0,0,0,204,detection,
204920,8,20,1428,1428,0,0,0,0,0,0,0,0,0,0,204,detection,
205042,9,22,1099,1099,0,0,0,0,0,0,0,0,0,0,205,detection,
206310,14,9,1256,1256,0,0,0,0,0,0,0,0,0,0,206,detection,
207113,3,26,1721,1721,0,0,0,0,0,0,7,0,0,0,207,detection,
207273,24,2,1720,1720,0,0,0,0,0,0,8,0,0,0,207,detection,
217734,20,25,846,846,0,0,0,0,0,0,6,0,0,0,217,detection,
217963,23,10,512,512,0,0,0,0,0,0,0,0,0,0,217,detection,
217972,4,10,512,512,0,0,0,0,0,0,0,0,0,0,217,detection,
217996,21,10,512,512,0,0,0,0,0,0,1,0,0,0,217,detection,
218028,28,10,512,512,0,0,0,0,0,0,0,0,0,0,218,detection,
218062,6,10,512,512,0,0,0,0,0,0,0,0,0,0,218,detection,
218074,25,10,512,512,0,0,0,0,0,0,3,0,0,0,218,detection,
221382,15,4,512,512,0,0,0,0,0,0,4,0,0,0,221,detection,
221914,9,31,771,791,-20,0,7,25,5,16,0,0,0,0,221,detection,
221934,14,31,771,791,-20,0,7,25,5,16,0,0,0,0,221,detection,
221937,16,31,771,791,-20,0,7,25,5,16,1,0,0,0,221,detection,
222273,18,7,512,512,0,0,0,0,0,0,5,0,0,0,222,detection,
225589,23,6,781,781,0,0,0,0,0,0,0,0,0,0,225,detection,
231719,4,15,512,512,0,0,0,0,0,0,4,0,0,0,231,detection,
234136,26,13,1094,1094,0,0,0,0,0,0,0,0,0,0,234,detection,
238809,14,17,1105,1105,0,0,0,0,0,0,1,0,0,0,238,detection,
238824,19,17,1105,1105,0,0,0,0,0,0,0,0,0,0,238,detection,
238838,23,17,1105,1105,0,0,0,0,0,0,0,0,0,0,238,detection,
238915,9,17,1105,1105,0,0,0,0,0,0,0,0,0,0,238,detection,
239488,20,30,1261,1281,-20,0,7,25,5,16,2,0,0,0,239,detection,
239499,21,30,1261,1281,-20,0,7,25,5,16,1,0,0,0,239,detection,
239523,24,30,1261,1281,-20,0,7,25,5,16,1,0,0,0,239,detection,
239528,28,30,1261,1281,-20,0,7,25,5,16,1,0,0,0,239,detection,
239543,11,30,1261,1281,-20,0,7,25,4,16,5,0,0,0,239,detection,
239543,8,30,1261,1281,-20,0,7,25,5,16,2,0,0,0,239,detection,
239571,25,30,1261,1281,-20,0,7,25,4,16,3,0,0,0,239,detection,
239775,28,24,1066,1066,0,0,0,0,0,0,0,0,0,0,239,detection,
239795,11,24,1066,1066,0,0,0,0,0,0,2,0,0,0,239,detection,
239795,8,24,1066,1066,0,0,0,0,0,0,0,0,0,0,239,detection,
239804,22,24,1066,1066,0,0,0,0,0,0,0,0,0,0,239,detection,
239813,16,24,1066,1066,0,0,0,0,0,0,1,0,0,0,239,detection,
239818,25,24,1066,1066,0,0,0,0,0,0,2,0,0,0,239,detection,
239849,2,24,1066,1066,0,0,0,0,0,0,2,0,0,0,239,detection,
241263,5,13,1089,1089,0,0,0,0,0,0,7,0,0,0,241,detection,
241265,26,13,1089,1089,0,0,0,0,0,0,1,0,0,0,241,detection,
241363,20,13,1089,1089,0,0,0,0,0,0,7,0,0,0,241,detection,
241373,21,13,1089,1089,0,0,0,0,0,0,6,0,0,0,241,detection,
244736,3,29,1264,1284,-20,0,7,25,5,16,0,0,0,0,244,detection,
244761,26,29,1264,1284,-20,0,7,25,5,16,2,0,0,0,244,detection,
244765,5,29,1264,1284,-20,0,7,25,5,16,1,0,0,0,244,detection,
247455,1,15,512,512,0,0,0,0,0,0,4,0,0,0,247,detection,
247465,23,15,512,512,0,0,0,0,0,0,0,0,0,0,247,detection,
247472,4,15,512,512,0,0,0,0,0,0,4,0,0,0,247,detection,
247535,27,15,512,512,0,0,0,0,0,0,4,0,0,0,247,detection,
247574,19,15,512,512,0,0,0,0,0,0,0,0,0,0,247,detection,
247644,1,27,512,512,0,0,0,0,0,0,4,0,0,0,247,detection,
247649,18,27,512,512,0,0,0,0,0,0,0,0,0,0,247,detection,
247668,7,27,512,512,0,0,0,0,0,0,4,0,0,0,247,detection,
247722,4,27,512,512,0,0,0,0,0,0,0,0,0,0,247,detection,
247757,15,27,512,512,0,0,0,0,0,0,4,0,0,0,247,detection,
254053,22,16,1067,1067,0,0,0,0,0,0,7,0,0,0,254,detection,
254077,25,16,1067,1067,0,0,0,0,0,0,9,0,0,0,254,detection,
254112,12,16,1067,1067,0,0,0,0,0,0,9,0,0,0,254,detection,
254149,24,16,1067,1067,0,0,0,0,0,0,4,0,0,0,254,detection,
254668,11,8,1199,1199,0,0,0,0,0,0,2,0,0,0,254,detection,
254914,9,14,1270,1270,0,0,0,0,0,0,3,0,0,0,254,detection,
255827,1,4,512,512,0,0,0,0,0,0,4,0,0,0,255,detection,
255836,23,4,512,512,0,0,0,0,0,0,4,0,0,0,255,detection,
255839,10,4,512,512,0,0,0,0,0,0,4,0,0,0,255,detection,
255881,15,4,512,512,0,0,0,0,0,0,3,0,0,0,255,detection,
255902,18,4,512,512,0,0,0,0,0,0,4,0,0,0,255,detection,
255911,27,4,512,512,0,0,0,0,0,0,4,0,0,0,255,detection,
255916,7,4,512,512,0,0,0,0,0,0,3,0,0,0,255,detection,
255939,6,4,512,512,0,0,0,0,0,0,6,0,0,0,255,detection,
255950,19,4,512,512,0,0,0,0,0,0,4,0,0,0,255,detection,
257293,1,7,512,512,0,0,0,0,0,0,4,0,0,0,257,detection,
257344,4,7,512,512,0,0,0,0,0,0,4,0,0,0,257,detection,
257385,15,7,512,512,0,0,0,0,0,0,4,0,0,0,257,detection,
257401,18,7,512,512,0,0,0,0,0,0,4,0,0,0,257,detection,
257406,27,7,512,512,0,0,0,0,0,0,4,0,0,0,257,detection,
257621,21,25,783,783,0,0,0,0,0,0,2,0,0,0,257,detection,
257645,24,25,783,783,0,0,0,0,0,0,3,0,0,0,257,detection,
257655,28,25,783,783,0,0,0,0,0,0,3,0,0,0,257,detection,
257665,11,25,783,783,0,0,0,0,0,0,7,0,0,0,257,detection,
257666,8,25,783,783,0,0,0,0,0,0,3,0,0,0,257,detection,
257688,16,25,783,783,0,0,0,0,0,0,5,0,0,0,257,detection,
257718,10,25,783,783,0,0,0,0,0,0,0,0,0,0,257,detection,
257793,11,2,1730,1730,0,0,0,0,0,0,15,0,0,0,257,detection,
257897,24,2,1730,1730,0,0,0,0,0,0,7,0,0,0,257,detection,
259513,26,20,1367,1367,0,0,0,0,0,0,11,0,0,0,259,detection,
259544,8,20,1367,1367,0,0,0,0,0,0,0,0,0,0,259,detection,
259608,13,20,1367,1367,0,0,0,0,0,0,9,0,0,0,259,detection,
259611,3,20,1367,1367,0,0,0,0,0,0,8,0,0,0,259,detection,
261273,24,28,799,799,0,0,0,0,0,0,4,0,0,0,261,detection,
261312,16,28,799,799,0,0,0,0,0,0,4,0,0,0,261,detection,
261312,6,28,799,799,0,0,0,0,0,0,4,0,0,0,261,detection,
261316,25,28,799,799,0,0,0,0,0,0,5,0,0,0,261,detection,
261337,23,28,799,799,0,0,0,0,0,0,3,0,0,0,261,detection,
261341,10,28,799,799,0,0,0,0,0,0,3,0,0,0,261,detection,
261377,21,28,799,799,0,0,0,0,0,0,0,0,0,0,261,detection,
264100,2,11,1344,1344,0,0,0,0,0,0,6,0,0,0,264,detection,
264146,24,11,1344,1344,0,0,0,0,0,0,7,0,0,0,264,detection,
264166,8,11,1344,1344,0,0,0,0,0,0,3,0,0,0,264,detection,
264232,13,3,1495,1495,0,0,0,0,0,0,0,0,0,0,264,detection,
264237,20,3,1495,1495,0,0,0,0,0,0,0,0,0,0,264,detection,
264261,26,3,1495,1495,0,0,0,0,0,0,0,0,0,0,264,detection,
265110,13,5,1467,1467,0,0,0,0,0,0,0,0,0,0,265,detection,
265139,26,5,1467,1467,0,0,0,0,0,0,0,0,0,0,265,detection,
265574,19,23,512,512,0,0,0,0,0,0,0,0,0,0,265,detection,
265897,24,22,1099,1099,0,0,0,0,0,0,0,0,0,0,265,detection,
265917,9,22,1099,1099,0,0,0,0,0,0,0,0,0,0,265,detection,
265940,16,22,1099,1099,0,0,0,0,0,0,0,0,0,0,265,detection,
265989,12,22,1099,1099,0,0,0,0,0,0,1,0,0,0,265,detection,
267235,12,22,1099,1099,0,0,0,0,0,0,1,0,0,0,267,detection,
269119,1,23,512,512,0,0,0,0,0,0,4,0,0,0,269,detection,
269135,15,23,512,512,0,0,0,0,0,0,4,0,0,0,269,detection,
269153,28,23,512,512,0,0,0,0,0,0,6,0,0,0,269,detection,
269188,6,23,512,512,0,0,0,0,0,0,4,0,0,0,269,detection,
269200,19,23,512,512,0,0,0,0,0,0,0,0,0,0,269,detection,
269215,17,23,512,512,0,0,0,0,0,0,5,0,0,0,269,detection,
269216,10,23,512,512,0,0,0,0,0,0,4,0,0,0,269,detection,
269223,4,23,512,512,0,0,0,0,0,0,0,0,0,0,269,detection,
270301,22,9,1261,1261,0,0,0,0,0,0,0,0,0,0,270,detection,
270309,14,9,1261,1261,0,0,0,0,0,0,0,0,0,0,270,detection,
270312,6,9,1261,1261,0,0,0,0,0,0,0,0,0,0,270,detection,
270340,17,9,1261,1261,0,0,0,0,0,0,0,0,0,0,270,detection,
270361,12,9,1261,1261,0,0,0,0,0,0,1,0,0,0,270,detection,
270562,6,28,798,798,0,0,0,0,0,0,3,0,0,0,270,detection,
275776,1,19,793,793,0,0,0,0,0,0,0,0,0,0,275,detection,
275791,7,19,793,793,0,0,0,0,0,0,0,0,0,0,275,detection,
275842,17,19,793,793,0,0,0,0,0,0,0,0,0,0,275,detection,
275844,4,19,793,793,0,0,0,0,0,0,0,0,0,0,275,detection,
276736,20,3,1495,1495,0,0,0,0,0,0,0,0,0,0,276,detection,
276801,1,18,512,512,0,0,0,0,0,0,0,0,0,0,276,detection,
276911,27,18,512,512,0,0,0,0,0,0,0,0,0,0,276,detection,
276915,7,18,512,512,0,0,0,0,0,0,0,0,0,0,276,detection,
280110,20,26,1599,1599,0,0,0,0,0,0,0,0,0,0,280,detection,
280111,13,26,1599,1599,0,0,0,0,0,0,0,0,0,0,280,detection,
280113,3,26,1599,1599,0,0,0,0,0,0,7,0,0,0,280,detection,
280138,5,26,1599,1599,0,0,0,0,0,0,7,0,0,0,280,detection,
280292,8,11,1339,1339,0,0,0,0,0,0,3,0,0,0,280,detection,
281914,9,12,1053,1053,0,0,0,0,0,0,4,0,0,0,281,detection,
281927,22,12,1053,1053,0,0,0,0,0,0,0,0,0,0,281,detection,
281938,16,12,1053,1053,0,0,0,0,0,0,0,0,0,0,281,detection,
282215,23,6,793,793,0,0,0,0,0,0,0,0,0,0,282,detection,
282219,4,6,793,793,0,0,0,0,0,0,4,0,0,0,282,detection,
282219,10,6,793,793,0,0,0,0,0,0,4,0,0,0,282,detection,
282238,12,6,793,793,0,0,0,0,0,0,7,0,0,0,282,detection,
282249,21,6,793,793,0,0,0,0,0,0,4,0,0,0,282,detection,
284054,1,21,827,827,0,0,0,0,0,0,1,0,0,0,284,detection,
284062,6,21,827,827,0,0,0,0,0,0,1,0,0,0,284,detection,
284067,25,21,827,827,0,0,0,0,0,0,3,0,0,0,284,detection,
284090,10,21,827,827,0,0,0,0,0,0,1,0,0,0,284,detection,
284108,13,21,827,827,0,0,0,0,0,0,2,0,0,0,284,detection,
284113,20,21,827,827,0,0,0,0,0,0,1,0,0,0,284,detection,
284152,28,21,827,827,0,0,0,0,0,0,0,0,0,0,284,detection,
288496,21,25,780,780,0,0,0,0,0,0,3,0,0,0,288,detection,
290886,26,5,1467,1467,0,0,0,0,0,0,0,0,0,0,290,detection,
294657,27,7,512,512,0,0,0,0,0,0,4,0,0,0,294,detection,
297488,3,20,1364,1364,0,0,0,0,0,0,8,0,0,0,297,detection,
302088,23,15,512,512,0,0,0,0,0,0,0,0,0,0,302,detection,
305464,10,4,512,512,0,0,0,0,0,0,4,0,0,0,305,detection,
310892,5,26,1583,1583,0,0,0,0,0,0,3,0,0,0,310,detection,
311097,4,19,790,790,0,0,0,0,0,0,0,0,0,0,311,detection,
315845,4,27,512,512,0,0,0,0,0,0,0,0,0,0,315,detection,
320824,19,31,751,774,-23,6,8,31,5,16,0,0,0,0,320,detection,
321891,5,29,1244,1223,21,0,8,28,10,33,0,0,0,0,321,detection,
324446,25,30,1241,1274,-33,0,12,49,3,16,3,0,0,0,324,detection,
326723,4,18,512,512,0,0,0,0,0,0,0,0,0,0,326,detection,
327841,17,14,1203,1203,0,0,0,0,0,0,1,0,0,0,327,detection,
328168,11,30,1221,1039,182,0,59,91,43,28,10,0,82,55,328,detection,
328168,8,30,1221,1039,182,0,63,98,46,33,6,0,82,55,328,detection,
328192,16,30,1221,1039,182,0,61,94,40,0,8,0,82,55,328,detection,
328197,25,30,1221,1039,182,0,62,96,49,33,7,0,82,55,328,detection,
328238,20,30,1221,1039,182,0,62,96,46,33,7,0,82,55,328,detection,
328252,21,30,1221,1039,182,0,64,100,47,33,5,0,82,55,328,detection,
328273,24,30,1221,1039,182,0,68,100,50,33,2,0,82,55,328,detection,
328281,28,30,1221,1039,182,0,64,100,47,33,5,0,82,55,328,detection,
328537,9,12,1064,1064,0,0,0,0,0,0,4,0,0,0,328,detection,
333986,20,30,1201,1039,162,0,54,100,4,33,8,0,82,55,333,detection,
334000,21,30,1201,1039,162,0,57,100,4,33,5,0,82,55,334,detection,
334025,24,30,1201,1039,162,0,60,100,5,33,2,0,82,55,334,detection,
334029,28,30,1201,1039,162,0,60,100,5,33,2,0,82,55,334,detection,
334045,11,30,1201,1039,162,0,52,100,4,28,10,0,82,55,334,detection,
334045,8,30,1201,1039,162,0,55,100,4,33,7,0,82,55,334,detection,
334064,16,30,1201,1039,162,0,54,100,4,0,8,0,95,100,334,detection,
334073,25,30,1201,1039,162,0,60,100,5,33,2,0,82,55,334,detection,
337189,16,22,1121,1121,0,0,0,0,0,0,0,0,0,0,337,detection,
338637,26,3,1482,1482,0,0,0,0,0,0,0,0,0,0,338,detection,
349219,10,23,512,512,0,0,0,0,0,0,4,0,0,0,349,detection,
350374,21,13,1052,1052,0,0,0,0,0,0,3,0,0,0,350,detection,
353397,24,30,1181,1039,142,0,53,100,5,33,2,0,82,55,353,detection,
353406,28,30,1181,1039,142,0,52,100,4,33,3,0,82,55,353,detection,
353440,16,30,1181,1039,142,0,47,100,4,0,8,0,95,100,353,detection,
353446,25,30,1181,1039,142,0,52,100,4,33,3,0,82,55,353,detection,
353486,20,30,1181,1039,142,0,52,100,4,33,3,0,82,55,353,detection,
353500,21,30,1181,1039,142,0,53,100,5,33,2,0,82,55,353,detection,
356574,19,7,512,512,0,0,0,0,0,0,6,0,0,0,356,detection,
361847,4,10,512,512,0,0,0,0,0,0,0,0,0,0,361,detection,
363899,24,8,1143,1143,0,0,0,0,0,0,0,0,0,0,363,detection,
371772,24,2,1649,1649,0,0,0,0,0,0,7,0,0,0,371,detection,
373553,22,9,1027,1027,0,0,0,0,0,0,5,0,0,0,373,detection,
373561,14,9,1027,1027,0,0,0,0,0,0,4,0,0,0,373,detection,
373613,12,9,1027,1027,0,0,0,0,0,0,7,0,0,0,373,detection,
380052,22,9,1052,1052,0,0,0,0,0,0,6,0,0,0,380,detection,
380060,14,9,1052,1052,0,0,0,0,0,0,2,0,0,0,380,detection,
380063,6,9,1052,1052,0,0,0,0,0,0,5,0,0,0,380,detection,
380091,17,9,1052,1052,0,0,0,0,0,0,4,0,0,0,380,detection,
380112,12,9,1052,1052,0,0,0,0,0,0,8,0,0,0,380,detection,
382321,25,30,1161,1039,122,0,45,100,4,33,3,0,82,55,382,detection,
382362,20,30,1161,1039,122,0,45,100,4,33,3,0,82,55,382,detection,
382376,21,30,1161,1039,122,0,45,100,4,33,3,0,82,55,382,detection,
382397,24,30,1161,1039,122,0,45,100,5,33,2,0,82,55,382,detection,
382405,28,30,1161,1039,122,0,45,100,4,33,3,0,82,55,382,detection,
382861,12,31,731,769,-38,14,14,57,9,16,1,0,0,0,382,detection,
383471,23,19,783,783,0,0,0,0,0,0,0,0,0,0,383,detection,
392235,13,26,1570,1570,0,0,0,0,0,0,0,0,0,0,392,detection,
395187,14,9,1052,1052,0,0,0,0,0,0,3,0,0,0,395,detection,
395359,3,26,1370,1370,0,0,0,0,0,0,7,0,0,0,395,detection,
395361,20,26,1370,1370,0,0,0,0,0,0,4,0,0,0,395,detection,
395389,5,26,1370,1370,0,0,0,0,0,0,7,0,0,0,395,detection,
396284,27,18,512,512,0,0,0,0,0,0,0,0,0,0,396,detection,
397147,24,16,1053,1053,0,0,0,0,0,0,3,0,0,0,397,detection,
399023,24,22,1114,1114,0,0,0,0,0,0,0,0,0,0,399,detection,
401359,3,26,1367,1367,0,0,0,0,0,0,7,0,0,0,401,detection,
401361,20,26,1367,1367,0,0,0,0,0,0,3,0,0,0,401,detection,
401388,5,26,1367,1367,0,0,0,0,0,0,7,0,0,0,401,detection,
403359,13,29,1224,1184,40,0,15,60,10,0,0,0,0,0,403,detection,
406041,9,14,1169,1169,0,0,0,0,0,0,3,0,0,0,406,detection,
407261,26,20,1356,1356,0,0,0,0,0,0,7,0,0,0,407,detection,
415885,1,15,512,512,0,0,0,0,0,0,4,0,0,0,415,detection,
415909,27,15,512,512,0,0,0,0,0,0,4,0,0,0,415,detection,
415918,7,15,512,512,0,0,0,0,0,0,0,0,0,0,415,detection,
415948,19,15,512,512,0,0,0,0,0,0,0,0,0,0,415,detection,
415971,4,15,512,512,0,0,0,0,0,0,4,0,0,0,415,detection,
416485,3,26,1367,1367,0,0,0,0,0,0,7,0,0,0,416,detection,
417968,17,9,1075,1075,0,0,0,0,0,0,1,0,0,0,417,detection,
417989,12,9,1075,1075,0,0,0,0,0,0,8,0,0,0,417,detection,
418052,22,9,1075,1075,0,0,0,0,0,0,6,0,0,0,418,detection,
418060,14,9,1075,1075,0,0,0,0,0,0,3,0,0,0,418,detection,
418064,6,9,1075,1075,0,0,0,0,0,0,6,0,0,0,418,detection,
420154,28,30,1141,1039,102,0,37,100,4,33,3,0,85,100,420,detection,
428542,11,24,1066,1066,0,0,0,0,0,0,2,0,0,0,428,detection,
428542,8,24,1066,1066,0,0,0,0,0,0,0,0,0,0,428,detection,
428555,22,24,1066,1066,0,0,0,0,0,0,0,0,0,0,428,detection,
428565,16,24,1066,1066,0,0,0,0,0,0,1,0,0,0,428,detection,
428569,25,24,1066,1066,0,0,0,0,0,0,2,0,0,0,428,detection,
428600,2,24,1066,1066,0,0,0,0,0,0,2,0,0,0,428,detection,
428651,28,24,1066,1066,0,0,0,0,0,0,0,0,0,0,428,detection,
431777,18,27,512,512,0,0,0,0,0,0,0,0,0,0,431,detection,
431791,7,27,512,512,0,0,0,0,0,0,4,0,0,0,431,detection,
434659,27,15,512,512,0,0,0,0,0,0,4,0,0,0,434,detection,
435437,6,10,512,512,0,0,0,0,0,0,0,0,0,0,435,detection,
439666,9,22,1110,1110,0,0,0,0,0,0,1,0,0,0,439,detection,
439689,16,22,1110,1110,0,0,0,0,0,0,0,0,0,0,439,detection,
439738,12,22,1110,1110,0,0,0,0,0,0,1,0,0,0,439,detection,
439893,1,23,512,512,0,0,0,0,0,0,3,0,0,0,439,detection,
439901,28,23,512,512,0,0,0,0,0,0,6,0,0,0,439,detection,
439935,6,23,512,512,0,0,0,0,0,0,4,0,0,0,439,detection,
439948,19,23,512,512,0,0,0,0,0,0,0,0,0,0,439,detection,
439964,10,23,512,512,0,0,0,0,0,0,4,0,0,0,439,detection,
439968,17,23,512,512,0,0,0,0,0,0,4,0,0,0,439,detection,
439971,4,23,512,512,0,0,0,0,0,0,0,0,0,0,439,detection,
440132,1,4,512,512,0,0,0,0,0,0,3,0,0,0,440,detection,
440135,15,4,512,512,0,0,0,0,0,0,3,0,0,0,440,detection,
440151,18,4,512,512,0,0,0,0,0,0,3,0,0,0,440,detection,
440160,27,4,512,512,0,0,0,0,0,0,4,0,0,0,440,detection,
440165,7,4,512,512,0,0,0,0,0,0,3,0,0,0,440,detection,
440195,25,28,780,780,0,0,0,0,0,0,4,0,0,0,440,detection,
440199,19,4,512,512,0,0,0,0,0,0,4,0,0,0,440,detection,
440213,23,4,512,512,0,0,0,0,0,0,3,0,0,0,440,detection,
440219,10,4,512,512,0,0,0,0,0,0,3,0,0,0,440,detection,
443737,20,8,1135,1135,0,0,0,0,0,0,0,0,0,0,443,detection,
443776,24,8,1135,1135,0,0,0,0,0,0,0,0,0,0,443,detection,
443791,11,8,1135,1135,0,0,0,0,0,0,2,0,0,0,443,detection,
444611,13,26,1364,1364,0,0,0,0,0,0,3,0,0,0,444,detection,
444613,3,26,1364,1364,0,0,0,0,0,0,6,0,0,0,444,detection,
444638,5,26,1364,1364,0,0,0,0,0,0,6,0,0,0,444,detection,
444737,3,29,1204,1184,20,0,7,25,10,33,0,0,0,0,444,detection,
444737,13,29,1204,1184,20,0,7,25,5,0,1,0,0,0,444,detection,
444762,26,29,1204,1184,20,0,7,25,9,0,3,0,0,0,444,detection,
444765,5,29,1204,1184,20,0,7,25,0,33,0,0,0,0,444,detection,
446864,20,30,1121,1039,82,0,29,100,9,33,4,0,95,100,446,detection,
446874,21,30,1121,1039,82,0,30,100,9,33,3,0,95,100,446,detection,
446899,24,30,1121,1039,82,0,30,100,10,33,2,0,95,100,446,detection,
446904,28,30,1121,1039,82,0,30,100,4,33,3,0,95,100,446,detection,
446919,11,30,1121,1039,82,0,29,100,18,33,5,0,95,100,446,detection,
446919,8,30,1121,1039,82,0,28,100,18,33,7,0,95,100,446,detection,
446938,16,30,1121,1039,82,0,30,100,14,0,3,0,95,100,446,detection,
446948,25,30,1121,1039,82,0,30,100,9,33,3,0,95,100,446,detection,
448123,21,28,804,804,0,0,0,0,0,0,0,0,0,0,448,detection,
448147,24,28,804,804,0,0,0,0,0,0,3,0,0,0,448,detection,
448186,6,28,804,804,0,0,0,0,0,0,3,0,0,0,448,detection,
448186,16,28,804,804,0,0,0,0,0,0,4,0,0,0,448,detection,
448195,25,28,804,804,0,0,0,0,0,0,4,0,0,0,448,detection,
448211,23,28,804,804,0,0,0,0,0,0,3,0,0,0,448,detection,
448219,10,28,804,804,0,0,0,0,0,0,2,0,0,0,448,detection,
449436,16,25,832,832,0,0,0,0,0,0,4,0,0,0,449,detection,
452045,8,11,1391,1391,0,0,0,0,0,0,0,0,0,0,452,detection,
452098,2,11,1391,1391,0,0,0,0,0,0,5,0,0,0,452,detection,
454041,9,31,711,768,-57,22,21,70,9,16,1,0,92,100,454,detection,
454053,22,31,711,768,-57,22,21,70,14,16,2,0,92,100,454,detection,
454060,14,31,711,768,-57,22,22,70,9,16,0,0,92,100,454,detection,
454063,16,31,711,768,-57,22,21,70,9,16,1,0,92,100,454,detection,
454064,6,31,711,768,-57,22,22,70,14,16,0,0,92,100,454,detection,
454075,19,31,711,768,-57,22,22,70,8,16,0,0,92,100,454,detection,
454089,23,31,711,768,-57,22,22,70,14,16,0,0,92,100,454,detection,
454092,17,31,711,768,-57,22,22,70,14,16,0,0,92,100,454,detection,
454112,12,31,711,768,-57,22,21,70,4,16,2,0,92,100,454,detection,
457814,16,24,1060,1060,0,0,0,0,0,0,1,0,0,0,457,detection,
458986,13,5,1408,1408,0,0,0,0,0,0,0,0,0,0,458,detection,
459015,26,5,1408,1408,0,0,0,0,0,0,2,0,0,0,459,detection,
461664,9,12,1057,1057,0,0,0,0,0,0,1,0,0,0,461,detection,
461677,22,12,1057,1057,0,0,0,0,0,0,0,0,0,0,461,detection,
461688,16,12,1057,1057,0,0,0,0,0,0,0,0,0,0,461,detection,
467184,14,17,985,985,0,0,0,0,0,0,1,0,0,0,467,detection,
469428,22,9,1005,1005,0,0,0,0,0,0,3,0,0,0,469,detection,
469436,14,9,1005,1005,0,0,0,0,0,0,3,0,0,0,469,detection,
469467,17,9,1005,1005,0,0,0,0,0,0,2,0,0,0,469,detection,
470319,25,21,776,776,0,0,0,0,0,0,4,0,0,0,470,detection,
471249,21,6,831,831,0,0,0,0,0,0,4,0,0,0,471,detection,
473713,10,6,818,818,0,0,0,0,0,0,3,0,0,0,473,detection,
473719,4,6,818,818,0,0,0,0,0,0,3,0,0,0,473,detection,
473738,12,6,818,818,0,0,0,0,0,0,6,0,0,0,473,detection,
473748,21,6,818,818,0,0,0,0,0,0,3,0,0,0,473,detection,
473778,28,6,818,818,0,0,0,0,0,0,4,0,0,0,473,detection,
473861,12,16,967,967,0,0,0,0,0,0,13,0,0,0,473,detection,
473898,24,16,967,967,0,0,0,0,0,0,7,0,0,0,473,detection,
473902,28,16,967,967,0,0,0,0,0,0,3,0,0,0,473,detection,
473930,22,16,967,967,0,0,0,0,0,0,11,0,0,0,473,detection,
473945,25,16,967,967,0,0,0,0,0,0,13,0,0,0,473,detection,
476902,18,4,512,512,0,0,0,0,0,0,3,0,0,0,476,detection,
477289,9,22,1026,1026,0,0,0,0,0,0,0,0,0,0,477,detection,
482776,24,16,967,967,0,0,0,0,0,0,3,0,0,0,482,detection,
482776,28,16,967,967,0,0,0,0,0,0,3,0,0,0,482,detection,
482804,22,16,967,967,0,0,0,0,0,0,7,0,0,0,482,detection,
482815,6,16,967,967,0,0,0,0,0,0,12,0,0,0,482,detection,
482820,25,16,967,967,0,0,0,0,0,0,12,0,0,0,482,detection,
482859,12,16,967,967,0,0,0,0,0,0,13,0,0,0,482,detection,
485607,13,3,1470,1470,0,0,0,0,0,0,0,0,0,0,485,detection,
485612,20,3,1470,1470,0,0,0,0,0,0,0,0,0,0,485,detection,
485636,26,3,1470,1470,0,0,0,0,0,0,1,0,0,0,485,detection,
485758,15,27,512,512,0,0,0,0,0,0,4,0,0,0,485,detection,
488355,1,7,512,512,0,0,0,0,0,0,4,0,0,0,488,detection,
488383,15,7,512,512,0,0,0,0,0,0,4,0,0,0,488,detection,
488399,18,7,512,512,0,0,0,0,0,0,4,0,0,0,488,detection,
488409,27,7,512,512,0,0,0,0,0,0,4,0,0,0,488,detection,
488448,19,7,512,512,0,0,0,0,0,0,5,0,0,0,488,detection,
488471,4,7,512,512,0,0,0,0,0,0,4,0,0,0,488,detection,
491965,17,9,1001,1001,0,0,0,0,0,0,3,0,0,0,491,detection,
492050,22,16,967,967,0,0,0,0,0,0,6,0,0,0,492,detection,
492065,6,16,967,967,0,0,0,0,0,0,12,0,0,0,492,detection,
492069,25,16,967,967,0,0,0,0,0,0,7,0,0,0,492,detection,
492146,24,16,967,967,0,0,0,0,0,0,3,0,0,0,492,detection,
494660,27,18,527,527,0,0,0,0,0,0,0,0,0,0,494,detection,
494665,7,18,527,527,0,0,0,0,0,0,0,0,0,0,494,detection,
494696,1,18,527,527,0,0,0,0,0,0,0,0,0,0,494,detection,
494723,4,18,527,527,0,0,0,0,0,0,0,0,0,0,494,detection,
500360,3,26,1360,1360,0,0,0,0,0,0,6,0,0,0,500,detection,
500362,20,26,1360,1360,0,0,0,0,0,0,3,0,0,0,500,detection,
500389,5,26,1360,1360,0,0,0,0,0,0,6,0,0,0,500,detection,
503148,24,2,1700,1700,0,0,0,0,0,0,3,0,0,0,503,detection,
504578,1,21,775,775,0,0,0,0,0,0,1,0,0,0,504,detection,
504593,10,21,775,775,0,0,0,0,0,0,2,0,0,0,504,detection,
504610,13,21,775,775,0,0,0,0,0,0,2,0,0,0,504,detection,
504610,20,21,775,775,0,0,0,0,0,0,2,0,0,0,504,detection,
504654,28,21,775,775,0,0,0,0,0,0,1,0,0,0,504,detection,
504687,6,21,775,775,0,0,0,0,0,0,1,0,0,0,504,detection,
504692,25,21,775,775,0,0,0,0,0,0,4,0,0,0,504,detection,
508444,25,13,1080,1080,0,0,0,0,0,0,7,0,0,0,508,detection,
508484,3,13,1080,1080,0,0,0,0,0,0,2,0,0,0,508,detection,
508485,20,13,1080,1080,0,0,0,0,0,0,3,0,0,0,508,detection,
508513,5,13,1080,1080,0,0,0,0,0,0,7,0,0,0,508,detection,
509615,3,29,1184,1137,47,0,18,70,7,33,0,0,94,100,509,detection,
511108,13,25,812,812,0,0,0,0,0,0,5,0,0,0,511,detection,
511122,21,25,812,812,0,0,0,0,0,0,2,0,0,0,511,detection,
511147,24,25,812,812,0,0,0,0,0,0,3,0,0,0,511,detection,
511152,28,25,812,812,0,0,0,0,0,0,2,0,0,0,511,detection,
511167,11,25,812,812,0,0,0,0,0,0,7,0,0,0,511,detection,
511167,8,25,812,812,0,0,0,0,0,0,3,0,0,0,511,detection,
511186,16,25,812,812,0,0,0,0,0,0,4,0,0,0,511,detection,
511215,10,25,812,812,0,0,0,0,0,0,0,0,0,0,511,detection,
515029,28,10,512,512,0,0,0,0,0,0,0,0,0,0,515,detection,
516668,11,8,1168,1168,0,0,0,0,0,0,3,0,0,0,516,detection,
519436,6,23,512,512,0,0,0,0,0,0,4,0,0,0,519,detection,
521384,15,7,512,512,0,0,0,0,0,0,4,0,0,0,521,detection,
521738,20,30,1101,1093,8,0,2,100,18,33,3,0,95,100,521,detection,
521753,21,30,1101,1093,8,0,3,100,18,33,2,0,95,100,521,detection,
521773,24,30,1101,1093,8,0,3,100,18,33,2,0,95,100,521,detection,
521778,28,30,1101,1093,8,0,3,100,18,16,2,0,95,100,521,detection,
521793,11,30,1101,1093,8,0,2,100,17,33,5,0,95,100,521,detection,
521793,8,30,1101,1093,8,0,2,100,18,33,3,0,95,100,521,detection,
521816,16,30,1101,1093,8,0,2,100,17,0,4,0,95,100,521,detection,
521822,25,30,1101,1093,8,0,2,100,18,16,3,0,95,100,521,detection,
522397,24,16,967,967,0,0,0,0,0,0,2,0,0,0,522,detection,
522407,28,16,967,967,0,0,0,0,0,0,3,0,0,0,522,detection,
522429,22,16,967,967,0,0,0,0,0,0,6,0,0,0,522,detection,
522445,25,16,967,967,0,0,0,0,0,0,6,0,0,0,522,detection,
522489,12,16,967,967,0,0,0,0,0,0,8,0,0,0,522,detection,
523652,28,10,512,512,0,0,0,0,0,0,0,0,0,0,523,detection,
523686,6,10,512,512,0,0,0,0,0,0,0,0,0,0,523,detection,
523693,25,10,512,512,0,0,0,0,0,0,3,0,0,0,523,detection,
523716,23,10,512,512,0,0,0,0,0,0,0,0,0,0,523,detection,
523720,4,10,512,512,0,0,0,0,0,0,0,0,0,0,523,detection,
523749,21,10,512,512,0,0,0,0,0,0,1,0,0,0,523,detection,
528341,17,31,691,775,-84,30,32,74,7,16,0,0,82,75,528,detection,
528789,7,18,527,527,0,0,0,0,0,0,0,0,0,0,528,detection,
534539,9,14,1057,1057,0,0,0,0,0,0,3,0,0,0,534,detection,
534590,17,14,1057,1057,0,0,0,0,0,0,0,0,0,0,534,detection,
540323,25,30,1081,1060,21,0,7,100,3,16,6,0,95,100,540,detection,
540364,20,30,1081,1060,21,0,7,100,2,16,7,0,95,100,540,detection,
540398,24,30,1081,1060,21,0,7,100,3,16,6,0,95,100,540,detection,
540403,28,30,1081,1060,21,0,7,100,3,0,6,0,95,100,540,detection,
540418,11,30,1081,1060,21,0,6,100,2,28,9,0,95,100,540,detection,
540419,8,30,1081,1060,21,0,7,100,3,33,6,0,95,100,540,detection,
540437,16,30,1081,1060,21,0,7,100,2,0,7,0,95,100,540,detection,
541053,1,19,773,773,0,0,0,0,0,0,0,0,0,0,541,detection,
541087,23,19,773,773,0,0,0,0,0,0,0,0,0,0,541,detection,
541089,17,19,773,773,0,0,0,0,0,0,0,0,0,0,541,detection,
541095,4,19,773,773,0,0,0,0,0,0,0,0,0,0,541,detection,
541132,15,19,773,773,0,0,0,0,0,0,0,0,0,0,541,detection,
541166,7,19,773,773,0,0,0,0,0,0,0,0,0,0,541,detection,
546615,20,30,1061,1290,-229,0,77,100,56,16,8,0,82,75,546,detection,
546649,24,30,1061,1290,-229,0,78,100,57,16,7,0,82,75,546,detection,
546669,11,30,1061,1290,-229,0,75,100,55,42,9,0,82,75,546,detection,
546669,8,30,1061,1290,-229,0,78,100,57,50,7,0,82,75,546,detection,
546688,16,30,1061,1290,-229,0,77,100,56,16,8,0,82,75,546,detection,
546698,25,30,1061,1290,-229,0,78,100,57,16,7,0,82,75,546,detection,
549864,12,22,1239,1239,0,0,0,0,0,0,5,0,0,0,549,detection,
555232,13,21,792,792,0,0,0,0,0,0,2,0,0,0,555,detection,
555540,9,17,971,971,0,0,0,0,0,0,1,0,0,0,555,detection,
562875,21,20,1340,1340,0,0,0,0,0,0,8,0,0,0,562,detection,
562886,26,20,1340,1340,0,0,0,0,0,0,7,0,0,0,562,detection,
562917,8,20,1340,1340,0,0,0,0,0,0,0,0,0,0,562,detection,
562944,25,20,1340,1340,0,0,0,0,0,0,10,0,0,0,562,detection,
562985,13,20,1340,1340,0,0,0,0,0,0,4,0,0,0,562,detection,
564668,11,30,1041,1290,-249,7,82,100,4,28,9,0,82,75,564,detection,
564669,8,30,1041,1290,-249,7,85,100,4,33,7,0,82,75,564,detection,
564692,16,30,1041,1290,-249,7,84,100,4,16,8,0,82,75,564,detection,
564697,25,30,1041,1290,-249,7,85,100,4,16,7,0,82,75,564,detection,
564738,20,30,1041,1290,-249,7,84,100,4,16,8,0,82,75,564,detection,
564752,21,30,1041,1290,-249,7,87,100,59,33,6,0,82,75,564,detection,
564778,24,30,1041,1290,-249,7,91,100,4,16,3,0,82,75,564,detection,
564782,28,30,1041,1290,-249,7,85,100,61,16,7,0,82,75,564,detection,
564988,20,26,1356,1356,0,0,0,0,0,0,3,0,0,0,564,detection,
569386,26,5,1395,1395,0,0,0,0,0,0,0,0,0,0,569,detection,
573169,8,30,1021,1290,-269,15,92,100,4,16,7,0,82,75,573,detection,
573840,17,14,1246,1246,0,0,0,0,0,0,2,0,0,0,573,detection,
577552,22,24,1076,1076,0,0,0,0,0,0,0,0,0,0,577,detection,
579824,19,15,512,512,0,0,0,0,0,0,0,0,0,0,579,detection,
580898,24,16,1038,1038,0,0,0,0,0,0,2,0,0,0,580,detection,
580903,28,16,1038,1038,0,0,0,0,0,0,0,0,0,0,580,detection,
580937,6,16,1038,1038,0,0,0,0,0,0,8,0,0,0,580,detection,
580946,25,16,1038,1038,0,0,0,0,0,0,6,0,0,0,580,detection,
580990,12,16,1038,1038,0,0,0,0,0,0,7,0,0,0,580,detection,
581150,18,27,512,512,0,0,0,0,0,0,0,0,0,0,581,detection,
584751,21,30,1001,1290,-289,23,100,100,9,16,6,0,77,75,584,detection,
584775,24,30,1001,1290,-289,23,100,100,9,16,3,0,77,75,584,detection,
584780,28,30,1001,1290,-289,23,100,100,9,16,3,0,77,75,584,detection,
584795,11,30,1001,1290,-289,23,95,100,8,14,9,0,77,75,584,detection,
584796,8,30,1001,1290,-289,23,100,100,4,16,6,0,77,75,584,detection,
584814,16,30,1001,1290,-289,23,97,100,8,16,8,0,77,75,584,detection,
584824,25,30,1001,1290,-289,23,100,100,9,16,3,0,77,75,584,detection,
585112,20,3,1362,1362,0,0,0,0,0,0,0,0,0,0,585,detection,
592859,13,26,1354,1354,0,0,0,0,0,0,3,0,0,0,592,detection,
592860,3,26,1354,1354,0,0,0,0,0,0,6,0,0,0,592,detection,
592890,5,26,1354,1354,0,0,0,0,0,0,6,0,0,0,592,detection,
593543,8,11,1360,1360,0,0,0,0,0,0,0,0,0,0,593,detection,
594094,4,7,512,512,0,0,0,0,0,0,3,0,0,0,594,detection,
598074,19,4,512,512,0,0,0,0,0,0,4,0,0,0,598,detection,
609126,21,28,854,854,0,0,0,0,0,0,0,0,0,0,609,detection,
612114,12,9,1003,1003,0,0,0,0,0,0,8,0,0,0,612,detection,
612177,22,9,1003,1003,0,0,0,0,0,0,3,0,0,0,612,detection,
612185,14,9,1003,1003,0,0,0,0,0,0,3,0,0,0,612,detection,
612189,6,9,1003,1003,0,0,0,0,0,0,6,0,0,0,612,detection,
612217,17,9,1003,1003,0,0,0,0,0,0,3,0,0,0,612,detection,
613014,26,13,1155,1155,0,0,0,0,0,0,2,0,0,0,613,detection,
616026,28,6,787,787,0,0,0,0,0,0,3,0,0,0,616,detection,
617452,19,17,931,931,0,0,0,0,0,0,0,0,0,0,617,detection,
624646,24,2,1676,1676,0,0,0,0,0,0,3,0,0,0,624,detection,
629428,22,9,1003,1003,0,0,0,0,0,0,4,0,0,0,629,detection,
631137,26,29,1164,1137,27,0,9,38,1,0,3,0,0,0,631,detection,
638350,2,11,1257,1257,0,0,0,0,0,0,9,0,0,0,638,detection,
638590,23,10,531,531,0,0,0,0,0,0,0,0,0,0,638,detection,
639558,14,17,947,947,0,0,0,0,0,0,7,0,0,0,639,detection,
639573,19,17,947,947,0,0,0,0,0,0,2,0,0,0,639,detection,
639587,23,17,947,947,0,0,0,0,0,0,6,0,0,0,639,detection,
641668,11,25,868,868,0,0,0,0,0,0,8,0,0,0,641,detection,
642271,24,28,768,768,0,0,0,0,0,0,7,0,0,0,642,detection,
643538,9,14,1203,1203,0,0,0,0,0,0,7,0,0,0,643,detection,
645973,2,11,1302,1302,0,0,0,0,0,0,9,0,0,0,645,detection,
646043,8,11,1302,1302,0,0,0,0,0,0,4,0,0,0,646,detection,
651091,17,19,856,856,0,0,0,0,0,0,0,0,0,0,651,detection,
651290,9,14,1228,1228,0,0,0,0,0,0,2,0,0,0,651,detection,
652311,6,28,768,768,0,0,0,0,0,0,7,0,0,0,652,detection,
652395,24,28,768,768,0,0,0,0,0,0,7,0,0,0,652,detection,
652862,3,26,1468,1468,0,0,0,0,0,0,6,0,0,0,652,detection,
656294,11,2,1626,1626,0,0,0,0,0,0,14,0,0,0,656,detection,
658039,9,22,1268,1268,0,0,0,0,0,0,3,0,0,0,658,detection,
660396,24,28,834,834,0,0,0,0,0,0,3,0,0,0,660,detection,
660464,10,28,834,834,0,0,0,0,0,0,5,0,0,0,660,detection,
660465,23,28,834,834,0,0,0,0,0,0,6,0,0,0,660,detection,
661986,20,8,1145,1145,0,0,0,0,0,0,0,0,0,0,661,detection,
662449,19,17,1085,1085,0,0,0,0,0,0,2,0,0,0,662,detection,
662539,9,17,1085,1085,0,0,0,0,0,0,5,0,0,0,662,detection,
662637,5,13,1198,1198,0,0,0,0,0,0,5,0,0,0,662,detection,
662696,25,13,1198,1198,0,0,0,0,0,0,5,0,0,0,662,detection,
662736,3,13,1198,1198,0,0,0,0,0,0,5,0,0,0,662,detection,
662748,21,13,1198,1198,0,0,0,0,0,0,6,0,0,0,662,detection,
662763,26,13,1198,1198,0,0,0,0,0,0,0,0,0,0,662,detection,
668215,17,14,1294,1294,0,0,0,0,0,0,7,0,0,0,668,detection,
669066,16,12,1228,1228,0,0,0,0,0,0,2,0,0,0,669,detection,
669111,3,13,1201,1201,0,0,0,0,0,0,5,0,0,0,669,detection,
669112,20,13,1201,1201,0,0,0,0,0,0,6,0,0,0,669,detection,
669138,26,13,1201,1201,0,0,0,0,0,0,0,0,0,0,669,detection,
669140,5,13,1201,1201,0,0,0,0,0,0,5,0,0,0,669,detection,
669486,20,21,861,861,0,0,0,0,0,0,1,0,0,0,669,detection,
670112,12,22,1263,1263,0,0,0,0,0,0,4,0,0,0,670,detection,
670164,9,22,1263,1263,0,0,0,0,0,0,4,0,0,0,670,detection,
672648,24,22,1263,1263,0,0,0,0,0,0,3,0,0,0,672,detection,
673541,7,15,531,531,0,0,0,0,0,0,0,0,0,0,673,detection,
674988,12,16,1107,1107,0,0,0,0,0,0,11,0,0,0,674,detection,
675052,22,16,1107,1107,0,0,0,0,0,0,11,0,0,0,675,detection,
675062,6,16,1107,1107,0,0,0,0,0,0,11,0,0,0,675,detection,
676489,12,16,1107,1107,0,0,0,0,0,0,10,0,0,0,676,detection,
677861,12,22,1259,1259,0,0,0,0,0,0,7,0,0,0,677,detection,
677914,9,22,1259,1259,0,0,0,0,0,0,7,0,0,0,677,detection,
681312,6,16,1105,1105,0,0,0,0,0,0,14,0,0,0,681,detection,
682770,24,28,820,820,0,0,0,0,0,0,2,0,0,0,682,detection,
683612,12,22,1259,1259,0,0,0,0,0,0,6,0,0,0,683,detection,
683648,24,22,1259,1259,0,0,0,0,0,0,7,0,0,0,683,detection,
683664,9,22,1259,1259,0,0,0,0,0,0,7,0,0,0,683,detection,
686168,8,11,1401,1401,0,0,0,0,0,0,7,0,0,0,686,detection,
686226,2,11,1401,1401,0,0,0,0,0,0,14,0,0,0,686,detection,
686361,3,13,1252,1252,0,0,0,0,0,0,5,0,0,0,686,detection,
686363,20,13,1252,1252,0,0,0,0,0,0,6,0,0,0,686,detection,
686373,21,13,1252,1252,0,0,0,0,0,0,6,0,0,0,686,detection,
686388,26,13,1252,1252,0,0,0,0,0,0,0,0,0,0,686,detection,
686391,5,13,1252,1252,0,0,0,0,0,0,5,0,0,0,686,detection,
686651,18,7,529,529,0,0,0,0,0,0,4,0,0,0,686,detection,
687416,7,27,512,512,0,0,0,0,0,0,4,0,0,0,687,detection,
689609,3,26,1465,1465,0,0,0,0,0,0,9,0,0,0,689,detection,
689615,20,26,1465,1465,0,0,0,0,0,0,3,0,0,0,689,detection,
689638,5,26,1465,1465,0,0,0,0,0,0,9,0,0,0,689,detection,
690416,9,14,1294,1294,0,0,0,0,0,0,1,0,0,0,690,detection,
690467,17,14,1294,1294,0,0,0,0,0,0,1,0,0,0,690,detection,
690778,28,16,1116,1116,0,0,0,0,0,0,5,0,0,0,690,detection,
690785,24,16,1116,1116,0,0,0,0,0,0,5,0,0,0,690,detection,
690801,22,16,1116,1116,0,0,0,0,0,0,15,0,0,0,690,detection,
690812,6,16,1116,1116,0,0,0,0,0,0,14,0,0,0,690,detection,
690821,25,16,1116,1116,0,0,0,0,0,0,9,0,0,0,690,detection,
692351,2,11,1418,1418,0,0,0,0,0,0,13,0,0,0,692,detection,
692397,24,11,1418,1418,0,0,0,0,0,0,6,0,0,0,692,detection,
692417,8,11,1418,1418,0,0,0,0,0,0,7,0,0,0,692,detection,
693595,4,18,516,516,0,0,0,0,0,0,0,0,0,0,693,detection,
695138,5,26,1486,1486,0,0,0,0,0,0,9,0,0,0,695,detection,
695233,3,26,1486,1486,0,0,0,0,0,0,5,0,0,0,695,detection,
695235,13,26,1486,1486,0,0,0,0,0,0,4,0,0,0,695,detection,
695239,20,26,1486,1486,0,0,0,0,0,0,3,0,0,0,695,detection,
695469,4,10,512,512,0,0,0,0,0,0,0,0,0,0,695,detection,
695633,15,23,512,512,0,0,0,0,0,0,4,0,0,0,695,detection,
696215,23,17,1161,1161,0,0,0,0,0,0,6,0,0,0,696,detection,
696310,14,17,1161,1161,0,0,0,0,0,0,3,0,0,0,696,detection,
696324,19,17,1161,1161,0,0,0,0,0,0,2,0,0,0,696,detection,
698064,6,31,671,911,-240,37,93,100,47,16,0,0,60,40,698,detection,
699840,17,14,1259,1259,0,0,0,0,0,0,5,0,0,0,699,detection,
699913,9,14,1259,1259,0,0,0,0,0,0,5,0,0,0,699,detection,
700043,11,2,1734,1734,0,0,0,0,0,0,15,0,0,0,700,detection,
700194,25,28,907,907,0,0,0,0,0,0,2,0,0,0,700,detection,
700219,10,28,907,907,0,0,0,0,0,0,2,0,0,0,700,detection,
700250,21,28,907,907,0,0,0,0,0,0,0,0,0,0,700,detection,
700271,24,28,907,907,0,0,0,0,0,0,2,0,0,0,700,detection,
701687,6,16,1107,1107,0,0,0,0,0,0,13,0,0,0,701,detection,
701696,25,16,1107,1107,0,0,0,0,0,0,9,0,0,0,701,detection,
701736,12,16,1107,1107,0,0,0,0,0,0,13,0,0,0,701,detection,
701776,24,16,1107,1107,0,0,0,0,0,0,5,0,0,0,701,detection,
701777,28,16,1107,1107,0,0,0,0,0,0,5,0,0,0,701,detection,
704792,8,11,1399,1399,0,0,0,0,0,0,7,0,0,0,704,detection,
704850,2,11,1399,1399,0,0,0,0,0,0,8,0,0,0,704,detection,
711363,3,26,1536,1536,0,0,0,0,0,0,5,0,0,0,711,detection,
711390,5,26,1536,1536,0,0,0,0,0,0,5,0,0,0,711,detection,
717165,9,14,1304,1304,0,0,0,0,0,0,5,0,0,0,717,detection,
717217,17,14,1304,1304,0,0,0,0,0,0,5,0,0,0,717,detection,
718170,8,24,1132,1132,0,0,0,0,0,0,0,0,0,0,718,detection,
719321,25,13,1347,1347,0,0,0,0,0,0,5,0,0,0,719,detection,
719361,3,13,1347,1347,0,0,0,0,0,0,5,0,0,0,719,detection,
719362,20,13,1347,1347,0,0,0,0,0,0,7,0,0,0,719,detection,
719372,21,13,1347,1347,0,0,0,0,0,0,6,0,0,0,719,detection,
719388,26,13,1347,1347,0,0,0,0,0,0,2,0,0,0,719,detection,
719390,5,13,1347,1347,0,0,0,0,0,0,5,0,0,0,719,detection,
722264,26,20,1489,1489,0,0,0,0,0,0,14,0,0,0,722,detection,
722291,8,20,1489,1489,0,0,0,0,0,0,11,0,0,0,722,detection,
722359,13,20,1489,1489,0,0,0,0,0,0,11,0,0,0,722,detection,
722373,21,20,1489,1489,0,0,0,0,0,0,15,0,0,0,722,detection,
724542,8,11,1391,1391,0,0,0,0,0,0,7,0,0,0,724,detection,
728155,28,25,976,976,0,0,0,0,0,0,2,0,0,0,728,detection,
728613,12,16,1125,1125,0,0,0,0,0,0,13,0,0,0,728,detection,
728650,24,16,1125,1125,0,0,0,0,0,0,5,0,0,0,728,detection,
728654,28,16,1125,1125,0,0,0,0,0,0,5,0,0,0,728,detection,
728678,22,16,1125,1125,0,0,0,0,0,0,15,0,0,0,728,detection,
728688,6,16,1125,1125,0,0,0,0,0,0,13,0,0,0,728,detection,
731482,13,20,1451,1451,0,0,0,0,0,0,11,0,0,0,731,detection,
731485,3,20,1451,1451,0,0,0,0,0,0,9,0,0,0,731,detection,
731501,21,20,1451,1451,0,0,0,0,0,0,11,0,0,0,731,detection,
731511,26,20,1451,1451,0,0,0,0,0,0,14,0,0,0,731,detection,
731542,8,20,1451,1451,0,0,0,0,0,0,8,0,0,0,731,detection,
731965,23,17,1338,1338,0,0,0,0,0,0,5,0,0,0,731,detection,
732041,9,17,1338,1338,0,0,0,0,0,0,0,0,0,0,732,detection,
732060,14,17,1338,1338,0,0,0,0,0,0,4,0,0,0,732,detection,
732074,19,17,1338,1338,0,0,0,0,0,0,2,0,0,0,732,detection,
733110,13,3,1615,1615,0,0,0,0,0,0,6,0,0,0,733,detection,
733112,12,9,1100,1100,0,0,0,0,0,0,3,0,0,0,733,detection,
733139,26,3,1615,1615,0,0,0,0,0,0,7,0,0,0,733,detection,
735042,8,20,1451,1451,0,0,0,0,0,0,8,0,0,0,735,detection,
736237,12,22,1335,1335,0,0,0,0,0,0,6,0,0,0,736,detection,
736274,24,22,1335,1335,0,0,0,0,0,0,7,0,0,0,736,detection,
736289,9,22,1335,1335,0,0,0,0,0,0,7,0,0,0,736,detection,
741917,11,2,1718,1718,0,0,0,0,0,0,14,0,0,0,741,detection,
743266,5,26,1575,1575,0,0,0,0,0,0,5,0,0,0,743,detection,
743316,16,30,961,1293,-332,78,100,100,9,14,10,0,96,100,743,detection,
743339,23,4,512,512,0,0,0,0,0,0,3,0,0,0,743,detection,
743358,13,26,1575,1575,0,0,0,0,0,0,4,0,0,0,743,detection,
743360,3,26,1575,1575,0,0,0,0,0,0,6,0,0,0,743,detection,
743362,20,26,1575,1575,0,0,0,0,0,0,5,0,0,0,743,detection,
743599,2,11,1409,1409,0,0,0,0,0,0,8,0,0,0,743,detection,
743649,24,11,1409,1409,0,0,0,0,0,0,6,0,0,0,743,detection,
743665,8,11,1409,1409,0,0,0,0,0,0,7,0,0,0,743,detection,
745500,21,28,960,960,0,0,0,0,0,0,1,0,0,0,745,detection,
745521,24,28,960,960,0,0,0,0,0,0,2,0,0,0,745,detection,
745564,16,28,960,960,0,0,0,0,0,0,6,0,0,0,745,detection,
745564,6,28,960,960,0,0,0,0,0,0,3,0,0,0,745,detection,
745568,25,28,960,960,0,0,0,0,0,0,2,0,0,0,745,detection,
745734,13,20,1443,1443,0,0,0,0,0,0,11,0,0,0,745,detection,
745737,3,20,1443,1443,0,0,0,0,0,0,9,0,0,0,745,detection,
745748,21,20,1443,1443,0,0,0,0,0,0,10,0,0,0,745,detection,
745762,26,20,1443,1443,0,0,0,0,0,0,13,0,0,0,745,detection,
745793,8,20,1443,1443,0,0,0,0,0,0,7,0,0,0,745,detection,
745821,25,20,1443,1443,0,0,0,0,0,0,15,0,0,0,745,detection,
746014,26,13,1212,1212,0,0,0,0,0,0,2,0,0,0,746,detection,
747168,11,30,941,1202,-261,35,78,100,5,0,15,0,63,40,747,detection,
747168,8,30,941,1202,-261,35,85,100,6,14,10,0,63,40,747,detection,
747192,16,30,941,1202,-261,35,81,100,14,14,13,0,63,40,747,detection,
747197,25,30,941,1202,-261,35,91,100,6,16,6,0,63,40,747,detection,
747238,20,30,941,1202,-261,35,81,100,2,14,13,0,63,40,747,detection,
747252,21,30,941,1202,-261,35,85,100,6,14,10,0,63,40,747,detection,
747273,24,30,941,1202,-261,35,91,100,6,16,6,0,63,40,747,detection,
747281,28,30,941,1202,-261,35,89,100,6,16,7,0,63,40,747,detection,
748665,9,17,1338,1338,0,0,0,0,0,0,0,0,0,0,748,detection,
750760,26,3,1615,1615,0,0,0,0,0,0,3,0,0,0,750,detection,
750860,13,3,1615,1615,0,0,0,0,0,0,1,0,0,0,750,detection,
750861,20,3,1615,1615,0,0,0,0,0,0,5,0,0,0,750,detection,
750913,9,14,1299,1299,0,0,0,0,0,0,5,0,0,0,750,detection,
754524,24,30,921,1192,-271,42,94,100,2,16,6,0,58,40,754,detection,
754544,11,30,921,1192,-271,42,81,100,2,0,15,0,58,40,754,detection,
754544,8,30,921,1192,-271,42,88,100,2,14,10,0,58,40,754,detection,
754563,16,30,921,1192,-271,42,91,100,2,16,8,0,58,40,754,detection,
754572,25,30,921,1192,-271,42,94,100,2,16,6,0,58,40,754,detection,
760029,28,21,822,822,0,0,0,0,0,0,2,0,0,0,760,detection,
760720,4,27,512,512,0,0,0,0,0,0,0,0,0,0,760,detection,
761140,5,29,1144,1468,-324,0,100,100,86,50,2,0,82,55,761,detection,
762763,5,26,1575,1575,0,0,0,0,0,0,5,0,0,0,762,detection,
762847,4,7,519,519,0,0,0,0,0,0,3,0,0,0,762,detection,
766042,8,20,1443,1443,0,0,0,0,0,0,6,0,0,0,766,detection,
766069,25,20,1443,1443,0,0,0,0,0,0,14,0,0,0,766,detection,
766110,13,20,1443,1443,0,0,0,0,0,0,10,0,0,0,766,detection,
766125,21,20,1443,1443,0,0,0,0,0,0,9,0,0,0,766,detection,
766397,24,30,901,1175,-274,50,97,100,0,16,5,0,53,40,766,detection,
766421,11,30,901,1175,-274,50,90,100,0,0,9,0,53,40,766,detection,
766421,8,30,901,1175,-274,50,97,100,0,16,5,0,53,40,766,detection,
766501,21,30,901,1175,-274,50,89,100,2,14,10,0,53,40,766,detection,
766661,9,6,777,777,0,0,0,0,0,0,1,0,0,0,766,detection,
770007,15,19,831,831,0,0,0,0,0,0,0,0,0,0,770,detection,
770793,11,2,1678,1678,0,0,0,0,0,0,14,0,0,0,770,detection,
775137,26,3,1597,1597,0,0,0,0,0,0,3,0,0,0,775,detection,
775232,13,3,1597,1597,0,0,0,0,0,0,1,0,0,0,775,detection,
775237,20,3,1597,1597,0,0,0,0,0,0,5,0,0,0,775,detection,
776948,19,23,537,537,0,0,0,0,0,0,0,0,0,0,776,detection,
782695,25,13,1154,1154,0,0,0,0,0,0,5,0,0,0,782,detection,
782735,3,13,1154,1154,0,0,0,0,0,0,6,0,0,0,782,detection,
782737,20,13,1154,1154,0,0,0,0,0,0,7,0,0,0,782,detection,
782751,21,13,1154,1154,0,0,0,0,0,0,6,0,0,0,782,detection,
782762,26,13,1154,1154,0,0,0,0,0,0,2,0,0,0,782,detection,
782765,5,13,1154,1154,0,0,0,0,0,0,5,0,0,0,782,detection,
785053,22,16,1098,1098,0,0,0,0,0,0,15,0,0,0,785,detection,
785063,6,16,1098,1098,0,0,0,0,0,0,13,0,0,0,785,detection,
785077,25,16,1098,1098,0,0,0,0,0,0,9,0,0,0,785,detection,
785112,12,16,1098,1098,0,0,0,0,0,0,12,0,0,0,785,detection,
785149,24,16,1098,1098,0,0,0,0,0,0,4,0,0,0,785,detection,
787937,6,28,948,948,0,0,0,0,0,0,3,0,0,0,787,detection,
794415,9,22,1394,1394,0,0,0,0,0,0,8,0,0,0,794,detection,
794439,16,22,1394,1394,0,0,0,0,0,0,8,0,0,0,794,detection,
794487,12,22,1394,1394,0,0,0,0,0,0,6,0,0,0,794,detection,
794523,24,22,1394,1394,0,0,0,0,0,0,4,0,0,0,794,detection,
794596,4,15,521,521,0,0,0,0,0,0,3,0,0,0,794,detection,
795522,24,30,881,1175,-294,58,100,100,4,16,5,0,58,40,795,detection,
795546,11,30,881,1175,-294,58,97,100,4,0,9,0,58,40,795,detection,
795546,8,30,881,1175,-294,58,100,100,4,0,5,0,58,40,795,detection,
795566,16,30,881,1175,-294,58,100,100,5,16,7,0,58,40,795,detection,
795570,25,30,881,1175,-294,58,100,100,5,16,5,0,58,40,795,detection,
795626,21,30,881,1175,-294,58,100,100,4,16,5,0,58,40,795,detection,
795788,9,14,1295,1295,0,0,0,0,0,0,4,0,0,0,795,detection,
803044,8,11,1392,1392,0,0,0,0,0,0,4,0,0,0,803,detection,
803102,2,11,1392,1392,0,0,0,0,0,0,8,0,0,0,803,detection,
803148,24,11,1392,1392,0,0,0,0,0,0,5,0,0,0,803,detection,
803608,13,26,1585,1585,0,0,0,0,0,0,4,0,0,0,803,detection,
803611,3,26,1585,1585,0,0,0,0,0,0,6,0,0,0,803,detection,
803612,20,26,1585,1585,0,0,0,0,0,0,6,0,0,0,803,detection,
803640,5,26,1585,1585,0,0,0,0,0,0,5,0,0,0,803,detection,
806551,22,12,1163,1163,0,0,0,0,0,0,2,0,0,0,806,detection,
807578,19,31,651,977,-326,45,100,100,67,16,2,0,58,40,807,detection,
808975,2,11,1392,1392,0,0,0,0,0,0,8,0,0,0,808,detection,
815489,20,3,1632,1632,0,0,0,0,0,0,1,0,0,0,815,detection,
816447,25,16,1091,1091,0,0,0,0,0,0,8,0,0,0,816,detection,
827201,19,4,512,512,0,0,0,0,0,0,3,0,0,0,827,detection,
830487,20,30,861,1175,-314,66,100,100,12,16,7,0,72,55,830,detection,
831511,15,27,512,512,0,0,0,0,0,0,4,0,0,0,831,detection,
833205,1,4,512,512,0,0,0,0,0,0,3,0,0,0,833,detection,
833213,23,4,512,512,0,0,0,0,0,0,3,0,0,0,833,detection,
833216,10,4,512,512,0,0,0,0,0,0,3,0,0,0,833,detection,
833259,15,4,512,512,0,0,0,0,0,0,3,0,0,0,833,detection,
833275,18,4,512,512,0,0,0,0,0,0,3,0,0,0,833,detection,
833284,27,4,512,512,0,0,0,0,0,0,4,0,0,0,833,detection,
833293,7,4,512,512,0,0,0,0,0,0,3,0,0,0,833,detection,
833311,6,4,512,512,0,0,0,0,0,0,6,0,0,0,833,detection,
833323,19,4,512,512,0,0,0,0,0,0,3,0,0,0,833,detection,
838318,6,10,512,512,0,0,0,0,0,0,0,0,0,0,838,detection,
838320,25,10,512,512,0,0,0,0,0,0,3,0,0,0,838,detection,
838338,23,10,512,512,0,0,0,0,0,0,0,0,0,0,838,detection,
838346,4,10,512,512,0,0,0,0,0,0,0,0,0,0,838,detection,
838375,21,10,512,512,0,0,0,0,0,0,1,0,0,0,838,detection,
838402,28,10,512,512,0,0,0,0,0,0,1,0,0,0,838,detection,
839486,20,26,1568,1568,0,0,0,0,0,0,6,0,0,0,839,detection,
840484,13,29,1124,1356,-232,0,85,100,61,16,3,0,82,55,840,detection,
840488,3,29,1124,1356,-232,0,87,100,69,50,2,0,82,75,840,detection,
840513,26,29,1124,1356,-232,0,84,100,62,16,4,0,82,55,840,detection,
840517,5,29,1124,1356,-232,0,87,100,23,50,2,0,82,55,840,detection,
840523,24,30,841,1175,-334,74,100,100,9,0,5,0,92,100,840,detection,
840543,11,30,841,1175,-334,74,100,100,8,0,8,0,92,100,840,detection,
840543,8,30,841,1175,-334,74,100,100,9,0,4,0,92,100,840,detection,
840571,25,30,841,1175,-334,74,100,100,9,16,5,0,92,100,840,detection,
840624,20,30,841,1175,-334,74,100,100,4,16,7,0,92,100,840,detection,
840627,21,30,841,1175,-334,74,100,100,9,16,5,0,92,100,840,detection,
845322,25,20,1395,1395,0,0,0,0,0,0,13,0,0,0,845,detection,
845484,3,20,1395,1395,0,0,0,0,0,0,9,0,0,0,845,detection,
845485,13,20,1395,1395,0,0,0,0,0,0,9,0,0,0,845,detection,
845499,21,20,1395,1395,0,0,0,0,0,0,9,0,0,0,845,detection,
845514,26,20,1395,1395,0,0,0,0,0,0,13,0,0,0,845,detection,
845541,8,20,1395,1395,0,0,0,0,0,0,5,0,0,0,845,detection,
845567,25,20,1395,1395,0,0,0,0,0,0,12,0,0,0,845,detection,
846658,27,18,528,528,0,0,0,0,0,0,0,0,0,0,846,detection,
851107,13,3,1578,1578,0,0,0,0,0,0,1,0,0,0,851,detection,
851112,20,3,1578,1578,0,0,0,0,0,0,1,0,0,0,851,detection,
851136,26,3,1578,1578,0,0,0,0,0,0,3,0,0,0,851,detection,
852544,11,2,1581,1581,0,0,0,0,0,0,13,0,0,0,852,detection,
852587,23,28,923,923,0,0,0,0,0,0,2,0,0,0,852,detection,
852590,10,28,923,923,0,0,0,0,0,0,2,0,0,0,852,detection,
852626,21,28,923,923,0,0,0,0,0,0,1,0,0,0,852,detection,
852689,16,28,923,923,0,0,0,0,0,0,6,0,0,0,852,detection,
852689,6,28,923,923,0,0,0,0,0,0,2,0,0,0,852,detection,
852694,25,28,923,923,0,0,0,0,0,0,2,0,0,0,852,detection,
853624,21,25,813,813,0,0,0,0,0,0,2,0,0,0,853,detection,
857217,17,14,1287,1287,0,0,0,0,0,0,5,0,0,0,857,detection,
860463,23,10,512,512,0,0,0,0,0,0,0,0,0,0,860,detection,
862190,1,15,518,518,0,0,0,0,0,0,3,0,0,0,862,detection,
862197,19,15,518,518,0,0,0,0,0,0,0,0,0,0,862,detection,
862219,4,15,518,518,0,0,0,0,0,0,3,0,0,0,862,detection,
862286,27,15,518,518,0,0,0,0,0,0,4,0,0,0,862,detection,
862291,7,15,518,518,0,0,0,0,0,0,0,0,0,0,862,detection,
865416,7,15,518,518,0,0,0,0,0,0,0,0,0,0,865,detection,
866186,6,23,514,514,0,0,0,0,0,0,4,0,0,0,866,detection,
871304,1,21,796,796,0,0,0,0,0,0,1,0,0,0,871,detection,
871317,6,21,796,796,0,0,0,0,0,0,1,0,0,0,871,detection,
871320,25,21,796,796,0,0,0,0,0,0,4,0,0,0,871,detection,
871341,10,21,796,796,0,0,0,0,0,0,2,0,0,0,871,detection,
871358,13,21,796,796,0,0,0,0,0,0,3,0,0,0,871,detection,
871363,20,21,796,796,0,0,0,0,0,0,3,0,0,0,871,detection,
871402,28,21,796,796,0,0,0,0,0,0,1,0,0,0,871,detection,
872523,24,8,1209,1209,0,0,0,0,0,0,0,0,0,0,872,detection,
874647,24,16,1079,1079,0,0,0,0,0,0,1,0,0,0,874,detection,
874656,28,16,1079,1079,0,0,0,0,0,0,5,0,0,0,874,detection,
874679,22,16,1079,1079,0,0,0,0,0,0,14,0,0,0,874,detection,
874686,6,16,1079,1079,0,0,0,0,0,0,12,0,0,0,874,detection,
874694,25,16,1079,1079,0,0,0,0,0,0,8,0,0,0,874,detection,
874738,12,16,1079,1079,0,0,0,0,0,0,12,0,0,0,874,detection,
876591,23,17,1175,1175,0,0,0,0,0,0,2,0,0,0,876,detection,
876667,9,17,1175,1175,0,0,0,0,0,0,0,0,0,0,876,detection,
876685,14,17,1175,1175,0,0,0,0,0,0,4,0,0,0,876,detection,
876701,19,17,1175,1175,0,0,0,0,0,0,1,0,0,0,876,detection,
877044,8,11,1378,1378,0,0,0,0,0,0,4,0,0,0,877,detection,
878634,15,7,527,527,0,0,0,0,0,0,3,0,0,0,878,detection,
879647,24,8,1209,1209,0,0,0,0,0,0,0,0,0,0,879,detection,
879666,11,8,1209,1209,0,0,0,0,0,0,4,0,0,0,879,detection,
883062,16,24,1089,1089,0,0,0,0,0,0,4,0,0,0,883,detection,
883510,26,3,1565,1565,0,0,0,0,0,0,3,0,0,0,883,detection,
883601,2,24,1089,1089,0,0,0,0,0,0,2,0,0,0,883,detection,
883652,28,24,1089,1089,0,0,0,0,0,0,1,0,0,0,883,detection,
883680,22,24,1089,1089,0,0,0,0,0,0,2,0,0,0,883,detection,
883690,16,24,1089,1089,0,0,0,0,0,0,3,0,0,0,883,detection,
884091,17,9,1039,1039,0,0,0,0,0,0,4,0,0,0,884,detection,
884112,12,9,1039,1039,0,0,0,0,0,0,2,0,0,0,884,detection,
884183,14,9,1039,1039,0,0,0,0,0,0,5,0,0,0,884,detection,
884187,6,9,1039,1039,0,0,0,0,0,0,6,0,0,0,884,detection,
886138,26,5,1549,1549,0,0,0,0,0,0,2,0,0,0,886,detection,
889264,5,26,1499,1499,0,0,0,0,0,0,4,0,0,0,889,detection,
889358,3,26,1499,1499,0,0,0,0,0,0,6,0,0,0,889,detection,
889360,13,26,1499,1499,0,0,0,0,0,0,4,0,0,0,889,detection,
889364,20,26,1499,1499,0,0,0,0,0,0,6,0,0,0,889,detection,
890265,1,18,526,526,0,0,0,0,0,0,0,0,0,0,890,detection,
890285,27,18,526,526,0,0,0,0,0,0,0,0,0,0,890,detection,
893113,12,22,1346,1346,0,0,0,0,0,0,6,0,0,0,893,detection,
893149,24,22,1346,1346,0,0,0,0,0,0,4,0,0,0,893,detection,
893165,9,22,1346,1346,0,0,0,0,0,0,8,0,0,0,893,detection,
893188,16,22,1346,1346,0,0,0,0,0,0,3,0,0,0,893,detection,
894024,24,22,1346,1346,0,0,0,0,0,0,4,0,0,0,894,detection,
897148,18,4,512,512,0,0,0,0,0,0,2,0,0,0,897,detection,
899613,3,26,1487,1487,0,0,0,0,0,0,6,0,0,0,899,detection,
901076,25,13,1149,1149,0,0,0,0,0,0,5,0,0,0,901,detection,
901790,9,14,1314,1314,0,0,0,0,0,0,4,0,0,0,901,detection,
903686,6,21,822,822,0,0,0,0,0,0,1,0,0,0,903,detection,
907737,3,13,1149,1149,0,0,0,0,0,0,6,0,0,0,907,detection,
907738,20,13,1149,1149,0,0,0,0,0,0,7,0,0,0,907,detection,
907748,21,13,1149,1149,0,0,0,0,0,0,5,0,0,0,907,detection,
907764,26,13,1149,1149,0,0,0,0,0,0,2,0,0,0,907,detection,
907766,5,13,1149,1149,0,0,0,0,0,0,5,0,0,0,907,detection,
910330,1,23,512,512,0,0,0,0,0,0,3,0,0,0,910,detection,
910341,17,23,512,512,0,0,0,0,0,0,4,0,0,0,910,detection,
910342,10,23,512,512,0,0,0,0,0,0,4,0,0,0,910,detection,
910348,4,23,512,512,0,0,0,0,0,0,0,0,0,0,910,detection,
910384,15,23,512,512,0,0,0,0,0,0,4,0,0,0,910,detection,
910403,28,23,512,512,0,0,0,0,0,0,7,0,0,0,910,detection,
910437,6,23,512,512,0,0,0,0,0,0,3,0,0,0,910,detection,
910449,19,23,512,512,0,0,0,0,0,0,0,0,0,0,910,detection,
910485,12,6,797,797,0,0,0,0,0,0,4,0,0,0,910,detection,
910495,21,6,797,797,0,0,0,0,0,0,2,0,0,0,910,detection,
910561,16,6,797,797,0,0,0,0,0,0,5,0,0,0,910,detection,
910588,10,6,797,797,0,0,0,0,0,0,3,0,0,0,910,detection,
910590,23,6,797,797,0,0,0,0,0,0,0,0,0,0,910,detection,
910602,4,6,797,797,0,0,0,0,0,0,3,0,0,0,910,detection,
912111,12,9,1035,1035,0,0,0,0,0,0,2,0,0,0,912,detection,
913636,26,20,1254,1254,0,0,0,0,0,0,12,0,0,0,913,detection,
914064,16,28,583,583,0,72,0,0,0,0,14,0,96,100,914,detection,
914069,25,28,583,583,0,72,0,0,0,0,9,0,96,100,914,detection,
914150,24,28,583,583,0,72,0,0,0,0,9,0,96,100,914,detection,
919190,16,28,601,601,0,65,0,0,0,0,17,0,64,40,919,detection,
919194,25,28,601,601,0,65,0,0,0,0,13,0,64,40,919,detection,
919215,10,28,601,601,0,65,0,0,0,0,9,0,64,40,919,detection,
919216,23,28,601,601,0,65,0,0,0,0,9,0,64,40,919,detection,
919251,21,28,601,601,0,65,0,0,0,0,8,0,64,40,919,detection,
919271,24,28,601,601,0,65,0,0,0,0,13,0,64,40,919,detection,
919360,13,29,1104,1355,-251,0,96,100,4,16,1,0,82,55,919,detection,
919915,9,12,1137,1137,0,0,0,0,0,0,1,0,0,0,919,detection,
919928,22,12,1137,1137,0,0,0,0,0,0,2,0,0,0,919,detection,
919939,16,12,1137,1137,0,0,0,0,0,0,2,0,0,0,919,detection,
920916,11,2,1554,1554,0,0,0,0,0,0,12,0,0,0,920,detection,
921315,16,31,631,804,-173,53,61,95,27,0,5,0,53,40,921,detection,
932840,17,19,796,796,0,0,0,0,0,0,0,0,0,0,932,detection,
938839,17,23,512,512,0,0,0,0,0,0,4,0,0,0,938,detection,
938874,21,28,601,601,0,65,0,0,0,0,12,0,64,40,938,detection,
938898,24,28,601,601,0,65,0,0,0,0,16,0,64,40,938,detection,
938937,6,28,601,601,0,65,0,0,0,0,9,0,64,40,938,detection,
938937,16,28,601,601,0,65,0,0,0,0,20,0,64,40,938,detection,
938945,25,28,601,601,0,65,0,0,0,0,17,0,64,40,938,detection,
938962,23,28,601,601,0,65,0,0,0,0,12,0,64,40,938,detection,
938966,10,28,601,601,0,65,0,0,0,0,12,0,64,40,938,detection,
939595,4,10,512,512,0,0,0,0,0,0,0,0,0,0,939,detection,
939667,11,25,774,774,0,0,0,0,0,0,8,0,0,0,939,detection,
939667,8,25,774,774,0,0,0,0,0,0,2,0,0,0,939,detection,
939715,10,25,774,774,0,0,0,0,0,0,0,0,0,0,939,detection,
939732,13,25,774,774,0,0,0,0,0,0,6,0,0,0,939,detection,
939736,20,25,774,774,0,0,0,0,0,0,7,0,0,0,939,detection,
939776,24,25,774,774,0,0,0,0,0,0,2,0,0,0,939,detection,
939780,28,25,774,774,0,0,0,0,0,0,4,0,0,0,939,detection,
940360,13,20,1233,1233,0,0,0,0,0,0,8,0,0,0,940,detection,
940790,11,8,1143,1143,0,0,0,0,0,0,4,0,0,0,940,detection,
942738,20,30,821,992,-171,14,55,100,35,14,10,0,95,100,942,detection,
942752,21,30,821,992,-171,14,57,100,36,16,8,0,95,100,942,detection,
942777,28,30,821,992,-171,14,53,100,18,14,13,0,95,100,942,detection,
942778,24,30,821,992,-171,14,57,100,36,0,8,0,95,100,942,detection,
942796,11,30,821,992,-171,14,53,100,34,0,12,0,95,100,942,detection,
942796,8,30,821,992,-171,14,57,100,36,0,8,0,95,100,942,detection,
942816,16,30,821,992,-171,14,54,100,26,0,11,0,95,100,942,detection,
942820,25,30,821,992,-171,14,56,100,35,0,9,0,95,100,942,detection,
950555,22,31,611,787,-176,61,63,98,28,0,4,0,60,40,950,detection,
950566,16,31,611,787,-176,61,62,100,0,0,5,0,60,40,950,detection,
950566,6,31,611,787,-176,61,67,100,16,16,1,0,60,40,950,detection,
950578,19,31,611,787,-176,61,67,100,38,16,1,0,60,40,950,detection,
950594,17,31,611,787,-176,61,67,100,23,16,1,0,60,40,950,detection,
950615,12,31,611,787,-176,61,67,100,30,16,1,0,60,40,950,detection,
951171,11,30,801,1008,-207,28,65,100,7,0,12,0,70,75,951,detection,
951171,8,30,801,1008,-207,28,69,100,8,0,8,0,70,75,951,detection,
951190,16,30,801,1008,-207,28,66,100,7,0,11,0,70,75,951,detection,
951195,25,30,801,1008,-207,28,69,100,8,0,8,0,70,75,951,detection,
951237,20,30,801,1008,-207,28,67,100,7,14,10,0,70,75,951,detection,
961107,13,3,1529,1529,0,0,0,0,0,0,1,0,0,0,961,detection,
962564,16,22,1329,1329,0,0,0,0,0,0,3,0,0,0,962,detection,
962855,13,3,1529,1529,0,0,0,0,0,0,1,0,0,0,962,detection,
962861,20,3,1529,1529,0,0,0,0,0,0,1,0,0,0,962,detection,
962884,26,3,1529,1529,0,0,0,0,0,0,2,0,0,0,962,detection,
963377,21,30,781,994,-213,35,71,100,9,0,8,0,63,40,963,detection,
963397,24,30,781,994,-213,35,77,100,10,0,4,0,63,40,963,detection,
963407,28,30,781,994,-213,35,67,100,8,14,12,0,63,40,963,detection,
963417,11,30,781,994,-213,35,67,100,1,0,12,0,63,40,963,detection,
963418,8,30,781,994,-213,35,71,100,1,0,8,0,63,40,963,detection,
963441,16,30,781,994,-213,35,68,100,1,0,11,0,63,40,963,detection,
963445,25,30,781,994,-213,35,71,100,1,0,8,0,63,40,963,detection,
963487,20,30,781,994,-213,35,69,100,1,0,10,0,63,40,963,detection,
964486,13,26,1488,1488,0,0,0,0,0,0,4,0,0,0,964,detection,
970397,24,28,744,744,0,9,0,0,0,0,15,0,0,0,970,detection,
970436,6,28,744,744,0,9,0,0,0,0,9,0,0,0,970,detection,
970436,16,28,744,744,0,9,0,0,0,0,19,0,0,0,970,detection,
970445,25,28,744,744,0,9,0,0,0,0,15,0,0,0,970,detection,
970465,10,28,744,744,0,9,0,0,0,0,11,0,0,0,970,detection,
970497,21,28,744,744,0,9,0,0,0,0,11,0,0,0,970,detection,
970572,25,30,761,1121,-360,93,100,100,35,0,4,0,97,100,970,detection,
970814,16,12,1113,1113,0,0,0,0,0,0,2,0,0,0,970,detection,
971774,18,7,517,517,0,0,0,0,0,0,4,0,0,0,971,detection,
972541,7,27,512,512,0,0,0,0,0,0,3,0,0,0,972,detection,
972927,22,9,1056,1056,0,0,0,0,0,0,5,0,0,0,972,detection,
976542,7,18,539,539,0,0,0,0,0,0,0,0,0,0,976,detection,
986315,16,30,741,1108,-367,100,100,100,32,0,11,0,97,100,986,detection,
986366,20,30,741,1108,-367,100,100,100,33,0,10,0,97,100,986,detection,
986376,21,30,741,1108,-367,100,100,100,34,0,8,0,97,100,986,detection,
986400,24,30,741,1108,-367,100,100,100,37,0,4,0,97,100,986,detection,
986405,28,30,741,1108,-367,100,100,100,32,14,12,0,97,100,986,detection,
986420,11,30,741,1108,-367,100,100,100,32,0,12,0,97,100,986,detection,
986420,8,30,741,1108,-367,100,100,100,34,0,8,0,97,100,986,detection,
988888,1,19,787,787,0,0,0,0,0,0,0,0,0,0,988,detection,
988916,7,19,787,787,0,0,0,0,0,0,0,0,0,0,988,detection,
988967,17,19,787,787,0,0,0,0,0,0,0,0,0,0,988,detection,
989010,15,19,787,787,0,0,0,0,0,0,0,0,0,0,989,detection,
990069,25,16,997,997,0,0,0,0,0,0,8,0,0,0,990,detection,
990113,12,16,997,997,0,0,0,0,0,0,12,0,0,0,990,detection,
990154,28,16,997,997,0,0,0,0,0,0,10,0,0,0,990,detection,
990446,25,24,997,997,0,0,0,0,0,0,5,0,0,0,990,detection,
990472,2,24,997,997,0,0,0,0,0,0,6,0,0,0,990,detection,
990527,28,24,997,997,0,0,0,0,0,0,1,0,0,0,990,detection,
990543,11,24,997,997,0,0,0,0,0,0,8,0,0,0,990,detection,
990543,8,24,997,997,0,0,0,0,0,0,3,0,0,0,990,detection,
990551,22,24,997,997,0,0,0,0,0,0,6,0,0,0,990,detection,
990561,16,24,997,997,0,0,0,0,0,0,8,0,0,0,990,detection,
996861,12,16,997,997,0,0,0,0,0,0,12,0,0,0,996,detection,
996898,24,16,997,997,0,0,0,0,0,0,6,0,0,0,996,detection,
996902,28,16,997,997,0,0,0,0,0,0,10,0,0,0,996,detection,
996930,22,16,997,997,0,0,0,0,0,0,14,0,0,0,996,detection,
996936,6,16,997,997,0,0,0,0,0,0,12,0,0,0,996,detection,
996945,25,16,997,997,0,0,0,0,0,0,8,0,0,0,996,detection,
998850,2,24,997,997,0,0,0,0,0,0,6,0,0,0,998,detection,
998916,11,24,997,997,0,0,0,0,0,0,8,0,0,0,998,detection,
998929,22,24,997,997,0,0,0,0,0,0,1,0,0,0,998,detection,
1004967,17,14,1308,1308,0,0,0,0,0,0,5,0,0,0,1004,detection,
1005966,23,15,512,512,0,0,0,0,0,0,0,0,0,0,1005,detection,
1010607,13,5,1500,1500,0,0,0,0,0,0,2,0,0,0,1010,detection,
1010636,26,5,1500,1500,0,0,0,0,0,0,2,0,0,0,1010,detection,
1011351,2,24,1054,1054,0,0,0,0,0,0,6,0,0,0,1011,detection,
1011417,8,24,1054,1054,0,0,0,0,0,0,0,0,0,0,1011,detection,
1011417,11,24,1054,1054,0,0,0,0,0,0,3,0,0,0,1011,detection,
1012445,25,16,997,997,0,0,0,0,0,0,8,0,0,0,1012,detection,
1012489,12,16,997,997,0,0,0,0,0,0,12,0,0,0,1012,detection,
1012521,24,16,997,997,0,0,0,0,0,0,6,0,0,0,1012,detection,
1012530,28,16,997,997,0,0,0,0,0,0,10,0,0,0,1012,detection,
1012554,22,16,997,997,0,0,0,0,0,0,13,0,0,0,1012,detection,
1015936,16,28,801,801,0,0,0,0,0,0,18,0,0,0,1015,detection,
1018450,19,17,1103,1103,0,0,0,0,0,0,1,0,0,0,1018,detection,
1024590,10,28,812,812,0,0,0,0,0,0,10,0,0,0,1024,detection,
1026731,13,25,800,800,0,0,0,0,0,0,6,0,0,0,1026,detection,
1027112,20,8,1267,1267,0,0,0,0,0,0,6,0,0,0,1027,detection,
1027147,24,8,1267,1267,0,0,0,0,0,0,5,0,0,0,1027,detection,
1027166,11,8,1267,1267,0,0,0,0,0,0,8,0,0,0,1027,detection,
1027261,1,7,514,514,0,0,0,0,0,0,4,0,0,0,1027,detection,
1027276,18,7,514,514,0,0,0,0,0,0,3,0,0,0,1027,detection,
1027285,27,7,514,514,0,0,0,0,0,0,3,0,0,0,1027,detection,
1027347,4,7,514,514,0,0,0,0,0,0,3,0,0,0,1027,detection,
1027384,15,7,514,514,0,0,0,0,0,0,3,0,0,0,1027,detection,
1030592,10,23,546,546,0,0,0,0,0,0,3,0,0,0,1030,detection,
1030665,9,22,1289,1289,0,0,0,0,0,0,8,0,0,0,1030,detection,
1030737,12,22,1289,1289,0,0,0,0,0,0,9,0,0,0,1030,detection,
1031294,11,30,721,1100,-379,100,100,100,2,0,12,0,97,100,1031,detection,
1032055,22,31,591,811,-220,69,78,100,10,0,5,0,80,55,1032,detection,
1032989,12,16,997,997,0,0,0,0,0,0,13,0,0,0,1032,detection,
1033021,24,16,997,997,0,0,0,0,0,0,6,0,0,0,1033,detection,
1033030,28,16,997,997,0,0,0,0,0,0,5,0,0,0,1033,detection,
1033390,5,29,1084,1457,-373,0,100,100,35,50,2,0,82,55,1033,detection,
1034916,11,2,1430,1430,0,0,0,0,0,0,12,0,0,0,1034,detection,
1036737,20,8,1291,1291,0,0,0,0,0,0,6,0,0,0,1036,detection,
1037647,24,22,1285,1285,0,0,0,0,0,0,9,0,0,0,1037,detection,
1037663,9,22,1285,1285,0,0,0,0,0,0,7,0,0,0,1037,detection,
1037739,12,22,1285,1285,0,0,0,0,0,0,9,0,0,0,1037,detection,
1038725,2,24,1029,1029,0,0,0,0,0,0,6,0,0,0,1038,detection,
1038780,28,24,1029,1029,0,0,0,0,0,0,1,0,0,0,1038,detection,
1038804,22,24,1029,1029,0,0,0,0,0,0,2,0,0,0,1038,detection,
1038814,16,24,1029,1029,0,0,0,0,0,0,9,0,0,0,1038,detection,
1038818,25,24,1029,1029,0,0,0,0,0,0,0,0,0,0,1038,detection,
1039361,20,8,1291,1291,0,0,0,0,0,0,6,0,0,0,1039,detection,
1039636,26,5,1516,1516,0,0,0,0,0,0,2,0,0,0,1039,detection,
1043789,9,6,820,820,0,0,0,0,0,0,1,0,0,0,1043,detection,
1046273,24,30,701,1073,-372,100,100,100,1,0,5,0,97,100,1046,detection,
1046293,11,30,701,1073,-372,100,100,100,1,0,7,0,97,100,1046,detection,
1046316,16,30,701,1073,-372,100,100,100,1,0,12,0,97,100,1046,detection,
1046321,25,30,701,1073,-372,100,100,100,2,0,4,0,97,100,1046,detection,
1046362,20,30,701,1073,-372,100,100,100,1,0,10,0,97,100,1046,detection,
1046377,21,30,701,1073,-372,100,100,100,1,0,8,0,97,100,1046,detection,
1048420,11,8,1261,1261,0,0,0,0,0,0,8,0,0,0,1048,detection,
1048489,20,8,1261,1261,0,0,0,0,0,0,6,0,0,0,1048,detection,
1050883,15,19,783,783,0,0,0,0,0,0,0,0,0,0,1050,detection,
1051465,10,4,520,520,0,0,0,0,0,0,3,0,0,0,1051,detection,
1051915,9,12,1124,1124,0,0,0,0,0,0,1,0,0,0,1051,detection,
1053539,9,22,1310,1310,0,0,0,0,0,0,7,0,0,0,1053,detection,
1053647,24,22,1310,1310,0,0,0,0,0,0,9,0,0,0,1053,detection,
1054342,17,9,1099,1099,0,0,0,0,0,0,3,0,0,0,1054,detection,
1054490,12,22,1310,1310,0,0,0,0,0,0,5,0,0,0,1054,detection,
1056764,5,26,1508,1508,0,0,0,0,0,0,4,0,0,0,1056,detection,
1057543,8,20,1192,1192,0,0,0,0,0,0,6,0,0,0,1057,detection,
1058592,1,27,512,512,0,0,0,0,0,0,4,0,0,0,1058,detection,
1058597,4,27,512,512,0,0,0,0,0,0,0,0,0,0,1058,detection,
1058633,15,27,512,512,0,0,0,0,0,0,3,0,0,0,1058,detection,
1058667,7,27,512,512,0,0,0,0,0,0,3,0,0,0,1058,detection,
1062903,28,24,1018,1018,0,0,0,0,0,0,1,0,0,0,1062,detection,
1064223,4,18,528,528,0,0,0,0,0,0,0,0,0,0,1064,detection,
1066669,8,11,1342,1342,0,0,0,0,0,0,4,0,0,0,1066,detection,
1067186,6,10,512,512,0,0,0,0,0,0,0,0,0,0,1067,detection,
1076610,12,16,957,957,0,0,0,0,0,0,12,0,0,0,1076,detection,
1078915,9,22,1307,1307,0,0,0,0,0,0,7,0,0,0,1078,detection,
1078938,16,22,1307,1307,0,0,0,0,0,0,8,0,0,0,1078,detection,
1078986,12,22,1307,1307,0,0,0,0,0,0,4,0,0,0,1078,detection,
1079023,24,22,1307,1307,0,0,0,0,0,0,9,0,0,0,1079,detection,
1081473,4,27,512,512,0,0,0,0,0,0,0,0,0,0,1081,detection,
1083024,24,8,1211,1211,0,0,0,0,0,0,0,0,0,0,1083,detection,
1083043,11,8,1211,1211,0,0,0,0,0,0,8,0,0,0,1083,detection,
1083113,20,8,1211,1211,0,0,0,0,0,0,1,0,0,0,1083,detection,
1084396,24,11,1338,1338,0,0,0,0,0,0,7,0,0,0,1084,detection,
1084420,8,11,1338,1338,0,0,0,0,0,0,4,0,0,0,1084,detection,
1084473,2,11,1338,1338,0,0,0,0,0,0,7,0,0,0,1084,detection,
1097428,22,24,991,991,0,0,0,0,0,0,2,0,0,0,1097,detection,
1097438,16,24,991,991,0,0,0,0,0,0,8,0,0,0,1097,detection,
1097442,25,24,991,991,0,0,0,0,0,0,0,0,0,0,1097,detection,
1097472,2,24,991,991,0,0,0,0,0,0,6,0,0,0,1097,detection,
1097543,11,24,991,991,0,0,0,0,0,0,3,0,0,0,1097,detection,
1101389,26,29,1064,1353,-289,0,100,100,13,16,4,0,82,55,1101,detection,
1105565,16,28,778,778,0,0,0,0,0,0,17,0,0,0,1105,detection,
1105569,25,28,778,778,0,0,0,0,0,0,13,0,0,0,1105,detection,
1105589,10,28,778,778,0,0,0,0,0,0,9,0,0,0,1105,detection,
1105590,23,28,778,778,0,0,0,0,0,0,11,0,0,0,1105,detection,
1105626,21,28,778,778,0,0,0,0,0,0,10,0,0,0,1105,detection,
1105645,24,28,778,778,0,0,0,0,0,0,9,0,0,0,1105,detection,
1112023,24,16,957,957,0,0,0,0,0,0,5,0,0,0,1112,detection,
1112071,25,16,957,957,0,0,0,0,0,0,8,0,0,0,1112,detection,
1115859,13,26,1402,1402,0,0,0,0,0,0,4,0,0,0,1115,detection,
1115862,3,26,1402,1402,0,0,0,0,0,0,5,0,0,0,1115,detection,
1119794,11,2,1317,1317,0,0,0,0,0,0,13,0,0,0,1119,detection,
1122189,6,9,1028,1028,0,0,0,0,0,0,2,0,0,0,1122,detection,
1122590,23,19,799,799,0,0,0,0,0,0,0,0,0,0,1122,detection,
1124778,24,8,1189,1189,0,0,0,0,0,0,0,0,0,0,1124,detection,
1125284,27,7,512,512,0,0,0,0,0,0,3,0,0,0,1125,detection,
1130362,20,13,1163,1163,0,0,0,0,0,0,7,0,0,0,1130,detection,
1133697,25,30,681,1124,-443,100,100,100,17,0,4,0,97,100,1133,detection,
1134565,16,22,1262,1262,0,0,0,0,0,0,8,0,0,0,1134,detection,
1134614,12,22,1262,1262,0,0,0,0,0,0,4,0,0,0,1134,detection,
1134650,24,22,1262,1262,0,0,0,0,0,0,9,0,0,0,1134,detection,
1134666,9,22,1262,1262,0,0,0,0,0,0,7,0,0,0,1134,detection,
1135569,16,24,969,969,0,0,0,0,0,0,9,0,0,0,1135,detection,
1137178,22,12,1103,1103,0,0,0,0,0,0,3,0,0,0,1137,detection,
1138262,26,5,1510,1510,0,0,0,0,0,0,1,0,0,0,1138,detection,
1140488,20,3,1491,1491,0,0,0,0,0,0,0,0,0,0,1140,detection,
1143427,22,16,957,957,0,0,0,0,0,0,14,0,0,0,1143,detection,
1144688,16,22,1262,1262,0,0,0,0,0,0,7,0,0,0,1144,detection,
1147239,20,8,1151,1151,0,0,0,0,0,0,0,0,0,0,1147,detection,
1147293,11,8,1151,1151,0,0,0,0,0,0,7,0,0,0,1147,detection,
1147360,20,13,1163,1163,0,0,0,0,0,0,7,0,0,0,1147,detection,
1147363,3,13,1163,1163,0,0,0,0,0,0,6,0,0,0,1147,detection,
1147374,21,13,1163,1163,0,0,0,0,0,0,5,0,0,0,1147,detection,
1147389,26,13,1163,1163,0,0,0,0,0,0,2,0,0,0,1147,detection,
1149655,28,10,512,512,0,0,0,0,0,0,2,0,0,0,1149,detection,
1151038,9,17,1020,1020,0,0,0,0,0,0,1,0,0,0,1151,detection,
1152541,9,17,1020,1020,0,0,0,0,0,0,1,0,0,0,1152,detection,
1152560,14,17,1020,1020,0,0,0,0,0,0,4,0,0,0,1152,detection,
1152575,19,17,1020,1020,0,0,0,0,0,0,1,0,0,0,1152,detection,
1152589,23,17,1020,1020,0,0,0,0,0,0,2,0,0,0,1152,detection,
1156950,19,15,512,512,0,0,0,0,0,0,0,0,0,0,1156,detection,
1164714,23,4,512,512,0,0,0,0,0,0,2,0,0,0,1164,detection,
1165761,15,27,512,512,0,0,0,0,0,0,3,0,0,0,1165,detection,
1169606,13,20,1153,1153,0,0,0,0,0,0,8,0,0,0,1169,detection,
1169610,3,20,1153,1153,0,0,0,0,0,0,8,0,0,0,1169,detection,
1169625,21,20,1153,1153,0,0,0,0,0,0,9,0,0,0,1169,detection,
1169635,26,20,1153,1153,0,0,0,0,0,0,11,0,0,0,1169,detection,
1169671,8,20,1153,1153,0,0,0,0,0,0,6,0,0,0,1169,detection,
1169694,25,20,1153,1153,0,0,0,0,0,0,7,0,0,0,1169,detection,
1170613,20,30,661,1114,-453,100,100,100,17,0,9,0,97,100,1170,detection,
1172820,25,28,783,783,0,0,0,0,0,0,9,0,0,0,1172,detection,
1182758,15,23,512,512,0,0,0,0,0,0,3,0,0,0,1182,detection,
1184792,8,24,961,961,0,0,0,0,0,0,1,0,0,0,1184,detection,
1184792,11,24,961,961,0,0,0,0,0,0,4,0,0,0,1184,detection,
1184801,22,24,961,961,0,0,0,0,0,0,2,0,0,0,1184,detection,
1184811,16,24,961,961,0,0,0,0,0,0,8,0,0,0,1184,detection,
1184820,25,24,961,961,0,0,0,0,0,0,0,0,0,0,1184,detection,
1184846,2,24,961,961,0,0,0,0,0,0,6,0,0,0,1184,detection,
1184901,28,24,961,961,0,0,0,0,0,0,1,0,0,0,1184,detection,
1185969,17,14,1391,1391,0,0,0,0,0,0,5,0,0,0,1185,detection,
1203611,20,25,831,831,0,0,0,0,0,0,5,0,0,0,1203,detection,
1203716,10,6,813,813,0,0,0,0,0,0,2,0,0,0,1203,detection,
1205237,3,20,1156,1156,0,0,0,0,0,0,8,0,0,0,1205,detection,
1211063,6,31,571,790,-219,76,85,100,11,16,0,0,96,100,1211,detection,
1213443,25,24,1013,1013,0,0,0,0,0,0,0,0,0,0,1213,detection,
1214786,27,18,519,519,0,0,0,0,0,0,0,0,0,0,1214,detection,
1214819,25,16,957,957,0,0,0,0,0,0,8,0,0,0,1214,detection,
1216738,20,26,1378,1378,0,0,0,0,0,0,5,0,0,0,1216,detection,
1220920,11,8,1135,1135,0,0,0,0,0,0,7,0,0,0,1220,detection,
1221024,24,8,1135,1135,0,0,0,0,0,0,0,0,0,0,1221,detection,
1221365,12,22,1246,1246,0,0,0,0,0,0,4,0,0,0,1221,detection,
1221397,24,22,1246,1246,0,0,0,0,0,0,9,0,0,0,1221,detection,
1221440,16,22,1246,1246,0,0,0,0,0,0,7,0,0,0,1221,detection,
1223165,9,22,1246,1246,0,0,0,0,0,0,7,0,0,0,1223,detection,
1225263,26,3,1501,1501,0,0,0,0,0,0,2,0,0,0,1225,detection,
1229590,17,14,1372,1372,0,0,0,0,0,0,5,0,0,0,1229,detection,
1233637,26,13,1153,1153,0,0,0,0,0,0,0,0,0,0,1233,detection,
1234594,4,7,512,512,0,0,0,0,0,0,2,0,0,0,1234,detection,
1236389,26,3,1501,1501,0,0,0,0,0,0,2,0,0,0,1236,detection,
1236485,13,3,1501,1501,0,0,0,0,0,0,1,0,0,0,1236,detection,
1236489,20,3,1501,1501,0,0,0,0,0,0,0,0,0,0,1236,detection,
1242523,24,16,957,957,0,0,0,0,0,0,5,0,0,0,1242,detection,
1242527,28,16,957,957,0,0,0,0,0,0,5,0,0,0,1242,detection,
1242562,6,16,957,957,0,0,0,0,0,0,13,0,0,0,1242,detection,
1242570,25,16,957,957,0,0,0,0,0,0,8,0,0,0,1242,detection,
1257091,23,10,512,512,0,0,0,0,0,0,0,0,0,0,1257,detection,
1261781,27,4,512,512,0,0,0,0,0,0,3,0,0,0,1261,detection,
1262088,23,17,976,976,0,0,0,0,0,0,2,0,0,0,1262,detection,
1263613,12,9,1048,1048,0,0,0,0,0,0,2,0,0,0,1263,detection,
1264346,4,15,512,512,0,0,0,0,0,0,3,0,0,0,1264,detection,
1265487,3,29,1044,1259,-215,3,80,100,4,50,2,0,82,75,1265,detection,
1274437,16,12,999,999,0,0,0,0,0,0,7,0,0,0,1274,detection,
1276071,25,30,641,1124,-483,100,100,100,9,0,4,0,97,100,1276,detection,
1276789,9,12,999,999,0,0,0,0,0,0,5,0,0,0,1276,detection,
1276801,22,12,999,999,0,0,0,0,0,0,7,0,0,0,1276,detection,
1276812,16,12,999,999,0,0,0,0,0,0,8,0,0,0,1276,detection,
1279795,11,2,1249,1249,0,0,0,0,0,0,8,0,0,0,1279,detection,
1279903,28,6,819,819,0,0,0,0,0,0,6,0,0,0,1279,detection,
1284039,9,12,1011,1011,0,0,0,0,0,0,5,0,0,0,1284,detection,
1284052,22,12,1011,1011,0,0,0,0,0,0,8,0,0,0,1284,detection,
1284063,16,12,1011,1011,0,0,0,0,0,0,8,0,0,0,1284,detection,
1287918,7,27,512,512,0,0,0,0,0,0,3,0,0,0,1287,detection,
1289527,28,24,1003,1003,0,0,0,0,0,0,1,0,0,0,1289,detection,
1293344,4,19,792,792,0,0,0,0,0,0,0,0,0,0,1293,detection,
1293415,9,12,1011,1011,0,0,0,0,0,0,6,0,0,0,1293,detection,
1293428,22,12,1011,1011,0,0,0,0,0,0,8,0,0,0,1293,detection,
1293439,16,12,1011,1011,0,0,0,0,0,0,8,0,0,0,1293,detection,
1299000,21,28,822,822,0,0,0,0,0,0,9,0,0,0,1299,detection,
1307819,25,21,884,884,0,0,0,0,0,0,1,0,0,0,1307,detection,
1319362,3,13,1170,1170,0,0,0,0,0,0,1,0,0,0,1319,detection,
1320733,13,3,1417,1417,0,0,0,0,0,0,1,0,0,0,1320,detection,
1323102,2,11,1223,1223,0,0,0,0,0,0,8,0,0,0,1323,detection,
1326664,9,12,1047,1047,0,0,0,0,0,0,6,0,0,0,1326,detection,
1326677,22,12,1047,1047,0,0,0,0,0,0,3,0,0,0,1326,detection,
1326688,16,12,1047,1047,0,0,0,0,0,0,8,0,0,0,1326,detection,
1327513,5,26,1393,1393,0,0,0,0,0,0,4,0,0,0,1327,detection,
1339054,22,9,1012,1012,0,0,0,0,0,0,6,0,0,0,1339,detection,
1339168,7,18,512,512,0,0,0,0,0,0,0,0,0,0,1339,detection,
1344522,24,16,957,957,0,0,0,0,0,0,5,0,0,0,1344,detection,
1345415,7,15,512,512,0,0,0,0,0,0,0,0,0,0,1345,detection,
1348920,11,30,621,1059,-438,100,100,100,15,0,7,0,97,100,1348,detection,
1352437,6,23,512,512,0,0,0,0,0,0,3,0,0,0,1352,detection,
1359301,22,12,1060,1060,0,0,0,0,0,0,3,0,0,0,1359,detection,
1366500,21,28,818,818,0,0,0,0,0,0,4,0,0,0,1366,detection,
1366520,24,28,818,818,0,0,0,0,0,0,8,0,0,0,1366,detection,
1366563,6,28,818,818,0,0,0,0,0,0,9,0,0,0,1366,detection,
1366563,16,28,818,818,0,0,0,0,0,0,11,0,0,0,1366,detection,
1366568,25,28,818,818,0,0,0,0,0,0,7,0,0,0,1366,detection,
1366589,23,28,818,818,0,0,0,0,0,0,10,0,0,0,1366,detection,
1367816,16,31,551,768,-217,84,77,100,9,0,5,0,97,100,1367,detection,
1368040,9,12,1060,1060,0,0,0,0,0,0,6,0,0,0,1368,detection,
1368052,22,12,1060,1060,0,0,0,0,0,0,3,0,0,0,1368,detection,
1368064,16,12,1060,1060,0,0,0,0,0,0,8,0,0,0,1368,detection,
1369059,14,17,960,960,0,0,0,0,0,0,4,0,0,0,1369,detection,
1369668,8,20,1115,1115,0,0,0,0,0,0,6,0,0,0,1369,detection,
1370769,5,29,1024,1169,-145,10,54,100,57,50,2,0,82,55,1370,detection,
1371914,9,14,1261,1261,0,0,0,0,0,0,8,0,0,0,1371,detection,
1371965,17,14,1261,1261,0,0,0,0,0,0,8,0,0,0,1371,detection,
1372720,4,10,512,512,0,0,0,0,0,0,0,0,0,0,1372,detection,
1375157,27,7,512,512,0,0,0,0,0,0,3,0,0,0,1375,detection,
1376551,22,9,989,989,0,0,0,0,0,0,6,0,0,0,1376,detection,
1376611,12,9,989,989,0,0,0,0,0,0,3,0,0,0,1376,detection,
1378967,17,19,786,786,0,0,0,0,0,0,0,0,0,0,1378,detection,
1379189,6,21,807,807,0,0,0,0,0,0,1,0,0,0,1379,detection,
1379342,10,4,512,512,0,0,0,0,0,0,2,0,0,0,1379,detection,
1380343,17,14,1274,1274,0,0,0,0,0,0,4,0,0,0,1380,detection,
1382919,8,25,877,877,0,0,0,0,0,0,3,0,0,0,1382,detection,
1384136,26,5,1573,1573,0,0,0,0,0,0,1,0,0,0,1384,detection,
1388320,25,13,1133,1133,0,0,0,0,0,0,5,0,0,0,1388,detection,
1390417,11,2,1260,1260,0,0,0,0,0,0,9,0,0,0,1390,detection,
1395539,9,14,1274,1274,0,0,0,0,0,0,4,0,0,0,1395,detection,
1395590,17,14,1274,1274,0,0,0,0,0,0,4,0,0,0,1395,detection,
1398166,11,8,1096,1096,0,0,0,0,0,0,8,0,0,0,1398,detection,
1400814,16,28,800,800,0,0,0,0,0,0,10,0,0,0,1400,detection,
1409722,4,18,512,512,0,0,0,0,0,0,0,0,0,0,1409,detection,
1413815,6,9,984,984,0,0,0,0,0,0,3,0,0,0,1413,detection,
1417938,6,16,990,990,0,0,0,0,0,0,12,0,0,0,1417,detection,
1419864,20,26,1409,1409,0,0,0,0,0,0,5,0,0,0,1419,detection,
1420975,2,24,984,984,0,0,0,0,0,0,6,0,0,0,1420,detection,
1421054,22,24,984,984,0,0,0,0,0,0,2,0,0,0,1421,detection,
1422465,17,14,1268,1268,0,0,0,0,0,0,4,0,0,0,1422,detection,
1422537,9,14,1268,1268,0,0,0,0,0,0,4,0,0,0,1422,detection,
1430700,19,15,512,512,0,0,0,0,0,0,0,0,0,0,1430,detection,
1431487,20,3,1409,1409,0,0,0,0,0,0,0,0,0,0,1431,detection,
1432036,9,6,808,808,0,0,0,0,0,0,1,0,0,0,1432,detection,
1433114,20,30,601,1079,-478,100,100,100,6,0,4,0,97,100,1433,detection,
1440095,4,7,512,512,0,0,0,0,0,0,2,0,0,0,1440,detection,
1440987,20,30,581,1066,-485,100,100,100,1,0,4,0,97,100,1440,detection,
1441002,21,30,581,1066,-485,100,100,100,25,0,8,0,97,100,1441,detection,
1444023,24,2,1267,1267,0,0,0,0,0,0,7,0,0,0,1444,detection,
1444042,11,2,1267,1267,0,0,0,0,0,0,9,0,0,0,1444,detection,
1448169,8,24,969,969,0,0,0,0,0,0,1,0,0,0,1448,detection,
1449384,15,27,512,512,0,0,0,0,0,0,3,0,0,0,1449,detection,
1457586,23,19,778,778,0,0,0,0,0,0,0,0,0,0,1457,detection,
1463415,9,14,1257,1257,0,0,0,0,0,0,4,0,0,0,1463,detection,
1469305,22,12,1053,1053,0,0,0,0,0,0,3,0,0,0,1469,detection,
1469316,16,12,1053,1053,0,0,0,0,0,0,3,0,0,0,1469,detection,
1469416,9,12,1053,1053,0,0,0,0,0,0,1,0,0,0,1469,detection,
1474194,25,16,1006,1006,0,0,0,0,0,0,8,0,0,0,1474,detection,
1474239,12,16,1006,1006,0,0,0,0,0,0,13,0,0,0,1474,detection,
1474275,24,16,1006,1006,0,0,0,0,0,0,5,0,0,0,1474,detection,
1474279,28,16,1006,1006,0,0,0,0,0,0,4,0,0,0,1474,detection,
1474303,22,16,1006,1006,0,0,0,0,0,0,14,0,0,0,1474,detection,
1477216,17,14,1257,1257,0,0,0,0,0,0,4,0,0,0,1477,detection,
1477361,12,22,1291,1291,0,0,0,0,0,0,5,0,0,0,1477,detection,
1482361,12,22,1291,1291,0,0,0,0,0,0,5,0,0,0,1482,detection,
1482398,24,22,1291,1291,0,0,0,0,0,0,4,0,0,0,1482,detection,
1482414,9,22,1291,1291,0,0,0,0,0,0,7,0,0,0,1482,detection,
1482441,16,22,1291,1291,0,0,0,0,0,0,7,0,0,0,1482,detection,
1485895,24,25,874,874,0,0,0,0,0,0,3,0,0,0,1485,detection,
1487470,23,4,512,512,0,0,0,0,0,0,2,0,0,0,1487,detection,
1492110,3,26,1400,1400,0,0,0,0,0,0,5,0,0,0,1492,detection,
1493273,24,8,1048,1048,0,0,0,0,0,0,0,0,0,0,1493,detection,
1495540,9,17,939,939,0,0,0,0,0,0,2,0,0,0,1495,detection,
1496043,11,2,1264,1264,0,0,0,0,0,0,9,0,0,0,1496,detection,
1497237,12,16,1001,1001,0,0,0,0,0,0,13,0,0,0,1497,detection,
1502610,13,20,1121,1121,0,0,0,0,0,0,4,0,0,0,1502,detection,
1505646,24,11,1236,1236,0,0,0,0,0,0,6,0,0,0,1505,detection,
1505670,8,11,1236,1236,0,0,0,0,0,0,5,0,0,0,1505,detection,
1505723,2,11,1236,1236,0,0,0,0,0,0,7,0,0,0,1505,detection,
1505788,9,12,1034,1034,0,0,0,0,0,0,1,0,0,0,1505,detection,
1506092,10,6,790,790,0,0,0,0,0,0,2,0,0,0,1506,detection,
1508001,21,30,561,1077,-516,100,100,100,6,0,8,0,97,100,1508,detection,
1508034,27,15,512,512,0,0,0,0,0,0,3,0,0,0,1508,detection,
1508514,5,13,1245,1245,0,0,0,0,0,0,4,0,0,0,1508,detection,
1508609,3,13,1245,1245,0,0,0,0,0,0,1,0,0,0,1508,detection,
1518965,10,23,512,512,0,0,0,0,0,0,3,0,0,0,1518,detection,
1522825,19,7,534,534,0,0,0,0,0,0,5,0,0,0,1522,detection,
1523902,28,10,512,512,0,0,0,0,0,0,1,0,0,0,1523,detection,
1532303,22,31,531,799,-268,92,95,100,11,0,5,0,97,100,1532,detection,
1536763,26,3,1436,1436,0,0,0,0,0,0,2,0,0,0,1536,detection,
1539988,20,8,1042,1042,0,0,0,0,0,0,1,0,0,0,1539,detection,
1540023,24,8,1042,1042,0,0,0,0,0,0,1,0,0,0,1540,detection,
1540042,11,8,1042,1042,0,0,0,0,0,0,3,0,0,0,1540,detection,
1547612,3,29,1004,1211,-207,18,77,100,2,50,2,0,82,75,1547,detection,
1549687,16,22,1276,1276,0,0,0,0,0,0,7,0,0,0,1549,detection,
1560513,26,5,1617,1617,0,0,0,0,0,0,1,0,0,0,1560,detection,
1562660,27,18,512,512,0,0,0,0,0,0,0,0,0,0,1562,detection,
1564043,7,4,512,512,0,0,0,0,0,0,2,0,0,0,1564,detection,
1568386,15,19,795,795,0,0,0,0,0,0,0,0,0,0,1568,detection,
1570406,28,24,957,957,0,0,0,0,0,0,1,0,0,0,1570,detection,
1571362,12,9,974,974,0,0,0,0,0,0,3,0,0,0,1571,detection,
1576070,25,28,782,782,0,0,0,0,0,0,6,0,0,0,1576,detection,
1582861,13,26,1371,1371,0,0,0,0,0,0,4,0,0,0,1582,detection,
1582983,13,5,1655,1655,0,0,0,0,0,0,1,0,0,0,1582,detection,
1583012,26,5,1655,1655,0,0,0,0,0,0,7,0,0,0,1583,detection,
1585098,2,11,1152,1152,0,0,0,0,0,0,14,0,0,0,1585,detection,
1586589,23,17,955,955,0,0,0,0,0,0,2,0,0,0,1586,detection,
1589473,2,11,1124,1124,0,0,0,0,0,0,10,0,0,0,1589,detection,
1589523,24,11,1124,1124,0,0,0,0,0,0,11,0,0,0,1589,detection,
1589543,8,11,1124,1124,0,0,0,0,0,0,10,0,0,0,1589,detection,
1589610,13,5,1617,1617,0,0,0,0,0,0,2,0,0,0,1589,detection,
1589639,26,5,1617,1617,0,0,0,0,0,0,2,0,0,0,1589,detection,
1589940,6,10,537,537,0,0,0,0,0,0,0,0,0,0,1589,detection,
1589970,4,27,512,512,0,0,0,0,0,0,0,0,0,0,1589,detection,
1591290,11,2,1254,1254,0,0,0,0,0,0,11,0,0,0,1591,detection,
1595415,9,14,1292,1292,0,0,0,0,0,0,4,0,0,0,1595,detection,
1595466,17,14,1292,1292,0,0,0,0,0,0,4,0,0,0,1595,detection,
1597400,1,4,512,512,0,0,0,0,0,0,3,0,0,0,1597,detection,
1597402,18,4,512,512,0,0,0,0,0,0,2,0,0,0,1597,detection,
1597411,27,4,512,512,0,0,0,0,0,0,3,0,0,0,1597,detection,
1597416,7,4,512,512,0,0,0,0,0,0,2,0,0,0,1597,detection,
1597450,19,4,512,512,0,0,0,0,0,0,3,0,0,0,1597,detection,
1597505,15,4,512,512,0,0,0,0,0,0,2,0,0,0,1597,detection,
1603073,25,30,541,1085,-544,100,100,100,14,0,4,0,97,100,1603,detection,
1604734,13,5,1583,1583,0,0,0,0,0,0,1,0,0,0,1604,detection,
1604763,26,5,1583,1583,0,0,0,0,0,0,2,0,0,0,1604,detection,
1606544,8,11,1076,1076,0,0,0,0,0,0,10,0,0,0,1606,detection,
1606602,2,11,1076,1076,0,0,0,0,0,0,10,0,0,0,1606,detection,
1606648,24,11,1076,1076,0,0,0,0,0,0,11,0,0,0,1606,detection,
1608276,18,7,520,520,0,0,0,0,0,0,3,0,0,0,1608,detection,
1608762,26,3,1421,1421,0,0,0,0,0,0,0,0,0,0,1608,detection,
1608858,13,3,1421,1421,0,0,0,0,0,0,0,0,0,0,1608,detection,
1608863,20,3,1421,1421,0,0,0,0,0,0,0,0,0,0,1608,detection,
1610232,13,3,1421,1421,0,0,0,0,0,0,0,0,0,0,1610,detection,
1615917,11,25,874,874,0,0,0,0,0,0,9,0,0,0,1615,detection,
1616828,19,31,511,810,-299,100,100,100,31,16,1,0,97,100,1616,detection,
1623734,3,13,1209,1209,0,0,0,0,0,0,0,0,0,0,1623,detection,
1629760,26,5,1583,1583,0,0,0,0,0,0,1,0,0,0,1629,detection,
1631385,26,5,1583,1583,0,0,0,0,0,0,1,0,0,0,1631,detection,
1637358,13,21,897,897,0,0,0,0,0,0,2,0,0,0,1637,detection,
1637362,20,21,897,897,0,0,0,0,0,0,1,0,0,0,1637,detection,
1637428,1,21,897,897,0,0,0,0,0,0,1,0,0,0,1637,detection,
1637497,21,25,965,965,0,0,0,0,0,0,2,0,0,0,1637,detection,
1637522,24,25,965,965,0,0,0,0,0,0,3,0,0,0,1637,detection,
1637527,28,25,965,965,0,0,0,0,0,0,3,0,0,0,1637,detection,
1637541,11,25,965,965,0,0,0,0,0,0,9,0,0,0,1637,detection,
1637542,8,25,965,965,0,0,0,0,0,0,3,0,0,0,1637,detection,
1637561,16,25,965,965,0,0,0,0,0,0,8,0,0,0,1637,detection,
1637590,10,25,965,965,0,0,0,0,0,0,1,0,0,0,1637,detection,
1637607,13,25,965,965,0,0,0,0,0,0,5,0,0,0,1637,detection,
1637614,20,25,965,965,0,0,0,0,0,0,5,0,0,0,1637,detection,
1637721,4,23,529,529,0,0,0,0,0,0,0,0,0,0,1637,detection,
1637723,2,11,1056,1056,0,0,0,0,0,0,10,0,0,0,1637,detection,
1638140,26,29,984,1250,-266,66,96,100,5,16,4,0,72,55,1638,detection,
1644851,2,11,1038,1038,0,0,0,0,0,0,9,0,0,0,1644,detection,
1645402,28,6,799,799,0,0,0,0,0,0,4,0,0,0,1645,detection,
1655290,9,22,1316,1316,0,0,0,0,0,0,7,0,0,0,1655,detection,
1656106,13,26,1294,1294,0,0,0,0,0,0,4,0,0,0,1656,detection,
1656113,3,26,1294,1294,0,0,0,0,0,0,0,0,0,0,1656,detection,
1656138,5,26,1294,1294,0,0,0,0,0,0,5,0,0,0,1656,detection,
1660093,4,19,791,791,0,0,0,0,0,0,0,0,0,0,1660,detection,
1663321,25,16,978,978,0,0,0,0,0,0,7,0,0,0,1663,detection,
1667488,20,26,1294,1294,0,0,0,0,0,0,0,0,0,0,1667,detection,
1675170,11,2,1295,1295,0,0,0,0,0,0,10,0,0,0,1675,detection,
1677065,16,30,521,1232,-711,100,100,100,71,0,12,0,97,100,1677,detection,
1677790,8,11,1038,1038,0,0,0,0,0,0,10,0,0,0,1677,detection,
1677791,7,18,573,573,0,0,0,0,0,0,0,0,0,0,1677,detection,
1677848,2,11,1038,1038,0,0,0,0,0,0,9,0,0,0,1677,detection,
1678737,20,25,945,945,0,0,0,0,0,0,5,0,0,0,1678,detection,
1679483,13,5,1552,1552,0,0,0,0,0,0,1,0,0,0,1679,detection,
1679512,26,5,1552,1552,0,0,0,0,0,0,1,0,0,0,1679,detection,
1680041,9,17,1209,1209,0,0,0,0,0,0,1,0,0,0,1680,detection,
1680060,14,17,1209,1209,0,0,0,0,0,0,5,0,0,0,1680,detection,
1680075,19,17,1209,1209,0,0,0,0,0,0,1,0,0,0,1680,detection,
1687714,23,15,548,548,0,0,0,0,0,0,0,0,0,0,1687,detection,
1689054,22,12,1073,1073,0,0,0,0,0,0,3,0,0,0,1689,detection,
1697193,25,13,1384,1384,0,0,0,0,0,0,5,0,0,0,1697,detection,
1700487,20,3,1404,1404,0,0,0,0,0,0,0,0,0,0,1700,detection,
1701750,21,28,879,879,0,0,0,0,0,0,4,0,0,0,1701,detection,
1701770,24,28,879,879,0,0,0,0,0,0,7,0,0,0,1701,detection,
1701813,6,28,879,879,0,0,0,0,0,0,8,0,0,0,1701,detection,
1701813,16,28,879,879,0,0,0,0,0,0,9,0,0,0,1701,detection,
1701818,25,28,879,879,0,0,0,0,0,0,5,0,0,0,1701,detection,
1701839,23,28,879,879,0,0,0,0,0,0,9,0,0,0,1701,detection,
1701879,21,28,879,879,0,0,0,0,0,0,4,0,0,0,1701,detection,
1702488,3,20,1221,1221,0,0,0,0,0,0,7,0,0,0,1702,detection,
1707973,4,10,557,557,0,0,0,0,0,0,0,0,0,0,1707,detection,
1711592,17,23,512,512,0,0,0,0,0,0,4,0,0,0,1711,detection,
1713325,19,17,1209,1209,0,0,0,0,0,0,1,0,0,0,1713,detection,
1715734,13,5,1499,1499,0,0,0,0,0,0,1,0,0,0,1715,detection,
1716041,8,11,1038,1038,0,0,0,0,0,0,5,0,0,0,1716,detection,
1720916,7,27,512,512,0,0,0,0,0,0,3,0,0,0,1720,detection,
1726167,1,7,557,557,0,0,0,0,0,0,3,0,0,0,1726,detection,
1726201,19,7,557,557,0,0,0,0,0,0,3,0,0,0,1726,detection,
1726219,4,7,557,557,0,0,0,0,0,0,1,0,0,0,1726,detection,
1726260,15,7,557,557,0,0,0,0,0,0,3,0,0,0,1726,detection,
1728724,1,19,814,814,0,0,0,0,0,0,0,0,0,0,1728,detection,
1728761,15,19,814,814,0,0,0,0,0,0,0,0,0,0,1728,detection,
1728791,7,19,814,814,0,0,0,0,0,0,0,0,0,0,1728,detection,
1728839,23,19,814,814,0,0,0,0,0,0,0,0,0,0,1728,detection,
1728841,17,19,814,814,0,0,0,0,0,0,0,0,0,0,1728,detection,
1728847,4,19,814,814,0,0,0,0,0,0,0,0,0,0,1728,detection,
1731164,9,12,1073,1073,0,0,0,0,0,0,1,0,0,0,1731,detection,
1731177,22,12,1073,1073,0,0,0,0,0,0,3,0,0,0,1731,detection,
1731188,16,12,1073,1073,0,0,0,0,0,0,3,0,0,0,1731,detection,
1733314,16,24,1035,1035,0,0,0,0,0,0,9,0,0,0,1733,detection,
1735562,14,9,1041,1041,0,0,0,0,0,0,6,0,0,0,1735,detection,
1736213,23,19,814,814,0,0,0,0,0,0,0,0,0,0,1736,detection,
1736941,16,30,501,1214,-713,100,100,100,0,0,7,0,97,100,1736,detection,
1736947,25,30,501,1214,-713,100,100,100,40,0,4,0,97,100,1736,detection,
1736988,20,30,501,1214,-713,100,100,100,55,0,4,0,97,100,1736,detection,
1737002,21,30,501,1214,-713,100,100,100,47,0,4,0,97,100,1737,detection,
1737031,28,30,501,1214,-713,100,100,100,72,14,12,0,97,100,1737,detection,
1741624,21,25,927,927,0,0,0,0,0,0,2,0,0,0,1741,detection,
1742159,27,4,525,525,0,0,0,0,0,0,3,0,0,0,1742,detection,
1748000,21,20,1221,1221,0,0,0,0,0,0,9,0,0,0,1748,detection,
1748011,26,20,1221,1221,0,0,0,0,0,0,7,0,0,0,1748,detection,
1748042,8,20,1221,1221,0,0,0,0,0,0,4,0,0,0,1748,detection,
1748069,25,20,1221,1221,0,0,0,0,0,0,7,0,0,0,1748,detection,
1748109,3,20,1221,1221,0,0,0,0,0,0,7,0,0,0,1748,detection,
1748110,13,20,1221,1221,0,0,0,0,0,0,4,0,0,0,1748,detection,
1751007,15,7,557,557,0,0,0,0,0,0,2,0,0,0,1751,detection,
1754124,21,30,481,1214,-733,100,100,100,4,0,4,0,97,100,1754,detection,
1763215,23,6,795,795,0,0,0,0,0,0,0,0,0,0,1763,detection,
1770386,26,3,1404,1404,0,0,0,0,0,0,0,0,0,0,1770,detection,
1775916,8,24,1035,1035,0,0,0,0,0,0,1,0,0,0,1775,detection,
1775916,11,24,1035,1035,0,0,0,0,0,0,5,0,0,0,1775,detection,
1775944,25,24,1035,1035,0,0,0,0,0,0,0,0,0,0,1775,detection,
1775974,2,24,1035,1035,0,0,0,0,0,0,1,0,0,0,1775,detection,
1776897,24,11,1038,1038,0,0,0,0,0,0,6,0,0,0,1776,detection,
1776917,8,11,1038,1038,0,0,0,0,0,0,4,0,0,0,1776,detection,
1776975,2,11,1038,1038,0,0,0,0,0,0,9,0,0,0,1776,detection,
1789323,19,23,512,512,0,0,0,0,0,0,0,0,0,0,1789,detection,
1791846,4,18,573,573,0,0,0,0,0,0,0,0,0,0,1791,detection,
1793191,16,31,491,860,-369,100,100,100,36,0,5,0,97,100,1793,detection,
1796564,6,9,1041,1041,0,0,0,0,0,0,2,0,0,0,1796,detection,
1800187,16,28,848,848,0,0,0,0,0,0,8,0,0,0,1800,detection,
1800514,26,5,1499,1499,0,0,0,0,0,0,1,0,0,0,1800,detection,
1802153,28,16,771,771,0,0,0,0,0,0,5,0,0,0,1802,detection,
1806487,13,29,964,1248,-284,73,100,100,8,16,1,0,89,100,1806,detection,
1809569,25,13,1228,1228,0,0,0,0,0,0,9,0,0,0,1809,detection,
1809609,3,13,1228,1228,0,0,0,0,0,0,5,0,0,0,1809,detection,
1809611,20,13,1228,1228,0,0,0,0,0,0,6,0,0,0,1809,detection,
1809624,21,13,1228,1228,0,0,0,0,0,0,10,0,0,0,1809,detection,
1809636,26,13,1228,1228,0,0,0,0,0,0,4,0,0,0,1809,detection,
1809639,5,13,1228,1228,0,0,0,0,0,0,10,0,0,0,1809,detection,
1810111,20,13,1228,1228,0,0,0,0,0,0,7,0,0,0,1810,detection,
1813258,15,27,512,512,0,0,0,0,0,0,3,0,0,0,1813,detection,
1814740,20,30,461,1196,-735,100,100,100,5,0,4,0,97,100,1814,detection,
1815138,5,26,1288,1288,0,0,0,0,0,0,1,0,0,0,1815,detection,
1815626,21,13,1227,1227,0,0,0,0,0,0,6,0,0,0,1815,detection,
1815637,26,13,1227,1227,0,0,0,0,0,0,5,0,0,0,1815,detection,
1815640,5,13,1227,1227,0,0,0,0,0,0,6,0,0,0,1815,detection,
1815695,25,13,1227,1227,0,0,0,0,0,0,10,0,0,0,1815,detection,
1815735,3,13,1227,1227,0,0,0,0,0,0,5,0,0,0,1815,detection,
1815736,20,13,1227,1227,0,0,0,0,0,0,7,0,0,0,1815,detection,
1815841,23,10,540,540,0,0,0,0,0,0,0,0,0,0,1815,detection,
1817039,9,12,1073,1073,0,0,0,0,0,0,1,0,0,0,1817,detection,
1817486,12,22,1294,1294,0,0,0,0,0,0,5,0,0,0,1817,detection,
1820982,1,27,512,512,0,0,0,0,0,0,3,0,0,0,1820,detection,
1821026,18,27,512,512,0,0,0,0,0,0,0,0,0,0,1821,detection,
1821040,7,27,512,512,0,0,0,0,0,0,2,0,0,0,1821,detection,
1821919,8,20,1221,1221,0,0,0,0,0,0,4,0,0,0,1821,detection,
1823884,15,19,813,813,0,0,0,0,0,0,0,0,0,0,1823,detection,
1824695,25,24,1013,1013,0,0,0,0,0,0,0,0,0,0,1824,detection,
1828136,26,13,1227,1227,0,0,0,0,0,0,5,0,0,0,1828,detection,
1828139,5,13,1227,1227,0,0,0,0,0,0,6,0,0,0,1828,detection,
1828193,25,13,1227,1227,0,0,0,0,0,0,6,0,0,0,1828,detection,
1828235,20,13,1227,1227,0,0,0,0,0,0,7,0,0,0,1828,detection,
1828238,3,13,1227,1227,0,0,0,0,0,0,5,0,0,0,1828,detection,
1828249,21,13,1227,1227,0,0,0,0,0,0,6,0,0,0,1828,detection,
1828313,6,10,540,540,0,0,0,0,0,0,0,0,0,0,1828,detection,
1828338,23,10,540,540,0,0,0,0,0,0,0,0,0,0,1828,detection,
1828347,4,10,540,540,0,0,0,0,0,0,0,0,0,0,1828,detection,
1828372,21,10,540,540,0,0,0,0,0,0,1,0,0,0,1828,detection,
1828403,28,10,540,540,0,0,0,0,0,0,1,0,0,0,1828,detection,
1831358,13,5,1499,1499,0,0,0,0,0,0,2,0,0,0,1831,detection,
1831386,26,5,1499,1499,0,0,0,0,0,0,0,0,0,0,1831,detection,
1831792,9,17,1209,1209,0,0,0,0,0,0,1,0,0,0,1831,detection,
1833793,11,2,1335,1335,0,0,0,0,0,0,10,0,0,0,1833,detection,
1840497,21,6,795,795,0,0,0,0,0,0,2,0,0,0,1840,detection,
1842272,24,11,1038,1038,0,0,0,0,0,0,5,0,0,0,1842,detection,
1842386,15,4,525,525,0,0,0,0,0,0,2,0,0,0,1842,detection,
1851748,21,13,1225,1225,0,0,0,0,0,0,6,0,0,0,1851,detection,
1851763,5,13,1225,1225,0,0,0,0,0,0,6,0,0,0,1851,detection,
1851764,26,13,1225,1225,0,0,0,0,0,0,5,0,0,0,1851,detection,
1851821,25,13,1225,1225,0,0,0,0,0,0,6,0,0,0,1851,detection,
1851859,20,13,1225,1225,0,0,0,0,0,0,7,0,0,0,1851,detection,
1851861,3,13,1225,1225,0,0,0,0,0,0,6,0,0,0,1851,detection,
1853305,22,31,471,841,-370,100,100,100,25,0,3,0,97,100,1853,detection,
1856023,24,22,1134,1134,0,0,0,0,0,0,13,0,0,0,1856,detection,
1856039,9,22,1134,1134,0,0,0,0,0,0,13,0,0,0,1856,detection,
1856065,16,22,1134,1134,0,0,0,0,0,0,12,0,0,0,1856,detection,
1856110,12,22,1134,1134,0,0,0,0,0,0,14,0,0,0,1856,detection,
1858658,27,15,548,548,0,0,0,0,0,0,3,0,0,0,1858,detection,
1860465,17,14,1508,1508,0,0,0,0,0,0,4,0,0,0,1860,detection,
1860735,13,3,1404,1404,0,0,0,0,0,0,2,0,0,0,1860,detection,
1861721,4,7,552,552,0,0,0,0,0,0,1,0,0,0,1861,detection,
1863040,9,22,1093,1093,0,0,0,0,0,0,14,0,0,0,1863,detection,
1863062,16,22,1093,1093,0,0,0,0,0,0,13,0,0,0,1863,detection,
1863111,12,22,1093,1093,0,0,0,0,0,0,10,0,0,0,1863,detection,
1863148,24,22,1093,1093,0,0,0,0,0,0,14,0,0,0,1863,detection,
1877275,24,22,1023,1023,0,0,0,0,0,0,13,0,0,0,1877,detection,
1877290,9,22,1023,1023,0,0,0,0,0,0,13,0,0,0,1877,detection,
1877313,16,22,1023,1023,0,0,0,0,0,0,12,0,0,0,1877,detection,
1877362,12,22,1023,1023,0,0,0,0,0,0,9,0,0,0,1877,detection,
1881514,26,13,1225,1225,0,0,0,0,0,0,5,0,0,0,1881,detection,
1885014,26,29,944,1221,-277,81,100,100,2,16,4,0,97,100,1885,detection,
1887415,9,14,1503,1503,0,0,0,0,0,0,4,0,0,0,1887,detection,
1887466,17,14,1503,1503,0,0,0,0,0,0,4,0,0,0,1887,detection,
1889184,1,18,573,573,0,0,0,0,0,0,0,0,0,0,1889,detection,
1889223,4,18,573,573,0,0,0,0,0,0,0,0,0,0,1889,detection,
1889285,27,18,573,573,0,0,0,0,0,0,0,0,0,0,1889,detection,
1889293,7,18,573,573,0,0,0,0,0,0,0,0,0,0,1889,detection,
1897046,11,30,441,1164,-723,100,100,100,64,0,8,0,97,100,1897,detection,
1899361,13,26,1248,1248,0,0,0,0,0,0,0,0,0,0,1899,detection,
1900466,10,23,512,512,0,0,0,0,0,0,2,0,0,0,1900,detection,
1904043,11,8,1038,1038,0,0,0,0,0,0,5,0,0,0,1904,detection,
1907416,9,22,1023,1023,0,0,0,0,0,0,12,0,0,0,1907,detection,
1907438,16,22,1023,1023,0,0,0,0,0,0,11,0,0,0,1907,detection,
1907487,12,22,1023,1023,0,0,0,0,0,0,9,0,0,0,1907,detection,
1911860,13,20,1221,1221,0,0,0,0,0,0,5,0,0,0,1911,detection,
1914023,24,2,1335,1335,0,0,0,0,0,0,7,0,0,0,1914,detection,
1916189,6,4,523,523,0,0,0,0,0,0,5,0,0,0,1916,detection,
1919734,13,25,927,927,0,0,0,0,0,0,6,0,0,0,1919,detection,
1930986,3,13,1225,1225,0,0,0,0,0,0,6,0,0,0,1930,detection,
1930988,20,13,1225,1225,0,0,0,0,0,0,7,0,0,0,1930,detection,
1930997,21,13,1225,1225,0,0,0,0,0,0,6,0,0,0,1930,detection,
1931012,26,13,1225,1225,0,0,0,0,0,0,5,0,0,0,1931,detection,
1931015,5,13,1225,1225,0,0,0,0,0,0,6,0,0,0,1931,detection,
1931070,25,13,1225,1225,0,0,0,0,0,0,6,0,0,0,1931,detection,
1940237,12,16,771,771,0,0,0,0,0,0,13,0,0,0,1940,detection,
1940274,24,16,771,771,0,0,0,0,0,0,0,0,0,0,1940,detection,
1940278,28,16,771,771,0,0,0,0,0,0,5,0,0,0,1940,detection,
1940302,22,16,771,771,0,0,0,0,0,0,15,0,0,0,1940,detection,
1940313,6,16,771,771,0,0,0,0,0,0,12,0,0,0,1940,detection,
1941395,1,21,762,762,0,0,0,0,0,0,4,0,0,0,1941,detection,
1941434,6,21,762,762,0,0,0,0,0,0,4,0,0,0,1941,detection,
1941444,25,21,762,762,0,0,0,0,0,0,5,0,0,0,1941,detection,
1941467,10,21,762,762,0,0,0,0,0,0,5,0,0,0,1941,detection,
1941485,13,21,762,762,0,0,0,0,0,0,7,0,0,0,1941,detection,
1941485,20,21,762,762,0,0,0,0,0,0,5,0,0,0,1941,detection,
1942543,8,24,1002,1002,0,0,0,0,0,0,1,0,0,0,1942,detection,
1943451,19,15,540,540,0,0,0,0,0,0,0,0,0,0,1943,detection,
1945616,20,8,1033,1033,0,0,0,0,0,0,2,0,0,0,1945,detection,
1945647,24,8,1033,1033,0,0,0,0,0,0,1,0,0,0,1945,detection,
1945666,11,8,1033,1033,0,0,0,0,0,0,5,0,0,0,1945,detection,
1949289,1,21,754,754,0,0,0,0,0,0,5,0,0,0,1949,detection,
1949314,6,21,754,754,0,0,0,0,0,0,4,0,0,0,1949,detection,
1949319,25,21,754,754,0,0,0,0,0,0,5,0,0,0,1949,detection,
1949339,10,21,754,754,0,0,0,0,0,0,1,0,0,0,1949,detection,
1949356,13,21,754,754,0,0,0,0,0,0,7,0,0,0,1949,detection,
1949361,20,21,754,754,0,0,0,0,0,0,5,0,0,0,1949,detection,
1949400,28,21,754,754,0,0,0,0,0,0,6,0,0,0,1949,detection,
1949441,1,23,512,512,0,0,0,0,0,0,3,0,0,0,1949,detection,
1949449,19,23,512,512,0,0,0,0,0,0,0,0,0,0,1949,detection,
1949464,17,23,512,512,0,0,0,0,0,0,3,0,0,0,1949,detection,
1949465,10,23,512,512,0,0,0,0,0,0,2,0,0,0,1949,detection,
1949471,4,23,512,512,0,0,0,0,0,0,0,0,0,0,1949,detection,
1949507,15,23,512,512,0,0,0,0,0,0,3,0,0,0,1949,detection,
1949526,28,23,512,512,0,0,0,0,0,0,7,0,0,0,1949,detection,
1949560,6,23,512,512,0,0,0,0,0,0,3,0,0,0,1949,detection,
1950339,10,28,793,793,0,0,0,0,0,0,9,0,0,0,1950,detection,
1952411,27,18,555,555,0,0,0,0,0,0,0,0,0,0,1952,detection,
1957419,7,27,512,512,0,0,0,0,0,0,2,0,0,0,1957,detection,
1964601,1,21,750,750,0,0,0,0,0,0,4,0,0,0,1964,detection,
1964608,13,21,750,750,0,0,0,0,0,0,7,0,0,0,1964,detection,
1964609,20,21,750,750,0,0,0,0,0,0,5,0,0,0,1964,detection,
1964652,28,21,750,750,0,0,0,0,0,0,6,0,0,0,1964,detection,
1964695,25,21,750,750,0,0,0,0,0,0,5,0,0,0,1964,detection,
1966690,6,31,451,804,-353,100,100,100,34,16,0,0,97,100,1966,detection,
1967988,12,22,1023,1023,0,0,0,0,0,0,8,0,0,0,1967,detection,
1968025,24,22,1023,1023,0,0,0,0,0,0,13,0,0,0,1968,detection,
1968041,9,22,1023,1023,0,0,0,0,0,0,12,0,0,0,1968,detection,
1968063,16,22,1023,1023,0,0,0,0,0,0,11,0,0,0,1968,detection,
1968301,22,9,1020,1020,0,0,0,0,0,0,8,0,0,0,1968,detection,
1974563,6,16,771,771,0,0,0,0,0,0,12,0,0,0,1974,detection,
1975614,12,31,431,800,-369,100,100,100,49,16,1,0,97,100,1975,detection,
1975666,9,31,431,800,-369,100,100,100,79,16,1,0,97,100,1975,detection,
1975686,14,31,431,800,-369,100,100,100,78,0,2,0,97,100,1975,detection,
1975688,6,31,431,800,-369,100,100,100,4,16,0,0,97,100,1975,detection,
1975688,16,31,431,800,-369,100,100,100,0,0,5,0,97,100,1975,detection,
1975700,19,31,431,800,-369,100,100,100,17,16,1,0,97,100,1975,detection,
1975714,23,31,431,800,-369,100,100,100,81,16,0,0,96,100,1975,detection,
1975717,17,31,431,800,-369,100,100,100,50,16,0,0,97,100,1975,detection,
1977214,23,4,518,518,0,0,0,0,0,0,2,0,0,0,1977,detection,
1977914,9,14,881,881,0,0,0,0,0,0,8,0,0,0,1977,detection,
1977965,17,14,881,881,0,0,0,0,0,0,8,0,0,0,1977,detection,
1979464,10,6,687,687,0,0,0,0,0,0,5,0,0,0,1979,detection,
1979469,4,6,687,687,0,0,0,0,0,0,3,0,0,0,1979,detection,
1979479,23,6,687,687,0,0,0,0,0,0,0,0,0,0,1979,detection,
1979489,12,6,687,687,0,0,0,0,0,0,9,0,0,0,1979,detection,
1979499,21,6,687,687,0,0,0,0,0,0,7,0,0,0,1979,detection,
1979529,28,6,687,687,0,0,0,0,0,0,7,0,0,0,1979,detection,
1979541,9,6,687,687,0,0,0,0,0,0,0,0,0,0,1979,detection,
1979568,16,6,687,687,0,0,0,0,0,0,9,0,0,0,1979,detection,
1980024,18,7,540,540,0,0,0,0,0,0,2,0,0,0,1980,detection,
1980569,16,22,1023,1023,0,0,0,0,0,0,10,0,0,0,1980,detection,
1981569,16,12,821,821,0,0,0,0,0,0,3,0,0,0,1981,detection,
1984916,9,14,861,861,0,0,0,0,0,0,9,0,0,0,1984,detection,
1984967,17,14,861,861,0,0,0,0,0,0,4,0,0,0,1984,detection,
1985351,1,21,772,772,0,0,0,0,0,0,4,0,0,0,1985,detection,
1985358,13,21,772,772,0,0,0,0,0,0,6,0,0,0,1985,detection,
1985362,20,21,772,772,0,0,0,0,0,0,5,0,0,0,1985,detection,
1985436,6,21,772,772,0,0,0,0,0,0,5,0,0,0,1985,detection,
1985445,25,21,772,772,0,0,0,0,0,0,4,0,0,0,1985,detection,
1985465,10,21,772,772,0,0,0,0,0,0,1,0,0,0,1985,detection,
1986040,9,6,687,687,0,0,0,0,0,0,0,0,0,0,1986,detection,
1986063,16,6,687,687,0,0,0,0,0,0,9,0,0,0,1986,detection,
1986087,10,6,687,687,0,0,0,0,0,0,5,0,0,0,1986,detection,
1986089,23,6,687,687,0,0,0,0,0,0,0,0,0,0,1986,detection,
1986097,4,6,687,687,0,0,0,0,0,0,3,0,0,0,1986,detection,
1986112,12,6,687,687,0,0,0,0,0,0,8,0,0,0,1986,detection,
1986122,21,6,687,687,0,0,0,0,0,0,7,0,0,0,1986,detection,
1986152,28,6,687,687,0,0,0,0,0,0,7,0,0,0,1986,detection,
1987859,13,5,1457,1457,0,0,0,0,0,0,2,0,0,0,1987,detection,
1987887,26,5,1457,1457,0,0,0,0,0,0,0,0,0,0,1987,detection,
1993415,9,14,827,827,0,0,0,0,0,0,8,0,0,0,1993,detection,
1994312,6,10,523,523,0,0,0,0,0,0,1,0,0,0,1994,detection,
2001164,9,6,687,687,0,0,0,0,0,0,0,0,0,0,2001,detection,
2001186,16,6,687,687,0,0,0,0,0,0,5,0,0,0,2001,detection,
2001212,23,6,687,687,0,0,0,0,0,0,0,0,0,0,2001,detection,
2001215,10,6,687,687,0,0,0,0,0,0,5,0,0,0,2001,detection,
2001220,4,6,687,687,0,0,0,0,0,0,2,0,0,0,2001,detection,
2001235,12,6,687,687,0,0,0,0,0,0,8,0,0,0,2001,detection,
2001250,21,6,687,687,0,0,0,0,0,0,7,0,0,0,2001,detection,
2001275,28,6,687,687,0,0,0,0,0,0,7,0,0,0,2001,detection,
2001486,12,6,687,687,0,0,0,0,0,0,8,0,0,0,2001,detection,
2001862,3,13,1225,1225,0,0,0,0,0,0,2,0,0,0,2001,detection,
2001863,20,13,1225,1225,0,0,0,0,0,0,7,0,0,0,2001,detection,
2001880,21,13,1225,1225,0,0,0,0,0,0,7,0,0,0,2001,detection,
2001888,26,13,1225,1225,0,0,0,0,0,0,5,0,0,0,2001,detection,
2001891,5,13,1225,1225,0,0,0,0,0,0,6,0,0,0,2001,detection,
2002257,15,23,512,512,0,0,0,0,0,0,3,0,0,0,2002,detection,
2002653,28,24,997,997,0,0,0,0,0,0,1,0,0,0,2002,detection,
2003448,25,30,421,1081,-660,100,100,100,12,0,4,0,97,100,2003,detection,
2003790,11,2,1363,1363,0,0,0,0,0,0,9,0,0,0,2003,detection,
2004092,17,14,827,827,0,0,0,0,0,0,4,0,0,0,2004,detection,
2005527,28,25,911,911,0,0,0,0,0,0,3,0,0,0,2005,detection,
2008975,2,11,801,801,0,0,0,0,0,0,8,0,0,0,2008,detection,
2009021,24,11,801,801,0,0,0,0,0,0,5,0,0,0,2009,detection,
2009041,8,11,801,801,0,0,0,0,0,0,4,0,0,0,2009,detection,
2011684,14,17,902,902,0,0,0,0,0,0,6,0,0,0,2011,detection,
2012397,24,2,1133,1133,0,0,0,0,0,0,10,0,0,0,2012,detection,
2012862,20,3,1389,1389,0,0,0,0,0,0,0,0,0,0,2012,detection,
2018916,1,15,540,540,0,0,0,0,0,0,3,0,0,0,2018,detection,
2018949,19,15,540,540,0,0,0,0,0,0,0,0,0,0,2018,detection,
2018965,23,15,540,540,0,0,0,0,0,0,0,0,0,0,2018,detection,
2019034,27,15,540,540,0,0,0,0,0,0,2,0,0,0,2019,detection,
2020021,24,2,1125,1125,0,0,0,0,0,0,10,0,0,0,2020,detection,
2025473,4,27,512,512,0,0,0,0,0,0,0,0,0,0,2025,detection,
2026951,19,31,411,805,-394,100,100,100,6,16,1,0,97,100,2026,detection,
2035043,11,2,1125,1125,0,0,0,0,0,0,7,0,0,0,2035,detection,
2036341,17,14,827,827,0,0,0,0,0,0,4,0,0,0,2036,detection,
2036414,9,14,827,827,0,0,0,0,0,0,4,0,0,0,2036,detection,
2036516,5,13,1225,1225,0,0,0,0,0,0,6,0,0,0,2036,detection,
2036874,21,6,687,687,0,0,0,0,0,0,7,0,0,0,2036,detection,
2036915,9,6,687,687,0,0,0,0,0,0,0,0,0,0,2036,detection,
2036938,16,6,687,687,0,0,0,0,0,0,5,0,0,0,2036,detection,
2036964,23,6,687,687,0,0,0,0,0,0,0,0,0,0,2036,detection,
2036967,10,6,687,687,0,0,0,0,0,0,5,0,0,0,2036,detection,
2036972,4,6,687,687,0,0,0,0,0,0,2,0,0,0,2036,detection,
2037348,2,11,790,790,0,0,0,0,0,0,10,0,0,0,2037,detection,
2037359,13,5,1439,1439,0,0,0,0,0,0,2,0,0,0,2037,detection,
2049360,13,29,924,1133,-209,40,77,100,18,16,3,0,58,40,2049,detection,
2052540,7,18,555,555,0,0,0,0,0,0,0,0,0,0,2052,detection,
2053361,13,29,904,1133,-229,48,84,100,4,16,3,0,53,40,2053,detection,
2053364,3,29,904,1133,-229,48,86,100,5,50,2,0,53,40,2053,detection,
2053390,26,29,904,1133,-229,48,82,100,11,16,4,0,53,40,2053,detection,
2053393,5,29,904,1133,-229,48,84,100,20,33,3,0,53,40,2053,detection,
2054722,4,19,813,813,0,0,0,0,0,0,0,0,0,0,2054,detection,
2058841,23,15,540,540,0,0,0,0,0,0,0,0,0,0,2058,detection,
2061717,10,4,517,517,0,0,0,0,0,0,2,0,0,0,2061,detection,
2063739,20,26,1227,1227,0,0,0,0,0,0,0,0,0,0,2063,detection,
2065671,1,21,753,753,0,0,0,0,0,0,4,0,0,0,2065,detection,
2065687,6,21,753,753,0,0,0,0,0,0,6,0,0,0,2065,detection,
2065717,10,21,753,753,0,0,0,0,0,0,1,0,0,0,2065,detection,
2065734,13,21,753,753,0,0,0,0,0,0,6,0,0,0,2065,detection,
2065738,20,21,753,753,0,0,0,0,0,0,5,0,0,0,2065,detection,
2065778,28,21,753,753,0,0,0,0,0,0,6,0,0,0,2065,detection,
2067644,24,2,1107,1107,0,0,0,0,0,0,10,0,0,0,2067,detection,
2067668,11,2,1107,1107,0,0,0,0,0,0,7,0,0,0,2067,detection,
2068312,6,28,804,804,0,0,0,0,0,0,8,0,0,0,2068,detection,
2075060,14,9,760,760,0,0,0,0,0,0,7,0,0,0,2075,detection,
2078064,16,25,896,896,0,0,0,0,0,0,8,0,0,0,2078,detection,
2079339,17,14,827,827,0,0,0,0,0,0,4,0,0,0,2079,detection,
2081787,9,12,821,821,0,0,0,0,0,0,0,0,0,0,2081,detection,
2084750,21,30,401,1085,-684,100,100,100,11,0,6,0,97,100,2084,detection,
2089408,27,7,540,540,0,0,0,0,0,0,2,0,0,0,2089,detection,
2090090,23,6,687,687,0,0,0,0,0,0,0,0,0,0,2090,detection,
2094611,12,6,687,687,0,0,0,0,0,0,7,0,0,0,2094,detection,
2094622,21,6,687,687,0,0,0,0,0,0,6,0,0,0,2094,detection,
2094652,28,6,687,687,0,0,0,0,0,0,7,0,0,0,2094,detection,
2094664,9,6,687,687,0,0,0,0,0,0,0,0,0,0,2094,detection,
2094687,16,6,687,687,0,0,0,0,0,0,5,0,0,0,2094,detection,
2094712,23,6,687,687,0,0,0,0,0,0,0,0,0,0,2094,detection,
2094715,10,6,687,687,0,0,0,0,0,0,5,0,0,0,2094,detection,
2094720,4,6,687,687,0,0,0,0,0,0,2,0,0,0,2094,detection,
2095840,23,10,520,520,0,0,0,0,0,0,0,0,0,0,2095,detection,
2097216,17,14,827,827,0,0,0,0,0,0,4,0,0,0,2097,detection,
2097288,9,14,827,827,0,0,0,0,0,0,4,0,0,0,2097,detection,
2098524,24,11,780,780,0,0,0,0,0,0,5,0,0,0,2098,detection,
2100714,17,23,512,512,0,0,0,0,0,0,3,0,0,0,2100,detection,
2106240,12,22,1023,1023,0,0,0,0,0,0,7,0,0,0,2106,detection,
2106272,24,22,1023,1023,0,0,0,0,0,0,12,0,0,0,2106,detection,
2106292,9,22,1023,1023,0,0,0,0,0,0,12,0,0,0,2106,detection,
2106315,16,22,1023,1023,0,0,0,0,0,0,10,0,0,0,2106,detection,
2115863,20,8,1025,1025,0,0,0,0,0,0,2,0,0,0,2115,detection,
2120883,15,27,512,512,0,0,0,0,0,0,2,0,0,0,2120,detection,
2129590,17,19,813,813,0,0,0,0,0,0,0,0,0,0,2129,detection,
2132886,26,5,1288,1288,0,0,0,0,0,0,1,0,0,0,2132,detection,
2135772,24,2,1107,1107,0,0,0,0,0,0,10,0,0,0,2135,detection,
2135791,11,2,1107,1107,0,0,0,0,0,0,7,0,0,0,2135,detection,
2139165,9,17,880,880,0,0,0,0,0,0,1,0,0,0,2139,detection,
2145488,3,26,1227,1227,0,0,0,0,0,0,0,0,0,0,2145,detection,
2147161,27,4,517,517,0,0,0,0,0,0,2,0,0,0,2147,detection,
2147273,24,16,766,766,0,0,0,0,0,0,0,0,0,0,2147,detection,
2149596,4,18,555,555,0,0,0,0,0,0,0,0,0,0,2149,detection,
2151521,24,2,1107,1107,0,0,0,0,0,0,4,0,0,0,2151,detection,
2158167,9,22,993,993,0,0,0,0,0,0,11,0,0,0,2158,detection,
2160485,13,3,1253,1253,0,0,0,0,0,0,2,0,0,0,2160,detection,
2163801,22,12,821,821,0,0,0,0,0,0,4,0,0,0,2163,detection,
2164177,22,24,982,982,0,0,0,0,0,0,3,0,0,0,2164,detection,
2167439,6,9,760,760,0,0,0,0,0,0,3,0,0,0,2167,detection,
2173872,21,6,687,687,0,0,0,0,0,0,6,0,0,0,2173,detection,
2174670,11,30,381,1085,-704,100,100,100,4,0,8,0,97,100,2174,detection,
2176789,9,14,813,813,0,0,0,0,0,0,4,0,0,0,2176,detection,
2176841,17,14,813,813,0,0,0,0,0,0,4,0,0,0,2176,detection,
2178735,20,25,896,896,0,0,0,0,0,0,5,0,0,0,2178,detection,
2179625,21,13,1184,1184,0,0,0,0,0,0,7,0,0,0,2179,detection,
2181039,1,21,666,666,0,0,0,0,0,0,4,0,0,0,2181,detection,
2181064,6,21,666,666,0,0,0,0,0,0,5,0,0,0,2181,detection,
2181070,25,21,666,666,0,0,0,0,0,0,4,0,0,0,2181,detection,
2181089,10,21,666,666,0,0,0,0,0,0,1,0,0,0,2181,detection,
2181106,13,21,666,666,0,0,0,0,0,0,6,0,0,0,2181,detection,
2181111,20,21,666,666,0,0,0,0,0,0,5,0,0,0,2181,detection,
2181150,28,21,666,666,0,0,0,0,0,0,6,0,0,0,2181,detection,
2190289,9,12,821,821,0,0,0,0,0,0,0,0,0,0,2190,detection,
2190301,22,12,821,821,0,0,0,0,0,0,4,0,0,0,2190,detection,
2190313,16,12,821,821,0,0,0,0,0,0,3,0,0,0,2190,detection,
2193689,16,31,391,801,-410,100,100,100,9,0,5,0,97,100,2193,detection,
2194760,15,7,537,537,0,0,0,0,0,0,2,0,0,0,2194,detection,
2197486,3,20,979,979,0,0,0,0,0,0,7,0,0,0,2197,detection,
2197542,11,8,1025,1025,0,0,0,0,0,0,5,0,0,0,2197,detection,
2199945,25,13,1184,1184,0,0,0,0,0,0,6,0,0,0,2199,detection,
2199985,3,13,1184,1184,0,0,0,0,0,0,2,0,0,0,2199,detection,
2199987,20,13,1184,1184,0,0,0,0,0,0,7,0,0,0,2199,detection,
2200012,26,13,1184,1184,0,0,0,0,0,0,2,0,0,0,2200,detection,
2200014,5,13,1184,1184,0,0,0,0,0,0,6,0,0,0,2200,detection,
2201219,4,15,540,540,0,0,0,0,0,0,2,0,0,0,2201,detection,
2209212,23,19,813,813,0,0,0,0,0,0,0,0,0,0,2209,detection,
2216984,13,5,1288,1288,0,0,0,0,0,0,0,0,0,0,2216,detection,
2217666,8,11,762,762,0,0,0,0,0,0,4,0,0,0,2217,detection,
2218887,26,29,884,976,-92,14,33,100,33,16,4,0,95,100,2218,detection,
2222044,11,2,1094,1094,0,0,0,0,0,0,6,0,0,0,2222,detection,
2222148,24,2,1094,1094,0,0,0,0,0,0,4,0,0,0,2222,detection,
2223818,25,24,982,982,0,0,0,0,0,0,0,0,0,0,2223,detection,
2226398,24,2,1094,1094,0,0,0,0,0,0,4,0,0,0,2226,detection,
2227529,28,6,687,687,0,0,0,0,0,0,7,0,0,0,2227,detection,
2227564,16,6,687,687,0,0,0,0,0,0,5,0,0,0,2227,detection,
2227590,23,6,687,687,0,0,0,0,0,0,0,0,0,0,2227,detection,
2227592,10,6,687,687,0,0,0,0,0,0,5,0,0,0,2227,detection,
2227597,4,6,687,687,0,0,0,0,0,0,1,0,0,0,2227,detection,
2227612,12,6,687,687,0,0,0,0,0,0,7,0,0,0,2227,detection,
2227623,21,6,687,687,0,0,0,0,0,0,6,0,0,0,2227,detection,
2228164,9,14,813,813,0,0,0,0,0,0,4,0,0,0,2228,detection,
2228864,12,9,760,760,0,0,0,0,0,0,3,0,0,0,2228,detection,
2241186,16,22,942,942,0,0,0,0,0,0,9,0,0,0,2241,detection,
2242412,27,18,550,550,0,0,0,0,0,0,0,0,0,0,2242,detection,
2247377,21,28,783,783,0,0,0,0,0,0,4,0,0,0,2247,detection,
2253402,28,16,766,766,0,0,0,0,0,0,5,0,0,0,2253,detection,
2260275,18,27,512,512,0,0,0,0,0,0,0,0,0,0,2260,detection,
2262161,27,15,537,537,0,0,0,0,0,0,2,0,0,0,2262,detection,
2263846,4,6,687,687,0,0,0,0,0,0,1,0,0,0,2263,detection,
2265840,10,23,512,512,0,0,0,0,0,0,2,0,0,0,2265,detection,
2286668,8,25,871,871,0,0,0,0,0,0,3,0,0,0,2286,detection,
2299632,15,19,813,813,0,0,0,0,0,0,0,0,0,0,2299,detection,
2304988,3,29,864,960,-96,22,36,100,33,33,2,0,86,100,2304,detection,
2306916,11,2,1094,1094,0,0,0,0,0,0,6,0,0,0,2306,detection,
2308357,13,26,1200,1200,0,0,0,0,0,0,0,0,0,0,2308,detection,
2309795,8,20,979,979,0,0,0,0,0,0,4,0,0,0,2309,detection,
2310250,21,10,515,515,0,0,0,0,0,0,1,0,0,0,2310,detection,
2310936,14,17,826,826,0,0,0,0,0,0,6,0,0,0,2310,detection,
2311987,3,13,1184,1184,0,0,0,0,0,0,2,0,0,0,2311,detection,
2314843,17,9,759,759,0,0,0,0,0,0,3,0,0,0,2314,detection,
2321167,7,27,512,512,0,0,0,0,0,0,2,0,0,0,2321,detection,
2322950,19,31,371,863,-492,100,100,100,25,0,1,0,97,100,2322,detection,
2323665,7,4,514,514,0,0,0,0,0,0,2,0,0,0,2323,detection,
2325361,12,22,942,942,0,0,0,0,0,0,7,0,0,0,2325,detection,
2325398,24,22,942,942,0,0,0,0,0,0,12,0,0,0,2325,detection,
2325418,9,22,942,942,0,0,0,0,0,0,10,0,0,0,2325,detection,
2325873,1,19,661,661,0,0,0,0,0,0,3,0,0,0,2325,detection,
2325884,15,19,661,661,0,0,0,0,0,0,3,0,0,0,2325,detection,
2325918,7,19,661,661,0,0,0,0,0,0,3,0,0,0,2325,detection,
2325961,23,19,661,661,0,0,0,0,0,0,3,0,0,0,2325,detection,
2325964,17,19,661,661,0,0,0,0,0,0,4,0,0,0,2325,detection,
2325971,4,19,661,661,0,0,0,0,0,0,3,0,0,0,2325,detection,
2326438,16,12,784,784,0,0,0,0,0,0,3,0,0,0,2326,detection,
2328088,23,15,531,531,0,0,0,0,0,0,0,0,0,0,2328,detection,
2330322,25,30,361,1088,-727,100,100,100,16,0,4,0,97,100,2330,detection,
2333982,1,19,657,657,0,0,0,0,0,0,3,0,0,0,2333,detection,
2334010,15,19,657,657,0,0,0,0,0,0,0,0,0,0,2334,detection,
2334040,7,19,657,657,0,0,0,0,0,0,3,0,0,0,2334,detection,
2334087,23,19,657,657,0,0,0,0,0,0,3,0,0,0,2334,detection,
2334090,17,19,657,657,0,0,0,0,0,0,3,0,0,0,2334,detection,
2334097,4,19,657,657,0,0,0,0,0,0,3,0,0,0,2334,detection,
2337313,6,16,765,765,0,0,0,0,0,0,13,0,0,0,2337,detection,
2339544,11,25,725,725,0,0,0,0,0,0,12,0,0,0,2339,detection,
2339544,8,25,725,725,0,0,0,0,0,0,6,0,0,0,2339,detection,
2339563,16,25,725,725,0,0,0,0,0,0,11,0,0,0,2339,detection,
2339592,10,25,725,725,0,0,0,0,0,0,1,0,0,0,2339,detection,
2339609,20,25,725,725,0,0,0,0,0,0,9,0,0,0,2339,detection,
2339609,13,25,725,725,0,0,0,0,0,0,9,0,0,0,2339,detection,
2339623,21,25,725,725,0,0,0,0,0,0,6,0,0,0,2339,detection,
2339648,24,25,725,725,0,0,0,0,0,0,7,0,0,0,2339,detection,
2339653,28,25,725,725,0,0,0,0,0,0,7,0,0,0,2339,detection,
2343216,10,28,813,813,0,0,0,0,0,0,4,0,0,0,2343,detection,
2348273,24,25,714,714,0,0,0,0,0,0,6,0,0,0,2348,detection,
2348277,28,25,714,714,0,0,0,0,0,0,6,0,0,0,2348,detection,
2348293,11,25,714,714,0,0,0,0,0,0,12,0,0,0,2348,detection,
2348293,8,25,714,714,0,0,0,0,0,0,6,0,0,0,2348,detection,
2348312,16,25,714,714,0,0,0,0,0,0,11,0,0,0,2348,detection,
2348341,10,25,714,714,0,0,0,0,0,0,1,0,0,0,2348,detection,
2348358,13,25,714,714,0,0,0,0,0,0,9,0,0,0,2348,detection,
2348372,21,25,714,714,0,0,0,0,0,0,6,0,0,0,2348,detection,
2348628,1,19,657,657,0,0,0,0,0,0,3,0,0,0,2348,detection,
2348635,15,19,657,657,0,0,0,0,0,0,0,0,0,0,2348,detection,
2348712,23,19,657,657,0,0,0,0,0,0,3,0,0,0,2348,detection,
2348715,17,19,657,657,0,0,0,0,0,0,0,0,0,0,2348,detection,
2348721,4,19,657,657,0,0,0,0,0,0,3,0,0,0,2348,detection,
2353344,4,23,512,512,0,0,0,0,0,0,0,0,0,0,2353,detection,
2360525,24,8,1099,1099,0,0,0,0,0,0,1,0,0,0,2360,detection,
2362981,13,25,714,714,0,0,0,0,0,0,9,0,0,0,2362,detection,
2362985,20,25,714,714,0,0,0,0,0,0,8,0,0,0,2362,detection,
2363020,24,25,714,714,0,0,0,0,0,0,6,0,0,0,2363,detection,
2363063,16,25,714,714,0,0,0,0,0,0,11,0,0,0,2363,detection,
2364838,10,6,706,706,0,0,0,0,0,0,1,0,0,0,2364,detection,
2374273,18,7,527,527,0,0,0,0,0,0,2,0,0,0,2374,detection,
2379185,1,19,651,651,0,0,0,0,0,0,3,0,0,0,2379,detection,
2379217,17,19,651,651,0,0,0,0,0,0,0,0,0,0,2379,detection,
2379260,15,19,651,651,0,0,0,0,0,0,0,0,0,0,2379,detection,
2379290,7,19,651,651,0,0,0,0,0,0,3,0,0,0,2379,detection,
2379936,14,9,759,759,0,0,0,0,0,0,6,0,0,0,2379,detection,
2381513,26,5,1252,1252,0,0,0,0,0,0,1,0,0,0,2381,detection,
2383039,9,22,942,942,0,0,0,0,0,0,6,0,0,0,2383,detection,
2383357,13,25,714,714,0,0,0,0,0,0,8,0,0,0,2383,detection,
2383361,20,25,714,714,0,0,0,0,0,0,8,0,0,0,2383,detection,
2383376,21,25,714,714,0,0,0,0,0,0,6,0,0,0,2383,detection,
2383396,24,25,714,714,0,0,0,0,0,0,5,0,0,0,2383,detection,
2383401,28,25,714,714,0,0,0,0,0,0,6,0,0,0,2383,detection,
2383416,11,25,714,714,0,0,0,0,0,0,12,0,0,0,2383,detection,
2383416,8,25,714,714,0,0,0,0,0,0,6,0,0,0,2383,detection,
2383439,16,25,714,714,0,0,0,0,0,0,10,0,0,0,2383,detection,
2383465,10,25,714,714,0,0,0,0,0,0,1,0,0,0,2383,detection,
2386043,7,18,542,542,0,0,0,0,0,0,0,0,0,0,2386,detection,
2387098,4,27,512,512,0,0,0,0,0,0,0,0,0,0,2387,detection,
2388468,17,14,819,819,0,0,0,0,0,0,4,0,0,0,2388,detection,
2390544,11,24,979,979,0,0,0,0,0,0,5,0,0,0,2390,detection,
2391398,24,11,727,727,0,0,0,0,0,0,5,0,0,0,2391,detection,
2397972,4,10,513,513,0,0,0,0,0,0,0,0,0,0,2397,detection,
2400239,20,30,341,1072,-731,100,100,100,0,0,4,0,97,100,2400,detection,
2400339,23,17,826,826,0,0,0,0,0,0,2,0,0,0,2400,detection,
2407272,24,28,855,855,0,0,0,0,0,0,6,0,0,0,2407,detection,
2409136,26,3,1179,1179,0,0,0,0,0,0,0,0,0,0,2409,detection,
2412664,9,6,706,706,0,0,0,0,0,0,0,0,0,0,2412,detection,
2412686,16,6,706,706,0,0,0,0,0,0,5,0,0,0,2412,detection,
2412713,23,6,706,706,0,0,0,0,0,0,0,0,0,0,2412,detection,
2412715,10,6,706,706,0,0,0,0,0,0,1,0,0,0,2412,detection,
2412720,4,6,706,706,0,0,0,0,0,0,1,0,0,0,2412,detection,
2412735,12,6,706,706,0,0,0,0,0,0,7,0,0,0,2412,detection,
2412750,21,6,706,706,0,0,0,0,0,0,1,0,0,0,2412,detection,
2412776,28,6,706,706,0,0,0,0,0,0,6,0,0,0,2412,detection,
2413896,24,2,1084,1084,0,0,0,0,0,0,4,0,0,0,2413,detection,
2415235,20,26,1188,1188,0,0,0,0,0,0,0,0,0,0,2415,detection,
2416072,19,4,514,514,0,0,0,0,0,0,3,0,0,0,2416,detection,
2431234,13,29,844,949,-105,30,38,100,30,16,3,0,91,100,2431,detection,
2434113,20,13,1118,1118,0,0,0,0,0,0,2,0,0,0,2434,detection,
2438668,11,8,1078,1078,0,0,0,0,0,0,5,0,0,0,2438,detection,
2438794,7,15,531,531,0,0,0,0,0,0,0,0,0,0,2438,detection,
2439232,1,19,651,651,0,0,0,0,0,0,3,0,0,0,2439,detection,
2439260,15,19,651,651,0,0,0,0,0,0,0,0,0,0,2439,detection,
2439290,7,19,651,651,0,0,0,0,0,0,3,0,0,0,2439,detection,
2439338,23,19,651,651,0,0,0,0,0,0,3,0,0,0,2439,detection,
2439340,17,19,651,651,0,0,0,0,0,0,0,0,0,0,2439,detection,
2439347,4,19,651,651,0,0,0,0,0,0,3,0,0,0,2439,detection,
2441053,22,9,759,759,0,0,0,0,0,0,7,0,0,0,2441,detection,
2442305,22,31,351,863,-512,100,100,100,33,0,5,0,97,100,2442,detection,
2445007,15,23,512,512,0,0,0,0,0,0,2,0,0,0,2445,detection,
2448893,24,25,714,714,0,0,0,0,0,0,5,0,0,0,2448,detection,
2448902,28,25,714,714,0,0,0,0,0,0,6,0,0,0,2448,detection,
2448917,11,25,714,714,0,0,0,0,0,0,12,0,0,0,2448,detection,
2448918,8,25,714,714,0,0,0,0,0,0,5,0,0,0,2448,detection,
2448936,16,25,714,714,0,0,0,0,0,0,10,0,0,0,2448,detection,
2448966,10,25,714,714,0,0,0,0,0,0,0,0,0,0,2448,detection,
2448983,13,25,714,714,0,0,0,0,0,0,8,0,0,0,2448,detection,
2448987,20,25,714,714,0,0,0,0,0,0,8,0,0,0,2448,detection,
2448997,21,25,714,714,0,0,0,0,0,0,6,0,0,0,2448,detection,
2452090,17,19,651,651,0,0,0,0,0,0,0,0,0,0,2452,detection,
2452319,25,20,973,973,0,0,0,0,0,0,8,0,0,0,2452,detection,
2452474,1,21,682,682,0,0,0,0,0,0,1,0,0,0,2452,detection,
2452485,13,21,682,682,0,0,0,0,0,0,6,0,0,0,2452,detection,
2452485,20,21,682,682,0,0,0,0,0,0,5,0,0,0,2452,detection,
2452529,28,21,682,682,0,0,0,0,0,0,6,0,0,0,2452,detection,
2452562,6,21,682,682,0,0,0,0,0,0,5,0,0,0,2452,detection,
2452592,10,21,682,682,0,0,0,0,0,0,1,0,0,0,2452,detection,
2454598,4,18,542,542,0,0,0,0,0,0,0,0,0,0,2454,detection,
2457093,17,14,819,819,0,0,0,0,0,0,4,0,0,0,2457,detection,
2464427,22,16,763,763,0,0,0,0,0,0,15,0,0,0,2464,detection,
2464998,21,25,714,714,0,0,0,0,0,0,0,0,0,0,2464,detection,
2469783,27,7,525,525,0,0,0,0,0,0,2,0,0,0,2469,detection,
2479443,25,10,512,512,0,0,0,0,0,0,4,0,0,0,2479,detection,
2481814,16,24,974,974,0,0,0,0,0,0,4,0,0,0,2481,detection,
2491948,19,17,826,826,0,0,0,0,0,0,3,0,0,0,2491,detection,
2492169,11,2,1084,1084,0,0,0,0,0,0,6,0,0,0,2492,detection,
2493321,25,28,863,863,0,0,0,0,0,0,6,0,0,0,2493,detection,
2493516,5,26,1188,1188,0,0,0,0,0,0,0,0,0,0,2493,detection,
2497736,20,3,1179,1179,0,0,0,0,0,0,0,0,0,0,2497,detection,
2497774,18,27,512,512,0,0,0,0,0,0,0,0,0,0,2497,detection,
2502136,26,29,824,959,-135,44,48,100,10,16,4,0,82,75,2502,detection,
2502533,27,4,514,514,0,0,0,0,0,0,2,0,0,0,2502,detection,
2503734,13,5,1252,1252,0,0,0,0,0,0,1,0,0,0,2503,detection,
2508651,28,6,706,706,0,0,0,0,0,0,6,0,0,0,2508,detection,
2517666,9,14,819,819,0,0,0,0,0,0,4,0,0,0,2517,detection,
2518894,24,2,1073,1073,0,0,0,0,0,0,4,0,0,0,2518,detection,
2518918,11,2,1073,1073,0,0,0,0,0,0,6,0,0,0,2518,detection,
2522938,6,9,759,759,0,0,0,0,0,0,3,0,0,0,2522,detection,
2530862,12,22,762,762,0,0,0,0,0,0,6,0,0,0,2530,detection,
2540337,23,19,651,651,0,0,0,0,0,0,0,0,0,0,2540,detection,
2541733,13,5,1252,1252,0,0,0,0,0,0,1,0,0,0,2541,detection,
2541762,26,5,1252,1252,0,0,0,0,0,0,1,0,0,0,2541,detection,
2544295,11,30,321,1052,-731,100,100,100,6,0,8,0,97,100,2544,detection,
2557094,4,15,529,529,0,0,0,0,0,0,2,0,0,0,2557,detection,
2558986,20,3,1179,1179,0,0,0,0,0,0,0,0,0,0,2558,detection,
2560686,6,23,512,512,0,0,0,0,0,0,4,0,0,0,2560,detection,
2562236,3,29,804,956,-152,52,56,100,13,16,3,0,75,75,2562,detection,
2563483,13,25,714,714,0,0,0,0,0,0,8,0,0,0,2563,detection,
2564884,15,7,523,523,0,0,0,0,0,0,1,0,0,0,2564,detection,
2568162,1,19,651,651,0,0,0,0,0,0,3,0,0,0,2568,detection,
2568168,7,19,651,651,0,0,0,0,0,0,3,0,0,0,2568,detection,
2568212,23,19,651,651,0,0,0,0,0,0,0,0,0,0,2568,detection,
2568215,17,19,651,651,0,0,0,0,0,0,0,0,0,0,2568,detection,
2568221,4,19,651,651,0,0,0,0,0,0,3,0,0,0,2568,detection,
2568258,15,19,651,651,0,0,0,0,0,0,0,0,0,0,2568,detection,
2571098,2,11,695,695,0,0,0,0,0,0,4,0,0,0,2571,detection,
2571149,24,11,695,695,0,0,0,0,0,0,4,0,0,0,2571,detection,
2571169,8,11,695,695,0,0,0,0,0,0,4,0,0,0,2571,detection,
2573437,16,25,714,714,0,0,0,0,0,0,5,0,0,0,2573,detection,
2573467,10,25,714,714,0,0,0,0,0,0,0,0,0,0,2573,detection,
2573483,13,25,714,714,0,0,0,0,0,0,3,0,0,0,2573,detection,
2573487,20,25,714,714,0,0,0,0,0,0,3,0,0,0,2573,detection,
2573497,21,25,714,714,0,0,0,0,0,0,0,0,0,0,2573,detection,
2573522,24,25,714,714,0,0,0,0,0,0,0,0,0,0,2573,detection,
2573527,28,25,714,714,0,0,0,0,0,0,0,0,0,0,2573,detection,
2573542,11,25,714,714,0,0,0,0,0,0,12,0,0,0,2573,detection,
2573542,8,25,714,714,0,0,0,0,0,0,0,0,0,0,2573,detection,
2576235,13,3,1113,1113,0,0,0,0,0,0,2,0,0,0,2576,detection,
2578555,22,24,972,972,0,0,0,0,0,0,3,0,0,0,2578,detection,
2592466,23,10,512,512,0,0,0,0,0,0,0,0,0,0,2592,detection,
2596500,21,13,1114,1114,0,0,0,0,0,0,7,0,0,0,2596,detection,
2597941,16,31,331,825,-494,100,100,100,19,0,5,0,97,100,2597,detection,
2599715,17,14,857,857,0,0,0,0,0,0,0,0,0,0,2599,detection,
2600821,25,13,1114,1114,0,0,0,0,0,0,7,0,0,0,2600,detection,
2600861,3,13,1114,1114,0,0,0,0,0,0,2,0,0,0,2600,detection,
2600888,26,13,1114,1114,0,0,0,0,0,0,1,0,0,0,2600,detection,
2600891,5,13,1114,1114,0,0,0,0,0,0,6,0,0,0,2600,detection,
2607544,11,8,1069,1069,0,0,0,0,0,0,5,0,0,0,2607,detection,
2607609,20,8,1069,1069,0,0,0,0,0,0,2,0,0,0,2607,detection,
2607649,24,8,1069,1069,0,0,0,0,0,0,1,0,0,0,2607,detection,
2609985,3,20,983,983,0,0,0,0,0,0,3,0,0,0,2609,detection,
2613734,3,26,1123,1123,0,0,0,0,0,0,0,0,0,0,2613,detection,
2613736,20,26,1123,1123,0,0,0,0,0,0,0,0,0,0,2613,detection,
2613763,5,26,1123,1123,0,0,0,0,0,0,0,0,0,0,2613,detection,
2614133,15,19,651,651,0,0,0,0,0,0,0,0,0,0,2614,detection,
2614540,7,18,533,533,0,0,0,0,0,0,0,0,0,0,2614,detection,
2616135,15,27,512,512,0,0,0,0,0,0,2,0,0,0,2616,detection,
2624950,19,15,525,525,0,0,0,0,0,0,1,0,0,0,2624,detection,
2627195,25,16,762,762,0,0,0,0,0,0,4,0,0,0,2627,detection,
2628401,18,4,512,512,0,0,0,0,0,0,2,0,0,0,2628,detection,
2628789,9,12,757,757,0,0,0,0,0,0,0,0,0,0,2628,detection,
2633770,24,11,683,683,0,0,0,0,0,0,4,0,0,0,2633,detection,
2634873,21,28,854,854,0,0,0,0,0,0,4,0,0,0,2634,detection,
2637697,19,7,520,520,0,0,0,0,0,0,4,0,0,0,2637,detection,
2637840,17,23,512,512,0,0,0,0,0,0,3,0,0,0,2637,detection,
2643667,9,22,762,762,0,0,0,0,0,0,6,0,0,0,2643,detection,
2644215,1,18,533,533,0,0,0,0,0,0,0,0,0,0,2644,detection,
2644220,4,18,533,533,0,0,0,0,0,0,0,0,0,0,2644,detection,
2644290,7,18,533,533,0,0,0,0,0,0,0,0,0,0,2644,detection,
2652215,17,9,738,738,0,0,0,0,0,0,3,0,0,0,2652,detection,
2652372,21,6,761,761,0,0,0,0,0,0,1,0,0,0,2652,detection,
2657886,26,3,1113,1113,0,0,0,0,0,0,0,0,0,0,2657,detection,
2658643,1,15,525,525,0,0,0,0,0,0,3,0,0,0,2658,detection,
2658658,27,15,525,525,0,0,0,0,0,0,2,0,0,0,2658,detection,
2658698,19,15,525,525,0,0,0,0,0,0,1,0,0,0,2658,detection,
2658713,23,15,525,525,0,0,0,0,0,0,0,0,0,0,2658,detection,
2658720,4,15,525,525,0,0,0,0,0,0,2,0,0,0,2658,detection,
2660569,25,24,972,972,0,0,0,0,0,0,1,0,0,0,2660,detection,
2661773,24,2,975,975,0,0,0,0,0,0,4,0,0,0,2661,detection,
2664700,19,17,787,787,0,0,0,0,0,0,3,0,0,0,2664,detection,
2669986,13,26,1114,1114,0,0,0,0,0,0,0,0,0,0,2669,detection,
2673578,19,31,311,813,-502,100,100,100,2,0,2,0,97,100,2673,detection,
2673839,1,7,520,520,0,0,0,0,0,0,3,0,0,0,2673,detection,
2673844,4,7,520,520,0,0,0,0,0,0,1,0,0,0,2673,detection,
2673885,15,7,520,520,0,0,0,0,0,0,1,0,0,0,2673,detection,
2673910,27,7,520,520,0,0,0,0,0,0,2,0,0,0,2673,detection,
2673949,19,7,520,520,0,0,0,0,0,0,4,0,0,0,2673,detection,
2675516,5,29,784,966,-182,60,65,100,11,16,4,0,58,40,2675,detection,
2677760,26,5,1113,1113,0,0,0,0,0,0,1,0,0,0,2677,detection,
2683914,9,14,850,850,0,0,0,0,0,0,4,0,0,0,2683,detection,
2685385,1,23,512,512,0,0,0,0,0,0,3,0,0,0,2685,detection,
2685401,28,23,512,512,0,0,0,0,0,0,6,0,0,0,2685,detection,
2685436,6,23,512,512,0,0,0,0,0,0,3,0,0,0,2685,detection,
2685449,19,23,512,512,0,0,0,0,0,0,1,0,0,0,2685,detection,
2685464,17,23,512,512,0,0,0,0,0,0,3,0,0,0,2685,detection,
2685465,10,23,512,512,0,0,0,0,0,0,2,0,0,0,2685,detection,
2685471,4,23,512,512,0,0,0,0,0,0,0,0,0,0,2685,detection,
2685507,15,23,512,512,0,0,0,0,0,0,2,0,0,0,2685,detection,
2685794,8,30,301,1056,-755,100,100,100,84,0,10,0,96,100,2685,detection,
2686012,5,13,1114,1114,0,0,0,0,0,0,2,0,0,0,2686,detection,
2689044,8,20,974,974,0,0,0,0,0,0,4,0,0,0,2689,detection,
2699938,16,12,757,757,0,0,0,0,0,0,3,0,0,0,2699,detection,
2700622,21,10,512,512,0,0,0,0,0,0,1,0,0,0,2700,detection,
2704903,28,16,762,762,0,0,0,0,0,0,5,0,0,0,2704,detection,
2707646,24,8,621,621,0,0,0,0,0,0,1,0,0,0,2707,detection,
2713846,4,7,520,520,0,0,0,0,0,0,1,0,0,0,2713,detection,
2717342,10,23,512,512,0,0,0,0,0,0,1,0,0,0,2717,detection,
2723039,11,2,975,975,0,0,0,0,0,0,5,0,0,0,2723,detection,
2725415,7,27,512,512,0,0,0,0,0,0,1,0,0,0,2725,detection,
2726171,1,21,666,666,0,0,0,0,0,0,0,0,0,0,2726,detection,
2726187,6,21,666,666,0,0,0,0,0,0,0,0,0,0,2726,detection,
2726193,25,21,666,666,0,0,0,0,0,0,6,0,0,0,2726,detection,
2726216,10,21,666,666,0,0,0,0,0,0,1,0,0,0,2726,detection,
2726234,13,21,666,666,0,0,0,0,0,0,1,0,0,0,2726,detection,
2726238,20,21,666,666,0,0,0,0,0,0,0,0,0,0,2726,detection,
2726277,28,21,666,666,0,0,0,0,0,0,6,0,0,0,2726,detection,
2730340,23,15,525,525,0,0,0,0,0,0,0,0,0,0,2730,detection,
2731861,20,25,687,687,0,0,0,0,0,0,3,0,0,0,2731,detection,
2734666,8,11,698,698,0,0,0,0,0,0,4,0,0,0,2734,detection,
2740609,13,29,764,941,-177,61,65,100,17,16,3,0,60,40,2740,detection,
2743555,22,31,291,804,-513,100,100,100,0,0,5,0,97,100,2743,detection,
2743740,1,27,512,512,0,0,0,0,0,0,3,0,0,0,2743,detection,
2743759,15,27,512,512,0,0,0,0,0,0,2,0,0,0,2743,detection,
2743775,18,27,512,512,0,0,0,0,0,0,0,0,0,0,2743,detection,
2743793,7,27,512,512,0,0,0,0,0,0,1,0,0,0,2743,detection,
2743848,4,27,512,512,0,0,0,0,0,0,0,0,0,0,2743,detection,
2746187,6,4,512,512,0,0,0,0,0,0,6,0,0,0,2746,detection,
2748357,1,19,583,583,0,0,0,0,0,0,0,0,0,0,2748,detection,
2748385,15,19,583,583,0,0,0,0,0,0,0,0,0,0,2748,detection,
2748415,7,19,583,583,0,0,0,0,0,0,3,0,0,0,2748,detection,
2748463,23,19,583,583,0,0,0,0,0,0,0,0,0,0,2748,detection,
2748466,17,19,583,583,0,0,0,0,0,0,0,0,0,0,2748,detection,
2748472,4,19,583,583,0,0,0,0,0,0,0,0,0,0,2748,detection,
2756608,13,25,687,687,0,0,0,0,0,0,3,0,0,0,2756,detection,
2756611,20,25,687,687,0,0,0,0,0,0,3,0,0,0,2756,detection,
2756626,21,25,687,687,0,0,0,0,0,0,0,0,0,0,2756,detection,
2756646,24,25,687,687,0,0,0,0,0,0,0,0,0,0,2756,detection,
2756651,28,25,687,687,0,0,0,0,0,0,0,0,0,0,2756,detection,
2756666,11,25,687,687,0,0,0,0,0,0,7,0,0,0,2756,detection,
2756666,8,25,687,687,0,0,0,0,0,0,0,0,0,0,2756,detection,
2756689,16,25,687,687,0,0,0,0,0,0,5,0,0,0,2756,detection,
2756715,10,25,687,687,0,0,0,0,0,0,0,0,0,0,2756,detection,
2757843,17,14,850,850,0,0,0,0,0,0,0,0,0,0,2757,detection,
2762418,8,20,954,954,0,0,0,0,0,0,4,0,0,0,2762,detection,
2762445,25,20,954,954,0,0,0,0,0,0,9,0,0,0,2762,detection,
2762483,13,20,954,954,0,0,0,0,0,0,5,0,0,0,2762,detection,
2762485,3,20,954,954,0,0,0,0,0,0,3,0,0,0,2762,detection,
2762501,21,20,954,954,0,0,0,0,0,0,10,0,0,0,2762,detection,
2762511,26,20,954,954,0,0,0,0,0,0,7,0,0,0,2762,detection,
2764714,10,28,849,849,0,0,0,0,0,0,4,0,0,0,2764,detection,
2768612,20,26,1114,1114,0,0,0,0,0,0,0,0,0,0,2768,detection,
2770807,14,17,787,787,0,0,0,0,0,0,5,0,0,0,2770,detection,
2772861,13,29,744,939,-195,69,70,100,4,0,4,0,80,55,2772,detection,
2772864,3,29,744,939,-195,69,71,100,10,16,3,0,80,75,2772,detection,
2772889,5,29,744,939,-195,69,69,100,3,16,5,0,80,55,2772,detection,
2772889,26,29,744,939,-195,69,69,100,14,0,5,0,80,75,2772,detection,
2776971,4,19,583,583,0,0,0,0,0,0,0,0,0,0,2776,detection,
2778161,27,18,533,533,0,0,0,0,0,0,0,0,0,0,2778,detection,
2778791,11,8,608,608,0,0,0,0,0,0,5,0,0,0,2778,detection,
2799397,24,16,760,760,0,0,0,0,0,0,0,0,0,0,2799,detection,
2799402,28,16,760,760,0,0,0,0,0,0,4,0,0,0,2799,detection,
2799430,22,16,760,760,0,0,0,0,0,0,15,0,0,0,2799,detection,
2799445,25,16,760,760,0,0,0,0,0,0,4,0,0,0,2799,detection,
2799489,12,16,760,760,0,0,0,0,0,0,8,0,0,0,2799,detection,
2800190,16,6,761,761,0,0,0,0,0,0,5,0,0,0,2800,detection,
2801651,18,7,520,520,0,0,0,0,0,0,2,0,0,0,2801,detection,
2806337,23,4,512,512,0,0,0,0,0,0,2,0,0,0,2806,detection,
2808019,24,2,972,972,0,0,0,0,0,0,4,0,0,0,2808,detection,
2808043,11,2,972,972,0,0,0,0,0,0,4,0,0,0,2808,detection,
2809190,16,22,672,672,0,0,0,0,0,0,4,0,0,0,2809,detection,
2810348,2,11,711,711,0,0,0,0,0,0,4,0,0,0,2810,detection,
2813666,8,24,968,968,0,0,0,0,0,0,1,0,0,0,2813,detection,
2813666,11,24,968,968,0,0,0,0,0,0,5,0,0,0,2813,detection,
2813694,25,24,968,968,0,0,0,0,0,0,0,0,0,0,2813,detection,
2813724,2,24,968,968,0,0,0,0,0,0,2,0,0,0,2813,detection,
2815309,14,9,738,738,0,0,0,0,0,0,5,0,0,0,2815,detection,
2816020,24,16,760,760,0,0,0,0,0,0,0,0,0,0,2816,detection,
2820733,13,3,1268,1268,0,0,0,0,0,0,2,0,0,0,2820,detection,
2822094,4,15,523,523,0,0,0,0,0,0,1,0,0,0,2822,detection,
2822669,11,24,968,968,0,0,0,0,0,0,5,0,0,0,2822,detection,
2824757,15,23,512,512,0,0,0,0,0,0,2,0,0,0,2824,detection,
2827486,20,13,1028,1028,0,0,0,0,0,0,2,0,0,0,2827,detection,
2830774,18,27,512,512,0,0,0,0,0,0,0,0,0,0,2830,detection,
2835065,6,10,512,512,0,0,0,0,0,0,1,0,0,0,2835,detection,
2839765,5,26,1030,1030,0,0,0,0,0,0,0,0,0,0,2839,detection,
2840635,26,5,1277,1277,0,0,0,0,0,0,1,0,0,0,2840,detection,
2843973,4,18,530,530,0,0,0,0,0,0,0,0,0,0,2843,detection,
2846777,24,28,844,844,0,0,0,0,0,0,5,0,0,0,2846,detection,
2848167,8,25,687,687,0,0,0,0,0,0,0,0,0,0,2848,detection,
2848922,11,30,281,1041,-760,100,100,100,6,0,8,0,97,100,2848,detection,
2855864,12,22,647,647,0,0,0,0,0,0,7,0,0,0,2855,detection,
2855897,24,22,647,647,0,0,0,0,0,0,11,0,0,0,2855,detection,
2855917,9,22,647,647,0,0,0,0,0,0,6,0,0,0,2855,detection,
2855939,16,22,647,647,0,0,0,0,0,0,4,0,0,0,2855,detection,
2856927,22,12,750,750,0,0,0,0,0,0,3,0,0,0,2856,detection,
2860638,26,29,724,962,-238,77,87,100,10,0,3,0,96,100,2860,detection,
2861593,17,19,583,583,0,0,0,0,0,0,0,0,0,0,2861,detection,
2864738,20,8,608,608,0,0,0,0,0,0,2,0,0,0,2864,detection,
2867663,9,12,743,743,0,0,0,0,0,0,0,0,0,0,2867,detection,
2867679,22,12,743,743,0,0,0,0,0,0,3,0,0,0,2867,detection,
2867691,16,12,743,743,0,0,0,0,0,0,3,0,0,0,2867,detection,
2884662,9,14,910,910,0,0,0,0,0,0,4,0,0,0,2884,detection,
2890444,25,13,1028,1028,0,0,0,0,0,0,7,0,0,0,2890,detection,
2892410,27,7,519,519,0,0,0,0,0,0,1,0,0,0,2892,detection,
2897399,24,2,981,981,0,0,0,0,0,0,4,0,0,0,2897,detection,
2903570,16,31,276,787,-511,100,100,100,4,0,5,0,97,100,2903,detection,
2905189,6,9,732,732,0,0,0,0,0,0,3,0,0,0,2905,detection,
2906927,22,24,966,966,0,0,0,0,0,0,3,0,0,0,2906,detection,
2908595,4,27,512,512,0,0,0,0,0,0,0,0,0,0,2908,detection,
2913240,20,3,1268,1268,0,0,0,0,0,0,1,0,0,0,2913,detection,
2913990,20,30,276,1064,-788,100,100,100,13,0,4,0,97,100,2913,detection,
2914000,21,30,276,1064,-788,100,100,100,24,0,6,0,97,100,2914,detection,
2914025,24,30,276,1064,-788,100,100,100,96,0,6,0,96,100,2914,detection,
2914030,28,30,276,1064,-788,100,100,100,16,0,11,0,97,100,2914,detection,
2914044,11,30,276,1064,-788,100,100,100,6,0,8,0,97,100,2914,detection,
2914045,8,30,276,1064,-788,100,100,100,7,0,4,0,97,100,2914,detection,
2914064,16,30,276,1064,-788,100,100,100,17,0,7,0,97,100,2914,detection,
2914073,25,30,276,1064,-788,100,100,100,15,0,0,0,97,100,2914,detection,
2917145,24,28,549,549,0,0,0,0,0,0,8,0,0,0,2917,detection,
2917188,16,28,549,549,0,0,0,0,0,0,11,0,0,0,2917,detection,
2917189,6,28,549,549,0,0,0,0,0,0,7,0,0,0,2917,detection,
2917193,25,28,549,549,0,0,0,0,0,0,9,0,0,0,2917,detection,
2917214,23,28,549,549,0,0,0,0,0,0,12,0,0,0,2917,detection,
2917217,10,28,549,549,0,0,0,0,0,0,7,0,0,0,2917,detection,
2917250,21,28,549,549,0,0,0,0,0,0,7,0,0,0,2917,detection,
2919588,10,4,512,512,0,0,0,0,0,0,2,0,0,0,2919,detection,
2925566,25,10,512,512,0,0,0,0,0,0,1,0,0,0,2925,detection,
2927613,12,22,647,647,0,0,0,0,0,0,3,0,0,0,2927,detection,
2928678,22,16,559,559,0,0,0,0,0,0,15,0,0,0,2928,detection,
2928694,25,16,559,559,0,0,0,0,0,0,5,0,0,0,2928,detection,
2928738,12,16,559,559,0,0,0,0,0,0,8,0,0,0,2928,detection,
2928774,24,16,559,559,0,0,0,0,0,0,1,0,0,0,2928,detection,
2928778,28,16,559,559,0,0,0,0,0,0,1,0,0,0,2928,detection,
2929086,23,6,830,830,0,0,0,0,0,0,0,0,0,0,2929,detection,
2929094,4,6,830,830,0,0,0,0,0,0,2,0,0,0,2929,detection,
2929124,21,6,830,830,0,0,0,0,0,0,1,0,0,0,2929,detection,
2929154,28,6,830,830,0,0,0,0,0,0,4,0,0,0,2929,detection,
2929161,9,6,830,830,0,0,0,0,0,0,1,0,0,0,2929,detection,
2929247,21,10,512,512,0,0,0,0,0,0,1,0,0,0,2929,detection,
2929278,28,10,512,512,0,0,0,0,0,0,3,0,0,0,2929,detection,
2929312,6,10,512,512,0,0,0,0,0,0,2,0,0,0,2929,detection,
2929319,25,10,512,512,0,0,0,0,0,0,2,0,0,0,2929,detection,
2929337,23,10,512,512,0,0,0,0,0,0,0,0,0,0,2929,detection,
2929345,4,10,512,512,0,0,0,0,0,0,0,0,0,0,2929,detection,
2929349,2,24,540,540,0,0,0,0,0,0,2,0,0,0,2929,detection,
2929419,11,24,540,540,0,0,0,0,0,0,5,0,0,0,2929,detection,
2929419,8,24,540,540,0,0,0,0,0,0,1,0,0,0,2929,detection,
2929421,28,24,540,540,0,0,0,0,0,0,4,0,0,0,2929,detection,
2929428,22,24,540,540,0,0,0,0,0,0,2,0,0,0,2929,detection,
2929438,16,24,540,540,0,0,0,0,0,0,5,0,0,0,2929,detection,
2929443,25,24,540,540,0,0,0,0,0,0,1,0,0,0,2929,detection,
2929544,11,30,276,819,-543,100,100,100,51,0,12,0,97,100,2929,detection,
2929545,8,30,276,819,-543,100,100,100,54,0,9,0,97,100,2929,detection,
2929570,16,30,276,819,-543,100,100,100,50,0,13,0,97,100,2929,detection,
2929573,25,30,276,819,-543,100,100,100,56,0,6,0,97,100,2929,detection,
2929614,20,30,276,819,-543,100,100,100,55,0,8,0,97,100,2929,detection,
2929629,21,30,276,819,-543,100,100,100,53,0,10,0,97,100,2929,detection,
2929649,24,30,276,819,-543,100,100,100,52,0,11,0,97,100,2929,detection,
2930124,21,25,602,602,0,0,0,0,0,0,0,0,0,0,2930,detection,
2930154,28,25,602,602,0,0,0,0,0,0,3,0,0,0,2930,detection,
2930169,11,25,602,602,0,0,0,0,0,0,6,0,0,0,2930,detection,
2930169,8,25,602,602,0,0,0,0,0,0,0,0,0,0,2930,detection,
2930188,16,25,602,602,0,0,0,0,0,0,6,0,0,0,2930,detection,
2931145,24,28,804,804,0,0,0,0,0,0,13,0,0,0,2931,detection,
2931188,16,28,804,804,0,0,0,0,0,0,16,0,0,0,2931,detection,
2931193,25,28,804,804,0,0,0,0,0,0,14,0,0,0,2931,detection,
2931214,23,28,804,804,0,0,0,0,0,0,15,0,0,0,2931,detection,
2931219,10,28,804,804,0,0,0,0,0,0,11,0,0,0,2931,detection,
2931249,21,28,804,804,0,0,0,0,0,0,10,0,0,0,2931,detection,
2935248,21,25,595,595,0,0,0,0,0,0,0,0,0,0,2935,detection,
2935273,24,25,595,595,0,0,0,0,0,0,1,0,0,0,2935,detection,
2935278,28,25,595,595,0,0,0,0,0,0,3,0,0,0,2935,detection,
2935292,11,25,595,595,0,0,0,0,0,0,7,0,0,0,2935,detection,
2935293,8,25,595,595,0,0,0,0,0,0,0,0,0,0,2935,detection,
2935311,16,25,595,595,0,0,0,0,0,0,7,0,0,0,2935,detection,
2935341,10,25,595,595,0,0,0,0,0,0,2,0,0,0,2935,detection,
2937064,16,6,830,830,0,0,0,0,0,0,8,0,0,0,2937,detection,
2937089,23,6,830,830,0,0,0,0,0,0,1,0,0,0,2937,detection,
2937092,10,6,830,830,0,0,0,0,0,0,3,0,0,0,2937,detection,
2937097,4,6,830,830,0,0,0,0,0,0,2,0,0,0,2937,detection,
2937112,12,6,830,830,0,0,0,0,0,0,3,0,0,0,2937,detection,
2937123,21,6,830,830,0,0,0,0,0,0,1,0,0,0,2937,detection,
2937153,28,6,830,830,0,0,0,0,0,0,4,0,0,0,2937,detection,
2937165,9,6,830,830,0,0,0,0,0,0,1,0,0,0,2937,detection,
2937248,21,25,595,595,0,0,0,0,0,0,0,0,0,0,2937,detection,
2937587,23,17,768,768,0,0,0,0,0,0,3,0,0,0,2937,detection,
2938313,16,24,539,539,0,0,0,0,0,0,6,0,0,0,2938,detection,
2938318,25,24,539,539,0,0,0,0,0,0,1,0,0,0,2938,detection,
2938348,2,24,539,539,0,0,0,0,0,0,2,0,0,0,2938,detection,
2938418,11,24,539,539,0,0,0,0,0,0,3,0,0,0,2938,detection,
2938418,8,24,539,539,0,0,0,0,0,0,1,0,0,0,2938,detection,
2938472,4,10,512,512,0,0,0,0,0,0,0,0,0,0,2938,detection,
2938497,21,10,512,512,0,0,0,0,0,0,1,0,0,0,2938,detection,
2938528,28,10,512,512,0,0,0,0,0,0,3,0,0,0,2938,detection,
2938897,24,16,707,707,0,0,0,0,0,0,6,0,0,0,2938,detection,
2938940,6,16,707,707,0,0,0,0,0,0,19,0,0,0,2938,detection,
2938945,25,16,707,707,0,0,0,0,0,0,10,0,0,0,2938,detection,
2939250,21,30,276,915,-639,100,100,100,19,0,13,0,97,100,2939,detection,
2939275,24,30,276,915,-639,100,100,100,19,0,14,0,97,100,2939,detection,
2939279,28,30,276,915,-639,100,100,100,28,0,17,0,97,100,2939,detection,
2939294,11,30,276,915,-639,100,100,100,20,0,10,0,97,100,2939,detection,
2939295,8,30,276,915,-639,100,100,100,20,0,12,0,97,100,2939,detection,
2939314,16,30,276,915,-639,100,100,100,18,0,17,0,97,100,2939,detection,
2939323,25,30,276,915,-639,100,100,100,21,0,9,0,97,100,2939,detection,
2939364,20,30,276,915,-639,100,100,100,20,0,12,0,97,100,2939,detection,
2939837,23,19,581,581,0,0,0,0,0,0,0,0,0,0,2939,detection,
2941811,6,28,545,545,0,0,0,0,0,0,7,0,0,0,2941,detection,
2941819,25,28,545,545,0,0,0,0,0,0,20,0,0,0,2941,detection,
2941840,10,28,545,545,0,0,0,0,0,0,15,0,0,0,2941,detection,
2941896,24,28,545,545,0,0,0,0,0,0,15,0,0,0,2941,detection,
2944645,24,25,795,795,0,0,0,0,0,0,5,0,0,0,2944,detection,
2944654,28,25,795,795,0,0,0,0,0,0,8,0,0,0,2944,detection,
2944665,11,25,795,795,0,0,0,0,0,0,10,0,0,0,2944,detection,
2944667,8,25,795,795,0,0,0,0,0,0,4,0,0,0,2944,detection,
2944688,16,25,795,795,0,0,0,0,0,0,12,0,0,0,2944,detection,
2944735,13,25,795,795,0,0,0,0,0,0,7,0,0,0,2944,detection,
2944735,20,25,795,795,0,0,0,0,0,0,7,0,0,0,2944,detection,
2944748,21,25,795,795,0,0,0,0,0,0,4,0,0,0,2944,detection,
2945053,22,16,553,553,0,0,0,0,0,0,10,0,0,0,2945,detection,
2945112,12,16,553,553,0,0,0,0,0,0,7,0,0,0,2945,detection,
2946611,3,20,954,954,0,0,0,0,0,0,3,0,0,0,2946,detection,
2948466,23,10,512,512,0,0,0,0,0,0,0,0,0,0,2948,detection,
2948469,4,10,512,512,0,0,0,0,0,0,0,0,0,0,2948,detection,
2948851,2,24,940,940,0,0,0,0,0,0,7,0,0,0,2948,detection,
2948902,28,24,940,940,0,0,0,0,0,0,4,0,0,0,2948,detection,
2948917,11,24,940,940,0,0,0,0,0,0,8,0,0,0,2948,detection,
2948917,8,24,940,940,0,0,0,0,0,0,0,0,0,0,2948,detection,
2948930,22,24,940,940,0,0,0,0,0,0,7,0,0,0,2948,detection,
2948940,16,24,940,940,0,0,0,0,0,0,10,0,0,0,2948,detection,
2948944,25,24,940,940,0,0,0,0,0,0,8,0,0,0,2948,detection,
2952272,24,28,568,568,0,0,0,0,0,0,11,0,0,0,2952,detection,
2952311,16,28,568,568,0,0,0,0,0,0,20,0,0,0,2952,detection,
2952311,6,28,568,568,0,0,0,0,0,0,7,0,0,0,2952,detection,
2952320,25,28,568,568,0,0,0,0,0,0,14,0,0,0,2952,detection,
2952340,10,28,568,568,0,0,0,0,0,0,14,0,0,0,2952,detection,
2952372,21,28,568,568,0,0,0,0,0,0,14,0,0,0,2952,detection,
2953041,11,24,949,949,0,0,0,0,0,0,8,0,0,0,2953,detection,
2953042,8,24,949,949,0,0,0,0,0,0,1,0,0,0,2953,detection,
2953099,2,24,949,949,0,0,0,0,0,0,7,0,0,0,2953,detection,
2953155,28,24,949,949,0,0,0,0,0,0,4,0,0,0,2953,detection,
2953219,10,25,828,828,0,0,0,0,0,0,5,0,0,0,2953,detection,
2953233,13,25,828,828,0,0,0,0,0,0,11,0,0,0,2953,detection,
2953247,21,25,828,828,0,0,0,0,0,0,8,0,0,0,2953,detection,
2953272,24,25,828,828,0,0,0,0,0,0,10,0,0,0,2953,detection,
2953277,28,25,828,828,0,0,0,0,0,0,12,0,0,0,2953,detection,
2953292,11,25,828,828,0,0,0,0,0,0,15,0,0,0,2953,detection,
2953292,8,25,828,828,0,0,0,0,0,0,8,0,0,0,2953,detection,
2953310,16,25,828,828,0,0,0,0,0,0,15,0,0,0,2953,detection,
2953776,28,6,830,830,0,0,0,0,0,0,5,0,0,0,2953,detection,
2953987,12,6,830,830,0,0,0,0,0,0,3,0,0,0,2953,detection,
2953998,21,6,830,830,0,0,0,0,0,0,1,0,0,0,2953,detection,
2954039,9,6,830,830,0,0,0,0,0,0,1,0,0,0,2954,detection,
2954088,23,6,830,830,0,0,0,0,0,0,1,0,0,0,2954,detection,
2954096,4,6,830,830,0,0,0,0,0,0,2,0,0,0,2954,detection,
2954666,7,18,526,526,0,0,0,0,0,0,0,0,0,0,2954,detection,
2954693,25,28,572,572,0,0,0,0,0,0,13,0,0,0,2954,detection,
2955938,16,30,276,1147,-871,100,100,100,45,0,17,0,97,100,2955,detection,
2955947,25,30,276,1147,-871,100,100,100,48,0,13,0,97,100,2955,detection,
2956002,21,30,276,1147,-871,100,100,100,48,0,13,0,97,100,2956,detection,
2956022,24,30,276,1147,-871,100,100,100,45,0,16,0,97,100,2956,detection,
2956046,11,30,276,1147,-871,100,100,100,49,0,11,0,97,100,2956,detection,
2956047,8,30,276,1147,-871,100,100,100,48,0,12,0,97,100,2956,detection,
2957998,21,28,819,819,0,0,0,0,0,0,12,0,0,0,2957,detection,
2958022,24,28,819,819,0,0,0,0,0,0,16,0,0,0,2958,detection,
2958061,6,28,819,819,0,0,0,0,0,0,11,0,0,0,2958,detection,
2958061,16,28,819,819,0,0,0,0,0,0,23,0,0,0,2958,detection,
2958069,25,28,819,819,0,0,0,0,0,0,18,0,0,0,2958,detection,
2958086,23,28,819,819,0,0,0,0,0,0,15,0,0,0,2958,detection,
2958090,10,28,819,819,0,0,0,0,0,0,18,0,0,0,2958,detection,
2959522,24,25,913,913,0,0,0,0,0,0,16,0,0,0,2959,detection,
2959542,11,25,913,913,0,0,0,0,0,0,18,0,0,0,2959,detection,
2959542,8,25,913,913,0,0,0,0,0,0,12,0,0,0,2959,detection,
2959568,16,25,913,913,0,0,0,0,0,0,19,0,0,0,2959,detection,
2959972,2,24,537,537,0,0,0,0,0,0,11,0,0,0,2959,detection,
2960027,28,24,537,537,0,0,0,0,0,0,9,0,0,0,2960,detection,
2960043,8,24,537,537,0,0,0,0,0,0,4,0,0,0,2960,detection,
2960043,11,24,537,537,0,0,0,0,0,0,12,0,0,0,2960,detection,
2960051,22,24,537,537,0,0,0,0,0,0,10,0,0,0,2960,detection,
2960061,16,24,537,537,0,0,0,0,0,0,14,0,0,0,2960,detection,
2960076,25,24,537,537,0,0,0,0,0,0,15,0,0,0,2960,detection,
2960648,24,16,550,550,0,0,0,0,0,0,12,0,0,0,2960,detection,
2960652,28,16,550,550,0,0,0,0,0,0,5,0,0,0,2960,detection,
2960686,6,16,550,550,0,0,0,0,0,0,22,0,0,0,2960,detection,
2960696,25,16,550,550,0,0,0,0,0,0,19,0,0,0,2960,detection,
2961165,9,14,910,910,0,0,0,0,0,0,4,0,0,0,2961,detection,
2961216,17,14,910,910,0,0,0,0,0,0,0,0,0,0,2961,detection,
2961376,21,30,276,1104,-828,100,100,100,8,0,17,0,97,100,2961,detection,
2961400,24,30,276,1104,-828,100,100,100,7,0,21,0,95,100,2961,detection,
2961415,28,30,276,1104,-828,100,100,100,35,0,19,0,97,100,2961,detection,
2961420,11,30,276,1104,-828,100,100,100,8,0,14,0,97,100,2961,detection,
2961421,8,30,276,1104,-828,100,100,100,8,0,16,0,97,100,2961,detection,
2961439,16,30,276,1104,-828,100,100,100,7,0,21,0,95,100,2961,detection,
2961449,25,30,276,1104,-828,100,100,100,8,0,18,0,97,100,2961,detection,
2961544,8,30,276,1104,-828,100,100,100,0,0,16,0,97,100,2961,detection,
2964749,21,28,829,829,0,0,0,0,0,0,12,0,0,0,2964,detection,
2964769,24,28,829,829,0,0,0,0,0,0,16,0,0,0,2964,detection,
2964812,6,28,829,829,0,0,0,0,0,0,10,0,0,0,2964,detection,
2964812,16,28,829,829,0,0,0,0,0,0,18,0,0,0,2964,detection,
2964820,25,28,829,829,0,0,0,0,0,0,19,0,0,0,2964,detection,
2964837,23,28,829,829,0,0,0,0,0,0,14,0,0,0,2964,detection,
2964841,10,28,829,829,0,0,0,0,0,0,18,0,0,0,2964,detection,
2964981,13,25,577,577,0,0,0,0,0,0,14,0,0,0,2964,detection,
2964985,20,25,577,577,0,0,0,0,0,0,10,0,0,0,2964,detection,
2964999,21,25,577,577,0,0,0,0,0,0,8,0,0,0,2964,detection,
2965020,24,25,577,577,0,0,0,0,0,0,19,0,0,0,2965,detection,
2965029,28,25,577,577,0,0,0,0,0,0,18,0,0,0,2965,detection,
2965044,11,25,577,577,0,0,0,0,0,0,22,0,0,0,2965,detection,
2965044,8,25,577,577,0,0,0,0,0,0,12,0,0,0,2965,detection,
2965063,16,25,577,577,0,0,0,0,0,0,23,0,0,0,2965,detection,
2965088,10,25,577,577,0,0,0,0,0,0,4,0,0,0,2965,detection,
2965987,3,26,1007,1007,0,0,0,0,0,0,0,0,0,0,2965,detection,
2966237,3,29,704,954,-250,85,93,100,13,0,2,0,97,100,2966,detection,
2966294,8,24,537,537,0,0,0,0,0,0,4,0,0,0,2966,detection,
2966294,11,24,537,537,0,0,0,0,0,0,12,0,0,0,2966,detection,
2966303,22,24,537,537,0,0,0,0,0,0,10,0,0,0,2966,detection,
2966313,16,24,537,537,0,0,0,0,0,0,14,0,0,0,2966,detection,
2966318,25,24,537,537,0,0,0,0,0,0,16,0,0,0,2966,detection,
2966348,2,24,537,537,0,0,0,0,0,0,11,0,0,0,2966,detection,
2966406,28,24,537,537,0,0,0,0,0,0,10,0,0,0,2966,detection,
2969811,16,25,568,568,0,0,0,0,0,0,18,0,0,0,2969,detection,
2969841,10,25,568,568,0,0,0,0,0,0,4,0,0,0,2969,detection,
2969858,13,25,568,568,0,0,0,0,0,0,14,0,0,0,2969,detection,
2969862,20,25,568,568,0,0,0,0,0,0,10,0,0,0,2969,detection,
2969896,24,25,568,568,0,0,0,0,0,0,19,0,0,0,2969,detection,
2969901,28,25,568,568,0,0,0,0,0,0,19,0,0,0,2969,detection,
2969916,11,25,568,568,0,0,0,0,0,0,22,0,0,0,2969,detection,
2969917,8,25,568,568,0,0,0,0,0,0,12,0,0,0,2969,detection,
2971810,6,28,806,806,0,0,0,0,0,0,10,0,0,0,2971,detection,
2971819,25,28,806,806,0,0,0,0,0,0,19,0,0,0,2971,detection,
2971840,10,28,806,806,0,0,0,0,0,0,12,0,0,0,2971,detection,
2971896,24,28,806,806,0,0,0,0,0,0,15,0,0,0,2971,detection,
2973865,20,30,276,1117,-841,100,100,100,42,0,12,0,97,100,2973,detection,
2973875,21,30,276,1117,-841,100,100,100,2,0,12,0,97,100,2973,detection,
2973900,24,30,276,1117,-841,100,100,100,2,0,15,0,97,100,2973,detection,
2973905,28,30,276,1117,-841,100,100,100,2,0,21,0,95,100,2973,detection,
2973920,11,30,276,1117,-841,100,100,100,2,0,14,0,97,100,2973,detection,
2973920,8,30,276,1117,-841,100,100,100,2,0,16,0,97,100,2973,detection,
2973939,16,30,276,1117,-841,100,100,100,2,0,21,0,95,100,2973,detection,
2973948,25,30,276,1117,-841,100,100,100,2,0,22,0,95,100,2973,detection,
2974636,26,3,1201,1201,0,0,0,0,0,0,1,0,0,0,2974,detection,
2975794,11,25,564,564,0,0,0,0,0,0,17,0,0,0,2975,detection,
2975794,8,25,564,564,0,0,0,0,0,0,12,0,0,0,2975,detection,
2975813,16,25,564,564,0,0,0,0,0,0,18,0,0,0,2975,detection,
2975842,10,25,564,564,0,0,0,0,0,0,4,0,0,0,2975,detection,
2975859,20,25,564,564,0,0,0,0,0,0,10,0,0,0,2975,detection,
2975859,13,25,564,564,0,0,0,0,0,0,14,0,0,0,2975,detection,
2975873,21,25,564,564,0,0,0,0,0,0,8,0,0,0,2975,detection,
2975898,24,25,564,564,0,0,0,0,0,0,14,0,0,0,2975,detection,
2975903,28,25,564,564,0,0,0,0,0,0,15,0,0,0,2975,detection,
2976220,10,28,795,795,0,0,0,0,0,0,12,0,0,0,2976,detection,
2976247,21,28,795,795,0,0,0,0,0,0,12,0,0,0,2976,detection,
2976271,24,28,795,795,0,0,0,0,0,0,15,0,0,0,2976,detection,
2976310,16,28,795,795,0,0,0,0,0,0,18,0,0,0,2976,detection,
2976314,6,28,795,795,0,0,0,0,0,0,10,0,0,0,2976,detection,
2976318,25,28,795,795,0,0,0,0,0,0,21,0,0,0,2976,detection,
2977849,2,24,561,561,0,0,0,0,0,0,5,0,0,0,2977,detection,
2977904,28,24,561,561,0,0,0,0,0,0,13,0,0,0,2977,detection,
2977919,11,24,561,561,0,0,0,0,0,0,12,0,0,0,2977,detection,
2977919,8,24,561,561,0,0,0,0,0,0,4,0,0,0,2977,detection,
2977928,22,24,561,561,0,0,0,0,0,0,10,0,0,0,2977,detection,
2977938,16,24,561,561,0,0,0,0,0,0,14,0,0,0,2977,detection,
2977943,25,24,561,561,0,0,0,0,0,0,19,0,0,0,2977,detection,
2979357,13,25,817,817,0,0,0,0,0,0,18,0,0,0,2979,detection,
2979361,20,25,817,817,0,0,0,0,0,0,14,0,0,0,2979,detection,
2979375,21,25,817,817,0,0,0,0,0,0,12,0,0,0,2979,detection,
2979396,24,25,817,817,0,0,0,0,0,0,18,0,0,0,2979,detection,
2979401,28,25,817,817,0,0,0,0,0,0,19,0,0,0,2979,detection,
2979416,11,25,817,817,0,0,0,0,0,0,20,0,0,0,2979,detection,
2979416,8,25,817,817,0,0,0,0,0,0,15,0,0,0,2979,detection,
2979439,16,25,817,817,0,0,0,0,0,0,22,0,0,0,2979,detection,
2979465,10,25,817,817,0,0,0,0,0,0,8,0,0,0,2979,detection,
2981937,6,23,512,512,0,0,0,0,0,0,4,0,0,0,2981,detection,
2982950,19,31,276,783,-507,100,100,100,1,0,2,0,97,100,2982,detection,
2982973,2,24,614,614,0,0,0,0,0,0,5,0,0,0,2982,detection,
2983028,28,24,614,614,0,0,0,0,0,0,12,0,0,0,2983,detection,
2983043,8,24,614,614,0,0,0,0,0,0,4,0,0,0,2983,detection,
2983043,11,24,614,614,0,0,0,0,0,0,12,0,0,0,2983,detection,
2983052,22,24,614,614,0,0,0,0,0,0,10,0,0,0,2983,detection,
2983213,23,28,792,792,0,0,0,0,0,0,14,0,0,0,2983,detection,
2983249,21,28,792,792,0,0,0,0,0,0,12,0,0,0,2983,detection,
2983311,6,28,792,792,0,0,0,0,0,0,10,0,0,0,2983,detection,
2983312,16,28,792,792,0,0,0,0,0,0,17,0,0,0,2983,detection,
2983320,25,28,792,792,0,0,0,0,0,0,22,0,0,0,2983,detection,
2983787,9,12,737,737,0,0,0,0,0,0,1,0,0,0,2983,detection,
2984407,28,10,512,512,0,0,0,0,0,0,10,0,0,0,2984,detection,
2984448,25,10,512,512,0,0,0,0,0,0,11,0,0,0,2984,detection,
2984470,4,10,512,512,0,0,0,0,0,0,0,0,0,0,2984,detection,
2984470,23,10,512,512,0,0,0,0,0,0,0,0,0,0,2984,detection,
2984499,21,10,512,512,0,0,0,0,0,0,1,0,0,0,2984,detection,
2985088,23,6,802,802,0,0,0,0,0,0,1,0,0,0,2985,detection,
2985091,10,6,802,802,0,0,0,0,0,0,3,0,0,0,2985,detection,
2985096,4,6,802,802,0,0,0,0,0,0,2,0,0,0,2985,detection,
2985111,12,6,802,802,0,0,0,0,0,0,3,0,0,0,2985,detection,
2985122,21,6,802,802,0,0,0,0,0,0,1,0,0,0,2985,detection,
2985152,28,6,802,802,0,0,0,0,0,0,10,0,0,0,2985,detection,
2985163,9,6,802,802,0,0,0,0,0,0,1,0,0,0,2985,detection,
2985186,16,6,802,802,0,0,0,0,0,0,8,0,0,0,2985,detection,
2986111,12,16,635,635,0,0,0,0,0,0,8,0,0,0,2986,detection,
2986186,6,16,635,635,0,0,0,0,0,0,17,0,0,0,2986,detection,
2986648,24,30,276,892,-616,100,100,100,41,0,21,0,95,100,2986,detection,
2986657,28,30,276,892,-616,100,100,100,38,0,26,0,89,100,2986,detection,
2986691,16,30,276,892,-616,100,100,100,39,0,24,0,92,100,2986,detection,
2986696,25,30,276,892,-616,100,100,100,38,0,27,0,87,100,2986,detection,
2986737,20,30,276,892,-616,100,100,100,44,0,16,0,97,100,2986,detection,
2986752,21,30,276,892,-616,100,100,100,44,0,16,0,97,100,2986,detection,
2989193,25,24,623,623,0,0,0,0,0,0,20,0,0,0,2989,detection,
2989224,2,24,623,623,0,0,0,0,0,0,5,0,0,0,2989,detection,
2989290,8,24,623,623,0,0,0,0,0,0,4,0,0,0,2989,detection,
2989290,11,24,623,623,0,0,0,0,0,0,11,0,0,0,2989,detection,
2989439,16,25,557,557,0,0,0,0,0,0,25,0,0,0,2989,detection,
2989485,20,25,557,557,0,0,0,0,0,0,13,0,0,0,2989,detection,
2989520,24,25,557,557,0,0,0,0,0,0,24,0,0,0,2989,detection,
2991270,24,8,644,644,0,0,0,0,0,0,7,0,0,0,2991,detection,
2991444,25,16,658,658,0,0,0,0,0,0,28,0,0,0,2991,detection,
2991882,15,4,512,512,0,0,0,0,0,0,2,0,0,0,2991,detection,
2992271,24,16,658,658,0,0,0,0,0,0,19,0,0,0,2992,detection,
2992303,22,16,658,658,0,0,0,0,0,0,14,0,0,0,2992,detection,
2992314,6,16,658,658,0,0,0,0,0,0,22,0,0,0,2992,detection,
2992318,25,16,658,658,0,0,0,0,0,0,28,0,0,0,2992,detection,
2992372,21,25,554,554,0,0,0,0,0,0,17,0,0,0,2992,detection,
2992397,24,25,554,554,0,0,0,0,0,0,25,0,0,0,2992,detection,
2992406,28,25,554,554,0,0,0,0,0,0,25,0,0,0,2992,detection,
2992417,11,25,554,554,0,0,0,0,0,0,24,0,0,0,2992,detection,
2992417,8,25,554,554,0,0,0,0,0,0,19,0,0,0,2992,detection,
2992482,13,25,554,554,0,0,0,0,0,0,17,0,0,0,2992,detection,
2992486,20,25,554,554,0,0,0,0,0,0,14,0,0,0,2992,detection,
2992865,20,30,276,939,-663,100,100,100,9,0,17,0,97,100,2992,detection,
2992900,24,30,276,939,-663,100,100,100,8,0,23,0,94,100,2992,detection,
2992920,11,30,276,939,-663,100,100,100,34,0,18,0,97,100,2992,detection,
2992920,8,30,276,939,-663,100,100,100,33,0,19,0,97,100,2992,detection,
2993000,1,21,768,768,0,0,0,0,0,0,2,0,0,0,2993,detection,
2993029,28,21,768,768,0,0,0,0,0,0,16,0,0,0,2993,detection,
2993078,25,21,768,768,0,0,0,0,0,0,18,0,0,0,2993,detection,
2993109,13,21,768,768,0,0,0,0,0,0,3,0,0,0,2993,detection,
2993114,20,21,768,768,0,0,0,0,0,0,3,0,0,0,2993,detection,
2993127,1,23,512,512,0,0,0,0,0,0,2,0,0,0,2993,detection,
2993134,15,23,512,512,0,0,0,0,0,0,1,0,0,0,2993,detection,
2993199,19,23,512,512,0,0,0,0,0,0,1,0,0,0,2993,detection,
2993215,17,23,512,512,0,0,0,0,0,0,3,0,0,0,2993,detection,
2993538,9,6,802,802,0,0,0,0,0,0,1,0,0,0,2993,detection,
2993587,23,6,802,802,0,0,0,0,0,0,2,0,0,0,2993,detection,
2993595,4,6,802,802,0,0,0,0,0,0,1,0,0,0,2993,detection,
2993733,3,20,955,955,0,0,0,0,0,0,9,0,0,0,2993,detection,
2993736,13,20,955,955,0,0,0,0,0,0,10,0,0,0,2993,detection,
2993763,26,20,955,955,0,0,0,0,0,0,11,0,0,0,2993,detection,
2993904,28,24,630,630,0,0,0,0,0,0,14,0,0,0,2993,detection,
2993920,11,24,630,630,0,0,0,0,0,0,7,0,0,0,2993,detection,
2993920,8,24,630,630,0,0,0,0,0,0,4,0,0,0,2993,detection,
2993929,22,24,630,630,0,0,0,0,0,0,10,0,0,0,2993,detection,
2993938,16,24,630,630,0,0,0,0,0,0,15,0,0,0,2993,detection,
2993943,25,24,630,630,0,0,0,0,0,0,14,0,0,0,2993,detection,
2993973,2,24,630,630,0,0,0,0,0,0,5,0,0,0,2993,detection,
2995124,21,10,512,512,0,0,0,0,0,0,2,0,0,0,2995,detection,
2995434,6,28,861,861,0,0,0,0,0,0,6,0,0,0,2995,detection,
2995438,16,28,861,861,0,0,0,0,0,0,19,0,0,0,2995,detection,
2995448,25,28,861,861,0,0,0,0,0,0,24,0,0,0,2995,detection,
2995468,10,28,861,861,0,0,0,0,0,0,12,0,0,0,2995,detection,
2995468,23,28,861,861,0,0,0,0,0,0,15,0,0,0,2995,detection,
2998092,1,21,821,821,0,0,0,0,0,0,4,0,0,0,2998,detection,
2998107,13,21,821,821,0,0,0,0,0,0,5,0,0,0,2998,detection,
2998112,20,21,821,821,0,0,0,0,0,0,5,0,0,0,2998,detection,
2998151,28,21,821,821,0,0,0,0,0,0,13,0,0,0,2998,detection,
2998195,25,21,821,821,0,0,0,0,0,0,15,0,0,0,2998,detection,
2999237,20,30,276,957,-681,100,100,100,3,0,17,0,97,100,2999,detection,
2999252,21,30,276,957,-681,100,100,100,12,0,17,0,97,100,2999,detection,
2999276,24,30,276,957,-681,100,100,100,3,0,23,0,94,100,2999,detection,
2999281,28,30,276,957,-681,100,100,100,11,0,26,0,89,100,2999,detection,
2999295,11,30,276,957,-681,100,100,100,3,0,18,0,97,100,2999,detection,
2999296,8,30,276,957,-681,100,100,100,3,0,16,0,97,100,2999,detection,
2999315,16,30,276,957,-681,100,100,100,11,0,21,0,95,100,2999,detection,
2999324,25,30,276,957,-681,100,100,100,10,0,29,0,86,100,2999,detection,
2999369,1,23,512,512,0,0,0,0,0,0,2,0,0,0,2999,detection,
2999385,15,23,512,512,0,0,0,0,0,0,1,0,0,0,2999,detection,
2999408,28,23,512,512,0,0,0,0,0,0,13,0,0,0,2999,detection,
2999450,19,23,512,512,0,0,0,0,0,0,1,0,0,0,2999,detection,
2999465,17,23,512,512,0,0,0,0,0,0,1,0,0,0,2999,detection,
2999466,10,23,512,512,0,0,0,0,0,0,3,0,0,0,2999,detection,
2999473,4,23,512,512,0,0,0,0,0,0,0,0,0,0,2999,detection,
2999519,24,25,551,551,0,0,0,0,0,0,25,0,0,0,2999,detection,
2999529,28,25,551,551,0,0,0,0,0,0,25,0,0,0,2999,detection,
2999544,11,25,551,551,0,0,0,0,0,0,24,0,0,0,2999,detection,
2999544,8,25,551,551,0,0,0,0,0,0,19,0,0,0,2999,detection,
2999575,16,25,551,551,0,0,0,0,0,0,26,0,0,0,2999,detection,
2999623,21,25,551,551,0,0,0,0,0,0,17,0,0,0,2999,detection,
3000739,12,16,678,678,0,0,0,0,0,0,12,0,0,0,3000,detection,
3000771,24,16,678,678,0,0,0,0,0,0,15,0,0,0,3000,detection,
3000803,22,16,678,678,0,0,0,0,0,0,14,0,0,0,3000,detection,
3000814,6,16,678,678,0,0,0,0,0,0,22,0,0,0,3000,detection,
3000901,28,6,802,802,0,0,0,0,0,0,11,0,0,0,3000,detection,
3000913,9,6,802,802,0,0,0,0,0,0,1,0,0,0,3000,detection,
3000940,16,6,802,802,0,0,0,0,0,0,8,0,0,0,3000,detection,
3000966,23,6,802,802,0,0,0,0,0,0,2,0,0,0,3000,detection,
3000969,4,6,802,802,0,0,0,0,0,0,1,0,0,0,3000,detection,
3000982,13,20,963,963,0,0,0,0,0,0,10,0,0,0,3000,detection,
3000985,3,20,963,963,0,0,0,0,0,0,10,0,0,0,3000,detection,
3000988,12,6,802,802,0,0,0,0,0,0,3,0,0,0,3000,detection,
3000997,21,20,963,963,0,0,0,0,0,0,16,0,0,0,3000,detection,
3001011,26,20,963,963,0,0,0,0,0,0,11,0,0,0,3001,detection,
3001042,8,20,963,963,0,0,0,0,0,0,9,0,0,0,3001,detection,
3001542,7,15,520,520,0,0,0,0,0,0,0,0,0,0,3001,detection,
3003000,21,28,598,598,0,0,0,0,0,0,17,0,0,0,3003,detection,
3003023,24,28,598,598,0,0,0,0,0,0,22,0,0,0,3003,detection,
3003062,16,28,598,598,0,0,0,0,0,0,22,0,0,0,3003,detection,
3003063,6,28,598,598,0,0,0,0,0,0,10,0,0,0,3003,detection,
3003088,23,28,598,598,0,0,0,0,0,0,18,0,0,0,3003,detection,
3003092,10,28,598,598,0,0,0,0,0,0,16,0,0,0,3003,detection,
3003474,2,24,671,671,0,0,0,0,0,0,5,0,0,0,3003,detection,
3003544,11,24,671,671,0,0,0,0,0,0,7,0,0,0,3003,detection,
3003554,22,24,671,671,0,0,0,0,0,0,10,0,0,0,3003,detection,
3004135,15,27,512,512,0,0,0,0,0,0,1,0,0,0,3004,detection,
3009689,16,28,591,591,0,0,0,0,0,0,22,0,0,0,3009,detection,
3009689,6,28,591,591,0,0,0,0,0,0,9,0,0,0,3009,detection,
3009694,25,28,591,591,0,0,0,0,0,0,22,0,0,0,3009,detection,
3009750,21,28,591,591,0,0,0,0,0,0,17,0,0,0,3009,detection,
3010234,13,5,1277,1277,0,0,0,0,0,0,1,0,0,0,3010,detection,
3010771,24,16,646,646,0,0,0,0,0,0,15,0,0,0,3010,detection,
3010780,28,16,646,646,0,0,0,0,0,0,14,0,0,0,3010,detection,
3010803,22,16,646,646,0,0,0,0,0,0,14,0,0,0,3010,detection,
3010819,25,16,646,646,0,0,0,0,0,0,30,0,0,0,3010,detection,
3010863,12,16,646,646,0,0,0,0,0,0,12,0,0,0,3010,detection,
3011343,10,25,547,547,0,0,0,0,0,0,11,0,0,0,3011,detection,
3011484,13,20,919,919,0,0,0,0,0,0,10,0,0,0,3011,detection,
3011487,3,20,919,919,0,0,0,0,0,0,9,0,0,0,3011,detection,
3011544,8,20,919,919,0,0,0,0,0,0,9,0,0,0,3011,detection,
3011572,25,20,919,919,0,0,0,0,0,0,26,0,0,0,3011,detection,
3011684,1,21,926,926,0,0,0,0,0,0,5,0,0,0,3011,detection,
3011688,6,21,926,926,0,0,0,0,0,0,8,0,0,0,3011,detection,
3011693,25,21,926,926,0,0,0,0,0,0,17,0,0,0,3011,detection,
3011736,13,21,926,926,0,0,0,0,0,0,7,0,0,0,3011,detection,
3011739,20,21,926,926,0,0,0,0,0,0,7,0,0,0,3011,detection,
3011778,28,21,926,926,0,0,0,0,0,0,15,0,0,0,3011,detection,
3013539,9,17,803,803,0,0,0,0,0,0,1,0,0,0,3013,detection,
3014027,28,24,657,657,0,0,0,0,0,0,14,0,0,0,3014,detection,
3014042,11,24,657,657,0,0,0,0,0,0,7,0,0,0,3014,detection,
3014042,8,24,657,657,0,0,0,0,0,0,0,0,0,0,3014,detection,
3014051,22,24,657,657,0,0,0,0,0,0,5,0,0,0,3014,detection,
3014061,16,24,657,657,0,0,0,0,0,0,10,0,0,0,3014,detection,
3014070,25,24,657,657,0,0,0,0,0,0,16,0,0,0,3014,detection,
3014596,1,23,512,512,0,0,0,0,0,0,2,0,0,0,3014,detection,
3014633,15,23,512,512,0,0,0,0,0,0,1,0,0,0,3014,detection,
3014652,28,23,512,512,0,0,0,0,0,0,13,0,0,0,3014,detection,
3014686,6,23,512,512,0,0,0,0,0,0,5,0,0,0,3014,detection,
3014698,19,23,512,512,0,0,0,0,0,0,1,0,0,0,3014,detection,
3014714,17,23,512,512,0,0,0,0,0,0,1,0,0,0,3014,detection,
3014715,10,23,512,512,0,0,0,0,0,0,1,0,0,0,3014,detection,
3014721,4,23,512,512,0,0,0,0,0,0,0,0,0,0,3014,detection,
3016651,28,6,802,802,0,0,0,0,0,0,11,0,0,0,3016,detection,
3016663,9,6,802,802,0,0,0,0,0,0,0,0,0,0,3016,detection,
3016712,23,6,802,802,0,0,0,0,0,0,2,0,0,0,3016,detection,
3016720,4,6,802,802,0,0,0,0,0,0,1,0,0,0,3016,detection,
3016737,20,30,276,934,-658,100,100,100,4,0,17,0,97,100,3016,detection,
3016752,21,30,276,934,-658,100,100,100,4,0,17,0,97,100,3016,detection,
3016781,28,30,276,934,-658,100,100,100,3,0,26,0,89,100,3016,detection,
3018111,20,25,547,547,0,0,0,0,0,0,14,0,0,0,3018,detection,
3018145,24,25,547,547,0,0,0,0,0,0,25,0,0,0,3018,detection,
3018155,28,25,547,547,0,0,0,0,0,0,25,0,0,0,3018,detection,
3018165,11,25,547,547,0,0,0,0,0,0,24,0,0,0,3018,detection,
3018166,8,25,547,547,0,0,0,0,0,0,19,0,0,0,3018,detection,
3018214,10,25,547,547,0,0,0,0,0,0,12,0,0,0,3018,detection,
3020500,21,13,1028,1028,0,0,0,0,0,0,8,0,0,0,3020,detection,
3022562,16,28,585,585,0,0,0,0,0,0,22,0,0,0,3022,detection,
3022562,6,28,585,585,0,0,0,0,0,0,9,0,0,0,3022,detection,
3022572,25,28,585,585,0,0,0,0,0,0,22,0,0,0,3022,detection,
3022587,23,28,585,585,0,0,0,0,0,0,18,0,0,0,3022,detection,
3022591,10,28,585,585,0,0,0,0,0,0,15,0,0,0,3022,detection,
3022623,21,28,585,585,0,0,0,0,0,0,16,0,0,0,3022,detection,
3022647,24,28,585,585,0,0,0,0,0,0,22,0,0,0,3022,detection,
3023543,11,2,981,981,0,0,0,0,0,0,4,0,0,0,3023,detection,
3023916,8,11,696,696,0,0,0,0,0,0,4,0,0,0,3023,detection,
3032448,19,7,517,517,0,0,0,0,0,0,3,0,0,0,3032,detection,
3033688,16,24,657,657,0,0,0,0,0,0,10,0,0,0,3033,detection,
3035277,28,6,802,802,0,0,0,0,0,0,11,0,0,0,3035,detection,
3035289,9,6,802,802,0,0,0,0,0,0,0,0,0,0,3035,detection,
3035312,16,6,802,802,0,0,0,0,0,0,8,0,0,0,3035,detection,
3035338,23,6,802,802,0,0,0,0,0,0,2,0,0,0,3035,detection,
3035341,10,6,802,802,0,0,0,0,0,0,3,0,0,0,3035,detection,
3035346,4,6,802,802,0,0,0,0,0,0,1,0,0,0,3035,detection,
3035361,12,6,802,802,0,0,0,0,0,0,2,0,0,0,3035,detection,
3036487,12,16,651,651,0,0,0,0,0,0,12,0,0,0,3036,detection,
3036524,24,16,651,651,0,0,0,0,0,0,15,0,0,0,3036,detection,
3036528,28,16,651,651,0,0,0,0,0,0,14,0,0,0,3036,detection,
3036551,22,16,651,651,0,0,0,0,0,0,14,0,0,0,3036,detection,
3036562,6,16,651,651,0,0,0,0,0,0,22,0,0,0,3036,detection,
3036876,21,28,585,585,0,0,0,0,0,0,16,0,0,0,3036,detection,
3037346,1,23,512,512,0,0,0,0,0,0,1,0,0,0,3037,detection,
3037383,15,23,512,512,0,0,0,0,0,0,1,0,0,0,3037,detection,
3037415,28,23,512,512,0,0,0,0,0,0,12,0,0,0,3037,detection,
3037436,6,23,512,512,0,0,0,0,0,0,5,0,0,0,3037,detection,
3037448,19,23,512,512,0,0,0,0,0,0,1,0,0,0,3037,detection,
3037464,17,23,512,512,0,0,0,0,0,0,0,0,0,0,3037,detection,
3037465,10,23,512,512,0,0,0,0,0,0,1,0,0,0,3037,detection,
3037471,4,23,512,512,0,0,0,0,0,0,0,0,0,0,3037,detection,
3040165,11,25,545,545,0,0,0,0,0,0,24,0,0,0,3040,detection,
3040166,8,25,545,545,0,0,0,0,0,0,19,0,0,0,3040,detection,
3040189,16,25,545,545,0,0,0,0,0,0,26,0,0,0,3040,detection,
3040234,20,25,545,545,0,0,0,0,0,0,14,0,0,0,3040,detection,
3040235,13,25,545,545,0,0,0,0,0,0,17,0,0,0,3040,detection,
3042773,1,21,876,876,0,0,0,0,0,0,5,0,0,0,3042,detection,
3042777,28,21,876,876,0,0,0,0,0,0,15,0,0,0,3042,detection,
3042857,13,21,876,876,0,0,0,0,0,0,7,0,0,0,3042,detection,
3042861,20,21,876,876,0,0,0,0,0,0,6,0,0,0,3042,detection,
3044293,8,20,880,880,0,0,0,0,0,0,9,0,0,0,3044,detection,
3044315,16,12,737,737,0,0,0,0,0,0,7,0,0,0,3044,detection,
3044320,25,20,880,880,0,0,0,0,0,0,25,0,0,0,3044,detection,
3044357,13,20,880,880,0,0,0,0,0,0,9,0,0,0,3044,detection,
3044360,3,20,880,880,0,0,0,0,0,0,9,0,0,0,3044,detection,
3044376,21,20,880,880,0,0,0,0,0,0,10,0,0,0,3044,detection,
3044386,26,20,880,880,0,0,0,0,0,0,11,0,0,0,3044,detection,
3044938,6,10,512,512,0,0,0,0,0,0,3,0,0,0,3044,detection,
3044963,23,10,512,512,0,0,0,0,0,0,1,0,0,0,3044,detection,
3044972,4,10,512,512,0,0,0,0,0,0,0,0,0,0,3044,detection,
3044997,21,10,512,512,0,0,0,0,0,0,2,0,0,0,3044,detection,
3045029,28,10,512,512,0,0,0,0,0,0,10,0,0,0,3045,detection,
3045315,16,30,276,941,-665,100,100,100,2,0,21,0,95,100,3045,detection,
3045365,20,30,276,941,-665,100,100,100,1,0,17,0,97,100,3045,detection,
3045375,21,30,276,941,-665,100,100,100,1,0,17,0,97,100,3045,detection,
3045400,24,30,276,941,-665,100,100,100,2,0,23,0,94,100,3045,detection,
3045411,28,30,276,941,-665,100,100,100,1,0,26,0,89,100,3045,detection,
3045420,11,30,276,941,-665,100,100,100,3,0,17,0,97,100,3045,detection,
3045420,8,30,276,941,-665,100,100,100,3,0,16,0,97,100,3045,detection,
3045570,25,24,670,670,0,0,0,0,0,0,16,0,0,0,3045,detection,
3045652,28,24,670,670,0,0,0,0,0,0,10,0,0,0,3045,detection,
3045666,11,24,670,670,0,0,0,0,0,0,7,0,0,0,3045,detection,
3045669,8,24,670,670,0,0,0,0,0,0,0,0,0,0,3045,detection,
3045679,22,24,670,670,0,0,0,0,0,0,5,0,0,0,3045,detection,
3049300,22,9,723,723,0,0,0,0,0,0,6,0,0,0,3049,detection,
3050522,24,28,605,605,0,0,0,0,0,0,22,0,0,0,3050,detection,
3050561,6,28,605,605,0,0,0,0,0,0,9,0,0,0,3050,detection,
3050566,16,28,605,605,0,0,0,0,0,0,22,0,0,0,3050,detection,
3050571,25,28,605,605,0,0,0,0,0,0,22,0,0,0,3050,detection,
3050587,23,28,605,605,0,0,0,0,0,0,18,0,0,0,3050,detection,
3057965,23,10,512,512,0,0,0,0,0,0,1,0,0,0,3057,detection,
3062089,17,23,512,512,0,0,0,0,0,0,0,0,0,0,3062,detection,
3064093,17,14,867,867,0,0,0,0,0,0,0,0,0,0,3064,detection,
3066326,19,15,520,520,0,0,0,0,0,0,1,0,0,0,3066,detection,
3068623,21,6,802,802,0,0,0,0,0,0,2,0,0,0,3068,detection,
3073035,27,18,526,526,0,0,0,0,0,0,0,0,0,0,3073,detection,
3074276,18,4,512,512,0,0,0,0,0,0,2,0,0,0,3074,detection,
3076669,11,8,694,694,0,0,0,0,0,0,5,0,0,0,3076,detection,
3079608,20,25,569,569,0,0,0,0,0,0,14,0,0,0,3079,detection,
3079608,13,25,569,569,0,0,0,0,0,0,17,0,0,0,3079,detection,
3079622,21,25,569,569,0,0,0,0,0,0,16,0,0,0,3079,detection,
3079647,24,25,569,569,0,0,0,0,0,0,25,0,0,0,3079,detection,
3079652,28,25,569,569,0,0,0,0,0,0,25,0,0,0,3079,detection,
3079667,11,25,569,569,0,0,0,0,0,0,24,0,0,0,3079,detection,
3079667,8,25,569,569,0,0,0,0,0,0,15,0,0,0,3079,detection,
3079686,16,25,569,569,0,0,0,0,0,0,26,0,0,0,3079,detection,
3079716,10,25,569,569,0,0,0,0,0,0,11,0,0,0,3079,detection,
3083648,24,2,979,979,0,0,0,0,0,0,6,0,0,0,3083,detection,
3083859,13,26,1001,1001,0,0,0,0,0,0,0,0,0,0,3083,detection,
3084299,1,23,512,512,0,0,0,0,0,0,1,0,0,0,3084,detection,
3084312,6,23,512,512,0,0,0,0,0,0,3,0,0,0,3084,detection,
3084324,19,23,512,512,0,0,0,0,0,0,1,0,0,0,3084,detection,
3084340,17,23,512,512,0,0,0,0,0,0,0,0,0,0,3084,detection,
3084340,10,23,512,512,0,0,0,0,0,0,0,0,0,0,3084,detection,
3084347,4,23,512,512,0,0,0,0,0,0,0,0,0,0,3084,detection,
3084383,15,23,512,512,0,0,0,0,0,0,1,0,0,0,3084,detection,
3084401,28,23,512,512,0,0,0,0,0,0,12,0,0,0,3084,detection,
3085543,8,20,873,873,0,0,0,0,0,0,4,0,0,0,3085,detection,
3086606,13,25,565,565,0,0,0,0,0,0,17,0,0,0,3086,detection,
3086614,20,25,565,565,0,0,0,0,0,0,14,0,0,0,3086,detection,
3086624,21,25,565,565,0,0,0,0,0,0,17,0,0,0,3086,detection,
3086644,24,25,565,565,0,0,0,0,0,0,25,0,0,0,3086,detection,
3086654,28,25,565,565,0,0,0,0,0,0,25,0,0,0,3086,detection,
3086669,11,25,565,565,0,0,0,0,0,0,24,0,0,0,3086,detection,
3086669,8,25,565,565,0,0,0,0,0,0,15,0,0,0,3086,detection,
3086687,16,25,565,565,0,0,0,0,0,0,26,0,0,0,3086,detection,
3086713,10,25,565,565,0,0,0,0,0,0,11,0,0,0,3086,detection,
3088364,1,21,672,672,0,0,0,0,0,0,4,0,0,0,3088,detection,
3088436,6,21,672,672,0,0,0,0,0,0,7,0,0,0,3088,detection,
3088465,10,21,672,672,0,0,0,0,0,0,3,0,0,0,3088,detection,
3088482,13,21,672,672,0,0,0,0,0,0,6,0,0,0,3088,detection,
3088486,20,21,672,672,0,0,0,0,0,0,6,0,0,0,3088,detection,
3091651,28,25,558,558,0,0,0,0,0,0,25,0,0,0,3091,detection,
3092461,23,6,802,802,0,0,0,0,0,0,0,0,0,0,3092,detection,
3092464,10,6,802,802,0,0,0,0,0,0,3,0,0,0,3092,detection,
3092498,21,6,802,802,0,0,0,0,0,0,2,0,0,0,3092,detection,
3092529,28,6,802,802,0,0,0,0,0,0,10,0,0,0,3092,detection,
3093148,24,25,558,558,0,0,0,0,0,0,20,0,0,0,3093,detection,
3093153,28,25,558,558,0,0,0,0,0,0,21,0,0,0,3093,detection,
3093168,11,25,558,558,0,0,0,0,0,0,18,0,0,0,3093,detection,
3093168,8,25,558,558,0,0,0,0,0,0,15,0,0,0,3093,detection,
3093187,16,25,558,558,0,0,0,0,0,0,21,0,0,0,3093,detection,
3093220,10,25,558,558,0,0,0,0,0,0,7,0,0,0,3093,detection,
3095611,13,29,684,1258,-574,100,100,100,93,0,3,0,96,100,3095,detection,
3098226,2,11,738,738,0,0,0,0,0,0,4,0,0,0,3098,detection,
3098805,22,31,276,845,-569,100,100,100,13,0,5,0,97,100,3098,detection,
3098862,20,25,552,552,0,0,0,0,0,0,14,0,0,0,3098,detection,
3098879,21,25,552,552,0,0,0,0,0,0,16,0,0,0,3098,detection,
3098896,24,25,552,552,0,0,0,0,0,0,20,0,0,0,3098,detection,
3098901,28,25,552,552,0,0,0,0,0,0,21,0,0,0,3098,detection,
3098916,11,25,552,552,0,0,0,0,0,0,19,0,0,0,3098,detection,
3098917,8,25,552,552,0,0,0,0,0,0,15,0,0,0,3098,detection,
3098965,10,25,552,552,0,0,0,0,0,0,7,0,0,0,3098,detection,
3098982,13,25,552,552,0,0,0,0,0,0,17,0,0,0,3098,detection,
3099275,18,27,512,512,0,0,0,0,0,0,0,0,0,0,3099,detection,
3100858,13,3,1201,1201,0,0,0,0,0,0,2,0,0,0,3100,detection,
3105272,24,25,550,550,0,0,0,0,0,0,20,0,0,0,3105,detection,
3105292,11,25,550,550,0,0,0,0,0,0,18,0,0,0,3105,detection,
3105292,8,25,550,550,0,0,0,0,0,0,15,0,0,0,3105,detection,
3105310,16,25,550,550,0,0,0,0,0,0,21,0,0,0,3105,detection,
3105340,10,25,550,550,0,0,0,0,0,0,7,0,0,0,3105,detection,
3105357,13,25,550,550,0,0,0,0,0,0,16,0,0,0,3105,detection,
3105361,20,25,550,550,0,0,0,0,0,0,14,0,0,0,3105,detection,
3105375,21,25,550,550,0,0,0,0,0,0,11,0,0,0,3105,detection,
3107346,4,7,516,516,0,0,0,0,0,0,1,0,0,0,3107,detection,
3107813,16,22,613,613,0,0,0,0,0,0,8,0,0,0,3107,detection,
3108948,19,17,803,803,0,0,0,0,0,0,3,0,0,0,3108,detection,
3109011,26,5,1227,1227,0,0,0,0,0,0,1,0,0,0,3109,detection,
3113071,25,13,962,962,0,0,0,0,0,0,21,0,0,0,3113,detection,
3113111,3,13,962,962,0,0,0,0,0,0,1,0,0,0,3113,detection,
3113112,20,13,962,962,0,0,0,0,0,0,4,0,0,0,3113,detection,
3113137,26,13,962,962,0,0,0,0,0,0,1,0,0,0,3113,detection,
3113140,5,13,962,962,0,0,0,0,0,0,2,0,0,0,3113,detection,
3113312,6,10,512,512,0,0,0,0,0,0,3,0,0,0,3113,detection,
3113321,25,10,512,512,0,0,0,0,0,0,15,0,0,0,3113,detection,
3113337,23,10,512,512,0,0,0,0,0,0,1,0,0,0,3113,detection,
3113346,4,10,512,512,0,0,0,0,0,0,0,0,0,0,3113,detection,
3113398,24,16,587,587,0,0,0,0,0,0,16,0,0,0,3113,detection,
3113408,28,16,587,587,0,0,0,0,0,0,14,0,0,0,3113,detection,
3113436,6,16,587,587,0,0,0,0,0,0,22,0,0,0,3113,detection,
3113445,25,16,587,587,0,0,0,0,0,0,26,0,0,0,3113,detection,
3113489,12,16,587,587,0,0,0,0,0,0,12,0,0,0,3113,detection,
3113669,11,8,626,626,0,0,0,0,0,0,5,0,0,0,3113,detection,
3113784,24,8,626,626,0,0,0,0,0,0,9,0,0,0,3113,detection,
3113899,24,28,628,628,0,0,0,0,0,0,18,0,0,0,3113,detection,
3113938,16,28,628,628,0,0,0,0,0,0,18,0,0,0,3113,detection,
3113938,6,28,628,628,0,0,0,0,0,0,9,0,0,0,3113,detection,
3113943,25,28,628,628,0,0,0,0,0,0,23,0,0,0,3113,detection,
3113963,23,28,628,628,0,0,0,0,0,0,18,0,0,0,3113,detection,
3113967,10,28,628,628,0,0,0,0,0,0,17,0,0,0,3113,detection,
3114012,26,20,754,754,0,0,0,0,0,0,10,0,0,0,3114,detection,
3114109,3,20,754,754,0,0,0,0,0,0,8,0,0,0,3114,detection,
3114185,1,21,622,622,0,0,0,0,0,0,4,0,0,0,3114,detection,
3114188,6,21,622,622,0,0,0,0,0,0,7,0,0,0,3114,detection,
3114193,25,21,622,622,0,0,0,0,0,0,19,0,0,0,3114,detection,
3114278,28,21,622,622,0,0,0,0,0,0,14,0,0,0,3114,detection,
3114350,2,24,613,613,0,0,0,0,0,0,5,0,0,0,3114,detection,
3114416,11,24,613,613,0,0,0,0,0,0,8,0,0,0,3114,detection,
3114416,8,24,613,613,0,0,0,0,0,0,2,0,0,0,3114,detection,
3114417,28,24,613,613,0,0,0,0,0,0,10,0,0,0,3114,detection,
3114429,22,24,613,613,0,0,0,0,0,0,5,0,0,0,3114,detection,
3114448,25,24,613,613,0,0,0,0,0,0,18,0,0,0,3114,detection,
3114898,24,11,666,666,0,0,0,0,0,0,13,0,0,0,3114,detection,
3114918,8,11,666,666,0,0,0,0,0,0,5,0,0,0,3114,detection,
3114976,2,11,666,666,0,0,0,0,0,0,4,0,0,0,3114,detection,
3116470,4,19,541,541,0,0,0,0,0,0,0,0,0,0,3116,detection,
3116593,10,25,768,768,0,0,0,0,0,0,12,0,0,0,3116,detection,
3116605,13,25,768,768,0,0,0,0,0,0,21,0,0,0,3116,detection,
3116609,20,25,768,768,0,0,0,0,0,0,14,0,0,0,3116,detection,
3116622,21,25,768,768,0,0,0,0,0,0,16,0,0,0,3116,detection,
3116648,24,25,768,768,0,0,0,0,0,0,25,0,0,0,3116,detection,
3116653,28,25,768,768,0,0,0,0,0,0,25,0,0,0,3116,detection,
3116668,11,25,768,768,0,0,0,0,0,0,23,0,0,0,3116,detection,
3116668,8,25,768,768,0,0,0,0,0,0,21,0,0,0,3116,detection,
3116687,16,25,768,768,0,0,0,0,0,0,26,0,0,0,3116,detection,
3118234,13,3,1059,1059,0,0,0,0,0,0,7,0,0,0,3118,detection,
3118239,20,3,1059,1059,0,0,0,0,0,0,7,0,0,0,3118,detection,
3118263,26,3,1059,1059,0,0,0,0,0,0,4,0,0,0,3118,detection,
3118914,1,21,841,841,0,0,0,0,0,0,5,0,0,0,3118,detection,
3118964,10,21,841,841,0,0,0,0,0,0,7,0,0,0,3118,detection,
3120291,8,11,666,666,0,0,0,0,0,0,1,0,0,0,3120,detection,
3120349,2,11,666,666,0,0,0,0,0,0,4,0,0,0,3120,detection,
3120395,24,11,666,666,0,0,0,0,0,0,8,0,0,0,3120,detection,
3120858,13,20,757,757,0,0,0,0,0,0,5,0,0,0,3120,detection,
3120860,3,20,757,757,0,0,0,0,0,0,4,0,0,0,3120,detection,
3120876,21,20,757,757,0,0,0,0,0,0,12,0,0,0,3120,detection,
3120886,26,20,757,757,0,0,0,0,0,0,9,0,0,0,3120,detection,
3121315,6,10,512,512,0,0,0,0,0,0,2,0,0,0,3121,detection,
3122361,3,13,962,962,0,0,0,0,0,0,3,0,0,0,3122,detection,
3122388,26,13,962,962,0,0,0,0,0,0,1,0,0,0,3122,detection,
3122391,5,13,962,962,0,0,0,0,0,0,2,0,0,0,3122,detection,
3122439,16,28,628,628,0,0,0,0,0,0,19,0,0,0,3122,detection,
3122439,6,28,628,628,0,0,0,0,0,0,9,0,0,0,3122,detection,
3123379,21,30,276,970,-694,100,100,100,5,0,19,0,97,100,3123,detection,
3123399,24,30,276,970,-694,100,100,100,5,0,25,0,91,100,3123,detection,
3123411,28,30,276,970,-694,100,100,100,4,0,26,0,89,100,3123,detection,
3123419,11,30,276,970,-694,100,100,100,5,0,19,0,97,100,3123,detection,
3123419,8,30,276,970,-694,100,100,100,5,0,19,0,97,100,3123,detection,
3123442,16,30,276,970,-694,100,100,100,5,0,23,0,94,100,3123,detection,
3123447,25,30,276,970,-694,100,100,100,2,0,25,0,91,100,3123,detection,
3123667,11,24,623,623,0,0,0,0,0,0,9,0,0,0,3123,detection,
3123680,22,24,623,623,0,0,0,0,0,0,7,0,0,0,3123,detection,
3123724,2,24,623,623,0,0,0,0,0,0,6,0,0,0,3123,detection,
3123794,11,25,546,546,0,0,0,0,0,0,29,0,0,0,3123,detection,
3123794,8,25,546,546,0,0,0,0,0,0,26,0,0,0,3123,detection,
3123813,16,25,546,546,0,0,0,0,0,0,31,0,0,0,3123,detection,
3123843,10,25,546,546,0,0,0,0,0,0,16,0,0,0,3123,detection,
3123879,21,25,546,546,0,0,0,0,0,0,22,0,0,0,3123,detection,
3123903,28,25,546,546,0,0,0,0,0,0,28,0,0,0,3123,detection,
3123919,11,2,1033,1033,0,0,0,0,0,0,6,0,0,0,3123,detection,
3124486,20,8,653,653,0,0,0,0,0,0,4,0,0,0,3124,detection,
3124521,24,8,653,653,0,0,0,0,0,0,10,0,0,0,3124,detection,
3124545,11,8,653,653,0,0,0,0,0,0,5,0,0,0,3124,detection,
3124612,12,22,613,613,0,0,0,0,0,0,3,0,0,0,3124,detection,
3124664,9,22,613,613,0,0,0,0,0,0,6,0,0,0,3124,detection,
3124989,12,16,587,587,0,0,0,0,0,0,8,0,0,0,3124,detection,
3125064,6,16,587,587,0,0,0,0,0,0,22,0,0,0,3125,detection,
3125523,1,21,596,596,0,0,0,0,0,0,8,0,0,0,3125,detection,
3125527,28,21,596,596,0,0,0,0,0,0,14,0,0,0,3125,detection,
3125561,6,21,596,596,0,0,0,0,0,0,6,0,0,0,3125,detection,
3125570,25,21,596,596,0,0,0,0,0,0,18,0,0,0,3125,detection,
3125607,13,21,596,596,0,0,0,0,0,0,7,0,0,0,3125,detection,
3126135,26,3,1082,1082,0,0,0,0,0,0,4,0,0,0,3126,detection,
3126792,11,24,623,623,0,0,0,0,0,0,9,0,0,0,3126,detection,
3127225,2,11,702,702,0,0,0,0,0,0,5,0,0,0,3127,detection,
3127271,24,11,702,702,0,0,0,0,0,0,9,0,0,0,3127,detection,
3127291,8,11,702,702,0,0,0,0,0,0,2,0,0,0,3127,detection,
3127514,5,13,962,962,0,0,0,0,0,0,1,0,0,0,3127,detection,
3129193,25,16,622,622,0,0,0,0,0,0,25,0,0,0,3129,detection,
3129237,12,16,622,622,0,0,0,0,0,0,8,0,0,0,3129,detection,
3129274,24,16,622,622,0,0,0,0,0,0,17,0,0,0,3129,detection,
3129302,22,16,622,622,0,0,0,0,0,0,16,0,0,0,3129,detection,
3129312,6,16,622,622,0,0,0,0,0,0,22,0,0,0,3129,detection,
3129345,4,19,541,541,0,0,0,0,0,0,0,0,0,0,3129,detection,
3129382,15,19,541,541,0,0,0,0,0,0,0,0,0,0,3129,detection,
3129384,1,19,541,541,0,0,0,0,0,0,0,0,0,0,3129,detection,
3129416,7,19,541,541,0,0,0,0,0,0,3,0,0,0,3129,detection,
3129469,23,19,541,541,0,0,0,0,0,0,1,0,0,0,3129,detection,
3129528,28,24,623,623,0,0,0,0,0,0,10,0,0,0,3129,detection,
3129542,11,24,623,623,0,0,0,0,0,0,9,0,0,0,3129,detection,
3129542,8,24,623,623,0,0,0,0,0,0,4,0,0,0,3129,detection,
3129551,22,24,623,623,0,0,0,0,0,0,6,0,0,0,3129,detection,
3129567,16,24,623,623,0,0,0,0,0,0,13,0,0,0,3129,detection,
3129571,25,24,623,623,0,0,0,0,0,0,18,0,0,0,3129,detection,
3129596,2,24,623,623,0,0,0,0,0,0,7,0,0,0,3129,detection,
3130273,24,25,544,544,0,0,0,0,0,0,30,0,0,0,3130,detection,
3130278,28,25,544,544,0,0,0,0,0,0,28,0,0,0,3130,detection,
3130312,16,25,544,544,0,0,0,0,0,0,31,0,0,0,3130,detection,
3130342,10,25,544,544,0,0,0,0,0,0,16,0,0,0,3130,detection,
3130861,12,22,613,613,0,0,0,0,0,0,3,0,0,0,3130,detection,
3130914,9,22,613,613,0,0,0,0,0,0,6,0,0,0,3130,detection,
3132265,1,21,615,615,0,0,0,0,0,0,7,0,0,0,3132,detection,
3132278,28,21,615,615,0,0,0,0,0,0,14,0,0,0,3132,detection,
3132312,6,21,615,615,0,0,0,0,0,0,6,0,0,0,3132,detection,
3132321,25,21,615,615,0,0,0,0,0,0,18,0,0,0,3132,detection,
3132341,10,21,615,615,0,0,0,0,0,0,6,0,0,0,3132,detection,
3132358,13,21,615,615,0,0,0,0,0,0,7,0,0,0,3132,detection,
3132363,20,21,615,615,0,0,0,0,0,0,7,0,0,0,3132,detection,
3132485,20,8,640,640,0,0,0,0,0,0,3,0,0,0,3132,detection,
3133541,8,11,685,685,0,0,0,0,0,0,2,0,0,0,3133,detection,
3133599,2,11,685,685,0,0,0,0,0,0,6,0,0,0,3133,detection,
3133734,3,20,737,737,0,0,0,0,0,0,3,0,0,0,3133,detection,
3133736,13,20,737,737,0,0,0,0,0,0,4,0,0,0,3133,detection,
3133750,21,20,737,737,0,0,0,0,0,0,12,0,0,0,3133,detection,
3133760,26,20,737,737,0,0,0,0,0,0,9,0,0,0,3133,detection,
3133795,8,20,737,737,0,0,0,0,0,0,8,0,0,0,3133,detection,
3133819,25,20,737,737,0,0,0,0,0,0,29,0,0,0,3133,detection,
3134366,20,30,276,904,-628,100,100,100,6,0,22,0,95,100,3134,detection,
3134376,21,30,276,904,-628,100,100,100,11,0,24,0,92,100,3134,detection,
3134405,28,30,276,904,-628,100,100,100,10,0,29,0,86,100,3134,detection,
3134420,11,30,276,904,-628,100,100,100,12,0,19,0,97,100,3134,detection,
3134420,8,30,276,904,-628,100,100,100,11,0,23,0,94,100,3134,detection,
3134439,16,30,276,904,-628,100,100,100,11,0,27,0,87,100,3134,detection,
3134448,25,30,276,904,-628,100,100,100,10,0,31,0,82,75,3134,detection,
3135520,24,25,542,542,0,0,0,0,0,0,30,0,0,0,3135,detection,
3135541,11,25,542,542,0,0,0,0,0,0,28,0,0,0,3135,detection,
3135541,8,25,542,542,0,0,0,0,0,0,26,0,0,0,3135,detection,
3135563,16,25,542,542,0,0,0,0,0,0,31,0,0,0,3135,detection,
3136562,6,10,512,512,0,0,0,0,0,0,2,0,0,0,3136,detection,
3136570,25,10,512,512,0,0,0,0,0,0,17,0,0,0,3136,detection,
3136587,23,10,512,512,0,0,0,0,0,0,1,0,0,0,3136,detection,
3136595,4,10,512,512,0,0,0,0,0,0,0,0,0,0,3136,detection,
3136936,6,28,675,675,0,0,0,0,0,0,9,0,0,0,3136,detection,
3136939,16,28,675,675,0,0,0,0,0,0,19,0,0,0,3136,detection,
3136965,10,28,675,675,0,0,0,0,0,0,17,0,0,0,3136,detection,
3136965,23,28,675,675,0,0,0,0,0,0,12,0,0,0,3136,detection,
3137001,21,28,675,675,0,0,0,0,0,0,15,0,0,0,3137,detection,
3137020,24,28,675,675,0,0,0,0,0,0,19,0,0,0,3137,detection,
3137735,20,13,962,962,0,0,0,0,0,0,3,0,0,0,3137,detection,
3137749,21,13,962,962,0,0,0,0,0,0,7,0,0,0,3137,detection,
3137762,5,13,962,962,0,0,0,0,0,0,1,0,0,0,3137,detection,
3137764,26,13,962,962,0,0,0,0,0,0,1,0,0,0,3137,detection,
3138841,23,15,519,519,0,0,0,0,0,0,1,0,0,0,3138,detection,
3138918,11,30,276,1051,-775,100,100,100,26,0,23,0,94,100,3138,detection,
3138918,8,30,276,1051,-775,100,100,100,25,0,26,0,89,100,3138,detection,
3138941,16,30,276,1051,-775,100,100,100,23,0,30,0,84,75,3138,detection,
3138946,25,30,276,1051,-775,100,100,100,22,0,35,0,77,75,3138,detection,
3138988,20,30,276,1051,-775,100,100,100,25,0,25,0,91,100,3138,detection,
3139002,21,30,276,1051,-775,100,100,100,24,0,28,0,87,100,3139,detection,
3139031,28,30,276,1051,-775,100,100,100,24,0,29,0,86,100,3139,detection,
3139567,16,28,686,686,0,0,0,0,0,0,19,0,0,0,3139,detection,
3139849,2,24,859,859,0,0,0,0,0,0,6,0,0,0,3139,detection,
3139928,22,24,859,859,0,0,0,0,0,0,10,0,0,0,3139,detection,
3140511,26,3,1131,1131,0,0,0,0,0,0,4,0,0,0,3140,detection,
3140916,7,18,524,524,0,0,0,0,0,0,0,0,0,0,3140,detection,
3141101,2,11,655,655,0,0,0,0,0,0,6,0,0,0,3141,detection,
3141147,24,11,655,655,0,0,0,0,0,0,10,0,0,0,3141,detection,
3141167,8,11,655,655,0,0,0,0,0,0,2,0,0,0,3141,detection,
3141337,23,28,842,842,0,0,0,0,0,0,16,0,0,0,3141,detection,
3141340,10,28,842,842,0,0,0,0,0,0,20,0,0,0,3141,detection,
3141372,21,28,842,842,0,0,0,0,0,0,19,0,0,0,3141,detection,
3141396,24,28,842,842,0,0,0,0,0,0,24,0,0,0,3141,detection,
3141439,6,28,842,842,0,0,0,0,0,0,7,0,0,0,3141,detection,
3141484,20,8,629,629,0,0,0,0,0,0,3,0,0,0,3141,detection,
3141523,24,8,629,629,0,0,0,0,0,0,10,0,0,0,3141,detection,
3142042,11,25,540,540,0,0,0,0,0,0,30,0,0,0,3142,detection,
3142042,8,25,540,540,0,0,0,0,0,0,21,0,0,0,3142,detection,
3142090,10,25,540,540,0,0,0,0,0,0,16,0,0,0,3142,detection,
3142107,13,25,540,540,0,0,0,0,0,0,25,0,0,0,3142,detection,
3142111,20,25,540,540,0,0,0,0,0,0,17,0,0,0,3142,detection,
3142145,24,25,540,540,0,0,0,0,0,0,31,0,0,0,3142,detection,
3142155,28,25,540,540,0,0,0,0,0,0,29,0,0,0,3142,detection,
3144362,12,16,625,625,0,0,0,0,0,0,7,0,0,0,3144,detection,
3144426,22,16,625,625,0,0,0,0,0,0,15,0,0,0,3144,detection,
3144437,6,16,625,625,0,0,0,0,0,0,22,0,0,0,3144,detection,
3144487,12,22,613,613,0,0,0,0,0,0,2,0,0,0,3144,detection,
3144521,24,22,613,613,0,0,0,0,0,0,17,0,0,0,3144,detection,
3144540,9,22,613,613,0,0,0,0,0,0,6,0,0,0,3144,detection,
3144626,21,30,276,885,-609,100,100,100,28,0,27,0,87,100,3144,detection,
3144655,28,30,276,885,-609,100,100,100,26,0,33,0,79,75,3144,detection,
3145290,9,14,867,867,0,0,0,0,0,0,0,0,0,0,3145,detection,
3145611,20,26,1001,1001,0,0,0,0,0,0,2,0,0,0,3145,detection,
3146043,11,8,969,969,0,0,0,0,0,0,10,0,0,0,3146,detection,
3146811,16,28,705,705,0,0,0,0,0,0,19,0,0,0,3146,detection,
3146812,6,28,705,705,0,0,0,0,0,0,12,0,0,0,3146,detection,
3146821,25,28,705,705,0,0,0,0,0,0,26,0,0,0,3146,detection,
3146873,21,28,705,705,0,0,0,0,0,0,23,0,0,0,3146,detection,
3146897,24,28,705,705,0,0,0,0,0,0,28,0,0,0,3146,detection,
3147153,28,10,512,512,0,0,0,0,0,0,10,0,0,0,3147,detection,
3148976,2,11,931,931,0,0,0,0,0,0,5,0,0,0,3148,detection,
3149238,20,30,276,1110,-834,100,100,100,10,0,25,0,91,100,3149,detection,
3149253,21,30,276,1110,-834,100,100,100,35,0,32,0,81,75,3149,detection,
3149282,28,30,276,1110,-834,100,100,100,33,0,38,0,72,75,3149,detection,
3150848,1,21,813,813,0,0,0,0,0,0,8,0,0,0,3150,detection,
3150849,2,24,844,844,0,0,0,0,0,0,6,0,0,0,3150,detection,
3150860,13,21,813,813,0,0,0,0,0,0,5,0,0,0,3150,detection,
3151736,13,25,538,538,0,0,0,0,0,0,20,0,0,0,3151,detection,
3151737,20,25,538,538,0,0,0,0,0,0,17,0,0,0,3151,detection,
3151747,21,25,538,538,0,0,0,0,0,0,22,0,0,0,3151,detection,
3151791,11,25,538,538,0,0,0,0,0,0,31,0,0,0,3151,detection,
3151792,8,25,538,538,0,0,0,0,0,0,22,0,0,0,3151,detection,
3152186,6,28,842,842,0,0,0,0,0,0,15,0,0,0,3152,detection,
3152212,23,28,842,842,0,0,0,0,0,0,19,0,0,0,3152,detection,
3152216,10,28,842,842,0,0,0,0,0,0,19,0,0,0,3152,detection,
3154240,20,30,276,1071,-795,100,100,100,6,0,25,0,91,100,3154,detection,
3154250,21,30,276,1071,-795,100,100,100,6,0,32,0,81,75,3154,detection,
3154275,24,30,276,1071,-795,100,100,100,17,0,26,0,89,100,3154,detection,
3154279,28,30,276,1071,-795,100,100,100,5,0,38,0,72,75,3154,detection,
3154295,11,30,276,1071,-795,100,100,100,3,0,30,0,84,75,3154,detection,
3154295,8,30,276,1071,-795,100,100,100,3,0,33,0,79,75,3154,detection,
3154314,16,30,276,1071,-795,100,100,100,3,0,35,0,77,75,3154,detection,
3154323,25,30,276,1071,-795,100,100,100,2,0,39,0,71,75,3154,detection,
3154865,3,29,664,1237,-573,100,100,100,73,0,7,0,97,100,3154,detection,
3154890,5,29,664,1237,-573,100,100,100,83,0,9,0,96,100,3154,detection,
3154891,26,29,664,1237,-573,100,100,100,76,0,7,0,97,100,3154,detection,
3156261,26,20,749,749,0,0,0,0,0,0,4,0,0,0,3156,detection,
3156357,13,20,749,749,0,0,0,0,0,0,4,0,0,0,3156,detection,
3156359,3,20,749,749,0,0,0,0,0,0,3,0,0,0,3156,detection,
3157345,4,10,512,512,0,0,0,0,0,0,0,0,0,0,3157,detection,
3157371,21,10,512,512,0,0,0,0,0,0,6,0,0,0,3157,detection,
3157561,16,28,901,901,0,0,0,0,0,0,22,0,0,0,3157,detection,
3157561,6,28,901,901,0,0,0,0,0,0,22,0,0,0,3157,detection,
3157570,25,28,901,901,0,0,0,0,0,0,28,0,0,0,3157,detection,
3157590,10,28,901,901,0,0,0,0,0,0,26,0,0,0,3157,detection,
3157987,3,13,957,957,0,0,0,0,0,0,3,0,0,0,3157,detection,
3158012,5,13,957,957,0,0,0,0,0,0,1,0,0,0,3158,detection,
3158014,26,13,957,957,0,0,0,0,0,0,1,0,0,0,3158,detection,
3158075,25,13,957,957,0,0,0,0,0,0,23,0,0,0,3158,detection,
3159476,2,24,656,656,0,0,0,0,0,0,10,0,0,0,3159,detection,
3161647,24,8,1008,1008,0,0,0,0,0,0,14,0,0,0,3161,detection,
3161666,11,8,1008,1008,0,0,0,0,0,0,17,0,0,0,3161,detection,
3162987,13,29,644,1311,-667,100,100,100,22,0,3,0,97,100,3162,detection,
3162990,3,29,644,1311,-667,100,100,100,21,0,7,0,97,100,3162,detection,
3163015,5,29,644,1311,-667,100,100,100,22,0,4,0,97,100,3163,detection,
3163016,26,29,644,1311,-667,100,100,100,21,0,7,0,97,100,3163,detection,
3163044,8,24,643,643,0,0,0,0,0,0,6,0,0,0,3163,detection,
3163044,11,24,643,643,0,0,0,0,0,0,7,0,0,0,3163,detection,
3163053,22,24,643,643,0,0,0,0,0,0,14,0,0,0,3163,detection,
3163063,16,24,643,643,0,0,0,0,0,0,13,0,0,0,3163,detection,
3163097,2,24,643,643,0,0,0,0,0,0,10,0,0,0,3163,detection,
3163850,2,11,943,943,0,0,0,0,0,0,10,0,0,0,3163,detection,
3164096,4,6,802,802,0,0,0,0,0,0,0,0,0,0,3164,detection,
3164112,20,30,276,991,-715,100,100,100,13,0,25,0,91,100,3164,detection,
3164127,21,30,276,991,-715,100,100,100,12,0,31,0,82,75,3164,detection,
3164156,28,30,276,991,-715,100,100,100,11,0,37,0,74,75,3164,detection,
3165361,3,13,947,947,0,0,0,0,0,0,6,0,0,0,3165,detection,
3165388,26,13,947,947,0,0,0,0,0,0,5,0,0,0,3165,detection,
3165391,5,13,947,947,0,0,0,0,0,0,5,0,0,0,3165,detection,
3166002,21,30,276,979,-703,100,100,100,1,0,31,0,82,75,3166,detection,
3166022,24,25,805,805,0,0,0,0,0,0,36,0,0,0,3166,detection,
3166027,28,25,805,805,0,0,0,0,0,0,32,0,0,0,3166,detection,
3166042,11,25,805,805,0,0,0,0,0,0,31,0,0,0,3166,detection,
3166042,8,25,805,805,0,0,0,0,0,0,27,0,0,0,3166,detection,
3166061,16,25,805,805,0,0,0,0,0,0,34,0,0,0,3166,detection,
3166107,13,25,805,805,0,0,0,0,0,0,25,0,0,0,3166,detection,
3166111,20,25,805,805,0,0,0,0,0,0,21,0,0,0,3166,detection,
3166522,24,28,860,860,0,0,0,0,0,0,33,0,0,0,3166,detection,
3166560,6,28,860,860,0,0,0,0,0,0,25,0,0,0,3166,detection,
3166589,10,28,860,860,0,0,0,0,0,0,29,0,0,0,3166,detection,
3166590,23,28,860,860,0,0,0,0,0,0,19,0,0,0,3166,detection,
3167439,6,4,512,512,0,0,0,0,0,0,7,0,0,0,3167,detection,
3168896,24,8,910,910,0,0,0,0,0,0,20,0,0,0,3168,detection,
3168920,11,8,910,910,0,0,0,0,0,0,22,0,0,0,3168,detection,
3168985,20,8,910,910,0,0,0,0,0,0,4,0,0,0,3168,detection,
3170987,12,16,604,604,0,0,0,0,0,0,7,0,0,0,3170,detection,
3171024,24,16,604,604,0,0,0,0,0,0,18,0,0,0,3171,detection,
3171028,28,16,604,604,0,0,0,0,0,0,14,0,0,0,3171,detection,
3171051,22,16,604,604,0,0,0,0,0,0,15,0,0,0,3171,detection,
3171062,6,16,604,604,0,0,0,0,0,0,17,0,0,0,3171,detection,
3171855,13,21,758,758,0,0,0,0,0,0,6,0,0,0,3171,detection,
3171874,1,21,758,758,0,0,0,0,0,0,7,0,0,0,3171,detection,
3171903,28,21,758,758,0,0,0,0,0,0,14,0,0,0,3171,detection,
3171937,6,21,758,758,0,0,0,0,0,0,6,0,0,0,3171,detection,
3171946,25,21,758,758,0,0,0,0,0,0,19,0,0,0,3171,detection,
3172166,7,27,512,512,0,0,0,0,0,0,1,0,0,0,3172,detection,
3172261,26,3,1180,1180,0,0,0,0,0,0,0,0,0,0,3172,detection,
3172362,20,3,1180,1180,0,0,0,0,0,0,7,0,0,0,3172,detection,
3172636,26,13,1011,1011,0,0,0,0,0,0,9,0,0,0,3172,detection,
3172639,5,13,1011,1011,0,0,0,0,0,0,9,0,0,0,3172,detection,
3172735,20,13,1011,1011,0,0,0,0,0,0,7,0,0,0,3172,detection,
3172737,3,13,1011,1011,0,0,0,0,0,0,5,0,0,0,3172,detection,
3172749,21,13,1011,1011,0,0,0,0,0,0,10,0,0,0,3172,detection,
3173773,24,30,276,935,-659,100,100,100,23,0,26,0,89,100,3173,detection,
3173793,11,30,276,935,-659,100,100,100,22,0,30,0,84,75,3173,detection,
3173793,8,30,276,935,-659,100,100,100,21,0,34,0,79,75,3173,detection,
3173821,25,30,276,935,-659,100,100,100,19,0,39,0,71,75,3173,detection,
3173863,20,30,276,935,-659,100,100,100,9,0,25,0,91,100,3173,detection,
3174141,5,29,624,1447,-823,100,100,100,35,0,8,0,97,100,3174,detection,
3174240,3,29,624,1447,-823,100,100,100,33,0,10,0,97,100,3174,detection,
3174262,26,29,624,1447,-823,100,100,100,33,0,10,0,97,100,3174,detection,
3175415,9,22,613,613,0,0,0,0,0,0,6,0,0,0,3175,detection,
3175438,16,22,613,613,0,0,0,0,0,0,10,0,0,0,3175,detection,
3175486,12,22,613,613,0,0,0,0,0,0,2,0,0,0,3175,detection,
3175524,24,22,613,613,0,0,0,0,0,0,17,0,0,0,3175,detection,
3177196,25,20,774,774,0,0,0,0,0,0,28,0,0,0,3177,detection,
3177282,27,7,516,516,0,0,0,0,0,0,1,0,0,0,3177,detection,
3177522,24,25,604,604,0,0,0,0,0,0,34,0,0,0,3177,detection,
3177542,11,25,604,604,0,0,0,0,0,0,35,0,0,0,3177,detection,
3177542,8,25,604,604,0,0,0,0,0,0,32,0,0,0,3177,detection,
3177561,16,25,604,604,0,0,0,0,0,0,38,0,0,0,3177,detection,
3177667,11,8,974,974,0,0,0,0,0,0,24,0,0,0,3177,detection,
3177778,24,8,974,974,0,0,0,0,0,0,21,0,0,0,3177,detection,
3182041,8,11,901,901,0,0,0,0,0,0,8,0,0,0,3182,detection,
3182793,9,31,276,879,-603,100,100,100,60,16,0,0,97,100,3182,detection,
3182917,11,24,631,631,0,0,0,0,0,0,7,0,0,0,3182,detection,
3182918,8,24,631,631,0,0,0,0,0,0,7,0,0,0,3182,detection,
3183359,13,29,604,1467,-863,100,100,100,44,0,8,0,97,100,3183,detection,
3183363,3,29,604,1467,-863,100,100,100,8,0,10,0,97,100,3183,detection,
3183388,26,29,604,1467,-863,100,100,100,8,0,10,0,97,100,3183,detection,
3183391,5,29,604,1467,-863,100,100,100,8,0,8,0,97,100,3183,detection,
3184234,13,25,596,596,0,0,0,0,0,0,29,0,0,0,3184,detection,
3184238,20,25,596,596,0,0,0,0,0,0,25,0,0,0,3184,detection,
3184248,21,25,596,596,0,0,0,0,0,0,22,0,0,0,3184,detection,
3184277,28,25,596,596,0,0,0,0,0,0,36,0,0,0,3184,detection,
3184293,11,25,596,596,0,0,0,0,0,0,34,0,0,0,3184,detection,
3184293,8,25,596,596,0,0,0,0,0,0,32,0,0,0,3184,detection,
3185169,11,2,1520,1520,0,0,0,0,0,0,23,0,0,0,3185,detection,
3185273,24,2,1520,1520,0,0,0,0,0,0,26,0,0,0,3185,detection,
3185320,25,13,1035,1035,0,0,0,0,0,0,21,0,0,0,3185,detection,
3185360,3,13,1035,1035,0,0,0,0,0,0,5,0,0,0,3185,detection,
3185362,20,13,1035,1035,0,0,0,0,0,0,7,0,0,0,3185,detection,
3185376,21,13,1035,1035,0,0,0,0,0,0,10,0,0,0,3185,detection,
3185387,26,13,1035,1035,0,0,0,0,0,0,4,0,0,0,3185,detection,
3185390,5,13,1035,1035,0,0,0,0,0,0,5,0,0,0,3185,detection,
3185839,10,6,867,867,0,0,0,0,0,0,4,0,0,0,3185,detection,
3185841,23,6,867,867,0,0,0,0,0,0,0,0,0,0,3185,detection,
3185844,4,6,867,867,0,0,0,0,0,0,0,0,0,0,3185,detection,
3185864,12,6,867,867,0,0,0,0,0,0,3,0,0,0,3185,detection,
3185879,21,6,867,867,0,0,0,0,0,0,5,0,0,0,3185,detection,
3185904,28,6,867,867,0,0,0,0,0,0,10,0,0,0,3185,detection,
3185916,9,6,867,867,0,0,0,0,0,0,1,0,0,0,3185,detection,
3185939,16,6,867,867,0,0,0,0,0,0,11,0,0,0,3185,detection,
3186896,24,8,929,929,0,0,0,0,0,0,17,0,0,0,3186,detection,
3186916,11,8,929,929,0,0,0,0,0,0,23,0,0,0,3186,detection,
3190021,24,28,867,867,0,0,0,0,0,0,33,0,0,0,3190,detection,
3196771,24,11,901,901,0,0,0,0,0,0,12,0,0,0,3196,detection,
3197165,9,17,893,893,0,0,0,0,0,0,1,0,0,0,3197,detection,
3199110,13,29,584,1460,-876,100,100,100,2,0,8,0,97,100,3199,detection,
3199113,3,29,584,1460,-876,100,100,100,2,0,10,0,97,100,3199,detection,
3199139,26,29,584,1460,-876,100,100,100,2,0,10,0,97,100,3199,detection,
3199142,5,29,584,1460,-876,100,100,100,2,0,8,0,97,100,3199,detection,
3200001,21,30,276,932,-656,100,100,100,7,0,31,0,82,75,3200,detection,
3200021,24,30,276,932,-656,100,100,100,0,0,22,0,95,100,3200,detection,
3200030,28,30,276,932,-656,100,100,100,8,0,37,0,74,75,3200,detection,
3200045,11,30,276,932,-656,100,100,100,0,0,30,0,84,75,3200,detection,
3200045,8,30,276,932,-656,100,100,100,0,0,34,0,79,75,3200,detection,
3200064,16,30,276,932,-656,100,100,100,21,0,34,0,79,75,3200,detection,
3200073,25,30,276,932,-656,100,100,100,0,0,39,0,71,75,3200,detection,
3200398,24,25,589,589,0,0,0,0,0,0,35,0,0,0,3200,detection,
3200406,28,25,589,589,0,0,0,0,0,0,32,0,0,0,3200,detection,
3200418,11,25,589,589,0,0,0,0,0,0,35,0,0,0,3200,detection,
3200418,8,25,589,589,0,0,0,0,0,0,32,0,0,0,3200,detection,
3200437,16,25,589,589,0,0,0,0,0,0,33,0,0,0,3200,detection,
3200467,10,25,589,589,0,0,0,0,0,0,16,0,0,0,3200,detection,
3200483,13,25,589,589,0,0,0,0,0,0,29,0,0,0,3200,detection,
3200497,21,25,589,589,0,0,0,0,0,0,22,0,0,0,3200,detection,
3210540,8,11,864,864,0,0,0,0,0,0,8,0,0,0,3210,detection,
3210598,2,11,864,864,0,0,0,0,0,0,10,0,0,0,3210,detection,
3211112,3,13,1035,1035,0,0,0,0,0,0,4,0,0,0,3211,detection,
3211113,20,13,1035,1035,0,0,0,0,0,0,7,0,0,0,3211,detection,
3211123,21,13,1035,1035,0,0,0,0,0,0,9,0,0,0,3211,detection,
3211138,26,13,1035,1035,0,0,0,0,0,0,4,0,0,0,3211,detection,
3211141,5,13,1035,1035,0,0,0,0,0,0,4,0,0,0,3211,detection,
3212184,14,9,560,560,0,0,0,0,0,0,5,0,0,0,3212,detection,
3214351,2,24,612,612,0,0,0,0,0,0,10,0,0,0,3214,detection,
3214402,28,24,612,612,0,0,0,0,0,0,10,0,0,0,3214,detection,
3214417,11,24,612,612,0,0,0,0,0,0,7,0,0,0,3214,detection,
3214417,8,24,612,612,0,0,0,0,0,0,7,0,0,0,3214,detection,
3214430,22,24,612,612,0,0,0,0,0,0,14,0,0,0,3214,detection,
3214440,16,24,612,612,0,0,0,0,0,0,13,0,0,0,3214,detection,
3214445,25,24,612,612,0,0,0,0,0,0,19,0,0,0,3214,detection,
3214861,20,8,889,889,0,0,0,0,0,0,4,0,0,0,3214,detection,
3214896,24,8,889,889,0,0,0,0,0,0,17,0,0,0,3214,detection,
3214920,11,8,889,889,0,0,0,0,0,0,23,0,0,0,3214,detection,
3216263,5,26,901,901,0,0,0,0,0,0,0,0,0,0,3216,detection,
3216270,24,28,857,857,0,0,0,0,0,0,33,0,0,0,3216,detection,
3216313,6,28,857,857,0,0,0,0,0,0,25,0,0,0,3216,detection,
3216313,16,28,857,857,0,0,0,0,0,0,25,0,0,0,3216,detection,
3216318,25,28,857,857,0,0,0,0,0,0,32,0,0,0,3216,detection,
3216339,23,28,857,857,0,0,0,0,0,0,19,0,0,0,3216,detection,
3216342,10,28,857,857,0,0,0,0,0,0,29,0,0,0,3216,detection,
3216375,21,28,857,857,0,0,0,0,0,0,27,0,0,0,3216,detection,
3217274,24,22,622,622,0,0,0,0,0,0,17,0,0,0,3217,detection,
3218485,13,20,692,692,0,0,0,0,0,0,5,0,0,0,3218,detection,
3218499,21,20,692,692,0,0,0,0,0,0,12,0,0,0,3218,detection,
3218513,26,20,692,692,0,0,0,0,0,0,3,0,0,0,3218,detection,
3218568,25,20,692,692,0,0,0,0,0,0,22,0,0,0,3218,detection,
3222024,24,28,857,857,0,0,0,0,0,0,32,0,0,0,3222,detection,
3223415,11,25,583,583,0,0,0,0,0,0,34,0,0,0,3223,detection,
3223416,8,25,583,583,0,0,0,0,0,0,32,0,0,0,3223,detection,
3223438,16,25,583,583,0,0,0,0,0,0,33,0,0,0,3223,detection,
3223485,20,25,583,583,0,0,0,0,0,0,25,0,0,0,3223,detection,
3223485,13,25,583,583,0,0,0,0,0,0,29,0,0,0,3223,detection,
3223499,21,25,583,583,0,0,0,0,0,0,22,0,0,0,3223,detection,
3223528,28,25,583,583,0,0,0,0,0,0,32,0,0,0,3223,detection,
3224146,24,2,1426,1426,0,0,0,0,0,0,27,0,0,0,3224,detection,
3224170,11,2,1426,1426,0,0,0,0,0,0,24,0,0,0,3224,detection,
3224590,17,14,874,874,0,0,0,0,0,0,0,0,0,0,3224,detection,
3224596,1,23,512,512,0,0,0,0,0,0,1,0,0,0,3224,detection,
3224633,15,23,512,512,0,0,0,0,0,0,0,0,0,0,3224,detection,
3224652,28,23,512,512,0,0,0,0,0,0,12,0,0,0,3224,detection,
3224686,6,23,512,512,0,0,0,0,0,0,3,0,0,0,3224,detection,
3224698,19,23,512,512,0,0,0,0,0,0,0,0,0,0,3224,detection,
3224714,17,23,512,512,0,0,0,0,0,0,0,0,0,0,3224,detection,
3224721,4,23,512,512,0,0,0,0,0,0,0,0,0,0,3224,detection,
3224737,3,29,564,1454,-890,100,100,100,3,0,10,0,97,100,3224,detection,
3224766,5,29,564,1454,-890,100,100,100,3,0,8,0,97,100,3224,detection,
3227761,26,3,1125,1125,0,0,0,0,0,0,0,0,0,0,3227,detection,
3228975,2,24,604,604,0,0,0,0,0,0,10,0,0,0,3228,detection,
3232721,4,23,512,512,0,0,0,0,0,0,0,0,0,0,3232,detection,
3233021,24,25,577,577,0,0,0,0,0,0,34,0,0,0,3233,detection,
3234489,12,16,658,658,0,0,0,0,0,0,7,0,0,0,3234,detection,
3234522,24,16,658,658,0,0,0,0,0,0,18,0,0,0,3234,detection,
3234530,28,16,658,658,0,0,0,0,0,0,14,0,0,0,3234,detection,
3234553,22,16,658,658,0,0,0,0,0,0,10,0,0,0,3234,detection,
3234560,6,16,658,658,0,0,0,0,0,0,16,0,0,0,3234,detection,
3234571,25,16,658,658,0,0,0,0,0,0,27,0,0,0,3234,detection,
3234763,26,29,544,1452,-908,100,100,100,6,0,10,0,97,100,3234,detection,
3234813,6,10,512,512,0,0,0,0,0,0,2,0,0,0,3234,detection,
3235095,4,10,512,512,0,0,0,0,0,0,0,0,0,0,3235,detection,
3235552,22,12,746,746,0,0,0,0,0,0,5,0,0,0,3235,detection,
3235778,24,22,622,622,0,0,0,0,0,0,17,0,0,0,3235,detection,
3235787,9,22,622,622,0,0,0,0,0,0,5,0,0,0,3235,detection,
3237387,26,3,1125,1125,0,0,0,0,0,0,0,0,0,0,3237,detection,
3237482,13,3,1125,1125,0,0,0,0,0,0,8,0,0,0,3237,detection,
3237487,20,3,1125,1125,0,0,0,0,0,0,7,0,0,0,3237,detection,
3244666,11,2,1334,1334,0,0,0,0,0,0,23,0,0,0,3244,detection,
3246187,1,21,714,714,0,0,0,0,0,0,6,0,0,0,3246,detection,
3246196,25,21,714,714,0,0,0,0,0,0,19,0,0,0,3246,detection,
3246215,10,21,714,714,0,0,0,0,0,0,6,0,0,0,3246,detection,
3246232,13,21,714,714,0,0,0,0,0,0,5,0,0,0,3246,detection,
3246237,20,21,714,714,0,0,0,0,0,0,6,0,0,0,3246,detection,
3246276,28,21,714,714,0,0,0,0,0,0,13,0,0,0,3246,detection,
3246285,27,18,524,524,0,0,0,0,0,0,0,0,0,0,3246,detection,
3249814,6,16,656,656,0,0,0,0,0,0,16,0,0,0,3249,detection,
3252984,3,13,975,975,0,0,0,0,0,0,4,0,0,0,3252,detection,
3255732,13,5,969,969,0,0,0,0,0,0,3,0,0,0,3255,detection,
3255760,26,5,969,969,0,0,0,0,0,0,1,0,0,0,3255,detection,
3258139,26,29,524,1234,-710,100,100,100,40,0,14,0,97,100,3258,detection,
3258143,5,29,524,1234,-710,100,100,100,37,0,12,0,97,100,3258,detection,
3258235,13,29,524,1234,-710,100,100,100,34,0,12,0,97,100,3258,detection,
3258238,3,29,524,1234,-710,100,100,100,36,0,14,0,97,100,3258,detection,
3259845,4,27,512,512,0,0,0,0,0,0,0,0,0,0,3259,detection,
3260489,20,30,276,930,-654,100,100,100,0,0,25,0,91,100,3260,detection,
3260499,21,30,276,930,-654,100,100,100,0,0,31,0,82,75,3260,detection,
3260523,24,30,276,930,-654,100,100,100,0,0,22,0,95,100,3260,detection,
3260543,11,30,276,930,-654,100,100,100,0,0,30,0,84,75,3260,detection,
3260543,8,30,276,930,-654,100,100,100,0,0,29,0,86,100,3260,detection,
3260571,25,30,276,930,-654,100,100,100,0,0,38,0,72,75,3260,detection,
3260778,24,8,889,889,0,0,0,0,0,0,16,0,0,0,3260,detection,
3260792,11,8,889,889,0,0,0,0,0,0,18,0,0,0,3260,detection,
3262282,27,4,512,512,0,0,0,0,0,0,2,0,0,0,3262,detection,
3262540,9,6,867,867,0,0,0,0,0,0,1,0,0,0,3262,detection,
3268384,15,7,514,514,0,0,0,0,0,0,1,0,0,0,3268,detection,
3270095,4,15,517,517,0,0,0,0,0,0,1,0,0,0,3270,detection,
3271014,26,5,880,880,0,0,0,0,0,0,1,0,0,0,3271,detection,
3271109,13,5,880,880,0,0,0,0,0,0,3,0,0,0,3271,detection,
3271790,8,11,773,773,0,0,0,0,0,0,8,0,0,0,3271,detection,
3271848,2,11,773,773,0,0,0,0,0,0,10,0,0,0,3271,detection,
3272400,24,30,276,959,-683,100,100,100,5,0,22,0,95,100,3272,detection,
3274795,8,24,613,613,0,0,0,0,0,0,7,0,0,0,3274,detection,
3274795,11,24,613,613,0,0,0,0,0,0,7,0,0,0,3274,detection,
3274804,22,24,613,613,0,0,0,0,0,0,9,0,0,0,3274,detection,
3274814,16,24,613,613,0,0,0,0,0,0,12,0,0,0,3274,detection,
3274819,25,24,613,613,0,0,0,0,0,0,19,0,0,0,3274,detection,
3274848,2,24,613,613,0,0,0,0,0,0,10,0,0,0,3274,detection,
3274903,28,24,613,613,0,0,0,0,0,0,10,0,0,0,3274,detection,
3275145,24,28,848,848,0,0,0,0,0,0,28,0,0,0,3275,detection,
3275188,6,28,848,848,0,0,0,0,0,0,25,0,0,0,3275,detection,
3275188,16,28,848,848,0,0,0,0,0,0,25,0,0,0,3275,detection,
3275193,25,28,848,848,0,0,0,0,0,0,32,0,0,0,3275,detection,
3275214,23,28,848,848,0,0,0,0,0,0,19,0,0,0,3275,detection,
3275217,10,28,848,848,0,0,0,0,0,0,28,0,0,0,3275,detection,
3275249,21,28,848,848,0,0,0,0,0,0,27,0,0,0,3275,detection,
3277760,26,5,848,848,0,0,0,0,0,0,1,0,0,0,3277,detection,
3279985,13,29,464,1109,-645,100,100,100,13,0,12,0,97,100,3279,detection,
3279988,3,29,464,1109,-645,100,100,100,14,0,9,0,97,100,3279,detection,
3280013,26,29,464,1109,-645,100,100,100,14,0,9,0,97,100,3280,detection,
3280017,5,29,464,1109,-645,100,100,100,13,0,14,0,97,100,3280,detection,
3281615,20,8,853,853,0,0,0,0,0,0,4,0,0,0,3281,detection,
3283359,13,3,962,962,0,0,0,0,0,0,8,0,0,0,3283,detection,
3283364,20,3,962,962,0,0,0,0,0,0,11,0,0,0,3283,detection,
3283387,26,3,962,962,0,0,0,0,0,0,4,0,0,0,3283,detection,
3283762,26,13,812,812,0,0,0,0,0,0,8,0,0,0,3283,detection,
3283765,5,13,812,812,0,0,0,0,0,0,11,0,0,0,3283,detection,
3283819,25,13,812,812,0,0,0,0,0,0,24,0,0,0,3283,detection,
3283860,3,13,812,812,0,0,0,0,0,0,10,0,0,0,3283,detection,
3283861,20,13,812,812,0,0,0,0,0,0,10,0,0,0,3283,detection,
3283875,21,13,812,812,0,0,0,0,0,0,13,0,0,0,3283,detection,
3286271,24,25,572,572,0,0,0,0,0,0,34,0,0,0,3286,detection,
3286280,28,25,572,572,0,0,0,0,0,0,32,0,0,0,3286,detection,
3286290,11,25,572,572,0,0,0,0,0,0,34,0,0,0,3286,detection,
3286291,8,25,572,572,0,0,0,0,0,0,32,0,0,0,3286,detection,
3286314,16,25,572,572,0,0,0,0,0,0,33,0,0,0,3286,detection,
3286360,20,25,572,572,0,0,0,0,0,0,25,0,0,0,3286,detection,
3286360,13,25,572,572,0,0,0,0,0,0,29,0,0,0,3286,detection,
3286374,21,25,572,572,0,0,0,0,0,0,22,0,0,0,3286,detection,
3287482,13,5,787,787,0,0,0,0,0,0,5,0,0,0,3287,detection,
3287510,26,5,787,787,0,0,0,0,0,0,1,0,0,0,3287,detection,
3288387,26,3,895,895,0,0,0,0,0,0,4,0,0,0,3288,detection,
3288483,13,3,895,895,0,0,0,0,0,0,8,0,0,0,3288,detection,
3288488,20,3,895,895,0,0,0,0,0,0,6,0,0,0,3288,detection,
3289821,25,13,765,765,0,0,0,0,0,0,24,0,0,0,3289,detection,
3289861,3,13,765,765,0,0,0,0,0,0,10,0,0,0,3289,detection,
3289887,26,13,765,765,0,0,0,0,0,0,8,0,0,0,3289,detection,
3289890,5,13,765,765,0,0,0,0,0,0,12,0,0,0,3289,detection,
3290343,17,19,540,540,0,0,0,0,0,0,0,0,0,0,3290,detection,
3290861,13,29,424,1104,-680,100,100,100,6,0,17,0,97,100,3290,detection,
3290864,3,29,424,1104,-680,100,100,100,7,0,15,0,97,100,3290,detection,
3290890,26,29,424,1104,-680,100,100,100,7,0,12,0,97,100,3290,detection,
3290893,5,29,424,1104,-680,100,100,100,6,0,18,0,97,100,3290,detection,
3293264,26,3,855,855,0,0,0,0,0,0,4,0,0,0,3293,detection,
3293359,13,3,855,855,0,0,0,0,0,0,8,0,0,0,3293,detection,
3293364,20,3,855,855,0,0,0,0,0,0,5,0,0,0,3293,detection,
3293857,13,5,758,758,0,0,0,0,0,0,6,0,0,0,3293,detection,
3293885,26,5,758,758,0,0,0,0,0,0,1,0,0,0,3293,detection,
3296139,26,29,404,1119,-715,100,100,100,6,0,16,0,97,100,3296,detection,
3296142,5,29,404,1119,-715,100,100,100,6,0,16,0,97,100,3296,detection,
3296234,13,29,404,1119,-715,100,100,100,6,0,22,0,95,100,3296,detection,
3296237,3,29,404,1119,-715,100,100,100,6,0,19,0,97,100,3296,detection,
3297570,25,13,712,712,0,0,0,0,0,0,26,0,0,0,3297,detection,
3297611,3,13,712,712,0,0,0,0,0,0,10,0,0,0,3297,detection,
3297612,20,13,712,712,0,0,0,0,0,0,5,0,0,0,3297,detection,
3297637,26,13,712,712,0,0,0,0,0,0,8,0,0,0,3297,detection,
3297640,5,13,712,712,0,0,0,0,0,0,12,0,0,0,3297,detection,
3299203,19,31,276,793,-517,100,100,100,2,0,0,0,97,100,3299,detection,
3299859,13,3,1005,1005,0,0,0,0,0,0,13,0,0,0,3299,detection,
3299863,20,3,1005,1005,0,0,0,0,0,0,10,0,0,0,3299,detection,
3299887,26,3,1005,1005,0,0,0,0,0,0,8,0,0,0,3299,detection,
3301765,26,29,384,1266,-882,100,100,100,33,0,16,0,97,100,3301,detection,
3301769,5,29,384,1266,-882,100,100,100,32,0,17,0,97,100,3301,detection,
3301863,3,29,384,1266,-882,100,100,100,31,0,20,0,97,100,3301,detection,
3302942,25,13,914,914,0,0,0,0,0,0,29,0,0,0,3302,detection,
3302984,20,13,914,914,0,0,0,0,0,0,9,0,0,0,3302,detection,
3302987,3,13,914,914,0,0,0,0,0,0,17,0,0,0,3302,detection,
3302998,21,13,914,914,0,0,0,0,0,0,17,0,0,0,3302,detection,
3303012,5,13,914,914,0,0,0,0,0,0,15,0,0,0,3303,detection,
3303014,26,13,914,914,0,0,0,0,0,0,12,0,0,0,3303,detection,
3304258,15,23,512,512,0,0,0,0,0,0,0,0,0,0,3304,detection,
3304764,26,3,1061,1061,0,0,0,0,0,0,12,0,0,0,3304,detection,
3304859,13,3,1061,1061,0,0,0,0,0,0,19,0,0,0,3304,detection,
3304864,20,3,1061,1061,0,0,0,0,0,0,13,0,0,0,3304,detection,
3305445,25,20,654,654,0,0,0,0,0,0,23,0,0,0,3305,detection,
3305542,8,20,654,654,0,0,0,0,0,0,11,0,0,0,3305,detection,
3305962,23,17,872,872,0,0,0,0,0,0,3,0,0,0,3305,detection,
3306872,21,20,654,654,0,0,0,0,0,0,12,0,0,0,3306,detection,
3307738,3,29,364,1246,-882,100,100,100,0,0,24,0,92,100,3307,detection,
3307764,26,29,364,1246,-882,100,100,100,0,0,19,0,97,100,3307,detection,
3307767,5,29,364,1246,-882,100,100,100,0,0,20,0,97,100,3307,detection,
3309141,5,13,910,910,0,0,0,0,0,0,15,0,0,0,3309,detection,
3309195,25,13,910,910,0,0,0,0,0,0,29,0,0,0,3309,detection,
3309236,3,13,910,910,0,0,0,0,0,0,12,0,0,0,3309,detection,
3309237,20,13,910,910,0,0,0,0,0,0,9,0,0,0,3309,detection,
3309247,21,13,910,910,0,0,0,0,0,0,17,0,0,0,3309,detection,
3309263,26,13,910,910,0,0,0,0,0,0,12,0,0,0,3309,detection,
3310110,13,3,746,746,0,0,0,0,0,0,22,0,0,0,3310,detection,
3310138,26,3,746,746,0,0,0,0,0,0,12,0,0,0,3310,detection,
3310591,23,10,512,512,0,0,0,0,0,0,1,0,0,0,3310,detection,
3310595,4,10,512,512,0,0,0,0,0,0,0,0,0,0,3310,detection,
3310651,28,10,512,512,0,0,0,0,0,0,10,0,0,0,3310,detection,
3311733,13,5,709,709,0,0,0,0,0,0,6,0,0,0,3311,detection,
3311761,26,5,709,709,0,0,0,0,0,0,1,0,0,0,3311,detection,
3313361,3,29,344,967,-623,100,100,100,42,0,30,0,84,75,3313,detection,
3313363,13,29,344,967,-623,100,100,100,15,0,27,0,87,100,3313,detection,
3313391,5,29,344,967,-623,100,100,100,46,0,23,0,94,100,3313,detection,
3313391,26,29,344,967,-623,100,100,100,46,0,23,0,94,100,3313,detection,
3315417,8,11,773,773,0,0,0,0,0,0,8,0,0,0,3315,detection,
3316512,26,3,690,690,0,0,0,0,0,0,12,0,0,0,3316,detection,
3316607,13,3,690,690,0,0,0,0,0,0,23,0,0,0,3316,detection,
3316615,20,3,690,690,0,0,0,0,0,0,17,0,0,0,3316,detection,
3316735,3,13,664,664,0,0,0,0,0,0,18,0,0,0,3316,detection,
3316736,20,13,664,664,0,0,0,0,0,0,12,0,0,0,3316,detection,
3316761,26,13,664,664,0,0,0,0,0,0,15,0,0,0,3316,detection,
3316764,5,13,664,664,0,0,0,0,0,0,20,0,0,0,3316,detection,
3316818,25,13,664,664,0,0,0,0,0,0,33,0,0,0,3316,detection,
3317175,22,16,574,574,0,0,0,0,0,0,10,0,0,0,3317,detection,
3317190,6,16,574,574,0,0,0,0,0,0,17,0,0,0,3317,detection,
3317234,12,16,574,574,0,0,0,0,0,0,7,0,0,0,3317,detection,
3317388,26,5,1004,1004,0,0,0,0,0,0,4,0,0,0,3317,detection,
3320391,5,29,324,946,-622,100,100,100,0,0,28,0,87,100,3320,detection,
3320487,13,29,324,946,-622,100,100,100,0,0,27,0,87,100,3320,detection,
3320490,3,29,324,946,-622,100,100,100,0,0,34,0,79,75,3320,detection,
3322857,13,5,652,652,0,0,0,0,0,0,8,0,0,0,3322,detection,
3322886,26,5,652,652,0,0,0,0,0,0,10,0,0,0,3322,detection,
3324986,13,29,304,909,-605,100,100,100,2,0,32,0,81,75,3324,detection,
3325015,26,29,304,909,-605,100,100,100,3,0,25,0,91,100,3325,detection,
3325019,5,29,304,909,-605,100,100,100,2,0,33,0,79,75,3325,detection,
3325444,25,13,626,626,0,0,0,0,0,0,33,0,0,0,3325,detection,
3325484,3,13,626,626,0,0,0,0,0,0,19,0,0,0,3325,detection,
3325486,20,13,626,626,0,0,0,0,0,0,14,0,0,0,3325,detection,
3325511,26,13,626,626,0,0,0,0,0,0,11,0,0,0,3325,detection,
3325514,5,13,626,626,0,0,0,0,0,0,16,0,0,0,3325,detection,
3325983,13,20,620,620,0,0,0,0,0,0,11,0,0,0,3325,detection,
3325986,3,20,620,620,0,0,0,0,0,0,13,0,0,0,3325,detection,
3326001,21,20,620,620,0,0,0,0,0,0,12,0,0,0,3326,detection,
3326042,8,20,620,620,0,0,0,0,0,0,11,0,0,0,3326,detection,
3326236,3,26,618,618,0,0,0,0,0,0,10,0,0,0,3326,detection,
3326265,5,26,618,618,0,0,0,0,0,0,8,0,0,0,3326,detection,
3329482,13,3,928,928,0,0,0,0,0,0,28,0,0,0,3329,detection,
3329486,20,3,928,928,0,0,0,0,0,0,22,0,0,0,3329,detection,
3329510,26,3,928,928,0,0,0,0,0,0,17,0,0,0,3329,detection,
3329639,26,5,949,949,0,0,0,0,0,0,13,0,0,0,3329,detection,
3332358,13,20,620,620,0,0,0,0,0,0,11,0,0,0,3332,detection,
3332361,3,20,620,620,0,0,0,0,0,0,13,0,0,0,3332,detection,
3332372,21,20,620,620,0,0,0,0,0,0,12,0,0,0,3332,detection,
3332387,26,20,620,620,0,0,0,0,0,0,5,0,0,0,3332,detection,
3332418,8,20,620,620,0,0,0,0,0,0,11,0,0,0,3332,detection,
3332445,25,20,620,620,0,0,0,0,0,0,23,0,0,0,3332,detection,
3334360,3,26,612,612,0,0,0,0,0,0,10,0,0,0,3334,detection,
3334361,20,26,612,612,0,0,0,0,0,0,4,0,0,0,3334,detection,
3334389,5,26,612,612,0,0,0,0,0,0,7,0,0,0,3334,detection,
3336068,25,13,893,893,0,0,0,0,0,0,31,0,0,0,3336,detection,
3336109,3,13,893,893,0,0,0,0,0,0,24,0,0,0,3336,detection,
3336110,20,13,893,893,0,0,0,0,0,0,17,0,0,0,3336,detection,
3336124,21,13,893,893,0,0,0,0,0,0,17,0,0,0,3336,detection,
3336138,5,13,893,893,0,0,0,0,0,0,21,0,0,0,3336,detection,
3336438,16,25,543,543,0,0,0,0,0,0,33,0,0,0,3336,detection,
3338233,13,29,284,907,-623,100,100,100,2,0,36,0,76,75,3338,detection,
3338240,3,29,284,907,-623,100,100,100,0,0,41,0,69,75,3338,detection,
3338261,26,29,284,907,-623,100,100,100,3,0,28,0,87,100,3338,detection,
3339233,13,3,635,635,0,0,0,0,0,0,29,0,0,0,3339,detection,
3339238,20,3,635,635,0,0,0,0,0,0,26,0,0,0,3339,detection,
3339261,26,3,635,635,0,0,0,0,0,0,22,0,0,0,3339,detection,
3339486,13,5,885,885,0,0,0,0,0,0,15,0,0,0,3339,detection,
3339514,26,5,885,885,0,0,0,0,0,0,19,0,0,0,3339,detection,
3341515,5,26,891,891,0,0,0,0,0,0,13,0,0,0,3341,detection,
3341608,13,26,891,891,0,0,0,0,0,0,14,0,0,0,3341,detection,
3341610,3,26,891,891,0,0,0,0,0,0,14,0,0,0,3341,detection,
3341615,20,26,891,891,0,0,0,0,0,0,7,0,0,0,3341,detection,
3341821,25,13,601,601,0,0,0,0,0,0,34,0,0,0,3341,detection,
3341861,3,13,601,601,0,0,0,0,0,0,29,0,0,0,3341,detection,
3341872,21,13,601,601,0,0,0,0,0,0,15,0,0,0,3341,detection,
3341888,26,13,601,601,0,0,0,0,0,0,12,0,0,0,3341,detection,
3342112,13,29,276,1141,-865,100,100,100,34,0,41,0,69,75,3342,detection,
3342140,26,29,276,1141,-865,100,100,100,40,0,28,0,87,100,3342,detection,
3342144,5,29,276,1141,-865,100,100,100,39,0,35,0,77,75,3342,detection,
3344176,22,24,596,596,0,0,0,0,0,0,9,0,0,0,3344,detection,
3345338,10,4,512,512,0,0,0,0,0,0,4,0,0,0,3345,detection,
3345611,13,5,1162,1162,0,0,0,0,0,0,15,0,0,0,3345,detection,
3345639,26,5,1162,1162,0,0,0,0,0,0,14,0,0,0,3345,detection,
3346861,20,3,625,625,0,0,0,0,0,0,25,0,0,0,3346,detection,
3346885,26,3,625,625,0,0,0,0,0,0,22,0,0,0,3346,detection,
3347401,28,6,849,849,0,0,0,0,0,0,10,0,0,0,3347,detection,
3348359,13,29,276,881,-605,100,100,100,37,0,41,0,69,75,3348,detection,
3348364,3,29,276,881,-605,100,100,100,2,0,37,0,74,75,3348,detection,
3348387,26,29,276,881,-605,100,100,100,41,0,32,0,81,75,3348,detection,
3348392,5,29,276,881,-605,100,100,100,37,0,40,0,71,75,3348,detection,
3348986,3,13,586,586,0,0,0,0,0,0,28,0,0,0,3348,detection,
3348987,20,13,586,586,0,0,0,0,0,0,21,0,0,0,3348,detection,
3349013,26,13,586,586,0,0,0,0,0,0,14,0,0,0,3349,detection,
3349015,5,13,586,586,0,0,0,0,0,0,29,0,0,0,3349,detection,
3349293,8,20,611,611,0,0,0,0,0,0,11,0,0,0,3349,detection,
3351094,4,10,512,512,0,0,0,0,0,0,0,0,0,0,3351,detection,
3351613,12,22,622,622,0,0,0,0,0,0,2,0,0,0,3351,detection,
3352531,26,3,897,897,0,0,0,0,0,0,27,0,0,0,3352,detection,
3352532,13,3,897,897,0,0,0,0,0,0,33,0,0,0,3352,detection,
3352532,20,3,897,897,0,0,0,0,0,0,24,0,0,0,3352,detection,
3352858,13,26,551,551,0,0,0,0,0,0,17,0,0,0,3352,detection,
3352860,3,26,551,551,0,0,0,0,0,0,18,0,0,0,3352,detection,
3352862,20,26,551,551,0,0,0,0,0,0,6,0,0,0,3352,detection,
3352889,5,26,551,551,0,0,0,0,0,0,14,0,0,0,3352,detection,
3354861,20,3,891,891,0,0,0,0,0,0,24,0,0,0,3354,detection,
3356013,5,13,888,888,0,0,0,0,0,0,32,0,0,0,3356,detection,
3356014,26,13,888,888,0,0,0,0,0,0,17,0,0,0,3356,detection,
3356113,20,13,888,888,0,0,0,0,0,0,25,0,0,0,3356,detection,
3356122,21,13,888,888,0,0,0,0,0,0,19,0,0,0,3356,detection,
3356388,5,29,276,1172,-896,100,100,100,43,0,37,0,74,75,3356,detection,
3356388,26,29,276,1172,-896,100,100,100,45,0,34,0,79,75,3356,detection,
3356389,3,29,276,1172,-896,100,100,100,43,0,37,0,74,75,3356,detection,
3356390,13,29,276,1172,-896,100,100,100,41,0,41,0,69,75,3356,detection,
3357483,13,5,613,613,0,0,0,0,0,0,19,0,0,0,3357,detection,
3357511,26,5,613,613,0,0,0,0,0,0,20,0,0,0,3357,detection,
3357790,7,15,517,517,0,0,0,0,0,0,0,0,0,0,3357,detection,
3357875,21,28,832,832,0,0,0,0,0,0,27,0,0,0,3357,detection,
3359984,3,26,545,545,0,0,0,0,0,0,14,0,0,0,3359,detection,
3359985,20,26,545,545,0,0,0,0,0,0,7,0,0,0,3359,detection,
3360013,5,26,545,545,0,0,0,0,0,0,14,0,0,0,3360,detection,
3360236,13,26,545,545,0,0,0,0,0,0,18,0,0,0,3360,detection,
3361363,13,29,276,825,-549,100,100,100,49,0,41,0,69,75,3361,detection,
3361365,3,29,276,825,-549,100,100,100,50,0,40,0,71,75,3361,detection,
3361390,5,29,276,825,-549,100,100,100,49,0,41,0,69,75,3361,detection,
3361391,26,29,276,825,-549,100,100,100,53,0,34,0,79,75,3361,detection,
3361468,1,21,695,695,0,0,0,0,0,0,6,0,0,0,3361,detection,
3361484,13,21,695,695,0,0,0,0,0,0,12,0,0,0,3361,detection,
3361488,20,21,695,695,0,0,0,0,0,0,6,0,0,0,3361,detection,
3361528,28,21,695,695,0,0,0,0,0,0,13,0,0,0,3361,detection,
3361562,6,21,695,695,0,0,0,0,0,0,5,0,0,0,3361,detection,
3362360,3,13,570,570,0,0,0,0,0,0,29,0,0,0,3362,detection,
3362361,20,13,570,570,0,0,0,0,0,0,25,0,0,0,3362,detection,
3362375,21,13,570,570,0,0,0,0,0,0,22,0,0,0,3362,detection,
3362386,26,13,570,570,0,0,0,0,0,0,22,0,0,0,3362,detection,
3362389,5,13,570,570,0,0,0,0,0,0,36,0,0,0,3362,detection,
3362443,25,13,570,570,0,0,0,0,0,0,34,0,0,0,3362,detection,
3362610,13,20,611,611,0,0,0,0,0,0,13,0,0,0,3362,detection,
3362613,3,20,611,611,0,0,0,0,0,0,13,0,0,0,3362,detection,
3362669,8,20,611,611,0,0,0,0,0,0,11,0,0,0,3362,detection,
3364734,13,3,626,626,0,0,0,0,0,0,37,0,0,0,3364,detection,
3364737,20,3,626,626,0,0,0,0,0,0,29,0,0,0,3364,detection,
3364761,26,3,626,626,0,0,0,0,0,0,32,0,0,0,3364,detection,
3365609,3,26,882,882,0,0,0,0,0,0,17,0,0,0,3365,detection,
3365615,20,26,882,882,0,0,0,0,0,0,11,0,0,0,3365,detection,
3365638,5,26,882,882,0,0,0,0,0,0,17,0,0,0,3365,detection,
3366039,9,22,622,622,0,0,0,0,0,0,1,0,0,0,3366,detection,
3366062,16,22,622,622,0,0,0,0,0,0,10,0,0,0,3366,detection,
3366111,12,22,622,622,0,0,0,0,0,0,2,0,0,0,3366,detection,
3366148,24,22,622,622,0,0,0,0,0,0,16,0,0,0,3366,detection,
3367036,9,14,838,838,0,0,0,0,0,0,0,0,0,0,3367,detection,
3367239,12,9,577,577,0,0,0,0,0,0,3,0,0,0,3367,detection,
3368763,26,29,276,1154,-878,100,100,100,49,0,37,0,74,75,3368,detection,
3368767,5,29,276,1154,-878,100,100,100,47,0,41,0,69,75,3368,detection,
3368859,13,29,276,1154,-878,100,100,100,47,0,40,0,71,75,3368,detection,
3368862,3,29,276,1154,-878,100,100,100,47,0,40,0,71,75,3368,detection,
3368901,28,24,596,596,0,0,0,0,0,0,10,0,0,0,3368,detection,
3368916,11,24,596,596,0,0,0,0,0,0,7,0,0,0,3368,detection,
3368916,8,24,596,596,0,0,0,0,0,0,6,0,0,0,3368,detection,
3368925,22,24,596,596,0,0,0,0,0,0,8,0,0,0,3368,detection,
3368935,16,24,596,596,0,0,0,0,0,0,12,0,0,0,3368,detection,
3369734,3,20,603,603,0,0,0,0,0,0,13,0,0,0,3369,detection,
3369736,13,20,603,603,0,0,0,0,0,0,13,0,0,0,3369,detection,
3369749,21,20,603,603,0,0,0,0,0,0,13,0,0,0,3369,detection,
3369764,26,20,603,603,0,0,0,0,0,0,11,0,0,0,3369,detection,
3369795,8,20,603,603,0,0,0,0,0,0,11,0,0,0,3369,detection,
3369818,25,20,603,603,0,0,0,0,0,0,23,0,0,0,3369,detection,
3370359,1,21,695,695,0,0,0,0,0,0,5,0,0,0,3370,detection,
3370362,20,21,695,695,0,0,0,0,0,0,8,0,0,0,3370,detection,
3370439,6,21,695,695,0,0,0,0,0,0,3,0,0,0,3370,detection,
3370447,25,21,695,695,0,0,0,0,0,0,20,0,0,0,3370,detection,
3370464,10,21,695,695,0,0,0,0,0,0,6,0,0,0,3370,detection,
3370487,3,26,1072,1072,0,0,0,0,0,0,22,0,0,0,3370,detection,
3370488,20,26,1072,1072,0,0,0,0,0,0,17,0,0,0,3370,detection,
3370898,24,8,791,791,0,0,0,0,0,0,16,0,0,0,3370,detection,
3370917,11,8,791,791,0,0,0,0,0,0,18,0,0,0,3370,detection,
3371042,8,25,536,536,0,0,0,0,0,0,27,0,0,0,3371,detection,
3371042,11,25,536,536,0,0,0,0,0,0,34,0,0,0,3371,detection,
3371145,24,25,536,536,0,0,0,0,0,0,34,0,0,0,3371,detection,
3371155,28,25,536,536,0,0,0,0,0,0,32,0,0,0,3371,detection,
3371397,24,11,773,773,0,0,0,0,0,0,12,0,0,0,3371,detection,
3371417,8,11,773,773,0,0,0,0,0,0,6,0,0,0,3371,detection,
3371475,2,11,773,773,0,0,0,0,0,0,10,0,0,0,3371,detection,
3371512,26,5,596,596,0,0,0,0,0,0,22,0,0,0,3371,detection,
3371607,13,5,596,596,0,0,0,0,0,0,19,0,0,0,3371,detection,
3373275,24,2,1295,1295,0,0,0,0,0,0,25,0,0,0,3373,detection,
3373444,25,13,562,562,0,0,0,0,0,0,34,0,0,0,3373,detection,
3373485,3,13,562,562,0,0,0,0,0,0,28,0,0,0,3373,detection,
3373486,20,13,562,562,0,0,0,0,0,0,26,0,0,0,3373,detection,
3373511,26,13,562,562,0,0,0,0,0,0,25,0,0,0,3373,detection,
3373514,5,13,562,562,0,0,0,0,0,0,36,0,0,0,3373,detection,
3374486,13,29,276,908,-632,100,100,100,36,0,37,0,74,75,3374,detection,
3374489,3,29,276,908,-632,100,100,100,35,0,40,0,71,75,3374,detection,
3374515,26,29,276,908,-632,100,100,100,36,0,37,0,74,75,3374,detection,
3375983,13,5,866,866,0,0,0,0,0,0,22,0,0,0,3375,detection,
3376012,26,5,866,866,0,0,0,0,0,0,27,0,0,0,3376,detection,
3377235,13,26,540,540,0,0,0,0,0,0,17,0,0,0,3377,detection,
3377237,3,26,540,540,0,0,0,0,0,0,26,0,0,0,3377,detection,
3377238,20,26,540,540,0,0,0,0,0,0,21,0,0,0,3377,detection,
3377266,5,26,540,540,0,0,0,0,0,0,21,0,0,0,3377,detection,
3378861,13,29,276,1122,-846,100,100,100,30,0,40,0,71,75,3378,detection,
3378864,3,29,276,1122,-846,100,100,100,30,0,40,0,71,75,3378,detection,
3378889,26,29,276,1122,-846,100,100,100,31,0,38,0,72,75,3378,detection,
3379200,1,21,695,695,0,0,0,0,0,0,1,0,0,0,3379,detection,
3379215,10,21,695,695,0,0,0,0,0,0,6,0,0,0,3379,detection,
3379233,13,21,695,695,0,0,0,0,0,0,12,0,0,0,3379,detection,
3379237,20,21,695,695,0,0,0,0,0,0,7,0,0,0,3379,detection,
3379276,28,21,695,695,0,0,0,0,0,0,12,0,0,0,3379,detection,
3379310,6,21,695,695,0,0,0,0,0,0,3,0,0,0,3379,detection,
3379320,25,21,695,695,0,0,0,0,0,0,18,0,0,0,3379,detection,
3379388,26,13,553,553,0,0,0,0,0,0,27,0,0,0,3379,detection,
3379485,3,13,553,553,0,0,0,0,0,0,25,0,0,0,3379,detection,
3379521,24,8,791,791,0,0,0,0,0,0,15,0,0,0,3379,detection,
3379636,26,20,603,603,0,0,0,0,0,0,13,0,0,0,3379,detection,
3379734,3,20,603,603,0,0,0,0,0,0,13,0,0,0,3379,detection,
3379748,13,20,603,603,0,0,0,0,0,0,13,0,0,0,3379,detection,
3379749,21,20,603,603,0,0,0,0,0,0,8,0,0,0,3379,detection,
3379886,26,5,856,856,0,0,0,0,0,0,28,0,0,0,3379,detection,
3380043,11,2,1295,1295,0,0,0,0,0,0,21,0,0,0,3380,detection,
3380437,16,12,746,746,0,0,0,0,0,0,8,0,0,0,3380,detection,
3382157,28,30,276,928,-652,100,100,100,0,0,37,0,74,75,3382,detection,
3383234,13,5,845,845,0,0,0,0,0,0,22,0,0,0,3383,detection,
3384360,20,26,538,538,0,0,0,0,0,0,21,0,0,0,3384,detection,
3384361,13,26,538,538,0,0,0,0,0,0,14,0,0,0,3384,detection,
3384388,5,26,538,538,0,0,0,0,0,0,22,0,0,0,3384,detection,
3386359,20,13,541,541,0,0,0,0,0,0,26,0,0,0,3386,detection,
3386362,3,13,541,541,0,0,0,0,0,0,25,0,0,0,3386,detection,
3386373,21,13,541,541,0,0,0,0,0,0,24,0,0,0,3386,detection,
3386389,26,13,541,541,0,0,0,0,0,0,27,0,0,0,3386,detection,
3386446,25,13,541,541,0,0,0,0,0,0,34,0,0,0,3386,detection,
3388561,14,17,872,872,0,0,0,0,0,0,5,0,0,0,3388,detection,
3389388,5,26,536,536,0,0,0,0,0,0,21,0,0,0,3389,detection,
3389483,3,26,536,536,0,0,0,0,0,0,26,0,0,0,3389,detection,
3389485,13,26,536,536,0,0,0,0,0,0,14,0,0,0,3389,detection,
3389489,20,26,536,536,0,0,0,0,0,0,21,0,0,0,3389,detection,
3389614,20,3,617,617,0,0,0,0,0,0,30,0,0,0,3389,detection,
3391387,26,5,600,600,0,0,0,0,0,0,33,0,0,0,3391,detection,
3391483,13,5,600,600,0,0,0,0,0,0,22,0,0,0,3391,detection,
3391747,1,21,695,695,0,0,0,0,0,0,1,0,0,0,3391,detection,
3391776,28,21,695,695,0,0,0,0,0,0,12,0,0,0,3391,detection,
3391820,25,21,695,695,0,0,0,0,0,0,17,0,0,0,3391,detection,
3391839,10,21,695,695,0,0,0,0,0,0,6,0,0,0,3391,detection,
3391857,13,21,695,695,0,0,0,0,0,0,12,0,0,0,3391,detection,
3391861,20,21,695,695,0,0,0,0,0,0,7,0,0,0,3391,detection,
3392236,3,13,792,792,0,0,0,0,0,0,29,0,0,0,3392,detection,
3392238,20,13,792,792,0,0,0,0,0,0,30,0,0,0,3392,detection,
3392248,21,13,792,792,0,0,0,0,0,0,28,0,0,0,3392,detection,
3392263,26,13,792,792,0,0,0,0,0,0,29,0,0,0,3392,detection,
3392266,5,13,792,792,0,0,0,0,0,0,40,0,0,0,3392,detection,
3392300,22,16,552,552,0,0,0,0,0,0,10,0,0,0,3392,detection,
3392733,20,25,536,536,0,0,0,0,0,0,28,0,0,0,3392,detection,
3392737,13,25,536,536,0,0,0,0,0,0,36,0,0,0,3392,detection,
3392747,21,25,536,536,0,0,0,0,0,0,18,0,0,0,3392,detection,
3392772,24,25,536,536,0,0,0,0,0,0,34,0,0,0,3392,detection,
3392777,28,25,536,536,0,0,0,0,0,0,32,0,0,0,3392,detection,
3392792,11,25,536,536,0,0,0,0,0,0,34,0,0,0,3392,detection,
3392792,8,25,536,536,0,0,0,0,0,0,27,0,0,0,3392,detection,
3392811,16,25,536,536,0,0,0,0,0,0,33,0,0,0,3392,detection,
3392841,10,25,536,536,0,0,0,0,0,0,11,0,0,0,3392,detection,
3392984,13,20,603,603,0,0,0,0,0,0,13,0,0,0,3392,detection,
3392986,3,20,603,603,0,0,0,0,0,0,13,0,0,0,3392,detection,
3392997,21,20,603,603,0,0,0,0,0,0,8,0,0,0,3392,detection,
3393012,26,20,603,603,0,0,0,0,0,0,13,0,0,0,3393,detection,
3393043,8,20,603,603,0,0,0,0,0,0,9,0,0,0,3393,detection,
3393070,25,20,603,603,0,0,0,0,0,0,24,0,0,0,3393,detection,
3393984,13,26,856,856,0,0,0,0,0,0,17,0,0,0,3393,detection,
3393986,3,26,856,856,0,0,0,0,0,0,30,0,0,0,3393,detection,
3393987,20,26,856,856,0,0,0,0,0,0,24,0,0,0,3393,detection,
3394015,5,26,856,856,0,0,0,0,0,0,25,0,0,0,3394,detection,
3394362,13,29,276,885,-609,100,100,100,34,0,40,0,71,75,3394,detection,
3394365,3,29,276,885,-609,100,100,100,34,0,40,0,71,75,3394,detection,
3394390,26,29,276,885,-609,100,100,100,34,0,40,0,71,75,3394,detection,
3394394,5,29,276,885,-609,100,100,100,38,0,41,0,69,75,3394,detection,
3396109,13,3,626,626,0,0,0,0,0,0,37,0,0,0,3396,detection,
3396114,20,3,626,626,0,0,0,0,0,0,30,0,0,0,3396,detection,
3396137,26,3,626,626,0,0,0,0,0,0,36,0,0,0,3396,detection,
3396761,26,13,537,537,0,0,0,0,0,0,32,0,0,0,3396,detection,
3396764,5,13,537,537,0,0,0,0,0,0,40,0,0,0,3396,detection,
3396818,25,13,537,537,0,0,0,0,0,0,34,0,0,0,3396,detection,
3396860,20,13,537,537,0,0,0,0,0,0,34,0,0,0,3396,detection,
3396863,3,13,537,537,0,0,0,0,0,0,32,0,0,0,3396,detection,
3396873,21,13,537,537,0,0,0,0,0,0,31,0,0,0,3396,detection,
3399011,26,29,276,890,-614,100,100,100,0,0,36,0,76,75,3399,detection,
3399111,13,29,276,890,-614,100,100,100,0,0,40,0,71,75,3399,detection,
3399114,3,29,276,890,-614,100,100,100,0,0,40,0,71,75,3399,detection,
3401859,13,26,534,534,0,0,0,0,0,0,21,0,0,0,3401,detection,
3401861,3,26,534,534,0,0,0,0,0,0,33,0,0,0,3401,detection,
3401863,20,26,534,534,0,0,0,0,0,0,23,0,0,0,3401,detection,
3401890,5,26,534,534,0,0,0,0,0,0,29,0,0,0,3401,detection,
3402565,16,30,276,928,-652,100,100,100,0,0,34,0,79,75,3402,detection,
3402619,20,30,276,928,-652,100,100,100,0,0,29,0,86,100,3402,detection,
3402625,21,30,276,928,-652,100,100,100,0,0,32,0,81,75,3402,detection,
3402650,24,30,276,928,-652,100,100,100,5,0,22,0,95,100,3402,detection,
3402654,28,30,276,928,-652,100,100,100,0,0,37,0,74,75,3402,detection,
3402669,11,30,276,928,-652,100,100,100,0,0,31,0,82,75,3402,detection,
3402670,8,30,276,928,-652,100,100,100,0,0,30,0,84,75,3402,detection,
3402983,13,29,276,862,-586,100,100,100,4,0,40,0,71,75,3402,detection,
3402990,3,29,276,862,-586,100,100,100,4,0,36,0,76,75,3402,detection,
3403015,5,29,276,862,-586,100,100,100,3,0,40,0,71,75,3403,detection,
3403015,26,29,276,862,-586,100,100,100,4,0,40,0,71,75,3403,detection,
3404356,13,3,607,607,0,0,0,0,0,0,37,0,0,0,3404,detection,
3404388,26,3,607,607,0,0,0,0,0,0,32,0,0,0,3404,detection,
3405513,5,13,536,536,0,0,0,0,0,0,36,0,0,0,3405,detection,
3405567,25,13,536,536,0,0,0,0,0,0,35,0,0,0,3405,detection,
3405608,3,13,536,536,0,0,0,0,0,0,32,0,0,0,3405,detection,
3405613,20,13,536,536,0,0,0,0,0,0,34,0,0,0,3405,detection,
3405623,21,13,536,536,0,0,0,0,0,0,31,0,0,0,3405,detection,
3407408,1,23,512,512,0,0,0,0,0,0,1,0,0,0,3407,detection,
3407438,6,23,512,512,0,0,0,0,0,0,3,0,0,0,3407,detection,
3407450,19,23,512,512,0,0,0,0,0,0,0,0,0,0,3407,detection,
3407466,17,23,512,512,0,0,0,0,0,0,0,0,0,0,3407,detection,
3407467,10,23,512,512,0,0,0,0,0,0,2,0,0,0,3407,detection,
3407473,4,23,512,512,0,0,0,0,0,0,0,0,0,0,3407,detection,
3407509,15,23,512,512,0,0,0,0,0,0,0,0,0,0,3407,detection,
3407528,28,23,512,512,0,0,0,0,0,0,11,0,0,0,3407,detection,
3408763,26,5,845,845,0,0,0,0,0,0,37,0,0,0,3408,detection,
3408858,13,5,845,845,0,0,0,0,0,0,26,0,0,0,3408,detection,
3410732,13,3,592,592,0,0,0,0,0,0,37,0,0,0,3410,detection,
3410737,20,3,592,592,0,0,0,0,0,0,30,0,0,0,3410,detection,
3410760,26,3,592,592,0,0,0,0,0,0,32,0,0,0,3410,detection,
3411875,21,28,832,832,0,0,0,0,0,0,27,0,0,0,3411,detection,
3411895,24,28,832,832,0,0,0,0,0,0,27,0,0,0,3411,detection,
3411938,6,28,832,832,0,0,0,0,0,0,24,0,0,0,3411,detection,
3411938,16,28,832,832,0,0,0,0,0,0,19,0,0,0,3411,detection,
3411943,25,28,832,832,0,0,0,0,0,0,27,0,0,0,3411,detection,
3411963,23,28,832,832,0,0,0,0,0,0,19,0,0,0,3411,detection,
3412930,22,31,276,797,-521,100,100,100,11,0,6,0,97,100,3412,detection,
3412943,25,13,532,532,0,0,0,0,0,0,35,0,0,0,3412,detection,
3412985,20,13,532,532,0,0,0,0,0,0,34,0,0,0,3412,detection,
3412987,3,13,532,532,0,0,0,0,0,0,32,0,0,0,3412,detection,
3412999,21,13,532,532,0,0,0,0,0,0,32,0,0,0,3412,detection,
3413012,5,13,532,532,0,0,0,0,0,0,36,0,0,0,3413,detection,
3413014,26,13,532,532,0,0,0,0,0,0,32,0,0,0,3413,detection,
3416111,20,26,548,548,0,0,0,0,0,0,23,0,0,0,3416,detection,
3416111,13,26,548,548,0,0,0,0,0,0,21,0,0,0,3416,detection,
3416138,5,26,548,548,0,0,0,0,0,0,25,0,0,0,3416,detection,
3416481,13,3,611,611,0,0,0,0,0,0,36,0,0,0,3416,detection,
3416485,20,3,611,611,0,0,0,0,0,0,30,0,0,0,3416,detection,
3416509,26,3,611,611,0,0,0,0,0,0,32,0,0,0,3416,detection,
3416589,23,19,537,537,0,0,0,0,0,0,1,0,0,0,3416,detection,
3419700,19,7,513,513,0,0,0,0,0,0,3,0,0,0,3419,detection,
3420977,1,21,673,673,0,0,0,0,0,0,1,0,0,0,3420,detection,
3420984,13,21,673,673,0,0,0,0,0,0,11,0,0,0,3420,detection,
3420989,20,21,673,673,0,0,0,0,0,0,8,0,0,0,3420,detection,
3421028,28,21,673,673,0,0,0,0,0,0,11,0,0,0,3421,detection,
3421062,6,21,673,673,0,0,0,0,0,0,3,0,0,0,3421,detection,
3421071,25,21,673,673,0,0,0,0,0,0,17,0,0,0,3421,detection,
3421091,10,21,673,673,0,0,0,0,0,0,6,0,0,0,3421,detection,
3421485,13,5,589,589,0,0,0,0,0,0,29,0,0,0,3421,detection,
3421513,26,5,589,589,0,0,0,0,0,0,40,0,0,0,3421,detection,
3421635,26,3,603,603,0,0,0,0,0,0,32,0,0,0,3421,detection,
3421736,20,3,603,603,0,0,0,0,0,0,31,0,0,0,3421,detection,
3421742,13,3,603,603,0,0,0,0,0,0,36,0,0,0,3421,detection,
3421792,8,20,582,582,0,0,0,0,0,0,9,0,0,0,3421,detection,
3421857,13,20,582,582,0,0,0,0,0,0,13,0,0,0,3421,detection,
3421860,3,20,582,582,0,0,0,0,0,0,13,0,0,0,3421,detection,
3421886,26,20,582,582,0,0,0,0,0,0,13,0,0,0,3421,detection,
3422262,26,13,532,532,0,0,0,0,0,0,32,0,0,0,3422,detection,
3422265,5,13,532,532,0,0,0,0,0,0,36,0,0,0,3422,detection,
3422360,3,13,532,532,0,0,0,0,0,0,32,0,0,0,3422,detection,
3422361,20,13,532,532,0,0,0,0,0,0,35,0,0,0,3422,detection,
3422439,6,23,512,512,0,0,0,0,0,0,3,0,0,0,3422,detection,
3422821,25,28,819,819,0,0,0,0,0,0,27,0,0,0,3422,detection,
3423098,4,18,520,520,0,0,0,0,0,0,0,0,0,0,3423,detection,
3424862,3,29,276,880,-604,100,100,100,2,0,36,0,76,75,3424,detection,
3424888,26,29,276,880,-604,100,100,100,2,0,40,0,71,75,3424,detection,
3425320,25,10,512,512,0,0,0,0,0,0,19,0,0,0,3425,detection,
3425984,13,26,542,542,0,0,0,0,0,0,21,0,0,0,3425,detection,
3425987,3,26,542,542,0,0,0,0,0,0,34,0,0,0,3425,detection,
3425988,20,26,542,542,0,0,0,0,0,0,24,0,0,0,3425,detection,
3426015,5,26,542,542,0,0,0,0,0,0,25,0,0,0,3426,detection,
3426108,20,25,535,535,0,0,0,0,0,0,25,0,0,0,3426,detection,
3426108,13,25,535,535,0,0,0,0,0,0,36,0,0,0,3426,detection,
3426122,21,25,535,535,0,0,0,0,0,0,20,0,0,0,3426,detection,
3426147,24,25,535,535,0,0,0,0,0,0,34,0,0,0,3426,detection,
3426152,28,25,535,535,0,0,0,0,0,0,32,0,0,0,3426,detection,
3426167,11,25,535,535,0,0,0,0,0,0,30,0,0,0,3426,detection,
3426167,8,25,535,535,0,0,0,0,0,0,27,0,0,0,3426,detection,
3426186,16,25,535,535,0,0,0,0,0,0,34,0,0,0,3426,detection,
3426220,10,25,535,535,0,0,0,0,0,0,11,0,0,0,3426,detection,
3426638,26,3,595,595,0,0,0,0,0,0,32,0,0,0,3426,detection,
3426737,3,20,582,582,0,0,0,0,0,0,13,0,0,0,3426,detection,
3426747,13,20,582,582,0,0,0,0,0,0,13,0,0,0,3426,detection,
3426762,26,20,582,582,0,0,0,0,0,0,13,0,0,0,3426,detection,
3427188,16,24,596,596,0,0,0,0,0,0,12,0,0,0,3427,detection,
3427984,13,3,595,595,0,0,0,0,0,0,32,0,0,0,3427,detection,
3429194,25,13,532,532,0,0,0,0,0,0,29,0,0,0,3429,detection,
3429235,3,13,532,532,0,0,0,0,0,0,32,0,0,0,3429,detection,
3429236,20,13,532,532,0,0,0,0,0,0,30,0,0,0,3429,detection,
3429250,21,13,532,532,0,0,0,0,0,0,27,0,0,0,3429,detection,
3429261,26,13,532,532,0,0,0,0,0,0,32,0,0,0,3429,detection,
3429264,5,13,532,532,0,0,0,0,0,0,36,0,0,0,3429,detection,
3429599,1,21,673,673,0,0,0,0,0,0,1,0,0,0,3429,detection,
3429607,13,21,673,673,0,0,0,0,0,0,11,0,0,0,3429,detection,
3429615,20,21,673,673,0,0,0,0,0,0,8,0,0,0,3429,detection,
3429655,28,21,673,673,0,0,0,0,0,0,11,0,0,0,3429,detection,
3429694,25,21,673,673,0,0,0,0,0,0,17,0,0,0,3429,detection,
3429718,10,21,673,673,0,0,0,0,0,0,6,0,0,0,3429,detection,
3431112,3,26,803,803,0,0,0,0,0,0,33,0,0,0,3431,detection,
3433361,20,26,541,541,0,0,0,0,0,0,24,0,0,0,3433,detection,
3433361,13,26,541,541,0,0,0,0,0,0,21,0,0,0,3433,detection,
3433388,5,26,541,541,0,0,0,0,0,0,25,0,0,0,3433,detection,
3434000,21,6,849,849,0,0,0,0,0,0,7,0,0,0,3434,detection,
3434738,13,5,626,626,0,0,0,0,0,0,29,0,0,0,3434,detection,
3434762,26,5,626,626,0,0,0,0,0,0,37,0,0,0,3434,detection,
3436112,13,29,276,814,-538,100,100,100,6,0,40,0,71,75,3436,detection,
3436115,3,29,276,814,-538,100,100,100,9,0,40,0,71,75,3436,detection,
3436140,5,29,276,814,-538,100,100,100,6,0,40,0,71,75,3436,detection,
3436140,26,29,276,814,-538,100,100,100,9,0,40,0,71,75,3436,detection,
3438233,13,26,814,814,0,0,0,0,0,0,25,0,0,0,3438,detection,
3438235,3,26,814,814,0,0,0,0,0,0,33,0,0,0,3438,detection,
3438236,20,26,814,814,0,0,0,0,0,0,28,0,0,0,3438,detection,
3438264,5,26,814,814,0,0,0,0,0,0,29,0,0,0,3438,detection,
3438384,15,27,537,537,0,0,0,0,0,0,1,0,0,0,3438,detection,
3438738,13,3,605,605,0,0,0,0,0,0,32,0,0,0,3438,detection,
3438738,20,3,605,605,0,0,0,0,0,0,26,0,0,0,3438,detection,
3438762,26,3,605,605,0,0,0,0,0,0,32,0,0,0,3438,detection,
3440637,26,5,616,616,0,0,0,0,0,0,36,0,0,0,3440,detection,
3440733,13,5,616,616,0,0,0,0,0,0,29,0,0,0,3440,detection,
3441610,3,13,551,551,0,0,0,0,0,0,29,0,0,0,3441,detection,
3441612,20,13,551,551,0,0,0,0,0,0,30,0,0,0,3441,detection,
3441626,21,13,551,551,0,0,0,0,0,0,27,0,0,0,3441,detection,
3441637,26,13,551,551,0,0,0,0,0,0,32,0,0,0,3441,detection,
3441640,5,13,551,551,0,0,0,0,0,0,36,0,0,0,3441,detection,
3441694,25,13,551,551,0,0,0,0,0,0,29,0,0,0,3441,detection,
3443109,13,20,582,582,0,0,0,0,0,0,13,0,0,0,3443,detection,
3443112,3,20,582,582,0,0,0,0,0,0,13,0,0,0,3443,detection,
3443137,26,20,582,582,0,0,0,0,0,0,13,0,0,0,3443,detection,
3443168,8,20,582,582,0,0,0,0,0,0,9,0,0,0,3443,detection,
3443241,1,21,645,645,0,0,0,0,0,0,1,0,0,0,3443,detection,
3443279,28,21,645,645,0,0,0,0,0,0,11,0,0,0,3443,detection,
3443319,25,21,645,645,0,0,0,0,0,0,16,0,0,0,3443,detection,
3443342,10,21,645,645,0,0,0,0,0,0,5,0,0,0,3443,detection,
3443360,20,21,645,645,0,0,0,0,0,0,7,0,0,0,3443,detection,
3443360,13,21,645,645,0,0,0,0,0,0,11,0,0,0,3443,detection,
3444359,13,5,900,900,0,0,0,0,0,0,33,0,0,0,3444,detection,
3444388,26,5,900,900,0,0,0,0,0,0,40,0,0,0,3444,detection,
3444735,3,26,851,851,0,0,0,0,0,0,33,0,0,0,3444,detection,
3444737,20,26,851,851,0,0,0,0,0,0,28,0,0,0,3444,detection,
3444746,13,26,851,851,0,0,0,0,0,0,21,0,0,0,3444,detection,
3444764,5,26,851,851,0,0,0,0,0,0,28,0,0,0,3444,detection,
3446696,19,17,872,872,0,0,0,0,0,0,3,0,0,0,3446,detection,
3448486,13,29,276,1139,-863,100,100,100,47,0,40,0,71,75,3448,detection,
3448488,3,29,276,1139,-863,100,100,100,47,0,40,0,71,75,3448,detection,
3448514,26,29,276,1139,-863,100,100,100,47,0,40,0,71,75,3448,detection,
3448517,5,29,276,1139,-863,100,100,100,47,0,40,0,71,75,3448,detection,
3448574,19,15,516,516,0,0,0,0,0,0,0,0,0,0,3448,detection,
3451233,13,26,817,817,0,0,0,0,0,0,21,0,0,0,3451,detection,
3451235,3,26,817,817,0,0,0,0,0,0,33,0,0,0,3451,detection,
3451237,20,26,817,817,0,0,0,0,0,0,27,0,0,0,3451,detection,
3451265,5,26,817,817,0,0,0,0,0,0,28,0,0,0,3451,detection,
3452238,13,29,276,1082,-806,100,100,100,8,0,40,0,71,75,3452,detection,
3452240,3,29,276,1082,-806,100,100,100,8,0,40,0,71,75,3452,detection,
3452266,26,29,276,1082,-806,100,100,100,8,0,40,0,71,75,3452,detection,
3454792,8,20,582,582,0,0,0,0,0,0,9,0,0,0,3454,detection,
3456111,13,26,821,821,0,0,0,0,0,0,21,0,0,0,3456,detection,
3456113,3,26,821,821,0,0,0,0,0,0,33,0,0,0,3456,detection,
3456138,5,26,821,821,0,0,0,0,0,0,28,0,0,0,3456,detection,
3458888,26,5,608,608,0,0,0,0,0,0,40,0,0,0,3458,detection,
3458983,13,5,608,608,0,0,0,0,0,0,36,0,0,0,3458,detection,
3459016,26,5,608,608,0,0,0,0,0,0,40,0,0,0,3459,detection,
3460111,13,29,276,878,-602,100,100,100,30,0,36,0,76,75,3460,detection,
3460114,3,29,276,878,-602,100,100,100,29,0,40,0,71,75,3460,detection,
3460139,26,29,276,878,-602,100,100,100,29,0,40,0,71,75,3460,detection,
3460143,5,29,276,878,-602,100,100,100,37,0,40,0,71,75,3460,detection,
3463390,5,26,536,536,0,0,0,0,0,0,32,0,0,0,3463,detection,
3463483,13,26,536,536,0,0,0,0,0,0,25,0,0,0,3463,detection,
3463485,3,26,536,536,0,0,0,0,0,0,37,0,0,0,3463,detection,
3463486,20,26,536,536,0,0,0,0,0,0,31,0,0,0,3463,detection,
3464985,13,29,276,792,-516,100,100,100,12,0,40,0,71,75,3464,detection,
3464988,3,29,276,792,-516,100,100,100,12,0,40,0,71,75,3464,detection,
3465014,26,29,276,792,-516,100,100,100,12,0,40,0,71,75,3465,detection,
3465017,5,29,276,792,-516,100,100,100,13,0,36,0,76,75,3465,detection,
3466569,25,13,532,532,0,0,0,0,0,0,29,0,0,0,3466,detection,
3466610,3,13,532,532,0,0,0,0,0,0,29,0,0,0,3466,detection,
3466611,20,13,532,532,0,0,0,0,0,0,29,0,0,0,3466,detection,
3466636,26,13,532,532,0,0,0,0,0,0,32,0,0,0,3466,detection,
3466639,5,13,532,532,0,0,0,0,0,0,36,0,0,0,3466,detection,
3467607,13,5,593,593,0,0,0,0,0,0,36,0,0,0,3467,detection,
3467635,26,5,593,593,0,0,0,0,0,0,40,0,0,0,3467,detection,
3469233,13,26,815,815,0,0,0,0,0,0,28,0,0,0,3469,detection,
3469235,3,26,815,815,0,0,0,0,0,0,40,0,0,0,3469,detection,
3469236,20,26,815,815,0,0,0,0,0,0,30,0,0,0,3469,detection,
3469264,5,26,815,815,0,0,0,0,0,0,32,0,0,0,3469,detection,
3473732,13,3,664,664,0,0,0,0,0,0,32,0,0,0,3473,detection,
3473737,20,3,664,664,0,0,0,0,0,0,27,0,0,0,3473,detection,
3473760,26,3,664,664,0,0,0,0,0,0,32,0,0,0,3473,detection,
3473985,20,26,849,849,0,0,0,0,0,0,35,0,0,0,3473,detection,
3473986,13,26,849,849,0,0,0,0,0,0,32,0,0,0,3473,detection,
3474013,5,26,849,849,0,0,0,0,0,0,36,0,0,0,3474,detection,
3474141,5,29,276,921,-645,100,100,100,18,0,40,0,71,75,3474,detection,
3474294,8,20,577,577,0,0,0,0,0,0,9,0,0,0,3474,detection,
3474322,25,20,577,577,0,0,0,0,0,0,24,0,0,0,3474,detection,
3474885,26,5,629,629,0,0,0,0,0,0,40,0,0,0,3474,detection,
3475276,28,25,535,535,0,0,0,0,0,0,32,0,0,0,3475,detection,
3475291,11,25,535,535,0,0,0,0,0,0,30,0,0,0,3475,detection,
3475291,8,25,535,535,0,0,0,0,0,0,27,0,0,0,3475,detection,
3475314,16,25,535,535,0,0,0,0,0,0,33,0,0,0,3475,detection,
3475340,10,25,535,535,0,0,0,0,0,0,11,0,0,0,3475,detection,
3475356,13,25,535,535,0,0,0,0,0,0,32,0,0,0,3475,detection,
3475360,20,25,535,535,0,0,0,0,0,0,26,0,0,0,3475,detection,
3475374,21,25,535,535,0,0,0,0,0,0,20,0,0,0,3475,detection,
3475395,24,25,535,535,0,0,0,0,0,0,34,0,0,0,3475,detection,
3477763,5,13,850,850,0,0,0,0,0,0,40,0,0,0,3477,detection,
3477817,25,13,850,850,0,0,0,0,0,0,32,0,0,0,3477,detection,
3477863,20,13,850,850,0,0,0,0,0,0,35,0,0,0,3477,detection,
3477873,21,13,850,850,0,0,0,0,0,0,31,0,0,0,3477,detection,
3478637,1,21,633,633,0,0,0,0,0,0,1,0,0,0,3478,detection,
3478654,28,21,633,633,0,0,0,0,0,0,11,0,0,0,3478,detection,
3478688,6,21,633,633,0,0,0,0,0,0,3,0,0,0,3478,detection,
3478693,25,21,633,633,0,0,0,0,0,0,16,0,0,0,3478,detection,
3479610,13,29,276,920,-644,100,100,100,18,0,40,0,71,75,3479,detection,
3479613,3,29,276,920,-644,100,100,100,18,0,40,0,71,75,3479,detection,
3479638,26,29,276,920,-644,100,100,100,19,0,36,0,76,75,3479,detection,
3479642,5,29,276,920,-644,100,100,100,0,0,40,0,71,75,3479,detection,
3481043,8,20,577,577,0,0,0,0,0,0,8,0,0,0,3481,detection,
3481859,3,26,533,533,0,0,0,0,0,0,40,0,0,0,3481,detection,
3481861,20,26,533,533,0,0,0,0,0,0,35,0,0,0,3481,detection,
3481888,5,26,533,533,0,0,0,0,0,0,40,0,0,0,3481,detection,
3482735,13,5,646,646,0,0,0,0,0,0,32,0,0,0,3482,detection,
3482764,26,5,646,646,0,0,0,0,0,0,40,0,0,0,3482,detection,
3482946,25,13,554,554,0,0,0,0,0,0,36,0,0,0,3482,detection,
3482986,3,13,554,554,0,0,0,0,0,0,29,0,0,0,3482,detection,
3483013,26,13,554,554,0,0,0,0,0,0,32,0,0,0,3483,detection,
3483230,13,3,891,891,0,0,0,0,0,0,36,0,0,0,3483,detection,
3483235,20,3,891,891,0,0,0,0,0,0,31,0,0,0,3483,detection,
3483259,26,3,891,891,0,0,0,0,0,0,36,0,0,0,3483,detection,
3483591,17,9,577,577,0,0,0,0,0,0,2,0,0,0,3483,detection,
3483606,13,25,535,535,0,0,0,0,0,0,32,0,0,0,3483,detection,
3483615,20,25,535,535,0,0,0,0,0,0,26,0,0,0,3483,detection,
3483624,21,25,535,535,0,0,0,0,0,0,20,0,0,0,3483,detection,
3483644,24,25,535,535,0,0,0,0,0,0,30,0,0,0,3483,detection,
3483669,11,25,535,535,0,0,0,0,0,0,30,0,0,0,3483,detection,
3483669,8,25,535,535,0,0,0,0,0,0,27,0,0,0,3483,detection,
3483687,16,25,535,535,0,0,0,0,0,0,33,0,0,0,3483,detection,
3483916,8,25,535,535,0,0,0,0,0,0,27,0,0,0,3483,detection,
3484985,13,29,276,945,-669,100,100,100,3,0,40,0,71,75,3484,detection,
3484988,3,29,276,945,-669,100,100,100,3,0,36,0,76,75,3484,detection,
3485013,26,29,276,945,-669,100,100,100,3,0,40,0,71,75,3485,detection,
3485017,5,29,276,945,-669,100,100,100,3,0,40,0,71,75,3485,detection,
3485147,24,2,1295,1295,0,0,0,0,0,0,23,0,0,0,3485,detection,
3487915,7,18,520,520,0,0,0,0,0,0,0,0,0,0,3487,detection,
3488108,13,3,663,663,0,0,0,0,0,0,40,0,0,0,3488,detection,
3488113,20,3,663,663,0,0,0,0,0,0,35,0,0,0,3488,detection,
3488136,26,3,663,663,0,0,0,0,0,0,36,0,0,0,3488,detection,
3489233,13,26,532,532,0,0,0,0,0,0,36,0,0,0,3489,detection,
3489235,3,26,532,532,0,0,0,0,0,0,36,0,0,0,3489,detection,
3489236,20,26,532,532,0,0,0,0,0,0,35,0,0,0,3489,detection,
3489264,5,26,532,532,0,0,0,0,0,0,40,0,0,0,3489,detection,
3489487,3,13,549,549,0,0,0,0,0,0,29,0,0,0,3489,detection,
3489488,20,13,549,549,0,0,0,0,0,0,35,0,0,0,3489,detection,
3489498,21,13,549,549,0,0,0,0,0,0,35,0,0,0,3489,detection,
3489513,26,13,549,549,0,0,0,0,0,0,28,0,0,0,3489,detection,
3489516,5,13,549,549,0,0,0,0,0,0,40,0,0,0,3489,detection,
3489608,13,5,842,842,0,0,0,0,0,0,36,0,0,0,3489,detection,
3489636,26,5,842,842,0,0,0,0,0,0,36,0,0,0,3489,detection,
3495013,5,13,545,545,0,0,0,0,0,0,36,0,0,0,3495,detection,
3495067,25,13,545,545,0,0,0,0,0,0,36,0,0,0,3495,detection,
3495112,3,13,545,545,0,0,0,0,0,0,28,0,0,0,3495,detection,
3495113,20,13,545,545,0,0,0,0,0,0,35,0,0,0,3495,detection,
3495123,21,13,545,545,0,0,0,0,0,0,35,0,0,0,3495,detection,
3495484,13,5,649,649,0,0,0,0,0,0,40,0,0,0,3495,detection,
3495513,26,5,649,649,0,0,0,0,0,0,40,0,0,0,3495,detection,
3495736,3,26,532,532,0,0,0,0,0,0,36,0,0,0,3495,detection,
3495737,20,26,532,532,0,0,0,0,0,0,35,0,0,0,3495,detection,
3495745,13,26,532,532,0,0,0,0,0,0,36,0,0,0,3495,detection,
3495765,5,26,532,532,0,0,0,0,0,0,40,0,0,0,3495,detection,
3496360,13,3,649,649,0,0,0,0,0,0,40,0,0,0,3496,detection,
3496388,26,3,649,649,0,0,0,0,0,0,36,0,0,0,3496,detection,
3497544,11,25,535,535,0,0,0,0,0,0,30,0,0,0,3497,detection,
3497544,8,25,535,535,0,0,0,0,0,0,27,0,0,0,3497,detection,
3497562,16,25,535,535,0,0,0,0,0,0,28,0,0,0,3497,detection,
3497588,10,25,535,535,0,0,0,0,0,0,11,0,0,0,3497,detection,
3497623,21,25,535,535,0,0,0,0,0,0,20,0,0,0,3497,detection,
3497643,24,25,535,535,0,0,0,0,0,0,30,0,0,0,3497,detection,
3497653,28,25,535,535,0,0,0,0,0,0,32,0,0,0,3497,detection,
3497984,13,29,276,846,-570,100,100,100,14,0,40,0,71,75,3497,detection,
3497987,3,29,276,846,-570,100,100,100,14,0,40,0,71,75,3497,detection,
3498012,26,29,276,846,-570,100,100,100,14,0,40,0,71,75,3498,detection,
3498016,5,29,276,846,-570,100,100,100,14,0,40,0,71,75,3498,detection,
3499109,3,20,564,564,0,0,0,0,0,0,13,0,0,0,3499,detection,
3499110,13,20,564,564,0,0,0,0,0,0,13,0,0,0,3499,detection,
3499124,21,20,564,564,0,0,0,0,0,0,9,0,0,0,3499,detection,
3499139,26,20,564,564,0,0,0,0,0,0,13,0,0,0,3499,detection,
3499165,8,20,564,564,0,0,0,0,0,0,8,0,0,0,3499,detection,
3500065,16,6,884,884,0,0,0,0,0,0,11,0,0,0,3500,detection,
3500089,10,6,884,884,0,0,0,0,0,0,4,0,0,0,3500,detection,
3500096,4,6,884,884,0,0,0,0,0,0,0,0,0,0,3500,detection,
3500114,12,6,884,884,0,0,0,0,0,0,3,0,0,0,3500,detection,
3500154,28,6,884,884,0,0,0,0,0,0,10,0,0,0,3500,detection,
3501732,13,5,649,649,0,0,0,0,0,0,40,0,0,0,3501,detection,
3501761,26,5,649,649,0,0,0,0,0,0,40,0,0,0,3501,detection,
3503111,3,13,799,799,0,0,0,0,0,0,32,0,0,0,3503,detection,
3503112,20,13,799,799,0,0,0,0,0,0,35,0,0,0,3503,detection,
3503122,21,13,799,799,0,0,0,0,0,0,35,0,0,0,3503,detection,
3503137,26,13,799,799,0,0,0,0,0,0,32,0,0,0,3503,detection,
3503140,5,13,799,799,0,0,0,0,0,0,40,0,0,0,3503,detection,
3503194,25,13,799,799,0,0,0,0,0,0,39,0,0,0,3503,detection,
3504513,26,29,276,939,-663,100,100,100,13,0,40,0,71,75,3504,detection,
3504517,5,29,276,939,-663,100,100,100,13,0,40,0,71,75,3504,detection,
3504612,3,29,276,939,-663,100,100,100,13,0,40,0,71,75,3504,detection,
3504856,13,26,532,532,0,0,0,0,0,0,32,0,0,0,3504,detection,
3504860,20,26,532,532,0,0,0,0,0,0,35,0,0,0,3504,detection,
3504863,3,26,532,532,0,0,0,0,0,0,36,0,0,0,3504,detection,
3505383,15,4,512,512,0,0,0,0,0,0,2,0,0,0,3505,detection,
3508192,25,13,799,799,0,0,0,0,0,0,39,0,0,0,3508,detection,
3508238,20,13,799,799,0,0,0,0,0,0,35,0,0,0,3508,detection,
3508248,21,13,799,799,0,0,0,0,0,0,35,0,0,0,3508,detection,
3508263,26,13,799,799,0,0,0,0,0,0,32,0,0,0,3508,detection,
3508266,5,13,799,799,0,0,0,0,0,0,40,0,0,0,3508,detection,
3510985,13,29,276,1091,-815,100,100,100,35,0,40,0,71,75,3510,detection,
3510987,3,29,276,1091,-815,100,100,100,21,0,40,0,71,75,3510,detection,
3511013,26,29,276,1091,-815,100,100,100,21,0,40,0,71,75,3511,detection,
3511016,5,29,276,1091,-815,100,100,100,21,0,40,0,71,75,3511,detection,
3512013,5,26,532,532,0,0,0,0,0,0,40,0,0,0,3512,detection,
3512108,3,26,532,532,0,0,0,0,0,0,36,0,0,0,3512,detection,
3512110,13,26,532,532,0,0,0,0,0,0,32,0,0,0,3512,detection,
3512114,20,26,532,532,0,0,0,0,0,0,35,0,0,0,3512,detection,
3512512,26,5,649,649,0,0,0,0,0,0,40,0,0,0,3512,detection,
3512607,13,5,649,649,0,0,0,0,0,0,40,0,0,0,3512,detection,
3513260,26,3,616,616,0,0,0,0,0,0,36,0,0,0,3513,detection,
3513360,13,3,616,616,0,0,0,0,0,0,40,0,0,0,3513,detection,
3513361,20,3,616,616,0,0,0,0,0,0,35,0,0,0,3513,detection,
3514985,20,13,795,795,0,0,0,0,0,0,29,0,0,0,3514,detection,
3514988,3,13,795,795,0,0,0,0,0,0,32,0,0,0,3514,detection,
3515013,5,13,795,795,0,0,0,0,0,0,40,0,0,0,3515,detection,
3515014,26,13,795,795,0,0,0,0,0,0,32,0,0,0,3515,detection,
3515216,10,21,622,622,0,0,0,0,0,0,0,0,0,0,3515,detection,
3516511,26,3,592,592,0,0,0,0,0,0,36,0,0,0,3516,detection,
3517360,3,26,889,889,0,0,0,0,0,0,40,0,0,0,3517,detection,
3517360,20,26,889,889,0,0,0,0,0,0,35,0,0,0,3517,detection,
3517361,13,26,889,889,0,0,0,0,0,0,36,0,0,0,3517,detection,
3517388,5,26,889,889,0,0,0,0,0,0,40,0,0,0,3517,detection,
3517526,28,21,622,622,0,0,0,0,0,0,11,0,0,0,3517,detection,
3517565,1,21,622,622,0,0,0,0,0,0,1,0,0,0,3517,detection,
3517570,25,21,622,622,0,0,0,0,0,0,16,0,0,0,3517,detection,
3518056,6,21,622,622,0,0,0,0,0,0,3,0,0,0,3518,detection,
3518092,10,23,512,512,0,0,0,0,0,0,2,0,0,0,3518,detection,
3518484,13,29,276,1076,-800,100,100,100,2,0,40,0,71,75,3518,detection,
3518487,3,29,276,1076,-800,100,100,100,2,0,40,0,71,75,3518,detection,
3518512,26,29,276,1076,-800,100,100,100,2,0,40,0,71,75,3518,detection,
3519357,13,20,564,564,0,0,0,0,0,0,13,0,0,0,3519,detection,
3519361,3,20,564,564,0,0,0,0,0,0,13,0,0,0,3519,detection,
3519375,21,20,564,564,0,0,0,0,0,0,9,0,0,0,3519,detection,
3519385,26,20,564,564,0,0,0,0,0,0,13,0,0,0,3519,detection,
3519413,9,22,589,589,0,0,0,0,0,0,2,0,0,0,3519,detection,
3519420,8,20,564,564,0,0,0,0,0,0,8,0,0,0,3519,detection,
3519443,25,20,564,564,0,0,0,0,0,0,24,0,0,0,3519,detection,
3521358,13,26,532,532,0,0,0,0,0,0,40,0,0,0,3521,detection,
3521361,3,26,532,532,0,0,0,0,0,0,40,0,0,0,3521,detection,
3521362,20,26,532,532,0,0,0,0,0,0,30,0,0,0,3521,detection,
3521389,5,26,532,532,0,0,0,0,0,0,40,0,0,0,3521,detection,
3521570,25,13,834,834,0,0,0,0,0,0,37,0,0,0,3521,detection,
3521611,3,13,834,834,0,0,0,0,0,0,36,0,0,0,3521,detection,
3521621,20,13,834,834,0,0,0,0,0,0,33,0,0,0,3521,detection,
3521637,26,13,834,834,0,0,0,0,0,0,36,0,0,0,3521,detection,
3521640,5,13,834,834,0,0,0,0,0,0,40,0,0,0,3521,detection,
3523041,7,27,537,537,0,0,0,0,0,0,1,0,0,0,3523,detection,
3524236,13,29,276,810,-534,100,100,100,38,0,40,0,71,75,3524,detection,
3524239,3,29,276,810,-534,100,100,100,38,0,40,0,71,75,3524,detection,
3524264,26,29,276,810,-534,100,100,100,38,0,40,0,71,75,3524,detection,
3524268,5,29,276,810,-534,100,100,100,40,0,40,0,71,75,3524,detection,
3524717,17,14,874,874,0,0,0,0,0,0,0,0,0,0,3524,detection,
3526636,26,13,538,538,0,0,0,0,0,0,40,0,0,0,3526,detection,
3526639,5,13,538,538,0,0,0,0,0,0,40,0,0,0,3526,detection,
3526693,25,13,538,538,0,0,0,0,0,0,41,0,0,0,3526,detection,
3526735,20,13,538,538,0,0,0,0,0,0,33,0,0,0,3526,detection,
3527607,13,26,532,532,0,0,0,0,0,0,40,0,0,0,3527,detection,
3527610,3,26,532,532,0,0,0,0,0,0,40,0,0,0,3527,detection,
3527615,20,26,532,532,0,0,0,0,0,0,29,0,0,0,3527,detection,
3527639,5,26,532,532,0,0,0,0,0,0,36,0,0,0,3527,detection,
3528013,26,5,674,674,0,0,0,0,0,0,40,0,0,0,3528,detection,
3528593,17,31,276,775,-499,100,100,100,33,16,0,0,97,100,3528,detection,
3530649,24,11,774,774,0,0,0,0,0,0,11,0,0,0,3530,detection,
3531063,16,25,535,535,0,0,0,0,0,0,28,0,0,0,3531,detection,
3531093,10,25,535,535,0,0,0,0,0,0,11,0,0,0,3531,detection,
3531109,20,25,535,535,0,0,0,0,0,0,26,0,0,0,3531,detection,
3531110,13,25,535,535,0,0,0,0,0,0,32,0,0,0,3531,detection,
3531123,21,25,535,535,0,0,0,0,0,0,20,0,0,0,3531,detection,
3531148,24,25,535,535,0,0,0,0,0,0,30,0,0,0,3531,detection,
3531153,28,25,535,535,0,0,0,0,0,0,28,0,0,0,3531,detection,
3531168,11,25,535,535,0,0,0,0,0,0,30,0,0,0,3531,detection,
3531168,8,25,535,535,0,0,0,0,0,0,27,0,0,0,3531,detection,
3532982,13,5,659,659,0,0,0,0,0,0,40,0,0,0,3532,detection,
3533010,26,5,659,659,0,0,0,0,0,0,40,0,0,0,3533,detection,
3533236,20,26,532,532,0,0,0,0,0,0,29,0,0,0,3533,detection,
3533295,11,30,276,918,-642,100,100,100,1,0,30,0,84,75,3533,detection,
3533444,25,13,535,535,0,0,0,0,0,0,41,0,0,0,3533,detection,
3533485,3,13,535,535,0,0,0,0,0,0,36,0,0,0,3533,detection,
3533486,20,13,535,535,0,0,0,0,0,0,33,0,0,0,3533,detection,
3533511,26,13,535,535,0,0,0,0,0,0,40,0,0,0,3533,detection,
3533514,5,13,535,535,0,0,0,0,0,0,40,0,0,0,3533,detection,
3534438,16,28,813,813,0,0,0,0,0,0,20,0,0,0,3534,detection,
3535361,13,26,557,557,0,0,0,0,0,0,40,0,0,0,3535,detection,
3535363,3,26,557,557,0,0,0,0,0,0,40,0,0,0,3535,detection,
3535529,28,10,512,512,0,0,0,0,0,0,10,0,0,0,3535,detection,
3535738,3,29,276,939,-663,100,100,100,18,0,40,0,71,75,3535,detection,
3535739,13,29,276,939,-663,100,100,100,19,0,36,0,76,75,3535,detection,
3535763,26,29,276,939,-663,100,100,100,18,0,40,0,71,75,3535,detection,
3535766,5,29,276,939,-663,100,100,100,19,0,36,0,76,75,3535,detection,
3538610,13,5,646,646,0,0,0,0,0,0,40,0,0,0,3538,detection,
3538638,26,5,646,646,0,0,0,0,0,0,40,0,0,0,3538,detection,
3540859,13,26,809,809,0,0,0,0,0,0,40,0,0,0,3540,detection,
3540861,3,26,809,809,0,0,0,0,0,0,36,0,0,0,3540,detection,
3541986,13,29,276,1078,-802,100,100,100,20,0,40,0,71,75,3541,detection,
3541989,3,29,276,1078,-802,100,100,100,20,0,40,0,71,75,3541,detection,
3542018,26,29,276,1078,-802,100,100,100,21,0,36,0,76,75,3542,detection,
3543470,4,19,537,537,0,0,0,0,0,0,0,0,0,0,3543,detection,
3543886,26,3,657,657,0,0,0,0,0,0,36,0,0,0,3543,detection,
3545234,13,5,701,701,0,0,0,0,0,0,40,0,0,0,3545,detection,
3545262,26,5,701,701,0,0,0,0,0,0,40,0,0,0,3545,detection,
3545318,25,10,512,512,0,0,0,0,0,0,19,0,0,0,3545,detection,
3545321,6,10,512,512,0,0,0,0,0,0,2,0,0,0,3545,detection,
3545339,23,10,512,512,0,0,0,0,0,0,0,0,0,0,3545,detection,
3545348,4,10,512,512,0,0,0,0,0,0,0,0,0,0,3545,detection,
3545404,28,10,512,512,0,0,0,0,0,0,10,0,0,0,3545,detection,
3545612,3,13,532,532,0,0,0,0,0,0,36,0,0,0,3545,detection,
3545623,21,13,532,532,0,0,0,0,0,0,35,0,0,0,3545,detection,
3548093,4,7,513,513,0,0,0,0,0,0,1,0,0,0,3548,detection,
3548236,13,26,803,803,0,0,0,0,0,0,40,0,0,0,3548,detection,
3548238,3,26,803,803,0,0,0,0,0,0,36,0,0,0,3548,detection,
3549140,26,29,276,1064,-788,100,100,100,2,0,36,0,76,75,3549,detection,
3549144,5,29,276,1064,-788,100,100,100,18,0,40,0,71,75,3549,detection,
3549235,13,29,276,1064,-788,100,100,100,2,0,40,0,71,75,3549,detection,
3549238,3,29,276,1064,-788,100,100,100,2,0,36,0,76,75,3549,detection,
3550360,3,13,532,532,0,0,0,0,0,0,36,0,0,0,3550,detection,
3550361,20,13,532,532,0,0,0,0,0,0,33,0,0,0,3550,detection,
3550375,21,13,532,532,0,0,0,0,0,0,29,0,0,0,3550,detection,
3550386,26,13,532,532,0,0,0,0,0,0,40,0,0,0,3550,detection,
3550389,5,13,532,532,0,0,0,0,0,0,40,0,0,0,3550,detection,
3550443,25,13,532,532,0,0,0,0,0,0,41,0,0,0,3550,detection,
3551543,11,2,1252,1252,0,0,0,0,0,0,20,0,0,0,3551,detection,
3552439,16,22,589,589,0,0,0,0,0,0,10,0,0,0,3552,detection,
3552487,12,22,589,589,0,0,0,0,0,0,2,0,0,0,3552,detection,
3552540,9,22,589,589,0,0,0,0,0,0,2,0,0,0,3552,detection,
3553068,25,20,590,590,0,0,0,0,0,0,24,0,0,0,3553,detection,
3553388,5,26,798,798,0,0,0,0,0,0,40,0,0,0,3553,detection,
3553483,3,26,798,798,0,0,0,0,0,0,36,0,0,0,3553,detection,
3553485,13,26,798,798,0,0,0,0,0,0,36,0,0,0,3553,detection,
3553489,20,26,798,798,0,0,0,0,0,0,33,0,0,0,3553,detection,
3553609,13,29,276,1058,-782,100,100,100,0,0,40,0,71,75,3553,detection,
3553612,3,29,276,1058,-782,100,100,100,0,0,36,0,76,75,3553,detection,
3553637,26,29,276,1058,-782,100,100,100,0,0,36,0,76,75,3553,detection,
3553641,5,29,276,1058,-782,100,100,100,0,0,40,0,71,75,3553,detection,
3557113,20,13,532,532,0,0,0,0,0,0,33,0,0,0,3557,detection,
3557123,21,13,532,532,0,0,0,0,0,0,30,0,0,0,3557,detection,
3557138,26,13,532,532,0,0,0,0,0,0,36,0,0,0,3557,detection,
3557141,5,13,532,532,0,0,0,0,0,0,36,0,0,0,3557,detection,
3557916,11,8,765,765,0,0,0,0,0,0,17,0,0,0,3557,detection,
3558450,19,17,691,691,0,0,0,0,0,0,3,0,0,0,3558,detection,
3560408,27,18,520,520,0,0,0,0,0,0,0,0,0,0,3560,detection,
3560485,20,26,797,797,0,0,0,0,0,0,33,0,0,0,3560,detection,
3560486,13,26,797,797,0,0,0,0,0,0,36,0,0,0,3560,detection,
3560488,3,26,797,797,0,0,0,0,0,0,36,0,0,0,3560,detection,
3560513,5,26,797,797,0,0,0,0,0,0,40,0,0,0,3560,detection,
3560624,21,13,532,532,0,0,0,0,0,0,29,0,0,0,3560,detection,
3562361,13,5,668,668,0,0,0,0,0,0,36,0,0,0,3562,detection,
3563943,25,16,560,560,0,0,0,0,0,0,29,0,0,0,3563,detection,
3564318,25,13,532,532,0,0,0,0,0,0,42,0,0,0,3564,detection,
3564360,20,13,532,532,0,0,0,0,0,0,33,0,0,0,3564,detection,
3564363,3,13,532,532,0,0,0,0,0,0,36,0,0,0,3564,detection,
3564373,21,13,532,532,0,0,0,0,0,0,29,0,0,0,3564,detection,
3564388,5,13,532,532,0,0,0,0,0,0,36,0,0,0,3564,detection,
3564389,26,13,532,532,0,0,0,0,0,0,36,0,0,0,3564,detection,
3564772,24,16,560,560,0,0,0,0,0,0,18,0,0,0,3564,detection,
3564777,28,16,560,560,0,0,0,0,0,0,14,0,0,0,3564,detection,
3564800,22,16,560,560,0,0,0,0,0,0,10,0,0,0,3564,detection,
3564815,6,16,560,560,0,0,0,0,0,0,16,0,0,0,3564,detection,
3564820,25,16,560,560,0,0,0,0,0,0,29,0,0,0,3564,detection,
3564859,12,16,560,560,0,0,0,0,0,0,7,0,0,0,3564,detection,
3569233,13,5,861,861,0,0,0,0,0,0,40,0,0,0,3569,detection,
3570358,13,26,541,541,0,0,0,0,0,0,40,0,0,0,3570,detection,
3570360,3,26,541,541,0,0,0,0,0,0,40,0,0,0,3570,detection,
3570361,20,26,541,541,0,0,0,0,0,0,33,0,0,0,3570,detection,
3570389,5,26,541,541,0,0,0,0,0,0,40,0,0,0,3570,detection,
3572818,25,13,541,541,0,0,0,0,0,0,41,0,0,0,3572,detection,
3572859,3,13,541,541,0,0,0,0,0,0,36,0,0,0,3572,detection,
3572860,20,13,541,541,0,0,0,0,0,0,33,0,0,0,3572,detection,
3572888,5,13,541,541,0,0,0,0,0,0,36,0,0,0,3572,detection,
3572889,26,13,541,541,0,0,0,0,0,0,36,0,0,0,3572,detection,
3573363,13,29,276,842,-566,100,100,100,31,0,40,0,71,75,3573,detection,
3573390,5,29,276,842,-566,100,100,100,31,0,40,0,71,75,3573,detection,
3574668,8,20,590,590,0,0,0,0,0,0,7,0,0,0,3574,detection,
3574695,25,20,590,590,0,0,0,0,0,0,18,0,0,0,3574,detection,
3574735,3,20,590,590,0,0,0,0,0,0,12,0,0,0,3574,detection,
3574739,13,20,590,590,0,0,0,0,0,0,12,0,0,0,3574,detection,
3574751,21,20,590,590,0,0,0,0,0,0,9,0,0,0,3574,detection,
3574761,26,20,590,590,0,0,0,0,0,0,13,0,0,0,3574,detection,
3575919,11,2,1168,1168,0,0,0,0,0,0,14,0,0,0,3575,detection,
3575983,13,5,667,667,0,0,0,0,0,0,40,0,0,0,3575,detection,
3576012,26,5,667,667,0,0,0,0,0,0,36,0,0,0,3576,detection,
3576359,13,26,814,814,0,0,0,0,0,0,40,0,0,0,3576,detection,
3576361,3,26,814,814,0,0,0,0,0,0,40,0,0,0,3576,detection,
3576363,20,26,814,814,0,0,0,0,0,0,33,0,0,0,3576,detection,
3576390,5,26,814,814,0,0,0,0,0,0,40,0,0,0,3576,detection,
3576840,10,28,800,800,0,0,0,0,0,0,28,0,0,0,3576,detection,
3576872,21,28,800,800,0,0,0,0,0,0,29,0,0,0,3576,detection,
3576896,24,28,800,800,0,0,0,0,0,0,27,0,0,0,3576,detection,
3576935,16,28,800,800,0,0,0,0,0,0,19,0,0,0,3576,detection,
3576939,6,28,800,800,0,0,0,0,0,0,20,0,0,0,3576,detection,
3576944,25,28,800,800,0,0,0,0,0,0,27,0,0,0,3576,detection,
3578317,25,13,846,846,0,0,0,0,0,0,41,0,0,0,3578,detection,
3578363,3,13,846,846,0,0,0,0,0,0,40,0,0,0,3578,detection,
3578363,20,13,846,846,0,0,0,0,0,0,28,0,0,0,3578,detection,
3578373,21,13,846,846,0,0,0,0,0,0,33,0,0,0,3578,detection,
3578388,26,13,846,846,0,0,0,0,0,0,40,0,0,0,3578,detection,
3578391,5,13,846,846,0,0,0,0,0,0,40,0,0,0,3578,detection,
3579393,5,29,276,1085,-809,100,100,100,35,0,40,0,71,75,3579,detection,
3579484,13,29,276,1085,-809,100,100,100,35,0,40,0,71,75,3579,detection,
3579487,3,29,276,1085,-809,100,100,100,4,0,36,0,76,75,3579,detection,
3579512,26,29,276,1085,-809,100,100,100,4,0,36,0,76,75,3579,detection,
3580731,13,26,591,591,0,0,0,0,0,0,40,0,0,0,3580,detection,
3580738,3,26,591,591,0,0,0,0,0,0,40,0,0,0,3580,detection,
3580762,5,26,591,591,0,0,0,0,0,0,40,0,0,0,3580,detection,
3581262,26,3,662,662,0,0,0,0,0,0,36,0,0,0,3581,detection,
3581358,13,3,662,662,0,0,0,0,0,0,40,0,0,0,3581,detection,
3581362,20,3,662,662,0,0,0,0,0,0,35,0,0,0,3581,detection,
3582511,26,5,640,640,0,0,0,0,0,0,36,0,0,0,3582,detection,
3582607,13,5,640,640,0,0,0,0,0,0,40,0,0,0,3582,detection,
3582735,3,13,564,564,0,0,0,0,0,0,40,0,0,0,3582,detection,
3582736,20,13,564,564,0,0,0,0,0,0,32,0,0,0,3582,detection,
3582750,21,13,564,564,0,0,0,0,0,0,33,0,0,0,3582,detection,
3582761,26,13,564,564,0,0,0,0,0,0,40,0,0,0,3582,detection,
3582764,5,13,564,564,0,0,0,0,0,0,40,0,0,0,3582,detection,
3582818,25,13,564,564,0,0,0,0,0,0,42,0,0,0,3582,detection,
3583612,13,29,276,937,-661,100,100,100,21,0,40,0,71,75,3583,detection,
3585737,20,3,883,883,0,0,0,0,0,0,35,0,0,0,3585,detection,
3585738,13,3,883,883,0,0,0,0,0,0,36,0,0,0,3585,detection,
3585761,26,3,883,883,0,0,0,0,0,0,40,0,0,0,3585,detection,
3587735,20,8,765,765,0,0,0,0,0,0,10,0,0,0,3587,detection,
3587775,24,8,765,765,0,0,0,0,0,0,15,0,0,0,3587,detection,
3588445,25,13,560,560,0,0,0,0,0,0,36,0,0,0,3588,detection,
3588485,3,13,560,560,0,0,0,0,0,0,40,0,0,0,3588,detection,
3588487,20,13,560,560,0,0,0,0,0,0,32,0,0,0,3588,detection,
3588501,21,13,560,560,0,0,0,0,0,0,34,0,0,0,3588,detection,
3588512,26,13,560,560,0,0,0,0,0,0,40,0,0,0,3588,detection,
3588515,5,13,560,560,0,0,0,0,0,0,40,0,0,0,3588,detection,
3588588,23,15,514,514,0,0,0,0,0,0,1,0,0,0,3588,detection,
3588610,3,26,896,896,0,0,0,0,0,0,40,0,0,0,3588,detection,
3588623,20,26,896,896,0,0,0,0,0,0,33,0,0,0,3588,detection,
3588639,5,26,896,896,0,0,0,0,0,0,40,0,0,0,3588,detection,
3588863,13,29,276,856,-580,100,100,100,11,0,40,0,71,75,3588,detection,
3588891,5,29,276,856,-580,100,100,100,33,0,40,0,71,75,3588,detection,
3592609,13,5,610,610,0,0,0,0,0,0,40,0,0,0,3592,detection,
3592638,26,5,610,610,0,0,0,0,0,0,36,0,0,0,3592,detection,
3593107,13,3,883,883,0,0,0,0,0,0,36,0,0,0,3593,detection,
3593112,20,3,883,883,0,0,0,0,0,0,35,0,0,0,3593,detection,
3593136,26,3,883,883,0,0,0,0,0,0,40,0,0,0,3593,detection,
3593650,24,22,589,589,0,0,0,0,0,0,16,0,0,0,3593,detection,
3594841,10,25,534,534,0,0,0,0,0,0,11,0,0,0,3594,detection,
3594858,13,25,534,534,0,0,0,0,0,0,32,0,0,0,3594,detection,
3594862,20,25,534,534,0,0,0,0,0,0,26,0,0,0,3594,detection,
3594872,21,25,534,534,0,0,0,0,0,0,20,0,0,0,3594,detection,
3594897,24,25,534,534,0,0,0,0,0,0,30,0,0,0,3594,detection,
3594901,28,25,534,534,0,0,0,0,0,0,28,0,0,0,3594,detection,
3594917,11,25,534,534,0,0,0,0,0,0,30,0,0,0,3594,detection,
3594917,8,25,534,534,0,0,0,0,0,0,22,0,0,0,3594,detection,
3595485,3,13,846,846,0,0,0,0,0,0,36,0,0,0,3595,detection,
3595486,20,13,846,846,0,0,0,0,0,0,32,0,0,0,3595,detection,
3595500,21,13,846,846,0,0,0,0,0,0,33,0,0,0,3595,detection,
3595512,26,13,846,846,0,0,0,0,0,0,40,0,0,0,3595,detection,
3595514,5,13,846,846,0,0,0,0,0,0,40,0,0,0,3595,detection,
3595568,25,13,846,846,0,0,0,0,0,0,40,0,0,0,3595,detection,
3599012,26,3,649,649,0,0,0,0,0,0,36,0,0,0,3599,detection,
3599107,13,3,649,649,0,0,0,0,0,0,40,0,0,0,3599,detection,
3599112,20,3,649,649,0,0,0,0,0,0,30,0,0,0,3599,detection,
3599273,24,30,276,945,-669,100,100,100,3,0,22,0,95,100,3599,detection,
3599282,28,30,276,945,-669,100,100,100,2,0,34,0,79,75,3599,detection,
3599292,11,30,276,945,-669,100,100,100,4,0,25,0,91,100,3599,detection,
3599321,25,30,276,945,-669,100,100,100,2,0,40,0,71,75,3599,detection,
3599362,3,26,574,574,0,0,0,0,0,0,36,0,0,0,3599,detection,
3599391,5,26,574,574,0,0,0,0,0,0,40,0,0,0,3599,detection,
3599512,26,5,582,582,0,0,0,0,0,0,36,0,0,0,3599,detection,
3599667,8,24,582,582,0,0,0,0,0,0,6,0,0,0,3599,detection,
