sim_ms,mote_id,src,R,Rhat,e,v1,v2,v3,v4,v5,v6,v7,AC,ML,t,type,action
28113,1,14,768,768,0,0,0,0,0,0,0,0,0,0,28,detection,
28224,20,22,512,512,0,0,0,0,0,0,0,0,0,0,28,detection,
28234,2,14,768,768,0,0,0,0,0,0,0,0,0,0,28,detection,
28241,1,22,512,512,0,0,0,0,0,0,0,0,0,0,28,detection,
28263,11,22,512,512,0,0,0,0,0,0,0,0,0,0,28,detection,
28459,1,29,512,512,0,0,0,0,0,0,0,0,0,0,28,detection,
28475,8,29,512,512,0,0,0,0,0,0,0,0,0,0,28,detection,
28475,13,29,512,512,0,0,0,0,0,0,0,0,0,0,28,detection,
28486,2,29,512,512,0,0,0,0,0,0,0,0,0,0,28,detection,
28512,11,29,512,512,0,0,0,0,0,0,0,0,0,0,28,detection,
28515,19,29,512,512,0,0,0,0,0,0,0,0,0,0,28,detection,
28537,14,29,512,512,0,0,0,0,0,0,0,0,0,0,28,detection,
31788,14,2,1024,1024,0,0,0,0,0,0,0,0,0,0,31,detection,
31879,6,20,1024,1024,0,0,0,0,0,0,0,0,0,0,31,detection,
31889,11,20,1024,1024,0,0,0,0,0,0,0,0,0,0,31,detection,
31922,22,20,1024,1024,0,0,0,0,0,0,0,0,0,0,31,detection,
31922,5,20,1024,1024,0,0,0,0,0,0,0,0,0,0,31,detection,
32037,14,31,768,768,0,0,0,0,0,0,0,0,0,0,32,detection,
32048,5,13,1024,1024,0,0,0,0,0,0,0,0,0,0,32,detection,
32107,7,13,1024,1024,0,0,0,0,0,0,0,0,0,0,32,detection,
32125,9,13,1024,1024,0,0,0,0,0,0,0,0,0,0,32,detection,
32252,9,8,768,768,0,0,0,0,0,0,0,0,0,0,32,detection,
32261,19,8,768,768,0,0,0,0,0,0,0,0,0,0,32,detection,
32302,1,11,768,768,0,0,0,0,0,0,0,0,0,0,32,detection,
32342,15,11,768,768,0,0,0,0,0,0,0,0,0,0,32,detection,
32344,16,8,768,768,0,0,0,0,0,0,0,0,0,0,32,detection,
32351,20,11,768,768,0,0,0,0,0,0,0,0,0,0,32,detection,
32359,2,8,768,768,0,0,0,0,0,0,0,0,0,0,32,detection,
32381,6,11,768,768,0,0,0,0,0,0,0,0,0,0,32,detection,
32391,19,11,768,768,0,0,0,0,0,0,0,0,0,0,32,detection,
32419,22,11,768,768,0,0,0,0,0,0,0,0,0,0,32,detection,
32550,5,19,1024,1024,0,0,0,0,0,0,0,0,0,0,32,detection,
32592,15,19,1024,1024,0,0,0,0,0,0,0,0,0,0,32,detection,
32600,13,19,1024,1024,0,0,0,0,0,0,0,0,0,0,32,detection,
34507,6,23,1280,1280,0,0,0,0,0,0,0,0,0,0,34,detection,
34512,11,23,1280,1280,0,0,0,0,0,0,0,0,0,0,34,detection,
34530,21,23,1280,1280,0,0,0,0,0,0,0,0,0,0,34,detection,
34551,5,23,1280,1280,0,0,0,0,0,0,0,0,0,0,34,detection,
34573,17,23,1280,1280,0,0,0,0,0,0,0,0,0,0,34,detection,
34601,20,23,1280,1280,0,0,0,0,0,0,0,0,0,0,34,detection,
34802,4,9,1280,1280,0,0,0,0,0,0,0,0,0,0,34,detection,
34854,7,9,1280,1280,0,0,0,0,0,0,0,0,0,0,34,detection,
35516,11,5,1536,1536,0,0,0,0,0,0,0,0,0,0,35,detection,
35603,13,5,1536,1536,0,0,0,0,0,0,0,0,0,0,35,detection,
35697,17,6,1024,1024,0,0,0,0,0,0,0,0,0,0,35,detection,
35719,15,7,1536,1536,0,0,0,0,0,0,0,0,0,0,35,detection,
35725,13,7,1536,1536,0,0,0,0,0,0,0,0,0,0,35,detection,
35753,9,7,1536,1536,0,0,0,0,0,0,0,0,0,0,35,detection,
35760,18,7,1536,1536,0,0,0,0,0,0,0,0,0,0,35,detection,
35882,1,22,512,512,0,0,0,0,0,0,0,0,0,0,35,detection,
35967,15,28,1280,1280,0,0,0,0,0,0,0,0,0,0,35,detection,
35976,20,22,512,512,0,0,0,0,0,0,1,0,0,0,35,detection,
36098,16,24,1280,1280,0,0,0,0,0,0,0,0,0,0,36,detection,
36279,1,14,512,512,0,0,0,0,0,0,4,0,0,0,36,detection,
36350,3,14,512,512,0,0,0,0,0,0,0,0,0,0,36,detection,
36431,4,16,1280,1280,0,0,0,0,0,0,0,0,0,0,36,detection,
36476,8,16,1280,1280,0,0,0,0,0,0,0,0,0,0,36,detection,
36518,19,15,1280,1280,0,0,0,0,0,0,0,0,0,0,36,detection,
36532,21,15,1280,1280,0,0,0,0,0,0,0,0,0,0,36,detection,
36553,5,15,1280,1280,0,0,0,0,0,0,0,0,0,0,36,detection,
36554,1,29,512,512,0,0,0,0,0,0,0,0,0,0,36,detection,
36561,12,15,1280,1280,0,0,0,0,0,0,0,0,0,0,36,detection,
36571,17,15,1280,1280,0,0,0,0,0,0,0,0,0,0,36,detection,
36600,8,29,512,512,0,0,0,0,0,0,1,0,0,0,36,detection,
36606,7,15,1280,1280,0,0,0,0,0,0,0,0,0,0,36,detection,
36609,2,29,512,512,0,0,0,0,0,0,0,0,0,0,36,detection,
36639,19,29,512,512,0,0,0,0,0,0,1,0,0,0,36,detection,
36640,11,29,512,512,0,0,0,0,0,0,0,0,0,0,36,detection,
36660,14,29,512,512,0,0,0,0,0,0,0,0,0,0,36,detection,
36677,5,29,512,512,0,0,0,0,0,0,0,0,0,0,36,detection,
37257,6,20,768,768,0,0,0,0,0,0,6,0,0,0,37,detection,
37289,14,31,768,768,0,0,0,0,0,0,0,0,0,0,37,detection,
37295,22,20,768,768,0,0,0,0,0,0,4,0,0,0,37,detection,
37504,9,8,768,768,0,0,0,0,0,0,0,0,0,0,37,detection,
37594,16,8,768,768,0,0,0,0,0,0,1,0,0,0,37,detection,
37602,13,8,768,768,0,0,0,0,0,0,0,0,0,0,37,detection,
37607,2,8,768,768,0,0,0,0,0,0,0,0,0,0,37,detection,
37892,11,19,768,768,0,0,0,0,0,0,0,0,0,0,37,detection,
38512,18,30,1792,1792,0,0,0,0,0,0,0,0,0,0,38,detection,
38568,10,30,1792,1792,0,0,0,0,0,0,0,0,0,0,38,detection,
38609,7,30,1792,1792,0,0,0,0,0,0,0,0,0,0,38,detection,
39061,12,21,1536,1536,0,0,0,0,0,0,0,0,0,0,39,detection,
39569,10,26,1792,1792,0,0,0,0,0,0,0,0,0,0,39,detection,
39594,15,26,1792,1792,0,0,0,0,0,0,0,0,0,0,39,detection,
39659,21,26,1792,1792,0,0,0,0,0,0,0,0,0,0,39,detection,
39689,12,26,1792,1792,0,0,0,0,0,0,0,0,0,0,39,detection,
40128,9,13,998,998,0,0,0,0,0,0,1,0,0,0,40,detection,
40199,17,12,1792,1792,0,0,0,0,0,0,0,0,0,0,40,detection,
40229,8,13,998,998,0,0,0,0,0,0,0,0,0,0,40,detection,
40231,7,13,998,998,0,0,0,0,0,0,2,0,0,0,40,detection,
40507,6,11,768,768,0,0,0,0,0,0,0,0,0,0,40,detection,
40628,9,7,1792,1792,0,0,0,0,0,0,3,0,0,0,40,detection,
40635,18,7,1792,1792,0,0,0,0,0,0,4,0,0,0,40,detection,
40698,17,6,1024,1024,0,0,0,0,0,0,0,0,0,0,40,detection,
41095,15,5,1024,1024,0,0,0,0,0,0,0,0,0,0,41,detection,
41100,20,5,1024,1024,0,0,0,0,0,0,0,0,0,0,41,detection,
41140,11,5,1024,1024,0,0,0,0,0,0,3,0,0,0,41,detection,
43317,10,18,2304,2304,0,0,0,0,0,0,0,0,0,0,43,detection,
43439,12,17,1280,1280,0,0,0,0,0,0,0,0,0,0,43,detection,
43472,15,17,1280,1280,0,0,0,0,0,0,0,0,0,0,43,detection,
44054,4,9,1024,1024,0,0,0,0,0,0,7,0,0,0,44,detection,
44107,7,9,1024,1024,0,0,0,0,0,0,6,0,0,0,44,detection,
44555,5,28,1280,1280,0,0,0,0,0,0,0,0,0,0,44,detection,
44602,8,16,1305,1305,0,0,0,0,0,0,0,0,0,0,44,detection,
44813,12,15,1231,1231,0,0,0,0,0,0,2,0,0,0,44,detection,
44890,19,15,1231,1231,0,0,0,0,0,0,0,0,0,0,44,detection,
44906,21,15,1231,1231,0,0,0,0,0,0,0,0,0,0,44,detection,
44926,5,15,1231,1231,0,0,0,0,0,0,1,0,0,0,44,detection,
45206,1,3,1792,1792,0,0,0,0,0,0,0,0,0,0,45,detection,
45260,18,26,1792,1792,0,0,0,0,0,0,0,0,0,0,45,detection,
45281,21,26,1792,1792,0,0,0,0,0,0,0,0,0,0,45,detection,
45316,12,26,1792,1792,0,0,0,0,0,0,1,0,0,0,45,detection,
45343,15,26,1792,1792,0,0,0,0,0,0,0,0,0,0,45,detection,
45345,16,24,1024,1024,0,0,0,0,0,0,4,0,0,0,45,detection,
45973,16,4,1792,1792,0,0,0,0,0,0,0,0,0,0,45,detection,
46757,1,22,527,527,0,0,0,0,0,0,0,0,0,0,46,detection,
46847,15,12,1792,1792,0,0,0,0,0,0,0,0,0,0,46,detection,
46851,20,22,527,527,0,0,0,0,0,0,1,0,0,0,46,detection,
46909,21,12,1792,1792,0,0,0,0,0,0,0,0,0,0,46,detection,
46973,15,5,1024,1024,0,0,0,0,0,0,0,0,0,0,46,detection,
46976,20,5,1024,1024,0,0,0,0,0,0,0,0,0,0,46,detection,
47016,19,5,1024,1024,0,0,0,0,0,0,0,0,0,0,47,detection,
47062,12,21,1536,1536,0,0,0,0,0,0,1,0,0,0,47,detection,
47077,17,21,1536,1536,0,0,0,0,0,0,0,0,0,0,47,detection,
47283,21,23,1280,1280,0,0,0,0,0,0,9,0,0,0,47,detection,
47326,17,23,1280,1280,0,0,0,0,0,0,9,0,0,0,47,detection,
47352,20,23,1280,1280,0,0,0,0,0,0,8,0,0,0,47,detection,
47379,9,7,1536,1536,0,0,0,0,0,0,7,0,0,0,47,detection,
47381,6,23,1280,1280,0,0,0,0,0,0,8,0,0,0,47,detection,
47387,18,7,1536,1536,0,0,0,0,0,0,10,0,0,0,47,detection,
50212,1,3,768,768,0,0,0,0,0,0,11,0,0,0,50,detection,
50288,14,3,768,768,0,0,0,0,0,0,0,0,0,0,50,detection,
51261,11,6,1024,1024,0,0,0,0,0,0,0,0,0,0,51,detection,
51316,10,18,2048,2048,0,0,0,0,0,0,4,0,0,0,51,detection,
51324,17,6,1024,1024,0,0,0,0,0,0,3,0,0,0,51,detection,
51350,20,6,1024,1024,0,0,0,0,0,0,0,0,0,0,51,detection,
51356,7,18,2048,2048,0,0,0,0,0,0,0,0,0,0,51,detection,
51762,18,26,1792,1792,0,0,0,0,0,0,3,0,0,0,51,detection,
51784,21,26,1792,1792,0,0,0,0,0,0,3,0,0,0,51,detection,
51813,12,26,1792,1792,0,0,0,0,0,0,4,0,0,0,51,detection,
51817,10,26,1792,1792,0,0,0,0,0,0,3,0,0,0,51,detection,
51860,7,26,1792,1792,0,0,0,0,0,0,0,0,0,0,51,detection,
52054,4,25,1536,1536,0,0,0,0,0,0,0,0,0,0,52,detection,
53041,1,29,512,512,0,0,0,0,0,0,0,0,0,0,53,detection,
53109,2,29,512,512,0,0,0,0,0,0,0,0,0,0,53,detection,
53141,11,29,512,512,0,0,0,0,0,0,0,0,0,0,53,detection,
53160,14,29,512,512,0,0,0,0,0,0,0,0,0,0,53,detection,
53202,1,14,512,512,0,0,0,0,0,0,5,0,0,0,53,detection,
53235,2,14,512,512,0,0,0,0,0,0,6,0,0,0,53,detection,
53357,7,15,1402,1402,0,0,0,0,0,0,2,0,0,0,53,detection,
53390,19,15,1402,1402,0,0,0,0,0,0,0,0,0,0,53,detection,
53407,21,15,1402,1402,0,0,0,0,0,0,0,0,0,0,53,detection,
53426,5,15,1402,1402,0,0,0,0,0,0,1,0,0,0,53,detection,
53450,17,15,1402,1402,0,0,0,0,0,0,0,0,0,0,53,detection,
53504,9,4,1536,1536,0,0,0,0,0,0,0,0,0,0,53,detection,
53879,6,20,791,791,0,0,0,0,0,0,7,0,0,0,53,detection,
53889,11,20,791,791,0,0,0,0,0,0,4,0,0,0,53,detection,
53924,5,20,791,791,0,0,0,0,0,0,7,0,0,0,53,detection,
53975,8,13,975,975,0,0,0,0,0,0,0,0,0,0,53,detection,
53980,7,13,975,975,0,0,0,0,0,0,3,0,0,0,53,detection,
54005,9,13,975,975,0,0,0,0,0,0,1,0,0,0,54,detection,
54016,19,13,975,975,0,0,0,0,0,0,0,0,0,0,54,detection,
54061,5,13,975,975,0,0,0,0,0,0,1,0,0,0,54,detection,
54096,16,8,935,935,0,0,0,0,0,0,3,0,0,0,54,detection,
54102,13,8,935,935,0,0,0,0,0,0,2,0,0,0,54,detection,
54109,2,8,935,935,0,0,0,0,0,0,3,0,0,0,54,detection,
54126,9,8,935,935,0,0,0,0,0,0,2,0,0,0,54,detection,
54140,19,8,935,935,0,0,0,0,0,0,2,0,0,0,54,detection,
54159,21,12,1536,1536,0,0,0,0,0,0,4,0,0,0,54,detection,
54222,15,12,1536,1536,0,0,0,0,0,0,4,0,0,0,54,detection,
54427,5,19,844,844,0,0,0,0,0,0,3,0,0,0,54,detection,
54469,15,19,844,844,0,0,0,0,0,0,1,0,0,0,54,detection,
54476,13,19,844,844,0,0,0,0,0,0,1,0,0,0,54,detection,
54478,8,19,844,844,0,0,0,0,0,0,0,0,0,0,54,detection,
54601,8,9,1260,1260,0,0,0,0,0,0,0,0,0,0,54,detection,
54603,13,9,1260,1260,0,0,0,0,0,0,0,0,0,0,54,detection,
54610,7,9,1260,1260,0,0,0,0,0,0,6,0,0,0,54,detection,
54649,19,9,1260,1260,0,0,0,0,0,0,0,0,0,0,54,detection,
54681,4,9,1260,1260,0,0,0,0,0,0,6,0,0,0,54,detection,
55128,9,7,1516,1516,0,0,0,0,0,0,10,0,0,0,55,detection,
55135,18,7,1516,1516,0,0,0,0,0,0,12,0,0,0,55,detection,
56734,2,31,870,870,0,0,0,0,0,0,0,0,0,0,56,detection,
56909,1,11,802,802,0,0,0,0,0,0,0,0,0,0,56,detection,
56920,22,11,802,802,0,0,0,0,0,0,0,0,0,0,56,detection,
56926,5,11,802,802,0,0,0,0,0,0,0,0,0,0,56,detection,
56940,10,30,2028,2028,0,0,0,0,0,0,4,0,0,0,56,detection,
56970,15,11,802,802,0,0,0,0,0,0,1,0,0,0,56,detection,
56977,20,11,802,802,0,0,0,0,0,0,0,0,0,0,56,detection,
56985,7,30,2028,2028,0,0,0,0,0,0,4,0,0,0,56,detection,
57006,6,11,802,802,0,0,0,0,0,0,1,0,0,0,57,detection,
57009,18,30,2028,2028,0,0,0,0,0,0,4,0,0,0,57,detection,
57312,12,21,1536,1536,0,0,0,0,0,0,1,0,0,0,57,detection,
57326,17,21,1536,1536,0,0,0,0,0,0,0,0,0,0,57,detection,
58388,11,6,1069,1069,0,0,0,0,0,0,0,0,0,0,58,detection,
58450,17,6,1069,1069,0,0,0,0,0,0,3,0,0,0,58,detection,
58476,20,6,1069,1069,0,0,0,0,0,0,0,0,0,0,58,detection,
58717,15,26,1772,1772,0,0,0,0,0,0,7,0,0,0,58,detection,
58734,7,26,1772,1772,0,0,0,0,0,0,8,0,0,0,58,detection,
58762,18,26,1772,1772,0,0,0,0,0,0,11,0,0,0,58,detection,
58784,21,26,1772,1772,0,0,0,0,0,0,10,0,0,0,58,detection,
58814,12,26,1772,1772,0,0,0,0,0,0,11,0,0,0,58,detection,
58817,10,26,1772,1772,0,0,0,0,0,0,11,0,0,0,58,detection,
59204,17,27,1047,1047,0,0,0,0,0,0,0,0,0,0,59,detection,
59227,20,27,1047,1047,0,0,0,0,0,0,0,0,0,0,59,detection,
59257,6,27,1047,1047,0,0,0,0,0,0,0,0,0,0,59,detection,
59284,21,27,1047,1047,0,0,0,0,0,0,0,0,0,0,59,detection,
59345,1,3,512,512,0,0,0,0,0,0,21,0,0,0,59,detection,
59412,14,3,512,512,0,0,0,0,0,0,4,0,0,0,59,detection,
60034,21,17,1414,1414,0,0,0,0,0,0,0,0,0,0,60,detection,
60066,12,17,1414,1414,0,0,0,0,0,0,2,0,0,0,60,detection,
60353,13,28,1312,1312,0,0,0,0,0,0,0,0,0,0,60,detection,
60360,7,28,1312,1312,0,0,0,0,0,0,0,0,0,0,60,detection,
60379,9,28,1312,1312,0,0,0,0,0,0,0,0,0,0,60,detection,
60427,5,28,1312,1312,0,0,0,0,0,0,0,0,0,0,60,detection,
60469,15,28,1312,1312,0,0,0,0,0,0,0,0,0,0,60,detection,
60477,8,16,1464,1464,0,0,0,0,0,0,0,0,0,0,60,detection,
61180,4,24,1216,1216,0,0,0,0,0,0,0,0,0,0,61,detection,
61221,16,24,1216,1216,0,0,0,0,0,0,4,0,0,0,61,detection,
61227,8,24,1216,1216,0,0,0,0,0,0,0,0,0,0,61,detection,
61231,13,24,1216,1216,0,0,0,0,0,0,0,0,0,0,61,detection,
61269,19,24,1216,1216,0,0,0,0,0,0,0,0,0,0,61,detection,
61593,15,5,1024,1024,0,0,0,0,0,0,0,0,0,0,61,detection,
61600,20,5,1024,1024,0,0,0,0,0,0,0,0,0,0,61,detection,
61639,11,5,1024,1024,0,0,0,0,0,0,3,0,0,0,61,detection,
61644,19,5,1024,1024,0,0,0,0,0,0,0,0,0,0,61,detection,
63318,10,18,2360,2360,0,0,0,0,0,0,3,0,0,0,63,detection,
64262,18,10,2028,2028,0,0,0,0,0,0,0,0,0,0,64,detection,
64380,9,25,1797,1797,0,0,0,0,0,0,0,0,0,0,64,detection,
64430,4,25,1797,1797,0,0,0,0,0,0,0,0,0,0,64,detection,
64610,7,30,1772,1772,0,0,0,0,0,0,8,0,0,0,64,detection,
64631,9,30,1772,1772,0,0,0,0,0,0,0,0,0,0,64,detection,
64638,18,30,1772,1772,0,0,0,0,0,0,8,0,0,0,64,detection,
64693,10,30,1772,1772,0,0,0,0,0,0,8,0,0,0,64,detection,
66158,21,26,1772,1772,0,0,0,0,0,0,11,0,0,0,66,detection,
66191,12,26,1772,1772,0,0,0,0,0,0,12,0,0,0,66,detection,
66218,15,26,1772,1772,0,0,0,0,0,0,8,0,0,0,66,detection,
66231,7,26,1772,1772,0,0,0,0,0,0,9,0,0,0,66,detection,
66263,18,26,1772,1772,0,0,0,0,0,0,12,0,0,0,66,detection,
66344,15,7,1552,1552,0,0,0,0,0,0,6,0,0,0,66,detection,
66345,16,4,1536,1536,0,0,0,0,0,0,4,0,0,0,66,detection,
66385,18,7,1552,1552,0,0,0,0,0,0,13,0,0,0,66,detection,
66600,20,23,1280,1280,0,0,0,0,0,0,9,0,0,0,66,detection,
66633,6,23,1280,1280,0,0,0,0,0,0,10,0,0,0,66,detection,
66639,11,23,1280,1280,0,0,0,0,0,0,8,0,0,0,66,detection,
66660,21,23,1280,1280,0,0,0,0,0,0,10,0,0,0,66,detection,
66678,5,23,1280,1280,0,0,0,0,0,0,9,0,0,0,66,detection,
66698,17,23,1280,1280,0,0,0,0,0,0,10,0,0,0,66,detection,
70577,17,12,1670,1670,0,0,0,0,0,0,8,0,0,0,70,detection,
73259,1,3,512,512,0,0,0,0,0,0,27,0,0,0,73,detection,
73288,14,3,512,512,0,0,0,0,0,0,5,0,0,0,73,detection,
74139,1,14,512,512,0,0,0,0,0,0,4,0,0,0,74,detection,
74223,3,14,512,512,0,0,0,0,0,0,2,0,0,0,74,detection,
74233,2,14,512,512,0,0,0,0,0,0,7,0,0,0,74,detection,
74294,22,20,785,785,0,0,0,0,0,0,5,0,0,0,74,detection,
74301,5,20,785,785,0,0,0,0,0,0,7,0,0,0,74,detection,
74380,6,20,785,785,0,0,0,0,0,0,7,0,0,0,74,detection,
74479,20,6,1064,1064,0,0,0,0,0,0,0,0,0,0,74,detection,
74513,11,6,1064,1064,0,0,0,0,0,0,0,0,0,0,74,detection,
75927,5,19,844,844,0,0,0,0,0,0,3,0,0,0,75,detection,
75969,15,19,844,844,0,0,0,0,0,0,1,0,0,0,75,detection,
75977,13,19,844,844,0,0,0,0,0,0,1,0,0,0,75,detection,
75977,8,19,844,844,0,0,0,0,0,0,0,0,0,0,75,detection,
76010,9,19,844,844,0,0,0,0,0,0,0,0,0,0,76,detection,
76016,11,19,844,844,0,0,0,0,0,0,0,0,0,0,76,detection,
76218,15,26,1808,1808,0,0,0,0,0,0,9,0,0,0,76,detection,
76263,18,26,1808,1808,0,0,0,0,0,0,12,0,0,0,76,detection,
76286,21,26,1808,1808,0,0,0,0,0,0,12,0,0,0,76,detection,
76315,12,26,1808,1808,0,0,0,0,0,0,13,0,0,0,76,detection,
76318,10,26,1808,1808,0,0,0,0,0,0,12,0,0,0,76,detection,
76598,16,8,874,874,0,0,0,0,0,0,3,0,0,0,76,detection,
76601,13,8,874,874,0,0,0,0,0,0,1,0,0,0,76,detection,
76608,2,8,874,874,0,0,0,0,0,0,3,0,0,0,76,detection,
76631,9,8,874,874,0,0,0,0,0,0,1,0,0,0,76,detection,
76639,19,8,874,874,0,0,0,0,0,0,1,0,0,0,76,detection,
76865,1,11,795,795,0,0,0,0,0,0,0,0,0,0,76,detection,
76881,6,11,795,795,0,0,0,0,0,0,1,0,0,0,76,detection,
76919,22,11,795,795,0,0,0,0,0,0,0,0,0,0,76,detection,
76928,5,11,795,795,0,0,0,0,0,0,0,0,0,0,76,detection,
76976,20,11,795,795,0,0,0,0,0,0,0,0,0,0,76,detection,
76981,15,11,795,795,0,0,0,0,0,0,1,0,0,0,76,detection,
77261,18,30,1853,1853,0,0,0,0,0,0,8,0,0,0,77,detection,
77316,10,30,1853,1853,0,0,0,0,0,0,8,0,0,0,77,detection,
77357,7,30,1853,1853,0,0,0,0,0,0,8,0,0,0,77,detection,
79437,1,22,512,512,0,0,0,0,0,0,0,0,0,0,79,detection,
79476,20,22,512,512,0,0,0,0,0,0,1,0,0,0,79,detection,
79515,11,22,512,512,0,0,0,0,0,0,1,0,0,0,79,detection,
80312,1,29,512,512,0,0,0,0,0,0,0,0,0,0,80,detection,
80351,8,29,512,512,0,0,0,0,0,0,1,0,0,0,80,detection,
80351,13,29,512,512,0,0,0,0,0,0,1,0,0,0,80,detection,
80358,2,29,512,512,0,0,0,0,0,0,1,0,0,0,80,detection,
80390,19,29,512,512,0,0,0,0,0,0,1,0,0,0,80,detection,
80390,11,29,512,512,0,0,0,0,0,0,0,0,0,0,80,detection,
80414,14,29,512,512,0,0,0,0,0,0,0,0,0,0,80,detection,
80426,5,29,512,512,0,0,0,0,0,0,1,0,0,0,80,detection,
80852,8,9,1196,1196,0,0,0,0,0,0,0,0,0,0,80,detection,
80892,19,9,1196,1196,0,0,0,0,0,0,0,0,0,0,80,detection,
80928,4,9,1196,1196,0,0,0,0,0,0,5,0,0,0,80,detection,
81664,14,2,768,768,0,0,0,0,0,0,8,0,0,0,81,detection,
81802,5,13,979,979,0,0,0,0,0,0,1,0,0,0,81,detection,
81852,8,13,979,979,0,0,0,0,0,0,0,0,0,0,81,detection,
81856,7,13,979,979,0,0,0,0,0,0,3,0,0,0,81,detection,
81882,9,13,979,979,0,0,0,0,0,0,1,0,0,0,81,detection,
81891,19,13,979,979,0,0,0,0,0,0,0,0,0,0,81,detection,
83600,16,31,859,859,0,0,0,0,0,0,0,0,0,0,83,detection,
83607,8,31,859,859,0,0,0,0,0,0,0,0,0,0,83,detection,
83611,2,31,859,859,0,0,0,0,0,0,0,0,0,0,83,detection,
83845,15,17,1419,1419,0,0,0,0,0,0,0,0,0,0,83,detection,
83881,6,17,1419,1419,0,0,0,0,0,0,0,0,0,0,83,detection,
83940,12,17,1419,1419,0,0,0,0,0,0,1,0,0,0,83,detection,
84845,15,5,998,998,0,0,0,0,0,0,0,0,0,0,84,detection,
84852,20,5,998,998,0,0,0,0,0,0,0,0,0,0,84,detection,
84852,13,5,998,998,0,0,0,0,0,0,3,0,0,0,84,detection,
84891,11,5,998,998,0,0,0,0,0,0,3,0,0,0,84,detection,
84891,19,5,998,998,0,0,0,0,0,0,0,0,0,0,84,detection,
85553,4,16,1375,1375,0,0,0,0,0,0,1,0,0,0,85,detection,
85602,8,16,1375,1375,0,0,0,0,0,0,0,0,0,0,85,detection,
85803,4,24,1152,1152,0,0,0,0,0,0,0,0,0,0,85,detection,
85846,16,24,1152,1152,0,0,0,0,0,0,4,0,0,0,85,detection,
85853,13,24,1152,1152,0,0,0,0,0,0,0,0,0,0,85,detection,
88111,7,18,2170,2170,0,0,0,0,0,0,0,0,0,0,88,detection,
88190,10,18,2170,2170,0,0,0,0,0,0,3,0,0,0,88,detection,
90065,12,21,1536,1536,0,0,0,0,0,0,1,0,0,0,90,detection,
90074,17,21,1536,1536,0,0,0,0,0,0,0,0,0,0,90,detection,
91256,6,23,1041,1041,0,0,0,0,0,0,9,0,0,0,91,detection,
91266,11,23,1041,1041,0,0,0,0,0,0,9,0,0,0,91,detection,
91282,21,23,1041,1041,0,0,0,0,0,0,9,0,0,0,91,detection,
91301,5,23,1041,1041,0,0,0,0,0,0,10,0,0,0,91,detection,
91325,17,23,1041,1041,0,0,0,0,0,0,9,0,0,0,91,detection,
91351,20,23,1041,1041,0,0,0,0,0,0,8,0,0,0,91,detection,
92135,18,10,2064,2064,0,0,0,0,0,0,0,0,0,0,92,detection,
92603,20,27,1041,1041,0,0,0,0,0,0,0,0,0,0,92,detection,
92632,6,27,1041,1041,0,0,0,0,0,0,0,0,0,0,92,detection,
92659,21,27,1041,1041,0,0,0,0,0,0,0,0,0,0,92,detection,
92701,17,27,1041,1041,0,0,0,0,0,0,0,0,0,0,92,detection,
92928,5,28,1333,1333,0,0,0,0,0,0,0,0,0,0,92,detection,
92970,15,28,1333,1333,0,0,0,0,0,0,0,0,0,0,92,detection,
92978,13,28,1333,1333,0,0,0,0,0,0,0,0,0,0,92,detection,
92983,7,28,1333,1333,0,0,0,0,0,0,0,0,0,0,92,detection,
93004,9,28,1333,1333,0,0,0,0,0,0,0,0,0,0,93,detection,
93199,17,15,1388,1388,0,0,0,0,0,0,0,0,0,0,93,detection,
93234,7,15,1388,1388,0,0,0,0,0,0,2,0,0,0,93,detection,
93265,11,15,1388,1388,0,0,0,0,0,0,0,0,0,0,93,detection,
93268,19,15,1388,1388,0,0,0,0,0,0,0,0,0,0,93,detection,
93285,21,15,1388,1388,0,0,0,0,0,0,0,0,0,0,93,detection,
93313,12,15,1388,1388,0,0,0,0,0,0,2,0,0,0,93,detection,
94508,9,25,1704,1704,0,0,0,0,0,0,0,0,0,0,94,detection,
94557,4,25,1704,1704,0,0,0,0,0,0,0,0,0,0,94,detection,
95469,16,4,1631,1631,0,0,0,0,0,0,5,0,0,0,95,detection,
95506,9,4,1631,1631,0,0,0,0,0,0,0,0,0,0,95,detection,
98104,20,6,1054,1054,0,0,0,0,0,0,0,0,0,0,98,detection,
98138,11,6,1054,1054,0,0,0,0,0,0,0,0,0,0,98,detection,
98201,17,6,1054,1054,0,0,0,0,0,0,3,0,0,0,98,detection,
98720,15,12,1675,1675,0,0,0,0,0,0,5,0,0,0,98,detection,
98782,21,12,1675,1675,0,0,0,0,0,0,5,0,0,0,98,detection,
98787,14,2,768,768,0,0,0,0,0,0,9,0,0,0,98,detection,
98825,17,12,1675,1675,0,0,0,0,0,0,9,0,0,0,98,detection,
101480,13,7,1575,1575,0,0,0,0,0,0,5,0,0,0,101,detection,
101506,9,7,1575,1575,0,0,0,0,0,0,10,0,0,0,101,detection,
101512,18,7,1575,1575,0,0,0,0,0,0,13,0,0,0,101,detection,
102563,1,3,537,537,0,0,0,0,0,0,29,0,0,0,102,detection,
102661,14,3,537,537,0,0,0,0,0,0,4,0,0,0,102,detection,
103263,18,26,1833,1833,0,0,0,0,0,0,12,0,0,0,103,detection,
103314,12,26,1833,1833,0,0,0,0,0,0,13,0,0,0,103,detection,
103318,10,26,1833,1833,0,0,0,0,0,0,12,0,0,0,103,detection,
103346,15,26,1833,1833,0,0,0,0,0,0,9,0,0,0,103,detection,
103359,7,26,1833,1833,0,0,0,0,0,0,8,0,0,0,103,detection,
104692,10,30,1871,1871,0,0,0,0,0,0,8,0,0,0,104,detection,
104733,7,30,1871,1871,0,0,0,0,0,0,8,0,0,0,104,detection,
104755,9,30,1871,1871,0,0,0,0,0,0,0,0,0,0,104,detection,
104761,18,30,1871,1871,0,0,0,0,0,0,8,0,0,0,104,detection,
128300,5,28,1333,1333,0,0,0,0,0,0,0,0,0,0,128,detection,
128346,15,28,1333,1333,0,0,0,0,0,0,0,0,0,0,128,detection,
128355,13,28,1333,1333,0,0,0,0,0,0,0,0,0,0,128,detection,
128359,7,28,1333,1333,0,0,0,0,0,0,0,0,0,0,128,detection,
128381,9,28,1333,1333,0,0,0,0,0,0,0,0,0,0,128,detection,
129729,8,9,1175,1175,0,0,0,0,0,0,0,0,0,0,129,detection,
129730,13,9,1175,1175,0,0,0,0,0,0,0,0,0,0,129,detection,
129733,7,9,1175,1175,0,0,0,0,0,0,6,0,0,0,129,detection,
129768,19,9,1175,1175,0,0,0,0,0,0,0,0,0,0,129,detection,
129804,4,9,1175,1175,0,0,0,0,0,0,5,0,0,0,129,detection,
131970,15,19,836,836,0,0,0,0,0,0,1,0,0,0,131,detection,
131977,13,19,836,836,0,0,0,0,0,0,1,0,0,0,131,detection,
131978,8,19,836,836,0,0,0,0,0,0,0,0,0,0,131,detection,
132013,11,19,836,836,0,0,0,0,0,0,0,0,0,0,132,detection,
132051,5,19,836,836,0,0,0,0,0,0,3,0,0,0,132,detection,
133138,1,11,780,780,0,0,0,0,0,0,0,0,0,0,133,detection,
133170,22,11,780,780,0,0,0,0,0,0,0,0,0,0,133,detection,
133179,5,11,780,780,0,0,0,0,0,0,0,0,0,0,133,detection,
133220,15,11,780,780,0,0,0,0,0,0,1,0,0,0,133,detection,
133257,6,11,780,780,0,0,0,0,0,0,1,0,0,0,133,detection,
134930,4,16,1350,1350,0,0,0,0,0,0,1,0,0,0,134,detection,
134978,8,16,1350,1350,0,0,0,0,0,0,0,0,0,0,134,detection,
137753,1,29,518,518,0,0,0,0,0,0,0,0,0,0,137,detection,
137763,11,29,518,518,0,0,0,0,0,0,0,0,0,0,137,detection,
137767,19,29,518,518,0,0,0,0,0,0,1,0,0,0,137,detection,
137787,14,29,518,518,0,0,0,0,0,0,0,0,0,0,137,detection,
137799,5,29,518,518,0,0,0,0,0,0,1,0,0,0,137,detection,
137853,8,29,518,518,0,0,0,0,0,0,1,0,0,0,137,detection,
137853,13,29,518,518,0,0,0,0,0,0,1,0,0,0,137,detection,
137860,2,29,518,518,0,0,0,0,0,0,1,0,0,0,137,detection,
142429,4,24,1152,1152,0,0,0,0,0,0,0,0,0,0,142,detection,
142471,16,24,1152,1152,0,0,0,0,0,0,3,0,0,0,142,detection,
142478,8,24,1152,1152,0,0,0,0,0,0,0,0,0,0,142,detection,
142479,13,24,1152,1152,0,0,0,0,0,0,0,0,0,0,142,detection,
142517,19,24,1152,1152,0,0,0,0,0,0,0,0,0,0,142,detection,
142736,7,18,2181,2181,0,0,0,0,0,0,0,0,0,0,142,detection,
142815,10,18,2181,2181,0,0,0,0,0,0,2,0,0,0,142,detection,
144313,12,21,1322,1322,0,0,0,0,0,0,1,0,0,0,144,detection,
144327,17,21,1322,1322,0,0,0,0,0,0,0,0,0,0,144,detection,
144471,16,31,768,768,0,0,0,0,0,0,4,0,0,0,144,detection,
144483,2,31,768,768,0,0,0,0,0,0,4,0,0,0,144,detection,
144539,14,31,768,768,0,0,0,0,0,0,3,0,0,0,144,detection,
144884,6,20,781,781,0,0,0,0,0,0,7,0,0,0,144,detection,
144889,11,20,781,781,0,0,0,0,0,0,4,0,0,0,144,detection,
144921,22,20,781,781,0,0,0,0,0,0,4,0,0,0,144,detection,
145007,6,17,1385,1385,0,0,0,0,0,0,0,0,0,0,145,detection,
145034,21,17,1385,1385,0,0,0,0,0,0,0,0,0,0,145,detection,
145066,12,17,1385,1385,0,0,0,0,0,0,1,0,0,0,145,detection,
145095,15,17,1385,1385,0,0,0,0,0,0,0,0,0,0,145,detection,
146036,21,12,1641,1641,0,0,0,0,0,0,4,0,0,0,146,detection,
146097,15,12,1641,1641,0,0,0,0,0,0,4,0,0,0,146,detection,
147201,1,14,512,512,0,0,0,0,0,0,4,0,0,0,147,detection,
147225,3,14,512,512,0,0,0,0,0,0,2,0,0,0,147,detection,
147235,2,14,512,512,0,0,0,0,0,0,7,0,0,0,147,detection,
147910,21,15,1255,1255,0,0,0,0,0,0,0,0,0,0,147,detection,
147926,5,15,1255,1255,0,0,0,0,0,0,1,0,0,0,147,detection,
147939,12,15,1255,1255,0,0,0,0,0,0,2,0,0,0,147,detection,
147949,17,15,1255,1255,0,0,0,0,0,0,0,0,0,0,147,detection,
147984,7,15,1255,1255,0,0,0,0,0,0,2,0,0,0,147,detection,
148015,11,15,1255,1255,0,0,0,0,0,0,0,0,0,0,148,detection,
150211,1,22,512,512,0,0,0,0,0,0,0,0,0,0,150,detection,
150224,20,22,512,512,0,0,0,0,0,0,1,0,0,0,150,detection,
150255,9,25,1634,1634,0,0,0,0,0,0,0,0,0,0,150,detection,
150264,11,22,512,512,0,0,0,0,0,0,1,0,0,0,150,detection,
150303,4,25,1634,1634,0,0,0,0,0,0,0,0,0,0,150,detection,
150363,7,25,1634,1634,0,0,0,0,0,0,0,0,0,0,150,detection,
150972,16,8,849,849,0,0,0,0,0,0,3,0,0,0,150,detection,
150978,13,8,849,849,0,0,0,0,0,0,1,0,0,0,150,detection,
150985,2,8,849,849,0,0,0,0,0,0,3,0,0,0,150,detection,
151004,9,8,849,849,0,0,0,0,0,0,1,0,0,0,151,detection,
151016,19,8,849,849,0,0,0,0,0,0,1,0,0,0,151,detection,
151230,8,13,962,962,0,0,0,0,0,0,0,0,0,0,151,detection,
151256,9,13,962,962,0,0,0,0,0,0,1,0,0,0,151,detection,
151265,19,13,962,962,0,0,0,0,0,0,0,0,0,0,151,detection,
152260,18,10,2089,2089,0,0,0,0,0,0,0,0,0,0,152,detection,
152721,16,31,768,768,0,0,0,0,0,0,4,0,0,0,152,detection,
155347,15,5,981,981,0,0,0,0,0,0,0,0,0,0,155,detection,
155354,20,5,981,981,0,0,0,0,0,0,0,0,0,0,155,detection,
155354,13,5,981,981,0,0,0,0,0,0,3,0,0,0,155,detection,
155389,11,5,981,981,0,0,0,0,0,0,3,0,0,0,155,detection,
155393,19,5,981,981,0,0,0,0,0,0,0,0,0,0,155,detection,
155631,9,4,1606,1606,0,0,0,0,0,0,0,0,0,0,155,detection,
156953,17,27,1037,1037,0,0,0,0,0,0,0,0,0,0,156,detection,
156978,20,27,1037,1037,0,0,0,0,0,0,0,0,0,0,156,detection,
157008,6,27,1037,1037,0,0,0,0,0,0,0,0,0,0,157,detection,
157034,21,27,1037,1037,0,0,0,0,0,0,0,0,0,0,157,detection,
157426,5,23,1037,1037,0,0,0,0,0,0,9,0,0,0,157,detection,
157450,17,23,1037,1037,0,0,0,0,0,0,9,0,0,0,157,detection,
157476,20,23,1037,1037,0,0,0,0,0,0,8,0,0,0,157,detection,
157506,6,23,1037,1037,0,0,0,0,0,0,9,0,0,0,157,detection,
157532,21,23,1037,1037,0,0,0,0,0,0,9,0,0,0,157,detection,
158759,1,3,531,531,0,0,0,0,0,0,30,0,0,0,158,detection,
158788,14,3,531,531,0,0,0,0,0,0,4,0,0,0,158,detection,
159228,20,6,1045,1045,0,0,0,0,0,0,0,0,0,0,159,detection,
159267,11,6,1045,1045,0,0,0,0,0,0,0,0,0,0,159,detection,
159325,17,6,1045,1045,0,0,0,0,0,0,3,0,0,0,159,detection,
160391,19,9,1179,1179,0,0,0,0,0,0,0,0,0,0,160,detection,
164972,16,31,768,768,0,0,0,0,0,0,4,0,0,0,164,detection,
164979,8,31,768,768,0,0,0,0,0,0,4,0,0,0,164,detection,
164985,2,31,768,768,0,0,0,0,0,0,4,0,0,0,164,detection,
165979,13,7,1483,1483,0,0,0,0,0,0,6,0,0,0,165,detection,
166004,9,7,1483,1483,0,0,0,0,0,0,10,0,0,0,166,detection,
166010,18,7,1483,1483,0,0,0,0,0,0,13,0,0,0,166,detection,
177107,7,30,1761,1761,0,0,0,0,0,0,8,0,0,0,177,detection,
177135,18,30,1761,1761,0,0,0,0,0,0,8,0,0,0,177,detection,
180908,21,26,1853,1853,0,0,0,0,0,0,12,0,0,0,180,detection,
180940,10,26,1853,1853,0,0,0,0,0,0,12,0,0,0,180,detection,
180941,12,26,1853,1853,0,0,0,0,0,0,8,0,0,0,180,detection,
180969,15,26,1853,1853,0,0,0,0,0,0,8,0,0,0,180,detection,
180986,7,26,1853,1853,0,0,0,0,0,0,7,0,0,0,180,detection,
182230,8,2,768,768,0,0,0,0,0,0,0,0,0,0,182,detection,
197104,8,19,828,828,0,0,0,0,0,0,0,0,0,0,197,detection,
197639,11,20,780,780,0,0,0,0,0,0,4,0,0,0,197,detection,
198136,11,22,512,512,0,0,0,0,0,0,1,0,0,0,198,detection,
198411,14,31,768,768,0,0,0,0,0,0,3,0,0,0,198,detection,
198471,16,31,768,768,0,0,0,0,0,0,4,0,0,0,198,detection,
198478,8,31,768,768,0,0,0,0,0,0,4,0,0,0,198,detection,
198483,2,31,768,768,0,0,0,0,0,0,4,0,0,0,198,detection,
200767,19,24,1152,1152,0,0,0,0,0,0,0,0,0,0,200,detection,
200891,19,15,1233,1233,0,0,0,0,0,0,0,0,0,0,200,detection,
201358,2,31,748,748,0,0,0,0,0,0,4,0,0,0,201,detection,
201657,19,13,977,977,0,0,0,0,0,0,0,0,0,0,201,detection,
203858,7,15,1092,1092,0,0,0,0,0,0,9,0,0,0,203,detection,
203892,19,15,1092,1092,0,0,0,0,0,0,6,0,0,0,203,detection,
203908,21,15,1092,1092,0,0,0,0,0,0,6,0,0,0,203,detection,
203927,5,15,1092,1092,0,0,0,0,0,0,7,0,0,0,203,detection,
203951,17,15,1092,1092,0,0,0,0,0,0,6,0,0,0,203,detection,
204535,21,26,1824,1860,-36,0,12,53,8,16,8,0,0,0,204,detection,
205261,18,7,1474,1474,0,0,0,0,0,0,8,0,0,0,205,detection,
207157,21,26,1804,1804,0,0,0,0,7,28,12,0,0,0,207,detection,
207194,10,26,1804,1804,0,0,0,0,0,0,15,0,0,0,207,detection,
208070,10,30,1736,1753,-17,0,5,21,3,16,8,0,0,0,208,detection,
208221,15,28,1266,1266,0,0,0,0,0,0,5,0,0,0,208,detection,
209138,11,5,941,941,0,0,0,0,0,0,3,0,0,0,209,detection,
209411,14,3,529,529,0,0,0,0,0,0,4,0,0,0,209,detection,
209658,21,12,1641,1641,0,0,0,0,0,0,4,0,0,0,209,detection,
210735,7,15,1092,1092,0,0,0,0,0,0,10,0,0,0,210,detection,
210765,19,15,1092,1092,0,0,0,0,0,0,7,0,0,0,210,detection,
210785,21,15,1092,1092,0,0,0,0,0,0,7,0,0,0,210,detection,
210804,5,15,1092,1092,0,0,0,0,0,0,9,0,0,0,210,detection,
211636,18,10,2060,2060,0,0,0,0,0,0,0,0,0,0,211,detection,
214320,10,26,1784,1809,-25,0,7,35,5,14,12,0,0,0,214,detection,
214344,15,26,1784,1809,-25,0,8,35,5,16,8,0,0,0,214,detection,
214361,7,26,1784,1809,-25,0,8,35,5,14,11,0,0,0,214,detection,
214389,18,26,1784,1809,-25,0,7,35,4,14,16,0,0,0,214,detection,
214411,21,26,1784,1809,-25,0,7,35,5,42,12,0,0,0,214,detection,
215221,15,28,1246,1246,0,0,0,0,0,0,5,0,0,0,215,detection,
215225,13,28,1246,1246,0,0,0,0,0,0,4,0,0,0,215,detection,
215235,7,28,1246,1246,0,0,0,0,0,0,4,0,0,0,215,detection,
215256,9,28,1246,1246,0,0,0,0,0,0,4,0,0,0,215,detection,
215303,5,28,1246,1246,0,0,0,0,0,0,4,0,0,0,215,detection,
218976,3,14,512,512,0,0,0,0,0,0,2,0,0,0,218,detection,
223554,5,15,1092,1092,0,0,0,0,0,0,10,0,0,0,223,detection,
223564,12,15,1092,1092,0,0,0,0,0,0,8,0,0,0,223,detection,
223574,17,15,1092,1092,0,0,0,0,0,0,8,0,0,0,223,detection,
223609,7,15,1092,1092,0,0,0,0,0,0,11,0,0,0,223,detection,
223659,21,15,1092,1092,0,0,0,0,0,0,4,0,0,0,223,detection,
225528,1,11,771,771,0,0,0,0,0,0,0,0,0,0,225,detection,
225552,5,11,771,771,0,0,0,0,0,0,0,0,0,0,225,detection,
225594,15,11,771,771,0,0,0,0,0,0,2,0,0,0,225,detection,
225601,20,11,771,771,0,0,0,0,0,0,0,0,0,0,225,detection,
225631,6,11,771,771,0,0,0,0,0,0,1,0,0,0,225,detection,
225648,19,11,771,771,0,0,0,0,0,0,0,0,0,0,225,detection,
228440,12,26,1764,1783,-19,0,5,24,3,14,12,0,0,0,228,detection,
228486,7,26,1764,1783,-19,0,6,24,1,14,11,0,0,0,228,detection,
228513,18,26,1764,1783,-19,0,5,24,1,14,12,0,0,0,228,detection,
231801,5,28,1226,1226,0,0,0,0,0,0,4,0,0,0,231,detection,
231843,15,28,1226,1226,0,0,0,0,0,0,5,0,0,0,231,detection,
231851,13,28,1226,1226,0,0,0,0,0,0,4,0,0,0,231,detection,
231882,9,28,1226,1226,0,0,0,0,0,0,4,0,0,0,231,detection,
232017,19,9,1224,1224,0,0,0,0,0,0,0,0,0,0,232,detection,
232053,4,9,1224,1224,0,0,0,0,0,0,4,0,0,0,232,detection,
232103,13,9,1224,1224,0,0,0,0,0,0,0,0,0,0,232,detection,
234124,1,22,512,512,0,0,0,0,0,0,0,0,0,0,234,detection,
234139,11,22,512,512,0,0,0,0,0,0,1,0,0,0,234,detection,
234227,20,22,512,512,0,0,0,0,0,0,1,0,0,0,234,detection,
236132,6,23,1053,1089,-36,0,12,53,8,16,8,0,0,0,236,detection,
236158,21,23,1053,1089,-36,0,12,53,8,16,8,0,0,0,236,detection,
236201,17,23,1053,1089,-36,0,12,53,8,16,8,0,0,0,236,detection,
236227,20,23,1053,1089,-36,0,12,53,8,16,7,0,0,0,236,detection,
236410,21,17,1349,1349,0,0,0,0,0,0,0,0,0,0,236,detection,
236438,12,17,1349,1349,0,0,0,0,0,0,1,0,0,0,236,detection,
236471,15,17,1349,1349,0,0,0,0,0,0,1,0,0,0,236,detection,
236507,6,17,1349,1349,0,0,0,0,0,0,0,0,0,0,236,detection,
243813,12,21,1403,1403,0,0,0,0,0,0,2,0,0,0,243,detection,
243827,17,21,1403,1403,0,0,0,0,0,0,0,0,0,0,243,detection,
246199,17,6,1088,1088,0,0,0,0,0,0,3,0,0,0,246,detection,
246225,20,6,1088,1088,0,0,0,0,0,0,0,0,0,0,246,detection,
246265,11,6,1088,1088,0,0,0,0,0,0,0,0,0,0,246,detection,
246846,16,31,728,728,0,0,0,0,0,0,4,0,0,0,246,detection,
246853,8,31,728,728,0,0,0,0,0,0,4,0,0,0,246,detection,
246859,2,31,728,728,0,0,0,0,0,0,4,0,0,0,246,detection,
248110,7,15,1092,1092,0,0,0,0,0,0,7,0,0,0,248,detection,
248140,19,15,1092,1092,0,0,0,0,0,0,4,0,0,0,248,detection,
248141,11,15,1092,1092,0,0,0,0,0,0,8,0,0,0,248,detection,
248160,21,15,1092,1092,0,0,0,0,0,0,5,0,0,0,248,detection,
248179,5,15,1092,1092,0,0,0,0,0,0,5,0,0,0,248,detection,
248189,12,15,1092,1092,0,0,0,0,0,0,10,0,0,0,248,detection,
248199,17,15,1092,1092,0,0,0,0,0,0,9,0,0,0,248,detection,
249547,22,20,773,773,0,0,0,0,0,0,4,0,0,0,249,detection,
249551,5,20,773,773,0,0,0,0,0,0,7,0,0,0,249,detection,
249630,6,20,773,773,0,0,0,0,0,0,6,0,0,0,249,detection,
251068,1,14,512,512,0,0,0,0,0,0,4,0,0,0,251,detection,
251111,2,14,512,512,0,0,0,0,0,0,7,0,0,0,251,detection,
252182,4,25,1642,1824,-182,0,71,100,47,16,0,6,82,55,252,detection,
252236,7,25,1642,1824,-182,0,71,100,47,16,0,0,82,55,252,detection,
252257,9,25,1642,1824,-182,0,71,100,47,16,0,0,82,55,252,detection,
252850,13,19,798,798,0,0,0,0,0,0,2,0,0,0,252,detection,
252851,8,19,798,798,0,0,0,0,0,0,0,0,0,0,252,detection,
252882,9,19,798,798,0,0,0,0,0,0,0,0,0,0,252,detection,
252890,11,19,798,798,0,0,0,0,0,0,0,0,0,0,252,detection,
252953,17,12,1605,1605,0,0,0,0,0,0,8,0,0,0,252,detection,
252969,15,12,1605,1605,0,0,0,0,0,0,6,0,0,0,252,detection,
253036,21,12,1605,1605,0,0,0,0,0,0,4,0,0,0,253,detection,
254301,5,28,1206,1206,0,0,0,0,0,0,4,0,0,0,254,detection,
254343,15,28,1206,1206,0,0,0,0,0,0,0,0,0,0,254,detection,
254352,13,28,1206,1206,0,0,0,0,0,0,4,0,0,0,254,detection,
254362,7,28,1206,1206,0,0,0,0,0,0,4,0,0,0,254,detection,
254382,9,28,1206,1206,0,0,0,0,0,0,4,0,0,0,254,detection,
255816,12,26,1744,1784,-40,0,12,60,4,14,12,0,0,0,255,detection,
255819,10,26,1744,1784,-40,0,12,60,3,14,11,0,0,0,255,detection,
255848,15,26,1744,1784,-40,0,13,60,3,16,7,0,0,0,255,detection,
255861,7,26,1744,1784,-40,0,13,60,4,16,6,0,0,0,255,detection,
255888,18,26,1744,1784,-40,0,12,60,4,14,11,0,0,0,255,detection,
255910,21,26,1744,1784,-40,0,12,60,3,42,11,0,0,0,255,detection,
256790,1,3,527,527,0,0,0,0,0,0,31,0,0,0,256,detection,
256913,14,3,527,527,0,0,0,0,0,0,3,0,0,0,256,detection,
261349,20,11,770,770,0,0,0,0,0,0,0,0,0,0,261,detection,
261985,7,18,2051,2051,0,0,0,0,0,0,0,0,0,0,261,detection,
262015,1,29,492,492,0,0,0,0,0,0,0,0,0,0,262,detection,
262036,14,29,492,492,0,0,0,0,0,0,0,0,0,0,262,detection,
262052,5,29,492,492,0,0,0,0,0,0,1,0,0,0,262,detection,
262067,10,18,2051,2051,0,0,0,0,0,0,2,0,0,0,262,detection,
262102,13,29,492,492,0,0,0,0,0,0,1,0,0,0,262,detection,
262102,8,29,492,492,0,0,0,0,0,0,1,0,0,0,262,detection,
262109,2,29,492,492,0,0,0,0,0,0,1,0,0,0,262,detection,
262140,19,29,492,492,0,0,0,0,0,0,1,0,0,0,262,detection,
262141,11,29,492,492,0,0,0,0,0,0,0,0,0,0,262,detection,
262603,8,16,1236,1236,0,0,0,0,0,0,0,0,0,0,262,detection,
263511,18,10,2000,2000,0,0,0,0,0,0,0,0,0,0,263,detection,
266762,18,7,1482,1482,0,0,0,0,0,0,7,0,0,0,266,detection,
266763,9,7,1482,1482,0,0,0,0,0,0,11,0,0,0,266,detection,
266845,16,4,1606,1606,0,0,0,0,0,0,4,0,0,0,266,detection,
266845,15,7,1482,1482,0,0,0,0,0,0,7,0,0,0,266,detection,
266882,9,4,1606,1606,0,0,0,0,0,0,0,0,0,0,266,detection,
269442,10,18,2047,2047,0,0,0,0,0,0,2,0,0,0,269,detection,
269606,8,31,708,708,0,0,0,0,0,0,4,0,0,0,269,detection,
270852,8,16,984,984,0,0,0,0,0,0,5,0,0,0,270,detection,
270931,4,16,984,984,0,0,0,0,0,0,7,0,0,0,270,detection,
271852,20,5,889,889,0,0,0,0,0,0,0,0,0,0,271,detection,
271852,13,5,889,889,0,0,0,0,0,0,3,0,0,0,271,detection,
271891,19,5,889,889,0,0,0,0,0,0,0,0,0,0,271,detection,
271891,11,5,889,889,0,0,0,0,0,0,3,0,0,0,271,detection,
271969,15,5,889,889,0,0,0,0,0,0,1,0,0,0,271,detection,
275929,4,16,984,984,0,0,0,0,0,0,8,0,0,0,275,detection,
280286,14,3,523,523,0,0,0,0,0,0,3,0,0,0,280,detection,
281078,17,27,997,997,0,0,0,0,0,0,0,0,0,0,281,detection,
281103,20,27,997,997,0,0,0,0,0,0,0,0,0,0,281,detection,
281132,6,27,997,997,0,0,0,0,0,0,0,0,0,0,281,detection,
281159,21,27,997,997,0,0,0,0,0,0,0,0,0,0,281,detection,
281849,16,24,1091,1136,-45,0,16,70,10,16,4,0,94,100,281,detection,
281856,8,24,1091,1136,-45,0,17,70,11,16,0,0,94,100,281,detection,
281895,19,24,1091,1136,-45,0,17,70,11,16,0,0,94,100,281,detection,
281931,4,24,1091,1136,-45,0,17,70,11,16,0,0,94,100,281,detection,
283680,4,25,1602,1602,0,0,0,91,43,33,5,0,95,100,283,detection,
283739,7,25,1602,1602,0,0,0,91,43,33,5,0,95,100,283,detection,
283759,9,25,1602,1602,0,0,0,91,43,33,5,0,95,100,283,detection,
284103,8,13,885,885,0,0,0,0,0,0,0,0,0,0,284,detection,
284107,7,13,885,885,0,0,0,0,0,0,3,0,0,0,284,detection,
284142,19,13,885,885,0,0,0,0,0,0,0,0,0,0,284,detection,
284176,5,13,885,885,0,0,0,0,0,0,1,0,0,0,284,detection,
285104,13,8,795,795,0,0,0,0,0,0,0,0,0,0,285,detection,
285111,2,8,795,795,0,0,0,0,0,0,2,0,0,0,285,detection,
285130,9,8,795,795,0,0,0,0,0,0,1,0,0,0,285,detection,
290606,8,2,768,768,0,0,0,0,0,0,0,0,0,0,290,detection,
292181,4,25,1582,1582,0,0,0,80,0,33,6,0,94,100,292,detection,
293428,4,16,1009,1009,0,0,0,0,0,0,8,0,0,0,293,detection,
293478,8,16,1009,1009,0,0,0,0,0,0,2,0,0,0,293,detection,
295360,7,30,1696,1707,-11,0,3,10,2,16,8,0,0,0,295,detection,
295382,9,30,1696,1707,-11,0,4,10,2,16,0,0,0,0,295,detection,
295388,18,30,1696,1707,-11,0,3,10,2,16,8,0,0,0,295,detection,
295443,10,30,1696,1707,-11,0,3,10,1,16,8,0,0,0,295,detection,
296983,7,15,1143,1143,0,0,0,0,0,0,7,0,0,0,296,detection,
297017,19,15,1143,1143,0,0,0,0,0,0,5,0,0,0,297,detection,
297033,21,15,1143,1143,0,0,0,0,0,0,5,0,0,0,297,detection,
297052,5,15,1143,1143,0,0,0,0,0,0,5,0,0,0,297,detection,
297076,17,15,1143,1143,0,0,0,0,0,0,5,0,0,0,297,detection,
300551,5,20,789,789,0,0,0,0,0,0,7,0,0,0,300,detection,
307285,21,26,1724,1756,-32,0,10,46,1,42,11,0,0,0,307,detection,
307314,12,26,1724,1756,-32,0,10,46,1,14,11,0,0,0,307,detection,
307318,10,26,1724,1756,-32,0,10,46,1,14,11,0,0,0,307,detection,
307346,15,26,1724,1756,-32,0,10,46,1,16,7,0,0,0,307,detection,
307360,7,26,1724,1756,-32,0,11,46,1,16,6,0,0,0,307,detection,
307387,18,26,1724,1756,-32,0,10,46,1,14,11,0,0,0,307,detection,
307988,7,25,1562,1562,0,0,0,80,0,33,6,0,94,100,307,detection,
308057,4,25,1562,1562,0,0,0,75,0,33,3,0,94,100,308,detection,
315477,8,16,1026,1026,0,0,0,0,0,0,3,0,0,0,315,detection,
315556,4,16,1026,1026,0,0,0,0,0,0,8,0,0,0,315,detection,
317553,5,28,1166,1166,0,0,0,0,0,0,0,0,0,0,317,detection,
317594,15,28,1166,1166,0,0,0,0,0,0,0,0,0,0,317,detection,
317603,13,28,1166,1166,0,0,0,0,0,0,4,0,0,0,317,detection,
317609,7,28,1166,1166,0,0,0,0,0,0,4,0,0,0,317,detection,
317630,9,28,1166,1166,0,0,0,0,0,0,4,0,0,0,317,detection,
324051,5,15,1137,1137,0,0,0,0,0,0,5,0,0,0,324,detection,
326139,19,5,861,861,0,0,0,0,0,0,0,0,0,0,326,detection,
327233,7,25,1542,1542,0,0,0,70,0,33,6,0,94,100,327,detection,
327258,9,25,1542,1542,0,0,0,80,0,33,6,0,94,100,327,detection,
334759,6,27,977,977,0,0,0,0,0,0,0,0,0,0,334,detection,
348912,14,31,688,733,-45,0,16,70,11,16,3,0,94,100,348,detection,
348985,2,31,688,733,-45,0,17,70,11,16,0,0,94,100,348,detection,
357691,12,26,1704,1726,-22,0,7,29,2,14,11,0,0,0,357,detection,
361765,11,19,756,756,0,0,0,0,0,0,0,0,0,0,361,detection,
362538,14,29,472,472,0,0,0,0,0,0,0,0,0,0,362,detection,
365109,7,18,1970,1970,0,0,0,0,0,0,0,0,0,0,365,detection,
367387,11,22,512,512,0,0,0,0,0,0,1,0,0,0,367,detection,
372468,15,17,1358,1358,0,0,0,0,0,0,1,0,0,0,372,detection,
389180,4,16,1024,1024,0,0,0,0,0,0,4,0,0,0,389,detection,
389229,8,16,1024,1024,0,0,0,0,0,0,3,0,0,0,389,detection,
392736,7,25,1522,1522,0,0,0,70,0,33,6,0,94,100,392,detection,
404569,10,26,1684,1701,-17,0,5,21,3,14,10,0,0,0,404,detection,
404594,15,26,1684,1701,-17,0,5,21,3,16,6,0,0,0,404,detection,
404611,7,26,1684,1701,-17,0,6,21,3,16,5,0,0,0,404,detection,
404639,18,26,1684,1701,-17,0,5,21,3,14,11,0,0,0,404,detection,
404661,21,26,1684,1701,-17,0,5,21,3,42,11,0,0,0,404,detection,
407199,17,27,957,957,0,0,0,0,0,0,0,0,0,0,407,detection,
410505,9,28,1146,1146,0,0,0,0,0,0,0,0,0,0,410,detection,
410553,5,28,1146,1146,0,0,0,0,0,0,0,0,0,0,410,detection,
410594,15,28,1146,1146,0,0,0,0,0,0,0,0,0,0,410,detection,
410603,13,28,1146,1146,0,0,0,0,0,0,0,0,0,0,410,detection,
410609,7,28,1146,1146,0,0,0,0,0,0,4,0,0,0,410,detection,
416928,4,9,1105,1105,0,0,0,0,0,0,4,0,0,0,416,detection,
419930,4,25,1502,1502,0,0,0,70,0,33,4,0,94,100,419,detection,
423026,1,29,452,452,0,0,0,0,0,0,0,0,0,0,423,detection,
423039,14,29,452,452,0,0,0,0,0,0,0,0,0,0,423,detection,
423050,5,29,452,452,0,0,0,0,0,0,1,0,0,0,423,detection,
423100,8,29,452,452,0,0,0,0,0,0,1,0,0,0,423,detection,
423100,13,29,452,452,0,0,0,0,0,0,1,0,0,0,423,detection,
423107,2,29,452,452,0,0,0,0,0,0,1,0,0,0,423,detection,
423139,19,29,452,452,0,0,0,0,0,0,1,0,0,0,423,detection,
423139,11,29,452,452,0,0,0,0,0,0,0,0,0,0,423,detection,
427221,15,12,1605,1605,0,0,0,0,0,0,5,0,0,0,427,detection,
430764,11,6,1051,1051,0,0,0,0,0,0,0,0,0,0,430,detection,
430881,6,20,803,803,0,0,0,0,0,0,6,0,0,0,430,detection,
430922,22,20,803,803,0,0,0,0,0,0,4,0,0,0,430,detection,
432349,1,14,512,512,0,0,0,0,0,0,4,0,0,0,432,detection,
432358,2,14,512,512,0,0,0,0,0,0,7,0,0,0,432,detection,
432472,3,14,512,512,0,0,0,0,0,0,2,0,0,0,432,detection,
435007,9,28,1126,1126,0,0,0,0,0,0,0,0,0,0,435,detection,
436514,19,11,768,768,0,0,0,0,0,0,0,0,0,0,436,detection,
438104,8,16,1050,1050,0,0,0,0,0,0,3,0,0,0,438,detection,
446765,11,15,1146,1146,0,0,0,0,0,0,8,0,0,0,446,detection,
446768,19,15,1146,1146,0,0,0,0,0,0,4,0,0,0,446,detection,
446784,21,15,1146,1146,0,0,0,0,0,0,5,0,0,0,446,detection,
446813,12,15,1146,1146,0,0,0,0,0,0,10,0,0,0,446,detection,
446827,17,15,1146,1146,0,0,0,0,0,0,5,0,0,0,446,detection,
446858,7,15,1146,1146,0,0,0,0,0,0,7,0,0,0,446,detection,
447479,13,5,829,829,0,0,0,0,0,0,4,0,0,0,447,detection,
448065,12,21,1347,1347,0,0,0,0,0,0,1,0,0,0,448,detection,
448075,17,21,1347,1347,0,0,0,0,0,0,0,0,0,0,448,detection,
448221,15,17,1350,1350,0,0,0,0,0,0,1,0,0,0,448,detection,
448257,6,17,1350,1350,0,0,0,0,0,0,0,0,0,0,448,detection,
448284,21,17,1350,1350,0,0,0,0,0,0,0,0,0,0,448,detection,
448313,12,17,1350,1350,0,0,0,0,0,0,1,0,0,0,448,detection,
449431,4,24,1051,1083,-32,0,12,70,3,16,0,0,94,100,449,detection,
449473,16,24,1051,1083,-32,0,11,70,3,16,4,0,94,100,449,detection,
449480,8,24,1051,1083,-32,0,12,70,3,16,0,0,94,100,449,detection,
449480,13,24,1051,1083,-32,0,12,46,8,16,0,0,0,0,449,detection,
449519,19,24,1051,1083,-32,0,12,70,3,16,0,0,94,100,449,detection,
449788,14,3,516,516,0,0,0,0,0,0,2,0,0,0,449,detection,
450101,3,14,512,512,0,0,0,0,0,0,2,0,0,0,450,detection,
451638,18,26,1664,1677,-13,0,4,14,0,14,11,0,0,0,451,detection,
454191,10,18,1964,1964,0,0,0,0,0,0,2,0,0,0,454,detection,
454301,5,19,709,709,0,0,0,0,0,0,3,0,0,0,454,detection,
454409,21,27,937,937,0,0,0,0,0,0,0,0,0,0,454,detection,
454452,17,27,937,937,0,0,0,0,0,0,0,0,0,0,454,detection,
454477,20,27,937,937,0,0,0,0,0,0,0,0,0,0,454,detection,
454506,6,27,937,937,0,0,0,0,0,0,0,0,0,0,454,detection,
455354,8,13,795,795,0,0,0,0,0,0,0,0,0,0,455,detection,
456361,2,29,432,432,0,0,0,0,0,0,0,0,0,0,456,detection,
459410,21,12,1606,1606,0,0,0,0,0,0,4,0,0,0,459,detection,
459452,17,12,1606,1606,0,0,0,0,0,0,8,0,0,0,459,detection,
460176,5,23,1013,1020,-7,0,2,3,1,14,9,0,0,0,460,detection,
460511,18,10,1949,1949,0,0,0,0,0,0,0,0,0,0,460,detection,
465036,21,17,1349,1349,0,0,0,0,0,0,0,0,0,0,465,detection,
466378,9,13,795,795,0,0,0,0,0,0,1,0,0,0,466,detection,
466392,19,13,795,795,0,0,0,0,0,0,0,0,0,0,466,detection,
466426,5,13,795,795,0,0,0,0,0,0,2,0,0,0,466,detection,
466477,8,13,795,795,0,0,0,0,0,0,0,0,0,0,466,detection,
466485,7,13,795,795,0,0,0,0,0,0,4,0,0,0,466,detection,
468754,9,7,1518,1518,0,0,0,0,0,0,6,0,0,0,468,detection,
468761,18,7,1518,1518,0,0,0,0,0,0,7,0,0,0,468,detection,
468845,15,7,1518,1518,0,0,0,0,0,0,7,0,0,0,468,detection,
468853,13,7,1518,1518,0,0,0,0,0,0,5,0,0,0,468,detection,
469635,18,10,1948,1948,0,0,0,0,0,0,0,0,0,0,469,detection,
470356,8,2,808,808,0,0,0,0,0,0,0,0,0,0,470,detection,
472974,16,4,1322,1322,0,0,0,0,0,0,5,0,0,0,472,detection,
473006,9,4,1322,1322,0,0,0,0,0,0,0,0,0,0,473,detection,
479881,9,30,1656,1668,-12,0,4,11,0,16,0,0,0,0,479,detection,
483851,1,22,512,512,0,0,0,0,0,0,0,0,0,0,483,detection,
483887,11,22,512,512,0,0,0,0,0,0,1,0,0,0,483,detection,
483975,20,22,512,512,0,0,0,0,0,0,1,0,0,0,483,detection,
485930,4,16,1057,1057,0,0,0,0,0,0,3,0,0,0,485,detection,
485980,8,16,1057,1057,0,0,0,0,0,0,3,0,0,0,485,detection,
489881,9,4,1355,1355,0,0,0,0,0,0,0,0,0,0,489,detection,
490263,11,6,1102,1102,0,0,0,0,0,0,0,0,0,0,490,detection,
490326,17,6,1102,1102,0,0,0,0,0,0,0,0,0,0,490,detection,
490352,20,6,1102,1102,0,0,0,0,0,0,0,0,0,0,490,detection,
494603,13,8,724,724,0,0,0,0,0,0,1,0,0,0,494,detection,
497034,21,27,917,917,0,0,0,0,0,0,0,0,0,0,497,detection,
500259,1,3,514,514,0,0,0,0,0,0,27,0,0,0,500,detection,
500288,14,3,514,514,0,0,0,0,0,0,2,0,0,0,500,detection,
516428,5,28,1106,1106,0,0,0,0,0,0,0,0,0,0,516,detection,
517987,7,30,1636,1646,-10,0,3,8,0,16,4,0,0,0,517,detection,
518004,9,30,1636,1646,-10,0,3,8,0,16,0,1,0,0,518,detection,
518010,18,30,1636,1646,-10,0,3,8,0,16,4,1,0,0,518,detection,
518069,10,30,1636,1646,-10,0,3,8,0,16,4,0,0,0,518,detection,
522093,15,5,805,805,0,0,0,0,0,0,1,0,0,0,522,detection,
522100,20,5,805,805,0,0,0,0,0,0,0,0,0,0,522,detection,
522100,13,5,805,805,0,0,0,0,0,0,4,0,0,0,522,detection,
522139,19,5,805,805,0,0,0,0,0,0,0,0,0,0,522,detection,
522140,11,5,805,805,0,0,0,0,0,0,0,0,0,0,522,detection,
527354,8,2,804,804,0,0,0,0,0,0,0,0,0,0,527,detection,
530325,17,21,1327,1327,0,0,0,0,0,0,0,0,0,0,530,detection,
533474,16,24,1031,1063,-32,0,12,70,0,16,2,0,94,100,533,detection,
534362,7,25,1462,1462,0,0,0,70,0,33,6,0,94,100,534,detection,
534676,5,13,851,851,0,0,0,0,0,0,1,0,0,0,534,detection,
536514,11,20,768,768,0,0,0,0,0,0,4,0,0,0,536,detection,
536859,7,15,1149,1149,0,0,0,0,0,0,7,0,0,0,536,detection,
539709,1,11,787,787,0,0,0,0,0,0,0,0,0,0,539,detection,
539719,15,11,787,787,0,0,0,0,0,0,2,0,0,0,539,detection,
539726,20,11,787,787,0,0,0,0,0,0,0,0,0,0,539,detection,
539756,6,11,787,787,0,0,0,0,0,0,1,0,0,0,539,detection,
539766,19,11,787,787,0,0,0,0,0,0,0,0,0,0,539,detection,
539802,5,11,787,787,0,0,0,0,0,0,0,0,0,0,539,detection,
540015,11,22,512,512,0,0,0,0,0,0,0,0,0,0,540,detection,
543800,5,19,756,756,0,0,0,0,0,0,3,0,0,0,543,detection,
543851,13,19,756,756,0,0,0,0,0,0,1,0,0,0,543,detection,
543856,8,19,756,756,0,0,0,0,0,0,0,0,0,0,543,detection,
543882,9,19,756,756,0,0,0,0,0,0,0,0,0,0,543,detection,
543890,11,19,756,756,0,0,0,0,0,0,0,0,0,0,543,detection,
545890,19,8,715,715,0,0,0,0,0,0,1,0,0,0,545,detection,
545973,16,8,715,715,0,0,0,0,0,0,4,0,0,0,545,detection,
545975,13,8,715,715,0,0,0,0,0,0,1,0,0,0,545,detection,
548887,11,29,412,412,0,0,0,0,0,0,0,0,0,0,548,detection,
550265,19,9,1083,1083,0,0,0,0,0,0,0,0,0,0,550,detection,
550305,4,9,1083,1083,0,0,0,0,0,0,3,0,0,0,550,detection,
550351,13,9,1083,1083,0,0,0,0,0,0,0,0,0,0,550,detection,
550354,8,9,1083,1083,0,0,0,0,0,0,0,0,0,0,550,detection,
550358,7,9,1083,1083,0,0,0,0,0,0,5,0,0,0,550,detection,
554536,21,23,993,1015,-22,0,7,29,3,16,8,0,0,0,554,detection,
554550,5,23,993,1015,-22,0,7,29,3,16,8,0,0,0,554,detection,
554574,17,23,993,1015,-22,0,7,29,3,16,8,0,0,0,554,detection,
554604,20,23,993,1015,-22,0,7,29,3,16,7,0,0,0,554,detection,
554640,11,23,993,1015,-22,0,7,29,4,16,8,0,0,0,554,detection,
575974,13,19,788,788,0,0,0,0,0,0,1,0,0,0,575,detection,
581450,17,23,973,990,-17,0,6,21,1,16,3,0,0,0,581,detection,
582533,21,12,1606,1606,0,0,0,0,0,0,3,0,0,0,582,detection,
584438,12,17,1254,1254,0,0,0,0,0,0,5,0,0,0,584,detection,
584471,15,17,1254,1254,0,0,0,0,0,0,5,0,0,0,584,detection,
584507,6,17,1254,1254,0,0,0,0,0,0,4,0,0,0,584,detection,
584533,21,17,1254,1254,0,0,0,0,0,0,4,0,0,0,584,detection,
590064,12,17,1248,1248,0,0,0,0,0,0,0,0,0,0,590,detection,
590133,6,17,1248,1248,0,0,0,0,0,0,4,0,0,0,590,detection,
590159,21,17,1248,1248,0,0,0,0,0,0,4,0,0,0,590,detection,
602970,15,17,1269,1269,0,0,0,0,0,0,0,0,0,0,602,detection,
603006,6,17,1269,1269,0,0,0,0,0,0,4,0,0,0,603,detection,
603033,21,17,1269,1269,0,0,0,0,0,0,0,0,0,0,603,detection,
603066,12,17,1269,1269,0,0,0,0,0,0,0,0,0,0,603,detection,
606031,21,15,1158,1158,0,0,0,0,0,0,4,0,0,0,606,detection,
606054,5,15,1158,1158,0,0,0,0,0,0,4,0,0,0,606,detection,
606064,12,15,1158,1158,0,0,0,0,0,0,5,0,0,0,606,detection,
606109,7,15,1158,1158,0,0,0,0,0,0,6,0,0,0,606,detection,
606140,11,15,1158,1158,0,0,0,0,0,0,8,0,0,0,606,detection,
606143,19,15,1158,1158,0,0,0,0,0,0,4,0,0,0,606,detection,
607801,5,20,770,770,0,0,0,0,0,0,6,0,0,0,607,detection,
611192,10,30,1616,1622,-6,0,2,1,0,16,4,0,0,0,611,detection,
621288,14,3,512,512,0,0,0,0,0,0,2,0,0,0,621,detection,
630229,13,7,1385,1385,0,0,0,0,0,0,5,0,0,0,630,detection,
630694,10,18,1922,1922,0,0,0,0,0,0,2,0,0,0,630,detection,
634631,6,17,1277,1277,0,0,0,0,0,0,0,0,0,0,634,detection,
634690,12,17,1277,1277,0,0,0,0,0,0,0,0,0,0,634,detection,
635359,2,31,628,653,-25,0,9,70,5,16,0,2,94,100,635,detection,
635414,14,31,628,653,-25,0,9,70,4,16,3,0,94,100,635,detection,
642813,12,21,1319,1319,0,0,0,0,0,0,0,0,0,0,642,detection,
643476,20,22,512,512,0,0,0,0,0,0,0,0,0,0,643,detection,
645732,13,28,1086,1165,-79,0,28,70,19,16,4,0,94,100,645,detection,
645757,9,28,1086,1165,-79,0,28,70,19,16,4,0,94,100,645,detection,
647562,12,21,1414,1414,0,0,0,0,0,0,4,0,0,0,647,detection,
647576,17,21,1414,1414,0,0,0,0,0,0,0,0,0,0,647,detection,
649860,7,15,1202,1202,0,0,0,0,0,0,9,0,0,0,649,detection,
651111,2,31,608,627,-19,0,7,70,1,16,0,12,94,100,651,detection,
652005,6,27,877,877,0,0,0,0,0,0,1,10,0,0,652,detection,
652507,9,19,780,780,0,0,0,0,0,0,0,0,0,0,652,detection,
653190,12,21,1508,1508,0,0,0,0,0,0,4,0,0,0,653,detection,
653200,17,21,1508,1508,0,0,0,0,0,0,0,0,0,0,653,detection,
654631,9,28,1066,1214,-148,0,53,100,16,16,4,0,95,100,654,detection,
654679,5,28,1066,1214,-148,0,52,80,35,16,5,0,94,100,654,detection,
654721,15,28,1066,1214,-148,0,51,78,34,16,6,0,93,100,654,detection,
654729,13,28,1066,1214,-148,0,53,100,16,16,4,0,95,100,654,detection,
654738,7,28,1066,1214,-148,0,53,81,35,16,4,0,94,100,654,detection,
655265,11,15,1288,1288,0,0,0,0,0,0,11,0,0,0,655,detection,
655267,19,15,1288,1288,0,0,0,0,0,0,9,0,0,0,655,detection,
655313,12,15,1288,1288,0,0,0,0,0,0,8,0,0,0,655,detection,
658784,21,23,953,953,0,0,0,0,4,0,8,0,0,0,658,detection,
658826,17,23,953,953,0,0,0,0,3,33,7,0,0,0,658,detection,
658853,20,23,953,953,0,0,0,0,5,33,7,0,0,0,658,detection,
658883,6,23,953,953,0,0,0,0,7,28,14,0,0,0,658,detection,
659053,4,9,1051,1051,0,0,0,0,0,0,7,0,0,0,659,detection,
662470,16,8,964,964,0,0,0,0,0,0,7,0,0,0,662,detection,
662477,13,8,964,964,0,0,0,0,0,0,1,0,0,0,662,detection,
662484,2,8,964,964,0,0,0,0,0,0,6,0,0,0,662,detection,
662506,9,8,964,964,0,0,0,0,0,0,6,0,0,0,662,detection,
664517,19,5,1012,1012,0,0,0,0,0,0,1,0,0,0,664,detection,
664594,15,5,1012,1012,0,0,0,0,0,0,3,0,0,0,664,detection,
664602,13,5,1012,1012,0,0,0,0,0,0,9,0,0,0,664,detection,
665229,8,16,1047,1047,0,0,0,0,0,0,3,0,0,0,665,detection,
666177,4,9,1051,1051,0,0,0,0,0,0,7,0,0,0,666,detection,
666231,8,9,1051,1051,0,0,0,0,0,0,5,0,0,0,666,detection,
666235,7,9,1051,1051,0,0,0,0,0,0,9,0,0,0,666,detection,
666578,17,23,933,992,-59,0,20,70,13,50,7,0,94,100,666,detection,
666634,6,23,933,992,-59,0,19,70,13,50,8,0,94,100,666,detection,
666639,11,23,933,992,-59,0,18,70,7,14,11,0,94,100,666,detection,
666659,21,23,933,992,-59,0,20,70,13,16,7,0,94,100,666,detection,
666678,5,23,933,992,-59,0,18,70,7,14,13,0,94,100,666,detection,
666936,12,21,1538,1538,0,0,0,0,0,0,4,0,0,0,666,detection,
666952,17,21,1538,1538,0,0,0,0,0,0,0,0,0,0,666,detection,
667973,16,8,964,964,0,0,0,0,0,0,3,0,0,0,667,detection,
667978,15,28,1046,1179,-133,0,46,100,3,16,6,0,95,100,667,detection,
667983,2,8,964,964,0,0,0,0,0,0,1,0,0,0,667,detection,
668431,4,16,1047,1047,0,0,0,0,0,0,3,0,0,0,668,detection,
668473,15,26,1624,1677,-53,0,18,70,8,16,7,0,94,100,668,detection,
668480,8,16,1047,1047,0,0,0,0,0,0,3,0,0,0,668,detection,
669827,17,6,1133,1133,0,0,0,0,0,0,4,0,0,0,669,detection,
669978,15,28,1026,1159,-133,0,46,100,0,16,6,0,95,100,669,detection,
674343,15,5,1098,1098,0,0,0,0,0,0,3,0,0,0,674,detection,
674351,20,5,1098,1098,0,0,0,0,0,0,0,0,0,0,674,detection,
674390,11,5,1098,1098,0,0,0,0,0,0,4,0,0,0,674,detection,
674428,5,15,1217,1217,0,0,0,0,0,0,8,0,0,0,674,detection,
674438,12,15,1217,1217,0,0,0,0,0,0,7,0,0,0,674,detection,
674452,17,15,1217,1217,0,0,0,0,0,0,9,0,0,0,674,detection,
674483,7,15,1217,1217,0,0,0,0,0,0,8,0,0,0,674,detection,
674533,21,15,1217,1217,0,0,0,0,0,0,9,0,0,0,674,detection,
676726,20,23,913,913,0,0,0,0,0,28,10,0,0,0,676,detection,
676756,6,23,913,913,0,0,0,70,12,57,11,0,94,100,676,detection,
676766,11,23,913,913,0,0,0,70,12,28,14,0,94,100,676,detection,
676800,5,23,913,913,0,0,0,70,12,28,11,0,94,100,676,detection,
676825,17,23,913,913,0,0,0,70,12,57,10,0,94,100,676,detection,
677062,12,21,1429,1429,0,0,0,0,0,0,10,0,0,0,677,detection,
677077,17,21,1429,1429,0,0,0,0,0,0,6,0,0,0,677,detection,
680392,19,9,1232,1232,0,0,0,0,0,0,6,0,0,0,680,detection,
680431,4,9,1232,1232,0,0,0,0,0,0,7,0,0,0,680,detection,
682971,16,8,964,964,0,0,0,0,0,0,3,0,0,0,682,detection,
682985,2,8,964,964,0,0,0,0,0,0,1,0,0,0,682,detection,
683003,9,8,964,964,0,0,0,0,0,0,1,0,0,0,683,detection,
683316,12,21,1403,1403,0,0,0,0,0,0,10,0,0,0,683,detection,
683326,17,21,1403,1403,0,0,0,0,0,0,6,0,0,0,683,detection,
683634,6,23,893,990,-97,0,31,70,20,71,11,0,75,75,683,detection,
683639,11,23,893,990,-97,0,29,70,19,42,14,0,80,75,683,detection,
683728,20,23,893,990,-97,0,31,70,21,42,10,0,75,55,683,detection,
687507,6,17,1235,1235,0,0,0,0,0,0,1,0,0,0,687,detection,
687533,21,17,1235,1235,0,0,0,0,0,0,2,0,0,0,687,detection,
687566,12,17,1235,1235,0,0,0,0,0,0,0,0,0,0,687,detection,
687595,15,17,1235,1235,0,0,0,0,0,0,1,0,0,0,687,detection,
688357,13,24,1011,1102,-91,0,35,70,15,16,0,0,94,100,688,detection,
688765,19,5,1130,1130,0,0,0,0,0,0,1,0,0,0,688,detection,
690159,21,26,1604,1704,-100,0,31,70,17,42,13,0,77,55,690,detection,
690193,12,26,1604,1704,-100,0,32,70,16,14,10,0,94,100,690,detection,
690196,10,26,1604,1704,-100,0,32,70,18,14,10,0,94,100,690,detection,
690441,12,15,1199,1199,0,0,0,0,0,0,7,0,0,0,690,detection,
692575,17,15,1199,1199,0,0,0,0,0,0,9,0,0,0,692,detection,
692610,7,15,1199,1199,0,0,0,0,0,0,7,0,0,0,692,detection,
692639,19,15,1199,1199,0,0,0,0,0,0,9,0,0,0,692,detection,
692641,11,15,1199,1199,0,0,0,0,0,0,10,0,0,0,692,detection,
692660,21,15,1199,1199,0,0,0,0,0,0,9,0,0,0,692,detection,
692679,5,15,1199,1199,0,0,0,0,0,0,8,0,0,0,692,detection,
693142,11,6,1133,1133,0,0,0,0,0,0,3,0,0,0,693,detection,
697008,6,23,873,958,-85,0,27,92,2,71,11,0,78,75,697,detection,
697034,21,23,873,958,-85,0,26,70,5,14,12,0,94,100,697,detection,
697057,5,23,873,958,-85,0,27,70,18,42,11,0,86,100,697,detection,
697076,17,23,873,958,-85,0,27,70,18,71,10,0,75,75,697,detection,
697609,7,13,877,877,0,0,0,0,0,0,4,0,0,0,697,detection,
699603,13,28,1006,1139,-133,0,48,100,3,16,4,0,95,100,699,detection,
699612,7,28,1006,1139,-133,0,48,100,3,16,4,0,95,100,699,detection,
699633,9,28,1006,1139,-133,0,46,100,3,16,6,0,95,100,699,detection,
699811,12,21,1298,1298,0,0,0,0,0,0,10,0,0,0,699,detection,
699825,17,21,1298,1298,0,0,0,0,0,0,6,0,0,0,699,detection,
704382,6,11,796,796,0,0,0,0,0,0,1,0,0,0,704,detection,
704931,4,9,1247,1247,0,0,0,0,0,0,7,0,0,0,704,detection,
704976,8,9,1247,1247,0,0,0,0,0,0,6,0,0,0,704,detection,
704976,13,9,1247,1247,0,0,0,0,0,0,4,0,0,0,704,detection,
704984,7,9,1247,1247,0,0,0,0,0,0,9,0,0,0,704,detection,
705015,19,9,1247,1247,0,0,0,0,0,0,1,0,0,0,705,detection,
709614,7,18,1910,1910,0,0,0,0,0,0,0,0,0,0,709,detection,
719221,16,8,964,964,0,0,0,0,0,0,2,0,0,0,719,detection,
719228,13,8,964,964,0,0,0,0,0,0,1,0,0,0,719,detection,
719234,2,8,964,964,0,0,0,0,0,0,1,0,0,0,719,detection,
719253,9,8,964,964,0,0,0,0,0,0,1,0,0,0,719,detection,
719270,19,8,964,964,0,0,0,0,0,0,7,0,0,0,719,detection,
720468,15,5,1118,1118,0,0,0,0,0,0,3,0,0,0,720,detection,
722939,12,21,1273,1273,0,0,0,0,0,0,9,0,0,0,722,detection,
722949,17,21,1273,1273,0,0,0,0,0,0,6,0,0,0,722,detection,
726601,3,14,512,512,0,0,0,0,0,0,2,0,0,0,726,detection,
729141,11,20,805,805,0,0,0,0,0,0,3,0,0,0,729,detection,
732036,21,23,833,966,-133,0,41,100,10,14,12,0,95,100,732,detection,
732078,17,23,833,966,-133,0,43,100,10,57,10,0,82,75,732,detection,
732104,20,23,833,966,-133,0,43,100,7,42,10,0,82,55,732,detection,
732134,6,23,833,966,-133,0,43,100,10,71,10,0,79,75,732,detection,
732140,11,23,833,966,-133,0,43,100,7,42,10,0,82,75,732,detection,
734702,17,6,1133,1133,0,0,0,0,0,0,4,0,0,0,734,detection,
741346,15,28,986,1119,-133,0,46,100,0,16,6,0,95,100,741,detection,
741361,13,28,986,1119,-133,0,48,100,0,16,4,0,95,100,741,detection,
741363,7,28,986,1119,-133,0,48,100,0,16,4,0,95,100,741,detection,
741379,9,28,986,1119,-133,0,46,100,0,16,6,0,95,100,741,detection,
741427,5,28,986,1119,-133,0,46,100,3,16,6,0,95,100,741,detection,
743765,18,30,1576,1981,-405,0,100,100,87,14,9,0,82,55,743,detection,
748345,15,7,1562,1562,0,0,0,0,0,0,8,0,0,0,748,detection,
750765,18,30,1556,1952,-396,0,100,100,1,14,10,0,82,55,750,detection,
750820,10,30,1556,1952,-396,0,100,100,86,14,9,0,82,55,750,detection,
750861,7,30,1556,1952,-396,0,100,100,85,14,9,0,82,55,750,detection,
750883,9,30,1556,1952,-396,0,100,100,81,14,12,0,82,55,750,detection,
751700,17,6,1133,1133,0,0,0,0,0,0,4,0,0,0,751,detection,
752514,11,15,1177,1177,0,0,0,0,0,0,6,0,0,0,752,detection,
752534,21,15,1177,1177,0,0,0,0,0,0,9,0,0,0,752,detection,
752553,5,15,1177,1177,0,0,0,0,0,0,7,0,0,0,752,detection,
752562,12,15,1177,1177,0,0,0,0,0,0,7,0,0,0,752,detection,
752576,17,15,1177,1177,0,0,0,0,0,0,8,0,0,0,752,detection,
756346,15,17,1115,1115,0,0,0,0,0,0,1,0,0,0,756,detection,
756762,18,10,1973,1973,0,0,0,0,0,0,0,0,0,0,756,detection,
759637,11,22,512,512,0,0,0,0,0,0,0,0,0,0,759,detection,
762736,7,28,966,1052,-86,0,31,100,11,16,4,0,95,100,762,detection,
763444,10,30,1536,1892,-356,0,100,100,8,14,10,0,82,55,763,detection,
763486,7,30,1536,1892,-356,0,100,100,8,14,9,0,82,55,763,detection,
763507,9,30,1536,1892,-356,0,100,100,8,14,13,0,82,55,763,detection,
763513,18,30,1536,1892,-356,0,100,100,8,14,9,0,82,55,763,detection,
770852,13,5,1111,1111,0,0,0,0,0,0,5,0,0,0,770,detection,
770890,19,5,1111,1111,0,0,0,0,0,0,3,0,0,0,770,detection,
773050,5,11,808,808,0,0,0,0,0,0,1,0,0,0,773,detection,
774255,9,4,1459,1459,0,0,0,0,0,0,2,0,0,0,774,detection,
774414,14,3,512,512,0,0,0,0,0,0,2,0,0,0,774,detection,
774680,4,9,1145,1145,0,0,0,0,0,0,7,0,0,0,774,detection,
774729,8,9,1145,1145,0,0,0,0,0,0,6,0,0,0,774,detection,
774733,7,9,1145,1145,0,0,0,0,0,0,5,0,0,0,774,detection,
776721,15,7,1408,1408,0,0,0,0,0,0,11,0,0,0,776,detection,
776730,13,7,1408,1408,0,0,0,0,0,0,9,0,0,0,776,detection,
776760,9,7,1408,1408,0,0,0,0,0,0,11,0,0,0,776,detection,
776761,18,7,1408,1408,0,0,0,0,0,0,11,0,0,0,776,detection,
777472,16,8,964,964,0,0,0,0,0,0,3,0,0,0,777,detection,
777480,13,8,964,964,0,0,0,0,0,0,1,0,0,0,777,detection,
777486,2,8,964,964,0,0,0,0,0,0,1,0,0,0,777,detection,
777505,9,8,964,964,0,0,0,0,0,0,1,0,0,0,777,detection,
777518,19,8,964,964,0,0,0,0,0,0,9,0,0,0,777,detection,
779609,7,25,1402,1421,-19,0,7,70,4,50,3,0,94,100,779,detection,
779634,9,25,1402,1421,-19,0,6,78,4,50,8,0,94,100,779,detection,
780180,4,24,991,991,0,0,0,70,7,33,3,0,94,100,780,detection,
780222,16,24,991,991,0,0,0,70,7,33,6,0,94,100,780,detection,
780229,8,24,991,991,0,0,0,70,7,33,4,0,94,100,780,detection,
780230,13,24,991,991,0,0,0,70,22,33,3,0,92,100,780,detection,
780268,19,24,991,991,0,0,0,70,7,33,7,0,94,100,780,detection,
781065,12,17,1133,1133,0,0,0,0,0,0,0,0,0,0,781,detection,
781097,15,17,1133,1133,0,0,0,0,0,0,1,0,0,0,781,detection,
781160,21,17,1133,1133,0,0,0,0,0,0,2,0,0,0,781,detection,
782385,18,7,1389,1389,0,0,0,0,0,0,10,0,0,0,782,detection,
783007,6,23,813,942,-129,0,42,100,0,57,10,0,82,75,783,detection,
783020,11,23,813,942,-129,0,42,100,0,42,9,0,82,75,783,detection,
783037,21,23,813,942,-129,0,40,100,0,14,12,0,95,100,783,detection,
783056,5,23,813,942,-129,0,41,100,9,42,11,0,82,75,783,detection,
783075,17,23,813,942,-129,0,42,100,0,57,10,0,82,75,783,detection,
783105,20,23,813,942,-129,0,42,100,0,42,9,0,82,55,783,detection,
785177,5,15,1151,1151,0,0,0,0,0,0,7,0,0,0,785,detection,
785977,13,24,971,971,0,0,0,70,0,33,4,0,94,100,785,detection,
785980,8,24,971,971,0,0,0,70,0,33,4,0,94,100,785,detection,
786055,4,24,971,971,0,0,0,70,0,33,3,0,94,100,786,detection,
786097,16,24,971,971,0,0,0,70,0,33,6,0,94,100,786,detection,
790426,5,20,814,814,0,0,0,0,0,0,7,0,0,0,790,detection,
790914,14,29,372,372,0,0,0,0,0,0,0,0,0,0,790,detection,
794006,6,23,793,818,-25,0,7,100,21,42,14,0,95,100,794,detection,
794016,11,23,793,818,-25,0,7,100,21,42,13,0,95,100,794,detection,
794035,21,23,793,818,-25,0,7,100,20,14,15,0,95,100,794,detection,
794055,5,23,793,818,-25,0,7,100,21,42,14,0,95,100,794,detection,
794078,17,23,793,818,-25,0,7,100,21,57,14,0,95,100,794,detection,
795235,2,8,964,964,0,0,0,0,0,0,1,0,0,0,795,detection,
796257,9,7,1357,1357,0,0,0,0,0,0,10,0,0,0,796,detection,
796259,18,7,1357,1357,0,0,0,0,0,0,10,0,0,0,796,detection,
796343,15,7,1357,1357,0,0,0,0,0,0,11,0,0,0,796,detection,
796352,13,7,1357,1357,0,0,0,0,0,0,9,0,0,0,796,detection,
796690,12,21,1218,1218,0,0,0,0,0,0,5,0,0,0,796,detection,
796700,17,21,1218,1218,0,0,0,0,0,0,5,0,0,0,796,detection,
796863,7,30,1516,1775,-259,0,84,100,21,14,10,0,82,55,796,detection,
796884,9,30,1516,1775,-259,0,89,100,22,16,7,0,82,55,796,detection,
796890,18,30,1516,1775,-259,0,85,100,21,14,9,0,82,55,796,detection,
802132,6,23,773,790,-17,0,5,100,1,28,14,0,95,100,802,detection,
802142,11,23,773,790,-17,0,5,100,1,28,13,0,95,100,802,detection,
802158,21,23,773,790,-17,0,5,100,1,14,15,0,95,100,802,detection,
802177,5,23,773,790,-17,0,5,100,1,28,14,0,95,100,802,detection,
802201,17,23,773,790,-17,0,5,100,1,42,9,0,95,100,802,detection,
802227,20,23,773,790,-17,0,5,100,23,28,13,0,95,100,802,detection,
805095,16,24,951,951,0,0,0,70,0,33,5,0,94,100,805,detection,
805106,8,24,951,951,0,0,0,70,0,33,4,0,94,100,805,detection,
805181,4,24,951,951,0,0,0,70,0,33,0,0,94,100,805,detection,
805352,8,19,863,863,0,0,0,0,0,0,1,0,0,0,805,detection,
812699,17,21,1213,1213,0,0,0,0,0,0,2,0,0,0,812,detection,
814451,17,27,857,889,-32,0,12,46,8,16,1,0,0,0,814,detection,
818229,20,23,753,762,-9,0,2,100,1,28,13,0,95,100,818,detection,
818258,6,23,753,762,-9,0,2,100,1,14,9,0,95,100,818,detection,
818264,11,23,753,762,-9,0,2,100,1,28,12,0,95,100,818,detection,
818286,21,23,753,762,-9,0,2,100,1,14,15,0,95,100,818,detection,
818303,5,23,753,762,-9,0,2,100,1,28,14,0,95,100,818,detection,
818327,17,23,753,762,-9,0,3,100,1,33,8,0,95,100,818,detection,
823631,1,14,512,512,0,0,0,0,0,0,3,0,0,0,823,detection,
823723,3,14,512,512,0,0,0,0,0,0,1,0,0,0,823,detection,
823733,2,14,512,512,0,0,0,0,0,0,6,0,0,0,823,detection,
824181,4,24,931,931,0,0,0,70,0,33,0,0,94,100,824,detection,
824224,16,24,931,931,0,0,0,70,0,33,5,0,94,100,824,detection,
824231,8,24,931,931,0,0,0,70,0,33,0,0,94,100,824,detection,
824231,13,24,931,931,0,0,0,70,0,33,0,0,94,100,824,detection,
830982,7,15,989,989,0,0,0,0,0,0,8,0,0,0,830,detection,
831016,19,15,989,989,0,0,0,0,0,0,15,0,0,0,831,detection,
831017,11,15,989,989,0,0,0,0,0,0,11,0,0,0,831,detection,
831032,21,15,989,989,0,0,0,0,0,0,8,0,0,0,831,detection,
831051,5,15,989,989,0,0,0,0,0,0,6,0,0,0,831,detection,
831065,12,15,989,989,0,0,0,0,0,0,11,0,0,0,831,detection,
831075,17,15,989,989,0,0,0,0,0,0,13,0,0,0,831,detection,
831360,7,26,1584,1625,-41,0,14,63,5,16,7,0,91,100,831,detection,
834759,18,7,1330,1330,0,0,0,0,0,0,10,0,0,0,834,detection,
834843,15,7,1330,1330,0,0,0,0,0,0,7,0,0,0,834,detection,
834852,13,7,1330,1330,0,0,0,0,0,0,4,0,0,0,834,detection,
834881,9,7,1330,1330,0,0,0,0,0,0,10,0,0,0,834,detection,
836335,1,22,512,512,0,0,0,0,0,0,0,0,0,0,836,detection,
836853,13,5,1092,1092,0,0,0,0,0,0,4,0,0,0,836,detection,
838847,15,28,946,1009,-63,0,21,100,16,16,7,0,95,100,838,detection,
838856,13,28,946,1009,-63,0,22,100,16,16,4,0,95,100,838,detection,
838860,7,28,946,1009,-63,0,22,100,5,16,5,0,95,100,838,detection,
838881,9,28,946,1009,-63,0,22,100,16,16,5,0,95,100,838,detection,
840216,15,19,833,833,0,0,0,0,0,0,5,0,0,0,840,detection,
840228,13,19,833,833,0,0,0,0,0,0,1,0,0,0,840,detection,
840229,8,19,833,833,0,0,0,0,0,0,0,0,0,0,840,detection,
840256,9,19,833,833,0,0,0,0,0,0,1,0,0,0,840,detection,
840263,11,19,833,833,0,0,0,0,0,0,0,0,0,0,840,detection,
840302,5,19,833,833,0,0,0,0,0,0,4,0,0,0,840,detection,
840534,21,23,713,718,-5,0,1,100,0,0,10,0,95,100,840,detection,
840576,17,23,713,718,-5,0,1,100,0,14,9,0,95,100,840,detection,
840603,20,23,713,718,-5,0,1,100,0,14,13,0,95,100,840,detection,
840632,6,23,713,718,-5,0,1,100,0,0,9,0,95,100,840,detection,
840659,21,12,1420,1420,0,0,0,0,0,0,6,0,0,0,840,detection,
842449,17,12,1420,1420,0,0,0,0,0,0,9,0,0,0,842,detection,
842534,21,12,1420,1420,0,0,0,0,0,0,5,0,0,0,842,detection,
842724,3,14,512,512,0,0,0,0,0,0,1,0,0,0,842,detection,
843388,11,6,969,969,0,0,0,0,0,0,7,0,0,0,843,detection,
843515,19,5,1009,1009,0,0,0,0,0,0,7,0,0,0,843,detection,
843516,11,5,1009,1009,0,0,0,0,0,0,9,0,0,0,843,detection,
846178,5,15,989,989,0,0,0,0,0,0,7,0,0,0,846,detection,
846188,12,15,989,989,0,0,0,0,0,0,12,0,0,0,846,detection,
846202,17,15,989,989,0,0,0,0,0,0,13,0,0,0,846,detection,
846233,7,15,989,989,0,0,0,0,0,0,8,0,0,0,846,detection,
846264,11,15,989,989,0,0,0,0,0,0,11,0,0,0,846,detection,
846283,21,15,989,989,0,0,0,0,0,0,8,0,0,0,846,detection,
848131,9,30,1496,1735,-239,0,83,100,4,16,6,32,83,55,848,detection,
848763,11,5,1009,1009,0,0,0,0,0,0,10,0,0,0,848,detection,
848845,15,5,1009,1009,0,0,0,0,0,0,8,0,0,0,848,detection,
848852,20,5,1009,1009,0,0,0,0,0,0,5,0,0,0,848,detection,
848852,13,5,1009,1009,0,0,0,0,0,0,9,0,0,0,848,detection,
850824,17,6,969,969,0,0,0,0,0,0,8,0,0,0,850,detection,
850850,20,6,969,969,0,0,0,0,0,0,0,0,0,0,850,detection,
850889,11,6,969,969,0,0,0,0,0,0,7,0,0,0,850,detection,
858109,7,30,1476,1715,-239,0,79,100,4,14,9,28,83,55,858,detection,
858134,9,30,1476,1715,-239,0,85,100,0,0,5,57,87,100,858,detection,
858140,18,30,1476,1715,-239,0,80,100,4,16,8,0,82,55,858,detection,
858641,19,9,1129,1129,0,0,0,0,0,0,2,0,0,0,858,detection,
858730,8,9,1129,1129,0,0,0,0,0,0,0,0,0,0,858,detection,
858730,13,9,1129,1129,0,0,0,0,0,0,4,0,0,0,858,detection,
858734,7,9,1129,1129,0,0,0,0,0,0,4,0,0,0,858,detection,
860514,11,22,512,512,0,0,0,0,0,0,0,0,0,0,860,detection,
862323,17,6,969,969,0,0,0,0,0,0,8,0,0,0,862,detection,
862354,20,6,969,969,0,0,0,0,0,0,0,0,0,0,862,detection,
862389,11,6,969,969,0,0,0,0,0,0,7,0,0,0,862,detection,
863131,6,20,827,827,0,0,0,0,0,0,6,0,0,0,863,detection,
863726,13,5,1009,1009,0,0,0,0,0,0,9,0,0,0,863,detection,
863765,19,5,1009,1009,0,0,0,0,0,0,8,0,0,0,863,detection,
871257,6,17,1025,1025,0,0,0,0,0,0,2,0,0,0,871,detection,
872313,12,21,1201,1201,0,0,0,0,0,0,5,0,0,0,872,detection,
875768,19,24,891,891,0,0,0,70,0,33,7,0,94,100,875,detection,
875804,4,24,891,891,0,0,0,70,0,33,0,0,94,100,875,detection,
875846,16,24,891,891,0,0,0,70,0,16,5,0,94,100,875,detection,
875853,13,24,891,891,0,0,0,70,0,33,0,0,94,100,875,detection,
875857,8,24,891,891,0,0,0,70,0,33,0,0,94,100,875,detection,
877230,13,8,964,964,0,0,0,0,0,0,1,0,0,0,877,detection,
881485,7,15,989,989,0,0,0,0,0,0,8,0,0,0,881,detection,
881535,21,15,989,989,0,0,0,0,0,0,8,0,0,0,881,detection,
881549,5,15,989,989,0,0,0,0,0,0,8,0,0,0,881,detection,
881564,12,15,989,989,0,0,0,0,0,0,12,0,0,0,881,detection,
881573,17,15,989,989,0,0,0,0,0,0,13,0,0,0,881,detection,
883604,8,16,1060,1060,0,0,0,0,0,0,3,0,0,0,883,detection,
886301,5,23,693,703,-10,0,3,95,0,28,15,0,95,100,886,detection,
886325,17,23,693,703,-10,0,3,100,1,0,9,0,95,100,886,detection,
886385,6,23,693,703,-10,0,3,100,1,0,10,0,95,100,886,detection,
886391,11,23,693,703,-10,0,3,100,0,14,12,0,95,100,886,detection,
887979,8,29,352,352,0,0,0,0,0,0,2,0,0,0,887,detection,
888721,15,28,906,906,0,0,0,100,14,33,6,0,95,100,888,detection,
888735,7,28,906,906,0,0,0,100,13,28,10,0,95,100,888,detection,
888803,5,28,906,906,0,0,0,100,28,28,11,0,95,100,888,detection,
889105,8,31,568,681,-113,0,40,70,26,16,5,0,85,100,889,detection,
889603,20,6,949,949,0,0,0,0,0,0,0,0,0,0,889,detection,
889638,11,6,949,949,0,0,0,0,0,0,7,0,0,0,889,detection,
889700,17,6,949,949,0,0,0,0,0,0,8,0,0,0,889,detection,
892969,15,7,1274,1274,0,0,0,0,0,0,7,0,0,0,892,detection,
892978,13,7,1274,1274,0,0,0,0,0,0,4,0,0,0,892,detection,
893007,9,7,1274,1274,0,0,0,0,0,0,10,0,0,0,893,detection,
893009,18,7,1274,1274,0,0,0,0,0,0,10,0,0,0,893,detection,
894101,20,5,949,949,0,0,0,0,0,0,6,0,0,0,894,detection,
894102,13,5,949,949,0,0,0,0,0,0,10,0,0,0,894,detection,
894141,19,5,949,949,0,0,0,0,0,0,8,0,0,0,894,detection,
894141,11,5,949,949,0,0,0,0,0,0,10,0,0,0,894,detection,
895052,5,28,886,886,0,0,0,100,0,28,11,0,95,100,895,detection,
895094,15,28,886,886,0,0,0,100,0,33,6,0,95,100,895,detection,
896429,4,25,1382,1410,-28,0,10,71,6,50,4,1,94,100,896,detection,
896976,13,19,849,849,0,0,0,0,0,0,1,0,0,0,896,detection,
898893,19,9,1121,1121,0,0,0,0,0,0,2,0,0,0,898,detection,
902015,19,8,875,875,0,0,0,0,0,0,3,0,0,0,902,detection,
902098,16,8,875,875,0,0,0,0,0,0,2,0,0,0,902,detection,
902105,13,8,875,875,0,0,0,0,0,0,0,0,0,0,902,detection,
902111,2,8,875,875,0,0,0,0,0,0,1,0,0,0,902,detection,
902130,9,8,875,875,0,0,0,0,0,0,1,0,0,0,902,detection,
902911,14,2,778,778,0,0,0,0,0,0,8,0,0,0,902,detection,
904037,14,3,512,512,0,0,0,0,0,0,2,0,0,0,904,detection,
905253,9,13,833,833,0,0,0,0,0,0,2,0,0,0,905,detection,
905352,8,13,833,833,0,0,0,0,0,0,0,0,0,0,905,detection,
905357,7,13,833,833,0,0,0,0,0,0,4,0,0,0,905,detection,
911844,15,12,1410,1410,0,0,0,0,0,0,7,0,0,0,911,detection,
911857,13,28,866,891,-25,0,8,100,8,16,8,0,95,100,911,detection,
911862,7,28,866,891,-25,0,8,100,5,42,10,0,95,100,911,detection,
911883,9,28,866,891,-25,0,8,100,8,14,10,0,95,100,911,detection,
915265,19,15,1014,1014,0,0,0,0,0,0,15,0,0,0,915,detection,
915266,11,15,1014,1014,0,0,0,0,0,0,11,0,0,0,915,detection,
915285,21,15,1014,1014,0,0,0,0,0,0,8,0,0,0,915,detection,
915300,5,15,1014,1014,0,0,0,0,0,0,7,0,0,0,915,detection,
915314,12,15,1014,1014,0,0,0,0,0,0,7,0,0,0,915,detection,
915324,17,15,1014,1014,0,0,0,0,0,0,8,0,0,0,915,detection,
915359,7,15,1014,1014,0,0,0,0,0,0,8,0,0,0,915,detection,
916264,11,23,673,673,0,0,0,100,2,14,13,0,95,100,916,detection,
918692,10,26,1564,1589,-25,0,8,70,16,14,10,0,94,100,918,detection,
920193,10,18,1770,1770,0,0,0,0,0,0,1,0,0,0,920,detection,
922268,19,15,1011,1011,0,0,0,0,0,0,9,0,0,0,922,detection,
924670,22,20,773,773,0,0,0,0,0,0,3,0,0,0,924,detection,
924677,5,20,773,773,0,0,0,0,0,0,6,0,0,0,924,detection,
924757,6,20,773,773,0,0,0,0,0,0,6,0,0,0,924,detection,
924762,11,20,773,773,0,0,0,0,0,0,3,0,0,0,924,detection,
925638,11,6,949,949,0,0,0,0,0,0,7,0,0,0,925,detection,
927512,1,29,332,332,0,0,0,0,0,0,0,0,0,0,927,detection,
927517,19,29,332,332,0,0,0,0,0,0,4,0,0,0,927,detection,
927537,14,29,332,332,0,0,0,0,0,0,0,0,0,0,927,detection,
927602,13,29,332,332,0,0,0,0,0,0,1,0,0,0,927,detection,
927603,8,29,332,332,0,0,0,0,0,0,1,0,0,0,927,detection,
927609,2,29,332,332,0,0,0,0,0,0,0,0,0,0,927,detection,
927637,11,29,332,332,0,0,0,0,0,0,0,0,0,0,927,detection,
929382,9,4,1433,1433,0,0,0,0,0,0,1,0,0,0,929,detection,
929473,16,4,1433,1433,0,0,0,0,0,0,4,0,0,0,929,detection,
934221,15,28,846,861,-15,0,5,100,3,33,6,0,95,100,934,detection,
934230,13,28,846,861,-15,0,5,100,2,16,8,0,95,100,934,detection,
934235,7,28,846,861,-15,0,4,100,2,28,9,0,95,100,934,detection,
934256,9,28,846,861,-15,0,5,100,2,16,4,0,95,100,934,detection,
935286,21,27,837,880,-43,0,16,66,10,16,2,0,93,100,935,detection,
946915,14,31,548,612,-64,0,23,70,9,16,3,0,94,100,946,detection,
948358,7,18,1766,1766,0,0,0,0,0,0,1,0,0,0,948,detection,
948861,7,30,1456,1556,-100,0,33,100,30,14,9,88,99,100,948,detection,
952258,9,4,1420,1420,0,0,0,0,0,0,1,0,0,0,952,detection,
956597,15,17,1047,1047,0,0,0,0,0,0,2,0,0,0,956,detection,
958594,15,5,949,949,0,0,0,0,0,0,8,0,0,0,958,detection,
958600,20,5,949,949,0,0,0,0,0,0,6,0,0,0,958,detection,
958601,13,5,949,949,0,0,0,0,0,0,10,0,0,0,958,detection,
958640,19,5,949,949,0,0,0,0,0,0,8,0,0,0,958,detection,
958640,11,5,949,949,0,0,0,0,0,0,11,0,0,0,958,detection,
959323,17,6,949,949,0,0,0,0,0,0,8,0,0,0,959,detection,
959354,20,6,949,949,0,0,0,0,0,0,0,0,0,0,959,detection,
959389,11,6,949,949,0,0,0,0,0,0,7,0,0,0,959,detection,
968385,18,7,1258,1258,0,0,0,0,0,0,4,0,0,0,968,detection,
971135,9,30,1436,1536,-100,0,36,100,33,0,4,80,99,100,971,detection,
971137,18,30,1436,1536,-100,0,33,100,31,0,8,0,95,100,971,detection,
971233,7,30,1436,1536,-100,0,33,100,0,0,8,80,99,100,971,detection,
974387,11,22,512,512,0,0,0,0,0,0,0,0,0,0,974,detection,
983282,21,15,1029,1029,0,0,0,0,0,0,8,0,0,0,983,detection,
984428,5,23,653,677,-24,0,7,97,2,14,15,0,95,100,984,detection,
984478,20,23,653,677,-24,0,7,100,4,14,9,0,95,100,984,detection,
984508,6,23,653,677,-24,0,7,100,3,0,10,0,95,100,984,detection,
984534,21,23,653,677,-24,0,7,100,4,0,10,0,95,100,984,detection,
988785,21,17,1020,1020,0,0,0,0,0,0,2,0,0,0,988,detection,
988813,12,17,1020,1020,0,0,0,0,0,0,0,0,0,0,988,detection,
988846,15,17,1020,1020,0,0,0,0,0,0,2,0,0,0,988,detection,
988882,6,17,1020,1020,0,0,0,0,0,0,2,0,0,0,988,detection,
991911,14,3,512,512,0,0,0,0,0,0,1,0,0,0,991,detection,
993385,6,27,817,838,-21,0,8,28,5,0,1,44,44,40,993,detection,
993453,17,27,817,838,-21,0,8,28,2,16,0,0,0,0,993,detection,
994201,17,6,931,931,0,0,0,0,0,0,3,0,0,0,994,detection,
996756,9,8,962,962,0,0,0,0,0,0,1,0,0,0,996,detection,
999602,20,23,633,686,-53,0,17,100,6,0,8,0,95,100,999,detection,
1008017,19,11,804,804,0,0,0,0,0,0,3,0,0,0,1008,detection,
1011487,7,28,826,881,-55,0,19,100,9,33,4,0,95,100,1011,detection,
1011507,9,28,826,881,-55,0,19,100,9,0,4,0,95,100,1011,detection,
1011555,5,28,826,881,-55,0,17,100,11,42,11,0,95,100,1011,detection,
1013973,3,14,512,512,0,0,0,0,0,0,1,0,0,0,1013,detection,
1017347,15,26,1544,1601,-57,0,19,70,0,16,8,0,94,100,1017,detection,
1023356,8,2,816,816,0,0,0,0,0,0,1,0,0,0,1023,detection,
1023432,4,24,851,851,0,0,0,64,0,16,0,0,92,100,1023,detection,
1023474,16,24,851,851,0,0,0,70,0,16,5,0,94,100,1023,detection,
1029220,15,28,806,841,-35,0,12,100,4,33,6,0,95,100,1029,detection,
1029262,18,10,1865,1865,0,0,0,0,0,0,0,0,0,0,1029,detection,
1032677,5,29,312,312,0,0,0,0,0,0,3,0,0,0,1032,detection,
1036472,15,5,337,337,0,90,0,0,0,0,19,0,97,100,1036,detection,
1036478,20,5,337,337,0,90,0,0,0,0,16,0,97,100,1036,detection,
1036479,13,5,337,337,0,90,0,0,0,0,19,10,97,100,1036,detection,
1036514,11,5,337,337,0,90,0,0,0,0,20,10,97,100,1036,detection,
1036517,19,5,337,337,0,90,0,0,0,0,18,10,97,100,1036,detection,
1039325,17,23,613,677,-64,0,20,100,11,0,12,0,95,100,1039,detection,
1039355,20,23,613,677,-64,0,19,100,2,0,13,0,95,100,1039,detection,
1039390,11,23,613,677,-64,0,18,100,12,25,18,0,95,100,1039,detection,
1039410,21,23,613,677,-64,0,19,100,8,0,13,0,95,100,1039,detection,
1039701,17,21,1129,1129,0,0,0,0,0,0,2,0,0,0,1039,detection,
1040303,5,28,786,811,-25,0,8,100,6,42,11,0,95,100,1040,detection,
1040358,7,28,786,811,-25,0,8,100,6,33,8,0,95,100,1040,detection,
1040489,1,11,618,618,0,0,0,0,0,0,3,0,0,0,1040,detection,
1040506,6,11,618,618,0,0,0,0,0,0,6,0,0,0,1040,detection,
1040517,19,11,618,618,0,0,0,0,0,0,7,0,0,0,1040,detection,
1040548,22,11,618,618,0,0,0,0,0,0,3,0,0,0,1040,detection,
1040601,20,11,618,618,0,0,0,0,0,0,4,0,0,0,1040,detection,
1040882,6,20,612,612,0,0,0,0,0,0,10,0,0,0,1040,detection,
1040888,11,20,612,612,0,0,0,0,0,0,3,0,0,0,1040,detection,
1040919,22,20,612,612,0,0,0,0,0,0,3,0,0,0,1040,detection,
1040926,5,20,612,612,0,0,0,0,0,0,11,0,0,0,1040,detection,
1042138,11,22,512,512,0,0,0,0,0,0,1,0,0,0,1042,detection,
1043970,16,8,930,930,0,0,0,0,0,0,9,0,0,0,1043,detection,
1043977,13,8,930,930,0,0,0,0,0,0,8,6,0,0,1043,detection,
1043983,2,8,930,930,0,0,0,0,0,0,9,6,0,0,1043,detection,
1044002,9,8,930,930,0,0,0,0,0,0,8,0,0,0,1044,detection,
1044016,19,8,930,930,0,0,0,0,0,0,9,6,0,0,1044,detection,
1045015,19,5,455,455,0,44,0,0,0,0,13,20,0,0,1045,detection,
1045016,11,5,455,455,0,44,0,0,0,0,23,20,0,0,1045,detection,
1045093,15,5,455,455,0,44,0,0,0,0,20,0,0,0,1045,detection,
1045630,6,20,654,654,0,0,0,0,0,0,9,0,0,0,1045,detection,
1045671,22,20,654,654,0,0,0,0,0,0,2,0,0,0,1045,detection,
1045675,5,20,654,654,0,0,0,0,0,0,11,0,0,0,1045,detection,
1045783,21,17,932,932,0,0,0,0,0,0,2,0,0,0,1045,detection,
1048344,15,28,766,781,-15,0,4,100,4,28,10,0,95,100,1048,detection,
1048352,13,28,766,781,-15,0,5,100,0,0,8,0,95,100,1048,detection,
1048575,17,23,593,633,-40,0,12,100,5,0,12,0,95,100,1048,detection,
1048605,20,23,593,633,-40,0,12,100,4,0,13,0,95,100,1048,detection,
1048660,21,23,593,633,-40,0,12,100,4,0,13,0,95,100,1048,detection,
1048778,1,11,733,733,0,0,0,0,0,0,0,0,0,0,1048,detection,
1048794,22,11,733,733,0,0,0,0,0,0,3,0,0,0,1048,detection,
1048803,5,11,733,733,0,0,0,0,0,0,7,0,0,0,1048,detection,
1048844,15,11,733,733,0,0,0,0,0,0,8,0,0,0,1048,detection,
1048851,20,11,733,733,0,0,0,0,0,0,0,0,0,0,1048,detection,
1048881,6,11,733,733,0,0,0,0,0,0,6,0,0,0,1048,detection,
1048891,19,11,733,733,0,0,0,0,0,0,7,0,0,0,1048,detection,
1052471,16,8,933,933,0,0,0,0,0,0,11,0,0,0,1052,detection,
1052478,13,8,933,933,0,0,0,0,0,0,9,12,0,0,1052,detection,
1052485,2,8,933,933,0,0,0,0,0,0,9,12,0,0,1052,detection,
1052503,9,8,933,933,0,0,0,0,0,0,9,0,0,0,1052,detection,
1052517,19,8,933,933,0,0,0,0,0,0,10,12,0,0,1052,detection,
1053306,4,9,1117,1117,0,0,0,0,0,0,7,0,0,0,1053,detection,
1053355,8,9,1117,1117,0,0,0,0,0,0,2,0,0,0,1053,detection,
1053359,13,9,1117,1117,0,0,0,0,0,0,4,0,0,0,1053,detection,
1053359,7,9,1117,1117,0,0,0,0,0,0,4,0,0,0,1053,detection,
1053390,19,9,1117,1117,0,0,0,0,0,0,2,0,0,0,1053,detection,
1056107,7,13,704,704,0,0,0,0,0,0,4,0,0,0,1056,detection,
1056538,14,31,488,593,-105,0,38,100,9,16,4,0,95,100,1056,detection,
1056599,16,31,488,593,-105,0,34,70,23,14,9,0,90,100,1056,detection,
1056605,8,31,488,593,-105,0,33,70,1,0,11,0,94,100,1056,detection,
1056611,2,31,488,593,-105,0,38,82,20,16,4,0,94,100,1056,detection,
1057505,1,11,730,730,0,0,0,0,0,0,0,0,0,0,1057,detection,
1057515,19,11,730,730,0,0,0,0,0,0,1,0,0,0,1057,detection,
1057546,22,11,730,730,0,0,0,0,0,0,3,0,0,0,1057,detection,
1057551,5,11,730,730,0,0,0,0,0,0,2,0,0,0,1057,detection,
1057591,15,11,730,730,0,0,0,0,0,0,3,0,0,0,1057,detection,
1058969,15,5,558,558,0,3,0,0,0,0,19,0,0,0,1058,detection,
1058977,20,5,558,558,0,3,0,0,0,0,17,0,0,0,1058,detection,
1058977,13,5,558,558,0,3,0,0,0,0,19,20,0,0,1058,detection,
1059012,11,5,558,558,0,3,0,0,0,0,17,20,0,0,1059,detection,
1059015,19,5,558,558,0,3,0,0,0,0,13,20,0,0,1059,detection,
1061440,12,15,871,871,0,0,0,0,0,0,7,0,0,0,1061,detection,
1062515,11,20,862,862,0,0,0,0,0,0,2,0,0,0,1062,detection,
1062546,22,20,862,862,0,0,0,0,0,0,2,0,0,0,1062,detection,
1063326,17,23,573,598,-25,0,7,100,3,0,12,0,95,100,1063,detection,
1063352,20,23,573,598,-25,0,7,100,3,0,13,22,97,100,1063,detection,
1063382,6,23,573,598,-25,0,7,100,0,0,13,0,95,100,1063,detection,
1063392,11,23,573,598,-25,0,7,100,8,28,12,22,97,100,1063,detection,
1063407,21,23,573,598,-25,0,7,100,3,0,13,0,95,100,1063,detection,
1063425,5,23,573,598,-25,0,7,35,0,0,14,0,0,0,1063,detection,
1064515,19,8,898,898,0,0,0,0,0,0,10,12,0,0,1064,detection,
1064598,16,8,898,898,0,0,0,0,0,0,11,0,0,0,1064,detection,
1064601,13,8,898,898,0,0,0,0,0,0,9,12,0,0,1064,detection,
1064805,5,28,746,754,-8,0,2,100,3,42,11,0,95,100,1064,detection,
1064847,15,28,746,754,-8,0,2,100,1,28,9,0,95,100,1064,detection,
1064855,13,28,746,754,-8,0,2,100,1,0,8,0,95,100,1064,detection,
1064860,7,28,746,754,-8,0,2,100,3,33,8,0,95,100,1064,detection,
1064881,9,28,746,754,-8,0,2,100,10,0,8,0,95,100,1064,detection,
1065261,18,10,1865,1865,0,0,0,0,0,0,0,0,0,0,1065,detection,
1065409,21,27,797,868,-71,0,27,70,7,16,1,0,94,100,1065,detection,
1065452,17,27,797,868,-71,0,25,70,12,16,4,0,94,100,1065,detection,
1065478,20,27,797,868,-71,0,25,70,16,16,5,0,94,100,1065,detection,
1065507,6,27,797,868,-71,0,25,70,12,0,4,0,94,100,1065,detection,
1065847,16,31,468,569,-101,0,36,100,0,16,4,0,95,100,1065,detection,
1065858,8,31,468,569,-101,0,35,100,0,0,5,0,95,100,1065,detection,
1065860,2,31,468,569,-101,0,36,100,0,16,4,0,95,100,1065,detection,
1065915,14,31,468,569,-101,0,36,100,0,16,4,0,95,100,1065,detection,
1069691,10,18,1746,1746,0,0,0,0,0,0,1,0,0,0,1069,detection,
1073202,17,27,777,840,-63,0,22,70,1,16,4,0,94,100,1073,detection,
1073227,20,27,777,840,-63,0,22,70,1,16,5,0,94,100,1073,detection,
1075778,1,11,796,796,0,0,0,0,0,0,3,0,0,0,1075,detection,
1075794,22,11,796,796,0,0,0,0,0,0,3,0,0,0,1075,detection,
1075851,20,11,796,796,0,0,0,0,0,0,3,0,0,0,1075,detection,
1075881,6,11,796,796,0,0,0,0,0,0,10,0,0,0,1075,detection,
1075891,19,11,796,796,0,0,0,0,0,0,5,0,0,0,1075,detection,
1077232,7,15,846,846,0,0,0,0,0,0,8,0,0,0,1077,detection,
1077266,19,15,846,846,0,0,0,0,0,0,9,0,0,0,1077,detection,
1077267,11,15,846,846,0,0,0,0,0,0,14,0,0,0,1077,detection,
1077282,21,15,846,846,0,0,0,0,0,0,8,0,0,0,1077,detection,
1077301,5,15,846,846,0,0,0,0,0,0,9,0,0,0,1077,detection,
1077315,12,15,846,846,0,0,0,0,0,0,7,0,0,0,1077,detection,
1077325,17,15,846,846,0,0,0,0,0,0,8,0,0,0,1077,detection,
1079388,11,5,595,595,0,0,0,0,0,0,18,20,0,0,1079,detection,
1079470,15,5,595,595,0,0,0,0,0,0,13,0,0,0,1079,detection,
1079477,20,5,595,595,0,0,0,0,0,0,16,0,0,0,1079,detection,
1079477,13,5,595,595,0,0,0,0,0,0,14,20,0,0,1079,detection,
1081105,8,16,748,748,0,0,0,0,0,0,3,0,0,0,1081,detection,
1081180,4,16,748,748,0,0,0,0,0,0,3,0,0,0,1081,detection,
1081262,18,26,1524,1772,-248,0,74,100,47,14,15,0,82,55,1081,detection,
1081287,21,26,1524,1772,-248,0,72,100,28,25,17,0,82,55,1081,detection,
1081318,12,26,1524,1772,-248,0,75,100,30,14,14,0,82,75,1081,detection,
1081346,15,26,1524,1772,-248,0,77,100,39,14,13,0,82,75,1081,detection,
1081363,7,26,1524,1772,-248,0,79,100,44,14,11,0,82,75,1081,detection,
1082157,1,3,512,512,0,0,0,0,0,0,27,0,0,0,1082,detection,
1082161,14,3,512,512,0,0,0,0,0,0,1,0,0,0,1082,detection,
1082630,9,28,726,783,-57,0,19,100,11,0,8,0,95,100,1082,detection,
1082679,5,28,726,783,-57,0,18,100,10,28,10,0,95,100,1082,detection,
1082721,15,28,726,783,-57,0,18,100,10,28,9,0,95,100,1082,detection,
1082724,16,31,448,505,-57,0,20,100,10,16,4,0,95,100,1082,detection,
1082737,2,31,448,505,-57,0,20,100,10,16,4,0,95,100,1082,detection,
1082738,7,28,726,783,-57,0,19,100,11,33,7,0,95,100,1082,detection,
1082788,14,31,448,505,-57,0,20,100,10,16,4,0,95,100,1082,detection,
1083265,11,20,915,915,0,0,0,0,0,0,3,0,0,0,1083,detection,
1083296,22,20,915,915,0,0,0,0,0,0,2,0,0,0,1083,detection,
1083299,5,20,915,915,0,0,0,0,0,0,10,0,0,0,1083,detection,
1084051,1,11,793,793,0,0,0,0,0,0,3,0,0,0,1084,detection,
1084105,20,11,793,793,0,0,0,0,0,0,3,0,0,0,1084,detection,
1084133,6,11,793,793,0,0,0,0,0,0,10,0,0,0,1084,detection,
1084143,19,11,793,793,0,0,0,0,0,0,5,0,0,0,1084,detection,
1084170,22,11,793,793,0,0,0,0,0,0,3,0,0,0,1084,detection,
1089537,21,26,1504,1752,-248,0,78,100,0,14,12,0,82,55,1089,detection,
1089566,12,26,1504,1752,-248,0,75,100,0,14,14,0,82,75,1089,detection,
1089570,10,26,1504,1752,-248,0,75,100,45,14,14,0,82,75,1089,detection,
1089611,7,26,1504,1752,-248,0,78,100,0,0,12,0,82,75,1089,detection,
1089639,18,26,1504,1752,-248,0,74,100,0,0,15,0,82,55,1089,detection,
1089703,17,27,757,807,-50,0,18,86,3,16,3,0,95,100,1089,detection,
1089729,20,27,757,807,-50,0,19,91,3,16,0,0,95,100,1089,detection,
1089853,20,6,842,842,0,0,0,0,0,0,1,0,0,0,1089,detection,
1089888,11,6,842,842,0,0,0,0,0,0,4,0,0,0,1089,detection,
1089951,17,6,842,842,0,0,0,0,0,0,3,0,0,0,1089,detection,
1090094,15,11,793,793,0,0,0,0,0,0,7,0,0,0,1090,detection,
1090617,7,25,1342,1361,-19,0,7,70,0,33,3,0,94,100,1090,detection,
1090680,4,25,1342,1361,-19,0,6,73,2,50,4,0,94,100,1090,detection,
1091357,7,9,1111,1111,0,0,0,0,0,0,4,0,0,0,1091,detection,
1091510,6,23,553,555,-2,0,0,100,4,0,13,0,95,100,1091,detection,
1091515,11,23,553,555,-2,0,0,100,4,28,14,66,98,100,1091,detection,
1091553,5,23,553,555,-2,0,0,29,4,0,14,0,0,0,1091,detection,
1091578,17,23,553,555,-2,0,0,100,4,0,12,0,95,100,1091,detection,
1095348,16,8,885,885,0,0,0,0,0,0,5,0,0,0,1095,detection,
1095351,13,8,885,885,0,0,0,0,0,0,5,12,0,0,1095,detection,
1097184,1,11,793,793,0,0,0,0,0,0,3,0,0,0,1097,detection,
1097265,19,11,793,793,0,0,0,0,0,0,5,0,0,0,1097,detection,
1097296,22,11,793,793,0,0,0,0,0,0,3,0,0,0,1097,detection,
1098388,11,5,573,573,0,0,0,0,0,0,17,20,0,0,1098,detection,
1099012,18,26,1484,1732,-248,0,74,100,0,0,15,0,82,55,1099,detection,
1099096,15,26,1484,1732,-248,0,77,100,0,0,13,0,82,75,1099,detection,
1099113,7,26,1484,1732,-248,0,78,100,0,0,12,0,82,75,1099,detection,
1103352,20,22,512,512,0,0,0,0,0,0,1,0,0,0,1103,detection,
1103737,7,28,706,733,-27,0,8,100,6,14,11,0,95,100,1103,detection,
1103757,9,28,706,733,-27,0,8,100,6,0,12,0,95,100,1103,detection,
1103805,5,28,706,733,-27,0,8,100,6,28,14,0,95,100,1103,detection,
1103847,15,28,706,733,-27,0,8,100,6,14,13,0,95,100,1103,detection,
1103852,13,28,706,733,-27,0,8,100,3,0,12,0,95,100,1103,detection,
1104513,18,7,1083,1083,0,0,0,0,0,0,4,0,0,0,1104,detection,
1105079,17,27,737,1056,-319,0,100,100,60,16,8,0,82,75,1105,detection,
1107263,11,20,896,896,0,0,0,0,0,0,3,0,0,0,1107,detection,
1108190,12,21,1152,1152,0,0,0,0,0,0,5,0,0,0,1108,detection,
1109470,15,28,686,804,-118,0,39,100,20,16,8,0,95,100,1109,detection,
1109488,7,28,686,804,-118,0,37,100,19,0,12,0,95,100,1109,detection,
1109505,9,28,686,804,-118,0,37,100,19,0,12,0,95,100,1109,detection,
1109552,5,28,686,804,-118,0,36,100,18,14,14,0,95,100,1109,detection,
1113051,4,9,961,961,0,0,0,0,0,0,10,0,0,0,1113,detection,
1113105,8,9,961,961,0,0,0,0,0,0,5,0,0,0,1113,detection,
1113165,14,31,428,563,-135,0,48,100,18,16,4,0,95,100,1113,detection,
1113225,16,31,428,563,-135,0,48,100,18,16,4,0,95,100,1113,detection,
1113231,8,31,428,563,-135,0,47,100,7,0,6,0,95,100,1113,detection,
1113238,2,31,428,563,-135,0,48,100,18,16,4,0,95,100,1113,detection,
1115383,9,28,666,813,-147,0,45,100,6,0,13,0,95,100,1115,detection,
1116579,17,27,717,1036,-319,0,100,100,0,14,9,0,82,75,1116,detection,
1116605,20,27,717,1036,-319,0,100,100,64,16,4,0,82,75,1116,detection,
1116634,6,27,717,1036,-319,0,100,100,53,0,10,0,82,75,1116,detection,
1116660,21,27,717,1036,-319,0,100,100,57,16,6,0,82,75,1116,detection,
1118015,18,26,1464,1712,-248,0,79,100,0,0,11,0,82,55,1118,detection,
1121053,4,9,984,984,0,0,0,0,0,0,5,0,0,0,1121,detection,
1121103,8,9,984,984,0,0,0,0,0,0,5,0,0,0,1121,detection,
1124325,1,11,790,790,0,0,0,0,0,0,3,0,0,0,1124,detection,
1124343,15,11,790,790,0,0,0,0,0,0,7,0,0,0,1124,detection,
1124351,20,11,790,790,0,0,0,0,0,0,3,0,0,0,1124,detection,
1124381,6,11,790,790,0,0,0,0,0,0,10,0,0,0,1124,detection,
1124391,19,11,790,790,0,0,0,0,0,0,5,0,0,0,1124,detection,
1124422,22,11,790,790,0,0,0,0,0,0,3,0,0,0,1124,detection,
1124426,5,11,790,790,0,0,0,0,0,0,6,0,0,0,1124,detection,
1124980,13,28,646,752,-106,0,33,100,16,0,12,0,95,100,1124,detection,
1124985,7,28,646,752,-106,0,33,100,2,0,11,0,95,100,1124,detection,
1127359,7,15,1045,1045,0,0,0,0,0,0,8,0,0,0,1127,detection,
1127486,7,26,1444,1897,-453,0,100,100,41,0,15,0,82,75,1127,detection,
1127513,18,26,1444,1897,-453,0,100,100,43,0,12,0,82,55,1127,detection,
1127536,21,26,1444,1897,-453,0,100,100,41,0,15,0,82,55,1127,detection,
1127565,12,26,1444,1897,-453,0,100,100,42,0,13,0,82,75,1127,detection,
1127568,10,26,1444,1897,-453,0,100,100,39,0,17,0,82,75,1127,detection,
1127610,2,29,292,292,0,0,0,0,0,0,0,0,0,0,1127,detection,
1128725,13,5,695,695,0,0,0,0,0,0,13,20,0,0,1128,detection,
1128764,19,5,695,695,0,0,0,0,0,0,11,20,0,0,1128,detection,
1130882,6,20,790,790,0,0,0,0,0,0,13,0,0,0,1130,detection,
1130919,22,20,790,790,0,0,0,0,0,0,5,0,0,0,1130,detection,
1137429,4,9,977,977,0,0,0,0,0,0,5,0,0,0,1137,detection,
1137479,8,9,977,977,0,0,0,0,0,0,5,0,0,0,1137,detection,
1137483,7,9,977,977,0,0,0,0,0,0,7,0,0,0,1137,detection,
1137506,6,20,790,790,0,0,0,0,0,0,13,0,0,0,1137,detection,
1137512,11,20,790,790,0,0,0,0,0,0,6,0,0,0,1137,detection,
1137547,22,20,790,790,0,0,0,0,0,0,5,0,0,0,1137,detection,
1139941,10,18,1740,1740,0,0,0,0,0,0,1,0,0,0,1139,detection,
1142471,15,19,727,727,0,0,0,0,0,0,5,0,0,0,1142,detection,
1148264,18,30,1396,1466,-70,0,23,100,6,0,8,0,95,100,1148,detection,
1152546,22,20,787,787,0,0,0,0,0,0,5,0,0,0,1152,detection,
1152549,5,20,787,787,0,0,0,0,0,0,14,0,0,0,1152,detection,
1152633,6,20,787,787,0,0,0,0,0,0,12,0,0,0,1152,detection,
1152638,11,20,787,787,0,0,0,0,0,0,6,0,0,0,1152,detection,
1156805,5,28,626,706,-80,0,24,100,7,14,14,0,95,100,1156,detection,
1156855,13,28,626,706,-80,0,25,100,5,0,12,0,95,100,1156,detection,
1156860,7,28,626,706,-80,0,25,100,5,0,11,0,95,100,1156,detection,
1156881,9,28,626,706,-80,0,24,100,13,0,13,0,95,100,1156,detection,
1160407,21,23,533,613,-80,0,24,100,11,0,13,0,95,100,1160,detection,
1160430,5,23,533,613,-80,0,24,70,15,0,14,0,94,100,1160,detection,
1160476,20,23,533,613,-80,0,24,100,11,0,14,74,99,100,1160,detection,
1160509,6,23,533,613,-80,0,24,100,16,0,13,0,95,100,1160,detection,
1160515,11,23,533,613,-80,0,24,100,16,28,13,74,99,100,1160,detection,
1160856,8,16,693,693,0,0,0,0,0,0,3,0,0,0,1160,detection,
1161788,14,3,512,512,0,0,0,0,0,0,1,0,0,0,1161,detection,
1162134,6,11,785,785,0,0,0,0,0,0,10,0,0,0,1162,detection,
1165358,2,8,884,884,0,0,0,0,0,0,5,12,0,0,1165,detection,
1165381,9,8,884,884,0,0,0,0,0,0,10,0,0,0,1165,detection,
1165390,19,8,884,884,0,0,0,0,0,0,10,12,0,0,1165,detection,
1166732,13,24,831,890,-59,0,23,70,15,50,0,0,77,75,1166,detection,
1168850,20,6,859,859,0,0,0,0,0,0,2,0,0,0,1168,detection,
1169390,11,23,513,585,-72,0,22,100,1,28,13,82,99,100,1169,detection,
1169938,12,21,1060,1060,0,0,0,0,0,0,5,0,0,0,1169,detection,
1169948,17,21,1060,1060,0,0,0,0,0,0,1,0,0,0,1169,detection,
1170553,4,9,957,957,0,0,0,0,0,0,4,0,0,0,1170,detection,
1170602,8,9,957,957,0,0,0,0,0,0,5,0,0,0,1170,detection,
1170603,13,9,957,957,0,0,0,0,0,0,4,0,0,0,1170,detection,
1170641,19,9,957,957,0,0,0,0,0,0,6,0,0,0,1170,detection,
1172134,9,25,1322,1341,-19,0,6,84,0,50,5,0,95,100,1172,detection,
1180600,16,31,408,525,-117,0,42,100,4,16,4,0,95,100,1180,detection,
1180607,8,31,408,525,-117,0,40,100,4,0,6,0,95,100,1180,detection,
1180613,2,31,408,525,-117,0,42,100,4,0,4,0,95,100,1180,detection,
1180664,14,31,408,525,-117,0,42,100,4,0,4,0,95,100,1180,detection,
1184632,6,20,787,787,0,0,0,0,0,0,12,0,0,0,1184,detection,
1184638,11,20,787,787,0,0,0,0,0,0,6,0,0,0,1184,detection,
1184669,22,20,787,787,0,0,0,0,0,0,4,0,0,0,1184,detection,
1184677,5,20,787,787,0,0,0,0,0,0,14,0,0,0,1184,detection,
1186013,1,11,783,783,0,0,0,0,0,0,3,0,0,0,1186,detection,
1186048,22,11,783,783,0,0,0,0,0,0,3,0,0,0,1186,detection,
1186054,5,11,783,783,0,0,0,0,0,0,6,0,0,0,1186,detection,
1186095,15,11,783,783,0,0,0,0,0,0,7,0,0,0,1186,detection,
1186132,6,11,783,783,0,0,0,0,0,0,10,0,0,0,1186,detection,
1187702,17,27,697,922,-225,0,76,100,21,0,8,0,82,75,1187,detection,
1187727,20,27,697,922,-225,0,80,100,22,16,5,0,82,75,1187,detection,
1187787,21,27,697,922,-225,0,78,100,21,16,6,0,82,75,1187,detection,
1189283,21,12,1388,1388,0,0,0,0,0,0,5,0,0,0,1189,detection,
1190485,2,31,388,482,-94,0,36,100,5,0,0,0,95,100,1190,detection,
1193106,8,2,661,661,0,0,0,0,0,0,6,0,0,0,1193,detection,
1193162,14,2,661,661,0,0,0,0,0,0,12,0,0,0,1193,detection,
1194635,9,30,1376,1485,-109,0,38,100,2,0,5,100,99,100,1194,detection,
1200034,21,26,1424,1774,-350,0,100,100,20,0,14,0,82,55,1200,detection,
1200067,12,26,1424,1774,-350,0,100,100,21,0,12,0,82,75,1200,detection,
1200071,10,26,1424,1774,-350,0,100,100,20,0,14,0,82,75,1200,detection,
1200095,15,26,1424,1774,-350,0,100,100,22,0,9,0,82,75,1200,detection,
1200140,18,26,1424,1774,-350,0,100,100,21,0,12,0,82,55,1200,detection,
1202786,14,2,655,655,0,0,0,0,0,0,11,0,0,0,1202,detection,
1202853,8,2,655,655,0,0,0,0,0,0,6,0,0,0,1202,detection,
1203678,5,19,700,700,0,0,0,0,0,0,5,6,0,0,1203,detection,
1205229,8,2,653,653,0,0,0,0,0,0,1,0,0,0,1205,detection,
1207263,11,29,276,276,0,0,0,0,0,0,2,0,0,0,1207,detection,
1209178,4,9,967,967,0,0,0,0,0,0,4,0,0,0,1209,detection,
1211552,5,28,586,611,-25,0,7,100,11,0,14,14,95,100,1211,detection,
1211594,15,28,586,611,-25,0,8,100,20,0,8,0,95,100,1211,detection,
1211603,13,28,586,611,-25,0,7,100,11,0,12,0,95,100,1211,detection,
1211612,7,28,586,611,-25,0,8,100,12,0,8,0,95,100,1211,detection,
1211632,9,28,586,611,-25,0,8,100,12,0,8,0,95,100,1211,detection,
1213411,14,2,653,653,0,0,0,0,0,0,11,0,0,0,1213,detection,
1213478,8,2,653,653,0,0,0,0,0,0,1,0,0,0,1213,detection,
1214719,15,5,593,593,0,0,0,0,0,0,12,0,0,0,1214,detection,
1216074,17,15,905,905,0,0,0,0,0,0,7,0,0,0,1216,detection,
1221512,11,22,512,512,0,0,0,0,0,0,2,0,0,0,1221,detection,
1233978,8,9,910,910,0,0,0,0,0,0,5,0,0,0,1233,detection,
1233979,13,9,910,910,0,0,0,0,0,0,4,0,0,0,1233,detection,
1233982,7,9,910,910,0,0,0,0,0,0,7,0,0,0,1233,detection,
1234053,4,9,910,910,0,0,0,0,0,0,4,0,0,0,1234,detection,
1234861,7,18,1701,1701,0,0,0,0,0,0,0,0,0,0,1234,detection,
1236932,4,25,1302,1321,-19,0,6,75,0,33,4,0,94,100,1236,detection,
1239889,19,8,946,946,0,0,0,0,0,0,9,12,0,0,1239,detection,
1239972,16,8,946,946,0,0,0,0,0,0,5,0,0,0,1239,detection,
1239979,13,8,946,946,0,0,0,0,0,0,4,12,0,0,1239,detection,
1239986,2,8,946,946,0,0,0,0,0,0,7,12,0,0,1239,detection,
1240004,9,8,946,946,0,0,0,0,0,0,5,0,0,0,1240,detection,
1245227,20,27,677,858,-181,0,64,100,10,16,5,0,82,75,1245,detection,
1246005,6,20,783,783,0,0,0,0,0,0,7,0,0,0,1246,detection,
1246011,11,20,783,783,0,0,0,0,0,0,6,0,0,0,1246,detection,
1246047,22,20,783,783,0,0,0,0,0,0,1,0,0,0,1246,detection,
1246050,5,20,783,783,0,0,0,0,0,0,13,0,0,0,1246,detection,
1251856,8,2,652,652,0,0,0,0,0,0,1,0,0,0,1251,detection,
1251913,14,2,652,652,0,0,0,0,0,0,7,0,0,0,1251,detection,
1253450,17,6,839,839,0,0,0,0,0,0,3,0,0,0,1253,detection,
1260012,18,10,1780,1780,0,0,0,0,0,0,0,0,0,0,1260,detection,
1261727,20,6,839,839,0,0,0,0,0,0,2,0,0,0,1261,detection,
1261824,17,6,839,839,0,0,0,0,0,0,3,0,0,0,1261,detection,
1264382,6,27,657,802,-145,0,48,100,38,0,9,4,95,100,1264,detection,
1264451,17,27,657,802,-145,0,48,100,17,0,8,4,95,100,1264,detection,
1265639,19,8,946,946,0,0,0,0,0,0,9,12,0,0,1265,detection,
1267575,17,23,493,535,-42,0,14,100,8,0,8,0,95,100,1267,detection,
1267602,20,23,493,535,-42,0,12,100,7,0,14,89,99,100,1267,detection,
1267635,6,23,493,535,-42,0,13,100,7,0,13,0,95,100,1267,detection,
1267661,21,23,493,535,-42,0,13,100,7,0,13,0,95,100,1267,detection,
1270803,5,13,750,750,0,0,0,0,0,0,5,6,0,0,1270,detection,
1272849,16,31,368,455,-87,0,31,100,7,16,4,0,95,100,1272,detection,
1272855,8,31,368,455,-87,0,30,100,7,0,5,0,95,100,1272,detection,
1272861,2,31,368,455,-87,0,33,100,1,0,1,0,95,100,1272,detection,
1272912,14,31,368,455,-87,0,31,100,7,0,4,0,95,100,1272,detection,
1275856,8,31,348,435,-87,0,30,100,0,0,5,0,95,100,1275,detection,
1277181,4,24,811,864,-53,0,20,70,13,33,0,0,94,100,1277,detection,
1277223,16,24,811,864,-53,0,19,70,12,33,4,3,94,100,1277,detection,
1277230,8,24,811,864,-53,0,20,70,13,33,1,3,94,100,1277,detection,
1277230,13,24,811,864,-53,0,20,70,1,33,0,0,94,100,1277,detection,
1277269,19,24,811,864,-53,0,20,70,13,50,1,0,94,100,1277,detection,
1279766,19,5,644,644,0,0,0,0,0,0,10,20,0,0,1279,detection,
1279844,15,5,644,644,0,0,0,0,0,0,11,0,0,0,1279,detection,
1279851,20,5,644,644,0,0,0,0,0,0,17,0,0,0,1279,detection,
1279851,13,5,644,644,0,0,0,0,0,0,12,20,0,0,1279,detection,
1283096,1,11,799,799,0,0,0,0,0,0,3,0,0,0,1283,detection,
1283100,20,11,799,799,0,0,0,0,0,0,4,0,0,0,1283,detection,
1283130,6,11,799,799,0,0,0,0,0,0,4,0,0,0,1283,detection,
1283141,19,11,799,799,0,0,0,0,0,0,5,0,0,0,1283,detection,
1283171,22,11,799,799,0,0,0,0,0,0,3,0,0,0,1283,detection,
1283176,5,11,799,799,0,0,0,0,0,0,6,0,0,0,1283,detection,
1285479,13,7,997,997,0,0,0,0,0,0,4,0,0,0,1285,detection,
1285504,9,7,997,997,0,0,0,0,0,0,11,0,0,0,1285,detection,
1285510,18,7,997,997,0,0,0,0,0,0,4,0,0,0,1285,detection,
1288817,12,26,1404,1632,-228,0,71,100,25,0,12,0,82,75,1288,detection,
1293037,14,3,512,512,0,0,0,0,0,0,1,0,0,0,1293,detection,
1295512,18,26,1384,1589,-205,0,65,100,30,0,11,0,82,55,1295,detection,
1295534,21,26,1384,1589,-205,0,63,100,30,0,13,0,82,55,1295,detection,
1295571,10,26,1384,1589,-205,0,63,100,30,0,13,0,82,75,1295,detection,
1295595,15,26,1384,1589,-205,0,69,100,32,0,8,0,82,75,1295,detection,
1295612,7,26,1384,1589,-205,0,67,100,54,0,9,0,82,75,1295,detection,
1295854,8,29,276,276,0,0,0,0,0,0,2,0,0,0,1295,detection,
1298638,11,5,644,644,0,0,0,0,0,0,15,20,0,0,1298,detection,
1301016,11,23,473,478,-5,0,1,100,13,28,13,100,99,100,1301,detection,
1311357,8,2,630,630,0,0,0,0,0,0,1,0,0,0,1311,detection,
1311414,14,2,630,630,0,0,0,0,0,0,6,0,0,0,1311,detection,
1317973,3,14,512,512,0,0,0,0,0,0,1,0,0,0,1317,detection,
1320145,19,24,791,838,-47,0,18,70,1,50,1,0,94,100,1320,detection,
1323226,8,16,633,633,0,0,0,0,0,0,3,0,0,0,1323,detection,
1328132,6,27,637,742,-105,0,35,100,8,0,8,0,95,100,1328,detection,
1330656,21,17,806,806,0,0,0,0,0,0,2,0,0,0,1330,detection,
1334927,5,15,849,849,0,0,0,0,0,0,8,0,0,0,1334,detection,
1334937,12,15,849,849,0,0,0,0,0,0,6,0,0,0,1334,detection,
1334951,17,15,849,849,0,0,0,0,0,0,7,0,0,0,1334,detection,
1334982,7,15,849,849,0,0,0,0,0,0,8,0,0,0,1334,detection,
1335016,19,15,849,849,0,0,0,0,0,0,9,0,0,0,1335,detection,
1335017,11,15,849,849,0,0,0,0,0,0,13,0,0,0,1335,detection,
1335032,21,15,849,849,0,0,0,0,0,0,7,0,0,0,1335,detection,
1337235,7,25,1282,1299,-17,0,6,70,0,16,2,0,94,100,1337,detection,
1342283,21,15,832,832,0,0,0,0,0,0,7,0,0,0,1342,detection,
1349786,21,26,1364,1520,-156,0,49,100,10,0,12,25,97,100,1349,detection,
1356356,13,28,566,570,-4,0,1,100,4,0,12,0,95,100,1356,detection,
1356361,7,28,566,570,-4,0,1,100,4,0,7,0,95,100,1356,detection,
1356382,9,28,566,570,-4,0,1,100,4,0,8,0,95,100,1356,detection,
1356430,5,28,566,570,-4,0,1,100,4,0,14,0,95,100,1356,detection,
1358693,10,30,1356,1464,-108,0,35,100,54,14,9,0,95,100,1358,detection,
1360143,19,9,865,865,0,0,0,0,0,0,6,0,0,0,1360,detection,
1360178,4,9,865,865,0,0,0,0,0,0,4,0,0,0,1360,detection,
1360228,8,9,865,865,0,0,0,0,0,0,5,0,0,0,1360,detection,
1360228,13,9,865,865,0,0,0,0,0,0,4,0,0,0,1360,detection,
1360232,7,9,865,865,0,0,0,0,0,0,7,0,0,0,1360,detection,
1362912,14,3,512,512,0,0,0,0,0,0,1,0,0,0,1362,detection,
1370769,19,11,784,784,0,0,0,0,0,0,5,0,0,0,1370,detection,
1376730,13,8,841,841,0,0,0,0,0,0,4,34,4,0,1376,detection,
1379729,13,28,546,564,-18,0,5,100,2,0,11,0,95,100,1379,detection,
1385286,14,2,654,654,0,0,0,0,0,0,6,0,0,0,1385,detection,
1385353,8,2,654,654,0,0,0,0,0,0,1,0,0,0,1385,detection,
1388483,8,24,771,818,-47,0,18,70,1,33,1,0,94,100,1388,detection,
1394389,11,20,793,793,0,0,0,0,0,0,0,0,0,0,1394,detection,
1400511,18,10,1694,1694,0,0,0,0,0,0,0,0,0,0,1400,detection,
1400888,11,22,512,512,0,0,0,0,0,0,2,0,0,0,1400,detection,
1401345,15,12,1340,1340,0,0,0,0,0,0,6,0,0,0,1401,detection,
1402736,2,29,276,276,0,0,0,0,0,0,1,0,0,0,1402,detection,
1403850,13,19,696,696,0,0,0,0,0,0,0,6,0,0,1403,detection,
1412131,6,23,453,453,0,0,0,100,9,16,8,0,95,100,1412,detection,
1413453,17,27,617,701,-84,0,30,100,14,0,4,1,95,100,1413,detection,
1415109,2,14,512,512,0,0,0,0,0,0,6,0,0,0,1415,detection,
1415165,14,31,328,445,-117,0,42,100,7,0,4,0,95,100,1415,detection,
1418388,18,26,1344,1457,-113,0,36,100,19,0,11,0,95,100,1418,detection,
1429411,14,2,651,651,0,0,0,0,0,0,5,0,0,0,1429,detection,
1432132,9,13,728,728,0,0,0,0,0,0,2,0,0,0,1432,detection,
1447663,14,31,308,383,-75,0,27,100,10,0,4,0,95,100,1447,detection,
1447723,16,31,308,383,-75,0,27,100,2,16,4,0,95,100,1447,detection,
1447730,8,31,308,383,-75,0,26,100,2,0,5,0,95,100,1447,detection,
1447736,2,31,308,383,-75,0,28,100,3,0,2,0,95,100,1447,detection,
1450854,13,7,933,933,0,0,0,0,0,0,4,0,0,0,1450,detection,
1452318,10,18,1735,1735,0,0,0,0,0,0,1,0,0,0,1452,detection,
1456129,9,8,734,734,0,0,0,0,0,0,4,0,0,0,1456,detection,
1458505,9,4,1048,1048,0,0,0,0,0,0,2,0,0,0,1458,detection,
1461758,6,17,834,834,0,0,0,0,0,0,2,0,0,0,1461,detection,
1474038,14,29,276,276,0,0,0,0,0,0,0,0,0,0,1474,detection,
1491111,7,26,1324,1414,-90,0,30,100,25,0,8,17,95,100,1491,detection,
1493265,19,5,586,586,0,0,0,0,0,0,9,20,0,0,1493,detection,
1493265,11,5,586,586,0,0,0,0,0,0,15,20,0,0,1493,detection,
1493343,15,5,586,586,0,0,0,0,0,0,11,0,0,0,1493,detection,
1497979,8,2,580,580,0,0,0,0,0,0,1,0,0,0,1497,detection,
1501383,9,25,1242,1255,-13,0,4,83,1,50,5,0,95,100,1501,detection,
1504201,17,27,597,682,-85,0,31,100,0,0,3,9,95,100,1504,detection,
1504231,20,27,597,682,-85,0,30,100,23,16,4,4,95,100,1504,detection,
1504256,6,27,597,682,-85,0,29,100,4,0,7,4,95,100,1504,detection,
1504286,21,27,597,682,-85,0,30,100,33,16,5,4,95,100,1504,detection,
1510641,19,9,838,838,0,0,0,0,0,0,6,0,0,0,1510,detection,
1510721,15,28,506,522,-16,0,5,100,2,0,7,0,95,100,1510,detection,
1514035,21,23,433,439,-6,0,1,100,7,0,13,0,95,100,1514,detection,
1516537,14,3,512,512,0,0,0,0,0,0,0,0,0,0,1516,detection,
1522006,9,7,936,936,0,0,0,0,0,0,11,0,0,0,1522,detection,
1522406,21,23,413,417,-4,0,1,100,0,0,8,0,95,100,1522,detection,
1522429,5,23,413,417,-4,0,1,70,15,0,14,0,94,100,1522,detection,
1522509,6,23,413,417,-4,0,1,100,0,33,8,0,95,100,1522,detection,
1522515,11,23,413,417,-4,0,1,100,0,14,13,100,99,100,1522,detection,
1524603,8,31,288,309,-21,0,7,100,12,0,5,0,95,100,1524,detection,
1525975,20,5,590,590,0,0,0,0,0,0,11,0,0,0,1525,detection,
1528978,20,27,577,671,-94,0,34,100,2,0,4,17,95,100,1528,detection,
1531593,15,19,651,651,0,0,0,0,0,0,5,0,0,0,1531,detection,
1532468,15,11,775,775,0,0,0,0,0,0,7,0,0,0,1532,detection,
1534607,2,8,902,902,0,0,0,0,0,0,7,34,4,0,1534,detection,
1534629,9,8,902,902,0,0,0,0,0,0,4,0,0,0,1534,detection,
1534643,19,8,902,902,0,0,0,0,0,0,9,34,4,0,1534,detection,
1534721,16,8,902,902,0,0,0,0,0,0,5,0,0,0,1534,detection,
1534728,13,8,902,902,0,0,0,0,0,0,4,34,4,0,1534,detection,
1536604,8,16,629,629,0,0,0,0,0,0,3,0,0,0,1536,detection,
1538346,15,17,803,803,0,0,0,0,0,0,2,0,0,0,1538,detection,
1544036,1,11,774,774,0,0,0,0,0,0,0,0,0,0,1544,detection,
1544047,22,11,774,774,0,0,0,0,0,0,3,0,0,0,1544,detection,
1544052,5,11,774,774,0,0,0,0,0,0,6,0,0,0,1544,detection,
1544093,15,11,774,774,0,0,0,0,0,0,7,0,0,0,1544,detection,
1544100,20,11,774,774,0,0,0,0,0,0,4,0,0,0,1544,detection,
1544141,19,11,774,774,0,0,0,0,0,0,5,0,0,0,1544,detection,
1545536,21,12,1329,1329,0,0,0,0,0,0,4,0,0,0,1545,detection,
1546257,6,20,934,934,0,0,0,0,0,0,8,0,0,0,1546,detection,
1546259,9,30,1316,1456,-140,0,49,100,7,0,5,100,99,100,1546,detection,
1546389,11,29,276,289,-13,0,4,14,3,16,2,0,0,0,1546,detection,
1548510,18,30,1296,1436,-140,0,50,100,16,0,4,0,95,100,1548,detection,
1548569,10,30,1296,1436,-140,0,46,100,7,0,9,0,95,100,1548,detection,
1548611,7,30,1296,1436,-140,0,47,100,8,0,8,100,99,100,1548,detection,
1548632,9,30,1296,1436,-140,0,50,100,0,0,4,100,99,100,1548,detection,
1550227,13,24,751,784,-33,0,12,76,5,33,0,0,94,100,1550,detection,
1553511,18,10,1674,1674,0,0,0,0,0,0,0,0,0,0,1553,detection,
1560318,12,26,1304,1438,-134,0,42,100,19,0,12,13,95,100,1560,detection,
1560321,10,26,1304,1438,-134,0,42,100,14,0,12,0,95,100,1560,detection,
1560345,15,26,1304,1438,-134,0,45,100,15,0,8,0,95,100,1560,detection,
1560390,18,26,1304,1438,-134,0,42,100,4,0,11,0,95,100,1560,detection,
1560412,21,26,1304,1438,-134,0,42,100,4,0,12,27,97,100,1560,detection,
1566700,17,23,393,402,-9,0,3,100,7,0,7,0,95,100,1566,detection,
1566726,20,23,393,402,-9,0,2,100,6,0,14,0,95,100,1566,detection,
1566760,6,23,393,402,-9,0,3,100,1,33,7,0,95,100,1566,detection,
1566766,11,23,393,402,-9,0,2,100,1,0,13,100,99,100,1566,detection,
1566786,21,23,393,402,-9,0,3,100,1,0,7,0,95,100,1566,detection,
1566804,5,23,393,402,-9,0,2,70,1,0,14,0,94,100,1566,detection,
1567234,7,18,1599,1599,0,0,0,0,0,0,0,0,0,0,1567,detection,
1573508,6,23,373,374,-1,0,0,100,1,33,7,0,95,100,1573,detection,
1573533,21,23,373,374,-1,0,0,100,1,0,7,0,95,100,1573,detection,
1573552,5,23,373,374,-1,0,0,70,1,0,14,0,94,100,1573,detection,
1573576,17,23,373,374,-1,0,0,100,1,0,7,0,95,100,1573,detection,
1573602,20,23,373,374,-1,0,0,100,1,0,9,0,95,100,1573,detection,
1574179,4,24,731,764,-33,0,12,70,5,16,0,0,94,100,1574,detection,
1574233,8,24,731,764,-33,0,12,70,3,16,1,0,94,100,1574,detection,
1576632,6,20,780,780,0,0,0,0,0,0,12,0,0,0,1576,detection,
1576638,11,20,780,780,0,0,0,0,0,0,4,0,0,0,1576,detection,
1576670,22,20,780,780,0,0,0,0,0,0,4,0,0,0,1576,detection,
1582100,20,22,512,512,0,0,0,0,0,0,3,0,0,0,1582,detection,
1583385,6,23,333,360,-27,0,9,100,5,33,7,0,95,100,1583,detection,
1583391,11,23,333,360,-27,0,8,100,3,0,13,100,99,100,1583,detection,
1583406,21,23,333,360,-27,0,9,100,5,0,7,0,95,100,1583,detection,
1583429,5,23,333,360,-27,0,8,70,5,0,14,0,94,100,1583,detection,
1583475,20,23,333,360,-27,0,8,100,5,0,10,0,95,100,1583,detection,
1586006,6,20,783,783,0,0,0,0,0,0,12,0,0,0,1586,detection,
1586012,11,20,783,783,0,0,0,0,0,0,7,0,0,0,1586,detection,
1586048,22,20,783,783,0,0,0,0,0,0,5,0,0,0,1586,detection,
1586057,5,20,783,783,0,0,0,0,0,0,18,0,0,0,1586,detection,
1586753,1,11,589,589,0,0,0,0,0,0,3,0,0,0,1586,detection,
1586758,6,11,589,589,0,0,0,0,0,0,8,0,0,0,1586,detection,
1586768,19,11,589,589,0,0,0,0,0,0,3,0,0,0,1586,detection,
1586794,22,11,589,589,0,0,0,0,0,0,7,0,0,0,1586,detection,
1586803,5,11,589,589,0,0,0,0,0,0,10,0,0,0,1586,detection,
1586844,15,11,589,589,0,0,0,0,0,0,11,0,0,0,1586,detection,
1586852,20,11,589,589,0,0,0,0,0,0,10,0,0,0,1586,detection,
1591701,17,27,557,662,-105,0,38,100,4,0,3,0,95,100,1591,detection,
1594130,6,11,634,634,0,0,0,0,0,0,8,0,0,0,1594,detection,
1594131,1,11,634,634,0,0,0,0,0,0,3,0,0,0,1594,detection,
1594176,5,11,634,634,0,0,0,0,0,0,10,0,0,0,1594,detection,
1595515,11,6,834,834,0,0,0,0,0,0,9,0,0,0,1595,detection,
1595732,13,9,832,832,0,0,0,0,0,0,4,0,0,0,1595,detection,
1595735,7,9,832,832,0,0,0,0,0,0,7,0,0,0,1595,detection,
1595766,19,9,832,832,0,0,0,0,0,0,6,0,0,0,1595,detection,
1595805,4,9,832,832,0,0,0,0,0,0,4,0,0,0,1595,detection,
1596507,6,20,740,740,0,0,0,0,0,0,12,0,0,0,1596,detection,
1596551,5,20,740,740,0,0,0,0,0,0,13,0,0,0,1596,detection,
1610278,1,11,634,634,0,0,0,0,0,0,3,0,0,0,1610,detection,
1610294,22,11,634,634,0,0,0,0,0,0,3,0,0,0,1610,detection,
1610351,20,11,634,634,0,0,0,0,0,0,10,0,0,0,1610,detection,
1610381,6,11,634,634,0,0,0,0,0,0,8,0,0,0,1610,detection,
1610890,19,5,633,633,0,0,0,0,0,0,9,20,0,0,1610,detection,
1614345,15,28,466,719,-253,0,82,100,51,0,10,0,82,75,1614,detection,
1614354,13,28,466,719,-253,0,82,100,51,0,10,0,82,75,1614,detection,
1614384,9,28,466,719,-253,0,83,100,54,0,9,0,82,75,1614,detection,
1618828,17,23,313,353,-40,0,13,100,8,0,8,0,95,100,1618,detection,
1618854,20,23,313,353,-40,0,13,100,2,0,10,0,95,100,1618,detection,
1618884,6,23,313,353,-40,0,13,100,2,33,7,0,95,100,1618,detection,
1618889,11,23,313,353,-40,0,13,100,2,0,9,100,99,100,1618,detection,
1618909,21,23,313,353,-40,0,13,100,2,0,7,0,95,100,1618,detection,
1618928,5,23,313,353,-40,0,12,70,2,0,14,0,94,100,1618,detection,
1620881,6,20,741,741,0,0,0,0,0,0,11,0,0,0,1620,detection,
1620887,11,20,741,741,0,0,0,0,0,0,6,0,0,0,1620,detection,
1620923,22,20,741,741,0,0,0,0,0,0,5,0,0,0,1620,detection,
1620926,5,20,741,741,0,0,0,0,0,0,13,0,0,0,1620,detection,
1620985,7,15,753,753,0,0,0,0,0,0,7,0,0,0,1620,detection,
1622194,10,30,1276,1553,-277,0,93,100,30,0,8,0,82,75,1622,detection,
1629299,5,15,753,753,0,0,0,0,0,0,8,0,0,0,1629,detection,
1629313,12,15,753,753,0,0,0,0,0,0,6,0,0,0,1629,detection,
1629327,17,15,753,753,0,0,0,0,0,0,6,0,0,0,1629,detection,
1629358,7,15,753,753,0,0,0,0,0,0,2,0,0,0,1629,detection,
1629389,11,15,753,753,0,0,0,0,0,0,14,0,0,0,1629,detection,
1629392,19,15,753,753,0,0,0,0,0,0,9,0,0,0,1629,detection,
1629408,21,15,753,753,0,0,0,0,0,0,2,0,0,0,1629,detection,
1630759,6,17,806,806,0,0,0,0,0,0,3,0,0,0,1630,detection,
1634818,1,14,512,512,0,0,0,0,0,0,3,0,0,0,1634,detection,
1634861,2,14,512,512,0,0,0,0,0,0,5,0,0,0,1634,detection,
1635316,10,18,1581,1581,0,0,0,0,0,0,0,0,0,0,1635,detection,
1635927,4,9,730,730,0,0,0,0,0,0,4,0,0,0,1635,detection,
1637858,2,29,276,276,0,0,0,0,0,0,1,0,0,0,1637,detection,
1638919,1,11,623,623,0,0,0,0,0,0,3,0,0,0,1638,detection,
1638921,22,11,623,623,0,0,0,0,0,0,3,0,0,0,1638,detection,
1638926,5,11,623,623,0,0,0,0,0,0,10,0,0,0,1638,detection,
1638975,20,11,623,623,0,0,0,0,0,0,4,0,0,0,1638,detection,
1638978,15,11,623,623,0,0,0,0,0,0,11,0,0,0,1638,detection,
1639009,6,11,623,623,0,0,0,0,0,0,8,0,0,0,1639,detection,
1639015,19,11,623,623,0,0,0,0,0,0,3,0,0,0,1639,detection,
1644855,8,9,780,780,0,0,0,0,0,0,0,0,0,0,1644,detection,
1644855,13,9,780,780,0,0,0,0,0,0,4,0,0,0,1644,detection,
1644859,7,9,780,780,0,0,0,0,0,0,2,0,0,0,1644,detection,
1644929,4,9,780,780,0,0,0,0,0,0,0,0,0,0,1644,detection,
1645851,20,11,623,623,0,0,0,0,0,0,4,0,0,0,1645,detection,
1649564,12,21,873,873,0,0,0,0,0,0,5,0,0,0,1649,detection,
1651785,21,12,1178,1178,0,0,0,0,0,0,7,0,0,0,1651,detection,
1651827,17,12,1178,1178,0,0,0,0,0,0,12,0,0,0,1651,detection,
1651846,15,12,1178,1178,0,0,0,0,0,0,8,0,0,0,1651,detection,
1652927,4,9,780,780,0,0,0,0,0,0,0,0,0,0,1652,detection,
1652977,8,9,780,780,0,0,0,0,0,0,0,0,0,0,1652,detection,
1652977,13,9,780,780,0,0,0,0,0,0,4,0,0,0,1652,detection,
1652985,7,9,780,780,0,0,0,0,0,0,2,0,0,0,1652,detection,
1653016,19,9,780,780,0,0,0,0,0,0,0,0,0,0,1653,detection,
1655409,21,23,293,365,-72,0,24,100,7,0,7,0,95,100,1655,detection,
1661781,21,12,1173,1173,0,0,0,0,0,0,7,0,0,0,1661,detection,
1661846,15,12,1173,1173,0,0,0,0,0,0,8,0,0,0,1661,detection,
1662508,6,27,537,726,-189,0,64,100,23,0,7,0,82,75,1662,detection,
1663352,13,9,780,780,0,0,0,0,0,0,4,0,0,0,1663,detection,
1663360,7,9,780,780,0,0,0,0,0,0,2,0,0,0,1663,detection,
1663391,19,9,780,780,0,0,0,0,0,0,0,0,0,0,1663,detection,
1663430,4,9,780,780,0,0,0,0,0,0,0,0,0,0,1663,detection,
1663514,11,22,512,512,0,0,0,0,0,0,3,0,0,0,1663,detection,
1664807,4,25,1202,1264,-62,0,22,100,10,16,4,16,95,100,1664,detection,
1665221,16,31,276,418,-142,0,51,100,16,0,4,0,95,100,1665,detection,
1670605,8,19,664,664,0,0,0,0,0,0,1,6,0,0,1670,detection,
1674078,17,21,869,869,0,0,0,0,0,0,1,0,0,0,1674,detection,
1677783,21,12,1173,1173,0,0,0,0,0,0,7,0,0,0,1677,detection,
1677825,17,12,1173,1173,0,0,0,0,0,0,6,0,0,0,1677,detection,
1677844,15,12,1173,1173,0,0,0,0,0,0,8,0,0,0,1677,detection,
1678163,14,3,512,512,0,0,0,0,0,0,0,0,0,0,1678,detection,
1686796,22,20,733,733,0,0,0,0,0,0,5,0,0,0,1686,detection,
1686799,5,20,733,733,0,0,0,0,0,0,13,0,0,0,1686,detection,
1686883,6,20,733,733,0,0,0,0,0,0,11,0,0,0,1686,detection,
1686889,11,20,733,733,0,0,0,0,0,0,7,0,0,0,1686,detection,
1688135,6,23,276,333,-57,0,19,100,3,33,7,0,95,100,1688,detection,
1688141,11,23,276,333,-57,0,18,100,3,0,9,100,99,100,1688,detection,
1688161,21,23,276,333,-57,0,19,100,3,0,7,0,95,100,1688,detection,
1688199,17,23,276,333,-57,0,19,100,3,0,7,0,95,100,1688,detection,
1688230,20,23,276,333,-57,0,18,100,3,0,10,0,95,100,1688,detection,
1702929,4,9,780,780,0,0,0,0,0,0,0,0,0,0,1702,detection,
1702975,13,9,780,780,0,0,0,0,0,0,4,0,0,0,1702,detection,
1702979,8,9,780,780,0,0,0,0,0,0,0,0,0,0,1702,detection,
1702983,7,9,780,780,0,0,0,0,0,0,2,0,0,0,1702,detection,
1703018,19,9,780,780,0,0,0,0,0,0,0,0,0,0,1703,detection,
1704103,8,13,721,721,0,0,0,0,0,0,1,6,0,0,1704,detection,
1704107,7,13,721,721,0,0,0,0,0,0,4,0,0,0,1704,detection,
1704132,9,13,721,721,0,0,0,0,0,0,4,0,0,0,1704,detection,
1704141,19,13,721,721,0,0,0,0,0,0,4,6,0,0,1704,detection,
1704176,5,13,721,721,0,0,0,0,0,0,4,12,0,0,1704,detection,
1704607,8,2,627,627,0,0,0,0,0,0,1,0,0,0,1704,detection,
1704664,14,2,627,627,0,0,0,0,0,0,5,0,0,0,1704,detection,
1705074,17,6,797,797,0,0,0,0,0,0,6,0,0,0,1705,detection,
1705100,20,6,797,797,0,0,0,0,0,0,6,0,0,0,1705,detection,
1705140,11,6,797,797,0,0,0,0,0,0,10,0,0,0,1705,detection,
1707677,1,11,580,580,0,0,0,0,0,0,3,0,0,0,1707,detection,
1707721,15,11,580,580,0,0,0,0,0,0,6,0,0,0,1707,detection,
1707728,20,11,580,580,0,0,0,0,0,0,4,0,0,0,1707,detection,
1707769,19,11,580,580,0,0,0,0,0,0,3,0,0,0,1707,detection,
1707795,22,11,580,580,0,0,0,0,0,0,3,0,0,0,1707,detection,
1709951,17,12,1173,1173,0,0,0,0,0,0,6,0,0,0,1709,detection,
1709969,15,12,1173,1173,0,0,0,0,0,0,7,0,0,0,1709,detection,
1710036,21,12,1173,1173,0,0,0,0,0,0,2,0,0,0,1710,detection,
1717736,7,30,1256,1480,-224,0,82,100,20,0,3,0,82,75,1717,detection,
1722288,14,2,627,627,0,0,0,0,0,0,5,0,0,0,1722,detection,
1723977,8,13,721,721,0,0,0,0,0,0,1,12,0,0,1723,detection,
1724942,10,18,1578,1578,0,0,0,0,0,0,0,0,0,0,1724,detection,
1725910,14,29,276,276,0,0,0,0,0,0,0,0,0,0,1725,detection,
1729144,19,24,711,740,-29,0,11,70,4,50,1,0,94,100,1729,detection,
1729510,18,10,1591,1591,0,0,0,0,0,0,0,0,0,0,1729,detection,
1731880,9,4,1018,1018,0,0,0,0,0,0,3,0,0,0,1731,detection,
1734608,2,8,758,758,0,0,0,0,0,0,6,34,4,0,1734,detection,
1740596,15,5,613,613,0,0,0,0,0,0,10,0,0,0,1740,detection,
1746105,8,16,575,575,0,0,0,0,0,0,3,0,0,0,1746,detection,
1748977,20,22,512,512,0,0,0,0,0,0,3,0,0,0,1748,detection,
1749594,15,12,1173,1173,0,0,0,0,0,0,7,0,0,0,1749,detection,
1753826,17,12,1173,1173,0,0,0,0,0,0,5,0,0,0,1753,detection,
1760640,19,9,780,780,0,0,0,0,0,0,0,0,0,0,1760,detection,
1760679,4,9,780,780,0,0,0,0,0,0,0,0,0,0,1760,detection,
1760729,8,9,780,780,0,0,0,0,0,0,0,0,0,0,1760,detection,
1760729,13,9,780,780,0,0,0,0,0,0,0,0,0,0,1760,detection,
1760733,7,9,780,780,0,0,0,0,0,0,2,0,0,0,1760,detection,
1764729,13,28,446,616,-170,0,56,100,18,0,9,0,95,100,1764,detection,
1771825,17,15,612,612,0,0,0,0,0,0,6,0,0,0,1771,detection,
1773429,5,11,580,580,0,0,0,0,0,0,4,0,0,0,1773,detection,
1775234,2,14,512,512,0,0,0,0,0,0,5,0,0,0,1775,detection,
1775552,5,23,276,308,-32,0,10,70,1,0,9,0,94,100,1775,detection,
1775576,17,23,276,308,-32,0,10,100,5,0,7,0,95,100,1775,detection,
1775602,20,23,276,308,-32,0,10,100,5,0,10,0,95,100,1775,detection,
1775632,6,23,276,308,-32,0,10,100,5,16,7,0,95,100,1775,detection,
1775642,11,23,276,308,-32,0,10,100,5,0,9,100,99,100,1775,detection,
1776911,21,26,1264,1398,-134,0,42,100,0,0,12,49,98,100,1776,detection,
1778564,1,3,512,512,0,0,0,0,0,0,27,0,0,0,1778,detection,
1786132,6,20,715,715,0,0,0,0,0,0,11,0,0,0,1786,detection,
1786138,11,20,715,715,0,0,0,0,0,0,6,0,0,0,1786,detection,
1786169,22,20,715,715,0,0,0,0,0,0,5,0,0,0,1786,detection,
1786176,5,20,715,715,0,0,0,0,0,0,13,0,0,0,1786,detection,
1790576,17,27,517,654,-137,0,51,100,8,0,2,0,95,100,1790,detection,
1790726,20,6,770,770,0,0,0,0,0,0,6,0,0,0,1790,detection,
1797735,7,18,1578,1578,0,0,0,0,0,0,0,0,0,0,1797,detection,
1802225,13,7,961,961,0,0,0,0,0,0,4,0,0,0,1802,detection,
1802255,9,7,961,961,0,0,0,0,0,0,12,0,0,0,1802,detection,
1802261,18,7,961,961,0,0,0,0,0,0,4,0,0,0,1802,detection,
1803229,13,5,587,587,0,0,0,0,0,0,12,20,0,0,1803,detection,
1804764,11,29,276,276,0,0,0,0,3,33,3,0,0,0,1804,detection,
1805289,14,31,276,357,-81,0,31,100,1,0,0,0,95,100,1805,detection,
1810814,12,21,867,867,0,0,0,0,0,0,6,0,0,0,1810,detection,
1815353,20,11,575,575,0,0,0,0,0,0,4,0,0,0,1815,detection,
1815357,1,11,575,575,0,0,0,0,0,0,3,0,0,0,1815,detection,
1815383,6,11,575,575,0,0,0,0,0,0,8,0,0,0,1815,detection,
1815420,22,11,575,575,0,0,0,0,0,0,3,0,0,0,1815,detection,
1815469,15,11,575,575,0,0,0,0,0,0,6,0,0,0,1815,detection,
1822102,13,7,961,961,0,0,0,0,0,0,4,0,0,0,1822,detection,
1822450,17,12,1162,1162,0,0,0,0,0,0,5,0,0,0,1822,detection,
1826137,18,10,1587,1587,0,0,0,0,0,0,0,0,0,0,1826,detection,
1828550,5,20,715,715,0,0,0,0,0,0,13,0,0,0,1828,detection,
1829606,13,24,691,711,-20,0,7,80,3,16,0,0,94,100,1829,detection,
1830642,11,19,656,656,0,0,0,0,0,0,2,6,0,0,1830,detection,
1839677,4,16,575,575,0,0,0,0,0,0,2,0,0,0,1839,detection,
1839891,19,13,707,707,0,0,0,0,0,0,2,12,0,0,1839,detection,
1842848,3,14,512,512,0,0,0,0,0,0,1,0,0,0,1842,detection,
1843632,9,8,758,758,0,0,0,0,0,0,5,0,0,0,1843,detection,
1843641,19,8,758,758,0,0,0,0,0,0,3,34,4,0,1843,detection,
1843726,13,8,758,758,0,0,0,0,0,0,3,34,4,0,1843,detection,
1843733,2,8,758,758,0,0,0,0,0,0,5,34,4,0,1843,detection,
1861386,6,27,497,630,-133,0,45,100,12,0,7,0,95,100,1861,detection,
1861412,21,27,497,630,-133,0,48,100,11,16,4,0,95,100,1861,detection,
1861480,20,27,497,630,-133,0,47,100,9,0,5,0,95,100,1861,detection,
1861510,1,29,276,276,0,0,0,0,0,0,0,0,0,0,1861,detection,
1861516,19,29,276,276,0,0,0,0,0,0,1,0,0,0,1861,detection,
1861536,14,29,276,276,0,0,0,0,0,0,0,0,0,0,1861,detection,
1861552,5,29,276,276,0,0,0,0,0,0,5,0,0,0,1861,detection,
1861602,8,29,276,276,0,0,0,0,0,0,2,0,0,0,1861,detection,
1861609,2,29,276,276,0,0,0,0,0,0,1,0,0,0,1861,detection,
1862006,9,19,600,600,0,0,0,0,0,0,4,0,0,0,1862,detection,
1862013,11,19,600,600,0,0,0,0,0,0,2,0,0,0,1862,detection,
1862103,8,19,600,600,0,0,0,0,0,0,1,0,0,0,1862,detection,
1864760,9,25,1162,1211,-49,0,17,100,8,50,6,0,95,100,1864,detection,
1866595,15,12,1162,1162,0,0,0,0,0,0,7,0,0,0,1866,detection,
1866658,21,12,1162,1162,0,0,0,0,0,0,2,0,0,0,1866,detection,
1866700,17,12,1162,1162,0,0,0,0,0,0,5,0,0,0,1866,detection,
1873535,14,3,512,512,0,0,0,0,0,0,0,0,0,0,1873,detection,
1874602,13,9,768,768,0,0,0,0,0,0,0,0,0,0,1874,detection,
1877065,12,17,711,711,0,0,0,0,0,0,2,0,0,0,1877,detection,
1880231,8,31,276,355,-79,0,28,100,13,0,5,25,97,100,1880,detection,
1881891,11,22,512,512,0,0,0,0,0,0,2,0,0,0,1881,detection,
1883177,5,28,426,549,-123,0,40,100,26,0,9,0,95,100,1883,detection,
1886228,8,9,768,768,0,0,0,0,0,0,0,0,0,0,1886,detection,
1886228,13,9,768,768,0,0,0,0,0,0,0,0,0,0,1886,detection,
1886232,7,9,768,768,0,0,0,0,0,0,1,0,0,0,1886,detection,
1886267,19,9,768,768,0,0,0,0,0,0,0,0,0,0,1886,detection,
1886303,4,9,768,768,0,0,0,0,0,0,0,0,0,0,1886,detection,
1891764,11,6,750,750,0,0,0,0,0,0,10,0,0,0,1891,detection,
1894600,20,23,276,283,-7,0,2,100,5,0,10,0,95,100,1894,detection,
1895380,9,8,758,758,0,0,0,0,0,0,4,0,0,0,1895,detection,
1902133,6,27,477,596,-119,0,44,100,3,0,2,0,95,100,1902,detection,
1915975,16,31,276,355,-79,0,28,100,15,0,4,0,95,100,1915,detection,
1915981,8,31,276,355,-79,0,30,100,0,0,0,50,98,100,1915,detection,
1915988,2,31,276,355,-79,0,30,100,1,0,1,25,97,100,1915,detection,
1916039,14,31,276,355,-79,0,30,100,0,0,0,25,97,100,1916,detection,
1919727,20,5,593,593,0,0,0,0,0,0,11,0,0,0,1919,detection,
1935764,19,5,580,580,0,0,0,0,0,0,8,0,0,0,1935,detection,
1935765,11,5,580,580,0,0,0,0,0,0,15,0,0,0,1935,detection,
1935846,15,5,580,580,0,0,0,0,0,0,9,0,0,0,1935,detection,
1935849,13,5,580,580,0,0,0,0,0,0,11,0,0,0,1935,detection,
1935853,20,5,580,580,0,0,0,0,0,0,11,0,0,0,1935,detection,
1936096,15,11,570,570,0,0,0,0,0,0,6,0,0,0,1936,detection,
1939512,18,26,1224,1332,-108,0,34,100,5,0,11,0,95,100,1939,detection,
1939535,21,26,1224,1332,-108,0,34,100,5,0,11,33,97,100,1939,detection,
1939567,10,26,1224,1332,-108,0,34,100,5,0,12,0,95,100,1939,detection,
1939596,15,26,1224,1332,-108,0,37,100,5,0,7,0,95,100,1939,detection,
1939614,7,26,1224,1332,-108,0,36,100,4,0,8,33,97,100,1939,detection,
1940141,19,29,276,276,0,0,0,0,0,0,1,0,0,0,1940,detection,
1942256,6,20,664,664,0,0,0,0,0,0,6,0,0,0,1942,detection,
1944604,8,24,671,687,-16,0,6,70,4,16,1,2,94,100,1944,detection,
1947516,19,9,763,763,0,0,0,0,0,0,0,0,0,0,1947,detection,
1957018,19,15,588,588,0,0,0,0,0,0,8,0,0,0,1957,detection,
1959661,21,23,276,277,-1,0,0,100,12,0,7,0,95,100,1959,detection,
1968085,1,22,512,512,0,0,0,0,0,0,0,0,0,0,1968,detection,
1968103,20,22,512,512,0,0,0,0,0,0,3,0,0,0,1968,detection,
1968138,11,22,512,512,0,0,0,0,0,0,2,0,0,0,1968,detection,
1970599,16,31,276,332,-56,0,21,100,5,0,0,0,95,100,1970,detection,
1970730,8,2,572,572,0,0,0,0,0,0,1,0,0,0,1970,detection,
1972431,4,25,1142,1186,-44,0,16,100,4,16,3,10,95,100,1972,detection,
1972486,7,25,1142,1186,-44,0,16,80,6,16,2,0,94,100,1972,detection,
1972507,9,25,1142,1186,-44,0,15,100,1,33,6,0,95,100,1972,detection,
1980450,17,23,276,277,-1,0,0,100,7,0,7,0,95,100,1980,detection,
1980477,20,23,276,277,-1,0,0,100,1,0,10,50,98,100,1980,detection,
1980510,6,23,276,277,-1,0,0,100,7,0,4,0,95,100,1980,detection,
1980516,11,23,276,277,-1,0,0,100,6,0,9,100,99,100,1980,detection,
1980536,21,23,276,277,-1,0,0,100,0,0,4,0,95,100,1980,detection,
1980554,5,23,276,277,-1,0,0,70,6,0,9,0,94,100,1980,detection,
1985256,9,7,947,947,0,0,0,0,0,0,7,0,0,0,1985,detection,
1994363,7,26,1204,1301,-97,0,33,100,2,0,7,26,97,100,1994,detection,
2002478,20,27,457,576,-119,0,43,100,3,0,4,0,95,100,2002,detection,
2004722,16,24,651,667,-16,0,6,70,9,16,1,0,94,100,2004,detection,
2012443,10,18,1570,1570,0,0,0,0,0,0,0,0,0,0,2012,detection,
2019383,6,20,702,702,0,0,0,0,0,0,6,0,0,0,2019,detection,
2019389,11,20,702,702,0,0,0,0,0,0,6,0,0,0,2019,detection,
2019420,22,20,702,702,0,0,0,0,0,0,5,0,0,0,2019,detection,
2019427,5,20,702,702,0,0,0,0,0,0,13,0,0,0,2019,detection,
2023382,9,4,840,840,0,0,0,0,0,0,3,0,0,0,2023,detection,
2025101,8,16,572,572,0,0,0,0,0,0,3,0,0,0,2025,detection,
2031952,17,21,761,761,0,0,0,0,0,0,1,0,0,0,2031,detection,
2033515,19,8,714,714,0,0,0,0,0,0,3,0,0,0,2033,detection,
2037006,6,17,661,661,0,0,0,0,0,0,3,0,0,0,2037,detection,
2038179,4,9,763,763,0,0,0,0,0,0,0,0,0,0,2038,detection,
2038225,13,9,763,763,0,0,0,0,0,0,0,0,0,0,2038,detection,
2038229,8,9,763,763,0,0,0,0,0,0,0,0,0,0,2038,detection,
2038233,7,9,763,763,0,0,0,0,0,0,1,0,0,0,2038,detection,
2038268,19,9,763,763,0,0,0,0,0,0,0,0,0,0,2038,detection,
2042509,1,3,512,512,0,0,0,0,0,0,26,0,0,0,2042,detection,
2042538,14,3,512,512,0,0,0,0,0,0,0,0,0,0,2042,detection,
2049110,2,29,276,291,-15,0,5,17,3,16,1,0,0,0,2049,detection,
2051055,4,25,1102,1137,-35,0,12,100,2,16,3,0,95,100,2051,detection,
2051350,20,22,512,512,0,0,0,0,0,0,3,0,0,0,2051,detection,
2052678,5,19,575,575,0,0,0,0,0,0,5,0,0,0,2052,detection,
2053287,14,3,512,512,0,0,0,0,0,0,0,0,0,0,2053,detection,
2056257,9,30,1216,1346,-130,0,46,100,2,0,5,100,99,100,2056,detection,
2061160,14,2,572,572,0,0,0,0,0,0,4,0,0,0,2061,detection,
2061361,2,14,512,512,0,0,0,0,0,0,5,0,0,0,2061,detection,
2063660,14,2,572,572,0,0,0,0,0,0,4,0,0,0,2063,detection,
2063728,8,2,572,572,0,0,0,0,0,0,0,0,0,0,2063,detection,
2069390,11,6,728,728,0,0,0,0,0,0,10,0,0,0,2069,detection,
2069479,1,11,566,566,0,0,0,0,0,0,3,0,0,0,2069,detection,
2069516,19,11,566,566,0,0,0,0,0,0,3,0,0,0,2069,detection,
2069546,22,11,566,566,0,0,0,0,0,0,3,0,0,0,2069,detection,
2069550,5,11,566,566,0,0,0,0,0,0,4,0,0,0,2069,detection,
2069596,15,11,566,566,0,0,0,0,0,0,6,0,0,0,2069,detection,
2069603,20,11,566,566,0,0,0,0,0,0,4,0,0,0,2069,detection,
2074221,15,5,546,546,0,0,0,0,0,0,8,0,0,0,2074,detection,
2075134,18,7,947,947,0,0,0,0,0,0,4,0,0,0,2075,detection,
2076200,17,27,437,544,-107,0,40,100,7,0,2,0,95,100,2076,detection,
2076485,7,15,608,608,0,0,0,0,0,0,2,0,0,0,2076,detection,
2084096,15,12,1158,1158,0,0,0,0,0,0,7,0,0,0,2084,detection,
2084158,21,12,1158,1158,0,0,0,0,0,0,2,0,0,0,2084,detection,
2084200,17,12,1158,1158,0,0,0,0,0,0,5,0,0,0,2084,detection,
2086055,4,16,572,572,0,0,0,0,0,0,2,0,0,0,2086,detection,
2088722,15,12,1158,1158,0,0,0,0,0,0,2,0,0,0,2088,detection,
2089269,19,24,631,647,-16,0,6,70,3,33,1,0,94,100,2089,detection,
2098353,13,8,695,695,0,0,0,0,0,0,3,0,0,0,2098,detection,
2100727,8,13,684,684,0,0,0,0,0,0,1,12,0,0,2100,detection,
2104054,4,16,568,568,0,0,0,0,0,0,2,0,0,0,2104,detection,
2104103,8,16,568,568,0,0,0,0,0,0,2,0,0,0,2104,detection,
2112762,11,22,512,512,0,0,0,0,0,0,2,0,0,0,2112,detection,
2114631,6,23,276,276,0,0,0,100,0,16,3,0,95,100,2114,detection,
2114852,13,28,386,450,-64,0,21,100,23,0,9,0,95,100,2114,detection,
2114861,7,28,386,450,-64,0,21,100,13,0,8,0,95,100,2114,detection,
2114882,9,28,386,450,-64,0,20,100,41,0,10,0,95,100,2114,detection,
2114930,5,28,386,450,-64,0,21,100,13,0,9,3,95,100,2114,detection,
2114972,15,28,386,450,-64,0,21,100,41,0,9,0,95,100,2114,detection,
2117135,6,23,276,332,-56,0,19,100,12,33,7,0,95,100,2117,detection,
2117141,11,23,276,332,-56,0,17,100,11,0,12,0,95,100,2117,detection,
2117161,21,23,276,332,-56,0,19,100,12,0,7,0,95,100,2117,detection,
2117179,5,23,276,332,-56,0,17,70,11,0,12,0,94,100,2117,detection,
2117203,17,23,276,332,-56,0,17,100,11,0,11,0,95,100,2117,detection,
2117230,20,23,276,332,-56,0,17,100,11,0,14,0,95,100,2117,detection,
2120639,11,20,702,702,0,0,0,0,0,0,6,0,0,0,2120,detection,
2122977,20,11,562,562,0,0,0,0,0,0,4,0,0,0,2122,detection,
2123039,14,31,276,312,-36,0,14,100,11,0,0,50,98,100,2123,detection,
2140344,15,28,366,443,-77,0,25,100,2,0,9,0,95,100,2140,detection,
2140353,13,28,366,443,-77,0,25,100,2,0,9,0,95,100,2140,detection,
2140383,9,28,366,443,-77,0,25,100,2,0,10,0,95,100,2140,detection,
2144862,7,30,1196,1313,-117,0,43,100,26,0,2,0,95,100,2144,detection,
2146191,12,26,1184,1262,-78,0,24,100,11,0,12,18,95,100,2146,detection,
2146970,15,28,346,433,-87,0,29,100,2,0,8,0,95,100,2146,detection,
2146978,13,28,346,433,-87,0,28,100,2,0,9,0,95,100,2146,detection,
2146988,7,28,346,433,-87,0,29,100,5,0,7,0,95,100,2146,detection,
2147058,5,28,346,433,-87,0,28,100,5,0,9,0,95,100,2147,detection,
2147825,17,23,276,377,-101,0,34,100,10,0,7,0,95,100,2147,detection,
2147852,20,23,276,377,-101,0,33,100,9,0,9,0,95,100,2147,detection,
2147886,6,23,276,377,-101,0,34,100,10,33,7,0,90,100,2147,detection,
2147891,11,23,276,377,-101,0,31,100,9,0,13,0,95,100,2147,detection,
2147911,21,23,276,377,-101,0,34,100,10,0,7,0,95,100,2147,detection,
2147930,5,23,276,377,-101,0,31,88,9,0,13,0,95,100,2147,detection,
2149637,11,5,562,562,0,0,0,0,0,0,14,0,0,0,2149,detection,
2154178,4,24,611,623,-12,0,4,70,5,16,0,0,94,100,2154,detection,
2157361,7,25,1082,1117,-35,0,13,95,2,16,1,0,95,100,2157,detection,
2157885,6,27,417,514,-97,0,36,100,5,0,2,0,95,100,2157,detection,
2160219,15,28,326,396,-70,0,23,100,3,0,8,0,95,100,2160,detection,
2160227,13,28,326,396,-70,0,23,100,3,0,8,0,95,100,2160,detection,
2160258,9,28,326,396,-70,0,22,100,1,0,10,0,95,100,2160,detection,
2164913,14,29,276,283,-7,0,2,3,1,16,0,0,0,0,2164,detection,
2165929,5,28,306,362,-56,0,18,100,6,0,9,0,95,100,2165,detection,
2165971,15,28,306,362,-56,0,20,100,3,0,4,0,95,100,2165,detection,
2165979,13,28,306,362,-56,0,18,100,3,0,8,0,95,100,2165,detection,
2165985,7,28,306,362,-56,0,19,100,7,0,7,0,95,100,2165,detection,
2167283,1,3,512,512,0,0,0,0,0,0,25,0,0,0,2167,detection,
2169260,6,23,276,348,-72,0,24,100,6,33,7,0,95,100,2169,detection,
2169265,11,23,276,348,-72,0,22,100,6,0,12,0,95,100,2169,detection,
2169285,21,23,276,348,-72,0,24,100,6,0,7,0,95,100,2169,detection,
2169304,5,23,276,348,-72,0,22,100,6,0,12,0,95,100,2169,detection,
2169328,17,23,276,348,-72,0,24,100,6,0,7,0,95,100,2169,detection,
2169354,20,23,276,348,-72,0,23,100,6,0,9,0,95,100,2169,detection,
2172324,17,15,570,570,0,0,0,0,0,0,5,0,0,0,2172,detection,
2182825,17,23,276,321,-45,0,15,100,6,0,7,0,95,100,2182,detection,
2182851,20,23,276,321,-45,0,14,100,5,0,9,0,95,100,2182,detection,
2182885,6,23,276,321,-45,0,15,100,6,33,7,0,95,100,2182,detection,
2182891,11,23,276,321,-45,0,14,100,5,0,12,0,95,100,2182,detection,
2182911,21,23,276,321,-45,0,15,100,6,0,7,0,95,100,2182,detection,
2182930,5,23,276,321,-45,0,14,100,5,0,12,0,95,100,2182,detection,
2185814,10,18,1568,1568,0,0,0,0,0,0,0,0,0,0,2185,detection,
2186361,2,8,695,695,0,0,0,0,0,0,4,0,0,0,2186,detection,
2190383,6,23,276,291,-15,0,5,100,6,33,7,0,95,100,2190,detection,
2190408,21,23,276,291,-15,0,5,100,6,0,7,0,95,100,2190,detection,
2190427,5,23,276,291,-15,0,4,100,6,0,12,0,95,100,2190,detection,
2190451,17,23,276,291,-15,0,5,100,6,0,7,0,95,100,2190,detection,
2190477,20,23,276,291,-15,0,4,100,6,0,9,0,95,100,2190,detection,
2196536,21,23,276,311,-35,0,12,100,4,0,7,0,95,100,2196,detection,
2196551,5,23,276,311,-35,0,11,100,4,0,12,0,95,100,2196,detection,
2196575,17,23,276,311,-35,0,12,100,4,0,7,0,95,100,2196,detection,
2196635,6,23,276,311,-35,0,12,100,4,33,7,0,95,100,2196,detection,
2196640,11,23,276,311,-35,0,12,100,2,0,7,0,95,100,2196,detection,
2200189,12,17,594,594,0,0,0,0,0,0,2,0,0,0,2200,detection,
2203227,20,23,276,301,-25,0,8,100,2,0,8,0,95,100,2203,detection,
2203257,6,23,276,301,-25,0,9,100,2,16,4,0,95,100,2203,detection,
2203267,11,23,276,301,-25,0,8,100,2,0,7,0,95,100,2203,detection,
2203283,21,23,276,301,-25,0,8,100,2,0,7,0,95,100,2203,detection,
2203301,5,23,276,301,-25,0,8,100,2,0,7,0,95,100,2203,detection,
2203325,17,23,276,301,-25,0,8,100,2,0,7,0,95,100,2203,detection,
2203824,17,12,963,963,0,0,0,0,0,0,8,0,0,0,2203,detection,
2203843,15,12,963,963,0,0,0,0,0,0,6,0,0,0,2203,detection,
2210533,21,12,940,940,0,0,0,0,0,0,5,0,0,0,2210,detection,
2210575,17,12,940,940,0,0,0,0,0,0,8,0,0,0,2210,detection,
2210594,15,12,940,940,0,0,0,0,0,0,5,0,0,0,2210,detection,
2213301,5,28,276,298,-22,0,7,100,7,0,9,0,95,100,2213,detection,
2213352,13,28,276,298,-22,0,7,100,7,0,8,0,95,100,2213,detection,
2213362,7,28,276,298,-22,0,7,100,7,0,7,0,95,100,2213,detection,
2220862,7,28,276,291,-15,0,5,100,1,0,7,0,95,100,2220,detection,
2220883,9,28,276,291,-15,0,4,100,11,0,10,0,95,100,2220,detection,
2220930,5,28,276,291,-15,0,4,100,1,0,9,0,95,100,2220,detection,
2220972,15,28,276,291,-15,0,5,100,9,0,6,0,95,100,2220,detection,
2224200,17,12,940,940,0,0,0,0,0,0,4,0,0,0,2224,detection,
2224218,15,12,940,940,0,0,0,0,0,0,7,0,0,0,2224,detection,
2224285,21,12,940,940,0,0,0,0,0,0,5,0,0,0,2224,detection,
2225384,9,25,1062,1110,-48,0,15,100,0,14,9,0,95,100,2225,detection,
2225432,4,25,1062,1110,-48,0,17,100,3,16,3,0,95,100,2225,detection,
2230730,13,7,600,600,0,0,0,0,0,0,4,0,0,0,2230,detection,
2233384,9,25,1042,1076,-34,0,11,100,3,14,9,0,95,100,2233,detection,
2233432,4,25,1042,1076,-34,0,12,100,3,0,2,0,95,100,2233,detection,
2233486,7,25,1042,1076,-34,0,12,99,0,16,5,0,95,100,2233,detection,
2233846,15,28,276,287,-11,0,3,100,0,0,6,0,95,100,2233,detection,
2233854,13,28,276,287,-11,0,3,100,2,0,4,0,95,100,2233,detection,
2233859,7,28,276,287,-11,0,3,100,0,0,7,0,95,100,2233,detection,
2233927,5,28,276,287,-11,0,3,100,0,0,9,0,95,100,2233,detection,
2240726,13,5,556,556,0,0,0,0,0,0,11,0,0,0,2240,detection,
2243449,17,23,276,327,-51,0,16,100,5,0,11,0,95,100,2243,detection,
2243480,20,23,276,327,-51,0,16,100,5,0,12,0,95,100,2243,detection,
2243509,6,23,276,327,-51,0,17,100,5,0,7,0,95,100,2243,detection,
2243515,11,23,276,327,-51,0,16,100,5,0,11,0,95,100,2243,detection,
2243535,21,23,276,327,-51,0,17,100,5,0,7,0,95,100,2243,detection,
2244485,7,25,1022,1056,-34,0,12,100,0,16,4,0,95,100,2244,detection,
2244554,4,25,1022,1056,-34,0,12,100,0,0,2,0,95,100,2244,detection,
2247505,9,28,276,285,-9,0,2,100,1,0,10,0,95,100,2247,detection,
2247553,5,28,276,285,-9,0,2,100,0,0,9,0,95,100,2247,detection,
2247595,15,28,276,285,-9,0,3,100,0,0,6,0,95,100,2247,detection,
2247603,13,28,276,285,-9,0,3,100,0,0,4,0,95,100,2247,detection,
2248142,19,11,559,559,0,0,0,0,0,0,3,0,0,0,2248,detection,
2251854,20,23,276,312,-36,0,10,100,2,0,16,0,95,100,2251,detection,
2251883,6,23,276,312,-36,0,11,100,3,0,11,0,95,100,2251,detection,
2251909,21,23,276,312,-36,0,11,100,3,0,11,0,95,100,2251,detection,
2251914,14,3,512,512,0,0,0,0,0,0,0,0,0,0,2251,detection,
2251927,5,23,276,312,-36,0,12,100,2,0,7,0,95,100,2251,detection,
2251951,17,23,276,312,-36,0,10,100,3,0,15,0,95,100,2251,detection,
2252096,15,12,940,940,0,0,0,0,0,0,7,0,0,0,2252,detection,
2252159,21,12,940,940,0,0,0,0,0,0,5,0,0,0,2252,detection,
2254230,8,24,591,665,-74,0,28,96,14,16,1,0,95,100,2254,detection,
2258360,7,18,1568,1568,0,0,0,0,0,0,0,0,0,0,2258,detection,
2259220,15,28,276,351,-75,0,26,100,15,0,6,0,95,100,2259,detection,
2259229,13,28,276,351,-75,0,27,100,15,0,4,0,95,100,2259,detection,
2259238,7,28,276,351,-75,0,27,100,15,0,4,0,95,100,2259,detection,
2259255,9,28,276,351,-75,0,27,100,15,0,4,0,95,100,2259,detection,
2259302,5,28,276,351,-75,0,27,100,15,0,4,0,95,100,2259,detection,
2262566,10,18,1451,1451,0,0,0,0,0,0,6,0,0,0,2262,detection,
2267921,22,20,664,664,0,0,0,0,0,0,4,0,0,0,2267,detection,
2269318,10,18,1451,1451,0,0,0,0,0,0,6,0,0,0,2269,detection,
2269359,7,18,1451,1451,0,0,0,0,0,0,5,0,0,0,2269,detection,
2269950,17,23,276,295,-19,0,6,100,3,0,11,0,95,100,2269,detection,
2269977,20,23,276,295,-19,0,5,100,3,0,16,0,95,100,2269,detection,
2270016,11,23,276,295,-19,0,5,100,6,0,15,0,95,100,2270,detection,
2270036,21,23,276,295,-19,0,6,100,3,0,11,0,95,100,2270,detection,
2270050,5,23,276,295,-19,0,6,100,3,0,7,0,95,100,2270,detection,
2271432,4,25,1002,1036,-34,0,12,100,0,0,2,0,95,100,2271,detection,
2271486,7,25,1002,1036,-34,0,12,100,0,0,4,0,95,100,2271,detection,
2271507,9,25,1002,1036,-34,0,11,100,0,0,9,0,95,100,2271,detection,
2273131,9,4,832,832,0,0,0,0,0,0,3,0,0,0,2273,detection,
2274320,10,26,1164,1227,-63,0,19,100,9,0,12,0,95,100,2274,detection,
2274388,18,10,1432,1432,0,0,0,0,0,0,0,0,0,0,2274,detection,
2278728,13,19,562,562,0,0,0,0,0,0,0,0,0,0,2278,detection,
2281407,21,17,596,596,0,0,0,0,0,0,2,0,0,0,2281,detection,
2283192,10,18,1451,1451,0,0,0,0,0,0,6,0,0,0,2283,detection,
2283233,7,18,1451,1451,0,0,0,0,0,0,6,0,0,0,2283,detection,
2287262,11,22,512,512,0,0,0,0,0,0,2,0,0,0,2287,detection,
2291037,21,27,397,421,-24,0,8,100,26,16,4,1,95,100,2291,detection,
2292856,8,31,276,348,-72,0,28,100,1,0,0,50,98,100,2292,detection,
2300224,20,6,683,683,0,0,0,0,0,0,6,0,0,0,2300,detection,
2300701,17,23,276,350,-74,0,23,100,11,0,11,0,95,100,2300,detection,
2300786,21,23,276,350,-74,0,23,100,11,0,11,0,95,100,2300,detection,
2300801,5,23,276,350,-74,0,25,100,12,0,7,0,95,100,2300,detection,
2306567,10,18,1451,1451,0,0,0,0,0,0,6,0,0,0,2306,detection,
2306608,7,18,1451,1451,0,0,0,0,0,0,7,0,0,0,2306,detection,
2309195,10,30,1176,1396,-220,0,75,100,13,0,7,0,82,75,2309,detection,
2310536,21,23,276,344,-68,0,21,100,1,0,11,0,95,100,2310,detection,
2310555,5,23,276,344,-68,0,23,100,1,0,7,0,95,100,2310,detection,
2310574,17,23,276,344,-68,0,21,100,1,0,11,0,95,100,2310,detection,
2310605,20,23,276,344,-68,0,21,100,10,0,11,0,95,100,2310,detection,
2310609,2,14,512,512,0,0,0,0,0,0,5,0,0,0,2310,detection,
2310634,6,23,276,344,-68,0,21,100,6,0,11,0,95,100,2310,detection,
2310640,11,23,276,344,-68,0,20,100,9,0,15,0,95,100,2310,detection,
2316431,4,25,962,996,-34,0,12,100,0,0,2,0,95,100,2316,detection,
2316485,7,25,962,996,-34,0,13,100,0,0,1,0,95,100,2316,detection,
2316507,9,25,962,996,-34,0,11,100,0,0,8,0,95,100,2316,detection,
2316789,14,3,512,512,0,0,0,0,0,0,0,0,0,0,2316,detection,
2320785,21,12,940,940,0,0,0,0,0,0,5,0,0,0,2320,detection,
2320846,15,12,940,940,0,0,0,0,0,0,7,0,0,0,2320,detection,
2323848,15,11,604,604,0,0,0,0,0,0,7,0,0,0,2323,detection,
2324824,17,23,276,323,-47,0,15,100,4,0,11,0,95,100,2324,detection,
2324855,20,23,276,323,-47,0,15,100,4,0,11,0,95,100,2324,detection,
2324890,11,23,276,323,-47,0,14,100,4,0,15,0,95,100,2324,detection,
2324910,21,23,276,323,-47,0,15,100,4,0,11,0,95,100,2324,detection,
2325451,17,21,662,662,0,0,0,0,0,0,1,0,0,0,2325,detection,
2330103,13,9,667,667,0,0,0,0,0,0,0,0,0,0,2330,detection,
2333392,19,15,611,611,0,0,0,0,0,0,8,0,0,0,2333,detection,
2334852,8,29,276,276,0,0,0,0,0,0,2,0,0,0,2334,detection,
2336326,17,23,276,313,-37,0,11,100,2,0,11,0,95,100,2336,detection,
2336352,20,23,276,313,-37,0,11,100,2,0,11,0,95,100,2336,detection,
2336391,11,23,276,313,-37,0,11,100,2,0,15,0,95,100,2336,detection,
2336411,21,23,276,313,-37,0,11,100,2,0,11,0,95,100,2336,detection,
2336426,5,23,276,313,-37,0,12,100,7,0,7,0,95,100,2336,detection,
2343161,21,23,276,320,-44,0,14,100,1,0,11,0,95,100,2343,detection,
2343176,5,23,276,320,-44,0,15,100,1,0,7,0,95,100,2343,detection,
2343200,17,23,276,320,-44,0,14,100,1,0,11,0,95,100,2343,detection,
2343230,20,23,276,320,-44,0,14,100,1,0,11,0,95,100,2343,detection,
2343255,6,23,276,320,-44,0,14,100,5,0,11,0,95,100,2343,detection,
2343265,11,23,276,320,-44,0,13,100,1,0,15,0,95,100,2343,detection,
2350324,17,23,276,375,-99,0,31,100,11,0,11,0,95,100,2350,detection,
2350355,20,23,276,375,-99,0,31,100,11,0,11,0,95,100,2350,detection,
2350384,6,23,276,375,-99,0,31,100,11,0,11,0,95,100,2350,detection,
2350390,11,23,276,375,-99,0,31,100,11,0,11,0,95,100,2350,detection,
2350410,21,23,276,375,-99,0,34,100,12,0,7,0,95,100,2350,detection,
2350429,5,23,276,375,-99,0,34,100,12,0,7,0,95,100,2350,detection,
2355854,20,27,377,440,-63,0,23,100,13,0,3,5,95,100,2355,detection,
2356352,20,23,276,333,-57,0,18,100,8,0,11,0,95,100,2356,detection,
2356382,6,23,276,333,-57,0,18,100,8,0,11,0,95,100,2356,detection,
2356392,11,23,276,333,-57,0,18,100,8,0,11,0,95,100,2356,detection,
2356426,5,23,276,333,-57,0,20,100,10,0,4,0,95,100,2356,detection,
2356450,17,23,276,333,-57,0,18,100,8,0,11,0,95,100,2356,detection,
2357848,20,22,512,512,0,0,0,0,0,0,3,0,0,0,2357,detection,
2361105,8,2,612,612,0,0,0,0,0,0,0,0,0,0,2361,detection,
2363603,20,23,276,304,-28,0,8,100,6,0,11,0,95,100,2363,detection,
2363632,6,23,276,304,-28,0,8,100,6,0,11,0,95,100,2363,detection,
2363642,11,23,276,304,-28,0,8,100,6,0,11,0,95,100,2363,detection,
2363658,21,23,276,304,-28,0,9,100,16,0,7,0,95,100,2363,detection,
2363677,5,23,276,304,-28,0,10,100,7,0,3,0,95,100,2363,detection,
2363700,17,23,276,304,-28,0,9,100,6,0,7,0,95,100,2363,detection,
2364477,8,16,578,578,0,0,0,0,0,0,3,0,0,0,2364,detection,
2367222,15,28,276,324,-48,0,15,100,5,0,12,0,95,100,2367,detection,
2367226,13,28,276,324,-48,0,16,100,6,0,8,0,95,100,2367,detection,
2367235,7,28,276,324,-48,0,16,100,6,0,7,0,95,100,2367,detection,
2367256,9,28,276,324,-48,0,16,100,6,0,8,0,95,100,2367,detection,
2370429,5,23,276,293,-17,0,6,100,2,0,3,0,95,100,2370,detection,
2370509,6,23,276,293,-17,0,5,100,2,0,7,0,95,100,2370,detection,
2370514,11,23,276,293,-17,0,5,21,2,0,12,0,0,0,2370,detection,
2373552,5,28,276,342,-66,0,22,100,2,0,7,0,95,100,2373,detection,
2373594,15,28,276,342,-66,0,19,100,3,0,15,0,95,100,2373,detection,
2373603,13,28,276,342,-66,0,20,100,3,0,12,0,95,100,2373,detection,
2373617,7,28,276,342,-66,0,21,100,3,0,11,0,95,100,2373,detection,
2373633,9,28,276,342,-66,0,20,100,3,0,12,0,95,100,2373,detection,
2374207,1,11,661,661,0,0,0,0,0,0,4,0,0,0,2374,detection,
2374228,20,11,661,661,0,0,0,0,0,0,9,0,0,0,2374,detection,
2374268,19,11,661,661,0,0,0,0,0,0,8,0,0,0,2374,detection,
2374295,22,11,661,661,0,0,0,0,0,0,7,0,0,0,2374,detection,
2374800,5,20,609,609,0,0,0,0,0,0,13,0,0,0,2374,detection,
2377424,1,3,512,512,0,0,0,0,0,0,24,0,0,0,2377,detection,
2377552,5,23,276,321,-45,0,16,100,6,0,3,0,95,100,2377,detection,
2377576,17,23,276,321,-45,0,15,100,3,0,7,0,95,100,2377,detection,
2377602,20,23,276,321,-45,0,14,100,3,0,11,0,95,100,2377,detection,
2377632,6,23,276,321,-45,0,15,100,6,0,7,0,95,100,2377,detection,
2377641,11,23,276,321,-45,0,14,70,5,0,12,0,94,100,2377,detection,
2377657,21,23,276,321,-45,0,15,100,3,0,7,0,95,100,2377,detection,
2378278,1,11,878,878,0,0,0,0,0,0,7,0,0,0,2378,detection,
2378294,22,11,878,878,0,0,0,0,0,0,11,0,0,0,2378,detection,
2378303,5,11,878,878,0,0,0,0,0,0,13,0,0,0,2378,detection,
2378344,15,11,878,878,0,0,0,0,0,0,18,0,0,0,2378,detection,
2378351,20,11,878,878,0,0,0,0,0,0,12,0,0,0,2378,detection,
2378381,6,11,878,878,0,0,0,0,0,0,16,0,0,0,2378,detection,
2378391,19,11,878,878,0,0,0,0,0,0,12,0,0,0,2378,detection,
2378506,9,7,623,623,0,0,0,0,0,0,7,0,0,0,2378,detection,
2382227,20,23,276,329,-53,0,18,100,1,0,7,0,95,100,2382,detection,
2382257,6,23,276,329,-53,0,18,100,1,0,7,0,95,100,2382,detection,
2382266,11,23,276,329,-53,0,16,70,1,0,12,0,94,100,2382,detection,
2382301,5,23,276,329,-53,0,19,100,1,0,3,0,95,100,2382,detection,
2382325,17,23,276,329,-53,0,18,100,1,0,7,0,95,100,2382,detection,
2382440,10,18,1451,1451,0,0,0,0,0,0,6,0,0,0,2382,detection,
2384229,8,13,550,550,0,0,0,0,0,0,5,0,0,0,2384,detection,
2384234,7,13,550,550,0,0,0,0,0,0,8,0,0,0,2384,detection,
2384254,9,13,550,550,0,0,0,0,0,0,8,0,0,0,2384,detection,
2384272,19,13,550,550,0,0,0,0,0,0,8,0,0,0,2384,detection,
2384971,15,28,276,347,-71,0,21,100,1,0,15,0,95,100,2384,detection,
2384980,13,28,276,347,-71,0,22,100,1,0,13,0,95,100,2384,detection,
2384985,7,28,276,347,-71,0,22,100,1,0,11,0,95,100,2384,detection,
2385005,9,28,276,347,-71,0,22,100,1,0,11,0,95,100,2385,detection,
2385059,5,28,276,347,-71,0,24,100,1,0,7,0,95,100,2385,detection,
2390676,1,11,886,886,0,0,0,0,0,0,9,0,0,0,2390,detection,
2390728,20,11,886,886,0,0,0,0,0,0,9,0,0,0,2390,detection,
2390758,6,11,886,886,0,0,0,0,0,0,18,0,0,0,2390,detection,
2390795,22,11,886,886,0,0,0,0,0,0,13,0,0,0,2390,detection,
2392680,5,28,276,403,-127,0,40,100,11,0,12,0,95,100,2392,detection,
2392722,15,28,276,403,-127,0,39,100,11,0,13,0,95,100,2392,detection,
2392730,13,28,276,403,-127,0,37,100,10,0,17,0,95,100,2392,detection,
2392736,7,28,276,403,-127,0,38,100,11,0,15,0,95,100,2392,detection,
2392756,9,28,276,403,-127,0,38,100,11,0,15,0,95,100,2392,detection,
2394926,5,13,689,689,0,0,0,0,0,0,4,12,0,0,2394,detection,
2394977,8,13,689,689,0,0,0,0,0,0,9,6,0,0,2394,detection,
2394985,7,13,689,689,0,0,0,0,0,0,12,0,0,0,2394,detection,
2395002,9,13,689,689,0,0,0,0,0,0,12,0,0,0,2395,detection,
2395016,19,13,689,689,0,0,0,0,0,0,12,6,0,0,2395,detection,
2395382,6,11,886,886,0,0,0,0,0,0,13,0,0,0,2395,detection,
2396005,9,8,702,702,0,0,0,0,0,0,3,0,0,0,2396,detection,
2399481,13,28,276,357,-81,0,23,100,8,0,17,0,95,100,2399,detection,
2399487,7,28,276,357,-81,0,24,100,9,0,15,0,95,100,2399,detection,
2399507,9,28,276,357,-81,0,24,100,9,0,15,0,95,100,2399,detection,
2399555,5,28,276,357,-81,0,25,100,9,0,11,0,95,100,2399,detection,
2402801,5,13,704,704,0,0,0,0,0,0,4,12,0,0,2402,detection,
2402852,8,13,704,704,0,0,0,0,0,0,9,12,0,0,2402,detection,
2402860,7,13,704,704,0,0,0,0,0,0,12,0,0,0,2402,detection,
2402877,9,13,704,704,0,0,0,0,0,0,12,0,0,0,2402,detection,
2402891,19,13,704,704,0,0,0,0,0,0,12,12,0,0,2402,detection,
2405930,5,28,276,333,-57,0,18,100,5,0,11,0,95,100,2405,detection,
2405980,13,28,276,333,-57,0,17,100,5,0,12,0,95,100,2405,detection,
2405985,7,28,276,333,-57,0,17,100,4,0,15,0,95,100,2405,detection,
2406006,9,28,276,333,-57,0,17,100,4,0,15,0,95,100,2406,detection,
2408634,6,17,647,647,0,0,0,0,0,0,3,0,0,0,2408,detection,
2412471,15,28,276,340,-64,0,19,100,13,0,13,0,95,100,2412,detection,
2412479,13,28,276,340,-64,0,20,100,1,0,12,0,95,100,2412,detection,
2412484,7,28,276,340,-64,0,19,100,1,0,15,0,95,100,2412,detection,
2412509,9,28,276,340,-64,0,19,100,1,0,15,0,95,100,2412,detection,
2412553,5,28,276,340,-64,0,20,100,1,0,11,25,97,100,2412,detection,
2414101,8,13,704,704,0,0,0,0,0,0,9,12,0,0,2414,detection,
2414109,7,13,704,704,0,0,0,0,0,0,12,0,0,0,2414,detection,
2414130,9,13,704,704,0,0,0,0,0,0,12,0,0,0,2414,detection,
2414140,19,13,704,704,0,0,0,0,0,0,12,12,0,0,2414,detection,
2414361,2,29,276,276,0,0,0,0,3,33,1,0,0,0,2414,detection,
2414759,6,23,276,333,-57,0,19,100,0,0,7,0,95,100,2414,detection,
2414764,11,23,276,333,-57,0,17,70,0,0,12,0,94,100,2414,detection,
2414784,21,23,276,333,-57,0,19,100,2,0,7,0,95,100,2414,detection,
2414803,5,23,276,333,-57,0,21,100,0,0,3,0,95,100,2414,detection,
2414827,17,23,276,333,-57,0,19,100,0,0,7,0,95,100,2414,detection,
2416509,9,28,276,344,-68,0,21,100,0,0,11,0,95,100,2416,detection,
2416603,13,28,276,344,-68,0,21,100,0,0,12,0,95,100,2416,detection,
2416617,7,28,276,344,-68,0,21,100,0,0,11,0,95,100,2416,detection,
2419391,11,22,512,512,0,0,0,0,0,0,3,0,0,0,2419,detection,
2420598,16,24,551,604,-53,0,20,70,9,16,0,0,94,100,2420,detection,
2422512,18,30,1156,1428,-272,0,98,100,31,0,4,0,82,75,2422,detection,
2423177,5,28,276,345,-69,0,22,100,1,0,11,0,95,100,2423,detection,
2423219,15,28,276,345,-69,0,21,100,1,0,13,0,95,100,2423,detection,
2423237,7,28,276,345,-69,0,22,100,0,0,11,0,95,100,2423,detection,
2426727,20,23,276,522,-246,0,81,100,42,0,9,0,82,75,2426,detection,
2426757,6,23,276,522,-246,0,81,100,41,0,9,0,82,75,2426,detection,
2426767,11,23,276,522,-246,0,75,100,38,0,14,0,82,75,2426,detection,
2426787,21,23,276,522,-246,0,81,100,41,0,9,0,82,75,2426,detection,
2426801,5,23,276,522,-246,0,87,100,44,0,5,0,82,75,2426,detection,
2426825,17,23,276,522,-246,0,81,100,41,0,9,0,82,75,2426,detection,
2429182,4,25,942,976,-34,0,13,100,0,0,1,0,95,100,2429,detection,
2430200,1,11,886,886,0,0,0,0,0,0,9,0,0,0,2430,detection,
2430256,6,11,886,886,0,0,0,0,0,0,13,0,0,0,2430,detection,
2430266,19,11,886,886,0,0,0,0,0,0,15,0,0,0,2430,detection,
2430297,22,11,886,886,0,0,0,0,0,0,9,0,0,0,2430,detection,
2430302,5,11,886,886,0,0,0,0,0,0,15,0,0,0,2430,detection,
2436676,5,28,276,325,-49,0,16,100,4,0,7,0,95,100,2436,detection,
2436737,7,28,276,325,-49,0,15,100,4,0,11,0,95,100,2436,detection,
2436757,9,28,276,325,-49,0,15,100,4,0,11,0,95,100,2436,detection,
2438735,7,26,1144,1189,-45,0,15,100,11,0,7,2,95,100,2438,detection,
2444972,15,28,276,325,-49,0,15,100,4,0,12,0,95,100,2444,detection,
2444981,13,28,276,325,-49,0,15,100,3,0,12,0,95,100,2444,detection,
2444986,7,28,276,325,-49,0,15,100,0,0,11,0,95,100,2444,detection,
2445007,9,28,276,325,-49,0,15,100,0,0,11,0,95,100,2445,detection,
2445140,19,9,627,627,0,0,0,0,0,0,1,0,0,0,2445,detection,
2445232,7,13,718,718,0,0,0,0,0,0,12,0,0,0,2445,detection,
2445257,9,13,718,718,0,0,0,0,0,0,12,0,0,0,2445,detection,
2445267,19,13,718,718,0,0,0,0,0,0,11,12,0,0,2445,detection,
2445300,5,13,718,718,0,0,0,0,0,0,4,12,0,0,2445,detection,
2446476,13,19,559,559,0,0,0,0,0,0,3,0,0,0,2446,detection,
2446824,17,12,940,940,0,0,0,0,0,0,4,0,0,0,2446,detection,
2447302,5,23,276,497,-221,0,78,100,5,0,5,0,82,75,2447,detection,
2447326,17,23,276,497,-221,0,73,100,5,0,9,0,82,75,2447,detection,
2447352,20,23,276,497,-221,0,73,100,5,0,9,0,82,75,2447,detection,
2447382,6,23,276,497,-221,0,73,100,5,0,9,0,82,75,2447,detection,
2447392,11,23,276,497,-221,0,73,100,5,0,9,0,82,75,2447,detection,
2447408,21,23,276,497,-221,0,73,100,5,0,9,0,82,75,2447,detection,
2453888,18,10,1448,1448,0,0,0,0,0,0,0,0,0,0,2453,detection,
2460289,14,3,512,512,0,0,0,0,0,0,0,0,0,0,2460,detection,
2462181,4,25,922,956,-34,0,13,100,0,0,1,0,95,100,2462,detection,
2464203,17,23,276,454,-178,0,58,100,9,0,9,0,95,100,2464,detection,
2464229,20,23,276,454,-178,0,58,100,9,0,9,0,95,100,2464,detection,
2464259,6,23,276,454,-178,0,58,100,9,0,9,0,95,100,2464,detection,
2464264,11,23,276,454,-178,0,58,100,9,0,9,0,95,100,2464,detection,
2464546,22,11,886,886,0,0,0,0,0,0,9,0,0,0,2464,detection,
2467843,15,7,582,582,0,0,0,0,0,0,11,0,0,0,2467,detection,
2468017,11,6,641,641,0,0,0,0,0,0,10,0,0,0,2468,detection,
2469480,20,23,276,425,-149,0,49,100,6,0,9,0,95,100,2469,detection,
2469515,11,23,276,425,-149,0,49,100,6,0,9,0,95,100,2469,detection,
2469536,21,23,276,425,-149,0,49,100,15,0,9,0,95,100,2469,detection,
2469550,5,23,276,425,-149,0,57,100,18,0,1,0,95,100,2469,detection,
2471890,11,20,669,669,0,0,0,0,0,0,2,0,0,0,2471,detection,
2474300,5,15,606,606,0,0,0,0,0,0,8,0,0,0,2474,detection,
2482555,5,23,276,410,-134,0,51,100,3,0,1,0,95,100,2482,detection,
2482634,6,23,276,410,-134,0,44,100,9,0,9,0,95,100,2482,detection,
2482640,11,23,276,410,-134,0,45,100,3,0,8,0,95,100,2482,detection,
2486596,15,28,276,307,-31,0,9,100,3,0,13,0,95,100,2486,detection,
2486604,13,28,276,307,-31,0,9,100,3,0,12,0,95,100,2486,detection,
2486609,7,28,276,307,-31,0,9,100,3,0,11,0,95,100,2486,detection,
2486634,9,28,276,307,-31,0,9,100,3,0,11,0,95,100,2486,detection,
2486678,5,28,276,307,-31,0,10,100,4,0,7,0,95,100,2486,detection,
2489646,1,11,886,886,0,0,0,0,0,0,9,0,0,0,2489,detection,
2489670,22,11,886,886,0,0,0,0,0,0,9,0,0,0,2489,detection,
2489675,5,11,886,886,0,0,0,0,0,0,15,0,0,0,2489,detection,
2489721,15,11,886,886,0,0,0,0,0,0,20,0,0,0,2489,detection,
2489727,20,11,886,886,0,0,0,0,0,0,9,0,0,0,2489,detection,
2489757,6,11,886,886,0,0,0,0,0,0,13,0,0,0,2489,detection,
2489767,19,11,886,886,0,0,0,0,0,0,9,0,0,0,2489,detection,
2493852,20,23,276,443,-167,0,52,100,3,0,12,0,95,100,2493,detection,
2493882,6,23,276,443,-167,0,55,100,7,0,9,0,95,100,2493,detection,
2493892,11,23,276,443,-167,0,52,100,6,0,12,0,95,100,2493,detection,
2493908,21,23,276,443,-167,0,52,100,3,0,12,0,95,100,2493,detection,
2493926,5,23,276,443,-167,0,59,100,7,0,5,0,95,100,2493,detection,
2493953,17,23,276,443,-167,0,52,100,2,0,12,0,95,100,2493,detection,
2495325,17,12,940,940,0,0,0,0,0,0,4,0,0,0,2495,detection,
2496221,15,28,276,323,-47,0,14,100,3,0,13,0,95,100,2496,detection,
2496230,13,28,276,323,-47,0,14,100,3,0,12,0,95,100,2496,detection,
2496235,7,28,276,323,-47,0,15,100,3,0,11,0,95,100,2496,detection,
2496256,9,28,276,323,-47,0,15,100,3,0,11,0,95,100,2496,detection,
2496303,5,28,276,323,-47,0,16,100,3,0,7,0,95,100,2496,detection,
2497481,13,24,531,578,-47,0,17,97,6,16,2,0,95,100,2497,detection,
2499444,10,18,1454,1454,0,0,0,0,0,0,6,0,0,0,2499,detection,
2501176,5,28,276,361,-85,0,29,100,8,0,7,0,95,100,2501,detection,
2501219,15,28,276,361,-85,0,26,100,7,0,13,0,95,100,2501,detection,
2501237,7,28,276,361,-85,0,27,100,8,0,11,0,95,100,2501,detection,
2501258,9,28,276,361,-85,0,27,100,8,0,11,0,95,100,2501,detection,
2502008,9,30,1136,1295,-159,0,58,100,7,0,3,100,99,100,2502,detection,
2504977,8,13,718,718,0,0,0,0,0,0,4,12,0,0,2504,detection,
2504982,7,13,718,718,0,0,0,0,0,0,6,0,0,0,2504,detection,
2505007,9,13,718,718,0,0,0,0,0,0,11,0,0,0,2505,detection,
2505017,19,13,718,718,0,0,0,0,0,0,13,12,0,0,2505,detection,
2505057,5,13,718,718,0,0,0,0,0,0,4,12,0,0,2505,detection,
2508133,6,27,357,446,-89,0,34,100,2,0,1,9,95,100,2508,detection,
2508760,9,28,276,492,-216,0,68,100,27,0,12,0,82,75,2508,detection,
2508803,5,28,276,492,-216,0,72,100,29,0,8,0,82,75,2508,detection,
2508845,15,28,276,492,-216,0,66,100,26,0,14,0,82,75,2508,detection,
2508853,13,28,276,492,-216,0,67,100,34,0,13,0,82,75,2508,detection,
2508859,7,28,276,492,-216,0,68,100,27,0,12,0,82,75,2508,detection,
2509227,8,13,718,718,0,0,0,0,0,0,4,12,0,0,2509,detection,
2513847,15,28,276,499,-223,0,73,100,1,0,9,0,82,75,2513,detection,
2513882,9,28,276,499,-223,0,70,100,1,0,12,0,82,75,2513,detection,
2516988,7,25,902,936,-34,0,13,100,0,0,0,0,95,100,2516,detection,
2520179,5,28,276,421,-145,0,48,100,15,0,8,0,95,100,2520,detection,
2520221,15,28,276,421,-145,0,48,100,17,0,8,0,95,100,2520,detection,
2520230,13,28,276,421,-145,0,45,100,14,0,13,0,95,100,2520,detection,
2520235,7,28,276,421,-145,0,48,100,15,0,8,0,95,100,2520,detection,
2520256,9,28,276,421,-145,0,48,100,17,0,8,0,95,100,2520,detection,
2520730,8,19,559,559,0,0,0,0,0,0,1,0,0,0,2520,detection,
2527603,20,23,276,318,-42,0,12,100,24,0,16,0,95,100,2527,detection,
2527632,6,23,276,318,-42,0,13,100,26,0,12,0,95,100,2527,detection,
2527642,11,23,276,318,-42,0,12,100,24,0,16,0,95,100,2527,detection,
2527658,21,23,276,318,-42,0,13,100,26,0,12,0,95,100,2527,detection,
2527677,5,23,276,318,-42,0,14,100,28,0,8,0,95,100,2527,detection,
2527701,17,23,276,318,-42,0,13,100,26,0,12,0,95,100,2527,detection,
2530227,13,28,276,403,-127,0,40,100,3,0,12,0,95,100,2530,detection,
2530237,7,28,276,403,-127,0,40,100,3,0,12,0,95,100,2530,detection,
2530258,9,28,276,403,-127,0,40,100,3,0,12,0,95,100,2530,detection,
2530305,5,28,276,403,-127,0,40,100,3,0,12,0,95,100,2530,detection,
2530347,15,28,276,403,-127,0,40,100,3,0,12,0,95,100,2530,detection,
2531188,1,22,512,512,0,0,0,0,0,0,0,0,0,0,2531,detection,
2534227,20,23,276,302,-26,0,7,100,3,0,16,0,95,100,2534,detection,
2534256,6,23,276,302,-26,0,8,100,3,0,12,0,95,100,2534,detection,
2534266,11,23,276,302,-26,0,7,100,3,0,16,0,95,100,2534,detection,
2534301,5,23,276,302,-26,0,8,100,3,0,9,0,95,100,2534,detection,
2534325,17,23,276,302,-26,0,8,100,3,0,12,0,95,100,2534,detection,
2535639,19,5,569,569,0,0,0,0,0,0,11,0,0,0,2535,detection,
2537103,20,6,675,675,0,0,0,0,0,0,5,0,0,0,2537,detection,
2537928,5,28,276,338,-62,0,19,100,13,0,12,0,95,100,2537,detection,
2537970,15,28,276,338,-62,0,19,100,13,0,12,0,95,100,2537,detection,
2537978,13,28,276,338,-62,0,19,100,13,0,12,0,95,100,2537,detection,
2537988,7,28,276,338,-62,0,19,100,13,0,12,0,95,100,2537,detection,
2540385,6,23,276,337,-61,0,19,100,7,0,12,0,95,100,2540,detection,
2540391,11,23,276,337,-61,0,18,100,6,0,16,0,95,100,2540,detection,
2540411,21,23,276,337,-61,0,19,100,3,0,12,0,95,100,2540,detection,
2540430,5,23,276,337,-61,0,20,100,7,0,9,0,95,100,2540,detection,
2540449,17,23,276,337,-61,0,19,100,7,0,12,0,95,100,2540,detection,
2540480,20,23,276,337,-61,0,19,100,7,0,12,0,95,100,2540,detection,
2541428,4,16,573,573,0,0,0,0,0,0,2,0,0,0,2541,detection,
2543556,4,9,606,606,0,0,0,0,0,0,0,0,0,0,2543,detection,
2544362,7,28,276,373,-97,0,31,100,7,0,11,0,95,100,2544,detection,
2544414,14,31,276,495,-219,0,83,100,46,0,1,50,87,100,2544,detection,
2544430,5,28,276,373,-97,0,33,100,8,0,7,0,95,100,2544,detection,
2544631,6,20,695,695,0,0,0,0,0,0,10,0,0,0,2544,detection,
2546287,14,2,583,583,0,0,0,0,0,0,1,0,0,0,2546,detection,
2548551,5,11,886,886,0,0,0,0,0,0,15,0,0,0,2548,detection,
2550757,6,20,688,688,0,0,0,0,0,0,10,0,0,0,2550,detection,
2550763,11,20,688,688,0,0,0,0,0,0,6,0,0,0,2550,detection,
2550794,22,20,688,688,0,0,0,0,0,0,4,0,0,0,2550,detection,
2550802,5,20,688,688,0,0,0,0,0,0,16,0,0,0,2550,detection,
2552536,14,3,512,512,0,0,0,0,0,0,0,0,0,0,2552,detection,
2559634,9,28,276,392,-116,0,36,100,2,0,12,0,95,100,2559,detection,
2559677,5,28,276,392,-116,0,39,100,4,0,7,0,95,100,2559,detection,
2559719,15,28,276,392,-116,0,36,100,11,0,12,0,95,100,2559,detection,
2559737,7,28,276,392,-116,0,37,100,4,0,11,0,95,100,2559,detection,
2564384,6,23,276,390,-114,0,35,100,11,0,12,0,95,100,2564,detection,
2564390,11,23,276,390,-114,0,35,100,11,0,12,0,95,100,2564,detection,
2564410,21,23,276,390,-114,0,35,100,11,0,12,0,95,100,2564,detection,
2564429,5,23,276,390,-114,0,38,100,11,0,8,25,97,100,2564,detection,
2564452,17,23,276,390,-114,0,35,100,11,0,12,0,95,100,2564,detection,
2564478,20,23,276,390,-114,0,35,70,10,0,13,0,94,100,2564,detection,
2566253,6,20,688,688,0,0,0,0,0,0,10,0,0,0,2566,detection,
2566264,11,20,688,688,0,0,0,0,0,0,6,0,0,0,2566,detection,
2566295,22,20,688,688,0,0,0,0,0,0,4,0,0,0,2566,detection,
2566302,5,20,688,688,0,0,0,0,0,0,11,0,0,0,2566,detection,
2567230,13,28,276,375,-99,0,31,100,7,0,12,0,95,100,2567,detection,
2567235,7,28,276,375,-99,0,31,100,3,0,11,0,95,100,2567,detection,
2567256,9,28,276,375,-99,0,31,100,3,0,12,0,95,100,2567,detection,
2570576,17,23,276,293,-17,0,5,100,19,0,16,0,95,100,2570,detection,
2570602,20,23,276,293,-17,0,4,70,18,0,17,0,94,100,2570,detection,
2570632,6,23,276,293,-17,0,5,100,19,0,16,0,95,100,2570,detection,
2570641,11,23,276,293,-17,0,5,100,19,0,16,0,95,100,2570,detection,
2570658,21,23,276,293,-17,0,5,100,19,0,16,0,95,100,2570,detection,
2570676,5,23,276,293,-17,0,5,100,20,0,12,0,95,100,2570,detection,
2573764,11,23,276,285,-9,0,2,100,1,0,16,0,95,100,2573,detection,
2577971,15,28,276,427,-151,0,44,100,6,0,17,0,95,100,2577,detection,
2578981,13,28,276,405,-129,0,38,100,6,0,15,0,95,100,2578,detection,
2579007,9,28,276,405,-129,0,38,100,6,0,15,0,95,100,2579,detection,
2579055,5,28,276,405,-129,0,40,100,2,0,12,0,95,100,2579,detection,
2579172,22,20,660,660,0,0,0,0,0,0,5,0,0,0,2579,detection,
2579265,11,15,532,532,0,0,0,0,0,0,19,0,0,0,2579,detection,
2579268,19,15,532,532,0,0,0,0,0,0,15,0,0,0,2579,detection,
2579313,12,15,532,532,0,0,0,0,0,0,12,0,0,0,2579,detection,
2579358,7,15,532,532,0,0,0,0,0,0,6,0,0,0,2579,detection,
2582199,17,6,613,613,0,0,0,0,0,0,10,0,0,0,2582,detection,
2582225,20,6,613,613,0,0,0,0,0,0,10,0,0,0,2582,detection,
2582265,11,6,613,613,0,0,0,0,0,0,14,0,0,0,2582,detection,
2586770,19,24,511,558,-47,0,16,78,7,33,5,0,94,100,2586,detection,
2588438,12,15,532,532,0,0,0,0,0,0,12,0,0,0,2588,detection,
2588452,17,15,532,532,0,0,0,0,0,0,10,0,0,0,2588,detection,
2588483,7,15,532,532,0,0,0,0,0,0,6,0,0,0,2588,detection,
2588514,11,15,532,532,0,0,0,0,0,0,14,0,0,0,2588,detection,
2588517,19,15,532,532,0,0,0,0,0,0,15,0,0,0,2588,detection,
2589576,17,6,613,613,0,0,0,0,0,0,10,0,0,0,2589,detection,
2589603,20,6,613,613,0,0,0,0,0,0,10,0,0,0,2589,detection,
2590480,8,13,718,718,0,0,0,0,0,0,4,12,0,0,2590,detection,
2590506,9,13,718,718,0,0,0,0,0,0,6,0,0,0,2590,detection,
2590950,17,23,276,279,-3,0,0,100,2,0,20,0,95,100,2590,detection,
2590976,20,23,276,279,-3,0,0,70,2,0,21,0,91,100,2590,detection,
2591005,6,23,276,279,-3,0,0,0,2,0,21,0,0,0,2591,detection,
2591016,11,23,276,279,-3,0,0,100,1,0,20,0,95,100,2591,detection,
2591036,21,23,276,279,-3,0,0,100,2,0,20,0,95,100,2591,detection,
2592630,6,20,660,660,0,0,0,0,0,0,11,0,0,0,2592,detection,
2592671,22,20,660,660,0,0,0,0,0,0,5,0,0,0,2592,detection,
2592674,5,20,660,660,0,0,0,0,0,0,11,0,0,0,2592,detection,
2593038,14,29,276,276,0,0,0,0,1,33,0,0,0,0,2593,detection,
2595094,15,28,276,388,-112,0,33,100,7,0,16,0,95,100,2595,detection,
2595112,7,28,276,388,-112,0,33,100,2,0,15,0,95,100,2595,detection,
2595133,9,28,276,388,-112,0,33,100,3,0,15,0,95,100,2595,detection,
2595180,5,28,276,388,-112,0,35,100,3,0,11,0,95,100,2595,detection,
2597484,2,8,702,702,0,0,0,0,0,0,4,0,0,0,2597,detection,
2597926,5,23,276,276,0,0,0,100,3,14,12,0,95,100,2597,detection,
2597949,17,23,276,276,0,0,0,100,0,12,24,0,87,100,2597,detection,
2597979,20,23,276,276,0,0,0,70,0,11,25,0,84,75,2597,detection,
2598008,6,23,276,276,0,0,0,0,0,11,25,0,0,0,2598,detection,
2598034,21,23,276,276,0,0,0,100,0,12,24,0,87,100,2598,detection,
2600890,11,6,613,613,0,0,0,0,0,0,15,0,0,0,2600,detection,
2601578,17,27,337,374,-37,0,13,100,16,0,5,0,95,100,2601,detection,
2601603,20,27,337,374,-37,0,12,100,5,0,7,0,95,100,2601,detection,
2601632,6,27,337,374,-37,0,12,100,12,0,6,0,95,100,2601,detection,
2601659,21,27,337,374,-37,0,12,100,2,0,7,0,95,100,2601,detection,
2603952,17,23,276,277,-1,0,0,0,0,0,29,0,0,0,2603,detection,
2603976,20,23,276,277,-1,0,0,70,0,22,29,0,79,75,2603,detection,
2604009,6,23,276,277,-1,0,0,0,0,22,25,0,0,0,2604,detection,
2604016,11,23,276,277,-1,0,0,100,0,0,24,0,87,100,2604,detection,
2604036,21,23,276,277,-1,0,0,100,0,22,27,0,82,75,2604,detection,
2604055,5,23,276,277,-1,0,0,100,0,28,16,0,95,100,2604,detection,
2604133,6,17,638,638,0,0,0,0,0,0,4,0,0,0,2604,detection,
2604159,21,17,638,638,0,0,0,0,0,0,6,0,0,0,2604,detection,
2604891,19,15,600,600,0,0,0,0,0,0,9,0,0,0,2604,detection,
2604892,11,15,600,600,0,0,0,0,0,0,14,0,0,0,2604,detection,
2604907,21,15,600,600,0,0,0,0,0,0,5,0,0,0,2604,detection,
2604926,5,15,600,600,0,0,0,0,0,0,6,0,0,0,2604,detection,
2604940,12,15,600,600,0,0,0,0,0,0,12,0,0,0,2604,detection,
2604953,17,15,600,600,0,0,0,0,0,0,5,0,0,0,2604,detection,
2605516,11,6,593,593,0,0,0,0,0,0,10,0,0,0,2605,detection,
2605575,17,6,593,593,0,0,0,0,0,0,11,0,0,0,2605,detection,
2605601,20,6,593,593,0,0,0,0,0,0,11,0,0,0,2605,detection,
2606894,19,13,592,592,0,0,0,0,0,0,17,0,0,0,2606,detection,
2606927,5,13,592,592,0,0,0,0,0,0,7,0,0,0,2606,detection,
2606978,8,13,592,592,0,0,0,0,0,0,7,0,0,0,2606,detection,
2606982,7,13,592,592,0,0,0,0,0,0,10,0,0,0,2606,detection,
2607003,9,13,592,592,0,0,0,0,0,0,10,0,0,0,2607,detection,
2607480,13,28,276,390,-114,0,31,100,2,0,20,0,95,100,2607,detection,
2607486,7,28,276,390,-114,0,32,100,0,0,19,0,95,100,2607,detection,
2607506,9,28,276,390,-114,0,32,100,0,0,19,0,95,100,2607,detection,
2607578,17,27,317,376,-59,0,19,100,4,0,10,0,95,100,2607,detection,
2607603,20,27,317,376,-59,0,18,100,4,0,13,0,95,100,2607,detection,
2607633,6,27,317,376,-59,0,18,100,4,0,11,0,95,100,2607,detection,
2607659,21,27,317,376,-59,0,18,100,4,0,11,0,95,100,2607,detection,
2607765,11,20,674,674,0,0,0,0,0,0,6,0,0,0,2607,detection,
2607796,22,20,674,674,0,0,0,0,0,0,4,0,0,0,2607,detection,
2607799,5,20,674,674,0,0,0,0,0,0,11,0,0,0,2607,detection,
2610201,17,6,573,573,0,0,0,0,0,0,5,0,0,0,2610,detection,
2610228,20,6,573,573,0,0,0,0,0,0,11,0,0,0,2610,detection,
2610883,6,23,276,276,0,0,0,0,0,33,25,36,0,0,2610,detection,
2610889,11,23,276,276,0,0,0,100,0,12,24,0,87,100,2610,detection,
2610910,21,23,276,276,0,0,0,100,0,33,27,36,97,100,2610,detection,
2610928,5,23,276,276,0,0,0,100,0,42,16,0,95,100,2610,detection,
2612359,7,13,586,586,0,0,0,0,0,0,10,0,0,0,2612,detection,
2612718,15,17,800,800,0,0,0,0,0,0,9,0,0,0,2612,detection,
2612759,6,17,800,800,0,0,0,0,0,0,9,0,0,0,2612,detection,
2612854,13,7,637,637,0,0,0,0,0,0,8,0,0,0,2612,detection,
2612888,11,20,663,663,0,0,0,0,0,0,5,0,0,0,2612,detection,
2612920,22,20,663,663,0,0,0,0,0,0,4,0,0,0,2612,detection,
2614134,6,27,297,317,-20,0,5,100,7,0,16,0,95,100,2614,detection,
2614160,21,27,297,317,-20,0,6,100,8,0,10,0,95,100,2614,detection,
2616353,8,13,580,580,0,0,0,0,0,0,7,0,0,0,2616,detection,
2616357,7,13,580,580,0,0,0,0,0,0,10,0,0,0,2616,detection,
2616378,9,13,580,580,0,0,0,0,0,0,10,0,0,0,2616,detection,
2616393,19,13,580,580,0,0,0,0,0,0,12,0,0,0,2616,detection,
2616426,5,13,580,580,0,0,0,0,0,0,7,0,0,0,2616,detection,
2616727,13,28,276,368,-92,0,25,100,4,0,20,0,95,100,2616,detection,
2616737,7,28,276,368,-92,0,27,100,4,0,15,0,95,100,2616,detection,
2616764,11,20,808,808,0,0,0,0,0,0,9,0,0,0,2616,detection,
2616888,11,6,553,553,0,0,0,0,0,0,9,0,0,0,2616,detection,
2617439,12,15,600,600,0,0,0,0,0,0,7,0,0,0,2617,detection,
2618227,13,5,629,629,0,0,0,0,0,0,14,0,0,0,2618,detection,
2618412,21,27,277,291,-14,0,4,100,1,0,10,0,95,100,2618,detection,
2618633,6,17,800,800,0,0,0,0,0,0,10,0,0,0,2618,detection,
2618659,21,17,800,800,0,0,0,0,0,0,7,0,0,0,2618,detection,
2618687,12,17,800,800,0,0,0,0,0,0,3,0,0,0,2618,detection,
2619409,21,27,276,290,-14,0,4,100,0,0,9,0,95,100,2619,detection,
2619452,17,27,276,290,-14,0,4,100,9,0,15,0,95,100,2619,detection,
2619476,20,27,276,290,-14,0,4,15,8,0,17,0,0,0,2619,detection,
2622324,17,6,885,885,0,0,0,0,0,0,16,0,0,0,2622,detection,
2622351,20,6,885,885,0,0,0,0,0,0,20,0,0,0,2622,detection,
2622390,11,6,885,885,0,0,0,0,0,0,15,0,0,0,2622,detection,
2622631,6,20,800,800,0,0,0,0,0,0,18,0,0,0,2622,detection,
2622640,11,20,800,800,0,0,0,0,0,0,10,0,0,0,2622,detection,
2622672,22,20,800,800,0,0,0,0,0,0,8,0,0,0,2622,detection,
2622844,15,17,572,572,0,0,0,0,0,0,6,0,0,0,2622,detection,
2622881,6,17,572,572,0,0,0,0,0,0,16,0,0,0,2622,detection,
2622940,12,17,572,572,0,0,0,0,0,0,7,0,0,0,2622,detection,
2625162,21,23,276,276,0,0,0,100,0,37,24,58,98,100,2625,detection,
2625176,5,23,276,276,0,0,0,100,0,42,16,0,95,100,2625,detection,
2625198,17,23,276,276,0,0,0,0,0,0,28,0,0,0,2625,detection,
2625230,20,23,276,276,0,0,0,70,0,30,34,0,74,75,2625,detection,
2625255,6,23,276,276,0,0,0,0,0,0,28,58,64,40,2625,detection,
2625265,11,23,276,276,0,0,0,100,0,12,24,0,87,100,2625,detection,
2627174,5,13,570,570,0,0,0,0,0,0,8,0,0,0,2627,detection,
2627230,8,13,570,570,0,0,0,0,0,0,8,0,0,0,2627,detection,
2627234,7,13,570,570,0,0,0,0,0,0,10,0,0,0,2627,detection,
2627255,9,13,570,570,0,0,0,0,0,0,10,0,0,0,2627,detection,
2627265,19,13,570,570,0,0,0,0,0,0,12,0,0,0,2627,detection,
2627323,17,6,849,849,0,0,0,0,0,0,18,0,0,0,2627,detection,
2627354,20,6,849,849,0,0,0,0,0,0,16,0,0,0,2627,detection,
2628387,11,20,816,816,0,0,0,0,0,0,9,0,0,0,2628,detection,
2628419,22,20,816,816,0,0,0,0,0,0,8,0,0,0,2628,detection,
2628426,5,20,816,816,0,0,0,0,0,0,14,0,0,0,2628,detection,
2628506,6,20,816,816,0,0,0,0,0,0,18,0,0,0,2628,detection,
2628758,6,17,593,593,0,0,0,0,0,0,16,0,0,0,2628,detection,
2628785,21,17,593,593,0,0,0,0,0,0,10,0,0,0,2628,detection,
2628813,12,17,593,593,0,0,0,0,0,0,6,0,0,0,2628,detection,
2629861,7,28,276,358,-82,0,24,100,2,0,15,0,95,100,2629,detection,
2629929,5,28,276,358,-82,0,24,100,6,0,15,0,95,100,2629,detection,
2629970,15,28,276,358,-82,0,22,100,5,0,20,0,95,100,2629,detection,
2630358,8,31,276,570,-294,0,100,100,55,0,2,50,87,100,2630,detection,
2631632,6,27,276,325,-49,0,14,70,5,0,17,0,94,100,2631,detection,
2631659,21,27,276,325,-49,0,16,100,7,0,9,0,95,100,2631,detection,
2631702,17,27,276,325,-49,0,15,100,7,0,13,0,95,100,2631,detection,
2631727,20,27,276,325,-49,0,13,70,6,0,20,0,94,100,2631,detection,
2633356,8,16,564,564,0,0,0,0,0,0,1,0,0,0,2633,detection,
2634575,17,6,532,532,0,0,0,0,0,0,23,0,0,0,2634,detection,
2634601,20,6,532,532,0,0,0,0,0,0,22,0,0,0,2634,detection,
2634641,11,6,532,532,0,0,0,0,0,0,19,0,0,0,2634,detection,
2635131,6,20,788,788,0,0,0,0,0,0,18,0,0,0,2635,detection,
2635141,11,20,788,788,0,0,0,0,0,0,8,0,0,0,2635,detection,
2635172,22,20,788,788,0,0,0,0,0,0,8,0,0,0,2635,detection,
2635175,5,20,788,788,0,0,0,0,0,0,18,0,0,0,2635,detection,
2635389,19,15,618,618,0,0,0,0,0,0,9,0,0,0,2635,detection,
2635390,11,15,618,618,0,0,0,0,0,0,13,0,0,0,2635,detection,
2635405,21,15,618,618,0,0,0,0,0,0,5,0,0,0,2635,detection,
2635429,5,15,618,618,0,0,0,0,0,0,6,0,0,0,2635,detection,
2635438,12,15,618,618,0,0,0,0,0,0,6,0,0,0,2635,detection,
2635483,7,15,618,618,0,0,0,0,0,0,5,0,0,0,2635,detection,
2635844,15,17,570,570,0,0,0,0,0,0,6,0,0,0,2635,detection,
2635881,6,17,570,570,0,0,0,0,0,0,17,0,0,0,2635,detection,
2635908,21,17,570,570,0,0,0,0,0,0,10,0,0,0,2635,detection,
2638325,17,6,739,739,0,0,0,0,0,0,25,0,0,0,2638,detection,
2638351,20,6,739,739,0,0,0,0,0,0,25,0,0,0,2638,detection,
2638391,11,6,739,739,0,0,0,0,0,0,22,0,0,0,2638,detection,
2638534,21,27,276,327,-51,0,16,100,0,0,12,0,95,100,2638,detection,
2638576,17,27,276,327,-51,0,14,100,0,0,19,0,95,100,2638,detection,
2638602,20,27,276,327,-51,0,13,70,0,0,26,0,81,75,2638,detection,
2640305,5,28,276,596,-320,0,89,100,44,0,20,0,82,75,2640,detection,
2640355,13,28,276,596,-320,0,83,100,39,0,25,0,77,75,2640,detection,
2640360,7,28,276,596,-320,0,89,100,44,0,20,0,82,75,2640,detection,
2640381,9,28,276,596,-320,0,84,100,36,0,24,0,78,75,2640,detection,
2641440,12,17,562,562,0,0,0,0,0,0,6,0,0,0,2641,detection,
2641468,15,17,562,562,0,0,0,0,0,0,5,0,0,0,2641,detection,
2641509,6,17,562,562,0,0,0,0,0,0,18,0,0,0,2641,detection,
2641544,22,20,589,589,0,0,0,0,0,0,12,0,0,0,2641,detection,
2641631,6,20,589,589,0,0,0,0,0,0,23,0,0,0,2641,detection,
2641641,11,20,589,589,0,0,0,0,0,0,12,0,0,0,2641,detection,
2642851,3,14,512,512,0,0,0,0,0,0,1,0,0,0,2642,detection,
2643014,19,11,886,886,0,0,0,0,0,0,11,0,0,0,2643,detection,
2644722,1,29,276,276,0,0,0,0,0,0,0,0,0,0,2644,detection,
2644728,8,29,276,276,0,0,0,0,0,0,2,0,0,0,2644,detection,
2644735,2,29,276,276,0,0,0,0,0,33,0,0,0,0,2644,detection,
2644762,19,29,276,276,0,0,0,0,0,0,5,0,0,0,2644,detection,
2644786,14,29,276,276,0,0,0,0,0,33,0,0,0,0,2644,detection,
2645302,5,28,276,603,-327,0,90,100,1,0,21,0,80,75,2645,detection,
2645344,15,28,276,603,-327,0,91,100,45,0,20,0,82,75,2645,detection,
2645353,13,28,276,603,-327,0,84,100,1,0,26,0,75,75,2645,detection,
2645362,7,28,276,603,-327,0,90,100,1,0,21,0,80,75,2645,detection,
2645383,9,28,276,603,-327,0,91,100,1,0,20,0,82,75,2645,detection,
2645631,6,20,819,819,0,0,0,0,0,0,27,0,0,0,2645,detection,
2648074,17,6,939,939,0,0,0,0,0,0,28,0,0,0,2648,detection,
2649979,8,13,591,591,0,0,0,0,0,0,7,0,0,0,2649,detection,
2649982,7,13,591,591,0,0,0,0,0,0,10,0,0,0,2649,detection,
2650003,9,13,591,591,0,0,0,0,0,0,11,0,0,0,2650,detection,
2650720,15,17,602,602,0,0,0,0,0,0,5,0,0,0,2650,detection,
2651009,6,17,602,602,0,0,0,0,0,0,18,0,0,0,2651,detection,
2651064,12,17,602,602,0,0,0,0,0,0,6,0,0,0,2651,detection,
2651325,17,6,793,793,0,0,0,0,0,0,27,0,0,0,2651,detection,
2651601,20,27,276,292,-16,0,3,70,5,0,29,0,79,75,2651,detection,
2651634,6,27,276,292,-16,0,4,18,6,0,19,0,0,0,2651,detection,
2651662,21,27,276,292,-16,0,4,100,6,0,16,0,95,100,2651,detection,
2651701,17,27,276,292,-16,0,4,100,6,0,23,0,89,100,2651,detection,
2652004,6,20,814,814,0,0,0,0,0,0,28,0,0,0,2652,detection,
2652045,22,20,814,814,0,0,0,0,0,0,15,0,0,0,2652,detection,
2652052,5,20,814,814,0,0,0,0,0,0,22,0,0,0,2652,detection,
2653881,6,23,276,276,0,0,0,0,0,0,31,50,68,55,2653,detection,
2653892,11,23,276,276,0,0,0,100,0,12,23,0,89,100,2653,detection,
2653926,5,23,276,276,0,0,0,100,0,42,16,0,95,100,2653,detection,
2653952,17,23,276,276,0,0,0,0,0,0,30,25,0,0,2653,detection,
2654256,6,20,577,577,0,0,0,0,0,0,32,0,0,0,2654,detection,
2654297,22,20,577,577,0,0,0,0,0,0,19,0,0,0,2654,detection,
2654514,11,22,534,534,0,0,0,0,0,0,3,0,0,0,2654,detection,
2655931,4,25,882,906,-24,0,9,100,2,0,1,0,95,100,2655,detection,
2656409,21,12,985,985,0,0,0,0,0,0,5,0,0,0,2656,detection,
2656451,17,12,985,985,0,0,0,0,0,0,12,0,0,0,2656,detection,
2659658,21,12,985,985,0,0,0,0,0,0,0,0,0,0,2659,detection,
2660576,17,6,532,532,0,0,0,0,0,0,31,0,0,0,2660,detection,
2660602,20,6,532,532,0,0,0,0,0,0,30,0,0,0,2660,detection,
2660635,9,28,276,519,-243,0,67,100,15,0,20,0,82,75,2660,detection,
2660720,15,28,276,519,-243,0,67,100,15,0,20,0,82,75,2660,detection,
2660729,13,28,276,519,-243,0,66,100,15,0,21,0,80,75,2660,detection,
2660733,7,28,276,519,-243,0,67,100,15,0,20,0,82,75,2660,detection,
2664545,22,20,572,572,0,0,0,0,0,0,19,0,0,0,2664,detection,
2664552,5,20,572,572,0,0,0,0,0,0,26,0,0,0,2664,detection,
2664632,6,20,572,572,0,0,0,0,0,0,33,0,0,0,2664,detection,
2664638,11,20,572,572,0,0,0,0,0,0,12,0,0,0,2664,detection,
2665188,12,17,605,605,0,0,0,0,0,0,6,0,0,0,2665,detection,
2665220,15,17,605,605,0,0,0,0,0,0,5,0,0,0,2665,detection,
2665257,6,17,605,605,0,0,0,0,0,0,15,0,0,0,2665,detection,
2665292,21,17,605,605,0,0,0,0,0,0,10,0,0,0,2665,detection,
2667102,20,6,532,532,0,0,0,0,0,0,30,0,0,0,2667,detection,
2668640,1,22,525,525,0,0,0,0,0,0,0,0,0,0,2668,detection,
2670051,5,20,568,568,0,0,0,0,0,0,25,0,0,0,2670,detection,
2670381,6,20,568,568,0,0,0,0,0,0,32,0,0,0,2670,detection,
2670387,11,20,568,568,0,0,0,0,0,0,12,0,0,0,2670,detection,
2670423,22,20,568,568,0,0,0,0,0,0,19,0,0,0,2670,detection,
2670425,5,20,568,568,0,0,0,0,0,0,20,0,0,0,2670,detection,
2671573,17,6,840,840,0,0,0,0,0,0,29,0,0,0,2671,detection,
2671600,20,6,840,840,0,0,0,0,0,0,34,0,0,0,2671,detection,
2671639,11,6,840,840,0,0,0,0,0,0,22,0,0,0,2671,detection,
2672639,11,15,610,610,0,0,0,0,0,0,13,0,0,0,2672,detection,
2672658,21,15,610,610,0,0,0,0,0,0,4,0,0,0,2672,detection,
2672677,5,15,610,610,0,0,0,0,0,0,6,0,0,0,2672,detection,
2672687,12,15,610,610,0,0,0,0,0,0,6,0,0,0,2672,detection,
2672701,17,15,610,610,0,0,0,0,0,0,12,0,0,0,2672,detection,
2674881,6,17,800,800,0,0,0,0,0,0,20,0,0,0,2674,detection,
2674920,22,20,835,835,0,0,0,0,0,0,22,0,0,0,2674,detection,
2675258,6,27,276,346,-70,0,19,70,9,0,22,0,91,100,2675,detection,
2675352,20,27,276,346,-70,0,16,70,8,0,33,0,74,75,2675,detection,
2677257,9,7,592,592,0,0,0,0,0,0,7,0,0,0,2677,detection,
2679075,17,6,770,770,0,0,0,0,0,0,30,0,0,0,2679,detection,
2679105,20,6,770,770,0,0,0,0,0,0,33,0,0,0,2679,detection,
2679141,11,6,770,770,0,0,0,0,0,0,22,0,0,0,2679,detection,
2681007,6,17,773,773,0,0,0,0,0,0,19,0,0,0,2681,detection,
2681033,21,17,773,773,0,0,0,0,0,0,14,0,0,0,2681,detection,
2681066,12,17,773,773,0,0,0,0,0,0,10,0,0,0,2681,detection,
2681094,15,17,773,773,0,0,0,0,0,0,10,0,0,0,2681,detection,
2681662,21,27,276,324,-48,0,13,100,6,0,19,0,95,100,2681,detection,
2681700,17,27,276,324,-48,0,12,100,5,0,27,0,82,75,2681,detection,
2681730,20,27,276,324,-48,0,11,70,3,0,29,0,79,75,2681,detection,
2683507,6,20,560,560,0,0,0,0,0,0,33,0,0,0,2683,detection,
2683512,11,20,560,560,0,0,0,0,0,0,12,0,0,0,2683,detection,
2683551,5,20,560,560,0,0,0,0,0,0,20,0,0,0,2683,detection,
2684727,20,6,631,631,0,0,0,0,0,0,33,0,0,0,2684,detection,
2684766,11,6,631,631,0,0,0,0,0,0,22,0,0,0,2684,detection,
2685227,13,28,276,429,-153,0,42,100,16,0,20,0,95,100,2685,detection,
2685236,7,28,276,429,-153,0,42,100,16,0,20,0,95,100,2685,detection,
2685257,9,28,276,429,-153,0,42,100,16,0,20,0,95,100,2685,detection,
2685976,20,27,276,294,-18,0,4,70,4,0,29,0,79,75,2685,detection,
2686009,6,27,276,294,-18,0,4,22,9,0,22,0,0,0,2686,detection,
2686032,21,27,276,294,-18,0,5,100,5,0,19,0,95,100,2686,detection,
2686472,15,17,590,590,0,0,0,0,0,0,13,0,0,0,2686,detection,
2686563,12,17,590,590,0,0,0,0,0,0,14,0,0,0,2686,detection,
2689006,6,20,829,829,0,0,0,0,0,0,32,0,0,0,2689,detection,
2689016,11,20,829,829,0,0,0,0,0,0,15,0,0,0,2689,detection,
2689047,22,20,829,829,0,0,0,0,0,0,22,0,0,0,2689,detection,
2690691,12,26,1104,1416,-312,0,95,100,47,0,14,42,87,100,2690,detection,
2692257,6,27,276,284,-8,0,2,28,1,0,22,0,0,0,2692,detection,
2692284,21,27,276,284,-8,0,2,100,1,0,16,0,95,100,2692,detection,
2692326,17,27,276,284,-8,0,2,100,6,0,28,0,82,75,2692,detection,
2692351,20,27,276,284,-8,0,1,4,1,0,29,0,0,0,2692,detection,
2694765,11,6,674,674,0,0,0,0,0,0,16,0,0,0,2694,detection,
2694823,17,6,674,674,0,0,0,0,0,0,31,0,0,0,2694,detection,
2694854,20,6,674,674,0,0,0,0,0,0,29,0,0,0,2694,detection,
2695312,12,15,602,602,0,0,0,0,0,0,7,0,0,0,2695,detection,
2695391,19,15,602,602,0,0,0,0,0,0,9,0,0,0,2695,detection,
2696013,11,20,822,822,0,0,0,0,0,0,15,0,0,0,2696,detection,
2696044,22,20,822,822,0,0,0,0,0,0,19,0,0,0,2696,detection,
2696051,5,20,822,822,0,0,0,0,0,0,24,0,0,0,2696,detection,
2696219,15,17,568,568,0,0,0,0,0,0,14,0,0,0,2696,detection,
2696689,1,3,512,512,0,0,0,0,0,0,23,0,0,0,2696,detection,
2698011,18,10,1437,1437,0,0,0,0,0,0,0,0,0,0,2698,detection,
2698225,20,27,276,348,-72,0,16,70,10,0,33,0,74,55,2698,detection,
2698259,6,27,276,348,-72,0,18,70,10,0,26,0,81,55,2698,detection,
2698287,21,27,276,348,-72,0,20,100,12,0,19,0,95,100,2698,detection,
2700302,5,23,276,293,-17,0,5,100,3,57,16,0,95,100,2700,detection,
2701194,10,18,1428,1428,0,0,0,0,0,0,2,0,0,0,2701,detection,
2701236,7,18,1428,1428,0,0,0,0,0,0,6,0,0,0,2701,detection,
2701379,6,20,599,599,0,0,0,0,0,0,36,0,0,0,2701,detection,
2701389,11,20,599,599,0,0,0,0,0,0,19,0,0,0,2701,detection,
2701420,22,20,599,599,0,0,0,0,0,0,22,0,0,0,2701,detection,
2701427,5,20,599,599,0,0,0,0,0,0,27,0,0,0,2701,detection,
2702324,17,6,659,659,0,0,0,0,0,0,31,0,0,0,2702,detection,
2703643,19,13,579,579,0,0,0,0,0,0,12,0,0,0,2703,detection,
2703759,6,27,276,276,0,0,0,70,11,11,29,0,79,55,2703,detection,
2703786,21,27,276,276,0,0,0,100,12,12,23,0,89,100,2703,detection,
2703828,17,27,276,276,0,0,0,100,1,11,30,0,79,75,2703,detection,
2703853,20,27,276,276,0,0,0,70,10,10,37,0,74,55,2703,detection,
2704265,19,15,595,595,0,0,0,0,0,0,9,0,0,0,2704,detection,
2704267,11,15,595,595,0,0,0,0,0,0,13,0,0,0,2704,detection,
2704285,21,15,595,595,0,0,0,0,0,0,4,0,0,0,2704,detection,
2704301,5,15,595,595,0,0,0,0,0,0,6,0,0,0,2704,detection,
2704315,12,15,595,595,0,0,0,0,0,0,7,0,0,0,2704,detection,
2704325,17,15,595,595,0,0,0,0,0,0,14,0,0,0,2704,detection,
2706258,6,17,564,564,0,0,0,0,0,0,23,0,0,0,2706,detection,
2706284,21,17,564,564,0,0,0,0,0,0,18,0,0,0,2706,detection,
2706313,12,17,564,564,0,0,0,0,0,0,10,0,0,0,2706,detection,
2706389,11,20,586,586,0,0,0,0,0,0,15,0,0,0,2706,detection,
2706420,22,20,586,586,0,0,0,0,0,0,22,0,0,0,2706,detection,
2707515,11,29,276,276,0,0,0,0,0,33,5,0,0,0,2707,detection,
2709950,17,12,928,928,0,0,0,0,0,0,14,0,0,0,2709,detection,
2710036,21,12,928,928,0,0,0,0,0,0,0,0,0,0,2710,detection,
2711756,6,17,557,557,0,0,0,0,0,0,23,0,0,0,2711,detection,
2711815,12,17,557,557,0,0,0,0,0,0,11,0,0,0,2711,detection,
2712733,2,14,512,512,0,0,0,0,0,0,4,0,0,0,2712,detection,
2714920,22,20,580,580,0,0,0,0,0,0,22,0,0,0,2714,detection,
2714937,12,15,588,588,0,0,0,0,0,0,8,0,0,0,2714,detection,
2716720,15,12,910,910,0,0,0,0,0,0,11,0,0,0,2716,detection,
2716782,21,12,910,910,0,0,0,0,0,0,0,0,0,0,2716,detection,
2716825,17,12,910,910,0,0,0,0,0,0,14,0,0,0,2716,detection,
2716979,8,13,579,579,0,0,0,0,0,0,8,0,0,0,2716,detection,
2716983,7,13,579,579,0,0,0,0,0,0,10,0,0,0,2716,detection,
2717004,9,13,579,579,0,0,0,0,0,0,10,0,0,0,2717,detection,
2717018,19,13,579,579,0,0,0,0,0,0,12,0,0,0,2717,detection,
2717052,5,13,579,579,0,0,0,0,0,0,3,0,0,0,2717,detection,
2717985,7,28,276,497,-221,0,61,100,12,0,20,0,82,75,2717,detection,
2718514,11,6,830,830,0,0,0,0,0,0,15,0,0,0,2718,detection,
2718576,17,6,830,830,0,0,0,0,0,0,32,0,0,0,2718,detection,
2718602,20,6,830,830,0,0,0,0,0,0,29,0,0,0,2718,detection,
2720632,6,23,276,284,-8,0,1,4,1,0,34,50,68,55,2720,detection,
2720659,21,23,276,284,-8,0,2,100,1,50,24,50,98,100,2720,detection,
2720701,17,23,276,284,-8,0,1,4,1,0,34,50,68,55,2720,detection,
2723188,12,17,580,580,0,0,0,0,0,0,11,0,0,0,2723,detection,
2723220,15,17,580,580,0,0,0,0,0,0,7,0,0,0,2723,detection,
2723257,6,17,580,580,0,0,0,0,0,0,23,0,0,0,2723,detection,
2723284,21,17,580,580,0,0,0,0,0,0,18,0,0,0,2723,detection,
2723408,21,17,580,580,0,0,0,0,0,0,18,0,0,0,2723,detection,
2728630,6,20,580,580,0,0,0,0,0,0,36,0,0,0,2728,detection,
2728671,22,20,580,580,0,0,0,0,0,0,22,0,0,0,2728,detection,
2728675,5,20,580,580,0,0,0,0,0,0,28,0,0,0,2728,detection,
2731313,12,17,726,726,0,0,0,0,0,0,15,0,0,0,2731,detection,
2731345,15,17,726,726,0,0,0,0,0,0,11,0,0,0,2731,detection,
2731382,6,17,726,726,0,0,0,0,0,0,27,0,0,0,2731,detection,
2731408,21,17,726,726,0,0,0,0,0,0,16,0,0,0,2731,detection,
2731976,15,11,835,835,0,0,0,0,0,0,22,0,0,0,2731,detection,
2732480,20,27,276,357,-81,0,17,70,11,20,40,0,74,55,2732,detection,
2732509,6,27,276,357,-81,0,19,70,12,22,33,0,74,55,2732,detection,
2732536,21,27,276,357,-81,0,20,100,13,22,27,0,82,75,2732,detection,
2733202,17,12,1299,1299,0,0,0,0,0,0,15,0,0,0,2733,detection,
2733220,15,12,1299,1299,0,0,0,0,0,0,13,0,0,0,2733,detection,
2733292,21,12,1299,1299,0,0,0,0,0,0,2,0,0,0,2733,detection,
2734920,22,20,575,575,0,0,0,0,0,0,22,0,0,0,2734,detection,
2736660,21,17,703,703,0,0,0,0,0,0,16,0,0,0,2736,detection,
2736689,12,17,703,703,0,0,0,0,0,0,15,0,0,0,2736,detection,
2736757,6,17,703,703,0,0,0,0,0,0,27,0,0,0,2736,detection,
2740230,20,27,276,387,-111,0,24,70,4,20,40,0,74,55,2740,detection,
2740260,6,27,276,387,-111,0,26,70,4,22,33,0,74,55,2740,detection,
2740286,21,27,276,387,-111,0,28,100,5,22,27,0,82,75,2740,detection,
2740329,17,27,276,387,-111,0,25,100,17,20,34,0,75,75,2740,detection,
2741670,22,20,621,621,0,0,0,0,0,0,22,0,0,0,2741,detection,
2743576,17,6,589,589,0,0,0,0,0,0,32,0,0,0,2743,detection,
2743602,20,6,589,589,0,0,0,0,0,0,29,0,0,0,2743,detection,
2743642,11,6,589,589,0,0,0,0,0,0,16,0,0,0,2743,detection,
2743765,11,20,621,621,0,0,0,0,0,0,15,0,0,0,2743,detection,
2744942,10,18,1405,1405,0,0,0,0,0,0,2,0,0,0,2744,detection,
2747700,17,27,276,298,-22,0,4,100,13,20,37,0,74,75,2747,detection,
2747730,20,27,276,298,-22,0,4,70,12,20,40,0,74,55,2747,detection,
2747786,21,27,276,298,-22,0,5,100,14,22,30,0,79,75,2747,detection,
2747818,10,30,1096,1314,-218,0,80,100,0,0,3,0,82,75,2747,detection,
2750015,11,6,549,549,0,0,0,0,0,0,16,0,0,0,2750,detection,
2754235,7,15,582,582,0,0,0,0,0,0,5,0,0,0,2754,detection,
2754264,19,15,582,582,0,0,0,0,0,0,8,0,0,0,2754,detection,
2754304,5,15,582,582,0,0,0,0,0,0,5,0,0,0,2754,detection,
2756594,15,17,604,604,0,0,0,0,0,0,11,0,0,0,2756,detection,
2756631,6,17,604,604,0,0,0,0,0,0,22,0,0,0,2756,detection,
2756657,21,17,604,604,0,0,0,0,0,0,16,0,0,0,2756,detection,
2756686,12,17,604,604,0,0,0,0,0,0,14,0,0,0,2756,detection,
2760881,6,20,642,642,0,0,0,0,0,0,36,0,0,0,2760,detection,
2760891,11,20,642,642,0,0,0,0,0,0,15,0,0,0,2760,detection,
2760925,5,20,642,642,0,0,0,0,0,0,28,0,0,0,2760,detection,
2761177,5,28,276,464,-188,0,52,100,25,0,20,0,95,100,2761,detection,
2761219,15,28,276,464,-188,0,51,100,10,0,21,0,92,100,2761,detection,
2761237,7,28,276,464,-188,0,53,100,6,0,19,0,95,100,2761,detection,
2761258,9,28,276,464,-188,0,52,100,6,0,20,0,95,100,2761,detection,
2762859,7,15,577,577,0,0,0,0,0,0,5,0,0,0,2762,detection,
2765348,16,24,471,504,-33,0,12,70,5,16,0,0,94,100,2765,detection,
2766160,21,27,276,276,0,0,0,100,3,33,30,0,79,75,2766,detection,
2766202,17,27,276,276,0,0,0,100,3,33,33,0,75,75,2766,detection,
2766228,20,27,276,276,0,0,0,70,3,30,37,0,74,55,2766,detection,
2766258,6,27,276,276,0,0,0,70,16,30,37,0,74,55,2766,detection,
2769733,1,14,512,512,0,0,0,0,0,0,3,0,0,0,2769,detection,
2769847,3,14,512,512,0,0,0,0,0,0,1,0,0,0,2769,detection,
2770472,16,8,676,676,0,0,0,0,0,0,4,0,0,0,2770,detection,
2770758,9,4,873,873,0,0,0,0,0,0,3,0,0,0,2770,detection,
2775009,6,17,596,596,0,0,0,0,0,0,22,0,0,0,2775,detection,
2777364,2,31,276,509,-233,0,87,100,38,0,2,50,87,100,2777,detection,
2778170,22,20,631,631,0,0,0,0,0,0,22,0,0,0,2778,detection,
2778177,5,20,631,631,0,0,0,0,0,0,27,0,0,0,2778,detection,
2778256,6,20,631,631,0,0,0,0,0,0,36,0,0,0,2778,detection,
2778262,11,20,631,631,0,0,0,0,0,0,15,0,0,0,2778,detection,
2780977,20,22,513,513,0,0,0,0,0,0,10,0,0,0,2780,detection,
2782238,2,31,276,509,-233,0,85,100,0,0,3,50,87,100,2782,detection,
2782289,14,31,276,509,-233,0,89,100,3,0,1,50,87,100,2782,detection,
2782349,16,31,276,509,-233,0,89,100,45,0,1,0,82,75,2782,detection,
2782356,8,31,276,509,-233,0,87,100,15,0,2,50,87,100,2782,detection,
2785307,1,11,835,835,0,0,0,0,0,0,8,0,0,0,2785,detection,
2785390,19,11,835,835,0,0,0,0,0,0,10,0,0,0,2785,detection,
2785421,22,11,835,835,0,0,0,0,0,0,8,0,0,0,2785,detection,
2785426,5,11,835,835,0,0,0,0,0,0,14,0,0,0,2785,detection,
2786718,15,12,1139,1139,0,0,0,0,0,0,7,0,0,0,2786,detection,
2790553,4,16,557,557,0,0,0,0,0,0,1,0,0,0,2790,detection,
2790660,21,27,276,287,-11,0,2,100,1,44,30,0,79,75,2790,detection,
2790721,15,19,656,656,0,0,0,0,0,0,7,0,0,0,2790,detection,
2790854,8,2,577,577,0,0,0,0,0,0,0,0,0,0,2790,detection,
2791510,6,27,276,282,-6,0,1,70,0,44,33,0,74,55,2791,detection,
2791532,21,27,276,282,-6,0,1,100,0,44,27,0,82,75,2791,detection,
2791604,20,27,276,282,-6,0,1,70,0,40,37,0,74,55,2791,detection,
2792163,14,3,512,512,0,0,0,0,0,0,0,0,0,0,2792,detection,
2794045,22,11,835,835,0,0,0,0,0,0,7,0,0,0,2794,detection,
2795757,6,17,596,596,0,0,0,0,0,0,22,0,0,0,2795,detection,
2797144,19,24,451,484,-33,0,11,88,3,16,5,0,95,100,2797,detection,
2797180,4,24,451,484,-33,0,12,70,5,16,0,0,94,100,2797,detection,
2797222,16,24,451,484,-33,0,12,74,0,16,0,0,94,100,2797,detection,
2797230,8,24,451,484,-33,0,12,100,10,16,1,0,95,100,2797,detection,
2797230,13,24,451,484,-33,0,12,100,3,16,3,0,95,100,2797,detection,
2798227,20,5,666,666,0,0,0,0,0,0,18,0,0,0,2798,detection,
2803448,17,6,665,665,0,0,0,0,0,0,32,0,0,0,2803,detection,
2803479,20,6,665,665,0,0,0,0,0,0,28,0,0,0,2803,detection,
2803514,11,6,665,665,0,0,0,0,0,0,15,0,0,0,2803,detection,
2803563,12,21,746,746,0,0,0,0,0,0,14,0,0,0,2803,detection,
2807639,19,15,572,572,0,0,0,0,0,0,8,0,0,0,2807,detection,
2807733,7,15,572,572,0,0,0,0,0,0,4,0,0,0,2807,detection,
2813812,12,21,750,750,0,0,0,0,0,0,14,0,0,0,2813,detection,
2814411,21,12,1139,1139,0,0,0,0,0,0,3,0,0,0,2814,detection,
2814449,17,12,1139,1139,0,0,0,0,0,0,16,0,0,0,2814,detection,
2814472,15,12,1139,1139,0,0,0,0,0,0,7,0,0,0,2814,detection,
2817880,9,13,579,579,0,0,0,0,0,0,10,0,0,0,2817,detection,
2819610,7,26,1084,1329,-245,0,84,100,45,0,7,50,87,100,2819,detection,
2825255,9,13,579,579,0,0,0,0,0,0,10,0,0,0,2825,detection,
2825938,12,21,750,750,0,0,0,0,0,0,9,0,0,0,2825,detection,
2825952,17,21,750,750,0,0,0,0,0,0,15,0,0,0,2825,detection,
2826263,18,10,1435,1435,0,0,0,0,0,0,0,0,0,0,2826,detection,
2834844,15,7,586,586,0,0,0,0,0,0,13,0,0,0,2834,detection,
2841007,6,17,589,589,0,0,0,0,0,0,22,0,0,0,2841,detection,
2841034,21,17,589,589,0,0,0,0,0,0,18,0,0,0,2841,detection,
2841062,12,17,589,589,0,0,0,0,0,0,14,0,0,0,2841,detection,
2841095,15,17,589,589,0,0,0,0,0,0,11,0,0,0,2841,detection,
2844885,6,23,276,316,-40,0,9,66,5,0,33,50,98,100,2844,detection,
2844891,11,23,276,316,-40,0,11,100,7,25,19,0,95,100,2844,detection,
2844911,21,23,276,316,-40,0,10,100,5,44,25,50,98,100,2844,detection,
2844930,5,23,276,316,-40,0,11,100,4,57,16,0,95,100,2844,detection,
2844949,17,23,276,316,-40,0,9,66,5,0,33,0,73,55,2844,detection,
2848537,14,31,276,510,-234,0,89,100,0,0,1,50,87,100,2848,detection,
2851562,12,21,690,690,0,0,0,0,0,0,10,0,0,0,2851,detection,
2851909,21,12,1078,1078,0,0,0,0,0,0,7,0,0,0,2851,detection,
2852006,6,20,621,621,0,0,0,0,0,0,36,0,0,0,2852,detection,
2852016,11,20,621,621,0,0,0,0,0,0,15,0,0,0,2852,detection,
2852047,22,20,621,621,0,0,0,0,0,0,18,0,0,0,2852,detection,
2852050,5,20,621,621,0,0,0,0,0,0,27,0,0,0,2852,detection,
2852255,9,8,676,676,0,0,0,0,0,0,3,0,0,0,2852,detection,
2854415,1,22,513,513,0,0,0,0,0,0,0,0,0,0,2854,detection,
2856307,4,25,822,843,-21,0,8,100,0,0,1,0,95,100,2856,detection,
2861469,15,12,1064,1064,0,0,0,0,0,0,10,0,0,0,2861,detection,
2865107,7,9,567,567,0,0,0,0,0,0,1,0,0,0,2865,detection,
2865908,21,27,276,284,-8,0,2,4,0,0,28,0,0,0,2865,detection,
2865952,17,27,276,284,-8,0,1,100,1,44,33,50,98,100,2865,detection,
2865977,20,27,276,284,-8,0,1,70,0,40,37,50,98,100,2865,detection,
2867103,20,6,548,548,0,0,0,0,0,0,28,0,0,0,2867,detection,
2867611,2,29,276,276,0,0,0,0,0,33,0,0,0,0,2867,detection,
2869470,16,8,676,676,0,0,0,0,0,0,4,0,0,0,2869,detection,
2869477,13,8,676,676,0,0,0,0,0,0,6,0,0,0,2869,detection,
2869483,2,8,676,676,0,0,0,0,0,0,4,0,0,0,2869,detection,
2869502,9,8,676,676,0,0,0,0,0,0,3,0,0,0,2869,detection,
2869515,19,8,676,676,0,0,0,0,0,0,6,0,0,0,2869,detection,
2871604,8,24,431,464,-33,0,12,100,0,16,0,0,95,100,2871,detection,
2871690,12,17,577,577,0,0,0,0,0,0,16,0,0,0,2871,detection,
2874256,9,28,276,463,-187,0,52,100,0,0,19,0,95,100,2874,detection,
2874304,5,28,276,463,-187,0,55,100,0,0,16,0,95,100,2874,detection,
2874346,15,28,276,463,-187,0,51,100,0,0,21,0,92,100,2874,detection,
2874354,13,28,276,463,-187,0,52,100,6,0,20,0,95,100,2874,detection,
2874550,5,15,644,644,0,0,0,0,0,0,5,0,0,0,2874,detection,
2876511,18,10,1433,1433,0,0,0,0,0,0,0,0,0,0,2876,detection,
2877577,17,12,1064,1064,0,0,0,0,0,0,15,0,0,0,2877,detection,
2883353,20,23,276,276,0,0,0,70,0,30,37,25,76,75,2883,detection,
2896532,21,12,1064,1064,0,0,0,0,0,0,6,0,0,0,2896,detection,
2897787,14,2,568,568,0,0,0,0,0,0,0,0,0,0,2897,detection,
2913012,18,30,1076,1252,-176,0,63,100,23,0,4,0,82,75,2913,detection,
2918852,13,8,676,676,0,0,0,0,0,0,6,0,0,0,2918,detection,
2922258,6,11,835,835,0,0,0,0,0,0,22,0,0,0,2922,detection,
2923440,12,15,604,604,0,0,0,0,0,0,9,0,0,0,2923,detection,
2923450,17,15,604,604,0,0,0,0,0,0,14,0,0,0,2923,detection,
2923486,7,15,604,604,0,0,0,0,0,0,1,0,0,0,2923,detection,
2923515,19,15,604,604,0,0,0,0,0,0,8,0,0,0,2923,detection,
2923516,11,15,604,604,0,0,0,0,0,0,13,0,0,0,2923,detection,
2923531,21,15,604,604,0,0,0,0,0,0,6,0,0,0,2923,detection,
2923550,5,15,604,604,0,0,0,0,0,0,5,0,0,0,2923,detection,
2925731,8,31,276,486,-210,0,78,100,5,0,2,50,87,100,2925,detection,
2925763,11,6,573,573,0,0,0,0,0,0,15,0,0,0,2925,detection,
2925825,17,6,573,573,0,0,0,0,0,0,32,0,0,0,2925,detection,
2925852,20,6,573,573,0,0,0,0,0,0,28,0,0,0,2925,detection,
2926941,12,21,674,674,0,0,0,0,0,0,10,0,0,0,2926,detection,
2932515,18,26,1044,1459,-415,0,100,100,60,0,16,0,82,75,2932,detection,
2932570,10,26,1044,1459,-415,0,100,100,69,0,16,0,82,75,2932,detection,
2936038,14,3,512,512,0,0,0,0,0,0,0,0,0,0,2936,detection,
2941444,10,26,1024,1359,-335,0,100,100,16,0,15,0,82,75,2941,detection,
2941486,7,26,1024,1359,-335,0,100,100,19,0,11,0,82,75,2941,detection,
2941513,18,26,1024,1359,-335,0,100,100,17,0,11,0,82,75,2941,detection,
2941536,21,26,1024,1359,-335,0,100,100,48,0,11,0,82,75,2941,detection,
2948687,12,21,659,659,0,0,0,0,0,0,9,0,0,0,2948,detection,
2949156,21,15,589,589,0,0,0,0,0,0,5,0,0,0,2949,detection,
2949481,13,24,411,444,-33,0,12,100,0,16,2,0,95,100,2949,detection,
2950257,6,17,610,610,0,0,0,0,0,0,22,0,0,0,2950,detection,
2950283,21,17,610,610,0,0,0,0,0,0,17,0,0,0,2950,detection,
2950316,12,17,610,610,0,0,0,0,0,0,10,0,0,0,2950,detection,
2950344,15,17,610,610,0,0,0,0,0,0,11,0,0,0,2950,detection,
2951360,7,25,802,818,-16,0,6,100,4,0,0,0,95,100,2951,detection,
2957386,18,26,1004,1305,-301,0,98,100,7,0,10,0,82,75,2957,detection,
2957442,12,26,1004,1305,-301,0,84,100,2,0,20,0,82,75,2957,detection,
2957445,10,26,1004,1305,-301,0,90,100,6,0,15,0,82,75,2957,detection,
2957487,7,26,1004,1305,-301,0,96,100,7,0,11,0,82,75,2957,detection,
2957631,6,27,276,276,0,0,0,70,0,55,33,0,74,55,2957,detection,
2957701,17,27,276,276,0,0,0,100,1,55,33,100,99,100,2957,detection,
2963132,6,20,637,637,0,0,0,0,0,0,36,0,0,0,2963,detection,
2965475,3,14,512,512,0,0,0,0,0,0,1,0,0,0,2965,detection,
2966852,20,27,276,276,0,0,0,70,1,40,37,100,99,100,2966,detection,
2971700,17,6,532,532,0,0,0,0,0,0,29,0,0,0,2971,detection,
2976441,12,26,984,1254,-270,0,75,100,5,0,20,0,82,75,2976,detection,
2976487,7,26,984,1254,-270,0,94,100,7,0,6,0,82,75,2976,detection,
2976514,18,26,984,1254,-270,0,87,100,6,0,10,0,82,75,2976,detection,
2976537,21,26,984,1254,-270,0,86,100,13,0,11,0,82,75,2976,detection,
2979066,10,18,1253,1253,0,0,0,0,0,0,6,0,0,0,2979,detection,
2981639,19,8,738,738,0,0,0,0,0,0,6,0,0,0,2981,detection,
2982259,9,30,1056,1232,-176,0,64,100,4,0,3,100,99,100,2982,detection,
2982521,19,9,563,563,0,0,0,0,0,0,2,0,0,0,2982,detection,
2985943,10,18,1251,1251,0,0,0,0,0,0,6,0,0,0,2985,detection,
2985984,7,18,1251,1251,0,0,0,0,0,0,7,0,0,0,2985,detection,
2987380,6,20,626,626,0,0,0,0,0,0,36,0,0,0,2987,detection,
2987390,11,20,626,626,0,0,0,0,0,0,15,0,0,0,2987,detection,
2987421,22,20,626,626,0,0,0,0,0,0,18,0,0,0,2987,detection,
2987424,5,20,626,626,0,0,0,0,0,0,22,0,0,0,2987,detection,
2988355,8,16,572,572,0,0,0,0,0,0,1,0,0,0,2988,detection,
2997720,15,17,610,610,0,0,0,0,0,0,10,0,0,0,2997,detection,
2998783,21,26,964,1232,-268,0,85,100,0,0,11,0,82,75,2998,detection,
3004734,7,18,1251,1251,0,0,0,0,0,0,7,0,0,0,3004,detection,
3004816,10,18,1251,1251,0,0,0,0,0,0,7,0,0,0,3004,detection,
3006536,14,29,276,276,0,0,0,0,0,33,0,0,0,0,3006,detection,
3011913,14,3,512,512,0,0,0,0,0,0,0,0,0,0,3011,detection,
3014067,10,18,1251,1251,0,0,0,0,0,0,7,0,0,0,3014,detection,
3016600,20,22,512,512,0,0,0,0,0,0,10,0,0,0,3016,detection,
3017323,17,21,634,634,0,0,0,0,0,0,15,0,0,0,3017,detection,
3026674,5,19,621,621,0,0,0,0,0,0,5,0,0,0,3026,detection,
3030606,8,2,568,568,0,0,0,0,0,0,0,0,0,0,3030,detection,
3032610,7,18,1251,1251,0,0,0,0,0,0,7,0,0,0,3032,detection,
3032693,10,18,1251,1251,0,0,0,0,0,0,7,0,0,0,3032,detection,
3034951,17,27,276,295,-19,0,4,100,2,66,33,100,95,100,3034,detection,
3036440,12,21,634,634,0,0,0,0,0,0,9,0,0,0,3036,detection,
3036450,17,21,634,634,0,0,0,0,0,0,11,0,0,0,3036,detection,
3043096,16,4,844,844,0,0,0,0,0,0,4,0,0,0,3043,detection,
3043132,9,4,844,844,0,0,0,0,0,0,3,0,0,0,3043,detection,
3049610,2,14,512,512,0,0,0,0,0,0,4,0,0,0,3049,detection,
3053762,18,26,944,1212,-268,0,87,100,0,0,10,0,82,75,3053,detection,
3053817,10,26,944,1212,-268,0,85,100,7,0,11,0,82,75,3053,detection,
3068282,21,17,610,610,0,0,0,0,0,0,17,0,0,0,3068,detection,
3068343,15,12,975,975,0,0,0,0,0,0,10,0,0,0,3068,detection,
3072442,10,18,1209,1209,0,0,0,0,0,0,7,0,0,0,3072,detection,
3072483,7,18,1209,1209,0,0,0,0,0,0,7,0,0,0,3072,detection,
3074735,2,29,276,276,0,0,0,0,0,33,0,0,0,0,3074,detection,
3077674,1,3,512,512,0,0,0,0,0,0,21,0,0,0,3077,detection,
3083640,11,5,629,629,0,0,0,0,0,0,15,0,0,0,3083,detection,
3090351,20,11,777,777,0,0,0,0,0,0,18,0,0,0,3090,detection,
3090719,15,12,975,975,0,0,0,0,0,0,10,0,0,0,3090,detection,
3090782,21,12,975,975,0,0,0,0,0,0,6,0,0,0,3090,detection,
3094345,15,28,276,521,-245,0,67,100,10,0,21,0,80,75,3094,detection,
3094354,13,28,276,521,-245,0,68,100,10,0,20,0,82,75,3094,detection,
3094363,7,28,276,521,-245,0,72,100,11,0,16,0,82,75,3094,detection,
3094380,9,28,276,521,-245,0,69,100,10,0,19,0,82,75,3094,detection,
3094427,5,28,276,521,-245,0,72,100,11,0,16,0,82,75,3094,detection,
3096232,7,13,589,589,0,0,0,0,0,0,10,0,0,0,3096,detection,
3098504,9,4,844,844,0,0,0,0,0,0,1,0,0,0,3098,detection,
3110134,6,23,276,276,0,0,0,57,6,11,33,50,68,75,3110,detection,
3110141,11,23,276,276,0,0,0,100,7,37,19,0,95,100,3110,detection,
3110160,21,23,276,276,0,0,0,100,6,55,25,0,85,100,3110,detection,
3110179,5,23,276,276,0,0,0,100,7,57,16,0,95,100,3110,detection,
3110202,17,23,276,276,0,0,0,57,6,11,33,25,0,0,3110,detection,
3110229,20,23,276,276,0,0,0,70,0,30,34,50,98,100,3110,detection,
3110613,2,31,276,461,-185,0,68,100,11,0,3,50,87,100,3110,detection,
3114279,1,11,301,301,0,90,0,0,0,0,18,0,97,100,3114,detection,
3114295,22,11,301,301,0,90,0,0,0,0,17,0,97,100,3114,detection,
3114303,5,11,301,301,0,90,0,0,0,0,24,0,92,100,3114,detection,
3114346,15,11,301,301,0,90,0,0,0,0,25,0,91,100,3114,detection,
3114352,20,11,301,301,0,90,0,0,0,0,28,0,87,100,3114,detection,
3114382,6,11,301,301,0,90,0,0,0,0,32,0,81,55,3114,detection,
3114393,19,11,301,301,0,90,0,0,0,0,21,0,96,100,3114,detection,
3116426,5,20,607,607,0,0,0,0,0,0,22,0,0,0,3116,detection,
3119036,21,27,276,276,0,0,0,0,1,11,28,0,0,0,3119,detection,
3121889,1,11,301,301,0,90,0,0,0,0,25,0,91,100,3121,detection,
3121921,22,11,301,301,0,90,0,0,0,0,24,0,92,100,3121,detection,
3121930,5,11,301,301,0,90,0,0,0,0,26,0,89,100,3121,detection,
3121971,15,11,301,301,0,90,0,0,0,0,31,0,82,75,3121,detection,
3122008,6,11,301,301,0,90,0,0,0,0,39,0,71,55,3122,detection,
3123602,20,23,276,284,-8,0,1,70,1,44,33,50,98,100,3123,detection,
3130009,9,25,762,774,-12,0,4,100,5,0,7,0,95,100,3130,detection,
3130058,4,25,762,774,-12,0,4,100,2,0,4,0,95,100,3130,detection,
3133183,1,11,301,301,0,90,0,0,0,0,29,0,86,100,3133,detection,
3133219,15,11,301,301,0,90,0,0,0,0,39,0,71,75,3133,detection,
3133226,20,11,301,301,0,90,0,0,0,0,35,0,77,75,3133,detection,
3133255,6,11,301,301,0,90,0,0,0,0,47,0,61,40,3133,detection,
3133266,19,11,301,301,0,90,0,0,0,0,27,0,87,100,3133,detection,
3133297,22,11,301,301,0,90,0,0,0,0,32,0,81,75,3133,detection,
3137134,6,27,276,276,0,0,0,70,0,55,33,0,74,55,3137,detection,
3137159,21,27,276,276,0,0,0,0,0,11,28,0,0,0,3137,detection,
3137203,17,27,276,276,0,0,0,100,2,66,33,0,63,40,3137,detection,
3137882,9,25,742,751,-9,0,3,100,0,0,7,0,95,100,3137,detection,
3137931,4,25,742,751,-9,0,3,100,0,0,4,0,95,100,3137,detection,
3137986,7,25,742,751,-9,0,3,100,1,0,4,0,95,100,3137,detection,
3143679,5,28,276,468,-192,0,56,100,10,0,16,25,97,100,3143,detection,
3144515,11,22,512,512,0,0,0,0,0,0,5,0,0,0,3144,detection,
3149056,5,20,607,607,0,0,0,0,0,0,22,0,0,0,3149,detection,
3149130,6,20,607,607,0,0,0,0,0,0,32,0,0,0,3149,detection,
3149136,11,20,607,607,0,0,0,0,0,0,16,0,0,0,3149,detection,
3149181,4,16,568,568,0,0,0,0,0,0,1,0,0,0,3149,detection,
3149226,8,16,568,568,0,0,0,0,0,0,1,0,0,0,3149,detection,
3149825,17,6,532,532,0,0,0,0,0,0,29,0,0,0,3149,detection,
3149851,20,6,532,532,0,0,0,0,0,0,29,0,0,0,3149,detection,
3151565,12,26,924,1139,-215,0,64,100,11,0,15,0,82,75,3151,detection,
3154930,4,25,722,731,-9,0,3,100,0,0,4,0,95,100,3154,detection,
3154985,7,25,722,731,-9,0,3,100,0,0,4,0,95,100,3154,detection,
3155006,9,25,722,731,-9,0,3,100,0,0,7,0,95,100,3155,detection,
3155634,18,7,577,577,0,0,0,0,0,0,7,0,0,0,3155,detection,
3156595,1,3,512,512,0,0,0,0,0,0,20,0,0,0,3156,detection,
3156662,14,3,512,512,0,0,0,0,0,0,0,0,0,0,3156,detection,
3157571,10,30,1036,1189,-153,0,56,100,15,0,3,0,95,100,3157,detection,
3157943,10,18,995,995,0,0,0,0,0,0,7,0,0,0,3157,detection,
3157984,7,18,995,995,0,0,0,0,0,0,10,0,0,0,3157,detection,
3164859,7,18,950,950,0,0,0,0,0,0,10,0,0,0,3164,detection,
3164942,10,18,950,950,0,0,0,0,0,0,6,0,0,0,3164,detection,
3168637,18,10,1272,1272,0,0,0,0,0,0,2,0,0,0,3168,detection,
3171357,1,11,301,301,0,90,0,0,0,0,38,0,72,75,3171,detection,
3171420,22,11,301,301,0,90,0,0,0,0,36,0,76,75,3171,detection,
3171428,5,11,301,301,0,90,0,0,0,0,34,0,79,75,3171,detection,
3171470,15,11,301,301,0,90,0,0,0,0,47,0,61,40,3171,detection,
3171477,20,11,301,301,0,90,0,0,0,0,43,0,66,75,3171,detection,
3171894,19,11,301,301,0,90,0,0,0,0,35,0,77,75,3171,detection,
3173017,19,29,276,276,0,0,0,0,0,0,5,0,0,0,3173,detection,
3173929,4,16,564,564,0,0,0,0,0,0,1,0,0,0,3173,detection,
3176611,7,25,702,711,-9,0,3,100,0,0,4,0,95,100,3176,detection,
3176632,9,25,702,711,-9,0,3,100,0,0,7,0,95,100,3176,detection,
3176680,4,25,702,711,-9,0,3,100,0,0,4,0,95,100,3176,detection,
3177534,21,26,904,1097,-193,0,62,100,16,0,10,0,82,75,3177,detection,
3177567,12,26,904,1097,-193,0,59,100,4,0,14,0,95,100,3177,detection,
3177571,10,26,904,1097,-193,0,62,100,16,0,10,0,82,75,3177,detection,
3177595,15,26,904,1097,-193,0,56,100,16,0,17,47,98,100,3177,detection,
3177640,18,26,904,1097,-193,0,60,94,15,0,12,0,95,100,3177,detection,
3182535,21,15,585,585,0,0,0,0,0,0,5,0,0,0,3182,detection,
3182550,5,15,585,585,0,0,0,0,0,0,5,0,0,0,3182,detection,
3182564,12,15,585,585,0,0,0,0,0,0,9,0,0,0,3182,detection,
3182574,17,15,585,585,0,0,0,0,0,0,14,0,0,0,3182,detection,
3182609,7,15,585,585,0,0,0,0,0,0,1,0,0,0,3182,detection,
3182640,11,15,585,585,0,0,0,0,0,0,13,0,0,0,3182,detection,
3184067,10,18,950,950,0,0,0,0,0,0,6,0,0,0,3184,detection,
3184105,13,9,548,548,0,0,0,0,0,0,4,0,0,0,3184,detection,
3188414,14,3,512,512,0,0,0,0,0,0,0,0,0,0,3188,detection,
3189343,15,17,602,602,0,0,0,0,0,0,10,0,0,0,3189,detection,
3189384,6,17,602,602,0,0,0,0,0,0,22,0,0,0,3189,detection,
3189411,21,17,602,602,0,0,0,0,0,0,17,0,0,0,3189,detection,
3195882,6,17,602,602,0,0,0,0,0,0,22,0,0,0,3195,detection,
3196854,13,5,644,644,0,0,0,0,0,0,14,0,0,0,3196,detection,
3198855,8,24,371,389,-18,0,7,100,3,0,0,6,95,100,3198,detection,
3199701,17,12,975,975,0,0,0,0,0,0,15,0,0,0,3199,detection,
3208234,7,18,950,950,0,0,0,0,0,0,9,0,0,0,3208,detection,
3208316,10,18,950,950,0,0,0,0,0,0,5,0,0,0,3208,detection,
3214226,20,6,535,535,0,0,0,0,0,0,29,0,0,0,3214,detection,
3214825,17,23,276,276,0,0,0,49,0,11,33,50,68,55,3214,detection,
3234229,8,16,560,560,0,0,0,0,0,0,0,0,0,0,3234,detection,
3234722,1,11,301,301,0,90,0,0,0,0,46,0,62,40,3234,detection,
3234767,19,11,301,301,0,90,0,0,0,0,43,0,66,75,3234,detection,
3234797,22,11,301,301,0,90,0,0,0,0,45,0,62,40,3234,detection,
3234802,5,11,301,301,0,90,0,0,0,0,42,0,67,75,3234,detection,
3234844,15,11,301,301,0,90,0,0,0,0,56,0,56,40,3234,detection,
3237182,4,25,682,691,-9,0,3,100,0,0,4,0,95,100,3237,detection,
3237258,9,25,682,691,-9,0,3,100,0,0,6,0,95,100,3237,detection,
3239849,16,31,276,442,-166,0,63,100,17,0,1,0,82,75,3239,detection,
3243387,18,30,1016,1169,-153,0,53,100,5,0,6,0,95,100,3243,detection,
3251568,10,18,950,950,0,0,0,0,0,0,5,0,0,0,3251,detection,
3251609,7,18,950,950,0,0,0,0,0,0,9,0,0,0,3251,detection,
3259601,13,19,622,622,0,0,0,0,0,0,5,0,0,0,3259,detection,
3266229,8,9,572,572,0,0,0,0,0,0,0,0,0,0,3266,detection,
3271356,8,2,554,554,0,0,0,0,0,0,0,0,0,0,3271,detection,
3271740,8,13,577,577,0,0,0,0,0,0,4,0,0,0,3271,detection,
3274568,10,18,950,950,0,0,0,0,0,0,5,0,0,0,3274,detection,
3275055,4,24,351,369,-18,0,7,70,3,16,0,0,94,100,3275,detection,
3277104,20,5,658,658,0,0,0,0,0,0,17,0,0,0,3277,detection,
3278095,16,4,724,724,0,0,0,0,0,0,2,0,0,0,3278,detection,
3278132,9,4,724,724,0,0,0,0,0,0,5,0,0,0,3278,detection,
3278738,7,26,884,1070,-186,0,65,100,19,0,6,43,87,100,3278,detection,
3280844,15,11,301,301,0,90,0,0,0,0,58,0,56,40,3280,detection,
3282132,9,4,701,701,0,0,0,0,0,0,5,0,0,0,3282,detection,
3283595,16,4,701,701,0,0,0,0,0,0,2,0,0,0,3283,detection,
3286975,20,22,512,512,0,0,0,0,0,0,10,0,0,0,3286,detection,
3296438,12,21,737,737,0,0,0,0,0,0,9,0,0,0,3296,detection,
3297390,11,6,564,564,0,0,0,0,0,0,17,0,0,0,3297,detection,
3298004,9,4,691,691,0,0,0,0,0,0,5,0,0,0,3298,detection,
3298096,16,4,691,691,0,0,0,0,0,0,1,0,0,0,3298,detection,
3298352,20,27,276,303,-27,0,6,70,4,40,37,100,99,100,3298,detection,
3299172,22,20,604,604,0,0,0,0,0,0,18,0,0,0,3299,detection,
3302266,11,23,276,276,0,0,0,100,0,37,21,0,92,100,3302,detection,
3305066,12,17,572,572,0,0,0,0,0,0,11,0,0,0,3305,detection,
3305702,17,27,276,312,-36,0,8,100,5,60,37,0,74,55,3305,detection,
3305727,20,27,276,312,-36,0,7,70,1,40,40,0,74,75,3305,detection,
3305757,6,27,276,312,-36,0,8,70,5,50,37,0,74,55,3305,detection,
3306786,14,3,512,512,0,0,0,0,0,0,0,0,0,0,3306,detection,
3310140,19,8,681,681,0,0,0,0,0,0,6,0,0,0,3310,detection,
3312853,20,27,276,302,-26,0,5,70,1,40,40,0,74,75,3312,detection,
3312883,6,27,276,302,-26,0,5,70,1,40,37,0,74,55,3312,detection,
3312909,21,27,276,302,-26,0,6,36,4,22,31,0,0,0,3312,detection,
3312952,17,27,276,302,-26,0,5,100,1,60,37,0,74,55,3312,detection,
3325508,6,27,276,295,-19,0,4,70,1,40,37,0,74,55,3325,detection,
3325534,21,27,276,295,-19,0,4,24,1,22,31,0,0,0,3325,detection,
3325577,17,27,276,295,-19,0,4,100,1,50,37,0,74,55,3325,detection,
3325603,20,27,276,295,-19,0,4,70,1,30,40,0,74,75,3325,detection,
3332639,19,15,569,569,0,0,0,0,0,0,8,0,0,0,3332,detection,
3333943,1,11,370,370,0,63,0,0,0,0,48,0,0,0,3333,detection,
3334017,19,11,370,370,0,63,0,0,0,0,47,0,0,0,3334,detection,
3334048,22,11,370,370,0,63,0,0,0,0,48,0,0,0,3334,detection,
3335848,16,4,691,691,0,0,0,0,0,0,1,0,0,0,3335,detection,
3335880,9,4,691,691,0,0,0,0,0,0,5,0,0,0,3335,detection,
3338858,7,9,572,572,0,0,0,0,0,0,0,0,0,0,3338,detection,
3344303,5,11,370,370,0,63,0,0,0,0,45,0,0,0,3344,detection,
3344475,13,29,276,276,0,0,0,0,0,0,5,0,0,0,3344,detection,
3357412,14,2,554,554,0,0,0,0,0,0,0,0,0,0,3357,detection,
3362093,15,5,645,645,0,0,0,0,0,0,14,0,0,0,3362,detection,
3362885,9,30,996,1134,-138,0,50,100,9,0,3,0,95,100,3362,detection,
3363354,13,24,331,345,-14,0,5,100,4,0,2,0,95,100,3363,detection,
3363601,20,27,276,276,0,0,0,70,2,30,36,0,74,75,3363,detection,
3363635,6,27,276,276,0,0,0,70,2,40,37,0,74,55,3363,detection,
3363661,21,27,276,276,0,0,0,0,3,33,31,0,0,0,3363,detection,
3363700,17,27,276,276,0,0,0,100,3,55,32,0,77,55,3363,detection,
3367567,10,18,950,950,0,0,0,0,0,0,4,0,0,0,3367,detection,
3367609,7,18,950,950,0,0,0,0,0,0,5,0,0,0,3367,detection,
3372095,15,12,1089,1089,0,0,0,0,0,0,10,0,0,0,3372,detection,
3372984,2,8,675,675,0,0,0,0,0,0,2,0,0,0,3372,detection,
3380488,7,25,642,651,-9,0,3,100,0,0,4,0,95,100,3380,detection,
3380508,9,25,642,651,-9,0,3,100,0,0,6,0,95,100,3380,detection,
3380553,4,25,642,651,-9,0,3,100,0,0,5,0,95,100,3380,detection,
3380617,7,28,276,474,-198,0,59,100,9,0,15,0,95,100,3380,detection,
3381225,3,14,512,512,0,0,0,0,0,0,0,0,0,0,3381,detection,
3385982,7,13,577,577,0,0,0,0,0,0,5,0,0,0,3385,detection,
3394282,21,15,569,569,0,0,0,0,0,0,0,0,0,0,3394,detection,
3396096,16,4,691,691,0,0,0,0,0,0,1,0,0,0,3396,detection,
3403721,15,19,622,622,0,0,0,0,0,0,7,0,0,0,3403,detection,
3411634,18,7,584,584,0,0,0,0,0,0,8,0,0,0,3411,detection,
3411718,15,7,584,584,0,0,0,0,0,0,13,0,0,0,3411,detection,
3411727,13,7,584,584,0,0,0,0,0,0,3,0,0,0,3411,detection,
3411763,9,7,584,584,0,0,0,0,0,0,7,0,0,0,3411,detection,
3412179,4,25,622,631,-9,0,3,100,0,0,5,0,95,100,3412,detection,
3412390,11,22,512,512,0,0,0,0,0,0,5,0,0,0,3412,detection,
3416161,14,3,512,512,0,0,0,0,0,0,0,0,0,0,3416,detection,
3422036,21,27,276,276,0,0,0,0,0,33,31,0,0,0,3422,detection,
3422075,17,27,276,276,0,0,0,100,0,44,33,0,75,55,3422,detection,
3422105,20,27,276,276,0,0,0,70,0,30,36,0,74,75,3422,detection,
3422130,6,27,276,276,0,0,0,70,0,30,36,0,74,55,3422,detection,
3429476,20,11,370,370,0,63,0,0,0,0,46,0,0,0,3429,detection,
3431486,7,30,976,1114,-138,0,51,100,5,0,2,0,95,100,3431,detection,
3439889,18,26,864,1133,-269,0,86,100,16,0,11,0,82,75,3439,detection,
3439912,21,26,864,1133,-269,0,87,100,16,0,10,0,82,75,3439,detection,
3439941,12,26,864,1133,-269,0,82,100,15,0,14,0,82,75,3439,detection,
3439944,10,26,864,1133,-269,0,87,100,16,0,10,0,82,75,3439,detection,
3439973,15,26,864,1133,-269,0,78,100,14,0,17,79,99,100,3439,detection,
3439987,7,26,864,1133,-269,0,95,100,19,0,5,79,99,100,3439,detection,
3441784,14,29,276,276,0,0,0,0,0,33,0,0,0,0,3441,detection,
3445480,8,16,566,566,0,0,0,0,0,0,0,0,0,0,3445,detection,
3446594,15,17,550,550,0,0,0,0,0,0,10,0,0,0,3446,detection,
3446940,12,26,844,1113,-269,0,82,100,0,0,14,0,82,75,3446,detection,
3453519,19,24,311,320,-9,0,3,84,5,16,5,0,95,100,3453,detection,
3469384,9,19,622,622,0,0,0,0,0,0,4,0,0,0,3469,detection,
3470814,12,15,590,590,0,0,0,0,0,0,4,0,0,0,3470,detection,
3474257,6,20,677,677,0,0,0,0,0,0,32,0,0,0,3474,detection,
3476221,16,4,691,691,0,0,0,0,0,0,1,0,0,0,3476,detection,
3476254,9,4,691,691,0,0,0,0,0,0,5,0,0,0,3476,detection,
3476951,17,21,767,767,0,0,0,0,0,0,12,0,0,0,3476,detection,
3485721,16,4,691,691,0,0,0,0,0,0,0,0,0,0,3485,detection,
3487140,19,9,580,580,0,0,0,0,0,0,2,0,0,0,3487,detection,
3503260,18,10,1171,1171,0,0,0,0,0,0,2,0,0,0,3503,detection,
3511731,8,31,276,361,-85,0,31,100,31,0,2,50,98,100,3511,detection,
3515470,15,26,824,1066,-242,0,70,100,5,0,17,64,94,100,3515,detection,
3521439,1,3,512,512,0,0,0,0,0,0,18,0,0,0,3521,detection,
3524390,11,29,276,276,0,0,0,0,0,0,6,0,0,0,3524,detection,
3526010,6,27,276,314,-38,0,9,70,6,33,32,0,75,55,3526,detection,
3526036,21,27,276,314,-38,0,9,57,6,44,26,0,0,0,3526,detection,
3526075,17,27,276,314,-38,0,9,100,6,44,32,0,77,55,3526,detection,
3526105,20,27,276,314,-38,0,8,70,5,30,36,0,74,75,3526,detection,
3527556,4,16,566,566,0,0,0,0,0,0,3,0,0,0,3527,detection,
3527783,21,27,276,294,-18,0,4,22,3,33,26,0,0,0,3527,detection,
3528348,16,24,291,300,-9,0,3,70,6,16,0,0,94,100,3528,detection,
3529100,13,7,578,578,0,0,0,0,0,0,2,0,0,0,3529,detection,
3533736,7,30,956,1094,-138,0,51,100,0,0,2,0,95,100,3533,detection,
3533757,9,30,956,1094,-138,0,50,100,0,0,3,0,95,100,3533,detection,
3533763,18,30,956,1094,-138,0,48,100,3,0,6,0,95,100,3533,detection,
3533818,10,30,956,1094,-138,0,51,100,3,0,2,0,95,100,3533,detection,
3545482,2,14,512,512,0,0,0,0,0,0,4,0,0,0,3545,detection,
3551601,20,22,512,512,0,0,0,0,0,0,10,0,0,0,3551,detection,
3553678,5,28,276,428,-152,0,45,100,7,0,16,50,98,100,3553,detection,
3557692,10,30,936,1074,-138,0,51,100,0,0,2,0,95,100,3557,detection,
3560359,7,13,674,674,0,0,0,0,0,0,5,0,0,0,3560,detection,
3560380,9,13,674,674,0,0,0,0,0,0,5,0,0,0,3560,detection,
3560390,19,13,674,674,0,0,0,0,0,0,12,0,0,0,3560,detection,
3561852,13,9,580,580,0,0,0,0,0,0,4,0,0,0,3561,detection,
3561856,8,9,580,580,0,0,0,0,0,0,0,0,0,0,3561,detection,
3561890,19,9,580,580,0,0,0,0,0,0,2,0,0,0,3561,detection,
3561930,4,9,580,580,0,0,0,0,0,0,0,0,0,0,3561,detection,
3563596,15,28,276,428,-152,0,41,100,17,0,21,0,92,100,3563,detection,
3563605,13,28,276,428,-152,0,43,100,17,0,19,0,95,100,3563,detection,
3563610,7,28,276,428,-152,0,45,100,9,0,15,0,95,100,3563,detection,
3565253,9,13,674,674,0,0,0,0,0,0,5,0,0,0,3565,detection,
3566853,8,2,547,547,0,0,0,0,0,0,0,0,0,0,3566,detection,
3570296,22,11,370,370,0,63,0,0,0,0,48,0,0,0,3570,detection,
3572266,11,15,573,573,0,0,0,0,0,0,13,0,0,0,3572,detection,
3579069,10,18,970,970,0,0,0,0,0,0,4,0,0,0,3579,detection,
3584319,10,26,804,999,-195,0,64,100,16,0,9,0,82,75,3584,detection,
3584437,12,21,767,767,0,0,0,0,0,0,9,0,0,0,3584,detection,
3591886,18,10,1140,1140,0,0,0,0,0,0,2,0,0,0,3591,detection,
3598382,6,17,559,559,0,0,0,0,0,0,22,0,0,0,3598,detection,
3598724,1,11,370,370,0,63,0,0,0,0,48,0,0,0,3598,detection,
3598728,20,11,370,370,0,63,0,0,0,0,50,0,0,0,3598,detection,
3598758,6,11,370,370,0,63,0,0,0,0,51,0,0,0,3598,detection,
3598769,19,11,370,370,0,63,0,0,0,0,45,0,0,0,3598,detection,
