sim_ms,mote_id,src,R,Rhat,e,v1,v2,v3,v4,v5,v6,v7,AC,ML,t,type,action
27147,1,23,512,512,0,0,0,0,0,0,0,0,0,0,27,detection,
27174,20,23,512,512,0,0,0,0,0,0,0,0,0,0,27,detection,
27217,6,23,512,512,0,0,0,0,0,0,0,0,0,0,27,detection,
27220,19,23,512,512,0,0,0,0,0,0,0,0,0,0,27,detection,
27229,14,23,512,512,0,0,0,0,0,0,0,0,0,0,27,detection,
27237,2,23,512,512,0,0,0,0,0,0,0,0,0,0,27,detection,
27298,1,28,512,512,0,0,0,0,0,0,0,0,0,0,27,detection,
27342,6,28,512,512,0,0,0,0,0,0,0,0,0,0,27,detection,
27363,2,28,512,512,0,0,0,0,0,0,0,0,0,0,27,detection,
27433,1,2,768,768,0,0,0,0,0,0,0,0,0,0,27,detection,
27445,16,2,768,768,0,0,0,0,0,0,0,0,0,0,27,detection,
27445,4,2,768,768,0,0,0,0,0,0,0,0,0,0,27,detection,
27449,7,2,768,768,0,0,0,0,0,0,0,0,0,0,27,detection,
27449,3,2,768,768,0,0,0,0,0,0,0,0,0,0,27,detection,
27480,14,2,768,768,0,0,0,0,0,0,0,0,0,0,27,detection,
27491,9,2,768,768,0,0,0,0,0,0,0,0,0,0,27,detection,
27530,18,2,768,768,0,0,0,0,0,0,0,0,0,0,27,detection,
27547,10,2,768,768,0,0,0,0,0,0,0,0,0,0,27,detection,
27547,13,2,768,768,0,0,0,0,0,0,0,0,0,0,27,detection,
27553,20,2,768,768,0,0,0,0,0,0,0,0,0,0,27,detection,
27556,8,2,768,768,0,0,0,0,0,0,0,0,0,0,27,detection,
27621,1,6,768,768,0,0,0,0,0,0,0,0,0,0,27,detection,
27678,20,6,768,768,0,0,0,0,0,0,0,0,0,0,27,detection,
27915,1,24,512,512,0,0,0,0,0,0,0,0,0,0,27,detection,
27967,6,24,512,512,0,0,0,0,0,0,0,0,0,0,27,detection,
27991,9,24,512,512,0,0,0,0,0,0,0,0,0,0,27,detection,
27993,2,24,512,512,0,0,0,0,0,0,0,0,0,0,27,detection,
28143,1,20,512,512,0,0,0,0,0,0,0,0,0,0,28,detection,
28172,13,20,512,512,0,0,0,0,0,0,0,0,0,0,28,detection,
28180,8,20,512,512,0,0,0,0,0,0,0,0,0,0,28,detection,
28202,7,20,512,512,0,0,0,0,0,0,0,0,0,0,28,detection,
28202,3,20,512,512,0,0,0,0,0,0,0,0,0,0,28,detection,
28242,9,20,512,512,0,0,0,0,0,0,0,0,0,0,28,detection,
28243,2,20,512,512,0,0,0,0,0,0,0,0,0,0,28,detection,
29926,10,13,1024,1024,0,0,0,0,0,0,0,0,0,0,29,detection,
29927,20,13,1024,1024,0,0,0,0,0,0,0,0,0,0,29,detection,
29931,8,13,1024,1024,0,0,0,0,0,0,0,0,0,0,29,detection,
29946,4,13,1024,1024,0,0,0,0,0,0,0,0,0,0,29,detection,
29950,16,13,1024,1024,0,0,0,0,0,0,0,0,0,0,29,detection,
29951,3,13,1024,1024,0,0,0,0,0,0,0,0,0,0,29,detection,
29951,7,13,1024,1024,0,0,0,0,0,0,0,0,0,0,29,detection,
29982,14,13,1024,1024,0,0,0,0,0,0,0,0,0,0,29,detection,
29992,2,13,1024,1024,0,0,0,0,0,0,0,0,0,0,29,detection,
30022,22,13,1024,1024,0,0,0,0,0,0,0,0,0,0,30,detection,
30031,18,13,1024,1024,0,0,0,0,0,0,0,0,0,0,30,detection,
30620,9,30,1280,1280,0,0,0,0,0,0,0,0,0,0,30,detection,
30623,2,30,1280,1280,0,0,0,0,0,0,0,0,0,0,30,detection,
30634,12,30,1280,1280,0,0,0,0,0,0,0,0,0,0,30,detection,
30648,22,30,1280,1280,0,0,0,0,0,0,0,0,0,0,30,detection,
30657,18,30,1280,1280,0,0,0,0,0,0,0,0,0,0,30,detection,
30674,13,30,1280,1280,0,0,0,0,0,0,0,0,0,0,30,detection,
30674,10,30,1280,1280,0,0,0,0,0,0,0,0,0,0,30,detection,
30695,4,30,1280,1280,0,0,0,0,0,0,0,0,0,0,30,detection,
30699,16,30,1280,1280,0,0,0,0,0,0,0,0,0,0,30,detection,
30700,7,30,1280,1280,0,0,0,0,0,0,0,0,0,0,30,detection,
30705,3,30,1280,1280,0,0,0,0,0,0,0,0,0,0,30,detection,
30727,21,30,1280,1280,0,0,0,0,0,0,0,0,0,0,30,detection,
30776,15,19,768,768,0,0,0,0,0,0,0,0,0,0,30,detection,
30947,4,7,1024,1024,0,0,0,0,0,0,0,0,0,0,30,detection,
30956,3,7,1024,1024,0,0,0,0,0,0,0,0,0,0,30,detection,
30979,11,14,1024,1024,0,0,0,0,0,0,0,0,0,0,30,detection,
31011,12,14,1024,1024,0,0,0,0,0,0,0,0,0,0,31,detection,
31044,5,14,1024,1024,0,0,0,0,0,0,0,0,0,0,31,detection,
31059,8,14,1024,1024,0,0,0,0,0,0,0,0,0,0,31,detection,
31095,19,14,1024,1024,0,0,0,0,0,0,0,0,0,0,31,detection,
31273,22,3,1024,1024,0,0,0,0,0,0,0,0,0,0,31,detection,
31281,18,3,1024,1024,0,0,0,0,0,0,0,0,0,0,31,detection,
31304,20,3,1024,1024,0,0,0,0,0,0,0,0,0,0,31,detection,
31330,7,3,1024,1024,0,0,0,0,0,0,0,0,0,0,31,detection,
31585,3,4,1280,1280,0,0,0,0,0,0,0,0,0,0,31,detection,
31603,21,4,1280,1280,0,0,0,0,0,0,0,0,0,0,31,detection,
31609,14,4,1280,1280,0,0,0,0,0,0,0,0,0,0,31,detection,
31619,9,4,1280,1280,0,0,0,0,0,0,0,0,0,0,31,detection,
31634,12,4,1280,1280,0,0,0,0,0,0,0,0,0,0,31,detection,
31648,22,4,1280,1280,0,0,0,0,0,0,0,0,0,0,31,detection,
31678,10,4,1280,1280,0,0,0,0,0,0,0,0,0,0,31,detection,
31683,8,4,1280,1280,0,0,0,0,0,0,0,0,0,0,31,detection,
31699,16,4,1280,1280,0,0,0,0,0,0,0,0,0,0,31,detection,
31949,16,9,1024,1024,0,0,0,0,0,0,0,0,0,0,31,detection,
31950,4,9,1024,1024,0,0,0,0,0,0,0,0,0,0,31,detection,
31955,7,9,1024,1024,0,0,0,0,0,0,0,0,0,0,31,detection,
31955,3,9,1024,1024,0,0,0,0,0,0,0,0,0,0,31,detection,
32262,12,10,1024,1024,0,0,0,0,0,0,0,0,0,0,32,detection,
32386,12,16,1024,1024,0,0,0,0,0,0,0,0,0,0,32,detection,
32399,22,16,1024,1024,0,0,0,0,0,0,0,0,0,0,32,detection,
32411,18,16,1024,1024,0,0,0,0,0,0,0,0,0,0,32,detection,
32428,13,16,1024,1024,0,0,0,0,0,0,0,0,0,0,32,detection,
32428,10,16,1024,1024,0,0,0,0,0,0,0,0,0,0,32,detection,
32433,8,16,1024,1024,0,0,0,0,0,0,0,0,0,0,32,detection,
32524,22,29,768,768,0,0,0,0,0,0,0,0,0,0,32,detection,
32537,18,29,768,768,0,0,0,0,0,0,0,0,0,0,32,detection,
32548,13,29,768,768,0,0,0,0,0,0,0,0,0,0,32,detection,
32551,20,29,768,768,0,0,0,0,0,0,0,0,0,0,32,detection,
32554,10,29,768,768,0,0,0,0,0,0,0,0,0,0,32,detection,
32558,8,29,768,768,0,0,0,0,0,0,0,0,0,0,32,detection,
32575,4,29,768,768,0,0,0,0,0,0,0,0,0,0,32,detection,
32580,7,29,768,768,0,0,0,0,0,0,0,0,0,0,32,detection,
32581,16,29,768,768,0,0,0,0,0,0,0,0,0,0,32,detection,
32590,3,29,768,768,0,0,0,0,0,0,0,0,0,0,32,detection,
32618,9,29,768,768,0,0,0,0,0,0,0,0,0,0,32,detection,
32621,2,29,768,768,0,0,0,0,0,0,0,0,0,0,32,detection,
32909,22,8,1024,1024,0,0,0,0,0,0,0,0,0,0,32,detection,
33056,8,18,1280,1280,0,0,0,0,0,0,0,0,0,0,33,detection,
33155,18,8,1024,1024,0,0,0,0,0,0,0,0,0,0,33,detection,
33998,2,25,1280,1280,0,0,0,0,0,0,0,0,0,0,33,detection,
34076,7,2,512,512,0,0,0,0,0,0,6,0,0,0,34,detection,
34081,3,2,512,512,0,0,0,0,0,0,6,0,0,0,34,detection,
34138,12,2,512,512,0,0,0,0,0,0,0,0,0,0,34,detection,
34152,22,2,512,512,0,0,0,0,0,0,0,0,0,0,34,detection,
34157,18,2,512,512,0,0,0,0,0,0,6,0,0,0,34,detection,
34173,13,2,512,512,0,0,0,0,0,0,6,0,0,0,34,detection,
34174,20,2,512,512,0,0,0,0,0,0,4,0,0,0,34,detection,
34354,21,31,1536,1536,0,0,0,0,0,0,0,0,0,0,34,detection,
34451,4,31,1536,1536,0,0,0,0,0,0,0,0,0,0,34,detection,
34541,5,12,1536,1536,0,0,0,0,0,0,0,0,0,0,34,detection,
34731,21,22,1280,1280,0,0,0,0,0,0,0,0,0,0,34,detection,
34737,14,11,1536,1536,0,0,0,0,0,0,0,0,0,0,34,detection,
35063,1,28,512,512,0,0,0,0,0,0,0,0,0,0,35,detection,
35092,6,28,512,512,0,0,0,0,0,0,0,0,0,0,35,detection,
35279,15,5,1280,1280,0,0,0,0,0,0,0,0,0,0,35,detection,
35538,1,23,512,512,0,0,0,0,0,0,0,0,0,0,35,detection,
35543,5,23,512,512,0,0,0,0,0,0,0,0,0,0,35,detection,
35577,4,23,512,512,0,0,0,0,0,0,0,0,0,0,35,detection,
35621,2,23,512,512,0,0,0,0,0,0,3,0,0,0,35,detection,
35817,1,20,512,512,0,0,0,0,0,0,0,0,0,0,35,detection,
35831,3,20,512,512,0,0,0,0,0,0,0,0,0,0,35,detection,
35844,6,20,512,512,0,0,0,0,0,0,0,0,0,0,35,detection,
36093,6,24,512,512,0,0,0,0,0,0,0,0,0,0,36,detection,
36144,1,24,512,512,0,0,0,0,0,0,0,0,0,0,36,detection,
36216,1,6,512,512,0,0,0,0,0,0,4,0,0,0,36,detection,
36861,14,22,1024,1024,0,0,0,0,0,0,0,0,0,0,36,detection,
36870,9,22,1024,1024,0,0,0,0,0,0,0,0,0,0,36,detection,
36888,12,22,1024,1024,0,0,0,0,0,0,0,0,0,0,36,detection,
37245,9,16,1024,1024,0,0,0,0,0,0,0,0,0,0,37,detection,
37301,13,16,1024,1024,0,0,0,0,0,0,1,0,0,0,37,detection,
37301,10,16,1024,1024,0,0,0,0,0,0,0,0,0,0,37,detection,
37378,1,13,768,768,0,0,0,0,0,0,0,0,0,0,37,detection,
37388,12,13,768,768,0,0,0,0,0,0,0,0,0,0,37,detection,
37398,22,13,768,768,0,0,0,0,0,0,11,0,0,0,37,detection,
37426,10,13,768,768,0,0,0,0,0,0,8,0,0,0,37,detection,
37449,4,13,768,768,0,0,0,0,0,0,9,0,0,0,37,detection,
37453,3,13,768,768,0,0,0,0,0,0,8,0,0,0,37,detection,
37468,17,26,1792,1792,0,0,0,0,0,0,0,0,0,0,37,detection,
37482,14,13,768,768,0,0,0,0,0,0,8,0,0,0,37,detection,
37493,2,13,768,768,0,0,0,0,0,0,16,0,0,0,37,detection,
38685,8,18,768,768,0,0,0,0,0,0,4,0,0,0,38,detection,
38704,7,18,768,768,0,0,0,0,0,0,0,0,0,0,38,detection,
39471,6,3,1024,1024,0,0,0,0,0,0,0,0,0,0,39,detection,
39498,1,3,1024,1024,0,0,0,0,0,0,0,0,0,0,39,detection,
39555,20,3,1024,1024,0,0,0,0,0,0,0,0,0,0,39,detection,
40159,18,8,1024,1024,0,0,0,0,0,0,0,0,0,0,40,detection,
40177,13,8,1024,1024,0,0,0,0,0,0,0,0,0,0,40,detection,
40178,10,8,1024,1024,0,0,0,0,0,0,0,0,0,0,40,detection,
40217,17,8,1024,1024,0,0,0,0,0,0,0,0,0,0,40,detection,
40230,11,19,768,768,0,0,0,0,0,0,0,0,0,0,40,detection,
40276,15,19,768,768,0,0,0,0,0,0,2,0,0,0,40,detection,
40660,18,29,768,768,0,0,0,0,0,0,0,0,0,0,40,detection,
40734,11,31,1280,1280,0,0,0,0,0,0,0,0,0,0,40,detection,
41347,19,15,1792,1792,0,0,0,0,0,0,0,0,0,0,41,detection,
41356,11,15,1792,1792,0,0,0,0,0,0,0,0,0,0,41,detection,
42162,18,12,1024,1024,0,0,0,0,0,0,0,0,0,0,42,detection,
42179,13,12,1024,1024,0,0,0,0,0,0,0,0,0,0,42,detection,
42179,10,12,1024,1024,0,0,0,0,0,0,0,0,0,0,42,detection,
42224,19,12,1024,1024,0,0,0,0,0,0,0,0,0,0,42,detection,
42233,11,12,1024,1024,0,0,0,0,0,0,0,0,0,0,42,detection,
42355,21,14,1024,1024,0,0,0,0,0,0,0,0,0,0,42,detection,
43803,13,22,1024,1024,0,0,0,0,0,0,0,0,0,0,43,detection,
43849,19,22,1024,1024,0,0,0,0,0,0,0,0,0,0,43,detection,
43856,14,22,1024,1024,0,0,0,0,0,0,0,0,0,0,43,detection,
43862,11,22,1024,1024,0,0,0,0,0,0,0,0,0,0,43,detection,
43869,9,22,1024,1024,0,0,0,0,0,0,3,0,0,0,43,detection,
44847,17,25,768,768,0,0,0,0,0,0,0,0,0,0,44,detection,
44858,21,25,768,768,0,0,0,0,0,0,0,0,0,0,44,detection,
45175,10,4,1024,1024,0,0,0,0,0,0,3,0,0,0,45,detection,
45183,8,4,1024,1024,0,0,0,0,0,0,5,0,0,0,45,detection,
45598,19,5,1510,1510,0,0,0,0,0,0,0,0,0,0,45,detection,
45648,15,5,1510,1510,0,0,0,0,0,0,5,0,0,0,45,detection,
45981,1,28,537,537,0,0,0,0,0,0,0,0,0,0,45,detection,
47734,21,17,1280,1280,0,0,0,0,0,0,0,0,0,0,47,detection,
47966,17,8,1280,1280,0,0,0,0,0,0,3,0,0,0,47,detection,
48174,1,3,998,998,0,0,0,0,0,0,0,0,0,0,48,detection,
48177,20,3,998,998,0,0,0,0,0,0,0,0,0,0,48,detection,
48845,17,26,1536,1536,0,0,0,0,0,0,11,0,0,0,48,detection,
49450,4,30,768,768,0,0,0,0,0,0,6,0,0,0,49,detection,
49483,14,30,768,768,0,0,0,0,0,0,0,0,0,0,49,detection,
49487,11,30,768,768,0,0,0,0,0,0,0,0,0,0,49,detection,
49494,9,30,768,768,0,0,0,0,0,0,11,0,0,0,49,detection,
49494,2,30,768,768,0,0,0,0,0,0,16,0,0,0,49,detection,
49514,12,30,768,768,0,0,0,0,0,0,9,0,0,0,49,detection,
49527,22,30,768,768,0,0,0,0,0,0,11,0,0,0,49,detection,
49532,18,30,768,768,0,0,0,0,0,0,4,0,0,0,49,detection,
49544,5,30,768,768,0,0,0,0,0,0,0,0,0,0,49,detection,
49549,13,30,768,768,0,0,0,0,0,0,6,0,0,0,49,detection,
49553,10,30,768,768,0,0,0,0,0,0,4,0,0,0,49,detection,
49573,16,30,768,768,0,0,0,0,0,0,4,0,0,0,49,detection,
49778,15,11,1024,1024,0,0,0,0,0,0,0,0,0,0,49,detection,
49798,5,11,1024,1024,0,0,0,0,0,0,0,0,0,0,49,detection,
49848,19,11,1024,1024,0,0,0,0,0,0,0,0,0,0,49,detection,
50670,5,18,768,768,0,0,0,0,0,0,0,0,0,0,50,detection,
51888,1,20,512,512,0,0,0,0,0,0,0,0,0,0,51,detection,
51969,6,20,512,512,0,0,0,0,0,0,0,0,0,0,51,detection,
52030,1,6,512,512,0,0,0,0,0,0,5,0,0,0,52,detection,
52047,5,22,1024,1024,0,0,0,0,0,0,0,0,0,0,52,detection,
52054,20,6,512,512,0,0,0,0,0,0,4,0,0,0,52,detection,
52079,16,22,1024,1024,0,0,0,0,0,0,0,0,0,0,52,detection,
52108,11,22,1024,1024,0,0,0,0,0,0,8,0,0,0,52,detection,
52139,12,22,1024,1024,0,0,0,0,0,0,12,0,0,0,52,detection,
52203,16,10,1024,1024,0,0,0,0,0,0,0,0,0,0,52,detection,
52261,12,10,1024,1024,0,0,0,0,0,0,3,0,0,0,52,detection,
52299,5,10,1024,1024,0,0,0,0,0,0,0,0,0,0,52,detection,
52397,1,24,512,512,0,0,0,0,0,0,0,0,0,0,52,detection,
52469,6,24,512,512,0,0,0,0,0,0,0,0,0,0,52,detection,
52478,19,24,512,512,0,0,0,0,0,0,0,0,0,0,52,detection,
52530,15,23,512,512,0,0,0,0,0,0,0,0,0,0,52,detection,
52543,5,23,512,512,0,0,0,0,0,0,3,0,0,0,52,detection,
52574,4,23,512,512,0,0,0,0,0,0,1,0,0,0,52,detection,
52598,19,23,512,512,0,0,0,0,0,0,1,0,0,0,52,detection,
52610,11,23,512,512,0,0,0,0,0,0,0,0,0,0,52,detection,
52621,2,23,512,512,0,0,0,0,0,0,11,0,0,0,52,detection,
53702,7,29,998,998,0,0,0,0,0,0,5,0,0,0,53,detection,
53784,18,29,998,998,0,0,0,0,0,0,6,0,0,0,53,detection,
53801,13,29,998,998,0,0,0,0,0,0,7,0,0,0,53,detection,
54982,11,14,1024,1024,0,0,0,0,0,0,2,0,0,0,54,detection,
55467,17,8,1280,1280,0,0,0,0,0,0,8,0,0,0,55,detection,
55486,21,8,1280,1280,0,0,0,0,0,0,0,0,0,0,55,detection,
55552,10,8,1280,1280,0,0,0,0,0,0,3,0,0,0,55,detection,
56034,18,12,1280,1280,0,0,0,0,0,0,3,0,0,0,56,detection,
56046,5,12,1280,1280,0,0,0,0,0,0,8,0,0,0,56,detection,
56051,13,12,1280,1280,0,0,0,0,0,0,3,0,0,0,56,detection,
56055,10,12,1280,1280,0,0,0,0,0,0,1,0,0,0,56,detection,
56112,14,12,1280,1280,0,0,0,0,0,0,0,0,0,0,56,detection,
56700,4,31,1024,1024,0,0,0,0,0,0,8,0,0,0,56,detection,
56734,11,31,1024,1024,0,0,0,0,0,0,4,0,0,0,56,detection,
58106,21,25,768,768,0,0,0,0,0,0,0,0,0,0,58,detection,
58119,2,25,768,768,0,0,0,0,0,0,17,0,0,0,58,detection,
59529,15,5,1280,1280,0,0,0,0,0,0,9,0,0,0,59,detection,
59601,19,5,1280,1280,0,0,0,0,0,0,3,0,0,0,59,detection,
59609,21,17,1766,1766,0,0,0,0,0,0,4,0,0,0,59,detection,
60726,19,22,1049,1049,0,0,0,0,0,0,7,0,0,0,60,detection,
60781,15,22,1049,1049,0,0,0,0,0,0,0,0,0,0,60,detection,
60795,5,22,1049,1049,0,0,0,0,0,0,0,0,0,0,60,detection,
60803,13,22,1049,1049,0,0,0,0,0,0,9,0,0,0,60,detection,
62164,1,13,919,919,0,0,0,0,0,0,2,0,0,0,62,detection,
62180,10,13,919,919,0,0,0,0,0,0,12,0,0,0,62,detection,
62202,4,13,919,919,0,0,0,0,0,0,14,0,0,0,62,detection,
62206,16,13,919,919,0,0,0,0,0,0,9,0,0,0,62,detection,
62276,22,13,919,919,0,0,0,0,0,0,17,0,0,0,62,detection,
62287,18,13,919,919,0,0,0,0,0,0,9,0,0,0,62,detection,
62575,4,31,768,768,0,0,0,0,0,0,15,0,0,0,62,detection,
64342,17,26,1536,1536,0,0,0,0,0,0,12,0,0,0,64,detection,
65346,6,4,1280,1280,0,0,0,0,0,0,0,0,0,0,65,detection,
65358,14,4,1280,1280,0,0,0,0,0,0,3,0,0,0,65,detection,
65433,20,4,1280,1280,0,0,0,0,0,0,0,0,0,0,65,detection,
65456,3,4,1280,1280,0,0,0,0,0,0,3,0,0,0,65,detection,
70053,20,4,1280,1280,0,0,0,0,0,0,3,0,0,0,70,detection,
70057,10,4,1280,1280,0,0,0,0,0,0,15,0,0,0,70,detection,
70079,3,4,1280,1280,0,0,0,0,0,0,7,0,0,0,70,detection,
70720,17,21,1792,1792,0,0,0,0,0,0,0,0,0,0,70,detection,
71283,1,28,537,537,0,0,0,0,0,0,0,0,0,0,71,detection,
71484,14,11,1280,1280,0,0,0,0,0,0,3,0,0,0,71,detection,
73902,15,22,1240,1240,0,0,0,0,0,0,1,0,0,0,73,detection,
73922,5,22,1240,1240,0,0,0,0,0,0,1,0,0,0,73,detection,
73926,13,22,1240,1240,0,0,0,0,0,0,10,0,0,0,73,detection,
73951,16,22,1240,1240,0,0,0,0,0,0,9,0,0,0,73,detection,
73977,19,22,1240,1240,0,0,0,0,0,0,6,0,0,0,73,detection,
74858,1,3,998,998,0,0,0,0,0,0,0,0,0,0,74,detection,
74929,20,3,998,998,0,0,0,0,0,0,0,0,0,0,74,detection,
74968,6,3,998,998,0,0,0,0,0,0,0,0,0,0,74,detection,
76096,17,21,1792,1792,0,0,0,0,0,0,3,0,0,0,76,detection,
76776,22,16,1024,1024,0,0,0,0,0,0,15,0,0,0,76,detection,
76802,13,16,1024,1024,0,0,0,0,0,0,4,0,0,0,76,detection,
77030,15,18,998,998,0,0,0,0,0,0,0,0,0,0,77,detection,
77043,5,18,998,998,0,0,0,0,0,0,5,0,0,0,77,detection,
78156,15,5,1280,1280,0,0,0,0,0,0,10,0,0,0,78,detection,
78226,19,5,1280,1280,0,0,0,0,0,0,3,0,0,0,78,detection,
78305,20,4,1075,1075,0,0,0,0,0,0,5,0,0,0,78,detection,
78331,3,4,1075,1075,0,0,0,0,0,0,9,0,0,0,78,detection,
78343,6,4,1075,1075,0,0,0,0,0,0,6,0,0,0,78,detection,
78596,17,31,768,768,0,0,0,0,0,0,0,0,0,0,78,detection,
78600,6,31,768,768,0,0,0,0,0,0,0,0,0,0,78,detection,
78676,5,14,1228,1228,0,0,0,0,0,0,9,0,0,0,78,detection,
78746,2,23,1135,1135,0,0,0,0,0,0,35,0,0,0,78,detection,
79346,17,24,512,512,0,0,0,0,0,0,0,0,0,0,79,detection,
79371,2,24,512,512,0,0,0,0,0,0,16,0,0,0,79,detection,
80429,20,19,1044,1044,0,0,0,0,0,0,0,0,0,0,80,detection,
80471,6,19,1044,1044,0,0,0,0,0,0,0,0,0,0,80,detection,
80868,2,13,1116,1116,0,0,0,0,0,0,24,0,0,0,80,detection,
80906,22,13,1116,1116,0,0,0,0,0,0,25,0,0,0,80,detection,
80907,15,13,1116,1116,0,0,0,0,0,0,0,0,0,0,80,detection,
80952,16,13,1116,1116,0,0,0,0,0,0,15,0,0,0,80,detection,
81730,21,17,1024,1024,0,0,0,0,0,0,9,0,0,0,81,detection,
82670,5,10,1024,1024,0,0,0,0,0,0,6,0,0,0,82,detection,
82942,1,6,512,512,0,0,0,0,0,0,4,0,0,0,82,detection,
83225,19,5,1024,1024,0,0,0,0,0,0,7,0,0,0,83,detection,
83279,15,5,1024,1024,0,0,0,0,0,0,13,0,0,0,83,detection,
83553,20,4,1075,1075,0,0,0,0,0,0,8,0,0,0,83,detection,
83596,3,4,1075,1075,0,0,0,0,0,0,11,0,0,0,83,detection,
83604,6,4,1075,1075,0,0,0,0,0,0,6,0,0,0,83,detection,
83704,7,9,1536,1536,0,0,0,0,0,0,12,0,0,0,83,detection,
83723,17,9,1536,1536,0,0,0,0,0,0,0,0,0,0,83,detection,
83827,1,20,512,512,0,0,0,0,0,0,0,0,0,0,83,detection,
83844,6,20,512,512,0,0,0,0,0,0,0,0,0,0,83,detection,
84116,21,8,1647,1647,0,0,0,0,0,0,10,0,0,0,84,detection,
84220,17,8,1647,1647,0,0,0,0,0,0,17,0,0,0,84,detection,
85205,16,22,1280,1280,0,0,0,0,0,0,20,0,0,0,85,detection,
85223,19,22,1280,1280,0,0,0,0,0,0,12,0,0,0,85,detection,
86153,22,2,1024,1024,0,0,0,0,0,0,27,0,0,0,86,detection,
86156,15,2,1024,1024,0,0,0,0,0,0,0,0,0,0,86,detection,
86158,18,2,1024,1024,0,0,0,0,0,0,21,0,0,0,86,detection,
86175,13,2,1024,1024,0,0,0,0,0,0,19,0,0,0,86,detection,
86201,16,2,1024,1024,0,0,0,0,0,0,17,0,0,0,86,detection,
88648,22,16,1024,1024,0,0,0,0,0,0,27,0,0,0,88,detection,
89867,2,13,1024,1024,0,0,0,0,0,0,28,0,0,0,89,detection,
89906,15,13,1024,1024,0,0,0,0,0,0,3,0,0,0,89,detection,
89910,18,13,1024,1024,0,0,0,0,0,0,22,0,0,0,89,detection,
89939,8,13,1024,1024,0,0,0,0,0,0,19,0,0,0,89,detection,
90183,8,18,1024,1024,0,0,0,0,0,0,23,0,0,0,90,detection,
90224,17,18,1024,1024,0,0,0,0,0,0,0,0,0,0,90,detection,
90281,15,18,1024,1024,0,0,0,0,0,0,3,0,0,0,90,detection,
91227,19,5,1280,1280,0,0,0,0,0,0,12,0,0,0,91,detection,
91705,16,30,998,998,0,0,0,0,0,0,22,0,0,0,91,detection,
92455,7,9,1536,1536,0,0,0,0,0,0,16,0,0,0,92,detection,
92858,21,8,1536,1536,0,0,0,0,0,0,18,0,0,0,92,detection,
92913,18,8,1536,1536,0,0,0,0,0,0,19,0,0,0,92,detection,
92930,13,8,1536,1536,0,0,0,0,0,0,16,0,0,0,92,detection,
92934,10,8,1536,1536,0,0,0,0,0,0,22,0,0,0,92,detection,
92972,17,8,1536,1536,0,0,0,0,0,0,23,0,0,0,92,detection,
94978,19,14,768,768,0,0,0,0,0,0,12,0,0,0,94,detection,
95435,8,18,1024,1024,0,0,0,0,0,0,24,0,0,0,95,detection,
95529,15,18,1024,1024,0,0,0,0,0,0,3,0,0,0,95,detection,
96776,22,16,1280,1280,0,0,0,0,0,0,32,0,0,0,96,detection,
97553,20,4,1075,1075,0,0,0,0,0,0,10,0,0,0,97,detection,
97578,3,4,1075,1075,0,0,0,0,0,0,13,0,0,0,97,detection,
97596,6,4,1075,1075,0,0,0,0,0,0,8,0,0,0,97,detection,
97609,14,4,1075,1075,0,0,0,0,0,0,12,0,0,0,97,detection,
97972,17,26,1536,1536,0,0,0,0,0,0,17,0,0,0,97,detection,
98454,16,22,1280,1280,0,0,0,0,0,0,28,0,0,0,98,detection,
98474,19,22,1280,1280,0,0,0,0,0,0,17,0,0,0,98,detection,
102160,18,8,1536,1536,0,0,0,0,0,0,19,0,0,0,102,detection,
102177,10,8,1536,1536,0,0,0,0,0,0,22,0,0,0,102,detection,
102804,10,13,1510,1510,0,0,0,0,0,0,25,0,0,0,102,detection,
102809,8,13,1510,1510,0,0,0,0,0,0,27,0,0,0,102,detection,
102907,15,13,1510,1510,0,0,0,0,0,0,7,0,0,0,102,detection,
103575,4,31,1024,1024,0,0,0,0,0,0,30,0,0,0,103,detection,
103592,6,31,1024,1024,0,0,0,0,0,0,16,0,0,0,103,detection,
103597,17,31,1024,1024,0,0,0,0,0,0,13,0,0,0,103,detection,
103613,11,31,1024,1024,0,0,0,0,0,0,26,0,0,0,103,detection,
106332,3,4,768,768,0,0,0,0,0,0,29,0,0,0,106,detection,
106701,16,30,1205,1205,0,0,0,0,0,0,26,0,0,0,106,detection,
106906,15,18,1024,1024,0,0,0,0,0,0,3,0,0,0,106,detection,
107830,7,9,1536,1536,0,0,0,0,0,0,23,0,0,0,107,detection,
107849,17,9,1536,1536,0,0,0,0,0,0,7,0,0,0,107,detection,
108197,4,31,998,998,0,0,0,0,0,0,30,0,0,0,108,detection,
108219,6,31,998,998,0,0,0,0,0,0,14,0,0,0,108,detection,
109930,10,13,1510,1510,0,0,0,0,0,0,24,0,0,0,109,detection,
110400,22,16,1461,1461,0,0,0,0,0,0,36,0,0,0,110,detection,
114084,3,2,1254,1254,0,0,0,0,0,0,25,0,0,0,114,detection,
114123,9,2,1254,1254,0,0,0,0,0,0,33,0,0,0,114,detection,
114137,12,2,1254,1254,0,0,0,0,0,0,18,0,0,0,114,detection,
114149,22,2,1254,1254,0,0,0,0,0,0,32,0,0,0,114,detection,
114154,15,2,1254,1254,0,0,0,0,0,0,8,0,0,0,114,detection,
114179,10,2,1254,1254,0,0,0,0,0,0,24,0,0,0,114,detection,
114187,8,2,1254,1254,0,0,0,0,0,0,29,0,0,0,114,detection,
115926,20,4,793,793,0,0,0,0,0,0,18,0,0,0,115,detection,
115969,6,4,793,793,0,0,0,0,0,0,19,0,0,0,115,detection,
116279,15,22,1280,1280,0,0,0,0,0,0,7,0,0,0,116,detection,
116708,3,9,1536,1536,0,0,0,0,0,0,18,0,0,0,116,detection,
117099,19,5,1024,1024,0,0,0,0,0,0,20,0,0,0,117,detection,
117118,2,25,1536,1536,0,0,0,0,0,0,28,0,0,0,117,detection,
117907,22,30,1280,1280,0,0,0,0,0,0,27,0,0,0,117,detection,
118432,10,12,1280,1280,0,0,0,0,0,0,21,0,0,0,118,detection,
120155,15,11,1280,1280,0,0,0,0,0,0,9,0,0,0,120,detection,
120451,16,22,1510,1510,0,0,0,0,0,0,32,0,0,0,120,detection,
120518,12,22,1510,1510,0,0,0,0,0,0,27,0,0,0,120,detection,
120527,15,22,1510,1510,0,0,0,0,0,0,11,0,0,0,120,detection,
120553,13,22,1510,1510,0,0,0,0,0,0,26,0,0,0,120,detection,
124811,8,16,1461,1461,0,0,0,0,0,0,23,0,0,0,124,detection,
125930,13,12,1280,1280,0,0,0,0,0,0,24,0,0,0,125,detection,
126187,8,4,793,793,0,0,0,0,0,0,30,0,0,0,126,detection,
126205,3,4,793,793,0,0,0,0,0,0,26,0,0,0,126,detection,
126221,6,4,793,793,0,0,0,0,0,0,23,0,0,0,126,detection,
126247,9,4,793,793,0,0,0,0,0,0,32,0,0,0,126,detection,
126265,12,4,793,793,0,0,0,0,0,0,24,0,0,0,126,detection,
126994,1,28,531,531,0,0,0,0,0,0,0,0,0,0,126,detection,
128084,7,13,1536,1536,0,0,0,0,0,0,22,0,0,0,128,detection,
129912,18,8,1043,1043,0,0,0,0,0,0,23,0,0,0,129,detection,
130099,17,9,1305,1305,0,0,0,0,0,0,13,0,0,0,130,detection,
130580,16,22,1330,1330,0,0,0,0,0,0,32,0,0,0,130,detection,
130614,11,22,1330,1330,0,0,0,0,0,0,31,0,0,0,130,detection,
130640,12,22,1330,1330,0,0,0,0,0,0,28,0,0,0,130,detection,
130656,15,22,1330,1330,0,0,0,0,0,0,19,0,0,0,130,detection,
130677,13,22,1330,1330,0,0,0,0,0,0,28,0,0,0,130,detection,
130721,6,19,1044,1044,0,0,0,0,0,0,13,0,0,0,130,detection,
130919,5,14,998,998,0,0,0,0,0,0,25,0,0,0,130,detection,
130981,19,14,998,998,0,0,0,0,0,0,19,0,0,0,130,detection,
132472,17,18,1049,1049,0,0,0,0,0,0,6,0,0,0,132,detection,
134528,22,13,1536,1536,0,0,0,0,0,0,32,0,0,0,134,detection,
134555,10,13,1536,1536,0,0,0,0,0,0,29,0,0,0,134,detection,
135987,11,12,1024,1024,0,0,0,0,0,0,29,0,0,0,135,detection,
137735,17,9,1740,1740,0,0,0,0,0,0,22,0,0,0,137,detection,
138846,17,18,1049,1049,0,0,0,0,0,0,12,0,0,0,138,detection,
139689,1,6,512,512,0,0,0,0,0,0,4,0,0,0,139,detection,
140661,18,3,998,998,0,0,0,0,0,0,17,0,0,0,140,detection,
142596,17,18,793,793,0,0,0,0,0,0,17,0,0,0,142,detection,
144245,2,24,1917,1917,0,0,0,0,0,0,26,0,0,0,144,detection,
144951,16,22,1330,1330,0,0,0,0,0,0,32,0,0,0,144,detection,
144984,21,22,1330,1330,0,0,0,0,0,0,22,0,0,0,144,detection,
144986,11,22,1330,1330,0,0,0,0,0,0,32,0,0,0,144,detection,
150053,13,22,1024,1024,0,0,0,0,0,0,36,0,0,0,150,detection,
150242,2,24,1024,1024,0,0,0,0,0,0,29,0,0,0,150,detection,
150353,19,24,1024,1024,0,0,0,0,0,0,23,0,0,0,150,detection,
151956,16,10,1024,1024,0,0,0,0,0,0,27,0,0,0,151,detection,
154262,12,4,890,890,0,0,0,0,0,0,23,0,0,0,154,detection,
154865,11,30,1846,1846,0,0,0,0,0,0,47,0,0,0,154,detection,
154925,13,22,1024,1024,0,0,0,0,0,0,35,0,0,0,154,detection,
154982,21,22,1024,1024,0,0,0,0,0,0,25,0,0,0,154,detection,
156703,4,7,1280,1280,0,0,0,0,0,0,29,0,0,0,156,detection,
156907,15,11,1024,1024,0,0,0,0,0,0,25,0,0,0,156,detection,
156998,2,23,1536,1536,0,0,0,0,0,0,35,0,0,0,156,detection,
157951,4,13,1817,1817,0,0,0,0,0,0,31,0,0,0,157,detection,
158829,16,10,768,768,0,0,0,0,0,0,27,0,0,0,158,detection,
158992,2,24,1024,1024,0,0,0,0,0,0,29,0,0,0,158,detection,
159100,19,24,1024,1024,0,0,0,0,0,0,22,0,0,0,159,detection,
159377,11,12,1280,1280,0,0,0,0,0,0,36,0,0,0,159,detection,
162052,13,22,1322,1322,0,0,0,0,0,0,35,0,0,0,162,detection,
162108,21,22,1322,1322,0,0,0,0,0,0,29,0,0,0,162,detection,
163030,15,11,1536,1536,0,0,0,0,0,0,30,0,0,0,163,detection,
163601,19,23,1280,1280,0,0,0,0,0,0,19,0,0,0,163,detection,
163618,2,23,1280,1280,0,0,0,0,0,0,35,0,0,0,163,detection,
165223,17,18,836,836,0,0,0,0,0,0,24,0,0,0,165,detection,
165901,22,13,1894,1894,0,0,0,0,0,0,38,0,0,0,165,detection,
165949,4,13,1894,1894,0,0,0,0,0,0,34,0,0,0,165,detection,
165953,7,13,1894,1894,0,0,0,0,0,0,27,0,0,0,165,detection,
166610,11,12,1402,1402,0,0,0,0,0,0,38,0,0,0,166,detection,
167859,11,15,1024,1024,0,0,0,0,0,0,33,0,0,0,167,detection,
168656,15,11,1510,1510,0,0,0,0,0,0,29,0,0,0,168,detection,
169109,14,30,1846,1846,0,0,0,0,0,0,38,0,0,0,169,detection,
169109,11,30,1846,1846,0,0,0,0,0,0,40,0,0,0,169,detection,
169802,13,22,1382,1382,0,0,0,0,0,0,37,0,0,0,169,detection,
169857,21,22,1382,1382,0,0,0,0,0,0,33,0,0,0,169,detection,
171355,21,17,1254,1254,0,0,0,0,0,0,29,0,0,0,171,detection,
172737,11,12,1463,1463,0,0,0,0,0,0,43,0,0,0,172,detection,
173148,22,13,1653,1653,0,0,0,0,0,0,39,0,0,0,173,detection,
173200,4,13,1653,1653,0,0,0,0,0,0,35,0,0,0,173,detection,
173204,7,13,1653,1653,0,0,0,0,0,0,30,0,0,0,173,detection,
175993,19,23,1280,1280,0,0,0,0,0,0,23,0,0,0,175,detection,
175994,2,23,1280,1280,0,0,0,0,0,0,38,0,0,0,175,detection,
178575,4,7,1305,1305,0,0,0,0,0,0,29,0,0,0,178,detection,
180811,8,16,1510,1510,0,0,0,0,0,0,37,0,0,0,180,detection,
183735,11,15,1024,1024,0,0,0,0,0,0,34,0,0,0,183,detection,
184042,15,11,1280,1280,0,0,0,0,0,0,34,0,0,0,184,detection,
184288,18,13,1431,1431,0,0,0,0,0,0,32,0,0,0,184,detection,
184551,10,8,1280,1280,0,0,0,0,0,0,26,0,0,0,184,detection,
188677,10,8,1634,1634,0,0,0,0,0,0,29,0,0,0,188,detection,
189729,21,17,1337,1337,0,0,0,0,0,0,33,0,0,0,189,detection,
190728,17,31,1536,1536,0,0,0,0,0,0,32,0,0,0,190,detection,
191707,1,20,1510,1510,0,0,0,0,0,0,8,0,0,0,191,detection,
191724,6,20,1510,1510,0,0,0,0,0,0,23,0,0,0,191,detection,
192502,1,24,1024,1024,0,0,0,0,0,0,8,0,0,0,192,detection,
192622,9,24,1024,1024,0,0,0,0,0,0,33,0,0,0,192,detection,
194930,10,8,1634,1634,0,0,0,0,0,0,31,0,0,0,194,detection,
200231,21,17,1333,1333,0,0,0,0,0,0,34,0,0,0,200,detection,
201235,11,15,1069,1069,0,0,0,0,0,0,33,0,0,0,201,detection,
203104,17,26,-512,1555,-2067,0,100,100,100,11,32,0,71,55,203,detection,
205849,17,18,1536,1536,0,0,0,0,0,0,35,0,0,0,205,detection,
206223,17,21,1536,1536,0,0,0,0,0,0,32,0,0,0,206,detection,
209654,22,2,1536,1536,0,0,0,0,0,0,39,0,0,0,209,detection,
211739,1,20,1536,1536,0,0,0,0,0,0,12,0,0,0,211,detection,
212176,5,30,-512,-1,-511,100,100,100,85,0,28,0,87,100,212,detection,
213887,1,28,-512,-1,-511,100,100,100,100,16,8,0,96,100,213,detection,
214356,21,17,-1,-1,0,0,0,0,0,0,41,0,0,0,214,detection,
216103,19,22,1447,1447,0,0,0,0,0,0,41,0,0,0,216,detection,
216124,9,22,1447,1447,0,0,0,0,0,0,29,0,0,0,216,detection,
221394,1,28,-512,-1,-511,100,100,100,0,14,14,0,97,100,221,detection,
223350,17,26,-512,1555,-2067,0,100,100,0,11,33,0,71,55,223,detection,
223484,11,12,1597,1597,0,0,0,0,0,0,44,0,0,0,223,detection,
223547,5,12,1597,1597,0,0,0,0,0,0,32,0,0,0,223,detection,
224663,18,16,1898,1898,0,0,0,0,0,0,35,0,0,0,224,detection,
224953,4,2,1536,1536,0,0,0,0,0,0,33,0,0,0,224,detection,
225035,15,2,1536,1536,0,0,0,0,0,0,34,0,0,0,225,detection,
225162,18,3,1232,1232,0,0,0,0,0,0,23,0,0,0,225,detection,
228286,18,16,-1,-1,0,0,0,0,0,0,37,0,0,0,228,detection,
228659,15,18,1744,1744,0,0,0,0,0,0,30,0,0,0,228,detection,
233427,13,12,1597,1597,0,0,0,0,0,0,34,0,0,0,233,detection,
236040,15,11,1833,1833,0,0,0,0,0,0,44,0,0,0,236,detection,
236227,6,23,-512,1717,-2229,0,100,100,100,11,30,0,73,55,236,detection,
237669,5,12,-1,-1,0,0,0,0,0,0,38,0,0,0,237,detection,
237677,13,12,-1,-1,0,0,0,0,0,0,38,0,0,0,237,detection,
238955,3,9,1507,1507,0,0,0,0,0,0,27,0,0,0,238,detection,
241298,5,23,-512,-1,-511,100,100,100,79,10,34,0,79,55,241,detection,
243580,3,9,1461,1461,0,0,0,0,0,0,33,0,0,0,243,detection,
247033,15,5,-1,-1,0,0,0,0,0,0,37,0,0,0,247,detection,
249331,3,9,1461,1461,0,0,0,0,0,0,34,0,0,0,249,detection,
249331,16,9,1461,1461,0,0,0,0,0,0,28,0,0,0,249,detection,
249765,12,4,1536,1536,0,0,0,0,0,0,34,0,0,0,249,detection,
249809,10,4,1536,1536,0,0,0,0,0,0,36,0,0,0,249,detection,
250058,10,12,-1,-1,0,0,0,0,0,0,33,0,0,0,250,detection,
251116,11,23,-512,2048,-2560,0,100,100,100,0,33,0,71,55,251,detection,
253029,22,30,-512,512,-1024,0,100,100,100,0,37,0,69,55,253,detection,
253599,19,11,2012,2012,0,0,0,0,0,0,43,0,0,0,253,detection,
258030,15,2,1587,1587,0,0,0,0,0,0,37,0,0,0,258,detection,
258038,18,2,1587,1587,0,0,0,0,0,0,36,0,0,0,258,detection,
258080,16,2,1587,1587,0,0,0,0,0,0,34,0,0,0,258,detection,
258115,14,2,1587,1587,0,0,0,0,0,0,31,0,0,0,258,detection,
258123,9,2,1587,1587,0,0,0,0,0,0,36,0,0,0,258,detection,
259979,17,25,-512,1207,-1719,0,100,100,100,0,37,0,69,55,259,detection,
260739,11,23,-512,2048,-2560,0,100,100,0,0,32,0,71,55,260,detection,
261766,12,30,-512,512,-1024,0,100,100,100,0,34,0,71,55,261,detection,
261775,22,30,-512,512,-1024,0,100,100,0,0,37,0,69,55,261,detection,
262050,5,11,2012,2012,0,0,0,0,0,0,43,0,0,0,262,detection,
262439,8,29,-512,1228,-1740,0,100,100,100,0,38,0,69,55,262,detection,
262927,10,4,-1,-1,0,0,0,0,0,0,40,0,0,0,262,detection,
262935,8,4,-1,-1,0,0,0,0,0,0,37,0,0,0,262,detection,
262982,21,4,-1,-1,0,0,0,0,0,0,28,0,0,0,262,detection,
263026,22,4,-1,-1,0,0,0,0,0,0,28,0,0,0,263,detection,
263975,17,18,1843,1843,0,0,0,0,0,0,43,0,0,0,263,detection,
264030,15,18,1843,1843,0,0,0,0,0,0,37,0,0,0,264,detection,
264051,5,18,1843,1843,0,0,0,0,0,0,29,0,0,0,264,detection,
264080,7,18,1843,1843,0,0,0,0,0,0,22,0,0,0,264,detection,
264763,12,30,-512,-1,-511,100,100,100,76,0,37,0,74,55,264,detection,
264776,22,30,-512,-1,-511,100,100,100,73,0,41,0,69,55,264,detection,
264827,4,30,-512,-1,-511,100,100,100,81,11,32,0,81,55,264,detection,
264861,21,30,-512,-1,-511,100,100,100,85,0,28,0,87,100,264,detection,
268227,17,9,-1,-1,0,0,0,0,0,0,40,0,0,0,268,detection,
268361,11,14,1300,1300,0,0,0,0,0,0,32,0,0,0,268,detection,
268426,5,14,1300,1300,0,0,0,0,0,0,37,0,0,0,268,detection,
269327,16,2,1812,1812,0,0,0,0,0,0,34,0,0,0,269,detection,
269330,7,2,1812,1812,0,0,0,0,0,0,32,0,0,0,269,detection,
269334,3,2,1812,1812,0,0,0,0,0,0,37,0,0,0,269,detection,
270155,15,5,1812,1812,0,0,0,0,0,0,41,0,0,0,270,detection,
271952,7,18,1843,1843,0,0,0,0,0,0,25,0,0,0,271,detection,
273434,20,3,1812,1812,0,0,0,0,0,0,28,0,0,0,273,detection,
273455,7,3,1812,1812,0,0,0,0,0,0,28,0,0,0,273,detection,
273692,1,23,-512,2355,-2867,0,100,100,100,12,19,0,82,55,273,detection,
273860,11,14,1300,1300,0,0,0,0,0,0,33,0,0,0,273,detection,
275031,15,2,1812,1812,0,0,0,0,0,0,37,0,0,0,275,detection,
275056,13,2,1812,1812,0,0,0,0,0,0,35,0,0,0,275,detection,
275056,20,2,1812,1812,0,0,0,0,0,0,32,0,0,0,275,detection,
275078,16,2,1812,1812,0,0,0,0,0,0,33,0,0,0,275,detection,
275081,7,2,1812,1812,0,0,0,0,0,0,31,0,0,0,275,detection,
275082,3,2,1812,1812,0,0,0,0,0,0,37,0,0,0,275,detection,
275108,14,2,1812,1812,0,0,0,0,0,0,30,0,0,0,275,detection,
275120,9,2,1812,1812,0,0,0,0,0,0,36,0,0,0,275,detection,
275207,3,7,1812,1812,0,0,0,0,0,0,28,0,0,0,275,detection,
276225,19,5,1556,1556,0,0,0,0,0,0,42,0,0,0,276,detection,
277103,19,14,1300,1300,0,0,0,0,0,0,37,0,0,0,277,detection,
277107,11,14,1300,1300,0,0,0,0,0,0,34,0,0,0,277,detection,
277173,5,14,1300,1300,0,0,0,0,0,0,39,0,0,0,277,detection,
277424,5,18,2073,2073,0,0,0,0,0,0,29,0,0,0,277,detection,
277784,1,23,-512,2068,-2580,0,100,100,51,12,22,0,80,55,277,detection,
277952,4,9,2068,2068,0,0,0,0,0,0,28,0,0,0,277,detection,
277957,7,9,2068,2068,0,0,0,0,0,0,40,0,0,0,277,detection,
277957,3,9,2068,2068,0,0,0,0,0,0,40,0,0,0,277,detection,
278655,15,5,1556,1556,0,0,0,0,0,0,38,0,0,0,278,detection,
279555,20,6,-1,-1,0,0,0,0,0,0,32,0,0,0,279,detection,
280578,7,3,1812,1812,0,0,0,0,0,0,28,0,0,0,280,detection,
282611,14,13,-1,-1,0,0,0,0,0,0,36,0,0,0,282,detection,
286611,14,2,1812,1812,0,0,0,0,0,0,30,0,0,0,286,detection,
286654,15,2,1812,1812,0,0,0,0,0,0,37,0,0,0,286,detection,
286675,20,2,1812,1812,0,0,0,0,0,0,31,0,0,0,286,detection,
286676,13,2,1812,1812,0,0,0,0,0,0,34,0,0,0,286,detection,
286688,8,2,1812,1812,0,0,0,0,0,0,36,0,0,0,286,detection,
286701,16,2,1812,1812,0,0,0,0,0,0,33,0,0,0,286,detection,
288157,15,5,1556,1556,0,0,0,0,0,0,39,0,0,0,288,detection,
288689,8,20,2068,2068,0,0,0,0,0,0,33,0,0,0,288,detection,
288720,6,20,2068,2068,0,0,0,0,0,0,37,0,0,0,288,detection,
292454,3,7,1812,1812,0,0,0,0,0,0,28,0,0,0,292,detection,
295425,13,2,1857,1857,0,0,0,0,0,0,37,0,0,0,295,detection,
297613,11,15,2068,2068,0,0,0,0,0,0,37,0,0,0,297,detection,
301492,9,20,-1,-1,0,0,0,0,0,0,33,0,0,0,301,detection,
302204,1,23,-512,768,-1280,0,100,100,100,11,25,0,77,55,302,detection,
304658,15,13,2324,2324,0,0,0,0,0,0,36,0,0,0,304,detection,
304682,20,13,2324,2324,0,0,0,0,0,0,28,0,0,0,304,detection,
305352,1,3,-1,-1,0,0,0,0,0,0,13,0,0,0,305,detection,
308706,7,18,-1,-1,0,0,0,0,0,0,33,0,0,0,308,detection,
308728,17,18,-1,-1,0,0,0,0,0,0,43,0,0,0,308,detection,
308783,15,18,-1,-1,0,0,0,0,0,0,41,0,0,0,308,detection,
310084,1,3,-1,-1,0,0,0,0,0,0,17,0,0,0,310,detection,
310151,22,3,-1,-1,0,0,0,0,0,0,28,0,0,0,310,detection,
315722,17,18,-1,-1,0,0,0,0,0,0,42,0,0,0,315,detection,
321279,22,29,-512,768,-1280,0,100,100,100,0,33,0,71,55,321,detection,
321309,20,29,-512,768,-1280,0,100,100,100,0,33,0,71,55,321,detection,
321330,4,29,-512,768,-1280,0,100,100,100,0,33,0,71,55,321,detection,
321851,17,9,3860,3860,0,0,0,0,0,0,75,0,0,0,321,detection,
323408,15,13,1893,1893,0,0,0,0,0,0,40,0,0,0,323,detection,
323412,18,13,1893,1893,0,0,0,0,0,0,42,0,0,0,323,detection,
325331,3,7,-1,-1,0,0,0,0,0,0,32,0,0,0,325,detection,
326474,17,9,2405,2405,0,0,0,0,0,0,79,0,0,0,326,detection,
329781,15,13,1893,1893,0,0,0,0,0,0,40,0,0,0,329,detection,
329784,18,13,1893,1893,0,0,0,0,0,0,41,0,0,0,329,detection,
330304,20,29,-512,512,-1024,0,100,100,39,0,34,0,71,55,330,detection,
330313,8,29,-512,512,-1024,0,100,100,98,0,45,0,63,40,330,detection,
330326,4,29,-512,512,-1024,0,100,100,39,0,34,0,71,55,330,detection,
330335,7,29,-512,512,-1024,0,100,100,100,11,33,0,71,55,330,detection,
330514,12,30,-512,768,-1280,0,100,100,100,0,40,0,69,55,330,detection,
330616,14,30,-512,768,-1280,0,100,100,100,8,51,0,58,40,330,detection,
332458,7,9,2405,2405,0,0,0,0,0,0,43,0,0,0,332,detection,
332472,17,9,2405,2405,0,0,0,0,0,0,75,0,0,0,332,detection,
334560,8,13,2329,2329,0,0,0,0,0,0,40,0,0,0,334,detection,
334578,4,13,2329,2329,0,0,0,0,0,0,48,0,0,0,334,detection,
334582,7,13,2329,2329,0,0,0,0,0,0,43,0,0,0,334,detection,
334618,2,13,2329,2329,0,0,0,0,0,0,42,0,0,0,334,detection,
334825,4,7,-1,-1,0,0,0,0,0,0,36,0,0,0,334,detection,
334829,3,7,-1,-1,0,0,0,0,0,0,36,0,0,0,334,detection,
335087,3,30,-512,-1,-511,100,100,100,85,11,28,0,87,100,335,detection,
335933,8,29,-512,-1,-511,100,100,100,71,0,44,0,64,40,335,detection,
335936,20,29,-512,-1,-511,100,100,100,76,0,37,0,74,55,335,detection,
335953,4,29,-512,-1,-511,100,100,100,76,0,37,0,74,55,335,detection,
335954,7,29,-512,-1,-511,100,100,100,76,10,37,0,74,55,335,detection,
335958,16,29,-512,-1,-511,100,100,100,80,11,33,0,79,55,335,detection,
341583,3,30,-512,-1,-511,100,100,100,0,11,32,0,81,75,341,detection,
343807,20,19,-1,-1,0,0,0,0,0,0,34,0,0,0,343,detection,
344647,22,13,3327,3327,0,0,0,0,0,0,39,0,0,0,344,detection,
356580,16,30,-512,768,-1280,0,100,100,100,0,36,0,69,55,356,detection,
356580,7,30,-512,768,-1280,0,100,100,100,11,28,0,75,55,356,detection,
359079,16,30,-512,512,-1024,0,100,100,38,0,37,0,69,55,359,detection,
359114,14,30,-512,512,-1024,0,100,100,31,8,57,0,58,40,359,detection,
362734,11,14,-1,-1,0,0,0,0,0,0,37,0,0,0,362,detection,
364828,16,30,-512,537,-1049,0,100,100,3,0,38,0,69,55,364,detection,
364832,7,30,-512,537,-1049,0,100,100,37,11,31,0,72,55,364,detection,
364863,14,30,-512,537,-1049,0,100,100,2,7,60,0,58,40,364,detection,
364867,11,30,-512,537,-1049,0,100,100,100,8,52,0,58,40,364,detection,
369202,16,30,-512,537,-1049,0,100,100,0,0,34,0,71,55,369,detection,
369208,7,30,-512,537,-1049,0,100,100,0,11,32,0,71,55,369,detection,
374703,16,30,-512,534,-1046,0,100,100,0,0,34,0,71,55,374,detection,
376173,5,10,-1,-1,0,0,0,0,0,0,34,0,0,0,376,detection,
383861,21,14,-1,-1,0,0,0,0,0,0,28,0,0,0,383,detection,
387686,8,14,-1,-1,0,0,0,0,0,0,28,0,0,0,387,detection,
389951,16,10,512,512,0,0,0,0,0,0,37,0,0,0,389,detection,
394926,5,30,-512,-1,-511,100,100,100,0,0,45,0,62,40,394,detection,
394931,10,30,-512,-1,-511,100,100,100,73,0,41,0,69,55,394,detection,
394952,16,30,-512,-1,-511,100,100,100,73,0,45,0,62,40,394,detection,
396454,16,10,512,512,0,0,0,0,0,0,37,0,0,0,396,detection,
398058,10,29,-512,512,-1024,0,100,100,100,11,28,0,75,55,398,detection,
398061,20,29,-512,512,-1024,0,100,100,73,0,41,0,68,55,398,detection,
398062,8,29,-512,512,-1024,0,100,100,67,0,49,0,59,40,398,detection,
398122,2,29,-512,512,-1024,0,100,100,100,11,28,0,75,55,398,detection,
402798,5,10,512,512,0,0,0,0,0,0,37,0,0,0,402,detection,
402828,16,10,512,512,0,0,0,0,0,0,37,0,0,0,402,detection,
403656,22,29,-512,512,-1024,0,100,100,39,0,34,0,71,55,403,detection,
408064,8,29,-512,512,-1024,0,100,100,0,0,49,0,59,40,408,detection,
408151,22,29,-512,512,-1024,0,100,100,0,0,33,0,71,55,408,detection,
410547,5,10,512,512,0,0,0,0,0,0,37,0,0,0,410,detection,
410576,16,10,512,512,0,0,0,0,0,0,36,0,0,0,410,detection,
413182,10,30,-512,768,-1280,0,100,100,100,0,43,0,66,55,413,detection,
413284,18,16,-1,-1,0,0,0,0,0,0,40,0,0,0,413,detection,
413305,10,16,-1,-1,0,0,0,0,0,0,35,0,0,0,413,detection,
419434,13,29,-512,512,-1024,0,100,100,100,11,33,0,71,55,419,detection,
419434,8,29,-512,512,-1024,0,100,100,0,0,49,0,59,40,419,detection,
419455,4,29,-512,512,-1024,0,100,100,73,0,41,0,68,55,419,detection,
423531,22,29,-512,512,-1024,0,100,100,0,0,33,0,71,55,423,detection,
423554,13,29,-512,512,-1024,0,100,100,0,11,33,0,71,55,423,detection,
423562,8,29,-512,512,-1024,0,100,100,0,0,46,0,63,40,423,detection,
423575,4,29,-512,512,-1024,0,100,100,0,0,41,0,68,55,423,detection,
430056,13,29,-512,512,-1024,0,100,100,0,11,32,0,71,55,430,detection,
437282,22,29,-512,512,-1024,0,100,100,0,0,33,0,71,55,437,detection,
437305,13,29,-512,512,-1024,0,100,100,0,11,32,0,71,55,437,detection,
438831,16,10,531,531,0,0,0,0,0,0,32,0,0,0,438,detection,
440313,8,16,-1,-1,0,0,0,0,0,0,41,0,0,0,440,detection,
440370,9,16,-1,-1,0,0,0,0,0,0,33,0,0,0,440,detection,
440402,22,16,-1,-1,0,0,0,0,0,0,44,0,0,0,440,detection,
441398,22,8,768,768,0,0,0,0,0,0,28,0,0,0,441,detection,
441428,10,8,768,768,0,0,0,0,0,0,36,0,0,0,441,detection,
441680,13,29,-512,512,-1024,0,100,100,0,11,32,0,71,55,441,detection,
442653,22,4,1280,1280,0,0,0,0,0,0,32,0,0,0,442,detection,
442679,20,4,1280,1280,0,0,0,0,0,0,39,0,0,0,442,detection,
442684,8,4,1280,1280,0,0,0,0,0,0,41,0,0,0,442,detection,
442688,10,4,1280,1280,0,0,0,0,0,0,43,0,0,0,442,detection,
442704,16,4,1280,1280,0,0,0,0,0,0,28,0,0,0,442,detection,
442705,3,4,1280,1280,0,0,0,0,0,0,39,0,0,0,442,detection,
442719,6,4,1280,1280,0,0,0,0,0,0,39,0,0,0,442,detection,
442735,14,4,1280,1280,0,0,0,0,0,0,37,0,0,0,442,detection,
442744,9,4,1280,1280,0,0,0,0,0,0,35,0,0,0,442,detection,
443349,19,11,-1,-1,0,0,0,0,0,0,43,0,0,0,443,detection,
444926,10,16,-1,-1,0,0,0,0,0,0,40,0,0,0,444,detection,
444935,8,16,-1,-1,0,0,0,0,0,0,41,0,0,0,444,detection,
446300,20,4,1280,1280,0,0,0,0,0,0,35,0,0,0,446,detection,
446330,3,4,1280,1280,0,0,0,0,0,0,39,0,0,0,446,detection,
446802,10,8,512,512,0,0,0,0,0,0,37,0,0,0,446,detection,
448598,19,5,1280,1280,0,0,0,0,0,0,42,0,0,0,448,detection,
449045,5,18,1280,1280,0,0,0,0,0,0,32,0,0,0,449,detection,
449061,8,18,1280,1280,0,0,0,0,0,0,34,0,0,0,449,detection,
449083,7,18,1280,1280,0,0,0,0,0,0,37,0,0,0,449,detection,
449100,17,18,1280,1280,0,0,0,0,0,0,46,0,0,0,449,detection,
452845,6,4,1280,1280,0,0,0,0,0,0,35,0,0,0,452,detection,
452858,14,4,1280,1280,0,0,0,0,0,0,37,0,0,0,452,detection,
452861,21,4,1280,1280,0,0,0,0,0,0,32,0,0,0,452,detection,
452935,8,4,1280,1280,0,0,0,0,0,0,41,0,0,0,452,detection,
453282,22,30,-512,512,-1024,0,100,100,70,0,45,0,63,40,453,detection,
453307,10,30,-512,512,-1024,0,100,100,34,0,46,0,63,40,453,detection,
453363,21,30,-512,512,-1024,0,100,100,77,0,36,0,69,75,453,detection,
453364,14,30,-512,512,-1024,0,100,100,2,7,62,0,54,40,453,detection,
455849,17,18,1536,1536,0,0,0,0,0,0,47,0,0,0,455,detection,
457679,10,30,-512,512,-1024,0,100,100,0,0,48,0,60,40,457,detection,
459428,20,4,1536,1536,0,0,0,0,0,0,37,0,0,0,459,detection,
459487,14,4,1536,1536,0,0,0,0,0,0,38,0,0,0,459,detection,
460075,16,9,768,768,0,0,0,0,0,0,32,0,0,0,460,detection,
460097,17,9,768,768,0,0,0,0,0,0,79,0,0,0,460,detection,
461201,7,18,1536,1536,0,0,0,0,0,0,41,0,0,0,461,detection,
467752,9,30,-512,512,-1024,0,100,100,100,10,34,0,71,55,467,detection,
472888,12,13,-1,-1,0,0,0,0,0,0,38,0,0,0,472,detection,
472908,18,13,-1,-1,0,0,0,0,0,0,46,0,0,0,472,detection,
472930,10,13,-1,-1,0,0,0,0,0,0,43,0,0,0,472,detection,
472952,3,13,-1,-1,0,0,0,0,0,0,38,0,0,0,472,detection,
476121,2,25,-512,2048,-2560,0,100,100,100,10,38,0,69,55,476,detection,
476332,3,7,1792,1792,0,0,0,0,0,0,40,0,0,0,476,detection,
478611,21,8,-1,-1,0,0,0,0,0,0,38,0,0,0,478,detection,
478662,18,13,-1,-1,0,0,0,0,0,0,44,0,0,0,478,detection,
478705,7,13,-1,-1,0,0,0,0,0,0,47,0,0,0,478,detection,
478761,12,13,-1,-1,0,0,0,0,0,0,36,0,0,0,478,detection,
479807,8,4,512,512,0,0,0,0,0,0,46,0,0,0,479,detection,
479858,14,4,512,512,0,0,0,0,0,0,44,0,0,0,479,detection,
479875,9,4,512,512,0,0,0,0,0,0,40,0,0,0,479,detection,
480592,1,24,-512,512,-1024,0,100,100,100,12,22,0,80,55,480,detection,
480745,2,30,-512,-1,-511,100,100,100,81,11,32,0,81,55,480,detection,
480829,4,30,-512,-1,-511,100,100,100,0,10,35,0,77,55,480,detection,
480867,14,30,-512,-1,-511,100,89,100,60,7,61,0,54,40,480,detection,
481592,1,23,-512,-1,-511,100,100,100,100,11,28,0,87,100,481,detection,
481610,14,23,-512,-1,-511,100,100,100,80,0,33,0,79,55,481,detection,
481686,20,23,-512,-1,-511,100,100,100,80,11,33,0,79,55,481,detection,
481701,4,23,-512,-1,-511,100,100,100,79,0,34,0,79,55,481,detection,
484680,13,22,-1,-1,0,0,0,0,0,0,42,0,0,0,484,detection,
485302,1,24,-512,512,-1024,0,100,100,0,12,22,0,80,55,485,detection,
485383,9,24,-512,512,-1024,0,100,100,100,10,37,0,69,55,485,detection,
487184,8,4,-1,-1,0,0,0,0,0,0,45,0,0,0,487,detection,
487325,4,30,-512,-1,-511,100,100,100,0,10,34,0,79,55,487,detection,
487364,14,30,-512,-1,-511,100,96,100,0,8,54,0,56,40,487,detection,
489056,1,24,-512,537,-1049,0,100,100,4,12,21,0,80,55,489,detection,
489854,19,15,512,512,0,0,0,0,0,0,33,0,0,0,489,detection,
491720,6,19,1024,1024,0,0,0,0,0,0,28,0,0,0,491,detection,
491733,11,19,1024,1024,0,0,0,0,0,0,33,0,0,0,491,detection,
494930,20,23,-512,-1,-511,100,100,100,0,10,36,0,76,55,494,detection,
494942,1,23,-512,-1,-511,100,100,100,0,11,31,0,82,75,494,detection,
494952,4,23,-512,-1,-511,100,100,100,0,0,37,0,74,55,494,detection,
494986,14,23,-512,-1,-511,100,100,100,0,0,36,0,76,55,494,detection,
495172,1,24,-512,534,-1046,0,100,100,0,12,17,0,82,55,495,detection,
495245,9,24,-512,534,-1046,0,100,100,3,10,37,0,69,55,495,detection,
497783,15,19,1024,1024,0,0,0,0,0,0,34,0,0,0,497,detection,
497844,6,19,1024,1024,0,0,0,0,0,0,28,0,0,0,497,detection,
497855,11,19,1024,1024,0,0,0,0,0,0,32,0,0,0,497,detection,
498582,7,18,-1,-1,0,0,0,0,0,0,55,0,0,0,498,detection,
498832,3,7,1280,1280,0,0,0,0,0,0,44,0,0,0,498,detection,
501624,11,22,1024,1024,0,0,0,0,0,0,39,0,0,0,501,detection,
501789,18,3,1536,1536,0,0,0,0,0,0,29,0,0,0,501,detection,
504705,3,7,1280,1280,0,0,0,0,0,0,42,0,0,0,504,detection,
509158,18,3,1536,1536,0,0,0,0,0,0,29,0,0,0,509,detection,
509206,7,3,1536,1536,0,0,0,0,0,0,32,0,0,0,509,detection,
509221,6,3,1536,1536,0,0,0,0,0,0,28,0,0,0,509,detection,
510620,9,22,768,768,0,0,0,0,0,0,36,0,0,0,510,detection,
512994,1,24,-512,1280,-1792,0,100,100,100,12,22,0,80,55,512,detection,
513326,7,18,-1,-1,0,0,0,0,0,0,55,0,0,0,513,detection,
514412,18,3,1792,1792,0,0,0,0,0,0,33,0,0,0,514,detection,
514454,7,3,1792,1792,0,0,0,0,0,0,36,0,0,0,514,detection,
516079,3,7,1510,1510,0,0,0,0,0,0,42,0,0,0,516,detection,
519099,19,11,1536,1536,0,0,0,0,0,0,45,0,0,0,519,detection,
520184,1,24,-512,768,-1280,0,100,100,87,11,26,0,75,55,520,detection,
523832,3,7,1510,1510,0,0,0,0,0,0,41,0,0,0,523,detection,
524283,18,3,2226,2226,0,0,0,0,0,0,33,0,0,0,524,detection,
524392,1,28,-512,2048,-2560,0,100,100,100,12,22,0,80,75,524,detection,
526500,1,28,-512,-1,-511,100,100,100,100,11,25,0,90,100,526,detection,
527098,19,15,2022,2022,0,0,0,0,0,0,36,0,0,0,527,detection,
527580,1,24,-512,742,-1254,0,100,100,4,11,26,0,75,55,527,detection,
529284,18,3,2048,2048,0,0,0,0,0,0,33,0,0,0,529,detection,
529326,7,3,2048,2048,0,0,0,0,0,0,40,0,0,0,529,detection,
529344,6,3,2048,2048,0,0,0,0,0,0,32,0,0,0,529,detection,
529986,11,19,1024,1024,0,0,0,0,0,0,35,0,0,0,529,detection,
530029,15,19,1024,1024,0,0,0,0,0,0,37,0,0,0,530,detection,
532529,15,13,768,768,0,0,0,0,0,0,45,0,0,0,532,detection,
533206,3,7,1724,1724,0,0,0,0,0,0,42,0,0,0,533,detection,
535807,10,12,2022,2022,0,0,0,0,0,0,37,0,0,0,535,detection,
538553,10,12,2022,2022,0,0,0,0,0,0,37,0,0,0,538,detection,
542407,15,13,1205,1205,0,0,0,0,0,0,42,0,0,0,542,detection,
542614,14,12,2560,2560,0,0,0,0,0,0,29,0,0,0,542,detection,
542678,10,12,2560,2560,0,0,0,0,0,0,40,0,0,0,542,detection,
542930,1,24,-512,512,-1024,0,100,100,39,0,26,0,75,55,542,detection,
543704,7,3,2400,2400,0,0,0,0,0,0,44,0,0,0,543,detection,
543721,6,3,2400,2400,0,0,0,0,0,0,36,0,0,0,543,detection,
545181,15,19,3072,3072,0,0,0,0,0,0,77,0,0,0,545,detection,
545221,6,19,3072,3072,0,0,0,0,0,0,67,0,0,0,545,detection,
546479,19,15,1717,1717,0,0,0,0,0,0,38,0,0,0,546,detection,
547029,15,18,2229,2229,0,0,0,0,0,0,41,0,0,0,547,detection,
547050,5,18,2229,2229,0,0,0,0,0,0,35,0,0,0,547,detection,
547097,17,18,2229,2229,0,0,0,0,0,0,51,0,0,0,547,detection,
547804,10,12,3072,3072,0,0,0,0,0,0,39,0,0,0,547,detection,
547860,14,12,3072,3072,0,0,0,0,0,0,31,0,0,0,547,detection,
549812,1,24,-512,512,-1024,0,100,100,0,0,26,0,75,55,549,detection,
552099,19,15,2741,2741,0,0,0,0,0,0,42,0,0,0,552,detection,
552531,15,18,1973,1973,0,0,0,0,0,0,42,0,0,0,552,detection,
552544,5,18,1973,1973,0,0,0,0,0,0,36,0,0,0,552,detection,
552596,17,18,1973,1973,0,0,0,0,0,0,52,0,0,0,552,detection,
554845,6,19,2485,2485,0,0,0,0,0,0,71,0,0,0,554,detection,
554903,15,19,2485,2485,0,0,0,0,0,0,81,0,0,0,554,detection,
555181,10,12,3305,3305,0,0,0,0,0,0,40,0,0,0,555,detection,
559107,14,12,3305,3305,0,0,0,0,0,0,31,0,0,0,559,detection,
559180,10,12,3305,3305,0,0,0,0,0,0,40,0,0,0,559,detection,
559908,18,3,2516,2516,0,0,0,0,0,0,37,0,0,0,559,detection,
559969,6,3,2516,2516,0,0,0,0,0,0,37,0,0,0,559,detection,
563405,15,13,1710,1710,0,0,0,0,0,0,47,0,0,0,563,detection,
563646,1,28,-512,-1,-511,100,100,100,0,11,29,0,86,100,563,detection,
563795,5,18,3267,3267,0,0,0,0,0,0,38,0,0,0,563,detection,
567603,19,15,3670,3670,0,0,0,0,0,0,71,0,0,0,567,detection,
573781,15,19,1966,1966,0,0,0,0,0,0,85,0,0,0,573,detection,
575676,1,28,-512,512,-1024,0,100,100,80,11,33,0,71,75,575,detection,
577603,19,15,3207,3207,0,0,0,0,0,0,66,0,0,0,577,detection,
577730,17,26,-512,512,-1024,0,100,100,100,10,37,0,69,55,577,detection,
577852,6,24,-512,742,-1254,0,100,100,100,11,29,0,74,55,577,detection,
577852,17,24,-512,742,-1254,0,100,100,100,0,29,0,74,55,577,detection,
578816,1,28,-512,512,-1024,0,100,100,0,11,33,0,71,75,578,detection,
579277,15,19,1966,1966,0,0,0,0,0,0,81,0,0,0,579,detection,
579350,6,19,1966,1966,0,0,0,0,0,0,80,0,0,0,579,detection,
581099,6,24,-512,742,-1254,0,100,100,0,11,29,0,74,55,581,detection,
581099,17,24,-512,742,-1254,0,100,100,0,0,28,0,75,55,581,detection,
581222,17,26,-512,512,-1024,0,100,100,0,10,34,0,71,55,581,detection,
581735,21,30,-512,768,-1280,0,100,100,39,0,35,0,70,75,581,detection,
581740,11,30,-512,768,-1280,0,100,100,29,8,51,0,58,40,581,detection,
583229,19,15,-1,-1,0,0,0,0,0,0,66,0,0,0,583,detection,
584014,1,28,-512,512,-1024,0,100,100,0,0,33,0,71,75,584,detection,
586725,17,24,-512,742,-1254,0,100,100,0,0,27,0,75,55,586,detection,
586730,19,24,-512,742,-1254,0,100,100,100,0,35,0,70,55,586,detection,
586751,2,24,-512,742,-1254,0,100,100,100,0,39,0,69,55,586,detection,
587579,4,30,-512,768,-1280,0,100,100,100,10,37,0,69,55,587,detection,
587609,21,30,-512,768,-1280,0,100,100,0,0,34,0,71,75,587,detection,
587651,22,30,-512,768,-1280,0,100,100,36,0,41,0,68,55,587,detection,
590254,1,28,-512,512,-1024,0,100,100,0,0,33,0,71,75,590,detection,
591409,15,13,2418,2418,0,0,0,0,0,0,58,0,0,0,591,detection,
592606,21,30,-512,512,-1024,0,100,100,38,0,36,0,69,75,592,detection,
592612,11,30,-512,512,-1024,0,100,100,31,8,56,0,58,40,592,detection,
592645,12,30,-512,512,-1024,0,100,100,36,0,41,0,68,55,592,detection,
592649,22,30,-512,512,-1024,0,100,100,36,0,41,0,68,55,592,detection,
593478,17,26,-512,512,-1024,0,100,100,0,10,34,0,71,55,593,detection,
593972,6,19,1966,1966,0,0,0,0,0,0,80,0,0,0,593,detection,
594031,15,19,1966,1966,0,0,0,0,0,0,81,0,0,0,594,detection,
594108,19,24,-512,949,-1461,0,100,100,31,0,36,0,69,55,594,detection,
594124,2,24,-512,949,-1461,0,100,100,29,0,40,0,69,55,594,detection,
597222,17,26,-512,-1,-511,100,100,100,76,10,37,0,74,55,597,detection,
598401,15,19,1966,1966,0,0,0,0,0,0,81,0,0,0,598,detection,
598470,6,19,1966,1966,0,0,0,0,0,0,81,0,0,0,598,detection,
603153,22,30,-512,-1,-511,100,100,100,71,0,44,0,64,40,603,detection,
603184,10,30,-512,-1,-511,100,100,100,67,0,49,0,57,40,603,detection,
603201,4,30,-512,-1,-511,100,100,100,100,10,41,0,69,55,603,detection,
603209,16,30,-512,-1,-511,100,100,100,0,0,47,0,61,40,603,detection,
603209,3,30,-512,-1,-511,100,100,100,0,10,36,0,76,75,603,detection,
603234,21,30,-512,-1,-511,100,100,100,75,0,39,0,71,75,603,detection,
603236,11,30,-512,-1,-511,100,92,100,61,8,58,0,56,40,603,detection,
603244,2,30,-512,-1,-511,100,100,100,0,10,35,0,77,55,603,detection,
603859,11,22,-1,-1,0,0,0,0,0,0,42,0,0,0,603,detection,
606304,1,28,-512,-1,-511,100,100,100,76,0,37,0,74,75,606,detection,
608355,19,24,-512,1303,-1815,0,100,100,51,0,40,0,69,55,608,detection,
608721,6,19,1966,1966,0,0,0,0,0,0,81,0,0,0,608,detection,
612345,6,19,1966,1966,0,0,0,0,0,0,81,0,0,0,612,detection,
613234,21,22,768,768,0,0,0,0,0,0,41,0,0,0,613,detection,
613236,11,22,768,768,0,0,0,0,0,0,45,0,0,0,613,detection,
613264,12,22,768,768,0,0,0,0,0,0,38,0,0,0,613,detection,
616112,11,12,-1,-1,0,0,0,0,0,0,47,0,0,0,616,detection,
616227,19,12,-1,-1,0,0,0,0,0,0,29,0,0,0,616,detection,
619984,11,22,512,512,0,0,0,0,0,0,43,0,0,0,619,detection,
620014,12,22,512,512,0,0,0,0,0,0,40,0,0,0,620,detection,
620053,5,30,-512,790,-1302,0,100,100,100,0,53,0,58,40,620,detection,
620075,4,30,-512,790,-1302,0,100,100,100,9,42,0,66,55,620,detection,
620078,16,30,-512,790,-1302,0,100,100,100,0,52,0,58,40,620,detection,
620086,3,30,-512,790,-1302,0,100,100,100,9,42,0,66,75,620,detection,
620112,21,30,-512,790,-1302,0,100,100,100,0,39,0,69,75,620,detection,
620114,11,30,-512,790,-1302,0,100,100,93,7,60,0,58,40,620,detection,
620122,2,30,-512,790,-1302,0,100,100,100,10,40,0,69,55,620,detection,
620125,9,30,-512,790,-1302,0,100,100,41,10,37,0,69,55,620,detection,
620142,12,30,-512,790,-1302,0,100,100,38,0,45,0,63,40,620,detection,
620151,22,30,-512,790,-1302,0,100,100,100,0,49,0,59,40,620,detection,
621817,1,28,-512,1046,-1558,0,100,100,100,0,37,0,69,75,621,detection,
621873,2,28,-512,1046,-1558,0,100,100,100,11,33,0,71,55,621,detection,
623370,9,2,1046,1046,0,0,0,0,0,0,39,0,0,0,623,detection,
623406,15,2,1046,1046,0,0,0,0,0,0,40,0,0,0,623,detection,
623448,4,2,1046,1046,0,0,0,0,0,0,36,0,0,0,623,detection,
623452,16,2,1046,1046,0,0,0,0,0,0,37,0,0,0,623,detection,
623461,3,2,1046,1046,0,0,0,0,0,0,39,0,0,0,623,detection,
624202,16,30,-512,790,-1302,0,100,100,0,0,53,0,58,40,624,detection,
624207,3,30,-512,790,-1302,0,100,100,0,9,43,0,66,75,624,detection,
624211,4,30,-512,790,-1302,0,100,100,0,9,43,0,66,55,624,detection,
624233,21,30,-512,790,-1302,0,100,100,0,0,40,0,69,75,624,detection,
624246,9,30,-512,790,-1302,0,100,100,0,10,37,0,69,55,624,detection,
624263,12,30,-512,790,-1302,0,100,100,0,0,41,0,68,55,624,detection,
627203,16,2,-1,-1,0,0,0,0,0,0,37,0,0,0,627,detection,
627204,3,2,-1,-1,0,0,0,0,0,0,43,0,0,0,627,detection,
627243,9,2,-1,-1,0,0,0,0,0,0,42,0,0,0,627,detection,
627264,12,2,-1,-1,0,0,0,0,0,0,37,0,0,0,627,detection,
627281,15,2,-1,-1,0,0,0,0,0,0,39,0,0,0,627,detection,
628904,15,11,527,527,0,0,0,0,0,0,45,0,0,0,628,detection,
629235,11,22,512,512,0,0,0,0,0,0,44,0,0,0,629,detection,
630169,5,10,-1,-1,0,0,0,0,0,0,41,0,0,0,630,detection,
630462,1,20,768,768,0,0,0,0,0,0,26,0,0,0,630,detection,
630851,6,28,-512,1039,-1551,0,100,100,100,10,34,0,71,55,630,detection,
630870,2,28,-512,1039,-1551,0,100,100,1,11,32,0,71,55,630,detection,
631803,10,2,1013,1013,0,0,0,0,0,0,35,0,0,0,631,detection,
631807,13,2,1013,1013,0,0,0,0,0,0,41,0,0,0,631,detection,
631807,20,2,1013,1013,0,0,0,0,0,0,34,0,0,0,631,detection,
631828,4,2,1013,1013,0,0,0,0,0,0,35,0,0,0,631,detection,
631868,9,2,1013,1013,0,0,0,0,0,0,45,0,0,0,631,detection,
631889,12,2,1013,1013,0,0,0,0,0,0,40,0,0,0,631,detection,
631909,15,2,1013,1013,0,0,0,0,0,0,43,0,0,0,631,detection,
633786,1,20,768,768,0,0,0,0,0,0,22,0,0,0,633,detection,
638206,7,20,512,512,0,0,0,0,0,0,25,0,0,0,638,detection,
638288,1,20,512,512,0,0,0,0,0,0,22,0,0,0,638,detection,
638338,1,2,1041,1041,0,0,0,0,0,0,13,0,0,0,638,detection,
638386,12,2,1041,1041,0,0,0,0,0,0,40,0,0,0,638,detection,
638428,13,2,1041,1041,0,0,0,0,0,0,37,0,0,0,638,detection,
638428,20,2,1041,1041,0,0,0,0,0,0,34,0,0,0,638,detection,
641328,4,30,-512,1553,-2065,0,100,100,100,0,46,0,63,40,641,detection,
641329,16,30,-512,1553,-2065,0,100,100,95,0,54,0,58,40,641,detection,
641368,2,30,-512,1553,-2065,0,100,100,100,9,43,0,66,55,641,detection,
641372,9,30,-512,1553,-2065,0,100,100,100,10,41,0,68,55,641,detection,
641389,12,30,-512,1553,-2065,0,100,100,100,0,44,0,64,40,641,detection,
641428,13,30,-512,1553,-2065,0,100,100,100,11,28,0,75,55,641,detection,
644365,11,15,1039,1039,0,0,0,0,0,0,40,0,0,0,644,detection,
644604,6,28,-512,-1,-511,100,100,100,100,10,37,0,74,55,644,detection,
647371,9,30,-512,1553,-2065,0,100,100,0,10,41,0,68,55,647,detection,
647451,16,30,-512,1553,-2065,0,100,100,0,0,53,0,58,40,647,detection,
647452,4,30,-512,1553,-2065,0,100,100,0,0,46,0,63,40,647,detection,
647822,1,2,1037,1037,0,0,0,0,0,0,13,0,0,0,647,detection,
647826,4,2,1037,1037,0,0,0,0,0,0,34,0,0,0,647,detection,
647831,7,2,1037,1037,0,0,0,0,0,0,34,0,0,0,647,detection,
647870,9,2,1037,1037,0,0,0,0,0,0,42,0,0,0,647,detection,
647925,13,2,1037,1037,0,0,0,0,0,0,37,0,0,0,647,detection,
647929,20,2,1037,1037,0,0,0,0,0,0,33,0,0,0,647,detection,
647933,10,2,1037,1037,0,0,0,0,0,0,34,0,0,0,647,detection,
649592,1,13,-1,-1,0,0,0,0,0,0,16,0,0,0,649,detection,
649618,2,13,-1,-1,0,0,0,0,0,0,45,0,0,0,649,detection,
649647,22,13,-1,-1,0,0,0,0,0,0,42,0,0,0,649,detection,
649677,10,13,-1,-1,0,0,0,0,0,0,42,0,0,0,649,detection,
649681,20,13,-1,-1,0,0,0,0,0,0,32,0,0,0,649,detection,
651844,6,28,-512,-1,-511,100,100,100,0,10,36,0,76,55,651,detection,
652071,4,7,-1,-1,0,0,0,0,0,0,39,0,0,0,652,detection,
653486,11,15,1039,1039,0,0,0,0,0,0,39,0,0,0,653,detection,
657120,9,30,-512,2065,-2577,0,100,100,69,9,46,0,63,40,657,detection,
658036,1,2,1037,1037,0,0,0,0,0,0,13,0,0,0,658,detection,
658053,10,2,1037,1037,0,0,0,0,0,0,34,0,0,0,658,detection,
658056,20,2,1037,1037,0,0,0,0,0,0,29,0,0,0,658,detection,
658056,13,2,1037,1037,0,0,0,0,0,0,37,0,0,0,658,detection,
658074,4,2,1037,1037,0,0,0,0,0,0,34,0,0,0,658,detection,
658079,7,2,1037,1037,0,0,0,0,0,0,34,0,0,0,658,detection,
658152,22,2,1037,1037,0,0,0,0,0,0,45,0,0,0,658,detection,
659932,13,20,1549,1549,0,0,0,0,0,0,33,0,0,0,659,detection,
659993,9,20,1549,1549,0,0,0,0,0,0,36,0,0,0,659,detection,
659998,2,20,1549,1549,0,0,0,0,0,0,33,0,0,0,659,detection,
660492,1,13,1549,1549,0,0,0,0,0,0,20,0,0,0,660,detection,
660493,2,13,1549,1549,0,0,0,0,0,0,49,0,0,0,660,detection,
660953,4,31,-512,768,-1280,0,100,100,100,10,37,0,69,55,660,detection,
661493,9,4,1064,1064,0,0,0,0,0,0,44,0,0,0,661,detection,
663982,11,15,-1,-1,0,0,0,0,0,0,39,0,0,0,663,detection,
665369,9,30,-512,1576,-2088,0,100,100,65,9,47,0,62,40,665,detection,
665408,15,5,768,768,0,0,0,0,0,0,43,0,0,0,665,detection,
665741,2,13,512,512,0,0,0,0,0,0,50,0,0,0,665,detection,
665746,1,13,512,512,0,0,0,0,0,0,25,0,0,0,665,detection,
667323,4,31,-512,512,-1024,0,100,100,37,10,38,0,69,55,667,detection,
668744,9,4,1064,1064,0,0,0,0,0,0,43,0,0,0,668,detection,
672123,2,25,-512,1024,-1536,0,100,100,100,9,42,0,66,55,672,detection,
675327,7,18,-1,-1,0,0,0,0,0,0,57,0,0,0,675,detection,
675404,15,18,-1,-1,0,0,0,0,0,0,45,0,0,0,675,detection,
675553,10,2,768,768,0,0,0,0,0,0,37,0,0,0,675,detection,
675566,1,2,768,768,0,0,0,0,0,0,17,0,0,0,675,detection,
676612,21,31,-512,512,-1024,0,100,100,100,11,33,0,71,55,676,detection,
676706,4,31,-512,512,-1024,0,100,100,0,10,36,0,69,55,676,detection,
676724,17,31,-512,512,-1024,0,100,100,100,10,41,0,68,55,676,detection,
676728,6,31,-512,512,-1024,0,100,100,100,10,37,0,69,55,676,detection,
677745,9,4,1266,1266,0,0,0,0,0,0,44,0,0,0,677,detection,
678278,15,5,563,563,0,0,0,0,0,0,43,0,0,0,678,detection,
680324,4,9,1549,1549,0,0,0,0,0,0,32,0,0,0,680,detection,
681997,9,24,-512,1778,-2290,0,100,100,100,10,41,0,68,55,681,detection,
684801,20,4,-1,-1,0,0,0,0,0,0,40,0,0,0,684,detection,
684856,21,4,-1,-1,0,0,0,0,0,0,36,0,0,0,684,detection,
687704,4,31,-512,-1,-511,100,100,100,75,10,39,0,71,55,687,detection,
688179,13,8,1039,1039,0,0,0,0,0,0,32,0,0,0,688,detection,
694350,6,19,1522,1522,0,0,0,0,0,0,85,0,0,0,694,detection,
696372,2,25,-512,2034,-2546,0,100,100,100,9,45,0,63,40,696,detection,
697855,19,24,-512,2034,-2546,0,100,100,100,0,42,0,66,55,697,detection,
702549,1,13,537,537,0,0,0,0,0,0,25,0,0,0,702,detection,
702557,8,13,537,537,0,0,0,0,0,0,46,0,0,0,702,detection,
702579,3,13,537,537,0,0,0,0,0,0,44,0,0,0,702,detection,
702821,4,9,-1,-1,0,0,0,0,0,0,36,0,0,0,702,detection,
702831,3,9,-1,-1,0,0,0,0,0,0,44,0,0,0,702,detection,
703496,1,3,-1,-1,0,0,0,0,0,0,17,0,0,0,703,detection,
703534,18,3,-1,-1,0,0,0,0,0,0,41,0,0,0,703,detection,
706661,18,8,-1,-1,0,0,0,0,0,0,36,0,0,0,706,detection,
706678,13,8,-1,-1,0,0,0,0,0,0,36,0,0,0,706,detection,
706727,17,8,-1,-1,0,0,0,0,0,0,45,0,0,0,706,detection,
706776,22,8,-1,-1,0,0,0,0,0,0,32,0,0,0,706,detection,
708160,1,3,-1,-1,0,0,0,0,0,0,21,0,0,0,708,detection,
708163,18,3,-1,-1,0,0,0,0,0,0,44,0,0,0,708,detection,
709032,15,13,534,534,0,0,0,0,0,0,65,0,0,0,709,detection,
709079,1,13,534,534,0,0,0,0,0,0,25,0,0,0,709,detection,
709080,3,13,534,534,0,0,0,0,0,0,44,0,0,0,709,detection,
710930,10,8,-1,-1,0,0,0,0,0,0,42,0,0,0,710,detection,
710972,17,8,-1,-1,0,0,0,0,0,0,49,0,0,0,710,detection,
711023,22,8,-1,-1,0,0,0,0,0,0,37,0,0,0,711,detection,
715407,15,13,534,534,0,0,0,0,0,0,67,0,0,0,715,detection,
715462,1,13,534,534,0,0,0,0,0,0,21,0,0,0,715,detection,
715972,6,19,1046,1046,0,0,0,0,0,0,88,0,0,0,715,detection,
715989,11,19,1046,1046,0,0,0,0,0,0,38,0,0,0,715,detection,
718470,1,28,-512,1558,-2070,0,100,100,74,0,40,0,69,75,718,detection,
723027,1,28,-512,1532,-2044,0,100,100,3,0,39,0,69,75,723,detection,
723725,6,19,1046,1046,0,0,0,0,0,0,87,0,0,0,723,detection,
727094,6,19,997,997,0,0,0,0,0,0,83,0,0,0,727,detection,
727111,11,19,997,997,0,0,0,0,0,0,37,0,0,0,727,detection,
727689,8,18,-1,-1,0,0,0,0,0,0,37,0,0,0,727,detection,
729052,10,30,-512,512,-1024,0,100,100,66,0,50,0,58,40,729,detection,
729906,1,28,-512,512,-1024,0,100,100,100,0,44,0,64,40,729,detection,
731030,15,13,-1,-1,0,0,0,0,0,0,70,0,0,0,731,detection,
732710,3,30,-512,512,-1024,0,100,100,37,9,47,0,62,40,732,detection,
733234,11,19,997,997,0,0,0,0,0,0,37,0,0,0,733,detection,
733346,6,19,997,997,0,0,0,0,0,0,75,0,0,0,733,detection,
733367,1,28,-512,512,-1024,0,100,100,0,0,44,0,64,40,733,detection,
733376,2,28,-512,512,-1024,0,100,100,78,10,37,0,69,55,733,detection,
733733,21,8,-1,-1,0,0,0,0,0,0,43,0,0,0,733,detection,
736598,19,11,768,768,0,0,0,0,0,0,47,0,0,0,736,detection,
737627,2,25,-512,-1,-511,100,100,100,100,9,48,0,59,40,737,detection,
738112,11,19,-1,-1,0,0,0,0,0,0,37,0,0,0,738,detection,
741668,1,28,-512,512,-1024,0,100,100,0,0,44,0,64,40,741,detection,
745348,19,11,768,768,0,0,0,0,0,0,46,0,0,0,745,detection,
746654,22,30,-512,-1,-511,100,97,100,100,0,52,0,56,40,746,detection,
746681,10,30,-512,-1,-511,100,97,100,65,0,52,0,56,40,746,detection,
746710,3,30,-512,-1,-511,100,100,100,68,9,47,0,61,40,746,detection,
746741,11,30,-512,-1,-511,100,89,100,91,7,62,0,53,40,746,detection,
746745,2,30,-512,-1,-511,100,100,100,100,9,46,0,62,40,746,detection,
751322,1,28,-512,768,-1280,0,100,100,35,0,44,0,64,40,751,detection,
752676,1,28,-512,512,-1024,0,100,100,35,0,44,0,64,40,752,detection,
752745,2,28,-512,512,-1024,0,100,100,0,10,37,0,69,55,752,detection,
753113,11,30,-512,768,-1280,0,100,100,88,7,63,0,48,40,753,detection,
753120,2,30,-512,768,-1280,0,100,100,100,9,46,0,63,40,753,detection,
753150,22,30,-512,768,-1280,0,100,100,95,0,55,0,58,40,753,detection,
753179,10,30,-512,768,-1280,0,100,100,97,0,53,0,58,40,753,detection,
755452,16,10,-1,-1,0,0,0,0,0,0,57,0,0,0,755,detection,
756339,1,28,-512,512,-1024,0,100,100,0,0,41,0,68,55,756,detection,
756370,2,28,-512,512,-1024,0,100,100,0,10,37,0,69,55,756,detection,
759347,17,25,-512,768,-1280,0,100,100,65,0,38,0,69,55,759,detection,
759369,2,25,-512,768,-1280,0,100,100,100,9,48,0,60,40,759,detection,
763918,1,28,-512,534,-1046,0,100,100,3,0,41,0,68,55,763,detection,
763996,2,28,-512,534,-1046,0,100,100,3,10,37,0,69,55,763,detection,
766328,16,10,512,512,0,0,0,0,0,0,60,0,0,0,766,detection,
769843,1,28,-512,531,-1043,0,100,100,0,0,41,0,68,55,769,detection,
769870,2,28,-512,531,-1043,0,100,100,0,11,33,0,71,55,769,detection,
770472,6,19,-1,-1,0,0,0,0,0,0,74,0,0,0,770,detection,
771492,1,3,-1,-1,0,0,0,0,0,0,21,0,0,0,771,detection,
774448,1,28,-512,527,-1039,0,100,100,0,0,40,0,69,55,774,detection,
774643,1,3,768,768,0,0,0,0,0,0,25,0,0,0,774,detection,
776493,2,30,-512,-1,-511,100,100,100,100,9,49,0,58,40,776,detection,
776527,22,30,-512,-1,-511,100,91,100,91,0,59,0,56,40,776,detection,
777456,1,28,-512,525,-1037,0,100,100,0,0,40,0,69,55,777,detection,
777742,1,3,512,512,0,0,0,0,0,0,26,0,0,0,777,detection,
779596,6,19,768,768,0,0,0,0,0,0,74,0,0,0,779,detection,
781022,1,28,-512,520,-1032,0,100,100,0,0,40,0,69,55,781,detection,
781737,1,3,512,512,0,0,0,0,0,0,27,0,0,0,781,detection,
781973,17,25,-512,768,-1280,0,100,100,0,0,43,0,66,55,781,detection,
781995,2,25,-512,768,-1280,0,100,100,0,8,53,0,58,40,781,detection,
782119,2,30,-512,1024,-1536,0,100,100,100,0,52,0,58,40,782,detection,
782153,22,30,-512,1024,-1536,0,100,100,100,0,58,0,58,40,782,detection,
782984,19,14,-1,-1,0,0,0,0,0,0,40,0,0,0,782,detection,
786474,19,14,1024,1024,0,0,0,0,0,0,43,0,0,0,786,detection,
788307,1,3,512,512,0,0,0,0,0,0,28,0,0,0,788,detection,
788694,1,28,-512,520,-1032,0,100,100,0,0,39,0,69,55,788,detection,
788747,2,28,-512,520,-1032,0,100,100,1,0,33,0,71,55,788,detection,
788899,1,2,1024,1024,0,0,0,0,0,0,21,0,0,0,788,detection,
788955,3,2,1024,1024,0,0,0,0,0,0,42,0,0,0,788,detection,
788984,14,2,1024,1024,0,0,0,0,0,0,33,0,0,0,788,detection,
789022,22,2,1024,1024,0,0,0,0,0,0,48,0,0,0,789,detection,
792474,17,25,-512,998,-1510,0,100,100,31,0,45,0,63,40,792,detection,
792497,2,25,-512,998,-1510,0,100,100,28,8,57,0,58,40,792,detection,
793154,1,3,1024,1024,0,0,0,0,0,0,31,0,0,0,793,detection,
793158,18,16,1024,1024,0,0,0,0,0,0,43,0,0,0,793,detection,
793184,8,16,1024,1024,0,0,0,0,0,0,44,0,0,0,793,detection,
793558,8,18,-1,-1,0,0,0,0,0,0,41,0,0,0,793,detection,
796093,1,2,-1,-1,0,0,0,0,0,0,25,0,0,0,796,detection,
796203,3,2,-1,-1,0,0,0,0,0,0,45,0,0,0,796,detection,
797859,14,22,-1,-1,0,0,0,0,0,0,28,0,0,0,797,detection,
798245,2,25,-512,976,-1488,0,100,100,2,0,56,0,58,40,798,detection,
799479,1,3,1046,1046,0,0,0,0,0,0,35,0,0,0,799,detection,
803809,8,16,1024,1024,0,0,0,0,0,0,44,0,0,0,803,detection,
805520,1,3,815,815,0,0,0,0,0,0,35,0,0,0,805,detection,
806730,1,28,-512,520,-1032,0,100,100,0,0,39,0,69,55,806,detection,
806747,2,28,-512,520,-1032,0,100,100,0,0,33,0,71,55,806,detection,
807268,12,16,-1,-1,0,0,0,0,0,0,33,0,0,0,807,detection,
807306,8,16,-1,-1,0,0,0,0,0,0,43,0,0,0,807,detection,
807435,10,29,-512,-1,-511,100,100,100,76,10,37,0,74,55,807,detection,
807866,14,30,-512,1331,-1843,0,100,100,100,8,54,0,58,40,807,detection,
808544,5,18,1328,1328,0,0,0,0,0,0,41,0,0,0,808,detection,
808561,8,18,1328,1328,0,0,0,0,0,0,41,0,0,0,808,detection,
808578,7,18,1328,1328,0,0,0,0,0,0,60,0,0,0,808,detection,
808701,4,7,-1,-1,0,0,0,0,0,0,43,0,0,0,808,detection,
810550,5,10,-1,-1,0,0,0,0,0,0,45,0,0,0,810,detection,
810863,1,3,807,807,0,0,0,0,0,0,32,0,0,0,810,detection,
811226,19,14,-1,-1,0,100,0,0,0,0,46,0,62,40,811,detection,
812366,14,11,527,527,0,0,0,0,0,0,35,0,0,0,812,detection,
812613,21,25,-512,1024,-1536,0,100,100,100,0,34,0,71,55,812,detection,
813433,1,28,-512,520,-1032,0,100,100,0,0,35,0,70,55,813,detection,
813476,6,28,-512,520,-1032,0,100,100,75,10,40,0,69,55,813,detection,
813494,2,28,-512,520,-1032,0,100,100,0,0,32,0,71,55,813,detection,
814183,8,18,1328,1328,0,0,0,0,0,0,40,0,0,0,814,detection,
817473,17,21,816,816,0,0,0,0,0,0,33,0,0,0,817,detection,
819138,1,24,-512,512,-1024,0,100,100,0,0,26,0,75,55,819,detection,
821277,22,8,1840,1840,0,0,0,0,0,0,41,0,0,0,821,detection,
823557,13,16,-1,-1,0,0,0,0,0,0,33,0,0,0,823,detection,
825563,8,18,1328,1328,0,0,0,0,0,0,40,0,0,0,825,detection,
827093,1,24,-512,-1,-511,100,100,100,84,0,29,0,86,100,827,detection,
828703,7,20,-1,-1,0,0,0,0,0,0,43,0,0,0,828,detection,
828742,9,20,-1,-1,0,0,0,0,0,0,41,0,0,0,828,detection,
829598,19,11,547,547,0,0,0,0,0,0,47,0,0,0,829,detection,
835474,19,11,547,547,0,0,0,0,0,0,44,0,0,0,835,detection,
836147,22,8,-1,-1,0,0,0,0,0,0,44,0,0,0,836,detection,
836177,10,8,-1,-1,0,0,0,0,0,0,45,0,0,0,836,detection,
836273,1,24,-512,-1,-511,100,100,100,0,0,29,0,86,100,836,detection,
837862,11,12,-1,-1,0,0,0,0,0,0,47,0,0,0,837,detection,
837922,5,12,-1,-1,0,0,0,0,0,0,42,0,0,0,837,detection,
837927,10,12,-1,-1,0,0,0,0,0,0,44,0,0,0,837,detection,
837930,13,12,-1,-1,0,0,0,0,0,0,42,0,0,0,837,detection,
840659,15,11,547,547,0,0,0,0,0,0,46,0,0,0,840,detection,
840723,19,11,547,547,0,0,0,0,0,0,44,0,0,0,840,detection,
841583,16,30,-512,1059,-1571,0,100,100,63,0,51,0,58,40,841,detection,
845726,19,11,547,547,0,0,0,0,0,0,45,0,0,0,845,detection,
845738,14,11,547,547,0,0,0,0,0,0,36,0,0,0,845,detection,
846493,1,24,-512,512,-1024,0,100,100,80,0,33,0,71,75,846,detection,
847453,16,30,-512,1059,-1571,0,100,100,0,0,50,0,58,40,847,detection,
847500,9,30,-512,1059,-1571,0,100,100,68,0,49,0,59,40,847,detection,
847513,12,30,-512,1059,-1571,0,100,100,65,0,48,0,60,40,847,detection,
850454,16,30,-512,1059,-1571,0,100,100,0,0,49,0,59,40,850,detection,
850458,7,30,-512,1059,-1571,0,100,100,80,10,35,0,70,55,850,detection,
850463,3,30,-512,1059,-1571,0,100,100,100,0,50,0,58,40,850,detection,
850485,11,30,-512,1059,-1571,0,100,100,32,0,65,0,48,40,850,detection,
850488,21,30,-512,1059,-1571,0,100,100,38,0,40,0,69,75,850,detection,
850493,14,30,-512,1059,-1571,0,100,100,33,0,56,0,58,40,850,detection,
850493,2,30,-512,1059,-1571,0,100,100,4,0,56,0,58,40,850,detection,
850497,9,30,-512,1059,-1571,0,100,100,0,0,48,0,60,40,850,detection,
850513,12,30,-512,1059,-1571,0,100,100,0,0,48,0,60,40,850,detection,
850539,18,30,-512,1059,-1571,0,100,100,100,11,32,0,71,55,850,detection,
851351,6,19,2242,2242,0,0,0,0,0,0,74,0,0,0,851,detection,
851367,11,19,2242,2242,0,0,0,0,0,0,47,0,0,0,851,detection,
851473,19,11,-1,-1,0,0,0,0,0,0,47,0,0,0,851,detection,
851485,14,11,-1,-1,0,0,0,0,0,0,39,0,0,0,851,detection,
851528,15,11,-1,-1,0,0,0,0,0,0,49,0,0,0,851,detection,
852264,12,14,-1,-1,0,0,0,0,0,0,28,0,0,0,852,detection,
852298,5,14,-1,-1,0,0,0,0,0,0,41,0,0,0,852,detection,
852312,8,14,-1,-1,0,0,0,0,0,0,32,0,0,0,852,detection,
852350,19,14,-1,-1,0,0,0,0,0,0,42,0,0,0,852,detection,
852358,21,14,-1,-1,0,0,0,0,0,0,28,0,0,0,852,detection,
852361,11,14,-1,-1,0,0,0,0,0,0,40,0,0,0,852,detection,
854324,1,24,-512,512,-1024,0,100,100,0,0,33,0,71,75,854,detection,
854355,17,24,-512,512,-1024,0,100,100,38,0,28,0,75,55,854,detection,
854355,19,24,-512,512,-1024,0,100,100,100,0,44,0,64,40,854,detection,
855219,6,19,2242,2242,0,0,0,0,0,0,70,0,0,0,855,detection,
855240,11,19,2242,2242,0,0,0,0,0,0,49,0,0,0,855,detection,
856187,8,14,-1,-256,255,0,58,90,39,0,35,0,75,55,856,detection,
856225,19,14,-1,-256,255,0,53,81,35,0,43,0,70,55,856,detection,
856233,21,14,-1,-256,255,0,61,95,40,0,31,0,72,55,856,detection,
856233,11,14,-1,-256,255,0,57,87,38,0,37,0,74,55,856,detection,
856263,12,14,-1,-256,255,0,60,93,40,0,32,0,77,55,856,detection,
858834,1,3,-1,-1,0,0,0,0,0,0,36,0,0,0,858,detection,
859703,3,9,768,768,0,0,0,0,0,0,44,0,0,0,859,detection,
859704,7,9,768,768,0,0,0,0,0,0,47,0,0,0,859,detection,
859724,17,9,768,768,0,0,0,0,0,0,78,0,0,0,859,detection,
860141,12,30,-512,1280,-1792,0,100,100,28,0,51,0,58,40,860,detection,
860163,18,30,-512,1280,-1792,0,100,100,33,10,35,0,70,55,860,detection,
860210,3,30,-512,1280,-1792,0,100,100,27,0,54,0,58,40,860,detection,
860482,11,19,768,768,0,0,0,0,0,0,52,0,0,0,860,detection,
860528,15,19,768,768,0,0,0,0,0,0,85,0,0,0,860,detection,
861677,13,2,-1,-1,0,0,0,0,0,0,40,0,0,0,861,detection,
861678,20,2,-1,-1,0,0,0,0,0,0,33,0,0,0,861,detection,
861683,8,2,-1,-1,0,0,0,0,0,0,38,0,0,0,861,detection,
861695,4,2,-1,-1,0,0,0,0,0,0,37,0,0,0,861,detection,
861702,16,2,-1,-1,0,0,0,0,0,0,40,0,0,0,861,detection,
863861,11,30,-512,1046,-1558,0,100,100,1,0,70,0,48,40,863,detection,
863864,21,30,-512,1046,-1558,0,100,100,1,0,44,0,64,40,863,detection,
863864,14,30,-512,1046,-1558,0,100,100,1,0,60,0,58,40,863,detection,
863869,2,30,-512,1046,-1558,0,100,100,1,0,57,0,58,40,863,detection,
863890,12,30,-512,1046,-1558,0,100,100,29,0,55,0,58,40,863,detection,
863912,18,30,-512,1046,-1558,0,100,100,34,10,39,0,69,55,863,detection,
865377,2,28,-512,1280,-1792,0,100,100,100,0,37,0,69,55,865,detection,
865406,1,24,-512,512,-1024,0,100,100,0,0,33,0,71,75,865,detection,
870912,18,30,-512,1043,-1555,0,100,100,0,10,40,0,69,55,870,detection,
870955,16,30,-512,1043,-1555,0,100,100,2,0,53,0,58,40,870,detection,
870986,14,30,-512,1043,-1555,0,100,100,0,0,60,0,58,40,870,detection,
870994,2,30,-512,1043,-1555,0,100,100,0,0,58,0,58,40,870,detection,
872676,13,8,1024,1024,0,0,0,0,0,0,40,0,0,0,872,detection,
872680,10,8,1024,1024,0,0,0,0,0,0,49,0,0,0,872,detection,
874987,14,12,1280,1280,0,0,0,0,0,0,36,0,0,0,874,detection,
875173,10,12,1280,1280,0,0,0,0,0,0,47,0,0,0,875,detection,
876358,21,8,1024,1024,0,0,0,0,0,0,46,0,0,0,876,detection,
876852,19,11,512,512,0,0,0,0,0,0,52,0,0,0,876,detection,
877809,20,23,-512,-1,-511,100,100,100,0,9,46,0,62,40,877,detection,
877890,12,16,1536,1536,0,0,0,0,0,0,36,0,0,0,877,detection,
877929,10,16,1536,1536,0,0,0,0,0,0,41,0,0,0,877,detection,
877932,13,16,1536,1536,0,0,0,0,0,0,37,0,0,0,877,detection,
877933,8,16,1536,1536,0,0,0,0,0,0,46,0,0,0,877,detection,
878763,12,30,-512,1043,-1555,0,100,100,0,0,55,0,58,40,878,detection,
878801,5,30,-512,1043,-1555,0,100,100,30,0,58,0,58,40,878,detection,
878809,10,30,-512,1043,-1555,0,100,100,33,0,58,0,58,40,878,detection,
878861,11,30,-512,1043,-1555,0,100,100,0,0,71,0,48,40,878,detection,
878861,14,30,-512,1043,-1555,0,100,100,0,0,61,0,56,40,878,detection,
879965,1,20,768,768,0,0,0,0,0,0,22,0,0,0,879,detection,
880076,7,20,768,768,0,0,0,0,0,0,42,0,0,0,880,detection,
880360,21,25,-512,1024,-1536,0,100,100,0,0,37,0,69,55,880,detection,
880599,17,8,1024,1024,0,0,0,0,0,0,49,0,0,0,880,detection,
880663,18,8,1024,1024,0,0,0,0,0,0,40,0,0,0,880,detection,
882577,7,9,512,512,0,0,0,0,0,0,44,0,0,0,882,detection,
882594,17,9,512,512,0,0,0,0,0,0,81,0,0,0,882,detection,
882639,12,16,1536,1536,0,0,0,0,0,0,35,0,0,0,882,detection,
882677,10,16,1536,1536,0,0,0,0,0,0,41,0,0,0,882,detection,
882677,13,16,1536,1536,0,0,0,0,0,0,37,0,0,0,882,detection,
883559,20,19,512,512,0,0,0,0,0,0,46,0,0,0,883,detection,
885045,5,14,-1,-1,0,0,0,0,0,0,45,0,0,0,885,detection,
886864,14,13,1536,1536,0,0,0,0,0,0,38,0,0,0,886,detection,
886897,22,13,1536,1536,0,0,0,0,0,0,45,0,0,0,886,detection,
886931,10,13,1536,1536,0,0,0,0,0,0,45,0,0,0,886,detection,
890047,5,14,-1,-1,0,0,0,0,0,0,41,0,0,0,890,detection,
891154,22,2,1280,1280,0,0,0,0,0,0,52,0,0,0,891,detection,
892100,6,19,512,512,0,0,0,0,0,0,77,0,0,0,892,detection,
892113,11,19,512,512,0,0,0,0,0,0,53,0,0,0,892,detection,
892141,12,13,1536,1536,0,0,0,0,0,0,39,0,0,0,892,detection,
894974,19,11,512,512,0,0,0,0,0,0,52,0,0,0,894,detection,
895784,18,8,2048,2048,0,0,0,0,0,0,40,0,0,0,895,detection,
895848,17,8,2048,2048,0,0,0,0,0,0,53,0,0,0,895,detection,
895997,9,29,-512,1024,-1536,0,100,100,100,11,33,0,71,55,895,detection,
897156,22,30,-512,1041,-1553,0,100,100,2,0,55,0,58,40,897,detection,
897179,10,30,-512,1041,-1553,0,100,100,0,0,58,0,58,40,897,detection,
897183,13,30,-512,1041,-1553,0,100,100,80,11,33,0,71,55,897,detection,
897208,16,30,-512,1041,-1553,0,100,100,0,0,54,0,58,40,897,detection,
897238,14,30,-512,1041,-1553,0,100,100,0,0,60,0,58,40,897,detection,
897868,2,20,512,512,0,0,0,0,0,0,37,0,0,0,897,detection,
899722,17,8,2048,2048,0,0,0,0,0,0,53,0,0,0,899,detection,
902927,20,6,768,768,0,0,0,0,0,0,37,0,0,0,902,detection,
903202,7,9,512,512,0,0,0,0,0,0,45,0,0,0,903,detection,
905552,10,13,-1,-1,0,0,0,0,0,0,49,0,0,0,905,detection,
905576,16,13,-1,-1,0,0,0,0,0,0,33,0,0,0,905,detection,
905638,12,13,-1,-1,0,0,0,0,0,0,42,0,0,0,905,detection,
905663,18,13,-1,-1,0,0,0,0,0,0,48,0,0,0,905,detection,
906348,6,4,1280,1280,0,0,0,0,0,0,39,0,0,0,906,detection,
906358,21,4,1280,1280,0,0,0,0,0,0,40,0,0,0,906,detection,
906358,14,4,1280,1280,0,0,0,0,0,0,44,0,0,0,906,detection,
906830,16,30,-512,-1,-511,100,94,100,100,0,56,0,56,40,906,detection,
906868,2,30,-512,-1,-511,100,93,100,100,0,57,0,56,40,906,detection,
906902,22,30,-512,-1,-511,100,92,100,100,0,58,0,56,40,906,detection,
906914,18,30,-512,-1,-511,100,100,100,100,9,43,0,66,55,906,detection,
906928,13,30,-512,-1,-511,100,100,100,100,10,36,0,76,55,906,detection,
906932,10,30,-512,-1,-511,100,90,100,100,0,60,0,56,40,906,detection,
910437,8,29,-512,1280,-1792,0,100,100,98,0,52,0,58,40,910,detection,
910454,4,29,-512,1280,-1792,0,100,100,100,0,49,0,59,40,910,detection,
910459,7,29,-512,1280,-1792,0,100,100,100,9,43,0,66,55,910,detection,
910497,9,29,-512,1280,-1792,0,100,100,37,10,39,0,69,55,910,detection,
914429,20,4,1280,1280,0,0,0,0,0,0,44,0,0,0,914,detection,
915580,7,29,-512,1280,-1792,0,100,100,0,9,43,0,66,55,915,detection,
915623,9,29,-512,1280,-1792,0,100,100,0,10,38,0,69,55,915,detection,
918450,7,9,-1,-1,0,0,0,0,0,0,49,0,0,0,918,detection,
920487,14,11,742,742,0,0,0,0,0,0,42,0,0,0,920,detection,
920972,6,4,1280,1280,0,0,0,0,0,0,38,0,0,0,920,detection,
922985,21,30,-512,1254,-1766,0,100,100,27,0,47,0,62,40,922,detection,
922987,11,30,-512,1254,-1766,0,100,100,22,0,73,0,48,40,922,detection,
922991,14,30,-512,1254,-1766,0,100,100,25,0,61,0,56,40,922,detection,
922995,2,30,-512,1254,-1766,0,100,100,100,0,57,0,58,40,922,detection,
923226,19,14,1254,1254,0,0,0,70,34,0,46,0,64,40,923,detection,
923234,21,14,1254,1254,0,0,0,81,39,0,34,0,75,55,923,detection,
923240,11,14,1254,1254,0,0,0,74,36,0,40,0,73,55,923,detection,
923423,5,10,-1,-1,0,0,0,0,0,0,44,0,0,0,923,detection,
923451,16,10,-1,-1,0,0,0,0,0,0,60,0,0,0,923,detection,
923512,12,10,-1,-1,0,0,0,0,0,0,34,0,0,0,923,detection,
928112,11,30,-512,1280,-1792,0,100,100,2,0,70,0,48,40,928,detection,
928112,14,30,-512,1280,-1792,0,100,100,3,0,59,0,58,40,928,detection,
928120,2,30,-512,1280,-1792,0,100,100,3,0,53,0,58,40,928,detection,
930045,5,18,1254,1254,0,0,0,0,0,0,44,0,0,0,930,detection,
932241,11,12,1766,1766,0,0,0,0,0,0,51,0,0,0,932,detection,
936557,13,12,1766,1766,0,0,0,0,0,0,45,0,0,0,936,detection,
936726,19,11,949,949,0,0,0,0,0,0,52,0,0,0,936,detection,
936735,14,11,949,949,0,0,0,0,0,0,43,0,0,0,936,detection,
940419,5,18,998,998,0,0,0,0,0,0,45,0,0,0,940,detection,
945119,2,30,-512,1690,-2202,0,100,100,49,0,58,0,58,40,945,detection,
946636,12,10,1254,1254,0,0,0,0,0,0,37,0,0,0,946,detection,
946671,5,10,1254,1254,0,0,0,0,0,0,48,0,0,0,946,detection,
948389,12,10,1254,1254,0,0,0,0,0,0,36,0,0,0,948,detection,
950015,12,14,1510,1510,0,0,0,80,39,0,35,0,74,55,950,detection,
950044,5,14,1510,1510,0,0,0,0,0,0,44,0,0,0,950,detection,
950100,19,14,1510,1510,0,0,0,70,0,0,50,0,61,40,950,detection,
950110,11,14,1510,1510,0,0,0,70,0,0,44,0,70,55,950,detection,
952093,6,4,1254,1254,0,0,0,0,0,0,42,0,0,0,952,detection,
952373,2,28,-512,1766,-2278,0,100,100,66,0,45,0,63,40,952,detection,
952474,6,28,-512,1766,-2278,0,100,100,100,9,47,0,62,40,952,detection,
952898,22,13,-1,-1,0,0,0,0,0,0,84,0,0,0,952,detection,
955863,14,13,-1,-1,0,0,0,0,0,0,78,0,0,0,955,detection,
958776,1,23,-512,-1,-511,100,100,100,0,11,31,0,82,75,958,detection,
960419,5,14,1510,1510,0,0,0,0,0,0,44,0,0,0,960,detection,
962719,6,28,-512,1766,-2278,0,100,100,0,9,43,0,66,55,962,detection,
962745,2,28,-512,1766,-2278,0,100,100,0,0,46,0,63,40,962,detection,
962957,16,30,-512,2022,-2534,0,100,100,100,0,60,0,58,40,962,detection,
962984,11,30,-512,2022,-2534,0,100,100,84,0,64,0,48,40,962,detection,
963026,22,30,-512,2022,-2534,0,100,100,100,0,58,0,58,40,963,detection,
963081,7,9,-1,-1,0,0,0,0,0,0,51,0,0,0,963,detection,
964861,11,14,1510,1510,0,0,0,70,0,0,43,0,71,55,964,detection,
968331,7,13,-1,-1,0,0,0,0,0,0,70,0,0,0,968,detection,
970580,16,30,-512,2022,-2534,0,100,100,0,0,59,0,58,40,970,detection,
970584,3,30,-512,2022,-2534,0,100,100,90,0,57,0,58,40,970,detection,
970685,8,18,1043,1043,0,0,0,0,0,0,45,0,0,0,970,detection,
972223,17,25,-512,1766,-2278,0,100,100,100,0,48,0,60,40,972,detection,
973804,20,2,1299,1299,0,0,0,0,0,0,38,0,0,0,973,detection,
973822,4,2,1299,1299,0,0,0,0,0,0,38,0,0,0,973,detection,
975677,5,30,-512,2022,-2534,0,100,100,100,0,58,0,58,40,975,detection,
975702,4,30,-512,2022,-2534,0,100,100,61,0,49,0,59,40,975,detection,
975703,16,30,-512,2022,-2534,0,100,100,0,0,54,0,58,40,975,detection,
975738,11,30,-512,2022,-2534,0,100,100,0,0,62,0,54,40,975,detection,
975738,14,30,-512,2022,-2534,0,100,100,87,0,61,0,56,40,975,detection,
975778,22,30,-512,2022,-2534,0,100,100,0,0,57,0,58,40,975,detection,
978305,20,6,1555,1555,0,0,0,0,0,0,40,0,0,0,978,detection,
980685,8,18,-1,-1,0,0,0,0,0,0,48,0,0,0,980,detection,
982802,20,4,-1,-1,0,0,0,0,0,0,46,0,0,0,982,detection,
982861,14,4,-1,-1,0,0,0,0,0,0,46,0,0,0,982,detection,
986608,14,2,1299,1299,0,0,0,0,0,0,39,0,0,0,986,detection,
986654,22,2,1299,1299,0,0,0,0,0,0,52,0,0,0,986,detection,
986658,18,2,1299,1299,0,0,0,0,0,0,40,0,0,0,986,detection,
986679,20,2,1299,1299,0,0,0,0,0,0,39,0,0,0,986,detection,
986679,13,2,1299,1299,0,0,0,0,0,0,45,0,0,0,986,detection,
986688,8,2,1299,1299,0,0,0,0,0,0,44,0,0,0,986,detection,
986697,4,2,1299,1299,0,0,0,0,0,0,39,0,0,0,986,detection,
986705,16,2,1299,1299,0,0,0,0,0,0,45,0,0,0,986,detection,
986706,3,2,1299,1299,0,0,0,0,0,0,51,0,0,0,986,detection,
988889,12,13,1811,1811,0,0,0,0,0,0,45,0,0,0,988,detection,
988901,22,13,1811,1811,0,0,0,0,0,0,86,0,0,0,988,detection,
988910,15,13,1811,1811,0,0,0,0,0,0,71,0,0,0,988,detection,
989678,13,22,-1,-1,0,0,0,0,0,0,45,0,0,0,989,detection,
993553,20,6,-1,-1,0,0,0,0,0,0,43,0,0,0,993,detection,
995358,14,2,-1,-1,0,0,0,0,0,0,42,0,0,0,995,detection,
995398,22,2,-1,-1,0,0,0,0,0,0,55,0,0,0,995,detection,
995427,20,2,-1,-1,0,0,0,0,0,0,42,0,0,0,995,detection,
995448,4,2,-1,-1,0,0,0,0,0,0,43,0,0,0,995,detection,
995452,3,2,-1,-1,0,0,0,0,0,0,54,0,0,0,995,detection,
995453,16,2,-1,-1,0,0,0,0,0,0,49,0,0,0,995,detection,
998452,16,22,-1,-1,0,0,0,0,0,0,38,0,0,0,998,detection,
998477,19,22,-1,-1,0,0,0,0,0,0,46,0,0,0,998,detection,
998485,21,22,-1,-1,0,0,0,0,0,0,44,0,0,0,998,detection,
998487,11,22,-1,-1,0,0,0,0,0,0,47,0,0,0,998,detection,
998528,15,22,-1,-1,0,0,0,0,0,0,38,0,0,0,998,detection,
998550,5,22,-1,-1,0,0,0,0,0,0,32,0,0,0,998,detection,
998551,13,22,-1,-1,0,0,0,0,0,0,45,0,0,0,998,detection,
1000639,1,6,-1,-1,0,0,0,0,0,0,19,0,0,0,1000,detection,
1005370,2,25,-512,-1,-511,100,94,100,100,0,56,0,56,40,1005,detection,
1013821,1,24,-512,-1,-511,100,100,100,76,0,37,0,74,75,1013,detection,
1013872,9,24,-512,-1,-511,100,100,100,100,9,44,0,64,40,1013,detection,
1014599,17,18,768,768,0,0,0,0,0,0,55,0,0,0,1014,detection,
1019031,1,28,-512,768,-1280,0,100,100,37,0,37,0,69,55,1019,detection,
1019100,6,28,-512,768,-1280,0,100,100,100,9,46,0,63,40,1019,detection,
1023543,1,28,-512,512,-1024,0,100,100,38,0,37,0,69,55,1023,detection,
1023599,6,28,-512,512,-1024,0,100,100,34,0,47,0,62,40,1023,detection,
1023971,17,18,537,537,0,0,0,0,0,0,55,0,0,0,1023,detection,
1024773,22,13,-1,-1,0,0,0,0,0,0,87,0,0,0,1024,detection,
1024774,1,13,-1,-1,0,0,0,0,0,0,25,0,0,0,1024,detection,
1024787,18,13,-1,-1,0,0,0,0,0,0,51,0,0,0,1024,detection,
1024804,20,13,-1,-1,0,0,0,0,0,0,36,0,0,0,1024,detection,
1024808,8,13,-1,-1,0,0,0,0,0,0,49,0,0,0,1024,detection,
1024821,4,13,-1,-1,0,0,0,0,0,0,47,0,0,0,1024,detection,
1024825,16,13,-1,-1,0,0,0,0,0,0,36,0,0,0,1024,detection,
1024829,3,13,-1,-1,0,0,0,0,0,0,47,0,0,0,1024,detection,
1024829,7,13,-1,-1,0,0,0,0,0,0,70,0,0,0,1024,detection,
1024863,14,13,-1,-1,0,0,0,0,0,0,81,0,0,0,1024,detection,
1024872,2,13,-1,-1,0,0,0,0,0,0,53,0,0,0,1024,detection,
1025600,17,31,-512,-1,-511,100,100,100,70,9,45,0,62,40,1025,detection,
1025612,21,31,-512,-1,-511,100,100,100,77,10,36,0,76,55,1025,detection,
1026022,22,16,-1,-1,0,0,0,0,0,0,47,0,0,0,1026,detection,
1026057,8,16,-1,-1,0,0,0,0,0,0,50,0,0,0,1026,detection,
1026598,6,19,1049,1049,0,0,0,0,0,0,75,0,0,0,1026,detection,
1028247,9,30,-512,1561,-2073,0,100,100,65,0,50,0,58,40,1028,detection,
1030011,1,20,-1,-1,0,0,0,0,0,0,25,0,0,0,1030,detection,
1030676,1,20,-1,-1,0,0,0,0,0,0,29,0,0,0,1030,detection,
1030705,7,20,-1,-1,0,0,0,0,0,0,43,0,0,0,1030,detection,
1030722,6,20,-1,-1,0,0,0,0,0,0,41,0,0,0,1030,detection,
1031056,20,19,-1,-1,0,0,0,0,0,0,47,0,0,0,1031,detection,
1031197,1,28,-512,512,-1024,0,100,100,0,0,36,0,69,55,1031,detection,
1032082,16,22,-1,-256,255,0,53,81,35,0,43,0,70,55,1032,detection,
1032105,19,22,-1,-256,255,0,51,77,34,0,47,0,69,55,1032,detection,
1032113,11,22,-1,-256,255,0,49,74,32,0,51,0,67,55,1032,detection,
1032181,13,22,-1,-256,255,0,49,75,33,0,50,0,66,55,1032,detection,
1033597,1,28,-512,512,-1024,0,100,100,0,0,36,0,69,55,1033,detection,
1033601,6,28,-512,512,-1024,0,100,100,0,0,48,0,60,40,1033,detection,
1035366,1,6,512,512,0,0,0,0,0,0,22,0,0,0,1035,detection,
1035429,20,6,512,512,0,0,0,0,0,0,47,0,0,0,1035,detection,
1035496,9,30,-512,1561,-2073,0,100,100,0,0,49,0,59,40,1035,detection,
1035560,10,30,-512,1561,-2073,0,100,100,100,0,63,0,48,40,1035,detection,
1038815,1,28,-512,512,-1024,0,100,100,0,0,36,0,69,55,1038,detection,
1039176,13,22,512,512,0,0,0,70,31,0,54,0,64,40,1039,detection,
1039740,2,13,-1,-1,0,0,0,0,0,0,53,0,0,0,1039,detection,
1039762,12,13,-1,-1,0,0,0,0,0,0,48,0,0,0,1039,detection,
1039821,4,13,-1,-1,0,0,0,0,0,0,47,0,0,0,1039,detection,
1039825,7,13,-1,-1,0,0,0,0,0,0,67,0,0,0,1039,detection,
1039830,3,13,-1,-1,0,0,0,0,0,0,47,0,0,0,1039,detection,
1040481,1,6,512,512,0,0,0,0,0,0,18,0,0,0,1040,detection,
1040553,20,6,512,512,0,0,0,0,0,0,44,0,0,0,1040,detection,
1040865,14,12,512,512,0,0,0,0,0,0,43,0,0,0,1040,detection,
1042652,22,16,-1,-1,0,0,0,0,0,0,47,0,0,0,1042,detection,
1042662,18,16,-1,-1,0,0,0,0,0,0,46,0,0,0,1042,detection,
1042675,13,16,-1,-1,0,0,0,0,0,0,40,0,0,0,1042,detection,
1043399,22,3,1024,1024,0,0,0,0,0,0,32,0,0,0,1043,detection,
1043399,1,3,1024,1024,0,0,0,0,0,0,38,0,0,0,1043,detection,
1043412,18,3,1024,1024,0,0,0,0,0,0,48,0,0,0,1043,detection,
1043430,20,3,1024,1024,0,0,0,0,0,0,32,0,0,0,1043,detection,
1043454,7,3,1024,1024,0,0,0,0,0,0,44,0,0,0,1043,detection,
1043472,6,3,1024,1024,0,0,0,0,0,0,41,0,0,0,1043,detection,
1044681,13,22,512,512,0,0,0,70,0,0,55,0,61,40,1044,detection,
1044891,12,14,1024,1024,0,0,0,70,0,0,38,0,74,55,1044,detection,
1044986,11,14,1024,1024,0,0,0,70,0,0,46,0,68,55,1044,detection,
1045397,22,13,1024,1024,0,0,0,0,0,0,85,0,0,0,1045,detection,
1045904,15,18,512,512,0,0,0,0,0,0,50,0,0,0,1045,detection,
1045955,7,18,512,512,0,0,0,0,0,0,66,0,0,0,1045,detection,
1045976,17,18,512,512,0,0,0,0,0,0,52,0,0,0,1045,detection,
1047116,9,20,-1,-1,0,0,0,0,0,0,44,0,0,0,1047,detection,
1047196,1,20,-1,-1,0,0,0,0,0,0,32,0,0,0,1047,detection,
1047483,21,31,-512,-1,-511,100,100,100,0,10,38,0,72,55,1047,detection,
1047551,10,12,512,512,0,0,0,0,0,0,53,0,0,0,1047,detection,
1048156,15,18,512,512,0,0,0,0,0,0,51,0,0,0,1048,detection,
1049467,1,6,-1,-1,0,0,0,0,0,0,22,0,0,0,1049,detection,
1050528,1,20,-1,-1,0,0,0,0,0,0,31,0,0,0,1050,detection,
1050624,2,20,-1,-1,0,0,0,0,0,0,41,0,0,0,1050,detection,
1050702,1,3,768,768,0,0,0,0,0,0,40,0,0,0,1050,detection,
1050778,22,3,768,768,0,0,0,0,0,0,35,0,0,0,1050,detection,
1051301,20,4,-1,-1,0,0,0,0,0,0,50,0,0,0,1051,detection,
1052929,10,12,537,537,0,0,0,0,0,0,55,0,0,0,1052,detection,
1053458,7,18,512,512,0,0,0,0,0,0,68,0,0,0,1053,detection,
1053472,17,18,512,512,0,0,0,0,0,0,53,0,0,0,1053,detection,
1054301,13,2,1024,1024,0,0,0,0,0,0,45,0,0,0,1054,detection,
1056431,20,6,-1,-1,0,0,0,0,0,0,48,0,0,0,1056,detection,
1058114,11,19,1024,1024,0,0,0,0,0,0,56,0,0,0,1058,detection,
1058155,15,19,1024,1024,0,0,0,0,0,0,88,0,0,0,1058,detection,
1060883,1,28,-512,588,-1100,0,100,100,11,0,35,0,70,55,1060,detection,
1060991,11,31,-512,768,-1280,0,100,100,100,0,38,0,69,55,1060,detection,
1061950,1,3,-1,-1,0,0,0,0,0,0,43,0,0,0,1061,detection,
1062023,22,3,-1,-1,0,0,0,0,0,0,38,0,0,0,1062,detection,
1062707,16,29,-512,-1,-511,100,100,100,0,9,47,0,61,40,1062,detection,
1062806,13,29,-512,-1,-511,100,97,100,65,8,52,0,56,40,1062,detection,
1065477,1,20,998,998,0,0,0,0,0,0,35,0,0,0,1065,detection,
1065495,9,20,998,998,0,0,0,0,0,0,47,0,0,0,1065,detection,
1065580,7,20,998,998,0,0,0,0,0,0,46,0,0,0,1065,detection,
1065791,18,30,-512,-1,-511,100,100,100,0,9,44,0,64,40,1065,detection,
1065803,10,30,-512,-1,-511,100,89,100,100,0,62,0,53,40,1065,detection,
1067857,19,24,-512,1024,-1536,0,100,100,68,0,47,0,62,40,1067,detection,
1068477,17,31,-512,768,-1280,0,100,100,100,9,49,0,59,40,1068,detection,
1068822,1,3,-1,-1,0,0,0,0,0,0,43,0,0,0,1068,detection,
1068898,22,3,-1,-1,0,0,0,0,0,0,37,0,0,0,1068,detection,
1073583,7,9,512,512,0,0,0,0,0,0,56,0,0,0,1073,detection,
1074578,4,31,-512,768,-1280,0,100,100,100,9,44,0,64,40,1074,detection,
1074600,6,31,-512,768,-1280,0,100,100,36,10,41,0,68,55,1074,detection,
1074601,17,31,-512,768,-1280,0,100,100,0,9,49,0,59,40,1074,detection,
1074613,11,31,-512,768,-1280,0,100,100,0,0,40,0,69,55,1074,detection,
1077932,10,12,1024,1024,0,0,0,0,0,0,57,0,0,0,1077,detection,
1077989,14,12,1024,1024,0,0,0,0,0,0,46,0,0,0,1077,detection,
1078597,17,8,-1,-256,255,0,46,70,30,0,58,0,64,40,1078,detection,
1080725,17,18,1280,1280,0,0,0,0,0,0,56,0,0,0,1080,detection,
1081099,6,24,-512,1024,-1536,0,100,100,44,11,33,0,71,55,1081,detection,
1081104,17,24,-512,1024,-1536,0,100,100,82,0,31,0,72,55,1081,detection,
1083201,4,9,-1,-1,0,0,0,0,0,0,40,0,0,0,1083,detection,
1086724,17,24,-512,1024,-1536,0,100,100,0,0,31,0,72,55,1086,detection,
1086749,9,24,-512,1024,-1536,0,100,100,100,9,47,0,62,40,1086,detection,
1092375,9,29,-512,-1,-511,100,100,100,100,10,41,0,69,55,1092,detection,
1092431,13,29,-512,-1,-511,100,97,100,0,8,52,0,56,40,1092,detection,
1092452,16,29,-512,-1,-511,100,100,100,0,9,48,0,59,40,1092,detection,
1092460,3,29,-512,-1,-511,100,100,100,80,11,33,0,79,55,1092,detection,
1102904,22,29,-512,-1,-511,100,97,100,65,0,52,0,56,40,1102,detection,
1102952,16,29,-512,-1,-511,100,100,100,0,9,46,0,62,40,1102,detection,
1103864,14,23,-512,1024,-1536,0,100,100,100,0,38,0,69,55,1103,detection,
1111801,13,16,512,512,0,0,0,0,0,0,41,0,0,0,1111,detection,
1111813,8,16,512,512,0,0,0,0,0,0,54,0,0,0,1111,detection,
1112113,14,23,-512,1024,-1536,0,100,100,0,0,38,0,69,55,1112,detection,
1112185,20,23,-512,1024,-1536,0,100,100,100,0,48,0,60,40,1112,detection,
1112203,4,23,-512,1024,-1536,0,100,100,100,0,40,0,69,55,1112,detection,
1115773,22,13,-1,-1,0,0,0,0,0,0,83,0,0,0,1115,detection,
1115787,18,13,-1,-1,0,0,0,0,0,0,54,0,0,0,1115,detection,
1115833,3,13,-1,-1,0,0,0,0,0,0,46,0,0,0,1115,detection,
1118099,6,23,-512,1024,-1536,0,100,100,100,10,38,0,69,55,1118,detection,
1118116,14,23,-512,1024,-1536,0,100,100,0,0,37,0,69,55,1118,detection,
1121471,6,23,-512,1024,-1536,0,100,100,0,10,37,0,69,55,1121,detection,
1121479,19,23,-512,1024,-1536,0,100,100,100,10,37,0,69,55,1121,detection,
1121493,11,23,-512,1024,-1536,0,100,100,100,0,35,0,70,55,1121,detection,
1121556,20,23,-512,1024,-1536,0,100,100,0,0,47,0,62,40,1121,detection,
1126671,5,14,768,768,0,0,0,0,0,0,47,0,0,0,1126,detection,
1126685,8,14,768,768,0,0,0,77,37,0,38,0,73,55,1126,detection,
1126705,16,22,-1,-1,0,0,0,70,34,0,46,0,64,40,1126,detection,
1126739,14,22,-1,-1,0,0,0,0,0,0,32,0,0,0,1126,detection,
1127250,9,16,768,768,0,0,0,0,0,0,36,0,0,0,1127,detection,
1128202,4,31,-512,1280,-1792,0,100,100,68,9,47,0,62,40,1128,detection,
1128220,6,31,-512,1280,-1792,0,100,100,71,9,44,0,64,40,1128,detection,
1129426,5,23,-512,1280,-1792,0,100,100,100,10,37,0,69,55,1129,detection,
1129433,20,23,-512,1280,-1792,0,100,100,34,0,46,0,63,40,1129,detection,
1129476,6,23,-512,1280,-1792,0,100,100,39,10,35,0,70,55,1129,detection,
1129481,19,23,-512,1280,-1792,0,100,100,38,10,37,0,69,55,1129,detection,
1129490,11,23,-512,1280,-1792,0,100,100,39,0,34,0,71,55,1129,detection,
1129670,5,14,768,768,0,0,0,0,0,0,47,0,0,0,1129,detection,
1129683,8,14,768,768,0,0,0,70,0,0,37,0,74,55,1129,detection,
1130855,21,8,768,768,0,0,0,0,0,0,50,0,0,0,1130,detection,
1131578,3,9,-1,-1,0,0,0,0,0,0,48,0,0,0,1131,detection,
1131583,16,9,-1,-1,0,0,0,0,0,0,36,0,0,0,1131,detection,
1131824,4,31,-512,1280,-1792,0,100,100,0,9,46,0,63,40,1131,detection,
1136980,21,8,512,512,0,0,0,0,0,0,48,0,0,0,1136,detection,
1137292,18,29,-512,-1,-511,100,100,100,80,11,33,0,79,55,1137,detection,
1137304,13,29,-512,-1,-511,100,97,100,0,0,52,0,56,40,1137,detection,
1137370,2,29,-512,-1,-511,100,100,100,76,10,37,0,74,55,1137,detection,
1137470,6,23,-512,1280,-1792,0,100,100,0,10,35,0,70,55,1137,detection,
1142187,8,14,512,512,0,0,0,70,0,0,39,0,74,55,1142,detection,
1143600,6,31,-512,-1,-511,100,100,100,100,9,48,0,59,40,1143,detection,
1143614,11,31,-512,-1,-511,100,100,100,100,0,43,0,66,55,1143,detection,
1144790,18,29,-512,768,-1280,0,100,100,100,10,37,0,69,55,1144,detection,
1144802,13,29,-512,768,-1280,0,100,100,94,0,56,0,58,40,1144,detection,
1144812,8,29,-512,768,-1280,0,100,100,63,0,55,0,58,40,1144,detection,
1146986,11,31,-512,-1,-511,100,100,100,0,0,46,0,62,40,1146,detection,
1147151,22,8,512,512,0,0,0,0,0,0,50,0,0,0,1147,detection,
1150601,19,11,-1,-1,0,0,0,0,0,0,55,0,0,0,1150,detection,
1155612,14,22,512,512,0,0,0,0,0,0,38,0,0,0,1155,detection,
1155914,18,29,-512,976,-1488,0,100,100,30,10,40,0,69,55,1155,detection,
1159359,14,22,512,512,0,0,0,0,0,0,40,0,0,0,1159,detection,
1161148,22,8,-1,-1,0,0,0,0,0,0,50,0,0,0,1161,detection,
1162412,18,29,-512,976,-1488,0,100,100,0,10,40,0,69,55,1162,detection,
1162432,13,29,-512,976,-1488,0,100,100,25,0,57,0,58,40,1162,detection,
1162437,20,29,-512,976,-1488,0,100,100,64,0,44,0,64,40,1162,detection,
1162498,2,29,-512,976,-1488,0,100,100,100,10,40,0,69,55,1162,detection,
1164236,14,22,512,512,0,0,0,0,0,0,41,0,0,0,1164,detection,
1166726,19,11,-1,-1,0,0,0,0,0,0,53,0,0,0,1166,detection,
1170232,21,31,-512,512,-1024,0,100,100,71,9,44,0,64,40,1170,detection,
1173985,14,22,512,512,0,0,0,0,0,0,38,0,0,0,1173,detection,
1176400,22,8,1024,1024,0,0,0,0,0,0,53,0,0,0,1176,detection,
1176653,1,24,-512,-1,-511,100,100,100,0,0,41,0,69,75,1176,detection,
1176732,19,24,-512,-1,-511,100,99,100,100,0,50,0,56,40,1176,detection,
1176744,9,24,-512,-1,-511,100,100,100,100,9,47,0,61,40,1176,detection,
1177431,13,8,1024,1024,0,0,0,0,0,0,43,0,0,0,1177,detection,
1177522,22,8,1024,1024,0,0,0,0,0,0,52,0,0,0,1177,detection,
1177935,8,14,768,768,0,0,0,70,0,0,39,0,74,55,1177,detection,
1181040,1,24,-512,768,-1280,0,100,100,100,0,44,0,64,40,1181,detection,
1181101,19,24,-512,768,-1280,0,100,100,97,0,53,0,58,40,1181,detection,
1181121,9,24,-512,768,-1280,0,100,100,100,8,50,0,58,40,1181,detection,
1182486,14,22,512,512,0,0,0,0,0,0,38,0,0,0,1182,detection,
1184773,22,8,998,998,0,0,0,0,0,0,52,0,0,0,1184,detection,
1185610,21,31,-512,1510,-2022,0,100,100,100,9,47,0,62,40,1185,detection,
1189706,4,31,-512,1766,-2278,0,100,100,62,0,52,0,58,40,1189,detection,
1190353,19,24,-512,512,-1024,0,100,100,32,0,54,0,58,40,1190,detection,
1190373,9,24,-512,512,-1024,0,100,100,33,0,51,0,58,40,1190,detection,
1195485,1,24,-512,512,-1024,0,100,100,35,0,44,0,64,40,1195,detection,
1195497,9,24,-512,512,-1024,0,100,100,0,0,52,0,58,40,1195,detection,
1195601,19,24,-512,512,-1024,0,100,100,0,0,56,0,58,40,1195,detection,
1199774,22,8,768,768,0,0,0,0,0,0,56,0,0,0,1199,detection,
1199803,13,8,768,768,0,0,0,0,0,0,47,0,0,0,1199,detection,
1200977,6,31,-512,-1,-511,100,100,100,0,9,47,0,61,40,1200,detection,
1201015,12,13,768,768,0,0,0,0,0,0,48,0,0,0,1201,detection,
1201033,1,13,768,768,0,0,0,0,0,0,28,0,0,0,1201,detection,
1201059,8,13,768,768,0,0,0,0,0,0,52,0,0,0,1201,detection,
1201071,4,13,768,768,0,0,0,0,0,0,49,0,0,0,1201,detection,
1201075,16,13,768,768,0,0,0,0,0,0,40,0,0,0,1201,detection,
1201083,7,13,768,768,0,0,0,0,0,0,71,0,0,0,1201,detection,
1202011,12,2,-1,-1,0,0,0,0,0,0,43,0,0,0,1202,detection,
1202053,13,2,-1,-1,0,0,0,0,0,0,48,0,0,0,1202,detection,
1202057,8,2,-1,-1,0,0,0,0,0,0,47,0,0,0,1202,detection,
1202116,9,2,-1,-1,0,0,0,0,0,0,45,0,0,0,1202,detection,
1202182,8,13,512,512,0,0,0,0,0,0,50,0,0,0,1202,detection,
1203896,1,24,-512,512,-1024,0,100,100,0,0,41,0,68,55,1203,detection,
1203999,2,24,-512,512,-1024,0,100,100,65,0,37,0,69,55,1203,detection,
1205331,1,13,512,512,0,0,0,0,0,0,29,0,0,0,1205,detection,
1205364,14,13,512,512,0,0,0,0,0,0,89,0,0,0,1205,detection,
1205433,8,13,512,512,0,0,0,0,0,0,51,0,0,0,1205,detection,
1205449,16,13,512,512,0,0,0,0,0,0,42,0,0,0,1205,detection,
1205450,7,13,512,512,0,0,0,0,0,0,74,0,0,0,1205,detection,
1205927,13,8,512,512,0,0,0,0,0,0,44,0,0,0,1205,detection,
1206190,8,14,768,768,0,0,0,70,0,0,43,0,71,55,1206,detection,
1206224,19,14,768,768,0,0,0,70,0,0,53,0,61,40,1206,detection,
1210325,4,9,-1,-1,0,0,0,0,0,0,76,0,0,0,1210,detection,
1210331,3,9,-1,-1,0,0,0,0,0,0,83,0,0,0,1210,detection,
1211661,1,13,512,512,0,0,0,0,0,0,29,0,0,0,1211,detection,
1211686,8,13,512,512,0,0,0,0,0,0,52,0,0,0,1211,detection,
1211699,4,13,512,512,0,0,0,0,0,0,51,0,0,0,1211,detection,
1211702,16,13,512,512,0,0,0,0,0,0,39,0,0,0,1211,detection,
1211704,7,13,512,512,0,0,0,0,0,0,78,0,0,0,1211,detection,
1211734,14,13,512,512,0,0,0,0,0,0,88,0,0,0,1211,detection,
1212413,18,16,-1,-1,0,0,0,0,0,0,49,0,0,0,1212,detection,
1212426,10,16,-1,-1,0,0,0,0,0,0,44,0,0,0,1212,detection,
1213154,22,30,-512,-1,-511,100,93,100,100,0,57,0,56,40,1213,detection,
1213638,12,4,1024,1024,0,0,0,0,0,0,37,0,0,0,1213,detection,
1213684,8,4,1024,1024,0,0,0,0,0,0,49,0,0,0,1213,detection,
1213701,16,4,1024,1024,0,0,0,0,0,0,32,0,0,0,1213,detection,
1213706,3,4,1024,1024,0,0,0,0,0,0,43,0,0,0,1213,detection,
1213722,6,4,1024,1024,0,0,0,0,0,0,45,0,0,0,1213,detection,
1213736,14,4,1024,1024,0,0,0,0,0,0,50,0,0,0,1213,detection,
1213745,9,4,1024,1024,0,0,0,0,0,0,44,0,0,0,1213,detection,
1213974,1,24,-512,512,-1024,0,100,100,0,0,41,0,68,55,1213,detection,
1213983,19,24,-512,512,-1024,0,100,100,0,0,56,0,58,40,1213,detection,
1213999,2,24,-512,512,-1024,0,100,100,0,0,38,0,69,55,1213,detection,
1214232,21,31,-512,768,-1280,0,100,100,95,8,51,0,58,40,1214,detection,
1217953,7,13,512,512,0,0,0,0,0,0,81,0,0,0,1217,detection,
1217975,1,13,512,512,0,0,0,0,0,0,29,0,0,0,1217,detection,
1220981,1,24,-512,512,-1024,0,100,100,0,0,41,0,68,55,1220,detection,
1220995,2,24,-512,512,-1024,0,100,100,0,0,39,0,69,55,1220,detection,
1220998,9,24,-512,512,-1024,0,100,100,0,0,52,0,58,40,1220,detection,
1221101,6,24,-512,512,-1024,0,100,100,76,10,37,0,69,55,1221,detection,
1221102,19,24,-512,512,-1024,0,100,100,0,0,57,0,58,40,1221,detection,
1221932,8,4,-1,-1,0,0,0,0,0,0,52,0,0,0,1221,detection,
1221967,6,4,-1,-1,0,0,0,0,0,0,49,0,0,0,1221,detection,
1221984,14,4,-1,-1,0,0,0,0,0,0,53,0,0,0,1221,detection,
1223311,8,14,512,512,0,0,0,70,0,0,44,0,70,55,1223,detection,
1223349,19,14,512,512,0,0,0,70,0,0,54,0,61,40,1223,detection,
1227192,1,24,-512,512,-1024,0,100,100,0,0,41,0,68,55,1227,detection,
1227223,6,24,-512,512,-1024,0,100,100,0,11,33,0,71,55,1227,detection,
1227244,2,24,-512,512,-1024,0,100,100,0,0,39,0,69,55,1227,detection,
1227248,9,24,-512,512,-1024,0,100,100,0,0,52,0,58,40,1227,detection,
1228599,19,14,512,512,0,0,0,70,0,0,55,0,61,40,1228,detection,
1228685,8,14,512,512,0,0,0,70,0,0,44,0,70,55,1228,detection,
1230844,6,19,1024,1024,0,0,0,0,0,0,73,0,0,0,1230,detection,
1231096,6,24,-512,512,-1024,0,100,100,0,11,33,0,71,55,1231,detection,
1231373,2,28,-512,1024,-1536,0,100,100,98,0,48,0,60,40,1231,detection,
1232874,1,6,-1,-26,25,0,6,35,4,0,26,0,0,0,1232,detection,
1238926,13,8,793,793,0,0,0,0,0,0,49,0,0,0,1238,detection,
1241221,6,24,-512,512,-1024,0,100,100,0,11,33,0,71,55,1241,detection,
1241728,6,28,-512,1305,-1817,0,100,100,100,0,50,0,58,40,1241,detection,
1241749,2,28,-512,1305,-1817,0,100,100,37,0,47,0,62,40,1241,detection,
1242060,8,14,1305,1305,0,0,0,70,0,0,47,0,67,55,1242,detection,
1243302,13,8,793,793,0,0,0,0,0,0,50,0,0,0,1243,detection,
1244313,1,3,-1,-1,0,0,0,0,0,0,42,0,0,0,1244,detection,
1244806,1,6,-1,-1,0,0,0,0,4,0,29,0,0,0,1244,detection,
1245352,17,24,-512,512,-1024,0,100,100,81,0,32,0,71,55,1245,detection,
1247994,2,28,-512,1561,-2073,0,100,100,34,0,47,0,62,40,1247,detection,
1248385,1,3,-1,-1,0,0,0,0,0,0,42,0,0,0,1248,detection,
1248608,1,6,-1,-1,0,0,0,0,0,0,29,0,0,0,1248,detection,
1251246,9,4,768,768,0,0,0,0,0,0,46,0,0,0,1251,detection,
1251370,2,28,-512,1561,-2073,0,100,100,0,0,47,0,62,40,1251,detection,
1251598,17,24,-512,512,-1024,0,100,100,0,0,32,0,71,55,1251,detection,
1253222,6,31,-512,1280,-1792,0,100,100,100,8,50,0,58,40,1253,detection,
1253235,11,31,-512,1280,-1792,0,100,100,100,0,46,0,63,40,1253,detection,
1255350,17,24,-512,512,-1024,0,100,100,0,0,33,0,71,55,1255,detection,
1261351,17,24,-512,512,-1024,0,100,100,0,0,33,0,71,55,1261,detection,
1262707,3,7,-1,-1,0,0,0,0,0,0,45,0,0,0,1262,detection,
1263801,13,8,-1,-1,0,0,0,0,0,0,53,0,0,0,1263,detection,
1270477,17,24,-512,512,-1024,0,100,100,0,0,33,0,71,55,1270,detection,
1282786,18,3,-1,-1,0,0,0,0,0,0,52,0,0,0,1282,detection,
1282846,1,3,-1,-1,0,0,0,0,0,0,37,0,0,0,1282,detection,
1285080,4,31,-512,512,-1024,0,100,100,100,0,56,0,58,40,1285,detection,
1285102,17,31,-512,512,-1024,0,100,100,34,9,48,0,60,40,1285,detection,
1285903,15,11,-1,-1,0,0,0,0,0,0,52,0,0,0,1285,detection,
1288180,1,6,768,768,0,0,0,0,0,0,32,0,0,0,1288,detection,
1288452,4,31,-512,512,-1024,0,100,100,0,0,57,0,58,40,1288,detection,
1288473,17,31,-512,512,-1024,0,100,100,0,9,48,0,60,40,1288,detection,
1288956,1,23,-512,768,-1280,0,100,100,100,10,34,0,71,75,1288,detection,
1288991,11,23,-512,768,-1280,0,100,100,76,0,37,0,69,55,1288,detection,
1289034,15,23,-512,768,-1280,0,100,100,100,0,29,0,74,55,1289,detection,
1291153,1,3,768,768,0,0,0,0,0,0,41,0,0,0,1291,detection,
1291158,18,3,768,768,0,0,0,0,0,0,56,0,0,0,1291,detection,
1292327,4,31,-512,512,-1024,0,100,100,0,0,54,0,58,40,1292,detection,
1292349,17,31,-512,512,-1024,0,100,100,0,9,48,0,60,40,1292,detection,
1297545,1,6,512,512,0,0,0,0,0,0,33,0,0,0,1297,detection,
1297830,4,31,-512,512,-1024,0,100,100,0,0,55,0,58,40,1297,detection,
1297852,17,31,-512,512,-1024,0,100,100,0,0,48,0,60,40,1297,detection,
1304076,4,31,-512,512,-1024,0,100,100,0,0,55,0,58,40,1304,detection,
1304099,17,31,-512,512,-1024,0,100,100,0,0,47,0,62,40,1304,detection,
1304733,1,6,512,512,0,0,0,0,0,0,33,0,0,0,1304,detection,
1308997,1,3,768,768,0,0,0,0,0,0,41,0,0,0,1308,detection,
1310163,1,6,512,512,0,0,0,0,0,0,30,0,0,0,1310,detection,
1312110,14,23,-512,512,-1024,0,100,100,71,0,43,0,66,55,1312,detection,
1314303,1,3,512,512,0,0,0,0,0,0,42,0,0,0,1314,detection,
1314751,1,6,512,512,0,0,0,0,0,0,30,0,0,0,1314,detection,
1315848,17,9,-1,-1,0,0,0,0,0,0,82,0,0,0,1315,detection,
1319735,14,23,-512,512,-1024,0,100,100,0,0,39,0,69,55,1319,detection,
1319748,2,23,-512,512,-1024,0,100,100,100,9,43,0,66,55,1319,detection,
1319808,20,23,-512,512,-1024,0,100,100,100,0,48,0,60,40,1319,detection,
1321651,1,3,512,512,0,0,0,0,0,0,43,0,0,0,1321,detection,
1321720,6,3,512,512,0,0,0,0,0,0,43,0,0,0,1321,detection,
1322738,11,15,-1,-1,0,0,0,0,0,0,42,0,0,0,1322,detection,
1326307,20,23,-512,512,-1024,0,100,100,0,0,49,0,59,40,1326,detection,
1329077,16,9,768,768,0,0,0,0,0,0,40,0,0,0,1329,detection,
1329098,17,9,768,768,0,0,0,0,0,0,84,0,0,0,1329,detection,
1329196,4,9,768,768,0,0,0,0,0,0,79,0,0,0,1329,detection,
1329206,1,3,512,512,0,0,0,0,0,0,44,0,0,0,1329,detection,
1330866,9,4,-1,-1,0,0,0,0,0,0,50,0,0,0,1330,detection,
1330934,8,4,-1,-1,0,0,0,0,0,0,56,0,0,0,1330,detection,
1330959,3,4,-1,-1,0,0,0,0,0,0,46,0,0,0,1330,detection,
1330969,6,4,-1,-1,0,0,0,0,0,0,52,0,0,0,1330,detection,
1332247,9,29,-512,768,-1280,0,100,100,100,9,44,0,64,40,1332,detection,
1332247,2,29,-512,768,-1280,0,100,100,29,9,43,0,66,55,1332,detection,
1332311,8,29,-512,768,-1280,0,100,100,0,0,57,0,58,40,1332,detection,
1332323,4,29,-512,768,-1280,0,100,100,68,0,48,0,60,40,1332,detection,
1332331,16,29,-512,768,-1280,0,100,100,100,9,49,0,59,40,1332,detection,
1332336,3,29,-512,768,-1280,0,100,100,100,10,36,0,69,55,1332,detection,
1334949,16,9,512,512,0,0,0,0,0,0,41,0,0,0,1334,detection,
1334975,17,9,512,512,0,0,0,0,0,0,86,0,0,0,1334,detection,
1337437,8,2,-1,-1,0,0,0,0,0,0,50,0,0,0,1337,detection,
1337485,14,2,-1,-1,0,0,0,0,0,0,42,0,0,0,1337,detection,
1337497,9,2,-1,-1,0,0,0,0,0,0,49,0,0,0,1337,detection,
1339074,4,9,512,512,0,0,0,0,0,0,80,0,0,0,1339,detection,
1339078,3,9,512,512,0,0,0,0,0,0,91,0,0,0,1339,detection,
1339589,3,29,-512,512,-1024,0,100,100,38,10,37,0,69,55,1339,detection,
1340347,17,25,-512,-1,-511,100,98,100,100,0,51,0,56,40,1340,detection,
1340865,11,31,-512,512,-1024,0,100,100,99,0,51,0,58,40,1340,detection,
1344489,11,31,-512,512,-1024,0,100,100,0,0,51,0,58,40,1344,detection,
1348059,1,24,-512,-1,-511,100,100,100,70,0,45,0,62,40,1348,detection,
1348119,2,24,-512,-1,-511,100,100,100,72,0,42,0,67,55,1348,detection,
1350831,16,4,-1,-1,0,0,0,0,0,0,36,0,0,0,1350,detection,
1350848,6,4,-1,-1,0,0,0,0,0,0,56,0,0,0,1350,detection,
1350862,14,4,-1,-1,0,0,0,0,0,0,57,0,0,0,1350,detection,
1355105,19,23,-512,512,-1024,0,100,100,100,10,41,0,68,55,1355,detection,
1357079,1,24,-512,512,-1024,0,100,100,70,0,45,0,63,40,1357,detection,
1357122,2,24,-512,512,-1024,0,100,100,69,0,46,0,63,40,1357,detection,
1359979,19,23,-512,512,-1024,0,100,100,0,10,37,0,69,55,1359,detection,
1362559,20,29,-512,768,-1280,0,100,100,27,0,47,0,62,40,1362,detection,
1362580,4,29,-512,768,-1280,0,100,100,0,0,46,0,63,40,1362,detection,
1362580,16,29,-512,768,-1280,0,100,100,0,9,49,0,59,40,1362,detection,
1362588,3,29,-512,768,-1280,0,100,100,38,10,36,0,69,55,1362,detection,
1364729,19,23,-512,512,-1024,0,100,100,0,10,37,0,69,55,1364,detection,
1364784,15,23,-512,512,-1024,0,100,100,41,0,30,0,73,55,1364,detection,
1366116,11,31,-512,512,-1024,0,100,100,0,0,52,0,58,40,1366,detection,
1366258,1,24,-512,512,-1024,0,100,100,0,0,45,0,63,40,1366,detection,
1366374,2,24,-512,512,-1024,0,100,100,0,0,46,0,63,40,1366,detection,
1368681,20,29,-512,-1,-511,100,100,100,100,0,47,0,61,40,1368,detection,
1368705,16,29,-512,-1,-511,100,100,100,100,9,48,0,59,40,1368,detection,
1368707,3,29,-512,-1,-511,100,100,100,100,10,39,0,71,55,1368,detection,
1369781,15,23,-512,512,-1024,0,100,100,0,0,29,0,74,55,1369,detection,
1369953,1,2,-1,-1,0,0,0,0,0,0,25,0,0,0,1369,detection,
1370060,8,2,-1,-1,0,0,0,0,0,0,50,0,0,0,1370,detection,
1371544,1,24,-512,-1,-511,100,100,100,70,0,45,0,62,40,1371,detection,
1373594,1,2,768,768,0,0,0,0,0,0,28,0,0,0,1373,detection,
1374855,19,23,-512,512,-1024,0,100,100,0,10,37,0,69,55,1374,detection,
1374867,14,23,-512,512,-1024,0,100,100,0,0,40,0,69,55,1374,detection,
1374909,15,23,-512,512,-1024,0,100,100,0,0,29,0,74,55,1374,detection,
1374935,20,23,-512,512,-1024,0,100,100,0,0,50,0,58,40,1374,detection,
1375927,5,30,-512,-1,-511,100,90,100,100,0,60,0,56,40,1375,detection,
1375932,10,30,-512,-1,-511,100,93,100,0,0,57,0,56,40,1375,detection,
1375952,4,30,-512,-1,-511,100,96,100,100,0,53,0,56,40,1375,detection,
1375957,7,30,-512,-1,-511,100,100,100,100,10,38,0,72,55,1375,detection,
1375984,11,30,-512,-1,-511,100,86,100,100,0,65,0,49,40,1375,detection,
1375988,14,30,-512,-1,-511,100,88,100,100,0,63,0,49,40,1375,detection,
1375996,2,30,-512,-1,-511,100,93,100,100,0,57,0,56,40,1375,detection,
1375999,9,30,-512,-1,-511,100,97,100,100,0,52,0,56,40,1375,detection,
1376016,12,30,-512,-1,-511,100,91,100,100,0,59,0,56,40,1376,detection,
1377105,17,31,-512,1280,-1792,0,100,100,98,0,52,0,58,40,1377,detection,
1377114,11,31,-512,1280,-1792,0,100,100,95,0,55,0,58,40,1377,detection,
1380659,15,23,-512,742,-1254,0,100,100,37,0,29,0,74,55,1380,detection,
1380679,20,23,-512,742,-1254,0,100,100,30,0,49,0,59,40,1380,detection,
1386600,17,31,-512,-1,-511,100,94,100,100,0,56,0,56,40,1386,detection,
1386613,11,31,-512,-1,-511,100,91,100,100,0,59,0,56,40,1386,detection,
1386656,15,23,-512,742,-1254,0,100,100,0,0,29,0,74,55,1386,detection,
1386703,4,23,-512,742,-1254,0,100,100,39,0,43,0,66,55,1386,detection,
1386724,6,23,-512,742,-1254,0,100,100,79,10,38,0,69,55,1386,detection,
1386729,19,23,-512,742,-1254,0,100,100,34,10,37,0,69,55,1386,detection,
1386976,1,24,-512,512,-1024,0,100,100,73,0,41,0,68,55,1386,detection,
1386998,2,24,-512,512,-1024,0,100,100,0,0,46,0,63,40,1386,detection,
1389598,17,31,-512,768,-1280,0,100,100,91,0,60,0,58,40,1389,detection,
1389614,11,31,-512,768,-1280,0,100,100,92,0,58,0,58,40,1389,detection,
1390532,15,23,-512,742,-1254,0,100,100,0,0,29,0,74,55,1390,detection,
1390561,20,23,-512,742,-1254,0,100,100,0,0,47,0,62,40,1390,detection,
1390575,4,23,-512,742,-1254,0,100,100,0,0,42,0,66,55,1390,detection,
1391371,2,24,-512,512,-1024,0,100,100,0,0,42,0,66,55,1391,detection,
1393719,1,24,-512,512,-1024,0,100,100,0,0,41,0,68,55,1393,detection,
1393729,17,24,-512,512,-1024,0,100,100,0,0,33,0,71,55,1393,detection,
1393746,2,24,-512,512,-1024,0,100,100,0,0,42,0,66,55,1393,detection,
1394305,20,23,-512,742,-1254,0,100,100,0,0,46,0,63,40,1394,detection,
1399001,1,24,-512,-1,-511,100,100,100,70,0,45,0,62,40,1399,detection,
1399030,15,23,-512,742,-1254,0,100,100,0,0,29,0,74,55,1399,detection,
1399059,20,23,-512,742,-1254,0,100,100,0,0,45,0,63,40,1399,detection,
1399077,4,23,-512,742,-1254,0,100,100,0,0,38,0,69,55,1399,detection,
1402699,4,23,-512,742,-1254,0,100,100,0,0,38,0,69,55,1402,detection,
1402742,11,23,-512,742,-1254,0,100,100,3,0,37,0,69,55,1402,detection,
1402783,15,23,-512,742,-1254,0,100,100,0,0,28,0,75,55,1402,detection,
1406586,1,2,512,512,0,0,0,0,0,0,29,0,0,0,1406,detection,
1406638,12,2,512,512,0,0,0,0,0,0,48,0,0,0,1406,detection,
1407605,17,31,-512,768,-1280,0,100,100,0,0,56,0,58,40,1407,detection,
1407609,11,31,-512,768,-1280,0,100,100,0,0,58,0,58,40,1407,detection,
1408782,15,23,-512,742,-1254,0,100,100,0,0,28,0,75,55,1408,detection,
1408807,20,23,-512,742,-1254,0,100,100,0,0,44,0,64,40,1408,detection,
1408825,4,23,-512,742,-1254,0,100,100,0,0,37,0,69,55,1408,detection,
1409735,1,24,-512,-1,-511,100,100,100,0,0,45,0,62,40,1409,detection,
1409749,2,24,-512,-1,-511,100,100,100,69,0,46,0,62,40,1409,detection,
1409848,17,24,-512,-1,-511,100,100,100,76,0,37,0,74,55,1409,detection,
1409852,19,24,-512,-1,-511,100,94,100,63,0,56,0,56,40,1409,detection,
1411305,20,23,-512,742,-1254,0,100,100,0,0,40,0,69,55,1411,detection,
1414098,17,31,-512,512,-1024,0,100,100,31,0,56,0,58,40,1414,detection,
1414114,11,31,-512,512,-1024,0,100,100,32,0,54,0,58,40,1414,detection,
1417077,4,23,-512,742,-1254,0,100,100,0,0,37,0,69,55,1417,detection,
1418472,17,31,-512,512,-1024,0,100,100,0,0,56,0,58,40,1418,detection,
1418489,11,31,-512,512,-1024,0,100,100,0,0,55,0,58,40,1418,detection,
1418579,4,31,-512,512,-1024,0,100,100,0,0,55,0,58,40,1418,detection,
1421827,4,31,-512,742,-1254,0,100,100,28,0,54,0,58,40,1421,detection,
1421852,17,31,-512,742,-1254,0,100,100,28,0,56,0,58,40,1421,detection,
1421865,11,31,-512,742,-1254,0,100,100,28,0,55,0,58,40,1421,detection,
1423950,4,23,-512,742,-1254,0,100,100,0,0,37,0,69,55,1423,detection,
1423993,11,23,-512,742,-1254,0,100,100,0,0,33,0,71,55,1423,detection,
1430954,4,31,-512,949,-1461,0,100,100,25,0,55,0,58,40,1430,detection,
1430980,17,31,-512,949,-1461,0,100,100,25,0,57,0,58,40,1430,detection,
1430988,11,31,-512,949,-1461,0,100,100,25,0,56,0,58,40,1430,detection,
1434616,11,23,-512,742,-1254,0,100,100,0,0,33,0,71,55,1434,detection,
1436701,4,31,-512,949,-1461,0,100,100,0,0,55,0,58,40,1436,detection,
1436726,17,31,-512,949,-1461,0,100,100,0,0,57,0,58,40,1436,detection,
1436735,11,31,-512,949,-1461,0,100,100,0,0,56,0,58,40,1436,detection,
1438102,19,23,-512,742,-1254,0,100,100,0,0,37,0,69,55,1438,detection,
1438112,11,23,-512,742,-1254,0,100,100,0,0,33,0,71,55,1438,detection,
1438183,20,23,-512,742,-1254,0,100,100,0,0,40,0,69,55,1438,detection,
1438205,4,23,-512,742,-1254,0,100,100,0,0,37,0,69,55,1438,detection,
1440577,4,31,-512,949,-1461,0,100,100,0,0,54,0,58,40,1440,detection,
1440616,11,31,-512,949,-1461,0,100,100,0,0,56,0,58,40,1440,detection,
1442481,19,23,-512,742,-1254,0,100,100,0,0,37,0,69,55,1442,detection,
1442490,11,23,-512,742,-1254,0,100,100,0,0,33,0,71,55,1442,detection,
1442553,20,23,-512,742,-1254,0,100,100,0,0,39,0,69,55,1442,detection,
1442576,4,23,-512,742,-1254,0,100,100,0,0,37,0,69,55,1442,detection,
1443688,1,2,-1,-1,0,0,0,0,0,0,36,0,0,0,1443,detection,
1445324,4,31,-512,949,-1461,0,100,100,0,0,50,0,58,40,1445,detection,
1445366,11,31,-512,949,-1461,0,100,100,0,0,55,0,58,40,1445,detection,
1448308,20,23,-512,742,-1254,0,100,100,0,0,38,0,69,55,1448,detection,
1448330,4,23,-512,742,-1254,0,100,100,0,0,37,0,69,55,1448,detection,
1448356,19,23,-512,742,-1254,0,100,100,0,0,36,0,69,55,1448,detection,
1448365,11,23,-512,742,-1254,0,100,100,0,0,33,0,71,55,1448,detection,
1449955,4,31,-512,949,-1461,0,100,100,0,0,49,0,59,40,1449,detection,
1449977,17,31,-512,949,-1461,0,100,100,0,0,57,0,58,40,1449,detection,
1452679,20,23,-512,742,-1254,0,100,100,0,0,38,0,69,55,1452,detection,
1452730,19,23,-512,742,-1254,0,100,100,0,0,36,0,69,55,1452,detection,
1453390,1,2,-1,-1,0,0,0,0,0,0,41,0,0,0,1453,detection,
1453404,22,2,-1,-1,0,0,0,0,0,0,70,0,0,0,1453,detection,
1453514,12,2,-1,-1,0,0,0,0,0,0,58,0,0,0,1453,detection,
1456352,17,31,-512,949,-1461,0,100,100,0,0,56,0,58,40,1456,detection,
1456365,11,31,-512,949,-1461,0,100,100,0,0,55,0,58,40,1456,detection,
1456661,15,23,-512,742,-1254,0,100,100,0,0,27,0,75,55,1456,detection,
1456700,4,23,-512,742,-1254,0,100,100,0,0,33,0,71,55,1456,detection,
1456729,19,23,-512,742,-1254,0,100,100,0,0,31,0,72,55,1456,detection,
1459351,17,31,-512,949,-1461,0,100,100,0,0,52,0,58,40,1459,detection,
1459359,11,31,-512,949,-1461,0,100,100,0,0,51,0,58,40,1459,detection,
1460565,1,2,512,512,0,0,0,0,0,0,46,0,0,0,1460,detection,
1460578,4,2,512,512,0,0,0,0,0,0,47,0,0,0,1460,detection,
1460582,16,2,512,512,0,0,0,0,0,0,53,0,0,0,1460,detection,
1460635,12,2,512,512,0,0,0,0,0,0,64,0,0,0,1460,detection,
1461250,2,23,-512,742,-1254,0,100,100,33,10,40,0,69,55,1461,detection,
1461284,15,23,-512,742,-1254,0,100,100,0,0,27,0,75,55,1461,detection,
1461330,4,23,-512,742,-1254,0,100,100,0,0,32,0,71,55,1461,detection,
1461701,4,30,-512,-1,-511,100,94,100,0,0,56,0,56,40,1461,detection,
1461751,9,30,-512,-1,-511,100,95,100,0,0,55,0,56,40,1461,detection,
1463294,5,12,768,768,0,0,0,0,0,0,45,0,0,0,1463,detection,
1464352,17,31,-512,949,-1461,0,100,100,0,0,52,0,58,40,1464,detection,
1464365,11,31,-512,949,-1461,0,100,100,0,0,50,0,58,40,1464,detection,
1467477,17,26,-512,768,-1280,0,100,100,100,10,41,0,68,55,1467,detection,
1468032,15,23,-512,742,-1254,0,100,100,0,0,26,0,75,55,1468,detection,
1468075,4,23,-512,742,-1254,0,100,100,0,0,32,0,71,55,1468,detection,
1468104,19,23,-512,742,-1254,0,100,100,0,0,31,0,72,55,1468,detection,
1468118,2,23,-512,742,-1254,0,100,100,0,10,38,0,69,55,1468,detection,
1469420,5,12,512,512,0,0,0,0,0,0,48,0,0,0,1469,detection,
1470562,8,29,-512,1024,-1536,0,100,100,30,0,60,0,58,40,1470,detection,
1470584,3,29,-512,1024,-1536,0,100,100,100,9,43,0,66,55,1470,detection,
1472102,17,31,-512,949,-1461,0,100,100,0,0,51,0,58,40,1472,detection,
1472115,11,31,-512,949,-1461,0,100,100,0,0,50,0,58,40,1472,detection,
1472731,19,23,-512,742,-1254,0,100,100,0,0,30,0,73,55,1472,detection,
1472745,2,23,-512,742,-1254,0,100,100,0,10,37,0,69,55,1472,detection,
1472787,15,23,-512,742,-1254,0,100,100,0,0,26,0,75,55,1472,detection,
1480325,4,23,-512,742,-1254,0,100,100,0,0,32,0,71,55,1480,detection,
1480368,2,23,-512,742,-1254,0,100,100,0,10,36,0,69,55,1480,detection,
1481795,5,12,512,512,0,0,0,0,0,0,45,0,0,0,1481,detection,
1485077,4,23,-512,742,-1254,0,100,100,0,0,32,0,71,55,1485,detection,
1485120,2,23,-512,742,-1254,0,100,100,0,10,34,0,71,55,1485,detection,
1487846,17,8,1024,1024,0,0,0,70,30,0,58,0,64,40,1487,detection,
1487859,21,8,1024,1024,0,0,0,0,0,0,52,0,0,0,1487,detection,
1491607,1,23,-512,742,-1254,0,100,100,4,0,34,0,71,75,1491,detection,
1491620,2,23,-512,742,-1254,0,100,100,0,10,34,0,71,55,1491,detection,
1494355,19,5,512,512,0,0,0,0,0,0,47,0,0,0,1494,detection,
1495434,13,29,-512,1024,-1536,0,100,100,5,0,59,0,58,40,1495,detection,
1495438,8,29,-512,1024,-1536,0,100,100,0,0,58,0,58,40,1495,detection,
1495734,11,14,-1,-1,0,0,0,70,0,0,50,0,61,40,1495,detection,
1498605,1,23,-512,742,-1254,0,100,100,0,0,34,0,71,75,1498,detection,
1500230,21,8,-1,-1,0,0,0,0,0,0,55,0,0,0,1500,detection,
1501724,6,19,-1,-1,0,0,0,0,0,0,67,0,0,0,1501,detection,
1501736,11,19,-1,-1,0,0,0,0,0,0,59,0,0,0,1501,detection,
1502604,19,5,512,512,0,0,0,0,0,0,47,0,0,0,1502,detection,
1503689,1,23,-512,719,-1231,0,100,100,3,0,33,0,71,75,1503,detection,
1503699,4,23,-512,719,-1231,0,100,100,3,0,32,0,71,55,1503,detection,
1503856,21,4,-1,-1,0,0,0,0,0,0,44,0,0,0,1503,detection,
1505221,6,19,1024,1024,0,0,0,0,0,0,69,0,0,0,1505,detection,
1505234,11,19,1024,1024,0,0,0,0,0,0,62,0,0,0,1505,detection,
1505888,12,16,1024,1024,0,0,0,0,0,0,38,0,0,0,1505,detection,
1506179,13,29,-512,1280,-1792,0,100,100,30,0,58,0,58,40,1506,detection,
1506187,20,29,-512,1280,-1792,0,100,100,100,0,53,0,58,40,1506,detection,
1506188,8,29,-512,1280,-1792,0,100,100,30,0,59,0,58,40,1506,detection,
1510121,9,24,-512,1536,-2048,0,100,100,100,0,56,0,58,40,1510,detection,
1511806,1,23,-512,698,-1210,0,100,100,3,0,33,0,71,75,1511,detection,
1511824,4,23,-512,698,-1210,0,100,100,3,0,32,0,71,55,1511,detection,
1511934,20,23,-512,698,-1210,0,100,100,6,0,38,0,69,55,1511,detection,
1512203,4,7,512,512,0,0,0,0,0,0,47,0,0,0,1512,detection,
1512846,6,19,1024,1024,0,0,0,0,0,0,68,0,0,0,1512,detection,
1512862,11,19,1024,1024,0,0,0,0,0,0,57,0,0,0,1512,detection,
1514097,6,3,1536,1536,0,0,0,0,0,0,46,0,0,0,1514,detection,
1514148,22,3,1536,1536,0,0,0,0,0,0,41,0,0,0,1514,detection,
1516621,2,29,-512,1492,-2004,0,100,100,90,8,54,0,58,40,1516,detection,
1516689,8,29,-512,1492,-2004,0,100,100,24,0,61,0,56,40,1516,detection,
1517950,4,7,-1,-256,255,0,50,76,33,0,48,0,68,55,1517,detection,
1518032,15,5,534,534,0,0,0,0,0,0,44,0,0,0,1518,detection,
1519088,1,23,-512,679,-1191,0,100,100,2,0,33,0,71,75,1519,detection,
1520975,6,24,-512,1536,-2048,0,100,100,100,0,37,0,69,55,1520,detection,
1520996,9,24,-512,1536,-2048,0,100,100,0,0,59,0,58,40,1520,detection,
1522698,4,7,768,768,0,0,0,70,32,0,51,0,64,40,1522,detection,
1524094,6,3,-1,-1,0,0,0,0,0,0,50,0,0,0,1524,detection,
1526880,1,23,-512,633,-1145,0,100,100,7,0,33,0,71,75,1526,detection,
1526928,5,23,-512,633,-1145,0,100,100,93,10,40,0,69,55,1526,detection,
1526953,4,23,-512,633,-1145,0,100,100,10,0,32,0,71,55,1526,detection,
1527279,15,5,531,531,0,0,0,0,0,0,44,0,0,0,1527,detection,
1528495,9,22,1536,1536,0,0,0,0,0,0,38,0,0,0,1528,detection,
1529972,17,21,-1,-1,0,0,0,0,0,0,37,0,0,0,1529,detection,
1531549,5,12,768,768,0,0,0,0,0,0,45,0,0,0,1531,detection,
1532865,1,20,-1,-1,0,0,0,0,0,0,34,0,0,0,1532,detection,
1532934,8,20,-1,-1,0,0,0,0,0,0,36,0,0,0,1532,detection,
1532951,7,20,-1,-1,0,0,0,0,0,0,49,0,0,0,1532,detection,
1533406,15,5,-1,-1,0,0,0,0,0,0,47,0,0,0,1533,detection,
1533874,1,23,-512,1280,-1792,0,100,100,100,0,33,0,71,75,1533,detection,
1533932,13,30,-512,1043,-1555,0,100,100,100,10,39,0,69,55,1533,detection,
1533986,21,30,-512,1043,-1555,0,100,100,27,0,51,0,58,40,1533,detection,
1533989,14,30,-512,1043,-1555,0,100,100,100,0,62,0,54,40,1533,detection,
1533993,2,30,-512,1043,-1555,0,100,100,100,0,57,0,58,40,1533,detection,
1534700,4,29,-512,512,-1024,0,100,100,34,0,47,0,62,40,1534,detection,
1534708,7,29,-512,512,-1024,0,100,100,100,9,49,0,59,40,1534,detection,
1534812,8,29,-512,512,-1024,0,100,100,100,0,62,0,54,40,1534,detection,
1535451,4,29,-512,512,-1024,0,100,100,0,0,48,0,60,40,1535,detection,
1535464,7,29,-512,512,-1024,0,100,100,0,9,46,0,63,40,1535,detection,
1535745,9,22,-1,-1,0,0,0,0,0,0,42,0,0,0,1535,detection,
1535830,16,22,-1,-1,0,0,0,70,0,0,46,0,68,55,1535,detection,
1535852,19,22,-1,-1,0,0,0,70,33,0,50,0,64,40,1535,detection,
1535866,11,22,-1,-1,0,0,0,70,31,0,55,0,64,40,1535,detection,
1536056,8,4,768,768,0,0,0,0,0,0,56,0,0,0,1536,detection,
1536489,11,31,-512,-1,-511,100,96,100,100,0,53,0,56,40,1536,detection,
1537598,19,11,1280,1280,0,0,0,0,0,0,56,0,0,0,1537,detection,
1538758,1,23,-512,1024,-1536,0,100,100,39,0,34,0,71,75,1538,detection,
1538805,20,23,-512,1024,-1536,0,100,100,45,0,43,0,66,55,1538,detection,
1538828,4,23,-512,1024,-1536,0,100,100,61,0,33,0,71,55,1538,detection,
1539233,14,2,1043,1043,0,0,0,0,0,0,45,0,0,0,1539,detection,
1539305,10,2,1043,1043,0,0,0,0,0,0,41,0,0,0,1539,detection,
1541925,20,4,512,512,0,0,0,0,0,0,55,0,0,0,1541,detection,
1541934,8,4,512,512,0,0,0,0,0,0,57,0,0,0,1541,detection,
1545975,6,31,-512,1024,-1536,0,100,100,31,8,55,0,58,40,1545,detection,
1548861,1,23,-512,512,-1024,0,100,100,75,0,38,0,69,75,1548,detection,
1548930,20,23,-512,512,-1024,0,100,100,68,0,47,0,62,40,1548,detection,
1549268,12,4,512,512,0,0,0,0,0,0,43,0,0,0,1549,detection,
1552238,11,31,-512,1024,-1536,0,100,100,100,0,59,0,58,40,1552,detection,
1552813,8,29,-512,1024,-1536,0,100,100,58,0,64,0,48,40,1552,detection,
1552830,7,29,-512,1024,-1536,0,100,100,68,9,48,0,60,40,1552,detection,
1553123,9,2,1280,1280,0,0,0,0,0,0,52,0,0,0,1553,detection,
1553175,13,2,1280,1280,0,0,0,0,0,0,52,0,0,0,1553,detection,
1553205,3,2,1280,1280,0,0,0,0,0,0,57,0,0,0,1553,detection,
1553235,14,2,1280,1280,0,0,0,0,0,0,49,0,0,0,1553,detection,
1556187,8,29,-512,768,-1280,0,100,100,28,0,66,0,48,40,1556,detection,
1556200,4,29,-512,768,-1280,0,100,100,33,0,51,0,58,40,1556,detection,
1556204,7,29,-512,768,-1280,0,100,100,33,0,49,0,59,40,1556,detection,
1558732,1,23,-512,-1,-511,100,100,100,72,0,42,0,67,75,1558,detection,
1558743,11,23,-512,-1,-511,100,100,100,100,0,36,0,76,55,1558,detection,
1560883,1,20,768,768,0,0,0,0,0,0,37,0,0,0,1560,detection,
1560934,8,20,768,768,0,0,0,0,0,0,38,0,0,0,1560,detection,
1560952,7,20,768,768,0,0,0,0,0,0,48,0,0,0,1560,detection,
1561706,7,29,-512,813,-1325,0,100,100,5,0,49,0,59,40,1561,detection,
1562765,12,4,548,548,0,0,0,0,0,0,43,0,0,0,1562,detection,
1562778,22,4,548,548,0,0,0,0,0,0,37,0,0,0,1562,detection,
1562804,20,4,548,548,0,0,0,0,0,0,55,0,0,0,1562,detection,
1562834,3,4,548,548,0,0,0,0,0,0,50,0,0,0,1562,detection,
1567806,10,4,-1,-256,255,0,50,76,33,0,48,0,68,55,1567,detection,
1571927,20,4,768,768,0,0,0,0,0,0,51,0,0,0,1571,detection,
1571928,10,4,768,768,0,0,0,70,33,0,48,0,64,40,1571,detection,
1572703,4,23,-512,768,-1280,0,100,100,38,0,37,0,69,55,1572,detection,
1572741,11,23,-512,768,-1280,0,100,100,100,0,40,0,69,55,1572,detection,
1573123,9,24,-512,1280,-1792,0,100,100,31,0,55,0,58,40,1573,detection,
1573228,19,24,-512,1280,-1792,0,100,100,100,0,58,0,58,40,1573,detection,
1574080,7,29,-512,768,-1280,0,100,100,5,0,52,0,58,40,1574,detection,
1578707,16,4,-1,-256,255,0,54,82,36,0,42,0,71,55,1578,detection,
1578766,12,4,-1,-256,255,0,53,80,35,0,44,0,69,55,1578,detection,
1578776,22,4,-1,-256,255,0,53,81,35,0,43,0,70,55,1578,detection,
1578806,20,4,-1,-256,255,0,47,71,31,0,55,0,69,55,1578,detection,
1578806,10,4,-1,-256,255,0,48,100,32,0,53,0,60,40,1578,detection,
1579078,7,29,-512,512,-1024,0,100,100,32,0,52,0,58,40,1579,detection,
1579577,1,20,512,512,0,0,0,0,0,0,39,0,0,0,1579,detection,
1579585,3,20,512,512,0,0,0,0,0,0,25,0,0,0,1579,detection,
1579701,7,20,512,512,0,0,0,0,0,0,49,0,0,0,1579,detection,
1582451,4,23,-512,1280,-1792,0,100,100,73,0,41,0,68,55,1582,detection,
1584329,7,20,512,512,0,0,0,0,0,0,49,0,0,0,1584,detection,
1584330,3,20,512,512,0,0,0,0,0,0,25,0,0,0,1584,detection,
1584399,1,20,512,512,0,0,0,0,0,0,40,0,0,0,1584,detection,
1584846,1,3,1024,1024,0,0,0,0,0,0,43,0,0,0,1584,detection,
1589834,7,29,-512,512,-1024,0,100,100,0,0,53,0,58,40,1589,detection,
1592828,7,3,1024,1024,0,0,0,0,0,0,47,0,0,0,1592,detection,
1592930,20,3,1024,1024,0,0,0,0,0,0,36,0,0,0,1592,detection,
1596637,12,22,512,512,0,0,0,0,0,0,40,0,0,0,1596,detection,
1596654,15,22,512,512,0,0,0,0,0,0,43,0,0,0,1596,detection,
1596672,5,22,512,512,0,0,0,0,0,0,36,0,0,0,1596,detection,
1596702,16,22,512,512,0,0,0,70,0,0,51,0,61,40,1596,detection,
1601279,15,22,512,512,0,0,0,0,0,0,40,0,0,0,1601,detection,
1601297,5,22,512,512,0,0,0,0,0,0,36,0,0,0,1601,detection,
1601326,16,22,512,512,0,0,0,70,0,0,51,0,61,40,1601,detection,
1601364,11,22,512,512,0,0,0,70,0,0,59,0,61,40,1601,detection,
1601386,12,22,512,512,0,0,0,0,0,0,37,0,0,0,1601,detection,
1601936,8,29,-512,512,-1024,0,100,100,28,0,67,0,48,40,1601,detection,
1607861,11,22,512,512,0,0,0,70,0,0,59,0,61,40,1607,detection,
1607893,12,22,512,512,0,0,0,0,0,0,37,0,0,0,1607,detection,
1607920,5,22,512,512,0,0,0,0,0,0,36,0,0,0,1607,detection,
1609208,3,7,768,768,0,0,0,0,0,0,49,0,0,0,1609,detection,
1609472,6,24,-512,-1,-511,100,100,100,100,0,41,0,69,55,1609,detection,
1609473,17,24,-512,-1,-511,100,100,100,0,0,40,0,71,55,1609,detection,
1609478,19,24,-512,-1,-511,100,89,100,100,0,61,0,55,40,1609,detection,
1613457,3,7,512,512,0,0,0,0,0,0,50,0,0,0,1613,detection,
1613796,5,22,512,512,0,0,0,0,0,0,31,0,0,0,1613,detection,
1613959,7,29,-512,512,-1024,0,100,100,0,0,53,0,58,40,1613,detection,
1619728,17,24,-512,768,-1280,0,100,100,100,0,41,0,68,55,1619,detection,
1619733,19,24,-512,768,-1280,0,100,100,89,0,62,0,54,40,1619,detection,
1619745,9,24,-512,768,-1280,0,100,100,61,0,59,0,58,40,1619,detection,
1620582,3,7,512,512,0,0,0,0,0,0,52,0,0,0,1620,detection,
1620740,11,22,512,512,0,0,0,70,0,0,59,0,61,40,1620,detection,
1620766,12,22,512,512,0,0,0,0,0,0,37,0,0,0,1620,detection,
1620805,13,22,512,512,0,0,0,70,0,0,51,0,61,40,1620,detection,
1620830,16,22,512,512,0,0,0,70,0,0,52,0,61,40,1620,detection,
1621201,4,29,-512,512,-1024,0,100,100,31,0,55,0,58,40,1621,detection,
1621205,7,29,-512,512,-1024,0,100,100,0,0,49,0,59,40,1621,detection,
1621209,16,29,-512,512,-1024,0,100,100,64,0,54,0,58,40,1621,detection,
1626324,4,29,-512,512,-1024,0,100,100,0,0,55,0,58,40,1626,detection,
1626435,10,29,-512,512,-1024,0,100,100,73,10,41,0,68,55,1626,detection,
1627135,12,22,512,512,0,0,0,0,0,0,37,0,0,0,1627,detection,
1627169,5,22,512,512,0,0,0,0,0,0,31,0,0,0,1627,detection,
1627178,13,22,512,512,0,0,0,70,0,0,52,0,61,40,1627,detection,
1627204,16,22,512,512,0,0,0,70,0,0,52,0,61,40,1627,detection,
1631928,20,3,1024,1024,0,0,0,0,0,0,36,0,0,0,1631,detection,
1632204,16,22,512,512,0,0,0,70,0,0,48,0,65,55,1632,detection,
1633495,9,16,-1,-1,0,0,0,0,0,0,38,0,0,0,1633,detection,
1633512,12,16,-1,-1,0,0,0,0,0,0,41,0,0,0,1633,detection,
1633524,22,16,-1,-1,0,0,0,0,0,0,50,0,0,0,1633,detection,
1633553,13,16,-1,-1,0,0,0,0,0,0,44,0,0,0,1633,detection,
1633735,21,17,1024,1024,0,0,0,0,0,0,41,0,0,0,1633,detection,
1634574,4,13,-1,-1,0,0,0,0,0,0,54,0,0,0,1634,detection,
1634611,14,13,-1,-1,0,0,0,0,0,0,90,0,0,0,1634,detection,
1634655,15,13,-1,-1,0,0,0,0,0,0,73,0,0,0,1634,detection,
1634679,10,13,-1,-1,0,0,0,0,0,0,52,0,0,0,1634,detection,
1635033,15,5,512,512,0,0,0,0,0,0,51,0,0,0,1635,detection,
1638613,11,22,-1,-1,0,0,0,70,0,0,55,0,61,40,1638,detection,
1638621,9,22,-1,-1,0,0,0,0,0,0,41,0,0,0,1638,detection,
1638681,13,22,-1,-1,0,0,0,70,0,0,55,0,61,40,1638,detection,
1644305,10,29,-512,1024,-1536,0,100,100,70,9,45,0,63,40,1644,detection,
1645655,15,5,512,512,0,0,0,0,0,0,48,0,0,0,1645,detection,
1649356,21,4,-1,-1,0,0,0,0,0,0,47,0,0,0,1649,detection,
1649373,9,4,-1,-1,0,0,0,0,0,0,53,0,0,0,1649,detection,
1649391,12,4,-1,-1,0,0,0,70,34,0,47,0,64,40,1649,detection,
1652450,4,29,-512,768,-1280,0,100,100,30,0,59,0,58,40,1652,detection,
1652501,9,29,-512,768,-1280,0,100,100,0,9,49,0,59,40,1652,detection,
1652931,10,4,-1,-1,0,0,0,100,31,0,57,0,60,40,1652,detection,
1652973,6,4,-1,-1,0,0,0,0,0,0,52,0,0,0,1652,detection,
1652986,14,4,-1,-1,0,0,0,0,0,0,56,0,0,0,1652,detection,
1653013,12,4,-1,-1,0,0,0,70,0,0,46,0,68,55,1653,detection,
1657658,15,5,512,512,0,0,0,0,0,0,48,0,0,0,1657,detection,
1658997,9,29,-512,768,-1280,0,100,100,0,9,47,0,62,40,1658,detection,
1659057,13,29,-512,768,-1280,0,100,100,61,0,59,0,58,40,1659,detection,
1659061,10,29,-512,768,-1280,0,100,100,35,9,45,0,63,40,1659,detection,
1659074,4,29,-512,768,-1280,0,100,100,0,0,55,0,58,40,1659,detection,
1659613,14,23,-512,1024,-1536,0,100,100,71,0,44,0,64,40,1659,detection,
1659624,2,23,-512,1024,-1536,0,100,100,42,0,37,0,69,55,1659,detection,
1659659,15,23,-512,1024,-1536,0,100,100,48,0,26,0,75,55,1659,detection,
1660103,6,31,-512,3072,-3584,0,100,100,100,0,100,0,48,40,1660,detection,
1660103,17,31,-512,3072,-3584,0,100,100,100,0,82,0,48,40,1660,detection,
1660211,4,31,-512,3072,-3584,0,100,100,100,0,83,0,48,40,1660,detection,
1661002,1,6,1024,1024,0,0,0,0,0,0,34,0,0,0,1661,detection,
1662255,1,13,-1,-1,0,0,0,0,0,0,33,0,0,0,1662,detection,
1662264,12,13,-1,-1,0,0,0,0,0,0,51,0,0,0,1662,detection,
1662278,15,13,-1,-1,0,0,0,0,0,0,68,0,0,0,1662,detection,
1662306,10,13,-1,-1,0,0,0,0,0,0,56,0,0,0,1662,detection,
1662308,8,13,-1,-1,0,0,0,0,0,0,55,0,0,0,1662,detection,
1662361,14,13,-1,-1,0,0,0,0,0,0,90,0,0,0,1662,detection,
1662367,2,13,-1,-1,0,0,0,0,0,0,56,0,0,0,1662,detection,
1664933,1,13,-1,-1,0,0,0,0,0,0,36,0,0,0,1664,detection,
1664984,14,13,-1,-1,0,0,0,0,0,0,91,0,0,0,1664,detection,
1664993,2,13,-1,-1,0,0,0,0,0,0,59,0,0,0,1664,detection,
1665010,12,13,-1,-1,0,0,0,0,0,0,54,0,0,0,1665,detection,
1665031,15,13,-1,-1,0,0,0,0,0,0,70,0,0,0,1665,detection,
1665052,10,13,-1,-1,0,0,0,0,0,0,55,0,0,0,1665,detection,
1665057,8,13,-1,-1,0,0,0,0,0,0,57,0,0,0,1665,detection,
1665856,14,12,-1,-1,0,0,0,0,0,0,46,0,0,0,1665,detection,
1665924,5,12,-1,-1,0,0,0,0,0,0,51,0,0,0,1665,detection,
1665924,13,12,-1,-1,0,0,0,0,0,0,47,0,0,0,1665,detection,
1665929,10,12,-1,-1,0,0,0,0,0,0,59,0,0,0,1665,detection,
1666216,1,6,-1,-1,0,0,0,0,0,0,37,0,0,0,1666,detection,
1667175,5,23,-512,1024,-1536,0,100,100,54,9,43,0,66,55,1667,detection,
1667200,4,23,-512,1024,-1536,0,100,100,35,0,44,0,64,40,1667,detection,
1684678,1,23,-512,768,-1280,0,100,100,100,0,42,0,66,75,1684,detection,
1684738,14,23,-512,768,-1280,0,100,100,34,0,47,0,62,40,1684,detection,
1684743,2,23,-512,768,-1280,0,100,100,38,0,36,0,69,55,1684,detection,
1684799,5,23,-512,768,-1280,0,100,100,34,9,46,0,63,40,1684,detection,
1686783,15,11,768,768,0,0,0,0,0,0,55,0,0,0,1686,detection,
1689861,14,13,-1,-1,0,0,0,0,0,0,88,0,0,0,1689,detection,
1689870,2,13,-1,-1,0,0,0,0,0,0,59,0,0,0,1689,detection,
1689896,1,13,-1,-1,0,0,0,0,0,0,36,0,0,0,1689,detection,
1689908,15,13,-1,-1,0,0,0,0,0,0,69,0,0,0,1689,detection,
1689935,8,13,-1,-1,0,0,0,0,0,0,60,0,0,0,1689,detection,
1690352,17,8,768,768,0,0,0,70,0,0,58,0,61,40,1690,detection,
1690425,13,8,768,768,0,0,0,0,0,0,57,0,0,0,1690,detection,
1692318,1,6,768,768,0,0,0,0,0,0,40,0,0,0,1692,detection,
1692845,6,23,-512,1280,-1792,0,100,100,79,10,38,0,69,55,1692,detection,
1692871,2,23,-512,1280,-1792,0,100,100,74,0,39,0,69,55,1692,detection,
1692914,1,23,-512,1280,-1792,0,100,100,72,0,42,0,66,75,1692,detection,
1694485,11,15,-1,-1,0,0,0,0,0,0,48,0,0,0,1694,detection,
1696358,21,4,768,768,0,0,0,0,0,0,47,0,0,0,1696,detection,
1696372,9,4,768,768,0,0,0,0,0,0,57,0,0,0,1696,detection,
1696429,10,4,768,768,0,0,0,100,0,0,56,0,60,40,1696,detection,
1696432,8,4,768,768,0,0,0,0,0,0,57,0,0,0,1696,detection,
1697476,17,8,3328,3328,0,0,0,70,0,0,89,0,48,40,1697,detection,
1698265,12,14,1280,1280,0,0,0,70,0,0,41,0,74,55,1698,detection,
1702855,21,4,512,512,0,0,0,0,0,0,49,0,0,0,1702,detection,
1702868,9,4,512,512,0,0,0,0,0,0,58,0,0,0,1702,detection,
1702929,10,4,512,512,0,0,0,100,0,0,58,0,60,40,1702,detection,
1702936,8,4,512,512,0,0,0,0,0,0,58,0,0,0,1702,detection,
1703096,1,13,768,768,0,0,0,0,0,0,39,0,0,0,1703,detection,
1703109,14,13,768,768,0,0,0,0,0,0,84,0,0,0,1703,detection,
1703139,12,13,768,768,0,0,0,0,0,0,58,0,0,0,1703,detection,
1703185,8,13,768,768,0,0,0,0,0,0,59,0,0,0,1703,detection,
1705351,19,11,972,972,0,0,0,0,0,0,60,0,0,0,1705,detection,
1706615,11,19,1024,1024,0,0,0,0,0,0,60,0,0,0,1706,detection,
1706654,15,19,1024,1024,0,0,0,0,0,0,92,0,0,0,1706,detection,
1708927,10,4,512,512,0,0,0,91,0,0,58,0,60,40,1708,detection,
1708982,21,4,512,512,0,0,0,0,0,0,50,0,0,0,1708,detection,
1709475,17,8,1024,1024,0,0,0,70,0,0,93,0,48,40,1709,detection,
1709484,21,8,1024,1024,0,0,0,0,0,0,60,0,0,0,1709,detection,
1709553,13,8,1024,1024,0,0,0,0,0,0,58,0,0,0,1709,detection,
1709557,10,8,1024,1024,0,0,0,0,0,0,54,0,0,0,1709,detection,
1718984,11,19,768,768,0,0,0,0,0,0,59,0,0,0,1718,detection,
1719029,15,19,768,768,0,0,0,0,0,0,91,0,0,0,1719,detection,
1719475,17,9,512,512,0,0,0,0,0,0,89,0,0,0,1719,detection,
1720103,17,8,512,512,0,0,0,70,0,0,93,0,48,40,1720,detection,
1720108,21,8,512,512,0,0,0,0,0,0,62,0,0,0,1720,detection,
1720176,13,8,512,512,0,0,0,0,0,0,59,0,0,0,1720,detection,
1721052,10,4,512,512,0,0,0,80,0,0,59,0,60,40,1721,detection,
1721060,8,4,512,512,0,0,0,0,0,0,55,0,0,0,1721,detection,
1721143,21,4,512,512,0,0,0,0,0,0,51,0,0,0,1721,detection,
1721154,22,4,512,512,0,0,0,70,34,0,47,0,64,40,1721,detection,
1725803,13,8,512,512,0,0,0,0,0,0,59,0,0,0,1725,detection,
1726699,1,23,-512,512,-1024,0,100,100,100,0,43,0,66,75,1726,detection,
1726741,14,23,-512,512,-1024,0,100,100,34,0,48,0,60,40,1726,detection,
1726781,15,23,-512,512,-1024,0,100,100,82,0,31,0,72,55,1726,detection,
1731405,15,19,1024,1024,0,0,0,0,0,0,91,0,0,0,1731,detection,
1732194,1,23,-512,512,-1024,0,100,100,0,0,44,0,64,40,1732,detection,
1734605,21,22,1280,1280,0,0,0,0,0,0,44,0,0,0,1734,detection,
1736113,21,31,-512,1280,-1792,0,100,100,66,8,51,0,58,40,1736,detection,
1736223,17,9,512,512,0,0,0,0,0,0,87,0,0,0,1736,detection,
1737331,4,23,-512,512,-1024,0,100,100,67,0,49,0,59,40,1737,detection,
1737357,19,23,-512,512,-1024,0,100,100,36,0,31,0,72,55,1737,detection,
1737412,15,23,-512,512,-1024,0,100,100,0,0,31,0,72,55,1737,detection,
1738731,21,22,1280,1280,0,0,0,0,0,0,44,0,0,0,1738,detection,
1738740,11,22,1280,1280,0,0,0,70,0,0,59,0,61,40,1738,detection,
1741232,21,31,-512,1536,-2048,0,100,100,32,0,54,0,58,40,1741,detection,
1752474,17,26,-512,512,-1024,0,100,100,35,0,45,0,63,40,1752,detection,
1753581,7,9,512,512,0,0,0,0,0,0,56,0,0,0,1753,detection,
1753582,3,9,512,512,0,0,0,0,0,0,95,0,0,0,1753,detection,
1753703,7,3,-1,-1,0,0,0,0,0,0,51,0,0,0,1753,detection,
1757479,17,26,-512,-1,-511,100,100,100,67,0,49,0,57,40,1757,detection,
1761852,17,8,719,719,0,0,0,70,0,0,91,0,48,40,1761,detection,
1761901,22,8,719,719,0,0,0,0,0,0,56,0,0,0,1761,detection,
1765452,7,9,512,512,0,0,0,0,0,0,57,0,0,0,1765,detection,
1765488,11,22,768,768,0,0,0,70,0,0,59,0,61,40,1765,detection,
1766772,22,8,698,698,0,0,0,0,0,0,56,0,0,0,1766,detection,
1766846,17,8,698,698,0,0,0,70,0,0,89,0,48,40,1766,detection,
1768975,19,11,512,512,0,0,0,0,0,0,61,0,0,0,1768,detection,
1769033,15,11,512,512,0,0,0,0,0,0,56,0,0,0,1769,detection,
1769851,17,26,-512,-1,-511,100,97,100,0,0,52,0,56,40,1769,detection,
1775654,15,11,512,512,0,0,0,0,0,0,56,0,0,0,1775,detection,
1777074,4,9,512,512,0,0,0,0,0,0,83,0,0,0,1777,detection,
1777077,3,9,512,512,0,0,0,0,0,0,98,0,0,0,1777,detection,
1777078,7,9,512,512,0,0,0,0,0,0,58,0,0,0,1777,detection,
1777100,17,9,512,512,0,0,0,0,0,0,88,0,0,0,1777,detection,
1780577,7,9,512,512,0,0,0,0,0,0,55,0,0,0,1780,detection,
1780581,3,9,512,512,0,0,0,0,0,0,100,0,0,0,1780,detection,
1786196,4,9,512,512,0,0,0,0,0,0,85,0,0,0,1786,detection,
1786204,16,9,512,512,0,0,0,0,0,0,43,0,0,0,1786,detection,
1786204,3,9,512,512,0,0,0,0,0,0,100,0,0,0,1786,detection,
1786832,7,3,1024,1024,0,0,0,0,0,0,55,50,68,55,1786,detection,
1790449,16,10,-1,-1,0,0,0,0,0,0,60,0,0,0,1790,detection,
1793076,16,9,-1,-1,0,0,0,0,0,0,42,0,0,0,1793,detection,
1793870,2,24,-512,-1,-511,100,100,100,0,0,49,0,57,40,1793,detection,
1793882,1,24,-512,-1,-511,100,100,100,0,0,44,0,64,40,1793,detection,
1796162,18,3,768,768,0,0,0,0,0,0,57,0,0,0,1796,detection,
1799705,16,30,-512,1280,-1792,0,100,100,89,0,58,0,58,40,1799,detection,
1799710,3,30,-512,1280,-1792,0,100,100,90,0,57,0,58,40,1799,detection,
1799738,11,30,-512,1280,-1792,0,100,100,100,0,64,0,48,40,1799,detection,
1799749,9,30,-512,1280,-1792,0,100,100,100,0,55,0,58,40,1799,detection,
1799766,12,30,-512,1280,-1792,0,100,100,100,0,54,0,58,40,1799,detection,
1805898,22,8,633,633,0,0,0,0,0,0,56,0,0,0,1805,detection,
1809363,11,19,768,768,0,0,0,0,0,0,59,0,0,0,1809,detection,
1818401,22,8,768,768,0,0,0,0,0,0,52,0,0,0,1818,detection,
1818431,10,8,768,768,0,0,0,0,0,0,57,0,0,0,1818,detection,
1820048,5,12,-1,-1,0,0,0,0,0,0,50,0,0,0,1820,detection,
1820057,10,12,-1,-1,0,0,0,0,0,0,58,0,0,0,1820,detection,
1820103,19,12,-1,-1,0,0,0,0,0,0,34,0,0,0,1820,detection,
1820109,11,12,-1,-1,0,0,0,0,0,0,55,0,0,0,1820,detection,
1820424,5,10,-1,-1,0,0,0,0,0,0,51,0,0,0,1820,detection,
1820514,12,10,-1,-1,0,0,0,0,0,0,39,0,0,0,1820,detection,
1822855,1,28,-512,1280,-1792,0,100,100,100,0,40,0,69,55,1822,detection,
1824100,19,12,-1,-1,0,0,0,0,0,0,34,0,0,0,1824,detection,
1824172,5,12,-1,-1,0,0,0,0,0,0,49,0,0,0,1824,detection,
1827422,1,28,-512,768,-1280,0,100,100,73,0,41,0,68,55,1827,detection,
1829055,10,8,512,512,0,0,0,0,0,0,59,0,0,0,1829,detection,
1832932,1,28,-512,512,-1024,0,100,100,37,0,40,0,69,55,1832,detection,
1835149,22,8,-1,-1,0,0,0,0,0,0,55,0,0,0,1835,detection,
1835179,10,8,-1,-1,0,0,0,0,0,0,54,0,0,0,1835,detection,
1835475,19,12,-1,-1,0,0,0,0,0,0,35,0,0,0,1835,detection,
1835547,5,12,-1,-1,0,0,0,0,0,0,50,0,0,0,1835,detection,
1835552,10,12,-1,-1,0,0,0,0,0,0,59,0,0,0,1835,detection,
1837351,1,28,-512,512,-1024,0,100,100,0,0,41,0,68,55,1837,detection,
1838100,19,5,512,512,0,0,0,0,0,0,48,0,0,0,1838,detection,
1839097,19,12,768,768,0,0,0,0,0,0,40,0,0,0,1839,detection,
1843223,19,5,512,512,0,0,0,0,0,0,49,0,0,0,1843,detection,
1843591,1,28,-512,512,-1024,0,100,100,0,0,40,0,69,55,1843,detection,
1846923,5,12,512,512,0,0,0,0,0,0,57,0,0,0,1846,detection,
1846927,10,12,512,512,0,0,0,0,0,0,65,0,0,0,1846,detection,
1848655,22,16,1024,1024,0,0,0,0,0,0,54,0,0,0,1848,detection,
1848717,1,28,-512,512,-1024,0,100,100,0,0,40,0,69,55,1848,detection,
1853051,10,12,512,512,0,0,0,0,0,0,68,0,0,0,1853,detection,
1853052,5,12,512,512,0,0,0,0,0,0,60,0,0,0,1853,detection,
1853099,19,12,512,512,0,0,0,0,0,0,43,0,0,0,1853,detection,
1856180,10,29,-512,-1,-511,100,100,100,100,9,49,0,58,40,1856,detection,
1857348,6,23,-512,-1,-511,100,100,100,100,0,41,0,69,55,1857,detection,
1859481,1,28,-512,512,-1024,0,100,100,0,0,40,0,69,55,1859,detection,
1859727,19,12,512,512,0,0,0,0,0,0,42,0,0,0,1859,detection,
1861102,17,26,-512,1024,-1536,0,100,100,100,0,55,0,58,40,1861,detection,
1864889,1,28,-512,512,-1024,0,100,100,0,0,40,0,69,55,1864,detection,
1866032,15,5,-1,-1,0,0,0,0,0,0,52,0,0,0,1866,detection,
1866598,17,26,-512,-1,-511,100,95,100,100,0,55,0,56,40,1866,detection,
1868660,18,12,512,512,0,0,0,0,0,0,35,0,0,0,1868,detection,
1868672,5,12,512,512,0,0,0,0,0,0,58,0,0,0,1868,detection,
1868724,19,12,512,512,0,0,0,0,0,0,44,0,0,0,1868,detection,
1872596,6,23,-512,1024,-1536,0,100,100,100,0,44,0,64,40,1872,detection,
1873908,18,12,-1,-1,0,0,0,0,0,0,37,0,0,0,1873,detection,
1876205,16,4,1536,1536,0,0,0,70,34,0,45,0,64,40,1876,detection,
1876209,3,4,1536,1536,0,0,0,0,0,0,53,0,0,0,1876,detection,
1876235,14,4,1536,1536,0,0,0,0,0,0,56,0,0,0,1876,detection,
1876304,20,4,1536,1536,0,0,0,70,30,0,59,0,64,40,1876,detection,
1876311,8,4,1536,1536,0,0,0,0,0,0,58,0,0,0,1876,detection,
1876973,1,28,-512,512,-1024,0,100,100,0,0,39,0,69,55,1876,detection,
1877648,22,8,-1,-1,0,0,0,0,0,0,55,0,0,0,1877,detection,
1881602,17,26,-512,3328,-3840,0,100,100,100,0,100,0,48,40,1881,detection,
1881846,17,18,-1,-1,0,0,0,0,0,0,59,0,0,0,1881,detection,
1885776,1,28,-512,512,-1024,0,100,100,0,0,35,0,70,55,1885,detection,
1888183,20,29,-512,2048,-2560,0,100,100,94,0,56,0,58,40,1888,detection,
1888201,4,29,-512,2048,-2560,0,100,100,100,0,58,0,58,40,1888,detection,
1888209,16,29,-512,2048,-2560,0,100,100,100,0,57,0,58,40,1888,detection,
1888213,3,29,-512,2048,-2560,0,100,100,100,9,42,0,66,55,1888,detection,
1890726,17,18,-1,-1,0,0,0,0,0,0,59,0,0,0,1890,detection,
1892575,1,28,-512,512,-1024,0,100,100,0,0,35,0,70,55,1892,detection,
1894359,21,17,512,512,0,0,0,0,0,0,46,0,0,0,1894,detection,
1897439,8,18,512,512,0,0,0,0,0,0,53,0,0,0,1897,detection,
1897453,7,18,512,512,0,0,0,0,0,0,70,0,0,0,1897,detection,
1897474,17,18,512,512,0,0,0,0,0,0,59,0,0,0,1897,detection,
1897529,15,18,512,512,0,0,0,0,0,0,52,0,0,0,1897,detection,
1897701,4,9,-1,-1,0,0,0,0,0,0,87,0,0,0,1897,detection,
1897702,16,9,-1,-1,0,0,0,0,0,0,45,0,0,0,1897,detection,
1897702,7,9,-1,-1,0,0,0,0,0,0,57,0,0,0,1897,detection,
1897744,17,9,-1,-1,0,0,0,0,0,0,86,0,0,0,1897,detection,
1897905,1,23,-512,1024,-1536,0,100,100,74,0,39,0,69,55,1897,detection,
1897911,15,23,-512,1024,-1536,0,100,100,78,0,35,0,70,55,1897,detection,
1898216,6,23,-512,1024,-1536,0,100,100,0,0,48,0,60,40,1898,detection,
1898777,1,28,-512,512,-1024,0,100,100,0,0,35,0,70,55,1898,detection,
1900102,17,31,-512,1024,-1536,0,100,100,100,0,85,0,48,40,1900,detection,
1900107,21,31,-512,1024,-1536,0,100,100,61,0,58,0,58,40,1900,detection,
1900115,11,31,-512,1024,-1536,0,100,100,0,0,59,0,58,40,1900,detection,
1900675,13,12,512,512,0,0,0,0,0,0,53,0,0,0,1900,detection,
1900680,10,12,512,512,0,0,0,0,0,0,70,0,0,0,1900,detection,
1900735,11,12,512,512,0,0,0,0,0,0,60,0,0,0,1900,detection,
1900787,18,12,512,512,0,0,0,0,0,0,43,0,0,0,1900,detection,
1901057,1,23,-512,768,-1280,0,100,100,35,0,43,0,66,55,1901,detection,
1901096,6,23,-512,768,-1280,0,100,100,32,0,52,0,58,40,1901,detection,
1901118,11,23,-512,768,-1280,0,100,100,0,0,40,0,69,55,1901,detection,
1901178,5,30,-512,-1,-511,100,92,100,0,0,58,0,56,40,1901,detection,
1901203,16,30,-512,-1,-511,100,93,100,100,0,57,0,56,40,1901,detection,
1901280,22,30,-512,-1,-511,100,93,100,0,0,57,0,56,40,1901,detection,
1901318,8,18,512,512,0,0,0,0,0,0,54,0,0,0,1901,detection,
1901697,4,9,1024,1024,0,0,0,0,0,0,87,0,0,0,1901,detection,
1901734,17,9,1024,1024,0,0,0,0,0,0,82,0,0,0,1901,detection,
1902051,20,3,-1,-1,0,0,0,0,0,0,40,0,0,0,1902,detection,
1902133,1,3,-1,-1,0,0,0,0,0,0,43,0,0,0,1902,detection,
1904470,17,21,1024,1024,0,0,0,0,0,0,40,0,0,0,1904,detection,
1905303,13,12,512,512,0,0,0,0,0,0,55,0,0,0,1905,detection,
1905354,19,12,512,512,0,0,0,0,0,0,46,0,0,0,1905,detection,
1906112,1,23,-512,512,-1024,0,100,100,35,0,43,0,66,55,1906,detection,
1906150,22,30,-512,-1,-511,100,94,100,0,0,56,0,56,40,1906,detection,
1906159,15,23,-512,512,-1024,0,100,100,74,0,39,0,69,55,1906,detection,
1906173,5,30,-512,-1,-511,100,94,100,0,0,56,0,56,40,1906,detection,
1906201,16,30,-512,-1,-511,100,93,100,0,0,57,0,56,40,1906,detection,
1906223,6,23,-512,512,-1024,0,100,100,32,0,53,0,58,40,1906,detection,
1906241,14,30,-512,-1,-511,100,89,100,100,0,61,0,55,40,1906,detection,
1906249,9,30,-512,-1,-511,100,92,100,100,0,58,0,56,40,1906,detection,
1906523,22,8,-1,-1,0,0,0,0,0,0,55,0,0,0,1906,detection,
1906788,1,3,-1,-1,0,0,0,0,0,0,41,0,0,0,1906,detection,
1910363,1,2,512,512,0,0,0,0,0,0,48,0,0,0,1910,detection,
1913127,1,23,-512,512,-1024,0,100,100,0,0,44,0,64,40,1913,detection,
1913221,6,23,-512,512,-1024,0,100,100,0,0,54,0,58,40,1913,detection,
1913239,11,23,-512,512,-1024,0,100,100,38,0,37,0,69,55,1913,detection,
1913655,15,18,512,512,0,0,0,0,0,0,52,0,0,0,1913,detection,
1913688,8,18,512,512,0,0,0,0,0,0,55,0,0,0,1913,detection,
1915102,19,12,512,512,0,0,0,0,0,0,48,0,0,0,1915,detection,
1915111,14,12,512,512,0,0,0,0,0,0,53,0,0,0,1915,detection,
1915115,11,12,512,512,0,0,0,0,0,0,62,0,0,0,1915,detection,
1915158,18,12,512,512,0,0,0,0,0,0,45,0,0,0,1915,detection,
1915179,13,12,512,512,0,0,0,0,0,0,57,0,0,0,1915,detection,
1916102,17,26,-512,-1,-511,100,66,100,100,0,100,0,49,40,1916,detection,
1916879,1,23,-512,512,-1024,0,100,100,0,0,44,0,64,40,1916,detection,
1916935,20,19,1024,1024,0,0,0,0,0,0,50,0,0,0,1916,detection,
1917092,6,23,-512,512,-1024,0,100,100,0,0,55,0,58,40,1917,detection,
1918222,6,31,-512,-1,-511,100,66,100,100,0,100,0,49,40,1918,detection,
1918222,17,31,-512,-1,-511,100,74,100,99,0,84,0,49,40,1918,detection,
1918236,11,31,-512,-1,-511,100,92,100,100,0,58,0,56,40,1918,detection,
1921475,19,12,-1,-256,255,0,47,71,31,0,54,0,69,55,1921,detection,
1921488,14,12,-1,-256,255,0,45,70,30,0,59,0,64,40,1921,detection,
1923367,11,23,-512,512,-1024,0,100,100,0,0,38,0,69,55,1923,detection,
1923474,6,23,-512,512,-1024,0,100,100,0,0,52,0,58,40,1923,detection,
1924886,1,2,512,512,0,0,0,0,0,0,50,0,0,0,1924,detection,
1928375,1,2,512,512,0,0,0,0,0,0,47,0,0,0,1928,detection,
1928410,15,2,512,512,0,0,0,0,0,0,47,0,0,0,1928,detection,
1928414,18,2,512,512,0,0,0,0,0,0,44,0,0,0,1928,detection,
1928427,10,2,512,512,0,0,0,0,0,0,42,0,0,0,1928,detection,
1928430,20,2,512,512,0,0,0,0,0,0,47,0,0,0,1928,detection,
1928431,13,2,512,512,0,0,0,0,0,0,53,0,0,0,1928,detection,
1928457,3,2,512,512,0,0,0,0,0,0,58,0,0,0,1928,detection,
1928499,9,2,512,512,0,0,0,0,0,0,57,0,0,0,1928,detection,
1928597,6,23,-512,512,-1024,0,100,100,0,0,53,0,58,40,1928,detection,
1928972,6,31,-512,1024,-1536,0,100,100,88,0,100,0,48,40,1928,detection,
1928980,17,31,-512,1024,-1536,0,100,100,100,0,83,0,48,40,1928,detection,
1928987,21,31,-512,1024,-1536,0,100,100,0,0,57,0,58,40,1928,detection,
1929332,3,9,-1,-1,0,0,0,0,0,0,93,0,0,0,1929,detection,
1929345,17,9,-1,-1,0,0,0,0,0,0,78,0,0,0,1929,detection,
1931603,6,23,-512,512,-1024,0,100,100,0,0,53,0,58,40,1931,detection,
1931605,19,23,-512,512,-1024,0,100,100,0,0,32,0,71,55,1931,detection,
1931613,14,23,-512,512,-1024,0,100,100,0,0,48,0,60,40,1931,detection,
1936044,1,2,512,512,0,0,0,0,0,0,48,0,0,0,1936,detection,
1936053,13,2,512,512,0,0,0,0,0,0,54,0,0,0,1936,detection,
1936053,10,2,512,512,0,0,0,0,0,0,43,0,0,0,1936,detection,
1936053,20,2,512,512,0,0,0,0,0,0,48,0,0,0,1936,detection,
1936078,3,2,512,512,0,0,0,0,0,0,59,0,0,0,1936,detection,
1936117,9,2,512,512,0,0,0,0,0,0,58,0,0,0,1936,detection,
1936845,6,31,-512,768,-1280,0,100,100,22,0,100,0,48,40,1936,detection,
1936849,17,31,-512,768,-1280,0,100,100,24,0,86,0,48,40,1936,detection,
1936857,21,31,-512,768,-1280,0,100,100,30,0,58,0,58,40,1936,detection,
1937095,17,21,-1,-1,0,0,0,0,0,0,44,0,0,0,1937,detection,
1938512,1,13,-1,-1,0,0,0,0,0,0,43,0,0,0,1938,detection,
1938530,15,13,-1,-1,0,0,0,0,0,0,68,0,0,0,1938,detection,
1938537,18,13,-1,-1,0,0,0,0,0,0,57,0,0,0,1938,detection,
1938559,8,13,-1,-1,0,0,0,0,0,0,59,0,0,0,1938,detection,
1938584,3,13,-1,-1,0,0,0,0,0,0,49,0,0,0,1938,detection,
1941082,1,2,512,512,0,0,0,0,0,0,49,0,0,0,1941,detection,
1941138,12,2,512,512,0,0,0,0,0,0,65,0,0,0,1941,detection,
1941156,15,2,512,512,0,0,0,0,0,0,48,0,0,0,1941,detection,
1941163,18,2,512,512,0,0,0,0,0,0,44,0,0,0,1941,detection,
1941176,10,2,512,512,0,0,0,0,0,0,44,0,0,0,1941,detection,
1941176,20,2,512,512,0,0,0,0,0,0,48,0,0,0,1941,detection,
1941180,13,2,512,512,0,0,0,0,0,0,55,0,0,0,1941,detection,
1941720,6,31,-512,-1,-511,100,67,100,67,0,98,0,49,40,1941,detection,
1941733,21,31,-512,-1,-511,100,92,100,92,0,58,0,56,40,1941,detection,
1943805,1,2,-1,-1,0,0,0,0,0,0,50,0,0,0,1943,detection,
1943865,9,2,-1,-1,0,0,0,0,0,0,58,0,0,0,1943,detection,
1943887,12,2,-1,-1,0,0,0,0,0,0,65,0,0,0,1943,detection,
1943905,15,2,-1,-1,0,0,0,0,0,0,51,0,0,0,1943,detection,
1943908,18,2,-1,-1,0,0,0,0,0,0,44,0,0,0,1943,detection,
1943925,13,2,-1,-1,0,0,0,0,0,0,58,0,0,0,1943,detection,
1943929,20,2,-1,-1,0,0,0,0,0,0,48,0,0,0,1943,detection,
1945613,21,31,-512,-256,-256,100,45,100,30,0,59,0,56,40,1945,detection,
1950500,1,2,-1,-1,0,0,0,0,0,0,51,0,0,0,1950,detection,
1950527,15,2,-1,-1,0,0,0,0,0,0,54,0,0,0,1950,detection,
1950552,10,2,-1,-1,0,0,0,0,0,0,47,0,0,0,1950,detection,
1950552,13,2,-1,-1,0,0,0,0,0,0,58,0,0,0,1950,detection,
1950620,9,2,-1,-1,0,0,0,0,0,0,57,0,0,0,1950,detection,
1952085,1,3,-1,-1,0,0,0,0,0,0,44,0,0,0,1952,detection,
1952098,6,3,-1,-1,0,0,0,0,0,0,53,0,0,0,1952,detection,
1956631,1,3,-1,-1,0,0,0,0,0,0,43,0,0,0,1956,detection,
1957852,6,31,-512,512,-1024,0,100,100,45,0,96,0,48,40,1957,detection,
1960925,1,3,-1,-1,0,0,0,0,0,0,43,0,0,0,1960,detection,
1969140,12,13,-1,-1,0,0,0,0,0,0,58,0,0,0,1969,detection,
1977560,8,4,768,768,0,0,0,0,0,0,58,0,0,0,1977,detection,
1977580,3,4,768,768,0,0,0,0,0,0,57,0,0,0,1977,detection,
1989828,16,4,512,512,0,0,0,70,0,0,50,0,61,40,1989,detection,
1989832,3,4,512,512,0,0,0,0,0,0,54,0,0,0,1989,detection,
1989905,22,4,512,512,0,0,0,70,0,0,48,0,65,55,1989,detection,
1990148,22,16,-1,-1,0,0,0,0,0,0,59,0,0,0,1990,detection,
1990178,10,16,-1,-1,0,0,0,0,0,0,44,0,0,0,1990,detection,
1990183,8,16,-1,-1,0,0,0,0,0,0,59,0,0,0,1990,detection,
1996403,22,4,-1,-256,255,0,50,100,33,0,48,0,64,40,1996,detection,
1996476,6,4,-1,-256,255,0,46,70,31,0,57,0,64,40,1996,detection,
2003916,1,23,-512,1536,-2048,0,100,100,100,0,44,0,64,40,2003,detection,
2003933,20,23,-512,1536,-2048,0,100,100,100,0,47,0,62,40,2003,detection,
2003976,6,23,-512,1536,-2048,0,100,100,100,0,56,0,58,40,2003,detection,
2010475,6,31,-512,-1,-511,100,68,100,46,0,95,0,49,40,2010,detection,
2011436,1,13,-1,-1,0,0,0,0,0,0,42,0,0,0,2011,detection,
2011453,4,13,-1,-1,0,0,0,0,0,0,56,0,0,0,2011,detection,
2011457,16,13,-1,-1,0,0,0,0,0,0,42,0,0,0,2011,detection,
2011525,22,13,-1,-1,0,0,0,0,0,0,77,0,0,0,2011,detection,
2019495,1,23,-512,-1,-511,100,100,100,100,0,44,0,64,40,2019,detection,
2019554,20,23,-512,-1,-511,100,99,100,100,0,50,0,56,40,2019,detection,
2019597,6,23,-512,-1,-511,100,91,100,100,0,59,0,56,40,2019,detection,
2020285,1,3,-1,-1,0,0,0,0,0,0,42,0,0,0,2020,detection,
2020328,7,3,-1,-1,0,0,0,0,0,0,55,0,0,0,2020,detection,
2020348,6,3,-1,-1,0,0,0,0,0,0,52,0,0,0,2020,detection,
2022958,1,20,-1,-1,0,0,0,0,0,0,43,0,0,0,2022,detection,
2022972,6,20,-1,-1,0,0,0,0,0,0,44,0,0,0,2022,detection,
2023050,13,20,-1,-1,0,0,0,0,0,0,36,0,0,0,2023,detection,
2023061,8,20,-1,-1,0,0,0,0,0,0,42,0,0,0,2023,detection,
2023099,1,23,-512,768,-1280,0,100,100,100,0,43,0,66,55,2023,detection,
2023220,6,23,-512,768,-1280,0,100,100,91,0,59,0,58,40,2023,detection,
2024232,21,14,-1,-1,0,0,0,70,0,0,37,0,74,55,2024,detection,
2024233,11,14,-1,-1,0,0,0,70,0,0,53,0,61,40,2024,detection,
2025577,4,31,-512,768,-1280,0,100,100,100,0,85,0,48,40,2025,detection,
2026440,1,3,768,768,0,0,0,0,0,0,42,0,0,0,2026,detection,
2026453,7,3,768,768,0,0,0,0,0,0,55,0,0,0,2026,detection,
2026470,6,3,768,768,0,0,0,0,0,0,56,0,0,0,2026,detection,
2027817,1,20,-1,-1,0,0,0,0,0,0,42,0,0,0,2027,detection,
2027833,3,20,-1,-1,0,0,0,0,0,0,33,0,0,0,2027,detection,
2027846,6,20,-1,-1,0,0,0,0,0,0,39,0,0,0,2027,detection,
2027871,9,20,-1,-1,0,0,0,0,0,0,50,0,0,0,2027,detection,
2027927,13,20,-1,-1,0,0,0,0,0,0,35,0,0,0,2027,detection,
2027932,8,20,-1,-1,0,0,0,0,0,0,41,0,0,0,2027,detection,
2029984,1,3,768,768,0,0,0,0,0,0,41,0,0,0,2029,detection,
2030027,22,3,768,768,0,0,0,0,0,0,41,0,0,0,2030,detection,
2031455,16,22,768,768,0,0,0,70,0,0,48,0,65,55,2031,detection,
2035846,1,23,-512,512,-1024,0,100,100,37,0,40,0,69,55,2035,detection,
2035865,11,23,-512,512,-1024,0,100,100,0,0,39,0,69,55,2035,detection,
2035867,14,23,-512,512,-1024,0,100,100,0,0,48,0,60,40,2035,detection,
2035935,20,23,-512,512,-1024,0,100,100,63,0,55,0,58,40,2035,detection,
2036278,1,3,-1,-1,0,0,0,0,0,0,41,0,0,0,2036,detection,
2036341,6,3,-1,-1,0,0,0,0,0,0,56,0,0,0,2036,detection,
2037349,6,23,-512,512,-1024,0,100,100,30,0,59,0,58,40,2037,detection,
2037745,9,29,-512,-1,-511,100,100,100,100,0,49,0,58,40,2037,detection,
2037807,20,29,-512,-1,-511,100,91,100,100,0,59,0,56,40,2037,detection,
2037808,13,29,-512,-1,-511,100,93,100,93,0,57,0,56,40,2037,detection,
2039108,1,23,-512,512,-1024,0,100,100,0,0,40,0,69,55,2039,detection,
2039114,11,23,-512,512,-1024,0,100,100,0,0,40,0,69,55,2039,detection,
2039173,5,23,-512,512,-1024,0,100,100,35,9,44,0,64,40,2039,detection,
2039181,20,23,-512,512,-1024,0,100,100,0,0,56,0,58,40,2039,detection,
2040353,1,3,-1,-1,0,0,0,0,0,0,37,0,0,0,2040,detection,
2073507,1,28,-512,768,-1280,0,100,100,38,0,37,0,69,55,2073,detection,
2078726,1,28,-512,1024,-1536,0,100,100,36,0,41,0,68,55,2078,detection,
2085451,1,28,-512,768,-1280,0,100,100,36,0,41,0,68,55,2085,detection,
2088602,17,31,-512,512,-1024,0,100,100,24,0,86,0,48,40,2088,detection,
2093703,1,28,-512,512,-1024,0,100,100,35,0,44,0,64,40,2093,detection,
2094642,12,4,768,768,0,0,0,70,0,0,50,0,61,40,2094,detection,
2094654,22,4,768,768,0,0,0,100,32,0,52,0,60,40,2094,detection,
2094680,10,4,768,768,0,0,0,70,0,0,59,0,61,40,2094,detection,
2094709,3,4,768,768,0,0,0,0,0,0,54,0,0,0,2094,detection,
2094926,5,11,768,768,0,0,0,0,0,0,43,0,0,0,2094,detection,
2094989,14,11,768,768,0,0,0,0,0,0,39,0,0,0,2094,detection,
2095590,1,20,-1,-1,0,0,0,0,0,0,42,0,0,0,2095,detection,
2095702,7,20,-1,-1,0,0,0,0,0,0,52,0,0,0,2095,detection,
2095706,3,20,-1,-1,0,0,0,0,0,0,37,0,0,0,2095,detection,
2096579,16,10,-1,-256,255,0,43,70,29,0,64,0,42,40,2096,detection,
2096953,4,30,-512,1280,-1792,0,100,100,100,0,56,0,58,40,2096,detection,
2097350,19,14,1280,1280,0,0,0,70,0,0,58,0,61,40,2097,detection,
2097360,11,14,1280,1280,0,0,0,70,0,0,57,0,61,40,2097,detection,
2097423,5,14,1280,1280,0,0,0,0,0,0,50,0,0,0,2097,detection,
2098382,1,20,-1,-1,0,0,0,0,0,0,42,0,0,0,2098,detection,
2098451,7,20,-1,-1,0,0,0,0,0,0,52,0,0,0,2098,detection,
2100079,16,10,1024,1024,0,0,0,70,28,0,65,0,42,40,2100,detection,
2100099,19,12,1024,1024,0,0,0,70,31,0,55,0,64,40,2100,detection,
2104121,9,29,-512,1536,-2048,0,100,100,100,0,53,0,58,40,2104,detection,
2104348,19,14,1280,1280,0,0,0,70,0,0,54,0,61,40,2104,detection,
2104361,11,14,1280,1280,0,0,0,70,0,0,52,0,61,40,2104,detection,
2104391,12,14,1280,1280,0,0,0,70,0,0,44,0,70,55,2104,detection,
2104421,5,14,1280,1280,0,0,0,0,0,0,50,0,0,0,2104,detection,
2106480,19,22,768,768,0,0,0,70,0,0,53,0,61,40,2106,detection,
2106484,14,22,768,768,0,0,0,0,0,0,37,0,0,0,2106,detection,
2106489,11,22,768,768,0,0,0,70,0,0,58,0,61,40,2106,detection,
2106518,12,22,768,768,0,0,0,0,0,0,37,0,0,0,2106,detection,
2106548,5,22,768,768,0,0,0,0,0,0,33,0,0,0,2106,detection,
2106573,1,28,-512,512,-1024,0,100,100,0,0,44,0,64,40,2106,detection,
2106827,16,10,768,768,0,0,0,70,0,0,65,0,48,40,2106,detection,
2106926,5,10,768,768,0,0,0,0,0,0,55,0,0,0,2106,detection,
2107238,14,11,512,512,0,0,0,0,0,0,40,0,0,0,2107,detection,
2107299,5,11,512,512,0,0,0,0,0,0,47,0,0,0,2107,detection,
2107479,17,31,-512,512,-1024,0,100,100,0,0,88,0,48,40,2107,detection,
2109348,19,12,-1,-1,0,0,0,70,0,0,56,0,61,40,2109,detection,
2112473,17,31,-512,512,-1024,0,100,100,0,0,90,0,48,40,2112,detection,
2112490,11,31,-512,512,-1024,0,100,100,61,0,59,0,58,40,2112,detection,
2113029,22,2,1280,1280,0,0,0,0,0,0,68,0,0,0,2113,detection,
2113920,22,30,-512,998,-1510,0,100,100,100,0,56,0,58,40,2113,detection,
2114065,1,28,-512,512,-1024,0,100,100,0,0,40,0,69,55,2114,detection,
2114223,19,22,512,512,0,0,0,70,0,0,54,0,61,40,2114,detection,
2116346,19,14,768,768,0,0,0,70,0,0,55,0,61,40,2116,detection,
2116367,11,14,768,768,0,0,0,70,0,0,53,0,61,40,2116,detection,
2116390,12,14,768,768,0,0,0,70,0,0,42,0,72,55,2116,detection,
2116422,5,14,768,768,0,0,0,0,0,0,51,0,0,0,2116,detection,
2117726,19,22,-1,-1,0,0,0,70,0,0,58,0,61,40,2117,detection,
2118692,1,20,534,534,0,0,0,0,0,0,38,0,0,0,2118,detection,
2121246,1,28,-512,512,-1024,0,100,100,0,0,40,0,69,55,2121,detection,
2121375,2,28,-512,512,-1024,0,100,100,100,0,52,0,58,40,2121,detection,
2121436,8,2,1280,1280,0,0,0,0,0,0,53,0,0,0,2121,detection,
2121675,5,12,512,512,0,0,0,0,0,0,60,0,0,0,2121,detection,
2122983,19,24,-512,-1,-511,100,89,100,90,0,61,0,55,40,2122,detection,
2122999,2,24,-512,-1,-511,100,97,100,0,0,52,0,56,40,2122,detection,
2125855,1,28,-512,512,-1024,0,100,100,0,0,40,0,69,55,2125,detection,
2125869,2,28,-512,512,-1024,0,100,100,0,0,53,0,58,40,2125,detection,
2126476,19,24,-512,-1,-511,100,91,100,0,0,59,0,56,40,2126,detection,
2126492,2,24,-512,-1,-511,100,94,100,0,0,56,0,56,40,2126,detection,
2126946,1,20,531,531,0,0,0,0,0,0,39,0,0,0,2126,detection,
2131624,2,28,-512,512,-1024,0,100,100,0,0,53,0,58,40,2131,detection,
2132106,1,20,531,531,0,0,0,0,0,0,40,0,0,0,2132,detection,
2132613,11,12,512,512,0,0,0,0,0,0,64,0,0,0,2132,detection,
2132614,14,12,512,512,0,0,0,70,29,0,64,0,42,40,2132,detection,
2134237,14,11,1024,1024,0,0,0,0,0,0,43,0,0,0,2134,detection,
2136611,11,30,-512,998,-1510,0,100,100,32,0,63,0,48,40,2136,detection,
2136619,2,30,-512,998,-1510,0,100,100,5,0,57,0,58,40,2136,detection,
2136652,22,30,-512,998,-1510,0,100,100,0,0,52,0,58,40,2136,detection,
2136707,16,30,-512,998,-1510,0,100,100,100,0,57,0,58,40,2136,detection,
2136707,7,30,-512,998,-1510,0,100,100,100,9,42,0,66,55,2136,detection,
2138065,1,20,529,529,0,0,0,0,0,0,40,0,0,0,2138,detection,
2141268,12,14,768,768,0,0,0,70,0,0,45,0,68,55,2141,detection,
2144997,2,30,-512,998,-1510,0,100,100,0,0,56,0,58,40,2144,detection,
2145026,22,30,-512,998,-1510,0,100,100,0,0,52,0,58,40,2145,detection,
2145078,16,30,-512,998,-1510,0,100,100,0,0,56,0,58,40,2145,detection,
2145082,7,30,-512,998,-1510,0,100,100,0,10,37,0,69,55,2145,detection,
2145112,11,30,-512,998,-1510,0,100,100,0,0,61,0,56,40,2145,detection,
2145990,14,11,512,512,0,0,0,0,0,0,48,0,0,0,2145,detection,
2146032,15,11,512,512,0,0,0,0,0,0,57,0,0,0,2146,detection,
2152400,22,30,-512,998,-1510,0,100,100,0,0,52,0,58,40,2152,detection,
2152435,10,30,-512,998,-1510,0,100,100,100,0,60,0,58,40,2152,detection,
2152452,16,30,-512,998,-1510,0,100,100,0,0,56,0,58,40,2152,detection,
2153364,11,31,-512,-1,-511,100,95,100,63,0,55,0,56,40,2153,detection,
2154038,1,20,525,525,0,0,0,0,0,0,40,0,0,0,2154,detection,
2154510,12,14,512,512,0,0,0,70,0,0,46,0,68,55,2154,detection,
2154548,5,14,512,512,0,0,0,0,0,0,52,0,0,0,2154,detection,
2154609,11,14,512,512,0,0,0,70,0,0,58,0,61,40,2154,detection,
2157609,14,11,-1,-1,0,0,0,0,0,0,51,0,0,0,2157,detection,
2157656,15,11,-1,-1,0,0,0,0,0,0,56,0,0,0,2157,detection,
2157674,5,11,-1,-1,0,0,0,0,0,0,47,0,0,0,2157,detection,
2158306,10,30,-512,998,-1510,0,100,100,0,0,59,0,58,40,2158,detection,
2158327,16,30,-512,998,-1510,0,100,100,0,0,56,0,58,40,2158,detection,
2158335,7,30,-512,998,-1510,0,100,100,0,0,37,0,69,55,2158,detection,
2158399,22,30,-512,998,-1510,0,100,100,0,0,52,0,58,40,2158,detection,
2161962,1,20,523,523,0,0,0,0,0,0,40,0,0,0,2161,detection,
2161975,6,20,523,523,0,0,0,0,0,0,44,0,0,0,2161,detection,
2164607,21,17,1024,1024,0,0,0,0,0,0,49,0,0,0,2164,detection,
2164675,5,23,-512,1536,-2048,0,100,100,100,9,47,0,62,40,2164,detection,
2164743,11,23,-512,1536,-2048,0,100,100,100,0,43,0,66,55,2164,detection,
2166423,1,20,523,523,0,0,0,0,0,0,40,0,0,0,2166,detection,
2166431,13,20,523,523,0,0,0,0,0,0,40,0,0,0,2166,detection,
2168517,12,4,1024,1024,0,0,0,70,0,0,53,0,61,40,2168,detection,
2168607,21,4,1024,1024,0,0,0,0,0,0,54,0,0,0,2168,detection,
2174391,1,6,512,512,0,0,0,0,0,0,41,0,0,0,2174,detection,
2175107,21,17,1280,1280,0,0,0,0,0,0,52,0,0,0,2175,detection,
2175237,14,11,1280,1280,0,0,0,0,0,0,54,0,0,0,2175,detection,
2181981,1,6,512,512,0,0,0,0,0,0,41,0,0,0,2181,detection,
2185545,5,12,-1,-1,0,0,0,0,0,0,61,0,0,0,2185,detection,
2193621,9,4,1280,-1,1281,100,100,100,100,0,65,0,49,40,2193,detection,
2193641,12,4,1280,-1,1281,100,100,100,100,0,64,0,49,40,2193,detection,
2193682,20,4,1280,-1,1281,100,100,100,100,0,66,0,49,40,2193,detection,
2197725,6,28,-512,768,-1280,0,100,100,67,0,53,0,58,40,2197,detection,
2197744,2,28,-512,768,-1280,0,100,100,32,0,52,0,58,40,2197,detection,
2197782,1,28,-512,768,-1280,0,100,100,36,0,41,0,68,55,2197,detection,
2201956,4,31,-512,1281,-1793,0,100,100,49,0,85,0,48,40,2201,detection,
2201978,17,31,-512,1281,-1793,0,100,100,73,0,87,0,48,40,2201,detection,
2202349,1,28,-512,512,-1024,0,100,100,36,0,41,0,68,55,2202,detection,
2202374,2,28,-512,512,-1024,0,100,100,32,0,53,0,58,40,2202,detection,
2207022,1,28,-512,512,-1024,0,100,100,0,0,40,0,69,55,2207,detection,
2207121,2,28,-512,512,-1024,0,100,100,0,0,50,0,58,40,2207,detection,
2212591,1,28,-512,512,-1024,0,100,100,0,0,40,0,69,55,2212,detection,
2221247,2,28,-512,-1,-511,100,97,100,65,0,52,0,56,40,2221,detection,
2221424,1,13,-1,-1,0,0,0,0,0,0,42,0,0,0,2221,detection,
2221432,20,13,-1,-1,0,0,0,0,0,0,40,0,0,0,2221,detection,
2221532,15,13,-1,-1,0,0,0,0,0,0,66,0,0,0,2221,detection,
2224802,1,20,1280,1280,0,0,0,0,0,0,44,0,0,0,2224,detection,
2224926,13,20,1280,1280,0,0,0,0,0,0,43,0,0,0,2224,detection,
2229677,13,20,1024,1024,0,0,0,0,0,0,44,0,0,0,2229,detection,
2235202,4,29,-512,768,-1280,0,100,100,100,0,61,0,56,40,2235,detection,
2236246,1,20,768,768,0,0,0,0,0,0,41,0,0,0,2236,detection,
2237159,15,11,-1,-1,0,0,0,0,0,0,59,0,0,0,2237,detection,
2239488,11,15,512,512,0,0,0,0,0,0,52,0,0,0,2239,detection,
2242416,1,20,892,892,0,0,0,0,0,0,40,0,0,0,2242,detection,
2242429,13,20,892,892,0,0,0,0,0,0,39,0,0,0,2242,detection,
2242663,1,13,768,768,0,0,0,0,0,0,42,0,0,0,2242,detection,
2244800,1,13,512,512,0,0,0,0,0,0,43,0,0,0,2244,detection,
2244804,10,13,512,512,0,0,0,0,0,0,57,0,0,0,2244,detection,
2244804,20,13,512,512,0,0,0,0,0,0,45,0,0,0,2244,detection,
2245584,1,23,-512,-1,-511,100,100,100,71,0,44,0,64,40,2245,detection,
2245598,6,23,-512,-1,-511,100,91,100,61,0,59,0,56,40,2245,detection,
2245607,19,23,-512,-1,-511,100,100,100,77,0,36,0,76,55,2245,detection,
2245617,11,23,-512,-1,-511,100,100,100,100,0,46,0,62,40,2245,detection,
2245632,2,23,-512,-1,-511,100,100,100,100,0,43,0,66,55,2245,detection,
2248681,20,13,512,512,0,0,0,0,0,0,46,0,0,0,2248,detection,
2248728,1,13,512,512,0,0,0,0,0,0,44,0,0,0,2248,detection,
2248746,2,13,512,512,0,0,0,0,0,0,60,0,0,0,2248,detection,
2248767,12,13,512,512,0,0,0,0,0,0,59,0,0,0,2248,detection,
2248780,15,13,512,512,0,0,0,0,0,0,68,0,0,0,2248,detection,
2248801,10,13,512,512,0,0,0,0,0,0,58,0,0,0,2248,detection,
2248899,1,2,-1,-1,0,0,0,0,0,0,49,0,0,0,2248,detection,
2248950,4,2,-1,-1,0,0,0,0,0,0,51,0,0,0,2248,detection,
2248954,16,2,-1,-1,0,0,0,0,0,0,57,0,0,0,2248,detection,
2252395,1,20,512,512,0,0,0,0,0,0,44,0,0,0,2252,detection,
2252428,13,20,512,512,0,0,0,0,0,0,44,0,0,0,2252,detection,
2252498,2,20,512,512,0,0,0,0,0,0,45,0,0,0,2252,detection,
2252892,12,16,-1,-1,0,0,0,0,0,0,44,0,0,0,2252,detection,
2254428,1,23,-512,512,-1024,0,100,100,71,0,44,0,64,40,2254,detection,
2254471,6,23,-512,512,-1024,0,100,100,63,0,56,0,58,40,2254,detection,
2254476,19,23,-512,512,-1024,0,100,100,74,0,40,0,69,55,2254,detection,
2254493,2,23,-512,512,-1024,0,100,100,68,0,47,0,62,40,2254,detection,
2255688,1,13,512,512,0,0,0,0,0,0,40,0,0,0,2255,detection,
2255700,4,13,512,512,0,0,0,0,0,0,61,0,0,0,2255,detection,
2255704,16,13,512,512,0,0,0,0,0,0,47,0,0,0,2255,detection,
2255740,2,13,512,512,0,0,0,0,0,0,61,0,0,0,2255,detection,
2255761,12,13,512,512,0,0,0,0,0,0,61,0,0,0,2255,detection,
2255803,10,13,512,512,0,0,0,0,0,0,55,0,0,0,2255,detection,
2255806,20,13,512,512,0,0,0,0,0,0,43,0,0,0,2255,detection,
2257118,1,24,-512,768,-1280,0,100,100,100,0,44,0,64,40,2257,detection,
2258821,1,23,-512,512,-1024,0,100,100,0,0,44,0,64,40,2258,detection,
2258831,4,23,-512,512,-1024,0,100,100,0,0,50,0,58,40,2258,detection,
2258847,6,23,-512,512,-1024,0,100,100,0,0,56,0,58,40,2258,detection,
2258852,19,23,-512,512,-1024,0,100,100,0,0,40,0,69,55,2258,detection,
2258865,11,23,-512,512,-1024,0,100,100,66,0,51,0,58,40,2258,detection,
2259055,13,16,-1,-1,0,0,0,0,0,0,47,0,0,0,2259,detection,
2259768,12,4,-1,-1,0,0,0,100,100,0,63,0,48,40,2259,detection,
2259803,20,4,-1,-1,0,0,0,100,100,0,64,0,48,40,2259,detection,
2259806,8,4,-1,-1,0,0,0,0,0,0,57,0,0,0,2259,detection,
2259806,10,4,-1,-1,0,0,0,70,0,0,54,0,61,40,2259,detection,
2259846,6,4,-1,-1,0,0,0,70,31,0,57,0,64,40,2259,detection,
2260849,1,20,-1,-1,0,0,0,0,0,0,44,0,0,0,2260,detection,
2260868,2,20,-1,-1,0,0,0,0,0,0,48,0,0,0,2260,detection,
2263992,1,24,-512,768,-1280,0,100,100,0,0,43,0,66,55,2263,detection,
2264093,6,4,-1,-1,0,0,0,70,0,0,56,0,61,40,2264,detection,
2264269,1,13,-1,-1,0,0,0,0,0,0,44,0,0,0,2264,detection,
2264281,15,13,-1,-1,0,0,0,0,0,0,66,0,0,0,2264,detection,
2264303,20,13,-1,-1,0,0,0,0,0,0,46,0,0,0,2264,detection,
2264303,10,13,-1,-1,0,0,0,0,0,0,59,0,0,0,2264,detection,
2264311,8,13,-1,-1,0,0,0,0,0,0,54,0,0,0,2264,detection,
2264324,4,13,-1,-1,0,0,0,0,0,0,61,0,0,0,2264,detection,
2264328,16,13,-1,-1,0,0,0,0,0,0,50,0,0,0,2264,detection,
2264367,2,13,-1,-1,0,0,0,0,0,0,56,0,0,0,2264,detection,
2264389,12,13,-1,-1,0,0,0,0,0,0,60,0,0,0,2264,detection,
2264492,1,23,-512,-1,-511,100,100,100,71,0,44,0,64,40,2264,detection,
2264595,6,23,-512,-1,-511,100,91,100,61,0,59,0,56,40,2264,detection,
2267159,1,20,-1,-1,0,0,0,0,0,0,44,0,0,0,2267,detection,
2267177,13,20,-1,-1,0,0,0,0,0,0,47,0,0,0,2267,detection,
2267411,1,24,-512,768,-1280,0,100,100,0,0,43,0,66,55,2267,detection,
2272039,18,2,768,768,0,0,0,0,0,0,48,0,0,0,2272,detection,
2272060,8,2,768,768,0,0,0,0,0,0,56,0,0,0,2272,detection,
2272680,20,4,768,768,0,0,0,100,0,0,63,0,48,40,2272,detection,
2272688,10,4,768,768,0,0,0,70,0,0,58,0,61,40,2272,detection,
2272705,16,4,768,768,0,0,0,70,0,0,46,0,68,55,2272,detection,
2272709,3,4,768,768,0,0,0,0,0,0,53,0,0,0,2272,detection,
2272730,21,4,768,768,0,0,0,0,0,0,58,0,0,0,2272,detection,
2273923,1,24,-512,-1,-511,100,100,100,100,0,38,0,72,55,2273,detection,
2273974,6,24,-512,-1,-511,100,100,100,0,0,44,0,64,40,2273,detection,
2273980,19,24,-512,-1,-511,100,91,100,0,0,59,0,56,40,2273,detection,
2274000,2,24,-512,-1,-511,100,91,100,0,0,59,0,56,40,2274,detection,
2281474,6,4,-1,-1,0,0,0,70,0,0,56,0,61,40,2281,detection,
2291236,21,4,-1,-256,255,0,45,70,30,0,59,0,64,40,2291,detection,
2292810,10,29,-512,742,-1254,0,100,100,98,9,48,0,60,40,2292,detection,
2293451,16,4,512,512,0,0,0,70,0,0,47,0,67,55,2293,detection,
2293454,3,4,512,512,0,0,0,0,0,0,54,0,0,0,2293,detection,
2293481,21,4,512,512,0,0,0,70,30,0,59,0,64,40,2293,detection,
2294311,8,18,768,768,0,0,0,0,0,0,51,0,0,0,2294,detection,
2298184,8,18,512,512,0,0,0,0,0,0,52,0,0,0,2298,detection,
2299701,16,4,-1,-1,0,0,0,70,0,0,50,0,61,40,2299,detection,
2299709,3,4,-1,-1,0,0,0,0,0,0,58,0,0,0,2299,detection,
2299731,21,4,-1,-1,0,0,0,70,0,0,55,0,61,40,2299,detection,
2299807,10,4,-1,-1,0,0,0,70,0,0,57,0,61,40,2299,detection,
2302077,16,4,1024,1024,0,0,0,70,0,0,53,0,61,40,2302,detection,
2311140,1,3,512,512,0,0,0,0,0,0,42,0,0,0,2311,detection,
2311222,6,3,512,512,0,0,0,0,0,0,57,0,0,0,2311,detection,
2311555,10,29,-512,-1,-511,100,98,100,95,0,51,0,56,40,2311,detection,
2311558,20,29,-512,-1,-511,100,92,100,0,0,58,0,56,40,2311,detection,
2315090,1,3,-1,-1,0,0,0,0,0,0,42,0,0,0,2315,detection,
2315094,6,3,-1,-1,0,0,0,0,0,0,53,0,0,0,2315,detection,
2315162,18,3,-1,-1,0,0,0,0,0,0,53,0,0,0,2315,detection,
2317453,3,4,512,512,0,0,0,0,0,0,59,0,0,0,2317,detection,
2317457,16,4,512,512,0,0,0,70,0,0,58,0,61,40,2317,detection,
2317471,6,4,512,512,0,0,0,70,0,0,57,0,61,40,2317,detection,
2317483,21,4,512,512,0,0,0,70,0,0,59,0,61,40,2317,detection,
2318564,1,6,-1,-1,0,0,0,0,0,0,46,0,0,0,2318,detection,
2320798,1,3,512,512,0,0,0,0,0,0,43,0,0,0,2320,detection,
2320831,7,3,512,512,0,0,0,0,0,0,56,0,0,0,2320,detection,
2320845,6,3,512,512,0,0,0,0,0,0,58,0,0,0,2320,detection,
2327326,7,20,-1,-1,0,0,0,0,0,0,55,0,0,0,2327,detection,
2327682,20,29,-512,537,-1049,0,100,100,61,0,64,0,48,40,2327,detection,
2327682,10,29,-512,537,-1049,0,100,100,63,0,61,0,56,40,2327,detection,
2327708,3,29,-512,537,-1049,0,100,100,100,0,52,0,58,40,2327,detection,
2328165,18,16,512,512,0,0,0,0,0,0,51,0,0,0,2328,detection,
2328792,1,6,768,768,0,0,0,0,0,0,41,0,0,0,2328,detection,
2328848,19,14,1280,1280,0,0,0,70,0,0,58,0,61,40,2328,detection,
2329950,7,3,512,512,0,0,0,0,0,0,57,0,0,0,2329,detection,
2329972,6,3,512,512,0,0,0,0,0,0,59,0,0,0,2329,detection,
2330031,1,3,512,512,0,0,0,0,0,0,44,0,0,0,2330,detection,
2330035,18,3,512,512,0,0,0,0,0,0,58,0,0,0,2330,detection,
2330708,3,7,-1,-1,0,0,0,0,0,0,51,0,0,0,2330,detection,
2331483,21,4,-1,-1,0,0,0,70,0,0,59,0,61,40,2331,detection,
2335052,1,6,512,512,0,0,0,0,0,0,42,0,0,0,2335,detection,
2335473,19,14,1280,1280,0,0,0,70,0,0,58,0,61,40,2335,detection,
2335724,19,15,-1,-1,0,0,0,0,0,0,70,0,0,0,2335,detection,
2337764,12,16,512,512,0,0,0,0,0,0,46,0,0,0,2337,detection,
2337790,18,16,512,512,0,0,0,0,0,0,52,0,0,0,2337,detection,
2339100,19,14,1280,1280,0,0,0,70,0,0,57,0,61,40,2339,detection,
2340180,20,29,-512,1280,-1792,0,100,100,85,0,63,0,48,40,2340,detection,
2340180,10,29,-512,1280,-1792,0,100,100,84,0,64,0,48,40,2340,detection,
2340206,7,29,-512,1280,-1792,0,100,100,99,0,51,0,58,40,2340,detection,
2341934,10,12,768,768,0,0,0,0,0,0,68,0,0,0,2341,detection,
2343531,15,2,-1,-1,0,0,0,0,0,0,58,0,0,0,2343,detection,
2343764,12,4,768,768,0,0,0,100,0,0,62,0,54,40,2343,detection,
2343780,22,4,768,768,0,0,0,100,0,0,52,0,60,40,2343,detection,
2343848,17,31,-512,768,-1280,0,100,100,50,0,83,0,48,40,2343,detection,
2343860,21,31,-512,768,-1280,0,100,100,100,0,58,0,58,40,2343,detection,
2344859,21,17,1280,1280,0,0,0,0,0,0,56,0,0,0,2344,detection,
2345330,7,29,-512,1484,-1996,0,100,100,26,0,52,0,58,40,2345,detection,
2346409,18,12,768,768,0,0,0,0,0,0,43,0,0,0,2346,detection,
2346478,19,12,768,768,0,0,0,70,0,0,59,0,61,40,2346,detection,
2347954,16,10,875,875,0,0,0,70,0,0,63,0,48,40,2347,detection,
2348733,21,17,1280,1280,0,0,0,0,0,0,56,0,0,0,2348,detection,
2349079,4,23,-512,1280,-1792,0,100,100,97,0,53,0,58,40,2349,detection,
2350810,8,20,1024,1024,0,0,0,0,0,0,46,0,0,0,2350,detection,
2350827,7,20,1024,1024,0,0,0,0,0,0,59,0,0,0,2350,detection,
2350836,3,20,1024,1024,0,0,0,0,0,0,41,0,0,0,2350,detection,
2352181,10,16,512,512,0,0,0,0,0,0,49,0,0,0,2352,detection,
2353454,7,18,512,512,0,0,0,0,0,0,71,0,0,0,2353,detection,
2353473,17,18,512,512,0,0,0,0,0,0,60,0,0,0,2353,detection,
2356579,7,20,1024,1024,0,0,0,0,0,0,60,0,0,0,2356,detection,
2356597,6,20,1024,1024,0,0,0,0,0,0,48,0,0,0,2356,detection,
2358789,18,16,512,512,0,0,0,0,0,0,53,0,0,0,2358,detection,
2358814,8,16,512,512,0,0,0,0,0,0,60,0,0,0,2358,detection,
2359735,11,30,-512,-1,-511,100,89,100,100,0,61,0,55,40,2359,detection,
2359743,2,30,-512,-1,-511,100,94,100,100,0,56,0,56,40,2359,detection,
2359768,12,30,-512,-1,-511,100,92,100,100,0,58,0,56,40,2359,detection,
2361606,6,19,1024,1024,0,0,0,0,0,0,66,0,0,0,2361,detection,
2361701,16,4,512,512,0,0,0,70,0,0,59,0,61,40,2361,detection,
2361734,21,4,512,512,0,0,0,70,0,0,59,0,61,40,2361,detection,
2361749,9,4,512,512,0,0,0,100,100,0,65,0,48,40,2361,detection,
2362703,4,9,-1,-1,0,0,0,0,0,0,87,0,0,0,2362,detection,
2364809,8,16,-1,-1,0,0,0,0,0,0,59,0,0,0,2364,detection,
2364930,13,16,-1,-1,0,0,0,0,0,0,51,0,0,0,2364,detection,
2365481,21,4,512,512,0,0,0,70,0,0,60,0,61,40,2365,detection,
2365488,14,4,512,512,0,0,0,0,0,0,57,0,0,0,2365,detection,
2365494,9,4,512,512,0,0,0,100,0,0,61,0,57,40,2365,detection,
2365523,22,4,512,512,0,0,0,100,0,0,52,0,60,40,2365,detection,
2365999,2,29,-512,1254,-1766,0,100,100,29,8,56,0,58,40,2365,detection,
2369395,12,10,875,875,0,0,0,0,0,0,43,0,0,0,2369,detection,
2371473,6,19,1024,1024,0,0,0,0,0,0,65,0,0,0,2371,detection,
2372247,9,4,512,512,0,0,0,100,0,0,61,0,57,40,2372,detection,
2373140,12,16,-1,-1,0,0,0,0,0,0,49,0,0,0,2373,detection,
2375340,1,23,-512,768,-1280,0,100,100,100,0,44,0,64,40,2375,detection,
2376189,8,18,512,512,0,0,0,0,0,0,52,0,0,0,2376,detection,
2376202,7,18,512,512,0,0,0,0,0,0,72,0,0,0,2376,detection,
2376223,17,18,512,512,0,0,0,0,0,0,60,0,0,0,2376,detection,
2377307,1,23,-512,512,-1024,0,100,100,35,0,44,0,64,40,2377,detection,
2377347,6,19,1024,1024,0,0,0,0,0,0,64,0,0,0,2377,detection,
2377364,11,19,1024,1024,0,0,0,0,0,0,59,0,0,0,2377,detection,
2377496,2,29,-512,1024,-1536,0,100,100,28,8,55,0,58,40,2377,detection,
2381432,10,4,512,512,0,0,0,70,0,0,58,0,61,40,2381,detection,
2381829,7,18,512,512,0,0,0,0,0,0,69,0,0,0,2381,detection,
2383443,1,23,-512,512,-1024,0,100,100,0,0,41,0,68,55,2383,detection,
2383551,5,23,-512,512,-1024,0,100,100,100,0,51,0,58,40,2383,detection,
2386168,18,29,-512,1024,-1536,0,100,100,7,10,39,0,69,55,2386,detection,
2388058,8,18,512,512,0,0,0,0,0,0,52,0,0,0,2388,detection,
2388096,17,18,512,512,0,0,0,0,0,0,57,0,0,0,2388,detection,
2389056,13,8,-1,-1,0,0,0,0,0,0,55,0,0,0,2389,detection,
2389100,17,8,-1,-1,0,0,0,70,0,0,90,0,48,40,2389,detection,
2389528,22,2,1024,1024,0,0,0,0,0,0,66,0,0,0,2389,detection,
2390094,6,20,-1,-1,0,0,0,0,0,0,52,0,0,0,2390,detection,
2391772,1,23,-512,512,-1024,0,100,100,0,0,41,0,68,55,2391,detection,
2392301,13,8,-1,-1,0,0,0,0,0,0,54,0,0,0,2392,detection,
2393230,19,11,1024,1024,0,0,0,0,0,0,60,0,0,0,2393,detection,
2394192,8,29,-512,1536,-2048,0,100,100,100,0,68,0,48,40,2394,detection,
2394213,3,29,-512,1536,-2048,0,100,100,100,0,61,0,56,40,2394,detection,
2396724,17,25,-512,-1,-511,100,100,100,0,0,47,0,61,40,2396,detection,
2396750,2,25,-512,-1,-511,100,94,100,0,0,56,0,56,40,2396,detection,
2397333,16,29,-512,1536,-2048,0,100,100,60,0,61,0,56,40,2397,detection,
2398600,19,11,768,768,0,0,0,0,0,0,61,0,0,0,2398,detection,
2399058,20,6,1024,1024,0,0,0,0,0,0,51,0,0,0,2399,detection,
2400181,13,20,-1,-1,0,0,0,0,0,0,51,0,0,0,2400,detection,
2400223,6,20,-1,-1,0,0,0,0,0,0,51,0,0,0,2400,detection,
2404275,22,13,1024,1024,0,0,0,0,0,0,78,0,0,0,2404,detection,
2404284,18,13,1024,1024,0,0,0,0,0,0,57,0,0,0,2404,detection,
2404301,20,13,1024,1024,0,0,0,0,0,0,50,0,0,0,2404,detection,
2407189,8,20,1024,1024,0,0,0,0,0,0,46,0,0,0,2407,detection,
2409284,18,13,1024,1024,0,0,0,0,0,0,57,0,0,0,2409,detection,
2409370,2,13,1024,1024,0,0,0,0,0,0,59,0,0,0,2409,detection,
2416781,15,19,1024,1024,0,0,0,0,0,0,88,0,0,0,2416,detection,
2416808,20,19,1024,1024,0,0,0,0,0,0,56,0,0,0,2416,detection,
2416850,6,19,1024,1024,0,0,0,0,0,0,65,0,0,0,2416,detection,
2416863,11,19,1024,1024,0,0,0,0,0,0,60,0,0,0,2416,detection,
2416910,18,13,1024,1024,0,0,0,0,0,0,56,0,0,0,2416,detection,
2416992,2,13,1024,1024,0,0,0,0,0,0,59,0,0,0,2416,detection,
2419989,14,11,1536,1536,0,0,0,0,0,0,57,0,0,0,2419,detection,
2422018,12,13,1024,1024,0,0,0,0,0,0,55,0,0,0,2422,detection,
2423017,12,30,-512,1536,-2048,0,100,100,100,0,58,0,58,40,2423,detection,
2424627,9,29,-512,1536,-2048,0,100,100,0,0,56,0,58,40,2424,detection,
2429265,12,30,-512,1536,-2048,0,100,100,0,0,57,0,58,40,2429,detection,
2429291,18,30,-512,1536,-2048,0,100,100,100,9,48,0,60,40,2429,detection,
2429308,13,30,-512,1536,-2048,0,100,100,69,9,42,0,66,55,2429,detection,
2431641,12,2,1536,1536,0,0,0,0,0,0,67,0,0,0,2431,detection,
2433246,2,25,-512,768,-1280,0,100,100,94,0,56,0,58,40,2433,detection,
2433524,1,24,-512,768,-1280,0,100,100,100,0,42,0,66,55,2433,detection,
2434853,17,26,-512,1353,-1865,0,100,100,100,0,99,0,48,40,2434,detection,
2437302,13,20,859,859,0,0,0,0,0,0,54,0,0,0,2437,detection,
2438239,1,24,-512,512,-1024,0,100,100,35,0,43,0,66,55,2438,detection,
2439724,19,15,1371,1371,0,0,0,0,0,0,73,0,0,0,2439,detection,
2439737,11,15,1371,1371,0,0,0,0,0,0,55,0,0,0,2439,detection,
2440027,22,16,-1,-1,0,0,0,0,0,0,58,0,0,0,2440,detection,
2442304,13,22,-1,-1,0,0,0,70,0,0,59,0,61,40,2442,detection,
2444714,1,24,-512,512,-1024,0,100,100,0,0,44,0,64,40,2444,detection,
2444751,9,24,-512,512,-1024,0,100,100,30,0,59,0,58,40,2444,detection,
2451976,17,31,-512,1883,-2395,0,100,100,100,0,94,0,48,40,2451,detection,
2452531,15,19,1883,1883,0,0,0,0,0,0,87,0,0,0,2452,detection,
2452554,20,19,1883,1883,0,0,0,0,0,0,58,0,0,0,2452,detection,
2453088,1,24,-512,512,-1024,0,100,100,0,0,44,0,64,40,2453,detection,
2455494,2,25,-512,512,-1024,0,100,100,31,0,57,0,58,40,2455,detection,
2455822,1,2,1024,1024,0,0,0,0,0,0,48,0,0,0,2455,detection,
2455858,14,2,1024,1024,0,0,0,0,0,0,52,0,0,0,2455,detection,
2459856,14,2,512,512,0,0,0,0,0,0,57,0,0,0,2459,detection,
2459857,1,2,512,512,0,0,0,0,0,0,49,0,0,0,2459,detection,
2462229,19,11,3584,3584,0,0,0,0,0,0,100,0,0,0,2462,detection,
2463090,1,6,-1,-1,0,0,0,0,0,0,45,0,0,0,2463,detection,
2463483,11,19,-1,-1,0,0,0,0,0,0,59,0,0,0,2463,detection,
2466578,1,2,512,512,0,0,0,0,0,0,46,0,0,0,2466,detection,
2466621,9,2,512,512,0,0,0,0,0,0,54,0,0,0,2466,detection,
2466725,19,11,3584,3584,0,0,0,0,0,0,96,0,0,0,2466,detection,
2467183,1,24,-512,-1,-511,100,100,100,71,0,44,0,64,40,2467,detection,
2469452,4,31,-512,512,-1024,0,100,100,72,0,88,0,48,40,2469,detection,
2469474,17,31,-512,512,-1024,0,100,100,100,0,95,0,48,40,2469,detection,
2469478,6,31,-512,512,-1024,0,100,100,45,0,96,0,48,40,2469,detection,
2470875,2,25,-512,512,-1024,0,100,100,0,0,54,0,58,40,2470,detection,
2473973,6,31,-512,512,-1024,0,100,100,0,0,97,0,48,40,2473,detection,
2473976,17,31,-512,512,-1024,0,100,100,0,0,95,0,48,40,2473,detection,
2478750,2,25,-512,512,-1024,0,100,100,0,0,55,0,58,40,2478,detection,
2481424,5,11,3584,3584,0,0,0,0,0,0,80,0,0,0,2481,detection,
2481479,19,11,3584,3584,0,0,0,0,0,0,85,0,0,0,2481,detection,
2481863,21,31,-512,512,-1024,0,100,100,31,0,55,0,58,40,2481,detection,
2481868,11,31,-512,512,-1024,0,100,100,60,0,60,0,58,40,2481,detection,
2485544,1,24,-512,768,-1280,0,100,100,100,0,44,0,64,40,2485,detection,
2485595,6,24,-512,768,-1280,0,100,100,100,0,47,0,62,40,2485,detection,
2485600,19,24,-512,768,-1280,0,100,100,92,0,58,0,58,40,2485,detection,
2485621,9,24,-512,768,-1280,0,100,100,30,0,59,0,58,40,2485,detection,
2485621,2,24,-512,768,-1280,0,100,100,92,0,58,0,58,40,2485,detection,
2487328,4,31,-512,512,-1024,0,100,100,0,0,92,0,48,40,2487,detection,
2489369,2,25,-512,537,-1049,0,100,100,3,0,55,0,58,40,2489,detection,
2490799,5,11,3584,3584,0,0,0,0,0,0,74,0,0,0,2490,detection,
2492199,4,31,-512,512,-1024,0,100,100,0,0,95,0,48,40,2492,detection,
2494586,1,2,-1,-1,0,0,0,0,0,0,48,0,0,0,2494,detection,
2494997,2,25,-512,537,-1049,0,100,100,0,0,55,0,58,40,2494,detection,
2495550,5,11,3584,3584,0,0,0,0,0,0,64,0,0,0,2495,detection,
2495983,21,31,-512,512,-1024,0,100,100,0,0,56,0,58,40,2495,detection,
2496077,4,31,-512,512,-1024,0,100,100,0,0,93,0,48,40,2496,detection,
2498743,2,25,-512,537,-1049,0,100,100,0,0,55,0,58,40,2498,detection,
2500245,2,25,-512,537,-1049,0,100,100,0,0,55,0,58,40,2500,detection,
2501077,4,31,-512,512,-1024,0,100,100,0,0,95,0,48,40,2501,detection,
2501112,21,31,-512,512,-1024,0,100,100,0,0,56,0,58,40,2501,detection,
2501710,1,20,512,512,0,0,0,0,0,0,44,0,0,0,2501,detection,
2501744,9,20,512,512,0,0,0,0,0,0,52,0,0,0,2501,detection,
2501926,20,4,-1,-1,0,0,0,100,0,0,61,0,57,40,2501,detection,
2501985,21,4,-1,-1,0,0,0,70,0,0,59,0,61,40,2501,detection,
2501999,9,4,-1,-1,0,0,0,100,0,0,64,0,48,40,2501,detection,
2502102,6,28,-512,1624,-2136,0,100,100,100,0,57,0,58,40,2502,detection,
2504047,5,11,-1,-1,0,0,0,0,0,0,71,0,0,0,2504,detection,
2506221,6,28,-512,1624,-2136,0,100,100,0,0,57,0,58,40,2506,detection,
2506493,2,25,-512,764,-1276,0,100,100,28,0,55,0,58,40,2506,detection,
2507591,1,20,512,512,0,0,0,0,0,0,44,0,0,0,2507,detection,
2509611,21,31,-512,512,-1024,0,100,100,0,0,56,0,58,40,2509,detection,
2510103,17,9,768,768,0,0,0,0,0,0,75,0,0,0,2510,detection,
2510995,2,25,-512,764,-1276,0,100,100,0,0,55,0,58,40,2510,detection,
2511977,17,26,-512,1280,-1792,0,100,100,6,0,95,0,48,40,2511,detection,
2514576,4,9,512,512,0,0,0,0,0,0,93,0,0,0,2514,detection,
2515603,17,8,768,768,0,0,0,70,0,0,86,0,48,40,2515,detection,
2515603,21,8,768,768,0,0,0,0,0,0,61,0,0,0,2515,detection,
2516609,1,20,512,512,0,0,0,0,0,0,44,0,0,0,2516,detection,
2517492,2,25,-512,-1,-511,100,96,100,95,0,54,0,56,40,2517,detection,
2517662,18,12,768,768,0,0,0,0,0,0,38,0,0,0,2517,detection,
2517731,19,12,768,768,0,0,0,70,0,0,53,0,61,40,2517,detection,
2517861,14,11,768,768,0,0,0,0,0,0,57,0,0,0,2517,detection,
2517974,6,28,-512,1624,-2136,0,100,100,0,0,53,0,58,40,2517,detection,
2520822,4,9,512,512,0,0,0,0,0,0,95,0,0,0,2520,detection,
2520852,17,9,512,512,0,0,0,0,0,0,76,0,0,0,2520,detection,
2521360,11,14,1024,1024,0,0,0,70,0,0,58,0,61,40,2521,detection,
2521873,9,20,512,512,0,0,0,0,0,0,52,0,0,0,2521,detection,
2521954,16,22,-1,-1,0,0,0,70,0,0,55,0,61,40,2521,detection,
2521988,14,22,-1,-1,0,0,0,0,0,0,43,0,0,0,2521,detection,
2522683,8,4,742,742,0,0,0,0,0,0,57,0,0,0,2522,detection,
2522708,3,4,742,742,0,0,0,0,0,0,58,0,0,0,2522,detection,
2522734,21,4,742,742,0,0,0,70,0,0,59,0,61,40,2522,detection,
2522738,14,4,742,742,0,0,0,0,0,0,53,0,0,0,2522,detection,
2522744,9,4,742,742,0,0,0,100,0,0,62,0,54,40,2522,detection,
2522769,12,4,742,742,0,0,0,100,0,0,56,0,60,40,2522,detection,
2522773,22,4,742,742,0,0,0,90,0,0,52,0,60,40,2522,detection,
2523413,18,12,512,512,0,0,0,0,0,0,39,0,0,0,2523,detection,
2523426,5,12,512,512,0,0,0,0,0,0,66,0,0,0,2523,detection,
2524474,17,8,512,512,0,0,0,70,0,0,89,0,48,40,2524,detection,
2524526,22,8,512,512,0,0,0,0,0,0,56,0,0,0,2524,detection,
2525232,21,25,-512,1254,-1766,0,100,100,33,0,40,0,69,55,2525,detection,
2525246,2,25,-512,1254,-1766,0,100,100,100,0,58,0,58,40,2525,detection,
2527221,6,19,1254,1254,0,0,0,0,0,0,64,0,0,0,2527,detection,
2529231,21,4,662,662,0,0,0,70,0,0,59,0,61,40,2529,detection,
2529261,12,4,662,662,0,0,0,100,0,0,56,0,60,40,2529,detection,
2529329,3,4,662,662,0,0,0,0,0,0,58,0,0,0,2529,detection,
2529496,9,20,512,512,0,0,0,0,0,0,53,0,0,0,2529,detection,
2532469,6,19,-1,-1,0,0,0,0,0,0,59,0,0,0,2532,detection,
2533351,17,25,-512,1148,-1660,0,100,100,100,0,50,0,58,40,2533,detection,
2533358,21,25,-512,1148,-1660,0,100,100,15,0,39,0,69,55,2533,detection,
2533372,2,25,-512,1148,-1660,0,100,100,12,0,57,0,58,40,2533,detection,
2533465,1,3,1009,1009,0,0,0,0,0,0,44,0,0,0,2533,detection,
2534034,18,12,-1,-1,0,0,0,0,0,0,41,0,0,0,2534,detection,
2534046,5,12,-1,-1,0,0,0,0,0,0,68,0,0,0,2534,detection,
2536738,1,3,1009,1009,0,0,0,0,0,0,44,0,0,0,2536,detection,
2539575,4,30,-512,1024,-1536,0,100,100,32,0,52,0,58,40,2539,detection,
2540538,18,2,-1,-1,0,0,0,0,0,0,59,0,0,0,2540,detection,
2540573,4,2,-1,-1,0,0,0,0,0,0,59,0,0,0,2540,detection,
2540585,3,2,-1,-1,0,0,0,0,0,0,64,0,0,0,2540,detection,
2540602,1,2,-1,-1,0,0,0,0,0,0,51,0,0,0,2540,detection,
2540641,12,2,-1,-1,0,0,0,0,0,0,68,0,0,0,2540,detection,
2541454,7,9,-1,-1,0,0,0,0,0,0,60,0,0,0,2541,detection,
2544049,5,30,-512,1024,-1536,0,100,100,100,0,59,0,58,40,2544,detection,
2544074,4,30,-512,1024,-1536,0,100,100,0,0,52,0,58,40,2544,detection,
2544083,3,30,-512,1024,-1536,0,100,100,31,0,56,0,58,40,2544,detection,
2544138,12,30,-512,1024,-1536,0,100,100,62,0,57,0,58,40,2544,detection,
2544594,1,3,1009,1009,0,0,0,0,0,0,43,0,0,0,2544,detection,
2544653,22,3,1009,1009,0,0,0,0,0,0,44,0,0,0,2544,detection,
2545120,21,17,768,768,0,0,0,0,0,0,57,0,0,0,2545,detection,
2545663,18,2,-1,-1,0,0,0,0,0,0,61,0,0,0,2545,detection,
2545701,4,2,-1,-1,0,0,0,0,0,0,62,0,0,0,2545,detection,
2545723,1,2,-1,-1,0,0,0,0,0,0,50,0,0,0,2545,detection,
2552486,11,22,768,768,0,0,0,70,0,0,58,0,61,40,2552,detection,
2561553,20,3,-1,-1,0,0,0,0,0,0,43,0,0,0,2561,detection,
2564396,1,2,768,768,0,0,0,0,0,0,49,0,0,0,2564,detection,
2564413,18,2,768,768,0,0,0,0,0,0,63,0,0,0,2564,detection,
2564431,10,2,768,768,0,0,0,0,0,0,50,0,0,0,2564,detection,
2564448,4,2,768,768,0,0,0,0,0,0,61,0,0,0,2564,detection,
2564460,3,2,768,768,0,0,0,0,0,0,59,0,0,0,2564,detection,
2564513,12,2,768,768,0,0,0,0,0,0,66,0,0,0,2564,detection,
2567099,17,18,1280,1280,0,0,0,0,0,0,60,0,0,0,2567,detection,
2567221,6,3,-1,-1,0,0,0,0,0,0,59,0,0,0,2567,detection,
2567865,14,12,768,768,0,0,0,70,0,0,63,0,48,40,2567,detection,
2568887,12,4,-1,-1,0,0,0,100,0,0,59,0,60,40,2568,detection,
2569558,1,2,512,512,0,0,0,0,0,0,50,0,0,0,2569,detection,
2572276,1,2,512,512,0,0,0,0,0,0,51,0,0,0,2572,detection,
2572302,10,2,512,512,0,0,0,0,0,0,51,0,0,0,2572,detection,
2572764,12,4,-1,-1,0,0,0,100,0,0,59,0,60,40,2572,detection,
2572805,10,4,-1,-1,0,0,0,70,0,0,58,0,61,40,2572,detection,
2572810,8,4,-1,-1,0,0,0,0,0,0,56,0,0,0,2572,detection,
2572831,3,4,-1,-1,0,0,0,0,0,0,53,0,0,0,2572,detection,
2572848,6,4,-1,-1,0,0,0,70,0,0,57,0,61,40,2572,detection,
2573038,18,12,-1,-1,0,0,0,0,0,0,45,0,0,0,2573,detection,
2573050,5,12,-1,-1,0,0,0,0,0,0,67,0,0,0,2573,detection,
2573224,17,8,-1,-1,0,0,0,70,0,0,85,0,48,40,2573,detection,
2573233,21,8,-1,-1,0,0,0,0,0,0,60,0,0,0,2573,detection,
2573305,13,8,-1,-1,0,0,0,0,0,0,58,0,0,0,2573,detection,
2574241,11,19,768,768,0,0,0,0,0,0,59,0,0,0,2574,detection,
2577059,10,12,742,742,0,0,0,0,0,0,67,0,0,0,2577,detection,
2577111,11,12,742,742,0,0,0,0,0,0,63,0,0,0,2577,detection,
2578280,1,2,512,512,0,0,0,0,0,0,51,0,0,0,2578,detection,
2578285,18,2,512,512,0,0,0,0,0,0,64,0,0,0,2578,detection,
2578391,12,2,512,512,0,0,0,0,0,0,68,0,0,0,2578,detection,
2579369,11,22,742,742,0,0,0,70,0,0,57,0,61,40,2579,detection,
2579432,20,6,1254,1254,0,0,0,0,0,0,54,0,0,0,2579,detection,
2579928,5,30,-512,512,-1024,0,100,100,58,0,64,0,48,40,2579,detection,
2581078,7,20,1766,1766,0,0,0,0,0,0,56,0,0,0,2581,detection,
2581099,6,20,1766,1766,0,0,0,0,0,0,54,0,0,0,2581,detection,
2581120,9,20,1766,1766,0,0,0,0,0,0,56,0,0,0,2581,detection,
2583179,20,13,1766,1766,0,0,0,0,0,0,53,0,0,0,2583,detection,
2583205,7,13,1766,1766,0,0,0,0,0,0,82,0,0,0,2583,detection,
2583362,14,2,512,512,0,0,0,0,0,0,58,0,0,0,2583,detection,
2583490,11,12,719,719,0,0,0,0,0,0,62,0,0,0,2583,detection,
2584319,1,24,-512,1024,-1536,0,100,100,35,0,43,0,66,55,2584,detection,
2585105,17,31,-512,1766,-2278,0,100,100,100,0,84,0,48,40,2585,detection,
2588075,7,13,1766,1766,0,0,0,0,0,0,79,0,0,0,2588,detection,
2588179,13,20,1766,1766,0,0,0,0,0,0,58,0,0,0,2588,detection,
2588240,14,12,719,719,0,0,0,70,0,0,62,0,55,40,2588,detection,
2588243,9,20,1766,1766,0,0,0,0,0,0,56,0,0,0,2588,detection,
2588737,11,30,-512,512,-1024,0,100,100,59,0,62,0,54,40,2588,detection,
2588980,17,26,-512,1024,-1536,0,100,100,23,0,92,0,48,40,2588,detection,
2589360,14,2,512,512,0,0,0,0,0,0,59,0,0,0,2589,detection,
2589386,12,2,512,512,0,0,0,0,0,0,65,0,0,0,2589,detection,
2589415,18,2,512,512,0,0,0,0,0,0,65,0,0,0,2589,detection,
2589436,8,2,512,512,0,0,0,0,0,0,58,0,0,0,2589,detection,
2589453,4,2,512,512,0,0,0,0,0,0,59,0,0,0,2589,detection,
2590387,12,4,1024,1024,0,0,0,100,0,0,58,0,60,40,2590,detection,
2590620,9,29,-512,2278,-2790,0,100,100,88,0,59,0,58,40,2590,detection,
2591982,14,2,512,512,0,0,0,0,0,0,59,0,0,0,2591,detection,
2592013,12,2,512,512,0,0,0,0,0,0,66,0,0,0,2592,detection,
2592477,17,8,1024,1024,0,0,0,70,0,0,82,0,48,40,2592,detection,
2594157,15,18,1280,1280,0,0,0,0,0,0,55,0,0,0,2594,detection,
2594188,8,18,1280,1280,0,0,0,0,0,0,56,0,0,0,2594,detection,
2594859,14,12,723,723,0,0,0,70,0,0,61,0,58,40,2594,detection,
2594862,11,12,723,723,0,0,0,0,0,0,57,0,0,0,2594,detection,
2595954,1,24,-512,1235,-1747,0,100,100,31,0,38,0,69,55,2595,detection,
2596612,11,30,-512,512,-1024,0,100,100,0,0,59,0,58,40,2596,detection,
2596621,9,29,-512,2278,-2790,0,100,100,0,0,58,0,58,40,2596,detection,
2596685,20,29,-512,2278,-2790,0,100,100,100,0,61,0,56,40,2596,detection,
2596706,7,29,-512,2278,-2790,0,100,100,98,0,55,0,58,40,2596,detection,
2596711,3,29,-512,2278,-2790,0,100,100,85,0,63,0,48,40,2596,detection,
2596933,20,13,1970,1970,0,0,0,0,0,0,54,0,0,0,2596,detection,
2599511,12,2,742,742,0,0,0,0,0,0,64,0,0,0,2599,detection,
2599533,15,2,742,742,0,0,0,0,0,0,57,0,0,0,2599,detection,
2599536,18,2,742,742,0,0,0,0,0,0,63,0,0,0,2599,detection,
2599734,11,12,723,723,0,0,0,0,0,0,56,0,0,0,2599,detection,
2600703,3,7,768,768,0,0,0,0,0,0,55,0,0,0,2600,detection,
2602296,5,30,-512,512,-1024,0,100,100,0,0,65,0,48,40,2602,detection,
2603681,8,4,1792,1792,0,0,0,0,0,0,56,0,0,0,2603,detection,
2603706,16,4,1792,1792,0,0,0,70,0,0,59,0,61,40,2603,detection,
2603720,6,4,1792,1792,0,0,0,70,0,0,57,0,61,40,2603,detection,
2605085,1,24,-512,-1,-511,100,100,100,100,0,42,0,67,55,2605,detection,
2607154,15,18,-1,-1,0,0,0,0,0,0,55,0,0,0,2607,detection,
2607928,20,13,1970,1970,0,0,0,0,0,0,54,0,0,0,2607,detection,
2607957,3,13,1970,1970,0,0,0,0,0,0,52,0,0,0,2607,detection,
2608185,8,4,1792,1792,0,0,0,0,0,0,56,0,0,0,2608,detection,
2608202,16,4,1792,1792,0,0,0,70,0,0,58,0,61,40,2608,detection,
2609554,13,29,-512,2278,-2790,0,100,100,100,0,60,0,58,40,2609,detection,
2609583,3,29,-512,2278,-2790,0,100,100,0,0,61,0,56,40,2609,detection,
2612720,1,24,-512,768,-1280,0,100,100,100,0,42,0,66,55,2612,detection,
2612722,17,8,768,768,0,0,0,70,0,0,79,0,48,40,2612,detection,
2613685,8,4,1792,1792,0,0,0,0,0,0,52,0,0,0,2613,detection,
2613719,6,4,1792,1792,0,0,0,70,0,0,52,0,61,40,2613,detection,
2615683,20,23,-512,1254,-1766,0,100,100,88,0,59,0,58,40,2615,detection,
2615705,4,23,-512,1254,-1766,0,100,100,3,0,57,0,58,40,2615,detection,
2615726,6,23,-512,1254,-1766,0,100,100,100,0,59,0,58,40,2615,detection,
2615786,15,23,-512,1254,-1766,0,100,100,100,0,43,0,66,55,2615,detection,
2616411,18,2,949,949,0,0,0,0,0,0,59,0,0,0,2616,detection,
2616446,4,2,949,949,0,0,0,0,0,0,57,0,0,0,2616,detection,
2616454,16,2,949,949,0,0,0,0,0,0,58,0,0,0,2616,detection,
2616458,3,2,949,949,0,0,0,0,0,0,58,0,0,0,2616,detection,
2617078,3,13,-1,-1,0,0,0,0,0,0,55,0,0,0,2617,detection,
2617263,1,24,-512,768,-1280,0,100,100,0,0,42,0,66,55,2617,detection,
2620235,14,4,-1,-1,0,0,0,0,0,0,57,0,0,0,2620,detection,
2620249,9,4,-1,-1,0,0,0,100,0,0,61,0,57,40,2620,detection,
2620312,8,4,-1,-1,0,0,0,0,0,0,56,0,0,0,2620,detection,
2620533,15,23,-512,1536,-2048,0,100,100,38,0,46,0,63,40,2620,detection,
2620597,6,23,-512,1536,-2048,0,100,100,33,0,59,0,58,40,2620,detection,
2620614,14,23,-512,1536,-2048,0,100,100,100,0,52,0,58,40,2620,detection,
2621332,3,30,-512,-1,-511,100,94,100,100,0,56,0,56,40,2621,detection,
2621357,21,30,-512,-1,-511,100,96,100,100,0,54,0,56,40,2621,detection,
2621425,5,30,-512,-1,-511,100,88,100,59,0,63,0,49,40,2621,detection,
2622305,13,2,949,949,0,0,0,0,0,0,59,0,0,0,2622,detection,
2622331,3,2,949,949,0,0,0,0,0,0,57,0,0,0,2622,detection,
2622380,9,2,949,949,0,0,0,0,0,0,55,0,0,0,2622,detection,
2623427,13,29,-512,-1,-511,100,89,100,100,0,62,0,53,40,2623,detection,
2624160,1,28,-512,768,-1280,0,100,100,35,0,44,0,64,40,2624,detection,
2625079,1,24,-512,742,-1254,0,100,100,3,0,41,0,68,55,2625,detection,
2626081,3,2,949,949,0,0,0,0,0,0,56,0,0,0,2626,detection,
2626176,13,2,949,949,0,0,0,0,0,0,59,0,0,0,2626,detection,
2628105,1,24,-512,742,-1254,0,100,100,0,0,41,0,68,55,2628,detection,
2628159,15,23,-512,1536,-2048,0,100,100,0,0,46,0,63,40,2628,detection,
2628203,4,23,-512,1536,-2048,0,100,100,35,0,53,0,58,40,2628,detection,
2628223,6,23,-512,1536,-2048,0,100,100,0,0,58,0,58,40,2628,detection,
2631928,13,29,-512,-1,-511,100,89,100,0,0,61,0,54,40,2631,detection,
2631999,2,29,-512,-1,-511,100,93,100,100,0,57,0,56,40,2631,detection,
2632001,9,29,-512,-1,-511,100,92,100,100,0,58,0,56,40,2632,detection,
2632037,18,29,-512,-1,-511,100,100,100,100,9,43,0,66,55,2632,detection,
2633003,1,28,-512,768,-1280,0,100,100,0,0,39,0,69,55,2633,detection,
2633050,13,2,949,949,0,0,0,0,0,0,59,0,0,0,2633,detection,
2634997,2,23,-512,-1,-511,100,98,100,66,0,51,0,56,40,2634,detection,
2635074,4,23,-512,-1,-511,100,94,100,100,0,56,0,56,40,2635,detection,
2635606,21,31,-512,-1,-511,100,83,100,56,0,69,0,49,40,2635,detection,
2637066,1,28,-512,768,-1280,0,100,100,0,0,44,0,64,40,2637,detection,
2637216,1,24,-512,719,-1231,0,100,100,3,0,41,0,68,55,2637,detection,
2640192,1,24,-512,-1,-511,100,100,100,100,0,40,0,71,55,2640,detection,
2646845,1,24,-512,-1,-511,100,100,100,0,0,37,0,74,55,2646,detection,
2647817,1,28,-512,-256,-256,100,53,100,100,0,44,0,64,40,2647,detection,
2652439,1,24,-512,-1,-511,100,100,100,0,0,40,0,71,55,2652,detection,
2654366,11,22,768,768,0,0,0,70,0,0,58,0,61,40,2654,detection,
2657462,1,24,-512,-1,-511,100,100,100,0,0,40,0,71,55,2657,detection,
2670199,1,28,-512,768,-1280,0,100,100,100,0,45,0,63,40,2670,detection,
2670980,19,11,768,768,0,0,0,0,0,0,91,0,0,0,2670,detection,
2670985,14,11,768,768,0,0,0,0,0,0,53,0,0,0,2670,detection,
2674238,14,11,512,512,0,0,0,0,0,0,54,0,0,0,2674,detection,
2674476,1,24,-512,512,-1024,0,100,100,73,0,41,0,68,55,2674,detection,
2675902,15,19,-1,-1,0,0,0,0,0,0,83,0,0,0,2675,detection,
2675929,20,19,-1,-1,0,0,0,0,0,0,57,0,0,0,2675,detection,
2675989,11,19,-1,-1,0,0,0,0,0,0,54,0,0,0,2675,detection,
2680387,1,28,-512,-1,-511,100,100,100,100,0,45,0,62,40,2680,detection,
2681154,15,19,768,768,0,0,0,0,0,0,79,0,0,0,2681,detection,
2681240,11,19,768,768,0,0,0,0,0,0,58,0,0,0,2681,detection,
2681481,19,23,-512,-1,-511,100,100,100,74,0,40,0,71,55,2681,detection,
2681484,14,23,-512,-1,-511,100,97,100,100,0,52,0,56,40,2681,detection,
2681490,11,23,-512,-1,-511,100,96,100,64,0,54,0,56,40,2681,detection,
2683359,14,22,768,768,0,0,0,0,0,0,46,0,0,0,2683,detection,
2683375,11,22,768,768,0,0,0,70,0,0,58,0,61,40,2683,detection,
2683479,19,22,768,768,0,0,0,70,0,0,57,0,61,40,2683,detection,
2684477,6,28,-512,-1,-511,100,94,100,100,0,56,0,56,40,2684,detection,
2684546,1,28,-512,-1,-511,100,100,100,0,0,44,0,64,40,2684,detection,
2688197,1,24,-512,512,-1024,0,100,100,0,0,42,0,66,55,2688,detection,
2694885,1,23,-512,768,-1280,0,100,100,36,0,41,0,68,55,2694,detection,
2696263,1,24,-512,512,-1024,0,100,100,0,0,43,0,66,55,2696,detection,
2696865,1,3,768,768,0,0,0,0,0,0,39,0,0,0,2696,detection,
2696900,22,3,768,768,0,0,0,0,0,0,48,0,0,0,2696,detection,
2700501,1,24,-512,512,-1024,0,100,100,0,0,44,0,64,40,2700,detection,
2700855,19,11,512,512,0,0,0,0,0,0,97,0,0,0,2700,detection,
2700860,14,11,512,512,0,0,0,0,0,0,55,0,0,0,2700,detection,
2700906,15,11,512,512,0,0,0,0,0,0,60,0,0,0,2700,detection,
2702744,1,23,-512,512,-1024,0,100,100,36,0,41,0,68,55,2702,detection,
2702855,19,23,-512,512,-1024,0,100,100,71,0,44,0,64,40,2702,detection,
2702860,14,23,-512,512,-1024,0,100,100,63,0,56,0,58,40,2702,detection,
2702865,11,23,-512,512,-1024,0,100,100,63,0,55,0,58,40,2702,detection,
2703312,1,3,512,512,0,0,0,0,0,0,40,0,0,0,2703,detection,
2705904,15,19,1024,1024,0,0,0,0,0,0,76,50,68,55,2705,detection,
2705934,20,19,1024,1024,0,0,0,0,0,0,59,0,0,0,2705,detection,
2707562,1,3,512,512,0,0,0,0,0,0,40,0,0,0,2707,detection,
2708474,1,23,-512,512,-1024,0,100,100,0,0,41,0,68,55,2708,detection,
2709404,1,24,-512,512,-1024,0,100,100,0,0,44,0,64,40,2709,detection,
2711374,9,20,1280,1280,0,0,0,0,0,0,59,0,0,0,2711,detection,
2714409,1,3,-1,-1,0,0,0,0,0,0,44,0,0,0,2714,detection,
2715101,19,14,768,768,0,100,0,70,0,0,64,0,49,40,2715,detection,
2715111,11,14,768,768,0,100,0,70,0,0,65,0,49,40,2715,detection,
2716112,14,11,768,768,0,0,0,0,0,0,54,0,0,0,2716,detection,
2716159,15,11,768,768,0,0,0,0,0,0,59,0,0,0,2716,detection,
2716228,19,11,768,768,0,0,0,0,0,0,98,0,0,0,2716,detection,
2716826,4,9,-1,-1,0,0,0,0,0,0,86,0,0,0,2716,detection,
2717513,12,30,-512,1280,-1792,0,100,100,31,0,56,0,58,40,2717,detection,
2717561,10,30,-512,1280,-1792,0,100,100,33,0,59,0,58,40,2717,detection,
2717612,21,30,-512,1280,-1792,0,100,100,100,0,57,0,58,40,2717,detection,
2717621,9,30,-512,1280,-1792,0,100,100,100,0,58,0,58,40,2717,detection,
2718330,16,10,1280,1280,0,0,0,70,0,0,65,0,48,40,2718,detection,
2719451,4,31,-512,-1,-511,100,69,100,46,0,93,0,49,40,2719,detection,
2719974,17,18,1280,1280,0,0,0,0,0,0,59,0,0,0,2719,detection,
2720081,7,18,1280,1280,0,0,0,0,0,0,68,0,0,0,2720,detection,
2720292,1,3,-1,-1,0,0,0,0,0,0,85,0,0,0,2720,detection,
2720473,6,19,1280,1280,0,0,0,0,0,0,62,0,0,0,2720,detection,
2720490,11,19,1280,1280,0,0,0,0,0,0,57,0,0,0,2720,detection,
2720528,15,19,1280,1280,0,0,0,0,0,0,73,0,0,0,2720,detection,
2720559,20,19,1280,1280,0,0,0,0,0,0,58,0,0,0,2720,detection,
2720892,1,23,-512,768,-1280,0,100,100,36,0,41,0,68,55,2720,detection,
2721039,1,23,-512,768,-1280,0,100,100,0,0,41,0,68,55,2721,detection,
2722399,22,8,512,512,0,0,0,0,0,0,58,0,0,0,2722,detection,
2722872,1,24,-512,768,-1280,0,100,100,37,0,40,0,69,55,2722,detection,
2724078,7,18,1280,1280,0,0,0,0,0,0,64,0,0,0,2724,detection,
2724672,5,12,1280,1280,0,0,0,0,0,0,65,0,0,0,2724,detection,
2724725,19,12,1280,1280,0,0,0,70,0,0,56,0,61,40,2724,detection,
2725214,1,3,512,512,0,0,0,0,0,0,85,0,0,0,2725,detection,
2727155,15,19,1280,1280,0,0,0,0,0,0,71,0,0,0,2727,detection,
2727178,20,19,1280,1280,0,0,0,0,0,0,57,0,0,0,2727,detection,
2727527,15,19,1280,1280,0,0,0,0,0,0,68,0,0,0,2727,detection,
2727554,20,19,1280,1280,0,0,0,0,0,0,56,0,0,0,2727,detection,
2727597,6,19,1280,1280,0,0,0,0,0,0,61,0,0,0,2727,detection,
2727610,11,19,1280,1280,0,0,0,0,0,0,57,0,0,0,2727,detection,
2728018,12,30,-512,1280,-1792,0,100,100,0,0,56,0,58,40,2728,detection,
2728057,13,30,-512,1280,-1792,0,100,100,36,9,42,0,66,55,2728,detection,
2729399,22,8,512,512,0,0,0,0,0,0,59,0,0,0,2729,detection,
2730103,19,14,1280,1280,0,0,0,0,0,0,63,0,0,0,2730,detection,
2730142,12,14,1280,1280,0,0,0,70,0,0,50,0,61,40,2730,detection,
2734500,1,3,512,512,0,0,0,0,0,0,85,0,0,0,2734,detection,
2734802,1,24,-512,512,-1024,0,100,100,36,0,41,0,68,55,2734,detection,
2739156,1,24,-512,512,-1024,0,100,100,0,0,41,0,68,55,2739,detection,
2739724,19,14,1280,1280,0,0,0,0,0,0,61,0,0,0,2739,detection,
2739733,11,14,1280,1280,0,0,0,70,0,0,64,0,48,40,2739,detection,
2739737,21,14,1280,1280,0,0,0,70,0,0,41,0,74,55,2739,detection,
2742984,11,19,1792,1792,0,0,0,0,0,0,56,0,0,0,2742,detection,
2743861,11,14,1280,1280,0,0,0,70,0,0,62,0,55,40,2743,detection,
2746501,9,29,-512,1792,-2304,0,100,100,100,0,57,0,58,40,2746,detection,
2746935,8,4,1280,1280,0,0,0,0,0,0,55,0,0,0,2746,detection,
2747865,1,3,512,512,0,0,0,0,0,0,85,0,0,0,2747,detection,
2749103,19,15,-1,-1,0,0,0,0,0,0,74,0,0,0,2749,detection,
2749111,11,15,-1,-1,0,0,0,0,0,0,59,0,0,0,2749,detection,
2750486,1,23,-512,537,-1049,0,100,100,33,0,41,0,68,55,2750,detection,
2753054,13,29,-512,1792,-2304,0,100,100,100,0,60,0,58,40,2753,detection,
2755227,19,15,-1,-1,0,0,0,0,0,0,72,0,0,0,2755,detection,
2755486,11,30,-512,1792,-2304,0,100,100,100,0,62,0,54,40,2755,detection,
2755490,14,30,-512,1792,-2304,0,100,100,100,0,60,0,58,40,2755,detection,
2755877,1,3,512,512,0,0,0,0,0,0,81,0,0,0,2755,detection,
2758602,17,9,-1,-1,0,0,0,0,0,0,73,0,0,0,2758,detection,
2759622,1,24,-512,512,-1024,0,100,100,0,0,41,0,68,55,2759,detection,
2759623,9,24,-512,512,-1024,0,100,100,30,0,59,0,58,40,2759,detection,
2761929,13,29,-512,1792,-2304,0,100,100,0,0,59,0,58,40,2761,detection,
2761964,3,29,-512,1792,-2304,0,100,100,55,0,64,0,48,40,2761,detection,
2764114,1,23,-512,577,-1089,0,100,100,5,0,37,0,69,55,2764,detection,
2767610,11,30,-512,2048,-2560,0,100,100,29,0,62,0,54,40,2767,detection,
2767611,14,30,-512,2048,-2560,0,100,100,30,0,60,0,58,40,2767,detection,
2767678,5,30,-512,2048,-2560,0,100,100,100,0,63,0,48,40,2767,detection,
2767682,10,30,-512,2048,-2560,0,100,100,91,0,59,0,58,40,2767,detection,
2767682,13,30,-512,2048,-2560,0,100,100,100,9,47,0,62,40,2767,detection,
2769974,17,8,-1,-1,0,0,0,70,0,0,79,0,48,40,2769,detection,
2771430,10,30,-512,2048,-2560,0,100,100,0,0,59,0,58,40,2771,detection,
2771430,13,30,-512,2048,-2560,0,100,100,0,0,48,0,60,40,2771,detection,
2771485,11,30,-512,2048,-2560,0,100,100,0,0,61,0,56,40,2771,detection,
2771485,14,30,-512,2048,-2560,0,100,100,0,0,60,0,58,40,2771,detection,
2771502,9,30,-512,2048,-2560,0,100,100,92,0,58,0,58,40,2771,detection,
2774551,5,18,3584,3584,0,0,0,0,0,0,88,0,0,0,2774,detection,
2779424,5,18,3584,3584,0,0,0,0,0,0,86,0,0,0,2779,detection,
2784295,5,18,3584,3584,0,0,0,0,0,0,79,0,0,0,2784,detection,
2786974,6,31,-512,-1,-511,100,66,100,44,0,100,0,49,40,2786,detection,
2788592,1,23,-512,-1,-511,100,100,100,83,0,40,0,71,55,2788,detection,
2790099,17,18,3584,3584,0,0,0,0,0,0,100,0,0,0,2790,detection,
2800072,1,23,-512,512,-1024,0,100,100,66,0,51,0,58,40,2800,detection,
2804374,9,16,-1,-1,0,0,0,0,0,0,42,0,0,0,2804,detection,
2805897,22,4,-1,-1,0,0,0,77,0,0,55,0,60,40,2805,detection,
2805931,8,4,-1,-1,0,0,0,0,0,0,55,0,0,0,2805,detection,
2808377,9,16,-1,-1,0,0,0,0,0,0,45,0,0,0,2808,detection,
2808403,22,16,-1,-1,0,0,0,0,0,0,57,0,0,0,2808,detection,
2813625,1,20,768,768,0,0,0,0,0,0,40,0,0,0,2813,detection,
2813677,13,20,768,768,0,0,0,0,0,0,57,0,0,0,2813,detection,
2813723,6,20,768,768,0,0,0,0,0,0,58,0,0,0,2813,detection,
2815450,4,23,-512,768,-1280,0,100,100,94,0,56,0,58,40,2815,detection,
2815483,1,23,-512,768,-1280,0,100,100,33,0,49,0,59,40,2815,detection,
2815531,15,23,-512,768,-1280,0,100,100,100,0,45,0,63,40,2815,detection,
2817547,5,11,1536,1536,0,0,0,0,0,0,80,0,0,0,2817,detection,
2818301,5,18,1792,1792,0,0,0,0,0,0,84,0,0,0,2818,detection,
2818349,17,18,1792,1792,0,0,0,0,0,0,100,0,0,0,2818,detection,
2819393,12,30,-512,1024,-1536,0,100,100,31,0,57,0,58,40,2819,detection,
2819414,18,30,-512,1024,-1536,0,100,100,65,0,52,0,58,40,2819,detection,
2819436,10,30,-512,1024,-1536,0,100,100,100,0,60,0,58,40,2819,detection,
2819484,11,30,-512,1024,-1536,0,100,100,100,0,63,0,48,40,2819,detection,
2819496,2,30,-512,1024,-1536,0,100,100,100,0,57,0,58,40,2819,detection,
2819624,1,20,512,512,0,0,0,0,0,0,41,0,0,0,2819,detection,
2819748,9,20,512,512,0,0,0,0,0,0,59,0,0,0,2819,detection,
2820767,12,2,1536,1536,0,0,0,0,0,0,66,0,0,0,2820,detection,
2820787,18,2,1536,1536,0,0,0,0,0,0,61,0,0,0,2820,detection,
2820805,10,2,1536,1536,0,0,0,0,0,0,54,0,0,0,2820,detection,
2820946,4,9,768,768,0,0,0,0,0,0,85,0,0,0,2820,detection,
2820950,16,9,768,768,0,0,0,0,0,0,49,0,0,0,2820,detection,
2822045,5,11,2304,2304,0,0,0,0,0,0,86,0,0,0,2822,detection,
2822513,12,30,-512,768,-1280,0,100,100,32,0,54,0,58,40,2822,detection,
2822534,18,30,-512,768,-1280,0,100,100,32,0,53,0,58,40,2822,detection,
2822548,5,30,-512,768,-1280,0,100,100,100,0,64,0,48,40,2822,detection,
2822556,10,30,-512,768,-1280,0,100,100,29,0,62,0,54,40,2822,detection,
2822612,11,30,-512,768,-1280,0,100,100,29,0,64,0,48,40,2822,detection,
2822620,2,30,-512,768,-1280,0,100,100,31,0,55,0,58,40,2822,detection,
2824489,14,12,-1,-1,0,0,0,70,0,0,64,0,48,40,2824,detection,
2826277,1,23,-512,512,-1024,0,100,100,33,0,49,0,59,40,2826,detection,
2826282,15,23,-512,512,-1024,0,100,100,34,0,46,0,63,40,2826,detection,
2826325,4,23,-512,512,-1024,0,100,100,31,0,57,0,58,40,2826,detection,
2826354,19,23,-512,512,-1024,0,100,100,0,0,44,0,64,40,2826,detection,
2826547,1,20,512,512,0,0,0,0,0,0,41,0,0,0,2826,detection,
2826594,6,20,512,512,0,0,0,0,0,0,59,0,0,0,2826,detection,
2833059,1,23,-512,512,-1024,0,100,100,0,0,49,0,59,40,2833,detection,
2833103,6,23,-512,512,-1024,0,100,100,100,0,59,0,58,40,2833,detection,
2833107,19,23,-512,512,-1024,0,100,100,0,0,44,0,64,40,2833,detection,
2834670,5,11,2048,2048,0,0,0,0,0,0,84,0,0,0,2834,detection,
2835776,22,4,-1,-1,0,0,0,70,0,0,54,0,61,40,2835,detection,
2835808,20,4,-1,-1,0,0,0,100,0,0,60,0,60,40,2835,detection,
2835898,1,20,-1,-1,0,0,0,0,0,0,44,0,0,0,2835,detection,
2835993,2,20,-1,-1,0,0,0,0,0,0,51,0,0,0,2835,detection,
2836182,10,2,1536,1536,0,0,0,0,0,0,58,0,0,0,2836,detection,
2836264,12,2,1536,1536,0,0,0,0,0,0,64,0,0,0,2836,detection,
2837473,17,18,1536,1536,0,0,0,0,0,0,100,0,0,0,2837,detection,
2837546,5,18,1536,1536,0,0,0,0,0,0,86,0,0,0,2837,detection,
2838484,11,12,-1,-1,0,0,0,0,0,0,61,0,0,0,2838,detection,
2839172,1,23,-512,512,-1024,0,100,100,0,0,49,0,59,40,2839,detection,
2839186,20,23,-512,512,-1024,0,100,100,88,0,59,0,58,40,2839,detection,
2842596,6,23,-512,512,-1024,0,100,100,0,0,59,0,58,40,2842,detection,
2842600,19,23,-512,512,-1024,0,100,100,0,0,44,0,64,40,2842,detection,
2846589,1,2,768,768,0,0,0,0,0,0,46,0,0,0,2846,detection,
2846636,12,2,768,768,0,0,0,0,0,0,63,0,0,0,2846,detection,
2846650,22,2,768,768,0,0,0,0,0,0,65,0,0,0,2846,detection,
2846661,18,2,768,768,0,0,0,0,0,0,60,0,0,0,2846,detection,
2846675,13,2,768,768,0,0,0,0,0,0,54,0,0,0,2846,detection,
2846679,20,2,768,768,0,0,0,0,0,0,51,0,0,0,2846,detection,
2846687,8,2,768,768,0,0,0,0,0,0,57,0,0,0,2846,detection,
2846892,12,30,-512,2048,-2560,0,100,100,100,0,58,0,58,40,2846,detection,
2847152,22,4,512,512,0,0,0,70,0,0,59,0,61,40,2847,detection,
2847182,20,4,512,512,0,0,0,100,0,0,57,0,60,40,2847,detection,
2849809,1,20,-1,-1,0,0,0,0,0,0,44,0,0,0,2849,detection,
2849873,9,20,-1,-1,0,0,0,0,0,0,59,0,0,0,2849,detection,
2851285,15,2,768,768,0,0,0,0,0,0,53,0,0,0,2851,detection,
2851331,16,2,768,768,0,0,0,0,0,0,57,0,0,0,2851,detection,
2851335,3,30,-512,2048,-2560,0,100,100,100,0,56,0,58,40,2851,detection,
2851369,1,2,768,768,0,0,0,0,0,0,44,0,0,0,2851,detection,
2851374,9,2,768,768,0,0,0,0,0,0,54,0,0,0,2851,detection,
2853776,22,4,512,512,0,0,0,70,0,0,56,0,61,40,2853,detection,
2856448,4,9,1280,1280,0,0,0,0,0,0,81,0,0,0,2856,detection,
2856987,1,2,742,742,0,0,0,0,0,0,43,0,0,0,2856,detection,
2859745,9,22,512,512,0,0,0,0,0,0,43,0,0,0,2859,detection,
2859778,15,22,512,512,0,0,0,0,0,0,40,0,0,0,2859,detection,
2860678,13,2,-1,-1,0,0,0,0,0,0,58,0,0,0,2860,detection,
2860720,1,2,-1,-1,0,0,0,0,0,0,46,0,0,0,2860,detection,
2860737,14,2,-1,-1,0,0,0,0,0,0,55,0,0,0,2860,detection,
2860742,9,2,-1,-1,0,0,0,0,0,0,58,0,0,0,2860,detection,
2860767,12,2,-1,-1,0,0,0,0,0,0,61,0,0,0,2860,detection,
2860772,22,2,-1,-1,0,0,0,0,0,0,64,0,0,0,2860,detection,
2861250,2,25,-512,512,-1024,0,100,100,76,0,58,0,58,40,2861,detection,
2864999,9,22,512,512,0,0,0,0,0,0,44,0,0,0,2864,detection,
2865308,20,4,512,512,0,0,0,100,0,0,58,0,60,40,2865,detection,
2866825,4,9,768,768,0,0,0,0,0,0,78,0,0,0,2866,detection,
2866829,16,9,768,768,0,0,0,0,0,0,49,0,0,0,2866,detection,
2867670,5,11,-1,-1,0,0,0,0,0,0,90,0,0,0,2867,detection,
2867991,1,20,768,768,0,0,0,0,0,0,44,0,0,0,2867,detection,
2867996,9,20,768,768,0,0,0,0,0,0,54,0,0,0,2867,detection,
2869928,20,4,512,512,0,0,0,100,0,0,58,0,60,40,2869,detection,
2871457,16,22,512,512,0,0,0,70,0,0,59,0,61,40,2871,detection,
2871495,9,22,512,512,0,0,0,0,0,0,44,0,0,0,2871,detection,
2871532,15,22,512,512,0,0,0,0,0,0,40,0,0,0,2871,detection,
2871551,5,22,512,512,0,0,0,0,0,0,33,0,0,0,2871,detection,
2871862,11,15,-1,-1,0,0,0,0,0,0,59,0,0,0,2871,detection,
2872624,2,25,-512,-1,-511,100,92,100,61,0,58,0,56,40,2872,detection,
2872905,1,20,768,768,0,0,0,0,0,0,44,0,0,0,2872,detection,
2873326,4,9,1024,1024,0,0,0,0,0,0,75,0,0,0,2873,detection,
2873326,16,9,1024,1024,0,0,0,0,0,0,52,0,0,0,2873,detection,
2874360,14,2,-1,-1,0,0,0,0,0,0,59,0,0,0,2874,detection,
2874369,9,2,-1,-1,0,0,0,0,0,0,57,0,0,0,2874,detection,
2874390,12,2,-1,-1,0,0,0,0,0,0,60,0,0,0,2874,detection,
2874402,22,2,-1,-1,0,0,0,0,0,0,62,0,0,0,2874,detection,
2874425,13,2,-1,-1,0,0,0,0,0,0,57,0,0,0,2874,detection,
2875331,16,4,1024,1024,0,0,0,70,0,0,54,0,61,40,2875,detection,
2875375,9,4,1024,1024,0,0,0,100,0,0,60,0,60,40,2875,detection,
2875391,12,4,1024,1024,0,0,0,100,0,0,58,0,60,40,2875,detection,
2875403,22,4,1024,1024,0,0,0,70,0,0,59,0,61,40,2875,detection,
2875434,10,4,1024,1024,0,0,0,70,0,0,57,0,61,40,2875,detection,
2875437,20,4,1024,1024,0,0,0,100,0,0,61,0,57,40,2875,detection,
2879601,6,4,1024,1024,0,0,0,70,0,0,56,0,61,40,2879,detection,
2879618,9,4,1024,1024,0,0,0,100,0,0,59,0,60,40,2879,detection,
2879636,12,4,1024,1024,0,0,0,100,0,0,57,0,60,40,2879,detection,
2879652,22,4,1024,1024,0,0,0,70,0,0,59,0,61,40,2879,detection,
2879678,10,4,1024,1024,0,0,0,70,0,0,57,0,61,40,2879,detection,
2879703,16,4,1024,1024,0,0,0,70,0,0,53,0,61,40,2879,detection,
2879800,13,2,-1,-1,0,0,0,0,0,0,57,0,0,0,2879,detection,
2879859,14,2,-1,-1,0,0,0,0,0,0,58,0,0,0,2879,detection,
2880958,16,10,-1,-256,255,0,43,88,28,0,66,0,48,40,2880,detection,
2883689,1,20,719,719,0,0,0,0,0,0,43,0,0,0,2883,detection,
2883708,3,2,-1,-1,0,0,0,0,0,0,59,0,0,0,2883,detection,
2883734,14,2,-1,-1,0,0,0,0,0,0,57,0,0,0,2883,detection,
2885448,4,9,1280,1280,0,0,0,0,0,0,72,0,0,0,2885,detection,
2885455,16,9,1280,1280,0,0,0,0,0,0,56,0,0,0,2885,detection,
2885620,9,4,1024,1024,0,0,0,100,0,0,59,0,60,40,2885,detection,
2885637,12,4,1024,1024,0,0,0,100,0,0,57,0,60,40,2885,detection,
2885649,22,4,1024,1024,0,0,0,70,0,0,58,0,61,40,2885,detection,
2885683,10,4,1024,1024,0,0,0,70,0,0,57,0,61,40,2885,detection,
2893734,1,20,698,698,0,0,0,0,0,0,38,0,0,0,2893,detection,
2894534,15,11,537,537,0,0,0,0,0,0,59,0,0,0,2894,detection,
2894544,5,11,537,537,0,0,0,0,0,0,94,0,0,0,2894,detection,
2899226,17,9,1024,1024,0,0,0,0,0,0,70,0,0,0,2899,detection,
2905324,4,9,1024,1024,0,0,0,0,0,0,73,0,0,0,2905,detection,
2905332,16,9,1024,1024,0,0,0,0,0,0,57,0,0,0,2905,detection,
2905333,3,9,1024,1024,0,0,0,0,0,0,99,0,0,0,2905,detection,
2905346,17,9,1024,1024,0,0,0,0,0,0,70,0,0,0,2905,detection,
2909031,15,11,531,531,0,0,0,0,0,0,60,0,0,0,2909,detection,
2909044,5,11,531,531,0,0,0,0,0,0,99,0,0,0,2909,detection,
2912350,1,20,633,633,0,0,0,0,0,0,38,0,0,0,2912,detection,
2913253,9,29,-512,512,-1024,0,100,100,100,0,55,0,58,40,2913,detection,
2916530,22,3,768,768,0,0,0,0,0,0,48,0,0,0,2916,detection,
2916560,1,3,768,768,0,0,0,0,0,0,81,0,0,0,2916,detection,
2919453,4,23,-512,1280,-1792,0,100,100,93,0,57,0,58,40,2919,detection,
2919474,6,23,-512,1280,-1792,0,100,100,95,0,55,0,58,40,2919,detection,
2919479,19,23,-512,1280,-1792,0,100,100,100,0,48,0,60,40,2919,detection,
2920943,1,6,768,768,0,0,0,0,0,0,44,0,0,0,2920,detection,
2924450,4,9,1024,1024,0,0,0,0,0,0,75,0,0,0,2924,detection,
2926661,1,6,-1,-1,0,0,0,0,0,0,44,0,0,0,2926,detection,
2930452,4,9,1024,1024,0,0,0,0,0,0,71,0,0,0,2930,detection,
2930456,16,9,1024,1024,0,0,0,0,0,0,58,0,0,0,2930,detection,
2930461,3,9,1024,1024,0,0,0,0,0,0,100,0,0,0,2930,detection,
2930478,17,9,1024,1024,0,0,0,0,0,0,70,0,0,0,2930,detection,
2932184,20,29,-512,-1,-511,100,94,100,100,0,56,0,56,40,2932,detection,
2932188,8,29,-512,-1,-511,100,85,100,100,0,67,0,49,40,2932,detection,
2935433,13,22,-1,-1,0,0,0,70,0,0,58,0,61,40,2935,detection,
2935479,19,22,-1,-1,0,0,0,70,0,0,57,0,61,40,2935,detection,
2935483,21,22,-1,-1,0,0,0,0,0,0,48,0,0,0,2935,detection,
2935483,14,22,-1,-1,0,0,0,0,0,0,49,0,0,0,2935,detection,
2935496,9,22,-1,-1,0,0,0,0,0,0,48,0,0,0,2935,detection,
2936183,20,29,-512,768,-1280,0,100,100,91,0,60,0,58,40,2936,detection,
2938794,5,11,-1,-1,0,0,0,0,0,0,93,0,0,0,2938,detection,
2941306,20,29,-512,512,-1024,0,100,100,30,0,61,0,56,40,2941,detection,
2941310,8,29,-512,512,-1024,0,100,100,56,0,68,0,48,40,2941,detection,
2945421,5,11,768,768,0,0,0,0,0,0,95,0,0,0,2945,detection,
2945740,11,12,768,768,0,0,0,0,0,0,61,0,0,0,2945,detection,
2945795,5,12,768,768,0,0,0,0,0,0,64,0,0,0,2945,detection,
2946236,14,23,-512,1280,-1792,0,100,100,91,0,59,0,58,40,2946,detection,
2947439,20,29,-512,512,-1024,0,100,100,0,0,61,0,56,40,2947,detection,
2947439,8,29,-512,512,-1024,0,100,100,0,0,69,0,48,40,2947,detection,
2950170,5,11,512,512,0,0,0,0,0,0,100,0,0,0,2950,detection,
2951980,19,23,-512,1280,-1792,0,100,100,0,0,52,0,58,40,2951,detection,
2952431,1,6,512,512,0,0,0,0,0,0,44,0,0,0,2952,detection,
2956352,17,26,-512,949,-1461,0,100,100,7,0,86,0,48,40,2956,detection,
2956508,1,6,512,512,0,0,0,0,0,0,45,0,0,0,2956,detection,
2957295,5,11,512,512,0,0,0,0,0,0,100,0,0,0,2957,detection,
2958103,19,12,742,742,0,0,0,70,0,0,58,0,61,40,2958,detection,
2958112,11,12,742,742,0,0,0,0,0,0,60,0,0,0,2958,detection,
2959031,15,18,-1,-1,0,0,0,0,0,0,58,0,0,0,2959,detection,
2961062,8,29,-512,512,-1024,0,100,100,0,0,66,0,48,40,2961,detection,
2961161,18,29,-512,512,-1024,0,100,100,68,9,47,0,62,40,2961,detection,
2961598,17,26,-512,949,-1461,0,100,100,0,0,82,0,48,40,2961,detection,
2962920,5,11,512,512,0,0,0,0,0,0,100,0,0,0,2962,detection,
2962980,19,11,512,512,0,0,0,0,0,0,100,0,0,0,2962,detection,
2963028,1,6,512,512,0,0,0,0,0,0,45,0,0,0,2963,detection,
2963058,20,6,512,512,0,0,0,0,0,0,59,0,0,0,2963,detection,
2963302,5,23,-512,1024,-1536,0,100,100,64,0,54,0,58,40,2963,detection,
2964724,19,12,-1,-1,0,0,0,70,0,0,61,0,58,40,2964,detection,
2965059,8,29,-512,512,-1024,0,100,100,0,0,66,0,48,40,2965,detection,
2965365,11,19,512,512,0,100,0,0,0,0,63,0,49,40,2965,detection,
2968126,1,6,512,512,0,0,0,0,0,0,42,0,0,0,2968,detection,
2968177,20,6,512,512,0,0,0,0,0,0,59,0,0,0,2968,detection,
2968669,5,11,512,512,0,0,0,0,0,0,100,0,0,0,2968,detection,
2973677,20,6,512,512,0,0,0,0,0,0,59,0,0,0,2973,detection,
2974060,8,29,-512,512,-1024,0,100,100,0,0,67,0,48,40,2974,detection,
2974544,5,11,512,512,0,0,0,0,0,0,100,0,0,0,2974,detection,
2974600,19,11,512,512,0,0,0,0,0,0,100,0,0,0,2974,detection,
2977300,13,16,512,512,0,0,0,0,0,0,55,0,0,0,2977,detection,
2977470,6,20,768,768,0,0,0,0,0,0,55,0,0,0,2977,detection,
2979991,19,11,512,512,0,0,0,0,0,0,100,0,0,0,2979,detection,
2980428,20,6,534,534,0,0,0,0,0,0,60,0,0,0,2980,detection,
2980457,1,6,534,534,0,0,0,0,0,0,41,0,0,0,2980,detection,
2980847,6,3,-1,-1,0,0,0,0,0,0,58,0,0,0,2980,detection,
2981197,4,9,768,768,0,0,0,0,0,0,72,0,0,0,2981,detection,
2981201,16,9,768,768,0,0,0,0,0,0,54,0,0,0,2981,detection,
2981226,17,9,768,768,0,0,0,0,0,0,71,0,0,0,2981,detection,
2982611,14,4,-1,-1,0,0,0,0,0,0,56,0,0,0,2982,detection,
2983174,1,6,531,531,0,0,0,0,0,0,41,0,0,0,2983,detection,
2983179,20,6,531,531,0,0,0,0,0,0,56,0,0,0,2983,detection,
2984852,1,13,-1,-1,0,0,0,0,0,0,48,0,0,0,2984,detection,
2986047,5,11,512,512,0,0,0,0,0,0,100,0,0,0,2986,detection,
2986099,19,11,512,512,0,0,0,0,0,0,100,0,0,0,2986,detection,
2986163,18,8,512,512,0,0,0,0,0,0,44,0,0,0,2986,detection,
2987046,18,29,-512,512,-1024,0,100,100,0,0,48,0,60,40,2987,detection,
2987059,20,29,-512,512,-1024,0,100,100,0,0,62,0,54,40,2987,detection,
2987239,11,19,768,768,0,0,0,0,0,0,64,0,0,0,2987,detection,
2988358,14,4,1024,1024,0,0,0,0,0,0,56,0,0,0,2988,detection,
2988359,21,4,1024,1024,0,0,0,70,0,0,54,0,61,40,2988,detection,
2989071,1,13,512,512,0,100,0,0,0,0,55,0,56,40,2989,detection,
2989202,16,9,512,512,0,0,0,0,0,0,54,0,0,0,2989,detection,
2990982,21,31,-512,1280,-1792,0,100,100,100,0,69,0,48,40,2990,detection,
2992905,15,19,768,768,0,0,0,0,0,0,66,0,0,0,2992,detection,
2993284,18,29,-512,512,-1024,0,100,100,0,0,48,0,60,40,2993,detection,
2993329,8,29,-512,512,-1024,0,100,100,0,0,66,0,48,40,2993,detection,
2993336,3,29,-512,512,-1024,0,100,100,100,0,64,0,48,40,2993,detection,
2993550,5,14,768,768,0,0,0,0,0,0,57,0,0,0,2993,detection,
2993602,19,14,768,768,0,0,0,0,0,0,58,0,0,0,2993,detection,
2993607,21,14,768,768,0,0,0,70,0,0,42,0,72,55,2993,detection,
2993904,22,4,1024,1024,0,0,0,70,0,0,58,0,61,40,2993,detection,
2994431,20,6,759,759,0,0,0,0,0,0,56,0,0,0,2994,detection,
2997278,22,30,-512,1536,-2048,0,100,100,66,0,55,0,58,40,2997,detection,
2997501,9,29,-512,512,-1024,0,100,100,0,0,56,0,58,40,2997,detection,
2998034,18,8,537,537,0,0,0,0,0,0,45,0,0,0,2998,detection,
2998155,1,13,819,819,0,80,0,0,0,0,62,0,52,40,2998,detection,
2998189,8,13,819,819,0,80,0,0,0,0,64,0,49,40,2998,detection,
2998245,2,13,819,819,0,80,0,0,0,0,64,0,49,40,2998,detection,
2998449,4,31,-512,1305,-1817,0,100,100,100,0,94,0,48,40,2998,detection,
2998482,21,31,-512,1305,-1817,0,100,100,2,0,69,0,48,40,2998,detection,
3001672,5,14,768,768,0,0,0,0,0,0,57,0,0,0,3001,detection,
3001724,19,14,768,768,0,0,0,0,0,0,59,0,0,0,3001,detection,
3003335,7,29,-512,537,-1049,0,100,100,100,0,59,0,58,40,3003,detection,
3003370,9,29,-512,537,-1049,0,100,100,3,0,56,0,58,40,3003,detection,
3003374,2,29,-512,537,-1049,0,100,100,62,0,62,0,54,40,3003,detection,
3003415,18,29,-512,537,-1049,0,100,100,3,0,48,0,60,40,3003,detection,
3006104,19,5,-1,-256,255,0,48,73,32,0,52,0,70,55,3006,detection,
3006225,17,8,534,534,0,0,0,70,0,0,80,0,48,40,3006,detection,
3008410,18,29,-512,529,-1041,0,100,100,1,0,48,0,60,40,3008,detection,
3013622,9,16,512,512,0,0,0,0,0,0,50,0,0,0,3013,detection,
3013643,12,16,512,512,0,0,0,0,0,0,54,0,0,0,3013,detection,
3013651,22,16,512,512,0,0,0,0,0,0,59,0,0,0,3013,detection,
3013665,18,16,512,512,0,0,0,0,0,0,53,0,0,0,3013,detection,
3013682,10,16,512,512,0,0,0,0,0,0,50,0,0,0,3013,detection,
3013687,8,16,512,512,0,0,0,0,0,0,60,0,0,0,3013,detection,
3014914,18,12,768,768,0,0,0,0,0,0,48,0,0,0,3014,detection,
3017208,7,29,-512,523,-1035,0,100,100,1,0,59,0,58,40,3017,detection,
3017208,16,29,-512,523,-1035,0,100,100,100,0,66,0,48,40,3017,detection,
3017247,9,29,-512,523,-1035,0,100,100,1,0,56,0,58,40,3017,detection,
3017281,22,29,-512,523,-1035,0,100,100,66,0,52,0,58,40,3017,detection,
3017285,18,29,-512,523,-1035,0,100,100,0,0,47,0,62,40,3017,detection,
3017303,13,29,-512,523,-1035,0,100,100,100,0,60,0,58,40,3017,detection,
3017316,8,29,-512,523,-1035,0,100,100,1,0,66,0,48,40,3017,detection,
3017724,17,8,531,531,0,0,0,70,0,0,81,0,48,40,3017,detection,
3017775,22,8,531,531,0,0,0,0,0,0,59,0,0,0,3017,detection,
3017787,18,8,531,531,0,0,0,0,0,0,46,0,0,0,3017,detection,
3017804,13,8,531,531,0,0,0,0,0,0,59,0,0,0,3017,detection,
3017809,10,8,531,531,0,0,0,0,0,0,59,0,0,0,3017,detection,
3020870,2,25,-512,-1,-511,100,93,100,0,0,57,0,56,40,3020,detection,
3022123,2,23,-512,-1,-511,100,96,100,0,0,54,0,56,40,3022,detection,
3022170,5,23,-512,-1,-511,100,92,100,100,0,58,0,56,40,3022,detection,
3022483,21,31,-512,-1,-511,100,85,100,100,0,67,0,49,40,3022,detection,
3024736,11,14,-1,-1,0,0,0,70,0,0,61,0,58,40,3024,detection,
3024765,12,14,-1,-1,0,0,0,70,0,0,53,0,61,40,3024,detection,
3026277,22,29,-512,-1,-511,100,97,100,66,0,52,0,56,40,3026,detection,
3026286,18,29,-512,-1,-511,100,100,100,69,0,48,0,59,40,3026,detection,
3026302,13,29,-512,-1,-511,100,91,100,62,0,59,0,56,40,3026,detection,
3026307,10,29,-512,-1,-511,100,89,100,100,0,62,0,53,40,3026,detection,
3026311,8,29,-512,-1,-511,100,84,100,57,0,68,0,49,40,3026,detection,
3026371,9,29,-512,-1,-511,100,90,100,62,0,60,0,56,40,3026,detection,
3027978,19,15,-1,-1,0,0,0,0,0,0,71,0,0,0,3027,detection,
3027989,11,12,512,512,0,0,0,0,0,0,61,0,0,0,3027,detection,
3028171,5,23,-512,-1,-511,100,92,100,0,0,58,0,56,40,3028,detection,
3028230,19,23,-512,-1,-511,100,95,100,100,0,55,0,56,40,3028,detection,
3028243,2,23,-512,-1,-511,100,96,100,0,0,53,0,56,40,3028,detection,
3035224,19,23,-512,-1,-511,100,98,100,0,0,51,0,56,40,3035,detection,
3035246,2,23,-512,-1,-511,100,96,100,0,0,53,0,56,40,3035,detection,
3035284,15,23,-512,-1,-511,100,99,100,66,0,50,0,56,40,3035,detection,
3035297,5,23,-512,-1,-511,100,93,100,0,0,57,0,56,40,3035,detection,
3036156,15,13,-1,-1,0,0,0,0,0,0,65,0,0,0,3036,detection,
3036182,8,13,-1,-1,0,0,0,0,0,0,62,0,0,0,3036,detection,
3037287,1,28,-512,768,-1280,0,100,100,100,0,44,0,64,40,3037,detection,
3038865,11,12,-1,-256,255,0,44,70,29,0,63,0,42,40,3038,detection,
3043700,16,9,768,768,0,0,0,0,0,0,54,0,0,0,3043,detection,
3043705,7,9,768,768,0,0,0,0,0,0,59,0,0,0,3043,detection,
3046112,14,12,768,768,0,0,0,70,0,0,58,0,61,40,3046,detection,
3046112,11,12,768,768,0,0,0,70,29,0,61,0,69,55,3046,detection,
3047980,17,31,-512,768,-1280,0,100,100,97,0,83,0,48,40,3047,detection,
3047987,21,31,-512,768,-1280,0,100,100,90,0,61,0,56,40,3047,detection,
3047992,11,31,-512,768,-1280,0,100,100,30,0,59,0,58,40,3047,detection,
3050951,16,9,512,512,0,0,0,0,0,0,55,0,0,0,3050,detection,
3052576,16,10,-1,-1,0,0,0,79,29,0,64,0,48,40,3052,detection,
3055056,13,20,-1,-1,0,0,0,0,0,0,57,0,0,0,3055,detection,
3055094,6,20,-1,-1,0,0,0,0,0,0,59,0,0,0,3055,detection,
3055120,2,20,-1,-1,0,0,0,0,0,0,51,0,0,0,3055,detection,
3055860,11,31,-512,512,-1024,0,100,100,30,0,60,0,58,40,3055,detection,
3060497,9,16,768,768,0,0,0,0,0,0,51,0,0,0,3060,detection,
3060514,12,14,768,768,0,0,0,70,0,0,57,0,61,40,3060,detection,
3060608,11,14,768,768,0,0,0,70,0,0,56,0,61,40,3060,detection,
3060608,21,14,768,768,0,0,0,70,0,0,45,0,68,55,3060,detection,
3060771,1,28,-512,768,-1280,0,100,100,0,0,44,0,64,40,3060,detection,
3061044,18,29,-512,1280,-1792,0,100,100,100,0,52,0,58,40,3061,detection,
3061058,10,29,-512,1280,-1792,0,100,100,100,0,61,0,56,40,3061,detection,
3061079,7,29,-512,1280,-1792,0,100,100,88,0,62,0,54,40,3061,detection,
3061083,16,29,-512,1280,-1792,0,100,100,85,0,65,0,48,40,3061,detection,
3061122,9,29,-512,1280,-1792,0,100,100,100,0,59,0,58,40,3061,detection,
3062453,16,29,-512,1280,-1792,0,100,100,0,0,64,0,48,40,3062,detection,
3062738,14,11,512,512,0,0,0,0,0,0,55,0,0,0,3062,detection,
3065725,17,31,-512,1280,-1792,0,100,100,52,0,78,0,48,40,3065,detection,
3065737,21,31,-512,1280,-1792,0,100,100,58,0,64,0,48,40,3065,detection,
3065738,11,31,-512,1280,-1792,0,100,100,91,0,59,0,58,40,3065,detection,
3065986,11,14,768,768,0,0,0,70,0,0,56,0,61,40,3065,detection,
3066012,12,14,768,768,0,0,0,70,0,0,56,0,61,40,3066,detection,
3066295,5,10,512,512,0,0,0,0,0,0,59,0,0,0,3066,detection,
3067051,5,30,-512,1024,-1536,0,100,100,30,0,59,0,58,40,3067,detection,
3067059,13,30,-512,1024,-1536,0,100,100,100,0,51,0,58,40,3067,detection,
3067059,10,30,-512,1024,-1536,0,100,100,31,0,57,0,58,40,3067,detection,
3067079,4,30,-512,1024,-1536,0,100,100,0,0,55,0,58,40,3067,detection,
3067088,3,30,-512,1024,-1536,0,100,100,100,0,52,0,58,40,3067,detection,
3067118,2,30,-512,1024,-1536,0,100,100,30,0,58,0,58,40,3067,detection,
3067250,9,22,768,768,0,0,0,0,0,0,51,0,0,0,3067,detection,
3067267,12,22,768,768,0,0,0,0,0,0,37,0,0,0,3067,detection,
3067361,14,22,768,768,0,0,0,0,0,0,52,0,0,0,3067,detection,
3067627,9,29,-512,1024,-1536,0,100,100,30,0,60,0,58,40,3067,detection,
3067679,10,29,-512,1024,-1536,0,100,100,29,0,62,0,54,40,3067,detection,
3067705,7,29,-512,1024,-1536,0,100,100,29,0,62,0,54,40,3067,detection,
3067705,16,29,-512,1024,-1536,0,100,100,28,0,66,0,48,40,3067,detection,
3069735,11,14,742,742,0,0,0,70,0,0,55,0,61,40,3069,detection,
3069761,12,14,742,742,0,0,0,70,0,0,56,0,61,40,3069,detection,
3073480,1,28,-512,768,-1280,0,100,100,0,0,39,0,69,55,3073,detection,
3073735,14,11,537,537,0,0,0,0,0,0,56,0,0,0,3073,detection,
3077495,9,29,-512,-1,-511,100,83,100,100,0,70,0,49,40,3077,detection,
3077541,18,29,-512,-1,-511,100,83,100,100,0,69,0,49,40,3077,detection,
3077554,10,29,-512,-1,-511,100,81,100,100,0,73,0,49,40,3077,detection,
3077554,13,29,-512,-1,-511,100,88,100,0,0,63,0,49,40,3077,detection,
3077558,20,29,-512,-1,-511,100,81,100,54,0,73,0,49,40,3077,detection,
3077563,8,29,-512,-1,-511,100,78,100,0,0,77,0,49,40,3077,detection,
3077583,7,29,-512,-1,-511,100,83,100,100,0,69,0,49,40,3077,detection,
3078727,17,8,1024,1024,0,0,0,70,0,0,77,0,48,40,3078,detection,
3078774,22,8,1024,1024,0,0,0,0,0,0,55,0,0,0,3078,detection,
3078783,18,8,1024,1024,0,0,0,0,0,0,50,0,0,0,3078,detection,
3078808,10,8,1024,1024,0,0,0,0,0,0,58,0,0,0,3078,detection,
3078936,1,28,-512,742,-1254,0,100,100,3,0,39,0,69,55,3078,detection,
3080209,7,30,-512,-1,-511,100,100,100,100,0,41,0,69,55,3080,detection,
3080209,3,30,-512,-1,-511,100,95,100,100,0,55,0,56,40,3080,detection,
3080252,9,30,-512,-1,-511,100,92,100,100,0,58,0,56,40,3080,detection,
3080281,22,30,-512,-1,-511,100,95,100,100,0,55,0,56,40,3080,detection,
3080290,18,30,-512,-1,-511,100,94,100,94,0,56,0,56,40,3080,detection,
3080300,5,30,-512,-1,-511,100,89,100,100,0,61,0,55,40,3080,detection,
3080303,13,30,-512,-1,-511,100,96,100,100,0,54,0,56,40,3080,detection,
3080832,16,22,512,512,0,0,0,70,0,0,59,0,61,40,3080,detection,
3080855,19,22,512,512,0,0,0,70,0,0,58,0,61,40,3080,detection,
3080858,14,22,512,512,0,0,0,0,0,0,53,0,0,0,3080,detection,
3080861,21,22,512,512,0,0,0,0,0,0,53,0,0,0,3080,detection,
3080863,11,22,512,512,0,0,0,70,0,0,55,0,61,40,3080,detection,
3080909,15,22,512,512,0,0,0,0,0,0,40,0,0,0,3080,detection,
3081114,21,17,-1,-1,0,0,0,0,0,0,57,0,0,0,3081,detection,
3081155,15,19,768,768,0,0,0,0,0,0,68,0,0,0,3081,detection,
3081238,11,19,768,768,0,0,0,0,0,0,63,0,0,0,3081,detection,
3082373,9,16,-1,-1,0,0,0,0,0,0,54,0,0,0,3082,detection,
3083488,11,31,-512,1024,-1536,0,100,100,30,0,59,0,58,40,3083,detection,
3084360,14,11,534,534,0,0,0,0,0,0,56,0,0,0,3084,detection,
3085022,22,8,-1,-1,0,0,0,0,0,0,58,0,0,0,3085,detection,
3085965,1,28,-512,742,-1254,0,100,100,0,0,38,0,69,55,3085,detection,
3086297,5,10,1280,1280,0,0,0,0,0,0,59,0,0,0,3086,detection,
3086332,16,10,1280,1280,0,0,0,70,0,0,63,0,48,40,3086,detection,
3088156,15,18,1280,1280,0,0,0,0,0,0,58,0,0,0,3088,detection,
3088202,7,18,1280,1280,0,0,0,0,0,0,65,0,0,0,3088,detection,
3089205,16,30,-512,1024,-1536,0,100,100,3,0,53,0,58,40,3089,detection,
3089205,7,30,-512,1024,-1536,0,100,100,100,0,46,0,63,40,3089,detection,
3089213,3,30,-512,1024,-1536,0,100,100,100,0,57,0,58,40,3089,detection,
3089248,9,30,-512,1024,-1536,0,100,100,100,0,59,0,58,40,3089,detection,
3089277,22,30,-512,1024,-1536,0,100,100,100,0,56,0,58,40,3089,detection,
3089286,18,30,-512,1024,-1536,0,100,100,100,0,60,0,58,40,3089,detection,
3089303,13,30,-512,1024,-1536,0,100,100,100,0,59,0,58,40,3089,detection,
3089432,20,19,512,512,0,0,0,0,0,0,62,0,0,0,3089,detection,
3090054,20,3,1024,1024,0,0,0,0,0,0,47,0,0,0,3090,detection,
3090084,7,3,1024,1024,0,0,0,0,0,0,53,0,0,0,3090,detection,
3091299,5,10,1280,1280,0,0,0,0,0,0,59,0,0,0,3091,detection,
3092498,1,28,-512,742,-1254,0,100,100,0,0,38,0,69,55,3092,detection,
3094359,14,11,534,534,0,0,0,0,0,0,56,0,0,0,3094,detection,
3095079,7,3,1024,1024,0,0,0,0,0,0,53,0,0,0,3095,detection,
3095815,8,18,1024,1024,0,0,0,0,0,0,56,0,0,0,3095,detection,
3095828,7,18,1024,1024,0,0,0,0,0,0,66,0,0,0,3095,detection,
3095853,17,18,1024,1024,0,0,0,0,0,0,100,0,0,0,3095,detection,
3095904,15,18,1024,1024,0,0,0,0,0,0,59,0,0,0,3095,detection,
3096518,12,30,-512,1024,-1536,0,100,100,100,0,59,0,58,40,3096,detection,
3096574,4,30,-512,1024,-1536,0,100,100,0,0,57,0,58,40,3096,detection,
3098015,12,4,-1,-1,0,0,0,100,0,0,52,0,60,40,3098,detection,
3098861,14,11,531,531,0,0,0,0,0,0,52,0,0,0,3098,detection,
3099297,5,10,-1,-1,0,0,0,0,0,0,58,0,0,0,3099,detection,
3099327,16,10,-1,-1,0,0,0,70,0,0,61,0,58,40,3099,detection,
3100363,21,31,-512,768,-1280,0,100,100,58,0,64,0,48,40,3100,detection,
3100426,5,23,-512,1536,-2048,0,100,100,100,0,57,0,58,40,3100,detection,
3101092,1,28,-512,770,-1282,0,100,100,4,0,38,0,69,55,3101,detection,
3101171,5,10,-1,-1,0,0,0,0,0,0,54,0,0,0,3101,detection,
3101617,11,30,-512,1024,-1536,0,100,100,28,0,65,0,48,40,3101,detection,
3101638,12,30,-512,1024,-1536,0,100,100,0,0,59,0,58,40,3101,detection,
3101664,18,30,-512,1024,-1536,0,100,100,0,0,61,0,56,40,3101,detection,
3101681,10,30,-512,1024,-1536,0,100,100,0,0,62,0,54,40,3101,detection,
3101706,7,30,-512,1024,-1536,0,100,100,0,0,46,0,63,40,3101,detection,
3102366,11,19,-1,-1,0,0,0,0,0,0,57,0,0,0,3102,detection,
3102797,5,18,1024,1024,0,0,0,0,0,0,95,0,0,0,3102,detection,
3105335,1,28,-512,770,-1282,0,100,100,0,0,37,0,69,55,3105,detection,
3106233,21,31,-512,1024,-1536,0,100,100,29,0,63,0,48,40,3106,detection,
3106865,14,30,-512,512,-1024,0,100,100,100,0,58,0,58,40,3106,detection,
3106912,18,30,-512,512,-1024,0,100,100,60,0,61,0,56,40,3106,detection,
3107866,11,31,-512,768,-1280,0,100,100,30,0,60,0,58,40,3107,detection,
3108795,5,18,1024,1024,0,0,0,0,0,0,96,0,0,0,3108,detection,
3108847,17,18,1024,1024,0,0,0,0,0,0,100,0,0,0,3108,detection,
3109953,3,2,1536,1536,0,0,0,0,0,0,59,0,0,0,3109,detection,
3109957,7,2,1536,1536,0,0,0,0,0,0,37,0,0,0,3109,detection,
3110330,3,9,1536,1536,0,0,0,0,0,0,93,0,0,0,3110,detection,
3110514,12,14,-1,-1,0,0,0,70,0,0,52,0,61,40,3110,detection,
3111862,14,30,-512,512,-1024,0,100,100,0,0,59,0,58,40,3111,detection,
3112530,22,2,1536,1536,0,0,0,0,0,0,57,0,0,0,3112,detection,
3112581,3,2,1536,1536,0,0,0,0,0,0,59,0,0,0,3112,detection,
3112620,9,2,1536,1536,0,0,0,0,0,0,57,0,0,0,3112,detection,
3112780,1,28,-512,770,-1282,0,100,100,0,0,37,0,69,55,3112,detection,
3115638,12,30,-512,512,-1024,0,100,100,61,0,59,0,58,40,3115,detection,
3117997,2,23,-512,1536,-2048,0,100,100,100,0,52,0,58,40,3117,detection,
3118049,5,23,-512,1536,-2048,0,100,100,0,0,52,0,58,40,3118,detection,
3118229,17,31,-512,1207,-1719,0,100,100,7,0,74,0,48,40,3118,detection,
3118234,21,31,-512,1207,-1719,0,100,100,21,0,62,0,54,40,3118,detection,
3118238,11,31,-512,1207,-1719,0,100,100,52,0,60,0,58,40,3118,detection,
3120332,1,28,-512,770,-1282,0,100,100,0,0,37,0,69,55,3120,detection,
3121436,8,2,-1,-1,0,0,0,0,0,0,57,0,0,0,3121,detection,
3121495,9,2,-1,-1,0,0,0,0,0,0,57,0,0,0,3121,detection,
3123988,21,25,-512,-1,-511,100,100,100,100,0,49,0,58,40,3123,detection,
3125475,1,28,-512,770,-1282,0,100,100,0,0,33,0,71,55,3125,detection,
3129481,21,14,-1,-1,0,0,0,70,0,0,49,0,63,40,3129,detection,
3133748,2,28,-512,770,-1282,0,100,100,96,0,54,0,58,40,3133,detection,
3141245,2,28,-512,770,-1282,0,100,100,0,0,53,0,58,40,3141,detection,
3149477,6,28,-512,770,-1282,0,100,100,92,0,59,0,58,40,3149,detection,
3149608,21,25,-512,768,-1280,0,100,100,100,0,48,0,60,40,3149,detection,
3149625,2,25,-512,768,-1280,0,100,100,93,0,57,0,58,40,3149,detection,
3154221,6,28,-512,770,-1282,0,100,100,0,0,59,0,58,40,3154,detection,
3157357,21,25,-512,512,-1024,0,100,100,33,0,49,0,59,40,3157,detection,
3157371,2,25,-512,512,-1024,0,100,100,30,0,58,0,58,40,3157,detection,
3160721,6,28,-512,770,-1282,0,100,100,0,0,58,0,58,40,3160,detection,
3163235,21,25,-512,512,-1024,0,100,100,0,0,50,0,58,40,3163,detection,
3163244,2,25,-512,512,-1024,0,100,100,0,0,55,0,58,40,3163,detection,
3165721,6,28,-512,770,-1282,0,100,100,0,0,58,0,58,40,3165,detection,
3168716,1,24,-512,768,-1280,0,100,100,36,0,41,0,68,55,3168,detection,
3168750,9,24,-512,768,-1280,0,100,100,30,0,59,0,58,40,3168,detection,
3168750,2,24,-512,768,-1280,0,100,100,0,0,54,0,58,40,3168,detection,
3173664,1,24,-512,512,-1024,0,100,100,36,0,41,0,68,55,3173,detection,
3175356,21,14,768,768,0,0,0,70,0,0,52,0,61,40,3175,detection,
3175422,5,14,768,768,0,0,0,0,0,0,60,0,0,0,3175,detection,
3178117,1,24,-512,-1,-511,100,100,100,71,0,44,0,64,40,3178,detection,
3178125,9,24,-512,-1,-511,100,91,100,91,0,59,0,56,40,3178,detection,
3178759,1,2,1280,1280,0,0,0,0,0,0,45,0,0,0,3178,detection,
3178786,18,2,1280,1280,0,0,0,0,0,0,60,0,0,0,3178,detection,
3178803,20,2,1280,1280,0,0,0,0,0,0,54,0,0,0,3178,detection,
3178828,7,2,1280,1280,0,0,0,0,0,0,37,0,0,0,3178,detection,
3178862,14,2,1280,1280,0,0,0,0,0,0,57,0,0,0,3178,detection,
3179081,7,20,-1,-1,0,0,0,0,0,0,59,0,0,0,3179,detection,
3179117,2,20,-1,-1,0,0,0,0,0,0,54,0,0,0,3179,detection,
3183487,21,25,-512,768,-1280,0,100,100,33,0,49,0,59,40,3183,detection,
3184613,1,2,-1,-1,0,0,0,0,0,0,44,0,0,0,3184,detection,
3184622,9,2,-1,-1,0,0,0,0,0,0,56,0,0,0,3184,detection,
3184660,18,2,-1,-1,0,0,0,0,0,0,59,0,0,0,3184,detection,
3184678,20,2,-1,-1,0,0,0,0,0,0,58,0,0,0,3184,detection,
3184707,7,2,-1,-1,0,0,0,0,0,0,41,0,0,0,3184,detection,
3184708,3,2,-1,-1,0,0,0,0,0,0,58,0,0,0,3184,detection,
3184734,14,2,-1,-1,0,0,0,0,0,0,57,0,0,0,3184,detection,
3194487,21,25,-512,512,-1024,0,100,100,33,0,49,0,59,40,3194,detection,
3196427,1,2,-1,-1,0,0,0,0,0,0,44,0,0,0,3196,detection,
3196452,7,2,-1,-1,0,0,0,0,0,0,44,0,0,0,3196,detection,
3196456,3,2,-1,-1,0,0,0,0,0,0,54,0,0,0,3196,detection,
3196483,14,2,-1,-1,0,0,0,0,0,0,57,0,0,0,3196,detection,
3196495,9,2,-1,-1,0,0,0,0,0,0,52,0,0,0,3196,detection,
3196551,10,2,-1,-1,0,0,0,0,0,0,53,0,0,0,3196,detection,
3200480,21,14,-1,-1,0,0,0,70,0,0,56,0,61,40,3200,detection,
3204778,1,2,-1,-1,0,0,0,0,0,0,43,0,0,0,3204,detection,
3204800,13,2,-1,-1,0,0,0,0,0,0,56,0,0,0,3204,detection,
3204808,20,2,-1,-1,0,0,0,0,0,0,57,0,0,0,3204,detection,
3204825,4,2,-1,-1,0,0,0,0,0,0,61,0,0,0,3204,detection,
3204829,16,2,-1,-1,0,0,0,0,0,0,53,0,0,0,3204,detection,
3204833,3,2,-1,-1,0,0,0,0,0,0,53,0,0,0,3204,detection,
3204868,9,2,-1,-1,0,0,0,0,0,0,52,0,0,0,3204,detection,
3209704,16,4,-1,-1,0,0,0,70,0,0,57,0,61,40,3209,detection,
3209731,21,4,-1,-1,0,0,0,70,0,0,58,0,61,40,3209,detection,
3209749,9,4,-1,-1,0,0,0,100,0,0,54,0,60,40,3209,detection,
3215745,1,28,-512,768,-1280,0,100,100,0,0,33,0,71,55,3215,detection,
3215871,2,28,-512,768,-1280,0,100,100,0,0,52,0,58,40,3215,detection,
3221576,4,9,512,512,0,0,0,0,0,0,72,0,0,0,3221,detection,
3221577,7,9,512,512,0,0,0,0,0,0,60,0,0,0,3221,detection,
3222420,1,13,-1,-1,0,0,0,0,0,0,63,0,0,0,3222,detection,
3222449,4,13,-1,-1,0,0,0,0,0,0,60,0,0,0,3222,detection,
3222496,2,13,-1,-1,0,0,0,0,0,0,68,0,0,0,3222,detection,
3227199,4,9,512,512,0,0,0,0,0,0,73,0,0,0,3227,detection,
3227204,7,9,512,512,0,0,0,0,0,0,60,0,0,0,3227,detection,
3229458,1,13,-1,-1,0,0,0,0,0,0,60,0,0,0,3229,detection,
3232324,4,9,512,512,0,0,0,0,0,0,73,0,0,0,3232,detection,
3232329,7,9,512,512,0,0,0,0,0,0,61,0,0,0,3232,detection,
3234098,19,14,1024,1024,0,0,0,0,0,0,61,0,0,0,3234,detection,
3234954,4,7,512,512,0,0,0,70,0,0,52,0,61,40,3234,detection,
3238071,4,9,512,512,0,0,0,0,0,0,72,0,0,0,3238,detection,
3238080,7,9,512,512,0,0,0,0,0,0,61,0,0,0,3238,detection,
3238248,9,4,768,768,0,0,0,100,0,0,58,0,60,40,3238,detection,
3238974,19,14,1024,1024,0,0,0,0,0,0,60,0,0,0,3238,detection,
3243195,4,9,512,512,0,0,0,0,0,0,72,0,0,0,3243,detection,
3243203,7,9,512,512,0,0,0,0,0,0,57,0,0,0,3243,detection,
3243740,14,4,768,768,0,0,0,0,0,0,56,0,0,0,3243,detection,
3243746,9,4,768,768,0,0,0,100,0,0,57,0,60,40,3243,detection,
3244602,19,14,1024,1024,0,0,0,0,0,0,60,0,0,0,3244,detection,
3244823,4,7,512,512,0,0,0,70,0,0,52,0,61,40,3244,detection,
3249699,4,9,512,512,0,0,0,0,0,0,71,0,0,0,3249,detection,
3249706,7,9,512,512,0,0,0,0,0,0,57,0,0,0,3249,detection,
3249946,4,7,512,512,0,0,0,70,0,0,52,0,61,40,3249,detection,
3249957,3,7,512,512,0,0,0,0,0,0,60,0,0,0,3249,detection,
3251013,1,13,512,512,0,0,0,0,0,0,61,0,0,0,3251,detection,
3251072,4,13,512,512,0,0,0,0,0,0,65,0,0,0,3251,detection,
3251080,7,13,512,512,0,0,0,0,0,0,81,0,0,0,3251,detection,
3251085,3,13,512,512,0,0,0,0,0,0,60,0,0,0,3251,detection,
3251110,14,13,512,512,0,0,0,0,0,0,86,0,0,0,3251,detection,
3251141,12,13,512,512,0,0,0,0,0,0,60,0,0,0,3251,detection,
3251723,19,14,998,998,0,0,0,0,0,0,59,0,0,0,3251,detection,
3251861,14,4,512,512,0,0,0,0,0,0,57,0,0,0,3251,detection,
3251870,9,4,512,512,0,0,0,100,0,0,59,0,60,40,3251,detection,
3254956,16,29,-512,2022,-2534,0,100,100,100,0,61,0,56,40,3254,detection,
3254961,7,29,-512,2022,-2534,0,100,100,100,0,70,0,48,40,3254,detection,
3255209,4,9,512,512,0,0,0,0,0,0,66,0,0,0,3255,detection,
3255669,1,13,512,512,0,0,0,0,0,0,58,0,0,0,3255,detection,
3255698,4,13,512,512,0,0,0,0,0,0,67,0,0,0,3255,detection,
3255707,3,13,512,512,0,0,0,0,0,0,62,0,0,0,3255,detection,
3255733,14,13,512,512,0,0,0,0,0,0,88,0,0,0,3255,detection,
3255763,12,13,512,512,0,0,0,0,0,0,61,0,0,0,3255,detection,
3256075,4,7,512,512,0,0,0,70,0,0,52,0,61,40,3256,detection,
3257269,12,14,1026,1026,0,0,0,70,0,0,56,0,61,40,3257,detection,
3259082,7,29,-512,2790,-3302,0,100,100,81,0,73,0,48,40,3259,detection,
3259155,22,29,-512,2790,-3302,0,100,100,100,0,63,0,48,40,3259,detection,
3259164,18,29,-512,2790,-3302,0,100,100,100,0,74,0,48,40,3259,detection,
3261916,1,13,512,512,0,0,0,0,0,0,59,0,0,0,3261,detection,
3261946,4,13,512,512,0,0,0,0,0,0,68,0,0,0,3261,detection,
3261955,7,13,512,512,0,0,0,0,0,0,82,0,0,0,3261,detection,
3261958,3,13,512,512,0,0,0,0,0,0,63,0,0,0,3261,detection,
3261985,14,13,512,512,0,0,0,0,0,0,86,0,0,0,3261,detection,
3262011,12,13,512,512,0,0,0,0,0,0,62,0,0,0,3262,detection,
3262023,22,13,512,512,0,0,0,0,0,0,81,0,0,0,3262,detection,
3262036,18,13,512,512,0,0,0,0,0,0,54,0,0,0,3262,detection,
3263995,1,3,512,512,0,0,0,0,0,0,81,0,0,0,3263,detection,
3264109,14,22,-1,-1,0,0,0,0,0,0,52,0,0,0,3264,detection,
3264999,2,29,-512,1024,-1536,0,100,100,57,0,61,0,56,40,3264,detection,
3265028,22,29,-512,1024,-1536,0,100,100,100,0,63,0,48,40,3265,detection,
3265037,18,29,-512,1024,-1536,0,100,100,100,0,73,0,48,40,3265,detection,
3265053,10,29,-512,1024,-1536,0,100,100,100,0,66,0,48,40,3265,detection,
3265059,13,29,-512,1024,-1536,0,100,100,100,0,66,0,48,40,3265,detection,
3265080,7,29,-512,1024,-1536,0,100,100,100,0,71,0,48,40,3265,detection,
3265118,2,28,-512,1280,-1792,0,100,100,63,0,55,0,58,40,3265,detection,
3265948,4,9,512,512,0,0,0,0,0,0,65,0,0,0,3265,detection,
3266761,12,14,768,768,0,0,0,70,0,0,57,0,61,40,3266,detection,
3269122,2,28,-512,1280,-1792,0,100,100,0,0,55,0,58,40,3269,detection,
3269553,13,12,768,768,0,0,0,0,0,0,62,0,0,0,3269,detection,
3269604,19,12,768,768,0,0,0,70,0,0,63,0,48,40,3269,detection,
3269613,14,12,768,768,0,0,0,70,0,0,64,0,48,40,3269,detection,
3269613,11,12,768,768,0,0,0,70,0,0,59,0,61,40,3269,detection,
3270073,4,9,512,512,0,0,0,0,0,0,64,0,0,0,3270,detection,
3271680,10,29,-512,1280,-1792,0,100,100,28,0,68,0,48,40,3271,detection,
3272362,14,2,-1,-1,0,0,0,0,0,0,56,0,0,0,3272,detection,
3272388,12,2,-1,-1,0,0,0,0,0,0,56,0,0,0,3272,detection,
3272400,22,2,-1,-1,0,0,0,0,0,0,60,0,0,0,3272,detection,
3272425,13,2,-1,-1,0,0,0,0,0,0,56,0,0,0,3272,detection,
3272454,7,2,-1,-1,0,0,0,0,0,0,48,0,0,0,3272,detection,
3272979,19,14,1024,1024,0,0,0,0,0,0,58,0,0,0,3272,detection,
3273471,17,8,3840,3840,0,0,0,70,0,0,100,0,48,40,3273,detection,
3273484,21,8,3840,3840,0,0,0,0,0,0,94,0,0,0,3273,detection,
3275734,14,2,-1,-1,0,0,0,0,0,0,52,0,0,0,3275,detection,
3276821,1,3,512,512,0,0,0,0,0,0,81,0,0,0,3276,detection,
3277414,18,12,768,768,0,0,0,0,0,0,52,0,0,0,3277,detection,
3277423,5,12,768,768,0,0,0,0,0,0,61,0,0,0,3277,detection,
3277975,19,14,768,768,0,0,0,0,0,0,59,0,0,0,3277,detection,
3277985,11,14,768,768,0,0,0,70,0,0,59,0,61,40,3277,detection,
3278828,4,9,512,512,0,0,0,0,0,0,63,0,0,0,3278,detection,
3279975,6,28,-512,1280,-1792,0,100,100,62,0,57,0,58,40,3279,detection,
3280429,10,29,-512,1280,-1792,0,100,100,0,0,66,0,48,40,3280,detection,
3280804,13,22,1024,1024,0,0,0,70,0,0,58,0,61,40,3280,detection,
3281656,22,30,-512,-1,-511,100,94,100,100,0,56,0,56,40,3281,detection,
3283178,10,29,-512,-1,-511,100,86,100,100,0,65,0,49,40,3283,detection,
3283178,13,29,-512,-1,-511,100,87,100,100,0,64,0,49,40,3283,detection,
3283251,9,29,-512,-1,-511,100,87,100,0,0,64,0,49,40,3283,detection,
3283251,2,29,-512,-1,-511,100,90,100,100,0,60,0,56,40,3283,detection,
3283280,22,29,-512,-1,-511,100,86,100,100,0,65,0,49,40,3283,detection,
3283849,6,28,-512,1280,-1792,0,100,100,0,0,57,0,58,40,3283,detection,
3287082,3,4,606,606,0,0,0,0,0,0,57,0,0,0,3287,detection,
3287323,4,9,-1,-256,255,0,43,70,28,0,66,0,42,40,3287,detection,
3289333,1,3,534,534,0,0,0,0,0,0,81,0,0,0,3289,detection,
3291000,9,4,622,622,0,0,0,100,0,0,58,0,60,40,3291,detection,
3291234,11,14,768,768,0,0,0,70,0,0,60,0,61,40,3291,detection,
3294354,19,11,836,836,0,73,0,0,0,0,96,0,49,40,3294,detection,
3294358,14,11,836,836,0,73,0,0,0,0,60,0,57,40,3294,detection,
3294599,6,28,-512,1280,-1792,0,100,100,0,0,53,0,58,40,3294,detection,
3296244,1,3,531,531,0,0,0,0,0,0,81,0,0,0,3296,detection,
3300724,19,11,836,836,0,73,0,0,0,0,96,0,49,40,3300,detection,
3301158,1,3,531,531,0,0,0,0,0,0,81,0,0,0,3301,detection,
3301347,6,23,-512,1348,-1860,0,100,100,8,0,58,0,58,40,3301,detection,
3306488,14,23,-512,512,-1024,0,100,100,86,0,66,0,48,40,3306,detection,
3306488,11,23,-512,512,-1024,0,100,100,0,0,66,0,48,40,3306,detection,
3306559,20,23,-512,512,-1024,0,100,100,0,0,67,0,48,40,3306,detection,
3306602,6,23,-512,512,-1024,0,100,100,94,0,65,0,48,40,3306,detection,
3307272,1,3,527,527,0,0,0,0,0,0,81,0,0,0,3307,detection,
3308205,16,9,-1,-1,0,0,0,0,0,0,58,0,0,0,3308,detection,
3308210,3,9,-1,-1,0,0,0,0,0,0,87,0,0,0,3308,detection,
3309209,3,4,601,601,0,0,0,0,0,0,57,0,0,0,3309,detection,
3312358,11,19,-1,-1,0,0,0,0,0,0,60,0,0,0,3312,detection,
3314973,6,3,523,523,0,0,0,0,0,0,59,0,0,0,3314,detection,
3315007,1,3,523,523,0,0,0,0,0,0,77,0,0,0,3315,detection,
3317303,5,30,-512,-1,-511,100,90,100,0,0,60,0,56,40,3317,detection,
3317307,13,30,-512,-1,-511,100,91,100,100,0,59,0,56,40,3317,detection,
3317362,21,30,-512,-1,-511,100,96,100,100,0,53,0,56,40,3317,detection,
3317363,11,30,-512,-1,-511,100,87,100,100,0,64,0,49,40,3317,detection,
3317372,2,30,-512,-1,-511,100,92,100,100,0,58,0,56,40,3317,detection,
3317376,9,30,-512,-1,-511,100,91,100,100,0,59,0,56,40,3317,detection,
3317388,12,30,-512,-1,-511,100,91,100,61,0,59,0,56,40,3317,detection,
3317401,22,30,-512,-1,-511,100,97,100,0,0,52,0,56,40,3317,detection,
3321486,21,14,-1,-1,0,0,0,70,0,0,56,0,61,40,3321,detection,
3327479,21,14,-1,-1,0,0,0,70,0,0,56,0,61,40,3327,detection,
3330179,1,3,768,768,0,0,0,0,0,0,69,0,0,0,3330,detection,
3330209,7,3,768,768,0,0,0,0,0,0,56,0,0,0,3330,detection,
3330218,6,3,768,768,0,0,0,0,0,0,58,0,0,0,3330,detection,
3330276,22,3,768,768,0,0,0,0,0,0,48,0,0,0,3330,detection,
3330987,21,14,512,512,0,0,0,70,0,0,57,0,61,40,3330,detection,
3332346,6,23,-512,1024,-1536,0,100,100,58,0,64,0,48,40,3332,detection,
3332363,11,23,-512,1024,-1536,0,100,100,58,0,64,0,48,40,3332,detection,
3332820,1,3,512,512,0,0,0,0,0,0,68,0,0,0,3332,detection,
3332829,7,3,512,512,0,0,0,0,0,0,57,0,0,0,3332,detection,
3332845,6,3,512,512,0,0,0,0,0,0,59,0,0,0,3332,detection,
3332901,22,3,512,512,0,0,0,0,0,0,49,0,0,0,3332,detection,
3333619,9,16,-1,-1,0,0,0,0,0,0,58,0,0,0,3333,detection,
3334323,4,30,-512,1024,-1536,0,100,100,0,0,56,0,58,40,3334,detection,
3334418,18,30,-512,1024,-1536,0,100,100,62,0,56,0,58,40,3334,detection,
3338837,1,3,512,512,0,0,0,0,0,0,66,0,0,0,3338,detection,
3338953,7,3,512,512,0,0,0,0,0,0,59,0,0,0,3338,detection,
3340238,21,30,-512,1024,-1536,0,100,100,100,0,57,0,58,40,3340,detection,
3340243,14,30,-512,1024,-1536,0,100,100,59,0,62,0,54,40,3340,detection,
3340324,4,30,-512,1024,-1536,0,100,100,0,0,56,0,58,40,3340,detection,
3345244,1,3,512,512,0,0,0,0,0,0,64,0,0,0,3345,detection,
3345287,18,3,512,512,0,0,0,0,0,0,59,0,0,0,3345,detection,
3347406,15,19,768,768,0,0,0,0,0,0,66,0,0,0,3347,detection,
3351581,1,3,512,512,0,0,0,0,0,0,63,0,0,0,3351,detection,
3357612,1,3,537,537,0,0,0,0,0,0,59,0,0,0,3357,detection,
3357659,18,3,537,537,0,0,0,0,0,0,60,0,0,0,3357,detection,
3357701,7,3,537,537,0,0,0,0,0,0,59,0,0,0,3357,detection,
3358473,6,28,-512,768,-1280,0,100,100,64,0,54,0,58,40,3358,detection,
3363041,18,30,-512,1049,-1561,0,100,100,2,0,59,0,58,40,3363,detection,
3363883,1,28,-512,768,-1280,0,100,100,0,0,38,0,69,55,3363,detection,
3366566,1,3,-1,-1,0,0,0,0,0,0,58,0,0,0,3366,detection,
3366579,7,3,-1,-1,0,0,0,0,0,0,59,0,0,0,3366,detection,
3369328,7,18,-1,-1,0,0,0,0,0,0,66,0,0,0,3369,detection,
3370142,1,28,-512,-1,-511,100,100,100,100,0,41,0,69,55,3370,detection,
3372398,22,16,-1,-1,0,0,0,0,0,0,59,0,0,0,3372,detection,
3372674,1,6,-1,-1,0,0,0,0,0,0,45,0,0,0,3372,detection,
3372683,20,6,-1,-1,0,0,0,0,0,0,59,0,0,0,3372,detection,
3372828,3,7,-1,-1,0,0,0,0,0,0,59,0,0,0,3372,detection,
3374365,14,30,-512,768,-1280,0,100,100,30,0,61,0,56,40,3374,detection,
3374371,2,30,-512,768,-1280,0,100,100,93,0,57,0,58,40,3374,detection,
3374395,12,30,-512,768,-1280,0,100,100,91,0,59,0,58,40,3374,detection,
3376651,22,16,-1,-1,0,0,0,0,0,0,55,0,0,0,3376,detection,
3376661,18,16,-1,-1,0,0,0,0,0,0,56,0,0,0,3376,detection,
3377709,3,30,-512,768,-1280,0,100,100,31,0,56,0,58,40,3377,detection,
3377736,14,30,-512,768,-1280,0,100,100,0,0,60,0,58,40,3377,detection,
3377808,10,30,-512,768,-1280,0,100,100,30,0,61,0,56,40,3377,detection,
3381034,18,16,-1,-1,0,0,0,0,0,0,96,0,0,0,3381,detection,
3381422,1,28,-512,768,-1280,0,100,100,100,0,41,0,68,55,3381,detection,
3381473,6,28,-512,768,-1280,0,100,100,0,0,58,0,58,40,3381,detection,
3381494,2,28,-512,768,-1280,0,100,100,61,0,58,0,58,40,3381,detection,
3388983,1,28,-512,742,-1254,0,100,100,3,0,41,0,68,55,3388,detection,
3388996,2,28,-512,742,-1254,0,100,100,3,0,54,0,58,40,3388,detection,
3390149,22,16,768,768,0,0,0,0,0,0,58,0,0,0,3390,detection,
3390161,18,16,768,768,0,0,0,0,0,0,100,0,0,0,3390,detection,
3392014,12,30,-512,-1,-511,100,66,100,66,0,100,0,49,40,3392,detection,
3393452,16,22,-1,-1,0,0,0,70,0,0,62,0,55,40,3393,detection,
3398676,1,28,-512,768,-1280,0,100,100,3,0,42,0,66,55,3398,detection,
3398745,2,28,-512,768,-1280,0,100,100,3,0,59,0,58,40,3398,detection,
3400898,22,16,-1,-1,0,0,0,0,0,0,58,0,0,0,3400,detection,
3400911,18,16,-1,-1,0,0,0,0,0,0,98,0,0,0,3400,detection,
3401602,17,18,512,512,0,0,0,0,0,0,96,0,0,0,3401,detection,
3402391,12,30,-512,-1,-511,100,68,100,0,0,96,0,49,40,3402,detection,
3402457,3,30,-512,-1,-511,100,94,100,94,0,56,0,56,40,3402,detection,
3403637,1,2,768,768,0,0,0,0,0,0,38,0,0,0,3403,detection,
3403663,18,2,768,768,0,0,0,0,0,0,59,0,0,0,3403,detection,
3403684,20,2,768,768,0,0,0,0,0,0,57,0,0,0,3403,detection,
3403697,4,2,768,768,0,0,0,0,0,0,60,0,0,0,3403,detection,
3405100,1,28,-512,768,-1280,0,100,100,0,0,42,0,66,55,3405,detection,
3406724,17,18,-1,-1,0,0,0,0,0,0,100,0,0,0,3406,detection,
3407249,1,3,768,768,0,0,0,0,0,0,54,0,0,0,3407,detection,
3407682,8,13,-1,-1,0,0,0,0,0,0,61,0,0,0,3407,detection,
3407733,14,13,-1,-1,0,0,0,0,0,0,85,0,0,0,3407,detection,
3407803,20,2,-1,-1,0,0,0,0,0,0,57,0,0,0,3407,detection,
3407828,7,2,-1,-1,0,0,0,0,0,0,48,0,0,0,3407,detection,
3407828,16,2,-1,-1,0,0,0,0,0,0,57,0,0,0,3407,detection,
3407828,1,2,-1,-1,0,0,0,0,0,0,42,0,0,0,3407,detection,
3410498,9,24,-512,1280,-1792,0,100,100,100,0,58,0,58,40,3410,detection,
3412075,1,28,-512,512,-1024,0,100,100,37,0,39,0,69,55,3412,detection,
3413389,12,30,-512,512,-1024,0,100,100,44,0,100,0,48,40,3413,detection,
3413436,10,30,-512,512,-1024,0,100,100,29,0,62,0,54,40,3413,detection,
3413461,3,30,-512,512,-1024,0,100,100,61,0,58,0,58,40,3413,detection,
3413504,1,2,512,512,0,0,0,0,0,0,43,0,0,0,3413,detection,
3413523,22,2,512,512,0,0,0,0,0,0,62,0,0,0,3413,detection,
3414600,17,26,-512,1024,-1536,0,100,100,7,0,76,0,48,40,3414,detection,
3416126,9,24,-512,-1,-511,100,96,100,100,0,54,0,56,40,3416,detection,
3418304,10,30,-512,512,-1024,0,100,100,0,0,63,0,48,40,3418,detection,
3418392,12,30,-512,512,-1024,0,100,100,0,0,100,0,48,40,3418,detection,
3422204,4,30,-512,512,-1024,0,100,100,62,0,57,0,58,40,3422,detection,
3422264,12,30,-512,512,-1024,0,100,100,0,0,100,0,48,40,3422,detection,
3422343,1,2,512,512,0,0,0,0,0,0,44,0,0,0,3422,detection,
3422403,22,2,512,512,0,0,0,0,0,0,63,0,0,0,3422,detection,
3422411,18,2,512,512,0,0,0,0,0,0,59,0,0,0,3422,detection,
3422433,20,2,512,512,0,0,0,0,0,0,58,0,0,0,3422,detection,
3424102,17,26,-512,1024,-1536,0,100,100,0,0,74,0,48,40,3424,detection,
3428060,10,30,-512,512,-1024,0,100,100,0,0,64,0,48,40,3428,detection,
3428078,4,30,-512,512,-1024,0,100,100,0,0,59,0,58,40,3428,detection,
3428122,2,30,-512,512,-1024,0,100,100,30,0,58,0,58,40,3428,detection,
3428125,9,30,-512,512,-1024,0,100,100,61,0,59,0,58,40,3428,detection,
3428138,12,30,-512,512,-1024,0,100,100,0,0,100,0,48,40,3428,detection,
3428155,22,30,-512,512,-1024,0,100,100,62,0,57,0,58,40,3428,detection,
3434153,22,30,-512,512,-1024,0,100,100,0,0,58,0,58,40,3434,detection,
3434244,2,30,-512,512,-1024,0,100,100,0,0,59,0,58,40,3434,detection,
3434251,9,30,-512,512,-1024,0,100,100,0,0,57,0,58,40,3434,detection,
3434268,12,30,-512,512,-1024,0,100,100,0,0,100,0,48,40,3434,detection,
3435150,22,4,-1,-1,0,0,0,70,0,0,57,0,61,40,3435,detection,
3435188,8,4,-1,-1,0,0,0,0,0,0,55,0,0,0,3435,detection,
3439127,9,30,-512,512,-1024,0,100,100,0,0,58,0,58,40,3439,detection,
3439139,12,30,-512,512,-1024,0,100,100,0,0,100,0,48,40,3439,detection,
3444888,12,22,-1,-256,255,0,54,83,36,0,41,0,72,55,3444,detection,
3444905,15,22,-1,-256,255,0,53,80,35,0,44,0,69,55,3444,detection,
3453138,12,30,-512,768,-1280,0,100,100,22,0,100,0,48,40,3453,detection,
3453151,22,30,-512,768,-1280,0,100,100,30,0,58,0,58,40,3453,detection,
3453177,13,30,-512,768,-1280,0,100,100,92,0,58,0,58,40,3453,detection,
3453181,10,30,-512,768,-1280,0,100,100,29,0,62,0,54,40,3453,detection,
3453198,4,30,-512,768,-1280,0,100,100,32,0,54,0,58,40,3453,detection,
3453246,2,30,-512,768,-1280,0,100,100,30,0,58,0,58,40,3453,detection,
3453249,9,30,-512,768,-1280,0,100,100,31,0,57,0,58,40,3453,detection,
3455872,9,30,-512,512,-1024,0,100,100,31,0,57,0,58,40,3455,detection,
3455931,13,30,-512,512,-1024,0,100,100,31,0,56,0,58,40,3455,detection,
3455948,4,30,-512,512,-1024,0,100,100,31,0,55,0,58,40,3455,detection,
3460124,9,4,-1,-1,0,0,0,100,0,0,58,0,60,40,3460,detection,
3461141,12,10,768,768,0,0,0,0,0,0,42,0,0,0,3461,detection,
3461686,13,30,-512,512,-1024,0,100,100,0,0,56,0,58,40,3461,detection,
3461703,4,30,-512,512,-1024,0,100,100,0,0,55,0,58,40,3461,detection,
3461750,9,30,-512,512,-1024,0,100,100,0,0,58,0,58,40,3461,detection,
3464225,19,12,-1,-1,0,0,0,70,0,0,61,0,58,40,3464,detection,
3464233,11,12,-1,-1,0,0,0,0,0,0,61,0,0,0,3464,detection,
3464284,18,12,-1,-1,0,0,0,0,0,0,55,0,0,0,3464,detection,
3464297,5,12,-1,-1,0,0,0,0,0,0,63,0,0,0,3464,detection,
3466671,5,10,512,512,0,0,0,0,0,0,59,0,0,0,3466,detection,
3470762,12,10,-1,-1,0,0,0,0,0,0,46,0,0,0,3470,detection,
3470800,5,10,-1,-1,0,0,0,0,0,0,58,0,0,0,3470,detection,
3479773,22,8,-1,-1,0,0,0,0,0,0,58,0,0,0,3479,detection,
3479786,18,8,-1,-1,0,0,0,0,0,0,53,0,0,0,3479,detection,
3479807,10,8,-1,-1,0,0,0,0,0,0,58,0,0,0,3479,detection,
3483325,4,9,-1,-1,0,0,0,70,28,0,65,0,42,40,3483,detection,
3491372,9,4,-1,-1,0,0,0,100,0,0,57,0,60,40,3491,detection,
3491428,10,4,-1,-1,0,0,0,70,0,0,52,0,61,40,3491,detection,
3491436,8,4,-1,-1,0,0,0,0,0,0,55,0,0,0,3491,detection,
3529360,21,17,-1,-1,0,0,0,0,0,0,52,0,0,0,3529,detection,
3540791,1,6,768,768,0,0,0,0,0,0,44,0,0,0,3540,detection,
3542066,1,28,-512,-1,-511,100,100,100,67,0,49,0,57,40,3542,detection,
3545194,1,6,-1,-1,0,0,0,0,0,0,44,0,0,0,3545,detection,
3550673,1,6,-1,-1,0,0,0,0,0,0,44,0,0,0,3550,detection,
3550835,1,28,-512,768,-1280,0,100,100,100,0,47,0,62,40,3550,detection,
3558298,5,10,512,512,0,0,0,0,0,0,59,0,0,0,3558,detection,
3558953,3,7,-1,-1,0,0,0,0,0,0,59,0,0,0,3558,detection,
3561812,1,28,-512,768,-1280,0,100,100,0,0,46,0,63,40,3561,detection,
3561850,6,28,-512,768,-1280,0,100,100,0,0,57,0,58,40,3561,detection,
3566429,1,28,-512,512,-1024,0,100,100,34,0,48,0,60,40,3566,detection,
3566472,6,28,-512,512,-1024,0,100,100,30,0,59,0,58,40,3566,detection,
3570922,1,28,-512,512,-1024,0,100,100,0,0,49,0,59,40,3570,detection,
3571458,16,10,742,742,0,0,0,70,0,0,60,0,61,40,3571,detection,
3571544,5,10,742,742,0,0,0,0,0,0,58,0,0,0,3571,detection,
3580200,16,13,998,998,0,0,0,0,0,0,55,0,0,0,3580,detection,
3580231,1,13,998,998,0,0,0,0,0,0,62,0,0,0,3580,detection,
3586183,20,6,768,768,0,0,0,0,0,0,59,0,0,0,3586,detection,
3589248,9,29,-512,1280,-1792,0,100,100,100,0,66,0,48,40,3589,detection,
3589248,2,29,-512,1280,-1792,0,100,100,100,0,59,0,58,40,3589,detection,
3589325,4,29,-512,1280,-1792,0,100,100,60,0,60,0,58,40,3589,detection,
3591183,1,13,1280,1280,0,0,0,0,0,0,59,0,0,0,3591,detection,
3591208,3,13,1280,1280,0,0,0,0,0,0,61,0,0,0,3591,detection,
3591302,10,13,1280,1280,0,0,0,0,0,0,58,0,0,0,3591,detection,
3592424,1,3,768,768,0,0,0,0,0,0,51,0,0,0,3592,detection,
3592632,1,23,-512,1280,-1792,0,100,100,100,0,48,0,60,40,3592,detection,
3593905,15,18,-1,-1,0,0,0,0,0,0,58,0,0,0,3593,detection,
3594917,18,29,-512,1536,-2048,0,100,100,56,0,69,0,48,40,3594,detection,
3594951,4,29,-512,1536,-2048,0,100,100,29,0,63,0,48,40,3594,detection,
3598774,1,23,-512,1280,-1792,0,100,100,0,0,43,0,66,55,3598,detection,
3598808,20,23,-512,1280,-1792,0,100,100,86,0,65,0,48,40,3598,detection,
3599978,1,3,742,742,0,0,0,0,0,0,49,0,0,0,3599,detection,
