sim_ms,mote_id,src,R,Rhat,e,v1,v2,v3,v4,v5,v6,v7,AC,ML,t,type,action
27147,1,23,512,512,0,0,0,0,0,0,0,0,0,0,27,detection,
27174,20,23,512,512,0,0,0,0,0,0,0,0,0,0,27,detection,
27217,6,23,512,512,0,0,0,0,0,0,0,0,0,0,27,detection,
27220,19,23,512,512,0,0,0,0,0,0,0,0,0,0,27,detection,
27229,14,23,512,512,0,0,0,0,0,0,0,0,0,0,27,detection,
27238,2,23,512,512,0,0,0,0,0,0,0,0,0,0,27,detection,
27298,1,28,512,512,0,0,0,0,0,0,0,0,0,0,27,detection,
27342,6,28,512,512,0,0,0,0,0,0,0,0,0,0,27,detection,
27363,2,28,512,512,0,0,0,0,0,0,0,0,0,0,27,detection,
27433,1,2,768,768,0,0,0,0,0,0,0,0,0,0,27,detection,
27445,16,2,768,768,0,0,0,0,0,0,0,0,0,0,27,detection,
27445,4,2,768,768,0,0,0,0,0,0,0,0,0,0,27,detection,
27449,7,2,768,768,0,0,0,0,0,0,0,0,0,0,27,detection,
27449,3,2,768,768,0,0,0,0,0,0,0,0,0,0,27,detection,
27480,14,2,768,768,0,0,0,0,0,0,0,0,0,0,27,detection,
27491,9,2,768,768,0,0,0,0,0,0,0,0,0,0,27,detection,
27530,18,2,768,768,0,0,0,0,0,0,0,0,0,0,27,detection,
27547,10,2,768,768,0,0,0,0,0,0,0,0,0,0,27,detection,
27547,13,2,768,768,0,0,0,0,0,0,0,0,0,0,27,detection,
27553,20,2,768,768,0,0,0,0,0,0,0,0,0,0,27,detection,
27556,8,2,768,768,0,0,0,0,0,0,0,0,0,0,27,detection,
27629,1,6,768,768,0,0,0,0,0,0,0,0,0,0,27,detection,
27677,20,6,768,768,0,0,0,0,0,0,0,0,0,0,27,detection,
27915,1,24,512,512,0,0,0,0,0,0,0,0,0,0,27,detection,
27967,6,24,512,512,0,0,0,0,0,0,0,0,0,0,27,detection,
27991,9,24,512,512,0,0,0,0,0,0,0,0,0,0,27,detection,
27993,2,24,512,512,0,0,0,0,0,0,0,0,0,0,27,detection,
28143,1,20,512,512,0,0,0,0,0,0,0,0,0,0,28,detection,
28171,13,20,512,512,0,0,0,0,0,0,0,0,0,0,28,detection,
28180,8,20,512,512,0,0,0,0,0,0,0,0,0,0,28,detection,
28202,7,20,512,512,0,0,0,0,0,0,0,0,0,0,28,detection,
28202,3,20,512,512,0,0,0,0,0,0,0,0,0,0,28,detection,
28242,9,20,512,512,0,0,0,0,0,0,0,0,0,0,28,detection,
28243,2,20,512,512,0,0,0,0,0,0,0,0,0,0,28,detection,
29926,10,13,1024,1024,0,0,0,0,0,0,0,0,0,0,29,detection,
29927,20,13,1024,1024,0,0,0,0,0,0,0,0,0,0,29,detection,
29931,8,13,1024,1024,0,0,0,0,0,0,0,0,0,0,29,detection,
29946,4,13,1024,1024,0,0,0,0,0,0,0,0,0,0,29,detection,
29950,16,13,1024,1024,0,0,0,0,0,0,0,0,0,0,29,detection,
29951,3,13,1024,1024,0,0,0,0,0,0,0,0,0,0,29,detection,
29951,7,13,1024,1024,0,0,0,0,0,0,0,0,0,0,29,detection,
29982,14,13,1024,1024,0,0,0,0,0,0,0,0,0,0,29,detection,
29992,2,13,1024,1024,0,0,0,0,0,0,0,0,0,0,29,detection,
30022,22,13,1024,1024,0,0,0,0,0,0,0,0,0,0,30,detection,
30031,18,13,1024,1024,0,0,0,0,0,0,0,0,0,0,30,detection,
30620,9,30,1280,1280,0,0,0,0,0,0,0,0,0,0,30,detection,
30623,2,30,1280,1280,0,0,0,0,0,0,0,0,0,0,30,detection,
30634,12,30,1280,1280,0,0,0,0,0,0,0,0,0,0,30,detection,
30648,22,30,1280,1280,0,0,0,0,0,0,0,0,0,0,30,detection,
30657,18,30,1280,1280,0,0,0,0,0,0,0,0,0,0,30,detection,
30674,13,30,1280,1280,0,0,0,0,0,0,0,0,0,0,30,detection,
30674,10,30,1280,1280,0,0,0,0,0,0,0,0,0,0,30,detection,
30695,4,30,1280,1280,0,0,0,0,0,0,0,0,0,0,30,detection,
30699,16,30,1280,1280,0,0,0,0,0,0,0,0,0,0,30,detection,
30700,7,30,1280,1280,0,0,0,0,0,0,0,0,0,0,30,detection,
30705,3,30,1280,1280,0,0,0,0,0,0,0,0,0,0,30,detection,
30727,21,30,1280,1280,0,0,0,0,0,0,0,0,0,0,30,detection,
30776,15,19,768,768,0,0,0,0,0,0,0,0,0,0,30,detection,
30852,11,19,768,768,0,0,0,0,0,0,0,0,0,0,30,detection,
30884,12,19,768,768,0,0,0,0,0,0,0,0,0,0,30,detection,
31052,20,7,1024,1024,0,0,0,0,0,0,0,0,0,0,31,detection,
31167,5,14,1024,1024,0,0,0,0,0,0,0,0,0,0,31,detection,
31231,11,14,1024,1024,0,0,0,0,0,0,0,0,0,0,31,detection,
31272,22,14,1024,1024,0,0,0,0,0,0,0,0,0,0,31,detection,
31281,18,14,1024,1024,0,0,0,0,0,0,0,0,0,0,31,detection,
31307,8,4,1280,1280,0,0,0,0,0,0,0,0,0,0,31,detection,
31328,16,4,1280,1280,0,0,0,0,0,0,0,0,0,0,31,detection,
31329,7,4,1280,1280,0,0,0,0,0,0,0,0,0,0,31,detection,
31329,3,4,1280,1280,0,0,0,0,0,0,0,0,0,0,31,detection,
31352,21,4,1280,1280,0,0,0,0,0,0,0,0,0,0,31,detection,
31387,12,4,1280,1280,0,0,0,0,0,0,0,0,0,0,31,detection,
31455,3,16,1024,1024,0,0,0,0,0,0,0,0,0,0,31,detection,
31468,17,16,1024,1024,0,0,0,0,0,0,0,0,0,0,31,detection,
31479,21,16,1024,1024,0,0,0,0,0,0,0,0,0,0,31,detection,
31484,14,16,1024,1024,0,0,0,0,0,0,0,0,0,0,31,detection,
31493,2,16,1024,1024,0,0,0,0,0,0,0,0,0,0,31,detection,
31493,9,16,1024,1024,0,0,0,0,0,0,0,0,0,0,31,detection,
31514,12,16,1024,1024,0,0,0,0,0,0,0,0,0,0,31,detection,
31522,22,16,1024,1024,0,0,0,0,0,0,0,0,0,0,31,detection,
31552,10,16,1024,1024,0,0,0,0,0,0,0,0,0,0,31,detection,
31552,13,16,1024,1024,0,0,0,0,0,0,0,0,0,0,31,detection,
31557,8,16,1024,1024,0,0,0,0,0,0,0,0,0,0,31,detection,
31995,2,3,1024,1024,0,0,0,0,0,0,0,0,0,0,31,detection,
31997,9,3,1024,1024,0,0,0,0,0,0,0,0,0,0,31,detection,
32427,13,10,1024,1024,0,0,0,0,0,0,0,0,0,0,32,detection,
32448,4,10,1024,1024,0,0,0,0,0,0,0,0,0,0,32,detection,
32453,16,10,1024,1024,0,0,0,0,0,0,0,0,0,0,32,detection,
32459,3,10,1024,1024,0,0,0,0,0,0,0,0,0,0,32,detection,
32482,21,10,1024,1024,0,0,0,0,0,0,0,0,0,0,32,detection,
32483,14,10,1024,1024,0,0,0,0,0,0,0,0,0,0,32,detection,
32493,9,10,1024,1024,0,0,0,0,0,0,0,0,0,0,32,detection,
32513,12,10,1024,1024,0,0,0,0,0,0,0,0,0,0,32,detection,
32526,22,10,1024,1024,0,0,0,0,0,0,0,0,0,0,32,detection,
32534,18,10,1024,1024,0,0,0,0,0,0,0,0,0,0,32,detection,
32552,10,9,1024,1024,0,0,0,0,0,0,0,0,0,0,32,detection,
32553,13,9,1024,1024,0,0,0,0,0,0,0,0,0,0,32,detection,
32578,7,9,1024,1024,0,0,0,0,0,0,0,0,0,0,32,detection,
32889,12,2,512,512,0,0,0,0,0,0,0,0,0,0,32,detection,
32902,22,2,512,512,0,0,0,0,0,0,0,0,0,0,32,detection,
32907,18,2,512,512,0,0,0,0,0,0,6,0,0,0,32,detection,
32950,7,2,512,512,0,0,0,0,0,0,6,0,0,0,32,detection,
32955,3,2,512,512,0,0,0,0,0,0,6,0,0,0,32,detection,
33544,5,31,1536,1536,0,0,0,0,0,0,0,0,0,0,33,detection,
33606,21,31,1536,1536,0,0,0,0,0,0,0,0,0,0,33,detection,
33609,11,31,1536,1536,0,0,0,0,0,0,0,0,0,0,33,detection,
33611,14,31,1536,1536,0,0,0,0,0,0,0,0,0,0,33,detection,
33684,8,25,1024,1024,0,0,0,0,0,0,0,0,0,0,33,detection,
34427,20,29,1024,1024,0,0,0,0,0,0,0,0,0,0,34,detection,
34653,15,11,1280,1280,0,0,0,0,0,0,0,0,0,0,34,detection,
35127,1,28,512,512,0,0,0,0,0,0,0,0,0,0,35,detection,
35155,15,5,1536,1536,0,0,0,0,0,0,0,0,0,0,35,detection,
35538,1,23,512,512,0,0,0,0,0,0,0,0,0,0,35,detection,
35543,5,23,512,512,0,0,0,0,0,0,0,0,0,0,35,detection,
35554,10,23,512,512,0,0,0,0,0,0,0,0,0,0,35,detection,
35555,13,23,512,512,0,0,0,0,0,0,0,0,0,0,35,detection,
35596,19,23,512,512,0,0,0,0,0,0,1,0,0,0,35,detection,
35597,17,21,1536,1536,0,0,0,0,0,0,0,0,0,0,35,detection,
35682,10,21,1536,1536,0,0,0,0,0,0,0,0,0,0,35,detection,
35817,1,20,512,512,0,0,0,0,0,0,0,0,0,0,35,detection,
35844,6,20,512,512,0,0,0,0,0,0,0,0,0,0,35,detection,
36072,1,24,512,512,0,0,0,0,0,0,0,0,0,0,36,detection,
36092,6,24,512,512,0,0,0,0,0,0,0,0,0,0,36,detection,
36272,1,6,512,512,0,0,0,0,0,0,4,0,0,0,36,detection,
36496,9,22,1024,1024,0,0,0,0,0,0,0,0,0,0,36,detection,
36552,13,22,1024,1024,0,0,0,0,0,0,0,0,0,0,36,detection,
37361,14,8,1024,1024,0,0,0,0,0,0,0,0,0,0,37,detection,
38176,20,3,1024,1024,0,0,0,0,0,0,0,0,0,0,38,detection,
38220,6,3,1024,1024,0,0,0,0,0,0,0,0,0,0,38,detection,
38264,1,3,1024,1024,0,0,0,0,0,0,0,0,0,0,38,detection,
38497,1,13,768,768,0,0,0,0,0,0,0,0,0,0,38,detection,
38575,7,13,768,768,0,0,0,0,0,0,4,0,0,0,38,detection,
38584,3,13,768,768,0,0,0,0,0,0,6,0,0,0,38,detection,
38596,19,13,768,768,0,0,0,0,0,0,0,0,0,0,38,detection,
38606,14,13,768,768,0,0,0,0,0,0,4,0,0,0,38,detection,
38623,2,13,768,768,0,0,0,0,0,0,14,0,0,0,38,detection,
38854,11,19,819,819,0,0,0,0,0,0,1,0,0,0,38,detection,
38901,15,19,819,819,0,0,0,0,0,0,2,0,0,0,38,detection,
38921,5,19,819,819,0,0,0,0,0,0,0,0,0,0,38,detection,
39311,8,30,1024,1024,0,0,0,0,0,0,0,0,0,0,39,detection,
39355,21,30,1024,1024,0,0,0,0,0,0,7,0,0,0,39,detection,
39377,9,30,1024,1024,0,0,0,0,0,0,6,0,0,0,39,detection,
40079,16,31,1280,1280,0,0,0,0,0,0,0,0,0,0,40,detection,
40150,22,4,1024,1024,0,0,0,0,0,0,0,0,0,0,40,detection,
40162,18,4,1024,1024,0,0,0,0,0,0,0,0,0,0,40,detection,
40180,10,4,1024,1024,0,0,0,0,0,0,0,0,0,0,40,detection,
40181,8,4,1024,1024,0,0,0,0,0,0,4,0,0,0,40,detection,
40202,16,4,1024,1024,0,0,0,0,0,0,4,0,0,0,40,detection,
40202,7,4,1024,1024,0,0,0,0,0,0,4,0,0,0,40,detection,
40203,3,4,1024,1024,0,0,0,0,0,0,6,0,0,0,40,detection,
40236,14,4,1024,1024,0,0,0,0,0,0,0,0,0,0,40,detection,
40328,7,29,1024,1024,0,0,0,0,0,0,0,0,0,0,40,detection,
40410,18,29,1024,1024,0,0,0,0,0,0,0,0,0,0,40,detection,
40572,4,22,1024,1024,0,0,0,0,0,0,0,0,0,0,40,detection,
40584,16,22,1024,1024,0,0,0,0,0,0,0,0,0,0,40,detection,
40610,11,22,1024,1024,0,0,0,0,0,0,0,0,0,0,40,detection,
40619,9,22,1024,1024,0,0,0,0,0,0,3,0,0,0,40,detection,
40638,12,22,1024,1024,0,0,0,0,0,0,0,0,0,0,40,detection,
40670,5,22,1024,1024,0,0,0,0,0,0,0,0,0,0,40,detection,
40685,8,22,1024,1024,0,0,0,0,0,0,0,0,0,0,40,detection,
41141,12,14,1280,1280,0,0,0,0,0,0,0,0,0,0,41,detection,
41160,18,14,1280,1280,0,0,0,0,0,0,1,0,0,0,41,detection,
41347,19,15,1792,1792,0,0,0,0,0,0,0,0,0,0,41,detection,
41357,11,15,1792,1792,0,0,0,0,0,0,0,0,0,0,41,detection,
41459,3,18,768,768,0,0,0,0,0,0,0,0,0,0,41,detection,
41474,19,18,768,768,0,0,0,0,0,0,0,0,0,0,41,detection,
42211,1,3,1024,1024,0,0,0,0,0,0,3,0,0,0,42,detection,
42219,6,3,1024,1024,0,0,0,0,0,0,3,0,0,0,42,detection,
42305,20,3,1024,1024,0,0,0,0,0,0,3,0,0,0,42,detection,
43547,5,11,1075,1075,0,0,0,0,0,0,0,0,0,0,43,detection,
43578,16,11,1075,1075,0,0,0,0,0,0,0,0,0,0,43,detection,
43599,19,11,1075,1075,0,0,0,0,0,0,0,0,0,0,43,detection,
44307,8,16,1049,1049,0,0,0,0,0,0,0,0,0,0,44,detection,
44353,21,16,1049,1049,0,0,0,0,0,0,2,0,0,0,44,detection,
44401,22,16,1049,1049,0,0,0,0,0,0,0,0,0,0,44,detection,
46717,1,28,512,512,0,0,0,0,0,0,0,0,0,0,46,detection,
46720,6,28,512,512,0,0,0,0,0,0,0,0,0,0,46,detection,
46805,13,2,742,742,0,0,0,0,0,0,6,0,0,0,46,detection,
47095,17,27,1536,1536,0,0,0,0,0,0,0,0,0,0,47,detection,
47110,21,27,1536,1536,0,0,0,0,0,0,0,0,0,0,47,detection,
48035,18,29,1280,1280,0,0,0,0,0,0,3,0,0,0,48,detection,
48136,1,20,580,580,0,0,0,0,0,0,0,0,0,0,48,detection,
48775,22,14,1280,1280,0,0,0,0,0,0,1,0,0,0,48,detection,
48783,18,14,1280,1280,0,0,0,0,0,0,1,0,0,0,48,detection,
48823,4,14,1280,1280,0,0,0,0,0,0,0,0,0,0,48,detection,
48829,7,14,1280,1280,0,0,0,0,0,0,0,0,0,0,48,detection,
48859,21,14,1280,1280,0,0,0,0,0,0,0,0,0,0,48,detection,
48859,11,14,1280,1280,0,0,0,0,0,0,1,0,0,0,48,detection,
48887,12,14,1280,1280,0,0,0,0,0,0,0,0,0,0,48,detection,
49098,17,8,1024,1024,0,0,0,0,0,0,0,0,0,0,49,detection,
49111,14,8,1024,1024,0,0,0,0,0,0,8,0,0,0,49,detection,
49200,4,8,1024,1024,0,0,0,0,0,0,0,0,0,0,49,detection,
49659,18,4,1024,1024,0,0,0,0,0,0,0,0,0,0,49,detection,
49856,1,13,768,768,0,0,0,0,0,0,0,0,0,0,49,detection,
49857,11,13,768,768,0,0,0,0,0,0,0,0,0,0,49,detection,
49922,5,13,768,768,0,0,0,0,0,0,0,0,0,0,49,detection,
49954,3,13,768,768,0,0,0,0,0,0,6,0,0,0,49,detection,
49974,19,13,768,768,0,0,0,0,0,0,0,0,0,0,49,detection,
50202,4,7,768,768,0,0,0,0,0,0,0,0,0,0,50,detection,
50423,5,31,1280,1280,0,0,0,0,0,0,6,0,0,0,50,detection,
50658,1,3,1075,1075,0,0,0,0,0,0,3,0,0,0,50,detection,
50679,20,3,1075,1075,0,0,0,0,0,0,3,0,0,0,50,detection,
50717,6,3,1075,1075,0,0,0,0,0,0,3,0,0,0,50,detection,
50735,11,5,1331,1331,0,0,0,0,0,0,0,0,0,0,50,detection,
50777,15,5,1331,1331,0,0,0,0,0,0,4,0,0,0,50,detection,
51472,19,18,768,768,0,0,0,0,0,0,0,0,0,0,51,detection,
51485,11,18,768,768,0,0,0,0,0,0,0,0,0,0,51,detection,
51527,22,18,768,768,0,0,0,0,0,0,0,0,0,0,51,detection,
51549,5,18,768,768,0,0,0,0,0,0,0,0,0,0,51,detection,
51732,21,17,1536,1536,0,0,0,0,0,0,0,0,0,0,51,detection,
51829,7,9,1280,1280,0,0,0,0,0,0,3,0,0,0,51,detection,
51907,1,24,512,512,0,0,0,0,0,0,0,0,0,0,51,detection,
51966,6,24,512,512,0,0,0,0,0,0,0,0,0,0,51,detection,
52043,5,23,537,537,0,0,0,0,0,0,2,0,0,0,52,detection,
52178,20,6,512,512,0,0,0,0,0,0,4,0,0,0,52,detection,
52787,18,22,1024,1024,0,0,0,0,0,0,0,0,0,0,52,detection,
52794,5,22,1024,1024,0,0,0,0,0,0,1,0,0,0,52,detection,
52802,13,22,1024,1024,0,0,0,0,0,0,12,0,0,0,52,detection,
52823,4,22,1024,1024,0,0,0,0,0,0,0,0,0,0,52,detection,
52851,19,22,1024,1024,0,0,0,0,0,0,0,0,0,0,52,detection,
52858,11,22,1024,1024,0,0,0,0,0,0,1,0,0,0,52,detection,
52888,12,22,1024,1024,0,0,0,0,0,0,1,0,0,0,52,detection,
53432,13,16,1049,1049,0,0,0,0,0,0,12,0,0,0,53,detection,
53470,17,21,1792,1792,0,0,0,0,0,0,6,0,0,0,53,detection,
53633,1,13,768,768,0,0,0,0,0,0,9,0,0,0,53,detection,
53659,18,13,768,768,0,0,0,0,0,0,4,0,0,0,53,detection,
53673,5,13,768,768,0,0,0,0,0,0,8,0,0,0,53,detection,
53679,10,13,768,768,0,0,0,0,0,0,9,0,0,0,53,detection,
53700,4,13,768,768,0,0,0,0,0,0,7,0,0,0,53,detection,
53739,14,13,768,768,0,0,0,0,0,0,14,0,0,0,53,detection,
53745,2,13,768,768,0,0,0,0,0,0,22,0,0,0,53,detection,
54702,4,30,1024,1024,0,0,0,0,0,0,10,0,0,0,54,detection,
54784,18,30,1024,1024,0,0,0,0,0,0,6,0,0,0,54,detection,
56277,22,18,512,512,0,0,0,0,0,0,3,0,0,0,56,detection,
56294,5,18,512,512,0,0,0,0,0,0,3,0,0,0,56,detection,
56348,19,18,512,512,0,0,0,0,0,0,3,0,0,0,56,detection,
56358,11,18,512,512,0,0,0,0,0,0,5,0,0,0,56,detection,
58110,11,5,1075,1075,0,0,0,0,0,0,7,0,0,0,58,detection,
58308,10,9,1280,1280,0,0,0,0,0,0,12,0,0,0,58,detection,
58326,7,9,1280,1280,0,0,0,0,0,0,4,0,0,0,58,detection,
58348,17,9,1280,1280,0,0,0,0,0,0,0,0,0,0,58,detection,
58721,17,8,1046,1046,0,0,0,0,0,0,2,0,0,0,58,detection,
59345,6,3,1075,1075,0,0,0,0,0,0,3,0,0,0,59,detection,
59414,1,3,1075,1075,0,0,0,0,0,0,3,0,0,0,59,detection,
59427,20,3,1075,1075,0,0,0,0,0,0,3,0,0,0,59,detection,
60670,5,11,1024,1024,0,0,0,0,0,0,11,0,0,0,60,detection,
60704,16,11,1024,1024,0,0,0,0,0,0,12,0,0,0,60,detection,
60858,11,18,512,512,0,0,0,0,0,0,6,0,0,0,60,detection,
60901,22,18,512,512,0,0,0,0,0,0,3,0,0,0,60,detection,
60903,15,18,512,512,0,0,0,0,0,0,0,0,0,0,60,detection,
60918,5,18,512,512,0,0,0,0,0,0,5,0,0,0,60,detection,
60972,19,18,512,512,0,0,0,0,0,0,3,0,0,0,60,detection,
61052,10,9,1280,1280,0,0,0,0,0,0,18,0,0,0,61,detection,
61080,1,13,512,512,0,0,0,0,0,0,8,0,0,0,61,detection,
61097,17,9,1280,1280,0,0,0,0,0,0,4,0,0,0,61,detection,
64575,4,14,1024,1024,0,0,0,0,0,0,16,0,0,0,64,detection,
64648,22,14,1024,1024,0,0,0,0,0,0,5,0,0,0,64,detection,
64661,18,14,1024,1024,0,0,0,0,0,0,9,0,0,0,64,detection,
64674,5,14,1024,1024,0,0,0,0,0,0,9,0,0,0,64,detection,
64847,17,27,1302,1302,0,0,0,0,0,0,11,0,0,0,64,detection,
64858,21,27,1302,1302,0,0,0,0,0,0,9,0,0,0,64,detection,
65847,17,7,998,998,0,0,0,0,0,0,0,0,0,0,65,detection,
67097,17,21,1558,1558,0,0,0,0,0,0,11,0,0,0,67,detection,
67173,5,31,768,768,0,0,0,0,0,0,15,0,0,0,67,detection,
67972,17,9,1254,1254,0,0,0,0,0,0,8,0,0,0,67,detection,
68159,18,29,1024,1024,0,0,0,0,0,0,12,0,0,0,68,detection,
68952,16,11,1024,1024,0,0,0,0,0,0,14,0,0,0,68,detection,
70399,22,14,768,768,0,0,0,0,0,0,12,0,0,0,70,detection,
70408,18,14,768,768,0,0,0,0,0,0,13,0,0,0,70,detection,
70421,5,14,768,768,0,0,0,0,0,0,16,0,0,0,70,detection,
70447,4,14,768,768,0,0,0,0,0,0,23,0,0,0,70,detection,
70997,2,23,1024,1024,0,0,0,0,0,0,23,0,0,0,70,detection,
71031,15,23,1024,1024,0,0,0,0,0,0,0,0,0,0,71,detection,
71056,13,23,1024,1024,0,0,0,0,0,0,24,0,0,0,71,detection,
71722,17,8,1064,1064,0,0,0,0,0,0,2,0,0,0,71,detection,
72224,19,5,1075,1075,0,0,0,0,0,0,0,0,0,0,72,detection,
73178,13,2,1303,1303,0,0,0,0,0,0,23,0,0,0,73,detection,
73685,1,24,512,512,0,0,0,0,0,0,0,0,0,0,73,detection,
73747,2,24,512,512,0,0,0,0,0,0,15,0,0,0,73,detection,
74608,11,18,529,529,0,0,0,0,0,0,14,0,0,0,74,detection,
74650,22,18,529,529,0,0,0,0,0,0,7,0,0,0,74,detection,
74652,15,18,529,529,0,0,0,0,0,0,0,0,0,0,74,detection,
75406,15,25,1536,1536,0,0,0,0,0,0,0,0,0,0,75,detection,
75780,22,30,1041,1041,0,0,0,0,0,0,9,0,0,0,75,detection,
75782,15,30,1041,1041,0,0,0,0,0,0,0,0,0,0,75,detection,
75788,18,30,1041,1041,0,0,0,0,0,0,17,0,0,0,75,detection,
75806,13,30,1041,1041,0,0,0,0,0,0,19,0,0,0,75,detection,
75831,16,30,1041,1041,0,0,0,0,0,0,12,0,0,0,75,detection,
76043,15,2,768,768,0,0,0,0,0,0,0,0,0,0,76,detection,
76047,18,2,768,768,0,0,0,0,0,0,22,0,0,0,76,detection,
76050,13,2,768,768,0,0,0,0,0,0,32,0,0,0,76,detection,
76077,16,2,768,768,0,0,0,0,0,0,19,0,0,0,76,detection,
77869,2,23,768,768,0,0,0,0,0,0,25,0,0,0,77,detection,
77903,15,23,768,768,0,0,0,0,0,0,4,0,0,0,77,detection,
78151,22,13,512,512,0,0,0,0,0,0,17,0,0,0,78,detection,
78160,18,13,512,512,0,0,0,0,0,0,19,0,0,0,78,detection,
78170,5,13,512,512,0,0,0,0,0,0,16,0,0,0,78,detection,
78177,10,13,512,512,0,0,0,0,0,0,22,0,0,0,78,detection,
78207,16,13,512,512,0,0,0,0,0,0,19,0,0,0,78,detection,
78234,14,13,512,512,0,0,0,0,0,0,19,0,0,0,78,detection,
78237,11,13,512,512,0,0,0,0,0,0,16,0,0,0,78,detection,
78246,2,13,512,512,0,0,0,0,0,0,24,0,0,0,78,detection,
78598,17,28,512,512,0,0,0,0,0,0,0,0,0,0,78,detection,
78957,3,20,573,573,0,0,0,0,0,0,1,0,0,0,78,detection,
78968,6,20,573,573,0,0,0,0,0,0,0,0,0,0,78,detection,
78999,1,20,573,573,0,0,0,0,0,0,0,0,0,0,78,detection,
79133,1,6,512,512,0,0,0,0,0,0,5,0,0,0,79,detection,
79223,17,9,1280,1280,0,0,0,0,0,0,12,0,0,0,79,detection,
79226,19,6,512,512,0,0,0,0,0,0,0,0,0,0,79,detection,
80305,20,19,1056,1056,0,0,0,0,0,0,0,0,0,0,80,detection,
80347,6,19,1056,1056,0,0,0,0,0,0,0,0,0,0,80,detection,
81477,17,11,1041,1041,0,0,0,0,0,0,0,0,0,0,81,detection,
82328,16,22,1024,1024,0,0,0,0,0,0,13,0,0,0,82,detection,
82350,19,22,1024,1024,0,0,0,0,0,0,0,0,0,0,82,detection,
82649,22,30,1024,1024,0,0,0,0,0,0,16,0,0,0,82,detection,
82700,16,30,1024,1024,0,0,0,0,0,0,20,0,0,0,82,detection,
82733,21,17,1024,1024,0,0,0,0,0,0,9,0,0,0,82,detection,
83947,4,14,1015,1015,0,0,0,0,0,0,24,0,0,0,83,detection,
83973,6,14,1015,1015,0,0,0,0,0,0,0,0,0,0,83,detection,
84454,7,9,1280,1280,0,0,0,0,0,0,17,0,0,0,84,detection,
84704,3,4,1024,1024,0,0,0,0,0,0,10,0,0,0,84,detection,
84779,22,16,1046,1046,0,0,0,0,0,0,11,0,0,0,84,detection,
84801,13,16,1046,1046,0,0,0,0,0,0,16,0,0,0,84,detection,
84909,18,29,1066,1066,0,0,0,0,0,0,19,0,0,0,84,detection,
86863,14,31,785,785,0,0,0,0,0,0,22,0,0,0,86,detection,
86863,11,31,785,785,0,0,0,0,0,0,24,0,0,0,86,detection,
87914,18,10,1024,1024,0,0,0,0,0,0,14,0,0,0,87,detection,
87930,13,10,1024,1024,0,0,0,0,0,0,16,0,0,0,87,detection,
87951,4,10,1024,1024,0,0,0,0,0,0,15,0,0,0,87,detection,
87953,3,10,1024,1024,0,0,0,0,0,0,6,0,0,0,87,detection,
87972,6,10,1024,1024,0,0,0,0,0,0,0,0,0,0,87,detection,
87990,14,10,1024,1024,0,0,0,0,0,0,16,0,0,0,87,detection,
89513,1,3,1075,1075,0,0,0,0,0,0,3,0,0,0,89,detection,
89552,20,3,1075,1075,0,0,0,0,0,0,5,0,0,0,89,detection,
90233,21,17,1024,1024,0,0,0,0,0,0,9,0,0,0,90,detection,
90970,17,21,1553,1553,0,0,0,0,0,0,16,0,0,0,90,detection,
91826,16,30,1024,1024,0,0,0,0,0,0,20,0,0,0,91,detection,
91898,22,30,1024,1024,0,0,0,0,0,0,18,0,0,0,91,detection,
91904,15,30,1024,1024,0,0,0,0,0,0,5,0,0,0,91,detection,
95325,16,2,998,998,0,0,0,0,0,0,21,0,0,0,95,detection,
97648,22,16,1024,1024,0,0,0,0,0,0,19,0,0,0,97,detection,
98302,10,13,742,742,0,0,0,0,0,0,21,0,0,0,98,detection,
98311,8,13,742,742,0,0,0,0,0,0,19,0,0,0,98,detection,
98368,2,13,742,742,0,0,0,0,0,0,23,0,0,0,98,detection,
100472,17,9,1320,1320,0,0,0,0,0,0,19,0,0,0,100,detection,
101098,17,8,1254,1254,0,0,0,0,0,0,13,0,0,0,101,detection,
105602,19,5,1075,1075,0,0,0,0,0,0,1,0,0,0,105,detection,
105657,15,5,1075,1075,0,0,0,0,0,0,14,0,0,0,105,detection,
106276,22,30,1024,1024,0,0,0,0,0,0,18,0,0,0,106,detection,
106327,16,30,1024,1024,0,0,0,0,0,0,23,0,0,0,106,detection,
108347,19,15,810,810,0,0,0,0,0,0,9,0,0,0,108,detection,
108846,17,11,993,993,0,0,0,0,0,0,1,0,0,0,108,detection,
110970,17,8,1024,1024,0,0,0,0,0,0,17,0,0,0,110,detection,
111096,17,21,1553,1553,0,0,0,0,0,0,17,0,0,0,111,detection,
115420,5,14,1015,1015,0,0,0,0,0,0,25,0,0,0,115,detection,
115468,6,14,1015,1015,0,0,0,0,0,0,5,0,0,0,115,detection,
115525,22,18,1280,1280,0,0,0,0,0,0,23,0,0,0,115,detection,
115529,15,18,1280,1280,0,0,0,0,0,0,14,0,0,0,115,detection,
115585,3,18,1280,1280,0,0,0,0,0,0,23,0,0,0,115,detection,
116825,4,8,1126,1126,0,0,0,0,0,0,19,0,0,0,116,detection,
117474,17,9,1280,1280,0,0,0,0,0,0,20,0,0,0,117,detection,
117479,7,9,1280,1280,0,0,0,0,0,0,30,0,0,0,117,detection,
122368,2,16,1536,1536,0,0,0,0,0,0,24,0,0,0,122,detection,
122389,12,16,1536,1536,0,0,0,0,0,0,23,0,0,0,122,detection,
122857,21,10,1024,1024,0,0,0,0,0,0,10,0,0,0,122,detection,
122873,9,10,1024,1024,0,0,0,0,0,0,22,0,0,0,122,detection,
122890,12,10,1024,1024,0,0,0,0,0,0,15,0,0,0,122,detection,
123407,15,25,1254,1254,0,0,0,0,0,0,14,0,0,0,123,detection,
124080,3,18,1536,1536,0,0,0,0,0,0,26,0,0,0,124,detection,
124097,19,18,1536,1536,0,0,0,0,0,0,16,0,0,0,124,detection,
124731,1,28,742,742,0,0,0,0,0,0,4,0,0,0,124,detection,
124847,17,28,742,742,0,0,0,0,0,0,9,0,0,0,124,detection,
125926,13,23,1280,1280,0,0,0,0,0,0,27,0,0,0,125,detection,
126607,21,31,1024,1024,0,0,0,0,0,0,14,0,0,0,126,detection,
127939,8,16,1254,1254,0,0,0,0,0,0,27,0,0,0,127,detection,
127960,3,16,1254,1254,0,0,0,0,0,0,24,0,0,0,127,detection,
127976,17,16,1254,1254,0,0,0,0,0,0,20,0,0,0,127,detection,
127994,2,16,1254,1254,0,0,0,0,0,0,27,0,0,0,127,detection,
128012,12,16,1254,1254,0,0,0,0,0,0,26,0,0,0,128,detection,
128025,22,16,1254,1254,0,0,0,0,0,0,23,0,0,0,128,detection,
128401,22,18,1536,1536,0,0,0,0,0,0,27,0,0,0,128,detection,
132205,16,4,1024,1024,0,0,0,0,0,0,26,0,0,0,132,detection,
132209,3,4,1024,1024,0,0,0,0,0,0,21,0,0,0,132,detection,
132287,18,4,1024,1024,0,0,0,0,0,0,18,0,0,0,132,detection,
132732,21,17,1205,1205,0,0,0,0,0,0,11,0,0,0,132,detection,
133179,13,23,1536,1536,0,0,0,0,0,0,30,0,0,0,133,detection,
133994,2,24,1303,1303,0,0,0,0,0,0,39,0,0,0,133,detection,
134118,2,16,998,998,0,0,0,0,0,0,29,0,0,0,134,detection,
134122,9,16,998,998,0,0,0,0,0,0,26,0,0,0,134,detection,
134148,22,16,998,998,0,0,0,0,0,0,25,0,0,0,134,detection,
134182,10,16,998,998,0,0,0,0,0,0,18,0,0,0,134,detection,
134183,8,16,998,998,0,0,0,0,0,0,27,0,0,0,134,detection,
134266,12,22,1024,1024,0,0,0,0,0,0,15,0,0,0,134,detection,
136226,6,3,1075,1075,0,0,0,0,0,0,18,0,0,0,136,detection,
136247,9,3,1075,1075,0,0,0,0,0,0,26,0,0,0,136,detection,
136248,2,3,1075,1075,0,0,0,0,0,0,21,0,0,0,136,detection,
136306,20,3,1075,1075,0,0,0,0,0,0,18,0,0,0,136,detection,
137122,9,2,1322,1322,0,0,0,0,0,0,27,0,0,0,137,detection,
137336,3,20,566,566,0,0,0,0,0,0,16,0,0,0,137,detection,
137349,6,20,566,566,0,0,0,0,0,0,15,0,0,0,137,detection,
137371,2,20,566,566,0,0,0,0,0,0,17,0,0,0,137,detection,
137382,9,20,566,566,0,0,0,0,0,0,22,0,0,0,137,detection,
138320,1,6,512,512,0,0,0,0,0,0,4,0,0,0,138,detection,
139534,15,25,1078,1078,0,0,0,0,0,0,22,0,0,0,139,detection,
141557,10,9,822,822,0,0,0,0,0,0,28,0,0,0,141,detection,
141595,17,9,822,822,0,0,0,0,0,0,30,0,0,0,141,detection,
146176,10,9,1052,1052,0,0,0,0,0,0,28,0,0,0,146,detection,
147951,4,7,1814,1814,0,0,0,0,0,0,23,0,0,0,147,detection,
147973,17,7,1814,1814,0,0,0,0,0,0,14,0,0,0,147,detection,
148427,13,23,1553,1553,0,0,0,0,0,0,33,0,0,0,148,detection,
148429,10,23,1553,1553,0,0,0,0,0,0,23,0,0,0,148,detection,
149927,13,23,1766,1766,0,0,0,0,0,0,36,0,0,0,149,detection,
149934,20,23,1766,1766,0,0,0,0,0,0,23,0,0,0,149,detection,
151082,3,16,998,998,0,0,0,0,0,0,25,0,0,0,151,detection,
151099,17,16,998,998,0,0,0,0,0,0,24,0,0,0,151,detection,
151116,2,16,998,998,0,0,0,0,0,0,30,0,0,0,151,detection,
151180,10,16,998,998,0,0,0,0,0,0,18,0,0,0,151,detection,
151733,11,15,998,998,0,0,0,0,0,0,24,0,0,0,151,detection,
155180,20,7,1558,1558,0,0,0,0,0,0,23,0,0,0,155,detection,
155197,4,7,1558,1558,0,0,0,0,0,0,24,0,0,0,155,detection,
155222,17,7,1558,1558,0,0,0,0,0,0,18,0,0,0,155,detection,
161239,14,8,998,998,0,0,0,0,0,0,29,0,0,0,161,detection,
163784,15,11,1078,1078,0,0,0,0,0,0,24,0,0,0,163,detection,
164937,8,25,1078,1078,0,0,0,0,0,0,23,0,0,0,164,detection,
166830,16,2,1282,1282,0,0,0,0,0,0,36,0,0,0,166,detection,
167849,19,23,1536,1536,0,0,0,0,0,0,19,0,0,0,167,detection,
167870,2,23,1536,1536,0,0,0,0,0,0,29,0,0,0,167,detection,
175223,19,23,1536,1536,0,0,0,0,0,0,21,0,0,0,175,detection,
175242,2,23,1536,1536,0,0,0,0,0,0,29,0,0,0,175,detection,
175990,2,16,1435,1435,0,0,0,0,0,0,32,0,0,0,175,detection,
177201,4,13,949,949,0,0,0,0,0,0,19,0,0,0,177,detection,
177206,7,13,949,949,0,0,0,0,0,0,34,0,0,0,177,detection,
178735,17,21,1553,1553,0,0,0,0,0,0,32,0,0,0,178,detection,
179077,4,14,1024,1024,0,0,0,0,0,0,28,0,0,0,179,detection,
179082,7,14,1024,1024,0,0,0,0,0,0,29,0,0,0,179,detection,
179099,6,14,1024,1024,0,0,0,0,0,0,18,0,0,0,179,detection,
179142,12,14,1024,1024,0,0,0,0,0,0,19,0,0,0,179,detection,
180989,14,4,1078,1078,0,0,0,0,0,0,26,0,0,0,180,detection,
183221,17,21,1461,1461,0,0,0,0,0,0,38,0,0,0,183,detection,
185116,2,16,1621,1621,0,0,0,0,0,0,34,0,0,0,185,detection,
185140,12,14,1024,1024,0,0,0,0,0,0,19,0,0,0,185,detection,
185200,4,14,1024,1024,0,0,0,0,0,0,27,0,0,0,185,detection,
188528,22,2,1466,1466,0,0,0,0,0,0,33,0,0,0,188,detection,
189202,16,22,1510,1510,0,0,0,0,0,0,27,0,0,0,189,detection,
189231,19,22,1510,1510,0,0,0,0,0,0,22,0,0,0,189,detection,
192450,4,14,1024,1024,0,0,0,0,0,0,31,0,0,0,192,detection,
192515,12,14,1024,1024,0,0,0,0,0,0,24,0,0,0,192,detection,
193609,14,4,1461,1461,0,0,0,0,0,0,29,0,0,0,193,detection,
195335,3,18,1553,1553,0,0,0,0,0,0,30,0,0,0,195,detection,
196029,15,11,1544,1544,0,0,0,0,0,0,34,0,0,0,196,detection,
197331,3,16,1564,1564,0,0,0,0,0,0,29,0,0,0,197,detection,
197360,21,16,1564,1564,0,0,0,0,0,0,29,0,0,0,197,detection,
197729,19,23,1834,1834,0,0,0,0,0,0,44,0,0,0,197,detection,
197857,21,17,1587,1587,0,0,0,0,0,0,26,0,0,0,197,detection,
199973,6,19,1587,1587,0,0,0,0,0,0,18,0,0,0,199,detection,
200288,18,4,1205,1205,0,0,0,0,0,0,26,0,0,0,200,detection,
201977,19,22,1510,1510,0,0,0,0,0,0,24,0,0,0,201,detection,
205225,6,10,1085,1085,0,0,0,0,0,0,18,0,0,0,205,detection,
205404,15,11,1510,1510,0,0,0,0,0,0,37,0,0,0,205,detection,
205707,3,18,1578,1578,0,0,0,0,0,0,33,0,0,0,205,detection,
213704,3,16,1564,1564,0,0,0,0,0,0,29,0,0,0,213,detection,
216706,7,4,1205,1205,0,0,0,0,0,0,34,0,0,0,216,detection,
216990,11,13,1553,1553,0,0,0,0,0,0,35,0,0,0,216,detection,
221079,3,18,-1,-1,0,0,0,0,0,0,37,0,0,0,221,detection,
223983,14,4,1205,1205,0,0,0,0,0,0,34,0,0,0,223,detection,
226991,1,28,-512,599,-1111,0,100,100,100,16,4,0,82,55,226,detection,
226996,2,28,-512,599,-1111,0,100,100,100,12,20,0,82,55,226,detection,
227115,14,31,-512,1740,-2252,0,100,100,100,11,33,0,71,55,227,detection,
227983,11,15,1248,1248,0,0,0,0,0,0,30,0,0,0,227,detection,
233211,1,24,-512,-1,-511,100,100,100,100,14,11,0,96,100,233,detection,
233391,12,4,1205,1205,0,0,0,0,0,0,28,0,0,0,233,detection,
234085,16,31,-512,1815,-2327,0,100,100,100,11,28,0,75,55,234,detection,
235858,11,15,1248,1248,0,0,0,0,0,0,31,0,0,0,235,detection,
236373,11,5,-1,-1,0,0,0,0,0,0,32,0,0,0,236,detection,
236680,10,23,-512,1647,-2159,0,100,100,100,11,31,0,72,55,236,detection,
236683,20,23,-512,1647,-2159,0,100,100,100,11,32,0,71,55,236,detection,
236726,6,23,-512,1647,-2159,0,100,100,100,11,27,0,75,55,236,detection,
236735,11,13,1717,1717,0,0,0,0,0,0,41,0,0,0,236,detection,
239103,1,24,-512,-1,-511,100,100,100,0,14,12,0,97,100,239,detection,
240551,5,11,1486,1486,0,0,0,0,0,0,33,0,0,0,240,detection,
242673,5,13,1845,1845,0,0,0,0,0,0,33,0,0,0,242,detection,
242698,4,13,1845,1845,0,0,0,0,0,0,30,0,0,0,242,detection,
242734,11,13,1845,1845,0,0,0,0,0,0,44,0,0,0,242,detection,
243850,17,9,-1,-1,0,0,0,0,0,0,44,0,0,0,243,detection,
244484,21,4,-1,-1,0,0,0,0,0,0,28,0,0,0,244,detection,
244510,12,4,-1,-1,0,0,0,0,0,0,32,0,0,0,244,detection,
244781,22,30,-512,1024,-1536,0,100,100,100,11,28,0,75,55,244,detection,
245680,20,29,-512,-1,-511,100,100,100,87,11,26,0,88,100,245,detection,
246046,5,11,1486,1486,0,0,0,0,0,0,34,0,0,0,246,detection,
246101,17,11,1486,1486,0,0,0,0,0,0,30,0,0,0,246,detection,
246101,19,11,1486,1486,0,0,0,0,0,0,28,0,0,0,246,detection,
248808,13,9,-1,-1,0,0,0,0,0,0,26,0,0,0,248,detection,
248828,7,9,-1,-1,0,0,0,0,0,0,41,0,0,0,248,detection,
248845,17,9,-1,-1,0,0,0,0,0,0,48,0,0,0,248,detection,
259607,14,2,1536,1536,0,0,0,0,0,0,28,0,0,0,259,detection,
259621,9,2,1536,1536,0,0,0,0,0,0,32,0,0,0,259,detection,
259659,15,2,1536,1536,0,0,0,0,0,0,32,0,0,0,259,detection,
260796,5,19,-1,-1,0,0,0,0,0,0,31,0,0,0,260,detection,
260906,15,19,-1,-1,0,0,0,0,0,0,32,0,0,0,260,detection,
261351,19,15,-1,-1,0,0,0,0,0,0,35,0,0,0,261,detection,
266829,16,2,1461,1461,0,0,0,0,0,0,42,0,0,0,266,detection,
266904,15,2,1461,1461,0,0,0,0,0,0,37,0,0,0,266,detection,
268283,18,14,1717,1717,0,0,0,0,0,0,37,0,0,0,268,detection,
268300,5,14,1717,1717,0,0,0,0,0,0,34,0,0,0,268,detection,
268364,11,14,1717,1717,0,0,0,0,0,0,30,0,0,0,268,detection,
268435,20,7,1205,1205,0,0,0,0,0,0,37,0,0,0,268,detection,
268477,17,7,1205,1205,0,0,0,0,0,0,37,0,0,0,268,detection,
270048,5,11,2229,2229,0,0,0,0,0,0,40,0,0,0,270,detection,
272180,20,7,1205,1205,0,0,0,0,0,0,37,0,0,0,272,detection,
272219,17,7,1205,1205,0,0,0,0,0,0,37,0,0,0,272,detection,
272750,9,3,-1,-256,255,0,57,89,38,0,36,0,74,55,272,detection,
272772,22,10,-1,-1,0,0,0,0,0,0,33,0,0,0,272,detection,
272854,21,10,-1,-1,0,0,0,0,0,0,34,0,0,0,272,detection,
273069,1,23,-512,-1,-511,100,100,100,96,12,19,0,96,100,273,detection,
273181,10,23,-512,-1,-511,100,100,100,100,10,38,0,72,55,273,detection,
274496,2,20,-1,-1,0,0,0,0,0,0,32,0,0,0,274,detection,
274556,8,20,-1,-1,0,0,0,0,0,0,33,0,0,0,274,detection,
274598,6,20,-1,-1,0,0,0,0,0,0,32,0,0,0,274,detection,
274807,13,2,1461,1461,0,0,0,0,0,0,46,0,0,0,274,detection,
274807,20,2,1461,1461,0,0,0,0,0,0,33,0,0,0,274,detection,
276860,11,14,1717,1717,0,0,0,0,0,0,29,0,0,0,276,detection,
277849,6,28,-512,-1,-511,100,100,100,79,10,34,0,79,55,277,detection,
277870,2,3,1717,1717,0,0,0,0,0,0,32,0,0,0,277,detection,
279579,7,9,1717,1717,0,0,0,0,0,0,44,0,0,0,279,detection,
280217,1,23,-512,-1,-511,100,100,100,0,12,18,0,97,100,280,detection,
283171,5,14,1768,1768,0,0,0,0,0,0,34,0,0,0,283,detection,
284180,10,13,1717,1717,0,0,0,0,0,0,34,0,0,0,284,detection,
284202,16,13,1717,1717,0,0,0,0,0,0,36,0,0,0,284,detection,
284205,7,13,1717,1717,0,0,0,0,0,0,37,0,0,0,284,detection,
284889,12,30,-512,-1,-511,100,100,100,85,0,28,0,87,100,284,detection,
284907,22,30,-512,-1,-511,100,100,100,100,10,36,0,76,55,284,detection,
287677,10,16,1717,1717,0,0,0,0,0,0,37,0,0,0,287,detection,
288973,6,28,-512,1254,-1766,0,100,100,100,10,37,0,69,55,288,detection,
292435,8,20,-1,-1,0,0,0,0,0,0,36,0,0,0,292,detection,
293735,11,15,1717,1717,0,0,0,0,0,0,36,0,0,0,293,detection,
294427,10,13,2065,2065,0,0,0,0,0,0,37,0,0,0,294,detection,
294454,16,13,2065,2065,0,0,0,0,0,0,38,0,0,0,294,detection,
297044,5,14,1725,1725,0,0,0,0,0,0,33,0,0,0,297,detection,
298557,13,16,1717,1717,0,0,0,0,0,0,33,0,0,0,298,detection,
298565,8,16,1717,1717,0,0,0,0,0,0,37,0,0,0,298,detection,
302597,17,8,2017,2017,0,0,0,0,0,0,37,0,0,0,302,detection,
303550,5,13,2065,2065,0,0,0,0,0,0,40,0,0,0,303,detection,
303554,10,13,2065,2065,0,0,0,0,0,0,37,0,0,0,303,detection,
305048,5,13,2065,2065,0,0,0,0,0,0,39,0,0,0,305,detection,
305077,16,13,2065,2065,0,0,0,0,0,0,38,0,0,0,305,detection,
305107,14,13,2065,2065,0,0,0,0,0,0,36,0,0,0,305,detection,
306555,10,16,1973,1973,0,0,0,0,0,0,41,0,0,0,306,detection,
307076,7,14,1725,1725,0,0,0,0,0,0,33,0,0,0,307,detection,
307098,6,14,1725,1725,0,0,0,0,0,0,32,0,0,0,307,detection,
308236,21,17,1717,1717,0,0,0,0,0,0,36,0,0,0,308,detection,
308328,7,14,-1,-1,0,0,0,0,0,0,37,0,0,0,308,detection,
309654,15,2,2229,2229,0,0,0,0,0,0,41,0,0,0,309,detection,
309662,18,2,2229,2229,0,0,0,0,0,0,37,0,0,0,309,detection,
310477,17,11,1973,1973,0,0,0,0,0,0,36,0,0,0,310,detection,
312234,21,17,1717,1717,0,0,0,0,0,0,36,0,0,0,312,detection,
312547,5,13,2065,2065,0,0,0,0,0,0,39,0,0,0,312,detection,
315783,15,11,1973,1973,0,0,0,0,0,0,48,0,0,0,315,detection,
315831,16,11,1973,1973,0,0,0,0,0,0,37,0,0,0,315,detection,
315848,17,11,1973,1973,0,0,0,0,0,0,37,0,0,0,315,detection,
317736,14,2,2229,2229,0,0,0,0,0,0,32,0,0,0,317,detection,
317779,22,2,2229,2229,0,0,0,0,0,0,42,0,0,0,317,detection,
317783,15,2,2229,2229,0,0,0,0,0,0,40,0,0,0,317,detection,
317784,18,2,2229,2229,0,0,0,0,0,0,36,0,0,0,317,detection,
317804,13,2,2229,2229,0,0,0,0,0,0,47,0,0,0,317,detection,
320704,16,11,1973,1973,0,0,0,0,0,0,37,0,0,0,320,detection,
320724,17,11,1973,1973,0,0,0,0,0,0,37,0,0,0,320,detection,
321108,21,17,1717,1717,0,0,0,0,0,0,32,0,0,0,321,detection,
321515,12,2,2229,2229,0,0,0,0,0,0,33,0,0,0,321,detection,
321529,15,2,2229,2229,0,0,0,0,0,0,39,0,0,0,321,detection,
321532,18,2,2229,2229,0,0,0,0,0,0,36,0,0,0,321,detection,
321622,9,2,2229,2229,0,0,0,0,0,0,36,0,0,0,321,detection,
321949,16,22,-1,-1,0,0,0,0,0,0,37,0,0,0,321,detection,
321952,4,22,-1,-1,0,0,0,0,0,0,34,0,0,0,321,detection,
321987,11,22,-1,-1,0,0,0,0,0,0,34,0,0,0,321,detection,
322000,9,22,-1,-1,0,0,0,0,0,0,34,0,0,0,322,detection,
322016,12,22,-1,-1,0,0,0,0,0,0,33,0,0,0,322,detection,
322044,18,22,-1,-1,0,0,0,0,0,0,33,0,0,0,322,detection,
322328,4,13,2229,2229,0,0,0,0,0,0,36,0,0,0,322,detection,
322329,7,13,2229,2229,0,0,0,0,0,0,39,0,0,0,322,detection,
322419,5,13,2229,2229,0,0,0,0,0,0,38,0,0,0,322,detection,
324984,11,15,2229,2229,0,0,0,0,0,0,47,0,0,0,324,detection,
325112,14,16,-1,-1,0,0,0,0,0,0,33,0,0,0,325,detection,
325117,2,16,-1,-1,0,0,0,0,0,0,41,0,0,0,325,detection,
325436,8,13,2229,2229,0,0,0,0,0,0,32,0,0,0,325,detection,
325547,5,13,2229,2229,0,0,0,0,0,0,42,0,0,0,325,detection,
326803,13,2,2229,2229,0,0,0,0,0,0,46,0,0,0,326,detection,
326807,20,2,2229,2229,0,0,0,0,0,0,36,0,0,0,326,detection,
326811,8,2,2229,2229,0,0,0,0,0,0,28,0,0,0,326,detection,
326828,4,2,2229,2229,0,0,0,0,0,0,28,0,0,0,326,detection,
326828,16,2,2229,2229,0,0,0,0,0,0,45,0,0,0,326,detection,
326832,7,2,2229,2229,0,0,0,0,0,0,32,0,0,0,326,detection,
326867,9,2,2229,2229,0,0,0,0,0,0,36,0,0,0,326,detection,
326889,12,2,2229,2229,0,0,0,0,0,0,32,0,0,0,326,detection,
326914,18,2,2229,2229,0,0,0,0,0,0,35,0,0,0,326,detection,
327531,15,11,-1,-1,0,0,0,0,0,0,50,0,0,0,327,detection,
328951,16,11,-1,-1,0,0,0,0,0,0,41,0,0,0,328,detection,
330226,17,9,2741,2741,0,0,0,0,0,0,51,0,0,0,330,detection,
330532,15,2,2229,2229,0,0,0,0,0,0,39,0,0,0,330,detection,
330536,18,2,2229,2229,0,0,0,0,0,0,31,0,0,0,330,detection,
330578,7,2,2229,2229,0,0,0,0,0,0,31,0,0,0,330,detection,
330578,16,2,2229,2229,0,0,0,0,0,0,44,0,0,0,330,detection,
331033,18,13,2229,2229,0,0,0,0,0,0,35,0,0,0,331,detection,
332658,18,13,2229,2229,0,0,0,0,0,0,34,0,0,0,332,detection,
332671,5,13,2229,2229,0,0,0,0,0,0,41,0,0,0,332,detection,
332740,11,13,2229,2229,0,0,0,0,0,0,47,0,0,0,332,detection,
333452,16,11,-1,-1,0,0,0,0,0,0,40,0,0,0,333,detection,
336151,22,2,-1,-1,0,0,0,0,0,0,43,0,0,0,336,detection,
336156,15,2,-1,-1,0,0,0,0,0,0,38,0,0,0,336,detection,
336159,18,2,-1,-1,0,0,0,0,0,0,34,0,0,0,336,detection,
336202,7,2,-1,-1,0,0,0,0,0,0,34,0,0,0,336,detection,
336241,9,2,-1,-1,0,0,0,0,0,0,40,0,0,0,336,detection,
338244,1,23,-512,-1,-511,100,100,100,0,12,21,0,95,100,338,detection,
338305,10,23,-512,-1,-511,100,100,100,0,9,42,0,67,55,338,detection,
338364,14,23,-512,-1,-511,100,100,100,80,0,33,0,79,55,338,detection,
338750,2,28,-512,1536,-2048,0,100,100,100,11,32,0,71,55,338,detection,
342806,13,9,2741,2741,0,0,0,0,0,0,32,0,0,0,342,detection,
342827,7,9,2741,2741,0,0,0,0,0,0,44,0,0,0,342,detection,
343496,2,13,2229,2229,0,0,0,0,0,0,36,0,0,0,343,detection,
343529,22,13,2229,2229,0,0,0,0,0,0,36,0,0,0,343,detection,
343535,18,13,2229,2229,0,0,0,0,0,0,34,0,0,0,343,detection,
344400,1,6,-1,-1,0,0,0,0,0,0,19,0,0,0,344,detection,
345209,16,31,-512,-1,-511,100,100,100,100,11,32,0,81,55,345,detection,
345240,11,31,-512,-1,-511,100,100,100,77,10,36,0,76,55,345,detection,
345240,14,31,-512,-1,-511,100,100,100,100,10,38,0,72,55,345,detection,
345747,2,28,-512,1536,-2048,0,100,100,0,11,31,0,72,55,345,detection,
360203,7,14,-1,-1,0,0,0,0,0,0,41,0,0,0,360,detection,
360220,6,14,-1,-1,0,0,0,0,0,0,36,0,0,0,360,detection,
360232,11,14,-1,-1,0,0,0,0,0,0,33,0,0,0,360,detection,
364473,1,20,-1,-1,0,0,0,0,0,0,16,0,0,0,364,detection,
364579,7,20,-1,-1,0,0,0,0,0,0,33,0,0,0,364,detection,
365870,2,28,-512,3276,-3788,0,100,100,100,9,44,0,64,40,365,detection,
369276,22,13,-1,-1,0,0,0,0,0,0,38,0,0,0,369,detection,
370578,16,30,-512,744,-1256,0,100,100,100,10,36,0,69,55,370,detection,
370579,7,30,-512,744,-1256,0,100,100,100,11,28,0,75,55,370,detection,
377827,16,30,-512,680,-1192,0,100,100,9,10,36,0,69,55,377,detection,
381204,16,30,-512,670,-1182,0,100,100,1,11,32,0,71,55,381,detection,
388725,17,28,-512,-1,-511,100,100,100,82,0,31,0,82,55,388,detection,
391063,1,2,-1,-1,0,0,0,0,0,0,13,0,0,0,391,detection,
391119,9,2,-1,-1,0,0,0,0,0,0,43,0,0,0,391,detection,
391182,10,2,-1,-1,0,0,0,0,0,0,28,0,0,0,391,detection,
396457,16,30,-512,679,-1191,0,100,100,1,11,32,0,71,55,396,detection,
396930,20,29,-512,-256,-256,100,58,100,38,10,36,0,76,75,396,detection,
400560,10,30,-512,687,-1199,0,100,100,100,11,28,0,75,55,400,detection,
400577,16,30,-512,687,-1199,0,100,100,1,11,32,0,71,55,400,detection,
401247,9,2,-1,-1,0,0,0,0,0,0,40,0,0,0,401,detection,
401321,4,2,-1,-1,0,0,0,0,0,0,32,0,0,0,401,detection,
401359,14,2,-1,-1,0,0,0,0,0,0,36,0,0,0,401,detection,
405821,1,2,-1,-1,0,0,0,0,0,0,17,0,0,0,405,detection,
405829,16,2,-1,-1,0,0,0,0,0,0,44,0,0,0,405,detection,
405859,14,2,-1,-1,0,0,0,0,0,0,40,0,0,0,405,detection,
405868,9,2,-1,-1,0,0,0,0,0,0,43,0,0,0,405,detection,
405928,20,2,-1,-1,0,0,0,0,0,0,38,0,0,0,405,detection,
412181,10,30,-512,653,-1165,0,100,100,5,11,29,0,74,55,412,detection,
416432,10,30,-512,653,-1165,0,100,100,0,11,29,0,74,55,416,detection,
418475,17,7,512,512,0,0,0,0,0,0,41,0,0,0,418,detection,
423597,17,7,512,512,0,0,0,0,0,0,41,0,0,0,423,detection,
424550,5,11,-1,-1,0,0,0,0,0,0,44,0,0,0,424,detection,
425242,2,16,768,768,0,0,0,0,0,0,43,0,0,0,425,detection,
425469,17,16,768,768,0,0,0,0,0,0,37,0,0,0,425,detection,
427656,15,5,-1,-1,0,0,0,0,0,0,37,0,0,0,427,detection,
429095,17,7,-1,-1,0,0,0,0,0,0,41,0,0,0,429,detection,
430807,10,30,-512,884,-1396,0,100,100,38,11,29,0,74,55,430,detection,
435229,19,6,-1,-1,0,0,0,0,0,0,33,0,0,0,435,detection,
435986,21,16,512,512,0,0,0,0,0,0,37,0,0,0,435,detection,
436063,8,16,512,512,0,0,0,0,0,0,41,0,0,0,436,detection,
437073,4,7,768,768,0,0,0,0,0,0,37,0,0,0,437,detection,
437097,17,7,768,768,0,0,0,0,0,0,44,0,0,0,437,detection,
439038,18,22,-1,-1,0,0,0,0,0,0,37,0,0,0,439,detection,
439046,5,22,-1,-1,0,0,0,0,0,0,28,0,0,0,439,detection,
439060,8,22,-1,-1,0,0,0,0,0,0,28,0,0,0,439,detection,
439602,19,6,1024,1024,0,0,0,0,0,0,37,0,0,0,439,detection,
439734,11,5,1280,1280,0,0,0,0,0,0,35,0,0,0,439,detection,
442971,19,5,-1,-1,0,0,0,0,0,0,73,0,0,0,442,detection,
442984,11,5,-1,-1,0,0,0,0,0,0,78,0,0,0,442,detection,
443732,21,16,-1,-1,0,0,0,0,0,0,41,0,0,0,443,detection,
446429,20,6,1024,1024,0,0,0,0,0,0,34,0,0,0,446,detection,
446477,19,6,1024,1024,0,0,0,0,0,0,37,0,0,0,446,detection,
451824,4,10,512,512,0,0,0,0,0,0,28,0,0,0,451,detection,
451846,6,10,512,512,0,0,0,0,0,0,32,0,0,0,451,detection,
451871,9,10,512,512,0,0,0,0,0,0,28,0,0,0,451,detection,
451915,18,10,512,512,0,0,0,0,0,0,28,0,0,0,451,detection,
456099,17,16,1536,1536,0,0,0,0,0,0,40,0,0,0,456,detection,
456105,21,16,1536,1536,0,0,0,0,0,0,44,0,0,0,456,detection,
456121,9,16,1536,1536,0,0,0,0,0,0,37,0,0,0,456,detection,
456450,16,10,512,512,0,0,0,0,0,0,28,0,0,0,456,detection,
459725,17,7,1024,1024,0,0,0,0,0,0,48,0,0,0,459,detection,
460849,19,6,1024,1024,0,0,0,0,0,0,41,0,0,0,460,detection,
462528,22,10,512,512,0,0,0,0,0,0,37,0,0,0,462,detection,
462571,4,10,512,512,0,0,0,0,0,0,28,0,0,0,462,detection,
463357,14,4,-1,-1,0,0,0,0,0,0,43,0,0,0,463,detection,
463847,17,7,1024,1024,0,0,0,0,0,0,47,0,0,0,463,detection,
466162,18,29,-512,1536,-2048,0,100,100,100,10,36,0,69,55,466,detection,
466352,19,18,1024,1024,0,0,0,0,0,0,41,0,0,0,466,detection,
467352,19,6,1024,1024,0,0,0,0,0,0,41,0,0,0,467,detection,
472452,1,23,-512,768,-1280,0,100,100,100,12,24,0,78,75,472,detection,
474161,18,29,-512,1536,-2048,0,100,100,0,10,36,0,69,55,474,detection,
474968,17,16,-1,-1,0,0,0,0,0,0,43,0,0,0,474,detection,
478474,17,7,1689,1689,0,0,0,0,0,0,57,0,0,0,478,detection,
481077,16,10,742,742,0,0,0,0,0,0,33,0,0,0,481,detection,
481095,6,10,742,742,0,0,0,0,0,0,37,0,0,0,481,detection,
482474,6,19,-1,-1,0,0,0,0,0,0,35,0,0,0,482,detection,
483837,1,24,-512,-1,-511,100,100,100,0,10,39,0,71,75,483,detection,
483872,9,24,-512,-1,-511,100,100,100,68,0,47,0,61,40,483,detection,
484306,20,29,-512,1536,-2048,0,100,100,100,10,38,0,69,75,484,detection,
486595,17,7,1689,1689,0,0,0,0,0,0,59,0,0,0,486,detection,
487302,20,29,-512,1536,-2048,0,100,100,0,10,38,0,69,75,487,detection,
489116,1,23,-512,512,-1024,0,100,100,44,11,25,0,77,75,489,detection,
489317,1,24,-512,-1,-511,100,100,100,0,10,37,0,74,75,489,detection,
491595,17,7,1596,1596,0,0,0,0,0,0,57,0,0,0,491,detection,
492305,20,29,-512,1536,-2048,0,100,100,0,10,37,0,69,75,492,detection,
495720,17,7,-1,-1,0,0,0,0,0,0,60,0,0,0,495,detection,
499603,19,15,512,512,0,0,0,0,0,0,40,0,0,0,499,detection,
499608,11,15,512,512,0,0,0,0,0,0,52,0,0,0,499,detection,
499614,14,4,-1,-1,0,0,0,0,0,0,45,0,0,0,499,detection,
499683,8,4,-1,-1,0,0,0,0,0,0,32,0,0,0,499,detection,
501380,1,24,-512,512,-1024,0,100,100,71,9,43,0,66,75,501,detection,
506955,1,24,-512,512,-1024,0,100,100,0,9,44,0,64,40,506,detection,
515032,1,24,-512,512,-1024,0,100,100,0,9,46,0,63,40,515,detection,
520474,19,11,1024,1024,0,0,0,0,0,0,37,0,0,0,520,detection,
520530,15,11,1024,1024,0,0,0,0,0,0,53,0,0,0,520,detection,
523281,15,19,1024,1024,0,0,0,0,0,0,36,0,0,0,523,detection,
524475,19,13,1536,1536,0,0,0,0,0,0,34,0,0,0,524,detection,
524484,11,13,1536,1536,0,0,0,0,0,0,50,0,0,0,524,detection,
524599,19,15,-1,-1,0,0,0,0,0,0,43,0,0,0,524,detection,
524607,11,15,-1,-1,0,0,0,0,0,0,50,0,0,0,524,detection,
526351,19,11,-1,-256,255,0,54,83,36,0,41,0,72,55,526,detection,
526411,15,11,-1,-256,255,0,47,71,31,0,55,0,69,55,526,detection,
528286,1,24,-512,512,-1024,0,100,100,0,0,46,0,63,40,528,detection,
600386,1,20,-1,-1,0,0,0,0,0,0,21,0,0,0,600,detection,
600435,8,20,-1,-1,0,0,0,0,0,0,38,0,0,0,600,detection,
600454,7,20,-1,-1,0,0,0,0,0,0,36,0,0,0,600,detection,
604729,1,20,-1,-1,0,0,0,0,0,0,21,0,0,0,604,detection,
604807,8,20,-1,-1,0,0,0,0,0,0,38,0,0,0,604,detection,
604828,7,20,-1,-1,0,0,0,0,0,0,35,0,0,0,604,detection,
608611,11,22,-1,-1,0,0,0,0,0,0,33,0,0,0,608,detection,
608641,12,22,-1,-1,0,0,0,0,0,0,33,0,0,0,608,detection,
611418,1,28,-512,512,-1024,0,100,100,18,14,13,0,82,55,611,detection,
611478,17,28,-512,512,-1024,0,100,100,76,0,37,0,69,55,611,detection,
615923,1,28,-512,512,-1024,0,100,100,0,14,13,0,82,55,615,detection,
615975,17,28,-512,512,-1024,0,100,100,0,0,37,0,69,55,615,detection,
616001,2,28,-512,512,-1024,0,100,100,100,8,50,0,58,40,616,detection,
623728,17,27,-512,512,-1024,0,100,100,100,10,37,0,69,55,623,detection,
631601,17,8,512,512,0,0,0,0,0,0,40,0,0,0,631,detection,
632526,22,4,-1,-1,0,0,0,0,0,0,33,0,0,0,632,detection,
632553,10,4,-1,-1,0,0,0,0,0,0,33,0,0,0,632,detection,
633322,4,10,-1,-1,0,0,0,0,0,0,37,0,0,0,633,detection,
633391,12,10,-1,-1,0,0,0,0,0,0,34,0,0,0,633,detection,
633400,22,10,-1,-1,0,0,0,0,0,0,41,0,0,0,633,detection,
633426,13,10,-1,-1,0,0,0,0,0,0,34,0,0,0,633,detection,
633483,21,17,-1,-256,255,0,57,87,38,0,37,0,74,55,633,detection,
633867,1,20,512,512,0,0,0,0,0,0,21,0,0,0,633,detection,
633872,2,20,512,512,0,0,0,0,0,0,37,0,0,0,633,detection,
635055,13,2,-1,-1,0,0,0,0,0,0,45,0,0,0,635,detection,
635055,1,2,-1,-1,0,0,0,0,0,0,21,0,0,0,635,detection,
639720,1,20,-1,-1,0,0,0,0,0,0,25,0,0,0,639,detection,
640051,13,10,-1,-1,0,0,0,0,0,0,33,0,0,0,640,detection,
640075,4,10,-1,-1,0,0,0,0,0,0,37,0,0,0,640,detection,
640137,12,10,-1,-1,0,0,0,0,0,0,33,0,0,0,640,detection,
650209,1,13,768,768,0,0,0,0,0,0,19,0,0,0,650,detection,
650299,5,13,768,768,0,0,0,0,0,0,45,0,0,0,650,detection,
650304,10,13,768,768,0,0,0,0,0,0,37,0,0,0,650,detection,
650325,7,13,768,768,0,0,0,0,0,0,42,0,0,0,650,detection,
651175,5,31,-512,-256,-256,100,57,88,38,10,37,0,74,55,651,detection,
652450,4,7,768,768,0,0,0,0,0,0,36,0,0,0,652,detection,
652904,15,5,768,768,0,0,0,0,0,0,40,0,0,0,652,detection,
656727,1,2,512,512,0,0,0,0,0,0,27,0,0,0,656,detection,
656761,12,2,512,512,0,0,0,0,0,0,37,0,0,0,656,detection,
656777,22,2,512,512,0,0,0,0,0,0,50,0,0,0,656,detection,
656803,10,2,512,512,0,0,0,0,0,0,36,0,0,0,656,detection,
656927,10,13,512,512,0,0,0,0,0,0,38,0,0,0,656,detection,
656932,1,13,512,512,0,0,0,0,0,0,19,0,0,0,656,detection,
656956,7,13,512,512,0,0,0,0,0,0,44,0,0,0,656,detection,
659269,12,30,-512,1024,-1536,0,100,100,100,0,32,0,71,75,659,detection,
659282,22,30,-512,1024,-1536,0,100,100,100,10,36,0,69,55,659,detection,
659325,4,30,-512,1024,-1536,0,100,100,100,11,28,0,75,55,659,detection,
659372,9,30,-512,1024,-1536,0,100,100,100,11,28,0,75,55,659,detection,
660280,15,5,768,768,0,0,0,0,0,0,39,0,0,0,660,detection,
662926,1,2,512,512,0,0,0,0,0,0,28,0,0,0,662,detection,
662951,4,2,512,512,0,0,0,0,0,0,38,0,0,0,662,detection,
663099,17,7,-1,-1,0,0,0,0,0,0,59,0,0,0,663,detection,
663298,5,31,-512,512,-1024,0,100,100,100,10,41,0,68,55,663,detection,
664232,11,15,-1,-1,0,0,0,0,0,0,53,0,0,0,664,detection,
666032,15,5,768,768,0,0,0,0,0,0,39,0,0,0,666,detection,
675682,10,2,-1,-1,0,0,0,0,0,0,38,0,0,0,675,detection,
675744,1,2,-1,-1,0,0,0,0,0,0,31,0,0,0,675,detection,
677614,21,31,-512,512,-1024,0,100,100,100,10,36,0,69,55,677,detection,
679904,15,5,768,768,0,0,0,0,0,0,35,0,0,0,679,detection,
680474,1,2,768,768,0,0,0,0,0,0,31,0,0,0,680,detection,
682609,21,31,-512,-1,-511,100,100,100,76,10,38,0,72,55,682,detection,
688467,1,2,768,768,0,0,0,0,0,0,30,0,0,0,688,detection,
688553,10,2,768,768,0,0,0,0,0,0,42,0,0,0,688,detection,
688553,13,2,768,768,0,0,0,0,0,0,47,0,0,0,688,detection,
697234,1,2,742,742,0,0,0,0,0,0,30,0,0,0,697,detection,
697303,10,2,742,742,0,0,0,0,0,0,41,0,0,0,697,detection,
697303,13,2,742,742,0,0,0,0,0,0,46,0,0,0,697,detection,
697311,8,2,742,742,0,0,0,0,0,0,32,0,0,0,697,detection,
697405,15,18,768,768,0,0,0,0,0,0,37,0,0,0,697,detection,
699634,1,13,768,768,0,0,0,0,0,0,19,0,0,0,699,detection,
705040,1,13,512,512,0,0,0,0,0,0,15,0,0,0,705,detection,
705057,8,13,512,512,0,0,0,0,0,0,38,0,0,0,705,detection,
705118,2,13,512,512,0,0,0,0,0,0,40,0,0,0,705,detection,
705155,22,13,512,512,0,0,0,0,0,0,44,0,0,0,705,detection,
705160,18,13,512,512,0,0,0,0,0,0,39,0,0,0,705,detection,
705595,6,28,-512,1024,-1536,0,100,100,32,10,41,0,68,55,705,detection,
705624,2,28,-512,1024,-1536,0,100,100,66,8,51,0,58,40,705,detection,
707102,17,8,746,746,0,0,0,0,0,0,37,0,0,0,707,detection,
712631,1,13,512,512,0,0,0,0,0,0,15,0,0,0,712,detection,
712685,8,13,512,512,0,0,0,0,0,0,40,0,0,0,712,detection,
714164,18,29,-512,-1,-511,100,100,100,100,10,40,0,71,55,714,detection,
714904,15,18,512,512,0,0,0,0,0,0,37,0,0,0,714,detection,
714989,11,18,512,512,0,0,0,0,0,0,28,0,0,0,714,detection,
717113,1,28,-512,768,-1280,0,100,100,52,14,14,0,82,55,717,detection,
717118,2,28,-512,768,-1280,0,100,100,33,8,50,0,58,40,717,detection,
717225,17,28,-512,768,-1280,0,100,100,38,0,37,0,69,55,717,detection,
717597,17,8,-1,-1,0,0,0,0,0,0,40,0,0,0,717,detection,
719609,1,2,768,768,0,0,0,0,0,0,30,0,0,0,719,detection,
720443,1,28,-512,512,-1024,0,100,100,52,14,14,0,82,55,720,detection,
720656,15,11,-1,-1,0,0,0,70,30,0,58,0,64,40,720,detection,
720669,5,11,-1,-1,0,0,0,0,0,0,47,0,0,0,720,detection,
720702,16,11,-1,-1,0,0,0,0,0,0,39,0,0,0,720,detection,
721311,8,25,-512,768,-1280,0,100,100,100,0,32,0,71,55,721,detection,
724570,1,2,-1,-1,0,0,0,0,0,0,33,0,0,0,724,detection,
724685,8,2,-1,-1,0,0,0,0,0,0,36,0,0,0,724,detection,
725435,8,25,-512,-1,-511,100,100,100,100,0,36,0,76,55,725,detection,
728099,19,22,-1,-1,0,0,0,0,0,0,32,0,0,0,728,detection,
728108,11,22,-1,-1,0,0,0,0,0,0,37,0,0,0,728,detection,
728142,12,22,-1,-1,0,0,0,0,0,0,37,0,0,0,728,detection,
728159,18,22,-1,-1,0,0,0,0,0,0,37,0,0,0,728,detection,
728177,13,22,-1,-1,0,0,0,0,0,0,28,0,0,0,728,detection,
728188,8,22,-1,-1,0,0,0,0,0,0,28,0,0,0,728,detection,
731054,10,30,-512,-1,-511,100,100,100,100,11,33,0,79,55,731,detection,
734874,2,30,-512,-1,-511,100,100,100,85,11,28,0,87,100,734,detection,
734903,22,30,-512,-1,-511,100,100,100,100,10,40,0,71,55,734,detection,
734930,10,30,-512,-1,-511,100,100,100,0,10,37,0,74,55,734,detection,
734934,13,30,-512,-1,-511,100,100,100,81,0,32,0,81,55,734,detection,
734938,8,30,-512,-1,-511,100,100,100,80,11,33,0,79,55,734,detection,
794851,1,2,-1,-1,0,0,0,0,0,0,37,0,0,0,794,detection,
794860,14,2,-1,-1,0,0,0,0,0,0,43,0,0,0,794,detection,
794899,22,2,-1,-1,0,0,0,0,0,0,52,0,0,0,794,detection,
808678,1,28,-512,512,-1024,0,100,100,0,14,14,0,82,55,808,detection,
808747,2,28,-512,512,-1024,0,100,100,33,0,51,0,58,40,808,detection,
809332,16,10,768,768,0,0,0,0,0,0,33,0,0,0,809,detection,
809354,21,10,768,768,0,0,0,0,0,0,37,0,0,0,809,detection,
809431,13,10,768,768,0,0,0,0,0,0,36,0,0,0,809,detection,
811933,1,28,-512,-1,-511,100,100,100,98,12,18,0,96,100,811,detection,
812373,2,13,1280,1280,0,0,0,0,0,0,40,0,0,0,812,detection,
812398,22,13,1280,1280,0,0,0,0,0,0,47,0,0,0,812,detection,
812411,18,13,1280,1280,0,0,0,0,0,0,38,0,0,0,812,detection,
819235,1,24,-512,512,-1024,0,100,100,0,0,47,0,62,40,819,detection,
821805,1,28,-512,-1,-511,100,100,100,0,0,18,0,97,100,821,detection,
821848,17,28,-512,-1,-511,100,100,100,100,0,40,0,71,55,821,detection,
821851,6,28,-512,-1,-511,100,100,100,100,9,44,0,64,40,821,detection,
821873,2,28,-512,-1,-511,100,96,100,64,0,53,0,56,40,821,detection,
826969,1,24,-512,512,-1024,0,100,100,0,0,46,0,63,40,826,detection,
836234,21,17,-1,-1,0,0,0,74,36,0,40,0,73,55,836,detection,
839481,21,17,-1,-1,0,0,0,70,0,0,44,0,70,55,839,detection,
849101,17,7,768,768,0,0,0,0,0,0,61,0,0,0,849,detection,
849178,20,7,768,768,0,0,0,0,0,0,41,0,0,0,849,detection,
849540,18,30,-512,1280,-1792,0,100,100,100,0,35,0,70,55,849,detection,
850233,14,10,1280,1280,0,0,0,0,0,0,34,0,0,0,850,detection,
850233,21,10,1280,1280,0,0,0,0,0,0,40,0,0,0,850,detection,
850263,12,10,1280,1280,0,0,0,0,0,0,36,0,0,0,850,detection,
850305,13,10,1280,1280,0,0,0,0,0,0,39,0,0,0,850,detection,
850323,4,10,1280,1280,0,0,0,0,0,0,41,0,0,0,850,detection,
850327,16,10,1280,1280,0,0,0,0,0,0,36,0,0,0,850,detection,
853826,16,10,1280,1280,0,0,0,0,0,0,36,0,0,0,853,detection,
853860,14,10,1280,1280,0,0,0,0,0,0,33,0,0,0,853,detection,
857053,10,13,1792,1792,0,0,0,0,0,0,42,0,0,0,857,detection,
857906,15,30,-512,-1,-511,100,89,100,59,7,61,0,54,40,857,detection,
857939,8,30,-512,-1,-511,100,82,100,0,7,71,0,49,40,857,detection,
857951,4,30,-512,-1,-511,100,83,100,100,7,70,0,49,40,857,detection,
857955,16,30,-512,-1,-511,100,79,100,71,6,76,0,49,40,857,detection,
857960,7,30,-512,-1,-511,100,89,100,86,7,62,0,53,40,857,detection,
858176,13,10,1280,1280,0,0,0,0,0,0,39,0,0,0,858,detection,
858196,4,10,1280,1280,0,0,0,0,0,0,37,0,0,0,858,detection,
858201,16,10,1280,1280,0,0,0,0,0,0,35,0,0,0,858,detection,
858231,21,10,1280,1280,0,0,0,0,0,0,39,0,0,0,858,detection,
858238,14,10,1280,1280,0,0,0,0,0,0,32,0,0,0,858,detection,
858261,12,10,1280,1280,0,0,0,0,0,0,36,0,0,0,858,detection,
858625,2,28,-512,1280,-1792,0,100,100,100,0,55,0,58,40,858,detection,
859977,17,21,1792,1792,0,0,0,0,0,0,40,0,0,0,859,detection,
862119,9,2,1792,1792,0,0,0,0,0,0,47,0,0,0,862,detection,
862141,12,2,1792,1792,0,0,0,0,0,0,40,0,0,0,862,detection,
862175,10,2,1792,1792,0,0,0,0,0,0,44,0,0,0,862,detection,
862175,13,2,1792,1792,0,0,0,0,0,0,49,0,0,0,862,detection,
862184,8,2,1792,1792,0,0,0,0,0,0,40,0,0,0,862,detection,
862196,4,2,1792,1792,0,0,0,0,0,0,42,0,0,0,862,detection,
862201,16,2,1792,1792,0,0,0,0,0,0,46,0,0,0,862,detection,
862235,14,2,1792,1792,0,0,0,0,0,0,47,0,0,0,862,detection,
863052,13,10,-1,-1,0,0,0,0,0,0,38,0,0,0,863,detection,
863073,4,10,-1,-1,0,0,0,0,0,0,40,0,0,0,863,detection,
863077,16,10,-1,-1,0,0,0,0,0,0,35,0,0,0,863,detection,
863098,6,10,-1,-1,0,0,0,0,0,0,41,0,0,0,863,detection,
863107,14,10,-1,-1,0,0,0,0,0,0,36,0,0,0,863,detection,
865050,10,2,-1,-1,0,0,0,0,0,0,44,0,0,0,865,detection,
865050,13,2,-1,-1,0,0,0,0,0,0,52,0,0,0,865,detection,
865055,20,2,-1,-1,0,0,0,0,0,0,42,0,0,0,865,detection,
865071,4,2,-1,-1,0,0,0,0,0,0,45,0,0,0,865,detection,
865075,16,2,-1,-1,0,0,0,0,0,0,50,0,0,0,865,detection,
865076,7,2,-1,-1,0,0,0,0,0,0,37,0,0,0,865,detection,
865110,14,2,-1,-1,0,0,0,0,0,0,47,0,0,0,865,detection,
865595,1,20,-1,-1,0,0,0,0,0,0,40,0,0,0,865,detection,
865617,9,20,-1,-1,0,0,0,0,0,0,52,0,0,0,865,detection,
865929,10,21,1792,1792,0,0,0,0,0,0,28,0,0,0,865,detection,
866479,17,28,-512,1792,-2304,0,100,100,100,0,40,0,69,55,866,detection,
866497,2,28,-512,1792,-2304,0,100,100,62,0,57,0,58,40,866,detection,
872142,12,30,-512,1024,-1536,0,100,100,0,0,36,0,69,75,872,detection,
872160,18,30,-512,1024,-1536,0,100,100,37,0,38,0,69,55,872,detection,
872186,10,30,-512,1024,-1536,0,100,100,100,10,37,0,69,55,872,detection,
873300,13,10,2304,2304,0,0,0,0,0,0,42,0,0,0,873,detection,
873326,16,10,2304,2304,0,0,0,0,0,0,38,0,0,0,873,detection,
874905,15,18,-1,-1,0,0,0,0,0,0,40,0,0,0,874,detection,
877177,10,13,-1,-1,0,0,0,0,0,0,45,0,0,0,877,detection,
889181,20,7,512,512,0,0,0,0,0,0,41,0,0,0,889,detection,
889224,17,7,512,512,0,0,0,0,0,0,64,0,0,0,889,detection,
894321,4,8,-1,-1,0,0,0,0,0,0,36,0,0,0,894,detection,
894349,17,8,-1,-1,0,0,0,0,0,0,44,0,0,0,894,detection,
895603,19,11,768,768,0,0,0,70,35,0,44,0,64,40,895,detection,
898359,11,19,-1,-1,0,0,0,0,0,0,40,0,0,0,898,detection,
898428,20,19,-1,-1,0,0,0,0,0,0,29,0,0,0,898,detection,
900653,22,30,-512,1280,-1792,0,100,100,100,9,43,0,66,55,900,detection,
900665,18,30,-512,1280,-1792,0,100,100,38,0,37,0,69,55,900,detection,
900682,10,30,-512,1280,-1792,0,100,100,38,0,37,0,69,55,900,detection,
900682,13,30,-512,1280,-1792,0,100,100,100,0,36,0,69,55,900,detection,
900703,4,30,-512,1280,-1792,0,100,100,100,6,75,0,48,40,900,detection,
900707,16,30,-512,1280,-1792,0,100,100,100,6,78,0,48,40,900,detection,
900735,21,30,-512,1280,-1792,0,100,100,100,11,32,0,71,55,900,detection,
900748,2,30,-512,1280,-1792,0,100,100,100,11,32,0,71,75,900,detection,
903328,7,9,512,512,0,0,0,0,0,0,49,0,0,0,903,detection,
907083,7,9,512,512,0,0,0,0,0,0,51,0,0,0,907,detection,
913955,7,9,512,512,0,0,0,0,0,0,51,0,0,0,913,detection,
914812,1,23,-512,-1,-511,100,100,100,90,12,24,0,91,100,914,detection,
914854,19,23,-512,-1,-511,100,100,100,68,9,47,0,61,40,914,detection,
918066,8,25,-512,-1,-511,100,100,100,0,0,40,0,71,55,918,detection,
918203,7,9,-1,-1,0,0,0,0,0,0,54,0,0,0,918,detection,
930610,21,27,-512,-1,-511,100,100,100,77,10,36,0,76,55,930,detection,
933029,1,23,-512,768,-1280,0,100,100,100,11,28,0,75,75,933,detection,
936880,1,23,-512,512,-1024,0,100,100,42,0,29,0,74,75,936,detection,
943260,1,23,-512,512,-1024,0,100,100,0,0,29,0,74,75,943,detection,
956735,21,27,-512,-1,-511,100,100,100,0,10,38,0,72,55,956,detection,
956861,1,23,-512,512,-1024,0,100,100,0,0,29,0,74,75,956,detection,
956930,20,23,-512,512,-1024,0,100,100,100,10,41,0,68,55,956,detection,
956934,10,23,-512,512,-1024,0,100,100,68,9,47,0,62,40,956,detection,
962483,21,27,-512,768,-1280,0,100,100,100,9,44,0,64,40,962,detection,
965736,21,27,-512,768,-1280,0,100,100,0,9,44,0,64,40,965,detection,
966935,8,25,-512,-1,-511,100,100,100,0,0,43,0,66,55,966,detection,
969056,10,9,-1,-1,0,0,0,0,0,0,41,0,0,0,969,detection,
969096,17,9,-1,-1,0,0,0,0,0,0,54,0,0,0,969,detection,
975848,17,9,-1,-1,0,0,0,0,0,0,58,0,0,0,975,detection,
976848,17,27,-512,-1,-511,100,100,100,73,10,41,0,69,55,976,detection,
976857,21,27,-512,-1,-511,100,100,100,100,9,47,0,61,40,976,detection,
996097,17,27,-512,-1,-511,100,100,100,0,9,44,0,64,40,996,detection,
996110,21,27,-512,-1,-511,100,100,100,0,9,47,0,61,40,996,detection,
1006417,18,29,-512,512,-1024,0,100,100,73,10,41,0,68,55,1006,detection,
1006433,20,29,-512,512,-1024,0,100,100,100,9,43,0,66,75,1006,detection,
1017204,1,6,-1,-1,0,0,0,0,0,0,22,0,0,0,1017,detection,
1017227,19,6,-1,-1,0,0,0,0,0,0,44,0,0,0,1017,detection,
1017307,20,6,-1,-1,0,0,0,0,0,0,37,0,0,0,1017,detection,
1017519,12,10,768,768,0,0,0,0,0,0,39,0,0,0,1017,detection,
1023745,9,10,537,537,0,0,0,0,0,0,28,0,0,0,1023,detection,
1029306,20,7,768,768,0,0,0,0,0,0,41,0,0,0,1029,detection,
1029323,4,7,768,768,0,0,0,0,0,0,36,0,0,0,1029,detection,
1029621,9,10,537,537,0,0,0,0,0,0,28,0,0,0,1029,detection,
1030927,13,22,768,768,0,0,0,0,0,0,32,0,0,0,1030,detection,
1031435,8,4,-1,-1,0,0,0,0,0,0,31,0,0,0,1031,detection,
1032114,1,20,-1,-1,0,0,0,0,0,0,41,0,0,0,1032,detection,
1032119,2,20,-1,-1,0,0,0,0,0,0,40,0,0,0,1032,detection,
1032710,1,13,768,768,0,0,0,0,0,0,15,0,0,0,1032,detection,
1032738,14,13,768,768,0,0,0,0,0,0,39,0,0,0,1032,detection,
1032773,22,13,768,768,0,0,0,0,0,0,50,0,0,0,1032,detection,
1034116,2,20,-1,-1,0,0,0,0,0,0,40,0,0,0,1034,detection,
1035325,4,7,512,512,0,0,0,0,0,0,36,0,0,0,1035,detection,
1036036,18,4,-1,-1,0,0,0,0,0,0,37,0,0,0,1036,detection,
1036057,8,4,-1,-1,0,0,0,0,0,0,34,0,0,0,1036,detection,
1037490,1,13,-1,-1,0,0,0,0,0,0,18,0,0,0,1037,detection,
1037498,2,13,-1,-1,0,0,0,0,0,0,43,0,0,0,1037,detection,
1037523,22,13,-1,-1,0,0,0,0,0,0,50,0,0,0,1037,detection,
1037532,18,13,-1,-1,0,0,0,0,0,0,42,0,0,0,1037,detection,
1037574,16,13,-1,-1,0,0,0,0,0,0,41,0,0,0,1037,detection,
1039602,1,20,-1,-1,0,0,0,0,0,0,39,0,0,0,1039,detection,
1039708,7,20,-1,-1,0,0,0,0,0,0,38,0,0,0,1039,detection,
1039721,6,20,-1,-1,0,0,0,0,0,0,36,0,0,0,1039,detection,
1040057,8,4,-1,-1,0,0,0,0,0,0,37,0,0,0,1040,detection,
1040476,17,7,512,512,0,0,0,0,0,0,66,0,0,0,1040,detection,
1040553,20,7,512,512,0,0,0,0,0,0,37,0,0,0,1040,detection,
1040575,4,7,512,512,0,0,0,0,0,0,33,0,0,0,1040,detection,
1041637,12,10,764,764,0,0,0,0,0,0,35,0,0,0,1041,detection,
1042370,1,28,-512,512,-1024,0,100,100,92,0,22,0,80,75,1042,detection,
1043510,1,13,512,512,0,0,0,0,0,0,22,0,0,0,1043,detection,
1043525,22,13,512,512,0,0,0,0,0,0,54,0,0,0,1043,detection,
1045201,4,14,768,768,0,0,0,0,0,0,38,0,0,0,1045,detection,
1045202,7,14,768,768,0,0,0,0,0,0,44,0,0,0,1045,detection,
1045239,11,14,768,768,0,0,0,0,0,0,37,0,0,0,1045,detection,
1045266,12,14,768,768,0,0,0,0,0,0,37,0,0,0,1045,detection,
1045677,20,7,537,537,0,0,0,0,0,0,37,0,0,0,1045,detection,
1045721,17,7,537,537,0,0,0,0,0,0,68,0,0,0,1045,detection,
1047150,22,14,512,512,0,0,0,0,0,0,40,0,0,0,1047,detection,
1047222,6,14,512,512,0,0,0,0,0,0,41,0,0,0,1047,detection,
1047831,16,22,768,768,0,0,0,0,0,0,41,0,0,0,1047,detection,
1047850,19,22,768,768,0,0,0,0,0,0,36,0,0,0,1047,detection,
1047983,21,31,-512,1024,-1536,0,100,100,100,9,42,0,66,55,1047,detection,
1048159,15,18,768,768,0,0,0,0,0,0,44,0,0,0,1048,detection,
1048453,16,13,537,537,0,0,0,0,0,0,46,0,0,0,1048,detection,
1048480,19,13,537,537,0,0,0,0,0,0,37,0,0,0,1048,detection,
1048523,22,13,537,537,0,0,0,0,0,0,55,0,0,0,1048,detection,
1048527,1,13,537,537,0,0,0,0,0,0,22,0,0,0,1048,detection,
1048607,11,19,1024,1024,0,0,0,0,0,0,41,0,0,0,1048,detection,
1048658,15,19,1024,1024,0,0,0,0,0,0,39,0,0,0,1048,detection,
1048672,1,28,-512,512,-1024,0,100,100,0,0,22,0,80,75,1048,detection,
1051500,9,10,1024,1024,0,0,0,0,0,0,36,0,0,0,1051,detection,
1051514,12,10,1024,1024,0,0,0,0,0,0,38,0,0,0,1051,detection,
1052636,12,14,512,512,0,0,0,0,0,0,40,0,0,0,1052,detection,
1052648,22,14,512,512,0,0,0,0,0,0,41,0,0,0,1052,detection,
1053285,15,2,1024,1024,0,0,0,0,0,0,42,0,0,0,1053,detection,
1054436,1,28,-512,563,-1075,0,100,100,9,0,22,0,80,75,1054,detection,
1055773,22,13,537,537,0,0,0,0,0,0,55,0,0,0,1055,detection,
1056149,22,16,-1,-1,0,0,0,0,0,0,40,0,0,0,1056,detection,
1056225,17,16,-1,-1,0,0,0,0,0,0,46,0,0,0,1056,detection,
1056235,14,16,-1,-1,0,0,0,0,0,0,36,0,0,0,1056,detection,
1056528,15,2,1024,1024,0,0,0,0,0,0,41,0,0,0,1056,detection,
1056559,10,30,-512,1049,-1561,0,100,100,33,0,40,0,69,55,1056,detection,
1056986,11,31,-512,1024,-1536,0,100,100,100,10,38,0,69,55,1056,detection,
1060079,16,11,-1,-1,0,0,0,0,0,0,43,0,0,0,1060,detection,
1060331,16,2,1280,1280,0,0,0,0,0,0,53,0,0,0,1060,detection,
1060408,18,2,1280,1280,0,0,0,0,0,0,37,0,0,0,1060,detection,
1061797,5,19,1024,1024,0,0,0,0,0,0,34,0,0,0,1061,detection,
1064724,19,18,-1,-1,0,0,0,0,0,0,45,0,0,0,1064,detection,
1066279,15,19,1049,1049,0,0,0,0,0,0,42,0,0,0,1066,detection,
1066297,5,19,1049,1049,0,0,0,0,0,0,37,0,0,0,1066,detection,
1069308,20,7,525,525,0,0,0,0,0,0,37,0,0,0,1069,detection,
1070186,20,23,-512,-1,-511,100,98,100,66,8,51,0,56,40,1070,detection,
1070855,19,6,768,768,0,0,0,0,0,0,43,0,0,0,1070,detection,
1071863,1,28,-512,557,-1069,0,100,100,1,0,17,0,82,75,1071,detection,
1076677,20,7,525,525,0,0,0,0,0,0,37,0,0,0,1076,detection,
1078726,17,27,-512,-1,-511,100,100,100,0,9,47,0,61,40,1078,detection,
1080703,7,9,1024,1024,0,0,0,0,0,0,58,0,0,0,1080,detection,
1082204,7,14,512,512,0,0,0,0,0,0,46,0,0,0,1082,detection,
1082686,13,22,512,512,0,0,0,0,0,0,34,0,0,0,1082,detection,
1082700,16,22,512,512,0,0,0,0,0,0,43,0,0,0,1082,detection,
1083595,1,28,-512,548,-1060,0,100,100,1,0,17,0,82,75,1083,detection,
1088351,19,6,768,768,0,0,0,0,0,0,43,0,0,0,1088,detection,
1088596,17,8,1276,1276,0,0,0,0,0,0,47,0,0,0,1088,detection,
1088827,16,22,512,512,0,0,0,0,0,0,45,0,0,0,1088,detection,
1092323,4,8,1276,1276,0,0,0,0,0,0,39,0,0,0,1092,detection,
1095802,13,22,512,512,0,0,0,0,0,0,36,0,0,0,1095,detection,
1098942,8,30,-512,1037,-1549,0,100,100,100,6,77,0,48,40,1098,detection,
1101056,10,30,-512,1241,-1753,0,100,100,26,0,44,0,64,40,1101,detection,
1101138,12,30,-512,1241,-1753,0,100,100,31,0,40,0,69,75,1101,detection,
1102362,14,8,1276,1276,0,0,0,0,0,0,41,0,0,0,1102,detection,
1102902,22,16,1280,1280,0,0,0,0,0,0,40,0,0,0,1102,detection,
1106663,18,30,-512,1241,-1753,0,100,100,5,0,42,0,66,55,1106,detection,
1110105,21,16,1792,1792,0,0,0,0,0,0,47,0,0,0,1110,detection,
1110109,14,16,1792,1792,0,0,0,0,0,0,38,0,0,0,1110,detection,
1110121,9,16,1792,1792,0,0,0,0,0,0,41,0,0,0,1110,detection,
1110148,22,16,1792,1792,0,0,0,0,0,0,44,0,0,0,1110,detection,
1112296,5,22,-1,-1,0,0,0,0,0,0,32,0,0,0,1112,detection,
1112300,13,22,-1,-1,0,0,0,0,0,0,39,0,0,0,1112,detection,
1112701,4,30,-512,1425,-1937,0,100,100,15,7,71,0,48,40,1112,detection,
1114977,6,23,-512,1280,-1792,0,100,100,58,11,32,0,71,55,1114,detection,
1116240,14,23,-512,1532,-2044,0,100,100,100,0,37,0,69,55,1116,detection,
1139999,9,22,768,768,0,0,0,0,0,0,37,0,0,0,1139,detection,
1140619,9,20,-1,-1,0,0,0,0,0,0,51,0,0,0,1140,detection,
1140683,8,20,-1,-1,0,0,0,0,0,0,41,0,0,0,1140,detection,
1141606,21,14,768,768,0,0,0,0,0,0,29,0,0,0,1141,detection,
1141647,22,14,768,768,0,0,0,0,0,0,40,0,0,0,1141,detection,
1152308,8,22,512,512,0,0,0,0,0,0,35,0,0,0,1152,detection,
1158850,19,11,512,512,0,0,0,70,0,0,45,0,68,55,1158,detection,
1165314,8,22,512,512,0,0,0,0,0,0,36,0,0,0,1165,detection,
1166108,14,8,1024,1024,0,0,0,0,0,0,44,0,0,0,1166,detection,
1171826,16,11,-1,-1,0,0,0,0,0,0,46,0,0,0,1171,detection,
1171848,19,11,-1,-1,0,0,0,70,0,0,48,0,65,55,1171,detection,
1171984,14,8,768,768,0,0,0,0,0,0,44,0,0,0,1171,detection,
1174613,21,31,-512,-1,-511,100,100,100,100,9,45,0,62,40,1174,detection,
1176736,14,8,768,768,0,0,0,0,0,0,45,0,0,0,1176,detection,
1180936,8,25,-512,1280,-1792,0,100,100,100,0,47,0,62,40,1180,detection,
1182110,21,31,-512,512,-1024,0,100,100,66,8,50,0,58,40,1182,detection,
1182683,8,22,537,537,0,0,0,0,0,0,37,0,0,0,1182,detection,
1186562,8,25,-512,-1,-511,100,99,100,100,0,50,0,56,40,1186,detection,
1189112,14,8,793,793,0,0,0,0,0,0,41,0,0,0,1189,detection,
1193683,8,22,525,525,0,0,0,0,0,0,37,0,0,0,1193,detection,
1200608,14,8,781,781,0,0,0,0,0,0,41,0,0,0,1200,detection,
1201678,13,2,-1,-1,0,0,0,0,0,0,55,0,0,0,1201,detection,
1201687,8,2,-1,-1,0,0,0,0,0,0,43,0,0,0,1201,detection,
1201745,9,2,-1,-1,0,0,0,0,0,0,51,0,0,0,1201,detection,
1205833,16,31,-512,1362,-1874,0,100,100,100,10,36,0,69,55,1205,detection,
1206342,1,13,-1,-1,0,0,0,0,0,0,26,0,0,0,1206,detection,
1206354,19,13,-1,-1,0,0,0,0,0,0,41,0,0,0,1206,detection,
1206362,14,13,-1,-1,0,0,0,0,0,0,43,0,0,0,1206,detection,
1206367,2,13,-1,-1,0,0,0,0,0,0,42,0,0,0,1206,detection,
1206431,8,13,-1,-1,0,0,0,0,0,0,43,0,0,0,1206,detection,
1206451,4,13,-1,-1,0,0,0,0,0,0,40,0,0,0,1206,detection,
1206452,16,13,-1,-1,0,0,0,0,0,0,45,0,0,0,1206,detection,
1206452,7,13,-1,-1,0,0,0,0,0,0,43,0,0,0,1206,detection,
1207450,4,8,781,781,0,0,0,0,0,0,44,0,0,0,1207,detection,
1207485,14,8,781,781,0,0,0,0,0,0,41,0,0,0,1207,detection,
1209581,16,31,-512,1362,-1874,0,100,100,0,10,36,0,69,55,1209,detection,
1209614,21,31,-512,1362,-1874,0,100,100,100,8,50,0,58,40,1209,detection,
1210694,1,13,-1,-1,0,0,0,0,0,0,31,0,0,0,1210,detection,
1210698,4,13,-1,-1,0,0,0,0,0,0,44,0,0,0,1210,detection,
1210702,7,13,-1,-1,0,0,0,0,0,0,47,0,0,0,1210,detection,
1210724,19,13,-1,-1,0,0,0,0,0,0,47,0,0,0,1210,detection,
1210732,14,13,-1,-1,0,0,0,0,0,0,44,0,0,0,1210,detection,
1210741,2,13,-1,-1,0,0,0,0,0,0,47,0,0,0,1210,detection,
1211515,12,22,517,517,0,0,0,0,0,0,42,0,0,0,1211,detection,
1212450,4,8,781,781,0,0,0,0,0,0,44,0,0,0,1212,detection,
1212484,14,8,781,781,0,0,0,0,0,0,41,0,0,0,1212,detection,
1213805,13,9,-1,-1,0,0,0,0,0,0,36,0,0,0,1213,detection,
1213857,21,31,-512,1559,-2071,0,100,100,25,8,51,0,58,40,1213,detection,
1215199,4,13,-1,-1,0,0,0,0,0,0,42,0,0,0,1215,detection,
1215200,1,13,-1,-1,0,0,0,0,0,0,30,0,0,0,1215,detection,
1215203,7,13,-1,-1,0,0,0,0,0,0,49,0,0,0,1215,detection,
1215203,16,13,-1,-1,0,0,0,0,0,0,52,0,0,0,1215,detection,
1215225,19,13,-1,-1,0,0,0,0,0,0,49,0,0,0,1215,detection,
1215233,14,13,-1,-1,0,0,0,0,0,0,45,0,0,0,1215,detection,
1215242,2,13,-1,-1,0,0,0,0,0,0,49,0,0,0,1215,detection,
1217572,4,8,781,781,0,0,0,0,0,0,44,0,0,0,1217,detection,
1217927,5,31,-512,1559,-2071,0,100,100,100,9,49,0,59,40,1217,detection,
1217984,21,31,-512,1559,-2071,0,100,100,0,0,52,0,58,40,1217,detection,
1224451,4,14,512,512,0,0,0,0,0,0,40,0,0,0,1224,detection,
1224452,7,14,512,512,0,0,0,0,0,0,44,0,0,0,1224,detection,
1227673,5,31,-512,1737,-2249,0,100,100,22,8,51,0,58,40,1227,detection,
1230984,11,13,-1,-1,0,0,0,0,0,0,50,0,0,0,1230,detection,
1232322,4,14,512,512,0,0,0,0,0,0,41,0,0,0,1232,detection,
1232330,7,14,512,512,0,0,0,0,0,0,45,0,0,0,1232,detection,
1232364,11,14,512,512,0,0,0,0,0,0,39,0,0,0,1232,detection,
1234331,16,31,-512,1737,-2249,0,100,100,55,10,38,0,69,55,1234,detection,
1235236,11,19,742,742,0,0,0,0,0,0,42,0,0,0,1235,detection,
1236733,14,8,512,512,0,0,0,0,0,0,44,0,0,0,1236,detection,
1237579,16,4,512,512,0,0,0,0,0,0,33,0,0,0,1237,detection,
1238614,14,31,-512,1737,-2249,0,100,100,100,9,47,0,62,40,1238,detection,
1239122,9,30,-512,768,-1280,0,100,100,41,11,31,0,72,55,1239,detection,
1239157,15,30,-512,768,-1280,0,100,100,84,7,69,0,48,40,1239,detection,
1239200,4,30,-512,768,-1280,0,100,100,68,6,75,0,48,40,1239,detection,
1241203,7,14,512,512,0,0,0,0,0,0,46,0,0,0,1241,detection,
1243453,16,31,-512,1737,-2249,0,100,100,0,10,39,0,69,55,1243,detection,
1243488,14,31,-512,1737,-2249,0,100,100,0,9,47,0,62,40,1243,detection,
1243492,11,31,-512,1737,-2249,0,100,100,95,9,47,0,62,40,1243,detection,
1244326,16,4,512,512,0,0,0,0,0,0,33,0,0,0,1244,detection,
1246497,9,30,-512,512,-1024,0,100,100,40,11,32,0,71,55,1246,detection,
1246535,15,30,-512,512,-1024,0,100,100,26,6,78,0,48,40,1246,detection,
1246578,16,30,-512,512,-1024,0,100,100,74,0,85,0,48,40,1246,detection,
1249120,9,30,-512,512,-1024,0,100,100,0,11,33,0,71,55,1249,detection,
1249144,12,30,-512,512,-1024,0,100,100,98,0,46,0,63,40,1249,detection,
1249158,15,30,-512,512,-1024,0,100,100,0,6,81,0,48,40,1249,detection,
1249184,13,30,-512,512,-1024,0,100,100,100,0,42,0,66,55,1249,detection,
1249200,4,30,-512,512,-1024,0,100,100,26,6,75,0,48,40,1249,detection,
1249209,7,30,-512,512,-1024,0,100,100,52,6,78,0,48,40,1249,detection,
1249489,14,8,742,742,0,0,0,0,0,0,44,0,0,0,1249,detection,
1257825,16,4,512,512,0,0,0,0,0,0,33,0,0,0,1257,detection,
1257829,7,4,512,512,0,0,0,0,0,0,37,0,0,0,1257,detection,
1257985,14,8,815,815,0,0,0,0,0,0,45,0,0,0,1257,detection,
1259430,13,30,-512,815,-1327,0,100,100,37,0,54,0,58,40,1259,detection,
1259957,7,9,-1,-1,0,0,0,0,0,0,57,0,0,0,1259,detection,
1260056,13,9,-1,-1,0,0,0,0,0,0,40,0,0,0,1260,detection,
1260738,14,31,-512,768,-1280,0,100,100,100,8,50,0,58,40,1260,detection,
1263158,15,30,-512,-1,-511,100,73,100,49,6,85,0,49,40,1263,detection,
1263166,18,30,-512,-1,-511,100,100,100,100,0,42,0,67,55,1263,detection,
1263182,13,30,-512,-1,-511,100,94,100,100,0,56,0,56,40,1263,detection,
1263191,8,30,-512,-1,-511,100,75,100,100,6,82,0,49,40,1263,detection,
1264786,18,4,-1,-1,0,0,0,0,0,0,41,0,0,0,1264,detection,
1264824,16,4,-1,-1,0,0,0,0,0,0,37,0,0,0,1264,detection,
1265701,7,9,-1,-1,0,0,0,0,0,0,57,0,0,0,1265,detection,
1265803,13,9,-1,-1,0,0,0,0,0,0,40,0,0,0,1265,detection,
1266610,11,31,-512,-1,-511,100,100,100,100,9,49,0,58,40,1266,detection,
1266611,14,31,-512,-1,-511,100,99,100,100,8,50,0,56,40,1266,detection,
1268159,18,4,-1,-1,0,0,0,0,0,0,45,0,0,0,1268,detection,
1268189,8,4,-1,-1,0,0,0,0,0,0,41,0,0,0,1268,detection,
1268201,16,4,-1,-1,0,0,0,0,0,0,37,0,0,0,1268,detection,
1268206,7,4,-1,-1,0,0,0,0,0,0,41,0,0,0,1268,detection,
1277930,20,7,-1,-1,0,0,0,0,0,0,41,0,0,0,1277,detection,
1278842,1,6,768,768,0,0,0,0,0,0,25,0,0,0,1278,detection,
1279359,11,15,512,512,0,0,0,0,0,0,57,0,0,0,1279,detection,
1282474,17,7,768,768,0,0,0,0,0,0,65,0,0,0,1282,detection,
1282552,20,7,768,768,0,0,0,0,0,0,44,0,0,0,1282,detection,
1282574,4,7,768,768,0,0,0,0,0,0,33,0,0,0,1282,detection,
1284326,7,4,-1,-1,0,0,0,0,0,0,44,0,0,0,1284,detection,
1284399,22,4,-1,-1,0,0,0,0,0,0,36,0,0,0,1284,detection,
1284411,18,4,-1,-1,0,0,0,0,0,0,44,0,0,0,1284,detection,
1285462,1,6,768,768,0,0,0,0,0,0,21,0,0,0,1285,detection,
1285705,7,20,-1,-1,0,0,0,0,0,0,41,0,0,0,1285,detection,
1285746,2,20,-1,-1,0,0,0,0,0,0,43,0,0,0,1285,detection,
1289233,11,15,768,768,0,0,0,0,0,0,56,0,0,0,1289,detection,
1294359,1,6,719,719,0,0,0,0,0,0,21,0,0,0,1294,detection,
1295735,11,15,512,512,0,0,0,0,0,0,57,0,0,0,1295,detection,
1298405,15,11,768,768,0,0,0,70,0,0,61,0,58,40,1298,detection,
1298571,1,6,719,719,0,0,0,0,0,0,20,0,0,0,1298,detection,
1304607,11,15,512,512,0,0,0,0,0,0,58,0,0,0,1304,detection,
1304881,1,6,719,719,0,0,0,0,0,0,20,0,0,0,1304,detection,
1306616,9,20,-1,-1,0,0,0,0,0,0,51,0,0,0,1306,detection,
1306619,2,20,-1,-1,0,0,0,0,0,0,43,0,0,0,1306,detection,
1308553,10,2,1280,1280,0,0,0,0,0,0,48,0,0,0,1308,detection,
1308553,20,2,1280,1280,0,0,0,0,0,0,45,0,0,0,1308,detection,
1308557,13,2,1280,1280,0,0,0,0,0,0,58,0,0,0,1308,detection,
1308561,8,2,1280,1280,0,0,0,0,0,0,47,0,0,0,1308,detection,
1308574,4,2,1280,1280,0,0,0,0,0,0,48,0,0,0,1308,detection,
1308609,14,2,1280,1280,0,0,0,0,0,0,51,0,0,0,1308,detection,
1308617,9,2,1280,1280,0,0,0,0,0,0,55,0,0,0,1308,detection,
1308639,12,2,1280,1280,0,0,0,0,0,0,43,0,0,0,1308,detection,
1309051,10,4,-1,-1,0,0,0,0,0,0,36,0,0,0,1309,detection,
1309060,8,4,-1,-1,0,0,0,0,0,0,41,0,0,0,1309,detection,
1309076,7,4,-1,-1,0,0,0,0,0,0,47,0,0,0,1309,detection,
1309080,16,4,-1,-1,0,0,0,0,0,0,41,0,0,0,1309,detection,
1309110,21,4,-1,-1,0,0,0,0,0,0,28,0,0,0,1309,detection,
1309137,12,4,-1,-1,0,0,0,0,0,0,35,0,0,0,1309,detection,
1309150,22,4,-1,-1,0,0,0,0,0,0,38,0,0,0,1309,detection,
1309161,18,4,-1,-1,0,0,0,0,0,0,48,0,0,0,1309,detection,
1310500,1,6,698,698,0,0,0,0,0,0,19,0,0,0,1310,detection,
1310701,4,8,1792,1792,0,0,0,0,0,0,44,0,0,0,1310,detection,
1311455,16,11,512,512,0,0,0,0,0,0,51,0,0,0,1311,detection,
1312432,13,16,-1,-256,255,0,57,89,38,0,36,0,74,55,1312,detection,
1313180,13,9,512,512,0,0,0,0,0,0,44,0,0,0,1313,detection,
1313219,17,9,512,512,0,0,0,0,0,0,59,0,0,0,1313,detection,
1313927,10,2,1024,1024,0,0,0,0,0,0,49,0,0,0,1313,detection,
1313927,20,2,1024,1024,0,0,0,0,0,0,46,0,0,0,1313,detection,
1313983,14,2,1024,1024,0,0,0,0,0,0,52,0,0,0,1313,detection,
1314077,7,13,1024,1024,0,0,0,0,0,0,52,0,0,0,1314,detection,
1314177,10,13,1024,1024,0,0,0,0,0,0,48,0,0,0,1314,detection,
1314182,8,13,1024,1024,0,0,0,0,0,0,46,0,0,0,1314,detection,
1316039,1,6,-1,-1,0,0,0,0,0,0,22,0,0,0,1316,detection,
1317733,21,10,1536,1536,0,0,0,0,0,0,43,0,0,0,1317,detection,
1317775,22,10,1536,1536,0,0,0,0,0,0,44,0,0,0,1317,detection,
1319235,11,15,-1,-1,0,0,0,0,0,0,60,0,0,0,1319,detection,
1321678,10,2,1024,1024,0,0,0,0,0,0,50,0,0,0,1321,detection,
1321678,20,2,1024,1024,0,0,0,0,0,0,43,0,0,0,1321,detection,
1321734,14,2,1024,1024,0,0,0,0,0,0,53,0,0,0,1321,detection,
1321743,9,2,1024,1024,0,0,0,0,0,0,56,0,0,0,1321,detection,
1321768,12,2,1024,1024,0,0,0,0,0,0,44,0,0,0,1321,detection,
1321777,22,2,1024,1024,0,0,0,0,0,0,57,0,0,0,1321,detection,
1321982,21,10,1280,1280,0,0,0,0,0,0,39,0,0,0,1321,detection,
1322424,10,13,1024,1024,0,0,0,0,0,0,48,0,0,0,1322,detection,
1326481,21,10,1280,1280,0,0,0,0,0,0,40,0,0,0,1326,detection,
1326524,22,10,1280,1280,0,0,0,0,0,0,44,0,0,0,1326,detection,
1326554,13,10,1280,1280,0,0,0,0,0,0,46,0,0,0,1326,detection,
1327175,5,13,1024,1024,0,0,0,0,0,0,48,0,0,0,1327,detection,
1327200,4,13,1024,1024,0,0,0,0,0,0,45,0,0,0,1327,detection,
1329041,1,6,662,662,0,0,0,0,0,0,26,0,0,0,1329,detection,
1330224,19,22,1536,1536,0,0,0,0,0,0,40,0,0,0,1330,detection,
1330263,12,22,1536,1536,0,0,0,0,0,0,41,0,0,0,1330,detection,
1330286,18,22,1536,1536,0,0,0,0,0,0,41,0,0,0,1330,detection,
1330304,13,22,1536,1536,0,0,0,0,0,0,38,0,0,0,1330,detection,
1331451,4,2,1256,1256,0,0,0,0,0,0,44,0,0,0,1331,detection,
1331486,14,2,1256,1256,0,0,0,0,0,0,53,0,0,0,1331,detection,
1331494,9,2,1256,1256,0,0,0,0,0,0,55,0,0,0,1331,detection,
1332563,8,16,-1,-1,0,0,0,0,0,0,53,0,0,0,1332,detection,
1332597,17,16,-1,-1,0,0,0,0,0,0,50,0,0,0,1332,detection,
1332664,18,10,1280,1280,0,0,0,0,0,0,32,0,0,0,1332,detection,
1334602,17,9,-1,-1,0,0,0,0,0,0,58,0,0,0,1334,detection,
1334626,1,6,662,662,0,0,0,0,0,0,26,0,0,0,1334,detection,
1339968,1,2,1256,1256,0,0,0,0,0,0,40,0,0,0,1339,detection,
1343784,18,22,1536,1536,0,0,0,0,0,0,47,0,0,0,1343,detection,
1343801,13,22,1536,1536,0,0,0,0,0,0,43,0,0,0,1343,detection,
1346426,13,9,768,768,0,0,0,0,0,0,41,0,0,0,1346,detection,
1347773,22,10,-1,-1,0,0,0,0,0,0,47,0,0,0,1347,detection,
1347786,18,10,-1,-1,0,0,0,0,0,0,41,0,0,0,1347,detection,
1351386,12,19,1792,1792,0,0,0,0,0,0,28,0,0,0,1351,detection,
1352803,1,6,679,679,0,0,0,0,0,0,22,0,0,0,1352,detection,
1354552,13,9,512,512,0,0,0,0,0,0,42,0,0,0,1354,detection,
1358863,14,10,1024,1024,0,0,0,0,0,0,39,0,0,0,1358,detection,
1358893,12,10,1024,1024,0,0,0,0,0,0,42,0,0,0,1358,detection,
1359238,11,5,-1,-1,0,0,0,0,0,0,82,0,0,0,1359,detection,
1360014,1,6,662,662,0,0,0,0,0,0,22,0,0,0,1360,detection,
1364048,1,6,-1,-1,0,0,0,0,0,0,25,0,0,0,1364,detection,
1365970,17,9,512,512,0,0,0,0,0,0,59,0,0,0,1365,detection,
1368432,13,9,512,512,0,0,0,0,0,0,43,0,0,0,1368,detection,
1369978,6,28,-512,1024,-1536,0,100,100,100,9,47,0,62,40,1369,detection,
1369996,2,28,-512,1024,-1536,0,100,100,90,0,60,0,58,40,1369,detection,
1371112,14,8,-1,-1,0,0,0,0,0,0,48,0,0,0,1371,detection,
1371198,4,8,-1,-1,0,0,0,0,0,0,47,0,0,0,1371,detection,
1376427,13,9,512,512,0,0,0,0,0,0,44,0,0,0,1376,detection,
1376456,7,9,512,512,0,0,0,0,0,0,54,0,0,0,1376,detection,
1376551,5,19,1280,1280,0,0,0,0,0,0,43,0,0,0,1376,detection,
1376560,20,19,1280,1280,0,0,0,0,0,0,39,0,0,0,1376,detection,
1376599,6,19,1280,1280,0,0,0,0,0,0,43,0,0,0,1376,detection,
1376640,12,19,1280,1280,0,0,0,0,0,0,32,0,0,0,1376,detection,
1376659,15,19,1280,1280,0,0,0,0,0,0,47,0,0,0,1376,detection,
1379169,5,19,-1,-1,0,0,0,0,0,0,46,0,0,0,1379,detection,
1379811,8,20,1024,1024,0,0,0,0,0,0,44,0,0,0,1379,detection,
1380984,14,8,-1,-1,0,0,0,0,0,0,48,0,0,0,1380,detection,
1382304,13,22,1024,1024,0,0,0,0,0,0,46,0,0,0,1382,detection,
1382330,16,22,1024,1024,0,0,0,0,0,0,44,0,0,0,1382,detection,
1383232,21,16,-1,-1,0,0,0,0,0,0,47,0,0,0,1383,detection,
1383834,7,20,768,768,0,0,0,0,0,0,46,0,0,0,1383,detection,
1383872,9,22,1024,1024,0,0,0,0,0,0,41,0,0,0,1383,detection,
1383927,13,22,1024,1024,0,0,0,0,0,0,46,0,0,0,1383,detection,
1383940,8,22,1024,1024,0,0,0,0,0,0,37,0,0,0,1383,detection,
1383951,4,22,1024,1024,0,0,0,0,0,0,37,0,0,0,1383,detection,
1383953,16,22,1024,1024,0,0,0,0,0,0,43,0,0,0,1383,detection,
1383977,19,22,1024,1024,0,0,0,0,0,0,40,0,0,0,1383,detection,
1384556,20,7,1024,1024,0,0,0,0,0,0,48,0,0,0,1384,detection,
1387624,2,30,-512,1536,-2048,0,100,100,38,10,36,0,69,75,1387,detection,
1389310,8,22,1024,1024,0,0,0,0,0,0,36,0,0,0,1389,detection,
1389323,4,22,1024,1024,0,0,0,0,0,0,37,0,0,0,1389,detection,
1389327,16,22,1024,1024,0,0,0,0,0,0,42,0,0,0,1389,detection,
1389349,19,22,1024,1024,0,0,0,0,0,0,40,0,0,0,1389,detection,
1389370,9,22,1024,1024,0,0,0,0,0,0,40,0,0,0,1389,detection,
1391421,5,19,1024,1024,0,0,0,0,0,0,49,0,0,0,1391,detection,
1391677,20,13,768,768,0,0,0,0,0,0,33,0,0,0,1391,detection,
1393306,13,20,768,768,0,0,0,0,0,0,28,0,0,0,1393,detection,
1393327,7,20,768,768,0,0,0,0,0,0,43,0,0,0,1393,detection,
1393345,6,20,768,768,0,0,0,0,0,0,40,0,0,0,1393,detection,
1394533,15,23,-512,1024,-1536,0,100,100,100,11,32,0,71,55,1394,detection,
1394673,5,11,742,742,0,0,0,0,0,0,46,0,0,0,1394,detection,
1396030,22,13,-1,-1,0,0,0,0,0,0,59,0,0,0,1396,detection,
1396060,8,13,-1,-1,0,0,0,0,0,0,46,0,0,0,1396,detection,
1396671,5,19,1024,1024,0,0,0,0,0,0,45,0,0,0,1396,detection,
1396680,20,19,1024,1024,0,0,0,0,0,0,41,0,0,0,1396,detection,
1400326,16,22,1024,1024,0,0,0,0,0,0,41,0,0,0,1400,detection,
1400429,13,22,1024,1024,0,0,0,0,0,0,45,0,0,0,1400,detection,
1400432,8,22,1024,1024,0,0,0,0,0,0,36,0,0,0,1400,detection,
1404721,6,28,-512,1536,-2048,0,100,100,68,9,47,0,62,40,1404,detection,
1407936,8,22,1024,1024,0,0,0,0,0,0,35,0,0,0,1407,detection,
1407950,4,22,1024,1024,0,0,0,0,0,0,37,0,0,0,1407,detection,
1407993,9,22,1024,1024,0,0,0,0,0,0,40,0,0,0,1407,detection,
1408053,13,22,1024,1024,0,0,0,0,0,0,45,0,0,0,1408,detection,
1413043,5,19,-1,-1,0,0,0,0,0,0,49,0,0,0,1413,detection,
1417436,8,25,-512,1280,-1792,0,100,100,100,0,53,0,58,40,1417,detection,
1417548,5,31,-512,768,-1280,0,100,100,100,8,50,0,58,40,1417,detection,
1418156,15,18,-1,-1,0,0,0,0,0,0,85,0,0,0,1418,detection,
1421453,4,10,1280,1280,0,0,0,0,0,0,44,0,0,0,1421,detection,
1421536,18,10,1280,1280,0,0,0,0,0,0,45,0,0,0,1421,detection,
1421556,13,10,1280,1280,0,0,0,0,0,0,50,0,0,0,1421,detection,
1422624,9,20,998,998,0,0,0,0,0,0,53,0,0,0,1422,detection,
1422726,19,22,1228,1228,0,0,0,0,0,0,40,0,0,0,1422,detection,
1424704,4,30,-512,-1,-511,100,78,100,52,6,78,0,49,40,1424,detection,
1424787,15,11,1792,1792,0,0,0,70,0,0,60,0,61,40,1424,detection,
1428225,6,10,1280,1280,0,0,0,0,0,0,44,0,0,0,1428,detection,
1428338,1,2,-1,-1,0,0,0,0,0,0,45,0,0,0,1428,detection,
1430911,15,25,-512,1536,-2048,0,100,100,100,10,35,0,70,55,1430,detection,
1430936,8,25,-512,1536,-2048,0,100,100,31,0,57,0,58,40,1430,detection,
1436490,11,31,-512,1024,-1536,0,100,100,100,8,53,0,58,40,1436,detection,
1438738,11,18,1792,1792,0,0,0,0,0,0,37,0,0,0,1438,detection,
1440594,1,2,768,768,0,0,0,0,0,0,41,0,0,0,1440,detection,
1441698,1,2,768,768,0,0,0,0,0,0,40,0,0,0,1441,detection,
1445156,1,2,512,512,0,0,0,0,0,0,42,0,0,0,1445,detection,
1448478,19,18,1792,1792,0,0,0,0,0,0,44,0,0,0,1448,detection,
1448484,11,18,1792,1792,0,0,0,0,0,0,37,0,0,0,1448,detection,
1448531,15,18,1792,1792,0,0,0,0,0,0,88,0,0,0,1448,detection,
1450430,20,23,-512,-1,-511,100,96,100,0,8,53,0,56,40,1450,detection,
1450430,13,23,-512,-1,-511,100,100,100,67,9,48,0,59,40,1450,detection,
1450477,19,23,-512,-1,-511,100,100,100,0,9,49,0,57,40,1450,detection,
1451547,1,2,512,512,0,0,0,0,0,0,43,0,0,0,1451,detection,
1451641,12,2,512,512,0,0,0,0,0,0,44,0,0,0,1451,detection,
1455852,19,15,2048,2048,0,0,0,0,0,0,46,0,0,0,1455,detection,
1459037,1,2,512,512,0,0,0,0,0,0,44,0,0,0,1459,detection,
1460351,19,15,2048,2048,0,0,0,0,0,0,46,0,0,0,1460,detection,
1460360,11,15,2048,2048,0,0,0,0,0,0,62,0,0,0,1460,detection,
1462696,4,8,-1,-1,0,0,0,0,0,0,51,0,0,0,1462,detection,
1462725,17,8,-1,-1,0,0,0,0,0,0,50,0,0,0,1462,detection,
1465078,1,2,512,512,0,0,0,0,0,0,45,0,0,0,1465,detection,
1465139,12,2,512,512,0,0,0,0,0,0,44,0,0,0,1465,detection,
1465156,22,2,512,512,0,0,0,0,0,0,58,0,0,0,1465,detection,
1465206,16,2,512,512,0,0,0,0,0,0,58,0,0,0,1465,detection,
1472555,1,2,512,512,0,0,0,0,0,0,46,0,0,0,1472,detection,
1472564,8,2,512,512,0,0,0,0,0,0,48,0,0,0,1472,detection,
1472575,4,2,512,512,0,0,0,0,0,0,49,0,0,0,1472,detection,
1472576,16,2,512,512,0,0,0,0,0,0,59,0,0,0,1472,detection,
1472650,22,2,512,512,0,0,0,0,0,0,58,0,0,0,1472,detection,
1472910,22,16,-1,-1,0,0,0,0,0,0,47,0,0,0,1472,detection,
1474572,4,8,1032,1032,0,0,0,0,0,0,54,0,0,0,1474,detection,
1474598,17,8,1032,1032,0,0,0,0,0,0,53,0,0,0,1474,detection,
1477413,18,30,-512,-1,-511,100,100,100,0,0,45,0,62,40,1477,detection,
1477435,10,30,-512,-1,-511,100,100,100,100,0,48,0,59,40,1477,detection,
1477495,9,30,-512,-1,-511,100,100,100,77,10,36,0,76,55,1477,detection,
1480448,4,8,-1,-1,0,0,0,0,0,0,58,0,0,0,1480,detection,
1481554,10,30,-512,-1,-511,100,100,100,0,0,48,0,59,40,1481,detection,
1481626,9,30,-512,-1,-511,100,100,100,0,11,32,0,81,55,1481,detection,
1485446,4,8,1007,1007,0,0,0,0,0,0,57,0,0,0,1485,detection,
1487325,4,2,949,949,0,0,0,0,0,0,50,0,0,0,1487,detection,
1488361,11,5,517,517,0,0,0,0,0,0,88,0,0,0,1488,detection,
1488691,1,23,-512,1519,-2031,0,100,100,100,0,33,0,71,75,1488,detection,
1488744,2,23,-512,1519,-2031,0,100,100,100,10,41,0,68,55,1488,detection,
1488803,5,23,-512,1519,-2031,0,100,100,100,11,33,0,71,55,1488,detection,
1491848,6,28,-512,-1,-511,100,99,100,100,8,50,0,56,40,1491,detection,
1494447,4,8,981,981,0,0,0,0,0,0,57,0,0,0,1494,detection,
1497919,1,23,-512,1046,-1558,0,100,100,71,0,36,0,69,75,1497,detection,
1497924,5,23,-512,1046,-1558,0,100,100,71,10,36,0,69,55,1497,detection,
1501701,4,8,-1,-1,0,0,0,0,0,0,56,0,0,0,1501,detection,
1502094,1,23,-512,1024,-1536,0,100,100,3,0,40,0,69,75,1502,detection,
1502264,12,4,1328,1328,0,0,0,0,0,0,38,0,0,0,1502,detection,
1502321,8,4,1328,1328,0,0,0,0,0,0,44,0,0,0,1502,detection,
1502358,21,4,1328,1328,0,0,0,0,0,0,32,0,0,0,1502,detection,
1506204,4,8,768,768,0,0,0,0,0,0,52,0,0,0,1506,detection,
1507833,7,4,-1,-1,0,0,0,0,0,0,47,0,0,0,1507,detection,
1508555,20,29,-512,1024,-1536,0,100,100,72,9,42,0,66,75,1508,detection,
1509726,17,16,1024,1024,0,0,0,0,0,0,53,0,0,0,1509,detection,
1509736,14,16,1024,1024,0,0,0,0,0,0,42,0,0,0,1509,detection,
1509762,12,16,1024,1024,0,0,0,0,0,0,38,0,0,0,1509,detection,
1509774,22,16,1024,1024,0,0,0,0,0,0,50,0,0,0,1509,detection,
1509801,13,16,1024,1024,0,0,0,74,36,0,41,0,73,55,1509,detection,
1512202,4,7,512,512,0,0,0,0,0,0,33,0,0,0,1512,detection,
1512805,20,29,-512,768,-1280,0,100,100,35,0,43,0,66,75,1512,detection,
1513166,1,23,-512,512,-1024,0,100,100,74,0,40,0,69,75,1513,detection,
1513572,4,8,512,512,0,0,0,0,0,0,53,0,0,0,1513,detection,
1517182,20,7,512,512,0,0,0,0,0,0,52,0,0,0,1517,detection,
1517845,6,28,-512,1024,-1536,0,100,100,100,0,54,0,58,40,1517,detection,
1520742,1,23,-512,512,-1024,0,100,100,0,0,41,0,68,75,1520,detection,
1520932,8,4,512,512,0,0,0,0,0,0,49,0,0,0,1520,detection,
1521108,14,13,1024,1024,0,0,0,0,0,0,48,0,0,0,1521,detection,
1521117,2,13,1024,1024,0,0,0,0,0,0,52,0,0,0,1521,detection,
1521574,1,20,-1,-1,0,0,0,0,0,0,42,0,0,0,1521,detection,
1521582,7,20,-1,-1,0,0,0,0,0,0,46,0,0,0,1521,detection,
1521625,2,20,-1,-1,0,0,0,0,0,0,46,0,0,0,1521,detection,
1524106,21,4,512,512,0,0,0,0,0,0,38,0,0,0,1524,detection,
1524136,12,4,512,512,0,0,0,0,0,0,43,0,0,0,1524,detection,
1524183,8,4,512,512,0,0,0,0,0,0,50,0,0,0,1524,detection,
1524205,7,4,512,512,0,0,0,0,0,0,52,0,0,0,1524,detection,
1524324,4,7,537,537,0,0,0,0,0,0,33,0,0,0,1524,detection,
1526346,1,23,-512,512,-1024,0,100,100,0,0,41,0,68,75,1526,detection,
1529349,6,28,-512,1024,-1536,0,100,100,0,0,53,0,58,40,1529,detection,
1531555,20,7,534,534,0,0,0,0,0,0,48,0,0,0,1531,detection,
1532327,7,4,537,537,0,0,0,0,0,0,52,0,0,0,1532,detection,
1532950,1,20,768,768,0,0,0,0,0,0,44,0,0,0,1532,detection,
1532954,7,20,768,768,0,0,0,0,0,0,50,0,0,0,1532,detection,
1533060,8,20,768,768,0,0,0,0,0,0,44,0,0,0,1533,detection,
1533482,1,23,-512,512,-1024,0,100,100,0,0,41,0,68,75,1533,detection,
1533558,20,23,-512,512,-1024,0,100,100,61,8,58,0,58,40,1533,detection,
1533723,6,28,-512,1024,-1536,0,100,100,0,0,53,0,58,40,1533,detection,
1533749,2,28,-512,1024,-1536,0,100,100,0,0,60,0,58,40,1533,detection,
1538481,21,4,531,531,0,0,0,0,0,0,39,0,0,0,1538,detection,
1538511,12,4,531,531,0,0,0,0,0,0,44,0,0,0,1538,detection,
1538562,8,4,531,531,0,0,0,0,0,0,51,0,0,0,1538,detection,
1538979,17,28,-512,1024,-1536,0,100,100,100,0,43,0,66,55,1538,detection,
1539055,1,20,-1,-1,0,0,0,0,0,0,47,0,0,0,1539,detection,
1539076,7,20,-1,-1,0,0,0,0,0,0,53,0,0,0,1539,detection,
1541457,7,29,-512,768,-1280,0,100,100,100,0,28,0,75,55,1541,detection,
1542318,8,4,-1,-1,0,0,0,0,0,0,54,0,0,0,1542,detection,
1542326,7,4,-1,-1,0,0,0,0,0,0,55,0,0,0,1542,detection,
1543088,1,23,-512,-1,-511,100,100,100,71,0,44,0,64,40,1543,detection,
1544220,6,28,-512,1024,-1536,0,100,100,0,0,52,0,58,40,1544,detection,
1544242,2,28,-512,1024,-1536,0,100,100,0,0,59,0,58,40,1544,detection,
1549515,12,4,529,529,0,0,0,0,0,0,40,0,0,0,1549,detection,
1549530,22,4,529,529,0,0,0,0,0,0,43,0,0,0,1549,detection,
1549538,18,4,529,529,0,0,0,0,0,0,52,0,0,0,1549,detection,
1550348,17,28,-512,1024,-1536,0,100,100,0,0,42,0,66,55,1550,detection,
1550373,2,28,-512,1024,-1536,0,100,100,0,0,55,0,58,40,1550,detection,
1550951,16,11,-1,-1,0,0,0,0,0,0,54,0,0,0,1550,detection,
1555723,17,28,-512,1024,-1536,0,100,100,0,0,42,0,66,55,1555,detection,
1555745,2,28,-512,1024,-1536,0,100,100,0,0,54,0,58,40,1555,detection,
1555776,22,4,-1,-1,0,0,0,0,0,0,46,0,0,0,1555,detection,
1555784,18,4,-1,-1,0,0,0,0,0,0,55,0,0,0,1555,detection,
1556476,19,22,512,512,0,0,0,0,0,0,45,0,0,0,1556,detection,
1556484,11,22,512,512,0,0,0,0,0,0,43,0,0,0,1556,detection,
1556497,9,22,512,512,0,0,0,0,0,0,41,0,0,0,1556,detection,
1556515,12,22,512,512,0,0,0,0,0,0,47,0,0,0,1556,detection,
1556536,18,22,512,512,0,0,0,0,0,0,53,0,0,0,1556,detection,
1557203,16,31,-512,-1,-511,100,100,100,100,10,39,0,71,55,1557,detection,
1559693,1,23,-512,768,-1280,0,100,100,100,0,44,0,64,40,1559,detection,
1559728,19,23,-512,768,-1280,0,100,100,100,9,48,0,60,40,1559,detection,
1560055,20,29,-512,531,-1043,0,100,100,31,0,47,0,62,40,1560,detection,
1560081,7,29,-512,531,-1043,0,100,100,38,0,31,0,72,55,1560,detection,
1560972,6,28,-512,1024,-1536,0,100,100,0,0,52,0,58,40,1560,detection,
1560976,17,28,-512,1024,-1536,0,100,100,0,0,42,0,66,55,1560,detection,
1563541,1,23,-512,-1,-511,100,100,100,100,0,44,0,64,40,1563,detection,
1563554,20,23,-512,-1,-511,100,94,100,63,8,56,0,56,40,1563,detection,
1564661,18,22,512,512,0,0,0,0,0,0,50,0,0,0,1564,detection,
1564696,4,22,512,512,0,0,0,0,0,0,42,0,0,0,1564,detection,
1565345,6,28,-512,1024,-1536,0,100,100,0,0,52,0,58,40,1565,detection,
1565351,17,28,-512,1024,-1536,0,100,100,0,0,41,0,68,55,1565,detection,
1568687,8,22,-1,-1,0,0,0,0,0,0,38,0,0,0,1568,detection,
1568699,4,22,-1,-1,0,0,0,0,0,0,41,0,0,0,1568,detection,
1568737,11,22,-1,-1,0,0,0,0,0,0,46,0,0,0,1568,detection,
1569055,20,29,-512,525,-1037,0,100,100,0,0,48,0,60,40,1569,detection,
1569081,7,29,-512,525,-1037,0,100,100,0,0,32,0,71,55,1569,detection,
1571348,6,28,-512,1024,-1536,0,100,100,0,0,48,0,60,40,1571,detection,
1571928,20,29,-512,525,-1037,0,100,100,0,0,48,0,60,40,1571,detection,
1571957,7,29,-512,525,-1037,0,100,100,0,0,33,0,71,55,1571,detection,
1573561,8,22,-1,-1,0,0,0,0,0,0,38,0,0,0,1573,detection,
1573572,4,22,-1,-1,0,0,0,0,0,0,41,0,0,0,1573,detection,
1573607,11,22,-1,-1,0,0,0,0,0,0,41,0,0,0,1573,detection,
1573637,12,22,-1,-1,0,0,0,0,0,0,49,0,0,0,1573,detection,
1574581,16,31,-512,1228,-1740,0,100,100,100,0,43,0,66,55,1574,detection,
1576684,20,29,-512,523,-1035,0,100,100,0,0,48,0,60,40,1576,detection,
1576707,7,29,-512,523,-1035,0,100,100,0,0,33,0,71,55,1576,detection,
1579011,12,22,-1,-1,0,0,0,0,0,0,53,0,0,0,1579,detection,
1579058,8,22,-1,-1,0,0,0,0,0,0,42,0,0,0,1579,detection,
1579074,4,22,-1,-1,0,0,0,0,0,0,44,0,0,0,1579,detection,
1579473,6,28,-512,1024,-1536,0,100,100,0,0,48,0,60,40,1579,detection,
1579473,17,28,-512,1024,-1536,0,100,100,0,0,41,0,68,55,1579,detection,
1581421,1,20,-1,-1,0,0,0,0,0,0,75,0,0,0,1581,detection,
1581455,7,20,-1,-1,0,0,0,0,0,0,99,0,0,0,1581,detection,
1581805,20,29,-512,523,-1035,0,100,100,0,0,48,0,60,40,1581,detection,
1581834,7,29,-512,523,-1035,0,100,100,0,0,33,0,71,55,1581,detection,
1582390,12,10,-1,-1,0,0,0,0,0,0,45,0,0,0,1582,detection,
1582400,22,10,-1,-1,0,0,0,0,0,0,47,0,0,0,1582,detection,
1582446,4,10,-1,-1,0,0,0,0,0,0,47,0,0,0,1582,detection,
1582451,16,10,-1,-1,0,0,0,0,0,0,41,0,0,0,1582,detection,
1583922,5,11,512,512,0,0,0,0,0,0,47,0,0,0,1583,detection,
1584183,8,22,768,768,0,0,0,0,0,0,45,0,0,0,1584,detection,
1584199,4,22,768,768,0,0,0,0,0,0,47,0,0,0,1584,detection,
1584238,11,22,768,768,0,0,0,0,0,0,45,0,0,0,1584,detection,
1586596,6,28,-512,1024,-1536,0,100,100,0,0,48,0,60,40,1586,detection,
1586604,17,28,-512,1024,-1536,0,100,100,0,0,41,0,68,55,1586,detection,
1587860,11,15,768,768,0,0,0,0,0,0,57,0,0,0,1587,detection,
1588072,4,10,768,768,0,0,0,0,0,0,50,0,0,0,1588,detection,
1588077,16,10,768,768,0,0,0,0,0,0,45,0,0,0,1588,detection,
1588137,12,10,768,768,0,0,0,0,0,0,48,0,0,0,1588,detection,
1588150,22,10,768,768,0,0,0,0,0,0,50,0,0,0,1588,detection,
1588330,7,20,512,512,0,0,0,0,0,0,100,0,0,0,1588,detection,
1590691,10,23,-512,1280,-1792,0,100,100,100,8,50,0,58,40,1590,detection,
1591796,5,11,512,512,0,0,0,0,0,0,48,0,0,0,1591,detection,
1591850,17,28,-512,1024,-1536,0,100,100,0,0,37,0,69,55,1591,detection,
1593049,5,22,512,512,0,0,0,0,0,0,38,0,0,0,1593,detection,
1593058,8,22,512,512,0,0,0,0,0,0,42,0,0,0,1593,detection,
1593109,11,22,512,512,0,0,0,0,0,0,46,0,0,0,1593,detection,
1593142,12,22,512,512,0,0,0,0,0,0,58,0,0,0,1593,detection,
1594833,7,29,-512,539,-1051,0,100,100,2,0,29,0,74,55,1594,detection,
1597225,6,20,512,512,0,0,0,0,0,0,44,0,0,0,1597,detection,
1599420,5,22,512,512,0,0,0,0,0,0,39,0,0,0,1599,detection,
1599433,8,22,512,512,0,0,0,0,0,0,43,0,0,0,1599,detection,
1599514,12,22,512,512,0,0,0,0,0,0,59,0,0,0,1599,detection,
1600670,5,11,512,512,0,0,0,0,0,0,48,0,0,0,1600,detection,
1600845,6,28,-512,-1,-511,100,97,100,100,0,52,0,56,40,1600,detection,
1601073,4,10,512,512,0,0,0,0,0,0,51,0,0,0,1601,detection,
1602429,20,7,1024,1024,0,0,0,0,0,0,52,0,0,0,1602,detection,
1603081,16,22,512,512,0,0,0,0,0,0,46,0,0,0,1603,detection,
1604850,6,23,-512,768,-1280,0,100,100,76,10,37,0,69,55,1604,detection,
1604910,15,23,-512,768,-1280,0,100,100,38,10,37,0,69,55,1604,detection,
1605933,10,16,1024,1024,0,0,0,0,0,0,44,0,0,0,1605,detection,
1605984,21,16,1024,1024,0,0,0,0,0,0,50,0,0,0,1605,detection,
1606027,22,16,1024,1024,0,0,0,0,0,0,53,0,0,0,1606,detection,
1606795,5,22,512,512,0,0,0,0,0,0,40,0,0,0,1606,detection,
1611578,16,11,742,742,0,0,0,0,0,0,57,0,0,0,1611,detection,
1611641,12,16,1280,1280,0,0,0,0,0,0,44,0,0,0,1611,detection,
1611649,22,16,1280,1280,0,0,0,0,0,0,55,0,0,0,1611,detection,
1613719,6,23,-512,998,-1510,0,100,100,34,10,37,0,69,55,1613,detection,
1613745,2,23,-512,998,-1510,0,100,100,71,9,45,0,63,40,1613,detection,
1616420,5,22,512,512,0,0,0,0,0,0,37,0,0,0,1616,detection,
1617351,17,11,742,742,0,0,0,0,0,0,40,0,0,0,1617,detection,
1617489,14,16,1024,1024,0,0,0,0,0,0,45,0,0,0,1617,detection,
1617511,12,16,1024,1024,0,0,0,0,0,0,47,0,0,0,1617,detection,
1617523,22,16,1024,1024,0,0,0,0,0,0,58,0,0,0,1617,detection,
1617558,13,16,1024,1024,0,0,0,70,0,0,44,0,70,55,1617,detection,
1617600,17,16,1024,1024,0,0,0,0,0,0,56,0,0,0,1617,detection,
1617605,21,16,1024,1024,0,0,0,0,0,0,53,0,0,0,1617,detection,
1621234,11,13,1254,1254,0,0,0,0,0,0,53,0,0,0,1621,detection,
1621726,17,7,512,512,0,0,0,0,0,0,67,0,0,0,1621,detection,
1622046,5,22,512,512,0,0,0,0,0,0,37,0,0,0,1622,detection,
1623703,4,8,752,752,0,0,0,0,0,0,53,0,0,0,1623,detection,
1623704,16,11,742,742,0,0,0,0,0,0,57,0,0,0,1623,detection,
1623723,17,11,742,742,0,0,0,0,0,0,36,0,0,0,1623,detection,
1627609,14,13,998,998,0,0,0,0,0,0,54,0,0,0,1627,detection,
1627682,10,13,998,998,0,0,0,0,0,0,53,0,0,0,1627,detection,
1627702,4,13,998,998,0,0,0,0,0,0,51,0,0,0,1627,detection,
1627704,16,13,998,998,0,0,0,0,0,0,57,0,0,0,1627,detection,
1628999,9,16,1075,1075,0,0,0,0,0,0,44,0,0,0,1628,detection,
1630797,5,22,512,512,0,0,0,0,0,0,37,0,0,0,1630,detection,
1630805,13,22,512,512,0,0,0,0,0,0,50,0,0,0,1630,detection,
1630860,11,22,512,512,0,0,0,0,0,0,48,0,0,0,1630,detection,
1630997,2,28,-512,1510,-2022,0,100,100,58,0,58,0,58,40,1630,detection,
1631479,19,11,742,742,0,0,0,70,0,0,48,0,65,55,1631,detection,
1633057,13,9,1024,1024,0,0,0,0,0,0,47,0,0,0,1633,detection,
1633079,7,9,1024,1024,0,0,0,0,0,0,58,0,0,0,1633,detection,
1633099,17,9,1024,1024,0,0,0,0,0,0,55,0,0,0,1633,detection,
1634786,15,5,512,512,0,0,0,0,0,0,36,0,0,0,1634,detection,
1636225,19,11,949,949,0,0,0,70,0,0,49,0,63,40,1636,detection,
1636847,17,7,949,949,0,0,0,0,0,0,64,0,0,0,1636,detection,
1637796,5,13,1023,1023,0,0,0,0,0,0,53,0,0,0,1637,detection,
1637807,10,13,1023,1023,0,0,0,0,0,0,54,0,0,0,1637,detection,
1637824,4,13,1023,1023,0,0,0,0,0,0,52,0,0,0,1637,detection,
1637858,14,13,1023,1023,0,0,0,0,0,0,55,0,0,0,1637,detection,
1638046,5,13,1023,1023,0,0,0,0,0,0,54,0,0,0,1638,detection,
1638071,4,13,1023,1023,0,0,0,0,0,0,53,0,0,0,1638,detection,
1638084,7,13,1023,1023,0,0,0,0,0,0,56,0,0,0,1638,detection,
1638109,14,13,1023,1023,0,0,0,0,0,0,55,0,0,0,1638,detection,
1639825,4,14,-1,-256,255,0,51,78,34,0,46,0,69,55,1639,detection,
1639847,6,14,-1,-256,255,0,51,78,34,0,46,0,69,55,1639,detection,
1639927,5,14,-1,-256,255,0,58,90,39,0,35,0,75,55,1639,detection,
1640083,7,20,1536,1536,0,0,0,0,0,0,99,0,0,0,1640,detection,
1640903,15,5,-1,-1,0,0,0,0,0,0,39,0,0,0,1640,detection,
1641122,2,28,-512,3378,-3890,0,100,100,100,0,87,0,48,40,1641,detection,
1643392,12,10,1535,1535,0,0,0,0,0,0,52,0,0,0,1643,detection,
1643559,13,23,-512,1024,-1536,0,100,100,100,8,50,0,58,40,1643,detection,
1645546,5,13,1023,1023,0,0,0,0,0,0,54,0,0,0,1645,detection,
1645555,10,13,1023,1023,0,0,0,0,0,0,51,0,0,0,1645,detection,
1645571,4,13,1023,1023,0,0,0,0,0,0,54,0,0,0,1645,detection,
1645613,14,13,1023,1023,0,0,0,0,0,0,56,0,0,0,1645,detection,
1645622,2,13,1023,1023,0,0,0,0,0,0,57,0,0,0,1645,detection,
1646428,13,2,-1,-1,0,0,0,0,0,0,58,0,0,0,1646,detection,
1646433,8,2,-1,-1,0,0,0,0,0,0,52,0,0,0,1646,detection,
1647052,5,31,-512,1535,-2047,0,100,100,97,8,52,0,58,40,1647,detection,
1647359,21,16,1075,1075,0,0,0,0,0,0,53,0,0,0,1647,detection,
1647683,20,7,1303,1303,0,0,0,0,0,0,64,0,0,0,1647,detection,
1647906,15,5,-1,-1,0,0,0,0,0,0,39,0,0,0,1647,detection,
1647984,19,11,1135,1135,0,0,0,70,0,0,52,0,61,40,1647,detection,
1649175,13,10,-1,-1,0,0,0,0,0,0,53,0,0,0,1649,detection,
1649199,4,10,-1,-1,0,0,0,0,0,0,54,0,0,0,1649,detection,
1649234,21,10,-1,-1,0,0,0,0,0,0,44,0,0,0,1649,detection,
1649234,14,10,-1,-1,0,0,0,0,0,0,38,0,0,0,1649,detection,
1649260,12,10,-1,-1,0,0,0,0,0,0,55,0,0,0,1649,detection,
1649363,21,17,768,768,0,0,0,70,0,0,49,0,63,40,1649,detection,
1650328,7,20,1883,1883,0,0,0,0,0,0,92,0,0,0,1650,detection,
1651236,11,19,-1,-1,0,0,0,0,0,0,46,0,0,0,1651,detection,
1651803,20,7,1280,1280,0,0,0,0,0,0,66,0,0,0,1651,detection,
1655704,7,9,768,768,0,0,0,0,0,0,59,0,0,0,1655,detection,
1660950,7,9,768,768,0,0,0,0,0,0,59,0,0,0,1660,detection,
1662705,7,20,1790,1790,0,0,0,0,0,0,81,0,0,0,1662,detection,
1662910,22,16,998,998,0,0,0,0,0,0,59,0,0,0,1662,detection,
1672433,10,9,793,793,0,0,0,0,0,0,46,0,0,0,1672,detection,
1675105,21,10,1305,1305,0,0,0,0,0,0,47,0,0,0,1675,detection,
1678239,14,8,-1,-1,0,0,0,0,0,0,48,0,0,0,1678,detection,
1678611,11,19,1280,1280,0,0,0,0,0,0,49,0,0,0,1678,detection,
1681023,22,16,1280,1280,0,0,0,0,0,0,55,0,0,0,1681,detection,
1682679,20,7,1834,1834,0,0,0,0,0,0,68,0,0,0,1682,detection,
1683605,21,10,1561,1561,0,0,0,0,0,0,49,0,0,0,1683,detection,
1687227,17,8,768,768,0,0,0,0,0,0,57,0,0,0,1687,detection,
1687525,22,16,1280,1280,0,0,0,0,0,0,54,0,0,0,1687,detection,
1688230,21,10,768,768,0,0,0,0,0,0,52,0,0,0,1688,detection,
1689676,1,6,768,768,0,0,0,0,0,0,29,0,0,0,1689,detection,
1689933,10,21,768,768,0,0,0,0,0,0,32,0,0,0,1689,detection,
1696553,13,9,768,768,0,0,0,0,0,0,50,0,0,0,1696,detection,
1696579,7,9,768,768,0,0,0,0,0,0,59,0,0,0,1696,detection,
1698201,4,8,512,512,0,0,0,0,0,0,54,0,0,0,1698,detection,
1699711,16,31,-512,1024,-1536,0,100,100,27,0,46,0,63,40,1699,detection,
1700230,21,10,512,512,0,0,0,0,0,0,52,0,0,0,1700,detection,
1704184,10,21,768,768,0,0,0,0,0,0,32,0,0,0,1704,detection,
1704574,4,8,512,512,0,0,0,0,0,0,55,0,0,0,1704,detection,
1707606,21,4,768,768,0,0,0,0,0,0,38,0,0,0,1707,detection,
1707683,10,4,768,768,0,0,0,0,0,0,38,0,0,0,1707,detection,
1707683,8,4,768,768,0,0,0,0,0,0,57,0,0,0,1707,detection,
1707787,18,22,-1,-1,0,0,0,0,0,0,86,0,0,0,1707,detection,
1708161,15,19,1024,1024,0,0,0,0,0,0,46,0,0,0,1708,detection,
1708238,11,19,1024,1024,0,0,0,0,0,0,49,0,0,0,1708,detection,
1708453,16,31,-512,1024,-1536,0,100,100,0,0,46,0,63,40,1708,detection,
1708980,21,10,742,742,0,0,0,0,0,0,52,0,0,0,1708,detection,
1709985,11,15,512,512,0,100,0,0,0,0,68,0,49,40,1709,detection,
1711571,4,8,512,512,0,0,0,0,0,0,55,0,0,0,1711,detection,
1714411,18,22,-1,-1,0,0,0,0,0,0,82,0,0,0,1714,detection,
1715029,15,19,1024,1024,0,0,0,0,0,0,51,0,0,0,1715,detection,
1715731,21,4,512,512,0,0,0,0,0,0,36,0,0,0,1715,detection,
1715805,10,4,512,512,0,0,0,0,0,0,40,0,0,0,1715,detection,
1715808,8,4,512,512,0,0,0,0,0,0,59,0,0,0,1715,detection,
1715830,7,4,512,512,0,0,0,0,0,0,59,0,0,0,1715,detection,
1716832,1,23,-512,512,-1024,0,100,100,71,0,44,0,64,40,1716,detection,
1717431,10,9,512,512,0,0,0,0,0,0,47,0,0,0,1717,detection,
1719477,19,11,534,534,0,0,0,70,0,0,52,0,61,40,1719,detection,
1719638,12,30,-512,1024,-1536,0,100,100,66,0,50,0,58,40,1719,detection,
1720780,15,19,768,768,0,0,0,0,0,0,54,0,0,0,1720,detection,
1721181,20,6,742,742,0,0,0,0,0,0,40,0,0,0,1721,detection,
1722680,13,9,512,512,0,0,0,0,0,0,51,0,0,0,1722,detection,
1723229,19,15,512,512,0,0,0,0,0,0,47,0,0,0,1723,detection,
1723806,13,10,742,742,0,0,0,0,0,0,57,0,0,0,1723,detection,
1723857,21,10,742,742,0,0,0,0,0,0,47,0,0,0,1723,detection,
1723875,9,10,742,742,0,0,0,0,0,0,40,0,0,0,1723,detection,
1723900,22,18,-1,-1,0,0,0,0,0,0,55,0,0,0,1723,detection,
1724264,12,30,-512,1024,-1536,0,100,100,0,0,45,0,63,40,1724,detection,
1726580,7,13,512,512,0,0,0,0,0,0,62,0,0,0,1726,detection,
1726620,1,13,512,512,0,0,0,0,0,0,35,0,0,0,1726,detection,
1726935,1,23,-512,512,-1024,0,100,100,0,0,41,0,68,55,1726,detection,
1726982,19,23,-512,512,-1024,0,100,100,34,9,48,0,60,40,1726,detection,
1726986,14,23,-512,512,-1024,0,100,100,100,0,41,0,68,55,1726,detection,
1727047,15,23,-512,512,-1024,0,100,100,36,10,41,0,68,55,1727,detection,
1728176,20,6,742,742,0,0,0,0,0,0,39,0,0,0,1728,detection,
1728528,15,19,972,972,0,0,0,0,0,0,55,0,0,0,1728,detection,
1729095,17,8,512,512,0,0,0,0,0,0,58,0,0,0,1729,detection,
1730981,21,4,512,512,0,0,0,0,0,0,37,0,0,0,1730,detection,
1731029,22,4,512,512,0,0,0,0,0,0,51,0,0,0,1731,detection,
1731514,12,30,-512,998,-1510,0,100,100,3,0,51,0,58,40,1731,detection,
1731535,15,30,-512,998,-1510,0,100,100,96,6,85,0,48,40,1731,detection,
1731909,18,22,1024,1024,0,0,0,0,0,0,87,0,0,0,1731,detection,
1731951,4,22,1024,1024,0,0,0,0,0,0,51,0,0,0,1731,detection,
1732363,21,31,-512,3072,-3584,0,100,100,100,0,85,0,48,40,1732,detection,
1734487,1,13,512,512,0,0,0,0,0,0,36,0,0,0,1734,detection,
1734682,13,23,-512,512,-1024,0,100,100,64,8,54,0,58,40,1734,detection,
1734736,14,23,-512,512,-1024,0,100,100,0,0,41,0,68,55,1734,detection,
1735234,21,4,512,512,0,0,0,0,0,0,37,0,0,0,1735,detection,
1735275,22,4,512,512,0,0,0,0,0,0,48,0,0,0,1735,detection,
1735286,18,4,512,512,0,0,0,0,0,0,59,0,0,0,1735,detection,
1735309,10,4,512,512,0,0,0,0,0,0,41,0,0,0,1735,detection,
1735908,15,30,-512,998,-1510,0,100,100,0,6,85,0,48,40,1735,detection,
1735933,13,30,-512,998,-1510,0,100,100,100,0,57,0,58,40,1735,detection,
1735959,7,30,-512,998,-1510,0,100,100,46,6,85,0,48,40,1735,detection,
1736014,12,30,-512,998,-1510,0,100,100,0,0,52,0,58,40,1736,detection,
1737036,18,22,1024,1024,0,0,0,0,0,0,88,0,0,0,1737,detection,
1738610,14,23,-512,512,-1024,0,100,100,0,0,40,0,69,55,1738,detection,
1738658,15,23,-512,512,-1024,0,100,100,0,10,41,0,68,55,1738,detection,
1739528,15,19,926,926,0,0,0,0,0,0,55,0,0,0,1739,detection,
1739611,1,13,-1,-1,0,0,0,0,0,0,38,0,0,0,1739,detection,
1739692,10,13,-1,-1,0,0,0,0,0,0,54,0,0,0,1739,detection,
1739700,4,13,-1,-1,0,0,0,0,0,0,57,0,0,0,1739,detection,
1739725,19,13,-1,-1,0,0,0,0,0,0,48,0,0,0,1739,detection,
1740680,10,4,742,742,0,0,0,0,0,0,40,0,0,0,1740,detection,
1740775,22,4,742,742,0,0,0,0,0,0,47,0,0,0,1740,detection,
1740783,18,4,742,742,0,0,0,0,0,0,59,0,0,0,1740,detection,
1741232,21,31,-512,1536,-2048,0,100,100,100,0,88,0,48,40,1741,detection,
1741349,17,9,512,512,0,0,0,0,0,0,59,0,0,0,1741,detection,
1743745,9,10,679,679,0,0,0,0,0,0,36,0,0,0,1743,detection,
1743778,22,10,679,679,0,0,0,0,0,0,50,0,0,0,1743,detection,
1743803,13,10,679,679,0,0,0,0,0,0,56,0,0,0,1743,detection,
1744852,17,11,598,598,0,0,0,0,0,0,36,0,0,0,1744,detection,
1746583,7,13,512,512,0,0,0,0,0,0,63,0,0,0,1746,detection,
1746644,1,13,512,512,0,0,0,0,0,0,42,0,0,0,1746,detection,
1746682,10,13,512,512,0,0,0,0,0,0,59,0,0,0,1746,detection,
1746695,4,13,512,512,0,0,0,0,0,0,62,0,0,0,1746,detection,
1747434,20,23,-512,512,-1024,0,100,100,60,7,61,0,56,40,1747,detection,
1747473,6,23,-512,512,-1024,0,100,100,69,10,41,0,68,55,1747,detection,
1747478,19,23,-512,512,-1024,0,100,100,0,9,49,0,59,40,1747,detection,
1747486,14,23,-512,512,-1024,0,100,100,0,0,40,0,69,55,1747,detection,
1749653,22,4,949,949,0,0,0,0,0,0,49,0,0,0,1749,detection,
1749658,18,4,949,949,0,0,0,0,0,0,60,0,0,0,1749,detection,
1749739,14,4,949,949,0,0,0,0,0,0,49,0,0,0,1749,detection,
1750137,12,30,-512,1024,-1536,0,100,100,3,0,55,0,58,40,1750,detection,
1750181,13,30,-512,1024,-1536,0,100,100,3,0,59,0,58,40,1750,detection,
1750732,21,31,-512,3328,-3840,0,100,100,100,0,89,0,48,40,1750,detection,
1751372,9,10,679,679,0,0,0,0,0,0,36,0,0,0,1751,detection,
1751398,22,10,679,679,0,0,0,0,0,0,50,0,0,0,1751,detection,
1751424,13,10,679,679,0,0,0,0,0,0,56,0,0,0,1751,detection,
1751453,4,10,679,679,0,0,0,0,0,0,58,0,0,0,1751,detection,
1751681,20,19,884,884,0,0,0,0,0,0,44,0,0,0,1751,detection,
1751822,4,22,-1,-1,0,0,0,0,0,0,54,0,0,0,1751,detection,
1751849,19,22,-1,-1,0,0,0,0,0,0,49,0,0,0,1751,detection,
1751857,11,22,-1,-1,0,0,0,0,0,0,50,0,0,0,1751,detection,
1752347,17,11,598,598,0,0,0,0,0,0,35,0,0,0,1752,detection,
1753139,12,16,-1,-1,0,0,0,0,0,0,50,0,0,0,1753,detection,
1753207,16,30,-512,1024,-1536,0,100,100,49,0,86,0,48,40,1753,detection,
1753207,7,30,-512,1024,-1536,0,100,100,2,6,88,0,48,40,1753,detection,
1753263,12,30,-512,1024,-1536,0,100,100,0,0,54,0,58,40,1753,detection,
1753281,15,30,-512,1024,-1536,0,100,100,2,0,88,0,48,40,1753,detection,
1753680,20,13,512,512,0,0,0,0,0,0,37,0,0,0,1753,detection,
1753705,16,13,512,512,0,0,0,0,0,0,62,0,0,0,1753,detection,
1753739,14,13,512,512,0,0,0,0,0,0,60,0,0,0,1753,detection,
1754045,5,14,-1,-1,0,0,0,77,37,0,38,0,73,55,1754,detection,
1754100,6,14,-1,-1,0,0,0,70,34,0,46,0,64,40,1754,detection,
1754149,22,4,905,905,0,0,0,0,0,0,48,0,0,0,1754,detection,
1754183,10,4,905,905,0,0,0,0,0,0,37,0,0,0,1754,detection,
1755722,17,11,604,604,0,0,0,0,0,0,35,0,0,0,1755,detection,
1755784,15,19,-1,-1,0,0,0,0,0,0,59,0,0,0,1755,detection,
1756118,9,10,679,679,0,0,0,0,0,0,35,0,0,0,1756,detection,
1756148,22,10,679,679,0,0,0,0,0,0,49,0,0,0,1756,detection,
1756174,13,10,679,679,0,0,0,0,0,0,52,0,0,0,1756,detection,
1756195,4,10,679,679,0,0,0,0,0,0,53,0,0,0,1756,detection,
1756207,16,10,679,679,0,0,0,0,0,0,44,0,0,0,1756,detection,
1756606,21,31,-512,3328,-3840,0,100,100,0,0,84,0,48,40,1756,detection,
1757598,6,23,-512,-1,-511,100,100,100,70,9,45,0,62,40,1757,detection,
1757614,14,23,-512,-1,-511,100,100,100,73,0,41,0,69,55,1757,detection,
1757687,8,22,768,768,0,0,0,0,0,0,43,0,0,0,1757,detection,
1757734,11,22,768,768,0,0,0,0,0,0,53,0,0,0,1757,detection,
1758328,16,30,-512,1024,-1536,0,100,100,0,0,83,0,48,40,1758,detection,
1758329,7,30,-512,1024,-1536,0,100,100,0,6,88,0,48,40,1758,detection,
1758388,12,30,-512,1024,-1536,0,100,100,0,0,54,0,58,40,1758,detection,
1758406,15,30,-512,1024,-1536,0,100,100,0,0,88,0,48,40,1758,detection,
1760052,20,13,512,512,0,0,0,0,0,0,37,0,0,0,1760,detection,
1760057,10,13,512,512,0,0,0,0,0,0,59,0,0,0,1760,detection,
1760109,14,13,512,512,0,0,0,0,0,0,56,0,0,0,1760,detection,
1760170,5,13,512,512,0,0,0,0,0,0,55,0,0,0,1760,detection,
1762234,21,31,-512,3328,-3840,0,100,100,0,0,79,0,48,40,1762,detection,
1762265,12,10,679,679,0,0,0,0,0,0,55,0,0,0,1762,detection,
1764143,12,19,1024,1024,0,0,0,0,0,0,41,0,0,0,1764,detection,
1764173,5,19,1024,1024,0,0,0,0,0,0,52,0,0,0,1764,detection,
1764178,20,19,1024,1024,0,0,0,0,0,0,47,0,0,0,1764,detection,
1764956,7,4,905,905,0,0,0,0,0,0,60,0,0,0,1764,detection,
1765037,18,4,905,905,0,0,0,0,0,0,60,0,0,0,1765,detection,
1766321,8,22,512,512,0,0,0,0,0,0,44,0,0,0,1766,detection,
1769034,18,13,742,742,0,0,0,0,0,0,45,0,0,0,1769,detection,
1769078,7,4,905,905,0,0,0,0,0,0,60,0,0,0,1769,detection,
1769096,6,23,-512,742,-1254,0,100,100,100,9,44,0,64,40,1769,detection,
1769113,14,23,-512,742,-1254,0,100,100,100,0,45,0,63,40,1769,detection,
1769125,2,23,-512,742,-1254,0,100,100,35,9,45,0,63,40,1769,detection,
1769151,22,4,905,905,0,0,0,0,0,0,48,0,0,0,1769,detection,
1769177,5,23,-512,742,-1254,0,100,100,44,10,39,0,69,55,1769,detection,
1770451,4,7,1191,1191,0,0,0,0,0,0,37,0,0,0,1770,detection,
1770477,17,7,1191,1191,0,0,0,0,0,0,63,0,0,0,1770,detection,
1771236,11,19,1024,1024,0,0,0,0,0,0,52,0,0,0,1771,detection,
1771263,12,19,1024,1024,0,0,0,0,0,0,41,0,0,0,1771,detection,
1772176,20,13,742,742,0,0,0,0,0,0,37,0,0,0,1772,detection,
1772284,18,13,742,742,0,0,0,0,0,0,45,0,0,0,1772,detection,
1772847,17,9,598,623,-25,100,4,35,2,7,65,0,49,40,1772,detection,
1775898,22,4,865,865,0,0,0,0,0,0,47,0,0,0,1775,detection,
1775983,14,13,742,742,0,0,0,0,0,0,55,0,0,0,1775,detection,
1775996,2,13,742,742,0,0,0,0,0,0,60,0,0,0,1775,detection,
1776047,5,13,742,742,0,0,0,0,0,0,54,0,0,0,1776,detection,
1776055,10,13,742,742,0,0,0,0,0,0,59,0,0,0,1776,detection,
1776055,20,13,742,742,0,0,0,0,0,0,37,0,0,0,1776,detection,
1776372,2,23,-512,949,-1461,0,100,100,27,9,47,0,62,40,1776,detection,
1776389,12,30,-512,935,-1447,0,100,100,10,0,59,0,58,40,1776,detection,
1776455,7,9,646,646,0,81,0,0,0,0,64,0,49,40,1776,detection,
1776472,17,9,646,646,0,81,0,25,2,14,71,0,49,40,1776,detection,
1776473,6,23,-512,949,-1461,0,100,100,28,0,46,0,63,40,1776,detection,
1777306,13,10,1110,1110,0,0,0,0,0,0,56,0,0,0,1777,detection,
1777323,8,22,512,512,0,0,0,0,0,0,44,0,0,0,1777,detection,
1777384,11,22,512,512,0,0,0,0,0,0,55,0,0,0,1777,detection,
1777721,17,11,577,577,0,0,0,0,0,0,35,0,0,0,1777,detection,
1777729,19,11,577,577,0,0,0,70,0,0,52,0,61,40,1777,detection,
1778447,4,7,1417,1417,0,0,0,0,0,0,40,0,0,0,1778,detection,
1781930,20,13,-1,-1,0,0,0,0,0,0,40,0,0,0,1781,detection,
1781985,14,13,-1,-1,0,0,0,0,0,0,57,0,0,0,1781,detection,
1781990,2,13,-1,-1,0,0,0,0,0,0,56,0,0,0,1781,detection,
1782474,17,11,577,577,0,0,0,0,0,0,34,0,0,0,1782,detection,
1782475,19,11,577,577,0,0,0,70,0,0,52,0,61,40,1782,detection,
1782805,13,20,1191,1191,0,0,0,0,0,0,37,0,0,0,1782,detection,
1782845,6,20,1191,1191,0,0,0,0,0,0,44,0,0,0,1782,detection,
1783059,8,22,512,512,0,0,0,0,0,0,45,0,0,0,1783,detection,
1783253,9,30,-512,935,-1447,0,100,100,100,10,37,0,69,55,1783,detection,
1783264,12,30,-512,935,-1447,0,100,100,0,0,59,0,58,40,1783,detection,
1783688,8,4,797,797,0,0,0,0,0,0,54,0,0,0,1783,detection,
1783775,22,4,797,797,0,0,0,0,0,0,47,0,0,0,1783,detection,
1783953,16,10,1110,1110,0,0,0,0,0,0,48,0,0,0,1783,detection,
1785530,15,30,-512,935,-1447,0,100,100,8,0,92,0,48,40,1785,detection,
1787735,21,31,-512,3328,-3840,0,100,100,0,0,71,0,48,40,1787,detection,
1788178,13,20,1191,1191,0,0,0,0,0,0,37,0,0,0,1788,detection,
1788183,8,22,512,512,0,0,0,0,0,0,45,0,0,0,1788,detection,
1788221,6,20,1191,1191,0,0,0,0,0,0,44,0,0,0,1788,detection,
1788229,19,22,512,512,0,0,0,0,0,0,54,0,0,0,1788,detection,
1790486,11,19,512,512,0,0,0,0,0,0,56,0,0,0,1790,detection,
1790511,12,19,512,512,0,0,0,0,0,0,45,0,0,0,1790,detection,
1792037,18,29,-512,1703,-2215,0,100,100,100,9,44,0,64,40,1792,detection,
1792653,22,4,797,797,0,0,0,0,0,0,46,0,0,0,1792,detection,
1792684,8,4,797,797,0,0,0,0,0,0,54,0,0,0,1792,detection,
1792705,7,4,797,797,0,0,0,0,0,0,59,0,0,0,1792,detection,
1794607,21,31,-512,3328,-3840,0,100,100,0,0,68,0,48,40,1794,detection,
1794615,14,31,-512,3328,-3840,0,100,100,100,6,77,0,48,40,1794,detection,
1795625,9,10,1254,1254,0,0,0,0,0,0,39,0,0,0,1795,detection,
1795639,12,10,1254,1254,0,0,0,0,0,0,52,0,0,0,1795,detection,
1795663,18,10,1254,1254,0,0,0,0,0,0,49,0,0,0,1795,detection,
1795680,13,10,1254,1254,0,0,0,0,0,0,56,0,0,0,1795,detection,
1795809,8,22,512,512,0,0,0,0,0,0,45,0,0,0,1795,detection,
1796095,6,20,1536,1536,0,0,0,0,0,0,47,0,0,0,1796,detection,
1797427,20,13,-1,-1,0,0,0,0,0,0,41,0,0,0,1797,detection,
1797544,5,13,-1,-1,0,0,0,0,0,0,59,0,0,0,1797,detection,
1797724,19,11,553,553,0,0,0,0,0,0,52,0,0,0,1797,detection,
1797863,11,19,512,512,0,0,0,0,0,0,58,0,0,0,1797,detection,
1800675,13,10,1766,1766,0,0,0,0,0,0,61,0,0,0,1800,detection,
1800700,16,10,1766,1766,0,0,0,0,0,0,57,0,0,0,1800,detection,
1800744,9,10,1766,1766,0,0,0,0,0,0,47,0,0,0,1800,detection,
1800761,12,10,1766,1766,0,0,0,0,0,0,56,0,0,0,1800,detection,
1803732,21,31,-512,3328,-3840,0,100,100,0,0,65,0,48,40,1803,detection,
1803736,14,31,-512,3328,-3840,0,100,100,0,0,77,0,48,40,1803,detection,
1804411,18,13,1447,1447,0,0,0,0,0,0,50,0,0,0,1804,detection,
1804420,5,13,1447,1447,0,0,0,0,0,0,60,0,0,0,1804,detection,
1804427,20,13,1447,1447,0,0,0,0,0,0,46,0,0,0,1804,detection,
1804432,8,4,768,768,0,0,0,0,0,0,53,0,0,0,1804,detection,
1804517,12,4,768,768,0,0,0,0,0,0,40,0,0,0,1804,detection,
1804522,22,4,768,768,0,0,0,0,0,0,42,0,0,0,1804,detection,
1804535,18,4,768,768,0,0,0,0,0,0,55,0,0,0,1804,detection,
1805558,8,22,512,512,0,0,0,0,0,0,41,0,0,0,1805,detection,
1806388,12,10,1766,1766,0,0,0,0,0,0,57,0,0,0,1806,detection,
1806404,22,10,1766,1766,0,0,0,0,0,0,59,0,0,0,1806,detection,
1806481,1,28,-512,1024,-1536,0,100,100,87,0,21,0,80,75,1806,detection,
1808239,11,18,1024,1024,0,0,0,0,0,0,37,0,0,0,1808,detection,
1808365,2,16,-1,-1,0,0,0,0,0,0,46,0,0,0,1808,detection,
1808379,9,16,-1,-1,0,0,0,0,0,0,47,0,0,0,1808,detection,
1808386,12,16,-1,-1,0,0,0,0,0,0,50,0,0,0,1808,detection,
1808475,17,16,-1,-1,0,0,0,0,0,0,59,0,0,0,1808,detection,
1808493,9,2,-1,-1,0,0,0,0,0,0,55,0,0,0,1808,detection,
1808535,18,2,-1,-1,0,0,0,0,0,0,41,0,0,0,1808,detection,
1808556,10,2,-1,-1,0,0,0,0,0,0,53,0,0,0,1808,detection,
1808578,16,2,-1,-1,0,0,0,0,0,0,59,0,0,0,1808,detection,
1809100,19,11,553,553,0,0,0,0,0,0,52,0,0,0,1809,detection,
1809100,17,11,553,553,0,0,0,0,0,0,34,0,0,0,1809,detection,
1809557,8,4,-1,-1,0,0,0,0,0,0,57,0,0,0,1809,detection,
1809733,21,31,-512,3328,-3840,0,100,100,0,0,63,0,48,40,1809,detection,
1809737,14,31,-512,3328,-3840,0,100,100,0,0,73,0,48,40,1809,detection,
1810598,19,11,553,553,0,0,0,0,0,0,48,0,0,0,1810,detection,
1812308,13,9,1024,1024,0,0,0,0,0,0,54,0,0,0,1812,detection,
1812350,17,9,1024,1024,0,0,0,17,0,14,68,0,0,0,1812,detection,
1813234,1,28,-512,1024,-1536,0,100,100,0,0,20,0,82,75,1813,detection,
1813247,2,28,-512,1024,-1536,0,100,100,100,0,91,0,48,40,1813,detection,
1814247,9,10,1714,1714,0,0,0,0,0,0,48,0,0,0,1814,detection,
1814264,12,10,1714,1714,0,0,0,0,0,0,57,0,0,0,1814,detection,
1814277,22,10,1714,1714,0,0,0,0,0,0,60,0,0,0,1814,detection,
1814286,18,10,1714,1714,0,0,0,0,0,0,52,0,0,0,1814,detection,
1814303,13,10,1714,1714,0,0,0,0,0,0,62,0,0,0,1814,detection,
1814327,16,10,1714,1714,0,0,0,0,0,0,58,0,0,0,1814,detection,
1815860,11,13,1536,1536,0,0,0,0,0,0,56,0,0,0,1815,detection,
1815871,2,13,1536,1536,0,0,0,0,0,0,59,0,0,0,1815,detection,
1815910,18,13,1536,1536,0,0,0,0,0,0,53,0,0,0,1815,detection,
1815927,10,13,1536,1536,0,0,0,0,0,0,58,0,0,0,1815,detection,
1817002,1,28,-512,1959,-2471,0,100,100,100,0,25,0,77,75,1817,detection,
1820952,16,10,2436,2436,0,0,0,0,0,0,54,0,0,0,1820,detection,
1821114,11,19,537,537,0,0,0,0,0,0,58,0,0,0,1821,detection,
1821135,12,19,537,537,0,0,0,0,0,0,45,0,0,0,1821,detection,
1821173,5,19,537,537,0,0,0,0,0,0,57,0,0,0,1821,detection,
1821238,11,18,1024,1024,0,0,0,0,0,0,37,0,0,0,1821,detection,
1822696,4,8,651,651,0,0,0,0,0,0,55,0,0,0,1822,detection,
1823621,1,28,-512,1024,-1536,0,100,100,100,0,29,0,74,75,1823,detection,
1827419,5,19,537,537,0,0,0,0,0,0,58,0,0,0,1827,detection,
1827516,12,19,537,537,0,0,0,0,0,0,41,0,0,0,1827,detection,
1829262,1,28,-512,768,-1280,0,100,100,40,0,33,0,71,75,1829,detection,
1832407,18,13,-1,-1,0,0,0,0,0,0,99,0,0,0,1832,detection,
1832846,17,11,553,553,0,0,0,0,0,0,34,0,0,0,1832,detection,
1835854,19,5,512,512,0,0,0,0,0,0,77,0,0,0,1835,detection,
1836238,14,8,651,651,0,0,0,0,0,0,51,0,0,0,1836,detection,
1836754,1,28,-512,768,-1280,0,100,100,0,0,32,0,71,75,1836,detection,
1837138,12,19,575,575,0,0,0,0,0,0,40,0,0,0,1837,detection,
1842903,1,28,-512,512,-1024,0,100,100,42,0,29,0,74,75,1842,detection,
1845024,22,2,-1,-1,0,0,0,0,0,0,60,0,0,0,1845,detection,
1845057,10,2,-1,-1,0,0,0,0,0,0,57,0,0,0,1845,detection,
1845062,8,2,-1,-1,0,0,0,0,0,0,55,0,0,0,1845,detection,
1845075,16,2,-1,-1,0,0,0,0,0,0,58,0,0,0,1845,detection,
1845112,14,2,-1,-1,0,0,0,0,0,0,56,0,0,0,1845,detection,
1846516,12,10,-1,-1,0,0,0,0,0,0,61,0,0,0,1846,detection,
1848323,4,8,637,637,0,0,0,0,0,0,54,0,0,0,1848,detection,
1850022,1,28,-512,512,-1024,0,100,100,0,0,29,0,74,75,1850,detection,
1853032,15,5,512,512,0,0,0,0,0,0,44,0,0,0,1853,detection,
1854345,6,23,-512,1024,-1536,0,100,100,9,0,49,0,59,40,1854,detection,
1855794,1,28,-512,537,-1049,0,100,100,4,0,29,0,74,75,1855,detection,
1855910,18,13,1321,1321,0,0,0,0,0,0,96,0,0,0,1855,detection,
1858553,13,30,-512,-1,-511,100,89,100,100,0,62,0,53,40,1858,detection,
1858612,21,30,-512,-1,-511,100,100,100,100,10,35,0,77,55,1858,detection,
1859405,15,5,512,512,0,0,0,0,0,0,45,0,0,0,1859,detection,
1862285,18,13,1807,1807,0,0,0,0,0,0,86,0,0,0,1862,detection,
1863305,13,30,-512,-1,-511,100,89,100,0,0,61,0,54,40,1863,detection,
1865186,8,25,-512,1536,-2048,0,100,100,0,0,57,0,58,40,1865,detection,
1867224,1,28,-512,552,-1064,0,100,100,2,0,29,0,74,75,1867,detection,
1867360,21,17,1246,1246,0,0,0,70,0,0,53,0,61,40,1867,detection,
1871233,11,15,1228,1228,0,0,0,0,0,0,67,0,0,0,1871,detection,
1872032,18,13,1832,1832,0,0,0,0,0,0,81,0,0,0,1872,detection,
1872194,1,28,-512,548,-1060,0,100,100,0,0,29,0,74,75,1872,detection,
1872809,13,23,-512,1291,-1803,0,100,100,93,8,58,0,58,40,1872,detection,
1873324,4,8,793,793,0,0,0,0,0,0,54,0,0,0,1873,detection,
1873457,16,31,-512,1740,-2252,0,100,100,93,0,50,0,58,40,1873,detection,
1873483,21,31,-512,1740,-2252,0,100,100,100,0,71,0,48,40,1873,detection,
1875734,11,15,1182,1182,0,0,0,0,0,0,65,0,0,0,1875,detection,
1876790,18,30,-512,1706,-2218,0,100,100,100,0,51,0,58,40,1876,detection,
1876859,21,30,-512,1706,-2218,0,100,100,100,9,42,0,66,55,1876,detection,
1876889,12,30,-512,1706,-2218,0,100,100,92,0,59,0,58,40,1876,detection,
1877242,11,31,-512,1740,-2252,0,100,100,91,8,52,0,58,40,1877,detection,
1878444,1,28,-512,548,-1060,0,100,100,0,0,29,0,74,75,1878,detection,
1879075,4,8,793,793,0,0,0,0,0,0,55,0,0,0,1879,detection,
1879113,14,8,793,793,0,0,0,0,0,0,55,0,0,0,1879,detection,
1879830,16,11,1280,1280,0,0,0,0,0,0,57,0,0,0,1879,detection,
1882556,20,29,-512,1305,-1817,0,100,100,99,0,52,0,58,40,1882,detection,
1885077,1,28,-512,558,-1070,0,100,100,1,0,28,0,75,75,1885,detection,
1885103,17,28,-512,558,-1070,0,100,100,66,0,41,0,68,55,1885,detection,
1887736,14,4,1279,1279,0,0,0,0,0,0,48,0,0,0,1887,detection,
1888078,16,11,1280,1280,0,0,0,0,0,0,52,0,0,0,1888,detection,
1890350,17,28,-512,558,-1070,0,100,100,0,0,42,0,66,55,1890,detection,
1893734,21,30,-512,1706,-2218,0,100,100,0,9,42,0,66,55,1893,detection,
1893764,12,30,-512,1706,-2218,0,100,100,0,0,59,0,58,40,1893,detection,
1893832,16,30,-512,1706,-2218,0,100,100,70,0,76,0,48,40,1893,detection,
1894454,16,31,-512,1740,-2252,0,100,100,0,0,50,0,58,40,1894,detection,
1894484,21,31,-512,1740,-2252,0,100,100,0,0,74,0,48,40,1894,detection,
1894934,8,4,1279,1279,0,0,0,0,0,0,57,0,0,0,1894,detection,
1894954,16,4,1279,1279,0,0,0,0,0,0,44,0,0,0,1894,detection,
1894959,7,4,1279,1279,0,0,0,0,0,0,55,0,0,0,1894,detection,
1895017,12,10,2828,2828,0,0,0,0,0,0,75,0,0,0,1895,detection,
1895038,18,10,2828,2828,0,0,0,0,0,0,82,0,0,0,1895,detection,
1898472,17,7,768,768,0,0,0,0,0,0,65,0,0,0,1898,detection,
1898575,1,28,-512,558,-1070,0,100,100,0,0,28,0,75,75,1898,detection,
1898575,4,7,768,768,0,0,0,0,0,0,43,0,0,0,1898,detection,
1901258,1,2,768,768,0,0,0,0,0,0,44,0,0,0,1901,detection,
1901305,10,2,768,768,0,0,0,0,0,0,57,0,0,0,1901,detection,
1903077,1,28,-512,558,-1070,0,100,100,0,0,23,0,79,75,1903,detection,
1905989,11,31,-512,1024,-1536,0,100,100,87,8,57,0,58,40,1905,detection,
1907329,16,30,-512,1280,-1792,0,100,100,43,0,78,0,48,40,1907,detection,
1907406,22,30,-512,1280,-1792,0,100,100,0,9,47,0,62,40,1907,detection,
1907573,4,7,768,768,0,0,0,0,0,0,43,0,0,0,1907,detection,
1907852,17,11,1280,1280,0,0,0,0,0,0,35,0,0,0,1907,detection,
1908188,1,13,1792,1792,0,0,0,0,0,0,44,0,0,0,1908,detection,
1910535,18,10,768,768,0,0,0,0,0,0,84,0,0,0,1910,detection,
1910961,7,29,-512,1280,-1792,0,100,100,100,0,33,0,71,55,1910,detection,
1911221,6,23,-512,1280,-1792,0,100,100,32,0,52,0,58,40,1911,detection,
1911290,1,23,-512,1280,-1792,0,100,100,100,0,44,0,64,40,1911,detection,
1911896,1,2,537,537,0,0,0,0,0,0,41,0,0,0,1911,detection,
1913905,22,4,-1,-1,0,0,0,0,0,0,45,0,0,0,1913,detection,
1913952,16,4,-1,-1,0,0,0,0,0,0,47,0,0,0,1913,detection,
1913952,7,4,-1,-1,0,0,0,0,0,0,58,0,0,0,1913,detection,
1915242,14,31,-512,1024,-1536,0,100,100,100,0,83,0,48,40,1915,detection,
1915322,4,7,768,768,0,0,0,0,0,0,38,0,0,0,1915,detection,
1915351,17,7,768,768,0,0,0,0,0,0,64,0,0,0,1915,detection,
1915684,20,19,544,544,0,0,0,0,0,0,52,0,0,0,1915,detection,
1916345,1,2,560,560,0,0,0,0,0,0,40,0,0,0,1916,detection,
1918187,1,23,-512,1280,-1792,0,100,100,0,0,44,0,64,40,1918,detection,
1918221,6,23,-512,1280,-1792,0,100,100,0,0,51,0,58,40,1918,detection,
1918450,16,4,-1,-1,0,0,0,0,0,0,47,0,0,0,1918,detection,
1918611,21,31,-512,-1,-511,100,78,100,100,0,77,0,49,40,1918,detection,
1918612,11,31,-512,-1,-511,100,90,100,100,0,60,0,56,40,1918,detection,
1920802,1,23,-512,1280,-1792,0,100,100,0,0,44,0,64,40,1920,detection,
1920807,13,23,-512,1280,-1792,0,100,100,1,8,57,0,58,40,1920,detection,
1920845,6,23,-512,1280,-1792,0,100,100,0,0,50,0,58,40,1920,detection,
1921194,1,2,555,555,0,0,0,0,0,0,40,0,0,0,1921,detection,
1921706,7,29,-512,-1,-511,100,100,100,100,0,37,0,74,55,1921,detection,
1927528,22,30,-512,1280,-1792,0,100,100,0,9,47,0,62,40,1927,detection,
1928951,4,8,1280,1280,0,0,0,0,0,0,59,0,0,0,1928,detection,
1928977,17,8,1280,1280,0,0,0,0,0,0,54,0,0,0,1928,detection,
1930655,15,18,512,512,0,0,0,0,0,0,92,0,0,0,1930,detection,
1931139,12,19,-1,-1,0,0,0,0,0,0,44,0,0,0,1931,detection,
1931179,20,19,-1,-1,0,0,0,0,0,0,51,0,0,0,1931,detection,
1931430,10,21,768,768,0,0,0,0,0,0,32,0,0,0,1931,detection,
1932426,13,10,512,512,0,0,0,0,0,0,64,0,0,0,1932,detection,
1933073,4,8,1280,1280,0,0,0,0,0,0,58,0,0,0,1933,detection,
1933098,17,8,1280,1280,0,0,0,0,0,0,53,0,0,0,1933,detection,
1934349,1,2,555,555,0,0,0,0,0,0,40,0,0,0,1934,detection,
1934409,15,2,555,555,0,0,0,0,0,0,46,0,0,0,1934,detection,
1934413,18,2,555,555,0,0,0,0,0,0,46,0,0,0,1934,detection,
1934430,10,2,555,555,0,0,0,0,0,0,57,0,0,0,1934,detection,
1934431,13,2,555,555,0,0,0,0,0,0,55,0,0,0,1934,detection,
1934434,20,2,555,555,0,0,0,0,0,0,47,0,0,0,1934,detection,
1935731,21,31,-512,1024,-1536,0,100,100,100,0,81,0,48,40,1935,detection,
1935813,8,25,-512,1280,-1792,0,100,100,31,0,57,0,58,40,1935,detection,
1936105,21,17,1024,1024,0,0,0,70,0,0,57,0,61,40,1936,detection,
1936399,1,6,768,768,0,0,0,0,0,0,29,0,0,0,1936,detection,
1936529,15,18,512,512,0,0,0,0,0,0,92,0,0,0,1936,detection,
1937281,1,13,1024,1024,0,0,0,0,0,0,47,0,0,0,1937,detection,
1937306,10,13,1024,1024,0,0,0,0,0,0,58,0,0,0,1937,detection,
1937364,11,13,1024,1024,0,0,0,0,0,0,56,0,0,0,1937,detection,
1938479,19,23,-512,-1,-511,100,98,100,66,8,51,0,56,40,1938,detection,
1938949,4,8,1280,1280,0,0,0,0,0,0,58,0,0,0,1938,detection,
1938974,17,8,1280,1280,0,0,0,0,0,0,53,0,0,0,1938,detection,
1939927,10,13,1024,1024,0,0,0,0,0,0,57,0,0,0,1939,detection,
1941782,1,6,1024,1024,0,0,0,0,0,0,33,0,0,0,1941,detection,
1942082,1,13,1024,1024,0,0,0,0,0,0,46,0,0,0,1942,detection,
1942107,11,13,1024,1024,0,0,0,0,0,0,56,0,0,0,1942,detection,
1945551,5,19,1280,1280,0,0,0,0,0,0,57,0,0,0,1945,detection,
1947238,1,13,768,768,0,0,0,0,0,0,43,0,0,0,1947,detection,
1947242,2,13,768,768,0,0,0,0,0,0,60,0,0,0,1947,detection,
1947302,10,13,768,768,0,0,0,0,0,0,54,0,0,0,1947,detection,
1953297,5,19,-1,-1,0,0,0,0,0,0,57,0,0,0,1953,detection,
1955280,15,18,-1,-1,0,0,0,0,0,0,96,0,0,0,1955,detection,
1955280,22,18,-1,-1,0,0,0,0,0,0,53,0,0,0,1955,detection,
1955352,19,18,-1,-1,0,0,0,0,0,0,48,0,0,0,1955,detection,
1957800,13,10,768,768,0,0,0,0,0,0,63,0,0,0,1957,detection,
1962238,21,31,-512,768,-1280,0,100,100,25,0,80,0,48,40,1962,detection,
1963736,1,6,1024,1024,0,0,0,0,0,0,32,0,0,0,1963,detection,
1965528,22,10,512,512,0,0,0,0,0,0,65,0,0,0,1965,detection,
1965554,13,10,512,512,0,0,0,0,0,0,64,0,0,0,1965,detection,
1965601,6,10,512,512,0,0,0,0,0,0,48,0,0,0,1965,detection,
1965609,21,10,512,512,0,0,0,0,0,0,48,0,0,0,1965,detection,
1966586,1,2,1024,1024,0,0,0,0,0,0,42,0,0,0,1966,detection,
1966676,10,2,1024,1024,0,0,0,0,0,0,53,0,0,0,1966,detection,
1966676,13,2,1024,1024,0,0,0,0,0,0,58,0,0,0,1966,detection,
1966697,4,2,1024,1024,0,0,0,0,0,0,53,0,0,0,1966,detection,
1966702,16,2,1024,1024,0,0,0,0,0,0,54,0,0,0,1966,detection,
1968981,21,10,-1,-1,0,0,0,0,0,0,52,0,0,0,1968,detection,
1969024,22,10,-1,-1,0,0,0,0,0,0,61,0,0,0,1969,detection,
1969036,18,10,-1,-1,0,0,0,0,0,0,85,0,0,0,1969,detection,
1969078,16,10,-1,-1,0,0,0,0,0,0,57,0,0,0,1969,detection,
1969971,19,23,-512,1024,-1536,0,100,100,100,8,54,0,58,40,1969,detection,
1971184,10,21,-1,-1,0,0,0,0,0,0,36,0,0,0,1971,detection,
1971542,1,6,1024,1024,0,0,0,0,0,0,32,0,0,0,1971,detection,
1971947,4,2,1024,1024,0,0,0,0,0,0,53,0,0,0,1971,detection,
1971951,16,2,1024,1024,0,0,0,0,0,0,53,0,0,0,1971,detection,
1971993,9,2,1024,1024,0,0,0,0,0,0,52,0,0,0,1971,detection,
1973184,8,4,768,768,0,0,0,0,0,0,56,0,0,0,1973,detection,
1973205,16,4,768,768,0,0,0,0,0,0,51,0,0,0,1973,detection,
1976390,12,22,1024,1024,0,0,0,0,0,0,61,0,0,0,1976,detection,
1976421,5,22,1024,1024,0,0,0,0,0,0,41,0,0,0,1976,detection,
1976434,13,22,1024,1024,0,0,0,0,0,0,53,0,0,0,1976,detection,
1978558,8,4,768,768,0,0,0,0,0,0,56,0,0,0,1978,detection,
1980657,15,23,-512,1024,-1536,0,100,100,70,9,45,0,63,40,1980,detection,
1980674,5,23,-512,1024,-1536,0,100,100,39,9,43,0,66,55,1980,detection,
1980683,10,23,-512,1024,-1536,0,100,100,33,8,50,0,58,40,1980,detection,
1982324,4,8,1280,1280,0,0,0,0,0,0,58,0,0,0,1982,detection,
1982686,8,16,1049,1049,0,0,0,0,0,0,53,0,0,0,1982,detection,
1983177,13,22,1024,1024,0,0,0,0,0,0,49,0,0,0,1983,detection,
1983345,1,13,1024,1024,0,0,0,0,0,0,42,0,0,0,1983,detection,
1986698,4,8,1422,1422,0,0,0,0,0,0,58,0,0,0,1986,detection,
1987370,1,6,-1,-1,0,0,0,0,0,0,32,0,0,0,1987,detection,
1988124,2,23,-512,1024,-1536,0,100,100,9,9,49,0,59,40,1988,detection,
1991559,8,16,1049,1049,0,0,0,0,0,0,53,0,0,0,1991,detection,
1994751,9,30,-512,1280,-1792,0,100,100,49,0,40,0,69,55,1994,detection,
1995307,20,23,-512,1024,-1536,0,100,100,59,0,63,0,48,40,1995,detection,
1995808,8,4,662,662,0,0,0,0,0,0,56,0,0,0,1995,detection,
1995825,16,4,662,662,0,0,0,0,0,0,50,0,0,0,1995,detection,
1999493,2,23,-512,1024,-1536,0,100,100,0,9,49,0,59,40,1999,detection,
1999552,1,23,-512,1024,-1536,0,100,100,35,0,43,0,66,55,1999,detection,
1999698,4,8,1561,1561,0,0,0,0,0,0,58,0,0,0,1999,detection,
2000904,22,4,647,647,0,0,0,0,0,0,49,0,0,0,2000,detection,
2000950,16,4,647,647,0,0,0,0,0,0,50,0,0,0,2000,detection,
2002058,13,16,-1,-1,0,0,0,70,0,0,44,0,70,55,2002,detection,
2003318,1,23,-512,-1,-511,100,100,100,100,0,43,0,66,55,2003,detection,
2003344,6,23,-512,-1,-511,100,96,100,100,0,53,0,56,40,2003,detection,
2003426,5,23,-512,-1,-511,100,100,100,100,9,46,0,62,40,2003,detection,
2003429,20,23,-512,-1,-511,100,89,100,100,0,62,0,53,40,2003,detection,
2003430,10,23,-512,-1,-511,100,96,100,100,8,53,0,56,40,2003,detection,
2005523,22,4,647,647,0,0,0,0,0,0,50,0,0,0,2005,detection,
2005608,21,4,647,647,0,0,0,0,0,0,36,0,0,0,2005,detection,
2005747,2,28,-512,-1,-511,100,71,100,96,0,89,0,49,40,2005,detection,
2005855,17,28,-512,-1,-511,100,100,100,76,0,45,0,62,40,2005,detection,
2005864,1,6,-1,-1,0,0,0,0,0,0,36,0,0,0,2005,detection,
2007112,14,8,-1,-1,0,0,0,0,0,0,59,0,0,0,2007,detection,
2010348,17,28,-512,-1,-511,100,100,100,0,0,45,0,62,40,2010,detection,
2010368,2,28,-512,-1,-511,100,73,100,0,0,86,0,49,40,2010,detection,
2012235,14,8,-1,-1,0,0,0,0,0,0,58,0,0,0,2012,detection,
2012329,4,8,-1,-1,0,0,0,0,0,0,54,0,0,0,2012,detection,
2013111,21,30,-512,1280,-1792,0,100,100,58,9,45,0,63,40,2013,detection,
2013125,2,30,-512,1280,-1792,0,100,100,37,10,40,0,69,75,2013,detection,
2021360,21,30,-512,1280,-1792,0,100,100,0,10,41,0,68,55,2021,detection,
2026983,21,30,-512,1280,-1792,0,100,100,0,10,41,0,68,55,2026,detection,
2029833,16,11,1427,1427,0,0,0,0,0,0,58,0,0,0,2029,detection,
2029953,1,23,-512,-1,-511,100,100,100,0,0,42,0,67,55,2029,detection,
2029970,6,23,-512,-1,-511,100,93,100,0,0,57,0,56,40,2029,detection,
2031981,21,30,-512,1280,-1792,0,100,100,0,0,40,0,69,55,2031,detection,
2031995,2,30,-512,1280,-1792,0,100,100,0,10,40,0,69,75,2031,detection,
2034080,16,11,1427,1427,0,0,0,0,0,0,58,0,0,0,2034,detection,
2035344,6,28,-512,-1,-511,100,95,100,0,0,55,0,56,40,2035,detection,
2042414,15,30,-512,1280,-1792,0,100,100,31,0,94,0,48,40,2042,detection,
2042434,10,30,-512,1280,-1792,0,100,100,100,0,52,0,58,40,2042,detection,
2042481,21,30,-512,1280,-1792,0,100,100,0,0,40,0,69,55,2042,detection,
2042498,2,30,-512,1280,-1792,0,100,100,0,10,40,0,69,75,2042,detection,
2048494,2,30,-512,1280,-1792,0,100,100,0,10,36,0,69,75,2048,detection,
2048514,12,30,-512,1280,-1792,0,100,100,49,0,62,0,54,40,2048,detection,
2048532,15,30,-512,1280,-1792,0,100,100,0,0,89,0,48,40,2048,detection,
2048554,13,30,-512,1280,-1792,0,100,100,100,0,60,0,58,40,2048,detection,
2048566,8,30,-512,1280,-1792,0,100,100,100,6,85,0,48,40,2048,detection,
2049676,1,28,-512,-1,-511,100,100,100,93,0,28,0,87,100,2049,detection,
2054871,2,30,-512,1280,-1792,0,100,100,0,0,36,0,69,75,2054,detection,
2054874,9,30,-512,1280,-1792,0,100,100,0,0,39,0,69,55,2054,detection,
2057224,1,28,-512,768,-1280,0,100,100,100,0,32,0,71,75,2057,detection,
2057348,6,28,-512,768,-1280,0,100,100,95,0,55,0,58,40,2057,detection,
2058165,18,30,-512,1280,-1792,0,100,100,53,0,54,0,58,40,2058,detection,
2058263,12,30,-512,1280,-1792,0,100,100,0,0,61,0,56,40,2058,detection,
2058285,15,30,-512,1280,-1792,0,100,100,0,0,85,0,48,40,2058,detection,
2063512,12,30,-512,1280,-1792,0,100,100,0,0,60,0,58,40,2063,detection,
2063538,15,30,-512,1280,-1792,0,100,100,0,0,78,0,48,40,2063,detection,
2063556,13,30,-512,1280,-1792,0,100,100,0,0,59,0,58,40,2063,detection,
2063559,10,30,-512,1280,-1792,0,100,100,0,0,52,0,58,40,2063,detection,
2063564,8,30,-512,1280,-1792,0,100,100,0,6,85,0,48,40,2063,detection,
2063581,4,30,-512,1280,-1792,0,100,100,100,0,80,0,48,40,2063,detection,
2063620,9,30,-512,1280,-1792,0,100,100,0,0,39,0,69,55,2063,detection,
2063623,2,30,-512,1280,-1792,0,100,100,0,0,36,0,69,75,2063,detection,
2067806,10,30,-512,1280,-1792,0,100,100,0,0,47,0,62,40,2067,detection,
2067814,8,30,-512,1280,-1792,0,100,100,0,6,80,0,48,40,2067,detection,
2067826,4,30,-512,1280,-1792,0,100,100,0,0,78,0,48,40,2067,detection,
2067891,12,30,-512,1280,-1792,0,100,100,0,0,60,0,58,40,2067,detection,
2072262,12,30,-512,1280,-1792,0,100,100,0,0,59,0,58,40,2072,detection,
2072292,18,30,-512,1280,-1792,0,100,100,0,0,54,0,58,40,2072,detection,
2072306,13,30,-512,1280,-1792,0,100,100,0,0,59,0,58,40,2072,detection,
2072308,10,30,-512,1280,-1792,0,100,100,0,0,47,0,62,40,2072,detection,
2072313,8,30,-512,1280,-1792,0,100,100,0,0,78,0,48,40,2072,detection,
2072327,4,30,-512,1280,-1792,0,100,100,0,0,76,0,48,40,2072,detection,
2072370,2,30,-512,1280,-1792,0,100,100,0,0,36,0,69,75,2072,detection,
2072373,9,30,-512,1280,-1792,0,100,100,0,0,38,0,69,55,2072,detection,
2073804,20,29,-512,742,-1254,0,100,100,71,0,52,0,58,40,2073,detection,
2073834,7,29,-512,742,-1254,0,100,100,100,0,40,0,69,55,2073,detection,
2077934,20,29,-512,949,-1461,0,100,100,26,0,53,0,58,40,2077,detection,
2077958,7,29,-512,949,-1461,0,100,100,29,0,41,0,68,55,2077,detection,
2078657,22,30,-512,1280,-1792,0,100,100,0,0,47,0,62,40,2078,detection,
2078662,18,30,-512,1280,-1792,0,100,100,0,0,53,0,58,40,2078,detection,
2078679,10,30,-512,1280,-1792,0,100,100,0,0,47,0,62,40,2078,detection,
2078688,8,30,-512,1280,-1792,0,100,100,0,0,76,0,48,40,2078,detection,
2078703,4,30,-512,1280,-1792,0,100,100,0,0,73,0,48,40,2078,detection,
2078747,2,30,-512,1280,-1792,0,100,100,0,0,36,0,69,75,2078,detection,
2078748,9,30,-512,1280,-1792,0,100,100,0,0,38,0,69,55,2078,detection,
2083307,20,7,1913,1913,0,0,0,0,0,0,66,0,0,0,2083,detection,
2084619,2,30,-512,1280,-1792,0,100,100,0,0,36,0,69,75,2084,detection,
2084640,12,30,-512,1280,-1792,0,100,100,0,0,59,0,58,40,2084,detection,
2084653,22,30,-512,1280,-1792,0,100,100,0,0,47,0,62,40,2084,detection,
2084664,18,30,-512,1280,-1792,0,100,100,0,0,53,0,58,40,2084,detection,
2084700,4,30,-512,1280,-1792,0,100,100,0,0,71,0,48,40,2084,detection,
2086309,20,29,-512,949,-1461,0,100,100,0,0,53,0,58,40,2086,detection,
2086332,7,29,-512,949,-1461,0,100,100,0,0,41,0,68,55,2086,detection,
2089726,17,11,-1,-256,255,0,56,85,37,0,39,0,73,55,2089,detection,
2089798,5,11,-1,-256,255,0,48,73,32,0,52,0,70,55,2089,detection,
2090956,7,29,-512,949,-1461,0,100,100,0,0,41,0,68,55,2090,detection,
2092043,1,28,-512,768,-1280,0,100,100,0,0,32,0,71,75,2092,detection,
2092103,17,28,-512,768,-1280,0,100,100,100,0,49,0,59,40,2092,detection,
2092204,4,30,-512,1280,-1792,0,100,100,0,0,69,0,48,40,2092,detection,
2092244,2,30,-512,1280,-1792,0,100,100,0,0,36,0,69,75,2092,detection,
2092265,12,30,-512,1280,-1792,0,100,100,0,0,54,0,58,40,2092,detection,
2093990,14,4,768,768,0,0,0,0,0,0,51,0,0,0,2093,detection,
2094015,12,4,768,768,0,0,0,0,0,0,39,0,0,0,2094,detection,
2094029,22,4,768,768,0,0,0,0,0,0,49,0,0,0,2094,detection,
2094055,10,4,768,768,0,0,0,0,0,0,36,0,0,0,2094,detection,
2096098,19,5,512,512,0,0,0,0,0,0,77,0,0,0,2096,detection,
2096601,17,11,512,512,0,0,0,72,35,0,43,0,72,55,2096,detection,
2096762,12,4,768,768,0,0,0,0,0,0,39,0,0,0,2096,detection,
2096775,22,4,768,768,0,0,0,0,0,0,49,0,0,0,2096,detection,
2096834,7,4,768,768,0,0,0,0,0,0,58,0,0,0,2096,detection,
2096860,14,4,768,768,0,0,0,0,0,0,51,0,0,0,2096,detection,
2096894,1,28,-512,698,-1210,0,100,100,11,0,31,0,72,75,2096,detection,
2098850,17,11,512,512,0,0,0,70,0,0,43,0,71,55,2098,detection,
2098922,5,11,512,512,0,0,0,70,31,0,56,0,64,40,2098,detection,
2100237,11,14,512,537,-25,100,5,35,3,9,45,0,62,40,2100,detection,
2100266,12,14,512,537,-25,100,5,35,3,9,46,0,62,40,2100,detection,
2100279,22,14,512,537,-25,100,5,35,3,9,46,0,62,40,2100,detection,
2100296,5,14,512,537,-25,100,4,70,3,9,48,0,59,40,2100,detection,
2100330,4,14,512,537,-25,100,4,70,34,8,56,0,56,40,2100,detection,
2100927,5,31,-512,512,-1024,0,100,100,100,8,57,0,58,40,2100,detection,
2101733,14,4,512,512,0,0,0,0,0,0,52,0,0,0,2101,detection,
2101762,12,4,512,512,0,0,0,0,0,0,40,0,0,0,2101,detection,
2101780,22,4,512,512,0,0,0,0,0,0,50,0,0,0,2101,detection,
2101801,10,4,512,512,0,0,0,0,0,0,37,0,0,0,2101,detection,
2102328,7,20,-1,-1,0,0,0,0,0,0,83,0,0,0,2102,detection,
2102328,1,20,-1,-1,0,0,0,0,0,0,77,0,0,0,2102,detection,
2105389,12,14,560,560,0,81,0,25,3,16,52,0,56,40,2105,detection,
2105401,22,14,560,560,0,81,0,25,3,16,52,0,56,40,2105,detection,
2105432,5,14,560,560,0,81,0,70,3,16,53,0,56,40,2105,detection,
2105448,4,14,560,560,0,81,0,70,2,15,62,0,52,40,2105,detection,
2105848,17,11,512,512,0,0,0,70,0,0,43,0,71,55,2105,detection,
2106172,5,31,-512,512,-1024,0,100,100,0,0,58,0,58,40,2106,detection,
2106263,12,22,512,512,0,0,0,0,0,0,62,0,0,0,2106,detection,
2106322,4,22,512,512,0,0,0,0,0,0,59,0,0,0,2106,detection,
2106352,19,22,512,512,0,0,0,0,0,0,55,0,0,0,2106,detection,
2106365,11,22,512,512,0,0,0,0,0,0,56,0,0,0,2106,detection,
2108926,1,28,-512,662,-1174,0,100,100,5,0,31,0,72,75,2108,detection,
2108978,17,28,-512,662,-1174,0,100,100,14,0,48,0,60,40,2108,detection,
2109600,17,7,768,768,0,0,0,0,0,0,63,0,0,0,2109,detection,
2109708,1,20,768,768,0,0,0,0,0,0,76,0,0,0,2109,detection,
2110349,19,22,512,512,0,0,0,0,0,0,56,0,0,0,2110,detection,
2110365,11,22,512,512,0,0,0,0,0,0,52,0,0,0,2110,detection,
2110428,5,22,512,512,0,0,0,0,0,0,45,0,0,0,2110,detection,
2110446,4,22,512,512,0,0,0,0,0,0,61,0,0,0,2110,detection,
2111426,5,31,-512,512,-1024,0,100,100,0,0,59,0,58,40,2111,detection,
2111525,1,28,-512,647,-1159,0,100,100,2,0,30,0,73,75,2111,detection,
2111598,17,28,-512,647,-1159,0,100,100,1,0,48,0,60,40,2111,detection,
2111691,1,20,-1,-1,0,0,0,0,0,0,74,0,0,0,2111,detection,
2113874,2,30,-512,1024,-1536,0,100,100,37,0,40,0,69,75,2113,detection,
2114154,22,2,1024,1024,0,0,0,0,0,0,63,0,0,0,2114,detection,
2115723,19,22,512,512,0,0,0,0,0,0,54,0,0,0,2115,detection,
2115761,12,22,512,512,0,0,0,0,0,0,59,0,0,0,2115,detection,
2115796,5,22,512,512,0,0,0,0,0,0,45,0,0,0,2115,detection,
2117308,1,28,-512,647,-1159,0,100,100,0,0,30,0,73,75,2117,detection,
2117347,17,28,-512,647,-1159,0,100,100,0,0,44,0,64,40,2117,detection,
2117642,1,20,512,512,0,0,0,0,0,0,77,0,0,0,2117,detection,
2121103,17,11,512,512,0,0,0,70,0,0,43,0,71,55,2121,detection,
2122281,1,28,-512,633,-1145,0,100,100,2,0,26,0,75,75,2122,detection,
2122349,17,28,-512,633,-1145,0,100,100,1,0,44,0,64,40,2122,detection,
2124562,8,2,1024,1024,0,0,0,0,0,0,55,0,0,0,2124,detection,
2131654,15,19,790,790,0,0,0,0,0,0,60,0,0,0,2131,detection,
2136530,15,19,1024,1024,0,0,0,0,0,0,59,0,0,0,2136,detection,
2137748,2,28,-512,633,-1145,0,100,100,60,0,86,0,48,40,2137,detection,
2138703,7,2,1536,1536,0,0,0,0,0,0,41,0,0,0,2138,detection,
2138707,16,2,1536,1536,0,0,0,0,0,0,57,0,0,0,2138,detection,
2139527,22,30,-512,1536,-2048,0,100,100,33,0,51,0,58,40,2139,detection,
2141982,21,17,768,768,0,0,0,70,0,0,57,0,61,40,2141,detection,
2142777,15,19,-1,-1,0,0,0,0,0,0,54,0,0,0,2142,detection,
2144242,2,16,1536,1536,0,0,0,0,0,0,49,0,0,0,2144,detection,
2144310,8,16,1536,1536,0,0,0,0,0,0,55,0,0,0,2144,detection,
2145317,8,30,-512,1536,-2048,0,100,100,26,0,77,0,48,40,2145,detection,
2145331,16,30,-512,1536,-2048,0,100,100,25,0,79,0,48,40,2145,detection,
2145403,22,30,-512,1536,-2048,0,100,100,0,0,47,0,62,40,2145,detection,
2145412,15,30,-512,1536,-2048,0,100,100,26,0,78,0,48,40,2145,detection,
2145513,12,14,-1,-1,0,0,0,17,0,16,53,0,0,0,2145,detection,
2146139,12,4,537,537,0,0,0,0,0,0,40,0,0,0,2146,detection,
2148077,16,2,-1,-1,0,0,0,0,0,0,56,0,0,0,2148,detection,
2148150,22,2,-1,-1,0,0,0,0,0,0,61,0,0,0,2148,detection,
2148222,17,21,512,512,0,0,0,0,0,0,44,0,0,0,2148,detection,
2150952,7,14,-1,-1,0,0,0,0,0,0,49,0,0,0,2150,detection,
2152156,15,23,-512,1024,-1536,0,100,100,0,9,44,0,64,40,2152,detection,
2152177,5,23,-512,1024,-1536,0,100,100,100,9,45,0,63,40,2152,detection,
2152178,13,23,-512,1024,-1536,0,100,100,31,8,57,0,58,40,2152,detection,
2152182,10,23,-512,1024,-1536,0,100,100,100,0,56,0,58,40,2152,detection,
2152232,19,23,-512,1024,-1536,0,100,100,0,0,56,0,58,40,2152,detection,
2156547,5,23,-512,768,-1280,0,100,100,34,9,46,0,63,40,2156,detection,
2157309,10,30,-512,1865,-2377,0,100,100,75,0,51,0,58,40,2157,detection,
2157313,8,30,-512,1865,-2377,0,100,100,33,0,79,0,48,40,2157,detection,
2157331,16,30,-512,1865,-2377,0,100,100,33,0,77,0,48,40,2157,detection,
2157331,7,30,-512,1865,-2377,0,100,100,79,0,88,0,48,40,2157,detection,
2157370,2,30,-512,1865,-2377,0,100,100,100,0,40,0,69,75,2157,detection,
2157598,19,15,-1,-1,0,0,0,0,0,0,50,0,0,0,2157,detection,
2158050,1,20,529,529,0,0,0,0,0,0,79,0,0,0,2158,detection,
2158073,4,13,768,768,0,0,0,0,0,0,57,0,0,0,2158,detection,
2158087,1,13,768,768,0,0,0,0,0,0,45,0,0,0,2158,detection,
2158107,14,13,768,768,0,0,0,0,0,0,60,0,0,0,2158,detection,
2158172,5,13,768,768,0,0,0,0,0,0,60,0,0,0,2158,detection,
2162457,1,20,527,527,0,0,0,0,0,0,81,0,0,0,2162,detection,
2163426,5,11,1353,1353,0,0,0,70,0,0,65,0,48,40,2163,detection,
2164284,1,28,-512,-1,-511,100,100,100,100,0,30,0,84,75,2164,detection,
2164348,6,28,-512,-1,-511,100,95,100,95,0,55,0,56,40,2164,detection,
2164664,18,30,-512,1865,-2377,0,100,100,71,0,57,0,58,40,2164,detection,
2164682,10,30,-512,1865,-2377,0,100,100,0,0,51,0,58,40,2164,detection,
2164687,8,30,-512,1865,-2377,0,100,100,0,0,77,0,48,40,2164,detection,
2164703,16,30,-512,1865,-2377,0,100,100,0,0,76,0,48,40,2164,detection,
2164862,1,13,512,512,0,0,0,0,0,0,45,0,0,0,2164,detection,
2164921,5,13,512,512,0,0,0,0,0,0,60,0,0,0,2164,detection,
2165730,1,6,512,512,0,0,0,0,0,0,41,0,0,0,2165,detection,
2167832,1,20,525,525,0,0,0,0,0,0,82,0,0,0,2167,detection,
2167846,6,20,525,525,0,0,0,0,0,0,51,0,0,0,2167,detection,
2168027,1,28,-512,-1,-511,100,100,100,0,0,30,0,84,75,2168,detection,
2169044,5,11,1353,1353,0,0,0,70,0,0,66,0,48,40,2169,detection,
2169183,1,13,512,512,0,0,0,0,0,0,46,0,0,0,2169,detection,
2169205,4,13,512,512,0,0,0,0,0,0,58,0,0,0,2169,detection,
2169294,5,13,512,512,0,0,0,0,0,0,61,0,0,0,2169,detection,
2169302,20,13,512,512,0,0,0,0,0,0,50,0,0,0,2169,detection,
2170229,21,4,-1,-1,0,0,0,0,0,0,42,0,0,0,2170,detection,
2171062,8,16,2022,2022,0,0,0,0,0,0,57,0,0,0,2171,detection,
2174046,5,11,1353,1353,0,0,0,70,0,0,61,0,58,40,2174,detection,
2174101,17,11,1353,1353,0,0,0,70,0,0,54,0,61,40,2174,detection,
2174682,10,30,-512,-1,-511,100,71,100,100,0,89,0,49,40,2174,detection,
2174687,8,30,-512,-1,-511,100,72,100,100,0,88,0,49,40,2174,detection,
2174703,16,30,-512,-1,-511,100,70,100,100,0,91,0,49,40,2174,detection,
2178581,16,10,1766,1766,0,0,0,0,0,0,63,0,0,0,2178,detection,
2178715,1,13,1865,1865,0,0,0,0,0,0,45,0,0,0,2178,detection,
2180827,16,10,1766,1766,0,0,0,0,0,0,64,0,0,0,2180,detection,
2184598,17,11,1353,1353,0,0,0,70,0,0,55,0,61,40,2184,detection,
2191746,9,20,749,749,0,0,0,0,0,0,55,0,0,0,2191,detection,
2192657,15,5,768,768,0,0,0,0,0,0,44,0,0,0,2192,detection,
2195431,10,9,1261,1261,0,0,0,0,0,0,50,0,0,0,2195,detection,
2195452,7,9,1261,1261,0,0,0,0,0,0,63,0,0,0,2195,detection,
2198157,15,5,768,768,0,0,0,0,0,0,44,0,0,0,2198,detection,
2199452,16,30,-512,1536,-2048,0,100,100,100,0,90,0,48,40,2199,detection,
2199538,18,30,-512,1536,-2048,0,100,100,42,0,52,0,58,40,2199,detection,
2199555,20,13,512,512,0,0,0,0,0,0,50,0,0,0,2199,detection,
2200850,17,16,1536,1536,0,0,0,0,0,0,59,0,0,0,2200,detection,
2201352,17,8,1280,1280,0,0,0,0,0,0,57,0,0,0,2201,detection,
2201501,9,10,-1,-1,0,0,0,0,0,0,50,0,0,0,2201,detection,
2201517,12,10,-1,-1,0,0,0,0,0,0,73,0,0,0,2201,detection,
2201537,18,10,-1,-1,0,0,0,0,0,0,83,0,0,0,2201,detection,
2203553,10,9,1005,1005,0,0,0,0,0,0,51,0,0,0,2203,detection,
2205785,18,30,-512,1536,-2048,0,100,100,0,0,52,0,58,40,2205,detection,
2205811,10,30,-512,1536,-2048,0,100,100,100,0,88,0,48,40,2205,detection,
2205812,8,30,-512,1536,-2048,0,100,100,100,0,92,0,48,40,2205,detection,
2205828,16,30,-512,1536,-2048,0,100,100,0,0,90,0,48,40,2205,detection,
2206806,13,20,1024,1024,0,0,0,0,0,0,40,0,0,0,2206,detection,
2207283,1,28,-512,512,-1024,0,100,100,78,0,35,0,70,75,2207,detection,
2210871,1,28,-512,512,-1024,0,100,100,0,0,35,0,70,75,2210,detection,
2211426,13,20,1254,1254,0,0,0,0,0,0,45,0,0,0,2211,detection,
2212251,9,30,-512,1280,-1792,0,100,100,0,0,43,0,66,55,2212,detection,
2212311,8,30,-512,1280,-1792,0,100,100,23,0,93,0,48,40,2212,detection,
2212327,16,30,-512,1280,-1792,0,100,100,23,0,90,0,48,40,2212,detection,
2212335,7,30,-512,1280,-1792,0,100,100,53,0,92,0,48,40,2212,detection,
2215019,1,28,-512,512,-1024,0,100,100,0,0,36,0,69,75,2215,detection,
2216286,18,30,-512,1280,-1792,0,100,100,32,0,54,0,58,40,2216,detection,
2216328,16,30,-512,1280,-1792,0,100,100,0,0,93,0,48,40,2216,detection,
2216329,7,30,-512,1280,-1792,0,100,100,0,0,92,0,48,40,2216,detection,
2216376,2,30,-512,1280,-1792,0,100,100,81,0,44,0,64,40,2216,detection,
2219622,1,13,742,742,0,0,0,0,0,0,44,0,0,0,2219,detection,
2219677,20,13,742,742,0,0,0,0,0,0,49,0,0,0,2219,detection,
2224677,20,13,719,719,0,0,0,0,0,0,49,0,0,0,2224,detection,
2227429,20,13,698,698,0,0,0,0,0,0,48,0,0,0,2227,detection,
2229726,17,8,3302,3302,0,0,0,0,0,0,66,0,0,0,2229,detection,
2229739,14,8,3302,3302,0,0,0,0,0,0,70,0,0,0,2229,detection,
2231426,13,20,1517,1517,0,0,0,0,0,0,48,0,0,0,2231,detection,
2234853,1,20,1517,1517,0,0,0,0,0,0,73,0,0,0,2234,detection,
2234927,13,20,1517,1517,0,0,0,0,0,0,44,0,0,0,2234,detection,
2235489,1,13,679,679,0,0,0,0,0,0,44,0,0,0,2235,detection,
2235552,20,13,679,679,0,0,0,0,0,0,47,0,0,0,2235,detection,
2235643,12,4,-1,-256,255,0,53,80,35,0,44,0,69,55,2235,detection,
2238858,11,15,512,512,0,0,0,0,0,0,66,0,0,0,2238,detection,
2238924,5,31,-512,-1,-511,100,89,100,60,0,61,0,54,40,2238,detection,
2238989,11,31,-512,-1,-511,100,91,100,0,0,59,0,56,40,2238,detection,
2239615,1,20,1232,1232,0,0,0,0,0,0,70,0,0,0,2239,detection,
2240428,20,13,679,679,0,0,0,0,0,0,43,0,0,0,2240,detection,
2241331,16,4,-1,-1,0,0,0,0,0,0,49,0,0,0,2241,detection,
2241388,12,4,-1,-1,0,0,0,70,34,0,47,0,64,40,2241,detection,
2244846,6,19,-1,-1,0,0,0,0,0,0,46,0,0,0,2244,detection,
2245979,1,13,679,679,0,0,0,0,0,0,39,0,0,0,2245,detection,
2245988,11,13,679,679,0,0,0,0,0,0,56,0,0,0,2245,detection,
2248178,10,21,768,768,0,0,0,0,0,0,40,0,0,0,2248,detection,
2251153,1,20,512,512,0,0,0,0,0,0,71,0,0,0,2251,detection,
2251182,13,20,512,512,0,0,0,0,0,0,49,0,0,0,2251,detection,
2252420,1,13,647,647,0,0,0,0,0,0,39,0,0,0,2252,detection,
2252430,20,13,647,647,0,0,0,0,0,0,43,0,0,0,2252,detection,
2252433,10,13,647,647,0,0,0,0,0,0,58,0,0,0,2252,detection,
2252450,4,13,647,647,0,0,0,0,0,0,57,0,0,0,2252,detection,
2252454,16,13,647,647,0,0,0,0,0,0,62,0,0,0,2252,detection,
2252489,11,13,647,647,0,0,0,0,0,0,56,0,0,0,2252,detection,
2252497,2,13,647,647,0,0,0,0,0,0,59,0,0,0,2252,detection,
2253302,10,21,512,512,0,0,0,0,0,0,37,0,0,0,2253,detection,
2255184,20,29,-512,512,-1024,0,100,100,54,0,54,0,58,40,2255,detection,
2257680,20,13,1024,1024,0,0,0,0,0,0,46,0,0,0,2257,detection,
2257691,10,13,1024,1024,0,0,0,0,0,0,58,0,0,0,2257,detection,
2258971,6,23,-512,-1,-511,100,97,100,0,0,52,0,56,40,2258,detection,
2258975,1,23,-512,-1,-511,100,100,100,0,0,42,0,67,55,2258,detection,
2258976,19,23,-512,-1,-511,100,91,100,100,0,59,0,56,40,2258,detection,
2258997,2,23,-512,-1,-511,100,97,100,100,8,52,0,56,40,2258,detection,
2259057,13,23,-512,-1,-511,100,93,100,100,8,57,0,56,40,2259,detection,
2261933,20,29,-512,512,-1024,0,100,100,0,0,55,0,58,40,2261,detection,
2261988,14,31,-512,1024,-1536,0,100,100,0,0,88,0,48,40,2261,detection,
2262469,6,23,-512,-1,-511,100,97,100,0,0,52,0,56,40,2262,detection,
2262490,1,23,-512,-1,-511,100,100,100,0,0,37,0,74,55,2262,detection,
2263683,10,21,512,512,0,0,0,0,0,0,38,0,0,0,2263,detection,
2266605,21,10,768,768,0,0,0,0,0,0,54,0,0,0,2266,detection,
2272305,20,29,-512,512,-1024,0,100,100,0,0,55,0,58,40,2272,detection,
2272679,10,21,512,512,0,0,0,0,0,0,39,0,0,0,2272,detection,
2276480,19,15,1135,1135,0,0,0,0,0,0,57,0,0,0,2276,detection,
2278482,21,4,768,768,0,0,0,0,0,0,45,0,0,0,2278,detection,
2280304,1,23,-512,-1,-511,100,100,100,0,0,41,0,69,55,2280,detection,
2280952,16,11,768,768,0,0,0,0,0,0,58,0,0,0,2280,detection,
2282725,19,15,1135,1135,0,0,0,0,0,0,58,0,0,0,2282,detection,
2282848,19,15,1135,1135,0,0,0,0,0,0,58,0,0,0,2282,detection,
2284055,10,21,512,512,0,0,0,0,0,0,40,0,0,0,2284,detection,
2284178,10,4,512,512,0,0,0,0,0,0,37,0,0,0,2284,detection,
2284206,16,4,512,512,0,0,0,0,0,0,54,0,0,0,2284,detection,
2284233,21,4,512,512,0,0,0,0,0,0,46,0,0,0,2284,detection,
2285919,5,14,2159,2159,0,0,0,70,0,16,55,0,61,40,2285,detection,
2285953,7,14,2159,2159,0,0,0,0,0,0,52,0,0,0,2285,detection,
2286922,5,19,-1,-1,0,0,0,0,0,0,56,0,0,0,2286,detection,
2287004,1,20,512,512,0,0,0,0,0,0,72,0,0,0,2287,detection,
2287098,6,20,512,512,0,0,0,0,0,0,52,0,0,0,2287,detection,
2289678,10,4,512,512,0,0,0,0,0,0,38,0,0,0,2289,detection,
2290968,1,6,-1,-1,0,0,0,0,0,0,41,0,0,0,2290,detection,
2291804,10,21,512,512,0,0,0,0,0,0,41,0,0,0,2291,detection,
2292529,15,19,-1,-1,0,0,0,0,0,0,58,0,0,0,2292,detection,
2293323,4,10,-1,-1,0,0,0,0,0,0,59,0,0,0,2293,detection,
2293327,16,10,-1,-1,0,0,0,0,0,0,63,0,0,0,2293,detection,
2293357,21,10,-1,-1,0,0,0,0,0,0,59,0,0,0,2293,detection,
2296331,16,11,-1,-1,0,0,0,0,0,0,57,0,0,0,2296,detection,
2297051,10,21,512,512,0,0,0,0,0,0,41,0,0,0,2297,detection,
2298973,19,15,1024,1024,0,0,0,0,0,0,61,0,0,0,2298,detection,
2300296,1,6,1024,1024,0,0,0,0,0,0,41,0,0,0,2300,detection,
2301455,7,9,1536,1536,0,0,0,0,0,0,62,0,0,0,2301,detection,
2302832,7,20,512,512,0,0,0,0,0,0,86,0,0,0,2302,detection,
2304473,19,15,768,768,0,0,0,0,0,0,63,0,0,0,2304,detection,
2309348,17,8,1280,1280,0,0,0,0,0,0,65,0,0,0,2309,detection,
2309461,7,14,1280,1280,0,0,0,0,0,0,56,0,0,0,2309,detection,
2309557,13,9,1024,1024,0,0,0,0,0,0,55,0,0,0,2309,detection,
2309603,17,9,1024,1024,0,0,0,8,0,14,68,0,0,0,2309,detection,
2311296,5,31,-512,1792,-2304,0,100,100,100,0,63,0,48,40,2311,detection,
2311901,22,13,1536,1536,0,0,0,0,0,0,58,0,0,0,2311,detection,
2311923,5,13,1536,1536,0,0,0,0,0,0,60,0,0,0,2311,detection,
2312313,8,22,-1,-1,0,0,0,0,0,0,47,0,0,0,2312,detection,
2312427,13,22,-1,-1,0,0,0,0,0,0,53,0,0,0,2312,detection,
2312433,5,22,-1,-1,0,0,0,0,0,0,50,0,0,0,2312,detection,
2312804,20,7,1280,1280,0,0,0,0,0,0,64,0,0,0,2312,detection,
2313453,16,11,1024,1024,0,0,0,0,0,0,57,0,0,0,2313,detection,
2314202,7,14,1280,1280,0,0,0,0,0,0,56,0,0,0,2314,detection,
2315223,17,8,1024,1024,0,0,0,0,0,0,67,0,0,0,2315,detection,
2315851,19,15,1043,1043,0,0,0,0,0,0,64,0,0,0,2315,detection,
2316618,9,30,-512,857,-1369,0,100,100,59,0,43,0,66,55,2316,detection,
2316623,2,30,-512,857,-1369,0,100,100,56,0,48,0,60,40,2316,detection,
2317275,22,13,1536,1536,0,0,0,0,0,0,58,0,0,0,2317,detection,
2317297,5,13,1536,1536,0,0,0,0,0,0,56,0,0,0,2317,detection,
2317314,8,13,1536,1536,0,0,0,0,0,0,49,0,0,0,2317,detection,
2317995,9,22,-1,-1,0,0,0,0,0,0,45,0,0,0,2317,detection,
2319561,20,19,1536,1536,0,0,0,0,0,0,54,0,0,0,2319,detection,
2319825,16,4,512,512,0,0,0,0,0,0,54,0,0,0,2319,detection,
2319854,21,4,512,512,0,0,0,0,0,0,47,0,0,0,2319,detection,
2320369,2,30,-512,1078,-1590,0,100,100,29,0,48,0,60,40,2320,detection,
2320372,9,30,-512,1078,-1590,0,100,100,30,0,43,0,66,55,2320,detection,
2320672,5,31,-512,1561,-2073,0,100,100,26,0,62,0,54,40,2320,detection,
2321054,20,7,1254,1254,0,0,0,0,0,0,63,0,0,0,2321,detection,
2323272,1,6,-1,-1,0,0,0,0,0,0,44,0,0,0,2323,detection,
2324438,8,22,-1,-1,0,0,0,0,0,0,46,0,0,0,2324,detection,
2324497,9,22,-1,-1,0,0,0,0,0,0,48,0,0,0,2324,detection,
2324545,5,22,-1,-1,0,0,0,0,0,0,49,0,0,0,2324,detection,
2324549,13,22,-1,-1,0,0,0,0,0,0,53,0,0,0,2324,detection,
2325027,22,13,1536,1536,0,0,0,0,0,0,57,0,0,0,2325,detection,
2325044,5,13,1536,1536,0,0,0,0,0,0,55,0,0,0,2325,detection,
2325061,8,13,1536,1536,0,0,0,0,0,0,49,0,0,0,2325,detection,
2326059,20,29,-512,1135,-1647,0,100,100,75,0,58,0,58,40,2326,detection,
2326085,7,29,-512,1135,-1647,0,100,100,26,0,42,0,66,55,2326,detection,
2326643,12,4,512,512,0,0,0,70,0,0,48,0,65,55,2326,detection,
2326680,13,30,-512,1277,-1789,0,100,100,0,0,59,0,58,40,2326,detection,
2326685,8,30,-512,1277,-1789,0,100,100,0,0,91,0,48,40,2326,detection,
2326744,2,30,-512,1277,-1789,0,100,100,25,0,50,0,58,40,2326,detection,
2326749,9,30,-512,1277,-1789,0,100,100,27,0,44,0,64,40,2326,detection,
2327121,9,22,2048,2048,0,0,0,0,0,0,51,0,0,0,2327,detection,
2327176,13,22,2048,2048,0,0,0,0,0,0,57,0,0,0,2327,detection,
2327185,8,22,2048,2048,0,0,0,0,0,0,49,0,0,0,2327,detection,
2327472,17,8,1024,1024,0,0,0,0,0,0,68,0,0,0,2327,detection,
2327489,14,8,1024,1024,0,0,0,0,0,0,71,0,0,0,2327,detection,
2327922,5,13,1536,1536,0,0,0,0,0,0,58,0,0,0,2327,detection,
2327923,22,13,1536,1536,0,0,0,0,0,0,53,0,0,0,2327,detection,
2328029,15,19,1737,1737,0,0,0,0,0,0,58,0,0,0,2328,detection,
2328225,19,15,1184,1184,0,0,0,0,0,0,59,0,0,0,2328,detection,
2328378,9,2,-1,-1,0,0,0,0,0,0,55,0,0,0,2328,detection,
2328405,15,2,-1,-1,0,0,0,0,0,0,49,0,0,0,2328,detection,
2329430,13,9,-1,-1,0,0,0,0,0,0,59,0,0,0,2329,detection,
2329473,17,9,-1,-1,0,0,0,0,0,15,66,0,0,0,2329,detection,
2331928,13,30,-512,1277,-1789,0,100,100,0,0,56,0,58,40,2331,detection,
2332827,7,14,1280,1280,0,0,0,0,0,0,56,0,0,0,2332,detection,
2333055,20,19,1878,1878,0,0,0,0,0,0,58,0,0,0,2333,detection,
2336978,1,6,768,768,0,0,0,0,0,0,44,0,0,0,2336,detection,
2339234,21,4,512,512,0,0,0,0,0,0,43,0,0,0,2339,detection,
2339906,22,14,1280,1280,0,0,0,17,0,16,55,0,0,0,2339,detection,
2341155,15,19,1280,1280,0,0,0,0,0,0,58,0,0,0,2341,detection,
2341182,20,19,1280,1280,0,0,0,0,0,0,58,0,0,0,2341,detection,
2342327,7,20,1280,1280,0,0,0,0,0,0,89,0,0,0,2342,detection,
2345858,21,4,512,512,0,0,0,0,0,0,43,0,0,0,2345,detection,
2348737,11,19,1280,1280,0,0,0,0,0,0,61,0,0,0,2348,detection,
2350858,14,8,1000,1000,0,0,0,0,0,0,65,0,0,0,2350,detection,
2352304,20,7,1555,1555,0,0,0,0,0,0,59,0,0,0,2352,detection,
2355082,16,31,-512,1024,-1536,0,100,100,90,0,53,0,58,40,2355,detection,
2358312,1,23,-512,1024,-1536,0,100,100,100,0,41,0,68,55,2358,detection,
2361026,22,16,-1,-1,0,0,0,0,0,0,58,0,0,0,2361,detection,
2362829,4,10,1254,1254,0,0,0,0,0,0,58,0,0,0,2362,detection,
2362863,14,10,1254,1254,0,0,0,0,0,0,42,0,0,0,2362,detection,
2362893,12,10,1254,1254,0,0,0,0,0,0,73,0,0,0,2362,detection,
2362928,13,10,1254,1254,0,0,0,0,0,0,59,0,0,0,2362,detection,
2363499,1,23,-512,1024,-1536,0,100,100,0,0,41,0,68,55,2363,detection,
2364657,15,5,-1,-256,255,0,53,80,35,0,44,0,69,55,2364,detection,
2365556,20,6,742,742,0,0,0,0,0,0,38,0,0,0,2365,detection,
2366650,22,16,-1,-1,0,0,0,0,0,0,57,0,0,0,2366,detection,
2368062,20,29,-512,1536,-2048,0,100,100,46,0,62,0,54,40,2368,detection,
2368603,19,11,1254,1254,0,0,0,0,0,0,50,0,0,0,2368,detection,
2369248,2,30,-512,1256,-1768,0,100,100,2,0,55,0,58,40,2369,detection,
2373038,15,25,-512,1903,-2415,0,100,100,53,10,40,0,69,55,2373,detection,
2374059,20,19,1851,1851,0,0,0,0,0,0,58,0,0,0,2374,detection,
2374099,6,19,1851,1851,0,0,0,0,0,0,49,0,0,0,2374,detection,
2374111,11,19,1851,1851,0,0,0,0,0,0,61,0,0,0,2374,detection,
2376845,6,19,1851,1851,0,0,0,0,0,0,48,0,0,0,2376,detection,
2376857,11,19,1851,1851,0,0,0,0,0,0,60,0,0,0,2376,detection,
2377181,20,29,-512,1536,-2048,0,100,100,0,0,59,0,58,40,2377,detection,
2381968,6,19,-1,-1,0,0,0,0,0,0,47,0,0,0,2381,detection,
2381988,11,19,-1,-1,0,0,0,0,0,0,56,0,0,0,2381,detection,
2384037,15,25,-512,1903,-2415,0,100,100,0,10,40,0,69,55,2384,detection,
2384062,8,25,-512,1903,-2415,0,100,100,75,0,57,0,58,40,2384,detection,
2387576,4,14,-1,-1,0,0,0,70,0,15,62,0,55,40,2387,detection,
2387609,21,14,-1,-1,0,0,0,0,0,0,34,0,0,0,2387,detection,
2404688,8,25,-512,768,-1280,0,100,100,100,0,56,0,58,40,2404,detection,
2407509,1,23,-512,768,-1280,0,100,100,37,0,40,0,69,55,2407,detection,
2412690,1,23,-512,512,-1024,0,100,100,36,0,42,0,66,55,2412,detection,
2412801,5,23,-512,512,-1024,0,100,100,33,0,51,0,58,40,2412,detection,
2412805,10,23,-512,512,-1024,0,100,100,61,0,58,0,58,40,2412,detection,
2416966,1,23,-512,-1,-511,100,100,100,73,0,41,0,69,55,2416,detection,
2419051,5,31,-512,742,-1254,0,100,100,99,0,57,0,58,40,2419,detection,
2420493,9,10,768,768,0,0,0,0,0,0,53,0,0,0,2420,detection,
2421056,10,23,-512,-1,-511,100,91,100,61,0,59,0,56,40,2421,detection,
2425743,9,10,768,768,0,0,0,0,0,0,48,0,0,0,2425,detection,
2430991,9,10,742,742,0,0,0,0,0,0,47,0,0,0,2430,detection,
2433178,10,9,768,768,0,0,0,0,0,0,54,0,0,0,2433,detection,
2437421,5,31,-512,680,-1192,0,100,100,7,0,56,0,58,40,2437,detection,
2437601,6,10,698,698,0,0,0,0,0,0,44,0,0,0,2437,detection,
2437619,9,10,698,698,0,0,0,0,0,0,46,0,0,0,2437,detection,
2441553,20,7,-1,-1,0,0,0,0,0,0,62,0,0,0,2441,detection,
2441578,4,7,-1,-1,0,0,0,0,0,0,42,0,0,0,2441,detection,
2442095,6,10,698,698,0,0,0,0,0,0,44,0,0,0,2442,detection,
2442111,14,10,698,698,0,0,0,0,0,0,45,0,0,0,2442,detection,
2442117,9,10,698,698,0,0,0,0,0,0,46,0,0,0,2442,detection,
2443796,5,31,-512,647,-1159,0,100,100,4,0,56,0,58,40,2443,detection,
2444791,1,6,512,512,0,0,0,0,0,0,45,0,0,0,2444,detection,
2444848,19,6,512,512,0,0,0,0,0,0,44,0,0,0,2444,detection,
2447555,10,9,512,512,0,0,0,0,0,0,55,0,0,0,2447,detection,
2448029,22,10,1024,1024,0,0,0,0,0,0,63,0,0,0,2448,detection,
2448037,18,10,1024,1024,0,0,0,0,0,0,81,0,0,0,2448,detection,
2448324,4,22,1024,1024,0,0,0,0,0,0,56,0,0,0,2448,detection,
2448325,16,22,1024,1024,0,0,0,0,0,0,49,0,0,0,2448,detection,
2448431,13,22,1024,1024,0,0,0,0,0,0,56,0,0,0,2448,detection,
2448774,1,6,512,512,0,0,0,0,0,0,42,0,0,0,2448,detection,
2449115,14,31,-512,647,-1159,0,100,100,34,0,91,0,48,40,2449,detection,
2449171,5,31,-512,647,-1159,0,100,100,0,0,55,0,58,40,2449,detection,
2449634,1,2,768,768,0,0,0,0,0,0,45,0,0,0,2449,detection,
2449786,18,13,-1,-1,0,0,0,0,0,0,83,0,0,0,2449,detection,
2449828,4,13,-1,-1,0,0,0,0,0,0,60,0,0,0,2449,detection,
2451159,15,18,1024,1024,0,0,0,0,0,0,98,0,0,0,2451,detection,
2452224,6,10,768,768,0,0,0,0,0,0,47,0,0,0,2452,detection,
2452241,14,10,768,768,0,0,0,0,0,0,50,0,0,0,2452,detection,
2453074,4,13,-1,-1,0,0,0,0,0,0,59,0,0,0,2453,detection,
2453108,14,13,-1,-1,0,0,0,0,0,0,59,0,0,0,2453,detection,
2453849,19,18,1024,1024,0,0,0,0,0,0,51,0,0,0,2453,detection,
2453904,15,18,1024,1024,0,0,0,0,0,0,93,0,0,0,2453,detection,
2453905,22,18,1024,1024,0,0,0,0,0,0,54,0,0,0,2453,detection,
2454297,5,31,-512,647,-1159,0,100,100,0,0,55,0,58,40,2454,detection,
2454453,16,4,1536,1536,0,0,0,0,0,0,58,0,0,0,2454,detection,
2454465,7,4,1536,1536,0,0,0,0,0,0,57,0,0,0,2454,detection,
2454488,14,4,1536,1536,0,0,0,0,0,0,55,0,0,0,2454,detection,
2454531,22,4,1536,1536,0,0,0,0,0,0,53,0,0,0,2454,detection,
2454689,13,22,768,768,0,0,0,0,0,0,58,0,0,0,2454,detection,
2454701,4,22,768,768,0,0,0,0,0,0,57,0,0,0,2454,detection,
2454702,16,22,768,768,0,0,0,0,0,0,50,0,0,0,2454,detection,
2454912,22,16,-1,-1,0,0,0,0,0,0,57,0,0,0,2454,detection,
2456235,1,2,512,512,0,0,0,0,0,0,46,0,0,0,2456,detection,
2460235,14,4,1024,1024,0,0,0,0,0,0,60,0,0,0,2460,detection,
2460263,1,6,-1,-1,0,0,0,0,0,0,45,0,0,0,2460,detection,
2464641,12,14,-1,-1,0,0,0,8,0,16,55,0,0,0,2464,detection,
2465014,1,2,512,512,0,0,0,0,0,0,46,0,0,0,2465,detection,
2467862,14,4,1024,1024,0,0,0,0,0,0,61,0,0,0,2467,detection,
2480489,11,5,512,512,0,0,0,0,0,0,85,0,0,0,2480,detection,
2484008,1,20,768,768,0,0,0,0,0,0,73,0,0,0,2484,detection,
2485980,19,5,-1,-1,0,0,0,0,0,0,81,0,0,0,2485,detection,
2485985,11,5,-1,-1,0,0,0,0,0,0,88,0,0,0,2485,detection,
2486978,17,9,512,512,0,0,0,0,0,15,66,0,0,0,2486,detection,
2489061,8,25,-512,512,-1024,0,100,100,30,0,58,0,58,40,2489,detection,
2493096,17,9,512,512,0,0,0,0,0,15,61,0,0,0,2493,detection,
2493509,1,20,768,768,0,0,0,0,0,0,68,0,0,0,2493,detection,
2495523,1,2,512,512,0,0,0,0,0,0,42,0,0,0,2495,detection,
2497222,17,9,512,512,0,0,0,0,0,7,61,0,0,0,2497,detection,
2501255,1,2,512,512,0,0,0,0,0,0,42,0,0,0,2501,detection,
2501348,17,9,512,512,0,0,0,0,0,0,60,0,0,0,2501,detection,
2501671,1,20,512,512,0,0,0,0,0,0,68,0,0,0,2501,detection,
2507062,1,20,512,512,0,0,0,0,0,0,68,0,0,0,2507,detection,
2510185,8,25,-512,512,-1024,0,100,100,0,0,56,0,58,40,2510,detection,
2511477,17,11,-1,-1,0,0,0,70,0,0,53,0,61,40,2511,detection,
2511609,11,22,-1,-1,0,0,0,0,0,0,55,0,0,0,2511,detection,
2511622,9,22,-1,-1,0,0,0,0,0,0,54,0,0,0,2511,detection,
2511686,8,22,-1,-1,0,0,0,0,0,0,52,0,0,0,2511,detection,
2511698,4,22,-1,-1,0,0,0,0,0,0,60,0,0,0,2511,detection,
2512936,8,25,-512,742,-1254,0,100,100,28,0,55,0,58,40,2512,detection,
2513536,18,2,512,512,0,0,0,0,0,0,46,0,0,0,2513,detection,
2513972,17,9,512,512,0,0,0,0,0,0,59,0,0,0,2513,detection,
2514988,11,14,998,998,0,0,0,25,3,18,47,0,0,0,2514,detection,
2515575,4,8,1024,1024,0,0,0,0,0,0,57,0,0,0,2515,detection,
2515600,17,8,1024,1024,0,0,0,0,0,0,62,0,0,0,2515,detection,
2516046,5,19,-1,-1,0,0,0,0,0,0,52,0,0,0,2516,detection,
2516724,17,11,512,512,0,0,0,70,0,0,58,0,61,40,2516,detection,
2519937,8,25,-512,742,-1254,0,100,100,0,0,55,0,58,40,2519,detection,
2521095,17,9,512,512,0,0,0,0,0,0,59,0,0,0,2521,detection,
2521399,11,14,1023,1023,0,0,0,17,0,18,46,0,0,0,2521,detection,
2522082,16,22,768,768,0,0,0,0,0,0,55,0,0,0,2522,detection,
2522112,11,22,768,768,0,0,0,0,0,0,59,0,0,0,2522,detection,
2522122,9,22,768,768,0,0,0,0,0,0,60,0,0,0,2522,detection,
2523143,12,2,-1,-1,0,0,0,0,0,0,48,0,0,0,2523,detection,
2523160,18,2,-1,-1,0,0,0,0,0,0,50,0,0,0,2523,detection,
2523421,1,20,512,512,0,0,0,0,0,0,64,0,0,0,2523,detection,
2523497,9,20,512,512,0,0,0,0,0,0,53,0,0,0,2523,detection,
2526108,11,22,768,768,0,0,0,0,0,0,59,0,0,0,2526,detection,
2526121,9,22,768,768,0,0,0,0,0,0,61,0,0,0,2526,detection,
2526187,8,25,-512,742,-1254,0,100,100,0,0,54,0,58,40,2526,detection,
2529671,5,19,1024,1024,0,0,0,0,0,0,56,0,0,0,2529,detection,
2529745,9,20,512,512,0,0,0,0,0,0,54,0,0,0,2529,detection,
2531081,7,14,1000,1000,0,0,0,0,0,0,56,0,0,0,2531,detection,
2531110,11,14,1000,1000,0,0,0,0,0,18,45,0,0,0,2531,detection,
2532576,16,22,768,768,0,0,0,0,0,0,52,0,0,0,2532,detection,
2532619,9,22,768,768,0,0,0,0,0,0,62,0,0,0,2532,detection,
2533705,7,9,768,768,0,0,0,0,0,0,58,0,0,0,2533,detection,
2535142,12,30,-512,1043,-1555,0,100,100,28,0,58,0,58,40,2535,detection,
2535164,18,30,-512,1043,-1555,0,100,100,29,0,53,0,58,40,2535,detection,
2535208,7,29,-512,1280,-1792,0,100,100,20,0,41,0,68,55,2535,detection,
2535210,4,30,-512,1043,-1555,0,100,100,26,0,67,0,48,40,2535,detection,
2535245,2,30,-512,1043,-1555,0,100,100,25,0,58,0,58,40,2535,detection,
2539331,7,14,1000,1000,0,0,0,0,0,0,55,0,0,0,2539,detection,
2539348,6,14,1000,1000,0,0,0,70,0,0,49,0,63,40,2539,detection,
2539360,21,14,1000,1000,0,0,0,0,0,0,37,0,0,0,2539,detection,
2539391,12,14,1000,1000,0,0,0,0,0,16,57,0,0,0,2539,detection,
2539403,22,14,1000,1000,0,0,0,8,0,16,55,0,0,0,2539,detection,
2539833,7,29,-512,1512,-2024,0,100,100,32,0,44,0,64,40,2539,detection,
2539935,20,29,-512,1512,-2024,0,100,100,2,0,61,0,56,40,2539,detection,
2541929,20,7,1024,1024,0,0,0,0,0,0,64,0,0,0,2541,detection,
2542414,18,4,-1,-1,0,0,0,0,0,0,59,0,0,0,2542,detection,
2542610,21,17,529,529,0,0,0,70,0,0,54,0,61,40,2542,detection,
2545702,7,14,1000,1000,0,0,0,0,0,0,55,0,0,0,2545,detection,
2545721,6,14,1000,1000,0,0,0,70,0,0,49,0,63,40,2545,detection,
2545733,21,14,1000,1000,0,0,0,0,0,0,37,0,0,0,2545,detection,
2548181,20,29,-512,-1,-511,100,66,100,100,0,100,0,49,40,2548,detection,
2548356,21,17,525,525,0,0,0,70,0,0,55,0,61,40,2548,detection,
2548784,18,2,-1,-1,0,0,0,0,0,0,50,0,0,0,2548,detection,
2548822,4,2,-1,-1,0,0,0,0,0,0,57,0,0,0,2548,detection,
2551423,5,14,988,988,0,0,0,70,0,16,57,0,61,40,2551,detection,
2551452,7,14,988,988,0,0,0,0,0,0,54,0,0,0,2551,detection,
2554369,9,20,1024,1024,0,0,0,0,0,0,56,0,0,0,2554,detection,
2554458,7,20,1024,1024,0,0,0,0,0,0,85,0,0,0,2554,detection,
2560554,13,20,1024,1024,0,0,0,0,0,0,52,0,0,0,2560,detection,
2560580,7,20,1024,1024,0,0,0,0,0,0,82,0,0,0,2560,detection,
2560601,6,20,1024,1024,0,0,0,0,0,0,55,0,0,0,2560,detection,
2560618,9,20,1024,1024,0,0,0,0,0,0,54,0,0,0,2560,detection,
2564804,20,13,1530,1530,0,0,0,0,0,0,50,0,0,0,2564,detection,
2565457,1,2,768,768,0,0,0,0,0,0,42,0,0,0,2565,detection,
2568994,9,20,1500,1500,0,0,0,0,0,0,56,0,0,0,2568,detection,
2569538,18,14,1018,1018,0,0,0,0,0,0,40,0,0,0,2569,detection,
2569548,5,14,1018,1018,0,0,0,70,0,16,56,0,61,40,2569,detection,
2569577,7,9,1512,1512,0,0,0,0,0,0,61,0,0,0,2569,detection,
2571654,1,2,512,512,0,0,0,0,0,0,42,0,0,0,2571,detection,
2571688,8,2,512,512,0,0,0,0,0,0,57,0,0,0,2571,detection,
2571952,1,28,-512,-1,-511,100,100,100,75,0,39,0,71,75,2571,detection,
2572612,11,19,1051,1051,0,0,0,0,0,0,59,0,0,0,2572,detection,
2572972,17,8,-1,-1,0,0,0,0,0,0,67,0,0,0,2572,detection,
2572989,14,8,-1,-1,0,0,0,0,0,0,69,0,0,0,2572,detection,
2573071,4,8,-1,-1,0,0,0,0,0,0,63,0,0,0,2573,detection,
2573620,9,20,1500,1500,0,0,0,0,0,0,55,0,0,0,2573,detection,
2573705,7,20,1500,1500,0,0,0,0,0,0,79,0,0,0,2573,detection,
2576115,1,2,512,512,0,0,0,0,0,0,42,0,0,0,2576,detection,
2578236,11,19,1051,1051,0,0,0,0,0,0,59,0,0,0,2578,detection,
2578334,7,13,1536,1536,0,0,0,0,0,0,62,0,0,0,2578,detection,
2578384,1,28,-512,1280,-1792,0,100,100,100,0,46,0,63,40,2578,detection,
2578561,8,25,-512,1530,-2042,0,100,100,95,0,58,0,58,40,2578,detection,
2580358,11,22,1280,1280,0,0,0,0,0,0,62,0,0,0,2580,detection,
2580678,20,7,1815,1815,0,0,0,0,0,0,64,0,0,0,2580,detection,
2582154,22,10,512,512,0,0,0,0,0,0,64,0,0,0,2582,detection,
2583610,11,19,768,768,0,0,0,0,0,0,58,0,0,0,2583,detection,
2584928,20,7,1815,1815,0,0,0,0,0,0,64,0,0,0,2584,detection,
2585220,6,20,1500,1500,0,0,0,0,0,0,58,0,0,0,2585,detection,
2585249,9,20,1500,1500,0,0,0,0,0,0,54,0,0,0,2585,detection,
2585989,14,2,512,512,0,0,0,0,0,0,58,0,0,0,2585,detection,
2586015,12,2,512,512,0,0,0,0,0,0,52,0,0,0,2586,detection,
2586036,15,2,512,512,0,0,0,0,0,0,54,0,0,0,2586,detection,
2586039,18,2,512,512,0,0,0,0,0,0,51,0,0,0,2586,detection,
2586061,8,2,512,512,0,0,0,0,0,0,58,0,0,0,2586,detection,
2586077,4,2,512,512,0,0,0,0,0,0,58,0,0,0,2586,detection,
2586966,17,8,1024,1024,0,0,0,0,0,0,66,0,0,0,2586,detection,
2587582,16,31,-512,1024,-1536,0,100,100,0,0,57,0,58,40,2587,detection,
2587957,7,9,2012,2012,0,0,0,0,0,0,60,0,0,0,2587,detection,
2589451,7,13,1536,1536,0,0,0,0,0,0,57,0,0,0,2589,detection,
2593346,17,8,1024,1024,0,0,0,0,0,0,64,0,0,0,2593,detection,
2593360,14,8,1024,1024,0,0,0,0,0,0,67,0,0,0,2593,detection,
2595080,16,31,-512,1280,-1792,0,100,100,32,0,53,0,58,40,2595,detection,
2597734,14,8,1024,1024,0,0,0,0,0,0,66,0,0,0,2597,detection,
2598265,12,2,512,512,0,0,0,0,0,0,52,0,0,0,2598,detection,
2601202,7,13,1536,1536,0,0,0,0,0,0,56,0,0,0,2601,detection,
2601293,5,13,1536,1536,0,0,0,0,0,0,58,0,0,0,2601,detection,
2603675,5,19,-1,-1,0,0,0,0,0,0,56,0,0,0,2603,detection,
2608682,13,9,-1,-1,0,0,0,0,0,0,58,0,0,0,2608,detection,
2611398,22,10,742,742,0,0,0,0,0,0,63,0,0,0,2611,detection,
2611544,5,13,1655,1655,0,0,0,0,0,0,58,0,0,0,2611,detection,
2611738,21,31,-512,1280,-1792,0,100,100,50,0,83,0,48,40,2611,detection,
2611802,5,31,-512,1280,-1792,0,100,100,75,0,60,0,58,40,2611,detection,
2618280,22,10,719,719,0,0,0,0,0,0,62,0,0,0,2618,detection,
2618369,9,2,-1,-1,0,0,0,0,0,0,55,0,0,0,2618,detection,
2618407,18,2,-1,-1,0,0,0,0,0,0,54,0,0,0,2618,detection,
2618407,15,2,-1,-1,0,0,0,0,0,0,57,0,0,0,2618,detection,
2618445,4,2,-1,-1,0,0,0,0,0,0,57,0,0,0,2618,detection,
2618453,16,2,-1,-1,0,0,0,0,0,0,56,0,0,0,2618,detection,
2619122,2,13,1655,1655,0,0,0,0,0,0,59,0,0,0,2619,detection,
2619160,18,13,1655,1655,0,0,0,0,0,0,80,0,0,0,2619,detection,
2621525,22,10,698,698,0,0,0,0,0,0,61,0,0,0,2621,detection,
2621747,9,20,-1,-1,0,0,0,0,0,0,60,0,0,0,2621,detection,
2621803,13,20,-1,-1,0,0,0,0,0,0,60,0,0,0,2621,detection,
2621931,13,30,-512,2167,-2679,0,100,100,100,0,59,0,58,40,2621,detection,
2622045,5,18,1024,1024,0,0,0,0,0,0,37,0,0,0,2622,detection,
2623035,15,25,-512,1536,-2048,0,100,100,50,9,44,0,64,40,2623,detection,
2623060,8,25,-512,1536,-2048,0,100,100,0,0,57,0,58,40,2623,detection,
2625724,6,23,-512,1536,-2048,0,100,100,100,0,56,0,58,40,2625,detection,
2625784,15,23,-512,1536,-2048,0,100,100,68,9,48,0,60,40,2625,detection,
2625909,15,25,-512,1536,-2048,0,100,100,0,10,39,0,69,55,2625,detection,
2625934,8,25,-512,1536,-2048,0,100,100,0,0,57,0,58,40,2625,detection,
2627273,1,28,-512,975,-1487,0,100,100,43,0,42,0,66,55,2627,detection,
2628101,19,18,1024,1024,0,0,0,0,0,0,54,0,0,0,2628,detection,
2628399,22,10,647,647,0,0,0,0,0,0,61,0,0,0,2628,detection,
2630368,2,13,1351,1351,0,0,0,0,0,0,59,0,0,0,2630,detection,
2630420,5,13,1351,1351,0,0,0,0,0,0,58,0,0,0,2630,detection,
2632058,8,25,-512,1536,-2048,0,100,100,0,0,56,0,58,40,2632,detection,
2632157,15,25,-512,1536,-2048,0,100,100,0,10,39,0,69,55,2632,detection,
2633786,18,29,-512,1280,-1792,0,100,100,55,9,49,0,59,40,2633,detection,
2635196,1,28,-512,903,-1415,0,100,100,10,0,43,0,66,55,2635,detection,
2638536,18,29,-512,1280,-1792,0,100,100,0,8,51,0,58,40,2638,detection,
2638561,20,29,-512,1280,-1792,0,100,100,100,0,100,0,48,40,2638,detection,
2640302,5,23,-512,-1,-511,100,96,100,64,0,54,0,56,40,2640,detection,
2640307,13,23,-512,-1,-511,100,94,100,0,0,56,0,56,40,2640,detection,
2640310,20,23,-512,-1,-511,100,89,100,0,0,61,0,54,40,2640,detection,
2640467,1,28,-512,768,-1280,0,100,100,18,0,46,0,63,40,2640,detection,
2642230,21,14,-1,-1,0,0,0,0,0,0,41,0,0,0,2642,detection,
2642288,18,14,-1,-1,0,0,0,0,0,0,39,0,0,0,2642,detection,
2649911,1,28,-512,768,-1280,0,100,100,0,0,45,0,63,40,2649,detection,
2652809,20,6,-1,-1,0,0,0,0,0,0,38,0,0,0,2652,detection,
2656108,11,22,768,768,0,0,0,0,0,0,61,0,0,0,2656,detection,
2660181,13,9,-1,-1,0,0,0,0,0,0,58,0,0,0,2660,detection,
2661223,19,22,512,512,0,0,0,0,0,0,54,0,0,0,2661,detection,
2663766,1,28,-512,1024,-1536,0,100,100,35,0,44,0,64,40,2663,detection,
2664399,22,10,1024,1024,0,0,0,0,0,0,60,0,0,0,2664,detection,
2665314,8,22,512,512,0,0,0,0,0,0,56,0,0,0,2665,detection,
2665348,19,22,512,512,0,0,0,0,0,0,54,0,0,0,2665,detection,
2665360,11,22,512,512,0,0,0,0,0,0,62,0,0,0,2665,detection,
2666110,14,8,-1,-1,0,0,0,0,0,0,64,0,0,0,2666,detection,
2670434,8,22,512,512,0,0,0,0,0,0,56,0,0,0,2670,detection,
2670532,1,28,-512,1024,-1536,0,100,100,0,0,44,0,64,40,2670,detection,
2676811,1,28,-512,1280,-1792,0,100,100,35,0,43,0,66,55,2676,detection,
2678226,19,22,-1,-1,0,0,0,0,0,0,57,0,0,0,2678,detection,
2678235,11,22,-1,-1,0,0,0,0,0,0,61,0,0,0,2678,detection,
2696857,14,8,512,512,0,0,0,0,0,0,66,0,0,0,2696,detection,
2702310,8,25,-512,1024,-1536,0,100,100,65,0,52,0,58,40,2702,detection,
2703352,17,7,742,742,0,0,0,0,0,0,62,0,0,0,2703,detection,
2703926,13,10,1024,1024,0,0,0,0,0,0,58,0,0,0,2703,detection,
2703950,4,10,1024,1024,0,0,0,0,0,0,58,0,0,0,2703,detection,
2703951,16,10,1024,1024,0,0,0,0,0,0,62,0,0,0,2703,detection,
2703989,14,10,1024,1024,0,0,0,0,0,0,53,0,0,0,2703,detection,
2703994,9,10,1024,1024,0,0,0,0,0,0,49,0,0,0,2703,detection,
2704011,12,10,1024,1024,0,0,0,0,0,0,69,0,0,0,2704,detection,
2706605,19,13,1536,1536,0,0,0,0,0,0,50,0,0,0,2706,detection,
2706614,11,13,1536,1536,0,0,0,0,0,0,56,0,0,0,2706,detection,
2709412,15,30,-512,2048,-2560,0,100,100,52,0,78,0,48,40,2709,detection,
2709501,9,30,-512,2048,-2560,0,100,100,100,0,47,0,62,40,2709,detection,
2709518,12,30,-512,2048,-2560,0,100,100,100,0,57,0,58,40,2709,detection,
2710451,16,10,1024,1024,0,0,0,0,0,0,62,0,0,0,2710,detection,
2710923,5,31,-512,1536,-2048,0,100,100,30,0,59,0,58,40,2710,detection,
2710958,16,31,-512,1536,-2048,0,100,100,31,0,57,0,58,40,2710,detection,
2712055,20,13,1536,1536,0,0,0,0,0,0,53,0,0,0,2712,detection,
2712077,16,13,1536,1536,0,0,0,0,0,0,60,0,0,0,2712,detection,
2714388,12,30,-512,2048,-2560,0,100,100,0,0,57,0,58,40,2714,detection,
2714431,13,30,-512,2048,-2560,0,100,100,14,0,58,0,58,40,2714,detection,
2715104,19,11,768,768,0,0,0,0,0,0,55,0,0,0,2715,detection,
2718780,1,23,-512,-1,-511,100,100,100,0,0,41,0,69,55,2718,detection,
2718809,10,9,1536,1536,0,0,0,0,0,0,58,0,0,0,2718,detection,
2719681,13,9,1536,1536,0,0,0,0,0,0,57,0,0,0,2719,detection,
2719684,10,9,1536,1536,0,0,0,0,0,0,58,0,0,0,2719,detection,
2720286,15,30,-512,2048,-2560,0,100,100,0,0,76,0,48,40,2720,detection,
2720311,10,30,-512,2048,-2560,0,100,100,48,0,87,0,48,40,2720,detection,
2720364,21,30,-512,2048,-2560,0,100,100,100,0,43,0,66,55,2720,detection,
2720377,9,30,-512,2048,-2560,0,100,100,0,0,47,0,62,40,2720,detection,
2721500,9,20,-1,-1,0,0,0,0,0,0,59,0,0,0,2721,detection,
2721555,13,20,-1,-1,0,0,0,0,0,0,63,0,0,0,2721,detection,
2727267,12,30,-512,-1,-511,100,94,100,100,0,56,0,56,40,2727,detection,
2727282,15,30,-512,-1,-511,100,81,100,100,0,73,0,49,40,2727,detection,
2727311,10,30,-512,-1,-511,100,76,100,100,0,81,0,49,40,2727,detection,
2729565,8,22,1577,1577,0,0,0,0,0,0,60,0,0,0,2729,detection,
2729577,4,22,1577,1577,0,0,0,0,0,0,59,0,0,0,2729,detection,
2731208,7,4,1254,1254,0,0,0,0,0,0,57,0,0,0,2731,detection,
2731288,18,4,1254,1254,0,0,0,0,0,0,58,0,0,0,2731,detection,
2735332,1,13,1815,2071,-256,100,53,80,35,9,44,0,64,40,2735,detection,
2735431,20,13,1815,2071,-256,100,46,70,30,8,58,0,56,40,2735,detection,
2736333,16,22,1726,1726,0,0,0,0,0,0,55,0,0,0,2736,detection,
2742201,4,7,1590,1590,0,0,0,0,0,0,57,0,0,0,2742,detection,
2742935,8,25,-512,1683,-2195,0,100,100,80,0,56,0,58,40,2742,detection,
2743214,1,23,-512,768,-1280,0,100,100,100,0,37,0,69,55,2743,detection,
2750443,1,23,-512,537,-1049,0,100,100,34,0,38,0,69,55,2750,detection,
2751972,17,8,2050,2050,0,0,0,0,0,0,63,0,0,0,2751,detection,
2752485,21,16,1982,1982,0,0,0,0,0,0,58,0,0,0,2752,detection,
2755723,17,8,768,768,0,0,0,0,0,0,62,0,0,0,2755,detection,
2756684,8,25,-512,1696,-2208,0,100,100,1,0,56,0,58,40,2756,detection,
2757603,17,16,1982,1982,0,0,0,0,0,0,60,0,0,0,2757,detection,
2760719,17,8,-1,-1,0,0,0,0,0,0,62,0,0,0,2760,detection,
2760823,4,8,-1,-1,0,0,0,0,0,0,62,0,0,0,2760,detection,
2763230,21,16,1982,1982,0,0,0,0,0,0,59,0,0,0,2763,detection,
2764685,8,25,-512,1696,-2208,0,100,100,0,0,56,0,58,40,2764,detection,
2765327,1,23,-512,534,-1046,0,100,100,0,0,39,0,69,55,2765,detection,
2768724,17,16,1982,1982,0,0,0,0,0,0,61,0,0,0,2768,detection,
2768767,12,16,1982,1982,0,0,0,0,0,0,55,0,0,0,2768,detection,
2768811,8,16,1982,1982,0,0,0,0,0,0,61,0,0,0,2768,detection,
2774813,8,16,1982,1982,0,0,0,0,0,0,61,0,0,0,2774,detection,
2774847,17,16,1982,1982,0,0,0,0,0,0,62,0,0,0,2774,detection,
2775042,18,29,-512,-1,-511,100,96,100,100,0,54,0,56,40,2775,detection,
2775163,15,25,-512,-1,-511,100,100,100,100,9,42,0,67,55,2775,detection,
2778209,7,29,-512,-1,-511,100,100,100,100,0,48,0,59,40,2778,detection,
2779685,8,16,1982,1982,0,0,0,0,0,0,61,0,0,0,2779,detection,
2791028,1,23,-512,529,-1041,0,100,100,0,0,39,0,69,55,2791,detection,
2792659,15,25,-512,-1,-511,100,100,100,0,0,45,0,62,40,2792,detection,
2796817,1,23,-512,527,-1039,0,100,100,0,0,40,0,69,55,2796,detection,
2801823,1,23,-512,527,-1039,0,100,100,0,0,40,0,69,55,2801,detection,
2802476,19,6,-1,-1,0,0,0,0,0,0,47,0,0,0,2802,detection,
2802557,20,6,-1,-1,0,0,0,0,0,0,42,0,0,0,2802,detection,
2804617,9,16,-1,-1,0,0,0,0,0,0,51,0,0,0,2804,detection,
2812932,1,23,-512,768,-1280,0,100,100,34,0,40,0,69,55,2812,detection,
2813031,15,23,-512,768,-1280,0,100,100,99,0,51,0,58,40,2813,detection,
2814278,22,4,512,512,0,0,0,0,0,0,54,0,0,0,2814,detection,
2814325,16,4,512,512,0,0,0,0,0,0,59,0,0,0,2814,detection,
2817126,1,23,-512,512,-1024,0,100,100,37,0,40,0,69,55,2817,detection,
2818703,16,4,512,512,0,0,0,0,0,0,59,0,0,0,2818,detection,
2818774,22,4,512,512,0,0,0,0,0,0,55,0,0,0,2818,detection,
2819646,1,23,-512,512,-1024,0,100,100,0,0,37,0,69,55,2819,detection,
2821977,19,15,1024,1024,0,0,0,0,0,0,62,0,0,0,2821,detection,
2822932,8,16,1024,1024,0,0,0,0,0,0,64,0,0,0,2822,detection,
2823349,6,19,-1,-1,0,0,0,0,0,0,51,0,0,0,2823,detection,
2824825,1,20,768,768,0,0,0,0,0,0,59,0,0,0,2824,detection,
2824871,2,20,768,768,0,0,0,0,0,0,50,0,0,0,2824,detection,
2825546,1,23,-512,768,-1280,0,100,100,36,0,41,0,68,55,2825,detection,
2825560,20,23,-512,768,-1280,0,100,100,89,0,62,0,54,40,2825,detection,
2826805,13,22,1024,1024,0,0,0,0,0,0,57,0,0,0,2826,detection,
2826814,8,22,1024,1024,0,0,0,0,0,0,56,0,0,0,2826,detection,
2828186,10,30,-512,1280,-1792,0,100,100,100,0,84,0,48,40,2828,detection,
2828285,18,30,-512,1280,-1792,0,100,100,28,0,57,0,58,40,2828,detection,
2828620,9,22,1024,1024,0,0,0,0,0,0,57,0,0,0,2828,detection,
2828955,1,23,-512,768,-1280,0,100,100,0,0,41,0,68,55,2828,detection,
2828981,19,23,-512,768,-1280,0,100,100,91,0,60,0,58,40,2828,detection,
2829036,15,23,-512,768,-1280,0,100,100,0,0,55,0,58,40,2829,detection,
2829185,8,16,768,768,0,0,0,0,0,0,60,0,0,0,2829,detection,
2829235,21,16,768,768,0,0,0,0,0,0,59,0,0,0,2829,detection,
2831570,1,20,-1,-1,0,0,0,0,0,0,59,0,0,0,2831,detection,
2834000,9,16,768,768,0,0,0,0,0,0,52,0,0,0,2834,detection,
2834056,13,16,768,768,0,0,0,70,0,0,48,0,65,55,2834,detection,
2834572,4,22,768,768,0,0,0,0,0,0,60,0,0,0,2834,detection,
2837531,1,20,1280,1280,0,0,0,0,0,0,56,0,0,0,2837,detection,
2837617,2,20,1280,1280,0,0,0,0,0,0,53,0,0,0,2837,detection,
2838552,13,22,768,768,0,0,0,0,0,0,58,0,0,0,2838,detection,
2838561,8,22,768,768,0,0,0,0,0,0,56,0,0,0,2838,detection,
2838573,4,22,768,768,0,0,0,0,0,0,61,0,0,0,2838,detection,
2838578,16,22,768,768,0,0,0,0,0,0,59,0,0,0,2838,detection,
2838603,19,22,768,768,0,0,0,0,0,0,61,0,0,0,2838,detection,
2839609,14,8,-1,-1,0,0,0,0,0,0,64,0,0,0,2839,detection,
2839618,9,16,-1,-1,0,0,0,0,0,0,55,0,0,0,2839,detection,
2844448,4,22,768,768,0,0,0,0,0,0,62,0,0,0,2844,detection,
2844496,9,22,768,768,0,0,0,0,0,0,58,0,0,0,2844,detection,
2848637,1,20,768,768,0,0,0,0,0,0,53,0,0,0,2848,detection,
2851861,11,5,512,512,0,0,0,0,0,0,92,0,0,0,2851,detection,
2853167,1,20,768,768,0,0,0,0,0,0,51,0,0,0,2853,detection,
2853654,22,4,688,688,0,0,0,0,0,0,55,0,0,0,2853,detection,
2854072,4,22,512,512,0,0,0,0,0,0,62,0,0,0,2854,detection,
2854119,9,22,512,512,0,0,0,0,0,0,63,0,0,0,2854,detection,
2855473,17,11,1024,1024,0,0,0,70,0,0,60,0,61,40,2855,detection,
2855546,5,11,1024,1024,0,0,0,70,0,0,64,0,48,40,2855,detection,
2856201,16,13,1280,1280,0,0,0,0,0,0,59,0,0,0,2856,detection,
2856209,7,13,1280,1280,0,0,0,0,0,0,59,0,0,0,2856,detection,
2856234,14,13,1280,1280,0,0,0,0,0,0,59,0,0,0,2856,detection,
2856485,11,5,512,512,0,0,0,0,0,0,92,0,0,0,2856,detection,
2858167,18,29,-512,1024,-1536,0,100,100,100,0,57,0,58,40,2858,detection,
2861596,17,11,768,768,0,0,0,70,0,0,61,0,58,40,2861,detection,
2862278,22,4,670,670,0,0,0,0,0,0,54,0,0,0,2862,detection,
2867222,1,20,512,512,0,0,0,0,0,0,52,0,0,0,2867,detection,
2867248,9,20,512,512,0,0,0,0,0,0,64,0,0,0,2867,detection,
2868307,10,4,626,626,0,0,0,0,0,0,37,0,0,0,2868,detection,
2868393,12,4,626,626,0,0,0,70,0,0,47,0,67,55,2868,detection,
2868397,22,4,626,626,0,0,0,0,0,0,54,0,0,0,2868,detection,
2870908,15,5,537,537,0,0,0,70,33,0,48,0,64,40,2870,detection,
2871234,11,22,768,768,0,0,0,0,0,0,57,0,0,0,2871,detection,
2871243,9,22,768,768,0,0,0,0,0,0,63,0,0,0,2871,detection,
2871294,5,22,768,768,0,0,0,0,0,0,50,0,0,0,2871,detection,
2871332,16,22,768,768,0,0,0,0,0,0,63,0,0,0,2871,detection,
2871913,15,25,-512,-1,-511,100,100,100,0,0,49,0,57,40,2871,detection,
2877036,15,5,537,537,0,0,0,70,0,0,49,0,63,40,2877,detection,
2878122,1,20,512,512,0,0,0,0,0,0,52,0,0,0,2878,detection,
2881399,1,20,512,512,0,0,0,0,0,0,49,0,0,0,2881,detection,
2882489,11,5,537,537,0,0,0,0,0,0,92,0,0,0,2882,detection,
2882532,15,5,537,537,0,0,0,70,0,0,49,0,63,40,2882,detection,
2883391,12,4,-1,-1,0,0,0,70,0,0,51,0,61,40,2883,detection,
2883404,22,4,-1,-1,0,0,0,0,0,0,57,0,0,0,2883,detection,
2883433,10,4,-1,-1,0,0,0,0,0,0,40,0,0,0,2883,detection,
2884983,11,22,768,768,0,0,0,0,0,0,60,0,0,0,2884,detection,
2884993,9,22,768,768,0,0,0,0,0,0,62,0,0,0,2884,detection,
2885013,12,22,768,768,0,0,0,0,0,0,58,0,0,0,2885,detection,
2885044,5,22,768,768,0,0,0,0,0,0,53,0,0,0,2885,detection,
2885074,4,22,768,768,0,0,0,0,0,0,57,0,0,0,2885,detection,
2885078,16,22,768,768,0,0,0,0,0,0,62,0,0,0,2885,detection,
2886359,11,15,-1,-1,0,0,0,0,0,0,64,0,0,0,2886,detection,
2888656,1,28,-512,768,-1280,0,100,100,71,0,43,0,66,55,2888,detection,
2897160,15,5,-1,-1,0,0,0,70,0,0,52,0,61,40,2897,detection,
2923497,1,6,-1,-1,0,0,0,0,0,0,45,0,0,0,2923,detection,
2925295,5,11,-1,-1,0,0,0,70,0,0,64,0,48,40,2925,detection,
2932808,20,29,-512,512,-1024,0,100,100,66,0,100,0,48,40,2932,detection,
2939431,20,29,-512,512,-1024,0,100,100,0,0,100,0,48,40,2939,detection,
2940431,1,6,-1,-1,0,0,0,0,0,0,44,0,0,0,2940,detection,
2942359,11,5,768,768,0,0,0,0,0,0,92,0,0,0,2942,detection,
2944056,20,29,-512,512,-1024,0,100,100,0,0,100,0,48,40,2944,detection,
2945737,11,5,512,512,0,0,0,0,0,0,92,0,0,0,2945,detection,
2949429,20,29,-512,512,-1024,0,100,100,0,0,100,0,48,40,2949,detection,
2949920,5,11,512,512,0,0,0,70,0,0,66,0,48,40,2949,detection,
2950323,1,6,512,512,0,100,0,0,0,0,51,0,56,40,2950,detection,
2950354,19,6,512,512,0,100,0,0,0,0,58,0,56,40,2950,detection,
2953955,16,11,512,512,0,0,0,0,0,0,58,0,0,0,2953,detection,
2953986,19,11,512,512,0,0,0,0,0,0,58,0,0,0,2953,detection,
2954057,20,6,512,512,0,100,0,0,0,0,52,0,56,40,2954,detection,
2954062,1,6,512,512,0,100,0,0,0,0,59,0,56,40,2954,detection,
2954542,18,29,-512,512,-1024,0,100,100,61,0,58,0,58,40,2954,detection,
2954554,20,29,-512,512,-1024,0,100,100,0,0,96,0,48,40,2954,detection,
2955278,15,18,-1,-1,0,0,0,0,0,0,89,0,0,0,2955,detection,
2957422,5,23,-512,1024,-1536,0,100,100,100,0,58,0,58,40,2957,detection,
2959636,1,6,512,512,0,100,0,0,0,0,68,0,49,40,2959,detection,
2959679,20,6,512,512,0,100,0,0,0,0,60,0,56,40,2959,detection,
2959726,19,6,512,512,0,100,0,0,0,0,66,0,49,40,2959,detection,
2961287,18,29,-512,512,-1024,0,100,100,0,0,59,0,58,40,2961,detection,
2961308,20,29,-512,512,-1024,0,100,100,0,0,96,0,48,40,2961,detection,
2961852,19,5,768,768,0,0,0,0,0,0,85,0,0,0,2961,detection,
2961858,11,5,768,768,0,0,0,0,0,0,91,0,0,0,2961,detection,
2963598,19,11,512,512,0,0,0,0,0,0,58,0,0,0,2963,detection,
2963671,5,11,512,512,0,0,0,70,0,0,68,0,48,40,2963,detection,
2963701,16,11,512,512,0,0,0,0,0,0,59,0,0,0,2963,detection,
2964690,1,6,512,512,0,100,0,0,0,0,79,0,49,40,2964,detection,
2964805,20,6,512,512,0,100,0,0,0,0,68,0,49,40,2964,detection,
2966181,20,29,-512,512,-1024,0,100,100,0,0,96,0,48,40,2966,detection,
2968233,11,19,1024,1024,0,0,0,0,0,0,57,0,0,0,2968,detection,
2968485,11,5,512,512,0,0,0,0,0,0,88,0,0,0,2968,detection,
2968546,5,11,512,512,0,0,0,70,0,0,68,0,48,40,2968,detection,
2968590,16,11,512,512,0,0,0,0,0,0,56,0,0,0,2968,detection,
2968601,19,11,512,512,0,0,0,0,0,0,58,0,0,0,2968,detection,
2968871,9,16,512,512,0,0,0,0,0,0,60,0,0,0,2968,detection,
2968928,13,16,512,512,0,0,0,70,0,0,52,0,61,40,2968,detection,
2968983,21,16,512,512,0,0,0,0,0,0,60,0,0,0,2968,detection,
2968983,14,16,512,512,0,0,0,0,0,0,50,0,0,0,2968,detection,
2970429,13,9,1024,1024,0,0,0,0,0,0,57,0,0,0,2970,detection,
2970472,17,9,1024,1024,0,0,0,0,0,0,63,0,0,0,2970,detection,
2971431,20,29,-512,512,-1024,0,100,100,0,0,96,0,48,40,2971,detection,
2971510,1,6,-1,-1,0,0,0,0,0,0,67,0,0,0,2971,detection,
2971552,20,6,-1,-1,0,0,0,0,0,0,68,0,0,0,2971,detection,
2973232,21,16,512,512,0,0,0,0,0,0,56,0,0,0,2973,detection,
2973232,14,16,512,512,0,0,0,0,0,0,47,0,0,0,2973,detection,
2973246,9,16,512,512,0,0,0,0,0,0,61,0,0,0,2973,detection,
2973297,13,16,512,512,0,0,0,70,0,0,52,0,61,40,2973,detection,
2973824,4,14,-1,-1,0,0,0,70,0,15,64,0,48,40,2973,detection,
2976056,20,29,-512,512,-1024,0,100,100,0,0,96,0,48,40,2976,detection,
2976347,17,9,768,768,0,0,0,0,0,0,62,0,0,0,2976,detection,
2976425,13,9,768,768,0,0,0,0,0,0,58,0,0,0,2976,detection,
2979232,21,31,-512,-256,-256,100,36,100,100,0,89,0,49,40,2979,detection,
2980971,17,9,793,793,0,0,0,0,0,0,62,0,0,0,2980,detection,
2981053,13,9,793,793,0,0,0,0,0,0,59,0,0,0,2981,detection,
2981135,12,19,1024,1024,0,0,0,0,0,0,48,0,0,0,2981,detection,
2981921,5,11,512,512,0,0,0,70,0,0,69,0,48,40,2981,detection,
2982222,19,13,1024,1024,0,0,0,0,0,0,53,0,0,0,2982,detection,
2982228,1,13,1024,1024,0,0,0,72,35,18,43,0,72,55,2982,detection,
2982230,21,16,512,512,0,0,0,0,0,0,56,0,0,0,2982,detection,
2982234,14,13,1024,1024,0,0,0,0,0,0,59,0,0,0,2982,detection,
2982235,11,13,1024,1024,0,0,0,0,0,0,52,0,0,0,2982,detection,
2982421,13,16,512,512,0,0,0,70,0,0,52,0,61,40,2982,detection,
2982447,16,13,1024,1024,0,0,0,0,0,0,59,0,0,0,2982,detection,
2983305,20,29,-512,512,-1024,0,100,100,0,0,96,0,48,40,2983,detection,
2983606,21,14,1024,1024,0,0,0,0,0,0,44,0,0,0,2983,detection,
2986487,14,16,531,531,0,0,0,0,0,0,48,0,0,0,2986,detection,
2986495,9,16,531,531,0,0,0,0,0,0,61,0,0,0,2986,detection,
2986551,13,16,531,531,0,0,0,70,0,0,52,0,61,40,2986,detection,
2987485,11,5,742,742,0,0,0,0,0,0,81,0,0,0,2987,detection,
2988325,16,13,1024,1024,0,0,0,0,0,0,55,0,0,0,2988,detection,
2988672,5,11,512,512,0,0,0,70,0,0,69,0,48,40,2988,detection,
2989469,1,13,768,768,0,0,0,70,0,18,44,0,70,55,2989,detection,
2989486,11,13,768,768,0,0,0,0,0,0,53,0,0,0,2989,detection,
2989557,10,13,768,768,0,0,0,0,0,0,58,0,0,0,2989,detection,
2990411,18,29,-512,512,-1024,0,100,100,0,0,55,0,58,40,2990,detection,
2993473,6,10,1280,1280,0,0,0,0,0,0,51,0,0,0,2993,detection,
2993499,9,10,1280,1280,0,0,0,0,0,0,52,0,0,0,2993,detection,
2993524,22,10,1280,1280,0,0,0,0,0,0,55,0,0,0,2993,detection,
2993984,21,14,1049,1049,0,0,0,0,0,0,46,0,0,0,2993,detection,
2994052,5,14,1049,1049,0,0,0,70,0,15,60,0,61,40,2994,detection,
2994077,4,14,1049,1049,0,0,0,70,0,15,63,0,48,40,2994,detection,
2995609,21,31,-512,2201,-2713,0,100,100,100,0,84,0,48,40,2995,detection,
2995613,14,31,-512,2201,-2713,0,100,100,100,0,86,0,48,40,2995,detection,
2996094,6,19,841,841,0,0,0,0,0,0,56,0,0,0,2996,detection,
2996106,11,19,841,841,0,0,0,0,0,0,58,0,0,0,2996,detection,
2996153,15,19,841,841,0,0,0,0,0,0,58,0,0,0,2996,detection,
2996171,5,19,841,841,0,0,0,0,0,0,56,0,0,0,2996,detection,
2999785,18,29,-512,512,-1024,0,100,100,0,0,56,0,58,40,2999,detection,
3000104,21,14,-1,-1,0,0,0,0,0,0,50,0,0,0,3000,detection,
3000169,5,14,-1,-1,0,0,0,70,0,16,58,0,61,40,3000,detection,
3000233,21,31,-512,-1,-511,100,73,100,100,0,85,0,49,40,3000,detection,
3000238,14,31,-512,-1,-511,100,75,100,100,0,83,0,49,40,3000,detection,
3001235,11,19,841,841,0,0,0,0,0,0,59,0,0,0,3001,detection,
3001689,13,2,1024,1024,0,0,0,0,0,0,58,0,0,0,3001,detection,
3001689,8,2,1024,1024,0,0,0,0,0,0,57,0,0,0,3001,detection,
3001706,16,2,1024,1024,0,0,0,0,0,0,56,0,0,0,3001,detection,
3003253,1,13,768,768,0,0,0,70,0,18,44,0,70,55,3003,detection,
3003322,8,13,768,768,0,0,0,0,0,0,54,0,0,0,3003,detection,
3003328,16,13,768,768,0,0,0,0,0,0,56,0,0,0,3003,detection,
3003360,11,13,768,768,0,0,0,0,0,0,54,0,0,0,3003,detection,
3003538,15,23,-512,875,-1387,0,100,100,12,0,59,0,58,40,3003,detection,
3003547,5,23,-512,875,-1387,0,100,100,17,0,58,0,58,40,3003,detection,
3005458,7,29,-512,512,-1024,0,100,100,64,0,53,0,58,40,3005,detection,
3005534,18,29,-512,512,-1024,0,100,100,0,0,56,0,58,40,3005,detection,
3005726,17,9,1024,1024,0,0,0,0,0,0,58,0,0,0,3005,detection,
3007598,6,19,841,841,0,0,0,0,0,0,56,0,0,0,3007,detection,
3008485,14,16,530,530,0,0,0,0,0,0,48,0,0,0,3008,detection,
3008554,10,16,530,530,0,0,0,0,0,0,48,0,0,0,3008,detection,
3008558,13,16,530,530,0,0,0,70,0,0,52,0,61,40,3008,detection,
3008562,8,16,530,530,0,0,0,0,0,0,64,0,0,0,3008,detection,
3009983,1,13,768,768,0,0,0,70,0,18,44,0,70,55,3009,detection,
3010033,18,13,768,768,0,0,0,0,0,0,83,0,0,0,3010,detection,
3011571,4,22,1353,1353,0,0,0,0,0,0,60,0,0,0,3011,detection,
3011720,6,10,1024,1024,0,0,0,0,0,0,55,0,0,0,3011,detection,
3011982,21,14,1279,1279,0,0,0,0,0,0,53,0,0,0,3011,detection,
3012029,22,14,1279,1279,0,0,0,0,0,16,56,0,0,0,3012,detection,
3012047,5,14,1279,1279,0,0,0,70,0,7,61,0,58,40,3012,detection,
3013470,6,19,841,841,0,0,0,0,0,0,57,0,0,0,3013,detection,
3015345,6,19,-1,-1,0,0,0,0,0,0,60,0,0,0,3015,detection,
3015428,20,6,-1,-1,0,0,0,0,0,0,68,0,0,0,3015,detection,
3015480,19,6,-1,-1,0,0,0,0,0,0,70,0,0,0,3015,detection,
3016850,19,5,742,742,0,0,0,0,0,0,81,0,0,0,3016,detection,
3016922,5,22,1353,1353,0,0,0,0,0,0,56,0,0,0,3016,detection,
3017104,19,22,1353,1353,0,0,0,0,0,0,60,0,0,0,3017,detection,
3017766,12,16,530,530,0,0,0,0,0,0,59,0,0,0,3017,detection,
3017801,13,16,530,530,0,0,0,70,0,0,51,0,61,40,3017,detection,
3017860,14,16,530,530,0,0,0,0,0,0,48,0,0,0,3017,detection,
3017873,9,16,530,530,0,0,0,0,0,0,61,0,0,0,3017,detection,
3020339,1,13,768,768,0,0,0,70,0,18,44,0,70,55,3020,detection,
3020360,14,13,768,768,0,0,0,0,0,0,59,0,0,0,3020,detection,
3020450,16,13,768,768,0,0,0,0,0,0,56,0,0,0,3020,detection,
3020662,18,10,768,768,0,0,0,0,0,0,84,0,0,0,3020,detection,
3020744,9,10,768,768,0,0,0,0,0,0,57,0,0,0,3020,detection,
3020939,8,22,1791,1791,0,0,0,0,0,0,59,0,0,0,3020,detection,
3022909,15,5,742,742,0,0,0,70,0,0,55,0,61,40,3022,detection,
3022977,19,5,742,742,0,0,0,0,0,0,81,0,0,0,3022,detection,
3024721,1,13,768,768,0,0,0,70,0,20,41,0,74,55,3024,detection,
3024733,11,13,768,768,0,0,0,0,0,0,54,0,0,0,3024,detection,
3024739,14,13,768,768,0,0,0,0,0,0,56,0,0,0,3024,detection,
3024779,22,13,768,768,0,0,0,0,0,0,58,0,0,0,3024,detection,
3024783,18,13,768,768,0,0,0,0,0,0,86,0,0,0,3024,detection,
3026283,18,10,768,768,0,0,0,0,0,0,86,0,0,0,3026,detection,
3026303,13,10,768,768,0,0,0,0,0,0,59,0,0,0,3026,detection,
3026330,16,10,768,768,0,0,0,0,0,0,63,0,0,0,3026,detection,
3026394,12,10,768,768,0,0,0,0,0,0,73,0,0,0,3026,detection,
3029861,11,14,-1,-1,0,0,0,0,0,18,48,0,0,0,3029,detection,
3029892,12,14,-1,-1,0,0,0,0,0,15,59,0,0,0,3029,detection,
3029912,18,14,-1,-1,0,0,0,0,0,0,39,0,0,0,3029,detection,
3032686,8,22,1254,1254,0,0,0,0,0,0,59,0,0,0,3032,detection,
3033598,19,5,742,742,0,0,0,0,0,0,81,0,0,0,3033,detection,
3034810,8,2,-1,-1,0,0,0,0,0,0,57,0,0,0,3034,detection,
3034824,4,2,-1,-1,0,0,0,0,0,0,53,0,0,0,3034,detection,
3035288,18,22,1254,1254,0,0,0,0,0,0,91,0,0,0,3035,detection,
3035306,13,22,1254,1254,0,0,0,0,0,0,54,0,0,0,3035,detection,
3035332,16,22,1254,1254,0,0,0,0,0,0,60,0,0,0,3035,detection,
3035726,1,13,768,768,0,0,0,70,0,10,41,0,74,55,3035,detection,
3035729,19,13,768,768,0,0,0,0,0,0,55,0,0,0,3035,detection,
3035734,14,13,768,768,0,0,0,0,0,0,56,0,0,0,3035,detection,
3035780,22,13,768,768,0,0,0,0,0,0,59,0,0,0,3035,detection,
3035785,18,13,768,768,0,0,0,0,0,0,88,0,0,0,3035,detection,
3035794,5,13,768,768,0,0,0,0,0,0,59,0,0,0,3035,detection,
3035806,10,13,768,768,0,0,0,0,0,0,59,0,0,0,3035,detection,
3035832,16,13,768,768,0,0,0,0,0,0,57,0,0,0,3035,detection,
3035832,7,13,768,768,0,0,0,0,0,0,60,0,0,0,3035,detection,
3038241,1,28,-512,-1,-511,100,100,100,100,0,44,0,64,40,3038,detection,
3039360,14,16,768,768,0,0,0,0,0,0,48,0,0,0,3039,detection,
3039369,9,16,768,768,0,0,0,0,0,0,60,0,0,0,3039,detection,
3043023,22,13,768,768,0,0,0,0,0,0,59,0,0,0,3043,detection,
3043024,1,13,768,768,0,0,0,70,0,0,41,0,74,55,3043,detection,
3043035,18,13,768,768,0,0,0,0,0,0,90,0,0,0,3043,detection,
3043053,10,13,768,768,0,0,0,0,0,0,59,0,0,0,3043,detection,
3043862,14,10,768,768,0,0,0,0,0,0,54,0,0,0,3043,detection,
3043875,9,10,768,768,0,0,0,0,0,0,58,0,0,0,3043,detection,
3043916,22,10,768,768,0,0,0,0,0,0,60,0,0,0,3043,detection,
3043927,13,10,768,768,0,0,0,0,0,0,60,0,0,0,3043,detection,
3046985,11,14,768,768,0,0,0,0,0,16,52,0,0,0,3046,detection,
3047015,12,14,768,768,0,0,0,0,0,15,62,0,0,0,3047,detection,
3049513,1,28,-512,768,-1280,0,100,100,100,0,47,0,62,40,3049,detection,
3054178,1,28,-512,742,-1254,0,100,100,3,0,46,0,63,40,3054,detection,
3056860,14,31,-512,768,-1280,0,100,100,73,0,87,0,48,40,3056,detection,
3056860,21,31,-512,768,-1280,0,100,100,73,0,86,0,48,40,3056,detection,
3056865,11,31,-512,768,-1280,0,100,100,91,0,59,0,58,40,3056,detection,
3057705,16,10,768,768,0,0,0,0,0,0,61,0,0,0,3057,detection,
3058408,1,28,-512,742,-1254,0,100,100,0,0,45,0,63,40,3058,detection,
3059736,11,31,-512,768,-1280,0,100,100,0,0,58,0,58,40,3059,detection,
3060142,12,14,512,512,0,0,0,0,0,7,63,0,0,0,3060,detection,
3064987,11,14,512,512,0,0,0,0,0,16,52,0,0,0,3064,detection,
3066583,7,29,-512,512,-1024,0,100,100,0,0,54,0,58,40,3066,detection,
3066660,18,29,-512,512,-1024,0,100,100,0,0,56,0,58,40,3066,detection,
3066988,14,31,-512,-1,-511,100,72,100,73,0,87,0,49,40,3066,detection,
3066992,11,31,-512,-1,-511,100,92,100,92,0,58,0,56,40,3066,detection,
3077774,1,28,-512,719,-1231,0,100,100,3,0,45,0,63,40,3077,detection,
3079861,11,14,512,512,0,0,0,0,0,8,53,0,0,0,3079,detection,
3083060,20,29,-512,534,-1046,0,100,100,1,0,96,0,48,40,3083,detection,
3083130,1,28,-512,662,-1174,0,100,100,7,0,44,0,64,40,3083,detection,
3086290,18,29,-512,534,-1046,0,100,100,2,0,56,0,58,40,3086,detection,
3086308,20,29,-512,534,-1046,0,100,100,0,0,96,0,48,40,3086,detection,
3086333,7,29,-512,534,-1046,0,100,100,2,0,55,0,58,40,3086,detection,
3086854,19,11,768,768,0,0,0,0,0,0,57,0,0,0,3086,detection,
3087192,1,28,-512,647,-1159,0,100,100,2,0,44,0,64,40,3087,detection,
3087359,11,19,768,768,0,0,0,0,0,0,58,0,0,0,3087,detection,
3090565,8,22,1280,1280,0,0,0,0,0,0,58,0,0,0,3090,detection,
3090582,16,22,1280,1280,0,0,0,0,0,0,60,0,0,0,3090,detection,
3090599,19,22,1280,1280,0,0,0,0,0,0,60,0,0,0,3090,detection,
3090607,11,22,1280,1280,0,0,0,0,0,0,59,0,0,0,3090,detection,
3090621,9,22,1280,1280,0,0,0,0,0,0,61,0,0,0,3090,detection,
3090659,18,22,1280,1280,0,0,0,0,0,0,94,0,0,0,3090,detection,
3091180,20,7,-1,-1,0,0,0,0,0,0,64,0,0,0,3091,detection,
3093163,1,28,-512,-1,-511,100,100,100,89,0,44,0,64,40,3093,detection,
3093365,11,15,-1,-1,0,0,0,0,0,0,63,0,0,0,3093,detection,
3094998,9,10,-1,-1,0,0,0,0,0,0,57,0,0,0,3094,detection,
3095785,15,11,512,512,0,0,0,70,0,0,61,0,58,40,3095,detection,
3095833,16,11,512,512,0,0,0,0,0,0,57,0,0,0,3095,detection,
3095849,19,11,512,512,0,0,0,0,0,0,57,0,0,0,3095,detection,
3095989,11,31,-512,768,-1280,0,100,100,91,0,59,0,58,40,3095,detection,
3095989,14,31,-512,768,-1280,0,100,100,71,0,91,0,48,40,3095,detection,
3096830,16,22,768,768,0,0,0,0,0,0,59,0,0,0,3096,detection,
3096869,9,22,768,768,0,0,0,0,0,0,60,0,0,0,3096,detection,
3097787,1,28,-512,620,-1132,0,100,100,89,0,40,0,69,55,3097,detection,
3098359,11,15,1024,1024,0,0,0,0,0,0,62,0,0,0,3098,detection,
3099742,2,16,1024,1024,0,0,0,0,0,0,52,0,0,0,3099,detection,
3099745,9,16,1024,1024,0,0,0,0,0,0,59,0,0,0,3099,detection,
3103623,1,28,-512,609,-1121,0,100,100,1,0,40,0,69,55,3103,detection,
3105799,5,23,-512,1280,-1792,0,100,100,49,0,57,0,58,40,3105,detection,
3106868,9,22,1536,1536,0,0,0,0,0,0,59,0,0,0,3106,detection,
3107493,2,16,768,768,0,0,0,0,0,0,53,0,0,0,3107,detection,
3107496,9,16,768,768,0,0,0,0,0,0,56,0,0,0,3107,detection,
3107913,18,2,1792,1792,0,0,0,0,0,0,59,0,0,0,3107,detection,
3107930,10,2,1792,1792,0,0,0,0,0,0,59,0,0,0,3107,detection,
3107934,20,2,1792,1792,0,0,0,0,0,0,53,0,0,0,3107,detection,
3107939,8,2,1792,1792,0,0,0,0,0,0,54,0,0,0,3107,detection,
3107951,7,2,1792,1792,0,0,0,0,0,0,42,0,0,0,3107,detection,
3107957,16,2,1792,1792,0,0,0,0,0,0,57,0,0,0,3107,detection,
3107995,9,2,1792,1792,0,0,0,0,0,0,56,0,0,0,3107,detection,
3108583,7,9,-1,-1,0,0,0,0,0,0,61,0,0,0,3108,detection,
3108982,21,31,-512,849,-1361,0,100,100,7,0,89,0,48,40,3108,detection,
3109512,12,19,512,512,0,0,0,0,0,0,52,0,0,0,3109,detection,
3110643,12,4,1024,1024,0,0,0,70,0,0,54,0,61,40,3110,detection,
3110681,10,4,1024,1024,0,0,0,0,0,0,44,0,0,0,3110,detection,
3111687,10,2,1536,1536,0,0,0,0,0,0,59,0,0,0,3111,detection,
3114453,4,8,1024,1024,0,0,0,0,0,0,61,0,0,0,3114,detection,
3116566,1,28,-512,768,-1280,0,100,100,23,0,39,0,69,55,3116,detection,
3119261,12,4,1024,1024,0,0,0,70,0,0,54,0,61,40,3119,detection,
3121394,1,28,-512,1024,-1536,0,100,100,35,0,43,0,66,55,3121,detection,
3122181,10,4,1024,1024,0,0,0,0,0,0,44,0,0,0,3122,detection,
3126091,1,28,-512,1024,-1536,0,100,100,0,0,42,0,66,55,3126,detection,
3133269,12,22,1331,1331,0,0,0,0,0,0,62,0,0,0,3133,detection,
3133286,18,22,1331,1331,0,0,0,0,0,0,97,0,0,0,3133,detection,
3133294,5,22,1331,1331,0,0,0,0,0,0,59,0,0,0,3133,detection,
3133311,8,22,1331,1331,0,0,0,0,0,0,58,0,0,0,3133,detection,
3135158,15,2,-1,-1,0,0,0,0,0,0,57,0,0,0,3135,detection,
3135182,20,2,-1,-1,0,0,0,0,0,0,56,0,0,0,3135,detection,
3136374,2,28,-512,1024,-1536,0,100,100,39,0,80,0,48,40,3136,detection,
3185826,7,20,-1,-1,0,0,0,0,0,0,77,0,0,0,3185,detection,
3185869,9,20,-1,-1,0,0,0,0,0,0,64,0,0,0,3185,detection,
3191080,7,14,-1,-256,255,0,45,70,30,0,60,0,64,40,3191,detection,
3191111,21,14,-1,-256,255,0,46,70,30,0,58,0,64,40,3191,detection,
3191171,5,14,-1,-256,255,0,44,70,29,0,61,0,69,55,3191,detection,
3195702,7,14,-1,-1,0,0,0,70,30,0,60,0,64,40,3195,detection,
3200204,7,14,-1,-1,0,0,0,70,0,0,61,0,58,40,3200,detection,
3207077,7,14,512,512,0,0,0,70,0,0,63,0,48,40,3207,detection,
3211675,13,9,768,768,0,0,0,0,0,0,54,0,0,0,3211,detection,
3211705,7,9,768,768,0,0,0,0,0,0,60,0,0,0,3211,detection,
3214606,21,4,512,512,0,0,0,0,0,0,43,0,0,0,3214,detection,
3215203,7,14,512,512,0,0,0,70,0,0,61,0,58,40,3215,detection,
3217577,7,9,512,512,0,0,0,0,0,0,62,0,0,0,3217,detection,
3223301,1,28,-512,1024,-1536,0,100,100,0,0,42,0,66,55,3223,detection,
3223373,2,28,-512,1024,-1536,0,100,100,0,0,81,0,48,40,3223,detection,
3223742,2,13,768,768,0,0,0,0,0,0,59,0,0,0,3223,detection,
3223781,1,13,768,768,0,0,0,70,0,0,45,0,68,55,3223,detection,
3224051,13,9,512,512,0,0,0,0,0,0,55,0,0,0,3224,detection,
3227268,1,28,-512,768,-1280,0,100,100,35,0,43,0,66,55,3227,detection,
3228303,13,9,512,512,0,0,0,0,0,0,55,0,0,0,3228,detection,
3228329,7,9,512,512,0,0,0,0,0,0,62,0,0,0,3228,detection,
3232678,1,13,512,512,0,0,0,70,0,0,45,0,68,55,3232,detection,
3232701,4,13,512,512,0,0,0,0,0,0,60,0,0,0,3232,detection,
3232707,7,13,512,512,0,0,0,0,0,0,61,0,0,0,3232,detection,
3233826,4,7,512,512,0,0,0,0,0,0,58,0,0,0,3233,detection,
3234176,13,9,512,512,0,0,0,0,0,0,56,0,0,0,3234,detection,
3234206,7,9,512,512,0,0,0,0,0,0,63,0,0,0,3234,detection,
3235200,7,4,768,768,0,0,0,0,0,0,56,0,0,0,3235,detection,
3239074,4,7,512,512,0,0,0,0,0,0,60,0,0,0,3239,detection,
3239805,13,9,512,512,0,0,0,0,0,0,56,0,0,0,3239,detection,
3239827,7,9,512,512,0,0,0,0,0,0,59,0,0,0,3239,detection,
3242443,1,13,512,512,0,0,0,70,0,0,44,0,70,55,3242,detection,
3242446,4,13,512,512,0,0,0,0,0,0,60,0,0,0,3242,detection,
3242455,7,13,512,512,0,0,0,0,0,0,62,0,0,0,3242,detection,
3243829,7,14,512,512,0,0,0,70,0,0,62,0,55,40,3243,detection,
3243829,4,14,512,512,0,0,0,70,0,14,67,0,48,40,3243,detection,
3244864,14,4,512,512,0,0,0,0,0,0,61,0,0,0,3244,detection,
3247200,4,7,512,512,0,0,0,0,0,0,61,0,0,0,3247,detection,
3252573,4,7,512,512,0,0,0,0,0,0,62,0,0,0,3252,detection,
3253670,1,13,512,512,0,0,0,70,0,0,44,0,70,55,3253,detection,
3253698,4,13,512,512,0,0,0,0,0,0,61,0,0,0,3253,detection,
3253736,14,13,512,512,0,0,0,0,0,0,61,0,0,0,3253,detection,
3254137,12,19,1024,1024,0,0,0,0,0,0,55,0,0,0,3254,detection,
3255823,4,14,512,512,0,0,0,70,0,14,67,0,48,40,3255,detection,
3257985,14,4,512,512,0,0,0,0,0,0,58,0,0,0,3257,detection,
3258824,4,14,512,512,0,0,0,70,0,7,66,0,48,40,3258,detection,
3258828,7,14,512,512,0,0,0,70,0,0,63,0,48,40,3258,detection,
3258892,12,14,512,512,0,0,0,0,0,0,60,0,0,0,3258,detection,
3258904,22,14,512,512,0,0,0,0,0,0,61,0,0,0,3258,detection,
3258912,18,14,512,512,0,0,0,0,0,0,44,0,0,0,3258,detection,
3260226,19,18,1024,1024,0,0,0,0,0,0,58,0,0,0,3260,detection,
3260281,22,18,1024,1024,0,0,0,0,0,0,57,0,0,0,3260,detection,
3260311,1,13,512,512,0,0,0,70,0,0,44,0,70,55,3260,detection,
3260326,4,13,512,512,0,0,0,0,0,0,57,0,0,0,3260,detection,
3260331,7,13,512,512,0,0,0,0,0,0,62,0,0,0,3260,detection,
3260352,19,13,512,512,0,0,0,0,0,0,59,0,0,0,3260,detection,
3260361,14,13,512,512,0,0,0,0,0,0,61,0,0,0,3260,detection,
3262681,13,22,1024,1024,0,0,0,0,0,0,57,0,0,0,3262,detection,
3262724,19,22,1024,1024,0,0,0,0,0,0,59,0,0,0,3262,detection,
3262763,12,22,1024,1024,0,0,0,0,0,0,61,0,0,0,3262,detection,
3262784,18,22,1024,1024,0,0,0,0,0,0,91,0,0,0,3262,detection,
3267200,4,14,512,512,0,0,0,70,0,0,65,0,48,40,3267,detection,
3267285,18,14,512,512,0,0,0,0,0,0,45,0,0,0,3267,detection,
3267432,13,9,534,534,0,0,0,0,0,0,56,0,0,0,3267,detection,
3267490,1,13,512,512,0,0,0,70,0,0,40,0,74,55,3267,detection,
3267608,14,13,512,512,0,0,0,0,0,0,61,0,0,0,3267,detection,
3268292,18,29,-512,-1,-511,100,90,100,63,0,60,0,56,40,3268,detection,
3269848,19,22,1024,1024,0,0,0,0,0,0,55,0,0,0,3269,detection,
3269887,12,22,1024,1024,0,0,0,0,0,0,60,0,0,0,3269,detection,
3269908,18,22,1024,1024,0,0,0,0,0,0,88,0,0,0,3269,detection,
3271362,21,31,-512,-1,-511,100,71,100,79,0,89,0,49,40,3271,detection,
3271363,11,31,-512,-1,-511,100,95,100,95,0,55,0,56,40,3271,detection,
3271453,16,31,-512,-1,-511,100,94,100,100,0,56,0,56,40,3271,detection,
3273025,22,18,-1,-1,0,0,0,0,0,0,59,0,0,0,3273,detection,
3274034,18,13,512,512,0,0,0,0,0,0,87,0,0,0,3274,detection,
3274858,14,4,603,603,0,0,0,0,0,0,57,0,0,0,3274,detection,
3275372,9,22,1024,1024,0,0,0,0,0,0,55,0,0,0,3275,detection,
3279284,15,2,-1,-1,0,0,0,0,0,0,53,0,0,0,3279,detection,
3279288,18,2,-1,-1,0,0,0,0,0,0,59,0,0,0,3279,detection,
3279301,13,2,-1,-1,0,0,0,0,0,0,57,0,0,0,3279,detection,
3279365,14,2,-1,-1,0,0,0,0,0,0,57,0,0,0,3279,detection,
3279390,12,2,-1,-1,0,0,0,0,0,0,56,0,0,0,3279,detection,
3280804,13,9,531,531,0,0,0,0,0,0,56,0,0,0,3280,detection,
3281555,20,7,742,742,0,0,0,0,0,0,63,0,0,0,3281,detection,
3281735,21,31,-512,1536,-2048,0,100,100,100,0,84,0,48,40,3281,detection,
3281798,5,31,-512,1536,-2048,0,100,100,0,0,59,0,58,40,3281,detection,
3282733,14,4,610,610,0,0,0,0,0,0,56,0,0,0,3282,detection,
3283029,22,14,1024,1024,0,0,0,0,0,0,62,0,0,0,3283,detection,
3283041,18,14,1024,1024,0,0,0,0,0,0,48,0,0,0,3283,detection,
3283078,4,14,1024,1024,0,0,0,70,0,0,64,0,48,40,3283,detection,
3283525,22,18,1024,1024,0,0,0,0,0,0,61,0,0,0,3283,detection,
3285138,1,13,512,512,0,0,0,70,0,0,40,0,74,55,3285,detection,
3285152,22,13,512,512,0,0,0,0,0,0,60,0,0,0,3285,detection,
3285160,18,13,512,512,0,0,0,0,0,0,87,0,0,0,3285,detection,
3285170,5,13,512,512,0,0,0,0,0,0,60,0,0,0,3285,detection,
3285233,14,13,512,512,0,0,0,0,0,0,61,0,0,0,3285,detection,
3287951,1,13,512,512,0,0,0,70,0,0,39,0,74,55,3287,detection,
3288022,22,13,512,512,0,0,0,0,0,0,60,0,0,0,3288,detection,
3289226,6,28,-512,1254,-1766,0,100,100,100,0,55,0,58,40,3289,detection,
3290237,11,14,1024,1024,0,0,0,0,0,0,52,0,0,0,3290,detection,
3291802,13,9,531,531,0,0,0,0,0,0,55,0,0,0,3291,detection,
3292848,19,18,-1,-1,0,0,0,0,0,0,58,0,0,0,3292,detection,
3294535,18,4,610,610,0,0,0,0,0,0,58,0,0,0,3294,detection,
3296743,9,22,1024,1024,0,0,0,0,0,0,58,0,0,0,3296,detection,
3296768,12,22,1024,1024,0,0,0,0,0,0,59,0,0,0,3296,detection,
3296789,18,22,1024,1024,0,0,0,0,0,0,90,0,0,0,3296,detection,
3297978,19,18,-1,-1,0,0,0,0,0,0,58,0,0,0,3297,detection,
3298528,15,2,-1,-1,0,0,0,0,0,0,59,0,0,0,3298,detection,
3298578,16,2,-1,-1,0,0,0,0,0,0,58,0,0,0,3298,detection,
3300550,5,11,-1,-1,0,0,0,70,0,0,64,0,48,40,3300,detection,
3302097,6,28,-512,1970,-2482,0,100,100,90,0,53,0,58,40,3302,detection,
3306243,9,22,768,768,0,0,0,0,0,0,59,0,0,0,3306,detection,
3326373,9,30,-512,1112,-1624,0,100,100,100,0,50,0,58,40,3326,detection,
3326449,4,30,-512,1112,-1624,0,100,100,7,0,68,0,48,40,3326,detection,
3333211,7,29,-512,-1,-511,100,93,100,65,0,57,0,56,40,3333,detection,
3335803,20,7,-1,-1,0,0,0,0,0,0,63,0,0,0,3335,detection,
3335825,4,7,-1,-1,0,0,0,0,0,0,63,0,0,0,3335,detection,
3336323,4,22,768,768,0,0,0,0,0,0,59,0,0,0,3336,detection,
3336350,19,22,768,768,0,0,0,0,0,0,58,0,0,0,3336,detection,
3336371,9,22,768,768,0,0,0,0,0,0,58,0,0,0,3336,detection,
3337803,5,31,-512,1280,-1792,0,100,100,32,0,54,0,58,40,3337,detection,
3338155,22,14,698,698,0,0,0,0,0,0,64,0,0,0,3338,detection,
3338203,7,14,698,698,0,0,0,70,0,0,61,0,58,40,3338,detection,
3338205,4,14,698,698,0,0,0,70,0,0,63,0,48,40,3338,detection,
3338220,6,14,698,698,0,0,0,70,0,0,52,0,61,40,3338,detection,
3338958,7,9,1280,1280,0,0,0,0,0,0,63,0,0,0,3338,detection,
3339038,18,29,-512,768,-1280,0,100,100,91,0,59,0,58,40,3339,detection,
3340136,12,19,-1,-1,0,0,0,0,0,0,59,0,0,0,3340,detection,
3344575,4,14,698,698,0,0,0,70,0,0,62,0,55,40,3344,detection,
3345860,14,4,512,512,0,0,0,0,0,0,56,0,0,0,3345,detection,
3345903,22,4,512,512,0,0,0,0,0,0,58,0,0,0,3345,detection,
3348386,12,19,768,768,0,0,0,0,0,0,58,0,0,0,3348,detection,
3348407,15,19,768,768,0,0,0,0,0,0,58,0,0,0,3348,detection,
3348421,5,19,768,768,0,0,0,0,0,0,56,0,0,0,3348,detection,
3350012,12,10,1280,1280,0,0,0,0,0,0,75,0,0,0,3350,detection,
3350051,13,10,1280,1280,0,0,0,0,0,0,63,0,0,0,3350,detection,
3350852,19,15,-1,-1,0,0,0,0,0,0,60,0,0,0,3350,detection,
3352080,7,29,-512,512,-1024,0,100,100,59,0,62,0,54,40,3352,detection,
3353460,1,6,512,512,0,0,0,0,0,0,68,0,0,0,3353,detection,
3353827,7,14,679,679,0,0,0,70,0,0,60,0,61,40,3353,detection,
3353858,21,14,679,679,0,0,0,70,30,0,58,0,64,40,3353,detection,
3353911,18,14,679,679,0,0,0,0,0,0,52,0,0,0,3353,detection,
3354135,12,19,-1,-1,0,0,0,0,0,0,54,0,0,0,3354,detection,
3354153,15,19,-1,-1,0,0,0,0,0,0,57,0,0,0,3354,detection,
3355432,8,20,1280,1280,0,0,0,0,0,0,48,0,0,0,3355,detection,
3358835,1,6,512,512,0,0,0,0,0,0,66,0,0,0,3358,detection,
3358982,21,16,768,768,0,0,0,0,0,0,56,0,0,0,3358,detection,
3358986,14,16,768,768,0,0,0,0,0,0,47,0,0,0,3358,detection,
3359024,22,16,768,768,0,0,0,0,0,0,56,0,0,0,3359,detection,
3360266,12,14,-1,-1,0,0,0,0,0,0,62,0,0,0,3360,detection,
3360681,8,20,2022,2022,0,0,0,0,0,0,52,0,0,0,3360,detection,
3363199,4,22,-1,-1,0,0,0,0,0,0,97,0,0,0,3363,detection,
3366025,22,4,512,512,0,0,0,0,0,0,59,0,0,0,3366,detection,
3367387,1,2,-1,-1,0,0,0,0,0,0,45,0,0,0,3367,detection,
3369039,1,6,537,537,0,0,0,0,0,0,63,0,0,0,3369,detection,
3371901,1,28,-512,1049,-1561,0,100,100,39,0,43,0,66,55,3371,detection,
3371975,6,28,-512,1049,-1561,0,100,100,100,0,56,0,58,40,3371,detection,
3372399,22,16,512,512,0,0,0,0,0,0,58,0,0,0,3372,detection,
3373273,22,4,512,512,0,0,0,0,0,0,55,0,0,0,3373,detection,
3373333,16,4,512,512,0,0,0,0,0,0,59,0,0,0,3373,detection,
3376332,16,22,790,790,0,0,0,0,0,0,56,0,0,0,3376,detection,
3379640,12,30,-512,790,-1302,0,100,100,95,0,58,0,58,40,3379,detection,
3379683,10,30,-512,790,-1302,0,100,100,46,0,86,0,48,40,3379,detection,
3381682,10,21,-1,-1,0,0,0,0,0,0,44,0,0,0,3381,detection,
3384945,4,22,783,783,0,0,0,0,0,0,100,0,0,0,3384,detection,
3385307,10,30,-512,790,-1302,0,100,100,0,0,88,0,48,40,3385,detection,
3386694,1,2,768,768,0,0,0,0,0,0,45,0,0,0,3386,detection,
3386707,7,2,768,768,0,0,0,0,0,0,45,0,0,0,3386,detection,
3386708,16,2,768,768,0,0,0,0,0,0,54,0,0,0,3386,detection,
3386785,18,2,768,768,0,0,0,0,0,0,58,0,0,0,3386,detection,
3386805,10,2,768,768,0,0,0,0,0,0,58,0,0,0,3386,detection,
3386806,20,2,768,768,0,0,0,0,0,0,59,0,0,0,3386,detection,
3389332,16,4,949,949,0,0,0,0,0,0,61,0,0,0,3389,detection,
3389773,22,16,512,512,0,0,0,0,0,0,59,0,0,0,3389,detection,
3390020,12,30,-512,768,-1280,0,100,100,2,0,57,0,58,40,3390,detection,
3390515,1,28,-512,768,-1280,0,100,100,41,0,38,0,69,55,3390,detection,
3391928,20,7,512,512,0,0,0,0,0,0,61,0,0,0,3391,detection,
3392124,1,2,512,512,0,0,0,0,0,0,45,0,0,0,3392,detection,
3392141,12,2,512,512,0,0,0,0,0,0,60,0,0,0,3392,detection,
3392159,18,2,512,512,0,0,0,0,0,0,59,0,0,0,3392,detection,
3393650,22,4,768,768,0,0,0,0,0,0,59,0,0,0,3393,detection,
3393701,16,4,768,768,0,0,0,0,0,0,58,0,0,0,3393,detection,
3394734,14,10,1024,1024,0,0,0,0,0,0,58,0,0,0,3394,detection,
3394765,12,10,1024,1024,0,0,0,0,0,0,74,0,0,0,3394,detection,
3395528,22,18,512,512,0,0,0,0,0,0,63,0,0,0,3395,detection,
3395687,10,30,-512,512,-1024,0,100,100,25,0,90,0,48,40,3395,detection,
3396083,7,20,-1,-1,0,0,0,0,0,0,70,0,0,0,3396,detection,
3397935,1,2,512,512,0,0,0,0,0,0,41,0,0,0,3397,detection,
3397952,4,2,512,512,0,0,0,0,0,0,58,0,0,0,3397,detection,
3398026,22,2,512,512,0,0,0,0,0,0,62,0,0,0,3398,detection,
3398033,18,2,512,512,0,0,0,0,0,0,60,0,0,0,3398,detection,
3398736,1,28,-512,512,-1024,0,100,100,37,0,39,0,69,55,3398,detection,
3398745,2,28,-512,512,-1024,0,100,100,50,0,83,0,48,40,3398,detection,
3399164,18,4,813,813,0,0,0,0,0,0,59,0,0,0,3399,detection,
3399414,18,22,1063,1063,0,0,0,0,0,0,92,0,0,0,3399,detection,
3399627,2,16,534,534,0,0,0,0,0,0,57,0,0,0,3399,detection,
3399651,22,16,534,534,0,0,0,0,0,0,55,0,0,0,3399,detection,
3400402,22,18,512,512,0,0,0,0,0,0,64,0,0,0,3400,detection,
3400481,21,10,1280,1280,0,0,0,0,0,0,59,0,0,0,3400,detection,
3402690,10,30,-512,-1,-511,100,74,100,49,0,84,0,49,40,3402,detection,
3403357,11,19,1024,1024,0,0,0,0,0,0,54,0,0,0,3403,detection,
3403387,12,19,1024,1024,0,0,0,0,0,0,58,0,0,0,3403,detection,
3403408,15,19,1024,1024,0,0,0,0,0,0,57,0,0,0,3403,detection,
3404961,1,2,512,512,0,0,0,0,0,0,41,0,0,0,3404,detection,
3405025,22,2,512,512,0,0,0,0,0,0,63,0,0,0,3405,detection,
3406680,20,7,512,512,0,0,0,0,0,0,62,0,0,0,3406,detection,
3406702,4,7,512,512,0,0,0,0,0,0,63,0,0,0,3406,detection,
3408866,1,2,512,512,0,0,0,0,0,0,41,0,0,0,3408,detection,
3408904,18,2,512,512,0,0,0,0,0,0,61,0,0,0,3408,detection,
3409027,22,4,1024,1024,0,0,0,0,0,0,59,0,0,0,3409,detection,
3409682,20,19,1024,1024,0,0,0,0,0,0,57,0,0,0,3409,detection,
3409733,11,19,1024,1024,0,0,0,0,0,0,53,0,0,0,3409,detection,
3410269,1,28,-512,537,-1049,0,100,100,3,0,40,0,69,55,3410,detection,
3414402,22,4,1024,1024,0,0,0,0,0,0,59,0,0,0,3414,detection,
3414610,1,2,512,512,0,0,0,0,0,0,41,0,0,0,3414,detection,
3414845,6,19,1024,1024,0,0,0,0,0,0,59,0,0,0,3414,detection,
3414857,11,19,1024,1024,0,0,0,0,0,0,53,0,0,0,3414,detection,
3417117,1,2,512,512,0,0,0,0,0,0,41,0,0,0,3417,detection,
3417450,4,22,1024,1024,0,0,0,0,0,0,96,0,0,0,3417,detection,
3418018,12,30,-512,-1,-511,100,91,100,91,0,59,0,56,40,3418,detection,
3418687,1,28,-512,534,-1046,0,100,100,0,0,40,0,69,55,3418,detection,
3421848,1,28,-512,557,-1069,0,100,100,3,0,40,0,69,55,3421,detection,
3421910,18,4,768,768,0,0,0,0,0,0,58,0,0,0,3421,detection,
3422026,22,4,768,768,0,0,0,0,0,0,58,0,0,0,3422,detection,
3422654,22,18,1024,1024,0,0,0,0,0,0,62,0,0,0,3422,detection,
3422912,18,22,768,768,0,0,0,0,0,0,95,0,0,0,3422,detection,
3423783,18,2,512,512,0,0,0,0,0,0,57,0,0,0,3423,detection,
3423813,1,2,512,512,0,0,0,0,0,0,41,0,0,0,3423,detection,
3423825,4,2,512,512,0,0,0,0,0,0,59,0,0,0,3423,detection,
3423830,7,2,512,512,0,0,0,0,0,0,47,0,0,0,3423,detection,
3423890,12,2,512,512,0,0,0,0,0,0,60,0,0,0,3423,detection,
3423899,22,2,512,512,0,0,0,0,0,0,63,0,0,0,3423,detection,
3423908,15,2,512,512,0,0,0,0,0,0,61,0,0,0,3423,detection,
3426363,11,19,-1,-1,0,0,0,0,0,0,58,0,0,0,3426,detection,
3426429,20,19,-1,-1,0,0,0,0,0,0,57,0,0,0,3426,detection,
3426826,4,7,1024,1024,0,0,0,0,0,0,65,0,0,0,3426,detection,
3426929,20,7,1024,1024,0,0,0,0,0,0,65,0,0,0,3426,detection,
3428668,1,28,-512,557,-1069,0,100,100,0,0,40,0,69,55,3428,detection,
3429401,22,2,512,512,0,0,0,0,0,0,60,0,0,0,3429,detection,
3429409,18,2,512,512,0,0,0,0,0,0,58,0,0,0,3429,detection,
3429436,20,2,512,512,0,0,0,0,0,0,60,0,0,0,3429,detection,
3429494,1,2,512,512,0,0,0,0,0,0,40,0,0,0,3429,detection,
3429521,12,2,512,512,0,0,0,0,0,0,56,0,0,0,3429,detection,
3430555,20,7,768,768,0,0,0,0,0,0,66,0,0,0,3430,detection,
3430573,4,7,768,768,0,0,0,0,0,0,65,0,0,0,3430,detection,
3432701,4,8,512,512,0,0,0,0,0,0,62,0,0,0,3432,detection,
3433686,8,16,-1,-26,25,0,4,35,2,0,63,0,0,0,3433,detection,
3436055,20,7,768,768,0,0,0,0,0,0,68,0,0,0,3436,detection,
3436275,22,10,768,768,0,0,0,0,0,0,59,0,0,0,3436,detection,
3436824,4,22,768,768,0,0,0,0,0,0,93,0,0,0,3436,detection,
3436984,11,15,-1,-1,0,0,0,0,0,0,57,0,0,0,3436,detection,
3437259,1,2,-1,-1,0,0,0,0,0,0,45,0,0,0,3437,detection,
3437260,12,2,-1,-1,0,0,0,0,0,0,60,0,0,0,3437,detection,
3437277,22,2,-1,-1,0,0,0,0,0,0,62,0,0,0,3437,detection,
3437306,10,2,-1,-1,0,0,0,0,0,0,58,0,0,0,3437,detection,
3437311,8,2,-1,-1,0,0,0,0,0,0,58,0,0,0,3437,detection,
3437327,4,2,-1,-1,0,0,0,0,0,0,59,0,0,0,3437,detection,
3437957,7,20,1024,1024,0,0,0,0,0,0,72,0,0,0,3437,detection,
3439108,21,16,1024,1024,0,0,0,0,0,0,60,0,0,0,3439,detection,
3440238,11,18,768,768,0,0,0,0,0,0,41,0,0,0,3440,detection,
3440248,9,10,512,512,0,0,0,0,0,0,62,0,0,0,3440,detection,
3440265,12,10,512,512,0,0,0,0,0,0,77,0,0,0,3440,detection,
3444449,4,8,512,512,0,0,0,0,0,0,63,0,0,0,3444,detection,
3444485,1,2,768,768,0,100,0,0,0,0,48,0,59,40,3444,detection,
3444519,12,2,768,768,0,100,0,0,0,0,67,0,49,40,3444,detection,
3444524,22,2,768,768,0,100,0,0,0,0,70,0,49,40,3444,detection,
3444533,15,2,768,768,0,100,0,0,0,0,68,0,49,40,3444,detection,
3444557,10,2,768,768,0,100,0,0,0,0,65,0,49,40,3444,detection,
3444558,8,2,768,768,0,100,0,0,0,0,65,0,49,40,3444,detection,
3444575,4,2,768,768,0,100,0,0,0,0,65,0,49,40,3444,detection,
3445122,9,30,-512,768,-1280,0,100,100,43,0,53,0,58,40,3445,detection,
3445373,9,10,512,512,0,0,0,0,0,0,62,0,0,0,3445,detection,
3446476,19,18,768,768,0,0,0,0,0,0,59,0,0,0,3446,detection,
3446486,11,18,768,768,0,0,0,0,0,0,40,0,0,0,3446,detection,
3446702,7,20,1024,1024,0,0,0,0,0,0,70,0,0,0,3446,detection,
3453561,20,23,-512,1024,-1536,0,100,100,30,0,61,0,56,40,3453,detection,
3453976,6,28,-512,768,-1280,0,100,100,33,0,58,0,58,40,3453,detection,
3454352,19,11,1024,1024,0,0,0,0,0,0,57,0,0,0,3454,detection,
3454437,8,22,768,768,0,0,0,0,0,0,58,0,0,0,3454,detection,
3454640,12,2,870,870,0,60,0,0,0,0,71,0,0,0,3454,detection,
3454678,10,2,870,870,0,60,0,0,0,0,69,0,0,0,3454,detection,
3454683,8,2,870,870,0,60,0,0,0,0,69,0,0,0,3454,detection,
3459234,11,15,-1,-1,0,0,0,0,0,0,60,0,0,0,3459,detection,
3459299,5,19,-1,-1,0,0,0,0,0,0,57,0,0,0,3459,detection,
3459965,1,13,-1,-1,0,0,0,70,0,0,55,0,61,40,3459,detection,
3460101,19,22,768,768,0,0,0,0,0,0,58,0,0,0,3460,detection,
3460110,11,22,768,768,0,0,0,0,0,0,59,0,0,0,3460,detection,
3460144,12,22,768,768,0,0,0,0,0,0,59,0,0,0,3460,detection,
3460183,8,22,768,768,0,0,0,0,0,0,58,0,0,0,3460,detection,
3460927,13,30,-512,512,-1024,0,100,100,100,0,60,0,58,40,3460,detection,
3460949,4,30,-512,512,-1024,0,100,100,63,0,74,0,48,40,3460,detection,
3461556,20,7,1536,1536,0,0,0,0,0,0,65,0,0,0,3461,detection,
3462286,15,11,2959,2959,0,0,0,70,0,0,87,0,48,40,3462,detection,
3464297,5,19,-1,-1,0,0,0,0,0,0,57,0,0,0,3464,detection,
3464347,6,19,-1,-1,0,0,0,0,0,0,59,0,0,0,3464,detection,
3467359,11,15,-1,-1,0,0,0,0,0,0,59,0,0,0,3467,detection,
3467578,16,2,-1,-1,0,0,0,0,0,0,57,0,0,0,3467,detection,
3467613,14,2,-1,-1,0,0,0,0,0,0,53,0,0,0,3467,detection,
3468038,18,22,-1,-1,0,0,0,0,0,0,91,0,0,0,3468,detection,
3468061,8,22,-1,-1,0,0,0,0,0,0,53,0,0,0,3468,detection,
3468107,11,22,-1,-1,0,0,0,0,0,0,58,0,0,0,3468,detection,
3469054,13,30,-512,512,-1024,0,100,100,0,0,61,0,56,40,3469,detection,
3470975,6,28,-512,998,-1510,0,100,100,27,0,58,0,58,40,3470,detection,
3470996,2,28,-512,998,-1510,0,100,100,48,0,80,0,48,40,3470,detection,
3471178,20,7,1280,1280,0,0,0,0,0,0,66,0,0,0,3471,detection,
3471453,4,8,768,768,0,0,0,0,0,0,62,0,0,0,3471,detection,
3474690,13,30,-512,512,-1024,0,100,100,0,0,62,0,54,40,3474,detection,
3474702,4,30,-512,512,-1024,0,100,100,0,0,76,0,48,40,3474,detection,
3475927,20,7,1280,1280,0,0,0,0,0,0,67,0,0,0,3475,detection,
3476162,15,25,-512,-1,-511,100,97,100,0,0,52,0,56,40,3476,detection,
3477555,13,30,-512,512,-1024,0,100,100,0,0,63,0,48,40,3477,detection,
3480951,4,8,768,768,0,0,0,0,0,0,57,0,0,0,3480,detection,
3483174,13,9,768,768,0,0,0,0,0,0,52,0,0,0,3483,detection,
3483306,20,7,1280,1280,0,0,0,0,0,0,61,0,0,0,3483,detection,
3484697,4,10,1024,1024,0,0,0,0,0,0,59,0,0,0,3484,detection,
3484722,6,10,1024,1024,0,0,0,0,0,0,55,0,0,0,3484,detection,
3485156,15,5,1280,1280,0,0,0,70,0,0,58,0,61,40,3485,detection,
3486499,2,23,-512,1715,-2227,0,100,100,100,0,59,0,58,40,3486,detection,
3489868,2,23,-512,1697,-2209,0,100,100,2,0,60,0,58,40,3489,detection,
3492327,16,31,-512,-1,-511,100,92,100,0,0,58,0,56,40,3492,detection,
3497305,10,9,512,512,0,0,0,0,0,0,59,0,0,0,3497,detection,
3497660,15,5,1280,1280,0,0,0,70,0,0,58,0,61,40,3497,detection,
3499027,22,18,1024,1024,0,0,0,0,0,0,57,0,0,0,3499,detection,
3499034,15,18,1024,1024,0,0,0,0,0,0,81,0,0,0,3499,detection,
3499045,5,18,1024,1024,0,0,0,0,0,0,41,0,0,0,3499,detection,
3505304,20,7,768,768,0,0,0,0,0,0,64,0,0,0,3505,detection,
3506037,15,25,-512,1024,-1536,0,100,100,100,0,56,0,58,40,3506,detection,
3506488,11,5,1024,1024,0,0,0,0,0,0,86,0,0,0,3506,detection,
3507226,6,10,1024,1024,0,0,0,0,0,0,59,0,0,0,3507,detection,
3513156,15,25,-512,1024,-1536,0,100,100,0,0,56,0,58,40,3513,detection,
3513186,8,25,-512,1024,-1536,0,100,100,82,0,56,0,58,40,3513,detection,
3514345,6,10,1024,1024,0,0,0,0,0,0,58,0,0,0,3514,detection,
3515833,7,4,512,512,0,0,0,0,0,0,58,0,0,0,3515,detection,
3515862,21,4,512,512,0,0,0,0,0,0,43,0,0,0,3515,detection,
3516281,15,25,-512,1024,-1536,0,100,100,0,0,52,0,58,40,3516,detection,
3516849,6,28,-512,998,-1510,0,100,100,0,0,57,0,58,40,3516,detection,
3519435,8,20,844,844,0,70,0,0,0,0,60,0,60,40,3519,detection,
3521530,22,4,512,512,0,0,0,0,0,0,59,0,0,0,3521,detection,
3524855,19,5,-1,-1,0,0,0,0,0,0,85,0,0,0,3524,detection,
3527091,1,6,-1,-1,0,0,0,0,0,0,59,0,0,0,3527,detection,
3528275,22,4,512,512,0,0,0,0,0,0,59,0,0,0,3528,detection,
3528286,18,4,512,512,0,0,0,0,0,0,59,0,0,0,3528,detection,
3528931,20,29,-512,3072,-3584,0,100,100,100,0,96,0,48,40,3528,detection,
3530545,1,6,-1,-1,0,0,0,0,0,0,64,0,0,0,3530,detection,
3531730,21,4,512,512,0,0,0,0,0,0,43,0,0,0,3531,detection,
3531785,18,4,512,512,0,0,0,0,0,0,59,0,0,0,3531,detection,
3535874,9,20,768,768,0,0,0,0,0,0,65,0,0,0,3535,detection,
3540783,18,4,512,512,0,0,0,0,0,0,56,0,0,0,3540,detection,
3544081,7,30,-512,1024,-1536,0,100,100,22,0,96,0,48,40,3544,detection,
3545344,6,10,512,512,0,0,0,0,0,0,55,0,0,0,3545,detection,
3545428,20,19,768,768,0,0,0,0,0,0,59,0,0,0,3545,detection,
3545484,11,19,768,768,0,0,0,0,0,0,59,0,0,0,3545,detection,
3547488,11,18,1280,1280,0,0,0,0,0,0,44,0,0,0,3547,detection,
3550410,15,11,1024,1024,0,0,0,70,0,0,91,0,48,40,3550,detection,
3550478,19,11,1024,1024,0,0,0,0,0,0,61,0,0,0,3550,detection,
3550983,14,2,1024,1024,0,0,0,0,0,0,56,0,0,0,3550,detection,
3550996,9,2,1024,1024,0,0,0,0,0,0,56,0,0,0,3550,detection,
3551036,15,2,1024,1024,0,0,0,0,0,0,66,0,0,0,3551,detection,
3551237,11,19,768,768,0,0,0,0,0,0,60,0,0,0,3551,detection,
3551302,20,19,768,768,0,0,0,0,0,0,57,0,0,0,3551,detection,
3551486,21,30,-512,1024,-1536,0,100,100,100,0,46,0,63,40,3551,detection,
3551723,19,11,1024,1024,0,0,0,0,0,0,61,0,0,0,3551,detection,
3551779,15,11,1024,1024,0,0,0,70,0,0,93,0,48,40,3551,detection,
3552558,1,28,-512,768,-1280,0,100,100,30,0,40,0,69,55,3552,detection,
3553601,19,11,1024,1024,0,0,0,0,0,0,60,0,0,0,3553,detection,
3553793,18,29,-512,1280,-1792,0,100,100,61,0,59,0,58,40,3553,detection,
3554177,13,16,1024,1024,0,0,0,70,0,0,51,0,61,40,3554,detection,
3558280,15,11,-1,-1,0,0,0,70,0,0,86,0,48,40,3558,detection,
3558856,14,2,1024,1024,0,0,0,0,0,0,56,0,0,0,3558,detection,
3558869,9,2,1024,1024,0,0,0,0,0,0,56,0,0,0,3558,detection,
3558904,22,2,1024,1024,0,0,0,0,0,0,68,0,0,0,3558,detection,
3558904,15,2,1024,1024,0,0,0,0,0,0,64,0,0,0,3558,detection,
3558911,18,2,1024,1024,0,0,0,0,0,0,61,0,0,0,3558,detection,
3558933,8,2,1024,1024,0,0,0,0,0,0,67,0,0,0,3558,detection,
3558934,20,2,1024,1024,0,0,0,0,0,0,59,0,0,0,3558,detection,
3558946,4,2,1024,1024,0,0,0,0,0,0,64,0,0,0,3558,detection,
3559348,6,14,1280,1280,0,0,0,70,0,0,56,0,61,40,3559,detection,
3559408,18,14,1280,1280,0,0,0,0,0,0,55,0,0,0,3559,detection,
3560168,1,28,-512,768,-1280,0,100,100,0,0,39,0,69,55,3560,detection,
3561974,6,19,768,768,0,0,0,0,0,0,56,0,0,0,3561,detection,
3562107,21,30,-512,1280,-1792,0,100,100,32,0,52,0,58,40,3562,detection,
3562857,1,6,-1,-1,0,0,0,0,0,0,60,0,0,0,3562,detection,
3563428,13,16,1024,1024,0,0,0,70,0,0,55,0,61,40,3563,detection,
3565786,18,2,1024,1024,0,0,0,0,0,0,60,0,0,0,3565,detection,
3565902,1,28,-512,768,-1280,0,100,100,0,0,35,0,70,55,3565,detection,
3569222,6,19,768,768,0,0,0,0,0,0,57,0,0,0,3569,detection,
3570829,7,14,1024,1024,0,0,0,70,0,0,64,0,48,40,3570,detection,
3570846,6,14,1024,1024,0,0,0,70,0,0,57,0,61,40,3570,detection,
3571553,10,16,998,998,0,0,0,0,0,0,48,0,0,0,3571,detection,
3572006,1,28,-512,512,-1024,0,100,100,38,0,36,0,69,55,3572,detection,
3572809,8,25,-512,2048,-2560,0,100,100,100,0,56,0,58,40,3572,detection,
3575238,1,28,-512,512,-1024,0,100,100,0,0,37,0,69,55,3575,detection,
3575370,9,2,1280,1280,0,0,0,0,0,0,55,0,0,0,3575,detection,
3575447,4,2,1280,1280,0,0,0,0,0,0,63,0,0,0,3575,detection,
3576580,7,14,1024,1024,0,0,0,70,0,0,65,0,48,40,3576,detection,
3576598,6,14,1024,1024,0,0,0,70,0,0,58,0,61,40,3576,detection,
3576784,18,14,1024,1024,0,0,0,0,0,0,59,0,0,0,3576,detection,
3577112,11,15,1536,1536,0,0,0,0,0,0,59,0,0,0,3577,detection,
3577423,5,23,-512,-1,-511,100,92,100,100,0,58,0,56,40,3577,detection,
3578181,13,10,512,512,0,0,0,0,0,0,64,0,0,0,3578,detection,
3578530,15,11,1792,1792,0,0,0,70,0,0,86,0,48,40,3578,detection,
3580058,8,25,-512,2048,-2560,0,100,100,0,0,55,0,58,40,3580,detection,
3583931,10,13,768,768,0,0,0,0,0,0,59,0,0,0,3583,detection,
3583937,1,13,768,768,0,0,0,70,0,0,53,0,61,40,3583,detection,
3583953,16,13,768,768,0,0,0,0,0,0,60,0,0,0,3583,detection,
3583987,14,13,768,768,0,0,0,0,0,0,61,0,0,0,3583,detection,
3587531,15,11,2048,2048,0,0,0,70,0,0,81,0,48,40,3587,detection,
3588239,14,10,512,512,0,0,0,0,0,0,59,0,0,0,3588,detection,
3588304,13,10,512,512,0,0,0,0,0,0,64,0,0,0,3588,detection,
3590412,18,29,-512,1536,-2048,0,100,100,31,0,55,0,58,40,3590,detection,
3590438,20,29,-512,1536,-2048,0,100,100,100,0,100,0,48,40,3590,detection,
3593456,16,10,512,512,0,0,0,0,0,0,65,0,0,0,3593,detection,
3593485,14,10,512,512,0,0,0,0,0,0,55,0,0,0,3593,detection,
3593926,10,16,-1,-1,0,0,0,0,0,0,51,0,0,0,3593,detection,
3593930,13,16,-1,-1,0,0,0,70,0,0,59,0,61,40,3593,detection,
3598051,10,16,-1,-1,0,0,0,0,0,0,51,0,0,0,3598,detection,
3598053,13,16,-1,-1,0,0,0,70,0,0,59,0,61,40,3598,detection,
3598300,1,23,-512,768,-1280,0,100,100,0,0,44,0,64,40,3598,detection,
3598306,10,23,-512,768,-1280,0,100,100,92,0,58,0,58,40,3598,detection,
3598309,20,23,-512,768,-1280,0,100,100,30,0,60,0,58,40,3598,detection,
