108308	ID:18	Contiki-78a5a97
112105	ID:18	Rime addr 0.0.0.0.0.0.0.18
117531	ID:18	MAC 00:00:00:00:00:00:00:12
119230	ID:18	Node id 18.
123265	ID:18	ContikiMAC 8 26
131455	ID:18	IPv6 fe80:0000:0000:0000:0200:0000:0000:0012
135931	ID:18	Starting 2H-FuzzRID sensor node
136073	ID:16	Contiki-78a5a97
139870	ID:16	Rime addr 0.0.0.0.0.0.0.16
140534	ID:18	2H-FuzzRID node started
145296	ID:16	MAC 00:00:00:00:00:00:00:10
146995	ID:16	Node id 16.
151030	ID:16	ContikiMAC 8 26
154092	ID:26	Contiki-78a5a97
157889	ID:26	Rime addr 0.0.0.0.0.0.0.26
159220	ID:16	IPv6 fe80:0000:0000:0000:0200:0000:0000:0010
163315	ID:26	MAC 00:00:00:00:00:00:00:1a
163696	ID:16	Starting 2H-FuzzRID sensor node
165014	ID:26	Node id 26.
168294	ID:26	ContikiMAC 8 26
168299	ID:16	2H-FuzzRID node started
176494	ID:26	IPv6 fe80:0000:0000:0000:0200:0000:0000:001a
180550	ID:26	Starting 2H-FuzzRID attacker
188091	ID:26	[ATK] Attacker node started, type=4 stage=1 delta=20
222845	ID:30	Contiki-78a5a97
226642	ID:30	Rime addr 0.0.0.0.0.0.0.30
232070	ID:30	MAC 00:00:00:00:00:00:00:1e
233770	ID:30	Node id 30.
237050	ID:30	ContikiMAC 8 26
245250	ID:30	IPv6 fe80:0000:0000:0000:0200:0000:0000:001e
249306	ID:30	Starting 2H-FuzzRID attacker
256844	ID:30	[ATK] Attacker node started, type=4 stage=1 delta=20
274486	ID:3	Contiki-78a5a97
278129	ID:3	Rime addr 0.0.0.0.0.0.0.3
283540	ID:3	MAC 00:00:00:00:00:00:00:03
285100	ID:3	Node id 3.
289135	ID:3	ContikiMAC 8 26
297085	ID:23	Contiki-78a5a97
297313	ID:3	IPv6 fe80:0000:0000:0000:0200:0000:0000:0003
300882	ID:23	Rime addr 0.0.0.0.0.0.0.23
301788	ID:3	Starting 2H-FuzzRID sensor node
306308	ID:23	MAC 00:00:00:00:00:00:00:17
306393	ID:3	2H-FuzzRID node started
308007	ID:23	Node id 23.
312042	ID:23	ContikiMAC 8 26
320232	ID:23	IPv6 fe80:0000:0000:0000:0200:0000:0000:0017
321949	ID:25	Contiki-78a5a97
324708	ID:23	Starting 2H-FuzzRID sensor node
325746	ID:25	Rime addr 0.0.0.0.0.0.0.25
329311	ID:23	2H-FuzzRID node started
331172	ID:25	MAC 00:00:00:00:00:00:00:19
332871	ID:25	Node id 25.
336906	ID:25	ContikiMAC 8 26
345096	ID:25	IPv6 fe80:0000:0000:0000:0200:0000:0000:0019
346822	ID:27	Contiki-78a5a97
349572	ID:25	Starting 2H-FuzzRID sensor node
350619	ID:27	Rime addr 0.0.0.0.0.0.0.27
354175	ID:25	2H-FuzzRID node started
356045	ID:27	MAC 00:00:00:00:00:00:00:1b
357744	ID:27	Node id 27.
361024	ID:27	ContikiMAC 8 26
365299	ID:11	Contiki-78a5a97
369096	ID:11	Rime addr 0.0.0.0.0.0.0.11
369224	ID:27	IPv6 fe80:0000:0000:0000:0200:0000:0000:001b
373280	ID:27	Starting 2H-FuzzRID attacker
374507	ID:11	MAC 00:00:00:00:00:00:00:0b
376205	ID:11	Node id 11.
380241	ID:11	ContikiMAC 8 26
380821	ID:27	[ATK] Attacker node started, type=4 stage=1 delta=20
388411	ID:11	IPv6 fe80:0000:0000:0000:0200:0000:0000:000b
392886	ID:11	Starting 2H-FuzzRID sensor node
397488	ID:11	2H-FuzzRID node started
505720	ID:19	Contiki-78a5a97
509517	ID:19	Rime addr 0.0.0.0.0.0.0.19
512520	ID:20	Contiki-78a5a97
514943	ID:19	MAC 00:00:00:00:00:00:00:13
516317	ID:20	Rime addr 0.0.0.0.0.0.0.20
516642	ID:19	Node id 19.
520677	ID:19	ContikiMAC 8 26
521743	ID:20	MAC 00:00:00:00:00:00:00:14
523442	ID:20	Node id 20.
527477	ID:20	ContikiMAC 8 26
528116	ID:10	Contiki-78a5a97
528867	ID:19	IPv6 fe80:0000:0000:0000:0200:0000:0000:0013
531913	ID:10	Rime addr 0.0.0.0.0.0.0.10
533343	ID:19	Starting 2H-FuzzRID sensor node
535667	ID:20	IPv6 fe80:0000:0000:0000:0200:0000:0000:0014
537324	ID:10	MAC 00:00:00:00:00:00:00:0a
537946	ID:19	2H-FuzzRID node started
539022	ID:10	Node id 10.
540143	ID:20	Starting 2H-FuzzRID sensor node
543058	ID:10	ContikiMAC 8 26
544746	ID:20	2H-FuzzRID node started
551228	ID:10	IPv6 fe80:0000:0000:0000:0200:0000:0000:000a
555703	ID:10	Starting 2H-FuzzRID sensor node
560305	ID:10	2H-FuzzRID node started
587952	ID:29	Contiki-78a5a97
591749	ID:29	Rime addr 0.0.0.0.0.0.0.29
597175	ID:29	MAC 00:00:00:00:00:00:00:1d
598874	ID:29	Node id 29.
602154	ID:29	ContikiMAC 8 26
610354	ID:29	IPv6 fe80:0000:0000:0000:0200:0000:0000:001d
614410	ID:29	Starting 2H-FuzzRID attacker
621951	ID:29	[ATK] Attacker node started, type=4 stage=1 delta=20
628561	ID:4	Contiki-78a5a97
632204	ID:4	Rime addr 0.0.0.0.0.0.0.4
637615	ID:4	MAC 00:00:00:00:00:00:00:04
639175	ID:4	Node id 4.
643210	ID:4	ContikiMAC 8 26
651388	ID:4	IPv6 fe80:0000:0000:0000:0200:0000:0000:0004
655863	ID:4	Starting 2H-FuzzRID sensor node
660468	ID:4	2H-FuzzRID node started
665063	ID:8	Contiki-78a5a97
668706	ID:8	Rime addr 0.0.0.0.0.0.0.8
674117	ID:8	MAC 00:00:00:00:00:00:00:08
675677	ID:8	Node id 8.
679261	ID:31	Contiki-78a5a97
679712	ID:8	ContikiMAC 8 26
683058	ID:31	Rime addr 0.0.0.0.0.0.0.31
687890	ID:8	IPv6 fe80:0000:0000:0000:0200:0000:0000:0008
688486	ID:31	MAC 00:00:00:00:00:00:00:1f
690186	ID:31	Node id 31.
692365	ID:8	Starting 2H-FuzzRID sensor node
693466	ID:31	ContikiMAC 8 26
696970	ID:8	2H-FuzzRID node started
701666	ID:31	IPv6 fe80:0000:0000:0000:0200:0000:0000:001f
705722	ID:31	Starting 2H-FuzzRID attacker
713260	ID:31	[ATK] Attacker node started, type=4 stage=1 delta=20
728290	ID:14	Contiki-78a5a97
732087	ID:14	Rime addr 0.0.0.0.0.0.0.14
737498	ID:14	MAC 00:00:00:00:00:00:00:0e
739196	ID:14	Node id 14.
743232	ID:14	ContikiMAC 8 26
751402	ID:14	IPv6 fe80:0000:0000:0000:0200:0000:0000:000e
755877	ID:14	Starting 2H-FuzzRID sensor node
759595	ID:1	Contiki-78a5a97
760479	ID:14	2H-FuzzRID node started
761218	ID:7	Contiki-78a5a97
763238	ID:1	Rime addr 0.0.0.0.0.0.0.1
764861	ID:7	Rime addr 0.0.0.0.0.0.0.7
766448	ID:28	Contiki-78a5a97
768649	ID:1	MAC 00:00:00:00:00:00:00:01
770209	ID:1	Node id 1.
770245	ID:28	Rime addr 0.0.0.0.0.0.0.28
770272	ID:7	MAC 00:00:00:00:00:00:00:07
771832	ID:7	Node id 7.
774265	ID:1	ContikiMAC 8 26
775671	ID:28	MAC 00:00:00:00:00:00:00:1c
775867	ID:7	ContikiMAC 8 26
777370	ID:28	Node id 28.
780000	ID:15	Contiki-78a5a97
780650	ID:28	ContikiMAC 8 26
780759	ID:17	Contiki-78a5a97
782445	ID:1	IPv6 fe80:0000:0000:0000:0200:0000:0000:0001
783797	ID:15	Rime addr 0.0.0.0.0.0.0.15
784045	ID:7	IPv6 fe80:0000:0000:0000:0200:0000:0000:0007
784556	ID:17	Rime addr 0.0.0.0.0.0.0.17
785942	ID:1	Starting 2H-FuzzRID root
788520	ID:7	Starting 2H-FuzzRID sensor node
788850	ID:28	IPv6 fe80:0000:0000:0000:0200:0000:0000:001c
789208	ID:15	MAC 00:00:00:00:00:00:00:0f
789982	ID:17	MAC 00:00:00:00:00:00:00:11
790906	ID:15	Node id 15.
791681	ID:17	Node id 17.
791988	ID:1	IPv6 addresses: aaaa::200:0:0:1
792906	ID:28	Starting 2H-FuzzRID attacker
793125	ID:7	2H-FuzzRID node started
793213	ID:1	aaaa::1
794942	ID:15	ContikiMAC 8 26
795622	ID:1	fe80::200:0:0:1
795716	ID:17	ContikiMAC 8 26
800055	ID:1	2H-FuzzRID root started
800447	ID:28	[ATK] Attacker node started, type=4 stage=1 delta=20
803112	ID:15	IPv6 fe80:0000:0000:0000:0200:0000:0000:000f
803906	ID:17	IPv6 fe80:0000:0000:0000:0200:0000:0000:0011
807587	ID:15	Starting 2H-FuzzRID sensor node
808382	ID:17	Starting 2H-FuzzRID sensor node
812189	ID:15	2H-FuzzRID node started
812985	ID:17	2H-FuzzRID node started
859808	ID:6	Contiki-78a5a97
863451	ID:6	Rime addr 0.0.0.0.0.0.0.6
868862	ID:6	MAC 00:00:00:00:00:00:00:06
870136	ID:2	Contiki-78a5a97
870422	ID:6	Node id 6.
873779	ID:2	Rime addr 0.0.0.0.0.0.0.2
874457	ID:6	ContikiMAC 8 26
879190	ID:2	MAC 00:00:00:00:00:00:00:02
880750	ID:2	Node id 2.
882635	ID:6	IPv6 fe80:0000:0000:0000:0200:0000:0000:0006
884785	ID:2	ContikiMAC 8 26
887110	ID:6	Starting 2H-FuzzRID sensor node
891715	ID:6	2H-FuzzRID node started
892963	ID:2	IPv6 fe80:0000:0000:0000:0200:0000:0000:0002
897438	ID:2	Starting 2H-FuzzRID sensor node
902043	ID:2	2H-FuzzRID node started
903314	ID:22	Contiki-78a5a97
907111	ID:22	Rime addr 0.0.0.0.0.0.0.22
912537	ID:22	MAC 00:00:00:00:00:00:00:16
914236	ID:22	Node id 22.
918271	ID:22	ContikiMAC 8 26
926461	ID:22	IPv6 fe80:0000:0000:0000:0200:0000:0000:0016
930937	ID:22	Starting 2H-FuzzRID sensor node
935540	ID:22	2H-FuzzRID node started
973336	ID:12	Contiki-78a5a97
977133	ID:12	Rime addr 0.0.0.0.0.0.0.12
982544	ID:12	MAC 00:00:00:00:00:00:00:0c
984242	ID:12	Node id 12.
988278	ID:12	ContikiMAC 8 26
989596	ID:9	Contiki-78a5a97
993239	ID:9	Rime addr 0.0.0.0.0.0.0.9
996448	ID:12	IPv6 fe80:0000:0000:0000:0200:0000:0000:000c
998650	ID:9	MAC 00:00:00:00:00:00:00:09
1000210	ID:9	Node id 9.
1000923	ID:12	Starting 2H-FuzzRID sensor node
1004245	ID:9	ContikiMAC 8 26
1005525	ID:12	2H-FuzzRID node started
1012423	ID:9	IPv6 fe80:0000:0000:0000:0200:0000:0000:0009
1016898	ID:9	Starting 2H-FuzzRID sensor node
1021503	ID:9	2H-FuzzRID node started
1031553	ID:24	Contiki-78a5a97
1035350	ID:24	Rime addr 0.0.0.0.0.0.0.24
1040776	ID:24	MAC 00:00:00:00:00:00:00:18
1042475	ID:24	Node id 24.
1046510	ID:24	ContikiMAC 8 26
1054700	ID:24	IPv6 fe80:0000:0000:0000:0200:0000:0000:0018
1059176	ID:24	Starting 2H-FuzzRID sensor node
1063779	ID:24	2H-FuzzRID node started
1083659	ID:5	Contiki-78a5a97
1085174	ID:21	Contiki-78a5a97
1087302	ID:5	Rime addr 0.0.0.0.0.0.0.5
1088971	ID:21	Rime addr 0.0.0.0.0.0.0.21
1089271	ID:13	Contiki-78a5a97
1092713	ID:5	MAC 00:00:00:00:00:00:00:05
1093068	ID:13	Rime addr 0.0.0.0.0.0.0.13
1094273	ID:5	Node id 5.
1094397	ID:21	MAC 00:00:00:00:00:00:00:15
1096096	ID:21	Node id 21.
1098308	ID:5	ContikiMAC 8 26
1098479	ID:13	MAC 00:00:00:00:00:00:00:0d
1100131	ID:21	ContikiMAC 8 26
1100177	ID:13	Node id 13.
1104213	ID:13	ContikiMAC 8 26
1106486	ID:5	IPv6 fe80:0000:0000:0000:0200:0000:0000:0005
1108321	ID:21	IPv6 fe80:0000:0000:0000:0200:0000:0000:0015
1110961	ID:5	Starting 2H-FuzzRID sensor node
1112383	ID:13	IPv6 fe80:0000:0000:0000:0200:0000:0000:000d
1112797	ID:21	Starting 2H-FuzzRID sensor node
1115566	ID:5	2H-FuzzRID node started
1116858	ID:13	Starting 2H-FuzzRID sensor node
1117400	ID:21	2H-FuzzRID node started
1121460	ID:13	2H-FuzzRID node started
27858713	ID:28	[ATK-DBG] t=27s warm-up true_rank=512 (not attacking yet)
27876587	ID:27	[ATK-DBG] t=27s warm-up true_rank=512 (not attacking yet)
27877121	ID:1	[HFS] ra=0 si=0 cx=49 ac=0
27880079	ID:1	[LIST] Neighbors: 21
27883726	ID:1	[LIST] Quarantine: (none)
27887223	ID:1	[LIST] Blacklist: (none)
27893317	ID:1	FUZZRID,DET,21,512,512,0,0,0,0,0,0,0,0,0,0
28008367	ID:1	[HFS] ra=0 si=0 cx=49 ac=0
28011750	ID:1	[LIST] Neighbors: 21,27
28015421	ID:1	[LIST] Quarantine: (none)
28018917	ID:1	[LIST] Blacklist: (none)
28025011	ID:1	FUZZRID,DET,27,512,512,0,0,0,0,0,0,0,0,0,0
28127032	ID:1	[HFS] ra=0 si=0 cx=49 ac=0
28130842	ID:1	[LIST] Neighbors: 21,27,28
28134478	ID:1	[LIST] Quarantine: (none)
28137975	ID:1	[LIST] Blacklist: (none)
28144102	ID:1	FUZZRID,DET,28,512,512,0,0,0,0,0,0,0,0,0,0
28157568	ID:4	[HFS] ra=0 si=0 cx=49 ac=0
28160525	ID:4	[LIST] Neighbors: 28
28164162	ID:4	[LIST] Quarantine: (none)
28167659	ID:4	[LIST] Blacklist: (none)
28173752	ID:4	FUZZRID,DET,28,512,512,0,0,0,0,0,0,0,0,0,0
28183815	ID:15	[HFS] ra=0 si=0 cx=49 ac=0
28186777	ID:15	[LIST] Neighbors: 28
28190414	ID:15	[LIST] Quarantine: (none)
28193911	ID:15	[LIST] Blacklist: (none)
28200009	ID:15	FUZZRID,DET,28,512,512,0,0,0,0,0,0,0,0,0,0
28238345	ID:21	[HFS] ra=0 si=0 cx=49 ac=0
28241302	ID:21	[LIST] Neighbors: 28
28244939	ID:21	[LIST] Quarantine: (none)
28248436	ID:21	[LIST] Blacklist: (none)
28254530	ID:21	FUZZRID,DET,28,512,512,0,0,0,0,0,0,0,0,0,0
28383956	ID:1	[HFS] ra=0 si=0 cx=49 ac=0
28388192	ID:1	[LIST] Neighbors: 21,27,28,15
28391101	ID:11	[HFS] ra=0 si=0 cx=49 ac=0
28391829	ID:1	[LIST] Quarantine: (none)
28394058	ID:11	[LIST] Neighbors: 15
28395326	ID:1	[LIST] Blacklist: (none)
28397694	ID:11	[LIST] Quarantine: (none)
28401191	ID:11	[LIST] Blacklist: (none)
28401454	ID:1	FUZZRID,DET,15,768,768,0,0,0,0,0,0,0,0,0,0
28407285	ID:11	FUZZRID,DET,15,768,768,0,0,0,0,0,0,0,0,0,0
28409092	ID:19	[HFS] ra=0 si=0 cx=49 ac=0
28412077	ID:19	[LIST] Neighbors: 15
28415714	ID:19	[LIST] Quarantine: (none)
28419211	ID:19	[LIST] Blacklist: (none)
28425305	ID:19	FUZZRID,DET,15,768,768,0,0,0,0,0,0,0,0,0,0
28429427	ID:22	[HFS] ra=0 si=0 cx=49 ac=0
28432414	ID:22	[LIST] Neighbors: 15
28436051	ID:22	[LIST] Quarantine: (none)
28439548	ID:22	[LIST] Blacklist: (none)
28445641	ID:22	FUZZRID,DET,15,768,768,0,0,0,0,0,0,0,0,0,0
28473144	ID:25	[HFS] ra=0 si=0 cx=49 ac=0
28476101	ID:25	[LIST] Neighbors: 15
28479738	ID:25	[LIST] Quarantine: (none)
28483235	ID:25	[LIST] Blacklist: (none)
28489329	ID:25	FUZZRID,DET,15,768,768,0,0,0,0,0,0,0,0,0,0
31396707	ID:31	[ATK-DBG] t=30s warm-up true_rank=1024 (not attacking yet)
31425825	ID:3	[HFS] ra=0 si=0 cx=49 ac=0
31428782	ID:3	[LIST] Neighbors: 31
31432419	ID:3	[LIST] Quarantine: (none)
31435916	ID:3	[LIST] Blacklist: (none)
31442370	ID:3	FUZZRID,DET,31,1024,1024,0,0,0,0,0,0,0,0,0,0
31507088	ID:14	[HFS] ra=0 si=0 cx=49 ac=0
31510068	ID:14	[LIST] Neighbors: 31
31513704	ID:14	[LIST] Quarantine: (none)
31517201	ID:14	[LIST] Blacklist: (none)
31523656	ID:14	FUZZRID,DET,31,1024,1024,0,0,0,0,0,0,0,0,0,0
31684061	ID:26	[ATK-DBG] t=31s warm-up true_rank=1024 (not attacking yet)
31787150	ID:7	[HFS] ra=0 si=0 cx=49 ac=0
31789948	ID:7	[LIST] Neighbors: 4
31793584	ID:7	[LIST] Quarantine: (none)
31797081	ID:7	[LIST] Blacklist: (none)
31800634	ID:3	[HFS] ra=0 si=0 cx=49 ac=0
31803396	ID:7	FUZZRID,DET,4,1024,1024,0,0,0,0,0,0,0,0,0,0
31803872	ID:3	[LIST] Neighbors: 31,4
31807509	ID:3	[LIST] Quarantine: (none)
31811005	ID:3	[LIST] Blacklist: (none)
31817320	ID:3	FUZZRID,DET,4,1024,1024,0,0,0,0,0,0,0,0,0,0
31881813	ID:14	[HFS] ra=0 si=0 cx=49 ac=0
31885068	ID:14	[LIST] Neighbors: 31,4
31888705	ID:14	[LIST] Quarantine: (none)
31889481	ID:9	[HFS] ra=0 si=0 cx=49 ac=0
31892201	ID:14	[LIST] Blacklist: (none)
31892278	ID:9	[LIST] Neighbors: 4
31893279	ID:11	[HFS] ra=0 si=0 cx=49 ac=0
31895933	ID:9	[LIST] Quarantine: (none)
31896664	ID:11	[LIST] Neighbors: 15,26
31898516	ID:14	FUZZRID,DET,4,1024,1024,0,0,0,0,0,0,0,0,0,0
31899430	ID:9	[LIST] Blacklist: (none)
31900301	ID:11	[LIST] Quarantine: (none)
31903798	ID:11	[LIST] Blacklist: (none)
31905779	ID:9	FUZZRID,DET,4,1024,1024,0,0,0,0,0,0,0,0,0,0
31910251	ID:11	FUZZRID,DET,26,1024,1024,0,0,0,0,0,0,0,0,0,0
31910379	ID:19	[HFS] ra=0 si=0 cx=49 ac=0
31913762	ID:19	[LIST] Neighbors: 15,26
31913879	ID:20	[HFS] ra=0 si=0 cx=49 ac=0
31916837	ID:20	[LIST] Neighbors: 26
31917399	ID:19	[LIST] Quarantine: (none)
31920473	ID:20	[LIST] Quarantine: (none)
31920896	ID:19	[LIST] Blacklist: (none)
31923970	ID:20	[LIST] Blacklist: (none)
31927349	ID:19	FUZZRID,DET,26,1024,1024,0,0,0,0,0,0,0,0,0,0
31930424	ID:20	FUZZRID,DET,26,1024,1024,0,0,0,0,0,0,0,0,0,0
31930770	ID:22	[HFS] ra=0 si=0 cx=49 ac=0
31931715	ID:15	[HFS] ra=0 si=0 cx=49 ac=0
31934154	ID:22	[LIST] Neighbors: 15,26
31934361	ID:17	[HFS] ra=0 si=0 cx=49 ac=0
31935106	ID:15	[LIST] Neighbors: 28,26
31937318	ID:17	[LIST] Neighbors: 26
31937791	ID:22	[LIST] Quarantine: (none)
31938743	ID:15	[LIST] Quarantine: (none)
31940955	ID:17	[LIST] Quarantine: (none)
31941287	ID:22	[LIST] Blacklist: (none)
31942240	ID:15	[LIST] Blacklist: (none)
31944452	ID:17	[LIST] Blacklist: (none)
31947741	ID:22	FUZZRID,DET,26,1024,1024,0,0,0,0,0,0,0,0,0,0
31948694	ID:15	FUZZRID,DET,26,1024,1024,0,0,0,0,0,0,0,0,0,0
31950906	ID:17	FUZZRID,DET,26,1024,1024,0,0,0,0,0,0,0,0,0,0
31974522	ID:25	[HFS] ra=0 si=0 cx=49 ac=0
31977906	ID:25	[LIST] Neighbors: 15,26
31981543	ID:25	[LIST] Quarantine: (none)
31985039	ID:25	[LIST] Blacklist: (none)
31991493	ID:25	FUZZRID,DET,26,1024,1024,0,0,0,0,0,0,0,0,0,0
32137595	ID:6	[HFS] ra=0 si=0 cx=49 ac=0
32140552	ID:6	[LIST] Neighbors: 19
32144189	ID:6	[LIST] Quarantine: (none)
32147700	ID:6	[LIST] Blacklist: (none)
32154151	ID:6	FUZZRID,DET,19,1280,1280,0,0,0,0,0,0,0,0,0,0
32163983	ID:16	[HFS] ra=0 si=0 cx=49 ac=0
32166941	ID:16	[LIST] Neighbors: 19
32170578	ID:16	[LIST] Quarantine: (none)
32174110	ID:16	[LIST] Blacklist: (none)
32180063	ID:10	[HFS] ra=0 si=0 cx=49 ac=0
32180561	ID:16	FUZZRID,DET,19,1280,1280,0,0,0,0,0,0,0,0,0,0
32183021	ID:10	[LIST] Neighbors: 19
32185173	ID:17	[HFS] ra=0 si=0 cx=49 ac=0
32186657	ID:10	[LIST] Quarantine: (none)
32188557	ID:17	[LIST] Neighbors: 26,19
32190169	ID:10	[LIST] Blacklist: (none)
32192194	ID:17	[LIST] Quarantine: (none)
32195691	ID:17	[LIST] Blacklist: (none)
32196619	ID:10	FUZZRID,DET,19,1280,1280,0,0,0,0,0,0,0,0,0,0
32202167	ID:17	FUZZRID,DET,19,1280,1280,0,0,0,0,0,0,0,0,0,0
32235860	ID:5	[HFS] ra=0 si=0 cx=49 ac=0
32238817	ID:5	[LIST] Neighbors: 19
32242454	ID:5	[LIST] Quarantine: (none)
32245951	ID:5	[LIST] Blacklist: (none)
32252401	ID:5	FUZZRID,DET,19,1280,1280,0,0,0,0,0,0,0,0,0,0
32433356	ID:10	[HFS] ra=0 si=0 cx=49 ac=0
32436740	ID:10	[LIST] Neighbors: 19,25
32440377	ID:10	[LIST] Quarantine: (none)
32443874	ID:10	[LIST] Blacklist: (none)
32450358	ID:10	FUZZRID,DET,25,1024,1024,0,0,0,0,0,0,0,0,0,0
32518742	ID:9	[HFS] ra=0 si=0 cx=49 ac=0
32521965	ID:9	[LIST] Neighbors: 4,25
32525602	ID:9	[LIST] Quarantine: (none)
32529099	ID:9	[LIST] Blacklist: (none)
32535580	ID:9	FUZZRID,DET,25,1024,1024,0,0,0,0,0,0,0,0,0,0
33182565	ID:1	[HFS] ra=0 si=0 cx=49 ac=0
33186801	ID:1	[LIST] Neighbors: 21,27,28,15
33190438	ID:1	[LIST] Quarantine: (none)
33193935	ID:1	[LIST] Blacklist: (none)
33200029	ID:1	FUZZRID,DET,15,512,512,0,0,0,0,0,0,4,0,0,0
33224759	ID:25	[HFS] ra=0 si=0 cx=49 ac=0
33228174	ID:25	[LIST] Neighbors: 15,26
33231811	ID:25	[LIST] Quarantine: (none)
33235307	ID:25	[LIST] Blacklist: (none)
33241402	ID:25	FUZZRID,DET,15,512,512,0,0,0,0,0,0,6,0,0,0
33267487	ID:11	[HFS] ra=0 si=0 cx=49 ac=0
33270870	ID:11	[LIST] Neighbors: 15,26
33274507	ID:11	[LIST] Quarantine: (none)
33278004	ID:11	[LIST] Blacklist: (none)
33284098	ID:11	FUZZRID,DET,15,512,512,0,0,0,0,0,0,6,0,0,0
33284646	ID:19	[HFS] ra=0 si=0 cx=49 ac=0
33288064	ID:19	[LIST] Neighbors: 15,26
33291701	ID:19	[LIST] Quarantine: (none)
33295198	ID:19	[LIST] Blacklist: (none)
33301292	ID:19	FUZZRID,DET,15,512,512,0,0,0,0,0,0,6,0,0,0
33305999	ID:22	[HFS] ra=0 si=0 cx=49 ac=0
33309399	ID:22	[LIST] Neighbors: 15,26
33313036	ID:22	[LIST] Quarantine: (none)
33316533	ID:22	[LIST] Blacklist: (none)
33322628	ID:22	FUZZRID,DET,15,512,512,0,0,0,0,0,0,6,0,0,0
33413882	ID:28	[ATK-DBG] t=32s warm-up true_rank=512 (not attacking yet)
33477756	ID:1	[HFS] ra=0 si=0 cx=49 ac=0
33481992	ID:1	[LIST] Neighbors: 21,27,28,15
33485629	ID:1	[LIST] Quarantine: (none)
33486057	ID:21	[HFS] ra=0 si=0 cx=49 ac=0
33489015	ID:21	[LIST] Neighbors: 28
33489126	ID:1	[LIST] Blacklist: (none)
33492651	ID:21	[LIST] Quarantine: (none)
33495245	ID:1	FUZZRID,DET,28,512,512,0,0,0,0,0,0,0,0,0,0
33496148	ID:21	[LIST] Blacklist: (none)
33502242	ID:21	FUZZRID,DET,28,512,512,0,0,0,0,0,0,0,0,0,0
33528594	ID:4	[HFS] ra=0 si=0 cx=49 ac=0
33531552	ID:4	[LIST] Neighbors: 28
33535188	ID:4	[LIST] Quarantine: (none)
33538685	ID:4	[LIST] Blacklist: (none)
33544810	ID:4	FUZZRID,DET,28,512,512,0,0,0,0,0,0,1,0,0,0
33559107	ID:15	[HFS] ra=0 si=0 cx=49 ac=0
33562490	ID:15	[LIST] Neighbors: 28,26
33566127	ID:15	[LIST] Quarantine: (none)
33569624	ID:15	[LIST] Blacklist: (none)
33575718	ID:15	FUZZRID,DET,28,512,512,0,0,0,0,0,0,0,0,0,0
34430997	ID:10	[HFS] ra=0 si=0 cx=49 ac=0
34433902	ID:24	[HFS] ra=0 si=0 cx=49 ac=0
34434807	ID:10	[LIST] Neighbors: 19,25,17
34436859	ID:24	[LIST] Neighbors: 17
34438444	ID:10	[LIST] Quarantine: (none)
34440495	ID:24	[LIST] Quarantine: (none)
34441941	ID:10	[LIST] Blacklist: (none)
34442419	ID:8	[HFS] ra=0 si=0 cx=49 ac=0
34444025	ID:24	[LIST] Blacklist: (none)
34445376	ID:8	[LIST] Neighbors: 17
34448400	ID:10	FUZZRID,DET,17,1536,1536,0,0,0,0,0,0,0,0,0,0
34449013	ID:8	[LIST] Quarantine: (none)
34450481	ID:24	FUZZRID,DET,17,1536,1536,0,0,0,0,0,0,0,0,0,0
34452535	ID:8	[LIST] Blacklist: (none)
34458991	ID:8	FUZZRID,DET,17,1536,1536,0,0,0,0,0,0,0,0,0,0
34473762	ID:25	[HFS] ra=0 si=0 cx=49 ac=0
34477572	ID:25	[LIST] Neighbors: 15,26,17
34481209	ID:25	[LIST] Quarantine: (none)
34484705	ID:25	[LIST] Blacklist: (none)
34491161	ID:25	FUZZRID,DET,17,1536,1536,0,0,0,0,0,0,0,0,0,0
34511738	ID:6	[HFS] ra=0 si=0 cx=49 ac=0
34515123	ID:6	[LIST] Neighbors: 19,17
34518759	ID:6	[LIST] Quarantine: (none)
34522280	ID:6	[LIST] Blacklist: (none)
34528736	ID:6	FUZZRID,DET,17,1536,1536,0,0,0,0,0,0,0,0,0,0
34533944	ID:19	[HFS] ra=0 si=0 cx=49 ac=0
34537274	ID:16	[HFS] ra=0 si=0 cx=49 ac=0
34537754	ID:19	[LIST] Neighbors: 15,26,17
34540658	ID:16	[LIST] Neighbors: 19,17
34541391	ID:19	[LIST] Quarantine: (none)
34544295	ID:16	[LIST] Quarantine: (none)
34544887	ID:19	[LIST] Blacklist: (none)
34547791	ID:16	[LIST] Blacklist: (none)
34551344	ID:19	FUZZRID,DET,17,1536,1536,0,0,0,0,0,0,0,0,0,0
34554247	ID:16	FUZZRID,DET,17,1536,1536,0,0,0,0,0,0,0,0,0,0
35579691	ID:27	[ATK-DBG] t=35s warm-up true_rank=512 (not attacking yet)
35581442	ID:1	[HFS] ra=0 si=0 cx=49 ac=0
35585679	ID:1	[LIST] Neighbors: 21,27,28,15
35589315	ID:1	[LIST] Quarantine: (none)
35592812	ID:1	[LIST] Blacklist: (none)
35598940	ID:1	FUZZRID,DET,21,512,512,0,0,0,0,0,0,0,0,0,0
35613892	ID:5	[HFS] ra=0 si=0 cx=49 ac=0
35617276	ID:5	[LIST] Neighbors: 19,20
35620913	ID:5	[LIST] Quarantine: (none)
35624410	ID:5	[LIST] Blacklist: (none)
35625952	ID:12	[HFS] ra=0 si=0 cx=49 ac=0
35628909	ID:12	[LIST] Neighbors: 20
35630865	ID:5	FUZZRID,DET,20,1536,1536,0,0,0,0,0,0,0,0,0,0
35632545	ID:12	[LIST] Quarantine: (none)
35636042	ID:12	[LIST] Blacklist: (none)
35639991	ID:6	[HFS] ra=0 si=0 cx=49 ac=0
35642498	ID:12	FUZZRID,DET,20,1536,1536,0,0,0,0,0,0,0,0,0,0
35643801	ID:6	[LIST] Neighbors: 19,17,20
35647438	ID:6	[LIST] Quarantine: (none)
35650934	ID:6	[LIST] Blacklist: (none)
35657390	ID:6	FUZZRID,DET,20,1536,1536,0,0,0,0,0,0,0,0,0,0
35697881	ID:23	[HFS] ra=0 si=0 cx=49 ac=0
35700678	ID:23	[LIST] Neighbors: 7
35703436	ID:1	[HFS] ra=0 si=0 cx=49 ac=0
35704315	ID:23	[LIST] Quarantine: (none)
35707672	ID:1	[LIST] Neighbors: 21,27,28,15
35707812	ID:23	[LIST] Blacklist: (none)
35711309	ID:1	[LIST] Quarantine: (none)
35714129	ID:23	FUZZRID,DET,7,1536,1536,0,0,0,0,0,0,0,0,0,0
35714806	ID:1	[LIST] Blacklist: (none)
35720923	ID:1	FUZZRID,DET,27,512,512,0,0,0,0,0,0,0,0,0,0
35758811	ID:14	[HFS] ra=0 si=0 cx=49 ac=0
35762328	ID:14	[LIST] Neighbors: 31,4,7
35764542	ID:6	[HFS] ra=0 si=0 cx=49 ac=0
35765965	ID:14	[LIST] Quarantine: (none)
35768779	ID:6	[LIST] Neighbors: 19,17,20,16
35769462	ID:14	[LIST] Blacklist: (none)
35770673	ID:2	[HFS] ra=0 si=0 cx=49 ac=0
35772420	ID:6	[LIST] Quarantine: (none)
35773630	ID:2	[LIST] Neighbors: 16
35775812	ID:14	FUZZRID,DET,7,1536,1536,0,0,0,0,0,0,0,0,0,0
35775917	ID:6	[LIST] Blacklist: (none)
35777267	ID:2	[LIST] Quarantine: (none)
35780764	ID:2	[LIST] Blacklist: (none)
35782373	ID:6	FUZZRID,DET,16,1536,1536,0,0,0,0,0,0,0,0,0,0
35787245	ID:2	FUZZRID,DET,16,1536,1536,0,0,0,0,0,0,0,0,0,0
35806198	ID:17	[HFS] ra=0 si=0 cx=49 ac=0
35807295	ID:10	[HFS] ra=0 si=0 cx=49 ac=0
35810008	ID:17	[LIST] Neighbors: 26,19,16
35810714	ID:24	[HFS] ra=0 si=0 cx=49 ac=0
35811531	ID:10	[LIST] Neighbors: 19,25,17,16
35813644	ID:17	[LIST] Quarantine: (none)
35814098	ID:24	[LIST] Neighbors: 17,16
35815169	ID:10	[LIST] Quarantine: (none)
35817141	ID:17	[LIST] Blacklist: (none)
35817735	ID:24	[LIST] Quarantine: (none)
35818314	ID:8	[HFS] ra=0 si=0 cx=49 ac=0
35818666	ID:10	[LIST] Blacklist: (none)
35821263	ID:24	[LIST] Blacklist: (none)
35821708	ID:8	[LIST] Neighbors: 17,16
35823597	ID:17	FUZZRID,DET,16,1536,1536,0,0,0,0,0,0,0,0,0,0
35825121	ID:10	FUZZRID,DET,16,1536,1536,0,0,0,0,0,0,0,0,0,0
35825344	ID:8	[LIST] Quarantine: (none)
35827719	ID:24	FUZZRID,DET,16,1536,1536,0,0,0,0,0,0,0,0,0,0
35828842	ID:8	[LIST] Blacklist: (none)
35835297	ID:8	FUZZRID,DET,16,1536,1536,0,0,0,0,0,0,0,0,0,0
35877577	ID:12	[HFS] ra=0 si=0 cx=49 ac=0
35877789	ID:30	[ATK-DBG] t=35s warm-up true_rank=1280 (not attacking yet)
35880814	ID:12	[LIST] Neighbors: 20,5
35884451	ID:12	[LIST] Quarantine: (none)
35887947	ID:12	[LIST] Blacklist: (none)
35894263	ID:12	FUZZRID,DET,5,1792,1792,0,0,0,0,0,0,0,0,0,0
35899003	ID:2	[HFS] ra=0 si=0 cx=49 ac=0
35902240	ID:2	[LIST] Neighbors: 16,5
35905877	ID:2	[LIST] Quarantine: (none)
35909374	ID:2	[LIST] Blacklist: (none)
35915700	ID:2	FUZZRID,DET,5,1792,1792,0,0,0,0,0,0,0,0,0,0
35977688	ID:25	[HFS] ra=0 si=0 cx=49 ac=0
35981925	ID:25	[LIST] Neighbors: 15,26,17,10
35985562	ID:25	[LIST] Quarantine: (none)
35989059	ID:25	[LIST] Blacklist: (none)
35995532	ID:25	FUZZRID,DET,10,1536,1536,0,0,0,0,0,0,0,0,0,0
36052674	ID:3	[HFS] ra=0 si=0 cx=49 ac=0
36056340	ID:3	[LIST] Neighbors: 31,4,14
36058877	ID:17	[HFS] ra=0 si=0 cx=49 ac=0
36059976	ID:3	[LIST] Quarantine: (none)
36063116	ID:17	[LIST] Neighbors: 26,19,16,10
36063496	ID:3	[LIST] Blacklist: (none)
36066753	ID:17	[LIST] Quarantine: (none)
36069952	ID:3	FUZZRID,DET,14,1536,1536,0,0,0,0,0,0,0,0,0,0
36070251	ID:17	[LIST] Blacklist: (none)
36076707	ID:17	FUZZRID,DET,10,1536,1536,0,0,0,0,0,0,0,0,0,0
36228006	ID:25	[HFS] ra=0 si=0 cx=49 ac=0
36232670	ID:25	[LIST] Neighbors: 15,26,17,10,30
36235075	ID:5	[HFS] ra=0 si=0 cx=49 ac=0
36236308	ID:25	[LIST] Quarantine: (none)
36238919	ID:5	[LIST] Neighbors: 19,20,30
36239805	ID:25	[LIST] Blacklist: (none)
36242556	ID:5	[LIST] Quarantine: (none)
36246053	ID:5	[LIST] Blacklist: (none)
36246256	ID:25	FUZZRID,DET,30,1280,1280,0,0,0,0,0,0,0,0,0,0
36252080	ID:12	[HFS] ra=0 si=0 cx=49 ac=0
36252504	ID:5	FUZZRID,DET,30,1280,1280,0,0,0,0,0,0,0,0,0,0
36255744	ID:12	[LIST] Neighbors: 20,5,30
36259380	ID:12	[LIST] Quarantine: (none)
36261770	ID:6	[HFS] ra=0 si=0 cx=49 ac=0
36262906	ID:12	[LIST] Blacklist: (none)
36266433	ID:6	[LIST] Neighbors: 19,17,20,16,30
36269026	ID:11	[HFS] ra=0 si=0 cx=49 ac=0
36269358	ID:12	FUZZRID,DET,30,1280,1280,0,0,0,0,0,0,0,0,0,0
36270070	ID:6	[LIST] Quarantine: (none)
36272837	ID:11	[LIST] Neighbors: 15,26,30
36273507	ID:2	[HFS] ra=0 si=0 cx=49 ac=0
36273567	ID:6	[LIST] Blacklist: (none)
36276473	ID:11	[LIST] Quarantine: (none)
36277201	ID:2	[LIST] Neighbors: 16,5,30
36279970	ID:11	[LIST] Blacklist: (none)
36280018	ID:6	FUZZRID,DET,30,1280,1280,0,0,0,0,0,0,0,0,0,0
36280837	ID:2	[LIST] Quarantine: (none)
36283397	ID:19	[HFS] ra=0 si=0 cx=49 ac=0
36284334	ID:2	[LIST] Blacklist: (none)
36286428	ID:11	FUZZRID,DET,30,1280,1280,0,0,0,0,0,0,0,0,0,0
36287198	ID:16	[HFS] ra=0 si=0 cx=49 ac=0
36287658	ID:19	[LIST] Neighbors: 15,26,17,30
36290105	ID:20	[HFS] ra=0 si=0 cx=49 ac=0
36290785	ID:2	FUZZRID,DET,30,1280,1280,0,0,0,0,0,0,0,0,0,0
36291026	ID:16	[LIST] Neighbors: 19,17,30
36291295	ID:19	[LIST] Quarantine: (none)
36293489	ID:20	[LIST] Neighbors: 26,30
36294663	ID:16	[LIST] Quarantine: (none)
36294792	ID:19	[LIST] Blacklist: (none)
36297126	ID:20	[LIST] Quarantine: (none)
36298159	ID:16	[LIST] Blacklist: (none)
36300623	ID:20	[LIST] Blacklist: (none)
36301243	ID:19	FUZZRID,DET,30,1280,1280,0,0,0,0,0,0,0,0,0,0
36304611	ID:16	FUZZRID,DET,30,1280,1280,0,0,0,0,0,0,0,0,0,0
36307073	ID:20	FUZZRID,DET,30,1280,1280,0,0,0,0,0,0,0,0,0,0
36317106	ID:8	[HFS] ra=0 si=0 cx=49 ac=0
36320917	ID:8	[LIST] Neighbors: 17,16,30
36324553	ID:8	[LIST] Quarantine: (none)
36328050	ID:8	[LIST] Blacklist: (none)
36334501	ID:8	FUZZRID,DET,30,1280,1280,0,0,0,0,0,0,0,0,0,0
36505241	ID:14	[HFS] ra=0 si=0 cx=49 ac=0
36509039	ID:14	[LIST] Neighbors: 31,4,7,9
36512676	ID:14	[LIST] Quarantine: (none)
36516182	ID:14	[LIST] Blacklist: (none)
36522499	ID:14	FUZZRID,DET,9,1536,1536,0,0,0,0,0,0,0,0,0,0
36530176	ID:4	[HFS] ra=0 si=0 cx=49 ac=0
36533414	ID:4	[LIST] Neighbors: 28,9
36537051	ID:4	[LIST] Quarantine: (none)
36540547	ID:4	[LIST] Blacklist: (none)
36546864	ID:4	FUZZRID,DET,9,1536,1536,0,0,0,0,0,0,0,0,0,0
36557695	ID:10	[HFS] ra=0 si=0 cx=49 ac=0
36562211	ID:10	[LIST] Neighbors: 19,25,17,16,9
36565873	ID:10	[LIST] Quarantine: (none)
36569370	ID:10	[LIST] Blacklist: (none)
36575686	ID:10	FUZZRID,DET,9,1536,1536,0,0,0,0,0,0,0,0,0,0
36768125	ID:11	[HFS] ra=0 si=0 cx=49 ac=0
36772377	ID:11	[LIST] Neighbors: 15,26,30,22
36776013	ID:11	[LIST] Quarantine: (none)
36779511	ID:11	[LIST] Blacklist: (none)
36785966	ID:11	FUZZRID,DET,22,1536,1536,0,0,0,0,0,0,0,0,0,0
37236908	ID:21	[HFS] ra=0 si=0 cx=49 ac=0
37240146	ID:21	[LIST] Neighbors: 28,4
37243783	ID:21	[LIST] Quarantine: (none)
37247280	ID:21	[LIST] Blacklist: (none)
37253596	ID:21	FUZZRID,DET,4,1740,1740,0,0,0,0,0,0,0,0,0,0
37257535	ID:14	[HFS] ra=0 si=0 cx=49 ac=0
37261333	ID:14	[LIST] Neighbors: 31,4,7,9
37264970	ID:14	[LIST] Quarantine: (none)
37268466	ID:14	[LIST] Blacklist: (none)
37274783	ID:14	FUZZRID,DET,4,1740,1740,0,0,0,0,0,0,7,0,0,0
37286812	ID:7	[HFS] ra=0 si=0 cx=49 ac=0
37289609	ID:7	[LIST] Neighbors: 4
37293255	ID:7	[LIST] Quarantine: (none)
37296752	ID:7	[LIST] Blacklist: (none)
37300055	ID:3	[HFS] ra=0 si=0 cx=49 ac=0
37303069	ID:7	FUZZRID,DET,4,1740,1740,0,0,0,0,0,0,8,0,0,0
37303726	ID:3	[LIST] Neighbors: 31,4,14
37307362	ID:3	[LIST] Quarantine: (none)
37310859	ID:3	[LIST] Blacklist: (none)
37317175	ID:3	FUZZRID,DET,4,1740,1740,0,0,0,0,0,0,7,0,0,0
37390822	ID:9	[HFS] ra=0 si=0 cx=49 ac=0
37394079	ID:9	[LIST] Neighbors: 4,25
37397716	ID:9	[LIST] Quarantine: (none)
37401213	ID:9	[LIST] Blacklist: (none)
37407322	ID:9	FUZZRID,DET,25,768,768,0,0,0,0,0,0,0,0,0,0
37864034	ID:5	[HFS] ra=0 si=0 cx=49 ac=0
37868124	ID:5	[LIST] Neighbors: 19,20,30,6
37871761	ID:5	[LIST] Quarantine: (none)
37875258	ID:5	[LIST] Blacklist: (none)
37876874	ID:12	[HFS] ra=0 si=0 cx=49 ac=0
37880821	ID:12	[LIST] Neighbors: 20,5,30,6
37881601	ID:5	FUZZRID,DET,6,1536,1536,0,0,0,0,0,0,0,0,0,0
37884458	ID:12	[LIST] Quarantine: (none)
37887955	ID:12	[LIST] Blacklist: (none)
37894272	ID:12	FUZZRID,DET,6,1536,1536,0,0,0,0,0,0,0,0,0,0
37898969	ID:2	[HFS] ra=0 si=0 cx=49 ac=0
37902913	ID:2	[LIST] Neighbors: 16,5,30,6
37906550	ID:2	[LIST] Quarantine: (none)
37910047	ID:2	[LIST] Blacklist: (none)
37916365	ID:2	FUZZRID,DET,6,1536,1536,0,0,0,0,0,0,0,0,0,0
37945992	ID:8	[HFS] ra=0 si=0 cx=49 ac=0
37950083	ID:8	[LIST] Neighbors: 17,16,30,6
37953720	ID:8	[LIST] Quarantine: (none)
37957217	ID:8	[LIST] Blacklist: (none)
37963534	ID:8	FUZZRID,DET,6,1536,1536,0,0,0,0,0,0,0,0,0,0
37992921	ID:29	[ATK-DBG] t=37s warm-up true_rank=2048 (not attacking yet)
39251468	ID:12	[HFS] ra=0 si=0 cx=49 ac=0
39255692	ID:12	[LIST] Neighbors: 20,5,30,6,2
39259329	ID:12	[LIST] Quarantine: (none)
39262826	ID:12	[LIST] Blacklist: (none)
39269143	ID:12	FUZZRID,DET,2,1536,1536,0,0,0,0,0,0,0,0,0,0
39320602	ID:8	[HFS] ra=0 si=0 cx=49 ac=0
39324972	ID:8	[LIST] Neighbors: 17,16,30,6,2
39328610	ID:8	[LIST] Quarantine: (none)
39332106	ID:8	[LIST] Blacklist: (none)
39338424	ID:8	FUZZRID,DET,2,1536,1536,0,0,0,0,0,0,0,0,0,0
39362667	ID:5	[HFS] ra=0 si=0 cx=49 ac=0
39367038	ID:5	[LIST] Neighbors: 19,20,30,6,2
39370675	ID:5	[LIST] Quarantine: (none)
39374172	ID:5	[LIST] Blacklist: (none)
39380489	ID:5	FUZZRID,DET,2,1536,1536,0,0,0,0,0,0,0,0,0,0
39413804	ID:7	[HFS] ra=0 si=0 cx=49 ac=0
39417028	ID:7	[LIST] Neighbors: 4,23
39420665	ID:7	[LIST] Quarantine: (none)
39424161	ID:7	[LIST] Blacklist: (none)
39430615	ID:7	FUZZRID,DET,23,2048,2048,0,0,0,0,0,0,0,0,0,0
39568881	ID:31	[ATK-DBG] t=38s warm-up true_rank=793 (not attacking yet)
40074769	ID:23	[HFS] ra=0 si=0 cx=49 ac=0
40077864	ID:23	[LIST] Neighbors: 7,9
40081501	ID:23	[LIST] Quarantine: (none)
40084997	ID:23	[LIST] Blacklist: (none)
40091309	ID:23	FUZZRID,DET,9,1280,1280,0,0,0,0,0,0,0,0,0,0
40103102	ID:25	[HFS] ra=0 si=0 cx=49 ac=0
40108045	ID:25	[LIST] Neighbors: 15,26,17,10,30,9
40111683	ID:25	[LIST] Quarantine: (none)
40115180	ID:25	[LIST] Blacklist: (none)
40121492	ID:25	FUZZRID,DET,9,1280,1280,0,0,0,0,0,0,0,0,0,0
40130957	ID:14	[HFS] ra=0 si=0 cx=49 ac=0
40134789	ID:14	[LIST] Neighbors: 31,4,7,9
40138425	ID:14	[LIST] Quarantine: (none)
40141922	ID:14	[LIST] Blacklist: (none)
40148019	ID:14	FUZZRID,DET,31,793,793,0,0,0,0,0,0,4,0,0,0
40158518	ID:4	[HFS] ra=0 si=0 cx=49 ac=0
40162182	ID:4	[LIST] Neighbors: 28,9,31
40165819	ID:4	[LIST] Quarantine: (none)
40169316	ID:4	[LIST] Blacklist: (none)
40175412	ID:4	FUZZRID,DET,31,793,793,0,0,0,0,0,0,0,0,0,0
40177928	ID:3	[HFS] ra=0 si=0 cx=49 ac=0
40181592	ID:3	[LIST] Neighbors: 31,4,14
40185228	ID:3	[LIST] Quarantine: (none)
40188725	ID:3	[LIST] Blacklist: (none)
40194822	ID:3	FUZZRID,DET,31,793,793,0,0,0,0,0,0,6,0,0,0
40237754	ID:21	[HFS] ra=0 si=0 cx=49 ac=0
40241418	ID:21	[LIST] Neighbors: 28,4,31
40245055	ID:21	[LIST] Quarantine: (none)
40248552	ID:21	[LIST] Blacklist: (none)
40254648	ID:21	FUZZRID,DET,31,793,793,0,0,0,0,0,0,0,0,0,0
40294815	ID:26	[ATK-DBG] t=40s warm-up true_rank=989 (not attacking yet)
40756828	ID:14	[HFS] ra=0 si=0 cx=49 ac=0
40760634	ID:14	[LIST] Neighbors: 31,4,7,9
40764271	ID:14	[LIST] Quarantine: (none)
40767768	ID:14	[LIST] Blacklist: (none)
40774084	ID:14	FUZZRID,DET,7,2252,2252,0,0,0,0,0,0,0,0,0,0
40777987	ID:4	[HFS] ra=0 si=0 cx=49 ac=0
40781932	ID:4	[LIST] Neighbors: 28,9,31,7
40785599	ID:4	[LIST] Quarantine: (none)
40789096	ID:4	[LIST] Blacklist: (none)
40795412	ID:4	FUZZRID,DET,7,2252,2252,0,0,0,0,0,0,0,0,0,0
40824444	ID:23	[HFS] ra=0 si=0 cx=49 ac=0
40827521	ID:23	[LIST] Neighbors: 7,9
40831158	ID:23	[LIST] Quarantine: (none)
40834654	ID:23	[LIST] Blacklist: (none)
40840971	ID:23	FUZZRID,DET,7,2252,2252,0,0,0,0,0,0,2,0,0,0
41867742	ID:13	[HFS] ra=0 si=0 cx=49 ac=0
41870699	ID:13	[LIST] Neighbors: 24
41874335	ID:13	[LIST] Quarantine: (none)
41877863	ID:13	[LIST] Blacklist: (none)
41884317	ID:13	FUZZRID,DET,24,2048,2048,0,0,0,0,0,0,0,0,0,0
41884825	ID:18	[HFS] ra=0 si=0 cx=49 ac=0
41887816	ID:18	[LIST] Neighbors: 24
41891453	ID:18	[LIST] Quarantine: (none)
41894950	ID:18	[LIST] Blacklist: (none)
41901404	ID:18	FUZZRID,DET,24,2048,2048,0,0,0,0,0,0,0,0,0,0
41917628	ID:16	[HFS] ra=0 si=0 cx=49 ac=0
41921865	ID:16	[LIST] Neighbors: 19,17,30,24
41925503	ID:16	[LIST] Quarantine: (none)
41929000	ID:16	[LIST] Blacklist: (none)
41933015	ID:17	[HFS] ra=0 si=0 cx=49 ac=0
41935441	ID:10	[HFS] ra=0 si=0 cx=49 ac=0
41935484	ID:16	FUZZRID,DET,24,2048,2048,0,0,0,0,0,0,0,0,0,0
41937704	ID:17	[LIST] Neighbors: 26,19,16,10,24
41940417	ID:10	[LIST] Neighbors: 19,25,17,16,9,24
41941341	ID:17	[LIST] Quarantine: (none)
41943183	ID:8	[HFS] ra=0 si=0 cx=49 ac=0
41944055	ID:10	[LIST] Quarantine: (none)
41944838	ID:17	[LIST] Blacklist: (none)
41947552	ID:10	[LIST] Blacklist: (none)
41947981	ID:8	[LIST] Neighbors: 17,16,30,6,2,24
41951328	ID:17	FUZZRID,DET,24,2048,2048,0,0,0,0,0,0,0,0,0,0
41951618	ID:8	[LIST] Quarantine: (none)
41954014	ID:10	FUZZRID,DET,24,2048,2048,0,0,0,0,0,0,0,0,0,0
41955116	ID:8	[LIST] Blacklist: (none)
41961569	ID:8	FUZZRID,DET,24,2048,2048,0,0,0,0,0,0,0,0,0,0
42684954	ID:15	[HFS] ra=0 si=0 cx=49 ac=0
42688764	ID:15	[LIST] Neighbors: 28,26,22
42692401	ID:15	[LIST] Quarantine: (none)
42695898	ID:15	[LIST] Blacklist: (none)
42702387	ID:15	FUZZRID,DET,22,1280,1280,0,0,0,0,0,0,0,0,0,0
42881706	ID:14	[HFS] ra=0 si=0 cx=49 ac=0
42885784	ID:14	[LIST] Neighbors: 31,4,7,9,3
42889421	ID:14	[LIST] Quarantine: (none)
42892918	ID:14	[LIST] Blacklist: (none)
42899233	ID:14	FUZZRID,DET,3,2048,2048,0,0,0,0,0,0,0,0,0,0
43112029	ID:21	[HFS] ra=0 si=0 cx=48 ac=0
43115705	ID:21	[LIST] Neighbors: 28,4,31
43119342	ID:21	[LIST] Quarantine: (none)
43122839	ID:21	[LIST] Blacklist: (none)
43128973	ID:14	[HFS] ra=0 si=0 cx=49 ac=0
43129292	ID:21	FUZZRID,DET,4,1049,1049,0,0,0,0,0,0,22,0,0,0
43133051	ID:14	[LIST] Neighbors: 31,4,7,9,3
43136688	ID:14	[LIST] Quarantine: (none)
43140202	ID:14	[LIST] Blacklist: (none)
43146656	ID:14	FUZZRID,DET,4,1049,1049,0,0,0,0,0,0,20,0,0,0
43162670	ID:7	[HFS] ra=0 si=0 cx=48 ac=0
43165907	ID:7	[LIST] Neighbors: 4,23
43169544	ID:7	[LIST] Quarantine: (none)
43173040	ID:7	[LIST] Blacklist: (none)
43175873	ID:3	[HFS] ra=0 si=0 cx=48 ac=0
43179494	ID:7	FUZZRID,DET,4,1049,1049,0,0,0,0,0,0,21,0,0,0
43179537	ID:3	[LIST] Neighbors: 31,4,14
43183173	ID:3	[LIST] Quarantine: (none)
43186678	ID:3	[LIST] Blacklist: (none)
43193132	ID:3	FUZZRID,DET,4,1049,1049,0,0,0,0,0,0,21,0,0,0
43219487	ID:29	[ATK-DBG] t=42s warm-up true_rank=1792 (not attacking yet)
43267233	ID:9	[HFS] ra=0 si=0 cx=49 ac=0
43270883	ID:9	[LIST] Neighbors: 4,25,29
43274519	ID:9	[LIST] Quarantine: (none)
43278047	ID:9	[LIST] Blacklist: (none)
43284501	ID:9	FUZZRID,DET,29,1792,1792,0,0,0,0,0,0,0,0,0,0
43289726	ID:7	[HFS] ra=0 si=0 cx=49 ac=0
43293408	ID:7	[LIST] Neighbors: 4,23,29
43297045	ID:7	[LIST] Quarantine: (none)
43300542	ID:7	[LIST] Blacklist: (none)
43306996	ID:7	FUZZRID,DET,29,1792,1792,0,0,0,0,0,0,0,0,0,0
43539345	ID:20	[HFS] ra=0 si=0 cx=49 ac=0
43543155	ID:20	[LIST] Neighbors: 26,30,19
43546792	ID:20	[LIST] Quarantine: (none)
43550288	ID:20	[LIST] Blacklist: (none)
43556739	ID:20	FUZZRID,DET,19,1280,1280,0,0,0,0,0,0,0,0,0,0
43561559	ID:15	[HFS] ra=0 si=0 cx=49 ac=0
43565795	ID:15	[LIST] Neighbors: 28,26,22,19
43569432	ID:15	[LIST] Quarantine: (none)
43572929	ID:15	[LIST] Blacklist: (none)
43579410	ID:15	FUZZRID,DET,19,1280,1280,0,0,0,0,0,0,0,0,0,0
43610610	ID:5	[HFS] ra=0 si=0 cx=49 ac=0
43612657	ID:30	[ATK-DBG] t=43s warm-up true_rank=1302 (not attacking yet)
43614981	ID:5	[LIST] Neighbors: 19,20,30,6,2
43618618	ID:5	[LIST] Quarantine: (none)
43622114	ID:5	[LIST] Blacklist: (none)
43628705	ID:5	FUZZRID,DET,19,1280,1280,0,0,0,0,0,0,11,0,0,0
43636201	ID:6	[HFS] ra=0 si=0 cx=49 ac=0
43640898	ID:6	[LIST] Neighbors: 19,17,20,16,30
43644535	ID:6	[LIST] Quarantine: (none)
43648032	ID:6	[LIST] Blacklist: (none)
43654483	ID:6	FUZZRID,DET,19,1280,1280,0,0,0,0,0,0,9,0,0,0
44157142	ID:19	[HFS] ra=0 si=0 cx=49 ac=0
44161412	ID:19	[LIST] Neighbors: 15,26,17,30
44165049	ID:19	[LIST] Quarantine: (none)
44165269	ID:16	[HFS] ra=0 si=0 cx=49 ac=0
44168546	ID:19	[LIST] Blacklist: (none)
44169506	ID:16	[LIST] Neighbors: 19,17,30,24
44173143	ID:16	[LIST] Quarantine: (none)
44174997	ID:19	FUZZRID,DET,17,1280,1280,0,0,0,0,0,0,4,0,0,0
44176640	ID:16	[LIST] Blacklist: (none)
44182683	ID:10	[HFS] ra=0 si=0 cx=49 ac=0
44183091	ID:16	FUZZRID,DET,17,1280,1280,0,0,0,0,0,0,4,0,0,0
44187626	ID:10	[LIST] Neighbors: 19,25,17,16,9,24
44190937	ID:8	[HFS] ra=0 si=0 cx=49 ac=0
44191289	ID:10	[LIST] Quarantine: (none)
44194785	ID:10	[LIST] Blacklist: (none)
44195734	ID:8	[LIST] Neighbors: 17,16,30,6,2,24
44199371	ID:8	[LIST] Quarantine: (none)
44201270	ID:10	FUZZRID,DET,17,1280,1280,0,0,0,0,0,0,6,0,0,0
44202868	ID:8	[LIST] Blacklist: (none)
44209320	ID:8	FUZZRID,DET,17,1280,1280,0,0,0,0,0,0,6,0,0,0
44252730	ID:12	[HFS] ra=0 si=0 cx=49 ac=0
44256954	ID:12	[LIST] Neighbors: 20,5,30,6,2
44260591	ID:12	[LIST] Quarantine: (none)
44261692	ID:6	[HFS] ra=0 si=0 cx=49 ac=0
44264088	ID:12	[LIST] Blacklist: (none)
44266355	ID:6	[LIST] Neighbors: 19,17,20,16,30
44269993	ID:6	[LIST] Quarantine: (none)
44270539	ID:12	FUZZRID,DET,20,1280,1280,0,0,0,0,0,0,7,0,0,0
44271383	ID:11	[HFS] ra=0 si=0 cx=49 ac=0
44273489	ID:6	[LIST] Blacklist: (none)
44276046	ID:11	[LIST] Neighbors: 15,26,30,22,20
44279683	ID:11	[LIST] Quarantine: (none)
44279957	ID:6	FUZZRID,DET,20,1280,1280,0,0,0,0,0,0,4,0,0,0
44283180	ID:11	[LIST] Blacklist: (none)
44289661	ID:11	FUZZRID,DET,20,1280,1280,0,0,0,0,0,0,0,0,0,0
44485533	ID:5	[HFS] ra=0 si=0 cx=49 ac=0
44489904	ID:5	[LIST] Neighbors: 19,20,30,6,2
44493541	ID:5	[LIST] Quarantine: (none)
44497039	ID:5	[LIST] Blacklist: (none)
44498480	ID:12	[HFS] ra=0 si=0 cx=49 ac=0
44502716	ID:12	[LIST] Neighbors: 20,5,30,6,2
44503388	ID:5	FUZZRID,DET,6,1536,1536,0,0,0,0,0,0,1,0,0,0
44506353	ID:12	[LIST] Quarantine: (none)
44509850	ID:12	[LIST] Blacklist: (none)
44516167	ID:12	FUZZRID,DET,6,1536,1536,0,0,0,0,0,0,1,0,0,0
44542266	ID:20	[HFS] ra=0 si=0 cx=49 ac=0
44546356	ID:20	[LIST] Neighbors: 26,30,19,6
44549998	ID:20	[LIST] Quarantine: (none)
44552828	ID:3	[HFS] ra=0 si=0 cx=49 ac=0
44553495	ID:20	[LIST] Blacklist: (none)
44556493	ID:3	[LIST] Neighbors: 31,4,14
44559812	ID:20	FUZZRID,DET,6,1536,1536,0,0,0,0,0,0,0,0,0,0
44560129	ID:3	[LIST] Quarantine: (none)
44563636	ID:3	[LIST] Blacklist: (none)
44570090	ID:3	FUZZRID,DET,14,1049,1049,0,0,0,0,0,0,6,0,0,0
44772553	ID:2	[HFS] ra=0 si=0 cx=49 ac=0
44776501	ID:2	[LIST] Neighbors: 16,5,30,6
44780138	ID:2	[LIST] Quarantine: (none)
44783635	ID:2	[LIST] Blacklist: (none)
44790092	ID:2	FUZZRID,DET,16,1536,1536,0,0,0,0,0,0,1,0,0,0
44810949	ID:24	[HFS] ra=0 si=0 cx=49 ac=0
44814332	ID:24	[LIST] Neighbors: 17,16
44817969	ID:24	[LIST] Quarantine: (none)
44821466	ID:24	[LIST] Blacklist: (none)
44827961	ID:24	FUZZRID,DET,16,1536,1536,0,0,0,0,0,0,1,0,0,0
44853062	ID:25	[HFS] ra=0 si=0 cx=49 ac=0
44858431	ID:25	[LIST] Neighbors: 15,26,17,10,30,9,16
44862078	ID:25	[LIST] Quarantine: (none)
44865575	ID:25	[LIST] Blacklist: (none)
44872031	ID:25	FUZZRID,DET,16,1536,1536,0,0,0,0,0,0,0,0,0,0
44875667	ID:12	[HFS] ra=0 si=0 cx=49 ac=0
44879892	ID:12	[LIST] Neighbors: 20,5,30,6,2
44883529	ID:12	[LIST] Quarantine: (none)
44887025	ID:12	[LIST] Blacklist: (none)
44893342	ID:12	FUZZRID,DET,5,1792,1792,0,0,0,0,0,0,4,0,0,0
45112144	ID:5	[HFS] ra=0 si=0 cx=49 ac=0
45116514	ID:5	[LIST] Neighbors: 19,20,30,6,2
45120152	ID:5	[LIST] Quarantine: (none)
45123648	ID:5	[LIST] Blacklist: (none)
45129966	ID:5	FUZZRID,DET,2,1536,1536,0,0,0,0,0,0,1,0,0,0
45138381	ID:6	[HFS] ra=0 si=0 cx=49 ac=0
45143324	ID:6	[LIST] Neighbors: 19,17,20,16,30,2
45146962	ID:6	[LIST] Quarantine: (none)
45150459	ID:6	[LIST] Blacklist: (none)
45156775	ID:6	FUZZRID,DET,2,1536,1536,0,0,0,0,0,0,0,0,0,0
45319494	ID:8	[HFS] ra=0 si=0 cx=49 ac=0
45324291	ID:8	[LIST] Neighbors: 17,16,30,6,2,24
45327956	ID:8	[LIST] Quarantine: (none)
45331453	ID:8	[LIST] Blacklist: (none)
45337906	ID:8	FUZZRID,DET,30,1302,1302,0,0,0,0,0,0,0,0,0,0
45353024	ID:25	[HFS] ra=0 si=0 cx=49 ac=0
45358394	ID:25	[LIST] Neighbors: 15,26,17,10,30,9,16
45362031	ID:25	[LIST] Quarantine: (none)
45362106	ID:5	[HFS] ra=0 si=0 cx=49 ac=0
45365528	ID:25	[LIST] Blacklist: (none)
45366476	ID:5	[LIST] Neighbors: 19,20,30,6,2
45370114	ID:5	[LIST] Quarantine: (none)
45372008	ID:25	FUZZRID,DET,30,1302,1302,0,0,0,0,0,0,0,0,0,0
45373610	ID:5	[LIST] Blacklist: (none)
45374904	ID:12	[HFS] ra=0 si=0 cx=49 ac=0
45379143	ID:12	[LIST] Neighbors: 20,5,30,6,2
45380064	ID:5	FUZZRID,DET,30,1302,1302,0,0,0,0,0,0,1,0,0,0
45382780	ID:12	[LIST] Quarantine: (none)
45385993	ID:18	[HFS] ra=0 si=0 cx=49 ac=0
45386277	ID:12	[LIST] Blacklist: (none)
45388151	ID:6	[HFS] ra=0 si=0 cx=49 ac=0
45389393	ID:18	[LIST] Neighbors: 24,13
45391619	ID:11	[HFS] ra=0 si=0 cx=49 ac=0
45392731	ID:12	FUZZRID,DET,30,1302,1302,0,0,0,0,0,0,1,0,0,0
45393030	ID:18	[LIST] Quarantine: (none)
45393095	ID:6	[LIST] Neighbors: 19,17,20,16,30,2
45396083	ID:2	[HFS] ra=0 si=0 cx=49 ac=0
45396283	ID:11	[LIST] Neighbors: 15,26,30,22,20
45396526	ID:18	[LIST] Blacklist: (none)
45396732	ID:6	[LIST] Quarantine: (none)
45399920	ID:11	[LIST] Quarantine: (none)
45400027	ID:2	[LIST] Neighbors: 16,5,30,6
45400229	ID:6	[LIST] Blacklist: (none)
45402978	ID:18	FUZZRID,DET,13,2560,2560,0,0,0,0,0,0,0,0,0,0
45403417	ID:11	[LIST] Blacklist: (none)
45403664	ID:2	[LIST] Quarantine: (none)
45406682	ID:6	FUZZRID,DET,30,1302,1302,0,0,0,0,0,0,0,0,0,0
45407189	ID:2	[LIST] Blacklist: (none)
45409288	ID:19	[HFS] ra=0 si=0 cx=49 ac=0
45409869	ID:11	FUZZRID,DET,30,1302,1302,0,0,0,0,0,0,0,0,0,0
45413525	ID:19	[LIST] Neighbors: 15,26,17,30
45413642	ID:2	FUZZRID,DET,30,1302,1302,0,0,0,0,0,0,0,0,0,0
45417162	ID:19	[LIST] Quarantine: (none)
45420659	ID:19	[LIST] Blacklist: (none)
45427128	ID:19	FUZZRID,DET,30,1302,1302,0,0,0,0,0,0,0,0,0,0
45682383	ID:24	[HFS] ra=0 si=0 cx=49 ac=0
45686219	ID:24	[LIST] Neighbors: 17,16,18
45689855	ID:24	[LIST] Quarantine: (none)
45693352	ID:24	[LIST] Blacklist: (none)
45699809	ID:24	FUZZRID,DET,18,2304,2304,0,0,0,0,0,0,0,0,0,0
45809728	ID:24	[HFS] ra=0 si=0 cx=49 ac=0
45813964	ID:24	[LIST] Neighbors: 17,16,18,10
45817601	ID:24	[LIST] Quarantine: (none)
45821123	ID:24	[LIST] Blacklist: (none)
45827579	ID:24	FUZZRID,DET,10,1536,1536,0,0,0,0,0,0,0,0,0,0
46362672	ID:5	[HFS] ra=0 si=0 cx=49 ac=0
46367469	ID:5	[LIST] Neighbors: 19,20,30,6,2,12
46371132	ID:5	[LIST] Quarantine: (none)
46374628	ID:5	[LIST] Blacklist: (none)
46381085	ID:5	FUZZRID,DET,12,1536,1536,0,0,0,0,0,0,0,0,0,0
46805211	ID:10	[HFS] ra=0 si=0 cx=49 ac=0
46810154	ID:10	[LIST] Neighbors: 19,25,17,16,9,24
46813792	ID:10	[LIST] Quarantine: (none)
46817289	ID:10	[LIST] Blacklist: (none)
46823605	ID:10	FUZZRID,DET,9,1792,1792,0,0,0,0,0,0,9,0,0,0
46825925	ID:23	[HFS] ra=0 si=0 cx=49 ac=0
46829002	ID:23	[LIST] Neighbors: 7,9
46832639	ID:23	[LIST] Quarantine: (none)
46836136	ID:23	[LIST] Blacklist: (none)
46842452	ID:23	FUZZRID,DET,9,1792,1792,0,0,0,0,0,0,6,0,0,0
46882275	ID:14	[HFS] ra=0 si=0 cx=49 ac=0
46886353	ID:14	[LIST] Neighbors: 31,4,7,9,3
46889991	ID:14	[LIST] Quarantine: (none)
46893488	ID:14	[LIST] Blacklist: (none)
46899833	ID:14	FUZZRID,DET,9,1792,1792,0,0,0,0,0,0,8,0,0,0
46907661	ID:4	[HFS] ra=0 si=0 cx=49 ac=0
46911605	ID:4	[LIST] Neighbors: 28,9,31,7
46912946	ID:7	[HFS] ra=0 si=0 cx=49 ac=0
46915242	ID:4	[LIST] Quarantine: (none)
46916876	ID:7	[LIST] Neighbors: 4,23,29,9
46918739	ID:4	[LIST] Blacklist: (none)
46920513	ID:7	[LIST] Quarantine: (none)
46924009	ID:7	[LIST] Blacklist: (none)
46925055	ID:4	FUZZRID,DET,9,1792,1792,0,0,0,0,0,0,9,0,0,0
46930325	ID:7	FUZZRID,DET,9,1792,1792,0,0,0,0,0,0,0,0,0,0
47680182	ID:1	[HFS] ra=0 si=0 cx=49 ac=0
47684418	ID:1	[LIST] Neighbors: 21,27,28,15
47688055	ID:1	[LIST] Quarantine: (none)
47691552	ID:1	[LIST] Blacklist: (none)
47697646	ID:1	FUZZRID,DET,15,534,534,0,0,0,0,0,0,4,0,0,0
47723107	ID:25	[HFS] ra=0 si=0 cx=49 ac=0
47728476	ID:25	[LIST] Neighbors: 15,26,17,10,30,9,16
47732113	ID:25	[LIST] Quarantine: (none)
47735610	ID:25	[LIST] Blacklist: (none)
47741705	ID:25	FUZZRID,DET,15,534,534,0,0,0,0,0,0,6,0,0,0
47803623	ID:22	[HFS] ra=0 si=0 cx=49 ac=0
47807007	ID:22	[LIST] Neighbors: 15,26
47810644	ID:22	[LIST] Quarantine: (none)
47814140	ID:22	[LIST] Blacklist: (none)
47820235	ID:22	FUZZRID,DET,15,534,534,0,0,0,0,0,0,7,0,0,0
49446337	ID:26	[ATK-DBG] t=49s warm-up true_rank=1024 (not attacking yet)
50422609	ID:29	[ATK-DBG] t=49s warm-up true_rank=2048 (not attacking yet)
51686577	ID:1	[HFS] ra=0 si=0 cx=49 ac=0
51690838	ID:1	[LIST] Neighbors: 21,27,28,15
51694475	ID:1	[LIST] Quarantine: (none)
51696876	ID:27	[ATK-DBG] t=51s warm-up true_rank=512 (not attacking yet)
51697971	ID:1	[LIST] Blacklist: (none)
51704065	ID:1	FUZZRID,DET,21,512,512,0,0,0,0,0,0,0,0,0,0
51829054	ID:1	[HFS] ra=0 si=0 cx=49 ac=0
51833291	ID:1	[LIST] Neighbors: 21,27,28,15
51836928	ID:1	[LIST] Quarantine: (none)
51840425	ID:1	[LIST] Blacklist: (none)
51846520	ID:1	FUZZRID,DET,27,512,512,0,0,0,0,0,0,0,0,0,0
51863207	ID:5	[HFS] ra=0 si=0 cx=49 ac=0
51868004	ID:5	[LIST] Neighbors: 19,20,30,6,2,12
51871641	ID:5	[LIST] Quarantine: (none)
51875138	ID:5	[LIST] Blacklist: (none)
51881601	ID:5	FUZZRID,DET,12,1766,1766,0,0,0,0,0,0,5,0,0,0
51890535	ID:6	[HFS] ra=0 si=0 cx=49 ac=0
51895905	ID:6	[LIST] Neighbors: 19,17,20,16,30,2,12
51898220	ID:2	[HFS] ra=0 si=0 cx=49 ac=0
51899541	ID:6	[LIST] Quarantine: (none)
51902591	ID:2	[LIST] Neighbors: 16,5,30,6,12
51903038	ID:6	[LIST] Blacklist: (none)
51906228	ID:2	[LIST] Quarantine: (none)
51909491	ID:6	FUZZRID,DET,12,1766,1766,0,0,0,0,0,0,0,0,0,0
51909725	ID:2	[LIST] Blacklist: (none)
51915365	ID:20	[HFS] ra=0 si=0 cx=49 ac=0
51916177	ID:2	FUZZRID,DET,12,1766,1766,0,0,0,0,0,0,0,0,0,0
51919882	ID:20	[LIST] Neighbors: 26,30,19,6,12
51923519	ID:20	[LIST] Quarantine: (none)
51927016	ID:20	[LIST] Blacklist: (none)
51933502	ID:20	FUZZRID,DET,12,1766,1766,0,0,0,0,0,0,0,0,0,0
51988755	ID:21	[HFS] ra=0 si=0 cx=41 ac=0
51992419	ID:21	[LIST] Neighbors: 28,4,31
51996056	ID:21	[LIST] Quarantine: (none)
51999552	ID:21	[LIST] Blacklist: (none)
52005526	ID:14	[HFS] ra=0 si=0 cx=45 ac=0
52006044	ID:21	FUZZRID,DET,4,1071,1071,0,0,0,0,0,0,30,0,0,0
52009604	ID:14	[LIST] Neighbors: 31,4,7,9,3
52013242	ID:14	[LIST] Quarantine: (none)
52016741	ID:14	[LIST] Blacklist: (none)
52023196	ID:14	FUZZRID,DET,4,1071,1071,0,0,0,0,0,0,25,0,0,0
52052438	ID:3	[HFS] ra=0 si=0 cx=44 ac=0
52056131	ID:3	[LIST] Neighbors: 31,4,14
52059768	ID:3	[LIST] Quarantine: (none)
52063265	ID:3	[LIST] Blacklist: (none)
52069720	ID:3	FUZZRID,DET,4,1071,1071,0,0,0,0,0,0,26,0,0,0
52608692	ID:28	[ATK-DBG] t=51s warm-up true_rank=512 (not attacking yet)
52630081	ID:1	[HFS] ra=0 si=0 cx=49 ac=0
52634327	ID:1	[LIST] Neighbors: 21,27,28,15
52637963	ID:1	[LIST] Quarantine: (none)
52641461	ID:1	[LIST] Blacklist: (none)
52647554	ID:1	FUZZRID,DET,28,512,512,0,0,0,0,0,0,0,0,0,0
52655647	ID:4	[HFS] ra=0 si=0 cx=49 ac=0
52659592	ID:4	[LIST] Neighbors: 28,9,31,7
52663229	ID:4	[LIST] Quarantine: (none)
52666733	ID:4	[LIST] Blacklist: (none)
52672827	ID:4	FUZZRID,DET,28,512,512,0,0,0,0,0,0,2,0,0,0
52681375	ID:15	[HFS] ra=0 si=0 cx=49 ac=0
52685612	ID:15	[LIST] Neighbors: 28,26,22,19
52689249	ID:15	[LIST] Quarantine: (none)
52692752	ID:15	[LIST] Blacklist: (none)
52693728	ID:8	[HFS] ra=0 si=0 cx=49 ac=0
52698546	ID:8	[LIST] Neighbors: 17,16,30,6,2,24
52698845	ID:15	FUZZRID,DET,28,512,512,0,0,0,0,0,0,0,0,0,0
52702184	ID:8	[LIST] Quarantine: (none)
52705681	ID:8	[LIST] Blacklist: (none)
52712171	ID:8	FUZZRID,DET,24,2048,2048,0,0,0,0,0,0,3,0,0,0
52736782	ID:21	[HFS] ra=0 si=0 cx=49 ac=0
52740446	ID:21	[LIST] Neighbors: 28,4,31
52744083	ID:21	[LIST] Quarantine: (none)
52747579	ID:21	[LIST] Blacklist: (none)
52753673	ID:21	FUZZRID,DET,28,512,512,0,0,0,0,0,0,0,0,0,0
52760573	ID:18	[HFS] ra=0 si=0 cx=49 ac=0
52763973	ID:18	[LIST] Neighbors: 24,13
52767610	ID:18	[LIST] Quarantine: (none)
52771107	ID:18	[LIST] Blacklist: (none)
52777561	ID:18	FUZZRID,DET,24,2048,2048,0,0,0,0,0,0,4,0,0,0
54394535	ID:9	[HFS] ra=0 si=0 cx=49 ac=0
54398611	ID:9	[LIST] Neighbors: 4,25,29,10
54402248	ID:9	[LIST] Quarantine: (none)
54405745	ID:9	[LIST] Blacklist: (none)
54412201	ID:9	FUZZRID,DET,10,1536,1536,0,0,0,0,0,0,0,0,0,0
54435576	ID:24	[HFS] ra=0 si=0 cx=49 ac=0
54439813	ID:24	[LIST] Neighbors: 17,16,18,10
54443465	ID:24	[LIST] Quarantine: (none)
54446962	ID:24	[LIST] Blacklist: (none)
54453418	ID:24	FUZZRID,DET,10,1536,1536,0,0,0,0,0,0,1,0,0,0
54807847	ID:15	[HFS] ra=0 si=0 cx=49 ac=0
54812510	ID:15	[LIST] Neighbors: 28,26,22,19,25
54816147	ID:15	[LIST] Quarantine: (none)
54819644	ID:15	[LIST] Blacklist: (none)
54825735	ID:15	FUZZRID,DET,25,812,812,0,0,0,0,0,0,0,0,0,0
55311217	ID:24	[HFS] ra=0 si=0 cx=49 ac=0
55315453	ID:24	[LIST] Neighbors: 17,16,18,10
55315546	ID:8	[HFS] ra=0 si=0 cx=49 ac=0
55319090	ID:24	[LIST] Quarantine: (none)
55320343	ID:8	[LIST] Neighbors: 17,16,30,6,2,24
55322587	ID:24	[LIST] Blacklist: (none)
55323981	ID:8	[LIST] Quarantine: (none)
55327477	ID:8	[LIST] Blacklist: (none)
55329081	ID:24	FUZZRID,DET,16,1536,1536,0,0,0,0,0,0,2,0,0,0
55333933	ID:8	FUZZRID,DET,16,1536,1536,0,0,0,0,0,0,0,0,0,0
55521526	ID:31	[ATK-DBG] t=54s warm-up true_rank=777 (not attacking yet)
55551154	ID:3	[HFS] ra=0 si=0 cx=49 ac=0
55554818	ID:3	[LIST] Neighbors: 31,4,14
55558455	ID:3	[LIST] Quarantine: (none)
55561958	ID:3	[LIST] Blacklist: (none)
55568054	ID:3	FUZZRID,DET,31,777,777,0,0,0,0,0,0,7,0,0,0
55611320	ID:21	[HFS] ra=0 si=0 cx=49 ac=0
55614984	ID:21	[LIST] Neighbors: 28,4,31
55618620	ID:21	[LIST] Quarantine: (none)
55622117	ID:21	[LIST] Blacklist: (none)
55628212	ID:21	FUZZRID,DET,31,777,777,0,0,0,0,0,0,0,0,0,0
55632669	ID:14	[HFS] ra=0 si=0 cx=49 ac=0
55636747	ID:14	[LIST] Neighbors: 31,4,7,9,3
55640384	ID:14	[LIST] Quarantine: (none)
55643881	ID:14	[LIST] Blacklist: (none)
55649977	ID:14	FUZZRID,DET,31,777,777,0,0,0,0,0,0,5,0,0,0
55917365	ID:7	[HFS] ra=0 si=0 cx=49 ac=0
55921721	ID:7	[LIST] Neighbors: 4,23,29,9,14
55925369	ID:7	[LIST] Quarantine: (none)
55928488	ID:3	[HFS] ra=0 si=0 cx=49 ac=0
55928865	ID:7	[LIST] Blacklist: (none)
55932153	ID:3	[LIST] Neighbors: 31,4,14
55935320	ID:7	FUZZRID,DET,14,1033,1033,0,0,0,0,0,0,0,0,0,0
55935789	ID:3	[LIST] Quarantine: (none)
55938260	ID:29	[ATK-DBG] t=55s warm-up true_rank=2048 (not attacking yet)
55939286	ID:3	[LIST] Blacklist: (none)
55945749	ID:3	FUZZRID,DET,14,1033,1033,0,0,0,0,0,0,6,0,0,0
56187332	ID:26	[ATK-DBG] t=56s warm-up true_rank=1077 (not attacking yet)
56221663	ID:25	[HFS] ra=0 si=0 cx=49 ac=0
56227067	ID:25	[LIST] Neighbors: 15,26,17,10,30,9,16
56230703	ID:25	[LIST] Quarantine: (none)
56234200	ID:25	[LIST] Blacklist: (none)
56240656	ID:25	FUZZRID,DET,26,1077,1077,0,0,0,0,0,0,3,0,0,0
56307428	ID:15	[HFS] ra=0 si=0 cx=49 ac=0
56312091	ID:15	[LIST] Neighbors: 28,26,22,19,25
56315728	ID:15	[LIST] Quarantine: (none)
56319225	ID:15	[LIST] Blacklist: (none)
56325704	ID:15	FUZZRID,DET,26,1077,1077,0,0,0,0,0,0,3,0,0,0
57001167	ID:12	[HFS] ra=0 si=0 cx=49 ac=0
57005401	ID:12	[LIST] Neighbors: 20,5,30,6,2
57009039	ID:12	[LIST] Quarantine: (none)
57012535	ID:12	[LIST] Blacklist: (none)
57016995	ID:6	[HFS] ra=0 si=0 cx=49 ac=0
57018851	ID:12	FUZZRID,DET,5,2048,2048,0,0,0,0,0,0,8,0,0,0
57022645	ID:6	[LIST] Neighbors: 19,17,20,16,30,2,12,5
57026282	ID:6	[LIST] Quarantine: (none)
57029817	ID:6	[LIST] Blacklist: (none)
57036132	ID:6	FUZZRID,DET,5,2048,2048,0,0,0,0,0,0,0,0,0,0
57507623	ID:14	[HFS] ra=0 si=0 cx=49 ac=0
57511701	ID:14	[LIST] Neighbors: 31,4,7,9,3
57515343	ID:14	[LIST] Quarantine: (none)
57517356	ID:9	[HFS] ra=0 si=0 cx=49 ac=0
57518840	ID:14	[LIST] Blacklist: (none)
57521712	ID:9	[LIST] Neighbors: 4,25,29,10,7
57525157	ID:14	FUZZRID,DET,7,1512,1512,0,0,0,0,0,0,0,0,0,0
57525350	ID:9	[LIST] Quarantine: (none)
57528846	ID:9	[LIST] Blacklist: (none)
57535165	ID:9	FUZZRID,DET,7,1512,1512,0,0,0,0,0,0,0,0,0,0
57877039	ID:12	[HFS] ra=0 si=0 cx=49 ac=0
57881263	ID:12	[LIST] Neighbors: 20,5,30,6,2
57884900	ID:12	[LIST] Quarantine: (none)
57888397	ID:12	[LIST] Blacklist: (none)
57894745	ID:12	FUZZRID,DET,6,1536,1536,0,0,0,0,0,0,1,0,0,0
57988227	ID:5	[HFS] ra=0 si=0 cx=49 ac=0
57993024	ID:5	[LIST] Neighbors: 19,20,30,6,2,12
57996691	ID:5	[LIST] Quarantine: (none)
58000188	ID:5	[LIST] Blacklist: (none)
58006505	ID:5	FUZZRID,DET,6,1536,1536,0,0,0,0,0,0,2,0,0,0
59019473	ID:11	[HFS] ra=0 si=0 cx=49 ac=0
59024563	ID:11	[LIST] Neighbors: 15,26,30,22,20,19
59028200	ID:11	[LIST] Quarantine: (none)
59031697	ID:11	[LIST] Blacklist: (none)
59038150	ID:11	FUZZRID,DET,19,1360,1360,0,0,0,0,0,0,0,0,0,0
59039463	ID:20	[HFS] ra=0 si=0 cx=49 ac=0
59043980	ID:20	[LIST] Neighbors: 26,30,19,6,12
59047617	ID:20	[LIST] Quarantine: (none)
59051114	ID:20	[LIST] Blacklist: (none)
59057567	ID:20	FUZZRID,DET,19,1360,1360,0,0,0,0,0,0,0,0,0,0
59111946	ID:5	[HFS] ra=0 si=0 cx=49 ac=0
59116743	ID:5	[LIST] Neighbors: 19,20,30,6,2,12
59120381	ID:5	[LIST] Quarantine: (none)
59123878	ID:5	[LIST] Blacklist: (none)
59130487	ID:5	FUZZRID,DET,19,1360,1360,0,0,0,0,0,0,10,0,0,0
59137978	ID:6	[HFS] ra=0 si=0 cx=49 ac=0
59143627	ID:6	[LIST] Neighbors: 19,17,20,16,30,2,12,5
59147280	ID:6	[LIST] Quarantine: (none)
59150776	ID:6	[LIST] Blacklist: (none)
59157230	ID:6	FUZZRID,DET,19,1360,1360,0,0,0,0,0,0,8,0,0,0
59479354	ID:30	[ATK-DBG] t=59s warm-up true_rank=1299 (not attacking yet)
59518140	ID:11	[HFS] ra=0 si=0 cx=49 ac=0
59523230	ID:11	[LIST] Neighbors: 15,26,30,22,20,19
59526867	ID:11	[LIST] Quarantine: (none)
59530364	ID:11	[LIST] Blacklist: (none)
59535828	ID:19	[HFS] ra=0 si=0 cx=49 ac=0
59536847	ID:11	FUZZRID,DET,30,1299,1299,0,0,0,0,0,0,0,0,0,0
59539830	ID:20	[HFS] ra=0 si=0 cx=49 ac=0
59540065	ID:19	[LIST] Neighbors: 15,26,17,30
59543702	ID:19	[LIST] Quarantine: (none)
59544347	ID:20	[LIST] Neighbors: 26,30,19,6,12
59547199	ID:19	[LIST] Blacklist: (none)
59547984	ID:20	[LIST] Quarantine: (none)
59551480	ID:20	[LIST] Blacklist: (none)
59553661	ID:19	FUZZRID,DET,30,1299,1299,0,0,0,0,0,0,0,0,0,0
59557944	ID:20	FUZZRID,DET,30,1299,1299,0,0,0,0,0,0,0,0,0,0
59599841	ID:25	[HFS] ra=0 si=0 cx=49 ac=0
59605210	ID:25	[LIST] Neighbors: 15,26,17,10,30,9,16
59608861	ID:25	[LIST] Quarantine: (none)
59612358	ID:25	[LIST] Blacklist: (none)
59612512	ID:5	[HFS] ra=0 si=0 cx=49 ac=0
59617309	ID:5	[LIST] Neighbors: 19,20,30,6,2,12
59618810	ID:25	FUZZRID,DET,30,1299,1299,0,0,0,0,0,0,0,0,0,0
59620946	ID:5	[LIST] Quarantine: (none)
59624443	ID:5	[LIST] Blacklist: (none)
59625081	ID:12	[HFS] ra=0 si=0 cx=49 ac=0
59629305	ID:12	[LIST] Neighbors: 20,5,30,6,2
59630902	ID:5	FUZZRID,DET,30,1299,1299,0,0,0,0,0,0,2,0,0,0
59632942	ID:12	[LIST] Quarantine: (none)
59636439	ID:12	[LIST] Blacklist: (none)
59642892	ID:12	FUZZRID,DET,30,1299,1299,0,0,0,0,0,0,1,0,0,0
60157828	ID:18	 7683 P 0.0 0 32949 1933027 12641 20826 0 18226 32949 1933027 12641 20826 0 18226 (radio 1.70% / 1.70% tx 0.64% / 0.64% listen 1.05% / 1.05%)
60185621	ID:16	 7683 P 0.0 0 81379 1884540 38600 43809 0 32914 81379 1884540 38600 43809 0 32914 (radio 4.19% / 4.19% tx 1.96% / 1.96% listen 2.22% / 2.22%)
60252653	ID:12	[HFS] ra=0 si=0 cx=49 ac=0
60256878	ID:12	[LIST] Neighbors: 20,5,30,6,2
60260528	ID:12	[LIST] Quarantine: (none)
60261973	ID:6	[HFS] ra=0 si=0 cx=49 ac=0
60264025	ID:12	[LIST] Blacklist: (none)
60267622	ID:6	[LIST] Neighbors: 19,17,20,16,30,2,12,5
60270477	ID:12	FUZZRID,DET,20,1280,1280,0,0,0,0,0,0,7,0,0,0
60270605	ID:11	[HFS] ra=0 si=0 cx=49 ac=0
60271259	ID:6	[LIST] Quarantine: (none)
60274756	ID:6	[LIST] Blacklist: (none)
60275695	ID:11	[LIST] Neighbors: 15,26,30,22,20,19
60279333	ID:11	[LIST] Quarantine: (none)
60281212	ID:6	FUZZRID,DET,20,1280,1280,0,0,0,0,0,0,5,0,0,0
60282829	ID:11	[LIST] Blacklist: (none)
60285450	ID:19	[HFS] ra=0 si=0 cx=49 ac=0
60289319	ID:11	FUZZRID,DET,20,1280,1280,0,0,0,0,0,0,0,0,0,0
60290113	ID:19	[LIST] Neighbors: 15,26,17,30,20
60293752	ID:19	[LIST] Quarantine: (none)
60297249	ID:19	[LIST] Blacklist: (none)
60303700	ID:19	FUZZRID,DET,20,1280,1280,0,0,0,0,0,0,0,0,0,0
60324602	ID:3	 7683 P 0.0 0 104367 1861590 54901 35236 0 17007 104367 1861590 54901 35236 0 17007 (radio 4.58% / 4.58% tx 2.79% / 2.79% listen 1.79% / 1.79%)
60346634	ID:23	 7683 P 0.0 0 87280 1878651 49239 31542 0 16084 87280 1878651 49239 31542 0 16084 (radio 4.10% / 4.10% tx 2.50% / 2.50% listen 1.60% / 1.60%)
60359890	ID:5	[HFS] ra=0 si=0 cx=49 ac=0
60364687	ID:5	[LIST] Neighbors: 19,20,30,6,2,12
60368324	ID:5	[LIST] Quarantine: (none)
60371831	ID:5	[LIST] Blacklist: (none)
60371900	ID:25	 7683 P 0.0 0 99795 1866115 40778 48262 0 34030 99795 1866115 40778 48262 0 34030 (radio 4.52% / 4.52% tx 2.07% / 2.07% listen 2.45% / 2.45%)
60378282	ID:5	FUZZRID,DET,20,1280,1280,0,0,0,0,0,0,7,0,0,0
60418320	ID:11	 7683 P 0.0 0 53756 1912226 17771 36314 0 31415 53756 1912226 17771 36314 0 31415 (radio 2.75% / 2.75% tx 0.90% / 0.90% listen 1.84% / 1.84%)
60429853	ID:10	[HFS] ra=0 si=0 cx=49 ac=0
60433602	ID:24	[HFS] ra=0 si=0 cx=49 ac=0
60434795	ID:10	[LIST] Neighbors: 19,25,17,16,9,24
60437838	ID:24	[LIST] Neighbors: 17,16,18,10
60438433	ID:10	[LIST] Quarantine: (none)
60441475	ID:24	[LIST] Quarantine: (none)
60441930	ID:10	[LIST] Blacklist: (none)
60442223	ID:8	[HFS] ra=0 si=0 cx=49 ac=0
60445004	ID:24	[LIST] Blacklist: (none)
60447020	ID:8	[LIST] Neighbors: 17,16,30,6,2,24
60448405	ID:10	FUZZRID,DET,17,1510,1510,0,0,0,0,0,0,4,0,0,0
60450657	ID:8	[LIST] Quarantine: (none)
60451462	ID:24	FUZZRID,DET,17,1510,1510,0,0,0,0,0,0,5,0,0,0
60454154	ID:8	[LIST] Blacklist: (none)
60460628	ID:8	FUZZRID,DET,17,1510,1510,0,0,0,0,0,0,4,0,0,0
60476807	ID:25	[HFS] ra=0 si=0 cx=49 ac=0
60482177	ID:25	[LIST] Neighbors: 15,26,17,10,30,9,16
60485820	ID:25	[LIST] Quarantine: (none)
60489317	ID:25	[LIST] Blacklist: (none)
60495773	ID:25	FUZZRID,DET,17,1510,1510,0,0,0,0,0,0,0,0,0,0
60511022	ID:6	[HFS] ra=0 si=0 cx=49 ac=0
60516672	ID:6	[LIST] Neighbors: 19,17,20,16,30,2,12,5
60520309	ID:6	[LIST] Quarantine: (none)
60523818	ID:6	[LIST] Blacklist: (none)
60530275	ID:6	FUZZRID,DET,17,1510,1510,0,0,0,0,0,0,0,0,0,0
60540592	ID:16	[HFS] ra=0 si=0 cx=49 ac=0
60540686	ID:19	[HFS] ra=0 si=0 cx=49 ac=0
60544829	ID:16	[LIST] Neighbors: 19,17,30,24
60545349	ID:19	[LIST] Neighbors: 15,26,17,30,20
60548466	ID:16	[LIST] Quarantine: (none)
60548986	ID:19	[LIST] Quarantine: (none)
60551963	ID:16	[LIST] Blacklist: (none)
60552483	ID:19	[LIST] Blacklist: (none)
60558420	ID:16	FUZZRID,DET,17,1510,1510,0,0,0,0,0,0,3,0,0,0
60558962	ID:19	FUZZRID,DET,17,1510,1510,0,0,0,0,0,0,3,0,0,0
60562068	ID:20	 7683 P 0.0 0 50382 1915543 16833 37765 0 34731 50382 1915543 16833 37765 0 34731 (radio 2.77% / 2.77% tx 0.85% / 0.85% listen 1.92% / 1.92%)
60578225	ID:10	 7683 P 0.0 0 110192 1855742 54888 52817 0 34738 110192 1855742 54888 52817 0 34738 (radio 5.47% / 5.47% tx 2.79% / 2.79% listen 2.68% / 2.68%)
60593474	ID:19	 7687 P 0.0 0 183743 1783423 97055 67799 0 32078 183743 1783423 97055 67799 0 32078 (radio 8.38% / 8.38% tx 4.93% / 4.93% listen 3.44% / 3.44%)
60678668	ID:4	 7683 P 0.0 0 129637 1836250 70655 44491 0 20542 129637 1836250 70655 44491 0 20542 (radio 5.85% / 5.85% tx 3.59% / 3.59% listen 2.26% / 2.26%)
60714579	ID:8	 7683 P 0.0 0 89559 1876398 40911 34987 0 20858 89559 1876398 40911 34987 0 20858 (radio 3.86% / 3.86% tx 2.08% / 2.08% listen 1.77% / 1.77%)
60777837	ID:14	 7683 P 0.0 0 67328 1898608 23830 29226 0 22440 67328 1898608 23830 29226 0 22440 (radio 2.69% / 2.69% tx 1.21% / 1.21% listen 1.48% / 1.48%)
60826660	ID:1	 7685 P 0.0 0 74682 1891795 21766 1944315 0 0 74682 1891795 21766 1944315 0 0 (radio 99.-8639% / 99.-8639% tx 1.10% / 1.10% listen 98.-8650% / 98.-8650%)
60830037	ID:15	 7683 P 0.0 0 83430 1882440 26598 38184 0 24358 83430 1882440 26598 38184 0 24358 (radio 3.29% / 3.29% tx 1.35% / 1.35% listen 1.94% / 1.94%)
60830312	ID:17	 7683 P 0.0 0 98289 1867638 48619 51144 0 35184 98289 1867638 48619 51144 0 35184 (radio 5.07% / 5.07% tx 2.47% / 2.47% listen 2.60% / 2.60%)
60917868	ID:6	 7684 P 0.0 0 55421 1910790 13339 35288 0 31635 55421 1910790 13339 35288 0 31635 (radio 2.47% / 2.47% tx 0.67% / 0.67% listen 1.79% / 1.79%)
60919689	ID:2	 7683 P 0.0 0 56659 1909264 23224 32992 0 25586 56659 1909264 23224 32992 0 25586 (radio 2.85% / 2.85% tx 1.18% / 1.18% listen 1.67% / 1.67%)
60941798	ID:7	 7699 P 0.0 0 65790 1904419 28229 31733 0 25431 65790 1904419 28229 31733 0 25431 (radio 3.04% / 3.04% tx 1.43% / 1.43% listen 1.61% / 1.61%)
60952861	ID:22	 7683 P 0.0 0 86134 1879843 47496 35408 0 21283 86134 1879843 47496 35408 0 21283 (radio 4.21% / 4.21% tx 2.41% / 2.41% listen 1.80% / 1.80%)
61023430	ID:12	 7683 P 0.0 0 146708 1819231 79317 47283 0 18128 146708 1819231 79317 47283 0 18128 (radio 6.43% / 6.43% tx 4.03% / 4.03% listen 2.40% / 2.40%)
61039710	ID:9	 7683 P 0.0 0 132357 1833553 74225 53793 0 27198 132357 1833553 74225 53793 0 27198 (radio 6.51% / 6.51% tx 3.77% / 3.77% listen 2.73% / 2.73%)
61082288	ID:24	 7683 P 0.0 0 208942 1756966 125350 64339 0 19754 208942 1756966 125350 64339 0 19754 (radio 9.64% / 9.64% tx 6.37% / 6.37% listen 3.27% / 3.27%)
61133814	ID:5	 7683 P 0.0 0 180752 1785212 98094 56539 0 22005 180752 1785212 98094 56539 0 22005 (radio 7.86% / 7.86% tx 4.98% / 4.98% listen 2.87% / 2.87%)
61134721	ID:21	 7683 P 0.0 0 56255 1909721 18090 23774 0 15469 56255 1909721 18090 23774 0 15469 (radio 2.12% / 2.12% tx 0.92% / 0.92% listen 1.20% / 1.20%)
61138823	ID:13	 7683 P 0.0 0 46603 1919390 24029 24686 0 18502 46603 1919390 24029 24686 0 18502 (radio 2.47% / 2.47% tx 1.22% / 1.22% listen 1.25% / 1.25%)
63302518	ID:3	[HFS] ra=0 si=0 cx=43 ac=0
63306183	ID:3	[LIST] Neighbors: 31,4,14
63309819	ID:3	[LIST] Quarantine: (none)
63313316	ID:3	[LIST] Blacklist: (none)
63319770	ID:3	FUZZRID,DET,4,1068,1068,0,0,0,0,0,0,28,0,0,0
63360319	ID:5	[HFS] ra=0 si=0 cx=49 ac=0
63362759	ID:21	[HFS] ra=0 si=0 cx=38 ac=0
63365116	ID:5	[LIST] Neighbors: 19,20,30,6,2,12
63366423	ID:21	[LIST] Neighbors: 28,4,31
63368753	ID:5	[LIST] Quarantine: (none)
63370060	ID:21	[LIST] Quarantine: (none)
63372255	ID:5	[LIST] Blacklist: (none)
63373557	ID:21	[LIST] Blacklist: (none)
63377222	ID:12	[HFS] ra=0 si=0 cx=49 ac=0
63378573	ID:5	FUZZRID,DET,2,1583,1583,0,0,0,0,0,0,3,0,0,0
63379440	ID:14	[HFS] ra=0 si=0 cx=43 ac=0
63380038	ID:21	FUZZRID,DET,4,1068,1068,0,0,0,0,0,0,33,0,0,0
63381446	ID:12	[LIST] Neighbors: 20,5,30,6,2
63383518	ID:14	[LIST] Neighbors: 31,4,7,9,3
63385084	ID:12	[LIST] Quarantine: (none)
63387155	ID:14	[LIST] Quarantine: (none)
63388605	ID:12	[LIST] Blacklist: (none)
63390651	ID:14	[LIST] Blacklist: (none)
63394923	ID:12	FUZZRID,DET,2,1583,1583,0,0,0,0,0,0,1,0,0,0
63397106	ID:14	FUZZRID,DET,4,1068,1068,0,0,0,0,0,0,27,0,0,0
63413555	ID:7	[HFS] ra=0 si=0 cx=44 ac=0
63417911	ID:7	[LIST] Neighbors: 4,23,29,9,14
63421548	ID:7	[LIST] Quarantine: (none)
63425045	ID:7	[LIST] Blacklist: (none)
63431503	ID:7	FUZZRID,DET,4,1068,1068,0,0,0,0,0,0,26,0,0,0
63441401	ID:8	[HFS] ra=0 si=0 cx=49 ac=0
63446198	ID:8	[LIST] Neighbors: 17,16,30,6,2,24
63449835	ID:8	[LIST] Quarantine: (none)
63453332	ID:8	[LIST] Blacklist: (none)
63459650	ID:8	FUZZRID,DET,2,1583,1583,0,0,0,0,0,0,0,0,0,0
64173172	ID:29	[ATK-DBG] t=63s warm-up true_rank=2560 (not attacking yet)
64412466	ID:7	[HFS] ra=0 si=0 cx=49 ac=0
64416857	ID:7	[LIST] Neighbors: 4,23,29,9,14
64420494	ID:7	[LIST] Quarantine: (none)
64423990	ID:7	[LIST] Blacklist: (none)
64430443	ID:7	FUZZRID,DET,29,2560,2560,0,0,0,0,0,0,8,0,0,0
64479699	ID:25	[HFS] ra=0 si=0 cx=49 ac=0
64485495	ID:25	[LIST] Neighbors: 15,26,17,10,30,9,16,29
64489132	ID:25	[LIST] Quarantine: (none)
64492653	ID:25	[LIST] Blacklist: (none)
64499105	ID:25	FUZZRID,DET,29,2560,2560,0,0,0,0,0,0,0,0,0,0
64513801	ID:6	[HFS] ra=0 si=0 cx=49 ac=0
64519451	ID:6	[LIST] Neighbors: 19,17,20,16,30,2,12,5
64520771	ID:2	[HFS] ra=0 si=0 cx=49 ac=0
64523120	ID:6	[LIST] Quarantine: (none)
64525142	ID:2	[LIST] Neighbors: 16,5,30,6,12
64526616	ID:6	[LIST] Blacklist: (none)
64528779	ID:2	[LIST] Quarantine: (none)
64529779	ID:4	[HFS] ra=0 si=0 cx=49 ac=0
64532276	ID:2	[LIST] Blacklist: (none)
64532971	ID:6	FUZZRID,DET,5,1792,1792,0,0,0,0,0,0,3,0,0,0
64534004	ID:4	[LIST] Neighbors: 28,9,31,7,3
64536087	ID:19	[HFS] ra=0 si=0 cx=49 ac=0
64537641	ID:4	[LIST] Quarantine: (none)
64538592	ID:2	FUZZRID,DET,5,1792,1792,0,0,0,0,0,0,3,0,0,0
64541031	ID:19	[LIST] Neighbors: 15,26,17,30,20,5
64541137	ID:4	[LIST] Blacklist: (none)
64544668	ID:19	[LIST] Quarantine: (none)
64547449	ID:4	FUZZRID,DET,3,1605,1605,0,0,0,0,0,0,0,0,0,0
64548165	ID:19	[LIST] Blacklist: (none)
64554481	ID:19	FUZZRID,DET,5,1792,1792,0,0,0,0,0,0,0,0,0,0
64627724	ID:12	[HFS] ra=0 si=0 cx=49 ac=0
64631948	ID:12	[LIST] Neighbors: 20,5,30,6,2
64635586	ID:12	[LIST] Quarantine: (none)
64639082	ID:12	[LIST] Blacklist: (none)
64645538	ID:12	FUZZRID,DET,5,1792,1792,0,0,0,0,0,0,12,0,0,0
66074282	ID:23	[HFS] ra=0 si=0 cx=49 ac=0
66077360	ID:23	[LIST] Neighbors: 7,9
66080997	ID:23	[LIST] Quarantine: (none)
66084493	ID:23	[LIST] Blacklist: (none)
66090810	ID:23	FUZZRID,DET,9,1850,1850,0,0,0,0,0,0,4,0,0,0
66101560	ID:25	[HFS] ra=0 si=0 cx=49 ac=0
66107357	ID:25	[LIST] Neighbors: 15,26,17,10,30,9,16,29
66110993	ID:25	[LIST] Quarantine: (none)
66114490	ID:25	[LIST] Blacklist: (none)
66120840	ID:25	FUZZRID,DET,9,1850,1850,0,0,0,0,0,0,5,0,0,0
66130592	ID:14	[HFS] ra=0 si=0 cx=49 ac=0
66134670	ID:14	[LIST] Neighbors: 31,4,7,9,3
66138307	ID:14	[LIST] Quarantine: (none)
66141804	ID:14	[LIST] Blacklist: (none)
66148154	ID:14	FUZZRID,DET,9,1850,1850,0,0,0,0,0,0,7,0,0,0
69560442	ID:24	[HFS] ra=0 si=0 cx=49 ac=0
69565105	ID:24	[LIST] Neighbors: 17,16,18,10,13
69568746	ID:24	[LIST] Quarantine: (none)
69572242	ID:24	[LIST] Blacklist: (none)
69578697	ID:24	FUZZRID,DET,13,3328,3328,0,0,0,0,0,0,0,0,0,0
69639227	ID:6	[HFS] ra=0 si=0 cx=49 ac=0
69644876	ID:6	[LIST] Neighbors: 19,17,20,16,30,2,12,5
69647114	ID:2	[HFS] ra=0 si=0 cx=49 ac=0
69648539	ID:6	[LIST] Quarantine: (none)
69651509	ID:2	[LIST] Neighbors: 16,5,30,6,12
69652035	ID:6	[LIST] Blacklist: (none)
69655146	ID:2	[LIST] Quarantine: (none)
69658493	ID:6	FUZZRID,DET,12,1912,1912,0,0,0,0,0,0,0,0,0,0
69658642	ID:2	[LIST] Blacklist: (none)
69664189	ID:20	[HFS] ra=0 si=0 cx=49 ac=0
69665100	ID:2	FUZZRID,DET,12,1912,1912,0,0,0,0,0,0,0,0,0,0
69668706	ID:20	[LIST] Neighbors: 26,30,19,6,12
69672343	ID:20	[LIST] Quarantine: (none)
69675840	ID:20	[LIST] Blacklist: (none)
69682298	ID:20	FUZZRID,DET,12,1912,1912,0,0,0,0,0,0,0,0,0,0
70383521	ID:29	[ATK-DBG] t=69s warm-up true_rank=2457 (not attacking yet)
70413656	ID:7	[HFS] ra=0 si=0 cx=49 ac=0
70413924	ID:16	[HFS] ra=0 si=0 cx=49 ac=0
70418012	ID:7	[LIST] Neighbors: 4,23,29,9,14
70418588	ID:16	[LIST] Neighbors: 19,17,30,24,29
70421650	ID:7	[LIST] Quarantine: (none)
70422225	ID:16	[LIST] Quarantine: (none)
70425146	ID:7	[LIST] Blacklist: (none)
70425722	ID:16	[LIST] Blacklist: (none)
70431162	ID:10	[HFS] ra=0 si=0 cx=49 ac=0
70431741	ID:7	FUZZRID,DET,29,2457,2457,0,0,0,0,0,0,10,0,0,0
70432197	ID:16	FUZZRID,DET,29,2457,2457,0,0,0,0,0,0,0,0,0,0
70435589	ID:17	[HFS] ra=0 si=0 cx=49 ac=0
70436531	ID:10	[LIST] Neighbors: 19,25,17,16,9,24,29
70440169	ID:10	[LIST] Quarantine: (none)
70440678	ID:17	[LIST] Neighbors: 26,19,16,10,24,29
70443666	ID:10	[LIST] Blacklist: (none)
70444350	ID:17	[LIST] Quarantine: (none)
70447847	ID:17	[LIST] Blacklist: (none)
70450121	ID:10	FUZZRID,DET,29,2457,2457,0,0,0,0,0,0,0,0,0,0
70454302	ID:17	FUZZRID,DET,29,2457,2457,0,0,0,0,0,0,0,0,0,0
70474530	ID:25	[HFS] ra=0 si=0 cx=49 ac=0
70480326	ID:25	[LIST] Neighbors: 15,26,17,10,30,9,16,29
70483963	ID:25	[LIST] Quarantine: (none)
70487460	ID:25	[LIST] Blacklist: (none)
70493916	ID:25	FUZZRID,DET,29,2457,2457,0,0,0,0,0,0,3,0,0,0
70538271	ID:16	[HFS] ra=0 si=0 cx=49 ac=0
70542934	ID:16	[LIST] Neighbors: 19,17,30,24,29
70546571	ID:16	[LIST] Quarantine: (none)
70550083	ID:16	[LIST] Blacklist: (none)
70556539	ID:16	FUZZRID,DET,24,2180,2180,0,0,0,0,0,0,4,0,0,0
70558403	ID:10	[HFS] ra=0 si=0 cx=49 ac=0
70559799	ID:17	[HFS] ra=0 si=0 cx=49 ac=0
70563773	ID:10	[LIST] Neighbors: 19,25,17,16,9,24,29
70564889	ID:17	[LIST] Neighbors: 26,19,16,10,24,29
70567409	ID:10	[LIST] Quarantine: (none)
70568423	ID:8	[HFS] ra=0 si=0 cx=49 ac=0
70568526	ID:17	[LIST] Quarantine: (none)
70570906	ID:10	[LIST] Blacklist: (none)
70572023	ID:17	[LIST] Blacklist: (none)
70573220	ID:8	[LIST] Neighbors: 17,16,30,6,2,24
70576857	ID:8	[LIST] Quarantine: (none)
70577362	ID:10	FUZZRID,DET,24,2180,2180,0,0,0,0,0,0,5,0,0,0
70578479	ID:17	FUZZRID,DET,24,2180,2180,0,0,0,0,0,0,4,0,0,0
70580354	ID:8	[LIST] Blacklist: (none)
70586811	ID:8	FUZZRID,DET,24,2180,2180,0,0,0,0,0,0,8,0,0,0
71324463	ID:26	[ATK-DBG] t=71s warm-up true_rank=956 (not attacking yet)
71360259	ID:25	[HFS] ra=0 si=0 cx=49 ac=0
71366055	ID:25	[LIST] Neighbors: 15,26,17,10,30,9,16,29
71369692	ID:25	[LIST] Quarantine: (none)
71373189	ID:25	[LIST] Blacklist: (none)
71379285	ID:25	FUZZRID,DET,26,956,956,0,0,0,0,0,0,3,0,0,0
71392901	ID:11	[HFS] ra=0 si=0 cx=49 ac=0
71397991	ID:11	[LIST] Neighbors: 15,26,30,22,20,19
71401629	ID:11	[LIST] Quarantine: (none)
71405149	ID:11	[LIST] Blacklist: (none)
71410283	ID:19	[HFS] ra=0 si=0 cx=49 ac=0
71411245	ID:11	FUZZRID,DET,26,956,956,0,0,0,0,0,0,3,0,0,0
71414355	ID:20	[HFS] ra=0 si=0 cx=49 ac=0
71415226	ID:19	[LIST] Neighbors: 15,26,17,30,20,5
71418893	ID:19	[LIST] Quarantine: (none)
71418899	ID:20	[LIST] Neighbors: 26,30,19,6,12
71422389	ID:19	[LIST] Blacklist: (none)
71422537	ID:20	[LIST] Quarantine: (none)
71426034	ID:20	[LIST] Blacklist: (none)
71428485	ID:19	FUZZRID,DET,26,956,956,0,0,0,0,0,0,4,0,0,0
71431167	ID:22	[HFS] ra=0 si=0 cx=49 ac=0
71431619	ID:15	[HFS] ra=0 si=0 cx=49 ac=0
71432130	ID:20	FUZZRID,DET,26,956,956,0,0,0,0,0,0,4,0,0,0
71434551	ID:22	[LIST] Neighbors: 15,26
71436284	ID:15	[LIST] Neighbors: 28,26,22,19,25
71438188	ID:22	[LIST] Quarantine: (none)
71439921	ID:15	[LIST] Quarantine: (none)
71441684	ID:22	[LIST] Blacklist: (none)
71443451	ID:15	[LIST] Blacklist: (none)
71447780	ID:22	FUZZRID,DET,26,956,956,0,0,0,0,0,0,4,0,0,0
71449547	ID:15	FUZZRID,DET,26,956,956,0,0,0,0,0,0,3,0,0,0
72124545	ID:12	[HFS] ra=0 si=0 cx=49 ac=0
72128769	ID:12	[LIST] Neighbors: 20,5,30,6,2
72132406	ID:12	[LIST] Quarantine: (none)
72135903	ID:12	[LIST] Blacklist: (none)
72138908	ID:6	[HFS] ra=0 si=0 cx=49 ac=0
72142358	ID:12	FUZZRID,DET,5,1792,1792,0,0,0,0,0,0,12,0,0,0
72144558	ID:6	[LIST] Neighbors: 19,17,20,16,30,2,12,5
72146133	ID:2	[HFS] ra=0 si=0 cx=49 ac=0
72148195	ID:6	[LIST] Quarantine: (none)
72150509	ID:2	[LIST] Neighbors: 16,5,30,6,12
72151691	ID:6	[LIST] Blacklist: (none)
72154147	ID:2	[LIST] Quarantine: (none)
72157643	ID:2	[LIST] Blacklist: (none)
72158041	ID:6	FUZZRID,DET,5,1792,1792,0,0,0,0,0,0,3,0,0,0
72160265	ID:19	[HFS] ra=0 si=0 cx=49 ac=0
72163959	ID:2	FUZZRID,DET,5,1792,1792,0,0,0,0,0,0,3,0,0,0
72164082	ID:20	[HFS] ra=0 si=0 cx=49 ac=0
72165209	ID:19	[LIST] Neighbors: 15,26,17,30,20,5
72168846	ID:19	[LIST] Quarantine: (none)
72168900	ID:20	[LIST] Neighbors: 26,30,19,6,12,5
72172343	ID:19	[LIST] Blacklist: (none)
72172537	ID:20	[LIST] Quarantine: (none)
72176034	ID:20	[LIST] Blacklist: (none)
72178661	ID:19	FUZZRID,DET,5,1792,1792,0,0,0,0,0,0,0,0,0,0
72182384	ID:20	FUZZRID,DET,5,1792,1792,0,0,0,0,0,0,0,0,0,0
72627596	ID:1	[HFS] ra=0 si=0 cx=49 ac=0
72631833	ID:1	[LIST] Neighbors: 21,27,28,15
72635470	ID:1	[LIST] Quarantine: (none)
72638967	ID:1	[LIST] Blacklist: (none)
72645061	ID:1	FUZZRID,DET,21,512,512,0,0,0,0,0,0,0,0,0,0
75172584	ID:29	[ATK-DBG] t=74s warm-up true_rank=2387 (not attacking yet)
75266983	ID:9	[HFS] ra=0 si=0 cx=49 ac=0
75271374	ID:9	[LIST] Neighbors: 4,25,29,10,7
75275011	ID:9	[LIST] Quarantine: (none)
75278507	ID:9	[LIST] Blacklist: (none)
75284966	ID:9	FUZZRID,DET,29,2387,2387,0,0,0,0,0,0,6,0,0,0
75288166	ID:7	[HFS] ra=0 si=0 cx=49 ac=0
75292522	ID:7	[LIST] Neighbors: 4,23,29,9,14
75296160	ID:7	[LIST] Quarantine: (none)
75299669	ID:7	[LIST] Blacklist: (none)
75305963	ID:10	[HFS] ra=0 si=0 cx=49 ac=0
75306127	ID:7	FUZZRID,DET,29,2387,2387,0,0,0,0,0,0,9,0,0,0
75311333	ID:10	[LIST] Neighbors: 19,25,17,16,9,24,29
75314969	ID:10	[LIST] Quarantine: (none)
75318466	ID:10	[LIST] Blacklist: (none)
75324939	ID:10	FUZZRID,DET,29,2387,2387,0,0,0,0,0,0,0,0,0,0
77765740	ID:9	[HFS] ra=0 si=0 cx=49 ac=0
77770131	ID:9	[LIST] Neighbors: 4,25,29,10,7
77773768	ID:9	[LIST] Quarantine: (none)
77777264	ID:9	[LIST] Blacklist: (none)
77783356	ID:9	FUZZRID,DET,25,826,826,0,0,0,0,0,0,1,0,0,0
77786497	ID:19	[HFS] ra=0 si=0 cx=49 ac=0
77789172	ID:16	[HFS] ra=0 si=0 cx=49 ac=0
77791867	ID:19	[LIST] Neighbors: 15,26,17,30,20,5,25
77794283	ID:16	[LIST] Neighbors: 19,17,30,24,29,25
77795503	ID:19	[LIST] Quarantine: (none)
77797921	ID:16	[LIST] Quarantine: (none)
77799000	ID:19	[LIST] Blacklist: (none)
77801418	ID:16	[LIST] Blacklist: (none)
77804274	ID:10	[HFS] ra=0 si=0 cx=49 ac=0
77805092	ID:19	FUZZRID,DET,25,826,826,0,0,0,0,0,0,0,0,0,0
77807509	ID:16	FUZZRID,DET,25,826,826,0,0,0,0,0,0,0,0,0,0
77808945	ID:15	[HFS] ra=0 si=0 cx=49 ac=0
77809643	ID:10	[LIST] Neighbors: 19,25,17,16,9,24,29
77810936	ID:17	[HFS] ra=0 si=0 cx=49 ac=0
77813280	ID:10	[LIST] Quarantine: (none)
77813623	ID:15	[LIST] Neighbors: 28,26,22,19,25
77816452	ID:17	[LIST] Neighbors: 26,19,16,10,24,29,25
77816777	ID:10	[LIST] Blacklist: (none)
77817261	ID:15	[LIST] Quarantine: (none)
77820088	ID:17	[LIST] Quarantine: (none)
77820758	ID:15	[LIST] Blacklist: (none)
77822869	ID:10	FUZZRID,DET,25,826,826,0,0,0,0,0,0,1,0,0,0
77823585	ID:17	[LIST] Blacklist: (none)
77826849	ID:15	FUZZRID,DET,25,826,826,0,0,0,0,0,0,0,0,0,0
77829677	ID:17	FUZZRID,DET,25,826,826,0,0,0,0,0,0,0,0,0,0
78770195	ID:11	[HFS] ra=0 si=0 cx=49 ac=0
78775285	ID:11	[LIST] Neighbors: 15,26,30,22,20,19
78778922	ID:11	[LIST] Quarantine: (none)
78782419	ID:11	[LIST] Blacklist: (none)
78788881	ID:11	FUZZRID,DET,22,1212,1212,0,0,0,0,0,0,4,0,0,0
78793358	ID:20	[HFS] ra=0 si=0 cx=49 ac=0
78798582	ID:20	[LIST] Neighbors: 26,30,19,6,12,5,22
78802230	ID:20	[LIST] Quarantine: (none)
78805727	ID:20	[LIST] Blacklist: (none)
78811488	ID:15	[HFS] ra=0 si=0 cx=49 ac=0
78812181	ID:20	FUZZRID,DET,22,1212,1212,0,0,0,0,0,0,0,0,0,0
78816151	ID:15	[LIST] Neighbors: 28,26,22,19,25
78819788	ID:15	[LIST] Quarantine: (none)
78823285	ID:15	[LIST] Blacklist: (none)
78829740	ID:15	FUZZRID,DET,22,1212,1212,0,0,0,0,0,0,0,0,0,0
78909039	ID:30	[ATK-DBG] t=78s warm-up true_rank=1349 (not attacking yet)
78933918	ID:17	[HFS] ra=0 si=0 cx=49 ac=0
78939861	ID:17	[LIST] Neighbors: 26,19,16,10,24,29,25,30
78943511	ID:17	[LIST] Quarantine: (none)
78943741	ID:8	[HFS] ra=0 si=0 cx=49 ac=0
78947008	ID:17	[LIST] Blacklist: (none)
78948540	ID:8	[LIST] Neighbors: 17,16,30,6,2,24
78952178	ID:8	[LIST] Quarantine: (none)
78953462	ID:17	FUZZRID,DET,30,1349,1349,0,0,0,0,0,0,0,0,0,0
78955674	ID:8	[LIST] Blacklist: (none)
78962129	ID:8	FUZZRID,DET,30,1349,1349,0,0,0,0,0,0,0,0,0,0
78973880	ID:25	[HFS] ra=0 si=0 cx=49 ac=0
78979677	ID:25	[LIST] Neighbors: 15,26,17,10,30,9,16,29
78983313	ID:25	[LIST] Quarantine: (none)
78986397	ID:5	[HFS] ra=0 si=0 cx=49 ac=0
78986810	ID:25	[LIST] Blacklist: (none)
78991196	ID:5	[LIST] Neighbors: 19,20,30,6,2,12
78993264	ID:25	FUZZRID,DET,30,1349,1349,0,0,0,0,0,0,0,0,0,0
78994833	ID:5	[LIST] Quarantine: (none)
78998330	ID:5	[LIST] Blacklist: (none)
79004788	ID:5	FUZZRID,DET,30,1349,1349,0,0,0,0,0,0,4,0,0,0
79012796	ID:6	[HFS] ra=0 si=0 cx=49 ac=0
79016030	ID:11	[HFS] ra=0 si=0 cx=49 ac=0
79018446	ID:6	[LIST] Neighbors: 19,17,20,16,30,2,12,5
79021119	ID:11	[LIST] Neighbors: 15,26,30,22,20,19
79022082	ID:6	[LIST] Quarantine: (none)
79024757	ID:11	[LIST] Quarantine: (none)
79024801	ID:2	[HFS] ra=0 si=0 cx=49 ac=0
79025579	ID:6	[LIST] Blacklist: (none)
79028254	ID:11	[LIST] Blacklist: (none)
79029172	ID:2	[LIST] Neighbors: 16,5,30,6,12
79032050	ID:6	FUZZRID,DET,30,1349,1349,0,0,0,0,0,0,0,0,0,0
79032809	ID:2	[LIST] Quarantine: (none)
79033837	ID:19	[HFS] ra=0 si=0 cx=49 ac=0
79034708	ID:11	FUZZRID,DET,30,1349,1349,0,0,0,0,0,0,0,0,0,0
79036305	ID:2	[LIST] Blacklist: (none)
79038025	ID:16	[HFS] ra=0 si=0 cx=49 ac=0
79039210	ID:19	[LIST] Neighbors: 15,26,17,30,20,5,25
79041454	ID:20	[HFS] ra=0 si=0 cx=49 ac=0
79042760	ID:2	FUZZRID,DET,30,1349,1349,0,0,0,0,0,0,0,0,0,0
79042847	ID:19	[LIST] Quarantine: (none)
79043114	ID:16	[LIST] Neighbors: 19,17,30,24,29,25
79046344	ID:19	[LIST] Blacklist: (none)
79046703	ID:20	[LIST] Neighbors: 26,30,19,6,12,5,22
79046752	ID:16	[LIST] Quarantine: (none)
79050249	ID:16	[LIST] Blacklist: (none)
79050340	ID:20	[LIST] Quarantine: (none)
79052823	ID:19	FUZZRID,DET,30,1349,1349,0,0,0,0,0,0,0,0,0,0
79053837	ID:20	[LIST] Blacklist: (none)
79056703	ID:16	FUZZRID,DET,30,1349,1349,0,0,0,0,0,0,1,0,0,0
79057928	ID:10	[HFS] ra=0 si=0 cx=49 ac=0
79060322	ID:20	FUZZRID,DET,30,1349,1349,0,0,0,0,0,0,0,0,0,0
79063724	ID:10	[LIST] Neighbors: 19,25,17,16,9,24,29,30
79067361	ID:10	[LIST] Quarantine: (none)
79070857	ID:10	[LIST] Blacklist: (none)
79077337	ID:10	FUZZRID,DET,30,1349,1349,0,0,0,0,0,0,0,0,0,0
79197912	ID:1	[HFS] ra=0 si=0 cx=49 ac=0
79202148	ID:1	[LIST] Neighbors: 21,27,28,15
79205787	ID:1	[LIST] Quarantine: (none)
79209284	ID:1	[LIST] Blacklist: (none)
79215378	ID:1	FUZZRID,DET,15,512,512,0,0,0,0,0,0,4,0,0,0
79224035	ID:25	[HFS] ra=0 si=0 cx=49 ac=0
79229831	ID:25	[LIST] Neighbors: 15,26,17,10,30,9,16,29
79233468	ID:25	[LIST] Quarantine: (none)
79236964	ID:25	[LIST] Blacklist: (none)
79243073	ID:25	FUZZRID,DET,15,512,512,0,0,0,0,0,0,6,0,0,0
79266418	ID:11	[HFS] ra=0 si=0 cx=49 ac=0
79271531	ID:11	[LIST] Neighbors: 15,26,30,22,20,19
79275169	ID:11	[LIST] Quarantine: (none)
79278665	ID:11	[LIST] Blacklist: (none)
79283923	ID:19	[HFS] ra=0 si=0 cx=49 ac=0
79284760	ID:11	FUZZRID,DET,15,512,512,0,0,0,0,0,0,6,0,0,0
79289293	ID:19	[LIST] Neighbors: 15,26,17,30,20,5,25
79292929	ID:19	[LIST] Quarantine: (none)
79296426	ID:19	[LIST] Blacklist: (none)
79302543	ID:19	FUZZRID,DET,15,512,512,0,0,0,0,0,0,7,0,0,0
79304514	ID:22	[HFS] ra=0 si=0 cx=49 ac=0
79307898	ID:22	[LIST] Neighbors: 15,26
79311535	ID:22	[LIST] Quarantine: (none)
79315031	ID:22	[LIST] Blacklist: (none)
79321126	ID:22	FUZZRID,DET,15,512,512,0,0,0,0,0,0,7,0,0,0
79537614	ID:16	[HFS] ra=0 si=0 cx=49 ac=0
79542738	ID:16	[LIST] Neighbors: 19,17,30,24,29,25
79546375	ID:16	[LIST] Quarantine: (none)
79549873	ID:16	[LIST] Blacklist: (none)
79556363	ID:16	FUZZRID,DET,24,2180,2180,0,0,0,0,0,0,5,0,0,0
79559536	ID:17	[HFS] ra=0 si=0 cx=49 ac=0
79559757	ID:10	[HFS] ra=0 si=0 cx=49 ac=0
79565478	ID:17	[LIST] Neighbors: 26,19,16,10,24,29,25,30
79565553	ID:10	[LIST] Neighbors: 19,25,17,16,9,24,29,30
79567576	ID:8	[HFS] ra=0 si=0 cx=49 ac=0
79569115	ID:17	[LIST] Quarantine: (none)
79569190	ID:10	[LIST] Quarantine: (none)
79572373	ID:8	[LIST] Neighbors: 17,16,30,6,2,24
79572612	ID:17	[LIST] Blacklist: (none)
79572687	ID:10	[LIST] Blacklist: (none)
79576011	ID:8	[LIST] Quarantine: (none)
79579068	ID:17	FUZZRID,DET,24,2180,2180,0,0,0,0,0,0,5,0,0,0
79579162	ID:10	FUZZRID,DET,24,2180,2180,0,0,0,0,0,0,5,0,0,0
79579508	ID:8	[LIST] Blacklist: (none)
79585964	ID:8	FUZZRID,DET,24,2180,2180,0,0,0,0,0,0,7,0,0,0
79634637	ID:18	[HFS] ra=0 si=0 cx=49 ac=0
79638021	ID:18	[LIST] Neighbors: 24,13
79641658	ID:18	[LIST] Quarantine: (none)
79645155	ID:18	[LIST] Blacklist: (none)
79651611	ID:18	FUZZRID,DET,24,2180,2180,0,0,0,0,0,0,9,0,0,0
80764319	ID:31	[ATK-DBG] t=80s warm-up true_rank=771 (not attacking yet)
80802490	ID:3	[HFS] ra=0 si=0 cx=49 ac=0
80806155	ID:3	[LIST] Neighbors: 31,4,14
80809791	ID:3	[LIST] Quarantine: (none)
80813288	ID:3	[LIST] Blacklist: (none)
80819384	ID:3	FUZZRID,DET,31,771,771,0,0,0,0,0,0,7,0,0,0
80879561	ID:14	[HFS] ra=0 si=0 cx=49 ac=0
80883650	ID:14	[LIST] Neighbors: 31,4,7,9,3
80887287	ID:14	[LIST] Quarantine: (none)
80890784	ID:14	[LIST] Blacklist: (none)
80896879	ID:14	FUZZRID,DET,31,771,771,0,0,0,0,0,0,5,0,0,0
81000714	ID:29	[ATK-DBG] t=80s warm-up true_rank=1338 (not attacking yet)
81012843	ID:6	[HFS] ra=0 si=0 cx=49 ac=0
81018493	ID:6	[LIST] Neighbors: 19,17,20,16,30,2,12,5
81022140	ID:6	[LIST] Quarantine: (none)
81025637	ID:6	[LIST] Blacklist: (none)
81032092	ID:6	FUZZRID,DET,17,1082,1082,0,0,0,0,0,0,6,0,0,0
81034820	ID:19	[HFS] ra=0 si=0 cx=49 ac=0
81038611	ID:16	[HFS] ra=0 si=0 cx=49 ac=0
81040189	ID:19	[LIST] Neighbors: 15,26,17,30,20,5,25
81043724	ID:16	[LIST] Neighbors: 19,17,30,24,29,25
81043826	ID:19	[LIST] Quarantine: (none)
81047323	ID:19	[LIST] Blacklist: (none)
81047362	ID:16	[LIST] Quarantine: (none)
81050859	ID:16	[LIST] Blacklist: (none)
81053816	ID:19	FUZZRID,DET,17,1082,1082,0,0,0,0,0,0,8,0,0,0
81055553	ID:10	[HFS] ra=0 si=0 cx=49 ac=0
81057341	ID:16	FUZZRID,DET,17,1082,1082,0,0,0,0,0,0,9,0,0,0
81059110	ID:24	[HFS] ra=0 si=0 cx=49 ac=0
81061349	ID:10	[LIST] Neighbors: 19,25,17,16,9,24,29,30
81063777	ID:24	[LIST] Neighbors: 17,16,18,10,13
81064986	ID:10	[LIST] Quarantine: (none)
81067415	ID:24	[LIST] Quarantine: (none)
81067962	ID:8	[HFS] ra=0 si=0 cx=49 ac=0
81068482	ID:10	[LIST] Blacklist: (none)
81070911	ID:24	[LIST] Blacklist: (none)
81072759	ID:8	[LIST] Neighbors: 17,16,30,6,2,24
81074944	ID:10	FUZZRID,DET,17,1082,1082,0,0,0,0,0,0,9,0,0,0
81076396	ID:8	[LIST] Quarantine: (none)
81077536	ID:24	FUZZRID,DET,17,1082,1082,0,0,0,0,0,0,11,0,0,0
81079913	ID:8	[LIST] Blacklist: (none)
81086367	ID:8	FUZZRID,DET,17,1082,1082,0,0,0,0,0,0,9,0,0,0
81098415	ID:25	[HFS] ra=0 si=0 cx=49 ac=0
81104245	ID:25	[LIST] Neighbors: 15,26,17,10,30,9,16,29
81107881	ID:25	[LIST] Quarantine: (none)
81111379	ID:25	[LIST] Blacklist: (none)
81117833	ID:25	FUZZRID,DET,17,1082,1082,0,0,0,0,0,0,6,0,0,0
81289725	ID:7	[HFS] ra=0 si=0 cx=49 ac=0
81294115	ID:7	[LIST] Neighbors: 4,23,29,9,14
81297752	ID:7	[LIST] Quarantine: (none)
81301248	ID:7	[LIST] Blacklist: (none)
81307842	ID:7	FUZZRID,DET,29,1338,1338,0,0,0,0,0,0,14,0,0,0
81417268	ID:20	[HFS] ra=0 si=0 cx=49 ac=0
81422918	ID:20	[LIST] Neighbors: 26,30,19,6,12,5,22,11
81426555	ID:20	[LIST] Quarantine: (none)
81430051	ID:20	[LIST] Blacklist: (none)
81431935	ID:22	[HFS] ra=0 si=0 cx=49 ac=0
81435745	ID:22	[LIST] Neighbors: 15,26,11
81436185	ID:20	FUZZRID,DET,11,793,793,0,0,0,0,0,0,0,0,0,0
81439382	ID:22	[LIST] Quarantine: (none)
81442884	ID:22	[LIST] Blacklist: (none)
81448980	ID:22	FUZZRID,DET,11,793,793,0,0,0,0,0,0,0,0,0,0
82270403	ID:2	[HFS] ra=0 si=0 cx=49 ac=0
82274802	ID:2	[LIST] Neighbors: 16,5,30,6,12
82278440	ID:2	[LIST] Quarantine: (none)
82281936	ID:2	[LIST] Blacklist: (none)
82288391	ID:2	FUZZRID,DET,16,1082,1082,0,0,0,0,0,0,4,0,0,0
82305340	ID:10	[HFS] ra=0 si=0 cx=49 ac=0
82309118	ID:24	[HFS] ra=0 si=0 cx=49 ac=0
82311136	ID:10	[LIST] Neighbors: 19,25,17,16,9,24,29,30
82313780	ID:24	[LIST] Neighbors: 17,16,18,10,13
82314773	ID:10	[LIST] Quarantine: (none)
82317418	ID:24	[LIST] Quarantine: (none)
82317730	ID:8	[HFS] ra=0 si=0 cx=49 ac=0
82318269	ID:10	[LIST] Blacklist: (none)
82320914	ID:24	[LIST] Blacklist: (none)
82322561	ID:8	[LIST] Neighbors: 17,16,30,6,2,24
82324724	ID:10	FUZZRID,DET,16,1082,1082,0,0,0,0,0,0,6,0,0,0
82326199	ID:8	[LIST] Quarantine: (none)
82327402	ID:24	FUZZRID,DET,16,1082,1082,0,0,0,0,0,0,7,0,0,0
82329696	ID:8	[LIST] Blacklist: (none)
82336150	ID:8	FUZZRID,DET,16,1082,1082,0,0,0,0,0,0,3,0,0,0
82491524	ID:28	[ATK-DBG] t=81s warm-up true_rank=512 (not attacking yet)
82512836	ID:1	[HFS] ra=0 si=0 cx=49 ac=0
82517073	ID:1	[LIST] Neighbors: 21,27,28,15
82520710	ID:1	[LIST] Quarantine: (none)
82524218	ID:1	[LIST] Blacklist: (none)
82530311	ID:1	FUZZRID,DET,28,512,512,0,0,0,0,0,0,0,0,0,0
82610957	ID:21	[HFS] ra=0 si=0 cx=49 ac=0
82614655	ID:21	[LIST] Neighbors: 28,4,31
82618291	ID:21	[LIST] Quarantine: (none)
82621788	ID:21	[LIST] Blacklist: (none)
82627900	ID:21	FUZZRID,DET,28,512,512,0,0,0,0,0,0,0,0,0,0
84631227	ID:14	[HFS] ra=0 si=0 cx=49 ac=0
84635305	ID:14	[LIST] Neighbors: 31,4,7,9,3
84638942	ID:14	[LIST] Quarantine: (none)
84642440	ID:14	[LIST] Blacklist: (none)
84648758	ID:14	FUZZRID,DET,7,1510,1510,0,0,0,0,0,0,0,0,0,0
84656912	ID:4	[HFS] ra=0 si=0 cx=49 ac=0
84661136	ID:4	[LIST] Neighbors: 28,9,31,7,3
84664773	ID:4	[LIST] Quarantine: (none)
84668271	ID:4	[LIST] Blacklist: (none)
84674589	ID:4	FUZZRID,DET,7,1510,1510,0,0,0,0,0,0,0,0,0,0
84906629	ID:4	[HFS] ra=0 si=0 cx=49 ac=0
84911280	ID:4	[LIST] Neighbors: 28,9,31,7,3,14
84913322	ID:7	[HFS] ra=0 si=0 cx=49 ac=0
84914917	ID:4	[LIST] Quarantine: (none)
84917679	ID:7	[LIST] Neighbors: 4,23,29,9,14
84918414	ID:4	[LIST] Blacklist: (none)
84921316	ID:7	[LIST] Quarantine: (none)
84924812	ID:7	[LIST] Blacklist: (none)
84924868	ID:4	FUZZRID,DET,14,1027,1027,0,0,0,0,0,0,0,0,0,0
84925521	ID:3	[HFS] ra=0 si=0 cx=49 ac=0
84929185	ID:3	[LIST] Neighbors: 31,4,14
84931266	ID:7	FUZZRID,DET,14,1027,1027,0,0,0,0,0,0,0,0,0,0
84932821	ID:3	[LIST] Quarantine: (none)
84936318	ID:3	[LIST] Blacklist: (none)
84942772	ID:3	FUZZRID,DET,14,1027,1027,0,0,0,0,0,0,6,0,0,0
85119336	ID:27	[ATK-DBG] t=84s warm-up true_rank=512 (not attacking yet)
85238696	ID:1	[HFS] ra=0 si=0 cx=49 ac=0
85242932	ID:1	[LIST] Neighbors: 21,27,28,15
85246569	ID:1	[LIST] Quarantine: (none)
85250080	ID:1	[LIST] Blacklist: (none)
85256174	ID:1	FUZZRID,DET,27,512,512,0,0,0,0,0,0,0,0,0,0
85394351	ID:9	[HFS] ra=0 si=0 cx=49 ac=0
85398708	ID:9	[LIST] Neighbors: 4,25,29,10,7
85402348	ID:9	[LIST] Quarantine: (none)
85405845	ID:9	[LIST] Blacklist: (none)
85412303	ID:9	FUZZRID,DET,10,1594,1594,0,0,0,0,0,0,8,0,0,0
85789700	ID:20	[HFS] ra=0 si=0 cx=49 ac=0
85795350	ID:20	[LIST] Neighbors: 26,30,19,6,12,5,22,11
85798987	ID:20	[LIST] Quarantine: (none)
85802509	ID:20	[LIST] Blacklist: (none)
85807450	ID:15	[HFS] ra=0 si=0 cx=49 ac=0
85808965	ID:20	FUZZRID,DET,19,1351,1351,0,0,0,0,0,0,1,0,0,0
85812113	ID:15	[LIST] Neighbors: 28,26,22,19,25
85815750	ID:15	[LIST] Quarantine: (none)
85819247	ID:15	[LIST] Blacklist: (none)
85825709	ID:15	FUZZRID,DET,19,1351,1351,0,0,0,0,0,0,1,0,0,0
85861840	ID:5	[HFS] ra=0 si=0 cx=49 ac=0
85866637	ID:5	[LIST] Neighbors: 19,20,30,6,2,12
85870275	ID:5	[LIST] Quarantine: (none)
85873788	ID:5	[LIST] Blacklist: (none)
85880382	ID:5	FUZZRID,DET,19,1351,1351,0,0,0,0,0,0,11,0,0,0
85887738	ID:6	[HFS] ra=0 si=0 cx=49 ac=0
85892862	ID:11	[HFS] ra=0 si=0 cx=49 ac=0
85893387	ID:6	[LIST] Neighbors: 19,17,20,16,30,2,12,5
85897024	ID:6	[LIST] Quarantine: (none)
85897952	ID:11	[LIST] Neighbors: 15,26,30,22,20,19
85900521	ID:6	[LIST] Blacklist: (none)
85901589	ID:11	[LIST] Quarantine: (none)
85905086	ID:11	[LIST] Blacklist: (none)
85906976	ID:6	FUZZRID,DET,19,1351,1351,0,0,0,0,0,0,7,0,0,0
85911562	ID:11	FUZZRID,DET,19,1351,1351,0,0,0,0,0,0,0,0,0,0
86411724	ID:7	[HFS] ra=0 si=0 cx=43 ac=0
86416080	ID:7	[LIST] Neighbors: 4,23,29,9,14
86419717	ID:7	[LIST] Quarantine: (none)
86423214	ID:7	[LIST] Blacklist: (none)
86429669	ID:7	FUZZRID,DET,4,1086,1086,0,0,0,0,0,0,28,0,0,0
86489080	ID:21	[HFS] ra=0 si=0 cx=38 ac=0
86492744	ID:21	[LIST] Neighbors: 28,4,31
86496381	ID:21	[LIST] Quarantine: (none)
86499884	ID:21	[LIST] Blacklist: (none)
86505848	ID:14	[HFS] ra=0 si=0 cx=43 ac=0
86506339	ID:21	FUZZRID,DET,4,1086,1086,0,0,0,0,0,0,33,0,0,0
86509929	ID:14	[LIST] Neighbors: 31,4,7,9,3
86513566	ID:14	[LIST] Quarantine: (none)
86517064	ID:14	[LIST] Blacklist: (none)
86523518	ID:14	FUZZRID,DET,4,1086,1086,0,0,0,0,0,0,27,0,0,0
88423271	ID:28	[ATK-DBG] t=87s warm-up true_rank=512 (not attacking yet)
88555855	ID:15	[HFS] ra=0 si=0 cx=49 ac=0
88560519	ID:15	[LIST] Neighbors: 28,26,22,19,25
88564156	ID:15	[LIST] Quarantine: (none)
88567653	ID:15	[LIST] Blacklist: (none)
88573746	ID:15	FUZZRID,DET,28,512,512,0,0,0,0,0,0,0,0,0,0
88611553	ID:5	[HFS] ra=0 si=0 cx=49 ac=0
88616350	ID:5	[LIST] Neighbors: 19,20,30,6,2,12
88619988	ID:5	[LIST] Quarantine: (none)
88623509	ID:5	[LIST] Blacklist: (none)
88628317	ID:12	[HFS] ra=0 si=0 cx=49 ac=0
88629826	ID:5	FUZZRID,DET,2,1716,1716,0,0,0,0,0,0,4,0,0,0
88632541	ID:12	[LIST] Neighbors: 20,5,30,6,2
88636178	ID:12	[LIST] Quarantine: (none)
88637788	ID:6	[HFS] ra=0 si=0 cx=49 ac=0
88639674	ID:12	[LIST] Blacklist: (none)
88643439	ID:6	[LIST] Neighbors: 19,17,20,16,30,2,12,5
88646003	ID:12	FUZZRID,DET,2,1716,1716,0,0,0,0,0,0,2,0,0,0
88647076	ID:6	[LIST] Quarantine: (none)
88650572	ID:6	[LIST] Blacklist: (none)
88656911	ID:6	FUZZRID,DET,2,1716,1716,0,0,0,0,0,0,1,0,0,0
88665107	ID:16	[HFS] ra=0 si=0 cx=49 ac=0
88670476	ID:16	[LIST] Neighbors: 19,17,30,24,29,25,2
88674113	ID:16	[LIST] Quarantine: (none)
88677610	ID:16	[LIST] Blacklist: (none)
88683926	ID:16	FUZZRID,DET,2,1716,1716,0,0,0,0,0,0,0,0,0,0
88692773	ID:8	[HFS] ra=0 si=0 cx=49 ac=0
88697570	ID:8	[LIST] Neighbors: 17,16,30,6,2,24
88701208	ID:8	[LIST] Quarantine: (none)
88704704	ID:8	[LIST] Blacklist: (none)
88711052	ID:8	FUZZRID,DET,2,1716,1716,0,0,0,0,0,0,2,0,0,0
88805971	ID:10	[HFS] ra=0 si=0 cx=49 ac=0
88809807	ID:24	[HFS] ra=0 si=0 cx=49 ac=0
88810727	ID:17	[HFS] ra=0 si=0 cx=49 ac=0
88811767	ID:10	[LIST] Neighbors: 19,25,17,16,9,24,29,30
88814476	ID:24	[LIST] Neighbors: 17,16,18,10,13
88815404	ID:10	[LIST] Quarantine: (none)
88816669	ID:17	[LIST] Neighbors: 26,19,16,10,24,29,25,30
88818113	ID:24	[LIST] Quarantine: (none)
88818449	ID:8	[HFS] ra=0 si=0 cx=49 ac=0
88818900	ID:10	[LIST] Blacklist: (none)
88820329	ID:17	[LIST] Quarantine: (none)
88821611	ID:24	[LIST] Blacklist: (none)
88823261	ID:8	[LIST] Neighbors: 17,16,30,6,2,24
88823826	ID:17	[LIST] Blacklist: (none)
88825359	ID:10	FUZZRID,DET,16,1082,1082,0,0,0,0,0,0,6,0,0,0
88826898	ID:8	[LIST] Quarantine: (none)
88828096	ID:24	FUZZRID,DET,16,1082,1082,0,0,0,0,0,0,7,0,0,0
88830280	ID:17	FUZZRID,DET,16,1082,1082,0,0,0,0,0,0,4,0,0,0
88830395	ID:8	[LIST] Blacklist: (none)
88836849	ID:8	FUZZRID,DET,16,1082,1082,0,0,0,0,0,0,4,0,0,0
88849732	ID:25	[HFS] ra=0 si=0 cx=49 ac=0
88855528	ID:25	[LIST] Neighbors: 15,26,17,10,30,9,16,29
88859165	ID:25	[LIST] Quarantine: (none)
88862662	ID:25	[LIST] Blacklist: (none)
88869116	ID:25	FUZZRID,DET,16,1082,1082,0,0,0,0,0,0,3,0,0,0
88891212	ID:6	[HFS] ra=0 si=0 cx=49 ac=0
88896867	ID:6	[LIST] Neighbors: 19,17,20,16,30,2,12,5
88900504	ID:6	[LIST] Quarantine: (none)
88904000	ID:6	[LIST] Blacklist: (none)
88909416	ID:19	[HFS] ra=0 si=0 cx=49 ac=0
88910454	ID:6	FUZZRID,DET,16,1082,1082,0,0,0,0,0,0,3,0,0,0
88915212	ID:19	[LIST] Neighbors: 15,26,17,30,20,5,25,16
88918849	ID:19	[LIST] Quarantine: (none)
88922345	ID:19	[LIST] Blacklist: (none)
88928838	ID:19	FUZZRID,DET,16,1082,1082,0,0,0,0,0,0,0,0,0,0
89100644	ID:25	[HFS] ra=0 si=0 cx=49 ac=0
89106440	ID:25	[LIST] Neighbors: 15,26,17,10,30,9,16,29
89110077	ID:25	[LIST] Quarantine: (none)
89113573	ID:25	[LIST] Blacklist: (none)
89119896	ID:25	FUZZRID,DET,9,1799,1799,0,0,0,0,0,0,3,0,0,0
89127366	ID:12	[HFS] ra=0 si=0 cx=49 ac=0
89129798	ID:14	[HFS] ra=0 si=0 cx=49 ac=0
89131591	ID:12	[LIST] Neighbors: 20,5,30,6,2
89133910	ID:14	[LIST] Neighbors: 31,4,7,9,3
89135248	ID:12	[LIST] Quarantine: (none)
89137547	ID:14	[LIST] Quarantine: (none)
89137681	ID:6	[HFS] ra=0 si=0 cx=49 ac=0
89138745	ID:12	[LIST] Blacklist: (none)
89141043	ID:14	[LIST] Blacklist: (none)
89143331	ID:6	[LIST] Neighbors: 19,17,20,16,30,2,12,5
89145200	ID:12	FUZZRID,DET,5,1792,1792,0,0,0,0,0,0,12,0,0,0
89147001	ID:6	[LIST] Quarantine: (none)
89147360	ID:14	FUZZRID,DET,9,1799,1799,0,0,0,0,0,0,6,0,0,0
89148959	ID:2	[HFS] ra=0 si=0 cx=49 ac=0
89150497	ID:6	[LIST] Blacklist: (none)
89153329	ID:2	[LIST] Neighbors: 16,5,30,6,12
89155313	ID:4	[HFS] ra=0 si=0 cx=49 ac=0
89156814	ID:6	FUZZRID,DET,5,1792,1792,0,0,0,0,0,0,3,0,0,0
89156966	ID:2	[LIST] Quarantine: (none)
89158995	ID:19	[HFS] ra=0 si=0 cx=49 ac=0
89159963	ID:4	[LIST] Neighbors: 28,9,31,7,3,14
89160463	ID:2	[LIST] Blacklist: (none)
89163601	ID:4	[LIST] Quarantine: (none)
89164074	ID:7	[HFS] ra=0 si=0 cx=49 ac=0
89164791	ID:19	[LIST] Neighbors: 15,26,17,30,20,5,25,16
89166779	ID:2	FUZZRID,DET,5,1792,1792,0,0,0,0,0,0,3,0,0,0
89167098	ID:4	[LIST] Blacklist: (none)
89167327	ID:20	[HFS] ra=0 si=0 cx=49 ac=0
89168428	ID:19	[LIST] Quarantine: (none)
89168431	ID:7	[LIST] Neighbors: 4,23,29,9,14
89171924	ID:19	[LIST] Blacklist: (none)
89172068	ID:7	[LIST] Quarantine: (none)
89172977	ID:20	[LIST] Neighbors: 26,30,19,6,12,5,22,11
89173425	ID:4	FUZZRID,DET,9,1799,1799,0,0,0,0,0,0,7,0,0,0
89175565	ID:7	[LIST] Blacklist: (none)
89176614	ID:20	[LIST] Quarantine: (none)
89178242	ID:19	FUZZRID,DET,5,1792,1792,0,0,0,0,0,0,0,0,0,0
89180110	ID:20	[LIST] Blacklist: (none)
89181594	ID:10	[HFS] ra=0 si=0 cx=49 ac=0
89181882	ID:7	FUZZRID,DET,9,1799,1799,0,0,0,0,0,0,0,0,0,0
89186460	ID:20	FUZZRID,DET,5,1792,1792,0,0,0,0,0,0,0,0,0,0
89187390	ID:10	[LIST] Neighbors: 19,25,17,16,9,24,29,30
89191027	ID:10	[LIST] Quarantine: (none)
89194524	ID:10	[LIST] Blacklist: (none)
89200840	ID:10	FUZZRID,DET,9,1799,1799,0,0,0,0,0,0,9,0,0,0
90014133	ID:6	[HFS] ra=0 si=0 cx=49 ac=0
90019783	ID:6	[LIST] Neighbors: 19,17,20,16,30,2,12,5
90023419	ID:6	[LIST] Quarantine: (none)
90026916	ID:6	[LIST] Blacklist: (none)
90033395	ID:6	FUZZRID,DET,17,1082,1082,0,0,0,0,0,0,8,0,0,0
90035928	ID:19	[HFS] ra=0 si=0 cx=49 ac=0
90039882	ID:16	[HFS] ra=0 si=0 cx=49 ac=0
90041724	ID:19	[LIST] Neighbors: 15,26,17,30,20,5,25,16
90045263	ID:16	[LIST] Neighbors: 19,17,30,24,29,25,2
90045361	ID:19	[LIST] Quarantine: (none)
90048857	ID:19	[LIST] Blacklist: (none)
90048899	ID:16	[LIST] Quarantine: (none)
90052396	ID:16	[LIST] Blacklist: (none)
90055311	ID:19	FUZZRID,DET,17,1082,1082,0,0,0,0,0,0,8,0,0,0
90056760	ID:10	[HFS] ra=0 si=0 cx=49 ac=0
90058881	ID:16	FUZZRID,DET,17,1082,1082,0,0,0,0,0,0,9,0,0,0
90060553	ID:24	[HFS] ra=0 si=0 cx=49 ac=0
90062556	ID:10	[LIST] Neighbors: 19,25,17,16,9,24,29,30
90065216	ID:24	[LIST] Neighbors: 17,16,18,10,13
90066194	ID:10	[LIST] Quarantine: (none)
90068885	ID:24	[LIST] Quarantine: (none)
90069262	ID:8	[HFS] ra=0 si=0 cx=49 ac=0
90069690	ID:10	[LIST] Blacklist: (none)
90072382	ID:24	[LIST] Blacklist: (none)
90074059	ID:8	[LIST] Neighbors: 17,16,30,6,2,24
90076283	ID:10	FUZZRID,DET,17,1082,1082,0,0,0,0,0,0,11,0,0,0
90077696	ID:8	[LIST] Quarantine: (none)
90078975	ID:24	FUZZRID,DET,17,1082,1082,0,0,0,0,0,0,13,0,0,0
90081193	ID:8	[LIST] Blacklist: (none)
90087787	ID:8	FUZZRID,DET,17,1082,1082,0,0,0,0,0,0,11,0,0,0
90099733	ID:25	[HFS] ra=0 si=0 cx=49 ac=0
90105529	ID:25	[LIST] Neighbors: 15,26,17,10,30,9,16,29
90109166	ID:25	[LIST] Quarantine: (none)
90112662	ID:25	[LIST] Blacklist: (none)
90119116	ID:25	FUZZRID,DET,17,1082,1082,0,0,0,0,0,0,8,0,0,0
90219459	ID:29	[ATK-DBG] t=89s warm-up true_rank=1594 (not attacking yet)
90266754	ID:9	[HFS] ra=0 si=0 cx=49 ac=0
90271111	ID:9	[LIST] Neighbors: 4,25,29,10,7
90274748	ID:9	[LIST] Quarantine: (none)
90278245	ID:9	[LIST] Blacklist: (none)
90284703	ID:9	FUZZRID,DET,29,1594,1594,0,0,0,0,0,0,9,0,0,0
90288475	ID:7	[HFS] ra=0 si=0 cx=49 ac=0
90289380	ID:16	[HFS] ra=0 si=0 cx=49 ac=0
90292856	ID:7	[LIST] Neighbors: 4,23,29,9,14
90294749	ID:16	[LIST] Neighbors: 19,17,30,24,29,25,2
90296493	ID:7	[LIST] Quarantine: (none)
90298405	ID:16	[LIST] Quarantine: (none)
90299990	ID:7	[LIST] Blacklist: (none)
90301902	ID:16	[LIST] Blacklist: (none)
90306448	ID:10	[HFS] ra=0 si=0 cx=49 ac=0
90306587	ID:7	FUZZRID,DET,29,1594,1594,0,0,0,0,0,0,13,0,0,0
90308361	ID:16	FUZZRID,DET,29,1594,1594,0,0,0,0,0,0,5,0,0,0
90310992	ID:17	[HFS] ra=0 si=0 cx=49 ac=0
90312244	ID:10	[LIST] Neighbors: 19,25,17,16,9,24,29,30
90315881	ID:10	[LIST] Quarantine: (none)
90316934	ID:17	[LIST] Neighbors: 26,19,16,10,24,29,25,30
90319377	ID:10	[LIST] Blacklist: (none)
90320571	ID:17	[LIST] Quarantine: (none)
90324067	ID:17	[LIST] Blacklist: (none)
90325836	ID:10	FUZZRID,DET,29,1594,1594,0,0,0,0,0,0,4,0,0,0
90330549	ID:17	FUZZRID,DET,29,1594,1594,0,0,0,0,0,0,5,0,0,0
90357019	ID:25	[HFS] ra=0 si=0 cx=49 ac=0
90362839	ID:25	[LIST] Neighbors: 15,26,17,10,30,9,16,29
90366476	ID:25	[LIST] Quarantine: (none)
90369972	ID:25	[LIST] Blacklist: (none)
90376445	ID:25	FUZZRID,DET,29,1594,1594,0,0,0,0,0,0,7,0,0,0
91183725	ID:22	[HFS] ra=0 si=0 cx=49 ac=0
91187962	ID:22	[LIST] Neighbors: 15,26,11,20
91191626	ID:22	[LIST] Quarantine: (none)
91195123	ID:22	[LIST] Blacklist: (none)
91201617	ID:22	FUZZRID,DET,20,1260,1260,0,0,0,0,0,0,0,0,0,0
91250845	ID:12	[HFS] ra=0 si=0 cx=49 ac=0
91255069	ID:12	[LIST] Neighbors: 20,5,30,6,2
91258707	ID:12	[LIST] Quarantine: (none)
91262206	ID:12	[LIST] Blacklist: (none)
91264607	ID:6	[HFS] ra=0 si=0 cx=49 ac=0
91268663	ID:12	FUZZRID,DET,20,1260,1260,0,0,0,0,0,0,7,0,0,0
91268935	ID:11	[HFS] ra=0 si=0 cx=49 ac=0
91270256	ID:6	[LIST] Neighbors: 19,17,20,16,30,2,12,5
91273893	ID:6	[LIST] Quarantine: (none)
91274025	ID:11	[LIST] Neighbors: 15,26,30,22,20,19
91277390	ID:6	[LIST] Blacklist: (none)
91277662	ID:11	[LIST] Quarantine: (none)
91281159	ID:11	[LIST] Blacklist: (none)
91283880	ID:6	FUZZRID,DET,20,1260,1260,0,0,0,0,0,0,4,0,0,0
91287615	ID:11	FUZZRID,DET,20,1260,1260,0,0,0,0,0,0,0,0,0,0
91398997	ID:2	[HFS] ra=0 si=0 cx=49 ac=0
91403648	ID:2	[LIST] Neighbors: 16,5,30,6,12,8
91407286	ID:2	[LIST] Quarantine: (none)
91410782	ID:2	[LIST] Blacklist: (none)
91415033	ID:16	[HFS] ra=0 si=0 cx=49 ac=0
91417099	ID:2	FUZZRID,DET,8,1338,1338,0,0,0,0,0,0,0,0,0,0
91420683	ID:16	[LIST] Neighbors: 19,17,30,24,29,25,2,8
91424320	ID:16	[LIST] Quarantine: (none)
91427817	ID:16	[LIST] Blacklist: (none)
91434165	ID:16	FUZZRID,DET,8,1338,1338,0,0,0,0,0,0,0,0,0,0
91436760	ID:24	[HFS] ra=0 si=0 cx=49 ac=0
91441703	ID:24	[LIST] Neighbors: 17,16,18,10,13,8
91445340	ID:24	[LIST] Quarantine: (none)
91448837	ID:24	[LIST] Blacklist: (none)
91455152	ID:24	FUZZRID,DET,8,1338,1338,0,0,0,0,0,0,0,0,0,0
91641518	ID:9	[HFS] ra=0 si=0 cx=49 ac=0
91645875	ID:9	[LIST] Neighbors: 4,25,29,10,7
91649512	ID:9	[LIST] Quarantine: (none)
91653008	ID:9	[LIST] Blacklist: (none)
91659465	ID:9	FUZZRID,DET,10,1338,1338,0,0,0,0,0,0,9,0,0,0
91684225	ID:24	[HFS] ra=0 si=0 cx=49 ac=0
91684771	ID:17	[HFS] ra=0 si=0 cx=49 ac=0
91689197	ID:24	[LIST] Neighbors: 17,16,18,10,13,8
91690713	ID:17	[LIST] Neighbors: 26,19,16,10,24,29,25,30
91692835	ID:24	[LIST] Quarantine: (none)
91694350	ID:17	[LIST] Quarantine: (none)
91696332	ID:24	[LIST] Blacklist: (none)
91697847	ID:17	[LIST] Blacklist: (none)
91702822	ID:24	FUZZRID,DET,10,1338,1338,0,0,0,0,0,0,6,0,0,0
91704301	ID:17	FUZZRID,DET,10,1338,1338,0,0,0,0,0,0,9,0,0,0
91727453	ID:25	[HFS] ra=0 si=0 cx=49 ac=0
91733249	ID:25	[LIST] Neighbors: 15,26,17,10,30,9,16,29
91736886	ID:25	[LIST] Quarantine: (none)
91737585	ID:5	[HFS] ra=0 si=0 cx=49 ac=0
91740382	ID:25	[LIST] Blacklist: (none)
91742416	ID:5	[LIST] Neighbors: 19,20,30,6,2,12
91746053	ID:5	[LIST] Quarantine: (none)
91746875	ID:25	FUZZRID,DET,10,1338,1338,0,0,0,0,0,0,8,0,0,0
91749550	ID:5	[LIST] Blacklist: (none)
91756007	ID:5	FUZZRID,DET,12,1892,1892,0,0,0,0,0,0,7,0,0,0
91763860	ID:6	[HFS] ra=0 si=0 cx=49 ac=0
91769510	ID:6	[LIST] Neighbors: 19,17,20,16,30,2,12,5
91771771	ID:2	[HFS] ra=0 si=0 cx=49 ac=0
91773147	ID:6	[LIST] Quarantine: (none)
91776423	ID:2	[LIST] Neighbors: 16,5,30,6,12,8
91776643	ID:6	[LIST] Blacklist: (none)
91780060	ID:2	[LIST] Quarantine: (none)
91783111	ID:6	FUZZRID,DET,12,1892,1892,0,0,0,0,0,0,0,0,0,0
91783587	ID:2	[LIST] Blacklist: (none)
91790043	ID:2	FUZZRID,DET,12,1892,1892,0,0,0,0,0,0,0,0,0,0
91951952	ID:31	[ATK-DBG] t=91s warm-up true_rank=769 (not attacking yet)
92832271	ID:26	[ATK-DBG] t=92s warm-up true_rank=902 (not attacking yet)
92891990	ID:11	[HFS] ra=0 si=0 cx=49 ac=0
92897111	ID:11	[LIST] Neighbors: 15,26,30,22,20,19
92900748	ID:11	[LIST] Quarantine: (none)
92904245	ID:11	[LIST] Blacklist: (none)
92909352	ID:19	[HFS] ra=0 si=0 cx=49 ac=0
92910341	ID:11	FUZZRID,DET,26,902,902,0,0,0,0,0,0,4,0,0,0
92913440	ID:20	[HFS] ra=0 si=0 cx=49 ac=0
92915148	ID:19	[LIST] Neighbors: 15,26,17,30,20,5,25,16
92918785	ID:19	[LIST] Quarantine: (none)
92919089	ID:20	[LIST] Neighbors: 26,30,19,6,12,5,22,11
92922281	ID:19	[LIST] Blacklist: (none)
92922726	ID:20	[LIST] Quarantine: (none)
92926250	ID:20	[LIST] Blacklist: (none)
92928382	ID:19	FUZZRID,DET,26,902,902,0,0,0,0,0,0,5,0,0,0
92930463	ID:22	[HFS] ra=0 si=0 cx=49 ac=0
92930956	ID:15	[HFS] ra=0 si=0 cx=49 ac=0
92932345	ID:20	FUZZRID,DET,26,902,902,0,0,0,0,0,0,5,0,0,0
92934700	ID:22	[LIST] Neighbors: 15,26,11,20
92935294	ID:17	[HFS] ra=0 si=0 cx=49 ac=0
92935619	ID:15	[LIST] Neighbors: 28,26,22,19,25
92938336	ID:22	[LIST] Quarantine: (none)
92939256	ID:15	[LIST] Quarantine: (none)
92941236	ID:17	[LIST] Neighbors: 26,19,16,10,24,29,25,30
92941834	ID:22	[LIST] Blacklist: (none)
92942753	ID:15	[LIST] Blacklist: (none)
92944873	ID:17	[LIST] Quarantine: (none)
92947928	ID:22	FUZZRID,DET,26,902,902,0,0,0,0,0,0,5,0,0,0
92948370	ID:17	[LIST] Blacklist: (none)
92948847	ID:15	FUZZRID,DET,26,902,902,0,0,0,0,0,0,4,0,0,0
92954486	ID:17	FUZZRID,DET,26,902,902,0,0,0,0,0,0,6,0,0,0
92973465	ID:25	[HFS] ra=0 si=0 cx=49 ac=0
92979295	ID:25	[LIST] Neighbors: 15,26,17,10,30,9,16,29
92982932	ID:25	[LIST] Quarantine: (none)
92986428	ID:25	[LIST] Blacklist: (none)
92992522	ID:25	FUZZRID,DET,26,902,902,0,0,0,0,0,0,4,0,0,0
93025282	ID:2	[HFS] ra=0 si=0 cx=49 ac=0
93029933	ID:2	[LIST] Neighbors: 16,5,30,6,12,8
93033588	ID:2	[LIST] Quarantine: (none)
93037085	ID:2	[LIST] Blacklist: (none)
93042458	ID:20	[HFS] ra=0 si=0 cx=49 ac=0
93043435	ID:2	FUZZRID,DET,6,1607,1607,0,0,0,0,0,0,0,0,0,0
93048108	ID:20	[LIST] Neighbors: 26,30,19,6,12,5,22,11
93051745	ID:20	[LIST] Quarantine: (none)
93055241	ID:20	[LIST] Blacklist: (none)
93061592	ID:20	FUZZRID,DET,6,1607,1607,0,0,0,0,0,0,0,0,0,0
93067957	ID:8	[HFS] ra=0 si=0 cx=49 ac=0
93072754	ID:8	[LIST] Neighbors: 17,16,30,6,2,24
93076392	ID:8	[LIST] Quarantine: (none)
93079913	ID:8	[LIST] Blacklist: (none)
93086226	ID:8	FUZZRID,DET,6,1607,1607,0,0,0,0,0,0,1,0,0,0
93110559	ID:5	[HFS] ra=0 si=0 cx=49 ac=0
93115356	ID:5	[LIST] Neighbors: 19,20,30,6,2,12
93118994	ID:5	[LIST] Quarantine: (none)
93122491	ID:5	[LIST] Blacklist: (none)
93127609	ID:12	[HFS] ra=0 si=0 cx=49 ac=0
93128803	ID:5	FUZZRID,DET,6,1607,1607,0,0,0,0,0,0,3,0,0,0
93131833	ID:12	[LIST] Neighbors: 20,5,30,6,2
93135471	ID:12	[LIST] Quarantine: (none)
93138967	ID:12	[LIST] Blacklist: (none)
93145304	ID:12	FUZZRID,DET,6,1607,1607,0,0,0,0,0,0,1,0,0,0
93268319	ID:9	[HFS] ra=0 si=0 cx=49 ac=0
93273102	ID:9	[LIST] Neighbors: 4,25,29,10,7,23
93276740	ID:9	[LIST] Quarantine: (none)
93280237	ID:9	[LIST] Blacklist: (none)
93286699	ID:9	FUZZRID,DET,23,2983,2983,0,0,0,0,0,0,0,0,0,0
93289169	ID:7	[HFS] ra=0 si=0 cx=49 ac=0
93293555	ID:7	[LIST] Neighbors: 4,23,29,9,14
93297193	ID:7	[LIST] Quarantine: (none)
93300689	ID:7	[LIST] Blacklist: (none)
93307146	ID:7	FUZZRID,DET,23,2983,2983,0,0,0,0,0,0,9,0,0,0
95633707	ID:14	[HFS] ra=0 si=0 cx=49 ac=0
95637785	ID:14	[LIST] Neighbors: 31,4,7,9,3
95641422	ID:14	[LIST] Quarantine: (none)
95644919	ID:14	[LIST] Blacklist: (none)
95651234	ID:14	FUZZRID,DET,3,1679,1679,0,0,0,0,0,0,3,0,0,0
95879937	ID:14	[HFS] ra=0 si=0 cx=49 ac=0
95884015	ID:14	[LIST] Neighbors: 31,4,7,9,3
95887653	ID:14	[LIST] Quarantine: (none)
95891181	ID:14	[LIST] Blacklist: (none)
95897498	ID:14	FUZZRID,DET,7,1509,1509,0,0,0,0,0,0,0,0,0,0
96266753	ID:11	[HFS] ra=0 si=0 cx=49 ac=0
96271876	ID:11	[LIST] Neighbors: 15,26,30,22,20,19
96275514	ID:11	[LIST] Quarantine: (none)
96279029	ID:11	[LIST] Blacklist: (none)
96285483	ID:11	FUZZRID,DET,20,1206,1206,0,0,0,0,0,0,0,0,0,0
96306040	ID:10	[HFS] ra=0 si=0 cx=49 ac=0
96311836	ID:10	[LIST] Neighbors: 19,25,17,16,9,24,29,30
96315473	ID:10	[LIST] Quarantine: (none)
96318969	ID:10	[LIST] Blacklist: (none)
96325286	ID:10	FUZZRID,DET,9,1799,1799,0,0,0,0,0,0,8,0,0,0
97509485	ID:18	[HFS] ra=0 si=0 cx=49 ac=0
97512869	ID:18	[LIST] Neighbors: 24,13
97516506	ID:18	[LIST] Quarantine: (none)
97520002	ID:18	[LIST] Blacklist: (none)
97526458	ID:18	FUZZRID,DET,13,3328,3328,0,0,0,0,0,0,8,0,0,0
98660722	ID:19	[HFS] ra=0 si=0 cx=49 ac=0
98666518	ID:19	[LIST] Neighbors: 15,26,17,30,20,5,25,16
98670155	ID:19	[LIST] Quarantine: (none)
98673652	ID:19	[LIST] Blacklist: (none)
98680143	ID:19	FUZZRID,DET,20,1074,1074,0,0,0,0,0,0,3,0,0,0
98680799	ID:22	[HFS] ra=0 si=0 cx=49 ac=0
98685036	ID:22	[LIST] Neighbors: 15,26,11,20
98688673	ID:22	[LIST] Quarantine: (none)
98692185	ID:22	[LIST] Blacklist: (none)
98698641	ID:22	FUZZRID,DET,20,1074,1074,0,0,0,0,0,0,3,0,0,0
98736230	ID:5	[HFS] ra=0 si=0 cx=49 ac=0
98741027	ID:5	[LIST] Neighbors: 19,20,30,6,2,12
98744665	ID:5	[LIST] Quarantine: (none)
98748162	ID:5	[LIST] Blacklist: (none)
98752735	ID:12	[HFS] ra=0 si=0 cx=49 ac=0
98754782	ID:5	FUZZRID,DET,20,1074,1074,0,0,0,0,0,0,12,0,0,0
98756959	ID:12	[LIST] Neighbors: 20,5,30,6,2
98760597	ID:12	[LIST] Quarantine: (none)
98762006	ID:6	[HFS] ra=0 si=0 cx=49 ac=0
98764093	ID:12	[LIST] Blacklist: (none)
98767656	ID:6	[LIST] Neighbors: 19,17,20,16,30,2,12,5
98770724	ID:12	FUZZRID,DET,20,1074,1074,0,0,0,0,0,0,10,0,0,0
98771293	ID:6	[LIST] Quarantine: (none)
98774797	ID:6	[LIST] Blacklist: (none)
98781253	ID:6	FUZZRID,DET,20,1074,1074,0,0,0,0,0,0,7,0,0,0
98907956	ID:4	[HFS] ra=0 si=0 cx=49 ac=0
98912607	ID:4	[LIST] Neighbors: 28,9,31,7,3,14
98916244	ID:4	[LIST] Quarantine: (none)
98919741	ID:4	[LIST] Blacklist: (none)
98926083	ID:4	FUZZRID,DET,7,1283,1283,0,0,0,0,0,0,6,0,0,0
98949807	ID:23	[HFS] ra=0 si=0 cx=49 ac=0
98952884	ID:23	[LIST] Neighbors: 7,9
98956521	ID:23	[LIST] Quarantine: (none)
98960017	ID:23	[LIST] Blacklist: (none)
98966330	ID:23	FUZZRID,DET,7,1283,1283,0,0,0,0,0,0,9,0,0,0
99005949	ID:14	[HFS] ra=0 si=0 cx=49 ac=0
99010027	ID:14	[LIST] Neighbors: 31,4,7,9,3
99013664	ID:14	[LIST] Quarantine: (none)
99017161	ID:14	[LIST] Blacklist: (none)
99023473	ID:14	FUZZRID,DET,7,1283,1283,0,0,0,0,0,0,5,0,0,0
99815406	ID:8	[HFS] ra=0 si=0 cx=49 ac=0
99820203	ID:8	[LIST] Neighbors: 17,16,30,6,2,24
99823840	ID:8	[LIST] Quarantine: (none)
99827337	ID:8	[LIST] Blacklist: (none)
99833653	ID:8	FUZZRID,DET,2,1716,1716,0,0,0,0,0,0,2,0,0,0
99972908	ID:25	[HFS] ra=0 si=0 cx=49 ac=0
99978704	ID:25	[LIST] Neighbors: 15,26,17,10,30,9,16,29
99982340	ID:25	[LIST] Quarantine: (none)
99985837	ID:25	[LIST] Blacklist: (none)
99992292	ID:25	FUZZRID,DET,16,1082,1082,0,0,0,0,0,0,3,0,0,0
100022925	ID:2	[HFS] ra=0 si=0 cx=49 ac=0
100027576	ID:2	[LIST] Neighbors: 16,5,30,6,12,8
100031213	ID:2	[LIST] Quarantine: (none)
100033097	ID:19	[HFS] ra=0 si=0 cx=49 ac=0
100034710	ID:2	[LIST] Blacklist: (none)
100038893	ID:19	[LIST] Neighbors: 15,26,17,30,20,5,25,16
100041165	ID:2	FUZZRID,DET,16,1082,1082,0,0,0,0,0,0,4,0,0,0
100042530	ID:19	[LIST] Quarantine: (none)
100046027	ID:19	[LIST] Blacklist: (none)
100052480	ID:19	FUZZRID,DET,16,1082,1082,0,0,0,0,0,0,0,0,0,0
100053349	ID:10	[HFS] ra=0 si=0 cx=49 ac=0
100058016	ID:17	[HFS] ra=0 si=0 cx=49 ac=0
100059179	ID:10	[LIST] Neighbors: 19,25,17,16,9,24,29,30
100062816	ID:10	[LIST] Quarantine: (none)
100063983	ID:17	[LIST] Neighbors: 26,19,16,10,24,29,25,30
100065766	ID:8	[HFS] ra=0 si=0 cx=49 ac=0
100066312	ID:10	[LIST] Blacklist: (none)
100067620	ID:17	[LIST] Quarantine: (none)
100070576	ID:8	[LIST] Neighbors: 17,16,30,6,2,24
100071116	ID:17	[LIST] Blacklist: (none)
100072767	ID:10	FUZZRID,DET,16,1082,1082,0,0,0,0,0,0,6,0,0,0
100074213	ID:8	[LIST] Quarantine: (none)
100077588	ID:17	FUZZRID,DET,16,1082,1082,0,0,0,0,0,0,4,0,0,0
100077710	ID:8	[LIST] Blacklist: (none)
100084164	ID:8	FUZZRID,DET,16,1082,1082,0,0,0,0,0,0,4,0,0,0
102433227	ID:24	[HFS] ra=0 si=0 cx=49 ac=0
102438170	ID:24	[LIST] Neighbors: 17,16,18,10,13,8
102441807	ID:24	[LIST] Quarantine: (none)
102445304	ID:24	[LIST] Blacklist: (none)
102451760	ID:24	FUZZRID,DET,18,2461,2461,0,0,0,0,0,0,2,0,0,0
102493463	ID:13	[HFS] ra=0 si=0 cx=49 ac=0
102496847	ID:13	[LIST] Neighbors: 24,18
102500484	ID:13	[LIST] Quarantine: (none)
102503980	ID:13	[LIST] Blacklist: (none)
102510436	ID:13	FUZZRID,DET,18,2461,2461,0,0,0,0,0,0,0,0,0,0
104008805	ID:29	[ATK-DBG] t=103s warm-up true_rank=1594 (not attacking yet)
104039389	ID:7	[HFS] ra=0 si=0 cx=49 ac=0
104039895	ID:16	[HFS] ra=0 si=0 cx=49 ac=0
104043746	ID:7	[LIST] Neighbors: 4,23,29,9,14
104045545	ID:16	[LIST] Neighbors: 19,17,30,24,29,25,2,8
104047383	ID:7	[LIST] Quarantine: (none)
104049182	ID:16	[LIST] Quarantine: (none)
104050880	ID:7	[LIST] Blacklist: (none)
104052678	ID:16	[LIST] Blacklist: (none)
104057039	ID:10	[HFS] ra=0 si=0 cx=49 ac=0
104057481	ID:7	FUZZRID,DET,29,1594,1594,0,0,0,0,0,0,14,0,0,0
104059170	ID:16	FUZZRID,DET,29,1594,1594,0,0,0,0,0,0,5,0,0,0
104061711	ID:17	[HFS] ra=0 si=0 cx=49 ac=0
104062835	ID:10	[LIST] Neighbors: 19,25,17,16,9,24,29,30
104066472	ID:10	[LIST] Quarantine: (none)
104067671	ID:17	[LIST] Neighbors: 26,19,16,10,24,29,25,30
104069968	ID:10	[LIST] Blacklist: (none)
104071308	ID:17	[LIST] Quarantine: (none)
104074804	ID:17	[LIST] Blacklist: (none)
104076426	ID:10	FUZZRID,DET,29,1594,1594,0,0,0,0,0,0,4,0,0,0
104081263	ID:17	FUZZRID,DET,29,1594,1594,0,0,0,0,0,0,7,0,0,0
104100600	ID:25	[HFS] ra=0 si=0 cx=49 ac=0
104106425	ID:25	[LIST] Neighbors: 15,26,17,10,30,9,16,29
104110062	ID:25	[LIST] Quarantine: (none)
104113559	ID:25	[LIST] Blacklist: (none)
104120056	ID:25	FUZZRID,DET,29,1594,1594,0,0,0,0,0,0,7,0,0,0
104141640	ID:9	[HFS] ra=0 si=0 cx=49 ac=0
104146423	ID:9	[LIST] Neighbors: 4,25,29,10,7,23
104150060	ID:9	[LIST] Quarantine: (none)
104153557	ID:9	[LIST] Blacklist: (none)
104160020	ID:9	FUZZRID,DET,29,1594,1594,0,0,0,0,0,0,8,0,0,0
105260418	ID:6	[HFS] ra=0 si=0 cx=49 ac=0
105266101	ID:6	[LIST] Neighbors: 19,17,20,16,30,2,12,5
105269738	ID:6	[LIST] Quarantine: (none)
105273259	ID:6	[LIST] Blacklist: (none)
105279713	ID:6	FUZZRID,DET,17,1082,1082,0,0,0,0,0,0,8,0,0,0
105286348	ID:16	[HFS] ra=0 si=0 cx=49 ac=0
105292012	ID:16	[LIST] Neighbors: 19,17,30,24,29,25,2,8
105295648	ID:16	[LIST] Quarantine: (none)
105299145	ID:16	[LIST] Blacklist: (none)
105303132	ID:10	[HFS] ra=0 si=0 cx=49 ac=0
105305599	ID:16	FUZZRID,DET,17,1082,1082,0,0,0,0,0,0,9,0,0,0
105308928	ID:10	[LIST] Neighbors: 19,25,17,16,9,24,29,30
105312565	ID:10	[LIST] Quarantine: (none)
105315722	ID:8	[HFS] ra=0 si=0 cx=49 ac=0
105316061	ID:10	[LIST] Blacklist: (none)
105320553	ID:8	[LIST] Neighbors: 17,16,30,6,2,24
105322654	ID:10	FUZZRID,DET,17,1082,1082,0,0,0,0,0,0,11,0,0,0
105324190	ID:8	[LIST] Quarantine: (none)
105327687	ID:8	[LIST] Blacklist: (none)
105334281	ID:8	FUZZRID,DET,17,1082,1082,0,0,0,0,0,0,11,0,0,0
105359977	ID:5	[HFS] ra=0 si=0 cx=49 ac=0
105364774	ID:5	[LIST] Neighbors: 19,20,30,6,2,12
105368411	ID:5	[LIST] Quarantine: (none)
105371908	ID:5	[LIST] Blacklist: (none)
105376692	ID:12	[HFS] ra=0 si=0 cx=49 ac=0
105378523	ID:5	FUZZRID,DET,20,1071,1071,0,0,0,0,0,0,11,0,0,0
105380917	ID:12	[LIST] Neighbors: 20,5,30,6,2
105384554	ID:12	[LIST] Quarantine: (none)
105385925	ID:6	[HFS] ra=0 si=0 cx=49 ac=0
105388050	ID:12	[LIST] Blacklist: (none)
105391600	ID:6	[LIST] Neighbors: 19,17,20,16,30,2,12,5
105394507	ID:12	FUZZRID,DET,20,1071,1071,0,0,0,0,0,0,9,0,0,0
105395237	ID:6	[LIST] Quarantine: (none)
105398733	ID:6	[LIST] Blacklist: (none)
105405189	ID:6	FUZZRID,DET,20,1071,1071,0,0,0,0,0,0,7,0,0,0
105408205	ID:19	[HFS] ra=0 si=0 cx=49 ac=0
105414001	ID:19	[LIST] Neighbors: 15,26,17,30,20,5,25,16
105417638	ID:19	[LIST] Quarantine: (none)
105421135	ID:19	[LIST] Blacklist: (none)
105427590	ID:19	FUZZRID,DET,20,1071,1071,0,0,0,0,0,0,3,0,0,0
105432973	ID:22	[HFS] ra=0 si=0 cx=49 ac=0
105437209	ID:22	[LIST] Neighbors: 15,26,11,20
105440846	ID:22	[LIST] Quarantine: (none)
105444343	ID:22	[LIST] Blacklist: (none)
105450798	ID:22	FUZZRID,DET,20,1071,1071,0,0,0,0,0,0,3,0,0,0
106012573	ID:18	[HFS] ra=0 si=0 cx=49 ac=0
106015957	ID:18	[LIST] Neighbors: 24,13
106019593	ID:18	[LIST] Quarantine: (none)
106023090	ID:18	[LIST] Blacklist: (none)
106029711	ID:18	FUZZRID,DET,13,2973,2973,0,0,0,0,0,0,13,0,0,0
106132415	ID:14	[HFS] ra=0 si=0 cx=49 ac=0
106136493	ID:14	[LIST] Neighbors: 31,4,7,9,3
106140131	ID:14	[LIST] Quarantine: (none)
106141928	ID:9	[HFS] ra=0 si=0 cx=49 ac=0
106143627	ID:14	[LIST] Blacklist: (none)
106146711	ID:9	[LIST] Neighbors: 4,25,29,10,7,23
106149974	ID:14	FUZZRID,DET,7,1283,1283,0,0,0,0,0,0,6,0,0,0
106150348	ID:9	[LIST] Quarantine: (none)
106153845	ID:9	[LIST] Blacklist: (none)
106158377	ID:4	[HFS] ra=0 si=0 cx=49 ac=0
106160160	ID:9	FUZZRID,DET,7,1283,1283,0,0,0,0,0,0,7,0,0,0
106163028	ID:4	[LIST] Neighbors: 28,9,31,7,3,14
106166666	ID:4	[LIST] Quarantine: (none)
106170162	ID:4	[LIST] Blacklist: (none)
106176503	ID:4	FUZZRID,DET,7,1283,1283,0,0,0,0,0,0,7,0,0,0
106261177	ID:18	[HFS] ra=0 si=0 cx=49 ac=0
106264561	ID:18	[LIST] Neighbors: 24,13
106268198	ID:18	[LIST] Quarantine: (none)
106271694	ID:18	[LIST] Blacklist: (none)
106278312	ID:18	FUZZRID,DET,13,2717,2717,0,0,0,0,0,0,19,0,0,0
106309087	ID:24	[HFS] ra=0 si=0 cx=47 ac=0
106314057	ID:24	[LIST] Neighbors: 17,16,18,10,13,8
106317695	ID:24	[LIST] Quarantine: (none)
106321192	ID:24	[LIST] Blacklist: (none)
106327821	ID:24	FUZZRID,DET,13,2717,2717,0,0,0,0,0,0,23,0,0,0
107065170	ID:24	[HFS] ra=0 si=0 cx=49 ac=0
107070113	ID:24	[LIST] Neighbors: 17,16,18,10,13,8
107073751	ID:24	[LIST] Quarantine: (none)
107077262	ID:24	[LIST] Blacklist: (none)
107083715	ID:24	FUZZRID,DET,10,1363,1363,0,0,0,0,0,0,6,0,0,0
107099050	ID:25	[HFS] ra=0 si=0 cx=49 ac=0
107104846	ID:25	[LIST] Neighbors: 15,26,17,10,30,9,16,29
107108483	ID:25	[LIST] Quarantine: (none)
107111980	ID:25	[LIST] Blacklist: (none)
107118433	ID:25	FUZZRID,DET,10,1363,1363,0,0,0,0,0,0,8,0,0,0
107141890	ID:9	[HFS] ra=0 si=0 cx=49 ac=0
107146673	ID:9	[LIST] Neighbors: 4,25,29,10,7,23
107150311	ID:9	[LIST] Quarantine: (none)
107153807	ID:9	[LIST] Blacklist: (none)
107160261	ID:9	FUZZRID,DET,10,1363,1363,0,0,0,0,0,0,8,0,0,0
110117398	ID:13	[HFS] ra=0 si=0 cx=49 ac=0
110120782	ID:13	[LIST] Neighbors: 24,18
110124418	ID:13	[LIST] Quarantine: (none)
110127915	ID:13	[LIST] Blacklist: (none)
110134369	ID:13	FUZZRID,DET,24,1651,1651,0,0,0,0,0,0,6,0,0,0
110134432	ID:18	[HFS] ra=0 si=0 cx=49 ac=0
110137834	ID:18	[LIST] Neighbors: 24,13
110141471	ID:18	[LIST] Quarantine: (none)
110144967	ID:18	[LIST] Blacklist: (none)
110151421	ID:18	FUZZRID,DET,24,1651,1651,0,0,0,0,0,0,9,0,0,0
110182755	ID:17	[HFS] ra=0 si=0 cx=49 ac=0
110188704	ID:17	[LIST] Neighbors: 26,19,16,10,24,29,25,30
110191470	ID:8	[HFS] ra=0 si=0 cx=49 ac=0
110192340	ID:17	[LIST] Quarantine: (none)
110195837	ID:17	[LIST] Blacklist: (none)
110196301	ID:8	[LIST] Neighbors: 17,16,30,6,2,24
110199938	ID:8	[LIST] Quarantine: (none)
110202307	ID:17	FUZZRID,DET,24,1651,1651,0,0,0,0,0,0,7,0,0,0
110203435	ID:8	[LIST] Blacklist: (none)
110209888	ID:8	FUZZRID,DET,24,1651,1651,0,0,0,0,0,0,9,0,0,0
113261324	ID:18	[HFS] ra=0 si=0 cx=48 ac=0
113264708	ID:18	[LIST] Neighbors: 24,13
113268345	ID:18	[LIST] Quarantine: (none)
113271841	ID:18	[LIST] Blacklist: (none)
113278457	ID:18	FUZZRID,DET,13,2742,2742,0,0,0,0,0,0,22,0,0,0
113309359	ID:24	[HFS] ra=0 si=0 cx=40 ac=0
113314302	ID:24	[LIST] Neighbors: 17,16,18,10,13,8
113317940	ID:24	[LIST] Quarantine: (none)
113321436	ID:24	[LIST] Blacklist: (none)
113328031	ID:24	FUZZRID,DET,13,2742,2742,0,0,0,0,0,0,31,0,0,0
115160175	ID:19	[HFS] ra=0 si=0 cx=49 ac=0
115165971	ID:19	[LIST] Neighbors: 15,26,17,30,20,5,25,16
115168612	ID:20	[HFS] ra=0 si=0 cx=49 ac=0
115169607	ID:19	[LIST] Quarantine: (none)
115173104	ID:19	[LIST] Blacklist: (none)
115174261	ID:20	[LIST] Neighbors: 26,30,19,6,12,5,22,11
115177929	ID:20	[LIST] Quarantine: (none)
115179447	ID:19	FUZZRID,DET,5,1559,1559,0,0,0,0,0,0,0,0,0,0
115181426	ID:20	[LIST] Blacklist: (none)
115187744	ID:20	FUZZRID,DET,5,1559,1559,0,0,0,0,0,0,1,0,0,0
115252575	ID:12	[HFS] ra=0 si=0 cx=49 ac=0
115256799	ID:12	[LIST] Neighbors: 20,5,30,6,2
115260436	ID:12	[LIST] Quarantine: (none)
115262678	ID:6	[HFS] ra=0 si=0 cx=49 ac=0
115263933	ID:12	[LIST] Blacklist: (none)
115268328	ID:6	[LIST] Neighbors: 19,17,20,16,30,2,12,5
115270390	ID:12	FUZZRID,DET,5,1559,1559,0,0,0,0,0,0,12,0,0,0
115271965	ID:6	[LIST] Quarantine: (none)
115274306	ID:2	[HFS] ra=0 si=0 cx=49 ac=0
115275461	ID:6	[LIST] Blacklist: (none)
115278957	ID:2	[LIST] Neighbors: 16,5,30,6,12,8
115281780	ID:6	FUZZRID,DET,5,1559,1559,0,0,0,0,0,0,3,0,0,0
115282609	ID:2	[LIST] Quarantine: (none)
115286105	ID:2	[LIST] Blacklist: (none)
115292424	ID:2	FUZZRID,DET,5,1559,1559,0,0,0,0,0,0,3,0,0,0
117767626	ID:9	[HFS] ra=0 si=0 cx=49 ac=0
117772409	ID:9	[LIST] Neighbors: 4,25,29,10,7,23
117776046	ID:9	[LIST] Quarantine: (none)
117779543	ID:9	[LIST] Blacklist: (none)
117780141	ID:4	[HFS] ra=0 si=0 cx=49 ac=0
117784794	ID:4	[LIST] Neighbors: 28,9,31,7,3,14
117785860	ID:9	FUZZRID,DET,7,1283,1283,0,0,0,0,0,0,7,0,0,0
117788432	ID:4	[LIST] Quarantine: (none)
117791928	ID:4	[LIST] Blacklist: (none)
117798241	ID:4	FUZZRID,DET,7,1283,1283,0,0,0,0,0,0,8,0,0,0
117826040	ID:23	[HFS] ra=0 si=0 cx=49 ac=0
117829122	ID:23	[LIST] Neighbors: 7,9
117832759	ID:23	[LIST] Quarantine: (none)
117836255	ID:23	[LIST] Blacklist: (none)
117842708	ID:23	FUZZRID,DET,7,1283,1283,0,0,0,0,0,0,11,0,0,0
120158124	ID:18	 15363 P 0.0 1 74225 3857752 26204 39667 0 33040 41274 1924725 13563 18841 0 14814 (radio 1.67% / 1.64% tx 0.66% / 0.68% listen 1.00% / 0.95%)
120186129	ID:16	 15363 P 0.0 1 168015 3763906 59546 78108 0 60475 86634 1879366 20946 34299 0 27561 (radio 3.50% / 2.81% tx 1.51% / 1.06% listen 1.98% / 1.74%)
120324502	ID:3	 15363 P 0.0 1 154736 3777219 75800 55335 0 30465 50367 1915629 20899 20099 0 13458 (radio 3.33% / 2.08% tx 1.92% / 1.06% listen 1.40% / 1.02%)
120347154	ID:23	 15363 P 0.0 1 122953 3809025 61339 48951 0 30586 35671 1930374 12100 17409 0 14502 (radio 2.80% / 1.50% tx 1.56% / 0.61% listen 1.24% / 0.88%)
120372335	ID:25	 15363 P 0.0 1 249819 3682083 96581 95517 0 56314 150023 1815968 55803 47255 0 22284 (radio 4.88% / 5.24% tx 2.45% / 2.83% listen 2.42% / 2.40%)
120415354	ID:11	 15363 P 0.0 1 132647 3799097 47350 70635 0 51895 78890 1886871 29579 34321 0 20480 (radio 3.00% / 3.25% tx 1.20% / 1.50% listen 1.79% / 1.74%)
120556631	ID:19	 15363 P 0.0 1 287496 3644450 123201 110143 0 60022 103752 1861027 26146 42344 0 27944 (radio 5.93% / 3.48% tx 3.13% / 1.33% listen 2.80% / 2.15%)
120562907	ID:20	 15363 P 0.0 1 164138 3767781 60251 76588 0 58090 113754 1852238 43418 38823 0 23359 (radio 3.48% / 4.18% tx 1.53% / 2.20% listen 1.94% / 1.97%)
120578770	ID:10	 15363 P 0.0 1 249600 3682363 114019 99658 0 59767 139406 1826621 59131 46841 0 25029 (radio 5.43% / 5.39% tx 2.89% / 3.00% listen 2.53% / 2.38%)
120678632	ID:4	 15363 P 0.0 1 185808 3745873 86233 66169 0 36160 56169 1909623 15578 21678 0 15618 (radio 3.87% / 1.89% tx 2.19% / 0.79% listen 1.68% / 1.10%)
120715113	ID:8	 15363 P 0.0 1 164231 3767665 63067 58115 0 36866 74670 1891267 22156 23128 0 16008 (radio 3.08% / 2.30% tx 1.60% / 1.12% listen 1.47% / 1.17%)
120778346	ID:14	 15363 P 0.0 1 117212 3814747 33838 48356 0 38111 49882 1916139 10008 19130 0 15671 (radio 2.09% / 1.48% tx 0.86% / 0.50% listen 1.22% / 0.97%)
120811285	ID:7	 15363 P 0.0 1 135025 3796892 50474 53734 0 42275 69234 1892473 22245 22001 0 16844 (radio 2.65% / 2.25% tx 1.28% / 1.13% listen 1.36% / 1.12%)
120827333	ID:1	 15365 P 0.0 1 134088 3798403 36216 3895902 0 0 59404 1906608 14450 1951586 0 0 (radio 99.-9731% / 100.-8739% tx 0.92% / 0.73% listen 99.-9823% / 99.-8712%)
120830053	ID:15	 15363 P 0.0 1 168795 3762957 39890 74371 0 41474 85364 1880517 13292 36187 0 17116 (radio 2.90% / 2.51% tx 1.01% / 0.67% listen 1.89% / 1.84%)
120831146	ID:17	 15363 P 0.0 1 199947 3731975 77278 92521 0 64262 101656 1864337 28659 41377 0 29078 (radio 4.31% / 3.56% tx 1.96% / 1.45% listen 2.35% / 2.10%)
120909580	ID:6	 15363 P 0.0 1 116349 3815567 18545 61879 0 54076 60927 1904777 5206 26591 0 22441 (radio 2.04% / 1.61% tx 0.47% / 0.26% listen 1.57% / 1.35%)
120920205	ID:2	 15363 P 0.0 1 136225 3795519 52904 61808 0 43257 79564 1886255 29680 28816 0 17671 (radio 2.91% / 2.97% tx 1.34% / 1.50% listen 1.57% / 1.46%)
120953105	ID:22	 15363 P 0.0 1 125061 3806939 56492 61103 0 43009 38925 1927096 8996 25695 0 21726 (radio 2.99% / 1.76% tx 1.43% / 0.45% listen 1.55% / 1.30%)
121023444	ID:12	 15363 P 0.0 1 201304 3730396 93673 70678 0 37091 54595 1911165 14356 23395 0 18963 (radio 4.18% / 1.92% tx 2.38% / 0.73% listen 1.79% / 1.19%)
121039947	ID:9	 15363 P 0.0 1 211361 3720484 103851 86494 0 49387 79002 1886931 29626 32701 0 22189 (radio 4.84% / 3.17% tx 2.64% / 1.50% listen 2.19% / 1.66%)
121082221	ID:24	 15363 P 0.0 1 316807 3614939 173179 98931 0 37400 107864 1857973 47829 34592 0 17646 (radio 6.92% / 4.19% tx 4.40% / 2.43% listen 2.51% / 1.75%)
121134045	ID:5	 15363 P 0.0 1 275882 3656004 139704 86479 0 39515 95129 1870792 41610 29940 0 17510 (radio 5.75% / 3.63% tx 3.55% / 2.11% listen 2.19% / 1.52%)
121134704	ID:21	 15363 P 0.0 1 90900 3841125 23619 40493 0 27692 34643 1931404 5529 16719 0 12223 (radio 1.63% / 1.13% tx 0.60% / 0.28% listen 1.02% / 0.85%)
121139070	ID:13	 15363 P 0.0 1 91925 3840113 43904 42848 0 33474 45320 1920723 19875 18162 0 14972 (radio 2.20% / 1.93% tx 1.11% / 1.01% listen 1.08% / 0.92%)
121807877	ID:22	[HFS] ra=0 si=0 cx=49 ac=0
121812113	ID:22	[LIST] Neighbors: 15,26,11,20
121815750	ID:22	[LIST] Quarantine: (none)
121819247	ID:22	[LIST] Blacklist: (none)
121825701	ID:22	FUZZRID,DET,20,1064,1064,0,0,0,0,0,0,3,0,0,0
121875530	ID:12	[HFS] ra=0 si=0 cx=49 ac=0
121879754	ID:12	[LIST] Neighbors: 20,5,30,6,2
121883391	ID:12	[LIST] Quarantine: (none)
121886888	ID:12	[LIST] Blacklist: (none)
121893342	ID:12	FUZZRID,DET,20,1064,1064,0,0,0,0,0,0,9,0,0,0
122987112	ID:1	[HFS] ra=0 si=0 cx=49 ac=0
122991348	ID:1	[LIST] Neighbors: 21,27,28,15
122994985	ID:1	[LIST] Quarantine: (none)
122998482	ID:1	[LIST] Blacklist: (none)
123004576	ID:1	FUZZRID,DET,21,512,512,0,0,0,0,0,0,0,0,0,0
123017486	ID:27	[ATK-DBG] t=122s warm-up true_rank=512 (not attacking yet)
123033669	ID:4	[HFS] ra=0 si=0 cx=49 ac=0
123038746	ID:4	[LIST] Neighbors: 28,9,31,7,3,14,21
123042382	ID:4	[LIST] Quarantine: (none)
123045879	ID:4	[LIST] Blacklist: (none)
123051973	ID:4	FUZZRID,DET,21,512,512,0,0,0,0,0,0,0,0,0,0
123058300	ID:22	[HFS] ra=0 si=0 cx=49 ac=0
123062963	ID:22	[LIST] Neighbors: 15,26,11,20,27
123066626	ID:22	[LIST] Quarantine: (none)
123070122	ID:22	[LIST] Blacklist: (none)
123076216	ID:22	FUZZRID,DET,27,512,512,0,0,0,0,0,0,0,0,0,0
123115530	ID:1	[HFS] ra=0 si=0 cx=49 ac=0
123119766	ID:1	[LIST] Neighbors: 21,27,28,15
123123403	ID:1	[LIST] Quarantine: (none)
123126900	ID:1	[LIST] Blacklist: (none)
123133033	ID:1	FUZZRID,DET,27,512,512,0,0,0,0,0,0,0,0,0,0
123938488	ID:29	[ATK-DBG] t=123s warm-up true_rank=1594 (not attacking yet)
123974859	ID:25	[HFS] ra=0 si=0 cx=49 ac=0
123980655	ID:25	[LIST] Neighbors: 15,26,17,10,30,9,16,29
123984291	ID:25	[LIST] Quarantine: (none)
123987788	ID:25	[LIST] Blacklist: (none)
123994246	ID:25	FUZZRID,DET,29,1594,1594,0,0,0,0,0,0,7,0,0,0
124015766	ID:9	[HFS] ra=0 si=0 cx=49 ac=0
124020583	ID:9	[LIST] Neighbors: 4,25,29,10,7,23
124024221	ID:9	[LIST] Quarantine: (none)
124027718	ID:9	[LIST] Blacklist: (none)
124034175	ID:9	FUZZRID,DET,29,1594,1594,0,0,0,0,0,0,8,0,0,0
124037375	ID:7	[HFS] ra=0 si=0 cx=49 ac=0
124037969	ID:16	[HFS] ra=0 si=0 cx=49 ac=0
124041765	ID:7	[LIST] Neighbors: 4,23,29,9,14
124043619	ID:16	[LIST] Neighbors: 19,17,30,24,29,25,2,8
124045402	ID:7	[LIST] Quarantine: (none)
124047256	ID:16	[LIST] Quarantine: (none)
124048899	ID:7	[LIST] Blacklist: (none)
124050782	ID:16	[LIST] Blacklist: (none)
124055057	ID:10	[HFS] ra=0 si=0 cx=49 ac=0
124055357	ID:7	FUZZRID,DET,29,1594,1594,0,0,0,0,0,0,9,0,0,0
124057241	ID:16	FUZZRID,DET,29,1594,1594,0,0,0,0,0,0,5,0,0,0
124059628	ID:17	[HFS] ra=0 si=0 cx=49 ac=0
124060853	ID:10	[LIST] Neighbors: 19,25,17,16,9,24,29,30
124064490	ID:10	[LIST] Quarantine: (none)
124065570	ID:17	[LIST] Neighbors: 26,19,16,10,24,29,25,30
124067986	ID:10	[LIST] Blacklist: (none)
124069210	ID:17	[LIST] Quarantine: (none)
124072707	ID:17	[LIST] Blacklist: (none)
124074444	ID:10	FUZZRID,DET,29,1594,1594,0,0,0,0,0,0,4,0,0,0
124079166	ID:17	FUZZRID,DET,29,1594,1594,0,0,0,0,0,0,7,0,0,0
124682833	ID:22	[HFS] ra=0 si=0 cx=49 ac=0
124682961	ID:15	[HFS] ra=0 si=0 cx=49 ac=0
124687496	ID:22	[LIST] Neighbors: 15,26,11,20,27
124688070	ID:15	[LIST] Neighbors: 28,26,22,19,25,11
124691132	ID:22	[LIST] Quarantine: (none)
124691708	ID:15	[LIST] Quarantine: (none)
124694629	ID:22	[LIST] Blacklist: (none)
124695204	ID:15	[LIST] Blacklist: (none)
124700723	ID:22	FUZZRID,DET,11,921,921,0,0,0,0,0,0,2,0,0,0
124701298	ID:15	FUZZRID,DET,11,921,921,0,0,0,0,0,0,0,0,0,0
124791353	ID:20	[HFS] ra=0 si=0 cx=49 ac=0
124797003	ID:20	[LIST] Neighbors: 26,30,19,6,12,5,22,11
124800640	ID:20	[LIST] Quarantine: (none)
124804136	ID:20	[LIST] Blacklist: (none)
124810230	ID:20	FUZZRID,DET,11,921,921,0,0,0,0,0,0,2,0,0,0
125852007	ID:28	[ATK-DBG] t=125s warm-up true_rank=512 (not attacking yet)
125873338	ID:1	[HFS] ra=0 si=0 cx=49 ac=0
125877574	ID:1	[LIST] Neighbors: 21,27,28,15
125881211	ID:1	[LIST] Quarantine: (none)
125884708	ID:1	[LIST] Blacklist: (none)
125890802	ID:1	FUZZRID,DET,28,512,512,0,0,0,0,0,0,0,0,0,0
125907831	ID:4	[HFS] ra=0 si=0 cx=49 ac=0
125912908	ID:4	[LIST] Neighbors: 28,9,31,7,3,14,21
125916545	ID:4	[LIST] Quarantine: (none)
125920042	ID:4	[LIST] Blacklist: (none)
125926136	ID:4	FUZZRID,DET,28,512,512,0,0,0,0,0,0,2,0,0,0
125933566	ID:15	[HFS] ra=0 si=0 cx=49 ac=0
125938655	ID:15	[LIST] Neighbors: 28,26,22,19,25,11
125942293	ID:15	[LIST] Quarantine: (none)
125945789	ID:15	[LIST] Blacklist: (none)
125951883	ID:15	FUZZRID,DET,28,512,512,0,0,0,0,0,0,0,0,0,0
125988710	ID:21	[HFS] ra=0 si=0 cx=49 ac=0
125992378	ID:21	[LIST] Neighbors: 28,4,31
125996015	ID:21	[LIST] Quarantine: (none)
125999512	ID:21	[LIST] Blacklist: (none)
126005605	ID:21	FUZZRID,DET,28,512,512,0,0,0,0,0,0,0,0,0,0
126931818	ID:10	[HFS] ra=0 si=0 cx=49 ac=0
126937614	ID:10	[LIST] Neighbors: 19,25,17,16,9,24,29,30
126941251	ID:10	[LIST] Quarantine: (none)
126944748	ID:10	[LIST] Blacklist: (none)
126950840	ID:10	FUZZRID,DET,25,815,815,0,0,0,0,0,0,2,0,0,0
127059379	ID:15	[HFS] ra=0 si=0 cx=49 ac=0
127064468	ID:15	[LIST] Neighbors: 28,26,22,19,25,11
127068106	ID:15	[LIST] Quarantine: (none)
127071603	ID:15	[LIST] Blacklist: (none)
127077697	ID:15	FUZZRID,DET,22,768,768,0,0,0,0,0,0,3,0,0,0
127144630	ID:11	[HFS] ra=0 si=0 cx=49 ac=0
127149720	ID:11	[LIST] Neighbors: 15,26,30,22,20,19
127153358	ID:11	[LIST] Quarantine: (none)
127156854	ID:11	[LIST] Blacklist: (none)
127162961	ID:11	FUZZRID,DET,22,768,768,0,0,0,0,0,0,9,0,0,0
127167199	ID:20	[HFS] ra=0 si=0 cx=49 ac=0
127172849	ID:20	[LIST] Neighbors: 26,30,19,6,12,5,22,11
127176486	ID:20	[LIST] Quarantine: (none)
127179982	ID:20	[LIST] Blacklist: (none)
127186115	ID:20	FUZZRID,DET,22,768,768,0,0,0,0,0,0,4,0,0,0
127655863	ID:4	[HFS] ra=0 si=0 cx=49 ac=0
127660940	ID:4	[LIST] Neighbors: 28,9,31,7,3,14,21
127664327	ID:7	[HFS] ra=0 si=0 cx=49 ac=0
127664576	ID:4	[LIST] Quarantine: (none)
127668073	ID:4	[LIST] Blacklist: (none)
127668695	ID:7	[LIST] Neighbors: 4,23,29,9,14
127672333	ID:7	[LIST] Quarantine: (none)
127674549	ID:4	FUZZRID,DET,14,1027,1027,0,0,0,0,0,0,0,0,0,0
127675829	ID:7	[LIST] Blacklist: (none)
127676238	ID:3	[HFS] ra=0 si=0 cx=49 ac=0
127679902	ID:3	[LIST] Neighbors: 31,4,14
127682283	ID:7	FUZZRID,DET,14,1027,1027,0,0,0,0,0,0,1,0,0,0
127683538	ID:3	[LIST] Quarantine: (none)
127687035	ID:3	[LIST] Blacklist: (none)
127693489	ID:3	FUZZRID,DET,14,1027,1027,0,0,0,0,0,0,6,0,0,0
127769016	ID:9	[HFS] ra=0 si=0 cx=49 ac=0
127774225	ID:9	[LIST] Neighbors: 4,25,29,10,7,23,14
127777861	ID:9	[LIST] Quarantine: (none)
127781358	ID:9	[LIST] Blacklist: (none)
127787846	ID:9	FUZZRID,DET,14,1027,1027,0,0,0,0,0,0,0,0,0,0
128646734	ID:2	[HFS] ra=0 si=0 cx=49 ac=0
128651384	ID:2	[LIST] Neighbors: 16,5,30,6,12,8
128655022	ID:2	[LIST] Quarantine: (none)
128658519	ID:2	[LIST] Blacklist: (none)
128664596	ID:16	[HFS] ra=0 si=0 cx=49 ac=0
128664866	ID:2	FUZZRID,DET,8,1338,1338,0,0,0,0,0,0,0,0,0,0
128670263	ID:16	[LIST] Neighbors: 19,17,30,24,29,25,2,8
128673899	ID:16	[LIST] Quarantine: (none)
128677396	ID:16	[LIST] Blacklist: (none)
128683740	ID:16	FUZZRID,DET,8,1338,1338,0,0,0,0,0,0,0,0,0,0
130691753	ID:8	[HFS] ra=0 si=0 cx=49 ac=0
130696582	ID:8	[LIST] Neighbors: 17,16,30,6,2,24
130700220	ID:8	[LIST] Quarantine: (none)
130703717	ID:8	[LIST] Blacklist: (none)
130710032	ID:8	FUZZRID,DET,2,1704,1704,0,0,0,0,0,0,2,0,0,0
130738794	ID:5	[HFS] ra=0 si=0 cx=49 ac=0
130743591	ID:5	[LIST] Neighbors: 19,20,30,6,2,12
130747251	ID:5	[LIST] Quarantine: (none)
130750748	ID:5	[LIST] Blacklist: (none)
130751377	ID:12	[HFS] ra=0 si=0 cx=49 ac=0
130755602	ID:12	[LIST] Neighbors: 20,5,30,6,2
130757064	ID:5	FUZZRID,DET,2,1704,1704,0,0,0,0,0,0,4,0,0,0
130759239	ID:12	[LIST] Quarantine: (none)
130762766	ID:12	[LIST] Blacklist: (none)
130764977	ID:6	[HFS] ra=0 si=0 cx=49 ac=0
130769081	ID:12	FUZZRID,DET,2,1704,1704,0,0,0,0,0,0,2,0,0,0
130770627	ID:6	[LIST] Neighbors: 19,17,20,16,30,2,12,5
130774264	ID:6	[LIST] Quarantine: (none)
130777760	ID:6	[LIST] Blacklist: (none)
130784074	ID:6	FUZZRID,DET,2,1704,1704,0,0,0,0,0,0,0,0,0,0
130790872	ID:16	[HFS] ra=0 si=0 cx=49 ac=0
130796522	ID:16	[LIST] Neighbors: 19,17,30,24,29,25,2,8
130800158	ID:16	[LIST] Quarantine: (none)
130803655	ID:16	[LIST] Blacklist: (none)
130810004	ID:16	FUZZRID,DET,2,1704,1704,0,0,0,0,0,0,0,0,0,0
131757187	ID:14	[HFS] ra=0 si=0 cx=49 ac=0
131761265	ID:14	[LIST] Neighbors: 31,4,7,9,3
131764902	ID:14	[LIST] Quarantine: (none)
131768419	ID:14	[LIST] Blacklist: (none)
131774876	ID:14	FUZZRID,DET,9,1539,1539,0,0,0,0,0,0,11,0,0,0
131782983	ID:4	[HFS] ra=0 si=0 cx=49 ac=0
131788060	ID:4	[LIST] Neighbors: 28,9,31,7,3,14,21
131790002	ID:7	[HFS] ra=0 si=0 cx=49 ac=0
131791697	ID:4	[LIST] Quarantine: (none)
131794359	ID:7	[LIST] Neighbors: 4,23,29,9,14
131795194	ID:4	[LIST] Blacklist: (none)
131797996	ID:7	[LIST] Quarantine: (none)
131801493	ID:7	[LIST] Blacklist: (none)
131801650	ID:4	FUZZRID,DET,9,1539,1539,0,0,0,0,0,0,13,0,0,0
131807810	ID:7	FUZZRID,DET,9,1539,1539,0,0,0,0,0,0,7,0,0,0
131824865	ID:23	[HFS] ra=0 si=0 cx=49 ac=0
131827942	ID:23	[LIST] Neighbors: 7,9
131831579	ID:23	[LIST] Quarantine: (none)
131835076	ID:23	[LIST] Blacklist: (none)
131841532	ID:23	FUZZRID,DET,9,1539,1539,0,0,0,0,0,0,10,0,0,0
132183634	ID:24	[HFS] ra=0 si=0 cx=49 ac=0
132183817	ID:17	[HFS] ra=0 si=0 cx=49 ac=0
132188577	ID:24	[LIST] Neighbors: 17,16,18,10,13,8
132189760	ID:17	[LIST] Neighbors: 26,19,16,10,24,29,25,30
132192214	ID:24	[LIST] Quarantine: (none)
132193396	ID:17	[LIST] Quarantine: (none)
132195711	ID:24	[LIST] Blacklist: (none)
132196893	ID:17	[LIST] Blacklist: (none)
132202167	ID:24	FUZZRID,DET,10,1355,1355,0,0,0,0,0,0,6,0,0,0
132203489	ID:17	FUZZRID,DET,10,1355,1355,0,0,0,0,0,0,11,0,0,0
132226825	ID:25	[HFS] ra=0 si=0 cx=49 ac=0
132232621	ID:25	[LIST] Neighbors: 15,26,17,10,30,9,16,29
132236258	ID:25	[LIST] Quarantine: (none)
132239754	ID:25	[LIST] Blacklist: (none)
132246210	ID:25	FUZZRID,DET,10,1355,1355,0,0,0,0,0,0,8,0,0,0
132269708	ID:9	[HFS] ra=0 si=0 cx=49 ac=0
132274917	ID:9	[LIST] Neighbors: 4,25,29,10,7,23,14
132278553	ID:9	[LIST] Quarantine: (none)
132282051	ID:9	[LIST] Blacklist: (none)
132288539	ID:9	FUZZRID,DET,10,1355,1355,0,0,0,0,0,0,9,0,0,0
134391539	ID:11	[HFS] ra=0 si=0 cx=49 ac=0
134396629	ID:11	[LIST] Neighbors: 15,26,30,22,20,19
134400266	ID:11	[LIST] Quarantine: (none)
134403763	ID:11	[LIST] Blacklist: (none)
134409857	ID:11	FUZZRID,DET,22,768,768,0,0,0,0,0,0,8,0,0,0
134418166	ID:20	[HFS] ra=0 si=0 cx=49 ac=0
134423816	ID:20	[LIST] Neighbors: 26,30,19,6,12,5,22,11
134427453	ID:20	[LIST] Quarantine: (none)
134430949	ID:20	[LIST] Blacklist: (none)
134437043	ID:20	FUZZRID,DET,22,768,768,0,0,0,0,0,0,4,0,0,0
135100064	ID:25	[HFS] ra=0 si=0 cx=49 ac=0
135105866	ID:25	[LIST] Neighbors: 15,26,17,10,30,9,16,29
135109503	ID:25	[LIST] Quarantine: (none)
135112999	ID:25	[LIST] Blacklist: (none)
135119472	ID:25	FUZZRID,DET,16,1082,1082,0,0,0,0,0,0,3,0,0,0
135137713	ID:6	[HFS] ra=0 si=0 cx=49 ac=0
135143363	ID:6	[LIST] Neighbors: 19,17,20,16,30,2,12,5
135147000	ID:6	[LIST] Quarantine: (none)
135150497	ID:6	[LIST] Blacklist: (none)
135156951	ID:6	FUZZRID,DET,16,1082,1082,0,0,0,0,0,0,3,0,0,0
135159819	ID:19	[HFS] ra=0 si=0 cx=49 ac=0
135165615	ID:19	[LIST] Neighbors: 15,26,17,30,20,5,25,16
135169252	ID:19	[LIST] Quarantine: (none)
135172749	ID:19	[LIST] Blacklist: (none)
135179203	ID:19	FUZZRID,DET,16,1082,1082,0,0,0,0,0,0,1,0,0,0
135180201	ID:10	[HFS] ra=0 si=0 cx=49 ac=0
135184135	ID:24	[HFS] ra=0 si=0 cx=49 ac=0
135184668	ID:17	[HFS] ra=0 si=0 cx=49 ac=0
135185997	ID:10	[LIST] Neighbors: 19,25,17,16,9,24,29,30
135189078	ID:24	[LIST] Neighbors: 17,16,18,10,13,8
135189634	ID:10	[LIST] Quarantine: (none)
135190610	ID:17	[LIST] Neighbors: 26,19,16,10,24,29,25,30
135192613	ID:8	[HFS] ra=0 si=0 cx=49 ac=0
135192716	ID:24	[LIST] Quarantine: (none)
135193130	ID:10	[LIST] Blacklist: (none)
135194249	ID:17	[LIST] Quarantine: (none)
135196213	ID:24	[LIST] Blacklist: (none)
135197422	ID:8	[LIST] Neighbors: 17,16,30,6,2,24
135197745	ID:17	[LIST] Blacklist: (none)
135199584	ID:10	FUZZRID,DET,16,1082,1082,0,0,0,0,0,0,6,0,0,0
135201059	ID:8	[LIST] Quarantine: (none)
135202682	ID:24	FUZZRID,DET,16,1082,1082,0,0,0,0,0,0,7,0,0,0
135204201	ID:17	FUZZRID,DET,16,1082,1082,0,0,0,0,0,0,6,0,0,0
135204556	ID:8	[LIST] Blacklist: (none)
135211011	ID:8	FUZZRID,DET,16,1082,1082,0,0,0,0,0,0,4,0,0,0
135378310	ID:12	[HFS] ra=0 si=0 cx=49 ac=0
135382534	ID:12	[LIST] Neighbors: 20,5,30,6,2
135386171	ID:12	[LIST] Quarantine: (none)
135389667	ID:12	[LIST] Blacklist: (none)
135395998	ID:12	FUZZRID,DET,6,1607,1607,0,0,0,0,0,0,1,0,0,0
135399829	ID:2	[HFS] ra=0 si=0 cx=49 ac=0
135404479	ID:2	[LIST] Neighbors: 16,5,30,6,12,8
135408117	ID:2	[LIST] Quarantine: (none)
135411614	ID:2	[LIST] Blacklist: (none)
135417943	ID:2	FUZZRID,DET,6,1607,1607,0,0,0,0,0,0,0,0,0,0
135442603	ID:8	[HFS] ra=0 si=0 cx=49 ac=0
135447421	ID:8	[LIST] Neighbors: 17,16,30,6,2,24
135451059	ID:8	[LIST] Quarantine: (none)
135454556	ID:8	[LIST] Blacklist: (none)
135460867	ID:8	FUZZRID,DET,6,1607,1607,0,0,0,0,0,0,1,0,0,0
135484993	ID:5	[HFS] ra=0 si=0 cx=49 ac=0
135489790	ID:5	[LIST] Neighbors: 19,20,30,6,2,12
135493427	ID:5	[LIST] Quarantine: (none)
135496924	ID:5	[LIST] Blacklist: (none)
135503236	ID:5	FUZZRID,DET,6,1607,1607,0,0,0,0,0,0,3,0,0,0
135915592	ID:16	[HFS] ra=0 si=0 cx=49 ac=0
135921242	ID:16	[LIST] Neighbors: 19,17,30,24,29,25,2,8
135924879	ID:16	[LIST] Quarantine: (none)
135928375	ID:16	[LIST] Blacklist: (none)
135932516	ID:10	[HFS] ra=0 si=0 cx=49 ac=0
135934830	ID:16	FUZZRID,DET,17,1082,1082,0,0,0,0,0,0,9,0,0,0
135938312	ID:10	[LIST] Neighbors: 19,25,17,16,9,24,29,30
135940733	ID:8	[HFS] ra=0 si=0 cx=49 ac=0
135941949	ID:10	[LIST] Quarantine: (none)
135945445	ID:10	[LIST] Blacklist: (none)
135945564	ID:8	[LIST] Neighbors: 17,16,30,6,2,24
135949202	ID:8	[LIST] Quarantine: (none)
135952038	ID:10	FUZZRID,DET,17,1082,1082,0,0,0,0,0,0,11,0,0,0
135952699	ID:8	[LIST] Blacklist: (none)
135959292	ID:8	FUZZRID,DET,17,1082,1082,0,0,0,0,0,0,11,0,0,0
136013728	ID:6	[HFS] ra=0 si=0 cx=49 ac=0
136019378	ID:6	[LIST] Neighbors: 19,17,20,16,30,2,12,5
136023015	ID:6	[LIST] Quarantine: (none)
136026512	ID:6	[LIST] Blacklist: (none)
136033000	ID:6	FUZZRID,DET,17,1082,1082,0,0,0,0,0,0,8,0,0,0
136035379	ID:19	[HFS] ra=0 si=0 cx=49 ac=0
136041175	ID:19	[LIST] Neighbors: 15,26,17,30,20,5,25,16
136044812	ID:19	[LIST] Quarantine: (none)
136048309	ID:19	[LIST] Blacklist: (none)
136054935	ID:19	FUZZRID,DET,17,1082,1082,0,0,0,0,0,0,10,0,0,0
137724640	ID:25	[HFS] ra=0 si=0 cx=49 ac=0
137730446	ID:25	[LIST] Neighbors: 15,26,17,10,30,9,16,29
137734083	ID:25	[LIST] Quarantine: (none)
137737579	ID:25	[LIST] Blacklist: (none)
137743912	ID:25	FUZZRID,DET,9,1513,1513,0,0,0,0,0,0,9,0,0,0
137757774	ID:14	[HFS] ra=0 si=0 cx=49 ac=0
137761852	ID:14	[LIST] Neighbors: 31,4,7,9,3
137765489	ID:14	[LIST] Quarantine: (none)
137768985	ID:14	[LIST] Blacklist: (none)
137775442	ID:14	FUZZRID,DET,9,1513,1513,0,0,0,0,0,0,12,0,0,0
137788025	ID:7	[HFS] ra=0 si=0 cx=49 ac=0
137792382	ID:7	[LIST] Neighbors: 4,23,29,9,14
137796019	ID:7	[LIST] Quarantine: (none)
137799529	ID:7	[LIST] Blacklist: (none)
137805520	ID:10	[HFS] ra=0 si=0 cx=49 ac=0
137805847	ID:7	FUZZRID,DET,9,1513,1513,0,0,0,0,0,0,9,0,0,0
137811333	ID:10	[LIST] Neighbors: 19,25,17,16,9,24,29,30
137814970	ID:10	[LIST] Quarantine: (none)
137818467	ID:10	[LIST] Blacklist: (none)
137824938	ID:10	FUZZRID,DET,9,1513,1513,0,0,0,0,0,0,14,0,0,0
140503692	ID:14	[HFS] ra=0 si=0 cx=49 ac=0
140507770	ID:14	[LIST] Neighbors: 31,4,7,9,3
140511407	ID:14	[LIST] Quarantine: (none)
140514903	ID:14	[LIST] Blacklist: (none)
140521237	ID:14	FUZZRID,DET,3,1679,1679,0,0,0,0,0,0,3,0,0,0
140534015	ID:4	[HFS] ra=0 si=0 cx=49 ac=0
140539092	ID:4	[LIST] Neighbors: 28,9,31,7,3,14,21
140542728	ID:4	[LIST] Quarantine: (none)
140546225	ID:4	[LIST] Blacklist: (none)
140552574	ID:4	FUZZRID,DET,3,1679,1679,0,0,0,0,0,0,0,0,0,0
142174948	ID:30	[ATK-DBG] t=141s warm-up true_rank=1197 (not attacking yet)
142362976	ID:5	[HFS] ra=0 si=0 cx=49 ac=0
142367773	ID:5	[LIST] Neighbors: 19,20,30,6,2,12
142371411	ID:5	[LIST] Quarantine: (none)
142374908	ID:5	[LIST] Blacklist: (none)
142375626	ID:12	[HFS] ra=0 si=0 cx=49 ac=0
142379851	ID:12	[LIST] Neighbors: 20,5,30,6,2
142381365	ID:5	FUZZRID,DET,30,1197,1197,0,0,0,0,0,0,3,0,0,0
142383488	ID:12	[LIST] Quarantine: (none)
142386984	ID:12	[LIST] Blacklist: (none)
142389327	ID:6	[HFS] ra=0 si=0 cx=49 ac=0
142392748	ID:11	[HFS] ra=0 si=0 cx=49 ac=0
142393442	ID:12	FUZZRID,DET,30,1197,1197,0,0,0,0,0,0,1,0,0,0
142394977	ID:6	[LIST] Neighbors: 19,17,20,16,30,2,12,5
142397187	ID:2	[HFS] ra=0 si=0 cx=49 ac=0
142397838	ID:11	[LIST] Neighbors: 15,26,30,22,20,19
142398614	ID:6	[LIST] Quarantine: (none)
142401476	ID:11	[LIST] Quarantine: (none)
142401838	ID:2	[LIST] Neighbors: 16,5,30,6,12,8
142402110	ID:6	[LIST] Blacklist: (none)
142404972	ID:11	[LIST] Blacklist: (none)
142405475	ID:2	[LIST] Quarantine: (none)
142408568	ID:6	FUZZRID,DET,30,1197,1197,0,0,0,0,0,0,0,0,0,0
142409006	ID:2	[LIST] Blacklist: (none)
142411429	ID:11	FUZZRID,DET,30,1197,1197,0,0,0,0,0,0,0,0,0,0
142414121	ID:20	[HFS] ra=0 si=0 cx=49 ac=0
142414687	ID:16	[HFS] ra=0 si=0 cx=49 ac=0
142415463	ID:2	FUZZRID,DET,30,1197,1197,0,0,0,0,0,0,0,0,0,0
142419771	ID:20	[LIST] Neighbors: 26,30,19,6,12,5,22,11
142420336	ID:16	[LIST] Neighbors: 19,17,30,24,29,25,2,8
142423408	ID:20	[LIST] Quarantine: (none)
142423973	ID:16	[LIST] Quarantine: (none)
142426904	ID:20	[LIST] Blacklist: (none)
142427470	ID:16	[LIST] Blacklist: (none)
142432653	ID:10	[HFS] ra=0 si=0 cx=49 ac=0
142433364	ID:20	FUZZRID,DET,30,1197,1197,0,0,0,0,0,0,1,0,0,0
142433927	ID:16	FUZZRID,DET,30,1197,1197,0,0,0,0,0,0,1,0,0,0
142436696	ID:17	[HFS] ra=0 si=0 cx=49 ac=0
142438449	ID:10	[LIST] Neighbors: 19,25,17,16,9,24,29,30
142442086	ID:10	[LIST] Quarantine: (none)
142442672	ID:17	[LIST] Neighbors: 26,19,16,10,24,29,25,30
142445582	ID:10	[LIST] Blacklist: (none)
142446308	ID:17	[LIST] Quarantine: (none)
142449805	ID:17	[LIST] Blacklist: (none)
142452074	ID:10	FUZZRID,DET,30,1197,1197,0,0,0,0,0,0,1,0,0,0
142456263	ID:17	FUZZRID,DET,30,1197,1197,0,0,0,0,0,0,1,0,0,0
142474630	ID:25	[HFS] ra=0 si=0 cx=49 ac=0
142480446	ID:25	[LIST] Neighbors: 15,26,17,10,30,9,16,29
142484083	ID:25	[LIST] Quarantine: (none)
142487580	ID:25	[LIST] Blacklist: (none)
142494051	ID:25	FUZZRID,DET,30,1197,1197,0,0,0,0,0,0,0,0,0,0
142553035	ID:31	[ATK-DBG] t=141s warm-up true_rank=768 (not attacking yet)
142612939	ID:21	[HFS] ra=0 si=0 cx=49 ac=0
142616603	ID:21	[LIST] Neighbors: 28,4,31
142620239	ID:21	[LIST] Quarantine: (none)
142623765	ID:21	[LIST] Blacklist: (none)
142629816	ID:14	[HFS] ra=0 si=0 cx=49 ac=0
142629859	ID:21	FUZZRID,DET,31,768,768,0,0,0,0,0,0,0,0,0,0
142633927	ID:14	[LIST] Neighbors: 31,4,7,9,3
142637565	ID:14	[LIST] Quarantine: (none)
142641061	ID:14	[LIST] Blacklist: (none)
142647156	ID:14	FUZZRID,DET,31,768,768,0,0,0,0,0,0,5,0,0,0
142656609	ID:4	[HFS] ra=0 si=0 cx=49 ac=0
142661688	ID:4	[LIST] Neighbors: 28,9,31,7,3,14,21
142665324	ID:4	[LIST] Quarantine: (none)
142668830	ID:4	[LIST] Blacklist: (none)
142674925	ID:4	FUZZRID,DET,31,768,768,0,0,0,0,0,0,1,0,0,0
142676595	ID:3	[HFS] ra=0 si=0 cx=49 ac=0
142680292	ID:3	[LIST] Neighbors: 31,4,14
142683928	ID:3	[LIST] Quarantine: (none)
142687426	ID:3	[LIST] Blacklist: (none)
142693521	ID:3	FUZZRID,DET,31,768,768,0,0,0,0,0,0,7,0,0,0
142790760	ID:7	[HFS] ra=0 si=0 cx=49 ac=0
142795117	ID:7	[LIST] Neighbors: 4,23,29,9,14
142798754	ID:7	[LIST] Quarantine: (none)
142802250	ID:7	[LIST] Blacklist: (none)
142808703	ID:7	FUZZRID,DET,23,2584,2584,0,0,0,0,0,0,8,0,0,0
142893792	ID:9	[HFS] ra=0 si=0 cx=49 ac=0
142899001	ID:9	[LIST] Neighbors: 4,25,29,10,7,23,14
142902638	ID:9	[LIST] Quarantine: (none)
142906135	ID:9	[LIST] Blacklist: (none)
142912588	ID:9	FUZZRID,DET,23,2584,2584,0,0,0,0,0,0,1,0,0,0
144201325	ID:23	[HFS] ra=0 si=0 cx=49 ac=0
144204402	ID:23	[LIST] Neighbors: 7,9
144208039	ID:23	[LIST] Quarantine: (none)
144211535	ID:23	[LIST] Blacklist: (none)
144218023	ID:23	FUZZRID,DET,7,1283,1283,0,0,0,0,0,0,11,0,0,0
144257633	ID:14	[HFS] ra=0 si=0 cx=49 ac=0
144261711	ID:14	[LIST] Neighbors: 31,4,7,9,3
144265348	ID:14	[LIST] Quarantine: (none)
144267368	ID:9	[HFS] ra=0 si=0 cx=49 ac=0
144268845	ID:14	[LIST] Blacklist: (none)
144272577	ID:9	[LIST] Neighbors: 4,25,29,10,7,23,14
144275157	ID:14	FUZZRID,DET,7,1283,1283,0,0,0,0,0,0,3,0,0,0
144276213	ID:9	[LIST] Quarantine: (none)
144279725	ID:9	[LIST] Blacklist: (none)
144283799	ID:4	[HFS] ra=0 si=0 cx=49 ac=0
144286038	ID:9	FUZZRID,DET,7,1283,1283,0,0,0,0,0,0,8,0,0,0
144288876	ID:4	[LIST] Neighbors: 28,9,31,7,3,14,21
144292512	ID:4	[LIST] Quarantine: (none)
144296009	ID:4	[LIST] Blacklist: (none)
144302322	ID:4	FUZZRID,DET,7,1283,1283,0,0,0,0,0,0,8,0,0,0
144643217	ID:1	[HFS] ra=0 si=0 cx=49 ac=0
144647453	ID:1	[LIST] Neighbors: 21,27,28,15
144651090	ID:1	[LIST] Quarantine: (none)
144654587	ID:1	[LIST] Blacklist: (none)
144660681	ID:1	FUZZRID,DET,15,512,512,0,0,0,0,0,0,4,0,0,0
144663773	ID:19	[HFS] ra=0 si=0 cx=49 ac=0
144669603	ID:19	[LIST] Neighbors: 15,26,17,30,20,5,25,16
144673240	ID:19	[LIST] Quarantine: (none)
144676737	ID:19	[LIST] Blacklist: (none)
144681460	ID:22	[HFS] ra=0 si=0 cx=49 ac=0
144682970	ID:19	FUZZRID,DET,15,512,512,0,0,0,0,0,0,11,0,0,0
144686123	ID:22	[LIST] Neighbors: 15,26,11,20,27
144689760	ID:22	[LIST] Quarantine: (none)
144693256	ID:22	[LIST] Blacklist: (none)
144699351	ID:22	FUZZRID,DET,15,512,512,0,0,0,0,0,0,8,0,0,0
144724617	ID:25	[HFS] ra=0 si=0 cx=49 ac=0
144730446	ID:25	[LIST] Neighbors: 15,26,17,10,30,9,16,29
144734083	ID:25	[LIST] Quarantine: (none)
144737579	ID:25	[LIST] Blacklist: (none)
144743674	ID:25	FUZZRID,DET,15,512,512,0,0,0,0,0,0,5,0,0,0
144766981	ID:11	[HFS] ra=0 si=0 cx=49 ac=0
144772070	ID:11	[LIST] Neighbors: 15,26,30,22,20,19
144775708	ID:11	[LIST] Quarantine: (none)
144779205	ID:11	[LIST] Blacklist: (none)
144785303	ID:11	FUZZRID,DET,15,512,512,0,0,0,0,0,0,6,0,0,0
146266684	ID:11	[HFS] ra=0 si=0 cx=49 ac=0
146271774	ID:11	[LIST] Neighbors: 15,26,30,22,20,19
146275412	ID:11	[LIST] Quarantine: (none)
146278908	ID:11	[LIST] Blacklist: (none)
146285023	ID:11	FUZZRID,DET,22,768,768,0,0,0,0,0,0,8,0,0,0
146293307	ID:20	[HFS] ra=0 si=0 cx=49 ac=0
146298956	ID:20	[LIST] Neighbors: 26,30,19,6,12,5,22,11
146302593	ID:20	[LIST] Quarantine: (none)
146306090	ID:20	[LIST] Blacklist: (none)
146312184	ID:20	FUZZRID,DET,22,768,768,0,0,0,0,0,0,4,0,0,0
148419044	ID:26	[ATK-DBG] t=148s warm-up true_rank=822 (not attacking yet)
148430014	ID:10	[HFS] ra=0 si=0 cx=49 ac=0
148430626	ID:15	[HFS] ra=0 si=0 cx=49 ac=0
148434664	ID:17	[HFS] ra=0 si=0 cx=49 ac=0
148435749	ID:15	[LIST] Neighbors: 28,26,22,19,25,11
148435810	ID:10	[LIST] Neighbors: 19,25,17,16,9,24,29,30
148439386	ID:15	[LIST] Quarantine: (none)
148439447	ID:10	[LIST] Quarantine: (none)
148440607	ID:17	[LIST] Neighbors: 26,19,16,10,24,29,25,30
148442892	ID:15	[LIST] Blacklist: (none)
148442966	ID:10	[LIST] Blacklist: (none)
148444244	ID:17	[LIST] Quarantine: (none)
148447740	ID:17	[LIST] Blacklist: (none)
148448986	ID:15	FUZZRID,DET,19,768,768,0,0,0,0,0,0,5,0,0,0
148449060	ID:10	FUZZRID,DET,19,768,768,0,0,0,0,0,0,8,0,0,0
148453873	ID:17	FUZZRID,DET,19,768,768,0,0,0,0,0,0,7,0,0,0
148485321	ID:5	[HFS] ra=0 si=0 cx=49 ac=0
148490118	ID:5	[LIST] Neighbors: 19,20,30,6,2,12
148493756	ID:5	[LIST] Quarantine: (none)
148497252	ID:5	[LIST] Blacklist: (none)
148503486	ID:5	FUZZRID,DET,19,768,768,0,0,0,0,0,0,15,0,0,0
148511271	ID:6	[HFS] ra=0 si=0 cx=49 ac=0
148516954	ID:6	[LIST] Neighbors: 19,17,20,16,30,2,12,5
148520402	ID:11	[HFS] ra=0 si=0 cx=49 ac=0
148520591	ID:6	[LIST] Quarantine: (none)
148524098	ID:6	[LIST] Blacklist: (none)
148525491	ID:11	[LIST] Neighbors: 15,26,30,22,20,19
148529129	ID:11	[LIST] Quarantine: (none)
148530331	ID:6	FUZZRID,DET,19,768,768,0,0,0,0,0,0,11,0,0,0
148532625	ID:11	[LIST] Blacklist: (none)
148538719	ID:11	FUZZRID,DET,19,768,768,0,0,0,0,0,0,4,0,0,0
148541837	ID:20	[HFS] ra=0 si=0 cx=49 ac=0
148547486	ID:20	[LIST] Neighbors: 26,30,19,6,12,5,22,11
148551123	ID:20	[LIST] Quarantine: (none)
148554620	ID:20	[LIST] Blacklist: (none)
148560714	ID:20	FUZZRID,DET,19,768,768,0,0,0,0,0,0,6,0,0,0
148598851	ID:25	[HFS] ra=0 si=0 cx=49 ac=0
148604647	ID:25	[LIST] Neighbors: 15,26,17,10,30,9,16,29
148608283	ID:25	[LIST] Quarantine: (none)
148611798	ID:25	[LIST] Blacklist: (none)
148617890	ID:25	FUZZRID,DET,26,822,822,0,0,0,0,0,0,5,0,0,0
148641623	ID:11	[HFS] ra=0 si=0 cx=49 ac=0
148646713	ID:11	[LIST] Neighbors: 15,26,30,22,20,19
148650350	ID:11	[LIST] Quarantine: (none)
148653847	ID:11	[LIST] Blacklist: (none)
148658815	ID:19	[HFS] ra=0 si=0 cx=49 ac=0
148659939	ID:11	FUZZRID,DET,26,822,822,0,0,0,0,0,0,4,0,0,0
148664637	ID:19	[LIST] Neighbors: 15,26,17,30,20,5,25,16
148668274	ID:19	[LIST] Quarantine: (none)
148671770	ID:19	[LIST] Blacklist: (none)
148678001	ID:19	FUZZRID,DET,26,822,822,0,0,0,0,0,0,11,0,0,0
148680106	ID:22	[HFS] ra=0 si=0 cx=49 ac=0
148684769	ID:22	[LIST] Neighbors: 15,26,11,20,27
148684799	ID:15	[HFS] ra=0 si=0 cx=49 ac=0
148687562	ID:17	[HFS] ra=0 si=0 cx=49 ac=0
148688406	ID:22	[LIST] Quarantine: (none)
148689888	ID:15	[LIST] Neighbors: 28,26,22,19,25,11
148691905	ID:22	[LIST] Blacklist: (none)
148693525	ID:17	[LIST] Neighbors: 26,19,16,10,24,29,25,30
148693526	ID:15	[LIST] Quarantine: (none)
148697023	ID:15	[LIST] Blacklist: (none)
148697161	ID:17	[LIST] Quarantine: (none)
148697997	ID:22	FUZZRID,DET,26,822,822,0,0,0,0,0,0,7,0,0,0
148700658	ID:17	[LIST] Blacklist: (none)
148703121	ID:15	FUZZRID,DET,26,822,822,0,0,0,0,0,0,5,0,0,0
148706750	ID:17	FUZZRID,DET,26,822,822,0,0,0,0,0,0,9,0,0,0
151811034	ID:24	[HFS] ra=0 si=0 cx=38 ac=0
151815977	ID:24	[LIST] Neighbors: 17,16,18,10,13,8
151819614	ID:24	[LIST] Quarantine: (none)
151823111	ID:24	[LIST] Blacklist: (none)
151829706	ID:24	FUZZRID,DET,13,2742,2742,0,0,0,0,0,0,34,0,0,0
151926907	ID:3	[HFS] ra=0 si=0 cx=42 ac=0
151930572	ID:3	[LIST] Neighbors: 31,4,14
151934208	ID:3	[LIST] Quarantine: (none)
151937706	ID:3	[LIST] Blacklist: (none)
151944159	ID:3	FUZZRID,DET,4,1047,1047,0,0,0,0,0,0,29,0,0,0
151987158	ID:21	[HFS] ra=0 si=0 cx=38 ac=0
151990840	ID:21	[LIST] Neighbors: 28,4,31
151994477	ID:21	[LIST] Quarantine: (none)
151997974	ID:21	[LIST] Blacklist: (none)
152004038	ID:14	[HFS] ra=0 si=0 cx=43 ac=0
152004427	ID:21	FUZZRID,DET,4,1047,1047,0,0,0,0,0,0,33,0,0,0
152008116	ID:14	[LIST] Neighbors: 31,4,7,9,3
152011753	ID:14	[LIST] Quarantine: (none)
152015249	ID:14	[LIST] Blacklist: (none)
152017102	ID:9	[HFS] ra=0 si=0 cx=49 ac=0
152021702	ID:14	FUZZRID,DET,4,1047,1047,0,0,0,0,0,0,28,0,0,0
152022311	ID:9	[LIST] Neighbors: 4,25,29,10,7,23,14
152025947	ID:9	[LIST] Quarantine: (none)
152029446	ID:9	[LIST] Blacklist: (none)
152035900	ID:9	FUZZRID,DET,4,1047,1047,0,0,0,0,0,0,11,0,0,0
152038121	ID:7	[HFS] ra=0 si=0 cx=41 ac=0
152042478	ID:7	[LIST] Neighbors: 4,23,29,9,14
152046115	ID:7	[LIST] Quarantine: (none)
152049611	ID:7	[LIST] Blacklist: (none)
152056083	ID:7	FUZZRID,DET,4,1047,1047,0,0,0,0,0,0,30,0,0,0
152861451	ID:5	[HFS] ra=0 si=0 cx=49 ac=0
152866248	ID:5	[LIST] Neighbors: 19,20,30,6,2,12
152869885	ID:5	[LIST] Quarantine: (none)
152873382	ID:5	[LIST] Blacklist: (none)
152873992	ID:12	[HFS] ra=0 si=0 cx=49 ac=0
152878217	ID:12	[LIST] Neighbors: 20,5,30,6,2
152879977	ID:5	FUZZRID,DET,20,1214,1214,0,0,0,0,0,0,10,0,0,0
152881854	ID:12	[LIST] Quarantine: (none)
152885350	ID:12	[LIST] Blacklist: (none)
152891806	ID:12	FUZZRID,DET,20,1214,1214,0,0,0,0,0,0,3,0,0,0
152892231	ID:11	[HFS] ra=0 si=0 cx=49 ac=0
152892438	ID:6	[HFS] ra=0 si=0 cx=49 ac=0
152897320	ID:11	[LIST] Neighbors: 15,26,30,22,20,19
152898122	ID:6	[LIST] Neighbors: 19,17,20,16,30,2,12,5
152900958	ID:11	[LIST] Quarantine: (none)
152901758	ID:6	[LIST] Quarantine: (none)
152904455	ID:11	[LIST] Blacklist: (none)
152905255	ID:6	[LIST] Blacklist: (none)
152910048	ID:19	[HFS] ra=0 si=0 cx=49 ac=0
152910911	ID:11	FUZZRID,DET,20,1214,1214,0,0,0,0,0,0,3,0,0,0
152911710	ID:6	FUZZRID,DET,20,1214,1214,0,0,0,0,0,0,6,0,0,0
152915844	ID:19	[LIST] Neighbors: 15,26,17,30,20,5,25,16
152919481	ID:19	[LIST] Quarantine: (none)
152922978	ID:19	[LIST] Blacklist: (none)
152929442	ID:19	FUZZRID,DET,20,1214,1214,0,0,0,0,0,0,8,0,0,0
152930383	ID:22	[HFS] ra=0 si=0 cx=49 ac=0
152935046	ID:22	[LIST] Neighbors: 15,26,11,20,27
152938683	ID:22	[LIST] Quarantine: (none)
152942184	ID:22	[LIST] Blacklist: (none)
152948639	ID:22	FUZZRID,DET,20,1214,1214,0,0,0,0,0,0,4,0,0,0
153334813	ID:17	[PKT-TX] DATA bytes=13  seq=1 
153409938	ID:9	[PKT-TX] DATA bytes=12  seq=1 
153621799	ID:1	[PKT-RX] DATA bytes=12 from=9 seq=1
153681540	ID:10	[PKT-TX] DATA bytes=13  seq=1 
153734789	ID:5	[HFS] ra=0 si=0 cx=49 ac=0
153739598	ID:5	[LIST] Neighbors: 19,20,30,6,2,12
153743236	ID:5	[LIST] Quarantine: (none)
153746734	ID:5	[LIST] Blacklist: (none)
153752967	ID:5	FUZZRID,DET,19,768,768,0,0,0,0,0,0,16,0,0,0
153760489	ID:6	[HFS] ra=0 si=0 cx=49 ac=0
153766172	ID:6	[LIST] Neighbors: 19,17,20,16,30,2,12,5
153769809	ID:6	[LIST] Quarantine: (none)
153773306	ID:6	[LIST] Blacklist: (none)
153779539	ID:6	FUZZRID,DET,19,768,768,0,0,0,0,0,0,11,0,0,0
153791058	ID:16	[HFS] ra=0 si=0 cx=49 ac=0
153791059	ID:20	[HFS] ra=0 si=0 cx=49 ac=0
153796708	ID:16	[LIST] Neighbors: 19,17,30,24,29,25,2,8
153796710	ID:20	[LIST] Neighbors: 26,30,19,6,12,5,22,11
153800346	ID:20	[LIST] Quarantine: (none)
153800363	ID:16	[LIST] Quarantine: (none)
153803843	ID:20	[LIST] Blacklist: (none)
153803859	ID:16	[LIST] Blacklist: (none)
153807426	ID:10	[HFS] ra=0 si=0 cx=49 ac=0
153807728	ID:17	[HFS] ra=0 si=0 cx=49 ac=0
153808346	ID:15	[HFS] ra=0 si=0 cx=49 ac=0
153809937	ID:20	FUZZRID,DET,19,768,768,0,0,0,0,0,0,6,0,0,0
153809954	ID:16	FUZZRID,DET,19,768,768,0,0,0,0,0,0,7,0,0,0
153813223	ID:10	[LIST] Neighbors: 19,25,17,16,9,24,29,30
153813435	ID:15	[LIST] Neighbors: 28,26,22,19,25,11
153813704	ID:17	[LIST] Neighbors: 26,19,16,10,24,29,25,30
153816859	ID:10	[LIST] Quarantine: (none)
153817073	ID:15	[LIST] Quarantine: (none)
153817340	ID:17	[LIST] Quarantine: (none)
153820356	ID:10	[LIST] Blacklist: (none)
153820569	ID:15	[LIST] Blacklist: (none)
153820837	ID:17	[LIST] Blacklist: (none)
153826452	ID:10	FUZZRID,DET,19,768,768,0,0,0,0,0,0,9,0,0,0
153826684	ID:15	FUZZRID,DET,19,768,768,0,0,0,0,0,0,5,0,0,0
153826931	ID:17	FUZZRID,DET,19,768,768,0,0,0,0,0,0,8,0,0,0
154756958	ID:14	[HFS] ra=0 si=0 cx=49 ac=0
154761048	ID:14	[LIST] Neighbors: 31,4,7,9,3
154764685	ID:14	[LIST] Quarantine: (none)
154768182	ID:14	[LIST] Blacklist: (none)
154774638	ID:14	FUZZRID,DET,9,1490,1490,0,0,0,0,0,0,13,0,0,0
154782820	ID:4	[HFS] ra=0 si=0 cx=49 ac=0
154787375	ID:7	[HFS] ra=0 si=0 cx=49 ac=0
154787897	ID:4	[LIST] Neighbors: 28,9,31,7,3,14,21
154791534	ID:4	[LIST] Quarantine: (none)
154791765	ID:7	[LIST] Neighbors: 4,23,29,9,14
154795031	ID:4	[LIST] Blacklist: (none)
154795403	ID:7	[LIST] Quarantine: (none)
154798899	ID:7	[LIST] Blacklist: (none)
154801502	ID:4	FUZZRID,DET,9,1490,1490,0,0,0,0,0,0,14,0,0,0
154805354	ID:7	FUZZRID,DET,9,1490,1490,0,0,0,0,0,0,10,0,0,0
154824757	ID:23	[HFS] ra=0 si=0 cx=49 ac=0
154827863	ID:23	[LIST] Neighbors: 7,9
154831500	ID:23	[LIST] Quarantine: (none)
154834997	ID:23	[LIST] Blacklist: (none)
154841452	ID:23	FUZZRID,DET,9,1490,1490,0,0,0,0,0,0,11,0,0,0
155029839	ID:1	[PKT-RX] DATA bytes=13 from=17 seq=1
155161463	ID:1	[PKT-RX] DATA bytes=13 from=10 seq=1
155638382	ID:8	[PKT-TX] DATA bytes=12  seq=1 
155787336	ID:19	[HFS] ra=0 si=0 cx=49 ac=0
155790831	ID:20	[HFS] ra=0 si=0 cx=49 ac=0
155793132	ID:19	[LIST] Neighbors: 15,26,17,30,20,5,25,16
155796480	ID:20	[LIST] Neighbors: 26,30,19,6,12,5,22,11
155796769	ID:19	[LIST] Quarantine: (none)
155800132	ID:20	[LIST] Quarantine: (none)
155800266	ID:19	[LIST] Blacklist: (none)
155803629	ID:20	[LIST] Blacklist: (none)
155806583	ID:19	FUZZRID,DET,5,1536,1536,0,0,0,0,0,0,9,0,0,0
155809946	ID:20	FUZZRID,DET,5,1536,1536,0,0,0,0,0,0,6,0,0,0
155974393	ID:3	[PKT-TX] DATA bytes=12  seq=1 
156124082	ID:1	[PKT-RX] DATA bytes=12 from=3 seq=1
156707943	ID:1	[PKT-RX] DATA bytes=12 from=8 seq=1
158687742	ID:8	[PKT-RTT] seq=1,rtt_delay_ms=1523
159675123	ID:18	[PKT-TX] DATA bytes=13  seq=1 
159787616	ID:19	[HFS] ra=0 si=0 cx=49 ac=0
159793446	ID:19	[LIST] Neighbors: 15,26,17,30,20,5,25,16
159797083	ID:19	[LIST] Quarantine: (none)
159800590	ID:19	[LIST] Blacklist: (none)
159807185	ID:19	FUZZRID,DET,17,1104,1104,0,0,0,0,0,0,15,0,0,0
160068877	ID:1	[PKT-RX] DATA bytes=13 from=18 seq=1
160583139	ID:19	[PKT-TX] DATA bytes=13  seq=1 
160614684	ID:13	[HFS] ra=0 si=0 cx=49 ac=0
160618068	ID:13	[LIST] Neighbors: 24,18
160621728	ID:13	[LIST] Quarantine: (none)
160625224	ID:13	[LIST] Blacklist: (none)
160631683	ID:13	FUZZRID,DET,24,1590,1590,0,0,0,0,0,0,6,0,0,0
160636051	ID:18	[HFS] ra=0 si=0 cx=49 ac=0
160639436	ID:18	[LIST] Neighbors: 24,13
160643073	ID:18	[LIST] Quarantine: (none)
160646569	ID:18	[LIST] Blacklist: (none)
160653033	ID:18	FUZZRID,DET,24,1590,1590,0,0,0,0,0,0,9,0,0,0
160692563	ID:1	[PKT-RX] DATA bytes=13 from=19 seq=1
160692991	ID:8	[HFS] ra=0 si=0 cx=49 ac=0
160697788	ID:8	[LIST] Neighbors: 17,16,30,6,2,24
160701425	ID:8	[LIST] Quarantine: (none)
160704922	ID:8	[LIST] Blacklist: (none)
160711380	ID:8	FUZZRID,DET,24,1590,1590,0,0,0,0,0,0,9,0,0,0
160742341	ID:13	[PKT-TX] DATA bytes=13  seq=1 
161072272	ID:5	[PKT-TX] DATA bytes=12  seq=1 
161192242	ID:1	[PKT-RX] DATA bytes=13 from=13 seq=1
161374225	ID:12	[HFS] ra=0 si=0 cx=49 ac=0
161378449	ID:12	[LIST] Neighbors: 20,5,30,6,2
161382087	ID:12	[LIST] Quarantine: (none)
161385583	ID:12	[LIST] Blacklist: (none)
161388480	ID:6	[HFS] ra=0 si=0 cx=49 ac=0
161392039	ID:12	FUZZRID,DET,5,1561,1561,0,0,0,0,0,0,12,0,0,0
161394138	ID:6	[LIST] Neighbors: 19,17,20,16,30,2,12,5
161397775	ID:6	[LIST] Quarantine: (none)
161401271	ID:6	[LIST] Blacklist: (none)
161407610	ID:6	FUZZRID,DET,5,1561,1561,0,0,0,0,0,0,9,0,0,0
161409267	ID:19	[HFS] ra=0 si=0 cx=49 ac=0
161415063	ID:19	[LIST] Neighbors: 15,26,17,30,20,5,25,16
161417902	ID:20	[HFS] ra=0 si=0 cx=49 ac=0
161418700	ID:19	[LIST] Quarantine: (none)
161422196	ID:19	[LIST] Blacklist: (none)
161423552	ID:20	[LIST] Neighbors: 26,30,19,6,12,5,22,11
161427188	ID:20	[LIST] Quarantine: (none)
161428661	ID:19	FUZZRID,DET,5,1561,1561,0,0,0,0,0,0,12,0,0,0
161430685	ID:20	[LIST] Blacklist: (none)
161437024	ID:20	FUZZRID,DET,5,1561,1561,0,0,0,0,0,0,7,0,0,0
161537441	ID:25	[PKT-TX] DATA bytes=13  seq=1 
161821926	ID:1	[PKT-RX] DATA bytes=13 from=25 seq=1
161970889	ID:25	[PKT-RTT] seq=1,rtt_delay_ms=210
162320403	ID:31	[ATK-DBG] t=161s warm-up true_rank=768 (not attacking yet)
162428051	ID:3	[HFS] ra=0 si=0 cx=49 ac=0
162431715	ID:3	[LIST] Neighbors: 31,4,14
162435351	ID:3	[LIST] Quarantine: (none)
162438848	ID:3	[LIST] Blacklist: (none)
162444943	ID:3	FUZZRID,DET,31,768,768,0,0,0,0,0,0,6,0,0,0
162569211	ID:1	[PKT-RX] DATA bytes=12 from=5 seq=1
162762464	ID:24	[PKT-TX] DATA bytes=13  seq=1 
162855987	ID:5	[PKT-RTT] seq=1,rtt_delay_ms=890
162895458	ID:23	[PKT-TX] DATA bytes=13  seq=1 
163246978	ID:1	[PKT-RX] DATA bytes=13 from=23 seq=1
163297899	ID:4	[PKT-TX] DATA bytes=12  seq=1 
163487311	ID:5	[HFS] ra=0 si=0 cx=49 ac=0
163492136	ID:5	[LIST] Neighbors: 19,20,30,6,2,12
163495775	ID:5	[LIST] Quarantine: (none)
163499271	ID:5	[LIST] Blacklist: (none)
163505725	ID:5	FUZZRID,DET,12,1668,1668,0,0,0,0,0,0,7,0,0,0
163873893	ID:1	[PKT-RX] DATA bytes=12 from=4 seq=1
164490753	ID:13	[HFS] ra=0 si=0 cx=49 ac=0
164494170	ID:13	[LIST] Neighbors: 24,18
164497807	ID:13	[LIST] Quarantine: (none)
164501323	ID:13	[LIST] Blacklist: (none)
164507778	ID:13	FUZZRID,DET,18,1861,1861,0,0,0,0,0,0,1,0,0,0
164528599	ID:4	[PKT-RTT] seq=1,rtt_delay_ms=609
164559487	ID:24	[HFS] ra=0 si=0 cx=49 ac=0
164564430	ID:24	[LIST] Neighbors: 17,16,18,10,13,8
164568067	ID:24	[LIST] Quarantine: (none)
164571564	ID:24	[LIST] Blacklist: (none)
164578019	ID:24	FUZZRID,DET,18,1861,1861,0,0,0,0,0,0,2,0,0,0
164695267	ID:23	[PKT-RTT] seq=1,rtt_delay_ms=898
165518517	ID:9	[HFS] ra=0 si=0 cx=49 ac=0
165523726	ID:9	[LIST] Neighbors: 4,25,29,10,7,23,14
165527363	ID:9	[LIST] Quarantine: (none)
165530860	ID:9	[LIST] Blacklist: (none)
165537172	ID:9	FUZZRID,DET,7,1283,1283,0,0,0,0,0,0,8,0,0,0
166454596	ID:16	[PKT-TX] DATA bytes=13  seq=1 
166870898	ID:1	[PKT-RX] DATA bytes=13 from=16 seq=1
167685357	ID:24	[HFS] ra=0 si=0 cx=37 ac=0
167690315	ID:24	[LIST] Neighbors: 17,16,18,10,13,8
167693954	ID:24	[LIST] Quarantine: (none)
167697450	ID:24	[LIST] Blacklist: (none)
167704075	ID:24	FUZZRID,DET,13,2139,2139,0,0,0,0,0,0,35,0,0,0
167765241	ID:6	[HFS] ra=0 si=0 cx=49 ac=0
167770891	ID:6	[LIST] Neighbors: 19,17,20,16,30,2,12,5
167773237	ID:2	[HFS] ra=0 si=0 cx=49 ac=0
167774528	ID:6	[LIST] Quarantine: (none)
167777908	ID:2	[LIST] Neighbors: 16,5,30,6,12,8
167778024	ID:6	[LIST] Blacklist: (none)
167781545	ID:2	[LIST] Quarantine: (none)
167784477	ID:6	FUZZRID,DET,12,1668,1668,0,0,0,0,0,0,0,0,0,0
167785042	ID:2	[LIST] Blacklist: (none)
167790389	ID:20	[HFS] ra=0 si=0 cx=49 ac=0
167791495	ID:2	FUZZRID,DET,12,1668,1668,0,0,0,0,0,0,0,0,0,0
167796039	ID:20	[LIST] Neighbors: 26,30,19,6,12,5,22,11
167799675	ID:20	[LIST] Quarantine: (none)
167803172	ID:20	[LIST] Blacklist: (none)
167809625	ID:20	FUZZRID,DET,12,1668,1668,0,0,0,0,0,0,2,0,0,0
167862570	ID:5	[HFS] ra=0 si=0 cx=49 ac=0
167867367	ID:5	[LIST] Neighbors: 19,20,30,6,2,12
167871005	ID:5	[LIST] Quarantine: (none)
167874502	ID:5	[LIST] Blacklist: (none)
167880956	ID:5	FUZZRID,DET,12,1668,1668,0,0,0,0,0,0,6,0,0,0
168013607	ID:6	[HFS] ra=0 si=0 cx=49 ac=0
168019277	ID:6	[LIST] Neighbors: 19,17,20,16,30,2,12,5
168022914	ID:6	[LIST] Quarantine: (none)
168026411	ID:6	[LIST] Blacklist: (none)
168033043	ID:6	FUZZRID,DET,17,1024,1024,0,0,0,0,0,0,12,0,0,0
168036164	ID:19	[HFS] ra=0 si=0 cx=49 ac=0
168039287	ID:16	[HFS] ra=0 si=0 cx=49 ac=0
168041960	ID:19	[LIST] Neighbors: 15,26,17,30,20,5,25,16
168044937	ID:16	[LIST] Neighbors: 19,17,30,24,29,25,2,8
168045597	ID:19	[LIST] Quarantine: (none)
168048574	ID:16	[LIST] Quarantine: (none)
168049094	ID:19	[LIST] Blacklist: (none)
168052070	ID:16	[LIST] Blacklist: (none)
168055687	ID:19	FUZZRID,DET,17,1024,1024,0,0,0,0,0,0,11,0,0,0
168056481	ID:10	[HFS] ra=0 si=0 cx=49 ac=0
168058524	ID:16	FUZZRID,DET,17,1024,1024,0,0,0,0,0,0,8,0,0,0
168060448	ID:24	[HFS] ra=0 si=0 cx=49 ac=0
168062277	ID:10	[LIST] Neighbors: 19,25,17,16,9,24,29,30
168065391	ID:24	[LIST] Neighbors: 17,16,18,10,13,8
168065913	ID:10	[LIST] Quarantine: (none)
168069029	ID:24	[LIST] Quarantine: (none)
168069035	ID:8	[HFS] ra=0 si=0 cx=49 ac=0
168069410	ID:10	[LIST] Blacklist: (none)
168072525	ID:24	[LIST] Blacklist: (none)
168073832	ID:8	[LIST] Neighbors: 17,16,30,6,2,24
168075864	ID:10	FUZZRID,DET,17,1024,1024,0,0,0,0,0,0,9,0,0,0
168077470	ID:8	[LIST] Quarantine: (none)
168079119	ID:24	FUZZRID,DET,17,1024,1024,0,0,0,0,0,0,17,0,0,0
168080966	ID:8	[LIST] Blacklist: (none)
168087446	ID:8	FUZZRID,DET,17,1024,1024,0,0,0,0,0,0,9,0,0,0
168099421	ID:25	[HFS] ra=0 si=0 cx=49 ac=0
168105217	ID:25	[LIST] Neighbors: 15,26,17,10,30,9,16,29
168108861	ID:25	[LIST] Quarantine: (none)
168112358	ID:25	[LIST] Blacklist: (none)
168118951	ID:25	FUZZRID,DET,17,1024,1024,0,0,0,0,0,0,12,0,0,0
168486856	ID:5	[HFS] ra=0 si=0 cx=49 ac=0
168491653	ID:5	[LIST] Neighbors: 19,20,30,6,2,12
168495290	ID:5	[LIST] Quarantine: (none)
168498789	ID:5	[LIST] Blacklist: (none)
168505019	ID:5	FUZZRID,DET,19,800,800,0,0,0,0,0,0,16,0,0,0
168512779	ID:6	[HFS] ra=0 si=0 cx=49 ac=0
168517762	ID:11	[HFS] ra=0 si=0 cx=49 ac=0
168518439	ID:6	[LIST] Neighbors: 19,17,20,16,30,2,12,5
168522075	ID:6	[LIST] Quarantine: (none)
168522853	ID:11	[LIST] Neighbors: 15,26,30,22,20,19
168525572	ID:6	[LIST] Blacklist: (none)
168526491	ID:11	[LIST] Quarantine: (none)
168530008	ID:11	[LIST] Blacklist: (none)
168531802	ID:6	FUZZRID,DET,19,800,800,0,0,0,0,0,0,11,0,0,0
168536099	ID:11	FUZZRID,DET,19,800,800,0,0,0,0,0,0,4,0,0,0
168538484	ID:16	[HFS] ra=0 si=0 cx=49 ac=0
168544144	ID:16	[LIST] Neighbors: 19,17,30,24,29,25,2,8
168546056	ID:20	[HFS] ra=0 si=0 cx=49 ac=0
168547781	ID:16	[LIST] Quarantine: (none)
168551278	ID:16	[LIST] Blacklist: (none)
168551706	ID:20	[LIST] Neighbors: 26,30,19,6,12,5,22,11
168555343	ID:20	[LIST] Quarantine: (none)
168557369	ID:16	FUZZRID,DET,19,800,800,0,0,0,0,0,0,7,0,0,0
168558840	ID:20	[LIST] Blacklist: (none)
168560863	ID:10	[HFS] ra=0 si=0 cx=49 ac=0
168564931	ID:20	FUZZRID,DET,19,800,800,0,0,0,0,0,0,6,0,0,0
168566659	ID:10	[LIST] Neighbors: 19,25,17,16,9,24,29,30
168570295	ID:10	[LIST] Quarantine: (none)
168573820	ID:10	[LIST] Blacklist: (none)
168579911	ID:10	FUZZRID,DET,19,800,800,0,0,0,0,0,0,8,0,0,0
169308401	ID:21	[PKT-TX] DATA bytes=13  seq=1 
169324926	ID:1	[PKT-RX] DATA bytes=13 from=21 seq=1
169955610	ID:11	[PKT-TX] DATA bytes=13  seq=1 
170568662	ID:1	[PKT-RX] DATA bytes=13 from=11 seq=1
171643208	ID:11	[HFS] ra=0 si=0 cx=49 ac=0
171648298	ID:11	[LIST] Neighbors: 15,26,30,22,20,19
171651936	ID:11	[LIST] Quarantine: (none)
171655433	ID:11	[LIST] Blacklist: (none)
171661527	ID:11	FUZZRID,DET,22,768,768,0,0,0,0,0,0,8,0,0,0
171665648	ID:20	[HFS] ra=0 si=0 cx=49 ac=0
171671298	ID:20	[LIST] Neighbors: 26,30,19,6,12,5,22,11
171674935	ID:20	[LIST] Quarantine: (none)
171678431	ID:20	[LIST] Blacklist: (none)
171681964	ID:15	[HFS] ra=0 si=0 cx=49 ac=0
171684526	ID:20	FUZZRID,DET,22,768,768,0,0,0,0,0,0,4,0,0,0
171687053	ID:15	[LIST] Neighbors: 28,26,22,19,25,11
171690691	ID:15	[LIST] Quarantine: (none)
171694188	ID:15	[LIST] Blacklist: (none)
171700289	ID:15	FUZZRID,DET,22,768,768,0,0,0,0,0,0,3,0,0,0
172432419	ID:22	[PKT-TX] DATA bytes=13  seq=1 
172509006	ID:1	[PKT-RX] DATA bytes=13 from=22 seq=1
173354867	ID:15	[PKT-TX] DATA bytes=13  seq=1 
173371337	ID:1	[PKT-RX] DATA bytes=13 from=15 seq=1
173547950	ID:12	[PKT-TX] DATA bytes=13  seq=1 
173822073	ID:1	[PKT-RX] DATA bytes=13 from=12 seq=1
174521726	ID:14	[PKT-TX] DATA bytes=13  seq=1 
174622662	ID:1	[PKT-RX] DATA bytes=13 from=14 seq=1
174845160	ID:7	[PKT-TX] DATA bytes=12  seq=1 
174942171	ID:6	[PKT-TX] DATA bytes=12  seq=1 
174953174	ID:2	[PKT-TX] DATA bytes=12  seq=1 
174995807	ID:1	[PKT-RX] DATA bytes=12 from=7 seq=1
175066438	ID:1	[PKT-RX] DATA bytes=12 from=6 seq=1
175384566	ID:6	[PKT-RTT] seq=1,rtt_delay_ms=218
175691332	ID:20	[PKT-TX] DATA bytes=13  seq=1 
175829180	ID:1	[PKT-RX] DATA bytes=12 from=2 seq=1
176067835	ID:1	[PKT-RX] DATA bytes=13 from=20 seq=1
177555374	ID:10	[HFS] ra=0 si=0 cx=49 ac=0
177559378	ID:24	[HFS] ra=0 si=0 cx=49 ac=0
177561193	ID:10	[LIST] Neighbors: 19,25,17,16,9,24,29,30
177564337	ID:24	[LIST] Neighbors: 17,16,18,10,13,8
177564830	ID:10	[LIST] Quarantine: (none)
177567883	ID:8	[HFS] ra=0 si=0 cx=49 ac=0
177567975	ID:24	[LIST] Quarantine: (none)
177568327	ID:10	[LIST] Blacklist: (none)
177571472	ID:24	[LIST] Blacklist: (none)
177572701	ID:8	[LIST] Neighbors: 17,16,30,6,2,24
177574800	ID:10	FUZZRID,DET,17,1024,1024,0,0,0,0,0,0,9,0,0,0
177576339	ID:8	[LIST] Quarantine: (none)
177578101	ID:24	FUZZRID,DET,17,1024,1024,0,0,0,0,0,0,17,0,0,0
177579835	ID:8	[LIST] Blacklist: (none)
177586291	ID:8	FUZZRID,DET,17,1024,1024,0,0,0,0,0,0,9,0,0,0
177598449	ID:25	[HFS] ra=0 si=0 cx=49 ac=0
177604279	ID:25	[LIST] Neighbors: 15,26,17,10,30,9,16,29
177607915	ID:25	[LIST] Quarantine: (none)
177611412	ID:25	[LIST] Blacklist: (none)
177618006	ID:25	FUZZRID,DET,17,1024,1024,0,0,0,0,0,0,12,0,0,0
177636318	ID:6	[HFS] ra=0 si=0 cx=49 ac=0
177642002	ID:6	[LIST] Neighbors: 19,17,20,16,30,2,12,5
177645639	ID:6	[LIST] Quarantine: (none)
177649136	ID:6	[LIST] Blacklist: (none)
177655589	ID:6	FUZZRID,DET,17,1024,1024,0,0,0,0,0,0,8,0,0,0
177659221	ID:19	[HFS] ra=0 si=0 cx=49 ac=0
177662033	ID:16	[HFS] ra=0 si=0 cx=49 ac=0
177665017	ID:19	[LIST] Neighbors: 15,26,17,30,20,5,25,16
177667682	ID:16	[LIST] Neighbors: 19,17,30,24,29,25,2,8
177668654	ID:19	[LIST] Quarantine: (none)
177671319	ID:16	[LIST] Quarantine: (none)
177672151	ID:19	[LIST] Blacklist: (none)
177674816	ID:16	[LIST] Blacklist: (none)
177678744	ID:19	FUZZRID,DET,17,1024,1024,0,0,0,0,0,0,11,0,0,0
177681270	ID:16	FUZZRID,DET,17,1024,1024,0,0,0,0,0,0,8,0,0,0
178875921	ID:12	[HFS] ra=0 si=0 cx=49 ac=0
178880145	ID:12	[LIST] Neighbors: 20,5,30,6,2
178883782	ID:12	[LIST] Quarantine: (none)
178887279	ID:12	[LIST] Blacklist: (none)
178890120	ID:6	[HFS] ra=0 si=0 cx=49 ac=0
178893760	ID:12	FUZZRID,DET,5,1560,1560,0,0,0,0,0,0,12,0,0,0
178895770	ID:6	[LIST] Neighbors: 19,17,20,16,30,2,12,5
178897667	ID:2	[HFS] ra=0 si=0 cx=49 ac=0
178899407	ID:6	[LIST] Quarantine: (none)
178902348	ID:2	[LIST] Neighbors: 16,5,30,6,12,8
178902903	ID:6	[LIST] Blacklist: (none)
178905986	ID:2	[LIST] Quarantine: (none)
178909221	ID:6	FUZZRID,DET,5,1560,1560,0,0,0,0,0,0,9,0,0,0
178909483	ID:2	[LIST] Blacklist: (none)
178911357	ID:19	[HFS] ra=0 si=0 cx=49 ac=0
178915764	ID:20	[HFS] ra=0 si=0 cx=49 ac=0
178915801	ID:2	FUZZRID,DET,5,1560,1560,0,0,0,0,0,0,8,0,0,0
178917153	ID:19	[LIST] Neighbors: 15,26,17,30,20,5,25,16
178920790	ID:19	[LIST] Quarantine: (none)
178921430	ID:20	[LIST] Neighbors: 26,30,19,6,12,5,22,11
178924287	ID:19	[LIST] Blacklist: (none)
178925067	ID:20	[LIST] Quarantine: (none)
178928563	ID:20	[LIST] Blacklist: (none)
178930743	ID:19	FUZZRID,DET,5,1560,1560,0,0,0,0,0,0,12,0,0,0
178934908	ID:20	FUZZRID,DET,5,1560,1560,0,0,0,0,0,0,6,0,0,0
180158372	ID:18	 23043 P 0.0 2 107770 5790183 37245 56356 0 45869 33543 1932431 11041 16689 0 12829 (radio 1.58% / 1.41% tx 0.63% / 0.56% listen 0.95% / 0.84%)
180186466	ID:16	 23043 P 0.0 2 245877 5652003 77613 109168 0 82760 77860 1888097 18067 31060 0 22285 (radio 3.16% / 2.49% tx 1.31% / 0.91% listen 1.85% / 1.57%)
180324541	ID:3	 23043 P 0.0 2 200555 5697399 92442 76294 0 45384 45817 1920180 16642 20959 0 14919 (radio 2.86% / 1.91% tx 1.56% / 0.84% listen 1.29% / 1.06%)
180347197	ID:23	 23043 P 0.0 2 162777 5735194 75537 67561 0 44170 39822 1926169 14198 18610 0 13584 (radio 2.42% / 1.66% tx 1.28% / 0.72% listen 1.14% / 0.94%)
180372870	ID:25	 23043 P 0.0 2 357462 5540418 130574 132786 0 76672 107641 1858335 33993 37269 0 20358 (radio 4.46% / 3.62% tx 2.21% / 1.72% listen 2.25% / 1.89%)
180415342	ID:11	 23043 P 0.0 2 193406 5704271 61825 96272 0 68765 60757 1905174 14475 25637 0 16870 (radio 2.68% / 2.04% tx 1.04% / 0.73% listen 1.63% / 1.30%)
180556635	ID:19	 23043 P 0.0 2 406936 5490999 156684 151781 0 84524 119438 1846549 33483 41638 0 24502 (radio 5.23% / 3.82% tx 2.65% / 1.70% listen 2.57% / 2.11%)
180563206	ID:20	 23043 P 0.0 2 270171 5627638 95843 109762 0 78646 106032 1859857 35592 33174 0 20556 (radio 3.48% / 3.49% tx 1.62% / 1.81% listen 1.86% / 1.68%)
180578825	ID:10	 23043 P 0.0 2 312271 5585723 125477 131143 0 85169 62669 1903360 11458 31485 0 25402 (radio 4.35% / 2.18% tx 2.12% / 0.58% listen 2.22% / 1.60%)
180678673	ID:4	 23043 P 0.0 2 242829 5654905 98673 88066 0 52775 57019 1909032 12440 21897 0 16615 (radio 3.16% / 1.74% tx 1.67% / 0.63% listen 1.49% / 1.11%)
180715159	ID:8	 23043 P 0.0 2 213046 5684796 74305 79553 0 53419 48813 1917131 11238 21438 0 16553 (radio 2.60% / 1.66% tx 1.25% / 0.57% listen 1.34% / 1.09%)
180778402	ID:14	 23043 P 0.0 2 183553 5714303 55816 72773 0 52463 66339 1899556 21978 24417 0 14352 (radio 2.18% / 2.35% tx 0.94% / 1.11% listen 1.23% / 1.24%)
180811050	ID:7	 23043 P 0.0 2 176833 5720973 57145 72252 0 58027 41807 1924081 6671 18518 0 15752 (radio 2.19% / 1.28% tx 0.96% / 0.33% listen 1.22% / 0.94%)
180827243	ID:1	 23045 P 0.0 2 234273 5664197 75538 5822582 0 0 100183 1865794 39322 1926678 0 0 (radio 99.-9367% / 100.-8739% tx 1.28% / 2.00% listen 98.-9395% / 98.-8739%)
180830608	ID:15	 23043 P 0.0 2 274055 5623614 63368 111103 0 56224 105258 1860657 23478 36732 0 14750 (radio 2.95% / 3.06% tx 1.07% / 1.19% listen 1.88% / 1.86%)
180831711	ID:17	 23043 P 0.0 2 342390 5555515 136505 136596 0 87500 142441 1823540 59227 44075 0 23238 (radio 4.63% / 5.25% tx 2.31% / 3.01% listen 2.31% / 2.24%)
180909873	ID:6	 23043 P 0.0 2 187383 5710501 32282 90506 0 76121 71032 1894934 13737 28627 0 22045 (radio 2.08% / 2.15% tx 0.54% / 0.69% listen 1.53% / 1.45%)
180920248	ID:2	 23043 P 0.0 2 187981 5709729 67525 83581 0 59968 51755 1914210 14621 21773 0 16711 (radio 2.56% / 1.85% tx 1.14% / 0.74% listen 1.41% / 1.10%)
180953411	ID:22	 23043 P 0.0 2 178108 5719736 72098 81747 0 59784 53045 1912797 15606 20644 0 16775 (radio 2.60% / 1.84% tx 1.22% / 0.79% listen 1.38% / 1.05%)
181023432	ID:12	 23043 P 0.0 2 245623 5651914 103358 91518 0 54229 44317 1921518 9685 20840 0 17138 (radio 3.30% / 1.55% tx 1.75% / 0.49% listen 1.55% / 1.06%)
181040273	ID:9	 23043 P 0.0 2 293805 5604083 134552 113113 0 65519 82443 1883599 30701 26619 0 16132 (radio 4.19% / 2.91% tx 2.28% / 1.56% listen 1.91% / 1.35%)
181082244	ID:24	 23043 P 0.0 2 379434 5518240 193071 124651 0 54639 62625 1903301 19892 25720 0 17239 (radio 5.38% / 2.32% tx 3.27% / 1.01% listen 2.11% / 1.30%)
181134280	ID:5	 23043 P 0.0 2 357831 5539979 171248 114044 0 56043 81947 1883975 31544 27565 0 16528 (radio 4.83% / 3.00% tx 2.90% / 1.60% listen 1.93% / 1.40%)
181134990	ID:21	 23043 P 0.0 2 136784 5761298 33525 62498 0 41850 45882 1920173 9906 22005 0 14158 (radio 1.62% / 1.62% tx 0.56% / 0.50% listen 1.05% / 1.11%)
181139383	ID:13	 23043 P 0.0 2 126097 5771920 54925 58405 0 46298 34171 1931807 11021 15557 0 12824 (radio 1.92% / 1.35% tx 0.93% / 0.56% listen 0.99% / 0.79%)
182438488	ID:29	[ATK-DBG] t=181s warm-up true_rank=1531 (not attacking yet)
182474903	ID:25	[HFS] ra=0 si=0 cx=49 ac=0
182480726	ID:25	[LIST] Neighbors: 15,26,17,10,30,9,16,29
182484363	ID:25	[LIST] Quarantine: (none)
182487859	ID:25	[LIST] Blacklist: (none)
182494337	ID:25	FUZZRID,DET,29,1531,1531,0,0,0,0,0,0,8,0,0,0
182516155	ID:9	[HFS] ra=0 si=0 cx=49 ac=0
182521387	ID:9	[LIST] Neighbors: 4,25,29,10,7,23,14
182525024	ID:9	[LIST] Quarantine: (none)
182528521	ID:9	[LIST] Blacklist: (none)
182534977	ID:9	FUZZRID,DET,29,1531,1531,0,0,0,0,0,0,9,0,0,0
182537665	ID:7	[HFS] ra=0 si=0 cx=49 ac=0
182538336	ID:16	[HFS] ra=0 si=0 cx=49 ac=0
182542035	ID:7	[LIST] Neighbors: 4,23,29,9,14
182544005	ID:16	[LIST] Neighbors: 19,17,30,24,29,25,2,8
182545673	ID:7	[LIST] Quarantine: (none)
182547641	ID:16	[LIST] Quarantine: (none)
182549169	ID:7	[LIST] Blacklist: (none)
182551138	ID:16	[LIST] Blacklist: (none)
182555538	ID:10	[HFS] ra=0 si=0 cx=49 ac=0
182555625	ID:7	FUZZRID,DET,29,1531,1531,0,0,0,0,0,0,9,0,0,0
182557617	ID:16	FUZZRID,DET,29,1531,1531,0,0,0,0,0,0,5,0,0,0
182559809	ID:17	[HFS] ra=0 si=0 cx=49 ac=0
182561334	ID:10	[LIST] Neighbors: 19,25,17,16,9,24,29,30
182564971	ID:10	[LIST] Quarantine: (none)
182565752	ID:17	[LIST] Neighbors: 26,19,16,10,24,29,25,30
182568467	ID:10	[LIST] Blacklist: (none)
182569388	ID:17	[LIST] Quarantine: (none)
182572885	ID:17	[LIST] Blacklist: (none)
182574939	ID:10	FUZZRID,DET,29,1531,1531,0,0,0,0,0,0,5,0,0,0
182579347	ID:17	FUZZRID,DET,29,1531,1531,0,0,0,0,0,0,8,0,0,0
182685782	ID:14	[PKT-TX] DATA bytes=13  seq=2 
182874357	ID:1	[PKT-RX] DATA bytes=13 from=14 seq=2
184278188	ID:20	[PKT-TX] DATA bytes=13  seq=2 
184444489	ID:1	[PKT-RX] DATA bytes=13 from=20 seq=2
186198938	ID:23	[HFS] ra=0 si=0 cx=49 ac=0
186202025	ID:23	[LIST] Neighbors: 7,9
186205662	ID:23	[LIST] Quarantine: (none)
186209158	ID:23	[LIST] Blacklist: (none)
186215612	ID:23	FUZZRID,DET,9,1450,1450,0,0,0,0,0,0,12,0,0,0
186226428	ID:25	[HFS] ra=0 si=0 cx=49 ac=0
186232224	ID:25	[LIST] Neighbors: 15,26,17,10,30,9,16,29
186235861	ID:25	[LIST] Quarantine: (none)
186239358	ID:25	[LIST] Blacklist: (none)
186245815	ID:25	FUZZRID,DET,9,1450,1450,0,0,0,0,0,0,10,0,0,0
186255294	ID:14	[HFS] ra=0 si=0 cx=49 ac=0
186259372	ID:14	[LIST] Neighbors: 31,4,7,9,3
186263009	ID:14	[LIST] Quarantine: (none)
186266505	ID:14	[LIST] Blacklist: (none)
186272960	ID:14	FUZZRID,DET,9,1450,1450,0,0,0,0,0,0,10,0,0,0
186280926	ID:4	[HFS] ra=0 si=0 cx=49 ac=0
186286003	ID:4	[LIST] Neighbors: 28,9,31,7,3,14,21
186289640	ID:4	[LIST] Quarantine: (none)
186289800	ID:7	[HFS] ra=0 si=0 cx=49 ac=0
186293137	ID:4	[LIST] Blacklist: (none)
186294158	ID:7	[LIST] Neighbors: 4,23,29,9,14
186297795	ID:7	[LIST] Quarantine: (none)
186299592	ID:4	FUZZRID,DET,9,1450,1450,0,0,0,0,0,0,15,0,0,0
186301292	ID:7	[LIST] Blacklist: (none)
186307276	ID:10	[HFS] ra=0 si=0 cx=49 ac=0
186307766	ID:7	FUZZRID,DET,9,1450,1450,0,0,0,0,0,0,11,0,0,0
186313072	ID:10	[LIST] Neighbors: 19,25,17,16,9,24,29,30
186316709	ID:10	[LIST] Quarantine: (none)
186320206	ID:10	[LIST] Blacklist: (none)
186326660	ID:10	FUZZRID,DET,9,1450,1450,0,0,0,0,0,0,15,0,0,0
186619919	ID:22	[PKT-TX] DATA bytes=13  seq=2 
186758067	ID:1	[PKT-RX] DATA bytes=13 from=22 seq=2
188575174	ID:23	[PKT-TX] DATA bytes=13  seq=2 
189124221	ID:1	[PKT-RX] DATA bytes=13 from=23 seq=2
189477636	ID:25	[HFS] ra=0 si=0 cx=49 ac=0
189483432	ID:25	[LIST] Neighbors: 15,26,17,10,30,9,16,29
189487079	ID:25	[LIST] Quarantine: (none)
189490575	ID:25	[LIST] Blacklist: (none)
189497168	ID:25	FUZZRID,DET,17,1024,1024,0,0,0,0,0,0,12,0,0,0
189511263	ID:6	[HFS] ra=0 si=0 cx=49 ac=0
189516947	ID:6	[LIST] Neighbors: 19,17,20,16,30,2,12,5
189520584	ID:6	[LIST] Quarantine: (none)
189524098	ID:6	[LIST] Blacklist: (none)
189530552	ID:6	FUZZRID,DET,17,1024,1024,0,0,0,0,0,0,8,0,0,0
189534024	ID:19	[HFS] ra=0 si=0 cx=49 ac=0
189536953	ID:16	[HFS] ra=0 si=0 cx=49 ac=0
189539820	ID:19	[LIST] Neighbors: 15,26,17,30,20,5,25,16
189542602	ID:16	[LIST] Neighbors: 19,17,30,24,29,25,2,8
189543472	ID:19	[LIST] Quarantine: (none)
189546239	ID:16	[LIST] Quarantine: (none)
189546968	ID:19	[LIST] Blacklist: (none)
189549736	ID:16	[LIST] Blacklist: (none)
189553561	ID:19	FUZZRID,DET,17,1024,1024,0,0,0,0,0,0,11,0,0,0
189554281	ID:10	[HFS] ra=0 si=0 cx=49 ac=0
189556217	ID:16	FUZZRID,DET,17,1024,1024,0,0,0,0,0,0,8,0,0,0
189558147	ID:24	[HFS] ra=0 si=0 cx=49 ac=0
189560077	ID:10	[LIST] Neighbors: 19,25,17,16,9,24,29,30
189563090	ID:24	[LIST] Neighbors: 17,16,18,10,13,8
189563714	ID:10	[LIST] Quarantine: (none)
189566676	ID:8	[HFS] ra=0 si=0 cx=49 ac=0
189566727	ID:24	[LIST] Quarantine: (none)
189567210	ID:10	[LIST] Blacklist: (none)
189570224	ID:24	[LIST] Blacklist: (none)
189571473	ID:8	[LIST] Neighbors: 17,16,30,6,2,24
189573679	ID:10	FUZZRID,DET,17,1024,1024,0,0,0,0,0,0,9,0,0,0
189575111	ID:8	[LIST] Quarantine: (none)
189576842	ID:24	FUZZRID,DET,17,1024,1024,0,0,0,0,0,0,17,0,0,0
189578608	ID:8	[LIST] Blacklist: (none)
189585072	ID:8	FUZZRID,DET,17,1024,1024,0,0,0,0,0,0,9,0,0,0
189736154	ID:5	[HFS] ra=0 si=0 cx=49 ac=0
189740951	ID:5	[LIST] Neighbors: 19,20,30,6,2,12
189744588	ID:5	[LIST] Quarantine: (none)
189748089	ID:5	[LIST] Blacklist: (none)
189754407	ID:5	FUZZRID,DET,2,1581,1581,0,0,0,0,0,0,6,0,0,0
190040105	ID:20	[HFS] ra=0 si=0 cx=49 ac=0
190045755	ID:20	[LIST] Neighbors: 26,30,19,6,12,5,22,11
190049392	ID:20	[LIST] Quarantine: (none)
190052888	ID:20	[LIST] Blacklist: (none)
190057410	ID:15	[HFS] ra=0 si=0 cx=49 ac=0
190058984	ID:20	FUZZRID,DET,19,777,777,0,0,0,0,0,0,5,0,0,0
190062510	ID:15	[LIST] Neighbors: 28,26,22,19,25,11
190066148	ID:15	[LIST] Quarantine: (none)
190069645	ID:15	[LIST] Blacklist: (none)
190075741	ID:15	FUZZRID,DET,19,777,777,0,0,0,0,0,0,5,0,0,0
190112657	ID:5	[HFS] ra=0 si=0 cx=49 ac=0
190117454	ID:5	[LIST] Neighbors: 19,20,30,6,2,12
190121092	ID:5	[LIST] Quarantine: (none)
190124588	ID:5	[LIST] Blacklist: (none)
190130823	ID:5	FUZZRID,DET,19,777,777,0,0,0,0,0,0,11,0,0,0
190137655	ID:6	[HFS] ra=0 si=0 cx=49 ac=0
190142704	ID:11	[HFS] ra=0 si=0 cx=49 ac=0
190143305	ID:6	[LIST] Neighbors: 19,17,20,16,30,2,12,5
190146942	ID:6	[LIST] Quarantine: (none)
190147810	ID:11	[LIST] Neighbors: 15,26,30,22,20,19
190150439	ID:6	[LIST] Blacklist: (none)
190151447	ID:11	[LIST] Quarantine: (none)
190154944	ID:11	[LIST] Blacklist: (none)
190156535	ID:6	FUZZRID,DET,19,777,777,0,0,0,0,0,0,6,0,0,0
190161040	ID:11	FUZZRID,DET,19,777,777,0,0,0,0,0,0,4,0,0,0
190668349	ID:21	[PKT-TX] DATA bytes=13  seq=2 
190684843	ID:1	[PKT-RX] DATA bytes=13 from=21 seq=2
191320513	ID:23	[PKT-RTT] seq=2,rtt_delay_ms=1367
191821375	ID:12	[PKT-TX] DATA bytes=13  seq=2 
192069466	ID:1	[PKT-RX] DATA bytes=13 from=12 seq=2
192225290	ID:30	[ATK-DBG] t=191s warm-up true_rank=1102 (not attacking yet)
192257057	ID:9	[PKT-TX] DATA bytes=12  seq=2 
192285984	ID:19	[HFS] ra=0 si=0 cx=49 ac=0
192291780	ID:19	[LIST] Neighbors: 15,26,17,30,20,5,25,16
192295430	ID:19	[LIST] Quarantine: (none)
192298927	ID:19	[LIST] Blacklist: (none)
192305383	ID:19	FUZZRID,DET,30,1102,1102,0,0,0,0,0,0,7,0,0,0
192621606	ID:1	[PKT-RX] DATA bytes=12 from=9 seq=2
193703271	ID:13	[PKT-TX] DATA bytes=13  seq=2 
194068809	ID:1	[PKT-RX] DATA bytes=13 from=13 seq=2
194149136	ID:2	[HFS] ra=0 si=0 cx=49 ac=0
194153787	ID:2	[LIST] Neighbors: 16,5,30,6,12,8
194157424	ID:2	[LIST] Quarantine: (none)
194160921	ID:2	[LIST] Blacklist: (none)
194166995	ID:16	[HFS] ra=0 si=0 cx=49 ac=0
194167238	ID:2	FUZZRID,DET,8,1363,1363,0,0,0,0,0,0,0,0,0,0
194172645	ID:16	[LIST] Neighbors: 19,17,30,24,29,25,2,8
194176281	ID:16	[LIST] Quarantine: (none)
194179778	ID:16	[LIST] Blacklist: (none)
194183425	ID:24	[HFS] ra=0 si=0 cx=49 ac=0
194186092	ID:16	FUZZRID,DET,8,1363,1363,0,0,0,0,0,0,0,0,0,0
194188368	ID:24	[LIST] Neighbors: 17,16,18,10,13,8
194192005	ID:24	[LIST] Quarantine: (none)
194195502	ID:24	[LIST] Blacklist: (none)
194201837	ID:24	FUZZRID,DET,8,1363,1363,0,0,0,0,0,0,0,0,0,0
195684351	ID:6	[PKT-TX] DATA bytes=12  seq=2 
195822990	ID:1	[PKT-RX] DATA bytes=12 from=6 seq=2
196607680	ID:3	[PKT-TX] DATA bytes=12  seq=2 
196739979	ID:13	[PKT-RTT] seq=2,rtt_delay_ms=1515
196747898	ID:1	[PKT-RX] DATA bytes=12 from=3 seq=2
196758401	ID:6	[PKT-RTT] seq=2,rtt_delay_ms=531
196777410	ID:17	[PKT-TX] DATA bytes=13  seq=2 
196962776	ID:4	[PKT-TX] DATA bytes=12  seq=2 
197123773	ID:1	[PKT-RX] DATA bytes=12 from=4 seq=2
197393090	ID:27	[ATK-DBG] t=197s warm-up true_rank=512 (not attacking yet)
197402701	ID:4	[PKT-RTT] seq=2,rtt_delay_ms=218
197544367	ID:19	[HFS] ra=0 si=0 cx=49 ac=0
197550163	ID:19	[LIST] Neighbors: 15,26,17,30,20,5,25,16
197553802	ID:19	[LIST] Quarantine: (none)
197555040	ID:22	[HFS] ra=0 si=0 cx=49 ac=0
197557298	ID:19	[LIST] Blacklist: (none)
197559703	ID:22	[LIST] Neighbors: 15,26,11,20,27
197563340	ID:22	[LIST] Quarantine: (none)
197563892	ID:19	FUZZRID,DET,20,1226,1226,0,0,0,0,0,0,10,0,0,0
197566837	ID:22	[LIST] Blacklist: (none)
197573318	ID:22	FUZZRID,DET,20,1226,1226,0,0,0,0,0,0,4,0,0,0
197610189	ID:5	[HFS] ra=0 si=0 cx=49 ac=0
197615019	ID:5	[LIST] Neighbors: 19,20,30,6,2,12
197618657	ID:5	[LIST] Quarantine: (none)
197622154	ID:5	[LIST] Blacklist: (none)
197628748	ID:5	FUZZRID,DET,20,1226,1226,0,0,0,0,0,0,11,0,0,0
197636411	ID:6	[HFS] ra=0 si=0 cx=49 ac=0
197640654	ID:11	[HFS] ra=0 si=0 cx=49 ac=0
197642060	ID:6	[LIST] Neighbors: 19,17,20,16,30,2,12,5
197645697	ID:6	[LIST] Quarantine: (none)
197645743	ID:11	[LIST] Neighbors: 15,26,30,22,20,19
197649194	ID:6	[LIST] Blacklist: (none)
197649381	ID:11	[LIST] Quarantine: (none)
197652911	ID:11	[LIST] Blacklist: (none)
197655657	ID:6	FUZZRID,DET,20,1226,1226,0,0,0,0,0,0,2,0,0,0
197659366	ID:11	FUZZRID,DET,20,1226,1226,0,0,0,0,0,0,3,0,0,0
197943487	ID:1	[PKT-RX] DATA bytes=13 from=17 seq=2
198180770	ID:17	[PKT-RTT] seq=2,rtt_delay_ms=695
198534498	ID:18	[PKT-TX] DATA bytes=13  seq=2 
198830040	ID:1	[PKT-RX] DATA bytes=13 from=18 seq=2
199256257	ID:18	[PKT-RTT] seq=2,rtt_delay_ms=359
199644701	ID:2	[HFS] ra=0 si=0 cx=49 ac=0
199649375	ID:2	[LIST] Neighbors: 16,5,30,6,12,8
199653013	ID:2	[LIST] Quarantine: (none)
199656510	ID:2	[LIST] Blacklist: (none)
199658975	ID:19	[HFS] ra=0 si=0 cx=49 ac=0
199662966	ID:2	FUZZRID,DET,16,1150,1150,0,0,0,0,0,0,5,0,0,0
199664777	ID:19	[LIST] Neighbors: 15,26,17,30,20,5,25,16
199668414	ID:19	[LIST] Quarantine: (none)
199671910	ID:19	[LIST] Blacklist: (none)
199678382	ID:19	FUZZRID,DET,16,1150,1150,0,0,0,0,0,0,7,0,0,0
199679462	ID:10	[HFS] ra=0 si=0 cx=49 ac=0
199683226	ID:24	[HFS] ra=0 si=0 cx=49 ac=0
199683886	ID:17	[HFS] ra=0 si=0 cx=49 ac=0
199685258	ID:10	[LIST] Neighbors: 19,25,17,16,9,24,29,30
199688169	ID:24	[LIST] Neighbors: 17,16,18,10,13,8
199688895	ID:10	[LIST] Quarantine: (none)
199689828	ID:17	[LIST] Neighbors: 26,19,16,10,24,29,25,30
199691681	ID:8	[HFS] ra=0 si=0 cx=49 ac=0
199691807	ID:24	[LIST] Quarantine: (none)
199692406	ID:10	[LIST] Blacklist: (none)
199693465	ID:17	[LIST] Quarantine: (none)
199695303	ID:24	[LIST] Blacklist: (none)
199696478	ID:8	[LIST] Neighbors: 17,16,30,6,2,24
199696961	ID:17	[LIST] Blacklist: (none)
199698862	ID:10	FUZZRID,DET,16,1150,1150,0,0,0,0,0,0,6,0,0,0
199700115	ID:8	[LIST] Quarantine: (none)
199701760	ID:24	FUZZRID,DET,16,1150,1150,0,0,0,0,0,0,7,0,0,0
199703421	ID:17	FUZZRID,DET,16,1150,1150,0,0,0,0,0,0,8,0,0,0
199703612	ID:8	[LIST] Blacklist: (none)
199710072	ID:8	FUZZRID,DET,16,1150,1150,0,0,0,0,0,0,5,0,0,0
200033428	ID:4	[HFS] ra=0 si=0 cx=49 ac=0
200038505	ID:4	[LIST] Neighbors: 28,9,31,7,3,14,21
200042152	ID:4	[LIST] Quarantine: (none)
200045649	ID:4	[LIST] Blacklist: (none)
200052102	ID:4	FUZZRID,DET,14,1024,1024,0,0,0,0,0,0,0,0,0,0
200765461	ID:6	[HFS] ra=0 si=0 cx=49 ac=0
200771110	ID:6	[LIST] Neighbors: 19,17,20,16,30,2,12,5
200774747	ID:6	[LIST] Quarantine: (none)
200778244	ID:6	[LIST] Blacklist: (none)
200784592	ID:6	FUZZRID,DET,5,1512,1512,0,0,0,0,0,0,5,0,0,0
201213934	ID:26	[ATK-LAUNCHED] *** ATTACK LAUNCHED *** type=4 stage=1 delta=20 true_rank=869 t=201s
201222164	ID:26	[ATK-FAKE-RANK]  true_rank=869 fake_rank=889 t=11720s
201289466	ID:7	[HFS] ra=0 si=0 cx=41 ac=0
201293835	ID:7	[LIST] Neighbors: 4,23,29,9,14
201297472	ID:7	[LIST] Quarantine: (none)
201300969	ID:7	[LIST] Blacklist: (none)
201306157	ID:22	[HFS] ra=0 si=0 cx=49 ac=0
201307424	ID:7	FUZZRID,DET,4,1056,1056,0,0,0,0,0,0,30,0,0,0
201310820	ID:22	[LIST] Neighbors: 15,26,11,20,27
201314457	ID:22	[LIST] Quarantine: (none)
201317954	ID:22	[LIST] Blacklist: (none)
201324327	ID:22	FUZZRID,DET,26,889,869,20,0,6,25,4,0,7,0,0,0
201434883	ID:24	[HFS] ra=0 si=0 cx=49 ac=0
201434999	ID:17	[HFS] ra=0 si=0 cx=49 ac=0
201439826	ID:24	[LIST] Neighbors: 17,16,18,10,13,8
201440941	ID:17	[LIST] Neighbors: 26,19,16,10,24,29,25,30
201443465	ID:24	[LIST] Quarantine: (none)
201444578	ID:17	[LIST] Quarantine: (none)
201446962	ID:24	[LIST] Blacklist: (none)
201448074	ID:17	[LIST] Blacklist: (none)
201453419	ID:24	FUZZRID,DET,10,1518,1518,0,0,0,0,0,0,9,0,0,0
201454670	ID:17	FUZZRID,DET,10,1518,1518,0,0,0,0,0,0,12,0,0,0
201516585	ID:9	[HFS] ra=0 si=0 cx=49 ac=0
201521807	ID:9	[LIST] Neighbors: 4,25,29,10,7,23,14
201525444	ID:9	[LIST] Quarantine: (none)
201528941	ID:9	[LIST] Blacklist: (none)
201535397	ID:9	FUZZRID,DET,10,1518,1518,0,0,0,0,0,0,9,0,0,0
202138415	ID:8	[PKT-TX] DATA bytes=12  seq=2 
202692530	ID:1	[PKT-RX] DATA bytes=12 from=8 seq=2
203127575	ID:12	[HFS] ra=0 si=0 cx=49 ac=0
203131799	ID:12	[LIST] Neighbors: 20,5,30,6,2
203135436	ID:12	[LIST] Quarantine: (none)
203137258	ID:6	[HFS] ra=0 si=0 cx=49 ac=0
203138933	ID:12	[LIST] Blacklist: (none)
203142908	ID:6	[LIST] Neighbors: 19,17,20,16,30,2,12,5
203145390	ID:12	FUZZRID,DET,5,1512,1512,0,0,0,0,0,0,12,0,0,0
203146545	ID:6	[LIST] Quarantine: (none)
203149180	ID:2	[HFS] ra=0 si=0 cx=49 ac=0
203150041	ID:6	[LIST] Blacklist: (none)
203153831	ID:2	[LIST] Neighbors: 16,5,30,6,12,8
203156360	ID:6	FUZZRID,DET,5,1512,1512,0,0,0,0,0,0,5,0,0,0
203157468	ID:2	[LIST] Quarantine: (none)
203160965	ID:2	[LIST] Blacklist: (none)
203167283	ID:2	FUZZRID,DET,5,1512,1512,0,0,0,0,0,0,8,0,0,0
203519998	ID:11	[HFS] ra=0 si=0 cx=49 ac=0
203525087	ID:11	[LIST] Neighbors: 15,26,30,22,20,19
203528751	ID:11	[LIST] Quarantine: (none)
203532247	ID:11	[LIST] Blacklist: (none)
203538380	ID:11	FUZZRID,DET,22,768,768,0,0,0,0,0,0,7,0,0,0
203790545	ID:16	[HFS] ra=0 si=0 cx=49 ac=0
203796195	ID:16	[LIST] Neighbors: 19,17,30,24,29,25,2,8
203799832	ID:16	[LIST] Quarantine: (none)
203803328	ID:16	[LIST] Blacklist: (none)
203809425	ID:16	FUZZRID,DET,19,794,794,0,0,0,0,0,0,6,0,0,0
204249416	ID:25	[PKT-TX] DATA bytes=13  seq=2 
204566794	ID:1	[PKT-RX] DATA bytes=13 from=25 seq=2
204722201	ID:25	[PKT-RTT] seq=2,rtt_delay_ms=234
205557173	ID:11	[PKT-TX] DATA bytes=13  seq=2 
205557306	ID:17	[HFS] ra=0 si=0 cx=49 ac=0
205560850	ID:19	[PKT-TX] DATA bytes=13  seq=2 
205563283	ID:17	[LIST] Neighbors: 26,19,16,10,24,29,25,30
205566919	ID:17	[LIST] Quarantine: (none)
205570416	ID:17	[LIST] Blacklist: (none)
205576883	ID:17	FUZZRID,DET,16,1143,1143,0,0,0,0,0,0,8,0,0,0
205822715	ID:1	[PKT-RX] DATA bytes=13 from=19 seq=2
205942835	ID:1	[PKT-RX] DATA bytes=13 from=11 seq=2
205954525	ID:7	[PKT-TX] DATA bytes=12  seq=2 
206062548	ID:2	[PKT-TX] DATA bytes=12  seq=2 
206122924	ID:1	[PKT-RX] DATA bytes=12 from=7 seq=2
206246836	ID:24	[PKT-TX] DATA bytes=13  seq=2 
206317541	ID:1	[PKT-RX] DATA bytes=12 from=2 seq=2
206443601	ID:1	[PKT-RX] DATA bytes=13 from=24 seq=2
206807124	ID:24	[PKT-RTT] seq=2,rtt_delay_ms=273
207298360	ID:16	[PKT-TX] DATA bytes=13  seq=2 
207521814	ID:29	[ATK-LAUNCHED] *** ATTACK LAUNCHED *** type=4 stage=1 delta=20 true_rank=1531 t=206s
207530408	ID:29	[ATK-FAKE-RANK]  true_rank=1531 fake_rank=1551 t=11720s
207663668	ID:7	[HFS] ra=0 si=0 cx=49 ac=0
207668025	ID:7	[LIST] Neighbors: 4,23,29,9,14
207671662	ID:7	[LIST] Quarantine: (none)
207675159	ID:7	[LIST] Blacklist: (none)
207681927	ID:7	FUZZRID,DET,29,1551,1531,20,0,6,25,4,0,9,0,0,0
208116289	ID:13	[HFS] ra=0 si=0 cx=49 ac=0
208119672	ID:13	[LIST] Neighbors: 24,18
208123309	ID:13	[LIST] Quarantine: (none)
208126806	ID:13	[LIST] Blacklist: (none)
208133261	ID:13	FUZZRID,DET,24,1395,1395,0,0,0,0,0,0,7,0,0,0
208642490	ID:10	[PKT-TX] DATA bytes=13  seq=2 
208692712	ID:1	[PKT-RX] DATA bytes=13 from=16 seq=2
208722054	ID:15	[PKT-TX] DATA bytes=13  seq=2 
208738525	ID:1	[PKT-RX] DATA bytes=13 from=15 seq=2
208788087	ID:7	[HFS] ra=0 si=0 cx=49 ac=0
208792443	ID:7	[LIST] Neighbors: 4,23,29,9,14
208796081	ID:7	[LIST] Quarantine: (none)
208799577	ID:7	[LIST] Blacklist: (none)
208806035	ID:7	FUZZRID,DET,23,2308,2308,0,0,0,0,0,0,7,0,0,0
209068993	ID:1	[PKT-RX] DATA bytes=13 from=10 seq=2
209505626	ID:28	[ATK-LAUNCHED] *** ATTACK LAUNCHED *** type=4 stage=1 delta=20 true_rank=512 t=208s
209513882	ID:28	[ATK-FAKE-RANK]  true_rank=512 fake_rank=532 t=11720s
210112927	ID:21	[HFS] ra=0 si=0 cx=49 ac=0
210116592	ID:21	[LIST] Neighbors: 28,4,31
210120228	ID:21	[LIST] Quarantine: (none)
210123725	ID:21	[LIST] Blacklist: (none)
210126967	ID:5	[PKT-TX] DATA bytes=12  seq=2 
210130099	ID:21	FUZZRID,DET,28,532,512,20,0,7,25,5,0,0,0,0,0
210692316	ID:1	[PKT-RX] DATA bytes=12 from=5 seq=2
210984094	ID:5	[PKT-RTT] seq=2,rtt_delay_ms=421
211771194	ID:8	[PKT-TX] DATA bytes=12  seq=3 
212069022	ID:1	[PKT-RX] DATA bytes=12 from=8 seq=3
212312295	ID:8	[PKT-RTT] seq=3,rtt_delay_ms=265
212387815	ID:6	[HFS] ra=0 si=0 cx=49 ac=0
212393465	ID:6	[LIST] Neighbors: 19,17,20,16,30,2,12,5
212397102	ID:6	[LIST] Quarantine: (none)
212400598	ID:6	[LIST] Blacklist: (none)
212407052	ID:6	FUZZRID,DET,17,1024,1024,0,0,0,0,0,0,8,0,0,0
212410549	ID:19	[HFS] ra=0 si=0 cx=49 ac=0
212413527	ID:16	[HFS] ra=0 si=0 cx=49 ac=0
212416345	ID:19	[LIST] Neighbors: 15,26,17,30,20,5,25,16
212419177	ID:16	[LIST] Neighbors: 19,17,30,24,29,25,2,8
212420010	ID:19	[LIST] Quarantine: (none)
212422812	ID:16	[LIST] Quarantine: (none)
212423507	ID:19	[LIST] Blacklist: (none)
212426342	ID:16	[LIST] Blacklist: (none)
212430100	ID:19	FUZZRID,DET,17,1024,1024,0,0,0,0,0,0,11,0,0,0
212430602	ID:10	[HFS] ra=0 si=0 cx=49 ac=0
212432796	ID:16	FUZZRID,DET,17,1024,1024,0,0,0,0,0,0,7,0,0,0
212434503	ID:24	[HFS] ra=0 si=0 cx=49 ac=0
212436398	ID:10	[LIST] Neighbors: 19,25,17,16,9,24,29,30
212439477	ID:24	[LIST] Neighbors: 17,16,18,10,13,8
212440034	ID:10	[LIST] Quarantine: (none)
212443108	ID:8	[HFS] ra=0 si=0 cx=49 ac=0
212443114	ID:24	[LIST] Quarantine: (none)
212443531	ID:10	[LIST] Blacklist: (none)
212446612	ID:24	[LIST] Blacklist: (none)
212447905	ID:8	[LIST] Neighbors: 17,16,30,6,2,24
212449985	ID:10	FUZZRID,DET,17,1024,1024,0,0,0,0,0,0,8,0,0,0
212451543	ID:8	[LIST] Quarantine: (none)
212453240	ID:24	FUZZRID,DET,17,1024,1024,0,0,0,0,0,0,12,0,0,0
212455052	ID:8	[LIST] Blacklist: (none)
212461507	ID:8	FUZZRID,DET,17,1024,1024,0,0,0,0,0,0,8,0,0,0
212473656	ID:25	[HFS] ra=0 si=0 cx=49 ac=0
212479468	ID:25	[LIST] Neighbors: 15,26,17,10,30,9,16,29
212483104	ID:25	[LIST] Quarantine: (none)
212486601	ID:25	[LIST] Blacklist: (none)
212493078	ID:25	FUZZRID,DET,17,1024,1024,0,0,0,0,0,0,8,0,0,0
212933121	ID:24	[HFS] ra=0 si=0 cx=36 ac=0
212938078	ID:24	[LIST] Neighbors: 17,16,18,10,13,8
212941716	ID:24	[LIST] Quarantine: (none)
212945212	ID:24	[LIST] Blacklist: (none)
212951837	ID:24	FUZZRID,DET,13,2134,2134,0,0,0,0,0,0,36,0,0,0
213008843	ID:18	[HFS] ra=0 si=0 cx=46 ac=0
213012227	ID:18	[LIST] Neighbors: 24,13
213015864	ID:18	[LIST] Quarantine: (none)
213019360	ID:18	[LIST] Blacklist: (none)
213025976	ID:18	FUZZRID,DET,13,2134,2134,0,0,0,0,0,0,24,0,0,0
213379986	ID:14	[HFS] ra=0 si=0 cx=49 ac=0
213384090	ID:14	[LIST] Neighbors: 31,4,7,9,3
213387727	ID:14	[LIST] Quarantine: (none)
213391225	ID:14	[LIST] Blacklist: (none)
213394015	ID:9	[HFS] ra=0 si=0 cx=49 ac=0
213397537	ID:14	FUZZRID,DET,7,1283,1283,0,0,0,0,0,0,3,0,0,0
213399224	ID:9	[LIST] Neighbors: 4,25,29,10,7,23,14
213402861	ID:9	[LIST] Quarantine: (none)
213406165	ID:4	[HFS] ra=0 si=0 cx=49 ac=0
213406358	ID:9	[LIST] Blacklist: (none)
213411242	ID:4	[LIST] Neighbors: 28,9,31,7,3,14,21
213412704	ID:9	FUZZRID,DET,7,1283,1283,0,0,0,0,0,0,7,0,0,0
213414878	ID:4	[LIST] Quarantine: (none)
213418375	ID:4	[LIST] Blacklist: (none)
213424688	ID:4	FUZZRID,DET,7,1283,1283,0,0,0,0,0,0,8,0,0,0
213447696	ID:23	[HFS] ra=0 si=0 cx=49 ac=0
213450774	ID:23	[LIST] Neighbors: 7,9
213454410	ID:23	[LIST] Quarantine: (none)
213456485	ID:22	[PKT-TX] DATA bytes=13  seq=3 
213457907	ID:23	[LIST] Blacklist: (none)
213464186	ID:18	[PKT-TX] DATA bytes=13  seq=3 
213464359	ID:23	FUZZRID,DET,7,1283,1283,0,0,0,0,0,0,11,0,0,0
213506686	ID:1	[PKT-RX] DATA bytes=13 from=22 seq=3
213952233	ID:1	[PKT-RX] DATA bytes=13 from=18 seq=3
214381327	ID:18	[PKT-RTT] seq=3,rtt_delay_ms=453
215488196	ID:20	[PKT-TX] DATA bytes=13  seq=3 
215492008	ID:13	[HFS] ra=0 si=0 cx=49 ac=0
215495394	ID:13	[LIST] Neighbors: 24,18
215499031	ID:13	[LIST] Quarantine: (none)
215502527	ID:13	[LIST] Blacklist: (none)
215509001	ID:13	FUZZRID,DET,18,1870,1870,0,0,0,0,0,0,1,0,0,0
215569419	ID:1	[PKT-RX] DATA bytes=13 from=20 seq=3
216041024	ID:5	[PKT-TX] DATA bytes=12  seq=3 
216064952	ID:11	[PKT-TX] DATA bytes=13  seq=3 
216191629	ID:1	[PKT-RX] DATA bytes=13 from=11 seq=3
216822962	ID:1	[PKT-RX] DATA bytes=12 from=5 seq=3
218656568	ID:28	[ATK-FAKE-RANK]  true_rank=512 fake_rank=552 t=11720s
218677953	ID:1	[HFS] ra=0 si=0 cx=49 ac=0
218682190	ID:1	[LIST] Neighbors: 21,27,28,15
218682565	ID:15	[HFS] ra=0 si=0 cx=49 ac=0
218685827	ID:1	[LIST] Quarantine: (none)
218687654	ID:15	[LIST] Neighbors: 28,26,22,19,25,11
218689324	ID:1	[LIST] Blacklist: (none)
218691292	ID:15	[LIST] Quarantine: (none)
218694789	ID:15	[LIST] Blacklist: (none)
218695976	ID:1	FUZZRID,DET,28,552,512,40,0,15,60,10,0,0,0,0,0
218701472	ID:15	FUZZRID,DET,28,552,512,40,0,15,60,10,0,0,0,0,0
218737463	ID:21	[HFS] ra=0 si=0 cx=49 ac=0
218741128	ID:21	[LIST] Neighbors: 28,4,31
218744764	ID:21	[LIST] Quarantine: (none)
218748261	ID:21	[LIST] Blacklist: (none)
218754775	ID:21	FUZZRID,DET,28,552,512,40,0,15,60,5,0,0,0,0,0
218780749	ID:4	[HFS] ra=0 si=0 cx=49 ac=0
218785826	ID:4	[LIST] Neighbors: 28,9,31,7,3,14,21
218789462	ID:4	[LIST] Quarantine: (none)
218792991	ID:4	[LIST] Blacklist: (none)
218799644	ID:4	FUZZRID,DET,28,552,512,40,0,15,60,10,0,2,0,0,0
219482715	ID:5	[PKT-RTT] seq=3,rtt_delay_ms=1718
225537344	ID:14	[PKT-TX] DATA bytes=13  seq=3 
225571715	ID:7	[PKT-TX] DATA bytes=12  seq=3 
226061168	ID:1	[PKT-RX] DATA bytes=13 from=14 seq=3
226372544	ID:1	[PKT-RX] DATA bytes=12 from=7 seq=3
227775288	ID:10	[PKT-TX] DATA bytes=13  seq=3 
227942935	ID:1	[PKT-RX] DATA bytes=13 from=10 seq=3
228302389	ID:10	[PKT-RTT] seq=3,rtt_delay_ms=257
228723416	ID:6	[PKT-TX] DATA bytes=12  seq=3 
228830468	ID:1	[PKT-RX] DATA bytes=12 from=6 seq=3
228886727	ID:9	[PKT-TX] DATA bytes=12  seq=3 
229101603	ID:2	[PKT-TX] DATA bytes=12  seq=3 
229121598	ID:1	[PKT-RX] DATA bytes=12 from=9 seq=3
229495894	ID:21	[PKT-TX] DATA bytes=13  seq=3 
229510163	ID:6	[PKT-RTT] seq=3,rtt_delay_ms=390
229512362	ID:1	[PKT-RX] DATA bytes=13 from=21 seq=3
229829180	ID:1	[PKT-RX] DATA bytes=12 from=2 seq=3
230370484	ID:15	[PKT-TX] DATA bytes=13  seq=3 
230386952	ID:1	[PKT-RX] DATA bytes=13 from=15 seq=3
230660160	ID:17	[PKT-TX] DATA bytes=13  seq=3 
230822317	ID:1	[PKT-RX] DATA bytes=13 from=17 seq=3
231056150	ID:17	[PKT-RTT] seq=3,rtt_delay_ms=195
231668704	ID:24	[PKT-TX] DATA bytes=13  seq=3 
231825148	ID:23	[PKT-TX] DATA bytes=13  seq=3 
231942716	ID:1	[PKT-RX] DATA bytes=13 from=24 seq=3
232958742	ID:3	[PKT-TX] DATA bytes=12  seq=3 
233054884	ID:24	[PKT-RTT] seq=3,rtt_delay_ms=687
233165312	ID:16	[HFS] ra=0 si=0 cx=49 ac=0
233170962	ID:16	[LIST] Neighbors: 19,17,30,24,29,25,2,8
233174599	ID:16	[LIST] Quarantine: (none)
233178095	ID:16	[LIST] Blacklist: (none)
233184550	ID:16	FUZZRID,DET,17,1070,1070,0,0,0,0,0,0,7,0,0,0
233313516	ID:4	[PKT-TX] DATA bytes=12  seq=3 
233497682	ID:1	[PKT-RX] DATA bytes=12 from=4 seq=3
233872095	ID:1	[PKT-RX] DATA bytes=12 from=3 seq=3
234153207	ID:4	[PKT-RTT] seq=3,rtt_delay_ms=414
234591288	ID:27	[ATK-LAUNCHED] *** ATTACK LAUNCHED *** type=4 stage=1 delta=20 true_rank=512 t=234s
234599552	ID:27	[ATK-FAKE-RANK]  true_rank=512 fake_rank=532 t=11720s
234620726	ID:1	[HFS] ra=0 si=0 cx=49 ac=0
234624996	ID:1	[LIST] Neighbors: 21,27,28,15
234628633	ID:1	[LIST] Quarantine: (none)
234632130	ID:1	[LIST] Blacklist: (none)
234638504	ID:1	FUZZRID,DET,27,532,512,20,0,7,25,5,0,0,0,0,0
234681716	ID:22	[HFS] ra=0 si=0 cx=49 ac=0
234684397	ID:15	[HFS] ra=0 si=0 cx=49 ac=0
234686379	ID:22	[LIST] Neighbors: 15,26,11,20,27
234689912	ID:15	[LIST] Neighbors: 28,26,22,19,25,11,27
234690016	ID:22	[LIST] Quarantine: (none)
234693513	ID:22	[LIST] Blacklist: (none)
234693549	ID:15	[LIST] Quarantine: (none)
234697046	ID:15	[LIST] Blacklist: (none)
234699887	ID:22	FUZZRID,DET,27,532,512,20,0,7,25,5,0,1,0,0,0
234703419	ID:15	FUZZRID,DET,27,532,512,20,0,7,25,0,0,0,0,0,0
234783840	ID:31	[ATK-LAUNCHED] *** ATTACK LAUNCHED *** type=4 stage=1 delta=20 true_rank=768 t=234s
234792071	ID:31	[ATK-FAKE-RANK]  true_rank=768 fake_rank=788 t=11720s
234872994	ID:1	[PKT-RX] DATA bytes=13 from=23 seq=3
234882963	ID:13	[PKT-TX] DATA bytes=13  seq=3 
235319219	ID:1	[PKT-RX] DATA bytes=13 from=13 seq=3
235988685	ID:13	[PKT-RTT] seq=3,rtt_delay_ms=546
236683985	ID:15	[HFS] ra=0 si=0 cx=49 ac=0
236689500	ID:15	[LIST] Neighbors: 28,26,22,19,25,11,27
236693171	ID:15	[LIST] Quarantine: (none)
236696668	ID:15	[LIST] Blacklist: (none)
236702759	ID:15	FUZZRID,DET,11,829,829,0,0,0,0,0,0,0,0,0,0
236791700	ID:20	[HFS] ra=0 si=0 cx=49 ac=0
236797350	ID:20	[LIST] Neighbors: 26,30,19,6,12,5,22,11
236800987	ID:20	[LIST] Quarantine: (none)
236804483	ID:20	[LIST] Blacklist: (none)
236810609	ID:20	FUZZRID,DET,11,829,829,0,0,0,0,0,0,2,0,0,0
237478033	ID:16	[PKT-TX] DATA bytes=13  seq=3 
237693087	ID:1	[PKT-RX] DATA bytes=13 from=16 seq=3
238313563	ID:12	[PKT-TX] DATA bytes=13  seq=3 
238420194	ID:25	[PKT-TX] DATA bytes=13  seq=3 
238570388	ID:1	[PKT-RX] DATA bytes=13 from=25 seq=3
238896260	ID:19	[PKT-TX] DATA bytes=13  seq=3 
238941139	ID:1	[PKT-RX] DATA bytes=13 from=12 seq=3
239068170	ID:1	[PKT-RX] DATA bytes=13 from=19 seq=3
239641830	ID:11	[HFS] ra=0 si=0 cx=49 ac=0
239646953	ID:11	[LIST] Neighbors: 15,26,30,22,20,19
239650591	ID:11	[LIST] Quarantine: (none)
239654088	ID:11	[LIST] Blacklist: (none)
239660183	ID:11	FUZZRID,DET,22,788,788,0,0,0,0,0,0,3,0,0,0
239668646	ID:20	[HFS] ra=0 si=0 cx=49 ac=0
239674296	ID:20	[LIST] Neighbors: 26,30,19,6,12,5,22,11
239677933	ID:20	[LIST] Quarantine: (none)
239681429	ID:20	[LIST] Blacklist: (none)
239687524	ID:20	FUZZRID,DET,22,788,788,0,0,0,0,0,0,4,0,0,0
240158403	ID:18	 30723 P 0.0 3 147767 7716111 51750 77081 0 59104 39996 1925928 14505 20725 0 13235 (radio 1.63% / 1.79% tx 0.65% / 0.73% listen 0.98% / 1.05%)
240186734	ID:16	 30723 P 0.0 3 323111 7540474 97290 142886 0 107871 77233 1888471 19677 33718 0 25111 (radio 3.05% / 2.71% tx 1.23% / 1.00% listen 1.81% / 1.71%)
240324597	ID:3	 30723 P 0.0 3 231387 7632517 101117 94760 0 60226 30831 1935118 8675 18466 0 14842 (radio 2.49% / 1.38% tx 1.28% / 0.44% listen 1.20% / 0.93%)
240347197	ID:23	 30723 P 0.0 3 209936 7653897 94635 89576 0 57264 47158 1918703 19098 22015 0 13094 (radio 2.34% / 2.09% tx 1.20% / 0.97% listen 1.13% / 1.11%)
240373199	ID:25	 30723 P 0.0 3 468024 7395597 177515 178640 0 102784 110561 1855179 46941 45854 0 26112 (radio 4.52% / 4.72% tx 2.25% / 2.38% listen 2.27% / 2.33%)
240416701	ID:20	[HFS] ra=0 si=0 cx=49 ac=0
240419654	ID:11	 30723 P 0.0 3 279153 7584697 96769 128183 0 87335 85746 1880426 34944 31911 0 18570 (radio 2.86% / 3.40% tx 1.23% / 1.77% listen 1.63% / 1.62%)
240422350	ID:20	[LIST] Neighbors: 26,30,19,6,12,5,22,11
240425987	ID:20	[LIST] Quarantine: (none)
240429484	ID:20	[LIST] Blacklist: (none)
240435827	ID:20	FUZZRID,DET,6,1069,1069,0,0,0,0,0,0,1,0,0,0
240441974	ID:8	[HFS] ra=0 si=0 cx=49 ac=0
240446771	ID:8	[LIST] Neighbors: 17,16,30,6,2,24
240450408	ID:8	[LIST] Quarantine: (none)
240453933	ID:8	[LIST] Blacklist: (none)
240460249	ID:8	FUZZRID,DET,6,1069,1069,0,0,0,0,0,0,1,0,0,0
240484610	ID:5	[HFS] ra=0 si=0 cx=49 ac=0
240489407	ID:5	[LIST] Neighbors: 19,20,30,6,2,12
240493044	ID:5	[LIST] Quarantine: (none)
240496551	ID:5	[LIST] Blacklist: (none)
240501630	ID:12	[HFS] ra=0 si=0 cx=49 ac=0
240502866	ID:5	FUZZRID,DET,6,1069,1069,0,0,0,0,0,0,5,0,0,0
240505854	ID:12	[LIST] Neighbors: 20,5,30,6,2
240509492	ID:12	[LIST] Quarantine: (none)
240512988	ID:12	[LIST] Blacklist: (none)
240519325	ID:12	FUZZRID,DET,6,1069,1069,0,0,0,0,0,0,1,0,0,0
240523273	ID:2	[HFS] ra=0 si=0 cx=49 ac=0
240527924	ID:2	[LIST] Neighbors: 16,5,30,6,12,8
240531562	ID:2	[LIST] Quarantine: (none)
240535058	ID:2	[LIST] Blacklist: (none)
240541399	ID:2	FUZZRID,DET,6,1069,1069,0,0,0,0,0,0,0,0,0,0
240564730	ID:19	 30724 P 0.0 3 557652 7306268 209868 206463 0 108416 150715 1815269 53184 54682 0 23892 (radio 5.29% / 5.48% tx 2.66% / 2.70% listen 2.62% / 2.78%)
240579034	ID:10	 30723 P 0.0 3 385699 7478311 149816 169563 0 114317 73426 1892588 24339 38420 0 29148 (radio 4.06% / 3.19% tx 1.90% / 1.23% listen 2.15% / 1.95%)
240583304	ID:20	 30725 P 0.0 3 328940 7535522 109899 135457 0 98448 58768 1907884 14056 25695 0 19802 (radio 3.11% / 2.02% tx 1.39% / 0.71% listen 1.72% / 1.30%)
240678953	ID:4	 30723 P 0.0 3 289064 7574736 107559 110000 0 69194 46234 1919831 8886 21934 0 16419 (radio 2.76% / 1.56% tx 1.36% / 0.45% listen 1.39% / 1.11%)
240715439	ID:8	 30723 P 0.0 3 263454 7600362 88571 100404 0 68842 50407 1915566 14266 20851 0 15423 (radio 2.40% / 1.78% tx 1.12% / 0.72% listen 1.27% / 1.06%)
240778402	ID:14	 30723 P 0.0 3 239260 7624539 74366 96393 0 66435 55706 1910236 18550 23620 0 13972 (radio 2.17% / 2.14% tx 0.94% / 0.94% listen 1.22% / 1.20%)
240811313	ID:7	 30723 P 0.0 3 222713 7640903 68009 92294 0 73514 45879 1919930 10864 20042 0 15487 (radio 2.03% / 1.57% tx 0.86% / 0.55% listen 1.17% / 1.01%)
240827521	ID:1	 30725 P 0.0 3 357725 7506690 129644 7734509 0 0 123450 1842493 54106 1911925 0 0 (radio 99.-9731% / 100.-8739% tx 1.64% / 2.75% listen 98.-9796% / 97.-8714%)
240834343	ID:15	 30723 P 0.0 3 428440 7435379 121009 166883 0 75768 154384 1811765 57641 55780 0 19544 (radio 3.66% / 5.76% tx 1.53% / 2.93% listen 2.12% / 2.83%)
240836552	ID:17	 30723 P 0.0 3 503366 7360532 211084 193957 0 113018 160975 1805017 74579 57361 0 25518 (radio 5.15% / 6.71% tx 2.68% / 3.79% listen 2.46% / 2.91%)
240910158	ID:6	 30723 P 0.0 3 246354 7617526 44279 119112 0 99684 58970 1907025 11997 28606 0 23563 (radio 2.07% / 2.06% tx 0.56% / 0.61% listen 1.51% / 1.45%)
240920248	ID:2	 30723 P 0.0 3 227245 7636479 74351 103094 0 76403 39263 1926750 6826 19513 0 16435 (radio 2.25% / 1.33% tx 0.94% / 0.34% listen 1.31% / 0.99%)
240953705	ID:22	 30723 P 0.0 3 228884 7634717 89203 104920 0 76530 50775 1914981 17105 23173 0 16746 (radio 2.46% / 2.04% tx 1.13% / 0.87% listen 1.33% / 1.17%)
241023683	ID:12	 30723 P 0.0 3 275102 7588367 107098 109269 0 70181 29478 1936453 3740 17751 0 15952 (radio 2.75% / 1.09% tx 1.36% / 0.19% listen 1.38% / 0.90%)
241040265	ID:9	 30723 P 0.0 3 362223 7501711 159052 141134 0 83627 68417 1897628 24500 28021 0 18108 (radio 3.81% / 2.67% tx 2.02% / 1.24% listen 1.79% / 1.42%)
241082233	ID:24	 30723 P 0.0 3 469935 7393757 230473 159263 0 72279 90499 1875517 37402 34612 0 17640 (radio 4.95% / 3.66% tx 2.93% / 1.90% listen 2.02% / 1.76%)
241135285	ID:21	 30723 P 0.0 3 193738 7670412 52789 91167 0 58913 56953 1909114 19264 28669 0 17063 (radio 1.83% / 2.43% tx 0.67% / 0.97% listen 1.15% / 1.45%)
241139382	ID:13	 30723 P 0.0 3 162056 7701800 66571 77129 0 60309 35958 1929880 11646 18724 0 14011 (radio 1.82% / 1.54% tx 0.84% / 0.59% listen 0.98% / 0.95%)
241140153	ID:5	 30723 P 0.0 3 420084 7443907 192682 139084 0 71191 62252 1903928 21434 25040 0 15148 (radio 4.21% / 2.36% tx 2.45% / 1.09% listen 1.76% / 1.27%)
241140184	ID:6	[HFS] ra=0 si=0 cx=49 ac=0
241145834	ID:6	[LIST] Neighbors: 19,17,20,16,30,2,12,5
241148220	ID:2	[HFS] ra=0 si=0 cx=49 ac=0
241149471	ID:6	[LIST] Quarantine: (none)
241152870	ID:2	[LIST] Neighbors: 16,5,30,6,12,8
241152968	ID:6	[LIST] Blacklist: (none)
241156508	ID:2	[LIST] Quarantine: (none)
241159452	ID:6	FUZZRID,DET,12,1614,1614,0,0,0,0,0,0,1,0,0,0
241160005	ID:2	[LIST] Blacklist: (none)
241165517	ID:20	[HFS] ra=0 si=0 cx=49 ac=0
241166457	ID:2	FUZZRID,DET,12,1614,1614,0,0,0,0,0,0,1,0,0,0
241171167	ID:20	[LIST] Neighbors: 26,30,19,6,12,5,22,11
241174804	ID:20	[LIST] Quarantine: (none)
241178300	ID:20	[LIST] Blacklist: (none)
241184768	ID:20	FUZZRID,DET,12,1614,1614,0,0,0,0,0,0,2,0,0,0
241231189	ID:24	[PKT-TX] DATA bytes=13  seq=4 
241442624	ID:1	[PKT-RX] DATA bytes=13 from=24 seq=4
241751016	ID:4	[PKT-TX] DATA bytes=12  seq=4 
241805425	ID:24	[PKT-RTT] seq=4,rtt_delay_ms=281
241871038	ID:1	[PKT-RX] DATA bytes=12 from=4 seq=4
242152729	ID:4	[PKT-RTT] seq=4,rtt_delay_ms=195
242519417	ID:9	[HFS] ra=0 si=0 cx=49 ac=0
242524626	ID:9	[LIST] Neighbors: 4,25,29,10,7,23,14
242528263	ID:9	[LIST] Quarantine: (none)
242531760	ID:9	[LIST] Blacklist: (none)
242531894	ID:4	[HFS] ra=0 si=0 cx=49 ac=0
242536971	ID:4	[LIST] Neighbors: 28,9,31,7,3,14,21
242538216	ID:9	FUZZRID,DET,14,1024,1024,0,0,0,0,0,0,1,0,0,0
242540318	ID:7	[HFS] ra=0 si=0 cx=49 ac=0
242540614	ID:4	[LIST] Quarantine: (none)
242544111	ID:4	[LIST] Blacklist: (none)
242544674	ID:7	[LIST] Neighbors: 4,23,29,9,14
242548312	ID:7	[LIST] Quarantine: (none)
242550565	ID:4	FUZZRID,DET,14,1024,1024,0,0,0,0,0,0,0,0,0,0
242551808	ID:7	[LIST] Blacklist: (none)
242552232	ID:3	[HFS] ra=0 si=0 cx=49 ac=0
242555896	ID:3	[LIST] Neighbors: 31,4,14
242558263	ID:7	FUZZRID,DET,14,1024,1024,0,0,0,0,0,0,1,0,0,0
242559533	ID:3	[LIST] Quarantine: (none)
242563030	ID:3	[LIST] Blacklist: (none)
242569491	ID:3	FUZZRID,DET,14,1024,1024,0,0,0,0,0,0,5,0,0,0
242948072	ID:1	[HFS] ra=0 si=0 cx=49 ac=0
242952308	ID:1	[LIST] Neighbors: 21,27,28,15
242955945	ID:1	[LIST] Quarantine: (none)
242959442	ID:1	[LIST] Blacklist: (none)
242965568	ID:1	FUZZRID,DET,15,512,512,0,0,0,0,0,0,4,0,0,0
242973702	ID:25	[HFS] ra=0 si=0 cx=49 ac=0
242979498	ID:25	[LIST] Neighbors: 15,26,17,10,30,9,16,29
242983135	ID:25	[LIST] Quarantine: (none)
242986659	ID:25	[LIST] Blacklist: (none)
242992752	ID:25	FUZZRID,DET,15,512,512,0,0,0,0,0,0,5,0,0,0
243016317	ID:11	[HFS] ra=0 si=0 cx=49 ac=0
243021440	ID:11	[LIST] Neighbors: 15,26,30,22,20,19
243025078	ID:11	[LIST] Quarantine: (none)
243028574	ID:11	[LIST] Blacklist: (none)
243034411	ID:19	[HFS] ra=0 si=0 cx=49 ac=0
243034669	ID:11	FUZZRID,DET,15,512,512,0,0,0,0,0,0,6,0,0,0
243040207	ID:19	[LIST] Neighbors: 15,26,17,30,20,5,25,16
243043844	ID:19	[LIST] Quarantine: (none)
243047340	ID:19	[LIST] Blacklist: (none)
243053574	ID:19	FUZZRID,DET,15,512,512,0,0,0,0,0,0,14,0,0,0
243054768	ID:22	[HFS] ra=0 si=0 cx=49 ac=0
243059465	ID:22	[LIST] Neighbors: 15,26,11,20,27
243063102	ID:22	[LIST] Quarantine: (none)
243066625	ID:22	[LIST] Blacklist: (none)
243072719	ID:22	FUZZRID,DET,15,512,512,0,0,0,0,0,0,7,0,0,0
243331838	ID:9	[PKT-TX] DATA bytes=12  seq=4 
243497140	ID:1	[PKT-RX] DATA bytes=12 from=9 seq=4
243976666	ID:25	[HFS] ra=0 si=0 cx=49 ac=0
243982462	ID:25	[LIST] Neighbors: 15,26,17,10,30,9,16,29
243986100	ID:25	[LIST] Quarantine: (none)
243989596	ID:25	[LIST] Blacklist: (none)
243996091	ID:25	FUZZRID,DET,9,1433,1433,0,0,0,0,0,0,11,0,0,0
244005684	ID:14	[HFS] ra=0 si=0 cx=49 ac=0
244009789	ID:14	[LIST] Neighbors: 31,4,7,9,3
244013426	ID:14	[LIST] Quarantine: (none)
244016924	ID:14	[LIST] Blacklist: (none)
244023380	ID:14	FUZZRID,DET,9,1433,1433,0,0,0,0,0,0,10,0,0,0
244031651	ID:4	[HFS] ra=0 si=0 cx=49 ac=0
244036759	ID:4	[LIST] Neighbors: 28,9,31,7,3,14,21
244040395	ID:4	[LIST] Quarantine: (none)
244040531	ID:7	[HFS] ra=0 si=0 cx=49 ac=0
244043892	ID:4	[LIST] Blacklist: (none)
244044888	ID:7	[LIST] Neighbors: 4,23,29,9,14
244048550	ID:7	[LIST] Quarantine: (none)
244050382	ID:4	FUZZRID,DET,9,1433,1433,0,0,0,0,0,0,15,0,0,0
244052047	ID:7	[LIST] Blacklist: (none)
244057552	ID:10	[HFS] ra=0 si=0 cx=49 ac=0
244058503	ID:7	FUZZRID,DET,9,1433,1433,0,0,0,0,0,0,12,0,0,0
244063348	ID:10	[LIST] Neighbors: 19,25,17,16,9,24,29,30
244066987	ID:10	[LIST] Quarantine: (none)
244070484	ID:10	[LIST] Blacklist: (none)
244073470	ID:23	[HFS] ra=0 si=0 cx=49 ac=0
244076548	ID:23	[LIST] Neighbors: 7,9
244076940	ID:10	FUZZRID,DET,9,1433,1433,0,0,0,0,0,0,16,0,0,0
244080185	ID:23	[LIST] Quarantine: (none)
244083681	ID:23	[LIST] Blacklist: (none)
244090138	ID:23	FUZZRID,DET,9,1433,1433,0,0,0,0,0,0,12,0,0,0
244499389	ID:12	[HFS] ra=0 si=0 cx=49 ac=0
244503613	ID:12	[LIST] Neighbors: 20,5,30,6,2
244507250	ID:12	[LIST] Quarantine: (none)
244510747	ID:12	[LIST] Blacklist: (none)
244513864	ID:6	[HFS] ra=0 si=0 cx=49 ac=0
244517200	ID:12	FUZZRID,DET,5,1325,1325,0,0,0,0,0,0,18,0,0,0
244519514	ID:6	[LIST] Neighbors: 19,17,20,16,30,2,12,5
244520885	ID:2	[HFS] ra=0 si=0 cx=49 ac=0
244523150	ID:6	[LIST] Quarantine: (none)
244525570	ID:2	[LIST] Neighbors: 16,5,30,6,12,8
244526647	ID:6	[LIST] Blacklist: (none)
244529207	ID:2	[LIST] Quarantine: (none)
244532704	ID:2	[LIST] Blacklist: (none)
244533139	ID:6	FUZZRID,DET,5,1325,1325,0,0,0,0,0,0,11,0,0,0
244534630	ID:19	[HFS] ra=0 si=0 cx=49 ac=0
244539157	ID:2	FUZZRID,DET,5,1325,1325,0,0,0,0,0,0,10,0,0,0
244540426	ID:19	[LIST] Neighbors: 15,26,17,30,20,5,25,16
244543488	ID:20	[HFS] ra=0 si=0 cx=49 ac=0
244544063	ID:19	[LIST] Quarantine: (none)
244547560	ID:19	[LIST] Blacklist: (none)
244549138	ID:20	[LIST] Neighbors: 26,30,19,6,12,5,22,11
244552789	ID:20	[LIST] Quarantine: (none)
244554052	ID:19	FUZZRID,DET,5,1325,1325,0,0,0,0,0,0,11,0,0,0
244556286	ID:20	[LIST] Blacklist: (none)
244562739	ID:20	FUZZRID,DET,5,1325,1325,0,0,0,0,0,0,12,0,0,0
244621853	ID:6	[PKT-TX] DATA bytes=12  seq=4 
244942205	ID:1	[PKT-RX] DATA bytes=12 from=6 seq=4
245286549	ID:23	[PKT-TX] DATA bytes=13  seq=4 
245997603	ID:1	[PKT-RX] DATA bytes=13 from=23 seq=4
246007695	ID:6	[PKT-RTT] seq=4,rtt_delay_ms=687
248014365	ID:30	[ATK-LAUNCHED] *** ATTACK LAUNCHED *** type=4 stage=1 delta=20 true_rank=1096 t=247s
248022959	ID:30	[ATK-FAKE-RANK]  true_rank=1096 fake_rank=1116 t=11720s
248058784	ID:17	[HFS] ra=0 si=0 cx=49 ac=0
248059173	ID:10	[HFS] ra=0 si=0 cx=49 ac=0
248064726	ID:17	[LIST] Neighbors: 26,19,16,10,24,29,25,30
248064969	ID:10	[LIST] Neighbors: 19,25,17,16,9,24,29,30
248066327	ID:8	[HFS] ra=0 si=0 cx=49 ac=0
248068371	ID:17	[LIST] Quarantine: (none)
248068606	ID:10	[LIST] Quarantine: (none)
248071142	ID:8	[LIST] Neighbors: 17,16,30,6,2,24
248071867	ID:17	[LIST] Blacklist: (none)
248072103	ID:10	[LIST] Blacklist: (none)
248074780	ID:8	[LIST] Quarantine: (none)
248078277	ID:8	[LIST] Blacklist: (none)
248078604	ID:17	FUZZRID,DET,30,1116,1096,20,0,7,25,4,0,3,0,0,0
248078840	ID:10	FUZZRID,DET,30,1116,1096,20,0,7,25,5,0,1,0,0,0
248085014	ID:8	FUZZRID,DET,30,1116,1096,20,0,7,25,5,0,1,0,0,0
248101055	ID:25	[HFS] ra=0 si=0 cx=49 ac=0
248106851	ID:25	[LIST] Neighbors: 15,26,17,10,30,9,16,29
248110487	ID:25	[LIST] Quarantine: (none)
248113382	ID:5	[HFS] ra=0 si=0 cx=49 ac=0
248113984	ID:25	[LIST] Blacklist: (none)
248118179	ID:5	[LIST] Neighbors: 19,20,30,6,2,12
248120721	ID:25	FUZZRID,DET,30,1116,1096,20,0,7,25,5,0,0,0,0,0
248121831	ID:5	[LIST] Quarantine: (none)
248125328	ID:5	[LIST] Blacklist: (none)
248125921	ID:12	[HFS] ra=0 si=0 cx=49 ac=0
248130145	ID:12	[LIST] Neighbors: 20,5,30,6,2
248132104	ID:5	FUZZRID,DET,30,1116,1096,20,0,6,25,4,0,6,0,0,0
248133783	ID:12	[LIST] Quarantine: (none)
248135336	ID:6	[HFS] ra=0 si=0 cx=49 ac=0
248137279	ID:12	[LIST] Blacklist: (none)
248140986	ID:6	[LIST] Neighbors: 19,17,20,16,30,2,12,5
248143140	ID:11	[HFS] ra=0 si=0 cx=49 ac=0
248144040	ID:12	FUZZRID,DET,30,1116,1096,20,0,7,25,5,0,1,0,0,0
248144623	ID:6	[LIST] Quarantine: (none)
248147604	ID:2	[HFS] ra=0 si=0 cx=49 ac=0
248148119	ID:6	[LIST] Blacklist: (none)
248148229	ID:11	[LIST] Neighbors: 15,26,30,22,20,19
248151867	ID:11	[LIST] Quarantine: (none)
248152255	ID:2	[LIST] Neighbors: 16,5,30,6,12,8
248154856	ID:6	FUZZRID,DET,30,1116,1096,20,0,7,25,5,0,0,0,0,0
248155364	ID:11	[LIST] Blacklist: (none)
248155892	ID:2	[LIST] Quarantine: (none)
248159389	ID:2	[LIST] Blacklist: (none)
248160832	ID:19	[HFS] ra=0 si=0 cx=49 ac=0
248162127	ID:11	FUZZRID,DET,30,1116,1096,20,0,7,25,5,0,0,0,0,0
248164374	ID:20	[HFS] ra=0 si=0 cx=49 ac=0
248165072	ID:16	[HFS] ra=0 si=0 cx=49 ac=0
248166126	ID:2	FUZZRID,DET,30,1116,1096,20,0,7,25,5,0,0,0,0,0
248166628	ID:19	[LIST] Neighbors: 15,26,17,30,20,5,25,16
248170032	ID:20	[LIST] Neighbors: 26,30,19,6,12,5,22,11
248170290	ID:19	[LIST] Quarantine: (none)
248170722	ID:16	[LIST] Neighbors: 19,17,30,24,29,25,2,8
248173669	ID:20	[LIST] Quarantine: (none)
248173787	ID:19	[LIST] Blacklist: (none)
248174384	ID:16	[LIST] Quarantine: (none)
248177165	ID:20	[LIST] Blacklist: (none)
248177881	ID:16	[LIST] Blacklist: (none)
248180524	ID:19	FUZZRID,DET,30,1116,1096,20,0,6,25,4,0,6,0,0,0
248183924	ID:20	FUZZRID,DET,30,1116,1096,20,0,7,25,5,0,1,0,0,0
248184652	ID:16	FUZZRID,DET,30,1116,1096,20,0,7,25,5,0,1,0,0,0
248289799	ID:7	[HFS] ra=0 si=0 cx=49 ac=0
248294155	ID:7	[LIST] Neighbors: 4,23,29,9,14
248297792	ID:7	[LIST] Quarantine: (none)
248301289	ID:7	[LIST] Blacklist: (none)
248307761	ID:7	FUZZRID,DET,23,2211,2211,0,0,0,0,0,0,7,0,0,0
249013942	ID:25	[PKT-TX] DATA bytes=13  seq=4 
249067663	ID:1	[PKT-RX] DATA bytes=13 from=25 seq=4
249219838	ID:25	[PKT-RTT] seq=4,rtt_delay_ms=101
250948561	ID:18	[PKT-TX] DATA bytes=13  seq=4 
251495894	ID:21	[PKT-TX] DATA bytes=13  seq=4 
251579821	ID:1	[PKT-RX] DATA bytes=13 from=21 seq=4
252249213	ID:12	[HFS] ra=0 si=0 cx=49 ac=0
252253438	ID:12	[LIST] Neighbors: 20,5,30,6,2
252257075	ID:12	[LIST] Quarantine: (none)
252260571	ID:12	[LIST] Blacklist: (none)
252267024	ID:12	FUZZRID,DET,5,1325,1325,0,0,0,0,0,0,19,0,0,0
252567258	ID:1	[PKT-RX] DATA bytes=13 from=18 seq=4
252833925	ID:31	[ATK-FAKE-RANK]  true_rank=768 fake_rank=808 t=11720s
252863896	ID:21	[HFS] ra=0 si=0 cx=49 ac=0
252867561	ID:21	[LIST] Neighbors: 28,4,31
252871198	ID:21	[LIST] Quarantine: (none)
252874695	ID:21	[LIST] Blacklist: (none)
252880773	ID:14	[HFS] ra=0 si=0 cx=49 ac=0
252881346	ID:21	FUZZRID,DET,31,808,768,40,0,15,60,10,0,0,0,0,0
252884851	ID:14	[LIST] Neighbors: 31,4,7,9,3
252888488	ID:14	[LIST] Quarantine: (none)
252891985	ID:14	[LIST] Blacklist: (none)
252898498	ID:14	FUZZRID,DET,31,808,768,40,0,14,60,9,0,5,0,0,0
252907341	ID:4	[HFS] ra=0 si=0 cx=49 ac=0
252912418	ID:4	[LIST] Neighbors: 28,9,31,7,3,14,21
252916054	ID:4	[LIST] Quarantine: (none)
252919551	ID:4	[LIST] Blacklist: (none)
252926228	ID:4	FUZZRID,DET,31,808,768,40,0,15,60,10,0,1,0,0,0
253057137	ID:11	[PKT-TX] DATA bytes=13  seq=4 
253192928	ID:1	[PKT-RX] DATA bytes=13 from=11 seq=4
253391615	ID:11	[PKT-RTT] seq=4,rtt_delay_ms=164
253691403	ID:17	[PKT-TX] DATA bytes=13  seq=4 
253832563	ID:1	[PKT-RX] DATA bytes=13 from=17 seq=4
254526742	ID:15	[PKT-TX] DATA bytes=13  seq=4 
254543212	ID:1	[PKT-RX] DATA bytes=13 from=15 seq=4
254861718	ID:5	[HFS] ra=0 si=0 cx=49 ac=0
254866515	ID:5	[LIST] Neighbors: 19,20,30,6,2,12
254870152	ID:5	[LIST] Quarantine: (none)
254873649	ID:5	[LIST] Blacklist: (none)
254879883	ID:5	FUZZRID,DET,19,773,773,0,0,0,0,0,0,12,0,0,0
254887377	ID:6	[HFS] ra=0 si=0 cx=49 ac=0
254892603	ID:11	[HFS] ra=0 si=0 cx=49 ac=0
254893027	ID:6	[LIST] Neighbors: 19,17,20,16,30,2,12,5
254896664	ID:6	[LIST] Quarantine: (none)
254897693	ID:11	[LIST] Neighbors: 15,26,30,22,20,19
254900161	ID:6	[LIST] Blacklist: (none)
254901331	ID:11	[LIST] Quarantine: (none)
254904827	ID:11	[LIST] Blacklist: (none)
254906257	ID:6	FUZZRID,DET,19,773,773,0,0,0,0,0,0,6,0,0,0
254910923	ID:11	FUZZRID,DET,19,773,773,0,0,0,0,0,0,4,0,0,0
254913413	ID:16	[HFS] ra=0 si=0 cx=49 ac=0
254919062	ID:16	[LIST] Neighbors: 19,17,30,24,29,25,2,8
254922699	ID:16	[LIST] Quarantine: (none)
254926202	ID:16	[LIST] Blacklist: (none)
254930431	ID:10	[HFS] ra=0 si=0 cx=49 ac=0
254932297	ID:16	FUZZRID,DET,19,773,773,0,0,0,0,0,0,6,0,0,0
254934569	ID:17	[HFS] ra=0 si=0 cx=49 ac=0
254935256	ID:15	[HFS] ra=0 si=0 cx=49 ac=0
254936227	ID:10	[LIST] Neighbors: 19,25,17,16,9,24,29,30
254939863	ID:10	[LIST] Quarantine: (none)
254940521	ID:17	[LIST] Neighbors: 26,19,16,10,24,29,25,30
254940772	ID:15	[LIST] Neighbors: 28,26,22,19,25,11,27
254943385	ID:10	[LIST] Blacklist: (none)
254944158	ID:17	[LIST] Quarantine: (none)
254944429	ID:15	[LIST] Quarantine: (none)
254947655	ID:17	[LIST] Blacklist: (none)
254947926	ID:15	[LIST] Blacklist: (none)
254949480	ID:10	FUZZRID,DET,19,773,773,0,0,0,0,0,0,8,0,0,0
254953789	ID:17	FUZZRID,DET,19,773,773,0,0,0,0,0,0,9,0,0,0
254954057	ID:15	FUZZRID,DET,19,773,773,0,0,0,0,0,0,4,0,0,0
255529565	ID:14	[PKT-TX] DATA bytes=13  seq=4 
255621123	ID:1	[PKT-RX] DATA bytes=13 from=14 seq=4
256839758	ID:20	[PKT-TX] DATA bytes=13  seq=4 
256887925	ID:19	[PKT-TX] DATA bytes=13  seq=4 
256941403	ID:1	[PKT-RX] DATA bytes=13 from=20 seq=4
257193384	ID:1	[PKT-RX] DATA bytes=13 from=19 seq=4
257557872	ID:24	[HFS] ra=0 si=0 cx=36 ac=0
257562817	ID:24	[LIST] Neighbors: 17,16,18,10,13,8
257566454	ID:24	[LIST] Quarantine: (none)
257569951	ID:24	[LIST] Blacklist: (none)
257576557	ID:24	FUZZRID,DET,13,2139,2139,0,0,0,0,0,0,36,0,0,0
258541848	ID:19	[PKT-RTT] seq=4,rtt_delay_ms=828
258845221	ID:16	[PKT-TX] DATA bytes=13  seq=4 
259065546	ID:1	[PKT-RX] DATA bytes=13 from=16 seq=4
259280775	ID:4	[HFS] ra=0 si=0 cx=49 ac=0
259285852	ID:4	[LIST] Neighbors: 28,9,31,7,3,14,21
259289489	ID:4	[LIST] Quarantine: (none)
259292991	ID:4	[LIST] Blacklist: (none)
259299085	ID:4	FUZZRID,DET,21,512,512,0,0,0,0,0,0,0,0,0,0
259680758	ID:12	[PKT-TX] DATA bytes=13  seq=4 
259908629	ID:7	[PKT-TX] DATA bytes=12  seq=4 
260122498	ID:1	[PKT-RX] DATA bytes=12 from=7 seq=4
260407720	ID:7	[PKT-RTT] seq=4,rtt_delay_ms=250
260569187	ID:1	[PKT-RX] DATA bytes=13 from=12 seq=4
260712791	ID:10	[PKT-TX] DATA bytes=13  seq=4 
260941629	ID:1	[PKT-RX] DATA bytes=13 from=10 seq=4
262414101	ID:2	[PKT-TX] DATA bytes=12  seq=4 
262691524	ID:1	[PKT-RX] DATA bytes=12 from=2 seq=4
263019418	ID:2	[PKT-RTT] seq=4,rtt_delay_ms=296
264910005	ID:19	[HFS] ra=0 si=0 cx=49 ac=0
264913896	ID:16	[HFS] ra=0 si=0 cx=49 ac=0
264915802	ID:19	[LIST] Neighbors: 15,26,17,30,20,5,25,16
264919451	ID:19	[LIST] Quarantine: (none)
264919564	ID:16	[LIST] Neighbors: 19,17,30,24,29,25,2,8
264922948	ID:19	[LIST] Blacklist: (none)
264923201	ID:16	[LIST] Quarantine: (none)
264926697	ID:16	[LIST] Blacklist: (none)
264929042	ID:19	FUZZRID,DET,25,924,924,0,0,0,0,0,0,7,0,0,0
264930267	ID:10	[HFS] ra=0 si=0 cx=49 ac=0
264930477	ID:15	[HFS] ra=0 si=0 cx=49 ac=0
264932791	ID:16	FUZZRID,DET,25,924,924,0,0,0,0,0,0,2,0,0,0
264935993	ID:15	[LIST] Neighbors: 28,26,22,19,25,11,27
264936064	ID:10	[LIST] Neighbors: 19,25,17,16,9,24,29,30
264939630	ID:15	[LIST] Quarantine: (none)
264939700	ID:10	[LIST] Quarantine: (none)
264943127	ID:15	[LIST] Blacklist: (none)
264943197	ID:10	[LIST] Blacklist: (none)
264949221	ID:15	FUZZRID,DET,25,924,924,0,0,0,0,0,0,1,0,0,0
264949291	ID:10	FUZZRID,DET,25,924,924,0,0,0,0,0,0,3,0,0,0
265001525	ID:12	[HFS] ra=0 si=0 cx=48 ac=0
265005750	ID:12	[LIST] Neighbors: 20,5,30,6,2
265009387	ID:12	[LIST] Quarantine: (none)
265012905	ID:12	[LIST] Blacklist: (none)
265015830	ID:9	[HFS] ra=0 si=0 cx=49 ac=0
265019359	ID:12	FUZZRID,DET,5,1325,1325,0,0,0,0,0,0,21,0,0,0
265021073	ID:9	[LIST] Neighbors: 4,25,29,10,7,23,14
265023012	ID:2	[HFS] ra=0 si=0 cx=49 ac=0
265024709	ID:9	[LIST] Quarantine: (none)
265027663	ID:2	[LIST] Neighbors: 16,5,30,6,12,8
265028206	ID:9	[LIST] Blacklist: (none)
265031301	ID:2	[LIST] Quarantine: (none)
265032700	ID:19	[HFS] ra=0 si=0 cx=49 ac=0
265034321	ID:9	FUZZRID,DET,25,924,924,0,0,0,0,0,0,4,0,0,0
265034797	ID:2	[LIST] Blacklist: (none)
265038518	ID:19	[LIST] Neighbors: 15,26,17,30,20,5,25,16
265041259	ID:2	FUZZRID,DET,5,1325,1325,0,0,0,0,0,0,12,0,0,0
265041264	ID:20	[HFS] ra=0 si=0 cx=49 ac=0
265042155	ID:19	[LIST] Quarantine: (none)
265045651	ID:19	[LIST] Blacklist: (none)
265046914	ID:20	[LIST] Neighbors: 26,30,19,6,12,5,22,11
265050551	ID:20	[LIST] Quarantine: (none)
265052123	ID:19	FUZZRID,DET,5,1325,1325,0,0,0,0,0,0,13,0,0,0
265054048	ID:20	[LIST] Blacklist: (none)
265060362	ID:20	FUZZRID,DET,5,1325,1325,0,0,0,0,0,0,9,0,0,0
265713908	ID:5	[PKT-TX] DATA bytes=12  seq=4 
265823782	ID:1	[PKT-RX] DATA bytes=12 from=5 seq=4
266080856	ID:22	[PKT-TX] DATA bytes=13  seq=4 
266134081	ID:1	[PKT-RX] DATA bytes=13 from=22 seq=4
266281403	ID:13	[PKT-TX] DATA bytes=13  seq=4 
266693877	ID:1	[PKT-RX] DATA bytes=13 from=13 seq=4
267138025	ID:6	[HFS] ra=0 si=0 cx=49 ac=0
267143675	ID:6	[LIST] Neighbors: 19,17,20,16,30,2,12,5
267145872	ID:2	[HFS] ra=0 si=0 cx=49 ac=0
267147312	ID:6	[LIST] Quarantine: (none)
267150557	ID:2	[LIST] Neighbors: 16,5,30,6,12,8
267150808	ID:6	[LIST] Blacklist: (none)
267154194	ID:2	[LIST] Quarantine: (none)
267157265	ID:6	FUZZRID,DET,16,1101,1101,0,0,0,0,0,0,7,0,0,0
267157691	ID:2	[LIST] Blacklist: (none)
267160147	ID:19	[HFS] ra=0 si=0 cx=49 ac=0
267164148	ID:2	FUZZRID,DET,16,1101,1101,0,0,0,0,0,0,9,0,0,0
267165943	ID:19	[LIST] Neighbors: 15,26,17,30,20,5,25,16
267169591	ID:19	[LIST] Quarantine: (none)
267173087	ID:19	[LIST] Blacklist: (none)
267179682	ID:19	FUZZRID,DET,16,1101,1101,0,0,0,0,0,0,10,0,0,0
267180624	ID:10	[HFS] ra=0 si=0 cx=49 ac=0
267184530	ID:24	[HFS] ra=0 si=0 cx=49 ac=0
267184572	ID:17	[HFS] ra=0 si=0 cx=49 ac=0
267186420	ID:10	[LIST] Neighbors: 19,25,17,16,9,24,29,30
267189476	ID:24	[LIST] Neighbors: 17,16,18,10,13,8
267190057	ID:10	[LIST] Quarantine: (none)
267190522	ID:17	[LIST] Neighbors: 26,19,16,10,24,29,25,30
267193038	ID:8	[HFS] ra=0 si=0 cx=49 ac=0
267193114	ID:24	[LIST] Quarantine: (none)
267193553	ID:10	[LIST] Blacklist: (none)
267194159	ID:17	[LIST] Quarantine: (none)
267196611	ID:24	[LIST] Blacklist: (none)
267197655	ID:17	[LIST] Blacklist: (none)
267197841	ID:8	[LIST] Neighbors: 17,16,30,6,2,24
267200149	ID:10	FUZZRID,DET,16,1101,1101,0,0,0,0,0,0,10,0,0,0
267201478	ID:8	[LIST] Quarantine: (none)
267203101	ID:24	FUZZRID,DET,16,1101,1101,0,0,0,0,0,0,6,0,0,0
267204251	ID:17	FUZZRID,DET,16,1101,1101,0,0,0,0,0,0,12,0,0,0
267204976	ID:8	[LIST] Blacklist: (none)
267211471	ID:8	FUZZRID,DET,16,1101,1101,0,0,0,0,0,0,4,0,0,0
267435305	ID:3	[PKT-TX] DATA bytes=12  seq=4 
267622248	ID:1	[PKT-RX] DATA bytes=12 from=3 seq=4
267825908	ID:8	[PKT-TX] DATA bytes=12  seq=4 
268066102	ID:1	[PKT-RX] DATA bytes=12 from=8 seq=4
268366460	ID:13	[HFS] ra=0 si=0 cx=49 ac=0
268369845	ID:13	[LIST] Neighbors: 24,18
268373482	ID:13	[LIST] Quarantine: (none)
268376978	ID:13	[LIST] Blacklist: (none)
268383433	ID:13	FUZZRID,DET,18,1882,1882,0,0,0,0,0,0,1,0,0,0
268435309	ID:24	[HFS] ra=0 si=0 cx=49 ac=0
268440252	ID:24	[LIST] Neighbors: 17,16,18,10,13,8
268443889	ID:24	[LIST] Quarantine: (none)
268447386	ID:24	[LIST] Blacklist: (none)
268453841	ID:24	FUZZRID,DET,18,1882,1882,0,0,0,0,0,0,2,0,0,0
272169632	ID:8	[PKT-TX] DATA bytes=12  seq=5 
272262945	ID:19	[PKT-TX] DATA bytes=13  seq=5 
272316490	ID:1	[PKT-RX] DATA bytes=13 from=19 seq=5
272490937	ID:13	[HFS] ra=0 si=0 cx=49 ac=0
272494321	ID:13	[LIST] Neighbors: 24,18
272497958	ID:13	[LIST] Quarantine: (none)
272501463	ID:13	[LIST] Blacklist: (none)
272507918	ID:13	FUZZRID,DET,24,1372,1372,0,0,0,0,0,0,7,0,0,0
272512251	ID:18	[HFS] ra=0 si=0 cx=49 ac=0
272515651	ID:18	[LIST] Neighbors: 24,13
272519288	ID:18	[LIST] Quarantine: (none)
272522784	ID:18	[LIST] Blacklist: (none)
272529378	ID:18	FUZZRID,DET,24,1372,1372,0,0,0,0,0,0,10,0,0,0
272529654	ID:19	[PKT-RTT] seq=5,rtt_delay_ms=132
272539253	ID:16	[HFS] ra=0 si=0 cx=49 ac=0
272544903	ID:16	[LIST] Neighbors: 19,17,30,24,29,25,2,8
272548545	ID:16	[LIST] Quarantine: (none)
272552042	ID:16	[LIST] Blacklist: (none)
272556809	ID:10	[HFS] ra=0 si=0 cx=49 ac=0
272558496	ID:16	FUZZRID,DET,24,1372,1372,0,0,0,0,0,0,8,0,0,0
272560478	ID:17	[HFS] ra=0 si=0 cx=49 ac=0
272562605	ID:10	[LIST] Neighbors: 19,25,17,16,9,24,29,30
272566242	ID:10	[LIST] Quarantine: (none)
272566420	ID:17	[LIST] Neighbors: 26,19,16,10,24,29,25,30
272569211	ID:8	[HFS] ra=0 si=0 cx=49 ac=0
272569739	ID:10	[LIST] Blacklist: (none)
272570057	ID:17	[LIST] Quarantine: (none)
272573554	ID:17	[LIST] Blacklist: (none)
272574008	ID:8	[LIST] Neighbors: 17,16,30,6,2,24
272576227	ID:10	FUZZRID,DET,24,1372,1372,0,0,0,0,0,0,8,0,0,0
272577675	ID:8	[LIST] Quarantine: (none)
272580008	ID:17	FUZZRID,DET,24,1372,1372,0,0,0,0,0,0,9,0,0,0
272581172	ID:8	[LIST] Blacklist: (none)
272587766	ID:8	FUZZRID,DET,24,1372,1372,0,0,0,0,0,0,10,0,0,0
272917324	ID:11	[PKT-TX] DATA bytes=13  seq=5 
273067774	ID:1	[PKT-RX] DATA bytes=13 from=11 seq=5
273070094	ID:8	[HFS] ra=0 si=0 cx=49 ac=0
273074891	ID:8	[LIST] Neighbors: 17,16,30,6,2,24
273078528	ID:8	[LIST] Quarantine: (none)
273082025	ID:8	[LIST] Blacklist: (none)
273088365	ID:8	FUZZRID,DET,2,1476,1476,0,0,0,0,0,0,1,0,0,0
273112759	ID:5	[HFS] ra=0 si=0 cx=49 ac=0
273117556	ID:5	[LIST] Neighbors: 19,20,30,6,2,12
273121194	ID:5	[LIST] Quarantine: (none)
273124691	ID:5	[LIST] Blacklist: (none)
273125516	ID:12	[HFS] ra=0 si=0 cx=49 ac=0
273129741	ID:12	[LIST] Neighbors: 20,5,30,6,2
273131041	ID:5	FUZZRID,DET,2,1476,1476,0,0,0,0,0,0,7,0,0,0
273133378	ID:12	[LIST] Quarantine: (none)
273136874	ID:12	[LIST] Blacklist: (none)
273139009	ID:6	[HFS] ra=0 si=0 cx=49 ac=0
273143205	ID:12	FUZZRID,DET,2,1476,1476,0,0,0,0,0,0,2,0,0,0
273144659	ID:6	[LIST] Neighbors: 19,17,20,16,30,2,12,5
273148298	ID:6	[LIST] Quarantine: (none)
273151794	ID:6	[LIST] Blacklist: (none)
273158110	ID:6	FUZZRID,DET,2,1476,1476,0,0,0,0,0,0,0,0,0,0
273653188	ID:20	[PKT-TX] DATA bytes=13  seq=5 
274066248	ID:1	[PKT-RX] DATA bytes=13 from=20 seq=5
274316949	ID:1	[PKT-RX] DATA bytes=12 from=8 seq=5
274509213	ID:7	[PKT-TX] DATA bytes=12  seq=5 
274764003	ID:6	[HFS] ra=0 si=0 cx=49 ac=0
274769653	ID:6	[LIST] Neighbors: 19,17,20,16,30,2,12,5
274772035	ID:2	[HFS] ra=0 si=0 cx=49 ac=0
274773290	ID:6	[LIST] Quarantine: (none)
274776687	ID:2	[LIST] Neighbors: 16,5,30,6,12,8
274776786	ID:6	[LIST] Blacklist: (none)
274780324	ID:2	[LIST] Quarantine: (none)
274783251	ID:6	FUZZRID,DET,16,1100,1100,0,0,0,0,0,0,7,0,0,0
274783821	ID:2	[LIST] Blacklist: (none)
274790280	ID:2	FUZZRID,DET,16,1100,1100,0,0,0,0,0,0,9,0,0,0
274810731	ID:24	[HFS] ra=0 si=0 cx=49 ac=0
274815673	ID:24	[LIST] Neighbors: 17,16,18,10,13,8
274819311	ID:24	[LIST] Quarantine: (none)
274819344	ID:8	[HFS] ra=0 si=0 cx=49 ac=0
274822808	ID:24	[LIST] Blacklist: (none)
274824141	ID:8	[LIST] Neighbors: 17,16,30,6,2,24
274827778	ID:8	[LIST] Quarantine: (none)
274829264	ID:24	FUZZRID,DET,16,1100,1100,0,0,0,0,0,0,6,0,0,0
274831275	ID:8	[LIST] Blacklist: (none)
274837731	ID:8	FUZZRID,DET,16,1100,1100,0,0,0,0,0,0,4,0,0,0
274985438	ID:12	[PKT-TX] DATA bytes=13  seq=5 
274997598	ID:1	[PKT-RX] DATA bytes=12 from=7 seq=5
275285970	ID:7	[PKT-RTT] seq=5,rtt_delay_ms=382
275486228	ID:10	[PKT-TX] DATA bytes=13  seq=5 
275692693	ID:1	[PKT-RX] DATA bytes=13 from=12 seq=5
276570361	ID:2	[PKT-TX] DATA bytes=12  seq=5 
277158740	ID:4	[HFS] ra=0 si=0 cx=49 ac=0
277163817	ID:4	[LIST] Neighbors: 28,9,31,7,3,14,21
277167453	ID:4	[LIST] Quarantine: (none)
277170950	ID:4	[LIST] Blacklist: (none)
277177044	ID:4	FUZZRID,DET,21,512,512,0,0,0,0,0,0,0,0,0,0
277199535	ID:1	[HFS] ra=0 si=0 cx=49 ac=0
277203773	ID:1	[LIST] Neighbors: 21,27,28,15
277207410	ID:1	[LIST] Quarantine: (none)
277210907	ID:1	[LIST] Blacklist: (none)
277217001	ID:1	FUZZRID,DET,21,512,512,0,0,0,0,0,0,0,0,0,0
277314622	ID:8	[PKT-RTT] seq=5,rtt_delay_ms=2570
277443027	ID:1	[PKT-RX] DATA bytes=12 from=2 seq=5
277649238	ID:29	[ATK-FAKE-RANK]  true_rank=1619 fake_rank=1571 t=11720s
277850555	ID:25	[HFS] ra=72 si=0 cx=49 ac=94
277856351	ID:25	[LIST] Neighbors: 15,26,17,10,30,9,16,29
277859988	ID:25	[LIST] Quarantine: (none)
277863484	ID:25	[LIST] Blacklist: (none)
277871233	ID:25	FUZZRID,DET,29,1571,1619,-48,0,16,70,10,16,8,0,94,100
277892392	ID:9	[HFS] ra=72 si=0 cx=49 ac=94
277897602	ID:9	[LIST] Neighbors: 4,25,29,10,7,23,14
277901238	ID:9	[LIST] Quarantine: (none)
277904735	ID:9	[LIST] Blacklist: (none)
277912514	ID:9	FUZZRID,DET,29,1571,1619,-48,0,15,70,10,14,9,0,94,100
277913731	ID:7	[HFS] ra=72 si=0 cx=49 ac=94
277914573	ID:16	[HFS] ra=72 si=0 cx=49 ac=94
277918088	ID:7	[LIST] Neighbors: 4,23,29,9,14
277920223	ID:16	[LIST] Neighbors: 19,17,30,24,29,25,2,8
277921725	ID:7	[LIST] Quarantine: (none)
277923859	ID:16	[LIST] Quarantine: (none)
277925229	ID:7	[LIST] Blacklist: (none)
277927356	ID:16	[LIST] Blacklist: (none)
277932977	ID:7	FUZZRID,DET,29,1571,1619,-48,0,16,70,15,16,8,0,94,100
277935104	ID:16	FUZZRID,DET,29,1571,1619,-48,0,16,70,11,16,6,0,94,100
278191663	ID:1	[PKT-RX] DATA bytes=13 from=10 seq=5
278770327	ID:2	[PKT-RTT] seq=5,rtt_delay_ms=1093
280849001	ID:25	[HFS] ra=0 si=0 cx=49 ac=0
280854797	ID:25	[LIST] Neighbors: 15,26,17,10,30,9,16,29
280858434	ID:25	[LIST] Quarantine: (none)
280861938	ID:25	[LIST] Blacklist: (none)
280868394	ID:25	FUZZRID,DET,10,1418,1418,0,0,0,0,0,0,7,0,0,0
280891830	ID:9	[HFS] ra=0 si=0 cx=49 ac=0
280897039	ID:9	[LIST] Neighbors: 4,25,29,10,7,23,14
280900676	ID:9	[LIST] Quarantine: (none)
280904173	ID:9	[LIST] Blacklist: (none)
280910628	ID:9	FUZZRID,DET,10,1418,1418,0,0,0,0,0,0,8,0,0,0
280933947	ID:17	[HFS] ra=0 si=0 cx=49 ac=0
280933998	ID:24	[HFS] ra=0 si=0 cx=49 ac=0
280938941	ID:24	[LIST] Neighbors: 17,16,18,10,13,8
280939890	ID:17	[LIST] Neighbors: 26,19,16,10,24,29,25,30
280942578	ID:24	[LIST] Quarantine: (none)
280943527	ID:17	[LIST] Quarantine: (none)
280946075	ID:24	[LIST] Blacklist: (none)
280947024	ID:17	[LIST] Blacklist: (none)
280952537	ID:24	FUZZRID,DET,10,1418,1418,0,0,0,0,0,0,9,0,0,0
280953618	ID:17	FUZZRID,DET,10,1418,1418,0,0,0,0,0,0,11,0,0,0
281159214	ID:5	[PKT-TX] DATA bytes=12  seq=5 
281317990	ID:1	[PKT-RX] DATA bytes=12 from=5 seq=5
281762648	ID:23	[PKT-TX] DATA bytes=13  seq=5 
281909961	ID:21	[PKT-TX] DATA bytes=13  seq=5 
281926440	ID:1	[PKT-RX] DATA bytes=13 from=21 seq=5
282097047	ID:15	[PKT-TX] DATA bytes=13  seq=5 
282113563	ID:1	[PKT-RX] DATA bytes=13 from=15 seq=5
282358331	ID:21	[PKT-RTT] seq=5,rtt_delay_ms=218
282466705	ID:1	[PKT-RX] DATA bytes=13 from=23 seq=5
283677492	ID:3	[PKT-TX] DATA bytes=12  seq=5 
283872797	ID:1	[PKT-RX] DATA bytes=12 from=3 seq=5
284032267	ID:4	[PKT-TX] DATA bytes=12  seq=5 
284498782	ID:14	[PKT-TX] DATA bytes=13  seq=5 
284615710	ID:13	[HFS] ra=0 si=0 cx=49 ac=0
284619128	ID:13	[LIST] Neighbors: 24,18
284622765	ID:13	[LIST] Quarantine: (none)
284622887	ID:1	[PKT-RX] DATA bytes=13 from=14 seq=5
284626261	ID:13	[LIST] Blacklist: (none)
284632714	ID:13	FUZZRID,DET,18,1660,1660,0,0,0,0,0,0,1,0,0,0
284747801	ID:1	[PKT-RX] DATA bytes=12 from=4 seq=5
284751591	ID:29	[ATK-FAKE-RANK]  true_rank=1619 fake_rank=1591 t=11720s
284893189	ID:9	[HFS] ra=72 si=0 cx=49 ac=94
284898398	ID:9	[LIST] Neighbors: 4,25,29,10,7,23,14
284902068	ID:9	[LIST] Quarantine: (none)
284905565	ID:9	[LIST] Blacklist: (none)
284913209	ID:9	FUZZRID,DET,29,1591,1619,-28,0,10,70,4,16,4,0,94,100
285677800	ID:24	[PKT-TX] DATA bytes=13  seq=5 
285933198	ID:24	[HFS] ra=0 si=0 cx=49 ac=0
285938142	ID:24	[LIST] Neighbors: 17,16,18,10,13,8
285941773	ID:8	[HFS] ra=0 si=0 cx=49 ac=0
285941779	ID:24	[LIST] Quarantine: (none)
285945283	ID:24	[LIST] Blacklist: (none)
285946583	ID:8	[LIST] Neighbors: 17,16,30,6,2,24
285950220	ID:8	[LIST] Quarantine: (none)
285951880	ID:24	FUZZRID,DET,17,1190,1190,0,0,0,0,0,0,11,0,0,0
285953717	ID:8	[LIST] Blacklist: (none)
285960213	ID:8	FUZZRID,DET,17,1190,1190,0,0,0,0,0,0,8,0,0,0
286032612	ID:19	[HFS] ra=0 si=0 cx=49 ac=0
286038408	ID:19	[LIST] Neighbors: 15,26,17,30,20,5,25,16
286042045	ID:19	[LIST] Quarantine: (none)
286045569	ID:19	[LIST] Blacklist: (none)
286052165	ID:19	FUZZRID,DET,17,1190,1190,0,0,0,0,0,0,11,0,0,0
286116984	ID:16	[PKT-TX] DATA bytes=13  seq=5 
286190231	ID:1	[PKT-RX] DATA bytes=13 from=24 seq=5
286317501	ID:1	[PKT-RX] DATA bytes=13 from=16 seq=5
286658836	ID:16	[PKT-RTT] seq=5,rtt_delay_ms=265
287030023	ID:4	[HFS] ra=0 si=0 cx=49 ac=0
287035134	ID:4	[LIST] Neighbors: 28,9,31,7,3,14,21
287038771	ID:4	[LIST] Quarantine: (none)
287042292	ID:4	[LIST] Blacklist: (none)
287048609	ID:4	FUZZRID,DET,3,1578,1578,0,0,0,0,0,0,0,0,0,0
287132548	ID:14	[HFS] ra=0 si=0 cx=49 ac=0
287136626	ID:14	[LIST] Neighbors: 31,4,7,9,3
287140263	ID:14	[LIST] Quarantine: (none)
287143759	ID:14	[LIST] Blacklist: (none)
287150078	ID:14	FUZZRID,DET,3,1578,1578,0,0,0,0,0,0,3,0,0,0
287176567	ID:6	[PKT-TX] DATA bytes=12  seq=5 
287318478	ID:1	[PKT-RX] DATA bytes=12 from=6 seq=5
287875540	ID:12	[HFS] ra=0 si=0 cx=48 ac=0
287879764	ID:12	[LIST] Neighbors: 20,5,30,6,2
287883401	ID:12	[LIST] Quarantine: (none)
287886927	ID:12	[LIST] Blacklist: (none)
287893380	ID:12	FUZZRID,DET,5,1325,1325,0,0,0,0,0,0,22,0,0,0
287897055	ID:2	[HFS] ra=0 si=0 cx=49 ac=0
287901705	ID:2	[LIST] Neighbors: 16,5,30,6,12,8
287905343	ID:2	[LIST] Quarantine: (none)
287906760	ID:19	[HFS] ra=0 si=0 cx=49 ac=0
287908867	ID:2	[LIST] Blacklist: (none)
287912590	ID:19	[LIST] Neighbors: 15,26,17,30,20,5,25,16
287915138	ID:20	[HFS] ra=0 si=0 cx=49 ac=0
287915320	ID:2	FUZZRID,DET,5,1325,1325,0,0,0,0,0,0,13,0,0,0
287916227	ID:19	[LIST] Quarantine: (none)
287919731	ID:19	[LIST] Blacklist: (none)
287920788	ID:20	[LIST] Neighbors: 26,30,19,6,12,5,22,11
287924433	ID:20	[LIST] Quarantine: (none)
287926184	ID:19	FUZZRID,DET,5,1325,1325,0,0,0,0,0,0,14,0,0,0
287927648	ID:3	[HFS] ra=0 si=0 cx=42 ac=0
287927929	ID:20	[LIST] Blacklist: (none)
287931312	ID:3	[LIST] Neighbors: 31,4,14
287934382	ID:20	FUZZRID,DET,5,1325,1325,0,0,0,0,0,0,11,0,0,0
287934948	ID:3	[LIST] Quarantine: (none)
287938445	ID:3	[LIST] Blacklist: (none)
287944909	ID:3	FUZZRID,DET,4,1103,1103,0,0,0,0,0,0,29,0,0,0
287987940	ID:21	[HFS] ra=0 si=0 cx=39 ac=0
287991604	ID:21	[LIST] Neighbors: 28,4,31
287995240	ID:21	[LIST] Quarantine: (none)
287998765	ID:21	[LIST] Blacklist: (none)
288004715	ID:14	[HFS] ra=0 si=0 cx=47 ac=0
288005222	ID:21	FUZZRID,DET,4,1103,1103,0,0,0,0,0,0,32,0,0,0
288008827	ID:14	[LIST] Neighbors: 31,4,7,9,3
288012464	ID:14	[LIST] Quarantine: (none)
288015960	ID:14	[LIST] Blacklist: (none)
288017836	ID:9	[HFS] ra=0 si=0 cx=49 ac=0
288022417	ID:14	FUZZRID,DET,4,1103,1103,0,0,0,0,0,0,23,0,0,0
288023066	ID:9	[LIST] Neighbors: 4,25,29,10,7,23,14
288026703	ID:9	[LIST] Quarantine: (none)
288030200	ID:9	[LIST] Blacklist: (none)
288036656	ID:9	FUZZRID,DET,4,1103,1103,0,0,0,0,0,0,10,0,0,0
288038882	ID:7	[HFS] ra=0 si=0 cx=45 ac=0
288043239	ID:7	[LIST] Neighbors: 4,23,29,9,14
288046876	ID:7	[LIST] Quarantine: (none)
288050372	ID:7	[LIST] Blacklist: (none)
288056829	ID:7	FUZZRID,DET,4,1103,1103,0,0,0,0,0,0,25,0,0,0
288676317	ID:17	[PKT-TX] DATA bytes=13  seq=5 
288816094	ID:1	[PKT-RX] DATA bytes=13 from=17 seq=5
289320485	ID:13	[PKT-TX] DATA bytes=13  seq=5 
289691703	ID:1	[PKT-RX] DATA bytes=13 from=13 seq=5
292011088	ID:6	[HFS] ra=0 si=0 cx=49 ac=0
292016740	ID:6	[LIST] Neighbors: 19,17,20,16,30,2,12,5
292020377	ID:6	[LIST] Quarantine: (none)
292023874	ID:6	[LIST] Blacklist: (none)
292030328	ID:6	FUZZRID,DET,16,1085,1085,0,0,0,0,0,0,7,0,0,0
292033419	ID:19	[HFS] ra=0 si=0 cx=49 ac=0
292039217	ID:19	[LIST] Neighbors: 15,26,17,30,20,5,25,16
292042854	ID:19	[LIST] Quarantine: (none)
292046351	ID:19	[LIST] Blacklist: (none)
292052962	ID:19	FUZZRID,DET,16,1085,1085,0,0,0,0,0,0,10,0,0,0
292057993	ID:17	[HFS] ra=0 si=0 cx=49 ac=0
292058048	ID:24	[HFS] ra=0 si=0 cx=49 ac=0
292063025	ID:24	[LIST] Neighbors: 17,16,18,10,13,8
292063936	ID:17	[LIST] Neighbors: 26,19,16,10,24,29,25,30
292066463	ID:8	[HFS] ra=0 si=0 cx=49 ac=0
292066663	ID:24	[LIST] Quarantine: (none)
292067572	ID:17	[LIST] Quarantine: (none)
292070159	ID:24	[LIST] Blacklist: (none)
292071069	ID:17	[LIST] Blacklist: (none)
292071294	ID:8	[LIST] Neighbors: 17,16,30,6,2,24
292074932	ID:8	[LIST] Quarantine: (none)
292076614	ID:24	FUZZRID,DET,16,1085,1085,0,0,0,0,0,0,6,0,0,0
292077524	ID:17	FUZZRID,DET,16,1085,1085,0,0,0,0,0,0,5,0,0,0
292078428	ID:8	[LIST] Blacklist: (none)
292084882	ID:8	FUZZRID,DET,16,1085,1085,0,0,0,0,0,0,4,0,0,0
292114453	ID:26	[ATK-FAKE-RANK]  true_rank=860 fake_rank=909 t=11720s
292144818	ID:11	[HFS] ra=72 si=0 cx=49 ac=94
292149908	ID:11	[LIST] Neighbors: 15,26,30,22,20,19
292153546	ID:11	[LIST] Quarantine: (none)
292157042	ID:11	[LIST] Blacklist: (none)
292161702	ID:19	[HFS] ra=72 si=0 cx=49 ac=94
292164151	ID:11	FUZZRID,DET,26,909,860,49,0,17,70,11,0,4,0,94,100
292166619	ID:20	[HFS] ra=72 si=0 cx=49 ac=94
292167498	ID:19	[LIST] Neighbors: 15,26,17,30,20,5,25,16
292171135	ID:19	[LIST] Quarantine: (none)
292172269	ID:20	[LIST] Neighbors: 26,30,19,6,12,5,22,11
292174632	ID:19	[LIST] Blacklist: (none)
292175906	ID:20	[LIST] Quarantine: (none)
292179403	ID:20	[LIST] Blacklist: (none)
292181740	ID:19	FUZZRID,DET,26,909,860,49,0,14,70,9,0,14,0,94,100
292183252	ID:22	[HFS] ra=72 si=0 cx=49 ac=94
292183611	ID:15	[HFS] ra=72 si=0 cx=49 ac=94
292184460	ID:17	[HFS] ra=72 si=0 cx=49 ac=94
292186550	ID:20	FUZZRID,DET,26,909,860,49,0,16,70,11,0,7,0,94,100
292187915	ID:22	[LIST] Neighbors: 15,26,11,20,27
292189126	ID:15	[LIST] Neighbors: 28,26,22,19,25,11,27
292190403	ID:17	[LIST] Neighbors: 26,19,16,10,24,29,25,30
292191552	ID:22	[LIST] Quarantine: (none)
292192763	ID:15	[LIST] Quarantine: (none)
292194070	ID:17	[LIST] Quarantine: (none)
292195049	ID:22	[LIST] Blacklist: (none)
292196260	ID:15	[LIST] Blacklist: (none)
292197567	ID:17	[LIST] Blacklist: (none)
292202018	ID:22	FUZZRID,DET,26,909,860,49,0,16,70,6,0,7,0,94,100
292203400	ID:15	FUZZRID,DET,26,909,860,49,0,17,70,11,0,5,0,94,100
292204815	ID:17	FUZZRID,DET,26,909,860,49,0,15,70,10,0,10,0,94,100
292226278	ID:25	[HFS] ra=72 si=0 cx=49 ac=94
292232074	ID:25	[LIST] Neighbors: 15,26,17,10,30,9,16,29
292235711	ID:25	[LIST] Quarantine: (none)
292239207	ID:25	[LIST] Blacklist: (none)
292246316	ID:25	FUZZRID,DET,26,909,860,49,0,17,70,11,0,5,0,94,100
294113531	ID:21	[HFS] ra=0 si=0 cx=43 ac=0
294117195	ID:21	[LIST] Neighbors: 28,4,31
294120832	ID:21	[LIST] Quarantine: (none)
294124328	ID:21	[LIST] Blacklist: (none)
294130784	ID:21	FUZZRID,DET,4,1099,1099,0,0,0,0,0,0,27,0,0,0
296151314	ID:30	[ATK-FAKE-RANK]  true_rank=1029 fake_rank=1136 t=11720s
296183070	ID:10	[HFS] ra=72 si=0 cx=49 ac=94
296183096	ID:17	[HFS] ra=72 si=0 cx=49 ac=94
296188866	ID:10	[LIST] Neighbors: 19,25,17,16,9,24,29,30
296189038	ID:17	[LIST] Neighbors: 26,19,16,10,24,29,25,30
296192503	ID:10	[LIST] Quarantine: (none)
296192675	ID:17	[LIST] Quarantine: (none)
296196000	ID:10	[LIST] Blacklist: (none)
296196171	ID:17	[LIST] Blacklist: (none)
296203679	ID:10	FUZZRID,DET,30,1136,1029,107,0,38,70,20,0,5,0,94,100
296203820	ID:17	FUZZRID,DET,30,1136,1029,107,0,36,70,19,0,7,0,94,100
296225833	ID:25	[HFS] ra=70 si=0 cx=49 ac=93
296231629	ID:25	[LIST] Neighbors: 15,26,17,10,30,9,16,29
296235266	ID:25	[LIST] Quarantine: (none)
296238763	ID:25	[LIST] Blacklist: (none)
296246445	ID:25	FUZZRID,DET,30,1136,1029,107,0,39,70,21,0,3,0,93,100
296250618	ID:12	[HFS] ra=70 si=0 cx=49 ac=93
296254843	ID:12	[LIST] Neighbors: 20,5,30,6,2
296258480	ID:12	[LIST] Quarantine: (none)
296261976	ID:12	[LIST] Blacklist: (none)
296263657	ID:6	[HFS] ra=70 si=0 cx=49 ac=93
296267927	ID:11	[HFS] ra=70 si=0 cx=49 ac=93
296269307	ID:6	[LIST] Neighbors: 19,17,20,16,30,2,12,5
296269637	ID:12	FUZZRID,DET,30,1136,1029,107,0,38,70,21,0,4,0,93,100
296272006	ID:2	[HFS] ra=70 si=0 cx=49 ac=93
296272944	ID:6	[LIST] Quarantine: (none)
296273017	ID:11	[LIST] Neighbors: 15,26,30,22,20,19
296276440	ID:6	[LIST] Blacklist: (none)
296276654	ID:11	[LIST] Quarantine: (none)
296276657	ID:2	[LIST] Neighbors: 16,5,30,6,12,8
296280151	ID:11	[LIST] Blacklist: (none)
296280295	ID:2	[LIST] Quarantine: (none)
296283791	ID:2	[LIST] Blacklist: (none)
296284128	ID:6	FUZZRID,DET,30,1136,1029,107,0,39,70,21,0,3,0,93,100
296285815	ID:19	[HFS] ra=72 si=0 cx=49 ac=94
296287800	ID:11	FUZZRID,DET,30,1136,1029,107,0,39,70,21,0,3,0,93,100
296288919	ID:20	[HFS] ra=70 si=0 cx=49 ac=93
296289024	ID:16	[HFS] ra=72 si=0 cx=49 ac=94
296291442	ID:2	FUZZRID,DET,30,1136,1029,107,0,39,70,21,0,3,0,93,100
296291611	ID:19	[LIST] Neighbors: 15,26,17,30,20,5,25,16
296294603	ID:20	[LIST] Neighbors: 26,30,19,6,12,5,22,11
296294704	ID:16	[LIST] Neighbors: 19,17,30,24,29,25,2,8
296295248	ID:19	[LIST] Quarantine: (none)
296298239	ID:20	[LIST] Quarantine: (none)
296298340	ID:16	[LIST] Quarantine: (none)
296298744	ID:19	[LIST] Blacklist: (none)
296301736	ID:20	[LIST] Blacklist: (none)
296301837	ID:16	[LIST] Blacklist: (none)
296306560	ID:19	FUZZRID,DET,30,1136,1029,107,0,32,70,17,0,14,0,94,100
296309421	ID:20	FUZZRID,DET,30,1136,1029,107,0,38,70,21,0,4,0,93,100
296309486	ID:16	FUZZRID,DET,30,1136,1029,107,0,37,70,20,0,6,0,94,100
296702693	ID:31	[ATK-FAKE-RANK]  true_rank=798 fake_rank=828 t=11720s
296802184	ID:3	[HFS] ra=0 si=0 cx=49 ac=0
296805851	ID:3	[LIST] Neighbors: 31,4,14
296809487	ID:3	[LIST] Quarantine: (none)
296812984	ID:3	[LIST] Blacklist: (none)
296819499	ID:3	FUZZRID,DET,31,828,798,30,0,10,43,6,0,6,0,0,0
297007214	ID:14	[HFS] ra=0 si=0 cx=49 ac=0
297011292	ID:14	[LIST] Neighbors: 31,4,7,9,3
297014929	ID:14	[LIST] Quarantine: (none)
297018425	ID:14	[LIST] Blacklist: (none)
297024738	ID:14	FUZZRID,DET,3,1606,1606,0,0,0,0,0,0,3,0,0,0
298050105	ID:22	[PKT-TX] DATA bytes=13  seq=5 
298132518	ID:1	[PKT-RX] DATA bytes=13 from=22 seq=5
299089625	ID:9	[PKT-TX] DATA bytes=12  seq=5 
299246375	ID:1	[PKT-RX] DATA bytes=12 from=9 seq=5
299349890	ID:25	[PKT-TX] DATA bytes=13  seq=5 
299568552	ID:1	[PKT-RX] DATA bytes=13 from=25 seq=5
299979823	ID:18	[PKT-TX] DATA bytes=13  seq=5 
300023547	ID:2	[HFS] ra=0 si=0 cx=49 ac=0
300028198	ID:2	[LIST] Neighbors: 16,5,30,6,12,8
300031836	ID:2	[LIST] Quarantine: (none)
300035332	ID:2	[LIST] Blacklist: (none)
300041684	ID:2	FUZZRID,DET,8,1404,1404,0,0,0,0,0,0,0,0,0,0
300158420	ID:18	 38403 P 0.0 4 186505 9643183 65421 95884 0 72346 38737 1927072 13671 18803 0 13242 (radio 1.64% / 1.65% tx 0.66% / 0.69% listen 0.97% / 0.95%)
300187323	ID:16	 38403 P 0.0 4 423756 9405642 132955 178252 0 130022 100644 1865168 35665 35366 0 22151 (radio 3.16% / 3.61% tx 1.35% / 1.81% listen 1.81% / 1.79%)
300317101	ID:1	[PKT-RX] DATA bytes=13 from=18 seq=5
300324861	ID:3	 38403 P 0.0 4 267219 9562628 110703 114433 0 76341 35831 1930111 9586 19673 0 16115 (radio 2.29% / 1.48% tx 1.12% / 0.48% listen 1.16% / 1.00%)
300347444	ID:23	 38403 P 0.0 4 241982 9587814 104545 105622 0 69826 32045 1933917 9910 16046 0 12562 (radio 2.13% / 1.32% tx 1.06% / 0.50% listen 1.07% / 0.81%)
300377219	ID:25	 38403 P 0.0 4 535964 9293631 191928 208640 0 126576 67939 1898034 14413 30000 0 23792 (radio 4.07% / 2.25% tx 1.95% / 0.73% listen 2.12% / 1.52%)
300416205	ID:11	 38403 P 0.0 4 342036 9487719 116576 156312 0 105392 62881 1903022 19807 28129 0 18057 (radio 2.77% / 2.43% tx 1.18% / 1.00% listen 1.59% / 1.43%)
300563436	ID:20	 38403 P 0.0 4 385021 9444721 119942 159244 0 116584 56079 1909199 10043 23787 0 18136 (radio 2.84% / 1.72% tx 1.22% / 0.51% listen 1.62% / 1.21%)
300564566	ID:19	 38404 P 0.0 4 694788 9135058 247341 251490 0 127776 137135 1828790 37473 45027 0 19360 (radio 5.-430% / 4.19% tx 2.51% / 1.90% listen 2.55% / 2.29%)
300578772	ID:10	 38403 P 0.0 4 438064 9391974 159144 199668 0 141293 52364 1913663 9328 30105 0 26976 (radio 3.65% / 2.00% tx 1.61% / 0.47% listen 2.03% / 1.53%)
300679237	ID:4	 38403 P 0.0 4 349552 9480302 123403 132888 0 85458 60487 1905566 15844 22888 0 16264 (radio 2.60% / 1.97% tx 1.25% / 0.80% listen 1.35% / 1.16%)
300715721	ID:8	 38403 P 0.0 4 316838 9513002 100986 123564 0 85071 53383 1912640 12415 23160 0 16229 (radio 2.28% / 1.80% tx 1.02% / 0.63% listen 1.25% / 1.17%)
300778681	ID:14	 38403 P 0.0 4 306101 9523576 96927 121242 0 80438 66840 1899037 22561 24849 0 14003 (radio 2.21% / 2.41% tx 0.98% / 1.14% listen 1.23% / 1.26%)
300811314	ID:7	 38403 P 0.0 4 261468 9568109 73681 112100 0 90125 38754 1927206 5672 19806 0 16611 (radio 1.89% / 1.29% tx 0.74% / 0.28% listen 1.14% / 1.00%)
300827534	ID:1	 38405 P 0.0 4 479986 9350390 183390 9646791 0 0 122259 1843700 53746 1912280 0 0 (radio 99.-9513% / 100.-8739% tx 1.86% / 2.73% listen 98.-9599% / 97.-8712%)
300834346	ID:15	 38403 P 0.0 4 580391 9249352 175514 218465 0 89375 151949 1813973 54505 51582 0 13607 (radio 4.00% / 5.39% tx 1.78% / 2.77% listen 2.22% / 2.62%)
300836988	ID:17	 38403 P 0.0 4 638357 9191412 268018 244182 0 138733 134989 1830880 56934 50225 0 25715 (radio 5.-416% / 5.45% tx 2.72% / 2.89% listen 2.48% / 2.55%)
300910428	ID:6	 38403 P 0.0 4 311186 9518687 57329 148763 0 122147 64831 1901161 13050 29651 0 22463 (radio 2.09% / 2.17% tx 0.58% / 0.66% listen 1.51% / 1.50%)
300920527	ID:2	 38403 P 0.0 4 280618 9549085 85947 126252 0 94381 53372 1912606 11596 23158 0 17978 (radio 2.15% / 1.76% tx 0.87% / 0.58% listen 1.28% / 1.17%)
300948189	ID:30	[ATK-FAKE-RANK]  true_rank=1029 fake_rank=1156 t=11720s
300953363	ID:22	 38403 P 0.0 4 256423 9573194 91107 123110 0 93165 27538 1938477 1904 18190 0 16635 (radio 2.17% / 1.02% tx 0.92% / 0.09% listen 1.25% / 0.92%)
300975240	ID:25	[HFS] ra=74 si=0 cx=49 ac=95
300981037	ID:25	[LIST] Neighbors: 15,26,17,10,30,9,16,29
300984700	ID:25	[LIST] Quarantine: (none)
300987351	ID:5	[HFS] ra=67 si=0 cx=49 ac=90
300988197	ID:25	[LIST] Blacklist: (none)
300992148	ID:5	[LIST] Neighbors: 19,20,30,6,2,12
300995786	ID:5	[LIST] Quarantine: (none)
300995884	ID:25	FUZZRID,DET,30,1156,1029,127,0,49,100,5,0,0,0,95,100
300999283	ID:5	[LIST] Blacklist: (none)
301000190	ID:12	[HFS] ra=74 si=0 cx=49 ac=95
301004427	ID:12	[LIST] Neighbors: 20,5,30,6,2
301006932	ID:5	FUZZRID,DET,30,1156,1029,127,0,42,70,23,0,9,0,90,100
301008064	ID:12	[LIST] Quarantine: (none)
301011561	ID:12	[LIST] Blacklist: (none)
301013234	ID:6	[HFS] ra=74 si=0 cx=49 ac=95
301017374	ID:11	[HFS] ra=74 si=0 cx=49 ac=95
301018884	ID:6	[LIST] Neighbors: 19,17,20,16,30,2,12,5
301019248	ID:12	FUZZRID,DET,30,1156,1029,127,0,46,100,4,0,4,0,95,100
301021781	ID:2	[HFS] ra=74 si=0 cx=49 ac=95
301022463	ID:11	[LIST] Neighbors: 15,26,30,22,20,19
301022521	ID:6	[LIST] Quarantine: (none)
301026017	ID:6	[LIST] Blacklist: (none)
301026101	ID:11	[LIST] Quarantine: (none)
301026432	ID:2	[LIST] Neighbors: 16,5,30,6,12,8
301029598	ID:11	[LIST] Blacklist: (none)
301030070	ID:2	[LIST] Quarantine: (none)
301033587	ID:2	[LIST] Blacklist: (none)
301033705	ID:6	FUZZRID,DET,30,1156,1029,127,0,46,100,4,0,3,0,95,100
301035805	ID:19	[HFS] ra=74 si=0 cx=49 ac=95
301037304	ID:11	FUZZRID,DET,30,1156,1029,127,0,49,100,5,0,0,0,95,100
301038478	ID:16	[HFS] ra=74 si=0 cx=49 ac=95
301038549	ID:20	[HFS] ra=74 si=0 cx=49 ac=95
301040257	ID:9	 38403 P 0.0 4 419719 9410279 173524 161800 0 98239 57495 1908568 14472 20666 0 14612 (radio 3.41% / 1.78% tx 1.76% / 0.73% listen 1.64% / 1.05%)
301041296	ID:2	FUZZRID,DET,30,1156,1029,127,0,46,100,4,0,3,0,95,100
301041601	ID:19	[LIST] Neighbors: 15,26,17,30,20,5,25,16
301044144	ID:16	[LIST] Neighbors: 19,17,30,24,29,25,2,8
301044233	ID:20	[LIST] Neighbors: 26,30,19,6,12,5,22,11
301045238	ID:19	[LIST] Quarantine: (none)
301047781	ID:16	[LIST] Quarantine: (none)
301047869	ID:20	[LIST] Quarantine: (none)
301048734	ID:19	[LIST] Blacklist: (none)
301051278	ID:16	[LIST] Blacklist: (none)
301051391	ID:20	[LIST] Blacklist: (none)
301053282	ID:12	 38406 P 0.0 4 314652 9515619 113051 126537 0 84726 39548 1927252 5953 17268 0 14545 (radio 2.43% / 1.18% tx 1.15% / 0.30% listen 1.28% / 0.87%)
301056454	ID:19	FUZZRID,DET,30,1156,1029,127,0,43,100,4,0,7,0,95,100
301056673	ID:10	[HFS] ra=74 si=0 cx=49 ac=95
301056712	ID:17	[HFS] ra=74 si=0 cx=49 ac=95
301058965	ID:16	FUZZRID,DET,30,1156,1029,127,0,44,100,4,0,6,0,95,100
301059101	ID:20	FUZZRID,DET,30,1156,1029,127,0,45,100,4,0,5,0,95,100
301062469	ID:10	[LIST] Neighbors: 19,25,17,16,9,24,29,30
301062654	ID:17	[LIST] Neighbors: 26,19,16,10,24,29,25,30
301066106	ID:10	[LIST] Quarantine: (none)
301066291	ID:17	[LIST] Quarantine: (none)
301069020	ID:8	[HFS] ra=65 si=0 cx=49 ac=87
301069603	ID:10	[LIST] Blacklist: (none)
301069787	ID:17	[LIST] Blacklist: (none)
301073820	ID:8	[LIST] Neighbors: 17,16,30,6,2,24
301077290	ID:10	FUZZRID,DET,30,1156,1029,127,0,46,100,4,0,4,0,95,100
301077458	ID:8	[LIST] Quarantine: (none)
301077485	ID:17	FUZZRID,DET,30,1156,1029,127,0,44,100,4,0,6,0,95,100
301080955	ID:8	[LIST] Blacklist: (none)
301082506	ID:24	 38403 P 0.0 4 549052 9280574 261074 188879 0 88627 79116 1886817 30601 29616 0 16348 (radio 4.-380% / 3.06% tx 2.65% / 1.55% listen 1.92% / 1.50%)
301088638	ID:8	FUZZRID,DET,30,1156,1029,127,0,45,70,25,0,5,0,87,100
301134340	ID:5	 38403 P 0.0 4 471884 9357903 207543 157262 0 87254 51799 1913996 14861 18178 0 16063 (radio 3.71% / 1.68% tx 2.11% / 0.75% listen 1.59% / 0.92%)
301135566	ID:21	 38403 P 0.0 4 252953 9577259 69358 118183 0 73827 59214 1906847 16569 27016 0 14914 (radio 1.90% / 2.21% tx 0.70% / 0.84% listen 1.20% / 1.37%)
301139102	ID:13	 38403 P 0.0 4 192295 9637356 74061 94333 0 74155 30238 1935556 7490 17204 0 13846 (radio 1.71% / 1.25% tx 0.75% / 0.38% listen 0.95% / 0.87%)
301486827	ID:11	[PKT-TX] DATA bytes=13  seq=6 
301824023	ID:1	[PKT-RX] DATA bytes=13 from=11 seq=6
301838901	ID:5	[PKT-TX] DATA bytes=12  seq=6 
302065738	ID:18	[PKT-TX] DATA bytes=13  seq=6 
302442235	ID:8	[HFS] ra=0 si=0 cx=49 ac=0
302442591	ID:1	[PKT-RX] DATA bytes=12 from=5 seq=6
302447032	ID:8	[LIST] Neighbors: 17,16,30,6,2,24
302450670	ID:8	[LIST] Quarantine: (none)
302454166	ID:8	[LIST] Blacklist: (none)
302460632	ID:8	FUZZRID,DET,24,1492,1492,0,0,0,0,0,0,5,0,0,0
302691279	ID:1	[PKT-RX] DATA bytes=13 from=18 seq=6
302754641	ID:14	[HFS] ra=0 si=0 cx=49 ac=0
302758719	ID:14	[LIST] Neighbors: 31,4,7,9,3
302762357	ID:14	[LIST] Quarantine: (none)
302765853	ID:14	[LIST] Blacklist: (none)
302768488	ID:9	[HFS] ra=0 si=0 cx=49 ac=0
302772167	ID:14	FUZZRID,DET,7,1297,1297,0,0,0,0,0,0,4,0,0,0
302773697	ID:9	[LIST] Neighbors: 4,25,29,10,7,23,14
302777348	ID:9	[LIST] Quarantine: (none)
302780695	ID:4	[HFS] ra=0 si=0 cx=49 ac=0
302780845	ID:9	[LIST] Blacklist: (none)
302785780	ID:4	[LIST] Neighbors: 28,9,31,7,3,14,21
302787158	ID:9	FUZZRID,DET,7,1297,1297,0,0,0,0,0,0,7,0,0,0
302789417	ID:4	[LIST] Quarantine: (none)
302792914	ID:4	[LIST] Blacklist: (none)
302799228	ID:4	FUZZRID,DET,7,1297,1297,0,0,0,0,0,0,4,0,0,0
303426567	ID:6	[PKT-TX] DATA bytes=12  seq=6 
303450148	ID:23	[PKT-TX] DATA bytes=13  seq=6 
303691214	ID:1	[PKT-RX] DATA bytes=12 from=6 seq=6
303996489	ID:1	[PKT-RX] DATA bytes=13 from=23 seq=6
304300562	ID:9	[PKT-TX] DATA bytes=12  seq=6 
304497520	ID:1	[PKT-RX] DATA bytes=12 from=9 seq=6
304693070	ID:8	[PKT-TX] DATA bytes=12  seq=6 
304941770	ID:1	[PKT-RX] DATA bytes=12 from=8 seq=6
305023792	ID:2	[HFS] ra=0 si=0 cx=49 ac=0
305028467	ID:2	[LIST] Neighbors: 16,5,30,6,12,8
305032104	ID:2	[LIST] Quarantine: (none)
305035601	ID:2	[LIST] Blacklist: (none)
305041610	ID:16	[HFS] ra=0 si=0 cx=49 ac=0
305041916	ID:2	FUZZRID,DET,8,1404,1404,0,0,0,0,0,0,0,0,0,0
305047260	ID:16	[LIST] Neighbors: 19,17,30,24,29,25,2,8
305050923	ID:16	[LIST] Quarantine: (none)
305054420	ID:16	[LIST] Blacklist: (none)
305058358	ID:24	[HFS] ra=0 si=0 cx=49 ac=0
305060735	ID:16	FUZZRID,DET,8,1404,1404,0,0,0,0,0,0,1,0,0,0
305063301	ID:24	[LIST] Neighbors: 17,16,18,10,13,8
305066939	ID:24	[LIST] Quarantine: (none)
305070436	ID:24	[LIST] Blacklist: (none)
305076750	ID:24	FUZZRID,DET,8,1404,1404,0,0,0,0,0,0,0,0,0,0
305314757	ID:8	[PKT-RTT] seq=6,rtt_delay_ms=304
305752133	ID:7	[PKT-TX] DATA bytes=12  seq=6 
305998842	ID:1	[PKT-RX] DATA bytes=12 from=7 seq=6
308764069	ID:6	[HFS] ra=0 si=0 cx=49 ac=0
308769719	ID:6	[LIST] Neighbors: 19,17,20,16,30,2,12,5
308773356	ID:6	[LIST] Quarantine: (none)
308776852	ID:6	[LIST] Blacklist: (none)
308783309	ID:6	FUZZRID,DET,12,1586,1586,0,0,0,0,0,0,1,0,0,0
309436841	ID:17	[HFS] ra=0 si=0 cx=49 ac=0
309442811	ID:17	[LIST] Neighbors: 26,19,16,10,24,29,25,30
309446448	ID:17	[LIST] Quarantine: (none)
309449945	ID:17	[LIST] Blacklist: (none)
309456037	ID:17	FUZZRID,DET,25,881,881,0,0,0,0,0,0,4,0,0,0
311050774	ID:30	[ATK-FAKE-RANK]  true_rank=1029 fake_rank=1176 t=11720s
311110055	ID:5	[HFS] ra=74 si=0 cx=49 ac=95
311114886	ID:5	[LIST] Neighbors: 19,20,30,6,2,12
311118524	ID:5	[LIST] Quarantine: (none)
311121839	ID:24	[PKT-TX] DATA bytes=13  seq=6 
311122020	ID:5	[LIST] Blacklist: (none)
311129709	ID:5	FUZZRID,DET,30,1176,1029,147,0,52,100,4,0,5,0,95,100
311318554	ID:1	[PKT-RX] DATA bytes=13 from=24 seq=6
311366976	ID:16	[PKT-TX] DATA bytes=13  seq=6 
311477579	ID:4	[PKT-TX] DATA bytes=12  seq=6 
311949022	ID:19	[PKT-TX] DATA bytes=13  seq=6 
312058500	ID:24	[PKT-RTT] seq=6,rtt_delay_ms=468
312441096	ID:1	[PKT-RX] DATA bytes=13 from=16 seq=6
312538774	ID:7	[HFS] ra=0 si=0 cx=49 ac=0
312543136	ID:7	[LIST] Neighbors: 4,23,29,9,14
312546773	ID:7	[LIST] Quarantine: (none)
312550269	ID:7	[LIST] Blacklist: (none)
312556726	ID:7	FUZZRID,DET,23,2136,2136,0,0,0,0,0,0,7,0,0,0
312622596	ID:1	[PKT-RX] DATA bytes=12 from=4 seq=6
312693397	ID:1	[PKT-RX] DATA bytes=13 from=19 seq=6
313112368	ID:5	[HFS] ra=0 si=0 cx=49 ac=0
313117165	ID:5	[LIST] Neighbors: 19,20,30,6,2,12
313120803	ID:5	[LIST] Quarantine: (none)
313124299	ID:5	[LIST] Blacklist: (none)
313130901	ID:5	FUZZRID,DET,12,1325,1325,0,0,0,0,0,0,12,0,0,0
313137992	ID:6	[HFS] ra=0 si=0 cx=49 ac=0
313143642	ID:6	[LIST] Neighbors: 19,17,20,16,30,2,12,5
313147281	ID:6	[LIST] Quarantine: (none)
313150777	ID:6	[LIST] Blacklist: (none)
313157230	ID:6	FUZZRID,DET,12,1325,1325,0,0,0,0,0,0,6,0,0,0
313167562	ID:20	[HFS] ra=0 si=0 cx=49 ac=0
313173212	ID:20	[LIST] Neighbors: 26,30,19,6,12,5,22,11
313176849	ID:20	[LIST] Quarantine: (none)
313180345	ID:20	[LIST] Blacklist: (none)
313186798	ID:20	FUZZRID,DET,12,1325,1325,0,0,0,0,0,0,7,0,0,0
313554728	ID:2	[PKT-TX] DATA bytes=12  seq=6 
314323043	ID:22	[PKT-TX] DATA bytes=13  seq=6 
314382085	ID:1	[PKT-RX] DATA bytes=13 from=22 seq=6
314942817	ID:1	[PKT-RX] DATA bytes=12 from=2 seq=6
315785417	ID:16	[PKT-RTT] seq=6,rtt_delay_ms=2203
316016869	ID:2	[PKT-RTT] seq=6,rtt_delay_ms=1226
317887532	ID:6	[HFS] ra=0 si=0 cx=49 ac=0
317893181	ID:6	[LIST] Neighbors: 19,17,20,16,30,2,12,5
317896818	ID:6	[LIST] Quarantine: (none)
317900315	ID:6	[LIST] Blacklist: (none)
317906771	ID:6	FUZZRID,DET,16,1069,1069,0,0,0,0,0,0,7,0,0,0
318659134	ID:30	[ATK-FAKE-RANK]  true_rank=1029 fake_rank=1196 t=11720s
318686413	ID:17	[HFS] ra=74 si=0 cx=49 ac=95
318692356	ID:17	[LIST] Neighbors: 26,19,16,10,24,29,25,30
318695993	ID:17	[LIST] Quarantine: (none)
318699489	ID:17	[LIST] Blacklist: (none)
318707198	ID:17	FUZZRID,DET,30,1196,1029,167,0,57,100,9,0,7,0,95,100
318724757	ID:25	[HFS] ra=74 si=47 cx=49 ac=82
318730586	ID:25	[LIST] Neighbors: 15,26,17,10,30,9,16,29
318734223	ID:25	[LIST] Quarantine: (none)
318736556	ID:5	[HFS] ra=74 si=0 cx=49 ac=95
318737720	ID:25	[LIST] Blacklist: (none)
318741353	ID:5	[LIST] Neighbors: 19,20,30,6,2,12
318744990	ID:5	[LIST] Quarantine: (none)
318745368	ID:25	FUZZRID,DET,30,1196,1029,167,0,65,100,10,0,0,0,82,75
318748508	ID:5	[LIST] Blacklist: (none)
318749753	ID:12	[HFS] ra=74 si=45 cx=49 ac=82
318754012	ID:12	[LIST] Neighbors: 20,5,30,6,2
318756196	ID:5	FUZZRID,DET,30,1196,1029,167,0,59,100,4,0,5,0,95,100
318757649	ID:12	[LIST] Quarantine: (none)
318761145	ID:12	[LIST] Blacklist: (none)
318762914	ID:6	[HFS] ra=74 si=47 cx=49 ac=82
318767008	ID:11	[HFS] ra=74 si=47 cx=49 ac=82
318768578	ID:6	[LIST] Neighbors: 19,17,20,16,30,2,12,5
318768825	ID:12	FUZZRID,DET,30,1196,1029,167,0,63,100,10,0,1,0,82,75
318771224	ID:2	[HFS] ra=74 si=47 cx=49 ac=82
318772111	ID:11	[LIST] Neighbors: 15,26,30,22,20,19
318772215	ID:6	[LIST] Quarantine: (none)
318775712	ID:6	[LIST] Blacklist: (none)
318775749	ID:11	[LIST] Quarantine: (none)
318775875	ID:2	[LIST] Neighbors: 16,5,30,6,12,8
318779245	ID:11	[LIST] Blacklist: (none)
318779513	ID:2	[LIST] Quarantine: (none)
318783028	ID:2	[LIST] Blacklist: (none)
318783399	ID:6	FUZZRID,DET,30,1196,1029,167,0,65,100,10,0,0,0,82,75
318784998	ID:19	[HFS] ra=74 si=0 cx=49 ac=95
318786894	ID:11	FUZZRID,DET,30,1196,1029,167,0,65,100,10,0,0,0,82,75
318787887	ID:16	[HFS] ra=74 si=0 cx=49 ac=95
318790704	ID:2	FUZZRID,DET,30,1196,1029,167,0,65,100,10,0,0,0,82,75
318790794	ID:19	[LIST] Neighbors: 15,26,17,30,20,5,25,16
318792252	ID:20	[HFS] ra=74 si=47 cx=49 ac=82
318793537	ID:16	[LIST] Neighbors: 19,17,30,24,29,25,2,8
318794451	ID:19	[LIST] Quarantine: (none)
318797174	ID:16	[LIST] Quarantine: (none)
318797902	ID:20	[LIST] Neighbors: 26,30,19,6,12,5,22,11
318797947	ID:19	[LIST] Blacklist: (none)
318800670	ID:16	[LIST] Blacklist: (none)
318801539	ID:20	[LIST] Quarantine: (none)
318805036	ID:20	[LIST] Blacklist: (none)
318805635	ID:19	FUZZRID,DET,30,1196,1029,167,0,57,100,9,0,7,0,95,100
318805910	ID:10	[HFS] ra=74 si=0 cx=49 ac=95
318808397	ID:16	FUZZRID,DET,30,1196,1029,167,0,58,100,9,0,6,0,95,100
318811706	ID:10	[LIST] Neighbors: 19,25,17,16,9,24,29,30
318812723	ID:20	FUZZRID,DET,30,1196,1029,167,0,65,100,10,0,0,0,82,75
318815343	ID:10	[LIST] Quarantine: (none)
318818840	ID:10	[LIST] Blacklist: (none)
318826558	ID:10	FUZZRID,DET,30,1196,1029,167,0,59,100,9,0,5,0,95,100
319709265	ID:25	[PKT-TX] DATA bytes=13  seq=6 
319816770	ID:1	[PKT-RX] DATA bytes=13 from=25 seq=6
319874511	ID:14	[PKT-TX] DATA bytes=13  seq=6 
319999220	ID:1	[PKT-RX] DATA bytes=13 from=14 seq=6
321041619	ID:20	[HFS] ra=0 si=0 cx=49 ac=0
321047269	ID:20	[LIST] Neighbors: 26,30,19,6,12,5,22,11
321050906	ID:20	[LIST] Quarantine: (none)
321054402	ID:20	[LIST] Blacklist: (none)
321060855	ID:20	FUZZRID,DET,12,1325,1325,0,0,0,0,0,0,9,0,0,0
321110069	ID:5	[HFS] ra=0 si=0 cx=49 ac=0
321114899	ID:5	[LIST] Neighbors: 19,20,30,6,2,12
321118537	ID:5	[LIST] Quarantine: (none)
321122034	ID:5	[LIST] Blacklist: (none)
321128626	ID:5	FUZZRID,DET,12,1325,1325,0,0,0,0,0,0,13,0,0,0
321140258	ID:6	[HFS] ra=0 si=0 cx=49 ac=0
321145907	ID:6	[LIST] Neighbors: 19,17,20,16,30,2,12,5
321148428	ID:2	[HFS] ra=0 si=0 cx=49 ac=0
321149544	ID:6	[LIST] Quarantine: (none)
321153041	ID:6	[LIST] Blacklist: (none)
321153078	ID:2	[LIST] Neighbors: 16,5,30,6,12,8
321156716	ID:2	[LIST] Quarantine: (none)
321159494	ID:6	FUZZRID,DET,12,1325,1325,0,0,0,0,0,0,4,0,0,0
321160213	ID:2	[LIST] Blacklist: (none)
321166679	ID:2	FUZZRID,DET,12,1325,1325,0,0,0,0,0,0,6,0,0,0
322062764	ID:28	[ATK-FAKE-RANK]  true_rank=512 fake_rank=572 t=11720s
322632959	ID:13	[PKT-TX] DATA bytes=13  seq=6 
323069031	ID:1	[PKT-RX] DATA bytes=13 from=13 seq=6
323214759	ID:20	[PKT-TX] DATA bytes=13  seq=6 
323431496	ID:24	[HFS] ra=0 si=0 cx=49 ac=0
323431607	ID:10	[HFS] ra=0 si=0 cx=49 ac=0
323436439	ID:24	[LIST] Neighbors: 17,16,18,10,13,8
323437403	ID:10	[LIST] Neighbors: 19,25,17,16,9,24,29,30
323440076	ID:24	[LIST] Quarantine: (none)
323441040	ID:10	[LIST] Quarantine: (none)
323443606	ID:24	[LIST] Blacklist: (none)
323444113	ID:8	[HFS] ra=0 si=0 cx=49 ac=0
323444537	ID:10	[LIST] Blacklist: (none)
323448910	ID:8	[LIST] Neighbors: 17,16,30,6,2,24
323450060	ID:24	FUZZRID,DET,16,1069,1069,0,0,0,0,0,0,6,0,0,0
323450991	ID:10	FUZZRID,DET,16,1069,1069,0,0,0,0,0,0,5,0,0,0
323452548	ID:8	[LIST] Quarantine: (none)
323456044	ID:8	[LIST] Blacklist: (none)
323462498	ID:8	FUZZRID,DET,16,1069,1069,0,0,0,0,0,0,4,0,0,0
323521076	ID:2	[HFS] ra=0 si=0 cx=49 ac=0
323525727	ID:2	[LIST] Neighbors: 16,5,30,6,12,8
323529365	ID:2	[LIST] Quarantine: (none)
323532888	ID:2	[LIST] Blacklist: (none)
323539342	ID:2	FUZZRID,DET,16,1069,1069,0,0,0,0,0,0,4,0,0,0
323642264	ID:11	[HFS] ra=0 si=0 cx=49 ac=0
323647354	ID:11	[LIST] Neighbors: 15,26,30,22,20,19
323650992	ID:11	[LIST] Quarantine: (none)
323654488	ID:11	[LIST] Blacklist: (none)
323660584	ID:11	FUZZRID,DET,22,788,788,0,0,0,0,0,0,3,0,0,0
323668915	ID:20	[HFS] ra=0 si=0 cx=49 ac=0
323674572	ID:20	[LIST] Neighbors: 26,30,19,6,12,5,22,11
323678209	ID:20	[LIST] Quarantine: (none)
323681706	ID:20	[LIST] Blacklist: (none)
323687800	ID:20	FUZZRID,DET,22,788,788,0,0,0,0,0,0,4,0,0,0
324190426	ID:1	[PKT-RX] DATA bytes=13 from=20 seq=6
324595603	ID:10	[PKT-TX] DATA bytes=13  seq=6 
325183394	ID:21	[PKT-TX] DATA bytes=13  seq=6 
325199925	ID:1	[PKT-RX] DATA bytes=13 from=21 seq=6
325234554	ID:21	[PKT-RTT] seq=6,rtt_delay_ms=23
325316350	ID:1	[PKT-RX] DATA bytes=13 from=10 seq=6
325638430	ID:3	[PKT-TX] DATA bytes=12  seq=6 
325871337	ID:1	[PKT-RX] DATA bytes=12 from=3 seq=6
325989843	ID:13	[PKT-RTT] seq=6,rtt_delay_ms=1671
326174662	ID:3	[PKT-RTT] seq=6,rtt_delay_ms=265
326810686	ID:24	[HFS] ra=0 si=0 cx=40 ac=0
326815629	ID:24	[LIST] Neighbors: 17,16,18,10,13,8
326819267	ID:24	[LIST] Quarantine: (none)
326822763	ID:24	[LIST] Blacklist: (none)
326829359	ID:24	FUZZRID,DET,13,1923,1923,0,0,0,0,0,0,31,0,0,0
326886582	ID:18	[HFS] ra=0 si=0 cx=44 ac=0
326889966	ID:18	[LIST] Neighbors: 24,13
326893602	ID:18	[LIST] Quarantine: (none)
326897099	ID:18	[LIST] Blacklist: (none)
326903691	ID:18	FUZZRID,DET,13,1923,1923,0,0,0,0,0,0,26,0,0,0
328163035	ID:7	[HFS] ra=0 si=0 cx=49 ac=0
328167392	ID:7	[LIST] Neighbors: 4,23,29,9,14
328171029	ID:7	[LIST] Quarantine: (none)
328174529	ID:7	[LIST] Blacklist: (none)
328180317	ID:10	[HFS] ra=0 si=0 cx=49 ac=0
328180845	ID:7	FUZZRID,DET,9,1344,1344,0,0,0,0,0,0,8,0,0,0
328186113	ID:10	[LIST] Neighbors: 19,25,17,16,9,24,29,30
328189750	ID:10	[LIST] Quarantine: (none)
328193246	ID:10	[LIST] Blacklist: (none)
328199701	ID:10	FUZZRID,DET,9,1344,1344,0,0,0,0,0,0,12,0,0,0
328200276	ID:23	[HFS] ra=0 si=0 cx=49 ac=0
328203353	ID:23	[LIST] Neighbors: 7,9
328206990	ID:23	[LIST] Quarantine: (none)
328210486	ID:23	[LIST] Blacklist: (none)
328216809	ID:23	FUZZRID,DET,9,1344,1344,0,0,0,0,0,0,9,0,0,0
328227731	ID:25	[HFS] ra=0 si=0 cx=49 ac=0
328233527	ID:25	[LIST] Neighbors: 15,26,17,10,30,9,16,29
328237164	ID:25	[LIST] Quarantine: (none)
328240660	ID:25	[LIST] Blacklist: (none)
328247148	ID:25	FUZZRID,DET,9,1344,1344,0,0,0,0,0,0,13,0,0,0
328256572	ID:14	[HFS] ra=0 si=0 cx=49 ac=0
328260650	ID:14	[LIST] Neighbors: 31,4,7,9,3
328264288	ID:14	[LIST] Quarantine: (none)
328267784	ID:14	[LIST] Blacklist: (none)
328274272	ID:14	FUZZRID,DET,9,1344,1344,0,0,0,0,0,0,12,0,0,0
328282463	ID:4	[HFS] ra=0 si=0 cx=49 ac=0
328287540	ID:4	[LIST] Neighbors: 28,9,31,7,3,14,21
328291176	ID:4	[LIST] Quarantine: (none)
328294673	ID:4	[LIST] Blacklist: (none)
328301127	ID:4	FUZZRID,DET,9,1344,1344,0,0,0,0,0,0,11,0,0,0
328566403	ID:17	[PKT-TX] DATA bytes=13  seq=6 
328691376	ID:1	[PKT-RX] DATA bytes=13 from=17 seq=6
328901735	ID:15	[PKT-TX] DATA bytes=13  seq=6 
328916157	ID:12	[PKT-TX] DATA bytes=13  seq=6 
328918192	ID:1	[PKT-RX] DATA bytes=13 from=15 seq=6
330068809	ID:1	[PKT-RX] DATA bytes=13 from=12 seq=6
330497331	ID:12	[PKT-RTT] seq=6,rtt_delay_ms=789
330640102	ID:6	[HFS] ra=0 si=0 cx=49 ac=0
330645752	ID:6	[LIST] Neighbors: 19,17,20,16,30,2,12,5
330648118	ID:2	[HFS] ra=0 si=0 cx=49 ac=0
330649389	ID:6	[LIST] Quarantine: (none)
330652768	ID:2	[LIST] Neighbors: 16,5,30,6,12,8
330652885	ID:6	[LIST] Blacklist: (none)
330656406	ID:2	[LIST] Quarantine: (none)
330659340	ID:6	FUZZRID,DET,12,1376,1376,0,0,0,0,0,0,4,0,0,0
330659903	ID:2	[LIST] Blacklist: (none)
330665348	ID:20	[HFS] ra=0 si=0 cx=49 ac=0
330666357	ID:2	FUZZRID,DET,12,1376,1376,0,0,0,0,0,0,7,0,0,0
330671011	ID:20	[LIST] Neighbors: 26,30,19,6,12,5,22,11
330674648	ID:20	[LIST] Quarantine: (none)
330678144	ID:20	[LIST] Blacklist: (none)
330684623	ID:20	FUZZRID,DET,12,1376,1376,0,0,0,0,0,0,9,0,0,0
330712774	ID:10	[PKT-TX] DATA bytes=13  seq=7 
330944390	ID:1	[PKT-RX] DATA bytes=13 from=10 seq=7
331621009	ID:20	[PKT-TX] DATA bytes=13  seq=7 
331693303	ID:1	[PKT-RX] DATA bytes=13 from=20 seq=7
333417027	ID:5	[PKT-TX] DATA bytes=12  seq=7 
333566796	ID:1	[PKT-RX] DATA bytes=12 from=5 seq=7
334008793	ID:2	[PKT-TX] DATA bytes=12  seq=7 
334192439	ID:1	[PKT-RX] DATA bytes=12 from=2 seq=7
334518150	ID:2	[PKT-RTT] seq=7,rtt_delay_ms=250
334570101	ID:16	[PKT-TX] DATA bytes=13  seq=7 
334574858	ID:9	[PKT-TX] DATA bytes=12  seq=7 
334748991	ID:1	[PKT-RX] DATA bytes=12 from=9 seq=7
334786497	ID:19	[HFS] ra=0 si=0 cx=49 ac=0
334792293	ID:19	[LIST] Neighbors: 15,26,17,30,20,5,25,16
334795930	ID:19	[LIST] Quarantine: (none)
334799427	ID:19	[LIST] Blacklist: (none)
334806020	ID:19	FUZZRID,DET,20,1125,1125,0,0,0,0,0,0,14,0,0,0
335193725	ID:1	[PKT-RX] DATA bytes=13 from=16 seq=7
335534581	ID:16	[PKT-RTT] seq=7,rtt_delay_ms=476
336427969	ID:14	[PKT-TX] DATA bytes=13  seq=7 
336499357	ID:1	[PKT-RX] DATA bytes=13 from=14 seq=7
338370436	ID:18	[PKT-TX] DATA bytes=13  seq=7 
338691588	ID:1	[PKT-RX] DATA bytes=13 from=18 seq=7
340072792	ID:27	[ATK-FAKE-RANK]  true_rank=512 fake_rank=552 t=11720s
340182441	ID:15	[HFS] ra=0 si=0 cx=49 ac=0
340187956	ID:15	[LIST] Neighbors: 28,26,22,19,25,11,27
340191593	ID:15	[LIST] Quarantine: (none)
340195090	ID:15	[LIST] Blacklist: (none)
340201603	ID:15	FUZZRID,DET,27,552,512,40,0,15,60,5,0,0,0,0,0
342597653	ID:17	[PKT-TX] DATA bytes=13  seq=7 
342693601	ID:1	[PKT-RX] DATA bytes=13 from=17 seq=7
343431088	ID:7	[PKT-TX] DATA bytes=12  seq=7 
343622658	ID:1	[PKT-RX] DATA bytes=12 from=7 seq=7
343818117	ID:3	[PKT-TX] DATA bytes=12  seq=7 
343975062	ID:26	[ATK-FAKE-RANK]  true_rank=850 fake_rank=929 t=11720s
344034402	ID:1	[PKT-RX] DATA bytes=12 from=3 seq=7
344035325	ID:19	[HFS] ra=72 si=0 cx=49 ac=94
344041121	ID:19	[LIST] Neighbors: 15,26,17,30,20,5,25,16
344044758	ID:19	[LIST] Quarantine: (none)
344048254	ID:19	[LIST] Blacklist: (none)
344055397	ID:19	FUZZRID,DET,26,929,850,79,0,23,70,5,0,16,0,94,100
344297662	ID:3	[PKT-RTT] seq=7,rtt_delay_ms=234
344697392	ID:12	[PKT-TX] DATA bytes=13  seq=7 
344819337	ID:1	[PKT-RX] DATA bytes=13 from=12 seq=7
345177782	ID:3	[HFS] ra=0 si=0 cx=49 ac=0
345181446	ID:3	[LIST] Neighbors: 31,4,14
345185082	ID:3	[LIST] Quarantine: (none)
345188579	ID:3	[LIST] Blacklist: (none)
345195055	ID:3	FUZZRID,DET,14,1064,1064,0,0,0,0,0,0,5,0,0,0
345246926	ID:12	[PKT-RTT] seq=7,rtt_delay_ms=273
345379478	ID:19	[PKT-TX] DATA bytes=13  seq=7 
345441798	ID:1	[PKT-RX] DATA bytes=13 from=19 seq=7
346073189	ID:30	[ATK-FAKE-RANK]  true_rank=1029 fake_rank=1216 t=11720s
346100435	ID:25	[HFS] ra=74 si=48 cx=49 ac=82
346106231	ID:25	[LIST] Neighbors: 15,26,17,10,30,9,16,29
346109868	ID:25	[LIST] Quarantine: (none)
346112210	ID:5	[HFS] ra=74 si=47 cx=49 ac=82
346113365	ID:25	[LIST] Blacklist: (none)
346117008	ID:5	[LIST] Neighbors: 19,20,30,6,2,12
346120645	ID:5	[LIST] Quarantine: (none)
346120874	ID:25	FUZZRID,DET,30,1216,1029,187,0,73,100,5,0,0,0,82,75
346124142	ID:5	[LIST] Blacklist: (none)
346125403	ID:12	[HFS] ra=74 si=48 cx=49 ac=82
346129627	ID:12	[LIST] Neighbors: 20,5,30,6,2
346131652	ID:5	FUZZRID,DET,30,1216,1029,187,0,66,100,4,0,5,0,82,75
346133265	ID:12	[LIST] Quarantine: (none)
346136787	ID:12	[LIST] Blacklist: (none)
346138426	ID:6	[HFS] ra=74 si=48 cx=49 ac=82
346142593	ID:11	[HFS] ra=74 si=48 cx=49 ac=82
346144076	ID:6	[LIST] Neighbors: 19,17,20,16,30,2,12,5
346144319	ID:12	FUZZRID,DET,30,1216,1029,187,0,71,100,5,0,1,0,82,75
346146745	ID:2	[HFS] ra=74 si=48 cx=49 ac=82
346147684	ID:11	[LIST] Neighbors: 15,26,30,22,20,19
346147713	ID:6	[LIST] Quarantine: (none)
346151209	ID:6	[LIST] Blacklist: (none)
346151321	ID:11	[LIST] Quarantine: (none)
346151396	ID:2	[LIST] Neighbors: 16,5,30,6,12,8
346154818	ID:11	[LIST] Blacklist: (none)
346155033	ID:2	[LIST] Quarantine: (none)
346158530	ID:2	[LIST] Blacklist: (none)
346158718	ID:6	FUZZRID,DET,30,1216,1029,187,0,73,100,5,0,0,0,82,75
346161082	ID:19	[HFS] ra=74 si=46 cx=49 ac=82
346162327	ID:11	FUZZRID,DET,30,1216,1029,187,0,73,100,5,0,0,0,82,75
346163556	ID:16	[HFS] ra=74 si=48 cx=49 ac=82
346163725	ID:20	[HFS] ra=74 si=48 cx=49 ac=82
346166040	ID:2	FUZZRID,DET,30,1216,1029,187,0,73,100,5,0,0,0,82,75
346166879	ID:19	[LIST] Neighbors: 15,26,17,30,20,5,25,16
346169207	ID:16	[LIST] Neighbors: 19,17,30,24,29,25,2,8
346169375	ID:20	[LIST] Neighbors: 26,30,19,6,12,5,22,11
346170515	ID:19	[LIST] Quarantine: (none)
346172843	ID:16	[LIST] Quarantine: (none)
346173012	ID:20	[LIST] Quarantine: (none)
346174012	ID:19	[LIST] Blacklist: (none)
346176341	ID:16	[LIST] Blacklist: (none)
346176530	ID:20	[LIST] Blacklist: (none)
346181561	ID:19	FUZZRID,DET,30,1216,1029,187,0,64,100,4,0,7,0,82,75
346181753	ID:10	[HFS] ra=74 si=47 cx=49 ac=82
346183852	ID:16	FUZZRID,DET,30,1216,1029,187,0,71,100,5,0,1,0,82,75
346184067	ID:20	FUZZRID,DET,30,1216,1029,187,0,73,100,5,0,0,0,82,75
346187549	ID:10	[LIST] Neighbors: 19,25,17,16,9,24,29,30
346191186	ID:10	[LIST] Quarantine: (none)
346193854	ID:8	[HFS] ra=74 si=47 cx=49 ac=82
346194683	ID:10	[LIST] Blacklist: (none)
346198680	ID:8	[LIST] Neighbors: 17,16,30,6,2,24
346202192	ID:10	FUZZRID,DET,30,1216,1029,187,0,67,100,4,0,4,0,82,75
346202318	ID:8	[LIST] Quarantine: (none)
346205814	ID:8	[LIST] Blacklist: (none)
346213463	ID:8	FUZZRID,DET,30,1216,1029,187,0,67,100,14,0,4,0,82,75
350218896	ID:13	[PKT-TX] DATA bytes=13  seq=7 
350566490	ID:1	[PKT-RX] DATA bytes=13 from=13 seq=7
350675589	ID:21	[PKT-TX] DATA bytes=13  seq=7 
350783015	ID:1	[PKT-RX] DATA bytes=13 from=21 seq=7
350857493	ID:21	[PKT-RTT] seq=7,rtt_delay_ms=85
351112855	ID:13	[PKT-RTT] seq=7,rtt_delay_ms=445
351224327	ID:8	[PKT-TX] DATA bytes=12  seq=7 
351441351	ID:1	[PKT-RX] DATA bytes=12 from=8 seq=7
351814063	ID:8	[PKT-RTT] seq=7,rtt_delay_ms=289
352074957	ID:24	[PKT-TX] DATA bytes=13  seq=7 
352183048	ID:22	[HFS] ra=0 si=0 cx=49 ac=0
352187711	ID:22	[LIST] Neighbors: 15,26,11,20,27
352191348	ID:22	[LIST] Quarantine: (none)
352194845	ID:22	[LIST] Blacklist: (none)
352201299	ID:22	FUZZRID,DET,20,1125,1125,0,0,0,0,0,0,4,0,0,0
352238413	ID:5	[HFS] ra=0 si=0 cx=49 ac=0
352243210	ID:5	[LIST] Neighbors: 19,20,30,6,2,12
352246848	ID:5	[LIST] Quarantine: (none)
352250344	ID:5	[LIST] Blacklist: (none)
352250861	ID:12	[HFS] ra=0 si=0 cx=49 ac=0
352255085	ID:12	[LIST] Neighbors: 20,5,30,6,2
352256971	ID:5	FUZZRID,DET,20,1125,1125,0,0,0,0,0,0,12,0,0,0
352258722	ID:12	[LIST] Quarantine: (none)
352262219	ID:12	[LIST] Blacklist: (none)
352264566	ID:6	[HFS] ra=0 si=0 cx=49 ac=0
352268674	ID:12	FUZZRID,DET,20,1125,1125,0,0,0,0,0,0,4,0,0,0
352268710	ID:11	[HFS] ra=0 si=0 cx=49 ac=0
352270216	ID:6	[LIST] Neighbors: 19,17,20,16,30,2,12,5
352273800	ID:11	[LIST] Neighbors: 15,26,30,22,20,19
352273853	ID:6	[LIST] Quarantine: (none)
352277349	ID:6	[LIST] Blacklist: (none)
352277438	ID:11	[LIST] Quarantine: (none)
352280934	ID:11	[LIST] Blacklist: (none)
352283837	ID:6	FUZZRID,DET,20,1125,1125,0,0,0,0,0,0,2,0,0,0
352286246	ID:19	[HFS] ra=0 si=0 cx=49 ac=0
352287402	ID:11	FUZZRID,DET,20,1125,1125,0,0,0,0,0,0,3,0,0,0
352292042	ID:19	[LIST] Neighbors: 15,26,17,30,20,5,25,16
352295709	ID:19	[LIST] Quarantine: (none)
352299206	ID:19	[LIST] Blacklist: (none)
352305799	ID:19	FUZZRID,DET,20,1125,1125,0,0,0,0,0,0,14,0,0,0
352690372	ID:1	[PKT-RX] DATA bytes=13 from=24 seq=7
352939952	ID:11	[PKT-TX] DATA bytes=13  seq=7 
353057821	ID:24	[PKT-RTT] seq=7,rtt_delay_ms=492
353443784	ID:1	[PKT-RX] DATA bytes=13 from=11 seq=7
353479293	ID:22	[PKT-TX] DATA bytes=13  seq=7 
353632021	ID:1	[PKT-RX] DATA bytes=13 from=22 seq=7
354515453	ID:6	[HFS] ra=0 si=0 cx=49 ac=0
354521103	ID:6	[LIST] Neighbors: 19,17,20,16,30,2,12,5
354524740	ID:6	[LIST] Quarantine: (none)
354528236	ID:6	[LIST] Blacklist: (none)
354534554	ID:6	FUZZRID,DET,2,1559,1559,0,0,0,0,0,0,0,0,0,0
355287357	ID:25	[PKT-TX] DATA bytes=13  seq=7 
355443809	ID:1	[PKT-RX] DATA bytes=13 from=25 seq=7
356020342	ID:6	[PKT-TX] DATA bytes=12  seq=7 
356193808	ID:1	[PKT-RX] DATA bytes=12 from=6 seq=7
356540965	ID:20	[HFS] ra=0 si=0 cx=49 ac=0
356546614	ID:20	[LIST] Neighbors: 26,30,19,6,12,5,22,11
356550272	ID:20	[LIST] Quarantine: (none)
356553768	ID:20	[LIST] Blacklist: (none)
356559863	ID:20	FUZZRID,DET,22,788,788,0,0,0,0,0,0,0,0,0,0
357442867	ID:23	[PKT-TX] DATA bytes=13  seq=7 
357747811	ID:1	[PKT-RX] DATA bytes=13 from=23 seq=7
357969767	ID:4	[PKT-TX] DATA bytes=12  seq=7 
358123233	ID:1	[PKT-RX] DATA bytes=12 from=4 seq=7
358229860	ID:15	[PKT-TX] DATA bytes=13  seq=7 
358334352	ID:1	[PKT-RX] DATA bytes=13 from=15 seq=7
358875886	ID:12	[HFS] ra=0 si=0 cx=49 ac=0
358880121	ID:12	[LIST] Neighbors: 20,5,30,6,2
358883759	ID:12	[LIST] Quarantine: (none)
358887255	ID:12	[LIST] Blacklist: (none)
358893038	ID:6	[HFS] ra=0 si=0 cx=49 ac=0
358893569	ID:12	FUZZRID,DET,2,1325,1325,0,0,0,0,0,0,7,0,0,0
358898700	ID:6	[LIST] Neighbors: 19,17,20,16,30,2,12,5
358902337	ID:6	[LIST] Quarantine: (none)
358905833	ID:6	[LIST] Blacklist: (none)
358912147	ID:6	FUZZRID,DET,2,1325,1325,0,0,0,0,0,0,4,0,0,0
358944162	ID:8	[HFS] ra=0 si=0 cx=49 ac=0
358946080	ID:23	[PKT-RTT] seq=7,rtt_delay_ms=750
358948959	ID:8	[LIST] Neighbors: 17,16,30,6,2,24
358952597	ID:8	[LIST] Quarantine: (none)
358956094	ID:8	[LIST] Blacklist: (none)
358962408	ID:8	FUZZRID,DET,2,1325,1325,0,0,0,0,0,0,5,0,0,0
358986941	ID:5	[HFS] ra=0 si=0 cx=49 ac=0
358991738	ID:5	[LIST] Neighbors: 19,20,30,6,2,12
358995375	ID:5	[LIST] Quarantine: (none)
358998872	ID:5	[LIST] Blacklist: (none)
359005202	ID:5	FUZZRID,DET,2,1325,1325,0,0,0,0,0,0,6,0,0,0
360158698	ID:18	 46083 P 0.0 5 218906 11576790 75175 113571 0 84653 32400 1933607 9754 17687 0 12307 (radio 1.60% / 1.39% tx 0.63% / 0.49% listen 0.96% / 0.89%)
360187321	ID:16	 46083 P 0.0 5 490029 11305321 149637 205959 0 150465 66272 1899679 16682 27707 0 20443 (radio 3.01% / 2.25% tx 1.26% / 0.84% listen 1.74% / 1.40%)
360325086	ID:3	 46083 P 0.0 5 293207 11502586 115192 131458 0 90636 25987 1939958 4489 17025 0 14295 (radio 2.09% / 1.09% tx 0.97% / 0.22% listen 1.11% / 0.86%)
360347741	ID:23	 46083 P 0.0 5 272059 11523587 112913 122284 0 82421 30076 1935773 8368 16662 0 12595 (radio 1.99% / 1.27% tx 0.95% / 0.42% listen 1.03% / 0.84%)
360373218	ID:25	 46083 P 0.0 5 589296 11205925 201412 236788 0 149900 53331 1912294 9484 28148 0 23324 (radio 3.-293% / 1.91% tx 1.70% / 0.48% listen 2.00% / 1.43%)
360416532	ID:11	 46083 P 0.0 5 391362 11404413 127276 183069 0 125667 49325 1916694 10700 26757 0 20275 (radio 2.63% / 1.90% tx 1.07% / 0.54% listen 1.55% / 1.36%)
360557528	ID:19	 46083 P 0.0 5 881522 10913967 325619 310773 0 144250 186733 1778909 78278 59283 0 16474 (radio 5.-325% / 6.99% tx 2.76% / 3.98% listen 2.63% / 3.01%)
360563472	ID:20	 46083 P 0.0 5 441669 11353989 129376 182227 0 135972 56646 1909268 9434 22983 0 19388 (radio 2.64% / 1.64% tx 1.09% / 0.47% listen 1.54% / 1.16%)
360579084	ID:10	 46083 P 0.0 5 478517 11317545 162611 227742 0 167074 40452 1925571 3467 28074 0 25781 (radio 3.30% / 1.60% tx 1.37% / 0.17% listen 1.93% / 1.42%)
360679529	ID:4	 46083 P 0.0 5 390369 11405550 129983 152537 0 100936 40816 1925248 6580 19649 0 15478 (radio 2.39% / 1.33% tx 1.10% / 0.33% listen 1.29% / 0.99%)
360716031	ID:8	 46083 P 0.0 5 357901 11437917 107782 141695 0 100507 41062 1924915 6796 18131 0 15436 (radio 2.11% / 1.26% tx 0.91% / 0.34% listen 1.20% / 0.92%)
360779187	ID:14	 46083 P 0.0 5 361887 11433684 115405 143679 0 93106 55785 1910108 18478 22437 0 12668 (radio 2.19% / 2.08% tx 0.97% / 0.93% listen 1.21% / 1.14%)
360811875	ID:7	 46083 P 0.0 5 297345 11498194 80527 128990 0 104923 35875 1930085 6846 16890 0 14798 (radio 1.77% / 1.20% tx 0.68% / 0.34% listen 1.09% / 0.85%)
360828074	ID:1	 46085 P 0.0 5 618241 11178087 251111 11545110 0 0 138253 1827697 67721 1898317 0 0 (radio 99.-9731% / 100.-8739% tx 2.12% / 3.44% listen 97.-9380% / 96.-8683%)
360831827	ID:15	 46083 P 0.0 5 710343 11085196 219504 262698 0 106368 129951 1835844 43990 44233 0 16993 (radio 4.-356% / 4.48% tx 1.86% / 2.23% listen 2.22% / 2.25%)
360832292	ID:17	 46083 P 0.0 5 730140 11065293 301018 284826 0 162466 91782 1873881 33000 40644 0 23733 (radio 4.-268% / 3.74% tx 2.55% / 1.67% listen 2.41% / 2.06%)
360910726	ID:6	 46083 P 0.0 5 386989 11408866 73742 180738 0 143809 75802 1890179 16413 31975 0 21662 (radio 2.15% / 2.46% tx 0.62% / 0.83% listen 1.53% / 1.62%)
360921368	ID:2	 46083 P 0.0 5 346816 11448848 106939 150549 0 110082 66196 1899763 20992 24297 0 15701 (radio 2.18% / 2.30% tx 0.90% / 1.06% listen 1.27% / 1.23%)
360954281	ID:22	 46083 P 0.0 5 294191 11501342 100869 140062 0 106747 37767 1928148 9762 16952 0 13582 (radio 2.04% / 1.35% tx 0.85% / 0.49% listen 1.18% / 0.86%)
361024229	ID:12	 46083 P 0.0 5 372095 11423155 132326 146914 0 99307 57442 1907536 19275 20377 0 14581 (radio 2.36% / 2.01% tx 1.12% / 0.98% listen 1.24% / 1.03%)
361040830	ID:9	 46083 P 0.0 5 471671 11324392 188842 181625 0 112021 51951 1914113 15318 19825 0 13782 (radio 3.14% / 1.78% tx 1.60% / 0.77% listen 1.53% / 1.00%)
361083107	ID:24	 46083 P 0.0 5 608785 11186821 281014 212757 0 101809 59732 1906247 19940 23878 0 13182 (radio 4.-346% / 2.22% tx 2.38% / 1.01% listen 1.80% / 1.21%)
361134627	ID:5	 46083 P 0.0 5 512003 11283661 212452 180643 0 108153 40118 1925758 4909 23381 0 20899 (radio 3.33% / 1.43% tx 1.80% / 0.24% listen 1.53% / 1.18%)
361135791	ID:21	 46083 P 0.0 5 301218 11495060 83268 144838 0 90515 48264 1917801 13910 26655 0 16688 (radio 1.93% / 2.06% tx 0.70% / 0.70% listen 1.22% / 1.35%)
361139610	ID:13	 46083 P 0.0 5 217960 11577482 80216 109105 0 86983 25664 1940126 6155 14772 0 12828 (radio 1.60% / 1.06% tx 0.68% / 0.31% listen 0.92% / 0.75%)
361981306	ID:6	[PKT-TX] DATA bytes=12  seq=8 
362067469	ID:1	[PKT-RX] DATA bytes=12 from=6 seq=8
362391988	ID:2	[PKT-TX] DATA bytes=12  seq=8 
362693020	ID:1	[PKT-RX] DATA bytes=12 from=2 seq=8
363237191	ID:5	[HFS] ra=0 si=0 cx=49 ac=0
363241996	ID:5	[LIST] Neighbors: 19,20,30,6,2,12
363245633	ID:5	[LIST] Quarantine: (none)
363249130	ID:5	[LIST] Blacklist: (none)
363249963	ID:12	[HFS] ra=0 si=0 cx=49 ac=0
363254188	ID:12	[LIST] Neighbors: 20,5,30,6,2
363255445	ID:5	FUZZRID,DET,2,1325,1325,0,0,0,0,0,0,5,0,0,0
363257825	ID:12	[LIST] Quarantine: (none)
363261321	ID:12	[LIST] Blacklist: (none)
363263178	ID:6	[HFS] ra=0 si=0 cx=49 ac=0
363267636	ID:12	FUZZRID,DET,2,1325,1325,0,0,0,0,0,0,7,0,0,0
363268858	ID:6	[LIST] Neighbors: 19,17,20,16,30,2,12,5
363272495	ID:6	[LIST] Quarantine: (none)
363275992	ID:6	[LIST] Blacklist: (none)
363282331	ID:6	FUZZRID,DET,2,1325,1325,0,0,0,0,0,0,4,0,0,0
363289784	ID:16	[HFS] ra=0 si=0 cx=49 ac=0
363295433	ID:16	[LIST] Neighbors: 19,17,30,24,29,25,2,8
363299104	ID:16	[LIST] Quarantine: (none)
363302600	ID:16	[LIST] Blacklist: (none)
363308915	ID:16	FUZZRID,DET,2,1325,1325,0,0,0,0,0,0,5,0,0,0
363318384	ID:8	[HFS] ra=0 si=0 cx=49 ac=0
363323181	ID:8	[LIST] Neighbors: 17,16,30,6,2,24
363326819	ID:8	[LIST] Quarantine: (none)
363330332	ID:8	[LIST] Blacklist: (none)
363336646	ID:8	FUZZRID,DET,2,1325,1325,0,0,0,0,0,0,0,0,0,0
363895534	ID:2	[PKT-RTT] seq=8,rtt_delay_ms=750
364874525	ID:12	[HFS] ra=0 si=0 cx=46 ac=0
364878749	ID:12	[LIST] Neighbors: 20,5,30,6,2
364882386	ID:12	[LIST] Quarantine: (none)
364885883	ID:12	[LIST] Blacklist: (none)
364888863	ID:6	[HFS] ra=0 si=0 cx=49 ac=0
364892336	ID:12	FUZZRID,DET,5,1325,1325,0,0,0,0,0,0,24,0,0,0
364894513	ID:6	[LIST] Neighbors: 19,17,20,16,30,2,12,5
364896159	ID:2	[HFS] ra=0 si=0 cx=49 ac=0
364898150	ID:6	[LIST] Quarantine: (none)
364900810	ID:2	[LIST] Neighbors: 16,5,30,6,12,8
364901646	ID:6	[LIST] Blacklist: (none)
364904447	ID:2	[LIST] Quarantine: (none)
364907944	ID:2	[LIST] Blacklist: (none)
364908138	ID:6	FUZZRID,DET,5,1325,1325,0,0,0,0,0,0,12,0,0,0
364909782	ID:19	[HFS] ra=0 si=0 cx=49 ac=0
364914397	ID:2	FUZZRID,DET,5,1325,1325,0,0,0,0,0,0,15,0,0,0
364915578	ID:19	[LIST] Neighbors: 15,26,17,30,20,5,25,16
364918344	ID:20	[HFS] ra=0 si=0 cx=49 ac=0
364919215	ID:19	[LIST] Quarantine: (none)
364922712	ID:19	[LIST] Blacklist: (none)
364923993	ID:20	[LIST] Neighbors: 26,30,19,6,12,5,22,11
364927650	ID:20	[LIST] Quarantine: (none)
364929166	ID:19	FUZZRID,DET,5,1325,1325,0,0,0,0,0,0,19,0,0,0
364931146	ID:20	[LIST] Blacklist: (none)
364937599	ID:20	FUZZRID,DET,5,1325,1325,0,0,0,0,0,0,12,0,0,0
365644711	ID:11	[HFS] ra=0 si=0 cx=49 ac=0
365649801	ID:11	[LIST] Neighbors: 15,26,30,22,20,19
365653471	ID:11	[LIST] Quarantine: (none)
365656968	ID:11	[LIST] Blacklist: (none)
365663063	ID:11	FUZZRID,DET,19,783,783,0,0,0,0,0,0,4,0,0,0
368683361	ID:24	[HFS] ra=0 si=0 cx=49 ac=0
368688304	ID:24	[LIST] Neighbors: 17,16,18,10,13,8
368691942	ID:24	[LIST] Quarantine: (none)
368695439	ID:24	[LIST] Blacklist: (none)
368701891	ID:24	FUZZRID,DET,18,1641,1641,0,0,0,0,0,0,2,0,0,0
369610728	ID:5	[HFS] ra=0 si=0 cx=49 ac=0
369615525	ID:5	[LIST] Neighbors: 19,20,30,6,2,12
369619163	ID:5	[LIST] Quarantine: (none)
369622669	ID:5	[LIST] Blacklist: (none)
369629123	ID:5	FUZZRID,DET,12,1370,1370,0,0,0,0,0,0,8,0,0,0
369636828	ID:6	[HFS] ra=0 si=0 cx=49 ac=0
369642478	ID:6	[LIST] Neighbors: 19,17,20,16,30,2,12,5
369646115	ID:6	[LIST] Quarantine: (none)
369648974	ID:2	[HFS] ra=0 si=0 cx=49 ac=0
369649611	ID:6	[LIST] Blacklist: (none)
369653624	ID:2	[LIST] Neighbors: 16,5,30,6,12,8
369656071	ID:6	FUZZRID,DET,12,1370,1370,0,0,0,0,0,0,4,0,0,0
369657262	ID:2	[LIST] Quarantine: (none)
369660759	ID:2	[LIST] Blacklist: (none)
369666252	ID:20	[HFS] ra=0 si=0 cx=49 ac=0
369667239	ID:2	FUZZRID,DET,12,1370,1370,0,0,0,0,0,0,4,0,0,0
369671902	ID:20	[LIST] Neighbors: 26,30,19,6,12,5,22,11
369675552	ID:20	[LIST] Quarantine: (none)
369679048	ID:20	[LIST] Blacklist: (none)
369685503	ID:20	FUZZRID,DET,12,1370,1370,0,0,0,0,0,0,4,0,0,0
370002434	ID:11	[PKT-TX] DATA bytes=13  seq=8 
370065852	ID:1	[PKT-RX] DATA bytes=13 from=11 seq=8
371081422	ID:15	[PKT-TX] DATA bytes=13  seq=8 
371097880	ID:1	[PKT-RX] DATA bytes=13 from=15 seq=8
371122805	ID:3	[PKT-TX] DATA bytes=12  seq=8 
371248842	ID:1	[PKT-RX] DATA bytes=12 from=3 seq=8
371549258	ID:3	[PKT-RTT] seq=8,rtt_delay_ms=210
372243588	ID:7	[PKT-TX] DATA bytes=12  seq=8 
372495972	ID:1	[PKT-RX] DATA bytes=12 from=7 seq=8
373412344	ID:14	[PKT-TX] DATA bytes=13  seq=8 
373498314	ID:1	[PKT-RX] DATA bytes=13 from=14 seq=8
373715773	ID:23	[PKT-TX] DATA bytes=13  seq=8 
373997009	ID:1	[PKT-RX] DATA bytes=13 from=23 seq=8
374445043	ID:23	[PKT-RTT] seq=8,rtt_delay_ms=359
375909956	ID:21	[PKT-TX] DATA bytes=13  seq=8 
375926424	ID:1	[PKT-RX] DATA bytes=13 from=21 seq=8
375983667	ID:21	[PKT-RTT] seq=8,rtt_delay_ms=31
376235762	ID:5	[HFS] ra=0 si=0 cx=49 ac=0
376240559	ID:5	[LIST] Neighbors: 19,20,30,6,2,12
376244197	ID:5	[LIST] Quarantine: (none)
376247693	ID:5	[LIST] Blacklist: (none)
376254008	ID:5	FUZZRID,DET,2,1325,1325,0,0,0,0,0,0,6,0,0,0
376261867	ID:6	[HFS] ra=0 si=0 cx=49 ac=0
376267517	ID:6	[LIST] Neighbors: 19,17,20,16,30,2,12,5
376271154	ID:6	[LIST] Quarantine: (none)
376274657	ID:6	[LIST] Blacklist: (none)
376280971	ID:6	FUZZRID,DET,2,1325,1325,0,0,0,0,0,0,0,0,0,0
376291926	ID:16	[HFS] ra=0 si=0 cx=49 ac=0
376297576	ID:16	[LIST] Neighbors: 19,17,30,24,29,25,2,8
376301213	ID:16	[LIST] Quarantine: (none)
376304709	ID:16	[LIST] Blacklist: (none)
376311024	ID:16	FUZZRID,DET,2,1325,1325,0,0,0,0,0,0,6,0,0,0
376316839	ID:8	[HFS] ra=0 si=0 cx=49 ac=0
376321636	ID:8	[LIST] Neighbors: 17,16,30,6,2,24
376325274	ID:8	[LIST] Quarantine: (none)
376328794	ID:8	[LIST] Blacklist: (none)
376335109	ID:8	FUZZRID,DET,2,1325,1325,0,0,0,0,0,0,1,0,0,0
376661820	ID:8	[PKT-TX] DATA bytes=12  seq=8 
376942968	ID:1	[PKT-RX] DATA bytes=12 from=8 seq=8
377312597	ID:8	[PKT-RTT] seq=8,rtt_delay_ms=320
378684345	ID:24	[HFS] ra=0 si=0 cx=49 ac=0
378689288	ID:24	[LIST] Neighbors: 17,16,18,10,13,8
378692926	ID:24	[LIST] Quarantine: (none)
378696422	ID:24	[LIST] Blacklist: (none)
378702736	ID:24	FUZZRID,DET,8,1365,1365,0,0,0,0,0,0,0,0,0,0
378968896	ID:13	[PKT-TX] DATA bytes=13  seq=8 
379317379	ID:1	[PKT-RX] DATA bytes=13 from=13 seq=8
379336954	ID:4	[PKT-TX] DATA bytes=12  seq=8 
379988545	ID:13	[PKT-RTT] seq=8,rtt_delay_ms=507
379997109	ID:1	[PKT-RX] DATA bytes=12 from=4 seq=8
380199797	ID:19	[PKT-TX] DATA bytes=13  seq=8 
380568487	ID:1	[PKT-RX] DATA bytes=13 from=19 seq=8
383105329	ID:20	[PKT-TX] DATA bytes=13  seq=8 
383192008	ID:1	[PKT-RX] DATA bytes=13 from=20 seq=8
384001162	ID:12	[HFS] ra=0 si=0 cx=49 ac=0
384005401	ID:12	[LIST] Neighbors: 20,5,30,6,2
384009038	ID:12	[LIST] Quarantine: (none)
384012535	ID:12	[LIST] Blacklist: (none)
384018988	ID:12	FUZZRID,DET,5,1325,1325,0,0,0,0,0,0,20,0,0,0
384063352	ID:16	[PKT-TX] DATA bytes=13  seq=8 
384191308	ID:1	[PKT-RX] DATA bytes=13 from=16 seq=8
384535141	ID:16	[PKT-RTT] seq=8,rtt_delay_ms=234
385022680	ID:2	[HFS] ra=0 si=0 cx=49 ac=0
385027348	ID:2	[LIST] Neighbors: 16,5,30,6,12,8
385030986	ID:2	[LIST] Quarantine: (none)
385034483	ID:2	[LIST] Blacklist: (none)
385040937	ID:2	FUZZRID,DET,12,1370,1370,0,0,0,0,0,0,4,0,0,0
385150291	ID:10	[PKT-TX] DATA bytes=13  seq=8 
385300130	ID:18	[PKT-TX] DATA bytes=13  seq=8 
385317501	ID:1	[PKT-RX] DATA bytes=13 from=10 seq=8
385693170	ID:1	[PKT-RX] DATA bytes=13 from=18 seq=8
385887456	ID:24	[PKT-TX] DATA bytes=13  seq=8 
385940478	ID:5	[PKT-TX] DATA bytes=12  seq=8 
386268356	ID:22	[PKT-TX] DATA bytes=13  seq=8 
386383087	ID:1	[PKT-RX] DATA bytes=13 from=22 seq=8
386567540	ID:1	[PKT-RX] DATA bytes=12 from=5 seq=8
386823752	ID:1	[PKT-RX] DATA bytes=13 from=24 seq=8
386892414	ID:6	[HFS] ra=0 si=0 cx=49 ac=0
386898098	ID:6	[LIST] Neighbors: 19,17,20,16,30,2,12,5
386899541	ID:2	[HFS] ra=0 si=0 cx=49 ac=0
386901735	ID:6	[LIST] Quarantine: (none)
386904192	ID:2	[LIST] Neighbors: 16,5,30,6,12,8
386905233	ID:6	[LIST] Blacklist: (none)
386907829	ID:2	[LIST] Quarantine: (none)
386909094	ID:19	[HFS] ra=0 si=0 cx=49 ac=0
386911326	ID:2	[LIST] Blacklist: (none)
386911687	ID:6	FUZZRID,DET,16,1051,1051,0,0,0,0,0,0,4,0,0,0
386914916	ID:19	[LIST] Neighbors: 15,26,17,30,20,5,25,16
386917799	ID:2	FUZZRID,DET,16,1051,1051,0,0,0,0,0,0,5,0,0,0
386918553	ID:19	[LIST] Quarantine: (none)
386922050	ID:19	[LIST] Blacklist: (none)
386928661	ID:19	FUZZRID,DET,16,1051,1051,0,0,0,0,0,0,14,0,0,0
386929666	ID:10	[HFS] ra=0 si=0 cx=49 ac=0
386933867	ID:24	[HFS] ra=0 si=0 cx=49 ac=0
386935495	ID:10	[LIST] Neighbors: 19,25,17,16,9,24,29,30
386938810	ID:24	[LIST] Neighbors: 17,16,18,10,13,8
386939132	ID:10	[LIST] Quarantine: (none)
386942162	ID:8	[HFS] ra=0 si=0 cx=49 ac=0
386942448	ID:24	[LIST] Quarantine: (none)
386942628	ID:10	[LIST] Blacklist: (none)
386945945	ID:24	[LIST] Blacklist: (none)
386946959	ID:8	[LIST] Neighbors: 17,16,30,6,2,24
386949100	ID:10	FUZZRID,DET,16,1051,1051,0,0,0,0,0,0,5,0,0,0
386950596	ID:8	[LIST] Quarantine: (none)
386952399	ID:24	FUZZRID,DET,16,1051,1051,0,0,0,0,0,0,6,0,0,0
386954093	ID:8	[LIST] Blacklist: (none)
386960547	ID:8	FUZZRID,DET,16,1051,1051,0,0,0,0,0,0,4,0,0,0
387180069	ID:24	[PKT-RTT] seq=8,rtt_delay_ms=640
387197399	ID:12	[PKT-TX] DATA bytes=13  seq=8 
387319331	ID:1	[PKT-RX] DATA bytes=13 from=12 seq=8
387746406	ID:12	[PKT-RTT] seq=8,rtt_delay_ms=273
388449007	ID:9	[PKT-TX] DATA bytes=12  seq=8 
388623154	ID:1	[PKT-RX] DATA bytes=12 from=9 seq=8
389824216	ID:17	[PKT-TX] DATA bytes=13  seq=8 
389943998	ID:1	[PKT-RX] DATA bytes=13 from=17 seq=8
390155607	ID:25	[PKT-TX] DATA bytes=13  seq=8 
390191676	ID:1	[PKT-RX] DATA bytes=13 from=25 seq=8
391801710	ID:23	[PKT-TX] DATA bytes=13  seq=9 
392114944	ID:8	[PKT-TX] DATA bytes=12  seq=9 
392371276	ID:1	[PKT-RX] DATA bytes=13 from=23 seq=9
392691221	ID:1	[PKT-RX] DATA bytes=12 from=8 seq=9
392822058	ID:23	[PKT-RTT] seq=9,rtt_delay_ms=507
392867460	ID:28	[ATK-FAKE-RANK]  true_rank=512 fake_rank=592 t=11720s
393063497	ID:8	[PKT-RTT] seq=9,rtt_delay_ms=468
393531502	ID:4	[HFS] ra=72 si=0 cx=49 ac=94
393536579	ID:4	[LIST] Neighbors: 28,9,31,7,3,14,21
393540215	ID:4	[LIST] Quarantine: (none)
393543712	ID:4	[LIST] Blacklist: (none)
393550859	ID:4	FUZZRID,DET,28,592,512,80,0,30,70,10,0,2,0,94,100
394642665	ID:4	[PKT-TX] DATA bytes=12  seq=9 
394836084	ID:13	[PKT-TX] DATA bytes=13  seq=9 
395122650	ID:1	[PKT-RX] DATA bytes=12 from=4 seq=9
395192815	ID:1	[PKT-RX] DATA bytes=13 from=13 seq=9
395408322	ID:12	[PKT-TX] DATA bytes=13  seq=9 
395738022	ID:13	[PKT-RTT] seq=9,rtt_delay_ms=445
396060228	ID:19	[PKT-TX] DATA bytes=13  seq=9 
396567442	ID:1	[PKT-RX] DATA bytes=13 from=19 seq=9
397567197	ID:1	[PKT-RX] DATA bytes=13 from=12 seq=9
397999805	ID:12	[PKT-RTT] seq=9,rtt_delay_ms=1296
398775097	ID:29	[ATK-FAKE-RANK]  true_rank=1619 fake_rank=1611 t=11720s
398791055	ID:7	[HFS] ra=0 si=0 cx=49 ac=0
398795412	ID:7	[LIST] Neighbors: 4,23,29,9,14
398799048	ID:7	[LIST] Quarantine: (none)
398802545	ID:7	[LIST] Blacklist: (none)
398808880	ID:7	FUZZRID,DET,9,1312,1312,0,0,0,0,0,0,9,0,0,0
399040615	ID:16	[HFS] ra=72 si=0 cx=49 ac=94
399046265	ID:16	[LIST] Neighbors: 19,17,30,24,29,25,2,8
399049902	ID:16	[LIST] Quarantine: (none)
399053398	ID:16	[LIST] Blacklist: (none)
399060728	ID:16	FUZZRID,DET,29,1611,1619,-8,0,2,70,9,16,6,0,94,100
399539251	ID:16	[HFS] ra=0 si=0 cx=49 ac=0
399544901	ID:16	[LIST] Neighbors: 19,17,30,24,29,25,2,8
399548545	ID:16	[LIST] Quarantine: (none)
399552042	ID:16	[LIST] Blacklist: (none)
399558636	ID:16	FUZZRID,DET,24,1476,1476,0,0,0,0,0,0,10,0,0,0
399667757	ID:9	[PKT-TX] DATA bytes=12  seq=9 
399874011	ID:1	[PKT-RX] DATA bytes=12 from=9 seq=9
400151314	ID:30	[ATK-FAKE-RANK]  true_rank=1029 fake_rank=1236 t=11720s
400156566	ID:4	[HFS] ra=0 si=0 cx=49 ac=0
400161643	ID:4	[LIST] Neighbors: 28,9,31,7,3,14,21
400165280	ID:4	[LIST] Quarantine: (none)
400168777	ID:4	[LIST] Blacklist: (none)
400174870	ID:4	FUZZRID,DET,21,512,512,0,0,0,0,0,0,0,0,0,0
400182914	ID:10	[HFS] ra=74 si=49 cx=49 ac=82
400182984	ID:17	[HFS] ra=74 si=48 cx=49 ac=82
400188711	ID:10	[LIST] Neighbors: 19,25,17,16,9,24,29,30
400188927	ID:17	[LIST] Neighbors: 26,19,16,10,24,29,25,30
400192348	ID:10	[LIST] Quarantine: (none)
400192564	ID:17	[LIST] Quarantine: (none)
400195089	ID:8	[HFS] ra=74 si=48 cx=49 ac=82
400195844	ID:10	[LIST] Blacklist: (none)
400196060	ID:17	[LIST] Blacklist: (none)
400199887	ID:8	[LIST] Neighbors: 17,16,30,6,2,24
400203354	ID:10	FUZZRID,DET,30,1236,1029,207,0,80,100,5,0,0,0,82,75
400203524	ID:8	[LIST] Quarantine: (none)
400203598	ID:17	FUZZRID,DET,30,1236,1029,207,0,72,100,9,0,6,0,82,75
400207021	ID:8	[LIST] Blacklist: (none)
400214560	ID:8	FUZZRID,DET,30,1236,1029,207,0,73,100,4,0,5,0,82,75
400225455	ID:25	[HFS] ra=74 si=49 cx=49 ac=82
400231285	ID:25	[LIST] Neighbors: 15,26,17,10,30,9,16,29
400234922	ID:25	[LIST] Quarantine: (none)
400237599	ID:5	[HFS] ra=74 si=48 cx=49 ac=82
400238418	ID:25	[LIST] Blacklist: (none)
400242415	ID:5	[LIST] Neighbors: 19,20,30,6,2,12
400245944	ID:25	FUZZRID,DET,30,1236,1029,207,0,80,100,5,0,0,0,82,75
400246053	ID:5	[LIST] Quarantine: (none)
400249550	ID:5	[LIST] Blacklist: (none)
400250695	ID:12	[HFS] ra=74 si=49 cx=49 ac=82
400254920	ID:12	[LIST] Neighbors: 20,5,30,6,2
400257094	ID:5	FUZZRID,DET,30,1236,1029,207,0,73,100,4,0,5,0,82,75
400258557	ID:12	[LIST] Quarantine: (none)
400262066	ID:12	[LIST] Blacklist: (none)
400263752	ID:6	[HFS] ra=74 si=49 cx=49 ac=82
400267728	ID:11	[HFS] ra=74 si=49 cx=49 ac=82
400269417	ID:6	[LIST] Neighbors: 19,17,20,16,30,2,12,5
400269604	ID:12	FUZZRID,DET,30,1236,1029,207,0,79,100,5,0,1,0,82,75
400272145	ID:2	[HFS] ra=74 si=49 cx=49 ac=82
400272818	ID:11	[LIST] Neighbors: 15,26,30,22,20,19
400273054	ID:6	[LIST] Quarantine: (none)
400276455	ID:11	[LIST] Quarantine: (none)
400276550	ID:6	[LIST] Blacklist: (none)
400276796	ID:2	[LIST] Neighbors: 16,5,30,6,12,8
400279952	ID:11	[LIST] Blacklist: (none)
400280434	ID:2	[LIST] Quarantine: (none)
400283931	ID:2	[LIST] Blacklist: (none)
400284094	ID:6	FUZZRID,DET,30,1236,1029,207,0,80,100,5,0,0,0,82,75
400286232	ID:19	[HFS] ra=74 si=48 cx=49 ac=82
400287495	ID:11	FUZZRID,DET,30,1236,1029,207,0,80,100,5,0,0,0,82,75
400288976	ID:20	[HFS] ra=74 si=49 cx=49 ac=82
400288987	ID:16	[HFS] ra=74 si=49 cx=49 ac=82
400291441	ID:2	FUZZRID,DET,30,1236,1029,207,0,79,100,5,0,1,0,82,75
400292028	ID:19	[LIST] Neighbors: 15,26,17,30,20,5,25,16
400294637	ID:16	[LIST] Neighbors: 19,17,30,24,29,25,2,8
400294660	ID:20	[LIST] Neighbors: 26,30,19,6,12,5,22,11
400295665	ID:19	[LIST] Quarantine: (none)
400298274	ID:16	[LIST] Quarantine: (none)
400298297	ID:20	[LIST] Quarantine: (none)
400299161	ID:19	[LIST] Blacklist: (none)
400301770	ID:16	[LIST] Blacklist: (none)
400301810	ID:20	[LIST] Blacklist: (none)
400306696	ID:19	FUZZRID,DET,30,1236,1029,207,0,71,100,4,0,7,0,82,75
400309280	ID:16	FUZZRID,DET,30,1236,1029,207,0,79,100,5,0,1,0,82,75
400309343	ID:20	FUZZRID,DET,30,1236,1029,207,0,80,100,5,0,0,0,82,75
400492566	ID:2	[PKT-TX] DATA bytes=12  seq=9 
400941010	ID:1	[PKT-RX] DATA bytes=12 from=2 seq=9
401197739	ID:11	[PKT-TX] DATA bytes=13  seq=9 
401394409	ID:2	[PKT-RTT] seq=9,rtt_delay_ms=445
401441305	ID:1	[PKT-RX] DATA bytes=13 from=11 seq=9
401737106	ID:22	[PKT-TX] DATA bytes=13  seq=9 
401861198	ID:5	[HFS] ra=0 si=0 cx=49 ac=0
401866017	ID:5	[LIST] Neighbors: 19,20,30,6,2,12
401869655	ID:5	[LIST] Quarantine: (none)
401873152	ID:5	[LIST] Blacklist: (none)
401879383	ID:5	FUZZRID,DET,19,814,814,0,0,0,0,0,0,12,0,0,0
401891831	ID:11	[HFS] ra=0 si=0 cx=49 ac=0
401896954	ID:11	[LIST] Neighbors: 15,26,30,22,20,19
401899887	ID:6	[HFS] ra=0 si=0 cx=49 ac=0
401900592	ID:11	[LIST] Quarantine: (none)
401904088	ID:11	[LIST] Blacklist: (none)
401905536	ID:6	[LIST] Neighbors: 19,17,20,16,30,2,12,5
401909173	ID:6	[LIST] Quarantine: (none)
401910180	ID:11	FUZZRID,DET,19,814,814,0,0,0,0,0,0,0,0,0,0
401912508	ID:16	[HFS] ra=0 si=0 cx=49 ac=0
401912670	ID:6	[LIST] Blacklist: (none)
401917766	ID:20	[HFS] ra=0 si=0 cx=49 ac=0
401918191	ID:16	[LIST] Neighbors: 19,17,30,24,29,25,2,8
401918762	ID:6	FUZZRID,DET,19,814,814,0,0,0,0,0,0,6,0,0,0
401921828	ID:16	[LIST] Quarantine: (none)
401923416	ID:20	[LIST] Neighbors: 26,30,19,6,12,5,22,11
401925325	ID:16	[LIST] Blacklist: (none)
401927053	ID:20	[LIST] Quarantine: (none)
401929782	ID:10	[HFS] ra=0 si=0 cx=49 ac=0
401930549	ID:20	[LIST] Blacklist: (none)
401931417	ID:16	FUZZRID,DET,19,814,814,0,0,0,0,0,0,7,0,0,0
401933862	ID:17	[HFS] ra=0 si=0 cx=49 ac=0
401935578	ID:10	[LIST] Neighbors: 19,25,17,16,9,24,29,30
401936658	ID:20	FUZZRID,DET,19,814,814,0,0,0,0,0,0,0,0,0,0
401939215	ID:10	[LIST] Quarantine: (none)
401939822	ID:17	[LIST] Neighbors: 26,19,16,10,24,29,25,30
401942712	ID:10	[LIST] Blacklist: (none)
401943459	ID:17	[LIST] Quarantine: (none)
401946955	ID:17	[LIST] Blacklist: (none)
401948820	ID:10	FUZZRID,DET,19,814,814,0,0,0,0,0,0,7,0,0,0
401953047	ID:17	FUZZRID,DET,19,814,814,0,0,0,0,0,0,8,0,0,0
402131472	ID:1	[PKT-RX] DATA bytes=13 from=22 seq=9
402511110	ID:15	[PKT-TX] DATA bytes=13  seq=9 
402527653	ID:1	[PKT-RX] DATA bytes=13 from=15 seq=9
405175461	ID:10	[PKT-TX] DATA bytes=13  seq=9 
405821830	ID:1	[PKT-RX] DATA bytes=13 from=10 seq=9
405870901	ID:21	[PKT-TX] DATA bytes=13  seq=9 
405887528	ID:1	[PKT-RX] DATA bytes=13 from=21 seq=9
405982228	ID:21	[PKT-RTT] seq=9,rtt_delay_ms=54
406072833	ID:23	[HFS] ra=0 si=0 cx=49 ac=0
406075911	ID:23	[LIST] Neighbors: 7,9
406079548	ID:23	[LIST] Quarantine: (none)
406083044	ID:23	[LIST] Blacklist: (none)
406089497	ID:23	FUZZRID,DET,7,1291,1291,0,0,0,0,0,0,11,0,0,0
406486653	ID:5	[HFS] ra=0 si=0 cx=49 ac=0
406491450	ID:5	[LIST] Neighbors: 19,20,30,6,2,12
406495088	ID:5	[LIST] Quarantine: (none)
406498584	ID:5	[LIST] Blacklist: (none)
406503779	ID:12	[HFS] ra=0 si=0 cx=49 ac=0
406504923	ID:5	FUZZRID,DET,2,1350,1350,0,0,0,0,0,0,6,0,0,0
406508004	ID:12	[LIST] Neighbors: 20,5,30,6,2
406511648	ID:12	[LIST] Quarantine: (none)
406512491	ID:6	[HFS] ra=0 si=0 cx=49 ac=0
406515144	ID:12	[LIST] Blacklist: (none)
406518159	ID:6	[LIST] Neighbors: 19,17,20,16,30,2,12,5
406521494	ID:12	FUZZRID,DET,2,1350,1350,0,0,0,0,0,0,2,0,0,0
406521795	ID:6	[LIST] Quarantine: (none)
406525292	ID:6	[LIST] Blacklist: (none)
406531635	ID:6	FUZZRID,DET,2,1350,1350,0,0,0,0,0,0,0,0,0,0
406538712	ID:16	[HFS] ra=0 si=0 cx=49 ac=0
406544361	ID:16	[LIST] Neighbors: 19,17,30,24,29,25,2,8
406547998	ID:16	[LIST] Quarantine: (none)
406551495	ID:16	[LIST] Blacklist: (none)
406557811	ID:16	FUZZRID,DET,2,1350,1350,0,0,0,0,0,0,5,0,0,0
406567732	ID:8	[HFS] ra=0 si=0 cx=49 ac=0
406572561	ID:8	[LIST] Neighbors: 17,16,30,6,2,24
406576198	ID:8	[LIST] Quarantine: (none)
406579696	ID:8	[LIST] Blacklist: (none)
406586046	ID:8	FUZZRID,DET,2,1350,1350,0,0,0,0,0,0,0,0,0,0
407079528	ID:7	[PKT-TX] DATA bytes=12  seq=9 
407247684	ID:1	[PKT-RX] DATA bytes=12 from=7 seq=9
408137817	ID:6	[HFS] ra=0 si=0 cx=49 ac=0
408143467	ID:6	[LIST] Neighbors: 19,17,20,16,30,2,12,5
408147104	ID:6	[LIST] Quarantine: (none)
408150601	ID:6	[LIST] Blacklist: (none)
408157058	ID:6	FUZZRID,DET,20,1117,1117,0,0,0,0,0,0,2,0,0,0
408339186	ID:18	[PKT-TX] DATA bytes=13  seq=9 
408694244	ID:1	[PKT-RX] DATA bytes=13 from=18 seq=9
409865504	ID:26	[ATK-FAKE-RANK]  true_rank=841 fake_rank=949 t=11720s
410184124	ID:17	[HFS] ra=72 si=0 cx=49 ac=94
410190066	ID:17	[LIST] Neighbors: 26,19,16,10,24,29,25,30
410193703	ID:17	[LIST] Quarantine: (none)
410197200	ID:17	[LIST] Blacklist: (none)
410204626	ID:17	FUZZRID,DET,26,949,841,108,0,35,70,12,0,10,0,94,100
410959238	ID:25	[PKT-TX] DATA bytes=13  seq=9 
411066770	ID:1	[PKT-RX] DATA bytes=13 from=25 seq=9
411557222	ID:22	[HFS] ra=0 si=0 cx=49 ac=0
411561885	ID:22	[LIST] Neighbors: 15,26,11,20,27
411565522	ID:22	[LIST] Quarantine: (none)
411569019	ID:22	[LIST] Blacklist: (none)
411575137	ID:22	FUZZRID,DET,15,512,512,0,0,0,0,0,0,7,0,0,0
412185782	ID:14	[PKT-TX] DATA bytes=13  seq=9 
412374328	ID:1	[PKT-RX] DATA bytes=13 from=14 seq=9
413434428	ID:6	[PKT-TX] DATA bytes=12  seq=9 
413567082	ID:1	[PKT-RX] DATA bytes=12 from=6 seq=9
413753774	ID:20	[PKT-TX] DATA bytes=13  seq=9 
413943605	ID:1	[PKT-RX] DATA bytes=13 from=20 seq=9
414257185	ID:6	[PKT-RTT] seq=9,rtt_delay_ms=406
415223401	ID:24	[PKT-TX] DATA bytes=13  seq=9 
415443141	ID:1	[PKT-RX] DATA bytes=13 from=24 seq=9
415806257	ID:24	[PKT-RTT] seq=9,rtt_delay_ms=289
415980470	ID:17	[PKT-TX] DATA bytes=13  seq=9 
416067101	ID:1	[PKT-RX] DATA bytes=13 from=17 seq=9
416120152	ID:5	[PKT-TX] DATA bytes=12  seq=9 
416691522	ID:1	[PKT-RX] DATA bytes=12 from=5 seq=9
417052539	ID:17	[PKT-RTT] seq=9,rtt_delay_ms=531
417614992	ID:3	[PKT-TX] DATA bytes=12  seq=9 
418249000	ID:1	[PKT-RX] DATA bytes=12 from=3 seq=9
418991981	ID:16	[PKT-TX] DATA bytes=13  seq=9 
419067138	ID:1	[PKT-RX] DATA bytes=13 from=16 seq=9
419485296	ID:5	[HFS] ra=0 si=0 cx=49 ac=0
419490093	ID:5	[LIST] Neighbors: 19,20,30,6,2,12
419493731	ID:5	[LIST] Quarantine: (none)
419497255	ID:5	[LIST] Blacklist: (none)
419503711	ID:5	FUZZRID,DET,12,1437,1437,0,0,0,0,0,0,8,0,0,0
419782899	ID:16	[PKT-RTT] seq=9,rtt_delay_ms=390
420158979	ID:18	 53763 P 0.0 6 255117 13506360 88052 132292 0 97306 36209 1929570 12877 18721 0 12653 (radio 1.60% / 1.60% tx 0.63% / 0.65% listen 0.96% / 0.95%)
420187321	ID:16	 53763 P 0.0 6 561191 13199890 165500 232586 0 169190 71161 1894569 15863 26627 0 18725 (radio 2.89% / 2.16% tx 1.20% / 0.80% listen 1.69% / 1.35%)
420325436	ID:3	 53763 P 0.0 6 319995 13441745 120955 148409 0 104694 26786 1939159 5763 16951 0 14058 (radio 1.95% / 1.15% tx 0.87% / 0.29% listen 1.07% / 0.86%)
420347764	ID:23	 53763 P 0.0 6 296042 13465575 117265 137439 0 94959 23982 1941988 4352 15155 0 12538 (radio 1.85% / 0.99% tx 0.85% / 0.22% listen 0.99% / 0.77%)
420373209	ID:25	 53763 P 0.0 6 629742 13131209 205884 261368 0 172119 40445 1925284 4472 24580 0 22219 (radio 3.-273% / 1.47% tx 1.49% / 0.22% listen 1.89% / 1.25%)
420416531	ID:11	 53763 P 0.0 6 440195 13321623 138177 204771 0 143049 48831 1917210 10901 21702 0 17382 (radio 2.49% / 1.65% tx 1.00% / 0.55% listen 1.48% / 1.10%)
420563282	ID:19	 53763 P 0.0 6 1043667 12717894 389594 365235 0 160209 162143 1803927 63975 54462 0 15959 (radio 5.-264% / 6.02% tx 2.83% / 3.25% listen 2.65% / 2.77%)
420563471	ID:20	 53763 P 0.0 6 490962 13270475 137947 205004 0 154580 49292 1916486 8571 22777 0 18608 (radio 2.49% / 1.59% tx 1.00% / 0.43% listen 1.48% / 1.15%)
420579030	ID:10	 53763 P 0.0 6 515335 13246766 165603 253646 0 190875 36817 1929221 2992 25904 0 23801 (radio 3.04% / 1.46% tx 1.20% / 0.15% listen 1.84% / 1.31%)
420679455	ID:4	 53763 P 0.0 6 432781 13329200 138012 172312 0 116312 42410 1923650 8029 19775 0 15376 (radio 2.25% / 1.41% tx 1.00% / 0.40% listen 1.25% / 1.00%)
420716013	ID:8	 53763 P 0.0 6 403412 13358348 117486 161442 0 115128 45510 1920431 9704 19747 0 14621 (radio 2.02% / 1.49% tx 0.85% / 0.49% listen 1.17% / 1.00%)
420779537	ID:14	 53763 P 0.0 6 415846 13345559 134609 166363 0 106457 53958 1911875 19204 22684 0 13351 (radio 2.18% / 2.13% tx 0.97% / 0.97% listen 1.20% / 1.15%)
420812113	ID:7	 53763 P 0.0 6 341014 13420425 94128 148362 0 119396 43668 1922231 13601 19372 0 14473 (radio 1.76% / 1.67% tx 0.68% / 0.69% listen 1.07% / 0.98%)
420828060	ID:1	 53765 P 0.0 6 745342 13016961 311733 13450506 0 0 127099 1838874 60622 1905394 0 0 (radio 99.-9887% / 100.-8739% tx 2.26% / 3.08% listen 97.-9602% / 96.-8647%)
420831841	ID:15	 53763 P 0.0 6 834024 12927468 261728 306175 0 122321 123680 1842272 42224 43477 0 15953 (radio 4.-300% / 4.35% tx 1.90% / 2.14% listen 2.22% / 2.21%)
420832574	ID:17	 53763 P 0.0 6 830334 12930848 339739 324280 0 183478 100192 1865555 38721 39454 0 21012 (radio 4.-230% / 3.97% tx 2.46% / 1.96% listen 2.35% / 2.00%)
420910711	ID:6	 53763 P 0.0 6 472120 13289716 97870 216537 0 165298 85129 1880850 24128 35799 0 21489 (radio 2.28% / 3.04% tx 0.71% / 1.22% listen 1.57% / 1.82%)
420921367	ID:2	 53763 P 0.0 6 400889 13360687 122653 170618 0 125665 54072 1911839 15714 20069 0 15583 (radio 2.13% / 1.82% tx 0.89% / 0.79% listen 1.23% / 1.02%)
420954281	ID:22	 53763 P 0.0 6 326869 13434577 107193 157327 0 120221 32677 1933235 6324 17265 0 13474 (radio 1.92% / 1.19% tx 0.77% / 0.32% listen 1.14% / 0.87%)
421024583	ID:12	 53763 P 0.0 6 432932 13328208 154356 169352 0 114004 60836 1905053 22030 22438 0 14697 (radio 2.35% / 2.26% tx 1.12% / 1.12% listen 1.23% / 1.14%)
421040844	ID:9	 53763 P 0.0 6 518856 13243278 201767 200977 0 125685 47184 1918886 12925 19352 0 13664 (radio 2.92% / 1.64% tx 1.46% / 0.65% listen 1.46% / 0.98%)
421083086	ID:24	 53763 P 0.0 6 664810 13096824 298627 235824 0 116074 56024 1910003 17613 23067 0 14265 (radio 3.-224% / 2.06% tx 2.16% / 0.89% listen 1.71% / 1.17%)
421134908	ID:5	 53763 P 0.0 6 560809 13200898 222683 204086 0 127367 48805 1917237 10231 23443 0 19214 (radio 3.10% / 1.71% tx 1.61% / 0.52% listen 1.48% / 1.19%)
421135851	ID:21	 53763 P 0.0 6 341462 13420885 91688 168122 0 105769 40243 1925825 8420 23284 0 15254 (radio 1.88% / 1.61% tx 0.66% / 0.42% listen 1.22% / 1.18%)
421139884	ID:13	 53763 P 0.0 6 236428 13524940 81507 123292 0 100049 18467 1947458 1291 14187 0 13066 (radio 1.48% / 0.78% tx 0.59% / 0.06% listen 0.89% / 0.72%)
421884403	ID:7	[PKT-TX] DATA bytes=13  seq=10 
422121597	ID:1	[PKT-RX] DATA bytes=13 from=7 seq=10
422307980	ID:24	[HFS] ra=0 si=0 cx=41 ac=0
422312957	ID:24	[LIST] Neighbors: 17,16,18,10,13,8
422316594	ID:24	[LIST] Quarantine: (none)
422320091	ID:24	[LIST] Blacklist: (none)
422326697	ID:24	FUZZRID,DET,13,1920,1920,0,0,0,0,0,0,30,0,0,0
423379860	ID:14	[HFS] ra=0 si=0 cx=47 ac=0
423383951	ID:14	[LIST] Neighbors: 31,4,7,9,3
423387567	ID:6	[HFS] ra=0 si=0 cx=49 ac=0
423387588	ID:14	[LIST] Quarantine: (none)
423391084	ID:14	[LIST] Blacklist: (none)
423393217	ID:6	[LIST] Neighbors: 19,17,20,16,30,2,12,5
423396860	ID:6	[LIST] Quarantine: (none)
423397541	ID:14	FUZZRID,DET,4,1100,1100,0,0,0,0,0,0,23,0,0,0
423400357	ID:6	[LIST] Blacklist: (none)
423406812	ID:6	FUZZRID,DET,17,1087,1087,0,0,0,0,0,0,7,0,0,0
423409618	ID:19	[HFS] ra=0 si=0 cx=49 ac=0
423413206	ID:16	[HFS] ra=0 si=0 cx=49 ac=0
423415414	ID:19	[LIST] Neighbors: 15,26,17,30,20,5,25,16
423418864	ID:16	[LIST] Neighbors: 19,17,30,24,29,25,2,8
423419051	ID:19	[LIST] Quarantine: (none)
423422501	ID:16	[LIST] Quarantine: (none)
423422547	ID:19	[LIST] Blacklist: (none)
423425998	ID:16	[LIST] Blacklist: (none)
423429166	ID:19	FUZZRID,DET,17,1087,1087,0,0,0,0,0,0,16,0,0,0
423430319	ID:10	[HFS] ra=0 si=0 cx=49 ac=0
423432482	ID:16	FUZZRID,DET,17,1087,1087,0,0,0,0,0,0,7,0,0,0
423434032	ID:24	[HFS] ra=0 si=0 cx=49 ac=0
423436116	ID:10	[LIST] Neighbors: 19,25,17,16,9,24,29,30
423438974	ID:24	[LIST] Neighbors: 17,16,18,10,13,8
423439752	ID:10	[LIST] Quarantine: (none)
423442612	ID:24	[LIST] Quarantine: (none)
423442833	ID:8	[HFS] ra=0 si=0 cx=49 ac=0
423443249	ID:10	[LIST] Blacklist: (none)
423446123	ID:24	[LIST] Blacklist: (none)
423447631	ID:8	[LIST] Neighbors: 17,16,30,6,2,24
423449703	ID:10	FUZZRID,DET,17,1087,1087,0,0,0,0,0,0,8,0,0,0
423451268	ID:8	[LIST] Quarantine: (none)
423452717	ID:24	FUZZRID,DET,17,1087,1087,0,0,0,0,0,0,11,0,0,0
423454772	ID:8	[LIST] Blacklist: (none)
423461227	ID:8	FUZZRID,DET,17,1087,1087,0,0,0,0,0,0,8,0,0,0
424142886	ID:12	[PKT-TX] DATA bytes=14  seq=10 
424302688	ID:3	[PKT-TX] DATA bytes=13  seq=10 
424319350	ID:1	[PKT-RX] DATA bytes=14 from=12 seq=10
424872197	ID:1	[PKT-RX] DATA bytes=13 from=3 seq=10
424873744	ID:12	[PKT-RTT] seq=10,rtt_delay_ms=359
425447380	ID:10	[PKT-TX] DATA bytes=14  seq=10 
425692662	ID:1	[PKT-RX] DATA bytes=14 from=10 seq=10
425753485	ID:15	[PKT-TX] DATA bytes=14  seq=10 
425754098	ID:17	[PKT-TX] DATA bytes=14  seq=10 
425770173	ID:1	[PKT-RX] DATA bytes=14 from=15 seq=10
426078888	ID:13	[PKT-TX] DATA bytes=14  seq=10 
426192962	ID:1	[PKT-RX] DATA bytes=14 from=17 seq=10
426444178	ID:1	[PKT-RX] DATA bytes=14 from=13 seq=10
426581284	ID:5	[PKT-TX] DATA bytes=13  seq=10 
426694058	ID:1	[PKT-RX] DATA bytes=13 from=5 seq=10
426811833	ID:15	[PKT-RTT] seq=10,rtt_delay_ms=523
427181096	ID:17	[PKT-RTT] seq=10,rtt_delay_ms=710
429106321	ID:24	[PKT-TX] DATA bytes=14  seq=10 
429121189	ID:30	[ATK-FAKE-RANK]  true_rank=1029 fake_rank=1256 t=11720s
429244790	ID:1	[HFS] ra=0 si=0 cx=49 ac=0
429249026	ID:1	[LIST] Neighbors: 21,27,28,15
429252663	ID:1	[LIST] Quarantine: (none)
429256160	ID:1	[LIST] Blacklist: (none)
429262254	ID:1	FUZZRID,DET,15,512,512,0,0,0,0,0,0,4,0,0,0
429283943	ID:19	[HFS] ra=0 si=0 cx=49 ac=0
429289739	ID:19	[LIST] Neighbors: 15,26,17,30,20,5,25,16
429293376	ID:19	[LIST] Quarantine: (none)
429296872	ID:19	[LIST] Blacklist: (none)
429303105	ID:19	FUZZRID,DET,15,512,512,0,0,0,0,0,0,19,0,0,0
429304465	ID:22	[HFS] ra=0 si=0 cx=49 ac=0
429309128	ID:22	[LIST] Neighbors: 15,26,11,20,27
429312766	ID:22	[LIST] Quarantine: (none)
429316262	ID:22	[LIST] Blacklist: (none)
429322356	ID:22	FUZZRID,DET,15,512,512,0,0,0,0,0,0,6,0,0,0
430935307	ID:17	[HFS] ra=74 si=49 cx=49 ac=82
430941250	ID:17	[LIST] Neighbors: 26,19,16,10,24,29,25,30
430944910	ID:17	[LIST] Quarantine: (none)
430948406	ID:17	[LIST] Blacklist: (none)
430955916	ID:17	FUZZRID,DET,30,1256,1029,227,0,88,100,5,0,0,0,82,75
430998482	ID:25	[PKT-TX] DATA bytes=14  seq=10 
431067530	ID:1	[PKT-RX] DATA bytes=14 from=25 seq=10
431566489	ID:1	[PKT-RX] DATA bytes=14 from=24 seq=10
431719323	ID:2	[PKT-TX] DATA bytes=13  seq=10 
432181452	ID:24	[PKT-RTT] seq=10,rtt_delay_ms=1531
432209408	ID:14	[PKT-TX] DATA bytes=14  seq=10 
432373264	ID:1	[PKT-RX] DATA bytes=14 from=14 seq=10
432406789	ID:16	[PKT-TX] DATA bytes=14  seq=10 
432443241	ID:1	[PKT-RX] DATA bytes=13 from=2 seq=10
432694067	ID:1	[PKT-RX] DATA bytes=14 from=16 seq=10
432738289	ID:9	[PKT-TX] DATA bytes=13  seq=10 
432998748	ID:1	[PKT-RX] DATA bytes=13 from=9 seq=10
433035941	ID:16	[PKT-RTT] seq=10,rtt_delay_ms=312
433894061	ID:18	[PKT-TX] DATA bytes=14  seq=10 
434074272	ID:20	[PKT-TX] DATA bytes=14  seq=10 
434419001	ID:6	[PKT-TX] DATA bytes=13  seq=10 
434568387	ID:1	[PKT-RX] DATA bytes=14 from=20 seq=10
434944356	ID:1	[PKT-RX] DATA bytes=13 from=6 seq=10
435192192	ID:1	[PKT-RX] DATA bytes=14 from=18 seq=10
438905870	ID:4	[HFS] ra=0 si=0 cx=49 ac=0
438910947	ID:4	[LIST] Neighbors: 28,9,31,7,3,14,21
438914583	ID:4	[LIST] Quarantine: (none)
438918080	ID:4	[LIST] Blacklist: (none)
438924549	ID:4	FUZZRID,DET,14,1064,1064,0,0,0,0,0,0,0,0,0,0
439072927	ID:11	[PKT-TX] DATA bytes=14  seq=10 
439192148	ID:1	[PKT-RX] DATA bytes=14 from=11 seq=10
439612262	ID:22	[PKT-TX] DATA bytes=14  seq=10 
439757854	ID:1	[PKT-RX] DATA bytes=14 from=22 seq=10
439892215	ID:9	[HFS] ra=0 si=0 cx=49 ac=0
439897424	ID:9	[LIST] Neighbors: 4,25,29,10,7,23,14
439901061	ID:9	[LIST] Quarantine: (none)
439904586	ID:9	[LIST] Blacklist: (none)
439911041	ID:9	FUZZRID,DET,10,1415,1415,0,0,0,0,0,0,3,0,0,0
440178718	ID:8	[PKT-TX] DATA bytes=13  seq=10 
440231606	ID:21	[PKT-TX] DATA bytes=14  seq=10 
440248418	ID:1	[PKT-RX] DATA bytes=14 from=21 seq=10
440358632	ID:21	[PKT-RTT] seq=10,rtt_delay_ms=62
440505520	ID:14	[HFS] ra=0 si=0 cx=48 ac=0
440509598	ID:14	[LIST] Neighbors: 31,4,7,9,3
440513235	ID:14	[LIST] Quarantine: (none)
440516741	ID:14	[LIST] Blacklist: (none)
440518770	ID:9	[HFS] ra=0 si=0 cx=49 ac=0
440523196	ID:14	FUZZRID,DET,4,1096,1096,0,0,0,0,0,0,22,0,0,0
440523979	ID:9	[LIST] Neighbors: 4,25,29,10,7,23,14
440527628	ID:9	[LIST] Quarantine: (none)
440531125	ID:9	[LIST] Blacklist: (none)
440535589	ID:7	[HFS] ra=0 si=0 cx=46 ac=0
440537580	ID:9	FUZZRID,DET,4,1096,1096,0,0,0,0,0,0,10,0,0,0
440539946	ID:7	[LIST] Neighbors: 4,23,29,9,14
440543584	ID:7	[LIST] Quarantine: (none)
440547080	ID:7	[LIST] Blacklist: (none)
440552447	ID:3	[HFS] ra=0 si=0 cx=46 ac=0
440553536	ID:7	FUZZRID,DET,4,1096,1096,0,0,0,0,0,0,24,0,0,0
440556131	ID:3	[LIST] Neighbors: 31,4,14
440559768	ID:3	[LIST] Quarantine: (none)
440563265	ID:3	[LIST] Blacklist: (none)
440564393	ID:1	[PKT-RX] DATA bytes=13 from=8 seq=10
440569720	ID:3	FUZZRID,DET,4,1096,1096,0,0,0,0,0,0,24,0,0,0
441204351	ID:4	[PKT-TX] DATA bytes=13  seq=10 
441372504	ID:1	[PKT-RX] DATA bytes=13 from=4 seq=10
443551899	ID:23	[PKT-TX] DATA bytes=14  seq=10 
443874381	ID:1	[PKT-RX] DATA bytes=14 from=23 seq=10
447790157	ID:20	[HFS] ra=0 si=0 cx=49 ac=0
447795807	ID:20	[LIST] Neighbors: 26,30,19,6,12,5,22,11
447799444	ID:20	[LIST] Quarantine: (none)
447802940	ID:20	[LIST] Blacklist: (none)
447809258	ID:20	FUZZRID,DET,6,1114,1114,0,0,0,0,0,0,1,0,0,0
449153295	ID:19	[PKT-TX] DATA bytes=14  seq=10 
449192507	ID:1	[PKT-RX] DATA bytes=14 from=19 seq=10
449403957	ID:19	[PKT-RTT] seq=10,rtt_delay_ms=125
451431875	ID:27	[ATK-FAKE-RANK]  true_rank=512 fake_rank=572 t=11720s
451557413	ID:22	[HFS] ra=72 si=0 cx=49 ac=94
451562076	ID:22	[LIST] Neighbors: 15,26,11,20,27
451565713	ID:22	[LIST] Quarantine: (none)
451569210	ID:22	[LIST] Blacklist: (none)
451576319	ID:22	FUZZRID,DET,27,572,512,60,0,22,70,10,0,1,0,94,100
451917029	ID:16	[HFS] ra=0 si=0 cx=49 ac=0
451922679	ID:16	[LIST] Neighbors: 19,17,30,24,29,25,2,8
451926342	ID:16	[LIST] Quarantine: (none)
451929839	ID:16	[LIST] Blacklist: (none)
451936154	ID:16	FUZZRID,DET,2,1347,1347,0,0,0,0,0,0,5,0,0,0
451941852	ID:8	[HFS] ra=0 si=0 cx=49 ac=0
451946649	ID:8	[LIST] Neighbors: 17,16,30,6,2,24
451950287	ID:8	[LIST] Quarantine: (none)
451953794	ID:8	[LIST] Blacklist: (none)
451960109	ID:8	FUZZRID,DET,2,1347,1347,0,0,0,0,0,0,0,0,0,0
452001733	ID:12	[HFS] ra=0 si=0 cx=49 ac=0
452005960	ID:12	[LIST] Neighbors: 20,5,30,6,2
452009598	ID:12	[LIST] Quarantine: (none)
452013094	ID:12	[LIST] Blacklist: (none)
452014930	ID:6	[HFS] ra=0 si=0 cx=49 ac=0
452019409	ID:12	FUZZRID,DET,2,1347,1347,0,0,0,0,0,0,2,0,0,0
452020580	ID:6	[LIST] Neighbors: 19,17,20,16,30,2,12,5
452024238	ID:6	[LIST] Quarantine: (none)
452027735	ID:6	[LIST] Blacklist: (none)
452034050	ID:6	FUZZRID,DET,2,1347,1347,0,0,0,0,0,0,0,0,0,0
453280448	ID:14	[PKT-TX] DATA bytes=14  seq=11 
453299136	ID:12	[PKT-TX] DATA bytes=14  seq=11 
453373221	ID:1	[PKT-RX] DATA bytes=14 from=14 seq=11
453941489	ID:1	[PKT-RX] DATA bytes=14 from=12 seq=11
454373385	ID:12	[PKT-RTT] seq=11,rtt_delay_ms=531
454377615	ID:11	[PKT-TX] DATA bytes=14  seq=11 
454441767	ID:1	[PKT-RX] DATA bytes=14 from=11 seq=11
454918003	ID:22	[PKT-TX] DATA bytes=14  seq=11 
455007266	ID:1	[PKT-RX] DATA bytes=14 from=22 seq=11
456785145	ID:21	[PKT-TX] DATA bytes=14  seq=11 
456801955	ID:1	[PKT-RX] DATA bytes=14 from=21 seq=11
456859807	ID:21	[PKT-RTT] seq=11,rtt_delay_ms=31
457650479	ID:10	[PKT-TX] DATA bytes=14  seq=11 
457819213	ID:1	[PKT-RX] DATA bytes=14 from=10 seq=11
458269255	ID:9	[HFS] ra=0 si=0 cx=49 ac=0
458274464	ID:9	[LIST] Neighbors: 4,25,29,10,7,23,14
458278101	ID:9	[LIST] Quarantine: (none)
458281598	ID:9	[LIST] Blacklist: (none)
458287405	ID:16	[HFS] ra=0 si=0 cx=49 ac=0
458287717	ID:9	FUZZRID,DET,25,842,842,0,0,0,0,0,0,3,0,0,0
458293055	ID:16	[LIST] Neighbors: 19,17,30,24,29,25,2,8
458296691	ID:16	[LIST] Quarantine: (none)
458300188	ID:16	[LIST] Blacklist: (none)
458303374	ID:10	[HFS] ra=0 si=0 cx=49 ac=0
458306280	ID:16	FUZZRID,DET,25,842,842,0,0,0,0,0,0,3,0,0,0
458307968	ID:15	[HFS] ra=0 si=0 cx=49 ac=0
458308524	ID:17	[HFS] ra=0 si=0 cx=49 ac=0
458309201	ID:10	[LIST] Neighbors: 19,25,17,16,9,24,29,30
458312838	ID:10	[LIST] Quarantine: (none)
458313496	ID:15	[LIST] Neighbors: 28,26,22,19,25,11,27
458314466	ID:17	[LIST] Neighbors: 26,19,16,10,24,29,25,30
458316335	ID:10	[LIST] Blacklist: (none)
458317133	ID:15	[LIST] Quarantine: (none)
458318103	ID:17	[LIST] Quarantine: (none)
458320630	ID:15	[LIST] Blacklist: (none)
458321599	ID:17	[LIST] Blacklist: (none)
458322427	ID:10	FUZZRID,DET,25,842,842,0,0,0,0,0,0,3,0,0,0
458326721	ID:15	FUZZRID,DET,25,842,842,0,0,0,0,0,0,0,0,0,0
458327722	ID:17	FUZZRID,DET,25,842,842,0,0,0,0,0,0,4,0,0,0
458676501	ID:10	[PKT-RTT] seq=11,rtt_delay_ms=507
459021425	ID:31	[ATK-FAKE-RANK]  true_rank=795 fake_rank=848 t=11720s
459051315	ID:3	[HFS] ra=72 si=0 cx=49 ac=94
459055013	ID:3	[LIST] Neighbors: 31,4,14
459058649	ID:3	[LIST] Quarantine: (none)
459062146	ID:3	[LIST] Blacklist: (none)
459069117	ID:3	FUZZRID,DET,31,848,795,53,0,19,70,5,0,4,0,94,100
459111422	ID:21	[HFS] ra=72 si=0 cx=49 ac=94
459115120	ID:21	[LIST] Neighbors: 28,4,31
459118757	ID:21	[LIST] Quarantine: (none)
459122253	ID:21	[LIST] Blacklist: (none)
459129224	ID:21	FUZZRID,DET,31,848,795,53,0,20,70,3,0,0,0,94,100
459132704	ID:14	[HFS] ra=72 si=0 cx=49 ac=94
459136782	ID:14	[LIST] Neighbors: 31,4,7,9,3
459140419	ID:14	[LIST] Quarantine: (none)
459143916	ID:14	[LIST] Blacklist: (none)
459150918	ID:14	FUZZRID,DET,31,848,795,53,0,19,70,3,0,4,0,94,100
459154958	ID:4	[HFS] ra=72 si=0 cx=49 ac=94
459160050	ID:19	[HFS] ra=0 si=0 cx=48 ac=0
459160069	ID:4	[LIST] Neighbors: 28,9,31,7,3,14,21
459163705	ID:4	[LIST] Quarantine: (none)
459165846	ID:19	[LIST] Neighbors: 15,26,17,30,20,5,25,16
459167202	ID:4	[LIST] Blacklist: (none)
459169483	ID:19	[LIST] Quarantine: (none)
459172979	ID:19	[LIST] Blacklist: (none)
459174209	ID:4	FUZZRID,DET,31,848,795,53,0,20,70,3,0,1,0,94,100
459179441	ID:19	FUZZRID,DET,5,1344,1344,0,0,0,0,0,0,22,0,0,0
459253009	ID:12	[HFS] ra=0 si=0 cx=49 ac=0
459257233	ID:12	[LIST] Neighbors: 20,5,30,6,2
459260870	ID:12	[LIST] Quarantine: (none)
459263000	ID:6	[HFS] ra=0 si=0 cx=49 ac=0
459264366	ID:12	[LIST] Blacklist: (none)
459268650	ID:6	[LIST] Neighbors: 19,17,20,16,30,2,12,5
459270821	ID:12	FUZZRID,DET,5,1344,1344,0,0,0,0,0,0,20,0,0,0
459272287	ID:6	[LIST] Quarantine: (none)
459274515	ID:2	[HFS] ra=0 si=0 cx=49 ac=0
459275784	ID:6	[LIST] Blacklist: (none)
459279166	ID:2	[LIST] Neighbors: 16,5,30,6,12,8
459282238	ID:6	FUZZRID,DET,5,1344,1344,0,0,0,0,0,0,14,0,0,0
459282804	ID:2	[LIST] Quarantine: (none)
459286300	ID:2	[LIST] Blacklist: (none)
459292755	ID:2	FUZZRID,DET,5,1344,1344,0,0,0,0,0,0,16,0,0,0
459919086	ID:23	[PKT-TX] DATA bytes=14  seq=11 
460124978	ID:16	[PKT-TX] DATA bytes=14  seq=11 
460191917	ID:1	[PKT-RX] DATA bytes=14 from=16 seq=11
460661145	ID:16	[PKT-RTT] seq=11,rtt_delay_ms=265
461105694	ID:5	[PKT-TX] DATA bytes=13  seq=11 
461191951	ID:1	[PKT-RX] DATA bytes=13 from=5 seq=11
461372909	ID:1	[PKT-RX] DATA bytes=14 from=23 seq=11
461441591	ID:17	[PKT-TX] DATA bytes=14  seq=11 
461691981	ID:1	[PKT-RX] DATA bytes=14 from=17 seq=11
461931369	ID:17	[PKT-RTT] seq=11,rtt_delay_ms=242
462555022	ID:13	[PKT-TX] DATA bytes=14  seq=11 
462944182	ID:1	[PKT-RX] DATA bytes=14 from=13 seq=11
464340274	ID:19	[PKT-TX] DATA bytes=14  seq=11 
464388584	ID:8	[PKT-TX] DATA bytes=13  seq=11 
464458091	ID:1	[PKT-RX] DATA bytes=14 from=19 seq=11
464654036	ID:19	[PKT-RTT] seq=11,rtt_delay_ms=156
465145457	ID:24	[PKT-TX] DATA bytes=14  seq=11 
465803434	ID:31	[ATK-FAKE-RANK]  true_rank=877 fake_rank=868 t=11720s
465817695	ID:1	[PKT-RX] DATA bytes=13 from=8 seq=11
466068670	ID:1	[PKT-RX] DATA bytes=14 from=24 seq=11
466124237	ID:28	[ATK-FAKE-RANK]  true_rank=512 fake_rank=612 t=11720s
466145823	ID:1	[HFS] ra=72 si=0 cx=49 ac=94
466150097	ID:1	[LIST] Neighbors: 21,27,28,15
466153734	ID:1	[LIST] Quarantine: (none)
466154626	ID:4	[HFS] ra=74 si=0 cx=49 ac=95
466157231	ID:1	[LIST] Blacklist: (none)
466159703	ID:4	[LIST] Neighbors: 28,9,31,7,3,14,21
466163340	ID:4	[LIST] Quarantine: (none)
466164519	ID:1	FUZZRID,DET,28,612,512,100,0,39,70,15,0,0,0,94,100
466166837	ID:4	[LIST] Blacklist: (none)
466173987	ID:4	FUZZRID,DET,28,612,512,100,0,37,96,5,0,2,0,95,100
466184672	ID:15	[HFS] ra=72 si=0 cx=49 ac=94
466190188	ID:15	[LIST] Neighbors: 28,26,22,19,25,11,27
466193824	ID:15	[LIST] Quarantine: (none)
466197321	ID:15	[LIST] Blacklist: (none)
466204610	ID:15	FUZZRID,DET,28,612,512,100,0,39,70,15,0,0,0,94,100
466239697	ID:21	[HFS] ra=72 si=0 cx=49 ac=94
466243361	ID:21	[LIST] Neighbors: 28,4,31
466246997	ID:21	[LIST] Quarantine: (none)
466250494	ID:21	[LIST] Blacklist: (none)
466257782	ID:21	FUZZRID,DET,28,612,512,100,0,39,70,15,0,0,0,94,100
466795603	ID:3	[PKT-TX] DATA bytes=13  seq=11 
466840877	ID:6	[PKT-TX] DATA bytes=13  seq=11 
466958588	ID:1	[PKT-RX] DATA bytes=13 from=6 seq=11
466999222	ID:1	[PKT-RX] DATA bytes=13 from=3 seq=11
467150696	ID:4	[PKT-TX] DATA bytes=13  seq=11 
467248400	ID:1	[PKT-RX] DATA bytes=13 from=4 seq=11
467526447	ID:4	[PKT-RTT] seq=11,rtt_delay_ms=187
469032212	ID:4	[HFS] ra=0 si=0 cx=49 ac=0
469037318	ID:4	[LIST] Neighbors: 28,9,31,7,3,14,21
469040954	ID:4	[LIST] Quarantine: (none)
469044451	ID:4	[LIST] Blacklist: (none)
469050904	ID:4	FUZZRID,DET,9,1299,1299,0,0,0,0,0,0,13,0,0,0
469395791	ID:2	[HFS] ra=0 si=0 cx=49 ac=0
469400442	ID:2	[LIST] Neighbors: 16,5,30,6,12,8
469404079	ID:2	[LIST] Quarantine: (none)
469407608	ID:2	[LIST] Blacklist: (none)
469414062	ID:2	FUZZRID,DET,5,1342,1342,0,0,0,0,0,0,16,0,0,0
469805663	ID:22	[HFS] ra=0 si=0 cx=49 ac=0
469810327	ID:22	[LIST] Neighbors: 15,26,11,20,27
469813964	ID:22	[LIST] Quarantine: (none)
469817464	ID:22	[LIST] Blacklist: (none)
469823555	ID:22	FUZZRID,DET,11,806,806,0,0,0,0,0,0,2,0,0,0
470033562	ID:19	[HFS] ra=0 si=0 cx=49 ac=0
470039358	ID:19	[LIST] Neighbors: 15,26,17,30,20,5,25,16
470042995	ID:19	[LIST] Quarantine: (none)
470046491	ID:19	[LIST] Blacklist: (none)
470052723	ID:19	FUZZRID,DET,25,834,834,0,0,0,0,0,0,13,0,0,0
471418057	ID:15	[PKT-TX] DATA bytes=14  seq=11 
471435403	ID:1	[PKT-RX] DATA bytes=14 from=15 seq=11
471533507	ID:28	[ATK-FAKE-RANK]  true_rank=512 fake_rank=632 t=11720s
471636249	ID:18	[PKT-TX] DATA bytes=14  seq=11 
471943357	ID:1	[PKT-RX] DATA bytes=14 from=18 seq=11
474928184	ID:25	[PKT-TX] DATA bytes=14  seq=11 
475065300	ID:1	[PKT-RX] DATA bytes=14 from=25 seq=11
476261928	ID:9	[PKT-TX] DATA bytes=13  seq=11 
476498967	ID:1	[PKT-RX] DATA bytes=13 from=9 seq=11
477007390	ID:14	[HFS] ra=0 si=0 cx=49 ac=0
477011468	ID:14	[LIST] Neighbors: 31,4,7,9,3
477015105	ID:14	[LIST] Quarantine: (none)
477018602	ID:14	[LIST] Blacklist: (none)
477024919	ID:14	FUZZRID,DET,3,1507,1507,0,0,0,0,0,0,4,0,0,0
477033184	ID:4	[HFS] ra=0 si=0 cx=49 ac=0
477038261	ID:4	[LIST] Neighbors: 28,9,31,7,3,14,21
477041897	ID:4	[LIST] Quarantine: (none)
477045394	ID:4	[LIST] Blacklist: (none)
477051745	ID:4	FUZZRID,DET,3,1507,1507,0,0,0,0,0,0,0,0,0,0
477855522	ID:20	[PKT-TX] DATA bytes=14  seq=11 
477908069	ID:7	[PKT-TX] DATA bytes=13  seq=11 
477918857	ID:20	[HFS] ra=0 si=0 cx=49 ac=0
477924507	ID:20	[LIST] Neighbors: 26,30,19,6,12,5,22,11
477928143	ID:20	[LIST] Quarantine: (none)
477929797	ID:22	[HFS] ra=0 si=0 cx=49 ac=0
477931640	ID:20	[LIST] Blacklist: (none)
477934493	ID:22	[LIST] Neighbors: 15,26,11,20,27
477934938	ID:15	[HFS] ra=0 si=0 cx=49 ac=0
477937731	ID:20	FUZZRID,DET,11,806,806,0,0,0,0,0,0,2,0,0,0
477938130	ID:22	[LIST] Quarantine: (none)
477940454	ID:15	[LIST] Neighbors: 28,26,22,19,25,11,27
477941627	ID:22	[LIST] Blacklist: (none)
477944090	ID:15	[LIST] Quarantine: (none)
477947587	ID:15	[LIST] Blacklist: (none)
477947718	ID:22	FUZZRID,DET,11,806,806,0,0,0,0,0,0,2,0,0,0
477953712	ID:15	FUZZRID,DET,11,806,806,0,0,0,0,0,0,0,0,0,0
478121695	ID:1	[PKT-RX] DATA bytes=13 from=7 seq=11
478192049	ID:1	[PKT-RX] DATA bytes=14 from=20 seq=11
478211518	ID:2	[PKT-TX] DATA bytes=13  seq=11 
478318571	ID:1	[PKT-RX] DATA bytes=13 from=2 seq=11
478404641	ID:26	[ATK-FAKE-RANK]  true_rank=833 fake_rank=969 t=11720s
478476748	ID:25	[HFS] ra=74 si=0 cx=49 ac=95
478482544	ID:25	[LIST] Neighbors: 15,26,17,10,30,9,16,29
478486181	ID:25	[LIST] Quarantine: (none)
478489677	ID:25	[LIST] Blacklist: (none)
478496964	ID:25	FUZZRID,DET,26,969,833,136,0,48,92,20,0,5,0,95,100
480158984	ID:18	 61443 P 0.0 7 276611 15450698 91177 147205 0 110328 21493 1944338 3125 14913 0 13022 (radio 1.51% / 0.91% tx 0.57% / 0.15% listen 0.93% / 0.75%)
480187025	ID:16	 61443 P 0.0 7 609738 15117253 172660 256101 0 188047 48546 1917363 7160 23515 0 18857 (radio 2.72% / 1.56% tx 1.09% / 0.36% listen 1.62% / 1.19%)
480325701	ID:3	 61443 P 0.0 7 359387 15368312 133775 168676 0 120278 39390 1926567 12820 20267 0 15584 (radio 1.92% / 1.68% tx 0.85% / 0.65% listen 1.07% / 1.03%)
480348054	ID:23	 61443 P 0.0 7 317328 15410136 120786 151835 0 107702 21284 1944561 3521 14396 0 12743 (radio 1.73% / 0.91% tx 0.76% / 0.17% listen 0.96% / 0.73%)
480373233	ID:25	 61443 P 0.0 7 679384 15047402 215600 285408 0 192368 49641 1916193 9716 24040 0 20249 (radio 3.-255% / 1.71% tx 1.37% / 0.49% listen 1.81% / 1.22%)
480416531	ID:11	 61443 P 0.0 7 481257 15246609 148224 225651 0 160274 41061 1924986 10047 20880 0 17225 (radio 2.37% / 1.57% tx 0.94% / 0.51% listen 1.43% / 1.06%)
480558150	ID:19	 61443 P 0.0 7 1175801 14551473 435572 408377 0 176642 132133 1833579 45978 43142 0 16433 (radio 5.-237% / 4.53% tx 2.-197% / 2.33% listen 2.59% / 2.19%)
480563473	ID:20	 61443 P 0.0 7 536175 15191053 146503 226318 0 171536 45212 1920578 8556 21314 0 16956 (radio 2.37% / 1.51% tx 0.93% / 0.43% listen 1.43% / 1.08%)
480579364	ID:10	 61443 P 0.0 7 556379 15171741 172040 279508 0 213381 41042 1924975 6437 25862 0 22506 (radio 2.-186% / 1.64% tx 1.09% / 0.32% listen 1.77% / 1.31%)
480679793	ID:4	 61443 P 0.0 7 485024 15242989 149160 192380 0 131545 52241 1913789 11148 20068 0 15233 (radio 2.17% / 1.58% tx 0.94% / 0.56% listen 1.22% / 1.02%)
480716310	ID:8	 61443 P 0.0 7 448180 15279568 130334 181040 0 129548 44767 1921220 12848 19598 0 14420 (radio 1.97% / 1.65% tx 0.82% / 0.65% listen 1.15% / 0.99%)
480779538	ID:14	 61443 P 0.0 7 468069 15259278 149327 188545 0 121180 52221 1913719 14718 22182 0 14723 (radio 2.14% / 1.87% tx 0.94% / 0.74% listen 1.19% / 1.12%)
480811823	ID:7	 61443 P 0.0 7 371772 15355558 98344 164272 0 133208 30757 1935133 4216 15910 0 13812 (radio 1.66% / 1.02% tx 0.62% / 0.21% listen 1.04% / 0.80%)
480828290	ID:1	 61445 P 0.0 7 854464 14873793 359351 15368920 0 0 109120 1856832 47618 1918412 0 0 (radio 100.-9831% / 100.-8739% tx 2.28% / 2.42% listen 97.-9487% / 97.-8681%)
480831844	ID:15	 61443 P 0.0 7 945865 14781511 297074 347885 0 137595 111840 1854043 35346 41710 0 15274 (radio 4.-264% / 3.91% tx 1.88% / 1.79% listen 2.21% / 2.12%)
480832335	ID:17	 61443 P 0.0 7 928197 14798942 377390 362454 0 203971 97862 1868094 37651 38174 0 20493 (radio 4.-203% / 3.85% tx 2.39% / 1.91% listen 2.30% / 1.94%)
480911056	ID:6	 61443 P 0.0 7 535235 15192589 113992 244908 0 184843 63114 1902873 16122 28371 0 19545 (radio 2.28% / 2.26% tx 0.72% / 0.82% listen 1.55% / 1.44%)
480921086	ID:2	 61443 P 0.0 7 433956 15293621 127043 186980 0 140974 33066 1932934 4390 16362 0 15309 (radio 1.99% / 1.05% tx 0.80% / 0.22% listen 1.18% / 0.83%)
480954265	ID:22	 61443 P 0.0 7 360412 15366869 111564 173828 0 133758 33542 1932292 4371 16501 0 13537 (radio 1.81% / 1.06% tx 0.70% / 0.22% listen 1.10% / 0.83%)
481024287	ID:12	 61443 P 0.0 7 468840 15258019 162223 187874 0 128529 35907 1929811 7867 18522 0 14525 (radio 2.22% / 1.34% tx 1.03% / 0.40% listen 1.19% / 0.94%)
481041143	ID:9	 61443 P 0.0 7 569648 15158551 215153 220298 0 139123 50791 1915273 13386 19321 0 13438 (radio 2.-197% / 1.66% tx 1.36% / 0.68% listen 1.40% / 0.98%)
481083075	ID:24	 61443 P 0.0 7 727568 15000022 322681 260011 0 129532 62757 1903198 24054 24187 0 13458 (radio 3.-203% / 2.45% tx 2.05% / 1.22% listen 1.65% / 1.23%)
481134933	ID:5	 61443 P 0.0 7 592646 15134988 227817 221505 0 143436 31836 1934090 5134 17419 0 16069 (radio 2.-188% / 1.14% tx 1.44% / 0.26% listen 1.40% / 0.88%)
481135853	ID:21	 61443 P 0.0 7 377590 15350820 95207 190690 0 121739 36126 1929935 3519 22568 0 15970 (radio 1.81% / 1.32% tx 0.60% / 0.17% listen 1.21% / 1.14%)
481139941	ID:13	 61443 P 0.0 7 258081 15469253 85228 137841 0 112957 21651 1944313 3721 14549 0 12908 (radio 1.41% / 0.92% tx 0.54% / 0.18% listen 0.87% / 0.74%)
481523422	ID:16	[PKT-TX] DATA bytes=14  seq=12 
481692256	ID:1	[PKT-RX] DATA bytes=14 from=16 seq=12
482036753	ID:16	[PKT-RTT] seq=12,rtt_delay_ms=250
482043888	ID:24	[PKT-TX] DATA bytes=14  seq=12 
482362546	ID:12	[PKT-TX] DATA bytes=14  seq=12 
482810664	ID:1	[PKT-RX] DATA bytes=14 from=24 seq=12
482941981	ID:1	[PKT-RX] DATA bytes=14 from=12 seq=12
484931217	ID:10	[HFS] ra=0 si=0 cx=49 ac=0
484937033	ID:10	[LIST] Neighbors: 19,25,17,16,9,24,29,30
484940670	ID:10	[LIST] Quarantine: (none)
484944166	ID:10	[LIST] Blacklist: (none)
484950783	ID:10	FUZZRID,DET,24,1391,1391,0,0,0,0,0,0,10,0,0,0
485699404	ID:17	[PKT-TX] DATA bytes=14  seq=12 
485816511	ID:1	[PKT-RX] DATA bytes=14 from=17 seq=12
486055228	ID:17	[PKT-RTT] seq=12,rtt_delay_ms=171
486307784	ID:15	[HFS] ra=0 si=0 cx=49 ac=0
486313299	ID:15	[LIST] Neighbors: 28,26,22,19,25,11,27
486316936	ID:15	[LIST] Quarantine: (none)
486320433	ID:15	[LIST] Blacklist: (none)
486326549	ID:15	FUZZRID,DET,22,845,845,0,0,0,0,0,0,3,0,0,0
487663742	ID:7	[HFS] ra=0 si=0 cx=49 ac=0
487668099	ID:7	[LIST] Neighbors: 4,23,29,9,14
487671736	ID:7	[LIST] Quarantine: (none)
487675232	ID:7	[LIST] Blacklist: (none)
487681688	ID:7	FUZZRID,DET,23,1856,1856,0,0,0,0,0,0,8,0,0,0
488674607	ID:1	[HFS] ra=0 si=0 cx=49 ac=0
488678843	ID:1	[LIST] Neighbors: 21,27,28,15
488682480	ID:1	[LIST] Quarantine: (none)
488685977	ID:1	[LIST] Blacklist: (none)
488692071	ID:1	FUZZRID,DET,21,512,512,0,0,0,0,0,0,0,0,0,0
488783500	ID:4	[HFS] ra=0 si=0 cx=49 ac=0
488788577	ID:4	[LIST] Neighbors: 28,9,31,7,3,14,21
488792213	ID:4	[LIST] Quarantine: (none)
488795710	ID:4	[LIST] Blacklist: (none)
488801828	ID:4	FUZZRID,DET,21,512,512,0,0,0,0,0,0,0,0,0,0
491343880	ID:25	[PKT-TX] DATA bytes=14  seq=12 
491442662	ID:1	[PKT-RX] DATA bytes=14 from=25 seq=12
492969550	ID:29	[ATK-FAKE-RANK]  true_rank=1493 fake_rank=1631 t=11720s
493017816	ID:9	[HFS] ra=67 si=48 cx=49 ac=65
493023026	ID:9	[LIST] Neighbors: 4,25,29,10,7,23,14
493026663	ID:9	[LIST] Quarantine: (none)
493030160	ID:9	[LIST] Blacklist: (none)
493037771	ID:9	FUZZRID,DET,29,1631,1493,138,0,50,75,40,33,4,0,65,75
493039113	ID:7	[HFS] ra=61 si=37 cx=49 ac=51
493039840	ID:16	[HFS] ra=73 si=48 cx=49 ac=80
493043470	ID:7	[LIST] Neighbors: 4,23,29,9,14
493045490	ID:16	[LIST] Neighbors: 19,17,30,24,29,25,2,8
493047107	ID:7	[LIST] Quarantine: (none)
493049127	ID:16	[LIST] Quarantine: (none)
493050603	ID:7	[LIST] Blacklist: (none)
493052624	ID:16	[LIST] Blacklist: (none)
493056949	ID:10	[HFS] ra=65 si=0 cx=49 ac=87
493058214	ID:7	FUZZRID,DET,29,1631,1493,138,0,46,70,41,33,8,0,51,40
493060235	ID:16	FUZZRID,DET,29,1631,1493,138,0,52,80,37,33,1,0,80,75
493062745	ID:10	[LIST] Neighbors: 19,25,17,16,9,24,29,30
493066382	ID:10	[LIST] Quarantine: (none)
493069878	ID:10	[LIST] Blacklist: (none)
493077560	ID:10	FUZZRID,DET,29,1631,1493,138,0,49,73,32,0,5,0,87,100
493099891	ID:25	[HFS] ra=67 si=48 cx=49 ac=65
493105687	ID:25	[LIST] Neighbors: 15,26,17,10,30,9,16,29
493109324	ID:25	[LIST] Quarantine: (none)
493112821	ID:25	[LIST] Blacklist: (none)
493120466	ID:25	FUZZRID,DET,29,1631,1493,138,0,50,75,44,33,4,0,65,75
493568265	ID:8	[PKT-TX] DATA bytes=13  seq=12 
493819397	ID:1	[PKT-RX] DATA bytes=13 from=8 seq=12
494181278	ID:7	[PKT-TX] DATA bytes=13  seq=12 
494371400	ID:1	[PKT-RX] DATA bytes=13 from=7 seq=12
495975330	ID:25	[HFS] ra=0 si=0 cx=49 ac=0
495981145	ID:25	[LIST] Neighbors: 15,26,17,10,30,9,16,29
495984782	ID:25	[LIST] Quarantine: (none)
495988279	ID:25	[LIST] Blacklist: (none)
495994756	ID:25	FUZZRID,DET,10,1407,1407,0,0,0,0,0,0,6,0,0,0
496018472	ID:9	[HFS] ra=0 si=0 cx=49 ac=0
496023681	ID:9	[LIST] Neighbors: 4,25,29,10,7,23,14
496027348	ID:9	[LIST] Quarantine: (none)
496030845	ID:9	[LIST] Blacklist: (none)
496037299	ID:9	FUZZRID,DET,10,1407,1407,0,0,0,0,0,0,3,0,0,0
496060675	ID:24	[HFS] ra=0 si=0 cx=49 ac=0
496060905	ID:17	[HFS] ra=0 si=0 cx=49 ac=0
496065618	ID:24	[LIST] Neighbors: 17,16,18,10,13,8
496066847	ID:17	[LIST] Neighbors: 26,19,16,10,24,29,25,30
496069256	ID:24	[LIST] Quarantine: (none)
496070484	ID:17	[LIST] Quarantine: (none)
496072753	ID:24	[LIST] Blacklist: (none)
496073981	ID:17	[LIST] Blacklist: (none)
496079215	ID:24	FUZZRID,DET,10,1407,1407,0,0,0,0,0,0,3,0,0,0
496080573	ID:17	FUZZRID,DET,10,1407,1407,0,0,0,0,0,0,11,0,0,0
496392117	ID:27	[ATK-FAKE-RANK]  true_rank=512 fake_rank=592 t=11720s
496413639	ID:1	[HFS] ra=72 si=0 cx=49 ac=94
496417875	ID:1	[LIST] Neighbors: 21,27,28,15
496421531	ID:1	[LIST] Quarantine: (none)
496425028	ID:1	[LIST] Blacklist: (none)
496431673	ID:22	[HFS] ra=72 si=0 cx=49 ac=94
496432138	ID:1	FUZZRID,DET,27,592,512,80,0,31,70,15,0,0,0,94,100
496432758	ID:15	[HFS] ra=72 si=0 cx=49 ac=94
496436335	ID:22	[LIST] Neighbors: 15,26,11,20,27
496438273	ID:15	[LIST] Neighbors: 28,26,22,19,25,11,27
496439973	ID:22	[LIST] Quarantine: (none)
496441912	ID:15	[LIST] Quarantine: (none)
496443469	ID:22	[LIST] Blacklist: (none)
496445409	ID:15	[LIST] Blacklist: (none)
496450472	ID:22	FUZZRID,DET,27,592,512,80,0,30,71,5,0,1,0,94,100
496452519	ID:15	FUZZRID,DET,27,592,512,80,0,31,70,10,0,0,0,94,100
497395563	ID:6	[PKT-TX] DATA bytes=13  seq=12 
497422630	ID:13	[PKT-TX] DATA bytes=14  seq=12 
497567546	ID:1	[PKT-RX] DATA bytes=13 from=6 seq=12
497781292	ID:4	[HFS] ra=0 si=0 cx=49 ac=0
497786369	ID:4	[LIST] Neighbors: 28,9,31,7,3,14,21
497790006	ID:4	[LIST] Quarantine: (none)
497793503	ID:4	[LIST] Blacklist: (none)
497799830	ID:4	FUZZRID,DET,7,1286,1286,0,0,0,0,0,0,3,0,0,0
497917486	ID:11	[PKT-TX] DATA bytes=14  seq=12 
498050034	ID:5	[PKT-TX] DATA bytes=13  seq=12 
498066768	ID:1	[PKT-RX] DATA bytes=14 from=11 seq=12
498824791	ID:1	[PKT-RX] DATA bytes=13 from=5 seq=12
498964839	ID:21	[PKT-TX] DATA bytes=14  seq=12 
498981675	ID:1	[PKT-RX] DATA bytes=14 from=21 seq=12
499068812	ID:1	[PKT-RX] DATA bytes=14 from=13 seq=12
499254389	ID:18	[PKT-TX] DATA bytes=14  seq=12 
499568313	ID:3	[PKT-TX] DATA bytes=13  seq=12 
499578706	ID:2	[PKT-TX] DATA bytes=13  seq=12 
499747987	ID:1	[PKT-RX] DATA bytes=13 from=3 seq=12
500142528	ID:9	[HFS] ra=0 si=0 cx=49 ac=0
500143779	ID:1	[PKT-RX] DATA bytes=14 from=18 seq=12
500147738	ID:9	[LIST] Neighbors: 4,25,29,10,7,23,14
500151374	ID:9	[LIST] Quarantine: (none)
500154871	ID:9	[LIST] Blacklist: (none)
500161326	ID:9	FUZZRID,DET,4,1121,1121,0,0,0,0,0,0,10,0,0,0
500444176	ID:1	[PKT-RX] DATA bytes=13 from=2 seq=12
500525705	ID:4	[PKT-TX] DATA bytes=13  seq=12 
500623479	ID:1	[PKT-RX] DATA bytes=13 from=4 seq=12
500684677	ID:24	[HFS] ra=0 si=0 cx=49 ac=0
500689619	ID:24	[LIST] Neighbors: 17,16,18,10,13,8
500693257	ID:24	[LIST] Quarantine: (none)
500696754	ID:24	[LIST] Blacklist: (none)
500703236	ID:24	FUZZRID,DET,10,1407,1407,0,0,0,0,0,0,3,0,0,0
500761332	ID:18	[HFS] ra=0 si=0 cx=47 ac=0
500764716	ID:18	[LIST] Neighbors: 24,13
500768352	ID:18	[LIST] Quarantine: (none)
500771849	ID:18	[LIST] Blacklist: (none)
500778452	ID:18	FUZZRID,DET,13,1917,1917,0,0,0,0,0,0,23,0,0,0
500809260	ID:24	[HFS] ra=0 si=0 cx=42 ac=0
500814203	ID:24	[LIST] Neighbors: 17,16,18,10,13,8
500817841	ID:24	[LIST] Quarantine: (none)
500821338	ID:24	[LIST] Blacklist: (none)
500827961	ID:24	FUZZRID,DET,13,1917,1917,0,0,0,0,0,0,29,0,0,0
501277353	ID:4	[PKT-RTT] seq=12,rtt_delay_ms=375
501479457	ID:22	[PKT-TX] DATA bytes=14  seq=12 
501631084	ID:1	[PKT-RX] DATA bytes=14 from=22 seq=12
501803146	ID:22	[PKT-RTT] seq=12,rtt_delay_ms=156
503392681	ID:10	[PKT-TX] DATA bytes=14  seq=12 
503566566	ID:1	[PKT-RX] DATA bytes=14 from=10 seq=12
503684569	ID:24	[HFS] ra=0 si=0 cx=43 ac=0
503689512	ID:24	[LIST] Neighbors: 17,16,18,10,13,8
503693149	ID:24	[LIST] Quarantine: (none)
503696646	ID:24	[LIST] Blacklist: (none)
503703243	ID:24	FUZZRID,DET,13,1917,1917,0,0,0,0,0,0,28,0,0,0
503925995	ID:10	[PKT-RTT] seq=12,rtt_delay_ms=265
505401923	ID:15	[PKT-TX] DATA bytes=14  seq=12 
505418611	ID:1	[PKT-RX] DATA bytes=14 from=15 seq=12
505661281	ID:23	[PKT-TX] DATA bytes=14  seq=12 
505953874	ID:14	[PKT-TX] DATA bytes=14  seq=12 
505998640	ID:1	[PKT-RX] DATA bytes=14 from=23 seq=12
506051203	ID:19	[PKT-TX] DATA bytes=14  seq=12 
506191225	ID:1	[PKT-RX] DATA bytes=14 from=19 seq=12
506214852	ID:9	[PKT-TX] DATA bytes=13  seq=12 
506405970	ID:19	[PKT-RTT] seq=12,rtt_delay_ms=171
506693334	ID:8	[HFS] ra=0 si=0 cx=49 ac=0
506698131	ID:8	[LIST] Neighbors: 17,16,30,6,2,24
506701769	ID:8	[LIST] Quarantine: (none)
506705266	ID:8	[LIST] Blacklist: (none)
506711606	ID:8	FUZZRID,DET,6,1086,1086,0,0,0,0,0,0,1,0,0,0
506735912	ID:5	[HFS] ra=0 si=0 cx=49 ac=0
506740738	ID:5	[LIST] Neighbors: 19,20,30,6,2,12
506744375	ID:5	[LIST] Quarantine: (none)
506747872	ID:5	[LIST] Blacklist: (none)
506752915	ID:12	[HFS] ra=0 si=0 cx=49 ac=0
506754187	ID:5	FUZZRID,DET,6,1086,1086,0,0,0,0,0,0,6,0,0,0
506757139	ID:12	[LIST] Neighbors: 20,5,30,6,2
506760808	ID:12	[LIST] Quarantine: (none)
506764305	ID:12	[LIST] Blacklist: (none)
506770118	ID:2	[HFS] ra=0 si=0 cx=49 ac=0
506770621	ID:12	FUZZRID,DET,6,1086,1086,0,0,0,0,0,0,2,0,0,0
506774802	ID:2	[LIST] Neighbors: 16,5,30,6,12,8
506778440	ID:2	[LIST] Quarantine: (none)
506781936	ID:2	[LIST] Blacklist: (none)
506788252	ID:2	FUZZRID,DET,6,1086,1086,0,0,0,0,0,0,1,0,0,0
506791507	ID:20	[HFS] ra=0 si=0 cx=49 ac=0
506797157	ID:20	[LIST] Neighbors: 26,30,19,6,12,5,22,11
506800793	ID:20	[LIST] Quarantine: (none)
506804290	ID:20	[LIST] Blacklist: (none)
506810639	ID:20	FUZZRID,DET,6,1086,1086,0,0,0,0,0,0,1,0,0,0
507873543	ID:1	[PKT-RX] DATA bytes=14 from=14 seq=12
508124319	ID:1	[PKT-RX] DATA bytes=13 from=9 seq=12
508253974	ID:14	[PKT-RTT] seq=12,rtt_delay_ms=1148
508457085	ID:20	[PKT-TX] DATA bytes=14  seq=12 
508568256	ID:1	[PKT-RX] DATA bytes=14 from=20 seq=12
508785672	ID:20	[PKT-RTT] seq=12,rtt_delay_ms=164
509764337	ID:6	[HFS] ra=0 si=0 cx=49 ac=0
509769987	ID:6	[LIST] Neighbors: 19,17,20,16,30,2,12,5
509772273	ID:2	[HFS] ra=0 si=0 cx=49 ac=0
509773624	ID:6	[LIST] Quarantine: (none)
509776928	ID:2	[LIST] Neighbors: 16,5,30,6,12,8
509777120	ID:6	[LIST] Blacklist: (none)
509780566	ID:2	[LIST] Quarantine: (none)
509783576	ID:6	FUZZRID,DET,16,1075,1075,0,0,0,0,0,0,3,0,0,0
509784062	ID:2	[LIST] Blacklist: (none)
509786182	ID:19	[HFS] ra=0 si=0 cx=49 ac=0
509790518	ID:2	FUZZRID,DET,16,1075,1075,0,0,0,0,0,0,5,0,0,0
509791979	ID:19	[LIST] Neighbors: 15,26,17,30,20,5,25,16
509795615	ID:19	[LIST] Quarantine: (none)
509799112	ID:19	[LIST] Blacklist: (none)
509805567	ID:19	FUZZRID,DET,16,1075,1075,0,0,0,0,0,0,9,0,0,0
509806926	ID:17	[HFS] ra=0 si=0 cx=49 ac=0
509807027	ID:10	[HFS] ra=0 si=0 cx=49 ac=0
509810938	ID:24	[HFS] ra=0 si=0 cx=49 ac=0
509812823	ID:10	[LIST] Neighbors: 19,25,17,16,9,24,29,30
509812869	ID:17	[LIST] Neighbors: 26,19,16,10,24,29,25,30
509815880	ID:24	[LIST] Neighbors: 17,16,18,10,13,8
509816460	ID:10	[LIST] Quarantine: (none)
509816506	ID:17	[LIST] Quarantine: (none)
509819484	ID:8	[HFS] ra=0 si=0 cx=49 ac=0
509819518	ID:24	[LIST] Quarantine: (none)
509819957	ID:10	[LIST] Blacklist: (none)
509820002	ID:17	[LIST] Blacklist: (none)
509823015	ID:24	[LIST] Blacklist: (none)
509824281	ID:8	[LIST] Neighbors: 17,16,30,6,2,24
509826419	ID:10	FUZZRID,DET,16,1075,1075,0,0,0,0,0,0,5,0,0,0
509826463	ID:17	FUZZRID,DET,16,1075,1075,0,0,0,0,0,0,5,0,0,0
509827918	ID:8	[LIST] Quarantine: (none)
509829500	ID:24	FUZZRID,DET,16,1075,1075,0,0,0,0,0,0,6,0,0,0
509831415	ID:8	[LIST] Blacklist: (none)
509837870	ID:8	FUZZRID,DET,16,1075,1075,0,0,0,0,0,0,3,0,0,0
509850772	ID:25	[HFS] ra=0 si=0 cx=49 ac=0
509856568	ID:25	[LIST] Neighbors: 15,26,17,10,30,9,16,29
509860205	ID:25	[LIST] Quarantine: (none)
509863701	ID:25	[LIST] Blacklist: (none)
509870195	ID:25	FUZZRID,DET,16,1075,1075,0,0,0,0,0,0,7,0,0,0
510641520	ID:9	[HFS] ra=0 si=0 cx=49 ac=0
510646731	ID:9	[LIST] Neighbors: 4,25,29,10,7,23,14
510650367	ID:9	[LIST] Quarantine: (none)
510653887	ID:9	[LIST] Blacklist: (none)
510660340	ID:9	FUZZRID,DET,14,1129,1129,0,0,0,0,0,0,1,0,0,0
510666602	ID:7	[HFS] ra=0 si=0 cx=49 ac=0
510670959	ID:7	[LIST] Neighbors: 4,23,29,9,14
510674596	ID:7	[LIST] Quarantine: (none)
510678092	ID:7	[LIST] Blacklist: (none)
510678514	ID:3	[HFS] ra=0 si=0 cx=49 ac=0
510682178	ID:3	[LIST] Neighbors: 31,4,14
510684547	ID:7	FUZZRID,DET,14,1129,1129,0,0,0,0,0,0,1,0,0,0
510685815	ID:3	[LIST] Quarantine: (none)
510689336	ID:3	[LIST] Blacklist: (none)
510695790	ID:3	FUZZRID,DET,14,1129,1129,0,0,0,0,0,0,3,0,0,0
513719791	ID:16	[PKT-TX] DATA bytes=14  seq=13 
513819122	ID:1	[PKT-RX] DATA bytes=14 from=16 seq=13
514267886	ID:12	[PKT-TX] DATA bytes=14  seq=13 
514443668	ID:1	[PKT-RX] DATA bytes=14 from=12 seq=13
514871636	ID:12	[PKT-RTT] seq=13,rtt_delay_ms=296
515099536	ID:8	[PKT-TX] DATA bytes=13  seq=13 
515318022	ID:1	[PKT-RX] DATA bytes=13 from=8 seq=13
515808124	ID:18	[PKT-TX] DATA bytes=14  seq=13 
516192629	ID:1	[PKT-RX] DATA bytes=14 from=18 seq=13
517003159	ID:5	[PKT-TX] DATA bytes=13  seq=13 
517191909	ID:1	[PKT-RX] DATA bytes=13 from=5 seq=13
517607963	ID:5	[PKT-RTT] seq=13,rtt_delay_ms=296
520384403	ID:7	[PKT-TX] DATA bytes=13  seq=13 
520396920	ID:25	[PKT-TX] DATA bytes=14  seq=13 
520442221	ID:1	[PKT-RX] DATA bytes=14 from=25 seq=13
520557966	ID:24	[HFS] ra=0 si=0 cx=49 ac=0
520562943	ID:24	[LIST] Neighbors: 17,16,18,10,13,8
520566580	ID:24	[LIST] Quarantine: (none)
520570076	ID:24	[LIST] Blacklist: (none)
520576557	ID:24	FUZZRID,DET,18,1628,1628,0,0,0,0,0,0,2,0,0,0
520617339	ID:13	[HFS] ra=0 si=0 cx=49 ac=0
520620722	ID:13	[LIST] Neighbors: 24,18
520621365	ID:1	[PKT-RX] DATA bytes=13 from=7 seq=13
520624359	ID:13	[LIST] Quarantine: (none)
520627862	ID:13	[LIST] Blacklist: (none)
520634314	ID:13	FUZZRID,DET,18,1628,1628,0,0,0,0,0,0,1,0,0,0
520855654	ID:17	[PKT-TX] DATA bytes=14  seq=13 
521443457	ID:1	[PKT-RX] DATA bytes=14 from=17 seq=13
521659717	ID:7	[PKT-RTT] seq=13,rtt_delay_ms=632
521784779	ID:15	[PKT-TX] DATA bytes=14  seq=13 
521801423	ID:1	[PKT-RX] DATA bytes=14 from=15 seq=13
522039015	ID:16	[HFS] ra=0 si=0 cx=49 ac=0
522044665	ID:16	[LIST] Neighbors: 19,17,30,24,29,25,2,8
522048304	ID:16	[LIST] Quarantine: (none)
522051801	ID:16	[LIST] Blacklist: (none)
522058117	ID:16	FUZZRID,DET,8,1382,1382,0,0,0,0,0,0,1,0,0,0
522060087	ID:24	[HFS] ra=0 si=0 cx=49 ac=0
522065036	ID:24	[LIST] Neighbors: 17,16,18,10,13,8
522068674	ID:24	[LIST] Quarantine: (none)
522072171	ID:24	[LIST] Blacklist: (none)
522078516	ID:24	FUZZRID,DET,8,1382,1382,0,0,0,0,0,0,0,0,0,0
522145589	ID:2	[HFS] ra=0 si=0 cx=49 ac=0
522150240	ID:2	[LIST] Neighbors: 16,5,30,6,12,8
522153877	ID:2	[LIST] Quarantine: (none)
522157374	ID:2	[LIST] Blacklist: (none)
522163689	ID:2	FUZZRID,DET,8,1382,1382,0,0,0,0,0,0,1,0,0,0
522550770	ID:21	[PKT-TX] DATA bytes=14  seq=13 
522567511	ID:1	[PKT-RX] DATA bytes=14 from=21 seq=13
523393413	ID:11	[HFS] ra=0 si=0 cx=49 ac=0
523398509	ID:11	[LIST] Neighbors: 15,26,30,22,20,19
523402146	ID:11	[LIST] Quarantine: (none)
523405643	ID:11	[LIST] Blacklist: (none)
523411736	ID:11	FUZZRID,DET,22,863,863,0,0,0,0,0,0,3,0,0,0
523416017	ID:20	[HFS] ra=0 si=0 cx=49 ac=0
523421667	ID:20	[LIST] Neighbors: 26,30,19,6,12,5,22,11
523425304	ID:20	[LIST] Quarantine: (none)
523428800	ID:20	[LIST] Blacklist: (none)
523432253	ID:15	[HFS] ra=0 si=0 cx=49 ac=0
523434902	ID:20	FUZZRID,DET,22,863,863,0,0,0,0,0,0,0,0,0,0
523437797	ID:15	[LIST] Neighbors: 28,26,22,19,25,11,27
523441434	ID:15	[LIST] Quarantine: (none)
523444931	ID:15	[LIST] Blacklist: (none)
523451024	ID:15	FUZZRID,DET,22,863,863,0,0,0,0,0,0,3,0,0,0
524030550	ID:4	[HFS] ra=0 si=0 cx=49 ac=0
524035640	ID:4	[LIST] Neighbors: 28,9,31,7,3,14,21
524039277	ID:4	[LIST] Quarantine: (none)
524039587	ID:7	[HFS] ra=0 si=0 cx=49 ac=0
524042775	ID:4	[LIST] Blacklist: (none)
524043975	ID:7	[LIST] Neighbors: 4,23,29,9,14
524047612	ID:7	[LIST] Quarantine: (none)
524049228	ID:4	FUZZRID,DET,9,1442,1442,0,0,0,0,0,0,13,0,0,0
524051108	ID:7	[LIST] Blacklist: (none)
524057061	ID:10	[HFS] ra=0 si=0 cx=49 ac=0
524057561	ID:7	FUZZRID,DET,9,1442,1442,0,0,0,0,0,0,10,0,0,0
524062872	ID:10	[LIST] Neighbors: 19,25,17,16,9,24,29,30
524066509	ID:10	[LIST] Quarantine: (none)
524070005	ID:10	[LIST] Blacklist: (none)
524076492	ID:10	FUZZRID,DET,9,1442,1442,0,0,0,0,0,0,14,0,0,0
524100045	ID:25	[HFS] ra=0 si=0 cx=49 ac=0
524105866	ID:25	[LIST] Neighbors: 15,26,17,10,30,9,16,29
524109503	ID:25	[LIST] Quarantine: (none)
524112999	ID:25	[LIST] Blacklist: (none)
524119476	ID:25	FUZZRID,DET,9,1442,1442,0,0,0,0,0,0,10,0,0,0
524133148	ID:14	[HFS] ra=0 si=0 cx=49 ac=0
524137226	ID:14	[LIST] Neighbors: 31,4,7,9,3
524140863	ID:14	[LIST] Quarantine: (none)
524144359	ID:14	[LIST] Blacklist: (none)
524150817	ID:14	FUZZRID,DET,9,1442,1442,0,0,0,0,0,0,13,0,0,0
524162964	ID:14	[PKT-TX] DATA bytes=14  seq=13 
524246543	ID:1	[PKT-RX] DATA bytes=14 from=14 seq=13
524501877	ID:14	[PKT-RTT] seq=13,rtt_delay_ms=164
526346366	ID:11	[PKT-TX] DATA bytes=14  seq=13 
526442136	ID:1	[PKT-RX] DATA bytes=14 from=11 seq=13
526852137	ID:2	[PKT-TX] DATA bytes=13  seq=13 
526941350	ID:1	[PKT-RX] DATA bytes=13 from=2 seq=13
527395573	ID:2	[PKT-RTT] seq=13,rtt_delay_ms=265
528050835	ID:20	[PKT-TX] DATA bytes=14  seq=13 
528191489	ID:1	[PKT-RX] DATA bytes=14 from=20 seq=13
528412630	ID:20	[PKT-RTT] seq=13,rtt_delay_ms=179
529623935	ID:12	[HFS] ra=0 si=0 cx=49 ac=0
529628160	ID:12	[LIST] Neighbors: 20,5,30,6,2
529631797	ID:12	[LIST] Quarantine: (none)
529635293	ID:12	[LIST] Blacklist: (none)
529641609	ID:12	FUZZRID,DET,2,1396,1396,0,0,0,0,0,0,1,0,0,0
530129328	ID:19	[PKT-TX] DATA bytes=14  seq=13 
530154250	ID:3	[PKT-TX] DATA bytes=13  seq=13 
530182582	ID:22	[PKT-TX] DATA bytes=14  seq=13 
530192286	ID:1	[PKT-RX] DATA bytes=14 from=19 seq=13
530403963	ID:19	[PKT-RTT] seq=13,rtt_delay_ms=132
530507629	ID:1	[PKT-RX] DATA bytes=14 from=22 seq=13
530747515	ID:1	[PKT-RX] DATA bytes=13 from=3 seq=13
530872590	ID:6	[PKT-TX] DATA bytes=13  seq=13 
530942397	ID:1	[PKT-RX] DATA bytes=13 from=6 seq=13
531160165	ID:9	[PKT-TX] DATA bytes=13  seq=13 
531373811	ID:1	[PKT-RX] DATA bytes=13 from=9 seq=13
531747020	ID:24	[PKT-TX] DATA bytes=14  seq=13 
532236796	ID:5	[HFS] ra=0 si=0 cx=49 ac=0
532241593	ID:5	[LIST] Neighbors: 19,20,30,6,2,12
532245230	ID:5	[LIST] Quarantine: (none)
532248727	ID:5	[LIST] Blacklist: (none)
532249306	ID:12	[HFS] ra=0 si=0 cx=49 ac=0
532253563	ID:12	[LIST] Neighbors: 20,5,30,6,2
532255202	ID:5	FUZZRID,DET,20,1094,1094,0,0,0,0,0,0,7,0,0,0
532257200	ID:12	[LIST] Quarantine: (none)
532260696	ID:12	[LIST] Blacklist: (none)
532262910	ID:6	[HFS] ra=0 si=0 cx=49 ac=0
532267019	ID:11	[HFS] ra=0 si=0 cx=49 ac=0
532267151	ID:12	FUZZRID,DET,20,1094,1094,0,0,0,0,0,0,4,0,0,0
532268578	ID:6	[LIST] Neighbors: 19,17,20,16,30,2,12,5
532272111	ID:11	[LIST] Neighbors: 15,26,30,22,20,19
532272215	ID:6	[LIST] Quarantine: (none)
532275712	ID:6	[LIST] Blacklist: (none)
532275748	ID:11	[LIST] Quarantine: (none)
532279245	ID:11	[LIST] Blacklist: (none)
532282191	ID:6	FUZZRID,DET,20,1094,1094,0,0,0,0,0,0,1,0,0,0
532285723	ID:11	FUZZRID,DET,20,1094,1094,0,0,0,0,0,0,0,0,0,0
532287428	ID:19	[HFS] ra=0 si=0 cx=49 ac=0
532293224	ID:19	[LIST] Neighbors: 15,26,17,30,20,5,25,16
532296861	ID:19	[LIST] Quarantine: (none)
532300357	ID:19	[LIST] Blacklist: (none)
532305394	ID:22	[HFS] ra=0 si=0 cx=49 ac=0
532306813	ID:19	FUZZRID,DET,20,1094,1094,0,0,0,0,0,0,9,0,0,0
532310056	ID:22	[LIST] Neighbors: 15,26,11,20,27
532313693	ID:22	[LIST] Quarantine: (none)
532317190	ID:22	[LIST] Blacklist: (none)
532323645	ID:22	FUZZRID,DET,20,1094,1094,0,0,0,0,0,0,0,0,0,0
532514568	ID:9	[PKT-RTT] seq=13,rtt_delay_ms=671
532817048	ID:1	[PKT-RX] DATA bytes=14 from=24 seq=13
533266622	ID:9	[HFS] ra=0 si=0 cx=49 ac=0
533271831	ID:9	[LIST] Neighbors: 4,25,29,10,7,23,14
533275468	ID:9	[LIST] Quarantine: (none)
533278965	ID:9	[LIST] Blacklist: (none)
533285440	ID:9	FUZZRID,DET,23,1830,1830,0,0,0,0,0,0,5,0,0,0
533287354	ID:7	[HFS] ra=0 si=0 cx=49 ac=0
533291745	ID:7	[LIST] Neighbors: 4,23,29,9,14
533295381	ID:7	[LIST] Quarantine: (none)
533298878	ID:7	[LIST] Blacklist: (none)
533305334	ID:7	FUZZRID,DET,23,1830,1830,0,0,0,0,0,0,4,0,0,0
533367602	ID:13	[HFS] ra=0 si=0 cx=49 ac=0
533370986	ID:13	[LIST] Neighbors: 24,18
533374622	ID:13	[LIST] Quarantine: (none)
533378141	ID:13	[LIST] Blacklist: (none)
533384594	ID:13	FUZZRID,DET,18,1628,1628,0,0,0,0,0,0,1,0,0,0
533392835	ID:29	[ATK-FAKE-RANK]  true_rank=1493 fake_rank=1651 t=11720s
533432914	ID:10	[HFS] ra=74 si=37 cx=49 ac=82
533438711	ID:10	[LIST] Neighbors: 19,25,17,16,9,24,29,30
533442348	ID:10	[LIST] Quarantine: (none)
533445844	ID:10	[LIST] Blacklist: (none)
533453354	ID:10	FUZZRID,DET,29,1651,1493,158,0,61,100,5,0,0,0,82,75
533773798	ID:13	[PKT-TX] DATA bytes=14  seq=13 
534191769	ID:1	[PKT-RX] DATA bytes=14 from=13 seq=13
534929828	ID:10	[HFS] ra=0 si=0 cx=49 ac=0
534935634	ID:10	[LIST] Neighbors: 19,25,17,16,9,24,29,30
534939271	ID:10	[LIST] Quarantine: (none)
534942768	ID:10	[LIST] Blacklist: (none)
534948859	ID:10	FUZZRID,DET,25,841,841,0,0,0,0,0,0,3,0,0,0
535369229	ID:10	[PKT-TX] DATA bytes=14  seq=13 
535942410	ID:1	[PKT-RX] DATA bytes=14 from=10 seq=13
536302038	ID:10	[PKT-RTT] seq=13,rtt_delay_ms=460
536837150	ID:4	[PKT-TX] DATA bytes=13  seq=13 
536996317	ID:1	[PKT-RX] DATA bytes=13 from=4 seq=13
537637843	ID:23	[PKT-TX] DATA bytes=14  seq=13 
537998164	ID:1	[PKT-RX] DATA bytes=14 from=23 seq=13
540159275	ID:18	 69123 P 0.0 8 309334 17383874 100927 164360 0 123711 32721 1933176 9750 17155 0 13383 (radio 1.49% / 1.36% tx 0.57% / 0.49% listen 0.92% / 0.87%)
540187620	ID:16	 69123 P 0.0 8 672746 17020278 190361 281643 0 206675 63006 1903025 17701 25542 0 18628 (radio 2.-176% / 2.19% tx 1.07% / 0.90% listen 1.59% / 1.29%)
540325438	ID:3	 69123 P 0.0 8 387401 17306235 139826 187526 0 136318 28013 1937923 6051 18850 0 16040 (radio 1.85% / 1.26% tx 0.79% / 0.30% listen 1.05% / 0.95%)
540348053	ID:23	 69123 P 0.0 8 347063 17346106 129879 167560 0 120759 29733 1935970 9093 15725 0 13057 (radio 1.68% / 1.26% tx 0.73% / 0.46% listen 0.94% / 0.79%)
540373234	ID:25	 69123 P 0.0 8 729333 16963380 223170 310024 0 213284 49948 1915978 7570 24616 0 20916 (radio 3.-242% / 1.63% tx 1.26% / 0.38% listen 1.75% / 1.25%)
540416251	ID:11	 69123 P 0.0 8 521677 17172196 155151 245817 0 175966 40419 1925587 6927 20166 0 15692 (radio 2.26% / 1.37% tx 0.87% / 0.35% listen 1.38% / 1.02%)
540558442	ID:19	 69123 P 0.0 8 1290343 16402854 472455 448660 0 191952 114541 1851381 36883 40283 0 15310 (radio 5.-465% / 3.92% tx 2.-176% / 1.87% listen 2.-190% / 2.04%)
540563488	ID:20	 69123 P 0.0 8 580586 17112422 153581 245478 0 188543 44409 1921369 7078 19160 0 17007 (radio 2.25% / 1.33% tx 0.86% / 0.36% listen 1.38% / 0.97%)
540579672	ID:10	 69123 P 0.0 8 609147 17085027 182180 307140 0 237521 52767 1913286 10140 27632 0 24140 (radio 2.-167% / 1.92% tx 1.02% / 0.51% listen 1.73% / 1.40%)
540679810	ID:4	 69123 P 0.0 8 536472 17157605 162604 214144 0 147209 51447 1914616 13444 21764 0 15664 (radio 2.12% / 1.79% tx 0.91% / 0.68% listen 1.21% / 1.10%)
540716031	ID:8	 69123 P 0.0 8 487438 17206236 138947 199904 0 145192 39257 1926668 8613 18864 0 15644 (radio 1.91% / 1.39% tx 0.78% / 0.43% listen 1.12% / 0.95%)
540779522	ID:14	 69123 P 0.0 8 540075 17153074 178737 215603 0 134809 72005 1893796 29410 27058 0 13629 (radio 2.22% / 2.87% tx 1.01% / 1.49% listen 1.21% / 1.37%)
540812169	ID:7	 69123 P 0.0 8 414786 17278496 107128 183606 0 148411 43012 1922938 8784 19334 0 15203 (radio 1.64% / 1.43% tx 0.60% / 0.44% listen 1.03% / 0.98%)
540828283	ID:1	 69125 P 0.0 8 957907 16736293 403157 17291148 0 0 103441 1862500 43806 1922227 0 0 (radio 100.-9952% / 100.-8739% tx 2.27% / 2.22% listen 97.-9638% / 97.-8662%)
540832088	ID:15	 69123 P 0.0 8 1058763 16634448 331242 388141 0 152175 112897 1852937 34168 40256 0 14580 (radio 4.-237% / 3.78% tx 1.87% / 1.73% listen 2.19% / 2.04%)
540832551	ID:17	 69123 P 0.0 8 1026115 16666973 415428 402484 0 225693 97917 1868031 38038 40030 0 21722 (radio 4.-181% / 3.97% tx 2.34% / 1.93% listen 2.27% / 2.03%)
540904243	ID:3	[PKT-TX] DATA bytes=13  seq=14 
540911057	ID:6	 69123 P 0.0 8 607872 17085973 136052 273783 0 202615 72636 1893384 22060 28875 0 17772 (radio 2.31% / 2.59% tx 0.76% / 1.12% listen 1.54% / 1.46%)
540921369	ID:2	 69123 P 0.0 8 482653 17210922 140730 207137 0 154936 48696 1917301 13687 20157 0 13962 (radio 1.96% / 1.72% tx 0.79% / 0.69% listen 1.17% / 1.02%)
540954265	ID:22	 69123 P 0.0 8 399494 17293726 121151 189862 0 146561 39080 1926857 9587 16034 0 12803 (radio 1.75% / 1.30% tx 0.68% / 0.48% listen 1.07% / 0.81%)
541024246	ID:12	 69123 P 0.0 8 499430 17193164 165431 204695 0 143259 30589 1935145 3208 16821 0 14730 (radio 2.09% / 1.01% tx 0.93% / 0.16% listen 1.15% / 0.85%)
541041142	ID:9	 69123 P 0.0 8 631560 17062693 233198 242524 0 153499 61911 1904142 18045 22226 0 14376 (radio 2.-174% / 2.04% tx 1.31% / 0.91% listen 1.37% / 1.13%)
541083105	ID:24	 69123 P 0.0 8 799723 16893817 348586 286954 0 144460 72153 1893795 25905 26943 0 14928 (radio 3.-184% / 2.68% tx 1.97% / 1.31% listen 1.62% / 1.37%)
541121736	ID:1	[PKT-RX] DATA bytes=13 from=3 seq=14
541134927	ID:5	 69123 P 0.0 8 633526 17060065 237337 241971 0 159432 40879 1925077 9520 20466 0 15996 (radio 2.-172% / 1.52% tx 1.34% / 0.48% listen 1.36% / 1.04%)
541139943	ID:13	 69123 P 0.0 8 290807 17402298 94916 154421 0 126219 32725 1933045 9688 16580 0 13262 (radio 1.40% / 1.33% tx 0.53% / 0.49% listen 0.87% / 0.84%)
541147460	ID:21	 69124 P 0.0 8 433953 17260884 113557 217130 0 137009 56361 1910064 18350 26440 0 15270 (radio 1.86% / 2.27% tx 0.64% / 0.93% listen 1.22% / 1.34%)
541949641	ID:19	[PKT-TX] DATA bytes=14  seq=14 
542068974	ID:1	[PKT-RX] DATA bytes=14 from=19 seq=14
542211262	ID:13	[PKT-TX] DATA bytes=14  seq=14 
542280283	ID:19	[PKT-RTT] seq=14,rtt_delay_ms=164
542325251	ID:6	[PKT-TX] DATA bytes=13  seq=14 
542370074	ID:22	[PKT-TX] DATA bytes=14  seq=14 
542509583	ID:1	[PKT-RX] DATA bytes=14 from=22 seq=14
542833258	ID:1	[PKT-RX] DATA bytes=13 from=6 seq=14
544194513	ID:1	[PKT-RX] DATA bytes=14 from=13 seq=14
544572573	ID:12	[PKT-TX] DATA bytes=14  seq=14 
544737905	ID:13	[PKT-RTT] seq=14,rtt_delay_ms=1257
545066522	ID:1	[PKT-RX] DATA bytes=14 from=12 seq=14
545097608	ID:18	[PKT-TX] DATA bytes=14  seq=14 
545443414	ID:1	[PKT-RX] DATA bytes=14 from=18 seq=14
545972664	ID:9	[PKT-TX] DATA bytes=13  seq=14 
546121742	ID:1	[PKT-RX] DATA bytes=13 from=9 seq=14
546515171	ID:9	[PKT-RTT] seq=14,rtt_delay_ms=265
547484698	ID:28	[ATK-FAKE-RANK]  true_rank=512 fake_rank=652 t=11720s
549729447	ID:30	[ATK-FAKE-RANK]  true_rank=1029 fake_rank=1276 t=11720s
549764977	ID:6	[HFS] ra=74 si=49 cx=49 ac=82
549768875	ID:11	[HFS] ra=74 si=49 cx=49 ac=82
549770627	ID:6	[LIST] Neighbors: 19,17,20,16,30,2,12,5
549773256	ID:2	[HFS] ra=74 si=49 cx=49 ac=82
549773967	ID:11	[LIST] Neighbors: 15,26,30,22,20,19
549774264	ID:6	[LIST] Quarantine: (none)
549777631	ID:11	[LIST] Quarantine: (none)
549777761	ID:6	[LIST] Blacklist: (none)
549777908	ID:2	[LIST] Neighbors: 16,5,30,6,12,8
549781128	ID:11	[LIST] Blacklist: (none)
549781544	ID:2	[LIST] Quarantine: (none)
549785041	ID:2	[LIST] Blacklist: (none)
549785446	ID:6	FUZZRID,DET,30,1276,1029,247,0,96,100,10,0,0,0,82,75
549787269	ID:19	[HFS] ra=74 si=49 cx=49 ac=82
549788777	ID:11	FUZZRID,DET,30,1276,1029,247,0,96,100,10,0,0,0,82,75
549790020	ID:20	[HFS] ra=74 si=49 cx=49 ac=82
549790111	ID:16	[HFS] ra=74 si=49 cx=49 ac=82
549792700	ID:2	FUZZRID,DET,30,1276,1029,247,0,94,100,10,0,1,0,82,75
549793065	ID:19	[LIST] Neighbors: 15,26,17,30,20,5,25,16
549795670	ID:20	[LIST] Neighbors: 26,30,19,6,12,5,22,11
549795761	ID:16	[LIST] Neighbors: 19,17,30,24,29,25,2,8
549796702	ID:19	[LIST] Quarantine: (none)
549799307	ID:20	[LIST] Quarantine: (none)
549799398	ID:16	[LIST] Quarantine: (none)
549800199	ID:19	[LIST] Blacklist: (none)
549802804	ID:20	[LIST] Blacklist: (none)
549802895	ID:16	[LIST] Blacklist: (none)
549807709	ID:19	FUZZRID,DET,30,1276,1029,247,0,81,100,8,0,9,0,82,75
549808251	ID:17	[HFS] ra=74 si=49 cx=49 ac=82
549808344	ID:10	[HFS] ra=74 si=49 cx=49 ac=82
549810453	ID:20	FUZZRID,DET,30,1276,1029,247,0,96,100,10,0,0,0,82,75
549810574	ID:16	FUZZRID,DET,30,1276,1029,247,0,94,100,10,0,1,0,82,75
549814141	ID:10	[LIST] Neighbors: 19,25,17,16,9,24,29,30
549814193	ID:17	[LIST] Neighbors: 26,19,16,10,24,29,25,30
549817777	ID:10	[LIST] Quarantine: (none)
549817830	ID:17	[LIST] Quarantine: (none)
549820221	ID:8	[HFS] ra=74 si=49 cx=49 ac=82
549821274	ID:10	[LIST] Blacklist: (none)
549821327	ID:17	[LIST] Blacklist: (none)
549825019	ID:8	[LIST] Neighbors: 17,16,30,6,2,24
549828656	ID:8	[LIST] Quarantine: (none)
549828837	ID:17	FUZZRID,DET,30,1276,1029,247,0,96,100,5,0,0,0,82,75
549828957	ID:10	FUZZRID,DET,30,1276,1029,247,0,96,100,10,0,0,0,82,75
549832153	ID:8	[LIST] Blacklist: (none)
549839802	ID:8	FUZZRID,DET,30,1276,1029,247,0,96,100,10,0,0,0,82,75
549850862	ID:25	[HFS] ra=74 si=49 cx=49 ac=82
549856659	ID:25	[LIST] Neighbors: 15,26,17,10,30,9,16,29
549860296	ID:25	[LIST] Quarantine: (none)
549862684	ID:5	[HFS] ra=74 si=49 cx=49 ac=82
549863792	ID:25	[LIST] Blacklist: (none)
549867481	ID:5	[LIST] Neighbors: 19,20,30,6,2,12
549871131	ID:5	[LIST] Quarantine: (none)
549871444	ID:25	FUZZRID,DET,30,1276,1029,247,0,96,100,10,0,0,0,82,75
549874628	ID:5	[LIST] Blacklist: (none)
549875680	ID:12	[HFS] ra=74 si=49 cx=49 ac=82
549879905	ID:12	[LIST] Neighbors: 20,5,30,6,2
549882172	ID:5	FUZZRID,DET,30,1276,1029,247,0,87,100,9,0,5,0,82,75
549883542	ID:12	[LIST] Quarantine: (none)
549887067	ID:12	[LIST] Blacklist: (none)
549894744	ID:12	FUZZRID,DET,30,1276,1029,247,0,94,100,10,0,1,0,82,75
550865820	ID:13	[HFS] ra=0 si=0 cx=49 ac=0
550869237	ID:13	[LIST] Neighbors: 24,18
550872874	ID:13	[LIST] Quarantine: (none)
550876371	ID:13	[LIST] Blacklist: (none)
550882826	ID:13	FUZZRID,DET,24,1476,1476,0,0,0,0,0,0,7,0,0,0
551860587	ID:4	[PKT-TX] DATA bytes=13  seq=14 
551996268	ID:1	[PKT-RX] DATA bytes=13 from=4 seq=14
553430663	ID:22	[HFS] ra=0 si=0 cx=49 ac=0
553435327	ID:22	[LIST] Neighbors: 15,26,11,20,27
553438964	ID:22	[LIST] Quarantine: (none)
553442464	ID:22	[LIST] Blacklist: (none)
553448919	ID:22	FUZZRID,DET,20,1094,1094,0,0,0,0,0,0,0,0,0,0
553848590	ID:24	[PKT-TX] DATA bytes=14  seq=14 
554066862	ID:1	[PKT-RX] DATA bytes=14 from=24 seq=14
556511809	ID:20	[PKT-TX] DATA bytes=14  seq=14 
556694330	ID:1	[PKT-RX] DATA bytes=14 from=20 seq=14
556910813	ID:20	[PKT-RTT] seq=14,rtt_delay_ms=195
556913164	ID:11	[PKT-TX] DATA bytes=14  seq=14 
557317282	ID:1	[PKT-RX] DATA bytes=14 from=11 seq=14
557402349	ID:21	[PKT-TX] DATA bytes=14  seq=14 
557515309	ID:11	[PKT-RTT] seq=14,rtt_delay_ms=296
557560256	ID:1	[PKT-RX] DATA bytes=14 from=21 seq=14
558328050	ID:31	[ATK-FAKE-RANK]  true_rank=790 fake_rank=888 t=11720s
558427702	ID:3	[HFS] ra=73 si=0 cx=49 ac=94
558431366	ID:3	[LIST] Neighbors: 31,4,14
558435003	ID:3	[LIST] Quarantine: (none)
558438502	ID:3	[LIST] Blacklist: (none)
558445651	ID:3	FUZZRID,DET,31,888,790,98,0,36,75,11,0,3,0,94,100
558538156	ID:7	[HFS] ra=0 si=0 cx=49 ac=0
558542513	ID:7	[LIST] Neighbors: 4,23,29,9,14
558546149	ID:7	[LIST] Quarantine: (none)
558549669	ID:7	[LIST] Blacklist: (none)
558556123	ID:7	FUZZRID,DET,23,1807,1807,0,0,0,0,0,0,4,0,0,0
558746256	ID:26	[ATK-FAKE-RANK]  true_rank=833 fake_rank=989 t=11720s
558786117	ID:19	[HFS] ra=74 si=0 cx=49 ac=95
558789944	ID:20	[HFS] ra=74 si=0 cx=49 ac=95
558791913	ID:19	[LIST] Neighbors: 15,26,17,30,20,5,25,16
558795570	ID:19	[LIST] Quarantine: (none)
558795593	ID:20	[LIST] Neighbors: 26,30,19,6,12,5,22,11
558799066	ID:19	[LIST] Blacklist: (none)
558799230	ID:20	[LIST] Quarantine: (none)
558802727	ID:20	[LIST] Blacklist: (none)
558806465	ID:22	[HFS] ra=74 si=0 cx=49 ac=95
558806670	ID:19	FUZZRID,DET,26,989,833,156,0,44,100,14,0,18,0,95,100
558807333	ID:15	[HFS] ra=74 si=0 cx=49 ac=95
558810193	ID:20	FUZZRID,DET,26,989,833,156,0,53,100,24,0,7,0,95,100
558811128	ID:22	[LIST] Neighbors: 15,26,11,20,27
558812095	ID:17	[HFS] ra=74 si=0 cx=49 ac=95
558812849	ID:15	[LIST] Neighbors: 28,26,22,19,25,11,27
558814765	ID:22	[LIST] Quarantine: (none)
558816486	ID:15	[LIST] Quarantine: (none)
558818072	ID:17	[LIST] Neighbors: 26,19,16,10,24,29,25,30
558818261	ID:22	[LIST] Blacklist: (none)
558819989	ID:15	[LIST] Blacklist: (none)
558821709	ID:17	[LIST] Quarantine: (none)
558825205	ID:17	[LIST] Blacklist: (none)
558825766	ID:22	FUZZRID,DET,26,989,833,156,0,53,100,24,0,7,0,95,100
558827488	ID:15	FUZZRID,DET,26,989,833,156,0,55,100,25,0,5,0,95,100
558832809	ID:17	FUZZRID,DET,26,989,833,156,0,50,100,10,0,10,0,95,100
558849291	ID:25	[HFS] ra=74 si=0 cx=49 ac=95
558855087	ID:25	[LIST] Neighbors: 15,26,17,10,30,9,16,29
558858724	ID:25	[LIST] Quarantine: (none)
558862221	ID:25	[LIST] Blacklist: (none)
558869547	ID:25	FUZZRID,DET,26,989,833,156,0,58,100,5,0,2,0,95,100
558891937	ID:11	[HFS] ra=74 si=0 cx=49 ac=95
558897027	ID:11	[LIST] Neighbors: 15,26,30,22,20,19
558900664	ID:11	[LIST] Quarantine: (none)
558904170	ID:11	[LIST] Blacklist: (none)
558911635	ID:11	FUZZRID,DET,26,989,833,156,0,56,100,25,0,4,0,95,100
559005031	ID:23	[PKT-TX] DATA bytes=14  seq=14 
559371635	ID:1	[PKT-RX] DATA bytes=14 from=23 seq=14
560761493	ID:6	[HFS] ra=0 si=0 cx=49 ac=0
560767143	ID:6	[LIST] Neighbors: 19,17,20,16,30,2,12,5
560767599	ID:2	[PKT-TX] DATA bytes=13  seq=14 
560770779	ID:6	[LIST] Quarantine: (none)
560774277	ID:6	[LIST] Blacklist: (none)
560777317	ID:2	[HFS] ra=0 si=0 cx=49 ac=0
560780730	ID:6	FUZZRID,DET,12,1441,1441,0,0,0,0,0,0,4,0,0,0
560781967	ID:2	[LIST] Neighbors: 16,5,30,6,12,8
560785604	ID:2	[LIST] Quarantine: (none)
560789101	ID:2	[LIST] Blacklist: (none)
560791333	ID:20	[HFS] ra=0 si=0 cx=49 ac=0
560795554	ID:2	FUZZRID,DET,12,1441,1441,0,0,0,0,0,0,4,0,0,0
560796990	ID:20	[LIST] Neighbors: 26,30,19,6,12,5,22,11
560800627	ID:20	[LIST] Quarantine: (none)
560804123	ID:20	[LIST] Blacklist: (none)
560810610	ID:20	FUZZRID,DET,12,1441,1441,0,0,0,0,0,0,4,0,0,0
560863877	ID:5	[HFS] ra=0 si=0 cx=49 ac=0
560868674	ID:5	[LIST] Neighbors: 19,20,30,6,2,12
560872311	ID:5	[LIST] Quarantine: (none)
560875808	ID:5	[LIST] Blacklist: (none)
560882261	ID:5	FUZZRID,DET,12,1441,1441,0,0,0,0,0,0,7,0,0,0
561068485	ID:1	[PKT-RX] DATA bytes=13 from=2 seq=14
561519833	ID:2	[PKT-RTT] seq=14,rtt_delay_ms=375
562056729	ID:10	[PKT-TX] DATA bytes=14  seq=14 
562691705	ID:1	[PKT-RX] DATA bytes=14 from=10 seq=14
562807847	ID:5	[PKT-TX] DATA bytes=13  seq=14 
563302281	ID:10	[PKT-RTT] seq=14,rtt_delay_ms=617
563442836	ID:1	[PKT-RX] DATA bytes=13 from=5 seq=14
563644716	ID:17	[PKT-TX] DATA bytes=14  seq=14 
563651931	ID:15	[PKT-TX] DATA bytes=14  seq=14 
563668611	ID:1	[PKT-RX] DATA bytes=14 from=15 seq=14
563982852	ID:14	[PKT-TX] DATA bytes=14  seq=14 
563989770	ID:1	[PKT-RX] DATA bytes=14 from=17 seq=14
564122931	ID:1	[PKT-RX] DATA bytes=14 from=14 seq=14
564378680	ID:14	[PKT-RTT] seq=14,rtt_delay_ms=195
565178184	ID:25	[PKT-TX] DATA bytes=14  seq=14 
565315510	ID:1	[PKT-RX] DATA bytes=14 from=25 seq=14
565472759	ID:25	[PKT-RTT] seq=14,rtt_delay_ms=140
566126590	ID:7	[PKT-TX] DATA bytes=13  seq=14 
566372595	ID:1	[PKT-RX] DATA bytes=13 from=7 seq=14
566660684	ID:7	[PKT-RTT] seq=14,rtt_delay_ms=265
567113877	ID:5	[HFS] ra=0 si=0 cx=49 ac=0
567118674	ID:5	[LIST] Neighbors: 19,20,30,6,2,12
567122311	ID:5	[LIST] Quarantine: (none)
567125808	ID:5	[LIST] Blacklist: (none)
567126523	ID:12	[HFS] ra=0 si=0 cx=49 ac=0
567130748	ID:12	[LIST] Neighbors: 20,5,30,6,2
567132124	ID:5	FUZZRID,DET,2,1390,1390,0,0,0,0,0,0,5,0,0,0
567134385	ID:12	[LIST] Quarantine: (none)
567135355	ID:6	[HFS] ra=0 si=0 cx=49 ac=0
567137906	ID:12	[LIST] Blacklist: (none)
567141038	ID:6	[LIST] Neighbors: 19,17,20,16,30,2,12,5
567144223	ID:12	FUZZRID,DET,2,1390,1390,0,0,0,0,0,0,1,0,0,0
567144675	ID:6	[LIST] Quarantine: (none)
567148172	ID:6	[LIST] Blacklist: (none)
567154488	ID:6	FUZZRID,DET,2,1390,1390,0,0,0,0,0,0,0,0,0,0
567165891	ID:16	[HFS] ra=0 si=0 cx=49 ac=0
567171541	ID:16	[LIST] Neighbors: 19,17,30,24,29,25,2,8
567175178	ID:16	[LIST] Quarantine: (none)
567178674	ID:16	[LIST] Blacklist: (none)
567185024	ID:16	FUZZRID,DET,2,1390,1390,0,0,0,0,0,0,5,0,0,0
567194907	ID:8	[HFS] ra=0 si=0 cx=49 ac=0
567199704	ID:8	[LIST] Neighbors: 17,16,30,6,2,24
567203374	ID:8	[LIST] Quarantine: (none)
567206871	ID:8	[LIST] Blacklist: (none)
567213226	ID:8	FUZZRID,DET,2,1390,1390,0,0,0,0,0,0,0,0,0,0
567557376	ID:10	[HFS] ra=0 si=0 cx=49 ac=0
567563172	ID:10	[LIST] Neighbors: 19,25,17,16,9,24,29,30
567566809	ID:10	[LIST] Quarantine: (none)
567570306	ID:10	[LIST] Blacklist: (none)
567576761	ID:10	FUZZRID,DET,9,1421,1421,0,0,0,0,0,0,16,0,0,0
567593727	ID:16	[PKT-TX] DATA bytes=14  seq=14 
567693425	ID:1	[PKT-RX] DATA bytes=14 from=16 seq=14
569537015	ID:8	[PKT-TX] DATA bytes=13  seq=14 
569816733	ID:1	[PKT-RX] DATA bytes=13 from=8 seq=14
571484941	ID:2	[PKT-TX] DATA bytes=13  seq=15 
571568140	ID:1	[PKT-RX] DATA bytes=13 from=2 seq=15
572018990	ID:2	[PKT-RTT] seq=15,rtt_delay_ms=265
572786082	ID:24	[PKT-TX] DATA bytes=14  seq=15 
573693078	ID:1	[PKT-RX] DATA bytes=14 from=24 seq=15
573897686	ID:2	[HFS] ra=0 si=0 cx=49 ac=0
573902348	ID:2	[LIST] Neighbors: 16,5,30,6,12,8
573905985	ID:2	[LIST] Quarantine: (none)
573909482	ID:2	[LIST] Blacklist: (none)
573915936	ID:2	FUZZRID,DET,16,1070,1070,0,0,0,0,0,0,5,0,0,0
575912707	ID:16	[HFS] ra=0 si=0 cx=49 ac=0
575918357	ID:16	[LIST] Neighbors: 19,17,30,24,29,25,2,8
575921993	ID:16	[LIST] Quarantine: (none)
575925503	ID:16	[LIST] Blacklist: (none)
575930229	ID:10	[HFS] ra=0 si=0 cx=49 ac=0
575932098	ID:16	FUZZRID,DET,24,1439,1439,0,0,0,0,0,0,10,0,0,0
575934003	ID:17	[HFS] ra=0 si=0 cx=49 ac=0
575936054	ID:10	[LIST] Neighbors: 19,25,17,16,9,24,29,30
575939691	ID:10	[LIST] Quarantine: (none)
575939962	ID:17	[LIST] Neighbors: 26,19,16,10,24,29,25,30
575942851	ID:8	[HFS] ra=0 si=0 cx=49 ac=0
575943188	ID:10	[LIST] Blacklist: (none)
575943599	ID:17	[LIST] Quarantine: (none)
575947096	ID:17	[LIST] Blacklist: (none)
575947648	ID:8	[LIST] Neighbors: 17,16,30,6,2,24
575949798	ID:10	FUZZRID,DET,24,1439,1439,0,0,0,0,0,0,10,0,0,0
575951284	ID:8	[LIST] Quarantine: (none)
575953705	ID:17	FUZZRID,DET,24,1439,1439,0,0,0,0,0,0,10,0,0,0
575954781	ID:8	[LIST] Blacklist: (none)
575961237	ID:8	FUZZRID,DET,24,1439,1439,0,0,0,0,0,0,6,0,0,0
575988354	ID:13	[HFS] ra=0 si=0 cx=49 ac=0
575991738	ID:13	[LIST] Neighbors: 24,18
575995375	ID:13	[LIST] Quarantine: (none)
575998872	ID:13	[LIST] Blacklist: (none)
576005362	ID:13	FUZZRID,DET,24,1439,1439,0,0,0,0,0,0,7,0,0,0
576009716	ID:18	[HFS] ra=0 si=0 cx=49 ac=0
576013133	ID:18	[LIST] Neighbors: 24,13
576016770	ID:18	[LIST] Quarantine: (none)
576020267	ID:18	[LIST] Blacklist: (none)
576026862	ID:18	FUZZRID,DET,24,1439,1439,0,0,0,0,0,0,10,0,0,0
577755480	ID:14	[HFS] ra=0 si=0 cx=49 ac=0
577759558	ID:14	[LIST] Neighbors: 31,4,7,9,3
577763194	ID:14	[LIST] Quarantine: (none)
577766691	ID:14	[LIST] Blacklist: (none)
577773020	ID:14	FUZZRID,DET,3,1487,1487,0,0,0,0,0,0,4,0,0,0
578587979	ID:10	[PKT-TX] DATA bytes=14  seq=15 
578818447	ID:1	[PKT-RX] DATA bytes=14 from=10 seq=15
579177509	ID:10	[PKT-RTT] seq=15,rtt_delay_ms=289
579283920	ID:12	[PKT-TX] DATA bytes=14  seq=15 
579441769	ID:1	[PKT-RX] DATA bytes=14 from=12 seq=15
581715266	ID:19	[PKT-TX] DATA bytes=14  seq=15 
582075251	ID:6	[PKT-TX] DATA bytes=13  seq=15 
582317777	ID:1	[PKT-RX] DATA bytes=14 from=19 seq=15
582824824	ID:1	[PKT-RX] DATA bytes=13 from=6 seq=15
583517805	ID:4	[PKT-TX] DATA bytes=13  seq=15 
583621338	ID:1	[PKT-RX] DATA bytes=13 from=4 seq=15
583754741	ID:14	[HFS] ra=0 si=0 cx=49 ac=0
583758853	ID:14	[LIST] Neighbors: 31,4,7,9,3
583762490	ID:14	[LIST] Quarantine: (none)
583765986	ID:14	[LIST] Blacklist: (none)
583768835	ID:9	[HFS] ra=0 si=0 cx=49 ac=0
583772302	ID:14	FUZZRID,DET,7,1388,1388,0,0,0,0,0,0,4,0,0,0
583774045	ID:9	[LIST] Neighbors: 4,25,29,10,7,23,14
583777681	ID:9	[LIST] Quarantine: (none)
583780620	ID:4	[HFS] ra=0 si=0 cx=49 ac=0
583781178	ID:9	[LIST] Blacklist: (none)
583785697	ID:4	[LIST] Neighbors: 28,9,31,7,3,14,21
583787494	ID:9	FUZZRID,DET,7,1388,1388,0,0,0,0,0,0,2,0,0,0
583789334	ID:4	[LIST] Quarantine: (none)
583792851	ID:4	[LIST] Blacklist: (none)
583799167	ID:4	FUZZRID,DET,7,1388,1388,0,0,0,0,0,0,3,0,0,0
583822333	ID:23	[HFS] ra=0 si=0 cx=49 ac=0
583825410	ID:23	[LIST] Neighbors: 7,9
583829047	ID:23	[LIST] Quarantine: (none)
583832544	ID:23	[LIST] Blacklist: (none)
583838859	ID:23	FUZZRID,DET,7,1388,1388,0,0,0,0,0,0,6,0,0,0
583998007	ID:3	[PKT-TX] DATA bytes=13  seq=15 
584122768	ID:1	[PKT-RX] DATA bytes=13 from=3 seq=15
584306285	ID:7	[PKT-TX] DATA bytes=13  seq=15 
584496457	ID:1	[PKT-RX] DATA bytes=13 from=7 seq=15
584627887	ID:22	[PKT-TX] DATA bytes=14  seq=15 
584732711	ID:26	[ATK-FAKE-RANK]  true_rank=833 fake_rank=1009 t=11720s
584758487	ID:1	[PKT-RX] DATA bytes=14 from=22 seq=15
584787028	ID:7	[PKT-RTT] seq=15,rtt_delay_ms=234
585018008	ID:11	[HFS] ra=74 si=45 cx=49 ac=82
585023098	ID:11	[LIST] Neighbors: 15,26,30,22,20,19
585026735	ID:11	[LIST] Quarantine: (none)
585030232	ID:11	[LIST] Blacklist: (none)
585037579	ID:11	FUZZRID,DET,26,1009,833,176,0,63,100,4,0,4,0,82,75
587769616	ID:30	[ATK-FAKE-RANK]  true_rank=1029 fake_rank=1296 t=11720s
587833149	ID:23	[PKT-TX] DATA bytes=14  seq=15 
587890837	ID:11	[HFS] ra=74 si=49 cx=49 ac=82
587895961	ID:11	[LIST] Neighbors: 15,26,30,22,20,19
587899598	ID:11	[LIST] Quarantine: (none)
587903095	ID:11	[LIST] Blacklist: (none)
587910816	ID:11	FUZZRID,DET,30,1296,1029,267,0,100,100,5,0,0,0,82,75
588122930	ID:1	[PKT-RX] DATA bytes=14 from=23 seq=15
588560684	ID:8	[PKT-TX] DATA bytes=13  seq=15 
588817456	ID:1	[PKT-RX] DATA bytes=13 from=8 seq=15
589814906	ID:27	[ATK-FAKE-RANK]  true_rank=512 fake_rank=612 t=11720s
589861990	ID:11	[PKT-TX] DATA bytes=14  seq=15 
590394585	ID:20	[PKT-TX] DATA bytes=14  seq=15 
591068965	ID:1	[PKT-RX] DATA bytes=14 from=11 seq=15
591315549	ID:1	[PKT-RX] DATA bytes=14 from=20 seq=15
591515653	ID:11	[PKT-RTT] seq=15,rtt_delay_ms=820
591565943	ID:18	[PKT-TX] DATA bytes=14  seq=15 
591629959	ID:9	[PKT-TX] DATA bytes=13  seq=15 
591788137	ID:20	[PKT-RTT] seq=15,rtt_delay_ms=695
591800034	ID:5	[PKT-TX] DATA bytes=13  seq=15 
591824404	ID:17	[PKT-TX] DATA bytes=14  seq=15 
591872747	ID:1	[PKT-RX] DATA bytes=13 from=9 seq=15
592051324	ID:3	[HFS] ra=0 si=0 cx=49 ac=0
592055013	ID:3	[LIST] Neighbors: 31,4,14
592058649	ID:3	[LIST] Quarantine: (none)
592062146	ID:3	[LIST] Blacklist: (none)
592068602	ID:3	FUZZRID,DET,14,1108,1108,0,0,0,0,0,0,3,0,0,0
592192976	ID:1	[PKT-RX] DATA bytes=13 from=5 seq=15
592515267	ID:9	[PKT-RTT] seq=15,rtt_delay_ms=437
592693477	ID:1	[PKT-RX] DATA bytes=14 from=17 seq=15
593191522	ID:1	[PKT-RX] DATA bytes=14 from=18 seq=15
593769520	ID:21	[PKT-TX] DATA bytes=14  seq=15 
593786261	ID:1	[PKT-RX] DATA bytes=14 from=21 seq=15
593881912	ID:18	[PKT-RTT] seq=15,rtt_delay_ms=1156
594103959	ID:29	[ATK-FAKE-RANK]  true_rank=1493 fake_rank=1671 t=11720s
594185096	ID:17	[HFS] ra=74 si=0 cx=49 ac=95
594191038	ID:17	[LIST] Neighbors: 26,19,16,10,24,29,25,30
594194675	ID:17	[LIST] Quarantine: (none)
594198171	ID:17	[LIST] Blacklist: (none)
594205854	ID:17	FUZZRID,DET,29,1671,1493,178,0,60,92,40,0,8,0,95,100
594972243	ID:15	[PKT-TX] DATA bytes=14  seq=15 
594988956	ID:1	[PKT-RX] DATA bytes=14 from=15 seq=15
595749545	ID:25	[PKT-TX] DATA bytes=14  seq=15 
595824670	ID:1	[PKT-RX] DATA bytes=14 from=25 seq=15
595971919	ID:25	[PKT-RTT] seq=15,rtt_delay_ms=109
596076602	ID:14	[PKT-TX] DATA bytes=14  seq=15 
596311025	ID:24	[HFS] ra=0 si=0 cx=43 ac=0
596315967	ID:24	[LIST] Neighbors: 17,16,18,10,13,8
596319604	ID:24	[LIST] Quarantine: (none)
596323101	ID:24	[LIST] Blacklist: (none)
596329695	ID:24	FUZZRID,DET,13,1884,1884,0,0,0,0,0,0,27,0,0,0
596497131	ID:1	[PKT-RX] DATA bytes=14 from=14 seq=15
597898422	ID:16	[PKT-TX] DATA bytes=14  seq=15 
598067261	ID:1	[PKT-RX] DATA bytes=14 from=16 seq=15
598235218	ID:13	[PKT-TX] DATA bytes=14  seq=15 
598941489	ID:1	[PKT-RX] DATA bytes=14 from=13 seq=15
600159556	ID:18	 76803 P 0.0 9 351311 19307812 116736 186282 0 137891 41976 1923938 15809 21922 0 14180 (radio 1.54% / 1.91% tx 0.59% / 0.80% listen 0.94% / 1.11%)
600187338	ID:16	 76803 P 0.0 9 724534 18934198 199604 305848 0 226289 51787 1913920 9243 24205 0 19614 (radio 2.-162% / 1.70% tx 1.01% / 0.47% listen 1.55% / 1.23%)
600325421	ID:3	 76803 P 0.0 9 413763 19245850 144162 204189 0 150798 26360 1939615 4336 16663 0 14480 (radio 1.77% / 1.06% tx 0.73% / 0.22% listen 1.03% / 0.84%)
600348053	ID:23	 76803 P 0.0 9 374310 19284680 136995 182639 0 132927 27246 1938574 7116 15079 0 12168 (radio 1.62% / 1.12% tx 0.69% / 0.36% listen 0.92% / 0.76%)
600373242	ID:25	 76803 P 0.0 9 780207 18878240 232983 335372 0 233906 50873 1914860 9813 25348 0 20622 (radio 2.-130% / 1.78% tx 1.18% / 0.49% listen 1.70% / 1.28%)
600416870	ID:11	 76803 P 0.0 9 588693 19071138 178463 272944 0 191494 67014 1898942 23312 27127 0 15528 (radio 2.-189% / 2.56% tx 0.90% / 1.18% listen 1.38% / 1.37%)
600558436	ID:19	 76803 P 0.0 9 1399775 18259391 507707 488171 0 208411 109431 1856537 35252 39511 0 16459 (radio 5.-431% / 3.80% tx 2.-161% / 1.79% listen 2.-171% / 2.00%)
600563472	ID:20	 76803 P 0.0 9 625418 19033414 160224 266108 0 206119 44831 1920992 6643 20630 0 17576 (radio 2.16% / 1.38% tx 0.81% / 0.33% listen 1.35% / 1.04%)
600579662	ID:10	 76803 P 0.0 9 658227 19001987 192965 335436 0 260669 49079 1916960 10785 28296 0 23148 (radio 2.-150% / 1.98% tx 0.98% / 0.54% listen 1.70% / 1.43%)
600679527	ID:4	 76803 P 0.0 9 572138 19088005 167533 232412 0 162787 35665 1930400 4929 18268 0 15578 (radio 2.03% / 1.17% tx 0.85% / 0.25% listen 1.18% / 0.92%)
600716030	ID:8	 76803 P 0.0 9 523759 19135928 144599 218637 0 161393 36320 1929692 5652 18733 0 16201 (radio 1.84% / 1.24% tx 0.73% / 0.28% listen 1.11% / 0.95%)
600779844	ID:14	 76803 P 0.0 9 606857 19052047 203964 240318 0 146500 66781 1898973 25227 24715 0 11691 (radio 2.-193% / 2.54% tx 1.03% / 1.28% listen 1.22% / 1.25%)
600812169	ID:7	 76803 P 0.0 9 450172 19208932 114031 201015 0 163254 35385 1930436 6903 17409 0 14843 (radio 1.60% / 1.23% tx 0.58% / 0.35% listen 1.02% / 0.88%)
600828848	ID:1	 76805 P 0.0 9 1058580 18601583 447790 19212546 0 0 100671 1865290 44633 1921396 0 0 (radio 100.-9831% / 100.-8739% tx 2.-191% / 2.27% listen 97.-9540% / 97.-8666%)
600832424	ID:15	 76803 P 0.0 9 1165468 18493489 362599 430593 0 166561 106704 1859041 31357 42452 0 14386 (radio 4.-215% / 3.75% tx 1.84% / 1.59% listen 2.-200% / 2.15%)
600833471	ID:17	 76803 P 0.0 9 1134414 18524449 458711 443274 0 246199 108297 1857476 43283 40790 0 20506 (radio 4.-379% / 4.27% tx 2.-186% / 2.20% listen 2.-193% / 2.07%)
600911377	ID:6	 76803 P 0.0 9 685750 18974124 162536 305359 0 220773 77877 1888151 26484 31576 0 18158 (radio 2.-181% / 2.95% tx 0.82% / 1.34% listen 1.55% / 1.60%)
600921086	ID:2	 76803 P 0.0 9 516809 19142696 144709 223601 0 169927 34155 1931774 3979 16464 0 14991 (radio 1.87% / 1.03% tx 0.73% / 0.20% listen 1.13% / 0.83%)
600954265	ID:22	 76803 P 0.0 9 434844 19224154 128832 207292 0 160651 35349 1930428 7681 17430 0 14090 (radio 1.70% / 1.27% tx 0.65% / 0.39% listen 1.05% / 0.88%)
601024584	ID:12	 76803 P 0.0 9 543487 19114869 179048 224191 0 158190 44055 1921705 13617 19496 0 14931 (radio 2.05% / 1.68% tx 0.91% / 0.69% listen 1.14% / 0.99%)
601040862	ID:9	 76803 P 0.0 9 674220 18986102 242337 261215 0 167577 42659 1923409 9139 18691 0 14078 (radio 2.-163% / 1.41% tx 1.23% / 0.46% listen 1.32% / 0.95%)
601083132	ID:24	 76803 P 0.0 9 890097 18769356 391825 318806 0 158952 90373 1875539 43239 31852 0 14492 (radio 3.-157% / 3.81% tx 1.99% / 2.19% listen 1.62% / 1.62%)
601134901	ID:5	 76803 P 0.0 9 669029 18990561 242439 262169 0 176926 35502 1930496 5102 20198 0 17494 (radio 2.-162% / 1.28% tx 1.23% / 0.25% listen 1.33% / 1.02%)
601136423	ID:21	 76803 P 0.0 9 477588 19182950 124908 240410 0 151885 43633 1922066 11351 23280 0 14876 (radio 1.85% / 1.76% tx 0.63% / 0.57% listen 1.22% / 1.18%)
601140237	ID:13	 76803 P 0.0 9 321755 19337221 103705 173168 0 141090 30947 1934923 8789 18747 0 14871 (radio 1.40% / 1.40% tx 0.52% / 0.44% listen 0.88% / 0.95%)
601144585	ID:20	[PKT-TX] DATA bytes=14  seq=16 
601318264	ID:1	[PKT-RX] DATA bytes=14 from=20 seq=16
601543556	ID:20	[PKT-RTT] seq=16,rtt_delay_ms=195
602675311	ID:18	[PKT-TX] DATA bytes=14  seq=16 
603005772	ID:8	[PKT-TX] DATA bytes=13  seq=16 
603068384	ID:1	[PKT-RX] DATA bytes=14 from=18 seq=16
603338824	ID:22	[PKT-TX] DATA bytes=14  seq=16 
603383446	ID:1	[PKT-RX] DATA bytes=14 from=22 seq=16
603441350	ID:1	[PKT-RX] DATA bytes=13 from=8 seq=16
603883420	ID:18	[PKT-RTT] seq=16,rtt_delay_ms=601
605840770	ID:24	[PKT-TX] DATA bytes=14  seq=16 
606068203	ID:1	[PKT-RX] DATA bytes=14 from=24 seq=16
606832453	ID:19	[PKT-TX] DATA bytes=14  seq=16 
606942716	ID:1	[PKT-RX] DATA bytes=14 from=19 seq=16
608010605	ID:6	[HFS] ra=0 si=0 cx=49 ac=0
608016254	ID:6	[LIST] Neighbors: 19,17,20,16,30,2,12,5
608019891	ID:6	[LIST] Quarantine: (none)
608023399	ID:6	[LIST] Blacklist: (none)
608029855	ID:6	FUZZRID,DET,17,1108,1108,0,0,0,0,0,0,7,0,0,0
608396920	ID:25	[PKT-TX] DATA bytes=14  seq=16 
608442188	ID:1	[PKT-RX] DATA bytes=14 from=25 seq=16
608594968	ID:25	[PKT-RTT] seq=16,rtt_delay_ms=93
608790072	ID:20	[HFS] ra=0 si=0 cx=49 ac=0
608795731	ID:20	[LIST] Neighbors: 26,30,19,6,12,5,22,11
608799368	ID:20	[LIST] Quarantine: (none)
608802865	ID:20	[LIST] Blacklist: (none)
608809342	ID:20	FUZZRID,DET,5,1392,1392,0,0,0,0,0,0,13,0,0,0
609038548	ID:16	[HFS] ra=0 si=0 cx=49 ac=0
609044198	ID:16	[LIST] Neighbors: 19,17,30,24,29,25,2,8
609047834	ID:16	[LIST] Quarantine: (none)
609051342	ID:16	[LIST] Blacklist: (none)
609057656	ID:16	FUZZRID,DET,2,1385,1385,0,0,0,0,0,0,0,0,0,0
610267290	ID:9	[HFS] ra=0 si=0 cx=49 ac=0
610272507	ID:9	[LIST] Neighbors: 4,25,29,10,7,23,14
610276143	ID:9	[LIST] Quarantine: (none)
610279640	ID:9	[LIST] Blacklist: (none)
610285956	ID:9	FUZZRID,DET,7,1387,1387,0,0,0,0,0,0,2,0,0,0
610437478	ID:16	[PKT-TX] DATA bytes=14  seq=16 
610566489	ID:1	[PKT-RX] DATA bytes=14 from=16 seq=16
611275699	ID:12	[PKT-TX] DATA bytes=14  seq=16 
611442410	ID:1	[PKT-RX] DATA bytes=14 from=12 seq=16
611505813	ID:3	[PKT-TX] DATA bytes=13  seq=16 
611623879	ID:1	[PKT-RX] DATA bytes=13 from=3 seq=16
611946524	ID:4	[PKT-TX] DATA bytes=13  seq=16 
612123380	ID:1	[PKT-RX] DATA bytes=13 from=4 seq=16
612176814	ID:6	[PKT-TX] DATA bytes=13  seq=16 
612316104	ID:1	[PKT-RX] DATA bytes=13 from=6 seq=16
614658299	ID:10	[PKT-TX] DATA bytes=14  seq=16 
614817468	ID:1	[PKT-RX] DATA bytes=14 from=10 seq=16
615176600	ID:10	[PKT-RTT] seq=16,rtt_delay_ms=257
616294087	ID:23	[PKT-TX] DATA bytes=14  seq=16 
616622289	ID:1	[PKT-RX] DATA bytes=14 from=23 seq=16
619435970	ID:14	[PKT-TX] DATA bytes=14  seq=16 
619623409	ID:1	[PKT-RX] DATA bytes=14 from=14 seq=16
620384381	ID:2	[PKT-TX] DATA bytes=13  seq=16 
620567418	ID:1	[PKT-RX] DATA bytes=13 from=2 seq=16
621019027	ID:2	[PKT-RTT] seq=16,rtt_delay_ms=312
622316599	ID:17	[PKT-TX] DATA bytes=14  seq=16 
622442682	ID:1	[PKT-RX] DATA bytes=14 from=17 seq=16
624344092	ID:13	[PKT-TX] DATA bytes=14  seq=16 
624694359	ID:1	[PKT-RX] DATA bytes=14 from=13 seq=16
625058602	ID:9	[PKT-TX] DATA bytes=13  seq=16 
625248531	ID:1	[PKT-RX] DATA bytes=13 from=9 seq=16
625639062	ID:9	[PKT-RTT] seq=16,rtt_delay_ms=289
625839423	ID:15	[PKT-TX] DATA bytes=14  seq=16 
625856146	ID:1	[PKT-RX] DATA bytes=14 from=15 seq=16
626261707	ID:21	[PKT-TX] DATA bytes=14  seq=16 
626278452	ID:1	[PKT-RX] DATA bytes=14 from=21 seq=16
626588560	ID:11	[PKT-TX] DATA bytes=14  seq=16 
627068178	ID:1	[PKT-RX] DATA bytes=14 from=11 seq=16
627115241	ID:13	[HFS] ra=0 si=0 cx=49 ac=0
627118659	ID:13	[LIST] Neighbors: 24,18
627122295	ID:13	[LIST] Quarantine: (none)
627125792	ID:13	[LIST] Blacklist: (none)
627132247	ID:13	FUZZRID,DET,18,1731,1731,0,0,0,0,0,0,0,0,0,0
627639777	ID:11	[PKT-RTT] seq=16,rtt_delay_ms=523
628118792	ID:7	[PKT-TX] DATA bytes=13  seq=16 
628621989	ID:1	[PKT-RX] DATA bytes=13 from=7 seq=16
628909752	ID:7	[PKT-RTT] seq=16,rtt_delay_ms=390
629487541	ID:5	[PKT-TX] DATA bytes=13  seq=16 
630511983	ID:6	[HFS] ra=0 si=0 cx=49 ac=0
630517633	ID:6	[LIST] Neighbors: 19,17,20,16,30,2,12,5
630521270	ID:6	[LIST] Quarantine: (none)
630524797	ID:6	[LIST] Blacklist: (none)
630531252	ID:6	FUZZRID,DET,17,1097,1097,0,0,0,0,0,0,6,0,0,0
630534334	ID:19	[HFS] ra=0 si=0 cx=49 ac=0
630540130	ID:19	[LIST] Neighbors: 15,26,17,30,20,5,25,16
630543766	ID:19	[LIST] Quarantine: (none)
630547263	ID:19	[LIST] Blacklist: (none)
630553857	ID:19	FUZZRID,DET,17,1097,1097,0,0,0,0,0,0,16,0,0,0
630567680	ID:8	[HFS] ra=0 si=0 cx=49 ac=0
630572477	ID:8	[LIST] Neighbors: 17,16,30,6,2,24
630576114	ID:8	[LIST] Quarantine: (none)
630579633	ID:8	[LIST] Blacklist: (none)
630586088	ID:8	FUZZRID,DET,17,1097,1097,0,0,0,0,0,0,7,0,0,0
631067548	ID:1	[PKT-RX] DATA bytes=13 from=5 seq=16
631175741	ID:9	[PKT-TX] DATA bytes=13  seq=17 
631214374	ID:18	[PKT-TX] DATA bytes=14  seq=17 
631371610	ID:1	[PKT-RX] DATA bytes=13 from=9 seq=17
631747211	ID:23	[PKT-TX] DATA bytes=14  seq=17 
632691977	ID:1	[PKT-RX] DATA bytes=14 from=18 seq=17
632763188	ID:9	[PKT-RTT] seq=17,rtt_delay_ms=789
632875064	ID:12	[HFS] ra=0 si=0 cx=49 ac=0
632879288	ID:12	[LIST] Neighbors: 20,5,30,6,2
632882925	ID:12	[LIST] Quarantine: (none)
632886421	ID:12	[LIST] Blacklist: (none)
632892876	ID:12	FUZZRID,DET,20,1084,1084,0,0,0,0,0,0,4,0,0,0
633507455	ID:18	[PKT-RTT] seq=17,rtt_delay_ms=1140
634740657	ID:14	[PKT-TX] DATA bytes=14  seq=17 
634748781	ID:1	[PKT-RX] DATA bytes=14 from=23 seq=17
635063712	ID:4	[PKT-TX] DATA bytes=13  seq=17 
635294001	ID:6	[PKT-TX] DATA bytes=13  seq=17 
635360638	ID:5	[HFS] ra=0 si=0 cx=49 ac=0
635365458	ID:5	[LIST] Neighbors: 19,20,30,6,2,12
635369095	ID:5	[LIST] Quarantine: (none)
635372591	ID:5	[LIST] Blacklist: (none)
635374325	ID:1	[PKT-RX] DATA bytes=13 from=4 seq=17
635379047	ID:5	FUZZRID,DET,12,1422,1422,0,0,0,0,0,0,7,0,0,0
636114951	ID:24	[PKT-TX] DATA bytes=14  seq=17 
636497692	ID:1	[PKT-RX] DATA bytes=14 from=14 seq=17
636539311	ID:20	[HFS] ra=0 si=0 cx=49 ac=0
636544962	ID:20	[LIST] Neighbors: 26,30,19,6,12,5,22,11
636548598	ID:20	[LIST] Quarantine: (none)
636552095	ID:20	[LIST] Blacklist: (none)
636558187	ID:20	FUZZRID,DET,19,858,858,0,0,0,0,0,0,0,0,0,0
637577941	ID:19	[PKT-TX] DATA bytes=14  seq=17 
637692466	ID:1	[PKT-RX] DATA bytes=14 from=19 seq=17
637946095	ID:23	[PKT-RTT] seq=17,rtt_delay_ms=3093
638691245	ID:1	[PKT-RX] DATA bytes=13 from=6 seq=17
639737807	ID:5	[HFS] ra=0 si=0 cx=49 ac=0
639742604	ID:5	[LIST] Neighbors: 19,20,30,6,2,12
639746271	ID:5	[LIST] Quarantine: (none)
639749768	ID:5	[LIST] Blacklist: (none)
639755999	ID:5	FUZZRID,DET,19,863,863,0,0,0,0,0,0,12,0,0,0
639768431	ID:11	[HFS] ra=0 si=0 cx=49 ac=0
639773520	ID:11	[LIST] Neighbors: 15,26,30,22,20,19
639777157	ID:11	[LIST] Quarantine: (none)
639780654	ID:11	[LIST] Blacklist: (none)
639786746	ID:11	FUZZRID,DET,19,863,863,0,0,0,0,0,0,0,0,0,0
639788800	ID:16	[HFS] ra=0 si=0 cx=49 ac=0
639789464	ID:20	[HFS] ra=0 si=0 cx=49 ac=0
639794449	ID:16	[LIST] Neighbors: 19,17,30,24,29,25,2,8
639795114	ID:20	[LIST] Neighbors: 26,30,19,6,12,5,22,11
639798086	ID:16	[LIST] Quarantine: (none)
639798751	ID:20	[LIST] Quarantine: (none)
639801583	ID:16	[LIST] Blacklist: (none)
639802247	ID:20	[LIST] Blacklist: (none)
639806374	ID:10	[HFS] ra=0 si=0 cx=49 ac=0
639806892	ID:15	[HFS] ra=0 si=0 cx=49 ac=0
639807676	ID:16	FUZZRID,DET,19,863,863,0,0,0,0,0,0,6,0,0,0
639808369	ID:20	FUZZRID,DET,19,863,863,0,0,0,0,0,0,0,0,0,0
639812173	ID:10	[LIST] Neighbors: 19,25,17,16,9,24,29,30
639812408	ID:15	[LIST] Neighbors: 28,26,22,19,25,11,27
639815810	ID:10	[LIST] Quarantine: (none)
639816044	ID:15	[LIST] Quarantine: (none)
639819306	ID:10	[LIST] Blacklist: (none)
639819570	ID:15	[LIST] Blacklist: (none)
639825400	ID:10	FUZZRID,DET,19,863,863,0,0,0,0,0,0,6,0,0,0
639825663	ID:15	FUZZRID,DET,19,863,863,0,0,0,0,0,0,4,0,0,0
639826051	ID:17	[HFS] ra=0 si=0 cx=49 ac=0
639831993	ID:17	[LIST] Neighbors: 26,19,16,10,24,29,25,30
639835630	ID:17	[LIST] Quarantine: (none)
639839127	ID:17	[LIST] Blacklist: (none)
639845244	ID:17	FUZZRID,DET,19,863,863,0,0,0,0,0,0,7,0,0,0
640362643	ID:25	[PKT-TX] DATA bytes=14  seq=17 
640440275	ID:1	[PKT-RX] DATA bytes=14 from=25 seq=17
640597200	ID:25	[PKT-RTT] seq=17,rtt_delay_ms=117
641666678	ID:11	[PKT-TX] DATA bytes=14  seq=17 
641818635	ID:1	[PKT-RX] DATA bytes=14 from=11 seq=17
641867191	ID:16	[PKT-TX] DATA bytes=14  seq=17 
642192440	ID:1	[PKT-RX] DATA bytes=14 from=16 seq=17
642705393	ID:12	[PKT-TX] DATA bytes=14  seq=17 
643341750	ID:3	[PKT-TX] DATA bytes=13  seq=17 
643497902	ID:1	[PKT-RX] DATA bytes=13 from=3 seq=17
643556817	ID:10	[HFS] ra=0 si=0 cx=49 ac=0
643562613	ID:10	[LIST] Neighbors: 19,25,17,16,9,24,29,30
643566250	ID:10	[LIST] Quarantine: (none)
643569747	ID:10	[LIST] Blacklist: (none)
643576243	ID:10	FUZZRID,DET,16,1119,1119,0,0,0,0,0,0,5,0,0,0
643938074	ID:2	[PKT-TX] DATA bytes=13  seq=17 
644238336	ID:20	[PKT-TX] DATA bytes=14  seq=17 
644488269	ID:21	[PKT-TX] DATA bytes=14  seq=17 
644611594	ID:1	[PKT-RX] DATA bytes=14 from=21 seq=17
645392794	ID:11	[PKT-RTT] seq=17,rtt_delay_ms=1859
645544492	ID:1	[PKT-RX] DATA bytes=14 from=20 seq=17
646287194	ID:20	[PKT-RTT] seq=17,rtt_delay_ms=1023
646412643	ID:7	[HFS] ra=0 si=0 cx=49 ac=0
646417017	ID:7	[LIST] Neighbors: 4,23,29,9,14
646420654	ID:7	[LIST] Quarantine: (none)
646424150	ID:7	[LIST] Blacklist: (none)
646430604	ID:7	FUZZRID,DET,23,1847,1847,0,0,0,0,0,0,4,0,0,0
648193384	ID:1	[PKT-RX] DATA bytes=13 from=2 seq=17
648298465	ID:7	[PKT-TX] DATA bytes=13  seq=17 
648497664	ID:1	[PKT-RX] DATA bytes=13 from=7 seq=17
648787865	ID:7	[PKT-RTT] seq=17,rtt_delay_ms=242
649389842	ID:6	[HFS] ra=0 si=0 cx=49 ac=0
649395491	ID:6	[LIST] Neighbors: 19,17,20,16,30,2,12,5
649398374	ID:2	[HFS] ra=0 si=0 cx=49 ac=0
649399128	ID:6	[LIST] Quarantine: (none)
649402625	ID:6	[LIST] Blacklist: (none)
649403047	ID:2	[LIST] Neighbors: 16,5,30,6,12,8
649406684	ID:2	[LIST] Quarantine: (none)
649409078	ID:6	FUZZRID,DET,12,1444,1444,0,0,0,0,0,0,7,0,0,0
649410181	ID:2	[LIST] Blacklist: (none)
649415925	ID:20	[HFS] ra=0 si=0 cx=49 ac=0
649416634	ID:2	FUZZRID,DET,12,1444,1444,0,0,0,0,0,0,7,0,0,0
649421575	ID:20	[LIST] Neighbors: 26,30,19,6,12,5,22,11
649425212	ID:20	[LIST] Quarantine: (none)
649428708	ID:20	[LIST] Blacklist: (none)
649435183	ID:20	FUZZRID,DET,12,1444,1444,0,0,0,0,0,0,7,0,0,0
649483792	ID:5	[HFS] ra=0 si=0 cx=49 ac=0
649488605	ID:5	[LIST] Neighbors: 19,20,30,6,2,12
649492242	ID:5	[LIST] Quarantine: (none)
649495739	ID:5	[LIST] Blacklist: (none)
649502331	ID:5	FUZZRID,DET,12,1444,1444,0,0,0,0,0,0,10,0,0,0
649810083	ID:17	[HFS] ra=0 si=0 cx=49 ac=0
649810434	ID:24	[HFS] ra=0 si=0 cx=49 ac=0
649815377	ID:24	[LIST] Neighbors: 17,16,18,10,13,8
649816026	ID:17	[LIST] Neighbors: 26,19,16,10,24,29,25,30
649819025	ID:24	[LIST] Quarantine: (none)
649819662	ID:17	[LIST] Quarantine: (none)
649822522	ID:24	[LIST] Blacklist: (none)
649823159	ID:17	[LIST] Blacklist: (none)
649828976	ID:24	FUZZRID,DET,10,1375,1375,0,0,0,0,0,0,7,0,0,0
649829791	ID:17	FUZZRID,DET,10,1375,1375,0,0,0,0,0,0,15,0,0,0
650495347	ID:5	[PKT-TX] DATA bytes=13  seq=17 
650943484	ID:1	[PKT-RX] DATA bytes=13 from=5 seq=17
653558173	ID:15	[PKT-TX] DATA bytes=14  seq=17 
653574861	ID:1	[PKT-RX] DATA bytes=14 from=15 seq=17
655816589	ID:17	[PKT-TX] DATA bytes=14  seq=17 
655942286	ID:1	[PKT-RX] DATA bytes=14 from=17 seq=17
656180730	ID:17	[PKT-RTT] seq=17,rtt_delay_ms=179
657112270	ID:22	[PKT-TX] DATA bytes=14  seq=17 
657257887	ID:1	[PKT-RX] DATA bytes=14 from=22 seq=17
658430022	ID:13	[PKT-TX] DATA bytes=14  seq=17 
658763578	ID:8	[PKT-TX] DATA bytes=13  seq=17 
658906018	ID:4	[HFS] ra=0 si=0 cx=49 ac=0
658911098	ID:4	[LIST] Neighbors: 28,9,31,7,3,14,21
658914734	ID:4	[LIST] Quarantine: (none)
658918231	ID:4	[LIST] Blacklist: (none)
658924325	ID:4	FUZZRID,DET,21,512,512,0,0,0,0,0,0,0,0,0,0
659261582	ID:6	[HFS] ra=0 si=0 cx=49 ac=0
659267232	ID:6	[LIST] Neighbors: 19,17,20,16,30,2,12,5
659270869	ID:6	[LIST] Quarantine: (none)
659274236	ID:2	[HFS] ra=0 si=0 cx=49 ac=0
659274377	ID:6	[LIST] Blacklist: (none)
659278887	ID:2	[LIST] Neighbors: 16,5,30,6,12,8
659280833	ID:6	FUZZRID,DET,12,1423,1423,0,0,0,0,0,0,7,0,0,0
659282523	ID:2	[LIST] Quarantine: (none)
659286020	ID:2	[LIST] Blacklist: (none)
659291621	ID:20	[HFS] ra=0 si=0 cx=49 ac=0
659292476	ID:2	FUZZRID,DET,12,1423,1423,0,0,0,0,0,0,7,0,0,0
659297271	ID:20	[LIST] Neighbors: 26,30,19,6,12,5,22,11
659300907	ID:20	[LIST] Quarantine: (none)
659304404	ID:20	[LIST] Blacklist: (none)
659308110	ID:17	[HFS] ra=0 si=0 cx=49 ac=0
659308129	ID:24	[HFS] ra=0 si=0 cx=49 ac=0
659310861	ID:20	FUZZRID,DET,12,1423,1423,0,0,0,0,0,0,6,0,0,0
659313079	ID:24	[LIST] Neighbors: 17,16,18,10,13,8
659314052	ID:17	[LIST] Neighbors: 26,19,16,10,24,29,25,30
659316716	ID:24	[LIST] Quarantine: (none)
659317689	ID:17	[LIST] Quarantine: (none)
659320212	ID:24	[LIST] Blacklist: (none)
659321186	ID:17	[LIST] Blacklist: (none)
659326697	ID:24	FUZZRID,DET,10,1375,1375,0,0,0,0,0,0,7,0,0,0
659327640	ID:17	FUZZRID,DET,10,1375,1375,0,0,0,0,0,0,8,0,0,0
659351608	ID:25	[HFS] ra=0 si=0 cx=49 ac=0
659357404	ID:25	[LIST] Neighbors: 15,26,17,10,30,9,16,29
659361041	ID:25	[LIST] Quarantine: (none)
659364537	ID:25	[LIST] Blacklist: (none)
659371164	ID:25	FUZZRID,DET,10,1375,1375,0,0,0,0,0,0,10,0,0,0
659394352	ID:9	[HFS] ra=0 si=0 cx=49 ac=0
659399561	ID:9	[LIST] Neighbors: 4,25,29,10,7,23,14
659403198	ID:9	[LIST] Quarantine: (none)
659406695	ID:9	[LIST] Blacklist: (none)
659413183	ID:9	FUZZRID,DET,10,1375,1375,0,0,0,0,0,0,6,0,0,0
659439944	ID:27	[ATK-FAKE-RANK]  true_rank=512 fake_rank=632 t=11720s
659558021	ID:15	[HFS] ra=74 si=0 cx=49 ac=95
659563537	ID:15	[LIST] Neighbors: 28,26,22,19,25,11,27
659567192	ID:15	[LIST] Quarantine: (none)
659570689	ID:15	[LIST] Blacklist: (none)
659578160	ID:15	FUZZRID,DET,27,632,512,120,0,46,100,10,0,0,0,95,100
659692591	ID:1	[PKT-RX] DATA bytes=14 from=13 seq=17
659752358	ID:10	[PKT-TX] DATA bytes=14  seq=17 
660159750	ID:18	 84483 P 0.0 10 399564 21225330 137301 209665 0 151138 48252 1917518 20565 23383 0 13247 (radio 1.60% / 2.23% tx 0.63% / 1.04% listen 0.96% / 1.18%)
660170641	ID:1	[PKT-RX] DATA bytes=13 from=8 seq=17
660191217	ID:16	 84483 P 0.0 10 817229 20807554 234357 347583 0 251911 92694 1873356 34753 41735 0 25622 (radio 2.-130% / 3.89% tx 1.08% / 1.76% listen 1.60% / 2.12%)
660318656	ID:1	[PKT-RX] DATA bytes=14 from=10 seq=17
660325623	ID:3	 84483 P 0.0 10 434194 21191391 145594 223740 0 169256 20430 1945541 1432 19551 0 18458 (radio 1.70% / 1.06% tx 0.67% / 0.07% listen 1.03% / 0.99%)
660348538	ID:23	 84483 P 0.0 10 440146 21184776 169918 210095 0 145640 65835 1900096 32923 27456 0 12713 (radio 1.75% / 3.07% tx 0.78% / 1.67% listen 0.97% / 1.39%)
660377909	ID:25	 84483 P 0.0 10 838855 20785665 248456 370908 0 261845 58647 1907425 15473 35536 0 27939 (radio 2.-113% / 2.59% tx 1.14% / 0.78% listen 1.71% / 1.80%)
660417091	ID:11	 84483 P 0.0 10 657315 20968405 203764 306787 0 211705 68621 1897267 25301 33843 0 20211 (radio 2.-163% / 3.00% tx 0.94% / 1.28% listen 1.41% / 1.72%)
660564327	ID:20	 84483 P 0.0 10 690291 20934516 177206 297210 0 228579 64872 1901102 16982 31102 0 22460 (radio 2.-180% / 2.44% tx 0.81% / 0.86% listen 1.37% / 1.58%)
660582840	ID:10	 84483 P 0.0 10 735828 20890508 221963 376272 0 289583 77600 1888521 28998 40836 0 28914 (radio 2.-122% / 3.55% tx 1.02% / 1.47% listen 1.73% / 2.07%)
660680996	ID:4	 84483 P 0.0 10 641010 20985195 193139 263582 0 181142 68871 1897190 25606 31170 0 18355 (radio 2.-188% / 2.88% tx 0.89% / 1.30% listen 1.21% / 1.58%)
660716256	ID:8	 84483 P 0.0 10 558062 21067576 150779 240290 0 179754 34302 1931648 6180 21653 0 18361 (radio 1.80% / 1.41% tx 0.69% / 0.31% listen 1.11% / 1.10%)
660780360	ID:14	 84483 P 0.0 10 723142 20901648 263431 282872 0 160763 116284 1849601 59467 42554 0 14263 (radio 2.-146% / 5.18% tx 1.21% / 3.02% listen 1.30% / 2.16%)
660802282	ID:10	[PKT-RTT] seq=17,rtt_delay_ms=523
660812543	ID:19	 84515 P 0.0 10 1609072 20024304 607421 558493 0 231018 209295 1764913 99714 70322 0 22607 (radio 5.-359% / 8.61% tx 2.-118% / 5.05% listen 2.-141% / 3.56%)
660812671	ID:7	 84483 P 0.0 10 493025 21131951 124701 226343 0 182768 42852 1923019 10670 25328 0 19514 (radio 1.62% / 1.83% tx 0.57% / 0.54% listen 1.04% / 1.28%)
660829206	ID:1	 84485 P 0.0 10 1252679 20373460 552590 21073719 0 0 194098 1771877 104800 1861171 0 0 (radio 100.-9930% / 99.-8639% tx 2.-144% / 5.33% listen 97.-9687% / 94.-8672%)
660833745	ID:17	 84483 P 0.0 10 1276748 20347949 522561 498614 0 272129 142332 1823500 63850 55340 0 25930 (radio 4.-326% / 6.06% tx 2.-157% / 3.24% listen 2.-169% / 2.81%)
660845318	ID:15	 84484 P 0.0 10 1335799 20289386 431814 491271 0 185711 170330 1795897 69215 60678 0 19150 (radio 4.-371% / 6.60% tx 1.-99% / 3.52% listen 2.-172% / 3.08%)
660911615	ID:6	 84483 P 0.0 10 770329 20855533 190518 349009 0 248414 84578 1881409 27982 43650 0 27641 (radio 2.-150% / 3.64% tx 0.88% / 1.42% listen 1.61% / 2.22%)
660921608	ID:2	 84483 P 0.0 10 577851 21047647 167408 252354 0 188503 61041 1904951 22699 28753 0 18576 (radio 1.94% / 2.61% tx 0.77% / 1.15% listen 1.16% / 1.46%)
660954471	ID:22	 84483 P 0.0 10 461375 21163522 132007 226141 0 177827 26530 1939368 3175 18849 0 17176 (radio 1.65% / 1.12% tx 0.61% / 0.16% listen 1.04% / 0.95%)
661025128	ID:12	 84483 P 0.0 10 631627 20992645 222152 256047 0 173915 88139 1877776 43104 31856 0 15725 (radio 2.-178% / 3.81% tx 1.02% / 2.19% listen 1.18% / 1.62%)
661041404	ID:9	 84483 P 0.0 10 734812 20891523 261204 290376 0 186528 60591 1905421 18867 29161 0 18951 (radio 2.-144% / 2.44% tx 1.20% / 0.95% listen 1.34% / 1.48%)
661083362	ID:24	 84483 P 0.0 10 967024 20658407 423936 350724 0 174528 76926 1889051 32111 31918 0 15576 (radio 3.-141% / 3.25% tx 1.96% / 1.63% listen 1.62% / 1.62%)
661135467	ID:5	 84483 P 0.0 10 718238 20907377 255609 292280 0 200073 49207 1916816 13170 30111 0 23147 (radio 2.-146% / 2.20% tx 1.18% / 0.66% listen 1.35% / 1.53%)
661136630	ID:21	 84483 P 0.0 10 536943 21089612 145100 274231 0 172316 59354 1906662 20192 33821 0 20431 (radio 1.93% / 2.74% tx 0.67% / 1.02% listen 1.26% / 1.72%)
661140458	ID:13	 84483 P 0.0 10 346232 21278530 108369 190323 0 155888 24476 1941309 4664 17155 0 14798 (radio 1.38% / 1.10% tx 0.50% / 0.23% listen 0.88% / 0.87%)
661342837	ID:25	[PKT-TX] DATA bytes=14  seq=18 
661442620	ID:1	[PKT-RX] DATA bytes=14 from=25 seq=18
661596390	ID:25	[PKT-RTT] seq=18,rtt_delay_ms=125
662024874	ID:4	[PKT-TX] DATA bytes=13  seq=18 
662122760	ID:1	[PKT-RX] DATA bytes=13 from=4 seq=18
662529033	ID:26	[ATK-FAKE-RANK]  true_rank=866 fake_rank=1029 t=11720s
662666510	ID:20	[HFS] ra=74 si=0 cx=49 ac=95
662672160	ID:20	[LIST] Neighbors: 26,30,19,6,12,5,22,11
662675830	ID:20	[LIST] Quarantine: (none)
662679327	ID:20	[LIST] Blacklist: (none)
662686871	ID:20	FUZZRID,DET,26,1029,866,163,0,56,100,1,0,7,0,95,100
662783957	ID:4	[HFS] ra=0 si=0 cx=49 ac=0
662789034	ID:4	[LIST] Neighbors: 28,9,31,7,3,14,21
662792671	ID:4	[LIST] Quarantine: (none)
662796168	ID:4	[LIST] Blacklist: (none)
662802649	ID:4	FUZZRID,DET,14,1147,1147,0,0,0,0,0,0,0,0,0,0
664263577	ID:8	[PKT-TX] DATA bytes=13  seq=18 
664443640	ID:1	[PKT-RX] DATA bytes=13 from=8 seq=18
664972730	ID:20	[PKT-TX] DATA bytes=14  seq=18 
665069663	ID:1	[PKT-RX] DATA bytes=14 from=20 seq=18
665412360	ID:20	[PKT-RTT] seq=18,rtt_delay_ms=218
665891876	ID:12	[PKT-TX] DATA bytes=14  seq=18 
666067654	ID:1	[PKT-RX] DATA bytes=14 from=12 seq=18
666373319	ID:12	[PKT-RTT] seq=18,rtt_delay_ms=234
667057299	ID:22	[HFS] ra=0 si=0 cx=49 ac=0
667061962	ID:22	[LIST] Neighbors: 15,26,11,20,27
667065598	ID:22	[LIST] Quarantine: (none)
667069095	ID:22	[LIST] Blacklist: (none)
667075189	ID:22	FUZZRID,DET,15,512,512,0,0,0,0,0,0,6,0,0,0
668556698	ID:17	[HFS] ra=0 si=0 cx=49 ac=0
668560885	ID:24	[HFS] ra=0 si=0 cx=49 ac=0
668562641	ID:17	[LIST] Neighbors: 26,19,16,10,24,29,25,30
668565828	ID:24	[LIST] Neighbors: 17,16,18,10,13,8
668566278	ID:17	[LIST] Quarantine: (none)
668569465	ID:24	[LIST] Quarantine: (none)
668569774	ID:17	[LIST] Blacklist: (none)
668572962	ID:24	[LIST] Blacklist: (none)
668576228	ID:17	FUZZRID,DET,10,1375,1375,0,0,0,0,0,0,8,0,0,0
668579416	ID:24	FUZZRID,DET,10,1375,1375,0,0,0,0,0,0,7,0,0,0
668599818	ID:25	[HFS] ra=0 si=0 cx=49 ac=0
668605614	ID:25	[LIST] Neighbors: 15,26,17,10,30,9,16,29
668609281	ID:25	[LIST] Quarantine: (none)
668612778	ID:25	[LIST] Blacklist: (none)
668619232	ID:25	FUZZRID,DET,10,1375,1375,0,0,0,0,0,0,6,0,0,0
668642603	ID:9	[HFS] ra=0 si=0 cx=49 ac=0
668647812	ID:9	[LIST] Neighbors: 4,25,29,10,7,23,14
668651449	ID:9	[LIST] Quarantine: (none)
668654946	ID:9	[LIST] Blacklist: (none)
668661419	ID:9	FUZZRID,DET,10,1375,1375,0,0,0,0,0,0,6,0,0,0
669551814	ID:6	[PKT-TX] DATA bytes=13  seq=18 
669694543	ID:1	[PKT-RX] DATA bytes=13 from=6 seq=18
669745623	ID:18	[PKT-TX] DATA bytes=14  seq=18 
670068720	ID:1	[PKT-RX] DATA bytes=14 from=18 seq=18
670234352	ID:16	[PKT-TX] DATA bytes=14  seq=18 
670723122	ID:21	[PKT-TX] DATA bytes=14  seq=18 
670740454	ID:1	[PKT-RX] DATA bytes=14 from=21 seq=18
670824250	ID:1	[PKT-RX] DATA bytes=14 from=16 seq=18
671089852	ID:9	[PKT-TX] DATA bytes=13  seq=18 
671191659	ID:8	[HFS] ra=0 si=0 cx=49 ac=0
671196456	ID:8	[LIST] Neighbors: 17,16,30,6,2,24
671200092	ID:8	[LIST] Quarantine: (none)
671203589	ID:8	[LIST] Blacklist: (none)
671209927	ID:8	FUZZRID,DET,2,1475,1475,0,0,0,0,0,0,0,0,0,0
671247962	ID:1	[PKT-RX] DATA bytes=13 from=9 seq=18
671519678	ID:11	[HFS] ra=0 si=0 cx=49 ac=0
671524768	ID:11	[LIST] Neighbors: 15,26,30,22,20,19
671528405	ID:11	[LIST] Quarantine: (none)
671531902	ID:11	[LIST] Blacklist: (none)
671537994	ID:11	FUZZRID,DET,22,855,855,0,0,0,0,0,0,2,0,0,0
672066591	ID:17	[PKT-TX] DATA bytes=14  seq=18 
672159318	ID:16	[PKT-RTT] seq=18,rtt_delay_ms=960
672309520	ID:24	[PKT-TX] DATA bytes=14  seq=18 
673069763	ID:1	[PKT-RX] DATA bytes=14 from=17 seq=18
673141431	ID:2	[PKT-TX] DATA bytes=13  seq=18 
673177688	ID:3	[PKT-TX] DATA bytes=13  seq=18 
673200336	ID:23	[PKT-TX] DATA bytes=14  seq=18 
673370690	ID:15	[PKT-TX] DATA bytes=14  seq=18 
673865144	ID:1	[PKT-RX] DATA bytes=14 from=15 seq=18
673987269	ID:22	[PKT-TX] DATA bytes=14  seq=18 
673997412	ID:1	[PKT-RX] DATA bytes=13 from=2 seq=18
674069177	ID:1	[PKT-RX] DATA bytes=14 from=24 seq=18
674514746	ID:6	[HFS] ra=0 si=0 cx=49 ac=0
674520396	ID:6	[LIST] Neighbors: 19,17,20,16,30,2,12,5
674523004	ID:2	[HFS] ra=0 si=0 cx=49 ac=0
674524033	ID:6	[LIST] Quarantine: (none)
674527530	ID:6	[LIST] Blacklist: (none)
674527654	ID:2	[LIST] Neighbors: 16,5,30,6,12,8
674531291	ID:2	[LIST] Quarantine: (none)
674533984	ID:6	FUZZRID,DET,12,1406,1406,0,0,0,0,0,0,6,0,0,0
674534788	ID:2	[LIST] Blacklist: (none)
674541260	ID:2	FUZZRID,DET,12,1406,1406,0,0,0,0,0,0,6,0,0,0
674612559	ID:5	[HFS] ra=0 si=0 cx=49 ac=0
674617356	ID:5	[LIST] Neighbors: 19,20,30,6,2,12
674620993	ID:5	[LIST] Quarantine: (none)
674624490	ID:5	[LIST] Blacklist: (none)
674631083	ID:5	FUZZRID,DET,12,1406,1406,0,0,0,0,0,0,10,0,0,0
675179136	ID:17	[PKT-RTT] seq=18,rtt_delay_ms=1554
675634036	ID:1	[PKT-RX] DATA bytes=14 from=22 seq=18
675747356	ID:1	[PKT-RX] DATA bytes=14 from=23 seq=18
676196305	ID:23	[PKT-RTT] seq=18,rtt_delay_ms=1492
676372127	ID:1	[PKT-RX] DATA bytes=13 from=3 seq=18
676659819	ID:19	[HFS] ra=0 si=0 cx=45 ac=0
676665615	ID:19	[LIST] Neighbors: 15,26,17,30,20,5,25,16
676669252	ID:19	[LIST] Quarantine: (none)
676672749	ID:19	[LIST] Blacklist: (none)
676679204	ID:19	FUZZRID,DET,5,1401,1401,0,0,0,0,0,0,25,0,0,0
676924589	ID:29	[ATK-FAKE-RANK]  true_rank=1493 fake_rank=1691 t=11720s
677037856	ID:7	[HFS] ra=74 si=49 cx=49 ac=82
677042212	ID:7	[LIST] Neighbors: 4,23,29,9,14
677045849	ID:7	[LIST] Quarantine: (none)
677049346	ID:7	[LIST] Blacklist: (none)
677057134	ID:7	FUZZRID,DET,29,1691,1493,198,0,66,100,13,33,8,0,82,55
678276078	ID:11	[PKT-TX] DATA bytes=14  seq=18 
678315652	ID:1	[PKT-RX] DATA bytes=14 from=11 seq=18
678377361	ID:10	[PKT-TX] DATA bytes=14  seq=18 
678890691	ID:11	[PKT-RTT] seq=18,rtt_delay_ms=304
679066673	ID:1	[PKT-RX] DATA bytes=14 from=10 seq=18
679426690	ID:10	[PKT-RTT] seq=18,rtt_delay_ms=523
679797210	ID:13	[PKT-TX] DATA bytes=14  seq=18 
680056278	ID:7	[PKT-TX] DATA bytes=13  seq=18 
680191519	ID:1	[PKT-RX] DATA bytes=14 from=13 seq=18
680246701	ID:1	[PKT-RX] DATA bytes=13 from=7 seq=18
680249722	ID:14	[PKT-TX] DATA bytes=14  seq=18 
681035213	ID:7	[PKT-RTT] seq=18,rtt_delay_ms=484
681248222	ID:1	[PKT-RX] DATA bytes=14 from=14 seq=18
686371232	ID:30	[ATK-FAKE-RANK]  true_rank=1119 fake_rank=1316 t=11720s
686500689	ID:12	[HFS] ra=74 si=48 cx=49 ac=82
686504914	ID:12	[LIST] Neighbors: 20,5,30,6,2
686508551	ID:12	[LIST] Quarantine: (none)
686512067	ID:12	[LIST] Blacklist: (none)
686519739	ID:12	FUZZRID,DET,30,1316,1119,197,0,74,100,12,0,2,0,82,75
687863186	ID:30	[ATK-FAKE-RANK]  true_rank=1119 fake_rank=1336 t=11720s
687889985	ID:6	[HFS] ra=74 si=49 cx=49 ac=82
687894152	ID:11	[HFS] ra=74 si=49 cx=49 ac=82
687895635	ID:6	[LIST] Neighbors: 19,17,20,16,30,2,12,5
687898351	ID:2	[HFS] ra=74 si=49 cx=49 ac=82
687899242	ID:11	[LIST] Neighbors: 15,26,30,22,20,19
687899272	ID:6	[LIST] Quarantine: (none)
687902769	ID:6	[LIST] Blacklist: (none)
687902911	ID:11	[LIST] Quarantine: (none)
687903002	ID:2	[LIST] Neighbors: 16,5,30,6,12,8
687906408	ID:11	[LIST] Blacklist: (none)
687906639	ID:2	[LIST] Quarantine: (none)
687910135	ID:2	[LIST] Blacklist: (none)
687910310	ID:6	FUZZRID,DET,30,1336,1119,217,0,84,100,7,0,0,0,82,75
687912086	ID:19	[HFS] ra=74 si=47 cx=49 ac=82
687914058	ID:11	FUZZRID,DET,30,1336,1119,217,0,84,100,13,0,0,0,82,75
687915135	ID:16	[HFS] ra=74 si=49 cx=49 ac=82
687915377	ID:20	[HFS] ra=74 si=49 cx=49 ac=82
687917646	ID:2	FUZZRID,DET,30,1336,1119,217,0,83,100,7,0,1,0,82,75
687917916	ID:19	[LIST] Neighbors: 15,26,17,30,20,5,25,16
687920608	ID:31	[ATK-FAKE-RANK]  true_rank=846 fake_rank=908 t=11720s
687920785	ID:16	[LIST] Neighbors: 19,17,30,24,29,25,2,8
687921027	ID:20	[LIST] Neighbors: 26,30,19,6,12,5,22,11
687921553	ID:19	[LIST] Quarantine: (none)
687924423	ID:16	[LIST] Quarantine: (none)
687924664	ID:20	[LIST] Quarantine: (none)
687925050	ID:19	[LIST] Blacklist: (none)
687927919	ID:16	[LIST] Blacklist: (none)
687928160	ID:20	[LIST] Blacklist: (none)
687932700	ID:19	FUZZRID,DET,30,1336,1119,217,0,67,100,6,0,13,0,82,75
687933529	ID:17	[HFS] ra=74 si=49 cx=49 ac=82
687933543	ID:10	[HFS] ra=74 si=49 cx=49 ac=82
687935431	ID:16	FUZZRID,DET,30,1336,1119,217,0,80,100,7,0,3,0,82,75
687935671	ID:20	FUZZRID,DET,30,1336,1119,217,0,84,100,7,0,0,0,82,75
687939339	ID:10	[LIST] Neighbors: 19,25,17,16,9,24,29,30
687939472	ID:17	[LIST] Neighbors: 26,19,16,10,24,29,25,30
687942976	ID:10	[LIST] Quarantine: (none)
687943109	ID:17	[LIST] Quarantine: (none)
687946473	ID:10	[LIST] Blacklist: (none)
687946605	ID:17	[LIST] Blacklist: (none)
687953984	ID:10	FUZZRID,DET,30,1336,1119,217,0,83,100,7,0,1,0,82,75
687954116	ID:17	FUZZRID,DET,30,1336,1119,217,0,84,100,7,0,0,0,82,75
687980017	ID:5	[PKT-TX] DATA bytes=13  seq=18 
688000610	ID:12	[HFS] ra=74 si=49 cx=49 ac=82
688004842	ID:12	[LIST] Neighbors: 20,5,30,6,2
688008479	ID:12	[LIST] Quarantine: (none)
688011975	ID:12	[LIST] Blacklist: (none)
688019486	ID:12	FUZZRID,DET,30,1336,1119,217,0,81,100,5,0,2,0,82,75
688356002	ID:25	[HFS] ra=0 si=0 cx=49 ac=0
688361798	ID:25	[LIST] Neighbors: 15,26,17,10,30,9,16,29
688365435	ID:25	[LIST] Quarantine: (none)
688368931	ID:25	[LIST] Blacklist: (none)
688375385	ID:25	FUZZRID,DET,10,1375,1375,0,0,0,0,0,0,6,0,0,0
688395270	ID:19	[PKT-TX] DATA bytes=14  seq=18 
688443390	ID:1	[PKT-RX] DATA bytes=14 from=19 seq=18
688691367	ID:1	[PKT-RX] DATA bytes=13 from=5 seq=18
691443016	ID:8	[HFS] ra=0 si=0 cx=49 ac=0
691447841	ID:8	[LIST] Neighbors: 17,16,30,6,2,24
691451478	ID:8	[LIST] Quarantine: (none)
691454974	ID:8	[LIST] Blacklist: (none)
691461429	ID:8	FUZZRID,DET,24,1388,1388,0,0,0,0,0,0,7,0,0,0
693518266	ID:11	[PKT-TX] DATA bytes=14  seq=19 
693566553	ID:1	[PKT-RX] DATA bytes=14 from=11 seq=19
693764530	ID:11	[PKT-RTT] seq=19,rtt_delay_ms=117
694057574	ID:22	[PKT-TX] DATA bytes=14  seq=19 
694131929	ID:1	[PKT-RX] DATA bytes=14 from=22 seq=19
694485293	ID:5	[HFS] ra=0 si=0 cx=49 ac=0
694490090	ID:5	[LIST] Neighbors: 19,20,30,6,2,12
694493727	ID:5	[LIST] Quarantine: (none)
694497250	ID:5	[LIST] Blacklist: (none)
694503843	ID:5	FUZZRID,DET,12,1406,1406,0,0,0,0,0,0,10,0,0,0
694511281	ID:6	[HFS] ra=0 si=0 cx=49 ac=0
694516964	ID:6	[LIST] Neighbors: 19,17,20,16,30,2,12,5
694520601	ID:6	[LIST] Quarantine: (none)
694523841	ID:2	[HFS] ra=0 si=0 cx=49 ac=0
694524098	ID:6	[LIST] Blacklist: (none)
694528491	ID:2	[LIST] Neighbors: 16,5,30,6,12,8
694530551	ID:6	FUZZRID,DET,12,1406,1406,0,0,0,0,0,0,6,0,0,0
694532128	ID:2	[LIST] Quarantine: (none)
694535625	ID:2	[LIST] Blacklist: (none)
694542104	ID:2	FUZZRID,DET,12,1406,1406,0,0,0,0,0,0,6,0,0,0
695102329	ID:13	[PKT-TX] DATA bytes=14  seq=19 
695322666	ID:10	[PKT-TX] DATA bytes=14  seq=19 
695444366	ID:1	[PKT-RX] DATA bytes=14 from=13 seq=19
695693722	ID:1	[PKT-RX] DATA bytes=14 from=10 seq=19
696052968	ID:10	[PKT-RTT] seq=19,rtt_delay_ms=359
698113289	ID:9	[PKT-TX] DATA bytes=13  seq=19 
698374221	ID:1	[PKT-RX] DATA bytes=13 from=9 seq=19
698889056	ID:25	[PKT-TX] DATA bytes=14  seq=19 
699169001	ID:6	[PKT-TX] DATA bytes=13  seq=19 
699318147	ID:1	[PKT-RX] DATA bytes=14 from=25 seq=19
699569951	ID:15	[PKT-TX] DATA bytes=14  seq=19 
699586604	ID:1	[PKT-RX] DATA bytes=14 from=15 seq=19
700220463	ID:25	[PKT-RTT] seq=19,rtt_delay_ms=664
701048134	ID:12	[PKT-TX] DATA bytes=14  seq=19 
701315650	ID:1	[PKT-RX] DATA bytes=14 from=12 seq=19
701622116	ID:12	[PKT-RTT] seq=19,rtt_delay_ms=281
701691948	ID:1	[PKT-RX] DATA bytes=13 from=6 seq=19
703795345	ID:14	[PKT-TX] DATA bytes=14  seq=19 
703873291	ID:1	[PKT-RX] DATA bytes=14 from=14 seq=19
704026597	ID:5	[PKT-TX] DATA bytes=13  seq=19 
704194396	ID:1	[PKT-RX] DATA bytes=13 from=5 seq=19
704279501	ID:4	[HFS] ra=0 si=0 cx=49 ac=0
704284579	ID:4	[LIST] Neighbors: 28,9,31,7,3,14,21
704288215	ID:4	[LIST] Quarantine: (none)
704291733	ID:4	[LIST] Blacklist: (none)
704298049	ID:4	FUZZRID,DET,7,1426,1426,0,0,0,0,0,0,3,0,0,0
704628895	ID:21	[PKT-TX] DATA bytes=14  seq=19 
704645636	ID:1	[PKT-RX] DATA bytes=14 from=21 seq=19
707207965	ID:24	[PKT-TX] DATA bytes=14  seq=19 
707691651	ID:1	[PKT-RX] DATA bytes=14 from=24 seq=19
707975270	ID:25	[HFS] ra=0 si=0 cx=49 ac=0
707981066	ID:25	[LIST] Neighbors: 15,26,17,10,30,9,16,29
707984703	ID:25	[LIST] Quarantine: (none)
707988199	ID:25	[LIST] Blacklist: (none)
707994654	ID:25	FUZZRID,DET,10,1400,1400,0,0,0,0,0,0,6,0,0,0
708018298	ID:9	[HFS] ra=0 si=0 cx=49 ac=0
708023507	ID:9	[LIST] Neighbors: 4,25,29,10,7,23,14
708027144	ID:9	[LIST] Quarantine: (none)
708030641	ID:9	[LIST] Blacklist: (none)
708037119	ID:9	FUZZRID,DET,10,1400,1400,0,0,0,0,0,0,6,0,0,0
708060512	ID:17	[HFS] ra=0 si=0 cx=49 ac=0
708060605	ID:24	[HFS] ra=0 si=0 cx=49 ac=0
708065547	ID:24	[LIST] Neighbors: 17,16,18,10,13,8
708066454	ID:17	[LIST] Neighbors: 26,19,16,10,24,29,25,30
708069184	ID:24	[LIST] Quarantine: (none)
708070091	ID:17	[LIST] Quarantine: (none)
708072681	ID:24	[LIST] Blacklist: (none)
708073588	ID:17	[LIST] Blacklist: (none)
708079136	ID:24	FUZZRID,DET,10,1400,1400,0,0,0,0,0,0,6,0,0,0
708080042	ID:17	FUZZRID,DET,10,1400,1400,0,0,0,0,0,0,8,0,0,0
708806912	ID:10	[HFS] ra=0 si=0 cx=49 ac=0
708812732	ID:10	[LIST] Neighbors: 19,25,17,16,9,24,29,30
708816369	ID:10	[LIST] Quarantine: (none)
708819865	ID:10	[LIST] Blacklist: (none)
708825961	ID:10	FUZZRID,DET,19,776,776,0,0,0,0,0,0,6,0,0,0
710259410	ID:7	[PKT-TX] DATA bytes=13  seq=19 
710496369	ID:1	[PKT-RX] DATA bytes=13 from=7 seq=19
710787222	ID:7	[PKT-RTT] seq=19,rtt_delay_ms=257
711755765	ID:8	[PKT-TX] DATA bytes=13  seq=19 
711941683	ID:1	[PKT-RX] DATA bytes=13 from=8 seq=19
712984352	ID:16	[PKT-TX] DATA bytes=14  seq=19 
713068204	ID:1	[PKT-RX] DATA bytes=14 from=16 seq=19
713412094	ID:16	[PKT-RTT] seq=19,rtt_delay_ms=210
713581765	ID:19	[PKT-TX] DATA bytes=14  seq=19 
713692252	ID:1	[PKT-RX] DATA bytes=14 from=19 seq=19
714208149	ID:23	[PKT-TX] DATA bytes=14  seq=19 
714497717	ID:1	[PKT-RX] DATA bytes=14 from=23 seq=19
714947615	ID:23	[PKT-RTT] seq=19,rtt_delay_ms=367
715456561	ID:18	[PKT-TX] DATA bytes=14  seq=19 
715527503	ID:17	[PKT-TX] DATA bytes=14  seq=19 
715691648	ID:1	[PKT-RX] DATA bytes=14 from=17 seq=19
717336773	ID:28	[ATK-FAKE-RANK]  true_rank=512 fake_rank=672 t=11720s
717433259	ID:15	[HFS] ra=74 si=42 cx=49 ac=82
717438776	ID:15	[LIST] Neighbors: 28,26,22,19,25,11,27
717442413	ID:15	[LIST] Quarantine: (none)
717445910	ID:15	[LIST] Blacklist: (none)
717453196	ID:15	FUZZRID,DET,28,672,512,160,0,62,100,15,0,0,0,82,75
717685653	ID:24	[HFS] ra=0 si=0 cx=45 ac=0
717690596	ID:24	[LIST] Neighbors: 17,16,18,10,13,8
717694233	ID:24	[LIST] Quarantine: (none)
717697730	ID:24	[LIST] Blacklist: (none)
717704354	ID:24	FUZZRID,DET,13,1996,1996,0,0,0,0,0,0,25,0,0,0
717930910	ID:17	[PKT-RTT] seq=19,rtt_delay_ms=1195
718568929	ID:1	[PKT-RX] DATA bytes=14 from=18 seq=19
718727774	ID:4	[PKT-TX] DATA bytes=13  seq=19 
718872910	ID:1	[PKT-RX] DATA bytes=13 from=4 seq=19
718969324	ID:2	[PKT-TX] DATA bytes=13  seq=19 
719066775	ID:1	[PKT-RX] DATA bytes=13 from=2 seq=19
719130820	ID:3	[PKT-TX] DATA bytes=13  seq=19 
719245422	ID:1	[PKT-RX] DATA bytes=13 from=3 seq=19
719371167	ID:20	[PKT-TX] DATA bytes=14  seq=19 
719824403	ID:1	[PKT-RX] DATA bytes=14 from=20 seq=19
720159764	ID:18	 92163 P 0.0 11 434396 23156427 149251 229021 0 164348 34831 1931097 11950 19356 0 13210 (radio 1.60% / 1.59% tx 0.63% / 0.60% listen 0.97% / 0.98%)
720187866	ID:16	 92163 P 0.0 11 890519 22700161 256529 379396 0 273368 73288 1892607 22172 31813 0 21457 (radio 2.-113% / 2.74% tx 1.08% / 1.12% listen 1.60% / 1.61%)
720325927	ID:3	 92163 P 0.0 11 475305 23116245 160688 245939 0 184497 41109 1924854 15094 22199 0 15241 (radio 1.72% / 1.89% tx 0.68% / 0.76% listen 1.04% / 1.12%)
720348546	ID:23	 92163 P 0.0 11 473359 23117378 180907 228637 0 158709 33212 1932602 10989 18542 0 13069 (radio 1.73% / 1.50% tx 0.76% / 0.55% listen 0.96% / 0.94%)
720373558	ID:25	 92163 P 0.0 11 915294 22675060 272546 407880 0 285137 76437 1889395 24090 36972 0 23292 (radio 2.-94% / 3.10% tx 1.15% / 1.22% listen 1.72% / 1.88%)
720416826	ID:11	 92163 P 0.0 11 696166 22895535 208365 332376 0 231217 38850 1927130 4601 25589 0 19512 (radio 2.-153% / 1.53% tx 0.88% / 0.23% listen 1.40% / 1.30%)
720558730	ID:19	 92163 P 0.0 11 1752631 21838395 665431 608398 0 250174 143558 1814091 58010 49905 0 19156 (radio 5.-325% / 5.51% tx 2.-100% / 2.96% listen 2.-125% / 2.54%)
720568730	ID:20	 92163 P 0.0 11 754926 22835905 195665 326689 0 246984 64634 1901389 18459 29479 0 18405 (radio 2.-161% / 2.43% tx 0.82% / 0.93% listen 1.38% / 1.49%)
720579925	ID:10	 92163 P 0.0 11 788928 22803283 235189 406247 0 313998 53098 1912775 13226 29975 0 24415 (radio 2.-111% / 2.19% tx 0.99% / 0.67% listen 1.72% / 1.52%)
720680368	ID:4	 92163 P 0.0 11 692031 22900213 206742 289027 0 198656 51019 1915018 13603 25445 0 17514 (radio 2.-172% / 1.98% tx 0.87% / 0.69% listen 1.22% / 1.29%)
720716226	ID:8	 92163 P 0.0 11 592829 22998839 156294 258498 0 194301 34766 1931263 5515 18208 0 14547 (radio 1.75% / 1.20% tx 0.66% / 0.28% listen 1.09% / 0.92%)
720780098	ID:14	 92163 P 0.0 11 791484 22799354 290837 311555 0 175210 68340 1897706 27406 28683 0 14447 (radio 2.-127% / 2.85% tx 1.23% / 1.39% listen 1.32% / 1.45%)
720812666	ID:7	 92163 P 0.0 11 546884 23044114 142458 250940 0 197851 53858 1912163 17757 24597 0 15083 (radio 1.66% / 2.15% tx 0.60% / 0.90% listen 1.06% / 1.25%)
720829137	ID:1	 92165 P 0.0 11 1378480 22213617 610724 22981593 0 0 125799 1840157 58134 1907873 0 0 (radio 100.-9831% / 100.-8739% tx 2.-124% / 2.95% listen 97.-9608% / 97.-8735%)
720833521	ID:17	 92163 P 0.0 11 1356402 22234300 549039 536486 0 296574 79653 1886351 26478 37872 0 24445 (radio 4.-304% / 3.27% tx 2.-150% / 1.34% listen 2.-155% / 1.92%)
720836421	ID:15	 92163 P 0.0 11 1494630 22096250 494197 542818 0 202525 158829 1806864 62383 51547 0 16814 (radio 4.-325% / 5.79% tx 2.-173% / 3.17% listen 2.-152% / 2.62%)
720911616	ID:6	 92163 P 0.0 11 835019 22756835 209480 379010 0 268111 64688 1901302 18962 30001 0 19697 (radio 2.-133% / 2.49% tx 0.88% / 0.96% listen 1.60% / 1.52%)
720921462	ID:2	 92163 P 0.0 11 613300 22978221 172589 271357 0 205034 35448 1930574 5181 19003 0 16531 (radio 1.-94% / 1.23% tx 0.73% / 0.26% listen 1.15% / 0.96%)
720954756	ID:22	 92163 P 0.0 11 508767 23082173 147876 250251 0 193711 47391 1918651 15869 24110 0 15884 (radio 1.68% / 2.03% tx 0.62% / 0.80% listen 1.06% / 1.22%)
721024863	ID:12	 92163 P 0.0 11 670030 22920308 231390 273556 0 189112 38402 1927663 9238 17509 0 15197 (radio 2.-169% / 1.36% tx 0.98% / 0.46% listen 1.15% / 0.89%)
721041403	ID:9	 92163 P 0.0 11 783226 22808894 273502 314143 0 203892 48413 1917371 12298 23767 0 17364 (radio 2.-133% / 1.83% tx 1.15% / 0.62% listen 1.33% / 1.20%)
721083800	ID:24	 92163 P 0.0 11 1039329 22552132 453351 378246 0 188710 72303 1893725 29415 27522 0 14182 (radio 3.-130% / 2.89% tx 1.-90% / 1.49% listen 1.60% / 1.39%)
721135187	ID:5	 92163 P 0.0 11 758169 22833469 264058 314551 0 217381 39930 1926092 8449 22271 0 17308 (radio 2.-137% / 1.56% tx 1.11% / 0.42% listen 1.33% / 1.13%)
721136775	ID:21	 92163 P 0.0 11 580963 23011504 156089 299958 0 189188 44019 1921892 10989 25727 0 16872 (radio 1.-89% / 1.86% tx 0.66% / 0.55% listen 1.27% / 1.30%)
721140446	ID:13	 92163 P 0.0 11 371683 23219113 114153 206722 0 169261 25450 1940583 5784 16399 0 13373 (radio 1.36% / 1.12% tx 0.48% / 0.29% listen 0.87% / 0.83%)
721270069	ID:15	[PKT-TX] DATA bytes=14  seq=20 
721286715	ID:1	[PKT-RX] DATA bytes=14 from=15 seq=20
721429602	ID:15	[PKT-RTT] seq=20,rtt_delay_ms=78
722644255	ID:9	[HFS] ra=0 si=0 cx=49 ac=0
722649464	ID:9	[LIST] Neighbors: 4,25,29,10,7,23,14
722653101	ID:9	[LIST] Quarantine: (none)
722656598	ID:9	[LIST] Blacklist: (none)
722662717	ID:9	FUZZRID,DET,25,860,860,0,0,0,0,0,0,3,0,0,0
723691480	ID:20	[PKT-TX] DATA bytes=14  seq=20 
723825221	ID:1	[PKT-RX] DATA bytes=14 from=20 seq=20
723946524	ID:4	[PKT-TX] DATA bytes=13  seq=20 
724123444	ID:1	[PKT-RX] DATA bytes=13 from=4 seq=20
724180261	ID:2	[PKT-TX] DATA bytes=13  seq=20 
724318793	ID:1	[PKT-RX] DATA bytes=13 from=2 seq=20
725178365	ID:3	[HFS] ra=0 si=0 cx=49 ac=0
725182029	ID:3	[LIST] Neighbors: 31,4,14
725185666	ID:3	[LIST] Quarantine: (none)
725189195	ID:3	[LIST] Blacklist: (none)
725195652	ID:3	FUZZRID,DET,14,1154,1154,0,0,0,0,0,0,3,0,0,0
728110627	ID:12	[PKT-TX] DATA bytes=14  seq=20 
728819388	ID:1	[PKT-RX] DATA bytes=14 from=12 seq=20
730956561	ID:18	[PKT-TX] DATA bytes=14  seq=20 
731316522	ID:1	[PKT-RX] DATA bytes=14 from=18 seq=20
731814853	ID:10	[PKT-TX] DATA bytes=14  seq=20 
731933582	ID:21	[PKT-TX] DATA bytes=14  seq=20 
731950321	ID:1	[PKT-RX] DATA bytes=14 from=21 seq=20
731985067	ID:21	[PKT-RTT] seq=20,rtt_delay_ms=23
732067567	ID:1	[PKT-RX] DATA bytes=14 from=10 seq=20
732362534	ID:5	[PKT-TX] DATA bytes=13  seq=20 
732442530	ID:1	[PKT-RX] DATA bytes=13 from=5 seq=20
732545576	ID:3	[PKT-TX] DATA bytes=13  seq=20 
732635953	ID:11	[PKT-TX] DATA bytes=14  seq=20 
732692929	ID:1	[PKT-RX] DATA bytes=14 from=11 seq=20
732874298	ID:1	[PKT-RX] DATA bytes=13 from=3 seq=20
733175305	ID:22	[PKT-TX] DATA bytes=14  seq=20 
733258522	ID:1	[PKT-RX] DATA bytes=14 from=22 seq=20
733631290	ID:14	[PKT-TX] DATA bytes=14  seq=20 
733748811	ID:1	[PKT-RX] DATA bytes=14 from=14 seq=20
737086273	ID:13	[PKT-TX] DATA bytes=14  seq=20 
737943385	ID:1	[PKT-RX] DATA bytes=14 from=13 seq=20
739749410	ID:25	[PKT-TX] DATA bytes=14  seq=20 
739815451	ID:1	[PKT-RX] DATA bytes=14 from=25 seq=20
740472816	ID:17	[PKT-TX] DATA bytes=14  seq=20 
740568692	ID:1	[PKT-RX] DATA bytes=14 from=17 seq=20
740812312	ID:17	[PKT-RTT] seq=20,rtt_delay_ms=164
741111984	ID:5	[HFS] ra=0 si=0 cx=49 ac=0
741116781	ID:5	[LIST] Neighbors: 19,20,30,6,2,12
741120418	ID:5	[LIST] Quarantine: (none)
741123928	ID:5	[LIST] Blacklist: (none)
741130244	ID:5	FUZZRID,DET,2,1459,1459,0,0,0,0,0,0,5,0,0,0
741184527	ID:24	[PKT-TX] DATA bytes=14  seq=20 
741195290	ID:16	[PKT-TX] DATA bytes=14  seq=20 
741818821	ID:1	[PKT-RX] DATA bytes=14 from=24 seq=20
742431072	ID:24	[PKT-RTT] seq=20,rtt_delay_ms=617
742832880	ID:1	[PKT-RX] DATA bytes=14 from=16 seq=20
742956790	ID:19	[PKT-TX] DATA bytes=14  seq=20 
743016276	ID:9	[HFS] ra=0 si=0 cx=49 ac=0
743021486	ID:9	[LIST] Neighbors: 4,25,29,10,7,23,14
743025123	ID:9	[LIST] Quarantine: (none)
743028620	ID:9	[LIST] Blacklist: (none)
743035077	ID:9	FUZZRID,DET,4,1113,1113,0,0,0,0,0,0,10,0,0,0
743166493	ID:16	[PKT-RTT] seq=20,rtt_delay_ms=984
743192990	ID:1	[PKT-RX] DATA bytes=14 from=19 seq=20
743404575	ID:19	[PKT-RTT] seq=20,rtt_delay_ms=218
743863289	ID:9	[PKT-TX] DATA bytes=13  seq=20 
744124152	ID:1	[PKT-RX] DATA bytes=13 from=9 seq=20
746075225	ID:6	[PKT-TX] DATA bytes=13  seq=20 
746818057	ID:1	[PKT-RX] DATA bytes=13 from=6 seq=20
746985966	ID:7	[PKT-TX] DATA bytes=13  seq=20 
747246490	ID:1	[PKT-RX] DATA bytes=13 from=7 seq=20
748122959	ID:8	[PKT-TX] DATA bytes=13  seq=20 
748317482	ID:1	[PKT-RX] DATA bytes=13 from=8 seq=20
748860115	ID:5	[HFS] ra=0 si=0 cx=49 ac=0
748864946	ID:5	[LIST] Neighbors: 19,20,30,6,2,12
748868583	ID:5	[LIST] Quarantine: (none)
748872110	ID:5	[LIST] Blacklist: (none)
748878564	ID:5	FUZZRID,DET,20,1123,1123,0,0,0,0,0,0,6,0,0,0
749014768	ID:6	[HFS] ra=0 si=0 cx=49 ac=0
749020417	ID:6	[LIST] Neighbors: 19,17,20,16,30,2,12,5
749022892	ID:2	[HFS] ra=0 si=0 cx=49 ac=0
749024054	ID:6	[LIST] Quarantine: (none)
749027543	ID:2	[LIST] Neighbors: 16,5,30,6,12,8
749027551	ID:6	[LIST] Blacklist: (none)
749031179	ID:2	[LIST] Quarantine: (none)
749034031	ID:6	FUZZRID,DET,12,1393,1393,0,0,0,0,0,0,3,0,0,0
749034706	ID:2	[LIST] Blacklist: (none)
749040223	ID:20	[HFS] ra=0 si=0 cx=49 ac=0
749041161	ID:2	FUZZRID,DET,12,1393,1393,0,0,0,0,0,0,6,0,0,0
749045872	ID:20	[LIST] Neighbors: 26,30,19,6,12,5,22,11
749049509	ID:20	[LIST] Quarantine: (none)
749053006	ID:20	[LIST] Blacklist: (none)
749059483	ID:20	FUZZRID,DET,12,1393,1393,0,0,0,0,0,0,6,0,0,0
749113818	ID:5	[HFS] ra=0 si=0 cx=49 ac=0
749118615	ID:5	[LIST] Neighbors: 19,20,30,6,2,12
749122252	ID:5	[LIST] Quarantine: (none)
749125749	ID:5	[LIST] Blacklist: (none)
749132204	ID:5	FUZZRID,DET,12,1393,1393,0,0,0,0,0,0,9,0,0,0
749169086	ID:23	[PKT-TX] DATA bytes=14  seq=20 
749283352	ID:27	[ATK-FAKE-RANK]  true_rank=512 fake_rank=652 t=11720s
749497101	ID:1	[PKT-RX] DATA bytes=14 from=23 seq=20
750321541	ID:23	[PKT-RTT] seq=20,rtt_delay_ms=570
751246236	ID:17	[PKT-TX] DATA bytes=14  seq=21 
751646438	ID:3	[PKT-TX] DATA bytes=13  seq=21 
751872993	ID:1	[PKT-RX] DATA bytes=13 from=3 seq=21
751886792	ID:20	[PKT-TX] DATA bytes=14  seq=21 
752666513	ID:1	[PKT-RX] DATA bytes=14 from=20 seq=21
752690141	ID:11	[PKT-TX] DATA bytes=14  seq=21 
752875322	ID:12	[HFS] ra=0 si=0 cx=49 ac=0
752879563	ID:12	[LIST] Neighbors: 20,5,30,6,2
752883199	ID:12	[LIST] Quarantine: (none)
752886696	ID:12	[LIST] Blacklist: (none)
752893150	ID:12	FUZZRID,DET,5,1405,1405,0,0,0,0,0,0,20,0,0,0
753229457	ID:22	[PKT-TX] DATA bytes=14  seq=21 
753308153	ID:1	[PKT-RX] DATA bytes=14 from=11 seq=21
753515839	ID:1	[PKT-RX] DATA bytes=14 from=22 seq=21
754173290	ID:3	[PKT-RTT] seq=21,rtt_delay_ms=1257
755066712	ID:1	[PKT-RX] DATA bytes=14 from=17 seq=21
755554774	ID:17	[PKT-RTT] seq=21,rtt_delay_ms=2148
755801412	ID:22	[PKT-RTT] seq=21,rtt_delay_ms=1281
755817413	ID:6	[PKT-TX] DATA bytes=13  seq=21 
755942008	ID:1	[PKT-RX] DATA bytes=13 from=6 seq=21
757434782	ID:24	[HFS] ra=0 si=0 cx=49 ac=0
757439757	ID:24	[LIST] Neighbors: 17,16,18,10,13,8
757443394	ID:24	[LIST] Quarantine: (none)
757446890	ID:24	[LIST] Blacklist: (none)
757453376	ID:24	FUZZRID,DET,16,1200,1200,0,0,0,0,0,0,6,0,0,0
757976144	ID:25	[HFS] ra=0 si=0 cx=49 ac=0
757981941	ID:25	[LIST] Neighbors: 15,26,17,10,30,9,16,29
757985578	ID:25	[LIST] Quarantine: (none)
757989075	ID:25	[LIST] Blacklist: (none)
757995531	ID:25	FUZZRID,DET,10,1397,1397,0,0,0,0,0,0,6,0,0,0
758056921	ID:17	[HFS] ra=0 si=0 cx=49 ac=0
758061304	ID:24	[HFS] ra=0 si=0 cx=49 ac=0
758062863	ID:17	[LIST] Neighbors: 26,19,16,10,24,29,25,30
758066247	ID:24	[LIST] Neighbors: 17,16,18,10,13,8
758066500	ID:17	[LIST] Quarantine: (none)
758069883	ID:24	[LIST] Quarantine: (none)
758069997	ID:17	[LIST] Blacklist: (none)
758073380	ID:24	[LIST] Blacklist: (none)
758076462	ID:17	FUZZRID,DET,10,1397,1397,0,0,0,0,0,0,7,0,0,0
758079861	ID:24	FUZZRID,DET,10,1397,1397,0,0,0,0,0,0,6,0,0,0
758974515	ID:8	[PKT-TX] DATA bytes=13  seq=21 
759731395	ID:24	[PKT-TX] DATA bytes=14  seq=21 
759961017	ID:1	[PKT-RX] DATA bytes=13 from=8 seq=21
760191908	ID:1	[PKT-RX] DATA bytes=14 from=24 seq=21
760554473	ID:24	[PKT-RTT] seq=21,rtt_delay_ms=406
761736106	ID:29	[ATK-FAKE-RANK]  true_rank=1410 fake_rank=1711 t=11720s
761788743	ID:16	[HFS] ra=74 si=49 cx=49 ac=82
761794424	ID:16	[LIST] Neighbors: 19,17,30,24,29,25,2,8
761798061	ID:16	[LIST] Quarantine: (none)
761801557	ID:16	[LIST] Blacklist: (none)
761809524	ID:16	FUZZRID,DET,29,1711,1410,301,0,100,100,40,33,3,0,82,75
761978153	ID:7	[PKT-TX] DATA bytes=13  seq=21 
762121398	ID:1	[PKT-RX] DATA bytes=13 from=7 seq=21
766542721	ID:19	[PKT-TX] DATA bytes=14  seq=21 
766643217	ID:9	[HFS] ra=0 si=0 cx=49 ac=0
766648426	ID:9	[LIST] Neighbors: 4,25,29,10,7,23,14
766652068	ID:9	[LIST] Quarantine: (none)
766655565	ID:9	[LIST] Blacklist: (none)
766661882	ID:9	FUZZRID,DET,7,1413,1413,0,0,0,0,0,0,1,0,0,0
766691651	ID:1	[PKT-RX] DATA bytes=14 from=19 seq=21
766705486	ID:10	[PKT-TX] DATA bytes=14  seq=21 
767693600	ID:1	[PKT-RX] DATA bytes=14 from=10 seq=21
768029879	ID:19	[PKT-RTT] seq=21,rtt_delay_ms=742
768193054	ID:23	[PKT-TX] DATA bytes=14  seq=21 
768497687	ID:1	[PKT-RX] DATA bytes=14 from=23 seq=21
768944739	ID:23	[PKT-RTT] seq=21,rtt_delay_ms=375
769777332	ID:21	[PKT-TX] DATA bytes=14  seq=21 
769794003	ID:1	[PKT-RX] DATA bytes=14 from=21 seq=21
770367522	ID:13	[PKT-TX] DATA bytes=14  seq=21 
770818029	ID:1	[PKT-RX] DATA bytes=14 from=13 seq=21
770974916	ID:25	[PKT-TX] DATA bytes=14  seq=21 
771067594	ID:1	[PKT-RX] DATA bytes=14 from=25 seq=21
773821564	ID:12	[PKT-TX] DATA bytes=14  seq=21 
774068662	ID:1	[PKT-RX] DATA bytes=14 from=12 seq=21
774925860	ID:15	[PKT-TX] DATA bytes=14  seq=21 
774942538	ID:1	[PKT-RX] DATA bytes=14 from=15 seq=21
775183602	ID:9	[PKT-TX] DATA bytes=13  seq=21 
775373779	ID:1	[PKT-RX] DATA bytes=13 from=9 seq=21
775563495	ID:16	[PKT-TX] DATA bytes=14  seq=21 
775692260	ID:1	[PKT-RX] DATA bytes=14 from=16 seq=21
776036744	ID:16	[PKT-RTT] seq=21,rtt_delay_ms=234
777448748	ID:18	[PKT-TX] DATA bytes=14  seq=21 
777817685	ID:1	[PKT-RX] DATA bytes=14 from=18 seq=21
778071532	ID:4	[PKT-TX] DATA bytes=13  seq=21 
778248531	ID:1	[PKT-RX] DATA bytes=13 from=4 seq=21
778526445	ID:4	[PKT-RTT] seq=21,rtt_delay_ms=226
778634380	ID:2	[PKT-TX] DATA bytes=13  seq=21 
778823943	ID:1	[PKT-RX] DATA bytes=13 from=2 seq=21
779181205	ID:10	[HFS] ra=0 si=0 cx=49 ac=0
779187033	ID:10	[LIST] Neighbors: 19,25,17,16,9,24,29,30
779190670	ID:10	[LIST] Quarantine: (none)
779194166	ID:10	[LIST] Blacklist: (none)
779200778	ID:10	FUZZRID,DET,24,1393,1393,0,0,0,0,0,0,12,0,0,0
779584415	ID:14	[PKT-TX] DATA bytes=14  seq=21 
779612541	ID:5	[PKT-TX] DATA bytes=13  seq=21 
779692413	ID:1	[PKT-RX] DATA bytes=13 from=5 seq=21
779748422	ID:1	[PKT-RX] DATA bytes=14 from=14 seq=21
780003819	ID:14	[PKT-RTT] seq=21,rtt_delay_ms=203
780159493	ID:18	 99843 P 0.0 12 459755 25096970 155195 245597 0 177822 25357 1940543 5944 16576 0 13474 (radio 1.56% / 1.14% tx 0.60% / 0.30% listen 0.96% / 0.84%)
780187686	ID:16	 99843 P 0.0 12 976743 24579916 289104 414932 0 292301 86222 1879755 32575 35536 0 18933 (radio 2.-93% / 3.46% tx 1.13% / 1.65% listen 1.62% / 1.80%)
780326069	ID:3	 99843 P 0.0 12 516859 25040685 175199 269571 0 200872 41553 1924440 14511 23632 0 16375 (radio 1.-95% / 1.94% tx 0.68% / 0.73% listen 1.05% / 1.20%)
780348249	ID:23	 99843 P 0.0 12 494701 25061792 184084 245325 0 173559 21340 1944414 3177 16688 0 14850 (radio 1.68% / 1.01% tx 0.72% / 0.16% listen 0.95% / 0.84%)
780373697	ID:25	 99843 P 0.0 12 974804 24581567 288752 439673 0 308469 59508 1906507 16206 31793 0 23332 (radio 2.-84% / 2.44% tx 1.12% / 0.82% listen 1.-97% / 1.61%)
780417107	ID:11	 99843 P 0.0 12 739087 24818577 218576 355988 0 248526 42919 1923042 10211 23612 0 17309 (radio 2.-144% / 1.72% tx 0.85% / 0.51% listen 1.39% / 1.20%)
780563247	ID:19	 99843 P 0.0 12 1857353 23699751 699459 650432 0 269757 104721 1861356 34028 42034 0 19583 (radio 5.-476% / 3.86% tx 2.-95% / 1.73% listen 2.-114% / 2.13%)
780564312	ID:20	 99843 P 0.0 12 817801 24738746 215729 354049 0 265055 62874 1902841 20064 27360 0 18071 (radio 2.-146% / 2.41% tx 0.84% / 1.02% listen 1.38% / 1.39%)
780579782	ID:10	 99843 P 0.0 12 826875 24731298 241596 434392 0 340458 37946 1928015 6407 28145 0 26460 (radio 2.-104% / 1.75% tx 0.94% / 0.32% listen 1.-99% / 1.43%)
780680367	ID:4	 99843 P 0.0 12 745771 24812444 222621 315436 0 216629 53738 1912231 15879 26409 0 17973 (radio 2.-158% / 2.15% tx 0.87% / 0.80% listen 1.23% / 1.34%)
780716641	ID:8	 99843 P 0.0 12 632309 24925390 166392 278937 0 209984 39478 1926551 10098 20439 0 15683 (radio 1.-94% / 1.55% tx 0.65% / 0.51% listen 1.09% / 1.03%)
780780098	ID:14	 99843 P 0.0 12 863710 24692947 321011 342430 0 191285 72225 1893593 30174 30875 0 16075 (radio 2.-109% / 3.10% tx 1.25% / 1.53% listen 1.33% / 1.57%)
780813010	ID:7	 99843 P 0.0 12 591609 24965453 156031 275010 0 215649 44724 1921339 13573 24070 0 17798 (radio 1.-100% / 1.91% tx 0.61% / 0.69% listen 1.07% / 1.22%)
780829136	ID:1	 99845 P 0.0 12 1483352 24074701 655545 24902785 0 0 104870 1861084 44821 1921190 0 0 (radio 100.-9915% / 100.-8739% tx 2.-112% / 2.27% listen 97.-9536% / 97.-8667%)
780832995	ID:15	 99843 P 0.0 12 1628956 23927722 544504 590025 0 218612 134325 1831472 50307 47207 0 16087 (radio 4.-293% / 4.96% tx 2.-155% / 2.55% listen 2.-138% / 2.40%)
780833742	ID:17	 99843 P 0.0 12 1459157 24097493 591464 579523 0 318468 102754 1863193 42425 43037 0 21894 (radio 4.-278% / 4.34% tx 2.-137% / 2.15% listen 2.-142% / 2.18%)
780911615	ID:6	 99843 P 0.0 12 896735 24660969 226385 410741 0 290062 61715 1904134 16905 31731 0 21951 (radio 2.-119% / 2.47% tx 0.88% / 0.85% listen 1.60% / 1.61%)
780921463	ID:2	 99843 P 0.0 12 650694 24906857 180346 293126 0 222673 37393 1928636 7757 21769 0 17639 (radio 1.-83% / 1.50% tx 0.70% / 0.39% listen 1.14% / 1.10%)
780954897	ID:22	 99843 P 0.0 12 561397 24995578 167316 275935 0 209445 52629 1913405 19440 25684 0 15734 (radio 1.-95% / 2.29% tx 0.65% / 0.98% listen 1.07% / 1.30%)
781024862	ID:12	 99843 P 0.0 12 701104 24855307 237043 291192 0 205378 31073 1934999 5653 17636 0 16266 (radio 2.-162% / 1.18% tx 0.92% / 0.28% listen 1.13% / 0.89%)
781041406	ID:9	 99843 P 0.0 12 871728 24686355 308506 347705 0 219154 88500 1877461 35004 33562 0 15262 (radio 2.-112% / 3.48% tx 1.20% / 1.78% listen 1.36% / 1.70%)
781083821	ID:24	 99843 P 0.0 12 1105889 24451454 478233 405497 0 203442 66559 1899322 24882 27251 0 14732 (radio 3.-291% / 2.65% tx 1.-81% / 1.26% listen 1.58% / 1.38%)
781135467	ID:5	 99843 P 0.0 12 837089 24720568 296676 344369 0 232660 78919 1887099 32618 29818 0 15279 (radio 2.-118% / 3.17% tx 1.16% / 1.65% listen 1.34% / 1.51%)
781136750	ID:21	 99843 P 0.0 12 629630 24928708 169464 327342 0 206604 48666 1917204 13375 27384 0 17416 (radio 1.-74% / 2.07% tx 0.66% / 0.68% listen 1.28% / 1.39%)
781140439	ID:13	 99843 P 0.0 12 402684 25153942 123784 224730 0 182507 31000 1934829 9631 18008 0 13246 (radio 1.36% / 1.40% tx 0.48% / 0.48% listen 0.87% / 0.91%)
781148408	ID:16	[PKT-TX] DATA bytes=14  seq=22 
781316559	ID:1	[PKT-RX] DATA bytes=14 from=16 seq=22
781574244	ID:5	[PKT-TX] DATA bytes=13  seq=22 
781660093	ID:16	[PKT-RTT] seq=22,rtt_delay_ms=250
781832674	ID:1	[PKT-RX] DATA bytes=13 from=5 seq=22
782431045	ID:10	[HFS] ra=0 si=0 cx=49 ac=0
782435004	ID:24	[HFS] ra=0 si=0 cx=49 ac=0
782436841	ID:10	[LIST] Neighbors: 19,25,17,16,9,24,29,30
782439947	ID:24	[LIST] Neighbors: 17,16,18,10,13,8
782440478	ID:10	[LIST] Quarantine: (none)
782443606	ID:24	[LIST] Quarantine: (none)
782443975	ID:10	[LIST] Blacklist: (none)
782447103	ID:24	[LIST] Blacklist: (none)
782450431	ID:10	FUZZRID,DET,16,1170,1170,0,0,0,0,0,0,6,0,0,0
782453559	ID:24	FUZZRID,DET,16,1170,1170,0,0,0,0,0,0,6,0,0,0
783321564	ID:12	[PKT-TX] DATA bytes=14  seq=22 
783465961	ID:23	[PKT-TX] DATA bytes=14  seq=22 
783568384	ID:1	[PKT-RX] DATA bytes=14 from=12 seq=22
783674516	ID:11	[PKT-TX] DATA bytes=14  seq=22 
783746642	ID:1	[PKT-RX] DATA bytes=14 from=23 seq=22
784068485	ID:1	[PKT-RX] DATA bytes=14 from=11 seq=22
784445819	ID:23	[PKT-RTT] seq=22,rtt_delay_ms=484
785113270	ID:21	[PKT-TX] DATA bytes=14  seq=22 
785130013	ID:1	[PKT-RX] DATA bytes=14 from=21 seq=22
785935853	ID:25	[PKT-TX] DATA bytes=14  seq=22 
786067188	ID:1	[PKT-RX] DATA bytes=14 from=25 seq=22
789075056	ID:9	[PKT-TX] DATA bytes=13  seq=22 
789247613	ID:1	[PKT-RX] DATA bytes=13 from=9 seq=22
789329337	ID:4	[PKT-TX] DATA bytes=13  seq=22 
789497618	ID:1	[PKT-RX] DATA bytes=13 from=4 seq=22
789563074	ID:2	[PKT-TX] DATA bytes=13  seq=22 
789596637	ID:22	[PKT-TX] DATA bytes=14  seq=22 
789707673	ID:1	[PKT-RX] DATA bytes=14 from=22 seq=22
790026811	ID:4	[PKT-RTT] seq=22,rtt_delay_ms=343
790068920	ID:1	[PKT-RX] DATA bytes=13 from=2 seq=22
793512645	ID:24	[PKT-TX] DATA bytes=14  seq=22 
793691950	ID:1	[PKT-RX] DATA bytes=14 from=24 seq=22
793763802	ID:26	[ATK-FAKE-RANK]  true_rank=839 fake_rank=1049 t=11720s
796181100	ID:24	[PKT-RTT] seq=22,rtt_delay_ms=1328
798639095	ID:14	[PKT-TX] DATA bytes=14  seq=22 
798747719	ID:1	[PKT-RX] DATA bytes=14 from=14 seq=22
798815936	ID:18	[PKT-TX] DATA bytes=14  seq=22 
799002098	ID:14	[PKT-RTT] seq=22,rtt_delay_ms=179
799194059	ID:1	[PKT-RX] DATA bytes=14 from=18 seq=22
800985632	ID:13	[PKT-TX] DATA bytes=14  seq=22 
801317130	ID:1	[PKT-RX] DATA bytes=14 from=13 seq=22
801629939	ID:20	[PKT-TX] DATA bytes=14  seq=22 
801825341	ID:1	[PKT-RX] DATA bytes=14 from=20 seq=22
802038469	ID:20	[PKT-RTT] seq=22,rtt_delay_ms=203
802240245	ID:13	[HFS] ra=0 si=0 cx=49 ac=0
802243662	ID:13	[LIST] Neighbors: 24,18
802247299	ID:13	[LIST] Quarantine: (none)
802250795	ID:13	[LIST] Blacklist: (none)
802257249	ID:13	FUZZRID,DET,18,1725,1725,0,0,0,0,0,0,0,0,0,0
802378485	ID:15	[PKT-TX] DATA bytes=14  seq=22 
802395173	ID:1	[PKT-RX] DATA bytes=14 from=15 seq=22
802790577	ID:20	[HFS] ra=0 si=0 cx=49 ac=0
802796227	ID:20	[LIST] Neighbors: 26,30,19,6,12,5,22,11
802799864	ID:20	[LIST] Quarantine: (none)
802803360	ID:20	[LIST] Blacklist: (none)
802809482	ID:20	FUZZRID,DET,22,965,965,0,0,0,0,0,0,0,0,0,0
804696903	ID:7	[PKT-TX] DATA bytes=13  seq=22 
804872477	ID:1	[PKT-RX] DATA bytes=13 from=7 seq=22
804949378	ID:17	[PKT-TX] DATA bytes=14  seq=22 
805069365	ID:1	[PKT-RX] DATA bytes=14 from=17 seq=22
805303578	ID:17	[PKT-RTT] seq=22,rtt_delay_ms=171
805481475	ID:6	[PKT-TX] DATA bytes=13  seq=22 
805691676	ID:1	[PKT-RX] DATA bytes=13 from=6 seq=22
805951077	ID:8	[PKT-TX] DATA bytes=13  seq=22 
806192839	ID:1	[PKT-RX] DATA bytes=13 from=8 seq=22
806480221	ID:19	[PKT-TX] DATA bytes=14  seq=22 
806566797	ID:1	[PKT-RX] DATA bytes=14 from=19 seq=22
807279190	ID:19	[PKT-RTT] seq=22,rtt_delay_ms=398
808316837	ID:8	[HFS] ra=0 si=0 cx=49 ac=0
808321634	ID:8	[LIST] Neighbors: 17,16,30,6,2,24
808325271	ID:8	[LIST] Quarantine: (none)
808328794	ID:8	[LIST] Blacklist: (none)
808330486	ID:10	[PKT-TX] DATA bytes=14  seq=22 
808335110	ID:8	FUZZRID,DET,2,1426,1426,0,0,0,0,0,0,0,0,0,0
808363791	ID:5	[HFS] ra=0 si=0 cx=49 ac=0
808368588	ID:5	[LIST] Neighbors: 19,20,30,6,2,12
808372250	ID:5	[LIST] Quarantine: (none)
808375747	ID:5	[LIST] Blacklist: (none)
808376714	ID:12	[HFS] ra=0 si=0 cx=49 ac=0
808380961	ID:12	[LIST] Neighbors: 20,5,30,6,2
808382064	ID:5	FUZZRID,DET,2,1426,1426,0,0,0,0,0,0,5,0,0,0
808384598	ID:12	[LIST] Quarantine: (none)
808388094	ID:12	[LIST] Blacklist: (none)
808388632	ID:3	[PKT-TX] DATA bytes=13  seq=22 
808394411	ID:12	FUZZRID,DET,2,1426,1426,0,0,0,0,0,0,2,0,0,0
808624152	ID:1	[PKT-RX] DATA bytes=13 from=3 seq=22
808943453	ID:1	[PKT-RX] DATA bytes=14 from=10 seq=22
809412294	ID:7	[HFS] ra=0 si=0 cx=49 ac=0
809416650	ID:7	[LIST] Neighbors: 4,23,29,9,14
809420287	ID:7	[LIST] Quarantine: (none)
809423784	ID:7	[LIST] Blacklist: (none)
809430237	ID:7	FUZZRID,DET,23,1760,1760,0,0,0,0,0,0,5,0,0,0
812539397	ID:13	[PKT-TX] DATA bytes=14  seq=23 
812942539	ID:1	[PKT-RX] DATA bytes=14 from=13 seq=23
813222903	ID:5	[PKT-TX] DATA bytes=13  seq=23 
813317443	ID:1	[PKT-RX] DATA bytes=13 from=5 seq=23
813731613	ID:5	[PKT-RTT] seq=23,rtt_delay_ms=250
813943783	ID:14	[PKT-TX] DATA bytes=14  seq=23 
814122497	ID:1	[PKT-RX] DATA bytes=14 from=14 seq=23
814275101	ID:2	[HFS] ra=0 si=0 cx=49 ac=0
814279752	ID:2	[LIST] Neighbors: 16,5,30,6,12,8
814283389	ID:2	[LIST] Quarantine: (none)
814286885	ID:2	[LIST] Blacklist: (none)
814293373	ID:2	FUZZRID,DET,12,1382,1382,0,0,0,0,0,0,3,0,0,0
814377283	ID:14	[PKT-RTT] seq=23,rtt_delay_ms=210
815405604	ID:25	[PKT-TX] DATA bytes=14  seq=23 
815442048	ID:1	[PKT-RX] DATA bytes=14 from=25 seq=23
815762725	ID:6	[PKT-TX] DATA bytes=13  seq=23 
815942898	ID:1	[PKT-RX] DATA bytes=13 from=6 seq=23
816472664	ID:9	[PKT-TX] DATA bytes=13  seq=23 
816621794	ID:1	[PKT-RX] DATA bytes=13 from=9 seq=23
817018589	ID:9	[PKT-RTT] seq=23,rtt_delay_ms=273
818348582	ID:24	[PKT-TX] DATA bytes=14  seq=23 
818566407	ID:1	[PKT-RX] DATA bytes=14 from=24 seq=23
818938712	ID:4	[PKT-TX] DATA bytes=13  seq=23 
819228916	ID:10	[PKT-TX] DATA bytes=14  seq=23 
820248056	ID:1	[PKT-RX] DATA bytes=13 from=4 seq=23
820286274	ID:23	[PKT-TX] DATA bytes=14  seq=23 
820318885	ID:1	[PKT-RX] DATA bytes=14 from=10 seq=23
821156824	ID:2	[PKT-TX] DATA bytes=13  seq=23 
821249418	ID:1	[PKT-RX] DATA bytes=14 from=23 seq=23
821318969	ID:1	[PKT-RX] DATA bytes=13 from=2 seq=23
821931380	ID:24	[PKT-RTT] seq=23,rtt_delay_ms=1789
822635700	ID:22	[PKT-TX] DATA bytes=14  seq=23 
822757692	ID:1	[PKT-RX] DATA bytes=14 from=22 seq=23
823644159	ID:2	[PKT-RTT] seq=23,rtt_delay_ms=1242
824766454	ID:9	[HFS] ra=0 si=0 cx=49 ac=0
824771668	ID:9	[LIST] Neighbors: 4,25,29,10,7,23,14
824775304	ID:9	[LIST] Quarantine: (none)
824778801	ID:9	[LIST] Blacklist: (none)
824785394	ID:9	FUZZRID,DET,10,1348,1348,0,0,0,0,0,0,12,0,0,0
824808161	ID:17	[HFS] ra=0 si=0 cx=49 ac=0
824808435	ID:24	[HFS] ra=0 si=0 cx=49 ac=0
824813378	ID:24	[LIST] Neighbors: 17,16,18,10,13,8
824814123	ID:17	[LIST] Neighbors: 26,19,16,10,24,29,25,30
824817015	ID:24	[LIST] Quarantine: (none)
824817760	ID:17	[LIST] Quarantine: (none)
824820511	ID:24	[LIST] Blacklist: (none)
824821256	ID:17	[LIST] Blacklist: (none)
824827122	ID:24	FUZZRID,DET,10,1348,1348,0,0,0,0,0,0,13,0,0,0
824827861	ID:17	FUZZRID,DET,10,1348,1348,0,0,0,0,0,0,13,0,0,0
824851329	ID:25	[HFS] ra=0 si=0 cx=49 ac=0
824857125	ID:25	[LIST] Neighbors: 15,26,17,10,30,9,16,29
824860762	ID:25	[LIST] Quarantine: (none)
824864258	ID:25	[LIST] Blacklist: (none)
824870851	ID:25	FUZZRID,DET,10,1348,1348,0,0,0,0,0,0,12,0,0,0
825251496	ID:12	[HFS] ra=0 si=0 cx=49 ac=0
825255720	ID:12	[LIST] Neighbors: 20,5,30,6,2
825259357	ID:12	[LIST] Quarantine: (none)
825262853	ID:12	[LIST] Blacklist: (none)
825269319	ID:12	FUZZRID,DET,5,1378,1378,0,0,0,0,0,0,20,0,0,0
828658069	ID:7	[PKT-TX] DATA bytes=13  seq=23 
828871602	ID:1	[PKT-RX] DATA bytes=13 from=7 seq=23
829158819	ID:7	[PKT-RTT] seq=23,rtt_delay_ms=250
829183753	ID:17	[PKT-TX] DATA bytes=14  seq=23 
829318483	ID:1	[PKT-RX] DATA bytes=14 from=17 seq=23
829323798	ID:15	[PKT-TX] DATA bytes=14  seq=23 
829542019	ID:1	[PKT-RX] DATA bytes=14 from=15 seq=23
829554611	ID:17	[PKT-RTT] seq=23,rtt_delay_ms=179
829620846	ID:19	[PKT-TX] DATA bytes=14  seq=23 
829692743	ID:1	[PKT-RX] DATA bytes=14 from=19 seq=23
829904752	ID:19	[PKT-RTT] seq=23,rtt_delay_ms=140
830363269	ID:21	[PKT-TX] DATA bytes=14  seq=23 
830380010	ID:1	[PKT-RX] DATA bytes=14 from=21 seq=23
830585174	ID:28	[ATK-FAKE-RANK]  true_rank=512 fake_rank=692 t=11720s
830606905	ID:1	[HFS] ra=74 si=48 cx=49 ac=82
830611057	ID:21	[HFS] ra=74 si=48 cx=49 ac=82
830611169	ID:1	[LIST] Neighbors: 21,27,28,15
830614722	ID:21	[LIST] Neighbors: 28,4,31
830614806	ID:1	[LIST] Quarantine: (none)
830618303	ID:1	[LIST] Blacklist: (none)
830618359	ID:21	[LIST] Quarantine: (none)
830621856	ID:21	[LIST] Blacklist: (none)
830625589	ID:1	FUZZRID,DET,28,692,512,180,0,70,100,20,0,0,0,82,75
830629142	ID:21	FUZZRID,DET,28,692,512,180,0,70,100,20,0,0,0,82,75
830658550	ID:4	[HFS] ra=74 si=48 cx=49 ac=82
830663627	ID:4	[LIST] Neighbors: 28,9,31,7,3,14,21
830667292	ID:4	[LIST] Quarantine: (none)
830667498	ID:18	[PKT-TX] DATA bytes=14  seq=23 
830670789	ID:4	[LIST] Blacklist: (none)
830678076	ID:4	FUZZRID,DET,28,692,512,180,0,68,100,20,0,1,0,82,75
830684045	ID:15	[HFS] ra=74 si=48 cx=49 ac=82
830689561	ID:15	[LIST] Neighbors: 28,26,22,19,25,11,27
830693198	ID:15	[LIST] Quarantine: (none)
830696695	ID:15	[LIST] Blacklist: (none)
830703856	ID:15	FUZZRID,DET,28,692,512,180,0,70,100,5,0,0,0,82,75
831069619	ID:1	[PKT-RX] DATA bytes=14 from=18 seq=23
831365188	ID:3	[PKT-TX] DATA bytes=13  seq=23 
831498060	ID:1	[PKT-RX] DATA bytes=13 from=3 seq=23
831843727	ID:16	[PKT-TX] DATA bytes=14  seq=23 
831942738	ID:1	[PKT-RX] DATA bytes=14 from=16 seq=23
832180722	ID:10	[HFS] ra=0 si=0 cx=49 ac=0
832186518	ID:10	[LIST] Neighbors: 19,25,17,16,9,24,29,30
832190169	ID:10	[LIST] Quarantine: (none)
832193665	ID:10	[LIST] Blacklist: (none)
832200119	ID:10	FUZZRID,DET,9,1385,1385,0,0,0,0,0,0,20,0,0,0
832475277	ID:25	[HFS] ra=0 si=0 cx=49 ac=0
832481074	ID:25	[LIST] Neighbors: 15,26,17,10,30,9,16,29
832484711	ID:25	[LIST] Quarantine: (none)
832488208	ID:25	[LIST] Blacklist: (none)
832494801	ID:25	FUZZRID,DET,10,1316,1316,0,0,0,0,0,0,12,0,0,0
832518100	ID:9	[HFS] ra=0 si=0 cx=49 ac=0
832523309	ID:9	[LIST] Neighbors: 4,25,29,10,7,23,14
832526946	ID:9	[LIST] Quarantine: (none)
832530443	ID:9	[LIST] Blacklist: (none)
832537037	ID:9	FUZZRID,DET,10,1316,1316,0,0,0,0,0,0,12,0,0,0
833338876	ID:27	[ATK-FAKE-RANK]  true_rank=512 fake_rank=672 t=11720s
833436629	ID:15	[HFS] ra=74 si=42 cx=49 ac=82
833442145	ID:15	[LIST] Neighbors: 28,26,22,19,25,11,27
833445782	ID:15	[LIST] Quarantine: (none)
833449279	ID:15	[LIST] Blacklist: (none)
833456591	ID:15	FUZZRID,DET,27,672,512,160,0,62,100,10,0,0,0,82,75
834692693	ID:8	[HFS] ra=0 si=0 cx=49 ac=0
834697490	ID:8	[LIST] Neighbors: 17,16,30,6,2,24
834701127	ID:8	[LIST] Quarantine: (none)
834704633	ID:8	[LIST] Blacklist: (none)
834711088	ID:8	FUZZRID,DET,17,1162,1162,0,0,0,0,0,0,7,0,0,0
835813759	ID:12	[PKT-TX] DATA bytes=14  seq=23 
836066797	ID:1	[PKT-RX] DATA bytes=14 from=12 seq=23
837224555	ID:31	[ATK-FAKE-RANK]  true_rank=811 fake_rank=928 t=11720s
837361659	ID:21	[HFS] ra=74 si=0 cx=49 ac=95
837365357	ID:21	[LIST] Neighbors: 28,4,31
837368994	ID:21	[LIST] Quarantine: (none)
837372507	ID:21	[LIST] Blacklist: (none)
837379794	ID:21	FUZZRID,DET,31,928,811,117,0,45,93,16,0,0,0,95,100
837807328	ID:11	[PKT-TX] DATA bytes=14  seq=23 
837941245	ID:1	[PKT-RX] DATA bytes=14 from=11 seq=23
837957112	ID:20	[PKT-TX] DATA bytes=14  seq=23 
838068111	ID:1	[PKT-RX] DATA bytes=14 from=20 seq=23
838506565	ID:31	[ATK-FAKE-RANK]  true_rank=811 fake_rank=948 t=11720s
839633838	ID:28	[ATK-FAKE-RANK]  true_rank=512 fake_rank=712 t=11720s
839693265	ID:8	[PKT-TX] DATA bytes=13  seq=23 
839943526	ID:1	[PKT-RX] DATA bytes=13 from=8 seq=23
840159756	ID:18	 107523 P 0.0 13 488955 27033683 163694 262624 0 190782 29198 1936713 8499 17027 0 12960 (radio 1.54% / 1.29% tx 0.59% / 0.43% listen 0.95% / 0.86%)
840191634	ID:16	 107523 P 0.0 13 1049071 26473741 315096 446338 0 312699 72327 1893825 25992 31406 0 20398 (radio 2.-80% / 2.91% tx 1.14% / 1.32% listen 1.-94% / 1.59%)
840326066	ID:3	 107523 P 0.0 13 543561 26979935 181098 287324 0 216233 26701 1939250 5899 17753 0 15361 (radio 1.-86% / 1.20% tx 0.65% / 0.30% listen 1.04% / 0.90%)
840348680	ID:23	 107523 P 0.0 13 525736 26996748 193993 262407 0 186244 31033 1934956 9909 17082 0 12685 (radio 1.-91% / 1.37% tx 0.70% / 0.50% listen 0.95% / 0.86%)
840378735	ID:25	 107523 P 0.0 13 1032409 26490040 302842 471007 0 333182 57604 1908473 14090 31334 0 24713 (radio 2.-75% / 2.31% tx 1.10% / 0.71% listen 1.-85% / 1.59%)
840417371	ID:11	 107523 P 0.0 13 788739 26734787 233721 382024 0 266326 49651 1916210 15145 26036 0 17800 (radio 2.-133% / 2.09% tx 0.84% / 0.77% listen 1.38% / 1.32%)
840439343	ID:8	[PKT-RTT] seq=23,rtt_delay_ms=367
840564618	ID:20	 107523 P 0.0 13 888245 26634188 241269 382529 0 283129 70443 1895442 25540 28480 0 18074 (radio 2.-130% / 2.74% tx 0.87% / 1.29% listen 1.38% / 1.44%)
840573550	ID:19	 107525 P 0.0 13 1949254 25574073 723681 692557 0 291833 91899 1874322 24222 42125 0 22076 (radio 5.-454% / 3.37% tx 2.-94% / 1.23% listen 2.-105% / 2.14%)
840580396	ID:10	 107523 P 0.0 13 929043 26594962 287846 475405 0 363249 102167 1863664 46250 41013 0 22791 (radio 2.-79% / 4.43% tx 1.04% / 2.35% listen 1.-84% / 2.08%)
840680660	ID:4	 107523 P 0.0 13 790619 26733544 234146 338473 0 234456 44847 1921100 11525 23037 0 17827 (radio 2.-149% / 1.75% tx 0.85% / 0.58% listen 1.22% / 1.17%)
840716655	ID:8	 107523 P 0.0 13 669974 26853709 173673 298225 0 225178 37664 1928319 7281 19288 0 15194 (radio 1.-85% / 1.35% tx 0.63% / 0.37% listen 1.08% / 0.98%)
840780168	ID:14	 107523 P 0.0 13 924798 26597784 343953 368302 0 205682 61087 1904837 22942 25872 0 14397 (radio 2.-98% / 2.48% tx 1.24% / 1.16% listen 1.33% / 1.31%)
840812791	ID:7	 107523 P 0.0 13 629322 26893541 164548 294478 0 231244 37712 1928088 8517 19468 0 15595 (radio 1.-90% / 1.42% tx 0.59% / 0.43% listen 1.06% / 0.99%)
840829228	ID:1	 107525 P 0.0 13 1593912 25930113 703587 26820624 0 0 110558 1855412 48042 1917837 0 0 (radio 100.-9987% / 99.-8640% tx 2.-101% / 2.44% listen 97.-9631% / 97.-8684%)
840833751	ID:17	 107523 P 0.0 13 1541825 25980845 621850 618035 0 342344 82666 1883352 30386 38512 0 23876 (radio 4.-262% / 3.50% tx 2.-131% / 1.54% listen 2.-132% / 1.95%)
840845806	ID:15	 107524 P 0.0 13 1766309 25756629 595489 637754 0 235035 137352 1828907 50985 47729 0 16423 (radio 4.-265% / 5.02% tx 2.-140% / 2.59% listen 2.-125% / 2.42%)
840912040	ID:6	 107523 P 0.0 13 967228 26556472 250489 443213 0 309824 70492 1895503 24104 32472 0 19762 (radio 2.-105% / 2.87% tx 0.91% / 1.22% listen 1.-96% / 1.65%)
840922028	ID:2	 107523 P 0.0 13 719208 26804340 208012 320599 0 238621 68513 1897483 27666 27473 0 15948 (radio 1.-64% / 2.80% tx 0.75% / 1.40% listen 1.16% / 1.39%)
840954877	ID:22	 107523 P 0.0 13 597573 26925439 176577 296422 0 225340 36175 1929861 9261 20487 0 15895 (radio 1.-85% / 1.51% tx 0.64% / 0.47% listen 1.07% / 1.04%)
841025448	ID:12	 107523 P 0.0 13 759315 26763084 259187 318239 0 221967 58210 1907777 22144 27047 0 16589 (radio 2.-147% / 2.50% tx 0.94% / 1.12% listen 1.15% / 1.37%)
841041710	ID:9	 107523 P 0.0 13 929048 26594851 326228 373065 0 235900 57319 1908496 17722 25360 0 16746 (radio 2.-102% / 2.19% tx 1.18% / 0.90% listen 1.35% / 1.29%)
841084325	ID:24	 107523 P 0.0 13 1165067 26358208 499096 431579 0 218776 59177 1906754 20863 26082 0 15334 (radio 3.-274% / 2.38% tx 1.-75% / 1.06% listen 1.-100% / 1.32%)
841135467	ID:5	 107523 P 0.0 13 874351 26649321 303860 366698 0 251512 37261 1928753 7184 22329 0 18852 (radio 2.-113% / 1.50% tx 1.10% / 0.36% listen 1.33% / 1.13%)
841137061	ID:21	 107523 P 0.0 13 690451 26833915 188788 356710 0 222426 60819 1905207 19324 29368 0 15822 (radio 1.-58% / 2.47% tx 0.68% / 0.98% listen 1.29% / 1.49%)
841140709	ID:13	 107523 P 0.0 13 422837 27099723 125854 239076 0 195604 20151 1945781 2070 14346 0 13097 (radio 1.32% / 0.83% tx 0.45% / 0.10% listen 0.86% / 0.72%)
841719077	ID:13	[PKT-TX] DATA bytes=14  seq=24 
842068991	ID:1	[PKT-RX] DATA bytes=14 from=13 seq=24
842414029	ID:20	[HFS] ra=0 si=0 cx=49 ac=0
842419712	ID:20	[LIST] Neighbors: 26,30,19,6,12,5,22,11
842423349	ID:20	[LIST] Quarantine: (none)
842426848	ID:20	[LIST] Blacklist: (none)
842429595	ID:22	[HFS] ra=0 si=0 cx=49 ac=0
842432944	ID:20	FUZZRID,DET,11,806,806,0,0,0,0,0,0,2,0,0,0
842434239	ID:15	[HFS] ra=0 si=0 cx=49 ac=0
842434259	ID:22	[LIST] Neighbors: 15,26,11,20,27
842437896	ID:22	[LIST] Quarantine: (none)
842439755	ID:15	[LIST] Neighbors: 28,26,22,19,25,11,27
842441393	ID:22	[LIST] Blacklist: (none)
842443392	ID:15	[LIST] Quarantine: (none)
842446889	ID:15	[LIST] Blacklist: (none)
842447484	ID:22	FUZZRID,DET,11,806,806,0,0,0,0,0,0,2,0,0,0
842453013	ID:15	FUZZRID,DET,11,806,806,0,0,0,0,0,0,0,0,0,0
843192332	ID:24	[PKT-TX] DATA bytes=14  seq=24 
843606586	ID:23	[PKT-TX] DATA bytes=14  seq=24 
845499294	ID:1	[PKT-RX] DATA bytes=14 from=23 seq=24
847134774	ID:29	[ATK-FAKE-RANK]  true_rank=1410 fake_rank=1731 t=11720s
847183266	ID:10	[HFS] ra=74 si=49 cx=49 ac=82
847189062	ID:10	[LIST] Neighbors: 19,25,17,16,9,24,29,30
847192699	ID:10	[LIST] Quarantine: (none)
847196196	ID:10	[LIST] Blacklist: (none)
847204021	ID:10	FUZZRID,DET,29,1731,1410,321,0,100,100,40,0,3,0,82,75
848006100	ID:6	[PKT-TX] DATA bytes=13  seq=24 
848066350	ID:1	[PKT-RX] DATA bytes=13 from=6 seq=24
848642948	ID:9	[HFS] ra=0 si=0 cx=49 ac=0
848648157	ID:9	[LIST] Neighbors: 4,25,29,10,7,23,14
848651794	ID:9	[LIST] Quarantine: (none)
848655291	ID:9	[LIST] Blacklist: (none)
848661884	ID:9	FUZZRID,DET,10,1316,1316,0,0,0,0,0,0,12,0,0,0
848685138	ID:17	[HFS] ra=0 si=0 cx=49 ac=0
848685393	ID:24	[HFS] ra=0 si=0 cx=49 ac=0
848690336	ID:24	[LIST] Neighbors: 17,16,18,10,13,8
848691081	ID:17	[LIST] Neighbors: 26,19,16,10,24,29,25,30
848693973	ID:24	[LIST] Quarantine: (none)
848694717	ID:17	[LIST] Quarantine: (none)
848697470	ID:24	[LIST] Blacklist: (none)
848698214	ID:17	[LIST] Blacklist: (none)
848703936	ID:24	FUZZRID,DET,10,1316,1316,0,0,0,0,0,0,9,0,0,0
848704841	ID:17	FUZZRID,DET,10,1316,1316,0,0,0,0,0,0,13,0,0,0
848724035	ID:25	[HFS] ra=0 si=0 cx=49 ac=0
848729831	ID:25	[LIST] Neighbors: 15,26,17,10,30,9,16,29
848733468	ID:25	[LIST] Quarantine: (none)
848736964	ID:25	[LIST] Blacklist: (none)
848743558	ID:25	FUZZRID,DET,10,1316,1316,0,0,0,0,0,0,12,0,0,0
848756996	ID:10	[PKT-TX] DATA bytes=14  seq=24 
848824057	ID:1	[PKT-RX] DATA bytes=14 from=10 seq=24
849052601	ID:10	[PKT-RTT] seq=24,rtt_delay_ms=148
849311404	ID:8	[PKT-TX] DATA bytes=13  seq=24 
849532569	ID:4	[HFS] ra=0 si=0 cx=49 ac=0
849537646	ID:4	[LIST] Neighbors: 28,9,31,7,3,14,21
849541313	ID:4	[LIST] Quarantine: (none)
849544810	ID:4	[LIST] Blacklist: (none)
849551266	ID:4	FUZZRID,DET,14,1183,1183,0,0,0,0,0,0,0,0,0,0
849691916	ID:1	[PKT-RX] DATA bytes=13 from=8 seq=24
850063182	ID:8	[PKT-RTT] seq=24,rtt_delay_ms=375
850640914	ID:11	[HFS] ra=0 si=0 cx=49 ac=0
850646037	ID:11	[LIST] Neighbors: 15,26,30,22,20,19
850649674	ID:11	[LIST] Quarantine: (none)
850653191	ID:11	[LIST] Blacklist: (none)
850659285	ID:11	FUZZRID,DET,19,768,768,0,0,0,0,0,0,0,0,0,0
851367762	ID:2	[PKT-TX] DATA bytes=13  seq=24 
851692778	ID:1	[PKT-RX] DATA bytes=13 from=2 seq=24
852058913	ID:26	[ATK-FAKE-RANK]  true_rank=839 fake_rank=1069 t=11720s
852144818	ID:11	[HFS] ra=74 si=49 cx=49 ac=82
852149908	ID:11	[LIST] Neighbors: 15,26,30,22,20,19
852153545	ID:11	[LIST] Quarantine: (none)
852157041	ID:11	[LIST] Blacklist: (none)
852158402	ID:19	[HFS] ra=74 si=48 cx=49 ac=82
852164218	ID:19	[LIST] Neighbors: 15,26,17,30,20,5,25,16
852164543	ID:11	FUZZRID,DET,26,1069,839,230,0,88,100,13,0,1,0,82,75
852166759	ID:20	[HFS] ra=74 si=49 cx=49 ac=82
852167854	ID:19	[LIST] Quarantine: (none)
852171351	ID:19	[LIST] Blacklist: (none)
852172410	ID:20	[LIST] Neighbors: 26,30,19,6,12,5,22,11
852176046	ID:20	[LIST] Quarantine: (none)
852178977	ID:19	FUZZRID,DET,26,1069,839,230,0,69,100,14,0,15,0,82,75
852179543	ID:20	[LIST] Blacklist: (none)
852183409	ID:22	[HFS] ra=74 si=49 cx=49 ac=82
852183772	ID:15	[HFS] ra=74 si=49 cx=49 ac=82
852184725	ID:17	[HFS] ra=74 si=48 cx=49 ac=82
852187011	ID:20	FUZZRID,DET,26,1069,839,230,0,79,100,15,0,7,0,82,75
852188073	ID:22	[LIST] Neighbors: 15,26,11,20,27
852189288	ID:15	[LIST] Neighbors: 28,26,22,19,25,11,27
852190668	ID:17	[LIST] Neighbors: 26,19,16,10,24,29,25,30
852191709	ID:22	[LIST] Quarantine: (none)
852192925	ID:15	[LIST] Quarantine: (none)
852194305	ID:17	[LIST] Quarantine: (none)
852195206	ID:22	[LIST] Blacklist: (none)
852196422	ID:15	[LIST] Blacklist: (none)
852197801	ID:17	[LIST] Blacklist: (none)
852202674	ID:22	FUZZRID,DET,26,1069,839,230,0,86,100,18,0,2,0,82,75
852203889	ID:15	FUZZRID,DET,26,1069,839,230,0,88,100,18,0,1,0,82,75
852205408	ID:17	FUZZRID,DET,26,1069,839,230,0,74,100,16,0,10,0,82,75
852643866	ID:2	[PKT-RTT] seq=24,rtt_delay_ms=632
852998977	ID:14	[PKT-TX] DATA bytes=14  seq=24 
853040653	ID:7	[PKT-TX] DATA bytes=13  seq=24 
853374264	ID:1	[PKT-RX] DATA bytes=14 from=14 seq=24
853624084	ID:1	[PKT-RX] DATA bytes=13 from=7 seq=24
853911329	ID:7	[PKT-RTT] seq=24,rtt_delay_ms=429
855185553	ID:24	[HFS] ra=0 si=0 cx=47 ac=0
855190496	ID:24	[LIST] Neighbors: 17,16,18,10,13,8
855194165	ID:24	[LIST] Quarantine: (none)
855197661	ID:24	[LIST] Blacklist: (none)
855204254	ID:24	FUZZRID,DET,13,2001,2001,0,0,0,0,0,0,23,0,0,0
856521772	ID:25	[PKT-TX] DATA bytes=14  seq=24 
856567260	ID:1	[PKT-RX] DATA bytes=14 from=25 seq=24
857096361	ID:25	[PKT-RTT] seq=24,rtt_delay_ms=281
857660105	ID:18	[PKT-TX] DATA bytes=14  seq=24 
857943920	ID:1	[PKT-RX] DATA bytes=14 from=18 seq=24
857964852	ID:9	[PKT-TX] DATA bytes=13  seq=24 
858122843	ID:1	[PKT-RX] DATA bytes=13 from=9 seq=24
858885908	ID:18	[HFS] ra=0 si=0 cx=49 ac=0
858889292	ID:18	[LIST] Neighbors: 24,13
858892928	ID:18	[LIST] Quarantine: (none)
858896425	ID:18	[LIST] Blacklist: (none)
858902881	ID:18	FUZZRID,DET,24,1568,1568,0,0,0,0,0,0,4,0,0,0
859347816	ID:17	[PKT-TX] DATA bytes=14  seq=24 
859443731	ID:1	[PKT-RX] DATA bytes=14 from=17 seq=24
859681148	ID:17	[PKT-RTT] seq=24,rtt_delay_ms=164
860981606	ID:21	[PKT-TX] DATA bytes=14  seq=24 
861004268	ID:1	[PKT-RX] DATA bytes=14 from=21 seq=24
861268784	ID:5	[PKT-TX] DATA bytes=13  seq=24 
861442691	ID:1	[PKT-RX] DATA bytes=13 from=5 seq=24
863775342	ID:12	[PKT-TX] DATA bytes=14  seq=24 
864067011	ID:1	[PKT-RX] DATA bytes=14 from=12 seq=24
866160242	ID:30	[ATK-FAKE-RANK]  true_rank=1119 fake_rank=1356 t=11720s
866190387	ID:22	[PKT-TX] DATA bytes=14  seq=24 
866301855	ID:15	[PKT-TX] DATA bytes=14  seq=24 
866481570	ID:1	[PKT-RX] DATA bytes=14 from=15 seq=24
866603285	ID:25	[HFS] ra=74 si=49 cx=49 ac=82
866609081	ID:25	[LIST] Neighbors: 15,26,17,10,30,9,16,29
866612718	ID:25	[LIST] Quarantine: (none)
866616215	ID:25	[LIST] Blacklist: (none)
866623727	ID:25	FUZZRID,DET,30,1356,1119,237,0,92,100,2,0,0,0,82,75
866758403	ID:1	[PKT-RX] DATA bytes=14 from=22 seq=24
867732375	ID:3	[PKT-TX] DATA bytes=13  seq=24 
867874231	ID:1	[PKT-RX] DATA bytes=13 from=3 seq=24
868151093	ID:11	[PKT-TX] DATA bytes=14  seq=24 
868193459	ID:1	[PKT-RX] DATA bytes=14 from=11 seq=24
868391486	ID:11	[PKT-RTT] seq=24,rtt_delay_ms=117
868546852	ID:16	[PKT-TX] DATA bytes=14  seq=24 
868693536	ID:1	[PKT-RX] DATA bytes=14 from=16 seq=24
869566478	ID:20	[PKT-TX] DATA bytes=14  seq=24 
869680900	ID:4	[PKT-TX] DATA bytes=13  seq=24 
869692530	ID:1	[PKT-RX] DATA bytes=14 from=20 seq=24
869911182	ID:20	[PKT-RTT] seq=24,rtt_delay_ms=171
870121490	ID:1	[PKT-RX] DATA bytes=13 from=4 seq=24
870503749	ID:19	[PKT-TX] DATA bytes=14  seq=24 
870566802	ID:1	[PKT-RX] DATA bytes=14 from=19 seq=24
870780850	ID:19	[PKT-RTT] seq=24,rtt_delay_ms=132
872535145	ID:21	[PKT-TX] DATA bytes=14  seq=25 
872551886	ID:1	[PKT-RX] DATA bytes=14 from=21 seq=25
873270457	ID:24	[PKT-TX] DATA bytes=14  seq=25 
873444181	ID:1	[PKT-RX] DATA bytes=14 from=24 seq=25
873508147	ID:13	[PKT-TX] DATA bytes=14  seq=25 
873600714	ID:25	[HFS] ra=0 si=0 cx=49 ac=0
873606510	ID:25	[LIST] Neighbors: 15,26,17,10,30,9,16,29
873610147	ID:25	[LIST] Quarantine: (none)
873613643	ID:25	[LIST] Blacklist: (none)
873620137	ID:25	FUZZRID,DET,16,1164,1164,0,0,0,0,0,0,7,0,0,0
873880444	ID:23	[PKT-TX] DATA bytes=14  seq=25 
873942623	ID:1	[PKT-RX] DATA bytes=14 from=13 seq=25
874246916	ID:1	[PKT-RX] DATA bytes=14 from=23 seq=25
876098759	ID:25	[HFS] ra=0 si=0 cx=49 ac=0
876104555	ID:25	[LIST] Neighbors: 15,26,17,10,30,9,16,29
876108192	ID:25	[LIST] Quarantine: (none)
876111689	ID:25	[LIST] Blacklist: (none)
876118280	ID:25	FUZZRID,DET,10,1287,1287,0,0,0,0,0,0,12,0,0,0
876141538	ID:9	[HFS] ra=0 si=0 cx=49 ac=0
876146747	ID:9	[LIST] Neighbors: 4,25,29,10,7,23,14
876150384	ID:9	[LIST] Quarantine: (none)
876153886	ID:9	[LIST] Blacklist: (none)
876160337	ID:9	FUZZRID,DET,10,1287,1287,0,0,0,0,0,0,7,0,0,0
876183695	ID:17	[HFS] ra=0 si=0 cx=49 ac=0
876184027	ID:24	[HFS] ra=0 si=0 cx=49 ac=0
876188970	ID:24	[LIST] Neighbors: 17,16,18,10,13,8
876189637	ID:17	[LIST] Neighbors: 26,19,16,10,24,29,25,30
876192607	ID:24	[LIST] Quarantine: (none)
876193274	ID:17	[LIST] Quarantine: (none)
876196123	ID:24	[LIST] Blacklist: (none)
876196771	ID:17	[LIST] Blacklist: (none)
876202575	ID:24	FUZZRID,DET,10,1287,1287,0,0,0,0,0,0,8,0,0,0
876203361	ID:17	FUZZRID,DET,10,1287,1287,0,0,0,0,0,0,13,0,0,0
879041703	ID:11	[PKT-TX] DATA bytes=14  seq=25 
879190659	ID:5	[PKT-TX] DATA bytes=13  seq=25 
879193762	ID:1	[PKT-RX] DATA bytes=14 from=11 seq=25
879259024	ID:4	[PKT-TX] DATA bytes=13  seq=25 
879534144	ID:22	[PKT-TX] DATA bytes=14  seq=25 
879632205	ID:1	[PKT-RX] DATA bytes=14 from=22 seq=25
880192140	ID:1	[PKT-RX] DATA bytes=13 from=5 seq=25
880516132	ID:11	[PKT-RTT] seq=25,rtt_delay_ms=734
880623030	ID:1	[PKT-RX] DATA bytes=13 from=4 seq=25
880751591	ID:7	[PKT-TX] DATA bytes=13  seq=25 
880997436	ID:1	[PKT-RX] DATA bytes=13 from=7 seq=25
881285211	ID:7	[PKT-RTT] seq=25,rtt_delay_ms=265
882879450	ID:14	[HFS] ra=0 si=0 cx=48 ac=0
882883528	ID:14	[LIST] Neighbors: 31,4,7,9,3
882887165	ID:14	[LIST] Quarantine: (none)
882890662	ID:14	[LIST] Blacklist: (none)
882892386	ID:9	[HFS] ra=0 si=0 cx=49 ac=0
882896756	ID:14	FUZZRID,DET,4,998,998,0,0,0,0,0,0,22,0,0,0
882897596	ID:9	[LIST] Neighbors: 4,25,29,10,7,23,14
882901233	ID:9	[LIST] Quarantine: (none)
882904730	ID:9	[LIST] Blacklist: (none)
882910823	ID:9	FUZZRID,DET,4,998,998,0,0,0,0,0,0,14,0,0,0
882913484	ID:7	[HFS] ra=0 si=0 cx=46 ac=0
882917856	ID:7	[LIST] Neighbors: 4,23,29,9,14
882921493	ID:7	[LIST] Quarantine: (none)
882924989	ID:7	[LIST] Blacklist: (none)
882926090	ID:3	[HFS] ra=0 si=0 cx=46 ac=0
882929754	ID:3	[LIST] Neighbors: 31,4,14
882931083	ID:7	FUZZRID,DET,4,998,998,0,0,0,0,0,0,24,0,0,0
882933391	ID:3	[LIST] Quarantine: (none)
882936887	ID:3	[LIST] Blacklist: (none)
882937485	ID:16	[PKT-TX] DATA bytes=14  seq=25 
882942981	ID:3	FUZZRID,DET,4,998,998,0,0,0,0,0,0,24,0,0,0
882986371	ID:21	[HFS] ra=0 si=0 cx=44 ac=0
882990036	ID:21	[LIST] Neighbors: 28,4,31
882993672	ID:21	[LIST] Quarantine: (none)
882997169	ID:21	[LIST] Blacklist: (none)
883003263	ID:21	FUZZRID,DET,4,998,998,0,0,0,0,0,0,26,0,0,0
883069634	ID:1	[PKT-RX] DATA bytes=14 from=16 seq=25
884613441	ID:17	[PKT-TX] DATA bytes=14  seq=25 
884691629	ID:1	[PKT-RX] DATA bytes=14 from=17 seq=25
884929154	ID:17	[PKT-RTT] seq=25,rtt_delay_ms=156
885105477	ID:9	[PKT-TX] DATA bytes=13  seq=25 
885185828	ID:25	[PKT-TX] DATA bytes=14  seq=25 
885317098	ID:1	[PKT-RX] DATA bytes=14 from=25 seq=25
885472124	ID:25	[PKT-RTT] seq=25,rtt_delay_ms=140
885624084	ID:1	[PKT-RX] DATA bytes=13 from=9 seq=25
886629387	ID:18	[PKT-TX] DATA bytes=14  seq=25 
886942188	ID:1	[PKT-RX] DATA bytes=14 from=18 seq=25
887384312	ID:18	[PKT-RTT] seq=25,rtt_delay_ms=375
889878980	ID:20	[PKT-TX] DATA bytes=14  seq=25 
890067537	ID:1	[PKT-RX] DATA bytes=14 from=20 seq=25
890118371	ID:13	[HFS] ra=0 si=0 cx=49 ac=0
890121754	ID:13	[LIST] Neighbors: 24,18
890125391	ID:13	[LIST] Quarantine: (none)
890128888	ID:13	[LIST] Blacklist: (none)
890135344	ID:13	FUZZRID,DET,18,1836,1836,0,0,0,0,0,0,0,0,0,0
890286913	ID:20	[PKT-RTT] seq=25,rtt_delay_ms=203
890352814	ID:12	[PKT-TX] DATA bytes=14  seq=25 
890542956	ID:15	[PKT-TX] DATA bytes=14  seq=25 
890771362	ID:1	[PKT-RX] DATA bytes=14 from=15 seq=25
890903832	ID:1	[PKT-RX] DATA bytes=14 from=12 seq=25
891039643	ID:2	[PKT-TX] DATA bytes=13  seq=25 
891193081	ID:1	[PKT-RX] DATA bytes=13 from=2 seq=25
891238033	ID:19	[PKT-TX] DATA bytes=14  seq=25 
891318783	ID:1	[PKT-RX] DATA bytes=14 from=19 seq=25
891818783	ID:14	[PKT-TX] DATA bytes=14  seq=25 
891904084	ID:19	[PKT-RTT] seq=25,rtt_delay_ms=328
891997497	ID:1	[PKT-RX] DATA bytes=14 from=14 seq=25
892102921	ID:10	[PKT-TX] DATA bytes=14  seq=25 
892379220	ID:14	[HFS] ra=0 si=0 cx=49 ac=0
892383298	ID:14	[LIST] Neighbors: 31,4,7,9,3
892386935	ID:14	[LIST] Quarantine: (none)
892390431	ID:14	[LIST] Blacklist: (none)
892391976	ID:9	[HFS] ra=0 si=0 cx=49 ac=0
892396526	ID:14	FUZZRID,DET,4,935,935,0,0,0,0,0,0,19,0,0,0
892397186	ID:9	[LIST] Neighbors: 4,25,29,10,7,23,14
892400823	ID:9	[LIST] Quarantine: (none)
892404320	ID:9	[LIST] Blacklist: (none)
892410300	ID:9	FUZZRID,DET,4,935,935,0,0,0,0,0,0,9,0,0,0
892425992	ID:3	[HFS] ra=0 si=0 cx=48 ac=0
892429690	ID:3	[LIST] Neighbors: 31,4,14
892433327	ID:3	[LIST] Quarantine: (none)
892436824	ID:3	[LIST] Blacklist: (none)
892442919	ID:3	FUZZRID,DET,4,935,935,0,0,0,0,0,0,21,0,0,0
892486118	ID:21	[HFS] ra=0 si=0 cx=47 ac=0
892489782	ID:21	[LIST] Neighbors: 28,4,31
892493419	ID:21	[LIST] Quarantine: (none)
892496915	ID:21	[LIST] Blacklist: (none)
892503042	ID:21	FUZZRID,DET,4,935,935,0,0,0,0,0,0,23,0,0,0
892568821	ID:1	[PKT-RX] DATA bytes=14 from=10 seq=25
893404743	ID:4	[HFS] ra=0 si=0 cx=49 ac=0
893409820	ID:4	[LIST] Neighbors: 28,9,31,7,3,14,21
893413457	ID:4	[LIST] Quarantine: (none)
893416954	ID:4	[LIST] Blacklist: (none)
893423290	ID:4	FUZZRID,DET,7,1419,1419,0,0,0,0,0,0,3,0,0,0
893506811	ID:14	[HFS] ra=0 si=0 cx=49 ac=0
893510908	ID:14	[LIST] Neighbors: 31,4,7,9,3
893514545	ID:14	[LIST] Quarantine: (none)
893518042	ID:14	[LIST] Blacklist: (none)
893524359	ID:14	FUZZRID,DET,7,1419,1419,0,0,0,0,0,0,4,0,0,0
893708107	ID:6	[PKT-TX] DATA bytes=13  seq=25 
893823883	ID:1	[PKT-RX] DATA bytes=13 from=6 seq=25
895023487	ID:2	[HFS] ra=0 si=0 cx=49 ac=0
895028137	ID:2	[LIST] Neighbors: 16,5,30,6,12,8
895031774	ID:2	[LIST] Quarantine: (none)
895035271	ID:2	[LIST] Blacklist: (none)
895041588	ID:2	FUZZRID,DET,8,1354,1354,0,0,0,0,0,0,1,0,0,0
895865147	ID:8	[PKT-TX] DATA bytes=13  seq=25 
896068826	ID:1	[PKT-RX] DATA bytes=13 from=8 seq=25
898038142	ID:3	[PKT-TX] DATA bytes=13  seq=25 
898247352	ID:1	[PKT-RX] DATA bytes=13 from=3 seq=25
898423959	ID:3	[PKT-RTT] seq=25,rtt_delay_ms=187
900160179	ID:18	 115203 P 0.0 14 524383 28964179 175247 281703 0 204294 35427 1930496 11553 19079 0 13512 (radio 1.-91% / 1.55% tx 0.59% / 0.58% listen 0.95% / 0.97%)
900188378	ID:16	 115203 P 0.0 14 1132160 28356463 345534 480317 0 332454 83087 1882722 30438 33979 0 19755 (radio 2.-66% / 3.27% tx 1.17% / 1.54% listen 1.-83% / 1.72%)
900326073	ID:3	 115203 P 0.0 14 572673 28916786 186500 305874 0 232035 29111 1936851 5402 18550 0 15802 (radio 1.-79% / 1.21% tx 0.63% / 0.27% listen 1.03% / 0.94%)
900348672	ID:23	 115203 P 0.0 14 546440 28942078 197166 276039 0 198367 20703 1945330 3173 13632 0 12123 (radio 1.-86% / 0.85% tx 0.66% / 0.16% listen 0.93% / 0.69%)
900374253	ID:25	 115203 P 0.0 14 1106081 28382141 324478 504588 0 354996 73671 1892101 21636 33581 0 21814 (radio 2.-65% / 2.80% tx 1.10% / 1.10% listen 1.-75% / 1.70%)
900417433	ID:11	 115203 P 0.0 14 842351 28647129 247675 406940 0 283517 53610 1912342 13954 24916 0 17191 (radio 2.-124% / 1.97% tx 0.83% / 0.70% listen 1.37% / 1.26%)
900558571	ID:19	 115203 P 0.0 14 2053795 27434796 754518 732464 0 310517 104539 1860723 30837 39907 0 18684 (radio 5.-433% / 3.59% tx 2.-90% / 1.56% listen 2.-98% / 2.03%)
900564634	ID:20	 115203 P 0.0 14 941498 28546978 254061 406485 0 300792 53252 1912790 12792 23956 0 17663 (radio 2.-122% / 1.86% tx 0.86% / 0.65% listen 1.37% / 1.21%)
900580390	ID:10	 115203 P 0.0 14 1000116 28489880 313945 509126 0 386531 71072 1894918 26099 33721 0 23282 (radio 2.-67% / 3.04% tx 1.06% / 1.32% listen 1.-73% / 1.71%)
900680666	ID:4	 115203 P 0.0 14 861138 28628851 259624 363480 0 249168 70518 1895307 25478 25007 0 14712 (radio 2.-135% / 2.56% tx 0.88% / 1.29% listen 1.23% / 1.27%)
900716921	ID:8	 115203 P 0.0 14 713931 28775592 186350 320026 0 240882 43956 1921883 12677 21801 0 15704 (radio 1.-74% / 1.75% tx 0.63% / 0.64% listen 1.08% / 1.10%)
900737804	ID:18	[PKT-TX] DATA bytes=14  seq=26 
900780172	ID:14	 115203 P 0.0 14 998514 28489925 373681 395378 0 218507 73714 1892141 29728 27076 0 12825 (radio 2.-85% / 2.88% tx 1.26% / 1.51% listen 1.34% / 1.37%)
900812801	ID:7	 115203 P 0.0 14 663819 28824966 170903 312634 0 247340 34496 1931425 6355 18156 0 16096 (radio 1.-82% / 1.24% tx 0.57% / 0.32% listen 1.06% / 0.92%)
900829041	ID:1	 115205 P 0.0 14 1714675 27775355 759294 28730747 0 0 120761 1845242 55707 1910121 0 0 (radio 100.-9904% / 99.-8640% tx 2.-89% / 2.83% listen 97.-9570% / 97.-8723%)
900833255	ID:15	 115203 P 0.0 14 1891951 27596420 635994 683768 0 250229 125641 1839791 40505 46014 0 15194 (radio 4.-390% / 4.40% tx 2.-130% / 2.06% listen 2.-114% / 2.34%)
900833721	ID:17	 115203 P 0.0 14 1617662 27871070 645621 654849 0 366971 75836 1890225 23771 36814 0 24627 (radio 4.-396% / 3.08% tx 2.-127% / 1.20% listen 2.-124% / 1.87%)
900912111	ID:6	 115203 P 0.0 14 1018135 28471600 261991 469897 0 329645 50905 1915128 11502 26684 0 19821 (radio 2.-98% / 1.94% tx 0.88% / 0.58% listen 1.-87% / 1.35%)
900921737	ID:2	 115203 P 0.0 14 752879 28736524 213474 339301 0 254359 33669 1932184 5462 18702 0 15738 (radio 1.-59% / 1.22% tx 0.72% / 0.27% listen 1.15% / 0.95%)
900955184	ID:22	 115203 P 0.0 14 643750 28845280 190975 318285 0 240341 46176 1919841 14398 21863 0 15001 (radio 1.-73% / 1.84% tx 0.64% / 0.73% listen 1.07% / 1.11%)
901025442	ID:12	 115203 P 0.0 14 798035 28690251 270357 336486 0 236403 38719 1927167 11170 18247 0 14436 (radio 2.-140% / 1.49% tx 0.91% / 0.56% listen 1.14% / 0.92%)
901041388	ID:9	 115203 P 0.0 14 971670 28518293 332693 392844 0 251557 42621 1923442 6465 19779 0 15657 (radio 2.-100% / 1.33% tx 1.12% / 0.32% listen 1.33% / 1.00%)
901084188	ID:24	 115203 P 0.0 14 1253849 28235313 539506 465211 0 234460 88780 1877105 40410 33632 0 15684 (radio 3.-251% / 3.76% tx 1.-63% / 2.05% listen 1.-88% / 1.71%)
901135408	ID:5	 115203 P 0.0 14 903315 28586315 307397 384951 0 267935 28963 1936994 3537 18253 0 16423 (radio 2.-111% / 1.10% tx 1.04% / 0.17% listen 1.30% / 0.92%)
901136775	ID:21	 115203 P 0.0 14 734233 28756195 197014 381069 0 237420 43781 1922280 8226 24359 0 14994 (radio 1.-50% / 1.65% tx 0.66% / 0.41% listen 1.29% / 1.23%)
901140720	ID:13	 115203 P 0.0 14 447975 29040625 131048 256108 0 210005 25136 1940902 5194 17032 0 14401 (radio 1.31% / 1.13% tx 0.44% / 0.26% listen 0.86% / 0.86%)
901318483	ID:1	[PKT-RX] DATA bytes=14 from=18 seq=26
901755974	ID:14	[HFS] ra=0 si=0 cx=49 ac=0
901756801	ID:18	[PKT-RTT] seq=26,rtt_delay_ms=507
901760069	ID:14	[LIST] Neighbors: 31,4,7,9,3
901763706	ID:14	[LIST] Quarantine: (none)
901767203	ID:14	[LIST] Blacklist: (none)
901773299	ID:14	FUZZRID,DET,4,903,903,0,0,0,0,0,0,18,0,0,0
901825909	ID:17	[HFS] ra=0 si=0 cx=49 ac=0
901831851	ID:17	[LIST] Neighbors: 26,19,16,10,24,29,25,30
901835488	ID:17	[LIST] Quarantine: (none)
901838984	ID:17	[LIST] Blacklist: (none)
901845108	ID:17	FUZZRID,DET,25,847,847,0,0,0,0,0,0,4,0,0,0
901994013	ID:12	[PKT-TX] DATA bytes=14  seq=26 
902012007	ID:9	[PKT-TX] DATA bytes=13  seq=26 
902158566	ID:7	[PKT-TX] DATA bytes=13  seq=26 
902194328	ID:1	[PKT-RX] DATA bytes=14 from=12 seq=26
902222235	ID:15	[PKT-TX] DATA bytes=14  seq=26 
902238923	ID:1	[PKT-RX] DATA bytes=14 from=15 seq=26
902247685	ID:1	[PKT-RX] DATA bytes=13 from=9 seq=26
902496457	ID:1	[PKT-RX] DATA bytes=13 from=7 seq=26
902787170	ID:7	[PKT-RTT] seq=26,rtt_delay_ms=312
907414063	ID:16	[HFS] ra=0 si=0 cx=49 ac=0
907419713	ID:16	[LIST] Neighbors: 19,17,30,24,29,25,2,8
907423350	ID:16	[LIST] Quarantine: (none)
907426846	ID:16	[LIST] Blacklist: (none)
907433176	ID:16	FUZZRID,DET,2,1396,1396,0,0,0,0,0,0,2,0,0,0
910576126	ID:3	[PKT-TX] DATA bytes=13  seq=26 
910747156	ID:1	[PKT-RX] DATA bytes=13 from=3 seq=26
910928386	ID:3	[HFS] ra=0 si=0 cx=49 ac=0
910932051	ID:3	[LIST] Neighbors: 31,4,14
910935687	ID:3	[LIST] Quarantine: (none)
910939195	ID:3	[LIST] Blacklist: (none)
910945651	ID:3	FUZZRID,DET,14,1161,1161,0,0,0,0,0,0,2,0,0,0
911031980	ID:4	[HFS] ra=0 si=0 cx=49 ac=0
911037057	ID:4	[LIST] Neighbors: 28,9,31,7,3,14,21
911040163	ID:7	[HFS] ra=0 si=0 cx=49 ac=0
911040694	ID:4	[LIST] Quarantine: (none)
911044191	ID:4	[LIST] Blacklist: (none)
911044534	ID:7	[LIST] Neighbors: 4,23,29,9,14
911048170	ID:7	[LIST] Quarantine: (none)
911050668	ID:4	FUZZRID,DET,14,1161,1161,0,0,0,0,0,0,0,0,0,0
911051667	ID:7	[LIST] Blacklist: (none)
911058122	ID:7	FUZZRID,DET,14,1161,1161,0,0,0,0,0,0,1,0,0,0
911173506	ID:3	[PKT-RTT] seq=26,rtt_delay_ms=296
912320647	ID:13	[PKT-TX] DATA bytes=14  seq=26 
912942881	ID:1	[PKT-RX] DATA bytes=14 from=13 seq=26
913486924	ID:13	[PKT-RTT] seq=26,rtt_delay_ms=578
914892872	ID:10	[PKT-TX] DATA bytes=14  seq=26 
915069617	ID:1	[PKT-RX] DATA bytes=14 from=10 seq=26
917786748	ID:20	[PKT-TX] DATA bytes=14  seq=26 
917942498	ID:1	[PKT-RX] DATA bytes=14 from=20 seq=26
917984327	ID:16	[PKT-TX] DATA bytes=14  seq=26 
918175946	ID:22	[PKT-TX] DATA bytes=14  seq=26 
918259222	ID:1	[PKT-RX] DATA bytes=14 from=22 seq=26
918568120	ID:1	[PKT-RX] DATA bytes=14 from=16 seq=26
919286826	ID:20	[PKT-RTT] seq=26,rtt_delay_ms=750
919598582	ID:24	[PKT-TX] DATA bytes=14  seq=26 
919823966	ID:1	[PKT-RX] DATA bytes=14 from=24 seq=26
920598121	ID:21	[PKT-TX] DATA bytes=14  seq=26 
920615553	ID:1	[PKT-RX] DATA bytes=14 from=21 seq=26
920732633	ID:21	[PKT-RTT] seq=26,rtt_delay_ms=62
920849515	ID:8	[PKT-TX] DATA bytes=13  seq=26 
921067568	ID:1	[PKT-RX] DATA bytes=13 from=8 seq=26
921403462	ID:23	[PKT-TX] DATA bytes=14  seq=26 
921749570	ID:1	[PKT-RX] DATA bytes=14 from=23 seq=26
922331783	ID:19	[PKT-TX] DATA bytes=14  seq=26 
922442140	ID:1	[PKT-RX] DATA bytes=14 from=19 seq=26
922496253	ID:17	[PKT-TX] DATA bytes=14  seq=26 
922905691	ID:19	[PKT-RTT] seq=26,rtt_delay_ms=281
923068723	ID:1	[PKT-RX] DATA bytes=14 from=17 seq=26
925093700	ID:25	[PKT-TX] DATA bytes=14  seq=26 
925192254	ID:1	[PKT-RX] DATA bytes=14 from=25 seq=26
925253159	ID:5	[PKT-TX] DATA bytes=13  seq=26 
925441553	ID:1	[PKT-RX] DATA bytes=13 from=5 seq=26
925619442	ID:4	[PKT-TX] DATA bytes=13  seq=26 
925658891	ID:11	[PKT-TX] DATA bytes=14  seq=26 
925767412	ID:1	[PKT-RX] DATA bytes=14 from=11 seq=26
925852144	ID:2	[PKT-TX] DATA bytes=13  seq=26 
926037344	ID:1	[PKT-RX] DATA bytes=13 from=2 seq=26
926309600	ID:6	[PKT-TX] DATA bytes=13  seq=26 
926371824	ID:1	[PKT-RX] DATA bytes=13 from=4 seq=26
926442691	ID:1	[PKT-RX] DATA bytes=13 from=6 seq=26
928506290	ID:14	[PKT-TX] DATA bytes=14  seq=26 
928622591	ID:1	[PKT-RX] DATA bytes=14 from=14 seq=26
929447705	ID:23	[HFS] ra=0 si=0 cx=49 ac=0
929450783	ID:23	[LIST] Neighbors: 7,9
929454419	ID:23	[LIST] Quarantine: (none)
929457916	ID:23	[LIST] Blacklist: (none)
929464231	ID:23	FUZZRID,DET,7,1444,1444,0,0,0,0,0,0,5,0,0,0
929550859	ID:3	[HFS] ra=0 si=0 cx=49 ac=0
929554523	ID:3	[LIST] Neighbors: 31,4,14
929558160	ID:3	[LIST] Quarantine: (none)
929561678	ID:3	[LIST] Blacklist: (none)
929567772	ID:3	FUZZRID,DET,4,928,928,0,0,0,0,0,0,19,0,0,0
929610986	ID:21	[HFS] ra=0 si=0 cx=48 ac=0
929614684	ID:21	[LIST] Neighbors: 28,4,31
929618321	ID:21	[LIST] Quarantine: (none)
929621818	ID:21	[LIST] Blacklist: (none)
929627912	ID:21	FUZZRID,DET,4,928,928,0,0,0,0,0,0,21,0,0,0
929628104	ID:14	[HFS] ra=0 si=0 cx=49 ac=0
929632182	ID:14	[LIST] Neighbors: 31,4,7,9,3
929635819	ID:14	[LIST] Quarantine: (none)
929639316	ID:14	[LIST] Blacklist: (none)
929640919	ID:9	[HFS] ra=0 si=0 cx=49 ac=0
929645410	ID:14	FUZZRID,DET,4,928,928,0,0,0,0,0,0,16,0,0,0
929646128	ID:9	[LIST] Neighbors: 4,25,29,10,7,23,14
929649765	ID:9	[LIST] Quarantine: (none)
929653262	ID:9	[LIST] Blacklist: (none)
929659220	ID:9	FUZZRID,DET,4,928,928,0,0,0,0,0,0,8,0,0,0
929662025	ID:7	[HFS] ra=0 si=0 cx=48 ac=0
929666415	ID:7	[LIST] Neighbors: 4,23,29,9,14
929670052	ID:7	[LIST] Quarantine: (none)
929673550	ID:7	[LIST] Blacklist: (none)
929679644	ID:7	FUZZRID,DET,4,928,928,0,0,0,0,0,0,21,0,0,0
931539964	ID:20	[HFS] ra=0 si=0 cx=49 ac=0
931545614	ID:20	[LIST] Neighbors: 26,30,19,6,12,5,22,11
931549251	ID:20	[LIST] Quarantine: (none)
931552747	ID:20	[LIST] Blacklist: (none)
931558842	ID:20	FUZZRID,DET,19,798,798,0,0,0,0,0,0,0,0,0,0
931663240	ID:7	[HFS] ra=0 si=0 cx=49 ac=0
931667597	ID:7	[LIST] Neighbors: 4,23,29,9,14
931671234	ID:7	[LIST] Quarantine: (none)
931674730	ID:7	[LIST] Blacklist: (none)
931681185	ID:7	FUZZRID,DET,23,1726,1726,0,0,0,0,0,0,7,0,0,0
931793121	ID:17	[PKT-TX] DATA bytes=14  seq=27 
931880434	ID:14	[HFS] ra=0 si=0 cx=49 ac=0
931884512	ID:14	[LIST] Neighbors: 31,4,7,9,3
931888149	ID:14	[LIST] Quarantine: (none)
931891646	ID:14	[LIST] Blacklist: (none)
931897958	ID:14	FUZZRID,DET,7,1281,1281,0,0,0,0,0,0,7,0,0,0
931906678	ID:4	[HFS] ra=0 si=0 cx=49 ac=0
931911758	ID:4	[LIST] Neighbors: 28,9,31,7,3,14,21
931915395	ID:4	[LIST] Quarantine: (none)
931918892	ID:4	[LIST] Blacklist: (none)
931925205	ID:4	FUZZRID,DET,7,1281,1281,0,0,0,0,0,0,7,0,0,0
931943544	ID:1	[PKT-RX] DATA bytes=14 from=17 seq=27
931948237	ID:23	[HFS] ra=0 si=0 cx=49 ac=0
931951325	ID:23	[LIST] Neighbors: 7,9
931954962	ID:23	[LIST] Quarantine: (none)
931958458	ID:23	[LIST] Blacklist: (none)
931964771	ID:23	FUZZRID,DET,7,1281,1281,0,0,0,0,0,0,8,0,0,0
932459265	ID:25	[PKT-TX] DATA bytes=14  seq=27 
932567987	ID:1	[PKT-RX] DATA bytes=14 from=25 seq=27
932898706	ID:28	[ATK-FAKE-RANK]  true_rank=512 fake_rank=732 t=11720s
933031935	ID:4	[HFS] ra=74 si=49 cx=49 ac=82
933037038	ID:4	[LIST] Neighbors: 28,9,31,7,3,14,21
933040675	ID:4	[LIST] Quarantine: (none)
933044172	ID:4	[LIST] Blacklist: (none)
933051460	ID:4	FUZZRID,DET,28,732,512,220,0,82,100,10,0,2,0,82,75
933310098	ID:17	[HFS] ra=0 si=0 cx=49 ac=0
933310431	ID:24	[HFS] ra=0 si=0 cx=49 ac=0
933315374	ID:24	[LIST] Neighbors: 17,16,18,10,13,8
933316041	ID:17	[LIST] Neighbors: 26,19,16,10,24,29,25,30
933319025	ID:24	[LIST] Quarantine: (none)
933319678	ID:17	[LIST] Quarantine: (none)
933322522	ID:24	[LIST] Blacklist: (none)
933323174	ID:17	[LIST] Blacklist: (none)
933328978	ID:24	FUZZRID,DET,10,1261,1261,0,0,0,0,0,0,7,0,0,0
933329808	ID:17	FUZZRID,DET,10,1261,1261,0,0,0,0,0,0,12,0,0,0
933357195	ID:25	[HFS] ra=0 si=0 cx=49 ac=0
933362991	ID:25	[LIST] Neighbors: 15,26,17,10,30,9,16,29
933366628	ID:25	[LIST] Quarantine: (none)
933370124	ID:25	[LIST] Blacklist: (none)
933376584	ID:25	FUZZRID,DET,10,1261,1261,0,0,0,0,0,0,7,0,0,0
935040241	ID:16	[HFS] ra=0 si=0 cx=49 ac=0
935045891	ID:16	[LIST] Neighbors: 19,17,30,24,29,25,2,8
935049528	ID:16	[LIST] Quarantine: (none)
935053024	ID:16	[LIST] Blacklist: (none)
935059478	ID:16	FUZZRID,DET,17,1126,1126,0,0,0,0,0,0,9,0,0,0
935622952	ID:8	[PKT-TX] DATA bytes=13  seq=27 
935817782	ID:1	[PKT-RX] DATA bytes=13 from=8 seq=27
936891876	ID:12	[PKT-TX] DATA bytes=14  seq=27 
937067651	ID:1	[PKT-RX] DATA bytes=14 from=12 seq=27
938918976	ID:6	[PKT-TX] DATA bytes=13  seq=27 
939066948	ID:1	[PKT-RX] DATA bytes=13 from=6 seq=27
939404720	ID:14	[PKT-TX] DATA bytes=14  seq=27 
939437528	ID:7	[PKT-TX] DATA bytes=13  seq=27 
939497505	ID:1	[PKT-RX] DATA bytes=14 from=14 seq=27
939748774	ID:1	[PKT-RX] DATA bytes=13 from=7 seq=27
940284657	ID:7	[PKT-RTT] seq=27,rtt_delay_ms=421
940632620	ID:14	[HFS] ra=0 si=0 cx=49 ac=0
940636698	ID:14	[LIST] Neighbors: 31,4,7,9,3
940640343	ID:14	[LIST] Quarantine: (none)
940643839	ID:14	[LIST] Blacklist: (none)
940650157	ID:14	FUZZRID,DET,3,1255,1255,0,0,0,0,0,0,1,0,0,0
940879692	ID:14	[HFS] ra=0 si=0 cx=49 ac=0
940883803	ID:14	[LIST] Neighbors: 31,4,7,9,3
940887440	ID:14	[LIST] Quarantine: (none)
940890937	ID:14	[LIST] Blacklist: (none)
940893328	ID:9	[HFS] ra=0 si=0 cx=49 ac=0
940897249	ID:14	FUZZRID,DET,7,1284,1284,0,0,0,0,0,0,6,0,0,0
940898537	ID:9	[LIST] Neighbors: 4,25,29,10,7,23,14
940902208	ID:9	[LIST] Quarantine: (none)
940905705	ID:9	[LIST] Blacklist: (none)
940905739	ID:4	[HFS] ra=0 si=0 cx=49 ac=0
940910818	ID:4	[LIST] Neighbors: 28,9,31,7,3,14,21
940912017	ID:9	FUZZRID,DET,7,1284,1284,0,0,0,0,0,0,5,0,0,0
940914455	ID:4	[LIST] Quarantine: (none)
940917952	ID:4	[LIST] Blacklist: (none)
940924264	ID:4	FUZZRID,DET,7,1284,1284,0,0,0,0,0,0,7,0,0,0
940947545	ID:23	[HFS] ra=0 si=0 cx=49 ac=0
940950622	ID:23	[LIST] Neighbors: 7,9
940954262	ID:23	[LIST] Quarantine: (none)
940957759	ID:23	[LIST] Blacklist: (none)
940964071	ID:23	FUZZRID,DET,7,1284,1284,0,0,0,0,0,0,8,0,0,0
940988355	ID:20	[PKT-TX] DATA bytes=14  seq=27 
941066947	ID:1	[PKT-RX] DATA bytes=14 from=20 seq=27
941286471	ID:20	[PKT-RTT] seq=27,rtt_delay_ms=148
941291317	ID:4	[PKT-TX] DATA bytes=13  seq=27 
941371213	ID:1	[PKT-RX] DATA bytes=13 from=4 seq=27
941377887	ID:22	[PKT-TX] DATA bytes=14  seq=27 
941508544	ID:1	[PKT-RX] DATA bytes=14 from=22 seq=27
942300770	ID:21	[PKT-TX] DATA bytes=14  seq=27 
942317511	ID:1	[PKT-RX] DATA bytes=14 from=21 seq=27
942358751	ID:21	[PKT-RTT] seq=27,rtt_delay_ms=23
942801323	ID:3	[HFS] ra=0 si=0 cx=49 ac=0
942805012	ID:3	[LIST] Neighbors: 31,4,14
942808649	ID:3	[LIST] Quarantine: (none)
942812146	ID:3	[LIST] Blacklist: (none)
942818601	ID:3	FUZZRID,DET,14,1132,1132,0,0,0,0,0,0,2,0,0,0
944156585	ID:13	[PKT-TX] DATA bytes=14  seq=27 
944565790	ID:1	[PKT-RX] DATA bytes=14 from=13 seq=27
945556782	ID:22	[HFS] ra=0 si=0 cx=49 ac=0
945561446	ID:22	[LIST] Neighbors: 15,26,11,20,27
945565082	ID:22	[LIST] Quarantine: (none)
945568583	ID:22	[LIST] Blacklist: (none)
945574677	ID:22	FUZZRID,DET,15,512,512,0,0,0,0,0,0,5,0,0,0
946374191	ID:31	[ATK-FAKE-RANK]  true_rank=775 fake_rank=968 t=11720s
946425014	ID:3	[HFS] ra=74 si=48 cx=49 ac=82
946428679	ID:3	[LIST] Neighbors: 31,4,14
946432316	ID:3	[LIST] Quarantine: (none)
946435813	ID:3	[LIST] Blacklist: (none)
946443127	ID:3	FUZZRID,DET,31,968,775,193,0,71,100,23,0,3,0,82,75
946476328	ID:25	[HFS] ra=0 si=0 cx=49 ac=0
946482124	ID:25	[LIST] Neighbors: 15,26,17,10,30,9,16,29
946485761	ID:25	[LIST] Quarantine: (none)
946489258	ID:25	[LIST] Blacklist: (none)
946495713	ID:25	FUZZRID,DET,9,1385,1385,0,0,0,0,0,0,12,0,0,0
946505143	ID:14	[HFS] ra=0 si=0 cx=49 ac=0
946509230	ID:14	[LIST] Neighbors: 31,4,7,9,3
946512867	ID:14	[LIST] Quarantine: (none)
946516364	ID:14	[LIST] Blacklist: (none)
946522819	ID:14	FUZZRID,DET,9,1385,1385,0,0,0,0,0,0,15,0,0,0
946530881	ID:4	[HFS] ra=0 si=0 cx=49 ac=0
946535958	ID:4	[LIST] Neighbors: 28,9,31,7,3,14,21
946539493	ID:7	[HFS] ra=0 si=0 cx=49 ac=0
946539595	ID:4	[LIST] Quarantine: (none)
946543092	ID:4	[LIST] Blacklist: (none)
946543850	ID:7	[LIST] Neighbors: 4,23,29,9,14
946547487	ID:7	[LIST] Quarantine: (none)
946549547	ID:4	FUZZRID,DET,9,1385,1385,0,0,0,0,0,0,16,0,0,0
946550983	ID:7	[LIST] Blacklist: (none)
946556865	ID:10	[HFS] ra=0 si=0 cx=48 ac=0
946557438	ID:7	FUZZRID,DET,9,1385,1385,0,0,0,0,0,0,12,0,0,0
946562661	ID:10	[LIST] Neighbors: 19,25,17,16,9,24,29,30
946566298	ID:10	[LIST] Quarantine: (none)
946569795	ID:10	[LIST] Blacklist: (none)
946572828	ID:23	[HFS] ra=0 si=0 cx=49 ac=0
946575905	ID:23	[LIST] Neighbors: 7,9
946576249	ID:10	FUZZRID,DET,9,1385,1385,0,0,0,0,0,0,21,0,0,0
946579542	ID:23	[LIST] Quarantine: (none)
946583039	ID:23	[LIST] Blacklist: (none)
946589493	ID:23	FUZZRID,DET,9,1385,1385,0,0,0,0,0,0,11,0,0,0
949487534	ID:5	[PKT-TX] DATA bytes=13  seq=27 
949567569	ID:1	[PKT-RX] DATA bytes=13 from=5 seq=27
949604998	ID:18	[PKT-TX] DATA bytes=14  seq=27 
950442232	ID:1	[PKT-RX] DATA bytes=14 from=18 seq=27
950573642	ID:23	[HFS] ra=0 si=0 cx=49 ac=0
950576745	ID:23	[LIST] Neighbors: 7,9
950580382	ID:23	[LIST] Quarantine: (none)
950583879	ID:23	[LIST] Blacklist: (none)
950590191	ID:23	FUZZRID,DET,7,1284,1284,0,0,0,0,0,0,7,0,0,0
950629681	ID:14	[HFS] ra=0 si=0 cx=49 ac=0
950633793	ID:14	[LIST] Neighbors: 31,4,7,9,3
950637429	ID:14	[LIST] Quarantine: (none)
950640926	ID:14	[LIST] Blacklist: (none)
950643113	ID:9	[HFS] ra=0 si=0 cx=49 ac=0
950647238	ID:14	FUZZRID,DET,7,1284,1284,0,0,0,0,0,0,6,0,0,0
950648346	ID:9	[LIST] Neighbors: 4,25,29,10,7,23,14
950651983	ID:9	[LIST] Quarantine: (none)
950655480	ID:9	[LIST] Blacklist: (none)
950655798	ID:4	[HFS] ra=0 si=0 cx=49 ac=0
950660876	ID:4	[LIST] Neighbors: 28,9,31,7,3,14,21
950661792	ID:9	FUZZRID,DET,7,1284,1284,0,0,0,0,0,0,5,0,0,0
950664512	ID:4	[LIST] Quarantine: (none)
950668009	ID:4	[LIST] Blacklist: (none)
950674321	ID:4	FUZZRID,DET,7,1284,1284,0,0,0,0,0,0,7,0,0,0
952220101	ID:10	[PKT-TX] DATA bytes=14  seq=27 
952319513	ID:1	[PKT-RX] DATA bytes=14 from=10 seq=27
952435879	ID:26	[ATK-FAKE-RANK]  true_rank=824 fake_rank=1089 t=11720s
952723582	ID:24	[PKT-TX] DATA bytes=14  seq=27 
952944513	ID:1	[PKT-RX] DATA bytes=14 from=24 seq=27
954922449	ID:2	[PKT-TX] DATA bytes=13  seq=27 
954995680	ID:15	[PKT-TX] DATA bytes=14  seq=27 
955012325	ID:1	[PKT-RX] DATA bytes=14 from=15 seq=27
955066400	ID:1	[PKT-RX] DATA bytes=13 from=2 seq=27
955545107	ID:3	[PKT-TX] DATA bytes=13  seq=27 
956997498	ID:1	[PKT-RX] DATA bytes=13 from=3 seq=27
957172032	ID:3	[PKT-RTT] seq=27,rtt_delay_ms=812
957739403	ID:23	[PKT-TX] DATA bytes=14  seq=27 
957999601	ID:1	[PKT-RX] DATA bytes=14 from=23 seq=27
958444968	ID:23	[PKT-RTT] seq=27,rtt_delay_ms=351
958934320	ID:24	[HFS] ra=0 si=0 cx=48 ac=0
958939263	ID:24	[LIST] Neighbors: 17,16,18,10,13,8
958942900	ID:24	[LIST] Quarantine: (none)
958946403	ID:24	[LIST] Blacklist: (none)
958952997	ID:24	FUZZRID,DET,13,2104,2104,0,0,0,0,0,0,21,0,0,0
959393266	ID:11	[PKT-TX] DATA bytes=14  seq=27 
959441629	ID:1	[PKT-RX] DATA bytes=14 from=11 seq=27
959624959	ID:16	[PKT-TX] DATA bytes=14  seq=27 
959691370	ID:1	[PKT-RX] DATA bytes=14 from=16 seq=27
959863040	ID:19	[PKT-TX] DATA bytes=14  seq=27 
960035519	ID:16	[PKT-RTT] seq=27,rtt_delay_ms=203
960159888	ID:18	 122883 P 0.0 15 551374 30902980 182049 298372 0 217142 26990 1938801 6802 16669 0 12848 (radio 1.-84% / 1.19% tx 0.57% / 0.34% listen 0.94% / 0.84%)
960193766	ID:16	 122883 P 0.0 15 1190908 30263931 358828 505423 0 349867 58747 1907468 13294 25106 0 17413 (radio 2.-199% / 1.95% tx 1.14% / 0.67% listen 1.-76% / 1.27%)
960214852	ID:9	[PKT-TX] DATA bytes=13  seq=27 
960326339	ID:3	 122883 P 0.0 15 614947 30840486 199812 327930 0 248229 42272 1923700 13312 22056 0 16194 (radio 1.-69% / 1.79% tx 0.63% / 0.67% listen 1.04% / 1.12%)
960348666	ID:23	 122883 P 0.0 15 575368 30878912 201876 292112 0 211308 28926 1936834 4710 16073 0 12941 (radio 1.-80% / 1.05% tx 0.64% / 0.23% listen 0.92% / 0.81%)
960374421	ID:25	 122883 P 0.0 15 1158556 30295605 335939 529636 0 374640 52474 1913464 11461 25048 0 19644 (radio 2.-198% / 1.85% tx 1.06% / 0.58% listen 1.-69% / 1.27%)
960417089	ID:11	 122883 P 0.0 15 878273 30577257 252302 426643 0 299518 35920 1930128 4627 19703 0 16001 (radio 2.-121% / 1.23% tx 0.80% / 0.23% listen 1.35% / 1.00%)
960564311	ID:20	 122883 P 0.0 15 987539 30466936 262976 427457 0 316697 46039 1919958 8915 20972 0 15905 (radio 2.-118% / 1.52% tx 0.83% / 0.45% listen 1.35% / 1.06%)
960580108	ID:10	 122883 P 0.0 15 1039403 30416643 320833 533462 0 408598 39286 1926763 6888 24336 0 22067 (radio 2.-65% / 1.58% tx 1.01% / 0.35% listen 1.-67% / 1.23%)
960680678	ID:4	 122883 P 0.0 15 948749 30507156 292443 393157 0 265376 87610 1878305 32819 29677 0 16208 (radio 2.-119% / 3.17% tx 0.92% / 1.66% listen 1.24% / 1.50%)
960693605	ID:1	[PKT-RX] DATA bytes=14 from=19 seq=27
960707880	ID:19	 122902 P 0.0 15 2171512 29288013 800153 771669 0 324726 117716 1853217 45635 39205 0 14209 (radio 4.-310% / 4.30% tx 2.-83% / 2.31% listen 2.-92% / 1.98%)
960716651	ID:8	 122883 P 0.0 15 742877 30712706 189592 335619 0 254640 28945 1937114 3242 15593 0 13758 (radio 1.-70% / 0.95% tx 0.60% / 0.16% listen 1.06% / 0.79%)
960780469	ID:14	 122883 P 0.0 15 1068419 30385856 396935 421486 0 232630 69904 1895931 23254 26108 0 14123 (radio 2.-77% / 2.51% tx 1.26% / 1.18% listen 1.33% / 1.32%)
960813073	ID:7	 122883 P 0.0 15 719009 30735771 187651 333575 0 263351 55189 1910805 16748 20941 0 16011 (radio 1.-71% / 1.91% tx 0.59% / 0.85% listen 1.06% / 1.06%)
960833754	ID:17	 122883 P 0.0 15 1705449 29749226 677415 690070 0 386376 87785 1878156 31794 35221 0 19405 (radio 4.-375% / 3.40% tx 2.-122% / 1.61% listen 2.-118% / 1.79%)
960845963	ID:15	 122884 P 0.0 15 1979772 29474860 658250 720233 0 266533 87819 1878440 22256 36465 0 16304 (radio 4.-372% / 2.98% tx 2.-128% / 1.13% listen 2.-108% / 1.85%)
960865509	ID:1	 122889 P 0.0 15 1844565 29612684 821589 30635534 0 0 129888 1837329 62295 1904786 0 0 (radio 99.-9867% / 99.-8634% tx 2.-76% / 3.16% listen 97.-9656% / 96.-8651%)
960911809	ID:6	 122883 P 0.0 15 1056833 30398850 267066 492805 0 348844 38697 1927250 5075 22908 0 19199 (radio 2.-95% / 1.42% tx 0.84% / 0.25% listen 1.-80% / 1.16%)
960921748	ID:2	 122883 P 0.0 15 788318 30667107 219856 356621 0 268011 35438 1930583 6382 17320 0 13652 (radio 1.-54% / 1.20% tx 0.69% / 0.32% listen 1.13% / 0.88%)
960954880	ID:22	 122883 P 0.0 15 672090 30782891 194701 333847 0 253900 28339 1937611 3726 15562 0 13559 (radio 1.-69% / 0.98% tx 0.61% / 0.18% listen 1.06% / 0.79%)
961024933	ID:12	 122883 P 0.0 15 822099 30631919 271762 350692 0 249757 24063 1941668 1405 14206 0 13354 (radio 1.-39% / 0.79% tx 0.86% / 0.07% listen 1.11% / 0.72%)
961042854	ID:9	 122883 P 0.0 15 1032989 30423077 352238 416134 0 266901 61317 1904784 19545 23290 0 15344 (radio 2.-93% / 2.17% tx 1.11% / 0.99% listen 1.32% / 1.18%)
961070869	ID:2	[PKT-TX] DATA bytes=13  seq=28 
961084165	ID:24	 122883 P 0.0 15 1309854 30145294 558368 487758 0 248246 56003 1909981 18862 22547 0 13786 (radio 3.-241% / 2.10% tx 1.-60% / 0.95% listen 1.-82% / 1.14%)
961135449	ID:5	 122883 P 0.0 15 931482 30524148 310254 402012 0 283523 28165 1937833 2857 17061 0 15588 (radio 2.-111% / 1.01% tx 0.98% / 0.14% listen 1.27% / 0.86%)
961137167	ID:21	 122883 P 0.0 15 798652 30657717 215895 409372 0 252328 64417 1901522 18881 28303 0 14908 (radio 1.-38% / 2.40% tx 0.68% / 0.96% listen 1.30% / 1.43%)
961140717	ID:13	 122883 P 0.0 15 472119 30982393 136375 270942 0 222527 24143 1941768 5327 14834 0 12522 (radio 1.29% / 1.02% tx 0.43% / 0.27% listen 0.86% / 0.75%)
961680551	ID:22	[HFS] ra=0 si=0 cx=49 ac=0
961685213	ID:22	[LIST] Neighbors: 15,26,11,20,27
961688850	ID:22	[LIST] Quarantine: (none)
961692347	ID:22	[LIST] Blacklist: (none)
961698458	ID:22	FUZZRID,DET,11,773,773,0,0,0,0,0,0,2,0,0,0
962048366	ID:27	[ATK-FAKE-RANK]  true_rank=512 fake_rank=692 t=11720s
962067333	ID:24	[PKT-TX] DATA bytes=14  seq=28 
962069810	ID:1	[HFS] ra=74 si=48 cx=49 ac=82
962074064	ID:1	[LIST] Neighbors: 21,27,28,15
962077701	ID:1	[LIST] Quarantine: (none)
962081198	ID:1	[LIST] Blacklist: (none)
962088485	ID:1	FUZZRID,DET,27,692,512,180,0,70,100,26,0,0,0,82,75
962530914	ID:19	[PKT-RTT] seq=27,rtt_delay_ms=1328
962624296	ID:1	[PKT-RX] DATA bytes=13 from=9 seq=27
962942786	ID:1	[PKT-RX] DATA bytes=13 from=2 seq=28
963193720	ID:1	[PKT-RX] DATA bytes=14 from=24 seq=28
963432087	ID:17	[HFS] ra=0 si=0 cx=49 ac=0
963438030	ID:17	[LIST] Neighbors: 26,19,16,10,24,29,25,30
963441667	ID:17	[LIST] Quarantine: (none)
963445188	ID:17	[LIST] Blacklist: (none)
963451645	ID:17	FUZZRID,DET,10,1238,1238,0,0,0,0,0,0,7,0,0,0
965539397	ID:13	[PKT-TX] DATA bytes=14  seq=28 
965757764	ID:16	[PKT-TX] DATA bytes=14  seq=28 
965896765	ID:25	[PKT-TX] DATA bytes=14  seq=28 
965941930	ID:1	[PKT-RX] DATA bytes=14 from=25 seq=28
966067896	ID:1	[PKT-RX] DATA bytes=14 from=13 seq=28
966318797	ID:1	[PKT-RX] DATA bytes=14 from=16 seq=28
967093146	ID:15	[PKT-TX] DATA bytes=14  seq=28 
967660107	ID:16	[PKT-RTT] seq=28,rtt_delay_ms=945
969012430	ID:11	[PKT-TX] DATA bytes=14  seq=28 
969407225	ID:7	[PKT-TX] DATA bytes=13  seq=28 
969622376	ID:1	[PKT-RX] DATA bytes=13 from=7 seq=28
969909100	ID:7	[PKT-RTT] seq=28,rtt_delay_ms=250
970008414	ID:14	[HFS] ra=0 si=0 cx=49 ac=0
970012492	ID:14	[LIST] Neighbors: 31,4,7,9,3
970016128	ID:14	[LIST] Quarantine: (none)
970019625	ID:14	[LIST] Blacklist: (none)
970025958	ID:14	FUZZRID,DET,3,1315,1315,0,0,0,0,0,0,1,0,0,0
970566496	ID:1	[PKT-RX] DATA bytes=14 from=11 seq=28
970598774	ID:23	[PKT-TX] DATA bytes=14  seq=28 
970872225	ID:1	[PKT-RX] DATA bytes=14 from=23 seq=28
970943560	ID:8	[HFS] ra=0 si=0 cx=49 ac=0
970948357	ID:8	[LIST] Neighbors: 17,16,30,6,2,24
970951994	ID:8	[LIST] Quarantine: (none)
970955490	ID:8	[LIST] Blacklist: (none)
970961946	ID:8	FUZZRID,DET,24,1496,1496,0,0,0,0,0,0,6,0,0,0
971321120	ID:23	[PKT-RTT] seq=28,rtt_delay_ms=359
971658505	ID:4	[PKT-TX] DATA bytes=13  seq=28 
971756812	ID:1	[PKT-RX] DATA bytes=13 from=4 seq=28
972410145	ID:21	[PKT-TX] DATA bytes=14  seq=28 
972426817	ID:1	[PKT-RX] DATA bytes=14 from=21 seq=28
972482517	ID:21	[PKT-RTT] seq=28,rtt_delay_ms=31
972482845	ID:14	[PKT-TX] DATA bytes=14  seq=28 
972623008	ID:1	[PKT-RX] DATA bytes=14 from=14 seq=28
972908646	ID:19	[HFS] ra=0 si=0 cx=43 ac=0
972914442	ID:19	[LIST] Neighbors: 15,26,17,30,20,5,25,16
972918079	ID:19	[LIST] Quarantine: (none)
972921576	ID:19	[LIST] Blacklist: (none)
972928031	ID:19	FUZZRID,DET,5,1387,1387,0,0,0,0,0,0,27,0,0,0
973470101	ID:10	[PKT-TX] DATA bytes=14  seq=28 
973565794	ID:1	[PKT-RX] DATA bytes=14 from=10 seq=28
973847186	ID:18	[PKT-TX] DATA bytes=14  seq=28 
974192774	ID:1	[PKT-RX] DATA bytes=14 from=18 seq=28
974852329	ID:25	[HFS] ra=0 si=0 cx=49 ac=0
974858125	ID:25	[LIST] Neighbors: 15,26,17,10,30,9,16,29
974861762	ID:25	[LIST] Quarantine: (none)
974865259	ID:25	[LIST] Blacklist: (none)
974871735	ID:25	FUZZRID,DET,9,1407,1407,0,0,0,0,0,0,13,0,0,0
975612541	ID:5	[PKT-TX] DATA bytes=13  seq=28 
975692516	ID:1	[PKT-RX] DATA bytes=13 from=5 seq=28
976730230	ID:19	[PKT-TX] DATA bytes=14  seq=28 
976816797	ID:1	[PKT-RX] DATA bytes=14 from=19 seq=28
977408657	ID:4	[HFS] ra=0 si=0 cx=49 ac=0
977413734	ID:4	[LIST] Neighbors: 28,9,31,7,3,14,21
977417371	ID:4	[LIST] Quarantine: (none)
977420868	ID:4	[LIST] Blacklist: (none)
977426968	ID:4	FUZZRID,DET,21,512,512,0,0,0,0,0,0,1,0,0,0
977449450	ID:1	[HFS] ra=0 si=0 cx=49 ac=0
977453686	ID:1	[LIST] Neighbors: 21,27,28,15
977457323	ID:1	[LIST] Quarantine: (none)
977460820	ID:1	[LIST] Blacklist: (none)
977466914	ID:1	FUZZRID,DET,21,512,512,0,0,0,0,0,0,0,0,0,0
977538142	ID:3	[PKT-TX] DATA bytes=13  seq=28 
978033167	ID:19	[HFS] ra=0 si=0 cx=49 ac=0
978038963	ID:19	[LIST] Neighbors: 15,26,17,30,20,5,25,16
978042633	ID:19	[LIST] Quarantine: (none)
978046129	ID:19	[LIST] Blacklist: (none)
978052723	ID:19	FUZZRID,DET,20,1078,1078,0,0,0,0,0,0,15,0,0,0
978245504	ID:1	[PKT-RX] DATA bytes=13 from=3 seq=28
978421955	ID:3	[PKT-RTT] seq=28,rtt_delay_ms=437
978906946	ID:19	[PKT-RTT] seq=28,rtt_delay_ms=1085
980418128	ID:17	[PKT-TX] DATA bytes=14  seq=28 
980568792	ID:1	[PKT-RX] DATA bytes=14 from=17 seq=28
980667738	ID:20	[HFS] ra=0 si=0 cx=49 ac=0
980673388	ID:20	[LIST] Neighbors: 26,30,19,6,12,5,22,11
980677025	ID:20	[LIST] Quarantine: (none)
980680521	ID:20	[LIST] Blacklist: (none)
980686837	ID:20	FUZZRID,DET,6,1136,1136,0,0,0,0,0,0,1,0,0,0
980707318	ID:20	[PKT-TX] DATA bytes=14  seq=28 
980911379	ID:19	[HFS] ra=0 si=0 cx=49 ac=0
980917175	ID:19	[LIST] Neighbors: 15,26,17,30,20,5,25,16
980920812	ID:19	[LIST] Quarantine: (none)
980924309	ID:19	[LIST] Blacklist: (none)
980930558	ID:19	FUZZRID,DET,25,859,859,0,0,0,0,0,0,16,0,0,0
981088824	ID:22	[PKT-TX] DATA bytes=14  seq=28 
981382789	ID:1	[PKT-RX] DATA bytes=14 from=22 seq=28
981567579	ID:1	[PKT-RX] DATA bytes=14 from=20 seq=28
981936250	ID:24	[HFS] ra=0 si=0 cx=49 ac=0
981941193	ID:24	[LIST] Neighbors: 17,16,18,10,13,8
981944864	ID:24	[LIST] Quarantine: (none)
981948361	ID:24	[LIST] Blacklist: (none)
981954993	ID:24	FUZZRID,DET,13,2102,2102,0,0,0,0,0,0,19,0,0,0
982012407	ID:18	[HFS] ra=0 si=0 cx=47 ac=0
982015791	ID:18	[LIST] Neighbors: 24,13
982019428	ID:18	[LIST] Quarantine: (none)
982022924	ID:18	[LIST] Blacklist: (none)
982029518	ID:18	FUZZRID,DET,13,2102,2102,0,0,0,0,0,0,23,0,0,0
982304703	ID:17	[PKT-RTT] seq=28,rtt_delay_ms=937
982558181	ID:15	[HFS] ra=0 si=0 cx=49 ac=0
982563697	ID:15	[LIST] Neighbors: 28,26,22,19,25,11,27
982567334	ID:15	[LIST] Quarantine: (none)
982570831	ID:15	[LIST] Blacklist: (none)
982576925	ID:15	FUZZRID,DET,22,926,926,0,0,0,0,0,0,4,0,0,0
982696564	ID:12	[PKT-TX] DATA bytes=14  seq=28 
982722665	ID:9	[PKT-TX] DATA bytes=13  seq=28 
982871597	ID:1	[PKT-RX] DATA bytes=13 from=9 seq=28
982943545	ID:1	[PKT-RX] DATA bytes=14 from=12 seq=28
983249147	ID:12	[PKT-RTT] seq=28,rtt_delay_ms=273
985646397	ID:8	[PKT-TX] DATA bytes=13  seq=28 
985754007	ID:14	[HFS] ra=0 si=0 cx=49 ac=0
985758090	ID:14	[LIST] Neighbors: 31,4,7,9,3
985761727	ID:14	[LIST] Quarantine: (none)
985765223	ID:14	[LIST] Blacklist: (none)
985771315	ID:14	FUZZRID,DET,4,885,885,0,0,0,0,0,0,14,0,0,0
985912147	ID:6	[PKT-TX] DATA bytes=13  seq=28 
985944172	ID:1	[PKT-RX] DATA bytes=13 from=8 seq=28
986193930	ID:1	[PKT-RX] DATA bytes=13 from=6 seq=28
986255553	ID:14	[HFS] ra=0 si=0 cx=49 ac=0
986259650	ID:14	[LIST] Neighbors: 31,4,7,9,3
986263287	ID:14	[LIST] Quarantine: (none)
986266783	ID:14	[LIST] Blacklist: (none)
986273102	ID:14	FUZZRID,DET,7,1274,1274,0,0,0,0,0,0,2,0,0,0
986281483	ID:4	[HFS] ra=0 si=0 cx=49 ac=0
986286560	ID:4	[LIST] Neighbors: 28,9,31,7,3,14,21
986290197	ID:4	[LIST] Quarantine: (none)
986293694	ID:4	[LIST] Blacklist: (none)
986300013	ID:4	FUZZRID,DET,7,1274,1274,0,0,0,0,0,0,1,0,0,0
986323280	ID:23	[HFS] ra=0 si=0 cx=49 ac=0
986326358	ID:23	[LIST] Neighbors: 7,9
986329995	ID:23	[LIST] Quarantine: (none)
986333491	ID:23	[LIST] Blacklist: (none)
986339810	ID:23	FUZZRID,DET,7,1274,1274,0,0,0,0,0,0,7,0,0,0
989884727	ID:29	[ATK-FAKE-RANK]  true_rank=1410 fake_rank=1751 t=11720s
989933288	ID:17	[HFS] ra=74 si=49 cx=49 ac=82
989939263	ID:17	[LIST] Neighbors: 26,19,16,10,24,29,25,30
989942900	ID:17	[LIST] Quarantine: (none)
989946396	ID:17	[LIST] Blacklist: (none)
989954223	ID:17	FUZZRID,DET,29,1751,1410,341,0,100,100,36,0,8,0,82,75
992199378	ID:17	[PKT-TX] DATA bytes=14  seq=29 
992319513	ID:1	[PKT-RX] DATA bytes=14 from=17 seq=29
992526873	ID:18	[PKT-TX] DATA bytes=14  seq=29 
992560828	ID:25	[PKT-TX] DATA bytes=14  seq=29 
992833459	ID:1	[PKT-RX] DATA bytes=14 from=25 seq=29
993179332	ID:17	[PKT-RTT] seq=29,rtt_delay_ms=484
993224179	ID:1	[PKT-RX] DATA bytes=14 from=18 seq=29
995268266	ID:11	[PKT-TX] DATA bytes=14  seq=29 
995316489	ID:1	[PKT-RX] DATA bytes=14 from=11 seq=29
995774011	ID:2	[PKT-TX] DATA bytes=13  seq=29 
995941706	ID:1	[PKT-RX] DATA bytes=13 from=2 seq=29
998738033	ID:19	[PKT-TX] DATA bytes=14  seq=29 
998818816	ID:1	[PKT-RX] DATA bytes=14 from=19 seq=29
999029113	ID:19	[PKT-RTT] seq=29,rtt_delay_ms=140
1000778026	ID:30	[ATK-FAKE-RANK]  true_rank=1119 fake_rank=1376 t=11720s
1000895678	ID:11	[HFS] ra=74 si=49 cx=49 ac=82
1000900768	ID:11	[LIST] Neighbors: 15,26,30,22,20,19
1000904405	ID:11	[LIST] Quarantine: (none)
1000907902	ID:11	[LIST] Blacklist: (none)
1000915753	ID:11	FUZZRID,DET,30,1376,1119,257,0,100,100,10,0,0,0,82,75
1001175855	ID:20	[PKT-TX] DATA bytes=14  seq=29 
1001316810	ID:1	[PKT-RX] DATA bytes=14 from=20 seq=29
1003407594	ID:10	[PKT-TX] DATA bytes=14  seq=29 
1003568965	ID:1	[PKT-RX] DATA bytes=14 from=10 seq=29
1003911082	ID:24	[PKT-TX] DATA bytes=14  seq=29 
1004066733	ID:1	[PKT-RX] DATA bytes=14 from=24 seq=29
1004838340	ID:27	[ATK-FAKE-RANK]  true_rank=512 fake_rank=712 t=11720s
1004917222	ID:5	[PKT-TX] DATA bytes=13  seq=29 
1005067530	ID:1	[PKT-RX] DATA bytes=13 from=5 seq=29
1006143241	ID:9	[HFS] ra=0 si=0 cx=49 ac=0
1006148484	ID:9	[LIST] Neighbors: 4,25,29,10,7,23,14
1006152121	ID:9	[LIST] Quarantine: (none)
1006155618	ID:9	[LIST] Blacklist: (none)
1006161267	ID:19	[HFS] ra=0 si=0 cx=49 ac=0
1006161710	ID:9	FUZZRID,DET,25,849,849,0,0,0,0,0,0,3,0,0,0
1006165322	ID:16	[HFS] ra=0 si=0 cx=49 ac=0
1006167063	ID:19	[LIST] Neighbors: 15,26,17,30,20,5,25,16
1006170710	ID:19	[LIST] Quarantine: (none)
1006170971	ID:16	[LIST] Neighbors: 19,17,30,24,29,25,2,8
1006174206	ID:19	[LIST] Blacklist: (none)
1006174608	ID:16	[LIST] Quarantine: (none)
1006178105	ID:16	[LIST] Blacklist: (none)
1006180437	ID:19	FUZZRID,DET,25,849,849,0,0,0,0,0,0,16,0,0,0
1006181724	ID:10	[HFS] ra=0 si=0 cx=49 ac=0
1006181925	ID:15	[HFS] ra=0 si=0 cx=49 ac=0
1006184199	ID:16	FUZZRID,DET,25,849,849,0,0,0,0,0,0,5,0,0,0
1006186834	ID:17	[HFS] ra=0 si=0 cx=49 ac=0
1006187441	ID:15	[LIST] Neighbors: 28,26,22,19,25,11,27
1006187521	ID:10	[LIST] Neighbors: 19,25,17,16,9,24,29,30
1006191078	ID:15	[LIST] Quarantine: (none)
1006191158	ID:10	[LIST] Quarantine: (none)
1006192811	ID:17	[LIST] Neighbors: 26,19,16,10,24,29,25,30
1006194575	ID:15	[LIST] Blacklist: (none)
1006194654	ID:10	[LIST] Blacklist: (none)
1006196447	ID:17	[LIST] Quarantine: (none)
1006199944	ID:17	[LIST] Blacklist: (none)
1006200666	ID:15	FUZZRID,DET,25,849,849,0,0,0,0,0,0,0,0,0,0
1006200784	ID:10	FUZZRID,DET,25,849,849,0,0,0,0,0,0,5,0,0,0
1006206036	ID:17	FUZZRID,DET,25,849,849,0,0,0,0,0,0,4,0,0,0
1006457572	ID:15	[PKT-TX] DATA bytes=14  seq=29 
1006474215	ID:1	[PKT-RX] DATA bytes=14 from=15 seq=29
1007177457	ID:3	[HFS] ra=0 si=0 cx=49 ac=0
1007181131	ID:3	[LIST] Neighbors: 31,4,14
1007184768	ID:3	[LIST] Quarantine: (none)
1007188265	ID:3	[LIST] Blacklist: (none)
1007194357	ID:3	FUZZRID,DET,4,885,885,0,0,0,0,0,0,18,0,0,0
1007237511	ID:21	[HFS] ra=0 si=0 cx=49 ac=0
1007241175	ID:21	[LIST] Neighbors: 28,4,31
1007244812	ID:21	[LIST] Quarantine: (none)
1007248309	ID:21	[LIST] Blacklist: (none)
1007254401	ID:21	FUZZRID,DET,4,885,885,0,0,0,0,0,0,19,0,0,0
1007254521	ID:14	[HFS] ra=0 si=0 cx=49 ac=0
1007258599	ID:14	[LIST] Neighbors: 31,4,7,9,3
1007262235	ID:14	[LIST] Quarantine: (none)
1007265767	ID:14	[LIST] Blacklist: (none)
1007267630	ID:9	[HFS] ra=0 si=0 cx=49 ac=0
1007271720	ID:14	FUZZRID,DET,4,885,885,0,0,0,0,0,0,9,0,0,0
1007272839	ID:9	[LIST] Neighbors: 4,25,29,10,7,23,14
1007276508	ID:9	[LIST] Quarantine: (none)
1007280005	ID:9	[LIST] Blacklist: (none)
1007285958	ID:9	FUZZRID,DET,4,885,885,0,0,0,0,0,0,8,0,0,0
1011575233	ID:6	[PKT-TX] DATA bytes=13  seq=29 
1011674131	ID:4	[PKT-TX] DATA bytes=13  seq=29 
1011688751	ID:12	[PKT-TX] DATA bytes=14  seq=29 
1011820247	ID:1	[PKT-RX] DATA bytes=13 from=6 seq=29
1012123779	ID:1	[PKT-RX] DATA bytes=13 from=4 seq=29
1012277798	ID:4	[PKT-RTT] seq=29,rtt_delay_ms=296
1013006677	ID:6	[PKT-RTT] seq=29,rtt_delay_ms=710
1013290071	ID:7	[HFS] ra=0 si=0 cx=49 ac=0
1013294428	ID:7	[LIST] Neighbors: 4,23,29,9,14
1013298064	ID:7	[LIST] Quarantine: (none)
1013301561	ID:7	[LIST] Blacklist: (none)
1013308041	ID:7	FUZZRID,DET,14,1112,1112,0,0,0,0,0,0,2,0,0,0
1013817388	ID:1	[PKT-RX] DATA bytes=14 from=12 seq=29
1013945264	ID:16	[PKT-TX] DATA bytes=14  seq=29 
1014317743	ID:1	[PKT-RX] DATA bytes=14 from=16 seq=29
1014623606	ID:12	[PKT-RTT] seq=29,rtt_delay_ms=1460
1014716703	ID:8	[PKT-TX] DATA bytes=13  seq=29 
1014943406	ID:1	[PKT-RX] DATA bytes=13 from=8 seq=29
1014956012	ID:22	[PKT-TX] DATA bytes=14  seq=29 
1015000335	ID:13	[PKT-TX] DATA bytes=14  seq=29 
1015009564	ID:1	[PKT-RX] DATA bytes=14 from=22 seq=29
1015240186	ID:3	[PKT-TX] DATA bytes=13  seq=29 
1015568054	ID:23	[PKT-TX] DATA bytes=14  seq=29 
1015693731	ID:1	[PKT-RX] DATA bytes=14 from=13 seq=29
1015960973	ID:7	[PKT-TX] DATA bytes=13  seq=29 
1015999235	ID:14	[PKT-TX] DATA bytes=14  seq=29 
1016498124	ID:1	[PKT-RX] DATA bytes=14 from=14 seq=29
1016747193	ID:1	[PKT-RX] DATA bytes=14 from=23 seq=29
1017448075	ID:23	[PKT-RTT] seq=29,rtt_delay_ms=937
1018141763	ID:28	[ATK-FAKE-RANK]  true_rank=512 fake_rank=752 t=11720s
1018622226	ID:1	[PKT-RX] DATA bytes=13 from=3 seq=29
1018871317	ID:1	[PKT-RX] DATA bytes=13 from=7 seq=29
1019299334	ID:3	[PKT-RTT] seq=29,rtt_delay_ms=2023
1019379959	ID:9	[PKT-TX] DATA bytes=13  seq=29 
1019941395	ID:21	[PKT-TX] DATA bytes=14  seq=29 
1019958067	ID:1	[PKT-RX] DATA bytes=14 from=21 seq=29
1019984523	ID:21	[PKT-RTT] seq=29,rtt_delay_ms=15
1020126270	ID:1	[PKT-RX] DATA bytes=13 from=9 seq=29
1020159893	ID:18	 130563 P 0.0 16 576970 32843121 187049 315334 0 230848 25594 1940141 5000 16962 0 13706 (radio 1.-79% / 1.11% tx 0.55% / 0.25% listen 0.94% / 0.86%)
1020188552	ID:16	 130563 P 0.0 16 1262080 32158420 381711 539141 0 371940 71171 1894489 22883 33718 0 22073 (radio 2.-182% / 2.87% tx 1.14% / 1.16% listen 1.-68% / 1.71%)
1020326355	ID:3	 130563 P 0.0 16 664698 32756708 219429 354574 0 266298 49750 1916222 19617 26644 0 18069 (radio 1.-57% / 2.35% tx 0.65% / 0.99% listen 1.06% / 1.35%)
1020348668	ID:23	 130563 P 0.0 16 605586 32814640 210205 309667 0 224604 30217 1935728 8329 17555 0 13296 (radio 1.-73% / 1.31% tx 0.62% / 0.42% listen 0.92% / 0.89%)
1020374430	ID:25	 130563 P 0.0 16 1241110 32178900 366465 565919 0 397765 82553 1883295 30526 36283 0 23125 (radio 2.-179% / 3.39% tx 1.09% / 1.55% listen 1.-60% / 1.84%)
1020417555	ID:11	 130563 P 0.0 16 956531 32465021 282581 462804 0 319508 78256 1887764 30279 36161 0 19990 (radio 2.-106% / 3.37% tx 0.84% / 1.54% listen 1.-91% / 1.83%)
1020474547	ID:3	[PKT-TX] DATA bytes=13  seq=30 
1020558555	ID:19	 130563 P 0.0 16 2304234 31116340 848297 823151 0 346150 132721 1828327 48144 51482 0 21424 (radio 5.-386% / 5.08% tx 2.-75% / 2.45% listen 2.-83% / 2.62%)
1020565007	ID:20	 130563 P 0.0 16 1080599 32339863 300649 465115 0 336378 93058 1872927 37673 37658 0 19681 (radio 2.-100% / 3.83% tx 0.89% / 1.91% listen 1.-90% / 1.91%)
1020580604	ID:10	 130563 P 0.0 16 1086105 32335917 332236 565055 0 435008 46701 1919274 11403 31593 0 26410 (radio 2.-189% / 2.18% tx 0.99% / 0.58% listen 1.-60% / 1.60%)
1020622219	ID:1	[PKT-RX] DATA bytes=13 from=3 seq=30
1020682824	ID:4	 130563 P 0.0 16 1063940 32357971 345531 433801 0 282034 115190 1850815 53088 40644 0 16658 (radio 2.-96% / 4.76% tx 1.03% / 2.70% listen 1.-99% / 2.06%)
1020716927	ID:8	 130563 P 0.0 16 783815 32637786 199637 355847 0 269972 40936 1925080 10045 20228 0 15332 (radio 1.-63% / 1.53% tx 0.59% / 0.51% listen 1.06% / 1.02%)
1020780766	ID:14	 130563 P 0.0 16 1142462 32277792 425149 451994 0 248488 74042 1891936 28214 30508 0 15858 (radio 2.-195% / 2.98% tx 1.27% / 1.43% listen 1.-94% / 1.55%)
1020829016	ID:1	 130565 P 0.0 16 1972008 31450005 880943 32540812 0 0 127441 1837321 59354 1905276 0 0 (radio 99.-9796% / 99.-8645% tx 2.-194% / 3.02% listen 97.-9602% / 96.-8647%)
1020833035	ID:15	 130563 P 0.0 16 2143031 31277161 727558 780397 0 286626 163257 1802301 69308 60164 0 20093 (radio 4.-335% / 6.58% tx 2.-111% / 3.52% listen 2.-96% / 3.06%)
1020838241	ID:17	 130563 P 0.0 16 1795967 31624861 709925 731444 0 410814 90517 1875635 32510 41374 0 24438 (radio 4.-355% / 3.75% tx 2.-117% / 1.65% listen 2.-110% / 2.10%)
1020865134	ID:8	[PKT-TX] DATA bytes=13  seq=30 
1020888870	ID:7	 130572 P 0.0 16 766937 32656273 202212 357685 0 281273 47927 1920502 14561 24110 0 17922 (radio 1.-61% / 1.96% tx 0.60% / 0.73% listen 1.07% / 1.22%)
1020909569	ID:7	[PKT-RTT] seq=29,rtt_delay_ms=2468
1020912123	ID:6	 130563 P 0.0 16 1132317 32289264 293370 528196 0 370554 75482 1890414 26304 35391 0 21710 (radio 2.-83% / 3.13% tx 0.87% / 1.33% listen 1.-71% / 1.80%)
1020922009	ID:2	 130563 P 0.0 16 832993 32588313 233826 380685 0 285641 44674 1921206 13970 24064 0 17630 (radio 1.-45% / 1.93% tx 0.69% / 0.71% listen 1.13% / 1.22%)
1020954913	ID:22	 130563 P 0.0 16 709089 32711836 203181 356801 0 272578 36997 1928945 8480 22954 0 18678 (radio 1.-61% / 1.59% tx 0.60% / 0.43% listen 1.06% / 1.16%)
1021025191	ID:12	 130563 P 0.0 16 867626 32552449 286997 375872 0 267558 45526 1920530 15235 25180 0 17801 (radio 1.-31% / 2.05% tx 0.85% / 0.77% listen 1.12% / 1.28%)
1021041856	ID:9	 130563 P 0.0 16 1085065 32337032 365263 443074 0 286955 52074 1913955 13025 26940 0 20054 (radio 2.-87% / 2.03% tx 1.09% / 0.66% listen 1.-96% / 1.37%)
1021084166	ID:24	 130563 P 0.0 16 1386435 32034633 592225 517537 0 262994 76579 1889339 33857 29779 0 14748 (radio 3.-225% / 3.23% tx 1.-52% / 1.72% listen 1.-74% / 1.51%)
1021104434	ID:22	[PKT-TX] DATA bytes=14  seq=30 
1021135766	ID:5	 130563 P 0.0 16 971164 32450481 320616 427082 0 304177 39680 1926333 10362 25070 0 20654 (radio 2.-105% / 1.80% tx 0.95% / 0.52% listen 1.27% / 1.27%)
1021141076	ID:13	 130563 P 0.0 16 501302 32919094 145131 287148 0 236027 29182 1936701 8756 16206 0 13500 (radio 1.-100% / 1.26% tx 0.43% / 0.44% listen 0.85% / 0.82%)
1021173478	ID:3	[PKT-RTT] seq=30,rtt_delay_ms=343
1021187581	ID:21	 130569 P 0.0 16 875560 32548440 242488 440939 0 268040 76906 1890723 26593 31567 0 15712 (radio 2.-125% / 2.95% tx 0.72% / 1.35% listen 1.-97% / 1.60%)
1021259069	ID:1	[PKT-RX] DATA bytes=14 from=22 seq=30
1021442668	ID:1	[PKT-RX] DATA bytes=13 from=8 seq=30
1022238442	ID:17	[PKT-TX] DATA bytes=14  seq=30 
1022316490	ID:1	[PKT-RX] DATA bytes=14 from=17 seq=30
1022556441	ID:17	[PKT-RTT] seq=30,rtt_delay_ms=156
1023110089	ID:5	[HFS] ra=0 si=0 cx=49 ac=0
1023114920	ID:5	[LIST] Neighbors: 19,20,30,6,2,12
1023118557	ID:5	[LIST] Quarantine: (none)
1023122054	ID:5	[LIST] Blacklist: (none)
1023128288	ID:5	FUZZRID,DET,19,795,795,0,0,0,0,0,0,12,0,0,0
1023168057	ID:15	[PKT-TX] DATA bytes=14  seq=30 
1023185335	ID:1	[PKT-RX] DATA bytes=14 from=15 seq=30
1027160441	ID:19	[HFS] ra=0 si=0 cx=49 ac=0
1027166237	ID:19	[LIST] Neighbors: 15,26,17,30,20,5,25,16
1027169873	ID:19	[LIST] Quarantine: (none)
1027173370	ID:19	[LIST] Blacklist: (none)
1027179964	ID:19	FUZZRID,DET,20,1098,1098,0,0,0,0,0,0,15,0,0,0
1027180962	ID:22	[HFS] ra=0 si=0 cx=49 ac=0
1027185625	ID:22	[LIST] Neighbors: 15,26,11,20,27
1027189262	ID:22	[LIST] Quarantine: (none)
1027192758	ID:22	[LIST] Blacklist: (none)
1027199213	ID:22	FUZZRID,DET,20,1098,1098,0,0,0,0,0,0,0,0,0,0
1027236218	ID:5	[HFS] ra=0 si=0 cx=49 ac=0
1027241018	ID:5	[LIST] Neighbors: 19,20,30,6,2,12
1027244654	ID:5	[LIST] Quarantine: (none)
1027248152	ID:5	[LIST] Blacklist: (none)
1027252670	ID:12	[HFS] ra=0 si=0 cx=49 ac=0
1027254607	ID:5	FUZZRID,DET,20,1098,1098,0,0,0,0,0,0,7,0,0,0
1027256894	ID:12	[LIST] Neighbors: 20,5,30,6,2
1027260531	ID:12	[LIST] Quarantine: (none)
1027262089	ID:6	[HFS] ra=0 si=0 cx=49 ac=0
1027264028	ID:12	[LIST] Blacklist: (none)
1027267739	ID:6	[LIST] Neighbors: 19,17,20,16,30,2,12,5
1027270483	ID:12	FUZZRID,DET,20,1098,1098,0,0,0,0,0,0,5,0,0,0
1027271376	ID:6	[LIST] Quarantine: (none)
1027274873	ID:6	[LIST] Blacklist: (none)
1027281351	ID:6	FUZZRID,DET,20,1098,1098,0,0,0,0,0,0,1,0,0,0
1028923153	ID:12	[PKT-TX] DATA bytes=14  seq=30 
1028943468	ID:23	[PKT-TX] DATA bytes=14  seq=30 
1029193815	ID:1	[PKT-RX] DATA bytes=14 from=12 seq=30
1029450226	ID:6	[PKT-TX] DATA bytes=13  seq=30 
1029498654	ID:12	[PKT-RTT] seq=30,rtt_delay_ms=281
1029747873	ID:1	[PKT-RX] DATA bytes=14 from=23 seq=30
1030196583	ID:23	[PKT-RTT] seq=30,rtt_delay_ms=625
1030310084	ID:19	[PKT-TX] DATA bytes=14  seq=30 
1030318877	ID:1	[PKT-RX] DATA bytes=13 from=6 seq=30
1030463579	ID:11	[PKT-TX] DATA bytes=14  seq=30 
1030633565	ID:6	[PKT-RTT] seq=30,rtt_delay_ms=585
1030832574	ID:1	[PKT-RX] DATA bytes=14 from=11 seq=30
1030942808	ID:1	[PKT-RX] DATA bytes=14 from=19 seq=30
1031113288	ID:21	[PKT-TX] DATA bytes=14  seq=30 
1031156023	ID:19	[PKT-RTT] seq=30,rtt_delay_ms=421
1031162692	ID:1	[PKT-RX] DATA bytes=14 from=21 seq=30
1031225008	ID:14	[PKT-TX] DATA bytes=14  seq=30 
1031232997	ID:21	[PKT-RTT] seq=30,rtt_delay_ms=54
1031409973	ID:1	[PKT-RX] DATA bytes=14 from=14 seq=30
1031899012	ID:2	[PKT-TX] DATA bytes=13  seq=30 
1032944422	ID:1	[PKT-RX] DATA bytes=13 from=2 seq=30
1034040025	ID:20	[HFS] ra=0 si=0 cx=49 ac=0
1034045675	ID:20	[LIST] Neighbors: 26,30,19,6,12,5,22,11
1034049311	ID:20	[LIST] Quarantine: (none)
1034052808	ID:20	[LIST] Blacklist: (none)
1034058924	ID:20	FUZZRID,DET,22,911,911,0,0,0,0,0,0,0,0,0,0
1034060498	ID:15	[HFS] ra=0 si=0 cx=49 ac=0
1034066013	ID:15	[LIST] Neighbors: 28,26,22,19,25,11,27
1034069650	ID:15	[LIST] Quarantine: (none)
1034073147	ID:15	[LIST] Blacklist: (none)
1034079242	ID:15	FUZZRID,DET,22,911,911,0,0,0,0,0,0,0,0,0,0
1034755501	ID:14	[HFS] ra=0 si=0 cx=49 ac=0
1034759579	ID:14	[LIST] Neighbors: 31,4,7,9,3
1034763216	ID:14	[LIST] Quarantine: (none)
1034766741	ID:14	[LIST] Blacklist: (none)
1034773059	ID:14	FUZZRID,DET,7,1265,1265,0,0,0,0,0,0,1,0,0,0
1034781543	ID:4	[HFS] ra=0 si=0 cx=49 ac=0
1034786620	ID:4	[LIST] Neighbors: 28,9,31,7,3,14,21
1034790257	ID:4	[LIST] Quarantine: (none)
1034793754	ID:4	[LIST] Blacklist: (none)
1034800109	ID:4	FUZZRID,DET,7,1265,1265,0,0,0,0,0,0,1,0,0,0
1034823246	ID:23	[HFS] ra=0 si=0 cx=49 ac=0
1034826325	ID:23	[LIST] Neighbors: 7,9
1034829962	ID:23	[LIST] Quarantine: (none)
1034833458	ID:23	[LIST] Blacklist: (none)
1034839776	ID:23	FUZZRID,DET,7,1265,1265,0,0,0,0,0,0,7,0,0,0
1035183675	ID:20	[PKT-TX] DATA bytes=14  seq=30 
1035318567	ID:1	[PKT-RX] DATA bytes=14 from=20 seq=30
1035449251	ID:5	[PKT-TX] DATA bytes=13  seq=30 
1035567320	ID:1	[PKT-RX] DATA bytes=13 from=5 seq=30
1037603817	ID:4	[PKT-TX] DATA bytes=13  seq=30 
1037745117	ID:1	[PKT-RX] DATA bytes=13 from=4 seq=30
1037902584	ID:4	[PKT-RTT] seq=30,rtt_delay_ms=148
1039000336	ID:13	[PKT-TX] DATA bytes=14  seq=30 
1039442049	ID:1	[PKT-RX] DATA bytes=14 from=13 seq=30
1040425790	ID:9	[PKT-TX] DATA bytes=13  seq=30 
1040621687	ID:1	[PKT-RX] DATA bytes=13 from=9 seq=30
1041905626	ID:25	[PKT-TX] DATA bytes=14  seq=30 
1041942141	ID:1	[PKT-RX] DATA bytes=14 from=25 seq=30
1042873306	ID:26	[ATK-FAKE-RANK]  true_rank=933 fake_rank=1109 t=11720s
1042912556	ID:19	[HFS] ra=74 si=0 cx=49 ac=95
1042918385	ID:19	[LIST] Neighbors: 15,26,17,30,20,5,25,16
1042922022	ID:19	[LIST] Quarantine: (none)
1042925519	ID:19	[LIST] Blacklist: (none)
1042933305	ID:19	FUZZRID,DET,26,1109,933,176,0,51,100,10,0,17,0,95,100
1043407442	ID:4	[HFS] ra=0 si=0 cx=49 ac=0
1043412519	ID:4	[LIST] Neighbors: 28,9,31,7,3,14,21
1043416173	ID:4	[LIST] Quarantine: (none)
1043419670	ID:4	[LIST] Blacklist: (none)
1043426125	ID:4	FUZZRID,DET,9,1394,1394,0,0,0,0,0,0,17,0,0,0
1043666515	ID:20	[HFS] ra=0 si=0 cx=49 ac=0
1043672164	ID:20	[LIST] Neighbors: 26,30,19,6,12,5,22,11
1043675831	ID:20	[LIST] Quarantine: (none)
1043679328	ID:20	[LIST] Blacklist: (none)
1043685823	ID:20	FUZZRID,DET,12,1502,1502,0,0,0,0,0,0,6,0,0,0
1043765172	ID:6	[HFS] ra=0 si=0 cx=49 ac=0
1043770822	ID:6	[LIST] Neighbors: 19,17,20,16,30,2,12,5
1043773318	ID:2	[HFS] ra=0 si=0 cx=49 ac=0
1043774459	ID:6	[LIST] Quarantine: (none)
1043777955	ID:6	[LIST] Blacklist: (none)
1043777969	ID:2	[LIST] Neighbors: 16,5,30,6,12,8
1043781606	ID:2	[LIST] Quarantine: (none)
1043784411	ID:6	FUZZRID,DET,12,1502,1502,0,0,0,0,0,0,2,0,0,0
1043785126	ID:2	[LIST] Blacklist: (none)
1043791583	ID:2	FUZZRID,DET,12,1502,1502,0,0,0,0,0,0,2,0,0,0
1045820342	ID:7	[PKT-TX] DATA bytes=13  seq=30 
1045997303	ID:1	[PKT-RX] DATA bytes=13 from=7 seq=30
1046284706	ID:7	[PKT-RTT] seq=30,rtt_delay_ms=226
1046331562	ID:18	[PKT-TX] DATA bytes=14  seq=30 
1046691378	ID:1	[PKT-RX] DATA bytes=14 from=18 seq=30
1047001345	ID:10	[PKT-TX] DATA bytes=14  seq=30 
1047068018	ID:1	[PKT-RX] DATA bytes=14 from=10 seq=30
1047390577	ID:16	[PKT-TX] DATA bytes=14  seq=30 
1047504840	ID:24	[PKT-TX] DATA bytes=14  seq=30 
1047857033	ID:1	[PKT-RX] DATA bytes=14 from=16 seq=30
1047916693	ID:1	[HFS] ra=0 si=0 cx=49 ac=0
1047920930	ID:1	[LIST] Neighbors: 21,27,28,15
1047924566	ID:1	[LIST] Quarantine: (none)
1047928063	ID:1	[LIST] Blacklist: (none)
1047929456	ID:22	[HFS] ra=0 si=0 cx=49 ac=0
1047934119	ID:22	[LIST] Neighbors: 15,26,11,20,27
1047934178	ID:1	FUZZRID,DET,15,512,512,0,0,0,0,0,0,3,0,0,0
1047937756	ID:22	[LIST] Quarantine: (none)
1047941253	ID:22	[LIST] Blacklist: (none)
1047947347	ID:22	FUZZRID,DET,15,512,512,0,0,0,0,0,0,5,0,0,0
1048016596	ID:9	[HFS] ra=0 si=0 cx=49 ac=0
1048019125	ID:11	[HFS] ra=0 si=0 cx=49 ac=0
1048021807	ID:9	[LIST] Neighbors: 4,25,29,10,7,23,14
1048024215	ID:11	[LIST] Neighbors: 15,26,30,22,20,19
1048025444	ID:9	[LIST] Quarantine: (none)
1048027852	ID:11	[LIST] Quarantine: (none)
1048028941	ID:9	[LIST] Blacklist: (none)
1048031348	ID:11	[LIST] Blacklist: (none)
1048035394	ID:9	FUZZRID,DET,23,1761,1761,0,0,0,0,0,0,9,0,0,0
1048037300	ID:7	[HFS] ra=0 si=0 cx=49 ac=0
1048037442	ID:11	FUZZRID,DET,15,512,512,0,0,0,0,0,0,5,0,0,0
1048041656	ID:7	[LIST] Neighbors: 4,23,29,9,14
1048045293	ID:7	[LIST] Quarantine: (none)
1048048790	ID:7	[LIST] Blacklist: (none)
1048055243	ID:7	FUZZRID,DET,23,1761,1761,0,0,0,0,0,0,8,0,0,0
1048112603	ID:5	[HFS] ra=0 si=0 cx=49 ac=0
1048117416	ID:5	[LIST] Neighbors: 19,20,30,6,2,12
1048121053	ID:5	[LIST] Quarantine: (none)
1048124550	ID:5	[LIST] Blacklist: (none)
1048130867	ID:5	FUZZRID,DET,2,1431,1431,0,0,0,0,0,0,5,0,0,0
1048443022	ID:1	[PKT-RX] DATA bytes=14 from=24 seq=30
1048599348	ID:25	[HFS] ra=0 si=0 cx=49 ac=0
1048605166	ID:25	[LIST] Neighbors: 15,26,17,10,30,9,16,29
1048608803	ID:25	[LIST] Quarantine: (none)
1048612300	ID:25	[LIST] Blacklist: (none)
1048618772	ID:25	FUZZRID,DET,10,1181,1181,0,0,0,0,0,0,7,0,0,0
1049058504	ID:24	[PKT-RTT] seq=30,rtt_delay_ms=773
1050907818	ID:16	[PKT-TX] DATA bytes=14  seq=31 
1051069269	ID:1	[PKT-RX] DATA bytes=14 from=16 seq=31
1052727815	ID:12	[PKT-TX] DATA bytes=14  seq=31 
1053316497	ID:1	[PKT-RX] DATA bytes=14 from=12 seq=31
1053623271	ID:12	[PKT-RTT] seq=31,rtt_delay_ms=445
1054147363	ID:2	[HFS] ra=0 si=0 cx=49 ac=0
1054152014	ID:2	[LIST] Neighbors: 16,5,30,6,12,8
1054155651	ID:2	[LIST] Quarantine: (none)
1054159148	ID:2	[LIST] Blacklist: (none)
1054164833	ID:16	[HFS] ra=0 si=0 cx=49 ac=0
1054165463	ID:2	FUZZRID,DET,8,1340,1340,0,0,0,0,0,0,0,0,0,0
1054170482	ID:16	[LIST] Neighbors: 19,17,30,24,29,25,2,8
1054174119	ID:16	[LIST] Quarantine: (none)
1054177616	ID:16	[LIST] Blacklist: (none)
1054183931	ID:16	FUZZRID,DET,8,1340,1340,0,0,0,0,0,0,3,0,0,0
1054185949	ID:24	[HFS] ra=0 si=0 cx=49 ac=0
1054190892	ID:24	[LIST] Neighbors: 17,16,18,10,13,8
1054194529	ID:24	[LIST] Quarantine: (none)
1054198026	ID:24	[LIST] Blacklist: (none)
1054204355	ID:24	FUZZRID,DET,8,1340,1340,0,0,0,0,0,0,0,0,0,0
1054242523	ID:13	[PKT-TX] DATA bytes=14  seq=31 
1054378895	ID:21	[PKT-TX] DATA bytes=14  seq=31 
1054395738	ID:1	[PKT-RX] DATA bytes=14 from=21 seq=31
1054483637	ID:21	[PKT-RTT] seq=31,rtt_delay_ms=46
1054693454	ID:1	[PKT-RX] DATA bytes=14 from=13 seq=31
1055418043	ID:20	[PKT-TX] DATA bytes=14  seq=31 
1055868290	ID:13	[HFS] ra=0 si=0 cx=49 ac=0
1055871673	ID:13	[LIST] Neighbors: 24,18
1055875310	ID:13	[LIST] Quarantine: (none)
1055878841	ID:13	[LIST] Blacklist: (none)
1055885296	ID:13	FUZZRID,DET,24,1415,1415,0,0,0,0,0,0,3,0,0,0
1056069595	ID:1	[PKT-RX] DATA bytes=14 from=20 seq=31
1056418058	ID:15	[PKT-TX] DATA bytes=14  seq=31 
1056435331	ID:1	[PKT-RX] DATA bytes=14 from=15 seq=31
1057992762	ID:2	[PKT-TX] DATA bytes=13  seq=31 
1058193200	ID:1	[PKT-RX] DATA bytes=13 from=2 seq=31
1059754841	ID:24	[PKT-TX] DATA bytes=14  seq=31 
1059990907	ID:13	[HFS] ra=0 si=0 cx=49 ac=0
1059994290	ID:13	[LIST] Neighbors: 24,18
1059997927	ID:13	[LIST] Quarantine: (none)
1060000686	ID:12	[HFS] ra=0 si=0 cx=49 ac=0
1060001424	ID:13	[LIST] Blacklist: (none)
1060004911	ID:12	[LIST] Neighbors: 20,5,30,6,2
1060007880	ID:13	FUZZRID,DET,18,1830,1830,0,0,0,0,0,0,0,0,0,0
1060008548	ID:12	[LIST] Quarantine: (none)
1060010879	ID:6	[HFS] ra=0 si=0 cx=49 ac=0
1060012067	ID:12	[LIST] Blacklist: (none)
1060016563	ID:6	[LIST] Neighbors: 19,17,20,16,30,2,12,5
1060018521	ID:12	FUZZRID,DET,5,1374,1374,0,0,0,0,0,0,19,0,0,0
1060020200	ID:6	[LIST] Quarantine: (none)
1060022375	ID:2	[HFS] ra=0 si=0 cx=49 ac=0
1060023696	ID:6	[LIST] Blacklist: (none)
1060027025	ID:2	[LIST] Neighbors: 16,5,30,6,12,8
1060030151	ID:6	FUZZRID,DET,5,1374,1374,0,0,0,0,0,0,15,0,0,0
1060030662	ID:2	[LIST] Quarantine: (none)
1060034159	ID:2	[LIST] Blacklist: (none)
1060036012	ID:19	[HFS] ra=0 si=0 cx=43 ac=0
1060040600	ID:20	[HFS] ra=0 si=0 cx=49 ac=0
1060040613	ID:2	FUZZRID,DET,5,1374,1374,0,0,0,0,0,0,16,0,0,0
1060041808	ID:19	[LIST] Neighbors: 15,26,17,30,20,5,25,16
1060045445	ID:19	[LIST] Quarantine: (none)
1060046250	ID:20	[LIST] Neighbors: 26,30,19,6,12,5,22,11
1060048941	ID:19	[LIST] Blacklist: (none)
1060049887	ID:20	[LIST] Quarantine: (none)
1060053383	ID:20	[LIST] Blacklist: (none)
1060055395	ID:19	FUZZRID,DET,5,1374,1374,0,0,0,0,0,0,27,0,0,0
1060059838	ID:20	FUZZRID,DET,5,1374,1374,0,0,0,0,0,0,13,0,0,0
1060137842	ID:6	[HFS] ra=0 si=0 cx=49 ac=0
1060143492	ID:6	[LIST] Neighbors: 19,17,20,16,30,2,12,5
1060147140	ID:6	[LIST] Quarantine: (none)
1060150636	ID:6	[LIST] Blacklist: (none)
1060157094	ID:6	FUZZRID,DET,12,1512,1512,0,0,0,0,0,0,2,0,0,0
1060194427	ID:1	[PKT-RX] DATA bytes=14 from=24 seq=31
1060930075	ID:24	[PKT-RTT] seq=31,rtt_delay_ms=585
1060935508	ID:3	[PKT-TX] DATA bytes=13  seq=31 
1061124358	ID:1	[PKT-RX] DATA bytes=13 from=3 seq=31
1061326085	ID:8	[PKT-TX] DATA bytes=13  seq=31 
1061565395	ID:22	[PKT-TX] DATA bytes=14  seq=31 
1061691566	ID:17	[PKT-TX] DATA bytes=14  seq=31 
1061819183	ID:1	[PKT-RX] DATA bytes=13 from=8 seq=31
1061860600	ID:5	[HFS] ra=0 si=0 cx=49 ac=0
1061865397	ID:5	[LIST] Neighbors: 19,20,30,6,2,12
1061869034	ID:5	[LIST] Quarantine: (none)
1061872531	ID:5	[LIST] Blacklist: (none)
1061873621	ID:12	[HFS] ra=0 si=0 cx=49 ac=0
1061877856	ID:12	[LIST] Neighbors: 20,5,30,6,2
1061878849	ID:5	FUZZRID,DET,6,1114,1114,0,0,0,0,0,0,5,0,0,0
1061881493	ID:12	[LIST] Quarantine: (none)
1061884990	ID:12	[LIST] Blacklist: (none)
1061891308	ID:12	FUZZRID,DET,6,1114,1114,0,0,0,0,0,0,2,0,0,0
1061942075	ID:8	[HFS] ra=0 si=0 cx=49 ac=0
1061946872	ID:8	[LIST] Neighbors: 17,16,30,6,2,24
1061950509	ID:8	[LIST] Quarantine: (none)
1061954006	ID:8	[LIST] Blacklist: (none)
1061960347	ID:8	FUZZRID,DET,6,1114,1114,0,0,0,0,0,0,1,0,0,0
1062008640	ID:1	[PKT-RX] DATA bytes=14 from=22 seq=31
1062178846	ID:22	[PKT-RTT] seq=31,rtt_delay_ms=304
1062305929	ID:10	[HFS] ra=0 si=0 cx=49 ac=0
1062309947	ID:24	[HFS] ra=0 si=0 cx=49 ac=0
1062311753	ID:10	[LIST] Neighbors: 19,25,17,16,9,24,29,30
1062314896	ID:24	[LIST] Neighbors: 17,16,18,10,13,8
1062315390	ID:10	[LIST] Quarantine: (none)
1062318325	ID:8	[HFS] ra=0 si=0 cx=49 ac=0
1062318534	ID:24	[LIST] Quarantine: (none)
1062318887	ID:10	[LIST] Blacklist: (none)
1062322031	ID:24	[LIST] Blacklist: (none)
1062323122	ID:8	[LIST] Neighbors: 17,16,30,6,2,24
1062325359	ID:10	FUZZRID,DET,16,1157,1157,0,0,0,0,0,0,7,0,0,0
1062326759	ID:8	[LIST] Quarantine: (none)
1062328516	ID:24	FUZZRID,DET,16,1157,1157,0,0,0,0,0,0,1,0,0,0
1062330255	ID:8	[LIST] Blacklist: (none)
1062336745	ID:8	FUZZRID,DET,16,1157,1157,0,0,0,0,0,0,4,0,0,0
1062349630	ID:25	[HFS] ra=0 si=0 cx=49 ac=0
1062355446	ID:25	[LIST] Neighbors: 15,26,17,10,30,9,16,29
1062359083	ID:25	[LIST] Quarantine: (none)
1062362579	ID:25	[LIST] Blacklist: (none)
1062369052	ID:25	FUZZRID,DET,16,1157,1157,0,0,0,0,0,0,7,0,0,0
1062386979	ID:6	[HFS] ra=0 si=0 cx=49 ac=0
1062392629	ID:6	[LIST] Neighbors: 19,17,20,16,30,2,12,5
1062396266	ID:6	[LIST] Quarantine: (none)
1062399418	ID:2	[HFS] ra=0 si=0 cx=49 ac=0
1062399796	ID:6	[LIST] Blacklist: (none)
1062404069	ID:2	[LIST] Neighbors: 16,5,30,6,12,8
1062406253	ID:6	FUZZRID,DET,16,1157,1157,0,0,0,0,0,0,3,0,0,0
1062407706	ID:2	[LIST] Quarantine: (none)
1062408835	ID:19	[HFS] ra=0 si=0 cx=49 ac=0
1062411203	ID:2	[LIST] Blacklist: (none)
1062414637	ID:19	[LIST] Neighbors: 15,26,17,30,20,5,25,16
1062417664	ID:2	FUZZRID,DET,16,1157,1157,0,0,0,0,0,0,5,0,0,0
1062418274	ID:19	[LIST] Quarantine: (none)
1062421770	ID:19	[LIST] Blacklist: (none)
1062428387	ID:19	FUZZRID,DET,16,1157,1157,0,0,0,0,0,0,15,0,0,0
1062692786	ID:1	[PKT-RX] DATA bytes=14 from=17 seq=31
1063175319	ID:18	[PKT-TX] DATA bytes=14  seq=31 
1063568693	ID:1	[PKT-RX] DATA bytes=14 from=18 seq=31
1063635425	ID:18	[HFS] ra=0 si=0 cx=47 ac=0
1063638833	ID:18	[LIST] Neighbors: 24,13
1063642470	ID:18	[LIST] Quarantine: (none)
1063645967	ID:18	[LIST] Blacklist: (none)
1063652561	ID:18	FUZZRID,DET,13,1957,1957,0,0,0,0,0,0,23,0,0,0
1063683659	ID:24	[HFS] ra=0 si=0 cx=49 ac=0
1063688602	ID:24	[LIST] Neighbors: 17,16,18,10,13,8
1063692239	ID:24	[LIST] Quarantine: (none)
1063695735	ID:24	[LIST] Blacklist: (none)
1063702330	ID:24	FUZZRID,DET,13,1957,1957,0,0,0,0,0,0,20,0,0,0
1064744442	ID:4	[PKT-TX] DATA bytes=13  seq=31 
1065044900	ID:1	[PKT-RX] DATA bytes=13 from=4 seq=31
1065152461	ID:4	[PKT-RTT] seq=31,rtt_delay_ms=203
1065667721	ID:19	[PKT-TX] DATA bytes=14  seq=31 
1065816629	ID:1	[PKT-RX] DATA bytes=14 from=19 seq=31
1066000392	ID:12	[HFS] ra=0 si=0 cx=48 ac=0
1066004617	ID:12	[LIST] Neighbors: 20,5,30,6,2
1066008253	ID:12	[LIST] Quarantine: (none)
1066011750	ID:12	[LIST] Blacklist: (none)
1066018206	ID:12	FUZZRID,DET,5,1269,1269,0,0,0,0,0,0,22,0,0,0
1066039720	ID:20	[HFS] ra=0 si=0 cx=49 ac=0
1066045370	ID:20	[LIST] Neighbors: 26,30,19,6,12,5,22,11
1066049007	ID:20	[LIST] Quarantine: (none)
1066052509	ID:20	[LIST] Blacklist: (none)
1066058965	ID:20	FUZZRID,DET,5,1269,1269,0,0,0,0,0,0,15,0,0,0
1066807090	ID:29	[ATK-FAKE-RANK]  true_rank=1345 fake_rank=1771 t=11720s
1066891830	ID:9	[HFS] ra=74 si=49 cx=49 ac=82
1066897040	ID:9	[LIST] Neighbors: 4,25,29,10,7,23,14
1066900677	ID:9	[LIST] Quarantine: (none)
1066904174	ID:9	[LIST] Blacklist: (none)
1066905778	ID:19	[PKT-RTT] seq=31,rtt_delay_ms=617
1066912155	ID:9	FUZZRID,DET,29,1771,1345,426,0,100,100,69,33,4,0,82,75
1067215858	ID:6	[PKT-TX] DATA bytes=13  seq=31 
1067473965	ID:1	[PKT-RX] DATA bytes=13 from=6 seq=31
1068643885	ID:9	[HFS] ra=0 si=0 cx=49 ac=0
1068649095	ID:9	[LIST] Neighbors: 4,25,29,10,7,23,14
1068652732	ID:9	[LIST] Quarantine: (none)
1068656229	ID:9	[LIST] Blacklist: (none)
1068662183	ID:9	FUZZRID,DET,4,840,840,0,0,0,0,0,0,8,0,0,0
1068671164	ID:31	[ATK-FAKE-RANK]  true_rank=837 fake_rank=988 t=11720s
1068780442	ID:4	[HFS] ra=74 si=0 cx=49 ac=95
1068785519	ID:4	[LIST] Neighbors: 28,9,31,7,3,14,21
1068789156	ID:4	[LIST] Quarantine: (none)
1068792653	ID:4	[LIST] Blacklist: (none)
1068799942	ID:4	FUZZRID,DET,31,988,837,151,0,56,87,24,0,2,0,95,100
1069661275	ID:23	[PKT-TX] DATA bytes=14  seq=31 
1069885716	ID:18	[HFS] ra=0 si=0 cx=49 ac=0
1069889113	ID:18	[LIST] Neighbors: 24,13
1069892750	ID:18	[LIST] Quarantine: (none)
1069896246	ID:18	[LIST] Blacklist: (none)
1069902842	ID:18	FUZZRID,DET,13,1902,1902,0,0,0,0,0,0,20,0,0,0
1069998604	ID:1	[PKT-RX] DATA bytes=14 from=23 seq=31
1070409391	ID:19	[HFS] ra=0 si=0 cx=44 ac=0
1070415196	ID:19	[LIST] Neighbors: 15,26,17,30,20,5,25,16
1070418091	ID:20	[HFS] ra=0 si=0 cx=49 ac=0
1070418833	ID:19	[LIST] Quarantine: (none)
1070422330	ID:19	[LIST] Blacklist: (none)
1070423741	ID:20	[LIST] Neighbors: 26,30,19,6,12,5,22,11
1070427378	ID:20	[LIST] Quarantine: (none)
1070428801	ID:19	FUZZRID,DET,5,1247,1247,0,0,0,0,0,0,26,0,0,0
1070430874	ID:20	[LIST] Blacklist: (none)
1070437330	ID:20	FUZZRID,DET,5,1247,1247,0,0,0,0,0,0,14,0,0,0
1070502644	ID:12	[HFS] ra=0 si=0 cx=48 ac=0
1070506869	ID:12	[LIST] Neighbors: 20,5,30,6,2
1070510529	ID:12	[LIST] Quarantine: (none)
1070512223	ID:6	[HFS] ra=0 si=0 cx=49 ac=0
1070514025	ID:12	[LIST] Blacklist: (none)
1070517879	ID:6	[LIST] Neighbors: 19,17,20,16,30,2,12,5
1070520480	ID:12	FUZZRID,DET,5,1247,1247,0,0,0,0,0,0,22,0,0,0
1070521516	ID:6	[LIST] Quarantine: (none)
1070524142	ID:2	[HFS] ra=0 si=0 cx=49 ac=0
1070525012	ID:6	[LIST] Blacklist: (none)
1070528793	ID:2	[LIST] Neighbors: 16,5,30,6,12,8
1070531490	ID:6	FUZZRID,DET,5,1247,1247,0,0,0,0,0,0,17,0,0,0
1070532430	ID:2	[LIST] Quarantine: (none)
1070535926	ID:2	[LIST] Blacklist: (none)
1070542382	ID:2	FUZZRID,DET,5,1247,1247,0,0,0,0,0,0,19,0,0,0
1070896890	ID:14	[PKT-TX] DATA bytes=14  seq=31 
1071254726	ID:1	[PKT-RX] DATA bytes=14 from=14 seq=31
1071502783	ID:14	[PKT-RTT] seq=31,rtt_delay_ms=296
1071644540	ID:9	[PKT-TX] DATA bytes=13  seq=31 
1071871462	ID:1	[PKT-RX] DATA bytes=13 from=9 seq=31
1072775600	ID:5	[PKT-TX] DATA bytes=13  seq=31 
1072957120	ID:1	[PKT-RX] DATA bytes=13 from=5 seq=31
1073213592	ID:11	[PKT-TX] DATA bytes=14  seq=31 
1073232512	ID:5	[PKT-RTT] seq=31,rtt_delay_ms=226
1073567011	ID:1	[PKT-RX] DATA bytes=14 from=11 seq=31
1074743532	ID:10	[PKT-TX] DATA bytes=14  seq=31 
1074819113	ID:1	[PKT-RX] DATA bytes=14 from=10 seq=31
1074857708	ID:25	[PKT-TX] DATA bytes=14  seq=31 
1074941431	ID:1	[PKT-RX] DATA bytes=14 from=25 seq=31
1076493371	ID:13	[HFS] ra=0 si=0 cx=49 ac=0
1076496754	ID:13	[LIST] Neighbors: 24,18
1076500391	ID:13	[LIST] Quarantine: (none)
1076503888	ID:13	[LIST] Blacklist: (none)
1076510343	ID:13	FUZZRID,DET,18,1828,1828,0,0,0,0,0,0,1,0,0,0
1076558062	ID:24	[HFS] ra=0 si=0 cx=49 ac=0
1076563038	ID:24	[LIST] Neighbors: 17,16,18,10,13,8
1076566675	ID:24	[LIST] Quarantine: (none)
1076570172	ID:24	[LIST] Blacklist: (none)
1076576627	ID:24	FUZZRID,DET,18,1828,1828,0,0,0,0,0,0,2,0,0,0
1076644796	ID:9	[HFS] ra=0 si=0 cx=49 ac=0
1076650005	ID:9	[LIST] Neighbors: 4,25,29,10,7,23,14
1076653642	ID:9	[LIST] Quarantine: (none)
1076657139	ID:9	[LIST] Blacklist: (none)
1076663628	ID:9	FUZZRID,DET,10,1166,1166,0,0,0,0,0,0,7,0,0,0
1076682582	ID:17	[HFS] ra=0 si=0 cx=49 ac=0
1076688524	ID:17	[LIST] Neighbors: 26,19,16,10,24,29,25,30
1076692161	ID:17	[LIST] Quarantine: (none)
1076695657	ID:17	[LIST] Blacklist: (none)
1076702113	ID:17	FUZZRID,DET,10,1166,1166,0,0,0,0,0,0,6,0,0,0
1076725564	ID:25	[HFS] ra=0 si=0 cx=49 ac=0
1076731360	ID:25	[LIST] Neighbors: 15,26,17,10,30,9,16,29
1076734996	ID:25	[LIST] Quarantine: (none)
1076738493	ID:25	[LIST] Blacklist: (none)
1076744948	ID:25	FUZZRID,DET,10,1166,1166,0,0,0,0,0,0,6,0,0,0
1077478708	ID:27	[ATK-FAKE-RANK]  true_rank=512 fake_rank=732 t=11720s
1077560224	ID:15	[HFS] ra=74 si=49 cx=49 ac=82
1077565740	ID:15	[LIST] Neighbors: 28,26,22,19,25,11,27
1077569377	ID:15	[LIST] Quarantine: (none)
1077572874	ID:15	[LIST] Blacklist: (none)
1077580194	ID:15	FUZZRID,DET,27,732,512,220,0,85,100,15,0,0,0,82,75
1080160184	ID:18	 138243 P 0.0 17 619821 34766197 202772 335501 0 244295 42849 1923076 15723 20167 0 13447 (radio 1.-70% / 1.82% tx 0.57% / 0.79% listen 0.94% / 1.02%)
1080188548	ID:16	 138243 P 0.0 17 1321953 34064557 397861 566078 0 392481 59872 1906137 16150 26937 0 20541 (radio 2.-171% / 2.19% tx 1.12% / 0.82% listen 1.-62% / 1.37%)
1080326074	ID:3	 138243 P 0.0 17 689708 34697766 223410 372536 0 281639 25009 1941058 3981 17962 0 15341 (radio 1.-53% / 1.11% tx 0.63% / 0.20% listen 1.05% / 0.91%)
1080348697	ID:23	 138243 P 0.0 17 637161 34749071 219764 326029 0 237271 31573 1934431 9559 16362 0 12667 (radio 1.-68% / 1.31% tx 0.62% / 0.48% listen 0.92% / 0.83%)
1080374410	ID:25	 138243 P 0.0 17 1294955 34091060 377303 593054 0 418963 53844 1912160 10838 27135 0 21198 (radio 2.-169% / 1.93% tx 1.06% / 0.55% listen 1.-54% / 1.38%)
1080417760	ID:11	 138243 P 0.0 17 1008299 34379273 296445 488687 0 337207 51767 1914252 13864 25883 0 17699 (radio 2.-100% / 2.02% tx 0.83% / 0.70% listen 1.-84% / 1.31%)
1080563644	ID:19	 138243 P 0.0 17 2443119 32943552 896309 870251 0 361798 138883 1827212 48012 47100 0 15648 (radio 4.-387% / 4.83% tx 2.-190% / 2.44% listen 2.-197% / 2.39%)
1080564807	ID:20	 138243 P 0.0 17 1150304 34236139 320669 492575 0 354516 69704 1896276 20020 27460 0 18138 (radio 2.-92% / 2.41% tx 0.90% / 1.01% listen 1.-83% / 1.39%)
1080578154	ID:7	[PKT-TX] DATA bytes=13  seq=31 
1080580367	ID:10	 138243 P 0.0 17 1130681 34257364 341719 593043 0 459569 44575 1921447 9483 27988 0 24561 (radio 2.-179% / 1.90% tx 0.96% / 0.48% listen 1.-54% / 1.42%)
1080716641	ID:8	 138243 P 0.0 17 822377 34565243 207878 373513 0 284733 38561 1927457 8241 17666 0 14761 (radio 1.-58% / 1.31% tx 0.58% / 0.41% listen 1.05% / 0.89%)
1080749419	ID:1	[PKT-RX] DATA bytes=13 from=7 seq=31
1080763088	ID:4	 138253 P 0.0 17 1135338 34255153 370141 461830 0 297176 71397 1897182 24610 28029 0 15142 (radio 2.-87% / 2.67% tx 1.04% / 1.25% listen 1.-91% / 1.42%)
1080780897	ID:14	 138243 P 0.0 17 1194733 34191513 442038 475422 0 263078 52270 1913721 16889 23428 0 14590 (radio 2.-184% / 2.05% tx 1.-97% / 0.85% listen 1.-88% / 1.19%)
1080813074	ID:7	 138243 P 0.0 17 808569 34578226 212432 377057 0 296016 41630 1921953 10220 19372 0 14743 (radio 1.-55% / 1.50% tx 0.60% / 0.52% listen 1.06% / 0.98%)
1080829035	ID:1	 138245 P 0.0 17 2072638 33315418 923546 34464108 0 0 100628 1865413 42603 1923295 0 0 (radio 99.-9853% / 99.-8640% tx 2.-182% / 2.16% listen 97.-9671% / 97.-8656%)
1080833721	ID:17	 138243 P 0.0 17 1888805 33497875 744039 771138 0 433305 92837 1873014 34114 39694 0 22491 (radio 4.-336% / 3.75% tx 2.-112% / 1.73% listen 2.-104% / 2.01%)
1080912296	ID:6	 138243 P 0.0 17 1210134 34177312 316406 560080 0 391734 77816 1888048 23036 31884 0 21180 (radio 2.-196% / 2.79% tx 0.89% / 1.17% listen 1.-64% / 1.62%)
1080921717	ID:2	 138243 P 0.0 17 875567 34511700 242377 401407 0 302487 42572 1923387 8551 20722 0 16846 (radio 1.-40% / 1.48% tx 0.68% / 0.43% listen 1.13% / 1.05%)
1080955185	ID:22	 138243 P 0.0 17 756028 34630882 217576 377908 0 287366 46938 1919046 14395 21107 0 14788 (radio 1.-54% / 1.80% tx 0.61% / 0.73% listen 1.06% / 1.07%)
1080965981	ID:15	 138260 P 0.0 17 2266208 33124221 768231 824315 0 302851 123176 1847060 40673 43918 0 16225 (radio 4.-315% / 4.29% tx 2.-105% / 2.06% listen 2.-89% / 2.22%)
1081025452	ID:12	 138243 P 0.0 17 938955 34447143 316297 403565 0 283649 71327 1894694 29300 27693 0 16091 (radio 2.-118% / 2.89% tx 0.89% / 1.49% listen 1.14% / 1.40%)
1081041883	ID:9	 138243 P 0.0 17 1141028 34247121 379871 466301 0 302342 55962 1910089 14608 23227 0 15387 (radio 2.-83% / 1.92% tx 1.07% / 0.74% listen 1.-90% / 1.18%)
1081084172	ID:24	 138243 P 0.0 17 1465383 33921706 623609 547015 0 277207 78947 1887073 31384 29478 0 14213 (radio 3.-212% / 3.09% tx 1.-46% / 1.59% listen 1.-67% / 1.49%)
1081135963	ID:5	 138243 P 0.0 17 1030994 34356643 340027 451821 0 323043 59829 1906162 19411 24739 0 18866 (radio 2.-98% / 2.24% tx 0.96% / 0.98% listen 1.-94% / 1.25%)
1081137120	ID:21	 138243 P 0.0 17 920005 34468415 252411 465078 0 283284 44444 1919975 9923 24139 0 15244 (radio 2.-119% / 1.73% tx 0.71% / 0.50% listen 1.-90% / 1.22%)
1081141149	ID:13	 138243 P 0.0 17 545121 34841188 160481 306786 0 249768 43818 1922094 15350 19638 0 13741 (radio 1.-90% / 1.77% tx 0.45% / 0.78% listen 0.86% / 0.99%)
1084558125	ID:18	[PKT-TX] DATA bytes=14  seq=32 
1084687500	ID:13	[PKT-TX] DATA bytes=14  seq=32 
1084942188	ID:1	[PKT-RX] DATA bytes=14 from=18 seq=32
1085193319	ID:3	[PKT-TX] DATA bytes=13  seq=32 
1085373268	ID:1	[PKT-RX] DATA bytes=13 from=3 seq=32
1085583891	ID:8	[PKT-TX] DATA bytes=13  seq=32 
1085638312	ID:1	[PKT-RX] DATA bytes=14 from=13 seq=32
1085790315	ID:12	[PKT-TX] DATA bytes=14  seq=32 
1085884524	ID:18	[HFS] ra=0 si=0 cx=49 ac=0
1085887907	ID:18	[LIST] Neighbors: 24,13
1085891544	ID:18	[LIST] Quarantine: (none)
1085895041	ID:18	[LIST] Blacklist: (none)
1085901495	ID:18	FUZZRID,DET,24,1383,1383,0,0,0,0,0,0,5,0,0,0
1085902504	ID:17	[PKT-TX] DATA bytes=14  seq=32 
1085929061	ID:10	[HFS] ra=0 si=0 cx=49 ac=0
1085934857	ID:10	[LIST] Neighbors: 19,25,17,16,9,24,29,30
1085938494	ID:10	[LIST] Quarantine: (none)
1085941990	ID:10	[LIST] Blacklist: (none)
1085948444	ID:10	FUZZRID,DET,24,1383,1383,0,0,0,0,0,0,9,0,0,0
1086067284	ID:1	[PKT-RX] DATA bytes=14 from=12 seq=32
1086183453	ID:24	[HFS] ra=0 si=0 cx=49 ac=0
1086188396	ID:24	[LIST] Neighbors: 17,16,18,10,13,8
1086192033	ID:24	[LIST] Quarantine: (none)
1086195564	ID:24	[LIST] Blacklist: (none)
1086202159	ID:24	FUZZRID,DET,13,1878,1878,0,0,0,0,0,0,17,0,0,0
1086624569	ID:12	[HFS] ra=0 si=0 cx=48 ac=0
1086628793	ID:12	[LIST] Neighbors: 20,5,30,6,2
1086632430	ID:12	[LIST] Quarantine: (none)
1086635948	ID:12	[LIST] Blacklist: (none)
1086638569	ID:6	[HFS] ra=0 si=0 cx=49 ac=0
1086642403	ID:12	FUZZRID,DET,5,1227,1227,0,0,0,0,0,0,21,0,0,0
1086644219	ID:6	[LIST] Neighbors: 19,17,20,16,30,2,12,5
1086646070	ID:2	[HFS] ra=0 si=0 cx=49 ac=0
1086647856	ID:6	[LIST] Quarantine: (none)
1086650721	ID:2	[LIST] Neighbors: 16,5,30,6,12,8
1086651352	ID:6	[LIST] Blacklist: (none)
1086652516	ID:4	[PKT-TX] DATA bytes=13  seq=32 
1086654358	ID:2	[LIST] Quarantine: (none)
1086657807	ID:6	FUZZRID,DET,5,1227,1227,0,0,0,0,0,0,16,0,0,0
1086657888	ID:2	[LIST] Blacklist: (none)
1086664343	ID:2	FUZZRID,DET,5,1227,1227,0,0,0,0,0,0,13,0,0,0
1086825098	ID:1	[PKT-RX] DATA bytes=14 from=17 seq=32
1087123669	ID:1	[PKT-RX] DATA bytes=13 from=4 seq=32
1087236536	ID:13	[PKT-RTT] seq=32,rtt_delay_ms=1273
1087277841	ID:4	[PKT-RTT] seq=32,rtt_delay_ms=312
1087694060	ID:1	[PKT-RX] DATA bytes=13 from=8 seq=32
1088065785	ID:8	[PKT-RTT] seq=32,rtt_delay_ms=1234
1090133940	ID:18	[HFS] ra=0 si=0 cx=49 ac=0
1090137323	ID:18	[LIST] Neighbors: 24,13
1090140961	ID:18	[LIST] Quarantine: (none)
1090144457	ID:18	[LIST] Blacklist: (none)
1090151052	ID:18	FUZZRID,DET,13,1878,1878,0,0,0,0,0,0,18,0,0,0
1090287456	ID:7	[HFS] ra=0 si=0 cx=49 ac=0
1090291846	ID:7	[LIST] Neighbors: 4,23,29,9,14
1090295483	ID:7	[LIST] Quarantine: (none)
1090298979	ID:7	[LIST] Blacklist: (none)
1090305435	ID:7	FUZZRID,DET,23,1749,1749,0,0,0,0,0,0,8,0,0,0
1090613356	ID:20	[PKT-TX] DATA bytes=14  seq=32 
1090691947	ID:1	[PKT-RX] DATA bytes=14 from=20 seq=32
1092885627	ID:6	[HFS] ra=0 si=0 cx=49 ac=0
1092891276	ID:6	[LIST] Neighbors: 19,17,20,16,30,2,12,5
1092894913	ID:6	[LIST] Quarantine: (none)
1092898410	ID:6	[LIST] Blacklist: (none)
1092904532	ID:6	FUZZRID,DET,19,768,768,0,0,0,0,0,0,6,0,0,0
1092915376	ID:16	[HFS] ra=0 si=0 cx=49 ac=0
1092916190	ID:20	[HFS] ra=0 si=0 cx=49 ac=0
1092921025	ID:16	[LIST] Neighbors: 19,17,30,24,29,25,2,8
1092921850	ID:20	[LIST] Neighbors: 26,30,19,6,12,5,22,11
1092924664	ID:16	[LIST] Quarantine: (none)
1092925487	ID:20	[LIST] Quarantine: (none)
1092928160	ID:16	[LIST] Blacklist: (none)
1092928983	ID:20	[LIST] Blacklist: (none)
1092932541	ID:10	[HFS] ra=0 si=0 cx=49 ac=0
1092932605	ID:17	[HFS] ra=0 si=0 cx=49 ac=0
1092933598	ID:15	[HFS] ra=0 si=0 cx=49 ac=0
1092934255	ID:16	FUZZRID,DET,19,768,768,0,0,0,0,0,0,5,0,0,0
1092935077	ID:20	FUZZRID,DET,19,768,768,0,0,0,0,0,0,0,0,0,0
1092938337	ID:10	[LIST] Neighbors: 19,25,17,16,9,24,29,30
1092938563	ID:17	[LIST] Neighbors: 26,19,16,10,24,29,25,30
1092939114	ID:15	[LIST] Neighbors: 28,26,22,19,25,11,27
1092941987	ID:10	[LIST] Quarantine: (none)
1092942200	ID:17	[LIST] Quarantine: (none)
1092942752	ID:15	[LIST] Quarantine: (none)
1092945483	ID:10	[LIST] Blacklist: (none)
1092945697	ID:17	[LIST] Blacklist: (none)
1092946249	ID:15	[LIST] Blacklist: (none)
1092951577	ID:10	FUZZRID,DET,19,768,768,0,0,0,0,0,0,7,0,0,0
1092951791	ID:17	FUZZRID,DET,19,768,768,0,0,0,0,0,0,7,0,0,0
1092952343	ID:15	FUZZRID,DET,19,768,768,0,0,0,0,0,0,1,0,0,0
1093986533	ID:5	[PKT-TX] DATA bytes=13  seq=32 
1094067198	ID:1	[PKT-RX] DATA bytes=13 from=5 seq=32
1094358975	ID:5	[PKT-RTT] seq=32,rtt_delay_ms=179
1095573200	ID:22	[PKT-TX] DATA bytes=14  seq=32 
1095632815	ID:1	[PKT-RX] DATA bytes=14 from=22 seq=32
1095803027	ID:22	[PKT-RTT] seq=32,rtt_delay_ms=109
1096056345	ID:10	[HFS] ra=0 si=0 cx=49 ac=0
1096062172	ID:10	[LIST] Neighbors: 19,25,17,16,9,24,29,30
1096065809	ID:10	[LIST] Quarantine: (none)
1096069306	ID:10	[LIST] Blacklist: (none)
1096075400	ID:10	FUZZRID,DET,19,768,768,0,0,0,0,0,0,7,0,0,0
1097560173	ID:23	[PKT-TX] DATA bytes=14  seq=32 
1097870826	ID:1	[PKT-RX] DATA bytes=14 from=23 seq=32
1097873188	ID:30	[ATK-FAKE-RANK]  true_rank=1119 fake_rank=1396 t=11720s
1097975234	ID:25	[HFS] ra=74 si=49 cx=49 ac=82
1097981030	ID:25	[LIST] Neighbors: 15,26,17,10,30,9,16,29
1097984701	ID:25	[LIST] Quarantine: (none)
1097988197	ID:25	[LIST] Blacklist: (none)
1097996025	ID:25	FUZZRID,DET,30,1396,1119,277,0,100,100,10,0,0,0,82,75
1098624384	ID:25	[PKT-TX] DATA bytes=14  seq=32 
1098690511	ID:1	[PKT-RX] DATA bytes=14 from=25 seq=32
1098839852	ID:9	[PKT-TX] DATA bytes=13  seq=32 
1099122451	ID:1	[PKT-RX] DATA bytes=13 from=9 seq=32
1101586783	ID:29	[ATK-FAKE-RANK]  true_rank=1345 fake_rank=1791 t=11720s
1101643396	ID:9	[HFS] ra=74 si=49 cx=49 ac=82
1101648625	ID:9	[LIST] Neighbors: 4,25,29,10,7,23,14
1101652262	ID:9	[LIST] Quarantine: (none)
1101655759	ID:9	[LIST] Blacklist: (none)
1101663586	ID:9	FUZZRID,DET,29,1791,1345,446,0,100,100,4,33,4,0,82,75
1101664819	ID:7	[HFS] ra=74 si=49 cx=49 ac=82
1101665598	ID:16	[HFS] ra=74 si=49 cx=49 ac=82
1101669175	ID:7	[LIST] Neighbors: 4,23,29,9,14
1101671248	ID:16	[LIST] Neighbors: 19,17,30,24,29,25,2,8
1101672812	ID:7	[LIST] Quarantine: (none)
1101674885	ID:16	[LIST] Quarantine: (none)
1101676309	ID:7	[LIST] Blacklist: (none)
1101678381	ID:16	[LIST] Blacklist: (none)
1101682872	ID:10	[HFS] ra=74 si=49 cx=49 ac=82
1101684452	ID:7	FUZZRID,DET,29,1791,1345,446,0,100,100,53,28,10,0,82,55
1101686347	ID:16	FUZZRID,DET,29,1791,1345,446,0,100,100,35,33,3,0,82,75
1101687193	ID:17	[HFS] ra=74 si=49 cx=49 ac=82
1101688668	ID:10	[LIST] Neighbors: 19,25,17,16,9,24,29,30
1101692305	ID:10	[LIST] Quarantine: (none)
1101693137	ID:17	[LIST] Neighbors: 26,19,16,10,24,29,25,30
1101695802	ID:10	[LIST] Blacklist: (none)
1101696773	ID:17	[LIST] Quarantine: (none)
1101700270	ID:17	[LIST] Blacklist: (none)
1101703629	ID:10	FUZZRID,DET,29,1791,1345,446,0,100,100,30,0,3,0,82,75
1101708096	ID:17	FUZZRID,DET,29,1791,1345,446,0,100,100,26,0,2,0,82,75
1101725969	ID:25	[HFS] ra=74 si=49 cx=49 ac=82
1101731765	ID:25	[LIST] Neighbors: 15,26,17,10,30,9,16,29
1101735402	ID:25	[LIST] Quarantine: (none)
1101738898	ID:25	[LIST] Blacklist: (none)
1101746864	ID:25	FUZZRID,DET,29,1791,1345,446,0,100,100,74,33,4,0,82,75
1101933361	ID:19	[PKT-TX] DATA bytes=14  seq=32 
1102067410	ID:1	[PKT-RX] DATA bytes=14 from=19 seq=32
1102565995	ID:15	[PKT-TX] DATA bytes=14  seq=32 
1102582673	ID:1	[PKT-RX] DATA bytes=14 from=15 seq=32
1103734949	ID:2	[PKT-TX] DATA bytes=13  seq=32 
1103817952	ID:1	[PKT-RX] DATA bytes=13 from=2 seq=32
1104828148	ID:7	[PKT-TX] DATA bytes=13  seq=32 
1104999235	ID:1	[PKT-RX] DATA bytes=13 from=7 seq=32
1105717194	ID:14	[PKT-TX] DATA bytes=14  seq=32 
1105815140	ID:11	[PKT-TX] DATA bytes=14  seq=32 
1105871737	ID:1	[PKT-RX] DATA bytes=14 from=14 seq=32
1106126163	ID:14	[PKT-RTT] seq=32,rtt_delay_ms=203
1106442110	ID:1	[PKT-RX] DATA bytes=14 from=11 seq=32
1106618537	ID:10	[PKT-TX] DATA bytes=14  seq=32 
1106693753	ID:1	[PKT-RX] DATA bytes=14 from=10 seq=32
1107059082	ID:24	[HFS] ra=0 si=0 cx=49 ac=0
1107064057	ID:24	[LIST] Neighbors: 17,16,18,10,13,8
1107067694	ID:24	[LIST] Quarantine: (none)
1107071191	ID:24	[LIST] Blacklist: (none)
1107077815	ID:24	FUZZRID,DET,13,1878,1878,0,0,0,0,0,0,15,0,0,0
1107122026	ID:24	[PKT-TX] DATA bytes=14  seq=32 
1107134915	ID:18	[HFS] ra=0 si=0 cx=49 ac=0
1107138299	ID:18	[LIST] Neighbors: 24,13
1107141936	ID:18	[LIST] Quarantine: (none)
1107145432	ID:18	[LIST] Blacklist: (none)
1107152027	ID:18	FUZZRID,DET,13,1878,1878,0,0,0,0,0,0,16,0,0,0
1107755619	ID:6	[PKT-TX] DATA bytes=13  seq=32 
1107833821	ID:1	[PKT-RX] DATA bytes=14 from=24 seq=32
1107927291	ID:10	[PKT-RTT] seq=32,rtt_delay_ms=648
1108066397	ID:1	[PKT-RX] DATA bytes=13 from=6 seq=32
1108383803	ID:6	[PKT-RTT] seq=32,rtt_delay_ms=312
1108542957	ID:21	[PKT-TX] DATA bytes=14  seq=32 
1108554337	ID:22	[HFS] ra=0 si=0 cx=49 ac=0
1108559033	ID:22	[LIST] Neighbors: 15,26,11,20,27
1108559698	ID:1	[PKT-RX] DATA bytes=14 from=21 seq=32
1108562670	ID:22	[LIST] Quarantine: (none)
1108566167	ID:22	[LIST] Blacklist: (none)
1108572261	ID:22	FUZZRID,DET,15,512,512,0,0,0,0,0,0,5,0,0,0
1108687450	ID:16	[PKT-TX] DATA bytes=14  seq=32 
1108750812	ID:12	[HFS] ra=0 si=0 cx=49 ac=0
1108755036	ID:12	[LIST] Neighbors: 20,5,30,6,2
1108758673	ID:12	[LIST] Quarantine: (none)
1108762169	ID:12	[LIST] Blacklist: (none)
1108768485	ID:12	FUZZRID,DET,2,1406,1406,0,0,0,0,0,0,2,0,0,0
1108943844	ID:1	[PKT-RX] DATA bytes=14 from=16 seq=32
1109283895	ID:16	[PKT-RTT] seq=32,rtt_delay_ms=296
1111042162	ID:7	[PKT-TX] DATA bytes=13  seq=33 
1111248229	ID:1	[PKT-RX] DATA bytes=13 from=7 seq=33
1111394015	ID:9	[HFS] ra=0 si=0 cx=49 ac=0
1111399225	ID:9	[LIST] Neighbors: 4,25,29,10,7,23,14
1111402862	ID:9	[LIST] Quarantine: (none)
1111406359	ID:9	[LIST] Blacklist: (none)
1111412709	ID:9	FUZZRID,DET,7,1229,1229,0,0,0,0,0,0,4,0,0,0
1111678435	ID:3	[HFS] ra=0 si=0 cx=49 ac=0
1111682110	ID:3	[LIST] Neighbors: 31,4,14
1111685747	ID:3	[LIST] Quarantine: (none)
1111689244	ID:3	[LIST] Blacklist: (none)
1111695701	ID:3	FUZZRID,DET,14,1104,1104,0,0,0,0,0,0,1,0,0,0
1111847409	ID:19	[PKT-TX] DATA bytes=14  seq=33 
1111943057	ID:1	[PKT-RX] DATA bytes=14 from=19 seq=33
1111962282	ID:10	[PKT-TX] DATA bytes=14  seq=33 
1112067191	ID:1	[PKT-RX] DATA bytes=14 from=10 seq=33
1112090004	ID:17	[PKT-TX] DATA bytes=14  seq=33 
1112694223	ID:1	[PKT-RX] DATA bytes=14 from=17 seq=33
1112811005	ID:24	[HFS] ra=0 si=0 cx=49 ac=0
1112815948	ID:24	[LIST] Neighbors: 17,16,18,10,13,8
1112819585	ID:24	[LIST] Quarantine: (none)
1112823081	ID:24	[LIST] Blacklist: (none)
1112829398	ID:24	FUZZRID,DET,8,1419,1419,0,0,0,0,0,0,0,0,0,0
1113057778	ID:10	[HFS] ra=0 si=0 cx=49 ac=0
1113063574	ID:10	[LIST] Neighbors: 19,25,17,16,9,24,29,30
1113067211	ID:10	[LIST] Quarantine: (none)
1113070708	ID:10	[LIST] Blacklist: (none)
1113077202	ID:10	FUZZRID,DET,16,1132,1132,0,0,0,0,0,0,7,0,0,0
1114303084	ID:10	[PKT-RTT] seq=33,rtt_delay_ms=1164
1114555071	ID:17	[PKT-RTT] seq=33,rtt_delay_ms=1226
1115807575	ID:22	[PKT-TX] DATA bytes=14  seq=33 
1115881983	ID:1	[PKT-RX] DATA bytes=14 from=22 seq=33
1116052232	ID:22	[PKT-RTT] seq=33,rtt_delay_ms=117
1116056603	ID:12	[PKT-TX] DATA bytes=14  seq=33 
1116318636	ID:1	[PKT-RX] DATA bytes=14 from=12 seq=33
1118501797	ID:12	[HFS] ra=0 si=0 cx=49 ac=0
1118506021	ID:12	[LIST] Neighbors: 20,5,30,6,2
1118509658	ID:12	[LIST] Quarantine: (none)
1118511514	ID:6	[HFS] ra=0 si=0 cx=49 ac=0
1118513185	ID:12	[LIST] Blacklist: (none)
1118517180	ID:6	[LIST] Neighbors: 19,17,20,16,30,2,12,5
1118519640	ID:12	FUZZRID,DET,5,1209,1209,0,0,0,0,0,0,15,0,0,0
1118520817	ID:6	[LIST] Quarantine: (none)
1118523281	ID:2	[HFS] ra=0 si=0 cx=49 ac=0
1118524313	ID:6	[LIST] Blacklist: (none)
1118527932	ID:2	[LIST] Neighbors: 16,5,30,6,12,8
1118530791	ID:6	FUZZRID,DET,5,1209,1209,0,0,0,0,0,0,12,0,0,0
1118531569	ID:2	[LIST] Quarantine: (none)
1118532849	ID:19	[HFS] ra=0 si=0 cx=45 ac=0
1118535065	ID:2	[LIST] Blacklist: (none)
1118538658	ID:19	[LIST] Neighbors: 15,26,17,30,20,5,25,16
1118541360	ID:20	[HFS] ra=0 si=0 cx=49 ac=0
1118541538	ID:2	FUZZRID,DET,5,1209,1209,0,0,0,0,0,0,12,0,0,0
1118542295	ID:19	[LIST] Quarantine: (none)
1118545791	ID:19	[LIST] Blacklist: (none)
1118547009	ID:20	[LIST] Neighbors: 26,30,19,6,12,5,22,11
1118550646	ID:20	[LIST] Quarantine: (none)
1118552263	ID:19	FUZZRID,DET,5,1209,1209,0,0,0,0,0,0,25,0,0,0
1118554143	ID:20	[LIST] Blacklist: (none)
1118560601	ID:20	FUZZRID,DET,5,1209,1209,0,0,0,0,0,0,13,0,0,0
1120349562	ID:3	[PKT-TX] DATA bytes=13  seq=33 
1120497235	ID:1	[PKT-RX] DATA bytes=13 from=3 seq=33
1121375000	ID:13	[PKT-TX] DATA bytes=14  seq=33 
1121669872	ID:8	[PKT-TX] DATA bytes=13  seq=33 
1122191408	ID:1	[PKT-RX] DATA bytes=13 from=8 seq=33
1122593710	ID:16	[PKT-TX] DATA bytes=14  seq=33 
1123066358	ID:1	[PKT-RX] DATA bytes=14 from=16 seq=33
1123201453	ID:25	[PKT-TX] DATA bytes=14  seq=33 
1123379436	ID:14	[HFS] ra=0 si=0 cx=49 ac=0
1123383514	ID:14	[LIST] Neighbors: 31,4,7,9,3
1123387151	ID:14	[LIST] Quarantine: (none)
1123390647	ID:14	[LIST] Blacklist: (none)
1123396601	ID:14	FUZZRID,DET,4,822,822,0,0,0,0,0,0,9,0,0,0
1123413369	ID:7	[HFS] ra=0 si=0 cx=48 ac=0
1123417726	ID:7	[LIST] Neighbors: 4,23,29,9,14
1123421363	ID:7	[LIST] Quarantine: (none)
1123424859	ID:7	[LIST] Blacklist: (none)
1123426209	ID:3	[HFS] ra=0 si=0 cx=49 ac=0
1123429873	ID:3	[LIST] Neighbors: 31,4,14
1123430951	ID:7	FUZZRID,DET,4,822,822,0,0,0,0,0,0,22,0,0,0
1123433510	ID:3	[LIST] Quarantine: (none)
1123437006	ID:3	[LIST] Blacklist: (none)
1123443098	ID:3	FUZZRID,DET,4,822,822,0,0,0,0,0,0,17,0,0,0
1123450199	ID:6	[PKT-TX] DATA bytes=13  seq=33 
1123486149	ID:21	[HFS] ra=0 si=0 cx=49 ac=0
1123489841	ID:21	[LIST] Neighbors: 28,4,31
1123493477	ID:21	[LIST] Quarantine: (none)
1123496974	ID:21	[LIST] Blacklist: (none)
1123503066	ID:21	FUZZRID,DET,4,822,822,0,0,0,0,0,0,18,0,0,0
1123692007	ID:8	[PKT-RTT] seq=33,rtt_delay_ms=1007
1123716156	ID:1	[PKT-RX] DATA bytes=13 from=6 seq=33
1123972235	ID:15	[PKT-TX] DATA bytes=14  seq=33 
1124283887	ID:16	[PKT-RTT] seq=33,rtt_delay_ms=843
1124458129	ID:1	[PKT-RX] DATA bytes=14 from=15 seq=33
1124691810	ID:1	[PKT-RX] DATA bytes=14 from=25 seq=33
1125692049	ID:1	[PKT-RX] DATA bytes=14 from=13 seq=33
1126134636	ID:6	[PKT-RTT] seq=33,rtt_delay_ms=1335
1126143517	ID:30	[ATK-FAKE-RANK]  true_rank=1119 fake_rank=1416 t=11720s
1126183992	ID:10	[HFS] ra=74 si=49 cx=49 ac=82
1126184082	ID:17	[HFS] ra=74 si=49 cx=49 ac=82
1126189789	ID:10	[LIST] Neighbors: 19,25,17,16,9,24,29,30
1126190025	ID:17	[LIST] Neighbors: 26,19,16,10,24,29,25,30
1126191533	ID:8	[HFS] ra=74 si=49 cx=49 ac=82
1126193426	ID:10	[LIST] Quarantine: (none)
1126193662	ID:17	[LIST] Quarantine: (none)
1126196364	ID:8	[LIST] Neighbors: 17,16,30,6,2,24
1126196922	ID:10	[LIST] Blacklist: (none)
1126197159	ID:17	[LIST] Blacklist: (none)
1126200001	ID:8	[LIST] Quarantine: (none)
1126203514	ID:8	[LIST] Blacklist: (none)
1126204751	ID:10	FUZZRID,DET,30,1416,1119,297,0,100,100,20,0,2,0,82,75
1126204986	ID:17	FUZZRID,DET,30,1416,1119,297,0,100,100,20,0,0,0,82,75
1126211341	ID:8	FUZZRID,DET,30,1416,1119,297,0,100,100,13,0,0,0,82,75
1126226060	ID:25	[HFS] ra=74 si=49 cx=49 ac=82
1126231857	ID:25	[LIST] Neighbors: 15,26,17,10,30,9,16,29
1126235494	ID:25	[LIST] Quarantine: (none)
1126238349	ID:5	[HFS] ra=74 si=49 cx=49 ac=82
1126238990	ID:25	[LIST] Blacklist: (none)
1126243146	ID:5	[LIST] Neighbors: 19,20,30,6,2,12
1126246679	ID:25	FUZZRID,DET,30,1416,1119,297,0,100,100,5,0,0,0,82,75
1126246783	ID:5	[LIST] Quarantine: (none)
1126250280	ID:5	[LIST] Blacklist: (none)
1126251229	ID:12	[HFS] ra=74 si=49 cx=49 ac=82
1126255454	ID:12	[LIST] Neighbors: 20,5,30,6,2
1126258142	ID:5	FUZZRID,DET,30,1416,1119,297,0,100,100,11,0,6,0,82,75
1126259090	ID:12	[LIST] Quarantine: (none)
1126262587	ID:12	[LIST] Blacklist: (none)
1126268464	ID:11	[HFS] ra=74 si=49 cx=49 ac=82
1126270443	ID:12	FUZZRID,DET,30,1416,1119,297,0,100,100,20,0,2,0,82,75
1126272838	ID:2	[HFS] ra=74 si=49 cx=49 ac=82
1126273554	ID:11	[LIST] Neighbors: 15,26,30,22,20,19
1126277212	ID:11	[LIST] Quarantine: (none)
1126277489	ID:2	[LIST] Neighbors: 16,5,30,6,12,8
1126280708	ID:11	[LIST] Blacklist: (none)
1126281126	ID:2	[LIST] Quarantine: (none)
1126282093	ID:19	[HFS] ra=74 si=49 cx=49 ac=82
1126284623	ID:2	[LIST] Blacklist: (none)
1126287889	ID:19	[LIST] Neighbors: 15,26,17,30,20,5,25,16
1126288536	ID:11	FUZZRID,DET,30,1416,1119,297,0,100,100,10,0,0,0,82,75
1126289548	ID:16	[HFS] ra=74 si=49 cx=49 ac=82
1126289848	ID:20	[HFS] ra=74 si=49 cx=49 ac=82
1126291526	ID:19	[LIST] Quarantine: (none)
1126292485	ID:2	FUZZRID,DET,30,1416,1119,297,0,100,100,20,0,1,0,82,75
1126295023	ID:19	[LIST] Blacklist: (none)
1126295199	ID:16	[LIST] Neighbors: 19,17,30,24,29,25,2,8
1126295498	ID:20	[LIST] Neighbors: 26,30,19,6,12,5,22,11
1126298836	ID:16	[LIST] Quarantine: (none)
1126299135	ID:20	[LIST] Quarantine: (none)
1126302332	ID:16	[LIST] Blacklist: (none)
1126302649	ID:20	[LIST] Blacklist: (none)
1126302821	ID:19	FUZZRID,DET,30,1416,1119,297,0,89,100,16,0,15,0,82,75
1126310160	ID:16	FUZZRID,DET,30,1416,1119,297,0,100,100,19,0,3,0,82,75
1126310511	ID:20	FUZZRID,DET,30,1416,1119,297,0,100,100,20,0,0,0,82,75
1127040959	ID:16	[HFS] ra=0 si=0 cx=49 ac=0
1127046609	ID:16	[LIST] Neighbors: 19,17,30,24,29,25,2,8
1127050245	ID:16	[LIST] Quarantine: (none)
1127053742	ID:16	[LIST] Blacklist: (none)
1127060336	ID:16	FUZZRID,DET,24,1491,1491,0,0,0,0,0,0,11,0,0,0
1130698188	ID:5	[PKT-TX] DATA bytes=13  seq=33 
1130816928	ID:1	[PKT-RX] DATA bytes=13 from=5 seq=33
1131346006	ID:4	[PKT-TX] DATA bytes=13  seq=33 
1131428139	ID:14	[PKT-TX] DATA bytes=14  seq=33 
1131466587	ID:26	[ATK-FAKE-RANK]  true_rank=933 fake_rank=1129 t=11720s
1131518492	ID:11	[HFS] ra=74 si=49 cx=49 ac=82
1131518670	ID:1	[PKT-RX] DATA bytes=13 from=4 seq=33
1131523582	ID:11	[LIST] Neighbors: 15,26,30,22,20,19
1131527219	ID:11	[LIST] Quarantine: (none)
1131530716	ID:11	[LIST] Blacklist: (none)
1131538046	ID:11	FUZZRID,DET,26,1129,933,196,0,75,100,8,0,1,0,82,75
1131623528	ID:1	[PKT-RX] DATA bytes=14 from=14 seq=33
1132516350	ID:9	[HFS] ra=0 si=0 cx=49 ac=0
1132521560	ID:9	[LIST] Neighbors: 4,25,29,10,7,23,14
1132525197	ID:9	[LIST] Quarantine: (none)
1132528694	ID:9	[LIST] Blacklist: (none)
1132535020	ID:9	FUZZRID,DET,7,1114,1114,0,0,0,0,0,0,4,0,0,0
1132575225	ID:23	[HFS] ra=0 si=0 cx=49 ac=0
1132578302	ID:23	[LIST] Neighbors: 7,9
1132581939	ID:23	[LIST] Quarantine: (none)
1132585436	ID:23	[LIST] Blacklist: (none)
1132591754	ID:23	FUZZRID,DET,7,1114,1114,0,0,0,0,0,0,7,0,0,0
1132631563	ID:14	[HFS] ra=0 si=0 cx=49 ac=0
1132635641	ID:14	[LIST] Neighbors: 31,4,7,9,3
1132639278	ID:14	[LIST] Quarantine: (none)
1132642775	ID:14	[LIST] Blacklist: (none)
1132649092	ID:14	FUZZRID,DET,7,1114,1114,0,0,0,0,0,0,1,0,0,0
1133078343	ID:28	[ATK-FAKE-RANK]  true_rank=512 fake_rank=772 t=11720s
1133143265	ID:11	[PKT-TX] DATA bytes=14  seq=33 
1133363356	ID:20	[PKT-TX] DATA bytes=14  seq=33 
1133935004	ID:15	[HFS] ra=74 si=49 cx=49 ac=82
1133940520	ID:15	[LIST] Neighbors: 28,26,22,19,25,11,27
1133944157	ID:15	[LIST] Quarantine: (none)
1133947654	ID:15	[LIST] Blacklist: (none)
1133955119	ID:15	FUZZRID,DET,28,772,512,260,0,100,100,20,0,0,0,82,75
1134316836	ID:1	[PKT-RX] DATA bytes=14 from=11 seq=33
1134565514	ID:1	[PKT-RX] DATA bytes=14 from=20 seq=33
1135262836	ID:23	[PKT-TX] DATA bytes=14  seq=33 
1135623266	ID:1	[PKT-RX] DATA bytes=14 from=23 seq=33
1135711512	ID:2	[PKT-TX] DATA bytes=13  seq=33 
1135818088	ID:1	[PKT-RX] DATA bytes=13 from=2 seq=33
1136267124	ID:2	[PKT-RTT] seq=33,rtt_delay_ms=273
1136953192	ID:31	[ATK-FAKE-RANK]  true_rank=804 fake_rank=1008 t=11720s
1138848121	ID:21	[PKT-TX] DATA bytes=14  seq=33 
1138865485	ID:1	[PKT-RX] DATA bytes=14 from=21 seq=33
1138887651	ID:24	[PKT-TX] DATA bytes=14  seq=33 
1138964348	ID:18	[PKT-TX] DATA bytes=14  seq=33 
1139067293	ID:1	[PKT-RX] DATA bytes=14 from=24 seq=33
1139317835	ID:1	[PKT-RX] DATA bytes=14 from=18 seq=33
1140137986	ID:6	[HFS] ra=0 si=0 cx=49 ac=0
1140143636	ID:6	[LIST] Neighbors: 19,17,20,16,30,2,12,5
1140147280	ID:6	[LIST] Quarantine: (none)
1140150776	ID:6	[LIST] Blacklist: (none)
1140157230	ID:6	FUZZRID,DET,17,1048,1048,0,0,0,0,0,0,6,0,0,0
1140159745	ID:19	[HFS] ra=0 si=0 cx=48 ac=0
1140160167	ID:18	 145923 P 0.0 18 661888 36689984 218652 356698 0 258595 42066 1923787 15880 21197 0 14300 (radio 1.-61% / 1.88% tx 0.58% / 0.80% listen 0.95% / 1.07%)
1140164473	ID:16	[HFS] ra=0 si=0 cx=49 ac=0
1140165541	ID:19	[LIST] Neighbors: 15,26,17,30,20,5,25,16
1140169178	ID:19	[LIST] Quarantine: (none)
1140170128	ID:16	[LIST] Neighbors: 19,17,30,24,29,25,2,8
1140172674	ID:19	[LIST] Blacklist: (none)
1140173765	ID:16	[LIST] Quarantine: (none)
1140177262	ID:16	[LIST] Blacklist: (none)
1140179300	ID:19	FUZZRID,DET,17,1048,1048,0,0,0,0,0,0,21,0,0,0
1140180820	ID:10	[HFS] ra=0 si=0 cx=49 ac=0
1140183740	ID:16	FUZZRID,DET,17,1048,1048,0,0,0,0,0,0,9,0,0,0
1140184782	ID:24	[HFS] ra=0 si=0 cx=49 ac=0
1140186616	ID:10	[LIST] Neighbors: 19,25,17,16,9,24,29,30
1140189757	ID:24	[LIST] Neighbors: 17,16,18,10,13,8
1140190253	ID:10	[LIST] Quarantine: (none)
1140193393	ID:8	[HFS] ra=0 si=0 cx=49 ac=0
1140193394	ID:24	[LIST] Quarantine: (none)
1140193749	ID:10	[LIST] Blacklist: (none)
1140196890	ID:24	[LIST] Blacklist: (none)
1140198190	ID:8	[LIST] Neighbors: 17,16,30,6,2,24
1140200358	ID:10	FUZZRID,DET,17,1048,1048,0,0,0,0,0,0,10,0,0,0
1140201827	ID:8	[LIST] Quarantine: (none)
1140203520	ID:24	FUZZRID,DET,17,1048,1048,0,0,0,0,0,0,10,0,0,0
1140205332	ID:8	[LIST] Blacklist: (none)
1140211786	ID:8	FUZZRID,DET,17,1048,1048,0,0,0,0,0,0,2,0,0,0
1140224002	ID:25	[HFS] ra=0 si=0 cx=49 ac=0
1140226733	ID:16	 145927 P 0.0 18 1415295 35938434 430049 600897 0 410675 93341 1873877 32188 34819 0 18194 (radio 2.-154% / 3.40% tx 1.-100% / 1.63% listen 1.-55% / 1.76%)
1140229798	ID:25	[LIST] Neighbors: 15,26,17,10,30,9,16,29
1140233435	ID:25	[LIST] Quarantine: (none)
1140236938	ID:25	[LIST] Blacklist: (none)
1140243392	ID:25	FUZZRID,DET,17,1048,1048,0,0,0,0,0,0,8,0,0,0
1140326357	ID:3	 145923 P 0.0 18 733327 36620152 238660 394250 0 296044 43618 1922386 15250 21714 0 14405 (radio 1.-46% / 1.88% tx 0.63% / 0.77% listen 1.05% / 1.10%)
1140348694	ID:23	 145923 P 0.0 18 666678 36685474 227655 344314 0 251558 29516 1936403 7891 18285 0 14287 (radio 1.-62% / 1.33% tx 0.60% / 0.40% listen 0.92% / 0.93%)
1140378315	ID:25	 145923 P 0.0 18 1340306 36011824 381371 621068 0 444411 45349 1920764 4068 28014 0 25448 (radio 2.-162% / 1.63% tx 1.02% / 0.20% listen 1.-49% / 1.42%)
1140417579	ID:11	 145923 P 0.0 18 1077491 36276081 322810 521085 0 356734 69191 1896808 26365 32398 0 19527 (radio 2.-90% / 2.98% tx 0.86% / 1.34% listen 1.-76% / 1.64%)
1140436592	ID:24	[HFS] ra=0 si=0 cx=49 ac=0
1140441535	ID:24	[LIST] Neighbors: 17,16,18,10,13,8
1140445172	ID:24	[LIST] Quarantine: (none)
1140448668	ID:24	[LIST] Blacklist: (none)
1140455136	ID:24	FUZZRID,DET,10,1111,1111,0,0,0,0,0,0,7,0,0,0
1140480477	ID:9	[PKT-TX] DATA bytes=13  seq=33 
1140563645	ID:19	 145923 P 0.0 18 2608935 34743697 965264 924698 0 378921 165814 1800145 68955 54447 0 17123 (radio 5.-454% / 6.27% tx 2.-172% / 3.50% listen 2.-183% / 2.76%)
1140564561	ID:20	 145923 P 0.0 18 1196770 36155636 326810 516056 0 373684 46465 1919497 6141 23481 0 19168 (radio 2.-90% / 1.50% tx 0.87% / 0.31% listen 1.-77% / 1.19%)
1140589462	ID:10	 145924 P 0.0 18 1192739 36161556 356269 626687 0 485139 62057 1904192 14550 33644 0 25570 (radio 2.-167% / 2.45% tx 0.95% / 0.73% listen 1.-48% / 1.71%)
1140623352	ID:1	[PKT-RX] DATA bytes=13 from=9 seq=33
1140681024	ID:4	 145923 P 0.0 18 1193241 36160619 389509 486164 0 313183 57902 1905466 19368 24334 0 16007 (radio 2.-196% / 2.22% tx 1.04% / 0.98% listen 1.-85% / 1.23%)
1140716950	ID:8	 145923 P 0.0 18 868703 36484917 220284 396046 0 300358 46325 1919674 12406 22533 0 15625 (radio 1.-50% / 1.77% tx 0.58% / 0.63% listen 1.06% / 1.14%)
1140780915	ID:14	 145923 P 0.0 18 1241763 36110353 454036 497158 0 277909 47029 1918840 11998 21736 0 14831 (radio 2.-176% / 1.71% tx 1.-94% / 0.61% listen 1.-82% / 1.10%)
1140813104	ID:7	 145923 P 0.0 18 873061 36479768 236934 401033 0 310445 64491 1901542 24502 23976 0 14429 (radio 1.-45% / 2.46% tx 0.63% / 1.24% listen 1.07% / 1.21%)
1140829036	ID:1	 145925 P 0.0 18 2191868 35162238 980189 36373273 0 0 119228 1846820 56643 1909163 0 0 (radio 99.-9789% / 99.-8640% tx 2.-168% / 2.88% listen 97.-9621% / 97.-8728%)
1140833046	ID:15	 145923 P 0.0 18 2414319 34937732 826794 879444 0 320947 148109 1813511 58563 55129 0 18096 (radio 4.-289% / 5.79% tx 2.-94% / 2.98% listen 2.-195% / 2.81%)
1140833582	ID:17	 145923 P 0.0 18 1971184 35381549 772348 809445 0 459174 82377 1883674 28309 38307 0 25869 (radio 4.-322% / 3.38% tx 2.-109% / 1.43% listen 2.-99% / 1.94%)
1140914759	ID:6	 145923 P 0.0 18 1292367 36061085 345372 596214 0 413332 82232 1883773 28966 36134 0 21598 (radio 2.-178% / 3.31% tx 0.92% / 1.47% listen 1.-56% / 1.83%)
1140921741	ID:2	 145923 P 0.0 18 911083 36442218 246877 421401 0 320223 35515 1930518 4500 19994 0 17736 (radio 1.-37% / 1.24% tx 0.66% / 0.22% listen 1.12% / 1.01%)
1140954870	ID:22	 145923 P 0.0 18 792225 36560594 225601 398802 0 303560 36196 1929712 8025 20894 0 16194 (radio 1.-48% / 1.47% tx 0.60% / 0.40% listen 1.06% / 1.06%)
1141019417	ID:9	[PKT-RTT] seq=33,rtt_delay_ms=265
1141024931	ID:12	 145923 P 0.0 18 971681 36380393 320920 420743 0 298033 32725 1933250 4623 17178 0 14384 (radio 1.-17% / 1.10% tx 0.85% / 0.23% listen 1.12% / 0.87%)
1141051685	ID:9	 145924 P 0.0 18 1205469 36149048 401451 492802 0 317894 64440 1901927 21580 26501 0 15552 (radio 2.-191% / 2.44% tx 1.07% / 1.09% listen 1.-84% / 1.34%)
1141088089	ID:24	 145923 P 0.0 18 1560204 35792949 663751 578442 0 291490 94820 1871243 40142 31427 0 14283 (radio 3.-198% / 3.64% tx 1.-38% / 2.04% listen 1.-61% / 1.59%)
1141135663	ID:5	 145923 P 0.0 18 1068126 36285516 348322 471778 0 341368 37131 1928873 8295 19957 0 18325 (radio 2.-96% / 1.43% tx 0.93% / 0.42% listen 1.-89% / 1.01%)
1141137305	ID:21	 145923 P 0.0 18 961381 36393102 259156 488616 0 299346 41375 1924687 6745 23538 0 16062 (radio 2.-115% / 1.54% tx 0.69% / 0.34% listen 1.-85% / 1.19%)
1141141139	ID:13	 145923 P 0.0 18 585832 36766448 176511 326544 0 264617 40710 1925260 16030 19758 0 14849 (radio 1.-81% / 1.82% tx 0.47% / 0.81% listen 0.87% / 1.00%)
1141495599	ID:18	[PKT-TX] DATA bytes=14  seq=34 
1141694089	ID:24	[PKT-TX] DATA bytes=14  seq=34 
1143013577	ID:8	[PKT-TX] DATA bytes=13  seq=34 
1143692991	ID:1	[PKT-RX] DATA bytes=14 from=18 seq=34
1143942434	ID:1	[PKT-RX] DATA bytes=14 from=24 seq=34
1144316978	ID:1	[PKT-RX] DATA bytes=13 from=8 seq=34
1144689931	ID:8	[PKT-RTT] seq=34,rtt_delay_ms=835
1146075050	ID:9	[PKT-TX] DATA bytes=13  seq=34 
1146247529	ID:1	[PKT-RX] DATA bytes=13 from=9 seq=34
1146637889	ID:9	[PKT-RTT] seq=34,rtt_delay_ms=281
1147442866	ID:8	[HFS] ra=0 si=0 cx=49 ac=0
1147447663	ID:8	[LIST] Neighbors: 17,16,30,6,2,24
1147451300	ID:8	[LIST] Quarantine: (none)
1147454797	ID:8	[LIST] Blacklist: (none)
1147461115	ID:8	FUZZRID,DET,6,1159,1159,0,0,0,0,0,0,2,0,0,0
1149785152	ID:21	[PKT-TX] DATA bytes=14  seq=34 
1149801847	ID:1	[PKT-RX] DATA bytes=14 from=21 seq=34
1149823181	ID:5	[PKT-TX] DATA bytes=13  seq=34 
1149941948	ID:1	[PKT-RX] DATA bytes=13 from=5 seq=34
1150090004	ID:17	[PKT-TX] DATA bytes=14  seq=34 
1150191871	ID:1	[PKT-RX] DATA bytes=14 from=17 seq=34
1150851585	ID:7	[PKT-TX] DATA bytes=13  seq=34 
1150995075	ID:22	[PKT-TX] DATA bytes=14  seq=34 
1150999304	ID:1	[PKT-RX] DATA bytes=13 from=7 seq=34
1151157499	ID:1	[PKT-RX] DATA bytes=14 from=22 seq=34
1151285538	ID:7	[PKT-RTT] seq=34,rtt_delay_ms=210
1153579377	ID:12	[PKT-TX] DATA bytes=14  seq=34 
1153943219	ID:1	[PKT-RX] DATA bytes=14 from=12 seq=34
1154502640	ID:11	[PKT-TX] DATA bytes=14  seq=34 
1154566768	ID:1	[PKT-RX] DATA bytes=14 from=11 seq=34
1155110165	ID:5	[HFS] ra=0 si=0 cx=49 ac=0
1155114995	ID:5	[LIST] Neighbors: 19,20,30,6,2,12
1155118632	ID:5	[LIST] Quarantine: (none)
1155122129	ID:5	[LIST] Blacklist: (none)
1155127215	ID:12	[HFS] ra=0 si=0 cx=49 ac=0
1155128446	ID:5	FUZZRID,DET,2,1399,1399,0,0,0,0,0,0,5,0,0,0
1155131439	ID:12	[LIST] Neighbors: 20,5,30,6,2
1155135074	ID:12	[LIST] Quarantine: (none)
1155138605	ID:12	[LIST] Blacklist: (none)
1155144921	ID:12	FUZZRID,DET,2,1399,1399,0,0,0,0,0,0,2,0,0,0
1155191516	ID:8	[HFS] ra=0 si=0 cx=49 ac=0
1155196347	ID:8	[LIST] Neighbors: 17,16,30,6,2,24
1155199984	ID:8	[LIST] Quarantine: (none)
1155203514	ID:8	[LIST] Blacklist: (none)
1155209831	ID:8	FUZZRID,DET,2,1399,1399,0,0,0,0,0,0,0,0,0,0
1158285182	ID:19	[HFS] ra=0 si=0 cx=46 ac=0
1158289670	ID:20	[HFS] ra=0 si=0 cx=49 ac=0
1158290978	ID:19	[LIST] Neighbors: 15,26,17,30,20,5,25,16
1158294614	ID:19	[LIST] Quarantine: (none)
1158295319	ID:20	[LIST] Neighbors: 26,30,19,6,12,5,22,11
1158298111	ID:19	[LIST] Blacklist: (none)
1158298956	ID:20	[LIST] Quarantine: (none)
1158302453	ID:20	[LIST] Blacklist: (none)
1158304581	ID:19	FUZZRID,DET,5,1178,1178,0,0,0,0,0,0,24,0,0,0
1158308784	ID:20	FUZZRID,DET,5,1178,1178,0,0,0,0,0,0,9,0,0,0
1158374084	ID:12	[HFS] ra=0 si=0 cx=49 ac=0
1158378342	ID:12	[LIST] Neighbors: 20,5,30,6,2
1158381978	ID:12	[LIST] Quarantine: (none)
1158385475	ID:12	[LIST] Blacklist: (none)
1158388097	ID:6	[HFS] ra=0 si=0 cx=49 ac=0
1158391931	ID:12	FUZZRID,DET,5,1178,1178,0,0,0,0,0,0,14,0,0,0
1158393747	ID:6	[LIST] Neighbors: 19,17,20,16,30,2,12,5
1158397384	ID:6	[LIST] Quarantine: (none)
1158400880	ID:6	[LIST] Blacklist: (none)
1158407337	ID:6	FUZZRID,DET,5,1178,1178,0,0,0,0,0,0,12,0,0,0
1158509567	ID:18	[HFS] ra=0 si=0 cx=49 ac=0
1158512974	ID:18	[LIST] Neighbors: 24,13
1158516611	ID:18	[LIST] Quarantine: (none)
1158520108	ID:18	[LIST] Blacklist: (none)
1158526704	ID:18	FUZZRID,DET,13,1908,1908,0,0,0,0,0,0,14,0,0,0
1160511527	ID:19	[PKT-TX] DATA bytes=14  seq=34 
1160568476	ID:1	[PKT-RX] DATA bytes=14 from=19 seq=34
1161582119	ID:20	[PKT-TX] DATA bytes=14  seq=34 
1161693202	ID:1	[PKT-RX] DATA bytes=14 from=20 seq=34
1161912109	ID:20	[PKT-RTT] seq=34,rtt_delay_ms=164
1162166690	ID:20	[HFS] ra=0 si=0 cx=49 ac=0
1162172339	ID:20	[LIST] Neighbors: 26,30,19,6,12,5,22,11
1162175976	ID:20	[LIST] Quarantine: (none)
1162179473	ID:20	[LIST] Blacklist: (none)
1162185604	ID:20	FUZZRID,DET,22,895,895,0,0,0,0,0,0,0,0,0,0
1163852917	ID:10	[PKT-TX] DATA bytes=14  seq=34 
1164304650	ID:16	[PKT-TX] DATA bytes=14  seq=34 
1164317442	ID:1	[PKT-RX] DATA bytes=14 from=10 seq=34
1164442372	ID:1	[PKT-RX] DATA bytes=14 from=16 seq=34
1164560843	ID:25	[PKT-TX] DATA bytes=14  seq=34 
1164692056	ID:1	[PKT-RX] DATA bytes=14 from=25 seq=34
1164845241	ID:25	[PKT-RTT] seq=34,rtt_delay_ms=140
1165079461	ID:2	[PKT-TX] DATA bytes=13  seq=34 
1165130812	ID:3	[PKT-TX] DATA bytes=13  seq=34 
1165298538	ID:1	[PKT-RX] DATA bytes=13 from=2 seq=34
1165357820	ID:14	[PKT-TX] DATA bytes=14  seq=34 
1165510711	ID:18	[HFS] ra=0 si=0 cx=49 ac=0
1165514113	ID:18	[LIST] Neighbors: 24,13
1165517750	ID:18	[LIST] Quarantine: (none)
1165521246	ID:18	[LIST] Blacklist: (none)
1165527842	ID:18	FUZZRID,DET,13,1908,1908,0,0,0,0,0,0,13,0,0,0
1165559014	ID:24	[HFS] ra=0 si=0 cx=49 ac=0
1165563956	ID:24	[LIST] Neighbors: 17,16,18,10,13,8
1165567593	ID:24	[LIST] Quarantine: (none)
1165571123	ID:24	[LIST] Blacklist: (none)
1165577719	ID:24	FUZZRID,DET,13,1908,1908,0,0,0,0,0,0,13,0,0,0
1165766870	ID:2	[PKT-RTT] seq=34,rtt_delay_ms=343
1165873452	ID:1	[PKT-RX] DATA bytes=13 from=3 seq=34
1166046954	ID:3	[PKT-RTT] seq=34,rtt_delay_ms=453
1166126472	ID:1	[PKT-RX] DATA bytes=14 from=14 seq=34
1166304702	ID:13	[PKT-TX] DATA bytes=14  seq=34 
1166753485	ID:15	[PKT-TX] DATA bytes=14  seq=34 
1166770228	ID:1	[PKT-RX] DATA bytes=14 from=15 seq=34
1167069482	ID:1	[PKT-RX] DATA bytes=14 from=13 seq=34
1169041319	ID:4	[PKT-TX] DATA bytes=13  seq=34 
1169121124	ID:1	[PKT-RX] DATA bytes=13 from=4 seq=34
1169411144	ID:6	[PKT-TX] DATA bytes=13  seq=34 
1169567874	ID:1	[PKT-RX] DATA bytes=13 from=6 seq=34
1170130443	ID:23	[PKT-TX] DATA bytes=14  seq=34 
1170385058	ID:6	[PKT-RTT] seq=34,rtt_delay_ms=484
1170496754	ID:1	[PKT-RX] DATA bytes=14 from=23 seq=34
1171500015	ID:7	[PKT-TX] DATA bytes=13  seq=35 
1171624256	ID:1	[PKT-RX] DATA bytes=13 from=7 seq=35
1172340769	ID:24	[PKT-TX] DATA bytes=14  seq=35 
1172385067	ID:4	[PKT-TX] DATA bytes=13  seq=35 
1172497285	ID:1	[PKT-RX] DATA bytes=13 from=4 seq=35
1172502151	ID:5	[PKT-TX] DATA bytes=13  seq=35 
1172532807	ID:4	[HFS] ra=0 si=0 cx=49 ac=0
1172537884	ID:4	[LIST] Neighbors: 28,9,31,7,3,14,21
1172541521	ID:4	[LIST] Quarantine: (none)
1172545018	ID:4	[LIST] Blacklist: (none)
1172551503	ID:4	FUZZRID,DET,14,1104,1104,0,0,0,0,0,0,0,0,0,0
1172909584	ID:7	[PKT-RTT] seq=35,rtt_delay_ms=703
1173442138	ID:1	[PKT-RX] DATA bytes=13 from=5 seq=35
1173825611	ID:1	[PKT-RX] DATA bytes=14 from=24 seq=35
1174181806	ID:24	[PKT-RTT] seq=35,rtt_delay_ms=914
1175034909	ID:19	[PKT-TX] DATA bytes=14  seq=35 
1175567652	ID:1	[PKT-RX] DATA bytes=14 from=19 seq=35
1175626345	ID:10	[PKT-TX] DATA bytes=14  seq=35 
1175692808	ID:1	[PKT-RX] DATA bytes=14 from=10 seq=35
1176283890	ID:11	[PKT-TX] DATA bytes=14  seq=35 
1176317349	ID:1	[PKT-RX] DATA bytes=14 from=11 seq=35
1177511879	ID:17	[PKT-TX] DATA bytes=14  seq=35 
1178317252	ID:1	[PKT-RX] DATA bytes=14 from=17 seq=35
1181232703	ID:25	[PKT-TX] DATA bytes=14  seq=35 
1181316522	ID:1	[PKT-RX] DATA bytes=14 from=25 seq=35
1181471391	ID:25	[PKT-RTT] seq=35,rtt_delay_ms=117
1182254959	ID:9	[PKT-TX] DATA bytes=13  seq=35 
1182497782	ID:1	[PKT-RX] DATA bytes=13 from=9 seq=35
1182887752	ID:9	[PKT-RTT] seq=35,rtt_delay_ms=312
1183767722	ID:27	[ATK-FAKE-RANK]  true_rank=512 fake_rank=752 t=11720s
1185165718	ID:29	[ATK-FAKE-RANK]  true_rank=1345 fake_rank=1811 t=11720s
1185291912	ID:16	[HFS] ra=74 si=49 cx=49 ac=82
1185297563	ID:16	[LIST] Neighbors: 19,17,30,24,29,25,2,8
1185301202	ID:16	[LIST] Quarantine: (none)
1185304699	ID:16	[LIST] Blacklist: (none)
1185312526	ID:16	FUZZRID,DET,29,1811,1345,466,0,100,100,4,33,4,0,82,75
1185374722	ID:14	[PKT-TX] DATA bytes=14  seq=35 
1185496741	ID:1	[PKT-RX] DATA bytes=14 from=14 seq=35
1185723636	ID:6	[PKT-TX] DATA bytes=13  seq=35 
1185819399	ID:1	[PKT-RX] DATA bytes=13 from=6 seq=35
1186633029	ID:6	[PKT-RTT] seq=35,rtt_delay_ms=453
1186788335	ID:7	[HFS] ra=0 si=0 cx=49 ac=0
1186792716	ID:7	[LIST] Neighbors: 4,23,29,9,14
1186796353	ID:7	[LIST] Quarantine: (none)
1186799850	ID:7	[LIST] Blacklist: (none)
1186806305	ID:7	FUZZRID,DET,23,1719,1719,0,0,0,0,0,0,9,0,0,0
1187149690	ID:12	[PKT-TX] DATA bytes=14  seq=35 
1187440836	ID:1	[PKT-RX] DATA bytes=14 from=12 seq=35
1189485854	ID:5	[HFS] ra=0 si=0 cx=49 ac=0
1189490651	ID:5	[LIST] Neighbors: 19,20,30,6,2,12
1189494288	ID:5	[LIST] Quarantine: (none)
1189497809	ID:5	[LIST] Blacklist: (none)
1189504264	ID:5	FUZZRID,DET,20,1079,1079,0,0,0,0,0,0,8,0,0,0
1189894110	ID:15	[PKT-TX] DATA bytes=14  seq=35 
1189910763	ID:1	[PKT-RX] DATA bytes=14 from=15 seq=35
1190935172	ID:23	[PKT-TX] DATA bytes=14  seq=35 
1191240149	ID:13	[HFS] ra=0 si=0 cx=49 ac=0
1191243533	ID:13	[LIST] Neighbors: 24,18
1191247170	ID:13	[LIST] Quarantine: (none)
1191249056	ID:1	[PKT-RX] DATA bytes=14 from=23 seq=35
1191250667	ID:13	[LIST] Blacklist: (none)
1191257120	ID:13	FUZZRID,DET,18,1695,1695,0,0,0,0,0,0,1,0,0,0
1191265608	ID:13	[PKT-TX] DATA bytes=14  seq=35 
1191566769	ID:1	[PKT-RX] DATA bytes=14 from=13 seq=35
1191948200	ID:22	[PKT-TX] DATA bytes=14  seq=35 
1192007752	ID:1	[PKT-RX] DATA bytes=14 from=22 seq=35
1192135590	ID:18	[HFS] ra=0 si=0 cx=49 ac=0
1192138974	ID:18	[LIST] Neighbors: 24,13
1192142611	ID:18	[LIST] Quarantine: (none)
1192146107	ID:18	[LIST] Blacklist: (none)
1192152563	ID:18	FUZZRID,DET,24,1410,1410,0,0,0,0,0,0,6,0,0,0
1192384380	ID:2	[PKT-TX] DATA bytes=13  seq=35 
1192692651	ID:1	[PKT-RX] DATA bytes=13 from=2 seq=35
1193143089	ID:2	[PKT-RTT] seq=35,rtt_delay_ms=375
1194466758	ID:3	[PKT-TX] DATA bytes=13  seq=35 
1194623546	ID:1	[PKT-RX] DATA bytes=13 from=3 seq=35
1194796954	ID:3	[PKT-RTT] seq=35,rtt_delay_ms=164
1195355549	ID:20	[PKT-TX] DATA bytes=14  seq=35 
1195443059	ID:1	[PKT-RX] DATA bytes=14 from=20 seq=35
1195505771	ID:8	[PKT-TX] DATA bytes=13  seq=35 
1196318419	ID:1	[PKT-RX] DATA bytes=13 from=8 seq=35
1196412687	ID:20	[PKT-RTT] seq=35,rtt_delay_ms=523
1198206541	ID:18	[PKT-TX] DATA bytes=14  seq=35 
1198566489	ID:1	[PKT-RX] DATA bytes=14 from=18 seq=35
1198757765	ID:16	[PKT-TX] DATA bytes=14  seq=35 
1200113270	ID:21	[PKT-TX] DATA bytes=14  seq=35 
1200130011	ID:1	[PKT-RX] DATA bytes=14 from=21 seq=35
1200159912	ID:18	 153603 P 0.0 19 691244 38626484 225334 374551 0 272891 29354 1936500 6682 17853 0 14296 (radio 1.-57% / 1.24% tx 0.57% / 0.33% listen 0.95% / 0.90%)
1200188755	ID:16	 153603 P 0.0 19 1487993 37830518 454582 632533 0 429852 72697 1892084 24533 31636 0 19177 (radio 2.-142% / 2.85% tx 1.-94% / 1.24% listen 1.-49% / 1.61%)
1200269675	ID:9	[HFS] ra=0 si=0 cx=49 ac=0
1200274884	ID:9	[LIST] Neighbors: 4,25,29,10,7,23,14
1200278521	ID:9	[LIST] Quarantine: (none)
1200282018	ID:9	[LIST] Blacklist: (none)
1200288509	ID:9	FUZZRID,DET,10,1116,1116,0,0,0,0,0,0,6,0,0,0
1200326069	ID:3	 153603 P 0.0 19 758766 38560754 242827 412725 0 312057 25437 1940602 4167 18475 0 16013 (radio 1.-43% / 1.15% tx 0.61% / 0.21% listen 1.04% / 0.93%)
1200348971	ID:23	 153603 P 0.0 19 703937 38614178 242651 361791 0 263890 37258 1928704 14996 17477 0 12332 (radio 1.-56% / 1.65% tx 0.61% / 0.76% listen 0.92% / 0.88%)
1200374204	ID:25	 153603 P 0.0 19 1382181 37935834 386960 647307 0 467447 41874 1924010 5589 26239 0 23036 (radio 2.-156% / 1.61% tx 0.98% / 0.28% listen 1.-45% / 1.33%)
1200417534	ID:11	 153603 P 0.0 19 1118729 38200790 330803 542888 0 372932 41236 1924709 7993 21803 0 16198 (radio 2.-197% / 1.51% tx 0.84% / 0.40% listen 1.-72% / 1.10%)
1200565020	ID:20	 153603 P 0.0 19 1261313 38057124 344924 540883 0 389017 64542 1901488 18114 24827 0 15333 (radio 2.-194% / 2.18% tx 0.87% / 0.92% listen 1.-72% / 1.26%)
1200582143	ID:10	 153603 P 0.0 19 1235475 38084614 365333 655973 0 509712 42735 1923058 9064 29286 0 24573 (radio 2.-159% / 1.95% tx 0.92% / 0.46% listen 1.-43% / 1.48%)
1200583188	ID:19	 153606 P 0.0 19 2707910 36611328 996001 962139 0 396464 98973 1867631 30737 37441 0 17543 (radio 4.-339% / 3.46% tx 2.-166% / 1.56% listen 2.-174% / 1.90%)
1200642015	ID:10	[PKT-TX] DATA bytes=14  seq=36 
1200681020	ID:4	 153603 P 0.0 19 1274909 38044795 423220 518279 0 329300 81667 1884176 33711 32115 0 16117 (radio 2.-180% / 3.34% tx 1.07% / 1.71% listen 1.-78% / 1.63%)
1200716918	ID:8	 153603 P 0.0 19 913545 38406113 231447 418576 0 316865 44841 1921196 11163 22530 0 16507 (radio 1.-44% / 1.71% tx 0.58% / 0.56% listen 1.06% / 1.14%)
1200756402	ID:18	[PKT-RTT] seq=35,rtt_delay_ms=1273
1200780924	ID:14	 153603 P 0.0 19 1304232 38013699 479346 522235 0 291663 62468 1903346 25310 25077 0 13754 (radio 2.-164% / 2.56% tx 1.-88% / 1.28% listen 1.-77% / 1.27%)
1200812782	ID:7	 153603 P 0.0 19 900686 38418147 238370 419483 0 327417 27624 1938379 1436 18450 0 16972 (radio 1.-42% / 1.01% tx 0.60% / 0.07% listen 1.06% / 0.93%)
1200829337	ID:1	 153605 P 0.0 19 2294745 37025410 1026639 38292692 0 0 102876 1863172 46450 1919418 0 0 (radio 99.-9841% / 99.-8640% tx 2.-158% / 2.36% listen 97.-9683% / 97.-8676%)
1200836687	ID:15	 153603 P 0.0 19 2528381 36789756 866063 921854 0 335486 114060 1852024 39269 42410 0 14539 (radio 4.-383% / 4.15% tx 2.-199% / 1.99% listen 2.-185% / 2.15%)
1200838391	ID:17	 153603 P 0.0 19 2075337 37243542 816286 853276 0 482232 104152 1861993 43938 43831 0 23058 (radio 4.-304% / 4.46% tx 2.-102% / 2.23% listen 2.-93% / 2.22%)
1200912292	ID:6	 153603 P 0.0 19 1349024 37970280 359433 624234 0 433207 56656 1909195 14061 28020 0 19875 (radio 2.-169% / 2.14% tx 0.91% / 0.71% listen 1.-51% / 1.42%)
1200921884	ID:2	 153603 P 0.0 19 948744 38370560 255821 440670 0 336217 37660 1928342 8944 19269 0 15994 (radio 1.-33% / 1.43% tx 0.65% / 0.45% listen 1.-98% / 0.98%)
1200942511	ID:1	[PKT-RX] DATA bytes=14 from=10 seq=36
1200955177	ID:22	 153603 P 0.0 19 830440 38488325 236182 417664 0 317680 38213 1927731 10581 18862 0 14120 (radio 1.-43% / 1.49% tx 0.60% / 0.53% listen 1.06% / 0.95%)
1201025343	ID:12	 153603 P 0.0 19 1000955 38317181 324646 438295 0 313663 29272 1936788 3726 17552 0 15630 (radio 1.-16% / 1.08% tx 0.82% / 0.18% listen 1.-98% / 0.89%)
1201042894	ID:9	 153603 P 0.0 19 1254979 38065302 415086 516031 0 333879 49509 1916254 13635 23229 0 15985 (radio 2.-182% / 1.87% tx 1.05% / 0.69% listen 1.-78% / 1.18%)
1201084167	ID:24	 153603 P 0.0 19 1657173 37661835 709286 612745 0 306863 96968 1868886 45535 34303 0 15373 (radio 3.-292% / 4.06% tx 1.-29% / 2.31% listen 1.-54% / 1.74%)
1201135951	ID:5	 153603 P 0.0 19 1115105 38204498 362244 493117 0 356767 46978 1918982 13922 21339 0 15399 (radio 2.-92% / 1.79% tx 0.92% / 0.70% listen 1.-84% / 1.08%)
1201137664	ID:21	 153603 P 0.0 19 1024271 38296258 281238 519008 0 315831 62888 1903156 22082 30392 0 16485 (radio 2.-106% / 2.66% tx 0.71% / 1.12% listen 1.-78% / 1.54%)
1201141172	ID:13	 153603 P 0.0 19 618872 38699180 187267 344793 0 279331 33039 1932732 10756 18249 0 14714 (radio 1.-74% / 1.47% tx 0.47% / 0.54% listen 0.87% / 0.92%)
1201444513	ID:1	[PKT-RX] DATA bytes=14 from=16 seq=35
1203109397	ID:7	[PKT-TX] DATA bytes=13  seq=36 
1203248324	ID:1	[PKT-RX] DATA bytes=13 from=7 seq=36
1203260700	ID:22	[PKT-TX] DATA bytes=14  seq=36 
1203405632	ID:1	[PKT-RX] DATA bytes=14 from=22 seq=36
1203534652	ID:7	[PKT-RTT] seq=36,rtt_delay_ms=210
1205215961	ID:23	[PKT-TX] DATA bytes=14  seq=36 
1205270855	ID:26	[ATK-FAKE-RANK]  true_rank=916 fake_rank=1149 t=11720s
1205499602	ID:1	[PKT-RX] DATA bytes=14 from=23 seq=36
1206994338	ID:5	[PKT-TX] DATA bytes=13  seq=36 
1207066211	ID:1	[PKT-RX] DATA bytes=13 from=5 seq=36
1207874672	ID:14	[PKT-TX] DATA bytes=14  seq=36 
1207996549	ID:1	[PKT-RX] DATA bytes=14 from=14 seq=36
1208349563	ID:3	[PKT-TX] DATA bytes=13  seq=36 
1208370680	ID:15	[PKT-TX] DATA bytes=14  seq=36 
1208387394	ID:1	[PKT-RX] DATA bytes=14 from=15 seq=36
1208429078	ID:15	[PKT-RTT] seq=36,rtt_delay_ms=23
1208598700	ID:20	[PKT-TX] DATA bytes=14  seq=36 
1208865698	ID:1	[PKT-RX] DATA bytes=13 from=3 seq=36
1209049051	ID:3	[PKT-RTT] seq=36,rtt_delay_ms=343
1209442603	ID:1	[PKT-RX] DATA bytes=14 from=20 seq=36
1210036866	ID:20	[PKT-RTT] seq=36,rtt_delay_ms=718
1213085890	ID:16	[PKT-TX] DATA bytes=14  seq=36 
1213193753	ID:1	[PKT-RX] DATA bytes=14 from=16 seq=36
1214647816	ID:2	[HFS] ra=0 si=0 cx=49 ac=0
1214652487	ID:2	[LIST] Neighbors: 16,5,30,6,12,8
1214656124	ID:2	[LIST] Quarantine: (none)
1214659621	ID:2	[LIST] Blacklist: (none)
1214666114	ID:2	FUZZRID,DET,5,1199,1199,0,0,0,0,0,0,12,0,0,0
1218050532	ID:19	[PKT-TX] DATA bytes=14  seq=36 
1218193507	ID:1	[PKT-RX] DATA bytes=14 from=19 seq=36
1218356649	ID:21	[PKT-TX] DATA bytes=14  seq=36 
1218373358	ID:1	[PKT-RX] DATA bytes=14 from=21 seq=36
1218478817	ID:4	[PKT-TX] DATA bytes=13  seq=36 
1218484591	ID:21	[PKT-RTT] seq=36,rtt_delay_ms=62
1218620076	ID:1	[PKT-RX] DATA bytes=13 from=4 seq=36
1221727871	ID:25	[HFS] ra=0 si=0 cx=49 ac=0
1221733667	ID:25	[LIST] Neighbors: 15,26,17,10,30,9,16,29
1221737304	ID:25	[LIST] Quarantine: (none)
1221740801	ID:25	[LIST] Blacklist: (none)
1221747289	ID:25	FUZZRID,DET,9,1385,1385,0,0,0,0,0,0,14,0,0,0
1222096390	ID:11	[PKT-TX] DATA bytes=14  seq=36 
1222191955	ID:1	[PKT-RX] DATA bytes=14 from=11 seq=36
1223083774	ID:24	[PKT-TX] DATA bytes=14  seq=36 
1223316672	ID:1	[PKT-RX] DATA bytes=14 from=24 seq=36
1224798127	ID:12	[PKT-TX] DATA bytes=14  seq=36 
1224825051	ID:9	[PKT-TX] DATA bytes=13  seq=36 
1224997320	ID:1	[PKT-RX] DATA bytes=13 from=9 seq=36
1225068738	ID:1	[PKT-RX] DATA bytes=14 from=12 seq=36
1225631100	ID:6	[PKT-TX] DATA bytes=13  seq=36 
1225632390	ID:14	[HFS] ra=0 si=0 cx=49 ac=0
1225636468	ID:14	[LIST] Neighbors: 31,4,7,9,3
1225640105	ID:14	[LIST] Quarantine: (none)
1225643602	ID:14	[LIST] Blacklist: (none)
1225649559	ID:14	FUZZRID,DET,4,790,790,0,0,0,0,0,0,9,0,0,0
1225691211	ID:1	[PKT-RX] DATA bytes=13 from=6 seq=36
1226009178	ID:6	[PKT-RTT] seq=36,rtt_delay_ms=187
1226070313	ID:13	[PKT-TX] DATA bytes=14  seq=36 
1226107327	ID:8	[PKT-TX] DATA bytes=13  seq=36 
1226320894	ID:2	[PKT-TX] DATA bytes=13  seq=36 
1226441350	ID:1	[PKT-RX] DATA bytes=13 from=2 seq=36
1227444115	ID:1	[PKT-RX] DATA bytes=13 from=8 seq=36
1227517952	ID:2	[PKT-RTT] seq=36,rtt_delay_ms=593
1227565911	ID:18	[PKT-TX] DATA bytes=14  seq=36 
1228192530	ID:1	[PKT-RX] DATA bytes=14 from=13 seq=36
1228201453	ID:25	[PKT-TX] DATA bytes=14  seq=36 
1228317929	ID:1	[PKT-RX] DATA bytes=14 from=25 seq=36
1228440515	ID:1	[PKT-RX] DATA bytes=14 from=18 seq=36
1229257021	ID:18	[PKT-RTT] seq=36,rtt_delay_ms=843
1230277509	ID:17	[PKT-TX] DATA bytes=14  seq=36 
1230441489	ID:1	[PKT-RX] DATA bytes=14 from=17 seq=36
1235634795	ID:18	[HFS] ra=0 si=0 cx=49 ac=0
1235638213	ID:18	[LIST] Neighbors: 24,13
1235641849	ID:18	[LIST] Quarantine: (none)
1235645360	ID:18	[LIST] Blacklist: (none)
1235651815	ID:18	FUZZRID,DET,13,1889,1889,0,0,0,0,0,0,8,0,0,0
1236168058	ID:15	[PKT-TX] DATA bytes=14  seq=37 
1236185332	ID:1	[PKT-RX] DATA bytes=14 from=15 seq=37
1236228817	ID:4	[PKT-TX] DATA bytes=13  seq=37 
1236230220	ID:19	[PKT-TX] DATA bytes=14  seq=37 
1236352137	ID:2	[PKT-TX] DATA bytes=13  seq=37 
1236370059	ID:1	[PKT-RX] DATA bytes=13 from=4 seq=37
1237568488	ID:1	[PKT-RX] DATA bytes=14 from=19 seq=37
1237927952	ID:15	[PKT-RTT] seq=37,rtt_delay_ms=875
1238067320	ID:1	[PKT-RX] DATA bytes=13 from=2 seq=37
1238524937	ID:2	[HFS] ra=0 si=0 cx=49 ac=0
1238529588	ID:2	[LIST] Neighbors: 16,5,30,6,12,8
1238533225	ID:2	[LIST] Quarantine: (none)
1238536722	ID:2	[LIST] Blacklist: (none)
1238543175	ID:2	FUZZRID,DET,12,1445,1445,0,0,0,0,0,0,2,0,0,0
1238643373	ID:2	[PKT-RTT] seq=37,rtt_delay_ms=1140
1241301935	ID:23	[PKT-TX] DATA bytes=14  seq=37 
1241624209	ID:1	[PKT-RX] DATA bytes=14 from=23 seq=37
1243317386	ID:6	[PKT-TX] DATA bytes=13  seq=37 
1243441808	ID:1	[PKT-RX] DATA bytes=13 from=6 seq=37
1243759372	ID:6	[PKT-RTT] seq=37,rtt_delay_ms=218
1244738440	ID:17	[PKT-TX] DATA bytes=14  seq=37 
1244816672	ID:1	[PKT-RX] DATA bytes=14 from=17 seq=37
1245412239	ID:7	[HFS] ra=0 si=0 cx=49 ac=0
1245416596	ID:7	[LIST] Neighbors: 4,23,29,9,14
1245420233	ID:7	[LIST] Quarantine: (none)
1245423729	ID:7	[LIST] Blacklist: (none)
1245430182	ID:7	FUZZRID,DET,23,1697,1697,0,0,0,0,0,0,9,0,0,0
1247102792	ID:28	[ATK-FAKE-RANK]  true_rank=512 fake_rank=792 t=11720s
1247290407	ID:10	[PKT-TX] DATA bytes=14  seq=37 
1247444060	ID:1	[PKT-RX] DATA bytes=14 from=10 seq=37
1247576460	ID:25	[PKT-TX] DATA bytes=14  seq=37 
1247692775	ID:1	[PKT-RX] DATA bytes=14 from=25 seq=37
1251121102	ID:9	[PKT-TX] DATA bytes=13  seq=37 
1251372562	ID:1	[PKT-RX] DATA bytes=13 from=9 seq=37
1251726569	ID:13	[PKT-TX] DATA bytes=14  seq=37 
1252806938	ID:22	[HFS] ra=0 si=0 cx=49 ac=0
1252811601	ID:22	[LIST] Neighbors: 15,26,11,20,27
1252815237	ID:22	[LIST] Quarantine: (none)
1252818734	ID:22	[LIST] Blacklist: (none)
1252824857	ID:22	FUZZRID,DET,11,838,838,0,0,0,0,0,0,2,0,0,0
1253443264	ID:8	[PKT-TX] DATA bytes=13  seq=37 
1253443990	ID:1	[PKT-RX] DATA bytes=14 from=13 seq=37
1253576569	ID:14	[PKT-TX] DATA bytes=14  seq=37 
1253693486	ID:1	[PKT-RX] DATA bytes=13 from=8 seq=37
1253997744	ID:1	[PKT-RX] DATA bytes=14 from=14 seq=37
1255023837	ID:2	[HFS] ra=0 si=0 cx=49 ac=0
1255028487	ID:2	[LIST] Neighbors: 16,5,30,6,12,8
1255032124	ID:2	[LIST] Quarantine: (none)
1255035621	ID:2	[LIST] Blacklist: (none)
1255041959	ID:2	FUZZRID,DET,8,1455,1455,0,0,0,0,0,0,0,0,0,0
1255136708	ID:21	[PKT-TX] DATA bytes=14  seq=37 
1255153409	ID:1	[PKT-RX] DATA bytes=14 from=21 seq=37
1255232675	ID:21	[PKT-RTT] seq=37,rtt_delay_ms=46
1255310501	ID:3	[PKT-TX] DATA bytes=13  seq=37 
1255499014	ID:1	[PKT-RX] DATA bytes=13 from=3 seq=37
1255550855	ID:20	[PKT-TX] DATA bytes=14  seq=37 
1255601585	ID:7	[PKT-TX] DATA bytes=13  seq=37 
1255657801	ID:16	[PKT-TX] DATA bytes=14  seq=37 
1255745075	ID:22	[PKT-TX] DATA bytes=14  seq=37 
1255819091	ID:1	[PKT-RX] DATA bytes=14 from=16 seq=37
1256007792	ID:1	[PKT-RX] DATA bytes=14 from=22 seq=37
1256872112	ID:1	[PKT-RX] DATA bytes=13 from=7 seq=37
1257299599	ID:3	[PKT-RTT] seq=37,rtt_delay_ms=992
1257444772	ID:1	[PKT-RX] DATA bytes=14 from=20 seq=37
1257661468	ID:20	[PKT-RTT] seq=37,rtt_delay_ms=1054
1257870599	ID:18	[PKT-TX] DATA bytes=14  seq=37 
1257876906	ID:12	[HFS] ra=0 si=0 cx=49 ac=0
1257881131	ID:12	[LIST] Neighbors: 20,5,30,6,2
1257884768	ID:12	[LIST] Quarantine: (none)
1257886469	ID:6	[HFS] ra=0 si=0 cx=49 ac=0
1257888264	ID:12	[LIST] Blacklist: (none)
1257892119	ID:6	[LIST] Neighbors: 19,17,20,16,30,2,12,5
1257894744	ID:12	FUZZRID,DET,5,1199,1199,0,0,0,0,0,0,14,0,0,0
1257895756	ID:6	[LIST] Quarantine: (none)
1257898507	ID:2	[HFS] ra=0 si=0 cx=49 ac=0
1257899252	ID:6	[LIST] Blacklist: (none)
1257903187	ID:2	[LIST] Neighbors: 16,5,30,6,12,8
1257905740	ID:6	FUZZRID,DET,5,1199,1199,0,0,0,0,0,0,12,0,0,0
1257906824	ID:2	[LIST] Quarantine: (none)
1257907965	ID:19	[HFS] ra=0 si=0 cx=47 ac=0
1257910321	ID:2	[LIST] Blacklist: (none)
1257913761	ID:19	[LIST] Neighbors: 15,26,17,30,20,5,25,16
1257916370	ID:20	[HFS] ra=0 si=0 cx=49 ac=0
1257916778	ID:2	FUZZRID,DET,5,1199,1199,0,0,0,0,0,0,11,0,0,0
1257917398	ID:19	[LIST] Quarantine: (none)
1257920895	ID:19	[LIST] Blacklist: (none)
1257922020	ID:20	[LIST] Neighbors: 26,30,19,6,12,5,22,11
1257925691	ID:20	[LIST] Quarantine: (none)
1257927352	ID:19	FUZZRID,DET,5,1199,1199,0,0,0,0,0,0,23,0,0,0
1257929187	ID:20	[LIST] Blacklist: (none)
1257935506	ID:20	FUZZRID,DET,5,1199,1199,0,0,0,0,0,0,8,0,0,0
1258136296	ID:18	[HFS] ra=0 si=0 cx=49 ac=0
1258139680	ID:18	[LIST] Neighbors: 24,13
1258143317	ID:18	[LIST] Quarantine: (none)
1258146813	ID:18	[LIST] Blacklist: (none)
1258153268	ID:18	FUZZRID,DET,13,1867,1867,0,0,0,0,0,0,7,0,0,0
1258184391	ID:24	[HFS] ra=0 si=0 cx=49 ac=0
1258189336	ID:24	[LIST] Neighbors: 17,16,18,10,13,8
1258192973	ID:24	[LIST] Quarantine: (none)
1258193446	ID:1	[PKT-RX] DATA bytes=14 from=18 seq=37
1258196471	ID:24	[LIST] Blacklist: (none)
1258203096	ID:24	FUZZRID,DET,13,1867,1867,0,0,0,0,0,0,12,0,0,0
1258752647	ID:11	[PKT-TX] DATA bytes=14  seq=37 
1258759072	ID:12	[PKT-TX] DATA bytes=14  seq=37 
1258939658	ID:5	[PKT-TX] DATA bytes=13  seq=37 
1259066349	ID:1	[PKT-RX] DATA bytes=14 from=11 seq=37
1259677144	ID:1	[PKT-RX] DATA bytes=13 from=5 seq=37
1260159910	ID:18	 161283 P 0.0 20 714788 40568949 228713 390173 0 286376 23543 1942465 3379 15622 0 13485 (radio 1.-55% / 0.96% tx 0.55% / 0.17% listen 0.94% / 0.79%)
1260188680	ID:16	 161283 P 0.0 20 1540536 39743898 468098 657257 0 448347 52541 1913380 13516 24724 0 18495 (radio 2.-136% / 1.94% tx 1.-91% / 0.68% listen 1.-45% / 1.25%)
1260216341	ID:1	[PKT-RX] DATA bytes=14 from=12 seq=37
1260326059	ID:3	 161283 P 0.0 20 781143 40504358 245547 428922 0 326517 22376 1943604 2720 16197 0 14460 (radio 1.-41% / 0.96% tx 0.59% / 0.13% listen 1.03% / 0.82%)
1260348683	ID:23	 161283 P 0.0 20 728169 40555705 248153 377604 0 277399 24231 1941527 5502 15813 0 13509 (radio 1.-53% / 1.08% tx 0.60% / 0.27% listen 0.91% / 0.80%)
1260374428	ID:25	 161283 P 0.0 20 1442191 39841620 401670 677224 0 488999 60009 1905786 14710 29917 0 21552 (radio 2.-147% / 2.27% tx 0.97% / 0.74% listen 1.-40% / 1.52%)
1260417765	ID:11	 161283 P 0.0 20 1190783 40094743 360829 572299 0 389364 72052 1893953 30026 29411 0 16432 (radio 2.-183% / 3.02% tx 0.87% / 1.52% listen 1.-66% / 1.49%)
1260504832	ID:24	[PKT-TX] DATA bytes=14  seq=37 
1260559466	ID:19	 161283 P 0.0 20 2818519 38465806 1036029 1002952 0 413620 110607 1854478 40028 40813 0 17156 (radio 4.-323% / 4.11% tx 2.-158% / 2.03% listen 2.-166% / 2.07%)
1260568811	ID:20	 161283 P 0.0 20 1303707 39980812 351666 562271 0 406496 42392 1923688 6742 21388 0 17479 (radio 2.-187% / 1.43% tx 0.85% / 0.34% listen 1.-68% / 1.08%)
1260580348	ID:10	 161283 P 0.0 20 1275675 40010401 373457 683926 0 533596 40198 1925787 8124 27953 0 23884 (radio 2.-152% / 1.83% tx 0.90% / 0.41% listen 1.-39% / 1.42%)
1260681182	ID:4	 161283 P 0.0 20 1332737 39952788 441837 543609 0 344896 57827 1907993 18617 25330 0 15596 (radio 2.-170% / 2.23% tx 1.-98% / 0.94% listen 1.-73% / 1.28%)
1260716774	ID:8	 161283 P 0.0 20 952844 40332853 241352 439080 0 333125 39297 1926740 9905 20504 0 16260 (radio 1.-40% / 1.54% tx 0.58% / 0.50% listen 1.-98% / 1.04%)
1260780889	ID:14	 161283 P 0.0 20 1351721 39932081 493789 542947 0 304849 47488 1918382 14443 20712 0 13186 (radio 2.-157% / 1.78% tx 1.-85% / 0.73% listen 1.-73% / 1.05%)
1260812957	ID:7	 161283 P 0.0 20 935789 40348934 245306 438439 0 342775 35102 1930787 6936 18956 0 15358 (radio 1.-39% / 1.31% tx 0.59% / 0.35% listen 1.-98% / 0.96%)
1260829364	ID:1	 161285 P 0.0 20 2415253 38870954 1084629 40200604 0 0 120507 1845544 57990 1907911 0 0 (radio 99.-9888% / 99.-8640% tx 2.-146% / 2.94% listen 97.-9638% / 97.-8734%)
1260833594	ID:17	 161283 P 0.0 20 2160976 39123815 851967 888287 0 501808 85637 1880273 35681 35011 0 19576 (radio 4.-395% / 3.59% tx 2.-98% / 1.81% listen 2.-193% / 1.78%)
1260836407	ID:15	 161283 P 0.0 20 2625020 38659111 894756 962262 0 353195 96638 1869355 28693 40408 0 17709 (radio 4.-367% / 3.51% tx 2.-192% / 1.45% listen 2.-175% / 2.05%)
1260912042	ID:6	 161283 P 0.0 20 1394728 39890516 367652 650175 0 453919 45702 1920236 8219 25941 0 20712 (radio 2.-162% / 1.73% tx 0.89% / 0.41% listen 1.-47% / 1.31%)
1260955339	ID:22	 161283 P 0.0 20 873276 40411447 250407 437773 0 332483 42835 1923122 14225 20109 0 14803 (radio 1.-38% / 1.74% tx 0.60% / 0.72% listen 1.-98% / 1.02%)
1260973858	ID:2	 161289 P 0.0 20 1013138 40273756 276815 467725 0 351364 64393 1903196 20994 27055 0 15147 (radio 1.-24% / 2.44% tx 0.67% / 1.06% listen 1.-91% / 1.37%)
1261025474	ID:12	 161283 P 0.0 20 1059222 40224936 348957 462485 0 328548 58266 1907755 24311 24190 0 14885 (radio 1.-8% / 2.46% tx 0.84% / 1.23% listen 1.-93% / 1.23%)
1261042206	ID:9	 161283 P 0.0 20 1323707 39962549 441852 543317 0 348526 68727 1897247 26766 27286 0 14647 (radio 2.-170% / 2.74% tx 1.-98% / 1.36% listen 1.-73% / 1.38%)
1261084177	ID:24	 161283 P 0.0 20 1718919 39565963 732076 636943 0 320763 61744 1904128 22790 24198 0 13900 (radio 3.-281% / 2.39% tx 1.-27% / 1.15% listen 1.-50% / 1.23%)
1261136145	ID:5	 161283 P 0.0 20 1158928 40126535 375386 515063 0 374223 43822 1922037 13142 21946 0 17456 (radio 2.-193% / 1.78% tx 0.90% / 0.66% listen 1.-80% / 1.11%)
1261137652	ID:21	 161283 P 0.0 20 1081004 40205580 298986 545897 0 330571 56732 1909322 17748 26889 0 14740 (radio 2.-100% / 2.27% tx 0.72% / 0.90% listen 1.-72% / 1.36%)
1261140881	ID:13	 161283 P 0.0 20 649852 40633967 197038 360745 0 292195 30979 1934787 9771 15952 0 12864 (radio 1.-69% / 1.30% tx 0.47% / 0.49% listen 0.87% / 0.81%)
1261257194	ID:18	[PKT-RTT] seq=37,rtt_delay_ms=1687
1261259946	ID:5	[PKT-TX] DATA bytes=13  seq=38 
1261316854	ID:1	[PKT-RX] DATA bytes=13 from=5 seq=38
1261824118	ID:1	[PKT-RX] DATA bytes=14 from=24 seq=37
1263084382	ID:14	[PKT-TX] DATA bytes=14  seq=38 
1263248263	ID:1	[PKT-RX] DATA bytes=14 from=14 seq=38
1265447567	ID:4	[PKT-TX] DATA bytes=13  seq=38 
1265494988	ID:1	[PKT-RX] DATA bytes=13 from=4 seq=38
1265771438	ID:3	[PKT-TX] DATA bytes=13  seq=38 
1265998098	ID:1	[PKT-RX] DATA bytes=13 from=3 seq=38
1266019604	ID:20	[PKT-TX] DATA bytes=14  seq=38 
1266175031	ID:3	[PKT-RTT] seq=38,rtt_delay_ms=195
1266193150	ID:1	[PKT-RX] DATA bytes=14 from=20 seq=38
1266660740	ID:20	[PKT-RTT] seq=38,rtt_delay_ms=320
1267435172	ID:23	[PKT-TX] DATA bytes=14  seq=38 
1267748874	ID:1	[PKT-RX] DATA bytes=14 from=23 seq=38
1268197617	ID:23	[PKT-RTT] seq=38,rtt_delay_ms=375
1268200199	ID:6	[PKT-TX] DATA bytes=13  seq=38 
1268319429	ID:1	[PKT-RX] DATA bytes=13 from=6 seq=38
1268800286	ID:18	[PKT-TX] DATA bytes=14  seq=38 
1268886946	ID:30	[ATK-FAKE-RANK]  true_rank=1119 fake_rank=1436 t=11720s
1269193051	ID:1	[PKT-RX] DATA bytes=14 from=18 seq=38
1269292458	ID:20	[HFS] ra=74 si=49 cx=49 ac=82
1269298108	ID:20	[LIST] Neighbors: 26,30,19,6,12,5,22,11
1269301745	ID:20	[LIST] Quarantine: (none)
1269305242	ID:20	[LIST] Blacklist: (none)
1269312932	ID:20	FUZZRID,DET,30,1436,1119,317,0,100,100,5,0,0,0,82,75
1269634362	ID:6	[PKT-RTT] seq=38,rtt_delay_ms=710
1269714852	ID:9	[PKT-TX] DATA bytes=13  seq=38 
1269872565	ID:1	[PKT-RX] DATA bytes=13 from=9 seq=38
1270006973	ID:18	[PKT-RTT] seq=38,rtt_delay_ms=601
1270352928	ID:25	[HFS] ra=0 si=0 cx=49 ac=0
1270358724	ID:25	[LIST] Neighbors: 15,26,17,10,30,9,16,29
1270362361	ID:25	[LIST] Quarantine: (none)
1270365857	ID:25	[LIST] Blacklist: (none)
1270372312	ID:25	FUZZRID,DET,16,1137,1137,0,0,0,0,0,0,4,0,0,0
1270970003	ID:12	[PKT-TX] DATA bytes=14  seq=38 
1271765625	ID:13	[PKT-TX] DATA bytes=14  seq=38 
1271894490	ID:11	[HFS] ra=0 si=0 cx=49 ac=0
1271899579	ID:11	[LIST] Neighbors: 15,26,30,22,20,19
1271903216	ID:11	[LIST] Quarantine: (none)
1271906713	ID:11	[LIST] Blacklist: (none)
1271912826	ID:11	FUZZRID,DET,19,782,782,0,0,0,0,0,0,0,0,0,0
1272317538	ID:1	[PKT-RX] DATA bytes=14 from=12 seq=38
1272718941	ID:25	[PKT-TX] DATA bytes=14  seq=38 
1272825065	ID:1	[PKT-RX] DATA bytes=14 from=13 seq=38
1272941673	ID:1	[PKT-RX] DATA bytes=14 from=25 seq=38
1274794827	ID:8	[PKT-TX] DATA bytes=13  seq=38 
1275012644	ID:24	[PKT-TX] DATA bytes=14  seq=38 
1275068506	ID:1	[PKT-RX] DATA bytes=13 from=8 seq=38
1275441308	ID:1	[PKT-RX] DATA bytes=14 from=24 seq=38
1275753895	ID:21	[PKT-TX] DATA bytes=14  seq=38 
1275755669	ID:14	[HFS] ra=0 si=0 cx=49 ac=0
1275759747	ID:14	[LIST] Neighbors: 31,4,7,9,3
1275763383	ID:14	[LIST] Quarantine: (none)
1275766881	ID:14	[LIST] Blacklist: (none)
1275770636	ID:1	[PKT-RX] DATA bytes=14 from=21 seq=38
1275773196	ID:14	FUZZRID,DET,3,1121,1121,0,0,0,0,0,0,2,0,0,0
1275858611	ID:21	[PKT-RTT] seq=38,rtt_delay_ms=46
1276227914	ID:10	[PKT-TX] DATA bytes=14  seq=38 
1276291213	ID:27	[ATK-FAKE-RANK]  true_rank=512 fake_rank=772 t=11720s
1276434105	ID:15	[HFS] ra=74 si=49 cx=49 ac=82
1276439621	ID:15	[LIST] Neighbors: 28,26,22,19,25,11,27
1276443258	ID:15	[LIST] Quarantine: (none)
1276446755	ID:15	[LIST] Blacklist: (none)
1276454221	ID:15	FUZZRID,DET,27,772,512,260,0,100,100,10,0,0,0,82,75
1276824099	ID:1	[PKT-RX] DATA bytes=14 from=10 seq=38
1277888529	ID:6	[HFS] ra=0 si=0 cx=49 ac=0
1277894178	ID:6	[LIST] Neighbors: 19,17,20,16,30,2,12,5
1277897840	ID:6	[LIST] Quarantine: (none)
1277901336	ID:6	[LIST] Blacklist: (none)
1277907792	ID:6	FUZZRID,DET,17,1137,1137,0,0,0,0,0,0,6,0,0,0
1278438500	ID:16	[PKT-TX] DATA bytes=14  seq=38 
1278567201	ID:1	[PKT-RX] DATA bytes=14 from=16 seq=38
1278597235	ID:15	[PKT-TX] DATA bytes=14  seq=38 
1278613923	ID:1	[PKT-RX] DATA bytes=14 from=15 seq=38
1280289647	ID:2	[PKT-TX] DATA bytes=13  seq=38 
1280307575	ID:22	[PKT-TX] DATA bytes=14  seq=38 
1280381838	ID:1	[PKT-RX] DATA bytes=14 from=22 seq=38
1280443091	ID:1	[PKT-RX] DATA bytes=13 from=2 seq=38
1284708235	ID:17	[PKT-TX] DATA bytes=14  seq=38 
1284819564	ID:1	[PKT-RX] DATA bytes=14 from=17 seq=38
1285386477	ID:19	[PKT-TX] DATA bytes=14  seq=38 
1285443447	ID:1	[PKT-RX] DATA bytes=14 from=19 seq=38
1286203147	ID:7	[PKT-TX] DATA bytes=13  seq=38 
1286374386	ID:1	[PKT-RX] DATA bytes=13 from=7 seq=38
1288741481	ID:13	[HFS] ra=0 si=0 cx=49 ac=0
1288744865	ID:13	[LIST] Neighbors: 24,18
1288748502	ID:13	[LIST] Quarantine: (none)
1288752023	ID:13	[LIST] Blacklist: (none)
1288758477	ID:13	FUZZRID,DET,24,1403,1403,0,0,0,0,0,0,4,0,0,0
1289877640	ID:11	[PKT-TX] DATA bytes=14  seq=38 
1289942278	ID:1	[PKT-RX] DATA bytes=14 from=11 seq=38
1290533161	ID:29	[ATK-FAKE-RANK]  true_rank=1345 fake_rank=1831 t=11720s
1290615498	ID:25	[PKT-TX] DATA bytes=14  seq=39 
1290690149	ID:1	[PKT-RX] DATA bytes=14 from=25 seq=39
1290809455	ID:17	[HFS] ra=74 si=49 cx=49 ac=82
1290815398	ID:17	[LIST] Neighbors: 26,19,16,10,24,29,25,30
1290819035	ID:17	[LIST] Quarantine: (none)
1290822531	ID:17	[LIST] Blacklist: (none)
1290830257	ID:17	FUZZRID,DET,29,1831,1345,486,0,100,100,9,0,3,0,82,75
1291438735	ID:12	[PKT-TX] DATA bytes=14  seq=39 
1291662007	ID:8	[PKT-TX] DATA bytes=13  seq=39 
1292632765	ID:16	[PKT-TX] DATA bytes=14  seq=39 
1292693447	ID:1	[PKT-RX] DATA bytes=14 from=16 seq=39
1293067869	ID:1	[PKT-RX] DATA bytes=14 from=12 seq=39
1295316644	ID:1	[PKT-RX] DATA bytes=13 from=8 seq=39
1295714031	ID:4	[PKT-TX] DATA bytes=13  seq=39 
1295747084	ID:1	[PKT-RX] DATA bytes=13 from=4 seq=39
1295758989	ID:18	[HFS] ra=0 si=0 cx=49 ac=0
1295762373	ID:18	[LIST] Neighbors: 24,13
1295766010	ID:18	[LIST] Quarantine: (none)
1295769506	ID:18	[LIST] Blacklist: (none)
1295775975	ID:18	FUZZRID,DET,13,1840,1840,0,0,0,0,0,0,6,0,0,0
1295900788	ID:4	[PKT-RTT] seq=39,rtt_delay_ms=93
1295992194	ID:13	[PKT-TX] DATA bytes=14  seq=39 
1296316497	ID:1	[PKT-RX] DATA bytes=14 from=13 seq=39
1296412102	ID:6	[PKT-TX] DATA bytes=13  seq=39 
1296737718	ID:5	[HFS] ra=0 si=0 cx=49 ac=0
1296742515	ID:5	[LIST] Neighbors: 19,20,30,6,2,12
1296746151	ID:5	[LIST] Quarantine: (none)
1296749648	ID:5	[LIST] Blacklist: (none)
1296756242	ID:5	FUZZRID,DET,12,1455,1455,0,0,0,0,0,0,10,0,0,0
1296763908	ID:6	[HFS] ra=0 si=0 cx=49 ac=0
1296769558	ID:6	[LIST] Neighbors: 19,17,20,16,30,2,12,5
1296771341	ID:2	[HFS] ra=0 si=0 cx=49 ac=0
1296773195	ID:6	[LIST] Quarantine: (none)
1296775991	ID:2	[LIST] Neighbors: 16,5,30,6,12,8
1296776691	ID:6	[LIST] Blacklist: (none)
1296779628	ID:2	[LIST] Quarantine: (none)
1296783125	ID:2	[LIST] Blacklist: (none)
1296783145	ID:6	FUZZRID,DET,12,1455,1455,0,0,0,0,0,0,6,0,0,0
1296789579	ID:2	FUZZRID,DET,12,1455,1455,0,0,0,0,0,0,6,0,0,0
1296793017	ID:20	[HFS] ra=0 si=0 cx=49 ac=0
1296798667	ID:20	[LIST] Neighbors: 26,30,19,6,12,5,22,11
1296802304	ID:20	[LIST] Quarantine: (none)
1296805800	ID:20	[LIST] Blacklist: (none)
1296812393	ID:20	FUZZRID,DET,12,1455,1455,0,0,0,0,0,0,10,0,0,0
1297316630	ID:1	[PKT-RX] DATA bytes=13 from=6 seq=39
1297862577	ID:13	[PKT-RTT] seq=39,rtt_delay_ms=929
1298009175	ID:6	[PKT-RTT] seq=39,rtt_delay_ms=796
1298370672	ID:15	[PKT-TX] DATA bytes=14  seq=39 
1298387325	ID:1	[PKT-RX] DATA bytes=14 from=15 seq=39
1298417473	ID:18	[PKT-TX] DATA bytes=14  seq=39 
1298820335	ID:7	[PKT-TX] DATA bytes=13  seq=39 
1298997285	ID:1	[PKT-RX] DATA bytes=13 from=7 seq=39
1299692418	ID:1	[PKT-RX] DATA bytes=14 from=18 seq=39
1300131462	ID:18	[PKT-RTT] seq=39,rtt_delay_ms=851
1302089869	ID:21	[PKT-TX] DATA bytes=14  seq=39 
1302106637	ID:1	[PKT-RX] DATA bytes=14 from=21 seq=39
1302232634	ID:21	[PKT-RTT] seq=39,rtt_delay_ms=70
1302787822	ID:7	[HFS] ra=0 si=0 cx=49 ac=0
1302792179	ID:7	[LIST] Neighbors: 4,23,29,9,14
1302795816	ID:7	[LIST] Quarantine: (none)
1302799312	ID:7	[LIST] Blacklist: (none)
1302805769	ID:7	FUZZRID,DET,14,1117,1117,0,0,0,0,0,0,1,0,0,0
1302831782	ID:19	[PKT-TX] DATA bytes=14  seq=39 
1303066489	ID:1	[PKT-RX] DATA bytes=14 from=19 seq=39
1304012213	ID:6	[HFS] ra=0 si=0 cx=49 ac=0
1304017879	ID:6	[LIST] Neighbors: 19,17,20,16,30,2,12,5
1304021516	ID:6	[LIST] Quarantine: (none)
1304025013	ID:6	[LIST] Blacklist: (none)
1304031492	ID:6	FUZZRID,DET,12,1480,1480,0,0,0,0,0,0,6,0,0,0
1304041660	ID:20	[HFS] ra=0 si=0 cx=49 ac=0
1304047309	ID:20	[LIST] Neighbors: 26,30,19,6,12,5,22,11
1304050971	ID:20	[LIST] Quarantine: (none)
1304054467	ID:20	[LIST] Blacklist: (none)
1304061061	ID:20	FUZZRID,DET,12,1480,1480,0,0,0,0,0,0,10,0,0,0
1304112687	ID:5	[HFS] ra=0 si=0 cx=49 ac=0
1304117485	ID:5	[LIST] Neighbors: 19,20,30,6,2,12
1304121131	ID:5	[LIST] Quarantine: (none)
1304124628	ID:5	[LIST] Blacklist: (none)
1304131222	ID:5	FUZZRID,DET,12,1480,1480,0,0,0,0,0,0,10,0,0,0
1305018512	ID:22	[PKT-TX] DATA bytes=14  seq=39 
1305134653	ID:1	[PKT-RX] DATA bytes=14 from=22 seq=39
1305855477	ID:9	[PKT-TX] DATA bytes=13  seq=39 
1305998760	ID:1	[PKT-RX] DATA bytes=13 from=9 seq=39
1306040421	ID:7	[HFS] ra=0 si=0 cx=49 ac=0
1306044778	ID:7	[LIST] Neighbors: 4,23,29,9,14
1306048415	ID:7	[LIST] Quarantine: (none)
1306051911	ID:7	[LIST] Blacklist: (none)
1306058363	ID:7	FUZZRID,DET,23,1681,1681,0,0,0,0,0,0,9,0,0,0
1307464917	ID:20	[PKT-TX] DATA bytes=14  seq=39 
1307567423	ID:1	[PKT-RX] DATA bytes=14 from=20 seq=39
1307787022	ID:20	[PKT-RTT] seq=39,rtt_delay_ms=156
1307820887	ID:2	[PKT-TX] DATA bytes=13  seq=39 
1307941522	ID:1	[PKT-RX] DATA bytes=13 from=2 seq=39
1308375036	ID:5	[PKT-TX] DATA bytes=13  seq=39 
1308693930	ID:1	[PKT-RX] DATA bytes=13 from=5 seq=39
1309654250	ID:3	[PKT-TX] DATA bytes=13  seq=39 
1309872223	ID:1	[PKT-RX] DATA bytes=13 from=3 seq=39
1310048931	ID:3	[PKT-RTT] seq=39,rtt_delay_ms=195
1310215770	ID:24	[PKT-TX] DATA bytes=14  seq=39 
1311565584	ID:1	[PKT-RX] DATA bytes=14 from=24 seq=39
1313145656	ID:23	[PKT-TX] DATA bytes=14  seq=39 
1313497102	ID:1	[PKT-RX] DATA bytes=14 from=23 seq=39
1313945101	ID:23	[PKT-RTT] seq=39,rtt_delay_ms=398
1314551470	ID:17	[PKT-TX] DATA bytes=14  seq=39 
1314692048	ID:1	[PKT-RX] DATA bytes=14 from=17 seq=39
1315568764	ID:14	[PKT-TX] DATA bytes=14  seq=39 
1315747040	ID:1	[PKT-RX] DATA bytes=14 from=14 seq=39
1315952134	ID:31	[ATK-FAKE-RANK]  true_rank=772 fake_rank=1028 t=11720s
1316040172	ID:16	[HFS] ra=0 si=0 cx=49 ac=0
1316045822	ID:16	[LIST] Neighbors: 19,17,30,24,29,25,2,8
1316049459	ID:16	[LIST] Quarantine: (none)
1316052022	ID:3	[HFS] ra=74 si=49 cx=49 ac=82
1316052955	ID:16	[LIST] Blacklist: (none)
1316055712	ID:3	[LIST] Neighbors: 31,4,14
1316059305	ID:16	FUZZRID,DET,2,1410,1410,0,0,0,0,0,0,2,0,0,0
1316059349	ID:3	[LIST] Quarantine: (none)
1316062845	ID:3	[LIST] Blacklist: (none)
1316070334	ID:3	FUZZRID,DET,31,1028,772,256,0,94,100,15,0,3,0,82,75
1317237016	ID:11	[PKT-TX] DATA bytes=14  seq=39 
1317317813	ID:1	[PKT-RX] DATA bytes=14 from=11 seq=39
1318798719	ID:10	[PKT-TX] DATA bytes=14  seq=39 
1318942286	ID:1	[PKT-RX] DATA bytes=14 from=10 seq=39
1320159899	ID:18	 168963 P 0.0 21 742816 42506684 235492 408102 0 300121 28026 1937735 6779 17929 0 13745 (radio 1.-51% / 1.25% tx 0.54% / 0.34% listen 0.94% / 0.91%)
1320188678	ID:16	 168963 P 0.0 21 1611254 41639107 489321 689911 0 469617 70716 1895209 21223 32654 0 21270 (radio 2.-126% / 2.74% tx 1.-87% / 1.07% listen 1.-40% / 1.66%)
1320262208	ID:6	[HFS] ra=0 si=0 cx=49 ac=0
1320267879	ID:6	[LIST] Neighbors: 19,17,20,16,30,2,12,5
1320271516	ID:6	[LIST] Quarantine: (none)
1320275013	ID:6	[LIST] Blacklist: (none)
1320281491	ID:6	FUZZRID,DET,12,1474,1474,0,0,0,0,0,0,6,0,0,0
1320326219	ID:3	 168963 P 0.0 21 814002 42437456 254502 448145 0 341239 32857 1933098 8955 19223 0 14722 (radio 1.-37% / 1.43% tx 0.58% / 0.45% listen 1.-96% / 0.97%)
1320348694	ID:23	 168963 P 0.0 21 754451 42495237 254398 393024 0 289342 26281 1939532 6245 15420 0 11943 (radio 1.-50% / 1.10% tx 0.58% / 0.31% listen 0.90% / 0.78%)
1320374189	ID:25	 168963 P 0.0 21 1485020 41764780 407318 703503 0 511770 42828 1923160 5648 26279 0 22771 (radio 2.-142% / 1.62% tx 0.94% / 0.28% listen 1.-37% / 1.33%)
1320417528	ID:11	 168963 P 0.0 21 1236745 42014827 370729 596104 0 406058 45960 1920084 9900 23805 0 16694 (radio 2.-176% / 1.71% tx 0.85% / 0.50% listen 1.-62% / 1.21%)
1320559490	ID:19	 168963 P 0.0 21 2932160 40318137 1075310 1047853 0 433153 113640 1852331 39281 44901 0 19533 (radio 4.-307% / 4.28% tx 2.-150% / 1.99% listen 2.-157% / 2.28%)
1320564995	ID:20	 168963 P 0.0 21 1363351 41886954 367280 590923 0 427481 59643 1906142 15614 28652 0 20985 (radio 2.-178% / 2.25% tx 0.84% / 0.79% listen 1.-63% / 1.45%)
1320580603	ID:10	 168963 P 0.0 21 1319907 41932173 383694 715310 0 560033 44230 1921772 10237 31384 0 26437 (radio 2.-145% / 2.11% tx 0.88% / 0.52% listen 1.-34% / 1.59%)
1320680916	ID:4	 168963 P 0.0 21 1376632 41874671 451012 563802 0 359397 43894 1921883 9175 20193 0 14501 (radio 2.-164% / 1.49% tx 1.-96% / 0.46% listen 1.-69% / 1.02%)
1320717347	ID:8	 168963 P 0.0 21 1004518 42247230 259352 463919 0 349122 51672 1914377 18000 24839 0 15997 (radio 1.-33% / 2.17% tx 0.59% / 0.91% listen 1.-93% / 1.26%)
1320780917	ID:14	 168963 P 0.0 21 1415041 41834734 518169 567410 0 317272 63318 1902653 24380 24463 0 12423 (radio 2.-148% / 2.48% tx 1.-80% / 1.24% listen 1.-69% / 1.24%)
1320812935	ID:7	 168963 P 0.0 21 965867 42284710 248298 455287 0 357720 30076 1935776 2992 16848 0 14945 (radio 1.-37% / 1.00% tx 0.57% / 0.15% listen 1.-95% / 0.85%)
1320828673	ID:1	 168965 P 0.0 21 2538935 40713269 1142701 42108426 0 0 123680 1842315 58072 1907820 0 0 (radio 0.69% / 99.-8640% tx 2.-135% / 2.95% listen 97.-9696% / 97.-8735%)
1320833481	ID:15	 168963 P 0.0 21 2742431 40507555 933451 1005586 0 369950 117410 1848444 38695 43324 0 16755 (radio 4.-349% / 4.17% tx 2.-183% / 1.96% listen 2.-167% / 2.20%)
1320834008	ID:17	 168963 P 0.0 21 2278758 40971983 903960 934093 0 524332 117780 1848168 51993 45806 0 22524 (radio 4.-373% / 4.97% tx 2.-190% / 2.64% listen 2.-183% / 2.32%)
1320914758	ID:6	 168963 P 0.0 21 1475711 41775412 394952 685860 0 475047 80981 1884896 27300 35685 0 21128 (radio 2.-149% / 3.20% tx 0.91% / 1.38% listen 1.-41% / 1.81%)
1320922431	ID:2	 168963 P 0.0 21 1058591 42192637 289548 492468 0 369904 45451 1918881 12733 24743 0 18540 (radio 1.-19% / 1.90% tx 0.66% / 0.64% listen 1.-86% / 1.25%)
1320928007	ID:25	[PKT-TX] DATA bytes=14  seq=40 
1320955302	ID:22	 168963 P 0.0 21 911887 42338771 261203 457980 0 347669 38609 1927324 10796 20207 0 15186 (radio 1.-34% / 1.57% tx 0.60% / 0.54% listen 1.-94% / 1.02%)
1321025802	ID:12	 168963 P 0.0 21 1136599 42113606 385630 491549 0 345075 77376 1888670 36673 29064 0 16527 (radio 2.-196% / 3.34% tx 0.89% / 1.86% listen 1.-86% / 1.47%)
1321042174	ID:9	 168963 P 0.0 21 1369325 41882876 453350 563966 0 363152 45616 1920327 11498 20649 0 14626 (radio 2.-164% / 1.63% tx 1.-95% / 0.58% listen 1.-69% / 1.05%)
1321068109	ID:1	[PKT-RX] DATA bytes=14 from=25 seq=40
1321084171	ID:24	 168963 P 0.0 21 1812746 41438086 775163 672426 0 335170 93825 1872123 43087 35483 0 14407 (radio 3.-264% / 3.99% tx 1.-21% / 2.19% listen 1.-44% / 1.80%)
1321136146	ID:5	 168963 P 0.0 21 1224934 42026535 400521 545854 0 392763 66005 1900000 25135 30791 0 18540 (radio 2.-180% / 2.84% tx 0.92% / 1.27% listen 1.-74% / 1.56%)
1321137647	ID:21	 168963 P 0.0 21 1131929 42120715 311491 572020 0 345479 50924 1915135 12505 26123 0 14908 (radio 2.-195% / 1.96% tx 0.72% / 0.63% listen 1.-68% / 1.32%)
1321140875	ID:13	 168963 P 0.0 21 678486 42571300 204281 379280 0 307206 28633 1937333 7243 18535 0 15011 (radio 1.-65% / 1.31% tx 0.47% / 0.36% listen 0.87% / 0.94%)
1321925366	ID:22	[PKT-TX] DATA bytes=14  seq=40 
1322009284	ID:1	[PKT-RX] DATA bytes=14 from=22 seq=40
1322261469	ID:19	[PKT-TX] DATA bytes=14  seq=40 
1322318575	ID:1	[PKT-RX] DATA bytes=14 from=19 seq=40
1322416971	ID:5	[PKT-TX] DATA bytes=13  seq=40 
1322693022	ID:1	[PKT-RX] DATA bytes=13 from=5 seq=40
1325471390	ID:11	[PKT-TX] DATA bytes=14  seq=40 
1325567008	ID:1	[PKT-RX] DATA bytes=14 from=11 seq=40
1328226561	ID:13	[PKT-TX] DATA bytes=14  seq=40 
1328566858	ID:1	[PKT-RX] DATA bytes=14 from=13 seq=40
1328990099	ID:13	[PKT-RTT] seq=40,rtt_delay_ms=375
1329034734	ID:15	[PKT-TX] DATA bytes=14  seq=40 
1329051423	ID:1	[PKT-RX] DATA bytes=14 from=15 seq=40
1330409660	ID:18	[PKT-TX] DATA bytes=14  seq=40 
1330692713	ID:1	[PKT-RX] DATA bytes=14 from=18 seq=40
1331132953	ID:18	[PKT-RTT] seq=40,rtt_delay_ms=359
1331183581	ID:21	[PKT-TX] DATA bytes=14  seq=40 
1331200390	ID:1	[PKT-RX] DATA bytes=14 from=21 seq=40
1331232632	ID:21	[PKT-RTT] seq=40,rtt_delay_ms=23
1331367137	ID:16	[PKT-TX] DATA bytes=14  seq=40 
1331442602	ID:1	[PKT-RX] DATA bytes=14 from=16 seq=40
1333244442	ID:4	[PKT-TX] DATA bytes=13  seq=40 
1333371177	ID:1	[PKT-RX] DATA bytes=13 from=4 seq=40
1333411779	ID:7	[HFS] ra=0 si=0 cx=48 ac=0
1333416164	ID:7	[LIST] Neighbors: 4,23,29,9,14
1333419801	ID:7	[LIST] Quarantine: (none)
1333423297	ID:7	[LIST] Blacklist: (none)
1333429392	ID:7	FUZZRID,DET,4,773,773,0,0,0,0,0,0,22,0,0,0
1333506110	ID:14	[HFS] ra=0 si=0 cx=49 ac=0
1333510209	ID:14	[LIST] Neighbors: 31,4,7,9,3
1333513846	ID:14	[LIST] Quarantine: (none)
1333517343	ID:14	[LIST] Blacklist: (none)
1333523299	ID:14	FUZZRID,DET,4,773,773,0,0,0,0,0,0,9,0,0,0
1333776069	ID:4	[PKT-RTT] seq=40,rtt_delay_ms=265
1333996251	ID:17	[PKT-TX] DATA bytes=14  seq=40 
1334068483	ID:1	[PKT-RX] DATA bytes=14 from=17 seq=40
1334653327	ID:20	[PKT-TX] DATA bytes=14  seq=40 
1335191949	ID:1	[PKT-RX] DATA bytes=14 from=20 seq=40
1335387698	ID:6	[PKT-TX] DATA bytes=13  seq=40 
1336061212	ID:24	[HFS] ra=0 si=0 cx=49 ac=0
1336066154	ID:24	[LIST] Neighbors: 17,16,18,10,13,8
1336069791	ID:24	[LIST] Quarantine: (none)
1336073288	ID:24	[LIST] Blacklist: (none)
1336079778	ID:24	FUZZRID,DET,10,1105,1105,0,0,0,0,0,0,7,0,0,0
1336100211	ID:25	[HFS] ra=0 si=0 cx=49 ac=0
1336106007	ID:25	[LIST] Neighbors: 15,26,17,10,30,9,16,29
1336109644	ID:25	[LIST] Quarantine: (none)
1336113141	ID:25	[LIST] Blacklist: (none)
1336119611	ID:25	FUZZRID,DET,10,1105,1105,0,0,0,0,0,0,6,0,0,0
1336142696	ID:9	[HFS] ra=0 si=0 cx=49 ac=0
1336147926	ID:9	[LIST] Neighbors: 4,25,29,10,7,23,14
1336151563	ID:9	[LIST] Quarantine: (none)
1336155060	ID:9	[LIST] Blacklist: (none)
1336161516	ID:9	FUZZRID,DET,10,1105,1105,0,0,0,0,0,0,6,0,0,0
1336412073	ID:20	[PKT-RTT] seq=40,rtt_delay_ms=875
1337240187	ID:3	[PKT-TX] DATA bytes=13  seq=40 
1337372991	ID:1	[PKT-RX] DATA bytes=13 from=3 seq=40
1337549832	ID:3	[PKT-RTT] seq=40,rtt_delay_ms=148
1337691808	ID:1	[PKT-RX] DATA bytes=13 from=6 seq=40
1338009635	ID:6	[PKT-RTT] seq=40,rtt_delay_ms=1304
1338905815	ID:4	[HFS] ra=0 si=0 cx=49 ac=0
1338910920	ID:4	[LIST] Neighbors: 28,9,31,7,3,14,21
1338914557	ID:4	[LIST] Quarantine: (none)
1338918055	ID:4	[LIST] Blacklist: (none)
1338924545	ID:4	FUZZRID,DET,9,1385,1385,0,0,0,0,0,0,18,0,0,0
1342580374	ID:10	[PKT-TX] DATA bytes=14  seq=40 
1342602136	ID:2	[PKT-TX] DATA bytes=13  seq=40 
1343236209	ID:5	[HFS] ra=0 si=0 cx=49 ac=0
1343241017	ID:5	[LIST] Neighbors: 19,20,30,6,2,12
1343244654	ID:5	[LIST] Quarantine: (none)
1343248151	ID:5	[LIST] Blacklist: (none)
1343254745	ID:5	FUZZRID,DET,12,1474,1474,0,0,0,0,0,0,10,0,0,0
1343262316	ID:6	[HFS] ra=0 si=0 cx=49 ac=0
1343267966	ID:6	[LIST] Neighbors: 19,17,20,16,30,2,12,5
1343270116	ID:2	[HFS] ra=0 si=0 cx=49 ac=0
1343271602	ID:6	[LIST] Quarantine: (none)
1343274801	ID:2	[LIST] Neighbors: 16,5,30,6,12,8
1343275099	ID:6	[LIST] Blacklist: (none)
1343278437	ID:2	[LIST] Quarantine: (none)
1343281554	ID:6	FUZZRID,DET,12,1474,1474,0,0,0,0,0,0,6,0,0,0
1343281934	ID:2	[LIST] Blacklist: (none)
1343288389	ID:2	FUZZRID,DET,12,1474,1474,0,0,0,0,0,0,6,0,0,0
1343291914	ID:20	[HFS] ra=0 si=0 cx=49 ac=0
1343297564	ID:20	[LIST] Neighbors: 26,30,19,6,12,5,22,11
1343301201	ID:20	[LIST] Quarantine: (none)
1343304697	ID:20	[LIST] Blacklist: (none)
1343311153	ID:20	FUZZRID,DET,12,1474,1474,0,0,0,0,0,0,6,0,0,0
1343693821	ID:1	[PKT-RX] DATA bytes=14 from=10 seq=40
1344129831	ID:24	[PKT-TX] DATA bytes=14  seq=40 
1344318506	ID:1	[PKT-RX] DATA bytes=14 from=24 seq=40
1344642047	ID:11	[HFS] ra=0 si=0 cx=49 ac=0
1344647137	ID:11	[LIST] Neighbors: 15,26,30,22,20,19
1344650774	ID:11	[LIST] Quarantine: (none)
1344654270	ID:11	[LIST] Blacklist: (none)
1344660364	ID:11	FUZZRID,DET,22,871,871,0,0,0,0,0,0,2,0,0,0
1344691279	ID:1	[PKT-RX] DATA bytes=13 from=2 seq=40
1344741986	ID:13	[HFS] ra=0 si=0 cx=49 ac=0
1344745369	ID:13	[LIST] Neighbors: 24,18
1344749006	ID:13	[LIST] Quarantine: (none)
1344752503	ID:13	[LIST] Blacklist: (none)
1344758955	ID:13	FUZZRID,DET,18,1685,1685,0,0,0,0,0,0,1,0,0,0
1345153460	ID:23	[PKT-TX] DATA bytes=14  seq=40 
1345499449	ID:1	[PKT-RX] DATA bytes=14 from=23 seq=40
1345762740	ID:9	[PKT-TX] DATA bytes=13  seq=40 
1345813241	ID:7	[PKT-TX] DATA bytes=13  seq=40 
1345945519	ID:23	[PKT-RTT] seq=40,rtt_delay_ms=390
1346126087	ID:1	[PKT-RX] DATA bytes=13 from=9 seq=40
1346178131	ID:14	[PKT-TX] DATA bytes=14  seq=40 
1346246602	ID:1	[PKT-RX] DATA bytes=14 from=14 seq=40
1346495506	ID:1	[PKT-RX] DATA bytes=13 from=7 seq=40
1346786467	ID:7	[PKT-RTT] seq=40,rtt_delay_ms=484
1349076083	ID:8	[PKT-TX] DATA bytes=13  seq=40 
1349619289	ID:12	[PKT-TX] DATA bytes=14  seq=40 
1349817773	ID:1	[PKT-RX] DATA bytes=14 from=12 seq=40
1350412363	ID:25	[PKT-TX] DATA bytes=14  seq=41 
1350691768	ID:1	[PKT-RX] DATA bytes=14 from=25 seq=41
1350825434	ID:1	[PKT-RX] DATA bytes=13 from=8 seq=40
1351824199	ID:21	[PKT-TX] DATA bytes=14  seq=41 
1351840946	ID:1	[PKT-RX] DATA bytes=14 from=21 seq=41
1351981632	ID:21	[PKT-RTT] seq=41,rtt_delay_ms=78
1352898247	ID:2	[HFS] ra=0 si=0 cx=49 ac=0
1352902907	ID:2	[LIST] Neighbors: 16,5,30,6,12,8
1352906544	ID:2	[LIST] Quarantine: (none)
1352910041	ID:2	[LIST] Blacklist: (none)
1352915592	ID:16	[HFS] ra=0 si=0 cx=49 ac=0
1352916357	ID:2	FUZZRID,DET,8,1415,1415,0,0,0,0,0,0,3,0,0,0
1352921242	ID:16	[LIST] Neighbors: 19,17,30,24,29,25,2,8
1352924879	ID:16	[LIST] Quarantine: (none)
1352928375	ID:16	[LIST] Blacklist: (none)
1352934693	ID:16	FUZZRID,DET,8,1415,1415,0,0,0,0,0,0,7,0,0,0
1352936911	ID:24	[HFS] ra=0 si=0 cx=49 ac=0
1352941853	ID:24	[LIST] Neighbors: 17,16,18,10,13,8
1352945490	ID:24	[LIST] Quarantine: (none)
1352948987	ID:24	[LIST] Blacklist: (none)
1352955303	ID:24	FUZZRID,DET,8,1415,1415,0,0,0,0,0,0,0,0,0,0
1353293126	ID:17	[PKT-TX] DATA bytes=14  seq=41 
1353825098	ID:1	[PKT-RX] DATA bytes=14 from=17 seq=41
1358308601	ID:9	[PKT-TX] DATA bytes=13  seq=41 
1358747328	ID:1	[PKT-RX] DATA bytes=13 from=9 seq=41
1358787506	ID:14	[PKT-TX] DATA bytes=14  seq=41 
1358805261	ID:2	[PKT-TX] DATA bytes=13  seq=41 
1358874080	ID:1	[PKT-RX] DATA bytes=14 from=14 seq=41
1358943853	ID:1	[PKT-RX] DATA bytes=13 from=2 seq=41
1359032885	ID:4	[HFS] ra=0 si=0 cx=49 ac=0
1359037962	ID:4	[LIST] Neighbors: 28,9,31,7,3,14,21
1359041598	ID:4	[LIST] Quarantine: (none)
1359045095	ID:4	[LIST] Blacklist: (none)
1359051412	ID:4	FUZZRID,DET,7,1075,1075,0,0,0,0,0,0,1,0,0,0
1359074553	ID:23	[HFS] ra=0 si=0 cx=49 ac=0
1359077631	ID:23	[LIST] Neighbors: 7,9
1359081267	ID:23	[LIST] Quarantine: (none)
1359084766	ID:23	[LIST] Blacklist: (none)
1359091082	ID:23	FUZZRID,DET,7,1075,1075,0,0,0,0,0,0,1,0,0,0
1359130837	ID:14	[HFS] ra=0 si=0 cx=49 ac=0
1359134929	ID:14	[LIST] Neighbors: 31,4,7,9,3
1359138566	ID:14	[LIST] Quarantine: (none)
1359142062	ID:14	[LIST] Blacklist: (none)
1359148379	ID:14	FUZZRID,DET,7,1075,1075,0,0,0,0,0,0,1,0,0,0
1359897890	ID:2	[HFS] ra=0 si=0 cx=49 ac=0
1359902541	ID:2	[LIST] Neighbors: 16,5,30,6,12,8
1359906178	ID:2	[LIST] Quarantine: (none)
1359909706	ID:2	[LIST] Blacklist: (none)
1359915475	ID:16	[HFS] ra=0 si=0 cx=49 ac=0
1359916023	ID:2	FUZZRID,DET,8,1415,1415,0,0,0,0,0,0,3,0,0,0
1359921125	ID:16	[LIST] Neighbors: 19,17,30,24,29,25,2,8
1359924762	ID:16	[LIST] Quarantine: (none)
1359928259	ID:16	[LIST] Blacklist: (none)
1359934574	ID:16	FUZZRID,DET,8,1415,1415,0,0,0,0,0,0,0,0,0,0
1359936492	ID:24	[HFS] ra=0 si=0 cx=49 ac=0
1359941435	ID:24	[LIST] Neighbors: 17,16,18,10,13,8
1359945073	ID:24	[LIST] Quarantine: (none)
1359948570	ID:24	[LIST] Blacklist: (none)
1359954885	ID:24	FUZZRID,DET,8,1415,1415,0,0,0,0,0,0,0,0,0,0
1360369363	ID:5	[PKT-TX] DATA bytes=13  seq=41 
1360444153	ID:1	[PKT-RX] DATA bytes=13 from=5 seq=41
1360976329	ID:25	[HFS] ra=0 si=0 cx=49 ac=0
1360982125	ID:25	[LIST] Neighbors: 15,26,17,10,30,9,16,29
1360985762	ID:25	[LIST] Quarantine: (none)
1360989258	ID:25	[LIST] Blacklist: (none)
1360995714	ID:25	FUZZRID,DET,17,1090,1090,0,0,0,0,0,0,7,0,0,0
1361627614	ID:11	[PKT-TX] DATA bytes=14  seq=41 
1361691769	ID:1	[PKT-RX] DATA bytes=14 from=11 seq=41
1361889044	ID:11	[PKT-RTT] seq=41,rtt_delay_ms=125
1363534908	ID:19	[PKT-TX] DATA bytes=14  seq=41 
1363942188	ID:1	[PKT-RX] DATA bytes=14 from=19 seq=41
1364388624	ID:3	[PKT-TX] DATA bytes=13  seq=41 
1364624358	ID:1	[PKT-RX] DATA bytes=13 from=3 seq=41
1365314094	ID:12	[PKT-TX] DATA bytes=14  seq=41 
1365444181	ID:1	[PKT-RX] DATA bytes=14 from=12 seq=41
1366506338	ID:14	[HFS] ra=0 si=0 cx=49 ac=0
1366510418	ID:14	[LIST] Neighbors: 31,4,7,9,3
1366514054	ID:14	[LIST] Quarantine: (none)
1366517579	ID:14	[LIST] Blacklist: (none)
1366523897	ID:14	FUZZRID,DET,7,1070,1070,0,0,0,0,0,0,1,0,0,0
1367710973	ID:7	[PKT-TX] DATA bytes=13  seq=41 
1367873142	ID:1	[PKT-RX] DATA bytes=13 from=7 seq=41
1368170409	ID:26	[ATK-FAKE-RANK]  true_rank=887 fake_rank=1169 t=11720s
1368407844	ID:7	[PKT-RTT] seq=41,rtt_delay_ms=343
1368558171	ID:15	[PKT-TX] DATA bytes=14  seq=41 
1368574896	ID:1	[PKT-RX] DATA bytes=14 from=15 seq=41
1369403349	ID:6	[PKT-TX] DATA bytes=13  seq=41 
1369568962	ID:1	[PKT-RX] DATA bytes=13 from=6 seq=41
1369889935	ID:6	[PKT-RTT] seq=41,rtt_delay_ms=242
1371810172	ID:23	[PKT-TX] DATA bytes=14  seq=41 
1372124144	ID:1	[PKT-RX] DATA bytes=14 from=23 seq=41
1372569895	ID:23	[PKT-RTT] seq=41,rtt_delay_ms=375
1372612268	ID:22	[PKT-TX] DATA bytes=14  seq=41 
1372757916	ID:1	[PKT-RX] DATA bytes=14 from=22 seq=41
1372929889	ID:22	[PKT-RTT] seq=41,rtt_delay_ms=156
1373663273	ID:16	[HFS] ra=0 si=0 cx=49 ac=0
1373668923	ID:16	[LIST] Neighbors: 19,17,30,24,29,25,2,8
1373672560	ID:16	[LIST] Quarantine: (none)
1373676062	ID:16	[LIST] Blacklist: (none)
1373682378	ID:16	FUZZRID,DET,8,1415,1415,0,0,0,0,0,0,0,0,0,0
1373684302	ID:24	[HFS] ra=0 si=0 cx=49 ac=0
1373689245	ID:24	[LIST] Neighbors: 17,16,18,10,13,8
1373692882	ID:24	[LIST] Quarantine: (none)
1373696403	ID:24	[LIST] Blacklist: (none)
1373702719	ID:24	FUZZRID,DET,8,1415,1415,0,0,0,0,0,0,0,0,0,0
1373773945	ID:2	[HFS] ra=0 si=0 cx=49 ac=0
1373778606	ID:2	[LIST] Neighbors: 16,5,30,6,12,8
1373782243	ID:2	[LIST] Quarantine: (none)
1373785740	ID:2	[LIST] Blacklist: (none)
1373792056	ID:2	FUZZRID,DET,8,1415,1415,0,0,0,0,0,0,4,0,0,0
1373937499	ID:13	[PKT-TX] DATA bytes=14  seq=41 
1374318800	ID:1	[PKT-RX] DATA bytes=14 from=13 seq=41
1374460888	ID:16	[PKT-TX] DATA bytes=14  seq=41 
1374692590	ID:1	[PKT-RX] DATA bytes=14 from=16 seq=41
1374771263	ID:24	[PKT-TX] DATA bytes=14  seq=41 
1374774781	ID:10	[PKT-TX] DATA bytes=14  seq=41 
1374943048	ID:1	[PKT-RX] DATA bytes=14 from=24 seq=41
1375068079	ID:1	[PKT-RX] DATA bytes=14 from=10 seq=41
1378078337	ID:28	[ATK-FAKE-RANK]  true_rank=512 fake_rank=812 t=11720s
1378182799	ID:15	[HFS] ra=74 si=49 cx=49 ac=82
1378188315	ID:15	[LIST] Neighbors: 28,26,22,19,25,11,27
1378191951	ID:15	[LIST] Quarantine: (none)
1378195448	ID:15	[LIST] Blacklist: (none)
1378202946	ID:15	FUZZRID,DET,28,812,512,300,0,100,100,10,0,0,0,82,75
1378416317	ID:4	[PKT-TX] DATA bytes=13  seq=41 
1378496193	ID:1	[PKT-RX] DATA bytes=13 from=4 seq=41
1379136223	ID:18	[PKT-TX] DATA bytes=14  seq=41 
1379443272	ID:1	[PKT-RX] DATA bytes=14 from=18 seq=41
1379738335	ID:20	[PKT-TX] DATA bytes=14  seq=41 
1379824061	ID:1	[PKT-RX] DATA bytes=14 from=20 seq=41
1380159892	ID:18	 176643 P 0.0 22 761078 44454290 236532 421596 0 312699 18260 1947606 1040 13494 0 12578 (radio 1.-50% / 0.73% tx 0.52% / 0.05% listen 0.93% / 0.68%)
1380188452	ID:16	 176643 P 0.0 22 1663890 43552467 498916 715695 0 490182 52635 1913360 9595 25784 0 20565 (radio 2.-122% / 1.79% tx 1.-85% / 0.48% listen 1.-37% / 1.31%)
1380287695	ID:8	[PKT-TX] DATA bytes=13  seq=41 
1380326194	ID:3	 176643 P 0.0 22 837254 44380180 257970 465347 0 356596 23251 1942724 3468 17202 0 15357 (radio 1.-36% / 1.05% tx 0.57% / 0.17% listen 1.-93% / 0.87%)
1380348965	ID:23	 176643 P 0.0 22 790705 44424929 266877 412111 0 301949 36253 1929692 12479 19087 0 12607 (radio 1.-45% / 1.60% tx 0.59% / 0.63% listen 0.91% / 0.97%)
1380374418	ID:25	 176643 P 0.0 22 1539473 43676273 419652 729813 0 531512 54451 1911493 12334 26310 0 19742 (radio 2.-136% / 1.96% tx 0.92% / 0.62% listen 1.-34% / 1.33%)
1380417790	ID:11	 176643 P 0.0 22 1310398 43907096 398841 622958 0 420660 73652 1892269 28112 26854 0 14602 (radio 2.-164% / 2.79% tx 0.88% / 1.42% listen 1.-58% / 1.36%)
1380443870	ID:1	[PKT-RX] DATA bytes=13 from=8 seq=41
1380565682	ID:19	 176643 P 0.0 22 3037887 42178551 1109951 1088784 0 450897 105725 1860414 34641 40931 0 17744 (radio 4.-389% / 3.84% tx 2.-145% / 1.76% listen 2.-150% / 2.08%)
1380569059	ID:20	 176643 P 0.0 22 1411459 43805021 377410 613729 0 444955 48106 1918067 10130 22806 0 17474 (radio 2.-171% / 1.67% tx 0.83% / 0.51% listen 1.-60% / 1.15%)
1380580612	ID:10	 176643 P 0.0 22 1366934 43851195 396796 744180 0 584342 47026 1919022 13102 28870 0 24309 (radio 2.-138% / 2.13% tx 0.87% / 0.66% listen 1.-31% / 1.46%)
1380681186	ID:4	 176643 P 0.0 22 1467345 43749889 488306 596145 0 373634 90712 1875218 37294 32343 0 14237 (radio 2.-151% / 3.54% tx 1.-87% / 1.89% listen 1.-64% / 1.64%)
1380717384	ID:8	 176643 P 0.0 22 1082759 44135041 295030 490178 0 363830 78239 1887811 35678 26259 0 14708 (radio 1.-22% / 3.15% tx 0.65% / 1.81% listen 1.-87% / 1.33%)
1380780911	ID:14	 176643 P 0.0 22 1467035 43748729 533547 589612 0 331058 51993 1913995 15378 22202 0 13786 (radio 2.-142% / 1.91% tx 1.-77% / 0.78% listen 1.-65% / 1.12%)
1380813528	ID:7	 176643 P 0.0 22 1014497 44202020 262440 477306 0 373114 48628 1917310 14142 22019 0 15394 (radio 1.-32% / 1.83% tx 0.58% / 0.71% listen 1.-90% / 1.12%)
1380815483	ID:8	[PKT-RTT] seq=41,rtt_delay_ms=257
1380828405	ID:1	 176645 P 0.0 22 2632335 42585819 1179106 44037949 0 0 93398 1872550 36405 1929522 0 0 (radio 5.-474% / 99.-8639% tx 2.-130% / 1.85% listen 2.-150% / 98.-8725%)
1380833757	ID:17	 176643 P 0.0 22 2358662 42857935 932689 971472 0 547667 79902 1885952 28729 37379 0 23335 (radio 4.-359% / 3.36% tx 2.-184% / 1.46% listen 2.-176% / 1.90%)
1380846086	ID:15	 176644 P 0.0 22 2843436 42372950 961687 1044060 0 386025 101003 1865395 28236 38474 0 16075 (radio 4.-337% / 3.39% tx 2.-178% / 1.43% listen 2.-160% / 1.95%)
1380922421	ID:2	 176643 P 0.0 22 1115874 44101304 307934 518329 0 386706 57282 1908667 18386 25861 0 16802 (radio 1.-13% / 2.25% tx 0.68% / 0.93% listen 1.-81% / 1.31%)
1380923492	ID:6	 176644 P 0.0 22 1539785 43677525 413506 715784 0 494500 64072 1902113 18554 29924 0 19453 (radio 2.-141% / 2.46% tx 0.91% / 0.94% listen 1.-37% / 1.52%)
1380955357	ID:22	 176643 P 0.0 22 959097 44257456 277597 479888 0 361720 47208 1918685 16394 21908 0 14051 (radio 1.-28% / 1.94% tx 0.61% / 0.83% listen 1.-89% / 1.11%)
1381025579	ID:12	 176643 P 0.0 22 1172006 44044167 394286 510333 0 360973 35406 1930561 8656 18784 0 15898 (radio 2.-190% / 1.39% tx 0.87% / 0.44% listen 1.-83% / 0.95%)
1381042210	ID:9	 176643 P 0.0 22 1425922 43792262 470636 589684 0 379988 56595 1909386 17286 25718 0 16836 (radio 2.-156% / 2.18% tx 1.-91% / 0.87% listen 1.-65% / 1.30%)
1381084168	ID:24	 176643 P 0.0 22 1866939 43349776 790063 694892 0 350081 54191 1911690 14900 22466 0 14911 (radio 3.-257% / 1.90% tx 1.-21% / 0.75% listen 1.-42% / 1.14%)
1381135900	ID:5	 176643 P 0.0 22 1264712 43952801 409390 567492 0 409678 39777 1926266 8869 21638 0 16915 (radio 2.-174% / 1.55% tx 0.90% / 0.45% listen 1.-70% / 1.10%)
1381137634	ID:21	 176643 P 0.0 22 1196916 44021692 333050 599067 0 359432 64985 1900977 21559 27047 0 13953 (radio 2.-184% / 2.47% tx 0.73% / 1.09% listen 1.-63% / 1.37%)
1381140879	ID:13	 176643 P 0.0 22 701433 44514301 208216 393981 0 319631 22946 1943001 3935 14701 0 12425 (radio 1.-62% / 0.94% tx 0.46% / 0.20% listen 0.87% / 0.74%)
1381288142	ID:3	[PKT-TX] DATA bytes=13  seq=42 
1381488791	ID:4	[PKT-TX] DATA bytes=13  seq=42 
1381497407	ID:1	[PKT-RX] DATA bytes=13 from=3 seq=42
1381784907	ID:19	[PKT-TX] DATA bytes=14  seq=42 
1381871635	ID:1	[PKT-RX] DATA bytes=13 from=4 seq=42
1382009400	ID:12	[PKT-TX] DATA bytes=14  seq=42 
1383441394	ID:21	[PKT-TX] DATA bytes=14  seq=42 
1383458067	ID:1	[PKT-RX] DATA bytes=14 from=21 seq=42
1383484590	ID:21	[PKT-RTT] seq=42,rtt_delay_ms=15
1383941404	ID:1	[PKT-RX] DATA bytes=14 from=19 seq=42
1384193693	ID:1	[PKT-RX] DATA bytes=14 from=12 seq=42
1384300258	ID:3	[HFS] ra=0 si=0 cx=49 ac=0
1384303956	ID:3	[LIST] Neighbors: 31,4,14
1384307593	ID:3	[LIST] Quarantine: (none)
1384311090	ID:3	[LIST] Blacklist: (none)
1384317575	ID:3	FUZZRID,DET,14,1105,1105,0,0,0,0,0,0,1,0,0,0
1386457085	ID:20	[PKT-TX] DATA bytes=14  seq=42 
1386566414	ID:9	[PKT-TX] DATA bytes=13  seq=42 
1386747564	ID:1	[PKT-RX] DATA bytes=13 from=9 seq=42
1386818483	ID:1	[PKT-RX] DATA bytes=14 from=20 seq=42
1387838113	ID:5	[PKT-TX] DATA bytes=13  seq=42 
1387941794	ID:1	[PKT-RX] DATA bytes=13 from=5 seq=42
1388233770	ID:5	[PKT-RTT] seq=42,rtt_delay_ms=195
1388372211	ID:23	[PKT-TX] DATA bytes=14  seq=42 
1388747353	ID:1	[PKT-RX] DATA bytes=14 from=23 seq=42
1388754353	ID:18	[PKT-TX] DATA bytes=14  seq=42 
1389066984	ID:1	[PKT-RX] DATA bytes=14 from=18 seq=42
1389196106	ID:23	[PKT-RTT] seq=42,rtt_delay_ms=406
1389495074	ID:22	[PKT-TX] DATA bytes=14  seq=42 
1389634585	ID:1	[PKT-RX] DATA bytes=14 from=22 seq=42
1389801491	ID:22	[PKT-RTT] seq=42,rtt_delay_ms=148
1389819862	ID:8	[HFS] ra=0 si=0 cx=49 ac=0
1389824659	ID:8	[LIST] Neighbors: 17,16,30,6,2,24
1389828296	ID:8	[LIST] Quarantine: (none)
1389831793	ID:8	[LIST] Blacklist: (none)
1389838280	ID:8	FUZZRID,DET,24,1369,1369,0,0,0,0,0,0,8,0,0,0
1390235617	ID:5	[HFS] ra=0 si=0 cx=49 ac=0
1390240414	ID:5	[LIST] Neighbors: 19,20,30,6,2,12
1390244051	ID:5	[LIST] Quarantine: (none)
1390247548	ID:5	[LIST] Blacklist: (none)
1390253863	ID:5	FUZZRID,DET,6,1120,1120,0,0,0,0,0,0,6,0,0,0
1390480056	ID:15	[PKT-TX] DATA bytes=14  seq=42 
1390496774	ID:1	[PKT-RX] DATA bytes=14 from=15 seq=42
1391178043	ID:24	[PKT-TX] DATA bytes=14  seq=42 
1391443414	ID:1	[PKT-RX] DATA bytes=14 from=24 seq=42
1393631438	ID:8	[PKT-TX] DATA bytes=13  seq=42 
1393720101	ID:10	[PKT-TX] DATA bytes=14  seq=42 
1394193656	ID:1	[PKT-RX] DATA bytes=14 from=10 seq=42
1394692259	ID:1	[PKT-RX] DATA bytes=13 from=8 seq=42
1394692435	ID:6	[PKT-TX] DATA bytes=13  seq=42 
1395887575	ID:18	[HFS] ra=0 si=0 cx=49 ac=0
1395890959	ID:18	[LIST] Neighbors: 24,13
1395894596	ID:18	[LIST] Quarantine: (none)
1395898092	ID:18	[LIST] Blacklist: (none)
1395904572	ID:18	FUZZRID,DET,13,1776,1776,0,0,0,0,0,0,5,0,0,0
1396360591	ID:5	[HFS] ra=0 si=0 cx=49 ac=0
1396365388	ID:5	[LIST] Neighbors: 19,20,30,6,2,12
1396369025	ID:5	[LIST] Quarantine: (none)
1396372530	ID:5	[LIST] Blacklist: (none)
1396378985	ID:5	FUZZRID,DET,12,1468,1468,0,0,0,0,0,0,9,0,0,0
1396688994	ID:8	[PKT-RTT] seq=42,rtt_delay_ms=1523
1396824335	ID:1	[PKT-RX] DATA bytes=13 from=6 seq=42
1397107702	ID:25	[PKT-TX] DATA bytes=14  seq=42 
1397132540	ID:6	[PKT-RTT] seq=42,rtt_delay_ms=1218
1397318141	ID:1	[PKT-RX] DATA bytes=14 from=25 seq=42
1398412428	ID:7	[HFS] ra=0 si=0 cx=49 ac=0
1398416818	ID:7	[LIST] Neighbors: 4,23,29,9,14
1398420455	ID:7	[LIST] Quarantine: (none)
1398423969	ID:7	[LIST] Blacklist: (none)
1398430424	ID:7	FUZZRID,DET,23,1705,1705,0,0,0,0,0,0,9,0,0,0
1399811923	ID:24	[HFS] ra=0 si=0 cx=49 ac=0
1399816866	ID:24	[LIST] Neighbors: 17,16,18,10,13,8
1399820503	ID:24	[LIST] Quarantine: (none)
1399824000	ID:24	[LIST] Blacklist: (none)
1399830313	ID:24	FUZZRID,DET,8,1440,1440,0,0,0,0,0,0,0,0,0,0
1400305273	ID:2	[PKT-TX] DATA bytes=13  seq=42 
1400692656	ID:1	[PKT-RX] DATA bytes=13 from=2 seq=42
1401512568	ID:6	[HFS] ra=0 si=0 cx=49 ac=0
1401518218	ID:6	[LIST] Neighbors: 19,17,20,16,30,2,12,5
1401521860	ID:6	[LIST] Quarantine: (none)
1401525357	ID:6	[LIST] Blacklist: (none)
1401531811	ID:6	FUZZRID,DET,12,1468,1468,0,0,0,0,0,0,6,0,0,0
1401784063	ID:19	[HFS] ra=0 si=0 cx=49 ac=0
1401789859	ID:19	[LIST] Neighbors: 15,26,17,30,20,5,25,16
1401793496	ID:19	[LIST] Quarantine: (none)
1401796993	ID:19	[LIST] Blacklist: (none)
1401803247	ID:19	FUZZRID,DET,25,790,790,0,0,0,0,0,0,16,0,0,0
1402148444	ID:13	[PKT-TX] DATA bytes=14  seq=42 
1402456414	ID:1	[PKT-RX] DATA bytes=14 from=13 seq=42
1403285321	ID:17	[PKT-TX] DATA bytes=14  seq=42 
1403443173	ID:1	[PKT-RX] DATA bytes=14 from=17 seq=42
1404179964	ID:17	[PKT-RTT] seq=42,rtt_delay_ms=445
1405787513	ID:14	[PKT-TX] DATA bytes=14  seq=42 
1405874363	ID:1	[PKT-RX] DATA bytes=14 from=14 seq=42
1406226520	ID:16	[PKT-TX] DATA bytes=14  seq=42 
1407942440	ID:1	[PKT-RX] DATA bytes=14 from=16 seq=42
1408174496	ID:11	[PKT-TX] DATA bytes=14  seq=42 
1408286659	ID:16	[PKT-RTT] seq=42,rtt_delay_ms=1023
1408566349	ID:1	[PKT-RX] DATA bytes=14 from=11 seq=42
1410007834	ID:7	[PKT-TX] DATA bytes=13  seq=42 
1410123267	ID:1	[PKT-RX] DATA bytes=13 from=7 seq=42
1410434659	ID:15	[HFS] ra=0 si=0 cx=49 ac=0
1410440174	ID:15	[LIST] Neighbors: 28,26,22,19,25,11,27
1410443811	ID:15	[LIST] Quarantine: (none)
1410447308	ID:15	[LIST] Blacklist: (none)
1410453401	ID:15	FUZZRID,DET,22,897,897,0,0,0,0,0,0,0,0,0,0
1413051049	ID:30	[ATK-FAKE-RANK]  true_rank=1119 fake_rank=1456 t=11720s
1413144325	ID:11	[HFS] ra=74 si=49 cx=49 ac=82
1413149415	ID:11	[LIST] Neighbors: 15,26,30,22,20,19
1413153052	ID:11	[LIST] Quarantine: (none)
1413156549	ID:11	[LIST] Blacklist: (none)
1413164375	ID:11	FUZZRID,DET,30,1456,1119,337,0,100,100,10,0,0,0,82,75
1415954483	ID:2	[PKT-TX] DATA bytes=13  seq=43 
1416066629	ID:1	[PKT-RX] DATA bytes=13 from=2 seq=43
1416397356	ID:31	[ATK-FAKE-RANK]  true_rank=768 fake_rank=1048 t=11720s
1416518290	ID:2	[PKT-RTT] seq=43,rtt_delay_ms=281
1416679709	ID:7	[PKT-TX] DATA bytes=13  seq=43 
1416874161	ID:1	[PKT-RX] DATA bytes=13 from=7 seq=43
1417031705	ID:16	[PKT-TX] DATA bytes=14  seq=43 
1417192994	ID:1	[PKT-RX] DATA bytes=14 from=16 seq=43
1417533022	ID:16	[PKT-RTT] seq=43,rtt_delay_ms=250
1417665406	ID:19	[HFS] ra=0 si=0 cx=49 ac=0
1417671202	ID:19	[LIST] Neighbors: 15,26,17,30,20,5,25,16
1417674839	ID:19	[LIST] Quarantine: (none)
1417678336	ID:19	[LIST] Blacklist: (none)
1417684935	ID:19	FUZZRID,DET,20,1077,1077,0,0,0,0,0,0,15,0,0,0
1418539468	ID:7	[HFS] ra=0 si=0 cx=49 ac=0
1418543835	ID:7	[LIST] Neighbors: 4,23,29,9,14
1418547472	ID:7	[LIST] Quarantine: (none)
1418550968	ID:7	[LIST] Blacklist: (none)
1418557423	ID:7	FUZZRID,DET,9,1385,1385,0,0,0,0,0,0,13,0,0,0
1418691157	ID:19	[PKT-TX] DATA bytes=14  seq=43 
1418816309	ID:1	[PKT-RX] DATA bytes=14 from=19 seq=43
1420318517	ID:23	[PKT-TX] DATA bytes=14  seq=43 
1420622720	ID:1	[PKT-RX] DATA bytes=14 from=23 seq=43
1421069820	ID:23	[PKT-RTT] seq=43,rtt_delay_ms=375
1423739286	ID:6	[PKT-TX] DATA bytes=13  seq=43 
1423926933	ID:1	[PKT-RX] DATA bytes=13 from=6 seq=43
1425259947	ID:6	[PKT-RTT] seq=43,rtt_delay_ms=757
1426526922	ID:15	[PKT-TX] DATA bytes=14  seq=43 
1426543646	ID:1	[PKT-RX] DATA bytes=14 from=15 seq=43
1427260699	ID:22	[PKT-TX] DATA bytes=14  seq=43 
1427382417	ID:1	[PKT-RX] DATA bytes=14 from=22 seq=43
1427552743	ID:22	[PKT-RTT] seq=43,rtt_delay_ms=140
1427572641	ID:23	[HFS] ra=0 si=0 cx=49 ac=0
1427575718	ID:23	[LIST] Neighbors: 7,9
1427579355	ID:23	[LIST] Quarantine: (none)
1427582851	ID:23	[LIST] Blacklist: (none)
1427589194	ID:23	FUZZRID,DET,7,1054,1054,0,0,0,0,0,0,1,0,0,0
1428079719	ID:12	[PKT-TX] DATA bytes=14  seq=43 
1428192388	ID:1	[PKT-RX] DATA bytes=14 from=12 seq=43
1429712281	ID:10	[PKT-TX] DATA bytes=14  seq=43 
1429817472	ID:1	[PKT-RX] DATA bytes=14 from=10 seq=43
1430058895	ID:24	[HFS] ra=0 si=0 cx=49 ac=0
1430063838	ID:24	[LIST] Neighbors: 17,16,18,10,13,8
1430067475	ID:24	[LIST] Quarantine: (none)
1430070983	ID:24	[LIST] Blacklist: (none)
1430077436	ID:24	FUZZRID,DET,18,1681,1681,0,0,0,0,0,0,1,0,0,0
1430365013	ID:24	[PKT-TX] DATA bytes=14  seq=43 
1430494802	ID:11	[PKT-TX] DATA bytes=14  seq=43 
1430557166	ID:10	[PKT-RTT] seq=43,rtt_delay_ms=421
1430693017	ID:1	[PKT-RX] DATA bytes=14 from=11 seq=43
1430943507	ID:1	[PKT-RX] DATA bytes=14 from=24 seq=43
1431230522	ID:20	[PKT-TX] DATA bytes=14  seq=43 
1431317925	ID:1	[PKT-RX] DATA bytes=14 from=20 seq=43
1433568756	ID:14	[PKT-TX] DATA bytes=14  seq=43 
1433747632	ID:1	[PKT-RX] DATA bytes=14 from=14 seq=43
1435281249	ID:13	[PKT-TX] DATA bytes=14  seq=43 
1435308105	ID:18	[PKT-TX] DATA bytes=14  seq=43 
1435377254	ID:4	[PKT-TX] DATA bytes=13  seq=43 
1435494985	ID:1	[PKT-RX] DATA bytes=13 from=4 seq=43
1435569761	ID:1	[PKT-RX] DATA bytes=14 from=13 seq=43
1435824118	ID:1	[PKT-RX] DATA bytes=14 from=18 seq=43
1435925769	ID:21	[PKT-TX] DATA bytes=14  seq=43 
1435942511	ID:1	[PKT-RX] DATA bytes=14 from=21 seq=43
1438451758	ID:8	[PKT-TX] DATA bytes=13  seq=43 
1438566836	ID:1	[PKT-RX] DATA bytes=13 from=8 seq=43
1438592607	ID:25	[PKT-TX] DATA bytes=14  seq=43 
1438675789	ID:9	[PKT-TX] DATA bytes=13  seq=43 
1438790479	ID:28	[ATK-FAKE-RANK]  true_rank=512 fake_rank=832 t=11720s
1439160314	ID:17	[PKT-TX] DATA bytes=14  seq=43 
1439312517	ID:8	[PKT-RTT] seq=43,rtt_delay_ms=429
1439353963	ID:5	[PKT-TX] DATA bytes=13  seq=43 
1439452715	ID:1	[PKT-RX] DATA bytes=14 from=25 seq=43
1439498014	ID:3	[PKT-TX] DATA bytes=13  seq=43 
1439622015	ID:1	[PKT-RX] DATA bytes=13 from=3 seq=43
1440123201	ID:1	[PKT-RX] DATA bytes=13 from=9 seq=43
1440159898	ID:18	 184323 P 0.0 23 791599 46389691 245341 439001 0 325784 30520 1935401 8809 17405 0 13085 (radio 1.-46% / 1.33% tx 0.51% / 0.44% listen 0.02% / 0.88%)
1440188693	ID:16	 184323 P 0.0 23 1722544 45459818 516132 744051 0 510812 58652 1907351 17216 28356 0 20630 (radio 2.-115% / 2.31% tx 1.-82% / 0.87% listen 1.-34% / 1.44%)
1440312408	ID:16	[PKT-TX] DATA bytes=14  seq=44 
1440326229	ID:3	 184323 P 0.0 23 868443 46315049 265163 485153 0 372416 31187 1934869 7193 19806 0 15820 (radio 1.-33% / 1.37% tx 0.56% / 0.36% listen 1.-89% / 1.00%)
1440348695	ID:23	 184323 P 0.0 23 822388 46359097 276350 429321 0 314222 31681 1934168 9473 17210 0 12273 (radio 1.-42% / 1.35% tx 0.58% / 0.48% listen 0.90% / 0.87%)
1440374426	ID:25	 184323 P 0.0 23 1593062 45588703 433849 758603 0 554710 53587 1912430 14197 28790 0 23198 (radio 2.-130% / 2.18% tx 0.00% / 0.72% listen 1.-31% / 1.46%)
1440417535	ID:11	 184323 P 0.0 23 1345474 45838083 403640 645134 0 439872 35075 1930987 4799 22176 0 19212 (radio 2.-160% / 1.37% tx 0.85% / 0.24% listen 1.-55% / 1.12%)
1440547779	ID:3	[PKT-RTT] seq=43,rtt_delay_ms=523
1440559521	ID:19	 184323 P 0.0 23 3220570 43961618 1190891 1148689 0 466418 182682 1783067 80940 59905 0 15521 (radio 4.-360% / 7.16% tx 2.-130% / 4.11% listen 2.-139% / 3.04%)
1440564769	ID:20	 184323 P 0.0 23 1450671 45731718 383316 635778 0 464091 39211 1926697 5906 22049 0 19136 (radio 2.-167% / 1.42% tx 0.81% / 0.30% listen 1.-57% / 1.12%)
1440580602	ID:10	 184323 P 0.0 23 1420903 45763214 413372 776269 0 608581 53968 1912019 16576 32089 0 24239 (radio 2.-130% / 2.47% tx 0.87% / 0.84% listen 1.-27% / 1.63%)
1440682659	ID:4	 184323 P 0.0 23 1530515 45652624 510439 621946 0 388632 63169 1902735 22133 25801 0 14998 (radio 2.-143% / 2.43% tx 1.-83% / 1.12% listen 1.-60% / 1.31%)
1440717373	ID:8	 184323 P 0.0 23 1126252 46057539 306755 509901 0 378975 43492 1922498 11725 19723 0 15145 (radio 1.-18% / 1.59% tx 0.65% / 0.59% listen 1.-83% / 1.00%)
1440780930	ID:14	 184323 P 0.0 23 1526094 45655669 556192 614233 0 345278 59058 1906940 22645 24621 0 14220 (radio 2.-134% / 2.40% tx 1.-74% / 1.15% listen 1.-61% / 1.25%)
1440813231	ID:7	 184323 P 0.0 23 1051652 46130885 269748 496206 0 388110 37154 1928865 7308 18900 0 14996 (radio 1.-29% / 1.33% tx 0.57% / 0.37% listen 1.-86% / 0.96%)
1440828684	ID:1	 184325 P 0.0 23 2751885 44432235 1237309 45945554 0 0 119548 1846416 58203 1907603 0 0 (radio 8.-723% / 99.-8640% tx 2.-120% / 2.96% listen 6.-512% / 97.-8736%)
1440833464	ID:15	 184323 P 0.0 23 2952383 44229623 997425 1088286 0 404528 108945 1856673 35738 44226 0 18503 (radio 4.-323% / 4.06% tx 2.-171% / 1.81% listen 2.-152% / 2.24%)
1440838652	ID:17	 184323 P 0.0 23 2426330 44756301 955001 1006448 0 572176 67666 1898366 22312 34976 0 24509 (radio 4.-349% / 2.91% tx 2.-180% / 1.13% listen 2.-169% / 1.77%)
1440912286	ID:6	 184323 P 0.0 23 1628250 45554581 446177 753997 0 514820 88463 1877056 32671 38213 0 20320 (radio 2.-128% / 3.60% tx 0.03% / 1.66% listen 1.-32% / 1.94%)
1440922442	ID:2	 184323 P 0.0 23 1168073 46015153 327654 542173 0 403699 52197 1913849 19720 23844 0 16993 (radio 1.-98% / 2.21% tx 0.69% / 1.00% listen 1.-77% / 1.21%)
1440955328	ID:22	 184323 P 0.0 23 999788 46182608 289187 498899 0 374832 40690 1925152 11590 19011 0 13112 (radio 1.-24% / 1.55% tx 0.61% / 0.58% listen 1.-86% / 0.96%)
1441014011	ID:9	[PKT-RTT] seq=43,rtt_delay_ms=1164
1441025626	ID:12	 184323 P 0.0 23 1215311 45966864 408702 531209 0 377077 43304 1922697 14416 20876 0 16104 (radio 1.-83% / 1.79% tx 0.86% / 0.73% listen 1.-79% / 1.06%)
1441045411	ID:9	 184323 P 0.0 23 1477691 45706458 486023 612933 0 395621 51767 1914196 15387 23249 0 15633 (radio 2.-150% / 1.96% tx 1.-89% / 0.78% listen 1.-62% / 1.18%)
1441067967	ID:1	[PKT-RX] DATA bytes=14 from=17 seq=43
1441084172	ID:24	 184323 P 0.0 23 1934593 45248083 815764 720850 0 363984 67652 1898307 25701 25958 0 13903 (radio 3.-248% / 2.62% tx 1.-19% / 1.30% listen 1.-39% / 1.32%)
1441135889	ID:5	 184323 P 0.0 23 1304648 45878863 417062 592496 0 429443 39935 1926062 7672 25004 0 19765 (radio 2.-169% / 1.66% tx 0.88% / 0.39% listen 1.-66% / 1.27%)
1441140862	ID:13	 184323 P 0.0 23 727963 46453604 214139 410433 0 332676 26528 1939303 5923 16452 0 13045 (radio 1.-59% / 1.13% tx 0.45% / 0.30% listen 0.86% / 0.83%)
1441140999	ID:21	 184323 P 0.0 23 1238714 45946069 341244 623548 0 375880 41797 1924377 8194 24481 0 16448 (radio 2.-178% / 1.66% tx 0.72% / 0.41% listen 1.-59% / 1.24%)
1441317931	ID:1	[PKT-RX] DATA bytes=13 from=5 seq=43
1441459556	ID:8	[PKT-TX] DATA bytes=13  seq=44 
1442443967	ID:1	[PKT-RX] DATA bytes=14 from=16 seq=44
1443317349	ID:1	[PKT-RX] DATA bytes=13 from=8 seq=44
1443911105	ID:16	[PKT-RTT] seq=44,rtt_delay_ms=1796
1444188307	ID:8	[PKT-RTT] seq=44,rtt_delay_ms=1359
1446684607	ID:17	[HFS] ra=0 si=0 cx=49 ac=0
1446690550	ID:17	[LIST] Neighbors: 26,19,16,10,24,29,25,30
1446694210	ID:17	[LIST] Quarantine: (none)
1446697706	ID:17	[LIST] Blacklist: (none)
1446704163	ID:17	FUZZRID,DET,16,1102,1102,0,0,0,0,0,0,5,0,0,0
1447534908	ID:19	[PKT-TX] DATA bytes=14  seq=44 
1447942469	ID:1	[PKT-RX] DATA bytes=14 from=19 seq=44
1448472710	ID:20	[PKT-TX] DATA bytes=14  seq=44 
1448569327	ID:1	[PKT-RX] DATA bytes=14 from=20 seq=44
1448785289	ID:20	[PKT-RTT] seq=44,rtt_delay_ms=156
1448857374	ID:3	[PKT-TX] DATA bytes=13  seq=44 
1448999113	ID:1	[PKT-RX] DATA bytes=13 from=3 seq=44
1449174737	ID:3	[PKT-RTT] seq=44,rtt_delay_ms=156
1449351584	ID:7	[PKT-TX] DATA bytes=13  seq=44 
1449499217	ID:1	[PKT-RX] DATA bytes=13 from=7 seq=44
1451424279	ID:27	[ATK-FAKE-RANK]  true_rank=512 fake_rank=792 t=11720s
1452545209	ID:25	[PKT-TX] DATA bytes=14  seq=44 
1452691435	ID:1	[PKT-RX] DATA bytes=14 from=25 seq=44
1452847813	ID:25	[PKT-RTT] seq=44,rtt_delay_ms=148
1453112049	ID:4	[PKT-TX] DATA bytes=13  seq=44 
1453247628	ID:1	[PKT-RX] DATA bytes=13 from=4 seq=44
1453484947	ID:2	[PKT-TX] DATA bytes=13  seq=44 
1453568060	ID:1	[PKT-RX] DATA bytes=13 from=2 seq=44
1453776923	ID:15	[PKT-TX] DATA bytes=14  seq=44 
1453793611	ID:1	[PKT-RX] DATA bytes=14 from=15 seq=44
1454247018	ID:24	[PKT-TX] DATA bytes=14  seq=44 
1454941908	ID:1	[PKT-RX] DATA bytes=14 from=24 seq=44
1455252614	ID:11	[PKT-TX] DATA bytes=14  seq=44 
1455307327	ID:24	[PKT-RTT] seq=44,rtt_delay_ms=523
1455833767	ID:1	[PKT-RX] DATA bytes=14 from=11 seq=44
1456292016	ID:16	[HFS] ra=0 si=0 cx=49 ac=0
1456297665	ID:16	[LIST] Neighbors: 19,17,30,24,29,25,2,8
1456301302	ID:16	[LIST] Quarantine: (none)
1456304799	ID:16	[LIST] Blacklist: (none)
1456308854	ID:24	[HFS] ra=0 si=0 cx=49 ac=0
1456311134	ID:16	FUZZRID,DET,8,1460,1460,0,0,0,0,0,0,0,0,0,0
1456313797	ID:24	[LIST] Neighbors: 17,16,18,10,13,8
1456317434	ID:24	[LIST] Quarantine: (none)
1456320931	ID:24	[LIST] Blacklist: (none)
1456323199	ID:22	[PKT-TX] DATA bytes=14  seq=44 
1456327261	ID:24	FUZZRID,DET,8,1460,1460,0,0,0,0,0,0,0,0,0,0
1456382782	ID:1	[PKT-RX] DATA bytes=14 from=22 seq=44
1456553085	ID:22	[PKT-RTT] seq=44,rtt_delay_ms=109
1459275678	ID:12	[PKT-TX] DATA bytes=14  seq=44 
1459417976	ID:9	[PKT-TX] DATA bytes=13  seq=44 
1459441559	ID:1	[PKT-RX] DATA bytes=14 from=12 seq=44
1459622729	ID:1	[PKT-RX] DATA bytes=13 from=9 seq=44
1460131318	ID:14	[PKT-TX] DATA bytes=14  seq=44 
1460247613	ID:1	[PKT-RX] DATA bytes=14 from=14 seq=44
1460292473	ID:18	[PKT-TX] DATA bytes=14  seq=44 
1460694093	ID:1	[PKT-RX] DATA bytes=14 from=18 seq=44
1460762105	ID:9	[PKT-RTT] seq=44,rtt_delay_ms=671
1462212281	ID:10	[PKT-TX] DATA bytes=14  seq=44 
1462317191	ID:1	[PKT-RX] DATA bytes=14 from=10 seq=44
1462617186	ID:13	[PKT-TX] DATA bytes=14  seq=44 
1462941672	ID:1	[PKT-RX] DATA bytes=14 from=13 seq=44
1463090960	ID:23	[PKT-TX] DATA bytes=14  seq=44 
1463374479	ID:1	[PKT-RX] DATA bytes=14 from=23 seq=44
1463427250	ID:10	[PKT-RTT] seq=44,rtt_delay_ms=601
1465300769	ID:21	[PKT-TX] DATA bytes=14  seq=44 
1465317442	ID:1	[PKT-RX] DATA bytes=14 from=21 seq=44
1466539512	ID:20	[HFS] ra=0 si=0 cx=49 ac=0
1466545172	ID:20	[LIST] Neighbors: 26,30,19,6,12,5,22,11
1466548809	ID:20	[LIST] Quarantine: (none)
1466552305	ID:20	[LIST] Blacklist: (none)
1466558644	ID:20	FUZZRID,DET,5,1098,1098,0,0,0,0,0,0,9,0,0,0
1466736558	ID:5	[PKT-TX] DATA bytes=13  seq=44 
1466817111	ID:1	[PKT-RX] DATA bytes=13 from=5 seq=44
1467333036	ID:6	[PKT-TX] DATA bytes=13  seq=44 
1467376611	ID:29	[ATK-FAKE-RANK]  true_rank=1389 fake_rank=1851 t=11720s
1467416228	ID:7	[HFS] ra=74 si=49 cx=49 ac=82
1467420585	ID:7	[LIST] Neighbors: 4,23,29,9,14
1467424250	ID:7	[LIST] Quarantine: (none)
1467427747	ID:7	[LIST] Blacklist: (none)
1467435712	ID:7	FUZZRID,DET,29,1851,1389,462,0,100,100,3,28,10,0,82,55
1468568810	ID:1	[PKT-RX] DATA bytes=13 from=6 seq=44
1470803536	ID:17	[PKT-TX] DATA bytes=14  seq=44 
1470944147	ID:1	[PKT-RX] DATA bytes=14 from=17 seq=44
1471096004	ID:4	[PKT-TX] DATA bytes=13  seq=45 
1471178643	ID:17	[PKT-RTT] seq=44,rtt_delay_ms=187
1471246185	ID:1	[PKT-RX] DATA bytes=13 from=4 seq=45
1471724999	ID:14	[PKT-TX] DATA bytes=14  seq=45 
1471870628	ID:1	[PKT-RX] DATA bytes=14 from=14 seq=45
1471916327	ID:20	[HFS] ra=0 si=0 cx=49 ac=0
1471921990	ID:20	[LIST] Neighbors: 26,30,19,6,12,5,22,11
1471925627	ID:20	[LIST] Quarantine: (none)
1471929123	ID:20	[LIST] Blacklist: (none)
1471935467	ID:20	FUZZRID,DET,6,1135,1135,0,0,0,0,0,0,1,0,0,0
1475065910	ID:18	[PKT-TX] DATA bytes=14  seq=45 
1475234300	ID:16	[PKT-TX] DATA bytes=14  seq=45 
1475440611	ID:1	[PKT-RX] DATA bytes=14 from=18 seq=45
1475692194	ID:1	[PKT-RX] DATA bytes=14 from=16 seq=45
1476035530	ID:16	[PKT-RTT] seq=45,rtt_delay_ms=398
1479583043	ID:6	[PKT-TX] DATA bytes=13  seq=45 
1479693022	ID:1	[PKT-RX] DATA bytes=13 from=6 seq=45
1479988032	ID:19	[PKT-TX] DATA bytes=14  seq=45 
1480057744	ID:17	[HFS] ra=0 si=0 cx=49 ac=0
1480063703	ID:17	[LIST] Neighbors: 26,19,16,10,24,29,25,30
1480067340	ID:17	[LIST] Quarantine: (none)
1480070837	ID:17	[LIST] Blacklist: (none)
1480077308	ID:17	FUZZRID,DET,10,1096,1096,0,0,0,0,0,0,6,0,0,0
1480317346	ID:1	[PKT-RX] DATA bytes=14 from=19 seq=45
1480338559	ID:11	[PKT-TX] DATA bytes=14  seq=45 
1480635204	ID:18	[HFS] ra=0 si=0 cx=49 ac=0
1480638588	ID:18	[LIST] Neighbors: 24,13
1480642224	ID:18	[LIST] Quarantine: (none)
1480645721	ID:18	[LIST] Blacklist: (none)
1480652176	ID:18	FUZZRID,DET,13,1734,1734,0,0,0,0,0,0,5,0,0,0
1480824729	ID:1	[PKT-RX] DATA bytes=14 from=11 seq=45
1481134820	ID:18	[HFS] ra=0 si=0 cx=49 ac=0
1481138238	ID:18	[LIST] Neighbors: 24,13
1481141875	ID:18	[LIST] Quarantine: (none)
1481145371	ID:18	[LIST] Blacklist: (none)
1481151826	ID:18	FUZZRID,DET,13,1734,1734,0,0,0,0,0,0,5,0,0,0
1481182974	ID:24	[HFS] ra=0 si=0 cx=49 ac=0
1481187951	ID:24	[LIST] Neighbors: 17,16,18,10,13,8
1481191588	ID:24	[LIST] Quarantine: (none)
1481195084	ID:24	[LIST] Blacklist: (none)
1481201697	ID:24	FUZZRID,DET,13,1734,1734,0,0,0,0,0,0,11,0,0,0
1483490514	ID:25	[PKT-TX] DATA bytes=14  seq=45 
1483562521	ID:7	[PKT-TX] DATA bytes=13  seq=45 
1483565423	ID:1	[PKT-RX] DATA bytes=14 from=25 seq=45
1483720306	ID:25	[PKT-RTT] seq=45,rtt_delay_ms=109
1483813072	ID:2	[PKT-TX] DATA bytes=13  seq=45 
1483853150	ID:12	[PKT-TX] DATA bytes=14  seq=45 
1484177531	ID:1	[PKT-RX] DATA bytes=14 from=12 seq=45
1484373531	ID:1	[PKT-RX] DATA bytes=13 from=7 seq=45
1485496102	ID:9	[PKT-TX] DATA bytes=13  seq=45 
1485747491	ID:1	[PKT-RX] DATA bytes=13 from=9 seq=45
1486134163	ID:10	[PKT-TX] DATA bytes=14  seq=45 
1486137783	ID:9	[PKT-RTT] seq=45,rtt_delay_ms=320
1486317478	ID:1	[PKT-RX] DATA bytes=13 from=2 seq=45
1486568662	ID:1	[PKT-RX] DATA bytes=14 from=10 seq=45
1486802946	ID:10	[PKT-RTT] seq=45,rtt_delay_ms=328
1487236531	ID:5	[HFS] ra=0 si=0 cx=49 ac=0
1487241328	ID:5	[LIST] Neighbors: 19,20,30,6,2,12
1487244965	ID:5	[LIST] Quarantine: (none)
1487248462	ID:5	[LIST] Blacklist: (none)
1487254783	ID:5	FUZZRID,DET,2,1414,1414,0,0,0,0,0,0,5,0,0,0
1488181529	ID:22	[HFS] ra=0 si=0 cx=49 ac=0
1488186191	ID:22	[LIST] Neighbors: 15,26,11,20,27
1488189828	ID:22	[LIST] Quarantine: (none)
1488193325	ID:22	[LIST] Blacklist: (none)
1488199437	ID:22	FUZZRID,DET,15,512,512,0,0,0,0,0,0,4,0,0,0
1488771270	ID:2	[HFS] ra=0 si=0 cx=49 ac=0
1488775929	ID:2	[LIST] Neighbors: 16,5,30,6,12,8
1488779566	ID:2	[LIST] Quarantine: (none)
1488783063	ID:2	[LIST] Blacklist: (none)
1488789517	ID:2	FUZZRID,DET,12,1463,1463,0,0,0,0,0,0,6,0,0,0
1488793247	ID:20	[HFS] ra=0 si=0 cx=49 ac=0
1488798897	ID:20	[LIST] Neighbors: 26,30,19,6,12,5,22,11
1488802534	ID:20	[LIST] Quarantine: (none)
1488806030	ID:20	[LIST] Blacklist: (none)
1488812484	ID:20	FUZZRID,DET,12,1463,1463,0,0,0,0,0,0,6,0,0,0
1488861279	ID:5	[HFS] ra=0 si=0 cx=49 ac=0
1488866076	ID:5	[LIST] Neighbors: 19,20,30,6,2,12
1488869712	ID:5	[LIST] Quarantine: (none)
1488873229	ID:5	[LIST] Blacklist: (none)
1488879822	ID:5	FUZZRID,DET,12,1463,1463,0,0,0,0,0,0,10,0,0,0
1488887592	ID:6	[HFS] ra=0 si=0 cx=49 ac=0
1488893242	ID:6	[LIST] Neighbors: 19,17,20,16,30,2,12,5
1488896879	ID:6	[LIST] Quarantine: (none)
1488900375	ID:6	[LIST] Blacklist: (none)
1488906830	ID:6	FUZZRID,DET,12,1463,1463,0,0,0,0,0,0,2,0,0,0
1489676898	ID:23	[PKT-TX] DATA bytes=14  seq=45 
1489925835	ID:20	[PKT-TX] DATA bytes=14  seq=45 
1489999302	ID:1	[PKT-RX] DATA bytes=14 from=23 seq=45
1490443635	ID:1	[PKT-RX] DATA bytes=14 from=20 seq=45
1490662971	ID:20	[PKT-RTT] seq=45,rtt_delay_ms=367
1490795515	ID:8	[PKT-TX] DATA bytes=13  seq=45 
1490942839	ID:1	[PKT-RX] DATA bytes=13 from=8 seq=45
1491557574	ID:22	[PKT-TX] DATA bytes=14  seq=45 
1491563032	ID:8	[PKT-RTT] seq=45,rtt_delay_ms=382
1491631898	ID:1	[PKT-RX] DATA bytes=14 from=22 seq=45
1491785350	ID:17	[PKT-TX] DATA bytes=14  seq=45 
1491802232	ID:22	[PKT-RTT] seq=45,rtt_delay_ms=117
1491943852	ID:1	[PKT-RX] DATA bytes=14 from=17 seq=45
1492598121	ID:21	[PKT-TX] DATA bytes=14  seq=45 
1492615525	ID:1	[PKT-RX] DATA bytes=14 from=21 seq=45
1493056392	ID:17	[PKT-RTT] seq=45,rtt_delay_ms=632
1493458739	ID:24	[PKT-TX] DATA bytes=14  seq=45 
1493691370	ID:1	[PKT-RX] DATA bytes=14 from=24 seq=45
1493786651	ID:7	[HFS] ra=0 si=0 cx=49 ac=0
1493791024	ID:7	[LIST] Neighbors: 4,23,29,9,14
1493794661	ID:7	[LIST] Quarantine: (none)
1493798158	ID:7	[LIST] Blacklist: (none)
1493804610	ID:7	FUZZRID,DET,23,1686,1686,0,0,0,0,0,0,9,0,0,0
1494057845	ID:24	[PKT-RTT] seq=45,rtt_delay_ms=296
1495330300	ID:5	[PKT-TX] DATA bytes=13  seq=45 
1495443112	ID:1	[PKT-RX] DATA bytes=13 from=5 seq=45
1496516058	ID:13	[PKT-TX] DATA bytes=14  seq=45 
1496816705	ID:1	[PKT-RX] DATA bytes=14 from=13 seq=45
1497448804	ID:15	[PKT-TX] DATA bytes=14  seq=45 
1497465485	ID:1	[PKT-RX] DATA bytes=14 from=15 seq=45
1498663142	ID:3	[PKT-TX] DATA bytes=13  seq=45 
1498872381	ID:1	[PKT-RX] DATA bytes=13 from=3 seq=45
1500128841	ID:14	[HFS] ra=0 si=0 cx=49 ac=0
1500132949	ID:14	[LIST] Neighbors: 31,4,7,9,3
1500136586	ID:14	[LIST] Quarantine: (none)
1500140083	ID:14	[LIST] Blacklist: (none)
1500146399	ID:14	FUZZRID,DET,3,1092,1092,0,0,0,0,0,0,3,0,0,0
1500159889	ID:18	 192003 P 0.0 24 817722 48329384 250907 455333 0 339307 26122 1939693 5566 16332 0 13523 (radio 1.-44% / 1.11% tx 0.51% / 0.28% listen 0.05% / 0.83%)
1500188436	ID:16	 192003 P 0.0 24 1767570 47380801 523845 771378 0 534281 45025 1920983 7713 27327 0 23469 (radio 2.-199% / 1.78% tx 1.-81% / 0.39% listen 1.-31% / 1.38%)
1500249970	ID:16	[PKT-TX] DATA bytes=14  seq=46 
1500317598	ID:1	[PKT-RX] DATA bytes=14 from=16 seq=46
1500326208	ID:3	 192003 P 0.0 24 892392 48257160 268647 502132 0 387339 23948 1942111 3484 16979 0 14923 (radio 1.-31% / 1.04% tx 0.54% / 0.17% listen 1.-86% / 0.86%)
1500348661	ID:23	 192003 P 0.0 24 842935 48304468 279081 443561 0 327076 20546 1945371 2731 14240 0 12854 (radio 1.-41% / 0.86% tx 0.56% / 0.13% listen 0.02% / 0.72%)
1500374415	ID:25	 192003 P 0.0 24 1647293 47500461 448556 787262 0 576583 54230 1911758 14707 28659 0 21873 (radio 2.-124% / 2.20% tx 0.03% / 0.74% listen 1.-28% / 1.45%)
1500417773	ID:11	 192003 P 0.0 24 1390615 47758950 414684 669484 0 457706 45140 1920867 11044 24350 0 17834 (radio 2.-155% / 1.80% tx 0.84% / 0.56% listen 1.-52% / 1.23%)
1500565001	ID:20	 192003 P 0.0 24 1504392 47644038 395235 661021 0 482780 53719 1912320 11919 25243 0 18689 (radio 2.-160% / 1.89% tx 0.80% / 0.60% listen 1.-53% / 1.28%)
1500580614	ID:10	 192003 P 0.0 24 1470040 47679967 426662 808037 0 633488 49136 1916753 13290 31768 0 24907 (radio 2.-124% / 2.29% tx 0.86% / 0.67% listen 1.-23% / 1.61%)
1500660217	ID:16	[PKT-RTT] seq=46,rtt_delay_ms=203
1500681182	ID:4	 192003 P 0.0 24 1581795 47567153 525964 644526 0 403499 51279 1914529 15525 22580 0 14867 (radio 2.-137% / 1.93% tx 1.-81% / 0.78% listen 1.-57% / 1.14%)
1500688745	ID:19	 192019 P 0.0 24 3383245 45769187 1260889 1204785 0 483816 162673 1807569 69998 56096 0 17398 (radio 5.-436% / 6.39% tx 2.-119% / 3.55% listen 2.-130% / 2.84%)
1500717364	ID:8	 192003 P 0.0 24 1176419 47973419 323349 530255 0 392377 50166 1915880 16594 20354 0 13402 (radio 1.-14% / 1.87% tx 0.65% / 0.84% listen 1.-80% / 1.03%)
1500780896	ID:14	 192003 P 0.0 24 1594305 47553391 584657 640152 0 357701 68210 1897722 28465 25919 0 12423 (radio 2.-126% / 2.76% tx 1.-69% / 1.44% listen 1.-58% / 1.31%)
1500813207	ID:7	 192003 P 0.0 24 1090910 48057619 278564 515972 0 403009 39257 1926734 8816 19766 0 14899 (radio 1.-26% / 1.45% tx 0.56% / 0.44% listen 1.-83% / 1.00%)
1500828997	ID:1	 192005 P 0.0 24 2887680 46262406 1305500 47843139 0 0 135793 1830171 68191 1897584 0 0 (radio 12.-1163% / 99.-8640% tx 2.-197% / 3.46% listen 9.-866% / 96.-8687%)
1500834017	ID:17	 192003 P 0.0 24 2526198 46622113 993341 1049232 0 595981 99867 1865812 38340 42784 0 23805 (radio 4.-334% / 4.12% tx 2.-173% / 1.95% listen 2.-162% / 2.17%)
1500846367	ID:15	 192004 P 0.0 24 3075279 46073162 1039027 1137548 0 421039 122894 1843539 41602 49262 0 16511 (radio 4.-395% / 4.62% tx 2.-164% / 2.11% listen 2.-144% / 2.50%)
1500912270	ID:6	 192003 P 0.0 24 1708011 47440776 474422 788484 0 534885 79760 1886195 28245 34487 0 20065 (radio 2.-118% / 3.19% tx 0.09% / 1.43% listen 1.-27% / 1.75%)
1500922148	ID:2	 192003 P 0.0 24 1197195 47952077 330010 558274 0 418380 29120 1936924 2356 16101 0 14681 (radio 1.-95% / 0.93% tx 0.67% / 0.11% listen 1.-74% / 0.81%)
1500955317	ID:22	 192003 P 0.0 24 1031763 48116615 294410 516186 0 388790 31974 1934007 5223 17287 0 13958 (radio 1.-23% / 1.14% tx 0.59% / 0.26% listen 1.-83% / 0.87%)
1501025352	ID:12	 192003 P 0.0 24 1247682 47900464 416005 548461 0 392297 32370 1933600 7303 17252 0 15220 (radio 1.-79% / 1.24% tx 0.84% / 0.37% listen 1.-76% / 0.87%)
1501041957	ID:9	 192003 P 0.0 24 1518220 47631790 495393 633519 0 411594 40528 1925332 9370 20586 0 15973 (radio 2.-146% / 1.52% tx 1.-87% / 0.47% listen 1.-59% / 1.04%)
1501084173	ID:24	 192003 P 0.0 24 1997352 47151324 838337 745298 0 377304 62758 1903241 22573 24448 0 13320 (radio 3.-240% / 2.39% tx 1.-17% / 1.14% listen 1.-36% / 1.24%)
1501135892	ID:5	 192003 P 0.0 24 1338759 47810789 421262 612752 0 446953 34109 1931926 4200 20256 0 17510 (radio 2.-165% / 1.24% tx 0.85% / 0.21% listen 1.-63% / 1.03%)
1501137402	ID:21	 192003 P 0.0 24 1276104 47874624 347215 645849 0 391881 37389 1928555 5971 22301 0 16001 (radio 2.-173% / 1.43% tx 0.70% / 0.30% listen 1.-56% / 1.13%)
1501140867	ID:13	 192003 P 0.0 24 753284 48394047 220123 425174 0 345982 25320 1940443 5984 14741 0 13306 (radio 1.-57% / 1.05% tx 0.44% / 0.30% listen 0.86% / 0.74%)
1501310174	ID:23	[PKT-TX] DATA bytes=14  seq=46 
1501624302	ID:1	[PKT-RX] DATA bytes=14 from=23 seq=46
1501918057	ID:15	[PKT-TX] DATA bytes=14  seq=46 
1501935399	ID:1	[PKT-RX] DATA bytes=14 from=15 seq=46
1502317411	ID:6	[PKT-TX] DATA bytes=13  seq=46 
1502441978	ID:1	[PKT-RX] DATA bytes=13 from=6 seq=46
1502682574	ID:22	[PKT-TX] DATA bytes=14  seq=46 
1502756898	ID:1	[PKT-RX] DATA bytes=14 from=22 seq=46
1502929477	ID:22	[PKT-RTT] seq=46,rtt_delay_ms=117
1505573980	ID:19	[PKT-TX] DATA bytes=14  seq=46 
1505690247	ID:1	[PKT-RX] DATA bytes=14 from=19 seq=46
1506585936	ID:13	[PKT-TX] DATA bytes=14  seq=46 
1506943017	ID:1	[PKT-RX] DATA bytes=14 from=13 seq=46
1507240638	ID:13	[HFS] ra=0 si=0 cx=49 ac=0
1507244022	ID:13	[LIST] Neighbors: 24,18
1507247659	ID:13	[LIST] Quarantine: (none)
1507251188	ID:13	[LIST] Blacklist: (none)
1507257642	ID:13	FUZZRID,DET,18,1673,1673,0,0,0,0,0,0,1,0,0,0
1507705739	ID:11	[PKT-TX] DATA bytes=14  seq=46 
1507823969	ID:1	[PKT-RX] DATA bytes=14 from=11 seq=46
1511327643	ID:31	[ATK-FAKE-RANK]  true_rank=790 fake_rank=1068 t=11720s
1511404332	ID:4	[HFS] ra=74 si=49 cx=49 ac=82
1511409443	ID:4	[LIST] Neighbors: 28,9,31,7,3,14,21
1511413080	ID:4	[LIST] Quarantine: (none)
1511416592	ID:4	[LIST] Blacklist: (none)
1511424269	ID:4	FUZZRID,DET,31,1068,790,278,0,100,100,31,0,2,0,82,75
1513147063	ID:8	[PKT-TX] DATA bytes=13  seq=46 
1513317786	ID:1	[PKT-RX] DATA bytes=13 from=8 seq=46
1513692466	ID:8	[PKT-RTT] seq=46,rtt_delay_ms=273
1515933647	ID:20	[PKT-TX] DATA bytes=14  seq=46 
1516065576	ID:1	[PKT-RX] DATA bytes=14 from=20 seq=46
1519701624	ID:3	[PKT-TX] DATA bytes=13  seq=46 
1519790338	ID:20	[HFS] ra=0 si=0 cx=49 ac=0
1519796011	ID:20	[LIST] Neighbors: 26,30,19,6,12,5,22,11
1519799648	ID:20	[LIST] Quarantine: (none)
1519803144	ID:20	[LIST] Blacklist: (none)
1519809238	ID:20	FUZZRID,DET,22,879,879,0,0,0,0,0,0,0,0,0,0
1519872624	ID:1	[PKT-RX] DATA bytes=13 from=3 seq=46
1520188241	ID:7	[PKT-TX] DATA bytes=13  seq=46 
1520289905	ID:16	[HFS] ra=0 si=0 cx=49 ac=0
1520295555	ID:16	[LIST] Neighbors: 19,17,30,24,29,25,2,8
1520299192	ID:16	[LIST] Quarantine: (none)
1520302688	ID:16	[LIST] Blacklist: (none)
1520309181	ID:16	FUZZRID,DET,24,1332,1332,0,0,0,0,0,0,6,0,0,0
1520374083	ID:1	[PKT-RX] DATA bytes=13 from=7 seq=46
1520519689	ID:17	[PKT-TX] DATA bytes=14  seq=46 
1520692751	ID:1	[PKT-RX] DATA bytes=14 from=17 seq=46
1520928931	ID:17	[PKT-RTT] seq=46,rtt_delay_ms=203
1521609791	ID:28	[ATK-FAKE-RANK]  true_rank=512 fake_rank=852 t=11720s
1521738787	ID:21	[HFS] ra=74 si=49 cx=49 ac=82
1521742452	ID:21	[LIST] Neighbors: 28,4,31
1521746088	ID:21	[LIST] Quarantine: (none)
1521749604	ID:21	[LIST] Blacklist: (none)
1521757068	ID:21	FUZZRID,DET,28,852,512,340,0,100,100,41,0,0,0,82,75
1522459381	ID:14	[PKT-TX] DATA bytes=14  seq=46 
1522589851	ID:9	[PKT-TX] DATA bytes=13  seq=46 
1522997106	ID:1	[PKT-RX] DATA bytes=14 from=14 seq=46
1523624319	ID:1	[PKT-RX] DATA bytes=13 from=9 seq=46
1523626344	ID:10	[PKT-TX] DATA bytes=14  seq=46 
1523692907	ID:1	[PKT-RX] DATA bytes=14 from=10 seq=46
1524799024	ID:27	[ATK-FAKE-RANK]  true_rank=512 fake_rank=812 t=11720s
1524933639	ID:15	[HFS] ra=74 si=49 cx=49 ac=82
1524939155	ID:15	[LIST] Neighbors: 28,26,22,19,25,11,27
1524942792	ID:15	[LIST] Quarantine: (none)
1524946289	ID:15	[LIST] Blacklist: (none)
1524953788	ID:15	FUZZRID,DET,27,812,512,300,0,100,100,10,0,0,0,82,75
1525089355	ID:18	[PKT-TX] DATA bytes=14  seq=46 
1525440514	ID:1	[PKT-RX] DATA bytes=14 from=18 seq=46
1525882776	ID:18	[PKT-RTT] seq=46,rtt_delay_ms=390
1526114213	ID:24	[PKT-TX] DATA bytes=14  seq=46 
1526317378	ID:1	[PKT-RX] DATA bytes=14 from=24 seq=46
1526535158	ID:21	[PKT-TX] DATA bytes=14  seq=46 
1526551915	ID:1	[PKT-RX] DATA bytes=14 from=21 seq=46
1526607715	ID:21	[PKT-RTT] seq=46,rtt_delay_ms=31
1526805887	ID:24	[PKT-RTT] seq=46,rtt_delay_ms=343
1526915365	ID:16	[HFS] ra=0 si=0 cx=49 ac=0
1526921014	ID:16	[LIST] Neighbors: 19,17,30,24,29,25,2,8
1526924664	ID:16	[LIST] Quarantine: (none)
1526928161	ID:16	[LIST] Blacklist: (none)
1526934615	ID:16	FUZZRID,DET,17,1024,1024,0,0,0,0,0,0,2,0,0,0
1527446900	ID:12	[PKT-TX] DATA bytes=14  seq=46 
1527692048	ID:1	[PKT-RX] DATA bytes=14 from=12 seq=46
1528338192	ID:4	[PKT-TX] DATA bytes=13  seq=46 
1528371177	ID:1	[PKT-RX] DATA bytes=13 from=4 seq=46
1528680259	ID:2	[PKT-TX] DATA bytes=13  seq=46 
1529691490	ID:1	[PKT-RX] DATA bytes=13 from=2 seq=46
1530310827	ID:25	[PKT-TX] DATA bytes=14  seq=46 
1530442132	ID:1	[PKT-RX] DATA bytes=14 from=25 seq=46
1530554722	ID:10	[HFS] ra=0 si=0 cx=49 ac=0
1530560518	ID:10	[LIST] Neighbors: 19,25,17,16,9,24,29,30
1530564155	ID:10	[LIST] Quarantine: (none)
1530567690	ID:10	[LIST] Blacklist: (none)
1530573783	ID:10	FUZZRID,DET,25,825,825,0,0,0,0,0,0,4,0,0,0
1530580300	ID:5	[PKT-TX] DATA bytes=13  seq=46 
1530692926	ID:1	[PKT-RX] DATA bytes=13 from=5 seq=46
1531131431	ID:8	[PKT-TX] DATA bytes=13  seq=47 
1531316396	ID:1	[PKT-RX] DATA bytes=13 from=8 seq=47
1531445237	ID:16	[PKT-TX] DATA bytes=14  seq=47 
1531735908	ID:5	[HFS] ra=0 si=0 cx=49 ac=0
1531740738	ID:5	[LIST] Neighbors: 19,20,30,6,2,12
1531744374	ID:5	[LIST] Quarantine: (none)
1531747871	ID:5	[LIST] Blacklist: (none)
1531754106	ID:5	FUZZRID,DET,19,794,794,0,0,0,0,0,0,13,0,0,0
1532062532	ID:8	[PKT-RTT] seq=47,rtt_delay_ms=460
1532502614	ID:11	[PKT-TX] DATA bytes=14  seq=47 
1532567011	ID:1	[PKT-RX] DATA bytes=14 from=11 seq=47
1534066370	ID:1	[PKT-RX] DATA bytes=14 from=16 seq=47
1534410728	ID:16	[PKT-RTT] seq=47,rtt_delay_ms=1476
1535876336	ID:12	[HFS] ra=0 si=0 cx=49 ac=0
1535880561	ID:12	[LIST] Neighbors: 20,5,30,6,2
1535884197	ID:12	[LIST] Quarantine: (none)
1535887695	ID:12	[LIST] Blacklist: (none)
1535894180	ID:12	FUZZRID,DET,20,1091,1091,0,0,0,0,0,0,6,0,0,0
1536502886	ID:22	[PKT-TX] DATA bytes=14  seq=47 
1536566394	ID:21	[PKT-TX] DATA bytes=14  seq=47 
1536648405	ID:1	[PKT-RX] DATA bytes=14 from=21 seq=47
1536733363	ID:21	[PKT-RTT] seq=47,rtt_delay_ms=78
1537132212	ID:1	[PKT-RX] DATA bytes=14 from=22 seq=47
1537217614	ID:25	[PKT-TX] DATA bytes=14  seq=47 
1537316445	ID:1	[PKT-RX] DATA bytes=14 from=25 seq=47
1537755310	ID:26	[ATK-FAKE-RANK]  true_rank=887 fake_rank=1189 t=11720s
1537811994	ID:17	[HFS] ra=74 si=49 cx=49 ac=82
1537817970	ID:17	[LIST] Neighbors: 26,19,16,10,24,29,25,30
1537821607	ID:17	[LIST] Quarantine: (none)
1537825104	ID:17	[LIST] Blacklist: (none)
1537832749	ID:17	FUZZRID,DET,26,1189,887,302,0,100,100,17,0,3,0,82,75
1538143637	ID:9	[HFS] ra=0 si=0 cx=49 ac=0
1538148846	ID:9	[LIST] Neighbors: 4,25,29,10,7,23,14
1538152488	ID:9	[LIST] Quarantine: (none)
1538155985	ID:9	[LIST] Blacklist: (none)
1538162301	ID:9	FUZZRID,DET,7,1069,1069,0,0,0,0,0,0,4,0,0,0
1539332562	ID:15	[PKT-TX] DATA bytes=14  seq=47 
1539349215	ID:1	[PKT-RX] DATA bytes=14 from=15 seq=47
1539930055	ID:15	[PKT-RTT] seq=47,rtt_delay_ms=296
1541110320	ID:13	[PKT-TX] DATA bytes=14  seq=47 
1541339851	ID:9	[PKT-TX] DATA bytes=13  seq=47 
1541497662	ID:1	[PKT-RX] DATA bytes=13 from=9 seq=47
1541944274	ID:1	[PKT-RX] DATA bytes=14 from=13 seq=47
1543525028	ID:29	[ATK-FAKE-RANK]  true_rank=1389 fake_rank=1871 t=11720s
1543642394	ID:9	[HFS] ra=74 si=49 cx=49 ac=82
1543647604	ID:9	[LIST] Neighbors: 4,25,29,10,7,23,14
1543651241	ID:9	[LIST] Quarantine: (none)
1543654738	ID:9	[LIST] Blacklist: (none)
1543662604	ID:9	FUZZRID,DET,29,1871,1389,482,0,100,100,8,33,4,0,82,75
1544252173	ID:5	[PKT-TX] DATA bytes=13  seq=47 
1544281671	ID:4	[HFS] ra=0 si=0 cx=49 ac=0
1544286759	ID:4	[LIST] Neighbors: 28,9,31,7,3,14,21
1544290395	ID:4	[LIST] Quarantine: (none)
1544293893	ID:4	[LIST] Blacklist: (none)
1544300349	ID:4	FUZZRID,DET,14,1104,1104,0,0,0,0,0,0,0,0,0,0
1544317929	ID:1	[PKT-RX] DATA bytes=13 from=5 seq=47
1544607692	ID:5	[PKT-RTT] seq=47,rtt_delay_ms=171
1546631220	ID:3	[PKT-TX] DATA bytes=13  seq=47 
1546746597	ID:1	[PKT-RX] DATA bytes=13 from=3 seq=47
1547117216	ID:7	[PKT-TX] DATA bytes=13  seq=47 
1547497977	ID:1	[PKT-RX] DATA bytes=13 from=7 seq=47
1550588185	ID:12	[PKT-TX] DATA bytes=14  seq=47 
1550791317	ID:4	[PKT-TX] DATA bytes=13  seq=47 
1550870903	ID:1	[PKT-RX] DATA bytes=13 from=4 seq=47
1551168022	ID:20	[PKT-TX] DATA bytes=14  seq=47 
1551192846	ID:1	[PKT-RX] DATA bytes=14 from=12 seq=47
1551442008	ID:1	[PKT-RX] DATA bytes=14 from=20 seq=47
1551443763	ID:14	[PKT-TX] DATA bytes=14  seq=47 
1551621885	ID:1	[PKT-RX] DATA bytes=14 from=14 seq=47
1552582189	ID:17	[PKT-TX] DATA bytes=14  seq=47 
1553067598	ID:1	[PKT-RX] DATA bytes=14 from=17 seq=47
1554159660	ID:18	[PKT-TX] DATA bytes=14  seq=47 
1554290406	ID:10	[PKT-TX] DATA bytes=14  seq=47 
1554442562	ID:1	[PKT-RX] DATA bytes=14 from=18 seq=47
1554692624	ID:1	[PKT-RX] DATA bytes=14 from=10 seq=47
1555001914	ID:12	[HFS] ra=0 si=0 cx=49 ac=0
1555006139	ID:12	[LIST] Neighbors: 20,5,30,6,2
1555009776	ID:12	[LIST] Quarantine: (none)
1555011663	ID:6	[HFS] ra=0 si=0 cx=49 ac=0
1555013272	ID:12	[LIST] Blacklist: (none)
1555017320	ID:6	[LIST] Neighbors: 19,17,20,16,30,2,12,5
1555019739	ID:12	FUZZRID,DET,5,1068,1068,0,0,0,0,0,0,15,0,0,0
1555020957	ID:6	[LIST] Quarantine: (none)
1555023493	ID:2	[HFS] ra=0 si=0 cx=49 ac=0
1555024454	ID:6	[LIST] Blacklist: (none)
1555028144	ID:2	[LIST] Neighbors: 16,5,30,6,12,8
1555030930	ID:6	FUZZRID,DET,5,1068,1068,0,0,0,0,0,0,12,0,0,0
1555031781	ID:2	[LIST] Quarantine: (none)
1555035277	ID:2	[LIST] Blacklist: (none)
1555041732	ID:2	FUZZRID,DET,5,1068,1068,0,0,0,0,0,0,11,0,0,0
1555631629	ID:18	[PKT-RTT] seq=47,rtt_delay_ms=734
1558102134	ID:2	[PKT-TX] DATA bytes=13  seq=47 
1558194327	ID:1	[PKT-RX] DATA bytes=13 from=2 seq=47
1558715856	ID:6	[PKT-TX] DATA bytes=13  seq=47 
1558823693	ID:1	[PKT-RX] DATA bytes=13 from=6 seq=47
1559411081	ID:24	[PKT-TX] DATA bytes=14  seq=47 
1559503665	ID:19	[PKT-TX] DATA bytes=14  seq=47 
1559520655	ID:23	[PKT-TX] DATA bytes=14  seq=47 
1559823846	ID:1	[PKT-RX] DATA bytes=14 from=19 seq=47
1559872042	ID:1	[PKT-RX] DATA bytes=14 from=23 seq=47
1560159898	ID:18	 199683 P 0.0 25 839704 50273361 254423 470856 0 352951 21981 1943977 3516 15523 0 13644 (radio 1.-43% / 0.96% tx 0.49% / 0.17% listen 0.08% / 0.78%)
1560188698	ID:16	 199683 P 0.0 25 1826732 49287673 537984 798931 0 553707 59161 1906872 14139 27553 0 19426 (radio 2.-191% / 2.12% tx 1.-79% / 0.71% listen 1.-28% / 1.40%)
1560308080	ID:18	[PKT-TX] DATA bytes=14  seq=48 
1560320566	ID:23	[PKT-RTT] seq=47,rtt_delay_ms=398
1560326221	ID:3	 199683 P 0.0 25 918315 50197224 273501 519128 0 401574 25922 1940064 4854 16996 0 14235 (radio 1.-29% / 1.11% tx 0.53% / 0.24% listen 1.-83% / 0.86%)
1560350849	ID:23	 199683 P 0.0 25 866373 50246947 283750 459705 0 340885 23437 1942479 4669 16144 0 13809 (radio 1.-39% / 1.05% tx 0.55% / 0.23% listen 0.05% / 0.82%)
1560374420	ID:25	 199683 P 0.0 25 1696928 49416825 460133 814207 0 598203 49634 1916364 11577 26945 0 21620 (radio 2.-119% / 1.95% tx 0.05% / 0.58% listen 1.-25% / 1.37%)
1560417533	ID:11	 199683 P 0.0 25 1422540 49693083 418855 689039 0 474905 31924 1934133 4171 19555 0 17199 (radio 2.-152% / 1.20% tx 0.81% / 0.21% listen 1.-50% / 0.99%)
1560444093	ID:1	[PKT-RX] DATA bytes=14 from=24 seq=47
1560564757	ID:20	 199683 P 0.0 25 1548177 49566249 401657 682824 0 500518 43783 1922211 6422 21803 0 17738 (radio 2.-156% / 1.43% tx 0.78% / 0.32% listen 1.-51% / 1.10%)
1560565630	ID:19	 199683 P 0.0 25 3498735 47615686 1302573 1248833 0 500988 115488 1846499 41684 44048 0 17172 (radio 4.-321% / 4.36% tx 2.-198% / 2.12% listen 2.-124% / 2.24%)
1560580328	ID:10	 199683 P 0.0 25 1509935 49605860 433367 836221 0 657743 39894 1925893 6705 28184 0 24255 (radio 2.-120% / 1.77% tx 0.00% / 0.34% listen 1.-21% / 1.43%)
1560681146	ID:4	 199683 P 0.0 25 1638937 49476048 542893 668670 0 418536 57141 1908895 16929 24144 0 15037 (radio 2.-132% / 2.08% tx 1.-78% / 0.86% listen 1.-54% / 1.22%)
1560691278	ID:1	[PKT-RX] DATA bytes=14 from=18 seq=48
1560717059	ID:8	 199683 P 0.0 25 1207336 49908467 328246 546748 0 406194 30916 1935048 4897 16493 0 13817 (radio 1.-97% / 1.08% tx 0.64% / 0.24% listen 1.-78% / 0.83%)
1560782528	ID:14	 199683 P 0.0 25 1652077 49461647 605438 663681 0 370570 57770 1908256 20781 23529 0 12869 (radio 2.-120% / 2.25% tx 1.-66% / 1.05% listen 1.-55% / 1.19%)
1560813233	ID:7	 199683 P 0.0 25 1126930 49987609 286306 535055 0 418162 36019 1929990 7742 19083 0 15153 (radio 1.-24% / 1.36% tx 0.56% / 0.39% listen 1.-80% / 0.97%)
1560832172	ID:1	 199685 P 0.0 25 2973584 48142560 1339781 49774901 0 0 85902 1880154 34281 1931760 0 0 (radio 15.-1500% / 99.-8639% tx 2.-190% / 1.74% listen 13.-1226% / 98.-8713%)
1560838904	ID:17	 199683 P 0.0 25 2623783 48490560 1032487 1089541 0 617386 97583 1868447 39146 40309 0 21405 (radio 4.-321% / 4.04% tx 2.-167% / 1.99% listen 2.-155% / 2.05%)
1560912300	ID:6	 199683 P 0.0 25 1766793 49347809 490865 816042 0 553879 58780 1907033 16443 27558 0 18994 (radio 2.-197% / 2.23% tx 0.12% / 0.83% listen 1.-25% / 1.40%)
1560922125	ID:2	 199683 P 0.0 25 1225282 49890027 331914 574821 0 433909 28085 1937950 1904 16547 0 15529 (radio 1.-91% / 0.93% tx 0.64% / 0.09% listen 1.-72% / 0.84%)
1560935778	ID:15	 199695 P 0.0 25 3175286 47942078 1068280 1177153 0 436962 100005 1868916 29253 39605 0 15923 (radio 4.-381% / 3.49% tx 2.-160% / 1.48% listen 2.-138% / 2.01%)
1560955586	ID:22	 199683 P 0.0 25 1074566 50039592 307460 536693 0 402655 42801 1922977 13050 20507 0 13865 (radio 1.-19% / 1.70% tx 0.60% / 0.66% listen 1.-80% / 1.04%)
1561025353	ID:12	 199683 P 0.0 25 1287219 49826871 425540 567774 0 406409 39536 1926407 9535 19313 0 14112 (radio 1.-74% / 1.46% tx 0.83% / 0.48% listen 1.-73% / 0.98%)
1561042633	ID:9	 199683 P 0.0 25 1588400 49527602 520956 660417 0 425805 70178 1895812 25563 26898 0 14211 (radio 2.-137% / 2.66% tx 1.-83% / 1.30% listen 1.-55% / 1.36%)
1561133800	ID:18	[PKT-RTT] seq=48,rtt_delay_ms=406
1561135869	ID:5	 199683 P 0.0 25 1380007 49735581 430918 632758 0 463113 41247 1924792 9656 20006 0 16160 (radio 2.-160% / 1.50% tx 0.00% / 0.49% listen 1.-61% / 1.01%)
1561137672	ID:21	 199683 P 0.0 25 1327904 49788889 360937 670697 0 405998 51798 1914265 13722 24848 0 14117 (radio 2.-167% / 1.96% tx 0.70% / 0.69% listen 1.-53% / 1.26%)
1561140850	ID:13	 199683 P 0.0 25 779275 50334022 226265 442202 0 360000 25990 1939975 6142 17028 0 14018 (radio 1.-54% / 1.17% tx 0.44% / 0.31% listen 0.02% / 0.86%)
1561160625	ID:24	 199692 P 0.0 25 2071798 49045446 869429 773543 0 391119 74444 1894122 31092 28245 0 13815 (radio 3.-231% / 3.01% tx 1.-98% / 1.57% listen 1.-33% / 1.43%)
1561664628	ID:2	[PKT-TX] DATA bytes=13  seq=48 
1561824023	ID:1	[PKT-RX] DATA bytes=13 from=2 seq=48
1562539084	ID:7	[PKT-TX] DATA bytes=13  seq=48 
1562748297	ID:1	[PKT-RX] DATA bytes=13 from=7 seq=48
1565940114	ID:11	[PKT-TX] DATA bytes=14  seq=48 
1566068485	ID:1	[PKT-RX] DATA bytes=14 from=11 seq=48
1567105220	ID:19	[PKT-TX] DATA bytes=14  seq=48 
1567191858	ID:1	[PKT-RX] DATA bytes=14 from=19 seq=48
1568006438	ID:8	[PKT-TX] DATA bytes=13  seq=48 
1568191580	ID:1	[PKT-RX] DATA bytes=13 from=8 seq=48
1568275332	ID:2	[HFS] ra=0 si=0 cx=49 ac=0
1568279982	ID:2	[LIST] Neighbors: 16,5,30,6,12,8
1568283619	ID:2	[LIST] Quarantine: (none)
1568287116	ID:2	[LIST] Blacklist: (none)
1568293443	ID:2	FUZZRID,DET,8,1457,1457,0,0,0,0,0,0,3,0,0,0
1568562949	ID:8	[PKT-RTT] seq=48,rtt_delay_ms=273
1570595094	ID:10	[PKT-TX] DATA bytes=14  seq=48 
1570694482	ID:1	[PKT-RX] DATA bytes=14 from=10 seq=48
1571128699	ID:12	[HFS] ra=0 si=0 cx=49 ac=0
1571132923	ID:12	[LIST] Neighbors: 20,5,30,6,2
1571136560	ID:12	[LIST] Quarantine: (none)
1571140056	ID:12	[LIST] Blacklist: (none)
1571146373	ID:12	FUZZRID,DET,2,1393,1393,0,0,0,0,0,0,4,0,0,0
1571483944	ID:31	[ATK-FAKE-RANK]  true_rank=793 fake_rank=1088 t=11720s
1572204712	ID:12	[PKT-TX] DATA bytes=14  seq=48 
1572316855	ID:1	[PKT-RX] DATA bytes=14 from=12 seq=48
1572359300	ID:16	[PKT-TX] DATA bytes=14  seq=48 
1572773130	ID:2	[HFS] ra=0 si=0 cx=49 ac=0
1572777781	ID:2	[LIST] Neighbors: 16,5,30,6,12,8
1572781418	ID:2	[LIST] Quarantine: (none)
1572784914	ID:2	[LIST] Blacklist: (none)
1572791405	ID:2	FUZZRID,DET,12,1351,1351,0,0,0,0,0,0,6,0,0,0
1573004163	ID:12	[PKT-RTT] seq=48,rtt_delay_ms=398
1573043794	ID:30	[ATK-FAKE-RANK]  true_rank=1119 fake_rank=1476 t=11720s
1573434998	ID:17	[HFS] ra=74 si=49 cx=49 ac=82
1573440941	ID:17	[LIST] Neighbors: 26,19,16,10,24,29,25,30
1573444578	ID:17	[LIST] Quarantine: (none)
1573448074	ID:17	[LIST] Blacklist: (none)
1573455902	ID:17	FUZZRID,DET,30,1476,1119,357,0,100,100,15,0,0,0,82,75
1573518511	ID:22	[PKT-TX] DATA bytes=14  seq=48 
1573553131	ID:14	[PKT-TX] DATA bytes=14  seq=48 
1573674248	ID:1	[PKT-RX] DATA bytes=14 from=14 seq=48
1574044658	ID:15	[PKT-TX] DATA bytes=14  seq=48 
1574278518	ID:1	[PKT-RX] DATA bytes=14 from=15 seq=48
1574568359	ID:1	[PKT-RX] DATA bytes=14 from=16 seq=48
1574759222	ID:1	[PKT-RX] DATA bytes=14 from=22 seq=48
1575179393	ID:15	[PKT-RTT] seq=48,rtt_delay_ms=562
1575356286	ID:9	[PKT-TX] DATA bytes=13  seq=48 
1575661480	ID:16	[PKT-RTT] seq=48,rtt_delay_ms=1648
1575685507	ID:3	[PKT-TX] DATA bytes=13  seq=48 
1575874230	ID:1	[PKT-RX] DATA bytes=13 from=3 seq=48
1576341642	ID:1	[PKT-RX] DATA bytes=13 from=9 seq=48
1578137724	ID:6	[PKT-TX] DATA bytes=13  seq=48 
1578318128	ID:1	[PKT-RX] DATA bytes=13 from=6 seq=48
1579056943	ID:4	[PKT-TX] DATA bytes=13  seq=48 
1579122196	ID:1	[PKT-RX] DATA bytes=13 from=4 seq=48
1579276204	ID:4	[PKT-RTT] seq=48,rtt_delay_ms=109
1580484873	ID:13	[PKT-TX] DATA bytes=14  seq=48 
1580818852	ID:1	[PKT-RX] DATA bytes=14 from=13 seq=48
1582006139	ID:25	[PKT-TX] DATA bytes=14  seq=48 
1582028460	ID:23	[PKT-TX] DATA bytes=14  seq=48 
1582066349	ID:1	[PKT-RX] DATA bytes=14 from=25 seq=48
1582374264	ID:1	[PKT-RX] DATA bytes=14 from=23 seq=48
1582823036	ID:23	[PKT-RTT] seq=48,rtt_delay_ms=390
1583887355	ID:21	[PKT-TX] DATA bytes=14  seq=48 
1583904050	ID:1	[PKT-RX] DATA bytes=14 from=21 seq=48
1587075144	ID:24	[PKT-TX] DATA bytes=14  seq=48 
1587316558	ID:1	[PKT-RX] DATA bytes=14 from=24 seq=48
1587410769	ID:20	[PKT-TX] DATA bytes=14  seq=48 
1587569693	ID:1	[PKT-RX] DATA bytes=14 from=20 seq=48
1590160314	ID:17	[PKT-TX] DATA bytes=14  seq=48 
1590318324	ID:1	[PKT-RX] DATA bytes=14 from=17 seq=48
1591072495	ID:5	[PKT-TX] DATA bytes=13  seq=48 
1591191126	ID:1	[PKT-RX] DATA bytes=13 from=5 seq=48
1591483580	ID:5	[PKT-RTT] seq=48,rtt_delay_ms=203
1592500965	ID:16	[PKT-TX] DATA bytes=14  seq=49 
1592567468	ID:1	[PKT-RX] DATA bytes=14 from=16 seq=49
1592910828	ID:16	[PKT-RTT] seq=49,rtt_delay_ms=203
1594182279	ID:1	[HFS] ra=0 si=0 cx=49 ac=0
1594186515	ID:1	[LIST] Neighbors: 21,27,28,15
1594190152	ID:1	[LIST] Quarantine: (none)
1594193649	ID:1	[LIST] Blacklist: (none)
1594199743	ID:1	FUZZRID,DET,21,512,512,0,0,0,0,0,0,0,0,0,0
1594282417	ID:4	[HFS] ra=0 si=0 cx=49 ac=0
1594287497	ID:4	[LIST] Neighbors: 28,9,31,7,3,14,21
1594291133	ID:4	[LIST] Quarantine: (none)
1594294630	ID:4	[LIST] Blacklist: (none)
1594300724	ID:4	FUZZRID,DET,21,512,512,0,0,0,0,0,0,0,0,0,0
1595634834	ID:18	[HFS] ra=0 si=0 cx=49 ac=0
1595638251	ID:18	[LIST] Neighbors: 24,13
1595641888	ID:18	[LIST] Quarantine: (none)
1595645384	ID:18	[LIST] Blacklist: (none)
1595651839	ID:18	FUZZRID,DET,13,1722,1722,0,0,0,0,0,0,5,0,0,0
1596113335	ID:20	[PKT-TX] DATA bytes=14  seq=49 
1596191924	ID:1	[PKT-RX] DATA bytes=14 from=20 seq=49
1596759988	ID:5	[PKT-TX] DATA bytes=13  seq=49 
1596824946	ID:1	[PKT-RX] DATA bytes=13 from=5 seq=49
1596861394	ID:12	[PKT-TX] DATA bytes=14  seq=49 
1597428484	ID:1	[PKT-RX] DATA bytes=14 from=12 seq=49
1597608052	ID:5	[PKT-RTT] seq=49,rtt_delay_ms=421
1598247103	ID:12	[PKT-RTT] seq=49,rtt_delay_ms=687
1598662507	ID:14	[PKT-TX] DATA bytes=14  seq=49 
1598749266	ID:1	[PKT-RX] DATA bytes=14 from=14 seq=49
1599570884	ID:2	[PKT-TX] DATA bytes=13  seq=49 
1599691775	ID:1	[PKT-RX] DATA bytes=13 from=2 seq=49
1600769036	ID:18	[PKT-TX] DATA bytes=14  seq=49 
1601066908	ID:1	[PKT-RX] DATA bytes=14 from=18 seq=49
1601509311	ID:18	[PKT-RTT] seq=49,rtt_delay_ms=367
1601913558	ID:16	[HFS] ra=0 si=0 cx=49 ac=0
1601919207	ID:16	[LIST] Neighbors: 19,17,30,24,29,25,2,8
1601922843	ID:16	[LIST] Quarantine: (none)
1601926341	ID:16	[LIST] Blacklist: (none)
1601932656	ID:16	FUZZRID,DET,8,1452,1452,0,0,0,0,0,0,0,0,0,0
1601934581	ID:24	[HFS] ra=0 si=0 cx=49 ac=0
1601939524	ID:24	[LIST] Neighbors: 17,16,18,10,13,8
1601943161	ID:24	[LIST] Quarantine: (none)
1601946682	ID:24	[LIST] Blacklist: (none)
1601952998	ID:24	FUZZRID,DET,8,1452,1452,0,0,0,0,0,0,0,0,0,0
1602024021	ID:2	[HFS] ra=0 si=0 cx=49 ac=0
1602028671	ID:2	[LIST] Neighbors: 16,5,30,6,12,8
1602032329	ID:2	[LIST] Quarantine: (none)
1602035825	ID:2	[LIST] Blacklist: (none)
1602042141	ID:2	FUZZRID,DET,8,1452,1452,0,0,0,0,0,0,3,0,0,0
1603159907	ID:19	[PKT-TX] DATA bytes=14  seq=49 
1603441079	ID:1	[PKT-RX] DATA bytes=14 from=19 seq=49
1605135066	ID:4	[PKT-TX] DATA bytes=13  seq=49 
1605203131	ID:13	[PKT-TX] DATA bytes=14  seq=49 
1605247179	ID:1	[PKT-RX] DATA bytes=13 from=4 seq=49
1605404173	ID:4	[PKT-RTT] seq=49,rtt_delay_ms=132
1605569456	ID:1	[PKT-RX] DATA bytes=14 from=13 seq=49
1605928015	ID:25	[PKT-TX] DATA bytes=14  seq=49 
1605988058	ID:13	[PKT-RTT] seq=49,rtt_delay_ms=390
1606442048	ID:1	[PKT-RX] DATA bytes=14 from=25 seq=49
1608035150	ID:21	[PKT-TX] DATA bytes=14  seq=49 
1608051940	ID:1	[PKT-RX] DATA bytes=14 from=21 seq=49
1608099563	ID:3	[PKT-TX] DATA bytes=13  seq=49 
1608247032	ID:1	[PKT-RX] DATA bytes=13 from=3 seq=49
1608585959	ID:7	[PKT-TX] DATA bytes=13  seq=49 
1608747473	ID:1	[PKT-RX] DATA bytes=13 from=7 seq=49
1609355048	ID:15	[PKT-TX] DATA bytes=14  seq=49 
1609371769	ID:1	[PKT-RX] DATA bytes=14 from=15 seq=49
1609428348	ID:15	[PKT-RTT] seq=49,rtt_delay_ms=31
1609861590	ID:10	[PKT-TX] DATA bytes=14  seq=49 
1610145456	ID:24	[PKT-TX] DATA bytes=14  seq=49 
1610388324	ID:1	[PKT-RX] DATA bytes=14 from=10 seq=49
1610824301	ID:1	[PKT-RX] DATA bytes=14 from=24 seq=49
1611012836	ID:23	[PKT-TX] DATA bytes=14  seq=49 
1611373308	ID:1	[PKT-RX] DATA bytes=14 from=23 seq=49
1611821918	ID:23	[PKT-RTT] seq=49,rtt_delay_ms=398
1612683601	ID:9	[PKT-TX] DATA bytes=13  seq=49 
1612873457	ID:1	[PKT-RX] DATA bytes=13 from=9 seq=49
1613176469	ID:17	[PKT-TX] DATA bytes=14  seq=49 
1613316687	ID:1	[PKT-RX] DATA bytes=14 from=17 seq=49
1613915077	ID:28	[ATK-FAKE-RANK]  true_rank=512 fake_rank=872 t=11720s
1614184607	ID:6	[PKT-TX] DATA bytes=13  seq=49 
1614280203	ID:4	[HFS] ra=74 si=49 cx=49 ac=82
1614285281	ID:4	[LIST] Neighbors: 28,9,31,7,3,14,21
1614288918	ID:4	[LIST] Quarantine: (none)
1614292432	ID:4	[LIST] Blacklist: (none)
1614299898	ID:4	FUZZRID,DET,28,872,512,360,0,100,100,35,0,2,0,82,75
1614317957	ID:1	[PKT-RX] DATA bytes=13 from=6 seq=49
1614684568	ID:24	[HFS] ra=0 si=0 cx=49 ac=0
1614689511	ID:24	[LIST] Neighbors: 17,16,18,10,13,8
1614693148	ID:24	[LIST] Quarantine: (none)
1614696645	ID:24	[LIST] Blacklist: (none)
1614703098	ID:24	FUZZRID,DET,18,1669,1669,0,0,0,0,0,0,1,0,0,0
1614713824	ID:22	[PKT-TX] DATA bytes=14  seq=49 
1614758625	ID:1	[PKT-RX] DATA bytes=14 from=22 seq=49
1618049497	ID:11	[PKT-TX] DATA bytes=14  seq=49 
1618193028	ID:1	[PKT-RX] DATA bytes=14 from=11 seq=49
1618350195	ID:8	[PKT-TX] DATA bytes=13  seq=49 
1618441490	ID:1	[PKT-RX] DATA bytes=13 from=8 seq=49
1618895724	ID:2	[HFS] ra=0 si=0 cx=49 ac=0
1618900374	ID:2	[LIST] Neighbors: 16,5,30,6,12,8
1618904011	ID:2	[LIST] Quarantine: (none)
1618907508	ID:2	[LIST] Blacklist: (none)
1618913962	ID:2	FUZZRID,DET,5,1084,1084,0,0,0,0,0,0,11,0,0,0
1619062798	ID:8	[PKT-RTT] seq=49,rtt_delay_ms=351
1620159897	ID:18	 207363 P 0.0 26 865935 52212943 260552 486316 0 366442 26230 1939582 6129 15460 0 13491 (radio 1.-41% / 1.09% tx 0.49% / 0.31% listen 0.10% / 0.78%)
1620192610	ID:16	 207363 P 0.0 26 1864770 51215834 541048 818996 0 571607 38037 1928161 3064 20065 0 17900 (radio 2.-187% / 1.17% tx 1.-79% / 0.15% listen 1.-27% / 1.02%)
1620326236	ID:3	 207363 P 0.0 26 948467 52133058 281375 537870 0 416698 30150 1935834 7874 18742 0 15124 (radio 1.-27% / 1.35% tx 0.53% / 0.40% listen 1.-80% / 0.95%)
1620348657	ID:23	 207363 P 0.0 26 889982 52189164 288579 474271 0 353053 23608 1942217 4829 14566 0 12168 (radio 1.-38% / 0.98% tx 0.54% / 0.24% listen 0.08% / 0.74%)
1620374162	ID:25	 207363 P 0.0 26 1741351 51338319 469136 839437 0 619167 44422 1921494 9003 25230 0 20964 (radio 2.-197% / 1.74% tx 0.07% / 0.45% listen 1.-23% / 1.28%)
1620417774	ID:11	 207363 P 0.0 26 1471018 51610664 433198 713279 0 492143 48476 1917581 14343 24240 0 17238 (radio 2.-146% / 1.96% tx 0.00% / 0.72% listen 1.-47% / 1.23%)
1620559469	ID:19	 207363 P 0.0 26 3610545 49469708 1339964 1290397 0 518875 111809 1854022 37391 41564 0 17887 (radio 4.-390% / 4.01% tx 2.-191% / 1.90% listen 2.-200% / 2.11%)
1620564758	ID:20	 207363 P 0.0 26 1584219 51496255 405482 701780 0 517335 36041 1930006 3825 18956 0 16817 (radio 2.-154% / 1.15% tx 0.76% / 0.19% listen 1.-49% / 0.96%)
1620580491	ID:10	 207363 P 0.0 26 1539502 51542287 435093 859996 0 680601 29565 1936427 1726 23775 0 22858 (radio 2.-199% / 1.29% tx 0.01% / 0.08% listen 1.-100% / 1.20%)
1620681175	ID:4	 207363 P 0.0 26 1696491 51384432 559468 693975 0 434663 57552 1908384 16575 25305 0 16127 (radio 2.-126% / 2.13% tx 1.-76% / 0.84% listen 1.-51% / 1.28%)
1620717096	ID:8	 207363 P 0.0 26 1242387 51839389 335560 562499 0 419649 35049 1930922 7314 15751 0 13455 (radio 1.-93% / 1.17% tx 0.63% / 0.37% listen 1.-75% / 0.80%)
1620780871	ID:14	 207363 P 0.0 26 1698482 51381126 619649 685143 0 385019 46404 1919479 14211 21462 0 14449 (radio 2.-197% / 1.81% tx 1.-65% / 0.72% listen 1.-52% / 1.09%)
1620813200	ID:7	 207363 P 0.0 26 1155359 51925125 289842 551248 0 432686 28428 1937516 3536 16193 0 14524 (radio 1.-23% / 1.00% tx 0.54% / 0.17% listen 1.-78% / 0.82%)
1620829346	ID:1	 207365 P 0.0 26 3101042 49980962 1400792 51679665 0 0 127456 1838402 61011 1904762 0 0 (radio 19.-1853% / 99.-8640% tx 2.-179% / 3.10% listen 16.-1574% / 96.-8650%)
1620837247	ID:15	 207363 P 0.0 26 3298660 49781508 1112547 1223099 0 452908 123372 1839430 44267 45946 0 15946 (radio 4.-365% / 4.59% tx 2.-153% / 2.25% listen 2.-132% / 2.34%)
1620845426	ID:17	 207364 P 0.0 26 2714134 50366416 1066820 1126158 0 637471 90349 1875856 34333 36617 0 20085 (radio 4.-392% / 3.60% tx 2.-161% / 1.74% listen 2.-150% / 1.86%)
1620912291	ID:6	 207363 P 0.0 26 1820683 51259830 504684 841275 0 572065 53888 1912021 13819 25233 0 18186 (radio 2.-190% / 1.98% tx 0.14% / 0.70% listen 1.-23% / 1.28%)
1620922423	ID:2	 207363 P 0.0 26 1271403 51809786 343471 594766 0 448310 46119 1919759 11557 19945 0 14401 (radio 1.-86% / 1.60% tx 0.64% / 0.58% listen 1.-69% / 1.01%)
1620933388	ID:10	[HFS] ra=0 si=0 cx=48 ac=0
1620939184	ID:10	[LIST] Neighbors: 19,25,17,16,9,24,29,30
1620942826	ID:10	[LIST] Quarantine: (none)
1620946322	ID:10	[LIST] Blacklist: (none)
1620952777	ID:10	FUZZRID,DET,9,1407,1407,0,0,0,0,0,0,22,0,0,0
1620955325	ID:22	 207363 P 0.0 26 1107796 51972313 314980 554388 0 416901 33229 1932721 7520 17695 0 14246 (radio 1.-99% / 1.28% tx 0.59% / 0.38% listen 1.-77% / 0.90%)
1621025343	ID:12	 207363 P 0.0 26 1320512 51759348 431572 585350 0 420197 33292 1932477 6032 17576 0 13788 (radio 1.-71% / 1.20% tx 0.00% / 0.30% listen 1.-71% / 0.89%)
1621042614	ID:9	 207363 P 0.0 26 1640205 51441736 537885 680448 0 438814 51803 1914134 16929 20031 0 13009 (radio 2.-133% / 1.88% tx 1.-80% / 0.86% listen 1.-53% / 1.01%)
1621084173	ID:24	 207363 P 0.0 26 2136500 50944302 892725 797042 0 403385 64701 1898856 23296 23499 0 12266 (radio 3.-225% / 2.38% tx 1.-94% / 1.18% listen 1.-31% / 1.19%)
1621136113	ID:5	 207363 P 0.0 26 1424948 51656466 443882 654351 0 477940 44940 1920885 12964 21593 0 14827 (radio 2.-155% / 1.75% tx 0.02% / 0.65% listen 1.-58% / 1.09%)
1621137636	ID:21	 207363 P 0.0 26 1380469 51702383 374385 697938 0 422716 52564 1913494 13448 27241 0 16718 (radio 2.-160% / 2.06% tx 0.70% / 0.68% listen 1.-50% / 1.38%)
1621140857	ID:13	 207363 P 0.0 26 803903 52275243 231532 458110 0 373361 24626 1941221 5267 15908 0 13361 (radio 1.-51% / 1.07% tx 0.43% / 0.26% listen 0.05% / 0.80%)
1621176772	ID:6	[PKT-TX] DATA bytes=13  seq=50 
1621319327	ID:1	[PKT-RX] DATA bytes=13 from=6 seq=50
1622106062	ID:21	[PKT-TX] DATA bytes=14  seq=50 
1622123547	ID:1	[PKT-RX] DATA bytes=14 from=21 seq=50
1622627616	ID:11	[PKT-TX] DATA bytes=14  seq=50 
1622691835	ID:1	[PKT-RX] DATA bytes=14 from=11 seq=50
1622893924	ID:4	[PKT-TX] DATA bytes=13  seq=50 
1622997350	ID:1	[PKT-RX] DATA bytes=13 from=4 seq=50
1623152598	ID:4	[PKT-RTT] seq=50,rtt_delay_ms=125
1623644069	ID:9	[HFS] ra=0 si=0 cx=49 ac=0
1623649278	ID:9	[LIST] Neighbors: 4,25,29,10,7,23,14
1623652915	ID:9	[LIST] Quarantine: (none)
1623656412	ID:9	[LIST] Blacklist: (none)
1623662538	ID:9	FUZZRID,DET,25,827,827,0,0,0,0,0,0,2,0,0,0
1623682789	ID:15	[HFS] ra=0 si=0 cx=49 ac=0
1623683569	ID:17	[HFS] ra=0 si=0 cx=49 ac=0
1623688304	ID:15	[LIST] Neighbors: 28,26,22,19,25,11,27
1623689543	ID:17	[LIST] Neighbors: 26,19,16,10,24,29,25,30
1623691941	ID:15	[LIST] Quarantine: (none)
1623693179	ID:17	[LIST] Quarantine: (none)
1623695438	ID:15	[LIST] Blacklist: (none)
1623696676	ID:17	[LIST] Blacklist: (none)
1623701548	ID:15	FUZZRID,DET,25,827,827,0,0,0,0,0,0,0,0,0,0
1623702768	ID:17	FUZZRID,DET,25,827,827,0,0,0,0,0,0,4,0,0,0
1627023437	ID:13	[PKT-TX] DATA bytes=14  seq=50 
1627298463	ID:12	[PKT-TX] DATA bytes=14  seq=50 
1627318762	ID:1	[PKT-RX] DATA bytes=14 from=13 seq=50
1628318753	ID:1	[PKT-RX] DATA bytes=14 from=12 seq=50
1628795501	ID:8	[PKT-TX] DATA bytes=13  seq=50 
1628880025	ID:23	[PKT-TX] DATA bytes=14  seq=50 
1629114030	ID:13	[PKT-RTT] seq=50,rtt_delay_ms=1039
1630999755	ID:12	[PKT-RTT] seq=50,rtt_delay_ms=1843
1631248191	ID:1	[PKT-RX] DATA bytes=14 from=23 seq=50
1631696993	ID:23	[PKT-RTT] seq=50,rtt_delay_ms=1406
1632061464	ID:1	[PKT-RX] DATA bytes=13 from=8 seq=50
1632390409	ID:9	[HFS] ra=0 si=0 cx=49 ac=0
1632395652	ID:9	[LIST] Neighbors: 4,25,29,10,7,23,14
1632399289	ID:9	[LIST] Quarantine: (none)
1632402786	ID:9	[LIST] Blacklist: (none)
1632408742	ID:9	FUZZRID,DET,4,773,773,0,0,0,0,0,0,8,0,0,0
1633128960	ID:20	[PKT-TX] DATA bytes=14  seq=50 
1633317411	ID:1	[PKT-RX] DATA bytes=14 from=20 seq=50
1634354492	ID:29	[ATK-FAKE-RANK]  true_rank=1429 fake_rank=1891 t=11720s
1634416151	ID:16	[HFS] ra=74 si=49 cx=49 ac=82
1634421801	ID:16	[LIST] Neighbors: 19,17,30,24,29,25,2,8
1634425438	ID:16	[LIST] Quarantine: (none)
1634428935	ID:16	[LIST] Blacklist: (none)
1634436762	ID:16	FUZZRID,DET,29,1891,1429,462,0,100,100,0,28,9,0,82,75
1635313307	ID:8	[PKT-RTT] seq=50,rtt_delay_ms=3257
1635759380	ID:2	[PKT-TX] DATA bytes=13  seq=50 
1636049838	ID:3	[HFS] ra=0 si=0 cx=49 ac=0
1636053501	ID:3	[LIST] Neighbors: 31,4,14
1636057139	ID:3	[LIST] Quarantine: (none)
1636060635	ID:3	[LIST] Blacklist: (none)
1636067092	ID:3	FUZZRID,DET,14,1104,1104,0,0,0,0,0,0,1,0,0,0
1636067816	ID:1	[PKT-RX] DATA bytes=13 from=2 seq=50
1636145108	ID:9	[HFS] ra=0 si=0 cx=49 ac=0
1636150317	ID:9	[LIST] Neighbors: 4,25,29,10,7,23,14
1636153955	ID:9	[LIST] Quarantine: (none)
1636157452	ID:9	[LIST] Blacklist: (none)
1636157800	ID:4	[HFS] ra=0 si=0 cx=49 ac=0
1636162877	ID:4	[LIST] Neighbors: 28,9,31,7,3,14,21
1636163908	ID:9	FUZZRID,DET,14,1104,1104,0,0,0,0,0,0,1,0,0,0
1636166514	ID:4	[LIST] Quarantine: (none)
1636170011	ID:4	[LIST] Blacklist: (none)
1636176467	ID:4	FUZZRID,DET,14,1104,1104,0,0,0,0,0,0,0,0,0,0
1636451445	ID:26	[ATK-FAKE-RANK]  true_rank=854 fake_rank=1209 t=11720s
1636500840	ID:29	[ATK-FAKE-RANK]  true_rank=1429 fake_rank=1911 t=11720s
1636540170	ID:7	[HFS] ra=74 si=49 cx=49 ac=82
1636544534	ID:7	[LIST] Neighbors: 4,23,29,9,14
1636548170	ID:7	[LIST] Quarantine: (none)
1636551667	ID:7	[LIST] Blacklist: (none)
1636559652	ID:7	FUZZRID,DET,29,1911,1429,482,0,100,100,4,28,10,0,82,55
1636643043	ID:9	[HFS] ra=74 si=49 cx=49 ac=82
1636648253	ID:9	[LIST] Neighbors: 4,25,29,10,7,23,14
1636651890	ID:9	[LIST] Quarantine: (none)
1636655387	ID:9	[LIST] Blacklist: (none)
1636663214	ID:9	FUZZRID,DET,29,1911,1429,482,0,100,100,0,28,9,0,82,75
1636713114	ID:5	[PKT-TX] DATA bytes=13  seq=50 
1637317905	ID:1	[PKT-RX] DATA bytes=13 from=5 seq=50
1637996133	ID:9	[PKT-TX] DATA bytes=13  seq=50 
1638035240	ID:19	[HFS] ra=74 si=49 cx=49 ac=82
1638041037	ID:19	[LIST] Neighbors: 15,26,17,30,20,5,25,16
1638044674	ID:19	[LIST] Quarantine: (none)
1638048170	ID:19	[LIST] Blacklist: (none)
1638055994	ID:19	FUZZRID,DET,26,1209,854,355,0,100,100,34,0,17,0,82,75
1638247712	ID:1	[PKT-RX] DATA bytes=13 from=9 seq=50
1639636299	ID:15	[PKT-TX] DATA bytes=14  seq=50 
1639694519	ID:1	[PKT-RX] DATA bytes=14 from=15 seq=50
1640162515	ID:14	[PKT-TX] DATA bytes=14  seq=50 
1640249231	ID:1	[PKT-RX] DATA bytes=14 from=14 seq=50
1641973583	ID:24	[PKT-TX] DATA bytes=14  seq=50 
1642191629	ID:1	[PKT-RX] DATA bytes=14 from=24 seq=50
1643535325	ID:17	[PKT-TX] DATA bytes=14  seq=50 
1643693235	ID:1	[PKT-RX] DATA bytes=14 from=17 seq=50
1643914858	ID:29	[ATK-FAKE-RANK]  true_rank=1419 fake_rank=1931 t=11720s
1644018291	ID:9	[HFS] ra=74 si=49 cx=49 ac=82
1644023501	ID:9	[LIST] Neighbors: 4,25,29,10,7,23,14
1644027138	ID:9	[LIST] Quarantine: (none)
1644030635	ID:9	[LIST] Blacklist: (none)
1644038630	ID:9	FUZZRID,DET,29,1931,1419,512,0,100,100,6,14,11,0,82,75
1644039605	ID:7	[HFS] ra=74 si=49 cx=49 ac=82
1644040045	ID:16	[HFS] ra=74 si=49 cx=49 ac=82
1644043975	ID:7	[LIST] Neighbors: 4,23,29,9,14
1644045695	ID:16	[LIST] Neighbors: 19,17,30,24,29,25,2,8
1644047612	ID:7	[LIST] Quarantine: (none)
1644049332	ID:16	[LIST] Quarantine: (none)
1644051108	ID:7	[LIST] Blacklist: (none)
1644052829	ID:16	[LIST] Blacklist: (none)
1644058124	ID:10	[HFS] ra=74 si=49 cx=49 ac=82
1644059074	ID:7	FUZZRID,DET,29,1931,1419,512,0,100,100,6,28,11,0,82,55
1644060973	ID:16	FUZZRID,DET,29,1931,1419,512,0,100,100,10,14,10,0,82,75
1644062317	ID:17	[HFS] ra=74 si=49 cx=49 ac=82
1644063920	ID:10	[LIST] Neighbors: 19,25,17,16,9,24,29,30
1644067557	ID:10	[LIST] Quarantine: (none)
1644068260	ID:17	[LIST] Neighbors: 26,19,16,10,24,29,25,30
1644071054	ID:10	[LIST] Blacklist: (none)
1644071897	ID:17	[LIST] Quarantine: (none)
1644075393	ID:17	[LIST] Blacklist: (none)
1644078916	ID:10	FUZZRID,DET,29,1931,1419,512,0,100,100,14,0,8,0,82,75
1644083081	ID:17	FUZZRID,DET,29,1931,1419,512,0,100,100,5,0,7,0,82,75
1644249367	ID:25	[PKT-TX] DATA bytes=14  seq=50 
1644315140	ID:1	[PKT-RX] DATA bytes=14 from=25 seq=50
1644406706	ID:16	[PKT-TX] DATA bytes=14  seq=50 
1644692252	ID:1	[PKT-RX] DATA bytes=14 from=16 seq=50
1644729973	ID:18	[PKT-TX] DATA bytes=14  seq=50 
1645069312	ID:1	[PKT-RX] DATA bytes=14 from=18 seq=50
1647163142	ID:3	[PKT-TX] DATA bytes=13  seq=50 
1647372536	ID:1	[PKT-RX] DATA bytes=13 from=3 seq=50
1647866579	ID:13	[HFS] ra=0 si=0 cx=49 ac=0
1647869962	ID:13	[LIST] Neighbors: 24,18
1647873599	ID:13	[LIST] Quarantine: (none)
1647877096	ID:13	[LIST] Blacklist: (none)
1647883550	ID:13	FUZZRID,DET,18,1736,1736,0,0,0,0,0,0,0,0,0,0
1648355235	ID:19	[PKT-TX] DATA bytes=14  seq=50 
1648392864	ID:10	[PKT-TX] DATA bytes=14  seq=50 
1648441855	ID:1	[PKT-RX] DATA bytes=14 from=19 seq=50
1648713825	ID:22	[PKT-TX] DATA bytes=14  seq=50 
1648758810	ID:1	[PKT-RX] DATA bytes=14 from=22 seq=50
1649780096	ID:19	[PKT-RTT] seq=50,rtt_delay_ms=710
1649966518	ID:30	[ATK-FAKE-RANK]  true_rank=1028 fake_rank=1496 t=11720s
1650022211	ID:2	[HFS] ra=74 si=49 cx=49 ac=82
1650026862	ID:2	[LIST] Neighbors: 16,5,30,6,12,8
1650030499	ID:2	[LIST] Quarantine: (none)
1650034007	ID:2	[LIST] Blacklist: (none)
1650041869	ID:2	FUZZRID,DET,30,1496,1028,468,0,100,100,43,0,1,0,82,75
1650265680	ID:7	[PKT-TX] DATA bytes=13  seq=50 
1650288502	ID:7	[HFS] ra=0 si=0 cx=49 ac=0
1650292859	ID:7	[LIST] Neighbors: 4,23,29,9,14
1650296496	ID:7	[LIST] Quarantine: (none)
1650299992	ID:7	[LIST] Blacklist: (none)
1650306447	ID:7	FUZZRID,DET,23,1737,1737,0,0,0,0,0,0,9,0,0,0
1650316588	ID:1	[PKT-RX] DATA bytes=14 from=10 seq=50
1650622021	ID:1	[PKT-RX] DATA bytes=13 from=7 seq=50
1651409859	ID:7	[PKT-RTT] seq=50,rtt_delay_ms=570
1657914035	ID:7	[HFS] ra=0 si=0 cx=49 ac=0
1657918415	ID:7	[LIST] Neighbors: 4,23,29,9,14
1657922052	ID:7	[LIST] Quarantine: (none)
1657925549	ID:7	[LIST] Blacklist: (none)
1657932003	ID:7	FUZZRID,DET,23,1737,1737,0,0,0,0,0,0,9,0,0,0
1659664859	ID:29	[ATK-FAKE-RANK]  true_rank=1419 fake_rank=1951 t=11720s
1659726887	ID:25	[HFS] ra=74 si=49 cx=49 ac=82
1659732684	ID:25	[LIST] Neighbors: 15,26,17,10,30,9,16,29
1659736321	ID:25	[LIST] Quarantine: (none)
1659739817	ID:25	[LIST] Blacklist: (none)
1659747923	ID:25	FUZZRID,DET,29,1951,1419,532,0,100,100,18,28,10,0,82,75
1659790099	ID:16	[HFS] ra=74 si=49 cx=49 ac=82
1659795749	ID:16	[LIST] Neighbors: 19,17,30,24,29,25,2,8
1659799386	ID:16	[LIST] Quarantine: (none)
1659802882	ID:16	[LIST] Blacklist: (none)
1659807724	ID:10	[HFS] ra=74 si=49 cx=49 ac=82
1659810888	ID:16	FUZZRID,DET,29,1951,1419,532,0,100,100,4,14,11,0,82,75
1659811675	ID:17	[HFS] ra=74 si=49 cx=49 ac=82
1659813521	ID:10	[LIST] Neighbors: 19,25,17,16,9,24,29,30
1659817158	ID:10	[LIST] Quarantine: (none)
1659817618	ID:17	[LIST] Neighbors: 26,19,16,10,24,29,25,30
1659820654	ID:10	[LIST] Blacklist: (none)
1659821255	ID:17	[LIST] Quarantine: (none)
1659824751	ID:17	[LIST] Blacklist: (none)
1659828520	ID:10	FUZZRID,DET,29,1951,1419,532,0,100,100,4,0,10,0,82,75
1659832473	ID:17	FUZZRID,DET,29,1951,1419,532,0,100,100,4,0,8,0,82,75
1660379687	ID:14	[HFS] ra=0 si=0 cx=49 ac=0
1660383799	ID:14	[LIST] Neighbors: 31,4,7,9,3
1660387435	ID:14	[LIST] Quarantine: (none)
1660390932	ID:14	[LIST] Blacklist: (none)
1660397249	ID:14	FUZZRID,DET,3,1103,1103,0,0,0,0,0,0,3,0,0,0
1662142042	ID:9	[HFS] ra=0 si=0 cx=49 ac=0
1662147252	ID:9	[LIST] Neighbors: 4,25,29,10,7,23,14
1662150889	ID:9	[LIST] Quarantine: (none)
1662154386	ID:9	[LIST] Blacklist: (none)
1662161004	ID:9	FUZZRID,DET,23,1595,1595,0,0,0,0,0,0,12,0,0,0
1662162618	ID:7	[HFS] ra=0 si=0 cx=49 ac=0
1662166975	ID:7	[LIST] Neighbors: 4,23,29,9,14
1662170612	ID:7	[LIST] Quarantine: (none)
1662174109	ID:7	[LIST] Blacklist: (none)
1662180706	ID:7	FUZZRID,DET,23,1595,1595,0,0,0,0,0,0,10,0,0,0
1662557355	ID:10	[HFS] ra=0 si=0 cx=49 ac=0
1662563151	ID:10	[LIST] Neighbors: 19,25,17,16,9,24,29,30
1662566788	ID:10	[LIST] Quarantine: (none)
1662570284	ID:10	[LIST] Blacklist: (none)
1662576737	ID:10	FUZZRID,DET,24,1322,1322,0,0,0,0,0,0,9,0,0,0
1662665317	ID:7	[HFS] ra=0 si=0 cx=49 ac=0
1662669674	ID:7	[LIST] Neighbors: 4,23,29,9,14
1662673311	ID:7	[LIST] Quarantine: (none)
1662676807	ID:7	[LIST] Blacklist: (none)
1662683264	ID:7	FUZZRID,DET,14,1104,1104,0,0,0,0,0,0,1,0,0,0
1668009908	ID:27	[ATK-FAKE-RANK]  true_rank=512 fake_rank=832 t=11720s
1670414267	ID:7	[HFS] ra=0 si=0 cx=49 ac=0
1670418624	ID:7	[LIST] Neighbors: 4,23,29,9,14
1670422261	ID:7	[LIST] Quarantine: (none)
1670425787	ID:7	[LIST] Blacklist: (none)
1670432240	ID:7	FUZZRID,DET,23,1617,1617,0,0,0,0,0,0,9,0,0,0
1678756201	ID:14	[HFS] ra=0 si=0 cx=49 ac=0
1678760278	ID:14	[LIST] Neighbors: 31,4,7,9,3
1678763915	ID:14	[LIST] Quarantine: (none)
1678767440	ID:14	[LIST] Blacklist: (none)
1678773755	ID:14	FUZZRID,DET,7,1046,1046,0,0,0,0,0,0,1,0,0,0
1680160192	ID:18	 215043 P 0.0 27 903669 54141005 275138 505601 0 379109 37732 1928062 14586 19285 0 12667 (radio 1.-37% / 1.72% tx 0.49% / 0.74% listen 0.13% / 0.98%)
1680287434	ID:16	 215055 P 0.0 27 1926499 53123121 555990 852977 0 595574 61727 1907287 14942 33981 0 23967 (radio 2.-179% / 2.48% tx 1.-78% / 0.75% listen 1.-24% / 1.72%)
1680326505	ID:3	 215043 P 0.0 27 984363 54063136 293363 557670 0 431859 35895 1930078 11988 19800 0 15161 (radio 1.-24% / 1.61% tx 0.53% / 0.60% listen 1.-77% / 1.00%)
1680348963	ID:23	 215043 P 0.0 27 959443 54085689 324201 498490 0 365543 69459 1896525 35622 24219 0 12490 (radio 1.-29% / 3.04% tx 0.58% / 1.81% listen 0.12% / 1.23%)
1680374445	ID:25	 215043 P 0.0 27 1797703 53247995 485183 871170 0 645205 56350 1909676 16047 31733 0 26038 (radio 2.-188% / 2.43% tx 0.10% / 0.81% listen 1.-98% / 1.61%)
1680417536	ID:11	 215043 P 0.0 27 1507328 53540358 439991 735814 0 510722 36309 1929694 6793 22535 0 18579 (radio 2.-143% / 1.49% tx 0.01% / 0.34% listen 1.-45% / 1.14%)
1680559258	ID:19	 215043 P 0.0 27 3710512 51335725 1375162 1332660 0 540835 99965 1866017 35198 42263 0 21960 (radio 4.-377% / 3.94% tx 2.-185% / 1.79% listen 2.-192% / 2.14%)
1680564730	ID:20	 215043 P 0.0 27 1624846 53421613 412721 723353 0 535059 40626 1925358 7239 21573 0 17724 (radio 2.-150% / 1.46% tx 0.74% / 0.36% listen 1.-47% / 1.09%)
1680580847	ID:10	 215043 P 0.0 27 1658276 53389515 490694 907891 0 703657 118772 1847228 55601 47895 0 23056 (radio 2.-181% / 5.26% tx 0.11% / 2.82% listen 1.-92% / 2.43%)
1680681189	ID:4	 215043 P 0.0 27 1782514 53264391 597941 724326 0 449125 86022 1879959 38473 30351 0 14462 (radio 2.-194% / 3.50% tx 1.-70% / 1.95% listen 1.-47% / 1.54%)
1680717364	ID:8	 215043 P 0.0 27 1287001 53760732 349957 585440 0 436475 44613 1921343 14397 22941 0 16826 (radio 1.-87% / 1.89% tx 0.63% / 0.73% listen 1.-72% / 1.16%)
1680754963	ID:14	[HFS] ra=0 si=0 cx=49 ac=0
1680759041	ID:14	[LIST] Neighbors: 31,4,7,9,3
1680762678	ID:14	[LIST] Quarantine: (none)
1680766187	ID:14	[LIST] Blacklist: (none)
1680772504	ID:14	FUZZRID,DET,3,1103,1103,0,0,0,0,0,0,4,0,0,0
1680781064	ID:4	[HFS] ra=0 si=0 cx=49 ac=0
1680786141	ID:4	[LIST] Neighbors: 28,9,31,7,3,14,21
1680789777	ID:4	[LIST] Quarantine: (none)
1680793274	ID:4	[LIST] Blacklist: (none)
1680799592	ID:4	FUZZRID,DET,3,1103,1103,0,0,0,0,0,0,3,0,0,0
1680809067	ID:14	 215046 P 0.0 27 1753752 53292695 638039 707649 0 399547 55268 1911569 18390 22506 0 14528 (radio 2.-190% / 2.07% tx 1.-63% / 0.93% listen 1.-50% / 1.14%)
1680813257	ID:7	 215043 P 0.0 27 1199992 53846368 297888 575755 0 452363 44631 1921243 8046 24507 0 19677 (radio 1.-98% / 1.65% tx 0.54% / 0.40% listen 1.-74% / 1.24%)
1680829043	ID:1	 215045 P 0.0 27 3172899 51875119 1428431 53617988 0 0 71855 1894157 27639 1938322 0 0 (radio 21.-2088% / 99.-8639% tx 2.-175% / 1.40% listen 19.-1835% / 98.-8680%)
1680833760	ID:15	 215043 P 0.0 27 3419910 51626085 1163324 1262849 0 467907 121249 1844577 50777 39750 0 14999 (radio 4.-350% / 4.60% tx 2.-145% / 2.58% listen 2.-127% / 2.02%)
1680834080	ID:17	 215043 P 0.0 27 2786368 52259684 1089846 1162023 0 662615 72233 1893268 23026 35865 0 25144 (radio 4.-382% / 2.99% tx 1.-59% / 1.17% listen 2.-145% / 1.82%)
1680892168	ID:9	[HFS] ra=0 si=0 cx=49 ac=0
1680897378	ID:9	[LIST] Neighbors: 4,25,29,10,7,23,14
1680901015	ID:9	[LIST] Quarantine: (none)
1680904512	ID:9	[LIST] Blacklist: (none)
1680911103	ID:9	FUZZRID,DET,23,1617,1617,0,0,0,0,0,0,12,0,0,0
1680912764	ID:7	[HFS] ra=0 si=0 cx=49 ac=0
1680914784	ID:6	 215043 P 0.0 27 1893077 53153258 531257 871342 0 589098 72393 1893428 26573 30067 0 17033 (radio 2.-180% / 2.88% tx 0.18% / 1.35% listen 1.-98% / 1.52%)
1680917134	ID:7	[LIST] Neighbors: 4,23,29,9,14
1680920771	ID:7	[LIST] Quarantine: (none)
1680922423	ID:2	 215043 P 0.0 27 1326603 53720395 362501 620824 0 464239 55198 1910609 19030 26058 0 15929 (radio 1.-78% / 2.29% tx 0.65% / 0.96% listen 1.-66% / 1.32%)
1680924267	ID:7	[LIST] Blacklist: (none)
1680929020	ID:22	[HFS] ra=0 si=0 cx=49 ac=0
1680930720	ID:7	FUZZRID,DET,23,1617,1617,0,0,0,0,0,0,5,0,0,0
1680933698	ID:22	[LIST] Neighbors: 15,26,11,20,27
1680937335	ID:22	[LIST] Quarantine: (none)
1680940832	ID:22	[LIST] Blacklist: (none)
1680946926	ID:22	FUZZRID,DET,15,512,512,0,0,0,0,0,0,4,0,0,0
1680982560	ID:22	 215046 P 0.0 27 1131978 53915009 315960 571479 0 432905 24180 1942696 980 17091 0 16004 (radio 1.-95% / 0.91% tx 0.57% / 0.04% listen 1.-75% / 0.86%)
1681025345	ID:12	 215043 P 0.0 27 1351486 53694116 437022 604794 0 436316 30973 1934768 5450 19444 0 16119 (radio 1.-67% / 1.26% tx 0.01% / 0.27% listen 1.-69% / 0.98%)
1681042626	ID:9	 215043 P 0.0 27 1699270 53348531 551872 709642 0 459488 59064 1906795 13987 29194 0 20674 (radio 2.-127% / 2.19% tx 1.-78% / 0.71% listen 1.-50% / 1.48%)
1681084165	ID:24	 215043 P 0.0 27 2196508 52850311 915269 823713 0 419557 60006 1906009 22544 26671 0 16172 (radio 3.-297% / 2.50% tx 1.-90% / 1.14% listen 1.-29% / 1.35%)
1681136095	ID:5	 215043 P 0.0 27 1473027 53574421 458836 680083 0 495605 48078 1917955 14954 25732 0 17665 (radio 2.-150% / 2.06% tx 0.05% / 0.76% listen 1.-55% / 1.30%)
1681137664	ID:21	 215043 P 0.0 27 1428438 53620423 388294 722036 0 437531 47967 1918040 13909 24098 0 14815 (radio 2.-155% / 1.93% tx 0.70% / 0.70% listen 1.-47% / 1.22%)
1681140555	ID:13	 215043 P 0.0 27 821265 54223919 231946 471953 0 386711 17360 1948676 414 13843 0 13350 (radio 1.-51% / 0.72% tx 0.42% / 0.02% listen 0.07% / 0.70%)
1684884278	ID:18	[HFS] ra=0 si=0 cx=49 ac=0
1684887696	ID:18	[LIST] Neighbors: 24,13
1684891333	ID:18	[LIST] Quarantine: (none)
1684894829	ID:18	[LIST] Blacklist: (none)
1684901283	ID:18	FUZZRID,DET,13,1709,1709,0,0,0,0,0,0,5,0,0,0
1685727027	ID:25	[HFS] ra=0 si=0 cx=49 ac=0
1685732823	ID:25	[LIST] Neighbors: 15,26,17,10,30,9,16,29
1685736460	ID:25	[LIST] Quarantine: (none)
1685739957	ID:25	[LIST] Blacklist: (none)
1685746445	ID:25	FUZZRID,DET,16,1110,1110,0,0,0,0,0,0,4,0,0,0
1692021475	ID:2	[HFS] ra=0 si=0 cx=49 ac=0
1692026126	ID:2	[LIST] Neighbors: 16,5,30,6,12,8
1692029762	ID:2	[LIST] Quarantine: (none)
1692033259	ID:2	[LIST] Blacklist: (none)
1692039713	ID:2	FUZZRID,DET,12,1338,1338,0,0,0,0,0,0,5,0,0,0
1692043033	ID:20	[HFS] ra=0 si=0 cx=49 ac=0
1692048683	ID:20	[LIST] Neighbors: 26,30,19,6,12,5,22,11
1692052320	ID:20	[LIST] Quarantine: (none)
1692055816	ID:20	[LIST] Blacklist: (none)
1692062306	ID:20	FUZZRID,DET,12,1338,1338,0,0,0,0,0,0,6,0,0,0
1692111335	ID:5	[HFS] ra=0 si=0 cx=49 ac=0
1692116157	ID:5	[LIST] Neighbors: 19,20,30,6,2,12
1692119794	ID:5	[LIST] Quarantine: (none)
1692123292	ID:5	[LIST] Blacklist: (none)
1692129746	ID:5	FUZZRID,DET,12,1338,1338,0,0,0,0,0,0,9,0,0,0
1692137872	ID:6	[HFS] ra=0 si=0 cx=49 ac=0
1692143522	ID:6	[LIST] Neighbors: 19,17,20,16,30,2,12,5
1692147158	ID:6	[LIST] Quarantine: (none)
1692150655	ID:6	[LIST] Blacklist: (none)
1692157109	ID:6	FUZZRID,DET,12,1338,1338,0,0,0,0,0,0,2,0,0,0
1694769076	ID:11	[HFS] ra=0 si=0 cx=49 ac=0
1694774166	ID:11	[LIST] Neighbors: 15,26,30,22,20,19
1694777803	ID:11	[LIST] Quarantine: (none)
1694781299	ID:11	[LIST] Blacklist: (none)
1694787402	ID:11	FUZZRID,DET,22,936,936,0,0,0,0,0,0,1,0,0,0
1694791391	ID:20	[HFS] ra=0 si=0 cx=49 ac=0
1694797041	ID:20	[LIST] Neighbors: 26,30,19,6,12,5,22,11
1694800692	ID:20	[LIST] Quarantine: (none)
1694804188	ID:20	[LIST] Blacklist: (none)
1694808125	ID:15	[HFS] ra=0 si=0 cx=49 ac=0
1694810283	ID:20	FUZZRID,DET,22,936,936,0,0,0,0,0,0,0,0,0,0
1694813641	ID:15	[LIST] Neighbors: 28,26,22,19,25,11,27
1694817278	ID:15	[LIST] Quarantine: (none)
1694820775	ID:15	[LIST] Blacklist: (none)
1694826869	ID:15	FUZZRID,DET,22,936,936,0,0,0,0,0,0,0,0,0,0
1695008609	ID:29	[ATK-FAKE-RANK]  true_rank=1419 fake_rank=1971 t=11720s
1695225067	ID:25	[HFS] ra=74 si=49 cx=49 ac=82
1695230866	ID:25	[LIST] Neighbors: 15,26,17,10,30,9,16,29
1695234503	ID:25	[LIST] Quarantine: (none)
1695237999	ID:25	[LIST] Blacklist: (none)
1695245989	ID:25	FUZZRID,DET,29,1971,1419,552,0,100,100,4,28,12,0,82,75
1695266577	ID:9	[HFS] ra=74 si=49 cx=49 ac=82
1695271808	ID:9	[LIST] Neighbors: 4,25,29,10,7,23,14
1695275444	ID:9	[LIST] Quarantine: (none)
1695278941	ID:9	[LIST] Blacklist: (none)
1695286909	ID:9	FUZZRID,DET,29,1971,1419,552,0,100,100,8,14,12,0,82,75
1695288032	ID:7	[HFS] ra=74 si=49 cx=49 ac=82
1695288440	ID:16	[HFS] ra=74 si=49 cx=49 ac=82
1695292389	ID:7	[LIST] Neighbors: 4,23,29,9,14
1695294090	ID:16	[LIST] Neighbors: 19,17,30,24,29,25,2,8
1695296026	ID:7	[LIST] Quarantine: (none)
1695297727	ID:16	[LIST] Quarantine: (none)
1695299529	ID:7	[LIST] Blacklist: (none)
1695301223	ID:16	[LIST] Blacklist: (none)
1695306007	ID:10	[HFS] ra=74 si=49 cx=49 ac=82
1695307496	ID:7	FUZZRID,DET,29,1971,1419,552,0,100,100,8,14,12,0,82,55
1695309085	ID:16	FUZZRID,DET,29,1971,1419,552,0,100,100,4,0,12,0,82,75
1695309876	ID:17	[HFS] ra=74 si=49 cx=49 ac=82
1695311804	ID:10	[LIST] Neighbors: 19,25,17,16,9,24,29,30
1695315448	ID:10	[LIST] Quarantine: (none)
1695315819	ID:17	[LIST] Neighbors: 26,19,16,10,24,29,25,30
1695318945	ID:10	[LIST] Blacklist: (none)
1695319490	ID:17	[LIST] Quarantine: (none)
1695322986	ID:17	[LIST] Blacklist: (none)
1695326773	ID:10	FUZZRID,DET,29,1971,1419,552,0,100,100,4,0,11,0,82,75
1695330675	ID:17	FUZZRID,DET,29,1971,1419,552,0,100,100,4,0,9,0,82,75
1699312753	ID:28	[ATK-FAKE-RANK]  true_rank=512 fake_rank=892 t=11720s
1702310337	ID:26	[ATK-FAKE-RANK]  true_rank=854 fake_rank=1229 t=11720s
1702394957	ID:11	[HFS] ra=74 si=49 cx=49 ac=82
1702400047	ID:11	[LIST] Neighbors: 15,26,30,22,20,19
1702403684	ID:11	[LIST] Quarantine: (none)
1702407181	ID:11	[LIST] Blacklist: (none)
1702414826	ID:11	FUZZRID,DET,26,1229,854,375,0,100,100,46,0,0,0,82,75
1704236198	ID:21	[HFS] ra=0 si=0 cx=49 ac=0
1704239863	ID:21	[LIST] Neighbors: 28,4,31
1704243499	ID:21	[LIST] Quarantine: (none)
1704246996	ID:21	[LIST] Blacklist: (none)
1704253088	ID:21	FUZZRID,DET,4,812,812,0,0,0,0,0,0,17,0,0,0
1704257734	ID:14	[HFS] ra=0 si=0 cx=49 ac=0
1704261812	ID:14	[LIST] Neighbors: 31,4,7,9,3
1704265482	ID:14	[LIST] Quarantine: (none)
1704266273	ID:9	[HFS] ra=0 si=0 cx=49 ac=0
1704268979	ID:14	[LIST] Blacklist: (none)
1704271483	ID:9	[LIST] Neighbors: 4,25,29,10,7,23,14
1704274932	ID:14	FUZZRID,DET,4,812,812,0,0,0,0,0,0,8,0,0,0
1704275120	ID:9	[LIST] Quarantine: (none)
1704278617	ID:9	[LIST] Blacklist: (none)
1704284600	ID:9	FUZZRID,DET,4,812,812,0,0,0,0,0,0,8,0,0,0
1704287207	ID:7	[HFS] ra=0 si=0 cx=48 ac=0
1704291591	ID:7	[LIST] Neighbors: 4,23,29,9,14
1704295228	ID:7	[LIST] Quarantine: (none)
1704298724	ID:7	[LIST] Blacklist: (none)
1704300100	ID:3	[HFS] ra=0 si=0 cx=49 ac=0
1704303765	ID:3	[LIST] Neighbors: 31,4,14
1704304816	ID:7	FUZZRID,DET,4,812,812,0,0,0,0,0,0,21,0,0,0
1704307402	ID:3	[LIST] Quarantine: (none)
1704310898	ID:3	[LIST] Blacklist: (none)
1704316990	ID:3	FUZZRID,DET,4,812,812,0,0,0,0,0,0,17,0,0,0
1706100560	ID:31	[ATK-FAKE-RANK]  true_rank=804 fake_rank=1108 t=11720s
1706175918	ID:3	[HFS] ra=74 si=49 cx=49 ac=82
1706179616	ID:3	[LIST] Neighbors: 31,4,14
1706183253	ID:3	[LIST] Quarantine: (none)
1706186750	ID:3	[LIST] Blacklist: (none)
1706194396	ID:3	FUZZRID,DET,31,1108,804,304,0,100,100,11,0,3,0,82,75
1708392143	ID:9	[HFS] ra=0 si=0 cx=49 ac=0
1708397367	ID:9	[LIST] Neighbors: 4,25,29,10,7,23,14
1708401004	ID:9	[LIST] Quarantine: (none)
1708404501	ID:9	[LIST] Blacklist: (none)
1708411092	ID:9	FUZZRID,DET,23,1617,1617,0,0,0,0,0,0,12,0,0,0
1708412742	ID:7	[HFS] ra=0 si=0 cx=49 ac=0
1708417112	ID:7	[LIST] Neighbors: 4,23,29,9,14
1708420749	ID:7	[LIST] Quarantine: (none)
1708424250	ID:7	[LIST] Blacklist: (none)
1708430702	ID:7	FUZZRID,DET,23,1617,1617,0,0,0,0,0,0,4,0,0,0
1708557881	ID:24	[HFS] ra=0 si=0 cx=49 ac=0
1708562825	ID:24	[LIST] Neighbors: 17,16,18,10,13,8
1708566461	ID:24	[LIST] Quarantine: (none)
1708569958	ID:24	[LIST] Blacklist: (none)
1708576417	ID:24	FUZZRID,DET,18,1736,1736,0,0,0,0,0,0,1,0,0,0
1708737191	ID:5	[HFS] ra=0 si=0 cx=49 ac=0
1708741997	ID:5	[LIST] Neighbors: 19,20,30,6,2,12
1708745633	ID:5	[LIST] Quarantine: (none)
1708749130	ID:5	[LIST] Blacklist: (none)
1708755585	ID:5	FUZZRID,DET,20,1076,1076,0,0,0,0,0,0,7,0,0,0
1711195229	ID:8	[HFS] ra=0 si=0 cx=49 ac=0
1711200026	ID:8	[LIST] Neighbors: 17,16,30,6,2,24
1711203663	ID:8	[LIST] Quarantine: (none)
1711207160	ID:8	[LIST] Blacklist: (none)
1711213505	ID:8	FUZZRID,DET,2,1412,1412,0,0,0,0,0,0,0,0,0,0
1715874248	ID:28	[ATK-FAKE-RANK]  true_rank=512 fake_rank=912 t=11720s
1715896027	ID:1	[HFS] ra=74 si=49 cx=49 ac=82
1715900264	ID:1	[LIST] Neighbors: 21,27,28,15
1715903901	ID:1	[LIST] Quarantine: (none)
1715904826	ID:4	[HFS] ra=74 si=49 cx=49 ac=82
1715907398	ID:1	[LIST] Blacklist: (none)
1715909920	ID:4	[LIST] Neighbors: 28,9,31,7,3,14,21
1715913557	ID:4	[LIST] Quarantine: (none)
1715914863	ID:1	FUZZRID,DET,28,912,512,400,0,100,100,57,0,0,0,82,75
1715917055	ID:4	[LIST] Blacklist: (none)
1715924543	ID:4	FUZZRID,DET,28,912,512,400,0,100,100,10,0,2,0,82,75
1715934938	ID:15	[HFS] ra=74 si=49 cx=49 ac=82
1715940454	ID:15	[LIST] Neighbors: 28,26,22,19,25,11,27
1715944091	ID:15	[LIST] Quarantine: (none)
1715947588	ID:15	[LIST] Blacklist: (none)
1715955092	ID:15	FUZZRID,DET,28,912,512,400,0,100,100,26,0,0,0,82,75
1715989891	ID:21	[HFS] ra=74 si=49 cx=49 ac=82
1715993555	ID:21	[LIST] Neighbors: 28,4,31
1715997226	ID:21	[LIST] Quarantine: (none)
1716000723	ID:21	[LIST] Blacklist: (none)
1716008189	ID:21	FUZZRID,DET,28,912,512,400,0,100,100,15,0,0,0,82,75
1718644780	ID:9	[HFS] ra=0 si=0 cx=49 ac=0
1718649990	ID:9	[LIST] Neighbors: 4,25,29,10,7,23,14
1718653627	ID:9	[LIST] Quarantine: (none)
1718657124	ID:9	[LIST] Blacklist: (none)
1718663613	ID:9	FUZZRID,DET,10,1148,1148,0,0,0,0,0,0,6,0,0,0
1718682753	ID:24	[HFS] ra=0 si=0 cx=49 ac=0
1718682954	ID:17	[HFS] ra=0 si=0 cx=49 ac=0
1718687696	ID:24	[LIST] Neighbors: 17,16,18,10,13,8
1718688897	ID:17	[LIST] Neighbors: 26,19,16,10,24,29,25,30
1718691333	ID:24	[LIST] Quarantine: (none)
1718692533	ID:17	[LIST] Quarantine: (none)
1718694864	ID:24	[LIST] Blacklist: (none)
1718696030	ID:17	[LIST] Blacklist: (none)
1718701319	ID:24	FUZZRID,DET,10,1148,1148,0,0,0,0,0,0,6,0,0,0
1718702485	ID:17	FUZZRID,DET,10,1148,1148,0,0,0,0,0,0,6,0,0,0
1729639110	ID:6	[HFS] ra=0 si=0 cx=49 ac=0
1729644760	ID:6	[LIST] Neighbors: 19,17,20,16,30,2,12,5
1729648399	ID:6	[LIST] Quarantine: (none)
1729651896	ID:6	[LIST] Blacklist: (none)
1729658350	ID:6	FUZZRID,DET,12,1338,1338,0,0,0,0,0,0,2,0,0,0
1736307001	ID:22	[HFS] ra=0 si=0 cx=49 ac=0
1736311664	ID:22	[LIST] Neighbors: 15,26,11,20,27
1736315301	ID:22	[LIST] Quarantine: (none)
1736318797	ID:22	[LIST] Blacklist: (none)
1736324888	ID:22	FUZZRID,DET,11,800,800,0,0,0,0,0,0,0,0,0,0
1740159888	ID:18	 222723 P 0.0 28 922073 56088363 277044 518055 0 390758 18403 1947358 1906 12454 0 11649 (radio 1.-36% / 0.73% tx 0.48% / 0.09% listen 0.15% / 0.63%)
1740188338	ID:16	 222723 P 0.0 28 1970036 55042441 561726 870005 0 609148 43536 1919320 5736 17028 0 13574 (radio 2.-175% / 1.15% tx 0.23% / 0.29% listen 1.-99% / 0.86%)
1740326503	ID:3	 222723 P 0.0 28 1012972 56000521 299713 572696 0 444683 28608 1937385 6350 15026 0 12824 (radio 1.-98% / 1.08% tx 0.52% / 0.32% listen 1.-75% / 0.76%)
1740348695	ID:23	 222723 P 0.0 28 983507 56027699 330249 510846 0 377755 24063 1942010 6048 12356 0 12212 (radio 1.-28% / 0.93% tx 0.57% / 0.30% listen 0.14% / 0.62%)
1740374181	ID:25	 222723 P 0.0 28 1840088 55171624 490396 890193 0 660672 42384 1923629 5213 19023 0 15467 (radio 2.-184% / 1.23% tx 0.10% / 0.26% listen 1.-95% / 0.96%)
1740417511	ID:11	 222723 P 0.0 28 1541573 55472145 444618 752757 0 524957 34244 1931787 4627 16943 0 14235 (radio 2.-141% / 1.09% tx 0.02% / 0.23% listen 1.-44% / 0.86%)
1740564757	ID:20	 222723 P 0.0 28 1664502 55347950 417843 741186 0 549852 39654 1926337 5122 17833 0 14793 (radio 2.-148% / 1.16% tx 0.73% / 0.26% listen 1.-46% / 0.90%)
1740566354	ID:19	 222723 P 0.0 28 3766921 53245535 1387335 1355853 0 555531 56408 1909810 12173 23193 0 14696 (radio 4.-371% / 1.79% tx 2.-183% / 0.61% listen 2.-189% / 1.17%)
1740580357	ID:10	 222723 P 0.0 28 1692497 55321244 495170 923149 0 718040 34220 1931729 4476 15258 0 14383 (radio 2.-178% / 1.00% tx 0.11% / 0.22% listen 1.-89% / 0.77%)
1740681201	ID:4	 222723 P 0.0 28 1831654 55180990 611303 743851 0 462489 49139 1916599 13362 19525 0 13364 (radio 2.-189% / 1.67% tx 1.-69% / 0.67% listen 1.-45% / 0.99%)
1740717074	ID:8	 222723 P 0.0 28 1315776 55697934 353317 600250 0 449053 28774 1937202 3360 14810 0 12578 (radio 1.-84% / 0.92% tx 0.61% / 0.17% listen 1.-71% / 0.75%)
1740780889	ID:14	 222723 P 0.0 28 1798486 55213008 650654 724816 0 412451 44732 1920313 12615 17167 0 12904 (radio 2.-185% / 1.51% tx 1.-62% / 0.64% listen 1.-49% / 0.87%)
1740813241	ID:7	 222723 P 0.0 28 1233358 55779048 301633 591181 0 465073 33365 1932680 3745 15426 0 12710 (radio 1.-95% / 0.97% tx 0.52% / 0.19% listen 1.-72% / 0.78%)
1740828990	ID:1	 222725 P 0.0 28 3204303 53809666 1431854 55580644 0 0 31402 1934547 3423 1962655 0 0 (radio 24.-2345% / 100.-8739% tx 2.-175% / 0.17% listen 22.-2170% / 99.-8656%)
1740836916	ID:15	 222723 P 0.0 28 3475800 53536247 1174102 1282210 0 482018 55888 1910162 10778 19361 0 14111 (radio 4.-346% / 1.53% tx 2.-145% / 0.54% listen 2.-126% / 0.98%)
1740838320	ID:17	 222723 P 0.0 28 2824703 54187513 1092911 1178782 0 677491 38333 1927829 3065 16759 0 14876 (radio 3.-279% / 1.00% tx 1.-59% / 0.15% listen 2.-144% / 0.85%)
1740912053	ID:6	 222723 P 0.0 28 1938244 55073914 539251 889517 0 603036 45166 1920656 7994 18175 0 13938 (radio 2.-176% / 1.33% tx 0.19% / 0.40% listen 1.-95% / 0.92%)
1740922160	ID:2	 222723 P 0.0 28 1359446 55653412 367978 636281 0 476970 32841 1933017 5477 15457 0 12731 (radio 1.-75% / 1.06% tx 0.64% / 0.27% listen 1.-64% / 0.78%)
1740955627	ID:22	 222723 P 0.0 28 1176479 55835525 329916 589989 0 445305 44500 1920516 13956 18510 0 12400 (radio 1.-90% / 1.65% tx 0.57% / 0.71% listen 1.-72% / 0.94%)
1741025351	ID:12	 222723 P 0.0 28 1387164 55624124 446816 620358 0 448641 35677 1930008 9794 15564 0 12325 (radio 1.-64% / 1.29% tx 0.03% / 0.49% listen 1.-67% / 0.79%)
1741041833	ID:9	 222723 P 0.0 28 1739498 55274358 558419 727218 0 473089 40227 1925827 6547 17576 0 13601 (radio 2.-126% / 1.22% tx 0.22% / 0.33% listen 1.-48% / 0.89%)
1741083946	ID:24	 222723 P 0.0 28 2230241 54782568 919677 838341 0 431564 33732 1932257 4408 14628 0 12007 (radio 3.-293% / 0.96% tx 1.-90% / 0.22% listen 1.-29% / 0.74%)
1741135871	ID:5	 222723 P 0.0 28 1504405 55509101 462126 696345 0 509177 31376 1934680 3290 16262 0 13572 (radio 2.-148% / 0.99% tx 0.05% / 0.16% listen 1.-54% / 0.82%)
1741137197	ID:21	 222723 P 0.0 28 1467286 55547433 396629 738087 0 450158 38847 1927010 8335 16051 0 12627 (radio 1.-52% / 1.24% tx 0.69% / 0.42% listen 1.-46% / 0.81%)
1741140871	ID:13	 222723 P 0.0 28 843780 56167481 236723 485980 0 398513 22513 1943562 4777 14027 0 11802 (radio 1.-49% / 0.95% tx 0.41% / 0.24% listen 0.09% / 0.71%)
1743573598	ID:23	[HFS] ra=0 si=0 cx=49 ac=0
1743576689	ID:23	[LIST] Neighbors: 7,9
1743580326	ID:23	[LIST] Quarantine: (none)
1743583823	ID:23	[LIST] Blacklist: (none)
1743590173	ID:23	FUZZRID,DET,7,1079,1079,0,0,0,0,0,0,3,0,0,0
1744430484	ID:29	[ATK-FAKE-RANK]  true_rank=1419 fake_rank=1991 t=11720s
1744475424	ID:25	[HFS] ra=74 si=49 cx=49 ac=82
1744481221	ID:25	[LIST] Neighbors: 15,26,17,10,30,9,16,29
1744484858	ID:25	[LIST] Quarantine: (none)
1744488354	ID:25	[LIST] Blacklist: (none)
1744496321	ID:25	FUZZRID,DET,29,1991,1419,572,0,100,100,4,28,13,0,82,75
1744517031	ID:9	[HFS] ra=74 si=49 cx=49 ac=82
1744522241	ID:9	[LIST] Neighbors: 4,25,29,10,7,23,14
1744525878	ID:9	[LIST] Quarantine: (none)
1744529375	ID:9	[LIST] Blacklist: (none)
1744537064	ID:9	FUZZRID,DET,29,1991,1419,572,0,100,100,4,0,8,0,82,75
1744538318	ID:7	[HFS] ra=74 si=49 cx=49 ac=82
1744538650	ID:16	[HFS] ra=74 si=49 cx=49 ac=82
1744542675	ID:7	[LIST] Neighbors: 4,23,29,9,14
1744544300	ID:16	[LIST] Neighbors: 19,17,30,24,29,25,2,8
1744546312	ID:7	[LIST] Quarantine: (none)
1744547937	ID:16	[LIST] Quarantine: (none)
1744549808	ID:7	[LIST] Blacklist: (none)
1744551434	ID:16	[LIST] Blacklist: (none)
1744556155	ID:10	[HFS] ra=74 si=49 cx=49 ac=82
1744557636	ID:7	FUZZRID,DET,29,1991,1419,572,0,100,100,4,0,13,0,82,55
1744559122	ID:16	FUZZRID,DET,29,1991,1419,572,0,100,100,4,0,5,0,82,75
1744560278	ID:17	[HFS] ra=74 si=49 cx=49 ac=82
1744561951	ID:10	[LIST] Neighbors: 19,25,17,16,9,24,29,30
1744565588	ID:10	[LIST] Quarantine: (none)
1744566221	ID:17	[LIST] Neighbors: 26,19,16,10,24,29,25,30
1744569085	ID:10	[LIST] Blacklist: (none)
1744569858	ID:17	[LIST] Quarantine: (none)
1744573354	ID:17	[LIST] Blacklist: (none)
1744576951	ID:10	FUZZRID,DET,29,1991,1419,572,0,100,100,4,0,11,0,82,75
1744581214	ID:17	FUZZRID,DET,29,1991,1419,572,0,100,100,4,0,10,0,82,75
1752414246	ID:16	[HFS] ra=0 si=0 cx=49 ac=0
1752419896	ID:16	[LIST] Neighbors: 19,17,30,24,29,25,2,8
1752423545	ID:16	[LIST] Quarantine: (none)
1752427042	ID:16	[LIST] Blacklist: (none)
1752433358	ID:16	FUZZRID,DET,8,1490,1490,0,0,0,0,0,0,0,0,0,0
1753393850	ID:9	[HFS] ra=0 si=0 cx=49 ac=0
1753399059	ID:9	[LIST] Neighbors: 4,25,29,10,7,23,14
1753402696	ID:9	[LIST] Quarantine: (none)
1753406194	ID:9	[LIST] Blacklist: (none)
1753412679	ID:9	FUZZRID,DET,23,1611,1611,0,0,0,0,0,0,6,0,0,0
1753414202	ID:7	[HFS] ra=0 si=0 cx=49 ac=0
1753418559	ID:7	[LIST] Neighbors: 4,23,29,9,14
1753422196	ID:7	[LIST] Quarantine: (none)
1753425692	ID:7	[LIST] Blacklist: (none)
1753432145	ID:7	FUZZRID,DET,23,1611,1611,0,0,0,0,0,0,4,0,0,0
1758317099	ID:8	[HFS] ra=0 si=0 cx=49 ac=0
1758321896	ID:8	[LIST] Neighbors: 17,16,30,6,2,24
1758325533	ID:8	[LIST] Quarantine: (none)
1758329030	ID:8	[LIST] Blacklist: (none)
1758335487	ID:8	FUZZRID,DET,17,1024,1024,0,0,0,0,0,0,3,0,0,0
1760652691	ID:30	[ATK-FAKE-RANK]  true_rank=1028 fake_rank=1516 t=11720s
1760681414	ID:10	[HFS] ra=74 si=49 cx=49 ac=82
1760687211	ID:10	[LIST] Neighbors: 19,25,17,16,9,24,29,30
1760690868	ID:10	[LIST] Quarantine: (none)
1760694364	ID:10	[LIST] Blacklist: (none)
1760702191	ID:10	FUZZRID,DET,30,1516,1028,488,0,100,100,47,0,2,0,82,75
1762431203	ID:29	[ATK-FAKE-RANK]  true_rank=1419 fake_rank=2011 t=11720s
1762557240	ID:10	[HFS] ra=74 si=49 cx=49 ac=82
1762563037	ID:10	[LIST] Neighbors: 19,25,17,16,9,24,29,30
1762566707	ID:10	[LIST] Quarantine: (none)
1762570204	ID:10	[LIST] Blacklist: (none)
1762578031	ID:10	FUZZRID,DET,29,2011,1419,592,0,100,100,4,0,12,0,82,75
1764267732	ID:9	[HFS] ra=0 si=0 cx=49 ac=0
1764272941	ID:9	[LIST] Neighbors: 4,25,29,10,7,23,14
1764276578	ID:9	[LIST] Quarantine: (none)
1764280075	ID:9	[LIST] Blacklist: (none)
1764286560	ID:9	FUZZRID,DET,23,1611,1611,0,0,0,0,0,0,6,0,0,0
1768178344	ID:3	[HFS] ra=0 si=0 cx=49 ac=0
1768182009	ID:3	[LIST] Neighbors: 31,4,14
1768185646	ID:3	[LIST] Quarantine: (none)
1768189142	ID:3	[LIST] Blacklist: (none)
1768195610	ID:3	FUZZRID,DET,14,1129,1129,0,0,0,0,0,0,1,0,0,0
1769166943	ID:20	[HFS] ra=0 si=0 cx=49 ac=0
1769172593	ID:20	[LIST] Neighbors: 26,30,19,6,12,5,22,11
1769176251	ID:20	[LIST] Quarantine: (none)
1769179748	ID:20	[LIST] Blacklist: (none)
1769185842	ID:20	FUZZRID,DET,19,776,776,0,0,0,0,0,0,0,0,0,0
1771943937	ID:8	[HFS] ra=0 si=0 cx=49 ac=0
1771948734	ID:8	[LIST] Neighbors: 17,16,30,6,2,24
1771952395	ID:8	[LIST] Quarantine: (none)
1771955892	ID:8	[LIST] Blacklist: (none)
1771962345	ID:8	FUZZRID,DET,24,1320,1320,0,0,0,0,0,0,9,0,0,0
1775266873	ID:9	[HFS] ra=0 si=0 cx=49 ac=0
1775272087	ID:9	[LIST] Neighbors: 4,25,29,10,7,23,14
1775275724	ID:9	[LIST] Quarantine: (none)
1775279221	ID:9	[LIST] Blacklist: (none)
1775285314	ID:9	FUZZRID,DET,25,831,831,0,0,0,0,0,0,2,0,0,0
1779426164	ID:26	[ATK-FAKE-RANK]  true_rank=854 fake_rank=1249 t=11720s
1779473913	ID:25	[HFS] ra=74 si=49 cx=49 ac=82
1779479710	ID:25	[LIST] Neighbors: 15,26,17,10,30,9,16,29
1779483346	ID:25	[LIST] Quarantine: (none)
1779486843	ID:25	[LIST] Blacklist: (none)
1779494508	ID:25	FUZZRID,DET,26,1249,854,395,0,100,100,61,0,1,0,82,75
1779516323	ID:11	[HFS] ra=74 si=49 cx=49 ac=82
1779521447	ID:11	[LIST] Neighbors: 15,26,30,22,20,19
1779525084	ID:11	[LIST] Quarantine: (none)
1779528610	ID:11	[LIST] Blacklist: (none)
1779534296	ID:19	[HFS] ra=74 si=49 cx=49 ac=82
1779536141	ID:11	FUZZRID,DET,26,1249,854,395,0,100,100,5,0,0,0,82,75
1779540095	ID:19	[LIST] Neighbors: 15,26,17,30,20,5,25,16
1779542458	ID:20	[HFS] ra=74 si=49 cx=49 ac=82
1779543752	ID:19	[LIST] Quarantine: (none)
1779547248	ID:19	[LIST] Blacklist: (none)
1779548108	ID:20	[LIST] Neighbors: 26,30,19,6,12,5,22,11
1779551745	ID:20	[LIST] Quarantine: (none)
1779554802	ID:22	[HFS] ra=74 si=49 cx=49 ac=82
1779554895	ID:19	FUZZRID,DET,26,1249,854,395,0,100,100,7,0,17,0,82,75
1779555241	ID:20	[LIST] Blacklist: (none)
1779559499	ID:22	[LIST] Neighbors: 15,26,11,20,27
1779560466	ID:17	[HFS] ra=74 si=49 cx=49 ac=82
1779562887	ID:20	FUZZRID,DET,26,1249,854,395,0,100,100,41,0,2,0,82,75
1779563136	ID:22	[LIST] Quarantine: (none)
1779566408	ID:17	[LIST] Neighbors: 26,19,16,10,24,29,25,30
1779566632	ID:22	[LIST] Blacklist: (none)
1779570049	ID:17	[LIST] Quarantine: (none)
1779573546	ID:17	[LIST] Blacklist: (none)
1779574297	ID:22	FUZZRID,DET,26,1249,854,395,0,100,100,41,0,2,0,82,75
1779581192	ID:17	FUZZRID,DET,26,1249,854,395,0,100,100,22,0,3,0,82,75
1781236098	ID:5	[HFS] ra=0 si=0 cx=49 ac=0
1781240895	ID:5	[LIST] Neighbors: 19,20,30,6,2,12
1781244532	ID:5	[LIST] Quarantine: (none)
1781248028	ID:5	[LIST] Blacklist: (none)
1781254363	ID:5	FUZZRID,DET,6,1069,1069,0,0,0,0,0,0,6,0,0,0
1783279620	ID:4	[HFS] ra=0 si=0 cx=49 ac=0
1783284697	ID:4	[LIST] Neighbors: 28,9,31,7,3,14,21
1783288334	ID:4	[LIST] Quarantine: (none)
1783291831	ID:4	[LIST] Blacklist: (none)
1783298290	ID:4	FUZZRID,DET,9,1368,1368,0,0,0,0,0,0,18,0,0,0
1786131597	ID:14	[HFS] ra=0 si=0 cx=49 ac=0
1786135675	ID:14	[LIST] Neighbors: 31,4,7,9,3
1786139312	ID:14	[LIST] Quarantine: (none)
1786142808	ID:14	[LIST] Blacklist: (none)
1786148765	ID:14	FUZZRID,DET,4,799,799,0,0,0,0,0,0,8,0,0,0
1790058727	ID:15	[HFS] ra=0 si=0 cx=49 ac=0
1790064242	ID:15	[LIST] Neighbors: 28,26,22,19,25,11,27
1790067897	ID:15	[LIST] Quarantine: (none)
1790071394	ID:15	[LIST] Blacklist: (none)
1790077527	ID:15	FUZZRID,DET,22,919,919,0,0,0,0,0,0,0,0,0,0
1791365848	ID:13	[HFS] ra=0 si=0 cx=49 ac=0
1791369237	ID:13	[LIST] Neighbors: 24,18
1791372874	ID:13	[LIST] Quarantine: (none)
1791376370	ID:13	[LIST] Blacklist: (none)
1791382824	ID:13	FUZZRID,DET,18,1729,1729,0,0,0,0,0,0,0,0,0,0
1791499024	ID:31	[ATK-FAKE-RANK]  true_rank=793 fake_rank=1128 t=11720s
1791530613	ID:4	[HFS] ra=74 si=49 cx=49 ac=82
1791535690	ID:4	[LIST] Neighbors: 28,9,31,7,3,14,21
1791539327	ID:4	[LIST] Quarantine: (none)
1791542851	ID:4	[LIST] Blacklist: (none)
1791550528	ID:4	FUZZRID,DET,31,1128,793,335,0,100,100,14,0,2,0,82,75
1795510309	ID:18	[HFS] ra=0 si=0 cx=49 ac=0
1795513694	ID:18	[LIST] Neighbors: 24,13
1795517331	ID:18	[LIST] Quarantine: (none)
1795520828	ID:18	[LIST] Blacklist: (none)
1795527281	ID:18	FUZZRID,DET,13,1699,1699,0,0,0,0,0,0,5,0,0,0
1800159934	ID:18	 230403 P 0.0 29 943855 58032593 280775 532436 0 403187 21781 1944230 3731 14381 0 12429 (radio 1.-35% / 0.92% tx 0.47% / 0.18% listen 0.17% / 0.73%)
1800188221	ID:16	 230403 P 0.0 29 2006224 56972175 563406 888153 0 625647 36187 1929734 1680 18148 0 16499 (radio 2.-173% / 1.00% tx 0.22% / 0.08% listen 1.-96% / 0.92%)
1800325510	ID:3	 230403 P 0.0 29 1030463 57949101 299713 585192 0 457160 17490 1948580 0 12496 0 12477 (radio 1.-96% / 0.63% tx 0.50% / 0.00% listen 0.26% / 0.63%)
1800348974	ID:23	 230403 P 0.0 29 1013733 57963526 339268 526482 0 390458 30225 1935827 9019 15636 0 12703 (radio 1.-99% / 1.25% tx 0.57% / 0.45% listen 0.16% / 0.79%)
1800374432	ID:25	 230403 P 0.0 29 1892656 57085000 502982 909988 0 674672 52566 1913376 12586 19795 0 14000 (radio 2.-179% / 1.64% tx 0.12% / 0.64% listen 1.-92% / 1.00%)
1800417519	ID:11	 230403 P 0.0 29 1572260 57407534 447444 766871 0 536976 30686 1935389 2826 14114 0 12019 (radio 2.-140% / 0.86% tx 0.03% / 0.14% listen 1.-43% / 0.71%)
1800558957	ID:19	 230403 P 0.0 29 3802791 55175454 1388338 1371952 0 570040 35869 1929919 1003 16099 0 14509 (radio 4.-369% / 0.86% tx 2.-184% / 0.05% listen 2.-186% / 0.81%)
1800564515	ID:20	 230403 P 0.0 29 1697286 57281100 419216 755466 0 563270 32783 1933150 1373 14280 0 13418 (radio 1.-47% / 0.79% tx 0.71% / 0.06% listen 1.-45% / 0.72%)
1800580614	ID:10	 230403 P 0.0 29 1747522 57232218 510311 945225 0 732803 55024 1910974 15141 22076 0 14763 (radio 2.-172% / 1.89% tx 0.13% / 0.77% listen 1.-86% / 1.12%)
1800680943	ID:4	 230403 P 0.0 29 1872252 57106359 618878 760658 0 474734 40597 1925369 7575 16807 0 12245 (radio 2.-185% / 1.24% tx 1.-68% / 0.38% listen 1.-44% / 0.85%)
1800717346	ID:8	 230403 P 0.0 29 1373477 57606207 373698 622816 0 461555 57699 1908273 20381 22566 0 12502 (radio 1.-77% / 2.18% tx 0.63% / 1.03% listen 1.-68% / 1.14%)
1800754628	ID:14	[HFS] ra=0 si=0 cx=49 ac=0
1800758706	ID:14	[LIST] Neighbors: 31,4,7,9,3
1800762342	ID:14	[LIST] Quarantine: (none)
1800765839	ID:14	[LIST] Blacklist: (none)
1800772155	ID:14	FUZZRID,DET,3,1090,1090,0,0,0,0,0,0,4,0,0,0
1800808375	ID:14	 230406 P 0.0 29 1825276 57153156 652455 738629 0 425487 26788 1940148 1801 13813 0 13036 (radio 2.-183% / 0.79% tx 1.-63% / 0.09% listen 1.-48% / 0.70%)
1800813243	ID:7	 230403 P 0.0 29 1270856 57707518 309581 608187 0 477981 37496 1928470 7948 17006 0 12908 (radio 1.-91% / 1.26% tx 0.52% / 0.40% listen 1.-70% / 0.86%)
1800828339	ID:1	 230405 P 0.0 29 3223393 55756571 1431854 57546724 0 0 19089 1946905 0 1966078 0 0 (radio 27.-2677% / 100.-8739% tx 2.-176% / 0.00% listen 24.-2329% / 100.-8739%)
1800832735	ID:15	 230403 P 0.0 29 3507360 55470557 1174345 1295896 0 494807 31558 1934310 243 13686 0 12789 (radio 4.-346% / 0.70% tx 1.-47% / 0.01% listen 2.-199% / 0.69%)
1800834074	ID:17	 230403 P 0.0 29 2875480 56102647 1103569 1199538 0 692946 50776 1915134 10658 20756 0 15455 (radio 3.-274% / 1.59% tx 1.-59% / 0.54% listen 2.-143% / 1.05%)
1800912040	ID:6	 230403 P 0.0 29 1978645 56999288 547322 906787 0 616845 40400 1925374 8071 17270 0 13809 (radio 2.-172% / 1.28% tx 0.19% / 0.41% listen 1.-92% / 0.87%)
1800921318	ID:2	 230403 P 0.0 29 1381417 57597489 367978 650427 0 491116 21970 1944077 0 14146 0 14146 (radio 1.-73% / 0.71% tx 0.62% / 0.00% listen 1.-63% / 0.71%)
1800955333	ID:22	 230403 P 0.0 29 1204939 57772753 334346 603656 0 456950 28459 1937228 4430 13667 0 11645 (radio 1.-87% / 0.92% tx 0.56% / 0.22% listen 1.-71% / 0.69%)
1801024479	ID:12	 230403 P 0.0 29 1407402 57569562 446816 633158 0 461441 20237 1945438 0 12800 0 12800 (radio 1.-63% / 0.65% tx 0.02% / 0.00% listen 1.-66% / 0.65%)
1801042072	ID:9	 230403 P 0.0 29 1786153 57193659 568892 747089 0 487658 46653 1919301 10473 19871 0 14569 (radio 2.-196% / 1.54% tx 0.23% / 0.53% listen 1.-47% / 1.01%)
1801083933	ID:24	 230403 P 0.0 29 2269458 56709367 929349 856938 0 445921 39216 1926799 9672 18597 0 14357 (radio 3.-289% / 1.43% tx 1.-89% / 0.49% listen 1.-28% / 0.94%)
1801135882	ID:5	 230403 P 0.0 29 1540742 57438784 469407 712093 0 520572 36335 1929683 7281 15748 0 11395 (radio 2.-146% / 1.17% tx 0.06% / 0.37% listen 1.-53% / 0.80%)
1801136616	ID:21	 230403 P 0.0 29 1488069 57492717 396710 750835 0 462583 20782 1945284 81 12748 0 12425 (radio 1.-52% / 0.65% tx 0.67% / 0.00% listen 1.-46% / 0.64%)
1801140870	ID:13	 230403 P 0.0 29 866254 58111082 240826 500290 0 410665 22473 1943601 4103 14310 0 12152 (radio 1.-48% / 0.93% tx 0.40% / 0.20% listen 0.12% / 0.72%)
1801542550	ID:16	[HFS] ra=0 si=0 cx=49 ac=0
1801548199	ID:16	[LIST] Neighbors: 19,17,30,24,29,25,2,8
1801551836	ID:16	[LIST] Quarantine: (none)
1801555333	ID:16	[LIST] Blacklist: (none)
1801561649	ID:16	FUZZRID,DET,2,1412,1412,0,0,0,0,0,0,2,0,0,0
1806418997	ID:20	[HFS] ra=0 si=0 cx=49 ac=0
1806424646	ID:20	[LIST] Neighbors: 26,30,19,6,12,5,22,11
1806428283	ID:20	[LIST] Quarantine: (none)
1806429886	ID:22	[HFS] ra=0 si=0 cx=49 ac=0
1806431780	ID:20	[LIST] Blacklist: (none)
1806434560	ID:22	[LIST] Neighbors: 15,26,11,20,27
1806434875	ID:15	[HFS] ra=0 si=0 cx=49 ac=0
1806437876	ID:20	FUZZRID,DET,11,796,796,0,0,0,0,0,0,2,0,0,0
1806438196	ID:22	[LIST] Quarantine: (none)
1806440390	ID:15	[LIST] Neighbors: 28,26,22,19,25,11,27
1806441694	ID:22	[LIST] Blacklist: (none)
1806444027	ID:15	[LIST] Quarantine: (none)
1806447524	ID:15	[LIST] Blacklist: (none)
1806447789	ID:22	FUZZRID,DET,11,796,796,0,0,0,0,0,0,0,0,0,0
1806453654	ID:15	FUZZRID,DET,11,796,796,0,0,0,0,0,0,0,0,0,0
1813330564	ID:27	[ATK-FAKE-RANK]  true_rank=512 fake_rank=852 t=11720s
1813436615	ID:15	[HFS] ra=74 si=49 cx=49 ac=82
1813442131	ID:15	[LIST] Neighbors: 28,26,22,19,25,11,27
1813445768	ID:15	[LIST] Quarantine: (none)
1813449265	ID:15	[LIST] Blacklist: (none)
1813456729	ID:15	FUZZRID,DET,27,852,512,340,0,100,100,10,0,0,0,82,75
1816518653	ID:9	[HFS] ra=0 si=0 cx=49 ac=0
1816523863	ID:9	[LIST] Neighbors: 4,25,29,10,7,23,14
1816527500	ID:9	[LIST] Quarantine: (none)
1816530997	ID:9	[LIST] Blacklist: (none)
1816537312	ID:9	FUZZRID,DET,7,1077,1077,0,0,0,0,0,0,0,0,0,0
1827961741	ID:29	[ATK-FAKE-RANK]  true_rank=1402 fake_rank=2031 t=11720s
1828018382	ID:9	[HFS] ra=74 si=49 cx=49 ac=82
1828023625	ID:9	[LIST] Neighbors: 4,25,29,10,7,23,14
1828027262	ID:9	[LIST] Quarantine: (none)
1828030759	ID:9	[LIST] Blacklist: (none)
1828038586	ID:9	FUZZRID,DET,29,2031,1402,629,0,100,100,12,0,9,0,82,75
1828039377	ID:7	[HFS] ra=74 si=49 cx=49 ac=82
1828040024	ID:16	[HFS] ra=74 si=49 cx=49 ac=82
1828043734	ID:7	[LIST] Neighbors: 4,23,29,9,14
1828045683	ID:16	[LIST] Neighbors: 19,17,30,24,29,25,2,8
1828047371	ID:7	[LIST] Quarantine: (none)
1828049319	ID:16	[LIST] Quarantine: (none)
1828050867	ID:7	[LIST] Blacklist: (none)
1828052816	ID:16	[LIST] Blacklist: (none)
1828057634	ID:10	[HFS] ra=74 si=49 cx=49 ac=82
1828058834	ID:7	FUZZRID,DET,29,2031,1402,629,0,100,100,11,0,13,0,82,55
1828060677	ID:16	FUZZRID,DET,29,2031,1402,629,0,100,100,13,0,6,0,82,75
1828061675	ID:17	[HFS] ra=74 si=49 cx=49 ac=82
1828063431	ID:10	[LIST] Neighbors: 19,25,17,16,9,24,29,30
1828067068	ID:10	[LIST] Quarantine: (none)
1828067618	ID:17	[LIST] Neighbors: 26,19,16,10,24,29,25,30
1828070564	ID:10	[LIST] Blacklist: (none)
1828071255	ID:17	[LIST] Quarantine: (none)
1828074751	ID:17	[LIST] Blacklist: (none)
1828078287	ID:10	FUZZRID,DET,29,2031,1402,629,0,100,100,8,0,8,0,82,75
1828082756	ID:17	FUZZRID,DET,29,2031,1402,629,0,100,100,12,0,11,0,82,75
1828100576	ID:25	[HFS] ra=74 si=49 cx=49 ac=82
1828106373	ID:25	[LIST] Neighbors: 15,26,17,10,30,9,16,29
1828110010	ID:25	[LIST] Quarantine: (none)
1828113506	ID:25	[LIST] Blacklist: (none)
1828121612	ID:25	FUZZRID,DET,29,2031,1402,629,0,100,100,11,28,14,0,82,75
1829178497	ID:26	[ATK-FAKE-RANK]  true_rank=854 fake_rank=1269 t=11720s
1829559647	ID:24	[HFS] ra=0 si=0 cx=49 ac=0
1829564616	ID:24	[LIST] Neighbors: 17,16,18,10,13,8
1829568253	ID:24	[LIST] Quarantine: (none)
1829571751	ID:24	[LIST] Blacklist: (none)
1829578096	ID:24	FUZZRID,DET,8,1475,1475,0,0,0,0,0,0,0,0,0,0
1829598154	ID:25	[HFS] ra=74 si=49 cx=49 ac=82
1829603950	ID:25	[LIST] Neighbors: 15,26,17,10,30,9,16,29
1829607587	ID:25	[LIST] Quarantine: (none)
1829611099	ID:25	[LIST] Blacklist: (none)
1829618632	ID:25	FUZZRID,DET,26,1269,854,415,0,100,100,5,0,1,0,82,75
1833425970	ID:30	[ATK-FAKE-RANK]  true_rank=1028 fake_rank=1536 t=11720s
1840392496	ID:9	[HFS] ra=0 si=0 cx=49 ac=0
1840397706	ID:9	[LIST] Neighbors: 4,25,29,10,7,23,14
1840401343	ID:9	[LIST] Quarantine: (none)
1840404865	ID:9	[LIST] Blacklist: (none)
1840411322	ID:9	FUZZRID,DET,23,1558,1558,0,0,0,0,0,0,6,0,0,0
1844095341	ID:29	[ATK-FAKE-RANK]  true_rank=1402 fake_rank=2051 t=11720s
1844142905	ID:9	[HFS] ra=74 si=49 cx=49 ac=82
1844148114	ID:9	[LIST] Neighbors: 4,25,29,10,7,23,14
1844151751	ID:9	[LIST] Quarantine: (none)
1844155248	ID:9	[LIST] Blacklist: (none)
1844162935	ID:9	FUZZRID,DET,29,2051,1402,649,0,100,100,4,0,9,0,82,75
1845781077	ID:4	[HFS] ra=0 si=0 cx=49 ac=0
1845786154	ID:4	[LIST] Neighbors: 28,9,31,7,3,14,21
1845789791	ID:4	[LIST] Quarantine: (none)
1845793288	ID:4	[LIST] Blacklist: (none)
1845799742	ID:4	FUZZRID,DET,14,1129,1129,0,0,0,0,0,0,0,0,0,0
1852135548	ID:18	[HFS] ra=0 si=0 cx=49 ac=0
1852138931	ID:18	[LIST] Neighbors: 24,13
1852142568	ID:18	[LIST] Quarantine: (none)
1852146065	ID:18	[LIST] Blacklist: (none)
1852152518	ID:18	FUZZRID,DET,13,1699,1699,0,0,0,0,0,0,5,0,0,0
1852183705	ID:24	[HFS] ra=0 si=0 cx=49 ac=0
1852188648	ID:24	[LIST] Neighbors: 17,16,18,10,13,8
1852192285	ID:24	[LIST] Quarantine: (none)
1852195782	ID:24	[LIST] Blacklist: (none)
1852202405	ID:24	FUZZRID,DET,13,1699,1699,0,0,0,0,0,0,10,0,0,0
1856543243	ID:20	[HFS] ra=0 si=0 cx=49 ac=0
1856548893	ID:20	[LIST] Neighbors: 26,30,19,6,12,5,22,11
1856552529	ID:20	[LIST] Quarantine: (none)
1856556026	ID:20	[LIST] Blacklist: (none)
1856562480	ID:20	FUZZRID,DET,12,1336,1336,0,0,0,0,0,0,6,0,0,0
1860159897	ID:18	 238083 P 0.0 30 962997 59979127 283015 545343 0 414880 19141 1946534 2240 12907 0 11693 (radio 1.-35% / 0.77% tx 0.46% / 0.11% listen 0.19% / 0.65%)
1860188308	ID:16	 238083 P 0.0 30 2048568 58895851 569018 904379 0 638893 42342 1923676 5612 16226 0 13246 (radio 2.-170% / 1.11% tx 0.22% / 0.28% listen 1.-93% / 0.82%)
1860326372	ID:3	 238083 P 0.0 30 1051498 59894146 302995 597839 0 468833 21033 1945045 3282 12647 0 11673 (radio 1.-94% / 0.81% tx 0.49% / 0.16% listen 0.27% / 0.64%)
1860348961	ID:23	 238083 P 0.0 30 1031727 59911610 341277 538974 0 402308 17993 1948084 2009 12492 0 11850 (radio 1.-97% / 0.73% tx 0.55% / 0.10% listen 0.17% / 0.63%)
1860374164	ID:25	 238083 P 0.0 30 1932069 59011658 507182 925568 0 687641 39412 1926658 4200 15580 0 12969 (radio 2.-177% / 1.00% tx 0.12% / 0.21% listen 1.-90% / 0.79%)
1860417538	ID:11	 238083 P 0.0 30 1604508 59341349 451678 780705 0 549357 32246 1933815 4234 13834 0 12381 (radio 2.-139% / 0.91% tx 0.03% / 0.21% listen 1.-43% / 0.70%)
1860558972	ID:19	 238083 P 0.0 30 3841602 57102718 1391342 1387455 0 583134 38810 1927264 3004 15503 0 13094 (radio 4.-367% / 0.94% tx 2.-184% / 0.15% listen 2.-184% / 0.78%)
1860564553	ID:20	 238083 P 0.0 30 1735432 59208978 423577 770533 0 575961 38145 1927878 4361 15067 0 12691 (radio 1.-46% / 0.98% tx 0.69% / 0.22% listen 1.-45% / 0.76%)
1860579484	ID:10	 238083 P 0.0 30 1774632 59170987 510311 958260 0 745594 27109 1938769 0 13035 0 12791 (radio 2.-171% / 0.66% tx 0.13% / 0.00% listen 1.-84% / 0.66%)
1860680941	ID:4	 238083 P 0.0 30 1902714 59041962 621818 773974 0 486371 30461 1935603 2940 13316 0 11637 (radio 2.-183% / 0.82% tx 1.-69% / 0.14% listen 1.-44% / 0.67%)
1860717134	ID:8	 238083 P 0.0 30 1406143 59539395 379842 636652 0 473546 32665 1933188 6144 13836 0 11991 (radio 1.-75% / 1.01% tx 0.62% / 0.31% listen 1.-67% / 0.70%)
1860780677	ID:14	 238083 P 0.0 30 1850115 59093344 654565 751346 0 437538 24837 1940188 2110 12717 0 12051 (radio 2.-181% / 0.75% tx 1.-64% / 0.10% listen 1.-48% / 0.64%)
1860813239	ID:7	 238083 P 0.0 30 1300576 59643804 313942 621851 0 489638 29719 1936286 4361 13664 0 11657 (radio 1.-88% / 0.91% tx 0.51% / 0.22% listen 1.-69% / 0.69%)
1860828305	ID:1	 238085 P 0.0 30 3242595 57703367 1431854 59512804 0 0 19200 1946796 0 1966078 0 0 (radio 29.-2837% / 100.-8739% tx 2.-177% / 0.00% listen 27.-2661% / 100.-8739%)
1860832771	ID:17	 238083 P 0.0 30 2905961 58038220 1103569 1213190 0 706332 30480 1935573 0 13652 0 13386 (radio 3.-273% / 0.69% tx 1.-60% / 0.00% listen 1.-42% / 0.69%)
1860833036	ID:15	 238083 P 0.0 30 3547705 57396118 1178360 1311470 0 507393 40343 1925561 4015 15574 0 12586 (radio 4.-344% / 0.99% tx 1.-48% / 0.20% listen 2.-197% / 0.79%)
1860912048	ID:6	 238083 P 0.0 30 2010300 58933305 549421 921084 0 629682 31654 1934017 2099 14297 0 12837 (radio 2.-171% / 0.83% tx 0.19% / 0.10% listen 1.-90% / 0.72%)
1860922161	ID:2	 238083 P 0.0 30 1409458 59535489 371096 664458 0 503341 28039 1938000 3118 14031 0 12225 (radio 1.-72% / 0.87% tx 0.60% / 0.15% listen 1.-62% / 0.71%)
1860954484	ID:22	 238083 P 0.0 30 1226201 59717349 334346 616822 0 469915 21261 1944596 0 13166 0 12965 (radio 1.-85% / 0.66% tx 0.54% / 0.00% listen 1.-70% / 0.66%)
1861025362	ID:12	 238083 P 0.0 30 1434526 59508114 451341 647019 0 473744 27122 1938552 4525 13861 0 12303 (radio 1.-61% / 0.93% tx 0.03% / 0.23% listen 1.-65% / 0.70%)
1861040963	ID:9	 238083 P 0.0 30 1815483 59130006 568892 760285 0 500344 29329 1936347 0 13196 0 12686 (radio 2.-194% / 0.67% tx 0.22% / 0.00% listen 1.-46% / 0.67%)
1861083059	ID:24	 238083 P 0.0 30 2295620 58649239 929349 869039 0 457803 26161 1939872 0 12101 0 11882 (radio 2.-187% / 0.61% tx 1.-89% / 0.00% listen 1.-99% / 0.61%)
1861135653	ID:5	 238083 P 0.0 30 1565476 59379881 470538 725449 0 533150 24733 1941097 1131 13356 0 12578 (radio 1.-45% / 0.73% tx 0.06% / 0.05% listen 1.-52% / 0.67%)
1861137212	ID:21	 238083 P 0.0 30 1513168 59433618 399965 763411 0 474079 25097 1940901 3255 12576 0 11496 (radio 1.-51% / 0.80% tx 0.65% / 0.16% listen 1.-46% / 0.63%)
1861140873	ID:13	 238083 P 0.0 30 885761 60057651 243850 511858 0 422161 19506 1946569 3024 11568 0 11496 (radio 1.-47% / 0.74% tx 0.40% / 0.15% listen 0.13% / 0.58%)
1863398977	ID:28	[ATK-FAKE-RANK]  true_rank=512 fake_rank=932 t=11720s
1869268517	ID:30	[ATK-FAKE-RANK]  true_rank=1028 fake_rank=1556 t=11720s
1869308473	ID:10	[HFS] ra=74 si=49 cx=49 ac=82
1869308923	ID:17	[HFS] ra=74 si=49 cx=49 ac=82
1869314270	ID:10	[LIST] Neighbors: 19,25,17,16,9,24,29,30
1869314866	ID:17	[LIST] Neighbors: 26,19,16,10,24,29,25,30
1869316730	ID:8	[HFS] ra=74 si=49 cx=49 ac=82
1869317906	ID:10	[LIST] Quarantine: (none)
1869318511	ID:17	[LIST] Quarantine: (none)
1869321403	ID:10	[LIST] Blacklist: (none)
1869321528	ID:8	[LIST] Neighbors: 17,16,30,6,2,24
1869322007	ID:17	[LIST] Blacklist: (none)
1869325165	ID:8	[LIST] Quarantine: (none)
1869328662	ID:8	[LIST] Blacklist: (none)
1869329231	ID:10	FUZZRID,DET,30,1556,1028,528,0,100,100,10,0,2,0,82,75
1869329835	ID:17	FUZZRID,DET,30,1556,1028,528,0,100,100,44,0,0,0,82,75
1869336490	ID:8	FUZZRID,DET,30,1556,1028,528,0,100,100,59,0,1,0,82,75
1869351452	ID:25	[HFS] ra=74 si=49 cx=49 ac=82
1869357249	ID:25	[LIST] Neighbors: 15,26,17,10,30,9,16,29
1869360885	ID:25	[LIST] Quarantine: (none)
1869362964	ID:5	[HFS] ra=74 si=49 cx=49 ac=82
1869364382	ID:25	[LIST] Blacklist: (none)
1869367761	ID:5	[LIST] Neighbors: 19,20,30,6,2,12
1869371411	ID:5	[LIST] Quarantine: (none)
1869372243	ID:25	FUZZRID,DET,30,1556,1028,528,0,100,100,60,0,0,0,82,75
1869374908	ID:5	[LIST] Blacklist: (none)
1869376062	ID:12	[HFS] ra=74 si=49 cx=49 ac=82
1869380287	ID:12	[LIST] Neighbors: 20,5,30,6,2
1869382736	ID:5	FUZZRID,DET,30,1556,1028,528,0,100,100,53,0,6,0,82,75
1869383923	ID:12	[LIST] Quarantine: (none)
1869387420	ID:12	[LIST] Blacklist: (none)
1869393502	ID:11	[HFS] ra=74 si=49 cx=49 ac=82
1869395248	ID:12	FUZZRID,DET,30,1556,1028,528,0,100,100,56,0,3,0,82,75
1869397707	ID:2	[HFS] ra=74 si=49 cx=49 ac=82
1869398592	ID:11	[LIST] Neighbors: 15,26,30,22,20,19
1869402229	ID:11	[LIST] Quarantine: (none)
1869402358	ID:2	[LIST] Neighbors: 16,5,30,6,12,8
1869405726	ID:11	[LIST] Blacklist: (none)
1869405995	ID:2	[LIST] Quarantine: (none)
1869407107	ID:19	[HFS] ra=74 si=49 cx=49 ac=82
1869409491	ID:2	[LIST] Blacklist: (none)
1869412938	ID:19	[LIST] Neighbors: 15,26,17,30,20,5,25,16
1869413553	ID:11	FUZZRID,DET,30,1556,1028,528,0,100,100,49,0,0,0,82,75
1869414337	ID:20	[HFS] ra=74 si=49 cx=49 ac=82
1869414652	ID:16	[HFS] ra=74 si=49 cx=49 ac=82
1869416575	ID:19	[LIST] Quarantine: (none)
1869417319	ID:2	FUZZRID,DET,30,1556,1028,528,0,100,100,15,0,1,0,82,75
1869419987	ID:20	[LIST] Neighbors: 26,30,19,6,12,5,22,11
1869420071	ID:19	[LIST] Blacklist: (none)
1869420302	ID:16	[LIST] Neighbors: 19,17,30,24,29,25,2,8
1869423624	ID:20	[LIST] Quarantine: (none)
1869423965	ID:16	[LIST] Quarantine: (none)
1869427120	ID:20	[LIST] Blacklist: (none)
1869427462	ID:16	[LIST] Blacklist: (none)
1869428038	ID:19	FUZZRID,DET,30,1556,1028,528,0,100,100,46,0,15,0,82,75
1869434948	ID:20	FUZZRID,DET,30,1556,1028,528,0,100,100,54,0,0,0,82,75
1869435290	ID:16	FUZZRID,DET,30,1556,1028,528,0,100,100,56,0,3,0,82,75
1873138137	ID:6	[HFS] ra=0 si=0 cx=49 ac=0
1873142815	ID:11	[HFS] ra=0 si=0 cx=49 ac=0
1873143787	ID:6	[LIST] Neighbors: 19,17,20,16,30,2,12,5
1873147424	ID:6	[LIST] Quarantine: (none)
1873147904	ID:11	[LIST] Neighbors: 15,26,30,22,20,19
1873150920	ID:6	[LIST] Blacklist: (none)
1873151541	ID:11	[LIST] Quarantine: (none)
1873155038	ID:11	[LIST] Blacklist: (none)
1873157015	ID:6	FUZZRID,DET,19,773,773,0,0,0,0,0,0,5,0,0,0
1873161142	ID:11	FUZZRID,DET,19,773,773,0,0,0,0,0,0,0,0,0,0
1873163908	ID:16	[HFS] ra=0 si=0 cx=49 ac=0
1873164350	ID:20	[HFS] ra=0 si=0 cx=49 ac=0
1873169563	ID:16	[LIST] Neighbors: 19,17,30,24,29,25,2,8
1873170032	ID:20	[LIST] Neighbors: 26,30,19,6,12,5,22,11
1873173200	ID:16	[LIST] Quarantine: (none)
1873173669	ID:20	[LIST] Quarantine: (none)
1873176697	ID:16	[LIST] Blacklist: (none)
1873177165	ID:20	[LIST] Blacklist: (none)
1873180681	ID:10	[HFS] ra=0 si=0 cx=49 ac=0
1873181554	ID:15	[HFS] ra=0 si=0 cx=49 ac=0
1873182792	ID:16	FUZZRID,DET,19,773,773,0,0,0,0,0,0,5,0,0,0
1873183261	ID:20	FUZZRID,DET,19,773,773,0,0,0,0,0,0,0,0,0,0
1873186477	ID:10	[LIST] Neighbors: 19,25,17,16,9,24,29,30
1873187098	ID:15	[LIST] Neighbors: 28,26,22,19,25,11,27
1873190114	ID:10	[LIST] Quarantine: (none)
1873190735	ID:15	[LIST] Quarantine: (none)
1873193611	ID:10	[LIST] Blacklist: (none)
1873194232	ID:15	[LIST] Blacklist: (none)
1873199705	ID:10	FUZZRID,DET,19,773,773,0,0,0,0,0,0,7,0,0,0
1873200327	ID:15	FUZZRID,DET,19,773,773,0,0,0,0,0,0,1,0,0,0
1873409618	ID:19	[HFS] ra=0 si=0 cx=49 ac=0
1873415414	ID:19	[LIST] Neighbors: 15,26,17,30,20,5,25,16
1873419051	ID:19	[LIST] Quarantine: (none)
1873422547	ID:19	[LIST] Blacklist: (none)
1873429162	ID:19	FUZZRID,DET,16,1106,1106,0,0,0,0,0,0,15,0,0,0
1873430121	ID:10	[HFS] ra=0 si=0 cx=49 ac=0
1873434164	ID:24	[HFS] ra=0 si=0 cx=49 ac=0
1873434332	ID:17	[HFS] ra=0 si=0 cx=49 ac=0
1873435917	ID:10	[LIST] Neighbors: 19,25,17,16,9,24,29,30
1873439107	ID:24	[LIST] Neighbors: 17,16,18,10,13,8
1873439554	ID:10	[LIST] Quarantine: (none)
1873440275	ID:17	[LIST] Neighbors: 26,19,16,10,24,29,25,30
1873442744	ID:24	[LIST] Quarantine: (none)
1873442757	ID:8	[HFS] ra=0 si=0 cx=49 ac=0
1873443051	ID:10	[LIST] Blacklist: (none)
1873443930	ID:17	[LIST] Quarantine: (none)
1873446262	ID:24	[LIST] Blacklist: (none)
1873447427	ID:17	[LIST] Blacklist: (none)
1873447562	ID:8	[LIST] Neighbors: 17,16,30,6,2,24
1873449520	ID:10	FUZZRID,DET,16,1106,1106,0,0,0,0,0,0,7,0,0,0
1873451198	ID:8	[LIST] Quarantine: (none)
1873452719	ID:24	FUZZRID,DET,16,1106,1106,0,0,0,0,0,0,1,0,0,0
1873453922	ID:17	FUZZRID,DET,16,1106,1106,0,0,0,0,0,0,5,0,0,0
1873454696	ID:8	[LIST] Blacklist: (none)
1873461186	ID:8	FUZZRID,DET,16,1106,1106,0,0,0,0,0,0,5,0,0,0
1873511308	ID:6	[HFS] ra=0 si=0 cx=49 ac=0
1873516992	ID:6	[LIST] Neighbors: 19,17,20,16,30,2,12,5
1873520629	ID:6	[LIST] Quarantine: (none)
1873524125	ID:6	[LIST] Blacklist: (none)
1873530581	ID:6	FUZZRID,DET,16,1106,1106,0,0,0,0,0,0,3,0,0,0
1876413061	ID:16	[HFS] ra=0 si=0 cx=49 ac=0
1876418725	ID:16	[LIST] Neighbors: 19,17,30,24,29,25,2,8
1876422361	ID:16	[LIST] Quarantine: (none)
1876425858	ID:16	[LIST] Blacklist: (none)
1876431955	ID:16	FUZZRID,DET,19,773,773,0,0,0,0,0,0,5,0,0,0
1883683767	ID:24	[HFS] ra=0 si=0 cx=49 ac=0
1883688710	ID:24	[LIST] Neighbors: 17,16,18,10,13,8
1883692347	ID:24	[LIST] Quarantine: (none)
1883695844	ID:24	[LIST] Blacklist: (none)
1883702297	ID:24	FUZZRID,DET,18,1722,1722,0,0,0,0,0,0,1,0,0,0
1888406912	ID:4	[HFS] ra=0 si=0 cx=49 ac=0
1888411989	ID:4	[LIST] Neighbors: 28,9,31,7,3,14,21
1888415626	ID:4	[LIST] Quarantine: (none)
1888419123	ID:4	[LIST] Blacklist: (none)
1888425439	ID:4	FUZZRID,DET,3,1090,1090,0,0,0,0,0,0,4,0,0,0
1891897972	ID:2	[HFS] ra=0 si=0 cx=49 ac=0
1891902628	ID:2	[LIST] Neighbors: 16,5,30,6,12,8
1891906264	ID:2	[LIST] Quarantine: (none)
1891909761	ID:2	[LIST] Blacklist: (none)
1891916078	ID:2	FUZZRID,DET,8,1475,1475,0,0,0,0,0,0,3,0,0,0
1892629990	ID:14	[HFS] ra=0 si=0 cx=49 ac=0
1892634090	ID:14	[LIST] Neighbors: 31,4,7,9,3
1892637727	ID:14	[LIST] Quarantine: (none)
1892641225	ID:14	[LIST] Blacklist: (none)
1892647541	ID:14	FUZZRID,DET,7,1077,1077,0,0,0,0,0,0,1,0,0,0
1900019347	ID:9	[HFS] ra=0 si=0 cx=49 ac=0
1900024556	ID:9	[LIST] Neighbors: 4,25,29,10,7,23,14
1900028193	ID:9	[LIST] Quarantine: (none)
1900031690	ID:9	[LIST] Blacklist: (none)
1900035624	ID:7	[HFS] ra=0 si=0 cx=49 ac=0
1900038179	ID:9	FUZZRID,DET,23,1558,1558,0,0,0,0,0,0,5,0,0,0
1900039981	ID:7	[LIST] Neighbors: 4,23,29,9,14
1900043618	ID:7	[LIST] Quarantine: (none)
1900047114	ID:7	[LIST] Blacklist: (none)
1900053571	ID:7	FUZZRID,DET,23,1558,1558,0,0,0,0,0,0,3,0,0,0
1906404623	ID:26	[ATK-FAKE-RANK]  true_rank=845 fake_rank=1289 t=11720s
1906506734	ID:31	[ATK-FAKE-RANK]  true_rank=793 fake_rank=1148 t=11720s
1910416200	ID:20	[HFS] ra=0 si=0 cx=49 ac=0
1910421850	ID:20	[LIST] Neighbors: 26,30,19,6,12,5,22,11
1910425487	ID:20	[LIST] Quarantine: (none)
1910428983	ID:20	[LIST] Blacklist: (none)
1910435321	ID:20	FUZZRID,DET,6,1069,1069,0,0,0,0,0,0,0,0,0,0
1914261428	ID:18	[HFS] ra=0 si=0 cx=49 ac=0
1914264812	ID:18	[LIST] Neighbors: 24,13
1914268449	ID:18	[LIST] Quarantine: (none)
1914271945	ID:18	[LIST] Blacklist: (none)
1914278399	ID:18	FUZZRID,DET,13,1695,1695,0,0,0,0,0,0,5,0,0,0
1919058479	ID:17	[HFS] ra=0 si=0 cx=49 ac=0
1919064421	ID:17	[LIST] Neighbors: 26,19,16,10,24,29,25,30
1919068091	ID:17	[LIST] Quarantine: (none)
1919071588	ID:17	[LIST] Blacklist: (none)
1919078042	ID:17	FUZZRID,DET,10,1128,1128,0,0,0,0,0,0,5,0,0,0
1919987056	ID:1	[HFS] ra=0 si=0 cx=49 ac=0
1919991293	ID:1	[LIST] Neighbors: 21,27,28,15
1919994929	ID:1	[LIST] Quarantine: (none)
1919998426	ID:1	[LIST] Blacklist: (none)
1920004520	ID:1	FUZZRID,DET,15,512,512,0,0,0,0,0,0,3,0,0,0
1920017032	ID:11	[HFS] ra=0 si=0 cx=49 ac=0
1920022122	ID:11	[LIST] Neighbors: 15,26,30,22,20,19
1920025759	ID:11	[LIST] Quarantine: (none)
1920029255	ID:11	[LIST] Blacklist: (none)
1920034912	ID:19	[HFS] ra=0 si=0 cx=48 ac=0
1920035350	ID:11	FUZZRID,DET,15,512,512,0,0,0,0,0,0,5,0,0,0
1920040708	ID:19	[LIST] Neighbors: 15,26,17,30,20,5,25,16
1920044345	ID:19	[LIST] Quarantine: (none)
1920047841	ID:19	[LIST] Blacklist: (none)
1920054075	ID:19	FUZZRID,DET,15,512,512,0,0,0,0,0,0,22,0,0,0
1920055477	ID:22	[HFS] ra=0 si=0 cx=49 ac=0
1920060140	ID:22	[LIST] Neighbors: 15,26,11,20,27
1920063777	ID:22	[LIST] Quarantine: (none)
1920067273	ID:22	[LIST] Blacklist: (none)
1920073368	ID:22	FUZZRID,DET,15,512,512,0,0,0,0,0,0,4,0,0,0
1920098521	ID:25	[HFS] ra=0 si=0 cx=49 ac=0
1920104328	ID:25	[LIST] Neighbors: 15,26,17,10,30,9,16,29
1920107964	ID:25	[LIST] Quarantine: (none)
1920111461	ID:25	[LIST] Blacklist: (none)
1920117556	ID:25	FUZZRID,DET,15,512,512,0,0,0,0,0,0,5,0,0,0
1920159922	ID:18	 245763 P 0.0 31 981948 61925853 285343 558079 0 426624 18949 1946726 2328 12736 0 11744 (radio 1.-35% / 0.76% tx 0.45% / 0.11% listen 0.20% / 0.64%)
1920188302	ID:16	 245763 P 0.0 31 2092066 60818424 574792 920101 0 652781 43497 1922573 5774 15722 0 13888 (radio 2.-168% / 1.09% tx 0.23% / 0.29% listen 1.-91% / 0.79%)
1920326081	ID:3	 245763 P 0.0 31 1069338 61842382 303737 610225 0 480916 17839 1948236 742 12386 0 12083 (radio 1.-92% / 0.66% tx 0.48% / 0.03% listen 0.28% / 0.62%)
1920348967	ID:23	 245763 P 0.0 31 1051274 61858137 344301 551117 0 414379 19546 1946527 3024 12143 0 12071 (radio 1.-95% / 0.77% tx 0.54% / 0.15% listen 0.19% / 0.61%)
1920378630	ID:25	 245763 P 0.0 31 1985895 60924035 518877 944039 0 700140 53824 1912377 11695 18471 0 12499 (radio 2.-173% / 1.53% tx 0.14% / 0.59% listen 1.-87% / 0.93%)
1920416510	ID:11	 245763 P 0.0 31 1632009 61279926 451678 793332 0 561537 27500 1938577 0 12627 0 12180 (radio 1.-39% / 0.64% tx 0.03% / 0.00% listen 1.-43% / 0.64%)
1920564961	ID:19	 245763 P 0.0 31 3890825 59019612 1398852 1403811 0 596400 49221 1916894 7510 16356 0 13266 (radio 4.-365% / 1.21% tx 2.-183% / 0.38% listen 2.-182% / 0.83%)
1920568244	ID:20	 245763 P 0.0 31 1773022 61137214 427007 785202 0 588419 37589 1928236 3430 14669 0 12458 (radio 1.-44% / 0.92% tx 0.67% / 0.17% listen 1.-44% / 0.74%)
1920580051	ID:10	 245763 P 0.0 31 1805563 61106098 510628 972300 0 759412 30929 1935111 317 14040 0 13818 (radio 2.-170% / 0.73% tx 0.12% / 0.01% listen 1.-82% / 0.71%)
1920680796	ID:4	 245763 P 0.0 31 1937215 60973231 626908 789363 0 498901 34499 1931269 5090 15389 0 12530 (radio 2.-180% / 1.04% tx 0.31% / 0.25% listen 1.-43% / 0.78%)
1920717093	ID:8	 245763 P 0.0 31 1434153 61477241 381957 649368 0 485392 28009 1937846 2115 12716 0 11846 (radio 1.-73% / 0.75% tx 0.60% / 0.10% listen 1.-66% / 0.64%)
1920780649	ID:14	 245763 P 0.0 31 1878451 61030951 657925 765205 0 449316 28335 1937607 3360 13859 0 11778 (radio 2.-179% / 0.87% tx 1.-64% / 0.17% listen 1.-47% / 0.70%)
1920813242	ID:7	 245763 P 0.0 31 1334040 61576266 320570 637060 0 501637 33463 1932462 6628 15209 0 11999 (radio 1.-85% / 1.11% tx 0.50% / 0.33% listen 1.-68% / 0.77%)
1920828339	ID:1	 245765 P 0.0 31 3263369 59648588 1431854 61478884 0 0 20772 1945221 0 1966079 0 0 (radio 31.-3068% / 100.-8739% tx 2.-178% / 0.00% listen 29.-2891% / 100.-8739%)
1920833042	ID:15	 245763 P 0.0 31 3583564 59326157 1181629 1325350 0 520148 35858 1930039 3269 13880 0 12755 (radio 3.-243% / 0.87% tx 1.-49% / 0.16% listen 2.-195% / 0.70%)
1920833619	ID:17	 245763 P 0.0 31 2942958 59967256 1105668 1228433 0 720286 36995 1929036 2099 15243 0 13954 (radio 3.-271% / 0.88% tx 1.-61% / 0.10% listen 1.-42% / 0.77%)
1920912044	ID:6	 245763 P 0.0 31 2048176 60861350 553146 935925 0 642300 37874 1928045 3725 14841 0 12618 (radio 2.-169% / 0.94% tx 0.19% / 0.18% listen 1.-88% / 0.75%)
1920921294	ID:2	 245763 P 0.0 31 1434135 61476859 371096 677397 0 516036 24675 1941370 0 12939 0 12695 (radio 1.-70% / 0.65% tx 0.58% / 0.00% listen 1.-61% / 0.65%)
1920954346	ID:22	 245763 P 0.0 31 1247290 61662338 334346 629073 0 482143 21087 1944989 0 12251 0 12228 (radio 1.-84% / 0.62% tx 0.53% / 0.00% listen 0.31% / 0.62%)
1921024478	ID:12	 245763 P 0.0 31 1455815 61452816 451341 659470 0 485972 21287 1944702 0 12451 0 12228 (radio 1.-60% / 0.63% tx 0.03% / 0.00% listen 1.-64% / 0.63%)
1921040964	ID:9	 245763 P 0.0 31 1840352 61071146 568892 773337 0 513376 24867 1941140 0 13052 0 13032 (radio 2.-192% / 0.66% tx 0.22% / 0.00% listen 1.-46% / 0.66%)
1921083924	ID:24	 245763 P 0.0 31 2325882 60584971 932092 882869 0 469971 30260 1935732 2743 13830 0 12168 (radio 2.-185% / 0.84% tx 1.-89% / 0.13% listen 1.-97% / 0.70%)
1921134813	ID:5	 245763 P 0.0 31 1588827 61322359 470538 738054 0 545734 23350 1942478 0 12605 0 12584 (radio 1.-45% / 0.64% tx 0.06% / 0.00% listen 1.-51% / 0.64%)
1921137191	ID:21	 245763 P 0.0 31 1537888 61374907 401798 776751 0 485716 24719 1941289 1833 13340 0 11637 (radio 1.-50% / 0.77% tx 0.63% / 0.09% listen 1.-45% / 0.67%)
1921137417	ID:6	[HFS] ra=0 si=0 cx=49 ac=0
1921140885	ID:13	 245763 P 0.0 31 909264 62000223 249653 525578 0 433987 23502 1942572 5803 13720 0 11826 (radio 1.-46% / 0.99% tx 0.39% / 0.29% listen 0.15% / 0.69%)
1921143067	ID:6	[LIST] Neighbors: 19,17,20,16,30,2,12,5
1921146720	ID:6	[LIST] Quarantine: (none)
1921150217	ID:6	[LIST] Blacklist: (none)
1921156671	ID:6	FUZZRID,DET,17,1024,1024,0,0,0,0,0,0,2,0,0,0
1926257494	ID:14	[HFS] ra=0 si=0 cx=49 ac=0
1926261572	ID:14	[LIST] Neighbors: 31,4,7,9,3
1926265209	ID:14	[LIST] Quarantine: (none)
1926266706	ID:9	[HFS] ra=0 si=0 cx=49 ac=0
1926268705	ID:14	[LIST] Blacklist: (none)
1926271947	ID:9	[LIST] Neighbors: 4,25,29,10,7,23,14
1926275022	ID:14	FUZZRID,DET,7,1077,1077,0,0,0,0,0,0,1,0,0,0
1926275584	ID:9	[LIST] Quarantine: (none)
1926279081	ID:9	[LIST] Blacklist: (none)
1926285397	ID:9	FUZZRID,DET,7,1077,1077,0,0,0,0,0,0,0,0,0,0
1928283480	ID:19	[HFS] ra=0 si=0 cx=49 ac=0
1928289276	ID:19	[LIST] Neighbors: 15,26,17,30,20,5,25,16
1928292913	ID:19	[LIST] Quarantine: (none)
1928296409	ID:19	[LIST] Blacklist: (none)
1928303002	ID:19	FUZZRID,DET,20,1062,1062,0,0,0,0,0,0,15,0,0,0
1929290200	ID:28	[ATK-FAKE-RANK]  true_rank=512 fake_rank=952 t=11720s
1929361954	ID:21	[HFS] ra=74 si=49 cx=49 ac=82
1929365619	ID:21	[LIST] Neighbors: 28,4,31
1929369256	ID:21	[LIST] Quarantine: (none)
1929372786	ID:21	[LIST] Blacklist: (none)
1929380283	ID:21	FUZZRID,DET,28,952,512,440,0,100,100,10,0,0,0,82,75
1930643023	ID:27	[ATK-FAKE-RANK]  true_rank=512 fake_rank=872 t=11720s
1934273081	ID:2	[HFS] ra=0 si=0 cx=49 ac=0
1934277731	ID:2	[LIST] Neighbors: 16,5,30,6,12,8
1934281368	ID:2	[LIST] Quarantine: (none)
1934284865	ID:2	[LIST] Blacklist: (none)
1934291319	ID:2	FUZZRID,DET,5,1082,1082,0,0,0,0,0,0,11,0,0,0
1940002604	ID:12	[HFS] ra=0 si=0 cx=49 ac=0
1940006828	ID:12	[LIST] Neighbors: 20,5,30,6,2
1940010465	ID:12	[LIST] Quarantine: (none)
1940012285	ID:6	[HFS] ra=0 si=0 cx=49 ac=0
1940013961	ID:12	[LIST] Blacklist: (none)
1940017934	ID:6	[LIST] Neighbors: 19,17,20,16,30,2,12,5
1940020443	ID:12	FUZZRID,DET,5,1082,1082,0,0,0,0,0,0,15,0,0,0
1940021571	ID:6	[LIST] Quarantine: (none)
1940023943	ID:2	[HFS] ra=0 si=0 cx=49 ac=0
1940025077	ID:6	[LIST] Blacklist: (none)
1940028606	ID:2	[LIST] Neighbors: 16,5,30,6,12,8
1940031531	ID:6	FUZZRID,DET,5,1082,1082,0,0,0,0,0,0,12,0,0,0
1940032243	ID:2	[LIST] Quarantine: (none)
1940033573	ID:19	[HFS] ra=0 si=0 cx=46 ac=0
1940035740	ID:2	[LIST] Blacklist: (none)
1940039369	ID:19	[LIST] Neighbors: 15,26,17,30,20,5,25,16
1940042194	ID:2	FUZZRID,DET,5,1082,1082,0,0,0,0,0,0,11,0,0,0
1940042251	ID:20	[HFS] ra=0 si=0 cx=49 ac=0
1940043006	ID:19	[LIST] Quarantine: (none)
1940046503	ID:19	[LIST] Blacklist: (none)
1940047901	ID:20	[LIST] Neighbors: 26,30,19,6,12,5,22,11
1940051538	ID:20	[LIST] Quarantine: (none)
1940052962	ID:19	FUZZRID,DET,5,1082,1082,0,0,0,0,0,0,24,0,0,0
1940055034	ID:20	[LIST] Blacklist: (none)
1940061384	ID:20	FUZZRID,DET,5,1082,1082,0,0,0,0,0,0,9,0,0,0
1941393975	ID:9	[HFS] ra=0 si=0 cx=49 ac=0
1941399185	ID:9	[LIST] Neighbors: 4,25,29,10,7,23,14
1941402821	ID:9	[LIST] Quarantine: (none)
1941406318	ID:9	[LIST] Blacklist: (none)
1941412806	ID:9	FUZZRID,DET,14,1126,1126,0,0,0,0,0,0,1,0,0,0
1942808777	ID:30	[ATK-FAKE-RANK]  true_rank=1029 fake_rank=1576 t=11720s
1942913326	ID:16	[HFS] ra=74 si=49 cx=49 ac=82
1942919005	ID:16	[LIST] Neighbors: 19,17,30,24,29,25,2,8
1942922641	ID:16	[LIST] Quarantine: (none)
1942926138	ID:16	[LIST] Blacklist: (none)
1942933866	ID:16	FUZZRID,DET,30,1576,1029,547,0,100,100,4,0,3,0,82,75
1943656186	ID:4	[HFS] ra=0 si=0 cx=49 ac=0
1943661263	ID:4	[LIST] Neighbors: 28,9,31,7,3,14,21
1943664651	ID:7	[HFS] ra=0 si=0 cx=49 ac=0
1943664900	ID:4	[LIST] Quarantine: (none)
1943668411	ID:4	[LIST] Blacklist: (none)
1943669008	ID:7	[LIST] Neighbors: 4,23,29,9,14
1943672645	ID:7	[LIST] Quarantine: (none)
1943674867	ID:4	FUZZRID,DET,9,1258,1258,0,0,0,0,0,0,20,0,0,0
1943676141	ID:7	[LIST] Blacklist: (none)
1943682621	ID:7	FUZZRID,DET,9,1258,1258,0,0,0,0,0,0,16,0,0,0
1943754093	ID:14	[HFS] ra=0 si=0 cx=49 ac=0
1943758171	ID:14	[LIST] Neighbors: 31,4,7,9,3
1943761808	ID:14	[LIST] Quarantine: (none)
1943765304	ID:14	[LIST] Blacklist: (none)
1943771760	ID:14	FUZZRID,DET,9,1258,1258,0,0,0,0,0,0,18,0,0,0
1944041192	ID:16	[HFS] ra=0 si=0 cx=49 ac=0
1944046842	ID:16	[LIST] Neighbors: 19,17,30,24,29,25,2,8
1944050503	ID:16	[LIST] Quarantine: (none)
1944054000	ID:16	[LIST] Blacklist: (none)
1944060490	ID:16	FUZZRID,DET,24,1316,1316,0,0,0,0,0,0,6,0,0,0
1946646594	ID:31	[ATK-FAKE-RANK]  true_rank=785 fake_rank=1168 t=11720s
1946676571	ID:3	[HFS] ra=74 si=49 cx=49 ac=82
1946680236	ID:3	[LIST] Neighbors: 31,4,14
1946683873	ID:3	[LIST] Quarantine: (none)
1946687378	ID:3	[LIST] Blacklist: (none)
1946695049	ID:3	FUZZRID,DET,31,1168,785,383,0,100,100,19,0,3,0,82,75
1946757833	ID:14	[HFS] ra=74 si=49 cx=49 ac=82
1946761912	ID:14	[LIST] Neighbors: 31,4,7,9,3
1946765549	ID:14	[LIST] Quarantine: (none)
1946769045	ID:14	[LIST] Blacklist: (none)
1946776725	ID:14	FUZZRID,DET,31,1168,785,383,0,100,100,81,0,3,0,82,75
1946780482	ID:4	[HFS] ra=74 si=49 cx=49 ac=82
1946785560	ID:4	[LIST] Neighbors: 28,9,31,7,3,14,21
1946789196	ID:4	[LIST] Quarantine: (none)
1946792711	ID:4	[LIST] Blacklist: (none)
1946800388	ID:4	FUZZRID,DET,31,1168,785,383,0,100,100,12,0,1,0,82,75
1948666858	ID:20	[HFS] ra=0 si=0 cx=49 ac=0
1948672508	ID:20	[LIST] Neighbors: 26,30,19,6,12,5,22,11
1948676145	ID:20	[LIST] Quarantine: (none)
1948679641	ID:20	[LIST] Blacklist: (none)
1948685736	ID:20	FUZZRID,DET,22,919,919,0,0,0,0,0,0,0,0,0,0
1948888300	ID:6	[HFS] ra=0 si=0 cx=49 ac=0
1948893950	ID:6	[LIST] Neighbors: 19,17,20,16,30,2,12,5
1948897587	ID:6	[LIST] Quarantine: (none)
1948901083	ID:6	[LIST] Blacklist: (none)
1948907196	ID:6	FUZZRID,DET,19,768,768,0,0,0,0,0,0,5,0,0,0
1949892241	ID:9	[HFS] ra=0 si=0 cx=49 ac=0
1949897451	ID:9	[LIST] Neighbors: 4,25,29,10,7,23,14
1949901088	ID:9	[LIST] Quarantine: (none)
1949904585	ID:9	[LIST] Blacklist: (none)
1949905483	ID:4	[HFS] ra=0 si=0 cx=49 ac=0
1949910560	ID:4	[LIST] Neighbors: 28,9,31,7,3,14,21
1949911040	ID:9	FUZZRID,DET,14,1068,1068,0,0,0,0,0,0,6,0,0,0
1949913420	ID:7	[HFS] ra=0 si=0 cx=49 ac=0
1949914197	ID:4	[LIST] Quarantine: (none)
1949917712	ID:4	[LIST] Blacklist: (none)
1949917777	ID:7	[LIST] Neighbors: 4,23,29,9,14
1949921413	ID:7	[LIST] Quarantine: (none)
1949924167	ID:4	FUZZRID,DET,14,1068,1068,0,0,0,0,0,0,3,0,0,0
1949924910	ID:7	[LIST] Blacklist: (none)
1949925818	ID:3	[HFS] ra=0 si=0 cx=49 ac=0
1949929483	ID:3	[LIST] Neighbors: 31,4,14
1949931367	ID:7	FUZZRID,DET,14,1068,1068,0,0,0,0,0,0,4,0,0,0
1949933120	ID:3	[LIST] Quarantine: (none)
1949936616	ID:3	[LIST] Blacklist: (none)
1949943071	ID:3	FUZZRID,DET,14,1068,1068,0,0,0,0,0,0,4,0,0,0
1950600761	ID:25	[HFS] ra=0 si=0 cx=49 ac=0
1950606565	ID:25	[LIST] Neighbors: 15,26,17,10,30,9,16,29
1950610202	ID:25	[LIST] Quarantine: (none)
1950613698	ID:25	[LIST] Blacklist: (none)
1950620193	ID:25	FUZZRID,DET,9,1239,1239,0,0,0,0,0,0,16,0,0,0
1950629527	ID:14	[HFS] ra=0 si=0 cx=49 ac=0
1950633605	ID:14	[LIST] Neighbors: 31,4,7,9,3
1950637241	ID:14	[LIST] Quarantine: (none)
1950640762	ID:14	[LIST] Blacklist: (none)
1950647218	ID:14	FUZZRID,DET,9,1239,1239,0,0,0,0,0,0,18,0,0,0
1950660920	ID:4	[HFS] ra=0 si=0 cx=49 ac=0
1950663708	ID:7	[HFS] ra=0 si=0 cx=49 ac=0
1950665997	ID:4	[LIST] Neighbors: 28,9,31,7,3,14,21
1950668065	ID:7	[LIST] Neighbors: 4,23,29,9,14
1950669634	ID:4	[LIST] Quarantine: (none)
1950671701	ID:7	[LIST] Quarantine: (none)
1950673131	ID:4	[LIST] Blacklist: (none)
1950675228	ID:7	[LIST] Blacklist: (none)
1950679607	ID:4	FUZZRID,DET,9,1239,1239,0,0,0,0,0,0,13,0,0,0
1950681684	ID:7	FUZZRID,DET,9,1239,1239,0,0,0,0,0,0,14,0,0,0
1950681711	ID:10	[HFS] ra=0 si=0 cx=46 ac=0
1950687507	ID:10	[LIST] Neighbors: 19,25,17,16,9,24,29,30
1950691147	ID:10	[LIST] Quarantine: (none)
1950694644	ID:10	[LIST] Blacklist: (none)
1950701100	ID:10	FUZZRID,DET,9,1239,1239,0,0,0,0,0,0,24,0,0,0
1952915470	ID:7	[HFS] ra=0 si=0 cx=49 ac=0
1952919826	ID:7	[LIST] Neighbors: 4,23,29,9,14
1952923464	ID:7	[LIST] Quarantine: (none)
1952926960	ID:7	[LIST] Blacklist: (none)
1952933417	ID:7	FUZZRID,DET,9,1239,1239,0,0,0,0,0,0,13,0,0,0
1953750766	ID:12	[HFS] ra=0 si=0 cx=49 ac=0
1953754990	ID:12	[LIST] Neighbors: 20,5,30,6,2
1953758627	ID:12	[LIST] Quarantine: (none)
1953762124	ID:12	[LIST] Blacklist: (none)
1953768440	ID:12	FUZZRID,DET,2,1412,1412,0,0,0,0,0,0,2,0,0,0
1956514713	ID:9	[HFS] ra=0 si=0 cx=49 ac=0
1956519923	ID:9	[LIST] Neighbors: 4,25,29,10,7,23,14
1956523560	ID:9	[LIST] Quarantine: (none)
1956527068	ID:9	[LIST] Blacklist: (none)
1956532109	ID:4	[HFS] ra=0 si=0 cx=49 ac=0
1956533522	ID:9	FUZZRID,DET,14,1066,1066,0,0,0,0,0,0,6,0,0,0
1956537187	ID:4	[LIST] Neighbors: 28,9,31,7,3,14,21
1956540004	ID:7	[HFS] ra=0 si=0 cx=49 ac=0
1956540823	ID:4	[LIST] Quarantine: (none)
1956544320	ID:4	[LIST] Blacklist: (none)
1956544394	ID:7	[LIST] Neighbors: 4,23,29,9,14
1956548031	ID:7	[LIST] Quarantine: (none)
1956550809	ID:4	FUZZRID,DET,14,1066,1066,0,0,0,0,0,0,4,0,0,0
1956551528	ID:7	[LIST] Blacklist: (none)
1956552359	ID:3	[HFS] ra=0 si=0 cx=49 ac=0
1956556023	ID:3	[LIST] Neighbors: 31,4,14
1956557982	ID:7	FUZZRID,DET,14,1066,1066,0,0,0,0,0,0,4,0,0,0
1956559660	ID:3	[LIST] Quarantine: (none)
1956563156	ID:3	[LIST] Blacklist: (none)
1956569635	ID:3	FUZZRID,DET,14,1066,1066,0,0,0,0,0,0,4,0,0,0
1957537448	ID:7	[HFS] ra=0 si=0 cx=49 ac=0
1957541838	ID:7	[LIST] Neighbors: 4,23,29,9,14
1957545475	ID:7	[LIST] Quarantine: (none)
1957548971	ID:7	[LIST] Blacklist: (none)
1957555429	ID:7	FUZZRID,DET,23,1558,1558,0,0,0,0,0,0,3,0,0,0
1962352541	ID:25	[HFS] ra=0 si=0 cx=49 ac=0
1962358337	ID:25	[LIST] Neighbors: 15,26,17,10,30,9,16,29
1962361974	ID:25	[LIST] Quarantine: (none)
1962365470	ID:25	[LIST] Blacklist: (none)
1962371927	ID:25	FUZZRID,DET,9,1239,1239,0,0,0,0,0,0,15,0,0,0
1962381751	ID:14	[HFS] ra=0 si=0 cx=49 ac=0
1962385829	ID:14	[LIST] Neighbors: 31,4,7,9,3
1962389466	ID:14	[LIST] Quarantine: (none)
1962392963	ID:14	[LIST] Blacklist: (none)
1962399419	ID:14	FUZZRID,DET,9,1239,1239,0,0,0,0,0,0,18,0,0,0
1962433492	ID:10	[HFS] ra=0 si=0 cx=47 ac=0
1962439288	ID:10	[LIST] Neighbors: 19,25,17,16,9,24,29,30
1962442925	ID:10	[LIST] Quarantine: (none)
1962446422	ID:10	[LIST] Blacklist: (none)
1962452903	ID:10	FUZZRID,DET,9,1239,1239,0,0,0,0,0,0,23,0,0,0
1973288155	ID:7	[HFS] ra=0 si=0 cx=49 ac=0
1973292512	ID:7	[LIST] Neighbors: 4,23,29,9,14
1973296149	ID:7	[LIST] Quarantine: (none)
1973299669	ID:7	[LIST] Blacklist: (none)
1973300389	ID:3	[HFS] ra=0 si=0 cx=49 ac=0
1973304053	ID:3	[LIST] Neighbors: 31,4,14
1973306123	ID:7	FUZZRID,DET,14,1064,1064,0,0,0,0,0,0,4,0,0,0
1973307690	ID:3	[LIST] Quarantine: (none)
1973311187	ID:3	[LIST] Blacklist: (none)
1973317641	ID:3	FUZZRID,DET,14,1064,1064,0,0,0,0,0,0,4,0,0,0
1973390998	ID:9	[HFS] ra=0 si=0 cx=49 ac=0
1973396207	ID:9	[LIST] Neighbors: 4,25,29,10,7,23,14
1973399844	ID:9	[LIST] Quarantine: (none)
1973403341	ID:9	[LIST] Blacklist: (none)
1973409795	ID:9	FUZZRID,DET,14,1064,1064,0,0,0,0,0,0,1,0,0,0
1976414473	ID:16	[HFS] ra=0 si=0 cx=49 ac=0
1976420123	ID:16	[LIST] Neighbors: 19,17,30,24,29,25,2,8
1976423760	ID:16	[LIST] Quarantine: (none)
1976427256	ID:16	[LIST] Blacklist: (none)
1976433595	ID:16	FUZZRID,DET,8,1469,1469,0,0,0,0,0,0,0,0,0,0
1978747494	ID:26	[ATK-FAKE-RANK]  true_rank=823 fake_rank=1309 t=11720s
1978808162	ID:17	[HFS] ra=74 si=49 cx=49 ac=82
1978814123	ID:17	[LIST] Neighbors: 26,19,16,10,24,29,25,30
1978817760	ID:17	[LIST] Quarantine: (none)
1978821256	ID:17	[LIST] Blacklist: (none)
1978828919	ID:17	FUZZRID,DET,26,1309,823,486,0,100,100,22,0,3,0,82,75
1980159616	ID:18	 253443 P 0.0 32 997414 63876066 285623 571068 0 439214 15465 1950213 280 12989 0 12590 (radio 1.-35% / 0.67% tx 0.44% / 0.01% listen 0.21% / 0.66%)
1980188310	ID:16	 253443 P 0.0 32 2133371 62743165 578501 939594 0 669508 41304 1924741 3709 19493 0 16727 (radio 2.-165% / 1.18% tx 0.22% / 0.18% listen 1.-88% / 0.99%)
1980325882	ID:23	[HFS] ra=0 si=0 cx=49 ac=0
1980326356	ID:3	 253443 P 0.0 32 1097161 63780629 308480 626545 0 494614 27822 1938247 4743 16320 0 13698 (radio 1.-89% / 1.07% tx 0.47% / 0.24% listen 0.30% / 0.83%)
1980328987	ID:23	[LIST] Neighbors: 7,9
1980332624	ID:23	[LIST] Quarantine: (none)
1980336120	ID:23	[LIST] Blacklist: (none)
1980342437	ID:23	FUZZRID,DET,7,1076,1076,0,0,0,0,0,0,3,0,0,0
1980374175	ID:25	 253443 P 0.0 32 2030407 62845448 526139 965432 0 718052 44511 1921413 7262 21393 0 17912 (radio 2.-169% / 1.45% tx 0.14% / 0.36% listen 1.-84% / 1.08%)
1980375149	ID:23	 253446 P 0.0 32 1068423 63807923 345043 564427 0 427365 17148 1949786 742 13310 0 12986 (radio 1.-93% / 0.71% tx 0.53% / 0.03% listen 0.20% / 0.67%)
1980417573	ID:11	 253443 P 0.0 32 1672783 63205157 462522 813643 0 577132 40772 1925231 10844 20311 0 15595 (radio 1.-36% / 1.58% tx 0.05% / 0.55% listen 1.-41% / 1.03%)
1980559258	ID:19	 253443 P 0.0 32 3955204 60920979 1415211 1429813 0 612985 64378 1901367 16359 26002 0 16585 (radio 4.-359% / 2.15% tx 2.-181% / 0.83% listen 2.-179% / 1.32%)
1980564529	ID:20	 253443 P 0.0 32 1816210 63059864 434276 804829 0 604223 43187 1922650 7269 19627 0 15804 (radio 1.-42% / 1.36% tx 0.00% / 0.36% listen 1.-43% / 0.99%)
1980580350	ID:10	 253443 P 0.0 32 1839887 63037583 513988 990724 0 775697 34323 1931485 3360 18424 0 16285 (radio 2.-167% / 1.10% tx 0.13% / 0.17% listen 1.-80% / 0.93%)
1980681041	ID:4	 253443 P 0.0 32 1997547 62878720 643532 812685 0 512615 60331 1905489 16624 23322 0 13714 (radio 2.-175% / 2.03% tx 0.32% / 0.84% listen 1.-41% / 1.18%)
1980717099	ID:8	 253443 P 0.0 32 1462418 63414830 385864 664497 0 499160 28264 1937589 3907 15129 0 13768 (radio 1.-71% / 0.96% tx 0.59% / 0.19% listen 1.-64% / 0.76%)
1980780902	ID:14	 253443 P 0.0 32 1941092 62934237 679535 785784 0 462863 62639 1903286 21610 20579 0 13547 (radio 2.-173% / 2.14% tx 1.-62% / 1.09% listen 1.-46% / 1.04%)
1980813253	ID:7	 253443 P 0.0 32 1380194 63496146 330367 655002 0 515683 46153 1919880 9797 17942 0 14046 (radio 1.-81% / 1.41% tx 0.50% / 0.49% listen 1.-66% / 0.91%)
1980829236	ID:1	 253445 P 0.0 32 3319302 61558670 1454374 63422420 0 0 55931 1910082 22520 1943535 0 0 (radio 33.-3297% / 100.-8739% tx 2.-175% / 1.14% listen 31.-3056% / 98.-8653%)
1980833325	ID:15	 253443 P 0.0 32 3649781 61225852 1200071 1351568 0 534277 66216 1899695 18442 26218 0 14129 (radio 3.-238% / 2.27% tx 1.-48% / 0.93% listen 2.-191% / 1.33%)
1980833941	ID:17	 253443 P 0.0 32 3011741 61864514 1128049 1254452 0 735167 68781 1897258 22381 26019 0 14881 (radio 3.-264% / 2.46% tx 1.-59% / 1.13% listen 1.-40% / 1.32%)
1980912298	ID:6	 253443 P 0.0 32 2105815 62769549 568344 959486 0 657633 57638 1908199 15198 23561 0 15333 (radio 2.-164% / 1.97% tx 0.21% / 0.77% listen 1.-85% / 1.19%)
1980922172	ID:2	 253443 P 0.0 32 1474129 63402919 380605 696330 0 530341 39992 1926060 9509 18933 0 14305 (radio 1.-67% / 1.44% tx 0.58% / 0.48% listen 1.-59% / 0.96%)
1980955482	ID:22	 253443 P 0.0 32 1287587 63588002 346957 648381 0 495630 40295 1925664 12611 19308 0 13487 (radio 1.-79% / 1.62% tx 0.53% / 0.64% listen 0.33% / 0.98%)
1981025345	ID:12	 253443 P 0.0 32 1491828 63382844 458865 677406 0 499765 36011 1930028 7524 17936 0 13793 (radio 1.-58% / 1.29% tx 0.04% / 0.38% listen 1.-62% / 0.91%)
1981042138	ID:9	 253443 P 0.0 32 1898117 62979446 585754 791689 0 527013 57763 1908300 16862 18352 0 13637 (radio 2.-187% / 1.79% tx 0.24% / 0.85% listen 1.-45% / 0.93%)
1981084166	ID:24	 253443 P 0.0 32 2376453 62500400 949071 902661 0 481950 50569 1915429 16979 19792 0 11979 (radio 2.-180% / 1.87% tx 1.-87% / 0.86% listen 1.-94% / 1.00%)
1981135962	ID:5	 253443 P 0.0 32 1629430 63247721 482060 757159 0 560786 40601 1925362 11522 19105 0 15052 (radio 1.-42% / 1.55% tx 0.08% / 0.58% listen 1.-50% / 0.97%)
1981137199	ID:21	 253443 P 0.0 32 1570954 63307906 405784 795525 0 499546 33065 1932999 3986 18774 0 13830 (radio 1.-48% / 1.15% tx 0.62% / 0.20% listen 1.-44% / 0.95%)
1981140049	ID:13	 253443 P 0.0 32 924272 63951291 249653 538401 0 446810 15007 1951068 0 12823 0 12823 (radio 1.-45% / 0.65% tx 0.38% / 0.00% listen 0.16% / 0.65%)
1981810239	ID:24	[HFS] ra=0 si=0 cx=49 ac=0
1981815182	ID:24	[LIST] Neighbors: 17,16,18,10,13,8
1981818819	ID:24	[LIST] Quarantine: (none)
1981822316	ID:24	[LIST] Blacklist: (none)
1981828796	ID:24	FUZZRID,DET,13,1695,1695,0,0,0,0,0,0,7,0,0,0
1983751486	ID:27	[ATK-FAKE-RANK]  true_rank=512 fake_rank=892 t=11720s
1983772861	ID:1	[HFS] ra=74 si=49 cx=49 ac=82
1983777098	ID:1	[LIST] Neighbors: 21,27,28,15
1983780735	ID:1	[LIST] Quarantine: (none)
1983784267	ID:1	[LIST] Blacklist: (none)
1983791732	ID:1	FUZZRID,DET,27,892,512,380,0,100,100,52,0,0,0,82,75
1983809155	ID:15	[HFS] ra=74 si=49 cx=49 ac=82
1983814671	ID:15	[LIST] Neighbors: 28,26,22,19,25,11,27
1983818311	ID:15	[LIST] Quarantine: (none)
1983821808	ID:15	[LIST] Blacklist: (none)
1983829273	ID:15	FUZZRID,DET,27,892,512,380,0,100,100,10,0,0,0,82,75
1998034268	ID:4	[HFS] ra=0 si=0 cx=49 ac=0
1998039345	ID:4	[LIST] Neighbors: 28,9,31,7,3,14,21
1998042991	ID:4	[LIST] Quarantine: (none)
1998046488	ID:4	[LIST] Blacklist: (none)
1998052612	ID:4	FUZZRID,DET,21,512,512,0,0,0,0,0,0,0,0,0,0
2002031388	ID:4	[HFS] ra=0 si=0 cx=49 ac=0
2002036479	ID:4	[LIST] Neighbors: 28,9,31,7,3,14,21
2002039693	ID:7	[HFS] ra=0 si=0 cx=49 ac=0
2002040116	ID:4	[LIST] Quarantine: (none)
2002043614	ID:4	[LIST] Blacklist: (none)
2002044050	ID:7	[LIST] Neighbors: 4,23,29,9,14
2002047686	ID:7	[LIST] Quarantine: (none)
2002050104	ID:4	FUZZRID,DET,9,1239,1239,0,0,0,0,0,0,12,0,0,0
2002051207	ID:7	[LIST] Blacklist: (none)
2002057228	ID:10	[HFS] ra=0 si=0 cx=49 ac=0
2002057524	ID:7	FUZZRID,DET,9,1239,1239,0,0,0,0,0,0,7,0,0,0
2002063024	ID:10	[LIST] Neighbors: 19,25,17,16,9,24,29,30
2002066661	ID:10	[LIST] Quarantine: (none)
2002070158	ID:10	[LIST] Blacklist: (none)
2002073265	ID:23	[HFS] ra=0 si=0 cx=49 ac=0
2002076343	ID:23	[LIST] Neighbors: 7,9
2002076614	ID:10	FUZZRID,DET,9,1239,1239,0,0,0,0,0,0,16,0,0,0
2002079979	ID:23	[LIST] Quarantine: (none)
2002083476	ID:23	[LIST] Blacklist: (none)
2002089932	ID:23	FUZZRID,DET,9,1239,1239,0,0,0,0,0,0,15,0,0,0
2002100174	ID:25	[HFS] ra=0 si=0 cx=49 ac=0
2002105971	ID:25	[LIST] Neighbors: 15,26,17,10,30,9,16,29
2002109607	ID:25	[LIST] Quarantine: (none)
2002113104	ID:25	[LIST] Blacklist: (none)
2002119560	ID:25	FUZZRID,DET,9,1239,1239,0,0,0,0,0,0,13,0,0,0
2002129347	ID:14	[HFS] ra=0 si=0 cx=49 ac=0
2002133425	ID:14	[LIST] Neighbors: 31,4,7,9,3
2002137062	ID:14	[LIST] Quarantine: (none)
2002140558	ID:14	[LIST] Blacklist: (none)
2002147014	ID:14	FUZZRID,DET,9,1239,1239,0,0,0,0,0,0,12,0,0,0
2004140692	ID:9	[HFS] ra=0 si=0 cx=49 ac=0
2004145901	ID:9	[LIST] Neighbors: 4,25,29,10,7,23,14
2004149538	ID:9	[LIST] Quarantine: (none)
2004153047	ID:9	[LIST] Blacklist: (none)
2004159501	ID:9	FUZZRID,DET,14,1063,1063,0,0,0,0,0,0,1,0,0,0
2004166029	ID:7	[HFS] ra=0 si=0 cx=49 ac=0
2004170386	ID:7	[LIST] Neighbors: 4,23,29,9,14
2004174023	ID:7	[LIST] Quarantine: (none)
2004177519	ID:7	[LIST] Blacklist: (none)
2004178402	ID:3	[HFS] ra=0 si=0 cx=49 ac=0
2004182066	ID:3	[LIST] Neighbors: 31,4,14
2004183974	ID:7	FUZZRID,DET,14,1063,1063,0,0,0,0,0,0,4,0,0,0
2004185703	ID:3	[LIST] Quarantine: (none)
2004189200	ID:3	[LIST] Blacklist: (none)
2004195655	ID:3	FUZZRID,DET,14,1063,1063,0,0,0,0,0,0,4,0,0,0
2006993847	ID:29	[ATK-FAKE-RANK]  true_rank=1396 fake_rank=2071 t=11720s
2007038049	ID:16	[HFS] ra=74 si=49 cx=49 ac=82
2007043725	ID:16	[LIST] Neighbors: 19,17,30,24,29,25,2,8
2007047362	ID:16	[LIST] Quarantine: (none)
2007050858	ID:16	[LIST] Blacklist: (none)
2007058685	ID:16	FUZZRID,DET,29,2071,1396,675,0,100,100,10,0,6,0,82,75
2013058481	ID:17	[HFS] ra=0 si=0 cx=49 ac=0
2013064423	ID:17	[LIST] Neighbors: 26,19,16,10,24,29,25,30
2013068091	ID:17	[LIST] Quarantine: (none)
2013071588	ID:17	[LIST] Blacklist: (none)
2013078042	ID:17	FUZZRID,DET,16,1084,1084,0,0,0,0,0,0,5,0,0,0
2018500252	ID:12	[HFS] ra=0 si=0 cx=49 ac=0
2018504477	ID:12	[LIST] Neighbors: 20,5,30,6,2
2018508114	ID:12	[LIST] Quarantine: (none)
2018511610	ID:12	[LIST] Blacklist: (none)
2018518064	ID:12	FUZZRID,DET,20,1060,1060,0,0,0,0,0,0,6,0,0,0
2024627506	ID:27	[ATK-FAKE-RANK]  true_rank=512 fake_rank=912 t=11720s
2024683714	ID:22	[HFS] ra=74 si=49 cx=49 ac=82
2024688377	ID:22	[LIST] Neighbors: 15,26,11,20,27
2024692045	ID:22	[LIST] Quarantine: (none)
2024695542	ID:22	[LIST] Blacklist: (none)
2024703007	ID:22	FUZZRID,DET,27,912,512,400,0,100,100,81,0,1,0,82,75
2027867973	ID:13	[HFS] ra=0 si=0 cx=49 ac=0
2027871357	ID:13	[LIST] Neighbors: 24,18
2027874994	ID:13	[LIST] Quarantine: (none)
2027878491	ID:13	[LIST] Blacklist: (none)
2027884980	ID:13	FUZZRID,DET,18,1711,1711,0,0,0,0,0,0,0,0,0,0
2033765496	ID:9	[HFS] ra=0 si=0 cx=49 ac=0
2033770706	ID:9	[LIST] Neighbors: 4,25,29,10,7,23,14
2033774343	ID:9	[LIST] Quarantine: (none)
2033777840	ID:9	[LIST] Blacklist: (none)
2033783793	ID:9	FUZZRID,DET,4,815,815,0,0,0,0,0,0,9,0,0,0
2034887697	ID:6	[HFS] ra=0 si=0 cx=49 ac=0
2034893347	ID:6	[LIST] Neighbors: 19,17,20,16,30,2,12,5
2034897000	ID:6	[LIST] Quarantine: (none)
2034900497	ID:6	[LIST] Blacklist: (none)
2034906951	ID:6	FUZZRID,DET,12,1346,1346,0,0,0,0,0,0,2,0,0,0
2036426622	ID:3	[HFS] ra=0 si=0 cx=49 ac=0
2036430292	ID:3	[LIST] Neighbors: 31,4,14
2036433929	ID:3	[LIST] Quarantine: (none)
2036437426	ID:3	[LIST] Blacklist: (none)
2036443880	ID:3	FUZZRID,DET,14,1063,1063,0,0,0,0,0,0,4,0,0,0
2039302329	ID:26	[ATK-FAKE-RANK]  true_rank=823 fake_rank=1329 t=11720s
2039415601	ID:20	[HFS] ra=74 si=49 cx=49 ac=82
2039421251	ID:20	[LIST] Neighbors: 26,30,19,6,12,5,22,11
2039424890	ID:20	[LIST] Quarantine: (none)
2039428387	ID:20	[LIST] Blacklist: (none)
2039436031	ID:20	FUZZRID,DET,26,1329,823,506,0,100,100,27,0,2,0,82,75
2039977730	ID:28	[ATK-FAKE-RANK]  true_rank=512 fake_rank=972 t=11720s
2040160179	ID:18	 261123 P 0.0 33 1016346 65822813 288692 583659 0 450887 18930 1946747 3069 12591 0 11673 (radio 1.-99% / 0.79% tx 0.43% / 0.15% listen 0.23% / 0.64%)
2040188318	ID:16	 261123 P 0.0 33 2177879 64664711 585944 956206 0 682145 44506 1921546 7443 16612 0 12637 (radio 2.-163% / 1.22% tx 0.23% / 0.37% listen 1.-86% / 0.84%)
2040326635	ID:3	 261123 P 0.0 33 1136048 65707816 321855 645610 0 507390 38886 1927187 13375 19065 0 12776 (radio 1.-84% / 1.64% tx 0.48% / 0.68% listen 0.32% / 0.96%)
2040348650	ID:23	 261123 P 0.0 33 1084864 65756679 345367 577091 0 439613 16440 1948756 324 12664 0 12248 (radio 1.-91% / 0.66% tx 0.51% / 0.01% listen 0.22% / 0.64%)
2040373317	ID:25	 261123 P 0.0 33 2060918 64781005 526139 980488 0 732882 30509 1935557 0 15056 0 14830 (radio 2.-168% / 0.76% tx 0.14% / 0.00% listen 1.-82% / 0.76%)
2040417449	ID:11	 261123 P 0.0 33 1700479 65143530 464132 827821 0 589807 27695 1938373 1610 14178 0 12675 (radio 1.-100% / 0.80% tx 0.05% / 0.08% listen 1.-41% / 0.72%)
2040564805	ID:20	 261123 P 0.0 33 1864509 64977522 445810 823647 0 617470 48298 1917658 11534 18818 0 13247 (radio 1.-39% / 1.54% tx 0.02% / 0.58% listen 1.-42% / 0.95%)
2040565038	ID:19	 261123 P 0.0 33 3995392 62847060 1419320 1447740 0 627487 40187 1926081 4109 17927 0 14502 (radio 4.-357% / 1.12% tx 2.-181% / 0.20% listen 2.-177% / 0.91%)
2040580535	ID:10	 261123 P 0.0 33 1869022 64974436 515442 1006049 0 790390 29133 1936853 1454 15325 0 14693 (radio 2.-166% / 0.85% tx 0.12% / 0.07% listen 1.-79% / 0.77%)
2040681036	ID:4	 261123 P 0.0 33 2066265 64775887 666762 835543 0 526119 68717 1897167 23230 22858 0 13504 (radio 2.-169% / 2.34% tx 0.35% / 1.18% listen 1.-40% / 1.16%)
2040716244	ID:8	 261123 P 0.0 33 1484433 65358832 385864 677288 0 511951 22014 1944002 0 12791 0 12791 (radio 1.-70% / 0.65% tx 0.57% / 0.00% listen 1.-63% / 0.65%)
2040780673	ID:14	 261123 P 0.0 33 1974081 64867266 686029 802023 0 477392 32988 1933029 6494 16239 0 14529 (radio 2.-171% / 1.15% tx 1.-62% / 0.33% listen 1.-45% / 0.82%)
2040813507	ID:7	 261123 P 0.0 33 1427200 65415209 344680 674712 0 528081 47005 1919063 14313 19710 0 12398 (radio 1.-77% / 1.73% tx 0.51% / 0.72% listen 1.-64% / 1.00%)
2040828302	ID:1	 261125 P 0.0 33 3344177 63499766 1454374 65388500 0 0 24873 1941096 0 1966078 0 0 (radio 35.-3460% / 100.-8739% tx 2.-176% / 0.00% listen 33.-3285% / 100.-8739%)
2040836179	ID:15	 261123 P 0.0 33 3683334 63158484 1200476 1366456 0 547778 33552 1932632 405 14888 0 13501 (radio 3.-238% / 0.77% tx 1.-49% / 0.02% listen 2.-189% / 0.75%)
2040838522	ID:17	 261123 P 0.0 33 3072199 63770197 1145344 1276043 0 748418 60457 1905683 17295 21591 0 13251 (radio 3.-260% / 1.97% tx 1.-58% / 0.87% listen 1.-38% / 1.09%)
2040912043	ID:6	 261123 P 0.0 33 2141283 64699805 571566 975283 0 671361 35466 1930256 3222 15797 0 13728 (radio 2.-162% / 0.96% tx 0.21% / 0.16% listen 1.-83% / 0.80%)
2040922148	ID:2	 261123 P 0.0 33 1499182 65343916 382460 709979 0 543237 25052 1940997 1855 13649 0 12896 (radio 1.-66% / 0.78% tx 0.57% / 0.09% listen 1.-59% / 0.69%)
2040955201	ID:22	 261123 P 0.0 33 1319670 65521818 353323 664131 0 508230 32082 1933816 6366 15750 0 12600 (radio 1.-77% / 1.12% tx 0.52% / 0.32% listen 0.35% / 0.80%)
2041025337	ID:12	 261123 P 0.0 33 1523971 65316740 465608 693210 0 512394 32142 1933896 6743 15804 0 12629 (radio 1.-56% / 1.14% tx 0.05% / 0.34% listen 1.-61% / 0.80%)
2041041822	ID:9	 261123 P 0.0 33 1932126 64911513 590718 807071 0 540982 34007 1932067 4964 15382 0 13969 (radio 2.-184% / 1.03% tx 0.24% / 0.25% listen 1.-44% / 0.78%)
2041083928	ID:24	 261123 P 0.0 33 2404561 64438325 951170 916619 0 494823 28107 1937925 2099 13958 0 12873 (radio 2.-178% / 0.81% tx 1.-87% / 0.10% listen 1.-92% / 0.70%)
2041135646	ID:5	 261123 P 0.0 33 1654151 65189054 483181 771717 0 574305 24720 1941333 1121 14558 0 13519 (radio 1.-41% / 0.79% tx 0.08% / 0.05% listen 1.-49% / 0.74%)
2041137188	ID:21	 261123 P 0.0 33 1606808 65237993 412439 811476 0 512515 35852 1930087 6655 15951 0 12969 (radio 1.-46% / 1.14% tx 0.61% / 0.33% listen 1.-43% / 0.81%)
2041140878	ID:13	 261123 P 0.0 33 943952 65897688 252298 551126 0 458712 19678 1946397 2645 12725 0 11902 (radio 1.-45% / 0.78% tx 0.37% / 0.13% listen 0.18% / 0.64%)
2042781220	ID:4	[HFS] ra=0 si=0 cx=49 ac=0
2042786297	ID:4	[LIST] Neighbors: 28,9,31,7,3,14,21
2042788848	ID:7	[HFS] ra=0 si=0 cx=49 ac=0
2042789934	ID:4	[LIST] Quarantine: (none)
2042793205	ID:7	[LIST] Neighbors: 4,23,29,9,14
2042793431	ID:4	[LIST] Blacklist: (none)
2042796842	ID:7	[LIST] Quarantine: (none)
2042799885	ID:4	FUZZRID,DET,14,1063,1063,0,0,0,0,0,0,4,0,0,0
2042800368	ID:7	[LIST] Blacklist: (none)
2042801193	ID:3	[HFS] ra=0 si=0 cx=49 ac=0
2042804872	ID:3	[LIST] Neighbors: 31,4,14
2042806823	ID:7	FUZZRID,DET,14,1063,1063,0,0,0,0,0,0,4,0,0,0
2042808509	ID:3	[LIST] Quarantine: (none)
2042812006	ID:3	[LIST] Blacklist: (none)
2042818460	ID:3	FUZZRID,DET,14,1063,1063,0,0,0,0,0,0,4,0,0,0
2042891705	ID:9	[HFS] ra=0 si=0 cx=49 ac=0
2042896947	ID:9	[LIST] Neighbors: 4,25,29,10,7,23,14
2042900584	ID:9	[LIST] Quarantine: (none)
2042904081	ID:9	[LIST] Blacklist: (none)
2042910535	ID:9	FUZZRID,DET,14,1063,1063,0,0,0,0,0,0,1,0,0,0
2048037477	ID:19	[HFS] ra=0 si=0 cx=49 ac=0
2048043273	ID:19	[LIST] Neighbors: 15,26,17,30,20,5,25,16
2048046910	ID:19	[LIST] Quarantine: (none)
2048050406	ID:19	[LIST] Blacklist: (none)
2048056637	ID:19	FUZZRID,DET,25,813,813,0,0,0,0,0,0,16,0,0,0
2048176043	ID:30	[ATK-FAKE-RANK]  true_rank=1029 fake_rank=1596 t=11720s
2048252575	ID:12	[HFS] ra=74 si=49 cx=49 ac=82
2048256800	ID:12	[LIST] Neighbors: 20,5,30,6,2
2048260437	ID:12	[LIST] Quarantine: (none)
2048263933	ID:12	[LIST] Blacklist: (none)
2048271632	ID:12	FUZZRID,DET,30,1596,1029,567,0,100,100,9,0,2,0,82,75
2056055850	ID:10	[HFS] ra=0 si=0 cx=49 ac=0
2056061646	ID:10	[LIST] Neighbors: 19,25,17,16,9,24,29,30
2056065309	ID:10	[LIST] Quarantine: (none)
2056068805	ID:10	[LIST] Blacklist: (none)
2056075398	ID:10	FUZZRID,DET,24,1312,1312,0,0,0,0,0,0,10,0,0,0
2062912155	ID:7	[HFS] ra=0 si=0 cx=49 ac=0
2062916512	ID:7	[LIST] Neighbors: 4,23,29,9,14
2062920149	ID:7	[LIST] Quarantine: (none)
2062923645	ID:7	[LIST] Blacklist: (none)
2062929785	ID:10	[HFS] ra=0 si=0 cx=49 ac=0
2062929962	ID:7	FUZZRID,DET,9,1224,1224,0,0,0,0,0,0,6,0,0,0
2062935581	ID:10	[LIST] Neighbors: 19,25,17,16,9,24,29,30
2062939218	ID:10	[LIST] Quarantine: (none)
2062942714	ID:10	[LIST] Blacklist: (none)
2062949169	ID:10	FUZZRID,DET,9,1224,1224,0,0,0,0,0,0,15,0,0,0
2062950020	ID:23	[HFS] ra=0 si=0 cx=49 ac=0
2062953097	ID:23	[LIST] Neighbors: 7,9
2062956734	ID:23	[LIST] Quarantine: (none)
2062960256	ID:23	[LIST] Blacklist: (none)
2062966711	ID:23	FUZZRID,DET,9,1224,1224,0,0,0,0,0,0,15,0,0,0
2062977077	ID:25	[HFS] ra=0 si=0 cx=49 ac=0
2062982873	ID:25	[LIST] Neighbors: 15,26,17,10,30,9,16,29
2062986519	ID:25	[LIST] Quarantine: (none)
2062990015	ID:25	[LIST] Blacklist: (none)
2062996471	ID:25	FUZZRID,DET,9,1224,1224,0,0,0,0,0,0,13,0,0,0
2063006160	ID:14	[HFS] ra=0 si=0 cx=49 ac=0
2063010238	ID:14	[LIST] Neighbors: 31,4,7,9,3
2063013875	ID:14	[LIST] Quarantine: (none)
2063017371	ID:14	[LIST] Blacklist: (none)
2063023854	ID:14	FUZZRID,DET,9,1224,1224,0,0,0,0,0,0,11,0,0,0
2063031916	ID:4	[HFS] ra=0 si=0 cx=49 ac=0
2063036993	ID:4	[LIST] Neighbors: 28,9,31,7,3,14,21
2063040630	ID:4	[LIST] Quarantine: (none)
2063044127	ID:4	[LIST] Blacklist: (none)
2063050582	ID:4	FUZZRID,DET,9,1224,1224,0,0,0,0,0,0,11,0,0,0
2063306159	ID:10	[HFS] ra=0 si=0 cx=49 ac=0
2063311956	ID:10	[LIST] Neighbors: 19,25,17,16,9,24,29,30
2063315593	ID:10	[LIST] Quarantine: (none)
2063319041	ID:8	[HFS] ra=0 si=0 cx=49 ac=0
2063319089	ID:10	[LIST] Blacklist: (none)
2063323838	ID:8	[LIST] Neighbors: 17,16,30,6,2,24
2063325682	ID:10	FUZZRID,DET,24,1312,1312,0,0,0,0,0,0,10,0,0,0
2063327475	ID:8	[LIST] Quarantine: (none)
2063330971	ID:8	[LIST] Blacklist: (none)
2063337446	ID:8	FUZZRID,DET,24,1312,1312,0,0,0,0,0,0,9,0,0,0
2063364661	ID:13	[HFS] ra=0 si=0 cx=49 ac=0
2063368045	ID:13	[LIST] Neighbors: 24,18
2063371682	ID:13	[LIST] Quarantine: (none)
2063375178	ID:13	[LIST] Blacklist: (none)
2063381658	ID:13	FUZZRID,DET,24,1312,1312,0,0,0,0,0,0,4,0,0,0
2063386056	ID:18	[HFS] ra=0 si=0 cx=49 ac=0
2063389440	ID:18	[LIST] Neighbors: 24,13
2063393077	ID:18	[LIST] Quarantine: (none)
2063396573	ID:18	[LIST] Blacklist: (none)
2063403033	ID:18	FUZZRID,DET,24,1312,1312,0,0,0,0,0,0,6,0,0,0
2063412572	ID:16	[HFS] ra=0 si=0 cx=49 ac=0
2063418256	ID:16	[LIST] Neighbors: 19,17,30,24,29,25,2,8
2063421893	ID:16	[LIST] Quarantine: (none)
2063425389	ID:16	[LIST] Blacklist: (none)
2063431843	ID:16	FUZZRID,DET,24,1312,1312,0,0,0,0,0,0,7,0,0,0
2066499481	ID:31	[ATK-FAKE-RANK]  true_rank=777 fake_rank=1188 t=11720s
2066531342	ID:4	[HFS] ra=74 si=49 cx=49 ac=82
2066536420	ID:4	[LIST] Neighbors: 28,9,31,7,3,14,21
2066540056	ID:4	[LIST] Quarantine: (none)
2066543553	ID:4	[LIST] Blacklist: (none)
2066551062	ID:4	FUZZRID,DET,31,1188,777,411,0,100,100,7,0,1,0,82,75
2067110176	ID:5	[HFS] ra=0 si=0 cx=49 ac=0
2067115007	ID:5	[LIST] Neighbors: 19,20,30,6,2,12
2067118644	ID:5	[LIST] Quarantine: (none)
2067122140	ID:5	[LIST] Blacklist: (none)
2067128595	ID:5	FUZZRID,DET,20,1060,1060,0,0,0,0,0,0,8,0,0,0
2067136381	ID:6	[HFS] ra=0 si=0 cx=49 ac=0
2067142040	ID:6	[LIST] Neighbors: 19,17,20,16,30,2,12,5
2067145677	ID:6	[LIST] Quarantine: (none)
2067149173	ID:6	[LIST] Blacklist: (none)
2067155652	ID:6	FUZZRID,DET,20,1060,1060,0,0,0,0,0,0,1,0,0,0
2067158785	ID:19	[HFS] ra=0 si=0 cx=49 ac=0
2067164581	ID:19	[LIST] Neighbors: 15,26,17,30,20,5,25,16
2067168218	ID:19	[LIST] Quarantine: (none)
2067171714	ID:19	[LIST] Blacklist: (none)
2067178307	ID:19	FUZZRID,DET,20,1060,1060,0,0,0,0,0,0,15,0,0,0
2067183156	ID:22	[HFS] ra=0 si=0 cx=49 ac=0
2067187819	ID:22	[LIST] Neighbors: 15,26,11,20,27
2067191486	ID:22	[LIST] Quarantine: (none)
2067194982	ID:22	[LIST] Blacklist: (none)
2067201470	ID:22	FUZZRID,DET,20,1060,1060,0,0,0,0,0,0,0,0,0,0
2076040903	ID:20	[HFS] ra=0 si=0 cx=49 ac=0
2076046570	ID:20	[LIST] Neighbors: 26,30,19,6,12,5,22,11
2076050207	ID:20	[LIST] Quarantine: (none)
2076053704	ID:20	[LIST] Blacklist: (none)
2076060048	ID:20	FUZZRID,DET,5,1072,1072,0,0,0,0,0,0,9,0,0,0
2077681173	ID:10	[HFS] ra=0 si=0 cx=49 ac=0
2077686970	ID:10	[LIST] Neighbors: 19,25,17,16,9,24,29,30
2077690606	ID:10	[LIST] Quarantine: (none)
2077694103	ID:10	[LIST] Blacklist: (none)
2077700219	ID:10	FUZZRID,DET,19,779,779,0,0,0,0,0,0,7,0,0,0
2082933097	ID:10	[HFS] ra=0 si=0 cx=49 ac=0
2082938893	ID:10	[LIST] Neighbors: 19,25,17,16,9,24,29,30
2082942546	ID:10	[LIST] Quarantine: (none)
2082946043	ID:10	[LIST] Blacklist: (none)
2082952528	ID:10	FUZZRID,DET,16,1084,1084,0,0,0,0,0,0,2,0,0,0
2086849048	ID:25	[HFS] ra=0 si=0 cx=49 ac=0
2086854844	ID:25	[LIST] Neighbors: 15,26,17,10,30,9,16,29
2086858481	ID:25	[LIST] Quarantine: (none)
2086861978	ID:25	[LIST] Blacklist: (none)
2086868435	ID:25	FUZZRID,DET,10,1115,1115,0,0,0,0,0,0,6,0,0,0
2087135967	ID:18	[HFS] ra=0 si=0 cx=49 ac=0
2087139351	ID:18	[LIST] Neighbors: 24,13
2087142988	ID:18	[LIST] Quarantine: (none)
2087146484	ID:18	[LIST] Blacklist: (none)
2087152942	ID:18	FUZZRID,DET,13,1593,1593,0,0,0,0,0,0,4,0,0,0
2088351211	ID:25	[HFS] ra=0 si=0 cx=49 ac=0
2088357007	ID:25	[LIST] Neighbors: 15,26,17,10,30,9,16,29
2088360643	ID:25	[LIST] Quarantine: (none)
2088364140	ID:25	[LIST] Blacklist: (none)
2088370594	ID:25	FUZZRID,DET,17,1024,1024,0,0,0,0,0,0,7,0,0,0
2092039509	ID:20	[HFS] ra=0 si=0 cx=49 ac=0
2092045172	ID:20	[LIST] Neighbors: 26,30,19,6,12,5,22,11
2092048809	ID:20	[LIST] Quarantine: (none)
2092052305	ID:20	[LIST] Blacklist: (none)
2092058643	ID:20	FUZZRID,DET,6,1067,1067,0,0,0,0,0,0,0,0,0,0
2092111478	ID:5	[HFS] ra=0 si=0 cx=49 ac=0
2092116297	ID:5	[LIST] Neighbors: 19,20,30,6,2,12
2092119934	ID:5	[LIST] Quarantine: (none)
2092123430	ID:5	[LIST] Blacklist: (none)
2092124690	ID:12	[HFS] ra=0 si=0 cx=49 ac=0
2092128914	ID:12	[LIST] Neighbors: 20,5,30,6,2
2092129746	ID:5	FUZZRID,DET,6,1067,1067,0,0,0,0,0,0,6,0,0,0
2092132551	ID:12	[LIST] Quarantine: (none)
2092136047	ID:12	[LIST] Blacklist: (none)
2092142363	ID:12	FUZZRID,DET,6,1067,1067,0,0,0,0,0,0,4,0,0,0
2092485896	ID:29	[ATK-FAKE-RANK]  true_rank=1396 fake_rank=2091 t=11720s
2092558838	ID:17	[HFS] ra=74 si=49 cx=49 ac=82
2092564781	ID:17	[LIST] Neighbors: 26,19,16,10,24,29,25,30
2092568418	ID:17	[LIST] Quarantine: (none)
2092571915	ID:17	[LIST] Blacklist: (none)
2092579880	ID:17	FUZZRID,DET,29,2091,1396,695,0,100,100,13,0,12,0,82,75
2097644481	ID:9	[HFS] ra=0 si=0 cx=49 ac=0
2097649690	ID:9	[LIST] Neighbors: 4,25,29,10,7,23,14
2097653327	ID:9	[LIST] Quarantine: (none)
2097656824	ID:9	[LIST] Blacklist: (none)
2097663279	ID:9	FUZZRID,DET,23,1477,1477,0,0,0,0,0,0,7,0,0,0
2100159881	ID:18	 268803 P 0.0 34 1033674 67771158 289016 596844 0 463589 17327 1948345 324 13185 0 12702 (radio 1.-97% / 0.68% tx 0.42% / 0.01% listen 0.24% / 0.67%)
2100188280	ID:16	 268803 P 0.0 34 2215405 66593240 589276 972865 0 696756 37525 1928529 3332 16659 0 14611 (radio 2.-161% / 1.01% tx 0.23% / 0.16% listen 1.-84% / 0.84%)
2100326343	ID:3	 268803 P 0.0 34 1158295 67651569 324446 658924 0 519051 22246 1943753 2591 13314 0 11661 (radio 1.-82% / 0.80% tx 0.47% / 0.13% listen 0.33% / 0.67%)
2100348965	ID:23	 268803 P 0.0 34 1107388 67700232 349505 591010 0 451314 22522 1943553 4138 13919 0 11701 (radio 1.-89% / 0.91% tx 0.50% / 0.21% listen 0.23% / 0.70%)
2100374649	ID:25	 268803 P 0.0 34 2114823 66693148 537425 1001509 0 747986 53903 1912143 11286 21021 0 15104 (radio 2.-164% / 1.64% tx 0.15% / 0.57% listen 1.-80% / 1.06%)
2100416443	ID:11	 268803 P 0.0 34 1723973 67086070 464132 841072 0 603058 23492 1942540 0 13251 0 13251 (radio 1.-98% / 0.67% tx 0.05% / 0.00% listen 1.-41% / 0.67%)
2100558962	ID:19	 268803 P 0.0 34 4047546 64760658 1427999 1467976 0 641954 52153 1913598 8679 20236 0 14467 (radio 4.-354% / 1.47% tx 2.-180% / 0.44% listen 2.-174% / 1.02%)
2100564765	ID:20	 268803 P 0.0 34 1910869 66897210 454442 839293 0 629413 46359 1919688 8632 15646 0 11943 (radio 1.-100% / 1.23% tx 0.03% / 0.43% listen 1.-41% / 0.79%)
2100580823	ID:10	 268803 P 0.0 34 1928177 66881190 530020 1028850 0 804322 59153 1906754 14578 22801 0 13932 (radio 2.-161% / 1.90% tx 0.14% / 0.74% listen 1.-76% / 1.15%)
2100679884	ID:4	 268803 P 0.0 34 2096285 66711933 666762 848445 0 538588 30019 1936046 0 12902 0 12469 (radio 2.-168% / 0.65% tx 0.34% / 0.00% listen 1.-40% / 0.65%)
2100716788	ID:8	 268803 P 0.0 34 1508404 67300897 386076 689387 0 523624 23969 1942065 212 12099 0 11673 (radio 1.-69% / 0.62% tx 0.56% / 0.01% listen 1.-63% / 0.61%)
2100780664	ID:14	 268803 P 0.0 34 2006093 66801271 691575 815328 0 489025 32011 1934005 5546 13305 0 11633 (radio 2.-169% / 0.95% tx 1.-62% / 0.28% listen 1.-44% / 0.67%)
2100813221	ID:7	 268803 P 0.0 34 1455515 67352970 346710 688682 0 540422 28313 1937761 2030 13970 0 12341 (radio 1.-75% / 0.81% tx 0.50% / 0.10% listen 1.-63% / 0.71%)
2100828294	ID:1	 268805 P 0.0 34 3362985 65447013 1454374 67354580 0 0 18806 1947247 0 1966079 0 0 (radio 37.-3687% / 100.-8739% tx 2.-176% / 0.00% listen 35.-3449% / 100.-8739%)
2100833028	ID:15	 268803 P 0.0 34 3716169 65091517 1202737 1381824 0 561376 32833 1933033 2261 15368 0 13598 (radio 3.-299% / 0.89% tx 1.-51% / 0.11% listen 2.-187% / 0.78%)
2100833793	ID:17	 268803 P 0.0 34 3115116 65693005 1150573 1293911 0 762766 42916 1922808 5229 17868 0 14348 (radio 3.-257% / 1.17% tx 1.-58% / 0.26% listen 1.-100% / 0.90%)
2100912035	ID:6	 268803 P 0.0 34 2174452 66632565 574589 988430 0 684249 33168 1932760 3023 13147 0 12888 (radio 2.-161% / 0.82% tx 0.21% / 0.15% listen 1.-82% / 0.66%)
2100921287	ID:2	 268803 P 0.0 34 1520775 67288380 382460 722802 0 556060 21592 1944464 0 12823 0 12823 (radio 1.-65% / 0.65% tx 0.55% / 0.00% listen 1.-58% / 0.65%)
2100955175	ID:22	 268803 P 0.0 34 1347664 67459822 357312 678539 0 520424 27993 1938004 3989 14408 0 12194 (radio 1.-75% / 0.93% tx 0.51% / 0.20% listen 0.36% / 0.73%)
2101024473	ID:12	 268803 P 0.0 34 1546363 67260395 465608 706127 0 524898 22391 1943655 0 12917 0 12504 (radio 1.-55% / 0.65% tx 0.05% / 0.00% listen 1.-60% / 0.65%)
2101041833	ID:9	 268803 P 0.0 34 1962807 66846892 593744 821694 0 555060 30680 1935379 3026 14623 0 14078 (radio 2.-182% / 0.89% tx 0.23% / 0.15% listen 1.-44% / 0.74%)
2101084193	ID:24	 268803 P 0.0 34 2451731 66357139 965510 934770 0 507295 47169 1918814 14340 18151 0 12472 (radio 2.-174% / 1.65% tx 1.-85% / 0.72% listen 1.-89% / 0.92%)
2101135669	ID:5	 268803 P 0.0 34 1685596 67123671 487039 786906 0 587000 31443 1934617 3858 15189 0 12695 (radio 1.-40% / 0.96% tx 0.08% / 0.19% listen 1.-49% / 0.77%)
2101137174	ID:21	 268803 P 0.0 34 1629270 67181598 413920 823857 0 524397 22461 1943605 1481 12381 0 11882 (radio 1.-45% / 0.70% tx 0.60% / 0.07% listen 1.-43% / 0.62%)
2101140871	ID:13	 268803 P 0.0 34 966314 67841401 256124 565232 0 470667 22361 1943713 3826 14106 0 11955 (radio 1.-44% / 0.91% tx 0.37% / 0.19% listen 0.19% / 0.71%)
2101361171	ID:5	[HFS] ra=0 si=0 cx=49 ac=0
2101365968	ID:5	[LIST] Neighbors: 19,20,30,6,2,12
2101369605	ID:5	[LIST] Quarantine: (none)
2101373102	ID:5	[LIST] Blacklist: (none)
2101379417	ID:5	FUZZRID,DET,2,1398,1398,0,0,0,0,0,0,5,0,0,0
2113243371	ID:13	[HFS] ra=0 si=0 cx=49 ac=0
2113246754	ID:13	[LIST] Neighbors: 24,18
2113250391	ID:13	[LIST] Quarantine: (none)
2113253888	ID:13	[LIST] Blacklist: (none)
2113260338	ID:13	FUZZRID,DET,18,1608,1608,0,0,0,0,0,0,0,0,0,0
2116769535	ID:9	[HFS] ra=0 si=0 cx=49 ac=0
2116774744	ID:9	[LIST] Neighbors: 4,25,29,10,7,23,14
2116778381	ID:9	[LIST] Quarantine: (none)
2116781878	ID:9	[LIST] Blacklist: (none)
2116788333	ID:9	FUZZRID,DET,23,1477,1477,0,0,0,0,0,0,7,0,0,0
2116790152	ID:7	[HFS] ra=0 si=0 cx=49 ac=0
2116794534	ID:7	[LIST] Neighbors: 4,23,29,9,14
2116798170	ID:7	[LIST] Quarantine: (none)
2116801667	ID:7	[LIST] Blacklist: (none)
2116808122	ID:7	FUZZRID,DET,23,1477,1477,0,0,0,0,0,0,3,0,0,0
2121716308	ID:26	[ATK-FAKE-RANK]  true_rank=823 fake_rank=1349 t=11720s
2121788493	ID:19	[HFS] ra=74 si=49 cx=49 ac=82
2121794289	ID:19	[LIST] Neighbors: 15,26,17,30,20,5,25,16
2121797926	ID:19	[LIST] Quarantine: (none)
2121801429	ID:19	[LIST] Blacklist: (none)
2121809240	ID:19	FUZZRID,DET,26,1349,823,526,0,100,100,25,0,17,0,82,75
2127165823	ID:7	[HFS] ra=0 si=0 cx=49 ac=0
2127170179	ID:7	[LIST] Neighbors: 4,23,29,9,14
2127173830	ID:7	[LIST] Quarantine: (none)
2127177326	ID:7	[LIST] Blacklist: (none)
2127183781	ID:7	FUZZRID,DET,14,1063,1063,0,0,0,0,0,0,4,0,0,0
2137304952	ID:22	[HFS] ra=0 si=0 cx=49 ac=0
2137309615	ID:22	[LIST] Neighbors: 15,26,11,20,27
2137313252	ID:22	[LIST] Quarantine: (none)
2137316770	ID:22	[LIST] Blacklist: (none)
2137322864	ID:22	FUZZRID,DET,15,512,512,0,0,0,0,0,0,2,0,0,0
2139903461	ID:30	[ATK-FAKE-RANK]  true_rank=1029 fake_rank=1616 t=11720s
2139976503	ID:25	[HFS] ra=74 si=49 cx=49 ac=82
2139982300	ID:25	[LIST] Neighbors: 15,26,17,10,30,9,16,29
2139985960	ID:25	[LIST] Quarantine: (none)
2139989456	ID:25	[LIST] Blacklist: (none)
2139997320	ID:25	FUZZRID,DET,30,1616,1029,587,0,100,100,15,0,0,0,82,75
2143420800	ID:31	[ATK-FAKE-RANK]  true_rank=777 fake_rank=1208 t=11720s
2143516426	ID:29	[ATK-FAKE-RANK]  true_rank=1389 fake_rank=2111 t=11720s
2143557141	ID:10	[HFS] ra=74 si=49 cx=49 ac=82
2143560559	ID:17	[HFS] ra=74 si=49 cx=49 ac=82
2143562938	ID:10	[LIST] Neighbors: 19,25,17,16,9,24,29,30
2143566502	ID:17	[LIST] Neighbors: 26,19,16,10,24,29,25,30
2143566575	ID:10	[LIST] Quarantine: (none)
2143570071	ID:10	[LIST] Blacklist: (none)
2143570139	ID:17	[LIST] Quarantine: (none)
2143573636	ID:17	[LIST] Blacklist: (none)
2143577934	ID:10	FUZZRID,DET,29,2111,1389,722,0,100,100,20,0,8,0,82,75
2143581354	ID:17	FUZZRID,DET,29,2111,1389,722,0,100,100,6,0,7,0,82,75
2143600004	ID:25	[HFS] ra=74 si=49 cx=49 ac=82
2143605800	ID:25	[LIST] Neighbors: 15,26,17,10,30,9,16,29
2143609437	ID:25	[LIST] Quarantine: (none)
2143612934	ID:25	[LIST] Blacklist: (none)
2143621072	ID:25	FUZZRID,DET,29,2111,1389,722,0,100,100,18,14,15,0,82,75
2143641126	ID:9	[HFS] ra=74 si=49 cx=49 ac=82
2143646349	ID:9	[LIST] Neighbors: 4,25,29,10,7,23,14
2143649986	ID:9	[LIST] Quarantine: (none)
2143653483	ID:9	[LIST] Blacklist: (none)
2143661484	ID:9	FUZZRID,DET,29,2111,1389,722,0,100,100,15,0,11,0,82,75
2143662564	ID:7	[HFS] ra=74 si=49 cx=49 ac=82
2143663122	ID:16	[HFS] ra=74 si=49 cx=49 ac=82
2143666920	ID:7	[LIST] Neighbors: 4,23,29,9,14
2143668773	ID:16	[LIST] Neighbors: 19,17,30,24,29,25,2,8
2143670557	ID:7	[LIST] Quarantine: (none)
2143672410	ID:16	[LIST] Quarantine: (none)
2143674054	ID:7	[LIST] Blacklist: (none)
2143675922	ID:16	[LIST] Blacklist: (none)
2143682019	ID:7	FUZZRID,DET,29,2111,1389,722,0,100,100,18,0,14,0,82,55
2143683771	ID:16	FUZZRID,DET,29,2111,1389,722,0,100,100,10,0,6,0,82,75
2154863598	ID:5	[HFS] ra=0 si=0 cx=49 ac=0
2154868395	ID:5	[LIST] Neighbors: 19,20,30,6,2,12
2154872031	ID:5	[LIST] Quarantine: (none)
2154875528	ID:5	[LIST] Blacklist: (none)
2154881982	ID:5	FUZZRID,DET,12,1346,1346,0,0,0,0,0,0,9,0,0,0
2155387841	ID:6	[HFS] ra=0 si=0 cx=49 ac=0
2155393491	ID:6	[LIST] Neighbors: 19,17,20,16,30,2,12,5
2155397140	ID:6	[LIST] Quarantine: (none)
2155400636	ID:6	[LIST] Blacklist: (none)
2155407091	ID:6	FUZZRID,DET,5,1069,1069,0,0,0,0,0,0,13,0,0,0
2158336197	ID:28	[ATK-FAKE-RANK]  true_rank=512 fake_rank=992 t=11720s
2158881308	ID:14	[HFS] ra=0 si=0 cx=49 ac=0
2158885387	ID:14	[LIST] Neighbors: 31,4,7,9,3
2158889024	ID:14	[LIST] Quarantine: (none)
2158892520	ID:14	[LIST] Blacklist: (none)
2158898854	ID:14	FUZZRID,DET,7,1113,1113,0,0,0,0,0,0,0,0,0,0
2160160193	ID:18	 276483 P 0.0 35 1052085 69718697 291662 609169 0 475109 18410 1947539 2646 12325 0 11520 (radio 1.-95% / 0.76% tx 0.41% / 0.13% listen 0.25% / 0.62%)
2160286956	ID:16	 276495 P 0.0 35 2249997 68527906 591306 987226 0 709829 34591 1934666 2030 14361 0 13073 (radio 2.-160% / 0.83% tx 0.22% / 0.10% listen 1.-82% / 0.72%)
2160326367	ID:3	 276483 P 0.0 35 1179477 69596330 327725 672300 0 531452 21180 1944761 3279 13376 0 12401 (radio 1.-81% / 0.84% tx 0.46% / 0.16% listen 0.34% / 0.68%)
2160348966	ID:23	 276483 P 0.0 35 1130647 69643049 354557 605049 0 463888 23258 1942817 5052 14039 0 12574 (radio 1.-86% / 0.97% tx 0.50% / 0.25% listen 0.24% / 0.71%)
2160373543	ID:25	 276483 P 0.0 35 2147261 68626782 537425 1016073 0 762124 32437 1933634 0 14564 0 14138 (radio 2.-163% / 0.74% tx 0.15% / 0.00% listen 1.-78% / 0.74%)
2160417317	ID:11	 276483 P 0.0 35 1758346 69017703 470745 857071 0 615930 34371 1931633 6613 15999 0 12872 (radio 1.-95% / 1.15% tx 0.05% / 0.33% listen 1.-40% / 0.81%)
2160558681	ID:19	 276483 P 0.0 35 4082538 66691529 1428799 1482730 0 655281 34991 1930871 800 14754 0 13327 (radio 4.-353% / 0.79% tx 2.-181% / 0.04% listen 2.-173% / 0.75%)
2160564495	ID:20	 276483 P 0.0 35 1940856 68833280 455655 853223 0 642817 29986 1936070 1213 13930 0 13404 (radio 1.-98% / 0.77% tx 0.03% / 0.06% listen 1.-41% / 0.70%)
2160580540	ID:10	 276483 P 0.0 35 1958625 68816451 532191 1043601 0 817911 30446 1935261 2171 14751 0 13589 (radio 2.-160% / 0.86% tx 0.14% / 0.11% listen 1.-74% / 0.75%)
2160680982	ID:4	 276483 P 0.0 35 2134295 68639999 674694 864644 0 551311 38008 1928066 7932 16199 0 12723 (radio 2.-165% / 1.22% tx 0.34% / 0.40% listen 1.-100% / 0.82%)
2160716643	ID:8	 276483 P 0.0 35 1531468 69243888 386846 702785 0 536455 23063 1942991 770 13398 0 12831 (radio 1.-68% / 0.72% tx 0.54% / 0.03% listen 0.38% / 0.68%)
2160780529	ID:14	 276483 P 0.0 35 2033482 68739902 694751 829823 0 502552 27388 1938631 3176 14495 0 13527 (radio 2.-167% / 0.89% tx 0.37% / 0.16% listen 1.-44% / 0.73%)
2160813110	ID:7	 276483 P 0.0 35 1487086 69287471 350542 703974 0 553687 31569 1934501 3832 15292 0 13265 (radio 1.-73% / 0.97% tx 0.49% / 0.19% listen 0.38% / 0.77%)
2160828340	ID:1	 276485 P 0.0 35 3381913 67394150 1454374 69320660 0 0 18926 1947137 0 1966079 0 0 (radio 39.-3853% / 100.-8739% tx 2.-177% / 0.00% listen 37.-3676% / 100.-8739%)
2160832878	ID:15	 276483 P 0.0 35 3757897 67015829 1210544 1398367 0 574037 41726 1924312 7807 16543 0 12661 (radio 3.-296% / 1.23% tx 1.-51% / 0.39% listen 1.-85% / 0.84%)
2160833600	ID:17	 276483 P 0.0 35 3148607 67625477 1151763 1307997 0 775833 33490 1932472 1190 14086 0 13067 (radio 3.-256% / 0.77% tx 1.-59% / 0.06% listen 1.-98% / 0.71%)
2160922153	ID:2	 276483 P 0.0 35 1551487 69223728 387797 737504 0 568252 30710 1935348 5337 14702 0 12192 (radio 1.-63% / 1.01% tx 0.54% / 0.27% listen 1.-57% / 0.74%)
2160923364	ID:6	 276484 P 0.0 35 2220540 68552893 585336 1005422 0 696542 46087 1920328 10747 16992 0 12293 (radio 2.-158% / 1.41% tx 0.22% / 0.54% listen 1.-80% / 0.86%)
2160955178	ID:22	 276483 P 0.0 35 1377572 69395945 362770 694260 0 532956 29906 1936123 5458 15721 0 12532 (radio 1.-73% / 1.07% tx 0.51% / 0.27% listen 0.37% / 0.79%)
2161025044	ID:12	 276483 P 0.0 35 1567477 69205355 466137 719530 0 538055 21112 1944960 529 13403 0 13157 (radio 1.-54% / 0.70% tx 0.05% / 0.02% listen 1.-60% / 0.68%)
2161042074	ID:9	 276483 P 0.0 35 2012538 68763229 607538 841493 0 567369 49730 1916337 13794 19799 0 12309 (radio 2.-178% / 1.70% tx 0.25% / 0.70% listen 1.-42% / 1.00%)
2161083058	ID:24	 276483 P 0.0 35 2475191 68299727 965510 946773 0 519298 23459 1942588 0 12003 0 12003 (radio 2.-173% / 0.61% tx 1.-85% / 0.00% listen 1.-88% / 0.61%)
2161135725	ID:5	 276483 P 0.0 35 1725484 69049575 496116 803761 0 599150 39887 1925904 9077 16855 0 12150 (radio 1.-99% / 1.31% tx 0.09% / 0.46% listen 1.-48% / 0.85%)
2161136621	ID:21	 276483 P 0.0 35 1649964 69126972 414001 836585 0 536991 20693 1945374 81 12728 0 12594 (radio 1.-45% / 0.65% tx 0.58% / 0.00% listen 1.-43% / 0.64%)
2161140072	ID:13	 276483 P 0.0 35 981911 69791755 256124 577005 0 482175 15596 1950354 0 11773 0 11508 (radio 1.-43% / 0.59% tx 0.36% / 0.00% listen 0.20% / 0.59%)
2161316644	ID:8	[HFS] ra=0 si=0 cx=49 ac=0
2161321442	ID:8	[LIST] Neighbors: 17,16,30,6,2,24
2161325079	ID:8	[LIST] Quarantine: (none)
2161328576	ID:8	[LIST] Blacklist: (none)
2161335030	ID:8	FUZZRID,DET,17,1024,1024,0,0,0,0,0,0,3,0,0,0
2163388438	ID:6	[HFS] ra=0 si=0 cx=49 ac=0
2163394087	ID:6	[LIST] Neighbors: 19,17,20,16,30,2,12,5
2163397724	ID:6	[LIST] Quarantine: (none)
2163401221	ID:6	[LIST] Blacklist: (none)
2163407675	ID:6	FUZZRID,DET,20,1059,1059,0,0,0,0,0,0,1,0,0,0
2165158399	ID:27	[ATK-FAKE-RANK]  true_rank=512 fake_rank=932 t=11720s
2165186475	ID:15	[HFS] ra=74 si=49 cx=49 ac=82
2165191991	ID:15	[LIST] Neighbors: 28,26,22,19,25,11,27
2165195628	ID:15	[LIST] Quarantine: (none)
2165199125	ID:15	[LIST] Blacklist: (none)
2165206590	ID:15	FUZZRID,DET,27,932,512,420,0,100,100,10,0,0,0,82,75
2169891727	ID:9	[HFS] ra=0 si=0 cx=49 ac=0
2169896947	ID:9	[LIST] Neighbors: 4,25,29,10,7,23,14
2169900584	ID:9	[LIST] Quarantine: (none)
2169904081	ID:9	[LIST] Blacklist: (none)
2169910536	ID:9	FUZZRID,DET,14,1063,1063,0,0,0,0,0,0,1,0,0,0
2169912613	ID:7	[HFS] ra=0 si=0 cx=49 ac=0
2169916970	ID:7	[LIST] Neighbors: 4,23,29,9,14
2169920607	ID:7	[LIST] Quarantine: (none)
2169924110	ID:7	[LIST] Blacklist: (none)
2169924954	ID:3	[HFS] ra=0 si=0 cx=49 ac=0
2169928618	ID:3	[LIST] Neighbors: 31,4,14
2169930564	ID:7	FUZZRID,DET,14,1063,1063,0,0,0,0,0,0,0,0,0,0
2169932255	ID:3	[LIST] Quarantine: (none)
2169935751	ID:3	[LIST] Blacklist: (none)
2169942206	ID:3	FUZZRID,DET,14,1063,1063,0,0,0,0,0,0,4,0,0,0
2170767861	ID:9	[HFS] ra=0 si=0 cx=49 ac=0
2170773070	ID:9	[LIST] Neighbors: 4,25,29,10,7,23,14
2170776707	ID:9	[LIST] Quarantine: (none)
2170780204	ID:9	[LIST] Blacklist: (none)
2170786659	ID:9	FUZZRID,DET,10,1099,1099,0,0,0,0,0,0,7,0,0,0
2178810719	ID:24	[HFS] ra=0 si=0 cx=49 ac=0
2178815661	ID:24	[LIST] Neighbors: 17,16,18,10,13,8
2178819305	ID:24	[LIST] Quarantine: (none)
2178822802	ID:24	[LIST] Blacklist: (none)
2178829260	ID:24	FUZZRID,DET,13,1593,1593,0,0,0,0,0,0,6,0,0,0
2182411606	ID:7	[HFS] ra=0 si=0 cx=49 ac=0
2182415962	ID:7	[LIST] Neighbors: 4,23,29,9,14
2182419599	ID:7	[LIST] Quarantine: (none)
2182423129	ID:7	[LIST] Blacklist: (none)
2182429585	ID:7	FUZZRID,DET,23,1477,1477,0,0,0,0,0,0,2,0,0,0
2190645056	ID:11	[HFS] ra=0 si=0 cx=49 ac=0
2190650146	ID:11	[LIST] Neighbors: 15,26,30,22,20,19
2190653783	ID:11	[LIST] Quarantine: (none)
2190657279	ID:11	[LIST] Blacklist: (none)
2190663746	ID:11	FUZZRID,DET,22,1213,1213,0,0,0,0,0,0,1,0,0,0
2194685604	ID:24	[HFS] ra=0 si=0 cx=49 ac=0
2194690547	ID:24	[LIST] Neighbors: 17,16,18,10,13,8
2194694184	ID:24	[LIST] Quarantine: (none)
2194697680	ID:24	[LIST] Blacklist: (none)
2194703995	ID:24	FUZZRID,DET,8,1463,1463,0,0,0,0,0,0,0,0,0,0
2196782801	ID:4	[HFS] ra=0 si=0 cx=49 ac=0
2196787037	ID:7	[HFS] ra=0 si=0 cx=49 ac=0
2196787878	ID:4	[LIST] Neighbors: 28,9,31,7,3,14,21
2196791428	ID:7	[LIST] Neighbors: 4,23,29,9,14
2196791514	ID:4	[LIST] Quarantine: (none)
2196795011	ID:4	[LIST] Blacklist: (none)
2196795065	ID:7	[LIST] Quarantine: (none)
2196798561	ID:7	[LIST] Blacklist: (none)
2196801502	ID:4	FUZZRID,DET,9,1194,1194,0,0,0,0,0,0,10,0,0,0
2196804879	ID:7	FUZZRID,DET,9,1194,1194,0,0,0,0,0,0,6,0,0,0
2196824870	ID:23	[HFS] ra=0 si=0 cx=49 ac=0
2196827947	ID:23	[LIST] Neighbors: 7,9
2196831584	ID:23	[LIST] Quarantine: (none)
2196835081	ID:23	[LIST] Blacklist: (none)
2196841538	ID:23	FUZZRID,DET,9,1194,1194,0,0,0,0,0,0,14,0,0,0
2196880973	ID:14	[HFS] ra=0 si=0 cx=49 ac=0
2196885069	ID:14	[LIST] Neighbors: 31,4,7,9,3
2196888706	ID:14	[LIST] Quarantine: (none)
2196892202	ID:14	[LIST] Blacklist: (none)
2196898659	ID:14	FUZZRID,DET,9,1194,1194,0,0,0,0,0,0,11,0,0,0
2198820015	ID:8	[HFS] ra=0 si=0 cx=49 ac=0
2198824812	ID:8	[LIST] Neighbors: 17,16,30,6,2,24
2198828449	ID:8	[LIST] Quarantine: (none)
2198831946	ID:8	[LIST] Blacklist: (none)
2198838539	ID:8	FUZZRID,DET,24,1310,1310,0,0,0,0,0,0,10,0,0,0
2198905041	ID:4	[HFS] ra=0 si=0 cx=49 ac=0
2198910152	ID:4	[LIST] Neighbors: 28,9,31,7,3,14,21
2198913789	ID:4	[LIST] Quarantine: (none)
2198917292	ID:4	[LIST] Blacklist: (none)
2198923608	ID:4	FUZZRID,DET,3,1160,1160,0,0,0,0,0,0,4,0,0,0
2203667797	ID:20	[HFS] ra=0 si=0 cx=49 ac=0
2203673447	ID:20	[LIST] Neighbors: 26,30,19,6,12,5,22,11
2203677090	ID:20	[LIST] Quarantine: (none)
2203680587	ID:20	[LIST] Blacklist: (none)
2203686681	ID:20	FUZZRID,DET,19,773,773,0,0,0,0,0,0,0,0,0,0
2208887242	ID:6	[HFS] ra=0 si=0 cx=49 ac=0
2208892892	ID:6	[LIST] Neighbors: 19,17,20,16,30,2,12,5
2208896529	ID:6	[LIST] Quarantine: (none)
2208900025	ID:6	[LIST] Blacklist: (none)
2208906491	ID:6	FUZZRID,DET,17,1024,1024,0,0,0,0,0,0,2,0,0,0
2208909080	ID:19	[HFS] ra=0 si=0 cx=49 ac=0
2208913425	ID:16	[HFS] ra=0 si=0 cx=49 ac=0
2208914876	ID:19	[LIST] Neighbors: 15,26,17,30,20,5,25,16
2208918512	ID:19	[LIST] Quarantine: (none)
2208919075	ID:16	[LIST] Neighbors: 19,17,30,24,29,25,2,8
2208922009	ID:19	[LIST] Blacklist: (none)
2208922711	ID:16	[LIST] Quarantine: (none)
2208926208	ID:16	[LIST] Blacklist: (none)
2208928602	ID:19	FUZZRID,DET,17,1024,1024,0,0,0,0,0,0,17,0,0,0
2208930047	ID:10	[HFS] ra=0 si=0 cx=49 ac=0
2208932662	ID:16	FUZZRID,DET,17,1024,1024,0,0,0,0,0,0,2,0,0,0
2208934119	ID:24	[HFS] ra=0 si=0 cx=49 ac=0
2208935843	ID:10	[LIST] Neighbors: 19,25,17,16,9,24,29,30
2208939062	ID:24	[LIST] Neighbors: 17,16,18,10,13,8
2208939480	ID:10	[LIST] Quarantine: (none)
2208942402	ID:8	[HFS] ra=0 si=0 cx=49 ac=0
2208942699	ID:24	[LIST] Quarantine: (none)
2208942977	ID:10	[LIST] Blacklist: (none)
2208946196	ID:24	[LIST] Blacklist: (none)
2208947199	ID:8	[LIST] Neighbors: 17,16,30,6,2,24
2208949570	ID:10	FUZZRID,DET,17,1024,1024,0,0,0,0,0,0,10,0,0,0
2208950836	ID:8	[LIST] Quarantine: (none)
2208952821	ID:24	FUZZRID,DET,17,1024,1024,0,0,0,0,0,0,10,0,0,0
2208954353	ID:8	[LIST] Blacklist: (none)
2208960807	ID:8	FUZZRID,DET,17,1024,1024,0,0,0,0,0,0,3,0,0,0
2220159341	ID:18	 284163 P 0.0 36 1066701 71670140 291662 621827 0 487767 14615 1951443 0 12658 0 12658 (radio 1.-93% / 0.64% tx 0.40% / 0.00% listen 0.26% / 0.64%)
2220188490	ID:16	 284163 P 0.0 36 2286864 70453893 594567 1004681 0 725528 36866 1925987 3261 17455 0 15699 (radio 2.-158% / 1.05% tx 0.22% / 0.16% listen 1.-80% / 0.88%)
2220326346	ID:3	 284163 P 0.0 36 1199580 71542099 329419 684884 0 543302 20102 1945769 1694 12584 0 11850 (radio 1.-79% / 0.72% tx 0.45% / 0.08% listen 0.35% / 0.64%)
2220349031	ID:23	 284163 P 0.0 36 1150241 71589530 357094 617552 0 475601 19593 1946481 2537 12503 0 11713 (radio 1.-85% / 0.76% tx 0.49% / 0.12% listen 0.25% / 0.63%)
2220374414	ID:25	 284163 P 0.0 36 2180500 70559421 540571 1032082 0 776955 33237 1932639 3146 16009 0 14831 (radio 2.-161% / 0.97% tx 0.15% / 0.16% listen 1.-77% / 0.81%)
2220417326	ID:11	 284163 P 0.0 36 1794278 70947825 477183 873629 0 628758 35931 1930122 6438 16558 0 12828 (radio 1.-92% / 1.16% tx 0.06% / 0.32% listen 1.-98% / 0.84%)
2220564515	ID:20	 284163 P 0.0 36 1976681 70763506 459659 869008 0 656823 35824 1930226 4004 15785 0 14006 (radio 1.-95% / 1.00% tx 0.04% / 0.20% listen 1.-99% / 0.80%)
2220565276	ID:19	 284163 P 0.0 36 4129999 68610159 1437117 1501052 0 669778 47459 1918630 8318 18322 0 14497 (radio 4.-351% / 1.35% tx 1.-80% / 0.42% listen 2.-171% / 0.93%)
2220580558	ID:10	 284163 P 0.0 36 1995538 70745532 538012 1060946 0 832239 36911 1929081 5821 17345 0 14328 (radio 2.-158% / 1.17% tx 0.14% / 0.29% listen 1.-73% / 0.88%)
2220680793	ID:4	 284163 P 0.0 36 2170037 70570316 678893 879533 0 563641 35741 1930317 4199 14889 0 12330 (radio 2.-163% / 0.97% tx 0.34% / 0.21% listen 1.-98% / 0.75%)
2220717241	ID:8	 284163 P 0.0 36 1575324 71166030 397839 721278 0 548563 43854 1922142 10993 18493 0 12108 (radio 1.-65% / 1.49% tx 0.54% / 0.55% listen 0.40% / 0.94%)
2220780527	ID:14	 284163 P 0.0 36 2060791 70678612 697778 841798 0 514442 27308 1938710 3027 11975 0 11890 (radio 2.-166% / 0.76% tx 0.36% / 0.15% listen 1.-44% / 0.60%)
2220812268	ID:7	 284163 P 0.0 36 1512220 71228407 350542 716509 0 565678 25132 1940936 0 12535 0 11991 (radio 1.-72% / 0.63% tx 0.48% / 0.00% listen 0.39% / 0.63%)
2220828120	ID:1	 284165 P 0.0 36 3401160 69340967 1454374 71286740 0 0 19245 1946817 0 1966078 0 0 (radio 40.-3979% / 100.-8739% tx 1.-78% / 0.00% listen 38.-3743% / 100.-8739%)
2220833949	ID:17	 284163 P 0.0 36 3201350 69538790 1165362 1327604 0 790241 52741 1913313 13599 19607 0 14408 (radio 3.-253% / 1.68% tx 1.-58% / 0.69% listen 1.-95% / 0.99%)
2220836286	ID:15	 284163 P 0.0 36 3800024 68939878 1215548 1415061 0 586547 42126 1924049 5004 16694 0 12510 (radio 3.-293% / 1.10% tx 1.-51% / 0.25% listen 1.-83% / 0.84%)
2220912243	ID:6	 284163 P 0.0 36 2255551 70483465 587857 1021296 0 710793 35010 1930572 2521 15874 0 14251 (radio 2.-156% / 0.93% tx 0.21% / 0.12% listen 1.-78% / 0.80%)
2220921317	ID:2	 284163 P 0.0 36 1573084 71168191 387797 749953 0 580701 21596 1944463 0 12449 0 12449 (radio 1.-62% / 0.63% tx 0.53% / 0.00% listen 1.-56% / 0.63%)
2220955200	ID:22	 284163 P 0.0 36 1405551 71333819 367221 709529 0 545850 27977 1937874 4451 15269 0 12894 (radio 1.-71% / 1.00% tx 0.50% / 0.22% listen 0.38% / 0.77%)
2221024496	ID:12	 284163 P 0.0 36 1587390 71151515 466137 731404 0 549929 19912 1946160 0 11874 0 11874 (radio 1.-54% / 0.60% tx 0.05% / 0.00% listen 1.-59% / 0.60%)
2221041855	ID:9	 284163 P 0.0 36 2046692 70695094 611961 855457 0 579903 34153 1931865 4423 13964 0 12534 (radio 2.-176% / 0.93% tx 0.25% / 0.22% listen 1.-42% / 0.71%)
2221084169	ID:24	 284163 P 0.0 36 2528814 70212165 982529 967012 0 531684 53621 1912438 17019 20239 0 12386 (radio 2.-169% / 1.89% tx 1.-84% / 0.86% listen 1.-86% / 1.02%)
2221135360	ID:5	 284163 P 0.0 36 1748578 70992537 496466 816604 0 611563 23092 1942962 350 12843 0 12413 (radio 1.-97% / 0.67% tx 0.09% / 0.01% listen 1.-47% / 0.65%)
2221136882	ID:21	 284163 P 0.0 36 1672383 71070611 414911 849391 0 548861 22418 1943639 910 12806 0 11870 (radio 1.-45% / 0.69% tx 0.57% / 0.04% listen 1.-43% / 0.65%)
2221140864	ID:13	 284163 P 0.0 36 999101 71740625 257484 590220 0 494757 17188 1948870 1360 13215 0 12582 (radio 1.-43% / 0.74% tx 0.35% / 0.06% listen 0.22% / 0.67%)
2225337457	ID:29	[ATK-FAKE-RANK]  true_rank=1389 fake_rank=2131 t=11720s
2225430822	ID:10	[HFS] ra=74 si=49 cx=49 ac=82
2225436618	ID:10	[LIST] Neighbors: 19,25,17,16,9,24,29,30
2225440255	ID:10	[LIST] Quarantine: (none)
2225443752	ID:10	[LIST] Blacklist: (none)
2225451440	ID:10	FUZZRID,DET,29,2131,1389,742,0,100,100,4,0,9,0,82,75
2226727172	ID:25	[HFS] ra=0 si=0 cx=49 ac=0
2226732968	ID:25	[LIST] Neighbors: 15,26,17,10,30,9,16,29
2226736605	ID:25	[LIST] Quarantine: (none)
2226740101	ID:25	[LIST] Blacklist: (none)
2226746596	ID:25	FUZZRID,DET,16,1078,1078,0,0,0,0,0,0,4,0,0,0
2227365695	ID:26	[ATK-FAKE-RANK]  true_rank=817 fake_rank=1369 t=11720s
2227474994	ID:25	[HFS] ra=74 si=49 cx=49 ac=82
2227480790	ID:25	[LIST] Neighbors: 15,26,17,10,30,9,16,29
2227484427	ID:25	[LIST] Quarantine: (none)
2227487924	ID:25	[LIST] Blacklist: (none)
2227495569	ID:25	FUZZRID,DET,26,1369,817,552,0,100,100,35,0,1,0,82,75
2228182668	ID:24	[HFS] ra=0 si=0 cx=49 ac=0
2228187638	ID:24	[LIST] Neighbors: 17,16,18,10,13,8
2228191275	ID:24	[LIST] Quarantine: (none)
2228194773	ID:24	[LIST] Blacklist: (none)
2228201224	ID:24	FUZZRID,DET,18,1608,1608,0,0,0,0,0,0,1,0,0,0
2228769132	ID:9	[HFS] ra=0 si=0 cx=49 ac=0
2228774342	ID:9	[LIST] Neighbors: 4,25,29,10,7,23,14
2228777978	ID:9	[LIST] Quarantine: (none)
2228781475	ID:9	[LIST] Blacklist: (none)
2228787832	ID:9	FUZZRID,DET,7,1108,1108,0,0,0,0,0,0,2,0,0,0
2231550691	ID:3	[HFS] ra=0 si=0 cx=49 ac=0
2231554355	ID:3	[LIST] Neighbors: 31,4,14
2231557992	ID:3	[LIST] Quarantine: (none)
2231561488	ID:3	[LIST] Blacklist: (none)
2231567585	ID:3	FUZZRID,DET,4,797,797,0,0,0,0,0,0,16,0,0,0
2232616616	ID:31	[ATK-FAKE-RANK]  true_rank=777 fake_rank=1228 t=11720s
2232757740	ID:14	[HFS] ra=74 si=49 cx=49 ac=82
2232761819	ID:14	[LIST] Neighbors: 31,4,7,9,3
2232765483	ID:14	[LIST] Quarantine: (none)
2232768979	ID:14	[LIST] Blacklist: (none)
2232776626	ID:14	FUZZRID,DET,31,1228,777,451,0,100,100,16,0,3,0,82,75
2253849574	ID:25	[HFS] ra=0 si=0 cx=49 ac=0
2253855370	ID:25	[LIST] Neighbors: 15,26,17,10,30,9,16,29
2253859007	ID:25	[LIST] Quarantine: (none)
2253862504	ID:25	[LIST] Blacklist: (none)
2253868822	ID:25	FUZZRID,DET,9,1194,1194,0,0,0,0,0,0,8,0,0,0
2256803847	ID:10	[HFS] ra=0 si=0 cx=49 ac=0
2256809643	ID:10	[LIST] Neighbors: 19,25,17,16,9,24,29,30
2256813280	ID:10	[LIST] Quarantine: (none)
2256816776	ID:10	[LIST] Blacklist: (none)
2256823405	ID:10	FUZZRID,DET,17,1024,1024,0,0,0,0,0,0,10,0,0,0
2267719242	ID:28	[ATK-FAKE-RANK]  true_rank=512 fake_rank=1012 t=11720s
2271651120	ID:27	[ATK-FAKE-RANK]  true_rank=537 fake_rank=952 t=11720s
2271682818	ID:22	[HFS] ra=74 si=49 cx=49 ac=82
2271687481	ID:22	[LIST] Neighbors: 15,26,11,20,27
2271691118	ID:22	[LIST] Quarantine: (none)
2271694615	ID:22	[LIST] Blacklist: (none)
2271701976	ID:22	FUZZRID,DET,27,952,537,415,0,100,100,3,0,1,0,82,75
2275762774	ID:6	[HFS] ra=0 si=0 cx=49 ac=0
2275768439	ID:6	[LIST] Neighbors: 19,17,20,16,30,2,12,5
2275772076	ID:6	[LIST] Quarantine: (none)
2275775572	ID:6	[LIST] Blacklist: (none)
2275781666	ID:6	FUZZRID,DET,19,768,768,0,0,0,0,0,0,5,0,0,0
2280160174	ID:18	 291843 P 0.0 37 1083051 73619848 292719 634107 0 499661 16348 1949708 1057 12280 0 11894 (radio 1.-91% / 0.67% tx 0.39% / 0.05% listen 0.27% / 0.62%)
2280188520	ID:16	 291843 P 0.0 37 2332265 72374560 603862 1027066 0 743426 45400 1920667 9295 22385 0 17898 (radio 2.-155% / 1.61% tx 0.23% / 0.47% listen 1.-78% / 1.13%)
2280326370	ID:3	 291843 P 0.0 37 1227537 73480045 335726 700633 0 555679 27956 1937946 6307 15749 0 12377 (radio 1.-77% / 1.12% tx 0.44% / 0.32% listen 0.36% / 0.80%)
2280348127	ID:23	 291843 P 0.0 37 1165282 73540566 357094 629509 0 487558 15040 1951036 0 11957 0 11957 (radio 1.-83% / 0.60% tx 0.47% / 0.00% listen 0.26% / 0.60%)
2280374690	ID:25	 291843 P 0.0 37 2267451 72438478 570156 1063969 0 792624 86949 1879057 29585 31887 0 15669 (radio 2.-154% / 3.12% tx 0.18% / 1.50% listen 1.-73% / 1.62%)
2280417586	ID:11	 291843 P 0.0 37 1850871 72857307 499345 896133 0 642737 56591 1909482 22162 22504 0 13979 (radio 1.-86% / 2.27% tx 0.09% / 1.12% listen 1.-96% / 1.14%)
2280559055	ID:19	 291843 P 0.0 37 4186041 70519847 1449072 1526204 0 687087 56040 1909688 11955 25152 0 17309 (radio 3.-247% / 1.88% tx 1.-79% / 0.60% listen 2.-169% / 1.27%)
2280563675	ID:20	 291843 P 0.0 37 2003687 72702550 459659 883601 0 671416 27005 1939044 0 14593 0 14593 (radio 1.-93% / 0.74% tx 0.04% / 0.00% listen 1.-97% / 0.74%)
2280580539	ID:10	 291843 P 0.0 37 2038186 72668880 545233 1082343 0 849077 42647 1923348 7221 21397 0 16838 (radio 2.-155% / 1.45% tx 0.15% / 0.36% listen 1.-71% / 1.08%)
2280683083	ID:4	 291843 P 0.0 37 2215120 72491365 689602 898763 0 577635 45081 1921049 10709 19230 0 13994 (radio 2.-160% / 1.52% tx 0.34% / 0.54% listen 1.-95% / 0.97%)
2280716935	ID:8	 291843 P 0.0 37 1599363 73108057 399208 736006 0 562709 24038 1942027 1369 14728 0 14146 (radio 1.-64% / 0.81% tx 0.53% / 0.06% listen 0.41% / 0.74%)
2280780528	ID:14	 291843 P 0.0 37 2087419 72617901 700360 855969 0 527354 26627 1939289 2582 14171 0 12912 (radio 2.-165% / 0.85% tx 0.36% / 0.13% listen 1.-43% / 0.72%)
2280813095	ID:7	 291843 P 0.0 37 1543463 73163027 356577 732043 0 578654 31241 1934620 6035 15534 0 12976 (radio 1.-70% / 1.09% tx 0.47% / 0.30% listen 0.40% / 0.79%)
2280829061	ID:1	 291845 P 0.0 37 3454612 71253557 1476002 73231183 0 0 53451 1912590 21628 1944442 0 0 (radio 42.-4146% / 100.-8739% tx 1.-75% / 1.10% listen 40.-3971% / 98.-8649%)
2280832858	ID:15	 291843 P 0.0 37 3851368 70854493 1225272 1438720 0 602175 51342 1914615 9724 23659 0 15628 (radio 3.-289% / 1.69% tx 1.-51% / 0.49% listen 1.-80% / 1.20%)
2280833954	ID:17	 291843 P 0.0 37 3262219 71443945 1184221 1352755 0 806442 60868 1905155 18859 25151 0 16201 (radio 3.-248% / 2.23% tx 1.-57% / 0.95% listen 1.-92% / 1.27%)
2280922179	ID:2	 291843 P 0.0 37 1607191 73100142 394804 767148 0 594240 34105 1931951 7007 17195 0 13539 (radio 1.-60% / 1.23% tx 0.52% / 0.35% listen 1.-55% / 0.87%)
2280923478	ID:6	 291844 P 0.0 37 2303787 72401611 599416 1041919 0 725278 48234 1918146 11559 20623 0 14485 (radio 2.-153% / 1.63% tx 0.22% / 0.58% listen 1.-76% / 1.04%)
2280954350	ID:22	 291843 P 0.0 37 1427003 73278428 367221 724008 0 560527 21451 1944609 0 14479 0 14677 (radio 1.-69% / 0.73% tx 0.49% / 0.00% listen 0.39% / 0.73%)
2281025197	ID:12	 291843 P 0.0 37 1610225 73094749 467912 745277 0 563078 22833 1943234 1775 13873 0 13149 (radio 1.-53% / 0.79% tx 0.05% / 0.09% listen 0.42% / 0.70%)
2281041617	ID:9	 291843 P 0.0 37 2078934 72628712 615845 873361 0 595398 32241 1933618 3884 17904 0 15495 (radio 1.-74% / 1.10% tx 0.24% / 0.19% listen 1.-99% / 0.91%)
2281083922	ID:24	 291843 P 0.0 37 2563768 72143269 988830 982980 0 544325 34953 1931104 6301 15968 0 12641 (radio 2.-167% / 1.13% tx 1.-83% / 0.32% listen 1.-84% / 0.81%)
2281135361	ID:5	 291843 P 0.0 37 1772323 72934848 497273 831058 0 625440 23743 1942311 807 14454 0 13877 (radio 1.-95% / 0.77% tx 0.09% / 0.04% listen 1.-47% / 0.73%)
2281137468	ID:21	 291843 P 0.0 37 1719288 72989718 429602 871431 0 562196 46903 1919107 14691 22040 0 13335 (radio 1.-99% / 1.86% tx 0.00% / 0.74% listen 1.-99% / 1.12%)
2281140502	ID:13	 291843 P 0.0 37 1013705 73692080 257484 602126 0 506663 14603 1951455 0 11906 0 11906 (radio 1.-100% / 0.60% tx 0.34% / 0.00% listen 0.23% / 0.60%)
2282375063	ID:12	[HFS] ra=0 si=0 cx=49 ac=0
2282379288	ID:12	[LIST] Neighbors: 20,5,30,6,2
2282382925	ID:12	[LIST] Quarantine: (none)
2282386421	ID:12	[LIST] Blacklist: (none)
2282392738	ID:12	FUZZRID,DET,6,1074,1074,0,0,0,0,0,0,3,0,0,0
2285768585	ID:9	[HFS] ra=0 si=0 cx=49 ac=0
2285773794	ID:9	[LIST] Neighbors: 4,25,29,10,7,23,14
2285777431	ID:9	[LIST] Quarantine: (none)
2285780928	ID:9	[LIST] Blacklist: (none)
2285787403	ID:9	FUZZRID,DET,14,1061,1061,0,0,0,0,0,0,1,0,0,0
2286166452	ID:20	[HFS] ra=0 si=0 cx=49 ac=0
2286172130	ID:20	[LIST] Neighbors: 26,30,19,6,12,5,22,11
2286175766	ID:20	[LIST] Quarantine: (none)
2286179263	ID:20	[LIST] Blacklist: (none)
2286185752	ID:20	FUZZRID,DET,22,1253,1253,0,0,0,0,0,0,0,0,0,0
2295626274	ID:12	[HFS] ra=0 si=0 cx=49 ac=0
2295630498	ID:12	[LIST] Neighbors: 20,5,30,6,2
2295634135	ID:12	[LIST] Quarantine: (none)
2295637632	ID:12	[LIST] Blacklist: (none)
2295644086	ID:12	FUZZRID,DET,20,1059,1059,0,0,0,0,0,0,6,0,0,0
2308649244	ID:2	[HFS] ra=0 si=0 cx=49 ac=0
2308653894	ID:2	[LIST] Neighbors: 16,5,30,6,12,8
2308657531	ID:2	[LIST] Quarantine: (none)
2308661028	ID:2	[LIST] Blacklist: (none)
2308667060	ID:16	[HFS] ra=0 si=0 cx=49 ac=0
2308667343	ID:2	FUZZRID,DET,8,1458,1458,0,0,0,0,0,0,0,0,0,0
2308672710	ID:16	[LIST] Neighbors: 19,17,30,24,29,25,2,8
2308676346	ID:16	[LIST] Quarantine: (none)
2308679843	ID:16	[LIST] Blacklist: (none)
2308683487	ID:24	[HFS] ra=0 si=0 cx=49 ac=0
2308686158	ID:16	FUZZRID,DET,8,1458,1458,0,0,0,0,0,0,0,0,0,0
2308688430	ID:24	[LIST] Neighbors: 17,16,18,10,13,8
2308692067	ID:24	[LIST] Quarantine: (none)
2308695564	ID:24	[LIST] Blacklist: (none)
2308701879	ID:24	FUZZRID,DET,8,1458,1458,0,0,0,0,0,0,0,0,0,0
2309365553	ID:26	[ATK-FAKE-RANK]  true_rank=853 fake_rank=1389 t=11720s
2310664203	ID:16	[HFS] ra=0 si=0 cx=49 ac=0
2310669852	ID:16	[LIST] Neighbors: 19,17,30,24,29,25,2,8
2310673489	ID:16	[LIST] Quarantine: (none)
2310676986	ID:16	[LIST] Blacklist: (none)
2310683456	ID:16	FUZZRID,DET,24,1348,1348,0,0,0,0,0,0,7,0,0,0
2314769535	ID:9	[HFS] ra=0 si=0 cx=49 ac=0
2314774745	ID:9	[LIST] Neighbors: 4,25,29,10,7,23,14
2314778381	ID:9	[LIST] Quarantine: (none)
2314781878	ID:9	[LIST] Blacklist: (none)
2314788332	ID:9	FUZZRID,DET,23,1449,1449,0,0,0,0,0,0,7,0,0,0
2319365223	ID:30	[ATK-FAKE-RANK]  true_rank=1029 fake_rank=1636 t=11720s
2319792524	ID:20	[HFS] ra=74 si=49 cx=49 ac=82
2319798174	ID:20	[LIST] Neighbors: 26,30,19,6,12,5,22,11
2319801811	ID:20	[LIST] Quarantine: (none)
2319805308	ID:20	[LIST] Blacklist: (none)
2319813133	ID:20	FUZZRID,DET,30,1636,1029,607,0,100,100,20,0,0,0,82,75
2321235587	ID:5	[HFS] ra=0 si=0 cx=49 ac=0
2321240384	ID:5	[LIST] Neighbors: 19,20,30,6,2,12
2321244020	ID:5	[LIST] Quarantine: (none)
2321247530	ID:5	[LIST] Blacklist: (none)
2321253985	ID:5	FUZZRID,DET,12,1342,1342,0,0,0,0,0,0,9,0,0,0
2321261786	ID:6	[HFS] ra=0 si=0 cx=49 ac=0
2321267460	ID:6	[LIST] Neighbors: 19,17,20,16,30,2,12,5
2321271097	ID:6	[LIST] Quarantine: (none)
2321273938	ID:2	[HFS] ra=0 si=0 cx=49 ac=0
2321274593	ID:6	[LIST] Blacklist: (none)
2321278606	ID:2	[LIST] Neighbors: 16,5,30,6,12,8
2321281076	ID:6	FUZZRID,DET,12,1342,1342,0,0,0,0,0,0,2,0,0,0
2321282243	ID:2	[LIST] Quarantine: (none)
2321285740	ID:2	[LIST] Blacklist: (none)
2321292195	ID:2	FUZZRID,DET,12,1342,1342,0,0,0,0,0,0,2,0,0,0
2321647269	ID:2	[HFS] ra=0 si=0 cx=49 ac=0
2321651929	ID:2	[LIST] Neighbors: 16,5,30,6,12,8
2321655565	ID:2	[LIST] Quarantine: (none)
2321659062	ID:2	[LIST] Blacklist: (none)
2321665517	ID:2	FUZZRID,DET,12,1342,1342,0,0,0,0,0,0,2,0,0,0
2324032980	ID:29	[ATK-FAKE-RANK]  true_rank=1383 fake_rank=2151 t=11720s
2324102725	ID:25	[HFS] ra=74 si=49 cx=49 ac=82
2324108522	ID:25	[LIST] Neighbors: 15,26,17,10,30,9,16,29
2324112159	ID:25	[LIST] Quarantine: (none)
2324115655	ID:25	[LIST] Blacklist: (none)
2324123483	ID:25	FUZZRID,DET,29,2151,1383,768,0,100,100,9,0,16,0,82,75
2340160198	ID:18	 299523 P 0.0 38 1105563 75563391 297546 648749 0 511704 22511 1943543 4827 14642 0 12043 (radio 1.-89% / 0.99% tx 0.38% / 0.24% listen 0.28% / 0.74%)
2340188219	ID:16	 299523 P 0.0 38 2366728 74306160 604422 1042460 0 757753 34462 1931600 560 15394 0 14327 (radio 2.-154% / 0.81% tx 0.22% / 0.02% listen 1.-77% / 0.78%)
2340325521	ID:3	 299523 P 0.0 38 1244010 75429569 335726 713082 0 568128 16471 1949524 0 12449 0 12449 (radio 1.-76% / 0.63% tx 0.43% / 0.00% listen 0.36% / 0.63%)
2340348970	ID:23	 299523 P 0.0 38 1183687 75488239 359064 642577 0 499798 18403 1947673 1970 13068 0 12240 (radio 1.-82% / 0.76% tx 0.46% / 0.10% listen 0.27% / 0.66%)
2340374370	ID:25	 299523 P 0.0 38 2307626 74364382 575546 1080199 0 805858 40173 1925904 5390 16230 0 13234 (radio 2.-153% / 1.09% tx 0.19% / 0.27% listen 1.-72% / 0.82%)
2340417300	ID:11	 299523 P 0.0 38 1884422 74789819 504999 912307 0 656037 33550 1932512 5654 16174 0 13300 (radio 1.-84% / 1.11% tx 0.09% / 0.28% listen 1.-94% / 0.82%)
2340564535	ID:20	 299523 P 0.0 38 2046878 74625325 466318 902033 0 685857 43189 1922775 6659 18432 0 14441 (radio 1.-90% / 1.27% tx 0.04% / 0.33% listen 1.-95% / 0.93%)
2340564815	ID:19	 299523 P 0.0 38 4222147 72449997 1451168 1542969 0 701837 36105 1930150 2096 16765 0 14750 (radio 3.-246% / 0.95% tx 1.-79% / 0.10% listen 2.-167% / 0.85%)
2340579706	ID:10	 299523 P 0.0 38 2063923 74609221 545233 1096614 0 863348 25735 1940341 0 14271 0 14271 (radio 2.-154% / 0.72% tx 0.15% / 0.00% listen 1.-70% / 0.72%)
2340680812	ID:4	 299523 P 0.0 38 2254576 74417914 697298 914759 0 589469 39454 1926549 7696 15996 0 11834 (radio 2.-158% / 1.20% tx 0.34% / 0.39% listen 1.-93% / 0.81%)
2340716949	ID:8	 299523 P 0.0 38 1625455 75048026 402230 749585 0 576216 26091 1939969 3022 13579 0 13507 (radio 1.-62% / 0.84% tx 0.52% / 0.15% listen 0.41% / 0.69%)
2340780528	ID:14	 299523 P 0.0 38 2121078 74550122 707261 871455 0 539068 33658 1932221 6901 15486 0 11714 (radio 2.-163% / 1.13% tx 0.36% / 0.35% listen 1.-99% / 0.78%)
2340813092	ID:7	 299523 P 0.0 38 1567965 75104572 358514 745099 0 590926 24501 1941545 1937 13056 0 12272 (radio 1.-69% / 0.76% tx 0.46% / 0.09% listen 0.41% / 0.66%)
2340828139	ID:1	 299525 P 0.0 38 3474413 73199762 1476002 75197263 0 0 19799 1946205 0 1966078 0 0 (radio 43.-4271% / 100.-8739% tx 1.-76% / 0.00% listen 42.-4196% / 100.-8739%)
2340832575	ID:15	 299523 P 0.0 38 3881190 72790715 1225515 1451849 0 614552 29820 1936222 243 13129 0 12377 (radio 3.-287% / 0.68% tx 1.-53% / 0.01% listen 1.-79% / 0.66%)
2340833592	ID:17	 299523 P 0.0 38 3294836 73377389 1185592 1368013 0 820911 32616 1933444 1371 15258 0 14469 (radio 3.-248% / 0.84% tx 1.-58% / 0.06% listen 1.-90% / 0.77%)
2340912250	ID:6	 299523 P 0.0 38 2348601 74322424 608153 1059714 0 738456 44812 1920813 8737 17795 0 13178 (radio 2.-151% / 1.34% tx 0.23% / 0.44% listen 1.-74% / 0.90%)
2340922165	ID:2	 299523 P 0.0 38 1646174 75027219 402748 785208 0 607715 38982 1927077 7944 18060 0 13475 (radio 1.-58% / 1.32% tx 0.52% / 0.40% listen 1.-54% / 0.91%)
2340955245	ID:22	 299523 P 0.0 38 1457788 75213677 373321 739117 0 572550 30783 1935249 6100 15109 0 12023 (radio 1.-67% / 1.07% tx 0.48% / 0.31% listen 0.40% / 0.76%)
2341025483	ID:12	 299523 P 0.0 38 1656462 75014533 482116 765063 0 576298 46236 1919784 14204 19786 0 13220 (radio 1.-50% / 1.72% tx 0.06% / 0.72% listen 0.43% / 1.00%)
2341041629	ID:9	 299523 P 0.0 38 2117428 74555946 623248 889579 0 608056 38493 1927234 7403 16218 0 12658 (radio 1.-71% / 1.20% tx 0.25% / 0.37% listen 1.-97% / 0.82%)
2341084402	ID:24	 299523 P 0.0 38 2606443 74066619 999766 1000048 0 555877 42673 1923350 10936 17068 0 11552 (radio 2.-164% / 1.42% tx 1.-82% / 0.55% listen 1.-82% / 0.86%)
2341135949	ID:5	 299523 P 0.0 38 1814991 74858183 508810 851242 0 639728 42666 1923335 11537 20184 0 14288 (radio 1.-91% / 1.61% tx 0.10% / 0.58% listen 1.-45% / 1.02%)
2341136862	ID:21	 299523 P 0.0 38 1742096 74932988 429926 884321 0 573809 22806 1943270 324 12890 0 11613 (radio 1.-97% / 0.67% tx 0.00% / 0.01% listen 1.-97% / 0.65%)
2341140286	ID:13	 299523 P 0.0 38 1028298 75643547 257484 614720 0 519257 14591 1951467 0 12594 0 12594 (radio 1.-99% / 0.64% tx 0.33% / 0.00% listen 0.24% / 0.64%)
2341781181	ID:4	[HFS] ra=0 si=0 cx=49 ac=0
2341786258	ID:4	[LIST] Neighbors: 28,9,31,7,3,14,21
2341789895	ID:4	[LIST] Quarantine: (none)
2341793411	ID:4	[LIST] Blacklist: (none)
2341799504	ID:4	FUZZRID,DET,21,512,512,0,0,0,0,0,0,0,0,0,0
2343304064	ID:31	[ATK-FAKE-RANK]  true_rank=774 fake_rank=1248 t=11720s
2343428550	ID:3	[HFS] ra=74 si=49 cx=49 ac=82
2343432215	ID:3	[LIST] Neighbors: 31,4,14
2343435852	ID:3	[LIST] Quarantine: (none)
2343439348	ID:3	[LIST] Blacklist: (none)
2343446996	ID:3	FUZZRID,DET,31,1248,774,474,0,100,100,22,0,2,0,82,75
2345012372	ID:6	[HFS] ra=0 si=0 cx=49 ac=0
2345018022	ID:6	[LIST] Neighbors: 19,17,20,16,30,2,12,5
2345021659	ID:6	[LIST] Quarantine: (none)
2345025155	ID:6	[LIST] Blacklist: (none)
2345031631	ID:6	FUZZRID,DET,17,1024,1024,0,0,0,0,0,0,1,0,0,0
2355534528	ID:19	[HFS] ra=0 si=0 cx=49 ac=0
2355540336	ID:19	[LIST] Neighbors: 15,26,17,30,20,5,25,16
2355543973	ID:19	[LIST] Quarantine: (none)
2355547469	ID:19	[LIST] Blacklist: (none)
2355553700	ID:19	FUZZRID,DET,25,840,840,0,0,0,0,0,0,15,0,0,0
2355634073	ID:18	[HFS] ra=0 si=0 cx=49 ac=0
2355637456	ID:18	[LIST] Neighbors: 24,13
2355641093	ID:18	[LIST] Quarantine: (none)
2355644590	ID:18	[LIST] Blacklist: (none)
2355651048	ID:18	FUZZRID,DET,13,1587,1587,0,0,0,0,0,0,4,0,0,0
2356132263	ID:14	[HFS] ra=0 si=0 cx=49 ac=0
2356136341	ID:14	[LIST] Neighbors: 31,4,7,9,3
2356139978	ID:14	[LIST] Quarantine: (none)
2356143474	ID:14	[LIST] Blacklist: (none)
2356149793	ID:14	FUZZRID,DET,3,1111,1111,0,0,0,0,0,0,5,0,0,0
2359559097	ID:24	[HFS] ra=0 si=0 cx=49 ac=0
2359564057	ID:24	[LIST] Neighbors: 17,16,18,10,13,8
2359567694	ID:24	[LIST] Quarantine: (none)
2359571191	ID:24	[LIST] Blacklist: (none)
2359577677	ID:24	FUZZRID,DET,10,1099,1099,0,0,0,0,0,0,6,0,0,0
2361197565	ID:23	[HFS] ra=0 si=0 cx=49 ac=0
2361200643	ID:23	[LIST] Neighbors: 7,9
2361204280	ID:23	[LIST] Quarantine: (none)
2361207776	ID:23	[LIST] Blacklist: (none)
2361214093	ID:23	FUZZRID,DET,7,1093,1093,0,0,0,0,0,0,2,0,0,0
2367161867	ID:7	[HFS] ra=0 si=0 cx=49 ac=0
2367166223	ID:7	[LIST] Neighbors: 4,23,29,9,14
2367169860	ID:7	[LIST] Quarantine: (none)
2367173357	ID:7	[LIST] Blacklist: (none)
2367179674	ID:7	FUZZRID,DET,9,1181,1181,0,0,0,0,0,0,5,0,0,0
2368440828	ID:8	[HFS] ra=0 si=0 cx=49 ac=0
2368445625	ID:8	[LIST] Neighbors: 17,16,30,6,2,24
2368449262	ID:8	[LIST] Quarantine: (none)
2368452759	ID:8	[LIST] Blacklist: (none)
2368459213	ID:8	FUZZRID,DET,16,1068,1068,0,0,0,0,0,0,0,0,0,0
2370936032	ID:24	[HFS] ra=0 si=0 cx=49 ac=0
2370940975	ID:24	[LIST] Neighbors: 17,16,18,10,13,8
2370944612	ID:24	[LIST] Quarantine: (none)
2370948108	ID:24	[LIST] Blacklist: (none)
2370954561	ID:24	FUZZRID,DET,18,1620,1620,0,0,0,0,0,0,1,0,0,0
2373086579	ID:28	[ATK-FAKE-RANK]  true_rank=512 fake_rank=1032 t=11720s
2384129164	ID:30	[ATK-FAKE-RANK]  true_rank=1029 fake_rank=1656 t=11720s
2384685603	ID:17	[HFS] ra=74 si=49 cx=49 ac=82
2384691546	ID:17	[LIST] Neighbors: 26,19,16,10,24,29,25,30
2384695189	ID:17	[LIST] Quarantine: (none)
2384698686	ID:17	[LIST] Blacklist: (none)
2384706543	ID:17	FUZZRID,DET,30,1656,1029,627,0,100,100,25,0,0,0,82,75
2385180892	ID:10	[HFS] ra=0 si=0 cx=49 ac=0
2385186688	ID:10	[LIST] Neighbors: 19,25,17,16,9,24,29,30
2385190324	ID:10	[LIST] Quarantine: (none)
2385193821	ID:10	[LIST] Blacklist: (none)
2385200275	ID:10	FUZZRID,DET,24,1348,1348,0,0,0,0,0,0,9,0,0,0
2393584196	ID:26	[ATK-FAKE-RANK]  true_rank=853 fake_rank=1409 t=11720s
2393685931	ID:17	[HFS] ra=74 si=49 cx=49 ac=82
2393691874	ID:17	[LIST] Neighbors: 26,19,16,10,24,29,25,30
2393695511	ID:17	[LIST] Quarantine: (none)
2393699007	ID:17	[LIST] Blacklist: (none)
2393706653	ID:17	FUZZRID,DET,26,1409,853,556,0,100,100,17,0,3,0,82,75
2395212589	ID:29	[ATK-FAKE-RANK]  true_rank=1383 fake_rank=2171 t=11720s
2395289666	ID:16	[HFS] ra=74 si=49 cx=49 ac=82
2395295316	ID:16	[LIST] Neighbors: 19,17,30,24,29,25,2,8
2395298965	ID:16	[LIST] Quarantine: (none)
2395302462	ID:16	[LIST] Blacklist: (none)
2395310290	ID:16	FUZZRID,DET,29,2171,1383,788,0,100,100,15,0,7,0,82,75
2397815605	ID:8	[HFS] ra=0 si=0 cx=49 ac=0
2397820435	ID:8	[LIST] Neighbors: 17,16,30,6,2,24
2397824072	ID:8	[LIST] Quarantine: (none)
2397827569	ID:8	[LIST] Blacklist: (none)
2397833884	ID:8	FUZZRID,DET,2,1382,1382,0,0,0,0,0,0,0,0,0,0
2400160256	ID:18	 307203 P 0.0 39 1131403 77503359 303796 664468 0 524230 25838 1939968 6250 15719 0 12526 (radio 1.-87% / 1.11% tx 0.38% / 0.31% listen 0.29% / 0.79%)
2400192724	ID:16	 307203 P 0.0 39 2413705 76225232 613769 1061923 0 772425 46975 1919072 9347 19463 0 14672 (radio 2.-151% / 1.46% tx 0.23% / 0.47% listen 1.-75% / 0.98%)
2400326373	ID:3	 307203 P 0.0 39 1265767 77373833 337793 727079 0 580690 21755 1944264 2067 13997 0 12562 (radio 1.-74% / 0.81% tx 0.42% / 0.10% listen 0.37% / 0.71%)
2400348134	ID:23	 307203 P 0.0 39 1199619 77438383 359064 654850 0 511889 15931 1950144 0 12273 0 12091 (radio 1.-81% / 0.62% tx 0.45% / 0.00% listen 0.28% / 0.62%)
2400374381	ID:25	 307203 P 0.0 39 2341150 76296934 578083 1097058 0 821939 33522 1932552 2537 16859 0 16081 (radio 2.-151% / 0.98% tx 0.18% / 0.12% listen 1.-70% / 0.85%)
2400416462	ID:11	 307203 P 0.0 39 1908123 76732196 504999 926586 0 670316 23700 1942377 0 14279 0 14279 (radio 1.-82% / 0.72% tx 0.09% / 0.00% listen 1.-92% / 0.72%)
2400558562	ID:19	 307203 P 0.0 39 4272170 74365839 1460042 1563030 0 716358 50022 1915842 8874 20061 0 14521 (radio 3.-298% / 1.47% tx 1.-79% / 0.45% listen 1.-66% / 1.02%)
2400568226	ID:20	 307203 P 0.0 39 2080788 76557336 470265 916630 0 698596 33908 1932011 3947 14597 0 12739 (radio 1.-88% / 0.94% tx 0.05% / 0.20% listen 1.-93% / 0.74%)
2400580576	ID:10	 307203 P 0.0 39 2103252 76535919 552117 1115034 0 878423 39327 1926698 6884 18420 0 15075 (radio 2.-152% / 1.28% tx 0.15% / 0.35% listen 1.-68% / 0.93%)
2400681056	ID:4	 307203 P 0.0 39 2299523 76339032 707845 934378 0 603576 44946 1921118 10547 19619 0 14107 (radio 2.-156% / 1.53% tx 0.35% / 0.53% listen 1.-91% / 0.99%)
2400716942	ID:8	 307203 P 0.0 39 1659780 76979758 407591 765642 0 588923 34324 1931732 5361 16057 0 12707 (radio 1.-61% / 1.08% tx 0.51% / 0.27% listen 0.42% / 0.81%)
2400780524	ID:14	 307203 P 0.0 39 2151758 76485302 712001 887852 0 553071 30679 1935180 4740 16397 0 14003 (radio 2.-161% / 1.07% tx 0.35% / 0.24% listen 1.-97% / 0.83%)
2400813118	ID:7	 307203 P 0.0 39 1606214 77032286 367796 762870 0 603698 38248 1927714 9282 17771 0 12772 (radio 1.-66% / 1.37% tx 0.46% / 0.47% listen 0.42% / 0.90%)
2400828129	ID:1	 307205 P 0.0 39 3493260 75146918 1476002 77163343 0 0 18846 1947156 0 1966079 0 0 (radio 45.-4495% / 100.-8739% tx 1.-77% / 0.00% listen 43.-4264% / 100.-8739%)
2400833202	ID:15	 307203 P 0.0 39 3929099 74708765 1236649 1470860 0 627663 47908 1918050 11134 19011 0 13111 (radio 3.-284% / 1.53% tx 1.-52% / 0.56% listen 1.-77% / 0.96%)
2400833615	ID:17	 307203 P 0.0 39 3345067 75293210 1195410 1388267 0 836052 50229 1915821 9818 20254 0 15141 (radio 3.-300% / 1.52% tx 1.-58% / 0.49% listen 1.-88% / 1.03%)
2400911960	ID:6	 307203 P 0.0 39 2379801 76257186 609133 1074549 0 752092 31198 1934762 980 14835 0 13636 (radio 2.-150% / 0.80% tx 0.22% / 0.04% listen 1.-73% / 0.75%)
2400922159	ID:2	 307203 P 0.0 39 1672285 76967166 405501 799417 0 621089 26110 1939947 2753 14209 0 13374 (radio 1.-57% / 0.86% tx 0.51% / 0.14% listen 1.-53% / 0.72%)
2400955188	ID:22	 307203 P 0.0 39 1481861 77155536 375350 752958 0 584976 24072 1941859 2029 13841 0 12426 (radio 1.-66% / 0.80% tx 0.47% / 0.10% listen 0.41% / 0.70%)
2401024345	ID:12	 307203 P 0.0 39 1676380 76960653 482116 777303 0 588538 19917 1946120 0 12240 0 12240 (radio 1.-50% / 0.62% tx 0.06% / 0.00% listen 0.44% / 0.62%)
2401041598	ID:9	 307203 P 0.0 39 2145307 76493963 624759 904381 0 621682 27878 1938017 1511 14802 0 13626 (radio 1.-70% / 0.82% tx 0.24% / 0.07% listen 1.-95% / 0.75%)
2401084703	ID:24	 307203 P 0.0 39 2655912 75983146 1014409 1019996 0 569108 49467 1916527 14643 19948 0 13231 (radio 2.-160% / 1.75% tx 1.-81% / 0.74% listen 1.-80% / 1.01%)
2401135538	ID:5	 307203 P 0.0 39 1838767 76800370 509650 864691 0 652531 23775 1942187 840 13449 0 12803 (radio 1.-90% / 0.72% tx 0.10% / 0.04% listen 1.-100% / 0.68%)
2401136882	ID:21	 307203 P 0.0 39 1763673 76877486 430664 898911 0 588096 21575 1944498 738 14590 0 14287 (radio 1.-95% / 0.77% tx 0.00% / 0.03% listen 1.-95% / 0.74%)
2401141153	ID:13	 307203 P 0.0 39 1058385 77579227 266620 631758 0 531341 30085 1935680 9136 17038 0 12084 (radio 1.-95% / 1.33% tx 0.33% / 0.46% listen 0.25% / 0.86%)
2411943155	ID:8	[HFS] ra=0 si=0 cx=49 ac=0
2411947981	ID:8	[LIST] Neighbors: 17,16,30,6,2,24
2411951618	ID:8	[LIST] Quarantine: (none)
2411955115	ID:8	[LIST] Blacklist: (none)
2411961430	ID:8	FUZZRID,DET,2,1382,1382,0,0,0,0,0,0,0,0,0,0
2411985970	ID:5	[HFS] ra=0 si=0 cx=49 ac=0
2411990767	ID:5	[LIST] Neighbors: 19,20,30,6,2,12
2411994404	ID:5	[LIST] Quarantine: (none)
2411997900	ID:5	[LIST] Blacklist: (none)
2411998705	ID:12	[HFS] ra=0 si=0 cx=49 ac=0
2412002929	ID:12	[LIST] Neighbors: 20,5,30,6,2
2412004223	ID:5	FUZZRID,DET,2,1382,1382,0,0,0,0,0,0,5,0,0,0
2412006566	ID:12	[LIST] Quarantine: (none)
2412010063	ID:12	[LIST] Blacklist: (none)
2412012027	ID:6	[HFS] ra=0 si=0 cx=49 ac=0
2412016378	ID:12	FUZZRID,DET,2,1382,1382,0,0,0,0,0,0,2,0,0,0
2412017677	ID:6	[LIST] Neighbors: 19,17,20,16,30,2,12,5
2412021314	ID:6	[LIST] Quarantine: (none)
2412024810	ID:6	[LIST] Blacklist: (none)
2412031125	ID:6	FUZZRID,DET,2,1382,1382,0,0,0,0,0,0,0,0,0,0
2420387269	ID:18	[HFS] ra=0 si=0 cx=49 ac=0
2420390652	ID:18	[LIST] Neighbors: 24,13
2420394289	ID:18	[LIST] Quarantine: (none)
2420397786	ID:18	[LIST] Blacklist: (none)
2420404238	ID:18	FUZZRID,DET,13,1629,1629,0,0,0,0,0,0,4,0,0,0
2422237504	ID:27	[ATK-FAKE-RANK]  true_rank=531 fake_rank=972 t=11720s
2431892407	ID:9	[HFS] ra=0 si=0 cx=49 ac=0
2431897646	ID:9	[LIST] Neighbors: 4,25,29,10,7,23,14
2431901283	ID:9	[LIST] Quarantine: (none)
2431904780	ID:9	[LIST] Blacklist: (none)
2431905825	ID:4	[HFS] ra=0 si=0 cx=49 ac=0
2431910920	ID:4	[LIST] Neighbors: 28,9,31,7,3,14,21
2431911234	ID:9	FUZZRID,DET,14,1060,1060,0,0,0,0,0,0,1,0,0,0
2431913568	ID:7	[HFS] ra=0 si=0 cx=49 ac=0
2431914557	ID:4	[LIST] Quarantine: (none)
2431917925	ID:7	[LIST] Neighbors: 4,23,29,9,14
2431918055	ID:4	[LIST] Blacklist: (none)
2431921561	ID:7	[LIST] Quarantine: (none)
2431924508	ID:4	FUZZRID,DET,14,1060,1060,0,0,0,0,0,0,0,0,0,0
2431925089	ID:7	[LIST] Blacklist: (none)
2431925818	ID:3	[HFS] ra=0 si=0 cx=49 ac=0
2431929483	ID:3	[LIST] Neighbors: 31,4,14
2431931542	ID:7	FUZZRID,DET,14,1060,1060,0,0,0,0,0,0,0,0,0,0
2431933119	ID:3	[LIST] Quarantine: (none)
2431936616	ID:3	[LIST] Blacklist: (none)
2431943070	ID:3	FUZZRID,DET,14,1060,1060,0,0,0,0,0,0,0,0,0,0
2439575485	ID:23	[HFS] ra=0 si=0 cx=49 ac=0
2439578563	ID:23	[LIST] Neighbors: 7,9
2439582200	ID:23	[LIST] Quarantine: (none)
2439585697	ID:23	[LIST] Blacklist: (none)
2439592153	ID:23	FUZZRID,DET,9,1181,1181,0,0,0,0,0,0,14,0,0,0
2447556465	ID:10	[HFS] ra=0 si=0 cx=49 ac=0
2447562261	ID:10	[LIST] Neighbors: 19,25,17,16,9,24,29,30
2447565898	ID:10	[LIST] Quarantine: (none)
2447569395	ID:10	[LIST] Blacklist: (none)
2447575499	ID:10	FUZZRID,DET,25,840,840,0,0,0,0,0,0,4,0,0,0
2453477926	ID:25	[HFS] ra=0 si=0 cx=49 ac=0
2453483722	ID:25	[LIST] Neighbors: 15,26,17,10,30,9,16,29
2453487359	ID:25	[LIST] Quarantine: (none)
2453490855	ID:25	[LIST] Blacklist: (none)
2453497171	ID:25	FUZZRID,DET,9,1160,1160,0,0,0,0,0,0,8,0,0,0
2453506777	ID:14	[HFS] ra=0 si=0 cx=49 ac=0
2453510855	ID:14	[LIST] Neighbors: 31,4,7,9,3
2453514492	ID:14	[LIST] Quarantine: (none)
2453517999	ID:14	[LIST] Blacklist: (none)
2453524454	ID:14	FUZZRID,DET,9,1160,1160,0,0,0,0,0,0,11,0,0,0
2453558958	ID:10	[HFS] ra=0 si=0 cx=49 ac=0
2453564754	ID:10	[LIST] Neighbors: 19,25,17,16,9,24,29,30
2453568391	ID:10	[LIST] Quarantine: (none)
2453571887	ID:10	[LIST] Blacklist: (none)
2453578342	ID:10	FUZZRID,DET,9,1160,1160,0,0,0,0,0,0,15,0,0,0
2453915089	ID:20	[HFS] ra=0 si=0 cx=49 ac=0
2453920739	ID:20	[LIST] Neighbors: 26,30,19,6,12,5,22,11
2453924376	ID:20	[LIST] Quarantine: (none)
2453927872	ID:20	[LIST] Blacklist: (none)
2453934203	ID:20	FUZZRID,DET,6,1069,1069,0,0,0,0,0,0,0,0,0,0
2457042917	ID:30	[ATK-FAKE-RANK]  true_rank=1029 fake_rank=1676 t=11720s
2457147539	ID:2	[HFS] ra=74 si=49 cx=49 ac=82
2457152208	ID:2	[LIST] Neighbors: 16,5,30,6,12,8
2457155845	ID:2	[LIST] Quarantine: (none)
2457159342	ID:2	[LIST] Blacklist: (none)
2457167167	ID:2	FUZZRID,DET,30,1676,1029,647,0,100,100,30,0,0,0,82,75
2460159347	ID:18	 314883 P 0.0 40 1146976 79453458 303796 676237 0 535979 15572 1950099 0 11769 0 11749 (radio 1.-85% / 0.59% tx 0.37% / 0.00% listen 0.30% / 0.59%)
2460188503	ID:16	 314883 P 0.0 40 2445465 78159108 615380 1076799 0 786339 31759 1933876 1611 14876 0 13914 (radio 2.-150% / 0.83% tx 0.23% / 0.08% listen 1.-73% / 0.75%)
2460325517	ID:3	 314883 P 0.0 40 1283242 79322435 337793 739507 0 592914 17474 1948602 0 12428 0 12224 (radio 1.-73% / 0.63% tx 0.41% / 0.00% listen 0.38% / 0.63%)
2460348958	ID:23	 314883 P 0.0 40 1226452 79377627 365642 671456 0 524223 26831 1939244 6578 16606 0 12334 (radio 1.-78% / 1.17% tx 0.45% / 0.33% listen 0.30% / 0.84%)
2460374404	ID:25	 314883 P 0.0 40 2386665 78217453 586656 1114849 0 835901 45514 1920519 8573 17791 0 13962 (radio 2.-149% / 1.34% tx 0.19% / 0.43% listen 1.-69% / 0.90%)
2460417303	ID:11	 314883 P 0.0 40 1937993 78668404 508927 941034 0 683268 29868 1936208 3928 14448 0 12952 (radio 1.-80% / 0.93% tx 0.09% / 0.19% listen 1.-90% / 0.73%)
2460558592	ID:19	 314883 P 0.0 40 4310401 76293673 1463872 1578745 0 729982 38229 1927834 3830 15715 0 13624 (radio 3.-296% / 0.99% tx 1.-79% / 0.19% listen 1.-64% / 0.79%)
2460564535	ID:20	 314883 P 0.0 40 2114827 78489135 473505 931944 0 712091 34038 1931799 3240 15314 0 13495 (radio 1.-86% / 0.94% tx 0.05% / 0.16% listen 1.-91% / 0.77%)
2460580530	ID:10	 314883 P 0.0 40 2140904 78464292 556808 1131621 0 891734 37651 1928373 4691 16587 0 13311 (radio 2.-151% / 1.08% tx 0.15% / 0.23% listen 1.-67% / 0.84%)
2460680829	ID:4	 314883 P 0.0 40 2340996 78263624 715652 951308 0 615987 41472 1924592 7807 16930 0 12411 (radio 2.-154% / 1.25% tx 0.35% / 0.39% listen 1.-89% / 0.86%)
2460716938	ID:8	 314883 P 0.0 40 1693185 78912342 413658 780673 0 601111 33404 1932584 6067 15031 0 12188 (radio 1.-59% / 1.07% tx 0.51% / 0.30% listen 0.43% / 0.76%)
2460780534	ID:14	 314883 P 0.0 40 2178845 78424079 715029 901134 0 566264 27086 1938777 3028 13282 0 13193 (radio 2.-160% / 0.82% tx 0.35% / 0.15% listen 1.-95% / 0.67%)
2460813084	ID:7	 314883 P 0.0 40 1639210 78965174 373396 779205 0 616488 32995 1932888 5600 16335 0 12790 (radio 1.-64% / 1.11% tx 0.46% / 0.28% listen 0.43% / 0.83%)
2460828146	ID:1	 314885 P 0.0 40 3512171 77093992 1476002 79129423 0 0 18909 1947074 0 1966079 0 0 (radio 46.-4565% / 100.-8739% tx 1.-77% / 0.00% listen 44.-4388% / 100.-8739%)
2460832550	ID:15	 314883 P 0.0 40 3958410 76645129 1236811 1485382 0 641588 29310 1936364 162 14522 0 13925 (radio 3.-282% / 0.74% tx 1.-54% / 0.00% listen 1.-76% / 0.73%)
2460833590	ID:17	 314883 P 0.0 40 3378632 77225664 1197370 1402896 0 849447 33564 1932454 1960 14629 0 13395 (radio 3.-298% / 0.84% tx 1.-59% / 0.09% listen 1.-86% / 0.74%)
2460912246	ID:6	 314883 P 0.0 40 2411121 78191774 610149 1088344 0 764956 31318 1934588 1016 13795 0 12864 (radio 2.-150% / 0.75% tx 0.22% / 0.05% listen 1.-72% / 0.70%)
2460922159	ID:2	 314883 P 0.0 40 1703761 78901664 410208 812811 0 632949 31475 1934498 4707 13394 0 11860 (radio 1.-55% / 0.92% tx 0.50% / 0.23% listen 1.-53% / 0.68%)
2460955248	ID:22	 314883 P 0.0 40 1511600 79091674 381276 767825 0 597116 29737 1936138 5926 14867 0 12140 (radio 1.-65% / 1.05% tx 0.47% / 0.30% listen 0.41% / 0.75%)
2461025205	ID:12	 314883 P 0.0 40 1703484 78899447 485690 791147 0 600505 27102 1938794 3574 13844 0 11967 (radio 1.-49% / 0.88% tx 0.06% / 0.18% listen 0.44% / 0.70%)
2461041921	ID:9	 314883 P 0.0 40 2192762 78412450 638449 923012 0 634904 47454 1918487 13690 18631 0 13222 (radio 1.-67% / 1.64% tx 0.25% / 0.69% listen 1.-93% / 0.94%)
2461083558	ID:24	 314883 P 0.0 40 2679525 77925514 1014409 1032243 0 581355 23612 1942368 0 12247 0 12247 (radio 2.-160% / 0.62% tx 1.-81% / 0.00% listen 1.-79% / 0.62%)
2461135371	ID:5	 314883 P 0.0 40 1862705 78742305 509892 877696 0 665334 23936 1941935 242 13005 0 12803 (radio 1.-88% / 0.67% tx 0.09% / 0.01% listen 1.-98% / 0.66%)
2461137178	ID:21	 314883 P 0.0 40 1786729 78820505 432224 911980 0 600533 23055 1943019 1560 13069 0 12437 (radio 1.-94% / 0.74% tx 0.00% / 0.07% listen 1.-94% / 0.66%)
2461140860	ID:13	 314883 P 0.0 40 1073726 79529559 266831 643439 0 542861 15340 1950332 211 11681 0 11520 (radio 1.-94% / 0.60% tx 0.33% / 0.01% listen 0.26% / 0.59%)
2461662936	ID:31	[ATK-FAKE-RANK]  true_rank=774 fake_rank=1268 t=11720s
2461738365	ID:21	[HFS] ra=74 si=49 cx=49 ac=82
2461742030	ID:21	[LIST] Neighbors: 28,4,31
2461745667	ID:21	[LIST] Quarantine: (none)
2461749185	ID:21	[LIST] Blacklist: (none)
2461756868	ID:21	FUZZRID,DET,31,1268,774,494,0,100,100,98,0,0,0,82,75
2468658272	ID:28	[ATK-FAKE-RANK]  true_rank=512 fake_rank=1052 t=11720s
2472037000	ID:7	[HFS] ra=0 si=0 cx=49 ac=0
2472041391	ID:7	[LIST] Neighbors: 4,23,29,9,14
2472045028	ID:7	[LIST] Quarantine: (none)
2472048550	ID:7	[LIST] Blacklist: (none)
2472055004	ID:7	FUZZRID,DET,23,1443,1443,0,0,0,0,0,0,3,0,0,0
2472133629	ID:29	[ATK-FAKE-RANK]  true_rank=1373 fake_rank=2191 t=11720s
2472164389	ID:7	[HFS] ra=74 si=49 cx=49 ac=82
2472164895	ID:16	[HFS] ra=74 si=49 cx=49 ac=82
2472168746	ID:7	[LIST] Neighbors: 4,23,29,9,14
2472170545	ID:16	[LIST] Neighbors: 19,17,30,24,29,25,2,8
2472172383	ID:7	[LIST] Quarantine: (none)
2472174182	ID:16	[LIST] Quarantine: (none)
2472175879	ID:7	[LIST] Blacklist: (none)
2472177679	ID:16	[LIST] Blacklist: (none)
2472182937	ID:10	[HFS] ra=74 si=49 cx=49 ac=82
2472183845	ID:7	FUZZRID,DET,29,2191,1373,818,0,100,100,19,0,15,0,82,55
2472185400	ID:16	FUZZRID,DET,29,2191,1373,818,0,100,100,6,0,7,0,82,75
2472186931	ID:17	[HFS] ra=74 si=49 cx=49 ac=82
2472188734	ID:10	[LIST] Neighbors: 19,25,17,16,9,24,29,30
2472192371	ID:10	[LIST] Quarantine: (none)
2472192874	ID:17	[LIST] Neighbors: 26,19,16,10,24,29,25,30
2472195867	ID:10	[LIST] Blacklist: (none)
2472196511	ID:17	[LIST] Quarantine: (none)
2472200008	ID:17	[LIST] Blacklist: (none)
2472203710	ID:10	FUZZRID,DET,29,2191,1373,818,0,100,100,16,0,9,0,82,75
2472207835	ID:17	FUZZRID,DET,29,2191,1373,818,0,100,100,21,0,7,0,82,75
2472225575	ID:25	[HFS] ra=74 si=49 cx=49 ac=82
2472231372	ID:25	[LIST] Neighbors: 15,26,17,10,30,9,16,29
2472235009	ID:25	[LIST] Quarantine: (none)
2472238505	ID:25	[LIST] Blacklist: (none)
2472246471	ID:25	FUZZRID,DET,29,2191,1373,818,0,100,100,10,0,13,0,82,75
2472267368	ID:9	[HFS] ra=74 si=49 cx=49 ac=82
2472272578	ID:9	[LIST] Neighbors: 4,25,29,10,7,23,14
2472276215	ID:9	[LIST] Quarantine: (none)
2472279725	ID:9	[LIST] Blacklist: (none)
2472287725	ID:9	FUZZRID,DET,29,2191,1373,818,0,100,100,20,0,11,0,82,75
2473790658	ID:20	[HFS] ra=0 si=0 cx=49 ac=0
2473796308	ID:20	[LIST] Neighbors: 26,30,19,6,12,5,22,11
2473799945	ID:20	[LIST] Quarantine: (none)
2473803441	ID:20	[LIST] Blacklist: (none)
2473809763	ID:20	FUZZRID,DET,5,1061,1061,0,0,0,0,0,0,9,0,0,0
2475692937	ID:8	[HFS] ra=0 si=0 cx=49 ac=0
2475697734	ID:8	[LIST] Neighbors: 17,16,30,6,2,24
2475701370	ID:8	[LIST] Quarantine: (none)
2475704867	ID:8	[LIST] Blacklist: (none)
2475711327	ID:8	FUZZRID,DET,24,1341,1341,0,0,0,0,0,0,4,0,0,0
2477428601	ID:3	[HFS] ra=0 si=0 cx=49 ac=0
2477432266	ID:3	[LIST] Neighbors: 31,4,14
2477435902	ID:3	[LIST] Quarantine: (none)
2477439399	ID:3	[LIST] Blacklist: (none)
2477445494	ID:3	FUZZRID,DET,4,782,782,0,0,0,0,0,0,12,0,0,0
2481251476	ID:29	[ATK-FAKE-RANK]  true_rank=1373 fake_rank=2211 t=11720s
2481311634	ID:17	[HFS] ra=74 si=49 cx=49 ac=82
2481317576	ID:17	[LIST] Neighbors: 26,19,16,10,24,29,25,30
2481321213	ID:17	[LIST] Quarantine: (none)
2481324710	ID:17	[LIST] Blacklist: (none)
2481332399	ID:17	FUZZRID,DET,29,2211,1373,838,0,100,100,4,0,8,0,82,75
2482661903	ID:7	[HFS] ra=0 si=0 cx=49 ac=0
2482666260	ID:7	[LIST] Neighbors: 4,23,29,9,14
2482669897	ID:7	[LIST] Quarantine: (none)
2482673410	ID:7	[LIST] Blacklist: (none)
2482679505	ID:7	FUZZRID,DET,4,782,782,0,0,0,0,0,0,20,0,0,0
2482756128	ID:14	[HFS] ra=0 si=0 cx=49 ac=0
2482760209	ID:14	[LIST] Neighbors: 31,4,7,9,3
2482763846	ID:14	[LIST] Quarantine: (none)
2482767342	ID:14	[LIST] Blacklist: (none)
2482773300	ID:14	FUZZRID,DET,4,782,782,0,0,0,0,0,0,8,0,0,0
2488176396	ID:3	[HFS] ra=0 si=0 cx=49 ac=0
2488180061	ID:3	[LIST] Neighbors: 31,4,14
2488183697	ID:3	[LIST] Quarantine: (none)
2488187194	ID:3	[LIST] Blacklist: (none)
2488193647	ID:3	FUZZRID,DET,14,1042,1042,0,0,0,0,0,0,0,0,0,0
2500178119	ID:22	[HFS] ra=0 si=0 cx=49 ac=0
2500182816	ID:22	[LIST] Neighbors: 15,26,11,20,27
2500186453	ID:22	[LIST] Quarantine: (none)
2500189949	ID:22	[LIST] Blacklist: (none)
2500196043	ID:22	FUZZRID,DET,15,512,512,0,0,0,0,0,0,2,0,0,0
2501167375	ID:20	[HFS] ra=0 si=0 cx=49 ac=0
2501173025	ID:20	[LIST] Neighbors: 26,30,19,6,12,5,22,11
2501176671	ID:20	[LIST] Quarantine: (none)
2501180167	ID:20	[LIST] Blacklist: (none)
2501186621	ID:20	FUZZRID,DET,12,1342,1342,0,0,0,0,0,0,6,0,0,0
2509288959	ID:16	[HFS] ra=0 si=0 cx=49 ac=0
2509294610	ID:16	[LIST] Neighbors: 19,17,30,24,29,25,2,8
2509298266	ID:16	[LIST] Quarantine: (none)
2509301762	ID:16	[LIST] Blacklist: (none)
2509308078	ID:16	FUZZRID,DET,2,1382,1382,0,0,0,0,0,0,2,0,0,0
2511685933	ID:24	[HFS] ra=0 si=0 cx=49 ac=0
2511690876	ID:24	[LIST] Neighbors: 17,16,18,10,13,8
2511694513	ID:24	[LIST] Quarantine: (none)
2511698010	ID:24	[LIST] Blacklist: (none)
2511704355	ID:24	FUZZRID,DET,8,1449,1449,0,0,0,0,0,0,0,0,0,0
2518504623	ID:14	[HFS] ra=0 si=0 cx=49 ac=0
2518508701	ID:14	[LIST] Neighbors: 31,4,7,9,3
2518512338	ID:14	[LIST] Quarantine: (none)
2518515834	ID:14	[LIST] Blacklist: (none)
2518522149	ID:14	FUZZRID,DET,7,1060,1060,0,0,0,0,0,0,0,0,0,0
2520159345	ID:18	 322563 P 0.0 41 1161590 81404522 303796 688340 0 548082 14612 1951064 0 12103 0 12103 (radio 1.-84% / 0.61% tx 0.36% / 0.00% listen 0.31% / 0.61%)
2520192720	ID:16	 322563 P 0.0 41 2492233 80078344 622147 1095055 0 800144 46766 1919236 6767 18256 0 13805 (radio 2.-149% / 1.27% tx 0.23% / 0.34% listen 1.-72% / 0.92%)
2520326365	ID:3	 322563 P 0.0 41 1307367 81264306 341083 753694 0 604908 24123 1941871 3290 14187 0 11994 (radio 1.-72% / 0.88% tx 0.41% / 0.16% listen 0.39% / 0.72%)
2520348673	ID:23	 322563 P 0.0 41 1242565 81327591 366172 683766 0 536286 16111 1949964 530 12310 0 12063 (radio 1.-77% / 0.65% tx 0.44% / 0.02% listen 0.30% / 0.62%)
2520374399	ID:25	 322563 P 0.0 41 2422049 80148003 589802 1131460 0 851129 35382 1930550 3146 16611 0 15228 (radio 2.-200% / 1.00% tx 0.19% / 0.16% listen 1.-68% / 0.84%)
2520417381	ID:11	 322563 P 0.0 41 1966110 80606357 512076 955205 0 696260 28116 1937953 3149 14171 0 12992 (radio 1.-79% / 0.88% tx 0.10% / 0.16% listen 1.-89% / 0.72%)
2520558681	ID:19	 322563 P 0.0 41 4348645 78221487 1467745 1595676 0 744773 38242 1927814 3873 16931 0 14791 (radio 3.-294% / 1.05% tx 1.-79% / 0.19% listen 1.-63% / 0.86%)
2520564511	ID:20	 322563 P 0.0 41 2160711 80409163 482118 950367 0 725104 45883 1920028 8613 18423 0 13013 (radio 1.-83% / 1.37% tx 0.06% / 0.43% listen 1.-89% / 0.93%)
2520580556	ID:10	 322563 P 0.0 41 2177372 80393757 562070 1149106 0 906586 36466 1929465 5262 17485 0 14852 (radio 2.-149% / 1.15% tx 0.16% / 0.26% listen 1.-65% / 0.88%)
2520680816	ID:4	 322563 P 0.0 41 2381184 80189504 724629 966545 0 628585 40187 1925880 8977 15237 0 12598 (radio 2.-152% / 1.23% tx 0.35% / 0.45% listen 1.-87% / 0.77%)
2520716945	ID:8	 322563 P 0.0 41 1723102 80848440 417098 794906 0 613468 29915 1936098 3440 14233 0 12357 (radio 1.-58% / 0.89% tx 0.50% / 0.17% listen 0.44% / 0.72%)
2520780316	ID:14	 322563 P 0.0 41 2212789 80356068 720944 915962 0 578235 33943 1931989 5915 14828 0 11971 (radio 1.-58% / 1.05% tx 0.35% / 0.30% listen 1.-94% / 0.75%)
2520813099	ID:7	 322563 P 0.0 41 1670006 80900421 376808 793990 0 629404 30794 1935247 3412 14785 0 12916 (radio 1.-63% / 0.92% tx 0.45% / 0.17% listen 0.44% / 0.75%)
2520828149	ID:1	 322565 P 0.0 41 3531499 79040648 1476002 81095503 0 0 19326 1946656 0 1966078 0 0 (radio 47.-4687% / 100.-8739% tx 1.-78% / 0.00% listen 46.-4558% / 100.-8739%)
2520833938	ID:17	 322563 P 0.0 41 3431010 79139340 1208672 1422488 0 863544 52376 1913676 11302 19592 0 14097 (radio 3.-294% / 1.57% tx 1.-58% / 0.57% listen 1.-84% / 0.99%)
2520848456	ID:15	 322565 P 0.0 41 4002202 78567893 1244657 1502545 0 654058 43790 1922764 7846 17163 0 12470 (radio 3.-280% / 1.27% tx 1.-54% / 0.39% listen 1.-75% / 0.87%)
2520912245	ID:6	 322563 P 0.0 41 2444083 80124738 612669 1103814 0 778515 32961 1932964 2520 15470 0 13559 (radio 2.-149% / 0.91% tx 0.22% / 0.12% listen 1.-71% / 0.78%)
2520922150	ID:2	 322563 P 0.0 41 1732165 80838996 413855 827463 0 645664 28402 1937332 3647 14652 0 12715 (radio 1.-54% / 0.93% tx 0.50% / 0.18% listen 1.-52% / 0.74%)
2520955181	ID:22	 322563 P 0.0 41 1541651 81027482 386805 783143 0 609481 30050 1935808 5529 15318 0 12365 (radio 1.-63% / 1.06% tx 0.46% / 0.28% listen 0.42% / 0.77%)
2521025427	ID:12	 322563 P 0.0 41 1731153 80837675 490257 805343 0 612512 27667 1938228 4567 14196 0 12007 (radio 1.-100% / 0.95% tx 0.07% / 0.23% listen 0.45% / 0.72%)
2521041616	ID:9	 322563 P 0.0 41 2226291 80344610 643179 939392 0 648596 33528 1932160 4730 16380 0 13692 (radio 1.-65% / 1.07% tx 0.25% / 0.24% listen 1.-91% / 0.83%)
2521084423	ID:24	 322563 P 0.0 41 2716814 79854208 1022535 1047606 0 593668 37287 1928694 8126 15363 0 12313 (radio 2.-158% / 1.19% tx 1.-81% / 0.41% listen 1.-78% / 0.78%)
2521135655	ID:5	 322563 P 0.0 41 1888675 80682057 511784 891853 0 678133 25969 1939752 1892 14157 0 12799 (radio 1.-87% / 0.81% tx 0.09% / 0.09% listen 1.-97% / 0.72%)
2521136865	ID:21	 322563 P 0.0 41 1809332 80763977 432386 924967 0 612806 22602 1943472 162 12987 0 12273 (radio 1.-92% / 0.66% tx 0.00% / 0.00% listen 1.-93% / 0.66%)
2521140848	ID:13	 322563 P 0.0 41 1089729 81479229 267557 655861 0 554924 16002 1949670 726 12422 0 12063 (radio 1.-93% / 0.66% tx 0.32% / 0.03% listen 0.27% / 0.63%)
2525931830	ID:27	[ATK-FAKE-RANK]  true_rank=531 fake_rank=992 t=11720s
2526058346	ID:15	[HFS] ra=74 si=49 cx=49 ac=82
2526063862	ID:15	[LIST] Neighbors: 28,26,22,19,25,11,27
2526067499	ID:15	[LIST] Quarantine: (none)
2526070996	ID:15	[LIST] Blacklist: (none)
2526078461	ID:15	FUZZRID,DET,27,992,531,461,0,100,100,10,0,0,0,82,75
2526657820	ID:4	[HFS] ra=0 si=0 cx=49 ac=0
2526662897	ID:4	[LIST] Neighbors: 28,9,31,7,3,14,21
2526666534	ID:4	[LIST] Quarantine: (none)
2526670031	ID:4	[LIST] Blacklist: (none)
2526676363	ID:4	FUZZRID,DET,3,1096,1096,0,0,0,0,0,0,4,0,0,0
2534394447	ID:9	[HFS] ra=0 si=0 cx=49 ac=0
2534399656	ID:9	[LIST] Neighbors: 4,25,29,10,7,23,14
2534403327	ID:9	[LIST] Quarantine: (none)
2534406824	ID:9	[LIST] Blacklist: (none)
2534413278	ID:9	FUZZRID,DET,10,1080,1080,0,0,0,0,0,0,7,0,0,0
2534993221	ID:13	[HFS] ra=0 si=0 cx=49 ac=0
2534996615	ID:13	[LIST] Neighbors: 24,18
2535000252	ID:13	[LIST] Quarantine: (none)
2535003749	ID:13	[LIST] Blacklist: (none)
2535010200	ID:13	FUZZRID,DET,18,1609,1609,0,0,0,0,0,0,0,0,0,0
2541219246	ID:28	[ATK-FAKE-RANK]  true_rank=512 fake_rank=1072 t=11720s
2544801050	ID:30	[ATK-FAKE-RANK]  true_rank=1029 fake_rank=1696 t=11720s
2547180666	ID:22	[HFS] ra=0 si=0 cx=49 ac=0
2547185329	ID:22	[LIST] Neighbors: 15,26,11,20,27
2547188966	ID:22	[LIST] Quarantine: (none)
2547192464	ID:22	[LIST] Blacklist: (none)
2547198558	ID:22	FUZZRID,DET,11,870,870,0,0,0,0,0,0,0,0,0,0
2551634327	ID:18	[HFS] ra=0 si=0 cx=49 ac=0
2551637744	ID:18	[LIST] Neighbors: 24,13
2551641381	ID:18	[LIST] Quarantine: (none)
2551644877	ID:18	[LIST] Blacklist: (none)
2551651330	ID:18	FUZZRID,DET,13,1622,1622,0,0,0,0,0,0,3,0,0,0
2553384021	ID:18	[HFS] ra=0 si=0 cx=49 ac=0
2553387408	ID:18	[LIST] Neighbors: 24,13
2553391045	ID:18	[LIST] Quarantine: (none)
2553394541	ID:18	[LIST] Blacklist: (none)
2553400995	ID:18	FUZZRID,DET,24,1328,1328,0,0,0,0,0,0,7,0,0,0
2556724881	ID:26	[ATK-FAKE-RANK]  true_rank=844 fake_rank=1429 t=11720s
2556785525	ID:19	[HFS] ra=74 si=49 cx=49 ac=82
2556791322	ID:19	[LIST] Neighbors: 15,26,17,30,20,5,25,16
2556794959	ID:19	[LIST] Quarantine: (none)
2556798455	ID:19	[LIST] Blacklist: (none)
2556806277	ID:19	FUZZRID,DET,26,1429,844,585,0,100,100,11,0,17,0,82,75
2567643410	ID:9	[HFS] ra=0 si=0 cx=49 ac=0
2567648625	ID:9	[LIST] Neighbors: 4,25,29,10,7,23,14
2567652262	ID:9	[LIST] Quarantine: (none)
2567655759	ID:9	[LIST] Blacklist: (none)
2567662215	ID:9	FUZZRID,DET,23,1433,1433,0,0,0,0,0,0,8,0,0,0
2570789985	ID:16	[HFS] ra=0 si=0 cx=49 ac=0
2570795634	ID:16	[LIST] Neighbors: 19,17,30,24,29,25,2,8
2570799271	ID:16	[LIST] Quarantine: (none)
2570802768	ID:16	[LIST] Blacklist: (none)
2570809256	ID:16	FUZZRID,DET,17,1024,1024,0,0,0,0,0,0,1,0,0,0
2571046482	ID:31	[ATK-FAKE-RANK]  true_rank=773 fake_rank=1288 t=11720s
2571174960	ID:3	[HFS] ra=74 si=49 cx=49 ac=82
2571178625	ID:3	[LIST] Neighbors: 31,4,14
2571182262	ID:3	[LIST] Quarantine: (none)
2571185758	ID:3	[LIST] Blacklist: (none)
2571193404	ID:3	FUZZRID,DET,31,1288,773,515,0,100,100,10,0,2,0,82,75
2574019430	ID:11	[HFS] ra=0 si=0 cx=49 ac=0
2574024520	ID:11	[LIST] Neighbors: 15,26,30,22,20,19
2574028191	ID:11	[LIST] Quarantine: (none)
2574031687	ID:11	[LIST] Blacklist: (none)
2574037782	ID:11	FUZZRID,DET,19,781,781,0,0,0,0,0,0,0,0,0,0
2580160174	ID:18	 330243 P 0.0 42 1180349 83351461 304886 700892 0 559731 18757 1946939 1090 12552 0 11649 (radio 1.-83% / 0.69% tx 0.36% / 0.05% listen 0.32% / 0.63%)
2580192719	ID:16	 330243 P 0.0 42 2531947 82004614 626838 1111735 0 813842 39713 1926270 4691 16680 0 13698 (radio 2.-198% / 1.08% tx 0.23% / 0.23% listen 1.-71% / 0.84%)
2580326363	ID:3	 330243 P 0.0 42 1333630 83203943 347033 767880 0 616943 26261 1939637 5950 14186 0 12035 (radio 1.-70% / 1.02% tx 0.41% / 0.30% listen 0.40% / 0.72%)
2580348963	ID:23	 330243 P 0.0 42 1261619 83274614 369026 696478 0 548136 19053 1947023 2854 12712 0 11850 (radio 1.-76% / 0.79% tx 0.43% / 0.14% listen 0.31% / 0.64%)
2580374370	ID:25	 330243 P 0.0 42 2460871 82075177 595852 1148218 0 865412 38820 1927174 6050 16758 0 14283 (radio 2.-197% / 1.16% tx 0.19% / 0.30% listen 1.-66% / 0.85%)
2580417316	ID:11	 330243 P 0.0 42 2006276 82532253 521808 972100 0 709128 40164 1925896 9732 16895 0 12868 (radio 1.-76% / 1.35% tx 0.10% / 0.49% listen 1.-87% / 0.85%)
2580558596	ID:19	 330243 P 0.0 42 4395115 80141071 1473665 1613831 0 758703 46468 1919584 5920 18155 0 13930 (radio 3.-291% / 1.22% tx 1.-79% / 0.30% listen 1.-62% / 0.92%)
2580564515	ID:20	 330243 P 0.0 42 2196950 82338937 487236 965720 0 737875 36237 1929774 5118 15353 0 12771 (radio 1.-81% / 1.04% tx 0.06% / 0.26% listen 1.-88% / 0.78%)
2580580559	ID:10	 330243 P 0.0 42 2214090 82322953 568736 1166550 0 920992 36717 1929196 6666 17444 0 14406 (radio 2.-198% / 1.22% tx 0.16% / 0.33% listen 1.-64% / 0.88%)
2580682682	ID:4	 330243 P 0.0 42 2421578 82115235 732156 983361 0 641517 40393 1925731 7527 16816 0 12932 (radio 2.-150% / 1.23% tx 0.35% / 0.38% listen 1.-86% / 0.85%)
2580716921	ID:8	 330243 P 0.0 42 1747127 82790074 418467 807748 0 625728 24023 1941634 1369 12842 0 12260 (radio 1.-57% / 0.72% tx 0.49% / 0.06% listen 0.44% / 0.65%)
2580780285	ID:14	 330243 P 0.0 42 2237461 82297466 722064 929422 0 590692 24671 1941398 1120 13460 0 12457 (radio 1.-58% / 0.74% tx 0.34% / 0.05% listen 1.-92% / 0.68%)
2580813084	ID:7	 330243 P 0.0 42 1705688 82830809 385037 810536 0 641970 35681 1930388 8229 16546 0 12566 (radio 1.-61% / 1.26% tx 0.45% / 0.41% listen 0.45% / 0.84%)
2580828123	ID:1	 330245 P 0.0 42 3551560 80986574 1476002 83061583 0 0 20059 1945926 0 1966078 0 0 (radio 49.-4858% / 100.-8739% tx 1.-78% / 0.00% listen 47.-4681% / 100.-8739%)
2580832848	ID:15	 330243 P 0.0 42 4041722 80493602 1247114 1518323 0 666028 39518 1925709 2457 15778 0 11970 (radio 3.-278% / 0.92% tx 1.-55% / 0.12% listen 1.-73% / 0.80%)
2580833624	ID:17	 330243 P 0.0 42 3472530 81063850 1215697 1439455 0 877198 41519 1924510 7025 16967 0 13654 (radio 3.-291% / 1.22% tx 1.-58% / 0.35% listen 1.-83% / 0.86%)
2580912245	ID:6	 330243 P 0.0 42 2476118 82058643 615333 1118228 0 791592 32033 1933905 2664 14414 0 13077 (radio 2.-199% / 0.86% tx 0.21% / 0.13% listen 1.-70% / 0.73%)
2580921143	ID:2	 330243 P 0.0 42 1754028 82783023 413855 840496 0 658697 21861 1944027 0 13033 0 13033 (radio 1.-54% / 0.66% tx 0.48% / 0.00% listen 0.48% / 0.66%)
2580955186	ID:22	 330243 P 0.0 42 1568030 82966930 389675 797654 0 622224 26377 1939448 2870 14511 0 12743 (radio 1.-62% / 0.88% tx 0.46% / 0.14% listen 0.43% / 0.73%)
2581025182	ID:12	 330243 P 0.0 42 1754228 82780667 492036 818418 0 624863 23073 1942992 1779 13075 0 12351 (radio 1.-98% / 0.75% tx 0.07% / 0.09% listen 0.46% / 0.66%)
2581041573	ID:9	 330243 P 0.0 42 2256177 82280666 644579 953716 0 661501 29885 1936056 1400 14324 0 12905 (radio 1.-64% / 0.79% tx 0.25% / 0.07% listen 1.-89% / 0.72%)
2581084419	ID:24	 330243 P 0.0 42 2747995 81789087 1027495 1061681 0 605870 31180 1934879 4960 14075 0 12202 (radio 2.-157% / 0.96% tx 1.-81% / 0.25% listen 1.-77% / 0.71%)
2581135352	ID:5	 330243 P 0.0 42 1912051 82624347 512592 905388 0 691089 23375 1942290 808 13535 0 12956 (radio 1.-85% / 0.72% tx 0.09% / 0.04% listen 1.-95% / 0.68%)
2581137178	ID:21	 330243 P 0.0 42 1835888 82703491 435234 938691 0 624596 26554 1939514 2848 13724 0 11790 (radio 1.-90% / 0.84% tx 0.00% / 0.14% listen 1.-91% / 0.69%)
2581140856	ID:13	 330243 P 0.0 42 1106692 83427941 268297 668171 0 566910 16962 1948712 740 12310 0 11986 (radio 1.-91% / 0.66% tx 0.31% / 0.03% listen 0.28% / 0.62%)
2582222936	ID:25	[HFS] ra=0 si=0 cx=49 ac=0
2582228766	ID:25	[LIST] Neighbors: 15,26,17,10,30,9,16,29
2582232403	ID:25	[LIST] Quarantine: (none)
2582235899	ID:25	[LIST] Blacklist: (none)
2582242233	ID:25	FUZZRID,DET,9,1160,1160,0,0,0,0,0,0,7,0,0,0
2582665243	ID:20	[HFS] ra=0 si=0 cx=49 ac=0
2582670893	ID:20	[LIST] Neighbors: 26,30,19,6,12,5,22,11
2582674530	ID:20	[LIST] Quarantine: (none)
2582678026	ID:20	[LIST] Blacklist: (none)
2582684488	ID:20	FUZZRID,DET,22,1240,1240,0,0,0,0,0,0,0,0,0,0
2583643657	ID:9	[HFS] ra=0 si=0 cx=49 ac=0
2583648866	ID:9	[LIST] Neighbors: 4,25,29,10,7,23,14
2583652503	ID:9	[LIST] Quarantine: (none)
2583656000	ID:9	[LIST] Blacklist: (none)
2583662453	ID:9	FUZZRID,DET,14,1042,1042,0,0,0,0,0,0,1,0,0,0
2586761685	ID:6	[HFS] ra=0 si=0 cx=49 ac=0
2586767335	ID:6	[LIST] Neighbors: 19,17,20,16,30,2,12,5
2586770972	ID:6	[LIST] Quarantine: (none)
2586774468	ID:6	[LIST] Blacklist: (none)
2586780937	ID:6	FUZZRID,DET,12,1341,1341,0,0,0,0,0,0,1,0,0,0
2597504072	ID:14	[HFS] ra=0 si=0 cx=49 ac=0
2597508150	ID:14	[LIST] Neighbors: 31,4,7,9,3
2597511787	ID:14	[LIST] Quarantine: (none)
2597515283	ID:14	[LIST] Blacklist: (none)
2597521240	ID:14	FUZZRID,DET,4,774,774,0,0,0,0,0,0,8,0,0,0
2607525408	ID:29	[ATK-FAKE-RANK]  true_rank=1394 fake_rank=2231 t=11720s
2607557378	ID:10	[HFS] ra=74 si=49 cx=49 ac=82
2607563174	ID:10	[LIST] Neighbors: 19,25,17,16,9,24,29,30
2607566811	ID:10	[LIST] Quarantine: (none)
2607570308	ID:10	[LIST] Blacklist: (none)
2607577997	ID:10	FUZZRID,DET,29,2231,1394,837,0,100,100,4,0,9,0,82,75
2609986760	ID:5	[HFS] ra=0 si=0 cx=49 ac=0
2609991577	ID:5	[LIST] Neighbors: 19,20,30,6,2,12
2609995214	ID:5	[LIST] Quarantine: (none)
2609998711	ID:5	[LIST] Blacklist: (none)
2610005027	ID:5	FUZZRID,DET,2,1374,1374,0,0,0,0,0,0,5,0,0,0
2617367783	ID:28	[ATK-FAKE-RANK]  true_rank=512 fake_rank=1092 t=11720s
2617488711	ID:21	[HFS] ra=74 si=49 cx=49 ac=82
2617492379	ID:21	[LIST] Neighbors: 28,4,31
2617496015	ID:21	[LIST] Quarantine: (none)
2617499512	ID:21	[LIST] Blacklist: (none)
2617507159	ID:21	FUZZRID,DET,28,1092,512,580,0,100,100,36,0,0,0,82,75
2619935698	ID:17	[HFS] ra=0 si=0 cx=49 ac=0
2619941640	ID:17	[LIST] Neighbors: 26,19,16,10,24,29,25,30
2619945277	ID:17	[LIST] Quarantine: (none)
2619948773	ID:17	[LIST] Blacklist: (none)
2619954899	ID:17	FUZZRID,DET,25,861,861,0,0,0,0,0,0,4,0,0,0
2624242091	ID:13	[HFS] ra=0 si=0 cx=49 ac=0
2624245495	ID:13	[LIST] Neighbors: 24,18
2624249132	ID:13	[LIST] Quarantine: (none)
2624252629	ID:13	[LIST] Blacklist: (none)
2624259080	ID:13	FUZZRID,DET,18,1612,1612,0,0,0,0,0,0,0,0,0,0
2628889268	ID:6	[HFS] ra=0 si=0 cx=49 ac=0
2628894918	ID:6	[LIST] Neighbors: 19,17,20,16,30,2,12,5
2628898555	ID:6	[LIST] Quarantine: (none)
2628902052	ID:6	[LIST] Blacklist: (none)
2628908528	ID:6	FUZZRID,DET,5,1059,1059,0,0,0,0,0,0,13,0,0,0
2630141462	ID:9	[HFS] ra=0 si=0 cx=49 ac=0
2630146671	ID:9	[LIST] Neighbors: 4,25,29,10,7,23,14
2630150308	ID:9	[LIST] Quarantine: (none)
2630153805	ID:9	[LIST] Blacklist: (none)
2630160260	ID:9	FUZZRID,DET,23,1424,1424,0,0,0,0,0,0,7,0,0,0
2630162026	ID:7	[HFS] ra=0 si=0 cx=49 ac=0
2630166417	ID:7	[LIST] Neighbors: 4,23,29,9,14
2630170053	ID:7	[LIST] Quarantine: (none)
2630173550	ID:7	[LIST] Blacklist: (none)
2630180005	ID:7	FUZZRID,DET,23,1424,1424,0,0,0,0,0,0,3,0,0,0
2631260870	ID:6	[HFS] ra=0 si=0 cx=49 ac=0
2631266553	ID:6	[LIST] Neighbors: 19,17,20,16,30,2,12,5
2631270190	ID:6	[LIST] Quarantine: (none)
2631273686	ID:6	[LIST] Blacklist: (none)
2631280141	ID:6	FUZZRID,DET,16,1056,1056,0,0,0,0,0,0,3,0,0,0
2635433172	ID:24	[HFS] ra=0 si=0 cx=49 ac=0
2635438116	ID:24	[LIST] Neighbors: 17,16,18,10,13,8
2635441753	ID:24	[LIST] Quarantine: (none)
2635445284	ID:24	[LIST] Blacklist: (none)
2635451736	ID:24	FUZZRID,DET,13,1622,1622,0,0,0,0,0,0,5,0,0,0
2635543322	ID:30	[ATK-FAKE-RANK]  true_rank=1029 fake_rank=1716 t=11720s
2635637021	ID:6	[HFS] ra=74 si=49 cx=49 ac=82
2635642671	ID:6	[LIST] Neighbors: 19,17,20,16,30,2,12,5
2635646308	ID:6	[LIST] Quarantine: (none)
2635649804	ID:6	[LIST] Blacklist: (none)
2635657841	ID:6	FUZZRID,DET,30,1716,1029,687,0,100,100,100,0,0,0,82,75
2640160183	ID:18	 337923 P 0.0 43 1201061 85296428 308510 714685 0 571746 20711 1944967 3624 13793 0 12015 (radio 1.-82% / 0.88% tx 0.35% / 0.18% listen 0.32% / 0.70%)
2640188501	ID:16	 337923 P 0.0 43 2572869 83929510 633107 1132262 0 831038 40920 1924896 6269 20527 0 17196 (radio 2.-195% / 1.36% tx 0.23% / 0.31% listen 1.-69% / 1.04%)
2640326367	ID:3	 337923 P 0.0 43 1361112 85142358 354089 783364 0 629276 27481 1938415 7056 15484 0 12333 (radio 1.-68% / 1.14% tx 0.40% / 0.35% listen 0.40% / 0.78%)
2640348965	ID:23	 337923 P 0.0 43 1283067 85219241 373184 709663 0 560750 21447 1944627 4158 13185 0 12614 (radio 1.-75% / 0.88% tx 0.43% / 0.21% listen 0.32% / 0.67%)
2640374675	ID:25	 337923 P 0.0 43 2510399 83991667 606189 1169993 0 881409 49526 1916490 10337 21775 0 15997 (radio 2.-194% / 1.63% tx 0.20% / 0.52% listen 1.-65% / 1.10%)
2640417309	ID:11	 337923 P 0.0 43 2036042 84468549 525518 987338 0 722318 29765 1936296 3710 15238 0 13190 (radio 1.-75% / 0.96% tx 0.11% / 0.18% listen 1.-86% / 0.77%)
2640558575	ID:19	 337923 P 0.0 43 4444351 82057894 1482831 1635546 0 774420 49235 1916823 9166 21715 0 15717 (radio 3.-288% / 1.57% tx 1.-78% / 0.46% listen 1.-60% / 1.10%)
2640563673	ID:20	 337923 P 0.0 43 2225661 84276250 487236 981021 0 752995 28710 1937313 0 15301 0 15120 (radio 1.-80% / 0.77% tx 0.06% / 0.00% listen 1.-86% / 0.77%)
2640580567	ID:10	 337923 P 0.0 43 2252054 84251017 574551 1185713 0 936892 37963 1928064 5815 19163 0 15900 (radio 2.-196% / 1.27% tx 0.16% / 0.29% listen 1.-63% / 0.97%)
2640681272	ID:4	 337923 P 0.0 43 2471378 84031436 745730 1003423 0 654723 49799 1916201 13574 20062 0 13206 (radio 2.-197% / 1.71% tx 0.36% / 0.69% listen 1.-84% / 1.02%)
2640716944	ID:8	 337923 P 0.0 43 1772551 84730312 421006 823471 0 640671 25422 1940238 2539 15723 0 14943 (radio 1.-56% / 0.92% tx 0.48% / 0.12% listen 0.45% / 0.79%)
2640780311	ID:14	 337923 P 0.0 43 2268184 84232785 726237 944838 0 603705 30721 1935319 4173 15416 0 13013 (radio 1.-56% / 0.99% tx 0.34% / 0.21% listen 1.-91% / 0.78%)
2640812240	ID:7	 337923 P 0.0 43 1728863 84773709 385037 823505 0 654749 23173 1942900 0 12969 0 12779 (radio 1.-60% / 0.65% tx 0.44% / 0.00% listen 0.45% / 0.65%)
2640828427	ID:1	 337925 P 0.0 43 3593181 82910986 1490071 85013589 0 0 41619 1924412 14069 1952005 0 0 (radio 0.20% / 100.-8739% tx 1.-77% / 0.71% listen 48.-4754% / 99.-8710%)
2640832858	ID:15	 337923 P 0.0 43 4089649 82411471 1256455 1538269 0 679508 47925 1917869 9341 19946 0 13480 (radio 3.-275% / 1.48% tx 1.-55% / 0.47% listen 1.-72% / 1.01%)
2640833940	ID:17	 337923 P 0.0 43 3528142 82974244 1229736 1462281 0 892560 55611 1910394 14039 22826 0 15362 (radio 3.-287% / 1.87% tx 1.-58% / 0.71% listen 1.-80% / 1.16%)
2640912539	ID:6	 337923 P 0.0 43 2542658 83958088 634217 1142897 0 805704 66538 1899445 18884 24669 0 14112 (radio 2.-194% / 2.21% tx 0.23% / 0.96% listen 1.-68% / 1.25%)
2640922434	ID:2	 337923 P 0.0 43 1801389 84701528 430004 860815 0 672088 47359 1918505 16149 20319 0 13391 (radio 1.-100% / 1.85% tx 0.00% / 0.82% listen 0.00% / 1.03%)
2640955216	ID:22	 337923 P 0.0 43 1593089 84907687 392672 811465 0 634983 25057 1940757 2997 13811 0 12759 (radio 1.-61% / 0.85% tx 0.45% / 0.15% listen 0.44% / 0.70%)
2641025187	ID:12	 337923 P 0.0 43 1782547 84718293 496949 835120 0 639231 28317 1937626 4913 16702 0 14368 (radio 1.-95% / 1.09% tx 0.07% / 0.24% listen 0.46% / 0.84%)
2641041898	ID:9	 337923 P 0.0 43 2301043 84201693 656060 972447 0 675032 44864 1921027 11481 18731 0 13531 (radio 1.-61% / 1.53% tx 0.26% / 0.58% listen 1.-87% / 0.95%)
2641084391	ID:24	 337923 P 0.0 43 2787097 83716048 1036102 1079304 0 618710 39100 1926961 8607 17623 0 12840 (radio 2.-155% / 1.33% tx 1.-80% / 0.43% listen 1.-75% / 0.89%)
2641135927	ID:5	 337923 P 0.0 43 1957190 84545039 525638 926055 0 705015 45137 1920692 13046 20667 0 13926 (radio 1.-82% / 1.71% tx 0.11% / 0.66% listen 1.-93% / 1.05%)
2641137172	ID:21	 337923 P 0.0 43 1873732 84631536 443399 957823 0 637529 37843 1928045 8165 19132 0 12933 (radio 1.-87% / 1.38% tx 0.01% / 0.41% listen 1.-89% / 0.97%)
2641141130	ID:13	 337923 P 0.0 43 1124416 85375890 269672 681128 0 579379 17723 1947949 1375 12957 0 12469 (radio 1.-90% / 0.72% tx 0.31% / 0.06% listen 0.29% / 0.65%)
2642112655	ID:27	[ATK-FAKE-RANK]  true_rank=525 fake_rank=1012 t=11720s
2642181112	ID:22	[HFS] ra=74 si=49 cx=49 ac=82
2642185776	ID:22	[LIST] Neighbors: 15,26,11,20,27
2642189413	ID:22	[LIST] Quarantine: (none)
2642192909	ID:22	[LIST] Blacklist: (none)
2642200587	ID:22	FUZZRID,DET,27,1012,525,487,0,100,100,18,0,1,0,82,75
2646662613	ID:26	[ATK-FAKE-RANK]  true_rank=829 fake_rank=1449 t=11720s
2646768840	ID:11	[HFS] ra=74 si=49 cx=49 ac=82
2646773930	ID:11	[LIST] Neighbors: 15,26,30,22,20,19
2646777567	ID:11	[LIST] Quarantine: (none)
2646781064	ID:11	[LIST] Blacklist: (none)
2646788733	ID:11	FUZZRID,DET,26,1449,829,620,0,100,100,58,0,0,0,82,75
2650540822	ID:20	[HFS] ra=0 si=0 cx=49 ac=0
2650546472	ID:20	[LIST] Neighbors: 26,30,19,6,12,5,22,11
2650550132	ID:20	[LIST] Quarantine: (none)
2650553629	ID:20	[LIST] Blacklist: (none)
2650556309	ID:22	[HFS] ra=0 si=0 cx=49 ac=0
2650556916	ID:15	[HFS] ra=0 si=0 cx=49 ac=0
2650559720	ID:20	FUZZRID,DET,11,849,849,0,0,0,0,0,0,1,0,0,0
2650560971	ID:22	[LIST] Neighbors: 15,26,11,20,27
2650562431	ID:15	[LIST] Neighbors: 28,26,22,19,25,11,27
2650564608	ID:22	[LIST] Quarantine: (none)
2650566068	ID:15	[LIST] Quarantine: (none)
2650568105	ID:22	[LIST] Blacklist: (none)
2650569570	ID:15	[LIST] Blacklist: (none)
2650574196	ID:22	FUZZRID,DET,11,849,849,0,0,0,0,0,0,0,0,0,0
2650575662	ID:15	FUZZRID,DET,11,849,849,0,0,0,0,0,0,0,0,0,0
2664413339	ID:16	[HFS] ra=0 si=0 cx=49 ac=0
2664419004	ID:16	[LIST] Neighbors: 19,17,30,24,29,25,2,8
2664422641	ID:16	[LIST] Quarantine: (none)
2664426138	ID:16	[LIST] Blacklist: (none)
2664432622	ID:16	FUZZRID,DET,24,1314,1314,0,0,0,0,0,0,6,0,0,0
2676413077	ID:31	[ATK-FAKE-RANK]  true_rank=770 fake_rank=1308 t=11720s
2676505270	ID:14	[HFS] ra=74 si=49 cx=49 ac=82
2676509370	ID:14	[LIST] Neighbors: 31,4,7,9,3
2676513007	ID:14	[LIST] Quarantine: (none)
2676516503	ID:14	[LIST] Blacklist: (none)
2676524150	ID:14	FUZZRID,DET,31,1308,770,538,0,100,100,21,0,3,0,82,75
2679891620	ID:9	[HFS] ra=0 si=0 cx=49 ac=0
2679896829	ID:9	[LIST] Neighbors: 4,25,29,10,7,23,14
2679900466	ID:9	[LIST] Quarantine: (none)
2679903963	ID:9	[LIST] Blacklist: (none)
2679910305	ID:9	FUZZRID,DET,7,1051,1051,0,0,0,0,0,0,2,0,0,0
2679950267	ID:23	[HFS] ra=0 si=0 cx=49 ac=0
2679953344	ID:23	[LIST] Neighbors: 7,9
2679956981	ID:23	[LIST] Quarantine: (none)
2679960477	ID:23	[LIST] Blacklist: (none)
2679966814	ID:23	FUZZRID,DET,7,1051,1051,0,0,0,0,0,0,2,0,0,0
2680006443	ID:14	[HFS] ra=0 si=0 cx=49 ac=0
2680010521	ID:14	[LIST] Neighbors: 31,4,7,9,3
2680014158	ID:14	[LIST] Quarantine: (none)
2680017654	ID:14	[LIST] Blacklist: (none)
2680023999	ID:14	FUZZRID,DET,7,1051,1051,0,0,0,0,0,0,1,0,0,0
2682065674	ID:8	[HFS] ra=0 si=0 cx=49 ac=0
2682070505	ID:8	[LIST] Neighbors: 17,16,30,6,2,24
2682074142	ID:8	[LIST] Quarantine: (none)
2682077639	ID:8	[LIST] Blacklist: (none)
2682084093	ID:8	FUZZRID,DET,17,1024,1024,0,0,0,0,0,0,3,0,0,0
2687880969	ID:14	[HFS] ra=0 si=0 cx=49 ac=0
2687885069	ID:14	[LIST] Neighbors: 31,4,7,9,3
2687888706	ID:14	[LIST] Quarantine: (none)
2687892203	ID:14	[LIST] Blacklist: (none)
2687898660	ID:14	FUZZRID,DET,9,1151,1151,0,0,0,0,0,0,10,0,0,0
2688641797	ID:9	[HFS] ra=0 si=0 cx=49 ac=0
2688647006	ID:9	[LIST] Neighbors: 4,25,29,10,7,23,14
2688650643	ID:9	[LIST] Quarantine: (none)
2688654166	ID:9	[LIST] Blacklist: (none)
2688660480	ID:9	FUZZRID,DET,7,1047,1047,0,0,0,0,0,0,2,0,0,0
2700159339	ID:18	 345603 P 0.0 44 1215947 87247574 308510 726611 0 583672 14885 1951146 0 11926 0 11926 (radio 1.-81% / 0.60% tx 0.34% / 0.00% listen 0.33% / 0.60%)
2700188492	ID:16	 345603 P 0.0 44 2609449 85858927 635697 1147011 0 843887 36578 1929417 2590 14749 0 12849 (radio 2.-193% / 0.88% tx 0.23% / 0.13% listen 1.-68% / 0.75%)
2700325503	ID:3	 345603 P 0.0 44 1377646 87091852 354089 795793 0 641705 16533 1949494 0 12429 0 12429 (radio 1.-68% / 0.63% tx 0.40% / 0.00% listen 0.41% / 0.63%)
2700348941	ID:23	 345603 P 0.0 44 1307723 87160644 379147 724811 0 573617 24655 1941403 5963 15148 0 12867 (radio 1.-73% / 1.07% tx 0.42% / 0.30% listen 0.33% / 0.77%)
2700373547	ID:25	 345603 P 0.0 44 2538862 85929109 606189 1183729 0 895145 28462 1937442 0 13736 0 13736 (radio 2.-192% / 0.69% tx 0.19% / 0.00% listen 1.-64% / 0.69%)
2700417841	ID:11	 345603 P 0.0 44 2080965 86389683 537018 1004554 0 734547 44921 1921134 11500 17216 0 12229 (radio 1.-72% / 1.46% tx 0.12% / 0.58% listen 1.-84% / 0.87%)
2700558555	ID:19	 345603 P 0.0 44 4487108 83981207 1488523 1652112 0 787364 42755 1923313 5692 16566 0 12944 (radio 3.-285% / 1.13% tx 1.-78% / 0.28% listen 1.-59% / 0.84%)
2700564526	ID:20	 345603 P 0.0 44 2265343 86202551 493754 996674 0 765238 39680 1926301 6518 15653 0 12243 (radio 1.-78% / 1.12% tx 0.07% / 0.33% listen 1.-85% / 0.79%)
2700580539	ID:10	 345603 P 0.0 44 2280187 86188749 576005 1199963 0 950529 28132 1937732 1454 14250 0 13637 (radio 2.-194% / 0.79% tx 0.16% / 0.07% listen 1.-62% / 0.72%)
2700680998	ID:4	 345603 P 0.0 44 2511342 85957546 754228 1019688 0 666571 39963 1926110 8498 16265 0 11848 (radio 2.-194% / 1.25% tx 0.36% / 0.43% listen 1.-82% / 0.82%)
2700716934	ID:8	 345603 P 0.0 44 1800738 86667809 423946 837365 0 652702 28185 1937497 2940 13894 0 12031 (radio 1.-55% / 0.85% tx 0.47% / 0.14% listen 0.46% / 0.70%)
2700780283	ID:14	 345603 P 0.0 44 2301689 86165245 731417 960647 0 616625 33504 1932460 5180 15809 0 12920 (radio 1.-55% / 1.06% tx 0.34% / 0.26% listen 1.-89% / 0.80%)
2700813377	ID:7	 345603 P 0.0 44 1771887 86696760 398201 840558 0 666889 43022 1923051 13164 17053 0 12140 (radio 1.-58% / 1.53% tx 0.45% / 0.66% listen 0.46% / 0.86%)
2700827270	ID:1	 345605 P 0.0 44 3612203 84858024 1490071 86979669 0 0 19020 1947038 0 1966078 0 0 (radio 2.-153% / 100.-8739% tx 1.-78% / 0.00% listen 1.-75% / 100.-8739%)
2700832835	ID:15	 345603 P 0.0 44 4122848 84344344 1257779 1552243 0 692255 33198 1932873 1324 13974 0 12747 (radio 3.-274% / 0.77% tx 1.-55% / 0.06% listen 1.-71% / 0.71%)
2700833614	ID:17	 345603 P 0.0 44 3568035 84900264 1235686 1478186 0 905404 39892 1926020 5950 15905 0 12844 (radio 3.-285% / 1.11% tx 1.-58% / 0.30% listen 1.-79% / 0.80%)
2700912225	ID:6	 345603 P 0.0 44 2572448 85894189 635408 1156971 0 819018 29788 1936101 1191 14074 0 13314 (radio 2.-192% / 0.77% tx 0.23% / 0.06% listen 1.-67% / 0.71%)
2700921976	ID:2	 345603 P 0.0 44 1830669 86638105 434068 875033 0 684091 29279 1936577 4064 14218 0 12003 (radio 1.-98% / 0.92% tx 0.00% / 0.20% listen 0.01% / 0.72%)
2700955190	ID:22	 345603 P 0.0 44 1622607 86844128 396602 825994 0 647238 29517 1936441 3930 14529 0 12255 (radio 1.-59% / 0.93% tx 0.44% / 0.19% listen 0.44% / 0.73%)
2701024339	ID:12	 345603 P 0.0 44 1802501 86664385 496949 847480 0 651591 19952 1946092 0 12360 0 12360 (radio 1.-94% / 0.62% tx 0.07% / 0.00% listen 0.47% / 0.62%)
2701041586	ID:9	 345603 P 0.0 44 2337088 86131362 661756 988198 0 688033 36044 1929669 5696 15751 0 13001 (radio 1.-60% / 1.09% tx 0.26% / 0.28% listen 1.-86% / 0.80%)
2701084412	ID:24	 345603 P 0.0 44 2821415 85647737 1042231 1094848 0 630932 34316 1931689 6129 15544 0 12222 (radio 2.-153% / 1.10% tx 1.-80% / 0.31% listen 1.-74% / 0.79%)
2701135659	ID:5	 345603 P 0.0 44 1981908 86486372 526759 939672 0 717593 24717 1941333 1121 13617 0 12578 (radio 1.-80% / 0.74% tx 0.10% / 0.05% listen 1.-91% / 0.69%)
2701136868	ID:21	 345603 P 0.0 44 1895074 86576262 443561 970519 0 649552 21340 1944726 162 12696 0 12023 (radio 1.-86% / 0.65% tx 0.01% / 0.00% listen 1.-88% / 0.64%)
2701140854	ID:13	 345603 P 0.0 44 1140476 87325634 270371 693558 0 591229 16059 1949744 699 12430 0 11850 (radio 1.-89% / 0.66% tx 0.30% / 0.03% listen 0.29% / 0.63%)
2705125450	ID:28	[ATK-FAKE-RANK]  true_rank=512 fake_rank=1112 t=11720s
2705156600	ID:4	[HFS] ra=74 si=49 cx=49 ac=82
2705161677	ID:4	[LIST] Neighbors: 28,9,31,7,3,14,21
2705165314	ID:4	[LIST] Quarantine: (none)
2705168830	ID:4	[LIST] Blacklist: (none)
2705176512	ID:4	FUZZRID,DET,28,1112,512,600,0,100,100,50,0,2,0,82,75
2708789745	ID:16	[HFS] ra=0 si=0 cx=49 ac=0
2708795403	ID:16	[LIST] Neighbors: 19,17,30,24,29,25,2,8
2708799039	ID:16	[LIST] Quarantine: (none)
2708802536	ID:16	[LIST] Blacklist: (none)
2708808875	ID:16	FUZZRID,DET,8,1445,1445,0,0,0,0,0,0,0,0,0,0
2714628167	ID:12	[HFS] ra=0 si=0 cx=49 ac=0
2714632392	ID:12	[LIST] Neighbors: 20,5,30,6,2
2714636029	ID:12	[LIST] Quarantine: (none)
2714639525	ID:12	[LIST] Blacklist: (none)
2714645859	ID:12	FUZZRID,DET,6,1070,1070,0,0,0,0,0,0,3,0,0,0
2718059907	ID:17	[HFS] ra=0 si=0 cx=49 ac=0
2718065849	ID:17	[LIST] Neighbors: 26,19,16,10,24,29,25,30
2718069490	ID:17	[LIST] Quarantine: (none)
2718072986	ID:17	[LIST] Blacklist: (none)
2718079441	ID:17	FUZZRID,DET,10,1075,1075,0,0,0,0,0,0,6,0,0,0
2721283102	ID:4	[HFS] ra=0 si=0 cx=49 ac=0
2721288179	ID:4	[LIST] Neighbors: 28,9,31,7,3,14,21
2721291815	ID:4	[LIST] Quarantine: (none)
2721295312	ID:4	[LIST] Blacklist: (none)
2721301406	ID:4	FUZZRID,DET,21,512,512,0,0,0,0,0,0,0,0,0,0
2722008331	ID:14	[HFS] ra=0 si=0 cx=49 ac=0
2722012409	ID:14	[LIST] Neighbors: 31,4,7,9,3
2722016046	ID:14	[LIST] Quarantine: (none)
2722019542	ID:14	[LIST] Blacklist: (none)
2722025858	ID:14	FUZZRID,DET,3,1093,1093,0,0,0,0,0,0,4,0,0,0
2725354636	ID:29	[ATK-FAKE-RANK]  true_rank=1387 fake_rank=2251 t=11720s
2725477446	ID:25	[HFS] ra=74 si=49 cx=49 ac=82
2725483243	ID:25	[LIST] Neighbors: 15,26,17,10,30,9,16,29
2725486880	ID:25	[LIST] Quarantine: (none)
2725490376	ID:25	[LIST] Blacklist: (none)
2725498202	ID:25	FUZZRID,DET,29,2251,1387,864,0,100,100,9,0,13,0,82,75
2729663849	ID:19	[HFS] ra=0 si=0 cx=49 ac=0
2729669645	ID:19	[LIST] Neighbors: 15,26,17,30,20,5,25,16
2729673282	ID:19	[LIST] Quarantine: (none)
2729676778	ID:19	[LIST] Blacklist: (none)
2729683402	ID:19	FUZZRID,DET,20,1106,1106,0,0,0,0,0,0,15,0,0,0
2730780395	ID:4	[HFS] ra=0 si=0 cx=49 ac=0
2730785500	ID:4	[LIST] Neighbors: 28,9,31,7,3,14,21
2730789137	ID:4	[LIST] Quarantine: (none)
2730792635	ID:4	[LIST] Blacklist: (none)
2730798984	ID:4	FUZZRID,DET,3,1093,1093,0,0,0,0,0,0,3,0,0,0
2730882233	ID:14	[HFS] ra=0 si=0 cx=49 ac=0
2730886328	ID:14	[LIST] Neighbors: 31,4,7,9,3
2730889965	ID:14	[LIST] Quarantine: (none)
2730893461	ID:14	[LIST] Blacklist: (none)
2730899778	ID:14	FUZZRID,DET,3,1093,1093,0,0,0,0,0,0,3,0,0,0
2734934955	ID:24	[HFS] ra=0 si=0 cx=49 ac=0
2734939898	ID:24	[LIST] Neighbors: 17,16,18,10,13,8
2734943535	ID:24	[LIST] Quarantine: (none)
2734947032	ID:24	[LIST] Blacklist: (none)
2734953516	ID:24	FUZZRID,DET,18,1612,1612,0,0,0,0,0,0,1,0,0,0
2737768755	ID:9	[HFS] ra=0 si=0 cx=49 ac=0
2737773964	ID:9	[LIST] Neighbors: 4,25,29,10,7,23,14
2737777628	ID:9	[LIST] Quarantine: (none)
2737781125	ID:9	[LIST] Blacklist: (none)
2737787579	ID:9	FUZZRID,DET,23,1400,1400,0,0,0,0,0,0,7,0,0,0
2739023754	ID:2	[HFS] ra=0 si=0 cx=49 ac=0
2739028405	ID:2	[LIST] Neighbors: 16,5,30,6,12,8
2739032048	ID:2	[LIST] Quarantine: (none)
2739035545	ID:2	[LIST] Blacklist: (none)
2739041999	ID:2	FUZZRID,DET,12,1339,1339,0,0,0,0,0,0,2,0,0,0
2742180600	ID:10	[HFS] ra=0 si=0 cx=49 ac=0
2742186397	ID:10	[LIST] Neighbors: 19,25,17,16,9,24,29,30
2742190034	ID:10	[LIST] Quarantine: (none)
2742193530	ID:10	[LIST] Blacklist: (none)
2742199659	ID:10	FUZZRID,DET,19,774,774,0,0,0,0,0,0,6,0,0,0
2744444771	ID:8	[HFS] ra=0 si=0 cx=49 ac=0
2744449568	ID:8	[LIST] Neighbors: 17,16,30,6,2,24
2744453234	ID:8	[LIST] Quarantine: (none)
2744456731	ID:8	[LIST] Blacklist: (none)
2744463046	ID:8	FUZZRID,DET,2,1370,1370,0,0,0,0,0,0,0,0,0,0
2744766607	ID:9	[HFS] ra=0 si=0 cx=49 ac=0
2744771816	ID:9	[LIST] Neighbors: 4,25,29,10,7,23,14
2744775453	ID:9	[LIST] Quarantine: (none)
2744778950	ID:9	[LIST] Blacklist: (none)
2744785404	ID:9	FUZZRID,DET,14,1031,1031,0,0,0,0,0,0,1,0,0,0
2744789123	ID:7	[HFS] ra=0 si=0 cx=49 ac=0
2744793480	ID:7	[LIST] Neighbors: 4,23,29,9,14
2744797117	ID:7	[LIST] Quarantine: (none)
2744800101	ID:3	[HFS] ra=0 si=0 cx=49 ac=0
2744800647	ID:7	[LIST] Blacklist: (none)
2744803766	ID:3	[LIST] Neighbors: 31,4,14
2744807102	ID:7	FUZZRID,DET,14,1031,1031,0,0,0,0,0,0,0,0,0,0
2744807403	ID:3	[LIST] Quarantine: (none)
2744810899	ID:3	[LIST] Blacklist: (none)
2744817354	ID:3	FUZZRID,DET,14,1031,1031,0,0,0,0,0,0,0,0,0,0
2747417153	ID:16	[HFS] ra=0 si=0 cx=49 ac=0
2747422803	ID:16	[LIST] Neighbors: 19,17,30,24,29,25,2,8
2747426440	ID:16	[LIST] Quarantine: (none)
2747429937	ID:16	[LIST] Blacklist: (none)
2747436051	ID:16	FUZZRID,DET,25,861,861,0,0,0,0,0,0,4,0,0,0
2752635849	ID:18	[HFS] ra=0 si=0 cx=49 ac=0
2752639253	ID:18	[LIST] Neighbors: 24,13
2752642890	ID:18	[LIST] Quarantine: (none)
2752646387	ID:18	[LIST] Blacklist: (none)
2752652839	ID:18	FUZZRID,DET,13,1606,1606,0,0,0,0,0,0,3,0,0,0
2760160201	ID:18	 353283 P 0.0 45 1238986 89190614 313501 740772 0 595772 23037 1943040 4991 14161 0 12100 (radio 1.-79% / 0.97% tx 0.34% / 0.25% listen 0.34% / 0.72%)
2760188779	ID:16	 353283 P 0.0 45 2666107 87768247 650115 1169472 0 858513 56656 1909320 14418 22461 0 14626 (radio 2.-189% / 1.87% tx 0.24% / 0.73% listen 1.-66% / 1.14%)
2760326382	ID:3	 353283 P 0.0 45 1403833 89031744 360076 809178 0 653945 26185 1939892 5987 13385 0 12240 (radio 1.-66% / 0.98% tx 0.39% / 0.30% listen 0.41% / 0.68%)
2760348957	ID:23	 353283 P 0.0 45 1331653 89102408 385086 738945 0 585077 23928 1941764 5939 14134 0 11460 (radio 1.-71% / 1.02% tx 0.42% / 0.30% listen 0.34% / 0.71%)
2760374402	ID:25	 353283 P 0.0 45 2581641 87852290 612178 1202379 0 909203 42777 1923181 5989 18650 0 14058 (radio 2.-190% / 1.25% tx 0.20% / 0.30% listen 1.-63% / 0.94%)
2760523641	ID:11	 353296 P 0.0 45 2115934 88324218 544283 1020698 0 747467 34968 1934535 7265 16144 0 12920 (radio 1.-70% / 1.18% tx 0.12% / 0.36% listen 1.-83% / 0.81%)
2760558852	ID:19	 353283 P 0.0 45 4539609 85894699 1498775 1673118 0 802211 52499 1913492 10252 21006 0 14847 (radio 3.-282% / 1.58% tx 1.-77% / 0.52% listen 1.-58% / 1.06%)
2760564766	ID:20	 353283 P 0.0 45 2299852 88134005 498249 1011544 0 778190 34507 1931454 4495 14870 0 12952 (radio 1.-76% / 0.98% tx 0.07% / 0.22% listen 1.-84% / 0.75%)
2760580658	ID:10	 353283 P 0.0 45 2325124 88109699 586620 1219886 0 965000 44936 1920950 10615 19923 0 14471 (radio 1.-91% / 1.55% tx 0.17% / 0.53% listen 1.-61% / 1.01%)
2760637649	ID:6	[HFS] ra=0 si=0 cx=49 ac=0
2760643299	ID:6	[LIST] Neighbors: 19,17,20,16,30,2,12,5
2760646936	ID:6	[LIST] Quarantine: (none)
2760650433	ID:6	[LIST] Blacklist: (none)
2760656911	ID:6	FUZZRID,DET,17,1024,1024,0,0,0,0,0,0,1,0,0,0
2760680816	ID:4	 353283 P 0.0 45 2553239 87881720 761231 1036141 0 679203 41895 1924174 7003 16453 0 12632 (radio 1.-92% / 1.19% tx 0.36% / 0.35% listen 1.-81% / 0.83%)
2760716933	ID:8	 353283 P 0.0 45 1836538 88597859 430982 855288 0 666294 35798 1930050 7036 17923 0 13592 (radio 1.-53% / 1.26% tx 0.00% / 0.35% listen 0.47% / 0.91%)
2760780327	ID:14	 353283 P 0.0 45 2338766 88094204 740102 975242 0 628640 37075 1928959 8685 14595 0 12015 (radio 1.-53% / 1.18% tx 0.34% / 0.44% listen 1.-88% / 0.74%)
2760813087	ID:7	 353283 P 0.0 45 1798693 88635948 400231 855050 0 679708 26805 1939188 2030 14492 0 12819 (radio 1.-57% / 0.84% tx 0.44% / 0.10% listen 0.47% / 0.73%)
2760827458	ID:1	 353285 P 0.0 45 3630923 86805361 1490071 88945749 0 0 18718 1947337 0 1966078 0 0 (radio 5.-474% / 100.-8739% tx 1.-78% / 0.00% listen 3.-296% / 100.-8739%)
2760832851	ID:15	 353283 P 0.0 45 4154691 86278468 1259959 1567127 0 705750 31842 1934124 2180 14884 0 13495 (radio 3.-273% / 0.86% tx 1.-56% / 0.11% listen 1.-70% / 0.75%)
2760838257	ID:17	 353283 P 0.0 45 3606895 86827445 1239895 1495932 0 920694 38859 1927181 4209 17746 0 15290 (radio 3.-283% / 1.11% tx 1.-58% / 0.21% listen 1.-78% / 0.90%)
2760914770	ID:6	 353283 P 0.0 45 2610275 87822404 640362 1174470 0 833945 37825 1928215 4954 17499 0 14927 (radio 2.-190% / 1.14% tx 0.23% / 0.25% listen 1.-66% / 0.89%)
2760922266	ID:2	 353283 P 0.0 45 1871006 88563668 444127 893539 0 697438 40335 1925563 10059 18506 0 13347 (radio 1.-95% / 1.45% tx 0.01% / 0.51% listen 0.03% / 0.94%)
2760954341	ID:22	 353283 P 0.0 45 1642593 88790145 396602 838254 0 659498 19985 1946017 0 12260 0 12260 (radio 1.-59% / 0.62% tx 0.43% / 0.00% listen 0.45% / 0.62%)
2761025180	ID:12	 353283 P 0.0 45 1835396 88597461 503322 864370 0 664723 32893 1933076 6373 16890 0 13132 (radio 1.-92% / 1.18% tx 0.08% / 0.32% listen 0.00% / 0.85%)
2761040999	ID:9	 353283 P 0.0 45 2363515 88070609 661756 1003129 0 702489 26426 1939247 0 14931 0 14456 (radio 1.-59% / 0.75% tx 0.25% / 0.00% listen 1.-85% / 0.75%)
2761084375	ID:24	 353283 P 0.0 45 2848447 87586736 1043421 1109446 0 644528 27031 1938999 1190 14598 0 13596 (radio 2.-200% / 0.80% tx 1.-80% / 0.06% listen 1.-73% / 0.74%)
2761135727	ID:5	 353283 P 0.0 45 2012813 88421469 531556 956389 0 731796 30903 1935097 4797 16717 0 14203 (radio 1.-78% / 1.09% tx 0.11% / 0.24% listen 1.-90% / 0.85%)
2761137175	ID:21	 353283 P 0.0 45 1920266 88517095 446283 984091 0 661764 25190 1940833 2722 13572 0 12212 (radio 1.-85% / 0.82% tx 0.01% / 0.13% listen 1.-87% / 0.69%)
2761141442	ID:13	 353283 P 0.0 45 1172079 89260055 281337 710165 0 602794 31601 1934421 10966 16607 0 11565 (radio 1.-86% / 1.40% tx 0.31% / 0.55% listen 0.31% / 0.84%)
2766308436	ID:10	[HFS] ra=0 si=0 cx=49 ac=0
2766314232	ID:10	[LIST] Neighbors: 19,25,17,16,9,24,29,30
2766317869	ID:10	[LIST] Quarantine: (none)
2766321365	ID:10	[LIST] Blacklist: (none)
2766327820	ID:10	FUZZRID,DET,24,1314,1314,0,0,0,0,0,0,9,0,0,0
2768139541	ID:31	[ATK-FAKE-RANK]  true_rank=770 fake_rank=1328 t=11720s
2775645495	ID:30	[ATK-FAKE-RANK]  true_rank=1029 fake_rank=1736 t=11720s
2775945144	ID:8	[HFS] ra=74 si=49 cx=49 ac=82
2775949942	ID:8	[LIST] Neighbors: 17,16,30,6,2,24
2775953578	ID:8	[LIST] Quarantine: (none)
2775957075	ID:8	[LIST] Blacklist: (none)
2775964902	ID:8	FUZZRID,DET,30,1736,1029,707,0,100,100,45,0,1,0,82,75
2782809408	ID:15	[HFS] ra=0 si=0 cx=49 ac=0
2782814924	ID:15	[LIST] Neighbors: 28,26,22,19,25,11,27
2782818591	ID:15	[LIST] Quarantine: (none)
2782822088	ID:15	[LIST] Blacklist: (none)
2782828540	ID:15	FUZZRID,DET,22,1290,1290,0,0,0,0,0,0,0,0,0,0
2784539661	ID:7	[HFS] ra=0 si=0 cx=49 ac=0
2784544018	ID:7	[LIST] Neighbors: 4,23,29,9,14
2784547655	ID:7	[LIST] Quarantine: (none)
2784551151	ID:7	[LIST] Blacklist: (none)
2784557482	ID:7	FUZZRID,DET,9,1135,1135,0,0,0,0,0,0,5,0,0,0
2795867541	ID:28	[ATK-FAKE-RANK]  true_rank=512 fake_rank=1132 t=11720s
2795935293	ID:15	[HFS] ra=74 si=49 cx=49 ac=82
2795940809	ID:15	[LIST] Neighbors: 28,26,22,19,25,11,27
2795944446	ID:15	[LIST] Quarantine: (none)
2795947943	ID:15	[LIST] Blacklist: (none)
2795955626	ID:15	FUZZRID,DET,28,1132,512,620,0,100,100,57,0,0,0,82,75
2797696772	ID:29	[ATK-FAKE-RANK]  true_rank=1367 fake_rank=2271 t=11720s
2797810557	ID:17	[HFS] ra=74 si=49 cx=49 ac=82
2797816500	ID:17	[LIST] Neighbors: 26,19,16,10,24,29,25,30
2797820137	ID:17	[LIST] Quarantine: (none)
2797823634	ID:17	[LIST] Blacklist: (none)
2797831498	ID:17	FUZZRID,DET,29,2271,1367,904,0,100,100,14,0,8,0,82,75
2799807277	ID:22	[HFS] ra=0 si=0 cx=49 ac=0
2799811939	ID:22	[LIST] Neighbors: 15,26,11,20,27
2799815576	ID:22	[LIST] Quarantine: (none)
2799819073	ID:22	[LIST] Blacklist: (none)
2799825167	ID:22	FUZZRID,DET,15,512,512,0,0,0,0,0,0,2,0,0,0
2802271913	ID:26	[ATK-FAKE-RANK]  true_rank=829 fake_rank=1469 t=11720s
2805150712	ID:27	[ATK-FAKE-RANK]  true_rank=525 fake_rank=1032 t=11720s
2810907547	ID:4	[HFS] ra=0 si=0 cx=49 ac=0
2810912624	ID:4	[LIST] Neighbors: 28,9,31,7,3,14,21
2810916261	ID:4	[LIST] Quarantine: (none)
2810919758	ID:4	[LIST] Blacklist: (none)
2810926084	ID:4	FUZZRID,DET,3,1093,1093,0,0,0,0,0,0,3,0,0,0
2813058661	ID:17	[HFS] ra=0 si=0 cx=49 ac=0
2813058929	ID:24	[HFS] ra=0 si=0 cx=49 ac=0
2813063872	ID:24	[LIST] Neighbors: 17,16,18,10,13,8
2813064603	ID:17	[LIST] Neighbors: 26,19,16,10,24,29,25,30
2813067508	ID:24	[LIST] Quarantine: (none)
2813068240	ID:17	[LIST] Quarantine: (none)
2813071005	ID:24	[LIST] Blacklist: (none)
2813071736	ID:17	[LIST] Blacklist: (none)
2813077459	ID:24	FUZZRID,DET,10,1062,1062,0,0,0,0,0,0,6,0,0,0
2813078191	ID:17	FUZZRID,DET,10,1062,1062,0,0,0,0,0,0,6,0,0,0
2813102167	ID:25	[HFS] ra=0 si=0 cx=49 ac=0
2813107963	ID:25	[LIST] Neighbors: 15,26,17,10,30,9,16,29
2813111600	ID:25	[LIST] Quarantine: (none)
2813115096	ID:25	[LIST] Blacklist: (none)
2813121550	ID:25	FUZZRID,DET,10,1062,1062,0,0,0,0,0,0,6,0,0,0
2813144830	ID:9	[HFS] ra=0 si=0 cx=49 ac=0
2813150039	ID:9	[LIST] Neighbors: 4,25,29,10,7,23,14
2813153676	ID:9	[LIST] Quarantine: (none)
2813157173	ID:9	[LIST] Blacklist: (none)
2813163661	ID:9	FUZZRID,DET,10,1062,1062,0,0,0,0,0,0,7,0,0,0
2816599914	ID:25	[HFS] ra=0 si=0 cx=49 ac=0
2816605726	ID:25	[LIST] Neighbors: 15,26,17,10,30,9,16,29
2816609362	ID:25	[LIST] Quarantine: (none)
2816612859	ID:25	[LIST] Blacklist: (none)
2816619332	ID:25	FUZZRID,DET,10,1062,1062,0,0,0,0,0,0,6,0,0,0
2820159888	ID:18	 360963 P 0.0 46 1254645 91141032 313641 753560 0 608249 15658 1950418 140 12788 0 12477 (radio 1.-78% / 0.65% tx 0.33% / 0.00% listen 0.35% / 0.65%)
2820188333	ID:16	 360963 P 0.0 46 2706414 89694007 655407 1187131 0 873257 40305 1925760 5292 17659 0 14744 (radio 1.-87% / 1.16% tx 0.24% / 0.26% listen 1.-65% / 0.89%)
2820326348	ID:3	 360963 P 0.0 46 1429195 90972460 366523 823983 0 666853 25361 1940716 6447 14805 0 12908 (radio 1.-65% / 1.08% tx 0.39% / 0.32% listen 0.42% / 0.75%)
2820348105	ID:23	 360963 P 0.0 46 1346269 91053783 385086 751768 0 597900 14615 1951375 0 12823 0 12823 (radio 1.-70% / 0.65% tx 0.41% / 0.00% listen 0.34% / 0.65%)
2820374223	ID:25	 360963 P 0.0 46 2618125 89781880 615324 1220384 0 925779 36483 1929590 3146 18005 0 16576 (radio 1.-88% / 1.07% tx 0.20% / 0.16% listen 1.-61% / 0.91%)
2820550343	ID:11	 360980 P 0.0 46 2148890 90258253 550578 1036550 0 760962 32954 1934035 6295 15852 0 13495 (radio 1.-68% / 1.12% tx 0.13% / 0.32% listen 1.-81% / 0.80%)
2820558962	ID:19	 360963 P 0.0 46 4591226 87809007 1511688 1693136 0 816760 51616 1914308 12913 20018 0 14549 (radio 3.-279% / 1.67% tx 1.-76% / 0.65% listen 1.-57% / 1.01%)
2820563916	ID:20	 360963 P 0.0 46 2326719 90073038 498249 1025921 0 792567 26866 1939033 0 14377 0 14377 (radio 1.-75% / 0.73% tx 0.07% / 0.00% listen 1.-82% / 0.73%)
2820580401	ID:10	 360963 P 0.0 46 2366143 90034640 595153 1237108 0 979355 41018 1924941 8533 17222 0 14355 (radio 1.-88% / 1.31% tx 0.17% / 0.43% listen 1.-60% / 0.87%)
2820681103	ID:4	 360963 P 0.0 46 2601462 89799565 773116 1056359 0 693274 48221 1917845 11885 20218 0 14071 (radio 1.-88% / 1.63% tx 0.37% / 0.60% listen 1.-79% / 1.02%)
2820716610	ID:8	 360963 P 0.0 46 1861211 90538849 431752 867980 0 678385 24671 1940990 770 12692 0 12091 (radio 1.-99% / 0.68% tx 0.00% / 0.03% listen 0.00% / 0.64%)
2820780292	ID:14	 360963 P 0.0 46 2363454 90035586 741641 990415 0 642915 24687 1941382 1539 15173 0 14275 (radio 1.-99% / 0.85% tx 0.33% / 0.07% listen 1.-86% / 0.77%)
2820813376	ID:7	 360963 P 0.0 46 1842638 90557977 413270 873810 0 692403 43943 1922029 13039 18760 0 12695 (radio 1.-54% / 1.61% tx 0.44% / 0.66% listen 0.01% / 0.95%)
2820827454	ID:1	 360965 P 0.0 46 3650404 88751925 1490071 90911829 0 0 19479 1946564 0 1966078 0 0 (radio 7.-694% / 100.-8739% tx 1.-79% / 0.00% listen 5.-469% / 100.-8739%)
2820833637	ID:17	 360963 P 0.0 46 3653033 88747121 1247388 1515143 0 935850 46137 1919676 7493 19211 0 15156 (radio 2.-180% / 1.35% tx 1.-58% / 0.38% listen 1.-76% / 0.97%)
2820855302	ID:15	 360965 P 0.0 46 4197198 88202678 1264095 1584967 0 719238 42505 1924210 4136 17840 0 13488 (radio 3.-271% / 1.11% tx 1.-57% / 0.21% listen 1.-68% / 0.90%)
2820912048	ID:6	 360963 P 0.0 46 2644732 89753729 643864 1189729 0 846921 34456 1931325 3502 15259 0 12976 (radio 1.-88% / 0.95% tx 0.23% / 0.17% listen 1.-65% / 0.77%)
2820921137	ID:2	 360963 P 0.0 46 1893032 90507624 444127 905634 0 709533 22024 1943956 0 12095 0 12095 (radio 1.-94% / 0.61% tx 0.01% / 0.00% listen 0.05% / 0.61%)
2820955191	ID:22	 360963 P 0.0 46 1667912 90730891 399564 852316 0 672418 25317 1940746 2962 14062 0 12920 (radio 1.-58% / 0.86% tx 0.43% / 0.15% listen 0.45% / 0.71%)
2821024326	ID:12	 360963 P 0.0 46 1855405 90543391 503322 876276 0 676629 20008 1945930 0 11906 0 11906 (radio 1.-91% / 0.60% tx 0.07% / 0.00% listen 0.01% / 0.60%)
2821041859	ID:9	 360963 P 0.0 46 2402569 89997329 669711 1020868 0 716030 39052 1926720 7955 17739 0 13541 (radio 1.-57% / 1.30% tx 0.25% / 0.40% listen 1.-83% / 0.90%)
2821072927	ID:1	[HFS] ra=0 si=0 cx=49 ac=0
2821077163	ID:1	[LIST] Neighbors: 21,27,28,15
2821080800	ID:1	[LIST] Quarantine: (none)
2821084297	ID:1	[LIST] Blacklist: (none)
2821084731	ID:24	 360963 P 0.0 46 2892694 89508458 1055669 1127174 0 656797 44245 1921722 12248 17728 0 12269 (radio 2.-197% / 1.52% tx 1.-79% / 0.62% listen 1.-71% / 0.90%)
2821090391	ID:1	FUZZRID,DET,15,512,512,0,0,0,0,0,0,3,0,0,0
2821098772	ID:25	[HFS] ra=0 si=0 cx=49 ac=0
2821104568	ID:25	[LIST] Neighbors: 15,26,17,10,30,9,16,29
2821108205	ID:25	[LIST] Quarantine: (none)
2821111701	ID:25	[LIST] Blacklist: (none)
2821117795	ID:25	FUZZRID,DET,15,512,512,0,0,0,0,0,0,3,0,0,0
2821134835	ID:5	 360963 P 0.0 46 2034856 90365334 531556 968983 0 744390 22042 1943865 0 12594 0 12594 (radio 1.-78% / 0.64% tx 0.11% / 0.00% listen 1.-89% / 0.64%)
2821136872	ID:21	 360963 P 0.0 46 1941758 90461606 446445 998460 0 675677 21491 1944511 162 14369 0 13913 (radio 1.-84% / 0.73% tx 0.01% / 0.00% listen 1.-85% / 0.73%)
2821140847	ID:13	 360963 P 0.0 46 1188847 91208965 282272 723239 0 615175 16767 1948910 935 13074 0 12381 (radio 1.-85% / 0.71% tx 0.30% / 0.04% listen 0.31% / 0.66%)
2821141359	ID:11	[HFS] ra=0 si=0 cx=49 ac=0
2821146483	ID:11	[LIST] Neighbors: 15,26,30,22,20,19
2821150119	ID:11	[LIST] Quarantine: (none)
2821153616	ID:11	[LIST] Blacklist: (none)
2821159173	ID:19	[HFS] ra=0 si=0 cx=48 ac=0
2821159710	ID:11	FUZZRID,DET,15,512,512,0,0,0,0,0,0,3,0,0,0
2821164970	ID:19	[LIST] Neighbors: 15,26,17,30,20,5,25,16
2821168612	ID:19	[LIST] Quarantine: (none)
2821172109	ID:19	[LIST] Blacklist: (none)
2821178341	ID:19	FUZZRID,DET,15,512,512,0,0,0,0,0,0,21,0,0,0
2821179677	ID:22	[HFS] ra=0 si=0 cx=49 ac=0
2821184339	ID:22	[LIST] Neighbors: 15,26,11,20,27
2821187976	ID:22	[LIST] Quarantine: (none)
2821191485	ID:22	[LIST] Blacklist: (none)
2821197579	ID:22	FUZZRID,DET,15,512,512,0,0,0,0,0,0,2,0,0,0
2826290890	ID:20	[HFS] ra=0 si=0 cx=49 ac=0
2826296570	ID:20	[LIST] Neighbors: 26,30,19,6,12,5,22,11
2826300207	ID:20	[LIST] Quarantine: (none)
2826303704	ID:20	[LIST] Blacklist: (none)
2826310043	ID:20	FUZZRID,DET,5,1056,1056,0,0,0,0,0,0,9,0,0,0
2835685997	ID:24	[HFS] ra=0 si=0 cx=49 ac=0
2835690940	ID:24	[LIST] Neighbors: 17,16,18,10,13,8
2835694584	ID:24	[LIST] Quarantine: (none)
2835698081	ID:24	[LIST] Blacklist: (none)
2835704395	ID:24	FUZZRID,DET,8,1442,1442,0,0,0,0,0,0,0,0,0,0
2839192897	ID:8	[HFS] ra=0 si=0 cx=49 ac=0
2839197701	ID:8	[LIST] Neighbors: 17,16,30,6,2,24
2839201338	ID:8	[LIST] Quarantine: (none)
2839204835	ID:8	[LIST] Blacklist: (none)
2839211288	ID:8	FUZZRID,DET,24,1307,1307,0,0,0,0,0,0,4,0,0,0
2843994457	ID:27	[ATK-FAKE-RANK]  true_rank=525 fake_rank=1052 t=11720s
2844015979	ID:1	[HFS] ra=74 si=49 cx=49 ac=82
2844020216	ID:1	[LIST] Neighbors: 21,27,28,15
2844023852	ID:1	[LIST] Quarantine: (none)
2844027349	ID:1	[LIST] Blacklist: (none)
2844035033	ID:1	FUZZRID,DET,27,1052,525,527,0,100,100,38,0,0,0,82,75
2844055405	ID:22	[HFS] ra=74 si=49 cx=49 ac=82
2844060069	ID:22	[LIST] Neighbors: 15,26,11,20,27
2844060793	ID:15	[HFS] ra=74 si=49 cx=49 ac=82
2844063706	ID:22	[LIST] Quarantine: (none)
2844066309	ID:15	[LIST] Neighbors: 28,26,22,19,25,11,27
2844067202	ID:22	[LIST] Blacklist: (none)
2844069946	ID:15	[LIST] Quarantine: (none)
2844073443	ID:15	[LIST] Blacklist: (none)
2844074861	ID:22	FUZZRID,DET,27,1052,525,527,0,100,100,10,0,0,0,82,75
2844081111	ID:15	FUZZRID,DET,27,1052,525,527,0,100,100,17,0,0,0,82,75
2849267088	ID:9	[HFS] ra=0 si=0 cx=49 ac=0
2849272297	ID:9	[LIST] Neighbors: 4,25,29,10,7,23,14
2849275934	ID:9	[LIST] Quarantine: (none)
2849279446	ID:9	[LIST] Blacklist: (none)
2849285900	ID:9	FUZZRID,DET,23,1381,1381,0,0,0,0,0,0,7,0,0,0
2851805548	ID:22	[HFS] ra=0 si=0 cx=49 ac=0
2851810211	ID:22	[LIST] Neighbors: 15,26,11,20,27
2851813847	ID:22	[LIST] Quarantine: (none)
2851817344	ID:22	[LIST] Blacklist: (none)
2851823800	ID:22	FUZZRID,DET,20,1106,1106,0,0,0,0,0,0,0,0,0,0
2853682701	ID:24	[HFS] ra=0 si=0 cx=49 ac=0
2853687644	ID:24	[LIST] Neighbors: 17,16,18,10,13,8
2853691280	ID:24	[LIST] Quarantine: (none)
2853694778	ID:24	[LIST] Blacklist: (none)
2853701229	ID:24	FUZZRID,DET,18,1609,1609,0,0,0,0,0,0,1,0,0,0
2855285283	ID:30	[ATK-FAKE-RANK]  true_rank=1029 fake_rank=1756 t=11720s
2855425402	ID:3	[HFS] ra=0 si=0 cx=49 ac=0
2855429066	ID:3	[LIST] Neighbors: 31,4,14
2855432703	ID:3	[LIST] Quarantine: (none)
2855436200	ID:3	[LIST] Blacklist: (none)
2855436277	ID:17	[HFS] ra=74 si=49 cx=49 ac=82
2855442220	ID:17	[LIST] Neighbors: 26,19,16,10,24,29,25,30
2855442296	ID:3	FUZZRID,DET,4,793,793,0,0,0,0,0,0,11,0,0,0
2855445889	ID:17	[LIST] Quarantine: (none)
2855449385	ID:17	[LIST] Blacklist: (none)
2855457212	ID:17	FUZZRID,DET,30,1756,1029,727,0,100,100,26,0,0,0,82,75
2856415785	ID:20	[HFS] ra=0 si=0 cx=49 ac=0
2856421435	ID:20	[LIST] Neighbors: 26,30,19,6,12,5,22,11
2856425071	ID:20	[LIST] Quarantine: (none)
2856428568	ID:20	[LIST] Blacklist: (none)
2856434907	ID:20	FUZZRID,DET,6,1060,1060,0,0,0,0,0,0,0,0,0,0
2858251555	ID:29	[ATK-FAKE-RANK]  true_rank=1367 fake_rank=2291 t=11720s
2858393395	ID:9	[HFS] ra=74 si=49 cx=49 ac=82
2858398625	ID:9	[LIST] Neighbors: 4,25,29,10,7,23,14
2858402262	ID:9	[LIST] Quarantine: (none)
2858405759	ID:9	[LIST] Blacklist: (none)
2858413725	ID:9	FUZZRID,DET,29,2291,1367,924,0,100,100,22,0,11,0,82,75
2861267858	ID:11	[HFS] ra=0 si=0 cx=49 ac=0
2861272950	ID:11	[LIST] Neighbors: 15,26,30,22,20,19
2861276587	ID:11	[LIST] Quarantine: (none)
2861280084	ID:11	[LIST] Blacklist: (none)
2861286563	ID:11	FUZZRID,DET,22,1330,1330,0,0,0,0,0,0,1,0,0,0
2866555653	ID:10	[HFS] ra=0 si=0 cx=49 ac=0
2866561474	ID:10	[LIST] Neighbors: 19,25,17,16,9,24,29,30
2866565110	ID:10	[LIST] Quarantine: (none)
2866568607	ID:10	[LIST] Blacklist: (none)
2866575083	ID:10	FUZZRID,DET,9,1135,1135,0,0,0,0,0,0,15,0,0,0
2874787218	ID:31	[ATK-FAKE-RANK]  true_rank=770 fake_rank=1348 t=11720s
2874864772	ID:21	[HFS] ra=74 si=49 cx=49 ac=82
2874868437	ID:21	[LIST] Neighbors: 28,4,31
2874872086	ID:21	[LIST] Quarantine: (none)
2874875583	ID:21	[LIST] Blacklist: (none)
2874881432	ID:14	[HFS] ra=74 si=49 cx=49 ac=82
2874883231	ID:21	FUZZRID,DET,31,1348,770,578,0,100,100,21,0,0,0,82,75
2874885511	ID:14	[LIST] Neighbors: 31,4,7,9,3
2874889147	ID:14	[LIST] Quarantine: (none)
2874892644	ID:14	[LIST] Blacklist: (none)
2874900152	ID:14	FUZZRID,DET,31,1348,770,578,0,100,100,9,0,3,0,82,75
2874928446	ID:3	[HFS] ra=74 si=49 cx=49 ac=82
2874932111	ID:3	[LIST] Neighbors: 31,4,14
2874935748	ID:3	[LIST] Quarantine: (none)
2874939245	ID:3	[LIST] Blacklist: (none)
2874946910	ID:3	FUZZRID,DET,31,1348,770,578,0,100,100,16,0,1,0,82,75
2876509065	ID:6	[HFS] ra=0 si=0 cx=49 ac=0
2876514714	ID:6	[LIST] Neighbors: 19,17,20,16,30,2,12,5
2876518351	ID:6	[LIST] Quarantine: (none)
2876521861	ID:6	[LIST] Blacklist: (none)
2876528314	ID:6	FUZZRID,DET,17,1049,1049,0,0,0,0,0,0,1,0,0,0
2876535461	ID:19	[HFS] ra=0 si=0 cx=49 ac=0
2876540173	ID:16	[HFS] ra=0 si=0 cx=49 ac=0
2876541257	ID:19	[LIST] Neighbors: 15,26,17,30,20,5,25,16
2876544894	ID:19	[LIST] Quarantine: (none)
2876545822	ID:16	[LIST] Neighbors: 19,17,30,24,29,25,2,8
2876548391	ID:19	[LIST] Blacklist: (none)
2876549459	ID:16	[LIST] Quarantine: (none)
2876552956	ID:16	[LIST] Blacklist: (none)
2876554983	ID:19	FUZZRID,DET,17,1049,1049,0,0,0,0,0,0,17,0,0,0
2876559218	ID:10	[HFS] ra=0 si=0 cx=49 ac=0
2876559409	ID:16	FUZZRID,DET,17,1049,1049,0,0,0,0,0,0,1,0,0,0
2876560653	ID:24	[HFS] ra=0 si=0 cx=49 ac=0
2876565028	ID:10	[LIST] Neighbors: 19,25,17,16,9,24,29,30
2876565595	ID:24	[LIST] Neighbors: 17,16,18,10,13,8
2876568665	ID:10	[LIST] Quarantine: (none)
2876569234	ID:24	[LIST] Quarantine: (none)
2876569258	ID:8	[HFS] ra=0 si=0 cx=49 ac=0
2876572161	ID:10	[LIST] Blacklist: (none)
2876572731	ID:24	[LIST] Blacklist: (none)
2876574055	ID:8	[LIST] Neighbors: 17,16,30,6,2,24
2876577692	ID:8	[LIST] Quarantine: (none)
2876578615	ID:10	FUZZRID,DET,17,1049,1049,0,0,0,0,0,0,5,0,0,0
2876579354	ID:24	FUZZRID,DET,17,1049,1049,0,0,0,0,0,0,10,0,0,0
2876581189	ID:8	[LIST] Blacklist: (none)
2876587642	ID:8	FUZZRID,DET,17,1049,1049,0,0,0,0,0,0,3,0,0,0
2876599676	ID:25	[HFS] ra=0 si=0 cx=49 ac=0
2876605472	ID:25	[LIST] Neighbors: 15,26,17,10,30,9,16,29
2876609142	ID:25	[LIST] Quarantine: (none)
2876612638	ID:25	[LIST] Blacklist: (none)
2876619091	ID:25	FUZZRID,DET,17,1049,1049,0,0,0,0,0,0,6,0,0,0
2880160479	ID:18	 368643 P 0.0 47 1284766 93076983 324273 769118 0 620260 30119 1935951 10632 15558 0 12011 (radio 1.-76% / 1.33% tx 0.34% / 0.54% listen 0.35% / 0.79%)
2880187487	ID:16	 368643 P 0.0 47 2737204 91629275 655407 1204393 0 890508 30789 1935268 0 17262 0 17251 (radio 1.-85% / 0.87% tx 0.23% / 0.00% listen 1.-64% / 0.87%)
2880326371	ID:3	 368643 P 0.0 47 1454502 92913202 370719 838391 0 679294 25306 1940742 4196 14408 0 12441 (radio 1.-63% / 0.94% tx 0.39% / 0.21% listen 0.43% / 0.73%)
2880348964	ID:23	 368643 P 0.0 47 1369389 92996526 390382 766410 0 610032 23118 1942743 5296 14642 0 12132 (radio 1.-69% / 1.01% tx 0.41% / 0.26% listen 0.35% / 0.74%)
2880374502	ID:25	 368643 P 0.0 47 2674853 91691218 629659 1242609 0 941012 56726 1909338 14335 22225 0 15233 (radio 1.-84% / 1.85% tx 0.21% / 0.72% listen 1.-60% / 1.13%)
2880417519	ID:11	 368643 P 0.0 47 2182840 92186018 555740 1052519 0 774518 33949 1927765 5162 15969 0 13556 (radio 1.-67% / 1.07% tx 0.13% / 0.26% listen 1.-80% / 0.81%)
2880558895	ID:19	 368643 P 0.0 47 4645725 89720391 1521722 1715303 0 833276 54497 1911384 10034 22167 0 16516 (radio 3.-276% / 1.63% tx 1.-76% / 0.51% listen 1.-55% / 1.12%)
2880565062	ID:20	 368643 P 0.0 47 2380110 91985486 511202 1046809 0 806047 53389 1912448 12953 20888 0 13480 (radio 1.-72% / 1.72% tx 0.08% / 0.65% listen 1.-81% / 1.06%)
2880580378	ID:10	 368643 P 0.0 47 2407690 91958998 602503 1258892 0 996468 41546 1924358 7350 21784 0 17113 (radio 1.-85% / 1.48% tx 0.18% / 0.37% listen 1.-58% / 1.10%)
2880680823	ID:4	 368643 P 0.0 47 2643885 91723207 782975 1074101 0 706504 42422 1923642 9859 17742 0 13230 (radio 1.-86% / 1.40% tx 0.37% / 0.50% listen 1.-78% / 0.90%)
2880716930	ID:8	 368643 P 0.0 47 1901630 92464382 441472 885101 0 691180 40417 1925533 9720 17121 0 12795 (radio 1.-96% / 1.36% tx 0.01% / 0.49% listen 0.02% / 0.87%)
2880779691	ID:14	 368643 P 0.0 47 2386135 91978846 741641 1003323 0 655810 22679 1943260 0 12908 0 12895 (radio 1.-98% / 0.65% tx 0.33% / 0.00% listen 1.-85% / 0.65%)
2880812221	ID:7	 368643 P 0.0 47 1864180 92502363 413270 887289 0 705882 21541 1944386 0 13479 0 13479 (radio 1.-99% / 0.68% tx 0.43% / 0.00% listen 0.02% / 0.68%)
2880827456	ID:1	 368645 P 0.0 47 3674064 90694307 1490071 92877909 0 0 23658 1942382 0 1966079 0 0 (radio 8.-768% / 100.-8739% tx 1.-79% / 0.00% listen 7.-689% / 100.-8739%)
2880833176	ID:15	 368643 P 0.0 47 4251061 90114050 1274948 1603852 0 732525 53862 1911372 10853 18885 0 13287 (radio 3.-269% / 1.51% tx 1.-56% / 0.55% listen 1.-67% / 0.96%)
2880833959	ID:17	 368643 P 0.0 47 3702579 90663576 1258176 1534475 0 951011 49544 1916455 10788 19332 0 15161 (radio 2.-178% / 1.53% tx 1.-58% / 0.54% listen 1.-74% / 0.98%)
2880912082	ID:6	 368643 P 0.0 47 2683915 91680358 649023 1207006 0 861240 39181 1926629 5159 17277 0 14319 (radio 1.-86% / 1.14% tx 0.23% / 0.26% listen 1.-64% / 0.87%)
2880921129	ID:2	 368643 P 0.0 47 1915041 92451654 444127 920206 0 724105 22007 1944030 0 14572 0 14572 (radio 1.-92% / 0.74% tx 0.01% / 0.00% listen 0.06% / 0.74%)
2880955166	ID:22	 368643 P 0.0 47 1698933 92665925 403777 868005 0 685574 31020 1935034 4213 15689 0 13156 (radio 1.-57% / 1.01% tx 0.42% / 0.21% listen 0.00% / 0.79%)
2881025184	ID:12	 368643 P 0.0 47 1888725 92476089 512213 892412 0 689616 33318 1932698 8891 16136 0 12987 (radio 1.-88% / 1.27% tx 0.08% / 0.45% listen 0.03% / 0.82%)
2881042139	ID:9	 368643 P 0.0 47 2456168 91909664 686007 1042099 0 728786 53598 1912335 16296 21231 0 12756 (radio 1.-99% / 1.90% tx 0.27% / 0.82% listen 1.-81% / 1.07%)
2881084733	ID:24	 368643 P 0.0 47 2939018 91428153 1067032 1144993 0 668889 46323 1919695 11363 17819 0 12092 (radio 2.-194% / 1.48% tx 1.-78% / 0.57% listen 1.-70% / 0.90%)
2881135682	ID:5	 368643 P 0.0 47 2066965 92299088 537384 985540 0 758050 32107 1933754 5828 16557 0 13660 (radio 1.-76% / 1.13% tx 0.11% / 0.29% listen 1.-87% / 0.84%)
2881137408	ID:21	 368643 P 0.0 47 1969165 92400201 449492 1012220 0 687744 27405 1938595 3047 13760 0 12067 (radio 1.-82% / 0.85% tx 0.02% / 0.15% listen 1.-84% / 0.69%)
2881140298	ID:13	 368643 P 0.0 47 1203478 93160012 282272 735861 0 627797 14630 1951047 0 12622 0 12622 (radio 1.-84% / 0.64% tx 0.29% / 0.00% listen 0.32% / 0.64%)
2912179618	ID:22	[HFS] ra=0 si=0 cx=49 ac=0
2912184280	ID:22	[LIST] Neighbors: 15,26,11,20,27
2912187917	ID:22	[LIST] Quarantine: (none)
2912191414	ID:22	[LIST] Blacklist: (none)
2912197507	ID:22	FUZZRID,DET,11,872,872,0,0,0,0,0,0,0,0,0,0
2915914742	ID:16	[HFS] ra=0 si=0 cx=49 ac=0
2915920403	ID:16	[LIST] Neighbors: 19,17,30,24,29,25,2,8
2915924040	ID:16	[LIST] Quarantine: (none)
2915927536	ID:16	[LIST] Blacklist: (none)
2915933875	ID:16	FUZZRID,DET,2,1367,1367,0,0,0,0,0,0,2,0,0,0
2918430018	ID:10	[HFS] ra=0 si=0 cx=49 ac=0
2918435814	ID:10	[LIST] Neighbors: 19,25,17,16,9,24,29,30
2918439451	ID:10	[LIST] Quarantine: (none)
2918442965	ID:10	[LIST] Blacklist: (none)
2918449419	ID:10	FUZZRID,DET,16,1053,1053,0,0,0,0,0,0,2,0,0,0
2921114484	ID:13	[HFS] ra=0 si=0 cx=49 ac=0
2921117868	ID:13	[LIST] Neighbors: 24,18
2921121504	ID:13	[LIST] Quarantine: (none)
2921125001	ID:13	[LIST] Blacklist: (none)
2921131454	ID:13	FUZZRID,DET,18,1652,1652,0,0,0,0,0,0,0,0,0,0
2922176526	ID:3	[HFS] ra=0 si=0 cx=49 ac=0
2922180191	ID:3	[LIST] Neighbors: 31,4,14
2922183828	ID:3	[LIST] Quarantine: (none)
2922187324	ID:3	[LIST] Blacklist: (none)
2922193779	ID:3	FUZZRID,DET,14,1030,1030,0,0,0,0,0,0,0,0,0,0
2931136166	ID:18	[HFS] ra=0 si=0 cx=49 ac=0
2931139550	ID:18	[LIST] Neighbors: 24,13
2931143187	ID:18	[LIST] Quarantine: (none)
2931146683	ID:18	[LIST] Blacklist: (none)
2931153134	ID:18	FUZZRID,DET,13,1602,1602,0,0,0,0,0,0,3,0,0,0
2932416168	ID:20	[HFS] ra=0 si=0 cx=49 ac=0
2932421850	ID:20	[LIST] Neighbors: 26,30,19,6,12,5,22,11
2932425486	ID:20	[LIST] Quarantine: (none)
2932428983	ID:20	[LIST] Blacklist: (none)
2932435462	ID:20	FUZZRID,DET,12,1338,1338,0,0,0,0,0,0,6,0,0,0
2935010271	ID:18	[HFS] ra=0 si=0 cx=49 ac=0
2935013654	ID:18	[LIST] Neighbors: 24,13
2935017291	ID:18	[LIST] Quarantine: (none)
2935020788	ID:18	[LIST] Blacklist: (none)
2935027241	ID:18	FUZZRID,DET,24,1321,1321,0,0,0,0,0,0,7,0,0,0
2935969240	ID:28	[ATK-FAKE-RANK]  true_rank=512 fake_rank=1152 t=11720s
2936424528	ID:27	[ATK-FAKE-RANK]  true_rank=519 fake_rank=1072 t=11720s
2936484361	ID:5	[HFS] ra=0 si=0 cx=49 ac=0
2936489172	ID:5	[LIST] Neighbors: 19,20,30,6,2,12
2936492809	ID:5	[LIST] Quarantine: (none)
2936496306	ID:5	[LIST] Blacklist: (none)
2936501415	ID:12	[HFS] ra=0 si=0 cx=49 ac=0
2936502762	ID:5	FUZZRID,DET,20,1106,1106,0,0,0,0,0,0,7,0,0,0
2936505640	ID:12	[LIST] Neighbors: 20,5,30,6,2
2936509277	ID:12	[LIST] Quarantine: (none)
2936512773	ID:12	[LIST] Blacklist: (none)
2936519230	ID:12	FUZZRID,DET,20,1106,1106,0,0,0,0,0,0,5,0,0,0
2936554273	ID:22	[HFS] ra=74 si=49 cx=49 ac=82
2936558936	ID:22	[LIST] Neighbors: 15,26,11,20,27
2936562573	ID:22	[LIST] Quarantine: (none)
2936566069	ID:22	[LIST] Blacklist: (none)
2936573598	ID:22	FUZZRID,DET,27,1072,519,553,0,100,100,6,0,0,0,82,75
2937253405	ID:14	[HFS] ra=0 si=0 cx=49 ac=0
2937257483	ID:14	[LIST] Neighbors: 31,4,7,9,3
2937261120	ID:14	[LIST] Quarantine: (none)
2937264616	ID:14	[LIST] Blacklist: (none)
2937270956	ID:14	FUZZRID,DET,7,1045,1045,0,0,0,0,0,0,0,0,0,0
2937790549	ID:7	[HFS] ra=0 si=0 cx=49 ac=0
2937794906	ID:7	[LIST] Neighbors: 4,23,29,9,14
2937798550	ID:7	[LIST] Quarantine: (none)
2937802047	ID:7	[LIST] Blacklist: (none)
2937808501	ID:7	FUZZRID,DET,23,1381,1381,0,0,0,0,0,0,3,0,0,0
2940160264	ID:18	 376323 P 0.0 48 1304201 95023587 325509 782259 0 632163 19434 1946604 1236 13141 0 11903 (radio 1.-75% / 0.73% tx 0.33% / 0.06% listen 0.36% / 0.66%)
2940188615	ID:16	 376323 P 0.0 48 2788096 93544400 665839 1225869 0 905681 50890 1915125 10432 21476 0 15173 (radio 1.-82% / 1.62% tx 0.24% / 0.53% listen 1.-62% / 1.09%)
2940326660	ID:3	 376323 P 0.0 48 1491941 94841821 382741 857329 0 691724 37438 1928619 12022 18938 0 12430 (radio 1.-61% / 1.57% tx 0.39% / 0.61% listen 0.44% / 0.96%)
2940348681	ID:23	 376323 P 0.0 48 1384720 94946869 390594 778446 0 621906 15330 1950343 212 12036 0 11874 (radio 1.-68% / 0.62% tx 0.40% / 0.01% listen 0.36% / 0.61%)
2940374233	ID:25	 376323 P 0.0 48 2716322 93615823 635929 1261768 0 956603 41468 1924605 6270 19159 0 15591 (radio 1.-82% / 1.29% tx 0.21% / 0.31% listen 1.-59% / 0.97%)
2940417567	ID:11	 376323 P 0.0 48 2220026 94114904 563557 1070321 0 788058 37184 1928886 7817 17802 0 13540 (radio 1.-65% / 1.30% tx 0.13% / 0.39% listen 1.-79% / 0.90%)
2940558906	ID:19	 376323 P 0.0 48 4697626 91634400 1533054 1738374 0 849579 51900 1914009 11332 23071 0 16303 (radio 3.-273% / 1.74% tx 1.-75% / 0.57% listen 1.-98% / 1.17%)
2940564752	ID:20	 376323 P 0.0 48 2416322 93915313 515908 1063093 0 821059 36211 1929827 4706 16284 0 15012 (radio 1.-70% / 1.06% tx 0.08% / 0.23% listen 1.-79% / 0.82%)
2940580659	ID:10	 376323 P 0.0 48 2441720 93890897 606494 1276224 0 1011532 34028 1931899 3991 17332 0 15064 (radio 1.-83% / 1.08% tx 0.18% / 0.20% listen 1.-57% / 0.88%)
2940665578	ID:29	[ATK-FAKE-RANK]  true_rank=1367 fake_rank=2311 t=11720s
2940682868	ID:4	 376323 P 0.0 48 2688631 93644589 793322 1093884 0 720498 44745 1921382 10347 19783 0 13994 (radio 1.-83% / 1.53% tx 0.37% / 0.52% listen 1.-76% / 1.00%)
2940716904	ID:8	 376323 P 0.0 48 1927213 94404794 443192 900189 0 705254 25582 1940412 1720 15088 0 14074 (radio 1.-95% / 0.85% tx 0.01% / 0.08% listen 0.04% / 0.76%)
2940780573	ID:14	 376323 P 0.0 48 2425503 93905333 751490 1020984 0 668594 39366 1926487 9849 17661 0 12784 (radio 1.-95% / 1.39% tx 0.33% / 0.50% listen 1.-84% / 0.89%)
2940813085	ID:7	 376323 P 0.0 48 1891087 94441307 416224 901040 0 718472 26905 1938944 2954 13751 0 12590 (radio 1.-98% / 0.84% tx 0.43% / 0.15% listen 0.04% / 0.69%)
2940828565	ID:1	 376325 P 0.0 48 3731796 92602608 1515051 94818999 0 0 57730 1908301 24980 1941089 0 0 (radio 10.-987% / 100.-8739% tx 1.-77% / 1.27% listen 9.-866% / 98.-8666%)
2940833180	ID:15	 376323 P 0.0 48 4303467 92027592 1286319 1625998 0 746716 52405 1913542 11371 22146 0 14191 (radio 3.-266% / 1.70% tx 1.-56% / 0.57% listen 1.-65% / 1.12%)
2940833971	ID:17	 376323 P 0.0 48 3764872 92567187 1277772 1558226 0 965495 62292 1903611 19596 23751 0 14484 (radio 2.-174% / 2.20% tx 1.-57% / 0.99% listen 1.-72% / 1.20%)
2940912351	ID:6	 376323 P 0.0 48 2735151 93595152 662862 1229410 0 876821 51235 1914794 13839 22404 0 15581 (radio 1.-82% / 1.84% tx 0.24% / 0.70% listen 1.-62% / 1.13%)
2940922286	ID:2	 376323 P 0.0 48 1957056 94375650 455863 939245 0 737247 42013 1923996 11736 19039 0 13142 (radio 1.-89% / 1.56% tx 0.02% / 0.59% listen 0.08% / 0.96%)
2940955400	ID:22	 376323 P 0.0 48 1731279 94599632 409346 884545 0 698755 32345 1933707 5569 16540 0 13181 (radio 1.-100% / 1.12% tx 0.42% / 0.28% listen 0.02% / 0.84%)
2941025179	ID:12	 376323 P 0.0 48 1918087 94412663 516985 908190 0 703075 29361 1936574 4772 15778 0 13459 (radio 1.-86% / 1.04% tx 0.09% / 0.24% listen 0.05% / 0.80%)
2941041853	ID:9	 376323 P 0.0 48 2483987 93847702 688512 1056848 0 742558 27818 1938038 2505 14749 0 13772 (radio 1.-98% / 0.87% tx 0.26% / 0.12% listen 1.-80% / 0.75%)
2941056506	ID:10	[HFS] ra=74 si=49 cx=49 ac=82
2941062312	ID:10	[LIST] Neighbors: 19,25,17,16,9,24,29,30
2941065949	ID:10	[LIST] Quarantine: (none)
2941069446	ID:10	[LIST] Blacklist: (none)
2941077291	ID:10	FUZZRID,DET,29,2311,1367,944,0,100,100,23,0,9,0,82,75
2941084741	ID:24	 376323 P 0.0 48 2978955 93354266 1077175 1162110 0 681439 39936 1926113 10143 17117 0 12550 (radio 2.-191% / 1.38% tx 1.-78% / 0.51% listen 1.-69% / 0.87%)
2941135911	ID:5	 376323 P 0.0 48 2095024 94236866 540324 1001313 0 772155 28058 1937778 2940 15773 0 14105 (radio 1.-74% / 0.95% tx 0.11% / 0.14% listen 1.-86% / 0.80%)
2941137424	ID:21	 376323 P 0.0 48 2006261 94329100 457455 1031358 0 700942 37095 1928899 7963 19138 0 13198 (radio 1.-80% / 1.37% tx 0.02% / 0.40% listen 1.-83% / 0.97%)
2941141139	ID:13	 376323 P 0.0 48 1221735 95107435 284072 749214 0 640395 18255 1947423 1800 13353 0 12598 (radio 1.-82% / 0.77% tx 0.29% / 0.09% listen 0.33% / 0.67%)
2941427599	ID:26	[ATK-FAKE-RANK]  true_rank=832 fake_rank=1489 t=11720s
2941493128	ID:13	[HFS] ra=0 si=0 cx=49 ac=0
2941496513	ID:13	[LIST] Neighbors: 24,18
2941500150	ID:13	[LIST] Quarantine: (none)
2941503646	ID:13	[LIST] Blacklist: (none)
2941510115	ID:13	FUZZRID,DET,18,1657,1657,0,0,0,0,0,0,0,0,0,0
2941557777	ID:24	[HFS] ra=0 si=0 cx=49 ac=0
2941562720	ID:24	[LIST] Neighbors: 17,16,18,10,13,8
2941566356	ID:24	[LIST] Quarantine: (none)
2941569864	ID:24	[LIST] Blacklist: (none)
2941576317	ID:24	FUZZRID,DET,18,1657,1657,0,0,0,0,0,0,0,0,0,0
2941629237	ID:26	[ATK-FAKE-RANK]  true_rank=832 fake_rank=1509 t=11720s
2941660239	ID:19	[HFS] ra=74 si=49 cx=49 ac=82
2941665926	ID:20	[HFS] ra=74 si=49 cx=49 ac=82
2941666035	ID:19	[LIST] Neighbors: 15,26,17,30,20,5,25,16
2941669672	ID:19	[LIST] Quarantine: (none)
2941671576	ID:20	[LIST] Neighbors: 26,30,19,6,12,5,22,11
2941673169	ID:19	[LIST] Blacklist: (none)
2941675213	ID:20	[LIST] Quarantine: (none)
2941678709	ID:20	[LIST] Blacklist: (none)
2941680987	ID:19	FUZZRID,DET,26,1509,832,677,0,100,100,17,0,17,0,82,75
2941681077	ID:22	[HFS] ra=74 si=49 cx=49 ac=82
2941681489	ID:15	[HFS] ra=74 si=49 cx=49 ac=82
2941685740	ID:22	[LIST] Neighbors: 15,26,11,20,27
2941686280	ID:17	[HFS] ra=74 si=49 cx=49 ac=82
2941686389	ID:20	FUZZRID,DET,26,1509,832,677,0,100,100,42,0,2,0,82,75
2941687039	ID:15	[LIST] Neighbors: 28,26,22,19,25,11,27
2941689377	ID:22	[LIST] Quarantine: (none)
2941690676	ID:15	[LIST] Quarantine: (none)
2941692223	ID:17	[LIST] Neighbors: 26,19,16,10,24,29,25,30
2941692884	ID:22	[LIST] Blacklist: (none)
2941694173	ID:15	[LIST] Blacklist: (none)
2941695888	ID:17	[LIST] Quarantine: (none)
2941699385	ID:17	[LIST] Blacklist: (none)
2941700564	ID:22	FUZZRID,DET,26,1509,832,677,0,100,100,70,0,2,0,82,75
2941701999	ID:15	FUZZRID,DET,26,1509,832,677,0,100,100,100,0,2,0,82,75
2941707031	ID:17	FUZZRID,DET,26,1509,832,677,0,100,100,29,0,3,0,82,75
2941723725	ID:25	[HFS] ra=74 si=49 cx=49 ac=82
2941729521	ID:25	[LIST] Neighbors: 15,26,17,10,30,9,16,29
2941733158	ID:25	[LIST] Quarantine: (none)
2941736658	ID:25	[LIST] Blacklist: (none)
2941744344	ID:25	FUZZRID,DET,26,1509,832,677,0,100,100,31,0,1,0,82,75
2941766469	ID:11	[HFS] ra=74 si=49 cx=49 ac=82
2941771559	ID:11	[LIST] Neighbors: 15,26,30,22,20,19
2941775196	ID:11	[LIST] Quarantine: (none)
2941778692	ID:11	[LIST] Blacklist: (none)
2941786338	ID:11	FUZZRID,DET,26,1509,832,677,0,100,100,14,0,0,0,82,75
2943663568	ID:7	[HFS] ra=0 si=0 cx=49 ac=0
2943667925	ID:7	[LIST] Neighbors: 4,23,29,9,14
2943671562	ID:7	[LIST] Quarantine: (none)
2943675088	ID:7	[LIST] Blacklist: (none)
2943681183	ID:7	FUZZRID,DET,4,783,783,0,0,0,0,0,0,15,0,0,0
2947600996	ID:31	[ATK-FAKE-RANK]  true_rank=768 fake_rank=1368 t=11720s
2947631677	ID:14	[HFS] ra=74 si=49 cx=49 ac=82
2947635769	ID:14	[LIST] Neighbors: 31,4,7,9,3
2947639405	ID:14	[LIST] Quarantine: (none)
2947642902	ID:14	[LIST] Blacklist: (none)
2947650443	ID:14	FUZZRID,DET,31,1368,768,600,0,100,100,5,0,3,0,82,75
2953043306	ID:20	[HFS] ra=0 si=0 cx=49 ac=0
2953048956	ID:20	[LIST] Neighbors: 26,30,19,6,12,5,22,11
2953052592	ID:20	[LIST] Quarantine: (none)
2953056089	ID:20	[LIST] Blacklist: (none)
2953062543	ID:20	FUZZRID,DET,22,1345,1345,0,0,0,0,0,0,0,0,0,0
2953140519	ID:11	[HFS] ra=0 si=0 cx=49 ac=0
2953145643	ID:11	[LIST] Neighbors: 15,26,30,22,20,19
2953149280	ID:11	[LIST] Quarantine: (none)
2953152776	ID:11	[LIST] Blacklist: (none)
2953159231	ID:11	FUZZRID,DET,22,1345,1345,0,0,0,0,0,0,1,0,0,0
2958396485	ID:2	[HFS] ra=0 si=0 cx=49 ac=0
2958401136	ID:2	[LIST] Neighbors: 16,5,30,6,12,8
2958404773	ID:2	[LIST] Quarantine: (none)
2958408269	ID:2	[LIST] Blacklist: (none)
2958414585	ID:2	FUZZRID,DET,5,1055,1055,0,0,0,0,0,0,7,0,0,0
2969808473	ID:10	[HFS] ra=0 si=0 cx=49 ac=0
2969814270	ID:10	[LIST] Neighbors: 19,25,17,16,9,24,29,30
2969817906	ID:10	[LIST] Quarantine: (none)
2969821403	ID:10	[LIST] Blacklist: (none)
2969824293	ID:23	[HFS] ra=0 si=0 cx=49 ac=0
2969827370	ID:23	[LIST] Neighbors: 7,9
2969827857	ID:10	FUZZRID,DET,9,1128,1128,0,0,0,0,0,0,14,0,0,0
2969831007	ID:23	[LIST] Quarantine: (none)
2969834503	ID:23	[LIST] Blacklist: (none)
2969840958	ID:23	FUZZRID,DET,9,1128,1128,0,0,0,0,0,0,14,0,0,0
2969851792	ID:25	[HFS] ra=0 si=0 cx=49 ac=0
2969857588	ID:25	[LIST] Neighbors: 15,26,17,10,30,9,16,29
2969861239	ID:25	[LIST] Quarantine: (none)
2969864735	ID:25	[LIST] Blacklist: (none)
2969871051	ID:25	FUZZRID,DET,9,1128,1128,0,0,0,0,0,0,7,0,0,0
2969880568	ID:14	[HFS] ra=0 si=0 cx=49 ac=0
2969884650	ID:14	[LIST] Neighbors: 31,4,7,9,3
2969888287	ID:14	[LIST] Quarantine: (none)
2969891783	ID:14	[LIST] Blacklist: (none)
2969898237	ID:14	FUZZRID,DET,9,1128,1128,0,0,0,0,0,0,10,0,0,0
2969906224	ID:4	[HFS] ra=0 si=0 cx=49 ac=0
2969911301	ID:4	[LIST] Neighbors: 28,9,31,7,3,14,21
2969914618	ID:7	[HFS] ra=0 si=0 cx=49 ac=0
2969914938	ID:4	[LIST] Quarantine: (none)
2969918435	ID:4	[LIST] Blacklist: (none)
2969918975	ID:7	[LIST] Neighbors: 4,23,29,9,14
2969922612	ID:7	[LIST] Quarantine: (none)
2969924890	ID:4	FUZZRID,DET,9,1128,1128,0,0,0,0,0,0,10,0,0,0
2969926108	ID:7	[LIST] Blacklist: (none)
2969932424	ID:7	FUZZRID,DET,9,1128,1128,0,0,0,0,0,0,5,0,0,0
2985487264	ID:5	[HFS] ra=0 si=0 cx=49 ac=0
2985492061	ID:5	[LIST] Neighbors: 19,20,30,6,2,12
2985495712	ID:5	[LIST] Quarantine: (none)
2985499209	ID:5	[LIST] Blacklist: (none)
2985505442	ID:5	FUZZRID,DET,19,787,787,0,0,0,0,0,0,12,0,0,0
3000160210	ID:18	 384003 P 0.0 49 1334384 96959474 335499 797234 0 644125 30181 1935887 9990 14975 0 11962 (radio 1.-73% / 1.26% tx 0.34% / 0.50% listen 0.37% / 0.76%)
3000187476	ID:16	 384003 P 0.0 49 2817133 95481368 665839 1240666 0 920478 29036 1936968 0 14797 0 14797 (radio 1.-81% / 0.75% tx 0.24% / 0.00% listen 1.-62% / 0.75%)
3000325510	ID:3	 384003 P 0.0 49 1508556 96791206 382741 869432 0 703827 16614 1949385 0 12103 0 12103 (radio 1.-61% / 0.61% tx 0.38% / 0.00% listen 0.01% / 0.61%)
3000348979	ID:23	 384003 P 0.0 49 1411732 96885538 398422 793850 0 634303 27011 1938669 7828 15404 0 12397 (radio 1.-67% / 1.18% tx 0.40% / 0.39% listen 0.37% / 0.78%)
3000374197	ID:25	 384003 P 0.0 49 2754145 95544063 638729 1278796 0 971754 37822 1928240 2800 17028 0 15151 (radio 1.-80% / 1.00% tx 0.21% / 0.14% listen 1.-58% / 0.86%)
3000417550	ID:11	 384003 P 0.0 49 2250778 96050224 565532 1085090 0 800934 30751 1935320 1975 14769 0 12876 (radio 1.-64% / 0.85% tx 0.13% / 0.10% listen 1.-77% / 0.75%)
3000558580	ID:19	 384003 P 0.0 49 4741257 93556689 1538403 1755826 0 863450 43629 1922289 5349 17452 0 13871 (radio 3.-271% / 1.15% tx 1.-75% / 0.27% listen 1.-97% / 0.88%)
3000564771	ID:20	 384003 P 0.0 49 2465543 95832132 525834 1082401 0 834904 49220 1916819 9926 19308 0 13845 (radio 1.-68% / 1.48% tx 0.09% / 0.50% listen 1.-78% / 0.98%)
3000580842	ID:10	 384003 P 0.0 49 2484277 95814336 614304 1293650 0 1024762 42555 1923439 7810 17426 0 13230 (radio 1.-81% / 1.28% tx 0.18% / 0.39% listen 1.-100% / 0.88%)
3000680834	ID:4	 384003 P 0.0 49 2728768 95570467 800847 1111111 0 734118 40136 1925878 7525 17227 0 13620 (radio 1.-81% / 1.25% tx 0.37% / 0.38% listen 1.-75% / 0.87%)
3000716905	ID:8	 384003 P 0.0 49 1953769 96344174 446255 913602 0 717746 26555 1939380 3063 13413 0 12492 (radio 1.-93% / 0.83% tx 0.01% / 0.15% listen 0.05% / 0.68%)
3000780535	ID:14	 384003 P 0.0 49 2453635 95843270 753379 1034860 0 680935 28131 1937937 1889 13876 0 12341 (radio 1.-93% / 0.80% tx 0.32% / 0.09% listen 1.-83% / 0.70%)
3000813351	ID:7	 384003 P 0.0 49 1933556 96364822 427328 919226 0 730715 42468 1923515 11104 18186 0 12243 (radio 1.-95% / 1.48% tx 0.43% / 0.56% listen 0.06% / 0.92%)
3000828136	ID:1	 384005 P 0.0 49 3751209 94549188 1515051 96785079 0 0 19412 1946580 0 1966078 0 0 (radio 12.-1162% / 100.-8739% tx 1.-77% / 0.00% listen 11.-1085% / 100.-8739%)
3000832542	ID:15	 384003 P 0.0 49 4336321 93960685 1286724 1641082 0 760360 32852 1933093 405 15084 0 13644 (radio 2.-165% / 0.78% tx 1.-57% / 0.02% listen 1.-65% / 0.76%)
3000833607	ID:17	 384003 P 0.0 49 3802573 94495517 1281404 1574071 0 979605 37700 1928330 3632 15845 0 14110 (radio 2.-172% / 0.99% tx 1.-58% / 0.18% listen 1.-71% / 0.80%)
3000911216	ID:6	 384003 P 0.0 49 2762365 95533976 662862 1243222 0 890633 27213 1938824 0 13812 0 13812 (radio 1.-81% / 0.70% tx 0.23% / 0.00% listen 1.-61% / 0.70%)
3000921969	ID:2	 384003 P 0.0 49 1987844 96310794 460342 954713 0 750191 30787 1935144 4479 15468 0 12944 (radio 1.-88% / 1.01% tx 0.03% / 0.22% listen 0.09% / 0.78%)
3000955198	ID:22	 384003 P 0.0 49 1765780 96531133 417562 899962 0 711347 34500 1931501 8216 15417 0 12592 (radio 1.-98% / 1.20% tx 0.42% / 0.41% listen 0.04% / 0.78%)
3001025184	ID:12	 384003 P 0.0 49 1943561 96352875 519995 922794 0 715919 25473 1940212 3010 14604 0 12844 (radio 1.-85% / 0.89% tx 0.09% / 0.15% listen 0.06% / 0.74%)
3001041858	ID:9	 384003 P 0.0 49 2512276 95785113 691538 1070793 0 756431 28288 1937411 3026 13945 0 13873 (radio 1.-96% / 0.86% tx 0.26% / 0.15% listen 1.-79% / 0.70%)
3001084718	ID:24	 384003 P 0.0 49 3022805 95276441 1089729 1179521 0 693431 43849 1922175 12554 17411 0 11992 (radio 2.-188% / 1.52% tx 1.-77% / 0.63% listen 1.-68% / 0.88%)
3001135913	ID:5	 384003 P 0.0 49 2135870 96162069 550018 1019002 0 784338 40844 1925203 9694 17689 0 12183 (radio 1.-72% / 1.39% tx 0.12% / 0.49% listen 1.-84% / 0.89%)
3001137415	ID:21	 384003 P 0.0 49 2035100 96266285 461973 1046093 0 712925 28837 1937185 4518 14735 0 11983 (radio 1.-78% / 0.97% tx 0.03% / 0.22% listen 1.-81% / 0.74%)
3001140300	ID:13	 384003 P 0.0 49 1237307 97057538 284072 761941 0 653101 15571 1950103 0 12727 0 12706 (radio 1.-81% / 0.64% tx 0.28% / 0.00% listen 0.33% / 0.64%)
3005915262	ID:28	[ATK-FAKE-RANK]  true_rank=512 fake_rank=1172 t=11720s
3006032298	ID:4	[HFS] ra=74 si=49 cx=49 ac=82
3006037376	ID:4	[LIST] Neighbors: 28,9,31,7,3,14,21
3006041033	ID:4	[LIST] Quarantine: (none)
3006044530	ID:4	[LIST] Blacklist: (none)
3006052176	ID:4	FUZZRID,DET,28,1172,512,660,0,100,100,15,0,2,0,82,75
3012366652	ID:31	[ATK-FAKE-RANK]  true_rank=768 fake_rank=1388 t=11720s
3012406723	ID:4	[HFS] ra=74 si=49 cx=49 ac=82
3012411800	ID:4	[LIST] Neighbors: 28,9,31,7,3,14,21
3012415437	ID:4	[LIST] Quarantine: (none)
3012418934	ID:4	[LIST] Blacklist: (none)
3012426582	ID:4	FUZZRID,DET,31,1388,768,620,0,100,100,53,0,1,0,82,75
3012574543	ID:30	[ATK-FAKE-RANK]  true_rank=1029 fake_rank=1776 t=11720s
3012667841	ID:20	[HFS] ra=74 si=49 cx=49 ac=82
3012673491	ID:20	[LIST] Neighbors: 26,30,19,6,12,5,22,11
3012677129	ID:20	[LIST] Quarantine: (none)
3012680625	ID:20	[LIST] Blacklist: (none)
3012688452	ID:20	FUZZRID,DET,30,1776,1029,747,0,100,100,36,0,0,0,82,75
3016393400	ID:9	[HFS] ra=0 si=0 cx=49 ac=0
3016398626	ID:9	[LIST] Neighbors: 4,25,29,10,7,23,14
3016402262	ID:9	[LIST] Quarantine: (none)
3016405759	ID:9	[LIST] Blacklist: (none)
3016412215	ID:9	FUZZRID,DET,23,1417,1417,0,0,0,0,0,0,7,0,0,0
3016933151	ID:24	[HFS] ra=0 si=0 cx=49 ac=0
3016938094	ID:24	[LIST] Neighbors: 17,16,18,10,13,8
3016941731	ID:24	[LIST] Quarantine: (none)
3016945227	ID:24	[LIST] Blacklist: (none)
3016951697	ID:24	FUZZRID,DET,13,1602,1602,0,0,0,0,0,0,5,0,0,0
3018850954	ID:25	[HFS] ra=0 si=0 cx=49 ac=0
3018856751	ID:25	[LIST] Neighbors: 15,26,17,10,30,9,16,29
3018860406	ID:25	[LIST] Quarantine: (none)
3018863902	ID:25	[LIST] Blacklist: (none)
3018870257	ID:25	FUZZRID,DET,9,1128,1128,0,0,0,0,0,0,7,0,0,0
3024475125	ID:26	[ATK-FAKE-RANK]  true_rank=832 fake_rank=1529 t=11720s
3024518648	ID:11	[HFS] ra=74 si=49 cx=49 ac=82
3024523738	ID:11	[LIST] Neighbors: 15,26,30,22,20,19
3024527375	ID:11	[LIST] Quarantine: (none)
3024530872	ID:11	[LIST] Blacklist: (none)
3024538378	ID:11	FUZZRID,DET,26,1529,832,697,0,100,100,5,0,0,0,82,75
3029549421	ID:27	[ATK-FAKE-RANK]  true_rank=518 fake_rank=1092 t=11720s
3033538066	ID:16	[HFS] ra=0 si=0 cx=49 ac=0
3033543725	ID:16	[LIST] Neighbors: 19,17,30,24,29,25,2,8
3033547362	ID:16	[LIST] Quarantine: (none)
3033550858	ID:16	[LIST] Blacklist: (none)
3033557337	ID:16	FUZZRID,DET,24,1396,1396,0,0,0,0,0,0,6,0,0,0
3033642806	ID:9	[HFS] ra=0 si=0 cx=49 ac=0
3033648016	ID:9	[LIST] Neighbors: 4,25,29,10,7,23,14
3033651653	ID:9	[LIST] Quarantine: (none)
3033655150	ID:9	[LIST] Blacklist: (none)
3033661605	ID:9	FUZZRID,DET,14,1030,1030,0,0,0,0,0,0,0,0,0,0
3034663038	ID:19	[HFS] ra=0 si=0 cx=49 ac=0
3034668834	ID:19	[LIST] Neighbors: 15,26,17,30,20,5,25,16
3034672471	ID:19	[LIST] Quarantine: (none)
3034675967	ID:19	[LIST] Blacklist: (none)
3034682199	ID:19	FUZZRID,DET,25,865,865,0,0,0,0,0,0,15,0,0,0
3045539964	ID:16	[HFS] ra=0 si=0 cx=49 ac=0
3045545614	ID:16	[LIST] Neighbors: 19,17,30,24,29,25,2,8
3045549251	ID:16	[LIST] Quarantine: (none)
3045552747	ID:16	[LIST] Blacklist: (none)
3045559064	ID:16	FUZZRID,DET,8,1439,1439,0,0,0,0,0,0,0,0,0,0
3046314650	ID:29	[ATK-FAKE-RANK]  true_rank=1367 fake_rank=2331 t=11720s
3046351887	ID:25	[HFS] ra=74 si=49 cx=49 ac=82
3046357683	ID:25	[LIST] Neighbors: 15,26,17,10,30,9,16,29
3046361320	ID:25	[LIST] Quarantine: (none)
3046364817	ID:25	[LIST] Blacklist: (none)
3046372782	ID:25	FUZZRID,DET,29,2331,1367,964,0,100,100,20,0,13,0,82,75
3047304055	ID:22	[HFS] ra=0 si=0 cx=49 ac=0
3047308718	ID:22	[LIST] Neighbors: 15,26,11,20,27
3047312355	ID:22	[LIST] Quarantine: (none)
3047315851	ID:22	[LIST] Blacklist: (none)
3047321945	ID:22	FUZZRID,DET,15,512,512,0,0,0,0,0,0,2,0,0,0
3055266644	ID:11	[HFS] ra=0 si=0 cx=49 ac=0
3055271735	ID:11	[LIST] Neighbors: 15,26,30,22,20,19
3055275371	ID:11	[LIST] Quarantine: (none)
3055278890	ID:11	[LIST] Blacklist: (none)
3055285483	ID:11	FUZZRID,DET,22,1200,1200,0,0,0,0,0,0,11,0,0,0
3055293594	ID:20	[HFS] ra=0 si=0 cx=49 ac=0
3055299243	ID:20	[LIST] Neighbors: 26,30,19,6,12,5,22,11
3055302880	ID:20	[LIST] Quarantine: (none)
3055306377	ID:20	[LIST] Blacklist: (none)
3055312999	ID:20	FUZZRID,DET,22,1200,1200,0,0,0,0,0,0,10,0,0,0
3059450884	ID:23	[HFS] ra=0 si=0 cx=49 ac=0
3059453983	ID:23	[LIST] Neighbors: 7,9
3059457620	ID:23	[LIST] Quarantine: (none)
3059461116	ID:23	[LIST] Blacklist: (none)
3059467431	ID:23	FUZZRID,DET,7,1042,1042,0,0,0,0,0,0,2,0,0,0
3060159326	ID:18	 391683 P 0.0 50 1349407 98910527 335499 810057 0 656948 15022 1951053 0 12823 0 12823 (radio 1.-72% / 0.65% tx 0.33% / 0.00% listen 0.37% / 0.65%)
3060188349	ID:16	 391683 P 0.0 50 2857294 97407273 668924 1256388 0 933596 40159 1925905 3085 15722 0 13118 (radio 1.-80% / 0.95% tx 0.23% / 0.15% listen 1.-61% / 0.79%)
3060326350	ID:3	 391683 P 0.0 50 1528140 98737624 384750 882108 0 715866 19582 1946418 2009 12676 0 12039 (radio 1.-60% / 0.74% tx 0.38% / 0.10% listen 0.02% / 0.64%)
3060348983	ID:23	 391683 P 0.0 50 1431083 98831866 401068 807496 0 647122 19350 1946328 2646 13646 0 12819 (radio 1.-66% / 0.82% tx 0.40% / 0.13% listen 0.37% / 0.69%)
3060374393	ID:25	 391683 P 0.0 50 2799382 97464796 645895 1297640 0 986645 45235 1920733 7166 18844 0 14891 (radio 1.-78% / 1.32% tx 0.21% / 0.36% listen 1.-100% / 0.95%)
3060417846	ID:11	 391683 P 0.0 50 2295367 97971701 576725 1104196 0 814225 44587 1921477 11193 19106 0 13291 (radio 1.-61% / 1.54% tx 0.14% / 0.56% listen 1.-76% / 0.97%)
3060558865	ID:19	 391683 P 0.0 50 4796165 95467750 1550162 1776116 0 876672 54907 1911061 11759 20290 0 13222 (radio 3.-269% / 1.63% tx 1.-74% / 0.59% listen 1.-95% / 1.03%)
3060563909	ID:20	 391683 P 0.0 50 2495960 97767761 525834 1096005 0 848218 30416 1935629 0 13604 0 13314 (radio 1.-67% / 0.69% tx 0.09% / 0.00% listen 1.-77% / 0.69%)
3060579814	ID:10	 391683 P 0.0 50 2510030 97754598 614304 1308861 0 1039973 25752 1940262 0 15211 0 15211 (radio 1.-80% / 0.77% tx 0.18% / 0.00% listen 1.-98% / 0.77%)
3060681104	ID:4	 391683 P 0.0 50 2774796 97490505 812913 1127959 0 746853 46027 1920038 12066 16848 0 12735 (radio 1.-78% / 1.47% tx 0.38% / 0.61% listen 1.-74% / 0.85%)
3060716904	ID:8	 391683 P 0.0 50 1986250 98277652 452711 928757 0 729926 32480 1933478 6456 15155 0 12180 (radio 1.-91% / 1.09% tx 0.02% / 0.32% listen 0.06% / 0.77%)
3060780556	ID:14	 391683 P 0.0 50 2482484 97780497 757199 1049463 0 693453 28847 1937227 3820 14603 0 12518 (radio 1.-92% / 0.93% tx 0.32% / 0.19% listen 1.-82% / 0.74%)
3060813118	ID:7	 391683 P 0.0 50 1963478 98300957 432703 934657 0 743969 29920 1936135 5375 15431 0 13254 (radio 1.-93% / 1.05% tx 0.00% / 0.27% listen 0.07% / 0.78%)
3060828139	ID:1	 391685 P 0.0 50 3770093 96496307 1515051 98751159 0 0 18882 1947119 0 1966078 0 0 (radio 14.-1381% / 100.-8739% tx 1.-78% / 0.00% listen 12.-1161% / 100.-8739%)
3060833034	ID:15	 391683 P 0.0 50 4380526 95882470 1295600 1659274 0 773800 44203 1921785 8876 18192 0 13440 (radio 2.-163% / 1.37% tx 1.-100% / 0.45% listen 1.-64% / 0.92%)
3060833810	ID:17	 391683 P 0.0 50 3846393 96417754 1290654 1591089 0 993025 43818 1922237 9250 17018 0 13420 (radio 2.-170% / 1.33% tx 1.-100% / 0.47% listen 1.-70% / 0.86%)
3060911217	ID:6	 391683 P 0.0 50 2789373 97473020 662862 1256341 0 903752 27006 1939044 0 13119 0 13119 (radio 1.-80% / 0.66% tx 0.23% / 0.00% listen 1.-61% / 0.66%)
3060921719	ID:2	 391683 P 0.0 50 2011542 98253129 461186 967822 0 762970 23696 1942335 844 13109 0 12779 (radio 1.-86% / 0.70% tx 0.03% / 0.04% listen 0.10% / 0.66%)
3060955444	ID:22	 391683 P 0.0 50 1810346 98452533 431809 918190 0 723672 44565 1921400 14247 18228 0 12325 (radio 1.-94% / 1.65% tx 0.00% / 0.72% listen 0.05% / 0.92%)
3061024343	ID:12	 391683 P 0.0 50 1963709 98298488 519995 934816 0 727941 20146 1945613 0 12022 0 12022 (radio 1.-84% / 0.61% tx 0.09% / 0.00% listen 0.07% / 0.61%)
3061041870	ID:9	 391683 P 0.0 50 2555027 97708243 701035 1089127 0 769737 42749 1923130 9497 18334 0 13306 (radio 1.-93% / 1.41% tx 0.27% / 0.48% listen 1.-78% / 0.93%)
3061084745	ID:24	 391683 P 0.0 50 3067725 97197517 1102336 1197645 0 705828 44918 1921076 12607 18124 0 12397 (radio 2.-185% / 1.56% tx 1.-76% / 0.64% listen 1.-67% / 0.92%)
3061135067	ID:5	 391683 P 0.0 50 2157902 98106085 550018 1032034 0 797370 22031 1944016 0 13032 0 13032 (radio 1.-71% / 0.66% tx 0.12% / 0.00% listen 1.-83% / 0.66%)
3061136569	ID:21	 391683 P 0.0 50 2055234 98212165 461973 1058550 0 725382 20133 1945880 0 12457 0 12457 (radio 1.-77% / 0.63% tx 0.03% / 0.00% listen 1.-81% / 0.63%)
3061141165	ID:13	 391683 P 0.0 50 1266256 98994277 293715 777767 0 665253 28947 1936739 9643 15826 0 12152 (radio 1.-79% / 1.29% tx 0.29% / 0.49% listen 0.34% / 0.80%)
3061392634	ID:11	[HFS] ra=0 si=0 cx=49 ac=0
3061397724	ID:11	[LIST] Neighbors: 15,26,30,22,20,19
3061401360	ID:11	[LIST] Quarantine: (none)
3061404869	ID:11	[LIST] Blacklist: (none)
3061411465	ID:11	FUZZRID,DET,22,1117,1117,0,0,0,0,0,0,11,0,0,0
3061415318	ID:20	[HFS] ra=0 si=0 cx=49 ac=0
3061420968	ID:20	[LIST] Neighbors: 26,30,19,6,12,5,22,11
3061424605	ID:20	[LIST] Quarantine: (none)
3061428101	ID:20	[LIST] Blacklist: (none)
3061431577	ID:15	[HFS] ra=0 si=0 cx=49 ac=0
3061434697	ID:20	FUZZRID,DET,22,1117,1117,0,0,0,0,0,0,10,0,0,0
3061437098	ID:15	[LIST] Neighbors: 28,26,22,19,25,11,27
3061440735	ID:15	[LIST] Quarantine: (none)
3061444232	ID:15	[LIST] Blacklist: (none)
3061450709	ID:15	FUZZRID,DET,22,1117,1117,0,0,0,0,0,0,8,0,0,0
3061739740	ID:13	[HFS] ra=0 si=0 cx=49 ac=0
3061743123	ID:13	[LIST] Neighbors: 24,18
3061746760	ID:13	[LIST] Quarantine: (none)
3061750257	ID:13	[LIST] Blacklist: (none)
3061756708	ID:13	FUZZRID,DET,18,1649,1649,0,0,0,0,0,0,0,0,0,0
3069185466	ID:17	[HFS] ra=0 si=0 cx=49 ac=0
3069191409	ID:17	[LIST] Neighbors: 26,19,16,10,24,29,25,30
3069195049	ID:17	[LIST] Quarantine: (none)
3069198546	ID:17	[LIST] Blacklist: (none)
3069205000	ID:17	FUZZRID,DET,10,1058,1058,0,0,0,0,0,0,6,0,0,0
3077394169	ID:9	[HFS] ra=0 si=0 cx=49 ac=0
3077399378	ID:9	[LIST] Neighbors: 4,25,29,10,7,23,14
3077403047	ID:9	[LIST] Quarantine: (none)
3077406544	ID:9	[LIST] Blacklist: (none)
3077412999	ID:9	FUZZRID,DET,23,1378,1378,0,0,0,0,0,0,7,0,0,0
3077557898	ID:15	[HFS] ra=0 si=0 cx=49 ac=0
3077563413	ID:15	[LIST] Neighbors: 28,26,22,19,25,11,27
3077567052	ID:15	[LIST] Quarantine: (none)
3077570549	ID:15	[LIST] Blacklist: (none)
3077577007	ID:15	FUZZRID,DET,22,1117,1117,0,0,0,0,0,0,9,0,0,0
3077642684	ID:11	[HFS] ra=0 si=0 cx=49 ac=0
3077647774	ID:11	[LIST] Neighbors: 15,26,30,22,20,19
3077651411	ID:11	[LIST] Quarantine: (none)
3077654908	ID:11	[LIST] Blacklist: (none)
3077661504	ID:11	FUZZRID,DET,22,1117,1117,0,0,0,0,0,0,11,0,0,0
3077665370	ID:20	[HFS] ra=0 si=0 cx=49 ac=0
3077671020	ID:20	[LIST] Neighbors: 26,30,19,6,12,5,22,11
3077674657	ID:20	[LIST] Quarantine: (none)
3077678153	ID:20	[LIST] Blacklist: (none)
3077684767	ID:20	FUZZRID,DET,22,1117,1117,0,0,0,0,0,0,10,0,0,0
3084929015	ID:31	[ATK-FAKE-RANK]  true_rank=768 fake_rank=1408 t=11720s
3088014426	ID:6	[HFS] ra=0 si=0 cx=49 ac=0
3088020076	ID:6	[LIST] Neighbors: 19,17,20,16,30,2,12,5
3088023713	ID:6	[LIST] Quarantine: (none)
3088027209	ID:6	[LIST] Blacklist: (none)
3088033697	ID:6	FUZZRID,DET,12,1338,1338,0,0,0,0,0,0,1,0,0,0
3088235102	ID:5	[HFS] ra=0 si=0 cx=49 ac=0
3088239933	ID:5	[LIST] Neighbors: 19,20,30,6,2,12
3088243570	ID:5	[LIST] Quarantine: (none)
3088247067	ID:5	[LIST] Blacklist: (none)
3088253384	ID:5	FUZZRID,DET,6,1072,1072,0,0,0,0,0,0,6,0,0,0
3088408479	ID:19	[HFS] ra=0 si=0 cx=49 ac=0
3088414275	ID:19	[LIST] Neighbors: 15,26,17,30,20,5,25,16
3088416902	ID:16	[HFS] ra=0 si=0 cx=49 ac=0
3088417912	ID:19	[LIST] Quarantine: (none)
3088421409	ID:19	[LIST] Blacklist: (none)
3088422552	ID:16	[LIST] Neighbors: 19,17,30,24,29,25,2,8
3088426202	ID:16	[LIST] Quarantine: (none)
3088427641	ID:19	FUZZRID,DET,25,865,865,0,0,0,0,0,0,15,0,0,0
3088429699	ID:16	[LIST] Blacklist: (none)
3088433102	ID:10	[HFS] ra=0 si=0 cx=49 ac=0
3088433530	ID:15	[HFS] ra=0 si=0 cx=49 ac=0
3088434252	ID:17	[HFS] ra=0 si=0 cx=49 ac=0
3088435792	ID:16	FUZZRID,DET,25,865,865,0,0,0,0,0,0,4,0,0,0
3088438899	ID:10	[LIST] Neighbors: 19,25,17,16,9,24,29,30
3088439055	ID:15	[LIST] Neighbors: 28,26,22,19,25,11,27
3088440194	ID:17	[LIST] Neighbors: 26,19,16,10,24,29,25,30
3088442546	ID:10	[LIST] Quarantine: (none)
3088442692	ID:15	[LIST] Quarantine: (none)
3088443831	ID:17	[LIST] Quarantine: (none)
3088446042	ID:10	[LIST] Blacklist: (none)
3088446189	ID:15	[LIST] Blacklist: (none)
3088447328	ID:17	[LIST] Blacklist: (none)
3088452166	ID:10	FUZZRID,DET,25,865,865,0,0,0,0,0,0,4,0,0,0
3088452282	ID:15	FUZZRID,DET,25,865,865,0,0,0,0,0,0,0,0,0,0
3088453427	ID:17	FUZZRID,DET,25,865,865,0,0,0,0,0,0,1,0,0,0
3089376098	ID:12	[HFS] ra=0 si=0 cx=49 ac=0
3089380323	ID:12	[LIST] Neighbors: 20,5,30,6,2
3089383959	ID:12	[LIST] Quarantine: (none)
3089387486	ID:12	[LIST] Blacklist: (none)
3089390376	ID:6	[HFS] ra=0 si=0 cx=49 ac=0
3089393941	ID:12	FUZZRID,DET,5,1067,1067,0,0,0,0,0,0,15,0,0,0
3089396026	ID:6	[LIST] Neighbors: 19,17,20,16,30,2,12,5
3089397607	ID:2	[HFS] ra=0 si=0 cx=49 ac=0
3089399663	ID:6	[LIST] Quarantine: (none)
3089402258	ID:2	[LIST] Neighbors: 16,5,30,6,12,8
3089403159	ID:6	[LIST] Blacklist: (none)
3089405895	ID:2	[LIST] Quarantine: (none)
3089409425	ID:2	[LIST] Blacklist: (none)
3089409613	ID:6	FUZZRID,DET,5,1067,1067,0,0,0,0,0,0,13,0,0,0
3089411637	ID:19	[HFS] ra=0 si=0 cx=46 ac=0
3089415741	ID:2	FUZZRID,DET,5,1067,1067,0,0,0,0,0,0,7,0,0,0
3089415938	ID:20	[HFS] ra=0 si=0 cx=49 ac=0
3089417433	ID:19	[LIST] Neighbors: 15,26,17,30,20,5,25,16
3089421070	ID:19	[LIST] Quarantine: (none)
3089421588	ID:20	[LIST] Neighbors: 26,30,19,6,12,5,22,11
3089424567	ID:19	[LIST] Blacklist: (none)
3089425225	ID:20	[LIST] Quarantine: (none)
3089428721	ID:20	[LIST] Blacklist: (none)
3089431021	ID:19	FUZZRID,DET,5,1067,1067,0,0,0,0,0,0,24,0,0,0
3089435042	ID:20	FUZZRID,DET,5,1067,1067,0,0,0,0,0,0,9,0,0,0
3093792831	ID:20	[HFS] ra=0 si=0 cx=49 ac=0
3093798481	ID:20	[LIST] Neighbors: 26,30,19,6,12,5,22,11
3093802118	ID:20	[LIST] Quarantine: (none)
3093805614	ID:20	[LIST] Blacklist: (none)
3093811709	ID:20	FUZZRID,DET,19,777,777,0,0,0,0,0,0,0,0,0,0
3095512691	ID:18	[HFS] ra=0 si=0 cx=49 ac=0
3095516075	ID:18	[LIST] Neighbors: 24,13
3095519712	ID:18	[LIST] Quarantine: (none)
3095523208	ID:18	[LIST] Blacklist: (none)
3095529661	ID:18	FUZZRID,DET,13,1625,1625,0,0,0,0,0,0,2,0,0,0
3102308691	ID:10	[HFS] ra=0 si=0 cx=49 ac=0
3102314487	ID:10	[LIST] Neighbors: 19,25,17,16,9,24,29,30
3102318124	ID:10	[LIST] Quarantine: (none)
3102321620	ID:10	[LIST] Blacklist: (none)
3102328075	ID:10	FUZZRID,DET,24,1386,1386,0,0,0,0,0,0,8,0,0,0
3107559209	ID:17	[HFS] ra=0 si=0 cx=49 ac=0
3107565152	ID:17	[LIST] Neighbors: 26,19,16,10,24,29,25,30
3107568791	ID:17	[LIST] Quarantine: (none)
3107572287	ID:17	[LIST] Blacklist: (none)
3107578381	ID:17	FUZZRID,DET,25,865,865,0,0,0,0,0,0,1,0,0,0
3108018841	ID:11	[HFS] ra=0 si=0 cx=49 ac=0
3108023930	ID:11	[LIST] Neighbors: 15,26,30,22,20,19
3108027567	ID:11	[LIST] Quarantine: (none)
3108031064	ID:11	[LIST] Blacklist: (none)
3108037681	ID:11	FUZZRID,DET,22,1117,1117,0,0,0,0,0,0,10,0,0,0
3108041681	ID:20	[HFS] ra=0 si=0 cx=49 ac=0
3108047331	ID:20	[LIST] Neighbors: 26,30,19,6,12,5,22,11
3108050971	ID:20	[LIST] Quarantine: (none)
3108054468	ID:20	[LIST] Blacklist: (none)
3108057933	ID:15	[HFS] ra=0 si=0 cx=49 ac=0
3108061064	ID:20	FUZZRID,DET,22,1117,1117,0,0,0,0,0,0,10,0,0,0
3108063449	ID:15	[LIST] Neighbors: 28,26,22,19,25,11,27
3108067086	ID:15	[LIST] Quarantine: (none)
3108070583	ID:15	[LIST] Blacklist: (none)
3108077040	ID:15	FUZZRID,DET,22,1117,1117,0,0,0,0,0,0,9,0,0,0
3108097840	ID:30	[ATK-FAKE-RANK]  true_rank=1029 fake_rank=1796 t=11720s
3108137979	ID:6	[HFS] ra=74 si=49 cx=49 ac=82
3108143629	ID:6	[LIST] Neighbors: 19,17,20,16,30,2,12,5
3108147280	ID:6	[LIST] Quarantine: (none)
3108150777	ID:6	[LIST] Blacklist: (none)
3108158637	ID:6	FUZZRID,DET,30,1796,1029,767,0,100,100,20,0,0,0,82,75
3114415842	ID:20	[HFS] ra=0 si=0 cx=49 ac=0
3114421491	ID:20	[LIST] Neighbors: 26,30,19,6,12,5,22,11
3114425132	ID:20	[LIST] Quarantine: (none)
3114428629	ID:20	[LIST] Blacklist: (none)
3114435086	ID:20	FUZZRID,DET,22,1117,1117,0,0,0,0,0,0,9,0,0,0
3116784268	ID:4	[HFS] ra=0 si=0 cx=49 ac=0
3116789345	ID:4	[LIST] Neighbors: 28,9,31,7,3,14,21
3116792991	ID:4	[LIST] Quarantine: (none)
3116796488	ID:4	[LIST] Blacklist: (none)
3116802617	ID:4	FUZZRID,DET,21,512,512,0,0,0,0,0,0,0,0,0,0
3120160423	ID:18	 399363 P 0.0 51 1371369 100854640 339043 824282 0 668995 21960 1944113 3544 14225 0 12047 (radio 1.-71% / 0.90% tx 0.33% / 0.18% listen 0.38% / 0.72%)
3120188344	ID:16	 399363 P 0.0 51 2895466 99335105 673373 1274438 0 949287 38171 1927832 4449 18050 0 15691 (radio 1.-78% / 1.14% tx 0.23% / 0.22% listen 1.-60% / 0.91%)
3120325740	ID:3	 399363 P 0.0 51 1544753 100687011 384750 895165 0 728923 16612 1949387 0 13057 0 13057 (radio 1.-59% / 0.66% tx 0.37% / 0.00% listen 0.03% / 0.66%)
3120349214	ID:23	 399363 P 0.0 51 1457137 100771519 408314 823249 0 659676 26052 1939653 7246 15753 0 12554 (radio 1.-64% / 1.17% tx 0.39% / 0.36% listen 0.38% / 0.80%)
3120374492	ID:25	 399363 P 0.0 51 2842602 99387566 654433 1314543 0 1000816 43219 1922770 8538 16903 0 14171 (radio 1.-76% / 1.29% tx 0.22% / 0.43% listen 1.-98% / 0.85%)
3120416708	ID:11	 399363 P 0.0 51 2322682 99910453 576725 1117467 0 826779 27314 1938752 0 13271 0 12554 (radio 1.-61% / 0.67% tx 0.14% / 0.00% listen 1.-75% / 0.67%)
3120558592	ID:19	 399363 P 0.0 51 4840462 97389517 1554516 1794202 0 891913 44295 1921767 4354 18086 0 15241 (radio 3.-267% / 1.14% tx 1.-74% / 0.22% listen 1.-93% / 0.91%)
3120564769	ID:20	 399363 P 0.0 51 2536384 99693286 528269 1111034 0 861838 40422 1925525 2435 15029 0 13620 (radio 1.-66% / 0.88% tx 0.09% / 0.12% listen 1.-76% / 0.76%)
3120580938	ID:10	 399363 P 0.0 51 2563351 99667283 628843 1330070 0 1053405 53319 1912685 14539 21209 0 13432 (radio 1.-77% / 1.81% tx 0.19% / 0.73% listen 1.-96% / 1.07%)
3120683125	ID:4	 399363 P 0.0 51 2827345 99404061 827637 1147505 0 759186 52547 1913556 14724 19546 0 12333 (radio 1.-75% / 1.74% tx 0.38% / 0.74% listen 1.-72% / 0.99%)
3120716849	ID:8	 399363 P 0.0 51 2009670 100220002 453480 942085 0 742673 23419 1942350 769 13328 0 12747 (radio 1.-90% / 0.71% tx 0.02% / 0.03% listen 0.08% / 0.67%)
3120780561	ID:14	 399363 P 0.0 51 2509431 99719626 760331 1064180 0 706807 26946 1939129 3132 14717 0 13354 (radio 1.-90% / 0.90% tx 0.32% / 0.15% listen 1.-80% / 0.74%)
3120813587	ID:7	 399363 P 0.0 51 2005975 100224530 445228 953464 0 756483 42496 1923573 12525 18807 0 12514 (radio 1.-90% / 1.59% tx 0.01% / 0.63% listen 0.09% / 0.95%)
3120829039	ID:1	 399365 P 0.0 51 3798717 98433696 1520566 100711705 0 0 28622 1937389 5515 1960545 0 0 (radio 15.-1499% / 100.-8739% tx 1.-78% / 0.28% listen 14.-1380% / 99.-8667%)
3120833035	ID:15	 399363 P 0.0 51 4421617 97807450 1298344 1674822 0 786548 41090 1924980 2744 15548 0 12748 (radio 2.-162% / 0.93% tx 1.-100% / 0.13% listen 1.-63% / 0.79%)
3120833936	ID:17	 399363 P 0.0 51 3896702 98333508 1299611 1610861 0 1007820 50308 1915754 8957 19772 0 14795 (radio 2.-168% / 1.46% tx 1.-99% / 0.45% listen 1.-69% / 1.00%)
3120914619	ID:6	 399363 P 0.0 51 2839035 99389489 672753 1274667 0 916696 49660 1916469 9891 18326 0 12944 (radio 1.-78% / 1.43% tx 0.23% / 0.50% listen 1.-60% / 0.93%)
3120921398	ID:2	 399363 P 0.0 51 2034467 100196271 461186 981185 0 776312 22924 1943142 0 13363 0 13342 (radio 1.-85% / 0.67% tx 0.03% / 0.00% listen 0.11% / 0.67%)
3120955423	ID:22	 399363 P 0.0 51 1845681 100382890 441728 930729 0 735663 35334 1930357 9919 12539 0 11991 (radio 1.-92% / 1.14% tx 0.01% / 0.50% listen 0.07% / 0.63%)
3121025444	ID:12	 399363 P 0.0 51 1995533 100232674 526156 950709 0 740571 31822 1934186 6161 15893 0 12630 (radio 1.-82% / 1.12% tx 0.09% / 0.31% listen 0.08% / 0.80%)
3121036896	ID:16	[HFS] ra=0 si=0 cx=49 ac=0
3121041860	ID:9	 399363 P 0.0 51 2589172 99640101 706425 1107173 0 785038 34143 1931858 5390 18046 0 15301 (radio 1.-91% / 1.19% tx 0.27% / 0.27% listen 1.-76% / 0.91%)
3121042579	ID:16	[LIST] Neighbors: 19,17,30,24,29,25,2,8
3121046216	ID:16	[LIST] Quarantine: (none)
3121049712	ID:16	[LIST] Blacklist: (none)
3121056167	ID:16	FUZZRID,DET,17,1059,1059,0,0,0,0,0,0,1,0,0,0
3121084423	ID:24	 399363 P 0.0 51 3105105 99126176 1110474 1214494 0 718593 37379 1928659 8138 16849 0 12765 (radio 2.-183% / 1.27% tx 1.-76% / 0.41% listen 1.-66% / 0.85%)
3121136481	ID:5	 399363 P 0.0 51 2199681 100030279 560762 1049025 0 809776 41777 1924194 10744 16991 0 12406 (radio 1.-69% / 1.41% tx 0.12% / 0.54% listen 1.-82% / 0.86%)
3121137716	ID:21	 399363 P 0.0 51 2081102 100152353 464650 1073029 0 737651 25866 1940188 2677 14479 0 12269 (radio 1.-76% / 0.87% tx 0.03% / 0.13% listen 1.-80% / 0.73%)
3121141406	ID:13	 399363 P 0.0 51 1289648 100936668 298346 792095 0 677184 23391 1942391 4631 14328 0 11931 (radio 1.-78% / 0.96% tx 0.29% / 0.23% listen 0.35% / 0.72%)
3129955625	ID:1	[HFS] ra=0 si=0 cx=49 ac=0
3129959862	ID:1	[LIST] Neighbors: 21,27,28,15
3129963535	ID:1	[LIST] Quarantine: (none)
3129967032	ID:1	[LIST] Blacklist: (none)
3129973126	ID:1	FUZZRID,DET,21,512,512,0,0,0,0,0,0,0,0,0,0
3130030334	ID:4	[HFS] ra=0 si=0 cx=49 ac=0
3130035411	ID:4	[LIST] Neighbors: 28,9,31,7,3,14,21
3130039048	ID:4	[LIST] Quarantine: (none)
3130042572	ID:4	[LIST] Blacklist: (none)
3130048665	ID:4	FUZZRID,DET,21,512,512,0,0,0,0,0,0,0,0,0,0
3136406928	ID:4	[HFS] ra=0 si=0 cx=49 ac=0
3136412039	ID:4	[LIST] Neighbors: 28,9,31,7,3,14,21
3136415676	ID:4	[LIST] Quarantine: (none)
3136419173	ID:4	[LIST] Blacklist: (none)
3136425524	ID:4	FUZZRID,DET,3,1115,1115,0,0,0,0,0,0,3,0,0,0
3138352307	ID:25	[HFS] ra=0 si=0 cx=49 ac=0
3138358103	ID:25	[LIST] Neighbors: 15,26,17,10,30,9,16,29
3138361740	ID:25	[LIST] Quarantine: (none)
3138365236	ID:25	[LIST] Blacklist: (none)
3138371691	ID:25	FUZZRID,DET,10,1052,1052,0,0,0,0,0,0,6,0,0,0
3139636093	ID:18	[HFS] ra=0 si=0 cx=49 ac=0
3139639477	ID:18	[LIST] Neighbors: 24,13
3139643114	ID:18	[LIST] Quarantine: (none)
3139646619	ID:18	[LIST] Blacklist: (none)
3139653071	ID:18	FUZZRID,DET,13,1625,1625,0,0,0,0,0,0,2,0,0,0
3139684082	ID:24	[HFS] ra=0 si=0 cx=49 ac=0
3139689057	ID:24	[LIST] Neighbors: 17,16,18,10,13,8
3139692694	ID:24	[LIST] Quarantine: (none)
3139696191	ID:24	[LIST] Blacklist: (none)
3139702682	ID:24	FUZZRID,DET,13,1625,1625,0,0,0,0,0,0,4,0,0,0
3143018415	ID:29	[ATK-FAKE-RANK]  true_rank=1348 fake_rank=2351 t=11720s
3143165172	ID:16	[HFS] ra=74 si=49 cx=49 ac=82
3143170822	ID:16	[LIST] Neighbors: 19,17,30,24,29,25,2,8
3143174459	ID:16	[LIST] Quarantine: (none)
3143177956	ID:16	[LIST] Blacklist: (none)
3143185965	ID:16	FUZZRID,DET,29,2351,1348,1003,0,100,100,42,0,7,0,82,75
3146383097	ID:28	[ATK-FAKE-RANK]  true_rank=512 fake_rank=1192 t=11720s
3146404850	ID:1	[HFS] ra=74 si=49 cx=49 ac=82
3146409087	ID:1	[LIST] Neighbors: 21,27,28,15
3146412724	ID:1	[LIST] Quarantine: (none)
3146416236	ID:1	[LIST] Blacklist: (none)
3146423907	ID:1	FUZZRID,DET,28,1192,512,680,0,100,100,72,0,0,0,82,75
3146435182	ID:15	[HFS] ra=74 si=49 cx=49 ac=82
3146440698	ID:15	[LIST] Neighbors: 28,26,22,19,25,11,27
3146444335	ID:15	[LIST] Quarantine: (none)
3146447832	ID:15	[LIST] Blacklist: (none)
3146455478	ID:15	FUZZRID,DET,28,1192,512,680,0,100,100,15,0,0,0,82,75
3151846073	ID:27	[ATK-FAKE-RANK]  true_rank=516 fake_rank=1112 t=11720s
3151935669	ID:15	[HFS] ra=74 si=49 cx=49 ac=82
3151941185	ID:15	[LIST] Neighbors: 28,26,22,19,25,11,27
3151944850	ID:15	[LIST] Quarantine: (none)
3151948347	ID:15	[LIST] Blacklist: (none)
3151955994	ID:15	FUZZRID,DET,27,1112,516,596,0,100,100,17,0,0,0,82,75
3155396243	ID:2	[HFS] ra=0 si=0 cx=49 ac=0
3155400928	ID:2	[LIST] Neighbors: 16,5,30,6,12,8
3155404565	ID:2	[LIST] Quarantine: (none)
3155408062	ID:2	[LIST] Blacklist: (none)
3155414377	ID:2	FUZZRID,DET,6,1062,1062,0,0,0,0,0,0,1,0,0,0
3155418042	ID:20	[HFS] ra=0 si=0 cx=49 ac=0
3155423692	ID:20	[LIST] Neighbors: 26,30,19,6,12,5,22,11
3155427329	ID:20	[LIST] Quarantine: (none)
3155430825	ID:20	[LIST] Blacklist: (none)
3155437161	ID:20	FUZZRID,DET,6,1062,1062,0,0,0,0,0,0,0,0,0,0
3155443250	ID:8	[HFS] ra=0 si=0 cx=49 ac=0
3155448047	ID:8	[LIST] Neighbors: 17,16,30,6,2,24
3155451683	ID:8	[LIST] Quarantine: (none)
3155455192	ID:8	[LIST] Blacklist: (none)
3155461508	ID:8	FUZZRID,DET,6,1062,1062,0,0,0,0,0,0,2,0,0,0
3155485571	ID:5	[HFS] ra=0 si=0 cx=49 ac=0
3155490368	ID:5	[LIST] Neighbors: 19,20,30,6,2,12
3155494005	ID:5	[LIST] Quarantine: (none)
3155497530	ID:5	[LIST] Blacklist: (none)
3155502919	ID:12	[HFS] ra=0 si=0 cx=49 ac=0
3155503845	ID:5	FUZZRID,DET,6,1062,1062,0,0,0,0,0,0,6,0,0,0
3155507144	ID:12	[LIST] Neighbors: 20,5,30,6,2
3155510808	ID:12	[LIST] Quarantine: (none)
3155514305	ID:12	[LIST] Blacklist: (none)
3155520621	ID:12	FUZZRID,DET,6,1062,1062,0,0,0,0,0,0,3,0,0,0
3157311030	ID:24	[HFS] ra=0 si=0 cx=49 ac=0
3157315972	ID:24	[LIST] Neighbors: 17,16,18,10,13,8
3157319609	ID:24	[LIST] Quarantine: (none)
3157323106	ID:24	[LIST] Blacklist: (none)
3157329558	ID:24	FUZZRID,DET,18,1649,1649,0,0,0,0,0,0,0,0,0,0
3158024755	ID:28	[ATK-FAKE-RANK]  true_rank=512 fake_rank=1212 t=11720s
3159538188	ID:16	[HFS] ra=0 si=0 cx=49 ac=0
3159543865	ID:16	[LIST] Neighbors: 19,17,30,24,29,25,2,8
3159547502	ID:16	[LIST] Quarantine: (none)
3159550998	ID:16	[LIST] Blacklist: (none)
3159555498	ID:10	[HFS] ra=0 si=0 cx=49 ac=0
3159557476	ID:16	FUZZRID,DET,24,1386,1386,0,0,0,0,0,0,5,0,0,0
3159559944	ID:17	[HFS] ra=0 si=0 cx=49 ac=0
3159561294	ID:10	[LIST] Neighbors: 19,25,17,16,9,24,29,30
3159564930	ID:10	[LIST] Quarantine: (none)
3159565886	ID:17	[LIST] Neighbors: 26,19,16,10,24,29,25,30
3159568427	ID:10	[LIST] Blacklist: (none)
3159568534	ID:8	[HFS] ra=0 si=0 cx=49 ac=0
3159569523	ID:17	[LIST] Quarantine: (none)
3159573020	ID:17	[LIST] Blacklist: (none)
3159573331	ID:8	[LIST] Neighbors: 17,16,30,6,2,24
3159574882	ID:10	FUZZRID,DET,24,1386,1386,0,0,0,0,0,0,8,0,0,0
3159576975	ID:8	[LIST] Quarantine: (none)
3159579619	ID:17	FUZZRID,DET,24,1386,1386,0,0,0,0,0,0,11,0,0,0
3159580472	ID:8	[LIST] Blacklist: (none)
3159586926	ID:8	FUZZRID,DET,24,1386,1386,0,0,0,0,0,0,4,0,0,0
3159618425	ID:13	[HFS] ra=0 si=0 cx=49 ac=0
3159621809	ID:13	[LIST] Neighbors: 24,18
3159625446	ID:13	[LIST] Quarantine: (none)
3159628942	ID:13	[LIST] Blacklist: (none)
3159635400	ID:13	FUZZRID,DET,24,1386,1386,0,0,0,0,0,0,4,0,0,0
3159635520	ID:18	[HFS] ra=0 si=0 cx=49 ac=0
3159638904	ID:18	[LIST] Neighbors: 24,13
3159642541	ID:18	[LIST] Quarantine: (none)
3159646060	ID:18	[LIST] Blacklist: (none)
3159652514	ID:18	FUZZRID,DET,24,1386,1386,0,0,0,0,0,0,7,0,0,0
3161787343	ID:7	[HFS] ra=0 si=0 cx=49 ac=0
3161791734	ID:7	[LIST] Neighbors: 4,23,29,9,14
3161795370	ID:7	[LIST] Quarantine: (none)
3161798868	ID:7	[LIST] Blacklist: (none)
3161805323	ID:7	FUZZRID,DET,23,1378,1378,0,0,0,0,0,0,3,0,0,0
3165775101	ID:2	[HFS] ra=0 si=0 cx=49 ac=0
3165779752	ID:2	[LIST] Neighbors: 16,5,30,6,12,8
3165783388	ID:2	[LIST] Quarantine: (none)
3165786885	ID:2	[LIST] Blacklist: (none)
3165793239	ID:2	FUZZRID,DET,8,1332,1332,0,0,0,0,0,0,0,0,0,0
3170019116	ID:11	[HFS] ra=0 si=0 cx=49 ac=0
3170024209	ID:11	[LIST] Neighbors: 15,26,30,22,20,19
3170027846	ID:11	[LIST] Quarantine: (none)
3170031343	ID:11	[LIST] Blacklist: (none)
3170037822	ID:11	FUZZRID,DET,22,1117,1117,0,0,0,0,0,0,9,0,0,0
3170041900	ID:20	[HFS] ra=0 si=0 cx=49 ac=0
3170047550	ID:20	[LIST] Neighbors: 26,30,19,6,12,5,22,11
3170051187	ID:20	[LIST] Quarantine: (none)
3170054683	ID:20	[LIST] Blacklist: (none)
3170058548	ID:15	[HFS] ra=0 si=0 cx=49 ac=0
3170061141	ID:20	FUZZRID,DET,22,1117,1117,0,0,0,0,0,0,4,0,0,0
3170064063	ID:15	[LIST] Neighbors: 28,26,22,19,25,11,27
3170067700	ID:15	[LIST] Quarantine: (none)
3170071197	ID:15	[LIST] Blacklist: (none)
3170077663	ID:15	FUZZRID,DET,22,1117,1117,0,0,0,0,0,0,5,0,0,0
3173235751	ID:5	[HFS] ra=0 si=0 cx=49 ac=0
3173240548	ID:5	[LIST] Neighbors: 19,20,30,6,2,12
3173244185	ID:5	[LIST] Quarantine: (none)
3173247682	ID:5	[LIST] Blacklist: (none)
3173253943	ID:5	FUZZRID,DET,19,783,783,0,0,0,0,0,0,12,0,0,0
3173261669	ID:6	[HFS] ra=0 si=0 cx=49 ac=0
3173267320	ID:6	[LIST] Neighbors: 19,17,20,16,30,2,12,5
3173270957	ID:6	[LIST] Quarantine: (none)
3173274454	ID:6	[LIST] Blacklist: (none)
3173280550	ID:6	FUZZRID,DET,19,783,783,0,0,0,0,0,0,5,0,0,0
3173287408	ID:16	[HFS] ra=0 si=0 cx=49 ac=0
3173293057	ID:16	[LIST] Neighbors: 19,17,30,24,29,25,2,8
3173296694	ID:16	[LIST] Quarantine: (none)
3173300223	ID:16	[LIST] Blacklist: (none)
3173304152	ID:10	[HFS] ra=0 si=0 cx=49 ac=0
3173306318	ID:16	FUZZRID,DET,19,783,783,0,0,0,0,0,0,4,0,0,0
3173308986	ID:17	[HFS] ra=0 si=0 cx=49 ac=0
3173309325	ID:15	[HFS] ra=0 si=0 cx=49 ac=0
3173309982	ID:10	[LIST] Neighbors: 19,25,17,16,9,24,29,30
3173313619	ID:10	[LIST] Quarantine: (none)
3173314840	ID:15	[LIST] Neighbors: 28,26,22,19,25,11,27
3173314962	ID:17	[LIST] Neighbors: 26,19,16,10,24,29,25,30
3173317126	ID:10	[LIST] Blacklist: (none)
3173318477	ID:15	[LIST] Quarantine: (none)
3173318599	ID:17	[LIST] Quarantine: (none)
3173321974	ID:15	[LIST] Blacklist: (none)
3173322096	ID:17	[LIST] Blacklist: (none)
3173323222	ID:10	FUZZRID,DET,19,783,783,0,0,0,0,0,0,6,0,0,0
3173328103	ID:15	FUZZRID,DET,19,783,783,0,0,0,0,0,0,0,0,0,0
3173328191	ID:17	FUZZRID,DET,19,783,783,0,0,0,0,0,0,4,0,0,0
3177878420	ID:12	[HFS] ra=0 si=0 cx=49 ac=0
3177882644	ID:12	[LIST] Neighbors: 20,5,30,6,2
3177886281	ID:12	[LIST] Quarantine: (none)
3177889778	ID:12	[LIST] Blacklist: (none)
3177896093	ID:12	FUZZRID,DET,2,1335,1335,0,0,0,0,0,0,2,0,0,0
3178487815	ID:5	[HFS] ra=0 si=0 cx=49 ac=0
3178492612	ID:5	[LIST] Neighbors: 19,20,30,6,2,12
3178496271	ID:5	[LIST] Quarantine: (none)
3178499768	ID:5	[LIST] Blacklist: (none)
3178506221	ID:5	FUZZRID,DET,12,1323,1323,0,0,0,0,0,0,4,0,0,0
3178514054	ID:6	[HFS] ra=0 si=0 cx=49 ac=0
3178519704	ID:6	[LIST] Neighbors: 19,17,20,16,30,2,12,5
3178521690	ID:2	[HFS] ra=0 si=0 cx=49 ac=0
3178523340	ID:6	[LIST] Quarantine: (none)
3178526369	ID:2	[LIST] Neighbors: 16,5,30,6,12,8
3178526837	ID:6	[LIST] Blacklist: (none)
3178530006	ID:2	[LIST] Quarantine: (none)
3178533290	ID:6	FUZZRID,DET,12,1323,1323,0,0,0,0,0,0,1,0,0,0
3178533502	ID:2	[LIST] Blacklist: (none)
3178539956	ID:2	FUZZRID,DET,12,1323,1323,0,0,0,0,0,0,2,0,0,0
3178785291	ID:19	[HFS] ra=0 si=0 cx=49 ac=0
3178791087	ID:19	[LIST] Neighbors: 15,26,17,30,20,5,25,16
3178794731	ID:19	[LIST] Quarantine: (none)
3178798227	ID:19	[LIST] Blacklist: (none)
3178804856	ID:19	FUZZRID,DET,20,1105,1105,0,0,0,0,0,0,15,0,0,0
3180160409	ID:18	 407043 P 0.0 52 1390420 102801665 340420 837046 0 681259 19050 1947025 1377 12764 0 12264 (radio 1.-70% / 0.71% tx 0.32% / 0.07% listen 0.39% / 0.64%)
3180188800	ID:16	 407043 P 0.0 52 2941531 101255006 677626 1292597 0 963541 46064 1919901 4253 18159 0 14254 (radio 1.-76% / 1.13% tx 0.23% / 0.21% listen 1.-100% / 0.92%)
3180326784	ID:3	 407043 P 0.0 52 1565372 102632392 387107 909259 0 742048 20617 1945381 2357 14094 0 13125 (radio 1.-100% / 0.83% tx 0.37% / 0.11% listen 0.04% / 0.71%)
3180348914	ID:23	 407043 P 0.0 52 1472876 102721495 408842 835014 0 671196 15738 1949976 528 11765 0 11520 (radio 1.-64% / 0.62% tx 0.39% / 0.02% listen 0.38% / 0.59%)
3180374808	ID:25	 407043 P 0.0 52 2883446 101312645 660084 1331187 0 1014917 40843 1925079 5651 16644 0 14101 (radio 1.-74% / 1.13% tx 0.22% / 0.28% listen 1.-96% / 0.84%)
3180417847	ID:11	 407043 P 0.0 52 2352228 101846961 579874 1132290 0 840387 29544 1936508 3149 14823 0 13608 (radio 1.-60% / 0.91% tx 0.14% / 0.16% listen 1.-74% / 0.75%)
3180558878	ID:19	 407043 P 0.0 52 4899410 99296629 1565542 1814780 0 906097 58947 1907112 11026 20578 0 14184 (radio 3.-265% / 1.60% tx 1.-74% / 0.56% listen 1.-91% / 1.04%)
3180565342	ID:20	 407043 P 0.0 52 2583551 101612132 539636 1127717 0 874363 47166 1918846 11367 16683 0 12525 (radio 1.-64% / 1.42% tx 0.10% / 0.57% listen 1.-75% / 0.84%)
3180580962	ID:10	 407043 P 0.0 52 2595860 101600725 630898 1347026 0 1069110 32508 1933442 2055 16956 0 15705 (radio 1.-76% / 0.96% tx 0.19% / 0.10% listen 1.-95% / 0.86%)
3180681383	ID:4	 407043 P 0.0 52 2882204 101315189 843977 1167814 0 771528 54858 1911128 16340 20309 0 12342 (radio 1.-72% / 1.86% tx 0.39% / 0.83% listen 1.-71% / 1.03%)
3180717458	ID:8	 407043 P 0.0 52 2054382 102140998 465798 960517 0 755428 44710 1920996 12318 18432 0 12755 (radio 1.-87% / 1.56% tx 0.03% / 0.62% listen 0.09% / 0.93%)
3180780832	ID:14	 407043 P 0.0 52 2534114 101661021 761871 1078179 0 719928 24682 1941395 1540 13999 0 13121 (radio 1.-89% / 0.79% tx 0.31% / 0.07% listen 1.-79% / 0.71%)
3180812478	ID:7	 407043 P 0.0 52 2028774 102167809 445228 966798 0 769616 22797 1943279 0 13334 0 13133 (radio 1.-89% / 0.67% tx 0.01% / 0.00% listen 0.10% / 0.67%)
3180829355	ID:1	 407045 P 0.0 52 3832261 100366152 1526081 102672252 0 0 33542 1932456 5515 1960546 0 0 (radio 17.-1676% / 100.-8739% tx 1.-78% / 0.28% listen 16.-1598% / 99.-8667%)
3180832872	ID:15	 407043 P 0.0 52 4476693 99718428 1305126 1694455 0 798924 55074 1910978 6782 19633 0 12376 (radio 2.-160% / 1.34% tx 1.-99% / 0.34% listen 1.-62% / 0.99%)
3180834486	ID:17	 407043 P 0.0 52 3956792 100239326 1315904 1633941 0 1023488 60088 1905818 16293 23080 0 15668 (radio 2.-165% / 2.00% tx 1.-98% / 0.82% listen 1.-67% / 1.17%)
3180912821	ID:6	 407043 P 0.0 52 2887845 101306612 682791 1293804 0 931821 48808 1917123 10038 19137 0 15125 (radio 1.-76% / 1.48% tx 0.24% / 0.51% listen 1.-100% / 0.97%)
3180922524	ID:2	 407043 P 0.0 52 2077831 102118971 472662 998415 0 788669 43362 1922700 11476 17230 0 12357 (radio 1.-83% / 1.46% tx 0.04% / 0.58% listen 0.13% / 0.87%)
3180955421	ID:22	 407043 P 0.0 52 1870339 102323920 444755 943214 0 748076 24657 1941030 3027 12485 0 12413 (radio 1.-91% / 0.78% tx 0.01% / 0.15% listen 0.08% / 0.63%)
3181025443	ID:12	 407043 P 0.0 52 2022585 102171601 529182 964160 0 753644 27051 1938927 3026 13451 0 13073 (radio 1.-81% / 0.83% tx 0.09% / 0.15% listen 0.10% / 0.68%)
3181041284	ID:9	 407043 P 0.0 52 2612921 101582060 706425 1120433 0 798298 23747 1941959 0 13260 0 13260 (radio 1.-90% / 0.67% tx 0.26% / 0.00% listen 1.-75% / 0.67%)
3181084794	ID:24	 407043 P 0.0 52 3143250 101054057 1118178 1229510 0 731281 38144 1927881 7704 15016 0 12688 (radio 2.-181% / 1.15% tx 1.-76% / 0.39% listen 1.-65% / 0.76%)
3181135353	ID:5	 407043 P 0.0 52 2225482 101970413 560762 1063017 0 823713 25800 1940134 0 13992 0 13937 (radio 1.-68% / 0.71% tx 0.12% / 0.00% listen 1.-81% / 0.71%)
3181137716	ID:21	 407043 P 0.0 52 2111614 102087860 470146 1087700 0 749982 30511 1935507 5496 14671 0 12331 (radio 1.-75% / 1.02% tx 0.03% / 0.27% listen 1.-79% / 0.74%)
3181141400	ID:13	 407043 P 0.0 52 1310600 102881600 301531 804461 0 689304 20951 1944932 3185 12366 0 12120 (radio 1.-77% / 0.79% tx 0.28% / 0.16% listen 0.35% / 0.62%)
3182036796	ID:7	[HFS] ra=0 si=0 cx=49 ac=0
3182041164	ID:7	[LIST] Neighbors: 4,23,29,9,14
3182044801	ID:7	[LIST] Quarantine: (none)
3182048298	ID:7	[LIST] Blacklist: (none)
3182054616	ID:7	FUZZRID,DET,9,1116,1116,0,0,0,0,0,0,5,0,0,0
3184513549	ID:6	[HFS] ra=0 si=0 cx=49 ac=0
3184519198	ID:6	[LIST] Neighbors: 19,17,20,16,30,2,12,5
3184522840	ID:6	[LIST] Quarantine: (none)
3184526336	ID:6	[LIST] Blacklist: (none)
3184532790	ID:6	FUZZRID,DET,16,1053,1053,0,0,0,0,0,0,3,0,0,0
3184568497	ID:26	[ATK-FAKE-RANK]  true_rank=825 fake_rank=1549 t=11720s
3206891310	ID:11	[HFS] ra=0 si=0 cx=49 ac=0
3206896433	ID:11	[LIST] Neighbors: 15,26,30,22,20,19
3206900070	ID:11	[LIST] Quarantine: (none)
3206903567	ID:11	[LIST] Blacklist: (none)
3206910028	ID:11	FUZZRID,DET,22,1117,1117,0,0,0,0,0,0,9,0,0,0
3216163436	ID:31	[ATK-FAKE-RANK]  true_rank=768 fake_rank=1428 t=11720s
3216300234	ID:3	[HFS] ra=74 si=49 cx=49 ac=82
3216303933	ID:3	[LIST] Neighbors: 31,4,14
3216307570	ID:3	[LIST] Quarantine: (none)
3216311066	ID:3	[LIST] Blacklist: (none)
3216318713	ID:3	FUZZRID,DET,31,1428,768,660,0,100,100,20,0,1,0,82,75
3221878744	ID:14	[HFS] ra=0 si=0 cx=49 ac=0
3221882822	ID:14	[LIST] Neighbors: 31,4,7,9,3
3221886459	ID:14	[LIST] Quarantine: (none)
3221889956	ID:14	[LIST] Blacklist: (none)
3221896273	ID:14	FUZZRID,DET,3,1102,1102,0,0,0,0,0,0,3,0,0,0
3223756290	ID:14	[HFS] ra=0 si=0 cx=49 ac=0
3223760368	ID:14	[LIST] Neighbors: 31,4,7,9,3
3223764004	ID:14	[LIST] Quarantine: (none)
3223767501	ID:14	[LIST] Blacklist: (none)
3223773816	ID:14	FUZZRID,DET,7,1066,1066,0,0,0,0,0,0,0,0,0,0
3225017635	ID:29	[ATK-FAKE-RANK]  true_rank=1348 fake_rank=2371 t=11720s
3225143113	ID:9	[HFS] ra=74 si=49 cx=49 ac=82
3225148346	ID:9	[LIST] Neighbors: 4,25,29,10,7,23,14
3225151983	ID:9	[LIST] Quarantine: (none)
3225155480	ID:9	[LIST] Blacklist: (none)
3225163666	ID:9	FUZZRID,DET,29,2371,1348,1023,0,100,100,21,0,11,0,82,75
3228184224	ID:17	[HFS] ra=0 si=0 cx=49 ac=0
3228190167	ID:17	[LIST] Neighbors: 26,19,16,10,24,29,25,30
3228193803	ID:17	[LIST] Quarantine: (none)
3228197300	ID:17	[LIST] Blacklist: (none)
3228203421	ID:17	FUZZRID,DET,19,774,774,0,0,0,0,0,0,4,0,0,0
3240160148	ID:18	 414723 P 0.0 53 1405958 104751829 340745 848962 0 692956 15537 1950164 325 11916 0 11697 (radio 1.-69% / 0.62% tx 0.32% / 0.01% listen 0.39% / 0.60%)
3240188615	ID:16	 414723 P 0.0 53 2982426 103180035 684396 1309325 0 977213 40893 1925029 6770 16728 0 13672 (radio 1.-75% / 1.19% tx 0.24% / 0.34% listen 1.-99% / 0.85%)
3240326301	ID:3	 414723 P 0.0 53 1583958 104579764 387530 921686 0 754075 18585 1947372 423 12427 0 12027 (radio 1.-99% / 0.65% tx 0.36% / 0.02% listen 0.05% / 0.63%)
3240348338	ID:23	 414723 P 0.0 53 1487493 104672953 408842 848002 0 684184 14616 1951458 0 12988 0 12988 (radio 1.-63% / 0.66% tx 0.38% / 0.00% listen 0.39% / 0.66%)
3240374778	ID:25	 414723 P 0.0 53 2919011 103243014 663356 1348273 0 1030367 35564 1930369 3272 17086 0 15450 (radio 1.-73% / 1.03% tx 0.22% / 0.16% listen 1.-95% / 0.86%)
3240417841	ID:11	 414723 P 0.0 53 2384387 103780833 584547 1147621 0 853721 32158 1933872 4673 15331 0 13334 (radio 1.-99% / 1.01% tx 0.14% / 0.23% listen 1.-73% / 0.77%)
3240558944	ID:19	 414723 P 0.0 53 4940656 101221451 1571447 1832084 0 920638 41245 1924822 5905 17304 0 14541 (radio 3.-263% / 1.18% tx 1.-74% / 0.30% listen 1.-90% / 0.88%)
3240565067	ID:20	 414723 P 0.0 53 2614945 103546784 542226 1142836 0 888172 31393 1934652 2590 15119 0 13809 (radio 1.-63% / 0.90% tx 0.10% / 0.13% listen 1.-74% / 0.76%)
3240566321	ID:8	[HFS] ra=0 si=0 cx=49 ac=0
3240571142	ID:8	[LIST] Neighbors: 17,16,30,6,2,24
3240574779	ID:8	[LIST] Quarantine: (none)
3240578276	ID:8	[LIST] Blacklist: (none)
3240580120	ID:10	 414723 P 0.0 53 2621428 103541161 630898 1361291 0 1083375 25567 1940436 0 14265 0 14265 (radio 1.-75% / 0.72% tx 0.18% / 0.00% listen 1.-94% / 0.72%)
3240584730	ID:8	FUZZRID,DET,17,1069,1069,0,0,0,0,0,0,3,0,0,0
3240681103	ID:4	 414723 P 0.0 53 2913801 103249658 847206 1182311 0 784283 31595 1934469 3229 14497 0 12755 (radio 1.-71% / 0.90% tx 0.39% / 0.16% listen 1.-70% / 0.73%)
3240716303	ID:8	 414723 P 0.0 53 2077275 104083771 465798 973292 0 768006 22892 1942773 0 12775 0 12578 (radio 1.-86% / 0.64% tx 0.03% / 0.00% listen 0.10% / 0.64%)
3240780832	ID:14	 414723 P 0.0 53 2562655 103598558 764612 1092225 0 732514 28539 1937537 2741 14046 0 12586 (radio 1.-87% / 0.85% tx 0.31% / 0.13% listen 1.-79% / 0.71%)
3240813315	ID:7	 414723 P 0.0 53 2063417 104099240 452492 982173 0 781623 34641 1931431 7264 15375 0 12007 (radio 1.-87% / 1.15% tx 0.02% / 0.36% listen 0.11% / 0.78%)
3240828695	ID:1	 414725 P 0.0 53 3851890 102312517 1526081 104638332 0 0 19627 1946365 0 1966078 0 0 (radio 19.-1893% / 100.-8739% tx 1.-78% / 0.00% listen 17.-1675% / 100.-8739%)
3240833213	ID:15	 414723 P 0.0 53 4515735 101645386 1310603 1710116 0 811343 39040 1926958 5477 15661 0 12419 (radio 2.-199% / 1.07% tx 1.-98% / 0.27% listen 1.-61% / 0.79%)
3240838818	ID:17	 414723 P 0.0 53 4004456 102157815 1324992 1651971 0 1037132 47663 1918489 9088 18030 0 13644 (radio 2.-163% / 1.37% tx 1.-97% / 0.46% listen 1.-66% / 0.91%)
3240912350	ID:6	 414723 P 0.0 53 2930236 103229998 690009 1310831 0 944709 42390 1923386 7218 17027 0 12888 (radio 1.-74% / 1.23% tx 0.24% / 0.36% listen 1.-98% / 0.86%)
3240922507	ID:2	 414723 P 0.0 53 2107311 104055533 477072 1013185 0 801078 29479 1936562 4410 14770 0 12409 (radio 1.-81% / 0.97% tx 0.04% / 0.22% listen 0.14% / 0.75%)
3240955398	ID:22	 414723 P 0.0 53 1892563 104267682 446026 955433 0 759853 22223 1943762 1271 12219 0 11777 (radio 1.-90% / 0.68% tx 0.01% / 0.06% listen 0.09% / 0.62%)
3241025431	ID:12	 414723 P 0.0 53 2048231 104111850 531562 977965 0 765587 25645 1940249 2380 13805 0 11943 (radio 1.-80% / 0.82% tx 0.09% / 0.12% listen 0.11% / 0.70%)
3241042427	ID:9	 414723 P 0.0 53 2657641 103503326 718330 1138127 0 810189 44718 1921266 11905 17694 0 11891 (radio 1.-87% / 1.50% tx 0.27% / 0.60% listen 1.-74% / 0.90%)
3241084757	ID:24	 414723 P 0.0 53 3170964 102992381 1120843 1242810 0 743348 27713 1938324 2665 13300 0 12067 (radio 2.-180% / 0.81% tx 1.-76% / 0.13% listen 1.-64% / 0.67%)
3241135332	ID:5	 414723 P 0.0 53 2247507 103914445 560762 1076258 0 836954 22023 1944032 0 13241 0 13241 (radio 1.-68% / 0.67% tx 0.12% / 0.00% listen 1.-80% / 0.67%)
3241137413	ID:21	 414723 P 0.0 53 2133653 104031896 470389 1100639 0 762194 22037 1944036 243 12939 0 12212 (radio 1.-74% / 0.67% tx 0.03% / 0.01% listen 1.-78% / 0.65%)
3241140540	ID:13	 414723 P 0.0 53 1325261 104832623 301531 816158 0 701001 14659 1951023 0 11697 0 11697 (radio 1.-76% / 0.59% tx 0.28% / 0.00% listen 0.36% / 0.59%)
3247268189	ID:9	[HFS] ra=0 si=0 cx=49 ac=0
3247273399	ID:9	[LIST] Neighbors: 4,25,29,10,7,23,14
3247277068	ID:9	[LIST] Quarantine: (none)
3247280565	ID:9	[LIST] Blacklist: (none)
3247287020	ID:9	FUZZRID,DET,23,1370,1370,0,0,0,0,0,0,6,0,0,0
3247634680	ID:18	[HFS] ra=0 si=0 cx=49 ac=0
3247638064	ID:18	[LIST] Neighbors: 24,13
3247641701	ID:18	[LIST] Quarantine: (none)
3247645220	ID:18	[LIST] Blacklist: (none)
3247651674	ID:18	FUZZRID,DET,13,1693,1693,0,0,0,0,0,0,2,0,0,0
3250392496	ID:11	[HFS] ra=0 si=0 cx=49 ac=0
3250397586	ID:11	[LIST] Neighbors: 15,26,30,22,20,19
3250401223	ID:11	[LIST] Quarantine: (none)
3250404729	ID:11	[LIST] Blacklist: (none)
3250411187	ID:11	FUZZRID,DET,22,1117,1117,0,0,0,0,0,0,8,0,0,0
3250415267	ID:20	[HFS] ra=0 si=0 cx=49 ac=0
3250420917	ID:20	[LIST] Neighbors: 26,30,19,6,12,5,22,11
3250424573	ID:20	[LIST] Quarantine: (none)
3250428070	ID:20	[LIST] Blacklist: (none)
3250434527	ID:20	FUZZRID,DET,22,1117,1117,0,0,0,0,0,0,4,0,0,0
3252365811	ID:13	[HFS] ra=0 si=0 cx=49 ac=0
3252369228	ID:13	[LIST] Neighbors: 24,18
3252372865	ID:13	[LIST] Quarantine: (none)
3252376362	ID:13	[LIST] Blacklist: (none)
3252382815	ID:13	FUZZRID,DET,18,1699,1699,0,0,0,0,0,0,0,0,0,0
3269037628	ID:7	[HFS] ra=0 si=0 cx=49 ac=0
3269042017	ID:7	[LIST] Neighbors: 4,23,29,9,14
3269045654	ID:7	[LIST] Quarantine: (none)
3269049151	ID:7	[LIST] Blacklist: (none)
3269055243	ID:7	FUZZRID,DET,4,828,828,0,0,0,0,0,0,14,0,0,0
3269916443	ID:27	[ATK-FAKE-RANK]  true_rank=539 fake_rank=1132 t=11720s
3270058323	ID:22	[HFS] ra=74 si=49 cx=49 ac=82
3270062987	ID:22	[LIST] Neighbors: 15,26,11,20,27
3270066626	ID:22	[LIST] Quarantine: (none)
3270070122	ID:22	[LIST] Blacklist: (none)
3270077808	ID:22	FUZZRID,DET,27,1132,539,593,0,100,100,10,0,1,0,82,75
3270915587	ID:20	[HFS] ra=0 si=0 cx=49 ac=0
3270921236	ID:20	[LIST] Neighbors: 26,30,19,6,12,5,22,11
3270922688	ID:29	[ATK-FAKE-RANK]  true_rank=1348 fake_rank=2391 t=11720s
3270924873	ID:20	[LIST] Quarantine: (none)
3270928370	ID:20	[LIST] Blacklist: (none)
3270934685	ID:20	FUZZRID,DET,5,1060,1060,0,0,0,0,0,0,5,0,0,0
3270976048	ID:25	[HFS] ra=74 si=49 cx=49 ac=82
3270981845	ID:25	[LIST] Neighbors: 15,26,17,10,30,9,16,29
3270985482	ID:25	[LIST] Quarantine: (none)
3270988978	ID:25	[LIST] Blacklist: (none)
3270997125	ID:25	FUZZRID,DET,29,2391,1348,1043,0,100,100,16,0,13,0,82,75
3271017549	ID:9	[HFS] ra=74 si=49 cx=49 ac=82
3271022792	ID:9	[LIST] Neighbors: 4,25,29,10,7,23,14
3271026428	ID:9	[LIST] Quarantine: (none)
3271029925	ID:9	[LIST] Blacklist: (none)
3271037934	ID:9	FUZZRID,DET,29,2391,1348,1043,0,100,100,4,0,11,0,82,75
3271038989	ID:7	[HFS] ra=74 si=49 cx=49 ac=82
3271039473	ID:16	[HFS] ra=74 si=49 cx=49 ac=82
3271043346	ID:7	[LIST] Neighbors: 4,23,29,9,14
3271045124	ID:16	[LIST] Neighbors: 19,17,30,24,29,25,2,8
3271046983	ID:7	[LIST] Quarantine: (none)
3271048761	ID:16	[LIST] Quarantine: (none)
3271050508	ID:7	[LIST] Blacklist: (none)
3271052257	ID:16	[LIST] Blacklist: (none)
3271057304	ID:10	[HFS] ra=74 si=49 cx=49 ac=82
3271058694	ID:7	FUZZRID,DET,29,2391,1348,1043,0,100,100,45,0,15,0,82,55
3271060148	ID:16	FUZZRID,DET,29,2391,1348,1043,0,100,100,9,0,7,0,82,75
3271063100	ID:10	[LIST] Neighbors: 19,25,17,16,9,24,29,30
3271066737	ID:10	[LIST] Quarantine: (none)
3271070234	ID:10	[LIST] Blacklist: (none)
3271078250	ID:10	FUZZRID,DET,29,2391,1348,1043,0,100,100,21,0,9,0,82,75
3271186072	ID:24	[HFS] ra=0 si=0 cx=49 ac=0
3271191015	ID:24	[LIST] Neighbors: 17,16,18,10,13,8
3271194653	ID:24	[LIST] Quarantine: (none)
3271198150	ID:24	[LIST] Blacklist: (none)
3271204495	ID:24	FUZZRID,DET,8,1332,1332,0,0,0,0,0,0,0,0,0,0
3271930347	ID:10	[HFS] ra=0 si=0 cx=49 ac=0
3271936143	ID:10	[LIST] Neighbors: 19,25,17,16,9,24,29,30
3271939780	ID:10	[LIST] Quarantine: (none)
3271943276	ID:10	[LIST] Blacklist: (none)
3271949734	ID:10	FUZZRID,DET,9,1111,1111,0,0,0,0,0,0,14,0,0,0
3275820017	ID:8	[HFS] ra=0 si=0 cx=49 ac=0
3275824814	ID:8	[LIST] Neighbors: 17,16,30,6,2,24
3275828451	ID:8	[LIST] Quarantine: (none)
3275831948	ID:8	[LIST] Blacklist: (none)
3275838403	ID:8	FUZZRID,DET,24,1350,1350,0,0,0,0,0,0,4,0,0,0
3276542044	ID:16	[HFS] ra=0 si=0 cx=49 ac=0
3276547694	ID:16	[LIST] Neighbors: 19,17,30,24,29,25,2,8
3276551343	ID:16	[LIST] Quarantine: (none)
3276552622	ID:3	[HFS] ra=0 si=0 cx=49 ac=0
3276554839	ID:16	[LIST] Blacklist: (none)
3276556286	ID:3	[LIST] Neighbors: 31,4,14
3276559923	ID:3	[LIST] Quarantine: (none)
3276561155	ID:16	FUZZRID,DET,2,1331,1331,0,0,0,0,0,0,2,0,0,0
3276563420	ID:3	[LIST] Blacklist: (none)
3276569875	ID:3	FUZZRID,DET,14,1030,1030,0,0,0,0,0,0,0,0,0,0
3278231191	ID:30	[ATK-FAKE-RANK]  true_rank=1039 fake_rank=1816 t=11720s
3278270614	ID:2	[HFS] ra=74 si=49 cx=49 ac=82
3278275265	ID:2	[LIST] Neighbors: 16,5,30,6,12,8
3278278902	ID:2	[LIST] Quarantine: (none)
3278282399	ID:2	[LIST] Blacklist: (none)
3278290264	ID:2	FUZZRID,DET,30,1816,1039,777,0,100,100,33,0,0,0,82,75
3294799772	ID:30	[ATK-FAKE-RANK]  true_rank=1039 fake_rank=1836 t=11720s
3294852954	ID:25	[HFS] ra=74 si=49 cx=49 ac=82
3294858751	ID:25	[LIST] Neighbors: 15,26,17,10,30,9,16,29
3294860375	ID:5	[HFS] ra=74 si=49 cx=49 ac=82
3294862388	ID:25	[LIST] Quarantine: (none)
3294865179	ID:5	[LIST] Neighbors: 19,20,30,6,2,12
3294865884	ID:25	[LIST] Blacklist: (none)
3294868816	ID:5	[LIST] Quarantine: (none)
3294872313	ID:5	[LIST] Blacklist: (none)
3294873714	ID:25	FUZZRID,DET,30,1836,1039,797,0,100,100,54,0,0,0,82,75
3294877575	ID:12	[HFS] ra=74 si=49 cx=49 ac=82
3294880143	ID:5	FUZZRID,DET,30,1836,1039,797,0,100,100,62,0,6,0,82,75
3294881800	ID:12	[LIST] Neighbors: 20,5,30,6,2
3294885437	ID:12	[LIST] Quarantine: (none)
3294886588	ID:6	[HFS] ra=74 si=49 cx=49 ac=82
3294888934	ID:12	[LIST] Blacklist: (none)
3294892238	ID:6	[LIST] Neighbors: 19,17,20,16,30,2,12,5
3294895875	ID:6	[LIST] Quarantine: (none)
3294896777	ID:12	FUZZRID,DET,30,1836,1039,797,0,100,100,57,0,2,0,82,75
3294898907	ID:2	[HFS] ra=74 si=49 cx=49 ac=82
3294899378	ID:6	[LIST] Blacklist: (none)
3294903558	ID:2	[LIST] Neighbors: 16,5,30,6,12,8
3294907087	ID:6	FUZZRID,DET,30,1836,1039,797,0,100,100,7,0,0,0,82,75
3294907195	ID:2	[LIST] Quarantine: (none)
3294908441	ID:19	[HFS] ra=74 si=49 cx=49 ac=82
3294910692	ID:2	[LIST] Blacklist: (none)
3294914237	ID:19	[LIST] Neighbors: 15,26,17,30,20,5,25,16
3294915956	ID:20	[HFS] ra=74 si=49 cx=49 ac=82
3294916099	ID:16	[HFS] ra=74 si=49 cx=49 ac=82
3294917874	ID:19	[LIST] Quarantine: (none)
3294918381	ID:2	FUZZRID,DET,30,1836,1039,797,0,100,100,5,0,0,0,82,75
3294921371	ID:19	[LIST] Blacklist: (none)
3294921609	ID:20	[LIST] Neighbors: 26,30,19,6,12,5,22,11
3294921750	ID:16	[LIST] Neighbors: 19,17,30,24,29,25,2,8
3294925272	ID:20	[LIST] Quarantine: (none)
3294925386	ID:16	[LIST] Quarantine: (none)
3294928768	ID:20	[LIST] Blacklist: (none)
3294928883	ID:16	[LIST] Blacklist: (none)
3294929339	ID:19	FUZZRID,DET,30,1836,1039,797,0,100,100,53,0,15,0,82,75
3294934300	ID:10	[HFS] ra=74 si=49 cx=49 ac=82
3294934447	ID:17	[HFS] ra=74 si=49 cx=49 ac=82
3294936598	ID:20	FUZZRID,DET,30,1836,1039,797,0,100,100,13,0,0,0,82,75
3294936713	ID:16	FUZZRID,DET,30,1836,1039,797,0,100,100,61,0,3,0,82,75
3294940097	ID:10	[LIST] Neighbors: 19,25,17,16,9,24,29,30
3294940390	ID:17	[LIST] Neighbors: 26,19,16,10,24,29,25,30
3294942013	ID:8	[HFS] ra=74 si=49 cx=49 ac=82
3294943734	ID:10	[LIST] Quarantine: (none)
3294944027	ID:17	[LIST] Quarantine: (none)
3294946810	ID:8	[LIST] Neighbors: 17,16,30,6,2,24
3294947230	ID:10	[LIST] Blacklist: (none)
3294947523	ID:17	[LIST] Blacklist: (none)
3294950447	ID:8	[LIST] Quarantine: (none)
3294953944	ID:8	[LIST] Blacklist: (none)
3294955060	ID:10	FUZZRID,DET,30,1836,1039,797,0,100,100,67,0,2,0,82,75
3294955386	ID:17	FUZZRID,DET,30,1836,1039,797,0,100,100,18,0,0,0,82,75
3294961809	ID:8	FUZZRID,DET,30,1836,1039,797,0,100,100,23,0,1,0,82,75
3295680660	ID:22	[HFS] ra=0 si=0 cx=49 ac=0
3295685322	ID:22	[LIST] Neighbors: 15,26,11,20,27
3295688959	ID:22	[LIST] Quarantine: (none)
3295692464	ID:22	[LIST] Blacklist: (none)
3295698556	ID:22	FUZZRID,DET,11,815,815,0,0,0,0,0,0,1,0,0,0
3296852200	ID:25	[HFS] ra=0 si=0 cx=49 ac=0
3296857996	ID:25	[LIST] Neighbors: 15,26,17,10,30,9,16,29
3296861659	ID:25	[LIST] Quarantine: (none)
3296865155	ID:25	[LIST] Blacklist: (none)
3296871608	ID:25	FUZZRID,DET,16,1049,1049,0,0,0,0,0,0,4,0,0,0
3300160413	ID:18	 422403 P 0.0 54 1426533 106696933 343522 862719 0 704955 20574 1945104 2777 13757 0 11999 (radio 1.-68% / 0.84% tx 0.31% / 0.14% listen 0.00% / 0.69%)
3300188615	ID:16	 422403 P 0.0 54 3031169 105097266 692309 1329952 0 993511 48742 1917231 7913 20627 0 16298 (radio 1.-72% / 1.45% tx 0.24% / 0.40% listen 1.-97% / 1.04%)
3300326583	ID:3	 422403 P 0.0 54 1615256 106514536 395999 938611 0 766183 31297 1934772 8469 16925 0 12108 (radio 1.-96% / 1.29% tx 0.36% / 0.43% listen 0.07% / 0.86%)
3300349176	ID:23	 422403 P 0.0 54 1507148 106619377 411295 861277 0 695845 19653 1946424 2453 13275 0 11661 (radio 1.-62% / 0.79% tx 0.38% / 0.12% listen 0.00% / 0.67%)
3300374779	ID:25	 422403 P 0.0 54 2960202 105167895 667555 1367411 0 1046963 41190 1924881 4199 19138 0 16596 (radio 1.-71% / 1.18% tx 0.22% / 0.21% listen 1.-93% / 0.97%)
3300417841	ID:11	 422403 P 0.0 54 2420970 105710325 591549 1165183 0 867934 36582 1929492 7002 17562 0 14213 (radio 1.-97% / 1.24% tx 0.14% / 0.35% listen 1.-72% / 0.89%)
3300558903	ID:19	 422403 P 0.0 54 4989753 103138400 1579820 1853304 0 936318 49096 1916949 8373 21220 0 15680 (radio 3.-261% / 1.50% tx 1.-74% / 0.42% listen 1.-88% / 1.07%)
3300565070	ID:20	 422403 P 0.0 54 2655727 105471831 547240 1161181 0 903244 40780 1925047 5014 18345 0 15072 (radio 1.-62% / 1.18% tx 0.10% / 0.25% listen 1.-73% / 0.93%)
3300580965	ID:10	 422403 P 0.0 54 2657910 105470748 634538 1379344 0 1098720 36480 1929587 3640 18053 0 15345 (radio 1.-73% / 1.10% tx 0.18% / 0.18% listen 1.-92% / 0.91%)
3300681385	ID:4	 422403 P 0.0 54 2958374 105171150 857319 1201293 0 797726 44571 1921492 10113 18982 0 13443 (radio 1.-69% / 1.47% tx 0.39% / 0.51% listen 1.-69% / 0.96%)
3300717158	ID:8	 422403 P 0.0 54 2115834 106011103 473855 991476 0 781457 38557 1927332 8057 18184 0 13451 (radio 1.-84% / 1.33% tx 0.04% / 0.40% listen 0.12% / 0.92%)
3300780832	ID:14	 422403 P 0.0 54 2595914 105531346 771181 1108695 0 745547 33258 1932788 6569 16470 0 13033 (radio 1.-86% / 1.17% tx 0.31% / 0.33% listen 1.-77% / 0.83%)
3300813314	ID:7	 422403 P 0.0 54 2093087 106035636 455804 997118 0 794764 29668 1936396 3312 14945 0 13141 (radio 1.-85% / 0.92% tx 0.02% / 0.16% listen 0.12% / 0.76%)
3300829579	ID:1	 422405 P 0.0 54 3911586 104218810 1552257 106578225 0 0 59694 1906293 26176 1939891 0 0 (radio 20.-1970% / 100.-8739% tx 1.-76% / 1.33% listen 19.-1895% / 98.-8672%)
3300833436	ID:15	 422403 P 0.0 54 4575760 103551248 1326624 1734223 0 825421 60024 1905862 16021 24107 0 14078 (radio 2.-195% / 2.04% tx 1.-97% / 0.81% listen 1.-99% / 1.22%)
3300834453	ID:17	 422403 P 0.0 54 4062782 104065258 1341230 1675102 0 1051763 58325 1907443 16238 23131 0 14631 (radio 2.-200% / 2.00% tx 1.-96% / 0.82% listen 1.-65% / 1.17%)
3300912629	ID:6	 422403 P 0.0 54 2976755 105149151 700440 1332202 0 960489 46517 1919153 10431 21371 0 15780 (radio 1.-71% / 1.61% tx 0.25% / 0.53% listen 1.-96% / 1.08%)
3300922771	ID:2	 422403 P 0.0 54 2151001 105977879 487799 1033068 0 814771 43688 1922346 10727 19883 0 13693 (radio 1.-79% / 1.55% tx 0.05% / 0.54% listen 0.16% / 1.01%)
3300955439	ID:22	 422403 P 0.0 54 1931112 106195195 455963 973391 0 773759 38548 1927513 9937 17958 0 13906 (radio 1.-87% / 1.41% tx 0.02% / 0.50% listen 0.10% / 0.91%)
3301025431	ID:12	 422403 P 0.0 54 2074305 106051666 534152 993516 0 779517 26073 1939816 2590 15551 0 13930 (radio 1.-78% / 0.92% tx 0.09% / 0.13% listen 0.12% / 0.79%)
3301042138	ID:9	 422403 P 0.0 54 2699574 105427299 727202 1155966 0 823282 41932 1923973 8872 17839 0 13093 (radio 1.-85% / 1.35% tx 0.27% / 0.45% listen 1.-73% / 0.90%)
3301084997	ID:24	 422403 P 0.0 54 3217383 104911990 1133408 1262703 0 756421 46417 1919609 12565 19893 0 13073 (radio 2.-178% / 1.65% tx 1.-75% / 0.63% listen 1.-63% / 1.01%)
3301136482	ID:5	 422403 P 0.0 54 2288849 105839132 571426 1095264 0 850549 41340 1924687 10664 19006 0 13595 (radio 1.-66% / 1.50% tx 0.13% / 0.54% listen 1.-79% / 0.96%)
3301137716	ID:21	 422403 P 0.0 54 2169624 105961998 479106 1119152 0 775613 35969 1930102 8717 18513 0 13419 (radio 1.-72% / 1.38% tx 0.04% / 0.44% listen 1.-76% / 0.94%)
3301141379	ID:13	 422403 P 0.0 54 1345278 106778284 304706 829715 0 713402 20015 1945661 3175 13557 0 12401 (radio 1.-75% / 0.85% tx 0.28% / 0.16% listen 0.37% / 0.68%)
3301554792	ID:10	[HFS] ra=0 si=0 cx=49 ac=0
3301560588	ID:10	[LIST] Neighbors: 19,25,17,16,9,24,29,30
3301564224	ID:10	[LIST] Quarantine: (none)
3301567721	ID:10	[LIST] Blacklist: (none)
3301573824	ID:10	FUZZRID,DET,25,858,858,0,0,0,0,0,0,4,0,0,0
3305680380	ID:28	[ATK-FAKE-RANK]  true_rank=512 fake_rank=1232 t=11720s
3314583715	ID:26	[ATK-FAKE-RANK]  true_rank=813 fake_rank=1569 t=11720s
3314852306	ID:25	[HFS] ra=74 si=49 cx=49 ac=82
3314858103	ID:25	[LIST] Neighbors: 15,26,17,10,30,9,16,29
3314861739	ID:25	[LIST] Quarantine: (none)
3314865236	ID:25	[LIST] Blacklist: (none)
3314872883	ID:25	FUZZRID,DET,26,1569,813,756,0,100,100,20,0,1,0,82,75
3319167475	ID:20	[HFS] ra=0 si=0 cx=49 ac=0
3319173125	ID:20	[LIST] Neighbors: 26,30,19,6,12,5,22,11
3319176761	ID:20	[LIST] Quarantine: (none)
3319180258	ID:20	[LIST] Blacklist: (none)
3319186606	ID:20	FUZZRID,DET,6,1083,1083,0,0,0,0,0,0,0,0,0,0
3322683589	ID:17	[HFS] ra=0 si=0 cx=49 ac=0
3322683664	ID:24	[HFS] ra=0 si=0 cx=49 ac=0
3322688638	ID:24	[LIST] Neighbors: 17,16,18,10,13,8
3322689542	ID:17	[LIST] Neighbors: 26,19,16,10,24,29,25,30
3322692258	ID:8	[HFS] ra=0 si=0 cx=49 ac=0
3322692275	ID:24	[LIST] Quarantine: (none)
3322693179	ID:17	[LIST] Quarantine: (none)
3322695772	ID:24	[LIST] Blacklist: (none)
3322696676	ID:17	[LIST] Blacklist: (none)
3322697055	ID:8	[LIST] Neighbors: 17,16,30,6,2,24
3322700692	ID:8	[LIST] Quarantine: (none)
3322702262	ID:24	FUZZRID,DET,16,1049,1049,0,0,0,0,0,0,1,0,0,0
3322703142	ID:17	FUZZRID,DET,16,1049,1049,0,0,0,0,0,0,5,0,0,0
3322704213	ID:8	[LIST] Blacklist: (none)
3322710666	ID:8	FUZZRID,DET,16,1049,1049,0,0,0,0,0,0,0,0,0,0
3322727446	ID:25	[HFS] ra=0 si=0 cx=49 ac=0
3322733243	ID:25	[LIST] Neighbors: 15,26,17,10,30,9,16,29
3322736879	ID:25	[LIST] Quarantine: (none)
3322740376	ID:25	[LIST] Blacklist: (none)
3322746829	ID:25	FUZZRID,DET,16,1049,1049,0,0,0,0,0,0,4,0,0,0
3322760686	ID:6	[HFS] ra=0 si=0 cx=49 ac=0
3322766335	ID:6	[LIST] Neighbors: 19,17,20,16,30,2,12,5
3322769972	ID:6	[LIST] Quarantine: (none)
3322772992	ID:2	[HFS] ra=0 si=0 cx=49 ac=0
3322773469	ID:6	[LIST] Blacklist: (none)
3322777643	ID:2	[LIST] Neighbors: 16,5,30,6,12,8
3322779952	ID:6	FUZZRID,DET,16,1049,1049,0,0,0,0,0,0,4,0,0,0
3322781279	ID:2	[LIST] Quarantine: (none)
3322782766	ID:19	[HFS] ra=0 si=0 cx=49 ac=0
3322784776	ID:2	[LIST] Blacklist: (none)
3322788562	ID:19	[LIST] Neighbors: 15,26,17,30,20,5,25,16
3322791260	ID:2	FUZZRID,DET,16,1049,1049,0,0,0,0,0,0,5,0,0,0
3322792199	ID:19	[LIST] Quarantine: (none)
3322795709	ID:19	[LIST] Blacklist: (none)
3322802301	ID:19	FUZZRID,DET,16,1049,1049,0,0,0,0,0,0,15,0,0,0
3333366616	ID:31	[ATK-FAKE-RANK]  true_rank=768 fake_rank=1448 t=11720s
3333507679	ID:14	[HFS] ra=74 si=49 cx=49 ac=82
3333511758	ID:14	[LIST] Neighbors: 31,4,7,9,3
3333515394	ID:14	[LIST] Quarantine: (none)
3333518891	ID:14	[LIST] Blacklist: (none)
3333526536	ID:14	FUZZRID,DET,31,1448,768,680,0,100,100,19,0,3,0,82,75
3337414800	ID:7	[HFS] ra=0 si=0 cx=49 ac=0
3337419157	ID:7	[LIST] Neighbors: 4,23,29,9,14
3337422793	ID:7	[LIST] Quarantine: (none)
3337426290	ID:7	[LIST] Blacklist: (none)
3337432766	ID:7	FUZZRID,DET,14,1030,1030,0,0,0,0,0,0,0,0,0,0
3342408844	ID:19	[HFS] ra=0 si=0 cx=48 ac=0
3342414640	ID:19	[LIST] Neighbors: 15,26,17,30,20,5,25,16
3342418277	ID:19	[LIST] Quarantine: (none)
3342421774	ID:19	[LIST] Blacklist: (none)
3342428006	ID:19	FUZZRID,DET,15,534,534,0,0,0,0,0,0,21,0,0,0
3348931188	ID:22	[HFS] ra=0 si=0 cx=49 ac=0
3348935850	ID:22	[LIST] Neighbors: 15,26,11,20,27
3348939487	ID:22	[LIST] Quarantine: (none)
3348942984	ID:22	[LIST] Blacklist: (none)
3348949439	ID:22	FUZZRID,DET,20,1130,1130,0,0,0,0,0,0,1,0,0,0
3360149699	ID:2	[HFS] ra=0 si=0 cx=49 ac=0
3360154350	ID:2	[LIST] Neighbors: 16,5,30,6,12,8
3360157987	ID:2	[LIST] Quarantine: (none)
3360159556	ID:18	 430083 P 0.0 55 1441183 108647961 343522 874416 0 716652 14649 1951028 0 11697 0 11697 (radio 1.-68% / 0.59% tx 0.31% / 0.00% listen 0.01% / 0.59%)
3360161484	ID:2	[LIST] Blacklist: (none)
3360167799	ID:2	FUZZRID,DET,5,1053,1053,0,0,0,0,0,0,7,0,0,0
3360188918	ID:16	 430083 P 0.0 55 3076157 107018301 700305 1347959 0 1008033 44987 1921035 7996 18007 0 14522 (radio 1.-71% / 1.32% tx 0.24% / 0.40% listen 1.-95% / 0.91%)
3360325739	ID:3	 430083 P 0.0 55 1631712 108464150 395999 950891 0 778463 16454 1949614 0 12280 0 12280 (radio 1.-95% / 0.62% tx 0.35% / 0.00% listen 0.08% / 0.62%)
3360349353	ID:23	 430083 P 0.0 55 1527281 108565319 414600 874905 0 708133 20132 1945942 3305 13628 0 12288 (radio 1.-100% / 0.86% tx 0.37% / 0.16% listen 0.01% / 0.69%)
3360375129	ID:25	 430083 P 0.0 55 3034388 107059678 692534 1392992 0 1060356 74184 1891783 24979 25581 0 13393 (radio 1.-67% / 2.57% tx 0.23% / 1.27% listen 1.-91% / 1.30%)
3360418121	ID:11	 430083 P 0.0 55 2465906 107631402 604499 1184773 0 880827 44935 1921077 12950 19590 0 12893 (radio 1.-94% / 1.65% tx 0.15% / 0.65% listen 1.-71% / 0.99%)
3360540761	ID:16	[HFS] ra=0 si=0 cx=49 ac=0
3360546411	ID:16	[LIST] Neighbors: 19,17,30,24,29,25,2,8
3360550048	ID:16	[LIST] Quarantine: (none)
3360553544	ID:16	[LIST] Blacklist: (none)
3360558899	ID:19	 430083 P 0.0 55 5037088 105057121 1587968 1873295 0 952331 47333 1918721 8148 19991 0 16013 (radio 3.-298% / 1.43% tx 1.-73% / 0.41% listen 1.-86% / 1.01%)
3360560033	ID:16	FUZZRID,DET,24,1350,1350,0,0,0,0,0,0,5,0,0,0
3360565342	ID:20	 430083 P 0.0 55 2710958 107382494 562435 1182105 0 916257 55230 1910663 15195 20924 0 13013 (radio 1.-98% / 1.83% tx 0.12% / 0.77% listen 1.-71% / 1.06%)
3360580972	ID:10	 430083 P 0.0 55 2698998 107395710 642106 1397877 0 1112638 41086 1924962 7568 18533 0 13918 (radio 1.-71% / 1.32% tx 0.19% / 0.38% listen 1.-91% / 0.94%)
3360683118	ID:4	 430083 P 0.0 55 2995502 107100154 864125 1216951 0 809878 37127 1929004 6806 15658 0 12152 (radio 1.-68% / 1.14% tx 0.00% / 0.34% listen 1.-68% / 0.79%)
3360716594	ID:8	 430083 P 0.0 55 2139129 107953857 473855 1003902 0 793862 23294 1942754 0 12426 0 12405 (radio 1.-83% / 0.63% tx 0.04% / 0.00% listen 0.13% / 0.63%)
3360780833	ID:14	 430083 P 0.0 55 2625563 107467774 774789 1123111 0 757647 29648 1936428 3608 14416 0 12100 (radio 1.-84% / 0.91% tx 0.31% / 0.18% listen 1.-77% / 0.73%)
3360813585	ID:7	 430083 P 0.0 55 2131984 107962815 465246 1013909 0 806460 38896 1927179 9442 16791 0 11696 (radio 1.-83% / 1.33% tx 0.03% / 0.48% listen 0.14% / 0.85%)
3360828680	ID:1	 430085 P 0.0 55 3930549 106165832 1552257 108544305 0 0 18961 1947022 0 1966079 0 0 (radio 21.-2087% / 100.-8739% tx 1.-77% / 0.00% listen 20.-1972% / 100.-8739%)
3360833197	ID:15	 430083 P 0.0 55 4608923 105483773 1329218 1749606 0 839415 33161 1932525 2594 15383 0 13994 (radio 2.-194% / 0.91% tx 1.-97% / 0.13% listen 1.-98% / 0.78%)
3360834193	ID:17	 430083 P 0.0 55 4098366 105995610 1343436 1691225 0 1066606 35582 1930352 2206 16123 0 14843 (radio 2.-198% / 0.93% tx 1.-96% / 0.11% listen 1.-64% / 0.82%)
3360912350	ID:6	 430083 P 0.0 55 3015595 107076256 706239 1347859 0 973357 38838 1927105 5799 15657 0 12868 (radio 1.-70% / 1.09% tx 0.25% / 0.29% listen 1.-95% / 0.79%)
3360921665	ID:2	 430083 P 0.0 55 2175585 107919339 487799 1046061 0 827477 24583 1941460 0 12993 0 12706 (radio 1.-78% / 0.66% tx 0.05% / 0.00% listen 0.16% / 0.66%)
3360955443	ID:22	 430083 P 0.0 55 1964400 108127902 463115 990135 0 786631 33287 1932707 7152 16744 0 12872 (radio 1.-86% / 1.21% tx 0.03% / 0.36% listen 0.11% / 0.85%)
3361024852	ID:12	 430083 P 0.0 55 2094389 107997565 534152 1006504 0 792505 20082 1945899 0 12988 0 12988 (radio 1.-78% / 0.66% tx 0.09% / 0.00% listen 0.13% / 0.66%)
3361041269	ID:9	 430083 P 0.0 55 2723576 107369249 727202 1171214 0 838530 24001 1941950 0 15248 0 15248 (radio 1.-84% / 0.77% tx 0.27% / 0.00% listen 1.-72% / 0.77%)
3361084769	ID:24	 430083 P 0.0 55 3249826 106845535 1137727 1277564 0 769180 32441 1933545 4319 14861 0 12759 (radio 2.-176% / 0.97% tx 1.-75% / 0.21% listen 1.-62% / 0.75%)
3361136201	ID:5	 430083 P 0.0 55 2314979 107779053 573181 1109736 0 863686 26129 1939921 1755 14472 0 13137 (radio 1.-65% / 0.82% tx 0.13% / 0.08% listen 1.-78% / 0.73%)
3361137114	ID:21	 430083 P 0.0 55 2190405 107907295 479187 1132065 0 788211 20779 1945297 81 12913 0 12598 (radio 1.-71% / 0.66% tx 0.04% / 0.00% listen 1.-76% / 0.65%)
3361141376	ID:13	 430083 P 0.0 55 1363667 108725579 306736 842758 0 725051 18388 1947295 2030 13043 0 11649 (radio 1.-74% / 0.76% tx 0.27% / 0.10% listen 0.37% / 0.66%)
3375635491	ID:18	[HFS] ra=0 si=0 cx=49 ac=0
3375638875	ID:18	[LIST] Neighbors: 24,13
3375642512	ID:18	[LIST] Quarantine: (none)
3375646008	ID:18	[LIST] Blacklist: (none)
3375652461	ID:18	FUZZRID,DET,13,1682,1682,0,0,0,0,0,0,2,0,0,0
3380140704	ID:9	[HFS] ra=0 si=0 cx=49 ac=0
3380145913	ID:9	[LIST] Neighbors: 4,25,29,10,7,23,14
3380149550	ID:9	[LIST] Quarantine: (none)
3380153047	ID:9	[LIST] Blacklist: (none)
3380159501	ID:9	FUZZRID,DET,23,1388,1388,0,0,0,0,0,0,6,0,0,0
3383616883	ID:13	[HFS] ra=0 si=0 cx=49 ac=0
3383620267	ID:13	[LIST] Neighbors: 24,18
3383623904	ID:13	[LIST] Quarantine: (none)
3383627400	ID:13	[LIST] Blacklist: (none)
3383633852	ID:13	FUZZRID,DET,18,1687,1687,0,0,0,0,0,0,0,0,0,0
3386572677	ID:23	[HFS] ra=0 si=0 cx=49 ac=0
3386575755	ID:23	[LIST] Neighbors: 7,9
3386579402	ID:23	[LIST] Quarantine: (none)
3386582898	ID:23	[LIST] Blacklist: (none)
3386589214	ID:23	FUZZRID,DET,7,1096,1096,0,0,0,0,0,0,2,0,0,0
3387189473	ID:29	[ATK-FAKE-RANK]  true_rank=1343 fake_rank=2411 t=11720s
3387682452	ID:10	[HFS] ra=74 si=49 cx=49 ac=82
3387688249	ID:10	[LIST] Neighbors: 19,25,17,16,9,24,29,30
3387691886	ID:10	[LIST] Quarantine: (none)
3387695382	ID:10	[LIST] Blacklist: (none)
3387703251	ID:10	FUZZRID,DET,29,2411,1343,1068,0,100,100,5,0,8,0,82,75
3389797368	ID:28	[ATK-FAKE-RANK]  true_rank=512 fake_rank=1252 t=11720s
3404567699	ID:8	[HFS] ra=0 si=0 cx=49 ac=0
3404572496	ID:8	[LIST] Neighbors: 17,16,30,6,2,24
3404576133	ID:8	[LIST] Quarantine: (none)
3404579633	ID:8	[LIST] Blacklist: (none)
3404585948	ID:8	FUZZRID,DET,2,1331,1331,0,0,0,0,0,0,0,0,0,0
3404610088	ID:5	[HFS] ra=0 si=0 cx=49 ac=0
3404614919	ID:5	[LIST] Neighbors: 19,20,30,6,2,12
3404618555	ID:5	[LIST] Quarantine: (none)
3404622052	ID:5	[LIST] Blacklist: (none)
3404627328	ID:12	[HFS] ra=0 si=0 cx=49 ac=0
3404628383	ID:5	FUZZRID,DET,2,1331,1331,0,0,0,0,0,0,5,0,0,0
3404631553	ID:12	[LIST] Neighbors: 20,5,30,6,2
3404635190	ID:12	[LIST] Quarantine: (none)
3404636293	ID:6	[HFS] ra=0 si=0 cx=49 ac=0
3404638686	ID:12	[LIST] Blacklist: (none)
3404641977	ID:6	[LIST] Neighbors: 19,17,20,16,30,2,12,5
3404645019	ID:12	FUZZRID,DET,2,1331,1331,0,0,0,0,0,0,2,0,0,0
3404645613	ID:6	[LIST] Quarantine: (none)
3404649110	ID:6	[LIST] Blacklist: (none)
3404655425	ID:6	FUZZRID,DET,2,1331,1331,0,0,0,0,0,0,0,0,0,0
3404662292	ID:16	[HFS] ra=0 si=0 cx=49 ac=0
3404667942	ID:16	[LIST] Neighbors: 19,17,30,24,29,25,2,8
3404671579	ID:16	[LIST] Quarantine: (none)
3404675083	ID:16	[LIST] Blacklist: (none)
3404681399	ID:16	FUZZRID,DET,2,1331,1331,0,0,0,0,0,0,2,0,0,0
3404791912	ID:20	[HFS] ra=0 si=0 cx=49 ac=0
3404797562	ID:20	[LIST] Neighbors: 26,30,19,6,12,5,22,11
3404801199	ID:20	[LIST] Quarantine: (none)
3404804695	ID:20	[LIST] Blacklist: (none)
3404811149	ID:20	FUZZRID,DET,12,1323,1323,0,0,0,0,0,0,5,0,0,0
3420160404	ID:18	 437763 P 0.0 56 1459992 110594831 345743 887616 0 728928 18807 1946870 2221 13200 0 12276 (radio 1.-67% / 0.78% tx 0.30% / 0.11% listen 0.02% / 0.67%)
3420188643	ID:16	 437763 P 0.0 56 3111003 108949399 700935 1363265 0 1022151 34845 1931098 630 15306 0 14118 (radio 1.-70% / 0.81% tx 0.24% / 0.03% listen 1.-94% / 0.77%)
3420326593	ID:3	 437763 P 0.0 56 1653634 110408225 399053 964775 0 790587 21920 1944075 3054 13884 0 12124 (radio 1.-94% / 0.86% tx 0.35% / 0.15% listen 0.09% / 0.70%)
3420349203	ID:23	 437763 P 0.0 56 1554811 110503835 421831 890156 0 719828 27529 1938516 7231 15251 0 11695 (radio 1.-98% / 1.14% tx 0.37% / 0.36% listen 0.02% / 0.77%)
3420374779	ID:25	 437763 P 0.0 56 3070686 108989450 696036 1409443 0 1074708 36297 1929772 3502 16451 0 14352 (radio 1.-66% / 1.01% tx 0.23% / 0.17% listen 1.-90% / 0.83%)
3420417841	ID:11	 437763 P 0.0 56 2496675 109566705 608757 1200273 0 894318 30767 1935303 4258 15500 0 13491 (radio 1.-92% / 1.00% tx 0.15% / 0.21% listen 1.-70% / 0.78%)
3420558949	ID:19	 437763 P 0.0 56 5083888 106976265 1596766 1891751 0 965600 46799 1919144 8798 18456 0 13269 (radio 3.-296% / 1.38% tx 1.-73% / 0.44% listen 1.-85% / 0.93%)
3420565063	ID:20	 437763 P 0.0 56 2745098 109314410 565306 1197627 0 929788 34138 1931916 2871 15522 0 13531 (radio 1.-96% / 0.93% tx 0.12% / 0.14% listen 1.-70% / 0.78%)
3420580971	ID:10	 437763 P 0.0 56 2741953 109318786 651346 1415797 0 1125329 42954 1923076 9240 17920 0 12691 (radio 1.-69% / 1.38% tx 0.19% / 0.46% listen 1.-89% / 0.91%)
3420681103	ID:4	 437763 P 0.0 56 3037962 109023693 873842 1233639 0 822002 42459 1923539 9717 16688 0 12124 (radio 1.-66% / 1.34% tx 0.01% / 0.49% listen 1.-67% / 0.84%)
3420717445	ID:8	 437763 P 0.0 56 2167629 109891397 476763 1017352 0 805865 28498 1937540 2908 13450 0 12003 (radio 1.-82% / 0.83% tx 0.04% / 0.14% listen 0.14% / 0.68%)
3420779980	ID:14	 437763 P 0.0 56 2647147 109412268 774789 1135540 0 770076 21583 1944494 0 12429 0 12429 (radio 1.-83% / 0.63% tx 0.30% / 0.00% listen 1.-76% / 0.63%)
3420813596	ID:7	 437763 P 0.0 56 2167792 109893084 473309 1030960 0 819537 35806 1930269 8063 17051 0 13077 (radio 1.-81% / 1.27% tx 0.03% / 0.41% listen 0.15% / 0.86%)
3420828695	ID:1	 437765 P 0.0 56 3949727 108112634 1552257 110510385 0 0 19176 1946802 0 1966078 0 0 (radio 23.-2265% / 100.-8739% tx 1.-77% / 0.00% listen 21.-2089% / 100.-8739%)
3420833200	ID:15	 437763 P 0.0 56 4650843 107407872 1336801 1767032 0 852439 41918 1924099 7583 17426 0 13024 (radio 2.-192% / 1.27% tx 1.-96% / 0.38% listen 1.-96% / 0.88%)
3420833341	ID:17	 437763 P 0.0 56 4127586 107932340 1343436 1705390 0 1080771 29219 1936730 0 14165 0 14165 (radio 2.-197% / 0.72% tx 1.-96% / 0.00% listen 1.-63% / 0.72%)
3420911481	ID:6	 437763 P 0.0 56 3044697 109013181 706239 1360965 0 986325 29101 1936925 0 13106 0 12968 (radio 1.-69% / 0.66% tx 0.24% / 0.00% listen 1.-94% / 0.66%)
3420922507	ID:2	 437763 P 0.0 56 2208629 109852202 494605 1061171 0 840413 33042 1932863 6806 15110 0 12936 (radio 1.-77% / 1.11% tx 0.05% / 0.34% listen 0.18% / 0.76%)
3420955709	ID:22	 437763 P 0.0 56 1999393 110058610 471907 1006886 0 798858 34992 1930708 8792 16751 0 12227 (radio 1.-84% / 1.29% tx 0.03% / 0.44% listen 0.13% / 0.85%)
3421025728	ID:12	 437763 P 0.0 56 2125651 109932225 540075 1021385 0 804564 31260 1934660 5923 14881 0 12059 (radio 1.-76% / 1.05% tx 0.09% / 0.30% listen 0.14% / 0.75%)
3421041284	ID:9	 437763 P 0.0 56 2748466 109310267 727202 1185933 0 853074 24888 1941018 0 14719 0 14544 (radio 1.-83% / 0.74% tx 0.26% / 0.00% listen 1.-71% / 0.74%)
3421084896	ID:24	 437763 P 0.0 56 3284350 108776997 1144514 1293228 0 781424 34522 1931462 6787 15664 0 12244 (radio 2.-175% / 1.14% tx 1.-75% / 0.34% listen 1.-100% / 0.79%)
3421136202	ID:5	 437763 P 0.0 56 2347198 109712759 577980 1125983 0 876879 32217 1933706 4799 16247 0 13193 (radio 1.-63% / 1.07% tx 0.13% / 0.24% listen 1.-77% / 0.82%)
3421137390	ID:21	 437763 P 0.0 56 2212532 109851243 479430 1145133 0 800481 22125 1943948 243 13068 0 12270 (radio 1.-71% / 0.67% tx 0.04% / 0.01% listen 1.-75% / 0.66%)
3421141389	ID:13	 437763 P 0.0 56 1381399 110673535 308113 855510 0 737086 17730 1947956 1377 12752 0 12035 (radio 1.-73% / 0.71% tx 0.27% / 0.07% listen 0.38% / 0.64%)
3422413902	ID:16	[HFS] ra=0 si=0 cx=49 ac=0
3422419564	ID:16	[LIST] Neighbors: 19,17,30,24,29,25,2,8
3422423201	ID:16	[LIST] Quarantine: (none)
3422426697	ID:16	[LIST] Blacklist: (none)
3422433036	ID:16	FUZZRID,DET,8,1332,1332,0,0,0,0,0,0,0,0,0,0
3422434431	ID:24	[HFS] ra=0 si=0 cx=49 ac=0
3422439375	ID:24	[LIST] Neighbors: 17,16,18,10,13,8
3422443012	ID:24	[LIST] Quarantine: (none)
3422446542	ID:24	[LIST] Blacklist: (none)
3422452857	ID:24	FUZZRID,DET,8,1332,1332,0,0,0,0,0,0,0,0,0,0
3422524395	ID:2	[HFS] ra=0 si=0 cx=49 ac=0
3422529046	ID:2	[LIST] Neighbors: 16,5,30,6,12,8
3422532683	ID:2	[LIST] Quarantine: (none)
3422536180	ID:2	[LIST] Blacklist: (none)
3422542519	ID:2	FUZZRID,DET,8,1332,1332,0,0,0,0,0,0,0,0,0,0
3426982692	ID:26	[ATK-FAKE-RANK]  true_rank=808 fake_rank=1589 t=11720s
3427038539	ID:19	[HFS] ra=74 si=49 cx=49 ac=82
3427044335	ID:19	[LIST] Neighbors: 15,26,17,30,20,5,25,16
3427047972	ID:19	[LIST] Quarantine: (none)
3427051469	ID:19	[LIST] Blacklist: (none)
3427059254	ID:19	FUZZRID,DET,26,1589,808,781,0,100,100,20,0,17,0,82,75
3427474748	ID:25	[HFS] ra=0 si=0 cx=49 ac=0
3427480544	ID:25	[LIST] Neighbors: 15,26,17,10,30,9,16,29
3427484181	ID:25	[LIST] Quarantine: (none)
3427487678	ID:25	[LIST] Blacklist: (none)
3427493995	ID:25	FUZZRID,DET,9,1107,1107,0,0,0,0,0,0,6,0,0,0
3428564730	ID:27	[ATK-FAKE-RANK]  true_rank=539 fake_rank=1152 t=11720s
3428586674	ID:1	[HFS] ra=74 si=49 cx=49 ac=82
3428590911	ID:1	[LIST] Neighbors: 21,27,28,15
3428594548	ID:1	[LIST] Quarantine: (none)
3428598045	ID:1	[LIST] Blacklist: (none)
3428605692	ID:1	FUZZRID,DET,27,1152,539,613,0,100,100,22,0,0,0,82,75
3432783499	ID:4	[HFS] ra=0 si=0 cx=49 ac=0
3432788576	ID:4	[LIST] Neighbors: 28,9,31,7,3,14,21
3432792213	ID:4	[LIST] Quarantine: (none)
3432795710	ID:4	[LIST] Blacklist: (none)
3432801823	ID:4	FUZZRID,DET,21,512,512,0,0,0,0,0,0,0,0,0,0
3446432775	ID:10	[HFS] ra=0 si=0 cx=49 ac=0
3446438571	ID:10	[LIST] Neighbors: 19,25,17,16,9,24,29,30
3446442208	ID:10	[LIST] Quarantine: (none)
3446445705	ID:10	[LIST] Blacklist: (none)
3446452194	ID:10	FUZZRID,DET,24,1350,1350,0,0,0,0,0,0,7,0,0,0
3446606030	ID:30	[ATK-FAKE-RANK]  true_rank=1039 fake_rank=1856 t=11720s
3446663231	ID:16	[HFS] ra=74 si=49 cx=49 ac=82
3446668881	ID:16	[LIST] Neighbors: 19,17,30,24,29,25,2,8
3446672518	ID:16	[LIST] Quarantine: (none)
3446676014	ID:16	[LIST] Blacklist: (none)
3446683702	ID:16	FUZZRID,DET,30,1856,1039,817,0,100,100,5,0,0,0,82,75
3449913431	ID:16	[HFS] ra=0 si=0 cx=49 ac=0
3449919081	ID:16	[LIST] Neighbors: 19,17,30,24,29,25,2,8
3449922718	ID:16	[LIST] Quarantine: (none)
3449926215	ID:16	[LIST] Blacklist: (none)
3449932530	ID:16	FUZZRID,DET,8,1330,1330,0,0,0,0,0,0,0,0,0,0
3450695845	ID:8	[HFS] ra=0 si=0 cx=49 ac=0
3450700642	ID:8	[LIST] Neighbors: 17,16,30,6,2,24
3450704280	ID:8	[LIST] Quarantine: (none)
3450707776	ID:8	[LIST] Blacklist: (none)
3450714130	ID:8	FUZZRID,DET,2,1331,1331,0,0,0,0,0,0,0,0,0,0
3451764097	ID:6	[HFS] ra=0 si=0 cx=49 ac=0
3451769747	ID:6	[LIST] Neighbors: 19,17,20,16,30,2,12,5
3451773399	ID:6	[LIST] Quarantine: (none)
3451776895	ID:6	[LIST] Blacklist: (none)
3451783211	ID:6	FUZZRID,DET,5,1051,1051,0,0,0,0,0,0,9,0,0,0
3467810060	ID:24	[HFS] ra=0 si=0 cx=49 ac=0
3467815036	ID:24	[LIST] Neighbors: 17,16,18,10,13,8
3467818675	ID:24	[LIST] Quarantine: (none)
3467822171	ID:24	[LIST] Blacklist: (none)
3467828660	ID:24	FUZZRID,DET,18,1687,1687,0,0,0,0,0,0,0,0,0,0
3471407713	ID:29	[ATK-FAKE-RANK]  true_rank=1390 fake_rank=2431 t=11720s
3471435722	ID:17	[HFS] ra=74 si=49 cx=49 ac=82
3471441664	ID:17	[LIST] Neighbors: 26,19,16,10,24,29,25,30
3471445329	ID:17	[LIST] Quarantine: (none)
3471448826	ID:17	[LIST] Blacklist: (none)
3471456833	ID:17	FUZZRID,DET,29,2431,1390,1041,0,100,100,31,0,7,0,82,75
3472642737	ID:9	[HFS] ra=0 si=0 cx=49 ac=0
3472647946	ID:9	[LIST] Neighbors: 4,25,29,10,7,23,14
3472651583	ID:9	[LIST] Quarantine: (none)
3472655080	ID:9	[LIST] Blacklist: (none)
3472661565	ID:9	FUZZRID,DET,23,1416,1416,0,0,0,0,0,0,5,0,0,0
3480160412	ID:18	 445443 P 0.0 57 1479861 112540991 349341 900992 0 741164 19868 1946160 3598 13376 0 12236 (radio 1.-66% / 0.86% tx 0.30% / 0.18% listen 0.03% / 0.68%)
3480189260	ID:16	 445443 P 0.0 57 3165222 110861128 713201 1386163 0 1039567 54217 1911729 12266 22898 0 17416 (radio 1.-67% / 1.78% tx 0.24% / 0.62% listen 1.-92% / 1.16%)
3480326580	ID:3	 445443 P 0.0 57 1672750 112354991 400669 978252 0 803398 19114 1946766 1616 13477 0 12811 (radio 1.-93% / 0.76% tx 0.35% / 0.08% listen 0.10% / 0.68%)
3480349194	ID:23	 445443 P 0.0 57 1573078 112451645 424050 903482 0 732458 18266 1947810 2219 13326 0 12630 (radio 1.-97% / 0.79% tx 0.37% / 0.11% listen 0.03% / 0.67%)
3480374809	ID:25	 445443 P 0.0 57 3118410 110907743 705757 1430692 0 1091257 47722 1918293 9721 21249 0 16549 (radio 1.-64% / 1.57% tx 0.24% / 0.49% listen 1.-88% / 1.08%)
3480417855	ID:11	 445443 P 0.0 57 2524938 111504514 611908 1215876 0 908722 28262 1937809 3151 15603 0 14404 (radio 1.-91% / 0.95% tx 0.15% / 0.16% listen 1.-69% / 0.79%)
3480558935	ID:19	 445443 P 0.0 57 5133609 108892593 1604725 1914914 0 982828 49719 1916328 7959 23163 0 17228 (radio 3.-293% / 1.58% tx 1.-73% / 0.40% listen 1.-83% / 1.17%)
3480564208	ID:20	 445443 P 0.0 57 2772161 111253402 565306 1212492 0 944653 27061 1938992 0 14865 0 14865 (radio 1.-95% / 0.75% tx 0.11% / 0.00% listen 1.-69% / 0.75%)
3480581299	ID:10	 445443 P 0.0 57 2795490 111231223 667228 1439910 0 1141726 53535 1912437 15882 24113 0 16397 (radio 1.-66% / 2.03% tx 0.20% / 0.80% listen 1.-87% / 1.22%)
3480681383	ID:4	 445443 P 0.0 57 3094570 110933144 892117 1253732 0 833507 56607 1909451 18275 20093 0 11505 (radio 1.-63% / 1.95% tx 0.02% / 0.92% listen 1.-66% / 1.02%)
3480717745	ID:8	 445443 P 0.0 57 2216484 111808565 492686 1037245 0 819631 48854 1917168 15923 19893 0 13766 (radio 1.-79% / 1.82% tx 0.05% / 0.80% listen 0.15% / 1.01%)
3480779984	ID:14	 445443 P 0.0 57 2668584 111356764 774789 1148624 0 783160 21435 1944496 0 13084 0 13084 (radio 1.-82% / 0.66% tx 0.30% / 0.00% listen 1.-75% / 0.66%)
3480813572	ID:7	 445443 P 0.0 57 2196965 111829986 477997 1046387 0 832534 29172 1936902 4688 15427 0 12997 (radio 1.-80% / 1.02% tx 0.04% / 0.23% listen 0.16% / 0.78%)
3480828688	ID:1	 445445 P 0.0 57 3970972 110057370 1552257 112476465 0 0 21243 1944736 0 1966078 0 0 (radio 24.-2382% / 100.-8739% tx 1.-77% / 0.00% listen 23.-2267% / 100.-8739%)
3480833192	ID:15	 445443 P 0.0 57 4691009 109333767 1340320 1783516 0 864674 40164 1925895 3519 16484 0 12235 (radio 2.-190% / 1.01% tx 1.-96% / 0.17% listen 1.-95% / 0.83%)
3480834488	ID:17	 445443 P 0.0 57 4181868 109844119 1356487 1729567 0 1098576 54280 1911779 13051 24177 0 17805 (radio 2.-194% / 1.89% tx 1.-95% / 0.66% listen 1.-99% / 1.22%)
3480912990	ID:6	 445443 P 0.0 57 3099855 110923878 720255 1383374 0 1001080 55156 1910697 14016 22409 0 14755 (radio 1.-67% / 1.85% tx 0.25% / 0.71% listen 1.-92% / 1.13%)
3480922517	ID:2	 445443 P 0.0 57 2238075 111788653 498261 1077654 0 855540 29445 1936451 3656 16483 0 15127 (radio 1.-75% / 1.02% tx 0.06% / 0.18% listen 0.19% / 0.83%)
3480955405	ID:22	 445443 P 0.0 57 2020357 112003332 472117 1019245 0 811054 20963 1944722 210 12359 0 12196 (radio 1.-83% / 0.63% tx 0.03% / 0.01% listen 0.14% / 0.62%)
3481024863	ID:12	 445443 P 0.0 57 2145649 111878084 540075 1035059 0 818238 19996 1945859 0 13674 0 13674 (radio 1.-75% / 0.69% tx 0.09% / 0.00% listen 0.15% / 0.69%)
3481042142	ID:9	 445443 P 0.0 57 2788795 111235642 736061 1205028 0 867422 40327 1925375 8859 19095 0 14348 (radio 1.-81% / 1.42% tx 0.26% / 0.45% listen 1.-70% / 0.97%)
3481084772	ID:24	 445443 P 0.0 57 3326609 110700749 1154287 1312031 0 795556 42257 1923752 9773 18803 0 14132 (radio 2.-173% / 1.45% tx 1.-75% / 0.49% listen 1.-98% / 0.95%)
3481136384	ID:5	 445443 P 0.0 57 2375804 111650036 581521 1141513 0 890071 28604 1937277 3541 15530 0 13192 (radio 1.-100% / 0.97% tx 0.13% / 0.18% listen 1.-76% / 0.78%)
3481137716	ID:21	 445443 P 0.0 57 2237554 111792040 481679 1159084 0 813073 25020 1940797 2249 13951 0 12592 (radio 1.-70% / 0.82% tx 0.04% / 0.11% listen 1.-74% / 0.70%)
3481141092	ID:13	 445443 P 0.0 57 1397360 112623646 308838 868276 0 749491 15960 1950111 725 12766 0 12405 (radio 1.-73% / 0.68% tx 0.27% / 0.03% listen 0.00% / 0.64%)
3487890664	ID:6	[HFS] ra=0 si=0 cx=49 ac=0
3487896314	ID:6	[LIST] Neighbors: 19,17,20,16,30,2,12,5
3487899951	ID:6	[LIST] Quarantine: (none)
3487903447	ID:6	[LIST] Blacklist: (none)
3487909900	ID:6	FUZZRID,DET,12,1323,1323,0,0,0,0,0,0,1,0,0,0
3490753589	ID:14	[HFS] ra=0 si=0 cx=49 ac=0
3490757670	ID:14	[LIST] Neighbors: 31,4,7,9,3
3490761306	ID:14	[LIST] Quarantine: (none)
3490764803	ID:14	[LIST] Blacklist: (none)
3490771118	ID:14	FUZZRID,DET,3,1086,1086,0,0,0,0,0,0,3,0,0,0
3492225526	ID:25	[HFS] ra=0 si=0 cx=49 ac=0
3492231324	ID:25	[LIST] Neighbors: 15,26,17,10,30,9,16,29
3492234981	ID:25	[LIST] Quarantine: (none)
3492238478	ID:25	[LIST] Blacklist: (none)
3492244933	ID:25	FUZZRID,DET,10,1072,1072,0,0,0,0,0,0,3,0,0,0
3492268107	ID:9	[HFS] ra=0 si=0 cx=49 ac=0
3492273345	ID:9	[LIST] Neighbors: 4,25,29,10,7,23,14
3492276982	ID:9	[LIST] Quarantine: (none)
3492280479	ID:9	[LIST] Blacklist: (none)
3492286934	ID:9	FUZZRID,DET,10,1072,1072,0,0,0,0,0,0,2,0,0,0
3492310556	ID:24	[HFS] ra=0 si=0 cx=49 ac=0
3492310782	ID:17	[HFS] ra=0 si=0 cx=49 ac=0
3492315500	ID:24	[LIST] Neighbors: 17,16,18,10,13,8
3492316725	ID:17	[LIST] Neighbors: 26,19,16,10,24,29,25,30
3492319165	ID:24	[LIST] Quarantine: (none)
3492320362	ID:17	[LIST] Quarantine: (none)
3492322662	ID:24	[LIST] Blacklist: (none)
3492323858	ID:17	[LIST] Blacklist: (none)
3492329117	ID:24	FUZZRID,DET,10,1072,1072,0,0,0,0,0,0,2,0,0,0
3492330314	ID:17	FUZZRID,DET,10,1072,1072,0,0,0,0,0,0,2,0,0,0
3493519020	ID:9	[HFS] ra=0 si=0 cx=49 ac=0
3493524230	ID:9	[LIST] Neighbors: 4,25,29,10,7,23,14
3493527867	ID:9	[LIST] Quarantine: (none)
3493531364	ID:9	[LIST] Blacklist: (none)
3493537714	ID:9	FUZZRID,DET,7,1094,1094,0,0,0,0,0,0,1,0,0,0
3498822636	ID:27	[ATK-FAKE-RANK]  true_rank=536 fake_rank=1172 t=11720s
3498932600	ID:15	[HFS] ra=74 si=49 cx=49 ac=82
3498938117	ID:15	[LIST] Neighbors: 28,26,22,19,25,11,27
3498941753	ID:15	[LIST] Quarantine: (none)
3498945269	ID:15	[LIST] Blacklist: (none)
3498952951	ID:15	FUZZRID,DET,27,1172,536,636,0,100,100,10,0,0,0,82,75
3509016632	ID:9	[HFS] ra=0 si=0 cx=49 ac=0
3509021841	ID:9	[LIST] Neighbors: 4,25,29,10,7,23,14
3509025478	ID:9	[LIST] Quarantine: (none)
3509028975	ID:9	[LIST] Blacklist: (none)
3509035445	ID:9	FUZZRID,DET,14,1030,1030,0,0,0,0,0,0,0,0,0,0
3509058095	ID:17	[HFS] ra=0 si=0 cx=49 ac=0
3509064037	ID:17	[LIST] Neighbors: 26,19,16,10,24,29,25,30
3509067674	ID:17	[LIST] Quarantine: (none)
3509071171	ID:17	[LIST] Blacklist: (none)
3509077267	ID:17	FUZZRID,DET,19,790,790,0,0,0,0,0,0,3,0,0,0
3511866658	ID:31	[ATK-FAKE-RANK]  true_rank=768 fake_rank=1468 t=11720s
3511906705	ID:4	[HFS] ra=74 si=49 cx=49 ac=82
3511911782	ID:4	[LIST] Neighbors: 28,9,31,7,3,14,21
3511915419	ID:4	[LIST] Quarantine: (none)
3511918916	ID:4	[LIST] Blacklist: (none)
3511926576	ID:4	FUZZRID,DET,31,1468,768,700,0,100,100,20,0,1,0,82,75
3516876361	ID:12	[HFS] ra=0 si=0 cx=49 ac=0
3516880585	ID:12	[LIST] Neighbors: 20,5,30,6,2
3516884222	ID:12	[LIST] Quarantine: (none)
3516887718	ID:12	[LIST] Blacklist: (none)
3516894045	ID:12	FUZZRID,DET,2,1329,1329,0,0,0,0,0,0,2,0,0,0
3524391527	ID:9	[HFS] ra=0 si=0 cx=49 ac=0
3524396736	ID:9	[LIST] Neighbors: 4,25,29,10,7,23,14
3524400373	ID:9	[LIST] Quarantine: (none)
3524403886	ID:9	[LIST] Blacklist: (none)
3524410341	ID:9	FUZZRID,DET,14,1030,1030,0,0,0,0,0,0,0,0,0,0
3524412678	ID:7	[HFS] ra=0 si=0 cx=49 ac=0
3524417048	ID:7	[LIST] Neighbors: 4,23,29,9,14
3524420685	ID:7	[LIST] Quarantine: (none)
3524424181	ID:7	[LIST] Blacklist: (none)
3524425021	ID:3	[HFS] ra=0 si=0 cx=49 ac=0
3524428685	ID:3	[LIST] Neighbors: 31,4,14
3524430636	ID:7	FUZZRID,DET,14,1030,1030,0,0,0,0,0,0,0,0,0,0
3524432322	ID:3	[LIST] Quarantine: (none)
3524435819	ID:3	[LIST] Blacklist: (none)
3524442293	ID:3	FUZZRID,DET,14,1030,1030,0,0,0,0,0,0,0,0,0,0
3525121881	ID:30	[ATK-FAKE-RANK]  true_rank=1039 fake_rank=1876 t=11720s
3525238602	ID:5	[HFS] ra=74 si=49 cx=49 ac=82
3525243399	ID:5	[LIST] Neighbors: 19,20,30,6,2,12
3525247036	ID:5	[LIST] Quarantine: (none)
3525250533	ID:5	[LIST] Blacklist: (none)
3525258222	ID:5	FUZZRID,DET,30,1876,1039,837,0,100,100,9,0,5,0,82,75
3540160124	ID:18	 453123 P 0.0 58 1495332 114491597 349666 912909 0 752861 15470 1950606 325 11917 0 11697 (radio 1.-66% / 0.62% tx 0.30% / 0.01% listen 0.04% / 0.60%)
3540188072	ID:16	 453123 P 0.0 58 3194302 112798049 713201 1400572 0 1053976 29079 1936921 0 14409 0 14409 (radio 1.-66% / 0.73% tx 0.24% / 0.00% listen 1.-91% / 0.73%)
3540326312	ID:3	 453123 P 0.0 58 1691304 114302333 401093 991501 0 816249 18553 1947342 424 13249 0 12851 (radio 1.-92% / 0.69% tx 0.34% / 0.02% listen 0.11% / 0.67%)
3540348335	ID:23	 453123 P 0.0 58 1588102 114402698 424050 915545 0 744521 15023 1951053 0 12063 0 12063 (radio 1.-96% / 0.61% tx 0.36% / 0.00% listen 0.04% / 0.61%)
3540374171	ID:25	 453123 P 0.0 58 3149035 112843024 705757 1444581 0 1105129 30624 1935281 0 13889 0 13872 (radio 1.-100% / 0.70% tx 0.23% / 0.00% listen 1.-87% / 0.70%)
3540417841	ID:11	 453123 P 0.0 58 2561664 113433852 620819 1231448 0 921244 36725 1929338 8911 15572 0 12522 (radio 1.-89% / 1.24% tx 0.16% / 0.45% listen 1.-68% / 0.79%)
3540558915	ID:19	 453123 P 0.0 58 5174054 110818211 1609145 1931585 0 996775 40443 1925618 4420 16671 0 13947 (radio 3.-291% / 1.07% tx 1.-73% / 0.22% listen 1.-82% / 0.84%)
3540565067	ID:20	 453123 P 0.0 58 2805313 113186284 568400 1227587 0 958146 33150 1932882 3094 15095 0 13493 (radio 1.-94% / 0.92% tx 0.11% / 0.15% listen 1.-69% / 0.76%)
3540580973	ID:10	 453123 P 0.0 58 2825628 113166957 670254 1453944 0 1155688 30137 1935734 3026 14034 0 13962 (radio 1.-65% / 0.86% tx 0.20% / 0.15% listen 1.-86% / 0.71%)
3540681103	ID:4	 453123 P 0.0 58 3138069 112855716 900737 1270761 0 845540 43497 1922572 8620 17029 0 12033 (radio 1.-98% / 1.30% tx 0.03% / 0.43% listen 1.-65% / 0.86%)
3540716591	ID:8	 453123 P 0.0 58 2238511 113752579 492686 1051283 0 833669 22025 1944014 0 14038 0 14038 (radio 1.-78% / 0.71% tx 0.05% / 0.00% listen 0.16% / 0.71%)
3540781122	ID:14	 453123 P 0.0 58 2709924 113281367 786665 1164784 0 795236 41338 1924603 11876 16160 0 12076 (radio 1.-80% / 1.42% tx 0.30% / 0.60% listen 1.-74% / 0.82%)
3540813303	ID:7	 453123 P 0.0 58 2221469 113771460 478946 1059372 0 844967 24502 1941474 949 12985 0 12433 (radio 1.-79% / 0.70% tx 0.04% / 0.04% listen 0.17% / 0.66%)
3540828685	ID:1	 453125 P 0.0 58 3990550 112003778 1552257 114442545 0 0 19576 1946408 0 1966079 0 0 (radio 25.-2498% / 100.-8739% tx 1.-78% / 0.00% listen 24.-2384% / 100.-8739%)
3540832881	ID:15	 453123 P 0.0 58 4722528 111268284 1340563 1796623 0 876874 31518 1934517 243 13107 0 12200 (radio 2.-189% / 0.67% tx 1.-96% / 0.01% listen 1.-94% / 0.66%)
3540834209	ID:17	 453123 P 0.0 58 4229394 111762649 1365801 1747147 0 1111850 47525 1918530 9314 17580 0 13274 (radio 2.-191% / 1.36% tx 1.-94% / 0.47% listen 1.-98% / 0.89%)
3540912962	ID:6	 453123 P 0.0 58 3144836 112844766 730264 1401647 0 1014539 44980 1920888 10009 18273 0 13459 (radio 1.-65% / 1.43% tx 0.25% / 0.50% listen 1.-91% / 0.92%)
3540922533	ID:2	 453123 P 0.0 58 2274941 113717704 507855 1094705 0 868661 36865 1929051 9594 17051 0 13121 (radio 1.-73% / 1.35% tx 0.06% / 0.48% listen 0.20% / 0.86%)
3540954834	ID:22	 453123 P 0.0 58 2040562 113948811 472117 1035429 0 827238 20204 1945479 0 16184 0 16184 (radio 1.-82% / 0.82% tx 0.03% / 0.00% listen 0.15% / 0.82%)
3541026018	ID:12	 453123 P 0.0 58 2185731 113803951 551582 1053108 0 830633 40080 1925867 11507 18049 0 12395 (radio 1.-73% / 1.50% tx 0.10% / 0.58% listen 0.16% / 0.91%)
3541042138	ID:9	 453123 P 0.0 58 2829998 113160146 743464 1221204 0 879425 41202 1924504 7403 16176 0 12003 (radio 1.-79% / 1.19% tx 0.27% / 0.37% listen 1.-69% / 0.82%)
3541084583	ID:24	 453123 P 0.0 58 3355682 112637658 1156952 1325356 0 807382 29072 1936909 2665 13325 0 11826 (radio 2.-172% / 0.81% tx 0.25% / 0.13% listen 1.-97% / 0.67%)
3541136052	ID:5	 453123 P 0.0 58 2407869 113583996 586911 1158593 0 904109 32064 1933960 5390 17080 0 14038 (radio 1.-98% / 1.14% tx 0.13% / 0.27% listen 0.25% / 0.86%)
3541137674	ID:21	 453123 P 0.0 58 2262649 113732860 483462 1172841 0 824883 25093 1940820 1783 13757 0 11810 (radio 1.-69% / 0.79% tx 0.04% / 0.09% listen 1.-73% / 0.69%)
3541140535	ID:13	 453123 P 0.0 58 1411933 114575149 308838 879973 0 761188 14572 1951503 0 11697 0 11697 (radio 1.-72% / 0.59% tx 0.26% / 0.00% listen 0.01% / 0.59%)
3543788865	ID:7	[HFS] ra=0 si=0 cx=49 ac=0
3543793222	ID:7	[LIST] Neighbors: 4,23,29,9,14
3543796859	ID:7	[LIST] Quarantine: (none)
3543800368	ID:7	[LIST] Blacklist: (none)
3543806823	ID:7	FUZZRID,DET,23,1416,1416,0,0,0,0,0,0,3,0,0,0
3544010775	ID:18	[HFS] ra=0 si=0 cx=49 ac=0
3544014159	ID:18	[LIST] Neighbors: 24,13
3544017796	ID:18	[LIST] Quarantine: (none)
3544021293	ID:18	[LIST] Blacklist: (none)
3544027747	ID:18	FUZZRID,DET,13,1678,1678,0,0,0,0,0,0,1,0,0,0
3549185650	ID:17	[HFS] ra=0 si=0 cx=49 ac=0
3549191592	ID:17	[LIST] Neighbors: 26,19,16,10,24,29,25,30
3549195229	ID:17	[LIST] Quarantine: (none)
3549198725	ID:17	[LIST] Blacklist: (none)
3549205211	ID:17	FUZZRID,DET,10,1072,1072,0,0,0,0,0,0,2,0,0,0
3551415101	ID:20	[HFS] ra=0 si=0 cx=49 ac=0
3551420750	ID:20	[LIST] Neighbors: 26,30,19,6,12,5,22,11
3551424387	ID:20	[LIST] Quarantine: (none)
3551427884	ID:20	[LIST] Blacklist: (none)
3551431680	ID:15	[HFS] ra=0 si=0 cx=49 ac=0
3551434343	ID:20	FUZZRID,DET,22,1021,1021,0,0,0,0,0,0,4,0,0,0
3551437196	ID:15	[LIST] Neighbors: 28,26,22,19,25,11,27
3551440833	ID:15	[LIST] Quarantine: (none)
3551444330	ID:15	[LIST] Blacklist: (none)
3551450783	ID:15	FUZZRID,DET,22,1021,1021,0,0,0,0,0,0,4,0,0,0
3551516421	ID:11	[HFS] ra=0 si=0 cx=49 ac=0
3551521531	ID:11	[LIST] Neighbors: 15,26,30,22,20,19
3551525168	ID:11	[LIST] Quarantine: (none)
3551528664	ID:11	[LIST] Blacklist: (none)
3551535119	ID:11	FUZZRID,DET,22,1021,1021,0,0,0,0,0,0,4,0,0,0
3554274032	ID:28	[ATK-FAKE-RANK]  true_rank=512 fake_rank=1272 t=11720s
3554362298	ID:21	[HFS] ra=74 si=49 cx=49 ac=82
3554365980	ID:21	[LIST] Neighbors: 28,4,31
3554369617	ID:21	[LIST] Quarantine: (none)
3554373114	ID:21	[LIST] Blacklist: (none)
3554380761	ID:21	FUZZRID,DET,28,1272,512,760,0,100,100,46,0,0,0,82,75
3556677314	ID:3	[HFS] ra=0 si=0 cx=49 ac=0
3556680991	ID:3	[LIST] Neighbors: 31,4,14
3556684628	ID:3	[LIST] Quarantine: (none)
3556688125	ID:3	[LIST] Blacklist: (none)
3556694217	ID:3	FUZZRID,DET,4,843,843,0,0,0,0,0,0,10,0,0,0
3559848568	ID:25	[HFS] ra=0 si=0 cx=49 ac=0
3559854366	ID:25	[LIST] Neighbors: 15,26,17,10,30,9,16,29
3559858003	ID:25	[LIST] Quarantine: (none)
3559861519	ID:25	[LIST] Blacklist: (none)
3559867974	ID:25	FUZZRID,DET,17,1090,1090,0,0,0,0,0,0,6,0,0,0
3561894555	ID:11	[HFS] ra=0 si=0 cx=49 ac=0
3561899645	ID:11	[LIST] Neighbors: 15,26,30,22,20,19
3561903282	ID:11	[LIST] Quarantine: (none)
3561906779	ID:11	[LIST] Blacklist: (none)
3561913241	ID:11	FUZZRID,DET,22,1021,1021,0,0,0,0,0,0,3,0,0,0
3564000809	ID:12	[HFS] ra=0 si=0 cx=49 ac=0
3564005034	ID:12	[LIST] Neighbors: 20,5,30,6,2
3564008670	ID:12	[LIST] Quarantine: (none)
3564012167	ID:12	[LIST] Blacklist: (none)
3564018621	ID:12	FUZZRID,DET,5,1051,1051,0,0,0,0,0,0,15,0,0,0
3566663409	ID:7	[HFS] ra=0 si=0 cx=49 ac=0
3566667765	ID:7	[LIST] Neighbors: 4,23,29,9,14
3566671402	ID:7	[LIST] Quarantine: (none)
3566674899	ID:7	[LIST] Blacklist: (none)
3566681223	ID:7	FUZZRID,DET,9,1099,1099,0,0,0,0,0,0,5,0,0,0
3569435345	ID:26	[ATK-FAKE-RANK]  true_rank=829 fake_rank=1609 t=11720s
3572431341	ID:29	[ATK-FAKE-RANK]  true_rank=1390 fake_rank=2451 t=11720s
3572541072	ID:16	[HFS] ra=74 si=49 cx=49 ac=82
3572546723	ID:16	[LIST] Neighbors: 19,17,30,24,29,25,2,8
3572550363	ID:16	[LIST] Quarantine: (none)
3572553860	ID:16	[LIST] Blacklist: (none)
3572561729	ID:16	FUZZRID,DET,29,2451,1390,1061,0,100,100,4,0,6,0,82,75
3583892250	ID:9	[HFS] ra=0 si=0 cx=49 ac=0
3583897460	ID:9	[LIST] Neighbors: 4,25,29,10,7,23,14
3583901097	ID:9	[LIST] Quarantine: (none)
3583904594	ID:9	[LIST] Blacklist: (none)
3583911048	ID:9	FUZZRID,DET,23,1409,1409,0,0,0,0,0,0,5,0,0,0
3583912842	ID:7	[HFS] ra=0 si=0 cx=49 ac=0
3583917199	ID:7	[LIST] Neighbors: 4,23,29,9,14
3583920836	ID:7	[LIST] Quarantine: (none)
3583924332	ID:7	[LIST] Blacklist: (none)
3583930786	ID:7	FUZZRID,DET,23,1409,1409,0,0,0,0,0,0,3,0,0,0
3584064785	ID:27	[ATK-FAKE-RANK]  true_rank=528 fake_rank=1192 t=11720s
3584557561	ID:24	[HFS] ra=0 si=0 cx=49 ac=0
3584562538	ID:24	[LIST] Neighbors: 17,16,18,10,13,8
3584566175	ID:24	[LIST] Quarantine: (none)
3584569672	ID:24	[LIST] Blacklist: (none)
3584576125	ID:24	FUZZRID,DET,18,1701,1701,0,0,0,0,0,0,0,0,0,0
3587415203	ID:16	[HFS] ra=0 si=0 cx=49 ac=0
3587420852	ID:16	[LIST] Neighbors: 19,17,30,24,29,25,2,8
3587424489	ID:16	[LIST] Quarantine: (none)
3587427986	ID:16	[LIST] Blacklist: (none)
3587434333	ID:16	FUZZRID,DET,2,1329,1329,0,0,0,0,0,0,0,0,0,0
TEST TIMEOUT
