sim_ms,mote_id,src,R,Rhat,e,v1,v2,v3,v4,v5,v6,v7,AC,ML,t,type,action
26518,1,2,768,768,0,0,0,0,0,0,0,0,0,0,26,detection,
26536,20,2,768,768,0,0,0,0,0,0,0,0,0,0,26,detection,
26553,10,2,768,768,0,0,0,0,0,0,0,0,0,0,26,detection,
26556,13,2,768,768,0,0,0,0,0,0,0,0,0,0,26,detection,
26599,3,2,768,768,0,0,0,0,0,0,0,0,0,0,26,detection,
26634,19,2,768,768,0,0,0,0,0,0,0,0,0,0,26,detection,
27488,1,21,512,512,0,0,0,0,0,0,0,0,0,0,27,detection,
27544,4,21,512,512,0,0,0,0,0,0,0,0,0,0,27,detection,
27574,17,21,512,512,0,0,0,0,0,0,0,0,0,0,27,detection,
27639,1,28,512,512,0,0,0,0,0,0,0,0,0,0,27,detection,
27681,2,28,512,512,0,0,0,0,0,0,0,0,0,0,27,detection,
27681,13,28,512,512,0,0,0,0,0,0,0,0,0,0,27,detection,
27682,10,28,512,512,0,0,0,0,0,0,0,0,0,0,27,detection,
27749,7,28,512,512,0,0,0,0,0,0,0,0,0,0,27,detection,
27763,19,28,512,512,0,0,0,0,0,0,0,0,0,0,27,detection,
27815,1,4,512,512,0,0,0,0,0,0,0,0,0,0,27,detection,
27909,21,4,512,512,0,0,0,0,0,0,0,0,0,0,27,detection,
28111,1,19,512,512,0,0,0,0,0,0,0,0,0,0,28,detection,
28170,4,19,512,512,0,0,0,0,0,0,0,0,0,0,28,detection,
28184,2,19,512,512,0,0,0,0,0,0,0,0,0,0,28,detection,
28184,13,19,512,512,0,0,0,0,0,0,0,0,0,0,28,detection,
28627,1,27,512,512,0,0,0,0,0,0,0,0,0,0,28,detection,
28660,21,27,512,512,0,0,0,0,0,0,0,0,0,0,28,detection,
28669,4,27,512,512,0,0,0,0,0,0,0,0,0,0,28,detection,
28688,2,27,512,512,0,0,0,0,0,0,0,0,0,0,28,detection,
28698,17,27,512,512,0,0,0,0,0,0,0,0,0,0,28,detection,
29055,10,13,1024,1024,0,0,0,0,0,0,0,0,0,0,29,detection,
29061,2,13,1024,1024,0,0,0,0,0,0,0,0,0,0,29,detection,
29123,7,13,1024,1024,0,0,0,0,0,0,0,0,0,0,29,detection,
30137,1,3,1024,1024,0,0,0,0,0,0,0,0,0,0,30,detection,
30161,21,3,1024,1024,0,0,0,0,0,0,0,0,0,0,30,detection,
30198,17,3,1024,1024,0,0,0,0,0,0,0,0,0,0,30,detection,
30250,7,10,1024,1024,0,0,0,0,0,0,0,0,0,0,30,detection,
30287,20,10,1024,1024,0,0,0,0,0,0,0,0,0,0,30,detection,
30310,13,10,1024,1024,0,0,0,0,0,0,0,0,0,0,30,detection,
30312,2,10,1024,1024,0,0,0,0,0,0,0,0,0,0,30,detection,
30480,14,20,1024,1024,0,0,0,0,0,0,0,0,0,0,30,detection,
30852,3,23,1024,1024,0,0,0,0,0,0,0,0,0,0,30,detection,
31230,3,17,1024,1024,0,0,0,0,0,0,0,0,0,0,31,detection,
31276,5,7,1024,1024,0,0,0,0,0,0,0,0,0,0,31,detection,
31308,10,7,1024,1024,0,0,0,0,0,0,0,0,0,0,31,detection,
31309,13,7,1024,1024,0,0,0,0,0,0,0,0,0,0,31,detection,
31336,8,7,1024,1024,0,0,0,0,0,0,0,0,0,0,31,detection,
32328,17,31,1024,1024,0,0,0,0,0,0,0,0,0,0,32,detection,
32329,16,31,1024,1024,0,0,0,0,0,0,0,0,0,0,32,detection,
32354,3,31,1024,1024,0,0,0,0,0,0,0,0,0,0,32,detection,
32664,20,25,1280,1280,0,0,0,0,0,0,0,0,0,0,32,detection,
32682,13,25,1280,1280,0,0,0,0,0,0,0,0,0,0,32,detection,
32682,10,25,1280,1280,0,0,0,0,0,0,0,0,0,0,32,detection,
32709,8,25,1280,1280,0,0,0,0,0,0,0,0,0,0,32,detection,
32732,14,25,1280,1280,0,0,0,0,0,0,0,0,0,0,32,detection,
32749,7,25,1280,1280,0,0,0,0,0,0,0,0,0,0,32,detection,
32841,1,27,512,512,0,0,0,0,0,0,0,0,0,0,32,detection,
32854,3,27,512,512,0,0,0,0,0,0,0,0,0,0,32,detection,
32887,19,27,512,512,0,0,0,0,0,0,0,0,0,0,32,detection,
32912,21,27,512,512,0,0,0,0,0,0,0,0,0,0,32,detection,
32921,4,27,512,512,0,0,0,0,0,0,0,0,0,0,32,detection,
32935,2,27,512,512,0,0,0,0,0,0,0,0,0,0,32,detection,
32951,17,27,512,512,0,0,0,0,0,0,0,0,0,0,32,detection,
34132,9,14,1536,1536,0,0,0,0,0,0,0,0,0,0,34,detection,
34149,6,14,1536,1536,0,0,0,0,0,0,0,0,0,0,34,detection,
34166,20,14,1536,1536,0,0,0,0,0,0,0,0,0,0,34,detection,
34384,9,24,1280,1280,0,0,0,0,0,0,0,0,0,0,34,detection,
34443,22,24,1280,1280,0,0,0,0,0,0,0,0,0,0,34,detection,
34835,8,5,1280,1280,0,0,0,0,0,0,0,0,0,0,34,detection,
34874,7,5,1280,1280,0,0,0,0,0,0,0,0,0,0,34,detection,
35124,7,8,1536,1536,0,0,0,0,0,0,0,0,0,0,35,detection,
35153,5,8,1536,1536,0,0,0,0,0,0,0,0,0,0,35,detection,
35655,1,21,512,512,0,0,0,0,0,0,0,0,0,0,35,detection,
35700,17,21,512,512,0,0,0,0,0,0,1,0,0,0,35,detection,
35729,3,21,512,512,0,0,0,0,0,0,0,0,0,0,35,detection,
35785,1,28,512,512,0,0,0,0,0,0,0,0,0,0,35,detection,
35791,20,28,512,512,0,0,0,0,0,0,0,0,0,0,35,detection,
35806,10,28,512,512,0,0,0,0,0,0,0,0,0,0,35,detection,
35810,13,28,512,512,0,0,0,0,0,0,0,0,0,0,35,detection,
35810,2,28,512,512,0,0,0,0,0,0,0,0,0,0,35,detection,
35874,7,28,512,512,0,0,0,0,0,0,1,0,0,0,35,detection,
35882,1,4,512,512,0,0,0,0,0,0,0,0,0,0,35,detection,
35887,19,4,512,512,0,0,0,0,0,0,0,0,0,0,35,detection,
35910,21,4,512,512,0,0,0,0,0,0,0,0,0,0,35,detection,
35944,22,16,1536,1536,0,0,0,0,0,0,0,0,0,0,35,detection,
36083,16,26,1280,1280,0,0,0,0,0,0,0,0,0,0,36,detection,
36115,1,2,512,512,0,0,0,0,0,0,4,0,0,0,36,detection,
36135,19,2,512,512,0,0,0,0,0,0,4,0,0,0,36,detection,
36141,18,26,1280,1280,0,0,0,0,0,0,0,0,0,0,36,detection,
36161,20,2,512,512,0,0,0,0,0,0,6,0,0,0,36,detection,
36182,10,2,512,512,0,0,0,0,0,0,6,0,0,0,36,detection,
36183,13,2,512,512,0,0,0,0,0,0,6,0,0,0,36,detection,
36230,3,2,512,512,0,0,0,0,0,0,6,0,0,0,36,detection,
36255,1,19,512,512,0,0,0,0,0,0,0,0,0,0,36,detection,
36277,6,30,1536,1536,0,0,0,0,0,0,0,0,0,0,36,detection,
36310,2,19,512,512,0,0,0,0,0,0,0,0,0,0,36,detection,
36310,13,19,512,512,0,0,0,0,0,0,0,0,0,0,36,detection,
36338,8,30,1536,1536,0,0,0,0,0,0,0,0,0,0,36,detection,
36358,14,30,1536,1536,0,0,0,0,0,0,0,0,0,0,36,detection,
37036,21,17,768,768,0,0,0,0,0,0,0,0,0,0,37,detection,
37701,17,31,790,790,0,0,0,0,0,0,3,0,0,0,37,detection,
37704,16,31,790,790,0,0,0,0,0,0,4,0,0,0,37,detection,
37764,12,9,1792,1792,0,0,0,0,0,0,0,0,0,0,37,detection,
37769,15,9,1792,1792,0,0,0,0,0,0,0,0,0,0,37,detection,
37779,6,9,1792,1792,0,0,0,0,0,0,0,0,0,0,37,detection,
37984,11,6,2048,2048,0,0,0,0,0,0,0,0,0,0,37,detection,
38009,9,6,2048,2048,0,0,0,0,0,0,0,0,0,0,38,detection,
38048,1,3,768,768,0,0,0,0,0,0,0,0,0,0,38,detection,
38061,2,3,768,768,0,0,0,0,0,0,0,0,0,0,38,detection,
38076,17,3,768,768,0,0,0,0,0,0,0,0,0,0,38,detection,
38162,21,3,768,768,0,0,0,0,0,0,0,0,0,0,38,detection,
38517,18,22,1536,1536,0,0,0,0,0,0,0,0,0,0,38,detection,
38582,16,22,1536,1536,0,0,0,0,0,0,0,0,0,0,38,detection,
38625,7,13,768,768,0,0,0,0,0,0,4,0,0,0,38,detection,
38638,19,13,768,768,0,0,0,0,0,0,0,0,0,0,38,detection,
38683,10,20,768,768,0,0,0,0,0,0,0,0,0,0,38,detection,
38697,2,20,768,768,0,0,0,0,0,0,0,0,0,0,38,detection,
38917,20,23,768,768,0,0,0,0,0,0,0,0,0,0,38,detection,
38933,10,23,768,768,0,0,0,0,0,0,0,0,0,0,38,detection,
38939,2,23,768,768,0,0,0,0,0,0,0,0,0,0,38,detection,
38978,3,23,768,768,0,0,0,0,0,0,4,0,0,0,38,detection,
39400,5,7,768,768,0,0,0,0,0,0,6,0,0,0,39,detection,
39433,13,7,768,768,0,0,0,0,0,0,4,0,0,0,39,detection,
39434,10,7,768,768,0,0,0,0,0,0,6,0,0,0,39,detection,
39706,16,18,1536,1536,0,0,0,0,0,0,0,0,0,0,39,detection,
39750,7,10,768,768,0,0,0,0,0,0,8,0,0,0,39,detection,
39765,19,10,768,768,0,0,0,0,0,0,0,0,0,0,39,detection,
39768,15,14,1792,1792,0,0,0,0,0,0,0,0,0,0,39,detection,
39777,6,14,1792,1792,0,0,0,0,0,0,2,0,0,0,39,detection,
40357,14,25,1280,1280,0,0,0,0,0,0,0,0,0,0,40,detection,
40376,7,25,1280,1280,0,0,0,0,0,0,0,0,0,0,40,detection,
40400,5,25,1280,1280,0,0,0,0,0,0,0,0,0,0,40,detection,
40432,10,25,1280,1280,0,0,0,0,0,0,1,0,0,0,40,detection,
40436,13,25,1280,1280,0,0,0,0,0,0,0,0,0,0,40,detection,
40460,8,25,1280,1280,0,0,0,0,0,0,0,0,0,0,40,detection,
41889,12,29,2048,2048,0,0,0,0,0,0,0,0,0,0,41,detection,
41896,15,29,2048,2048,0,0,0,0,0,0,0,0,0,0,41,detection,
41896,18,29,2048,2048,0,0,0,0,0,0,0,0,0,0,41,detection,
42234,11,15,2304,2304,0,0,0,0,0,0,0,0,0,0,42,detection,
42275,6,15,2304,2304,0,0,0,0,0,0,0,0,0,0,42,detection,
42483,14,24,1331,1331,0,0,0,0,0,0,0,0,0,0,42,detection,
42507,9,24,1331,1331,0,0,0,0,0,0,0,0,0,0,42,detection,
42521,15,24,1331,1331,0,0,0,0,0,0,0,0,0,0,42,detection,
42581,8,5,1024,1024,0,0,0,0,0,0,0,0,0,0,42,detection,
42626,7,5,1024,1024,0,0,0,0,0,0,0,0,0,0,42,detection,
43517,18,22,1536,1536,0,0,0,0,0,0,0,0,0,0,43,detection,
43582,16,22,1536,1536,0,0,0,0,0,0,0,0,0,0,43,detection,
43609,11,6,2048,2048,0,0,0,0,0,0,4,0,0,0,43,detection,
44071,22,16,1276,1276,0,0,0,0,0,0,0,0,0,0,44,detection,
44456,16,26,1305,1305,0,0,0,0,0,0,0,0,0,0,44,detection,
44585,8,30,1536,1536,0,0,0,0,0,0,0,0,0,0,44,detection,
45655,1,4,512,512,0,0,0,0,0,0,0,0,0,0,45,detection,
45662,21,4,512,512,0,0,0,0,0,0,0,0,0,0,45,detection,
45762,19,4,512,512,0,0,0,0,0,0,0,0,0,0,45,detection,
45862,11,15,1843,1843,0,0,0,0,0,0,3,0,0,0,45,detection,
45889,12,15,1843,1843,0,0,0,0,0,0,0,0,0,0,45,detection,
45902,6,15,1843,1843,0,0,0,0,0,0,3,0,0,0,45,detection,
46359,14,9,1817,1817,0,0,0,0,0,0,0,0,0,0,46,detection,
46395,15,9,1817,1817,0,0,0,0,0,0,2,0,0,0,46,detection,
46447,22,9,1817,1817,0,0,0,0,0,0,0,0,0,0,46,detection,
46624,7,10,819,819,0,0,0,0,0,0,7,0,0,0,46,detection,
46631,9,12,2304,2304,0,0,0,0,0,0,0,0,0,0,46,detection,
46646,15,12,2304,2304,0,0,0,0,0,0,0,0,0,0,46,detection,
46655,6,12,2304,2304,0,0,0,0,0,0,0,0,0,0,46,detection,
47457,16,18,1536,1536,0,0,0,0,0,0,0,0,0,0,47,detection,
48011,9,29,2304,2304,0,0,0,0,0,0,0,0,0,0,48,detection,
48012,12,29,2304,2304,0,0,0,0,0,0,1,0,0,0,48,detection,
48068,22,29,2304,2304,0,0,0,0,0,0,0,0,0,0,48,detection,
49016,12,11,2355,2355,0,0,0,0,0,0,0,0,0,0,49,detection,
49021,15,11,2355,2355,0,0,0,0,0,0,0,0,0,0,49,detection,
49031,6,11,2355,2355,0,0,0,0,0,0,0,0,0,0,49,detection,
49716,1,2,512,512,0,0,0,0,0,0,5,0,0,0,49,detection,
49729,3,2,512,512,0,0,0,0,0,0,6,0,0,0,49,detection,
49763,19,2,512,512,0,0,0,0,0,0,5,0,0,0,49,detection,
49788,20,2,512,512,0,0,0,0,0,0,6,0,0,0,49,detection,
49806,10,2,512,512,0,0,0,0,0,0,7,0,0,0,49,detection,
49810,13,2,512,512,0,0,0,0,0,0,6,0,0,0,49,detection,
50355,3,17,768,768,0,0,0,0,0,0,4,0,0,0,50,detection,
50357,14,6,1792,1792,0,0,0,0,0,0,0,0,0,0,50,detection,
50359,11,6,1792,1792,0,0,0,0,0,0,9,0,0,0,50,detection,
50383,9,6,1792,1792,0,0,0,0,0,0,8,0,0,0,50,detection,
50393,12,6,1792,1792,0,0,0,0,0,0,0,0,0,0,50,detection,
50399,15,6,1792,1792,0,0,0,0,0,0,0,0,0,0,50,detection,
51382,9,15,2047,2047,0,0,0,0,0,0,0,0,0,0,51,detection,
51390,12,15,2047,2047,0,0,0,0,0,0,0,0,0,0,51,detection,
51404,6,15,2047,2047,0,0,0,0,0,0,4,0,0,0,51,detection,
51487,11,15,2047,2047,0,0,0,0,0,0,5,0,0,0,51,detection,
51488,14,15,2047,2047,0,0,0,0,0,0,0,0,0,0,51,detection,
51662,1,27,512,512,0,0,0,0,0,0,0,0,0,0,51,detection,
51668,4,27,512,512,0,0,0,0,0,0,0,0,0,0,51,detection,
51688,2,27,512,512,0,0,0,0,0,0,0,0,0,0,51,detection,
51699,17,27,512,512,0,0,0,0,0,0,0,0,0,0,51,detection,
51730,3,27,512,512,0,0,0,0,0,0,0,0,0,0,51,detection,
51764,19,27,512,512,0,0,0,0,0,0,0,0,0,0,51,detection,
52057,10,20,796,796,0,0,0,0,0,0,0,0,0,0,52,detection,
52063,2,20,796,796,0,0,0,0,0,0,0,0,0,0,52,detection,
52112,14,20,796,796,0,0,0,0,0,0,1,0,0,0,52,detection,
52230,3,23,844,844,0,0,0,0,0,0,3,0,0,0,52,detection,
52495,1,19,512,512,0,0,0,0,0,0,0,0,0,0,52,detection,
52545,4,19,512,512,0,0,0,0,0,0,0,0,0,0,52,detection,
53001,7,8,1280,1280,0,0,0,0,0,0,4,0,0,0,53,detection,
53021,1,28,512,512,0,0,0,0,0,0,0,0,0,0,53,detection,
53060,2,28,512,512,0,0,0,0,0,0,0,0,0,0,53,detection,
53123,7,28,512,512,0,0,0,0,0,0,1,0,0,0,53,detection,
53136,19,28,512,512,0,0,0,0,0,0,0,0,0,0,53,detection,
53449,22,31,810,810,0,0,0,0,0,0,0,0,0,0,53,detection,
53455,16,31,810,810,0,0,0,0,0,0,4,0,0,0,53,detection,
53478,3,31,810,810,0,0,0,0,0,0,3,0,0,0,53,detection,
53501,7,5,1024,1024,0,0,0,0,0,0,0,0,0,0,53,detection,
54933,1,3,819,819,0,0,0,0,0,0,0,0,0,0,54,detection,
54938,2,3,819,819,0,0,0,0,0,0,0,0,0,0,54,detection,
54948,17,3,819,819,0,0,0,0,0,0,0,0,0,0,54,detection,
54985,14,24,1109,1109,0,0,0,0,0,0,0,0,0,0,54,detection,
55010,9,24,1109,1109,0,0,0,0,0,0,0,0,0,0,55,detection,
55024,15,24,1109,1109,0,0,0,0,0,0,1,0,0,0,55,detection,
55069,22,24,1109,1109,0,0,0,0,0,0,2,0,0,0,55,detection,
56152,5,7,768,768,0,0,0,0,0,0,6,0,0,0,56,detection,
56184,13,7,768,768,0,0,0,0,0,0,5,0,0,0,56,detection,
56184,10,7,768,768,0,0,0,0,0,0,6,0,0,0,56,detection,
56208,8,7,768,768,0,0,0,0,0,0,6,0,0,0,56,detection,
56485,14,25,1280,1280,0,0,0,0,0,0,0,0,0,0,56,detection,
56497,7,25,1280,1280,0,0,0,0,0,0,0,0,0,0,56,detection,
56513,9,22,1322,1322,0,0,0,0,0,0,0,0,0,0,56,detection,
56520,18,22,1322,1322,0,0,0,0,0,0,9,0,0,0,56,detection,
56530,5,25,1280,1280,0,0,0,0,0,0,0,0,0,0,56,detection,
56558,10,25,1280,1280,0,0,0,0,0,0,1,0,0,0,56,detection,
56581,16,22,1322,1322,0,0,0,0,0,0,9,0,0,0,56,detection,
56586,8,25,1280,1280,0,0,0,0,0,0,0,0,0,0,56,detection,
56647,15,11,2303,2303,0,0,0,0,0,0,4,0,0,0,56,detection,
57884,9,14,1558,1558,0,0,0,0,0,0,2,0,0,0,57,detection,
57897,15,14,1558,1558,0,0,0,0,0,0,1,0,0,0,57,detection,
57914,20,14,1558,1558,0,0,0,0,0,0,1,0,0,0,57,detection,
60395,18,26,1091,1091,0,0,0,0,0,0,1,0,0,0,60,detection,
60447,22,26,1091,1091,0,0,0,0,0,0,0,0,0,0,60,detection,
60456,16,26,1091,1091,0,0,0,0,0,0,0,0,0,0,60,detection,
60698,22,16,1503,1503,0,0,0,0,0,0,2,0,0,0,60,detection,
60749,7,10,865,865,0,0,0,0,0,0,6,0,0,0,60,detection,
60763,19,10,865,865,0,0,0,0,0,0,0,0,0,0,60,detection,
60772,18,16,1503,1503,0,0,0,0,0,0,0,0,0,0,60,detection,
60811,2,10,865,865,0,0,0,0,0,0,4,0,0,0,60,detection,
61085,8,30,1536,1536,0,0,0,0,0,0,0,0,0,0,61,detection,
61108,14,30,1536,1536,0,0,0,0,0,0,0,0,0,0,61,detection,
61150,15,30,1536,1536,0,0,0,0,0,0,0,0,0,0,61,detection,
61154,6,30,1536,1536,0,0,0,0,0,0,1,0,0,0,61,detection,
62232,14,6,1792,1792,0,0,0,0,0,0,0,0,0,0,62,detection,
62237,11,6,1792,1792,0,0,0,0,0,0,11,0,0,0,62,detection,
62257,9,6,1792,1792,0,0,0,0,0,0,9,0,0,0,62,detection,
62265,12,6,1792,1792,0,0,0,0,0,0,0,0,0,0,62,detection,
62271,15,6,1792,1792,0,0,0,0,0,0,0,0,0,0,62,detection,
62389,12,9,1538,1538,0,0,0,0,0,0,1,0,0,0,62,detection,
62403,6,9,1538,1538,0,0,0,0,0,0,1,0,0,0,62,detection,
62446,22,9,1538,1538,0,0,0,0,0,0,1,0,0,0,62,detection,
62485,14,9,1538,1538,0,0,0,0,0,0,0,0,0,0,62,detection,
63574,22,18,1347,1347,0,0,0,0,0,0,0,0,0,0,63,detection,
64259,9,22,1066,1066,0,0,0,0,0,0,4,0,0,0,64,detection,
64270,18,22,1066,1066,0,0,0,0,0,0,8,0,0,0,64,detection,
65027,6,15,1737,1737,0,0,0,0,0,0,4,0,0,0,65,detection,
65109,14,15,1737,1737,0,0,0,0,0,0,0,0,0,0,65,detection,
65109,11,15,1737,1737,0,0,0,0,0,0,5,0,0,0,65,detection,
65134,9,15,1737,1737,0,0,0,0,0,0,0,0,0,0,65,detection,
65987,11,12,2050,2050,0,0,0,0,0,0,0,0,0,0,65,detection,
66020,15,12,2050,2050,0,0,0,0,0,0,0,0,0,0,66,detection,
66028,6,12,2050,2050,0,0,0,0,0,0,0,0,0,0,66,detection,
66260,9,29,1859,1859,0,0,0,0,0,0,4,0,0,0,66,detection,
66271,18,29,1859,1859,0,0,0,0,0,0,3,0,0,0,66,detection,
66273,15,29,1859,1859,0,0,0,0,0,0,4,0,0,0,66,detection,
66323,22,29,1859,1859,0,0,0,0,0,0,6,0,0,0,66,detection,
70516,12,11,2038,2038,0,0,0,0,0,0,2,0,0,0,70,detection,
70522,15,11,2038,2038,0,0,0,0,0,0,4,0,0,0,70,detection,
70530,6,11,2038,2038,0,0,0,0,0,0,2,0,0,0,70,detection,
72072,22,29,1603,1603,0,0,0,0,0,0,12,0,0,0,72,detection,
72132,9,29,1603,1603,0,0,0,0,0,0,10,0,0,0,72,detection,
72139,12,29,1603,1603,0,0,0,0,0,0,10,0,0,0,72,detection,
72149,15,29,1603,1603,0,0,0,0,0,0,8,0,0,0,72,detection,
73286,1,2,512,512,0,0,0,0,0,0,4,0,0,0,73,detection,
73307,13,2,512,512,0,0,0,0,0,0,6,0,0,0,73,detection,
73308,10,2,512,512,0,0,0,0,0,0,7,0,0,0,73,detection,
73355,3,2,512,512,0,0,0,0,0,0,6,0,0,0,73,detection,
73389,19,2,512,512,0,0,0,0,0,0,4,0,0,0,73,detection,
73545,1,4,512,512,0,0,0,0,0,0,0,0,0,0,73,detection,
73640,19,4,512,512,0,0,0,0,0,0,0,0,0,0,73,detection,
73659,21,4,512,512,0,0,0,0,0,0,0,0,0,0,73,detection,
75860,14,20,833,833,0,0,0,0,0,0,1,0,0,0,75,detection,
76081,16,22,1066,1066,0,0,0,0,0,0,8,0,0,0,76,detection,
76145,18,22,1066,1066,0,0,0,0,0,0,8,0,0,0,76,detection,
76154,6,14,1544,1544,0,0,0,0,0,0,3,0,0,0,76,detection,
76904,1,27,512,512,0,0,0,0,0,0,0,0,0,0,76,detection,
76911,21,27,512,512,0,0,0,0,0,0,0,0,0,0,76,detection,
76919,4,27,512,512,0,0,0,0,0,0,0,0,0,0,76,detection,
76935,2,27,512,512,0,0,0,0,0,0,0,0,0,0,76,detection,
76949,17,27,512,512,0,0,0,0,0,0,0,0,0,0,76,detection,
76981,3,27,512,512,0,0,0,0,0,0,0,0,0,0,76,detection,
77015,19,27,512,512,0,0,0,0,0,0,0,0,0,0,77,detection,
77434,10,25,1280,1280,0,0,0,0,0,0,1,0,0,0,77,detection,
77435,13,25,1280,1280,0,0,0,0,0,0,0,0,0,0,77,detection,
77458,8,25,1280,1280,0,0,0,0,0,0,0,0,0,0,77,detection,
77526,5,25,1280,1280,0,0,0,0,0,0,0,0,0,0,77,detection,
77541,20,25,1280,1280,0,0,0,0,0,0,0,0,0,0,77,detection,
78585,8,5,1024,1024,0,0,0,0,0,0,0,0,0,0,78,detection,
78625,7,5,1024,1024,0,0,0,0,0,0,0,0,0,0,78,detection,
79553,1,19,512,512,0,0,0,0,0,0,0,0,0,0,79,detection,
79561,10,19,512,512,0,0,0,0,0,0,0,0,0,0,79,detection,
79562,2,19,512,512,0,0,0,0,0,0,0,0,0,0,79,detection,
79610,14,24,1117,1117,0,0,0,0,0,0,0,0,0,0,79,detection,
79635,9,24,1117,1117,0,0,0,0,0,0,0,0,0,0,79,detection,
79649,15,24,1117,1117,0,0,0,0,0,0,1,0,0,0,79,detection,
79671,4,19,512,512,0,0,0,0,0,0,0,0,0,0,79,detection,
79695,22,24,1117,1117,0,0,0,0,0,0,2,0,0,0,79,detection,
80023,15,30,1536,1536,0,0,0,0,0,0,0,0,0,0,80,detection,
80030,6,30,1536,1536,0,0,0,0,0,0,1,0,0,0,80,detection,
80084,8,30,1536,1536,0,0,0,0,0,0,0,0,0,0,80,detection,
80112,14,30,1536,1536,0,0,0,0,0,0,0,0,0,0,80,detection,
80875,7,8,1049,1049,0,0,0,0,0,0,4,0,0,0,80,detection,
80902,5,8,1049,1049,0,0,0,0,0,0,3,0,0,0,80,detection,
81310,10,23,836,836,0,0,0,0,0,0,0,0,0,0,81,detection,
81351,3,23,836,836,0,0,0,0,0,0,3,0,0,0,81,detection,
81719,1,3,855,855,0,0,0,0,0,0,0,0,0,0,81,detection,
81786,21,3,855,855,0,0,0,0,0,0,0,0,0,0,81,detection,
81810,2,3,855,855,0,0,0,0,0,0,0,0,0,0,81,detection,
81824,17,3,855,855,0,0,0,0,0,0,0,0,0,0,81,detection,
83573,22,31,884,884,0,0,0,0,0,0,1,0,0,0,83,detection,
83575,17,31,884,884,0,0,0,0,0,0,2,0,0,0,83,detection,
83626,7,10,855,855,0,0,0,0,0,0,5,0,0,0,83,detection,
83664,20,10,855,855,0,0,0,0,0,0,5,0,0,0,83,detection,
84273,1,28,512,512,0,0,0,0,0,0,0,0,0,0,84,detection,
84291,20,28,512,512,0,0,0,0,0,0,0,0,0,0,84,detection,
84307,13,28,512,512,0,0,0,0,0,0,0,0,0,0,84,detection,
84308,10,28,512,512,0,0,0,0,0,0,1,0,0,0,84,detection,
84313,2,28,512,512,0,0,0,0,0,0,0,0,0,0,84,detection,
84375,7,28,512,512,0,0,0,0,0,0,1,0,0,0,84,detection,
84389,19,28,512,512,0,0,0,0,0,0,0,0,0,0,84,detection,
84515,1,21,512,512,0,0,0,0,0,0,0,0,0,0,84,detection,
84543,4,21,512,512,0,0,0,0,0,0,0,0,0,0,84,detection,
84573,17,21,512,512,0,0,0,0,0,0,1,0,0,0,84,detection,
84605,3,21,512,512,0,0,0,0,0,0,0,0,0,0,84,detection,
85321,22,29,1603,1603,0,0,0,0,0,0,14,0,0,0,85,detection,
85386,9,29,1603,1603,0,0,0,0,0,0,13,0,0,0,85,detection,
85388,12,29,1603,1603,0,0,0,0,0,0,13,0,0,0,85,detection,
85396,18,29,1603,1603,0,0,0,0,0,0,7,0,0,0,85,detection,
85398,15,29,1603,1603,0,0,0,0,0,0,9,0,0,0,85,detection,
87582,16,26,1343,1343,0,0,0,0,0,0,2,0,0,0,87,detection,
87642,18,26,1343,1343,0,0,0,0,0,0,4,0,0,0,87,detection,
87697,22,26,1343,1343,0,0,0,0,0,0,2,0,0,0,87,detection,
87728,3,17,768,768,0,0,0,0,0,0,5,0,0,0,87,detection,
87787,21,17,768,768,0,0,0,0,0,0,0,0,0,0,87,detection,
88168,4,21,512,512,0,0,0,0,0,0,0,0,0,0,88,detection,
88278,5,7,768,768,0,0,0,0,0,0,6,0,0,0,88,detection,
88306,10,7,768,768,0,0,0,0,0,0,6,0,0,0,88,detection,
88310,13,7,768,768,0,0,0,0,0,0,4,0,0,0,88,detection,
88334,8,7,768,768,0,0,0,0,0,0,6,0,0,0,88,detection,
89484,14,9,1512,1512,0,0,0,0,0,0,0,0,0,0,89,detection,
89516,12,9,1512,1512,0,0,0,0,0,0,1,0,0,0,89,detection,
89521,15,9,1512,1512,0,0,0,0,0,0,2,0,0,0,89,detection,
89530,6,9,1512,1512,0,0,0,0,0,0,1,0,0,0,89,detection,
90683,10,20,814,814,0,0,0,0,0,0,0,0,0,0,90,detection,
90763,19,10,855,855,0,0,0,0,0,0,0,0,0,0,90,detection,
90916,20,23,880,880,0,0,0,0,0,0,1,0,0,0,90,detection,
91807,13,7,768,768,0,0,0,0,0,0,4,0,0,0,91,detection,
94861,14,15,1673,1673,0,0,0,0,0,0,0,0,0,0,94,detection,
94862,11,15,1673,1673,0,0,0,0,0,0,5,0,0,0,94,detection,
94882,9,15,1673,1673,0,0,0,0,0,0,0,0,0,0,94,detection,
94889,12,15,1673,1673,0,0,0,0,0,0,0,0,0,0,94,detection,
94903,6,15,1673,1673,0,0,0,0,0,0,4,0,0,0,94,detection,
95264,12,11,1974,1974,0,0,0,0,0,0,3,0,0,0,95,detection,
95275,15,11,1974,1974,0,0,0,0,0,0,3,0,0,0,95,detection,
95278,6,11,1974,1974,0,0,0,0,0,0,3,0,0,0,95,detection,
95403,5,8,1046,1046,0,0,0,0,0,0,4,0,0,0,95,detection,
96948,22,18,1624,1624,0,0,0,0,0,0,0,0,0,0,96,detection,
96959,16,18,1624,1624,0,0,0,0,0,0,0,0,0,0,96,detection,
98008,9,12,1975,1975,0,0,0,0,0,0,0,0,0,0,98,detection,
98021,15,12,1975,1975,0,0,0,0,0,0,0,0,0,0,98,detection,
98029,6,12,1975,1975,0,0,0,0,0,0,0,0,0,0,98,detection,
99113,11,6,1792,1792,0,0,0,0,0,0,11,0,0,0,99,detection,
99140,12,6,1792,1792,0,0,0,0,0,0,0,0,0,0,99,detection,
99146,15,6,1792,1792,0,0,0,0,0,0,0,0,0,0,99,detection,
101771,15,29,1603,1603,0,0,0,0,0,0,10,0,0,0,101,detection,
109322,22,26,1303,1303,0,0,0,0,0,0,1,0,0,0,109,detection,
118140,12,29,1603,1603,0,0,0,0,0,0,14,0,0,0,118,detection,
118143,18,29,1603,1603,0,0,0,0,0,0,8,0,0,0,118,detection,
118197,22,29,1603,1603,0,0,0,0,0,0,16,0,0,0,118,detection,
121502,7,13,867,867,0,0,0,0,0,0,3,0,0,0,121,detection,
121515,19,13,867,867,0,0,0,0,0,0,1,0,0,0,121,detection,
121558,10,13,867,867,0,0,0,0,0,0,2,0,0,0,121,detection,
121563,2,13,867,867,0,0,0,0,0,0,3,0,0,0,121,detection,
127788,20,25,1145,1145,0,0,0,0,0,0,0,0,0,0,127,detection,
127810,13,25,1145,1145,0,0,0,0,0,0,0,0,0,0,127,detection,
127811,10,25,1145,1145,0,0,0,0,0,0,1,0,0,0,127,detection,
127834,8,25,1145,1145,0,0,0,0,0,0,0,0,0,0,127,detection,
127861,14,25,1145,1145,0,0,0,0,0,0,0,0,0,0,127,detection,
127874,7,25,1145,1145,0,0,0,0,0,0,0,0,0,0,127,detection,
127902,5,25,1145,1145,0,0,0,0,0,0,0,0,0,0,127,detection,
129386,9,14,1482,1482,0,0,0,0,0,0,2,0,0,0,129,detection,
129399,15,14,1482,1482,0,0,0,0,0,0,1,0,0,0,129,detection,
129402,6,14,1482,1482,0,0,0,0,0,0,3,0,0,0,129,detection,
129415,20,14,1482,1482,0,0,0,0,0,0,0,0,0,0,129,detection,
129984,14,20,796,796,0,0,0,0,0,0,1,0,0,0,129,detection,
130058,10,20,796,796,0,0,0,0,0,0,0,0,0,0,130,detection,
130059,2,20,796,796,0,0,0,0,0,0,1,0,0,0,130,detection,
134376,7,5,1024,1024,0,0,0,0,0,0,0,0,0,0,134,detection,
134443,1,2,512,512,0,0,0,0,0,0,4,0,0,0,134,detection,
134460,8,5,1024,1024,0,0,0,0,0,0,0,0,0,0,134,detection,
134477,3,2,512,512,0,0,0,0,0,0,6,0,0,0,134,detection,
134511,19,2,512,512,0,0,0,0,0,0,4,0,0,0,134,detection,
134537,20,2,512,512,0,0,0,0,0,0,6,0,0,0,134,detection,
134555,10,2,512,512,0,0,0,0,0,0,7,0,0,0,134,detection,
134558,13,2,512,512,0,0,0,0,0,0,6,0,0,0,134,detection,
135835,8,30,1401,1401,0,0,0,0,0,0,0,0,0,0,135,detection,
135858,14,30,1401,1401,0,0,0,0,0,0,0,0,0,0,135,detection,
135898,15,30,1401,1401,0,0,0,0,0,0,0,0,0,0,135,detection,
135905,6,30,1401,1401,0,0,0,0,0,0,1,0,0,0,135,detection,
136779,6,9,1485,1485,0,0,0,0,0,0,1,0,0,0,136,detection,
136822,22,9,1485,1485,0,0,0,0,0,0,1,0,0,0,136,detection,
136861,14,9,1485,1485,0,0,0,0,0,0,0,0,0,0,136,detection,
136889,12,9,1485,1485,0,0,0,0,0,0,1,0,0,0,136,detection,
136899,15,9,1485,1485,0,0,0,0,0,0,2,0,0,0,136,detection,
137787,21,3,855,855,0,0,0,0,0,0,0,0,0,0,137,detection,
137826,17,3,855,855,0,0,0,0,0,0,0,0,0,0,137,detection,
137870,1,3,855,855,0,0,0,0,0,0,0,0,0,0,137,detection,
138172,1,28,512,512,0,0,0,0,0,0,0,0,0,0,138,detection,
138181,10,28,512,512,0,0,0,0,0,0,1,0,0,0,138,detection,
138185,13,28,512,512,0,0,0,0,0,0,0,0,0,0,138,detection,
138189,2,28,512,512,0,0,0,0,0,0,1,0,0,0,138,detection,
138248,7,28,512,512,0,0,0,0,0,0,1,0,0,0,138,detection,
138262,19,28,512,512,0,0,0,0,0,0,0,0,0,0,138,detection,
138288,20,28,512,512,0,0,0,0,0,0,0,0,0,0,138,detection,
138693,1,27,512,512,0,0,0,0,0,0,0,0,0,0,138,detection,
138700,17,27,512,512,0,0,0,0,0,0,0,0,0,0,138,detection,
138727,3,27,512,512,0,0,0,0,0,0,0,0,0,0,138,detection,
138785,21,27,512,512,0,0,0,0,0,0,0,0,0,0,138,detection,
138794,4,27,512,512,0,0,0,0,0,0,0,0,0,0,138,detection,
138991,1,4,512,512,0,0,0,0,0,0,0,0,0,0,138,detection,
139012,19,4,512,512,0,0,0,0,0,0,0,0,0,0,139,detection,
139036,21,4,512,512,0,0,0,0,0,0,0,0,0,0,139,detection,
139235,14,24,1114,1114,0,0,0,0,0,0,0,0,0,0,139,detection,
139270,15,24,1114,1114,0,0,0,0,0,0,1,0,0,0,139,detection,
139291,20,24,1114,1114,0,0,0,0,0,0,0,0,0,0,139,detection,
139331,16,18,1624,1624,0,0,0,0,0,0,0,0,0,0,139,detection,
140733,14,6,1657,1657,0,0,0,0,0,0,0,0,0,0,140,detection,
140735,11,6,1657,1657,0,0,0,0,0,0,11,0,0,0,140,detection,
140759,9,6,1657,1657,0,0,0,0,0,0,8,0,0,0,140,detection,
140766,12,6,1657,1657,0,0,0,0,0,0,0,0,0,0,140,detection,
140773,15,6,1657,1657,0,0,0,0,0,0,0,0,0,0,140,detection,
141727,3,31,864,864,0,0,0,0,0,0,2,0,0,0,141,detection,
141822,22,31,864,864,0,0,0,0,0,0,1,0,0,0,141,detection,
141824,17,31,864,864,0,0,0,0,0,0,2,0,0,0,141,detection,
142071,22,16,1503,1503,0,0,0,0,0,0,2,0,0,0,142,detection,
142537,21,17,768,768,0,0,0,0,0,0,0,0,0,0,142,detection,
144669,1,19,512,512,0,0,0,0,0,0,0,0,0,0,144,detection,
144684,10,19,512,512,0,0,0,0,0,0,0,0,0,0,144,detection,
144763,12,11,1969,1969,0,0,0,0,0,0,3,0,0,0,144,detection,
144774,15,11,1969,1969,0,0,0,0,0,0,3,0,0,0,144,detection,
144777,6,11,1969,1969,0,0,0,0,0,0,3,0,0,0,144,detection,
146376,7,10,871,871,0,0,0,0,0,0,5,0,0,0,146,detection,
146389,19,10,871,871,0,0,0,0,0,0,0,0,0,0,146,detection,
146414,20,10,871,871,0,0,0,0,0,0,4,0,0,0,146,detection,
148382,1,21,512,512,0,0,0,0,0,0,0,0,0,0,148,detection,
148386,9,22,1120,1120,0,0,0,0,0,0,5,0,0,0,148,detection,
148396,18,22,1120,1120,0,0,0,0,0,0,8,0,0,0,148,detection,
148418,4,21,512,512,0,0,0,0,0,0,0,0,0,0,148,detection,
148456,16,22,1120,1120,0,0,0,0,0,0,8,0,0,0,148,detection,
149539,20,23,868,868,0,0,0,0,0,0,0,0,0,0,149,detection,
149561,10,23,868,868,0,0,0,0,0,0,0,0,0,0,149,detection,
149561,2,23,868,868,0,0,0,0,0,0,2,0,0,0,149,detection,
149602,3,23,868,868,0,0,0,0,0,0,2,0,0,0,149,detection,
151886,19,2,512,512,0,0,0,0,0,0,4,0,0,0,151,detection,
151902,5,8,1046,1046,0,0,0,0,0,0,4,0,0,0,151,detection,
152002,7,8,1046,1046,0,0,0,0,0,0,4,0,0,0,152,detection,
152153,5,7,768,768,0,0,0,0,0,0,6,0,0,0,152,detection,
152182,10,7,768,768,0,0,0,0,0,0,6,0,0,0,152,detection,
152186,13,7,768,768,0,0,0,0,0,0,4,0,0,0,152,detection,
152209,8,7,768,768,0,0,0,0,0,0,6,0,0,0,152,detection,
152735,11,12,1927,1927,0,0,0,0,0,0,0,0,0,0,152,detection,
152759,9,12,1927,1927,0,0,0,0,0,0,0,0,0,0,152,detection,
152772,15,12,1927,1927,0,0,0,0,0,0,0,0,0,0,152,detection,
152776,6,12,1927,1927,0,0,0,0,0,0,0,0,0,0,152,detection,
154387,19,13,832,832,0,0,0,0,0,0,0,0,0,0,154,detection,
157946,22,26,1292,1292,0,0,0,0,0,0,1,0,0,0,157,detection,
157956,16,26,1292,1292,0,0,0,0,0,0,2,0,0,0,157,detection,
161008,9,15,1588,1588,0,0,0,0,0,0,0,0,0,0,161,detection,
161015,12,15,1588,1588,0,0,0,0,0,0,0,0,0,0,161,detection,
161029,6,15,1588,1588,0,0,0,0,0,0,4,0,0,0,161,detection,
161111,14,15,1588,1588,0,0,0,0,0,0,0,0,0,0,161,detection,
161112,11,15,1588,1588,0,0,0,0,0,0,5,0,0,0,161,detection,
180205,16,26,1274,1274,0,0,0,0,0,0,2,0,0,0,180,detection,
197435,2,27,512,512,0,0,0,0,0,0,1,0,0,0,197,detection,
197698,17,31,846,846,0,0,0,0,0,0,1,0,0,0,197,detection,
197811,2,19,512,512,0,0,0,0,0,0,1,0,0,0,197,detection,
198939,2,28,512,512,0,0,0,0,0,0,1,0,0,0,198,detection,
202287,20,25,1156,1136,20,0,7,25,5,0,0,0,0,0,202,detection,
204836,8,5,1064,1064,0,0,0,0,0,0,0,0,0,0,204,detection,
205834,8,30,1446,1426,20,0,7,25,5,0,0,0,0,0,205,detection,
207276,6,9,1454,1454,0,0,0,0,0,0,2,0,0,0,207,detection,
207583,16,22,1120,1120,0,0,0,0,0,0,8,0,0,0,207,detection,
207883,9,6,1657,1657,0,0,0,0,0,0,8,0,0,0,207,detection,
209322,22,18,1644,1644,0,0,0,0,0,0,0,0,0,0,209,detection,
211138,12,11,1892,1892,0,0,0,0,0,0,2,0,0,0,211,detection,
213449,22,18,1376,1376,0,0,0,0,0,0,3,0,0,0,213,detection,
213456,16,18,1376,1376,0,0,0,0,0,0,3,0,0,0,213,detection,
219324,22,18,1376,1376,0,0,0,0,0,0,3,0,0,0,219,detection,
219331,16,18,1376,1376,0,0,0,0,0,0,3,0,0,0,219,detection,
223686,2,20,812,812,0,0,0,0,0,0,1,0,0,0,223,detection,
223736,14,20,812,812,0,0,0,0,0,0,1,0,0,0,223,detection,
228139,12,9,1454,1454,0,0,0,0,0,0,2,0,0,0,228,detection,
228145,15,9,1454,1454,0,0,0,0,0,0,3,0,0,0,228,detection,
228153,6,9,1454,1454,0,0,0,0,0,0,2,0,0,0,228,detection,
228196,22,9,1454,1454,0,0,0,0,0,0,2,0,0,0,228,detection,
228235,14,9,1454,1454,0,0,0,0,0,0,0,0,0,0,228,detection,
228375,7,13,810,810,0,0,0,0,0,0,3,0,0,0,228,detection,
228388,19,13,810,810,0,0,0,0,0,0,0,0,0,0,228,detection,
228432,10,13,810,810,0,0,0,0,0,0,3,0,0,0,228,detection,
228437,2,13,810,810,0,0,0,0,0,0,4,0,0,0,228,detection,
229524,15,30,1466,1302,164,0,60,93,40,0,3,0,95,100,229,detection,
229531,6,30,1466,1302,164,0,59,91,39,0,4,0,95,100,229,detection,
229585,8,30,1466,1302,164,0,60,93,35,0,3,0,95,100,229,detection,
233323,1,27,532,512,20,0,7,25,5,0,0,0,0,0,233,detection,
233326,17,27,532,512,20,0,7,25,5,0,0,0,0,0,233,detection,
233353,3,27,532,512,20,0,7,25,5,0,0,0,0,0,233,detection,
233387,19,27,532,512,20,0,7,25,5,0,0,0,0,0,233,detection,
233411,21,27,532,512,20,0,7,25,5,0,0,0,0,0,233,detection,
233420,4,27,532,512,20,0,7,25,5,0,0,0,0,0,233,detection,
233435,2,27,532,512,20,0,7,25,5,0,1,0,0,0,233,detection,
234205,16,26,1264,1244,20,0,7,25,5,0,1,0,0,0,234,detection,
234269,18,26,1264,1244,20,0,7,25,4,0,4,0,0,0,234,detection,
234997,1,2,512,512,0,0,0,0,0,0,4,0,0,0,234,detection,
235014,19,2,512,512,0,0,0,0,0,0,4,0,0,0,235,detection,
235040,20,2,512,512,0,0,0,0,0,0,6,0,0,0,235,detection,
235057,13,2,512,512,0,0,0,0,0,0,5,0,0,0,235,detection,
235058,10,2,512,512,0,0,0,0,0,0,7,0,0,0,235,detection,
235104,3,2,512,512,0,0,0,0,0,0,5,0,0,0,235,detection,
235557,10,7,772,772,0,0,0,0,0,0,5,0,0,0,235,detection,
235738,14,30,1486,1302,184,0,67,100,45,0,3,0,82,55,235,detection,
235773,15,30,1486,1302,184,0,67,100,4,0,3,0,82,75,235,detection,
235780,6,30,1486,1302,184,0,66,100,4,0,4,0,82,75,235,detection,
235808,1,3,824,824,0,0,0,0,0,0,0,0,0,0,235,detection,
235813,2,3,824,824,0,0,0,0,0,0,2,0,0,0,235,detection,
235823,17,3,824,824,0,0,0,0,0,0,0,0,0,0,235,detection,
235835,8,30,1486,1302,184,0,71,100,5,0,0,0,82,75,235,detection,
238333,16,18,1376,1376,0,0,0,0,0,0,3,0,0,0,238,detection,
238446,22,18,1376,1376,0,0,0,0,0,0,3,0,0,0,238,detection,
238499,7,13,810,810,0,0,0,0,0,0,3,0,0,0,238,detection,
238635,9,14,1298,1298,0,0,0,0,0,0,2,0,0,0,238,detection,
238652,6,14,1298,1298,0,0,0,0,0,0,3,0,0,0,238,detection,
238665,20,14,1298,1298,0,0,0,0,0,0,1,0,0,0,238,detection,
239360,14,25,1176,1132,44,0,17,67,11,0,0,0,93,100,239,detection,
239377,7,25,1176,1132,44,0,17,67,11,0,0,0,93,100,239,detection,
239405,5,25,1176,1132,44,0,17,67,11,0,0,0,93,100,239,detection,
239416,20,25,1176,1132,44,0,17,67,6,0,0,0,93,100,239,detection,
239434,10,25,1176,1132,44,0,16,67,11,0,1,0,93,100,239,detection,
239437,13,25,1176,1132,44,0,17,67,11,0,0,0,93,100,239,detection,
239461,8,25,1176,1132,44,0,17,67,11,0,0,0,93,100,239,detection,
240624,7,8,1081,1081,0,0,0,0,0,0,3,0,0,0,240,detection,
240652,5,8,1081,1081,0,0,0,0,0,0,3,0,0,0,240,detection,
247514,1,4,512,512,0,0,0,0,0,0,0,0,0,0,247,detection,
247534,21,4,512,512,0,0,0,0,0,0,0,0,0,0,247,detection,
247627,7,28,532,512,20,0,7,25,5,0,1,0,0,0,247,detection,
247644,1,28,532,512,20,0,7,25,5,0,0,0,0,0,247,detection,
247667,20,28,532,512,20,0,7,25,5,0,0,0,0,0,247,detection,
247682,13,28,532,512,20,0,7,25,5,0,0,0,0,0,247,detection,
247684,10,28,532,512,20,0,7,25,5,0,1,0,0,0,247,detection,
247708,2,28,532,512,20,0,7,25,5,0,1,0,0,0,247,detection,
248151,15,30,1506,1337,169,0,62,100,3,0,3,0,82,75,248,detection,
248153,6,30,1506,1337,169,0,61,100,3,0,4,0,82,75,248,detection,
248212,8,30,1506,1337,169,0,66,100,3,0,0,0,82,75,248,detection,
248235,14,30,1506,1337,169,0,62,100,3,0,3,0,82,55,248,detection,
251276,5,7,789,789,0,0,0,0,0,0,5,0,0,0,251,detection,
251309,13,7,789,789,0,0,0,0,0,0,4,0,0,0,251,detection,
251332,8,7,789,789,0,0,0,0,0,0,6,0,0,0,251,detection,
253195,22,31,849,829,20,0,7,25,5,0,1,0,0,0,253,detection,
253206,16,31,849,829,20,0,7,25,4,0,4,0,0,0,253,detection,
253229,3,31,849,829,20,0,7,25,5,0,2,0,0,0,253,detection,
254028,6,11,1887,1887,0,0,0,0,0,0,2,0,0,0,254,detection,
254354,3,23,898,878,20,0,7,25,5,0,1,0,0,0,254,detection,
254416,20,23,898,878,20,0,7,25,5,0,0,0,0,0,254,detection,
254433,10,23,898,878,20,0,7,25,5,0,0,0,0,0,254,detection,
254438,2,23,898,878,20,0,7,25,5,0,2,0,0,0,254,detection,
255366,1,21,512,512,0,0,0,0,0,0,0,0,0,0,255,detection,
255419,4,21,512,512,0,0,0,0,0,0,0,0,0,0,255,detection,
255450,17,21,512,512,0,0,0,0,0,0,1,0,0,0,255,detection,
257390,1,19,512,512,0,0,0,0,0,0,0,0,0,0,257,detection,
257421,4,19,512,512,0,0,0,0,0,0,0,0,0,0,257,detection,
257433,10,19,512,512,0,0,0,0,0,0,0,0,0,0,257,detection,
257435,13,19,512,512,0,0,0,0,0,0,0,0,0,0,257,detection,
257436,2,19,512,512,0,0,0,0,0,0,1,0,0,0,257,detection,
257709,8,5,1073,1073,0,0,0,0,0,0,0,0,0,0,257,detection,
257748,7,5,1073,1073,0,0,0,0,0,0,0,0,0,0,257,detection,
260248,7,10,826,826,0,0,0,0,0,0,5,0,0,0,260,detection,
261236,11,12,1839,1839,0,0,0,0,0,0,0,0,0,0,261,detection,
261260,9,12,1839,1839,0,0,0,0,0,0,0,0,0,0,261,detection,
261273,15,12,1839,1839,0,0,0,0,0,0,0,0,0,0,261,detection,
261277,6,12,1839,1839,0,0,0,0,0,0,0,0,0,0,261,detection,
263196,22,18,1376,1376,0,0,0,0,0,0,3,0,0,0,263,detection,
263207,16,18,1376,1376,0,0,0,0,0,0,0,0,0,0,263,detection,
264270,18,26,1284,1216,68,0,24,70,11,0,4,0,94,100,264,detection,
265644,18,16,1449,1449,0,0,0,0,0,0,1,0,0,0,265,detection,
265728,3,17,829,829,0,0,0,0,0,0,4,0,0,0,265,detection,
269660,21,27,552,512,40,0,15,60,5,0,0,0,0,0,269,detection,
271081,16,18,1376,1376,0,0,0,0,0,0,0,0,0,0,271,detection,
271389,12,29,1671,1651,20,0,6,25,4,0,14,0,0,0,271,detection,
271572,22,24,1156,1122,34,0,12,50,8,0,2,0,0,0,271,detection,
271611,14,24,1156,1122,34,0,13,50,8,0,0,0,0,0,271,detection,
271636,9,24,1156,1122,34,0,13,50,8,0,0,0,0,0,271,detection,
271650,15,24,1156,1122,34,0,13,50,8,0,1,0,0,0,271,detection,
272788,21,17,829,829,0,0,0,0,0,0,0,0,0,0,272,detection,
274529,6,30,1526,1412,114,0,44,100,14,0,0,0,95,100,274,detection,
274588,8,30,1526,1412,114,0,44,100,14,0,0,0,95,100,274,detection,
274611,14,30,1526,1412,114,0,42,100,13,0,3,0,95,100,274,detection,
275355,3,31,869,810,59,0,22,70,9,0,2,0,94,100,275,detection,
277124,7,10,826,826,0,0,0,0,0,0,1,0,0,0,277,detection,
277137,19,10,826,826,0,0,0,0,0,0,0,0,0,0,277,detection,
277163,20,10,826,826,0,0,0,0,0,0,4,0,0,0,277,detection,
277184,13,10,826,826,0,0,0,0,0,0,5,0,0,0,277,detection,
277186,2,10,826,826,0,0,0,0,0,0,7,0,0,0,277,detection,
277360,11,6,1804,1804,0,0,0,0,0,0,11,0,0,0,277,detection,
277384,9,6,1804,1804,0,0,0,0,0,0,7,0,0,0,277,detection,
277392,12,6,1804,1804,0,0,0,0,0,0,0,0,0,0,277,detection,
277398,15,6,1804,1804,0,0,0,0,0,0,0,0,0,0,277,detection,
278572,22,16,1449,1449,0,0,0,0,0,0,2,0,0,0,278,detection,
279610,11,15,1515,1515,0,0,0,0,0,0,6,0,0,0,279,detection,
279634,9,15,1515,1515,0,0,0,0,0,0,2,0,0,0,279,detection,
279641,12,15,1515,1515,0,0,0,0,0,0,2,0,0,0,279,detection,
279655,6,15,1515,1515,0,0,0,0,0,0,5,0,0,0,279,detection,
281271,15,12,1839,1839,0,0,0,0,0,0,0,0,0,0,281,detection,
286361,14,15,1494,1494,0,0,0,0,0,0,2,0,0,0,286,detection,
287948,22,29,1691,1651,40,0,12,60,8,0,15,0,0,0,287,detection,
288015,12,29,1691,1651,40,0,12,60,4,0,14,0,0,0,288,detection,
288019,18,29,1691,1651,40,0,13,60,8,0,9,0,0,0,288,detection,
288021,15,29,1691,1651,40,0,13,60,8,0,10,0,0,0,288,detection,
289537,21,3,836,836,0,0,0,0,0,0,0,0,0,0,289,detection,
290760,9,22,1287,1287,0,0,0,0,0,0,4,0,0,0,290,detection,
290770,18,22,1287,1287,0,0,0,0,0,0,9,0,0,0,290,detection,
302603,3,21,512,512,0,0,0,0,0,0,0,0,0,0,302,detection,
317236,14,30,1546,1400,146,0,57,100,8,0,0,0,95,100,317,detection,
317559,13,2,512,512,0,0,0,0,0,0,5,0,0,0,317,detection,
322514,19,28,552,512,40,0,15,60,10,0,0,0,0,0,322,detection,
323012,19,4,512,512,0,0,0,0,0,0,0,0,0,0,323,detection,
323084,16,18,1568,1568,0,0,0,0,0,0,0,0,0,0,323,detection,
332449,22,26,1304,1204,100,0,39,70,26,0,0,0,85,100,332,detection,
335651,15,30,1566,1397,169,0,62,100,0,0,3,0,82,75,335,detection,
335653,6,30,1566,1397,169,0,66,100,14,0,0,0,82,75,335,detection,
335712,8,30,1566,1397,169,0,66,100,14,0,0,0,82,75,335,detection,
335734,14,30,1566,1397,169,0,66,100,5,0,0,0,82,75,335,detection,
340071,22,9,1460,1460,0,0,0,0,0,0,2,0,0,0,340,detection,
345252,7,25,1196,1131,65,0,25,70,5,0,0,0,94,100,345,detection,
346394,18,16,1383,1383,0,0,0,0,0,0,1,0,0,0,346,detection,
353914,20,10,830,830,0,0,0,0,0,0,5,0,0,0,353,detection,
364446,17,21,512,512,0,0,0,0,0,0,1,0,0,0,364,detection,
367699,17,3,874,874,0,0,0,0,0,0,0,0,0,0,367,detection,
375150,15,6,1833,1833,0,0,0,0,0,0,0,0,0,0,375,detection,
376183,13,7,799,799,0,0,0,0,0,0,3,0,0,0,376,detection,
376277,6,11,1818,1818,0,0,0,0,0,0,2,0,0,0,376,detection,
383422,4,27,572,512,60,0,23,70,10,0,0,0,94,100,383,detection,
388459,8,5,1062,1062,0,0,0,0,0,0,0,0,0,0,388,detection,
398153,5,8,1056,1056,0,0,0,0,0,0,3,0,0,0,398,detection,
403184,10,13,824,824,0,0,0,0,0,0,3,0,0,0,403,detection,
408859,14,20,813,813,0,0,0,0,0,0,1,0,0,0,408,detection,
413780,6,12,1784,1784,0,0,0,0,0,0,0,0,0,0,413,detection,
420931,1,28,572,512,60,0,23,70,10,0,0,0,94,100,420,detection,
420935,13,28,572,512,60,0,23,70,10,0,0,0,94,100,420,detection,
420936,10,28,572,512,60,0,22,70,10,0,1,0,94,100,420,detection,
420937,2,28,572,512,60,0,23,70,10,0,0,0,94,100,420,detection,
420999,7,28,572,512,60,0,22,70,10,0,1,0,94,100,420,detection,
421016,19,28,572,512,60,0,23,70,5,0,0,0,94,100,421,detection,
421043,20,28,572,512,60,0,23,70,10,0,0,0,94,100,421,detection,
423315,2,23,958,768,190,0,66,100,39,0,6,0,82,55,423,detection,
423354,3,23,958,768,190,0,67,100,40,0,5,0,82,55,423,detection,
423416,20,23,958,768,190,0,68,100,41,0,4,0,82,55,423,detection,
429353,3,23,978,768,210,0,78,100,5,0,2,0,82,55,429,detection,
429415,20,23,978,768,210,0,76,100,4,0,4,0,82,55,429,detection,
429437,10,23,978,768,210,0,76,100,45,0,4,0,82,55,429,detection,
429437,2,23,978,768,210,0,73,100,4,0,6,0,82,55,429,detection,
429933,10,13,768,768,0,0,0,0,0,0,7,0,0,0,429,detection,
429938,2,13,768,768,0,0,0,0,0,0,8,0,0,0,429,detection,
430000,7,13,768,768,0,0,0,0,0,0,6,0,0,0,430,detection,
430014,19,13,768,768,0,0,0,0,0,0,4,0,0,0,430,detection,
431463,8,30,1586,1389,197,0,76,100,7,0,0,0,82,75,431,detection,
431486,14,30,1586,1389,197,0,76,100,7,0,0,0,82,75,431,detection,
431526,15,30,1586,1389,197,0,76,100,7,0,0,0,82,75,431,detection,
431528,6,30,1586,1389,197,0,76,100,7,0,0,0,82,75,431,detection,
434247,7,13,768,768,0,0,0,0,0,0,6,0,0,0,434,detection,
434308,10,13,768,768,0,0,0,0,0,0,7,0,0,0,434,detection,
434312,2,13,768,768,0,0,0,0,0,0,9,0,0,0,434,detection,
435520,15,9,1433,1433,0,0,0,0,0,0,4,0,0,0,435,detection,
440512,9,29,1711,1838,-127,42,38,70,25,14,14,0,0,0,440,detection,
444147,15,11,1808,1808,0,0,0,0,0,0,2,0,0,0,444,detection,
444389,1,4,512,512,0,0,0,0,0,0,0,0,0,0,444,detection,
444415,20,23,998,768,230,0,83,100,4,0,4,0,82,55,444,detection,
444437,10,23,998,768,230,0,83,100,4,0,4,0,82,55,444,detection,
447375,7,8,1050,1050,0,0,0,0,0,0,3,0,0,0,447,detection,
447402,5,8,1050,1050,0,0,0,0,0,0,3,0,0,0,447,detection,
449376,7,13,768,768,0,0,0,0,0,0,3,0,0,0,449,detection,
449390,19,13,768,768,0,0,0,0,0,0,4,0,0,0,449,detection,
449433,10,13,768,768,0,0,0,0,0,0,7,0,0,0,449,detection,
449438,2,13,768,768,0,0,0,0,0,0,9,0,0,0,449,detection,
450196,22,9,1430,1430,0,0,0,0,0,0,3,0,0,0,450,detection,
450235,14,9,1430,1430,0,0,0,0,0,0,1,0,0,0,450,detection,
450263,12,9,1430,1430,0,0,0,0,0,0,2,0,0,0,450,detection,
450277,6,9,1430,1430,0,0,0,0,0,0,2,0,0,0,450,detection,
453776,5,7,847,847,0,0,0,0,0,0,5,0,0,0,453,detection,
453808,13,7,847,847,0,0,0,0,0,0,4,0,0,0,453,detection,
453832,8,7,847,847,0,0,0,0,0,0,5,0,0,0,453,detection,
456309,10,25,1216,1029,187,0,71,100,36,0,1,0,82,75,456,detection,
457264,12,11,1804,1804,0,0,0,0,0,0,2,0,0,0,457,detection,
457334,8,5,1114,1114,0,0,0,0,0,0,0,0,0,0,457,detection,
457374,7,5,1114,1114,0,0,0,0,0,0,0,0,0,0,457,detection,
462636,9,29,1731,1687,44,0,12,67,32,25,18,0,0,0,462,detection,
462639,12,29,1731,1687,44,0,13,67,0,0,14,0,93,100,462,detection,
462648,18,29,1731,1687,44,0,13,67,0,0,14,0,93,100,462,detection,
462649,15,29,1731,1687,44,0,13,67,0,0,14,0,93,100,462,detection,
467734,14,20,776,776,0,0,0,0,0,0,1,0,0,0,467,detection,
467808,10,20,776,776,0,0,0,0,0,0,0,0,0,0,467,detection,
467813,2,20,776,776,0,0,0,0,0,0,1,0,0,0,467,detection,
467982,3,23,1018,768,250,0,93,100,10,0,2,0,82,55,467,detection,
468043,20,23,1018,768,250,0,95,100,5,0,1,0,82,55,468,detection,
468064,10,23,1018,768,250,0,90,100,4,0,4,0,82,55,468,detection,
468066,2,23,1018,768,250,0,87,100,9,0,6,0,82,55,468,detection,
470698,22,29,1751,1687,64,0,18,70,4,0,19,0,94,100,470,detection,
470763,9,29,1751,1687,64,0,18,70,3,25,18,0,94,100,470,detection,
470765,12,29,1751,1687,64,0,19,70,4,0,13,0,94,100,470,detection,
470769,18,29,1751,1687,64,0,19,70,4,0,14,0,94,100,470,detection,
473276,1,3,879,879,0,0,0,0,0,0,0,0,0,0,473,detection,
473287,21,3,879,879,0,0,0,0,0,0,0,0,0,0,473,detection,
473311,2,3,879,879,0,0,0,0,0,0,2,0,0,0,473,detection,
473326,17,3,879,879,0,0,0,0,0,0,0,0,0,0,473,detection,
477500,7,13,768,768,0,0,0,0,0,0,2,0,0,0,477,detection,
477514,19,13,768,768,0,0,0,0,0,0,4,0,0,0,477,detection,
477557,10,13,768,768,0,0,0,0,0,0,3,0,0,0,477,detection,
477561,2,13,768,768,0,0,0,0,0,0,9,0,0,0,477,detection,
479020,18,16,1267,1267,0,0,0,0,0,0,2,0,0,0,479,detection,
479073,22,16,1267,1267,0,0,0,0,0,0,2,0,0,0,479,detection,
480072,22,24,1196,1087,109,0,40,70,18,0,2,0,94,100,480,detection,
482022,15,30,1606,1317,289,0,100,100,23,0,0,0,82,75,482,detection,
486013,9,29,1771,1687,84,0,25,70,4,28,14,0,94,100,486,detection,
486015,12,29,1771,1687,84,0,26,72,4,0,13,0,94,100,486,detection,
486019,18,29,1771,1687,84,0,28,78,4,0,8,0,94,100,486,detection,
486073,22,29,1771,1687,84,0,25,70,4,0,14,0,94,100,486,detection,
488350,1,21,512,512,0,0,0,0,0,0,0,0,0,0,488,detection,
488355,3,21,512,512,0,0,0,0,0,0,0,0,0,0,488,detection,
488451,17,21,512,512,0,0,0,0,0,0,1,0,0,0,488,detection,
491902,6,15,1425,1425,0,0,0,0,0,0,2,0,0,0,491,detection,
491984,14,15,1425,1425,0,0,0,0,0,0,4,0,0,0,491,detection,
491985,11,15,1425,1425,0,0,0,0,0,0,2,0,0,0,491,detection,
492009,9,15,1425,1425,0,0,0,0,0,0,4,0,0,0,492,detection,
494233,14,6,1681,1681,0,0,0,0,0,0,3,0,0,0,494,detection,
494234,11,6,1681,1681,0,0,0,0,0,0,9,0,0,0,494,detection,
494259,9,6,1681,1681,0,0,0,0,0,0,11,0,0,0,494,detection,
494272,15,6,1681,1681,0,0,0,0,0,0,3,0,0,0,494,detection,
497208,16,26,1324,1204,120,0,45,70,25,0,1,0,87,100,497,detection,
501155,5,25,1236,1029,207,0,80,100,42,0,0,0,82,75,501,detection,
501166,20,25,1236,1029,207,0,80,100,42,0,0,0,82,75,501,detection,
501183,10,25,1236,1029,207,0,80,100,5,0,0,0,82,75,501,detection,
501187,13,25,1236,1029,207,0,79,100,41,0,1,0,82,75,501,detection,
501211,8,25,1236,1029,207,0,80,100,42,0,0,0,82,75,501,detection,
501251,7,25,1236,1029,207,0,80,100,36,0,0,0,82,75,501,detection,
502112,11,12,1805,1805,0,0,0,0,0,0,0,0,0,0,502,detection,
502145,15,12,1805,1805,0,0,0,0,0,0,0,0,0,0,502,detection,
502152,6,12,1805,1805,0,0,0,0,0,0,2,0,0,0,502,detection,
502741,1,27,612,512,100,0,39,70,20,0,0,0,94,100,502,detection,
502766,19,27,612,512,100,0,39,70,20,0,0,0,94,100,502,detection,
502786,21,27,612,512,100,0,39,70,15,0,0,0,94,100,502,detection,
502795,4,27,612,512,100,0,39,86,10,0,0,0,95,100,502,detection,
502815,2,27,612,512,100,0,38,70,20,0,1,0,94,100,502,detection,
502825,17,27,612,512,100,0,39,70,20,0,0,0,94,100,502,detection,
502857,3,27,612,512,100,0,39,70,20,0,0,0,94,100,502,detection,
503891,12,6,1681,1681,0,0,0,0,0,0,3,0,0,0,503,detection,
503898,15,6,1681,1681,0,0,0,0,0,0,0,0,0,0,503,detection,
503986,14,6,1681,1681,0,0,0,0,0,0,3,0,0,0,503,detection,
503988,11,6,1681,1681,0,0,0,0,0,0,9,0,0,0,503,detection,
504008,9,6,1681,1681,0,0,0,0,0,0,7,0,0,0,504,detection,
505073,22,24,1216,1077,139,0,52,100,7,0,2,0,95,100,505,detection,
505112,14,24,1216,1077,139,0,54,82,27,0,0,0,94,100,505,detection,
505137,9,24,1216,1077,139,0,54,82,27,0,0,0,94,100,505,detection,
505151,15,24,1216,1077,139,0,53,81,26,0,1,0,94,100,505,detection,
506353,3,17,786,786,0,0,0,0,0,0,4,0,0,0,506,detection,
506412,21,17,786,786,0,0,0,0,0,0,0,0,0,0,506,detection,
513486,14,6,1681,1681,0,0,0,0,0,0,3,0,0,0,513,detection,
513511,9,6,1681,1681,0,0,0,0,0,0,7,0,0,0,513,detection,
513514,12,6,1681,1681,0,0,0,0,0,0,3,0,0,0,513,detection,
513935,10,23,1038,768,270,0,100,100,5,0,0,0,82,55,513,detection,
520764,12,6,1681,1681,0,0,0,0,0,0,0,0,0,0,520,detection,
523633,9,14,1167,1167,0,0,0,0,0,0,3,0,0,0,523,detection,
523647,15,14,1167,1167,0,0,0,0,0,0,3,0,0,0,523,detection,
523654,6,14,1167,1167,0,0,0,0,0,0,5,0,0,0,523,detection,
523667,20,14,1167,1167,0,0,0,0,0,0,2,0,0,0,523,detection,
525959,8,25,1256,1029,227,0,88,100,5,0,0,0,82,75,525,detection,
526558,13,10,813,813,0,0,0,0,0,0,7,0,0,0,526,detection,
527209,1,19,512,512,0,0,0,0,0,0,0,0,0,0,527,detection,
527293,4,19,512,512,0,0,0,0,0,0,0,0,0,0,527,detection,
527307,13,19,512,512,0,0,0,0,0,0,1,0,0,0,527,detection,
527309,10,19,512,512,0,0,0,0,0,0,0,0,0,0,527,detection,
527436,10,23,1058,768,290,0,100,100,5,0,0,0,82,55,527,detection,
527482,3,23,1058,768,290,0,100,100,10,0,2,0,82,55,527,detection,
529294,4,21,512,512,0,0,0,0,0,0,0,0,0,0,529,detection,
533375,7,13,768,768,0,0,0,0,0,0,2,0,0,0,533,detection,
533389,19,13,768,768,0,0,0,0,0,0,0,0,0,0,533,detection,
535522,18,26,1344,1204,140,0,51,100,17,0,3,0,95,100,535,detection,
535789,20,10,813,813,0,0,0,0,0,0,5,0,0,0,535,detection,
535811,2,10,813,813,0,0,0,0,0,0,7,0,0,0,535,detection,
535874,7,10,813,813,0,0,0,0,0,0,1,0,0,0,535,detection,
535887,19,10,813,813,0,0,0,0,0,0,0,0,0,0,535,detection,
539239,1,3,768,768,0,0,0,0,0,0,0,0,0,0,539,detection,
539288,21,3,768,768,0,0,0,0,0,0,4,0,0,0,539,detection,
539312,2,3,768,768,0,0,0,0,0,0,6,0,0,0,539,detection,
539503,1,2,512,512,0,0,0,0,0,0,4,0,0,0,539,detection,
539512,19,2,512,512,0,0,0,0,0,0,3,0,0,0,539,detection,
539537,20,2,512,512,0,0,0,0,0,0,5,0,0,0,539,detection,
539558,13,2,512,512,0,0,0,0,0,0,4,0,0,0,539,detection,
539559,10,2,512,512,0,0,0,0,0,0,6,0,0,0,539,detection,
540903,6,14,1167,1167,0,0,0,0,0,0,6,0,0,0,540,detection,
543955,16,31,929,894,35,0,12,52,3,0,4,0,0,0,543,detection,
544072,22,31,929,894,35,0,13,52,3,0,1,0,0,0,544,detection,
545000,1,3,768,768,0,0,0,0,0,0,0,0,0,0,545,detection,
545037,21,3,768,768,0,0,0,0,0,0,0,0,0,0,545,detection,
545061,2,3,768,768,0,0,0,0,0,0,6,0,0,0,545,detection,
545071,17,3,768,768,0,0,0,0,0,0,4,0,0,0,545,detection,
548058,10,7,1020,1020,0,0,0,0,0,0,5,0,0,0,548,detection,
550361,14,6,1681,1681,0,0,0,0,0,0,3,0,0,0,550,detection,
550363,11,6,1681,1681,0,0,0,0,0,0,9,0,0,0,550,detection,
550382,9,6,1681,1681,0,0,0,0,0,0,6,0,0,0,550,detection,
550390,12,6,1681,1681,0,0,0,0,0,0,0,0,0,0,550,detection,
550396,15,6,1681,1681,0,0,0,0,0,0,0,0,0,0,550,detection,
553081,16,22,1207,1207,0,0,0,0,0,0,7,0,0,0,553,detection,
555324,22,29,1811,1681,130,0,39,100,9,0,14,0,95,100,555,detection,
555391,12,29,1811,1681,130,0,40,100,9,0,13,0,95,100,555,detection,
555395,18,29,1811,1681,130,0,43,100,10,0,8,0,95,100,555,detection,
555397,15,29,1811,1681,130,0,43,79,19,0,8,0,94,100,555,detection,
557605,1,3,768,768,0,0,0,0,0,0,0,0,0,0,557,detection,
557686,2,3,768,768,0,0,0,0,0,0,0,0,0,0,557,detection,
557701,17,3,768,768,0,0,0,0,0,0,4,0,0,0,557,detection,
572060,10,20,840,840,0,0,0,0,0,0,0,0,0,0,572,detection,
574109,14,24,1236,1114,122,0,47,100,4,0,0,0,95,100,574,detection,
578610,11,12,1782,1782,0,0,0,0,0,0,0,0,0,0,578,detection,
591295,4,19,512,512,0,0,0,0,0,0,0,0,0,0,591,detection,
593008,9,15,1423,1423,0,0,0,0,0,0,9,0,0,0,593,detection,
593015,12,15,1423,1423,0,0,0,0,0,0,7,0,0,0,593,detection,
593028,6,15,1423,1423,0,0,0,0,0,0,8,0,0,0,593,detection,
593111,14,15,1423,1423,0,0,0,0,0,0,9,0,0,0,593,detection,
593112,11,15,1423,1423,0,0,0,0,0,0,7,0,0,0,593,detection,
595449,22,29,1831,1679,152,0,47,100,4,0,13,0,95,100,595,detection,
596987,14,25,1276,1054,222,0,86,100,46,0,0,0,82,75,596,detection,
597409,1,3,768,768,0,0,0,0,0,0,0,0,0,0,597,detection,
597412,21,3,768,768,0,0,0,0,0,0,0,0,0,0,597,detection,
597436,2,3,768,768,0,0,0,0,0,0,0,0,0,0,597,detection,
597450,17,3,768,768,0,0,0,0,0,0,4,0,0,0,597,detection,
601020,18,26,1364,1274,90,0,33,100,12,0,3,0,95,100,601,detection,
601236,14,15,1423,1423,0,0,0,0,0,0,6,0,0,0,601,detection,
601238,11,15,1423,1423,0,0,0,0,0,0,9,0,0,0,601,detection,
601264,12,15,1423,1423,0,0,0,0,0,0,9,0,0,0,601,detection,
601278,6,15,1423,1423,0,0,0,0,0,0,10,0,0,0,601,detection,
604266,12,15,1423,1423,0,0,0,0,0,0,6,0,0,0,604,detection,
607081,16,18,1605,1605,0,0,0,0,0,0,0,0,0,0,607,detection,
608110,11,6,1730,1730,0,0,0,0,0,0,8,0,0,0,608,detection,
608112,14,6,1730,1730,0,0,0,0,0,0,0,0,0,0,608,detection,
608134,9,6,1730,1730,0,0,0,0,0,0,6,0,0,0,608,detection,
608141,12,6,1730,1730,0,0,0,0,0,0,0,0,0,0,608,detection,
608147,15,6,1730,1730,0,0,0,0,0,0,1,0,0,0,608,detection,
613310,2,13,813,813,0,0,0,0,0,0,3,0,0,0,613,detection,
616983,14,15,1463,1463,0,0,0,0,0,0,6,0,0,0,616,detection,
616985,11,15,1463,1463,0,0,0,0,0,0,9,0,0,0,616,detection,
617009,9,15,1463,1463,0,0,0,0,0,0,5,0,0,0,617,detection,
617016,12,15,1463,1463,0,0,0,0,0,0,6,0,0,0,617,detection,
617029,6,15,1463,1463,0,0,0,0,0,0,10,0,0,0,617,detection,
623759,9,22,1213,1213,0,0,0,0,0,0,4,0,0,0,623,detection,
623837,8,30,1626,1313,313,0,100,100,30,0,0,0,82,75,623,detection,
623861,14,30,1626,1313,313,0,100,100,30,0,0,0,82,75,623,detection,
623900,15,30,1626,1313,313,0,100,100,6,0,1,0,82,75,623,detection,
623903,6,30,1626,1313,313,0,100,100,29,0,1,0,82,75,623,detection,
624110,11,6,1764,1764,0,0,0,0,0,0,8,0,0,0,624,detection,
625481,3,17,800,800,0,0,0,0,0,0,4,0,0,0,625,detection,
630290,20,23,1098,768,330,0,100,100,20,0,0,0,82,55,630,detection,
630312,10,23,1098,768,330,0,100,100,10,0,0,0,82,55,630,detection,
630313,2,23,1098,768,330,0,100,100,18,0,6,0,82,55,630,detection,
630357,3,23,1098,768,330,0,100,100,9,0,3,0,82,55,630,detection,
631137,19,27,632,512,120,0,46,100,5,0,0,0,95,100,631,detection,
631917,20,28,632,512,120,0,46,100,15,0,0,0,95,100,631,detection,
632403,6,11,1767,1767,0,0,0,0,0,0,3,0,0,0,632,detection,
634638,1,3,768,768,0,0,0,0,0,0,0,0,0,0,634,detection,
634708,8,5,1106,1106,0,0,0,0,0,0,0,0,0,0,634,detection,
640735,11,15,1568,1568,0,0,0,0,0,0,8,0,0,0,640,detection,
640766,12,15,1568,1568,0,0,0,0,0,0,5,0,0,0,640,detection,
641288,21,4,512,512,0,0,0,0,0,0,0,0,0,0,641,detection,
645434,10,25,1296,1032,264,0,97,100,14,0,3,0,82,75,645,detection,
645437,13,25,1296,1032,264,0,95,100,13,0,4,0,82,75,645,detection,
645461,8,25,1296,1032,264,0,97,100,9,0,3,0,82,75,645,detection,
645488,14,25,1296,1032,264,0,97,100,10,0,3,0,82,75,645,detection,
645501,7,25,1296,1032,264,0,100,100,14,0,0,0,82,75,645,detection,
645529,5,25,1296,1032,264,0,97,100,14,0,3,0,82,75,645,detection,
645540,20,25,1296,1032,264,0,97,100,14,0,3,0,82,75,645,detection,
648458,16,18,1523,1523,0,0,0,0,0,0,3,0,0,0,648,detection,
649695,22,16,1342,1342,0,0,0,0,0,0,3,0,0,0,649,detection,
650735,14,25,1316,1032,284,0,100,100,5,0,0,0,82,75,650,detection,
650753,7,25,1316,1032,284,0,100,100,5,0,0,0,82,75,650,detection,
650781,5,25,1316,1032,284,0,100,100,5,0,0,0,82,75,650,detection,
650792,20,25,1316,1032,284,0,100,100,5,0,0,0,82,75,650,detection,
650809,10,25,1316,1032,284,0,100,100,4,0,3,0,82,75,650,detection,
650813,13,25,1316,1032,284,0,100,100,5,0,0,0,82,75,650,detection,
650837,8,25,1316,1032,284,0,100,100,4,0,3,0,82,75,650,detection,
651770,18,29,1851,1835,16,0,4,100,22,0,15,0,95,100,651,detection,
651823,22,29,1851,1835,16,0,4,100,26,0,17,0,95,100,651,detection,
655958,16,18,1548,1548,0,0,0,0,0,0,4,0,0,0,655,detection,
659030,5,25,1336,1100,236,0,92,100,12,0,0,0,82,75,659,detection,
659639,12,9,1423,1423,0,0,0,0,0,0,7,0,0,0,659,detection,
660384,9,15,1561,1561,0,0,0,0,0,0,10,0,0,0,660,detection,
660391,12,15,1561,1561,0,0,0,0,0,0,9,0,0,0,660,detection,
660405,6,15,1561,1561,0,0,0,0,0,0,14,0,0,0,660,detection,
660487,14,15,1561,1561,0,0,0,0,0,0,10,0,0,0,660,detection,
660886,9,29,1871,1832,39,0,11,70,8,25,19,0,94,100,660,detection,
660892,12,29,1871,1832,39,0,11,100,17,0,17,0,95,100,660,detection,
660896,18,29,1871,1832,39,0,11,100,4,0,16,0,95,100,660,detection,
660898,15,29,1871,1832,39,0,11,79,17,0,16,0,94,100,660,detection,
664655,5,25,1356,1100,256,0,100,100,5,0,0,0,82,75,664,detection,
664669,20,25,1356,1100,256,0,100,100,7,0,0,0,82,75,664,detection,
664683,10,25,1356,1100,256,0,94,100,6,0,3,0,82,75,664,detection,
664687,13,25,1356,1100,256,0,100,100,7,0,0,0,82,75,664,detection,
664710,8,25,1356,1100,256,0,94,100,6,0,3,0,82,75,664,detection,
664751,7,25,1356,1100,256,0,100,100,7,0,0,0,82,75,664,detection,
667647,15,9,1459,1459,0,0,0,0,0,0,10,0,0,0,667,detection,
667651,6,9,1459,1459,0,0,0,0,0,0,2,0,0,0,667,detection,
667695,22,9,1459,1459,0,0,0,0,0,0,6,0,0,0,667,detection,
667733,14,9,1459,1459,0,0,0,0,0,0,4,0,0,0,667,detection,
667765,12,9,1459,1459,0,0,0,0,0,0,2,0,0,0,667,detection,
668486,14,15,1567,1567,0,0,0,0,0,0,9,0,0,0,668,detection,
668513,9,15,1567,1567,0,0,0,0,0,0,10,0,0,0,668,detection,
668514,12,15,1567,1567,0,0,0,0,0,0,8,0,0,0,668,detection,
668528,6,15,1567,1567,0,0,0,0,0,0,13,0,0,0,668,detection,
669949,22,18,1581,1581,0,0,0,0,0,0,3,0,0,0,669,detection,
669956,16,18,1581,1581,0,0,0,0,0,0,3,0,0,0,669,detection,
674875,7,13,921,921,0,0,0,0,0,0,2,0,0,0,674,detection,
674889,19,13,921,921,0,0,0,0,0,0,1,0,0,0,674,detection,
674933,10,13,921,921,0,0,0,0,0,0,2,0,0,0,674,detection,
676138,9,29,1891,1795,96,0,27,100,11,25,17,0,95,100,676,detection,
676140,12,29,1891,1795,96,0,28,100,11,0,16,0,95,100,676,detection,
676197,22,29,1891,1795,96,0,28,100,15,0,16,0,95,100,676,detection,
679860,11,15,1548,1548,0,0,0,0,0,0,12,0,0,0,679,detection,
679884,9,15,1548,1548,0,0,0,0,0,0,10,0,0,0,679,detection,
679891,12,15,1548,1548,0,0,0,0,0,0,8,0,0,0,679,detection,
679905,6,15,1548,1548,0,0,0,0,0,0,13,0,0,0,679,detection,
679982,14,15,1548,1548,0,0,0,0,0,0,9,0,0,0,679,detection,
682984,14,9,1451,1451,0,0,0,0,0,0,1,0,0,0,682,detection,
683012,12,9,1451,1451,0,0,0,0,0,0,2,0,0,0,683,detection,
683022,15,9,1451,1451,0,0,0,0,0,0,5,0,0,0,683,detection,
683026,6,9,1451,1451,0,0,0,0,0,0,3,0,0,0,683,detection,
683074,22,9,1451,1451,0,0,0,0,0,0,1,0,0,0,683,detection,
688401,6,9,1448,1448,0,0,0,0,0,0,3,0,0,0,688,detection,
694126,7,25,1376,1100,276,0,100,100,5,0,0,0,82,75,694,detection,
694165,20,25,1376,1100,276,0,100,100,5,0,0,0,82,75,694,detection,
694186,13,25,1376,1100,276,0,100,100,5,0,0,0,82,75,694,detection,
694187,10,25,1376,1100,276,0,100,100,4,0,4,0,82,75,694,detection,
694210,8,25,1376,1100,276,0,100,100,4,0,4,0,82,75,694,detection,
694237,14,25,1376,1100,276,0,100,100,2,0,0,0,82,75,694,detection,
696731,3,23,1118,768,350,0,100,100,4,0,3,0,82,55,696,detection,
699761,9,29,1911,1795,116,0,34,100,3,28,16,0,95,100,699,detection,
699767,12,29,1911,1795,116,0,34,100,4,0,15,0,95,100,699,detection,
699771,18,29,1911,1795,116,0,34,100,15,0,15,0,95,100,699,detection,
699774,15,29,1911,1795,116,0,34,100,15,0,16,0,95,100,699,detection,
699824,22,29,1911,1795,116,0,34,100,4,0,15,0,95,100,699,detection,
706584,16,18,1575,1575,0,0,0,0,0,0,3,0,0,0,706,detection,
706609,14,9,1442,1442,0,0,0,0,0,0,1,0,0,0,706,detection,
706637,12,9,1442,1442,0,0,0,0,0,0,2,0,0,0,706,detection,
706647,15,9,1442,1442,0,0,0,0,0,0,5,0,0,0,706,detection,
706651,6,9,1442,1442,0,0,0,0,0,0,3,0,0,0,706,detection,
718986,11,15,1523,1523,0,0,0,0,0,0,12,0,0,0,718,detection,
725573,17,3,796,796,0,0,0,0,0,0,4,0,0,0,725,detection,
725933,13,7,978,978,0,0,0,0,0,0,4,0,0,0,725,detection,
731860,14,6,1819,1819,0,0,0,0,0,0,0,0,0,0,731,detection,
731861,11,6,1819,1819,0,0,0,0,0,0,7,0,0,0,731,detection,
731885,9,6,1819,1819,0,0,0,0,0,0,7,0,0,0,731,detection,
731888,12,6,1819,1819,0,0,0,0,0,0,0,0,0,0,731,detection,
731899,15,6,1819,1819,0,0,0,0,0,0,2,0,0,0,731,detection,
742109,14,6,1819,1819,0,0,0,0,0,0,0,0,0,0,742,detection,
743654,5,8,1103,1103,0,0,0,0,0,0,3,0,0,0,743,detection,
744862,14,30,1666,1310,356,0,100,100,11,0,0,0,82,75,744,detection,
750887,19,4,512,512,0,0,0,0,0,0,0,0,0,0,750,detection,
753888,12,9,1454,1454,0,0,0,0,0,0,1,0,0,0,753,detection,
753902,6,9,1454,1454,0,0,0,0,0,0,3,0,0,0,753,detection,
754736,14,15,1504,1504,0,0,0,0,0,0,9,0,0,0,754,detection,
754762,9,15,1504,1504,0,0,0,0,0,0,10,0,0,0,754,detection,
754764,12,15,1504,1504,0,0,0,0,0,0,8,0,0,0,754,detection,
754778,6,15,1504,1504,0,0,0,0,0,0,13,0,0,0,754,detection,
756447,22,18,1559,1559,0,0,0,0,0,0,4,0,0,0,756,detection,
756458,16,18,1559,1559,0,0,0,0,0,0,0,0,0,0,756,detection,
757212,8,25,1396,1093,303,0,100,100,6,0,4,0,82,75,757,detection,
757235,14,25,1396,1093,303,0,100,100,7,0,0,0,82,75,757,detection,
757252,7,25,1396,1093,303,0,100,100,7,0,0,0,82,75,757,detection,
757280,5,25,1396,1093,303,0,100,100,12,0,0,0,82,75,757,detection,
757291,20,25,1396,1093,303,0,100,100,7,0,0,0,82,75,757,detection,
757309,10,25,1396,1093,303,0,100,100,6,0,4,0,82,75,757,detection,
766436,10,19,512,512,0,0,0,0,0,0,0,0,0,0,766,detection,
767104,3,31,969,966,3,0,1,70,13,0,3,0,94,100,767,detection,
767384,9,15,1491,1491,0,0,0,0,0,0,10,0,0,0,767,detection,
768822,22,26,1384,1327,57,0,22,84,11,0,0,0,95,100,768,detection,
772514,9,29,1951,1795,156,0,46,100,8,14,15,0,95,100,772,detection,
772888,12,11,1835,1835,0,0,0,0,0,0,2,0,0,0,772,detection,
780084,8,25,1416,1093,323,0,100,100,4,0,4,0,82,75,780,detection,
781085,1,3,790,790,0,0,0,0,0,0,0,0,0,0,781,detection,
781161,21,3,790,790,0,0,0,0,0,0,0,0,0,0,781,detection,
781185,2,3,790,790,0,0,0,0,0,0,2,0,0,0,781,detection,
781199,17,3,790,790,0,0,0,0,0,0,4,0,0,0,781,detection,
783184,10,13,857,857,0,0,0,0,0,0,2,0,0,0,783,detection,
784935,10,28,652,512,140,0,53,100,20,0,1,0,95,100,784,detection,
803312,2,27,652,512,140,0,53,100,10,0,1,0,95,100,803,detection,
807195,22,9,1460,1460,0,0,0,0,0,0,1,0,0,0,807,detection,
813307,10,7,932,932,0,0,0,0,0,0,4,0,0,0,813,detection,
815779,6,30,1686,1310,376,0,100,100,16,0,1,0,82,75,815,detection,
827059,10,20,781,781,0,0,0,0,0,0,0,0,0,0,827,detection,
827135,9,14,1056,1056,0,0,0,0,0,0,6,0,0,0,827,detection,
827149,15,14,1056,1056,0,0,0,0,0,0,9,0,0,0,827,detection,
827152,6,14,1056,1056,0,0,0,0,0,0,6,0,0,0,827,detection,
827166,20,14,1056,1056,0,0,0,0,0,0,4,0,0,0,827,detection,
829182,10,13,865,865,0,0,0,0,0,0,2,0,0,0,829,detection,
829249,7,13,865,865,0,0,0,0,0,0,2,0,0,0,829,detection,
829262,19,13,865,865,0,0,0,0,0,0,1,0,0,0,829,detection,
830148,15,12,1805,1805,0,0,0,0,0,0,1,0,0,0,830,detection,
831321,22,16,1232,1232,0,0,0,0,0,0,2,0,0,0,831,detection,
844572,22,24,1296,1072,224,0,84,100,21,0,2,0,82,75,844,detection,
844611,14,24,1296,1072,224,0,87,100,26,0,0,0,82,75,844,detection,
844637,9,24,1296,1072,224,0,85,100,21,0,1,0,82,75,844,detection,
844650,15,24,1296,1072,224,0,82,100,20,0,3,0,82,75,844,detection,
844667,20,24,1296,1072,224,0,87,100,58,0,0,0,82,55,844,detection,
849262,9,29,1971,1795,176,0,53,100,4,0,15,0,95,100,849,detection,
849264,12,29,1971,1795,176,0,53,100,12,0,14,0,95,100,849,detection,
849273,18,29,1971,1795,176,0,53,100,12,0,15,0,95,100,849,detection,
849275,15,29,1971,1795,176,0,52,100,11,0,16,0,95,100,849,detection,
849322,22,29,1971,1795,176,0,53,100,12,0,14,0,95,100,849,detection,
851889,12,9,1335,1335,0,0,0,0,0,0,2,0,0,0,851,detection,
851903,6,9,1335,1335,0,0,0,0,0,0,3,0,0,0,851,detection,
855119,1,28,672,512,160,0,62,100,26,0,0,0,82,75,855,detection,
855127,7,28,672,512,160,0,62,100,26,0,0,0,82,75,855,detection,
855140,19,28,672,512,160,0,62,100,26,0,0,0,82,75,855,detection,
855167,20,28,672,512,160,0,62,100,10,0,0,0,82,75,855,detection,
855183,10,28,672,512,160,0,62,100,5,0,0,0,82,75,855,detection,
855187,13,28,672,512,160,0,61,94,25,0,1,0,82,75,855,detection,
855189,2,28,672,512,160,0,61,100,25,0,1,0,82,75,855,detection,
857515,12,6,1767,1767,0,0,0,0,0,0,0,0,0,0,857,detection,
858182,10,20,947,947,0,0,0,0,0,0,0,6,0,0,858,detection,
858186,2,20,947,947,0,0,0,0,0,0,7,6,0,0,858,detection,
858232,14,20,947,947,0,0,0,0,0,0,0,0,0,0,858,detection,
860731,3,23,1158,819,339,0,100,100,2,0,3,0,82,55,860,detection,
860792,20,23,1158,819,339,0,100,100,2,0,2,0,82,55,860,detection,
860809,10,23,1158,819,339,0,100,100,2,0,0,0,82,55,860,detection,
860814,2,23,1158,819,339,0,100,100,2,0,2,0,82,55,860,detection,
861270,18,26,1404,1327,77,0,28,100,3,0,3,0,95,100,861,detection,
861961,8,25,1436,1037,399,0,100,100,17,0,7,0,82,75,861,detection,
862001,7,25,1436,1037,399,0,100,100,23,0,3,0,82,75,862,detection,
862029,5,25,1436,1037,399,0,100,100,23,0,4,0,82,75,862,detection,
862040,20,25,1436,1037,399,0,100,100,22,0,5,0,82,75,862,detection,
862062,13,25,1436,1037,399,0,100,100,30,0,3,0,82,75,862,detection,
862063,10,25,1436,1037,399,0,100,100,21,0,7,0,82,75,862,detection,
862251,7,5,1182,1182,0,0,0,0,0,0,0,0,0,0,862,detection,
862335,8,5,1182,1182,0,0,0,0,0,0,0,0,0,0,862,detection,
863935,13,25,1456,1037,419,0,100,100,4,0,4,0,82,75,863,detection,
866112,14,20,937,937,0,0,0,0,0,0,0,0,0,0,866,detection,
866184,10,20,937,937,0,0,0,0,0,0,0,12,0,0,866,detection,
866189,2,20,937,937,0,0,0,0,0,0,7,12,0,0,866,detection,
870210,8,25,1476,1037,439,0,100,100,9,0,4,0,82,75,870,detection,
870238,14,25,1476,1037,439,0,100,100,32,0,4,0,82,75,870,detection,
870250,7,25,1476,1037,439,0,100,100,9,0,4,0,82,75,870,detection,
870278,5,25,1476,1037,439,0,100,100,9,0,4,0,82,75,870,detection,
870565,2,19,512,512,0,0,0,0,0,0,3,0,0,0,870,detection,
870582,16,26,1424,1367,57,0,21,96,16,0,1,0,95,100,870,detection,
870646,18,26,1424,1367,57,0,21,100,4,0,3,0,95,100,870,detection,
879936,13,25,1496,1037,459,0,100,100,9,0,4,0,82,75,879,detection,
879937,10,25,1496,1037,459,0,100,100,13,0,7,0,82,75,879,detection,
879960,8,25,1496,1037,459,0,100,100,4,0,4,0,82,75,879,detection,
880028,5,25,1496,1037,459,0,100,100,4,0,4,0,82,75,880,detection,
881934,10,20,967,967,0,0,0,0,0,0,0,12,0,0,881,detection,
881984,14,20,967,967,0,0,0,0,0,0,0,0,0,0,881,detection,
885486,11,6,1765,1765,0,0,0,0,0,0,7,0,0,0,885,detection,
885514,12,6,1765,1765,0,0,0,0,0,0,0,0,0,0,885,detection,
887512,9,24,1316,1238,78,0,30,100,38,0,0,0,95,100,887,detection,
889083,8,5,1182,1182,0,0,0,0,0,0,0,0,0,0,889,detection,
889947,22,31,1009,1012,-3,0,1,0,9,16,1,0,0,0,889,detection,
889949,17,31,1009,1012,-3,0,1,0,0,16,1,0,0,0,889,detection,
889957,16,31,1009,1012,-3,0,1,0,9,16,3,0,0,0,889,detection,
889981,3,31,1009,1012,-3,0,1,70,1,16,3,0,94,100,889,detection,
891896,18,22,1427,1427,0,0,0,0,0,0,5,0,0,0,891,detection,
893042,4,21,512,512,0,0,0,0,0,0,0,0,0,0,893,detection,
896437,2,28,692,512,180,0,68,100,5,0,1,0,82,75,896,detection,
897626,7,10,771,771,0,0,0,0,0,0,1,0,0,0,897,detection,
897639,19,10,771,771,0,0,0,0,0,0,0,0,0,0,897,detection,
897686,13,10,771,771,0,0,0,0,0,0,8,0,0,0,897,detection,
902182,10,20,1013,1013,0,0,0,0,0,0,0,12,0,0,902,detection,
902187,2,20,1013,1013,0,0,0,0,0,0,2,12,0,0,902,detection,
902232,14,20,1013,1013,0,0,0,0,0,0,0,0,0,0,902,detection,
903196,22,18,1542,1542,0,0,0,0,0,0,4,0,0,0,903,detection,
912112,14,25,1516,1027,489,0,100,100,12,0,3,0,82,75,912,detection,
912129,7,25,1516,1027,489,0,100,100,12,0,4,0,82,75,912,detection,
912152,5,25,1516,1027,489,0,100,100,7,0,4,0,82,75,912,detection,
912185,13,25,1516,1027,489,0,100,100,7,0,4,0,82,75,912,detection,
912185,10,25,1516,1027,489,0,100,100,7,0,4,0,82,75,912,detection,
912213,8,25,1516,1027,489,0,100,100,7,0,3,0,82,75,912,detection,
915112,11,15,1580,1580,0,0,0,0,0,0,12,0,0,0,915,detection,
915136,9,15,1580,1580,0,0,0,0,0,0,10,0,0,0,915,detection,
915138,12,15,1580,1580,0,0,0,0,0,0,8,0,0,0,915,detection,
915152,6,15,1580,1580,0,0,0,0,0,0,8,0,0,0,915,detection,
920779,5,8,1103,1103,0,0,0,0,0,0,2,0,0,0,920,detection,
926609,11,6,1777,1777,0,0,0,0,0,0,11,0,0,0,926,detection,
926633,9,6,1777,1777,0,0,0,0,0,0,11,0,0,0,926,detection,
926646,15,6,1777,1777,0,0,0,0,0,0,7,0,0,0,926,detection,
926787,21,4,512,512,0,0,0,0,0,0,0,0,0,0,926,detection,
926831,1,4,512,512,0,0,0,0,0,0,0,0,0,0,926,detection,
926887,19,4,512,512,0,0,0,0,0,0,0,0,0,0,926,detection,
929449,22,16,1283,1283,0,0,0,0,0,0,4,0,0,0,929,detection,
932262,12,11,1890,1890,0,0,0,0,0,0,1,0,0,0,932,detection,
932272,15,11,1890,1890,0,0,0,0,0,0,4,0,0,0,932,detection,
932276,6,11,1890,1890,0,0,0,0,0,0,3,0,0,0,932,detection,
934003,7,25,1536,1052,484,0,100,100,1,0,0,0,82,75,934,detection,
934127,7,8,1103,1103,0,0,0,0,0,0,3,0,0,0,934,detection,
934148,15,6,1758,1758,0,0,0,0,0,0,8,0,0,0,934,detection,
934154,5,8,1103,1103,0,0,0,0,0,0,2,0,0,0,934,detection,
934233,14,6,1758,1758,0,0,0,0,0,0,4,0,0,0,934,detection,
934235,11,6,1758,1758,0,0,0,0,0,0,6,0,0,0,934,detection,
934259,9,6,1758,1758,0,0,0,0,0,0,11,0,0,0,934,detection,
934266,12,6,1758,1758,0,0,0,0,0,0,4,0,0,0,934,detection,
934787,15,29,1991,1795,196,0,59,100,4,0,15,0,95,100,934,detection,
935777,6,11,1884,1884,0,0,0,0,0,0,3,0,0,0,935,detection,
939534,21,4,512,512,0,0,0,0,0,0,0,0,0,0,939,detection,
949237,11,6,1758,1758,0,0,0,0,0,0,6,0,0,0,949,detection,
949265,12,6,1758,1758,0,0,0,0,0,0,5,0,0,0,949,detection,
949271,15,6,1758,1758,0,0,0,0,0,0,8,0,0,0,949,detection,
955770,15,14,1277,1277,0,0,0,0,0,0,11,0,0,0,955,detection,
957809,13,2,512,512,0,0,0,0,0,0,4,0,0,0,957,detection,
957854,3,17,804,804,0,0,0,0,0,0,4,0,0,0,957,detection,
961059,10,20,1078,1078,0,0,0,0,0,0,7,0,0,0,961,detection,
961060,2,20,1078,1078,0,0,0,0,0,0,9,0,0,0,961,detection,
961112,14,20,1078,1078,0,0,0,0,0,0,7,0,0,0,961,detection,
965765,19,28,712,512,200,0,78,100,10,0,0,0,82,75,965,detection,
966210,8,25,1556,1052,504,0,100,100,3,0,3,0,82,75,966,detection,
966250,7,25,1556,1052,504,0,100,100,5,0,0,0,82,75,966,detection,
966279,5,25,1556,1052,504,0,100,100,3,0,0,0,82,75,966,detection,
970360,14,20,913,913,0,0,0,0,0,0,6,0,0,0,970,detection,
970434,10,20,913,913,0,0,0,0,0,0,6,0,0,0,970,detection,
971358,14,6,1748,1748,0,0,0,0,0,0,5,0,0,0,971,detection,
977013,1,19,512,512,0,0,0,0,0,0,0,0,0,0,977,detection,
977046,4,19,512,512,0,0,0,0,0,0,0,0,0,0,977,detection,
977058,10,19,512,512,0,0,0,0,0,0,0,0,0,0,977,detection,
977060,13,19,512,512,0,0,0,0,0,0,1,0,0,0,977,detection,
977062,2,19,512,512,0,0,0,0,0,0,3,0,0,0,977,detection,
983884,9,6,1748,1748,0,0,0,0,0,0,11,0,0,0,983,detection,
983898,15,6,1748,1748,0,0,0,0,0,0,8,0,0,0,983,detection,
983983,14,6,1748,1748,0,0,0,0,0,0,5,0,0,0,983,detection,
983984,11,6,1748,1748,0,0,0,0,0,0,6,0,0,0,983,detection,
984746,1,27,712,512,200,0,78,100,26,0,0,0,82,75,984,detection,
984763,19,27,712,512,200,0,78,100,20,0,0,0,82,75,984,detection,
984778,6,9,1358,1358,0,0,0,0,0,0,3,0,0,0,984,detection,
984788,21,27,712,512,200,0,78,100,26,0,0,0,82,75,984,detection,
984796,4,27,712,512,200,0,78,100,26,0,0,0,82,75,984,detection,
985558,10,20,862,862,0,0,0,0,0,0,6,0,0,0,985,detection,
985562,2,20,862,862,0,0,0,0,0,0,9,0,0,0,985,detection,
989064,2,3,786,786,0,0,0,0,0,0,2,0,0,0,989,detection,
1006061,13,7,1079,1079,0,0,0,0,0,0,4,6,0,0,1006,detection,
1013075,1,2,512,512,0,0,0,0,0,0,3,0,0,0,1013,detection,
1013105,3,2,512,512,0,0,0,0,0,0,6,0,0,0,1013,detection,
1013165,20,2,512,512,0,0,0,0,0,0,7,0,0,0,1013,detection,
1013182,13,2,512,512,0,0,0,0,0,0,4,0,0,0,1013,detection,
1013183,10,2,512,512,0,0,0,0,0,0,4,0,0,0,1013,detection,
1016985,11,12,1758,1758,0,0,0,0,0,0,0,0,0,0,1016,detection,
1017058,10,20,815,815,0,0,0,0,0,0,5,0,0,0,1017,detection,
1017059,2,20,815,815,0,0,0,0,0,0,8,0,0,0,1017,detection,
1017327,17,31,1049,1013,36,0,13,53,9,33,1,14,0,0,1017,detection,
1018035,21,17,814,814,0,0,0,0,0,0,0,0,0,0,1018,detection,
1019769,1,3,784,784,0,0,0,0,0,0,0,0,0,0,1019,detection,
1019788,21,3,784,784,0,0,0,0,0,0,0,0,0,0,1019,detection,
1019812,2,3,784,784,0,0,0,0,0,0,2,0,0,0,1019,detection,
1019822,17,3,784,784,0,0,0,0,0,0,4,0,0,0,1019,detection,
1023514,19,4,512,512,0,0,0,0,0,0,0,0,0,0,1023,detection,
1023638,19,10,800,800,0,0,0,0,0,0,0,0,0,0,1023,detection,
1027338,1,21,512,512,0,0,0,0,0,0,0,0,0,0,1027,detection,
1027355,3,21,512,512,0,0,0,0,0,0,1,0,0,0,1027,detection,
1029861,14,6,1755,1755,0,0,0,0,0,0,5,0,0,0,1029,detection,
1029863,11,6,1755,1755,0,0,0,0,0,0,5,0,0,0,1029,detection,
1029882,9,6,1755,1755,0,0,0,0,0,0,6,0,0,0,1029,detection,
1029890,12,6,1755,1755,0,0,0,0,0,0,2,0,0,0,1029,detection,
1029896,15,6,1755,1755,0,0,0,0,0,0,3,0,0,0,1029,detection,
1035362,14,30,1726,1360,366,0,100,100,2,0,0,0,82,75,1035,detection,
1035651,5,7,1057,1057,0,0,0,0,0,0,3,0,0,0,1035,detection,
1035683,13,7,1057,1057,0,0,0,0,0,0,3,12,0,0,1035,detection,
1035684,10,7,1057,1057,0,0,0,0,0,0,3,6,0,0,1035,detection,
1035711,8,7,1057,1057,0,0,0,0,0,0,5,0,0,0,1035,detection,
1036450,22,26,1444,1421,23,0,8,90,8,0,0,0,95,100,1036,detection,
1037235,14,30,1746,1360,386,0,100,100,5,0,0,0,82,75,1037,detection,
1037276,15,30,1746,1360,386,0,100,100,18,0,2,0,82,75,1037,detection,
1037278,6,30,1746,1360,386,0,100,100,2,0,2,0,82,75,1037,detection,
1037337,8,30,1746,1360,386,0,100,100,19,0,0,0,82,75,1037,detection,
1051823,22,24,1356,1260,96,0,36,100,32,0,1,0,95,100,1051,detection,
1052582,16,22,1325,1325,0,0,0,0,0,0,3,0,0,0,1052,detection,
1052890,12,29,2011,1750,261,0,86,100,18,0,9,0,82,75,1052,detection,
1055074,22,9,1340,1340,0,0,0,0,0,0,1,0,0,0,1055,detection,
1055146,15,9,1340,1340,0,0,0,0,0,0,5,0,0,0,1055,detection,
1056485,14,20,811,811,0,0,0,0,0,0,6,0,0,0,1056,detection,
1056559,10,20,811,811,0,0,0,0,0,0,2,0,0,0,1056,detection,
1057141,12,11,1866,1866,0,0,0,0,0,0,1,0,0,0,1057,detection,
1063857,3,27,732,512,220,0,84,100,30,0,1,0,82,75,1063,detection,
1069647,15,9,1334,1334,0,0,0,0,0,0,6,0,0,0,1069,detection,
1072358,11,12,1726,1726,0,0,0,0,0,0,0,0,0,0,1072,detection,
1072386,9,12,1726,1726,0,0,0,0,0,0,1,0,0,0,1072,detection,
1072403,6,12,1726,1726,0,0,0,0,0,0,2,0,0,0,1072,detection,
1073075,17,3,780,780,0,0,0,0,0,0,4,0,0,0,1073,detection,
1073259,9,15,1616,1616,0,0,0,0,0,0,9,0,0,0,1073,detection,
1080823,22,18,1529,1529,0,0,0,0,0,0,3,0,0,0,1080,detection,
1081792,20,23,1198,804,394,0,100,100,13,0,3,0,82,55,1081,detection,
1086935,10,28,732,512,220,0,85,100,15,0,0,0,82,75,1086,detection,
1087685,10,7,1049,1049,0,0,0,0,0,0,2,12,0,0,1087,detection,
1091456,16,22,1319,1319,0,0,0,0,0,0,3,0,0,0,1091,detection,
1091510,9,22,1319,1319,0,0,0,0,0,0,4,0,0,0,1091,detection,
1092683,10,20,776,776,0,0,0,0,0,0,2,0,0,0,1092,detection,
1094561,13,25,1596,1046,550,0,100,100,14,0,4,0,82,75,1094,detection,
1094585,8,25,1596,1046,550,0,100,100,11,0,3,0,82,75,1094,detection,
1094612,14,25,1596,1046,550,0,100,100,14,0,3,0,82,75,1094,detection,
1094629,7,25,1596,1046,550,0,100,100,11,0,0,0,82,75,1094,detection,
1094653,5,25,1596,1046,550,0,100,100,11,0,0,0,82,75,1094,detection,
1094668,20,25,1596,1046,550,0,100,100,35,0,6,0,82,75,1094,detection,
1104396,15,12,1712,1712,0,0,0,0,0,0,2,0,0,0,1104,detection,
1113889,12,15,1603,1603,0,0,0,0,0,0,4,0,0,0,1113,detection,
1113902,6,15,1603,1603,0,0,0,0,0,0,9,0,0,0,1113,detection,
1113985,14,15,1603,1603,0,0,0,0,0,0,9,0,0,0,1113,detection,
1113986,11,15,1603,1603,0,0,0,0,0,0,8,0,0,0,1113,detection,
1114334,8,5,1332,1332,0,0,0,0,0,0,0,0,0,0,1114,detection,
1121736,14,6,1715,1715,0,0,0,0,0,0,5,0,0,0,1121,detection,
1121761,9,6,1715,1715,0,0,0,0,0,0,5,0,0,0,1121,detection,
1121764,12,6,1715,1715,0,0,0,0,0,0,1,0,0,0,1121,detection,
1130646,18,16,1301,1301,0,0,0,0,0,0,5,0,0,0,1130,detection,
1131460,8,30,1766,1331,435,0,100,100,12,0,3,0,82,75,1131,detection,
1131484,14,30,1766,1331,435,0,100,100,12,0,3,0,82,75,1131,detection,
1131523,15,30,1766,1331,435,0,100,100,11,0,6,0,82,75,1131,detection,
1131529,6,30,1766,1331,435,0,100,100,11,0,6,0,82,75,1131,detection,
1132635,9,29,2031,1833,198,0,61,100,4,0,13,0,82,75,1132,detection,
1132641,12,29,2031,1833,198,0,65,100,13,0,9,0,82,75,1132,detection,
1132646,18,29,2031,1833,198,0,60,100,4,0,14,0,95,100,1132,detection,
1132648,15,29,2031,1833,198,0,60,100,0,0,14,0,95,100,1132,detection,
1132698,22,29,2031,1833,198,0,61,100,4,0,13,0,82,75,1132,detection,
1137960,8,30,1786,1327,459,0,100,100,6,0,0,0,82,75,1137,detection,
1137983,14,30,1786,1327,459,0,100,100,6,0,0,0,82,75,1137,detection,
1138023,15,30,1786,1327,459,0,100,100,5,0,6,0,82,75,1138,detection,
1138029,6,30,1786,1327,459,0,100,100,5,0,6,0,82,75,1138,detection,
1139028,6,30,1806,1327,479,0,100,100,5,0,1,0,82,75,1139,detection,
1140644,18,29,2051,1833,218,0,67,100,4,0,13,0,82,75,1140,detection,
1144905,6,11,1875,1875,0,0,0,0,0,0,3,0,0,0,1144,detection,
1148168,4,19,512,512,0,0,0,0,0,0,0,0,0,0,1148,detection,
1155148,15,30,1826,1325,501,0,100,100,9,0,6,0,82,75,1155,detection,
1155154,6,30,1826,1325,501,0,100,100,5,0,1,0,82,75,1155,detection,
1155236,14,30,1826,1325,501,0,100,100,10,0,0,0,82,75,1155,detection,
1157028,6,15,1584,1584,0,0,0,0,0,0,9,0,0,0,1157,detection,
1158186,13,10,785,785,0,0,0,0,0,0,8,0,0,0,1158,detection,
1159979,3,31,1069,972,97,0,36,70,25,33,2,14,75,75,1159,detection,
1166081,16,26,1464,1421,43,0,16,100,3,0,1,0,95,100,1166,detection,
1168061,2,28,752,512,240,0,91,100,15,0,1,0,82,75,1168,detection,
1173917,4,21,512,512,0,0,0,0,0,0,0,0,0,0,1173,detection,
1178446,22,18,1578,1578,0,0,0,0,0,0,3,0,0,0,1178,detection,
1178713,8,30,1846,1325,521,0,100,100,16,0,0,0,82,75,1178,detection,
1178736,14,30,1846,1325,521,0,100,100,5,0,0,0,82,75,1178,detection,
1178776,15,30,1846,1325,521,0,100,100,4,0,6,0,82,75,1178,detection,
1178778,6,30,1846,1325,521,0,100,100,5,0,1,0,82,75,1178,detection,
1181156,5,25,1616,1046,570,0,100,100,5,0,0,0,82,75,1181,detection,
1184874,7,13,847,847,0,0,0,0,0,0,2,0,0,0,1184,detection,
1189655,6,12,1678,1678,0,0,0,0,0,0,2,0,0,0,1189,detection,
1190058,10,20,790,790,0,0,0,0,0,0,2,0,0,0,1190,detection,
1212399,15,29,2071,1833,238,0,72,100,8,0,14,0,82,75,1212,detection,
1217439,2,27,752,512,240,0,91,100,25,0,1,0,82,75,1217,detection,
1223485,11,6,1720,1720,0,0,0,0,0,0,5,0,0,0,1223,detection,
1225309,10,19,512,512,0,0,0,0,0,0,0,0,0,0,1225,detection,
1235707,8,5,1390,1390,0,0,0,0,0,0,0,0,0,0,1235,detection,
1236894,18,26,1484,1405,79,0,29,100,5,0,2,0,95,100,1236,detection,
1237570,22,9,1327,1327,0,0,0,0,0,0,1,0,0,0,1237,detection,
1242103,3,21,512,512,0,0,0,0,0,0,1,0,0,0,1242,detection,
1243891,12,11,1869,1869,0,0,0,0,0,0,1,0,0,0,1243,detection,
1247401,6,14,1089,1089,0,0,0,0,0,0,9,0,0,0,1247,detection,
1254213,8,30,1866,1325,541,0,100,100,5,0,0,0,82,75,1254,detection,
1254236,14,30,1866,1325,541,0,100,100,5,0,0,0,82,75,1254,detection,
1254276,15,30,1866,1325,541,0,100,100,5,0,1,0,82,75,1254,detection,
1254278,6,30,1866,1325,541,0,100,100,5,0,1,0,82,75,1254,detection,
1255556,10,7,966,966,0,0,0,0,0,0,2,12,0,0,1255,detection,
1256064,10,23,1238,804,434,0,100,100,24,0,0,0,82,55,1256,detection,
1258338,8,25,1636,1044,592,0,100,100,10,0,3,0,82,75,1258,detection,
1261561,13,25,1656,1044,612,0,100,100,16,0,0,0,82,75,1261,detection,
1261584,8,25,1656,1044,612,0,100,100,4,0,3,0,82,75,1261,detection,
1261612,14,25,1656,1044,612,0,100,100,15,0,3,0,82,75,1261,detection,
1261629,7,25,1656,1044,612,0,100,100,16,0,0,0,82,75,1261,detection,
1261653,5,25,1656,1044,612,0,100,100,10,0,0,0,82,75,1261,detection,
1261668,20,25,1656,1044,612,0,100,100,14,0,6,0,82,75,1261,detection,
1289698,22,16,1353,1353,0,0,0,0,0,0,4,0,0,0,1289,detection,
1296947,22,31,1089,1032,57,0,20,70,14,33,5,0,94,100,1296,detection,
1296950,17,31,1089,1032,57,0,21,70,5,33,2,0,94,100,1296,detection,
1296958,16,31,1089,1032,57,0,19,70,13,33,7,0,94,100,1296,detection,
1302151,15,30,1886,1325,561,0,100,100,5,0,1,0,82,75,1302,detection,
1306040,20,10,768,768,0,0,0,0,0,0,12,0,0,0,1306,detection,
1306061,13,10,768,768,0,0,0,0,0,0,11,0,0,0,1306,detection,
1306062,2,10,768,768,0,0,0,0,0,0,13,0,0,0,1306,detection,
1306125,7,10,768,768,0,0,0,0,0,0,5,0,0,0,1306,detection,
1306138,19,10,768,768,0,0,0,0,0,0,4,0,0,0,1306,detection,
1306277,5,8,1340,1340,0,0,0,0,0,0,2,0,0,0,1306,detection,
1306825,22,31,1109,1115,-6,0,2,70,16,50,0,0,94,100,1306,detection,
1306827,17,31,1109,1115,-6,0,2,70,16,50,1,0,94,100,1306,detection,
1306831,16,31,1109,1115,-6,0,2,70,15,50,2,0,94,100,1306,detection,
1306854,3,31,1109,1115,-6,0,2,70,24,50,5,0,89,100,1306,detection,
1309390,12,29,2091,1833,258,0,87,100,13,0,8,0,82,75,1309,detection,
1311683,13,10,768,768,0,0,0,0,0,0,11,0,0,0,1311,detection,
1311751,7,10,768,768,0,0,0,0,0,0,5,0,0,0,1311,detection,
1311760,19,10,768,768,0,0,0,0,0,0,4,0,0,0,1311,detection,
1312809,10,13,950,950,0,0,0,0,0,0,3,0,0,0,1312,detection,
1312813,2,13,950,950,0,0,0,0,0,0,6,0,0,0,1312,detection,
1312876,7,13,950,950,0,0,0,0,0,0,2,0,0,0,1312,detection,
1315583,16,26,1504,1455,49,0,19,100,1,0,0,0,95,100,1315,detection,
1315641,12,15,1678,1678,0,0,0,0,0,0,3,0,0,0,1315,detection,
1319887,19,4,512,512,0,0,0,0,0,0,0,0,0,0,1319,detection,
1321698,22,31,1129,1191,-62,0,24,70,14,50,0,0,77,75,1321,detection,
1321701,17,31,1129,1191,-62,0,23,70,14,50,1,0,77,75,1321,detection,
1321709,16,31,1129,1191,-62,0,23,70,14,50,2,0,77,75,1321,detection,
1327560,13,10,768,768,0,0,0,0,0,0,6,0,0,0,1327,detection,
1327624,7,10,768,768,0,0,0,0,0,0,5,0,0,0,1327,detection,
1327638,19,10,768,768,0,0,0,0,0,0,4,0,0,0,1327,detection,
1339186,2,3,786,786,0,0,0,0,0,0,4,0,0,0,1339,detection,
1349748,7,10,768,768,0,0,0,0,0,0,5,0,0,0,1349,detection,
1349791,20,10,768,768,0,0,0,0,0,0,7,0,0,0,1349,detection,
1349808,13,10,768,768,0,0,0,0,0,0,6,0,0,0,1349,detection,
1349814,2,10,768,768,0,0,0,0,0,0,15,0,0,0,1349,detection,
1354573,22,31,1169,1140,29,0,11,70,23,66,0,0,71,75,1354,detection,
1354576,17,31,1169,1140,29,0,11,70,23,66,1,0,71,75,1354,detection,
1354584,16,31,1169,1140,29,0,10,70,22,66,2,0,72,75,1354,detection,
1358525,15,30,1906,1325,581,0,100,100,5,0,1,0,82,75,1358,detection,
1358527,6,30,1906,1325,581,0,100,100,10,0,1,0,82,75,1358,detection,
1358581,16,22,1470,1470,0,0,0,0,0,0,2,0,0,0,1358,detection,
1358586,8,30,1906,1325,581,0,100,100,10,0,0,0,82,75,1358,detection,
1363185,2,13,931,931,0,0,0,0,0,0,6,0,0,0,1363,detection,
1366062,2,19,512,512,0,0,0,0,0,0,3,0,0,0,1366,detection,
1383526,6,11,1889,1889,0,0,0,0,0,0,2,0,0,0,1383,detection,
1383729,3,17,888,888,0,0,0,0,0,0,2,0,0,0,1383,detection,
1395270,18,26,1524,1497,27,0,9,100,12,0,3,0,95,100,1395,detection,
1396513,19,27,772,512,260,0,100,100,15,0,0,0,82,75,1396,detection,
1397163,20,10,787,787,0,0,0,0,0,0,7,0,0,0,1397,detection,
1399313,2,10,785,785,0,0,0,0,0,0,15,0,0,0,1399,detection,
1399376,7,10,785,785,0,0,0,0,0,0,5,0,0,0,1399,detection,
1399389,19,10,785,785,0,0,0,0,0,0,4,0,0,0,1399,detection,
1399415,20,10,785,785,0,0,0,0,0,0,7,0,0,0,1399,detection,
1404645,18,29,2111,1809,302,0,100,100,19,0,7,0,82,75,1404,detection,
1405607,3,31,1189,1083,106,0,37,99,26,66,5,0,82,75,1405,detection,
1405708,16,31,1189,1083,106,0,40,70,19,66,1,0,77,75,1405,detection,
1407402,6,12,1675,1675,0,0,0,0,0,0,2,0,0,0,1407,detection,
1409275,15,6,1678,1678,0,0,0,0,0,0,3,0,0,0,1409,detection,
1412232,3,23,1278,796,482,0,100,100,35,0,3,0,82,55,1412,detection,
1412294,20,23,1278,796,482,0,100,100,21,0,3,0,82,55,1412,detection,
1412311,10,23,1278,796,482,0,100,100,12,0,1,0,82,55,1412,detection,
1412316,2,23,1278,796,482,0,100,100,34,0,4,0,82,55,1412,detection,
1412897,15,14,1121,1121,0,0,0,0,0,0,11,0,0,0,1412,detection,
1423934,10,20,786,786,0,0,0,0,0,0,3,0,0,0,1423,detection,
1423939,2,20,786,786,0,0,0,0,0,0,10,0,0,0,1423,detection,
1423984,14,20,786,786,0,0,0,0,0,0,6,0,0,0,1423,detection,
1428037,21,4,512,512,0,0,0,0,0,0,0,0,0,0,1428,detection,
1428700,22,24,1416,1093,323,0,100,100,58,0,1,0,82,75,1428,detection,
1431144,18,22,1478,1478,0,0,0,0,0,0,4,0,0,0,1431,detection,
1433859,14,6,1697,1697,0,0,0,0,0,0,1,0,0,0,1433,detection,
1433860,11,6,1697,1697,0,0,0,0,0,0,5,0,0,0,1433,detection,
1433884,9,6,1697,1697,0,0,0,0,0,0,5,0,0,0,1433,detection,
1433888,12,6,1697,1697,0,0,0,0,0,0,1,0,0,0,1433,detection,
1433898,15,6,1697,1697,0,0,0,0,0,0,3,0,0,0,1433,detection,
1437792,4,21,512,512,0,0,0,0,0,0,0,0,0,0,1437,detection,
1444073,22,29,2131,1809,322,0,100,100,27,0,9,0,82,75,1444,detection,
1444134,9,29,2131,1809,322,0,100,100,25,0,13,0,82,75,1444,detection,
1444140,12,29,2131,1809,322,0,100,100,14,0,7,0,82,75,1444,detection,
1444151,15,29,2131,1809,322,0,100,100,17,0,13,0,82,75,1444,detection,
1445149,15,9,1312,1312,0,0,0,0,0,0,5,0,0,0,1445,detection,
1448388,12,11,1877,1877,0,0,0,0,0,0,1,0,0,0,1448,detection,
1468111,11,12,1651,1651,0,0,0,0,0,0,0,0,0,0,1468,detection,
1469695,22,18,1594,1594,0,0,0,0,0,0,3,0,0,0,1469,detection,
1469707,16,18,1594,1594,0,0,0,0,0,0,0,0,0,0,1469,detection,
1479264,12,6,1680,1680,0,0,0,0,0,0,0,0,0,0,1479,detection,
1488398,15,30,1946,1320,626,0,100,100,11,0,1,0,82,75,1488,detection,
1492209,8,5,1353,1353,0,0,0,0,0,0,0,0,0,0,1492,detection,
1504198,22,26,1544,1509,35,0,13,100,3,0,0,0,95,100,1504,detection,
1505541,20,23,1298,796,502,0,100,100,4,0,3,0,82,55,1505,detection,
1507197,22,31,1229,1038,191,0,73,100,41,66,1,0,78,75,1507,detection,
1507208,16,31,1229,1038,191,0,73,100,21,66,1,0,78,75,1507,detection,
1507231,3,31,1229,1038,191,0,67,100,20,66,5,0,78,75,1507,detection,
1511664,21,27,792,512,280,0,100,100,20,0,0,0,82,75,1511,detection,
1513003,7,25,1696,1074,622,0,100,100,2,0,0,0,82,75,1513,detection,
1531280,6,11,1873,1873,0,0,0,0,0,0,2,0,0,0,1531,detection,
1532588,8,30,1966,1320,646,0,100,100,16,0,0,0,82,75,1532,detection,
1532611,14,30,1966,1320,646,0,100,100,27,0,0,0,82,75,1532,detection,
1532653,6,30,1966,1320,646,0,100,100,16,0,1,0,82,75,1532,detection,
1541527,6,15,1640,1640,0,0,0,0,0,0,8,0,0,0,1541,detection,
1544749,7,10,793,793,0,0,0,0,0,0,1,0,0,0,1544,detection,
1544763,19,10,793,793,0,0,0,0,0,0,4,0,0,0,1544,detection,
1544788,20,10,793,793,0,0,0,0,0,0,6,0,0,0,1544,detection,
1544809,13,10,793,793,0,0,0,0,0,0,6,0,0,0,1544,detection,
1544811,2,10,793,793,0,0,0,0,0,0,10,0,0,0,1544,detection,
1545012,9,29,2151,1809,342,0,100,100,4,0,7,0,82,75,1545,detection,
1547697,22,16,1503,1503,0,0,0,0,0,0,4,0,0,0,1547,detection,
1559573,22,29,2171,1662,509,0,100,100,39,0,12,0,82,75,1559,detection,
1559640,12,29,2171,1662,509,0,100,100,39,0,11,0,82,75,1559,detection,
1559650,15,29,2171,1662,509,0,100,100,39,0,12,0,82,75,1559,detection,
1559863,1,3,768,768,0,0,0,0,0,0,0,0,0,0,1559,detection,
1559912,21,3,768,768,0,0,0,0,0,0,0,0,0,0,1559,detection,
1559936,2,3,768,768,0,0,0,0,0,0,4,0,0,0,1559,detection,
1559946,17,3,768,768,0,0,0,0,0,0,0,0,0,0,1559,detection,
1564058,13,7,956,956,0,0,0,0,0,0,3,12,0,0,1564,detection,
1564511,9,29,2191,1662,529,0,100,100,39,0,11,0,82,75,1564,detection,
1564517,12,29,2191,1662,529,0,100,100,4,0,11,0,82,75,1564,detection,
1564522,18,29,2191,1662,529,0,100,100,48,0,11,0,82,75,1564,detection,
1564523,15,29,2191,1662,529,0,100,100,4,0,12,0,82,75,1564,detection,
1564575,22,29,2191,1662,529,0,100,100,4,0,12,0,82,75,1564,detection,
1571151,6,14,1045,1045,0,0,0,0,0,0,10,0,0,0,1571,detection,
1573111,14,15,1615,1615,0,0,0,0,0,0,8,0,0,0,1573,detection,
1573112,11,15,1615,1615,0,0,0,0,0,0,8,0,0,0,1573,detection,
1573136,9,15,1615,1615,0,0,0,0,0,0,4,0,0,0,1573,detection,
1573139,12,15,1615,1615,0,0,0,0,0,0,3,0,0,0,1573,detection,
1573153,6,15,1615,1615,0,0,0,0,0,0,8,0,0,0,1573,detection,
1573935,13,10,783,783,0,0,0,0,0,0,5,0,0,0,1573,detection,
1575456,16,26,1564,1542,22,0,8,100,7,0,0,0,95,100,1575,detection,
1576891,12,29,2211,1662,549,0,100,100,4,0,11,0,82,75,1576,detection,
1576895,18,29,2211,1662,549,0,100,100,4,0,11,0,82,75,1576,detection,
1576896,15,29,2211,1662,549,0,100,100,4,0,12,0,82,75,1576,detection,
1576948,22,29,2211,1662,549,0,100,100,4,0,12,0,82,75,1576,detection,
1577778,5,25,1716,1078,638,0,100,100,6,0,0,0,82,75,1577,detection,
1578948,22,9,1312,1312,0,0,0,0,0,0,1,0,0,0,1578,detection,
1578986,14,9,1312,1312,0,0,0,0,0,0,1,0,0,0,1578,detection,
1579014,12,9,1312,1312,0,0,0,0,0,0,2,0,0,0,1579,detection,
1579020,15,9,1312,1312,0,0,0,0,0,0,6,0,0,0,1579,detection,
1579028,6,9,1312,1312,0,0,0,0,0,0,4,0,0,0,1579,detection,
1585697,22,9,1312,1312,0,0,0,0,0,0,1,0,0,0,1585,detection,
1589134,9,22,1523,1523,0,0,0,0,0,0,4,0,0,0,1589,detection,
1593976,1,27,812,512,300,0,100,100,26,0,0,0,82,75,1593,detection,
1593980,3,27,812,512,300,0,100,100,20,0,0,0,82,75,1593,detection,
1594014,19,27,812,512,300,0,100,100,10,0,0,0,82,75,1594,detection,
1594038,21,27,812,512,300,0,100,100,5,0,0,0,82,75,1594,detection,
1594047,4,27,812,512,300,0,100,100,26,0,0,0,82,75,1594,detection,
1594062,2,27,812,512,300,0,100,100,14,0,3,0,82,75,1594,detection,
1594077,17,27,812,512,300,0,100,100,52,0,0,0,82,75,1594,detection,
1597822,17,21,512,512,0,0,0,0,0,0,1,0,0,0,1597,detection,
1604695,22,29,2231,1655,576,0,100,100,5,0,12,0,82,75,1604,detection,
1604760,9,29,2231,1655,576,0,100,100,10,0,11,0,82,75,1604,detection,
1604766,12,29,2231,1655,576,0,100,100,5,0,11,0,82,75,1604,detection,
1604771,18,29,2231,1655,576,0,100,100,5,0,11,0,82,75,1604,detection,
1604772,15,29,2231,1655,576,0,100,100,5,0,12,0,82,75,1604,detection,
1608522,18,16,1517,1517,0,0,0,0,0,0,7,0,0,0,1608,detection,
1610668,4,19,512,512,0,0,0,0,0,0,0,0,0,0,1610,detection,
1612763,12,11,1895,1895,0,0,0,0,0,0,1,0,0,0,1612,detection,
1618724,1,19,512,512,0,0,0,0,0,0,0,0,0,0,1618,detection,
1618795,4,19,512,512,0,0,0,0,0,0,0,0,0,0,1618,detection,
1618809,13,19,512,512,0,0,0,0,0,0,1,0,0,0,1618,detection,
1619163,21,4,557,557,0,0,0,0,0,0,0,0,0,0,1619,detection,
1626859,14,6,1601,1601,0,0,0,0,0,0,1,0,0,0,1626,detection,
1638041,20,28,832,512,320,0,100,100,40,0,1,0,82,75,1638,detection,
1642295,4,27,832,512,320,0,100,100,5,0,0,0,82,75,1642,detection,
1647029,6,30,1986,1320,666,0,100,100,5,0,1,0,82,75,1647,detection,
1652834,8,5,1341,1341,0,0,0,0,0,0,0,0,0,0,1652,detection,
1655623,1,4,552,552,0,0,0,0,0,0,0,0,0,0,1655,detection,
1655637,19,4,552,552,0,0,0,0,0,0,0,0,0,0,1655,detection,
1655661,21,4,552,552,0,0,0,0,0,0,0,0,0,0,1655,detection,
1658057,10,2,512,512,0,0,0,0,0,0,5,0,0,0,1658,detection,
1658199,17,3,779,779,0,0,0,0,0,0,0,0,0,0,1658,detection,
1658623,7,10,776,776,0,0,0,0,0,0,1,0,0,0,1658,detection,
1660073,22,29,2251,1655,596,0,100,100,4,0,12,0,82,75,1660,detection,
1660138,9,29,2251,1655,596,0,100,100,4,0,11,0,82,75,1660,detection,
1660140,12,29,2251,1655,596,0,100,100,4,0,7,0,82,75,1660,detection,
1660145,18,29,2251,1655,596,0,100,100,4,0,11,0,82,75,1660,detection,
1664185,2,13,867,867,0,0,0,0,0,0,6,0,0,0,1664,detection,
1674541,20,25,1736,1078,658,0,100,100,10,0,6,0,82,75,1674,detection,
1675399,15,12,1641,1641,0,0,0,0,0,0,2,0,0,0,1675,detection,
1683363,14,24,1456,1096,360,0,100,100,35,0,0,0,82,75,1683,detection,
1700636,19,4,552,552,0,0,0,0,0,0,0,0,0,0,1700,detection,
1701986,14,25,1756,1075,681,0,100,100,16,0,4,0,82,75,1701,detection,
1702003,7,25,1756,1075,681,0,100,100,15,0,0,0,82,75,1702,detection,
1702031,5,25,1756,1075,681,0,100,100,11,0,0,0,82,75,1702,detection,
1702041,20,25,1756,1075,681,0,100,100,5,0,1,0,82,75,1702,detection,
1702063,13,25,1756,1075,681,0,100,100,17,0,0,0,82,75,1702,detection,
1702065,10,25,1756,1075,681,0,100,100,45,0,5,0,82,75,1702,detection,
1702087,8,25,1756,1075,681,0,100,100,16,0,3,0,82,75,1702,detection,
1705649,15,29,2271,1655,616,0,100,100,8,0,11,0,82,75,1705,detection,
1706644,18,26,1584,1530,54,0,20,100,6,0,2,0,95,100,1706,detection,
1716058,10,20,784,784,0,0,0,0,0,0,3,0,0,0,1716,detection,
1719059,13,28,852,512,340,0,100,100,46,0,0,0,82,75,1719,detection,
1721320,22,18,1803,1803,0,0,0,0,0,0,3,0,0,0,1721,detection,
1721439,2,19,512,512,0,0,0,0,0,0,3,0,0,0,1721,detection,
1726821,22,16,1500,1500,0,0,0,0,0,0,5,0,0,0,1726,detection,
1734272,15,9,1323,1323,0,0,0,0,0,0,6,0,0,0,1734,detection,
1734452,17,31,1269,1106,163,0,62,100,34,66,1,0,82,75,1734,detection,
1739279,1,2,512,512,0,0,0,0,0,0,3,0,0,0,1739,detection,
1739288,20,2,512,512,0,0,0,0,0,0,6,0,0,0,1739,detection,
1739308,13,2,512,512,0,0,0,0,0,0,4,0,0,0,1739,detection,
1739309,10,2,512,512,0,0,0,0,0,0,5,0,0,0,1739,detection,
1740008,9,12,1641,1641,0,0,0,0,0,0,2,0,0,0,1740,detection,
1740021,15,12,1641,1641,0,0,0,0,0,0,2,0,0,0,1740,detection,
1740029,6,12,1641,1641,0,0,0,0,0,0,2,0,0,0,1740,detection,
1740778,15,14,1071,1071,0,0,0,0,0,0,11,0,0,0,1740,detection,
1741277,6,12,1641,1641,0,0,0,0,0,0,2,0,0,0,1741,detection,
1746259,9,15,1599,1599,0,0,0,0,0,0,4,0,0,0,1746,detection,
1747611,14,24,1476,1085,391,0,100,100,8,0,0,0,82,75,1747,detection,
1747637,9,24,1476,1085,391,0,100,100,81,0,0,0,82,75,1747,detection,
1747650,15,24,1476,1085,391,0,100,100,41,0,2,0,82,75,1747,detection,
1747667,20,24,1476,1085,391,0,100,100,41,0,2,0,82,55,1747,detection,
1747697,22,24,1476,1085,391,0,100,100,17,0,1,0,82,75,1747,detection,
1751736,14,15,1530,1530,0,0,0,0,0,0,8,0,0,0,1751,detection,
1751737,11,15,1530,1530,0,0,0,0,0,0,11,0,0,0,1751,detection,
1751756,9,15,1530,1530,0,0,0,0,0,0,7,0,0,0,1751,detection,
1751764,12,15,1530,1530,0,0,0,0,0,0,6,0,0,0,1751,detection,
1751777,6,15,1530,1530,0,0,0,0,0,0,11,0,0,0,1751,detection,
1755531,6,11,1823,1823,0,0,0,0,0,0,2,0,0,0,1755,detection,
1757733,11,15,1509,1509,0,0,0,0,0,0,11,0,0,0,1757,detection,
1757761,9,15,1509,1509,0,0,0,0,0,0,6,0,0,0,1757,detection,
1757764,12,15,1509,1509,0,0,0,0,0,0,6,0,0,0,1757,detection,
1757778,6,15,1509,1509,0,0,0,0,0,0,11,0,0,0,1757,detection,
1758633,9,14,1087,1087,0,0,0,0,0,0,7,0,0,0,1758,detection,
1758646,15,14,1087,1087,0,0,0,0,0,0,13,0,0,0,1758,detection,
1758663,20,14,1087,1087,0,0,0,0,0,0,7,0,0,0,1758,detection,
1761919,4,21,512,512,0,0,0,0,0,0,0,0,0,0,1761,detection,
1766836,8,25,1776,1072,704,0,100,100,5,0,0,0,82,75,1766,detection,
1767058,10,7,985,985,0,0,0,0,0,0,3,12,0,0,1767,detection,
1767083,8,7,985,985,0,0,0,0,0,0,3,0,0,0,1767,detection,
1769353,3,2,512,512,0,0,0,0,0,0,4,0,0,0,1769,detection,
1773571,22,31,1289,1106,183,0,71,100,2,66,0,0,78,75,1773,detection,
1773577,17,31,1289,1106,183,0,70,100,5,50,1,0,82,75,1773,detection,
1773581,16,31,1289,1106,183,0,70,100,2,50,1,0,82,75,1773,detection,
1773604,3,31,1289,1106,183,0,66,100,1,66,4,0,78,75,1773,detection,
1774737,14,15,1506,1506,0,0,0,0,0,0,7,0,0,0,1774,detection,
1774738,11,15,1506,1506,0,0,0,0,0,0,10,0,0,0,1774,detection,
1774758,9,15,1506,1506,0,0,0,0,0,0,6,0,0,0,1774,detection,
1774765,12,15,1506,1506,0,0,0,0,0,0,5,0,0,0,1774,detection,
1774778,6,15,1506,1506,0,0,0,0,0,0,10,0,0,0,1774,detection,
1782026,5,8,1277,1277,0,0,0,0,0,0,2,0,0,0,1782,detection,
1789208,16,18,1803,1803,0,0,0,0,0,0,0,0,0,0,1789,detection,
1790585,16,26,1604,1687,-83,0,32,100,27,16,0,0,95,100,1790,detection,
1796931,13,7,979,979,0,0,0,0,0,0,3,12,0,0,1796,detection,
1797949,22,29,2291,1655,636,0,100,100,8,0,11,0,82,75,1797,detection,
1801484,14,15,1489,1489,0,0,0,0,0,0,6,0,0,0,1801,detection,
1801485,11,15,1489,1489,0,0,0,0,0,0,9,0,0,0,1801,detection,
1801509,9,15,1489,1489,0,0,0,0,0,0,6,0,0,0,1801,detection,
1809625,7,10,776,776,0,0,0,0,0,0,1,0,0,0,1809,detection,
1809637,9,24,1496,1076,420,0,100,100,7,0,0,0,82,75,1809,detection,
1809664,20,10,776,776,0,0,0,0,0,0,6,0,0,0,1809,detection,
1811395,18,26,1624,1687,-63,0,23,100,29,16,2,0,95,100,1811,detection,
1811448,22,26,1624,1687,-63,0,24,83,25,16,0,0,95,100,1811,detection,
1812637,9,29,2311,1655,656,0,100,100,12,0,11,0,82,75,1812,detection,
1812643,12,29,2311,1655,656,0,100,100,13,0,7,0,82,75,1812,detection,
1812647,18,29,2311,1655,656,0,100,100,13,0,10,0,82,75,1812,detection,
1812649,15,29,2311,1655,656,0,100,100,8,0,13,0,82,75,1812,detection,
1812700,22,29,2311,1655,656,0,100,100,4,0,11,0,82,75,1812,detection,
1815659,21,4,548,548,0,0,0,0,0,0,0,0,0,0,1815,detection,
1816233,14,6,1594,1594,0,0,0,0,0,0,1,0,0,0,1816,detection,
1816235,11,6,1594,1594,0,0,0,0,0,0,5,0,0,0,1816,detection,
1816259,9,6,1594,1594,0,0,0,0,0,0,5,0,0,0,1816,detection,
1816266,12,6,1594,1594,0,0,0,0,0,0,1,0,0,0,1816,detection,
1816273,15,6,1594,1594,0,0,0,0,0,0,4,0,0,0,1816,detection,
1817999,7,13,867,867,0,0,0,0,0,0,1,0,0,0,1817,detection,
1819821,22,16,1558,1558,0,0,0,0,0,0,5,0,0,0,1819,detection,
1819893,18,16,1558,1558,0,0,0,0,0,0,7,0,0,0,1819,detection,
1838559,13,2,512,512,0,0,0,0,0,0,3,0,0,0,1838,detection,
1844640,12,11,1771,1771,0,0,0,0,0,0,1,0,0,0,1844,detection,
1856951,17,21,512,512,0,0,0,0,0,0,0,0,0,0,1856,detection,
1861734,14,15,1474,1474,0,0,0,0,0,0,6,0,0,0,1861,detection,
1861735,11,15,1474,1474,0,0,0,0,0,0,9,0,0,0,1861,detection,
1861759,9,15,1474,1474,0,0,0,0,0,0,5,0,0,0,1861,detection,
1861766,12,15,1474,1474,0,0,0,0,0,0,5,0,0,0,1861,detection,
1861779,6,15,1474,1474,0,0,0,0,0,0,5,0,0,0,1861,detection,
1862535,21,17,895,895,0,0,0,0,0,0,0,0,0,0,1862,detection,
1862708,8,7,979,979,0,0,0,0,0,0,2,0,0,0,1862,detection,
1872600,1,21,512,512,0,0,0,0,0,0,0,0,0,0,1872,detection,
1872605,3,21,512,512,0,0,0,0,0,0,1,0,0,0,1872,detection,
1872701,17,21,512,512,0,0,0,0,0,0,0,0,0,0,1872,detection,
1872759,1,28,892,512,380,0,100,100,57,0,0,0,82,75,1872,detection,
1872764,19,28,892,512,380,0,100,100,46,0,0,0,82,75,1872,detection,
1872791,20,28,892,512,380,0,100,100,15,0,1,0,82,75,1872,detection,
1872810,13,28,892,512,380,0,100,100,10,0,0,0,82,75,1872,detection,
1872812,10,28,892,512,380,0,100,100,40,0,1,0,82,75,1872,detection,
1872812,2,28,892,512,380,0,100,100,34,0,3,0,82,75,1872,detection,
1872875,7,28,892,512,380,0,100,100,57,0,0,0,82,75,1872,detection,
1876308,10,7,1052,1052,0,0,0,0,0,0,7,0,0,0,1876,detection,
1876311,13,7,1052,1052,0,0,0,0,0,0,7,0,0,0,1876,detection,
1876335,8,7,1052,1052,0,0,0,0,0,0,6,0,0,0,1876,detection,
1876402,5,7,1052,1052,0,0,0,0,0,0,7,0,0,0,1876,detection,
1879874,7,5,1333,1333,0,0,0,0,0,0,1,0,0,0,1879,detection,
1879958,8,5,1333,1333,0,0,0,0,0,0,0,0,0,0,1879,detection,
1883153,5,7,1091,1091,0,0,0,0,0,0,6,0,0,0,1883,detection,
1883182,10,7,1091,1091,0,0,0,0,0,0,6,0,0,0,1883,detection,
1883185,13,7,1091,1091,0,0,0,0,0,0,1,0,0,0,1883,detection,
1883209,8,7,1091,1091,0,0,0,0,0,0,5,0,0,0,1883,detection,
1889332,8,5,1369,1369,0,0,0,0,0,0,0,0,0,0,1889,detection,
1891522,15,6,1591,1591,0,0,0,0,0,0,3,0,0,0,1891,detection,
1896212,8,30,2026,1347,679,0,100,100,8,0,0,0,82,75,1896,detection,
1899485,11,15,1460,1460,0,0,0,0,0,0,9,0,0,0,1899,detection,
1901086,8,7,1079,1079,0,0,0,0,0,0,5,0,0,0,1901,detection,
1901154,5,7,1079,1079,0,0,0,0,0,0,5,0,0,0,1901,detection,
1901183,10,7,1079,1079,0,0,0,0,0,0,6,0,0,0,1901,detection,
1901186,13,7,1079,1079,0,0,0,0,0,0,1,0,0,0,1901,detection,
1904332,16,22,1641,1641,0,0,0,0,0,0,2,0,0,0,1904,detection,
1904386,9,22,1641,1641,0,0,0,0,0,0,2,0,0,0,1904,detection,
1904396,18,22,1641,1641,0,0,0,0,0,0,4,0,0,0,1904,detection,
1911896,18,26,1644,1687,-43,0,16,100,5,16,2,0,95,100,1911,detection,
1912822,22,9,1374,1374,0,0,0,0,0,0,1,0,0,0,1912,detection,
1917162,21,27,892,512,380,0,100,100,20,0,0,0,82,75,1917,detection,
1928080,16,22,1641,1641,0,0,0,0,0,0,1,0,0,0,1928,detection,
1929856,3,21,512,512,0,0,0,0,0,0,0,0,0,0,1929,detection,
1929950,17,3,786,786,0,0,0,0,0,0,0,0,0,0,1929,detection,
1931432,13,7,1069,1069,0,0,0,0,0,0,1,0,0,0,1931,detection,
1931433,10,7,1069,1069,0,0,0,0,0,0,1,0,0,0,1931,detection,
1939479,3,17,870,870,0,0,0,0,0,0,2,0,0,0,1939,detection,
1940358,14,20,770,770,0,0,0,0,0,0,2,0,0,0,1940,detection,
1940432,10,20,770,770,0,0,0,0,0,0,3,0,0,0,1940,detection,
1940437,2,20,770,770,0,0,0,0,0,0,10,0,0,0,1940,detection,
1942141,12,29,2331,1631,700,0,100,100,10,0,6,0,82,75,1942,detection,
1954151,5,7,1069,1069,0,0,0,0,0,0,5,0,0,0,1954,detection,
1957315,2,28,912,512,400,0,100,100,4,0,3,0,82,75,1957,detection,
1963029,6,11,1732,1732,0,0,0,0,0,0,2,0,0,0,1963,detection,
1968637,9,15,1448,1448,0,0,0,0,0,0,5,0,0,0,1968,detection,
1968639,12,15,1448,1448,0,0,0,0,0,0,5,0,0,0,1968,detection,
1968653,6,15,1448,1448,0,0,0,0,0,0,5,0,0,0,1968,detection,
1968735,14,15,1448,1448,0,0,0,0,0,0,5,0,0,0,1968,detection,
1968736,11,15,1448,1448,0,0,0,0,0,0,4,0,0,0,1968,detection,
1970363,11,12,1620,1620,0,0,0,0,0,0,0,0,0,0,1970,detection,
1977249,7,8,1352,1352,0,0,0,0,0,0,3,0,0,0,1977,detection,
1977277,5,8,1352,1352,0,0,0,0,0,0,1,0,0,0,1977,detection,
1979062,13,25,1816,1069,747,0,100,100,17,0,0,0,82,75,1979,detection,
1982651,6,9,1367,1367,0,0,0,0,0,0,2,0,0,0,1982,detection,
1984901,6,14,1034,1034,0,0,0,0,0,0,10,0,0,0,1984,detection,
1991652,5,7,1065,1065,0,0,0,0,0,0,5,0,0,0,1991,detection,
1991685,13,7,1065,1065,0,0,0,0,0,0,0,0,0,0,1991,detection,
1991686,10,7,1065,1065,0,0,0,0,0,0,1,0,0,0,1991,detection,
1991708,8,7,1065,1065,0,0,0,0,0,0,5,0,0,0,1991,detection,
1991763,12,11,1720,1720,0,0,0,0,0,0,0,0,0,0,1991,detection,
1991773,15,11,1720,1720,0,0,0,0,0,0,4,0,0,0,1991,detection,
1991777,6,11,1720,1720,0,0,0,0,0,0,2,0,0,0,1991,detection,
1992184,10,13,840,840,0,0,0,0,0,0,3,0,0,0,1992,detection,
1995296,4,19,512,512,0,0,0,0,0,0,0,0,0,0,1995,detection,
2004651,15,24,1536,1075,461,0,100,100,17,0,3,0,82,75,2004,detection,
2005200,22,26,1664,1687,-23,0,8,70,10,16,0,0,94,100,2005,detection,
2005529,6,30,2046,1347,699,0,100,100,8,0,1,0,82,75,2005,detection,
2010148,18,29,2351,1631,720,0,100,100,13,0,11,0,82,75,2010,detection,
2012575,17,27,912,512,400,0,100,100,26,0,0,0,82,75,2012,detection,
2013667,4,21,512,512,0,0,0,0,0,0,0,0,0,0,2013,detection,
2014104,3,17,859,859,0,0,0,0,0,0,1,0,0,0,2014,detection,
2014653,5,8,1336,1336,0,0,0,0,0,0,1,0,0,0,2014,detection,
2018250,7,28,932,512,420,0,100,100,10,0,1,0,82,75,2018,detection,
2036935,2,3,782,782,0,0,0,0,0,0,4,0,0,0,2036,detection,
2042571,22,29,2371,1631,740,0,100,100,19,0,7,0,82,75,2042,detection,
2042635,9,29,2371,1631,740,0,100,100,17,0,11,0,82,75,2042,detection,
2042641,12,29,2371,1631,740,0,100,100,9,0,6,0,82,75,2042,detection,
2042646,18,29,2371,1631,740,0,100,100,4,0,10,0,82,75,2042,detection,
2042647,15,29,2371,1631,740,0,100,100,17,0,13,0,82,75,2042,detection,
2054570,22,16,1554,1554,0,0,0,0,0,0,6,0,0,0,2054,detection,
2069272,15,11,1720,1720,0,0,0,0,0,0,4,0,0,0,2069,detection,
2069538,20,10,786,786,0,0,0,0,0,0,6,0,0,0,2069,detection,
2069737,14,24,1556,1075,481,0,100,100,23,0,0,0,82,75,2069,detection,
2074669,20,25,1836,1087,749,0,100,100,17,0,1,0,82,75,2074,detection,
2079646,15,12,1620,1620,0,0,0,0,0,0,3,0,0,0,2079,detection,
2084167,20,28,952,512,440,0,100,100,15,0,1,0,82,75,2084,detection,
2085087,8,30,2066,1346,720,0,100,100,10,0,0,0,82,75,2085,detection,
2085110,14,30,2066,1346,720,0,100,100,19,0,0,0,82,75,2085,detection,
2085150,15,30,2066,1346,720,0,100,100,23,0,2,0,82,75,2085,detection,
2085156,6,30,2066,1346,720,0,100,100,5,0,0,0,82,75,2085,detection,
2091021,18,22,1614,1614,0,0,0,0,0,0,3,0,0,0,2091,detection,
2091826,17,31,1349,1060,289,0,100,100,27,33,0,0,82,75,2091,detection,
2092645,18,26,1684,1687,-3,0,1,100,10,16,2,0,95,100,2092,detection,
2092684,10,23,1398,929,469,0,100,100,3,0,2,0,82,55,2092,detection,
2093085,8,5,1334,1334,0,0,0,0,0,0,0,0,0,0,2093,detection,
2100152,5,7,1055,1055,0,0,0,0,0,0,5,0,0,0,2100,detection,
2100209,8,7,1055,1055,0,0,0,0,0,0,5,0,0,0,2100,detection,
2100307,10,2,512,512,0,0,0,0,0,0,5,0,0,0,2100,detection,
2105573,22,29,2391,1631,760,0,100,100,4,0,6,0,82,75,2105,detection,
2110355,3,17,859,859,0,0,0,0,0,0,1,0,0,0,2110,detection,
2122383,1,4,537,537,0,0,0,0,0,0,0,0,0,0,2122,detection,
2130386,9,24,1576,1075,501,0,100,100,21,0,0,0,82,75,2130,detection,
2140024,15,9,1361,1361,0,0,0,0,0,0,7,0,0,0,2140,detection,
2141266,12,6,1639,1639,0,0,0,0,0,0,1,0,0,0,2141,detection,
2146213,8,30,2086,1312,774,0,100,100,14,0,0,0,82,75,2146,detection,
2155295,4,27,932,512,420,0,100,100,26,0,0,0,82,75,2155,detection,
2156558,13,7,1050,1050,0,0,0,0,0,0,0,0,0,0,2156,detection,
2174687,2,19,512,512,0,0,0,0,0,0,3,0,0,0,2174,detection,
2175234,14,15,1440,1440,0,0,0,0,0,0,5,0,0,0,2175,detection,
2175236,11,15,1440,1440,0,0,0,0,0,0,5,0,0,0,2175,detection,
2175259,9,15,1440,1440,0,0,0,0,0,0,1,0,0,0,2175,detection,
2188388,19,4,531,531,0,0,0,0,0,0,0,0,0,0,2188,detection,
2189312,2,13,840,840,0,0,0,0,0,0,6,0,0,0,2189,detection,
2191765,19,10,778,778,0,0,0,0,0,0,4,0,0,0,2191,detection,
2191791,20,10,778,778,0,0,0,0,0,0,6,0,0,0,2191,detection,
2191808,13,10,778,778,0,0,0,0,0,0,5,0,0,0,2191,detection,
2191813,2,10,778,778,0,0,0,0,0,0,10,0,0,0,2191,detection,
2209901,6,11,1734,1734,0,0,0,0,0,0,0,0,0,0,2209,detection,
2213858,14,25,1856,1064,792,0,100,100,28,0,0,0,82,75,2213,detection,
2219354,3,2,512,512,0,0,0,0,0,0,4,0,0,0,2219,detection,
2231397,18,16,1552,1552,0,0,0,0,0,0,7,0,0,0,2231,detection,
2231571,22,18,1830,1830,0,0,0,0,0,0,3,0,0,0,2231,detection,
2232002,7,10,774,774,0,0,0,0,0,0,2,0,0,0,2232,detection,
2242085,8,7,1070,1070,0,0,0,0,0,0,4,0,0,0,2242,detection,
2244891,12,29,2411,1613,798,0,100,100,13,0,6,0,82,75,2244,detection,
2247903,6,15,1455,1455,0,0,0,0,0,0,4,0,0,0,2247,detection,
2251208,16,26,1704,1676,28,0,10,100,28,33,0,0,95,100,2251,detection,
2252763,12,9,1357,1357,0,0,0,0,0,0,2,0,0,0,2252,detection,
2252772,15,9,1357,1357,0,0,0,0,0,0,5,0,0,0,2252,detection,
2252776,6,9,1357,1357,0,0,0,0,0,0,2,0,0,0,2252,detection,
2252820,22,9,1357,1357,0,0,0,0,0,0,1,0,0,0,2252,detection,
2252859,14,9,1357,1357,0,0,0,0,0,0,1,0,0,0,2252,detection,
2256910,21,4,531,531,0,0,0,0,0,0,0,0,0,0,2256,detection,
2259703,17,31,1389,1041,348,0,100,100,15,33,0,0,82,75,2259,detection,
2259704,22,31,1389,1041,348,0,100,100,42,50,0,0,82,75,2259,detection,
2259707,16,31,1389,1041,348,0,100,100,42,33,1,0,82,75,2259,detection,
2259730,3,31,1389,1041,348,0,100,100,39,66,4,0,82,75,2259,detection,
2262862,11,12,1654,1654,0,0,0,0,0,0,1,0,0,0,2262,detection,
2266651,5,8,1335,1335,0,0,0,0,0,0,1,0,0,0,2266,detection,
2266947,17,21,512,512,0,0,0,0,0,0,0,0,0,0,2266,detection,
2267934,10,28,992,512,480,0,100,100,25,0,1,0,82,75,2267,detection,
2274641,12,11,1734,1734,0,0,0,0,0,0,0,0,0,0,2274,detection,
2277251,7,5,1322,1322,0,0,0,0,0,0,1,0,0,0,2277,detection,
2283259,9,14,1062,1062,0,0,0,0,0,0,7,0,0,0,2283,detection,
2297075,22,24,1596,1128,468,0,100,100,19,0,1,0,82,75,2297,detection,
2313560,13,10,772,772,0,0,0,0,0,0,5,0,0,0,2313,detection,
2317733,14,6,1627,1627,0,0,0,0,0,0,1,0,0,0,2317,detection,
2325526,15,30,2106,1312,794,0,100,100,18,0,2,0,82,75,2325,detection,
2336518,18,26,1724,1717,7,0,2,100,2,33,1,0,95,100,2336,detection,
2346542,4,21,512,512,0,0,0,0,0,0,0,0,0,0,2346,detection,
2347279,6,11,1726,1726,0,0,0,0,0,0,0,0,0,0,2347,detection,
2353250,7,13,819,819,0,0,0,0,0,0,1,0,0,0,2353,detection,
2353263,19,13,819,819,0,0,0,0,0,0,0,0,0,0,2353,detection,
2353307,10,13,819,819,0,0,0,0,0,0,3,0,0,0,2353,detection,
2353311,2,13,819,819,0,0,0,0,0,0,5,0,0,0,2353,detection,
2355162,21,27,972,512,460,0,100,100,20,0,0,0,82,75,2355,detection,
2357437,10,23,1438,897,541,0,100,100,18,0,2,0,82,55,2357,detection,
2357477,3,23,1438,897,541,0,100,100,14,0,3,0,82,55,2357,detection,
2357543,20,23,1438,897,541,0,100,100,9,0,3,0,82,55,2357,detection,
2358398,15,12,1649,1649,0,0,0,0,0,0,3,0,0,0,2358,detection,
2361433,13,7,1104,1104,0,0,0,0,0,0,0,0,0,0,2361,detection,
2361433,10,7,1104,1104,0,0,0,0,0,0,1,0,0,0,2361,detection,
2363573,22,9,1324,1324,0,0,0,0,0,0,1,0,0,0,2363,detection,
2366354,3,17,867,867,0,0,0,0,0,0,1,0,0,0,2366,detection,
2367667,20,23,1458,897,561,0,100,100,4,0,3,0,82,55,2367,detection,
2376917,20,28,1012,512,500,0,100,100,15,0,1,0,82,75,2376,detection,
2384075,17,3,769,769,0,0,0,0,0,0,0,0,0,0,2384,detection,
2384655,5,25,1896,1058,838,0,100,100,40,0,0,0,82,75,2384,detection,
2387820,22,16,1672,1672,0,0,0,0,0,0,6,0,0,0,2387,detection,
2389325,22,29,2431,1653,778,0,100,100,4,0,6,0,82,75,2389,detection,
2389385,9,29,2431,1653,778,0,100,100,8,0,11,0,82,75,2389,detection,
2389391,12,29,2431,1653,778,0,100,100,4,0,6,0,82,75,2389,detection,
2389396,18,29,2431,1653,778,0,100,100,8,0,6,0,82,75,2389,detection,
2389398,15,29,2431,1653,778,0,100,100,7,0,13,0,82,75,2389,detection,
2391058,10,20,779,779,0,0,0,0,0,0,3,0,0,0,2391,detection,
2409023,15,29,2451,1653,798,0,100,100,4,0,7,0,82,75,2409,detection,
2410028,6,30,2126,1312,814,0,100,100,24,0,0,0,82,75,2410,detection,
2416388,12,6,1623,1623,0,0,0,0,0,0,1,0,0,0,2416,detection,
2423078,17,27,992,512,480,0,100,100,20,0,0,0,82,75,2423,detection,
2423394,18,22,1694,1694,0,0,0,0,0,0,3,0,0,0,2423,detection,
2429560,10,13,819,819,0,0,0,0,0,0,2,0,0,0,2429,detection,
2435074,22,26,1744,1717,27,0,10,70,13,33,0,0,94,100,2435,detection,
2438703,17,31,1449,1060,389,0,100,100,10,16,1,0,82,75,2438,detection,
2439011,19,4,527,527,0,0,0,0,0,0,0,0,0,0,2439,detection,
2443293,4,19,512,512,0,0,0,0,0,0,0,0,0,0,2443,detection,
2444562,10,23,1478,897,581,0,100,100,10,0,1,0,82,55,2444,detection,
2451460,8,5,1317,1317,0,0,0,0,0,0,0,0,0,0,2451,detection,
2453404,6,12,1649,1649,0,0,0,0,0,0,2,0,0,0,2453,detection,
2474892,12,29,2471,1653,818,0,100,100,9,0,6,0,82,75,2474,detection,
2478516,12,11,1748,1748,0,0,0,0,0,0,0,0,0,0,2478,detection,
2483941,1,3,768,768,0,0,0,0,0,0,0,0,0,0,2483,detection,
2483947,17,3,768,768,0,0,0,0,0,0,0,0,0,0,2483,detection,
2484037,21,3,768,768,0,0,0,0,0,0,0,0,0,0,2484,detection,
2484061,2,3,768,768,0,0,0,0,0,0,2,0,0,0,2484,detection,
2485164,20,10,771,771,0,0,0,0,0,0,6,0,0,0,2485,detection,
2487611,11,6,1623,1623,0,0,0,0,0,0,5,0,0,0,2487,detection,
2496010,9,6,1623,1623,0,0,0,0,0,0,5,0,0,0,2496,detection,
2496013,12,6,1623,1623,0,0,0,0,0,0,1,0,0,0,2496,detection,
2496024,15,6,1623,1623,0,0,0,0,0,0,3,0,0,0,2496,detection,
2496109,14,6,1623,1623,0,0,0,0,0,0,1,0,0,0,2496,detection,
2496110,11,6,1623,1623,0,0,0,0,0,0,2,0,0,0,2496,detection,
2498698,17,21,512,512,0,0,0,0,0,0,0,0,0,0,2498,detection,
2503004,7,25,1916,1055,861,0,100,100,46,0,1,0,82,75,2503,detection,
2526384,9,12,1649,1649,0,0,0,0,0,0,2,0,0,0,2526,detection,
2528021,15,9,1324,1324,0,0,0,0,0,0,5,0,0,0,2528,detection,
2529421,4,27,1012,512,500,0,100,100,20,0,0,0,82,75,2529,detection,
2530939,2,19,512,512,0,0,0,0,0,0,3,0,0,0,2530,detection,
2534988,14,24,1636,1128,508,0,100,100,7,0,0,0,82,75,2534,detection,
2542909,21,17,867,867,0,0,0,0,0,0,0,0,0,0,2542,detection,
2544410,21,4,525,525,0,0,0,0,0,0,0,0,0,0,2544,detection,
2544456,16,26,1764,1709,55,0,21,100,7,33,0,0,95,100,2544,detection,
2550111,14,20,775,775,0,0,0,0,0,0,2,0,0,0,2550,detection,
2550184,10,20,775,775,0,0,0,0,0,0,2,0,0,0,2550,detection,
2553383,9,14,1094,1094,0,0,0,0,0,0,7,0,0,0,2553,detection,
2555127,7,13,813,813,0,0,0,0,0,0,1,0,0,0,2555,detection,
2566028,5,8,1333,1333,0,0,0,0,0,0,1,0,0,0,2566,detection,
2566276,6,11,1748,1748,0,0,0,0,0,0,0,0,0,0,2566,detection,
2569141,12,15,1433,1433,0,0,0,0,0,0,1,0,0,0,2569,detection,
2570561,2,10,768,768,0,0,0,0,0,0,10,0,0,0,2570,detection,
2570961,8,25,1936,1055,881,0,100,100,46,0,0,0,82,75,2570,detection,
2573649,15,6,1623,1623,0,0,0,0,0,0,4,0,0,0,2573,detection,
2573934,10,2,512,512,0,0,0,0,0,0,5,0,0,0,2573,detection,
2575026,15,30,2166,1312,854,0,100,100,15,0,2,0,82,75,2575,detection,
2581333,16,31,1489,1063,426,0,100,100,19,16,1,0,82,75,2581,detection,
2585572,22,29,2491,1641,850,0,100,100,16,0,6,0,82,75,2585,detection,
2602528,6,12,1641,1641,0,0,0,0,0,0,2,0,0,0,2602,detection,
2619562,2,3,781,781,0,0,0,0,0,0,2,0,0,0,2619,detection,
2622139,19,4,523,523,0,0,0,0,0,0,0,0,0,0,2622,detection,
2637856,3,17,832,832,0,0,0,0,0,0,1,0,0,0,2637,detection,
2643324,22,18,1830,1830,0,0,0,0,0,0,0,0,0,0,2643,detection,
2643330,16,18,1830,1830,0,0,0,0,0,0,0,0,0,0,2643,detection,
2644823,22,26,1784,1696,88,0,34,82,15,33,0,0,89,100,2644,detection,
2645966,1,2,512,512,0,0,0,0,0,0,3,0,0,0,2645,detection,
2645979,3,2,512,512,0,0,0,0,0,0,4,0,0,0,2645,detection,
2646013,19,2,512,512,0,0,0,0,0,0,3,0,0,0,2646,detection,
2646039,20,2,512,512,0,0,0,0,0,0,5,0,0,0,2646,detection,
2646056,10,2,512,512,0,0,0,0,0,0,4,0,0,0,2646,detection,
2646060,13,2,512,512,0,0,0,0,0,0,3,0,0,0,2646,detection,
2646292,4,21,512,512,0,0,0,0,0,0,0,0,0,0,2646,detection,
2654512,9,24,1656,1105,551,0,100,100,13,0,0,0,82,75,2654,detection,
2658398,18,29,2511,1641,870,0,100,100,21,0,6,0,82,75,2658,detection,
2669960,8,5,1315,1315,0,0,0,0,0,0,0,0,0,0,2669,detection,
2677359,14,25,1956,1055,901,0,100,100,28,0,0,0,82,75,2677,detection,
2695182,13,2,512,512,0,0,0,0,0,0,3,0,0,0,2695,detection,
2695764,12,11,1737,1737,0,0,0,0,0,0,0,0,0,0,2695,detection,
2695774,15,11,1737,1737,0,0,0,0,0,0,4,0,0,0,2695,detection,
2695778,6,11,1737,1737,0,0,0,0,0,0,0,0,0,0,2695,detection,
2695861,14,15,1449,1449,0,0,0,0,0,0,5,0,0,0,2695,detection,
2695862,11,15,1449,1449,0,0,0,0,0,0,4,0,0,0,2695,detection,
2695889,12,15,1449,1449,0,0,0,0,0,0,1,0,0,0,2695,detection,
2695902,6,15,1449,1449,0,0,0,0,0,0,4,0,0,0,2695,detection,
2700235,14,6,1620,1620,0,0,0,0,0,0,1,0,0,0,2700,detection,
2700581,8,5,1315,1315,0,0,0,0,0,0,0,0,0,0,2700,detection,
2700628,7,5,1315,1315,0,0,0,0,0,0,1,0,0,0,2700,detection,
2707918,20,23,1558,851,707,0,100,100,36,0,2,0,82,55,2707,detection,
2713634,9,6,1474,1474,0,0,0,0,0,0,9,0,0,0,2713,detection,
2713638,12,6,1474,1474,0,0,0,0,0,0,1,0,0,0,2713,detection,
2713648,15,6,1474,1474,0,0,0,0,0,0,7,0,0,0,2713,detection,
2713734,11,6,1474,1474,0,0,0,0,0,0,5,0,0,0,2713,detection,
2715071,22,18,1830,1830,0,0,0,0,0,0,0,0,0,0,2715,detection,
2716399,15,14,1069,1069,0,0,0,0,0,0,13,0,0,0,2716,detection,
2718893,18,22,1680,1680,0,0,0,0,0,0,3,0,0,0,2718,detection,
2718957,16,22,1680,1680,0,0,0,0,0,0,1,0,0,0,2718,detection,
2721860,14,6,1455,1455,0,0,0,0,0,0,5,0,0,0,2721,detection,
2721861,11,6,1455,1455,0,0,0,0,0,0,5,0,0,0,2721,detection,
2721884,9,6,1455,1455,0,0,0,0,0,0,9,0,0,0,2721,detection,
2721888,12,6,1455,1455,0,0,0,0,0,0,1,0,0,0,2721,detection,
2721899,15,6,1455,1455,0,0,0,0,0,0,3,0,0,0,2721,detection,
2723374,1,21,512,512,0,0,0,0,0,0,0,0,0,0,2723,detection,
2723419,4,21,512,512,0,0,0,0,0,0,0,0,0,0,2723,detection,
2723449,17,21,512,512,0,0,0,0,0,0,0,0,0,0,2723,detection,
2723481,3,21,512,512,0,0,0,0,0,0,0,0,0,0,2723,detection,
2724071,22,9,1350,1350,0,0,0,0,0,0,1,0,0,0,2724,detection,
2729820,22,16,1757,1757,0,0,0,0,0,0,6,0,0,0,2729,detection,
2734859,14,6,1455,1455,0,0,0,0,0,0,5,0,0,0,2734,detection,
2734860,11,6,1455,1455,0,0,0,0,0,0,5,0,0,0,2734,detection,
2734884,9,6,1455,1455,0,0,0,0,0,0,9,0,0,0,2734,detection,
2734888,12,6,1455,1455,0,0,0,0,0,0,1,0,0,0,2734,detection,
2734898,15,6,1455,1455,0,0,0,0,0,0,3,0,0,0,2734,detection,
2739770,18,26,1804,1696,108,0,41,100,25,33,1,0,82,75,2739,detection,
2744763,12,11,1741,1741,0,0,0,0,0,0,0,0,0,0,2744,detection,
2746087,8,30,2186,1312,874,0,100,100,26,0,0,0,82,75,2746,detection,
2764641,12,29,2531,1641,890,0,100,100,16,0,6,0,82,75,2764,detection,
2766543,4,19,512,512,0,0,0,0,0,0,0,0,0,0,2766,detection,
2769483,14,6,1455,1455,0,0,0,0,0,0,1,0,0,0,2769,detection,
2769484,11,6,1455,1455,0,0,0,0,0,0,4,0,0,0,2769,detection,
2769510,9,6,1455,1455,0,0,0,0,0,0,5,0,0,0,2769,detection,
2769516,12,6,1455,1455,0,0,0,0,0,0,1,0,0,0,2769,detection,
2769522,15,6,1455,1455,0,0,0,0,0,0,3,0,0,0,2769,detection,
2772190,2,28,1072,512,560,0,100,100,39,0,3,0,82,75,2772,detection,
2777448,22,16,1757,1757,0,0,0,0,0,0,6,0,0,0,2777,detection,
2777520,18,16,1757,1757,0,0,0,0,0,0,7,0,0,0,2777,detection,
2780986,11,12,1635,1635,0,0,0,0,0,0,1,0,0,0,2780,detection,
2783148,18,26,1824,1696,128,0,49,100,5,33,1,0,82,75,2783,detection,
2783197,22,26,1824,1696,128,0,50,100,10,33,0,0,82,75,2783,detection,
2783208,16,26,1824,1696,128,0,50,100,19,33,0,0,82,75,2783,detection,
2786058,10,20,779,779,0,0,0,0,0,0,1,0,0,0,2786,detection,
2789771,18,22,1680,1680,0,0,0,0,0,0,3,0,0,0,2789,detection,
2800662,21,27,1052,512,540,0,100,100,20,0,0,0,82,75,2800,detection,
2802185,13,10,768,768,0,0,0,0,0,0,5,0,0,0,2802,detection,
2809395,18,16,1755,1755,0,0,0,0,0,0,7,0,0,0,2809,detection,
2813184,10,23,1578,851,727,0,100,100,37,0,1,0,82,55,2813,detection,
2814697,17,21,512,512,0,0,0,0,0,0,0,0,0,0,2814,detection,
2817937,13,25,1996,1069,927,0,100,100,46,0,0,0,82,75,2817,detection,
2817961,8,25,1996,1069,927,0,100,100,11,0,0,0,82,75,2817,detection,
2817988,14,25,1996,1069,927,0,100,100,6,0,0,0,82,75,2817,detection,
2818001,7,25,1996,1069,927,0,100,100,16,0,1,0,82,75,2818,detection,
2818029,5,25,1996,1069,927,0,100,100,23,0,0,0,82,75,2818,detection,
2819530,6,11,1741,1741,0,0,0,0,0,0,1,0,0,0,2819,detection,
2826984,11,6,1455,1455,0,0,0,0,0,0,4,0,0,0,2826,detection,
2826987,14,6,1455,1455,0,0,0,0,0,0,1,0,0,0,2826,detection,
2827007,9,6,1455,1455,0,0,0,0,0,0,4,0,0,0,2827,detection,
2827016,12,6,1455,1455,0,0,0,0,0,0,1,0,0,0,2827,detection,
2827021,15,6,1455,1455,0,0,0,0,0,0,2,0,0,0,2827,detection,
2829400,15,24,1696,1105,591,0,100,100,31,0,3,0,82,75,2829,detection,
2835771,15,6,1455,1455,0,0,0,0,0,0,2,0,0,0,2835,detection,
2865439,2,27,1072,512,560,0,100,100,63,0,3,0,82,75,2865,detection,
2867251,7,28,1092,512,580,0,100,100,40,0,1,0,82,75,2867,detection,
2870948,17,27,1092,512,580,0,100,100,26,0,0,0,82,75,2870,detection,
2871038,21,27,1092,512,580,0,100,100,10,0,0,0,82,75,2871,detection,
2871047,4,27,1092,512,580,0,100,100,20,0,0,0,82,75,2871,detection,
2871048,1,27,1092,512,580,0,100,100,72,0,0,0,82,75,2871,detection,
2871061,2,27,1092,512,580,0,100,100,4,0,3,0,82,75,2871,detection,
2873010,19,2,512,512,0,0,0,0,0,0,3,0,0,0,2873,detection,
2873289,20,10,844,844,0,0,0,0,0,0,1,0,0,0,2873,detection,
2874730,3,17,825,825,0,0,0,0,0,0,1,0,0,0,2874,detection,
2876434,13,10,844,844,0,0,0,0,0,0,4,0,0,0,2876,detection,
2876435,2,10,844,844,0,0,0,0,0,0,9,0,0,0,2876,detection,
2876498,7,10,844,844,0,0,0,0,0,0,2,0,0,0,2876,detection,
2876541,20,10,844,844,0,0,0,0,0,0,0,0,0,0,2876,detection,
2889522,15,11,1741,1741,0,0,0,0,0,0,4,0,0,0,2889,detection,
2890210,8,30,2206,1312,894,0,100,100,5,0,0,0,82,75,2890,detection,
2890648,15,9,1350,1350,0,0,0,0,0,0,5,0,0,0,2890,detection,
2892058,13,7,1129,1129,0,0,0,0,0,0,0,0,0,0,2892,detection,
2894037,21,4,521,521,0,0,0,0,0,0,0,0,0,0,2894,detection,
2896018,1,28,1112,512,600,0,100,100,57,0,0,0,82,75,2896,detection,
2896060,13,28,1112,512,600,0,100,100,57,0,0,0,82,75,2896,detection,
2896062,2,28,1112,512,600,0,100,100,9,0,3,0,82,75,2896,detection,
2896128,7,28,1112,512,600,0,100,100,5,0,1,0,82,75,2896,detection,
2896141,19,28,1112,512,600,0,100,100,57,0,0,0,82,75,2896,detection,
2896778,5,7,1129,1129,0,0,0,0,0,0,5,0,0,0,2896,detection,
2896807,10,7,1129,1129,0,0,0,0,0,0,1,0,0,0,2896,detection,
2898933,13,19,512,512,0,0,0,0,0,0,1,0,0,0,2898,detection,
2901309,2,13,800,800,0,0,0,0,0,0,5,0,0,0,2901,detection,
2905270,18,29,2551,1625,926,0,100,100,13,0,6,0,82,75,2905,detection,
2911460,8,5,1387,1387,0,0,0,0,0,0,0,0,0,0,2911,detection,
2919584,16,26,1844,1716,128,0,50,100,0,33,0,0,82,75,2919,detection,
2921148,15,12,1632,1632,0,0,0,0,0,0,4,0,0,0,2921,detection,
2926230,3,21,512,512,0,0,0,0,0,0,0,0,0,0,2926,detection,
2937953,17,27,1112,512,600,0,100,100,5,0,0,0,82,75,2937,detection,
2940183,13,28,1132,512,620,0,100,100,5,0,0,0,82,75,2940,detection,
2945403,5,8,1328,1328,0,0,0,0,0,0,0,0,0,0,2945,detection,
2948542,20,25,2016,1131,885,0,100,100,34,0,1,0,82,75,2948,detection,
2951112,11,6,1455,1455,0,0,0,0,0,0,4,0,0,0,2951,detection,
2951140,12,6,1455,1455,0,0,0,0,0,0,1,0,0,0,2951,detection,
2951146,15,6,1455,1455,0,0,0,0,0,0,2,0,0,0,2951,detection,
2953935,10,2,512,512,0,0,0,0,0,0,4,0,0,0,2953,detection,
2955859,11,6,1455,1455,0,0,0,0,0,0,4,0,0,0,2955,detection,
2964752,7,10,822,822,0,0,0,0,0,0,2,0,0,0,2964,detection,
2975573,22,18,2043,2043,0,0,0,0,0,0,0,0,0,0,2975,detection,
2975611,14,30,2226,1312,914,0,100,100,50,0,0,0,82,75,2975,detection,
2979699,22,26,1864,1701,163,0,63,100,9,33,0,0,82,75,2979,detection,
2995320,22,16,1771,1771,0,0,0,0,0,0,5,0,0,0,2995,detection,
2995902,6,12,1630,1630,0,0,0,0,0,0,4,0,0,0,2995,detection,
2998810,2,3,780,780,0,0,0,0,0,0,1,0,0,0,2998,detection,
3001013,9,24,1716,1107,609,0,100,100,15,0,0,0,82,75,3001,detection,
3016757,9,14,1041,1041,0,0,0,0,0,0,7,0,0,0,3016,detection,
3016776,15,14,1041,1041,0,0,0,0,0,0,13,0,0,0,3016,detection,
3016778,6,14,1041,1041,0,0,0,0,0,0,12,0,0,0,3016,detection,
3016792,20,14,1041,1041,0,0,0,0,0,0,7,0,0,0,3016,detection,
3021889,12,11,1727,1727,0,0,0,0,0,0,0,0,0,0,3021,detection,
3025261,19,4,518,518,0,0,0,0,0,0,0,0,0,0,3025,detection,
3028670,4,27,1132,512,620,0,100,100,10,0,0,0,82,75,3028,detection,
3043588,8,25,2036,1124,912,0,100,100,3,0,0,0,82,75,3043,detection,
3059073,17,3,780,780,0,0,0,0,0,0,0,0,0,0,3059,detection,
3060584,8,5,1385,1385,0,0,0,0,0,0,0,0,0,0,3060,detection,
3061510,9,6,1404,1404,0,0,0,0,0,0,4,0,0,0,3061,detection,
3064396,18,26,1884,1701,183,0,70,100,14,33,1,0,82,75,3064,detection,
3078147,15,24,1736,1107,629,0,100,100,9,0,3,0,82,75,3078,detection,
3078169,20,24,1736,1107,629,0,100,100,59,0,2,0,82,55,3078,detection,
3078197,22,24,1736,1107,629,0,100,100,41,0,1,0,82,75,3078,detection,
3078237,14,24,1736,1107,629,0,100,100,31,0,0,0,82,75,3078,detection,
3082147,15,29,2571,1625,946,0,100,100,33,0,7,0,82,75,3082,detection,
3088134,9,22,1669,1669,0,0,0,0,0,0,2,0,0,0,3088,detection,
3089663,21,17,813,813,0,0,0,0,0,0,0,0,0,0,3089,detection,
3099876,7,8,1328,1328,0,0,0,0,0,0,2,0,0,0,3099,detection,
3099899,5,8,1328,1328,0,0,0,0,0,0,1,0,0,0,3099,detection,
3106363,11,12,1630,1630,0,0,0,0,0,0,1,0,0,0,3106,detection,
3106387,9,12,1630,1630,0,0,0,0,0,0,1,0,0,0,3106,detection,
3106403,6,12,1630,1630,0,0,0,0,0,0,3,0,0,0,3106,detection,
3112307,13,2,512,512,0,0,0,0,0,0,3,0,0,0,3112,detection,
3117433,10,20,768,768,0,0,0,0,0,0,1,0,0,0,3117,detection,
3129210,16,26,1904,1695,209,0,81,100,21,33,0,0,82,75,3129,detection,
3129732,1,19,512,512,0,0,0,0,0,0,0,0,0,0,3129,detection,
3129794,4,19,512,512,0,0,0,0,0,0,0,0,0,0,3129,detection,
3129808,13,19,512,512,0,0,0,0,0,0,0,0,0,0,3129,detection,
3133889,1,4,518,518,0,0,0,0,0,0,0,0,0,0,3133,detection,
3134013,19,4,518,518,0,0,0,0,0,0,0,0,0,0,3134,detection,
3141141,19,28,1172,512,660,0,100,100,15,0,0,0,82,75,3141,detection,
3142409,21,4,518,518,0,0,0,0,0,0,0,0,0,0,3142,detection,
3142685,13,10,811,811,0,0,0,0,0,0,1,0,0,0,3142,detection,
3146946,22,29,2591,1623,968,0,100,100,27,0,6,0,82,75,3146,detection,
3148026,15,30,2266,1312,954,0,100,100,25,0,2,0,82,75,3148,detection,
3148250,7,5,1385,1385,0,0,0,0,0,0,1,0,0,0,3148,detection,
3149603,3,17,804,804,0,0,0,0,0,0,0,0,0,0,3149,detection,
3162915,20,23,1638,834,804,0,100,100,24,0,2,0,82,55,3162,detection,
3163949,22,31,1589,1064,525,0,100,100,46,33,0,0,82,75,3163,detection,
3163951,17,31,1589,1064,525,0,100,100,35,16,0,0,82,75,3163,detection,
3163959,16,31,1589,1064,525,0,100,100,25,16,1,0,82,75,3163,detection,
3163982,3,31,1589,1064,525,0,100,100,42,50,4,0,82,75,3163,detection,
3165522,18,16,1868,1868,0,0,0,0,0,0,8,0,0,0,3165,detection,
3168234,11,6,1404,1404,0,0,0,0,0,0,0,0,0,0,3168,detection,
3168446,22,18,2000,2000,0,0,0,0,0,0,4,0,0,0,3168,detection,
3168457,16,18,2000,2000,0,0,0,0,0,0,3,0,0,0,3168,detection,
3168730,3,27,1152,512,640,0,100,100,88,0,0,0,82,75,3168,detection,
3169043,4,21,512,512,0,0,0,0,0,0,0,0,0,0,3169,detection,
3173946,22,18,1993,1993,0,0,0,0,0,0,4,0,0,0,3173,detection,
3173957,16,18,1993,1993,0,0,0,0,0,0,3,0,0,0,3173,detection,
3174028,6,11,1727,1727,0,0,0,0,0,0,1,0,0,0,3174,detection,
3174383,9,22,1651,1651,0,0,0,0,0,0,5,0,0,0,3174,detection,
3174394,18,22,1651,1651,0,0,0,0,0,0,7,0,0,0,3174,detection,
3174458,16,22,1651,1651,0,0,0,0,0,0,5,0,0,0,3174,detection,
3182999,7,13,793,793,0,0,0,0,0,0,1,0,0,0,3182,detection,
3188213,8,30,2286,1312,974,0,100,100,20,0,0,0,82,75,3188,detection,
3188236,14,30,2286,1312,974,0,100,100,15,0,0,0,82,75,3188,detection,
3188278,6,30,2286,1312,974,0,100,100,40,0,1,0,82,75,3188,detection,
3188321,22,18,1947,1947,0,0,0,0,0,0,4,0,0,0,3188,detection,
3188331,16,18,1947,1947,0,0,0,0,0,0,3,0,0,0,3188,detection,
3192582,16,22,1646,1646,0,0,0,0,0,0,4,0,0,0,3192,detection,
3198274,15,12,1628,1628,0,0,0,0,0,0,4,0,0,0,3198,detection,
3208207,16,22,1646,1646,0,0,0,0,0,0,1,0,0,0,3208,detection,
3208985,14,30,2306,1312,994,0,100,100,5,0,0,0,82,75,3208,detection,
3216003,7,28,1192,512,680,0,100,100,20,0,1,0,82,75,3216,detection,
3219524,18,29,2611,1566,1045,0,100,100,27,0,7,0,82,75,3219,detection,
3221185,2,19,512,512,0,0,0,0,0,0,3,0,0,0,3221,detection,
3221395,18,22,1646,1646,0,0,0,0,0,0,2,0,0,0,3221,detection,
3221455,16,22,1646,1646,0,0,0,0,0,0,0,0,0,0,3221,detection,
3221509,9,22,1646,1646,0,0,0,0,0,0,5,0,0,0,3221,detection,
3225703,17,31,1609,1049,560,0,100,100,9,0,0,0,82,75,3225,detection,
3227901,15,24,1776,1099,677,0,100,100,11,0,3,0,82,75,3227,detection,
3229199,22,26,1924,1695,229,0,86,100,16,33,2,0,82,75,3229,detection,
3238790,21,27,1172,512,660,0,100,100,20,0,0,0,82,75,3238,detection,
3244521,15,9,1297,1297,0,0,0,0,0,0,5,0,0,0,3244,detection,
3247525,6,15,1340,1340,0,0,0,0,0,0,6,0,0,0,3247,detection,
3258793,20,25,2076,1121,955,0,100,100,17,0,1,0,82,75,3258,detection,
3259731,3,17,796,796,0,0,0,0,0,0,0,0,0,0,3259,detection,
3267510,9,22,1642,1642,0,0,0,0,0,0,5,0,0,0,3267,detection,
3276934,13,7,1110,1110,0,0,0,0,0,0,0,0,0,0,3276,detection,
3282513,19,4,515,515,0,0,0,0,0,0,0,0,0,0,3282,detection,
3290586,8,30,2326,1310,1016,0,100,100,10,0,0,0,82,75,3290,detection,
3292071,22,18,1938,1938,0,0,0,0,0,0,4,0,0,0,3292,detection,
3292082,16,18,1938,1938,0,0,0,0,0,0,3,0,0,0,3292,detection,
3295861,11,6,1404,1404,0,0,0,0,0,0,0,0,0,0,3295,detection,
3301323,22,31,1629,1123,506,0,100,100,4,0,2,0,82,75,3301,detection,
3306418,20,23,1678,836,842,0,100,100,9,0,2,0,82,55,3306,detection,
3306435,10,23,1678,836,842,0,100,100,29,0,0,0,82,55,3306,detection,
3306440,2,23,1678,836,842,0,100,100,86,0,4,0,82,55,3306,detection,
3312019,18,26,1944,1685,259,0,97,100,19,16,2,0,82,75,3312,detection,
3319683,10,2,512,512,0,0,0,0,0,0,4,0,0,0,3319,detection,
3321278,5,8,1377,1377,0,0,0,0,0,0,0,0,0,0,3321,detection,
3321639,12,11,1720,1720,0,0,0,0,0,0,0,0,0,0,3321,detection,
3328538,20,10,789,789,0,0,0,0,0,0,1,0,0,0,3328,detection,
3331917,4,21,512,512,0,0,0,0,0,0,0,0,0,0,3331,detection,
3345811,2,3,768,768,0,0,0,0,0,0,1,0,0,0,3345,detection,
3350404,6,12,1624,1624,0,0,0,0,0,0,3,0,0,0,3350,detection,
3350766,12,29,2631,1566,1065,0,100,100,43,0,2,0,82,75,3350,detection,
3364134,9,22,1642,1642,0,0,0,0,0,0,5,0,0,0,3364,detection,
3364145,18,22,1642,1642,0,0,0,0,0,0,2,0,0,0,3364,detection,
3369737,14,24,1796,1092,704,0,100,100,19,0,0,0,82,75,3369,detection,
3371769,18,16,1928,1928,0,0,0,0,0,0,8,0,0,0,3371,detection,
3375738,14,25,2096,1116,980,0,100,100,13,0,0,0,82,75,3375,detection,
3386041,20,28,1232,512,720,0,100,100,56,0,1,0,82,75,3386,detection,
3389794,4,19,512,512,0,0,0,0,0,0,0,0,0,0,3389,detection,
3391197,22,18,1930,1930,0,0,0,0,0,0,4,0,0,0,3391,detection,
3391204,16,18,1930,1930,0,0,0,0,0,0,0,0,0,0,3391,detection,
3391901,6,9,1297,1297,0,0,0,0,0,0,3,0,0,0,3391,detection,
3396078,17,27,1192,512,680,0,100,100,20,0,0,0,82,75,3396,detection,
3397708,8,5,1385,1385,0,0,0,0,0,0,0,0,0,0,3397,detection,
3404333,16,26,1964,1685,279,0,100,100,18,33,0,0,82,75,3404,detection,
3409028,6,30,2346,1308,1038,0,100,100,16,0,1,0,82,75,3409,detection,
3416683,13,2,512,512,0,0,0,0,0,0,1,0,0,0,3416,detection,
3422632,9,6,1374,1374,0,0,0,0,0,0,4,0,0,0,3422,detection,
3434524,15,29,2651,1564,1087,0,100,100,32,0,7,0,82,75,3434,detection,
3445571,22,16,1928,1928,0,0,0,0,0,0,6,0,0,0,3445,detection,
3446828,1,4,515,515,0,0,0,0,0,0,0,0,0,0,3446,detection,
3449136,9,24,1816,1092,724,0,100,100,29,0,0,0,82,75,3449,detection,
3461432,13,7,1100,1100,0,0,0,0,0,0,0,0,0,0,3461,detection,
3461433,10,7,1100,1100,0,0,0,0,0,0,0,0,0,0,3461,detection,
3473435,2,13,785,785,0,0,0,0,0,0,5,0,0,0,3473,detection,
3473498,7,13,785,785,0,0,0,0,0,0,1,0,0,0,3473,detection,
3474881,9,14,1125,1125,0,0,0,0,0,0,7,0,0,0,3474,detection,
3475075,17,3,768,768,0,0,0,0,0,0,0,0,0,0,3475,detection,
3486146,15,11,1720,1720,0,0,0,0,0,0,4,0,0,0,3486,detection,
3488530,5,25,2116,1114,1002,0,100,100,19,0,0,0,82,75,3488,detection,
3488540,20,25,2116,1114,1002,0,100,100,12,0,1,0,82,75,3488,detection,
3488562,13,25,2116,1114,1002,0,100,100,19,0,0,0,82,75,3488,detection,
3488562,10,25,2116,1114,1002,0,100,100,77,0,4,0,82,75,3488,detection,
3488585,8,25,2116,1114,1002,0,100,100,23,0,0,0,82,75,3488,detection,
3488612,14,25,2116,1114,1002,0,100,100,5,0,0,0,82,75,3488,detection,
3488629,7,25,2116,1114,1002,0,100,100,19,0,0,0,82,75,3488,detection,
3489014,12,15,1324,1324,0,0,0,0,0,0,1,0,0,0,3489,detection,
3497985,11,12,1622,1622,0,0,0,0,0,0,1,0,0,0,3497,detection,
3515838,8,25,2136,1114,1022,0,100,100,5,0,0,0,82,75,3515,detection,
3518273,15,9,1381,1381,0,0,0,0,0,0,5,0,0,0,3518,detection,
3525264,12,29,2671,1561,1110,0,100,100,11,0,2,0,82,75,3525,detection,
3537285,21,4,513,513,0,0,0,0,0,0,0,0,0,0,3537,detection,
3539933,13,10,777,777,0,0,0,0,0,0,1,0,0,0,3539,detection,
3543731,3,27,1212,512,700,0,100,100,15,0,0,0,82,75,3543,detection,
3562085,8,5,1385,1385,0,0,0,0,0,0,0,0,0,0,3562,detection,
3563073,22,18,1923,1923,0,0,0,0,0,0,0,0,0,0,3563,detection,
3565861,11,6,1374,1374,0,0,0,0,0,0,0,0,0,0,3565,detection,
3565889,12,6,1374,1374,0,0,0,0,0,0,1,0,0,0,3565,detection,
3567685,2,13,783,783,0,0,0,0,0,0,3,0,0,0,3567,detection,
3590654,5,25,2156,1114,1042,0,100,100,10,0,0,0,82,75,3590,detection,
3596902,5,8,1366,1366,0,0,0,0,0,0,0,0,0,0,3596,detection,
3597809,13,7,1095,1095,0,0,0,0,0,0,0,0,0,0,3597,detection,
